period,cost,policy,cycle_id,source,event_id,entry_origin,entry_date,entry_idx,entry_raw,entry_price,entry_quantity,entry_equity,buy_debit,entry_fee,sell_net_cny,sell_fees,dividend_cny,exit_date,status,stop_index,target_index,entry_net_reward_risk,exit_idx,exit_reason,holding_sessions,net_pnl,net_return,score,fit_index,predicted_win_probability,predicted_payoff,predicted_p_times_b,predicted_net_expectation,technical_features_on_path,macro_features_on_path,fx_features_on_path,daily_hist_atr,weekly_hist_atr,ema_distance_atr,momentum5_scaled,log_relative_volume,up_volume_balance5,log_rv_ratio,body_efficiency,pmi_orders_level,pmi_orders_change,funding_gap_pp,funding_gap_change5,financing_net_change5,financing_buy_activity,fixing_deviation_log_bp,fixing_deviation_change5_log_bp,orders_reference_period,orders_available_at,fund_stat_date,margin_stat_date,weekly_last_date,fx_stat_date,fx_available_at,cnh_bid_close,fixing_value
2015_2019,BASE,TECH_COMMON_TREE,1,FIRST_PASSAGE,TECH_COMMON_TREE_1726,2019-07-01,2019-07-02,1727,3.954,3.956,20100,200000.0,79531.50312000001,15.903120000000001,77047.98732000001,15.412680000000002,0.0,2019-07-09,COMPLETE,4.216142857142858,4.4107142857142865,,1732,FIRST_PASSAGE_LOSS_CLOSE,5,-2483.5157999999938,-0.031226818337040295,82.563864571034,1726.0,0.8256386457103401,1.2327878751896346,1.0178373117196977,0.02022125721145252,log_rv_ratio|weekly_hist_atr,,,0.39122112224447353,-0.08715451226712354,2.705222024134579,0.9139628144528924,0.42632341107940713,0.1567360190838574,-0.17276777435588672,0.5818181818181853,-0.3999999999999986,-0.19999999999999574,0.013600000000000279,0.28710000000000013,0.0009549183638413172,-0.3450696587719209,-10.871836395287641,-30.043772460862968,2019-06,2019-06-30 09:00:00+08:00,2019-06-28,2019-06-28,2019-06-28,2019-06-28,2019-06-30 23:59:00+08:00,6.86723,6.8747
2015_2019,BASE,TECH_COMMON_TREE,2,FIRST_PASSAGE,TECH_COMMON_TREE_1756,2019-08-12,2019-08-13,1757,3.727,3.729,22700,197516.4842,84665.22966,16.929660000000002,87354.82554,17.47446,0.0,2019-08-20,COMPLETE,3.999571428571429,4.162857142857143,,1762,FIRST_PASSAGE_PROFIT_CLOSE,5,2689.595880000008,0.03176741964559632,82.50595908526527,1749.0,0.8250595908526527,1.4962506076142095,1.2344959141312126,0.020116996236731133,log_rv_ratio|weekly_hist_atr,,,-0.350562141861664,-0.14032447180998328,-0.7141566151086617,0.2633338931559748,-0.44041577608607396,-0.3989623808416257,-0.36672772249576047,0.8421052631578886,-0.20000000000000284,0.19999999999999574,0.07730000000000015,-0.008199999999999985,-0.015423058108313126,-0.15868128201060658,117.49174318590357,2.5825679726003727,2019-07,2019-07-31 09:00:00+08:00,2019-08-09,2019-08-09,2019-08-09,2019-08-09,2019-08-11 23:59:00+08:00,7.09649,7.0136
2015_2019,BASE,TECH_COMMON_TREE,3,FIRST_PASSAGE,TECH_COMMON_TREE_1762,2019-08-20,2019-08-21,1763,3.841,3.843,25000,200206.08008,96094.215,19.215,99436.56488,40.13512,0.0,2019-09-06,COMPLETE,4.105785714285714,4.292428571428571,,1775,FIRST_PASSAGE_PROFIT_CLOSE,12,3342.349880000009,0.03478200930201687,82.50595908526527,1749.0,0.8250595908526527,1.4962506076142095,1.2344959141312126,0.020116996236731133,log_rv_ratio|weekly_hist_atr,,,0.13411013215063508,-0.1394139505989947,0.8151124280031908,1.299831948202652,-0.19815575025658955,0.6636326473778738,-0.22787949959898102,-0.3333333333333333,-0.20000000000000284,0.19999999999999574,0.12450000000000028,0.013100000000000112,0.012754333911979332,0.07115273810333181,17.109033022907884,-100.38271016299569,2019-07,2019-07-31 09:00:00+08:00,2019-08-19,2019-08-19,2019-08-16,2019-08-16,2019-08-18 23:59:00+08:00,7.04324,7.0312
2015_2019,BASE,TECH_COMMON_TREE,4,FIRST_PASSAGE,TECH_COMMON_TREE_1775,2019-09-06,2019-09-09,1776,4.048,4.051,18100,203548.42996000004,73337.76462,14.664620000000001,72512.19466,14.50534,0.0,2019-09-12,COMPLETE,4.328857142857143,4.4672857142857145,,1779,FIRST_PASSAGE_LOSS_CLOSE,3,-825.569960000008,-0.011257091953616297,84.20189644929485,1771.0,0.8420189644929484,1.1956077197862778,1.006724374154217,0.021197734125496224,log_rv_ratio,,,0.42995370263535404,-0.10842455661287662,3.0288617245324576,2.1834068120828096,0.0511679950112465,1.0,-0.4441369325663446,0.4516129032258185,-0.29999999999999716,-0.09999999999999432,0.07390000000000008,-0.0472999999999999,0.017836558311685513,0.48862107965248314,122.69937752773109,4.742257993457301,2019-08,2019-08-31 00:01:00+08:00,2019-09-05,2019-09-05,2019-08-30,2019-09-03,2019-09-05 23:59:00+08:00,7.17591,7.0884
2015_2019,BASE,TECH_COMMON_TREE,5,FIRST_PASSAGE,TECH_COMMON_TREE_1779,2019-09-12,2019-09-16,1780,4.046,4.049,18000,202722.86000000004,72896.5764,14.576400000000001,71337.7296,14.2704,0.0,2019-09-18,COMPLETE,4.3227142857142855,4.473571428571429,,1782,FIRST_PASSAGE_LOSS_CLOSE,2,-1558.8467999999993,-0.021384362297705923,84.20189644929485,1771.0,0.8420189644929484,1.1956077197862778,1.006724374154217,0.021197734125496224,log_rv_ratio,,,0.30048479406995704,0.004234928375015574,2.1792167983940502,0.610264290663149,-0.20315731974514234,0.23540765996639118,-0.4701135072806905,0.63636363636364,-0.29999999999999716,-0.09999999999999432,0.09240000000000004,0.056400000000000006,0.028959316773448318,0.6117193854775812,47.297323627519184,-98.3852023530161,2019-08,2019-08-31 00:01:00+08:00,2019-09-11,2019-09-11,2019-09-06,2019-09-09,2019-09-11 23:59:00+08:00,7.11869,7.0851
2015_2019,BASE,TECH_COMMON_TREE,6,FIRST_PASSAGE,TECH_COMMON_TREE_1782,2019-09-18,2019-09-19,1783,3.984,3.986,18300,201164.01320000004,72958.38876,14.58876,72215.65398,14.446020000000003,0.0,2019-09-26,COMPLETE,4.261357142857142,4.410285714285714,,1788,FIRST_PASSAGE_LOSS_CLOSE,5,-742.7347799999989,-0.010180251957636555,84.20189644929485,1771.0,0.8420189644929484,1.1956077197862778,1.006724374154217,0.021197734125496224,log_rv_ratio,,,0.014119587243751909,0.07324839039686194,0.5321175294881696,-0.8115673895979426,-0.2805416958956049,-0.3492308800215567,-0.46173099320418143,0.07692307692306904,-0.29999999999999716,-0.09999999999999432,0.06020000000000003,-0.04360000000000008,0.014282829787445994,0.4386605121098572,-34.00462091170524,-60.74183219691001,2019-08,2019-08-31 00:01:00+08:00,2019-09-17,2019-09-17,2019-09-12,2019-09-12,2019-09-14 23:59:00+08:00,7.06055,7.0846
2015_2019,BASE,TECH_COMMON_TREE,7,FIRST_PASSAGE,TECH_COMMON_TREE_1788,2019-09-26,2019-09-27,1789,3.913,3.915,18500,200421.27842000005,72441.9855,14.4855,71617.6736,14.326400000000001,0.0,2019-10-08,COMPLETE,4.197214285714286,4.325571428571428,,1791,FIRST_PASSAGE_LOSS_CLOSE,2,-824.3119000000006,-0.01137892472591051,84.20189644929485,1771.0,0.8420189644929484,1.1956077197862778,1.006724374154217,0.021197734125496224,log_rv_ratio,,,-0.3250437655520574,0.09299176979998242,-0.91647783023619,-1.1592069125858202,0.28450855198837444,-0.30948107140880254,-0.48352249680346904,-0.7777777777777705,-0.29999999999999716,-0.09999999999999432,-0.13239999999999963,-0.24319999999999986,-0.00018263659282025113,0.20488673183489994,47.8678331404559,52.04380437986185,2019-08,2019-08-31 00:01:00+08:00,2019-09-25,2019-09-25,2019-09-20,2019-09-23,2019-09-25 23:59:00+08:00,7.10734,7.0734
2015_2019,BASE,TECH_COMMON_TREE,8,FIRST_PASSAGE,TECH_COMMON_TREE_1800,2019-10-21,2019-10-22,1801,3.948,3.95,18300,199596.96652000005,72299.457,14.457,74228.25138,14.848620000000002,0.0,2019-11-06,COMPLETE,4.228642857142858,4.367714285714286,,1812,FIRST_PASSAGE_PROFIT_CLOSE,11,1928.7943800000066,0.026677854302557303,87.25237022223436,1791.0,0.8725237022223435,1.2055622672824071,1.0518816527088084,0.023032948779141728,log_rv_ratio|weekly_hist_atr|ema_distance_atr,,,-0.06450062317615625,-0.047342668054051705,-0.23545856198688053,-0.980826508256996,-0.36162967500084897,-0.41580990127523954,-0.4421480425197029,0.6923076923076779,0.5,0.7999999999999972,0.14970000000000017,0.1897000000000002,0.002866570595911666,-0.04211872390601539,1.8671336441002544,-20.78593957339797,2019-09,2019-09-30 09:00:00+08:00,2019-10-18,2019-10-18,2019-10-18,2019-10-18,2019-10-20 23:59:00+08:00,7.07032,7.069
2015_2019,BASE,TECH_COMMON_TREE,9,FIRST_PASSAGE,TECH_COMMON_TREE_1829,2019-11-29,2019-12-02,1830,3.891,3.8930000000000002,19100,201525.76090000005,74371.17126,14.871260000000001,75716.3537,15.1463,1184.2,2019-12-16,COMPLETE,4.175428571428571,4.303142857142857,,1840,FIRST_PASSAGE_PROFIT_CLOSE,10,2529.382440000001,0.034010254203975555,86.5775637942987,1809.0,0.865775637942987,1.3812206154021294,1.1958271594397836,0.02217833866022983,log_rv_ratio|weekly_hist_atr,,,-0.2176979070165885,-0.1119953719155539,-1.5402348347026036,-0.35071625427706465,0.23393965075463954,-0.11895909537573345,-0.4848690179923194,-0.5833333333333351,-0.3999999999999986,-0.8999999999999986,0.09620000000000006,0.2683,-0.007026289600042035,-0.2633499874378261,-27.046664838547866,-69.49535455524696,2019-10,2019-10-31 00:01:00+08:00,2019-11-28,2019-11-28,2019-11-22,2019-11-26,2019-11-28 23:59:00+08:00,7.0154,7.0344
2015_2019,BASE,MACRO_TECH_TREE,1,FIRST_PASSAGE,MACRO_TECH_TREE_1018,2016-08-01,2016-08-02,1019,3.226,3.228,30000,200000.0,96859.368,19.368000000000002,99040.188,19.812,0.0,2016-08-10,COMPLETE,3.355785714285714,3.467428571428571,,1025,FIRST_PASSAGE_PROFIT_CLOSE,6,2180.8199999999924,0.022515323453277048,86.3193640940556,1018.0,0.863193640940556,1.1799294698036797,1.018507615092898,0.043601095128252665,ema_distance_atr|log_rv_ratio,pmi_orders_change,,-0.3177396665240008,0.4305918067135593,-0.7740047114406097,-0.7603894755833751,-0.005556262156176528,-0.20838915617627388,-0.7901872128706192,-0.43902439024390905,0.3999999999999986,-0.10000000000000142,0.11459999999999981,-0.00040000000000040004,-0.018796174673954114,0.08640877335404161,-32.362755840995504,-55.46523951923592,2016-07,2016-08-01 09:00:00+08:00,2016-07-29,2016-07-29,2016-07-29,2016-07-29,2016-07-31 23:59:00+08:00,6.62961,6.6511
2015_2019,BASE,MACRO_TECH_TREE,2,FIRST_PASSAGE,MACRO_TECH_TREE_1037,2016-08-26,2016-08-29,1038,3.357,3.359,29000,202180.82,97430.4822,19.482200000000002,95635.99712000001,27.402880000000003,0.0,2016-09-19,COMPLETE,3.4784285714285716,3.615142857142857,,1051,FIRST_PASSAGE_LOSS_CLOSE,13,-1794.485079999984,-0.01841810734669631,86.3193640940556,1018.0,0.863193640940556,1.1799294698036797,1.018507615092898,0.043601095128252665,ema_distance_atr|log_rv_ratio,pmi_orders_change,,-0.08814664658094065,0.4085335133521246,0.20186983576492729,-0.8856519746620684,-0.49215715361545886,-0.3161313855964646,-0.7208912509518852,-0.1714285714285667,0.3999999999999986,-0.10000000000000142,0.2402000000000002,0.11670000000000025,0.003878728571606649,-0.1159376581395226,2.7029056400018625,6.74565017550977,2016-07,2016-08-01 09:00:00+08:00,2016-08-25,2016-08-25,2016-08-19,2016-08-23,2016-08-25 23:59:00+08:00,6.6604,6.6586
2015_2019,BASE,MACRO_TECH_TREE,3,FIRST_PASSAGE,MACRO_TECH_TREE_1726,2019-07-01,2019-07-02,1727,3.954,3.956,20200,200386.33492000002,79927.18224,15.982240000000001,77431.31064,15.489360000000001,0.0,2019-07-09,COMPLETE,4.216142857142858,4.4107142857142865,,1732,FIRST_PASSAGE_LOSS_CLOSE,5,-2495.8715999999986,-0.03122681833704036,82.56386457103402,1726.0,0.8256386457103402,1.2327878751896348,1.017837311719698,0.02022125721145253,log_rv_ratio|weekly_hist_atr,,,0.39122112224447353,-0.08715451226712354,2.705222024134579,0.9139628144528924,0.42632341107940713,0.1567360190838574,-0.17276777435588672,0.5818181818181853,-0.3999999999999986,-0.19999999999999574,0.013600000000000279,0.28710000000000013,0.0009549183638413172,-0.3450696587719209,-10.871836395287641,-30.043772460862968,2019-06,2019-06-30 09:00:00+08:00,2019-06-28,2019-06-28,2019-06-28,2019-06-28,2019-06-30 23:59:00+08:00,6.86723,6.8747
2015_2019,BASE,MACRO_TECH_TREE,4,FIRST_PASSAGE,MACRO_TECH_TREE_1789,2019-09-27,2019-09-30,1790,3.91,3.912,18300,197890.46332000004,71603.91792,14.317920000000003,73210.21875999999,19.181240000000003,0.0,2019-10-15,COMPLETE,4.194785714285715,4.321428571428571,,1796,FIRST_PASSAGE_PROFIT_CLOSE,6,1606.3008399999817,0.022433141742252607,86.63884429815579,1771.0,0.8663884429815578,1.162127932838892,1.006854210277664,0.02261993736937347,log_rv_ratio,financing_net_change5,,-0.35642240954930887,0.09425054164160654,-0.6475251136828635,-1.1185089785995217,0.056195419521144645,-0.2745632422337784,-0.48790517780881304,0.13043478260869984,-0.29999999999999716,-0.09999999999999432,-0.09039999999999981,-0.2745000000000002,-0.008399856538428008,0.20038811702117607,45.29589326005577,30.85700805543825,2019-08,2019-08-31 00:01:00+08:00,2019-09-26,2019-09-26,2019-09-20,2019-09-24,2019-09-26 23:59:00+08:00,7.10501,7.0729
2015_2019,BASE,MACRO_TECH_TREE,5,FIRST_PASSAGE,MACRO_TECH_TREE_1829,2019-11-29,2019-12-02,1830,3.891,3.8930000000000002,18900,199496.76416000002,73592.41554000002,14.715540000000003,74923.5123,14.9877,1171.8,2019-12-16,COMPLETE,4.175428571428571,4.303142857142857,,1840,FIRST_PASSAGE_PROFIT_CLOSE,10,2502.8967599999887,0.03401025420397538,86.5775637942987,1809.0,0.865775637942987,1.3812206154021291,1.1958271594397833,0.022178338660229835,log_rv_ratio|weekly_hist_atr,,,-0.2176979070165885,-0.1119953719155539,-1.5402348347026036,-0.35071625427706465,0.23393965075463954,-0.11895909537573345,-0.4848690179923194,-0.5833333333333351,-0.3999999999999986,-0.8999999999999986,0.09620000000000006,0.2683,-0.007026289600042035,-0.2633499874378261,-27.046664838547866,-69.49535455524696,2019-10,2019-10-31 00:01:00+08:00,2019-11-28,2019-11-28,2019-11-22,2019-11-26,2019-11-28 23:59:00+08:00,7.0154,7.0344
2015_2019,BASE,FX_MACRO_TECH_TREE,1,FIRST_PASSAGE,FX_MACRO_TECH_TREE_1018,2016-08-01,2016-08-02,1019,3.226,3.228,30000,200000.0,96859.368,19.368000000000002,99040.188,19.812,0.0,2016-08-10,COMPLETE,3.355785714285714,3.467428571428571,,1025,FIRST_PASSAGE_PROFIT_CLOSE,6,2180.8199999999924,0.022515323453277048,86.31936409405562,1018.0,0.8631936409405562,1.1799294698036793,1.018507615092898,0.043601095128252665,ema_distance_atr|log_rv_ratio,pmi_orders_change,,-0.3177396665240008,0.4305918067135593,-0.7740047114406097,-0.7603894755833751,-0.005556262156176528,-0.20838915617627388,-0.7901872128706192,-0.43902439024390905,0.3999999999999986,-0.10000000000000142,0.11459999999999981,-0.00040000000000040004,-0.018796174673954114,0.08640877335404161,-32.362755840995504,-55.46523951923592,2016-07,2016-08-01 09:00:00+08:00,2016-07-29,2016-07-29,2016-07-29,2016-07-29,2016-07-31 23:59:00+08:00,6.62961,6.6511
2015_2019,BASE,FX_MACRO_TECH_TREE,2,FIRST_PASSAGE,FX_MACRO_TECH_TREE_1037,2016-08-26,2016-08-29,1038,3.357,3.359,29000,202180.82,97430.4822,19.482200000000002,95635.99712000001,27.402880000000003,0.0,2016-09-19,COMPLETE,3.4784285714285716,3.615142857142857,,1051,FIRST_PASSAGE_LOSS_CLOSE,13,-1794.485079999984,-0.01841810734669631,86.31936409405562,1018.0,0.8631936409405562,1.1799294698036793,1.018507615092898,0.043601095128252665,ema_distance_atr|log_rv_ratio,pmi_orders_change,,-0.08814664658094065,0.4085335133521246,0.20186983576492729,-0.8856519746620684,-0.49215715361545886,-0.3161313855964646,-0.7208912509518852,-0.1714285714285667,0.3999999999999986,-0.10000000000000142,0.2402000000000002,0.11670000000000025,0.003878728571606649,-0.1159376581395226,2.7029056400018625,6.74565017550977,2016-07,2016-08-01 09:00:00+08:00,2016-08-25,2016-08-25,2016-08-19,2016-08-23,2016-08-25 23:59:00+08:00,6.6604,6.6586
2015_2019,BASE,FX_MACRO_TECH_TREE,3,FIRST_PASSAGE,FX_MACRO_TECH_TREE_1121,2017-01-03,2017-01-04,1122,3.394,3.396,24600,200386.33492000002,83558.30832,16.70832,82564.55212000001,21.247880000000002,1331.0,2017-02-08,COMPLETE,3.5274285714285716,3.628142857142857,,1142,FIRST_PASSAGE_TWENTY_CLOSES,20,337.2438000000111,0.004036029531719116,94.76530769935636,1121.0,0.9476530769935635,1.8285916132178368,1.7328704688305072,0.044444215124064664,ema_distance_atr,pmi_orders_change,fixing_deviation_log_bp,-0.11252057812702737,-0.12563222194982204,-0.45694951553298546,0.31722283083297137,-0.12605532780384932,0.13586717751191094,-0.16812106976285843,0.8095238095238085,3.200000000000003,0.0,0.3448000000000002,0.14700000000000024,-0.006976692094290082,-0.5491574361316924,49.03627142375435,37.612253560377894,2016-12,2017-01-01 09:00:00+08:00,2016-12-30,2016-12-30,2016-12-30,2016-12-30,2017-01-01 23:59:00+08:00,6.9711,6.937
2015_2019,BASE,FX_MACRO_TECH_TREE,4,FIRST_PASSAGE,FX_MACRO_TECH_TREE_1726,2019-07-01,2019-07-02,1727,3.954,3.956,20200,200723.57872000005,79927.18224,15.982240000000001,77431.31064,15.489360000000001,0.0,2019-07-09,COMPLETE,4.216142857142858,4.4107142857142865,,1732,FIRST_PASSAGE_LOSS_CLOSE,5,-2495.8715999999986,-0.03122681833704036,82.56386457103402,1726.0,0.8256386457103402,1.2327878751896348,1.017837311719698,0.02022125721145253,log_rv_ratio|weekly_hist_atr,,,0.39122112224447353,-0.08715451226712354,2.705222024134579,0.9139628144528924,0.42632341107940713,0.1567360190838574,-0.17276777435588672,0.5818181818181853,-0.3999999999999986,-0.19999999999999574,0.013600000000000279,0.28710000000000013,0.0009549183638413172,-0.3450696587719209,-10.871836395287641,-30.043772460862968,2019-06,2019-06-30 09:00:00+08:00,2019-06-28,2019-06-28,2019-06-28,2019-06-28,2019-06-30 23:59:00+08:00,6.86723,6.8747
2015_2019,BASE,FX_MACRO_TECH_TREE,5,FIRST_PASSAGE,FX_MACRO_TECH_TREE_1789,2019-09-27,2019-09-30,1790,3.91,3.912,18300,198227.70712000004,71603.91792,14.317920000000003,73276.81816,19.58184,0.0,2019-10-15,COMPLETE,4.194785714285715,4.321428571428571,,1796,FIRST_PASSAGE_PROFIT_CLOSE,6,1672.9002399999881,0.023363250065018062,86.63884429815579,1771.0,0.8663884429815578,1.162127932838892,1.006854210277664,0.02261993736937347,log_rv_ratio,financing_net_change5,,-0.35642240954930887,0.09425054164160654,-0.6475251136828635,-1.1185089785995217,0.056195419521144645,-0.2745632422337784,-0.48790517780881304,0.13043478260869984,-0.29999999999999716,-0.09999999999999432,-0.09039999999999981,-0.2745000000000002,-0.008399856538428008,0.20038811702117607,45.29589326005577,30.85700805543825,2019-08,2019-08-31 00:01:00+08:00,2019-09-26,2019-09-26,2019-09-20,2019-09-24,2019-09-26 23:59:00+08:00,7.10501,7.0729
2015_2019,BASE,FX_MACRO_TECH_TREE,6,FIRST_PASSAGE,FX_MACRO_TECH_TREE_1829,2019-11-29,2019-12-02,1830,3.891,3.8930000000000002,18900,199900.60736000002,73592.41554000002,14.715540000000003,74923.5123,14.9877,1171.8,2019-12-16,COMPLETE,4.175428571428571,4.303142857142857,,1840,FIRST_PASSAGE_PROFIT_CLOSE,10,2502.8967599999887,0.03401025420397538,86.5775637942987,1809.0,0.865775637942987,1.3812206154021296,1.1958271594397838,0.02217833866022983,log_rv_ratio|weekly_hist_atr,,,-0.2176979070165885,-0.1119953719155539,-1.5402348347026036,-0.35071625427706465,0.23393965075463954,-0.11895909537573345,-0.4848690179923194,-0.5833333333333351,-0.3999999999999986,-0.8999999999999986,0.09620000000000006,0.2683,-0.007026289600042035,-0.2633499874378261,-27.046664838547866,-69.49535455524696,2019-10,2019-10-31 00:01:00+08:00,2019-11-28,2019-11-28,2019-11-22,2019-11-26,2019-11-28 23:59:00+08:00,7.0154,7.0344
2015_2019,STRESS,TECH_COMMON_TREE,1,FIRST_PASSAGE,TECH_COMMON_TREE_1726,2019-07-01,2019-07-02,1727,3.954,3.958,20100,200000.0,79587.62232000001,31.82232,76992.39072000001,30.809280000000005,0.0,2019-07-09,COMPLETE,4.216142857142858,4.4107142857142865,,1732,FIRST_PASSAGE_LOSS_CLOSE,5,-2595.231599999999,-0.03260848263019197,82.563864571034,1726.0,0.8256386457103401,1.2327878751896346,1.0178373117196977,0.02022125721145252,log_rv_ratio|weekly_hist_atr,,,0.39122112224447353,-0.08715451226712354,2.705222024134579,0.9139628144528924,0.42632341107940713,0.1567360190838574,-0.17276777435588672,0.5818181818181853,-0.3999999999999986,-0.19999999999999574,0.013600000000000279,0.28710000000000013,0.0009549183638413172,-0.3450696587719209,-10.871836395287641,-30.043772460862968,2019-06,2019-06-30 09:00:00+08:00,2019-06-28,2019-06-28,2019-06-28,2019-06-28,2019-06-30 23:59:00+08:00,6.86723,6.8747
2015_2019,STRESS,TECH_COMMON_TREE,2,FIRST_PASSAGE,TECH_COMMON_TREE_1756,2019-08-12,2019-08-13,1757,3.727,3.731,22600,197404.7684,84354.32823999999,33.72824,86907.42311999999,34.77688,0.0,2019-08-20,COMPLETE,3.999571428571429,4.162857142857143,,1762,FIRST_PASSAGE_PROFIT_CLOSE,5,2553.094880000004,0.03026631748801423,82.50595908526527,1749.0,0.8250595908526527,1.4962506076142095,1.2344959141312126,0.020116996236731133,log_rv_ratio|weekly_hist_atr,,,-0.350562141861664,-0.14032447180998328,-0.7141566151086617,0.2633338931559748,-0.44041577608607396,-0.3989623808416257,-0.36672772249576047,0.8421052631578886,-0.20000000000000284,0.19999999999999574,0.07730000000000015,-0.008199999999999985,-0.015423058108313126,-0.15868128201060658,117.49174318590357,2.5825679726003727,2019-07,2019-07-31 09:00:00+08:00,2019-08-09,2019-08-09,2019-08-09,2019-08-09,2019-08-11 23:59:00+08:00,7.09649,7.0136
2015_2019,STRESS,TECH_COMMON_TREE,3,FIRST_PASSAGE,TECH_COMMON_TREE_1762,2019-08-20,2019-08-21,1763,3.841,3.845,24900,199957.86328,95778.7962,38.2962,98981.75388,53.84612,0.0,2019-09-06,COMPLETE,4.105785714285714,4.292428571428571,,1775,FIRST_PASSAGE_PROFIT_CLOSE,12,3202.957680000007,0.033441197917248484,82.50595908526527,1749.0,0.8250595908526527,1.4962506076142095,1.2344959141312126,0.020116996236731133,log_rv_ratio|weekly_hist_atr,,,0.13411013215063508,-0.1394139505989947,0.8151124280031908,1.299831948202652,-0.19815575025658955,0.6636326473778738,-0.22787949959898102,-0.3333333333333333,-0.20000000000000284,0.19999999999999574,0.12450000000000028,0.013100000000000112,0.012754333911979332,0.07115273810333181,17.109033022907884,-100.38271016299569,2019-07,2019-07-31 09:00:00+08:00,2019-08-19,2019-08-19,2019-08-16,2019-08-16,2019-08-18 23:59:00+08:00,7.04324,7.0312
2015_2019,STRESS,TECH_COMMON_TREE,4,FIRST_PASSAGE,TECH_COMMON_TREE_1775,2019-09-06,2019-09-09,1776,4.048,4.053,18000,203160.82095999998,72983.1816,29.181600000000003,72061.164,28.836000000000002,0.0,2019-09-12,COMPLETE,4.328857142857143,4.4672857142857145,,1779,FIRST_PASSAGE_LOSS_CLOSE,3,-922.017599999992,-0.012633288653450427,84.20189644929485,1771.0,0.8420189644929484,1.1956077197862778,1.006724374154217,0.021197734125496224,log_rv_ratio,,,0.42995370263535404,-0.10842455661287662,3.0288617245324576,2.1834068120828096,0.0511679950112465,1.0,-0.4441369325663446,0.4516129032258185,-0.29999999999999716,-0.09999999999999432,0.07390000000000008,-0.0472999999999999,0.017836558311685513,0.48862107965248314,122.69937752773109,4.742257993457301,2019-08,2019-08-31 00:01:00+08:00,2019-09-05,2019-09-05,2019-08-30,2019-09-03,2019-09-05 23:59:00+08:00,7.17591,7.0884
2015_2019,STRESS,TECH_COMMON_TREE,5,FIRST_PASSAGE,TECH_COMMON_TREE_1779,2019-09-12,2019-09-16,1780,4.046,4.051,18000,202238.80336,72947.1672,29.1672,71287.4736,28.526400000000002,0.0,2019-09-18,COMPLETE,4.3227142857142855,4.473571428571429,,1782,FIRST_PASSAGE_LOSS_CLOSE,2,-1659.6935999999987,-0.022751995227581624,84.20189644929485,1771.0,0.8420189644929484,1.1956077197862778,1.006724374154217,0.021197734125496224,log_rv_ratio,,,0.30048479406995704,0.004234928375015574,2.1792167983940502,0.610264290663149,-0.20315731974514234,0.23540765996639118,-0.4701135072806905,0.63636363636364,-0.29999999999999716,-0.09999999999999432,0.09240000000000004,0.056400000000000006,0.028959316773448318,0.6117193854775812,47.297323627519184,-98.3852023530161,2019-08,2019-08-31 00:01:00+08:00,2019-09-11,2019-09-11,2019-09-06,2019-09-09,2019-09-11 23:59:00+08:00,7.11869,7.0851
2015_2019,STRESS,TECH_COMMON_TREE,6,FIRST_PASSAGE,TECH_COMMON_TREE_1782,2019-09-18,2019-09-19,1783,3.984,3.988,18200,200579.10976,72610.63264000001,29.032640000000004,71770.2804,28.7196,0.0,2019-09-26,COMPLETE,4.261357142857142,4.410285714285714,,1788,FIRST_PASSAGE_LOSS_CLOSE,5,-840.3522400000074,-0.011573404740410857,84.20189644929485,1771.0,0.8420189644929484,1.1956077197862778,1.006724374154217,0.021197734125496224,log_rv_ratio,,,0.014119587243751909,0.07324839039686194,0.5321175294881696,-0.8115673895979426,-0.2805416958956049,-0.3492308800215567,-0.46173099320418143,0.07692307692306904,-0.29999999999999716,-0.09999999999999432,0.06020000000000003,-0.04360000000000008,0.014282829787445994,0.4386605121098572,-34.00462091170524,-60.74183219691001,2019-08,2019-08-31 00:01:00+08:00,2019-09-17,2019-09-17,2019-09-12,2019-09-12,2019-09-14 23:59:00+08:00,7.06055,7.0846
2015_2019,STRESS,TECH_COMMON_TREE,7,FIRST_PASSAGE,TECH_COMMON_TREE_1788,2019-09-26,2019-09-27,1789,3.913,3.9170000000000003,18500,199738.75751999998,72493.4858,28.9858,71566.362,28.638,0.0,2019-10-08,COMPLETE,4.197214285714286,4.325571428571428,,1791,FIRST_PASSAGE_LOSS_CLOSE,2,-927.1238000000012,-0.012789063593352567,84.20189644929485,1771.0,0.8420189644929484,1.1956077197862778,1.006724374154217,0.021197734125496224,log_rv_ratio,,,-0.3250437655520574,0.09299176979998242,-0.91647783023619,-1.1592069125858202,0.28450855198837444,-0.30948107140880254,-0.48352249680346904,-0.7777777777777705,-0.29999999999999716,-0.09999999999999432,-0.13239999999999963,-0.24319999999999986,-0.00018263659282025113,0.20488673183489994,47.8678331404559,52.04380437986185,2019-08,2019-08-31 00:01:00+08:00,2019-09-25,2019-09-25,2019-09-20,2019-09-23,2019-09-25 23:59:00+08:00,7.10734,7.0734
2015_2019,STRESS,TECH_COMMON_TREE,8,FIRST_PASSAGE,TECH_COMMON_TREE_1800,2019-10-21,2019-10-22,1801,3.948,3.952,18200,198811.63371999998,71955.17056,28.77056,73771.4796,29.520400000000002,0.0,2019-11-06,COMPLETE,4.228642857142858,4.367714285714286,,1812,FIRST_PASSAGE_PROFIT_CLOSE,11,1816.3090400000074,0.025242231042805652,87.25237022223436,1791.0,0.8725237022223435,1.2055622672824071,1.0518816527088084,0.023032948779141728,log_rv_ratio|weekly_hist_atr|ema_distance_atr,,,-0.06450062317615625,-0.047342668054051705,-0.23545856198688053,-0.980826508256996,-0.36162967500084897,-0.41580990127523954,-0.4421480425197029,0.6923076923076779,0.5,0.7999999999999972,0.14970000000000017,0.1897000000000002,0.002866570595911666,-0.04211872390601539,1.8671336441002544,-20.78593957339797,2019-09,2019-09-30 09:00:00+08:00,2019-10-18,2019-10-18,2019-10-18,2019-10-18,2019-10-20 23:59:00+08:00,7.07032,7.069
2015_2019,STRESS,TECH_COMMON_TREE,9,FIRST_PASSAGE,TECH_COMMON_TREE_1829,2019-11-29,2019-12-02,1830,3.891,3.895,19000,200627.94276,74034.602,29.602,75266.8812,30.1188,1178.0,2019-12-16,COMPLETE,4.175428571428571,4.303142857142857,,1840,FIRST_PASSAGE_PROFIT_CLOSE,10,2410.2792000000045,0.03255611747598784,86.5775637942987,1809.0,0.865775637942987,1.3812206154021294,1.1958271594397836,0.02217833866022983,log_rv_ratio|weekly_hist_atr,,,-0.2176979070165885,-0.1119953719155539,-1.5402348347026036,-0.35071625427706465,0.23393965075463954,-0.11895909537573345,-0.4848690179923194,-0.5833333333333351,-0.3999999999999986,-0.8999999999999986,0.09620000000000006,0.2683,-0.007026289600042035,-0.2633499874378261,-27.046664838547866,-69.49535455524696,2019-10,2019-10-31 00:01:00+08:00,2019-11-28,2019-11-28,2019-11-22,2019-11-26,2019-11-28 23:59:00+08:00,7.0154,7.0344
2015_2019,STRESS,MACRO_TECH_TREE,1,FIRST_PASSAGE,MACRO_TECH_TREE_1018,2016-08-01,2016-08-02,1019,3.226,3.23,30000,200000.0,96938.76,38.760000000000005,98960.40000000001,39.60000000000001,0.0,2016-08-10,COMPLETE,3.355785714285714,3.467428571428571,,1025,FIRST_PASSAGE_PROFIT_CLOSE,6,2021.640000000014,0.02085481596834965,86.3193640940556,1018.0,0.863193640940556,1.1799294698036797,1.018507615092898,0.043601095128252665,ema_distance_atr|log_rv_ratio,pmi_orders_change,,-0.3177396665240008,0.4305918067135593,-0.7740047114406097,-0.7603894755833751,-0.005556262156176528,-0.20838915617627388,-0.7901872128706192,-0.43902439024390905,0.3999999999999986,-0.10000000000000142,0.11459999999999981,-0.00040000000000040004,-0.018796174673954114,0.08640877335404161,-32.362755840995504,-55.46523951923592,2016-07,2016-08-01 09:00:00+08:00,2016-07-29,2016-07-29,2016-07-29,2016-07-29,2016-07-31 23:59:00+08:00,6.62961,6.6511
2015_2019,STRESS,MACRO_TECH_TREE,2,FIRST_PASSAGE,MACRO_TECH_TREE_1037,2016-08-26,2016-08-29,1038,3.357,3.361,28900,202021.64,97171.75316000001,38.85316,95228.24712,44.65288,0.0,2016-09-19,COMPLETE,3.4784285714285716,3.615142857142857,,1051,FIRST_PASSAGE_LOSS_CLOSE,13,-1943.5060400000075,-0.020000730426257624,86.3193640940556,1018.0,0.863193640940556,1.1799294698036797,1.018507615092898,0.043601095128252665,ema_distance_atr|log_rv_ratio,pmi_orders_change,,-0.08814664658094065,0.4085335133521246,0.20186983576492729,-0.8856519746620684,-0.49215715361545886,-0.3161313855964646,-0.7208912509518852,-0.1714285714285667,0.3999999999999986,-0.10000000000000142,0.2402000000000002,0.11670000000000025,0.003878728571606649,-0.1159376581395226,2.7029056400018625,6.74565017550977,2016-07,2016-08-01 09:00:00+08:00,2016-08-25,2016-08-25,2016-08-19,2016-08-23,2016-08-25 23:59:00+08:00,6.6604,6.6586
2015_2019,STRESS,MACRO_TECH_TREE,3,FIRST_PASSAGE,MACRO_TECH_TREE_1726,2019-07-01,2019-07-02,1727,3.954,3.958,20200,200078.13396,79983.58064,31.980640000000005,77376.99072000002,35.80928,0.0,2019-07-09,COMPLETE,4.216142857142858,4.4107142857142865,,1732,FIRST_PASSAGE_LOSS_CLOSE,5,-2606.589919999984,-0.03258906264439506,82.56386457103402,1726.0,0.8256386457103402,1.2327878751896348,1.017837311719698,0.02022125721145253,log_rv_ratio|weekly_hist_atr,,,0.39122112224447353,-0.08715451226712354,2.705222024134579,0.9139628144528924,0.42632341107940713,0.1567360190838574,-0.17276777435588672,0.5818181818181853,-0.3999999999999986,-0.19999999999999574,0.013600000000000279,0.28710000000000013,0.0009549183638413172,-0.3450696587719209,-10.871836395287641,-30.043772460862968,2019-06,2019-06-30 09:00:00+08:00,2019-06-28,2019-06-28,2019-06-28,2019-06-28,2019-06-30 23:59:00+08:00,6.86723,6.8747
2015_2019,STRESS,MACRO_TECH_TREE,4,FIRST_PASSAGE,MACRO_TECH_TREE_1789,2019-09-27,2019-09-30,1790,3.91,3.914,18100,197471.54404,70871.73736000001,28.337360000000004,72345.73216,32.86784,0.0,2019-10-15,COMPLETE,4.194785714285715,4.321428571428571,,1796,FIRST_PASSAGE_PROFIT_CLOSE,6,1473.9947999999858,0.020798062174103103,86.63884429815579,1771.0,0.8663884429815578,1.162127932838892,1.006854210277664,0.02261993736937347,log_rv_ratio,financing_net_change5,,-0.35642240954930887,0.09425054164160654,-0.6475251136828635,-1.1185089785995217,0.056195419521144645,-0.2745632422337784,-0.48790517780881304,0.13043478260869984,-0.29999999999999716,-0.09999999999999432,-0.09039999999999981,-0.2745000000000002,-0.008399856538428008,0.20038811702117607,45.29589326005577,30.85700805543825,2019-08,2019-08-31 00:01:00+08:00,2019-09-26,2019-09-26,2019-09-20,2019-09-24,2019-09-26 23:59:00+08:00,7.10501,7.0729
2015_2019,STRESS,MACRO_TECH_TREE,5,FIRST_PASSAGE,MACRO_TECH_TREE_1829,2019-11-29,2019-12-02,1830,3.891,3.895,18800,198945.53884,73255.2904,29.2904,74474.59824,29.801760000000005,1165.6,2019-12-16,COMPLETE,4.175428571428571,4.303142857142857,,1840,FIRST_PASSAGE_PROFIT_CLOSE,10,2384.9078400000144,0.03255611747598798,86.5775637942987,1809.0,0.865775637942987,1.3812206154021291,1.1958271594397833,0.022178338660229835,log_rv_ratio|weekly_hist_atr,,,-0.2176979070165885,-0.1119953719155539,-1.5402348347026036,-0.35071625427706465,0.23393965075463954,-0.11895909537573345,-0.4848690179923194,-0.5833333333333351,-0.3999999999999986,-0.8999999999999986,0.09620000000000006,0.2683,-0.007026289600042035,-0.2633499874378261,-27.046664838547866,-69.49535455524696,2019-10,2019-10-31 00:01:00+08:00,2019-11-28,2019-11-28,2019-11-22,2019-11-26,2019-11-28 23:59:00+08:00,7.0154,7.0344
2015_2019,STRESS,FX_MACRO_TECH_TREE,1,FIRST_PASSAGE,FX_MACRO_TECH_TREE_1018,2016-08-01,2016-08-02,1019,3.226,3.23,30000,200000.0,96938.76,38.760000000000005,98960.40000000001,39.60000000000001,0.0,2016-08-10,COMPLETE,3.355785714285714,3.467428571428571,,1025,FIRST_PASSAGE_PROFIT_CLOSE,6,2021.640000000014,0.02085481596834965,86.31936409405562,1018.0,0.8631936409405562,1.1799294698036793,1.018507615092898,0.043601095128252665,ema_distance_atr|log_rv_ratio,pmi_orders_change,,-0.3177396665240008,0.4305918067135593,-0.7740047114406097,-0.7603894755833751,-0.005556262156176528,-0.20838915617627388,-0.7901872128706192,-0.43902439024390905,0.3999999999999986,-0.10000000000000142,0.11459999999999981,-0.00040000000000040004,-0.018796174673954114,0.08640877335404161,-32.362755840995504,-55.46523951923592,2016-07,2016-08-01 09:00:00+08:00,2016-07-29,2016-07-29,2016-07-29,2016-07-29,2016-07-31 23:59:00+08:00,6.62961,6.6511
2015_2019,STRESS,FX_MACRO_TECH_TREE,2,FIRST_PASSAGE,FX_MACRO_TECH_TREE_1037,2016-08-26,2016-08-29,1038,3.357,3.361,28900,202021.64,97171.75316000001,38.85316,95228.24712,44.65288,0.0,2016-09-19,COMPLETE,3.4784285714285716,3.615142857142857,,1051,FIRST_PASSAGE_LOSS_CLOSE,13,-1943.5060400000075,-0.020000730426257624,86.31936409405562,1018.0,0.8631936409405562,1.1799294698036793,1.018507615092898,0.043601095128252665,ema_distance_atr|log_rv_ratio,pmi_orders_change,,-0.08814664658094065,0.4085335133521246,0.20186983576492729,-0.8856519746620684,-0.49215715361545886,-0.3161313855964646,-0.7208912509518852,-0.1714285714285667,0.3999999999999986,-0.10000000000000142,0.2402000000000002,0.11670000000000025,0.003878728571606649,-0.1159376581395226,2.7029056400018625,6.74565017550977,2016-07,2016-08-01 09:00:00+08:00,2016-08-25,2016-08-25,2016-08-19,2016-08-23,2016-08-25 23:59:00+08:00,6.6604,6.6586
2015_2019,STRESS,FX_MACRO_TECH_TREE,3,FIRST_PASSAGE,FX_MACRO_TECH_TREE_1121,2017-01-03,2017-01-04,1122,3.394,3.398,24500,200078.13396,83284.3004,33.3004,82162.6262,42.0738,1314.5,2017-02-08,COMPLETE,3.5274285714285716,3.628142857142857,,1142,FIRST_PASSAGE_TWENTY_CLOSES,20,192.82580000000598,0.002315271894869708,94.76530769935636,1121.0,0.9476530769935635,1.8285916132178368,1.7328704688305072,0.044444215124064664,ema_distance_atr,pmi_orders_change,fixing_deviation_log_bp,-0.11252057812702737,-0.12563222194982204,-0.45694951553298546,0.31722283083297137,-0.12605532780384932,0.13586717751191094,-0.16812106976285843,0.8095238095238085,3.200000000000003,0.0,0.3448000000000002,0.14700000000000024,-0.006976692094290082,-0.5491574361316924,49.03627142375435,37.612253560377894,2016-12,2017-01-01 09:00:00+08:00,2016-12-30,2016-12-30,2016-12-30,2016-12-30,2017-01-01 23:59:00+08:00,6.9711,6.937
2015_2019,STRESS,FX_MACRO_TECH_TREE,4,FIRST_PASSAGE,FX_MACRO_TECH_TREE_1726,2019-07-01,2019-07-02,1727,3.954,3.958,20200,200270.95976,79983.58064,31.980640000000005,77375.43744000001,30.962560000000003,0.0,2019-07-09,COMPLETE,4.216142857142858,4.4107142857142865,,1732,FIRST_PASSAGE_LOSS_CLOSE,5,-2608.1431999999913,-0.03260848263019188,82.56386457103402,1726.0,0.8256386457103402,1.2327878751896348,1.017837311719698,0.02022125721145253,log_rv_ratio|weekly_hist_atr,,,0.39122112224447353,-0.08715451226712354,2.705222024134579,0.9139628144528924,0.42632341107940713,0.1567360190838574,-0.17276777435588672,0.5818181818181853,-0.3999999999999986,-0.19999999999999574,0.013600000000000279,0.28710000000000013,0.0009549183638413172,-0.3450696587719209,-10.871836395287641,-30.043772460862968,2019-06,2019-06-30 09:00:00+08:00,2019-06-28,2019-06-28,2019-06-28,2019-06-28,2019-06-30 23:59:00+08:00,6.86723,6.8747
2015_2019,STRESS,FX_MACRO_TECH_TREE,5,FIRST_PASSAGE,FX_MACRO_TECH_TREE_1789,2019-09-27,2019-09-30,1790,3.91,3.914,18300,197662.81656,71654.85048,28.65048,73146.21184,33.18816,0.0,2019-10-15,COMPLETE,4.194785714285715,4.321428571428571,,1796,FIRST_PASSAGE_PROFIT_CLOSE,6,1491.3613600000099,0.020813125001443868,86.63884429815579,1771.0,0.8663884429815578,1.162127932838892,1.006854210277664,0.02261993736937347,log_rv_ratio,financing_net_change5,,-0.35642240954930887,0.09425054164160654,-0.6475251136828635,-1.1185089785995217,0.056195419521144645,-0.2745632422337784,-0.48790517780881304,0.13043478260869984,-0.29999999999999716,-0.09999999999999432,-0.09039999999999981,-0.2745000000000002,-0.008399856538428008,0.20038811702117607,45.29589326005577,30.85700805543825,2019-08,2019-08-31 00:01:00+08:00,2019-09-26,2019-09-26,2019-09-20,2019-09-24,2019-09-26 23:59:00+08:00,7.10501,7.0729
2015_2019,STRESS,FX_MACRO_TECH_TREE,6,FIRST_PASSAGE,FX_MACRO_TECH_TREE_1829,2019-11-29,2019-12-02,1830,3.891,3.895,18900,199154.17792000002,73644.9462,29.4462,74870.73972,29.96028,1171.8,2019-12-16,COMPLETE,4.175428571428571,4.303142857142857,,1840,FIRST_PASSAGE_PROFIT_CLOSE,10,2397.593519999995,0.03255611747598771,86.5775637942987,1809.0,0.865775637942987,1.3812206154021296,1.1958271594397838,0.02217833866022983,log_rv_ratio|weekly_hist_atr,,,-0.2176979070165885,-0.1119953719155539,-1.5402348347026036,-0.35071625427706465,0.23393965075463954,-0.11895909537573345,-0.4848690179923194,-0.5833333333333351,-0.3999999999999986,-0.8999999999999986,0.09620000000000006,0.2683,-0.007026289600042035,-0.2633499874378261,-27.046664838547866,-69.49535455524696,2019-10,2019-10-31 00:01:00+08:00,2019-11-28,2019-11-28,2019-11-22,2019-11-26,2019-11-28 23:59:00+08:00,7.0154,7.0344
2020_2026,BASE,TECH_COMMON_TREE,1,FIRST_PASSAGE,TECH_COMMON_TREE_1923,2020-04-21,2020-04-22,1924,3.779,3.781,21100,200000.0,79795.05582000001,15.955820000000003,81219.02936,17.67064,0.0,2020-05-06,COMPLETE,4.116642857142858,4.270714285714286,,1931,FIRST_PASSAGE_PROFIT_CLOSE,7,1423.9735399999918,0.01784538559897948,86.4054908777531,1910.0,0.8640549087775309,1.2647745890826227,1.0928346921939247,0.023285806207649338,log_rv_ratio|weekly_hist_atr,,,0.39973275591618784,-0.3344278484933622,0.3292269203842318,-0.10427171739819673,-0.2587477221787043,0.3785726980295815,0.044219455394791635,-0.4545454545454516,2.0,22.7,-0.7808000000000002,-0.35240000000000005,0.0038999373477583976,-0.3856795908356123,7.364577283147036,-3.872248864000759,2020-03,2020-03-31 09:00:00+08:00,2020-04-20,2020-04-20,2020-04-17,2020-04-17,2020-04-19 23:59:00+08:00,7.07701,7.0718
2020_2026,BASE,TECH_COMMON_TREE,2,FIRST_PASSAGE,TECH_COMMON_TREE_1931,2020-05-06,2020-05-07,1932,3.918,3.92,15800,201423.97353999998,61948.3872,12.3872,60185.9604,12.0396,0.0,2020-05-25,COMPLETE,4.255857142857143,4.409285714285715,,1944,FIRST_PASSAGE_LOSS_CLOSE,12,-1762.4267999999938,-0.02844992226044577,87.17540986315468,1931.0,0.8717540986315468,1.2712400805269537,1.1082087505440696,0.024125710539571223,log_rv_ratio|weekly_hist_atr,,,0.3508936938727133,-0.178084231486326,1.9306931170904718,1.6996019396625512,0.16038927832709496,1.0,-0.16032010067055433,0.8030303030302987,0.20000000000000284,-1.7999999999999972,-0.29200000000000026,0.5210999999999999,-0.02269939190265191,-0.4239657072419832,47.97813013640941,10.987606446950402,2020-04,2020-04-30 00:01:00+08:00,2020-04-30,2020-04-30,2020-04-30,2020-04-30,2020-05-02 23:59:00+08:00,7.09104,7.0571
2020_2026,BASE,TECH_COMMON_TREE,3,FIRST_PASSAGE,TECH_COMMON_TREE_2160,2021-04-13,2021-04-14,2161,4.952,4.955,17300,199661.54674,85738.6443,17.1443,89042.58791999999,17.812079999999998,0.0,2021-04-26,COMPLETE,5.332857142857144,5.573285714285714,,2169,FIRST_PASSAGE_PROFIT_CLOSE,8,3303.943619999991,0.03853505787238102,84.24753555233225,2153.0,0.8424753555233225,1.4049717429315165,1.1836540686264514,0.027612758818299922,log_rv_ratio|weekly_hist_atr,,,0.04257984252516472,-0.44712681206659727,-1.6254060596236275,-1.391668804863925,0.34470955066775155,-0.8299830040947557,-0.00768689686286175,0.01538461538462064,3.6000000000000014,2.1000000000000014,-0.21210000000000018,-0.1100000000000001,0.006569326459820335,-0.29593112707062746,24.23332969365986,8.37362234610953,2021-03,2021-03-31 00:01:00+08:00,2021-04-12,2021-04-12,2021-04-09,2021-04-09,2021-04-11 23:59:00+08:00,6.55677,6.5409
2020_2026,BASE,TECH_COMMON_TREE,4,FIRST_PASSAGE,TECH_COMMON_TREE_2169,2021-04-26,2021-04-27,2170,5.08,5.083,19300,202965.49036,98121.52038,19.620380000000004,96616.59644000001,27.80356,0.0,2021-05-10,COMPLETE,5.461785714285715,5.699428571428571,,2176,FIRST_PASSAGE_LOSS_CLOSE,6,-1504.9239399999933,-0.015337348363252026,84.24753555233225,2153.0,0.8424753555233225,1.4049717429315165,1.1836540686264514,0.027612758818299922,log_rv_ratio|weekly_hist_atr,,,0.24854420335529467,-0.4167227832516917,0.08848150995512771,-0.11443764790167493,0.3164907407939818,-0.2956584695092645,-0.15309885251867858,-0.6250000000000009,3.6000000000000014,2.1000000000000014,-0.02330000000000032,0.009099999999999664,0.004918645787427067,-0.09279615395565687,-7.456501520958864,2.856988072528849,2021-03,2021-03-31 00:01:00+08:00,2021-04-25,2021-04-23,2021-04-23,2021-04-23,2021-04-25 23:59:00+08:00,6.48856,6.4934
2020_2026,BASE,TECH_COMMON_TREE,5,FIRST_PASSAGE,TECH_COMMON_TREE_2176,2021-05-10,2021-05-11,2177,4.967,4.97,16800,201460.56642,83512.6992,16.6992,85998.7968,17.203200000000002,0.0,2021-05-17,COMPLETE,5.348642857142857,5.586714285714286,,2181,FIRST_PASSAGE_PROFIT_CLOSE,4,2486.0975999999937,0.029769096482514287,81.9861229799361,2174.0,0.8198612297993609,1.3763467400429568,1.12841333092196,0.02594465946123112,log_rv_ratio|weekly_hist_atr,,,-0.010894137383888815,-0.3675583563648971,-0.9066882279844871,-1.1099058800196882,-0.0947901729428545,-0.5990246406443606,-0.11788855356448676,-0.07142857142856962,2.0,-1.6000000000000014,-0.4314000000000002,-0.44009999999999994,-0.004595296000527993,0.043161839983022,-82.25081339522703,-74.79431187426816,2021-04,2021-04-30 00:01:00+08:00,2021-05-08,2021-05-07,2021-05-07,2021-05-07,2021-05-09 23:59:00+08:00,6.41482,6.4678
2020_2026,BASE,TECH_COMMON_TREE,6,FIRST_PASSAGE,TECH_COMMON_TREE_2181,2021-05-17,2021-05-18,2182,5.199,5.202,18400,203946.66401999997,95735.94336,19.14336,95117.49455999999,33.205439999999996,0.0,2021-06-16,COMPLETE,5.572928571428572,5.834142857142857,,2202,FIRST_PASSAGE_TWENTY_CLOSES,20,-618.4488000000129,-0.006459943656422051,81.9861229799361,2174.0,0.8198612297993609,1.3763467400429568,1.12841333092196,0.02594465946123112,log_rv_ratio|weekly_hist_atr,,,0.1258420149656751,-0.28170732712838226,1.2692077814540497,1.4988384725216302,0.49704669463384327,0.6421016804175704,-0.03453157459858611,0.6632653061224448,2.0,-1.6000000000000014,-0.2058000000000002,0.22560000000000002,0.00860899628965095,0.03998026075003745,-23.584550645615124,58.6662627496119,2021-04,2021-04-30 00:01:00+08:00,2021-05-14,2021-05-14,2021-05-14,2021-05-14,2021-05-16 23:59:00+08:00,6.4373,6.4525
2020_2026,BASE,TECH_COMMON_TREE,7,FIRST_PASSAGE,TECH_COMMON_TREE_2347,2022-01-17,2022-01-18,2348,4.832,4.835,17000,203328.21521999995,82211.439,16.439,79748.0472,15.952800000000002,1275.0,2022-01-26,COMPLETE,5.229642857142857,5.419714285714286,,2354,FIRST_PASSAGE_LOSS_CLOSE,6,-1188.3917999999976,-0.014455309558563957,77.21441763057766,2338.0,0.7721441763057766,1.3305392667936526,1.0273681462008768,0.021567879343494238,log_rv_ratio|weekly_hist_atr|momentum5_scaled,,,-0.2639957141578267,-0.06766364495879512,-1.4238663642693348,-0.8284321416528441,0.022392508111194843,-0.12966051125016048,-0.18331724015724918,0.6851851851851803,-0.29999999999999716,0.30000000000000426,0.006799999999999695,0.15850000000000009,-0.0010427591474937437,-0.1134220850633801,-18.501014816165775,-31.075077220323323,2021-12,2021-12-31 00:01:00+08:00,2022-01-14,2022-01-14,2022-01-14,2022-01-14,2022-01-16 23:59:00+08:00,6.35593,6.3677
2020_2026,BASE,TECH_COMMON_TREE,8,FIRST_PASSAGE,TECH_COMMON_TREE_2354,2022-01-26,2022-01-27,2355,4.693,4.696,16900,202139.82341999997,79378.27248,15.87248,78298.93708,15.662920000000002,0.0,2022-01-28,COMPLETE,5.161214285714285,5.364571428571428,,2356,FIRST_PASSAGE_LOSS_CLOSE,1,-1079.3353999999963,-0.013597365705734445,77.21441763057766,2338.0,0.7721441763057766,1.3305392667936526,1.0273681462008768,0.021567879343494238,log_rv_ratio|weekly_hist_atr|momentum5_scaled,,,-0.11804815051690264,-0.0800288278316728,-1.4415256090558168,-0.7272019478840773,0.06357760250424235,0.0506780554549291,-0.06371196714753985,0.18032786885246116,-0.29999999999999716,0.30000000000000426,-0.10820000000000007,-0.08009999999999984,-0.021834637382106337,-0.22430128261911206,-15.257649121244565,3.2433656949212093,2021-12,2021-12-31 00:01:00+08:00,2022-01-25,2022-01-25,2022-01-21,2022-01-21,2022-01-23 23:59:00+08:00,6.33952,6.3492
2020_2026,BASE,TECH_COMMON_TREE,9,FIRST_PASSAGE,TECH_COMMON_TREE_2356,2022-01-28,2022-02-07,2357,4.625,4.628,16000,201060.48802,74062.8096,14.809600000000001,72710.52870000001,24.2713,0.0,2022-02-15,COMPLETE,5.086642857142857,5.309714285714286,,2363,FIRST_PASSAGE_LOSS_CLOSE,6,-1352.2808999999834,-0.01825856873785117,77.21441763057766,2338.0,0.7721441763057766,1.3305392667936526,1.0273681462008768,0.021567879343494238,log_rv_ratio|weekly_hist_atr|momentum5_scaled,,,-0.2646472225292541,-0.07295615524712523,-2.8313757634945156,-2.2105604237172383,0.5510368802524818,-0.35445937593106447,-0.023178505620667044,-0.7614678899082505,-0.29999999999999716,0.30000000000000426,-0.06150000000000011,-0.07189999999999985,-0.02373078109161686,-0.36673522617632953,-17.518252655315855,-28.76804241655058,2021-12,2021-12-31 00:01:00+08:00,2022-01-27,2022-01-27,2022-01-21,2022-01-25,2022-01-27 23:59:00+08:00,6.3307,6.3418
2020_2026,BASE,TECH_COMMON_TREE,10,FIRST_PASSAGE,TECH_COMMON_TREE_3011,2024-10-18,2024-10-21,3012,4.017,4.0200000000000005,16700,199708.20712,67147.42680000002,13.426800000000004,67866.91968,18.180320000000002,0.0,2024-11-18,COMPLETE,4.472571428571429,5.112857142857142,,3032,FIRST_PASSAGE_TWENTY_CLOSES,20,719.4928799999907,0.010715122146720752,67.45268896362263,3003.0,0.6745268896362263,1.8434955949145624,1.2434873496958043,0.019162917936491483,log_rv_ratio,,,0.03219512096958579,0.15089395120255947,1.0422910808453714,0.11397898173159626,0.26620179537022476,-0.06820154860121634,1.5905707930922115,0.5808823529411756,-0.10000000000000142,1.0,0.10929999999999995,-0.04489999999999994,0.003779677375633783,0.6586645933616705,78.429458324518,75.72861107636321,2024-09,2024-09-30 09:30:00+08:00,2024-10-17,2024-10-17,2024-10-11,2024-10-15,2024-10-17 23:59:00+08:00,7.13877,7.083
2020_2026,BASE,TECH_COMMON_TREE,11,FIRST_PASSAGE,TECH_COMMON_TREE_3032,2024-11-18,2024-11-19,3033,4.04,4.043,17500,200427.7,70766.6505,14.150500000000001,68495.62512,17.67488,0.0,2024-11-26,COMPLETE,4.615142857142857,4.896714285714285,,3038,FIRST_PASSAGE_LOSS_CLOSE,5,-2271.0253800000064,-0.03209174609726662,62.36486357585598,3021.0,0.6236486357585598,1.7807689878893105,1.1105741498983197,0.015992161685769668,log_rv_ratio,,,-0.2583630683979448,0.30626586703226577,-0.28126547796965035,-1.4569833113399087,-0.11357261885273551,-0.6345709389901537,0.48663562757680456,-0.314285714285708,0.0,0.10000000000000142,0.2230000000000001,0.11260000000000003,0.017707421749473484,0.5043785758245191,49.53540471930976,-27.8733966151163,2024-10,2024-10-31 09:30:00+08:00,2024-11-15,2024-11-15,2024-11-15,2024-11-15,2024-11-17 23:59:00+08:00,7.23495,7.1992
2020_2026,BASE,TECH_COMMON_TREE,12,FIRST_PASSAGE,TECH_COMMON_TREE_3038,2024-11-26,2024-11-27,3039,3.916,3.918,15300,198156.67462,59957.38908,11.989080000000001,62549.18766,12.512340000000002,0.0,2024-12-13,COMPLETE,4.496214285714285,4.7625714285714285,,3051,FIRST_PASSAGE_PROFIT_CLOSE,12,2591.7985800000024,0.04322734228039542,62.36486357585598,3021.0,0.6236486357585598,1.7807689878893105,1.1105741498983197,0.015992161685769668,log_rv_ratio,,,-0.4449849102011888,0.23637622078561732,-1.2188875622971524,-1.0504081287612492,-0.8079963108589476,-0.20122965407091054,0.5764050521186846,0.20930232558139222,0.0,0.10000000000000142,0.268,0.043500000000000094,0.0020614270156256165,0.021183247178859117,88.47074068570886,38.9353359663991,2024-10,2024-10-31 09:30:00+08:00,2024-11-25,2024-11-25,2024-11-22,2024-11-22,2024-11-24 23:59:00+08:00,7.25813,7.1942
2020_2026,BASE,TECH_COMMON_TREE,13,FIRST_PASSAGE,TECH_COMMON_TREE_3143,2025-05-07,2025-05-08,3144,3.918,3.92,18500,200748.4732,72534.504,14.504000000000001,74133.1704,14.829600000000001,0.0,2025-05-13,COMPLETE,4.554714285714286,4.651571428571428,,3147,FIRST_PASSAGE_PROFIT_CLOSE,3,1598.6664000000019,0.02204008177956248,65.64821591799873,3142.0,0.6564821591799873,1.66883395936753,1.0955597209584833,0.017300904071518214,log_rv_ratio|log_relative_volume,,,0.3614425077100749,-0.4275767102761301,1.1191885618372597,0.30636107765423815,0.14939382525188324,0.042841113485034756,0.6359437343064996,-0.44230769230769446,-0.7999999999999972,-2.5999999999999943,0.22720000000000007,0.007300000000000084,-0.003689483205792099,-0.34154485207336605,94.07934984963254,-31.183824052896213,2025-04,2025-04-30 09:30:00+08:00,2025-05-06,2025-05-06,2025-04-30,2025-04-30,2025-05-02 23:59:00+08:00,7.26947,7.2014
2020_2026,BASE,TECH_COMMON_TREE,14,FIRST_PASSAGE,TECH_COMMON_TREE_3229,2025-09-05,2025-09-08,3230,4.554,4.557,17600,202347.1396,80219.24064000002,16.040640000000003,83202.53612,21.46388,0.0,2025-09-30,COMPLETE,5.224428571428572,5.484142857142857,,3246,FIRST_PASSAGE_PROFIT_CLOSE,16,2983.295479999986,0.03718927599163055,72.8501193018261,3225.0,0.728501193018261,1.7232562154918354,1.2553942088619354,0.019416282660674855,log_rv_ratio,,,-0.029849068084085995,0.3002057587589021,1.2621084507923206,-0.3848445068395815,0.00682241506908703,-0.19895086281242383,0.3230840051516367,0.8595041322314089,-0.5,0.10000000000000142,0.04880000000000018,-0.0907,0.016113992824479784,0.4312531244498773,41.43943175805748,-7.186323547523145,2025-08,2025-08-31 09:30:00+08:00,2025-09-04,2025-09-04,2025-08-29,2025-09-02,2025-09-04 23:59:00+08:00,7.13842,7.1089
2020_2026,BASE,MACRO_TECH_TREE,1,FIRST_PASSAGE,MACRO_TECH_TREE_1923,2020-04-21,2020-04-22,1924,3.779,3.781,21100,200000.0,79795.05582000001,15.955820000000003,81219.02936,17.67064,0.0,2020-05-06,COMPLETE,4.116642857142858,4.270714285714286,,1931,FIRST_PASSAGE_PROFIT_CLOSE,7,1423.9735399999918,0.01784538559897948,86.4054908777531,1910.0,0.864054908777531,1.2647745890826227,1.092834692193925,0.02328580620764934,log_rv_ratio|weekly_hist_atr,,,0.39973275591618784,-0.3344278484933622,0.3292269203842318,-0.10427171739819673,-0.2587477221787043,0.3785726980295815,0.044219455394791635,-0.4545454545454516,2.0,22.7,-0.7808000000000002,-0.35240000000000005,0.0038999373477583976,-0.3856795908356123,7.364577283147036,-3.872248864000759,2020-03,2020-03-31 09:00:00+08:00,2020-04-20,2020-04-20,2020-04-17,2020-04-17,2020-04-19 23:59:00+08:00,7.07701,7.0718
2020_2026,BASE,MACRO_TECH_TREE,2,FIRST_PASSAGE,MACRO_TECH_TREE_1931,2020-05-06,2020-05-07,1932,3.918,3.92,15800,201423.97353999998,61948.3872,12.3872,60185.9604,12.0396,0.0,2020-05-25,COMPLETE,4.255857142857143,4.409285714285715,,1944,FIRST_PASSAGE_LOSS_CLOSE,12,-1762.4267999999938,-0.02844992226044577,87.17540986315471,1931.0,0.8717540986315472,1.2712400805269533,1.1082087505440696,0.02412571053957123,log_rv_ratio|weekly_hist_atr,,,0.3508936938727133,-0.178084231486326,1.9306931170904718,1.6996019396625512,0.16038927832709496,1.0,-0.16032010067055433,0.8030303030302987,0.20000000000000284,-1.7999999999999972,-0.29200000000000026,0.5210999999999999,-0.02269939190265191,-0.4239657072419832,47.97813013640941,10.987606446950402,2020-04,2020-04-30 00:01:00+08:00,2020-04-30,2020-04-30,2020-04-30,2020-04-30,2020-05-02 23:59:00+08:00,7.09104,7.0571
2020_2026,BASE,MACRO_TECH_TREE,3,FIRST_PASSAGE,MACRO_TECH_TREE_2046,2020-10-26,2020-10-27,2047,4.737,4.74,18100,199661.54674,85811.1588,17.1588,89667.5629,17.9371,0.0,2020-11-06,COMPLETE,5.052214285714286,5.273571428571429,,2055,FIRST_PASSAGE_PROFIT_CLOSE,8,3856.4040999999997,0.044940589941083506,85.15292096132731,2035.0,0.851529209613273,1.2183733459381962,1.037480492280631,0.026137785929049334,log_rv_ratio,pmi_orders_change,,-0.026271492899685105,-0.08651636464266634,-0.5780572007179186,-0.6194602413250735,0.38034608680711585,-0.42436797428246176,-0.038194912379581565,-0.09999999999999619,2.799999999999997,0.7999999999999972,0.016999999999999904,0.030299999999999994,-0.0029919872068587816,-0.3757739533053712,-8.143878630885583,49.67757267508271,2020-09,2020-09-30 09:00:00+08:00,2020-10-23,2020-10-23,2020-10-23,2020-10-23,2020-10-25 23:59:00+08:00,6.66487,6.6703
2020_2026,BASE,MACRO_TECH_TREE,4,FIRST_PASSAGE,MACRO_TECH_TREE_2072,2020-12-01,2020-12-02,2073,5.145,5.148,19100,203517.95084,98346.46535999999,19.66536,95665.27423999998,28.425759999999997,0.0,2020-12-10,COMPLETE,5.4637142857142855,5.674571428571428,,2079,FIRST_PASSAGE_LOSS_CLOSE,6,-2681.191120000003,-0.027262709546148182,83.12251524170784,2072.0,0.8312251524170785,1.2717986025412333,1.0571509872411642,0.02585614373295373,log_rv_ratio,pmi_orders_change,,0.07623863424109689,0.014386586202039213,2.194701751124161,0.8870921205148335,0.25502335752520555,0.13102404381678073,-0.11276976029107028,0.9274193548387073,3.8999999999999986,1.1000000000000014,0.10489999999999977,0.15410000000000013,0.002063113508590453,0.11065768043143892,-4.654721660197408,41.08252325033981,2020-11,2020-11-30 00:01:00+08:00,2020-11-30,2020-11-30,2020-11-27,2020-11-27,2020-11-29 23:59:00+08:00,6.57244,6.5755
2020_2026,BASE,MACRO_TECH_TREE,5,FIRST_PASSAGE,MACRO_TECH_TREE_2079,2020-12-10,2020-12-11,2080,5.02,5.023,17000,200836.75972,85408.0782,17.078200000000002,87649.9449,22.755100000000002,0.0,2020-12-31,COMPLETE,5.336142857142857,5.554714285714286,,2094,FIRST_PASSAGE_PROFIT_CLOSE,14,2241.8666999999987,0.02624888356286652,83.12251524170784,2072.0,0.8312251524170785,1.2717986025412333,1.0571509872411642,0.02585614373295373,log_rv_ratio,pmi_orders_change,,-0.16131831684183162,0.05429426234914976,-0.31332934990707567,-1.154839673772485,-0.12118066000166089,-0.6593322297132757,-0.21814250056104237,0.0,3.8999999999999986,1.1000000000000014,-0.33150000000000013,0.03059999999999996,-0.00013177407050635193,0.04953756741004174,-23.696239834052907,-24.137080197468528,2020-11,2020-11-30 00:01:00+08:00,2020-12-09,2020-12-09,2020-12-04,2020-12-07,2020-12-09 23:59:00+08:00,6.52073,6.5362
2020_2026,BASE,MACRO_TECH_TREE,6,FIRST_PASSAGE,MACRO_TECH_TREE_2293,2021-11-01,2021-11-02,2294,4.962,4.965,13900,203078.62642,69027.3027,13.802700000000002,68235.3502,13.6498,0.0,2021-11-04,COMPLETE,5.3605,5.548,,2296,FIRST_PASSAGE_LOSS_CLOSE,2,-791.9524999999994,-0.011473032684500352,81.76052527316462,2293.0,0.8176052527316462,1.3142354295312337,1.074525790510768,0.02514937772852083,log_rv_ratio,financing_net_change5|financing_buy_activity,,-0.05084213481851112,0.019918562321057515,-0.3081391997159809,-1.0278690048086547,-0.30484811879149804,-0.4631502961279835,-0.33370104525965655,0.16326530612244786,-1.2000000000000028,-0.5,0.13999999999999968,0.3576999999999999,-0.0011006450153269176,-0.24891209640809958,19.321925447045494,54.17770364235052,2021-10,2021-10-31 00:01:00+08:00,2021-10-29,2021-10-29,2021-10-29,2021-10-29,2021-10-31 23:59:00+08:00,6.40306,6.3907
2020_2026,BASE,MACRO_TECH_TREE,7,FIRST_PASSAGE,MACRO_TECH_TREE_2296,2021-11-04,2021-11-05,2297,4.93,4.933,14000,202286.67391999997,69075.8124,13.8124,69020.1932,13.8068,0.0,2021-12-03,COMPLETE,5.325642857142857,5.521714285714286,,2317,FIRST_PASSAGE_TWENTY_CLOSES,20,-55.619200000001,-0.0008051906748186287,81.76052527316462,2293.0,0.8176052527316462,1.3142354295312337,1.074525790510768,0.02514937772852083,log_rv_ratio,financing_net_change5|financing_buy_activity,,-0.14682435062440413,0.019047805498279047,-0.4073709332213978,-0.09944918815458509,0.07888603864405978,-0.15164032739407812,-0.25685236040427845,0.6923076923077011,-1.2000000000000028,-0.5,-0.08370000000000033,-0.17040000000000033,-0.009844203803517804,-0.21732089201852894,-37.36408377986251,-19.2323939279438,2021-10,2021-10-31 00:01:00+08:00,2021-11-03,2021-11-03,2021-10-29,2021-11-01,2021-11-03 23:59:00+08:00,6.39526,6.4192
2020_2026,BASE,MACRO_TECH_TREE,8,FIRST_PASSAGE,MACRO_TECH_TREE_2325,2021-12-15,2021-12-16,2326,5.082,5.085,13500,202231.05471999996,68661.2295,13.7295,66811.635,13.365,0.0,2021-12-21,COMPLETE,5.4865,5.656000000000001,,2329,FIRST_PASSAGE_LOSS_CLOSE,3,-1849.5945000000065,-0.02693797523681114,82.59529881977451,2315.0,0.8259529881977451,1.247853613883538,1.0306684212204635,0.025629990717038087,log_rv_ratio|momentum5_scaled,pmi_orders_change,,0.2899872730016836,0.11682886333954973,0.8282585886333197,0.060092253851327895,-0.22475062677238805,0.04932102967867507,-0.3348611720168471,-0.6721311475409902,-0.6000000000000014,0.6000000000000014,0.007099999999999884,0.05520000000000014,0.0066065126377912176,0.03415306620830431,5.837986625448308,10.341809065803117,2021-11,2021-11-30 00:01:00+08:00,2021-12-14,2021-12-14,2021-12-10,2021-12-10,2021-12-12 23:59:00+08:00,6.37392,6.3702
2020_2026,BASE,MACRO_TECH_TREE,9,FIRST_PASSAGE,MACRO_TECH_TREE_2329,2021-12-21,2021-12-22,2330,4.992,4.995,13700,200381.46021999995,68445.1863,13.686300000000001,67075.48222,13.417780000000002,0.0,2022-01-07,COMPLETE,5.390000000000001,5.579000000000001,,2341,FIRST_PASSAGE_LOSS_CLOSE,11,-1369.7040799999959,-0.02001169335702423,82.59529881977451,2315.0,0.8259529881977451,1.247853613883538,1.0306684212204635,0.025629990717038087,log_rv_ratio|momentum5_scaled,pmi_orders_change,,-0.147168292181861,0.10487928356078977,-0.746189100497706,-1.5520837840704178,0.629489810152196,-0.30460646978102107,-0.20725783414879478,0.604651162790691,-0.6000000000000014,0.6000000000000014,-0.09750000000000014,-0.07430000000000003,-0.0030055441751434264,-0.020144207015229967,27.95730098778791,22.1193143623396,2021-11,2021-11-30 00:01:00+08:00,2021-12-20,2021-12-20,2021-12-17,2021-12-17,2021-12-19 23:59:00+08:00,6.38292,6.3651
2020_2026,BASE,MACRO_TECH_TREE,10,FIRST_PASSAGE,MACRO_TECH_TREE_2375,2022-03-03,2022-03-04,2376,4.505,4.508,17000,199011.75613999995,76651.3272,15.327200000000001,73833.2304,14.7696,0.0,2022-03-08,COMPLETE,4.980214285714286,5.162571428571429,,2378,FIRST_PASSAGE_LOSS_CLOSE,2,-2818.0967999999993,-0.03676514031710072,85.71231934484533,2373.0,0.8571231934484533,1.4327847106098512,1.2280730066820338,0.027537521309389683,log_rv_ratio|ema_distance_atr,pmi_orders_level,,0.0899361191573008,-0.24070744788663326,-1.1148964866300215,0.15408249829789775,-0.805197104763286,0.4251301597224031,-0.055001567192533345,-0.6923076923076965,0.7000000000000028,1.4000000000000057,-0.09220000000000006,-0.18409999999999993,-0.0009714772538295113,0.007620240044576113,-15.766432169872678,3.889787772195719,2022-02,2022-03-01 09:30:00+08:00,2022-03-02,2022-03-02,2022-02-25,2022-02-28,2022-03-02 23:59:00+08:00,6.31224,6.3222
2020_2026,BASE,MACRO_TECH_TREE,11,FIRST_PASSAGE,MACRO_TECH_TREE_2463,2022-07-13,2022-07-14,2464,4.355,4.358,14500,196193.65933999995,63203.638199999994,12.6382,61978.18924,21.71076,0.0,2022-07-26,COMPLETE,4.814571428571429,5.043857142857143,,2472,FIRST_PASSAGE_LOSS_CLOSE,8,-1225.4489599999943,-0.019388899039675764,77.30222752633227,2455.0,0.7730222752633228,1.3122838005226447,1.0144246092712152,0.021321833162305032,log_rv_ratio,pmi_orders_level|financing_net_change5,,-0.3218246171026467,0.41878859174561134,-0.3502152666824176,-0.9314399683815328,-0.34794987960762397,-0.17933863107069237,-0.010175420139375264,0.0784313725490121,0.3999999999999986,2.1999999999999957,-0.5601,-0.030399999999999983,0.0023489999587378296,0.10060058929594724,-39.19860768456559,-52.799273373903354,2022-06,2022-06-30 09:30:00+08:00,2022-07-12,2022-07-12,2022-07-08,2022-07-08,2022-07-10 23:59:00+08:00,6.68355,6.7098
2020_2026,BASE,MACRO_TECH_TREE,12,FIRST_PASSAGE,MACRO_TECH_TREE_2472,2022-07-26,2022-07-27,2473,4.29,4.293,13300,194968.21037999995,57108.31938,11.41938,55888.72002,11.17998,0.0,2022-08-01,COMPLETE,4.762214285714286,4.953571428571429,,2476,FIRST_PASSAGE_LOSS_CLOSE,3,-1219.5993600000002,-0.02135589653557758,77.30222752633227,2455.0,0.7730222752633228,1.3122838005226447,1.0144246092712152,0.021321833162305032,log_rv_ratio,pmi_orders_level|financing_net_change5,,-0.3606329628908338,0.3743668231161938,-0.5964785856765755,-0.23740797762105922,0.03254983108459174,0.27603643893051544,-0.21269271511919988,0.49999999999999034,0.3999999999999986,2.1999999999999957,-0.5827,-0.07939999999999992,0.00043778609657674217,-0.08833166390221885,4.042309561208438,-6.055844756261938,2022-06,2022-06-30 09:30:00+08:00,2022-07-25,2022-07-25,2022-07-22,2022-07-22,2022-07-24 23:59:00+08:00,6.75493,6.7522
2020_2026,BASE,MACRO_TECH_TREE,13,FIRST_PASSAGE,MACRO_TECH_TREE_2616,2023-03-01,2023-03-02,2617,4.11,4.113,12400,193748.61101999995,51011.40024,10.20024,49924.81304,9.986960000000002,0.0,2023-03-08,COMPLETE,4.65157142857143,4.826857142857143,,2621,FIRST_PASSAGE_LOSS_CLOSE,4,-1086.5872000000018,-0.02130086990139053,84.66122190347949,2616.0,0.8466122190347949,1.3815480444529578,1.1696354556175,0.027295219615340205,ema_distance_atr,pmi_orders_level,,-0.15371969592331378,0.28484162849958244,0.47570495543133673,0.22651142024047946,0.6428331012733622,0.11756630005441482,-0.021786252801456293,0.6973684210526261,4.100000000000001,3.200000000000003,0.42090000000000005,0.26860000000000017,0.002383217166580076,-0.04751610159201425,121.19123622479145,114.55192250921327,2023-02,2023-03-01 09:30:00+08:00,2023-02-28,2023-02-28,2023-02-24,2023-02-24,2023-02-26 23:59:00+08:00,6.97826,6.8942
2020_2026,BASE,MACRO_TECH_TREE,14,FIRST_PASSAGE,MACRO_TECH_TREE_2621,2023-03-08,2023-03-09,2622,4.032,4.035,11400,192662.02381999997,46008.1998,9.1998,45121.55266000001,13.94734,0.0,2023-03-13,COMPLETE,4.577357142857142,4.741285714285714,,2624,FIRST_PASSAGE_LOSS_CLOSE,2,-886.6471399999937,-0.019271502555072664,84.66122190347949,2616.0,0.8466122190347949,1.3815480444529578,1.1696354556175,0.027295219615340205,ema_distance_atr,pmi_orders_level,,-0.1908026331239045,0.29597095981225663,-1.0943983636444017,-1.0409405262314828,-0.29341843551142077,-0.7096806210830852,-0.03668336828764096,-0.16000000000001563,4.100000000000001,3.200000000000003,-0.11769999999999992,-0.5386,0.002597021900209606,0.1937699119337546,-24.611768846870156,-145.8030050716616,2023-02,2023-03-01 09:30:00+08:00,2023-03-07,2023-03-07,2023-03-03,2023-03-03,2023-03-05 23:59:00+08:00,6.89471,6.9117
2020_2026,BASE,MACRO_TECH_TREE,15,FIRST_PASSAGE,MACRO_TECH_TREE_2624,2023-03-13,2023-03-14,2625,4.0,4.002,10400,191775.37667999996,41629.12415999999,8.32416,41154.54652,13.15348,0.0,2023-03-17,COMPLETE,4.550571428571429,4.698857142857142,,2628,FIRST_PASSAGE_LOSS_CLOSE,3,-474.5776399999886,-0.01140013511156197,84.66122190347949,2616.0,0.8466122190347949,1.3815480444529578,1.1696354556175,0.027295219615340205,ema_distance_atr,pmi_orders_level,,-0.3162659551771854,0.21162020065403456,-1.1513603815960842,-1.0445890630813153,-0.12464907856547204,-0.6229408164121975,-0.0300960747347463,0.9361702127659552,4.100000000000001,3.200000000000003,0.0253000000000001,0.1008,0.0014035142965382885,0.06816833011332601,-40.25030212862156,-15.638533281751407,2023-02,2023-03-01 09:30:00+08:00,2023-03-10,2023-03-10,2023-03-10,2023-03-10,2023-03-12 23:59:00+08:00,6.93752,6.9655
2020_2026,BASE,MACRO_TECH_TREE,16,FIRST_PASSAGE,MACRO_TECH_TREE_2628,2023-03-17,2023-03-20,2629,3.954,3.956,10000,191300.79903999995,39567.912,7.912000000000001,40729.80908,12.99092,0.0,2023-04-04,COMPLETE,4.502214285714286,4.657571428571429,,2640,FIRST_PASSAGE_PROFIT_CLOSE,11,1161.8970800000025,0.02936462960188555,84.66122190347949,2616.0,0.8466122190347949,1.3815480444529578,1.1696354556175,0.027295219615340205,ema_distance_atr,pmi_orders_level,,-0.2949262779789664,0.2019878329001264,-1.4344422469967064,-0.08114493075876171,0.8789337844029086,0.10446854782959991,-0.04663240563531247,-0.08695652173912792,4.100000000000001,3.200000000000003,0.2065999999999999,0.27359999999999984,-0.0010641689181344338,0.08216059814035408,-19.468096120101073,-131.19628207975268,2023-02,2023-03-01 09:30:00+08:00,2023-03-16,2023-03-16,2023-03-10,2023-03-14,2023-03-16 23:59:00+08:00,6.88149,6.8949
2020_2026,BASE,MACRO_TECH_TREE,17,FIRST_PASSAGE,MACRO_TECH_TREE_3229,2025-09-05,2025-09-08,3230,4.554,4.557,9900,192462.69611999995,45123.32286,9.022860000000001,46781.12185999999,14.178139999999999,0.0,2025-09-30,COMPLETE,5.224428571428572,5.484142857142857,,3246,FIRST_PASSAGE_PROFIT_CLOSE,16,1657.7989999999918,0.03673929345016307,72.8501193018261,3225.0,0.728501193018261,1.7232562154918354,1.2553942088619354,0.01941628266067485,log_rv_ratio,,,-0.029849068084085995,0.3002057587589021,1.2621084507923206,-0.3848445068395815,0.00682241506908703,-0.19895086281242383,0.3230840051516367,0.8595041322314089,-0.5,0.10000000000000142,0.04880000000000018,-0.0907,0.016113992824479784,0.4312531244498773,41.43943175805748,-7.186323547523145,2025-08,2025-08-31 09:30:00+08:00,2025-09-04,2025-09-04,2025-08-29,2025-09-02,2025-09-04 23:59:00+08:00,7.13842,7.1089
2020_2026,BASE,FX_MACRO_TECH_TREE,1,FIRST_PASSAGE,FX_MACRO_TECH_TREE_1923,2020-04-21,2020-04-22,1924,3.779,3.781,21100,200000.0,79795.05582000001,15.955820000000003,81219.02936,17.67064,0.0,2020-05-06,COMPLETE,4.116642857142858,4.270714285714286,,1931,FIRST_PASSAGE_PROFIT_CLOSE,7,1423.9735399999918,0.01784538559897948,86.4054908777531,1910.0,0.864054908777531,1.2647745890826227,1.092834692193925,0.02328580620764934,log_rv_ratio|weekly_hist_atr,,,0.39973275591618784,-0.3344278484933622,0.3292269203842318,-0.10427171739819673,-0.2587477221787043,0.3785726980295815,0.044219455394791635,-0.4545454545454516,2.0,22.7,-0.7808000000000002,-0.35240000000000005,0.0038999373477583976,-0.3856795908356123,7.364577283147036,-3.872248864000759,2020-03,2020-03-31 09:00:00+08:00,2020-04-20,2020-04-20,2020-04-17,2020-04-17,2020-04-19 23:59:00+08:00,7.07701,7.0718
2020_2026,BASE,FX_MACRO_TECH_TREE,2,FIRST_PASSAGE,FX_MACRO_TECH_TREE_1931,2020-05-06,2020-05-07,1932,3.918,3.92,15800,201423.97353999998,61948.3872,12.3872,60185.9604,12.0396,0.0,2020-05-25,COMPLETE,4.255857142857143,4.409285714285715,,1944,FIRST_PASSAGE_LOSS_CLOSE,12,-1762.4267999999938,-0.02844992226044577,87.17540986315471,1931.0,0.8717540986315472,1.271240080526953,1.1082087505440694,0.024125710539571226,log_rv_ratio|weekly_hist_atr,,,0.3508936938727133,-0.178084231486326,1.9306931170904718,1.6996019396625512,0.16038927832709496,1.0,-0.16032010067055433,0.8030303030302987,0.20000000000000284,-1.7999999999999972,-0.29200000000000026,0.5210999999999999,-0.02269939190265191,-0.4239657072419832,47.97813013640941,10.987606446950402,2020-04,2020-04-30 00:01:00+08:00,2020-04-30,2020-04-30,2020-04-30,2020-04-30,2020-05-02 23:59:00+08:00,7.09104,7.0571
2020_2026,BASE,FX_MACRO_TECH_TREE,3,FIRST_PASSAGE,FX_MACRO_TECH_TREE_2046,2020-10-26,2020-10-27,2047,4.737,4.74,18100,199661.54674,85811.1588,17.1588,89667.5629,17.9371,0.0,2020-11-06,COMPLETE,5.052214285714286,5.273571428571429,,2055,FIRST_PASSAGE_PROFIT_CLOSE,8,3856.4040999999997,0.044940589941083506,85.1529209613273,2035.0,0.8515292096132729,1.2183733459381962,1.037480492280631,0.02613778592904933,log_rv_ratio,pmi_orders_change,,-0.026271492899685105,-0.08651636464266634,-0.5780572007179186,-0.6194602413250735,0.38034608680711585,-0.42436797428246176,-0.038194912379581565,-0.09999999999999619,2.799999999999997,0.7999999999999972,0.016999999999999904,0.030299999999999994,-0.0029919872068587816,-0.3757739533053712,-8.143878630885583,49.67757267508271,2020-09,2020-09-30 09:00:00+08:00,2020-10-23,2020-10-23,2020-10-23,2020-10-23,2020-10-25 23:59:00+08:00,6.66487,6.6703
2020_2026,BASE,FX_MACRO_TECH_TREE,4,FIRST_PASSAGE,FX_MACRO_TECH_TREE_2072,2020-12-01,2020-12-02,2073,5.145,5.148,19100,203517.95084,98346.46535999999,19.66536,95665.27423999998,28.425759999999997,0.0,2020-12-10,COMPLETE,5.4637142857142855,5.674571428571428,,2079,FIRST_PASSAGE_LOSS_CLOSE,6,-2681.191120000003,-0.027262709546148182,83.12251524170784,2072.0,0.8312251524170785,1.2717986025412333,1.0571509872411642,0.02585614373295373,log_rv_ratio,pmi_orders_change,,0.07623863424109689,0.014386586202039213,2.194701751124161,0.8870921205148335,0.25502335752520555,0.13102404381678073,-0.11276976029107028,0.9274193548387073,3.8999999999999986,1.1000000000000014,0.10489999999999977,0.15410000000000013,0.002063113508590453,0.11065768043143892,-4.654721660197408,41.08252325033981,2020-11,2020-11-30 00:01:00+08:00,2020-11-30,2020-11-30,2020-11-27,2020-11-27,2020-11-29 23:59:00+08:00,6.57244,6.5755
2020_2026,BASE,FX_MACRO_TECH_TREE,5,FIRST_PASSAGE,FX_MACRO_TECH_TREE_2079,2020-12-10,2020-12-11,2080,5.02,5.023,17000,200836.75972,85408.0782,17.078200000000002,87649.9449,22.755100000000002,0.0,2020-12-31,COMPLETE,5.336142857142857,5.554714285714286,,2094,FIRST_PASSAGE_PROFIT_CLOSE,14,2241.8666999999987,0.02624888356286652,83.12251524170784,2072.0,0.8312251524170785,1.2717986025412333,1.0571509872411642,0.02585614373295373,log_rv_ratio,pmi_orders_change,,-0.16131831684183162,0.05429426234914976,-0.31332934990707567,-1.154839673772485,-0.12118066000166089,-0.6593322297132757,-0.21814250056104237,0.0,3.8999999999999986,1.1000000000000014,-0.33150000000000013,0.03059999999999996,-0.00013177407050635193,0.04953756741004174,-23.696239834052907,-24.137080197468528,2020-11,2020-11-30 00:01:00+08:00,2020-12-09,2020-12-09,2020-12-04,2020-12-07,2020-12-09 23:59:00+08:00,6.52073,6.5362
2020_2026,BASE,FX_MACRO_TECH_TREE,6,FIRST_PASSAGE,FX_MACRO_TECH_TREE_2293,2021-11-01,2021-11-02,2294,4.962,4.965,13900,203078.62642,69027.3027,13.802700000000002,68235.3502,13.6498,0.0,2021-11-04,COMPLETE,5.3605,5.548,,2296,FIRST_PASSAGE_LOSS_CLOSE,2,-791.9524999999994,-0.011473032684500352,81.76052527316462,2293.0,0.8176052527316462,1.3142354295312337,1.074525790510768,0.02514937772852083,log_rv_ratio,financing_net_change5|financing_buy_activity,,-0.05084213481851112,0.019918562321057515,-0.3081391997159809,-1.0278690048086547,-0.30484811879149804,-0.4631502961279835,-0.33370104525965655,0.16326530612244786,-1.2000000000000028,-0.5,0.13999999999999968,0.3576999999999999,-0.0011006450153269176,-0.24891209640809958,19.321925447045494,54.17770364235052,2021-10,2021-10-31 00:01:00+08:00,2021-10-29,2021-10-29,2021-10-29,2021-10-29,2021-10-31 23:59:00+08:00,6.40306,6.3907
2020_2026,BASE,FX_MACRO_TECH_TREE,7,FIRST_PASSAGE,FX_MACRO_TECH_TREE_2296,2021-11-04,2021-11-05,2297,4.93,4.933,14000,202286.67391999997,69075.8124,13.8124,69020.1932,13.8068,0.0,2021-12-03,COMPLETE,5.325642857142857,5.521714285714286,,2317,FIRST_PASSAGE_TWENTY_CLOSES,20,-55.619200000001,-0.0008051906748186287,81.76052527316462,2293.0,0.8176052527316462,1.3142354295312337,1.074525790510768,0.02514937772852083,log_rv_ratio,financing_net_change5|financing_buy_activity,,-0.14682435062440413,0.019047805498279047,-0.4073709332213978,-0.09944918815458509,0.07888603864405978,-0.15164032739407812,-0.25685236040427845,0.6923076923077011,-1.2000000000000028,-0.5,-0.08370000000000033,-0.17040000000000033,-0.009844203803517804,-0.21732089201852894,-37.36408377986251,-19.2323939279438,2021-10,2021-10-31 00:01:00+08:00,2021-11-03,2021-11-03,2021-10-29,2021-11-01,2021-11-03 23:59:00+08:00,6.39526,6.4192
2020_2026,BASE,FX_MACRO_TECH_TREE,8,FIRST_PASSAGE,FX_MACRO_TECH_TREE_2325,2021-12-15,2021-12-16,2326,5.082,5.085,13500,202231.05471999996,68661.2295,13.7295,66811.635,13.365,0.0,2021-12-21,COMPLETE,5.4865,5.656000000000001,,2329,FIRST_PASSAGE_LOSS_CLOSE,3,-1849.5945000000065,-0.02693797523681114,82.59529881977451,2315.0,0.8259529881977451,1.2478536138835383,1.0306684212204638,0.025629990717038087,log_rv_ratio|momentum5_scaled,pmi_orders_change,,0.2899872730016836,0.11682886333954973,0.8282585886333197,0.060092253851327895,-0.22475062677238805,0.04932102967867507,-0.3348611720168471,-0.6721311475409902,-0.6000000000000014,0.6000000000000014,0.007099999999999884,0.05520000000000014,0.0066065126377912176,0.03415306620830431,5.837986625448308,10.341809065803117,2021-11,2021-11-30 00:01:00+08:00,2021-12-14,2021-12-14,2021-12-10,2021-12-10,2021-12-12 23:59:00+08:00,6.37392,6.3702
2020_2026,BASE,FX_MACRO_TECH_TREE,9,FIRST_PASSAGE,FX_MACRO_TECH_TREE_2329,2021-12-21,2021-12-22,2330,4.992,4.995,13700,200381.46021999995,68445.1863,13.686300000000001,67075.48222,13.417780000000002,0.0,2022-01-07,COMPLETE,5.390000000000001,5.579000000000001,,2341,FIRST_PASSAGE_LOSS_CLOSE,11,-1369.7040799999959,-0.02001169335702423,82.59529881977451,2315.0,0.8259529881977451,1.2478536138835383,1.0306684212204638,0.025629990717038087,log_rv_ratio|momentum5_scaled,pmi_orders_change,,-0.147168292181861,0.10487928356078977,-0.746189100497706,-1.5520837840704178,0.629489810152196,-0.30460646978102107,-0.20725783414879478,0.604651162790691,-0.6000000000000014,0.6000000000000014,-0.09750000000000014,-0.07430000000000003,-0.0030055441751434264,-0.020144207015229967,27.95730098778791,22.1193143623396,2021-11,2021-11-30 00:01:00+08:00,2021-12-20,2021-12-20,2021-12-17,2021-12-17,2021-12-19 23:59:00+08:00,6.38292,6.3651
2020_2026,BASE,FX_MACRO_TECH_TREE,10,FIRST_PASSAGE,FX_MACRO_TECH_TREE_2375,2022-03-03,2022-03-04,2376,4.505,4.508,17000,199011.75613999995,76651.3272,15.327200000000001,73833.2304,14.7696,0.0,2022-03-08,COMPLETE,4.980214285714286,5.162571428571429,,2378,FIRST_PASSAGE_LOSS_CLOSE,2,-2818.0967999999993,-0.03676514031710072,85.71231934484533,2373.0,0.8571231934484533,1.4327847106098512,1.2280730066820338,0.02753752130938968,log_rv_ratio|ema_distance_atr,pmi_orders_level,,0.0899361191573008,-0.24070744788663326,-1.1148964866300215,0.15408249829789775,-0.805197104763286,0.4251301597224031,-0.055001567192533345,-0.6923076923076965,0.7000000000000028,1.4000000000000057,-0.09220000000000006,-0.18409999999999993,-0.0009714772538295113,0.007620240044576113,-15.766432169872678,3.889787772195719,2022-02,2022-03-01 09:30:00+08:00,2022-03-02,2022-03-02,2022-02-25,2022-02-28,2022-03-02 23:59:00+08:00,6.31224,6.3222
2020_2026,BASE,FX_MACRO_TECH_TREE,11,FIRST_PASSAGE,FX_MACRO_TECH_TREE_2463,2022-07-13,2022-07-14,2464,4.355,4.358,14500,196193.65933999995,63203.638199999994,12.6382,61978.18924,21.71076,0.0,2022-07-26,COMPLETE,4.814571428571429,5.043857142857143,,2472,FIRST_PASSAGE_LOSS_CLOSE,8,-1225.4489599999943,-0.019388899039675764,77.30222752633227,2455.0,0.7730222752633227,1.312283800522645,1.0144246092712152,0.02132183316230503,log_rv_ratio,pmi_orders_level|financing_net_change5,,-0.3218246171026467,0.41878859174561134,-0.3502152666824176,-0.9314399683815328,-0.34794987960762397,-0.17933863107069237,-0.010175420139375264,0.0784313725490121,0.3999999999999986,2.1999999999999957,-0.5601,-0.030399999999999983,0.0023489999587378296,0.10060058929594724,-39.19860768456559,-52.799273373903354,2022-06,2022-06-30 09:30:00+08:00,2022-07-12,2022-07-12,2022-07-08,2022-07-08,2022-07-10 23:59:00+08:00,6.68355,6.7098
2020_2026,BASE,FX_MACRO_TECH_TREE,12,FIRST_PASSAGE,FX_MACRO_TECH_TREE_2472,2022-07-26,2022-07-27,2473,4.29,4.293,13300,194968.21037999995,57108.31938,11.41938,55888.72002,11.17998,0.0,2022-08-01,COMPLETE,4.762214285714286,4.953571428571429,,2476,FIRST_PASSAGE_LOSS_CLOSE,3,-1219.5993600000002,-0.02135589653557758,77.30222752633227,2455.0,0.7730222752633227,1.312283800522645,1.0144246092712152,0.02132183316230503,log_rv_ratio,pmi_orders_level|financing_net_change5,,-0.3606329628908338,0.3743668231161938,-0.5964785856765755,-0.23740797762105922,0.03254983108459174,0.27603643893051544,-0.21269271511919988,0.49999999999999034,0.3999999999999986,2.1999999999999957,-0.5827,-0.07939999999999992,0.00043778609657674217,-0.08833166390221885,4.042309561208438,-6.055844756261938,2022-06,2022-06-30 09:30:00+08:00,2022-07-25,2022-07-25,2022-07-22,2022-07-22,2022-07-24 23:59:00+08:00,6.75493,6.7522
2020_2026,BASE,FX_MACRO_TECH_TREE,13,FIRST_PASSAGE,FX_MACRO_TECH_TREE_2616,2023-03-01,2023-03-02,2617,4.11,4.113,12400,193748.61101999995,51011.40024,10.20024,49924.81304,9.986960000000002,0.0,2023-03-08,COMPLETE,4.65157142857143,4.826857142857143,,2621,FIRST_PASSAGE_LOSS_CLOSE,4,-1086.5872000000018,-0.02130086990139053,84.66122190347947,2616.0,0.8466122190347948,1.3815480444529573,1.1696354556174995,0.027295219615340198,ema_distance_atr,pmi_orders_level,,-0.15371969592331378,0.28484162849958244,0.47570495543133673,0.22651142024047946,0.6428331012733622,0.11756630005441482,-0.021786252801456293,0.6973684210526261,4.100000000000001,3.200000000000003,0.42090000000000005,0.26860000000000017,0.002383217166580076,-0.04751610159201425,121.19123622479145,114.55192250921327,2023-02,2023-03-01 09:30:00+08:00,2023-02-28,2023-02-28,2023-02-24,2023-02-24,2023-02-26 23:59:00+08:00,6.97826,6.8942
2020_2026,BASE,FX_MACRO_TECH_TREE,14,FIRST_PASSAGE,FX_MACRO_TECH_TREE_2621,2023-03-08,2023-03-09,2622,4.032,4.035,11400,192662.02381999997,46008.1998,9.1998,45121.55266000001,13.94734,0.0,2023-03-13,COMPLETE,4.577357142857142,4.741285714285714,,2624,FIRST_PASSAGE_LOSS_CLOSE,2,-886.6471399999937,-0.019271502555072664,84.66122190347947,2616.0,0.8466122190347948,1.3815480444529573,1.1696354556174995,0.027295219615340198,ema_distance_atr,pmi_orders_level,,-0.1908026331239045,0.29597095981225663,-1.0943983636444017,-1.0409405262314828,-0.29341843551142077,-0.7096806210830852,-0.03668336828764096,-0.16000000000001563,4.100000000000001,3.200000000000003,-0.11769999999999992,-0.5386,0.002597021900209606,0.1937699119337546,-24.611768846870156,-145.8030050716616,2023-02,2023-03-01 09:30:00+08:00,2023-03-07,2023-03-07,2023-03-03,2023-03-03,2023-03-05 23:59:00+08:00,6.89471,6.9117
2020_2026,BASE,FX_MACRO_TECH_TREE,15,FIRST_PASSAGE,FX_MACRO_TECH_TREE_2624,2023-03-13,2023-03-14,2625,4.0,4.002,10400,191775.37667999996,41629.12415999999,8.32416,41154.54652,13.15348,0.0,2023-03-17,COMPLETE,4.550571428571429,4.698857142857142,,2628,FIRST_PASSAGE_LOSS_CLOSE,3,-474.5776399999886,-0.01140013511156197,84.66122190347947,2616.0,0.8466122190347948,1.3815480444529573,1.1696354556174995,0.027295219615340198,ema_distance_atr,pmi_orders_level,,-0.3162659551771854,0.21162020065403456,-1.1513603815960842,-1.0445890630813153,-0.12464907856547204,-0.6229408164121975,-0.0300960747347463,0.9361702127659552,4.100000000000001,3.200000000000003,0.0253000000000001,0.1008,0.0014035142965382885,0.06816833011332601,-40.25030212862156,-15.638533281751407,2023-02,2023-03-01 09:30:00+08:00,2023-03-10,2023-03-10,2023-03-10,2023-03-10,2023-03-12 23:59:00+08:00,6.93752,6.9655
2020_2026,BASE,FX_MACRO_TECH_TREE,16,FIRST_PASSAGE,FX_MACRO_TECH_TREE_2628,2023-03-17,2023-03-20,2629,3.954,3.956,10000,191300.79903999995,39567.912,7.912000000000001,40729.80908,12.99092,0.0,2023-04-04,COMPLETE,4.502214285714286,4.657571428571429,,2640,FIRST_PASSAGE_PROFIT_CLOSE,11,1161.8970800000025,0.02936462960188555,84.66122190347947,2616.0,0.8466122190347948,1.3815480444529573,1.1696354556174995,0.027295219615340198,ema_distance_atr,pmi_orders_level,,-0.2949262779789664,0.2019878329001264,-1.4344422469967064,-0.08114493075876171,0.8789337844029086,0.10446854782959991,-0.04663240563531247,-0.08695652173912792,4.100000000000001,3.200000000000003,0.2065999999999999,0.27359999999999984,-0.0010641689181344338,0.08216059814035408,-19.468096120101073,-131.19628207975268,2023-02,2023-03-01 09:30:00+08:00,2023-03-16,2023-03-16,2023-03-10,2023-03-14,2023-03-16 23:59:00+08:00,6.88149,6.8949
2020_2026,BASE,FX_MACRO_TECH_TREE,17,FIRST_PASSAGE,FX_MACRO_TECH_TREE_3229,2025-09-05,2025-09-08,3230,4.554,4.557,9900,192462.69611999995,45123.32286,9.022860000000001,46781.12185999999,14.178139999999999,0.0,2025-09-30,COMPLETE,5.224428571428572,5.484142857142857,,3246,FIRST_PASSAGE_PROFIT_CLOSE,16,1657.7989999999918,0.03673929345016307,72.8501193018261,3225.0,0.728501193018261,1.7232562154918354,1.2553942088619354,0.01941628266067485,log_rv_ratio,,,-0.029849068084085995,0.3002057587589021,1.2621084507923206,-0.3848445068395815,0.00682241506908703,-0.19895086281242383,0.3230840051516367,0.8595041322314089,-0.5,0.10000000000000142,0.04880000000000018,-0.0907,0.016113992824479784,0.4312531244498773,41.43943175805748,-7.186323547523145,2025-08,2025-08-31 09:30:00+08:00,2025-09-04,2025-09-04,2025-08-29,2025-09-02,2025-09-04 23:59:00+08:00,7.13842,7.1089
2020_2026,STRESS,TECH_COMMON_TREE,1,FIRST_PASSAGE,TECH_COMMON_TREE_1923,2020-04-21,2020-04-22,1924,3.779,3.783,21100,200000.0,79853.22852,31.928520000000002,81162.0222,32.4778,0.0,2020-05-06,COMPLETE,4.116642857142858,4.270714285714286,,1931,FIRST_PASSAGE_PROFIT_CLOSE,7,1308.7936800000025,0.016389990790068087,86.4054908777531,1910.0,0.8640549087775309,1.2647745890826227,1.0928346921939247,0.023285806207649338,log_rv_ratio|weekly_hist_atr,,,0.39973275591618784,-0.3344278484933622,0.3292269203842318,-0.10427171739819673,-0.2587477221787043,0.3785726980295815,0.044219455394791635,-0.4545454545454516,2.0,22.7,-0.7808000000000002,-0.35240000000000005,0.0038999373477583976,-0.3856795908356123,7.364577283147036,-3.872248864000759,2020-03,2020-03-31 09:00:00+08:00,2020-04-20,2020-04-20,2020-04-17,2020-04-17,2020-04-19 23:59:00+08:00,7.07701,7.0718
2020_2026,STRESS,TECH_COMMON_TREE,2,FIRST_PASSAGE,TECH_COMMON_TREE_1931,2020-05-06,2020-05-07,1932,3.918,3.922,15800,201308.79368,61992.38704000001,24.787040000000005,60142.33344,24.066560000000003,0.0,2020-05-25,COMPLETE,4.255857142857143,4.409285714285715,,1944,FIRST_PASSAGE_LOSS_CLOSE,12,-1850.0536000000066,-0.029843238635193652,87.17540986315468,1931.0,0.8717540986315468,1.2712400805269537,1.1082087505440696,0.024125710539571223,log_rv_ratio|weekly_hist_atr,,,0.3508936938727133,-0.178084231486326,1.9306931170904718,1.6996019396625512,0.16038927832709496,1.0,-0.16032010067055433,0.8030303030302987,0.20000000000000284,-1.7999999999999972,-0.29200000000000026,0.5210999999999999,-0.02269939190265191,-0.4239657072419832,47.97813013640941,10.987606446950402,2020-04,2020-04-30 00:01:00+08:00,2020-04-30,2020-04-30,2020-04-30,2020-04-30,2020-05-02 23:59:00+08:00,7.09104,7.0571
2020_2026,STRESS,TECH_COMMON_TREE,3,FIRST_PASSAGE,TECH_COMMON_TREE_2160,2021-04-13,2021-04-14,2161,4.952,4.957,17200,199458.74008000002,85294.50416,34.10416,88458.60240000002,35.397600000000004,0.0,2021-04-26,COMPLETE,5.332857142857144,5.573285714285714,,2169,FIRST_PASSAGE_PROFIT_CLOSE,8,3164.098240000021,0.037096156090721116,84.24753555233225,2153.0,0.8424753555233225,1.4049717429315165,1.1836540686264514,0.027612758818299922,log_rv_ratio|weekly_hist_atr,,,0.04257984252516472,-0.44712681206659727,-1.6254060596236275,-1.391668804863925,0.34470955066775155,-0.8299830040947557,-0.00768689686286175,0.01538461538462064,3.6000000000000014,2.1000000000000014,-0.21210000000000018,-0.1100000000000001,0.006569326459820335,-0.29593112707062746,24.23332969365986,8.37362234610953,2021-03,2021-03-31 00:01:00+08:00,2021-04-12,2021-04-12,2021-04-09,2021-04-09,2021-04-11 23:59:00+08:00,6.55677,6.5409
2020_2026,STRESS,TECH_COMMON_TREE,4,FIRST_PASSAGE,TECH_COMMON_TREE_2169,2021-04-26,2021-04-27,2170,5.08,5.086,19300,202622.83832000004,98199.06392,39.263920000000006,96548.01416,45.38584,0.0,2021-05-10,COMPLETE,5.461785714285715,5.699428571428571,,2176,FIRST_PASSAGE_LOSS_CLOSE,6,-1651.0497599999944,-0.016813294282978685,84.24753555233225,2153.0,0.8424753555233225,1.4049717429315165,1.1836540686264514,0.027612758818299922,log_rv_ratio|weekly_hist_atr,,,0.24854420335529467,-0.4167227832516917,0.08848150995512771,-0.11443764790167493,0.3164907407939818,-0.2956584695092645,-0.15309885251867858,-0.6250000000000009,3.6000000000000014,2.1000000000000014,-0.02330000000000032,0.009099999999999664,0.004918645787427067,-0.09279615395565687,-7.456501520958864,2.856988072528849,2021-03,2021-03-31 00:01:00+08:00,2021-04-25,2021-04-23,2021-04-23,2021-04-23,2021-04-25 23:59:00+08:00,6.48856,6.4934
2020_2026,STRESS,TECH_COMMON_TREE,5,FIRST_PASSAGE,TECH_COMMON_TREE_2176,2021-05-10,2021-05-11,2177,4.967,4.972,16700,200971.78856000004,83065.61296000001,33.21296,85419.71844,34.18156,0.0,2021-05-17,COMPLETE,5.348642857142857,5.586714285714286,,2181,FIRST_PASSAGE_PROFIT_CLOSE,4,2354.105479999984,0.02834031311047564,81.9861229799361,2174.0,0.8198612297993609,1.3763467400429568,1.12841333092196,0.02594465946123112,log_rv_ratio|weekly_hist_atr,,,-0.010894137383888815,-0.3675583563648971,-0.9066882279844871,-1.1099058800196882,-0.0947901729428545,-0.5990246406443606,-0.11788855356448676,-0.07142857142856962,2.0,-1.6000000000000014,-0.4314000000000002,-0.44009999999999994,-0.004595296000527993,0.043161839983022,-82.25081339522703,-74.79431187426816,2021-04,2021-04-30 00:01:00+08:00,2021-05-08,2021-05-07,2021-05-07,2021-05-07,2021-05-09 23:59:00+08:00,6.41482,6.4678
2020_2026,STRESS,TECH_COMMON_TREE,6,FIRST_PASSAGE,TECH_COMMON_TREE_2181,2021-05-17,2021-05-18,2182,5.199,5.205,18100,203325.89404000004,94248.1842,37.684200000000004,93492.32376,45.976240000000004,0.0,2021-06-16,COMPLETE,5.572928571428572,5.834142857142857,,2202,FIRST_PASSAGE_TWENTY_CLOSES,20,-755.860440000004,-0.008019893925977663,81.9861229799361,2174.0,0.8198612297993609,1.3763467400429568,1.12841333092196,0.02594465946123112,log_rv_ratio|weekly_hist_atr,,,0.1258420149656751,-0.28170732712838226,1.2692077814540497,1.4988384725216302,0.49704669463384327,0.6421016804175704,-0.03453157459858611,0.6632653061224448,2.0,-1.6000000000000014,-0.2058000000000002,0.22560000000000002,0.00860899628965095,0.03998026075003745,-23.584550645615124,58.6662627496119,2021-04,2021-04-30 00:01:00+08:00,2021-05-14,2021-05-14,2021-05-14,2021-05-14,2021-05-16 23:59:00+08:00,6.4373,6.4525
2020_2026,STRESS,TECH_COMMON_TREE,7,FIRST_PASSAGE,TECH_COMMON_TREE_2347,2022-01-17,2022-01-18,2348,4.832,4.837,16900,202570.03360000002,81777.99812,32.69812,79229.2956,31.704400000000003,1267.5,2022-01-26,COMPLETE,5.229642857142857,5.419714285714286,,2354,FIRST_PASSAGE_LOSS_CLOSE,6,-1281.2025200000062,-0.015666836428546292,77.21441763057766,2338.0,0.7721441763057766,1.3305392667936526,1.0273681462008768,0.021567879343494238,log_rv_ratio|weekly_hist_atr|momentum5_scaled,,,-0.2639957141578267,-0.06766364495879512,-1.4238663642693348,-0.8284321416528441,0.022392508111194843,-0.12966051125016048,-0.18331724015724918,0.6851851851851803,-0.29999999999999716,0.30000000000000426,0.006799999999999695,0.15850000000000009,-0.0010427591474937437,-0.1134220850633801,-18.501014816165775,-31.075077220323323,2021-12,2021-12-31 00:01:00+08:00,2022-01-14,2022-01-14,2022-01-14,2022-01-14,2022-01-16 23:59:00+08:00,6.35593,6.3677
2020_2026,STRESS,TECH_COMMON_TREE,8,FIRST_PASSAGE,TECH_COMMON_TREE_2354,2022-01-26,2022-01-27,2355,4.693,4.698,16700,201288.83108000003,78487.98264,31.382640000000002,77323.45823999999,30.94176,0.0,2022-01-28,COMPLETE,5.161214285714285,5.364571428571428,,2356,FIRST_PASSAGE_LOSS_CLOSE,1,-1164.5244000000093,-0.01483697708656013,77.21441763057766,2338.0,0.7721441763057766,1.3305392667936526,1.0273681462008768,0.021567879343494238,log_rv_ratio|weekly_hist_atr|momentum5_scaled,,,-0.11804815051690264,-0.0800288278316728,-1.4415256090558168,-0.7272019478840773,0.06357760250424235,0.0506780554549291,-0.06371196714753985,0.18032786885246116,-0.29999999999999716,0.30000000000000426,-0.10820000000000007,-0.08009999999999984,-0.021834637382106337,-0.22430128261911206,-15.257649121244565,3.2433656949212093,2021-12,2021-12-31 00:01:00+08:00,2022-01-25,2022-01-25,2022-01-21,2022-01-21,2022-01-23 23:59:00+08:00,6.33952,6.3492
2020_2026,STRESS,TECH_COMMON_TREE,9,FIRST_PASSAGE,TECH_COMMON_TREE_2356,2022-01-28,2022-02-07,2357,4.625,4.63,15700,200124.30668000004,72720.0764,29.076400000000003,71301.91511999999,37.984880000000004,0.0,2022-02-15,COMPLETE,5.086642857142857,5.309714285714286,,2363,FIRST_PASSAGE_LOSS_CLOSE,6,-1418.1612800000148,-0.01950164727824756,77.21441763057766,2338.0,0.7721441763057766,1.3305392667936526,1.0273681462008768,0.021567879343494238,log_rv_ratio|weekly_hist_atr|momentum5_scaled,,,-0.2646472225292541,-0.07295615524712523,-2.8313757634945156,-2.2105604237172383,0.5510368802524818,-0.35445937593106447,-0.023178505620667044,-0.7614678899082505,-0.29999999999999716,0.30000000000000426,-0.06150000000000011,-0.07189999999999985,-0.02373078109161686,-0.36673522617632953,-17.518252655315855,-28.76804241655058,2021-12,2021-12-31 00:01:00+08:00,2022-01-27,2022-01-27,2022-01-21,2022-01-25,2022-01-27 23:59:00+08:00,6.3307,6.3418
2020_2026,STRESS,TECH_COMMON_TREE,10,FIRST_PASSAGE,TECH_COMMON_TREE_3011,2024-10-18,2024-10-21,3012,4.017,4.022,16300,198706.14540000004,65584.82344000001,26.223440000000004,66184.66552,30.53448,0.0,2024-11-18,COMPLETE,4.472571428571429,5.112857142857142,,3032,FIRST_PASSAGE_TWENTY_CLOSES,20,599.8420799999876,0.009146050085028445,67.45268896362263,3003.0,0.6745268896362263,1.8434955949145624,1.2434873496958043,0.019162917936491483,log_rv_ratio,,,0.03219512096958579,0.15089395120255947,1.0422910808453714,0.11397898173159626,0.26620179537022476,-0.06820154860121634,1.5905707930922115,0.5808823529411756,-0.10000000000000142,1.0,0.10929999999999995,-0.04489999999999994,0.003779677375633783,0.6586645933616705,78.429458324518,75.72861107636321,2024-09,2024-09-30 09:30:00+08:00,2024-10-17,2024-10-17,2024-10-11,2024-10-15,2024-10-17 23:59:00+08:00,7.13877,7.083
2020_2026,STRESS,TECH_COMMON_TREE,11,FIRST_PASSAGE,TECH_COMMON_TREE_3032,2024-11-18,2024-11-19,3033,4.04,4.045,16900,199305.98748,68387.8442,27.3442,66102.9016,29.398400000000002,0.0,2024-11-26,COMPLETE,4.615142857142857,4.896714285714285,,3038,FIRST_PASSAGE_LOSS_CLOSE,5,-2284.9426000000094,-0.03341153134346073,62.36486357585598,3021.0,0.6236486357585598,1.7807689878893105,1.1105741498983197,0.015992161685769668,log_rv_ratio,,,-0.2583630683979448,0.30626586703226577,-0.28126547796965035,-1.4569833113399087,-0.11357261885273551,-0.6345709389901537,0.48663562757680456,-0.314285714285708,0.0,0.10000000000000142,0.2230000000000001,0.11260000000000003,0.017707421749473484,0.5043785758245191,49.53540471930976,-27.8733966151163,2024-10,2024-10-31 09:30:00+08:00,2024-11-15,2024-11-15,2024-11-15,2024-11-15,2024-11-17 23:59:00+08:00,7.23495,7.1992
2020_2026,STRESS,TECH_COMMON_TREE,12,FIRST_PASSAGE,TECH_COMMON_TREE_3038,2024-11-26,2024-11-27,3039,3.916,3.92,14700,197021.04488,57647.0496,23.0496,60054.86843999999,24.03156,0.0,2024-12-13,COMPLETE,4.496214285714285,4.7625714285714285,,3051,FIRST_PASSAGE_PROFIT_CLOSE,12,2407.8188399999926,0.0417682926829267,62.36486357585598,3021.0,0.6236486357585598,1.7807689878893105,1.1105741498983197,0.015992161685769668,log_rv_ratio,,,-0.4449849102011888,0.23637622078561732,-1.2188875622971524,-1.0504081287612492,-0.8079963108589476,-0.20122965407091054,0.5764050521186846,0.20930232558139222,0.0,0.10000000000000142,0.268,0.043500000000000094,0.0020614270156256165,0.021183247178859117,88.47074068570886,38.9353359663991,2024-10,2024-10-31 09:30:00+08:00,2024-11-25,2024-11-25,2024-11-22,2024-11-22,2024-11-24 23:59:00+08:00,7.25813,7.1942
2020_2026,STRESS,TECH_COMMON_TREE,13,FIRST_PASSAGE,TECH_COMMON_TREE_3143,2025-05-07,2025-05-08,3144,3.918,3.922,17700,199428.86372,69447.16776000001,27.767760000000006,70877.83752,28.36248,0.0,2025-05-13,COMPLETE,4.554714285714286,4.651571428571428,,3147,FIRST_PASSAGE_PROFIT_CLOSE,3,1430.6697599999898,0.020600836666862937,65.64821591799873,3142.0,0.6564821591799873,1.66883395936753,1.0955597209584833,0.017300904071518214,log_rv_ratio|log_relative_volume,,,0.3614425077100749,-0.4275767102761301,1.1191885618372597,0.30636107765423815,0.14939382525188324,0.042841113485034756,0.6359437343064996,-0.44230769230769446,-0.7999999999999972,-2.5999999999999943,0.22720000000000007,0.007300000000000084,-0.003689483205792099,-0.34154485207336605,94.07934984963254,-31.183824052896213,2025-04,2025-04-30 09:30:00+08:00,2025-05-06,2025-05-06,2025-04-30,2025-04-30,2025-05-02 23:59:00+08:00,7.26947,7.2014
2020_2026,STRESS,TECH_COMMON_TREE,14,FIRST_PASSAGE,TECH_COMMON_TREE_3229,2025-09-05,2025-09-08,3230,4.554,4.559,16700,200859.53347999998,76165.75412,30.454120000000003,78875.87776,36.022240000000004,0.0,2025-09-30,COMPLETE,5.224428571428572,5.484142857142857,,3246,FIRST_PASSAGE_PROFIT_CLOSE,16,2710.1236400000053,0.03558191829532962,72.8501193018261,3225.0,0.728501193018261,1.7232562154918354,1.2553942088619354,0.019416282660674855,log_rv_ratio,,,-0.029849068084085995,0.3002057587589021,1.2621084507923206,-0.3848445068395815,0.00682241506908703,-0.19895086281242383,0.3230840051516367,0.8595041322314089,-0.5,0.10000000000000142,0.04880000000000018,-0.0907,0.016113992824479784,0.4312531244498773,41.43943175805748,-7.186323547523145,2025-08,2025-08-31 09:30:00+08:00,2025-09-04,2025-09-04,2025-08-29,2025-09-02,2025-09-04 23:59:00+08:00,7.13842,7.1089
2020_2026,STRESS,MACRO_TECH_TREE,1,FIRST_PASSAGE,MACRO_TECH_TREE_1923,2020-04-21,2020-04-22,1924,3.779,3.783,21100,200000.0,79853.22852,31.928520000000002,81162.0222,32.4778,0.0,2020-05-06,COMPLETE,4.116642857142858,4.270714285714286,,1931,FIRST_PASSAGE_PROFIT_CLOSE,7,1308.7936800000025,0.016389990790068087,86.4054908777531,1910.0,0.864054908777531,1.2647745890826227,1.092834692193925,0.02328580620764934,log_rv_ratio|weekly_hist_atr,,,0.39973275591618784,-0.3344278484933622,0.3292269203842318,-0.10427171739819673,-0.2587477221787043,0.3785726980295815,0.044219455394791635,-0.4545454545454516,2.0,22.7,-0.7808000000000002,-0.35240000000000005,0.0038999373477583976,-0.3856795908356123,7.364577283147036,-3.872248864000759,2020-03,2020-03-31 09:00:00+08:00,2020-04-20,2020-04-20,2020-04-17,2020-04-17,2020-04-19 23:59:00+08:00,7.07701,7.0718
2020_2026,STRESS,MACRO_TECH_TREE,2,FIRST_PASSAGE,MACRO_TECH_TREE_1931,2020-05-06,2020-05-07,1932,3.918,3.922,15800,201308.79368,61992.38704000001,24.787040000000005,60142.33344,24.066560000000003,0.0,2020-05-25,COMPLETE,4.255857142857143,4.409285714285715,,1944,FIRST_PASSAGE_LOSS_CLOSE,12,-1850.0536000000066,-0.029843238635193652,87.17540986315471,1931.0,0.8717540986315472,1.2712400805269533,1.1082087505440696,0.02412571053957123,log_rv_ratio|weekly_hist_atr,,,0.3508936938727133,-0.178084231486326,1.9306931170904718,1.6996019396625512,0.16038927832709496,1.0,-0.16032010067055433,0.8030303030302987,0.20000000000000284,-1.7999999999999972,-0.29200000000000026,0.5210999999999999,-0.02269939190265191,-0.4239657072419832,47.97813013640941,10.987606446950402,2020-04,2020-04-30 00:01:00+08:00,2020-04-30,2020-04-30,2020-04-30,2020-04-30,2020-05-02 23:59:00+08:00,7.09104,7.0571
2020_2026,STRESS,MACRO_TECH_TREE,3,FIRST_PASSAGE,MACRO_TECH_TREE_2046,2020-10-26,2020-10-27,2047,4.737,4.742,18000,199458.74008000002,85390.1424,34.1424,89118.3384,35.6616,0.0,2020-11-06,COMPLETE,5.052214285714286,5.273571428571429,,2055,FIRST_PASSAGE_PROFIT_CLOSE,8,3728.1959999999963,0.043660730562266825,85.15292096132731,2035.0,0.851529209613273,1.2183733459381962,1.037480492280631,0.026137785929049334,log_rv_ratio,pmi_orders_change,,-0.026271492899685105,-0.08651636464266634,-0.5780572007179186,-0.6194602413250735,0.38034608680711585,-0.42436797428246176,-0.038194912379581565,-0.09999999999999619,2.799999999999997,0.7999999999999972,0.016999999999999904,0.030299999999999994,-0.0029919872068587816,-0.3757739533053712,-8.143878630885583,49.67757267508271,2020-09,2020-09-30 09:00:00+08:00,2020-10-23,2020-10-23,2020-10-23,2020-10-23,2020-10-25 23:59:00+08:00,6.66487,6.6703
2020_2026,STRESS,MACRO_TECH_TREE,4,FIRST_PASSAGE,MACRO_TECH_TREE_2072,2020-12-01,2020-12-02,2073,5.145,5.151,19100,203186.93608,98423.45363999999,39.35364,95596.37072000002,51.62928000000001,0.0,2020-12-10,COMPLETE,5.4637142857142855,5.674571428571428,,2079,FIRST_PASSAGE_LOSS_CLOSE,6,-2827.0829199999716,-0.028723671192645742,83.12251524170784,2072.0,0.8312251524170785,1.2717986025412333,1.0571509872411642,0.02585614373295373,log_rv_ratio,pmi_orders_change,,0.07623863424109689,0.014386586202039213,2.194701751124161,0.8870921205148335,0.25502335752520555,0.13102404381678073,-0.11276976029107028,0.9274193548387073,3.8999999999999986,1.1000000000000014,0.10489999999999977,0.15410000000000013,0.002063113508590453,0.11065768043143892,-4.654721660197408,41.08252325033981,2020-11,2020-11-30 00:01:00+08:00,2020-11-30,2020-11-30,2020-11-27,2020-11-27,2020-11-29 23:59:00+08:00,6.57244,6.5755
2020_2026,STRESS,MACRO_TECH_TREE,5,FIRST_PASSAGE,MACRO_TECH_TREE_2079,2020-12-10,2020-12-11,2080,5.02,5.026,16800,200359.85316000006,84470.57472,33.77472,86563.34648000001,38.25352,0.0,2020-12-31,COMPLETE,5.336142857142857,5.554714285714286,,2094,FIRST_PASSAGE_PROFIT_CLOSE,14,2092.7717600000033,0.024775157111657488,83.12251524170784,2072.0,0.8312251524170785,1.2717986025412333,1.0571509872411642,0.02585614373295373,log_rv_ratio,pmi_orders_change,,-0.16131831684183162,0.05429426234914976,-0.31332934990707567,-1.154839673772485,-0.12118066000166089,-0.6593322297132757,-0.21814250056104237,0.0,3.8999999999999986,1.1000000000000014,-0.33150000000000013,0.03059999999999996,-0.00013177407050635193,0.04953756741004174,-23.696239834052907,-24.137080197468528,2020-11,2020-11-30 00:01:00+08:00,2020-12-09,2020-12-09,2020-12-04,2020-12-07,2020-12-09 23:59:00+08:00,6.52073,6.5362
2020_2026,STRESS,MACRO_TECH_TREE,6,FIRST_PASSAGE,MACRO_TECH_TREE_2293,2021-11-01,2021-11-02,2294,4.962,4.9670000000000005,13900,202452.62492000006,69068.91652,27.61652,68193.91152000001,27.288480000000007,0.0,2021-11-04,COMPLETE,5.3605,5.548,,2296,FIRST_PASSAGE_LOSS_CLOSE,2,-875.0049999999901,-0.012668578632569379,81.76052527316462,2293.0,0.8176052527316462,1.3142354295312337,1.074525790510768,0.02514937772852083,log_rv_ratio,financing_net_change5|financing_buy_activity,,-0.05084213481851112,0.019918562321057515,-0.3081391997159809,-1.0278690048086547,-0.30484811879149804,-0.4631502961279835,-0.33370104525965655,0.16326530612244786,-1.2000000000000028,-0.5,0.13999999999999968,0.3576999999999999,-0.0011006450153269176,-0.24891209640809958,19.321925447045494,54.17770364235052,2021-10,2021-10-31 00:01:00+08:00,2021-10-29,2021-10-29,2021-10-29,2021-10-29,2021-10-31 23:59:00+08:00,6.40306,6.3907
2020_2026,STRESS,MACRO_TECH_TREE,7,FIRST_PASSAGE,MACRO_TECH_TREE_2296,2021-11-04,2021-11-05,2297,4.93,4.9350000000000005,13900,201577.61992000008,68623.9386,27.4386,68485.69476000001,27.405240000000003,0.0,2021-12-03,COMPLETE,5.325642857142857,5.521714285714286,,2317,FIRST_PASSAGE_TWENTY_CLOSES,20,-138.243839999981,-0.002014513343598454,81.76052527316462,2293.0,0.8176052527316462,1.3142354295312337,1.074525790510768,0.02514937772852083,log_rv_ratio,financing_net_change5|financing_buy_activity,,-0.14682435062440413,0.019047805498279047,-0.4073709332213978,-0.09944918815458509,0.07888603864405978,-0.15164032739407812,-0.25685236040427845,0.6923076923077011,-1.2000000000000028,-0.5,-0.08370000000000033,-0.17040000000000033,-0.009844203803517804,-0.21732089201852894,-37.36408377986251,-19.2323939279438,2021-10,2021-10-31 00:01:00+08:00,2021-11-03,2021-11-03,2021-10-29,2021-11-01,2021-11-03 23:59:00+08:00,6.39526,6.4192
2020_2026,STRESS,MACRO_TECH_TREE,8,FIRST_PASSAGE,MACRO_TECH_TREE_2325,2021-12-15,2021-12-16,2326,5.082,5.088,13400,201439.3760800001,68206.47168,27.27168,66276.67872000001,26.521280000000004,0.0,2021-12-21,COMPLETE,5.4865,5.656000000000001,,2329,FIRST_PASSAGE_LOSS_CLOSE,3,-1929.7929599999916,-0.028293399621283438,82.59529881977451,2315.0,0.8259529881977451,1.247853613883538,1.0306684212204635,0.025629990717038087,log_rv_ratio|momentum5_scaled,pmi_orders_change,,0.2899872730016836,0.11682886333954973,0.8282585886333197,0.060092253851327895,-0.22475062677238805,0.04932102967867507,-0.3348611720168471,-0.6721311475409902,-0.6000000000000014,0.6000000000000014,0.007099999999999884,0.05520000000000014,0.0066065126377912176,0.03415306620830431,5.837986625448308,10.341809065803117,2021-11,2021-11-30 00:01:00+08:00,2021-12-14,2021-12-14,2021-12-10,2021-12-10,2021-12-12 23:59:00+08:00,6.37392,6.3702
2020_2026,STRESS,MACRO_TECH_TREE,9,FIRST_PASSAGE,MACRO_TECH_TREE_2329,2021-12-21,2021-12-22,2330,4.992,4.997,13600,199509.58312000014,67986.38368,27.18368,66545.3712,26.628800000000002,0.0,2022-01-07,COMPLETE,5.390000000000001,5.579000000000001,,2341,FIRST_PASSAGE_LOSS_CLOSE,11,-1441.0124800000049,-0.02119560420778664,82.59529881977451,2315.0,0.8259529881977451,1.247853613883538,1.0306684212204635,0.025629990717038087,log_rv_ratio|momentum5_scaled,pmi_orders_change,,-0.147168292181861,0.10487928356078977,-0.746189100497706,-1.5520837840704178,0.629489810152196,-0.30460646978102107,-0.20725783414879478,0.604651162790691,-0.6000000000000014,0.6000000000000014,-0.09750000000000014,-0.07430000000000003,-0.0030055441751434264,-0.020144207015229967,27.95730098778791,22.1193143623396,2021-11,2021-11-30 00:01:00+08:00,2021-12-20,2021-12-20,2021-12-17,2021-12-17,2021-12-19 23:59:00+08:00,6.38292,6.3651
2020_2026,STRESS,MACRO_TECH_TREE,10,FIRST_PASSAGE,MACRO_TECH_TREE_2375,2022-03-03,2022-03-04,2376,4.505,4.51,16300,198068.57064000014,73542.4052,29.4052,70746.29016,28.309840000000005,0.0,2022-03-08,COMPLETE,4.980214285714286,5.162571428571429,,2378,FIRST_PASSAGE_LOSS_CLOSE,2,-2796.1150399999897,-0.03802044592362598,85.71231934484533,2373.0,0.8571231934484533,1.4327847106098512,1.2280730066820338,0.027537521309389683,log_rv_ratio|ema_distance_atr,pmi_orders_level,,0.0899361191573008,-0.24070744788663326,-1.1148964866300215,0.15408249829789775,-0.805197104763286,0.4251301597224031,-0.055001567192533345,-0.6923076923076965,0.7000000000000028,1.4000000000000057,-0.09220000000000006,-0.18409999999999993,-0.0009714772538295113,0.007620240044576113,-15.766432169872678,3.889787772195719,2022-02,2022-03-01 09:30:00+08:00,2022-03-02,2022-03-02,2022-02-25,2022-02-28,2022-03-02 23:59:00+08:00,6.31224,6.3222
2020_2026,STRESS,MACRO_TECH_TREE,11,FIRST_PASSAGE,MACRO_TECH_TREE_2463,2022-07-13,2022-07-14,2464,4.355,4.36,13800,195272.45560000016,60192.067200000005,24.067200000000003,58948.2856,32.2144,0.0,2022-07-26,COMPLETE,4.814571428571429,5.043857142857143,,2472,FIRST_PASSAGE_LOSS_CLOSE,8,-1243.781600000002,-0.020663546840272034,77.30222752633227,2455.0,0.7730222752633228,1.3122838005226447,1.0144246092712152,0.021321833162305032,log_rv_ratio,pmi_orders_level|financing_net_change5,,-0.3218246171026467,0.41878859174561134,-0.3502152666824176,-0.9314399683815328,-0.34794987960762397,-0.17933863107069237,-0.010175420139375264,0.0784313725490121,0.3999999999999986,2.1999999999999957,-0.5601,-0.030399999999999983,0.0023489999587378296,0.10060058929594724,-39.19860768456559,-52.799273373903354,2022-06,2022-06-30 09:30:00+08:00,2022-07-12,2022-07-12,2022-07-08,2022-07-08,2022-07-10 23:59:00+08:00,6.68355,6.7098
2020_2026,STRESS,MACRO_TECH_TREE,12,FIRST_PASSAGE,MACRO_TECH_TREE_2472,2022-07-26,2022-07-27,2473,4.29,4.295,12600,194028.67400000017,54138.6468,21.646800000000002,52915.19500000001,26.005000000000003,0.0,2022-08-01,COMPLETE,4.762214285714286,4.953571428571429,,2476,FIRST_PASSAGE_LOSS_CLOSE,3,-1223.4517999999953,-0.02259849243221194,77.30222752633227,2455.0,0.7730222752633228,1.3122838005226447,1.0144246092712152,0.021321833162305032,log_rv_ratio,pmi_orders_level|financing_net_change5,,-0.3606329628908338,0.3743668231161938,-0.5964785856765755,-0.23740797762105922,0.03254983108459174,0.27603643893051544,-0.21269271511919988,0.49999999999999034,0.3999999999999986,2.1999999999999957,-0.5827,-0.07939999999999992,0.00043778609657674217,-0.08833166390221885,4.042309561208438,-6.055844756261938,2022-06,2022-06-30 09:30:00+08:00,2022-07-25,2022-07-25,2022-07-22,2022-07-22,2022-07-24 23:59:00+08:00,6.75493,6.7522
2020_2026,STRESS,MACRO_TECH_TREE,13,FIRST_PASSAGE,MACRO_TECH_TREE_2616,2023-03-01,2023-03-02,2617,4.11,4.115,11700,192805.2222000002,48164.7582,19.258200000000002,47075.32400000001,23.676000000000005,0.0,2023-03-08,COMPLETE,4.65157142857143,4.826857142857143,,2621,FIRST_PASSAGE_LOSS_CLOSE,4,-1089.4341999999888,-0.022618907282295646,84.66122190347949,2616.0,0.8466122190347949,1.3815480444529578,1.1696354556175,0.027295219615340205,ema_distance_atr,pmi_orders_level,,-0.15371969592331378,0.28484162849958244,0.47570495543133673,0.22651142024047946,0.6428331012733622,0.11756630005441482,-0.021786252801456293,0.6973684210526261,4.100000000000001,3.200000000000003,0.42090000000000005,0.26860000000000017,0.002383217166580076,-0.04751610159201425,121.19123622479145,114.55192250921327,2023-02,2023-03-01 09:30:00+08:00,2023-02-28,2023-02-28,2023-02-24,2023-02-24,2023-02-26 23:59:00+08:00,6.97826,6.8942
2020_2026,STRESS,MACRO_TECH_TREE,14,FIRST_PASSAGE,MACRO_TECH_TREE_2621,2023-03-08,2023-03-09,2622,4.032,4.037,10600,191715.78800000023,42809.31688,17.11688,41925.480599999995,21.619400000000002,0.0,2023-03-13,COMPLETE,4.577357142857142,4.741285714285714,,2624,FIRST_PASSAGE_LOSS_CLOSE,2,-883.8362800000032,-0.020645886092448277,84.66122190347949,2616.0,0.8466122190347949,1.3815480444529578,1.1696354556175,0.027295219615340205,ema_distance_atr,pmi_orders_level,,-0.1908026331239045,0.29597095981225663,-1.0943983636444017,-1.0409405262314828,-0.29341843551142077,-0.7096806210830852,-0.03668336828764096,-0.16000000000001563,4.100000000000001,3.200000000000003,-0.11769999999999992,-0.5386,0.002597021900209606,0.1937699119337546,-24.611768846870156,-145.8030050716616,2023-02,2023-03-01 09:30:00+08:00,2023-03-07,2023-03-07,2023-03-03,2023-03-03,2023-03-05 23:59:00+08:00,6.89471,6.9117
2020_2026,STRESS,MACRO_TECH_TREE,15,FIRST_PASSAGE,MACRO_TECH_TREE_2624,2023-03-13,2023-03-14,2625,4.0,4.0040000000000004,9600,190831.95172000024,38453.77536,15.37536,37962.0672,20.0328,0.0,2023-03-17,COMPLETE,4.550571428571429,4.698857142857142,,2628,FIRST_PASSAGE_LOSS_CLOSE,3,-491.70816000000195,-0.012786993094869996,84.66122190347949,2616.0,0.8466122190347949,1.3815480444529578,1.1696354556175,0.027295219615340205,ema_distance_atr,pmi_orders_level,,-0.3162659551771854,0.21162020065403456,-1.1513603815960842,-1.0445890630813153,-0.12464907856547204,-0.6229408164121975,-0.0300960747347463,0.9361702127659552,4.100000000000001,3.200000000000003,0.0253000000000001,0.1008,0.0014035142965382885,0.06816833011332601,-40.25030212862156,-15.638533281751407,2023-02,2023-03-01 09:30:00+08:00,2023-03-10,2023-03-10,2023-03-10,2023-03-10,2023-03-12 23:59:00+08:00,6.93752,6.9655
2020_2026,STRESS,MACRO_TECH_TREE,16,FIRST_PASSAGE,MACRO_TECH_TREE_2628,2023-03-17,2023-03-20,2629,3.954,3.958,9100,190340.24356000026,36032.20712000001,14.407120000000003,37049.23,19.67,0.0,2023-04-04,COMPLETE,4.502214285714286,4.657571428571429,,2640,FIRST_PASSAGE_PROFIT_CLOSE,11,1017.0228799999968,0.028225383935348465,84.66122190347949,2616.0,0.8466122190347949,1.3815480444529578,1.1696354556175,0.027295219615340205,ema_distance_atr,pmi_orders_level,,-0.2949262779789664,0.2019878329001264,-1.4344422469967064,-0.08114493075876171,0.8789337844029086,0.10446854782959991,-0.04663240563531247,-0.08695652173912792,4.100000000000001,3.200000000000003,0.2065999999999999,0.27359999999999984,-0.0010641689181344338,0.08216059814035408,-19.468096120101073,-131.19628207975268,2023-02,2023-03-01 09:30:00+08:00,2023-03-16,2023-03-16,2023-03-10,2023-03-14,2023-03-16 23:59:00+08:00,6.88149,6.8949
2020_2026,STRESS,MACRO_TECH_TREE,17,FIRST_PASSAGE,MACRO_TECH_TREE_3229,2025-09-05,2025-09-08,3230,4.554,4.559,9000,191357.26644000027,41047.4124,16.4124,42518.36476,21.83524,0.0,2025-09-30,COMPLETE,5.224428571428572,5.484142857142857,,3246,FIRST_PASSAGE_PROFIT_CLOSE,16,1470.9523599999957,0.035835446718682704,72.8501193018261,3225.0,0.728501193018261,1.7232562154918354,1.2553942088619354,0.01941628266067485,log_rv_ratio,,,-0.029849068084085995,0.3002057587589021,1.2621084507923206,-0.3848445068395815,0.00682241506908703,-0.19895086281242383,0.3230840051516367,0.8595041322314089,-0.5,0.10000000000000142,0.04880000000000018,-0.0907,0.016113992824479784,0.4312531244498773,41.43943175805748,-7.186323547523145,2025-08,2025-08-31 09:30:00+08:00,2025-09-04,2025-09-04,2025-08-29,2025-09-02,2025-09-04 23:59:00+08:00,7.13842,7.1089
2020_2026,STRESS,FX_MACRO_TECH_TREE,1,FIRST_PASSAGE,FX_MACRO_TECH_TREE_1923,2020-04-21,2020-04-22,1924,3.779,3.783,21100,200000.0,79853.22852,31.928520000000002,81162.0222,32.4778,0.0,2020-05-06,COMPLETE,4.116642857142858,4.270714285714286,,1931,FIRST_PASSAGE_PROFIT_CLOSE,7,1308.7936800000025,0.016389990790068087,86.4054908777531,1910.0,0.864054908777531,1.2647745890826227,1.092834692193925,0.02328580620764934,log_rv_ratio|weekly_hist_atr,,,0.39973275591618784,-0.3344278484933622,0.3292269203842318,-0.10427171739819673,-0.2587477221787043,0.3785726980295815,0.044219455394791635,-0.4545454545454516,2.0,22.7,-0.7808000000000002,-0.35240000000000005,0.0038999373477583976,-0.3856795908356123,7.364577283147036,-3.872248864000759,2020-03,2020-03-31 09:00:00+08:00,2020-04-20,2020-04-20,2020-04-17,2020-04-17,2020-04-19 23:59:00+08:00,7.07701,7.0718
2020_2026,STRESS,FX_MACRO_TECH_TREE,2,FIRST_PASSAGE,FX_MACRO_TECH_TREE_1931,2020-05-06,2020-05-07,1932,3.918,3.922,15800,201308.79368,61992.38704000001,24.787040000000005,60142.33344,24.066560000000003,0.0,2020-05-25,COMPLETE,4.255857142857143,4.409285714285715,,1944,FIRST_PASSAGE_LOSS_CLOSE,12,-1850.0536000000066,-0.029843238635193652,87.17540986315471,1931.0,0.8717540986315472,1.271240080526953,1.1082087505440694,0.024125710539571226,log_rv_ratio|weekly_hist_atr,,,0.3508936938727133,-0.178084231486326,1.9306931170904718,1.6996019396625512,0.16038927832709496,1.0,-0.16032010067055433,0.8030303030302987,0.20000000000000284,-1.7999999999999972,-0.29200000000000026,0.5210999999999999,-0.02269939190265191,-0.4239657072419832,47.97813013640941,10.987606446950402,2020-04,2020-04-30 00:01:00+08:00,2020-04-30,2020-04-30,2020-04-30,2020-04-30,2020-05-02 23:59:00+08:00,7.09104,7.0571
2020_2026,STRESS,FX_MACRO_TECH_TREE,3,FIRST_PASSAGE,FX_MACRO_TECH_TREE_2046,2020-10-26,2020-10-27,2047,4.737,4.742,18000,199458.74008000002,85390.1424,34.1424,89118.3384,35.6616,0.0,2020-11-06,COMPLETE,5.052214285714286,5.273571428571429,,2055,FIRST_PASSAGE_PROFIT_CLOSE,8,3728.1959999999963,0.043660730562266825,85.1529209613273,2035.0,0.8515292096132729,1.2183733459381962,1.037480492280631,0.02613778592904933,log_rv_ratio,pmi_orders_change,,-0.026271492899685105,-0.08651636464266634,-0.5780572007179186,-0.6194602413250735,0.38034608680711585,-0.42436797428246176,-0.038194912379581565,-0.09999999999999619,2.799999999999997,0.7999999999999972,0.016999999999999904,0.030299999999999994,-0.0029919872068587816,-0.3757739533053712,-8.143878630885583,49.67757267508271,2020-09,2020-09-30 09:00:00+08:00,2020-10-23,2020-10-23,2020-10-23,2020-10-23,2020-10-25 23:59:00+08:00,6.66487,6.6703
2020_2026,STRESS,FX_MACRO_TECH_TREE,4,FIRST_PASSAGE,FX_MACRO_TECH_TREE_2072,2020-12-01,2020-12-02,2073,5.145,5.151,19100,203186.93608,98423.45363999999,39.35364,95596.37072000002,51.62928000000001,0.0,2020-12-10,COMPLETE,5.4637142857142855,5.674571428571428,,2079,FIRST_PASSAGE_LOSS_CLOSE,6,-2827.0829199999716,-0.028723671192645742,83.12251524170784,2072.0,0.8312251524170785,1.2717986025412333,1.0571509872411642,0.02585614373295373,log_rv_ratio,pmi_orders_change,,0.07623863424109689,0.014386586202039213,2.194701751124161,0.8870921205148335,0.25502335752520555,0.13102404381678073,-0.11276976029107028,0.9274193548387073,3.8999999999999986,1.1000000000000014,0.10489999999999977,0.15410000000000013,0.002063113508590453,0.11065768043143892,-4.654721660197408,41.08252325033981,2020-11,2020-11-30 00:01:00+08:00,2020-11-30,2020-11-30,2020-11-27,2020-11-27,2020-11-29 23:59:00+08:00,6.57244,6.5755
2020_2026,STRESS,FX_MACRO_TECH_TREE,5,FIRST_PASSAGE,FX_MACRO_TECH_TREE_2079,2020-12-10,2020-12-11,2080,5.02,5.026,16800,200359.85316000006,84470.57472,33.77472,86563.34648000001,38.25352,0.0,2020-12-31,COMPLETE,5.336142857142857,5.554714285714286,,2094,FIRST_PASSAGE_PROFIT_CLOSE,14,2092.7717600000033,0.024775157111657488,83.12251524170784,2072.0,0.8312251524170785,1.2717986025412333,1.0571509872411642,0.02585614373295373,log_rv_ratio,pmi_orders_change,,-0.16131831684183162,0.05429426234914976,-0.31332934990707567,-1.154839673772485,-0.12118066000166089,-0.6593322297132757,-0.21814250056104237,0.0,3.8999999999999986,1.1000000000000014,-0.33150000000000013,0.03059999999999996,-0.00013177407050635193,0.04953756741004174,-23.696239834052907,-24.137080197468528,2020-11,2020-11-30 00:01:00+08:00,2020-12-09,2020-12-09,2020-12-04,2020-12-07,2020-12-09 23:59:00+08:00,6.52073,6.5362
2020_2026,STRESS,FX_MACRO_TECH_TREE,6,FIRST_PASSAGE,FX_MACRO_TECH_TREE_2293,2021-11-01,2021-11-02,2294,4.962,4.9670000000000005,13900,202452.62492000006,69068.91652,27.61652,68193.91152000001,27.288480000000007,0.0,2021-11-04,COMPLETE,5.3605,5.548,,2296,FIRST_PASSAGE_LOSS_CLOSE,2,-875.0049999999901,-0.012668578632569379,81.76052527316462,2293.0,0.8176052527316462,1.3142354295312337,1.074525790510768,0.02514937772852083,log_rv_ratio,financing_net_change5|financing_buy_activity,,-0.05084213481851112,0.019918562321057515,-0.3081391997159809,-1.0278690048086547,-0.30484811879149804,-0.4631502961279835,-0.33370104525965655,0.16326530612244786,-1.2000000000000028,-0.5,0.13999999999999968,0.3576999999999999,-0.0011006450153269176,-0.24891209640809958,19.321925447045494,54.17770364235052,2021-10,2021-10-31 00:01:00+08:00,2021-10-29,2021-10-29,2021-10-29,2021-10-29,2021-10-31 23:59:00+08:00,6.40306,6.3907
2020_2026,STRESS,FX_MACRO_TECH_TREE,7,FIRST_PASSAGE,FX_MACRO_TECH_TREE_2296,2021-11-04,2021-11-05,2297,4.93,4.9350000000000005,13900,201577.61992000008,68623.9386,27.4386,68485.69476000001,27.405240000000003,0.0,2021-12-03,COMPLETE,5.325642857142857,5.521714285714286,,2317,FIRST_PASSAGE_TWENTY_CLOSES,20,-138.243839999981,-0.002014513343598454,81.76052527316462,2293.0,0.8176052527316462,1.3142354295312337,1.074525790510768,0.02514937772852083,log_rv_ratio,financing_net_change5|financing_buy_activity,,-0.14682435062440413,0.019047805498279047,-0.4073709332213978,-0.09944918815458509,0.07888603864405978,-0.15164032739407812,-0.25685236040427845,0.6923076923077011,-1.2000000000000028,-0.5,-0.08370000000000033,-0.17040000000000033,-0.009844203803517804,-0.21732089201852894,-37.36408377986251,-19.2323939279438,2021-10,2021-10-31 00:01:00+08:00,2021-11-03,2021-11-03,2021-10-29,2021-11-01,2021-11-03 23:59:00+08:00,6.39526,6.4192
2020_2026,STRESS,FX_MACRO_TECH_TREE,8,FIRST_PASSAGE,FX_MACRO_TECH_TREE_2325,2021-12-15,2021-12-16,2326,5.082,5.088,13400,201439.3760800001,68206.47168,27.27168,66276.67872000001,26.521280000000004,0.0,2021-12-21,COMPLETE,5.4865,5.656000000000001,,2329,FIRST_PASSAGE_LOSS_CLOSE,3,-1929.7929599999916,-0.028293399621283438,82.59529881977451,2315.0,0.8259529881977451,1.2478536138835383,1.0306684212204638,0.025629990717038087,log_rv_ratio|momentum5_scaled,pmi_orders_change,,0.2899872730016836,0.11682886333954973,0.8282585886333197,0.060092253851327895,-0.22475062677238805,0.04932102967867507,-0.3348611720168471,-0.6721311475409902,-0.6000000000000014,0.6000000000000014,0.007099999999999884,0.05520000000000014,0.0066065126377912176,0.03415306620830431,5.837986625448308,10.341809065803117,2021-11,2021-11-30 00:01:00+08:00,2021-12-14,2021-12-14,2021-12-10,2021-12-10,2021-12-12 23:59:00+08:00,6.37392,6.3702
2020_2026,STRESS,FX_MACRO_TECH_TREE,9,FIRST_PASSAGE,FX_MACRO_TECH_TREE_2329,2021-12-21,2021-12-22,2330,4.992,4.997,13600,199509.58312000014,67986.38368,27.18368,66545.3712,26.628800000000002,0.0,2022-01-07,COMPLETE,5.390000000000001,5.579000000000001,,2341,FIRST_PASSAGE_LOSS_CLOSE,11,-1441.0124800000049,-0.02119560420778664,82.59529881977451,2315.0,0.8259529881977451,1.2478536138835383,1.0306684212204638,0.025629990717038087,log_rv_ratio|momentum5_scaled,pmi_orders_change,,-0.147168292181861,0.10487928356078977,-0.746189100497706,-1.5520837840704178,0.629489810152196,-0.30460646978102107,-0.20725783414879478,0.604651162790691,-0.6000000000000014,0.6000000000000014,-0.09750000000000014,-0.07430000000000003,-0.0030055441751434264,-0.020144207015229967,27.95730098778791,22.1193143623396,2021-11,2021-11-30 00:01:00+08:00,2021-12-20,2021-12-20,2021-12-17,2021-12-17,2021-12-19 23:59:00+08:00,6.38292,6.3651
2020_2026,STRESS,FX_MACRO_TECH_TREE,10,FIRST_PASSAGE,FX_MACRO_TECH_TREE_2375,2022-03-03,2022-03-04,2376,4.505,4.51,16300,198068.57064000014,73542.4052,29.4052,70746.29016,28.309840000000005,0.0,2022-03-08,COMPLETE,4.980214285714286,5.162571428571429,,2378,FIRST_PASSAGE_LOSS_CLOSE,2,-2796.1150399999897,-0.03802044592362598,85.71231934484533,2373.0,0.8571231934484533,1.4327847106098512,1.2280730066820338,0.02753752130938968,log_rv_ratio|ema_distance_atr,pmi_orders_level,,0.0899361191573008,-0.24070744788663326,-1.1148964866300215,0.15408249829789775,-0.805197104763286,0.4251301597224031,-0.055001567192533345,-0.6923076923076965,0.7000000000000028,1.4000000000000057,-0.09220000000000006,-0.18409999999999993,-0.0009714772538295113,0.007620240044576113,-15.766432169872678,3.889787772195719,2022-02,2022-03-01 09:30:00+08:00,2022-03-02,2022-03-02,2022-02-25,2022-02-28,2022-03-02 23:59:00+08:00,6.31224,6.3222
2020_2026,STRESS,FX_MACRO_TECH_TREE,11,FIRST_PASSAGE,FX_MACRO_TECH_TREE_2463,2022-07-13,2022-07-14,2464,4.355,4.36,13800,195272.45560000016,60192.067200000005,24.067200000000003,58948.2856,32.2144,0.0,2022-07-26,COMPLETE,4.814571428571429,5.043857142857143,,2472,FIRST_PASSAGE_LOSS_CLOSE,8,-1243.781600000002,-0.020663546840272034,77.30222752633227,2455.0,0.7730222752633227,1.312283800522645,1.0144246092712152,0.02132183316230503,log_rv_ratio,pmi_orders_level|financing_net_change5,,-0.3218246171026467,0.41878859174561134,-0.3502152666824176,-0.9314399683815328,-0.34794987960762397,-0.17933863107069237,-0.010175420139375264,0.0784313725490121,0.3999999999999986,2.1999999999999957,-0.5601,-0.030399999999999983,0.0023489999587378296,0.10060058929594724,-39.19860768456559,-52.799273373903354,2022-06,2022-06-30 09:30:00+08:00,2022-07-12,2022-07-12,2022-07-08,2022-07-08,2022-07-10 23:59:00+08:00,6.68355,6.7098
2020_2026,STRESS,FX_MACRO_TECH_TREE,12,FIRST_PASSAGE,FX_MACRO_TECH_TREE_2472,2022-07-26,2022-07-27,2473,4.29,4.295,12600,194028.67400000017,54138.6468,21.646800000000002,52915.19500000001,26.005000000000003,0.0,2022-08-01,COMPLETE,4.762214285714286,4.953571428571429,,2476,FIRST_PASSAGE_LOSS_CLOSE,3,-1223.4517999999953,-0.02259849243221194,77.30222752633227,2455.0,0.7730222752633227,1.312283800522645,1.0144246092712152,0.02132183316230503,log_rv_ratio,pmi_orders_level|financing_net_change5,,-0.3606329628908338,0.3743668231161938,-0.5964785856765755,-0.23740797762105922,0.03254983108459174,0.27603643893051544,-0.21269271511919988,0.49999999999999034,0.3999999999999986,2.1999999999999957,-0.5827,-0.07939999999999992,0.00043778609657674217,-0.08833166390221885,4.042309561208438,-6.055844756261938,2022-06,2022-06-30 09:30:00+08:00,2022-07-25,2022-07-25,2022-07-22,2022-07-22,2022-07-24 23:59:00+08:00,6.75493,6.7522
2020_2026,STRESS,FX_MACRO_TECH_TREE,13,FIRST_PASSAGE,FX_MACRO_TECH_TREE_2616,2023-03-01,2023-03-02,2617,4.11,4.115,11700,192805.2222000002,48164.7582,19.258200000000002,47075.32400000001,23.676000000000005,0.0,2023-03-08,COMPLETE,4.65157142857143,4.826857142857143,,2621,FIRST_PASSAGE_LOSS_CLOSE,4,-1089.4341999999888,-0.022618907282295646,84.66122190347947,2616.0,0.8466122190347948,1.3815480444529573,1.1696354556174995,0.027295219615340198,ema_distance_atr,pmi_orders_level,,-0.15371969592331378,0.28484162849958244,0.47570495543133673,0.22651142024047946,0.6428331012733622,0.11756630005441482,-0.021786252801456293,0.6973684210526261,4.100000000000001,3.200000000000003,0.42090000000000005,0.26860000000000017,0.002383217166580076,-0.04751610159201425,121.19123622479145,114.55192250921327,2023-02,2023-03-01 09:30:00+08:00,2023-02-28,2023-02-28,2023-02-24,2023-02-24,2023-02-26 23:59:00+08:00,6.97826,6.8942
2020_2026,STRESS,FX_MACRO_TECH_TREE,14,FIRST_PASSAGE,FX_MACRO_TECH_TREE_2621,2023-03-08,2023-03-09,2622,4.032,4.037,10600,191715.78800000023,42809.31688,17.11688,41925.480599999995,21.619400000000002,0.0,2023-03-13,COMPLETE,4.577357142857142,4.741285714285714,,2624,FIRST_PASSAGE_LOSS_CLOSE,2,-883.8362800000032,-0.020645886092448277,84.66122190347947,2616.0,0.8466122190347948,1.3815480444529573,1.1696354556174995,0.027295219615340198,ema_distance_atr,pmi_orders_level,,-0.1908026331239045,0.29597095981225663,-1.0943983636444017,-1.0409405262314828,-0.29341843551142077,-0.7096806210830852,-0.03668336828764096,-0.16000000000001563,4.100000000000001,3.200000000000003,-0.11769999999999992,-0.5386,0.002597021900209606,0.1937699119337546,-24.611768846870156,-145.8030050716616,2023-02,2023-03-01 09:30:00+08:00,2023-03-07,2023-03-07,2023-03-03,2023-03-03,2023-03-05 23:59:00+08:00,6.89471,6.9117
2020_2026,STRESS,FX_MACRO_TECH_TREE,15,FIRST_PASSAGE,FX_MACRO_TECH_TREE_2624,2023-03-13,2023-03-14,2625,4.0,4.0040000000000004,9600,190831.95172000024,38453.77536,15.37536,37962.0672,20.0328,0.0,2023-03-17,COMPLETE,4.550571428571429,4.698857142857142,,2628,FIRST_PASSAGE_LOSS_CLOSE,3,-491.70816000000195,-0.012786993094869996,84.66122190347947,2616.0,0.8466122190347948,1.3815480444529573,1.1696354556174995,0.027295219615340198,ema_distance_atr,pmi_orders_level,,-0.3162659551771854,0.21162020065403456,-1.1513603815960842,-1.0445890630813153,-0.12464907856547204,-0.6229408164121975,-0.0300960747347463,0.9361702127659552,4.100000000000001,3.200000000000003,0.0253000000000001,0.1008,0.0014035142965382885,0.06816833011332601,-40.25030212862156,-15.638533281751407,2023-02,2023-03-01 09:30:00+08:00,2023-03-10,2023-03-10,2023-03-10,2023-03-10,2023-03-12 23:59:00+08:00,6.93752,6.9655
2020_2026,STRESS,FX_MACRO_TECH_TREE,16,FIRST_PASSAGE,FX_MACRO_TECH_TREE_2628,2023-03-17,2023-03-20,2629,3.954,3.958,9100,190340.24356000026,36032.20712000001,14.407120000000003,37049.23,19.67,0.0,2023-04-04,COMPLETE,4.502214285714286,4.657571428571429,,2640,FIRST_PASSAGE_PROFIT_CLOSE,11,1017.0228799999968,0.028225383935348465,84.66122190347947,2616.0,0.8466122190347948,1.3815480444529573,1.1696354556174995,0.027295219615340198,ema_distance_atr,pmi_orders_level,,-0.2949262779789664,0.2019878329001264,-1.4344422469967064,-0.08114493075876171,0.8789337844029086,0.10446854782959991,-0.04663240563531247,-0.08695652173912792,4.100000000000001,3.200000000000003,0.2065999999999999,0.27359999999999984,-0.0010641689181344338,0.08216059814035408,-19.468096120101073,-131.19628207975268,2023-02,2023-03-01 09:30:00+08:00,2023-03-16,2023-03-16,2023-03-10,2023-03-14,2023-03-16 23:59:00+08:00,6.88149,6.8949
2020_2026,STRESS,FX_MACRO_TECH_TREE,17,FIRST_PASSAGE,FX_MACRO_TECH_TREE_3229,2025-09-05,2025-09-08,3230,4.554,4.559,9000,191357.26644000027,41047.4124,16.4124,42518.36476,21.83524,0.0,2025-09-30,COMPLETE,5.224428571428572,5.484142857142857,,3246,FIRST_PASSAGE_PROFIT_CLOSE,16,1470.9523599999957,0.035835446718682704,72.8501193018261,3225.0,0.728501193018261,1.7232562154918354,1.2553942088619354,0.01941628266067485,log_rv_ratio,,,-0.029849068084085995,0.3002057587589021,1.2621084507923206,-0.3848445068395815,0.00682241506908703,-0.19895086281242383,0.3230840051516367,0.8595041322314089,-0.5,0.10000000000000142,0.04880000000000018,-0.0907,0.016113992824479784,0.4312531244498773,41.43943175805748,-7.186323547523145,2025-08,2025-08-31 09:30:00+08:00,2025-09-04,2025-09-04,2025-08-29,2025-09-02,2025-09-04 23:59:00+08:00,7.13842,7.1089
