date,panic_budget,learned_budget,budget_status,complete_reference_days,panic_state,learned_state,target,panic_reference_return,learned_reference_return
2012-05-28,,,NO_VIEW_OUTSIDE_DECISION_PERIOD,0,,,,,
2012-05-29,,,NO_VIEW_OUTSIDE_DECISION_PERIOD,0,,,,,
2012-05-30,,,NO_VIEW_OUTSIDE_DECISION_PERIOD,0,,,,,
2012-05-31,,,NO_VIEW_OUTSIDE_DECISION_PERIOD,0,,,,,
2012-06-01,,,NO_VIEW_OUTSIDE_DECISION_PERIOD,0,,,,,
2012-06-04,,,NO_VIEW_OUTSIDE_DECISION_PERIOD,0,,,,,
2012-06-05,,,NO_VIEW_OUTSIDE_DECISION_PERIOD,0,,,,,
2012-06-06,,,NO_VIEW_OUTSIDE_DECISION_PERIOD,0,,,,,
2012-06-07,,,NO_VIEW_OUTSIDE_DECISION_PERIOD,0,,,,,
2012-06-08,,,NO_VIEW_OUTSIDE_DECISION_PERIOD,0,,,,,
2012-06-11,,,NO_VIEW_OUTSIDE_DECISION_PERIOD,0,,,,,
2012-06-12,,,NO_VIEW_OUTSIDE_DECISION_PERIOD,0,,,,,
2012-06-13,,,NO_VIEW_OUTSIDE_DECISION_PERIOD,0,,,,,
2012-06-14,,,NO_VIEW_OUTSIDE_DECISION_PERIOD,0,,,,,
2012-06-15,,,NO_VIEW_OUTSIDE_DECISION_PERIOD,0,,,,,
2012-06-18,,,NO_VIEW_OUTSIDE_DECISION_PERIOD,0,,,,,
2012-06-19,,,NO_VIEW_OUTSIDE_DECISION_PERIOD,0,,,,,
2012-06-20,,,NO_VIEW_OUTSIDE_DECISION_PERIOD,0,,,,,
2012-06-21,,,NO_VIEW_OUTSIDE_DECISION_PERIOD,0,,,,,
2012-06-25,,,NO_VIEW_OUTSIDE_DECISION_PERIOD,0,,,,,
2012-06-26,,,NO_VIEW_OUTSIDE_DECISION_PERIOD,0,,,,,
2012-06-27,,,NO_VIEW_OUTSIDE_DECISION_PERIOD,0,,,,,
2012-06-28,,,NO_VIEW_OUTSIDE_DECISION_PERIOD,0,,,,,
2012-06-29,,,NO_VIEW_OUTSIDE_DECISION_PERIOD,0,,,,,
2012-07-02,,,NO_VIEW_OUTSIDE_DECISION_PERIOD,0,,,,,
2012-07-03,,,NO_VIEW_OUTSIDE_DECISION_PERIOD,0,,,,,
2012-07-04,,,NO_VIEW_OUTSIDE_DECISION_PERIOD,0,,,,,
2012-07-05,,,NO_VIEW_OUTSIDE_DECISION_PERIOD,0,,,,,
2012-07-06,,,NO_VIEW_OUTSIDE_DECISION_PERIOD,0,,,,,
2012-07-09,,,NO_VIEW_OUTSIDE_DECISION_PERIOD,0,,,,,
2012-07-10,,,NO_VIEW_OUTSIDE_DECISION_PERIOD,0,,,,,
2012-07-11,,,NO_VIEW_OUTSIDE_DECISION_PERIOD,0,,,,,
2012-07-12,,,NO_VIEW_OUTSIDE_DECISION_PERIOD,0,,,,,
2012-07-13,,,NO_VIEW_OUTSIDE_DECISION_PERIOD,0,,,,,
2012-07-16,,,NO_VIEW_OUTSIDE_DECISION_PERIOD,0,,,,,
2012-07-17,,,NO_VIEW_OUTSIDE_DECISION_PERIOD,0,,,,,
2012-07-18,,,NO_VIEW_OUTSIDE_DECISION_PERIOD,0,,,,,
2012-07-19,,,NO_VIEW_OUTSIDE_DECISION_PERIOD,0,,,,,
2012-07-20,,,NO_VIEW_OUTSIDE_DECISION_PERIOD,0,,,,,
2012-07-23,,,NO_VIEW_OUTSIDE_DECISION_PERIOD,0,,,,,
2012-07-24,,,NO_VIEW_OUTSIDE_DECISION_PERIOD,0,,,,,
2012-07-25,,,NO_VIEW_OUTSIDE_DECISION_PERIOD,0,,,,,
2012-07-26,,,NO_VIEW_OUTSIDE_DECISION_PERIOD,0,,,,,
2012-07-27,,,NO_VIEW_OUTSIDE_DECISION_PERIOD,0,,,,,
2012-07-30,,,NO_VIEW_OUTSIDE_DECISION_PERIOD,0,,,,,
2012-07-31,,,NO_VIEW_OUTSIDE_DECISION_PERIOD,0,,,,,
2012-08-01,,,NO_VIEW_OUTSIDE_DECISION_PERIOD,0,,,,,
2012-08-02,,,NO_VIEW_OUTSIDE_DECISION_PERIOD,0,,,,,
2012-08-03,,,NO_VIEW_OUTSIDE_DECISION_PERIOD,0,,,,,
2012-08-06,,,NO_VIEW_OUTSIDE_DECISION_PERIOD,0,,,,,
2012-08-07,,,NO_VIEW_OUTSIDE_DECISION_PERIOD,0,,,,,
2012-08-08,,,NO_VIEW_OUTSIDE_DECISION_PERIOD,0,,,,,
2012-08-09,,,NO_VIEW_OUTSIDE_DECISION_PERIOD,0,,,,,
2012-08-10,,,NO_VIEW_OUTSIDE_DECISION_PERIOD,0,,,,,
2012-08-13,,,NO_VIEW_OUTSIDE_DECISION_PERIOD,0,,,,,
2012-08-14,,,NO_VIEW_OUTSIDE_DECISION_PERIOD,0,,,,,
2012-08-15,,,NO_VIEW_OUTSIDE_DECISION_PERIOD,0,,,,,
2012-08-16,,,NO_VIEW_OUTSIDE_DECISION_PERIOD,0,,,,,
2012-08-17,,,NO_VIEW_OUTSIDE_DECISION_PERIOD,0,,,,,
2012-08-20,,,NO_VIEW_OUTSIDE_DECISION_PERIOD,0,,,,,
2012-08-21,,,NO_VIEW_OUTSIDE_DECISION_PERIOD,0,,,,,
2012-08-22,,,NO_VIEW_OUTSIDE_DECISION_PERIOD,0,,,,,
2012-08-23,,,NO_VIEW_OUTSIDE_DECISION_PERIOD,0,,,,,
2012-08-24,,,NO_VIEW_OUTSIDE_DECISION_PERIOD,0,,,,,
2012-08-27,,,NO_VIEW_OUTSIDE_DECISION_PERIOD,0,,,,,
2012-08-28,,,NO_VIEW_OUTSIDE_DECISION_PERIOD,0,,,,,
2012-08-29,,,NO_VIEW_OUTSIDE_DECISION_PERIOD,0,,,,,
2012-08-30,,,NO_VIEW_OUTSIDE_DECISION_PERIOD,0,,,,,
2012-08-31,,,NO_VIEW_OUTSIDE_DECISION_PERIOD,0,,,,,
2012-09-03,,,NO_VIEW_OUTSIDE_DECISION_PERIOD,0,,,,,
2012-09-04,,,NO_VIEW_OUTSIDE_DECISION_PERIOD,0,,,,,
2012-09-05,,,NO_VIEW_OUTSIDE_DECISION_PERIOD,0,,,,,
2012-09-06,,,NO_VIEW_OUTSIDE_DECISION_PERIOD,0,,,,,
2012-09-07,,,NO_VIEW_OUTSIDE_DECISION_PERIOD,0,,,,,
2012-09-10,,,NO_VIEW_OUTSIDE_DECISION_PERIOD,0,,,,,
2012-09-11,,,NO_VIEW_OUTSIDE_DECISION_PERIOD,0,,,,,
2012-09-12,,,NO_VIEW_OUTSIDE_DECISION_PERIOD,0,,,,,
2012-09-13,,,NO_VIEW_OUTSIDE_DECISION_PERIOD,0,,,,,
2012-09-14,,,NO_VIEW_OUTSIDE_DECISION_PERIOD,0,,,,,
2012-09-17,,,NO_VIEW_OUTSIDE_DECISION_PERIOD,0,,,,,
2012-09-18,,,NO_VIEW_OUTSIDE_DECISION_PERIOD,0,,,,,
2012-09-19,,,NO_VIEW_OUTSIDE_DECISION_PERIOD,0,,,,,
2012-09-20,,,NO_VIEW_OUTSIDE_DECISION_PERIOD,0,,,,,
2012-09-21,,,NO_VIEW_OUTSIDE_DECISION_PERIOD,0,,,,,
2012-09-24,,,NO_VIEW_OUTSIDE_DECISION_PERIOD,0,,,,,
2012-09-25,,,NO_VIEW_OUTSIDE_DECISION_PERIOD,0,,,,,
2012-09-26,,,NO_VIEW_OUTSIDE_DECISION_PERIOD,0,,,,,
2012-09-27,,,NO_VIEW_OUTSIDE_DECISION_PERIOD,0,,,,,
2012-09-28,,,NO_VIEW_OUTSIDE_DECISION_PERIOD,0,,,,,
2012-10-08,,,NO_VIEW_OUTSIDE_DECISION_PERIOD,0,,,,,
2012-10-09,,,NO_VIEW_OUTSIDE_DECISION_PERIOD,0,,,,,
2012-10-10,,,NO_VIEW_OUTSIDE_DECISION_PERIOD,0,,,,,
2012-10-11,,,NO_VIEW_OUTSIDE_DECISION_PERIOD,0,,,,,
2012-10-12,,,NO_VIEW_OUTSIDE_DECISION_PERIOD,0,,,,,
2012-10-15,,,NO_VIEW_OUTSIDE_DECISION_PERIOD,0,,,,,
2012-10-16,,,NO_VIEW_OUTSIDE_DECISION_PERIOD,0,,,,,
2012-10-17,,,NO_VIEW_OUTSIDE_DECISION_PERIOD,0,,,,,
2012-10-18,,,NO_VIEW_OUTSIDE_DECISION_PERIOD,0,,,,,
2012-10-19,,,NO_VIEW_OUTSIDE_DECISION_PERIOD,0,,,,,
2012-10-22,,,NO_VIEW_OUTSIDE_DECISION_PERIOD,0,,,,,
2012-10-23,,,NO_VIEW_OUTSIDE_DECISION_PERIOD,0,,,,,
2012-10-24,,,NO_VIEW_OUTSIDE_DECISION_PERIOD,0,,,,,
2012-10-25,,,NO_VIEW_OUTSIDE_DECISION_PERIOD,0,,,,,
2012-10-26,,,NO_VIEW_OUTSIDE_DECISION_PERIOD,0,,,,,
2012-10-29,,,NO_VIEW_OUTSIDE_DECISION_PERIOD,0,,,,,
2012-10-30,,,NO_VIEW_OUTSIDE_DECISION_PERIOD,0,,,,,
2012-10-31,,,NO_VIEW_OUTSIDE_DECISION_PERIOD,0,,,,,
2012-11-01,,,NO_VIEW_OUTSIDE_DECISION_PERIOD,0,,,,,
2012-11-02,,,NO_VIEW_OUTSIDE_DECISION_PERIOD,0,,,,,
2012-11-05,,,NO_VIEW_OUTSIDE_DECISION_PERIOD,0,,,,,
2012-11-06,,,NO_VIEW_OUTSIDE_DECISION_PERIOD,0,,,,,
2012-11-07,,,NO_VIEW_OUTSIDE_DECISION_PERIOD,0,,,,,
2012-11-08,,,NO_VIEW_OUTSIDE_DECISION_PERIOD,0,,,,,
2012-11-09,,,NO_VIEW_OUTSIDE_DECISION_PERIOD,0,,,,,
2012-11-12,,,NO_VIEW_OUTSIDE_DECISION_PERIOD,0,,,,,
2012-11-13,,,NO_VIEW_OUTSIDE_DECISION_PERIOD,0,,,,,
2012-11-14,,,NO_VIEW_OUTSIDE_DECISION_PERIOD,0,,,,,
2012-11-15,,,NO_VIEW_OUTSIDE_DECISION_PERIOD,0,,,,,
2012-11-16,,,NO_VIEW_OUTSIDE_DECISION_PERIOD,0,,,,,
2012-11-19,,,NO_VIEW_OUTSIDE_DECISION_PERIOD,0,,,,,
2012-11-20,,,NO_VIEW_OUTSIDE_DECISION_PERIOD,0,,,,,
2012-11-21,,,NO_VIEW_OUTSIDE_DECISION_PERIOD,0,,,,,
2012-11-22,,,NO_VIEW_OUTSIDE_DECISION_PERIOD,0,,,,,
2012-11-23,,,NO_VIEW_OUTSIDE_DECISION_PERIOD,0,,,,,
2012-11-26,,,NO_VIEW_OUTSIDE_DECISION_PERIOD,0,,,,,
2012-11-27,,,NO_VIEW_OUTSIDE_DECISION_PERIOD,0,,,,,
2012-11-28,,,NO_VIEW_OUTSIDE_DECISION_PERIOD,0,,,,,
2012-11-29,,,NO_VIEW_OUTSIDE_DECISION_PERIOD,0,,,,,
2012-11-30,,,NO_VIEW_OUTSIDE_DECISION_PERIOD,0,,,,,
2012-12-03,,,NO_VIEW_OUTSIDE_DECISION_PERIOD,0,,,,,
2012-12-04,,,NO_VIEW_OUTSIDE_DECISION_PERIOD,0,,,,,
2012-12-05,,,NO_VIEW_OUTSIDE_DECISION_PERIOD,0,,,,,
2012-12-06,,,NO_VIEW_OUTSIDE_DECISION_PERIOD,0,,,,,
2012-12-07,,,NO_VIEW_OUTSIDE_DECISION_PERIOD,0,,,,,
2012-12-10,,,NO_VIEW_OUTSIDE_DECISION_PERIOD,0,,,,,
2012-12-11,,,NO_VIEW_OUTSIDE_DECISION_PERIOD,0,,,,,
2012-12-12,,,NO_VIEW_OUTSIDE_DECISION_PERIOD,0,,,,,
2012-12-13,,,NO_VIEW_OUTSIDE_DECISION_PERIOD,0,,,,,
2012-12-14,,,NO_VIEW_OUTSIDE_DECISION_PERIOD,0,,,,,
2012-12-17,,,NO_VIEW_OUTSIDE_DECISION_PERIOD,0,,,,,
2012-12-18,,,NO_VIEW_OUTSIDE_DECISION_PERIOD,0,,,,,
2012-12-19,,,NO_VIEW_OUTSIDE_DECISION_PERIOD,0,,,,,
2012-12-20,,,NO_VIEW_OUTSIDE_DECISION_PERIOD,0,,,,,
2012-12-21,,,NO_VIEW_OUTSIDE_DECISION_PERIOD,0,,,,,
2012-12-24,,,NO_VIEW_OUTSIDE_DECISION_PERIOD,0,,,,,
2012-12-25,,,NO_VIEW_OUTSIDE_DECISION_PERIOD,0,,,,,
2012-12-26,,,NO_VIEW_OUTSIDE_DECISION_PERIOD,0,,,,,
2012-12-27,,,NO_VIEW_OUTSIDE_DECISION_PERIOD,0,,,,,
2012-12-28,,,NO_VIEW_OUTSIDE_DECISION_PERIOD,0,,,,,
2012-12-31,,,NO_VIEW_OUTSIDE_DECISION_PERIOD,0,,,,,
2013-01-04,,,NO_VIEW_OUTSIDE_DECISION_PERIOD,0,,,,,
2013-01-07,,,NO_VIEW_OUTSIDE_DECISION_PERIOD,0,,,,,
2013-01-08,,,NO_VIEW_OUTSIDE_DECISION_PERIOD,0,,,,,
2013-01-09,,,NO_VIEW_OUTSIDE_DECISION_PERIOD,0,,,,,
2013-01-10,,,NO_VIEW_OUTSIDE_DECISION_PERIOD,0,,,,,
2013-01-11,,,NO_VIEW_OUTSIDE_DECISION_PERIOD,0,,,,,
2013-01-14,,,NO_VIEW_OUTSIDE_DECISION_PERIOD,0,,,,,
2013-01-15,,,NO_VIEW_OUTSIDE_DECISION_PERIOD,0,,,,,
2013-01-16,,,NO_VIEW_OUTSIDE_DECISION_PERIOD,0,,,,,
2013-01-17,,,NO_VIEW_OUTSIDE_DECISION_PERIOD,0,,,,,
2013-01-18,,,NO_VIEW_OUTSIDE_DECISION_PERIOD,0,,,,,
2013-01-21,,,NO_VIEW_OUTSIDE_DECISION_PERIOD,0,,,,,
2013-01-22,,,NO_VIEW_OUTSIDE_DECISION_PERIOD,0,,,,,
2013-01-23,,,NO_VIEW_OUTSIDE_DECISION_PERIOD,0,,,,,
2013-01-24,,,NO_VIEW_OUTSIDE_DECISION_PERIOD,0,,,,,
2013-01-25,,,NO_VIEW_OUTSIDE_DECISION_PERIOD,0,,,,,
2013-01-28,,,NO_VIEW_OUTSIDE_DECISION_PERIOD,0,,,,,
2013-01-29,,,NO_VIEW_OUTSIDE_DECISION_PERIOD,0,,,,,
2013-01-30,,,NO_VIEW_OUTSIDE_DECISION_PERIOD,0,,,,,
2013-01-31,,,NO_VIEW_OUTSIDE_DECISION_PERIOD,0,,,,,
2013-02-01,,,NO_VIEW_OUTSIDE_DECISION_PERIOD,0,,,,,
2013-02-04,,,NO_VIEW_OUTSIDE_DECISION_PERIOD,0,,,,,
2013-02-05,,,NO_VIEW_OUTSIDE_DECISION_PERIOD,0,,,,,
2013-02-06,,,NO_VIEW_OUTSIDE_DECISION_PERIOD,0,,,,,
2013-02-07,,,NO_VIEW_OUTSIDE_DECISION_PERIOD,0,,,,,
2013-02-08,,,NO_VIEW_OUTSIDE_DECISION_PERIOD,0,,,,,
2013-02-18,,,NO_VIEW_OUTSIDE_DECISION_PERIOD,0,,,,,
2013-02-19,,,NO_VIEW_OUTSIDE_DECISION_PERIOD,0,,,,,
2013-02-20,,,NO_VIEW_OUTSIDE_DECISION_PERIOD,0,,,,,
2013-02-21,,,NO_VIEW_OUTSIDE_DECISION_PERIOD,0,,,,,
2013-02-22,,,NO_VIEW_OUTSIDE_DECISION_PERIOD,0,,,,,
2013-02-25,,,NO_VIEW_OUTSIDE_DECISION_PERIOD,0,,,,,
2013-02-26,,,NO_VIEW_OUTSIDE_DECISION_PERIOD,0,,,,,
2013-02-27,,,NO_VIEW_OUTSIDE_DECISION_PERIOD,0,,,,,
2013-02-28,,,NO_VIEW_OUTSIDE_DECISION_PERIOD,0,,,,,
2013-03-01,,,NO_VIEW_OUTSIDE_DECISION_PERIOD,0,,,,,
2013-03-04,,,NO_VIEW_OUTSIDE_DECISION_PERIOD,0,,,,,
2013-03-05,,,NO_VIEW_OUTSIDE_DECISION_PERIOD,0,,,,,
2013-03-06,,,NO_VIEW_OUTSIDE_DECISION_PERIOD,0,,,,,
2013-03-07,,,NO_VIEW_OUTSIDE_DECISION_PERIOD,0,,,,,
2013-03-08,,,NO_VIEW_OUTSIDE_DECISION_PERIOD,0,,,,,
2013-03-11,,,NO_VIEW_OUTSIDE_DECISION_PERIOD,0,,,,,
2013-03-12,,,NO_VIEW_OUTSIDE_DECISION_PERIOD,0,,,,,
2013-03-13,,,NO_VIEW_OUTSIDE_DECISION_PERIOD,0,,,,,
2013-03-14,,,NO_VIEW_OUTSIDE_DECISION_PERIOD,0,,,,,
2013-03-15,,,NO_VIEW_OUTSIDE_DECISION_PERIOD,0,,,,,
2013-03-18,,,NO_VIEW_OUTSIDE_DECISION_PERIOD,0,,,,,
2013-03-19,,,NO_VIEW_OUTSIDE_DECISION_PERIOD,0,,,,,
2013-03-20,,,NO_VIEW_OUTSIDE_DECISION_PERIOD,0,,,,,
2013-03-21,,,NO_VIEW_OUTSIDE_DECISION_PERIOD,0,,,,,
2013-03-22,,,NO_VIEW_OUTSIDE_DECISION_PERIOD,0,,,,,
2013-03-25,,,NO_VIEW_OUTSIDE_DECISION_PERIOD,0,,,,,
2013-03-26,,,NO_VIEW_OUTSIDE_DECISION_PERIOD,0,,,,,
2013-03-27,,,NO_VIEW_OUTSIDE_DECISION_PERIOD,0,,,,,
2013-03-28,,,NO_VIEW_OUTSIDE_DECISION_PERIOD,0,,,,,
2013-03-29,,,NO_VIEW_OUTSIDE_DECISION_PERIOD,0,,,,,
2013-04-01,,,NO_VIEW_OUTSIDE_DECISION_PERIOD,0,,,,,
2013-04-02,,,NO_VIEW_OUTSIDE_DECISION_PERIOD,0,,,,,
2013-04-03,,,NO_VIEW_OUTSIDE_DECISION_PERIOD,0,,,,,
2013-04-08,,,NO_VIEW_OUTSIDE_DECISION_PERIOD,0,,,,,
2013-04-09,,,NO_VIEW_OUTSIDE_DECISION_PERIOD,0,,,,,
2013-04-10,,,NO_VIEW_OUTSIDE_DECISION_PERIOD,0,,,,,
2013-04-11,,,NO_VIEW_OUTSIDE_DECISION_PERIOD,0,,,,,
2013-04-12,,,NO_VIEW_OUTSIDE_DECISION_PERIOD,0,,,,,
2013-04-15,,,NO_VIEW_OUTSIDE_DECISION_PERIOD,0,,,,,
2013-04-16,,,NO_VIEW_OUTSIDE_DECISION_PERIOD,0,,,,,
2013-04-17,,,NO_VIEW_OUTSIDE_DECISION_PERIOD,0,,,,,
2013-04-18,,,NO_VIEW_OUTSIDE_DECISION_PERIOD,0,,,,,
2013-04-19,,,NO_VIEW_OUTSIDE_DECISION_PERIOD,0,,,,,
2013-04-22,,,NO_VIEW_OUTSIDE_DECISION_PERIOD,0,,,,,
2013-04-23,,,NO_VIEW_OUTSIDE_DECISION_PERIOD,0,,,,,
2013-04-24,,,NO_VIEW_OUTSIDE_DECISION_PERIOD,0,,,,,
2013-04-25,,,NO_VIEW_OUTSIDE_DECISION_PERIOD,0,,,,,
2013-04-26,,,NO_VIEW_OUTSIDE_DECISION_PERIOD,0,,,,,
2013-05-02,,,NO_VIEW_OUTSIDE_DECISION_PERIOD,0,,,,,
2013-05-03,,,NO_VIEW_OUTSIDE_DECISION_PERIOD,0,,,,,
2013-05-06,,,NO_VIEW_OUTSIDE_DECISION_PERIOD,0,,,,,
2013-05-07,,,NO_VIEW_OUTSIDE_DECISION_PERIOD,0,,,,,
2013-05-08,,,NO_VIEW_OUTSIDE_DECISION_PERIOD,0,,,,,
2013-05-09,,,NO_VIEW_OUTSIDE_DECISION_PERIOD,0,,,,,
2013-05-10,,,NO_VIEW_OUTSIDE_DECISION_PERIOD,0,,,,,
2013-05-13,,,NO_VIEW_OUTSIDE_DECISION_PERIOD,0,,,,,
2013-05-14,,,NO_VIEW_OUTSIDE_DECISION_PERIOD,0,,,,,
2013-05-15,,,NO_VIEW_OUTSIDE_DECISION_PERIOD,0,,,,,
2013-05-16,,,NO_VIEW_OUTSIDE_DECISION_PERIOD,0,,,,,
2013-05-17,,,NO_VIEW_OUTSIDE_DECISION_PERIOD,0,,,,,
2013-05-20,,,NO_VIEW_OUTSIDE_DECISION_PERIOD,0,,,,,
2013-05-21,,,NO_VIEW_OUTSIDE_DECISION_PERIOD,0,,,,,
2013-05-22,,,NO_VIEW_OUTSIDE_DECISION_PERIOD,0,,,,,
2013-05-23,,,NO_VIEW_OUTSIDE_DECISION_PERIOD,0,,,,,
2013-05-24,,,NO_VIEW_OUTSIDE_DECISION_PERIOD,0,,,,,
2013-05-27,,,NO_VIEW_OUTSIDE_DECISION_PERIOD,0,,,,,
2013-05-28,,,NO_VIEW_OUTSIDE_DECISION_PERIOD,0,,,,,
2013-05-29,,,NO_VIEW_OUTSIDE_DECISION_PERIOD,0,,,,,
2013-05-30,,,NO_VIEW_OUTSIDE_DECISION_PERIOD,0,,,,,
2013-05-31,0.5,0.5,INITIAL_UNIFORM_MIXTURE,0,0.0,0.0,0.0,,
2013-06-03,0.5,0.5,UNIVERSAL_MIXTURE_BUDGET_AVAILABLE,1,0.0,0.0,0.0,0.0,0.0
2013-06-04,0.5,0.5,UNIVERSAL_MIXTURE_BUDGET_AVAILABLE,2,0.0,0.0,0.0,0.0,0.0
2013-06-05,0.5,0.5,UNIVERSAL_MIXTURE_BUDGET_AVAILABLE,3,0.0,0.0,0.0,0.0,0.0
2013-06-06,0.5,0.5,UNIVERSAL_MIXTURE_BUDGET_AVAILABLE,4,0.0,0.0,0.0,0.0,0.0
2013-06-07,0.5,0.5,UNIVERSAL_MIXTURE_BUDGET_AVAILABLE,5,0.0,0.0,0.0,0.0,0.0
2013-06-13,0.5,0.5,UNIVERSAL_MIXTURE_BUDGET_AVAILABLE,6,0.0,0.0,0.0,0.0,0.0
2013-06-14,0.5,0.5,UNIVERSAL_MIXTURE_BUDGET_AVAILABLE,7,0.0,0.0,0.0,0.0,0.0
2013-06-17,0.5,0.5,UNIVERSAL_MIXTURE_BUDGET_AVAILABLE,8,0.0,0.0,0.0,0.0,0.0
2013-06-18,0.5,0.5,UNIVERSAL_MIXTURE_BUDGET_AVAILABLE,9,0.0,0.0,0.0,0.0,0.0
2013-06-19,0.5,0.5,UNIVERSAL_MIXTURE_BUDGET_AVAILABLE,10,0.0,0.0,0.0,0.0,0.0
2013-06-20,0.5,0.5,UNIVERSAL_MIXTURE_BUDGET_AVAILABLE,11,0.0,0.0,0.0,0.0,0.0
2013-06-21,0.5,0.5,UNIVERSAL_MIXTURE_BUDGET_AVAILABLE,12,0.0,0.0,0.0,0.0,0.0
2013-06-24,0.5,0.5,UNIVERSAL_MIXTURE_BUDGET_AVAILABLE,13,0.0,0.0,0.0,0.0,0.0
2013-06-25,0.5,0.5,UNIVERSAL_MIXTURE_BUDGET_AVAILABLE,14,1.0,0.0,0.5,0.0,0.0
2013-06-26,0.499717156360067,0.5002828436399329,UNIVERSAL_MIXTURE_BUDGET_AVAILABLE,15,1.0,0.0,0.499717156360067,-0.0033883734000000887,0.0
2013-06-27,0.4997552350141511,0.5002447649858489,UNIVERSAL_MIXTURE_BUDGET_AVAILABLE,16,1.0,0.0,0.4997552350141511,0.0004570486514934302,0.0
2013-06-28,0.5012642524369172,0.4987357475630828,UNIVERSAL_MIXTURE_BUDGET_AVAILABLE,17,1.0,0.0,0.5012642524369172,0.0182735941381702,0.0
2013-07-01,0.5016000462810943,0.49839995371890566,UNIVERSAL_MIXTURE_BUDGET_AVAILABLE,18,1.0,0.0,0.5016000462810943,0.004037774037112474,0.0
2013-07-02,0.5018602851964451,0.4981397148035549,UNIVERSAL_MIXTURE_BUDGET_AVAILABLE,19,1.0,0.0,0.5018602851964451,0.0031278613205225625,0.0
2013-07-03,0.5016744827165431,0.49832551728345686,UNIVERSAL_MIXTURE_BUDGET_AVAILABLE,20,1.0,0.0,0.5016744827165431,-0.0022272202215329884,0.0
2013-07-04,0.50226758911655,0.49773241088345,UNIVERSAL_MIXTURE_BUDGET_AVAILABLE,21,1.0,0.0,0.50226758911655,0.007143013773624363,0.0
2013-07-05,0.502562563347507,0.49743743665249296,UNIVERSAL_MIXTURE_BUDGET_AVAILABLE,22,1.0,0.0,0.502562563347507,0.003546176499234388,0.0
2013-07-08,0.5002865449613452,0.49971345503865483,UNIVERSAL_MIXTURE_BUDGET_AVAILABLE,23,1.0,0.0,0.5002865449613452,-0.026944047458769993,0.0
2013-07-09,0.500097197264861,0.499902802735139,UNIVERSAL_MIXTURE_BUDGET_AVAILABLE,24,0.0,0.0,0.0,-0.0022696829246654504,0.0
2013-07-10,0.500004677086126,0.49999532291387405,UNIVERSAL_MIXTURE_BUDGET_AVAILABLE,25,0.0,0.0,0.0,-0.0011096699295432,0.0
2013-07-11,0.500004677086126,0.49999532291387405,UNIVERSAL_MIXTURE_BUDGET_AVAILABLE,26,0.0,0.0,0.0,0.0,0.0
2013-07-12,0.5000046770861258,0.49999532291387416,UNIVERSAL_MIXTURE_BUDGET_AVAILABLE,27,0.0,0.0,0.0,0.0,0.0
2013-07-15,0.5000046770861258,0.49999532291387416,UNIVERSAL_MIXTURE_BUDGET_AVAILABLE,28,0.0,0.0,0.0,0.0,0.0
2013-07-16,0.5000046770861258,0.49999532291387416,UNIVERSAL_MIXTURE_BUDGET_AVAILABLE,29,0.0,0.0,0.0,0.0,0.0
2013-07-17,0.500004677086126,0.49999532291387405,UNIVERSAL_MIXTURE_BUDGET_AVAILABLE,30,0.0,0.0,0.0,0.0,0.0
2013-07-18,0.5000046770861258,0.49999532291387416,UNIVERSAL_MIXTURE_BUDGET_AVAILABLE,31,0.0,0.0,0.0,0.0,0.0
2013-07-19,0.500004677086126,0.49999532291387405,UNIVERSAL_MIXTURE_BUDGET_AVAILABLE,32,0.0,0.0,0.0,0.0,0.0
2013-07-22,0.5000046770861258,0.49999532291387416,UNIVERSAL_MIXTURE_BUDGET_AVAILABLE,33,0.0,0.0,0.0,0.0,0.0
2013-07-23,0.5000046770861257,0.4999953229138743,UNIVERSAL_MIXTURE_BUDGET_AVAILABLE,34,0.0,0.0,0.0,0.0,0.0
2013-07-24,0.500004677086126,0.49999532291387405,UNIVERSAL_MIXTURE_BUDGET_AVAILABLE,35,0.0,0.0,0.0,0.0,0.0
2013-07-25,0.500004677086126,0.49999532291387405,UNIVERSAL_MIXTURE_BUDGET_AVAILABLE,36,0.0,0.0,0.0,0.0,0.0
2013-07-26,0.500004677086126,0.49999532291387405,UNIVERSAL_MIXTURE_BUDGET_AVAILABLE,37,0.0,0.0,0.0,0.0,0.0
2013-07-29,0.5000046770861258,0.49999532291387416,UNIVERSAL_MIXTURE_BUDGET_AVAILABLE,38,0.0,0.0,0.0,0.0,0.0
2013-07-30,0.5000046770861257,0.4999953229138743,UNIVERSAL_MIXTURE_BUDGET_AVAILABLE,39,0.0,0.0,0.0,0.0,0.0
2013-07-31,0.5000046770861258,0.49999532291387416,UNIVERSAL_MIXTURE_BUDGET_AVAILABLE,40,0.0,0.0,0.0,0.0,0.0
2013-08-01,0.5000046770861258,0.49999532291387416,UNIVERSAL_MIXTURE_BUDGET_AVAILABLE,41,0.0,0.0,0.0,0.0,0.0
2013-08-02,0.5000046770861257,0.4999953229138743,UNIVERSAL_MIXTURE_BUDGET_AVAILABLE,42,0.0,0.0,0.0,0.0,0.0
2013-08-05,0.5000046770861257,0.4999953229138743,UNIVERSAL_MIXTURE_BUDGET_AVAILABLE,43,0.0,0.0,0.0,0.0,0.0
2013-08-06,0.5000046770861256,0.4999953229138744,UNIVERSAL_MIXTURE_BUDGET_AVAILABLE,44,0.0,0.0,0.0,0.0,0.0
2013-08-07,0.500004677086126,0.49999532291387405,UNIVERSAL_MIXTURE_BUDGET_AVAILABLE,45,0.0,0.0,0.0,0.0,0.0
2013-08-08,0.500004677086126,0.49999532291387405,UNIVERSAL_MIXTURE_BUDGET_AVAILABLE,46,0.0,0.0,0.0,0.0,0.0
2013-08-09,0.500004677086126,0.49999532291387405,UNIVERSAL_MIXTURE_BUDGET_AVAILABLE,47,0.0,0.0,0.0,0.0,0.0
2013-08-12,0.5000046770861258,0.49999532291387416,UNIVERSAL_MIXTURE_BUDGET_AVAILABLE,48,0.0,0.0,0.0,0.0,0.0
2013-08-13,0.5000046770861258,0.49999532291387416,UNIVERSAL_MIXTURE_BUDGET_AVAILABLE,49,0.0,0.0,0.0,0.0,0.0
2013-08-14,0.5000046770861257,0.4999953229138743,UNIVERSAL_MIXTURE_BUDGET_AVAILABLE,50,0.0,0.0,0.0,0.0,0.0
2013-08-15,0.5000046770861258,0.49999532291387416,UNIVERSAL_MIXTURE_BUDGET_AVAILABLE,51,0.0,0.0,0.0,0.0,0.0
2013-08-16,0.500004677086126,0.49999532291387405,UNIVERSAL_MIXTURE_BUDGET_AVAILABLE,52,0.0,0.0,0.0,0.0,0.0
2013-08-19,0.5000046770861258,0.49999532291387416,UNIVERSAL_MIXTURE_BUDGET_AVAILABLE,53,0.0,0.0,0.0,0.0,0.0
2013-08-20,0.5000046770861256,0.4999953229138744,UNIVERSAL_MIXTURE_BUDGET_AVAILABLE,54,0.0,0.0,0.0,0.0,0.0
2013-08-21,0.5000046770861258,0.49999532291387416,UNIVERSAL_MIXTURE_BUDGET_AVAILABLE,55,0.0,0.0,0.0,0.0,0.0
2013-08-22,0.5000046770861258,0.49999532291387416,UNIVERSAL_MIXTURE_BUDGET_AVAILABLE,56,0.0,0.0,0.0,0.0,0.0
2013-08-23,0.5000046770861258,0.49999532291387416,UNIVERSAL_MIXTURE_BUDGET_AVAILABLE,57,0.0,0.0,0.0,0.0,0.0
2013-08-26,0.500004677086126,0.49999532291387405,UNIVERSAL_MIXTURE_BUDGET_AVAILABLE,58,0.0,0.0,0.0,0.0,0.0
2013-08-27,0.5000046770861258,0.49999532291387416,UNIVERSAL_MIXTURE_BUDGET_AVAILABLE,59,0.0,0.0,0.0,0.0,0.0
2013-08-28,0.500004677086126,0.49999532291387405,UNIVERSAL_MIXTURE_BUDGET_AVAILABLE,60,0.0,0.0,0.0,0.0,0.0
2013-08-29,0.5000046770861258,0.49999532291387416,UNIVERSAL_MIXTURE_BUDGET_AVAILABLE,61,0.0,0.0,0.0,0.0,0.0
2013-08-30,0.5000046770861258,0.49999532291387416,UNIVERSAL_MIXTURE_BUDGET_AVAILABLE,62,0.0,0.0,0.0,0.0,0.0
2013-09-02,0.5000046770861258,0.49999532291387416,UNIVERSAL_MIXTURE_BUDGET_AVAILABLE,63,0.0,0.0,0.0,0.0,0.0
2013-09-03,0.5000046770861258,0.49999532291387416,UNIVERSAL_MIXTURE_BUDGET_AVAILABLE,64,0.0,0.0,0.0,0.0,0.0
2013-09-04,0.5000046770861258,0.49999532291387416,UNIVERSAL_MIXTURE_BUDGET_AVAILABLE,65,0.0,0.0,0.0,0.0,0.0
2013-09-05,0.5000046770861257,0.4999953229138743,UNIVERSAL_MIXTURE_BUDGET_AVAILABLE,66,0.0,0.0,0.0,0.0,0.0
2013-09-06,0.5000046770861257,0.4999953229138743,UNIVERSAL_MIXTURE_BUDGET_AVAILABLE,67,0.0,0.0,0.0,0.0,0.0
2013-09-09,0.5000046770861258,0.49999532291387416,UNIVERSAL_MIXTURE_BUDGET_AVAILABLE,68,0.0,0.0,0.0,0.0,0.0
2013-09-10,0.5000046770861261,0.49999532291387394,UNIVERSAL_MIXTURE_BUDGET_AVAILABLE,69,0.0,0.0,0.0,0.0,0.0
2013-09-11,0.5000046770861257,0.4999953229138743,UNIVERSAL_MIXTURE_BUDGET_AVAILABLE,70,0.0,0.0,0.0,0.0,0.0
2013-09-12,0.5000046770861258,0.49999532291387416,UNIVERSAL_MIXTURE_BUDGET_AVAILABLE,71,0.0,0.0,0.0,0.0,0.0
2013-09-13,0.5000046770861257,0.4999953229138743,UNIVERSAL_MIXTURE_BUDGET_AVAILABLE,72,0.0,0.0,0.0,0.0,0.0
2013-09-16,0.5000046770861258,0.49999532291387416,UNIVERSAL_MIXTURE_BUDGET_AVAILABLE,73,0.0,0.0,0.0,0.0,0.0
2013-09-17,0.500004677086126,0.49999532291387405,UNIVERSAL_MIXTURE_BUDGET_AVAILABLE,74,0.0,0.0,0.0,0.0,0.0
2013-09-18,0.5000046770861257,0.4999953229138743,UNIVERSAL_MIXTURE_BUDGET_AVAILABLE,75,0.0,0.0,0.0,0.0,0.0
2013-09-23,0.5000046770861261,0.49999532291387394,UNIVERSAL_MIXTURE_BUDGET_AVAILABLE,76,0.0,0.0,0.0,0.0,0.0
2013-09-24,0.5000046770861258,0.49999532291387416,UNIVERSAL_MIXTURE_BUDGET_AVAILABLE,77,0.0,0.0,0.0,0.0,0.0
2013-09-25,0.5000046770861258,0.49999532291387416,UNIVERSAL_MIXTURE_BUDGET_AVAILABLE,78,0.0,0.0,0.0,0.0,0.0
2013-09-26,0.5000046770861257,0.4999953229138743,UNIVERSAL_MIXTURE_BUDGET_AVAILABLE,79,0.0,0.0,0.0,0.0,0.0
2013-09-27,0.5000046770861258,0.49999532291387416,UNIVERSAL_MIXTURE_BUDGET_AVAILABLE,80,0.0,0.0,0.0,0.0,0.0
2013-09-30,0.5000046770861258,0.49999532291387416,UNIVERSAL_MIXTURE_BUDGET_AVAILABLE,81,0.0,0.0,0.0,0.0,0.0
2013-10-08,0.5000046770861257,0.4999953229138743,UNIVERSAL_MIXTURE_BUDGET_AVAILABLE,82,0.0,0.0,0.0,0.0,0.0
2013-10-09,0.5000046770861257,0.4999953229138743,UNIVERSAL_MIXTURE_BUDGET_AVAILABLE,83,0.0,0.0,0.0,0.0,0.0
2013-10-10,0.5000046770861257,0.4999953229138743,UNIVERSAL_MIXTURE_BUDGET_AVAILABLE,84,0.0,0.0,0.0,0.0,0.0
2013-10-11,0.5000046770861258,0.49999532291387416,UNIVERSAL_MIXTURE_BUDGET_AVAILABLE,85,0.0,0.0,0.0,0.0,0.0
2013-10-14,0.5000046770861258,0.49999532291387416,UNIVERSAL_MIXTURE_BUDGET_AVAILABLE,86,0.0,0.0,0.0,0.0,0.0
2013-10-15,0.5000046770861258,0.49999532291387416,UNIVERSAL_MIXTURE_BUDGET_AVAILABLE,87,0.0,0.0,0.0,0.0,0.0
2013-10-16,0.5000046770861257,0.4999953229138743,UNIVERSAL_MIXTURE_BUDGET_AVAILABLE,88,0.0,0.0,0.0,0.0,0.0
2013-10-17,0.5000046770861258,0.49999532291387416,UNIVERSAL_MIXTURE_BUDGET_AVAILABLE,89,0.0,0.0,0.0,0.0,0.0
2013-10-18,0.5000046770861257,0.4999953229138743,UNIVERSAL_MIXTURE_BUDGET_AVAILABLE,90,0.0,0.0,0.0,0.0,0.0
2013-10-21,0.500004677086126,0.49999532291387405,UNIVERSAL_MIXTURE_BUDGET_AVAILABLE,91,0.0,0.0,0.0,0.0,0.0
2013-10-22,0.5000046770861261,0.49999532291387394,UNIVERSAL_MIXTURE_BUDGET_AVAILABLE,92,0.0,0.0,0.0,0.0,0.0
2013-10-23,0.500004677086126,0.49999532291387405,UNIVERSAL_MIXTURE_BUDGET_AVAILABLE,93,0.0,0.0,0.0,0.0,0.0
2013-10-24,0.500004677086126,0.49999532291387405,UNIVERSAL_MIXTURE_BUDGET_AVAILABLE,94,0.0,0.0,0.0,0.0,0.0
2013-10-25,0.5000046770861258,0.49999532291387416,UNIVERSAL_MIXTURE_BUDGET_AVAILABLE,95,0.0,0.0,0.0,0.0,0.0
2013-10-28,0.5000046770861257,0.4999953229138743,UNIVERSAL_MIXTURE_BUDGET_AVAILABLE,96,0.0,0.0,0.0,0.0,0.0
2013-10-29,0.5000046770861258,0.49999532291387416,UNIVERSAL_MIXTURE_BUDGET_AVAILABLE,97,0.0,0.0,0.0,0.0,0.0
2013-10-30,0.5000046770861258,0.49999532291387416,UNIVERSAL_MIXTURE_BUDGET_AVAILABLE,98,0.0,0.0,0.0,0.0,0.0
2013-10-31,0.5000046770861258,0.49999532291387416,UNIVERSAL_MIXTURE_BUDGET_AVAILABLE,99,0.0,0.0,0.0,0.0,0.0
2013-11-01,0.5000046770861258,0.49999532291387416,UNIVERSAL_MIXTURE_BUDGET_AVAILABLE,100,0.0,0.0,0.0,0.0,0.0
2013-11-04,0.5000046770861258,0.49999532291387416,UNIVERSAL_MIXTURE_BUDGET_AVAILABLE,101,0.0,0.0,0.0,0.0,0.0
2013-11-05,0.500004677086126,0.49999532291387405,UNIVERSAL_MIXTURE_BUDGET_AVAILABLE,102,0.0,0.0,0.0,0.0,0.0
2013-11-06,0.5000046770861257,0.4999953229138743,UNIVERSAL_MIXTURE_BUDGET_AVAILABLE,103,0.0,0.0,0.0,0.0,0.0
2013-11-07,0.5000046770861258,0.49999532291387416,UNIVERSAL_MIXTURE_BUDGET_AVAILABLE,104,0.0,0.0,0.0,0.0,0.0
2013-11-08,0.500004677086126,0.49999532291387405,UNIVERSAL_MIXTURE_BUDGET_AVAILABLE,105,0.0,0.0,0.0,0.0,0.0
2013-11-11,0.5000046770861258,0.49999532291387416,UNIVERSAL_MIXTURE_BUDGET_AVAILABLE,106,0.0,0.0,0.0,0.0,0.0
2013-11-12,0.5000046770861258,0.49999532291387416,UNIVERSAL_MIXTURE_BUDGET_AVAILABLE,107,0.0,0.0,0.0,0.0,0.0
2013-11-13,0.5000046770861257,0.4999953229138743,UNIVERSAL_MIXTURE_BUDGET_AVAILABLE,108,0.0,0.0,0.0,0.0,0.0
2013-11-14,0.5000046770861258,0.49999532291387416,UNIVERSAL_MIXTURE_BUDGET_AVAILABLE,109,0.0,0.0,0.0,0.0,0.0
2013-11-15,0.5000046770861258,0.49999532291387416,UNIVERSAL_MIXTURE_BUDGET_AVAILABLE,110,0.0,0.0,0.0,0.0,0.0
2013-11-18,0.5000046770861258,0.49999532291387416,UNIVERSAL_MIXTURE_BUDGET_AVAILABLE,111,0.0,0.0,0.0,0.0,0.0
2013-11-19,0.5000046770861258,0.49999532291387416,UNIVERSAL_MIXTURE_BUDGET_AVAILABLE,112,0.0,0.0,0.0,0.0,0.0
2013-11-20,0.5000046770861257,0.4999953229138743,UNIVERSAL_MIXTURE_BUDGET_AVAILABLE,113,0.0,0.0,0.0,0.0,0.0
2013-11-21,0.5000046770861257,0.4999953229138743,UNIVERSAL_MIXTURE_BUDGET_AVAILABLE,114,0.0,0.0,0.0,0.0,0.0
2013-11-22,0.5000046770861257,0.4999953229138743,UNIVERSAL_MIXTURE_BUDGET_AVAILABLE,115,0.0,0.0,0.0,0.0,0.0
2013-11-25,0.500004677086126,0.49999532291387405,UNIVERSAL_MIXTURE_BUDGET_AVAILABLE,116,0.0,0.0,0.0,0.0,0.0
2013-11-26,0.500004677086126,0.49999532291387405,UNIVERSAL_MIXTURE_BUDGET_AVAILABLE,117,0.0,0.0,0.0,0.0,0.0
2013-11-27,0.5000046770861257,0.4999953229138743,UNIVERSAL_MIXTURE_BUDGET_AVAILABLE,118,0.0,0.0,0.0,0.0,0.0
2013-11-28,0.5000046770861258,0.49999532291387416,UNIVERSAL_MIXTURE_BUDGET_AVAILABLE,119,0.0,0.0,0.0,0.0,0.0
2013-11-29,0.5000046770861257,0.4999953229138743,UNIVERSAL_MIXTURE_BUDGET_AVAILABLE,120,0.0,0.0,0.0,0.0,0.0
2013-12-02,0.5000046770861258,0.49999532291387416,UNIVERSAL_MIXTURE_BUDGET_AVAILABLE,121,0.0,0.0,0.0,0.0,0.0
2013-12-03,0.500004677086126,0.49999532291387405,UNIVERSAL_MIXTURE_BUDGET_AVAILABLE,122,0.0,0.0,0.0,0.0,0.0
2013-12-04,0.5000046770861258,0.49999532291387416,UNIVERSAL_MIXTURE_BUDGET_AVAILABLE,123,0.0,0.0,0.0,0.0,0.0
2013-12-05,0.5000046770861257,0.4999953229138743,UNIVERSAL_MIXTURE_BUDGET_AVAILABLE,124,0.0,0.0,0.0,0.0,0.0
2013-12-06,0.500004677086126,0.49999532291387405,UNIVERSAL_MIXTURE_BUDGET_AVAILABLE,125,0.0,0.0,0.0,0.0,0.0
2013-12-09,0.5000046770861258,0.49999532291387416,UNIVERSAL_MIXTURE_BUDGET_AVAILABLE,126,0.0,0.0,0.0,0.0,0.0
2013-12-10,0.5000046770861258,0.49999532291387416,UNIVERSAL_MIXTURE_BUDGET_AVAILABLE,127,0.0,0.0,0.0,0.0,0.0
2013-12-11,0.5000046770861258,0.49999532291387416,UNIVERSAL_MIXTURE_BUDGET_AVAILABLE,128,0.0,0.0,0.0,0.0,0.0
2013-12-12,0.5000046770861258,0.49999532291387416,UNIVERSAL_MIXTURE_BUDGET_AVAILABLE,129,0.0,0.0,0.0,0.0,0.0
2013-12-13,0.5000046770861258,0.49999532291387416,UNIVERSAL_MIXTURE_BUDGET_AVAILABLE,130,0.0,0.0,0.0,0.0,0.0
2013-12-16,0.5000046770861258,0.49999532291387416,UNIVERSAL_MIXTURE_BUDGET_AVAILABLE,131,0.0,0.0,0.0,0.0,0.0
2013-12-17,0.500004677086126,0.49999532291387405,UNIVERSAL_MIXTURE_BUDGET_AVAILABLE,132,0.0,0.0,0.0,0.0,0.0
2013-12-18,0.5000046770861258,0.49999532291387416,UNIVERSAL_MIXTURE_BUDGET_AVAILABLE,133,0.0,0.0,0.0,0.0,0.0
2013-12-19,0.5000046770861258,0.49999532291387416,UNIVERSAL_MIXTURE_BUDGET_AVAILABLE,134,0.0,0.0,0.0,0.0,0.0
2013-12-20,0.5000046770861258,0.49999532291387416,UNIVERSAL_MIXTURE_BUDGET_AVAILABLE,135,0.0,0.0,0.0,0.0,0.0
2013-12-23,0.500004677086126,0.49999532291387405,UNIVERSAL_MIXTURE_BUDGET_AVAILABLE,136,0.0,0.0,0.0,0.0,0.0
2013-12-24,0.5000046770861258,0.49999532291387416,UNIVERSAL_MIXTURE_BUDGET_AVAILABLE,137,0.0,0.0,0.0,0.0,0.0
2013-12-25,0.5000046770861261,0.49999532291387394,UNIVERSAL_MIXTURE_BUDGET_AVAILABLE,138,0.0,0.0,0.0,0.0,0.0
2013-12-26,0.5000046770861258,0.49999532291387416,UNIVERSAL_MIXTURE_BUDGET_AVAILABLE,139,0.0,0.0,0.0,0.0,0.0
2013-12-27,0.5000046770861257,0.4999953229138743,UNIVERSAL_MIXTURE_BUDGET_AVAILABLE,140,0.0,0.0,0.0,0.0,0.0
2013-12-30,0.5000046770861257,0.4999953229138743,UNIVERSAL_MIXTURE_BUDGET_AVAILABLE,141,0.0,0.0,0.0,0.0,0.0
2013-12-31,0.5000046770861258,0.49999532291387416,UNIVERSAL_MIXTURE_BUDGET_AVAILABLE,142,0.0,0.0,0.0,0.0,0.0
2014-01-02,0.5000046770861258,0.49999532291387416,UNIVERSAL_MIXTURE_BUDGET_AVAILABLE,143,0.0,0.0,0.0,0.0,0.0
2014-01-03,0.5000046770861257,0.4999953229138743,UNIVERSAL_MIXTURE_BUDGET_AVAILABLE,144,0.0,0.0,0.0,0.0,0.0
2014-01-06,0.5000046770861257,0.4999953229138743,UNIVERSAL_MIXTURE_BUDGET_AVAILABLE,145,0.0,0.0,0.0,0.0,0.0
2014-01-07,0.5000046770861258,0.49999532291387416,UNIVERSAL_MIXTURE_BUDGET_AVAILABLE,146,0.0,0.0,0.0,0.0,0.0
2014-01-08,0.5000046770861258,0.49999532291387416,UNIVERSAL_MIXTURE_BUDGET_AVAILABLE,147,0.0,0.0,0.0,0.0,0.0
2014-01-09,0.5000046770861257,0.4999953229138743,UNIVERSAL_MIXTURE_BUDGET_AVAILABLE,148,0.0,0.0,0.0,0.0,0.0
2014-01-10,0.5000046770861257,0.4999953229138743,UNIVERSAL_MIXTURE_BUDGET_AVAILABLE,149,0.0,0.0,0.0,0.0,0.0
2014-01-13,0.5000046770861258,0.49999532291387416,UNIVERSAL_MIXTURE_BUDGET_AVAILABLE,150,0.0,0.0,0.0,0.0,0.0
2014-01-14,0.5000046770861258,0.49999532291387416,UNIVERSAL_MIXTURE_BUDGET_AVAILABLE,151,0.0,0.0,0.0,0.0,0.0
2014-01-15,0.5000046770861258,0.49999532291387416,UNIVERSAL_MIXTURE_BUDGET_AVAILABLE,152,0.0,0.0,0.0,0.0,0.0
2014-01-16,0.5000046770861256,0.4999953229138744,UNIVERSAL_MIXTURE_BUDGET_AVAILABLE,153,0.0,0.0,0.0,0.0,0.0
2014-01-17,0.5000046770861256,0.4999953229138744,UNIVERSAL_MIXTURE_BUDGET_AVAILABLE,154,0.0,0.0,0.0,0.0,0.0
2014-01-20,0.5000046770861256,0.4999953229138744,UNIVERSAL_MIXTURE_BUDGET_AVAILABLE,155,0.0,0.0,0.0,0.0,0.0
2014-01-21,0.5000046770861257,0.4999953229138743,UNIVERSAL_MIXTURE_BUDGET_AVAILABLE,156,0.0,0.0,0.0,0.0,0.0
2014-01-22,0.5000046770861258,0.49999532291387416,UNIVERSAL_MIXTURE_BUDGET_AVAILABLE,157,0.0,0.0,0.0,0.0,0.0
2014-01-23,0.5000046770861256,0.4999953229138744,UNIVERSAL_MIXTURE_BUDGET_AVAILABLE,158,0.0,0.0,0.0,0.0,0.0
2014-01-24,0.5000046770861258,0.49999532291387416,UNIVERSAL_MIXTURE_BUDGET_AVAILABLE,159,0.0,0.0,0.0,0.0,0.0
2014-01-27,0.5000046770861257,0.4999953229138743,UNIVERSAL_MIXTURE_BUDGET_AVAILABLE,160,0.0,0.0,0.0,0.0,0.0
2014-01-28,0.5000046770861258,0.49999532291387416,UNIVERSAL_MIXTURE_BUDGET_AVAILABLE,161,0.0,0.0,0.0,0.0,0.0
2014-01-29,0.5000046770861257,0.4999953229138743,UNIVERSAL_MIXTURE_BUDGET_AVAILABLE,162,0.0,0.0,0.0,0.0,0.0
2014-01-30,0.5000046770861258,0.49999532291387416,UNIVERSAL_MIXTURE_BUDGET_AVAILABLE,163,0.0,0.0,0.0,0.0,0.0
2014-02-07,0.5000046770861257,0.4999953229138743,UNIVERSAL_MIXTURE_BUDGET_AVAILABLE,164,0.0,0.0,0.0,0.0,0.0
2014-02-10,0.500004677086126,0.49999532291387405,UNIVERSAL_MIXTURE_BUDGET_AVAILABLE,165,0.0,0.0,0.0,0.0,0.0
2014-02-11,0.5000046770861258,0.49999532291387416,UNIVERSAL_MIXTURE_BUDGET_AVAILABLE,166,0.0,0.0,0.0,0.0,0.0
2014-02-12,0.5000046770861257,0.4999953229138743,UNIVERSAL_MIXTURE_BUDGET_AVAILABLE,167,0.0,0.0,0.0,0.0,0.0
2014-02-13,0.5000046770861258,0.49999532291387416,UNIVERSAL_MIXTURE_BUDGET_AVAILABLE,168,0.0,0.0,0.0,0.0,0.0
2014-02-14,0.5000046770861258,0.49999532291387416,UNIVERSAL_MIXTURE_BUDGET_AVAILABLE,169,0.0,0.0,0.0,0.0,0.0
2014-02-17,0.5000046770861256,0.4999953229138744,UNIVERSAL_MIXTURE_BUDGET_AVAILABLE,170,0.0,0.0,0.0,0.0,0.0
2014-02-18,0.5000046770861257,0.4999953229138743,UNIVERSAL_MIXTURE_BUDGET_AVAILABLE,171,0.0,0.0,0.0,0.0,0.0
2014-02-19,0.5000046770861257,0.4999953229138743,UNIVERSAL_MIXTURE_BUDGET_AVAILABLE,172,0.0,0.0,0.0,0.0,0.0
2014-02-20,0.5000046770861256,0.4999953229138744,UNIVERSAL_MIXTURE_BUDGET_AVAILABLE,173,0.0,0.0,0.0,0.0,0.0
2014-02-21,0.5000046770861256,0.4999953229138744,UNIVERSAL_MIXTURE_BUDGET_AVAILABLE,174,0.0,0.0,0.0,0.0,0.0
2014-02-24,0.5000046770861258,0.49999532291387416,UNIVERSAL_MIXTURE_BUDGET_AVAILABLE,175,0.0,0.0,0.0,0.0,0.0
2014-02-25,0.5000046770861258,0.49999532291387416,UNIVERSAL_MIXTURE_BUDGET_AVAILABLE,176,0.0,0.0,0.0,0.0,0.0
2014-02-26,0.5000046770861258,0.49999532291387416,UNIVERSAL_MIXTURE_BUDGET_AVAILABLE,177,0.0,0.0,0.0,0.0,0.0
2014-02-27,0.5000046770861258,0.49999532291387416,UNIVERSAL_MIXTURE_BUDGET_AVAILABLE,178,0.0,0.0,0.0,0.0,0.0
2014-02-28,0.5000046770861258,0.49999532291387416,UNIVERSAL_MIXTURE_BUDGET_AVAILABLE,179,0.0,0.0,0.0,0.0,0.0
2014-03-03,0.5000046770861257,0.4999953229138743,UNIVERSAL_MIXTURE_BUDGET_AVAILABLE,180,0.0,0.0,0.0,0.0,0.0
2014-03-04,0.5000046770861258,0.49999532291387416,UNIVERSAL_MIXTURE_BUDGET_AVAILABLE,181,0.0,0.0,0.0,0.0,0.0
2014-03-05,0.500004677086126,0.49999532291387405,UNIVERSAL_MIXTURE_BUDGET_AVAILABLE,182,0.0,0.0,0.0,0.0,0.0
2014-03-06,0.5000046770861257,0.4999953229138743,UNIVERSAL_MIXTURE_BUDGET_AVAILABLE,183,0.0,0.0,0.0,0.0,0.0
2014-03-07,0.5000046770861257,0.4999953229138743,UNIVERSAL_MIXTURE_BUDGET_AVAILABLE,184,0.0,0.0,0.0,0.0,0.0
2014-03-10,0.500004677086126,0.49999532291387405,UNIVERSAL_MIXTURE_BUDGET_AVAILABLE,185,0.0,0.0,0.0,0.0,0.0
2014-03-11,0.500004677086126,0.49999532291387405,UNIVERSAL_MIXTURE_BUDGET_AVAILABLE,186,0.0,0.0,0.0,0.0,0.0
2014-03-12,0.5000046770861258,0.49999532291387416,UNIVERSAL_MIXTURE_BUDGET_AVAILABLE,187,0.0,0.0,0.0,0.0,0.0
2014-03-13,0.500004677086126,0.49999532291387405,UNIVERSAL_MIXTURE_BUDGET_AVAILABLE,188,0.0,0.0,0.0,0.0,0.0
2014-03-14,0.500004677086126,0.49999532291387405,UNIVERSAL_MIXTURE_BUDGET_AVAILABLE,189,0.0,0.0,0.0,0.0,0.0
2014-03-17,0.5000046770861257,0.4999953229138743,UNIVERSAL_MIXTURE_BUDGET_AVAILABLE,190,0.0,0.0,0.0,0.0,0.0
2014-03-18,0.5000046770861258,0.49999532291387416,UNIVERSAL_MIXTURE_BUDGET_AVAILABLE,191,0.0,0.0,0.0,0.0,0.0
2014-03-19,0.5000046770861257,0.4999953229138743,UNIVERSAL_MIXTURE_BUDGET_AVAILABLE,192,0.0,0.0,0.0,0.0,0.0
2014-03-20,0.5000046770861258,0.49999532291387416,UNIVERSAL_MIXTURE_BUDGET_AVAILABLE,193,0.0,0.0,0.0,0.0,0.0
2014-03-21,0.5000046770861257,0.4999953229138743,UNIVERSAL_MIXTURE_BUDGET_AVAILABLE,194,0.0,0.0,0.0,0.0,0.0
2014-03-24,0.5000046770861258,0.49999532291387416,UNIVERSAL_MIXTURE_BUDGET_AVAILABLE,195,0.0,0.0,0.0,0.0,0.0
2014-03-25,0.5000046770861258,0.49999532291387416,UNIVERSAL_MIXTURE_BUDGET_AVAILABLE,196,0.0,0.0,0.0,0.0,0.0
2014-03-26,0.5000046770861258,0.49999532291387416,UNIVERSAL_MIXTURE_BUDGET_AVAILABLE,197,0.0,0.0,0.0,0.0,0.0
2014-03-27,0.5000046770861258,0.49999532291387416,UNIVERSAL_MIXTURE_BUDGET_AVAILABLE,198,0.0,0.0,0.0,0.0,0.0
2014-03-28,0.5000046770861257,0.4999953229138743,UNIVERSAL_MIXTURE_BUDGET_AVAILABLE,199,0.0,0.0,0.0,0.0,0.0
2014-03-31,0.5000046770861258,0.49999532291387416,UNIVERSAL_MIXTURE_BUDGET_AVAILABLE,200,0.0,0.0,0.0,0.0,0.0
2014-04-01,0.5000046770861258,0.49999532291387416,UNIVERSAL_MIXTURE_BUDGET_AVAILABLE,201,0.0,0.0,0.0,0.0,0.0
2014-04-02,0.5000046770861257,0.4999953229138743,UNIVERSAL_MIXTURE_BUDGET_AVAILABLE,202,0.0,0.0,0.0,0.0,0.0
2014-04-03,0.500004677086126,0.49999532291387405,UNIVERSAL_MIXTURE_BUDGET_AVAILABLE,203,0.0,0.0,0.0,0.0,0.0
2014-04-04,0.5000046770861258,0.49999532291387416,UNIVERSAL_MIXTURE_BUDGET_AVAILABLE,204,0.0,0.0,0.0,0.0,0.0
2014-04-08,0.5000046770861258,0.49999532291387416,UNIVERSAL_MIXTURE_BUDGET_AVAILABLE,205,0.0,0.0,0.0,0.0,0.0
2014-04-09,0.500004677086126,0.49999532291387405,UNIVERSAL_MIXTURE_BUDGET_AVAILABLE,206,0.0,0.0,0.0,0.0,0.0
2014-04-10,0.5000046770861258,0.49999532291387416,UNIVERSAL_MIXTURE_BUDGET_AVAILABLE,207,0.0,0.0,0.0,0.0,0.0
2014-04-11,0.5000046770861258,0.49999532291387416,UNIVERSAL_MIXTURE_BUDGET_AVAILABLE,208,0.0,0.0,0.0,0.0,0.0
2014-04-14,0.5000046770861257,0.4999953229138743,UNIVERSAL_MIXTURE_BUDGET_AVAILABLE,209,0.0,0.0,0.0,0.0,0.0
2014-04-15,0.5000046770861258,0.49999532291387416,UNIVERSAL_MIXTURE_BUDGET_AVAILABLE,210,0.0,0.0,0.0,0.0,0.0
2014-04-16,0.5000046770861258,0.49999532291387416,UNIVERSAL_MIXTURE_BUDGET_AVAILABLE,211,0.0,0.0,0.0,0.0,0.0
2014-04-17,0.5000046770861258,0.49999532291387416,UNIVERSAL_MIXTURE_BUDGET_AVAILABLE,212,0.0,0.0,0.0,0.0,0.0
2014-04-18,0.5000046770861258,0.49999532291387416,UNIVERSAL_MIXTURE_BUDGET_AVAILABLE,213,0.0,0.0,0.0,0.0,0.0
2014-04-21,0.5000046770861257,0.4999953229138743,UNIVERSAL_MIXTURE_BUDGET_AVAILABLE,214,0.0,0.0,0.0,0.0,0.0
2014-04-22,0.5000046770861258,0.49999532291387416,UNIVERSAL_MIXTURE_BUDGET_AVAILABLE,215,0.0,0.0,0.0,0.0,0.0
2014-04-23,0.500004677086126,0.49999532291387405,UNIVERSAL_MIXTURE_BUDGET_AVAILABLE,216,0.0,0.0,0.0,0.0,0.0
2014-04-24,0.5000046770861258,0.49999532291387416,UNIVERSAL_MIXTURE_BUDGET_AVAILABLE,217,0.0,0.0,0.0,0.0,0.0
2014-04-25,0.5000046770861257,0.4999953229138743,UNIVERSAL_MIXTURE_BUDGET_AVAILABLE,218,0.0,0.0,0.0,0.0,0.0
2014-04-28,0.5000046770861258,0.49999532291387416,UNIVERSAL_MIXTURE_BUDGET_AVAILABLE,219,0.0,0.0,0.0,0.0,0.0
2014-04-29,0.5000046770861258,0.49999532291387416,UNIVERSAL_MIXTURE_BUDGET_AVAILABLE,220,0.0,0.0,0.0,0.0,0.0
2014-04-30,0.5000046770861258,0.49999532291387416,UNIVERSAL_MIXTURE_BUDGET_AVAILABLE,221,0.0,0.0,0.0,0.0,0.0
2014-05-05,0.5000046770861257,0.4999953229138743,UNIVERSAL_MIXTURE_BUDGET_AVAILABLE,222,0.0,0.0,0.0,0.0,0.0
2014-05-06,0.5000046770861258,0.49999532291387416,UNIVERSAL_MIXTURE_BUDGET_AVAILABLE,223,0.0,0.0,0.0,0.0,0.0
2014-05-07,0.5000046770861258,0.49999532291387416,UNIVERSAL_MIXTURE_BUDGET_AVAILABLE,224,0.0,0.0,0.0,0.0,0.0
2014-05-08,0.5000046770861258,0.49999532291387416,UNIVERSAL_MIXTURE_BUDGET_AVAILABLE,225,0.0,0.0,0.0,0.0,0.0
2014-05-09,0.5000046770861258,0.49999532291387416,UNIVERSAL_MIXTURE_BUDGET_AVAILABLE,226,0.0,0.0,0.0,0.0,0.0
2014-05-12,0.5000046770861258,0.49999532291387416,UNIVERSAL_MIXTURE_BUDGET_AVAILABLE,227,0.0,0.0,0.0,0.0,0.0
2014-05-13,0.5000046770861258,0.49999532291387416,UNIVERSAL_MIXTURE_BUDGET_AVAILABLE,228,0.0,0.0,0.0,0.0,0.0
2014-05-14,0.5000046770861257,0.4999953229138743,UNIVERSAL_MIXTURE_BUDGET_AVAILABLE,229,0.0,0.0,0.0,0.0,0.0
2014-05-15,0.5000046770861258,0.49999532291387416,UNIVERSAL_MIXTURE_BUDGET_AVAILABLE,230,0.0,0.0,0.0,0.0,0.0
2014-05-16,0.5000046770861258,0.49999532291387416,UNIVERSAL_MIXTURE_BUDGET_AVAILABLE,231,0.0,0.0,0.0,0.0,0.0
2014-05-19,0.500004677086126,0.49999532291387405,UNIVERSAL_MIXTURE_BUDGET_AVAILABLE,232,0.0,0.0,0.0,0.0,0.0
2014-05-20,0.5000046770861257,0.4999953229138743,UNIVERSAL_MIXTURE_BUDGET_AVAILABLE,233,0.0,0.0,0.0,0.0,0.0
2014-05-21,0.5000046770861258,0.49999532291387416,UNIVERSAL_MIXTURE_BUDGET_AVAILABLE,234,0.0,0.0,0.0,0.0,0.0
2014-05-22,0.5000046770861257,0.4999953229138743,UNIVERSAL_MIXTURE_BUDGET_AVAILABLE,235,0.0,0.0,0.0,0.0,0.0
2014-05-23,0.5000046770861258,0.49999532291387416,UNIVERSAL_MIXTURE_BUDGET_AVAILABLE,236,0.0,0.0,0.0,0.0,0.0
2014-05-26,0.5000046770861258,0.49999532291387416,UNIVERSAL_MIXTURE_BUDGET_AVAILABLE,237,0.0,0.0,0.0,0.0,0.0
2014-05-27,0.5000046770861258,0.49999532291387416,UNIVERSAL_MIXTURE_BUDGET_AVAILABLE,238,0.0,0.0,0.0,0.0,0.0
2014-05-28,0.500004677086126,0.49999532291387405,UNIVERSAL_MIXTURE_BUDGET_AVAILABLE,239,0.0,0.0,0.0,0.0,0.0
2014-05-29,0.5000046770861258,0.49999532291387416,UNIVERSAL_MIXTURE_BUDGET_AVAILABLE,240,0.0,0.0,0.0,0.0,0.0
2014-05-30,0.5000046770861257,0.4999953229138743,UNIVERSAL_MIXTURE_BUDGET_AVAILABLE,241,0.0,0.0,0.0,0.0,0.0
2014-06-03,0.5000046770861258,0.49999532291387416,UNIVERSAL_MIXTURE_BUDGET_AVAILABLE,242,0.0,0.0,0.0,0.0,0.0
2014-06-04,0.5000046770861258,0.49999532291387416,UNIVERSAL_MIXTURE_BUDGET_AVAILABLE,243,0.0,0.0,0.0,0.0,0.0
2014-06-05,0.5000046770861257,0.4999953229138743,UNIVERSAL_MIXTURE_BUDGET_AVAILABLE,244,0.0,0.0,0.0,0.0,0.0
2014-06-06,0.5000046770861258,0.49999532291387416,UNIVERSAL_MIXTURE_BUDGET_AVAILABLE,245,0.0,0.0,0.0,0.0,0.0
2014-06-09,0.5000046770861258,0.49999532291387416,UNIVERSAL_MIXTURE_BUDGET_AVAILABLE,246,0.0,0.0,0.0,0.0,0.0
2014-06-10,0.5000046770861257,0.4999953229138743,UNIVERSAL_MIXTURE_BUDGET_AVAILABLE,247,0.0,0.0,0.0,0.0,0.0
2014-06-11,0.5000046770861258,0.49999532291387416,UNIVERSAL_MIXTURE_BUDGET_AVAILABLE,248,0.0,0.0,0.0,0.0,0.0
2014-06-12,0.5000046770861258,0.49999532291387416,UNIVERSAL_MIXTURE_BUDGET_AVAILABLE,249,0.0,0.0,0.0,0.0,0.0
2014-06-13,0.5000046770861258,0.49999532291387416,UNIVERSAL_MIXTURE_BUDGET_AVAILABLE,250,0.0,0.0,0.0,0.0,0.0
2014-06-16,0.5000046770861258,0.49999532291387416,UNIVERSAL_MIXTURE_BUDGET_AVAILABLE,251,0.0,0.0,0.0,0.0,0.0
2014-06-17,0.5000046770861257,0.4999953229138743,UNIVERSAL_MIXTURE_BUDGET_AVAILABLE,252,0.0,0.0,0.0,0.0,0.0
2014-06-18,0.5000046770861258,0.49999532291387416,UNIVERSAL_MIXTURE_BUDGET_AVAILABLE,253,0.0,0.0,0.0,0.0,0.0
2014-06-19,0.5000046770861258,0.49999532291387416,UNIVERSAL_MIXTURE_BUDGET_AVAILABLE,254,0.0,0.0,0.0,0.0,0.0
2014-06-20,0.5000046770861257,0.4999953229138743,UNIVERSAL_MIXTURE_BUDGET_AVAILABLE,255,0.0,0.0,0.0,0.0,0.0
2014-06-23,0.5000046770861258,0.49999532291387416,UNIVERSAL_MIXTURE_BUDGET_AVAILABLE,256,0.0,0.0,0.0,0.0,0.0
2014-06-24,0.5000046770861257,0.4999953229138743,UNIVERSAL_MIXTURE_BUDGET_AVAILABLE,257,0.0,0.0,0.0,0.0,0.0
2014-06-25,0.5000046770861257,0.4999953229138743,UNIVERSAL_MIXTURE_BUDGET_AVAILABLE,258,0.0,0.0,0.0,0.0,0.0
2014-06-26,0.500004677086126,0.49999532291387405,UNIVERSAL_MIXTURE_BUDGET_AVAILABLE,259,0.0,0.0,0.0,0.0,0.0
2014-06-27,0.5000046770861258,0.49999532291387416,UNIVERSAL_MIXTURE_BUDGET_AVAILABLE,260,0.0,0.0,0.0,0.0,0.0
2014-06-30,0.5000046770861258,0.49999532291387416,UNIVERSAL_MIXTURE_BUDGET_AVAILABLE,261,0.0,0.0,0.0,0.0,0.0
2014-07-01,0.5000046770861257,0.4999953229138743,UNIVERSAL_MIXTURE_BUDGET_AVAILABLE,262,0.0,0.0,0.0,0.0,0.0
2014-07-02,0.500004677086126,0.49999532291387405,UNIVERSAL_MIXTURE_BUDGET_AVAILABLE,263,0.0,0.0,0.0,0.0,0.0
2014-07-03,0.5000046770861257,0.4999953229138743,UNIVERSAL_MIXTURE_BUDGET_AVAILABLE,264,0.0,0.0,0.0,0.0,0.0
2014-07-04,0.5000046770861258,0.49999532291387416,UNIVERSAL_MIXTURE_BUDGET_AVAILABLE,265,0.0,0.0,0.0,0.0,0.0
2014-07-07,0.5000046770861258,0.49999532291387416,UNIVERSAL_MIXTURE_BUDGET_AVAILABLE,266,0.0,0.0,0.0,0.0,0.0
2014-07-08,0.5000046770861258,0.49999532291387416,UNIVERSAL_MIXTURE_BUDGET_AVAILABLE,267,0.0,0.0,0.0,0.0,0.0
2014-07-09,0.5000046770861258,0.49999532291387416,UNIVERSAL_MIXTURE_BUDGET_AVAILABLE,268,0.0,0.0,0.0,0.0,0.0
2014-07-10,0.5000046770861256,0.4999953229138744,UNIVERSAL_MIXTURE_BUDGET_AVAILABLE,269,0.0,0.0,0.0,0.0,0.0
2014-07-11,0.5000046770861258,0.49999532291387416,UNIVERSAL_MIXTURE_BUDGET_AVAILABLE,270,0.0,0.0,0.0,0.0,0.0
2014-07-14,0.500004677086126,0.49999532291387405,UNIVERSAL_MIXTURE_BUDGET_AVAILABLE,271,0.0,0.0,0.0,0.0,0.0
2014-07-15,0.5000046770861257,0.4999953229138743,UNIVERSAL_MIXTURE_BUDGET_AVAILABLE,272,0.0,0.0,0.0,0.0,0.0
2014-07-16,0.500004677086126,0.49999532291387405,UNIVERSAL_MIXTURE_BUDGET_AVAILABLE,273,0.0,0.0,0.0,0.0,0.0
2014-07-17,0.5000046770861258,0.49999532291387416,UNIVERSAL_MIXTURE_BUDGET_AVAILABLE,274,0.0,0.0,0.0,0.0,0.0
2014-07-18,0.500004677086126,0.49999532291387405,UNIVERSAL_MIXTURE_BUDGET_AVAILABLE,275,0.0,0.0,0.0,0.0,0.0
2014-07-21,0.5000046770861261,0.49999532291387394,UNIVERSAL_MIXTURE_BUDGET_AVAILABLE,276,0.0,0.0,0.0,0.0,0.0
2014-07-22,0.500004677086126,0.49999532291387405,UNIVERSAL_MIXTURE_BUDGET_AVAILABLE,277,0.0,0.0,0.0,0.0,0.0
2014-07-23,0.5000046770861258,0.49999532291387416,UNIVERSAL_MIXTURE_BUDGET_AVAILABLE,278,0.0,0.0,0.0,0.0,0.0
2014-07-24,0.5000046770861257,0.4999953229138743,UNIVERSAL_MIXTURE_BUDGET_AVAILABLE,279,0.0,0.0,0.0,0.0,0.0
2014-07-25,0.5000046770861258,0.49999532291387416,UNIVERSAL_MIXTURE_BUDGET_AVAILABLE,280,0.0,0.0,0.0,0.0,0.0
2014-07-28,0.5000046770861258,0.49999532291387416,UNIVERSAL_MIXTURE_BUDGET_AVAILABLE,281,0.0,0.0,0.0,0.0,0.0
2014-07-29,0.500004677086126,0.49999532291387405,UNIVERSAL_MIXTURE_BUDGET_AVAILABLE,282,0.0,1.0,0.49999532291387405,0.0,0.0
2014-07-30,0.5000212597969614,0.49997874020303856,UNIVERSAL_MIXTURE_BUDGET_AVAILABLE,283,0.0,1.0,0.49997874020303856,0.0,-0.0001989806000001204
2014-07-31,0.4989072439182453,0.5010927560817546,UNIVERSAL_MIXTURE_BUDGET_AVAILABLE,284,0.0,1.0,0.5010927560817546,0.0,0.013458678015826786
2014-08-01,0.4999161869252158,0.5000838130747842,UNIVERSAL_MIXTURE_BUDGET_AVAILABLE,285,0.0,1.0,0.5000838130747842,0.0,-0.012034952402521615
2014-08-04,0.4981499705694264,0.5018500294305737,UNIVERSAL_MIXTURE_BUDGET_AVAILABLE,286,0.0,1.0,0.5018500294305737,0.0,0.021422737925353097
2014-08-05,0.4983901881853388,0.5016098118146612,UNIVERSAL_MIXTURE_BUDGET_AVAILABLE,287,0.0,1.0,0.5016098118146612,0.0,-0.0028787060288556487
2014-08-06,0.4989072881210629,0.5010927118789371,UNIVERSAL_MIXTURE_BUDGET_AVAILABLE,288,0.0,1.0,0.5010927118789371,0.0,-0.006186464789606161
2014-08-07,0.49981127095617045,0.5001887290438296,UNIVERSAL_MIXTURE_BUDGET_AVAILABLE,289,0.0,1.0,0.5001887290438296,0.0,-0.01078995732639898
2014-08-08,0.49977632035796643,0.5002236796420336,UNIVERSAL_MIXTURE_BUDGET_AVAILABLE,290,0.0,1.0,0.5002236796420336,0.0,0.000419525015724842
2014-08-11,0.4986311199686951,0.501368880031305,UNIVERSAL_MIXTURE_BUDGET_AVAILABLE,291,0.0,1.0,0.501368880031305,0.0,0.013838519913629721
2014-08-12,0.49897649256452314,0.5010235074354769,UNIVERSAL_MIXTURE_BUDGET_AVAILABLE,292,0.0,1.0,0.5010235074354769,0.0,-0.00413625128711359
2014-08-13,0.4987345821363131,0.5012654178636868,UNIVERSAL_MIXTURE_BUDGET_AVAILABLE,293,0.0,1.0,0.5012654178636868,0.0,0.0029074016447747653
2014-08-14,0.4997413897051546,0.5002586102948454,UNIVERSAL_MIXTURE_BUDGET_AVAILABLE,294,0.0,1.0,0.5002586102948454,0.0,-0.012010031685334321
2014-08-15,0.4987000944098764,0.5012999055901236,UNIVERSAL_MIXTURE_BUDGET_AVAILABLE,295,0.0,1.0,0.5012999055901236,0.0,0.012575199250413505
2014-08-18,0.4984246010508017,0.5015753989491982,UNIVERSAL_MIXTURE_BUDGET_AVAILABLE,296,0.0,1.0,0.5015753989491982,0.0,0.0033117406680109873
2014-08-19,0.4983558699494926,0.5016441300505075,UNIVERSAL_MIXTURE_BUDGET_AVAILABLE,297,0.0,1.0,0.5016441300505075,0.0,0.0008252023109505124
2014-08-20,0.49866560880845145,0.5013343911915485,UNIVERSAL_MIXTURE_BUDGET_AVAILABLE,298,0.0,1.0,0.5013343911915485,0.0,-0.003710348611028147
2014-08-21,0.4989765049081803,0.5010234950918198,UNIVERSAL_MIXTURE_BUDGET_AVAILABLE,299,0.0,1.0,0.5010234950918198,0.0,-0.003724166567277809
2014-08-22,0.4985622365666223,0.5014377634333778,UNIVERSAL_MIXTURE_BUDGET_AVAILABLE,300,0.0,1.0,0.5014377634333778,0.0,0.004984117105328201
2014-08-25,0.49928856718889425,0.5007114328111057,UNIVERSAL_MIXTURE_BUDGET_AVAILABLE,301,0.0,1.0,0.5007114328111057,0.0,-0.008678948040937495
2014-08-26,0.4998112805704303,0.5001887194295698,UNIVERSAL_MIXTURE_BUDGET_AVAILABLE,302,0.0,1.0,0.5001887194295698,0.0,-0.006253522598373973
2014-08-27,0.4998462450284231,0.5001537549715769,UNIVERSAL_MIXTURE_BUDGET_AVAILABLE,303,0.0,1.0,0.5001537549715769,0.0,-0.00041952501572450895
2014-08-28,0.5002318251069846,0.4997681748930154,UNIVERSAL_MIXTURE_BUDGET_AVAILABLE,304,0.0,1.0,0.4997681748930154,0.0,-0.004616711999145484
2014-08-29,0.4994276415214224,0.5005723584785776,UNIVERSAL_MIXTURE_BUDGET_AVAILABLE,305,0.0,1.0,0.5005723584785776,0.0,0.009697897488825324
2014-09-01,0.4990457599247119,0.5009542400752881,UNIVERSAL_MIXTURE_BUDGET_AVAILABLE,306,0.0,1.0,0.5009542400752881,0.0,0.004593576848575642
2014-09-02,0.497808104130219,0.5021918958697811,UNIVERSAL_MIXTURE_BUDGET_AVAILABLE,307,0.0,1.0,0.5021918958697811,0.0,0.014964782353936279
2014-09-03,0.49702692097405476,0.5029730790259452,UNIVERSAL_MIXTURE_BUDGET_AVAILABLE,308,0.0,1.0,0.5029730790259452,0.0,0.009419866912423025
2014-09-04,0.4962530241506823,0.5037469758493177,UNIVERSAL_MIXTURE_BUDGET_AVAILABLE,309,0.0,1.0,0.5037469758493177,0.0,0.009331961081008089
2014-09-05,0.49545311056961394,0.5045468894303861,UNIVERSAL_MIXTURE_BUDGET_AVAILABLE,310,0.0,1.0,0.5045468894303861,0.0,0.009647666867581783
2014-09-09,0.49565237072841906,0.5043476292715809,UNIVERSAL_MIXTURE_BUDGET_AVAILABLE,311,0.0,1.0,0.5043476292715809,0.0,-0.0023888696978603408
2014-09-10,0.4961860871093183,0.5038139128906818,UNIVERSAL_MIXTURE_BUDGET_AVAILABLE,312,0.0,1.0,0.5038139128906818,0.0,-0.006385573497325825
2014-09-11,0.49665592165091843,0.5033440783490816,UNIVERSAL_MIXTURE_BUDGET_AVAILABLE,313,0.0,1.0,0.5033440783490816,0.0,-0.005623284707959253
2014-09-12,0.4959855564622396,0.5040144435377605,UNIVERSAL_MIXTURE_BUDGET_AVAILABLE,314,0.0,1.0,0.5040144435377605,0.0,0.008078692657393693
2014-09-15,0.4962195724420856,0.5037804275579144,UNIVERSAL_MIXTURE_BUDGET_AVAILABLE,315,0.0,1.0,0.5037804275579144,0.0,-0.002804882645256801
2014-09-16,0.49767176386134543,0.5023282361386545,UNIVERSAL_MIXTURE_BUDGET_AVAILABLE,316,0.0,1.0,0.5023282361386545,0.0,-0.01727845743769474
2014-09-17,0.4973996639870525,0.5026003360129475,UNIVERSAL_MIXTURE_BUDGET_AVAILABLE,317,0.0,1.0,0.5026003360129475,0.0,0.0032711165812167042
2014-09-18,0.4970607885876872,0.5029392114123128,UNIVERSAL_MIXTURE_BUDGET_AVAILABLE,318,0.0,1.0,0.5029392114123128,0.0,0.004075564081276628
2014-09-19,0.49638716597479143,0.5036128340252086,UNIVERSAL_MIXTURE_BUDGET_AVAILABLE,319,0.0,1.0,0.5036128340252086,0.0,0.008118042559886351
2014-09-22,0.49815010380126,0.50184989619874,UNIVERSAL_MIXTURE_BUDGET_AVAILABLE,320,0.0,1.0,0.50184989619874,0.0,-0.020936943656030604
2014-09-23,0.49729789099063204,0.502702109009368,UNIVERSAL_MIXTURE_BUDGET_AVAILABLE,321,0.0,1.0,0.502702109009368,0.0,0.010281092960198635
2014-09-24,0.4957190872582151,0.5042809127417849,UNIVERSAL_MIXTURE_BUDGET_AVAILABLE,322,0.0,1.0,0.5042809127417849,0.0,0.019131759368612666
2014-09-25,0.49615279701775394,0.5038472029822461,UNIVERSAL_MIXTURE_BUDGET_AVAILABLE,323,0.0,1.0,0.5038472029822461,0.0,-0.005192423041447292
2014-09-26,0.4961193543528059,0.503880645647194,UNIVERSAL_MIXTURE_BUDGET_AVAILABLE,324,0.0,1.0,0.503880645647194,0.0,0.0004015019248804208
2014-09-29,0.4957523753244709,0.5042476246755291,UNIVERSAL_MIXTURE_BUDGET_AVAILABLE,325,0.0,1.0,0.5042476246755291,0.0,0.004414748643605471
2014-09-30,0.4957523753244707,0.5042476246755293,UNIVERSAL_MIXTURE_BUDGET_AVAILABLE,326,0.0,1.0,0.5042476246755293,0.0,0.0
2014-10-08,0.4948584557535691,0.5051415442464309,UNIVERSAL_MIXTURE_BUDGET_AVAILABLE,327,0.0,1.0,0.5051415442464309,0.0,0.010788572380837635
2014-10-09,0.49482553150019737,0.5051744684998026,UNIVERSAL_MIXTURE_BUDGET_AVAILABLE,328,0.0,1.0,0.5051744684998026,0.0,0.0003953119037591879
2014-10-10,0.495221492827734,0.504778507172266,UNIVERSAL_MIXTURE_BUDGET_AVAILABLE,329,0.0,1.0,0.504778507172266,0.0,-0.004741868328113408
2014-10-13,0.4956858525108238,0.5043141474891761,UNIVERSAL_MIXTURE_BUDGET_AVAILABLE,330,0.0,1.0,0.5043141474891761,0.0,-0.005558537569383293
2014-10-14,0.4959857480233887,0.5040142519766113,UNIVERSAL_MIXTURE_BUDGET_AVAILABLE,331,0.0,1.0,0.5040142519766113,0.0,-0.0035933191799784048
2014-10-15,0.49545335834529336,0.5045466416547066,UNIVERSAL_MIXTURE_BUDGET_AVAILABLE,332,0.0,1.0,0.5045466416547066,0.0,0.0064111603320153865
2014-10-16,0.49575241180847374,0.5042475881915263,UNIVERSAL_MIXTURE_BUDGET_AVAILABLE,333,0.0,1.0,0.5042475881915263,0.0,-0.0035833045467906777
2014-10-17,0.4961193929747499,0.5038806070252502,UNIVERSAL_MIXTURE_BUDGET_AVAILABLE,334,0.0,1.0,0.5038806070252502,0.0,-0.004395344303304238
2014-10-20,0.49575241730312175,0.5042475826968782,UNIVERSAL_MIXTURE_BUDGET_AVAILABLE,335,0.0,1.0,0.5042475826968782,0.0,0.004414748643605471
2014-10-21,0.4962867468943601,0.5037132531056399,UNIVERSAL_MIXTURE_BUDGET_AVAILABLE,336,0.0,1.0,0.5037132531056399,0.0,-0.006393228077533508
2014-10-22,0.4967571243505597,0.5032428756494403,UNIVERSAL_MIXTURE_BUDGET_AVAILABLE,337,0.0,1.0,0.5032428756494403,0.0,-0.005630068882298667
2014-10-23,0.49763781713744115,0.5023621828625588,UNIVERSAL_MIXTURE_BUDGET_AVAILABLE,338,0.0,1.0,0.5023621828625588,0.0,-0.010515042624257731
2014-10-24,0.4977059505069362,0.5022940494930638,UNIVERSAL_MIXTURE_BUDGET_AVAILABLE,339,0.0,1.0,0.5022940494930638,0.0,-0.0008174449006081996
2014-10-27,0.49849352690347715,0.5015064730965229,UNIVERSAL_MIXTURE_BUDGET_AVAILABLE,340,0.0,1.0,0.5015064730965229,0.0,-0.00940830712967955
2014-10-28,0.4968583434723583,0.5031416565276416,UNIVERSAL_MIXTURE_BUDGET_AVAILABLE,341,0.0,1.0,0.5031416565276416,0.0,0.019821211972731678
2014-10-29,0.4958191531266257,0.5041808468733743,UNIVERSAL_MIXTURE_BUDGET_AVAILABLE,342,0.0,0.0,0.0,0.0,0.012552395703059771
2014-10-30,0.4959023929050394,0.5040976070949605,UNIVERSAL_MIXTURE_BUDGET_AVAILABLE,343,0.0,0.0,0.0,0.0,-0.0009987011030435644
2014-10-31,0.4959023929050394,0.5040976070949605,UNIVERSAL_MIXTURE_BUDGET_AVAILABLE,344,0.0,0.0,0.0,0.0,0.0
2014-11-03,0.4959023929050395,0.5040976070949605,UNIVERSAL_MIXTURE_BUDGET_AVAILABLE,345,0.0,0.0,0.0,0.0,0.0
2014-11-04,0.49590239290503957,0.5040976070949604,UNIVERSAL_MIXTURE_BUDGET_AVAILABLE,346,0.0,0.0,0.0,0.0,0.0
2014-11-05,0.4959023929050394,0.5040976070949605,UNIVERSAL_MIXTURE_BUDGET_AVAILABLE,347,0.0,0.0,0.0,0.0,0.0
2014-11-06,0.4959023929050396,0.5040976070949603,UNIVERSAL_MIXTURE_BUDGET_AVAILABLE,348,0.0,0.0,0.0,0.0,0.0
2014-11-07,0.49590239290503946,0.5040976070949605,UNIVERSAL_MIXTURE_BUDGET_AVAILABLE,349,0.0,0.0,0.0,0.0,0.0
2014-11-10,0.4959023929050395,0.5040976070949605,UNIVERSAL_MIXTURE_BUDGET_AVAILABLE,350,0.0,1.0,0.5040976070949605,0.0,0.0
2014-11-11,0.4966538582877931,0.5033461417122069,UNIVERSAL_MIXTURE_BUDGET_AVAILABLE,351,0.0,1.0,0.5033461417122069,0.0,-0.008979658803926038
2014-11-12,0.49544334966338416,0.5045566503366159,UNIVERSAL_MIXTURE_BUDGET_AVAILABLE,352,0.0,1.0,0.5045566503366159,0.0,0.014637293112309546
2014-11-13,0.4959190893271623,0.5040809106728377,UNIVERSAL_MIXTURE_BUDGET_AVAILABLE,353,0.0,1.0,0.5040809106728377,0.0,-0.005694526407953204
2014-11-14,0.4958237237579381,0.5041762762420618,UNIVERSAL_MIXTURE_BUDGET_AVAILABLE,354,0.0,1.0,0.5041762762420618,0.0,0.001145427951307676
2014-11-17,0.49617393784038144,0.5038260621596186,UNIVERSAL_MIXTURE_BUDGET_AVAILABLE,355,0.0,1.0,0.5038260621596186,0.0,-0.0041950973064152075
2014-11-18,0.4970721240945881,0.5029278759054119,UNIVERSAL_MIXTURE_BUDGET_AVAILABLE,356,0.0,1.0,0.5029278759054119,0.0,-0.010723415277786086
2014-11-19,0.4973305417356834,0.5026694582643165,UNIVERSAL_MIXTURE_BUDGET_AVAILABLE,357,0.0,1.0,0.5026694582643165,0.0,-0.0030970438235637943
2014-11-20,0.49720123304572666,0.5027987669542733,UNIVERSAL_MIXTURE_BUDGET_AVAILABLE,358,0.0,1.0,0.5027987669542733,0.0,0.0015533326510748235
2014-11-21,0.4956334083480546,0.5043665916519454,UNIVERSAL_MIXTURE_BUDGET_AVAILABLE,359,0.0,1.0,0.5043665916519454,0.0,0.01899881349832877
2014-11-24,0.4932898743251916,0.5067101256748083,UNIVERSAL_MIXTURE_BUDGET_AVAILABLE,360,0.0,1.0,0.5067101256748083,0.0,0.028537635367053005
2014-11-25,0.49243167515513203,0.5075683248448679,UNIVERSAL_MIXTURE_BUDGET_AVAILABLE,361,0.0,1.0,0.5075683248448679,0.0,0.010358445010357764
2014-11-26,0.49152198214002035,0.5084780178599797,UNIVERSAL_MIXTURE_BUDGET_AVAILABLE,362,0.0,1.0,0.5084780178599797,0.0,0.010984551071432147
2014-11-27,0.4907714980714314,0.5092285019285686,UNIVERSAL_MIXTURE_BUDGET_AVAILABLE,363,0.0,1.0,0.5092285019285686,0.0,0.009054334756970928
2014-11-28,0.48882266163562715,0.5111773383643728,UNIVERSAL_MIXTURE_BUDGET_AVAILABLE,364,0.0,1.0,0.5111773383643728,0.0,0.023688956020550433
2014-12-01,0.4887351579252064,0.5112648420747936,UNIVERSAL_MIXTURE_BUDGET_AVAILABLE,365,0.0,1.0,0.5112648420747936,0.0,0.0010518534188281858
2014-12-02,0.4855062609868116,0.5144937390131884,UNIVERSAL_MIXTURE_BUDGET_AVAILABLE,366,0.0,1.0,0.5144937390131884,0.0,0.03957818166349969
2014-12-03,0.48461442643119684,0.5153855735688031,UNIVERSAL_MIXTURE_BUDGET_AVAILABLE,367,0.0,1.0,0.5153855735688031,0.0,0.010781277296658898
2014-12-04,0.4797223275532464,0.5202776724467536,UNIVERSAL_MIXTURE_BUDGET_AVAILABLE,368,0.0,1.0,0.5202776724467536,0.0,0.06066447410734077
2014-12-05,0.48021974895717034,0.5197802510428297,UNIVERSAL_MIXTURE_BUDGET_AVAILABLE,369,0.0,1.0,0.5197802510428297,0.0,-0.005970883907568614
2014-12-08,0.4763256077903283,0.5236743922096717,UNIVERSAL_MIXTURE_BUDGET_AVAILABLE,370,0.0,1.0,0.5236743922096717,0.0,0.04805399609251282
2014-12-09,0.4810410995995538,0.5189589004004462,UNIVERSAL_MIXTURE_BUDGET_AVAILABLE,371,0.0,1.0,0.5189589004004462,0.0,-0.05520181436585969
2014-12-10,0.47809936714206,0.52190063285794,UNIVERSAL_MIXTURE_BUDGET_AVAILABLE,372,0.0,1.0,0.52190063285794,0.0,0.036077933643461346
2014-12-11,0.47899951334750157,0.5210004866524984,UNIVERSAL_MIXTURE_BUDGET_AVAILABLE,373,0.0,1.0,0.5210004866524984,0.0,-0.0107854639638012
2014-12-12,0.4787413360401055,0.5212586639598945,UNIVERSAL_MIXTURE_BUDGET_AVAILABLE,374,0.0,1.0,0.5212586639598945,0.0,0.0031151595738398985
2014-12-15,0.47779325484304797,0.5222067451569521,UNIVERSAL_MIXTURE_BUDGET_AVAILABLE,375,0.0,1.0,0.5222067451569521,0.0,0.011490296316630344
2014-12-16,0.47588032901611205,0.524119670983888,UNIVERSAL_MIXTURE_BUDGET_AVAILABLE,376,0.0,1.0,0.524119670983888,0.0,0.02333357998332075
2014-12-17,0.47447479568654916,0.5255252043134508,UNIVERSAL_MIXTURE_BUDGET_AVAILABLE,377,0.0,1.0,0.5255252043134508,0.0,0.01710115384640809
2014-12-18,0.4745726508346612,0.5254273491653387,UNIVERSAL_MIXTURE_BUDGET_AVAILABLE,378,0.0,1.0,0.5254273491653387,0.0,-0.0011799032644288499
2014-12-19,0.4733581546106407,0.5266418453893593,UNIVERSAL_MIXTURE_BUDGET_AVAILABLE,379,0.0,1.0,0.5266418453893593,0.0,0.014766213508883519
2014-12-22,0.4739389548322272,0.5260610451677727,UNIVERSAL_MIXTURE_BUDGET_AVAILABLE,380,0.0,1.0,0.5260610451677727,0.0,-0.006984645714361859
2014-12-23,0.47563270117776235,0.5243672988222376,UNIVERSAL_MIXTURE_BUDGET_AVAILABLE,381,0.0,1.0,0.5243672988222376,0.0,-0.020222100637342533
2014-12-24,0.4779734429386068,0.5220265570613932,UNIVERSAL_MIXTURE_BUDGET_AVAILABLE,382,0.0,1.0,0.5220265570613932,0.0,-0.02781842169516202
2014-12-25,0.47501680357443776,0.5249831964255622,UNIVERSAL_MIXTURE_BUDGET_AVAILABLE,383,0.0,1.0,0.5249831964255622,0.0,0.036306481043252514
2014-12-26,0.47185728633877116,0.5281427136612289,UNIVERSAL_MIXTURE_BUDGET_AVAILABLE,384,0.0,1.0,0.5281427136612289,0.0,0.03889423480039267
2014-12-29,0.47226053531495193,0.5277394646850481,UNIVERSAL_MIXTURE_BUDGET_AVAILABLE,385,0.0,1.0,0.5277394646850481,0.0,-0.0048583804571298295
2014-12-30,0.47226053531495193,0.5277394646850481,UNIVERSAL_MIXTURE_BUDGET_AVAILABLE,386,0.0,1.0,0.5277394646850481,0.0,0.0
2014-12-31,0.47005670340008965,0.5299432965999104,UNIVERSAL_MIXTURE_BUDGET_AVAILABLE,387,0.0,1.0,0.5299432965999104,0.0,0.02699513871142467
2015-01-05,0.46746344731307254,0.5325365526869275,UNIVERSAL_MIXTURE_BUDGET_AVAILABLE,388,0.0,1.0,0.5325365526869275,0.0,0.031878228057484304
2015-01-06,0.46802523694896975,0.5319747630510303,UNIVERSAL_MIXTURE_BUDGET_AVAILABLE,389,0.0,1.0,0.5319747630510303,0.0,-0.006774868677528856
2015-01-07,0.4680477893429634,0.5319522106570366,UNIVERSAL_MIXTURE_BUDGET_AVAILABLE,390,0.0,1.0,0.5319522106570366,0.0,-0.00027284322411413875
2015-01-08,0.469873433790786,0.5301265662092141,UNIVERSAL_MIXTURE_BUDGET_AVAILABLE,391,0.0,1.0,0.5301265662092141,0.0,-0.021833415028475467
2015-01-09,0.4704757655371906,0.5295242344628094,UNIVERSAL_MIXTURE_BUDGET_AVAILABLE,392,0.0,1.0,0.5295242344628094,0.0,-0.007254244822175071
2015-01-12,0.47073195859226724,0.5292680414077328,UNIVERSAL_MIXTURE_BUDGET_AVAILABLE,393,0.0,1.0,0.5292680414077328,0.0,-0.0030915302962568614
2015-01-13,0.4708954168681648,0.5291045831318353,UNIVERSAL_MIXTURE_BUDGET_AVAILABLE,394,0.0,1.0,0.5291045831318353,0.0,-0.0019734384058739396
2015-01-14,0.4710826369454715,0.5289173630545285,UNIVERSAL_MIXTURE_BUDGET_AVAILABLE,395,0.0,1.0,0.5289173630545285,0.0,-0.0022598177893573546
2015-01-15,0.46877427300944335,0.5312257269905567,UNIVERSAL_MIXTURE_BUDGET_AVAILABLE,396,0.0,1.0,0.5312257269905567,0.0,0.0283117016540122
2015-01-16,0.46804932112418657,0.5319506788758135,UNIVERSAL_MIXTURE_BUDGET_AVAILABLE,397,0.0,1.0,0.5319506788758135,0.0,0.008810309670415517
2015-01-19,0.4767674977560561,0.5232325022439439,UNIVERSAL_MIXTURE_BUDGET_AVAILABLE,398,0.0,0.0,0.0,0.0,-0.09988787375527508
2015-01-20,0.4756112626095047,0.5243887373904953,UNIVERSAL_MIXTURE_BUDGET_AVAILABLE,399,0.0,0.0,0.0,0.0,0.014049992904445752
2015-01-21,0.47561126260950476,0.5243887373904952,UNIVERSAL_MIXTURE_BUDGET_AVAILABLE,400,0.0,0.0,0.0,0.0,0.0
2015-01-22,0.4756112626095048,0.5243887373904952,UNIVERSAL_MIXTURE_BUDGET_AVAILABLE,401,0.0,0.0,0.0,0.0,0.0
2015-01-23,0.4756112626095048,0.5243887373904952,UNIVERSAL_MIXTURE_BUDGET_AVAILABLE,402,0.0,0.0,0.0,0.0,0.0
2015-01-26,0.4756112626095047,0.5243887373904953,UNIVERSAL_MIXTURE_BUDGET_AVAILABLE,403,0.0,0.0,0.0,0.0,0.0
2015-01-27,0.47561126260950476,0.5243887373904952,UNIVERSAL_MIXTURE_BUDGET_AVAILABLE,404,0.0,0.0,0.0,0.0,0.0
2015-01-28,0.4756112626095047,0.5243887373904953,UNIVERSAL_MIXTURE_BUDGET_AVAILABLE,405,0.0,0.0,0.0,0.0,0.0
2015-01-29,0.47561126260950487,0.5243887373904952,UNIVERSAL_MIXTURE_BUDGET_AVAILABLE,406,0.0,0.0,0.0,0.0,0.0
2015-01-30,0.47561126260950465,0.5243887373904954,UNIVERSAL_MIXTURE_BUDGET_AVAILABLE,407,0.0,0.0,0.0,0.0,0.0
2015-02-02,0.4756112626095045,0.5243887373904955,UNIVERSAL_MIXTURE_BUDGET_AVAILABLE,408,0.0,0.0,0.0,0.0,0.0
2015-02-03,0.4756112626095048,0.5243887373904952,UNIVERSAL_MIXTURE_BUDGET_AVAILABLE,409,0.0,0.0,0.0,0.0,0.0
2015-02-04,0.47561126260950465,0.5243887373904954,UNIVERSAL_MIXTURE_BUDGET_AVAILABLE,410,0.0,0.0,0.0,0.0,0.0
2015-02-05,0.4756112626095046,0.5243887373904954,UNIVERSAL_MIXTURE_BUDGET_AVAILABLE,411,0.0,0.0,0.0,0.0,0.0
2015-02-06,0.4756112626095047,0.5243887373904953,UNIVERSAL_MIXTURE_BUDGET_AVAILABLE,412,0.0,0.0,0.0,0.0,0.0
2015-02-09,0.47561126260950476,0.5243887373904952,UNIVERSAL_MIXTURE_BUDGET_AVAILABLE,413,0.0,0.0,0.0,0.0,0.0
2015-02-10,0.47561126260950465,0.5243887373904954,UNIVERSAL_MIXTURE_BUDGET_AVAILABLE,414,0.0,1.0,0.5243887373904954,0.0,0.0
2015-02-11,0.47523967642320264,0.5247603235767974,UNIVERSAL_MIXTURE_BUDGET_AVAILABLE,415,0.0,1.0,0.5247603235767974,0.0,0.004494759765719669
2015-02-12,0.47490157782921594,0.5250984221707841,UNIVERSAL_MIXTURE_BUDGET_AVAILABLE,416,0.0,1.0,0.5250984221707841,0.0,0.004089370207905896
2015-02-13,0.474373149102425,0.525626850897575,UNIVERSAL_MIXTURE_BUDGET_AVAILABLE,417,0.0,1.0,0.525626850897575,0.0,0.006399981291029366
2015-02-16,0.4736818689589934,0.5263181310410066,UNIVERSAL_MIXTURE_BUDGET_AVAILABLE,418,0.0,1.0,0.5263181310410066,0.0,0.008382689915908514
2015-02-17,0.4729494466430457,0.5270505533569543,UNIVERSAL_MIXTURE_BUDGET_AVAILABLE,419,0.0,1.0,0.5270505533569543,0.0,0.008886315236708686
2015-02-25,0.4742299485926672,0.5257700514073328,UNIVERSAL_MIXTURE_BUDGET_AVAILABLE,420,0.0,1.0,0.5257700514073328,0.0,-0.015343044699792752
2015-02-26,0.47180620142549073,0.5281937985745093,UNIVERSAL_MIXTURE_BUDGET_AVAILABLE,421,0.0,1.0,0.5281937985745093,0.0,0.029721454720893714
2015-02-27,0.471968677551149,0.528031322448851,UNIVERSAL_MIXTURE_BUDGET_AVAILABLE,422,0.0,1.0,0.528031322448851,0.0,-0.0019616029951683434
2015-03-02,0.47132081694625333,0.5286791830537467,UNIVERSAL_MIXTURE_BUDGET_AVAILABLE,423,0.0,1.0,0.5286791830537467,0.0,0.007861833777358163
2015-03-03,0.47361245331997764,0.5263875466800223,UNIVERSAL_MIXTURE_BUDGET_AVAILABLE,424,0.0,1.0,0.5263875466800223,0.0,-0.027301776194485594
2015-03-04,0.47292772889275736,0.5270722711072426,UNIVERSAL_MIXTURE_BUDGET_AVAILABLE,425,0.0,1.0,0.5270722711072426,0.0,0.008305861817589744
2015-03-05,0.47363629521912715,0.5263637047808729,UNIVERSAL_MIXTURE_BUDGET_AVAILABLE,426,0.0,1.0,0.5263637047808729,0.0,-0.008521492506543549
2015-03-06,0.47415990125090146,0.5258400987490985,UNIVERSAL_MIXTURE_BUDGET_AVAILABLE,427,0.0,1.0,0.5258400987490985,0.0,-0.006302803800151691
2015-03-09,0.47255286902946336,0.5274471309705366,UNIVERSAL_MIXTURE_BUDGET_AVAILABLE,428,0.0,1.0,0.5274471309705366,0.0,0.01960495977910326
2015-03-10,0.4731401230572989,0.5268598769427011,UNIVERSAL_MIXTURE_BUDGET_AVAILABLE,429,0.0,1.0,0.5268598769427011,0.0,-0.007069116065012482
2015-03-11,0.47302233849208214,0.5269776615079178,UNIVERSAL_MIXTURE_BUDGET_AVAILABLE,430,0.0,1.0,0.5269776615079178,0.0,0.001423888848536503
2015-03-12,0.47153009150613007,0.52846990849387,UNIVERSAL_MIXTURE_BUDGET_AVAILABLE,431,0.0,1.0,0.52846990849387,0.0,0.018199862679752377
2015-03-13,0.47106934882486334,0.5289306511751366,UNIVERSAL_MIXTURE_BUDGET_AVAILABLE,432,0.0,1.0,0.5289306511751366,0.0,0.00558579636070089
2015-03-16,0.46905119377184823,0.5309488062281518,UNIVERSAL_MIXTURE_BUDGET_AVAILABLE,433,0.0,1.0,0.5309488062281518,0.0,0.024718720068518607
2015-03-17,0.4680055515140597,0.5319944484859402,UNIVERSAL_MIXTURE_BUDGET_AVAILABLE,434,0.0,1.0,0.5319944484859402,0.0,0.012738818807493946
2015-03-18,0.4658474967101241,0.534152503289876,UNIVERSAL_MIXTURE_BUDGET_AVAILABLE,435,0.0,1.0,0.534152503289876,0.0,0.026495312124741544
2015-03-19,0.46627894763765126,0.5337210523623488,UNIVERSAL_MIXTURE_BUDGET_AVAILABLE,436,0.0,1.0,0.5337210523623488,0.0,-0.005214430348395083
2015-03-20,0.46511969535683584,0.5348803046431642,UNIVERSAL_MIXTURE_BUDGET_AVAILABLE,437,0.0,1.0,0.5348803046431642,0.0,0.01415276052466008
2015-03-23,0.463474820109516,0.536525179890484,UNIVERSAL_MIXTURE_BUDGET_AVAILABLE,438,0.0,1.0,0.536525179890484,0.0,0.02015759075863688
2015-03-24,0.46355837061072547,0.5364416293892745,UNIVERSAL_MIXTURE_BUDGET_AVAILABLE,439,0.0,1.0,0.5364416293892745,0.0,-0.0010132969772231881
2015-03-25,0.4640615742863436,0.5359384257136564,UNIVERSAL_MIXTURE_BUDGET_AVAILABLE,440,0.0,1.0,0.5359384257136564,0.0,-0.006085948736797797
2015-03-26,0.4639985045713599,0.5360014954286401,UNIVERSAL_MIXTURE_BUDGET_AVAILABLE,441,0.0,1.0,0.5360014954286401,0.0,0.0007654017881455477
2015-03-27,0.46337062596962264,0.5366293740303774,UNIVERSAL_MIXTURE_BUDGET_AVAILABLE,442,0.0,1.0,0.5366293740303774,0.0,0.007648163963080767
2015-03-30,0.4607878801196857,0.5392121198803144,UNIVERSAL_MIXTURE_BUDGET_AVAILABLE,443,0.0,1.0,0.5392121198803144,0.0,0.03187847682727085
2015-03-31,0.4617011970467345,0.5382988029532655,UNIVERSAL_MIXTURE_BUDGET_AVAILABLE,444,0.0,1.0,0.5382988029532655,0.0,-0.011033441002142097
2015-04-01,0.460365854527595,0.539634145472405,UNIVERSAL_MIXTURE_BUDGET_AVAILABLE,445,0.0,1.0,0.539634145472405,0.0,0.016362919442769908
2015-04-02,0.46048635005308497,0.5395136499469151,UNIVERSAL_MIXTURE_BUDGET_AVAILABLE,446,0.0,1.0,0.5395136499469151,0.0,-0.0014635895335265436
2015-04-03,0.4591713517902726,0.5408286482097274,UNIVERSAL_MIXTURE_BUDGET_AVAILABLE,447,0.0,1.0,0.5408286482097274,0.0,0.016123082443504133
2015-04-07,0.4577421963649479,0.542257803635052,UNIVERSAL_MIXTURE_BUDGET_AVAILABLE,448,0.0,1.0,0.542257803635052,0.0,0.017550143921682748
2015-04-08,0.4570852718137543,0.5429147281862456,UNIVERSAL_MIXTURE_BUDGET_AVAILABLE,449,0.0,1.0,0.5429147281862456,0.0,0.008033058305365826
2015-04-09,0.4576841659992955,0.5423158340007045,UNIVERSAL_MIXTURE_BUDGET_AVAILABLE,450,0.0,1.0,0.5423158340007045,0.0,-0.007265891711369932
2015-04-10,0.45578849042311265,0.5442115095768874,UNIVERSAL_MIXTURE_BUDGET_AVAILABLE,451,0.0,1.0,0.5442115095768874,0.0,0.023373808315769296
2015-04-13,0.4544380878731631,0.5455619121268369,UNIVERSAL_MIXTURE_BUDGET_AVAILABLE,452,0.0,1.0,0.5455619121268369,0.0,0.01661087393719418
2015-04-14,0.4544008984422298,0.5455991015577701,UNIVERSAL_MIXTURE_BUDGET_AVAILABLE,453,0.0,1.0,0.5455991015577701,0.0,0.00045387392241336144
2015-04-15,0.45509190831256785,0.5449080916874322,UNIVERSAL_MIXTURE_BUDGET_AVAILABLE,454,0.0,1.0,0.5449080916874322,0.0,-0.008392858265148018
2015-04-16,0.45245673414649284,0.5475432658535071,UNIVERSAL_MIXTURE_BUDGET_AVAILABLE,455,0.0,1.0,0.5475432658535071,0.0,0.03271180859792078
2015-04-17,0.4510558998654818,0.5489441001345182,UNIVERSAL_MIXTURE_BUDGET_AVAILABLE,456,0.0,1.0,0.5489441001345182,0.0,0.017277622412393612
2015-04-20,0.45285780510589035,0.5471421948941096,UNIVERSAL_MIXTURE_BUDGET_AVAILABLE,457,0.0,1.0,0.5471421948941096,0.0,-0.021774584908373695
2015-04-21,0.4511464524307218,0.5488535475692782,UNIVERSAL_MIXTURE_BUDGET_AVAILABLE,458,0.0,1.0,0.5488535475692782,0.0,0.02114630773625681
2015-04-22,0.44895132129223136,0.5510486787077686,UNIVERSAL_MIXTURE_BUDGET_AVAILABLE,459,0.0,1.0,0.5510486787077686,0.0,0.02724789671749961
2015-04-23,0.44903798561210706,0.5509620143878929,UNIVERSAL_MIXTURE_BUDGET_AVAILABLE,460,0.0,1.0,0.5509620143878929,0.0,-0.0010610056951031455
2015-04-24,0.4493333915890797,0.5506666084109203,UNIVERSAL_MIXTURE_BUDGET_AVAILABLE,461,0.0,1.0,0.5506666084109203,0.0,-0.003611250921144449
2015-04-27,0.44766374088039085,0.5523362591196092,UNIVERSAL_MIXTURE_BUDGET_AVAILABLE,462,0.0,1.0,0.5523362591196092,0.0,0.02068005376621329
2015-04-28,0.4487274909008686,0.5512725090991314,UNIVERSAL_MIXTURE_BUDGET_AVAILABLE,463,0.0,1.0,0.5512725090991314,0.0,-0.012950364462552488
2015-04-29,0.44827978110379696,0.551720218896203,UNIVERSAL_MIXTURE_BUDGET_AVAILABLE,464,0.0,1.0,0.551720218896203,0.0,0.005502051573595068
2015-04-30,0.4484516959570492,0.5515483040429507,UNIVERSAL_MIXTURE_BUDGET_AVAILABLE,465,0.0,1.0,0.5515483040429507,0.0,-0.002104594096889345
2015-05-04,0.4480055859965086,0.5519944140034914,UNIVERSAL_MIXTURE_BUDGET_AVAILABLE,466,0.0,1.0,0.5519944140034914,0.0,0.00548348516241548
2015-05-05,0.4511688450922143,0.5488311549077858,UNIVERSAL_MIXTURE_BUDGET_AVAILABLE,467,0.0,1.0,0.5488311549077858,0.0,-0.03796531064382935
2015-05-06,0.4520294421869445,0.5479705578130555,UNIVERSAL_MIXTURE_BUDGET_AVAILABLE,468,0.0,1.0,0.5479705578130555,0.0,-0.010465473636677936
2015-05-07,0.4534671733307936,0.5465328266692064,UNIVERSAL_MIXTURE_BUDGET_AVAILABLE,469,0.0,1.0,0.5465328266692064,0.0,-0.017406593606862586
2015-05-08,0.4522107612680735,0.5477892387319265,UNIVERSAL_MIXTURE_BUDGET_AVAILABLE,470,0.0,1.0,0.5477892387319265,0.0,0.015472551747849117
2015-05-11,0.4495663944671915,0.5504336055328085,UNIVERSAL_MIXTURE_BUDGET_AVAILABLE,471,0.0,1.0,0.5504336055328085,0.0,0.03290265416098981
2015-05-12,0.44862961269489954,0.5513703873051005,UNIVERSAL_MIXTURE_BUDGET_AVAILABLE,472,0.0,1.0,0.5513703873051005,0.0,0.011544603739319648
2015-05-13,0.4493923788973535,0.5506076211026465,UNIVERSAL_MIXTURE_BUDGET_AVAILABLE,473,0.0,1.0,0.5506076211026465,0.0,-0.00929935676903526
2015-05-14,0.4495842296272553,0.5504157703727447,UNIVERSAL_MIXTURE_BUDGET_AVAILABLE,474,0.0,0.0,0.0,0.0,-0.0023466616360281467
2015-05-15,0.44975788148944984,0.5502421185105502,UNIVERSAL_MIXTURE_BUDGET_AVAILABLE,475,0.0,0.0,0.0,0.0,-0.002124019813143363
2015-05-18,0.44975788148945006,0.5502421185105499,UNIVERSAL_MIXTURE_BUDGET_AVAILABLE,476,0.0,0.0,0.0,0.0,0.0
2015-05-19,0.44975788148944995,0.55024211851055,UNIVERSAL_MIXTURE_BUDGET_AVAILABLE,477,0.0,0.0,0.0,0.0,0.0
2015-05-20,0.44975788148944995,0.55024211851055,UNIVERSAL_MIXTURE_BUDGET_AVAILABLE,478,0.0,0.0,0.0,0.0,0.0
2015-05-21,0.4497578814894499,0.5502421185105502,UNIVERSAL_MIXTURE_BUDGET_AVAILABLE,479,0.0,0.0,0.0,0.0,0.0
2015-05-22,0.4497578814894499,0.5502421185105502,UNIVERSAL_MIXTURE_BUDGET_AVAILABLE,480,0.0,0.0,0.0,0.0,0.0
2015-05-25,0.4497578814894499,0.5502421185105502,UNIVERSAL_MIXTURE_BUDGET_AVAILABLE,481,0.0,0.0,0.0,0.0,0.0
2015-05-26,0.4497578814894499,0.5502421185105502,UNIVERSAL_MIXTURE_BUDGET_AVAILABLE,482,0.0,0.0,0.0,0.0,0.0
2015-05-27,0.4497578814894499,0.5502421185105502,UNIVERSAL_MIXTURE_BUDGET_AVAILABLE,483,0.0,0.0,0.0,0.0,0.0
2015-05-28,0.4497578814894498,0.5502421185105502,UNIVERSAL_MIXTURE_BUDGET_AVAILABLE,484,0.0,0.0,0.0,0.0,0.0
2015-05-29,0.44975788148944995,0.55024211851055,UNIVERSAL_MIXTURE_BUDGET_AVAILABLE,485,0.0,0.0,0.0,0.0,0.0
2015-06-01,0.44975788148944995,0.55024211851055,UNIVERSAL_MIXTURE_BUDGET_AVAILABLE,486,0.0,0.0,0.0,0.0,0.0
2015-06-02,0.44975788148944995,0.55024211851055,UNIVERSAL_MIXTURE_BUDGET_AVAILABLE,487,0.0,1.0,0.55024211851055,0.0,0.0
2015-06-03,0.4505052547311867,0.5494947452688133,UNIVERSAL_MIXTURE_BUDGET_AVAILABLE,488,0.0,1.0,0.5494947452688133,0.0,-0.00910516935403427
2015-06-04,0.4495850079656109,0.550414992034389,UNIVERSAL_MIXTURE_BUDGET_AVAILABLE,489,0.0,1.0,0.550414992034389,0.0,0.011331746707580193
2015-06-05,0.4494589106300339,0.550541089369966,UNIVERSAL_MIXTURE_BUDGET_AVAILABLE,490,0.0,1.0,0.550541089369966,0.0,0.0015454864844908212
2015-06-08,0.4474853072041507,0.5525146927958493,UNIVERSAL_MIXTURE_BUDGET_AVAILABLE,491,0.0,1.0,0.5525146927958493,0.0,0.024496738562929554
2015-06-09,0.44814832492263534,0.5518516750773647,UNIVERSAL_MIXTURE_BUDGET_AVAILABLE,492,0.0,1.0,0.5518516750773647,0.0,-0.008095849417823153
2015-06-10,0.44822578112176503,0.551774218878235,UNIVERSAL_MIXTURE_BUDGET_AVAILABLE,493,0.0,1.0,0.551774218878235,0.0,-0.0009490612966275291
2015-06-11,0.448210284003037,0.551789715996963,UNIVERSAL_MIXTURE_BUDGET_AVAILABLE,494,0.0,1.0,0.551789715996963,0.0,0.00018999257392415814
2015-06-12,0.4476084152545058,0.5523915847454942,UNIVERSAL_MIXTURE_BUDGET_AVAILABLE,495,0.0,1.0,0.5523915847454942,0.0,0.007408302860509641
2015-06-15,0.4495871634234904,0.5504128365765095,UNIVERSAL_MIXTURE_BUDGET_AVAILABLE,496,0.0,1.0,0.5504128365765095,0.0,-0.02394706629780252
2015-06-16,0.45176403201900267,0.5482359679809974,UNIVERSAL_MIXTURE_BUDGET_AVAILABLE,497,0.0,1.0,0.5482359679809974,0.0,-0.02627327023634507
2015-06-17,0.45055696043520777,0.5494430395647922,UNIVERSAL_MIXTURE_BUDGET_AVAILABLE,498,0.0,1.0,0.5494430395647922,0.0,0.01487987887075759
2015-06-18,0.45383854650750793,0.5461614534924921,UNIVERSAL_MIXTURE_BUDGET_AVAILABLE,499,0.0,1.0,0.5461614534924921,0.0,-0.03929339442417756
2015-06-19,0.4591173550411973,0.5408826449588027,UNIVERSAL_MIXTURE_BUDGET_AVAILABLE,500,0.0,0.0,0.0,0.0,-0.06226645486699289
2015-06-23,0.45895569608649545,0.5410443039135046,UNIVERSAL_MIXTURE_BUDGET_AVAILABLE,501,1.0,0.0,0.45895569608649545,0.0,0.0019697664433069306
2015-06-24,0.460265547001919,0.539734452998081,UNIVERSAL_MIXTURE_BUDGET_AVAILABLE,502,1.0,0.0,0.460265547001919,0.016062237842110916,0.0
2015-06-25,0.4572638058039801,0.5427361941960199,UNIVERSAL_MIXTURE_BUDGET_AVAILABLE,503,1.0,0.0,0.4572638058039801,-0.0359086951402261,0.0
2015-06-26,0.4509353543763174,0.5490646456236826,UNIVERSAL_MIXTURE_BUDGET_AVAILABLE,504,0.0,0.0,0.0,-0.07449231200243778,0.0
2015-06-29,0.45266798431663047,0.5473320156833695,UNIVERSAL_MIXTURE_BUDGET_AVAILABLE,505,0.0,0.0,0.0,0.021412581734087777,0.0
2015-06-30,0.4526679843166304,0.5473320156833696,UNIVERSAL_MIXTURE_BUDGET_AVAILABLE,506,0.0,0.0,0.0,0.0,0.0
2015-07-01,0.4526679843166303,0.5473320156833696,UNIVERSAL_MIXTURE_BUDGET_AVAILABLE,507,0.0,0.0,0.0,0.0,0.0
2015-07-02,0.45266798431663036,0.5473320156833696,UNIVERSAL_MIXTURE_BUDGET_AVAILABLE,508,0.0,0.0,0.0,0.0,0.0
2015-07-03,0.4526679843166306,0.5473320156833694,UNIVERSAL_MIXTURE_BUDGET_AVAILABLE,509,0.0,0.0,0.0,0.0,0.0
2015-07-06,0.4526679843166306,0.5473320156833694,UNIVERSAL_MIXTURE_BUDGET_AVAILABLE,510,0.0,0.0,0.0,0.0,0.0
2015-07-07,0.4526679843166304,0.5473320156833696,UNIVERSAL_MIXTURE_BUDGET_AVAILABLE,511,0.0,0.0,0.0,0.0,0.0
2015-07-08,0.4526679843166304,0.5473320156833696,UNIVERSAL_MIXTURE_BUDGET_AVAILABLE,512,0.0,0.0,0.0,0.0,0.0
2015-07-09,0.45266798431663047,0.5473320156833695,UNIVERSAL_MIXTURE_BUDGET_AVAILABLE,513,1.0,0.0,0.45266798431663047,0.0,0.0
2015-07-10,0.45783406843494145,0.5421659315650585,UNIVERSAL_MIXTURE_BUDGET_AVAILABLE,514,0.0,0.0,0.0,0.06501688480086254,0.0
2015-07-13,0.45699271154663457,0.5430072884533654,UNIVERSAL_MIXTURE_BUDGET_AVAILABLE,515,0.0,0.0,0.0,-0.010204916970757205,0.0
2015-07-14,0.4569927115466346,0.5430072884533654,UNIVERSAL_MIXTURE_BUDGET_AVAILABLE,516,0.0,0.0,0.0,0.0,0.0
2015-07-15,0.45699271154663457,0.5430072884533654,UNIVERSAL_MIXTURE_BUDGET_AVAILABLE,517,0.0,0.0,0.0,0.0,0.0
2015-07-16,0.4569927115466345,0.5430072884533654,UNIVERSAL_MIXTURE_BUDGET_AVAILABLE,518,0.0,0.0,0.0,0.0,0.0
2015-07-17,0.4569927115466347,0.5430072884533653,UNIVERSAL_MIXTURE_BUDGET_AVAILABLE,519,0.0,0.0,0.0,0.0,0.0
2015-07-20,0.45699271154663457,0.5430072884533654,UNIVERSAL_MIXTURE_BUDGET_AVAILABLE,520,0.0,0.0,0.0,0.0,0.0
2015-07-21,0.4569927115466345,0.5430072884533654,UNIVERSAL_MIXTURE_BUDGET_AVAILABLE,521,0.0,0.0,0.0,0.0,0.0
2015-07-22,0.4569927115466345,0.5430072884533654,UNIVERSAL_MIXTURE_BUDGET_AVAILABLE,522,0.0,0.0,0.0,0.0,0.0
2015-07-23,0.4569927115466345,0.5430072884533654,UNIVERSAL_MIXTURE_BUDGET_AVAILABLE,523,0.0,0.0,0.0,0.0,0.0
2015-07-24,0.4569927115466347,0.5430072884533653,UNIVERSAL_MIXTURE_BUDGET_AVAILABLE,524,0.0,0.0,0.0,0.0,0.0
2015-07-27,0.4569927115466347,0.5430072884533653,UNIVERSAL_MIXTURE_BUDGET_AVAILABLE,525,0.0,0.0,0.0,0.0,0.0
2015-07-28,0.4569927115466345,0.5430072884533654,UNIVERSAL_MIXTURE_BUDGET_AVAILABLE,526,0.0,0.0,0.0,0.0,0.0
2015-07-29,0.45699271154663457,0.5430072884533654,UNIVERSAL_MIXTURE_BUDGET_AVAILABLE,527,0.0,0.0,0.0,0.0,0.0
2015-07-30,0.4569927115466346,0.5430072884533654,UNIVERSAL_MIXTURE_BUDGET_AVAILABLE,528,0.0,0.0,0.0,0.0,0.0
2015-07-31,0.45699271154663446,0.5430072884533655,UNIVERSAL_MIXTURE_BUDGET_AVAILABLE,529,0.0,0.0,0.0,0.0,0.0
2015-08-03,0.45699271154663457,0.5430072884533654,UNIVERSAL_MIXTURE_BUDGET_AVAILABLE,530,0.0,0.0,0.0,0.0,0.0
2015-08-04,0.45699271154663457,0.5430072884533654,UNIVERSAL_MIXTURE_BUDGET_AVAILABLE,531,0.0,0.0,0.0,0.0,0.0
2015-08-05,0.4569927115466345,0.5430072884533654,UNIVERSAL_MIXTURE_BUDGET_AVAILABLE,532,0.0,0.0,0.0,0.0,0.0
2015-08-06,0.4569927115466346,0.5430072884533654,UNIVERSAL_MIXTURE_BUDGET_AVAILABLE,533,0.0,0.0,0.0,0.0,0.0
2015-08-07,0.45699271154663446,0.5430072884533655,UNIVERSAL_MIXTURE_BUDGET_AVAILABLE,534,0.0,0.0,0.0,0.0,0.0
2015-08-10,0.4569927115466345,0.5430072884533654,UNIVERSAL_MIXTURE_BUDGET_AVAILABLE,535,0.0,0.0,0.0,0.0,0.0
2015-08-11,0.4569927115466346,0.5430072884533654,UNIVERSAL_MIXTURE_BUDGET_AVAILABLE,536,0.0,0.0,0.0,0.0,0.0
2015-08-12,0.45699271154663434,0.5430072884533657,UNIVERSAL_MIXTURE_BUDGET_AVAILABLE,537,0.0,0.0,0.0,0.0,0.0
2015-08-13,0.4569927115466346,0.5430072884533654,UNIVERSAL_MIXTURE_BUDGET_AVAILABLE,538,0.0,0.0,0.0,0.0,0.0
2015-08-14,0.4569927115466345,0.5430072884533654,UNIVERSAL_MIXTURE_BUDGET_AVAILABLE,539,0.0,0.0,0.0,0.0,0.0
2015-08-17,0.4569927115466344,0.5430072884533657,UNIVERSAL_MIXTURE_BUDGET_AVAILABLE,540,0.0,0.0,0.0,0.0,0.0
2015-08-18,0.4569927115466345,0.5430072884533654,UNIVERSAL_MIXTURE_BUDGET_AVAILABLE,541,0.0,0.0,0.0,0.0,0.0
2015-08-19,0.4569927115466345,0.5430072884533654,UNIVERSAL_MIXTURE_BUDGET_AVAILABLE,542,0.0,0.0,0.0,0.0,0.0
2015-08-20,0.4569927115466345,0.5430072884533654,UNIVERSAL_MIXTURE_BUDGET_AVAILABLE,543,0.0,0.0,0.0,0.0,0.0
2015-08-21,0.4569927115466345,0.5430072884533654,UNIVERSAL_MIXTURE_BUDGET_AVAILABLE,544,0.0,0.0,0.0,0.0,0.0
2015-08-24,0.45699271154663457,0.5430072884533654,UNIVERSAL_MIXTURE_BUDGET_AVAILABLE,545,0.0,0.0,0.0,0.0,0.0
2015-08-25,0.4569927115466345,0.5430072884533654,UNIVERSAL_MIXTURE_BUDGET_AVAILABLE,546,0.0,0.0,0.0,0.0,0.0
2015-08-26,0.45699271154663446,0.5430072884533655,UNIVERSAL_MIXTURE_BUDGET_AVAILABLE,547,0.0,0.0,0.0,0.0,0.0
2015-08-27,0.4569927115466345,0.5430072884533654,UNIVERSAL_MIXTURE_BUDGET_AVAILABLE,548,1.0,0.0,0.4569927115466345,0.0,0.0
2015-08-28,0.4599994544215186,0.5400005455784813,UNIVERSAL_MIXTURE_BUDGET_AVAILABLE,549,1.0,0.0,0.4599994544215186,0.0372841877618626,0.0
2015-08-31,0.4598303206943397,0.5401696793056603,UNIVERSAL_MIXTURE_BUDGET_AVAILABLE,550,1.0,0.0,0.4598303206943397,-0.0020565609413211172,0.0
2015-09-01,0.4595153423572141,0.540484657642786,UNIVERSAL_MIXTURE_BUDGET_AVAILABLE,551,1.0,0.0,0.4595153423572141,-0.003827198329051651,0.0
2015-09-02,0.4592722633362001,0.5407277366637999,UNIVERSAL_MIXTURE_BUDGET_AVAILABLE,552,1.0,0.0,0.4592722633362001,-0.002955309269352613,0.0
2015-09-07,0.4572286754186045,0.5427713245813954,UNIVERSAL_MIXTURE_BUDGET_AVAILABLE,553,1.0,0.0,0.4572286754186045,-0.02460177278277409,0.0
2015-09-08,0.45941998087023445,0.5405800191297656,UNIVERSAL_MIXTURE_BUDGET_AVAILABLE,554,1.0,0.0,0.45941998087023445,0.02704558348851993,0.0
2015-09-09,0.4609618417729698,0.5390381582270303,UNIVERSAL_MIXTURE_BUDGET_AVAILABLE,555,1.0,0.0,0.4609618417729698,0.01893636444921043,0.0
2015-09-10,0.4594937515739649,0.5405062484260351,UNIVERSAL_MIXTURE_BUDGET_AVAILABLE,556,1.0,0.0,0.4594937515739649,-0.01771329691958734,0.0
2015-09-11,0.4596635510056973,0.5403364489943028,UNIVERSAL_MIXTURE_BUDGET_AVAILABLE,557,1.0,0.0,0.4596635510056973,0.0020693280389803004,0.0
2015-09-14,0.45673259886384193,0.543267401136158,UNIVERSAL_MIXTURE_BUDGET_AVAILABLE,558,0.0,0.0,0.0,-0.03510593097536352,0.0
2015-09-15,0.45588513967233296,0.5441148603276671,UNIVERSAL_MIXTURE_BUDGET_AVAILABLE,559,0.0,0.0,0.0,-0.010287333658218767,0.0
2015-09-16,0.4558851396723331,0.5441148603276669,UNIVERSAL_MIXTURE_BUDGET_AVAILABLE,560,0.0,0.0,0.0,0.0,0.0
2015-09-17,0.45588513967233296,0.5441148603276671,UNIVERSAL_MIXTURE_BUDGET_AVAILABLE,561,0.0,0.0,0.0,0.0,0.0
2015-09-18,0.4558851396723331,0.5441148603276669,UNIVERSAL_MIXTURE_BUDGET_AVAILABLE,562,0.0,0.0,0.0,0.0,0.0
2015-09-21,0.45588513967233296,0.5441148603276671,UNIVERSAL_MIXTURE_BUDGET_AVAILABLE,563,0.0,0.0,0.0,0.0,0.0
2015-09-22,0.45588513967233296,0.5441148603276671,UNIVERSAL_MIXTURE_BUDGET_AVAILABLE,564,0.0,0.0,0.0,0.0,0.0
2015-09-23,0.455885139672333,0.544114860327667,UNIVERSAL_MIXTURE_BUDGET_AVAILABLE,565,0.0,0.0,0.0,0.0,0.0
2015-09-24,0.45588513967233296,0.5441148603276671,UNIVERSAL_MIXTURE_BUDGET_AVAILABLE,566,0.0,0.0,0.0,0.0,0.0
2015-09-25,0.45588513967233313,0.5441148603276669,UNIVERSAL_MIXTURE_BUDGET_AVAILABLE,567,0.0,0.0,0.0,0.0,0.0
2015-09-28,0.45588513967233296,0.5441148603276671,UNIVERSAL_MIXTURE_BUDGET_AVAILABLE,568,0.0,1.0,0.5441148603276671,0.0,0.0
2015-09-29,0.45658185325702316,0.5434181467429768,UNIVERSAL_MIXTURE_BUDGET_AVAILABLE,569,0.0,1.0,0.5434181467429768,0.0,-0.008462814885557779
2015-09-30,0.45602705452288206,0.5439729454771179,UNIVERSAL_MIXTURE_BUDGET_AVAILABLE,570,0.0,1.0,0.5439729454771179,0.0,0.0067921736390050835
2015-10-08,0.4531671355723408,0.5468328644276592,UNIVERSAL_MIXTURE_BUDGET_AVAILABLE,571,0.0,1.0,0.5468328644276592,0.0,0.03557167022667196
2015-10-09,0.4521567075069963,0.5478432924930037,UNIVERSAL_MIXTURE_BUDGET_AVAILABLE,572,0.0,1.0,0.5478432924930037,0.0,0.01243699321928382
2015-10-12,0.44886028461747335,0.5511397153825266,UNIVERSAL_MIXTURE_BUDGET_AVAILABLE,573,0.0,1.0,0.5511397153825266,0.0,0.041239863053294856
2015-10-13,0.4494351180109195,0.5505648819890805,UNIVERSAL_MIXTURE_BUDGET_AVAILABLE,574,0.0,1.0,0.5505648819890805,0.0,-0.007022428467938546
2015-10-14,0.45031723194290163,0.5496827680570984,UNIVERSAL_MIXTURE_BUDGET_AVAILABLE,575,0.0,1.0,0.5496827680570984,0.0,-0.010749579423830924
2015-10-15,0.44826846700415934,0.5517315329958407,UNIVERSAL_MIXTURE_BUDGET_AVAILABLE,576,0.0,1.0,0.5517315329958407,0.0,0.025450225768541612
2015-10-16,0.44716314950340635,0.5528368504965937,UNIVERSAL_MIXTURE_BUDGET_AVAILABLE,577,0.0,1.0,0.5528368504965937,0.0,0.013664165944126339
2015-10-19,0.44729768498528233,0.5527023150147177,UNIVERSAL_MIXTURE_BUDGET_AVAILABLE,578,0.0,1.0,0.5527023150147177,0.0,-0.0016506089817956981
2015-10-20,0.44625043154978017,0.5537495684502198,UNIVERSAL_MIXTURE_BUDGET_AVAILABLE,579,0.0,1.0,0.5537495684502198,0.0,0.012951147638015303
2015-10-21,0.44870357642912784,0.5512964235708722,UNIVERSAL_MIXTURE_BUDGET_AVAILABLE,580,0.0,1.0,0.5512964235708722,0.0,-0.029651617787218254
2015-10-22,0.44768219860221736,0.5523178013977826,UNIVERSAL_MIXTURE_BUDGET_AVAILABLE,581,0.0,1.0,0.5523178013977826,0.0,0.012615565508506954
2015-10-23,0.44627492671190705,0.553725073288093,UNIVERSAL_MIXTURE_BUDGET_AVAILABLE,582,0.0,1.0,0.553725073288093,0.0,0.017441754120222752
2015-10-26,0.4461421957895377,0.5538578042104623,UNIVERSAL_MIXTURE_BUDGET_AVAILABLE,583,0.0,1.0,0.5538578042104623,0.0,0.0016326432774105282
2015-10-27,0.4460980022541524,0.5539019977458476,UNIVERSAL_MIXTURE_BUDGET_AVAILABLE,584,0.0,1.0,0.5539019977458476,0.0,0.0005433273660320204
2015-10-28,0.44752554382822946,0.5524744561717705,UNIVERSAL_MIXTURE_BUDGET_AVAILABLE,585,0.0,1.0,0.5524744561717705,0.0,-0.01737703429474946
2015-10-29,0.4474130993850129,0.552586900614987,UNIVERSAL_MIXTURE_BUDGET_AVAILABLE,586,0.0,1.0,0.552586900614987,0.0,0.0013815887188255438
2015-10-30,0.4473906297506467,0.5526093702493533,UNIVERSAL_MIXTURE_BUDGET_AVAILABLE,587,0.0,1.0,0.5526093702493533,0.0,0.0002759365129916258
2015-11-02,0.4487510614161842,0.5512489385838157,UNIVERSAL_MIXTURE_BUDGET_AVAILABLE,588,0.0,1.0,0.5512489385838157,0.0,-0.016551623582203523
2015-11-03,0.4493710853609757,0.5506289146390243,UNIVERSAL_MIXTURE_BUDGET_AVAILABLE,589,0.0,1.0,0.5506289146390243,0.0,-0.007573585752535084
2015-11-04,0.44468315250581925,0.5553168474941808,UNIVERSAL_MIXTURE_BUDGET_AVAILABLE,590,0.0,1.0,0.5553168474941808,0.0,0.059355198651003915
2015-11-05,0.44341511008055906,0.556584889919441,UNIVERSAL_MIXTURE_BUDGET_AVAILABLE,591,0.0,1.0,0.556584889919441,0.0,0.01574163642575832
2015-11-06,0.441521071629015,0.558478928370985,UNIVERSAL_MIXTURE_BUDGET_AVAILABLE,592,0.0,1.0,0.558478928370985,0.0,0.023640525181880534
2015-11-09,0.44069398397596404,0.559306016024036,UNIVERSAL_MIXTURE_BUDGET_AVAILABLE,593,0.0,1.0,0.559306016024036,0.0,0.010264247870578336
2015-11-10,0.440920604291335,0.559079395708665,UNIVERSAL_MIXTURE_BUDGET_AVAILABLE,594,0.0,1.0,0.559079395708665,0.0,-0.0027939899589227712
2015-11-11,0.4410238345045257,0.5589761654954744,UNIVERSAL_MIXTURE_BUDGET_AVAILABLE,595,0.0,1.0,0.5589761654954744,0.0,-0.001273553732213939
2015-11-12,0.441854953749352,0.558145046250648,UNIVERSAL_MIXTURE_BUDGET_AVAILABLE,596,0.0,1.0,0.558145046250648,0.0,-0.010201421916667286
2015-11-13,0.44263191693179393,0.5573680830682061,UNIVERSAL_MIXTURE_BUDGET_AVAILABLE,597,0.0,1.0,0.5573680830682061,0.0,-0.009533571255668893
2015-11-16,0.44216914616957487,0.5578308538304251,UNIVERSAL_MIXTURE_BUDGET_AVAILABLE,598,0.0,1.0,0.5578308538304251,0.0,0.005723172205835958
2015-11-17,0.4424633741012344,0.5575366258987656,UNIVERSAL_MIXTURE_BUDGET_AVAILABLE,599,0.0,1.0,0.5575366258987656,0.0,-0.003621293390757896
2015-11-18,0.44316153322784513,0.5568384667721549,UNIVERSAL_MIXTURE_BUDGET_AVAILABLE,600,0.0,1.0,0.5568384667721549,0.0,-0.008566929213784547
2015-11-19,0.4419602890568571,0.558039710943143,UNIVERSAL_MIXTURE_BUDGET_AVAILABLE,601,0.0,1.0,0.558039710943143,0.0,0.01492528706522922
2015-11-20,0.44219072765813644,0.5578092723418635,UNIVERSAL_MIXTURE_BUDGET_AVAILABLE,602,0.0,1.0,0.5578092723418635,0.0,-0.0028379611712863184
2015-11-23,0.4425904326053518,0.5574095673946482,UNIVERSAL_MIXTURE_BUDGET_AVAILABLE,603,0.0,1.0,0.5574095673946482,0.0,-0.004915884020193717
2015-11-24,0.44252718961559667,0.5574728103844033,UNIVERSAL_MIXTURE_BUDGET_AVAILABLE,604,0.0,1.0,0.5574728103844033,0.0,0.0007800267346751433
2015-11-25,0.44204412895906214,0.5579558710409378,UNIVERSAL_MIXTURE_BUDGET_AVAILABLE,605,0.0,1.0,0.5579558710409378,0.0,0.005975543881860501
2015-11-26,0.4424220082131357,0.5575779917868643,UNIVERSAL_MIXTURE_BUDGET_AVAILABLE,606,0.0,1.0,0.5575779917868643,0.0,-0.004648733889841328
2015-11-27,0.4468901015377784,0.5531098984622216,UNIVERSAL_MIXTURE_BUDGET_AVAILABLE,607,0.0,1.0,0.5531098984622216,0.0,-0.053450654608808934
2015-11-30,0.4468677948562597,0.5531322051437403,UNIVERSAL_MIXTURE_BUDGET_AVAILABLE,608,0.0,1.0,0.5531322051437403,0.0,0.0002741211521548603
2015-12-01,0.44624593448100797,0.5537540655189921,UNIVERSAL_MIXTURE_BUDGET_AVAILABLE,609,0.0,1.0,0.5537540655189921,0.0,0.007673288849558091
2015-12-02,0.4428739773081128,0.5571260226918873,UNIVERSAL_MIXTURE_BUDGET_AVAILABLE,610,0.0,1.0,0.5571260226918873,0.0,0.042425636569230374
2015-12-03,0.4427048676572207,0.5572951323427793,UNIVERSAL_MIXTURE_BUDGET_AVAILABLE,611,0.0,1.0,0.5572951323427793,0.0,0.002087126020209329
2015-12-04,0.44424128487948017,0.5557587151205199,UNIVERSAL_MIXTURE_BUDGET_AVAILABLE,612,0.0,1.0,0.5557587151205199,0.0,-0.018745010981715216
2015-12-07,0.4441121186730704,0.5558878813269297,UNIVERSAL_MIXTURE_BUDGET_AVAILABLE,613,0.0,1.0,0.5558878813269297,0.0,0.0015919248981746126
2015-12-08,0.4452829812880138,0.5547170187119862,UNIVERSAL_MIXTURE_BUDGET_AVAILABLE,614,0.0,1.0,0.5547170187119862,0.0,-0.014304552310591023
2015-12-09,0.44517384793286824,0.5548261520671318,UNIVERSAL_MIXTURE_BUDGET_AVAILABLE,615,0.0,1.0,0.5548261520671318,0.0,0.0013437168523187104
2015-12-10,0.4453266892752395,0.5546733107247606,UNIVERSAL_MIXTURE_BUDGET_AVAILABLE,616,0.0,1.0,0.5546733107247606,0.0,-0.0018786791803713232
2015-12-11,0.445721146300549,0.554278853699451,UNIVERSAL_MIXTURE_BUDGET_AVAILABLE,617,0.0,1.0,0.554278853699451,0.0,-0.004839982094549167
2015-12-14,0.4433012494303945,0.5566987505696055,UNIVERSAL_MIXTURE_BUDGET_AVAILABLE,618,0.0,1.0,0.5566987505696055,0.0,0.03026191125247002
2015-12-15,0.4440714067492438,0.5559285932507563,UNIVERSAL_MIXTURE_BUDGET_AVAILABLE,619,0.0,1.0,0.5559285932507563,0.0,-0.009441330205786858
2015-12-16,0.4440499126672012,0.5559500873327988,UNIVERSAL_MIXTURE_BUDGET_AVAILABLE,620,0.0,1.0,0.5559500873327988,0.0,0.00026475884809262773
2015-12-17,0.44256086857043275,0.5574391314295672,UNIVERSAL_MIXTURE_BUDGET_AVAILABLE,621,0.0,1.0,0.5574391314295672,0.0,0.018528213857931686
2015-12-18,0.4422664312058631,0.5577335687941369,UNIVERSAL_MIXTURE_BUDGET_AVAILABLE,622,0.0,1.0,0.5577335687941369,0.0,0.00363823281590836
2015-12-21,0.4401970886645655,0.5598029113354346,UNIVERSAL_MIXTURE_BUDGET_AVAILABLE,623,0.0,1.0,0.5598029113354346,0.0,0.025893171868886178
2015-12-22,0.4400950333049479,0.5599049666950521,UNIVERSAL_MIXTURE_BUDGET_AVAILABLE,624,0.0,1.0,0.5599049666950521,0.0,0.0012619818797368065
2015-12-23,0.4401970949102256,0.5598029050897744,UNIVERSAL_MIXTURE_BUDGET_AVAILABLE,625,0.0,1.0,0.5598029050897744,0.0,-0.0012603912887690916
2015-12-24,0.44116351062643894,0.5588364893735611,UNIVERSAL_MIXTURE_BUDGET_AVAILABLE,626,0.0,1.0,0.5588364893735611,0.0,-0.011862629669526559
2015-12-25,0.4407509283415625,0.5592490716584375,UNIVERSAL_MIXTURE_BUDGET_AVAILABLE,627,0.0,1.0,0.5592490716584375,0.0,0.005108528095905562
2015-12-28,0.44319896598885244,0.5568010340111476,UNIVERSAL_MIXTURE_BUDGET_AVAILABLE,628,0.0,0.0,0.0,0.0,-0.029732997507902925
2015-12-29,0.4434065254910184,0.5565934745089816,UNIVERSAL_MIXTURE_BUDGET_AVAILABLE,629,0.0,0.0,0.0,0.0,-0.002554673582691458
2015-12-30,0.44340652549101844,0.5565934745089816,UNIVERSAL_MIXTURE_BUDGET_AVAILABLE,630,0.0,0.0,0.0,0.0,0.0
2015-12-31,0.4434065254910184,0.5565934745089816,UNIVERSAL_MIXTURE_BUDGET_AVAILABLE,631,0.0,0.0,0.0,0.0,0.0
2016-01-04,0.4434065254910184,0.5565934745089816,UNIVERSAL_MIXTURE_BUDGET_AVAILABLE,632,0.0,0.0,0.0,0.0,0.0
2016-01-05,0.4434065254910183,0.5565934745089818,UNIVERSAL_MIXTURE_BUDGET_AVAILABLE,633,0.0,0.0,0.0,0.0,0.0
2016-01-06,0.44340652549101833,0.5565934745089817,UNIVERSAL_MIXTURE_BUDGET_AVAILABLE,634,1.0,0.0,0.44340652549101833,0.0,0.0
2016-01-07,0.4420915645043616,0.5579084354956384,UNIVERSAL_MIXTURE_BUDGET_AVAILABLE,635,1.0,0.0,0.4420915645043616,-0.016089391378331763,0.0
2016-01-08,0.44032920208592785,0.5596707979140721,UNIVERSAL_MIXTURE_BUDGET_AVAILABLE,636,1.0,0.0,0.44032920208592785,-0.021535751781414647,0.0
2016-01-11,0.4361339871135664,0.5638660128864337,UNIVERSAL_MIXTURE_BUDGET_AVAILABLE,637,0.0,0.0,0.0,-0.05068034138042388,0.0
2016-01-12,0.43673084854204514,0.5632691514579549,UNIVERSAL_MIXTURE_BUDGET_AVAILABLE,638,0.0,0.0,0.0,0.007427786914030454,0.0
2016-01-13,0.43673084854204514,0.5632691514579549,UNIVERSAL_MIXTURE_BUDGET_AVAILABLE,639,0.0,0.0,0.0,0.0,0.0
2016-01-14,0.43673084854204514,0.5632691514579549,UNIVERSAL_MIXTURE_BUDGET_AVAILABLE,640,0.0,0.0,0.0,0.0,0.0
2016-01-15,0.4367308485420452,0.5632691514579549,UNIVERSAL_MIXTURE_BUDGET_AVAILABLE,641,0.0,0.0,0.0,0.0,0.0
2016-01-18,0.43673084854204514,0.5632691514579549,UNIVERSAL_MIXTURE_BUDGET_AVAILABLE,642,0.0,0.0,0.0,0.0,0.0
2016-01-19,0.43673084854204525,0.5632691514579548,UNIVERSAL_MIXTURE_BUDGET_AVAILABLE,643,0.0,0.0,0.0,0.0,0.0
2016-01-20,0.4367308485420452,0.5632691514579549,UNIVERSAL_MIXTURE_BUDGET_AVAILABLE,644,0.0,0.0,0.0,0.0,0.0
2016-01-21,0.43673084854204514,0.5632691514579549,UNIVERSAL_MIXTURE_BUDGET_AVAILABLE,645,0.0,0.0,0.0,0.0,0.0
2016-01-22,0.4367308485420452,0.5632691514579549,UNIVERSAL_MIXTURE_BUDGET_AVAILABLE,646,0.0,0.0,0.0,0.0,0.0
2016-01-25,0.4367308485420452,0.5632691514579549,UNIVERSAL_MIXTURE_BUDGET_AVAILABLE,647,0.0,0.0,0.0,0.0,0.0
2016-01-26,0.4367308485420452,0.5632691514579549,UNIVERSAL_MIXTURE_BUDGET_AVAILABLE,648,0.0,0.0,0.0,0.0,0.0
2016-01-27,0.4367308485420452,0.5632691514579549,UNIVERSAL_MIXTURE_BUDGET_AVAILABLE,649,0.0,0.0,0.0,0.0,0.0
2016-01-28,0.4367308485420451,0.5632691514579549,UNIVERSAL_MIXTURE_BUDGET_AVAILABLE,650,0.0,0.0,0.0,0.0,0.0
2016-01-29,0.43673084854204514,0.5632691514579549,UNIVERSAL_MIXTURE_BUDGET_AVAILABLE,651,1.0,0.0,0.43673084854204514,0.0,0.0
2016-02-01,0.43583126908453174,0.5641687309154683,UNIVERSAL_MIXTURE_BUDGET_AVAILABLE,652,1.0,0.0,0.43583126908453174,-0.011098615071803986,0.0
2016-02-02,0.4375363516575616,0.5624636483424383,UNIVERSAL_MIXTURE_BUDGET_AVAILABLE,653,1.0,0.0,0.4375363516575616,0.021353862426659154,0.0
2016-02-03,0.4371544860911006,0.5628455139088995,UNIVERSAL_MIXTURE_BUDGET_AVAILABLE,654,1.0,0.0,0.4371544860911006,-0.004721027726215854,0.0
2016-02-04,0.4382145926241602,0.5617854073758398,UNIVERSAL_MIXTURE_BUDGET_AVAILABLE,655,1.0,0.0,0.4382145926241602,0.013213817177436749,0.0
2016-02-05,0.4372644122054664,0.5627355877945336,UNIVERSAL_MIXTURE_BUDGET_AVAILABLE,656,1.0,0.0,0.4372644122054664,-0.011703900673425416,0.0
2016-02-15,0.4369635706328078,0.5630364293671922,UNIVERSAL_MIXTURE_BUDGET_AVAILABLE,657,1.0,0.0,0.4369635706328078,-0.003721929880713848,0.0
2016-02-16,0.43921002439042994,0.56078997560957,UNIVERSAL_MIXTURE_BUDGET_AVAILABLE,658,1.0,0.0,0.43921002439042994,0.0281885686121075,0.0
2016-02-17,0.4400340741735785,0.5599659258264216,UNIVERSAL_MIXTURE_BUDGET_AVAILABLE,659,0.0,0.0,0.0,0.010239620325850796,0.0
2016-02-18,0.44054539952681215,0.5594546004731878,UNIVERSAL_MIXTURE_BUDGET_AVAILABLE,660,0.0,0.0,0.0,0.0063382961846771835,0.0
2016-02-19,0.44054539952681226,0.5594546004731877,UNIVERSAL_MIXTURE_BUDGET_AVAILABLE,661,0.0,0.0,0.0,0.0,0.0
2016-02-22,0.440545399526812,0.559454600473188,UNIVERSAL_MIXTURE_BUDGET_AVAILABLE,662,0.0,0.0,0.0,0.0,0.0
2016-02-23,0.4405453995268122,0.5594546004731877,UNIVERSAL_MIXTURE_BUDGET_AVAILABLE,663,0.0,0.0,0.0,0.0,0.0
2016-02-24,0.44054539952681215,0.5594546004731878,UNIVERSAL_MIXTURE_BUDGET_AVAILABLE,664,0.0,0.0,0.0,0.0,0.0
2016-02-25,0.4405453995268122,0.5594546004731877,UNIVERSAL_MIXTURE_BUDGET_AVAILABLE,665,0.0,0.0,0.0,0.0,0.0
2016-02-26,0.4405453995268121,0.559454600473188,UNIVERSAL_MIXTURE_BUDGET_AVAILABLE,666,0.0,0.0,0.0,0.0,0.0
2016-02-29,0.44054539952681193,0.5594546004731881,UNIVERSAL_MIXTURE_BUDGET_AVAILABLE,667,0.0,0.0,0.0,0.0,0.0
2016-03-01,0.44054539952681226,0.5594546004731877,UNIVERSAL_MIXTURE_BUDGET_AVAILABLE,668,1.0,0.0,0.44054539952681226,0.0,0.0
2016-03-02,0.4439483065708041,0.5560516934291959,UNIVERSAL_MIXTURE_BUDGET_AVAILABLE,669,0.0,0.0,0.0,0.042839206427014886,0.0
2016-03-03,0.44385230747432125,0.5561476925256787,UNIVERSAL_MIXTURE_BUDGET_AVAILABLE,670,0.0,0.0,0.0,-0.0011821814700049282,0.0
2016-03-04,0.44385230747432125,0.5561476925256787,UNIVERSAL_MIXTURE_BUDGET_AVAILABLE,671,0.0,0.0,0.0,0.0,0.0
2016-03-07,0.4438523074743213,0.5561476925256787,UNIVERSAL_MIXTURE_BUDGET_AVAILABLE,672,0.0,0.0,0.0,0.0,0.0
2016-03-08,0.4438523074743213,0.5561476925256787,UNIVERSAL_MIXTURE_BUDGET_AVAILABLE,673,0.0,0.0,0.0,0.0,0.0
2016-03-09,0.44385230747432125,0.5561476925256787,UNIVERSAL_MIXTURE_BUDGET_AVAILABLE,674,0.0,0.0,0.0,0.0,0.0
2016-03-10,0.44385230747432125,0.5561476925256787,UNIVERSAL_MIXTURE_BUDGET_AVAILABLE,675,0.0,0.0,0.0,0.0,0.0
2016-03-11,0.44385230747432125,0.5561476925256787,UNIVERSAL_MIXTURE_BUDGET_AVAILABLE,676,0.0,0.0,0.0,0.0,0.0
2016-03-14,0.4438523074743213,0.5561476925256787,UNIVERSAL_MIXTURE_BUDGET_AVAILABLE,677,0.0,0.0,0.0,0.0,0.0
2016-03-15,0.4438523074743213,0.5561476925256787,UNIVERSAL_MIXTURE_BUDGET_AVAILABLE,678,0.0,0.0,0.0,0.0,0.0
2016-03-16,0.44385230747432125,0.5561476925256787,UNIVERSAL_MIXTURE_BUDGET_AVAILABLE,679,0.0,0.0,0.0,0.0,0.0
2016-03-17,0.4438523074743214,0.5561476925256785,UNIVERSAL_MIXTURE_BUDGET_AVAILABLE,680,0.0,0.0,0.0,0.0,0.0
2016-03-18,0.4438523074743212,0.5561476925256787,UNIVERSAL_MIXTURE_BUDGET_AVAILABLE,681,0.0,0.0,0.0,0.0,0.0
2016-03-21,0.44385230747432125,0.5561476925256787,UNIVERSAL_MIXTURE_BUDGET_AVAILABLE,682,0.0,0.0,0.0,0.0,0.0
2016-03-22,0.44385230747432136,0.5561476925256786,UNIVERSAL_MIXTURE_BUDGET_AVAILABLE,683,0.0,0.0,0.0,0.0,0.0
2016-03-23,0.44385230747432125,0.5561476925256787,UNIVERSAL_MIXTURE_BUDGET_AVAILABLE,684,0.0,0.0,0.0,0.0,0.0
2016-03-24,0.44385230747432125,0.5561476925256787,UNIVERSAL_MIXTURE_BUDGET_AVAILABLE,685,0.0,0.0,0.0,0.0,0.0
2016-03-25,0.44385230747432125,0.5561476925256787,UNIVERSAL_MIXTURE_BUDGET_AVAILABLE,686,0.0,0.0,0.0,0.0,0.0
2016-03-28,0.4438523074743213,0.5561476925256787,UNIVERSAL_MIXTURE_BUDGET_AVAILABLE,687,0.0,0.0,0.0,0.0,0.0
2016-03-29,0.4438523074743213,0.5561476925256787,UNIVERSAL_MIXTURE_BUDGET_AVAILABLE,688,0.0,0.0,0.0,0.0,0.0
2016-03-30,0.4438523074743213,0.5561476925256787,UNIVERSAL_MIXTURE_BUDGET_AVAILABLE,689,0.0,0.0,0.0,0.0,0.0
2016-03-31,0.44385230747432125,0.5561476925256787,UNIVERSAL_MIXTURE_BUDGET_AVAILABLE,690,0.0,0.0,0.0,0.0,0.0
2016-04-01,0.4438523074743213,0.5561476925256787,UNIVERSAL_MIXTURE_BUDGET_AVAILABLE,691,0.0,0.0,0.0,0.0,0.0
2016-04-05,0.4438523074743213,0.5561476925256787,UNIVERSAL_MIXTURE_BUDGET_AVAILABLE,692,0.0,0.0,0.0,0.0,0.0
2016-04-06,0.4438523074743213,0.5561476925256787,UNIVERSAL_MIXTURE_BUDGET_AVAILABLE,693,0.0,0.0,0.0,0.0,0.0
2016-04-07,0.4438523074743213,0.5561476925256787,UNIVERSAL_MIXTURE_BUDGET_AVAILABLE,694,0.0,0.0,0.0,0.0,0.0
2016-04-08,0.44385230747432136,0.5561476925256786,UNIVERSAL_MIXTURE_BUDGET_AVAILABLE,695,0.0,0.0,0.0,0.0,0.0
2016-04-11,0.44385230747432136,0.5561476925256786,UNIVERSAL_MIXTURE_BUDGET_AVAILABLE,696,0.0,0.0,0.0,0.0,0.0
2016-04-12,0.44385230747432114,0.5561476925256789,UNIVERSAL_MIXTURE_BUDGET_AVAILABLE,697,0.0,0.0,0.0,0.0,0.0
2016-04-13,0.44385230747432136,0.5561476925256786,UNIVERSAL_MIXTURE_BUDGET_AVAILABLE,698,0.0,0.0,0.0,0.0,0.0
2016-04-14,0.4438523074743214,0.5561476925256785,UNIVERSAL_MIXTURE_BUDGET_AVAILABLE,699,0.0,0.0,0.0,0.0,0.0
2016-04-15,0.44385230747432136,0.5561476925256786,UNIVERSAL_MIXTURE_BUDGET_AVAILABLE,700,0.0,0.0,0.0,0.0,0.0
2016-04-18,0.4438523074743214,0.5561476925256785,UNIVERSAL_MIXTURE_BUDGET_AVAILABLE,701,0.0,0.0,0.0,0.0,0.0
2016-04-19,0.44385230747432125,0.5561476925256787,UNIVERSAL_MIXTURE_BUDGET_AVAILABLE,702,0.0,0.0,0.0,0.0,0.0
2016-04-20,0.4438523074743213,0.5561476925256787,UNIVERSAL_MIXTURE_BUDGET_AVAILABLE,703,0.0,0.0,0.0,0.0,0.0
2016-04-21,0.4438523074743213,0.5561476925256787,UNIVERSAL_MIXTURE_BUDGET_AVAILABLE,704,0.0,0.0,0.0,0.0,0.0
2016-04-22,0.44385230747432125,0.5561476925256787,UNIVERSAL_MIXTURE_BUDGET_AVAILABLE,705,0.0,0.0,0.0,0.0,0.0
2016-04-25,0.44385230747432125,0.5561476925256787,UNIVERSAL_MIXTURE_BUDGET_AVAILABLE,706,0.0,0.0,0.0,0.0,0.0
2016-04-26,0.4438523074743213,0.5561476925256787,UNIVERSAL_MIXTURE_BUDGET_AVAILABLE,707,0.0,0.0,0.0,0.0,0.0
2016-04-27,0.4438523074743213,0.5561476925256787,UNIVERSAL_MIXTURE_BUDGET_AVAILABLE,708,0.0,0.0,0.0,0.0,0.0
2016-04-28,0.4438523074743213,0.5561476925256787,UNIVERSAL_MIXTURE_BUDGET_AVAILABLE,709,0.0,0.0,0.0,0.0,0.0
2016-04-29,0.4438523074743213,0.5561476925256787,UNIVERSAL_MIXTURE_BUDGET_AVAILABLE,710,0.0,1.0,0.5561476925256787,0.0,0.0
2016-05-03,0.4424946372720157,0.5575053627279842,UNIVERSAL_MIXTURE_BUDGET_AVAILABLE,711,0.0,1.0,0.5575053627279842,0.0,0.0168862458390886
2016-05-04,0.44279794943058887,0.5572020505694111,UNIVERSAL_MIXTURE_BUDGET_AVAILABLE,712,0.0,1.0,0.5572020505694111,0.0,-0.0037338719948968313
2016-05-05,0.4427979494305889,0.5572020505694111,UNIVERSAL_MIXTURE_BUDGET_AVAILABLE,713,0.0,1.0,0.5572020505694111,0.0,0.0
2016-05-06,0.44467041684008113,0.5553295831599189,UNIVERSAL_MIXTURE_BUDGET_AVAILABLE,714,0.0,1.0,0.5553295831599189,0.0,-0.022799518452403245
2016-05-09,0.44635061096391276,0.5536493890360872,UNIVERSAL_MIXTURE_BUDGET_AVAILABLE,715,0.0,1.0,0.5536493890360872,0.0,-0.02045498267205026
2016-05-10,0.44643025003255427,0.5535697499674457,UNIVERSAL_MIXTURE_BUDGET_AVAILABLE,716,0.0,1.0,0.5535697499674457,0.0,-0.000978849665702941
2016-05-11,0.44611222451944904,0.5538877754805509,UNIVERSAL_MIXTURE_BUDGET_AVAILABLE,717,0.0,1.0,0.5538877754805509,0.0,0.003919235004685495
2016-05-12,0.44582185766677007,0.5541781423332299,UNIVERSAL_MIXTURE_BUDGET_AVAILABLE,718,0.0,1.0,0.5541781423332299,0.0,0.0035786066870326927
2016-05-13,0.4461122698123711,0.5538877301876288,UNIVERSAL_MIXTURE_BUDGET_AVAILABLE,719,0.0,1.0,0.5538877301876288,0.0,-0.003565845926953637
2016-05-16,0.44579556318834335,0.5542044368116567,UNIVERSAL_MIXTURE_BUDGET_AVAILABLE,720,0.0,1.0,0.5542044368116567,0.0,0.0039039345676719073
2016-05-17,0.44592738065759435,0.5540726193424057,UNIVERSAL_MIXTURE_BUDGET_AVAILABLE,721,0.0,1.0,0.5540726193424057,0.0,-0.0016203138041261944
2016-05-18,0.44645699205506323,0.5535430079449368,UNIVERSAL_MIXTURE_BUDGET_AVAILABLE,722,0.0,1.0,0.5535430079449368,0.0,-0.006491773927412847
2016-05-19,0.4466165778306864,0.5533834221693136,UNIVERSAL_MIXTURE_BUDGET_AVAILABLE,723,0.0,1.0,0.5533834221693136,0.0,-0.0019602577282350486
2016-05-20,0.44608601462024844,0.5539139853797516,UNIVERSAL_MIXTURE_BUDGET_AVAILABLE,724,0.0,1.0,0.5539139853797516,0.0,0.006547026286324753
2016-05-23,0.44595393337030287,0.5540460666296971,UNIVERSAL_MIXTURE_BUDGET_AVAILABLE,725,0.0,1.0,0.5540460666296971,0.0,0.0016261103841519464
2016-05-24,0.4464571462448747,0.5535428537551252,UNIVERSAL_MIXTURE_BUDGET_AVAILABLE,726,0.0,1.0,0.5535428537551252,0.0,-0.006169187679628818
2016-05-25,0.4465103028595128,0.5534896971404872,UNIVERSAL_MIXTURE_BUDGET_AVAILABLE,727,0.0,1.0,0.5534896971404872,0.0,-0.0006534192427449792
2016-05-26,0.4465103028595128,0.5534896971404872,UNIVERSAL_MIXTURE_BUDGET_AVAILABLE,728,0.0,1.0,0.5534896971404872,0.0,0.0
2016-05-27,0.44645714775185474,0.5535428522481453,UNIVERSAL_MIXTURE_BUDGET_AVAILABLE,729,0.0,1.0,0.5535428522481453,0.0,0.0006538464786158826
2016-05-30,0.44640402957779146,0.5535959704222085,UNIVERSAL_MIXTURE_BUDGET_AVAILABLE,730,0.0,1.0,0.5535959704222085,0.0,0.0006534192427449792
2016-05-31,0.44361705399598605,0.556382946004014,UNIVERSAL_MIXTURE_BUDGET_AVAILABLE,731,0.0,1.0,0.556382946004014,0.0,0.0349351022188209
2016-06-01,0.4439505563715968,0.5560494436284031,UNIVERSAL_MIXTURE_BUDGET_AVAILABLE,732,0.0,1.0,0.5560494436284031,0.0,-0.00410117664609666
2016-06-02,0.44387347327545035,0.5561265267245497,UNIVERSAL_MIXTURE_BUDGET_AVAILABLE,733,0.0,1.0,0.5561265267245497,0.0,0.0009503228216305448
2016-06-03,0.44292939054649383,0.5570706094535062,UNIVERSAL_MIXTURE_BUDGET_AVAILABLE,734,0.0,1.0,0.5570706094535062,0.0,0.011709520309066468
2016-06-06,0.44341292027646945,0.5565870797235306,UNIVERSAL_MIXTURE_BUDGET_AVAILABLE,735,0.0,1.0,0.5565870797235306,0.0,-0.005943402522919472
2016-06-07,0.4434129202764696,0.5565870797235304,UNIVERSAL_MIXTURE_BUDGET_AVAILABLE,736,0.0,1.0,0.5565870797235304,0.0,0.0
2016-06-08,0.44351509817932216,0.5564849018206779,UNIVERSAL_MIXTURE_BUDGET_AVAILABLE,737,0.0,1.0,0.5564849018206779,0.0,-0.0012587237382456484
2016-06-13,0.44622280813547005,0.55377719186453,UNIVERSAL_MIXTURE_BUDGET_AVAILABLE,738,0.0,1.0,0.55377719186453,0.0,-0.03276806313330871
2016-06-14,0.4458793251760824,0.5541206748239176,UNIVERSAL_MIXTURE_BUDGET_AVAILABLE,739,0.0,1.0,0.5541206748239176,0.0,0.004234773207481446
2016-06-15,0.44480627292163855,0.5551937270783615,UNIVERSAL_MIXTURE_BUDGET_AVAILABLE,740,0.0,1.0,0.5551937270783615,0.0,0.013299502814634545
2016-06-16,0.44530187730595205,0.554698122694048,UNIVERSAL_MIXTURE_BUDGET_AVAILABLE,741,0.0,1.0,0.554698122694048,0.0,-0.006082292761471431
2016-06-17,0.4449625095417238,0.5550374904582762,UNIVERSAL_MIXTURE_BUDGET_AVAILABLE,742,0.0,1.0,0.5550374904582762,0.0,0.004187035507291048
2016-06-20,0.44493646455491903,0.555063535445081,UNIVERSAL_MIXTURE_BUDGET_AVAILABLE,743,0.0,1.0,0.555063535445081,0.0,0.0003207367183786225
2016-06-21,0.4451189769982787,0.5548810230017214,UNIVERSAL_MIXTURE_BUDGET_AVAILABLE,744,0.0,1.0,0.5548810230017214,0.0,-0.0022444371552426956
2016-06-22,0.44462469209078564,0.5553753079092143,UNIVERSAL_MIXTURE_BUDGET_AVAILABLE,745,0.0,1.0,0.5553753079092143,0.0,0.006105747674027828
2016-06-23,0.44488449632351196,0.5551155036764881,UNIVERSAL_MIXTURE_BUDGET_AVAILABLE,746,0.0,1.0,0.5551155036764881,0.0,-0.003194049348005823
2016-06-24,0.44574832253456587,0.5542516774654341,UNIVERSAL_MIXTURE_BUDGET_AVAILABLE,747,0.0,1.0,0.5542516774654341,0.0,-0.01057413716433453
2016-06-27,0.4447290128661456,0.5552709871338544,UNIVERSAL_MIXTURE_BUDGET_AVAILABLE,748,0.0,1.0,0.5552709871338544,0.0,0.012630261677246457
2016-06-28,0.44431467869305347,0.5556853213069466,UNIVERSAL_MIXTURE_BUDGET_AVAILABLE,749,0.0,1.0,0.5556853213069466,0.0,0.005117016558169762
2016-06-29,0.443953972098137,0.5560460279018631,UNIVERSAL_MIXTURE_BUDGET_AVAILABLE,750,0.0,1.0,0.5560460279018631,0.0,0.004454595250740656
2016-06-30,0.44382555329768675,0.5561744467023133,UNIVERSAL_MIXTURE_BUDGET_AVAILABLE,751,0.0,1.0,0.5561744467023133,0.0,0.0015838713693845374
2016-07-01,0.44390258299645136,0.5560974170035486,UNIVERSAL_MIXTURE_BUDGET_AVAILABLE,752,0.0,1.0,0.5560974170035486,0.0,-0.0009488200127778512
2016-07-04,0.4425536512447002,0.5574463487552999,UNIVERSAL_MIXTURE_BUDGET_AVAILABLE,753,0.0,1.0,0.5574463487552999,0.0,0.016778406580354677
2016-07-05,0.44235203898822817,0.5576479610117718,UNIVERSAL_MIXTURE_BUDGET_AVAILABLE,754,0.0,1.0,0.5576479610117718,0.0,0.0024907980501120974
2016-07-06,0.4419504393350223,0.5580495606649777,UNIVERSAL_MIXTURE_BUDGET_AVAILABLE,755,0.0,1.0,0.5580495606649777,0.0,0.004969218779776963
2016-07-07,0.4418503622817517,0.5581496377182483,UNIVERSAL_MIXTURE_BUDGET_AVAILABLE,756,0.0,1.0,0.5581496377182483,0.0,0.001236161935837643
2016-07-08,0.442151025578357,0.557848974421643,UNIVERSAL_MIXTURE_BUDGET_AVAILABLE,757,0.0,1.0,0.557848974421643,0.0,-0.003703907178445376
2016-07-11,0.4419504801153237,0.5580495198846763,UNIVERSAL_MIXTURE_BUDGET_AVAILABLE,758,0.0,1.0,0.5580495198846763,0.0,0.0024784514062519136
2016-07-12,0.43992611465555265,0.5600738853444474,UNIVERSAL_MIXTURE_BUDGET_AVAILABLE,759,0.0,1.0,0.5600738853444474,0.0,0.02534131968467479
2016-07-13,0.4397556952901986,0.5602443047098014,UNIVERSAL_MIXTURE_BUDGET_AVAILABLE,760,0.0,1.0,0.5602443047098014,0.0,0.002109817819866411
2016-07-14,0.4398773948609221,0.560122605139078,UNIVERSAL_MIXTURE_BUDGET_AVAILABLE,761,0.0,1.0,0.560122605139078,0.0,-0.0015038399002562652
2016-07-15,0.43978002595657967,0.5602199740434204,UNIVERSAL_MIXTURE_BUDGET_AVAILABLE,762,0.0,1.0,0.5602199740434204,0.0,0.0012048838726479438
2016-07-18,0.44007254453180694,0.559927455468193,UNIVERSAL_MIXTURE_BUDGET_AVAILABLE,763,0.0,1.0,0.559927455468193,0.0,-0.003610301623741763
2016-07-19,0.44048890988829,0.55951109011171,UNIVERSAL_MIXTURE_BUDGET_AVAILABLE,764,0.0,1.0,0.55951109011171,0.0,-0.005133126100462793
2016-07-20,0.4406610109234895,0.5593389890765105,UNIVERSAL_MIXTURE_BUDGET_AVAILABLE,765,0.0,1.0,0.5593389890765105,0.0,-0.002124545720101678
2016-07-21,0.44021933641936506,0.5597806635806349,UNIVERSAL_MIXTURE_BUDGET_AVAILABLE,766,0.0,1.0,0.5597806635806349,0.0,0.005474748920363037
2016-07-22,0.44093244263798315,0.5590675573620169,UNIVERSAL_MIXTURE_BUDGET_AVAILABLE,767,0.0,1.0,0.5590675573620169,0.0,-0.008772402117120714
2016-07-25,0.44095714782620843,0.5590428521737916,UNIVERSAL_MIXTURE_BUDGET_AVAILABLE,768,0.0,1.0,0.5590428521737916,0.0,-0.0003051737314158087
2016-07-26,0.43992675348914767,0.5600732465108523,UNIVERSAL_MIXTURE_BUDGET_AVAILABLE,769,0.0,1.0,0.5600732465108523,0.0,0.012821209415784907
2016-07-27,0.44142904567739955,0.5585709543226005,UNIVERSAL_MIXTURE_BUDGET_AVAILABLE,770,0.0,0.0,0.0,0.0,-0.01838555528740793
2016-07-28,0.4417691856372389,0.5582308143627611,UNIVERSAL_MIXTURE_BUDGET_AVAILABLE,771,0.0,0.0,0.0,0.0,-0.004190772464009562
2016-07-29,0.44176918563723894,0.558230814362761,UNIVERSAL_MIXTURE_BUDGET_AVAILABLE,772,0.0,0.0,0.0,0.0,0.0
2016-08-01,0.44176918563723894,0.558230814362761,UNIVERSAL_MIXTURE_BUDGET_AVAILABLE,773,0.0,0.0,0.0,0.0,0.0
2016-08-02,0.4417691856372388,0.5582308143627612,UNIVERSAL_MIXTURE_BUDGET_AVAILABLE,774,0.0,0.0,0.0,0.0,0.0
2016-08-03,0.44176918563723877,0.5582308143627612,UNIVERSAL_MIXTURE_BUDGET_AVAILABLE,775,0.0,0.0,0.0,0.0,0.0
2016-08-04,0.44176918563723894,0.558230814362761,UNIVERSAL_MIXTURE_BUDGET_AVAILABLE,776,0.0,0.0,0.0,0.0,0.0
2016-08-05,0.4417691856372389,0.5582308143627611,UNIVERSAL_MIXTURE_BUDGET_AVAILABLE,777,0.0,0.0,0.0,0.0,0.0
2016-08-08,0.4417691856372389,0.5582308143627611,UNIVERSAL_MIXTURE_BUDGET_AVAILABLE,778,0.0,0.0,0.0,0.0,0.0
2016-08-09,0.4417691856372389,0.5582308143627611,UNIVERSAL_MIXTURE_BUDGET_AVAILABLE,779,0.0,0.0,0.0,0.0,0.0
2016-08-10,0.44176918563723877,0.5582308143627612,UNIVERSAL_MIXTURE_BUDGET_AVAILABLE,780,0.0,0.0,0.0,0.0,0.0
2016-08-11,0.441769185637239,0.558230814362761,UNIVERSAL_MIXTURE_BUDGET_AVAILABLE,781,0.0,0.0,0.0,0.0,0.0
2016-08-12,0.4417691856372389,0.5582308143627611,UNIVERSAL_MIXTURE_BUDGET_AVAILABLE,782,0.0,0.0,0.0,0.0,0.0
2016-08-15,0.44176918563723894,0.558230814362761,UNIVERSAL_MIXTURE_BUDGET_AVAILABLE,783,0.0,0.0,0.0,0.0,0.0
2016-08-16,0.4417691856372389,0.5582308143627611,UNIVERSAL_MIXTURE_BUDGET_AVAILABLE,784,0.0,0.0,0.0,0.0,0.0
2016-08-17,0.4417691856372389,0.5582308143627611,UNIVERSAL_MIXTURE_BUDGET_AVAILABLE,785,0.0,0.0,0.0,0.0,0.0
2016-08-18,0.4417691856372389,0.5582308143627611,UNIVERSAL_MIXTURE_BUDGET_AVAILABLE,786,0.0,0.0,0.0,0.0,0.0
2016-08-19,0.4417691856372389,0.5582308143627611,UNIVERSAL_MIXTURE_BUDGET_AVAILABLE,787,0.0,0.0,0.0,0.0,0.0
2016-08-22,0.44176918563723905,0.558230814362761,UNIVERSAL_MIXTURE_BUDGET_AVAILABLE,788,0.0,0.0,0.0,0.0,0.0
2016-08-23,0.4417691856372389,0.5582308143627611,UNIVERSAL_MIXTURE_BUDGET_AVAILABLE,789,0.0,0.0,0.0,0.0,0.0
2016-08-24,0.44176918563723877,0.5582308143627612,UNIVERSAL_MIXTURE_BUDGET_AVAILABLE,790,0.0,0.0,0.0,0.0,0.0
2016-08-25,0.4417691856372388,0.5582308143627612,UNIVERSAL_MIXTURE_BUDGET_AVAILABLE,791,0.0,0.0,0.0,0.0,0.0
2016-08-26,0.44176918563723877,0.5582308143627612,UNIVERSAL_MIXTURE_BUDGET_AVAILABLE,792,0.0,0.0,0.0,0.0,0.0
2016-08-29,0.44176918563723877,0.5582308143627612,UNIVERSAL_MIXTURE_BUDGET_AVAILABLE,793,0.0,0.0,0.0,0.0,0.0
2016-08-30,0.4417691856372389,0.5582308143627611,UNIVERSAL_MIXTURE_BUDGET_AVAILABLE,794,0.0,0.0,0.0,0.0,0.0
2016-08-31,0.4417691856372389,0.5582308143627611,UNIVERSAL_MIXTURE_BUDGET_AVAILABLE,795,0.0,0.0,0.0,0.0,0.0
2016-09-01,0.44176918563723877,0.5582308143627612,UNIVERSAL_MIXTURE_BUDGET_AVAILABLE,796,0.0,0.0,0.0,0.0,0.0
2016-09-02,0.44176918563723877,0.5582308143627612,UNIVERSAL_MIXTURE_BUDGET_AVAILABLE,797,0.0,0.0,0.0,0.0,0.0
2016-09-05,0.44176918563723877,0.5582308143627612,UNIVERSAL_MIXTURE_BUDGET_AVAILABLE,798,0.0,0.0,0.0,0.0,0.0
2016-09-06,0.441769185637239,0.558230814362761,UNIVERSAL_MIXTURE_BUDGET_AVAILABLE,799,0.0,0.0,0.0,0.0,0.0
2016-09-07,0.44176918563723894,0.558230814362761,UNIVERSAL_MIXTURE_BUDGET_AVAILABLE,800,0.0,0.0,0.0,0.0,0.0
2016-09-08,0.44176918563723877,0.5582308143627612,UNIVERSAL_MIXTURE_BUDGET_AVAILABLE,801,0.0,0.0,0.0,0.0,0.0
2016-09-09,0.4417691856372388,0.5582308143627612,UNIVERSAL_MIXTURE_BUDGET_AVAILABLE,802,0.0,0.0,0.0,0.0,0.0
2016-09-12,0.44176918563723877,0.5582308143627612,UNIVERSAL_MIXTURE_BUDGET_AVAILABLE,803,0.0,0.0,0.0,0.0,0.0
2016-09-13,0.4417691856372388,0.5582308143627612,UNIVERSAL_MIXTURE_BUDGET_AVAILABLE,804,0.0,0.0,0.0,0.0,0.0
2016-09-14,0.44176918563723894,0.558230814362761,UNIVERSAL_MIXTURE_BUDGET_AVAILABLE,805,0.0,0.0,0.0,0.0,0.0
2016-09-19,0.4417691856372389,0.5582308143627611,UNIVERSAL_MIXTURE_BUDGET_AVAILABLE,806,0.0,0.0,0.0,0.0,0.0
2016-09-20,0.4417691856372388,0.5582308143627612,UNIVERSAL_MIXTURE_BUDGET_AVAILABLE,807,0.0,0.0,0.0,0.0,0.0
2016-09-21,0.4417691856372389,0.5582308143627611,UNIVERSAL_MIXTURE_BUDGET_AVAILABLE,808,0.0,0.0,0.0,0.0,0.0
2016-09-22,0.441769185637239,0.558230814362761,UNIVERSAL_MIXTURE_BUDGET_AVAILABLE,809,0.0,0.0,0.0,0.0,0.0
2016-09-23,0.44176918563723905,0.558230814362761,UNIVERSAL_MIXTURE_BUDGET_AVAILABLE,810,0.0,0.0,0.0,0.0,0.0
2016-09-26,0.44176918563723894,0.558230814362761,UNIVERSAL_MIXTURE_BUDGET_AVAILABLE,811,0.0,0.0,0.0,0.0,0.0
2016-09-27,0.44176918563723894,0.558230814362761,UNIVERSAL_MIXTURE_BUDGET_AVAILABLE,812,0.0,0.0,0.0,0.0,0.0
2016-09-28,0.441769185637239,0.558230814362761,UNIVERSAL_MIXTURE_BUDGET_AVAILABLE,813,0.0,0.0,0.0,0.0,0.0
2016-09-29,0.44176918563723894,0.558230814362761,UNIVERSAL_MIXTURE_BUDGET_AVAILABLE,814,0.0,0.0,0.0,0.0,0.0
2016-09-30,0.4417691856372389,0.5582308143627611,UNIVERSAL_MIXTURE_BUDGET_AVAILABLE,815,0.0,0.0,0.0,0.0,0.0
2016-10-10,0.44176918563723894,0.558230814362761,UNIVERSAL_MIXTURE_BUDGET_AVAILABLE,816,0.0,0.0,0.0,0.0,0.0
2016-10-11,0.4417691856372389,0.5582308143627611,UNIVERSAL_MIXTURE_BUDGET_AVAILABLE,817,0.0,0.0,0.0,0.0,0.0
2016-10-12,0.44176918563723894,0.558230814362761,UNIVERSAL_MIXTURE_BUDGET_AVAILABLE,818,0.0,0.0,0.0,0.0,0.0
2016-10-13,0.4417691856372389,0.5582308143627611,UNIVERSAL_MIXTURE_BUDGET_AVAILABLE,819,0.0,0.0,0.0,0.0,0.0
2016-10-14,0.4417691856372388,0.5582308143627612,UNIVERSAL_MIXTURE_BUDGET_AVAILABLE,820,0.0,0.0,0.0,0.0,0.0
2016-10-17,0.44176918563723894,0.558230814362761,UNIVERSAL_MIXTURE_BUDGET_AVAILABLE,821,0.0,0.0,0.0,0.0,0.0
2016-10-18,0.4417691856372388,0.5582308143627612,UNIVERSAL_MIXTURE_BUDGET_AVAILABLE,822,0.0,0.0,0.0,0.0,0.0
2016-10-19,0.44176918563723916,0.5582308143627608,UNIVERSAL_MIXTURE_BUDGET_AVAILABLE,823,0.0,0.0,0.0,0.0,0.0
2016-10-20,0.4417691856372388,0.5582308143627612,UNIVERSAL_MIXTURE_BUDGET_AVAILABLE,824,0.0,0.0,0.0,0.0,0.0
2016-10-21,0.44176918563723894,0.558230814362761,UNIVERSAL_MIXTURE_BUDGET_AVAILABLE,825,0.0,0.0,0.0,0.0,0.0
2016-10-24,0.44176918563723877,0.5582308143627612,UNIVERSAL_MIXTURE_BUDGET_AVAILABLE,826,0.0,0.0,0.0,0.0,0.0
2016-10-25,0.44176918563723894,0.558230814362761,UNIVERSAL_MIXTURE_BUDGET_AVAILABLE,827,0.0,0.0,0.0,0.0,0.0
2016-10-26,0.441769185637239,0.558230814362761,UNIVERSAL_MIXTURE_BUDGET_AVAILABLE,828,0.0,0.0,0.0,0.0,0.0
2016-10-27,0.44176918563723894,0.558230814362761,UNIVERSAL_MIXTURE_BUDGET_AVAILABLE,829,0.0,0.0,0.0,0.0,0.0
2016-10-28,0.4417691856372389,0.5582308143627611,UNIVERSAL_MIXTURE_BUDGET_AVAILABLE,830,0.0,0.0,0.0,0.0,0.0
2016-10-31,0.4417691856372388,0.5582308143627612,UNIVERSAL_MIXTURE_BUDGET_AVAILABLE,831,0.0,0.0,0.0,0.0,0.0
2016-11-01,0.4417691856372388,0.5582308143627612,UNIVERSAL_MIXTURE_BUDGET_AVAILABLE,832,0.0,0.0,0.0,0.0,0.0
2016-11-02,0.4417691856372389,0.5582308143627611,UNIVERSAL_MIXTURE_BUDGET_AVAILABLE,833,0.0,0.0,0.0,0.0,0.0
2016-11-03,0.4417691856372388,0.5582308143627612,UNIVERSAL_MIXTURE_BUDGET_AVAILABLE,834,0.0,0.0,0.0,0.0,0.0
2016-11-04,0.44176918563723877,0.5582308143627612,UNIVERSAL_MIXTURE_BUDGET_AVAILABLE,835,0.0,0.0,0.0,0.0,0.0
2016-11-07,0.44176918563723894,0.558230814362761,UNIVERSAL_MIXTURE_BUDGET_AVAILABLE,836,0.0,0.0,0.0,0.0,0.0
2016-11-08,0.4417691856372387,0.5582308143627612,UNIVERSAL_MIXTURE_BUDGET_AVAILABLE,837,0.0,0.0,0.0,0.0,0.0
2016-11-09,0.44176918563723894,0.558230814362761,UNIVERSAL_MIXTURE_BUDGET_AVAILABLE,838,0.0,0.0,0.0,0.0,0.0
2016-11-10,0.4417691856372389,0.5582308143627611,UNIVERSAL_MIXTURE_BUDGET_AVAILABLE,839,0.0,0.0,0.0,0.0,0.0
2016-11-11,0.4417691856372388,0.5582308143627612,UNIVERSAL_MIXTURE_BUDGET_AVAILABLE,840,0.0,0.0,0.0,0.0,0.0
2016-11-14,0.44176918563723877,0.5582308143627612,UNIVERSAL_MIXTURE_BUDGET_AVAILABLE,841,0.0,0.0,0.0,0.0,0.0
2016-11-15,0.44176918563723877,0.5582308143627612,UNIVERSAL_MIXTURE_BUDGET_AVAILABLE,842,0.0,0.0,0.0,0.0,0.0
2016-11-16,0.44176918563723877,0.5582308143627612,UNIVERSAL_MIXTURE_BUDGET_AVAILABLE,843,0.0,0.0,0.0,0.0,0.0
2016-11-17,0.4417691856372389,0.5582308143627611,UNIVERSAL_MIXTURE_BUDGET_AVAILABLE,844,0.0,0.0,0.0,0.0,0.0
2016-11-18,0.44176918563723866,0.5582308143627613,UNIVERSAL_MIXTURE_BUDGET_AVAILABLE,845,0.0,0.0,0.0,0.0,0.0
2016-11-21,0.44176918563723877,0.5582308143627612,UNIVERSAL_MIXTURE_BUDGET_AVAILABLE,846,0.0,0.0,0.0,0.0,0.0
2016-11-22,0.441769185637239,0.558230814362761,UNIVERSAL_MIXTURE_BUDGET_AVAILABLE,847,0.0,0.0,0.0,0.0,0.0
2016-11-23,0.4417691856372389,0.5582308143627611,UNIVERSAL_MIXTURE_BUDGET_AVAILABLE,848,0.0,0.0,0.0,0.0,0.0
2016-11-24,0.4417691856372388,0.5582308143627612,UNIVERSAL_MIXTURE_BUDGET_AVAILABLE,849,0.0,0.0,0.0,0.0,0.0
2016-11-25,0.44176918563723877,0.5582308143627612,UNIVERSAL_MIXTURE_BUDGET_AVAILABLE,850,0.0,0.0,0.0,0.0,0.0
2016-11-28,0.4417691856372389,0.5582308143627611,UNIVERSAL_MIXTURE_BUDGET_AVAILABLE,851,0.0,0.0,0.0,0.0,0.0
2016-11-29,0.4417691856372388,0.5582308143627612,UNIVERSAL_MIXTURE_BUDGET_AVAILABLE,852,0.0,0.0,0.0,0.0,0.0
2016-11-30,0.4417691856372389,0.5582308143627611,UNIVERSAL_MIXTURE_BUDGET_AVAILABLE,853,0.0,0.0,0.0,0.0,0.0
2016-12-01,0.44176918563723894,0.558230814362761,UNIVERSAL_MIXTURE_BUDGET_AVAILABLE,854,0.0,0.0,0.0,0.0,0.0
2016-12-02,0.44176918563723877,0.5582308143627612,UNIVERSAL_MIXTURE_BUDGET_AVAILABLE,855,0.0,0.0,0.0,0.0,0.0
2016-12-05,0.44176918563723894,0.558230814362761,UNIVERSAL_MIXTURE_BUDGET_AVAILABLE,856,0.0,0.0,0.0,0.0,0.0
2016-12-06,0.44176918563723894,0.558230814362761,UNIVERSAL_MIXTURE_BUDGET_AVAILABLE,857,0.0,0.0,0.0,0.0,0.0
2016-12-07,0.441769185637239,0.558230814362761,UNIVERSAL_MIXTURE_BUDGET_AVAILABLE,858,0.0,0.0,0.0,0.0,0.0
2016-12-08,0.4417691856372389,0.5582308143627611,UNIVERSAL_MIXTURE_BUDGET_AVAILABLE,859,0.0,0.0,0.0,0.0,0.0
2016-12-09,0.4417691856372389,0.5582308143627611,UNIVERSAL_MIXTURE_BUDGET_AVAILABLE,860,0.0,0.0,0.0,0.0,0.0
2016-12-12,0.44176918563723866,0.5582308143627613,UNIVERSAL_MIXTURE_BUDGET_AVAILABLE,861,0.0,0.0,0.0,0.0,0.0
2016-12-13,0.4417691856372388,0.5582308143627612,UNIVERSAL_MIXTURE_BUDGET_AVAILABLE,862,0.0,0.0,0.0,0.0,0.0
2016-12-14,0.44176918563723894,0.558230814362761,UNIVERSAL_MIXTURE_BUDGET_AVAILABLE,863,0.0,0.0,0.0,0.0,0.0
2016-12-15,0.4417691856372389,0.5582308143627611,UNIVERSAL_MIXTURE_BUDGET_AVAILABLE,864,0.0,0.0,0.0,0.0,0.0
2016-12-16,0.4417691856372388,0.5582308143627612,UNIVERSAL_MIXTURE_BUDGET_AVAILABLE,865,0.0,0.0,0.0,0.0,0.0
2016-12-19,0.44176918563723877,0.5582308143627612,UNIVERSAL_MIXTURE_BUDGET_AVAILABLE,866,0.0,0.0,0.0,0.0,0.0
2016-12-20,0.4417691856372389,0.5582308143627611,UNIVERSAL_MIXTURE_BUDGET_AVAILABLE,867,0.0,0.0,0.0,0.0,0.0
2016-12-21,0.4417691856372388,0.5582308143627612,UNIVERSAL_MIXTURE_BUDGET_AVAILABLE,868,0.0,0.0,0.0,0.0,0.0
2016-12-22,0.44176918563723905,0.558230814362761,UNIVERSAL_MIXTURE_BUDGET_AVAILABLE,869,0.0,0.0,0.0,0.0,0.0
2016-12-23,0.4417691856372388,0.5582308143627612,UNIVERSAL_MIXTURE_BUDGET_AVAILABLE,870,0.0,0.0,0.0,0.0,0.0
2016-12-26,0.4417691856372387,0.5582308143627612,UNIVERSAL_MIXTURE_BUDGET_AVAILABLE,871,0.0,0.0,0.0,0.0,0.0
2016-12-27,0.44176918563723877,0.5582308143627612,UNIVERSAL_MIXTURE_BUDGET_AVAILABLE,872,0.0,0.0,0.0,0.0,0.0
2016-12-28,0.44176918563723905,0.558230814362761,UNIVERSAL_MIXTURE_BUDGET_AVAILABLE,873,0.0,0.0,0.0,0.0,0.0
2016-12-29,0.44176918563723894,0.558230814362761,UNIVERSAL_MIXTURE_BUDGET_AVAILABLE,874,0.0,0.0,0.0,0.0,0.0
2016-12-30,0.4417691856372389,0.5582308143627611,UNIVERSAL_MIXTURE_BUDGET_AVAILABLE,875,0.0,0.0,0.0,0.0,0.0
2017-01-03,0.4417691856372387,0.5582308143627612,UNIVERSAL_MIXTURE_BUDGET_AVAILABLE,876,0.0,0.0,0.0,0.0,0.0
2017-01-04,0.4417691856372389,0.5582308143627611,UNIVERSAL_MIXTURE_BUDGET_AVAILABLE,877,0.0,0.0,0.0,0.0,0.0
2017-01-05,0.441769185637239,0.558230814362761,UNIVERSAL_MIXTURE_BUDGET_AVAILABLE,878,0.0,0.0,0.0,0.0,0.0
2017-01-06,0.44176918563723894,0.558230814362761,UNIVERSAL_MIXTURE_BUDGET_AVAILABLE,879,0.0,0.0,0.0,0.0,0.0
2017-01-09,0.4417691856372389,0.5582308143627611,UNIVERSAL_MIXTURE_BUDGET_AVAILABLE,880,0.0,0.0,0.0,0.0,0.0
2017-01-10,0.4417691856372388,0.5582308143627612,UNIVERSAL_MIXTURE_BUDGET_AVAILABLE,881,0.0,0.0,0.0,0.0,0.0
2017-01-11,0.44176918563723877,0.5582308143627612,UNIVERSAL_MIXTURE_BUDGET_AVAILABLE,882,0.0,0.0,0.0,0.0,0.0
2017-01-12,0.4417691856372388,0.5582308143627612,UNIVERSAL_MIXTURE_BUDGET_AVAILABLE,883,0.0,0.0,0.0,0.0,0.0
2017-01-13,0.44176918563723877,0.5582308143627612,UNIVERSAL_MIXTURE_BUDGET_AVAILABLE,884,0.0,0.0,0.0,0.0,0.0
2017-01-16,0.4417691856372388,0.5582308143627612,UNIVERSAL_MIXTURE_BUDGET_AVAILABLE,885,0.0,0.0,0.0,0.0,0.0
2017-01-17,0.4417691856372389,0.5582308143627611,UNIVERSAL_MIXTURE_BUDGET_AVAILABLE,886,0.0,0.0,0.0,0.0,0.0
2017-01-18,0.4417691856372389,0.5582308143627611,UNIVERSAL_MIXTURE_BUDGET_AVAILABLE,887,0.0,0.0,0.0,0.0,0.0
2017-01-19,0.44176918563723866,0.5582308143627613,UNIVERSAL_MIXTURE_BUDGET_AVAILABLE,888,0.0,0.0,0.0,0.0,0.0
2017-01-20,0.441769185637239,0.558230814362761,UNIVERSAL_MIXTURE_BUDGET_AVAILABLE,889,0.0,0.0,0.0,0.0,0.0
2017-01-23,0.4417691856372388,0.5582308143627612,UNIVERSAL_MIXTURE_BUDGET_AVAILABLE,890,0.0,0.0,0.0,0.0,0.0
2017-01-24,0.44176918563723877,0.5582308143627612,UNIVERSAL_MIXTURE_BUDGET_AVAILABLE,891,0.0,0.0,0.0,0.0,0.0
2017-01-25,0.44176918563723877,0.5582308143627612,UNIVERSAL_MIXTURE_BUDGET_AVAILABLE,892,0.0,0.0,0.0,0.0,0.0
2017-01-26,0.44176918563723877,0.5582308143627612,UNIVERSAL_MIXTURE_BUDGET_AVAILABLE,893,0.0,0.0,0.0,0.0,0.0
2017-02-03,0.4417691856372388,0.5582308143627612,UNIVERSAL_MIXTURE_BUDGET_AVAILABLE,894,0.0,0.0,0.0,0.0,0.0
2017-02-06,0.44176918563723894,0.558230814362761,UNIVERSAL_MIXTURE_BUDGET_AVAILABLE,895,0.0,0.0,0.0,0.0,0.0
2017-02-07,0.4417691856372389,0.5582308143627611,UNIVERSAL_MIXTURE_BUDGET_AVAILABLE,896,0.0,0.0,0.0,0.0,0.0
2017-02-08,0.44176918563723894,0.558230814362761,UNIVERSAL_MIXTURE_BUDGET_AVAILABLE,897,0.0,0.0,0.0,0.0,0.0
2017-02-09,0.4417691856372388,0.5582308143627612,UNIVERSAL_MIXTURE_BUDGET_AVAILABLE,898,0.0,0.0,0.0,0.0,0.0
2017-02-10,0.4417691856372388,0.5582308143627612,UNIVERSAL_MIXTURE_BUDGET_AVAILABLE,899,0.0,0.0,0.0,0.0,0.0
2017-02-13,0.441769185637239,0.558230814362761,UNIVERSAL_MIXTURE_BUDGET_AVAILABLE,900,0.0,0.0,0.0,0.0,0.0
2017-02-14,0.4417691856372388,0.5582308143627612,UNIVERSAL_MIXTURE_BUDGET_AVAILABLE,901,0.0,0.0,0.0,0.0,0.0
2017-02-15,0.4417691856372389,0.5582308143627611,UNIVERSAL_MIXTURE_BUDGET_AVAILABLE,902,0.0,0.0,0.0,0.0,0.0
2017-02-16,0.4417691856372387,0.5582308143627612,UNIVERSAL_MIXTURE_BUDGET_AVAILABLE,903,0.0,0.0,0.0,0.0,0.0
2017-02-17,0.44176918563723877,0.5582308143627612,UNIVERSAL_MIXTURE_BUDGET_AVAILABLE,904,0.0,0.0,0.0,0.0,0.0
2017-02-20,0.4417691856372389,0.5582308143627611,UNIVERSAL_MIXTURE_BUDGET_AVAILABLE,905,0.0,0.0,0.0,0.0,0.0
2017-02-21,0.44176918563723894,0.558230814362761,UNIVERSAL_MIXTURE_BUDGET_AVAILABLE,906,0.0,0.0,0.0,0.0,0.0
2017-02-22,0.4417691856372389,0.5582308143627611,UNIVERSAL_MIXTURE_BUDGET_AVAILABLE,907,0.0,0.0,0.0,0.0,0.0
2017-02-23,0.44176918563723877,0.5582308143627612,UNIVERSAL_MIXTURE_BUDGET_AVAILABLE,908,0.0,0.0,0.0,0.0,0.0
2017-02-24,0.4417691856372387,0.5582308143627612,UNIVERSAL_MIXTURE_BUDGET_AVAILABLE,909,0.0,0.0,0.0,0.0,0.0
2017-02-27,0.44176918563723877,0.5582308143627612,UNIVERSAL_MIXTURE_BUDGET_AVAILABLE,910,0.0,0.0,0.0,0.0,0.0
2017-02-28,0.4417691856372389,0.5582308143627611,UNIVERSAL_MIXTURE_BUDGET_AVAILABLE,911,0.0,0.0,0.0,0.0,0.0
2017-03-01,0.4417691856372388,0.5582308143627612,UNIVERSAL_MIXTURE_BUDGET_AVAILABLE,912,0.0,0.0,0.0,0.0,0.0
2017-03-02,0.44176918563723877,0.5582308143627612,UNIVERSAL_MIXTURE_BUDGET_AVAILABLE,913,0.0,0.0,0.0,0.0,0.0
2017-03-03,0.4417691856372389,0.5582308143627611,UNIVERSAL_MIXTURE_BUDGET_AVAILABLE,914,0.0,0.0,0.0,0.0,0.0
2017-03-06,0.44176918563723877,0.5582308143627612,UNIVERSAL_MIXTURE_BUDGET_AVAILABLE,915,0.0,0.0,0.0,0.0,0.0
2017-03-07,0.4417691856372389,0.5582308143627611,UNIVERSAL_MIXTURE_BUDGET_AVAILABLE,916,0.0,0.0,0.0,0.0,0.0
2017-03-08,0.44176918563723894,0.558230814362761,UNIVERSAL_MIXTURE_BUDGET_AVAILABLE,917,0.0,0.0,0.0,0.0,0.0
2017-03-09,0.4417691856372389,0.5582308143627611,UNIVERSAL_MIXTURE_BUDGET_AVAILABLE,918,0.0,0.0,0.0,0.0,0.0
2017-03-10,0.44176918563723894,0.558230814362761,UNIVERSAL_MIXTURE_BUDGET_AVAILABLE,919,0.0,0.0,0.0,0.0,0.0
2017-03-13,0.4417691856372387,0.5582308143627612,UNIVERSAL_MIXTURE_BUDGET_AVAILABLE,920,0.0,0.0,0.0,0.0,0.0
2017-03-14,0.441769185637239,0.558230814362761,UNIVERSAL_MIXTURE_BUDGET_AVAILABLE,921,0.0,0.0,0.0,0.0,0.0
2017-03-15,0.4417691856372389,0.5582308143627611,UNIVERSAL_MIXTURE_BUDGET_AVAILABLE,922,0.0,0.0,0.0,0.0,0.0
2017-03-16,0.4417691856372388,0.5582308143627612,UNIVERSAL_MIXTURE_BUDGET_AVAILABLE,923,0.0,0.0,0.0,0.0,0.0
2017-03-17,0.44176918563723877,0.5582308143627612,UNIVERSAL_MIXTURE_BUDGET_AVAILABLE,924,0.0,0.0,0.0,0.0,0.0
2017-03-20,0.4417691856372389,0.5582308143627611,UNIVERSAL_MIXTURE_BUDGET_AVAILABLE,925,0.0,0.0,0.0,0.0,0.0
2017-03-21,0.4417691856372388,0.5582308143627612,UNIVERSAL_MIXTURE_BUDGET_AVAILABLE,926,0.0,0.0,0.0,0.0,0.0
2017-03-22,0.44176918563723894,0.558230814362761,UNIVERSAL_MIXTURE_BUDGET_AVAILABLE,927,0.0,0.0,0.0,0.0,0.0
2017-03-23,0.441769185637239,0.558230814362761,UNIVERSAL_MIXTURE_BUDGET_AVAILABLE,928,0.0,0.0,0.0,0.0,0.0
2017-03-24,0.44176918563723877,0.5582308143627612,UNIVERSAL_MIXTURE_BUDGET_AVAILABLE,929,0.0,0.0,0.0,0.0,0.0
2017-03-27,0.44176918563723894,0.558230814362761,UNIVERSAL_MIXTURE_BUDGET_AVAILABLE,930,0.0,0.0,0.0,0.0,0.0
2017-03-28,0.4417691856372389,0.5582308143627611,UNIVERSAL_MIXTURE_BUDGET_AVAILABLE,931,0.0,0.0,0.0,0.0,0.0
2017-03-29,0.4417691856372389,0.5582308143627611,UNIVERSAL_MIXTURE_BUDGET_AVAILABLE,932,0.0,0.0,0.0,0.0,0.0
2017-03-30,0.44176918563723894,0.558230814362761,UNIVERSAL_MIXTURE_BUDGET_AVAILABLE,933,0.0,0.0,0.0,0.0,0.0
2017-03-31,0.441769185637239,0.558230814362761,UNIVERSAL_MIXTURE_BUDGET_AVAILABLE,934,0.0,0.0,0.0,0.0,0.0
2017-04-05,0.4417691856372388,0.5582308143627612,UNIVERSAL_MIXTURE_BUDGET_AVAILABLE,935,0.0,0.0,0.0,0.0,0.0
2017-04-06,0.4417691856372389,0.5582308143627611,UNIVERSAL_MIXTURE_BUDGET_AVAILABLE,936,0.0,0.0,0.0,0.0,0.0
2017-04-07,0.441769185637239,0.558230814362761,UNIVERSAL_MIXTURE_BUDGET_AVAILABLE,937,0.0,0.0,0.0,0.0,0.0
2017-04-10,0.44176918563723894,0.558230814362761,UNIVERSAL_MIXTURE_BUDGET_AVAILABLE,938,0.0,0.0,0.0,0.0,0.0
2017-04-11,0.4417691856372388,0.5582308143627612,UNIVERSAL_MIXTURE_BUDGET_AVAILABLE,939,0.0,0.0,0.0,0.0,0.0
2017-04-12,0.44176918563723894,0.558230814362761,UNIVERSAL_MIXTURE_BUDGET_AVAILABLE,940,0.0,0.0,0.0,0.0,0.0
2017-04-13,0.4417691856372388,0.5582308143627612,UNIVERSAL_MIXTURE_BUDGET_AVAILABLE,941,0.0,0.0,0.0,0.0,0.0
2017-04-14,0.44176918563723877,0.5582308143627612,UNIVERSAL_MIXTURE_BUDGET_AVAILABLE,942,0.0,0.0,0.0,0.0,0.0
2017-04-17,0.4417691856372388,0.5582308143627612,UNIVERSAL_MIXTURE_BUDGET_AVAILABLE,943,0.0,0.0,0.0,0.0,0.0
2017-04-18,0.44176918563723877,0.5582308143627612,UNIVERSAL_MIXTURE_BUDGET_AVAILABLE,944,0.0,0.0,0.0,0.0,0.0
2017-04-19,0.4417691856372389,0.5582308143627611,UNIVERSAL_MIXTURE_BUDGET_AVAILABLE,945,0.0,0.0,0.0,0.0,0.0
2017-04-20,0.4417691856372388,0.5582308143627612,UNIVERSAL_MIXTURE_BUDGET_AVAILABLE,946,0.0,0.0,0.0,0.0,0.0
2017-04-21,0.4417691856372387,0.5582308143627612,UNIVERSAL_MIXTURE_BUDGET_AVAILABLE,947,0.0,0.0,0.0,0.0,0.0
2017-04-24,0.4417691856372388,0.5582308143627612,UNIVERSAL_MIXTURE_BUDGET_AVAILABLE,948,0.0,0.0,0.0,0.0,0.0
2017-04-25,0.44176918563723894,0.558230814362761,UNIVERSAL_MIXTURE_BUDGET_AVAILABLE,949,0.0,0.0,0.0,0.0,0.0
2017-04-26,0.441769185637239,0.558230814362761,UNIVERSAL_MIXTURE_BUDGET_AVAILABLE,950,0.0,0.0,0.0,0.0,0.0
2017-04-27,0.44176918563723877,0.5582308143627612,UNIVERSAL_MIXTURE_BUDGET_AVAILABLE,951,0.0,0.0,0.0,0.0,0.0
2017-04-28,0.44176918563723905,0.558230814362761,UNIVERSAL_MIXTURE_BUDGET_AVAILABLE,952,0.0,0.0,0.0,0.0,0.0
2017-05-02,0.4417691856372388,0.5582308143627612,UNIVERSAL_MIXTURE_BUDGET_AVAILABLE,953,0.0,0.0,0.0,0.0,0.0
2017-05-03,0.4417691856372388,0.5582308143627612,UNIVERSAL_MIXTURE_BUDGET_AVAILABLE,954,0.0,0.0,0.0,0.0,0.0
2017-05-04,0.441769185637239,0.558230814362761,UNIVERSAL_MIXTURE_BUDGET_AVAILABLE,955,0.0,0.0,0.0,0.0,0.0
2017-05-05,0.44176918563723877,0.5582308143627612,UNIVERSAL_MIXTURE_BUDGET_AVAILABLE,956,0.0,0.0,0.0,0.0,0.0
2017-05-08,0.4417691856372388,0.5582308143627612,UNIVERSAL_MIXTURE_BUDGET_AVAILABLE,957,0.0,0.0,0.0,0.0,0.0
2017-05-09,0.44176918563723905,0.558230814362761,UNIVERSAL_MIXTURE_BUDGET_AVAILABLE,958,0.0,0.0,0.0,0.0,0.0
2017-05-10,0.4417691856372389,0.5582308143627611,UNIVERSAL_MIXTURE_BUDGET_AVAILABLE,959,0.0,0.0,0.0,0.0,0.0
2017-05-11,0.44176918563723894,0.558230814362761,UNIVERSAL_MIXTURE_BUDGET_AVAILABLE,960,0.0,0.0,0.0,0.0,0.0
2017-05-12,0.4417691856372389,0.5582308143627611,UNIVERSAL_MIXTURE_BUDGET_AVAILABLE,961,0.0,0.0,0.0,0.0,0.0
2017-05-15,0.4417691856372389,0.5582308143627611,UNIVERSAL_MIXTURE_BUDGET_AVAILABLE,962,0.0,0.0,0.0,0.0,0.0
2017-05-16,0.4417691856372388,0.5582308143627612,UNIVERSAL_MIXTURE_BUDGET_AVAILABLE,963,0.0,0.0,0.0,0.0,0.0
2017-05-17,0.4417691856372388,0.5582308143627612,UNIVERSAL_MIXTURE_BUDGET_AVAILABLE,964,0.0,1.0,0.5582308143627612,0.0,0.0
2017-05-18,0.4419040268603356,0.5580959731396644,UNIVERSAL_MIXTURE_BUDGET_AVAILABLE,965,0.0,1.0,0.5580959731396644,0.0,-0.001663210254675862
2017-05-19,0.44176161261350544,0.5582383873864946,UNIVERSAL_MIXTURE_BUDGET_AVAILABLE,966,0.0,1.0,0.5582383873864946,0.0,0.0017597772595099315
2017-05-22,0.44169050428899004,0.55830949571101,UNIVERSAL_MIXTURE_BUDGET_AVAILABLE,967,0.0,1.0,0.55830949571101,0.0,0.0008783429418199873
2017-05-23,0.44133599060390266,0.5586640093960973,UNIVERSAL_MIXTURE_BUDGET_AVAILABLE,968,0.0,1.0,0.5586640093960973,0.0,0.0043878606626568395
2017-05-24,0.4413359906039028,0.5586640093960973,UNIVERSAL_MIXTURE_BUDGET_AVAILABLE,969,0.0,1.0,0.5586640093960973,0.0,0.0
2017-05-25,0.43963475172742655,0.5603652482725734,UNIVERSAL_MIXTURE_BUDGET_AVAILABLE,970,0.0,1.0,0.5603652482725734,0.0,0.021260965072637195
2017-05-26,0.43977321972129896,0.5602267802787011,UNIVERSAL_MIXTURE_BUDGET_AVAILABLE,971,0.0,1.0,0.5602267802787011,0.0,-0.0017110970075981946
2017-05-31,0.4397270380620736,0.5602729619379264,UNIVERSAL_MIXTURE_BUDGET_AVAILABLE,972,0.0,1.0,0.5602729619379264,0.0,0.0005713432929983497
2017-06-01,0.4395426013894647,0.5604573986105352,UNIVERSAL_MIXTURE_BUDGET_AVAILABLE,973,0.0,1.0,0.5604573986105352,0.0,0.0022840681849551903
2017-06-02,0.4397501489947325,0.5602498510052675,UNIVERSAL_MIXTURE_BUDGET_AVAILABLE,974,0.0,1.0,0.5602498510052675,0.0,-0.002563720994515961
2017-06-05,0.4402832069601603,0.5597167930398397,UNIVERSAL_MIXTURE_BUDGET_AVAILABLE,975,0.0,1.0,0.5597167930398397,0.0,-0.006568571414869884
2017-06-06,0.43965804581855866,0.5603419541814414,UNIVERSAL_MIXTURE_BUDGET_AVAILABLE,976,0.0,1.0,0.5603419541814414,0.0,0.00776191636288015
2017-06-07,0.4385594588351091,0.5614405411648908,UNIVERSAL_MIXTURE_BUDGET_AVAILABLE,977,0.0,1.0,0.5614405411648908,0.0,0.013692680978360183
2017-06-08,0.4379934742826626,0.5620065257173374,UNIVERSAL_MIXTURE_BUDGET_AVAILABLE,978,0.0,1.0,0.5620065257173374,0.0,0.007035272928424652
2017-06-09,0.43749889855287405,0.562501101447126,UNIVERSAL_MIXTURE_BUDGET_AVAILABLE,979,0.0,1.0,0.562501101447126,0.0,0.006147788804865106
2017-06-12,0.4376559428770204,0.5623440571229796,UNIVERSAL_MIXTURE_BUDGET_AVAILABLE,980,0.0,1.0,0.5623440571229796,0.0,-0.0019441623203817482
2017-06-13,0.4374989140731981,0.5625010859268019,UNIVERSAL_MIXTURE_BUDGET_AVAILABLE,981,0.0,1.0,0.5625010859268019,0.0,0.0019479494503049644
2017-06-14,0.43831025026905995,0.5616897497309401,UNIVERSAL_MIXTURE_BUDGET_AVAILABLE,982,0.0,1.0,0.5616897497309401,0.0,-0.009998549076248975
2017-06-15,0.4385826061321952,0.5614173938678049,UNIVERSAL_MIXTURE_BUDGET_AVAILABLE,983,0.0,1.0,0.5614173938678049,0.0,-0.0033665099065998128
2017-06-16,0.438719148728291,0.561280851271709,UNIVERSAL_MIXTURE_BUDGET_AVAILABLE,984,0.0,1.0,0.561280851271709,0.0,-0.0016889407891984565
2017-06-19,0.43781380845492524,0.5621861915450748,UNIVERSAL_MIXTURE_BUDGET_AVAILABLE,985,0.0,1.0,0.5621861915450748,0.0,0.011278654240516772
2017-06-20,0.43806178178537775,0.5619382182146222,UNIVERSAL_MIXTURE_BUDGET_AVAILABLE,986,0.0,1.0,0.5619382182146222,0.0,-0.003067037856614774
2017-06-21,0.43705288462129027,0.5629471153787098,UNIVERSAL_MIXTURE_BUDGET_AVAILABLE,987,0.0,1.0,0.5629471153787098,0.0,0.012585573480098367
2017-06-22,0.4369638316525586,0.5630361683474414,UNIVERSAL_MIXTURE_BUDGET_AVAILABLE,988,0.0,1.0,0.5630361683474414,0.0,0.0011048129382591476
2017-06-23,0.4361892695933109,0.563810730406689,UNIVERSAL_MIXTURE_BUDGET_AVAILABLE,989,0.0,1.0,0.563810730406689,0.0,0.009656444644786655
2017-06-26,0.43520510932624706,0.564794890673753,UNIVERSAL_MIXTURE_BUDGET_AVAILABLE,990,0.0,1.0,0.564794890673753,0.0,0.012296686555969494
2017-06-27,0.4351616546473255,0.5648383453526745,UNIVERSAL_MIXTURE_BUDGET_AVAILABLE,991,0.0,1.0,0.5648383453526745,0.0,0.0005398806592431526
2017-06-28,0.4357067647659852,0.5642932352340149,UNIVERSAL_MIXTURE_BUDGET_AVAILABLE,992,0.0,1.0,0.5642932352340149,0.0,-0.006744866817396056
2017-06-29,0.435227019225822,0.5647729807741779,UNIVERSAL_MIXTURE_BUDGET_AVAILABLE,993,0.0,1.0,0.5647729807741779,0.0,0.005975788698206808
2017-06-30,0.43535758005657565,0.5646424199434243,UNIVERSAL_MIXTURE_BUDGET_AVAILABLE,994,0.0,1.0,0.5646424199434243,0.0,-0.001620079302470545
2017-07-03,0.43570688498135624,0.5642931150186438,UNIVERSAL_MIXTURE_BUDGET_AVAILABLE,995,0.0,1.0,0.5642931150186438,0.0,-0.004327221915917834
2017-07-04,0.4363663205801621,0.5636336794198379,UNIVERSAL_MIXTURE_BUDGET_AVAILABLE,996,0.0,1.0,0.5636336794198379,0.0,-0.00814880277028196
2017-07-05,0.43533633678328754,0.5646636632167125,UNIVERSAL_MIXTURE_BUDGET_AVAILABLE,997,0.0,1.0,0.5646636632167125,0.0,0.01287134371476184
2017-07-06,0.43540168182793343,0.5645983181720666,UNIVERSAL_MIXTURE_BUDGET_AVAILABLE,998,0.0,1.0,0.5645983181720666,0.0,-0.0008111347367339983
2017-07-07,0.4354452766186715,0.5645547233813285,UNIVERSAL_MIXTURE_BUDGET_AVAILABLE,999,0.0,1.0,0.5645547233813285,0.0,-0.0005411954736039837
2017-07-10,0.43535811615354314,0.5646418838464569,UNIVERSAL_MIXTURE_BUDGET_AVAILABLE,1000,0.0,1.0,0.5646418838464569,0.0,0.0010829770494851232
2017-07-11,0.434707754309336,0.5652922456906639,UNIVERSAL_MIXTURE_BUDGET_AVAILABLE,1001,0.0,1.0,0.5652922456906639,0.0,0.008113541092345855
2017-07-12,0.4351843082331105,0.5648156917668895,UNIVERSAL_MIXTURE_BUDGET_AVAILABLE,1002,0.0,1.0,0.5648156917668895,0.0,-0.005902043660617751
2017-07-13,0.43436342362360675,0.5656365763763933,UNIVERSAL_MIXTURE_BUDGET_AVAILABLE,1003,0.0,1.0,0.5656365763763933,0.0,0.010254964297178093
2017-07-14,0.43382820157180607,0.566171798428194,UNIVERSAL_MIXTURE_BUDGET_AVAILABLE,1004,0.0,1.0,0.566171798428194,0.0,0.006678202311344972
2017-07-17,0.43492474222259164,0.5650752577774083,UNIVERSAL_MIXTURE_BUDGET_AVAILABLE,1005,0.0,1.0,0.5650752577774083,0.0,-0.013533155564373844
2017-07-18,0.43488145219918095,0.565118547800819,UNIVERSAL_MIXTURE_BUDGET_AVAILABLE,1006,0.0,1.0,0.565118547800819,0.0,0.0005379927221176306
2017-07-19,0.43323451260041007,0.56676548739959,UNIVERSAL_MIXTURE_BUDGET_AVAILABLE,1007,0.0,1.0,0.56676548739959,0.0,0.02070158250080345
2017-07-20,0.4328545467000559,0.567145453299944,UNIVERSAL_MIXTURE_BUDGET_AVAILABLE,1008,0.0,1.0,0.567145453299944,0.0,0.004741181024092267
2017-07-21,0.4332557847586007,0.5667442152413993,UNIVERSAL_MIXTURE_BUDGET_AVAILABLE,1009,0.0,1.0,0.5667442152413993,0.0,-0.004980964316376735
2017-07-24,0.4328546561770866,0.5671453438229134,UNIVERSAL_MIXTURE_BUDGET_AVAILABLE,1010,0.0,1.0,0.5671453438229134,0.0,0.005005898518267715
2017-07-25,0.43346798568879286,0.5665320143112071,UNIVERSAL_MIXTURE_BUDGET_AVAILABLE,1011,0.0,1.0,0.5665320143112071,0.0,-0.007602524482890782
2017-07-26,0.43391526817699777,0.5660847318230022,UNIVERSAL_MIXTURE_BUDGET_AVAILABLE,1012,0.0,1.0,0.5660847318230022,0.0,-0.005547450981584712
2017-07-27,0.4336806962734753,0.5663193037265247,UNIVERSAL_MIXTURE_BUDGET_AVAILABLE,1013,0.0,1.0,0.5663193037265247,0.0,0.002922017405344146
2017-07-28,0.4333832207214334,0.5666167792785666,UNIVERSAL_MIXTURE_BUDGET_AVAILABLE,1014,0.0,1.0,0.5666167792785666,0.0,0.003708096121756599
2017-07-31,0.43308692879329697,0.566913071206703,UNIVERSAL_MIXTURE_BUDGET_AVAILABLE,1015,0.0,1.0,0.566913071206703,0.0,0.003694396942780953
2017-08-01,0.43245603669854293,0.5675439633014571,UNIVERSAL_MIXTURE_BUDGET_AVAILABLE,1016,0.0,1.0,0.5675439633014571,0.0,0.007887425596378117
2017-08-02,0.4324560366985428,0.5675439633014572,UNIVERSAL_MIXTURE_BUDGET_AVAILABLE,1017,0.0,1.0,0.5675439633014572,0.0,0.0
2017-08-03,0.4332564610612911,0.5667435389387089,UNIVERSAL_MIXTURE_BUDGET_AVAILABLE,1018,0.0,1.0,0.5667435389387089,0.0,-0.009912554552244601
2017-08-04,0.4337450887391167,0.5662549112608832,UNIVERSAL_MIXTURE_BUDGET_AVAILABLE,1019,0.0,1.0,0.5662549112608832,0.0,-0.006059771890534527
2017-08-07,0.43325662234114176,0.5667433776588582,UNIVERSAL_MIXTURE_BUDGET_AVAILABLE,1020,0.0,1.0,0.5667433776588582,0.0,0.006096716602426389
2017-08-08,0.43323545383081213,0.5667645461691879,UNIVERSAL_MIXTURE_BUDGET_AVAILABLE,1021,0.0,1.0,0.5667645461691879,0.0,0.0002634683430666751
2017-08-09,0.43329897924029065,0.5667010207597094,UNIVERSAL_MIXTURE_BUDGET_AVAILABLE,1022,0.0,1.0,0.5667010207597094,0.0,-0.0007901968373487112
2017-08-10,0.4334686517450601,0.5665313482549399,UNIVERSAL_MIXTURE_BUDGET_AVAILABLE,1023,0.0,1.0,0.5665313482549399,0.0,-0.002108857979168821
2017-08-11,0.435014009100618,0.564985990899382,UNIVERSAL_MIXTURE_BUDGET_AVAILABLE,1024,0.0,0.0,0.0,0.0,-0.019019831936861853
2017-08-14,0.43505173077829506,0.5649482692217049,UNIVERSAL_MIXTURE_BUDGET_AVAILABLE,1025,0.0,0.0,0.0,0.0,-0.00046850397242481634
2017-08-15,0.43505173077829506,0.5649482692217049,UNIVERSAL_MIXTURE_BUDGET_AVAILABLE,1026,0.0,0.0,0.0,0.0,0.0
2017-08-16,0.4350517307782951,0.5649482692217049,UNIVERSAL_MIXTURE_BUDGET_AVAILABLE,1027,0.0,0.0,0.0,0.0,0.0
2017-08-17,0.4350517307782951,0.5649482692217049,UNIVERSAL_MIXTURE_BUDGET_AVAILABLE,1028,0.0,0.0,0.0,0.0,0.0
2017-08-18,0.435051730778295,0.5649482692217049,UNIVERSAL_MIXTURE_BUDGET_AVAILABLE,1029,0.0,0.0,0.0,0.0,0.0
2017-08-21,0.4350517307782951,0.5649482692217049,UNIVERSAL_MIXTURE_BUDGET_AVAILABLE,1030,0.0,0.0,0.0,0.0,0.0
2017-08-22,0.4350517307782953,0.5649482692217047,UNIVERSAL_MIXTURE_BUDGET_AVAILABLE,1031,0.0,0.0,0.0,0.0,0.0
2017-08-23,0.435051730778295,0.5649482692217049,UNIVERSAL_MIXTURE_BUDGET_AVAILABLE,1032,0.0,0.0,0.0,0.0,0.0
2017-08-24,0.4350517307782952,0.5649482692217048,UNIVERSAL_MIXTURE_BUDGET_AVAILABLE,1033,0.0,0.0,0.0,0.0,0.0
2017-08-25,0.43505173077829495,0.564948269221705,UNIVERSAL_MIXTURE_BUDGET_AVAILABLE,1034,0.0,0.0,0.0,0.0,0.0
2017-08-28,0.435051730778295,0.5649482692217049,UNIVERSAL_MIXTURE_BUDGET_AVAILABLE,1035,0.0,0.0,0.0,0.0,0.0
2017-08-29,0.435051730778295,0.5649482692217049,UNIVERSAL_MIXTURE_BUDGET_AVAILABLE,1036,0.0,0.0,0.0,0.0,0.0
2017-08-30,0.4350517307782949,0.5649482692217052,UNIVERSAL_MIXTURE_BUDGET_AVAILABLE,1037,0.0,0.0,0.0,0.0,0.0
2017-08-31,0.43505173077829506,0.5649482692217049,UNIVERSAL_MIXTURE_BUDGET_AVAILABLE,1038,0.0,0.0,0.0,0.0,0.0
2017-09-01,0.4350517307782951,0.5649482692217049,UNIVERSAL_MIXTURE_BUDGET_AVAILABLE,1039,0.0,0.0,0.0,0.0,0.0
2017-09-04,0.43505173077829506,0.5649482692217049,UNIVERSAL_MIXTURE_BUDGET_AVAILABLE,1040,0.0,0.0,0.0,0.0,0.0
2017-09-05,0.4350517307782949,0.5649482692217052,UNIVERSAL_MIXTURE_BUDGET_AVAILABLE,1041,0.0,0.0,0.0,0.0,0.0
2017-09-06,0.4350517307782951,0.5649482692217049,UNIVERSAL_MIXTURE_BUDGET_AVAILABLE,1042,0.0,0.0,0.0,0.0,0.0
2017-09-07,0.43505173077829506,0.5649482692217049,UNIVERSAL_MIXTURE_BUDGET_AVAILABLE,1043,0.0,0.0,0.0,0.0,0.0
2017-09-08,0.43505173077829523,0.5649482692217047,UNIVERSAL_MIXTURE_BUDGET_AVAILABLE,1044,0.0,0.0,0.0,0.0,0.0
2017-09-11,0.435051730778295,0.5649482692217049,UNIVERSAL_MIXTURE_BUDGET_AVAILABLE,1045,0.0,0.0,0.0,0.0,0.0
2017-09-12,0.4350517307782951,0.5649482692217049,UNIVERSAL_MIXTURE_BUDGET_AVAILABLE,1046,0.0,0.0,0.0,0.0,0.0
2017-09-13,0.4350517307782949,0.5649482692217052,UNIVERSAL_MIXTURE_BUDGET_AVAILABLE,1047,0.0,0.0,0.0,0.0,0.0
2017-09-14,0.435051730778295,0.5649482692217049,UNIVERSAL_MIXTURE_BUDGET_AVAILABLE,1048,0.0,0.0,0.0,0.0,0.0
2017-09-15,0.4350517307782953,0.5649482692217047,UNIVERSAL_MIXTURE_BUDGET_AVAILABLE,1049,0.0,0.0,0.0,0.0,0.0
2017-09-18,0.4350517307782949,0.5649482692217052,UNIVERSAL_MIXTURE_BUDGET_AVAILABLE,1050,0.0,0.0,0.0,0.0,0.0
2017-09-19,0.43505173077829506,0.5649482692217049,UNIVERSAL_MIXTURE_BUDGET_AVAILABLE,1051,0.0,0.0,0.0,0.0,0.0
2017-09-20,0.4350517307782951,0.5649482692217049,UNIVERSAL_MIXTURE_BUDGET_AVAILABLE,1052,0.0,0.0,0.0,0.0,0.0
2017-09-21,0.4350517307782951,0.5649482692217049,UNIVERSAL_MIXTURE_BUDGET_AVAILABLE,1053,0.0,0.0,0.0,0.0,0.0
2017-09-22,0.4350517307782952,0.5649482692217048,UNIVERSAL_MIXTURE_BUDGET_AVAILABLE,1054,0.0,0.0,0.0,0.0,0.0
2017-09-25,0.43505173077829506,0.5649482692217049,UNIVERSAL_MIXTURE_BUDGET_AVAILABLE,1055,0.0,0.0,0.0,0.0,0.0
2017-09-26,0.435051730778295,0.5649482692217049,UNIVERSAL_MIXTURE_BUDGET_AVAILABLE,1056,0.0,0.0,0.0,0.0,0.0
2017-09-27,0.4350517307782952,0.5649482692217048,UNIVERSAL_MIXTURE_BUDGET_AVAILABLE,1057,0.0,0.0,0.0,0.0,0.0
2017-09-28,0.4350517307782951,0.5649482692217049,UNIVERSAL_MIXTURE_BUDGET_AVAILABLE,1058,0.0,0.0,0.0,0.0,0.0
2017-09-29,0.43505173077829495,0.564948269221705,UNIVERSAL_MIXTURE_BUDGET_AVAILABLE,1059,0.0,0.0,0.0,0.0,0.0
2017-10-09,0.4350517307782952,0.5649482692217048,UNIVERSAL_MIXTURE_BUDGET_AVAILABLE,1060,0.0,0.0,0.0,0.0,0.0
2017-10-10,0.43505173077829495,0.564948269221705,UNIVERSAL_MIXTURE_BUDGET_AVAILABLE,1061,0.0,0.0,0.0,0.0,0.0
2017-10-11,0.43505173077829523,0.5649482692217047,UNIVERSAL_MIXTURE_BUDGET_AVAILABLE,1062,0.0,0.0,0.0,0.0,0.0
2017-10-12,0.43505173077829506,0.5649482692217049,UNIVERSAL_MIXTURE_BUDGET_AVAILABLE,1063,0.0,0.0,0.0,0.0,0.0
2017-10-13,0.4350517307782952,0.5649482692217048,UNIVERSAL_MIXTURE_BUDGET_AVAILABLE,1064,0.0,0.0,0.0,0.0,0.0
2017-10-16,0.43505173077829506,0.5649482692217049,UNIVERSAL_MIXTURE_BUDGET_AVAILABLE,1065,0.0,0.0,0.0,0.0,0.0
2017-10-17,0.435051730778295,0.5649482692217049,UNIVERSAL_MIXTURE_BUDGET_AVAILABLE,1066,0.0,0.0,0.0,0.0,0.0
2017-10-18,0.4350517307782952,0.5649482692217048,UNIVERSAL_MIXTURE_BUDGET_AVAILABLE,1067,0.0,0.0,0.0,0.0,0.0
2017-10-19,0.4350517307782951,0.5649482692217049,UNIVERSAL_MIXTURE_BUDGET_AVAILABLE,1068,0.0,0.0,0.0,0.0,0.0
2017-10-20,0.4350517307782951,0.5649482692217049,UNIVERSAL_MIXTURE_BUDGET_AVAILABLE,1069,0.0,0.0,0.0,0.0,0.0
2017-10-23,0.4350517307782952,0.5649482692217048,UNIVERSAL_MIXTURE_BUDGET_AVAILABLE,1070,0.0,0.0,0.0,0.0,0.0
2017-10-24,0.43505173077829506,0.5649482692217049,UNIVERSAL_MIXTURE_BUDGET_AVAILABLE,1071,0.0,0.0,0.0,0.0,0.0
2017-10-25,0.43505173077829506,0.5649482692217049,UNIVERSAL_MIXTURE_BUDGET_AVAILABLE,1072,0.0,0.0,0.0,0.0,0.0
2017-10-26,0.43505173077829506,0.5649482692217049,UNIVERSAL_MIXTURE_BUDGET_AVAILABLE,1073,0.0,0.0,0.0,0.0,0.0
2017-10-27,0.43505173077829495,0.564948269221705,UNIVERSAL_MIXTURE_BUDGET_AVAILABLE,1074,0.0,0.0,0.0,0.0,0.0
2017-10-30,0.4350517307782951,0.5649482692217049,UNIVERSAL_MIXTURE_BUDGET_AVAILABLE,1075,0.0,0.0,0.0,0.0,0.0
2017-10-31,0.43505173077829506,0.5649482692217049,UNIVERSAL_MIXTURE_BUDGET_AVAILABLE,1076,0.0,0.0,0.0,0.0,0.0
2017-11-01,0.43505173077829506,0.5649482692217049,UNIVERSAL_MIXTURE_BUDGET_AVAILABLE,1077,0.0,0.0,0.0,0.0,0.0
2017-11-02,0.4350517307782951,0.5649482692217049,UNIVERSAL_MIXTURE_BUDGET_AVAILABLE,1078,0.0,0.0,0.0,0.0,0.0
2017-11-03,0.43505173077829506,0.5649482692217049,UNIVERSAL_MIXTURE_BUDGET_AVAILABLE,1079,0.0,0.0,0.0,0.0,0.0
2017-11-06,0.43505173077829495,0.564948269221705,UNIVERSAL_MIXTURE_BUDGET_AVAILABLE,1080,0.0,0.0,0.0,0.0,0.0
2017-11-07,0.43505173077829506,0.5649482692217049,UNIVERSAL_MIXTURE_BUDGET_AVAILABLE,1081,0.0,0.0,0.0,0.0,0.0
2017-11-08,0.43505173077829495,0.564948269221705,UNIVERSAL_MIXTURE_BUDGET_AVAILABLE,1082,0.0,0.0,0.0,0.0,0.0
2017-11-09,0.4350517307782952,0.5649482692217048,UNIVERSAL_MIXTURE_BUDGET_AVAILABLE,1083,0.0,0.0,0.0,0.0,0.0
2017-11-10,0.43505173077829506,0.5649482692217049,UNIVERSAL_MIXTURE_BUDGET_AVAILABLE,1084,0.0,0.0,0.0,0.0,0.0
2017-11-13,0.435051730778295,0.5649482692217049,UNIVERSAL_MIXTURE_BUDGET_AVAILABLE,1085,0.0,0.0,0.0,0.0,0.0
2017-11-14,0.4350517307782951,0.5649482692217049,UNIVERSAL_MIXTURE_BUDGET_AVAILABLE,1086,0.0,0.0,0.0,0.0,0.0
2017-11-15,0.4350517307782951,0.5649482692217049,UNIVERSAL_MIXTURE_BUDGET_AVAILABLE,1087,0.0,0.0,0.0,0.0,0.0
2017-11-16,0.435051730778295,0.5649482692217049,UNIVERSAL_MIXTURE_BUDGET_AVAILABLE,1088,0.0,0.0,0.0,0.0,0.0
2017-11-17,0.4350517307782951,0.5649482692217049,UNIVERSAL_MIXTURE_BUDGET_AVAILABLE,1089,0.0,0.0,0.0,0.0,0.0
2017-11-20,0.4350517307782951,0.5649482692217049,UNIVERSAL_MIXTURE_BUDGET_AVAILABLE,1090,0.0,0.0,0.0,0.0,0.0
2017-11-21,0.435051730778295,0.5649482692217049,UNIVERSAL_MIXTURE_BUDGET_AVAILABLE,1091,0.0,0.0,0.0,0.0,0.0
2017-11-22,0.43505173077829495,0.564948269221705,UNIVERSAL_MIXTURE_BUDGET_AVAILABLE,1092,0.0,0.0,0.0,0.0,0.0
2017-11-23,0.4350517307782951,0.5649482692217049,UNIVERSAL_MIXTURE_BUDGET_AVAILABLE,1093,0.0,0.0,0.0,0.0,0.0
2017-11-24,0.43505173077829506,0.5649482692217049,UNIVERSAL_MIXTURE_BUDGET_AVAILABLE,1094,0.0,0.0,0.0,0.0,0.0
2017-11-27,0.43505173077829495,0.564948269221705,UNIVERSAL_MIXTURE_BUDGET_AVAILABLE,1095,0.0,0.0,0.0,0.0,0.0
2017-11-28,0.4350517307782951,0.5649482692217049,UNIVERSAL_MIXTURE_BUDGET_AVAILABLE,1096,0.0,0.0,0.0,0.0,0.0
2017-11-29,0.4350517307782951,0.5649482692217049,UNIVERSAL_MIXTURE_BUDGET_AVAILABLE,1097,0.0,0.0,0.0,0.0,0.0
2017-11-30,0.4350517307782949,0.5649482692217052,UNIVERSAL_MIXTURE_BUDGET_AVAILABLE,1098,0.0,0.0,0.0,0.0,0.0
2017-12-01,0.4350517307782951,0.5649482692217049,UNIVERSAL_MIXTURE_BUDGET_AVAILABLE,1099,0.0,0.0,0.0,0.0,0.0
2017-12-04,0.435051730778295,0.5649482692217049,UNIVERSAL_MIXTURE_BUDGET_AVAILABLE,1100,0.0,0.0,0.0,0.0,0.0
2017-12-05,0.43505173077829506,0.5649482692217049,UNIVERSAL_MIXTURE_BUDGET_AVAILABLE,1101,0.0,0.0,0.0,0.0,0.0
2017-12-06,0.43505173077829506,0.5649482692217049,UNIVERSAL_MIXTURE_BUDGET_AVAILABLE,1102,0.0,0.0,0.0,0.0,0.0
2017-12-07,0.435051730778295,0.5649482692217049,UNIVERSAL_MIXTURE_BUDGET_AVAILABLE,1103,0.0,0.0,0.0,0.0,0.0
2017-12-08,0.435051730778295,0.5649482692217049,UNIVERSAL_MIXTURE_BUDGET_AVAILABLE,1104,0.0,0.0,0.0,0.0,0.0
2017-12-11,0.43505173077829506,0.5649482692217049,UNIVERSAL_MIXTURE_BUDGET_AVAILABLE,1105,0.0,0.0,0.0,0.0,0.0
2017-12-12,0.435051730778295,0.5649482692217049,UNIVERSAL_MIXTURE_BUDGET_AVAILABLE,1106,0.0,0.0,0.0,0.0,0.0
2017-12-13,0.43505173077829506,0.5649482692217049,UNIVERSAL_MIXTURE_BUDGET_AVAILABLE,1107,0.0,0.0,0.0,0.0,0.0
2017-12-14,0.435051730778295,0.5649482692217049,UNIVERSAL_MIXTURE_BUDGET_AVAILABLE,1108,0.0,0.0,0.0,0.0,0.0
2017-12-15,0.435051730778295,0.5649482692217049,UNIVERSAL_MIXTURE_BUDGET_AVAILABLE,1109,0.0,0.0,0.0,0.0,0.0
2017-12-18,0.43505173077829495,0.564948269221705,UNIVERSAL_MIXTURE_BUDGET_AVAILABLE,1110,0.0,0.0,0.0,0.0,0.0
2017-12-19,0.4350517307782951,0.5649482692217049,UNIVERSAL_MIXTURE_BUDGET_AVAILABLE,1111,0.0,0.0,0.0,0.0,0.0
2017-12-20,0.435051730778295,0.5649482692217049,UNIVERSAL_MIXTURE_BUDGET_AVAILABLE,1112,0.0,0.0,0.0,0.0,0.0
2017-12-21,0.4350517307782952,0.5649482692217048,UNIVERSAL_MIXTURE_BUDGET_AVAILABLE,1113,0.0,0.0,0.0,0.0,0.0
2017-12-22,0.435051730778295,0.5649482692217049,UNIVERSAL_MIXTURE_BUDGET_AVAILABLE,1114,0.0,0.0,0.0,0.0,0.0
2017-12-25,0.4350517307782951,0.5649482692217049,UNIVERSAL_MIXTURE_BUDGET_AVAILABLE,1115,0.0,0.0,0.0,0.0,0.0
2017-12-26,0.4350517307782952,0.5649482692217048,UNIVERSAL_MIXTURE_BUDGET_AVAILABLE,1116,0.0,0.0,0.0,0.0,0.0
2017-12-27,0.43505173077829523,0.5649482692217047,UNIVERSAL_MIXTURE_BUDGET_AVAILABLE,1117,0.0,0.0,0.0,0.0,0.0
2017-12-28,0.4350517307782951,0.5649482692217049,UNIVERSAL_MIXTURE_BUDGET_AVAILABLE,1118,0.0,0.0,0.0,0.0,0.0
2017-12-29,0.43505173077829506,0.5649482692217049,UNIVERSAL_MIXTURE_BUDGET_AVAILABLE,1119,0.0,0.0,0.0,0.0,0.0
2018-01-02,0.435051730778295,0.5649482692217049,UNIVERSAL_MIXTURE_BUDGET_AVAILABLE,1120,0.0,0.0,0.0,0.0,0.0
2018-01-03,0.43505173077829506,0.5649482692217049,UNIVERSAL_MIXTURE_BUDGET_AVAILABLE,1121,0.0,0.0,0.0,0.0,0.0
2018-01-04,0.435051730778295,0.5649482692217049,UNIVERSAL_MIXTURE_BUDGET_AVAILABLE,1122,0.0,0.0,0.0,0.0,0.0
2018-01-05,0.4350517307782952,0.5649482692217048,UNIVERSAL_MIXTURE_BUDGET_AVAILABLE,1123,0.0,0.0,0.0,0.0,0.0
2018-01-08,0.43505173077829495,0.564948269221705,UNIVERSAL_MIXTURE_BUDGET_AVAILABLE,1124,0.0,0.0,0.0,0.0,0.0
2018-01-09,0.43505173077829506,0.5649482692217049,UNIVERSAL_MIXTURE_BUDGET_AVAILABLE,1125,0.0,0.0,0.0,0.0,0.0
2018-01-10,0.4350517307782951,0.5649482692217049,UNIVERSAL_MIXTURE_BUDGET_AVAILABLE,1126,0.0,0.0,0.0,0.0,0.0
2018-01-11,0.4350517307782951,0.5649482692217049,UNIVERSAL_MIXTURE_BUDGET_AVAILABLE,1127,0.0,0.0,0.0,0.0,0.0
2018-01-12,0.435051730778295,0.5649482692217049,UNIVERSAL_MIXTURE_BUDGET_AVAILABLE,1128,0.0,0.0,0.0,0.0,0.0
2018-01-15,0.435051730778295,0.5649482692217049,UNIVERSAL_MIXTURE_BUDGET_AVAILABLE,1129,0.0,0.0,0.0,0.0,0.0
2018-01-16,0.43505173077829506,0.5649482692217049,UNIVERSAL_MIXTURE_BUDGET_AVAILABLE,1130,0.0,0.0,0.0,0.0,0.0
2018-01-17,0.43505173077829506,0.5649482692217049,UNIVERSAL_MIXTURE_BUDGET_AVAILABLE,1131,0.0,0.0,0.0,0.0,0.0
2018-01-18,0.4350517307782952,0.5649482692217048,UNIVERSAL_MIXTURE_BUDGET_AVAILABLE,1132,0.0,0.0,0.0,0.0,0.0
2018-01-19,0.43505173077829523,0.5649482692217047,UNIVERSAL_MIXTURE_BUDGET_AVAILABLE,1133,0.0,0.0,0.0,0.0,0.0
2018-01-22,0.4350517307782951,0.5649482692217049,UNIVERSAL_MIXTURE_BUDGET_AVAILABLE,1134,0.0,0.0,0.0,0.0,0.0
2018-01-23,0.43505173077829506,0.5649482692217049,UNIVERSAL_MIXTURE_BUDGET_AVAILABLE,1135,0.0,0.0,0.0,0.0,0.0
2018-01-24,0.4350517307782951,0.5649482692217049,UNIVERSAL_MIXTURE_BUDGET_AVAILABLE,1136,0.0,0.0,0.0,0.0,0.0
2018-01-25,0.43505173077829506,0.5649482692217049,UNIVERSAL_MIXTURE_BUDGET_AVAILABLE,1137,0.0,0.0,0.0,0.0,0.0
2018-01-26,0.435051730778295,0.5649482692217049,UNIVERSAL_MIXTURE_BUDGET_AVAILABLE,1138,0.0,0.0,0.0,0.0,0.0
2018-01-29,0.435051730778295,0.5649482692217049,UNIVERSAL_MIXTURE_BUDGET_AVAILABLE,1139,0.0,0.0,0.0,0.0,0.0
2018-01-30,0.4350517307782951,0.5649482692217049,UNIVERSAL_MIXTURE_BUDGET_AVAILABLE,1140,0.0,0.0,0.0,0.0,0.0
2018-01-31,0.43505173077829523,0.5649482692217047,UNIVERSAL_MIXTURE_BUDGET_AVAILABLE,1141,0.0,0.0,0.0,0.0,0.0
2018-02-01,0.43505173077829506,0.5649482692217049,UNIVERSAL_MIXTURE_BUDGET_AVAILABLE,1142,0.0,0.0,0.0,0.0,0.0
2018-02-02,0.4350517307782951,0.5649482692217049,UNIVERSAL_MIXTURE_BUDGET_AVAILABLE,1143,0.0,0.0,0.0,0.0,0.0
2018-02-05,0.43505173077829506,0.5649482692217049,UNIVERSAL_MIXTURE_BUDGET_AVAILABLE,1144,0.0,0.0,0.0,0.0,0.0
2018-02-06,0.43505173077829495,0.564948269221705,UNIVERSAL_MIXTURE_BUDGET_AVAILABLE,1145,0.0,0.0,0.0,0.0,0.0
2018-02-07,0.4350517307782951,0.5649482692217049,UNIVERSAL_MIXTURE_BUDGET_AVAILABLE,1146,0.0,0.0,0.0,0.0,0.0
2018-02-08,0.43505173077829506,0.5649482692217049,UNIVERSAL_MIXTURE_BUDGET_AVAILABLE,1147,0.0,0.0,0.0,0.0,0.0
2018-02-09,0.4350517307782951,0.5649482692217049,UNIVERSAL_MIXTURE_BUDGET_AVAILABLE,1148,0.0,0.0,0.0,0.0,0.0
2018-02-12,0.43505173077829495,0.564948269221705,UNIVERSAL_MIXTURE_BUDGET_AVAILABLE,1149,1.0,0.0,0.43505173077829495,0.0,0.0
2018-02-13,0.43524042010030856,0.5647595798996914,UNIVERSAL_MIXTURE_BUDGET_AVAILABLE,1150,1.0,0.0,0.43524042010030856,0.002346453771558732,0.0
2018-02-14,0.435953420524838,0.564046579475162,UNIVERSAL_MIXTURE_BUDGET_AVAILABLE,1151,1.0,0.0,0.435953420524838,0.008890174750208812,0.0
2018-02-22,0.437601849975057,0.562398150024943,UNIVERSAL_MIXTURE_BUDGET_AVAILABLE,1152,1.0,0.0,0.437601849975057,0.020644872887112253,0.0
2018-02-23,0.4380386935500962,0.5619613064499038,UNIVERSAL_MIXTURE_BUDGET_AVAILABLE,1153,1.0,0.0,0.4380386935500962,0.005426832077153998,0.0
2018-02-26,0.4390627859634444,0.5609372140365556,UNIVERSAL_MIXTURE_BUDGET_AVAILABLE,1154,1.0,0.0,0.4390627859634444,0.012757823073420438,0.0
2018-02-27,0.43790070598178266,0.5620992940182173,UNIVERSAL_MIXTURE_BUDGET_AVAILABLE,1155,1.0,0.0,0.43790070598178266,-0.014292876345675554,0.0
2018-02-28,0.4370838473050365,0.5629161526949635,UNIVERSAL_MIXTURE_BUDGET_AVAILABLE,1156,1.0,0.0,0.4370838473050365,-0.01007635793755346,0.0
2018-03-01,0.43766267124714725,0.5623373287528528,UNIVERSAL_MIXTURE_BUDGET_AVAILABLE,1157,1.0,0.0,0.43766267124714725,0.007199727031230507,0.0
2018-03-02,0.43712408039976824,0.5628759196002318,UNIVERSAL_MIXTURE_BUDGET_AVAILABLE,1158,1.0,0.0,0.43712408039976824,-0.006655277947982374,0.0
2018-03-05,0.4369437873878301,0.5630562126121699,UNIVERSAL_MIXTURE_BUDGET_AVAILABLE,1159,0.0,0.0,0.0,-0.0022332891426433132,0.0
2018-03-06,0.4374476235776051,0.562552376422395,UNIVERSAL_MIXTURE_BUDGET_AVAILABLE,1160,0.0,0.0,0.0,0.006265266233198563,0.0
2018-03-07,0.437447623577605,0.562552376422395,UNIVERSAL_MIXTURE_BUDGET_AVAILABLE,1161,0.0,0.0,0.0,0.0,0.0
2018-03-08,0.437447623577605,0.562552376422395,UNIVERSAL_MIXTURE_BUDGET_AVAILABLE,1162,0.0,0.0,0.0,0.0,0.0
2018-03-09,0.4374476235776049,0.5625523764223951,UNIVERSAL_MIXTURE_BUDGET_AVAILABLE,1163,0.0,0.0,0.0,0.0,0.0
2018-03-12,0.437447623577605,0.562552376422395,UNIVERSAL_MIXTURE_BUDGET_AVAILABLE,1164,0.0,0.0,0.0,0.0,0.0
2018-03-13,0.43744762357760497,0.562552376422395,UNIVERSAL_MIXTURE_BUDGET_AVAILABLE,1165,0.0,0.0,0.0,0.0,0.0
2018-03-14,0.4374476235776049,0.5625523764223951,UNIVERSAL_MIXTURE_BUDGET_AVAILABLE,1166,0.0,0.0,0.0,0.0,0.0
2018-03-15,0.4374476235776049,0.5625523764223951,UNIVERSAL_MIXTURE_BUDGET_AVAILABLE,1167,0.0,0.0,0.0,0.0,0.0
2018-03-16,0.437447623577605,0.562552376422395,UNIVERSAL_MIXTURE_BUDGET_AVAILABLE,1168,0.0,0.0,0.0,0.0,0.0
2018-03-19,0.437447623577605,0.562552376422395,UNIVERSAL_MIXTURE_BUDGET_AVAILABLE,1169,0.0,0.0,0.0,0.0,0.0
2018-03-20,0.4374476235776051,0.562552376422395,UNIVERSAL_MIXTURE_BUDGET_AVAILABLE,1170,0.0,0.0,0.0,0.0,0.0
2018-03-21,0.437447623577605,0.562552376422395,UNIVERSAL_MIXTURE_BUDGET_AVAILABLE,1171,0.0,0.0,0.0,0.0,0.0
2018-03-22,0.437447623577605,0.562552376422395,UNIVERSAL_MIXTURE_BUDGET_AVAILABLE,1172,0.0,0.0,0.0,0.0,0.0
2018-03-23,0.4374476235776051,0.562552376422395,UNIVERSAL_MIXTURE_BUDGET_AVAILABLE,1173,0.0,0.0,0.0,0.0,0.0
2018-03-26,0.43744762357760497,0.562552376422395,UNIVERSAL_MIXTURE_BUDGET_AVAILABLE,1174,0.0,0.0,0.0,0.0,0.0
2018-03-27,0.4374476235776051,0.562552376422395,UNIVERSAL_MIXTURE_BUDGET_AVAILABLE,1175,0.0,0.0,0.0,0.0,0.0
2018-03-28,0.43744762357760486,0.5625523764223952,UNIVERSAL_MIXTURE_BUDGET_AVAILABLE,1176,0.0,0.0,0.0,0.0,0.0
2018-03-29,0.437447623577605,0.562552376422395,UNIVERSAL_MIXTURE_BUDGET_AVAILABLE,1177,0.0,0.0,0.0,0.0,0.0
2018-03-30,0.4374476235776048,0.5625523764223952,UNIVERSAL_MIXTURE_BUDGET_AVAILABLE,1178,0.0,0.0,0.0,0.0,0.0
2018-04-02,0.43744762357760497,0.562552376422395,UNIVERSAL_MIXTURE_BUDGET_AVAILABLE,1179,0.0,0.0,0.0,0.0,0.0
2018-04-03,0.43744762357760514,0.5625523764223949,UNIVERSAL_MIXTURE_BUDGET_AVAILABLE,1180,0.0,0.0,0.0,0.0,0.0
2018-04-04,0.4374476235776051,0.562552376422395,UNIVERSAL_MIXTURE_BUDGET_AVAILABLE,1181,0.0,0.0,0.0,0.0,0.0
2018-04-09,0.437447623577605,0.562552376422395,UNIVERSAL_MIXTURE_BUDGET_AVAILABLE,1182,0.0,0.0,0.0,0.0,0.0
2018-04-10,0.437447623577605,0.562552376422395,UNIVERSAL_MIXTURE_BUDGET_AVAILABLE,1183,0.0,0.0,0.0,0.0,0.0
2018-04-11,0.4374476235776051,0.562552376422395,UNIVERSAL_MIXTURE_BUDGET_AVAILABLE,1184,0.0,0.0,0.0,0.0,0.0
2018-04-12,0.43744762357760497,0.562552376422395,UNIVERSAL_MIXTURE_BUDGET_AVAILABLE,1185,0.0,0.0,0.0,0.0,0.0
2018-04-13,0.43744762357760497,0.562552376422395,UNIVERSAL_MIXTURE_BUDGET_AVAILABLE,1186,0.0,0.0,0.0,0.0,0.0
2018-04-16,0.4374476235776049,0.5625523764223951,UNIVERSAL_MIXTURE_BUDGET_AVAILABLE,1187,0.0,0.0,0.0,0.0,0.0
2018-04-17,0.43744762357760497,0.562552376422395,UNIVERSAL_MIXTURE_BUDGET_AVAILABLE,1188,0.0,0.0,0.0,0.0,0.0
2018-04-18,0.43744762357760497,0.562552376422395,UNIVERSAL_MIXTURE_BUDGET_AVAILABLE,1189,0.0,0.0,0.0,0.0,0.0
2018-04-19,0.4374476235776049,0.5625523764223951,UNIVERSAL_MIXTURE_BUDGET_AVAILABLE,1190,0.0,0.0,0.0,0.0,0.0
2018-04-20,0.437447623577605,0.562552376422395,UNIVERSAL_MIXTURE_BUDGET_AVAILABLE,1191,0.0,0.0,0.0,0.0,0.0
2018-04-23,0.437447623577605,0.562552376422395,UNIVERSAL_MIXTURE_BUDGET_AVAILABLE,1192,0.0,0.0,0.0,0.0,0.0
2018-04-24,0.4374476235776051,0.562552376422395,UNIVERSAL_MIXTURE_BUDGET_AVAILABLE,1193,0.0,0.0,0.0,0.0,0.0
2018-04-25,0.43744762357760497,0.562552376422395,UNIVERSAL_MIXTURE_BUDGET_AVAILABLE,1194,0.0,0.0,0.0,0.0,0.0
2018-04-26,0.43744762357760497,0.562552376422395,UNIVERSAL_MIXTURE_BUDGET_AVAILABLE,1195,0.0,0.0,0.0,0.0,0.0
2018-04-27,0.43744762357760497,0.562552376422395,UNIVERSAL_MIXTURE_BUDGET_AVAILABLE,1196,0.0,0.0,0.0,0.0,0.0
2018-05-02,0.437447623577605,0.562552376422395,UNIVERSAL_MIXTURE_BUDGET_AVAILABLE,1197,0.0,0.0,0.0,0.0,0.0
2018-05-03,0.43744762357760486,0.5625523764223952,UNIVERSAL_MIXTURE_BUDGET_AVAILABLE,1198,0.0,0.0,0.0,0.0,0.0
2018-05-04,0.4374476235776049,0.5625523764223951,UNIVERSAL_MIXTURE_BUDGET_AVAILABLE,1199,0.0,0.0,0.0,0.0,0.0
2018-05-07,0.43744762357760497,0.562552376422395,UNIVERSAL_MIXTURE_BUDGET_AVAILABLE,1200,0.0,0.0,0.0,0.0,0.0
2018-05-08,0.4374476235776051,0.562552376422395,UNIVERSAL_MIXTURE_BUDGET_AVAILABLE,1201,0.0,0.0,0.0,0.0,0.0
2018-05-09,0.43744762357760497,0.562552376422395,UNIVERSAL_MIXTURE_BUDGET_AVAILABLE,1202,0.0,0.0,0.0,0.0,0.0
2018-05-10,0.43744762357760497,0.562552376422395,UNIVERSAL_MIXTURE_BUDGET_AVAILABLE,1203,0.0,0.0,0.0,0.0,0.0
2018-05-11,0.4374476235776049,0.5625523764223951,UNIVERSAL_MIXTURE_BUDGET_AVAILABLE,1204,0.0,0.0,0.0,0.0,0.0
2018-05-14,0.4374476235776049,0.5625523764223951,UNIVERSAL_MIXTURE_BUDGET_AVAILABLE,1205,0.0,0.0,0.0,0.0,0.0
2018-05-15,0.4374476235776048,0.5625523764223952,UNIVERSAL_MIXTURE_BUDGET_AVAILABLE,1206,0.0,0.0,0.0,0.0,0.0
2018-05-16,0.43744762357760497,0.562552376422395,UNIVERSAL_MIXTURE_BUDGET_AVAILABLE,1207,0.0,0.0,0.0,0.0,0.0
2018-05-17,0.43744762357760497,0.562552376422395,UNIVERSAL_MIXTURE_BUDGET_AVAILABLE,1208,0.0,0.0,0.0,0.0,0.0
2018-05-18,0.43744762357760486,0.5625523764223952,UNIVERSAL_MIXTURE_BUDGET_AVAILABLE,1209,0.0,0.0,0.0,0.0,0.0
2018-05-21,0.4374476235776051,0.562552376422395,UNIVERSAL_MIXTURE_BUDGET_AVAILABLE,1210,0.0,0.0,0.0,0.0,0.0
2018-05-22,0.4374476235776049,0.5625523764223951,UNIVERSAL_MIXTURE_BUDGET_AVAILABLE,1211,0.0,0.0,0.0,0.0,0.0
2018-05-23,0.4374476235776048,0.5625523764223952,UNIVERSAL_MIXTURE_BUDGET_AVAILABLE,1212,0.0,0.0,0.0,0.0,0.0
2018-05-24,0.43744762357760514,0.5625523764223949,UNIVERSAL_MIXTURE_BUDGET_AVAILABLE,1213,0.0,0.0,0.0,0.0,0.0
2018-05-25,0.437447623577605,0.562552376422395,UNIVERSAL_MIXTURE_BUDGET_AVAILABLE,1214,0.0,0.0,0.0,0.0,0.0
2018-05-28,0.43744762357760497,0.562552376422395,UNIVERSAL_MIXTURE_BUDGET_AVAILABLE,1215,0.0,0.0,0.0,0.0,0.0
2018-05-29,0.43744762357760514,0.5625523764223949,UNIVERSAL_MIXTURE_BUDGET_AVAILABLE,1216,0.0,0.0,0.0,0.0,0.0
2018-05-30,0.4374476235776051,0.562552376422395,UNIVERSAL_MIXTURE_BUDGET_AVAILABLE,1217,0.0,0.0,0.0,0.0,0.0
2018-05-31,0.437447623577605,0.562552376422395,UNIVERSAL_MIXTURE_BUDGET_AVAILABLE,1218,0.0,0.0,0.0,0.0,0.0
2018-06-01,0.43744762357760497,0.562552376422395,UNIVERSAL_MIXTURE_BUDGET_AVAILABLE,1219,0.0,0.0,0.0,0.0,0.0
2018-06-04,0.43744762357760497,0.562552376422395,UNIVERSAL_MIXTURE_BUDGET_AVAILABLE,1220,0.0,0.0,0.0,0.0,0.0
2018-06-05,0.43744762357760486,0.5625523764223952,UNIVERSAL_MIXTURE_BUDGET_AVAILABLE,1221,0.0,0.0,0.0,0.0,0.0
2018-06-06,0.43744762357760497,0.562552376422395,UNIVERSAL_MIXTURE_BUDGET_AVAILABLE,1222,0.0,0.0,0.0,0.0,0.0
2018-06-07,0.437447623577605,0.562552376422395,UNIVERSAL_MIXTURE_BUDGET_AVAILABLE,1223,0.0,0.0,0.0,0.0,0.0
2018-06-08,0.4374476235776049,0.5625523764223951,UNIVERSAL_MIXTURE_BUDGET_AVAILABLE,1224,0.0,0.0,0.0,0.0,0.0
2018-06-11,0.43744762357760497,0.562552376422395,UNIVERSAL_MIXTURE_BUDGET_AVAILABLE,1225,0.0,0.0,0.0,0.0,0.0
2018-06-12,0.43744762357760497,0.562552376422395,UNIVERSAL_MIXTURE_BUDGET_AVAILABLE,1226,0.0,0.0,0.0,0.0,0.0
2018-06-13,0.4374476235776049,0.5625523764223951,UNIVERSAL_MIXTURE_BUDGET_AVAILABLE,1227,0.0,0.0,0.0,0.0,0.0
2018-06-14,0.43744762357760497,0.562552376422395,UNIVERSAL_MIXTURE_BUDGET_AVAILABLE,1228,0.0,0.0,0.0,0.0,0.0
2018-06-15,0.43744762357760497,0.562552376422395,UNIVERSAL_MIXTURE_BUDGET_AVAILABLE,1229,0.0,0.0,0.0,0.0,0.0
2018-06-19,0.43744762357760497,0.562552376422395,UNIVERSAL_MIXTURE_BUDGET_AVAILABLE,1230,0.0,0.0,0.0,0.0,0.0
2018-06-20,0.43744762357760497,0.562552376422395,UNIVERSAL_MIXTURE_BUDGET_AVAILABLE,1231,0.0,0.0,0.0,0.0,0.0
2018-06-21,0.437447623577605,0.562552376422395,UNIVERSAL_MIXTURE_BUDGET_AVAILABLE,1232,0.0,0.0,0.0,0.0,0.0
2018-06-22,0.43744762357760497,0.562552376422395,UNIVERSAL_MIXTURE_BUDGET_AVAILABLE,1233,0.0,0.0,0.0,0.0,0.0
2018-06-25,0.43744762357760497,0.562552376422395,UNIVERSAL_MIXTURE_BUDGET_AVAILABLE,1234,0.0,0.0,0.0,0.0,0.0
2018-06-26,0.437447623577605,0.562552376422395,UNIVERSAL_MIXTURE_BUDGET_AVAILABLE,1235,0.0,0.0,0.0,0.0,0.0
2018-06-27,0.43744762357760497,0.562552376422395,UNIVERSAL_MIXTURE_BUDGET_AVAILABLE,1236,0.0,0.0,0.0,0.0,0.0
2018-06-28,0.437447623577605,0.562552376422395,UNIVERSAL_MIXTURE_BUDGET_AVAILABLE,1237,0.0,0.0,0.0,0.0,0.0
2018-06-29,0.4374476235776051,0.562552376422395,UNIVERSAL_MIXTURE_BUDGET_AVAILABLE,1238,0.0,0.0,0.0,0.0,0.0
2018-07-02,0.437447623577605,0.562552376422395,UNIVERSAL_MIXTURE_BUDGET_AVAILABLE,1239,0.0,0.0,0.0,0.0,0.0
2018-07-03,0.43744762357760486,0.5625523764223952,UNIVERSAL_MIXTURE_BUDGET_AVAILABLE,1240,0.0,0.0,0.0,0.0,0.0
2018-07-04,0.4374476235776049,0.5625523764223951,UNIVERSAL_MIXTURE_BUDGET_AVAILABLE,1241,0.0,0.0,0.0,0.0,0.0
2018-07-05,0.43744762357760497,0.562552376422395,UNIVERSAL_MIXTURE_BUDGET_AVAILABLE,1242,0.0,0.0,0.0,0.0,0.0
2018-07-06,0.4374476235776049,0.5625523764223951,UNIVERSAL_MIXTURE_BUDGET_AVAILABLE,1243,0.0,0.0,0.0,0.0,0.0
2018-07-09,0.4374476235776051,0.562552376422395,UNIVERSAL_MIXTURE_BUDGET_AVAILABLE,1244,0.0,0.0,0.0,0.0,0.0
2018-07-10,0.4374476235776052,0.5625523764223948,UNIVERSAL_MIXTURE_BUDGET_AVAILABLE,1245,0.0,0.0,0.0,0.0,0.0
2018-07-11,0.4374476235776049,0.5625523764223951,UNIVERSAL_MIXTURE_BUDGET_AVAILABLE,1246,0.0,0.0,0.0,0.0,0.0
2018-07-12,0.43744762357760497,0.562552376422395,UNIVERSAL_MIXTURE_BUDGET_AVAILABLE,1247,0.0,0.0,0.0,0.0,0.0
2018-07-13,0.437447623577605,0.562552376422395,UNIVERSAL_MIXTURE_BUDGET_AVAILABLE,1248,0.0,0.0,0.0,0.0,0.0
2018-07-16,0.437447623577605,0.562552376422395,UNIVERSAL_MIXTURE_BUDGET_AVAILABLE,1249,0.0,0.0,0.0,0.0,0.0
2018-07-17,0.4374476235776049,0.5625523764223951,UNIVERSAL_MIXTURE_BUDGET_AVAILABLE,1250,0.0,0.0,0.0,0.0,0.0
2018-07-18,0.4374476235776049,0.5625523764223951,UNIVERSAL_MIXTURE_BUDGET_AVAILABLE,1251,0.0,0.0,0.0,0.0,0.0
2018-07-19,0.437447623577605,0.562552376422395,UNIVERSAL_MIXTURE_BUDGET_AVAILABLE,1252,0.0,0.0,0.0,0.0,0.0
2018-07-20,0.43744762357760497,0.562552376422395,UNIVERSAL_MIXTURE_BUDGET_AVAILABLE,1253,0.0,0.0,0.0,0.0,0.0
2018-07-23,0.43744762357760497,0.562552376422395,UNIVERSAL_MIXTURE_BUDGET_AVAILABLE,1254,0.0,0.0,0.0,0.0,0.0
2018-07-24,0.4374476235776051,0.562552376422395,UNIVERSAL_MIXTURE_BUDGET_AVAILABLE,1255,0.0,0.0,0.0,0.0,0.0
2018-07-25,0.437447623577605,0.562552376422395,UNIVERSAL_MIXTURE_BUDGET_AVAILABLE,1256,0.0,0.0,0.0,0.0,0.0
2018-07-26,0.4374476235776049,0.5625523764223951,UNIVERSAL_MIXTURE_BUDGET_AVAILABLE,1257,0.0,0.0,0.0,0.0,0.0
2018-07-27,0.437447623577605,0.562552376422395,UNIVERSAL_MIXTURE_BUDGET_AVAILABLE,1258,0.0,0.0,0.0,0.0,0.0
2018-07-30,0.43744762357760497,0.562552376422395,UNIVERSAL_MIXTURE_BUDGET_AVAILABLE,1259,0.0,0.0,0.0,0.0,0.0
2018-07-31,0.437447623577605,0.562552376422395,UNIVERSAL_MIXTURE_BUDGET_AVAILABLE,1260,0.0,0.0,0.0,0.0,0.0
2018-08-01,0.43744762357760486,0.5625523764223952,UNIVERSAL_MIXTURE_BUDGET_AVAILABLE,1261,0.0,0.0,0.0,0.0,0.0
2018-08-02,0.43744762357760497,0.562552376422395,UNIVERSAL_MIXTURE_BUDGET_AVAILABLE,1262,0.0,0.0,0.0,0.0,0.0
2018-08-03,0.43744762357760497,0.562552376422395,UNIVERSAL_MIXTURE_BUDGET_AVAILABLE,1263,0.0,0.0,0.0,0.0,0.0
2018-08-06,0.4374476235776051,0.562552376422395,UNIVERSAL_MIXTURE_BUDGET_AVAILABLE,1264,0.0,0.0,0.0,0.0,0.0
2018-08-07,0.4374476235776049,0.5625523764223951,UNIVERSAL_MIXTURE_BUDGET_AVAILABLE,1265,0.0,0.0,0.0,0.0,0.0
2018-08-08,0.43744762357760497,0.562552376422395,UNIVERSAL_MIXTURE_BUDGET_AVAILABLE,1266,0.0,0.0,0.0,0.0,0.0
2018-08-09,0.43744762357760497,0.562552376422395,UNIVERSAL_MIXTURE_BUDGET_AVAILABLE,1267,0.0,0.0,0.0,0.0,0.0
2018-08-10,0.43744762357760497,0.562552376422395,UNIVERSAL_MIXTURE_BUDGET_AVAILABLE,1268,0.0,0.0,0.0,0.0,0.0
2018-08-13,0.4374476235776049,0.5625523764223951,UNIVERSAL_MIXTURE_BUDGET_AVAILABLE,1269,0.0,0.0,0.0,0.0,0.0
2018-08-14,0.437447623577605,0.562552376422395,UNIVERSAL_MIXTURE_BUDGET_AVAILABLE,1270,0.0,0.0,0.0,0.0,0.0
2018-08-15,0.4374476235776049,0.5625523764223951,UNIVERSAL_MIXTURE_BUDGET_AVAILABLE,1271,0.0,0.0,0.0,0.0,0.0
2018-08-16,0.437447623577605,0.562552376422395,UNIVERSAL_MIXTURE_BUDGET_AVAILABLE,1272,0.0,0.0,0.0,0.0,0.0
2018-08-17,0.43744762357760497,0.562552376422395,UNIVERSAL_MIXTURE_BUDGET_AVAILABLE,1273,0.0,0.0,0.0,0.0,0.0
2018-08-20,0.43744762357760486,0.5625523764223952,UNIVERSAL_MIXTURE_BUDGET_AVAILABLE,1274,0.0,0.0,0.0,0.0,0.0
2018-08-21,0.4374476235776049,0.5625523764223951,UNIVERSAL_MIXTURE_BUDGET_AVAILABLE,1275,0.0,0.0,0.0,0.0,0.0
2018-08-22,0.43744762357760497,0.562552376422395,UNIVERSAL_MIXTURE_BUDGET_AVAILABLE,1276,0.0,0.0,0.0,0.0,0.0
2018-08-23,0.43744762357760497,0.562552376422395,UNIVERSAL_MIXTURE_BUDGET_AVAILABLE,1277,0.0,0.0,0.0,0.0,0.0
2018-08-24,0.437447623577605,0.562552376422395,UNIVERSAL_MIXTURE_BUDGET_AVAILABLE,1278,0.0,0.0,0.0,0.0,0.0
2018-08-27,0.4374476235776049,0.5625523764223951,UNIVERSAL_MIXTURE_BUDGET_AVAILABLE,1279,0.0,0.0,0.0,0.0,0.0
2018-08-28,0.437447623577605,0.562552376422395,UNIVERSAL_MIXTURE_BUDGET_AVAILABLE,1280,0.0,0.0,0.0,0.0,0.0
2018-08-29,0.437447623577605,0.562552376422395,UNIVERSAL_MIXTURE_BUDGET_AVAILABLE,1281,0.0,0.0,0.0,0.0,0.0
2018-08-30,0.4374476235776049,0.5625523764223951,UNIVERSAL_MIXTURE_BUDGET_AVAILABLE,1282,0.0,0.0,0.0,0.0,0.0
2018-08-31,0.4374476235776049,0.5625523764223951,UNIVERSAL_MIXTURE_BUDGET_AVAILABLE,1283,0.0,0.0,0.0,0.0,0.0
2018-09-03,0.4374476235776051,0.562552376422395,UNIVERSAL_MIXTURE_BUDGET_AVAILABLE,1284,0.0,0.0,0.0,0.0,0.0
2018-09-04,0.4374476235776051,0.562552376422395,UNIVERSAL_MIXTURE_BUDGET_AVAILABLE,1285,0.0,0.0,0.0,0.0,0.0
2018-09-05,0.437447623577605,0.562552376422395,UNIVERSAL_MIXTURE_BUDGET_AVAILABLE,1286,0.0,0.0,0.0,0.0,0.0
2018-09-06,0.4374476235776049,0.5625523764223951,UNIVERSAL_MIXTURE_BUDGET_AVAILABLE,1287,0.0,0.0,0.0,0.0,0.0
2018-09-07,0.43744762357760497,0.562552376422395,UNIVERSAL_MIXTURE_BUDGET_AVAILABLE,1288,0.0,0.0,0.0,0.0,0.0
2018-09-10,0.4374476235776051,0.562552376422395,UNIVERSAL_MIXTURE_BUDGET_AVAILABLE,1289,0.0,0.0,0.0,0.0,0.0
2018-09-11,0.4374476235776052,0.5625523764223948,UNIVERSAL_MIXTURE_BUDGET_AVAILABLE,1290,0.0,0.0,0.0,0.0,0.0
2018-09-12,0.437447623577605,0.562552376422395,UNIVERSAL_MIXTURE_BUDGET_AVAILABLE,1291,0.0,0.0,0.0,0.0,0.0
2018-09-13,0.4374476235776049,0.5625523764223951,UNIVERSAL_MIXTURE_BUDGET_AVAILABLE,1292,0.0,0.0,0.0,0.0,0.0
2018-09-14,0.43744762357760486,0.5625523764223952,UNIVERSAL_MIXTURE_BUDGET_AVAILABLE,1293,0.0,0.0,0.0,0.0,0.0
2018-09-17,0.43744762357760497,0.562552376422395,UNIVERSAL_MIXTURE_BUDGET_AVAILABLE,1294,0.0,0.0,0.0,0.0,0.0
2018-09-18,0.437447623577605,0.562552376422395,UNIVERSAL_MIXTURE_BUDGET_AVAILABLE,1295,0.0,0.0,0.0,0.0,0.0
2018-09-19,0.43744762357760497,0.562552376422395,UNIVERSAL_MIXTURE_BUDGET_AVAILABLE,1296,0.0,0.0,0.0,0.0,0.0
2018-09-20,0.4374476235776049,0.5625523764223951,UNIVERSAL_MIXTURE_BUDGET_AVAILABLE,1297,0.0,0.0,0.0,0.0,0.0
2018-09-21,0.437447623577605,0.562552376422395,UNIVERSAL_MIXTURE_BUDGET_AVAILABLE,1298,0.0,0.0,0.0,0.0,0.0
2018-09-25,0.4374476235776051,0.562552376422395,UNIVERSAL_MIXTURE_BUDGET_AVAILABLE,1299,0.0,0.0,0.0,0.0,0.0
2018-09-26,0.437447623577605,0.562552376422395,UNIVERSAL_MIXTURE_BUDGET_AVAILABLE,1300,0.0,0.0,0.0,0.0,0.0
2018-09-27,0.4374476235776049,0.5625523764223951,UNIVERSAL_MIXTURE_BUDGET_AVAILABLE,1301,0.0,0.0,0.0,0.0,0.0
2018-09-28,0.43744762357760497,0.562552376422395,UNIVERSAL_MIXTURE_BUDGET_AVAILABLE,1302,0.0,0.0,0.0,0.0,0.0
2018-10-08,0.43744762357760497,0.562552376422395,UNIVERSAL_MIXTURE_BUDGET_AVAILABLE,1303,0.0,1.0,0.562552376422395,0.0,0.0
2018-10-09,0.43751189126815543,0.5624881087318445,UNIVERSAL_MIXTURE_BUDGET_AVAILABLE,1304,0.0,1.0,0.5624881087318445,0.0,-0.0007962680536292011
2018-10-10,0.437560067664868,0.562439932335132,UNIVERSAL_MIXTURE_BUDGET_AVAILABLE,1305,0.0,1.0,0.562439932335132,0.0,-0.0005969307877997654
2018-10-11,0.4418278017276722,0.5581721982723278,UNIVERSAL_MIXTURE_BUDGET_AVAILABLE,1306,0.0,1.0,0.5581721982723278,0.0,-0.051366710121520165
2018-10-12,0.44033908088744383,0.5596609191125561,UNIVERSAL_MIXTURE_BUDGET_AVAILABLE,1307,1.0,0.0,0.44033908088744383,0.0,0.018574064745917385
2018-10-15,0.4388573496582699,0.56114265034173,UNIVERSAL_MIXTURE_BUDGET_AVAILABLE,1308,1.0,0.0,0.4388573496582699,-0.01715695730095934,0.001036201150822258
2018-10-16,0.4383237358152461,0.5616762641847539,UNIVERSAL_MIXTURE_BUDGET_AVAILABLE,1309,1.0,0.0,0.4383237358152461,-0.006587555334238049,0.0
2018-10-17,0.4386037260535886,0.5613962739464113,UNIVERSAL_MIXTURE_BUDGET_AVAILABLE,1310,1.0,0.0,0.4386037260535886,0.003473506136574711,0.0
2018-10-18,0.43680763142768503,0.563192368572315,UNIVERSAL_MIXTURE_BUDGET_AVAILABLE,1311,0.0,0.0,0.0,-0.022027616897552726,0.0
2018-10-19,0.43632342816546366,0.5636765718345363,UNIVERSAL_MIXTURE_BUDGET_AVAILABLE,1312,0.0,0.0,0.0,-0.005990548366595294,0.0
2018-10-22,0.4363234281654638,0.5636765718345362,UNIVERSAL_MIXTURE_BUDGET_AVAILABLE,1313,0.0,0.0,0.0,0.0,0.0
2018-10-23,0.43632342816546377,0.5636765718345362,UNIVERSAL_MIXTURE_BUDGET_AVAILABLE,1314,0.0,0.0,0.0,0.0,0.0
2018-10-24,0.4363234281654637,0.5636765718345362,UNIVERSAL_MIXTURE_BUDGET_AVAILABLE,1315,0.0,0.0,0.0,0.0,0.0
2018-10-25,0.4363234281654637,0.5636765718345362,UNIVERSAL_MIXTURE_BUDGET_AVAILABLE,1316,0.0,0.0,0.0,0.0,0.0
2018-10-26,0.43632342816546393,0.563676571834536,UNIVERSAL_MIXTURE_BUDGET_AVAILABLE,1317,0.0,0.0,0.0,0.0,0.0
2018-10-29,0.43632342816546366,0.5636765718345363,UNIVERSAL_MIXTURE_BUDGET_AVAILABLE,1318,0.0,0.0,0.0,0.0,0.0
2018-10-30,0.4363234281654637,0.5636765718345362,UNIVERSAL_MIXTURE_BUDGET_AVAILABLE,1319,0.0,0.0,0.0,0.0,0.0
2018-10-31,0.43632342816546377,0.5636765718345362,UNIVERSAL_MIXTURE_BUDGET_AVAILABLE,1320,0.0,0.0,0.0,0.0,0.0
2018-11-01,0.4363234281654637,0.5636765718345362,UNIVERSAL_MIXTURE_BUDGET_AVAILABLE,1321,0.0,0.0,0.0,0.0,0.0
2018-11-02,0.43632342816546366,0.5636765718345363,UNIVERSAL_MIXTURE_BUDGET_AVAILABLE,1322,0.0,0.0,0.0,0.0,0.0
2018-11-05,0.4363234281654639,0.5636765718345361,UNIVERSAL_MIXTURE_BUDGET_AVAILABLE,1323,0.0,0.0,0.0,0.0,0.0
2018-11-06,0.4363234281654637,0.5636765718345362,UNIVERSAL_MIXTURE_BUDGET_AVAILABLE,1324,0.0,0.0,0.0,0.0,0.0
2018-11-07,0.4363234281654638,0.5636765718345362,UNIVERSAL_MIXTURE_BUDGET_AVAILABLE,1325,0.0,0.0,0.0,0.0,0.0
2018-11-08,0.43632342816546377,0.5636765718345362,UNIVERSAL_MIXTURE_BUDGET_AVAILABLE,1326,0.0,0.0,0.0,0.0,0.0
2018-11-09,0.43632342816546366,0.5636765718345363,UNIVERSAL_MIXTURE_BUDGET_AVAILABLE,1327,0.0,0.0,0.0,0.0,0.0
2018-11-12,0.43632342816546377,0.5636765718345362,UNIVERSAL_MIXTURE_BUDGET_AVAILABLE,1328,0.0,0.0,0.0,0.0,0.0
2018-11-13,0.43632342816546377,0.5636765718345362,UNIVERSAL_MIXTURE_BUDGET_AVAILABLE,1329,0.0,0.0,0.0,0.0,0.0
2018-11-14,0.43632342816546377,0.5636765718345362,UNIVERSAL_MIXTURE_BUDGET_AVAILABLE,1330,0.0,0.0,0.0,0.0,0.0
2018-11-15,0.43632342816546377,0.5636765718345362,UNIVERSAL_MIXTURE_BUDGET_AVAILABLE,1331,0.0,0.0,0.0,0.0,0.0
2018-11-16,0.4363234281654639,0.5636765718345361,UNIVERSAL_MIXTURE_BUDGET_AVAILABLE,1332,0.0,0.0,0.0,0.0,0.0
2018-11-19,0.4363234281654639,0.5636765718345361,UNIVERSAL_MIXTURE_BUDGET_AVAILABLE,1333,0.0,0.0,0.0,0.0,0.0
2018-11-20,0.4363234281654638,0.5636765718345362,UNIVERSAL_MIXTURE_BUDGET_AVAILABLE,1334,0.0,0.0,0.0,0.0,0.0
2018-11-21,0.4363234281654637,0.5636765718345362,UNIVERSAL_MIXTURE_BUDGET_AVAILABLE,1335,0.0,0.0,0.0,0.0,0.0
2018-11-22,0.4363234281654637,0.5636765718345362,UNIVERSAL_MIXTURE_BUDGET_AVAILABLE,1336,0.0,0.0,0.0,0.0,0.0
2018-11-23,0.43632342816546366,0.5636765718345363,UNIVERSAL_MIXTURE_BUDGET_AVAILABLE,1337,0.0,0.0,0.0,0.0,0.0
2018-11-26,0.43632342816546377,0.5636765718345362,UNIVERSAL_MIXTURE_BUDGET_AVAILABLE,1338,0.0,0.0,0.0,0.0,0.0
2018-11-27,0.4363234281654639,0.5636765718345361,UNIVERSAL_MIXTURE_BUDGET_AVAILABLE,1339,0.0,0.0,0.0,0.0,0.0
2018-11-28,0.4363234281654638,0.5636765718345362,UNIVERSAL_MIXTURE_BUDGET_AVAILABLE,1340,0.0,0.0,0.0,0.0,0.0
2018-11-29,0.43632342816546377,0.5636765718345362,UNIVERSAL_MIXTURE_BUDGET_AVAILABLE,1341,0.0,0.0,0.0,0.0,0.0
2018-11-30,0.4363234281654636,0.5636765718345365,UNIVERSAL_MIXTURE_BUDGET_AVAILABLE,1342,0.0,0.0,0.0,0.0,0.0
2018-12-03,0.43632342816546377,0.5636765718345362,UNIVERSAL_MIXTURE_BUDGET_AVAILABLE,1343,0.0,0.0,0.0,0.0,0.0
2018-12-04,0.43632342816546377,0.5636765718345362,UNIVERSAL_MIXTURE_BUDGET_AVAILABLE,1344,0.0,0.0,0.0,0.0,0.0
2018-12-05,0.4363234281654638,0.5636765718345362,UNIVERSAL_MIXTURE_BUDGET_AVAILABLE,1345,0.0,0.0,0.0,0.0,0.0
2018-12-06,0.43632342816546377,0.5636765718345362,UNIVERSAL_MIXTURE_BUDGET_AVAILABLE,1346,0.0,0.0,0.0,0.0,0.0
2018-12-07,0.43632342816546377,0.5636765718345362,UNIVERSAL_MIXTURE_BUDGET_AVAILABLE,1347,0.0,0.0,0.0,0.0,0.0
2018-12-10,0.4363234281654637,0.5636765718345362,UNIVERSAL_MIXTURE_BUDGET_AVAILABLE,1348,0.0,0.0,0.0,0.0,0.0
2018-12-11,0.4363234281654639,0.5636765718345361,UNIVERSAL_MIXTURE_BUDGET_AVAILABLE,1349,0.0,0.0,0.0,0.0,0.0
2018-12-12,0.4363234281654637,0.5636765718345362,UNIVERSAL_MIXTURE_BUDGET_AVAILABLE,1350,0.0,0.0,0.0,0.0,0.0
2018-12-13,0.43632342816546377,0.5636765718345362,UNIVERSAL_MIXTURE_BUDGET_AVAILABLE,1351,0.0,0.0,0.0,0.0,0.0
2018-12-14,0.43632342816546377,0.5636765718345362,UNIVERSAL_MIXTURE_BUDGET_AVAILABLE,1352,0.0,0.0,0.0,0.0,0.0
2018-12-17,0.4363234281654638,0.5636765718345362,UNIVERSAL_MIXTURE_BUDGET_AVAILABLE,1353,0.0,0.0,0.0,0.0,0.0
2018-12-18,0.43632342816546377,0.5636765718345362,UNIVERSAL_MIXTURE_BUDGET_AVAILABLE,1354,0.0,0.0,0.0,0.0,0.0
2018-12-19,0.43632342816546377,0.5636765718345362,UNIVERSAL_MIXTURE_BUDGET_AVAILABLE,1355,0.0,0.0,0.0,0.0,0.0
2018-12-20,0.4363234281654638,0.5636765718345362,UNIVERSAL_MIXTURE_BUDGET_AVAILABLE,1356,0.0,0.0,0.0,0.0,0.0
2018-12-21,0.4363234281654637,0.5636765718345362,UNIVERSAL_MIXTURE_BUDGET_AVAILABLE,1357,0.0,0.0,0.0,0.0,0.0
2018-12-24,0.4363234281654637,0.5636765718345362,UNIVERSAL_MIXTURE_BUDGET_AVAILABLE,1358,0.0,0.0,0.0,0.0,0.0
2018-12-25,0.43632342816546377,0.5636765718345362,UNIVERSAL_MIXTURE_BUDGET_AVAILABLE,1359,0.0,0.0,0.0,0.0,0.0
2018-12-26,0.4363234281654638,0.5636765718345362,UNIVERSAL_MIXTURE_BUDGET_AVAILABLE,1360,0.0,0.0,0.0,0.0,0.0
2018-12-27,0.43632342816546377,0.5636765718345362,UNIVERSAL_MIXTURE_BUDGET_AVAILABLE,1361,0.0,0.0,0.0,0.0,0.0
2018-12-28,0.4363234281654638,0.5636765718345362,UNIVERSAL_MIXTURE_BUDGET_AVAILABLE,1362,0.0,0.0,0.0,0.0,0.0
2019-01-02,0.4363234281654637,0.5636765718345362,UNIVERSAL_MIXTURE_BUDGET_AVAILABLE,1363,0.0,0.0,0.0,0.0,0.0
2019-01-03,0.43632342816546377,0.5636765718345362,UNIVERSAL_MIXTURE_BUDGET_AVAILABLE,1364,0.0,0.0,0.0,0.0,0.0
2019-01-04,0.43632342816546377,0.5636765718345362,UNIVERSAL_MIXTURE_BUDGET_AVAILABLE,1365,0.0,0.0,0.0,0.0,0.0
2019-01-07,0.4363234281654637,0.5636765718345362,UNIVERSAL_MIXTURE_BUDGET_AVAILABLE,1366,0.0,0.0,0.0,0.0,0.0
2019-01-08,0.4363234281654636,0.5636765718345365,UNIVERSAL_MIXTURE_BUDGET_AVAILABLE,1367,0.0,0.0,0.0,0.0,0.0
2019-01-09,0.43632342816546377,0.5636765718345362,UNIVERSAL_MIXTURE_BUDGET_AVAILABLE,1368,0.0,0.0,0.0,0.0,0.0
2019-01-10,0.43632342816546377,0.5636765718345362,UNIVERSAL_MIXTURE_BUDGET_AVAILABLE,1369,0.0,0.0,0.0,0.0,0.0
2019-01-11,0.4363234281654638,0.5636765718345362,UNIVERSAL_MIXTURE_BUDGET_AVAILABLE,1370,0.0,0.0,0.0,0.0,0.0
2019-01-14,0.4363234281654638,0.5636765718345362,UNIVERSAL_MIXTURE_BUDGET_AVAILABLE,1371,0.0,0.0,0.0,0.0,0.0
2019-01-15,0.43632342816546377,0.5636765718345362,UNIVERSAL_MIXTURE_BUDGET_AVAILABLE,1372,0.0,0.0,0.0,0.0,0.0
2019-01-16,0.4363234281654637,0.5636765718345362,UNIVERSAL_MIXTURE_BUDGET_AVAILABLE,1373,0.0,0.0,0.0,0.0,0.0
2019-01-17,0.43632342816546377,0.5636765718345362,UNIVERSAL_MIXTURE_BUDGET_AVAILABLE,1374,0.0,0.0,0.0,0.0,0.0
2019-01-18,0.4363234281654638,0.5636765718345362,UNIVERSAL_MIXTURE_BUDGET_AVAILABLE,1375,0.0,0.0,0.0,0.0,0.0
2019-01-21,0.4363234281654638,0.5636765718345362,UNIVERSAL_MIXTURE_BUDGET_AVAILABLE,1376,0.0,0.0,0.0,0.0,0.0
2019-01-22,0.4363234281654638,0.5636765718345362,UNIVERSAL_MIXTURE_BUDGET_AVAILABLE,1377,0.0,0.0,0.0,0.0,0.0
2019-01-23,0.4363234281654638,0.5636765718345362,UNIVERSAL_MIXTURE_BUDGET_AVAILABLE,1378,0.0,0.0,0.0,0.0,0.0
2019-01-24,0.4363234281654638,0.5636765718345362,UNIVERSAL_MIXTURE_BUDGET_AVAILABLE,1379,0.0,0.0,0.0,0.0,0.0
2019-01-25,0.4363234281654637,0.5636765718345362,UNIVERSAL_MIXTURE_BUDGET_AVAILABLE,1380,0.0,0.0,0.0,0.0,0.0
2019-01-28,0.4363234281654638,0.5636765718345362,UNIVERSAL_MIXTURE_BUDGET_AVAILABLE,1381,0.0,0.0,0.0,0.0,0.0
2019-01-29,0.4363234281654637,0.5636765718345362,UNIVERSAL_MIXTURE_BUDGET_AVAILABLE,1382,0.0,0.0,0.0,0.0,0.0
2019-01-30,0.43632342816546377,0.5636765718345362,UNIVERSAL_MIXTURE_BUDGET_AVAILABLE,1383,0.0,0.0,0.0,0.0,0.0
2019-01-31,0.4363234281654639,0.5636765718345361,UNIVERSAL_MIXTURE_BUDGET_AVAILABLE,1384,0.0,0.0,0.0,0.0,0.0
2019-02-01,0.4363234281654638,0.5636765718345362,UNIVERSAL_MIXTURE_BUDGET_AVAILABLE,1385,0.0,0.0,0.0,0.0,0.0
2019-02-11,0.4363234281654639,0.5636765718345361,UNIVERSAL_MIXTURE_BUDGET_AVAILABLE,1386,0.0,0.0,0.0,0.0,0.0
2019-02-12,0.43632342816546377,0.5636765718345362,UNIVERSAL_MIXTURE_BUDGET_AVAILABLE,1387,0.0,0.0,0.0,0.0,0.0
2019-02-13,0.43632342816546366,0.5636765718345363,UNIVERSAL_MIXTURE_BUDGET_AVAILABLE,1388,0.0,0.0,0.0,0.0,0.0
2019-02-14,0.43632342816546393,0.563676571834536,UNIVERSAL_MIXTURE_BUDGET_AVAILABLE,1389,0.0,0.0,0.0,0.0,0.0
2019-02-15,0.43632342816546377,0.5636765718345362,UNIVERSAL_MIXTURE_BUDGET_AVAILABLE,1390,0.0,0.0,0.0,0.0,0.0
2019-02-18,0.43632342816546377,0.5636765718345362,UNIVERSAL_MIXTURE_BUDGET_AVAILABLE,1391,0.0,0.0,0.0,0.0,0.0
2019-02-19,0.4363234281654637,0.5636765718345362,UNIVERSAL_MIXTURE_BUDGET_AVAILABLE,1392,0.0,0.0,0.0,0.0,0.0
2019-02-20,0.4363234281654637,0.5636765718345362,UNIVERSAL_MIXTURE_BUDGET_AVAILABLE,1393,0.0,0.0,0.0,0.0,0.0
2019-02-21,0.43632342816546377,0.5636765718345362,UNIVERSAL_MIXTURE_BUDGET_AVAILABLE,1394,0.0,0.0,0.0,0.0,0.0
2019-02-22,0.43632342816546377,0.5636765718345362,UNIVERSAL_MIXTURE_BUDGET_AVAILABLE,1395,0.0,0.0,0.0,0.0,0.0
2019-02-25,0.4363234281654637,0.5636765718345362,UNIVERSAL_MIXTURE_BUDGET_AVAILABLE,1396,0.0,0.0,0.0,0.0,0.0
2019-02-26,0.43632342816546377,0.5636765718345362,UNIVERSAL_MIXTURE_BUDGET_AVAILABLE,1397,0.0,0.0,0.0,0.0,0.0
2019-02-27,0.4363234281654637,0.5636765718345362,UNIVERSAL_MIXTURE_BUDGET_AVAILABLE,1398,0.0,1.0,0.5636765718345362,0.0,0.0
2019-02-28,0.4365152105167259,0.5634847894832741,UNIVERSAL_MIXTURE_BUDGET_AVAILABLE,1399,0.0,1.0,0.5634847894832741,0.0,-0.0023768410080243774
2019-03-01,0.4348851714980876,0.5651148285019124,UNIVERSAL_MIXTURE_BUDGET_AVAILABLE,1400,0.0,1.0,0.5651148285019124,0.0,0.02045840352454964
2019-03-04,0.4340511904065516,0.5659488095934484,UNIVERSAL_MIXTURE_BUDGET_AVAILABLE,1401,0.0,1.0,0.5659488095934484,0.0,0.01042508915211271
2019-03-05,0.43337376551580903,0.566626234484191,UNIVERSAL_MIXTURE_BUDGET_AVAILABLE,1402,0.0,1.0,0.566626234484191,0.0,0.008465664002341278
2019-03-06,0.4328278377186319,0.5671721622813681,UNIVERSAL_MIXTURE_BUDGET_AVAILABLE,1403,0.0,1.0,0.5671721622813681,0.0,0.006820611000877941
2019-03-07,0.43371214536435,0.56628785463565,UNIVERSAL_MIXTURE_BUDGET_AVAILABLE,1404,0.0,1.0,0.56628785463565,0.0,-0.010943270288625295
2019-03-08,0.4365632738527381,0.5634367261472619,UNIVERSAL_MIXTURE_BUDGET_AVAILABLE,1405,0.0,0.0,0.0,0.0,-0.03477367289423272
2019-03-11,0.4366233875288468,0.5633766124711532,UNIVERSAL_MIXTURE_BUDGET_AVAILABLE,1406,0.0,0.0,0.0,0.0,-0.0007455836486752743
2019-03-12,0.43662338752884683,0.5633766124711532,UNIVERSAL_MIXTURE_BUDGET_AVAILABLE,1407,0.0,0.0,0.0,0.0,0.0
2019-03-13,0.43662338752884683,0.5633766124711532,UNIVERSAL_MIXTURE_BUDGET_AVAILABLE,1408,0.0,0.0,0.0,0.0,0.0
2019-03-14,0.4366233875288469,0.5633766124711531,UNIVERSAL_MIXTURE_BUDGET_AVAILABLE,1409,0.0,0.0,0.0,0.0,0.0
2019-03-15,0.4366233875288468,0.5633766124711532,UNIVERSAL_MIXTURE_BUDGET_AVAILABLE,1410,0.0,0.0,0.0,0.0,0.0
2019-03-18,0.43662338752884683,0.5633766124711532,UNIVERSAL_MIXTURE_BUDGET_AVAILABLE,1411,0.0,0.0,0.0,0.0,0.0
2019-03-19,0.4366233875288469,0.5633766124711531,UNIVERSAL_MIXTURE_BUDGET_AVAILABLE,1412,0.0,0.0,0.0,0.0,0.0
2019-03-20,0.4366233875288468,0.5633766124711532,UNIVERSAL_MIXTURE_BUDGET_AVAILABLE,1413,0.0,0.0,0.0,0.0,0.0
2019-03-21,0.43662338752884683,0.5633766124711532,UNIVERSAL_MIXTURE_BUDGET_AVAILABLE,1414,0.0,0.0,0.0,0.0,0.0
2019-03-22,0.43662338752884683,0.5633766124711532,UNIVERSAL_MIXTURE_BUDGET_AVAILABLE,1415,0.0,0.0,0.0,0.0,0.0
2019-03-25,0.43662338752884683,0.5633766124711532,UNIVERSAL_MIXTURE_BUDGET_AVAILABLE,1416,0.0,0.0,0.0,0.0,0.0
2019-03-26,0.43662338752884683,0.5633766124711532,UNIVERSAL_MIXTURE_BUDGET_AVAILABLE,1417,0.0,0.0,0.0,0.0,0.0
2019-03-27,0.43662338752884683,0.5633766124711532,UNIVERSAL_MIXTURE_BUDGET_AVAILABLE,1418,0.0,0.0,0.0,0.0,0.0
2019-03-28,0.4366233875288468,0.5633766124711532,UNIVERSAL_MIXTURE_BUDGET_AVAILABLE,1419,0.0,0.0,0.0,0.0,0.0
2019-03-29,0.4366233875288468,0.5633766124711532,UNIVERSAL_MIXTURE_BUDGET_AVAILABLE,1420,0.0,0.0,0.0,0.0,0.0
2019-04-01,0.4366233875288469,0.5633766124711531,UNIVERSAL_MIXTURE_BUDGET_AVAILABLE,1421,0.0,0.0,0.0,0.0,0.0
2019-04-02,0.43662338752884683,0.5633766124711532,UNIVERSAL_MIXTURE_BUDGET_AVAILABLE,1422,0.0,0.0,0.0,0.0,0.0
2019-04-03,0.4366233875288468,0.5633766124711532,UNIVERSAL_MIXTURE_BUDGET_AVAILABLE,1423,0.0,0.0,0.0,0.0,0.0
2019-04-04,0.4366233875288469,0.5633766124711531,UNIVERSAL_MIXTURE_BUDGET_AVAILABLE,1424,0.0,0.0,0.0,0.0,0.0
2019-04-08,0.43662338752884694,0.563376612471153,UNIVERSAL_MIXTURE_BUDGET_AVAILABLE,1425,0.0,0.0,0.0,0.0,0.0
2019-04-09,0.4366233875288467,0.5633766124711532,UNIVERSAL_MIXTURE_BUDGET_AVAILABLE,1426,0.0,0.0,0.0,0.0,0.0
2019-04-10,0.4366233875288468,0.5633766124711532,UNIVERSAL_MIXTURE_BUDGET_AVAILABLE,1427,0.0,0.0,0.0,0.0,0.0
2019-04-11,0.4366233875288469,0.5633766124711531,UNIVERSAL_MIXTURE_BUDGET_AVAILABLE,1428,0.0,0.0,0.0,0.0,0.0
2019-04-12,0.43662338752884683,0.5633766124711532,UNIVERSAL_MIXTURE_BUDGET_AVAILABLE,1429,0.0,0.0,0.0,0.0,0.0
2019-04-15,0.4366233875288467,0.5633766124711532,UNIVERSAL_MIXTURE_BUDGET_AVAILABLE,1430,0.0,0.0,0.0,0.0,0.0
2019-04-16,0.4366233875288469,0.5633766124711531,UNIVERSAL_MIXTURE_BUDGET_AVAILABLE,1431,0.0,0.0,0.0,0.0,0.0
2019-04-17,0.4366233875288469,0.5633766124711531,UNIVERSAL_MIXTURE_BUDGET_AVAILABLE,1432,0.0,0.0,0.0,0.0,0.0
2019-04-18,0.4366233875288468,0.5633766124711532,UNIVERSAL_MIXTURE_BUDGET_AVAILABLE,1433,0.0,0.0,0.0,0.0,0.0
2019-04-19,0.436623387528847,0.563376612471153,UNIVERSAL_MIXTURE_BUDGET_AVAILABLE,1434,0.0,0.0,0.0,0.0,0.0
2019-04-22,0.4366233875288467,0.5633766124711532,UNIVERSAL_MIXTURE_BUDGET_AVAILABLE,1435,0.0,0.0,0.0,0.0,0.0
2019-04-23,0.4366233875288468,0.5633766124711532,UNIVERSAL_MIXTURE_BUDGET_AVAILABLE,1436,0.0,0.0,0.0,0.0,0.0
2019-04-24,0.43662338752884694,0.563376612471153,UNIVERSAL_MIXTURE_BUDGET_AVAILABLE,1437,0.0,0.0,0.0,0.0,0.0
2019-04-25,0.43662338752884683,0.5633766124711532,UNIVERSAL_MIXTURE_BUDGET_AVAILABLE,1438,0.0,0.0,0.0,0.0,0.0
2019-04-26,0.4366233875288469,0.5633766124711531,UNIVERSAL_MIXTURE_BUDGET_AVAILABLE,1439,0.0,0.0,0.0,0.0,0.0
2019-04-29,0.4366233875288469,0.5633766124711531,UNIVERSAL_MIXTURE_BUDGET_AVAILABLE,1440,0.0,0.0,0.0,0.0,0.0
2019-04-30,0.43662338752884694,0.563376612471153,UNIVERSAL_MIXTURE_BUDGET_AVAILABLE,1441,0.0,0.0,0.0,0.0,0.0
2019-05-06,0.4366233875288469,0.5633766124711531,UNIVERSAL_MIXTURE_BUDGET_AVAILABLE,1442,0.0,0.0,0.0,0.0,0.0
2019-05-07,0.4366233875288469,0.5633766124711531,UNIVERSAL_MIXTURE_BUDGET_AVAILABLE,1443,0.0,0.0,0.0,0.0,0.0
2019-05-08,0.4366233875288468,0.5633766124711532,UNIVERSAL_MIXTURE_BUDGET_AVAILABLE,1444,0.0,0.0,0.0,0.0,0.0
2019-05-09,0.4366233875288469,0.5633766124711531,UNIVERSAL_MIXTURE_BUDGET_AVAILABLE,1445,0.0,0.0,0.0,0.0,0.0
2019-05-10,0.4366233875288468,0.5633766124711532,UNIVERSAL_MIXTURE_BUDGET_AVAILABLE,1446,0.0,0.0,0.0,0.0,0.0
2019-05-13,0.4366233875288467,0.5633766124711532,UNIVERSAL_MIXTURE_BUDGET_AVAILABLE,1447,0.0,0.0,0.0,0.0,0.0
2019-05-14,0.43662338752884694,0.563376612471153,UNIVERSAL_MIXTURE_BUDGET_AVAILABLE,1448,0.0,0.0,0.0,0.0,0.0
2019-05-15,0.43662338752884683,0.5633766124711532,UNIVERSAL_MIXTURE_BUDGET_AVAILABLE,1449,0.0,0.0,0.0,0.0,0.0
2019-05-16,0.4366233875288467,0.5633766124711532,UNIVERSAL_MIXTURE_BUDGET_AVAILABLE,1450,0.0,0.0,0.0,0.0,0.0
2019-05-17,0.4366233875288468,0.5633766124711532,UNIVERSAL_MIXTURE_BUDGET_AVAILABLE,1451,0.0,0.0,0.0,0.0,0.0
2019-05-20,0.4366233875288468,0.5633766124711532,UNIVERSAL_MIXTURE_BUDGET_AVAILABLE,1452,0.0,0.0,0.0,0.0,0.0
2019-05-21,0.43662338752884683,0.5633766124711532,UNIVERSAL_MIXTURE_BUDGET_AVAILABLE,1453,0.0,0.0,0.0,0.0,0.0
2019-05-22,0.43662338752884683,0.5633766124711532,UNIVERSAL_MIXTURE_BUDGET_AVAILABLE,1454,0.0,0.0,0.0,0.0,0.0
2019-05-23,0.4366233875288468,0.5633766124711532,UNIVERSAL_MIXTURE_BUDGET_AVAILABLE,1455,0.0,0.0,0.0,0.0,0.0
2019-05-24,0.43662338752884683,0.5633766124711532,UNIVERSAL_MIXTURE_BUDGET_AVAILABLE,1456,0.0,0.0,0.0,0.0,0.0
2019-05-27,0.4366233875288469,0.5633766124711531,UNIVERSAL_MIXTURE_BUDGET_AVAILABLE,1457,0.0,0.0,0.0,0.0,0.0
2019-05-28,0.4366233875288468,0.5633766124711532,UNIVERSAL_MIXTURE_BUDGET_AVAILABLE,1458,0.0,0.0,0.0,0.0,0.0
2019-05-29,0.4366233875288467,0.5633766124711532,UNIVERSAL_MIXTURE_BUDGET_AVAILABLE,1459,0.0,0.0,0.0,0.0,0.0
2019-05-30,0.4366233875288468,0.5633766124711532,UNIVERSAL_MIXTURE_BUDGET_AVAILABLE,1460,0.0,1.0,0.5633766124711532,0.0,0.0
2019-05-31,0.4369046450208402,0.5630953549791597,UNIVERSAL_MIXTURE_BUDGET_AVAILABLE,1461,0.0,1.0,0.5630953549791597,0.0,-0.0034828303070469913
2019-06-03,0.4367277785300315,0.5632722214699686,UNIVERSAL_MIXTURE_BUDGET_AVAILABLE,1462,0.0,1.0,0.5632722214699686,0.0,0.0021965953169207353
2019-06-04,0.4374602643903767,0.5625397356096233,UNIVERSAL_MIXTURE_BUDGET_AVAILABLE,1463,0.0,1.0,0.5625397356096233,0.0,-0.009041096053047482
2019-06-05,0.43763888697640285,0.5623611130235971,UNIVERSAL_MIXTURE_BUDGET_AVAILABLE,1464,0.0,1.0,0.5623611130235971,0.0,-0.002211777756489286
2019-06-06,0.4383351978351604,0.5616648021648396,UNIVERSAL_MIXTURE_BUDGET_AVAILABLE,1465,0.0,1.0,0.5616648021648396,0.0,-0.00858963717483563
2019-06-10,0.43730482840988444,0.5626951715901156,UNIVERSAL_MIXTURE_BUDGET_AVAILABLE,1466,0.0,1.0,0.5626951715901156,0.0,0.012856344562360622
2019-06-11,0.4348335315265521,0.5651664684734479,UNIVERSAL_MIXTURE_BUDGET_AVAILABLE,1467,0.0,1.0,0.5651664684734479,0.0,0.03118101601746548
2019-06-12,0.43543893080551815,0.5645610691944818,UNIVERSAL_MIXTURE_BUDGET_AVAILABLE,1468,0.0,1.0,0.5645610691944818,0.0,-0.007492641287651813
2019-06-13,0.4355910271428816,0.5644089728571184,UNIVERSAL_MIXTURE_BUDGET_AVAILABLE,1469,0.0,1.0,0.5644089728571184,0.0,-0.0018873011927518224
2019-06-14,0.4360711171625011,0.5639288828374989,UNIVERSAL_MIXTURE_BUDGET_AVAILABLE,1470,0.0,1.0,0.5639288828374989,0.0,-0.005942733762882346
2019-06-17,0.4360054803155886,0.5639945196844114,UNIVERSAL_MIXTURE_BUDGET_AVAILABLE,1471,0.0,1.0,0.5639945196844114,0.0,0.0008152174058493333
2019-06-18,0.4358307357954665,0.5641692642045335,UNIVERSAL_MIXTURE_BUDGET_AVAILABLE,1472,0.0,1.0,0.5641692642045335,0.0,0.0021721423140428353
2019-06-19,0.4346621647932203,0.5653378352067797,UNIVERSAL_MIXTURE_BUDGET_AVAILABLE,1473,0.0,1.0,0.5653378352067797,0.0,0.014630181782875562
2019-06-20,0.43237953025172254,0.5676204697482774,UNIVERSAL_MIXTURE_BUDGET_AVAILABLE,1474,0.0,1.0,0.5676204697482774,0.0,0.028838451773961493
2019-06-21,0.4322338653460828,0.5677661346539171,UNIVERSAL_MIXTURE_BUDGET_AVAILABLE,1475,0.0,1.0,0.5677661346539171,0.0,0.0018167661872010576
2019-06-24,0.4321092357863612,0.5678907642136388,UNIVERSAL_MIXTURE_BUDGET_AVAILABLE,1476,0.0,1.0,0.5678907642136388,0.0,0.0015544041715178647
2019-06-25,0.43292334726757803,0.567076652732422,UNIVERSAL_MIXTURE_BUDGET_AVAILABLE,1477,0.0,1.0,0.567076652732422,0.0,-0.010087946368949163
2019-06-26,0.43290236685499905,0.567097633145001,UNIVERSAL_MIXTURE_BUDGET_AVAILABLE,1478,0.0,1.0,0.567097633145001,0.0,0.00026130128485912785
2019-06-27,0.4320267556120566,0.5679732443879434,UNIVERSAL_MIXTURE_BUDGET_AVAILABLE,1479,0.0,1.0,0.5679732443879434,0.0,0.010971787022045376
2019-06-28,0.4320474903980515,0.5679525096019484,UNIVERSAL_MIXTURE_BUDGET_AVAILABLE,1480,0.0,1.0,0.5679525096019484,0.0,-0.0002583979372006162
2019-07-01,0.4301045206236206,0.5698954793763794,UNIVERSAL_MIXTURE_BUDGET_AVAILABLE,1481,0.0,1.0,0.5698954793763794,0.0,0.024554148775442153
2019-07-02,0.4299834244150116,0.5700165755849884,UNIVERSAL_MIXTURE_BUDGET_AVAILABLE,1482,0.0,1.0,0.5700165755849884,0.0,0.001513622628501965
2019-07-03,0.4306521054754167,0.5693478945245833,UNIVERSAL_MIXTURE_BUDGET_AVAILABLE,1483,0.0,1.0,0.5693478945245833,0.0,-0.008312342706744302
2019-07-04,0.43118320415312256,0.5688167958468775,UNIVERSAL_MIXTURE_BUDGET_AVAILABLE,1484,0.0,0.0,0.0,0.0,-0.006604013318163293
2019-07-05,0.43126071510283553,0.5687392848971644,UNIVERSAL_MIXTURE_BUDGET_AVAILABLE,1485,0.0,0.0,0.0,0.0,-0.0009664024708391228
2019-07-08,0.43126071510283553,0.5687392848971644,UNIVERSAL_MIXTURE_BUDGET_AVAILABLE,1486,0.0,0.0,0.0,0.0,0.0
2019-07-09,0.4312607151028355,0.5687392848971645,UNIVERSAL_MIXTURE_BUDGET_AVAILABLE,1487,0.0,0.0,0.0,0.0,0.0
2019-07-10,0.43126071510283553,0.5687392848971644,UNIVERSAL_MIXTURE_BUDGET_AVAILABLE,1488,0.0,0.0,0.0,0.0,0.0
2019-07-11,0.4312607151028355,0.5687392848971645,UNIVERSAL_MIXTURE_BUDGET_AVAILABLE,1489,0.0,0.0,0.0,0.0,0.0
2019-07-12,0.43126071510283553,0.5687392848971644,UNIVERSAL_MIXTURE_BUDGET_AVAILABLE,1490,0.0,0.0,0.0,0.0,0.0
2019-07-15,0.4312607151028356,0.5687392848971644,UNIVERSAL_MIXTURE_BUDGET_AVAILABLE,1491,0.0,0.0,0.0,0.0,0.0
2019-07-16,0.4312607151028356,0.5687392848971644,UNIVERSAL_MIXTURE_BUDGET_AVAILABLE,1492,0.0,0.0,0.0,0.0,0.0
2019-07-17,0.43126071510283565,0.5687392848971644,UNIVERSAL_MIXTURE_BUDGET_AVAILABLE,1493,0.0,0.0,0.0,0.0,0.0
2019-07-18,0.43126071510283553,0.5687392848971644,UNIVERSAL_MIXTURE_BUDGET_AVAILABLE,1494,0.0,0.0,0.0,0.0,0.0
2019-07-19,0.43126071510283553,0.5687392848971644,UNIVERSAL_MIXTURE_BUDGET_AVAILABLE,1495,0.0,0.0,0.0,0.0,0.0
2019-07-22,0.4312607151028356,0.5687392848971644,UNIVERSAL_MIXTURE_BUDGET_AVAILABLE,1496,0.0,0.0,0.0,0.0,0.0
2019-07-23,0.4312607151028355,0.5687392848971645,UNIVERSAL_MIXTURE_BUDGET_AVAILABLE,1497,0.0,0.0,0.0,0.0,0.0
2019-07-24,0.4312607151028356,0.5687392848971644,UNIVERSAL_MIXTURE_BUDGET_AVAILABLE,1498,0.0,0.0,0.0,0.0,0.0
2019-07-25,0.43126071510283553,0.5687392848971644,UNIVERSAL_MIXTURE_BUDGET_AVAILABLE,1499,0.0,0.0,0.0,0.0,0.0
2019-07-26,0.43126071510283553,0.5687392848971644,UNIVERSAL_MIXTURE_BUDGET_AVAILABLE,1500,0.0,0.0,0.0,0.0,0.0
2019-07-29,0.43126071510283553,0.5687392848971644,UNIVERSAL_MIXTURE_BUDGET_AVAILABLE,1501,0.0,0.0,0.0,0.0,0.0
2019-07-30,0.43126071510283553,0.5687392848971644,UNIVERSAL_MIXTURE_BUDGET_AVAILABLE,1502,0.0,0.0,0.0,0.0,0.0
2019-07-31,0.43126071510283565,0.5687392848971644,UNIVERSAL_MIXTURE_BUDGET_AVAILABLE,1503,0.0,0.0,0.0,0.0,0.0
2019-08-01,0.4312607151028355,0.5687392848971645,UNIVERSAL_MIXTURE_BUDGET_AVAILABLE,1504,0.0,0.0,0.0,0.0,0.0
2019-08-02,0.4312607151028355,0.5687392848971645,UNIVERSAL_MIXTURE_BUDGET_AVAILABLE,1505,0.0,0.0,0.0,0.0,0.0
2019-08-05,0.4312607151028356,0.5687392848971644,UNIVERSAL_MIXTURE_BUDGET_AVAILABLE,1506,0.0,0.0,0.0,0.0,0.0
2019-08-06,0.4312607151028355,0.5687392848971645,UNIVERSAL_MIXTURE_BUDGET_AVAILABLE,1507,0.0,0.0,0.0,0.0,0.0
2019-08-07,0.43126071510283553,0.5687392848971644,UNIVERSAL_MIXTURE_BUDGET_AVAILABLE,1508,0.0,0.0,0.0,0.0,0.0
2019-08-08,0.43126071510283553,0.5687392848971644,UNIVERSAL_MIXTURE_BUDGET_AVAILABLE,1509,0.0,0.0,0.0,0.0,0.0
2019-08-09,0.4312607151028354,0.5687392848971646,UNIVERSAL_MIXTURE_BUDGET_AVAILABLE,1510,0.0,0.0,0.0,0.0,0.0
2019-08-12,0.4312607151028355,0.5687392848971645,UNIVERSAL_MIXTURE_BUDGET_AVAILABLE,1511,0.0,0.0,0.0,0.0,0.0
2019-08-13,0.43126071510283553,0.5687392848971644,UNIVERSAL_MIXTURE_BUDGET_AVAILABLE,1512,0.0,0.0,0.0,0.0,0.0
2019-08-14,0.43126071510283553,0.5687392848971644,UNIVERSAL_MIXTURE_BUDGET_AVAILABLE,1513,0.0,0.0,0.0,0.0,0.0
2019-08-15,0.4312607151028356,0.5687392848971644,UNIVERSAL_MIXTURE_BUDGET_AVAILABLE,1514,0.0,0.0,0.0,0.0,0.0
2019-08-16,0.4312607151028356,0.5687392848971644,UNIVERSAL_MIXTURE_BUDGET_AVAILABLE,1515,0.0,0.0,0.0,0.0,0.0
2019-08-19,0.43126071510283537,0.5687392848971646,UNIVERSAL_MIXTURE_BUDGET_AVAILABLE,1516,0.0,0.0,0.0,0.0,0.0
2019-08-20,0.4312607151028355,0.5687392848971645,UNIVERSAL_MIXTURE_BUDGET_AVAILABLE,1517,0.0,0.0,0.0,0.0,0.0
2019-08-21,0.4312607151028354,0.5687392848971646,UNIVERSAL_MIXTURE_BUDGET_AVAILABLE,1518,0.0,0.0,0.0,0.0,0.0
2019-08-22,0.43126071510283553,0.5687392848971644,UNIVERSAL_MIXTURE_BUDGET_AVAILABLE,1519,0.0,0.0,0.0,0.0,0.0
2019-08-23,0.4312607151028356,0.5687392848971644,UNIVERSAL_MIXTURE_BUDGET_AVAILABLE,1520,0.0,0.0,0.0,0.0,0.0
2019-08-26,0.4312607151028355,0.5687392848971645,UNIVERSAL_MIXTURE_BUDGET_AVAILABLE,1521,0.0,0.0,0.0,0.0,0.0
2019-08-27,0.43126071510283553,0.5687392848971644,UNIVERSAL_MIXTURE_BUDGET_AVAILABLE,1522,0.0,0.0,0.0,0.0,0.0
2019-08-28,0.4312607151028356,0.5687392848971644,UNIVERSAL_MIXTURE_BUDGET_AVAILABLE,1523,0.0,0.0,0.0,0.0,0.0
2019-08-29,0.4312607151028354,0.5687392848971646,UNIVERSAL_MIXTURE_BUDGET_AVAILABLE,1524,0.0,0.0,0.0,0.0,0.0
2019-08-30,0.4312607151028355,0.5687392848971645,UNIVERSAL_MIXTURE_BUDGET_AVAILABLE,1525,0.0,0.0,0.0,0.0,0.0
2019-09-02,0.4312607151028355,0.5687392848971645,UNIVERSAL_MIXTURE_BUDGET_AVAILABLE,1526,0.0,0.0,0.0,0.0,0.0
2019-09-03,0.43126071510283553,0.5687392848971644,UNIVERSAL_MIXTURE_BUDGET_AVAILABLE,1527,0.0,0.0,0.0,0.0,0.0
2019-09-04,0.4312607151028357,0.5687392848971643,UNIVERSAL_MIXTURE_BUDGET_AVAILABLE,1528,0.0,0.0,0.0,0.0,0.0
2019-09-05,0.4312607151028356,0.5687392848971644,UNIVERSAL_MIXTURE_BUDGET_AVAILABLE,1529,0.0,0.0,0.0,0.0,0.0
2019-09-06,0.43126071510283553,0.5687392848971644,UNIVERSAL_MIXTURE_BUDGET_AVAILABLE,1530,0.0,0.0,0.0,0.0,0.0
2019-09-09,0.43126071510283553,0.5687392848971644,UNIVERSAL_MIXTURE_BUDGET_AVAILABLE,1531,0.0,0.0,0.0,0.0,0.0
2019-09-10,0.4312607151028356,0.5687392848971644,UNIVERSAL_MIXTURE_BUDGET_AVAILABLE,1532,0.0,0.0,0.0,0.0,0.0
2019-09-11,0.43126071510283553,0.5687392848971644,UNIVERSAL_MIXTURE_BUDGET_AVAILABLE,1533,0.0,0.0,0.0,0.0,0.0
2019-09-12,0.43126071510283565,0.5687392848971644,UNIVERSAL_MIXTURE_BUDGET_AVAILABLE,1534,0.0,0.0,0.0,0.0,0.0
2019-09-16,0.4312607151028355,0.5687392848971645,UNIVERSAL_MIXTURE_BUDGET_AVAILABLE,1535,0.0,0.0,0.0,0.0,0.0
2019-09-17,0.43126071510283553,0.5687392848971644,UNIVERSAL_MIXTURE_BUDGET_AVAILABLE,1536,0.0,0.0,0.0,0.0,0.0
2019-09-18,0.4312607151028356,0.5687392848971644,UNIVERSAL_MIXTURE_BUDGET_AVAILABLE,1537,0.0,0.0,0.0,0.0,0.0
2019-09-19,0.43126071510283553,0.5687392848971644,UNIVERSAL_MIXTURE_BUDGET_AVAILABLE,1538,0.0,0.0,0.0,0.0,0.0
2019-09-20,0.43126071510283553,0.5687392848971644,UNIVERSAL_MIXTURE_BUDGET_AVAILABLE,1539,0.0,0.0,0.0,0.0,0.0
2019-09-23,0.4312607151028355,0.5687392848971645,UNIVERSAL_MIXTURE_BUDGET_AVAILABLE,1540,0.0,0.0,0.0,0.0,0.0
2019-09-24,0.4312607151028355,0.5687392848971645,UNIVERSAL_MIXTURE_BUDGET_AVAILABLE,1541,0.0,0.0,0.0,0.0,0.0
2019-09-25,0.4312607151028355,0.5687392848971645,UNIVERSAL_MIXTURE_BUDGET_AVAILABLE,1542,0.0,0.0,0.0,0.0,0.0
2019-09-26,0.4312607151028356,0.5687392848971644,UNIVERSAL_MIXTURE_BUDGET_AVAILABLE,1543,0.0,0.0,0.0,0.0,0.0
2019-09-27,0.4312607151028356,0.5687392848971644,UNIVERSAL_MIXTURE_BUDGET_AVAILABLE,1544,0.0,0.0,0.0,0.0,0.0
2019-09-30,0.43126071510283553,0.5687392848971644,UNIVERSAL_MIXTURE_BUDGET_AVAILABLE,1545,0.0,0.0,0.0,0.0,0.0
2019-10-08,0.43126071510283553,0.5687392848971644,UNIVERSAL_MIXTURE_BUDGET_AVAILABLE,1546,0.0,0.0,0.0,0.0,0.0
2019-10-09,0.43126071510283565,0.5687392848971644,UNIVERSAL_MIXTURE_BUDGET_AVAILABLE,1547,0.0,0.0,0.0,0.0,0.0
2019-10-10,0.4312607151028354,0.5687392848971646,UNIVERSAL_MIXTURE_BUDGET_AVAILABLE,1548,0.0,0.0,0.0,0.0,0.0
2019-10-11,0.43126071510283565,0.5687392848971644,UNIVERSAL_MIXTURE_BUDGET_AVAILABLE,1549,0.0,0.0,0.0,0.0,0.0
2019-10-14,0.4312607151028353,0.5687392848971646,UNIVERSAL_MIXTURE_BUDGET_AVAILABLE,1550,0.0,0.0,0.0,0.0,0.0
2019-10-15,0.43126071510283553,0.5687392848971644,UNIVERSAL_MIXTURE_BUDGET_AVAILABLE,1551,0.0,0.0,0.0,0.0,0.0
2019-10-16,0.4312607151028356,0.5687392848971644,UNIVERSAL_MIXTURE_BUDGET_AVAILABLE,1552,0.0,0.0,0.0,0.0,0.0
2019-10-17,0.43126071510283553,0.5687392848971644,UNIVERSAL_MIXTURE_BUDGET_AVAILABLE,1553,0.0,0.0,0.0,0.0,0.0
2019-10-18,0.4312607151028356,0.5687392848971644,UNIVERSAL_MIXTURE_BUDGET_AVAILABLE,1554,0.0,0.0,0.0,0.0,0.0
2019-10-21,0.43126071510283553,0.5687392848971644,UNIVERSAL_MIXTURE_BUDGET_AVAILABLE,1555,0.0,0.0,0.0,0.0,0.0
2019-10-22,0.4312607151028354,0.5687392848971646,UNIVERSAL_MIXTURE_BUDGET_AVAILABLE,1556,0.0,0.0,0.0,0.0,0.0
2019-10-23,0.43126071510283553,0.5687392848971644,UNIVERSAL_MIXTURE_BUDGET_AVAILABLE,1557,0.0,0.0,0.0,0.0,0.0
2019-10-24,0.43126071510283553,0.5687392848971644,UNIVERSAL_MIXTURE_BUDGET_AVAILABLE,1558,0.0,0.0,0.0,0.0,0.0
2019-10-25,0.4312607151028355,0.5687392848971645,UNIVERSAL_MIXTURE_BUDGET_AVAILABLE,1559,0.0,0.0,0.0,0.0,0.0
2019-10-28,0.4312607151028356,0.5687392848971644,UNIVERSAL_MIXTURE_BUDGET_AVAILABLE,1560,0.0,0.0,0.0,0.0,0.0
2019-10-29,0.4312607151028356,0.5687392848971644,UNIVERSAL_MIXTURE_BUDGET_AVAILABLE,1561,0.0,0.0,0.0,0.0,0.0
2019-10-30,0.43126071510283553,0.5687392848971644,UNIVERSAL_MIXTURE_BUDGET_AVAILABLE,1562,0.0,0.0,0.0,0.0,0.0
2019-10-31,0.4312607151028355,0.5687392848971645,UNIVERSAL_MIXTURE_BUDGET_AVAILABLE,1563,0.0,0.0,0.0,0.0,0.0
2019-11-01,0.4312607151028356,0.5687392848971644,UNIVERSAL_MIXTURE_BUDGET_AVAILABLE,1564,0.0,0.0,0.0,0.0,0.0
2019-11-04,0.43126071510283553,0.5687392848971644,UNIVERSAL_MIXTURE_BUDGET_AVAILABLE,1565,0.0,0.0,0.0,0.0,0.0
2019-11-05,0.4312607151028355,0.5687392848971645,UNIVERSAL_MIXTURE_BUDGET_AVAILABLE,1566,0.0,0.0,0.0,0.0,0.0
2019-11-06,0.4312607151028355,0.5687392848971645,UNIVERSAL_MIXTURE_BUDGET_AVAILABLE,1567,0.0,0.0,0.0,0.0,0.0
2019-11-07,0.4312607151028356,0.5687392848971644,UNIVERSAL_MIXTURE_BUDGET_AVAILABLE,1568,0.0,0.0,0.0,0.0,0.0
2019-11-08,0.43126071510283553,0.5687392848971644,UNIVERSAL_MIXTURE_BUDGET_AVAILABLE,1569,0.0,0.0,0.0,0.0,0.0
2019-11-11,0.4312607151028354,0.5687392848971646,UNIVERSAL_MIXTURE_BUDGET_AVAILABLE,1570,0.0,0.0,0.0,0.0,0.0
2019-11-12,0.4312607151028355,0.5687392848971645,UNIVERSAL_MIXTURE_BUDGET_AVAILABLE,1571,0.0,0.0,0.0,0.0,0.0
2019-11-13,0.43126071510283553,0.5687392848971644,UNIVERSAL_MIXTURE_BUDGET_AVAILABLE,1572,0.0,0.0,0.0,0.0,0.0
2019-11-14,0.4312607151028355,0.5687392848971645,UNIVERSAL_MIXTURE_BUDGET_AVAILABLE,1573,0.0,0.0,0.0,0.0,0.0
2019-11-15,0.43126071510283553,0.5687392848971644,UNIVERSAL_MIXTURE_BUDGET_AVAILABLE,1574,0.0,0.0,0.0,0.0,0.0
2019-11-18,0.4312607151028356,0.5687392848971644,UNIVERSAL_MIXTURE_BUDGET_AVAILABLE,1575,0.0,0.0,0.0,0.0,0.0
2019-11-19,0.43126071510283565,0.5687392848971644,UNIVERSAL_MIXTURE_BUDGET_AVAILABLE,1576,0.0,0.0,0.0,0.0,0.0
2019-11-20,0.4312607151028356,0.5687392848971644,UNIVERSAL_MIXTURE_BUDGET_AVAILABLE,1577,0.0,0.0,0.0,0.0,0.0
2019-11-21,0.43126071510283553,0.5687392848971644,UNIVERSAL_MIXTURE_BUDGET_AVAILABLE,1578,0.0,0.0,0.0,0.0,0.0
2019-11-22,0.4312607151028356,0.5687392848971644,UNIVERSAL_MIXTURE_BUDGET_AVAILABLE,1579,0.0,0.0,0.0,0.0,0.0
2019-11-25,0.4312607151028356,0.5687392848971644,UNIVERSAL_MIXTURE_BUDGET_AVAILABLE,1580,0.0,0.0,0.0,0.0,0.0
2019-11-26,0.43126071510283553,0.5687392848971644,UNIVERSAL_MIXTURE_BUDGET_AVAILABLE,1581,0.0,0.0,0.0,0.0,0.0
2019-11-27,0.4312607151028356,0.5687392848971644,UNIVERSAL_MIXTURE_BUDGET_AVAILABLE,1582,0.0,0.0,0.0,0.0,0.0
2019-11-28,0.4312607151028356,0.5687392848971644,UNIVERSAL_MIXTURE_BUDGET_AVAILABLE,1583,0.0,0.0,0.0,0.0,0.0
2019-11-29,0.4312607151028355,0.5687392848971645,UNIVERSAL_MIXTURE_BUDGET_AVAILABLE,1584,0.0,0.0,0.0,0.0,0.0
2019-12-02,0.43126071510283553,0.5687392848971644,UNIVERSAL_MIXTURE_BUDGET_AVAILABLE,1585,0.0,0.0,0.0,0.0,0.0
2019-12-03,0.43126071510283553,0.5687392848971644,UNIVERSAL_MIXTURE_BUDGET_AVAILABLE,1586,0.0,0.0,0.0,0.0,0.0
2019-12-04,0.43126071510283565,0.5687392848971644,UNIVERSAL_MIXTURE_BUDGET_AVAILABLE,1587,0.0,0.0,0.0,0.0,0.0
2019-12-05,0.4312607151028354,0.5687392848971646,UNIVERSAL_MIXTURE_BUDGET_AVAILABLE,1588,0.0,0.0,0.0,0.0,0.0
2019-12-06,0.4312607151028355,0.5687392848971645,UNIVERSAL_MIXTURE_BUDGET_AVAILABLE,1589,0.0,0.0,0.0,0.0,0.0
2019-12-09,0.4312607151028356,0.5687392848971644,UNIVERSAL_MIXTURE_BUDGET_AVAILABLE,1590,0.0,0.0,0.0,0.0,0.0
2019-12-10,0.43126071510283553,0.5687392848971644,UNIVERSAL_MIXTURE_BUDGET_AVAILABLE,1591,0.0,0.0,0.0,0.0,0.0
2019-12-11,0.4312607151028354,0.5687392848971646,UNIVERSAL_MIXTURE_BUDGET_AVAILABLE,1592,0.0,0.0,0.0,0.0,0.0
2019-12-12,0.4312607151028355,0.5687392848971645,UNIVERSAL_MIXTURE_BUDGET_AVAILABLE,1593,0.0,0.0,0.0,0.0,0.0
2019-12-13,0.43126071510283565,0.5687392848971644,UNIVERSAL_MIXTURE_BUDGET_AVAILABLE,1594,0.0,0.0,0.0,0.0,0.0
2019-12-16,0.4312607151028356,0.5687392848971644,UNIVERSAL_MIXTURE_BUDGET_AVAILABLE,1595,0.0,0.0,0.0,0.0,0.0
2019-12-17,0.43126071510283553,0.5687392848971644,UNIVERSAL_MIXTURE_BUDGET_AVAILABLE,1596,0.0,0.0,0.0,0.0,0.0
2019-12-18,0.4312607151028356,0.5687392848971644,UNIVERSAL_MIXTURE_BUDGET_AVAILABLE,1597,0.0,0.0,0.0,0.0,0.0
2019-12-19,0.4312607151028354,0.5687392848971646,UNIVERSAL_MIXTURE_BUDGET_AVAILABLE,1598,0.0,0.0,0.0,0.0,0.0
2019-12-20,0.4312607151028355,0.5687392848971645,UNIVERSAL_MIXTURE_BUDGET_AVAILABLE,1599,0.0,0.0,0.0,0.0,0.0
2019-12-23,0.4312607151028356,0.5687392848971644,UNIVERSAL_MIXTURE_BUDGET_AVAILABLE,1600,0.0,0.0,0.0,0.0,0.0
2019-12-24,0.4312607151028356,0.5687392848971644,UNIVERSAL_MIXTURE_BUDGET_AVAILABLE,1601,0.0,0.0,0.0,0.0,0.0
2019-12-25,0.4312607151028354,0.5687392848971646,UNIVERSAL_MIXTURE_BUDGET_AVAILABLE,1602,0.0,0.0,0.0,0.0,0.0
2019-12-26,0.43126071510283553,0.5687392848971644,UNIVERSAL_MIXTURE_BUDGET_AVAILABLE,1603,0.0,0.0,0.0,0.0,0.0
2019-12-27,0.4312607151028354,0.5687392848971646,UNIVERSAL_MIXTURE_BUDGET_AVAILABLE,1604,0.0,0.0,0.0,0.0,0.0
2019-12-30,0.4312607151028355,0.5687392848971645,UNIVERSAL_MIXTURE_BUDGET_AVAILABLE,1605,0.0,0.0,0.0,0.0,0.0
2019-12-31,0.43126071510283553,0.5687392848971644,UNIVERSAL_MIXTURE_BUDGET_AVAILABLE,1606,0.0,0.0,0.0,0.0,0.0
2020-01-02,0.43126071510283553,0.5687392848971644,UNIVERSAL_MIXTURE_BUDGET_AVAILABLE,1607,0.0,0.0,0.0,0.0,0.0
2020-01-03,0.43126071510283553,0.5687392848971644,UNIVERSAL_MIXTURE_BUDGET_AVAILABLE,1608,0.0,0.0,0.0,0.0,0.0
2020-01-06,0.43126071510283553,0.5687392848971644,UNIVERSAL_MIXTURE_BUDGET_AVAILABLE,1609,0.0,0.0,0.0,0.0,0.0
2020-01-07,0.43126071510283553,0.5687392848971644,UNIVERSAL_MIXTURE_BUDGET_AVAILABLE,1610,0.0,0.0,0.0,0.0,0.0
2020-01-08,0.4312607151028354,0.5687392848971646,UNIVERSAL_MIXTURE_BUDGET_AVAILABLE,1611,0.0,0.0,0.0,0.0,0.0
2020-01-09,0.43126071510283553,0.5687392848971644,UNIVERSAL_MIXTURE_BUDGET_AVAILABLE,1612,0.0,0.0,0.0,0.0,0.0
2020-01-10,0.43126071510283565,0.5687392848971644,UNIVERSAL_MIXTURE_BUDGET_AVAILABLE,1613,0.0,0.0,0.0,0.0,0.0
2020-01-13,0.4312607151028354,0.5687392848971646,UNIVERSAL_MIXTURE_BUDGET_AVAILABLE,1614,0.0,0.0,0.0,0.0,0.0
2020-01-14,0.4312607151028356,0.5687392848971644,UNIVERSAL_MIXTURE_BUDGET_AVAILABLE,1615,0.0,0.0,0.0,0.0,0.0
2020-01-15,0.43126071510283553,0.5687392848971644,UNIVERSAL_MIXTURE_BUDGET_AVAILABLE,1616,0.0,0.0,0.0,0.0,0.0
2020-01-16,0.43126071510283553,0.5687392848971644,UNIVERSAL_MIXTURE_BUDGET_AVAILABLE,1617,0.0,0.0,0.0,0.0,0.0
2020-01-17,0.43126071510283553,0.5687392848971644,UNIVERSAL_MIXTURE_BUDGET_AVAILABLE,1618,0.0,0.0,0.0,0.0,0.0
2020-01-20,0.43126071510283553,0.5687392848971644,UNIVERSAL_MIXTURE_BUDGET_AVAILABLE,1619,0.0,0.0,0.0,0.0,0.0
2020-01-21,0.4312607151028356,0.5687392848971644,UNIVERSAL_MIXTURE_BUDGET_AVAILABLE,1620,0.0,0.0,0.0,0.0,0.0
2020-01-22,0.4312607151028356,0.5687392848971644,UNIVERSAL_MIXTURE_BUDGET_AVAILABLE,1621,0.0,0.0,0.0,0.0,0.0
2020-01-23,0.4312607151028355,0.5687392848971645,UNIVERSAL_MIXTURE_BUDGET_AVAILABLE,1622,0.0,0.0,0.0,0.0,0.0
2020-02-03,0.4312607151028356,0.5687392848971644,UNIVERSAL_MIXTURE_BUDGET_AVAILABLE,1623,0.0,0.0,0.0,0.0,0.0
2020-02-04,0.4312607151028355,0.5687392848971645,UNIVERSAL_MIXTURE_BUDGET_AVAILABLE,1624,1.0,1.0,1.0,0.0,0.0
2020-02-05,0.43126038737204836,0.5687396126279516,UNIVERSAL_MIXTURE_BUDGET_AVAILABLE,1625,1.0,1.0,1.0,0.005338085973574325,0.005342195861204102
2020-02-06,0.4312589714530608,0.5687410285469392,UNIVERSAL_MIXTURE_BUDGET_AVAILABLE,1626,1.0,1.0,1.0,0.02360724752656096,0.02362532658574157
2020-02-07,0.43125911009809187,0.5687408899019082,UNIVERSAL_MIXTURE_BUDGET_AVAILABLE,1627,1.0,1.0,1.0,-0.002306279833755087,-0.0023080052800708017
2020-02-10,0.43125891003821787,0.5687410899617822,UNIVERSAL_MIXTURE_BUDGET_AVAILABLE,1628,1.0,1.0,1.0,0.0033389937471459685,0.003341497598647658
2020-02-11,0.4312582726980748,0.5687417273019252,UNIVERSAL_MIXTURE_BUDGET_AVAILABLE,1629,1.0,1.0,1.0,0.01075161867249097,0.010759654267503693
2020-02-12,0.43125785528737093,0.5687421447126291,UNIVERSAL_MIXTURE_BUDGET_AVAILABLE,1630,1.0,1.0,1.0,0.007091500670634021,0.007096744329591065
2020-02-13,0.43125816779122683,0.5687418322087732,UNIVERSAL_MIXTURE_BUDGET_AVAILABLE,1631,1.0,1.0,1.0,-0.005281174053632598,-0.005285051587309519
2020-02-14,0.43125776660624615,0.5687422333937538,UNIVERSAL_MIXTURE_BUDGET_AVAILABLE,1632,1.0,1.0,1.0,0.006826130911555595,0.006831169409270421
2020-02-17,0.43125651012745647,0.5687434898725435,UNIVERSAL_MIXTURE_BUDGET_AVAILABLE,1633,0.0,1.0,0.5687434898725435,0.021846185790886263,0.021862201472398368
2020-02-18,0.43153769809922454,0.5684623019007755,UNIVERSAL_MIXTURE_BUDGET_AVAILABLE,1634,0.0,1.0,0.5684623019007755,-0.00265661533323569,-0.006147836560899678
2020-02-19,0.43151785901289413,0.5684821409871059,UNIVERSAL_MIXTURE_BUDGET_AVAILABLE,1635,0.0,1.0,0.5684821409871059,0.0,0.0002474346502250313
2020-02-20,0.42973553963031946,0.5702644603696805,UNIVERSAL_MIXTURE_BUDGET_AVAILABLE,1636,0.0,1.0,0.5702644603696805,0.0,0.022510983173233523
2020-02-21,0.429464964899851,0.570535035100149,UNIVERSAL_MIXTURE_BUDGET_AVAILABLE,1637,0.0,1.0,0.570535035100149,0.0,0.0033869838441731304
2020-02-24,0.4301045466704988,0.5698954533295012,UNIVERSAL_MIXTURE_BUDGET_AVAILABLE,1638,0.0,1.0,0.5698954533295012,0.0,-0.007956655711203742
2020-02-25,0.4302604066758075,0.5697395933241924,UNIVERSAL_MIXTURE_BUDGET_AVAILABLE,1639,0.0,1.0,0.5697395933241924,0.0,-0.0019443568107417875
2020-02-26,0.43092661604439225,0.5690733839556077,UNIVERSAL_MIXTURE_BUDGET_AVAILABLE,1640,0.0,1.0,0.5690733839556077,0.0,-0.008279614971413052
2020-02-27,0.43090694060782314,0.5690930593921768,UNIVERSAL_MIXTURE_BUDGET_AVAILABLE,1641,0.0,1.0,0.5690930593921768,0.0,0.00024555115642521663
2020-02-28,0.43367517955086377,0.5663248204491362,UNIVERSAL_MIXTURE_BUDGET_AVAILABLE,1642,0.0,0.0,0.0,0.0,-0.033877740868270445
2020-03-02,0.43342629132036975,0.5665737086796303,UNIVERSAL_MIXTURE_BUDGET_AVAILABLE,1643,0.0,0.0,0.0,0.0,0.0031027542928254714
2020-03-03,0.4334262913203697,0.5665737086796303,UNIVERSAL_MIXTURE_BUDGET_AVAILABLE,1644,0.0,0.0,0.0,0.0,0.0
2020-03-04,0.43342629132036975,0.5665737086796303,UNIVERSAL_MIXTURE_BUDGET_AVAILABLE,1645,0.0,0.0,0.0,0.0,0.0
2020-03-05,0.43342629132036975,0.5665737086796303,UNIVERSAL_MIXTURE_BUDGET_AVAILABLE,1646,0.0,0.0,0.0,0.0,0.0
2020-03-06,0.4334262913203697,0.5665737086796303,UNIVERSAL_MIXTURE_BUDGET_AVAILABLE,1647,0.0,0.0,0.0,0.0,0.0
2020-03-09,0.4334262913203697,0.5665737086796303,UNIVERSAL_MIXTURE_BUDGET_AVAILABLE,1648,0.0,0.0,0.0,0.0,0.0
2020-03-10,0.43342629132036964,0.5665737086796303,UNIVERSAL_MIXTURE_BUDGET_AVAILABLE,1649,0.0,0.0,0.0,0.0,0.0
2020-03-11,0.4334262913203697,0.5665737086796303,UNIVERSAL_MIXTURE_BUDGET_AVAILABLE,1650,0.0,0.0,0.0,0.0,0.0
2020-03-12,0.4334262913203696,0.5665737086796304,UNIVERSAL_MIXTURE_BUDGET_AVAILABLE,1651,0.0,0.0,0.0,0.0,0.0
2020-03-13,0.43342629132036964,0.5665737086796303,UNIVERSAL_MIXTURE_BUDGET_AVAILABLE,1652,0.0,0.0,0.0,0.0,0.0
2020-03-16,0.43342629132036975,0.5665737086796303,UNIVERSAL_MIXTURE_BUDGET_AVAILABLE,1653,0.0,0.0,0.0,0.0,0.0
2020-03-17,0.4334262913203697,0.5665737086796303,UNIVERSAL_MIXTURE_BUDGET_AVAILABLE,1654,0.0,0.0,0.0,0.0,0.0
2020-03-18,0.4334262913203697,0.5665737086796303,UNIVERSAL_MIXTURE_BUDGET_AVAILABLE,1655,0.0,0.0,0.0,0.0,0.0
2020-03-19,0.4334262913203696,0.5665737086796304,UNIVERSAL_MIXTURE_BUDGET_AVAILABLE,1656,0.0,0.0,0.0,0.0,0.0
2020-03-20,0.43342629132036964,0.5665737086796303,UNIVERSAL_MIXTURE_BUDGET_AVAILABLE,1657,0.0,0.0,0.0,0.0,0.0
2020-03-23,0.43342629132036975,0.5665737086796303,UNIVERSAL_MIXTURE_BUDGET_AVAILABLE,1658,0.0,0.0,0.0,0.0,0.0
2020-03-24,0.4334262913203698,0.5665737086796302,UNIVERSAL_MIXTURE_BUDGET_AVAILABLE,1659,0.0,0.0,0.0,0.0,0.0
2020-03-25,0.4334262913203698,0.5665737086796302,UNIVERSAL_MIXTURE_BUDGET_AVAILABLE,1660,0.0,0.0,0.0,0.0,0.0
2020-03-26,0.4334262913203698,0.5665737086796302,UNIVERSAL_MIXTURE_BUDGET_AVAILABLE,1661,0.0,0.0,0.0,0.0,0.0
2020-03-27,0.4334262913203696,0.5665737086796304,UNIVERSAL_MIXTURE_BUDGET_AVAILABLE,1662,0.0,0.0,0.0,0.0,0.0
2020-03-30,0.43342629132036975,0.5665737086796303,UNIVERSAL_MIXTURE_BUDGET_AVAILABLE,1663,0.0,0.0,0.0,0.0,0.0
2020-03-31,0.43342629132036975,0.5665737086796303,UNIVERSAL_MIXTURE_BUDGET_AVAILABLE,1664,0.0,0.0,0.0,0.0,0.0
2020-04-01,0.43342629132036964,0.5665737086796303,UNIVERSAL_MIXTURE_BUDGET_AVAILABLE,1665,0.0,0.0,0.0,0.0,0.0
2020-04-02,0.43342629132036964,0.5665737086796303,UNIVERSAL_MIXTURE_BUDGET_AVAILABLE,1666,0.0,0.0,0.0,0.0,0.0
2020-04-03,0.43342629132036964,0.5665737086796303,UNIVERSAL_MIXTURE_BUDGET_AVAILABLE,1667,0.0,0.0,0.0,0.0,0.0
2020-04-07,0.43342629132036975,0.5665737086796303,UNIVERSAL_MIXTURE_BUDGET_AVAILABLE,1668,0.0,0.0,0.0,0.0,0.0
2020-04-08,0.4334262913203697,0.5665737086796303,UNIVERSAL_MIXTURE_BUDGET_AVAILABLE,1669,0.0,0.0,0.0,0.0,0.0
2020-04-09,0.4334262913203698,0.5665737086796302,UNIVERSAL_MIXTURE_BUDGET_AVAILABLE,1670,0.0,0.0,0.0,0.0,0.0
2020-04-10,0.4334262913203697,0.5665737086796303,UNIVERSAL_MIXTURE_BUDGET_AVAILABLE,1671,0.0,0.0,0.0,0.0,0.0
2020-04-13,0.4334262913203698,0.5665737086796302,UNIVERSAL_MIXTURE_BUDGET_AVAILABLE,1672,0.0,0.0,0.0,0.0,0.0
2020-04-14,0.4334262913203697,0.5665737086796303,UNIVERSAL_MIXTURE_BUDGET_AVAILABLE,1673,0.0,0.0,0.0,0.0,0.0
2020-04-15,0.4334262913203697,0.5665737086796303,UNIVERSAL_MIXTURE_BUDGET_AVAILABLE,1674,0.0,0.0,0.0,0.0,0.0
2020-04-16,0.43342629132036975,0.5665737086796303,UNIVERSAL_MIXTURE_BUDGET_AVAILABLE,1675,0.0,0.0,0.0,0.0,0.0
2020-04-17,0.4334262913203696,0.5665737086796304,UNIVERSAL_MIXTURE_BUDGET_AVAILABLE,1676,0.0,0.0,0.0,0.0,0.0
2020-04-20,0.43342629132036975,0.5665737086796303,UNIVERSAL_MIXTURE_BUDGET_AVAILABLE,1677,0.0,0.0,0.0,0.0,0.0
2020-04-21,0.43342629132036975,0.5665737086796303,UNIVERSAL_MIXTURE_BUDGET_AVAILABLE,1678,0.0,0.0,0.0,0.0,0.0
2020-04-22,0.4334262913203697,0.5665737086796303,UNIVERSAL_MIXTURE_BUDGET_AVAILABLE,1679,0.0,0.0,0.0,0.0,0.0
2020-04-23,0.4334262913203697,0.5665737086796303,UNIVERSAL_MIXTURE_BUDGET_AVAILABLE,1680,0.0,0.0,0.0,0.0,0.0
2020-04-24,0.43342629132036975,0.5665737086796303,UNIVERSAL_MIXTURE_BUDGET_AVAILABLE,1681,0.0,0.0,0.0,0.0,0.0
2020-04-27,0.43342629132036975,0.5665737086796303,UNIVERSAL_MIXTURE_BUDGET_AVAILABLE,1682,0.0,0.0,0.0,0.0,0.0
2020-04-28,0.43342629132036975,0.5665737086796303,UNIVERSAL_MIXTURE_BUDGET_AVAILABLE,1683,0.0,0.0,0.0,0.0,0.0
2020-04-29,0.4334262913203697,0.5665737086796303,UNIVERSAL_MIXTURE_BUDGET_AVAILABLE,1684,0.0,0.0,0.0,0.0,0.0
2020-04-30,0.43342629132036964,0.5665737086796303,UNIVERSAL_MIXTURE_BUDGET_AVAILABLE,1685,0.0,0.0,0.0,0.0,0.0
2020-05-06,0.4334262913203697,0.5665737086796303,UNIVERSAL_MIXTURE_BUDGET_AVAILABLE,1686,0.0,0.0,0.0,0.0,0.0
2020-05-07,0.43342629132036975,0.5665737086796303,UNIVERSAL_MIXTURE_BUDGET_AVAILABLE,1687,0.0,0.0,0.0,0.0,0.0
2020-05-08,0.4334262913203698,0.5665737086796302,UNIVERSAL_MIXTURE_BUDGET_AVAILABLE,1688,0.0,0.0,0.0,0.0,0.0
2020-05-11,0.43342629132036964,0.5665737086796303,UNIVERSAL_MIXTURE_BUDGET_AVAILABLE,1689,0.0,0.0,0.0,0.0,0.0
2020-05-12,0.43342629132036975,0.5665737086796303,UNIVERSAL_MIXTURE_BUDGET_AVAILABLE,1690,0.0,0.0,0.0,0.0,0.0
2020-05-13,0.4334262913203698,0.5665737086796302,UNIVERSAL_MIXTURE_BUDGET_AVAILABLE,1691,0.0,0.0,0.0,0.0,0.0
2020-05-14,0.4334262913203697,0.5665737086796303,UNIVERSAL_MIXTURE_BUDGET_AVAILABLE,1692,0.0,0.0,0.0,0.0,0.0
2020-05-15,0.4334262913203697,0.5665737086796303,UNIVERSAL_MIXTURE_BUDGET_AVAILABLE,1693,0.0,0.0,0.0,0.0,0.0
2020-05-18,0.4334262913203697,0.5665737086796303,UNIVERSAL_MIXTURE_BUDGET_AVAILABLE,1694,0.0,0.0,0.0,0.0,0.0
2020-05-19,0.4334262913203697,0.5665737086796303,UNIVERSAL_MIXTURE_BUDGET_AVAILABLE,1695,0.0,0.0,0.0,0.0,0.0
2020-05-20,0.43342629132036964,0.5665737086796303,UNIVERSAL_MIXTURE_BUDGET_AVAILABLE,1696,0.0,0.0,0.0,0.0,0.0
2020-05-21,0.43342629132036975,0.5665737086796303,UNIVERSAL_MIXTURE_BUDGET_AVAILABLE,1697,0.0,0.0,0.0,0.0,0.0
2020-05-22,0.4334262913203697,0.5665737086796303,UNIVERSAL_MIXTURE_BUDGET_AVAILABLE,1698,0.0,0.0,0.0,0.0,0.0
2020-05-25,0.43342629132036964,0.5665737086796303,UNIVERSAL_MIXTURE_BUDGET_AVAILABLE,1699,0.0,0.0,0.0,0.0,0.0
2020-05-26,0.43342629132036975,0.5665737086796303,UNIVERSAL_MIXTURE_BUDGET_AVAILABLE,1700,0.0,0.0,0.0,0.0,0.0
2020-05-27,0.43342629132036975,0.5665737086796303,UNIVERSAL_MIXTURE_BUDGET_AVAILABLE,1701,0.0,0.0,0.0,0.0,0.0
2020-05-28,0.4334262913203697,0.5665737086796303,UNIVERSAL_MIXTURE_BUDGET_AVAILABLE,1702,0.0,0.0,0.0,0.0,0.0
2020-05-29,0.4334262913203697,0.5665737086796303,UNIVERSAL_MIXTURE_BUDGET_AVAILABLE,1703,0.0,0.0,0.0,0.0,0.0
2020-06-01,0.4334262913203697,0.5665737086796303,UNIVERSAL_MIXTURE_BUDGET_AVAILABLE,1704,0.0,0.0,0.0,0.0,0.0
2020-06-02,0.4334262913203696,0.5665737086796304,UNIVERSAL_MIXTURE_BUDGET_AVAILABLE,1705,0.0,0.0,0.0,0.0,0.0
2020-06-03,0.43342629132036975,0.5665737086796303,UNIVERSAL_MIXTURE_BUDGET_AVAILABLE,1706,0.0,0.0,0.0,0.0,0.0
2020-06-04,0.43342629132036975,0.5665737086796303,UNIVERSAL_MIXTURE_BUDGET_AVAILABLE,1707,0.0,0.0,0.0,0.0,0.0
2020-06-05,0.43342629132036975,0.5665737086796303,UNIVERSAL_MIXTURE_BUDGET_AVAILABLE,1708,0.0,0.0,0.0,0.0,0.0
2020-06-08,0.4334262913203696,0.5665737086796304,UNIVERSAL_MIXTURE_BUDGET_AVAILABLE,1709,0.0,0.0,0.0,0.0,0.0
2020-06-09,0.4334262913203697,0.5665737086796303,UNIVERSAL_MIXTURE_BUDGET_AVAILABLE,1710,0.0,0.0,0.0,0.0,0.0
2020-06-10,0.43342629132036964,0.5665737086796303,UNIVERSAL_MIXTURE_BUDGET_AVAILABLE,1711,0.0,0.0,0.0,0.0,0.0
2020-06-11,0.4334262913203697,0.5665737086796303,UNIVERSAL_MIXTURE_BUDGET_AVAILABLE,1712,0.0,0.0,0.0,0.0,0.0
2020-06-12,0.4334262913203697,0.5665737086796303,UNIVERSAL_MIXTURE_BUDGET_AVAILABLE,1713,0.0,0.0,0.0,0.0,0.0
2020-06-15,0.43342629132036964,0.5665737086796303,UNIVERSAL_MIXTURE_BUDGET_AVAILABLE,1714,0.0,0.0,0.0,0.0,0.0
2020-06-16,0.4334262913203696,0.5665737086796304,UNIVERSAL_MIXTURE_BUDGET_AVAILABLE,1715,0.0,0.0,0.0,0.0,0.0
2020-06-17,0.43342629132036975,0.5665737086796303,UNIVERSAL_MIXTURE_BUDGET_AVAILABLE,1716,0.0,0.0,0.0,0.0,0.0
2020-06-18,0.43342629132036975,0.5665737086796303,UNIVERSAL_MIXTURE_BUDGET_AVAILABLE,1717,0.0,0.0,0.0,0.0,0.0
2020-06-19,0.43342629132036964,0.5665737086796303,UNIVERSAL_MIXTURE_BUDGET_AVAILABLE,1718,0.0,0.0,0.0,0.0,0.0
2020-06-22,0.43342629132036975,0.5665737086796303,UNIVERSAL_MIXTURE_BUDGET_AVAILABLE,1719,0.0,0.0,0.0,0.0,0.0
2020-06-23,0.4334262913203696,0.5665737086796304,UNIVERSAL_MIXTURE_BUDGET_AVAILABLE,1720,0.0,0.0,0.0,0.0,0.0
2020-06-24,0.43342629132036975,0.5665737086796303,UNIVERSAL_MIXTURE_BUDGET_AVAILABLE,1721,0.0,0.0,0.0,0.0,0.0
2020-06-29,0.43342629132036975,0.5665737086796303,UNIVERSAL_MIXTURE_BUDGET_AVAILABLE,1722,0.0,0.0,0.0,0.0,0.0
2020-06-30,0.43342629132036964,0.5665737086796303,UNIVERSAL_MIXTURE_BUDGET_AVAILABLE,1723,0.0,1.0,0.5665737086796303,0.0,0.0
2020-07-01,0.4318883878404269,0.5681116121595731,UNIVERSAL_MIXTURE_BUDGET_AVAILABLE,1724,0.0,1.0,0.5681116121595731,0.0,0.019353160542810333
2020-07-02,0.43007318690228774,0.5699268130977122,UNIVERSAL_MIXTURE_BUDGET_AVAILABLE,1725,0.0,1.0,0.5699268130977122,0.0,0.022924536348243096
2020-07-03,0.42849816993428014,0.5715018300657199,UNIVERSAL_MIXTURE_BUDGET_AVAILABLE,1726,0.0,1.0,0.5715018300657199,0.0,0.019895283945114528
2020-07-06,0.4228733842864326,0.5771266157135674,UNIVERSAL_MIXTURE_BUDGET_AVAILABLE,1727,0.0,1.0,0.5771266157135674,0.0,0.07332010162201708
2020-07-07,0.4236744160123334,0.5763255839876666,UNIVERSAL_MIXTURE_BUDGET_AVAILABLE,1728,0.0,1.0,0.5763255839876666,0.0,-0.010027375531370564
2020-07-08,0.4226421547484691,0.5773578452515309,UNIVERSAL_MIXTURE_BUDGET_AVAILABLE,1729,0.0,1.0,0.5773578452515309,0.0,0.013083217058625696
2020-07-09,0.42142908967080006,0.5785709103291999,UNIVERSAL_MIXTURE_BUDGET_AVAILABLE,1730,0.0,1.0,0.5785709103291999,0.0,0.015413790649594583
2020-07-10,0.42285886856093113,0.5771411314390689,UNIVERSAL_MIXTURE_BUDGET_AVAILABLE,1731,0.0,1.0,0.5771411314390689,0.0,-0.017846535967462662
2020-07-13,0.421219886902886,0.578780113097114,UNIVERSAL_MIXTURE_BUDGET_AVAILABLE,1732,0.0,1.0,0.578780113097114,0.0,0.020886002528049064
2020-07-14,0.42192078248257653,0.5780792175174234,UNIVERSAL_MIXTURE_BUDGET_AVAILABLE,1733,0.0,0.0,0.0,0.0,-0.008797241871101535
2020-07-15,0.42169145929057616,0.5783085407094238,UNIVERSAL_MIXTURE_BUDGET_AVAILABLE,1734,0.0,0.0,0.0,0.0,0.002895542257985495
2020-07-16,0.42169145929057605,0.578308540709424,UNIVERSAL_MIXTURE_BUDGET_AVAILABLE,1735,0.0,0.0,0.0,0.0,0.0
2020-07-17,0.42169145929057616,0.5783085407094238,UNIVERSAL_MIXTURE_BUDGET_AVAILABLE,1736,0.0,0.0,0.0,0.0,0.0
2020-07-20,0.4216914592905762,0.5783085407094237,UNIVERSAL_MIXTURE_BUDGET_AVAILABLE,1737,0.0,0.0,0.0,0.0,0.0
2020-07-21,0.42169145929057616,0.5783085407094238,UNIVERSAL_MIXTURE_BUDGET_AVAILABLE,1738,0.0,0.0,0.0,0.0,0.0
2020-07-22,0.4216914592905761,0.578308540709424,UNIVERSAL_MIXTURE_BUDGET_AVAILABLE,1739,0.0,0.0,0.0,0.0,0.0
2020-07-23,0.4216914592905761,0.578308540709424,UNIVERSAL_MIXTURE_BUDGET_AVAILABLE,1740,0.0,0.0,0.0,0.0,0.0
2020-07-24,0.4216914592905761,0.578308540709424,UNIVERSAL_MIXTURE_BUDGET_AVAILABLE,1741,0.0,0.0,0.0,0.0,0.0
2020-07-27,0.4216914592905761,0.578308540709424,UNIVERSAL_MIXTURE_BUDGET_AVAILABLE,1742,0.0,0.0,0.0,0.0,0.0
2020-07-28,0.42169145929057605,0.578308540709424,UNIVERSAL_MIXTURE_BUDGET_AVAILABLE,1743,0.0,0.0,0.0,0.0,0.0
2020-07-29,0.4216914592905761,0.578308540709424,UNIVERSAL_MIXTURE_BUDGET_AVAILABLE,1744,0.0,0.0,0.0,0.0,0.0
2020-07-30,0.42169145929057605,0.578308540709424,UNIVERSAL_MIXTURE_BUDGET_AVAILABLE,1745,0.0,0.0,0.0,0.0,0.0
2020-07-31,0.4216914592905761,0.578308540709424,UNIVERSAL_MIXTURE_BUDGET_AVAILABLE,1746,0.0,0.0,0.0,0.0,0.0
2020-08-03,0.4216914592905761,0.578308540709424,UNIVERSAL_MIXTURE_BUDGET_AVAILABLE,1747,0.0,0.0,0.0,0.0,0.0
2020-08-04,0.4216914592905761,0.578308540709424,UNIVERSAL_MIXTURE_BUDGET_AVAILABLE,1748,0.0,0.0,0.0,0.0,0.0
2020-08-05,0.4216914592905761,0.578308540709424,UNIVERSAL_MIXTURE_BUDGET_AVAILABLE,1749,0.0,0.0,0.0,0.0,0.0
2020-08-06,0.421691459290576,0.578308540709424,UNIVERSAL_MIXTURE_BUDGET_AVAILABLE,1750,0.0,0.0,0.0,0.0,0.0
2020-08-07,0.4216914592905761,0.578308540709424,UNIVERSAL_MIXTURE_BUDGET_AVAILABLE,1751,0.0,0.0,0.0,0.0,0.0
2020-08-10,0.42169145929057616,0.5783085407094238,UNIVERSAL_MIXTURE_BUDGET_AVAILABLE,1752,0.0,0.0,0.0,0.0,0.0
2020-08-11,0.42169145929057594,0.5783085407094241,UNIVERSAL_MIXTURE_BUDGET_AVAILABLE,1753,0.0,0.0,0.0,0.0,0.0
2020-08-12,0.42169145929057616,0.5783085407094238,UNIVERSAL_MIXTURE_BUDGET_AVAILABLE,1754,0.0,0.0,0.0,0.0,0.0
2020-08-13,0.421691459290576,0.578308540709424,UNIVERSAL_MIXTURE_BUDGET_AVAILABLE,1755,0.0,0.0,0.0,0.0,0.0
2020-08-14,0.42169145929057605,0.578308540709424,UNIVERSAL_MIXTURE_BUDGET_AVAILABLE,1756,0.0,0.0,0.0,0.0,0.0
2020-08-17,0.4216914592905761,0.578308540709424,UNIVERSAL_MIXTURE_BUDGET_AVAILABLE,1757,0.0,0.0,0.0,0.0,0.0
2020-08-18,0.4216914592905761,0.578308540709424,UNIVERSAL_MIXTURE_BUDGET_AVAILABLE,1758,0.0,1.0,0.578308540709424,0.0,0.0
2020-08-19,0.42295479677498965,0.5770452032250104,UNIVERSAL_MIXTURE_BUDGET_AVAILABLE,1759,0.0,1.0,0.5770452032250104,0.0,-0.01578369656802825
2020-08-20,0.4238039272572029,0.576196072742797,UNIVERSAL_MIXTURE_BUDGET_AVAILABLE,1760,0.0,1.0,0.576196072742797,0.0,-0.010625375552122951
2020-08-21,0.4231375065939078,0.5768624934060922,UNIVERSAL_MIXTURE_BUDGET_AVAILABLE,1761,0.0,1.0,0.5768624934060922,0.0,0.00842312676926471
2020-08-24,0.42264163126903503,0.5773583687309649,UNIVERSAL_MIXTURE_BUDGET_AVAILABLE,1762,0.0,1.0,0.5773583687309649,0.0,0.006264577744450994
2020-08-25,0.4224935048809156,0.5775064951190845,UNIVERSAL_MIXTURE_BUDGET_AVAILABLE,1763,0.0,1.0,0.5775064951190845,0.0,0.0018676731397502255
2020-08-26,0.4234705201845218,0.5765294798154782,UNIVERSAL_MIXTURE_BUDGET_AVAILABLE,1764,0.0,1.0,0.5765294798154782,0.0,-0.012220810547645233
2020-08-27,0.4228731905079476,0.5771268094920524,UNIVERSAL_MIXTURE_BUDGET_AVAILABLE,1765,0.0,1.0,0.5771268094920524,0.0,0.0075490209122743845
2020-08-28,0.42095008165014486,0.5790499183498552,UNIVERSAL_MIXTURE_BUDGET_AVAILABLE,1766,0.0,1.0,0.5790499183498552,0.0,0.02455861945836446
2020-08-31,0.4216457270771883,0.5783542729228117,UNIVERSAL_MIXTURE_BUDGET_AVAILABLE,1767,0.0,1.0,0.5783542729228117,0.0,-0.008734812493670918
2020-09-01,0.421095409952962,0.578904590047038,UNIVERSAL_MIXTURE_BUDGET_AVAILABLE,1768,0.0,1.0,0.578904590047038,0.0,0.006967455341191808
2020-09-02,0.4211599529571652,0.5788400470428348,UNIVERSAL_MIXTURE_BUDGET_AVAILABLE,1769,0.0,1.0,0.5788400470428348,0.0,-0.0008140289182412275
2020-09-03,0.4214835662197676,0.5785164337802324,UNIVERSAL_MIXTURE_BUDGET_AVAILABLE,1770,0.0,1.0,0.5785164337802324,0.0,-0.004073460505854998
2020-09-04,0.4223812145563373,0.5776187854436627,UNIVERSAL_MIXTURE_BUDGET_AVAILABLE,1771,0.0,1.0,0.5776187854436627,0.0,-0.011247833998671353
2020-09-07,0.4239922545037392,0.5760077454962609,UNIVERSAL_MIXTURE_BUDGET_AVAILABLE,1772,0.0,1.0,0.5760077454962609,0.0,-0.02006275155120618
2020-09-08,0.4235906361353723,0.5764093638646277,UNIVERSAL_MIXTURE_BUDGET_AVAILABLE,1773,0.0,1.0,0.5764093638646277,0.0,0.0050656098368591085
2020-09-09,0.42546853879009516,0.5745314612099048,UNIVERSAL_MIXTURE_BUDGET_AVAILABLE,1774,0.0,1.0,0.5745314612099048,0.0,-0.02331036428485178
2020-09-10,0.42540007345548836,0.5745999265445116,UNIVERSAL_MIXTURE_BUDGET_AVAILABLE,1775,0.0,0.0,0.0,0.0,0.0008600614736400392
2020-09-11,0.4257934121651297,0.5742065878348703,UNIVERSAL_MIXTURE_BUDGET_AVAILABLE,1776,0.0,0.0,0.0,0.0,-0.004925077457570426
2020-09-14,0.42579341216512967,0.5742065878348703,UNIVERSAL_MIXTURE_BUDGET_AVAILABLE,1777,0.0,0.0,0.0,0.0,0.0
2020-09-15,0.42579341216512956,0.5742065878348704,UNIVERSAL_MIXTURE_BUDGET_AVAILABLE,1778,0.0,0.0,0.0,0.0,0.0
2020-09-16,0.4257934121651297,0.5742065878348703,UNIVERSAL_MIXTURE_BUDGET_AVAILABLE,1779,0.0,0.0,0.0,0.0,0.0
2020-09-17,0.42579341216512967,0.5742065878348703,UNIVERSAL_MIXTURE_BUDGET_AVAILABLE,1780,0.0,0.0,0.0,0.0,0.0
2020-09-18,0.4257934121651296,0.5742065878348703,UNIVERSAL_MIXTURE_BUDGET_AVAILABLE,1781,0.0,0.0,0.0,0.0,0.0
2020-09-21,0.4257934121651298,0.5742065878348702,UNIVERSAL_MIXTURE_BUDGET_AVAILABLE,1782,0.0,0.0,0.0,0.0,0.0
2020-09-22,0.42579341216512967,0.5742065878348703,UNIVERSAL_MIXTURE_BUDGET_AVAILABLE,1783,0.0,0.0,0.0,0.0,0.0
2020-09-23,0.4257934121651298,0.5742065878348702,UNIVERSAL_MIXTURE_BUDGET_AVAILABLE,1784,0.0,0.0,0.0,0.0,0.0
2020-09-24,0.4257934121651297,0.5742065878348703,UNIVERSAL_MIXTURE_BUDGET_AVAILABLE,1785,0.0,0.0,0.0,0.0,0.0
2020-09-25,0.42579341216512967,0.5742065878348703,UNIVERSAL_MIXTURE_BUDGET_AVAILABLE,1786,0.0,0.0,0.0,0.0,0.0
2020-09-28,0.4257934121651297,0.5742065878348703,UNIVERSAL_MIXTURE_BUDGET_AVAILABLE,1787,0.0,0.0,0.0,0.0,0.0
2020-09-29,0.4257934121651296,0.5742065878348703,UNIVERSAL_MIXTURE_BUDGET_AVAILABLE,1788,0.0,0.0,0.0,0.0,0.0
2020-09-30,0.42579341216512967,0.5742065878348703,UNIVERSAL_MIXTURE_BUDGET_AVAILABLE,1789,0.0,0.0,0.0,0.0,0.0
2020-10-09,0.4257934121651297,0.5742065878348703,UNIVERSAL_MIXTURE_BUDGET_AVAILABLE,1790,0.0,0.0,0.0,0.0,0.0
2020-10-12,0.42579341216512967,0.5742065878348703,UNIVERSAL_MIXTURE_BUDGET_AVAILABLE,1791,0.0,0.0,0.0,0.0,0.0
2020-10-13,0.4257934121651297,0.5742065878348703,UNIVERSAL_MIXTURE_BUDGET_AVAILABLE,1792,0.0,0.0,0.0,0.0,0.0
2020-10-14,0.42579341216512967,0.5742065878348703,UNIVERSAL_MIXTURE_BUDGET_AVAILABLE,1793,0.0,0.0,0.0,0.0,0.0
2020-10-15,0.42579341216512967,0.5742065878348703,UNIVERSAL_MIXTURE_BUDGET_AVAILABLE,1794,0.0,0.0,0.0,0.0,0.0
2020-10-16,0.4257934121651297,0.5742065878348703,UNIVERSAL_MIXTURE_BUDGET_AVAILABLE,1795,0.0,0.0,0.0,0.0,0.0
2020-10-19,0.4257934121651297,0.5742065878348703,UNIVERSAL_MIXTURE_BUDGET_AVAILABLE,1796,0.0,0.0,0.0,0.0,0.0
2020-10-20,0.4257934121651298,0.5742065878348702,UNIVERSAL_MIXTURE_BUDGET_AVAILABLE,1797,0.0,0.0,0.0,0.0,0.0
2020-10-21,0.4257934121651298,0.5742065878348702,UNIVERSAL_MIXTURE_BUDGET_AVAILABLE,1798,0.0,0.0,0.0,0.0,0.0
2020-10-22,0.42579341216512967,0.5742065878348703,UNIVERSAL_MIXTURE_BUDGET_AVAILABLE,1799,0.0,0.0,0.0,0.0,0.0
2020-10-23,0.4257934121651297,0.5742065878348703,UNIVERSAL_MIXTURE_BUDGET_AVAILABLE,1800,0.0,0.0,0.0,0.0,0.0
2020-10-26,0.42579341216512967,0.5742065878348703,UNIVERSAL_MIXTURE_BUDGET_AVAILABLE,1801,0.0,0.0,0.0,0.0,0.0
2020-10-27,0.42579341216512967,0.5742065878348703,UNIVERSAL_MIXTURE_BUDGET_AVAILABLE,1802,0.0,0.0,0.0,0.0,0.0
2020-10-28,0.4257934121651298,0.5742065878348702,UNIVERSAL_MIXTURE_BUDGET_AVAILABLE,1803,0.0,0.0,0.0,0.0,0.0
2020-10-29,0.4257934121651296,0.5742065878348703,UNIVERSAL_MIXTURE_BUDGET_AVAILABLE,1804,0.0,0.0,0.0,0.0,0.0
2020-10-30,0.42579341216512967,0.5742065878348703,UNIVERSAL_MIXTURE_BUDGET_AVAILABLE,1805,0.0,0.0,0.0,0.0,0.0
2020-11-02,0.42579341216512967,0.5742065878348703,UNIVERSAL_MIXTURE_BUDGET_AVAILABLE,1806,0.0,0.0,0.0,0.0,0.0
2020-11-03,0.42579341216512967,0.5742065878348703,UNIVERSAL_MIXTURE_BUDGET_AVAILABLE,1807,0.0,0.0,0.0,0.0,0.0
2020-11-04,0.4257934121651298,0.5742065878348702,UNIVERSAL_MIXTURE_BUDGET_AVAILABLE,1808,0.0,0.0,0.0,0.0,0.0
2020-11-05,0.4257934121651298,0.5742065878348702,UNIVERSAL_MIXTURE_BUDGET_AVAILABLE,1809,0.0,0.0,0.0,0.0,0.0
2020-11-06,0.42579341216512984,0.5742065878348701,UNIVERSAL_MIXTURE_BUDGET_AVAILABLE,1810,0.0,0.0,0.0,0.0,0.0
2020-11-09,0.4257934121651297,0.5742065878348703,UNIVERSAL_MIXTURE_BUDGET_AVAILABLE,1811,0.0,0.0,0.0,0.0,0.0
2020-11-10,0.4257934121651297,0.5742065878348703,UNIVERSAL_MIXTURE_BUDGET_AVAILABLE,1812,0.0,0.0,0.0,0.0,0.0
2020-11-11,0.4257934121651299,0.5742065878348701,UNIVERSAL_MIXTURE_BUDGET_AVAILABLE,1813,0.0,0.0,0.0,0.0,0.0
2020-11-12,0.4257934121651296,0.5742065878348703,UNIVERSAL_MIXTURE_BUDGET_AVAILABLE,1814,0.0,0.0,0.0,0.0,0.0
2020-11-13,0.4257934121651298,0.5742065878348702,UNIVERSAL_MIXTURE_BUDGET_AVAILABLE,1815,0.0,0.0,0.0,0.0,0.0
2020-11-16,0.4257934121651295,0.5742065878348706,UNIVERSAL_MIXTURE_BUDGET_AVAILABLE,1816,0.0,0.0,0.0,0.0,0.0
2020-11-17,0.42579341216512967,0.5742065878348703,UNIVERSAL_MIXTURE_BUDGET_AVAILABLE,1817,0.0,0.0,0.0,0.0,0.0
2020-11-18,0.4257934121651297,0.5742065878348703,UNIVERSAL_MIXTURE_BUDGET_AVAILABLE,1818,0.0,0.0,0.0,0.0,0.0
2020-11-19,0.4257934121651298,0.5742065878348702,UNIVERSAL_MIXTURE_BUDGET_AVAILABLE,1819,0.0,0.0,0.0,0.0,0.0
2020-11-20,0.42579341216512967,0.5742065878348703,UNIVERSAL_MIXTURE_BUDGET_AVAILABLE,1820,0.0,0.0,0.0,0.0,0.0
2020-11-23,0.4257934121651298,0.5742065878348702,UNIVERSAL_MIXTURE_BUDGET_AVAILABLE,1821,0.0,0.0,0.0,0.0,0.0
2020-11-24,0.4257934121651298,0.5742065878348702,UNIVERSAL_MIXTURE_BUDGET_AVAILABLE,1822,0.0,0.0,0.0,0.0,0.0
2020-11-25,0.42579341216512967,0.5742065878348703,UNIVERSAL_MIXTURE_BUDGET_AVAILABLE,1823,0.0,0.0,0.0,0.0,0.0
2020-11-26,0.4257934121651297,0.5742065878348703,UNIVERSAL_MIXTURE_BUDGET_AVAILABLE,1824,0.0,0.0,0.0,0.0,0.0
2020-11-27,0.4257934121651296,0.5742065878348703,UNIVERSAL_MIXTURE_BUDGET_AVAILABLE,1825,0.0,0.0,0.0,0.0,0.0
2020-11-30,0.4257934121651297,0.5742065878348703,UNIVERSAL_MIXTURE_BUDGET_AVAILABLE,1826,0.0,0.0,0.0,0.0,0.0
2020-12-01,0.42579341216512967,0.5742065878348703,UNIVERSAL_MIXTURE_BUDGET_AVAILABLE,1827,0.0,0.0,0.0,0.0,0.0
2020-12-02,0.4257934121651296,0.5742065878348703,UNIVERSAL_MIXTURE_BUDGET_AVAILABLE,1828,0.0,0.0,0.0,0.0,0.0
2020-12-03,0.42579341216512967,0.5742065878348703,UNIVERSAL_MIXTURE_BUDGET_AVAILABLE,1829,0.0,0.0,0.0,0.0,0.0
2020-12-04,0.42579341216512956,0.5742065878348704,UNIVERSAL_MIXTURE_BUDGET_AVAILABLE,1830,0.0,0.0,0.0,0.0,0.0
2020-12-07,0.4257934121651298,0.5742065878348702,UNIVERSAL_MIXTURE_BUDGET_AVAILABLE,1831,0.0,0.0,0.0,0.0,0.0
2020-12-08,0.4257934121651296,0.5742065878348703,UNIVERSAL_MIXTURE_BUDGET_AVAILABLE,1832,0.0,0.0,0.0,0.0,0.0
2020-12-09,0.42579341216512945,0.5742065878348706,UNIVERSAL_MIXTURE_BUDGET_AVAILABLE,1833,0.0,0.0,0.0,0.0,0.0
2020-12-10,0.42579341216512967,0.5742065878348703,UNIVERSAL_MIXTURE_BUDGET_AVAILABLE,1834,0.0,0.0,0.0,0.0,0.0
2020-12-11,0.4257934121651298,0.5742065878348702,UNIVERSAL_MIXTURE_BUDGET_AVAILABLE,1835,0.0,0.0,0.0,0.0,0.0
2020-12-14,0.42579341216512945,0.5742065878348706,UNIVERSAL_MIXTURE_BUDGET_AVAILABLE,1836,0.0,0.0,0.0,0.0,0.0
2020-12-15,0.42579341216512956,0.5742065878348704,UNIVERSAL_MIXTURE_BUDGET_AVAILABLE,1837,0.0,0.0,0.0,0.0,0.0
2020-12-16,0.4257934121651297,0.5742065878348703,UNIVERSAL_MIXTURE_BUDGET_AVAILABLE,1838,0.0,0.0,0.0,0.0,0.0
2020-12-17,0.4257934121651297,0.5742065878348703,UNIVERSAL_MIXTURE_BUDGET_AVAILABLE,1839,0.0,0.0,0.0,0.0,0.0
2020-12-18,0.42579341216512967,0.5742065878348703,UNIVERSAL_MIXTURE_BUDGET_AVAILABLE,1840,0.0,0.0,0.0,0.0,0.0
2020-12-21,0.42579341216512967,0.5742065878348703,UNIVERSAL_MIXTURE_BUDGET_AVAILABLE,1841,0.0,0.0,0.0,0.0,0.0
2020-12-22,0.4257934121651298,0.5742065878348702,UNIVERSAL_MIXTURE_BUDGET_AVAILABLE,1842,0.0,0.0,0.0,0.0,0.0
2020-12-23,0.4257934121651297,0.5742065878348703,UNIVERSAL_MIXTURE_BUDGET_AVAILABLE,1843,0.0,0.0,0.0,0.0,0.0
2020-12-24,0.4257934121651296,0.5742065878348703,UNIVERSAL_MIXTURE_BUDGET_AVAILABLE,1844,0.0,0.0,0.0,0.0,0.0
2020-12-25,0.4257934121651298,0.5742065878348702,UNIVERSAL_MIXTURE_BUDGET_AVAILABLE,1845,0.0,0.0,0.0,0.0,0.0
2020-12-28,0.4257934121651295,0.5742065878348706,UNIVERSAL_MIXTURE_BUDGET_AVAILABLE,1846,0.0,0.0,0.0,0.0,0.0
2020-12-29,0.42579341216512967,0.5742065878348703,UNIVERSAL_MIXTURE_BUDGET_AVAILABLE,1847,0.0,0.0,0.0,0.0,0.0
2020-12-30,0.42579341216512956,0.5742065878348704,UNIVERSAL_MIXTURE_BUDGET_AVAILABLE,1848,0.0,0.0,0.0,0.0,0.0
2020-12-31,0.4257934121651298,0.5742065878348702,UNIVERSAL_MIXTURE_BUDGET_AVAILABLE,1849,0.0,0.0,0.0,0.0,0.0
2021-01-04,0.4257934121651297,0.5742065878348703,UNIVERSAL_MIXTURE_BUDGET_AVAILABLE,1850,0.0,1.0,0.5742065878348703,0.0,0.0
2021-01-05,0.4242012598272084,0.5757987401727915,UNIVERSAL_MIXTURE_BUDGET_AVAILABLE,1851,0.0,1.0,0.5757987401727915,0.0,0.02021555229806893
2021-01-06,0.42348952551447056,0.5765104744855294,UNIVERSAL_MIXTURE_BUDGET_AVAILABLE,1852,0.0,1.0,0.5765104744855294,0.0,0.008995527813512982
2021-01-07,0.421818383141992,0.5781816168580081,UNIVERSAL_MIXTURE_BUDGET_AVAILABLE,1853,0.0,1.0,0.5781816168580081,0.0,0.02128762401832529
2021-01-08,0.4222151609037992,0.5777848390962008,UNIVERSAL_MIXTURE_BUDGET_AVAILABLE,1854,0.0,1.0,0.5777848390962008,0.0,-0.0049882853803704386
2021-01-11,0.4231160820145878,0.5768839179854122,UNIVERSAL_MIXTURE_BUDGET_AVAILABLE,1855,0.0,1.0,0.5768839179854122,0.0,-0.011279909513551067
2021-01-12,0.4208524672682157,0.5791475327317843,UNIVERSAL_MIXTURE_BUDGET_AVAILABLE,1856,0.0,1.0,0.5791475327317843,0.0,0.028974215772909817
2021-01-13,0.4211598791101347,0.5788401208898653,UNIVERSAL_MIXTURE_BUDGET_AVAILABLE,1857,0.0,1.0,0.5788401208898653,0.0,-0.0038717730801276495
2021-01-14,0.42261735307995063,0.5773826469200494,UNIVERSAL_MIXTURE_BUDGET_AVAILABLE,1858,0.0,1.0,0.5773826469200494,0.0,-0.018197393781788973
2021-01-15,0.42286062319824713,0.5771393768017529,UNIVERSAL_MIXTURE_BUDGET_AVAILABLE,1859,0.0,1.0,0.5771393768017529,0.0,-0.003059121378985119
2021-01-18,0.42202016730292796,0.577979832697072,UNIVERSAL_MIXTURE_BUDGET_AVAILABLE,1860,0.0,1.0,0.577979832697072,0.0,0.010649528869683511
2021-01-19,0.4230910378815571,0.5769089621184429,UNIVERSAL_MIXTURE_BUDGET_AVAILABLE,1861,0.0,1.0,0.5769089621184429,0.0,-0.013394887458059612
2021-01-20,0.4226610529506129,0.577338947049387,UNIVERSAL_MIXTURE_BUDGET_AVAILABLE,1862,0.0,0.0,0.0,0.0,0.00543069857951517
2021-01-21,0.4225053784536978,0.5774946215463022,UNIVERSAL_MIXTURE_BUDGET_AVAILABLE,1863,0.0,0.0,0.0,0.0,0.0019632162745344406
2021-01-22,0.42250537845369784,0.5774946215463022,UNIVERSAL_MIXTURE_BUDGET_AVAILABLE,1864,0.0,0.0,0.0,0.0,0.0
2021-01-25,0.42250537845369773,0.5774946215463023,UNIVERSAL_MIXTURE_BUDGET_AVAILABLE,1865,0.0,0.0,0.0,0.0,0.0
2021-01-26,0.4225053784536977,0.5774946215463024,UNIVERSAL_MIXTURE_BUDGET_AVAILABLE,1866,0.0,0.0,0.0,0.0,0.0
2021-01-27,0.42250537845369757,0.5774946215463024,UNIVERSAL_MIXTURE_BUDGET_AVAILABLE,1867,0.0,0.0,0.0,0.0,0.0
2021-01-28,0.42250537845369773,0.5774946215463023,UNIVERSAL_MIXTURE_BUDGET_AVAILABLE,1868,0.0,0.0,0.0,0.0,0.0
2021-01-29,0.42250537845369784,0.5774946215463022,UNIVERSAL_MIXTURE_BUDGET_AVAILABLE,1869,0.0,0.0,0.0,0.0,0.0
2021-02-01,0.42250537845369784,0.5774946215463022,UNIVERSAL_MIXTURE_BUDGET_AVAILABLE,1870,0.0,0.0,0.0,0.0,0.0
2021-02-02,0.42250537845369784,0.5774946215463022,UNIVERSAL_MIXTURE_BUDGET_AVAILABLE,1871,0.0,1.0,0.5774946215463022,0.0,0.0
2021-02-03,0.4226513998377127,0.5773486001622873,UNIVERSAL_MIXTURE_BUDGET_AVAILABLE,1872,0.0,1.0,0.5773486001622873,0.0,-0.0018377734574550608
2021-02-04,0.42281078697056,0.57718921302944,UNIVERSAL_MIXTURE_BUDGET_AVAILABLE,1873,0.0,1.0,0.57718921302944,0.0,-0.002005458862230358
2021-02-05,0.42269484715057126,0.5773051528494287,UNIVERSAL_MIXTURE_BUDGET_AVAILABLE,1874,0.0,1.0,0.5773051528494287,0.0,0.0014614464068156696
2021-02-08,0.4216600179806538,0.5783399820193462,UNIVERSAL_MIXTURE_BUDGET_AVAILABLE,1875,0.0,1.0,0.5783399820193462,0.0,0.013133823282496682
2021-02-09,0.4197177494976329,0.580282250502367,UNIVERSAL_MIXTURE_BUDGET_AVAILABLE,1876,0.0,1.0,0.580282250502367,0.0,0.02484682745058553
2021-02-10,0.41813796764199834,0.5818620323580017,UNIVERSAL_MIXTURE_BUDGET_AVAILABLE,1877,0.0,1.0,0.5818620323580017,0.0,0.020203691895755993
2021-02-18,0.4187251615845774,0.5812748384154226,UNIVERSAL_MIXTURE_BUDGET_AVAILABLE,1878,0.0,1.0,0.5812748384154226,0.0,-0.007404819239774985
2021-02-19,0.41828791499202245,0.5817120850079776,UNIVERSAL_MIXTURE_BUDGET_AVAILABLE,1879,0.0,1.0,0.5817120850079776,0.0,0.0055516722849298095
2021-02-22,0.42116814821042703,0.578831851789573,UNIVERSAL_MIXTURE_BUDGET_AVAILABLE,1880,0.0,1.0,0.578831851789573,0.0,-0.03571410707471179
2021-02-23,0.4213811481326956,0.5786188518673043,UNIVERSAL_MIXTURE_BUDGET_AVAILABLE,1881,0.0,1.0,0.5786188518673043,0.0,-0.002683829342021049
2021-02-24,0.4235038260305526,0.5764961739694474,UNIVERSAL_MIXTURE_BUDGET_AVAILABLE,1882,0.0,1.0,0.5764961739694474,0.0,-0.026372306321328143
2021-02-25,0.42276119446687327,0.5772388055331268,UNIVERSAL_MIXTURE_BUDGET_AVAILABLE,1883,0.0,0.0,0.0,0.0,0.009397406957408538
2021-02-26,0.4241233954524934,0.5758766045475066,UNIVERSAL_MIXTURE_BUDGET_AVAILABLE,1884,0.0,0.0,0.0,0.0,-0.01699100171785317
2021-03-01,0.4241233954524932,0.5758766045475068,UNIVERSAL_MIXTURE_BUDGET_AVAILABLE,1885,0.0,0.0,0.0,0.0,0.0
2021-03-02,0.4241233954524932,0.5758766045475068,UNIVERSAL_MIXTURE_BUDGET_AVAILABLE,1886,0.0,0.0,0.0,0.0,0.0
2021-03-03,0.4241233954524932,0.5758766045475068,UNIVERSAL_MIXTURE_BUDGET_AVAILABLE,1887,0.0,0.0,0.0,0.0,0.0
2021-03-04,0.4241233954524934,0.5758766045475066,UNIVERSAL_MIXTURE_BUDGET_AVAILABLE,1888,0.0,0.0,0.0,0.0,0.0
2021-03-05,0.42412339545249333,0.5758766045475067,UNIVERSAL_MIXTURE_BUDGET_AVAILABLE,1889,0.0,0.0,0.0,0.0,0.0
2021-03-08,0.42412339545249333,0.5758766045475067,UNIVERSAL_MIXTURE_BUDGET_AVAILABLE,1890,0.0,0.0,0.0,0.0,0.0
2021-03-09,0.4241233954524933,0.5758766045475068,UNIVERSAL_MIXTURE_BUDGET_AVAILABLE,1891,0.0,0.0,0.0,0.0,0.0
2021-03-10,0.4241233954524934,0.5758766045475066,UNIVERSAL_MIXTURE_BUDGET_AVAILABLE,1892,0.0,0.0,0.0,0.0,0.0
2021-03-11,0.4241233954524934,0.5758766045475066,UNIVERSAL_MIXTURE_BUDGET_AVAILABLE,1893,0.0,0.0,0.0,0.0,0.0
2021-03-12,0.4241233954524935,0.5758766045475066,UNIVERSAL_MIXTURE_BUDGET_AVAILABLE,1894,0.0,0.0,0.0,0.0,0.0
2021-03-15,0.42412339545249333,0.5758766045475067,UNIVERSAL_MIXTURE_BUDGET_AVAILABLE,1895,0.0,0.0,0.0,0.0,0.0
2021-03-16,0.42412339545249345,0.5758766045475066,UNIVERSAL_MIXTURE_BUDGET_AVAILABLE,1896,0.0,0.0,0.0,0.0,0.0
2021-03-17,0.42412339545249317,0.5758766045475068,UNIVERSAL_MIXTURE_BUDGET_AVAILABLE,1897,0.0,0.0,0.0,0.0,0.0
2021-03-18,0.4241233954524932,0.5758766045475068,UNIVERSAL_MIXTURE_BUDGET_AVAILABLE,1898,0.0,0.0,0.0,0.0,0.0
2021-03-19,0.4241233954524934,0.5758766045475066,UNIVERSAL_MIXTURE_BUDGET_AVAILABLE,1899,0.0,0.0,0.0,0.0,0.0
2021-03-22,0.4241233954524932,0.5758766045475068,UNIVERSAL_MIXTURE_BUDGET_AVAILABLE,1900,0.0,0.0,0.0,0.0,0.0
2021-03-23,0.42412339545249345,0.5758766045475066,UNIVERSAL_MIXTURE_BUDGET_AVAILABLE,1901,0.0,0.0,0.0,0.0,0.0
2021-03-24,0.4241233954524935,0.5758766045475066,UNIVERSAL_MIXTURE_BUDGET_AVAILABLE,1902,0.0,0.0,0.0,0.0,0.0
2021-03-25,0.42412339545249333,0.5758766045475067,UNIVERSAL_MIXTURE_BUDGET_AVAILABLE,1903,0.0,0.0,0.0,0.0,0.0
2021-03-26,0.4241233954524934,0.5758766045475066,UNIVERSAL_MIXTURE_BUDGET_AVAILABLE,1904,0.0,0.0,0.0,0.0,0.0
2021-03-29,0.4241233954524934,0.5758766045475066,UNIVERSAL_MIXTURE_BUDGET_AVAILABLE,1905,0.0,0.0,0.0,0.0,0.0
2021-03-30,0.4241233954524934,0.5758766045475066,UNIVERSAL_MIXTURE_BUDGET_AVAILABLE,1906,0.0,0.0,0.0,0.0,0.0
2021-03-31,0.42412339545249333,0.5758766045475067,UNIVERSAL_MIXTURE_BUDGET_AVAILABLE,1907,0.0,0.0,0.0,0.0,0.0
2021-04-01,0.42412339545249333,0.5758766045475067,UNIVERSAL_MIXTURE_BUDGET_AVAILABLE,1908,0.0,0.0,0.0,0.0,0.0
2021-04-02,0.42412339545249333,0.5758766045475067,UNIVERSAL_MIXTURE_BUDGET_AVAILABLE,1909,0.0,0.0,0.0,0.0,0.0
2021-04-06,0.42412339545249345,0.5758766045475066,UNIVERSAL_MIXTURE_BUDGET_AVAILABLE,1910,0.0,0.0,0.0,0.0,0.0
2021-04-07,0.42412339545249345,0.5758766045475066,UNIVERSAL_MIXTURE_BUDGET_AVAILABLE,1911,0.0,0.0,0.0,0.0,0.0
2021-04-08,0.42412339545249345,0.5758766045475066,UNIVERSAL_MIXTURE_BUDGET_AVAILABLE,1912,0.0,0.0,0.0,0.0,0.0
2021-04-09,0.4241233954524933,0.5758766045475068,UNIVERSAL_MIXTURE_BUDGET_AVAILABLE,1913,0.0,0.0,0.0,0.0,0.0
2021-04-12,0.42412339545249333,0.5758766045475067,UNIVERSAL_MIXTURE_BUDGET_AVAILABLE,1914,0.0,0.0,0.0,0.0,0.0
2021-04-13,0.42412339545249333,0.5758766045475067,UNIVERSAL_MIXTURE_BUDGET_AVAILABLE,1915,0.0,0.0,0.0,0.0,0.0
2021-04-14,0.4241233954524933,0.5758766045475068,UNIVERSAL_MIXTURE_BUDGET_AVAILABLE,1916,0.0,0.0,0.0,0.0,0.0
2021-04-15,0.4241233954524934,0.5758766045475066,UNIVERSAL_MIXTURE_BUDGET_AVAILABLE,1917,0.0,0.0,0.0,0.0,0.0
2021-04-16,0.4241233954524933,0.5758766045475068,UNIVERSAL_MIXTURE_BUDGET_AVAILABLE,1918,0.0,0.0,0.0,0.0,0.0
2021-04-19,0.4241233954524934,0.5758766045475066,UNIVERSAL_MIXTURE_BUDGET_AVAILABLE,1919,0.0,0.0,0.0,0.0,0.0
2021-04-20,0.42412339545249333,0.5758766045475067,UNIVERSAL_MIXTURE_BUDGET_AVAILABLE,1920,0.0,0.0,0.0,0.0,0.0
2021-04-21,0.42412339545249333,0.5758766045475067,UNIVERSAL_MIXTURE_BUDGET_AVAILABLE,1921,0.0,0.0,0.0,0.0,0.0
2021-04-22,0.42412339545249345,0.5758766045475066,UNIVERSAL_MIXTURE_BUDGET_AVAILABLE,1922,0.0,0.0,0.0,0.0,0.0
2021-04-23,0.42412339545249317,0.5758766045475068,UNIVERSAL_MIXTURE_BUDGET_AVAILABLE,1923,0.0,0.0,0.0,0.0,0.0
2021-04-26,0.42412339545249345,0.5758766045475066,UNIVERSAL_MIXTURE_BUDGET_AVAILABLE,1924,0.0,0.0,0.0,0.0,0.0
2021-04-27,0.4241233954524933,0.5758766045475068,UNIVERSAL_MIXTURE_BUDGET_AVAILABLE,1925,0.0,0.0,0.0,0.0,0.0
2021-04-28,0.4241233954524935,0.5758766045475066,UNIVERSAL_MIXTURE_BUDGET_AVAILABLE,1926,0.0,0.0,0.0,0.0,0.0
2021-04-29,0.42412339545249333,0.5758766045475067,UNIVERSAL_MIXTURE_BUDGET_AVAILABLE,1927,0.0,0.0,0.0,0.0,0.0
2021-04-30,0.42412339545249333,0.5758766045475067,UNIVERSAL_MIXTURE_BUDGET_AVAILABLE,1928,0.0,0.0,0.0,0.0,0.0
2021-05-06,0.42412339545249333,0.5758766045475067,UNIVERSAL_MIXTURE_BUDGET_AVAILABLE,1929,0.0,0.0,0.0,0.0,0.0
2021-05-07,0.42412339545249333,0.5758766045475067,UNIVERSAL_MIXTURE_BUDGET_AVAILABLE,1930,0.0,0.0,0.0,0.0,0.0
2021-05-10,0.4241233954524933,0.5758766045475068,UNIVERSAL_MIXTURE_BUDGET_AVAILABLE,1931,0.0,0.0,0.0,0.0,0.0
2021-05-11,0.4241233954524933,0.5758766045475068,UNIVERSAL_MIXTURE_BUDGET_AVAILABLE,1932,0.0,0.0,0.0,0.0,0.0
2021-05-12,0.4241233954524932,0.5758766045475068,UNIVERSAL_MIXTURE_BUDGET_AVAILABLE,1933,0.0,0.0,0.0,0.0,0.0
2021-05-13,0.4241233954524934,0.5758766045475066,UNIVERSAL_MIXTURE_BUDGET_AVAILABLE,1934,0.0,0.0,0.0,0.0,0.0
2021-05-14,0.4241233954524934,0.5758766045475066,UNIVERSAL_MIXTURE_BUDGET_AVAILABLE,1935,0.0,0.0,0.0,0.0,0.0
2021-05-17,0.4241233954524933,0.5758766045475068,UNIVERSAL_MIXTURE_BUDGET_AVAILABLE,1936,0.0,0.0,0.0,0.0,0.0
2021-05-18,0.4241233954524933,0.5758766045475068,UNIVERSAL_MIXTURE_BUDGET_AVAILABLE,1937,0.0,0.0,0.0,0.0,0.0
2021-05-19,0.4241233954524934,0.5758766045475066,UNIVERSAL_MIXTURE_BUDGET_AVAILABLE,1938,0.0,0.0,0.0,0.0,0.0
2021-05-20,0.4241233954524933,0.5758766045475068,UNIVERSAL_MIXTURE_BUDGET_AVAILABLE,1939,0.0,0.0,0.0,0.0,0.0
2021-05-21,0.4241233954524934,0.5758766045475066,UNIVERSAL_MIXTURE_BUDGET_AVAILABLE,1940,0.0,0.0,0.0,0.0,0.0
2021-05-24,0.42412339545249333,0.5758766045475067,UNIVERSAL_MIXTURE_BUDGET_AVAILABLE,1941,0.0,0.0,0.0,0.0,0.0
2021-05-25,0.42412339545249345,0.5758766045475066,UNIVERSAL_MIXTURE_BUDGET_AVAILABLE,1942,0.0,0.0,0.0,0.0,0.0
2021-05-26,0.42412339545249333,0.5758766045475067,UNIVERSAL_MIXTURE_BUDGET_AVAILABLE,1943,0.0,0.0,0.0,0.0,0.0
2021-05-27,0.42412339545249333,0.5758766045475067,UNIVERSAL_MIXTURE_BUDGET_AVAILABLE,1944,0.0,0.0,0.0,0.0,0.0
2021-05-28,0.4241233954524934,0.5758766045475066,UNIVERSAL_MIXTURE_BUDGET_AVAILABLE,1945,0.0,0.0,0.0,0.0,0.0
2021-05-31,0.4241233954524931,0.5758766045475069,UNIVERSAL_MIXTURE_BUDGET_AVAILABLE,1946,0.0,0.0,0.0,0.0,0.0
2021-06-01,0.4241233954524932,0.5758766045475068,UNIVERSAL_MIXTURE_BUDGET_AVAILABLE,1947,0.0,0.0,0.0,0.0,0.0
2021-06-02,0.42412339545249333,0.5758766045475067,UNIVERSAL_MIXTURE_BUDGET_AVAILABLE,1948,0.0,0.0,0.0,0.0,0.0
2021-06-03,0.4241233954524935,0.5758766045475066,UNIVERSAL_MIXTURE_BUDGET_AVAILABLE,1949,0.0,0.0,0.0,0.0,0.0
2021-06-04,0.42412339545249333,0.5758766045475067,UNIVERSAL_MIXTURE_BUDGET_AVAILABLE,1950,0.0,0.0,0.0,0.0,0.0
2021-06-07,0.4241233954524933,0.5758766045475068,UNIVERSAL_MIXTURE_BUDGET_AVAILABLE,1951,0.0,1.0,0.5758766045475068,0.0,0.0
2021-06-08,0.42481831491213967,0.5751816850878604,UNIVERSAL_MIXTURE_BUDGET_AVAILABLE,1952,0.0,1.0,0.5751816850878604,0.0,-0.008696467651592266
2021-06-09,0.4246971754264547,0.5753028245735453,UNIVERSAL_MIXTURE_BUDGET_AVAILABLE,1953,0.0,1.0,0.5753028245735453,0.0,0.0015237628180393425
2021-06-10,0.4241846417147984,0.5758153582852016,UNIVERSAL_MIXTURE_BUDGET_AVAILABLE,1954,0.0,1.0,0.5758153582852016,0.0,0.006466139114308378
2021-06-11,0.42492479902744684,0.5750752009725532,UNIVERSAL_MIXTURE_BUDGET_AVAILABLE,1955,0.0,1.0,0.5750752009725532,0.0,-0.009258977709167726
2021-06-15,0.4258261146444459,0.574173885355554,UNIVERSAL_MIXTURE_BUDGET_AVAILABLE,1956,0.0,1.0,0.574173885355554,0.0,-0.011252753995161013
2021-06-16,0.4269257254926039,0.5730742745073961,UNIVERSAL_MIXTURE_BUDGET_AVAILABLE,1957,0.0,1.0,0.5730742745073961,0.0,-0.013695562518839965
2021-06-17,0.42675436226711333,0.5732456377328867,UNIVERSAL_MIXTURE_BUDGET_AVAILABLE,1958,0.0,1.0,0.5732456377328867,0.0,0.0021513111302684518
2021-06-18,0.4266765992593224,0.5733234007406776,UNIVERSAL_MIXTURE_BUDGET_AVAILABLE,1959,0.0,1.0,0.5733234007406776,0.0,0.0009757695117653675
2021-06-21,0.42678549818345046,0.5732145018165495,UNIVERSAL_MIXTURE_BUDGET_AVAILABLE,1960,0.0,1.0,0.5732145018165495,0.0,-0.0013647456392855695
2021-06-22,0.42638190702666345,0.5736180929733365,UNIVERSAL_MIXTURE_BUDGET_AVAILABLE,1961,0.0,1.0,0.5736180929733365,0.0,0.005075982656827405
2021-06-23,0.4259036029466372,0.5740963970533628,UNIVERSAL_MIXTURE_BUDGET_AVAILABLE,1962,0.0,1.0,0.5740963970533628,0.0,0.006021567794066485
2021-06-24,0.4257039285686281,0.5742960714313718,UNIVERSAL_MIXTURE_BUDGET_AVAILABLE,1963,0.0,1.0,0.5742960714313718,0.0,0.0025100591000222217
2021-06-25,0.42447243715003247,0.5755275628499675,UNIVERSAL_MIXTURE_BUDGET_AVAILABLE,1964,0.0,1.0,0.5755275628499675,0.0,0.015600440978986496
2021-06-28,0.4243368200142228,0.5756631799857772,UNIVERSAL_MIXTURE_BUDGET_AVAILABLE,1965,0.0,1.0,0.5756631799857772,0.0,0.0017067561819170685
2021-06-29,0.425154623170848,0.5748453768291519,UNIVERSAL_MIXTURE_BUDGET_AVAILABLE,1966,0.0,1.0,0.5748453768291519,0.0,-0.010223088771542987
2021-06-30,0.42468425941473387,0.5753157405852661,UNIVERSAL_MIXTURE_BUDGET_AVAILABLE,1967,0.0,1.0,0.5753157405852661,0.0,0.005929427282170829
2021-07-01,0.4247145201211533,0.5752854798788467,UNIVERSAL_MIXTURE_BUDGET_AVAILABLE,1968,0.0,1.0,0.5752854798788467,0.0,-0.00038028880083329497
2021-07-02,0.42688175616512813,0.5731182438348719,UNIVERSAL_MIXTURE_BUDGET_AVAILABLE,1969,0.0,1.0,0.5731182438348719,0.0,-0.026820560017343342
2021-07-05,0.426772731500971,0.5732272684990289,UNIVERSAL_MIXTURE_BUDGET_AVAILABLE,1970,0.0,1.0,0.5732272684990289,0.0,0.001368213413967423
2021-07-06,0.426663868592558,0.573336131407442,UNIVERSAL_MIXTURE_BUDGET_AVAILABLE,1971,0.0,1.0,0.573336131407442,0.0,0.001366343963827843
2021-07-07,0.42584504838967596,0.574154951610324,UNIVERSAL_MIXTURE_BUDGET_AVAILABLE,1972,0.0,1.0,0.574154951610324,0.0,0.010331059944731269
2021-07-08,0.4265245612020425,0.5734754387979575,UNIVERSAL_MIXTURE_BUDGET_AVAILABLE,1973,0.0,1.0,0.5734754387979575,0.0,-0.008489028349964123
2021-07-09,0.4268978317082583,0.5731021682917417,UNIVERSAL_MIXTURE_BUDGET_AVAILABLE,1974,0.0,1.0,0.5731021682917417,0.0,-0.004670023058115813
2021-07-12,0.42584570191743726,0.5741542980825627,UNIVERSAL_MIXTURE_BUDGET_AVAILABLE,1975,0.0,1.0,0.5741542980825627,0.0,0.013293814417856487
2021-07-13,0.42560024777480737,0.5743997522251927,UNIVERSAL_MIXTURE_BUDGET_AVAILABLE,1976,0.0,1.0,0.5743997522251927,0.0,0.0030869193999869537
2021-07-14,0.42647882827154443,0.5735211717284556,UNIVERSAL_MIXTURE_BUDGET_AVAILABLE,1977,0.0,1.0,0.5735211717284556,0.0,-0.010963307515794996
2021-07-15,0.4254326747163722,0.5745673252836279,UNIVERSAL_MIXTURE_BUDGET_AVAILABLE,1978,0.0,1.0,0.5745673252836279,0.0,0.013224012442616173
2021-07-16,0.4262164293599027,0.5737835706400973,UNIVERSAL_MIXTURE_BUDGET_AVAILABLE,1979,0.0,1.0,0.5737835706400973,0.0,-0.009788565223649348
2021-07-19,0.4258774545996536,0.5741225454003465,UNIVERSAL_MIXTURE_BUDGET_AVAILABLE,1980,0.0,1.0,0.5741225454003465,0.0,0.00426425931217822
2021-07-20,0.42607760918230764,0.5739223908176924,UNIVERSAL_MIXTURE_BUDGET_AVAILABLE,1981,0.0,0.0,0.0,0.0,-0.0025090901823844325
2021-07-21,0.42590878023476436,0.5740912197652357,UNIVERSAL_MIXTURE_BUDGET_AVAILABLE,1982,0.0,0.0,0.0,0.0,0.0021215670656937746
2021-07-22,0.42590878023476425,0.5740912197652357,UNIVERSAL_MIXTURE_BUDGET_AVAILABLE,1983,0.0,0.0,0.0,0.0,0.0
2021-07-23,0.42590878023476425,0.5740912197652357,UNIVERSAL_MIXTURE_BUDGET_AVAILABLE,1984,0.0,0.0,0.0,0.0,0.0
2021-07-26,0.4259087802347643,0.5740912197652357,UNIVERSAL_MIXTURE_BUDGET_AVAILABLE,1985,0.0,0.0,0.0,0.0,0.0
2021-07-27,0.4259087802347643,0.5740912197652357,UNIVERSAL_MIXTURE_BUDGET_AVAILABLE,1986,0.0,0.0,0.0,0.0,0.0
2021-07-28,0.42590878023476425,0.5740912197652357,UNIVERSAL_MIXTURE_BUDGET_AVAILABLE,1987,1.0,0.0,0.42590878023476425,0.0,0.0
2021-07-29,0.4259577426091591,0.5740422573908409,UNIVERSAL_MIXTURE_BUDGET_AVAILABLE,1988,1.0,0.0,0.4259577426091591,0.0006148060925306176,0.0
2021-07-30,0.42540497339916006,0.5745950266008399,UNIVERSAL_MIXTURE_BUDGET_AVAILABLE,1989,1.0,0.0,0.42540497339916006,-0.0069183214665282655,0.0
2021-08-02,0.4273582399875209,0.5726417600124791,UNIVERSAL_MIXTURE_BUDGET_AVAILABLE,1990,1.0,0.0,0.4273582399875209,0.02479260845439679,0.0
2021-08-03,0.427390138500159,0.5726098614998409,UNIVERSAL_MIXTURE_BUDGET_AVAILABLE,1991,1.0,0.0,0.427390138500159,0.0003998810858738544,0.0
2021-08-04,0.42808914210007254,0.5719108578999275,UNIVERSAL_MIXTURE_BUDGET_AVAILABLE,1992,1.0,0.0,0.42808914210007254,0.00879386738798793,0.0
2021-08-05,0.4276133631402439,0.5723866368597561,UNIVERSAL_MIXTURE_BUDGET_AVAILABLE,1993,1.0,0.0,0.4276133631402439,-0.005943551866698815,0.0
2021-08-06,0.42735852899801946,0.5726414710019805,UNIVERSAL_MIXTURE_BUDGET_AVAILABLE,1994,1.0,0.0,0.42735852899801946,-0.0031888474088757057,0.0
2021-08-09,0.4282317807817861,0.5717682192182139,UNIVERSAL_MIXTURE_BUDGET_AVAILABLE,1995,1.0,0.0,0.4282317807817861,0.010996729861535437,0.0
2021-08-10,0.429127662848398,0.570872337151602,UNIVERSAL_MIXTURE_BUDGET_AVAILABLE,1996,0.0,0.0,0.0,0.011272648675105357,0.0
2021-08-11,0.428955256863242,0.571044743136758,UNIVERSAL_MIXTURE_BUDGET_AVAILABLE,1997,0.0,0.0,0.0,-0.002154889663971926,0.0
2021-08-12,0.42895525686324193,0.571044743136758,UNIVERSAL_MIXTURE_BUDGET_AVAILABLE,1998,0.0,0.0,0.0,0.0,0.0
2021-08-13,0.42895525686324193,0.571044743136758,UNIVERSAL_MIXTURE_BUDGET_AVAILABLE,1999,0.0,0.0,0.0,0.0,0.0
2021-08-16,0.4289552568632419,0.5710447431367581,UNIVERSAL_MIXTURE_BUDGET_AVAILABLE,2000,0.0,0.0,0.0,0.0,0.0
2021-08-17,0.42895525686324193,0.571044743136758,UNIVERSAL_MIXTURE_BUDGET_AVAILABLE,2001,0.0,0.0,0.0,0.0,0.0
2021-08-18,0.428955256863242,0.571044743136758,UNIVERSAL_MIXTURE_BUDGET_AVAILABLE,2002,0.0,0.0,0.0,0.0,0.0
2021-08-19,0.4289552568632418,0.5710447431367582,UNIVERSAL_MIXTURE_BUDGET_AVAILABLE,2003,0.0,0.0,0.0,0.0,0.0
2021-08-20,0.4289552568632419,0.5710447431367581,UNIVERSAL_MIXTURE_BUDGET_AVAILABLE,2004,0.0,0.0,0.0,0.0,0.0
2021-08-23,0.4289552568632418,0.5710447431367582,UNIVERSAL_MIXTURE_BUDGET_AVAILABLE,2005,0.0,0.0,0.0,0.0,0.0
2021-08-24,0.4289552568632419,0.5710447431367581,UNIVERSAL_MIXTURE_BUDGET_AVAILABLE,2006,0.0,0.0,0.0,0.0,0.0
2021-08-25,0.42895525686324204,0.571044743136758,UNIVERSAL_MIXTURE_BUDGET_AVAILABLE,2007,0.0,0.0,0.0,0.0,0.0
2021-08-26,0.42895525686324193,0.571044743136758,UNIVERSAL_MIXTURE_BUDGET_AVAILABLE,2008,0.0,0.0,0.0,0.0,0.0
2021-08-27,0.4289552568632419,0.5710447431367581,UNIVERSAL_MIXTURE_BUDGET_AVAILABLE,2009,0.0,0.0,0.0,0.0,0.0
2021-08-30,0.4289552568632419,0.5710447431367581,UNIVERSAL_MIXTURE_BUDGET_AVAILABLE,2010,0.0,0.0,0.0,0.0,0.0
2021-08-31,0.4289552568632421,0.5710447431367579,UNIVERSAL_MIXTURE_BUDGET_AVAILABLE,2011,0.0,0.0,0.0,0.0,0.0
2021-09-01,0.42895525686324215,0.5710447431367578,UNIVERSAL_MIXTURE_BUDGET_AVAILABLE,2012,0.0,0.0,0.0,0.0,0.0
2021-09-02,0.428955256863242,0.571044743136758,UNIVERSAL_MIXTURE_BUDGET_AVAILABLE,2013,0.0,0.0,0.0,0.0,0.0
2021-09-03,0.4289552568632419,0.5710447431367581,UNIVERSAL_MIXTURE_BUDGET_AVAILABLE,2014,0.0,0.0,0.0,0.0,0.0
2021-09-06,0.42895525686324193,0.571044743136758,UNIVERSAL_MIXTURE_BUDGET_AVAILABLE,2015,0.0,0.0,0.0,0.0,0.0
2021-09-07,0.428955256863242,0.571044743136758,UNIVERSAL_MIXTURE_BUDGET_AVAILABLE,2016,0.0,0.0,0.0,0.0,0.0
2021-09-08,0.4289552568632419,0.5710447431367581,UNIVERSAL_MIXTURE_BUDGET_AVAILABLE,2017,0.0,0.0,0.0,0.0,0.0
2021-09-09,0.42895525686324193,0.571044743136758,UNIVERSAL_MIXTURE_BUDGET_AVAILABLE,2018,0.0,0.0,0.0,0.0,0.0
2021-09-10,0.42895525686324193,0.571044743136758,UNIVERSAL_MIXTURE_BUDGET_AVAILABLE,2019,0.0,0.0,0.0,0.0,0.0
2021-09-13,0.4289552568632419,0.5710447431367581,UNIVERSAL_MIXTURE_BUDGET_AVAILABLE,2020,0.0,0.0,0.0,0.0,0.0
2021-09-14,0.42895525686324204,0.571044743136758,UNIVERSAL_MIXTURE_BUDGET_AVAILABLE,2021,0.0,0.0,0.0,0.0,0.0
2021-09-15,0.4289552568632419,0.5710447431367581,UNIVERSAL_MIXTURE_BUDGET_AVAILABLE,2022,0.0,0.0,0.0,0.0,0.0
2021-09-16,0.4289552568632418,0.5710447431367582,UNIVERSAL_MIXTURE_BUDGET_AVAILABLE,2023,0.0,0.0,0.0,0.0,0.0
2021-09-17,0.428955256863242,0.571044743136758,UNIVERSAL_MIXTURE_BUDGET_AVAILABLE,2024,0.0,0.0,0.0,0.0,0.0
2021-09-22,0.42895525686324193,0.571044743136758,UNIVERSAL_MIXTURE_BUDGET_AVAILABLE,2025,0.0,0.0,0.0,0.0,0.0
2021-09-23,0.428955256863242,0.571044743136758,UNIVERSAL_MIXTURE_BUDGET_AVAILABLE,2026,0.0,0.0,0.0,0.0,0.0
2021-09-24,0.4289552568632418,0.5710447431367582,UNIVERSAL_MIXTURE_BUDGET_AVAILABLE,2027,0.0,0.0,0.0,0.0,0.0
2021-09-27,0.428955256863242,0.571044743136758,UNIVERSAL_MIXTURE_BUDGET_AVAILABLE,2028,0.0,0.0,0.0,0.0,0.0
2021-09-28,0.42895525686324176,0.5710447431367582,UNIVERSAL_MIXTURE_BUDGET_AVAILABLE,2029,0.0,0.0,0.0,0.0,0.0
2021-09-29,0.428955256863242,0.571044743136758,UNIVERSAL_MIXTURE_BUDGET_AVAILABLE,2030,0.0,0.0,0.0,0.0,0.0
2021-09-30,0.42895525686324193,0.571044743136758,UNIVERSAL_MIXTURE_BUDGET_AVAILABLE,2031,0.0,0.0,0.0,0.0,0.0
2021-10-08,0.4289552568632419,0.5710447431367581,UNIVERSAL_MIXTURE_BUDGET_AVAILABLE,2032,0.0,0.0,0.0,0.0,0.0
2021-10-11,0.42895525686324204,0.571044743136758,UNIVERSAL_MIXTURE_BUDGET_AVAILABLE,2033,0.0,0.0,0.0,0.0,0.0
2021-10-12,0.42895525686324193,0.571044743136758,UNIVERSAL_MIXTURE_BUDGET_AVAILABLE,2034,0.0,0.0,0.0,0.0,0.0
2021-10-13,0.428955256863242,0.571044743136758,UNIVERSAL_MIXTURE_BUDGET_AVAILABLE,2035,0.0,0.0,0.0,0.0,0.0
2021-10-14,0.4289552568632418,0.5710447431367582,UNIVERSAL_MIXTURE_BUDGET_AVAILABLE,2036,0.0,0.0,0.0,0.0,0.0
2021-10-15,0.4289552568632421,0.5710447431367579,UNIVERSAL_MIXTURE_BUDGET_AVAILABLE,2037,0.0,0.0,0.0,0.0,0.0
2021-10-18,0.4289552568632418,0.5710447431367582,UNIVERSAL_MIXTURE_BUDGET_AVAILABLE,2038,0.0,0.0,0.0,0.0,0.0
2021-10-19,0.42895525686324204,0.571044743136758,UNIVERSAL_MIXTURE_BUDGET_AVAILABLE,2039,0.0,0.0,0.0,0.0,0.0
2021-10-20,0.42895525686324193,0.571044743136758,UNIVERSAL_MIXTURE_BUDGET_AVAILABLE,2040,0.0,0.0,0.0,0.0,0.0
2021-10-21,0.428955256863242,0.571044743136758,UNIVERSAL_MIXTURE_BUDGET_AVAILABLE,2041,0.0,0.0,0.0,0.0,0.0
2021-10-22,0.42895525686324204,0.571044743136758,UNIVERSAL_MIXTURE_BUDGET_AVAILABLE,2042,0.0,0.0,0.0,0.0,0.0
2021-10-25,0.4289552568632419,0.5710447431367581,UNIVERSAL_MIXTURE_BUDGET_AVAILABLE,2043,0.0,0.0,0.0,0.0,0.0
2021-10-26,0.42895525686324176,0.5710447431367582,UNIVERSAL_MIXTURE_BUDGET_AVAILABLE,2044,0.0,0.0,0.0,0.0,0.0
2021-10-27,0.42895525686324193,0.571044743136758,UNIVERSAL_MIXTURE_BUDGET_AVAILABLE,2045,0.0,0.0,0.0,0.0,0.0
2021-10-28,0.42895525686324176,0.5710447431367582,UNIVERSAL_MIXTURE_BUDGET_AVAILABLE,2046,0.0,1.0,0.5710447431367582,0.0,0.0
2021-10-29,0.4284568405253574,0.5715431594746426,UNIVERSAL_MIXTURE_BUDGET_AVAILABLE,2047,0.0,1.0,0.5715431594746426,0.0,0.0062588557580240956
2021-11-01,0.42871365267717054,0.5712863473228295,UNIVERSAL_MIXTURE_BUDGET_AVAILABLE,2048,0.0,1.0,0.5712863473228295,0.0,-0.003209228518360474
2021-11-02,0.42955469783866185,0.5704453021613382,UNIVERSAL_MIXTURE_BUDGET_AVAILABLE,2049,0.0,1.0,0.5704453021613382,0.0,-0.010463572680521782
2021-11-03,0.42988068517168354,0.5701193148283165,UNIVERSAL_MIXTURE_BUDGET_AVAILABLE,2050,0.0,1.0,0.5701193148283165,0.0,-0.004067006448536303
2021-11-04,0.4291171884977124,0.5708828115022876,UNIVERSAL_MIXTURE_BUDGET_AVAILABLE,2051,0.0,1.0,0.5708828115022876,0.0,0.009596494157683155
2021-11-05,0.4293925389840546,0.5706074610159454,UNIVERSAL_MIXTURE_BUDGET_AVAILABLE,2052,0.0,1.0,0.5706074610159454,0.0,-0.0034380788512966554
2021-11-08,0.42945747201563356,0.5705425279843664,UNIVERSAL_MIXTURE_BUDGET_AVAILABLE,2053,0.0,1.0,0.5705425279843664,0.0,-0.0008117505922606849
2021-11-09,0.4294899595891177,0.5705100404108823,UNIVERSAL_MIXTURE_BUDGET_AVAILABLE,2054,0.0,1.0,0.5705100404108823,0.0,-0.00040620503330657254
2021-11-10,0.42989731942317816,0.5701026805768219,UNIVERSAL_MIXTURE_BUDGET_AVAILABLE,2055,0.0,1.0,0.5701026805768219,0.0,-0.005079626286097927
2021-11-11,0.4286024177641387,0.5713975822358612,UNIVERSAL_MIXTURE_BUDGET_AVAILABLE,2056,0.0,1.0,0.5713975822358612,0.0,0.016337794003390194
2021-11-12,0.42863453010143093,0.5713654698985691,UNIVERSAL_MIXTURE_BUDGET_AVAILABLE,2057,0.0,1.0,0.5713654698985691,0.0,-0.00040187903322574936
2021-11-15,0.42873095343383816,0.5712690465661618,UNIVERSAL_MIXTURE_BUDGET_AVAILABLE,2058,0.0,1.0,0.5712690465661618,0.0,-0.0012061218147456643
2021-11-16,0.42879530507252234,0.5712046949274776,UNIVERSAL_MIXTURE_BUDGET_AVAILABLE,2059,0.0,1.0,0.5712046949274776,0.0,-0.00080505220085203
2021-11-17,0.42881140148384717,0.5711885985161529,UNIVERSAL_MIXTURE_BUDGET_AVAILABLE,2060,0.0,1.0,0.5711885985161529,0.0,-0.00020142520802013397
2021-11-18,0.42952332145059174,0.5704766785494082,UNIVERSAL_MIXTURE_BUDGET_AVAILABLE,2061,0.0,1.0,0.5704766785494082,0.0,-0.008864494685566604
2021-11-19,0.4286350091056084,0.5713649908943916,UNIVERSAL_MIXTURE_BUDGET_AVAILABLE,2062,0.0,0.0,0.0,0.0,0.01117972093376185
2021-11-22,0.4286349159612762,0.5713650840387239,UNIVERSAL_MIXTURE_BUDGET_AVAILABLE,2063,0.0,0.0,0.0,0.0,1.1659177543421606e-06
2021-11-23,0.4286349159612762,0.5713650840387239,UNIVERSAL_MIXTURE_BUDGET_AVAILABLE,2064,0.0,0.0,0.0,0.0,0.0
2021-11-24,0.42863491596127623,0.5713650840387238,UNIVERSAL_MIXTURE_BUDGET_AVAILABLE,2065,0.0,1.0,0.5713650840387238,0.0,0.0
2021-11-25,0.4290191181909464,0.5709808818090536,UNIVERSAL_MIXTURE_BUDGET_AVAILABLE,2066,0.0,1.0,0.5709808818090536,0.0,-0.0047960024971335224
2021-11-26,0.42969638898516804,0.570303611014832,UNIVERSAL_MIXTURE_BUDGET_AVAILABLE,2067,0.0,1.0,0.570303611014832,0.0,-0.008433380944934066
2021-11-29,0.42980985105569675,0.5701901489443033,UNIVERSAL_MIXTURE_BUDGET_AVAILABLE,2068,0.0,1.0,0.5701901489443033,0.0,-0.0014175179597734067
2021-11-30,0.4301024320049886,0.5698975679950113,UNIVERSAL_MIXTURE_BUDGET_AVAILABLE,2069,0.0,1.0,0.5698975679950113,0.0,-0.0036502204352988343
2021-12-01,0.4298910454574798,0.5701089545425202,UNIVERSAL_MIXTURE_BUDGET_AVAILABLE,2070,0.0,1.0,0.5701089545425202,0.0,0.0026459285367979035
2021-12-02,0.4297288482909905,0.5702711517090095,UNIVERSAL_MIXTURE_BUDGET_AVAILABLE,2071,0.0,1.0,0.5702711517090095,0.0,0.002029958518517949
2021-12-03,0.4290034906247757,0.5709965093752243,UNIVERSAL_MIXTURE_BUDGET_AVAILABLE,2072,0.0,1.0,0.5709965093752243,0.0,0.009116307607046181
2021-12-06,0.42908375794787196,0.5709162420521281,UNIVERSAL_MIXTURE_BUDGET_AVAILABLE,2073,0.0,1.0,0.5709162420521281,0.0,-0.0010037723697594592
2021-12-07,0.42863546935573105,0.571364530644269,UNIVERSAL_MIXTURE_BUDGET_AVAILABLE,2074,0.0,1.0,0.571364530644269,0.0,0.005626773270192009
2021-12-08,0.42749541119399415,0.5725045888060059,UNIVERSAL_MIXTURE_BUDGET_AVAILABLE,2075,0.0,0.0,0.0,0.0,0.014387888167368024
2021-12-09,0.4274956469741564,0.5725043530258436,UNIVERSAL_MIXTURE_BUDGET_AVAILABLE,2076,0.0,0.0,0.0,0.0,-2.9549610524037817e-06
2021-12-10,0.4274956469741563,0.5725043530258437,UNIVERSAL_MIXTURE_BUDGET_AVAILABLE,2077,0.0,0.0,0.0,0.0,0.0
2021-12-13,0.42749564697415643,0.5725043530258436,UNIVERSAL_MIXTURE_BUDGET_AVAILABLE,2078,0.0,0.0,0.0,0.0,0.0
2021-12-14,0.4274956469741564,0.5725043530258436,UNIVERSAL_MIXTURE_BUDGET_AVAILABLE,2079,0.0,0.0,0.0,0.0,0.0
2021-12-15,0.42749564697415626,0.5725043530258438,UNIVERSAL_MIXTURE_BUDGET_AVAILABLE,2080,0.0,0.0,0.0,0.0,0.0
2021-12-16,0.4274956469741563,0.5725043530258437,UNIVERSAL_MIXTURE_BUDGET_AVAILABLE,2081,0.0,0.0,0.0,0.0,0.0
2021-12-17,0.4274956469741563,0.5725043530258437,UNIVERSAL_MIXTURE_BUDGET_AVAILABLE,2082,0.0,0.0,0.0,0.0,0.0
2021-12-20,0.4274956469741563,0.5725043530258437,UNIVERSAL_MIXTURE_BUDGET_AVAILABLE,2083,0.0,0.0,0.0,0.0,0.0
2021-12-21,0.4274956469741563,0.5725043530258437,UNIVERSAL_MIXTURE_BUDGET_AVAILABLE,2084,0.0,0.0,0.0,0.0,0.0
2021-12-22,0.4274956469741563,0.5725043530258437,UNIVERSAL_MIXTURE_BUDGET_AVAILABLE,2085,0.0,0.0,0.0,0.0,0.0
2021-12-23,0.4274956469741562,0.5725043530258438,UNIVERSAL_MIXTURE_BUDGET_AVAILABLE,2086,0.0,0.0,0.0,0.0,0.0
2021-12-24,0.4274956469741563,0.5725043530258437,UNIVERSAL_MIXTURE_BUDGET_AVAILABLE,2087,0.0,0.0,0.0,0.0,0.0
2021-12-27,0.4274956469741564,0.5725043530258436,UNIVERSAL_MIXTURE_BUDGET_AVAILABLE,2088,0.0,0.0,0.0,0.0,0.0
2021-12-28,0.4274956469741564,0.5725043530258436,UNIVERSAL_MIXTURE_BUDGET_AVAILABLE,2089,0.0,0.0,0.0,0.0,0.0
2021-12-29,0.4274956469741564,0.5725043530258436,UNIVERSAL_MIXTURE_BUDGET_AVAILABLE,2090,0.0,0.0,0.0,0.0,0.0
2021-12-30,0.42749564697415643,0.5725043530258436,UNIVERSAL_MIXTURE_BUDGET_AVAILABLE,2091,0.0,0.0,0.0,0.0,0.0
2021-12-31,0.4274956469741563,0.5725043530258437,UNIVERSAL_MIXTURE_BUDGET_AVAILABLE,2092,0.0,0.0,0.0,0.0,0.0
2022-01-04,0.42749564697415626,0.5725043530258438,UNIVERSAL_MIXTURE_BUDGET_AVAILABLE,2093,0.0,0.0,0.0,0.0,0.0
2022-01-05,0.42749564697415643,0.5725043530258436,UNIVERSAL_MIXTURE_BUDGET_AVAILABLE,2094,0.0,0.0,0.0,0.0,0.0
2022-01-06,0.42749564697415643,0.5725043530258436,UNIVERSAL_MIXTURE_BUDGET_AVAILABLE,2095,0.0,0.0,0.0,0.0,0.0
2022-01-07,0.4274956469741563,0.5725043530258437,UNIVERSAL_MIXTURE_BUDGET_AVAILABLE,2096,0.0,0.0,0.0,0.0,0.0
2022-01-10,0.4274956469741564,0.5725043530258436,UNIVERSAL_MIXTURE_BUDGET_AVAILABLE,2097,0.0,0.0,0.0,0.0,0.0
2022-01-11,0.4274956469741564,0.5725043530258436,UNIVERSAL_MIXTURE_BUDGET_AVAILABLE,2098,0.0,0.0,0.0,0.0,0.0
2022-01-12,0.4274956469741563,0.5725043530258437,UNIVERSAL_MIXTURE_BUDGET_AVAILABLE,2099,0.0,0.0,0.0,0.0,0.0
2022-01-13,0.4274956469741563,0.5725043530258437,UNIVERSAL_MIXTURE_BUDGET_AVAILABLE,2100,0.0,0.0,0.0,0.0,0.0
2022-01-14,0.42749564697415643,0.5725043530258436,UNIVERSAL_MIXTURE_BUDGET_AVAILABLE,2101,0.0,0.0,0.0,0.0,0.0
2022-01-17,0.42749564697415626,0.5725043530258438,UNIVERSAL_MIXTURE_BUDGET_AVAILABLE,2102,0.0,0.0,0.0,0.0,0.0
2022-01-18,0.4274956469741564,0.5725043530258436,UNIVERSAL_MIXTURE_BUDGET_AVAILABLE,2103,0.0,0.0,0.0,0.0,0.0
2022-01-19,0.42749564697415626,0.5725043530258438,UNIVERSAL_MIXTURE_BUDGET_AVAILABLE,2104,0.0,0.0,0.0,0.0,0.0
2022-01-20,0.4274956469741561,0.5725043530258439,UNIVERSAL_MIXTURE_BUDGET_AVAILABLE,2105,0.0,0.0,0.0,0.0,0.0
2022-01-21,0.42749564697415626,0.5725043530258438,UNIVERSAL_MIXTURE_BUDGET_AVAILABLE,2106,0.0,0.0,0.0,0.0,0.0
2022-01-24,0.42749564697415615,0.5725043530258438,UNIVERSAL_MIXTURE_BUDGET_AVAILABLE,2107,0.0,0.0,0.0,0.0,0.0
2022-01-25,0.42749564697415626,0.5725043530258438,UNIVERSAL_MIXTURE_BUDGET_AVAILABLE,2108,0.0,0.0,0.0,0.0,0.0
2022-01-26,0.4274956469741562,0.5725043530258438,UNIVERSAL_MIXTURE_BUDGET_AVAILABLE,2109,0.0,0.0,0.0,0.0,0.0
2022-01-27,0.4274956469741564,0.5725043530258436,UNIVERSAL_MIXTURE_BUDGET_AVAILABLE,2110,0.0,0.0,0.0,0.0,0.0
2022-01-28,0.4274956469741563,0.5725043530258437,UNIVERSAL_MIXTURE_BUDGET_AVAILABLE,2111,0.0,0.0,0.0,0.0,0.0
2022-02-07,0.4274956469741563,0.5725043530258437,UNIVERSAL_MIXTURE_BUDGET_AVAILABLE,2112,0.0,0.0,0.0,0.0,0.0
2022-02-08,0.42749564697415626,0.5725043530258438,UNIVERSAL_MIXTURE_BUDGET_AVAILABLE,2113,0.0,0.0,0.0,0.0,0.0
2022-02-09,0.4274956469741564,0.5725043530258436,UNIVERSAL_MIXTURE_BUDGET_AVAILABLE,2114,0.0,0.0,0.0,0.0,0.0
2022-02-10,0.4274956469741564,0.5725043530258436,UNIVERSAL_MIXTURE_BUDGET_AVAILABLE,2115,0.0,0.0,0.0,0.0,0.0
2022-02-11,0.4274956469741564,0.5725043530258436,UNIVERSAL_MIXTURE_BUDGET_AVAILABLE,2116,0.0,0.0,0.0,0.0,0.0
2022-02-14,0.4274956469741563,0.5725043530258437,UNIVERSAL_MIXTURE_BUDGET_AVAILABLE,2117,0.0,0.0,0.0,0.0,0.0
2022-02-15,0.4274956469741563,0.5725043530258437,UNIVERSAL_MIXTURE_BUDGET_AVAILABLE,2118,0.0,0.0,0.0,0.0,0.0
2022-02-16,0.42749564697415626,0.5725043530258438,UNIVERSAL_MIXTURE_BUDGET_AVAILABLE,2119,0.0,0.0,0.0,0.0,0.0
2022-02-17,0.4274956469741564,0.5725043530258436,UNIVERSAL_MIXTURE_BUDGET_AVAILABLE,2120,0.0,0.0,0.0,0.0,0.0
2022-02-18,0.4274956469741563,0.5725043530258437,UNIVERSAL_MIXTURE_BUDGET_AVAILABLE,2121,0.0,0.0,0.0,0.0,0.0
2022-02-21,0.4274956469741563,0.5725043530258437,UNIVERSAL_MIXTURE_BUDGET_AVAILABLE,2122,0.0,0.0,0.0,0.0,0.0
2022-02-22,0.42749564697415615,0.5725043530258438,UNIVERSAL_MIXTURE_BUDGET_AVAILABLE,2123,0.0,0.0,0.0,0.0,0.0
2022-02-23,0.42749564697415615,0.5725043530258438,UNIVERSAL_MIXTURE_BUDGET_AVAILABLE,2124,0.0,0.0,0.0,0.0,0.0
2022-02-24,0.4274956469741563,0.5725043530258437,UNIVERSAL_MIXTURE_BUDGET_AVAILABLE,2125,0.0,0.0,0.0,0.0,0.0
2022-02-25,0.4274956469741562,0.5725043530258438,UNIVERSAL_MIXTURE_BUDGET_AVAILABLE,2126,0.0,0.0,0.0,0.0,0.0
2022-02-28,0.4274956469741564,0.5725043530258436,UNIVERSAL_MIXTURE_BUDGET_AVAILABLE,2127,0.0,0.0,0.0,0.0,0.0
2022-03-01,0.4274956469741564,0.5725043530258436,UNIVERSAL_MIXTURE_BUDGET_AVAILABLE,2128,0.0,0.0,0.0,0.0,0.0
2022-03-02,0.4274956469741564,0.5725043530258436,UNIVERSAL_MIXTURE_BUDGET_AVAILABLE,2129,0.0,0.0,0.0,0.0,0.0
2022-03-03,0.4274956469741563,0.5725043530258437,UNIVERSAL_MIXTURE_BUDGET_AVAILABLE,2130,0.0,0.0,0.0,0.0,0.0
2022-03-04,0.4274956469741563,0.5725043530258437,UNIVERSAL_MIXTURE_BUDGET_AVAILABLE,2131,0.0,0.0,0.0,0.0,0.0
2022-03-07,0.4274956469741563,0.5725043530258437,UNIVERSAL_MIXTURE_BUDGET_AVAILABLE,2132,0.0,0.0,0.0,0.0,0.0
2022-03-08,0.42749564697415626,0.5725043530258438,UNIVERSAL_MIXTURE_BUDGET_AVAILABLE,2133,0.0,0.0,0.0,0.0,0.0
2022-03-09,0.4274956469741565,0.5725043530258436,UNIVERSAL_MIXTURE_BUDGET_AVAILABLE,2134,0.0,0.0,0.0,0.0,0.0
2022-03-10,0.4274956469741564,0.5725043530258436,UNIVERSAL_MIXTURE_BUDGET_AVAILABLE,2135,0.0,0.0,0.0,0.0,0.0
2022-03-11,0.4274956469741563,0.5725043530258437,UNIVERSAL_MIXTURE_BUDGET_AVAILABLE,2136,0.0,0.0,0.0,0.0,0.0
2022-03-14,0.4274956469741563,0.5725043530258437,UNIVERSAL_MIXTURE_BUDGET_AVAILABLE,2137,0.0,0.0,0.0,0.0,0.0
2022-03-15,0.4274956469741564,0.5725043530258436,UNIVERSAL_MIXTURE_BUDGET_AVAILABLE,2138,0.0,0.0,0.0,0.0,0.0
2022-03-16,0.42749564697415643,0.5725043530258436,UNIVERSAL_MIXTURE_BUDGET_AVAILABLE,2139,0.0,0.0,0.0,0.0,0.0
2022-03-17,0.4274956469741564,0.5725043530258436,UNIVERSAL_MIXTURE_BUDGET_AVAILABLE,2140,0.0,0.0,0.0,0.0,0.0
2022-03-18,0.42749564697415643,0.5725043530258436,UNIVERSAL_MIXTURE_BUDGET_AVAILABLE,2141,0.0,0.0,0.0,0.0,0.0
2022-03-21,0.4274956469741562,0.5725043530258438,UNIVERSAL_MIXTURE_BUDGET_AVAILABLE,2142,0.0,0.0,0.0,0.0,0.0
2022-03-22,0.4274956469741563,0.5725043530258437,UNIVERSAL_MIXTURE_BUDGET_AVAILABLE,2143,0.0,0.0,0.0,0.0,0.0
2022-03-23,0.4274956469741563,0.5725043530258437,UNIVERSAL_MIXTURE_BUDGET_AVAILABLE,2144,0.0,0.0,0.0,0.0,0.0
2022-03-24,0.4274956469741563,0.5725043530258437,UNIVERSAL_MIXTURE_BUDGET_AVAILABLE,2145,0.0,0.0,0.0,0.0,0.0
2022-03-25,0.4274956469741564,0.5725043530258436,UNIVERSAL_MIXTURE_BUDGET_AVAILABLE,2146,0.0,0.0,0.0,0.0,0.0
2022-03-28,0.4274956469741563,0.5725043530258437,UNIVERSAL_MIXTURE_BUDGET_AVAILABLE,2147,0.0,0.0,0.0,0.0,0.0
2022-03-29,0.4274956469741563,0.5725043530258437,UNIVERSAL_MIXTURE_BUDGET_AVAILABLE,2148,0.0,0.0,0.0,0.0,0.0
2022-03-30,0.4274956469741562,0.5725043530258438,UNIVERSAL_MIXTURE_BUDGET_AVAILABLE,2149,0.0,0.0,0.0,0.0,0.0
2022-03-31,0.42749564697415654,0.5725043530258435,UNIVERSAL_MIXTURE_BUDGET_AVAILABLE,2150,0.0,0.0,0.0,0.0,0.0
2022-04-01,0.42749564697415626,0.5725043530258438,UNIVERSAL_MIXTURE_BUDGET_AVAILABLE,2151,0.0,0.0,0.0,0.0,0.0
2022-04-06,0.42749564697415626,0.5725043530258438,UNIVERSAL_MIXTURE_BUDGET_AVAILABLE,2152,0.0,0.0,0.0,0.0,0.0
2022-04-07,0.4274956469741562,0.5725043530258438,UNIVERSAL_MIXTURE_BUDGET_AVAILABLE,2153,0.0,0.0,0.0,0.0,0.0
2022-04-08,0.42749564697415626,0.5725043530258438,UNIVERSAL_MIXTURE_BUDGET_AVAILABLE,2154,0.0,0.0,0.0,0.0,0.0
2022-04-11,0.42749564697415643,0.5725043530258436,UNIVERSAL_MIXTURE_BUDGET_AVAILABLE,2155,0.0,0.0,0.0,0.0,0.0
2022-04-12,0.4274956469741565,0.5725043530258436,UNIVERSAL_MIXTURE_BUDGET_AVAILABLE,2156,0.0,0.0,0.0,0.0,0.0
2022-04-13,0.4274956469741564,0.5725043530258436,UNIVERSAL_MIXTURE_BUDGET_AVAILABLE,2157,0.0,0.0,0.0,0.0,0.0
2022-04-14,0.4274956469741562,0.5725043530258438,UNIVERSAL_MIXTURE_BUDGET_AVAILABLE,2158,0.0,0.0,0.0,0.0,0.0
2022-04-15,0.4274956469741563,0.5725043530258437,UNIVERSAL_MIXTURE_BUDGET_AVAILABLE,2159,0.0,0.0,0.0,0.0,0.0
2022-04-18,0.4274956469741562,0.5725043530258438,UNIVERSAL_MIXTURE_BUDGET_AVAILABLE,2160,0.0,0.0,0.0,0.0,0.0
2022-04-19,0.4274956469741563,0.5725043530258437,UNIVERSAL_MIXTURE_BUDGET_AVAILABLE,2161,0.0,0.0,0.0,0.0,0.0
2022-04-20,0.4274956469741562,0.5725043530258438,UNIVERSAL_MIXTURE_BUDGET_AVAILABLE,2162,0.0,0.0,0.0,0.0,0.0
2022-04-21,0.4274956469741564,0.5725043530258436,UNIVERSAL_MIXTURE_BUDGET_AVAILABLE,2163,0.0,0.0,0.0,0.0,0.0
2022-04-22,0.42749564697415626,0.5725043530258438,UNIVERSAL_MIXTURE_BUDGET_AVAILABLE,2164,0.0,0.0,0.0,0.0,0.0
2022-04-25,0.4274956469741562,0.5725043530258438,UNIVERSAL_MIXTURE_BUDGET_AVAILABLE,2165,0.0,0.0,0.0,0.0,0.0
2022-04-26,0.4274956469741564,0.5725043530258436,UNIVERSAL_MIXTURE_BUDGET_AVAILABLE,2166,0.0,0.0,0.0,0.0,0.0
2022-04-27,0.42749564697415626,0.5725043530258438,UNIVERSAL_MIXTURE_BUDGET_AVAILABLE,2167,0.0,0.0,0.0,0.0,0.0
2022-04-28,0.42749564697415626,0.5725043530258438,UNIVERSAL_MIXTURE_BUDGET_AVAILABLE,2168,0.0,0.0,0.0,0.0,0.0
2022-04-29,0.4274956469741563,0.5725043530258437,UNIVERSAL_MIXTURE_BUDGET_AVAILABLE,2169,0.0,0.0,0.0,0.0,0.0
2022-05-05,0.42749564697415615,0.5725043530258438,UNIVERSAL_MIXTURE_BUDGET_AVAILABLE,2170,0.0,0.0,0.0,0.0,0.0
2022-05-06,0.4274956469741564,0.5725043530258436,UNIVERSAL_MIXTURE_BUDGET_AVAILABLE,2171,0.0,0.0,0.0,0.0,0.0
2022-05-09,0.4274956469741563,0.5725043530258437,UNIVERSAL_MIXTURE_BUDGET_AVAILABLE,2172,0.0,0.0,0.0,0.0,0.0
2022-05-10,0.4274956469741564,0.5725043530258436,UNIVERSAL_MIXTURE_BUDGET_AVAILABLE,2173,0.0,0.0,0.0,0.0,0.0
2022-05-11,0.4274956469741562,0.5725043530258438,UNIVERSAL_MIXTURE_BUDGET_AVAILABLE,2174,0.0,0.0,0.0,0.0,0.0
2022-05-12,0.4274956469741563,0.5725043530258437,UNIVERSAL_MIXTURE_BUDGET_AVAILABLE,2175,0.0,1.0,0.5725043530258437,0.0,0.0
2022-05-13,0.42767171658729514,0.5723282834127048,UNIVERSAL_MIXTURE_BUDGET_AVAILABLE,2176,0.0,1.0,0.5723282834127048,0.0,-0.0022038459464162052
2022-05-16,0.4282955846705791,0.5717044153294208,UNIVERSAL_MIXTURE_BUDGET_AVAILABLE,2177,0.0,1.0,0.5717044153294208,0.0,-0.007782464416866697
2022-05-17,0.42731247386652804,0.572687526133472,UNIVERSAL_MIXTURE_BUDGET_AVAILABLE,2178,0.0,1.0,0.572687526133472,0.0,0.012397800162042838
2022-05-18,0.4275921546044098,0.5724078453955902,UNIVERSAL_MIXTURE_BUDGET_AVAILABLE,2179,0.0,1.0,0.5724078453955902,0.0,-0.003498850567592582
2022-05-19,0.4274122683984619,0.5725877316015381,UNIVERSAL_MIXTURE_BUDGET_AVAILABLE,2180,0.0,1.0,0.5725877316015381,0.0,0.002257158539604065
2022-05-20,0.42575521517798426,0.5742447848220158,UNIVERSAL_MIXTURE_BUDGET_AVAILABLE,2181,0.0,0.0,0.0,0.0,0.021019368988096865
2022-05-23,0.4258297191166751,0.5741702808833249,UNIVERSAL_MIXTURE_BUDGET_AVAILABLE,2182,0.0,0.0,0.0,0.0,-0.0009350260631575402
2022-05-24,0.4258297191166751,0.5741702808833249,UNIVERSAL_MIXTURE_BUDGET_AVAILABLE,2183,0.0,0.0,0.0,0.0,0.0
2022-05-25,0.4258297191166752,0.5741702808833248,UNIVERSAL_MIXTURE_BUDGET_AVAILABLE,2184,0.0,0.0,0.0,0.0,0.0
2022-05-26,0.42582971911667505,0.5741702808833249,UNIVERSAL_MIXTURE_BUDGET_AVAILABLE,2185,0.0,0.0,0.0,0.0,0.0
2022-05-27,0.4258297191166752,0.5741702808833248,UNIVERSAL_MIXTURE_BUDGET_AVAILABLE,2186,0.0,0.0,0.0,0.0,0.0
2022-05-30,0.4258297191166753,0.5741702808833247,UNIVERSAL_MIXTURE_BUDGET_AVAILABLE,2187,0.0,0.0,0.0,0.0,0.0
2022-05-31,0.4258297191166751,0.5741702808833249,UNIVERSAL_MIXTURE_BUDGET_AVAILABLE,2188,0.0,0.0,0.0,0.0,0.0
2022-06-01,0.42582971911667516,0.5741702808833249,UNIVERSAL_MIXTURE_BUDGET_AVAILABLE,2189,0.0,0.0,0.0,0.0,0.0
2022-06-02,0.4258297191166752,0.5741702808833248,UNIVERSAL_MIXTURE_BUDGET_AVAILABLE,2190,0.0,0.0,0.0,0.0,0.0
2022-06-06,0.42582971911667516,0.5741702808833249,UNIVERSAL_MIXTURE_BUDGET_AVAILABLE,2191,0.0,0.0,0.0,0.0,0.0
2022-06-07,0.42582971911667516,0.5741702808833249,UNIVERSAL_MIXTURE_BUDGET_AVAILABLE,2192,0.0,1.0,0.5741702808833249,0.0,0.0
2022-06-08,0.4251646759512837,0.5748353240487163,UNIVERSAL_MIXTURE_BUDGET_AVAILABLE,2193,0.0,1.0,0.5748353240487163,0.0,0.008390331362307268
2022-06-09,0.4258079578937954,0.5741920421062046,UNIVERSAL_MIXTURE_BUDGET_AVAILABLE,2194,0.0,0.0,0.0,0.0,-0.008045459388419274
2022-06-10,0.42647288047598303,0.573527119524017,UNIVERSAL_MIXTURE_BUDGET_AVAILABLE,2195,0.0,0.0,0.0,0.0,-0.008308996904504151
2022-06-13,0.4264728804759831,0.5735271195240169,UNIVERSAL_MIXTURE_BUDGET_AVAILABLE,2196,0.0,0.0,0.0,0.0,0.0
2022-06-14,0.42647288047598314,0.5735271195240168,UNIVERSAL_MIXTURE_BUDGET_AVAILABLE,2197,0.0,0.0,0.0,0.0,0.0
2022-06-15,0.4264728804759831,0.5735271195240169,UNIVERSAL_MIXTURE_BUDGET_AVAILABLE,2198,0.0,0.0,0.0,0.0,0.0
2022-06-16,0.4264728804759833,0.5735271195240167,UNIVERSAL_MIXTURE_BUDGET_AVAILABLE,2199,0.0,0.0,0.0,0.0,0.0
2022-06-17,0.42647288047598314,0.5735271195240168,UNIVERSAL_MIXTURE_BUDGET_AVAILABLE,2200,0.0,0.0,0.0,0.0,0.0
2022-06-20,0.426472880475983,0.573527119524017,UNIVERSAL_MIXTURE_BUDGET_AVAILABLE,2201,0.0,0.0,0.0,0.0,0.0
2022-06-21,0.4264728804759832,0.5735271195240168,UNIVERSAL_MIXTURE_BUDGET_AVAILABLE,2202,0.0,0.0,0.0,0.0,0.0
2022-06-22,0.42647288047598314,0.5735271195240168,UNIVERSAL_MIXTURE_BUDGET_AVAILABLE,2203,0.0,0.0,0.0,0.0,0.0
2022-06-23,0.4264728804759832,0.5735271195240168,UNIVERSAL_MIXTURE_BUDGET_AVAILABLE,2204,0.0,0.0,0.0,0.0,0.0
2022-06-24,0.4264728804759832,0.5735271195240168,UNIVERSAL_MIXTURE_BUDGET_AVAILABLE,2205,0.0,0.0,0.0,0.0,0.0
2022-06-27,0.4264728804759832,0.5735271195240168,UNIVERSAL_MIXTURE_BUDGET_AVAILABLE,2206,0.0,0.0,0.0,0.0,0.0
2022-06-28,0.4264728804759832,0.5735271195240168,UNIVERSAL_MIXTURE_BUDGET_AVAILABLE,2207,0.0,0.0,0.0,0.0,0.0
2022-06-29,0.4264728804759831,0.5735271195240169,UNIVERSAL_MIXTURE_BUDGET_AVAILABLE,2208,0.0,0.0,0.0,0.0,0.0
2022-06-30,0.4264728804759832,0.5735271195240168,UNIVERSAL_MIXTURE_BUDGET_AVAILABLE,2209,0.0,0.0,0.0,0.0,0.0
2022-07-01,0.4264728804759831,0.5735271195240169,UNIVERSAL_MIXTURE_BUDGET_AVAILABLE,2210,0.0,0.0,0.0,0.0,0.0
2022-07-04,0.4264728804759832,0.5735271195240168,UNIVERSAL_MIXTURE_BUDGET_AVAILABLE,2211,0.0,0.0,0.0,0.0,0.0
2022-07-05,0.42647288047598325,0.5735271195240168,UNIVERSAL_MIXTURE_BUDGET_AVAILABLE,2212,0.0,0.0,0.0,0.0,0.0
2022-07-06,0.42647288047598314,0.5735271195240168,UNIVERSAL_MIXTURE_BUDGET_AVAILABLE,2213,0.0,0.0,0.0,0.0,0.0
2022-07-07,0.42647288047598325,0.5735271195240168,UNIVERSAL_MIXTURE_BUDGET_AVAILABLE,2214,0.0,0.0,0.0,0.0,0.0
2022-07-08,0.4264728804759831,0.5735271195240169,UNIVERSAL_MIXTURE_BUDGET_AVAILABLE,2215,0.0,0.0,0.0,0.0,0.0
2022-07-11,0.42647288047598314,0.5735271195240168,UNIVERSAL_MIXTURE_BUDGET_AVAILABLE,2216,0.0,0.0,0.0,0.0,0.0
2022-07-12,0.42647288047598303,0.573527119524017,UNIVERSAL_MIXTURE_BUDGET_AVAILABLE,2217,0.0,0.0,0.0,0.0,0.0
2022-07-13,0.42647288047598314,0.5735271195240168,UNIVERSAL_MIXTURE_BUDGET_AVAILABLE,2218,0.0,0.0,0.0,0.0,0.0
2022-07-14,0.426472880475983,0.573527119524017,UNIVERSAL_MIXTURE_BUDGET_AVAILABLE,2219,0.0,0.0,0.0,0.0,0.0
2022-07-15,0.4264728804759831,0.5735271195240169,UNIVERSAL_MIXTURE_BUDGET_AVAILABLE,2220,0.0,0.0,0.0,0.0,0.0
2022-07-18,0.42647288047598336,0.5735271195240166,UNIVERSAL_MIXTURE_BUDGET_AVAILABLE,2221,0.0,0.0,0.0,0.0,0.0
2022-07-19,0.4264728804759832,0.5735271195240168,UNIVERSAL_MIXTURE_BUDGET_AVAILABLE,2222,0.0,0.0,0.0,0.0,0.0
2022-07-20,0.4264728804759831,0.5735271195240169,UNIVERSAL_MIXTURE_BUDGET_AVAILABLE,2223,0.0,0.0,0.0,0.0,0.0
2022-07-21,0.42647288047598314,0.5735271195240168,UNIVERSAL_MIXTURE_BUDGET_AVAILABLE,2224,0.0,0.0,0.0,0.0,0.0
2022-07-22,0.42647288047598314,0.5735271195240168,UNIVERSAL_MIXTURE_BUDGET_AVAILABLE,2225,0.0,0.0,0.0,0.0,0.0
2022-07-25,0.4264728804759832,0.5735271195240168,UNIVERSAL_MIXTURE_BUDGET_AVAILABLE,2226,0.0,0.0,0.0,0.0,0.0
2022-07-26,0.4264728804759832,0.5735271195240168,UNIVERSAL_MIXTURE_BUDGET_AVAILABLE,2227,0.0,0.0,0.0,0.0,0.0
2022-07-27,0.4264728804759831,0.5735271195240169,UNIVERSAL_MIXTURE_BUDGET_AVAILABLE,2228,0.0,0.0,0.0,0.0,0.0
2022-07-28,0.42647288047598303,0.573527119524017,UNIVERSAL_MIXTURE_BUDGET_AVAILABLE,2229,0.0,0.0,0.0,0.0,0.0
2022-07-29,0.4264728804759832,0.5735271195240168,UNIVERSAL_MIXTURE_BUDGET_AVAILABLE,2230,0.0,0.0,0.0,0.0,0.0
2022-08-01,0.4264728804759831,0.5735271195240169,UNIVERSAL_MIXTURE_BUDGET_AVAILABLE,2231,0.0,0.0,0.0,0.0,0.0
2022-08-02,0.4264728804759832,0.5735271195240168,UNIVERSAL_MIXTURE_BUDGET_AVAILABLE,2232,0.0,0.0,0.0,0.0,0.0
2022-08-03,0.4264728804759832,0.5735271195240168,UNIVERSAL_MIXTURE_BUDGET_AVAILABLE,2233,0.0,0.0,0.0,0.0,0.0
2022-08-04,0.4264728804759831,0.5735271195240169,UNIVERSAL_MIXTURE_BUDGET_AVAILABLE,2234,0.0,0.0,0.0,0.0,0.0
2022-08-05,0.4264728804759832,0.5735271195240168,UNIVERSAL_MIXTURE_BUDGET_AVAILABLE,2235,0.0,0.0,0.0,0.0,0.0
2022-08-08,0.4264728804759833,0.5735271195240167,UNIVERSAL_MIXTURE_BUDGET_AVAILABLE,2236,0.0,0.0,0.0,0.0,0.0
2022-08-09,0.4264728804759831,0.5735271195240169,UNIVERSAL_MIXTURE_BUDGET_AVAILABLE,2237,0.0,1.0,0.5735271195240169,0.0,0.0
2022-08-10,0.42722979128959004,0.57277020871041,UNIVERSAL_MIXTURE_BUDGET_AVAILABLE,2238,0.0,1.0,0.57277020871041,0.0,-0.009445491111350512
2022-08-11,0.42556979446298304,0.574430205537017,UNIVERSAL_MIXTURE_BUDGET_AVAILABLE,2239,0.0,1.0,0.574430205537017,0.0,0.02106195138797462
2022-08-12,0.4255511337553016,0.5744488662446984,UNIVERSAL_MIXTURE_BUDGET_AVAILABLE,2240,0.0,1.0,0.5744488662446984,0.0,0.00023440336441504783
2022-08-15,0.4257379698932592,0.5742620301067408,UNIVERSAL_MIXTURE_BUDGET_AVAILABLE,2241,0.0,1.0,0.5742620301067408,0.0,-0.002343484323540479
2022-08-16,0.4259252840197909,0.5740747159802091,UNIVERSAL_MIXTURE_BUDGET_AVAILABLE,2242,0.0,1.0,0.5740747159802091,0.0,-0.002348989142772706
2022-08-17,0.42516060555590196,0.574839394444098,UNIVERSAL_MIXTURE_BUDGET_AVAILABLE,2243,0.0,1.0,0.574839394444098,0.0,0.009653531526112591
2022-08-18,0.4258507109243259,0.5741492890756741,UNIVERSAL_MIXTURE_BUDGET_AVAILABLE,2244,0.0,1.0,0.5741492890756741,0.0,-0.008628428763258644
2022-08-19,0.4264150403787689,0.5735849596212311,UNIVERSAL_MIXTURE_BUDGET_AVAILABLE,2245,0.0,1.0,0.5735849596212311,0.0,-0.007056913396087827
2022-08-22,0.42590715560478287,0.5740928443952171,UNIVERSAL_MIXTURE_BUDGET_AVAILABLE,2246,0.0,1.0,0.5740928443952171,0.0,0.006396360619420394
2022-08-23,0.42617014059678454,0.5738298594032154,UNIVERSAL_MIXTURE_BUDGET_AVAILABLE,2247,0.0,1.0,0.5738298594032154,0.0,-0.0032955518939382644
2022-08-24,0.4276342916497163,0.5723657083502838,UNIVERSAL_MIXTURE_BUDGET_AVAILABLE,2248,0.0,1.0,0.5723657083502838,0.0,-0.018185466565443287
2022-08-25,0.4269466698048312,0.5730533301951688,UNIVERSAL_MIXTURE_BUDGET_AVAILABLE,2249,0.0,0.0,0.0,0.0,0.008659778162814824
2022-08-26,0.42705772244597784,0.5729422775540222,UNIVERSAL_MIXTURE_BUDGET_AVAILABLE,2250,0.0,0.0,0.0,0.0,-0.001391602848476392
2022-08-29,0.4270577224459778,0.5729422775540223,UNIVERSAL_MIXTURE_BUDGET_AVAILABLE,2251,0.0,0.0,0.0,0.0,0.0
2022-08-30,0.42705772244597784,0.5729422775540222,UNIVERSAL_MIXTURE_BUDGET_AVAILABLE,2252,0.0,0.0,0.0,0.0,0.0
2022-08-31,0.4270577224459779,0.572942277554022,UNIVERSAL_MIXTURE_BUDGET_AVAILABLE,2253,0.0,0.0,0.0,0.0,0.0
2022-09-01,0.42705772244597784,0.5729422775540222,UNIVERSAL_MIXTURE_BUDGET_AVAILABLE,2254,0.0,0.0,0.0,0.0,0.0
2022-09-02,0.42705772244597784,0.5729422775540222,UNIVERSAL_MIXTURE_BUDGET_AVAILABLE,2255,0.0,0.0,0.0,0.0,0.0
2022-09-05,0.4270577224459777,0.5729422775540223,UNIVERSAL_MIXTURE_BUDGET_AVAILABLE,2256,0.0,0.0,0.0,0.0,0.0
2022-09-06,0.4270577224459778,0.5729422775540223,UNIVERSAL_MIXTURE_BUDGET_AVAILABLE,2257,0.0,0.0,0.0,0.0,0.0
2022-09-07,0.42705772244597784,0.5729422775540222,UNIVERSAL_MIXTURE_BUDGET_AVAILABLE,2258,0.0,0.0,0.0,0.0,0.0
2022-09-08,0.42705772244597784,0.5729422775540222,UNIVERSAL_MIXTURE_BUDGET_AVAILABLE,2259,0.0,0.0,0.0,0.0,0.0
2022-09-09,0.42705772244597784,0.5729422775540222,UNIVERSAL_MIXTURE_BUDGET_AVAILABLE,2260,0.0,0.0,0.0,0.0,0.0
2022-09-13,0.4270577224459778,0.5729422775540223,UNIVERSAL_MIXTURE_BUDGET_AVAILABLE,2261,0.0,0.0,0.0,0.0,0.0
2022-09-14,0.4270577224459778,0.5729422775540223,UNIVERSAL_MIXTURE_BUDGET_AVAILABLE,2262,0.0,0.0,0.0,0.0,0.0
2022-09-15,0.4270577224459778,0.5729422775540223,UNIVERSAL_MIXTURE_BUDGET_AVAILABLE,2263,0.0,0.0,0.0,0.0,0.0
2022-09-16,0.4270577224459779,0.572942277554022,UNIVERSAL_MIXTURE_BUDGET_AVAILABLE,2264,0.0,0.0,0.0,0.0,0.0
2022-09-19,0.42705772244597767,0.5729422775540223,UNIVERSAL_MIXTURE_BUDGET_AVAILABLE,2265,0.0,0.0,0.0,0.0,0.0
2022-09-20,0.427057722445978,0.572942277554022,UNIVERSAL_MIXTURE_BUDGET_AVAILABLE,2266,0.0,0.0,0.0,0.0,0.0
2022-09-21,0.4270577224459779,0.572942277554022,UNIVERSAL_MIXTURE_BUDGET_AVAILABLE,2267,0.0,0.0,0.0,0.0,0.0
2022-09-22,0.42705772244597784,0.5729422775540222,UNIVERSAL_MIXTURE_BUDGET_AVAILABLE,2268,0.0,0.0,0.0,0.0,0.0
2022-09-23,0.4270577224459778,0.5729422775540223,UNIVERSAL_MIXTURE_BUDGET_AVAILABLE,2269,0.0,0.0,0.0,0.0,0.0
2022-09-26,0.4270577224459778,0.5729422775540223,UNIVERSAL_MIXTURE_BUDGET_AVAILABLE,2270,0.0,0.0,0.0,0.0,0.0
2022-09-27,0.4270577224459778,0.5729422775540223,UNIVERSAL_MIXTURE_BUDGET_AVAILABLE,2271,0.0,0.0,0.0,0.0,0.0
2022-09-28,0.4270577224459778,0.5729422775540223,UNIVERSAL_MIXTURE_BUDGET_AVAILABLE,2272,0.0,0.0,0.0,0.0,0.0
2022-09-29,0.4270577224459778,0.5729422775540223,UNIVERSAL_MIXTURE_BUDGET_AVAILABLE,2273,0.0,0.0,0.0,0.0,0.0
2022-09-30,0.42705772244597784,0.5729422775540222,UNIVERSAL_MIXTURE_BUDGET_AVAILABLE,2274,0.0,0.0,0.0,0.0,0.0
2022-10-10,0.42705772244597784,0.5729422775540222,UNIVERSAL_MIXTURE_BUDGET_AVAILABLE,2275,0.0,0.0,0.0,0.0,0.0
2022-10-11,0.4270577224459779,0.572942277554022,UNIVERSAL_MIXTURE_BUDGET_AVAILABLE,2276,0.0,0.0,0.0,0.0,0.0
2022-10-12,0.4270577224459779,0.572942277554022,UNIVERSAL_MIXTURE_BUDGET_AVAILABLE,2277,0.0,0.0,0.0,0.0,0.0
2022-10-13,0.4270577224459778,0.5729422775540223,UNIVERSAL_MIXTURE_BUDGET_AVAILABLE,2278,0.0,0.0,0.0,0.0,0.0
2022-10-14,0.427057722445978,0.572942277554022,UNIVERSAL_MIXTURE_BUDGET_AVAILABLE,2279,0.0,0.0,0.0,0.0,0.0
2022-10-17,0.42705772244597767,0.5729422775540223,UNIVERSAL_MIXTURE_BUDGET_AVAILABLE,2280,0.0,0.0,0.0,0.0,0.0
2022-10-18,0.4270577224459779,0.572942277554022,UNIVERSAL_MIXTURE_BUDGET_AVAILABLE,2281,0.0,0.0,0.0,0.0,0.0
2022-10-19,0.42705772244597784,0.5729422775540222,UNIVERSAL_MIXTURE_BUDGET_AVAILABLE,2282,0.0,0.0,0.0,0.0,0.0
2022-10-20,0.4270577224459777,0.5729422775540223,UNIVERSAL_MIXTURE_BUDGET_AVAILABLE,2283,0.0,0.0,0.0,0.0,0.0
2022-10-21,0.4270577224459778,0.5729422775540223,UNIVERSAL_MIXTURE_BUDGET_AVAILABLE,2284,0.0,0.0,0.0,0.0,0.0
2022-10-24,0.42705772244597784,0.5729422775540222,UNIVERSAL_MIXTURE_BUDGET_AVAILABLE,2285,0.0,0.0,0.0,0.0,0.0
2022-10-25,0.42705772244597795,0.572942277554022,UNIVERSAL_MIXTURE_BUDGET_AVAILABLE,2286,0.0,0.0,0.0,0.0,0.0
2022-10-26,0.4270577224459779,0.572942277554022,UNIVERSAL_MIXTURE_BUDGET_AVAILABLE,2287,0.0,0.0,0.0,0.0,0.0
2022-10-27,0.4270577224459779,0.572942277554022,UNIVERSAL_MIXTURE_BUDGET_AVAILABLE,2288,0.0,0.0,0.0,0.0,0.0
2022-10-28,0.42705772244597784,0.5729422775540222,UNIVERSAL_MIXTURE_BUDGET_AVAILABLE,2289,0.0,0.0,0.0,0.0,0.0
2022-10-31,0.42705772244597795,0.572942277554022,UNIVERSAL_MIXTURE_BUDGET_AVAILABLE,2290,0.0,0.0,0.0,0.0,0.0
2022-11-01,0.42705772244597795,0.572942277554022,UNIVERSAL_MIXTURE_BUDGET_AVAILABLE,2291,0.0,0.0,0.0,0.0,0.0
2022-11-02,0.42705772244597784,0.5729422775540222,UNIVERSAL_MIXTURE_BUDGET_AVAILABLE,2292,0.0,0.0,0.0,0.0,0.0
2022-11-03,0.4270577224459777,0.5729422775540223,UNIVERSAL_MIXTURE_BUDGET_AVAILABLE,2293,0.0,0.0,0.0,0.0,0.0
2022-11-04,0.4270577224459779,0.572942277554022,UNIVERSAL_MIXTURE_BUDGET_AVAILABLE,2294,0.0,0.0,0.0,0.0,0.0
2022-11-07,0.4270577224459777,0.5729422775540223,UNIVERSAL_MIXTURE_BUDGET_AVAILABLE,2295,0.0,0.0,0.0,0.0,0.0
2022-11-08,0.4270577224459779,0.572942277554022,UNIVERSAL_MIXTURE_BUDGET_AVAILABLE,2296,0.0,0.0,0.0,0.0,0.0
2022-11-09,0.42705772244597795,0.572942277554022,UNIVERSAL_MIXTURE_BUDGET_AVAILABLE,2297,0.0,0.0,0.0,0.0,0.0
2022-11-10,0.42705772244597784,0.5729422775540222,UNIVERSAL_MIXTURE_BUDGET_AVAILABLE,2298,0.0,0.0,0.0,0.0,0.0
2022-11-11,0.42705772244597784,0.5729422775540222,UNIVERSAL_MIXTURE_BUDGET_AVAILABLE,2299,0.0,0.0,0.0,0.0,0.0
2022-11-14,0.42705772244597784,0.5729422775540222,UNIVERSAL_MIXTURE_BUDGET_AVAILABLE,2300,0.0,0.0,0.0,0.0,0.0
2022-11-15,0.4270577224459777,0.5729422775540223,UNIVERSAL_MIXTURE_BUDGET_AVAILABLE,2301,0.0,0.0,0.0,0.0,0.0
2022-11-16,0.42705772244597767,0.5729422775540223,UNIVERSAL_MIXTURE_BUDGET_AVAILABLE,2302,0.0,0.0,0.0,0.0,0.0
2022-11-17,0.4270577224459779,0.572942277554022,UNIVERSAL_MIXTURE_BUDGET_AVAILABLE,2303,0.0,0.0,0.0,0.0,0.0
2022-11-18,0.42705772244597784,0.5729422775540222,UNIVERSAL_MIXTURE_BUDGET_AVAILABLE,2304,0.0,0.0,0.0,0.0,0.0
2022-11-21,0.4270577224459778,0.5729422775540223,UNIVERSAL_MIXTURE_BUDGET_AVAILABLE,2305,0.0,0.0,0.0,0.0,0.0
2022-11-22,0.4270577224459779,0.572942277554022,UNIVERSAL_MIXTURE_BUDGET_AVAILABLE,2306,0.0,0.0,0.0,0.0,0.0
2022-11-23,0.42705772244597795,0.572942277554022,UNIVERSAL_MIXTURE_BUDGET_AVAILABLE,2307,0.0,0.0,0.0,0.0,0.0
2022-11-24,0.42705772244597784,0.5729422775540222,UNIVERSAL_MIXTURE_BUDGET_AVAILABLE,2308,0.0,0.0,0.0,0.0,0.0
2022-11-25,0.4270577224459778,0.5729422775540223,UNIVERSAL_MIXTURE_BUDGET_AVAILABLE,2309,0.0,0.0,0.0,0.0,0.0
2022-11-28,0.42705772244597784,0.5729422775540222,UNIVERSAL_MIXTURE_BUDGET_AVAILABLE,2310,0.0,0.0,0.0,0.0,0.0
2022-11-29,0.4270577224459778,0.5729422775540223,UNIVERSAL_MIXTURE_BUDGET_AVAILABLE,2311,0.0,0.0,0.0,0.0,0.0
2022-11-30,0.42705772244597784,0.5729422775540222,UNIVERSAL_MIXTURE_BUDGET_AVAILABLE,2312,0.0,0.0,0.0,0.0,0.0
2022-12-01,0.42705772244597784,0.5729422775540222,UNIVERSAL_MIXTURE_BUDGET_AVAILABLE,2313,0.0,0.0,0.0,0.0,0.0
2022-12-02,0.4270577224459777,0.5729422775540223,UNIVERSAL_MIXTURE_BUDGET_AVAILABLE,2314,0.0,0.0,0.0,0.0,0.0
2022-12-05,0.4270577224459779,0.572942277554022,UNIVERSAL_MIXTURE_BUDGET_AVAILABLE,2315,0.0,0.0,0.0,0.0,0.0
2022-12-06,0.4270577224459777,0.5729422775540223,UNIVERSAL_MIXTURE_BUDGET_AVAILABLE,2316,0.0,0.0,0.0,0.0,0.0
2022-12-07,0.42705772244597784,0.5729422775540222,UNIVERSAL_MIXTURE_BUDGET_AVAILABLE,2317,0.0,0.0,0.0,0.0,0.0
2022-12-08,0.427057722445978,0.572942277554022,UNIVERSAL_MIXTURE_BUDGET_AVAILABLE,2318,0.0,0.0,0.0,0.0,0.0
2022-12-09,0.4270577224459779,0.572942277554022,UNIVERSAL_MIXTURE_BUDGET_AVAILABLE,2319,0.0,0.0,0.0,0.0,0.0
2022-12-12,0.42705772244597795,0.572942277554022,UNIVERSAL_MIXTURE_BUDGET_AVAILABLE,2320,0.0,0.0,0.0,0.0,0.0
2022-12-13,0.4270577224459778,0.5729422775540223,UNIVERSAL_MIXTURE_BUDGET_AVAILABLE,2321,0.0,0.0,0.0,0.0,0.0
2022-12-14,0.4270577224459779,0.572942277554022,UNIVERSAL_MIXTURE_BUDGET_AVAILABLE,2322,0.0,0.0,0.0,0.0,0.0
2022-12-15,0.4270577224459778,0.5729422775540223,UNIVERSAL_MIXTURE_BUDGET_AVAILABLE,2323,0.0,0.0,0.0,0.0,0.0
2022-12-16,0.4270577224459778,0.5729422775540223,UNIVERSAL_MIXTURE_BUDGET_AVAILABLE,2324,0.0,0.0,0.0,0.0,0.0
2022-12-19,0.42705772244597767,0.5729422775540223,UNIVERSAL_MIXTURE_BUDGET_AVAILABLE,2325,0.0,0.0,0.0,0.0,0.0
2022-12-20,0.4270577224459779,0.572942277554022,UNIVERSAL_MIXTURE_BUDGET_AVAILABLE,2326,0.0,0.0,0.0,0.0,0.0
2022-12-21,0.4270577224459778,0.5729422775540223,UNIVERSAL_MIXTURE_BUDGET_AVAILABLE,2327,0.0,0.0,0.0,0.0,0.0
2022-12-22,0.4270577224459778,0.5729422775540223,UNIVERSAL_MIXTURE_BUDGET_AVAILABLE,2328,0.0,0.0,0.0,0.0,0.0
2022-12-23,0.42705772244597784,0.5729422775540222,UNIVERSAL_MIXTURE_BUDGET_AVAILABLE,2329,0.0,0.0,0.0,0.0,0.0
2022-12-26,0.42705772244597795,0.572942277554022,UNIVERSAL_MIXTURE_BUDGET_AVAILABLE,2330,0.0,0.0,0.0,0.0,0.0
2022-12-27,0.4270577224459778,0.5729422775540223,UNIVERSAL_MIXTURE_BUDGET_AVAILABLE,2331,0.0,0.0,0.0,0.0,0.0
2022-12-28,0.427057722445978,0.572942277554022,UNIVERSAL_MIXTURE_BUDGET_AVAILABLE,2332,0.0,0.0,0.0,0.0,0.0
2022-12-29,0.4270577224459779,0.572942277554022,UNIVERSAL_MIXTURE_BUDGET_AVAILABLE,2333,0.0,0.0,0.0,0.0,0.0
2022-12-30,0.4270577224459778,0.5729422775540223,UNIVERSAL_MIXTURE_BUDGET_AVAILABLE,2334,0.0,0.0,0.0,0.0,0.0
2023-01-03,0.4270577224459779,0.572942277554022,UNIVERSAL_MIXTURE_BUDGET_AVAILABLE,2335,0.0,0.0,0.0,0.0,0.0
2023-01-04,0.4270577224459778,0.5729422775540223,UNIVERSAL_MIXTURE_BUDGET_AVAILABLE,2336,0.0,0.0,0.0,0.0,0.0
2023-01-05,0.42705772244597784,0.5729422775540222,UNIVERSAL_MIXTURE_BUDGET_AVAILABLE,2337,0.0,0.0,0.0,0.0,0.0
2023-01-06,0.4270577224459779,0.572942277554022,UNIVERSAL_MIXTURE_BUDGET_AVAILABLE,2338,0.0,0.0,0.0,0.0,0.0
2023-01-09,0.42705772244597795,0.572942277554022,UNIVERSAL_MIXTURE_BUDGET_AVAILABLE,2339,0.0,0.0,0.0,0.0,0.0
2023-01-10,0.4270577224459778,0.5729422775540223,UNIVERSAL_MIXTURE_BUDGET_AVAILABLE,2340,0.0,0.0,0.0,0.0,0.0
2023-01-11,0.42705772244597767,0.5729422775540223,UNIVERSAL_MIXTURE_BUDGET_AVAILABLE,2341,0.0,0.0,0.0,0.0,0.0
2023-01-12,0.4270577224459779,0.572942277554022,UNIVERSAL_MIXTURE_BUDGET_AVAILABLE,2342,0.0,0.0,0.0,0.0,0.0
2023-01-13,0.4270577224459779,0.572942277554022,UNIVERSAL_MIXTURE_BUDGET_AVAILABLE,2343,0.0,0.0,0.0,0.0,0.0
2023-01-16,0.4270577224459778,0.5729422775540223,UNIVERSAL_MIXTURE_BUDGET_AVAILABLE,2344,0.0,0.0,0.0,0.0,0.0
2023-01-17,0.4270577224459778,0.5729422775540223,UNIVERSAL_MIXTURE_BUDGET_AVAILABLE,2345,0.0,0.0,0.0,0.0,0.0
2023-01-18,0.4270577224459777,0.5729422775540223,UNIVERSAL_MIXTURE_BUDGET_AVAILABLE,2346,0.0,0.0,0.0,0.0,0.0
2023-01-19,0.4270577224459779,0.572942277554022,UNIVERSAL_MIXTURE_BUDGET_AVAILABLE,2347,0.0,0.0,0.0,0.0,0.0
2023-01-20,0.4270577224459777,0.5729422775540223,UNIVERSAL_MIXTURE_BUDGET_AVAILABLE,2348,0.0,0.0,0.0,0.0,0.0
2023-01-30,0.4270577224459777,0.5729422775540223,UNIVERSAL_MIXTURE_BUDGET_AVAILABLE,2349,0.0,0.0,0.0,0.0,0.0
2023-01-31,0.4270577224459778,0.5729422775540223,UNIVERSAL_MIXTURE_BUDGET_AVAILABLE,2350,0.0,0.0,0.0,0.0,0.0
2023-02-01,0.42705772244597795,0.572942277554022,UNIVERSAL_MIXTURE_BUDGET_AVAILABLE,2351,0.0,0.0,0.0,0.0,0.0
2023-02-02,0.4270577224459778,0.5729422775540223,UNIVERSAL_MIXTURE_BUDGET_AVAILABLE,2352,0.0,0.0,0.0,0.0,0.0
2023-02-03,0.42705772244597784,0.5729422775540222,UNIVERSAL_MIXTURE_BUDGET_AVAILABLE,2353,0.0,0.0,0.0,0.0,0.0
2023-02-06,0.4270577224459779,0.572942277554022,UNIVERSAL_MIXTURE_BUDGET_AVAILABLE,2354,0.0,0.0,0.0,0.0,0.0
2023-02-07,0.42705772244597784,0.5729422775540222,UNIVERSAL_MIXTURE_BUDGET_AVAILABLE,2355,0.0,0.0,0.0,0.0,0.0
2023-02-08,0.4270577224459778,0.5729422775540223,UNIVERSAL_MIXTURE_BUDGET_AVAILABLE,2356,0.0,0.0,0.0,0.0,0.0
2023-02-09,0.4270577224459779,0.572942277554022,UNIVERSAL_MIXTURE_BUDGET_AVAILABLE,2357,0.0,0.0,0.0,0.0,0.0
2023-02-10,0.4270577224459778,0.5729422775540223,UNIVERSAL_MIXTURE_BUDGET_AVAILABLE,2358,0.0,0.0,0.0,0.0,0.0
2023-02-13,0.4270577224459779,0.572942277554022,UNIVERSAL_MIXTURE_BUDGET_AVAILABLE,2359,0.0,0.0,0.0,0.0,0.0
2023-02-14,0.4270577224459779,0.572942277554022,UNIVERSAL_MIXTURE_BUDGET_AVAILABLE,2360,0.0,0.0,0.0,0.0,0.0
2023-02-15,0.4270577224459777,0.5729422775540223,UNIVERSAL_MIXTURE_BUDGET_AVAILABLE,2361,0.0,0.0,0.0,0.0,0.0
2023-02-16,0.42705772244597795,0.572942277554022,UNIVERSAL_MIXTURE_BUDGET_AVAILABLE,2362,0.0,0.0,0.0,0.0,0.0
2023-02-17,0.42705772244597784,0.5729422775540222,UNIVERSAL_MIXTURE_BUDGET_AVAILABLE,2363,0.0,0.0,0.0,0.0,0.0
2023-02-20,0.427057722445978,0.572942277554022,UNIVERSAL_MIXTURE_BUDGET_AVAILABLE,2364,0.0,0.0,0.0,0.0,0.0
2023-02-21,0.42705772244597784,0.5729422775540222,UNIVERSAL_MIXTURE_BUDGET_AVAILABLE,2365,0.0,0.0,0.0,0.0,0.0
2023-02-22,0.42705772244597784,0.5729422775540222,UNIVERSAL_MIXTURE_BUDGET_AVAILABLE,2366,0.0,0.0,0.0,0.0,0.0
2023-02-23,0.4270577224459779,0.572942277554022,UNIVERSAL_MIXTURE_BUDGET_AVAILABLE,2367,0.0,0.0,0.0,0.0,0.0
2023-02-24,0.4270577224459778,0.5729422775540223,UNIVERSAL_MIXTURE_BUDGET_AVAILABLE,2368,0.0,0.0,0.0,0.0,0.0
2023-02-27,0.42705772244597784,0.5729422775540222,UNIVERSAL_MIXTURE_BUDGET_AVAILABLE,2369,0.0,0.0,0.0,0.0,0.0
2023-02-28,0.42705772244597784,0.5729422775540222,UNIVERSAL_MIXTURE_BUDGET_AVAILABLE,2370,0.0,0.0,0.0,0.0,0.0
2023-03-01,0.4270577224459777,0.5729422775540223,UNIVERSAL_MIXTURE_BUDGET_AVAILABLE,2371,0.0,0.0,0.0,0.0,0.0
2023-03-02,0.4270577224459779,0.572942277554022,UNIVERSAL_MIXTURE_BUDGET_AVAILABLE,2372,0.0,0.0,0.0,0.0,0.0
2023-03-03,0.4270577224459779,0.572942277554022,UNIVERSAL_MIXTURE_BUDGET_AVAILABLE,2373,0.0,0.0,0.0,0.0,0.0
2023-03-06,0.42705772244597784,0.5729422775540222,UNIVERSAL_MIXTURE_BUDGET_AVAILABLE,2374,0.0,0.0,0.0,0.0,0.0
2023-03-07,0.42705772244597784,0.5729422775540222,UNIVERSAL_MIXTURE_BUDGET_AVAILABLE,2375,0.0,0.0,0.0,0.0,0.0
2023-03-08,0.4270577224459778,0.5729422775540223,UNIVERSAL_MIXTURE_BUDGET_AVAILABLE,2376,0.0,0.0,0.0,0.0,0.0
2023-03-09,0.42705772244597784,0.5729422775540222,UNIVERSAL_MIXTURE_BUDGET_AVAILABLE,2377,0.0,0.0,0.0,0.0,0.0
2023-03-10,0.4270577224459779,0.572942277554022,UNIVERSAL_MIXTURE_BUDGET_AVAILABLE,2378,0.0,0.0,0.0,0.0,0.0
2023-03-13,0.4270577224459777,0.5729422775540223,UNIVERSAL_MIXTURE_BUDGET_AVAILABLE,2379,0.0,0.0,0.0,0.0,0.0
2023-03-14,0.4270577224459777,0.5729422775540223,UNIVERSAL_MIXTURE_BUDGET_AVAILABLE,2380,0.0,0.0,0.0,0.0,0.0
2023-03-15,0.4270577224459779,0.572942277554022,UNIVERSAL_MIXTURE_BUDGET_AVAILABLE,2381,0.0,0.0,0.0,0.0,0.0
2023-03-16,0.42705772244597784,0.5729422775540222,UNIVERSAL_MIXTURE_BUDGET_AVAILABLE,2382,0.0,0.0,0.0,0.0,0.0
2023-03-17,0.42705772244597784,0.5729422775540222,UNIVERSAL_MIXTURE_BUDGET_AVAILABLE,2383,0.0,0.0,0.0,0.0,0.0
2023-03-20,0.4270577224459779,0.572942277554022,UNIVERSAL_MIXTURE_BUDGET_AVAILABLE,2384,0.0,0.0,0.0,0.0,0.0
2023-03-21,0.4270577224459778,0.5729422775540223,UNIVERSAL_MIXTURE_BUDGET_AVAILABLE,2385,0.0,0.0,0.0,0.0,0.0
2023-03-22,0.4270577224459779,0.572942277554022,UNIVERSAL_MIXTURE_BUDGET_AVAILABLE,2386,0.0,0.0,0.0,0.0,0.0
2023-03-23,0.4270577224459777,0.5729422775540223,UNIVERSAL_MIXTURE_BUDGET_AVAILABLE,2387,0.0,0.0,0.0,0.0,0.0
2023-03-24,0.42705772244597795,0.572942277554022,UNIVERSAL_MIXTURE_BUDGET_AVAILABLE,2388,0.0,0.0,0.0,0.0,0.0
2023-03-27,0.4270577224459777,0.5729422775540223,UNIVERSAL_MIXTURE_BUDGET_AVAILABLE,2389,0.0,0.0,0.0,0.0,0.0
2023-03-28,0.42705772244597784,0.5729422775540222,UNIVERSAL_MIXTURE_BUDGET_AVAILABLE,2390,0.0,0.0,0.0,0.0,0.0
2023-03-29,0.42705772244597767,0.5729422775540223,UNIVERSAL_MIXTURE_BUDGET_AVAILABLE,2391,0.0,0.0,0.0,0.0,0.0
2023-03-30,0.42705772244597784,0.5729422775540222,UNIVERSAL_MIXTURE_BUDGET_AVAILABLE,2392,0.0,0.0,0.0,0.0,0.0
2023-03-31,0.42705772244597795,0.572942277554022,UNIVERSAL_MIXTURE_BUDGET_AVAILABLE,2393,0.0,0.0,0.0,0.0,0.0
2023-04-03,0.4270577224459778,0.5729422775540223,UNIVERSAL_MIXTURE_BUDGET_AVAILABLE,2394,0.0,0.0,0.0,0.0,0.0
2023-04-04,0.4270577224459779,0.572942277554022,UNIVERSAL_MIXTURE_BUDGET_AVAILABLE,2395,0.0,0.0,0.0,0.0,0.0
2023-04-06,0.4270577224459779,0.572942277554022,UNIVERSAL_MIXTURE_BUDGET_AVAILABLE,2396,0.0,0.0,0.0,0.0,0.0
2023-04-07,0.42705772244597795,0.572942277554022,UNIVERSAL_MIXTURE_BUDGET_AVAILABLE,2397,0.0,0.0,0.0,0.0,0.0
2023-04-10,0.42705772244597784,0.5729422775540222,UNIVERSAL_MIXTURE_BUDGET_AVAILABLE,2398,0.0,0.0,0.0,0.0,0.0
2023-04-11,0.4270577224459779,0.572942277554022,UNIVERSAL_MIXTURE_BUDGET_AVAILABLE,2399,0.0,0.0,0.0,0.0,0.0
2023-04-12,0.42705772244597784,0.5729422775540222,UNIVERSAL_MIXTURE_BUDGET_AVAILABLE,2400,0.0,0.0,0.0,0.0,0.0
2023-04-13,0.4270577224459778,0.5729422775540223,UNIVERSAL_MIXTURE_BUDGET_AVAILABLE,2401,0.0,0.0,0.0,0.0,0.0
2023-04-14,0.4270577224459778,0.5729422775540223,UNIVERSAL_MIXTURE_BUDGET_AVAILABLE,2402,0.0,0.0,0.0,0.0,0.0
2023-04-17,0.42705772244597784,0.5729422775540222,UNIVERSAL_MIXTURE_BUDGET_AVAILABLE,2403,0.0,0.0,0.0,0.0,0.0
2023-04-18,0.42705772244597784,0.5729422775540222,UNIVERSAL_MIXTURE_BUDGET_AVAILABLE,2404,0.0,0.0,0.0,0.0,0.0
2023-04-19,0.4270577224459777,0.5729422775540223,UNIVERSAL_MIXTURE_BUDGET_AVAILABLE,2405,0.0,0.0,0.0,0.0,0.0
2023-04-20,0.42705772244597784,0.5729422775540222,UNIVERSAL_MIXTURE_BUDGET_AVAILABLE,2406,0.0,0.0,0.0,0.0,0.0
2023-04-21,0.4270577224459779,0.572942277554022,UNIVERSAL_MIXTURE_BUDGET_AVAILABLE,2407,0.0,0.0,0.0,0.0,0.0
2023-04-24,0.4270577224459779,0.572942277554022,UNIVERSAL_MIXTURE_BUDGET_AVAILABLE,2408,0.0,0.0,0.0,0.0,0.0
2023-04-25,0.42705772244597767,0.5729422775540223,UNIVERSAL_MIXTURE_BUDGET_AVAILABLE,2409,0.0,0.0,0.0,0.0,0.0
2023-04-26,0.4270577224459778,0.5729422775540223,UNIVERSAL_MIXTURE_BUDGET_AVAILABLE,2410,0.0,0.0,0.0,0.0,0.0
2023-04-27,0.42705772244597784,0.5729422775540222,UNIVERSAL_MIXTURE_BUDGET_AVAILABLE,2411,0.0,0.0,0.0,0.0,0.0
2023-04-28,0.42705772244597767,0.5729422775540223,UNIVERSAL_MIXTURE_BUDGET_AVAILABLE,2412,0.0,0.0,0.0,0.0,0.0
2023-05-04,0.4270577224459777,0.5729422775540223,UNIVERSAL_MIXTURE_BUDGET_AVAILABLE,2413,0.0,0.0,0.0,0.0,0.0
2023-05-05,0.42705772244597784,0.5729422775540222,UNIVERSAL_MIXTURE_BUDGET_AVAILABLE,2414,0.0,0.0,0.0,0.0,0.0
2023-05-08,0.4270577224459778,0.5729422775540223,UNIVERSAL_MIXTURE_BUDGET_AVAILABLE,2415,0.0,0.0,0.0,0.0,0.0
2023-05-09,0.4270577224459779,0.572942277554022,UNIVERSAL_MIXTURE_BUDGET_AVAILABLE,2416,0.0,0.0,0.0,0.0,0.0
2023-05-10,0.42705772244597795,0.572942277554022,UNIVERSAL_MIXTURE_BUDGET_AVAILABLE,2417,0.0,0.0,0.0,0.0,0.0
2023-05-11,0.42705772244597784,0.5729422775540222,UNIVERSAL_MIXTURE_BUDGET_AVAILABLE,2418,0.0,0.0,0.0,0.0,0.0
2023-05-12,0.4270577224459778,0.5729422775540223,UNIVERSAL_MIXTURE_BUDGET_AVAILABLE,2419,0.0,0.0,0.0,0.0,0.0
2023-05-15,0.42705772244597795,0.572942277554022,UNIVERSAL_MIXTURE_BUDGET_AVAILABLE,2420,0.0,0.0,0.0,0.0,0.0
2023-05-16,0.427057722445978,0.572942277554022,UNIVERSAL_MIXTURE_BUDGET_AVAILABLE,2421,0.0,0.0,0.0,0.0,0.0
2023-05-17,0.4270577224459778,0.5729422775540223,UNIVERSAL_MIXTURE_BUDGET_AVAILABLE,2422,0.0,0.0,0.0,0.0,0.0
2023-05-18,0.4270577224459778,0.5729422775540223,UNIVERSAL_MIXTURE_BUDGET_AVAILABLE,2423,0.0,0.0,0.0,0.0,0.0
2023-05-19,0.4270577224459777,0.5729422775540223,UNIVERSAL_MIXTURE_BUDGET_AVAILABLE,2424,0.0,0.0,0.0,0.0,0.0
2023-05-22,0.42705772244597795,0.572942277554022,UNIVERSAL_MIXTURE_BUDGET_AVAILABLE,2425,0.0,0.0,0.0,0.0,0.0
2023-05-23,0.4270577224459778,0.5729422775540223,UNIVERSAL_MIXTURE_BUDGET_AVAILABLE,2426,0.0,0.0,0.0,0.0,0.0
2023-05-24,0.42705772244597784,0.5729422775540222,UNIVERSAL_MIXTURE_BUDGET_AVAILABLE,2427,0.0,0.0,0.0,0.0,0.0
2023-05-25,0.4270577224459779,0.572942277554022,UNIVERSAL_MIXTURE_BUDGET_AVAILABLE,2428,0.0,0.0,0.0,0.0,0.0
2023-05-26,0.4270577224459778,0.5729422775540223,UNIVERSAL_MIXTURE_BUDGET_AVAILABLE,2429,0.0,0.0,0.0,0.0,0.0
2023-05-29,0.4270577224459778,0.5729422775540223,UNIVERSAL_MIXTURE_BUDGET_AVAILABLE,2430,0.0,0.0,0.0,0.0,0.0
2023-05-30,0.42705772244597784,0.5729422775540222,UNIVERSAL_MIXTURE_BUDGET_AVAILABLE,2431,0.0,0.0,0.0,0.0,0.0
2023-05-31,0.42705772244597784,0.5729422775540222,UNIVERSAL_MIXTURE_BUDGET_AVAILABLE,2432,0.0,0.0,0.0,0.0,0.0
2023-06-01,0.4270577224459777,0.5729422775540223,UNIVERSAL_MIXTURE_BUDGET_AVAILABLE,2433,0.0,0.0,0.0,0.0,0.0
2023-06-02,0.42705772244597784,0.5729422775540222,UNIVERSAL_MIXTURE_BUDGET_AVAILABLE,2434,0.0,0.0,0.0,0.0,0.0
2023-06-05,0.4270577224459777,0.5729422775540223,UNIVERSAL_MIXTURE_BUDGET_AVAILABLE,2435,0.0,0.0,0.0,0.0,0.0
2023-06-06,0.42705772244597767,0.5729422775540223,UNIVERSAL_MIXTURE_BUDGET_AVAILABLE,2436,0.0,0.0,0.0,0.0,0.0
2023-06-07,0.4270577224459779,0.572942277554022,UNIVERSAL_MIXTURE_BUDGET_AVAILABLE,2437,0.0,0.0,0.0,0.0,0.0
2023-06-08,0.42705772244597795,0.572942277554022,UNIVERSAL_MIXTURE_BUDGET_AVAILABLE,2438,0.0,0.0,0.0,0.0,0.0
2023-06-09,0.4270577224459779,0.572942277554022,UNIVERSAL_MIXTURE_BUDGET_AVAILABLE,2439,0.0,0.0,0.0,0.0,0.0
2023-06-12,0.4270577224459779,0.572942277554022,UNIVERSAL_MIXTURE_BUDGET_AVAILABLE,2440,0.0,0.0,0.0,0.0,0.0
2023-06-13,0.4270577224459778,0.5729422775540223,UNIVERSAL_MIXTURE_BUDGET_AVAILABLE,2441,0.0,0.0,0.0,0.0,0.0
2023-06-14,0.42705772244597795,0.572942277554022,UNIVERSAL_MIXTURE_BUDGET_AVAILABLE,2442,0.0,0.0,0.0,0.0,0.0
2023-06-15,0.42705772244597784,0.5729422775540222,UNIVERSAL_MIXTURE_BUDGET_AVAILABLE,2443,0.0,0.0,0.0,0.0,0.0
2023-06-16,0.42705772244597784,0.5729422775540222,UNIVERSAL_MIXTURE_BUDGET_AVAILABLE,2444,0.0,0.0,0.0,0.0,0.0
2023-06-19,0.427057722445978,0.572942277554022,UNIVERSAL_MIXTURE_BUDGET_AVAILABLE,2445,0.0,0.0,0.0,0.0,0.0
2023-06-20,0.42705772244597795,0.572942277554022,UNIVERSAL_MIXTURE_BUDGET_AVAILABLE,2446,0.0,0.0,0.0,0.0,0.0
2023-06-21,0.42705772244597784,0.5729422775540222,UNIVERSAL_MIXTURE_BUDGET_AVAILABLE,2447,0.0,0.0,0.0,0.0,0.0
2023-06-26,0.4270577224459779,0.572942277554022,UNIVERSAL_MIXTURE_BUDGET_AVAILABLE,2448,0.0,0.0,0.0,0.0,0.0
2023-06-27,0.42705772244597784,0.5729422775540222,UNIVERSAL_MIXTURE_BUDGET_AVAILABLE,2449,0.0,0.0,0.0,0.0,0.0
2023-06-28,0.4270577224459777,0.5729422775540223,UNIVERSAL_MIXTURE_BUDGET_AVAILABLE,2450,0.0,0.0,0.0,0.0,0.0
2023-06-29,0.4270577224459778,0.5729422775540223,UNIVERSAL_MIXTURE_BUDGET_AVAILABLE,2451,0.0,0.0,0.0,0.0,0.0
2023-06-30,0.42705772244597795,0.572942277554022,UNIVERSAL_MIXTURE_BUDGET_AVAILABLE,2452,0.0,0.0,0.0,0.0,0.0
2023-07-03,0.4270577224459779,0.572942277554022,UNIVERSAL_MIXTURE_BUDGET_AVAILABLE,2453,0.0,0.0,0.0,0.0,0.0
2023-07-04,0.4270577224459779,0.572942277554022,UNIVERSAL_MIXTURE_BUDGET_AVAILABLE,2454,0.0,0.0,0.0,0.0,0.0
2023-07-05,0.42705772244597784,0.5729422775540222,UNIVERSAL_MIXTURE_BUDGET_AVAILABLE,2455,0.0,0.0,0.0,0.0,0.0
2023-07-06,0.4270577224459779,0.572942277554022,UNIVERSAL_MIXTURE_BUDGET_AVAILABLE,2456,0.0,0.0,0.0,0.0,0.0
2023-07-07,0.4270577224459777,0.5729422775540223,UNIVERSAL_MIXTURE_BUDGET_AVAILABLE,2457,0.0,0.0,0.0,0.0,0.0
2023-07-10,0.42705772244597784,0.5729422775540222,UNIVERSAL_MIXTURE_BUDGET_AVAILABLE,2458,0.0,0.0,0.0,0.0,0.0
2023-07-11,0.4270577224459778,0.5729422775540223,UNIVERSAL_MIXTURE_BUDGET_AVAILABLE,2459,0.0,0.0,0.0,0.0,0.0
2023-07-12,0.42705772244597784,0.5729422775540222,UNIVERSAL_MIXTURE_BUDGET_AVAILABLE,2460,0.0,0.0,0.0,0.0,0.0
2023-07-13,0.4270577224459779,0.572942277554022,UNIVERSAL_MIXTURE_BUDGET_AVAILABLE,2461,0.0,0.0,0.0,0.0,0.0
2023-07-14,0.4270577224459779,0.572942277554022,UNIVERSAL_MIXTURE_BUDGET_AVAILABLE,2462,0.0,0.0,0.0,0.0,0.0
2023-07-17,0.42705772244597784,0.5729422775540222,UNIVERSAL_MIXTURE_BUDGET_AVAILABLE,2463,0.0,0.0,0.0,0.0,0.0
2023-07-18,0.4270577224459779,0.572942277554022,UNIVERSAL_MIXTURE_BUDGET_AVAILABLE,2464,0.0,0.0,0.0,0.0,0.0
2023-07-19,0.42705772244597784,0.5729422775540222,UNIVERSAL_MIXTURE_BUDGET_AVAILABLE,2465,0.0,0.0,0.0,0.0,0.0
2023-07-20,0.42705772244597784,0.5729422775540222,UNIVERSAL_MIXTURE_BUDGET_AVAILABLE,2466,0.0,0.0,0.0,0.0,0.0
2023-07-21,0.42705772244597795,0.572942277554022,UNIVERSAL_MIXTURE_BUDGET_AVAILABLE,2467,0.0,0.0,0.0,0.0,0.0
2023-07-24,0.4270577224459779,0.572942277554022,UNIVERSAL_MIXTURE_BUDGET_AVAILABLE,2468,0.0,0.0,0.0,0.0,0.0
2023-07-25,0.4270577224459779,0.572942277554022,UNIVERSAL_MIXTURE_BUDGET_AVAILABLE,2469,0.0,0.0,0.0,0.0,0.0
2023-07-26,0.4270577224459779,0.572942277554022,UNIVERSAL_MIXTURE_BUDGET_AVAILABLE,2470,0.0,0.0,0.0,0.0,0.0
2023-07-27,0.42705772244597767,0.5729422775540223,UNIVERSAL_MIXTURE_BUDGET_AVAILABLE,2471,0.0,0.0,0.0,0.0,0.0
2023-07-28,0.4270577224459779,0.572942277554022,UNIVERSAL_MIXTURE_BUDGET_AVAILABLE,2472,0.0,0.0,0.0,0.0,0.0
2023-07-31,0.42705772244597795,0.572942277554022,UNIVERSAL_MIXTURE_BUDGET_AVAILABLE,2473,0.0,0.0,0.0,0.0,0.0
2023-08-01,0.4270577224459779,0.572942277554022,UNIVERSAL_MIXTURE_BUDGET_AVAILABLE,2474,0.0,0.0,0.0,0.0,0.0
2023-08-02,0.4270577224459778,0.5729422775540223,UNIVERSAL_MIXTURE_BUDGET_AVAILABLE,2475,0.0,0.0,0.0,0.0,0.0
2023-08-03,0.42705772244597784,0.5729422775540222,UNIVERSAL_MIXTURE_BUDGET_AVAILABLE,2476,0.0,0.0,0.0,0.0,0.0
2023-08-04,0.4270577224459779,0.572942277554022,UNIVERSAL_MIXTURE_BUDGET_AVAILABLE,2477,0.0,0.0,0.0,0.0,0.0
2023-08-07,0.42705772244597806,0.5729422775540219,UNIVERSAL_MIXTURE_BUDGET_AVAILABLE,2478,0.0,0.0,0.0,0.0,0.0
2023-08-08,0.42705772244597784,0.5729422775540222,UNIVERSAL_MIXTURE_BUDGET_AVAILABLE,2479,0.0,0.0,0.0,0.0,0.0
2023-08-09,0.42705772244597784,0.5729422775540222,UNIVERSAL_MIXTURE_BUDGET_AVAILABLE,2480,0.0,0.0,0.0,0.0,0.0
2023-08-10,0.42705772244597784,0.5729422775540222,UNIVERSAL_MIXTURE_BUDGET_AVAILABLE,2481,0.0,0.0,0.0,0.0,0.0
2023-08-11,0.4270577224459778,0.5729422775540223,UNIVERSAL_MIXTURE_BUDGET_AVAILABLE,2482,0.0,0.0,0.0,0.0,0.0
2023-08-14,0.4270577224459778,0.5729422775540223,UNIVERSAL_MIXTURE_BUDGET_AVAILABLE,2483,0.0,0.0,0.0,0.0,0.0
2023-08-15,0.4270577224459778,0.5729422775540223,UNIVERSAL_MIXTURE_BUDGET_AVAILABLE,2484,0.0,0.0,0.0,0.0,0.0
2023-08-16,0.42705772244597784,0.5729422775540222,UNIVERSAL_MIXTURE_BUDGET_AVAILABLE,2485,0.0,0.0,0.0,0.0,0.0
2023-08-17,0.42705772244597795,0.572942277554022,UNIVERSAL_MIXTURE_BUDGET_AVAILABLE,2486,0.0,0.0,0.0,0.0,0.0
2023-08-18,0.4270577224459779,0.572942277554022,UNIVERSAL_MIXTURE_BUDGET_AVAILABLE,2487,0.0,0.0,0.0,0.0,0.0
2023-08-21,0.42705772244597784,0.5729422775540222,UNIVERSAL_MIXTURE_BUDGET_AVAILABLE,2488,0.0,0.0,0.0,0.0,0.0
2023-08-22,0.42705772244597784,0.5729422775540222,UNIVERSAL_MIXTURE_BUDGET_AVAILABLE,2489,0.0,0.0,0.0,0.0,0.0
2023-08-23,0.4270577224459779,0.572942277554022,UNIVERSAL_MIXTURE_BUDGET_AVAILABLE,2490,0.0,0.0,0.0,0.0,0.0
2023-08-24,0.42705772244597795,0.572942277554022,UNIVERSAL_MIXTURE_BUDGET_AVAILABLE,2491,0.0,0.0,0.0,0.0,0.0
2023-08-25,0.4270577224459779,0.572942277554022,UNIVERSAL_MIXTURE_BUDGET_AVAILABLE,2492,0.0,0.0,0.0,0.0,0.0
2023-08-28,0.4270577224459778,0.5729422775540223,UNIVERSAL_MIXTURE_BUDGET_AVAILABLE,2493,0.0,0.0,0.0,0.0,0.0
2023-08-29,0.42705772244597767,0.5729422775540223,UNIVERSAL_MIXTURE_BUDGET_AVAILABLE,2494,0.0,0.0,0.0,0.0,0.0
2023-08-30,0.4270577224459779,0.572942277554022,UNIVERSAL_MIXTURE_BUDGET_AVAILABLE,2495,0.0,0.0,0.0,0.0,0.0
2023-08-31,0.4270577224459779,0.572942277554022,UNIVERSAL_MIXTURE_BUDGET_AVAILABLE,2496,0.0,0.0,0.0,0.0,0.0
2023-09-01,0.42705772244597784,0.5729422775540222,UNIVERSAL_MIXTURE_BUDGET_AVAILABLE,2497,0.0,0.0,0.0,0.0,0.0
2023-09-04,0.42705772244597784,0.5729422775540222,UNIVERSAL_MIXTURE_BUDGET_AVAILABLE,2498,0.0,0.0,0.0,0.0,0.0
2023-09-05,0.4270577224459779,0.572942277554022,UNIVERSAL_MIXTURE_BUDGET_AVAILABLE,2499,0.0,0.0,0.0,0.0,0.0
2023-09-06,0.4270577224459778,0.5729422775540223,UNIVERSAL_MIXTURE_BUDGET_AVAILABLE,2500,0.0,0.0,0.0,0.0,0.0
2023-09-07,0.42705772244597784,0.5729422775540222,UNIVERSAL_MIXTURE_BUDGET_AVAILABLE,2501,0.0,0.0,0.0,0.0,0.0
2023-09-08,0.4270577224459779,0.572942277554022,UNIVERSAL_MIXTURE_BUDGET_AVAILABLE,2502,0.0,0.0,0.0,0.0,0.0
2023-09-11,0.4270577224459779,0.572942277554022,UNIVERSAL_MIXTURE_BUDGET_AVAILABLE,2503,0.0,0.0,0.0,0.0,0.0
2023-09-12,0.42705772244597784,0.5729422775540222,UNIVERSAL_MIXTURE_BUDGET_AVAILABLE,2504,0.0,0.0,0.0,0.0,0.0
2023-09-13,0.42705772244597784,0.5729422775540222,UNIVERSAL_MIXTURE_BUDGET_AVAILABLE,2505,0.0,0.0,0.0,0.0,0.0
2023-09-14,0.4270577224459777,0.5729422775540223,UNIVERSAL_MIXTURE_BUDGET_AVAILABLE,2506,0.0,0.0,0.0,0.0,0.0
2023-09-15,0.4270577224459778,0.5729422775540223,UNIVERSAL_MIXTURE_BUDGET_AVAILABLE,2507,0.0,0.0,0.0,0.0,0.0
2023-09-18,0.4270577224459779,0.572942277554022,UNIVERSAL_MIXTURE_BUDGET_AVAILABLE,2508,0.0,0.0,0.0,0.0,0.0
2023-09-19,0.42705772244597784,0.5729422775540222,UNIVERSAL_MIXTURE_BUDGET_AVAILABLE,2509,0.0,0.0,0.0,0.0,0.0
2023-09-20,0.42705772244597784,0.5729422775540222,UNIVERSAL_MIXTURE_BUDGET_AVAILABLE,2510,0.0,0.0,0.0,0.0,0.0
2023-09-21,0.4270577224459778,0.5729422775540223,UNIVERSAL_MIXTURE_BUDGET_AVAILABLE,2511,0.0,0.0,0.0,0.0,0.0
2023-09-22,0.42705772244597784,0.5729422775540222,UNIVERSAL_MIXTURE_BUDGET_AVAILABLE,2512,0.0,0.0,0.0,0.0,0.0
2023-09-25,0.42705772244597795,0.572942277554022,UNIVERSAL_MIXTURE_BUDGET_AVAILABLE,2513,0.0,0.0,0.0,0.0,0.0
2023-09-26,0.42705772244597784,0.5729422775540222,UNIVERSAL_MIXTURE_BUDGET_AVAILABLE,2514,0.0,0.0,0.0,0.0,0.0
2023-09-27,0.42705772244597767,0.5729422775540223,UNIVERSAL_MIXTURE_BUDGET_AVAILABLE,2515,0.0,0.0,0.0,0.0,0.0
2023-09-28,0.4270577224459777,0.5729422775540223,UNIVERSAL_MIXTURE_BUDGET_AVAILABLE,2516,0.0,0.0,0.0,0.0,0.0
2023-10-09,0.4270577224459778,0.5729422775540223,UNIVERSAL_MIXTURE_BUDGET_AVAILABLE,2517,0.0,0.0,0.0,0.0,0.0
2023-10-10,0.42705772244597784,0.5729422775540222,UNIVERSAL_MIXTURE_BUDGET_AVAILABLE,2518,0.0,0.0,0.0,0.0,0.0
2023-10-11,0.42705772244597767,0.5729422775540223,UNIVERSAL_MIXTURE_BUDGET_AVAILABLE,2519,0.0,0.0,0.0,0.0,0.0
2023-10-12,0.4270577224459778,0.5729422775540223,UNIVERSAL_MIXTURE_BUDGET_AVAILABLE,2520,0.0,0.0,0.0,0.0,0.0
2023-10-13,0.42705772244597784,0.5729422775540222,UNIVERSAL_MIXTURE_BUDGET_AVAILABLE,2521,0.0,0.0,0.0,0.0,0.0
2023-10-16,0.4270577224459779,0.572942277554022,UNIVERSAL_MIXTURE_BUDGET_AVAILABLE,2522,0.0,0.0,0.0,0.0,0.0
2023-10-17,0.4270577224459779,0.572942277554022,UNIVERSAL_MIXTURE_BUDGET_AVAILABLE,2523,0.0,0.0,0.0,0.0,0.0
2023-10-18,0.4270577224459778,0.5729422775540223,UNIVERSAL_MIXTURE_BUDGET_AVAILABLE,2524,0.0,0.0,0.0,0.0,0.0
2023-10-19,0.427057722445978,0.572942277554022,UNIVERSAL_MIXTURE_BUDGET_AVAILABLE,2525,0.0,0.0,0.0,0.0,0.0
2023-10-20,0.42705772244597767,0.5729422775540223,UNIVERSAL_MIXTURE_BUDGET_AVAILABLE,2526,0.0,0.0,0.0,0.0,0.0
2023-10-23,0.42705772244597784,0.5729422775540222,UNIVERSAL_MIXTURE_BUDGET_AVAILABLE,2527,0.0,0.0,0.0,0.0,0.0
2023-10-24,0.42705772244597784,0.5729422775540222,UNIVERSAL_MIXTURE_BUDGET_AVAILABLE,2528,0.0,0.0,0.0,0.0,0.0
2023-10-25,0.4270577224459778,0.5729422775540223,UNIVERSAL_MIXTURE_BUDGET_AVAILABLE,2529,0.0,0.0,0.0,0.0,0.0
2023-10-26,0.4270577224459779,0.572942277554022,UNIVERSAL_MIXTURE_BUDGET_AVAILABLE,2530,0.0,0.0,0.0,0.0,0.0
2023-10-27,0.4270577224459779,0.572942277554022,UNIVERSAL_MIXTURE_BUDGET_AVAILABLE,2531,0.0,0.0,0.0,0.0,0.0
2023-10-30,0.42705772244597784,0.5729422775540222,UNIVERSAL_MIXTURE_BUDGET_AVAILABLE,2532,0.0,0.0,0.0,0.0,0.0
2023-10-31,0.42705772244597784,0.5729422775540222,UNIVERSAL_MIXTURE_BUDGET_AVAILABLE,2533,0.0,0.0,0.0,0.0,0.0
2023-11-01,0.4270577224459779,0.572942277554022,UNIVERSAL_MIXTURE_BUDGET_AVAILABLE,2534,0.0,0.0,0.0,0.0,0.0
2023-11-02,0.4270577224459778,0.5729422775540223,UNIVERSAL_MIXTURE_BUDGET_AVAILABLE,2535,0.0,0.0,0.0,0.0,0.0
2023-11-03,0.42705772244597784,0.5729422775540222,UNIVERSAL_MIXTURE_BUDGET_AVAILABLE,2536,0.0,0.0,0.0,0.0,0.0
2023-11-06,0.42705772244597784,0.5729422775540222,UNIVERSAL_MIXTURE_BUDGET_AVAILABLE,2537,0.0,0.0,0.0,0.0,0.0
2023-11-07,0.4270577224459778,0.5729422775540223,UNIVERSAL_MIXTURE_BUDGET_AVAILABLE,2538,0.0,0.0,0.0,0.0,0.0
2023-11-08,0.4270577224459779,0.572942277554022,UNIVERSAL_MIXTURE_BUDGET_AVAILABLE,2539,0.0,0.0,0.0,0.0,0.0
2023-11-09,0.4270577224459777,0.5729422775540223,UNIVERSAL_MIXTURE_BUDGET_AVAILABLE,2540,0.0,0.0,0.0,0.0,0.0
2023-11-10,0.4270577224459778,0.5729422775540223,UNIVERSAL_MIXTURE_BUDGET_AVAILABLE,2541,0.0,0.0,0.0,0.0,0.0
2023-11-13,0.4270577224459779,0.572942277554022,UNIVERSAL_MIXTURE_BUDGET_AVAILABLE,2542,0.0,0.0,0.0,0.0,0.0
2023-11-14,0.42705772244597784,0.5729422775540222,UNIVERSAL_MIXTURE_BUDGET_AVAILABLE,2543,0.0,0.0,0.0,0.0,0.0
2023-11-15,0.42705772244597784,0.5729422775540222,UNIVERSAL_MIXTURE_BUDGET_AVAILABLE,2544,0.0,0.0,0.0,0.0,0.0
2023-11-16,0.42705772244597784,0.5729422775540222,UNIVERSAL_MIXTURE_BUDGET_AVAILABLE,2545,0.0,0.0,0.0,0.0,0.0
2023-11-17,0.4270577224459777,0.5729422775540223,UNIVERSAL_MIXTURE_BUDGET_AVAILABLE,2546,0.0,0.0,0.0,0.0,0.0
2023-11-20,0.4270577224459777,0.5729422775540223,UNIVERSAL_MIXTURE_BUDGET_AVAILABLE,2547,0.0,0.0,0.0,0.0,0.0
2023-11-21,0.4270577224459778,0.5729422775540223,UNIVERSAL_MIXTURE_BUDGET_AVAILABLE,2548,0.0,0.0,0.0,0.0,0.0
2023-11-22,0.42705772244597795,0.572942277554022,UNIVERSAL_MIXTURE_BUDGET_AVAILABLE,2549,0.0,0.0,0.0,0.0,0.0
2023-11-23,0.4270577224459778,0.5729422775540223,UNIVERSAL_MIXTURE_BUDGET_AVAILABLE,2550,0.0,0.0,0.0,0.0,0.0
2023-11-24,0.4270577224459779,0.572942277554022,UNIVERSAL_MIXTURE_BUDGET_AVAILABLE,2551,0.0,0.0,0.0,0.0,0.0
2023-11-27,0.42705772244597795,0.572942277554022,UNIVERSAL_MIXTURE_BUDGET_AVAILABLE,2552,0.0,0.0,0.0,0.0,0.0
2023-11-28,0.4270577224459779,0.572942277554022,UNIVERSAL_MIXTURE_BUDGET_AVAILABLE,2553,0.0,0.0,0.0,0.0,0.0
2023-11-29,0.4270577224459778,0.5729422775540223,UNIVERSAL_MIXTURE_BUDGET_AVAILABLE,2554,0.0,0.0,0.0,0.0,0.0
2023-11-30,0.42705772244597784,0.5729422775540222,UNIVERSAL_MIXTURE_BUDGET_AVAILABLE,2555,0.0,0.0,0.0,0.0,0.0
2023-12-01,0.4270577224459777,0.5729422775540223,UNIVERSAL_MIXTURE_BUDGET_AVAILABLE,2556,0.0,0.0,0.0,0.0,0.0
2023-12-04,0.4270577224459779,0.572942277554022,UNIVERSAL_MIXTURE_BUDGET_AVAILABLE,2557,0.0,0.0,0.0,0.0,0.0
2023-12-05,0.4270577224459778,0.5729422775540223,UNIVERSAL_MIXTURE_BUDGET_AVAILABLE,2558,0.0,0.0,0.0,0.0,0.0
2023-12-06,0.42705772244597784,0.5729422775540222,UNIVERSAL_MIXTURE_BUDGET_AVAILABLE,2559,0.0,0.0,0.0,0.0,0.0
2023-12-07,0.42705772244597784,0.5729422775540222,UNIVERSAL_MIXTURE_BUDGET_AVAILABLE,2560,0.0,0.0,0.0,0.0,0.0
2023-12-08,0.4270577224459778,0.5729422775540223,UNIVERSAL_MIXTURE_BUDGET_AVAILABLE,2561,0.0,0.0,0.0,0.0,0.0
2023-12-11,0.42705772244597784,0.5729422775540222,UNIVERSAL_MIXTURE_BUDGET_AVAILABLE,2562,0.0,0.0,0.0,0.0,0.0
2023-12-12,0.42705772244597784,0.5729422775540222,UNIVERSAL_MIXTURE_BUDGET_AVAILABLE,2563,0.0,0.0,0.0,0.0,0.0
2023-12-13,0.42705772244597784,0.5729422775540222,UNIVERSAL_MIXTURE_BUDGET_AVAILABLE,2564,0.0,0.0,0.0,0.0,0.0
2023-12-14,0.42705772244597784,0.5729422775540222,UNIVERSAL_MIXTURE_BUDGET_AVAILABLE,2565,0.0,0.0,0.0,0.0,0.0
2023-12-15,0.42705772244597795,0.572942277554022,UNIVERSAL_MIXTURE_BUDGET_AVAILABLE,2566,0.0,0.0,0.0,0.0,0.0
2023-12-18,0.4270577224459779,0.572942277554022,UNIVERSAL_MIXTURE_BUDGET_AVAILABLE,2567,0.0,0.0,0.0,0.0,0.0
2023-12-19,0.42705772244597795,0.572942277554022,UNIVERSAL_MIXTURE_BUDGET_AVAILABLE,2568,0.0,0.0,0.0,0.0,0.0
2023-12-20,0.42705772244597784,0.5729422775540222,UNIVERSAL_MIXTURE_BUDGET_AVAILABLE,2569,0.0,0.0,0.0,0.0,0.0
2023-12-21,0.4270577224459779,0.572942277554022,UNIVERSAL_MIXTURE_BUDGET_AVAILABLE,2570,0.0,0.0,0.0,0.0,0.0
2023-12-22,0.4270577224459779,0.572942277554022,UNIVERSAL_MIXTURE_BUDGET_AVAILABLE,2571,0.0,0.0,0.0,0.0,0.0
2023-12-25,0.42705772244597784,0.5729422775540222,UNIVERSAL_MIXTURE_BUDGET_AVAILABLE,2572,0.0,0.0,0.0,0.0,0.0
2023-12-26,0.42705772244597784,0.5729422775540222,UNIVERSAL_MIXTURE_BUDGET_AVAILABLE,2573,0.0,0.0,0.0,0.0,0.0
2023-12-27,0.4270577224459778,0.5729422775540223,UNIVERSAL_MIXTURE_BUDGET_AVAILABLE,2574,0.0,0.0,0.0,0.0,0.0
2023-12-28,0.42705772244597784,0.5729422775540222,UNIVERSAL_MIXTURE_BUDGET_AVAILABLE,2575,0.0,0.0,0.0,0.0,0.0
2023-12-29,0.42705772244597784,0.5729422775540222,UNIVERSAL_MIXTURE_BUDGET_AVAILABLE,2576,0.0,0.0,0.0,0.0,0.0
2024-01-02,0.4270577224459778,0.5729422775540223,UNIVERSAL_MIXTURE_BUDGET_AVAILABLE,2577,0.0,0.0,0.0,0.0,0.0
2024-01-03,0.42705772244597784,0.5729422775540222,UNIVERSAL_MIXTURE_BUDGET_AVAILABLE,2578,0.0,0.0,0.0,0.0,0.0
2024-01-04,0.4270577224459778,0.5729422775540223,UNIVERSAL_MIXTURE_BUDGET_AVAILABLE,2579,0.0,0.0,0.0,0.0,0.0
2024-01-05,0.4270577224459779,0.572942277554022,UNIVERSAL_MIXTURE_BUDGET_AVAILABLE,2580,0.0,0.0,0.0,0.0,0.0
2024-01-08,0.4270577224459777,0.5729422775540223,UNIVERSAL_MIXTURE_BUDGET_AVAILABLE,2581,0.0,0.0,0.0,0.0,0.0
2024-01-09,0.4270577224459779,0.572942277554022,UNIVERSAL_MIXTURE_BUDGET_AVAILABLE,2582,0.0,0.0,0.0,0.0,0.0
2024-01-10,0.42705772244597784,0.5729422775540222,UNIVERSAL_MIXTURE_BUDGET_AVAILABLE,2583,0.0,0.0,0.0,0.0,0.0
2024-01-11,0.4270577224459777,0.5729422775540223,UNIVERSAL_MIXTURE_BUDGET_AVAILABLE,2584,0.0,0.0,0.0,0.0,0.0
2024-01-12,0.42705772244597795,0.572942277554022,UNIVERSAL_MIXTURE_BUDGET_AVAILABLE,2585,0.0,0.0,0.0,0.0,0.0
2024-01-15,0.4270577224459778,0.5729422775540223,UNIVERSAL_MIXTURE_BUDGET_AVAILABLE,2586,0.0,0.0,0.0,0.0,0.0
2024-01-16,0.42705772244597784,0.5729422775540222,UNIVERSAL_MIXTURE_BUDGET_AVAILABLE,2587,0.0,0.0,0.0,0.0,0.0
2024-01-17,0.4270577224459779,0.572942277554022,UNIVERSAL_MIXTURE_BUDGET_AVAILABLE,2588,0.0,0.0,0.0,0.0,0.0
2024-01-18,0.4270577224459778,0.5729422775540223,UNIVERSAL_MIXTURE_BUDGET_AVAILABLE,2589,0.0,0.0,0.0,0.0,0.0
2024-01-19,0.4270577224459779,0.572942277554022,UNIVERSAL_MIXTURE_BUDGET_AVAILABLE,2590,0.0,0.0,0.0,0.0,0.0
2024-01-22,0.4270577224459778,0.5729422775540223,UNIVERSAL_MIXTURE_BUDGET_AVAILABLE,2591,0.0,0.0,0.0,0.0,0.0
2024-01-23,0.4270577224459779,0.572942277554022,UNIVERSAL_MIXTURE_BUDGET_AVAILABLE,2592,0.0,0.0,0.0,0.0,0.0
2024-01-24,0.4270577224459778,0.5729422775540223,UNIVERSAL_MIXTURE_BUDGET_AVAILABLE,2593,0.0,0.0,0.0,0.0,0.0
2024-01-25,0.42705772244597784,0.5729422775540222,UNIVERSAL_MIXTURE_BUDGET_AVAILABLE,2594,0.0,0.0,0.0,0.0,0.0
2024-01-26,0.4270577224459779,0.572942277554022,UNIVERSAL_MIXTURE_BUDGET_AVAILABLE,2595,0.0,0.0,0.0,0.0,0.0
2024-01-29,0.42705772244597784,0.5729422775540222,UNIVERSAL_MIXTURE_BUDGET_AVAILABLE,2596,0.0,0.0,0.0,0.0,0.0
2024-01-30,0.4270577224459778,0.5729422775540223,UNIVERSAL_MIXTURE_BUDGET_AVAILABLE,2597,0.0,0.0,0.0,0.0,0.0
2024-01-31,0.4270577224459778,0.5729422775540223,UNIVERSAL_MIXTURE_BUDGET_AVAILABLE,2598,0.0,0.0,0.0,0.0,0.0
2024-02-01,0.42705772244597784,0.5729422775540222,UNIVERSAL_MIXTURE_BUDGET_AVAILABLE,2599,0.0,0.0,0.0,0.0,0.0
2024-02-02,0.42705772244597795,0.572942277554022,UNIVERSAL_MIXTURE_BUDGET_AVAILABLE,2600,0.0,0.0,0.0,0.0,0.0
2024-02-05,0.4270577224459777,0.5729422775540223,UNIVERSAL_MIXTURE_BUDGET_AVAILABLE,2601,0.0,0.0,0.0,0.0,0.0
2024-02-06,0.42705772244597784,0.5729422775540222,UNIVERSAL_MIXTURE_BUDGET_AVAILABLE,2602,0.0,0.0,0.0,0.0,0.0
2024-02-07,0.42705772244597784,0.5729422775540222,UNIVERSAL_MIXTURE_BUDGET_AVAILABLE,2603,0.0,0.0,0.0,0.0,0.0
2024-02-08,0.42705772244597784,0.5729422775540222,UNIVERSAL_MIXTURE_BUDGET_AVAILABLE,2604,0.0,1.0,0.5729422775540222,0.0,0.0
2024-02-19,0.4267673060206077,0.5732326939793924,UNIVERSAL_MIXTURE_BUDGET_AVAILABLE,2605,0.0,1.0,0.5732326939793924,0.0,0.00364929491677346
2024-02-20,0.42648564271944706,0.573514357280553,UNIVERSAL_MIXTURE_BUDGET_AVAILABLE,2606,0.0,1.0,0.573514357280553,0.0,0.0035402044517982567
2024-02-21,0.4253700592511261,0.574629940748874,UNIVERSAL_MIXTURE_BUDGET_AVAILABLE,2607,0.0,1.0,0.574629940748874,0.0,0.014110862469061125
2024-02-22,0.4247726984090128,0.5752273015909872,UNIVERSAL_MIXTURE_BUDGET_AVAILABLE,2608,0.0,0.0,0.0,0.0,0.00753702984582838
2024-02-23,0.4248343973455699,0.5751656026544301,UNIVERSAL_MIXTURE_BUDGET_AVAILABLE,2609,0.0,0.0,0.0,0.0,-0.0007752828478280183
2024-02-26,0.42483439734557,0.5751656026544301,UNIVERSAL_MIXTURE_BUDGET_AVAILABLE,2610,0.0,0.0,0.0,0.0,0.0
2024-02-27,0.42483439734557005,0.57516560265443,UNIVERSAL_MIXTURE_BUDGET_AVAILABLE,2611,0.0,0.0,0.0,0.0,0.0
2024-02-28,0.42483439734557,0.5751656026544301,UNIVERSAL_MIXTURE_BUDGET_AVAILABLE,2612,0.0,0.0,0.0,0.0,0.0
2024-02-29,0.42483439734556994,0.5751656026544301,UNIVERSAL_MIXTURE_BUDGET_AVAILABLE,2613,0.0,0.0,0.0,0.0,0.0
2024-03-01,0.4248343973455699,0.5751656026544301,UNIVERSAL_MIXTURE_BUDGET_AVAILABLE,2614,0.0,0.0,0.0,0.0,0.0
2024-03-04,0.42483439734557005,0.57516560265443,UNIVERSAL_MIXTURE_BUDGET_AVAILABLE,2615,0.0,0.0,0.0,0.0,0.0
2024-03-05,0.4248343973455699,0.5751656026544301,UNIVERSAL_MIXTURE_BUDGET_AVAILABLE,2616,0.0,0.0,0.0,0.0,0.0
2024-03-06,0.4248343973455701,0.5751656026544298,UNIVERSAL_MIXTURE_BUDGET_AVAILABLE,2617,0.0,0.0,0.0,0.0,0.0
2024-03-07,0.4248343973455699,0.5751656026544301,UNIVERSAL_MIXTURE_BUDGET_AVAILABLE,2618,0.0,0.0,0.0,0.0,0.0
2024-03-08,0.42483439734556994,0.5751656026544301,UNIVERSAL_MIXTURE_BUDGET_AVAILABLE,2619,0.0,0.0,0.0,0.0,0.0
2024-03-11,0.42483439734557005,0.57516560265443,UNIVERSAL_MIXTURE_BUDGET_AVAILABLE,2620,0.0,0.0,0.0,0.0,0.0
2024-03-12,0.42483439734556994,0.5751656026544301,UNIVERSAL_MIXTURE_BUDGET_AVAILABLE,2621,0.0,0.0,0.0,0.0,0.0
2024-03-13,0.42483439734557005,0.57516560265443,UNIVERSAL_MIXTURE_BUDGET_AVAILABLE,2622,0.0,0.0,0.0,0.0,0.0
2024-03-14,0.42483439734556994,0.5751656026544301,UNIVERSAL_MIXTURE_BUDGET_AVAILABLE,2623,0.0,0.0,0.0,0.0,0.0
2024-03-15,0.4248343973455699,0.5751656026544301,UNIVERSAL_MIXTURE_BUDGET_AVAILABLE,2624,0.0,0.0,0.0,0.0,0.0
2024-03-18,0.4248343973455699,0.5751656026544301,UNIVERSAL_MIXTURE_BUDGET_AVAILABLE,2625,0.0,0.0,0.0,0.0,0.0
2024-03-19,0.42483439734557005,0.57516560265443,UNIVERSAL_MIXTURE_BUDGET_AVAILABLE,2626,0.0,0.0,0.0,0.0,0.0
2024-03-20,0.42483439734557,0.5751656026544301,UNIVERSAL_MIXTURE_BUDGET_AVAILABLE,2627,0.0,0.0,0.0,0.0,0.0
2024-03-21,0.42483439734556994,0.5751656026544301,UNIVERSAL_MIXTURE_BUDGET_AVAILABLE,2628,0.0,0.0,0.0,0.0,0.0
2024-03-22,0.42483439734557,0.5751656026544301,UNIVERSAL_MIXTURE_BUDGET_AVAILABLE,2629,0.0,0.0,0.0,0.0,0.0
2024-03-25,0.42483439734556994,0.5751656026544301,UNIVERSAL_MIXTURE_BUDGET_AVAILABLE,2630,0.0,0.0,0.0,0.0,0.0
2024-03-26,0.42483439734556994,0.5751656026544301,UNIVERSAL_MIXTURE_BUDGET_AVAILABLE,2631,0.0,0.0,0.0,0.0,0.0
2024-03-27,0.4248343973455699,0.5751656026544301,UNIVERSAL_MIXTURE_BUDGET_AVAILABLE,2632,0.0,0.0,0.0,0.0,0.0
2024-03-28,0.42483439734556994,0.5751656026544301,UNIVERSAL_MIXTURE_BUDGET_AVAILABLE,2633,0.0,0.0,0.0,0.0,0.0
2024-03-29,0.4248343973455698,0.5751656026544302,UNIVERSAL_MIXTURE_BUDGET_AVAILABLE,2634,0.0,0.0,0.0,0.0,0.0
2024-04-01,0.42483439734557,0.5751656026544301,UNIVERSAL_MIXTURE_BUDGET_AVAILABLE,2635,0.0,0.0,0.0,0.0,0.0
2024-04-02,0.42483439734557,0.5751656026544301,UNIVERSAL_MIXTURE_BUDGET_AVAILABLE,2636,0.0,0.0,0.0,0.0,0.0
2024-04-03,0.4248343973455698,0.5751656026544302,UNIVERSAL_MIXTURE_BUDGET_AVAILABLE,2637,0.0,0.0,0.0,0.0,0.0
2024-04-08,0.4248343973455699,0.5751656026544301,UNIVERSAL_MIXTURE_BUDGET_AVAILABLE,2638,0.0,0.0,0.0,0.0,0.0
2024-04-09,0.42483439734557,0.5751656026544301,UNIVERSAL_MIXTURE_BUDGET_AVAILABLE,2639,0.0,0.0,0.0,0.0,0.0
2024-04-10,0.42483439734557005,0.57516560265443,UNIVERSAL_MIXTURE_BUDGET_AVAILABLE,2640,0.0,0.0,0.0,0.0,0.0
2024-04-11,0.42483439734556994,0.5751656026544301,UNIVERSAL_MIXTURE_BUDGET_AVAILABLE,2641,0.0,0.0,0.0,0.0,0.0
2024-04-12,0.42483439734557005,0.57516560265443,UNIVERSAL_MIXTURE_BUDGET_AVAILABLE,2642,0.0,0.0,0.0,0.0,0.0
2024-04-15,0.42483439734556994,0.5751656026544301,UNIVERSAL_MIXTURE_BUDGET_AVAILABLE,2643,0.0,0.0,0.0,0.0,0.0
2024-04-16,0.4248343973455699,0.5751656026544301,UNIVERSAL_MIXTURE_BUDGET_AVAILABLE,2644,0.0,0.0,0.0,0.0,0.0
2024-04-17,0.42483439734557,0.5751656026544301,UNIVERSAL_MIXTURE_BUDGET_AVAILABLE,2645,0.0,0.0,0.0,0.0,0.0
2024-04-18,0.42483439734556994,0.5751656026544301,UNIVERSAL_MIXTURE_BUDGET_AVAILABLE,2646,0.0,0.0,0.0,0.0,0.0
2024-04-19,0.4248343973455699,0.5751656026544301,UNIVERSAL_MIXTURE_BUDGET_AVAILABLE,2647,0.0,0.0,0.0,0.0,0.0
2024-04-22,0.42483439734556994,0.5751656026544301,UNIVERSAL_MIXTURE_BUDGET_AVAILABLE,2648,0.0,0.0,0.0,0.0,0.0
2024-04-23,0.42483439734556994,0.5751656026544301,UNIVERSAL_MIXTURE_BUDGET_AVAILABLE,2649,0.0,0.0,0.0,0.0,0.0
2024-04-24,0.4248343973455701,0.5751656026544298,UNIVERSAL_MIXTURE_BUDGET_AVAILABLE,2650,0.0,0.0,0.0,0.0,0.0
2024-04-25,0.4248343973455701,0.5751656026544298,UNIVERSAL_MIXTURE_BUDGET_AVAILABLE,2651,0.0,0.0,0.0,0.0,0.0
2024-04-26,0.4248343973455701,0.5751656026544298,UNIVERSAL_MIXTURE_BUDGET_AVAILABLE,2652,0.0,0.0,0.0,0.0,0.0
2024-04-29,0.4248343973455699,0.5751656026544301,UNIVERSAL_MIXTURE_BUDGET_AVAILABLE,2653,0.0,0.0,0.0,0.0,0.0
2024-04-30,0.42483439734557005,0.57516560265443,UNIVERSAL_MIXTURE_BUDGET_AVAILABLE,2654,0.0,0.0,0.0,0.0,0.0
2024-05-06,0.42483439734556994,0.5751656026544301,UNIVERSAL_MIXTURE_BUDGET_AVAILABLE,2655,0.0,0.0,0.0,0.0,0.0
2024-05-07,0.42483439734557,0.5751656026544301,UNIVERSAL_MIXTURE_BUDGET_AVAILABLE,2656,0.0,0.0,0.0,0.0,0.0
2024-05-08,0.42483439734557005,0.57516560265443,UNIVERSAL_MIXTURE_BUDGET_AVAILABLE,2657,0.0,0.0,0.0,0.0,0.0
2024-05-09,0.42483439734557,0.5751656026544301,UNIVERSAL_MIXTURE_BUDGET_AVAILABLE,2658,0.0,0.0,0.0,0.0,0.0
2024-05-10,0.42483439734557005,0.57516560265443,UNIVERSAL_MIXTURE_BUDGET_AVAILABLE,2659,0.0,0.0,0.0,0.0,0.0
2024-05-13,0.4248343973455699,0.5751656026544301,UNIVERSAL_MIXTURE_BUDGET_AVAILABLE,2660,0.0,0.0,0.0,0.0,0.0
2024-05-14,0.4248343973455701,0.5751656026544298,UNIVERSAL_MIXTURE_BUDGET_AVAILABLE,2661,0.0,0.0,0.0,0.0,0.0
2024-05-15,0.42483439734557005,0.57516560265443,UNIVERSAL_MIXTURE_BUDGET_AVAILABLE,2662,0.0,0.0,0.0,0.0,0.0
2024-05-16,0.42483439734557005,0.57516560265443,UNIVERSAL_MIXTURE_BUDGET_AVAILABLE,2663,0.0,0.0,0.0,0.0,0.0
2024-05-17,0.42483439734557005,0.57516560265443,UNIVERSAL_MIXTURE_BUDGET_AVAILABLE,2664,0.0,0.0,0.0,0.0,0.0
2024-05-20,0.42483439734556994,0.5751656026544301,UNIVERSAL_MIXTURE_BUDGET_AVAILABLE,2665,0.0,0.0,0.0,0.0,0.0
2024-05-21,0.42483439734557016,0.5751656026544298,UNIVERSAL_MIXTURE_BUDGET_AVAILABLE,2666,0.0,0.0,0.0,0.0,0.0
2024-05-22,0.4248343973455698,0.5751656026544302,UNIVERSAL_MIXTURE_BUDGET_AVAILABLE,2667,0.0,0.0,0.0,0.0,0.0
2024-05-23,0.42483439734557,0.5751656026544301,UNIVERSAL_MIXTURE_BUDGET_AVAILABLE,2668,0.0,0.0,0.0,0.0,0.0
2024-05-24,0.42483439734557,0.5751656026544301,UNIVERSAL_MIXTURE_BUDGET_AVAILABLE,2669,0.0,0.0,0.0,0.0,0.0
2024-05-27,0.42483439734557,0.5751656026544301,UNIVERSAL_MIXTURE_BUDGET_AVAILABLE,2670,0.0,0.0,0.0,0.0,0.0
2024-05-28,0.4248343973455699,0.5751656026544301,UNIVERSAL_MIXTURE_BUDGET_AVAILABLE,2671,0.0,0.0,0.0,0.0,0.0
2024-05-29,0.42483439734557,0.5751656026544301,UNIVERSAL_MIXTURE_BUDGET_AVAILABLE,2672,0.0,0.0,0.0,0.0,0.0
2024-05-30,0.42483439734557,0.5751656026544301,UNIVERSAL_MIXTURE_BUDGET_AVAILABLE,2673,0.0,0.0,0.0,0.0,0.0
2024-05-31,0.42483439734556994,0.5751656026544301,UNIVERSAL_MIXTURE_BUDGET_AVAILABLE,2674,0.0,0.0,0.0,0.0,0.0
2024-06-03,0.4248343973455699,0.5751656026544301,UNIVERSAL_MIXTURE_BUDGET_AVAILABLE,2675,0.0,0.0,0.0,0.0,0.0
2024-06-04,0.42483439734556994,0.5751656026544301,UNIVERSAL_MIXTURE_BUDGET_AVAILABLE,2676,0.0,0.0,0.0,0.0,0.0
2024-06-05,0.4248343973455699,0.5751656026544301,UNIVERSAL_MIXTURE_BUDGET_AVAILABLE,2677,0.0,0.0,0.0,0.0,0.0
2024-06-06,0.42483439734557005,0.57516560265443,UNIVERSAL_MIXTURE_BUDGET_AVAILABLE,2678,0.0,0.0,0.0,0.0,0.0
2024-06-07,0.42483439734556994,0.5751656026544301,UNIVERSAL_MIXTURE_BUDGET_AVAILABLE,2679,0.0,0.0,0.0,0.0,0.0
2024-06-11,0.42483439734557,0.5751656026544301,UNIVERSAL_MIXTURE_BUDGET_AVAILABLE,2680,0.0,0.0,0.0,0.0,0.0
2024-06-12,0.4248343973455698,0.5751656026544302,UNIVERSAL_MIXTURE_BUDGET_AVAILABLE,2681,0.0,0.0,0.0,0.0,0.0
2024-06-13,0.42483439734556994,0.5751656026544301,UNIVERSAL_MIXTURE_BUDGET_AVAILABLE,2682,0.0,0.0,0.0,0.0,0.0
2024-06-14,0.42483439734556994,0.5751656026544301,UNIVERSAL_MIXTURE_BUDGET_AVAILABLE,2683,0.0,0.0,0.0,0.0,0.0
2024-06-17,0.42483439734557005,0.57516560265443,UNIVERSAL_MIXTURE_BUDGET_AVAILABLE,2684,0.0,1.0,0.57516560265443,0.0,0.0
2024-06-18,0.4247607592704197,0.5752392407295803,UNIVERSAL_MIXTURE_BUDGET_AVAILABLE,2685,0.0,1.0,0.5752392407295803,0.0,0.000926147157386259
2024-06-19,0.4249848529728414,0.5750151470271586,UNIVERSAL_MIXTURE_BUDGET_AVAILABLE,2686,0.0,1.0,0.5750151470271586,0.0,-0.00281260320534793
2024-06-20,0.42550294757431534,0.5744970524256847,UNIVERSAL_MIXTURE_BUDGET_AVAILABLE,2687,0.0,1.0,0.5744970524256847,0.0,-0.006487233385714775
2024-06-21,0.4256386883743606,0.5743613116256394,UNIVERSAL_MIXTURE_BUDGET_AVAILABLE,2688,0.0,1.0,0.5743613116256394,0.0,-0.001703371924008823
2024-06-24,0.4260246960839154,0.5739753039160846,UNIVERSAL_MIXTURE_BUDGET_AVAILABLE,2689,0.0,1.0,0.5739753039160846,0.0,-0.004834455326830023
2024-06-25,0.4265043700620322,0.5734956299379679,UNIVERSAL_MIXTURE_BUDGET_AVAILABLE,2690,0.0,1.0,0.5734956299379679,0.0,-0.006000985724663455
2024-06-26,0.4260248706148104,0.5739751293851896,UNIVERSAL_MIXTURE_BUDGET_AVAILABLE,2691,0.0,1.0,0.5739751293851896,0.0,0.006037214965488147
2024-06-27,0.4264587175734082,0.5735412824265917,UNIVERSAL_MIXTURE_BUDGET_AVAILABLE,2692,0.0,1.0,0.5735412824265917,0.0,-0.005429463274695623
2024-06-28,0.4262986162160962,0.5737013837839038,UNIVERSAL_MIXTURE_BUDGET_AVAILABLE,2693,0.0,1.0,0.5737013837839038,0.0,0.002011248575162883
2024-07-01,0.4259794785925721,0.5740205214074279,UNIVERSAL_MIXTURE_BUDGET_AVAILABLE,2694,0.0,1.0,0.5740205214074279,0.0,0.0040144231474903425
2024-07-02,0.4260933154870435,0.5739066845129566,UNIVERSAL_MIXTURE_BUDGET_AVAILABLE,2695,0.0,1.0,0.5739066845129566,0.0,-0.0014279899965785603
2024-07-03,0.42623015481626986,0.5737698451837301,UNIVERSAL_MIXTURE_BUDGET_AVAILABLE,2696,0.0,1.0,0.5737698451837301,0.0,-0.0017160384816796714
2024-07-04,0.4265734013850392,0.5734265986149608,UNIVERSAL_MIXTURE_BUDGET_AVAILABLE,2697,0.0,1.0,0.5734265986149608,0.0,-0.004297470829516925
2024-07-05,0.4269643723264429,0.5730356276735571,UNIVERSAL_MIXTURE_BUDGET_AVAILABLE,2698,0.0,1.0,0.5730356276735571,0.0,-0.004891487966969921
2024-07-08,0.42751993246878284,0.5724800675312172,UNIVERSAL_MIXTURE_BUDGET_AVAILABLE,2699,0.0,1.0,0.5724800675312172,0.0,-0.006939574918224944
2024-07-09,0.42666564355471237,0.5733343564452876,UNIVERSAL_MIXTURE_BUDGET_AVAILABLE,2700,0.0,1.0,0.5733343564452876,0.0,0.010773273269229833
2024-07-10,0.4268495855510709,0.5731504144489291,UNIVERSAL_MIXTURE_BUDGET_AVAILABLE,2701,0.0,1.0,0.5731504144489291,0.0,-0.0023045290612030422
2024-07-11,0.4257986652747702,0.5742013347252297,UNIVERSAL_MIXTURE_BUDGET_AVAILABLE,2702,0.0,1.0,0.5742013347252297,0.0,0.013281650050438909
2024-07-12,0.42557211547763807,0.5744278845223619,UNIVERSAL_MIXTURE_BUDGET_AVAILABLE,2703,0.0,1.0,0.5744278845223619,0.0,0.0028494695706891005
2024-07-15,0.42541394283341466,0.5745860571665853,UNIVERSAL_MIXTURE_BUDGET_AVAILABLE,2704,0.0,1.0,0.5745860571665853,0.0,0.0019889612150227887
2024-07-16,0.4248519060121367,0.5751480939878633,UNIVERSAL_MIXTURE_BUDGET_AVAILABLE,2705,0.0,1.0,0.5751480939878633,0.0,0.007089332503406043
2024-07-17,0.42473999610837937,0.5752600038916207,UNIVERSAL_MIXTURE_BUDGET_AVAILABLE,2706,0.0,0.0,0.0,0.0,0.0014078855320180939
2024-07-18,0.42513718311028953,0.5748628168897105,UNIVERSAL_MIXTURE_BUDGET_AVAILABLE,2707,0.0,0.0,0.0,0.0,-0.004979101080400117
2024-07-19,0.4251371831102895,0.5748628168897105,UNIVERSAL_MIXTURE_BUDGET_AVAILABLE,2708,0.0,0.0,0.0,0.0,0.0
2024-07-22,0.42513718311028953,0.5748628168897105,UNIVERSAL_MIXTURE_BUDGET_AVAILABLE,2709,0.0,0.0,0.0,0.0,0.0
2024-07-23,0.4251371831102894,0.5748628168897105,UNIVERSAL_MIXTURE_BUDGET_AVAILABLE,2710,0.0,0.0,0.0,0.0,0.0
2024-07-24,0.4251371831102895,0.5748628168897105,UNIVERSAL_MIXTURE_BUDGET_AVAILABLE,2711,0.0,0.0,0.0,0.0,0.0
2024-07-25,0.4251371831102896,0.5748628168897104,UNIVERSAL_MIXTURE_BUDGET_AVAILABLE,2712,0.0,0.0,0.0,0.0,0.0
2024-07-26,0.42513718311028953,0.5748628168897105,UNIVERSAL_MIXTURE_BUDGET_AVAILABLE,2713,0.0,0.0,0.0,0.0,0.0
2024-07-29,0.4251371831102895,0.5748628168897105,UNIVERSAL_MIXTURE_BUDGET_AVAILABLE,2714,0.0,0.0,0.0,0.0,0.0
2024-07-30,0.4251371831102894,0.5748628168897105,UNIVERSAL_MIXTURE_BUDGET_AVAILABLE,2715,0.0,0.0,0.0,0.0,0.0
2024-07-31,0.4251371831102896,0.5748628168897104,UNIVERSAL_MIXTURE_BUDGET_AVAILABLE,2716,0.0,0.0,0.0,0.0,0.0
2024-08-01,0.42513718311028953,0.5748628168897105,UNIVERSAL_MIXTURE_BUDGET_AVAILABLE,2717,0.0,1.0,0.5748628168897105,0.0,0.0
2024-08-02,0.4254962042838572,0.5745037957161427,UNIVERSAL_MIXTURE_BUDGET_AVAILABLE,2718,0.0,1.0,0.5745037957161427,0.0,-0.004499919933986574
2024-08-05,0.42639635202685156,0.5736036479731484,UNIVERSAL_MIXTURE_BUDGET_AVAILABLE,2719,0.0,0.0,0.0,0.0,-0.011234111357819598
2024-08-06,0.4259955459566217,0.5740044540433783,UNIVERSAL_MIXTURE_BUDGET_AVAILABLE,2720,0.0,0.0,0.0,0.0,0.005044267642319689
2024-08-07,0.4259955459566217,0.5740044540433783,UNIVERSAL_MIXTURE_BUDGET_AVAILABLE,2721,0.0,0.0,0.0,0.0,0.0
2024-08-08,0.42599554595662176,0.5740044540433782,UNIVERSAL_MIXTURE_BUDGET_AVAILABLE,2722,0.0,0.0,0.0,0.0,0.0
2024-08-09,0.42599554595662165,0.5740044540433784,UNIVERSAL_MIXTURE_BUDGET_AVAILABLE,2723,0.0,0.0,0.0,0.0,0.0
2024-08-12,0.4259955459566217,0.5740044540433783,UNIVERSAL_MIXTURE_BUDGET_AVAILABLE,2724,0.0,0.0,0.0,0.0,0.0
2024-08-13,0.42599554595662165,0.5740044540433784,UNIVERSAL_MIXTURE_BUDGET_AVAILABLE,2725,0.0,0.0,0.0,0.0,0.0
2024-08-14,0.4259955459566217,0.5740044540433783,UNIVERSAL_MIXTURE_BUDGET_AVAILABLE,2726,0.0,0.0,0.0,0.0,0.0
2024-08-15,0.4259955459566217,0.5740044540433783,UNIVERSAL_MIXTURE_BUDGET_AVAILABLE,2727,0.0,0.0,0.0,0.0,0.0
2024-08-16,0.42599554595662176,0.5740044540433782,UNIVERSAL_MIXTURE_BUDGET_AVAILABLE,2728,0.0,0.0,0.0,0.0,0.0
2024-08-19,0.42599554595662165,0.5740044540433784,UNIVERSAL_MIXTURE_BUDGET_AVAILABLE,2729,0.0,0.0,0.0,0.0,0.0
2024-08-20,0.4259955459566217,0.5740044540433783,UNIVERSAL_MIXTURE_BUDGET_AVAILABLE,2730,0.0,0.0,0.0,0.0,0.0
2024-08-21,0.42599554595662154,0.5740044540433784,UNIVERSAL_MIXTURE_BUDGET_AVAILABLE,2731,0.0,0.0,0.0,0.0,0.0
2024-08-22,0.42599554595662165,0.5740044540433784,UNIVERSAL_MIXTURE_BUDGET_AVAILABLE,2732,0.0,0.0,0.0,0.0,0.0
2024-08-23,0.4259955459566216,0.5740044540433784,UNIVERSAL_MIXTURE_BUDGET_AVAILABLE,2733,0.0,0.0,0.0,0.0,0.0
2024-08-26,0.42599554595662176,0.5740044540433782,UNIVERSAL_MIXTURE_BUDGET_AVAILABLE,2734,0.0,0.0,0.0,0.0,0.0
2024-08-27,0.42599554595662165,0.5740044540433784,UNIVERSAL_MIXTURE_BUDGET_AVAILABLE,2735,0.0,1.0,0.5740044540433784,0.0,0.0
2024-08-28,0.42636584450883963,0.5736341554911604,UNIVERSAL_MIXTURE_BUDGET_AVAILABLE,2736,0.0,1.0,0.5736341554911604,0.0,-0.004636547834900084
2024-08-29,0.4266030577381419,0.5733969422618581,UNIVERSAL_MIXTURE_BUDGET_AVAILABLE,2737,0.0,1.0,0.5733969422618581,0.0,-0.0029718174536587094
2024-08-30,0.42554212494502114,0.5744578750549789,UNIVERSAL_MIXTURE_BUDGET_AVAILABLE,2738,0.0,1.0,0.5744578750549789,0.0,0.013413039646792635
2024-09-02,0.42696145855569545,0.5730385414443045,UNIVERSAL_MIXTURE_BUDGET_AVAILABLE,2739,0.0,1.0,0.5730385414443045,0.0,-0.01764734828024661
2024-09-03,0.42667556872563883,0.5733244312743612,UNIVERSAL_MIXTURE_BUDGET_AVAILABLE,2740,0.0,1.0,0.5733244312743612,0.0,0.003592874361229015
2024-09-04,0.42717675616719153,0.5728232438328085,UNIVERSAL_MIXTURE_BUDGET_AVAILABLE,2741,0.0,1.0,0.5728232438328085,0.0,-0.0062650206999056435
2024-09-05,0.4270093550010308,0.5729906449989692,UNIVERSAL_MIXTURE_BUDGET_AVAILABLE,2742,0.0,1.0,0.5729906449989692,0.0,0.0021015062132287987
2024-09-06,0.4276814691209014,0.5723185308790986,UNIVERSAL_MIXTURE_BUDGET_AVAILABLE,2743,0.0,1.0,0.5723185308790986,0.0,-0.008388396585371827
2024-09-09,0.42867696170253883,0.5713230382974612,UNIVERSAL_MIXTURE_BUDGET_AVAILABLE,2744,0.0,1.0,0.5713230382974612,0.0,-0.01238691564663641
2024-09-10,0.42867696170253883,0.5713230382974612,UNIVERSAL_MIXTURE_BUDGET_AVAILABLE,2745,0.0,1.0,0.5713230382974612,0.0,0.0
2024-09-11,0.4288482253181704,0.5711517746818295,UNIVERSAL_MIXTURE_BUDGET_AVAILABLE,2746,0.0,0.0,0.0,0.0,-0.002141364153885772
2024-09-12,0.42879072432874626,0.5712092756712537,UNIVERSAL_MIXTURE_BUDGET_AVAILABLE,2747,0.0,0.0,0.0,0.0,0.0007200000468363665
2024-09-13,0.4287907243287465,0.5712092756712535,UNIVERSAL_MIXTURE_BUDGET_AVAILABLE,2748,0.0,0.0,0.0,0.0,0.0
2024-09-18,0.4287907243287464,0.5712092756712537,UNIVERSAL_MIXTURE_BUDGET_AVAILABLE,2749,0.0,0.0,0.0,0.0,0.0
2024-09-19,0.4287907243287463,0.5712092756712537,UNIVERSAL_MIXTURE_BUDGET_AVAILABLE,2750,0.0,0.0,0.0,0.0,0.0
2024-09-20,0.4287907243287464,0.5712092756712537,UNIVERSAL_MIXTURE_BUDGET_AVAILABLE,2751,0.0,0.0,0.0,0.0,0.0
2024-09-23,0.4287907243287464,0.5712092756712537,UNIVERSAL_MIXTURE_BUDGET_AVAILABLE,2752,0.0,0.0,0.0,0.0,0.0
2024-09-24,0.4287907243287463,0.5712092756712537,UNIVERSAL_MIXTURE_BUDGET_AVAILABLE,2753,0.0,1.0,0.5712092756712537,0.0,0.0
2024-09-25,0.4291967120225375,0.5708032879774625,UNIVERSAL_MIXTURE_BUDGET_AVAILABLE,2754,0.0,1.0,0.5708032879774625,0.0,-0.005067094715006992
2024-09-26,0.42548015236615183,0.5745198476338482,UNIVERSAL_MIXTURE_BUDGET_AVAILABLE,2755,0.0,1.0,0.5745198476338482,0.0,0.04776878743478341
2024-09-27,0.42064845661226924,0.5793515433877308,UNIVERSAL_MIXTURE_BUDGET_AVAILABLE,2756,0.0,0.0,0.0,0.0,0.06289355662040497
2024-09-30,0.4179578820174549,0.5820421179825451,UNIVERSAL_MIXTURE_BUDGET_AVAILABLE,2757,0.0,0.0,0.0,0.0,0.034676146167805566
2024-10-08,0.41795788201745493,0.582042117982545,UNIVERSAL_MIXTURE_BUDGET_AVAILABLE,2758,0.0,0.0,0.0,0.0,0.0
2024-10-09,0.417957882017455,0.582042117982545,UNIVERSAL_MIXTURE_BUDGET_AVAILABLE,2759,0.0,0.0,0.0,0.0,0.0
2024-10-10,0.41795788201745504,0.582042117982545,UNIVERSAL_MIXTURE_BUDGET_AVAILABLE,2760,0.0,0.0,0.0,0.0,0.0
2024-10-11,0.4179578820174551,0.5820421179825449,UNIVERSAL_MIXTURE_BUDGET_AVAILABLE,2761,0.0,0.0,0.0,0.0,0.0
2024-10-14,0.417957882017455,0.582042117982545,UNIVERSAL_MIXTURE_BUDGET_AVAILABLE,2762,0.0,0.0,0.0,0.0,0.0
2024-10-15,0.41795788201745493,0.582042117982545,UNIVERSAL_MIXTURE_BUDGET_AVAILABLE,2763,0.0,0.0,0.0,0.0,0.0
2024-10-16,0.417957882017455,0.582042117982545,UNIVERSAL_MIXTURE_BUDGET_AVAILABLE,2764,0.0,0.0,0.0,0.0,0.0
2024-10-17,0.41795788201745504,0.582042117982545,UNIVERSAL_MIXTURE_BUDGET_AVAILABLE,2765,0.0,0.0,0.0,0.0,0.0
2024-10-18,0.41795788201745504,0.582042117982545,UNIVERSAL_MIXTURE_BUDGET_AVAILABLE,2766,0.0,0.0,0.0,0.0,0.0
2024-10-21,0.41795788201745493,0.582042117982545,UNIVERSAL_MIXTURE_BUDGET_AVAILABLE,2767,0.0,0.0,0.0,0.0,0.0
2024-10-22,0.417957882017455,0.582042117982545,UNIVERSAL_MIXTURE_BUDGET_AVAILABLE,2768,0.0,0.0,0.0,0.0,0.0
2024-10-23,0.41795788201745493,0.582042117982545,UNIVERSAL_MIXTURE_BUDGET_AVAILABLE,2769,0.0,0.0,0.0,0.0,0.0
2024-10-24,0.417957882017455,0.582042117982545,UNIVERSAL_MIXTURE_BUDGET_AVAILABLE,2770,0.0,0.0,0.0,0.0,0.0
2024-10-25,0.41795788201745493,0.582042117982545,UNIVERSAL_MIXTURE_BUDGET_AVAILABLE,2771,0.0,0.0,0.0,0.0,0.0
2024-10-28,0.41795788201745504,0.582042117982545,UNIVERSAL_MIXTURE_BUDGET_AVAILABLE,2772,0.0,0.0,0.0,0.0,0.0
2024-10-29,0.4179578820174549,0.5820421179825451,UNIVERSAL_MIXTURE_BUDGET_AVAILABLE,2773,0.0,0.0,0.0,0.0,0.0
2024-10-30,0.41795788201745493,0.582042117982545,UNIVERSAL_MIXTURE_BUDGET_AVAILABLE,2774,0.0,0.0,0.0,0.0,0.0
2024-10-31,0.41795788201745493,0.582042117982545,UNIVERSAL_MIXTURE_BUDGET_AVAILABLE,2775,0.0,0.0,0.0,0.0,0.0
2024-11-01,0.41795788201745493,0.582042117982545,UNIVERSAL_MIXTURE_BUDGET_AVAILABLE,2776,0.0,0.0,0.0,0.0,0.0
2024-11-04,0.4179578820174548,0.5820421179825452,UNIVERSAL_MIXTURE_BUDGET_AVAILABLE,2777,0.0,0.0,0.0,0.0,0.0
2024-11-05,0.4179578820174549,0.5820421179825451,UNIVERSAL_MIXTURE_BUDGET_AVAILABLE,2778,0.0,0.0,0.0,0.0,0.0
2024-11-06,0.41795788201745504,0.582042117982545,UNIVERSAL_MIXTURE_BUDGET_AVAILABLE,2779,0.0,0.0,0.0,0.0,0.0
2024-11-07,0.41795788201745493,0.582042117982545,UNIVERSAL_MIXTURE_BUDGET_AVAILABLE,2780,0.0,0.0,0.0,0.0,0.0
2024-11-08,0.41795788201745493,0.582042117982545,UNIVERSAL_MIXTURE_BUDGET_AVAILABLE,2781,0.0,0.0,0.0,0.0,0.0
2024-11-11,0.41795788201745504,0.582042117982545,UNIVERSAL_MIXTURE_BUDGET_AVAILABLE,2782,0.0,0.0,0.0,0.0,0.0
2024-11-12,0.41795788201745504,0.582042117982545,UNIVERSAL_MIXTURE_BUDGET_AVAILABLE,2783,0.0,0.0,0.0,0.0,0.0
2024-11-13,0.417957882017455,0.582042117982545,UNIVERSAL_MIXTURE_BUDGET_AVAILABLE,2784,0.0,0.0,0.0,0.0,0.0
2024-11-14,0.417957882017455,0.582042117982545,UNIVERSAL_MIXTURE_BUDGET_AVAILABLE,2785,0.0,0.0,0.0,0.0,0.0
2024-11-15,0.4179578820174548,0.5820421179825452,UNIVERSAL_MIXTURE_BUDGET_AVAILABLE,2786,0.0,0.0,0.0,0.0,0.0
2024-11-18,0.417957882017455,0.582042117982545,UNIVERSAL_MIXTURE_BUDGET_AVAILABLE,2787,0.0,0.0,0.0,0.0,0.0
2024-11-19,0.417957882017455,0.582042117982545,UNIVERSAL_MIXTURE_BUDGET_AVAILABLE,2788,0.0,0.0,0.0,0.0,0.0
2024-11-20,0.4179578820174548,0.5820421179825452,UNIVERSAL_MIXTURE_BUDGET_AVAILABLE,2789,0.0,0.0,0.0,0.0,0.0
2024-11-21,0.41795788201745493,0.582042117982545,UNIVERSAL_MIXTURE_BUDGET_AVAILABLE,2790,0.0,0.0,0.0,0.0,0.0
2024-11-22,0.41795788201745504,0.582042117982545,UNIVERSAL_MIXTURE_BUDGET_AVAILABLE,2791,0.0,0.0,0.0,0.0,0.0
2024-11-25,0.41795788201745504,0.582042117982545,UNIVERSAL_MIXTURE_BUDGET_AVAILABLE,2792,0.0,0.0,0.0,0.0,0.0
2024-11-26,0.41795788201745493,0.582042117982545,UNIVERSAL_MIXTURE_BUDGET_AVAILABLE,2793,0.0,0.0,0.0,0.0,0.0
2024-11-27,0.41795788201745493,0.582042117982545,UNIVERSAL_MIXTURE_BUDGET_AVAILABLE,2794,0.0,0.0,0.0,0.0,0.0
2024-11-28,0.4179578820174549,0.5820421179825451,UNIVERSAL_MIXTURE_BUDGET_AVAILABLE,2795,0.0,0.0,0.0,0.0,0.0
2024-11-29,0.41795788201745493,0.582042117982545,UNIVERSAL_MIXTURE_BUDGET_AVAILABLE,2796,0.0,0.0,0.0,0.0,0.0
2024-12-02,0.41795788201745493,0.582042117982545,UNIVERSAL_MIXTURE_BUDGET_AVAILABLE,2797,0.0,0.0,0.0,0.0,0.0
2024-12-03,0.41795788201745493,0.582042117982545,UNIVERSAL_MIXTURE_BUDGET_AVAILABLE,2798,0.0,0.0,0.0,0.0,0.0
2024-12-04,0.41795788201745493,0.582042117982545,UNIVERSAL_MIXTURE_BUDGET_AVAILABLE,2799,0.0,0.0,0.0,0.0,0.0
2024-12-05,0.41795788201745493,0.582042117982545,UNIVERSAL_MIXTURE_BUDGET_AVAILABLE,2800,0.0,0.0,0.0,0.0,0.0
2024-12-06,0.4179578820174549,0.5820421179825451,UNIVERSAL_MIXTURE_BUDGET_AVAILABLE,2801,0.0,0.0,0.0,0.0,0.0
2024-12-09,0.41795788201745493,0.582042117982545,UNIVERSAL_MIXTURE_BUDGET_AVAILABLE,2802,0.0,0.0,0.0,0.0,0.0
2024-12-10,0.417957882017455,0.582042117982545,UNIVERSAL_MIXTURE_BUDGET_AVAILABLE,2803,0.0,0.0,0.0,0.0,0.0
2024-12-11,0.41795788201745493,0.582042117982545,UNIVERSAL_MIXTURE_BUDGET_AVAILABLE,2804,0.0,0.0,0.0,0.0,0.0
2024-12-12,0.41795788201745504,0.582042117982545,UNIVERSAL_MIXTURE_BUDGET_AVAILABLE,2805,0.0,0.0,0.0,0.0,0.0
2024-12-13,0.41795788201745493,0.582042117982545,UNIVERSAL_MIXTURE_BUDGET_AVAILABLE,2806,0.0,0.0,0.0,0.0,0.0
2024-12-16,0.41795788201745493,0.582042117982545,UNIVERSAL_MIXTURE_BUDGET_AVAILABLE,2807,0.0,0.0,0.0,0.0,0.0
2024-12-17,0.4179578820174549,0.5820421179825451,UNIVERSAL_MIXTURE_BUDGET_AVAILABLE,2808,0.0,0.0,0.0,0.0,0.0
2024-12-18,0.4179578820174548,0.5820421179825452,UNIVERSAL_MIXTURE_BUDGET_AVAILABLE,2809,0.0,0.0,0.0,0.0,0.0
2024-12-19,0.41795788201745504,0.582042117982545,UNIVERSAL_MIXTURE_BUDGET_AVAILABLE,2810,0.0,0.0,0.0,0.0,0.0
2024-12-20,0.41795788201745493,0.582042117982545,UNIVERSAL_MIXTURE_BUDGET_AVAILABLE,2811,0.0,0.0,0.0,0.0,0.0
2024-12-23,0.417957882017455,0.582042117982545,UNIVERSAL_MIXTURE_BUDGET_AVAILABLE,2812,0.0,0.0,0.0,0.0,0.0
2024-12-24,0.4179578820174551,0.5820421179825449,UNIVERSAL_MIXTURE_BUDGET_AVAILABLE,2813,0.0,0.0,0.0,0.0,0.0
2024-12-25,0.41795788201745504,0.582042117982545,UNIVERSAL_MIXTURE_BUDGET_AVAILABLE,2814,0.0,0.0,0.0,0.0,0.0
2024-12-26,0.41795788201745493,0.582042117982545,UNIVERSAL_MIXTURE_BUDGET_AVAILABLE,2815,0.0,0.0,0.0,0.0,0.0
2024-12-27,0.4179578820174549,0.5820421179825451,UNIVERSAL_MIXTURE_BUDGET_AVAILABLE,2816,0.0,0.0,0.0,0.0,0.0
2024-12-30,0.417957882017455,0.582042117982545,UNIVERSAL_MIXTURE_BUDGET_AVAILABLE,2817,0.0,0.0,0.0,0.0,0.0
2024-12-31,0.41795788201745493,0.582042117982545,UNIVERSAL_MIXTURE_BUDGET_AVAILABLE,2818,0.0,0.0,0.0,0.0,0.0
2025-01-02,0.4179578820174549,0.5820421179825451,UNIVERSAL_MIXTURE_BUDGET_AVAILABLE,2819,0.0,0.0,0.0,0.0,0.0
2025-01-03,0.4179578820174549,0.5820421179825451,UNIVERSAL_MIXTURE_BUDGET_AVAILABLE,2820,0.0,0.0,0.0,0.0,0.0
2025-01-06,0.4179578820174549,0.5820421179825451,UNIVERSAL_MIXTURE_BUDGET_AVAILABLE,2821,0.0,0.0,0.0,0.0,0.0
2025-01-07,0.41795788201745493,0.582042117982545,UNIVERSAL_MIXTURE_BUDGET_AVAILABLE,2822,0.0,0.0,0.0,0.0,0.0
2025-01-08,0.4179578820174548,0.5820421179825452,UNIVERSAL_MIXTURE_BUDGET_AVAILABLE,2823,0.0,0.0,0.0,0.0,0.0
2025-01-09,0.417957882017455,0.582042117982545,UNIVERSAL_MIXTURE_BUDGET_AVAILABLE,2824,0.0,0.0,0.0,0.0,0.0
2025-01-10,0.41795788201745493,0.582042117982545,UNIVERSAL_MIXTURE_BUDGET_AVAILABLE,2825,0.0,0.0,0.0,0.0,0.0
2025-01-13,0.417957882017455,0.582042117982545,UNIVERSAL_MIXTURE_BUDGET_AVAILABLE,2826,0.0,0.0,0.0,0.0,0.0
2025-01-14,0.41795788201745493,0.582042117982545,UNIVERSAL_MIXTURE_BUDGET_AVAILABLE,2827,0.0,0.0,0.0,0.0,0.0
2025-01-15,0.41795788201745493,0.582042117982545,UNIVERSAL_MIXTURE_BUDGET_AVAILABLE,2828,0.0,0.0,0.0,0.0,0.0
2025-01-16,0.41795788201745493,0.582042117982545,UNIVERSAL_MIXTURE_BUDGET_AVAILABLE,2829,0.0,0.0,0.0,0.0,0.0
2025-01-17,0.417957882017455,0.582042117982545,UNIVERSAL_MIXTURE_BUDGET_AVAILABLE,2830,0.0,0.0,0.0,0.0,0.0
2025-01-20,0.41795788201745493,0.582042117982545,UNIVERSAL_MIXTURE_BUDGET_AVAILABLE,2831,0.0,0.0,0.0,0.0,0.0
2025-01-21,0.417957882017455,0.582042117982545,UNIVERSAL_MIXTURE_BUDGET_AVAILABLE,2832,0.0,0.0,0.0,0.0,0.0
2025-01-22,0.4179578820174549,0.5820421179825451,UNIVERSAL_MIXTURE_BUDGET_AVAILABLE,2833,0.0,0.0,0.0,0.0,0.0
2025-01-23,0.4179578820174549,0.5820421179825451,UNIVERSAL_MIXTURE_BUDGET_AVAILABLE,2834,0.0,0.0,0.0,0.0,0.0
2025-01-24,0.41795788201745493,0.582042117982545,UNIVERSAL_MIXTURE_BUDGET_AVAILABLE,2835,0.0,0.0,0.0,0.0,0.0
2025-01-27,0.41795788201745493,0.582042117982545,UNIVERSAL_MIXTURE_BUDGET_AVAILABLE,2836,0.0,0.0,0.0,0.0,0.0
2025-02-05,0.41795788201745493,0.582042117982545,UNIVERSAL_MIXTURE_BUDGET_AVAILABLE,2837,0.0,0.0,0.0,0.0,0.0
2025-02-06,0.41795788201745504,0.582042117982545,UNIVERSAL_MIXTURE_BUDGET_AVAILABLE,2838,0.0,0.0,0.0,0.0,0.0
2025-02-07,0.4179578820174549,0.5820421179825451,UNIVERSAL_MIXTURE_BUDGET_AVAILABLE,2839,0.0,0.0,0.0,0.0,0.0
2025-02-10,0.41795788201745493,0.582042117982545,UNIVERSAL_MIXTURE_BUDGET_AVAILABLE,2840,0.0,0.0,0.0,0.0,0.0
2025-02-11,0.41795788201745493,0.582042117982545,UNIVERSAL_MIXTURE_BUDGET_AVAILABLE,2841,0.0,0.0,0.0,0.0,0.0
2025-02-12,0.41795788201745504,0.582042117982545,UNIVERSAL_MIXTURE_BUDGET_AVAILABLE,2842,0.0,0.0,0.0,0.0,0.0
2025-02-13,0.4179578820174549,0.5820421179825451,UNIVERSAL_MIXTURE_BUDGET_AVAILABLE,2843,0.0,0.0,0.0,0.0,0.0
2025-02-14,0.41795788201745504,0.582042117982545,UNIVERSAL_MIXTURE_BUDGET_AVAILABLE,2844,0.0,0.0,0.0,0.0,0.0
2025-02-17,0.41795788201745493,0.582042117982545,UNIVERSAL_MIXTURE_BUDGET_AVAILABLE,2845,0.0,0.0,0.0,0.0,0.0
2025-02-18,0.41795788201745504,0.582042117982545,UNIVERSAL_MIXTURE_BUDGET_AVAILABLE,2846,0.0,0.0,0.0,0.0,0.0
2025-02-19,0.417957882017455,0.582042117982545,UNIVERSAL_MIXTURE_BUDGET_AVAILABLE,2847,0.0,0.0,0.0,0.0,0.0
2025-02-20,0.41795788201745504,0.582042117982545,UNIVERSAL_MIXTURE_BUDGET_AVAILABLE,2848,0.0,0.0,0.0,0.0,0.0
2025-02-21,0.41795788201745504,0.582042117982545,UNIVERSAL_MIXTURE_BUDGET_AVAILABLE,2849,0.0,0.0,0.0,0.0,0.0
2025-02-24,0.417957882017455,0.582042117982545,UNIVERSAL_MIXTURE_BUDGET_AVAILABLE,2850,0.0,0.0,0.0,0.0,0.0
2025-02-25,0.41795788201745493,0.582042117982545,UNIVERSAL_MIXTURE_BUDGET_AVAILABLE,2851,0.0,0.0,0.0,0.0,0.0
2025-02-26,0.4179578820174548,0.5820421179825452,UNIVERSAL_MIXTURE_BUDGET_AVAILABLE,2852,0.0,0.0,0.0,0.0,0.0
2025-02-27,0.417957882017455,0.582042117982545,UNIVERSAL_MIXTURE_BUDGET_AVAILABLE,2853,0.0,0.0,0.0,0.0,0.0
2025-02-28,0.417957882017455,0.582042117982545,UNIVERSAL_MIXTURE_BUDGET_AVAILABLE,2854,0.0,0.0,0.0,0.0,0.0
2025-03-03,0.4179578820174549,0.5820421179825451,UNIVERSAL_MIXTURE_BUDGET_AVAILABLE,2855,0.0,0.0,0.0,0.0,0.0
2025-03-04,0.41795788201745493,0.582042117982545,UNIVERSAL_MIXTURE_BUDGET_AVAILABLE,2856,0.0,0.0,0.0,0.0,0.0
2025-03-05,0.41795788201745493,0.582042117982545,UNIVERSAL_MIXTURE_BUDGET_AVAILABLE,2857,0.0,0.0,0.0,0.0,0.0
2025-03-06,0.417957882017455,0.582042117982545,UNIVERSAL_MIXTURE_BUDGET_AVAILABLE,2858,0.0,0.0,0.0,0.0,0.0
2025-03-07,0.4179578820174551,0.5820421179825449,UNIVERSAL_MIXTURE_BUDGET_AVAILABLE,2859,0.0,0.0,0.0,0.0,0.0
2025-03-10,0.417957882017455,0.582042117982545,UNIVERSAL_MIXTURE_BUDGET_AVAILABLE,2860,0.0,0.0,0.0,0.0,0.0
2025-03-11,0.4179578820174549,0.5820421179825451,UNIVERSAL_MIXTURE_BUDGET_AVAILABLE,2861,0.0,0.0,0.0,0.0,0.0
2025-03-12,0.417957882017455,0.582042117982545,UNIVERSAL_MIXTURE_BUDGET_AVAILABLE,2862,0.0,0.0,0.0,0.0,0.0
2025-03-13,0.41795788201745493,0.582042117982545,UNIVERSAL_MIXTURE_BUDGET_AVAILABLE,2863,0.0,0.0,0.0,0.0,0.0
2025-03-14,0.41795788201745493,0.582042117982545,UNIVERSAL_MIXTURE_BUDGET_AVAILABLE,2864,0.0,0.0,0.0,0.0,0.0
2025-03-17,0.417957882017455,0.582042117982545,UNIVERSAL_MIXTURE_BUDGET_AVAILABLE,2865,0.0,0.0,0.0,0.0,0.0
2025-03-18,0.41795788201745493,0.582042117982545,UNIVERSAL_MIXTURE_BUDGET_AVAILABLE,2866,0.0,0.0,0.0,0.0,0.0
2025-03-19,0.41795788201745493,0.582042117982545,UNIVERSAL_MIXTURE_BUDGET_AVAILABLE,2867,0.0,0.0,0.0,0.0,0.0
2025-03-20,0.417957882017455,0.582042117982545,UNIVERSAL_MIXTURE_BUDGET_AVAILABLE,2868,0.0,0.0,0.0,0.0,0.0
2025-03-21,0.4179578820174548,0.5820421179825452,UNIVERSAL_MIXTURE_BUDGET_AVAILABLE,2869,0.0,0.0,0.0,0.0,0.0
2025-03-24,0.417957882017455,0.582042117982545,UNIVERSAL_MIXTURE_BUDGET_AVAILABLE,2870,0.0,0.0,0.0,0.0,0.0
2025-03-25,0.41795788201745493,0.582042117982545,UNIVERSAL_MIXTURE_BUDGET_AVAILABLE,2871,0.0,0.0,0.0,0.0,0.0
2025-03-26,0.41795788201745493,0.582042117982545,UNIVERSAL_MIXTURE_BUDGET_AVAILABLE,2872,0.0,0.0,0.0,0.0,0.0
2025-03-27,0.41795788201745493,0.582042117982545,UNIVERSAL_MIXTURE_BUDGET_AVAILABLE,2873,0.0,0.0,0.0,0.0,0.0
2025-03-28,0.41795788201745504,0.582042117982545,UNIVERSAL_MIXTURE_BUDGET_AVAILABLE,2874,0.0,0.0,0.0,0.0,0.0
2025-03-31,0.41795788201745493,0.582042117982545,UNIVERSAL_MIXTURE_BUDGET_AVAILABLE,2875,0.0,0.0,0.0,0.0,0.0
2025-04-01,0.4179578820174552,0.5820421179825448,UNIVERSAL_MIXTURE_BUDGET_AVAILABLE,2876,0.0,0.0,0.0,0.0,0.0
2025-04-02,0.41795788201745493,0.582042117982545,UNIVERSAL_MIXTURE_BUDGET_AVAILABLE,2877,0.0,0.0,0.0,0.0,0.0
2025-04-03,0.417957882017455,0.582042117982545,UNIVERSAL_MIXTURE_BUDGET_AVAILABLE,2878,0.0,0.0,0.0,0.0,0.0
2025-04-07,0.4179578820174549,0.5820421179825451,UNIVERSAL_MIXTURE_BUDGET_AVAILABLE,2879,0.0,0.0,0.0,0.0,0.0
2025-04-08,0.41795788201745493,0.582042117982545,UNIVERSAL_MIXTURE_BUDGET_AVAILABLE,2880,1.0,0.0,0.41795788201745493,0.0,0.0
2025-04-09,0.4193873166534985,0.5806126833465015,UNIVERSAL_MIXTURE_BUDGET_AVAILABLE,2881,1.0,1.0,1.0,0.018257357914765793,0.0
2025-04-10,0.4204948366101875,0.5795051633898125,UNIVERSAL_MIXTURE_BUDGET_AVAILABLE,2882,1.0,1.0,1.0,0.01654820226842446,0.002416880901323859
2025-04-11,0.4204925365249235,0.5795074634750765,UNIVERSAL_MIXTURE_BUDGET_AVAILABLE,2883,1.0,1.0,1.0,0.002842333146224396,0.0028714829030636047
2025-04-14,0.42049087195322865,0.5795091280467713,UNIVERSAL_MIXTURE_BUDGET_AVAILABLE,2884,1.0,1.0,1.0,0.00206129249907816,0.0020823717074722747
2025-04-15,0.420490249512611,0.579509750487389,UNIVERSAL_MIXTURE_BUDGET_AVAILABLE,2885,1.0,1.0,1.0,0.0007713946172160924,0.0007792666674413251
2025-04-16,0.42048838796771276,0.5795116120322872,UNIVERSAL_MIXTURE_BUDGET_AVAILABLE,2886,1.0,1.0,1.0,0.0023124000786745036,0.0023359796512458786
2025-04-17,0.4204877693703252,0.5795122306296747,UNIVERSAL_MIXTURE_BUDGET_AVAILABLE,2887,1.0,1.0,1.0,0.0007690217402920307,0.0007768451891945194
2025-04-18,0.42048571426684095,0.579514285733159,UNIVERSAL_MIXTURE_BUDGET_AVAILABLE,2888,1.0,1.0,1.0,0.0025614360010024484,0.002587473897332382
2025-04-21,0.4204853045123397,0.5795146954876603,UNIVERSAL_MIXTURE_BUDGET_AVAILABLE,2889,1.0,1.0,1.0,0.0005109783618286734,0.0005161592309295138
2025-04-22,0.42048469066913924,0.5795153093308607,UNIVERSAL_MIXTURE_BUDGET_AVAILABLE,2890,0.0,0.0,0.0,0.0007660760944354639,0.0007738394220333511
2025-04-23,0.42048240284269967,0.5795175971573003,UNIVERSAL_MIXTURE_BUDGET_AVAILABLE,2891,0.0,0.0,0.0,0.0028634416963531084,0.0028924370495384544
2025-04-24,0.42048240284269967,0.5795175971573003,UNIVERSAL_MIXTURE_BUDGET_AVAILABLE,2892,0.0,0.0,0.0,0.0,0.0
2025-04-25,0.4204824028426997,0.5795175971573003,UNIVERSAL_MIXTURE_BUDGET_AVAILABLE,2893,0.0,0.0,0.0,0.0,0.0
2025-04-28,0.4204824028426998,0.5795175971573002,UNIVERSAL_MIXTURE_BUDGET_AVAILABLE,2894,0.0,0.0,0.0,0.0,0.0
2025-04-29,0.42048240284269983,0.5795175971573001,UNIVERSAL_MIXTURE_BUDGET_AVAILABLE,2895,0.0,0.0,0.0,0.0,0.0
2025-04-30,0.4204824028426998,0.5795175971573002,UNIVERSAL_MIXTURE_BUDGET_AVAILABLE,2896,0.0,0.0,0.0,0.0,0.0
2025-05-06,0.42048240284269967,0.5795175971573003,UNIVERSAL_MIXTURE_BUDGET_AVAILABLE,2897,0.0,0.0,0.0,0.0,0.0
2025-05-07,0.4204824028426998,0.5795175971573002,UNIVERSAL_MIXTURE_BUDGET_AVAILABLE,2898,0.0,0.0,0.0,0.0,0.0
2025-05-08,0.4204824028426997,0.5795175971573003,UNIVERSAL_MIXTURE_BUDGET_AVAILABLE,2899,0.0,0.0,0.0,0.0,0.0
2025-05-09,0.4204824028426998,0.5795175971573002,UNIVERSAL_MIXTURE_BUDGET_AVAILABLE,2900,0.0,0.0,0.0,0.0,0.0
2025-05-12,0.42048240284269967,0.5795175971573003,UNIVERSAL_MIXTURE_BUDGET_AVAILABLE,2901,0.0,0.0,0.0,0.0,0.0
2025-05-13,0.4204824028426998,0.5795175971573002,UNIVERSAL_MIXTURE_BUDGET_AVAILABLE,2902,0.0,0.0,0.0,0.0,0.0
2025-05-14,0.4204824028426997,0.5795175971573003,UNIVERSAL_MIXTURE_BUDGET_AVAILABLE,2903,0.0,0.0,0.0,0.0,0.0
2025-05-15,0.4204824028426998,0.5795175971573002,UNIVERSAL_MIXTURE_BUDGET_AVAILABLE,2904,0.0,0.0,0.0,0.0,0.0
2025-05-16,0.4204824028426997,0.5795175971573003,UNIVERSAL_MIXTURE_BUDGET_AVAILABLE,2905,0.0,0.0,0.0,0.0,0.0
2025-05-19,0.42048240284269967,0.5795175971573003,UNIVERSAL_MIXTURE_BUDGET_AVAILABLE,2906,0.0,0.0,0.0,0.0,0.0
2025-05-20,0.4204824028426997,0.5795175971573003,UNIVERSAL_MIXTURE_BUDGET_AVAILABLE,2907,0.0,0.0,0.0,0.0,0.0
2025-05-21,0.4204824028426998,0.5795175971573002,UNIVERSAL_MIXTURE_BUDGET_AVAILABLE,2908,0.0,0.0,0.0,0.0,0.0
2025-05-22,0.4204824028426998,0.5795175971573002,UNIVERSAL_MIXTURE_BUDGET_AVAILABLE,2909,0.0,0.0,0.0,0.0,0.0
2025-05-23,0.4204824028426998,0.5795175971573002,UNIVERSAL_MIXTURE_BUDGET_AVAILABLE,2910,0.0,0.0,0.0,0.0,0.0
2025-05-26,0.42048240284269967,0.5795175971573003,UNIVERSAL_MIXTURE_BUDGET_AVAILABLE,2911,0.0,0.0,0.0,0.0,0.0
2025-05-27,0.4204824028426997,0.5795175971573003,UNIVERSAL_MIXTURE_BUDGET_AVAILABLE,2912,0.0,0.0,0.0,0.0,0.0
2025-05-28,0.4204824028426998,0.5795175971573002,UNIVERSAL_MIXTURE_BUDGET_AVAILABLE,2913,0.0,0.0,0.0,0.0,0.0
2025-05-29,0.4204824028426998,0.5795175971573002,UNIVERSAL_MIXTURE_BUDGET_AVAILABLE,2914,0.0,0.0,0.0,0.0,0.0
2025-05-30,0.42048240284269983,0.5795175971573001,UNIVERSAL_MIXTURE_BUDGET_AVAILABLE,2915,0.0,1.0,0.5795175971573001,0.0,0.0
2025-06-03,0.42031871841496377,0.5796812815850363,UNIVERSAL_MIXTURE_BUDGET_AVAILABLE,2916,0.0,1.0,0.5796812815850363,0.0,0.002071026809478349
2025-06-04,0.4199810006235245,0.5800189993764755,UNIVERSAL_MIXTURE_BUDGET_AVAILABLE,2917,0.0,1.0,0.5800189993764755,0.0,0.0042792910058448985
2025-06-05,0.41978306654073955,0.5802169334592604,UNIVERSAL_MIXTURE_BUDGET_AVAILABLE,2918,0.0,1.0,0.5802169334592604,0.0,0.0025065039436560355
2025-06-06,0.41974354212508574,0.5802564578749143,UNIVERSAL_MIXTURE_BUDGET_AVAILABLE,2919,0.0,1.0,0.5802564578749143,0.0,0.0005000474179062131
2025-06-09,0.4195659597417571,0.5804340402582429,UNIVERSAL_MIXTURE_BUDGET_AVAILABLE,2920,0.0,1.0,0.5804340402582429,0.0,0.0022490887295658624
2025-06-10,0.4200207712163395,0.5799792287836605,UNIVERSAL_MIXTURE_BUDGET_AVAILABLE,2921,0.0,1.0,0.5799792287836605,0.0,-0.005734773184044806
2025-06-11,0.41938905416355343,0.5806109458364466,UNIVERSAL_MIXTURE_BUDGET_AVAILABLE,2922,0.0,1.0,0.5806109458364466,0.0,0.008024835476052594
2025-06-12,0.4193497450860834,0.5806502549139165,UNIVERSAL_MIXTURE_BUDGET_AVAILABLE,2923,0.0,1.0,0.5806502549139165,0.0,0.0004975593850486959
2025-06-13,0.4198625573970704,0.5801374426029295,UNIVERSAL_MIXTURE_BUDGET_AVAILABLE,2924,0.0,1.0,0.5801374426029295,0.0,-0.0064650552567153685
2025-06-16,0.4196649491393644,0.5803350508606355,UNIVERSAL_MIXTURE_BUDGET_AVAILABLE,2925,0.0,1.0,0.5803350508606355,0.0,0.0025027400669472843
2025-06-17,0.41968468743726234,0.5803153125627376,UNIVERSAL_MIXTURE_BUDGET_AVAILABLE,2926,0.0,0.0,0.0,0.0,-0.0002496491996401007
2025-06-18,0.4197000909770565,0.5802999090229435,UNIVERSAL_MIXTURE_BUDGET_AVAILABLE,2927,0.0,0.0,0.0,0.0,-0.00019482494345046675
2025-06-19,0.4197000909770565,0.5802999090229435,UNIVERSAL_MIXTURE_BUDGET_AVAILABLE,2928,0.0,0.0,0.0,0.0,0.0
2025-06-20,0.41970009097705646,0.5802999090229435,UNIVERSAL_MIXTURE_BUDGET_AVAILABLE,2929,0.0,0.0,0.0,0.0,0.0
2025-06-23,0.4197000909770565,0.5802999090229435,UNIVERSAL_MIXTURE_BUDGET_AVAILABLE,2930,0.0,0.0,0.0,0.0,0.0
2025-06-24,0.41970009097705674,0.5802999090229433,UNIVERSAL_MIXTURE_BUDGET_AVAILABLE,2931,0.0,0.0,0.0,0.0,0.0
2025-06-25,0.41970009097705663,0.5802999090229434,UNIVERSAL_MIXTURE_BUDGET_AVAILABLE,2932,0.0,0.0,0.0,0.0,0.0
2025-06-26,0.41970009097705663,0.5802999090229434,UNIVERSAL_MIXTURE_BUDGET_AVAILABLE,2933,0.0,0.0,0.0,0.0,0.0
2025-06-27,0.41970009097705646,0.5802999090229435,UNIVERSAL_MIXTURE_BUDGET_AVAILABLE,2934,0.0,0.0,0.0,0.0,0.0
2025-06-30,0.4197000909770565,0.5802999090229435,UNIVERSAL_MIXTURE_BUDGET_AVAILABLE,2935,0.0,0.0,0.0,0.0,0.0
2025-07-01,0.4197000909770565,0.5802999090229435,UNIVERSAL_MIXTURE_BUDGET_AVAILABLE,2936,0.0,0.0,0.0,0.0,0.0
2025-07-02,0.4197000909770566,0.5802999090229435,UNIVERSAL_MIXTURE_BUDGET_AVAILABLE,2937,0.0,0.0,0.0,0.0,0.0
2025-07-03,0.4197000909770565,0.5802999090229435,UNIVERSAL_MIXTURE_BUDGET_AVAILABLE,2938,0.0,0.0,0.0,0.0,0.0
2025-07-04,0.41970009097705663,0.5802999090229434,UNIVERSAL_MIXTURE_BUDGET_AVAILABLE,2939,0.0,0.0,0.0,0.0,0.0
2025-07-07,0.41970009097705663,0.5802999090229434,UNIVERSAL_MIXTURE_BUDGET_AVAILABLE,2940,0.0,0.0,0.0,0.0,0.0
2025-07-08,0.41970009097705646,0.5802999090229435,UNIVERSAL_MIXTURE_BUDGET_AVAILABLE,2941,0.0,0.0,0.0,0.0,0.0
2025-07-09,0.41970009097705646,0.5802999090229435,UNIVERSAL_MIXTURE_BUDGET_AVAILABLE,2942,0.0,0.0,0.0,0.0,0.0
2025-07-10,0.4197000909770565,0.5802999090229435,UNIVERSAL_MIXTURE_BUDGET_AVAILABLE,2943,0.0,0.0,0.0,0.0,0.0
2025-07-11,0.4197000909770567,0.5802999090229433,UNIVERSAL_MIXTURE_BUDGET_AVAILABLE,2944,0.0,0.0,0.0,0.0,0.0
2025-07-14,0.41970009097705663,0.5802999090229434,UNIVERSAL_MIXTURE_BUDGET_AVAILABLE,2945,0.0,0.0,0.0,0.0,0.0
2025-07-15,0.41970009097705663,0.5802999090229434,UNIVERSAL_MIXTURE_BUDGET_AVAILABLE,2946,0.0,0.0,0.0,0.0,0.0
2025-07-16,0.41970009097705663,0.5802999090229434,UNIVERSAL_MIXTURE_BUDGET_AVAILABLE,2947,0.0,0.0,0.0,0.0,0.0
2025-07-17,0.4197000909770565,0.5802999090229435,UNIVERSAL_MIXTURE_BUDGET_AVAILABLE,2948,0.0,0.0,0.0,0.0,0.0
2025-07-18,0.4197000909770566,0.5802999090229435,UNIVERSAL_MIXTURE_BUDGET_AVAILABLE,2949,0.0,0.0,0.0,0.0,0.0
2025-07-21,0.4197000909770565,0.5802999090229435,UNIVERSAL_MIXTURE_BUDGET_AVAILABLE,2950,0.0,0.0,0.0,0.0,0.0
2025-07-22,0.4197000909770565,0.5802999090229435,UNIVERSAL_MIXTURE_BUDGET_AVAILABLE,2951,0.0,0.0,0.0,0.0,0.0
2025-07-23,0.41970009097705674,0.5802999090229433,UNIVERSAL_MIXTURE_BUDGET_AVAILABLE,2952,0.0,0.0,0.0,0.0,0.0
2025-07-24,0.4197000909770565,0.5802999090229435,UNIVERSAL_MIXTURE_BUDGET_AVAILABLE,2953,0.0,0.0,0.0,0.0,0.0
2025-07-25,0.41970009097705663,0.5802999090229434,UNIVERSAL_MIXTURE_BUDGET_AVAILABLE,2954,0.0,0.0,0.0,0.0,0.0
2025-07-28,0.4197000909770566,0.5802999090229435,UNIVERSAL_MIXTURE_BUDGET_AVAILABLE,2955,0.0,0.0,0.0,0.0,0.0
2025-07-29,0.4197000909770565,0.5802999090229435,UNIVERSAL_MIXTURE_BUDGET_AVAILABLE,2956,0.0,0.0,0.0,0.0,0.0
2025-07-30,0.41970009097705646,0.5802999090229435,UNIVERSAL_MIXTURE_BUDGET_AVAILABLE,2957,0.0,0.0,0.0,0.0,0.0
2025-07-31,0.4197000909770565,0.5802999090229435,UNIVERSAL_MIXTURE_BUDGET_AVAILABLE,2958,0.0,0.0,0.0,0.0,0.0
2025-08-01,0.4197000909770566,0.5802999090229435,UNIVERSAL_MIXTURE_BUDGET_AVAILABLE,2959,0.0,0.0,0.0,0.0,0.0
2025-08-04,0.41970009097705663,0.5802999090229434,UNIVERSAL_MIXTURE_BUDGET_AVAILABLE,2960,0.0,0.0,0.0,0.0,0.0
2025-08-05,0.4197000909770566,0.5802999090229435,UNIVERSAL_MIXTURE_BUDGET_AVAILABLE,2961,0.0,0.0,0.0,0.0,0.0
2025-08-06,0.4197000909770565,0.5802999090229435,UNIVERSAL_MIXTURE_BUDGET_AVAILABLE,2962,0.0,0.0,0.0,0.0,0.0
2025-08-07,0.4197000909770566,0.5802999090229435,UNIVERSAL_MIXTURE_BUDGET_AVAILABLE,2963,0.0,0.0,0.0,0.0,0.0
2025-08-08,0.4197000909770565,0.5802999090229435,UNIVERSAL_MIXTURE_BUDGET_AVAILABLE,2964,0.0,0.0,0.0,0.0,0.0
2025-08-11,0.41970009097705663,0.5802999090229434,UNIVERSAL_MIXTURE_BUDGET_AVAILABLE,2965,0.0,0.0,0.0,0.0,0.0
2025-08-12,0.4197000909770567,0.5802999090229433,UNIVERSAL_MIXTURE_BUDGET_AVAILABLE,2966,0.0,0.0,0.0,0.0,0.0
2025-08-13,0.4197000909770566,0.5802999090229435,UNIVERSAL_MIXTURE_BUDGET_AVAILABLE,2967,0.0,0.0,0.0,0.0,0.0
2025-08-14,0.4197000909770566,0.5802999090229435,UNIVERSAL_MIXTURE_BUDGET_AVAILABLE,2968,0.0,0.0,0.0,0.0,0.0
2025-08-15,0.4197000909770566,0.5802999090229435,UNIVERSAL_MIXTURE_BUDGET_AVAILABLE,2969,0.0,0.0,0.0,0.0,0.0
2025-08-18,0.4197000909770567,0.5802999090229433,UNIVERSAL_MIXTURE_BUDGET_AVAILABLE,2970,0.0,0.0,0.0,0.0,0.0
2025-08-19,0.41970009097705663,0.5802999090229434,UNIVERSAL_MIXTURE_BUDGET_AVAILABLE,2971,0.0,0.0,0.0,0.0,0.0
2025-08-20,0.41970009097705663,0.5802999090229434,UNIVERSAL_MIXTURE_BUDGET_AVAILABLE,2972,0.0,0.0,0.0,0.0,0.0
2025-08-21,0.4197000909770566,0.5802999090229435,UNIVERSAL_MIXTURE_BUDGET_AVAILABLE,2973,0.0,0.0,0.0,0.0,0.0
2025-08-22,0.41970009097705663,0.5802999090229434,UNIVERSAL_MIXTURE_BUDGET_AVAILABLE,2974,0.0,0.0,0.0,0.0,0.0
2025-08-25,0.41970009097705663,0.5802999090229434,UNIVERSAL_MIXTURE_BUDGET_AVAILABLE,2975,0.0,0.0,0.0,0.0,0.0
2025-08-26,0.41970009097705663,0.5802999090229434,UNIVERSAL_MIXTURE_BUDGET_AVAILABLE,2976,0.0,0.0,0.0,0.0,0.0
2025-08-27,0.41970009097705663,0.5802999090229434,UNIVERSAL_MIXTURE_BUDGET_AVAILABLE,2977,0.0,0.0,0.0,0.0,0.0
2025-08-28,0.41970009097705663,0.5802999090229434,UNIVERSAL_MIXTURE_BUDGET_AVAILABLE,2978,0.0,0.0,0.0,0.0,0.0
2025-08-29,0.4197000909770566,0.5802999090229435,UNIVERSAL_MIXTURE_BUDGET_AVAILABLE,2979,0.0,0.0,0.0,0.0,0.0
2025-09-01,0.4197000909770565,0.5802999090229435,UNIVERSAL_MIXTURE_BUDGET_AVAILABLE,2980,0.0,0.0,0.0,0.0,0.0
2025-09-02,0.4197000909770566,0.5802999090229435,UNIVERSAL_MIXTURE_BUDGET_AVAILABLE,2981,0.0,0.0,0.0,0.0,0.0
2025-09-03,0.41970009097705663,0.5802999090229434,UNIVERSAL_MIXTURE_BUDGET_AVAILABLE,2982,0.0,0.0,0.0,0.0,0.0
2025-09-04,0.4197000909770566,0.5802999090229435,UNIVERSAL_MIXTURE_BUDGET_AVAILABLE,2983,0.0,0.0,0.0,0.0,0.0
2025-09-05,0.4197000909770566,0.5802999090229435,UNIVERSAL_MIXTURE_BUDGET_AVAILABLE,2984,0.0,0.0,0.0,0.0,0.0
2025-09-08,0.4197000909770565,0.5802999090229435,UNIVERSAL_MIXTURE_BUDGET_AVAILABLE,2985,0.0,0.0,0.0,0.0,0.0
2025-09-09,0.4197000909770565,0.5802999090229435,UNIVERSAL_MIXTURE_BUDGET_AVAILABLE,2986,0.0,0.0,0.0,0.0,0.0
2025-09-10,0.41970009097705663,0.5802999090229434,UNIVERSAL_MIXTURE_BUDGET_AVAILABLE,2987,0.0,0.0,0.0,0.0,0.0
2025-09-11,0.4197000909770565,0.5802999090229435,UNIVERSAL_MIXTURE_BUDGET_AVAILABLE,2988,0.0,0.0,0.0,0.0,0.0
2025-09-12,0.41970009097705663,0.5802999090229434,UNIVERSAL_MIXTURE_BUDGET_AVAILABLE,2989,0.0,0.0,0.0,0.0,0.0
2025-09-15,0.4197000909770567,0.5802999090229433,UNIVERSAL_MIXTURE_BUDGET_AVAILABLE,2990,0.0,0.0,0.0,0.0,0.0
2025-09-16,0.41970009097705663,0.5802999090229434,UNIVERSAL_MIXTURE_BUDGET_AVAILABLE,2991,0.0,0.0,0.0,0.0,0.0
2025-09-17,0.41970009097705663,0.5802999090229434,UNIVERSAL_MIXTURE_BUDGET_AVAILABLE,2992,0.0,0.0,0.0,0.0,0.0
2025-09-18,0.4197000909770565,0.5802999090229435,UNIVERSAL_MIXTURE_BUDGET_AVAILABLE,2993,0.0,0.0,0.0,0.0,0.0
2025-09-19,0.4197000909770565,0.5802999090229435,UNIVERSAL_MIXTURE_BUDGET_AVAILABLE,2994,0.0,0.0,0.0,0.0,0.0
2025-09-22,0.41970009097705663,0.5802999090229434,UNIVERSAL_MIXTURE_BUDGET_AVAILABLE,2995,0.0,0.0,0.0,0.0,0.0
2025-09-23,0.4197000909770567,0.5802999090229433,UNIVERSAL_MIXTURE_BUDGET_AVAILABLE,2996,0.0,0.0,0.0,0.0,0.0
2025-09-24,0.4197000909770565,0.5802999090229435,UNIVERSAL_MIXTURE_BUDGET_AVAILABLE,2997,0.0,0.0,0.0,0.0,0.0
2025-09-25,0.4197000909770566,0.5802999090229435,UNIVERSAL_MIXTURE_BUDGET_AVAILABLE,2998,0.0,0.0,0.0,0.0,0.0
2025-09-26,0.4197000909770566,0.5802999090229435,UNIVERSAL_MIXTURE_BUDGET_AVAILABLE,2999,0.0,0.0,0.0,0.0,0.0
2025-09-29,0.4197000909770566,0.5802999090229435,UNIVERSAL_MIXTURE_BUDGET_AVAILABLE,3000,0.0,0.0,0.0,0.0,0.0
2025-09-30,0.41970009097705646,0.5802999090229435,UNIVERSAL_MIXTURE_BUDGET_AVAILABLE,3001,0.0,0.0,0.0,0.0,0.0
2025-10-09,0.4197000909770566,0.5802999090229435,UNIVERSAL_MIXTURE_BUDGET_AVAILABLE,3002,0.0,0.0,0.0,0.0,0.0
2025-10-10,0.4197000909770565,0.5802999090229435,UNIVERSAL_MIXTURE_BUDGET_AVAILABLE,3003,0.0,0.0,0.0,0.0,0.0
2025-10-13,0.41970009097705663,0.5802999090229434,UNIVERSAL_MIXTURE_BUDGET_AVAILABLE,3004,0.0,0.0,0.0,0.0,0.0
2025-10-14,0.4197000909770565,0.5802999090229435,UNIVERSAL_MIXTURE_BUDGET_AVAILABLE,3005,0.0,0.0,0.0,0.0,0.0
2025-10-15,0.4197000909770567,0.5802999090229433,UNIVERSAL_MIXTURE_BUDGET_AVAILABLE,3006,0.0,0.0,0.0,0.0,0.0
2025-10-16,0.41970009097705663,0.5802999090229434,UNIVERSAL_MIXTURE_BUDGET_AVAILABLE,3007,0.0,0.0,0.0,0.0,0.0
2025-10-17,0.4197000909770566,0.5802999090229435,UNIVERSAL_MIXTURE_BUDGET_AVAILABLE,3008,0.0,0.0,0.0,0.0,0.0
2025-10-20,0.41970009097705663,0.5802999090229434,UNIVERSAL_MIXTURE_BUDGET_AVAILABLE,3009,0.0,0.0,0.0,0.0,0.0
2025-10-21,0.4197000909770566,0.5802999090229435,UNIVERSAL_MIXTURE_BUDGET_AVAILABLE,3010,0.0,0.0,0.0,0.0,0.0
2025-10-22,0.4197000909770567,0.5802999090229433,UNIVERSAL_MIXTURE_BUDGET_AVAILABLE,3011,0.0,0.0,0.0,0.0,0.0
2025-10-23,0.4197000909770565,0.5802999090229435,UNIVERSAL_MIXTURE_BUDGET_AVAILABLE,3012,0.0,0.0,0.0,0.0,0.0
2025-10-24,0.4197000909770566,0.5802999090229435,UNIVERSAL_MIXTURE_BUDGET_AVAILABLE,3013,0.0,0.0,0.0,0.0,0.0
2025-10-27,0.4197000909770565,0.5802999090229435,UNIVERSAL_MIXTURE_BUDGET_AVAILABLE,3014,0.0,0.0,0.0,0.0,0.0
2025-10-28,0.4197000909770566,0.5802999090229435,UNIVERSAL_MIXTURE_BUDGET_AVAILABLE,3015,0.0,0.0,0.0,0.0,0.0
2025-10-29,0.4197000909770566,0.5802999090229435,UNIVERSAL_MIXTURE_BUDGET_AVAILABLE,3016,0.0,0.0,0.0,0.0,0.0
2025-10-30,0.41970009097705663,0.5802999090229434,UNIVERSAL_MIXTURE_BUDGET_AVAILABLE,3017,0.0,0.0,0.0,0.0,0.0
2025-10-31,0.4197000909770565,0.5802999090229435,UNIVERSAL_MIXTURE_BUDGET_AVAILABLE,3018,0.0,0.0,0.0,0.0,0.0
2025-11-03,0.4197000909770566,0.5802999090229435,UNIVERSAL_MIXTURE_BUDGET_AVAILABLE,3019,0.0,0.0,0.0,0.0,0.0
2025-11-04,0.4197000909770565,0.5802999090229435,UNIVERSAL_MIXTURE_BUDGET_AVAILABLE,3020,0.0,0.0,0.0,0.0,0.0
2025-11-05,0.4197000909770566,0.5802999090229435,UNIVERSAL_MIXTURE_BUDGET_AVAILABLE,3021,0.0,0.0,0.0,0.0,0.0
2025-11-06,0.4197000909770566,0.5802999090229435,UNIVERSAL_MIXTURE_BUDGET_AVAILABLE,3022,0.0,0.0,0.0,0.0,0.0
2025-11-07,0.4197000909770566,0.5802999090229435,UNIVERSAL_MIXTURE_BUDGET_AVAILABLE,3023,0.0,0.0,0.0,0.0,0.0
2025-11-10,0.4197000909770566,0.5802999090229435,UNIVERSAL_MIXTURE_BUDGET_AVAILABLE,3024,0.0,0.0,0.0,0.0,0.0
2025-11-11,0.41970009097705663,0.5802999090229434,UNIVERSAL_MIXTURE_BUDGET_AVAILABLE,3025,0.0,0.0,0.0,0.0,0.0
2025-11-12,0.41970009097705663,0.5802999090229434,UNIVERSAL_MIXTURE_BUDGET_AVAILABLE,3026,0.0,0.0,0.0,0.0,0.0
2025-11-13,0.4197000909770566,0.5802999090229435,UNIVERSAL_MIXTURE_BUDGET_AVAILABLE,3027,0.0,0.0,0.0,0.0,0.0
2025-11-14,0.4197000909770566,0.5802999090229435,UNIVERSAL_MIXTURE_BUDGET_AVAILABLE,3028,0.0,0.0,0.0,0.0,0.0
2025-11-17,0.41970009097705663,0.5802999090229434,UNIVERSAL_MIXTURE_BUDGET_AVAILABLE,3029,0.0,0.0,0.0,0.0,0.0
2025-11-18,0.4197000909770566,0.5802999090229435,UNIVERSAL_MIXTURE_BUDGET_AVAILABLE,3030,0.0,0.0,0.0,0.0,0.0
2025-11-19,0.41970009097705663,0.5802999090229434,UNIVERSAL_MIXTURE_BUDGET_AVAILABLE,3031,0.0,0.0,0.0,0.0,0.0
2025-11-20,0.4197000909770566,0.5802999090229435,UNIVERSAL_MIXTURE_BUDGET_AVAILABLE,3032,0.0,0.0,0.0,0.0,0.0
2025-11-21,0.4197000909770565,0.5802999090229435,UNIVERSAL_MIXTURE_BUDGET_AVAILABLE,3033,0.0,0.0,0.0,0.0,0.0
2025-11-24,0.41970009097705646,0.5802999090229435,UNIVERSAL_MIXTURE_BUDGET_AVAILABLE,3034,0.0,0.0,0.0,0.0,0.0
2025-11-25,0.4197000909770566,0.5802999090229435,UNIVERSAL_MIXTURE_BUDGET_AVAILABLE,3035,0.0,0.0,0.0,0.0,0.0
2025-11-26,0.4197000909770567,0.5802999090229433,UNIVERSAL_MIXTURE_BUDGET_AVAILABLE,3036,0.0,0.0,0.0,0.0,0.0
2025-11-27,0.4197000909770565,0.5802999090229435,UNIVERSAL_MIXTURE_BUDGET_AVAILABLE,3037,0.0,0.0,0.0,0.0,0.0
2025-11-28,0.41970009097705663,0.5802999090229434,UNIVERSAL_MIXTURE_BUDGET_AVAILABLE,3038,0.0,0.0,0.0,0.0,0.0
2025-12-01,0.4197000909770566,0.5802999090229435,UNIVERSAL_MIXTURE_BUDGET_AVAILABLE,3039,0.0,0.0,0.0,0.0,0.0
2025-12-02,0.4197000909770566,0.5802999090229435,UNIVERSAL_MIXTURE_BUDGET_AVAILABLE,3040,0.0,0.0,0.0,0.0,0.0
2025-12-03,0.4197000909770565,0.5802999090229435,UNIVERSAL_MIXTURE_BUDGET_AVAILABLE,3041,0.0,0.0,0.0,0.0,0.0
2025-12-04,0.41970009097705646,0.5802999090229435,UNIVERSAL_MIXTURE_BUDGET_AVAILABLE,3042,0.0,0.0,0.0,0.0,0.0
2025-12-05,0.41970009097705663,0.5802999090229434,UNIVERSAL_MIXTURE_BUDGET_AVAILABLE,3043,0.0,0.0,0.0,0.0,0.0
2025-12-08,0.4197000909770565,0.5802999090229435,UNIVERSAL_MIXTURE_BUDGET_AVAILABLE,3044,0.0,0.0,0.0,0.0,0.0
2025-12-09,0.4197000909770565,0.5802999090229435,UNIVERSAL_MIXTURE_BUDGET_AVAILABLE,3045,0.0,0.0,0.0,0.0,0.0
2025-12-10,0.4197000909770565,0.5802999090229435,UNIVERSAL_MIXTURE_BUDGET_AVAILABLE,3046,0.0,0.0,0.0,0.0,0.0
2025-12-11,0.4197000909770566,0.5802999090229435,UNIVERSAL_MIXTURE_BUDGET_AVAILABLE,3047,0.0,0.0,0.0,0.0,0.0
2025-12-12,0.41970009097705674,0.5802999090229433,UNIVERSAL_MIXTURE_BUDGET_AVAILABLE,3048,0.0,0.0,0.0,0.0,0.0
2025-12-15,0.4197000909770567,0.5802999090229433,UNIVERSAL_MIXTURE_BUDGET_AVAILABLE,3049,0.0,0.0,0.0,0.0,0.0
2025-12-16,0.41970009097705663,0.5802999090229434,UNIVERSAL_MIXTURE_BUDGET_AVAILABLE,3050,0.0,0.0,0.0,0.0,0.0
2025-12-17,0.4197000909770565,0.5802999090229435,UNIVERSAL_MIXTURE_BUDGET_AVAILABLE,3051,0.0,0.0,0.0,0.0,0.0
2025-12-18,0.41970009097705646,0.5802999090229435,UNIVERSAL_MIXTURE_BUDGET_AVAILABLE,3052,0.0,1.0,0.5802999090229435,0.0,0.0
2025-12-19,0.41963157141730806,0.580368428582692,UNIVERSAL_MIXTURE_BUDGET_AVAILABLE,3053,0.0,1.0,0.580368428582692,0.0,0.0008671578529109158
2025-12-22,0.41892731747963907,0.5810726825203609,UNIVERSAL_MIXTURE_BUDGET_AVAILABLE,3054,0.0,1.0,0.5810726825203609,0.0,0.00895532675846189
2025-12-23,0.4187606093957448,0.5812393906042552,UNIVERSAL_MIXTURE_BUDGET_AVAILABLE,3055,0.0,1.0,0.5812393906042552,0.0,0.0021132954058797893
2025-12-24,0.41847810195887897,0.581521898041121,UNIVERSAL_MIXTURE_BUDGET_AVAILABLE,3056,0.0,1.0,0.581521898041121,0.0,0.003585025971081013
2025-12-25,0.41832897827770094,0.5816710217222991,UNIVERSAL_MIXTURE_BUDGET_AVAILABLE,3057,0.0,1.0,0.5816710217222991,0.0,0.0018911750143242312
2025-12-26,0.41803167358156884,0.5819683264184312,UNIVERSAL_MIXTURE_BUDGET_AVAILABLE,3058,0.0,1.0,0.5819683264184312,0.0,0.0037752104449808588
2025-12-29,0.4183787435710056,0.5816212564289944,UNIVERSAL_MIXTURE_BUDGET_AVAILABLE,3059,0.0,1.0,0.5816212564289944,0.0,-0.004387847139459278
2025-12-30,0.41821329945159813,0.5817867005484019,UNIVERSAL_MIXTURE_BUDGET_AVAILABLE,3060,0.0,1.0,0.5817867005484019,0.0,0.002098659616384335
2025-12-31,0.4185446383618675,0.5814553616381325,UNIVERSAL_MIXTURE_BUDGET_AVAILABLE,3061,0.0,1.0,0.5814553616381325,0.0,-0.004188528936238556
2026-01-05,0.4170504123947649,0.5829495876052351,UNIVERSAL_MIXTURE_BUDGET_AVAILABLE,3062,0.0,1.0,0.5829495876052351,0.0,0.019137966586715294
2026-01-06,0.41584174788775713,0.5841582521122428,UNIVERSAL_MIXTURE_BUDGET_AVAILABLE,3063,0.0,1.0,0.5841582521122428,0.0,0.015476853872378182
2026-01-07,0.4161301621494862,0.5838698378505138,UNIVERSAL_MIXTURE_BUDGET_AVAILABLE,3064,0.0,1.0,0.5838698378505138,0.0,-0.0036578331797582075
2026-01-08,0.4167429603525976,0.5832570396474024,UNIVERSAL_MIXTURE_BUDGET_AVAILABLE,3065,0.0,1.0,0.5832570396474024,0.0,-0.007750442092622434
2026-01-09,0.4163876941130623,0.5836123058869377,UNIVERSAL_MIXTURE_BUDGET_AVAILABLE,3066,0.0,1.0,0.5836123058869377,0.0,0.004522146689676321
2026-01-12,0.4159380892595086,0.5840619107404914,UNIVERSAL_MIXTURE_BUDGET_AVAILABLE,3067,0.0,1.0,0.5840619107404914,0.0,0.0057295495596498824
2026-01-13,0.41621081310632374,0.5837891868936762,UNIVERSAL_MIXTURE_BUDGET_AVAILABLE,3068,0.0,1.0,0.5837891868936762,0.0,-0.0034588375088617784
2026-01-14,0.41669468047596664,0.5833053195240334,UNIVERSAL_MIXTURE_BUDGET_AVAILABLE,3069,0.0,1.0,0.5833053195240334,0.0,-0.006125016334230238
2026-01-15,0.41654921689354296,0.583450783106457,UNIVERSAL_MIXTURE_BUDGET_AVAILABLE,3070,0.0,0.0,0.0,0.0,0.0018488290081433156
2026-01-16,0.4161303754741076,0.5838696245258924,UNIVERSAL_MIXTURE_BUDGET_AVAILABLE,3071,0.0,0.0,0.0,0.0,0.005335224000911243
2026-01-19,0.4161303754741076,0.5838696245258924,UNIVERSAL_MIXTURE_BUDGET_AVAILABLE,3072,0.0,0.0,0.0,0.0,0.0
2026-01-20,0.41613037547410764,0.5838696245258923,UNIVERSAL_MIXTURE_BUDGET_AVAILABLE,3073,0.0,0.0,0.0,0.0,0.0
2026-01-21,0.4161303754741077,0.5838696245258923,UNIVERSAL_MIXTURE_BUDGET_AVAILABLE,3074,0.0,0.0,0.0,0.0,0.0
2026-01-22,0.4161303754741076,0.5838696245258924,UNIVERSAL_MIXTURE_BUDGET_AVAILABLE,3075,0.0,0.0,0.0,0.0,0.0
2026-01-23,0.41613037547410764,0.5838696245258923,UNIVERSAL_MIXTURE_BUDGET_AVAILABLE,3076,0.0,0.0,0.0,0.0,0.0
2026-01-26,0.4161303754741076,0.5838696245258924,UNIVERSAL_MIXTURE_BUDGET_AVAILABLE,3077,0.0,0.0,0.0,0.0,0.0
2026-01-27,0.4161303754741077,0.5838696245258923,UNIVERSAL_MIXTURE_BUDGET_AVAILABLE,3078,0.0,0.0,0.0,0.0,0.0
2026-01-28,0.41613037547410764,0.5838696245258923,UNIVERSAL_MIXTURE_BUDGET_AVAILABLE,3079,0.0,0.0,0.0,0.0,0.0
2026-01-29,0.41613037547410764,0.5838696245258923,UNIVERSAL_MIXTURE_BUDGET_AVAILABLE,3080,0.0,0.0,0.0,0.0,0.0
2026-01-30,0.4161303754741076,0.5838696245258924,UNIVERSAL_MIXTURE_BUDGET_AVAILABLE,3081,0.0,0.0,0.0,0.0,0.0
2026-02-02,0.41613037547410775,0.5838696245258923,UNIVERSAL_MIXTURE_BUDGET_AVAILABLE,3082,0.0,0.0,0.0,0.0,0.0
2026-02-03,0.4161303754741075,0.5838696245258925,UNIVERSAL_MIXTURE_BUDGET_AVAILABLE,3083,0.0,0.0,0.0,0.0,0.0
2026-02-04,0.41613037547410753,0.5838696245258925,UNIVERSAL_MIXTURE_BUDGET_AVAILABLE,3084,0.0,0.0,0.0,0.0,0.0
2026-02-05,0.4161303754741076,0.5838696245258924,UNIVERSAL_MIXTURE_BUDGET_AVAILABLE,3085,0.0,0.0,0.0,0.0,0.0
2026-02-06,0.4161303754741076,0.5838696245258924,UNIVERSAL_MIXTURE_BUDGET_AVAILABLE,3086,0.0,0.0,0.0,0.0,0.0
2026-02-09,0.41613037547410753,0.5838696245258925,UNIVERSAL_MIXTURE_BUDGET_AVAILABLE,3087,0.0,0.0,0.0,0.0,0.0
2026-02-10,0.41613037547410764,0.5838696245258923,UNIVERSAL_MIXTURE_BUDGET_AVAILABLE,3088,0.0,0.0,0.0,0.0,0.0
2026-02-11,0.4161303754741076,0.5838696245258924,UNIVERSAL_MIXTURE_BUDGET_AVAILABLE,3089,0.0,0.0,0.0,0.0,0.0
2026-02-12,0.4161303754741076,0.5838696245258924,UNIVERSAL_MIXTURE_BUDGET_AVAILABLE,3090,0.0,0.0,0.0,0.0,0.0
2026-02-13,0.4161303754741076,0.5838696245258924,UNIVERSAL_MIXTURE_BUDGET_AVAILABLE,3091,0.0,0.0,0.0,0.0,0.0
2026-02-24,0.41613037547410764,0.5838696245258923,UNIVERSAL_MIXTURE_BUDGET_AVAILABLE,3092,0.0,0.0,0.0,0.0,0.0
2026-02-25,0.4161303754741076,0.5838696245258924,UNIVERSAL_MIXTURE_BUDGET_AVAILABLE,3093,0.0,0.0,0.0,0.0,0.0
2026-02-26,0.41613037547410764,0.5838696245258923,UNIVERSAL_MIXTURE_BUDGET_AVAILABLE,3094,0.0,0.0,0.0,0.0,0.0
2026-02-27,0.4161303754741077,0.5838696245258923,UNIVERSAL_MIXTURE_BUDGET_AVAILABLE,3095,0.0,0.0,0.0,0.0,0.0
2026-03-02,0.4161303754741077,0.5838696245258923,UNIVERSAL_MIXTURE_BUDGET_AVAILABLE,3096,0.0,0.0,0.0,0.0,0.0
2026-03-03,0.4161303754741076,0.5838696245258924,UNIVERSAL_MIXTURE_BUDGET_AVAILABLE,3097,0.0,0.0,0.0,0.0,0.0
2026-03-04,0.41613037547410753,0.5838696245258925,UNIVERSAL_MIXTURE_BUDGET_AVAILABLE,3098,0.0,0.0,0.0,0.0,0.0
2026-03-05,0.4161303754741076,0.5838696245258924,UNIVERSAL_MIXTURE_BUDGET_AVAILABLE,3099,0.0,0.0,0.0,0.0,0.0
2026-03-06,0.41613037547410764,0.5838696245258923,UNIVERSAL_MIXTURE_BUDGET_AVAILABLE,3100,0.0,0.0,0.0,0.0,0.0
2026-03-09,0.4161303754741075,0.5838696245258925,UNIVERSAL_MIXTURE_BUDGET_AVAILABLE,3101,0.0,0.0,0.0,0.0,0.0
2026-03-10,0.41613037547410764,0.5838696245258923,UNIVERSAL_MIXTURE_BUDGET_AVAILABLE,3102,0.0,0.0,0.0,0.0,0.0
2026-03-11,0.4161303754741076,0.5838696245258924,UNIVERSAL_MIXTURE_BUDGET_AVAILABLE,3103,0.0,0.0,0.0,0.0,0.0
2026-03-12,0.41613037547410764,0.5838696245258923,UNIVERSAL_MIXTURE_BUDGET_AVAILABLE,3104,0.0,0.0,0.0,0.0,0.0
2026-03-13,0.4161303754741077,0.5838696245258923,UNIVERSAL_MIXTURE_BUDGET_AVAILABLE,3105,0.0,0.0,0.0,0.0,0.0
2026-03-16,0.41613037547410764,0.5838696245258923,UNIVERSAL_MIXTURE_BUDGET_AVAILABLE,3106,0.0,0.0,0.0,0.0,0.0
2026-03-17,0.41613037547410764,0.5838696245258923,UNIVERSAL_MIXTURE_BUDGET_AVAILABLE,3107,0.0,0.0,0.0,0.0,0.0
2026-03-18,0.4161303754741077,0.5838696245258923,UNIVERSAL_MIXTURE_BUDGET_AVAILABLE,3108,0.0,0.0,0.0,0.0,0.0
2026-03-19,0.41613037547410753,0.5838696245258925,UNIVERSAL_MIXTURE_BUDGET_AVAILABLE,3109,0.0,0.0,0.0,0.0,0.0
2026-03-20,0.41613037547410764,0.5838696245258923,UNIVERSAL_MIXTURE_BUDGET_AVAILABLE,3110,0.0,0.0,0.0,0.0,0.0
2026-03-23,0.41613037547410753,0.5838696245258925,UNIVERSAL_MIXTURE_BUDGET_AVAILABLE,3111,0.0,0.0,0.0,0.0,0.0
2026-03-24,0.4161303754741075,0.5838696245258925,UNIVERSAL_MIXTURE_BUDGET_AVAILABLE,3112,0.0,0.0,0.0,0.0,0.0
2026-03-25,0.4161303754741077,0.5838696245258923,UNIVERSAL_MIXTURE_BUDGET_AVAILABLE,3113,0.0,0.0,0.0,0.0,0.0
2026-03-26,0.41613037547410764,0.5838696245258923,UNIVERSAL_MIXTURE_BUDGET_AVAILABLE,3114,0.0,0.0,0.0,0.0,0.0
2026-03-27,0.41613037547410764,0.5838696245258923,UNIVERSAL_MIXTURE_BUDGET_AVAILABLE,3115,0.0,0.0,0.0,0.0,0.0
2026-03-30,0.41613037547410753,0.5838696245258925,UNIVERSAL_MIXTURE_BUDGET_AVAILABLE,3116,0.0,0.0,0.0,0.0,0.0
2026-03-31,0.41613037547410753,0.5838696245258925,UNIVERSAL_MIXTURE_BUDGET_AVAILABLE,3117,0.0,0.0,0.0,0.0,0.0
2026-04-01,0.41613037547410753,0.5838696245258925,UNIVERSAL_MIXTURE_BUDGET_AVAILABLE,3118,0.0,0.0,0.0,0.0,0.0
2026-04-02,0.41613037547410764,0.5838696245258923,UNIVERSAL_MIXTURE_BUDGET_AVAILABLE,3119,0.0,0.0,0.0,0.0,0.0
2026-04-03,0.41613037547410753,0.5838696245258925,UNIVERSAL_MIXTURE_BUDGET_AVAILABLE,3120,0.0,0.0,0.0,0.0,0.0
2026-04-07,0.4161303754741076,0.5838696245258924,UNIVERSAL_MIXTURE_BUDGET_AVAILABLE,3121,0.0,0.0,0.0,0.0,0.0
2026-04-08,0.41613037547410764,0.5838696245258923,UNIVERSAL_MIXTURE_BUDGET_AVAILABLE,3122,0.0,0.0,0.0,0.0,0.0
2026-04-09,0.41613037547410753,0.5838696245258925,UNIVERSAL_MIXTURE_BUDGET_AVAILABLE,3123,0.0,0.0,0.0,0.0,0.0
2026-04-10,0.4161303754741077,0.5838696245258923,UNIVERSAL_MIXTURE_BUDGET_AVAILABLE,3124,0.0,0.0,0.0,0.0,0.0
2026-04-13,0.4161303754741077,0.5838696245258923,UNIVERSAL_MIXTURE_BUDGET_AVAILABLE,3125,0.0,0.0,0.0,0.0,0.0
2026-04-14,0.4161303754741077,0.5838696245258923,UNIVERSAL_MIXTURE_BUDGET_AVAILABLE,3126,0.0,0.0,0.0,0.0,0.0
2026-04-15,0.41613037547410753,0.5838696245258925,UNIVERSAL_MIXTURE_BUDGET_AVAILABLE,3127,0.0,0.0,0.0,0.0,0.0
2026-04-16,0.41613037547410764,0.5838696245258923,UNIVERSAL_MIXTURE_BUDGET_AVAILABLE,3128,0.0,0.0,0.0,0.0,0.0
2026-04-17,0.41613037547410764,0.5838696245258923,UNIVERSAL_MIXTURE_BUDGET_AVAILABLE,3129,0.0,0.0,0.0,0.0,0.0
2026-04-20,0.41613037547410775,0.5838696245258923,UNIVERSAL_MIXTURE_BUDGET_AVAILABLE,3130,0.0,0.0,0.0,0.0,0.0
2026-04-21,0.41613037547410764,0.5838696245258923,UNIVERSAL_MIXTURE_BUDGET_AVAILABLE,3131,0.0,0.0,0.0,0.0,0.0
2026-04-22,0.41613037547410764,0.5838696245258923,UNIVERSAL_MIXTURE_BUDGET_AVAILABLE,3132,0.0,0.0,0.0,0.0,0.0
2026-04-23,0.41613037547410764,0.5838696245258923,UNIVERSAL_MIXTURE_BUDGET_AVAILABLE,3133,0.0,0.0,0.0,0.0,0.0
2026-04-24,0.4161303754741076,0.5838696245258924,UNIVERSAL_MIXTURE_BUDGET_AVAILABLE,3134,0.0,0.0,0.0,0.0,0.0
2026-04-27,0.4161303754741076,0.5838696245258924,UNIVERSAL_MIXTURE_BUDGET_AVAILABLE,3135,0.0,0.0,0.0,0.0,0.0
2026-04-28,0.41613037547410764,0.5838696245258923,UNIVERSAL_MIXTURE_BUDGET_AVAILABLE,3136,0.0,0.0,0.0,0.0,0.0
2026-04-29,0.41613037547410775,0.5838696245258923,UNIVERSAL_MIXTURE_BUDGET_AVAILABLE,3137,0.0,0.0,0.0,0.0,0.0
2026-04-30,0.4161303754741077,0.5838696245258923,UNIVERSAL_MIXTURE_BUDGET_AVAILABLE,3138,0.0,1.0,0.5838696245258923,0.0,0.0
2026-05-06,0.4158398005542156,0.5841601994457843,UNIVERSAL_MIXTURE_BUDGET_AVAILABLE,3139,0.0,1.0,0.5841601994457843,0.0,0.0036997872303943247
2026-05-07,0.41545476907886436,0.5845452309211356,UNIVERSAL_MIXTURE_BUDGET_AVAILABLE,3140,0.0,0.0,0.0,0.0,0.004907722220888422
2026-05-08,0.4158717634397843,0.5841282365602156,UNIVERSAL_MIXTURE_BUDGET_AVAILABLE,3141,0.0,0.0,0.0,0.0,-0.005286134753213267
2026-05-11,0.4158717634397843,0.5841282365602156,UNIVERSAL_MIXTURE_BUDGET_AVAILABLE,3142,0.0,0.0,0.0,0.0,0.0
2026-05-12,0.4158717634397843,0.5841282365602156,UNIVERSAL_MIXTURE_BUDGET_AVAILABLE,3143,0.0,1.0,0.5841282365602156,0.0,0.0
2026-05-13,0.4147257396722395,0.5852742603277605,UNIVERSAL_MIXTURE_BUDGET_AVAILABLE,3144,0.0,1.0,0.5852742603277605,0.0,0.014690213383935502
2026-05-14,0.4159202958192245,0.5840797041807755,UNIVERSAL_MIXTURE_BUDGET_AVAILABLE,3145,0.0,1.0,0.5840797041807755,0.0,-0.0150701490847015
2026-05-15,0.4169257560084873,0.5830742439915126,UNIVERSAL_MIXTURE_BUDGET_AVAILABLE,3146,0.0,0.0,0.0,0.0,-0.01268350270211327
2026-05-18,0.41736043116146304,0.582639568838537,UNIVERSAL_MIXTURE_BUDGET_AVAILABLE,3147,0.0,0.0,0.0,0.0,-0.005499581597369407
2026-05-19,0.417360431161463,0.5826395688385371,UNIVERSAL_MIXTURE_BUDGET_AVAILABLE,3148,0.0,0.0,0.0,0.0,0.0
2026-05-20,0.417360431161463,0.5826395688385371,UNIVERSAL_MIXTURE_BUDGET_AVAILABLE,3149,0.0,0.0,0.0,0.0,0.0
2026-05-21,0.41736043116146304,0.582639568838537,UNIVERSAL_MIXTURE_BUDGET_AVAILABLE,3150,0.0,0.0,0.0,0.0,0.0
2026-05-22,0.41736043116146293,0.5826395688385371,UNIVERSAL_MIXTURE_BUDGET_AVAILABLE,3151,0.0,0.0,0.0,0.0,0.0
2026-05-25,0.41736043116146293,0.5826395688385371,UNIVERSAL_MIXTURE_BUDGET_AVAILABLE,3152,0.0,0.0,0.0,0.0,0.0
2026-05-26,0.417360431161463,0.5826395688385371,UNIVERSAL_MIXTURE_BUDGET_AVAILABLE,3153,0.0,0.0,0.0,0.0,0.0
2026-05-27,0.4173604311614631,0.5826395688385368,UNIVERSAL_MIXTURE_BUDGET_AVAILABLE,3154,0.0,0.0,0.0,0.0,0.0
2026-05-28,0.4173604311614629,0.5826395688385371,UNIVERSAL_MIXTURE_BUDGET_AVAILABLE,3155,0.0,0.0,0.0,0.0,0.0
2026-05-29,0.41736043116146304,0.582639568838537,UNIVERSAL_MIXTURE_BUDGET_AVAILABLE,3156,0.0,0.0,0.0,0.0,0.0
2026-06-01,0.417360431161463,0.5826395688385371,UNIVERSAL_MIXTURE_BUDGET_AVAILABLE,3157,0.0,0.0,0.0,0.0,0.0
2026-06-02,0.417360431161463,0.5826395688385371,UNIVERSAL_MIXTURE_BUDGET_AVAILABLE,3158,0.0,0.0,0.0,0.0,0.0
2026-06-03,0.417360431161463,0.5826395688385371,UNIVERSAL_MIXTURE_BUDGET_AVAILABLE,3159,0.0,0.0,0.0,0.0,0.0
2026-06-04,0.4173604311614628,0.5826395688385372,UNIVERSAL_MIXTURE_BUDGET_AVAILABLE,3160,0.0,1.0,0.5826395688385372,0.0,0.0
2026-06-05,0.4184882343031727,0.5815117656968273,UNIVERSAL_MIXTURE_BUDGET_AVAILABLE,3161,0.0,1.0,0.5815117656968273,0.0,-0.014189078135534827
2026-06-08,0.42019790572109217,0.5798020942789078,UNIVERSAL_MIXTURE_BUDGET_AVAILABLE,3162,0.0,1.0,0.5798020942789078,0.0,-0.021389718146771486
2026-06-09,0.418766837270547,0.581233162729453,UNIVERSAL_MIXTURE_BUDGET_AVAILABLE,3163,0.0,1.0,0.581233162729453,0.0,0.01828442051248036
2026-06-10,0.41945476543119875,0.5805452345688012,UNIVERSAL_MIXTURE_BUDGET_AVAILABLE,3164,0.0,1.0,0.5805452345688012,0.0,-0.008668463789588632
2026-06-11,0.419999883541644,0.5800001164583559,UNIVERSAL_MIXTURE_BUDGET_AVAILABLE,3165,0.0,1.0,0.5800001164583559,0.0,-0.0068704924496935105
2026-06-12,0.41889816877520697,0.5811018312247931,UNIVERSAL_MIXTURE_BUDGET_AVAILABLE,3166,0.0,1.0,0.5811018312247931,0.0,0.014045682395133374
2026-06-15,0.41726900067053846,0.5827309993294616,UNIVERSAL_MIXTURE_BUDGET_AVAILABLE,3167,0.0,1.0,0.5827309993294616,0.0,0.02088006732401504
2026-06-16,0.4174127941046497,0.5825872058953503,UNIVERSAL_MIXTURE_BUDGET_AVAILABLE,3168,0.0,1.0,0.5825872058953503,0.0,-0.0018225451922599945
2026-06-17,0.41664950545139484,0.5833504945486052,UNIVERSAL_MIXTURE_BUDGET_AVAILABLE,3169,0.0,1.0,0.5833504945486052,0.0,0.009737988950331289
2026-06-18,0.41623936290175095,0.5837606370982491,UNIVERSAL_MIXTURE_BUDGET_AVAILABLE,3170,0.0,1.0,0.5837606370982491,0.0,0.005223873987593608
2026-06-22,0.41457674565053243,0.5854232543494675,UNIVERSAL_MIXTURE_BUDGET_AVAILABLE,3171,0.0,0.0,0.0,0.0,0.021386530102960766
2026-06-23,0.41482335809068505,0.585176641909315,UNIVERSAL_MIXTURE_BUDGET_AVAILABLE,3172,0.0,0.0,0.0,0.0,-0.003133998542143468
2026-06-24,0.4148233580906852,0.5851766419093147,UNIVERSAL_MIXTURE_BUDGET_AVAILABLE,3173,0.0,0.0,0.0,0.0,0.0
2026-06-25,0.41482335809068505,0.585176641909315,UNIVERSAL_MIXTURE_BUDGET_AVAILABLE,3174,0.0,0.0,0.0,0.0,0.0
2026-06-26,0.4148233580906851,0.585176641909315,UNIVERSAL_MIXTURE_BUDGET_AVAILABLE,3175,0.0,0.0,0.0,0.0,0.0
2026-06-29,0.4148233580906851,0.585176641909315,UNIVERSAL_MIXTURE_BUDGET_AVAILABLE,3176,0.0,0.0,0.0,0.0,0.0
2026-06-30,0.4148233580906852,0.5851766419093147,UNIVERSAL_MIXTURE_BUDGET_AVAILABLE,3177,0.0,0.0,0.0,0.0,0.0
2026-07-01,0.4148233580906851,0.585176641909315,UNIVERSAL_MIXTURE_BUDGET_AVAILABLE,3178,0.0,0.0,0.0,0.0,0.0
2026-07-02,0.4148233580906852,0.5851766419093147,UNIVERSAL_MIXTURE_BUDGET_AVAILABLE,3179,0.0,0.0,0.0,0.0,0.0
2026-07-03,0.41482335809068516,0.5851766419093148,UNIVERSAL_MIXTURE_BUDGET_AVAILABLE,3180,0.0,0.0,0.0,0.0,0.0
2026-07-06,0.41482335809068516,0.5851766419093148,UNIVERSAL_MIXTURE_BUDGET_AVAILABLE,3181,0.0,0.0,0.0,0.0,0.0
2026-07-07,0.4148233580906852,0.5851766419093147,UNIVERSAL_MIXTURE_BUDGET_AVAILABLE,3182,0.0,0.0,0.0,0.0,0.0
2026-07-08,0.41482335809068516,0.5851766419093148,UNIVERSAL_MIXTURE_BUDGET_AVAILABLE,3183,0.0,0.0,0.0,0.0,0.0
2026-07-09,0.41482335809068516,0.5851766419093148,UNIVERSAL_MIXTURE_BUDGET_AVAILABLE,3184,0.0,0.0,0.0,0.0,0.0
2026-07-10,0.4148233580906852,0.5851766419093147,UNIVERSAL_MIXTURE_BUDGET_AVAILABLE,3185,0.0,0.0,0.0,0.0,0.0
2026-07-13,0.4148233580906851,0.585176641909315,UNIVERSAL_MIXTURE_BUDGET_AVAILABLE,3186,0.0,0.0,0.0,0.0,0.0
2026-07-14,0.4148233580906851,0.585176641909315,UNIVERSAL_MIXTURE_BUDGET_AVAILABLE,3187,0.0,0.0,0.0,0.0,0.0
2026-07-15,0.4148233580906852,0.5851766419093147,UNIVERSAL_MIXTURE_BUDGET_AVAILABLE,3188,0.0,0.0,0.0,0.0,0.0
2026-07-16,0.4148233580906852,0.5851766419093147,UNIVERSAL_MIXTURE_BUDGET_AVAILABLE,3189,0.0,0.0,0.0,0.0,0.0
2026-07-17,0.4148233580906852,0.5851766419093147,UNIVERSAL_MIXTURE_BUDGET_AVAILABLE,3190,0.0,0.0,0.0,0.0,0.0
2026-07-20,0.41482335809068516,0.5851766419093148,UNIVERSAL_MIXTURE_BUDGET_AVAILABLE,3191,0.0,0.0,0.0,0.0,0.0
2026-07-21,0.41482335809068516,0.5851766419093148,UNIVERSAL_MIXTURE_BUDGET_AVAILABLE,3192,0.0,0.0,0.0,0.0,0.0
2026-07-22,0.4148233580906852,0.5851766419093147,UNIVERSAL_MIXTURE_BUDGET_AVAILABLE,3193,0.0,1.0,0.5851766419093147,0.0,0.0
2026-07-23,0.4146748049695739,0.5853251950304261,UNIVERSAL_MIXTURE_BUDGET_AVAILABLE,3194,0.0,1.0,0.5853251950304261,0.0,0.0018928101955839605
2026-07-24,0.41610093284224886,0.5838990671577511,UNIVERSAL_MIXTURE_BUDGET_AVAILABLE,3195,0.0,1.0,0.5838990671577511,0.0,-0.01796366274945782
2026-07-27,0.41523610453711063,0.5847638954628893,UNIVERSAL_MIXTURE_BUDGET_AVAILABLE,3196,0.0,1.0,0.5847638954628893,0.0,0.011060435502671773
2026-07-28,0.4173526321130911,0.5826473678869089,UNIVERSAL_MIXTURE_BUDGET_AVAILABLE,3197,0.0,1.0,0.5826473678869089,0.0,-0.02650710589063865
2026-07-29,0.4168435810113525,0.5831564189886476,UNIVERSAL_MIXTURE_BUDGET_AVAILABLE,3198,0.0,1.0,0.5831564189886476,0.0,0.006483062923660521
2026-07-30,0.4177287709808971,0.5822712290191029,UNIVERSAL_MIXTURE_BUDGET_AVAILABLE,3199,0.0,0.0,0.0,0.0,-0.01116492614891662
2026-07-31,0.41652286106425424,0.5834771389357458,UNIVERSAL_MIXTURE_BUDGET_AVAILABLE,3200,0.0,0.0,0.0,0.0,0.015430569841996755
2026-08-03,0.41652286106425424,0.5834771389357458,UNIVERSAL_MIXTURE_BUDGET_AVAILABLE,3201,0.0,0.0,0.0,0.0,0.0
2026-08-04,0.4165228610642542,0.5834771389357458,UNIVERSAL_MIXTURE_BUDGET_AVAILABLE,3202,0.0,0.0,0.0,0.0,0.0
2026-08-05,0.4165228610642541,0.5834771389357458,UNIVERSAL_MIXTURE_BUDGET_AVAILABLE,3203,0.0,0.0,0.0,0.0,0.0
2026-08-06,0.4165228610642543,0.5834771389357457,UNIVERSAL_MIXTURE_BUDGET_AVAILABLE,3204,0.0,1.0,0.5834771389357457,0.0,0.0
2026-08-07,0.4158408107462923,0.5841591892537077,UNIVERSAL_MIXTURE_BUDGET_AVAILABLE,3205,0.0,1.0,0.5841591892537077,0.0,0.008706674560663652
2026-08-10,0.4157086376704604,0.5842913623295396,UNIVERSAL_MIXTURE_BUDGET_AVAILABLE,3206,0.0,1.0,0.5842913623295396,0.0,0.0016818121985937573
2026-08-11,0.41622231809106475,0.5837776819089353,UNIVERSAL_MIXTURE_BUDGET_AVAILABLE,3207,0.0,1.0,0.5837776819089353,0.0,-0.006506080264397585
2026-08-12,0.415890612877715,0.584109387122285,UNIVERSAL_MIXTURE_BUDGET_AVAILABLE,3208,0.0,1.0,0.584109387122285,0.0,0.004224959061086109
2026-08-13,0.4162057854907704,0.5837942145092296,UNIVERSAL_MIXTURE_BUDGET_AVAILABLE,3209,0.0,1.0,0.5837942145092296,0.0,-0.003996824687353406
2026-08-14,,,NO_VIEW_OUTSIDE_DECISION_PERIOD,3209,,,,0.0,0.000856049364643674
