idx,date,n_train,max_label_exit_idx,score,score_bin,nonlinear_prediction,mean_prediction,control_nonlinear_prediction,control_score,actual_net5,era,added_industrial_quantity_on_actual_path,scope_indicator_on_actual_path,actual_path_features,added_industrial_path_features,industrial_period,industrial_available_at
2095,2021-01-04,494,2095,37.75303643724696,1,-0.0035886891795266634,0.002176845107322596,-0.0025881721969714,32.388663967611336,0.0297746867087593,2021—2023,True,False,产成品库存原可比同比_百分数、融资买入活跃度、应收原可比同比_百分数,产成品库存原可比同比_百分数、应收原可比同比_百分数,2020M11,2020-12-27T09:30:00+08:00
2096,2021-01-05,494,2096,36.23481781376518,1,-0.003868383531607393,0.002241623387522223,0.0084177019710446,70.1417004048583,0.0404290145302599,2021—2023,True,False,产成品库存周转_天、应收回收期同比变化_天、产成品库存原可比同比_百分数,产成品库存周转_天、应收回收期同比变化_天、产成品库存原可比同比_百分数,2020M11,2020-12-27T09:30:00+08:00
2097,2021-01-06,494,2097,92.3076923076923,4,0.020132646730684697,0.002358406784791003,0.0172893647117893,93.92712550607288,0.0253802409167336,2021—2023,True,False,产成品库存原可比同比_百分数、融资买入活跃度,产成品库存原可比同比_百分数,2020M11,2020-12-27T09:30:00+08:00
2098,2021-01-07,494,2098,91.7004048582996,4,0.019833039532391936,0.0025127024828082473,0.0172893647117893,93.92712550607288,-0.0145044226698347,2021—2023,True,False,产成品库存原可比同比_百分数、融资买入活跃度,产成品库存原可比同比_百分数,2020M11,2020-12-27T09:30:00+08:00
2099,2021-01-08,494,2099,91.7004048582996,4,0.019833039532391936,0.002707182867959561,0.0172893647117893,93.92712550607288,-0.0117215931841676,2021—2023,True,False,产成品库存原可比同比_百分数、融资买入活跃度,产成品库存原可比同比_百分数,2020M11,2020-12-27T09:30:00+08:00
2100,2021-01-11,494,2100,91.80161943319838,4,0.020474759103936133,0.002876771507499918,0.0172893647117893,93.92712550607288,0.0140973054616755,2021—2023,True,False,产成品库存原可比同比_百分数、融资买入活跃度,产成品库存原可比同比_百分数,2020M11,2020-12-27T09:30:00+08:00
2101,2021-01-12,494,2101,91.7004048582996,4,0.020588172855214464,0.0030386546928113357,0.0172893647117893,93.92712550607288,-0.0338086206642125,2021—2023,True,False,产成品库存原可比同比_百分数、融资买入活跃度,产成品库存原可比同比_百分数,2020M11,2020-12-27T09:30:00+08:00
2102,2021-01-13,494,2102,91.59919028340082,4,0.020827219140455978,0.003217445760126576,0.0172893647117893,93.92712550607288,-0.0190036511934503,2021—2023,True,False,产成品库存原可比同比_百分数、融资买入活跃度,产成品库存原可比同比_百分数,2020M11,2020-12-27T09:30:00+08:00
2103,2021-01-14,494,2103,91.49797570850203,4,0.020881421780649757,0.0033636696929230862,0.0182670716396926,93.92712550607288,0.0125305797666515,2021—2023,True,False,产成品库存原可比同比_百分数、融资买入活跃度,产成品库存原可比同比_百分数,2020M11,2020-12-27T09:30:00+08:00
2104,2021-01-15,494,2104,91.39676113360323,4,0.02046511772829112,0.0034164537675966827,-0.0024401720071442,27.024291497975707,0.0176938570366245,2021—2023,True,False,产成品库存原可比同比_百分数、融资买入活跃度,产成品库存原可比同比_百分数,2020M11,2020-12-27T09:30:00+08:00
2105,2021-01-18,494,2105,91.29554655870446,4,0.02009085364791369,0.0034290520759175497,0.0187687313969145,93.92712550607288,0.0131283475024182,2021—2023,True,False,产成品库存原可比同比_百分数、融资买入活跃度,产成品库存原可比同比_百分数,2020M11,2020-12-27T09:30:00+08:00
2106,2021-01-19,494,2106,91.19433198380567,4,0.02002196228945118,0.003503897131776826,-0.0025034916782552,27.32793522267206,0.0096660343580319,2021—2023,True,False,产成品库存原可比同比_百分数、融资买入活跃度,产成品库存原可比同比_百分数,2020M11,2020-12-27T09:30:00+08:00
2107,2021-01-20,494,2107,91.09311740890688,4,0.01941025111952318,0.003446924895651437,0.0183253136707745,93.82591093117408,-0.0071709701981841,2021—2023,True,False,产成品库存原可比同比_百分数、融资买入活跃度,产成品库存原可比同比_百分数,2020M11,2020-12-27T09:30:00+08:00
2108,2021-01-21,494,2108,90.9919028340081,4,0.01897863423960213,0.0034489343056935944,0.0177232335923193,93.7246963562753,-0.0298973705502519,2021—2023,True,False,产成品库存原可比同比_百分数、融资买入活跃度,产成品库存原可比同比_百分数,2020M11,2020-12-27T09:30:00+08:00
2109,2021-01-22,494,2109,90.89068825910931,4,0.018906989189902683,0.003524657738965043,0.0176408105157214,93.62348178137653,-0.0417005190742374,2021—2023,True,False,产成品库存原可比同比_百分数、融资买入活跃度,产成品库存原可比同比_百分数,2020M11,2020-12-27T09:30:00+08:00
2110,2021-01-25,494,2110,90.78947368421052,4,0.018893658067339184,0.0035594849903726818,0.0176408105157214,93.62348178137653,-0.0362247404619126,2021—2023,True,False,产成品库存原可比同比_百分数、融资买入活跃度,产成品库存原可比同比_百分数,2020M11,2020-12-27T09:30:00+08:00
2111,2021-01-26,494,2111,90.68825910931174,4,0.018830991648155264,0.003560595909573853,-0.0023622514774519,27.42914979757085,-0.0055137444205769,2021—2023,True,False,产成品库存原可比同比_百分数、融资买入活跃度,产成品库存原可比同比_百分数,2020M11,2020-12-27T09:30:00+08:00
2112,2021-01-27,494,2112,90.58704453441297,4,0.01873244372030447,0.0035548038236811693,-0.0022787217147055,27.530364372469634,-0.0029933142001158,2021—2023,True,False,产成品库存原可比同比_百分数、融资买入活跃度,产成品库存原可比同比_百分数,2020M12,2021-01-27T09:30:00+08:00
2113,2021-01-28,494,2113,90.48582995951416,4,0.01845687548712906,0.003471581761854028,-0.0022787217147055,27.530364372469634,0.0115680312024462,2021—2023,True,False,产成品库存原可比同比_百分数、融资买入活跃度,产成品库存原可比同比_百分数,2020M12,2021-01-27T09:30:00+08:00
2114,2021-01-29,494,2114,46.45748987854251,2,0.005085056113312954,0.0033305610617095924,0.0084829521700288,64.37246963562752,0.0290606208021089,2021—2023,True,False,产成品库存原可比同比_百分数、订单水平,产成品库存原可比同比_百分数,2020M12,2021-01-27T09:30:00+08:00
2115,2021-02-01,494,2115,52.63157894736842,2,0.009522728658225205,0.0032230753294239735,0.0084696440398697,64.27125506072875,0.0255338336467847,2021—2023,True,False,产成品库存原可比同比_百分数、订单水平、融资五日净变化,产成品库存原可比同比_百分数,2020M12,2021-01-27T09:30:00+08:00
2116,2021-02-02,494,2116,52.834008097166,2,0.009522728658225205,0.0031396616566026687,0.0084856441780718,64.17004048582996,0.0361000224250849,2021—2023,True,False,产成品库存原可比同比_百分数、订单水平、融资五日净变化,产成品库存原可比同比_百分数,2020M12,2021-01-27T09:30:00+08:00
2117,2021-02-03,494,2117,53.036437246963565,2,0.009522728658225205,0.003089300529285823,0.008435510499289,64.27125506072875,0.0816444004176595,2021—2023,True,False,产成品库存原可比同比_百分数、订单水平、融资五日净变化,产成品库存原可比同比_百分数,2020M12,2021-01-27T09:30:00+08:00
2118,2021-02-04,494,2118,53.23886639676113,2,0.009522728658225205,0.0030519190033684645,0.0084029287904752,64.37246963562752,0.043593050762215,2021—2023,True,False,产成品库存原可比同比_百分数、订单水平、融资五日净变化,产成品库存原可比同比_百分数,2020M12,2021-01-27T09:30:00+08:00
2119,2021-02-05,494,2119,53.4412955465587,2,0.009522728658225205,0.00305048680670048,0.0083849166622615,64.47368421052632,0.0449472762469387,2021—2023,True,False,产成品库存原可比同比_百分数、订单水平、融资五日净变化,产成品库存原可比同比_百分数,2020M12,2021-01-27T09:30:00+08:00
2120,2021-02-08,494,2120,71.65991902834008,3,0.010794895578853098,0.003071219729819831,0.0084325541693357,64.47368421052632,-0.0074240148054738,2021—2023,True,False,产成品库存原可比同比_百分数、订单水平、融资五日净变化,产成品库存原可比同比_百分数,2020M12,2021-01-27T09:30:00+08:00
2121,2021-02-09,494,2121,71.76113360323886,3,0.011036517514392961,0.0030632571800254344,0.0084142588223663,64.47368421052632,-0.0235405837664933,2021—2023,True,False,产成品库存原可比同比_百分数、订单水平、融资五日净变化,产成品库存原可比同比_百分数,2020M12,2021-01-27T09:30:00+08:00
2122,2021-02-10,494,2122,71.86234817813765,3,0.01144076759359767,0.0031405336968126866,-0.0022113942471825,27.83400809716599,-0.0773112242706223,2021—2023,True,False,产成品库存原可比同比_百分数、订单水平、融资五日净变化,产成品库存原可比同比_百分数,2020M12,2021-01-27T09:30:00+08:00
2123,2021-02-18,494,2123,72.2672064777328,3,0.012923820669895508,0.00330613334306865,-0.0022113942471825,27.83400809716599,-0.0642492481086897,2021—2023,True,False,产成品库存原可比同比_百分数、订单水平、融资五日净变化,产成品库存原可比同比_百分数,2020M12,2021-01-27T09:30:00+08:00
2124,2021-02-19,494,2124,72.46963562753037,3,0.013596426891668076,0.003374637746939733,-0.0022113942471825,27.83400809716599,-0.0725778415969133,2021—2023,True,False,产成品库存原可比同比_百分数、订单水平、融资五日净变化,产成品库存原可比同比_百分数,2020M12,2021-01-27T09:30:00+08:00
2125,2021-02-22,494,2125,58.80566801619433,2,0.008539831801465609,0.0034525673784492907,0.0093087669061867,64.47368421052632,-0.0216613138761773,2021—2023,True,False,产成品库存原可比同比_百分数、融资买入活跃度、订单水平,产成品库存原可比同比_百分数,2020M12,2021-01-27T09:30:00+08:00
2126,2021-02-23,494,2126,41.497975708502025,2,-0.0009265242602536124,0.0034474239824690642,0.0092313003241882,64.37246963562752,-0.0484912220310301,2021—2023,True,False,产成品库存原可比同比_百分数、订单水平、融资五日净变化,产成品库存原可比同比_百分数,2020M12,2021-01-27T09:30:00+08:00
2127,2021-02-24,494,2127,41.497975708502025,2,-0.0009265242602536124,0.003378836867179948,0.0090802778168579,64.27125506072875,-0.0177352787698479,2021—2023,True,False,产成品库存原可比同比_百分数、订单水平、融资五日净变化,产成品库存原可比同比_百分数,2020M12,2021-01-27T09:30:00+08:00
2128,2021-02-25,494,2128,41.497975708502025,2,-0.0009265242602536124,0.0032001439070025927,0.0090802778168579,64.27125506072875,-0.0376561886830068,2021—2023,True,False,产成品库存原可比同比_百分数、订单水平、融资五日净变化,产成品库存原可比同比_百分数,2020M12,2021-01-27T09:30:00+08:00
2129,2021-02-26,494,2129,40.991902834008094,2,-0.0013596265138343393,0.003040398696695742,0.0090802778168579,64.27125506072875,-0.0180496578053389,2021—2023,True,False,产成品库存原可比同比_百分数、订单水平、融资五日净变化,产成品库存原可比同比_百分数,2020M12,2021-01-27T09:30:00+08:00
2130,2021-03-01,494,2130,89.87854251012145,4,0.01778321556827025,0.0028698232643871156,0.0090802778168579,64.27125506072875,-0.0706264082774813,2021—2023,True,False,产成品库存原可比同比_百分数、订单水平,产成品库存原可比同比_百分数,2020M12,2021-01-27T09:30:00+08:00
2131,2021-03-02,494,2131,81.17408906882591,4,0.011774392642513095,0.0027518066960142812,0.0089392613412018,64.17004048582996,-0.058442253366494,2021—2023,True,False,产成品库存原可比同比_百分数、订单水平、融资买入活跃度,产成品库存原可比同比_百分数,2020M12,2021-01-27T09:30:00+08:00
2132,2021-03-03,494,2132,81.27530364372471,4,0.011244388076943994,0.0025643656167161875,0.0086770216911003,64.06882591093117,-0.0725143904702271,2021—2023,True,False,产成品库存原可比同比_百分数、订单水平、融资买入活跃度,产成品库存原可比同比_百分数,2020M12,2021-01-27T09:30:00+08:00
2133,2021-03-04,494,2133,81.37651821862349,4,0.01041604233469391,0.002405093528898785,0.0021856332314423,46.65991902834008,-0.0140379332138111,2021—2023,True,False,产成品库存原可比同比_百分数、订单水平、融资买入活跃度,产成品库存原可比同比_百分数,2020M12,2021-01-27T09:30:00+08:00
2134,2021-03-05,494,2134,81.57894736842105,4,0.010146694484056423,0.002233838734265294,0.0024786226135278,48.78542510121457,-0.0373328241262861,2021—2023,True,False,产成品库存原可比同比_百分数、订单水平、融资买入活跃度,产成品库存原可比同比_百分数,2020M12,2021-01-27T09:30:00+08:00
2135,2021-03-08,494,2135,81.78137651821864,4,0.009944273680610034,0.0021304389883081043,0.0021700246934876,48.88663967611336,-0.0100387938470098,2021—2023,True,False,产成品库存原可比同比_百分数、订单水平、融资买入活跃度,产成品库存原可比同比_百分数,2020M12,2021-01-27T09:30:00+08:00
2136,2021-03-09,494,2136,48.178137651821864,2,0.00561868076293476,0.0019045816660968838,0.0017743401608205,48.98785425101215,0.0011816808077482,2021—2023,True,False,产成品库存原可比同比_百分数、订单水平、融资五日净变化,产成品库存原可比同比_百分数,2020M12,2021-01-27T09:30:00+08:00
2137,2021-03-10,494,2137,64.17004048582996,3,0.007104309041617525,0.0017272100451749075,-0.0177106316368472,7.591093117408906,0.0135029884666411,2021—2023,True,False,订单月度变化、产成品库存原可比同比_百分数,产成品库存原可比同比_百分数,2020M12,2021-01-27T09:30:00+08:00
2138,2021-03-11,494,2138,64.17004048582996,3,0.006190360805395967,0.0015570010619109737,-0.0184317337267601,7.6923076923076925,-0.01728813425125,2021—2023,True,False,订单月度变化、产成品库存原可比同比_百分数,产成品库存原可比同比_百分数,2020M12,2021-01-27T09:30:00+08:00
2139,2021-03-12,494,2139,49.59514170040486,2,0.005918125562025194,0.0015063013809593318,-0.0184317337267601,7.6923076923076925,-0.0269302115219485,2021—2023,True,False,订单月度变化、产成品库存原可比同比_百分数,产成品库存原可比同比_百分数,2020M12,2021-01-27T09:30:00+08:00
2140,2021-03-15,494,2140,49.59514170040486,2,0.004846858524229773,0.0013067941593456096,-0.0186772024332474,7.793522267206478,-0.0017893793354291,2021—2023,True,False,订单月度变化、产成品库存原可比同比_百分数,产成品库存原可比同比_百分数,2020M12,2021-01-27T09:30:00+08:00
2141,2021-03-16,494,2141,49.59514170040486,2,0.0038300767339824147,0.0011174339878825387,0.003312125713716,52.0242914979757,-0.0169762697092932,2021—2023,True,False,订单月度变化、产成品库存原可比同比_百分数,产成品库存原可比同比_百分数,2020M12,2021-01-27T09:30:00+08:00
2142,2021-03-17,494,2142,47.36842105263158,2,0.0012097676688782248,0.000978017887988638,0.003312125713716,52.0242914979757,-0.042416744682651,2021—2023,True,False,订单月度变化、产成品库存原可比同比_百分数,产成品库存原可比同比_百分数,2020M12,2021-01-27T09:30:00+08:00
2143,2021-03-18,494,2143,47.36842105263158,2,0.0007700797614524727,0.0008765514478134645,0.0072849645878234,64.27125506072875,-0.0269701493171931,2021—2023,True,False,订单月度变化、产成品库存原可比同比_百分数,产成品库存原可比同比_百分数,2020M12,2021-01-27T09:30:00+08:00
2144,2021-03-19,494,2144,47.36842105263158,2,-2.0499149972044862e-05,0.0006941101605616527,0.0072849645878234,64.27125506072875,0.0069940823670531,2021—2023,True,False,订单月度变化、产成品库存原可比同比_百分数,产成品库存原可比同比_百分数,2020M12,2021-01-27T09:30:00+08:00
2145,2021-03-22,494,2145,66.7004048582996,3,0.007284964587823467,0.0005385004993521341,0.0072849645878234,64.27125506072875,-0.0049506606852808,2021—2023,False,False,订单月度变化、短长波动比、资金利率与政策利率差,,2020M12,2021-01-27T09:30:00+08:00
2146,2021-03-23,494,2146,66.7004048582996,3,0.007284964587823467,0.0005246243809868081,0.0072849645878234,64.27125506072875,0.0160104193852201,2021—2023,False,False,订单月度变化、短长波动比、资金利率与政策利率差,,2020M12,2021-01-27T09:30:00+08:00
2147,2021-03-24,494,2147,66.59919028340082,3,0.0071701184923007736,0.00043053534441933627,0.0071701184923007,64.17004048582996,0.0274814936578822,2021—2023,False,False,订单月度变化、短长波动比、资金利率与政策利率差,,2020M12,2021-01-27T09:30:00+08:00
2148,2021-03-25,494,2148,66.49797570850203,3,0.00710625356762584,0.0002620351900761508,0.0071062535676258,64.06882591093117,0.03328000787576,2021—2023,False,False,订单月度变化、短长波动比、资金利率与政策利率差,,2020M12,2021-01-27T09:30:00+08:00
2149,2021-03-26,494,2149,22.267206477732792,1,-0.011800493370498306,0.00020029763212408202,-0.0118004933704983,22.267206477732792,0.0221477039752304,2021—2023,False,False,订单月度变化、短长波动比、资金利率与政策利率差,,2020M12,2021-01-27T09:30:00+08:00
2150,2021-03-29,494,2150,22.267206477732792,1,-0.011800493370498306,0.0002787805490568817,-0.0118004933704983,22.267206477732792,0.0162298932983286,2021—2023,False,False,订单月度变化、短长波动比、资金利率与政策利率差,,2021M02,2021-03-27T09:30:00+08:00
2151,2021-03-30,494,2151,52.226720647773284,2,0.006463955118482808,0.00029393455677296327,0.0064639551184828,52.22672064777328,-0.0035485118194814,2021—2023,False,False,订单月度变化、短长波动比、资金利率与政策利率差,,2021M02,2021-03-27T09:30:00+08:00
2152,2021-03-31,494,2152,79.75708502024291,3,0.008209174863130395,0.0003698700335902896,0.0078607109323602,78.34008097165992,0.0045299146244308,2021—2023,True,False,订单月度变化、订单水平、应收原可比同比_百分数,应收原可比同比_百分数,2021M02,2021-03-27T09:30:00+08:00
2153,2021-04-01,494,2153,72.46963562753037,3,0.009270565516647948,0.0004972851193865949,0.0090539467273099,72.36842105263158,-0.0233672885985795,2021—2023,True,False,订单月度变化、融资买入活跃度、产成品库存原可比同比_百分数,产成品库存原可比同比_百分数,2021M02,2021-03-27T09:30:00+08:00
2154,2021-04-02,494,2154,72.67206477732793,3,0.009270565516647948,0.0005804169064877869,0.0090539467273099,72.57085020242914,-0.0467177485059269,2021—2023,True,False,订单月度变化、融资买入活跃度、产成品库存原可比同比_百分数,产成品库存原可比同比_百分数,2021M02,2021-03-27T09:30:00+08:00
2155,2021-04-06,494,2155,72.8744939271255,3,0.009270565516647948,0.0005898925466702357,0.0090539467273099,72.77327935222672,-0.039066099843111,2021—2023,True,False,订单月度变化、融资买入活跃度、产成品库存原可比同比_百分数,产成品库存原可比同比_百分数,2021M02,2021-03-27T09:30:00+08:00
2156,2021-04-07,494,2156,73.07692307692308,3,0.009270565516647948,0.0005670689196152138,-0.0028672664308588,39.17004048582996,-0.0267274257979135,2021—2023,True,False,订单月度变化、融资买入活跃度、产成品库存原可比同比_百分数,产成品库存原可比同比_百分数,2021M02,2021-03-27T09:30:00+08:00
2157,2021-04-08,494,2157,73.27935222672065,3,0.009270565516647948,0.0005225861411206859,-0.0028672664308588,39.17004048582996,-0.0295945138901898,2021—2023,True,False,订单月度变化、融资买入活跃度、产成品库存原可比同比_百分数,产成品库存原可比同比_百分数,2021M02,2021-03-27T09:30:00+08:00
2158,2021-04-09,494,2158,73.38056680161944,3,0.00920562509346689,0.0004717511717939882,-0.0028672664308588,39.17004048582996,-0.0162880793628493,2021—2023,True,False,订单月度变化、融资买入活跃度、产成品库存原可比同比_百分数,产成品库存原可比同比_百分数,2021M02,2021-03-27T09:30:00+08:00
2159,2021-04-12,494,2159,79.55465587044534,3,0.007658304180311498,0.0003610142260635431,-0.0052305908893186,36.63967611336032,0.0222075580997658,2021—2023,True,False,订单月度变化、订单水平、应收原可比同比_百分数,应收原可比同比_百分数,2021M02,2021-03-27T09:30:00+08:00
2160,2021-04-13,494,2160,51.51821862348178,2,0.006821749523600137,0.00025508295270269544,-0.0052305908893186,36.63967611336032,0.0165356492061234,2021—2023,True,False,订单月度变化、订单水平、应收原可比同比_百分数,应收原可比同比_百分数,2021M02,2021-03-27T09:30:00+08:00
2161,2021-04-14,494,2161,36.94331983805668,1,-0.005733267631547465,0.0002363703944329208,0.005799134173987,51.61943319838057,0.025362664601833,2021—2023,True,False,订单月度变化、订单水平、应收平均回收期_天,应收平均回收期_天,2021M02,2021-03-27T09:30:00+08:00
2162,2021-04-15,494,2162,37.044534412955464,1,-0.005977385749761024,0.00024580363172862477,0.0058154347505309,51.92307692307693,0.0215434374195524,2021—2023,True,False,订单月度变化、订单水平、应收平均回收期_天,应收平均回收期_天,2021M02,2021-03-27T09:30:00+08:00
2163,2021-04-16,494,2163,38.663967611336034,1,-0.004584938658752556,0.00025088805212336834,0.0095948303654935,75.60728744939271,0.0356336917287876,2021—2023,True,False,订单月度变化、融资买入活跃度、应收平均回收期_天,应收平均回收期_天,2021M02,2021-03-27T09:30:00+08:00
2164,2021-04-19,494,2164,38.76518218623482,1,-0.00469856138403505,0.0002755588760023236,0.0095948303654935,75.8097165991903,-0.0013901077347276,2021—2023,True,False,订单月度变化、融资买入活跃度、应收平均回收期_天,应收平均回收期_天,2021M02,2021-03-27T09:30:00+08:00
2165,2021-04-20,494,2165,38.8663967611336,1,-0.004439848696690811,0.00025885668129362277,-0.0030406908076988,41.19433198380567,0.0011769772803045,2021—2023,True,False,订单月度变化、融资买入活跃度、应收平均回收期_天,应收平均回收期_天,2021M02,2021-03-27T09:30:00+08:00
2166,2021-04-21,494,2166,38.96761133603239,1,-0.0042400820499973405,0.00017804368810939332,-0.0028877506513408,41.29554655870445,0.0021351161904534,2021—2023,True,False,订单月度变化、融资买入活跃度、应收平均回收期_天,应收平均回收期_天,2021M02,2021-03-27T09:30:00+08:00
2167,2021-04-22,494,2167,41.497975708502025,2,-0.002938274498218082,0.00010952369142971783,-0.002938274498218,41.497975708502025,0.0125570373383967,2021—2023,False,False,订单月度变化、融资买入活跃度、融资五日净变化,,2021M02,2021-03-27T09:30:00+08:00
2168,2021-04-23,494,2168,37.65182186234818,1,-0.00515530933049144,-1.0629925071847701e-05,-0.0052049507723926,37.24696356275304,-0.0112625107025251,2021—2023,True,False,订单月度变化、订单水平、应收平均回收期_天,应收平均回收期_天,2021M02,2021-03-27T09:30:00+08:00
2169,2021-04-26,494,2169,37.24696356275304,1,-0.005204950772392689,-0.0001343179207787954,-0.0052049507723926,37.24696356275304,-0.0045324379096177,2021—2023,False,False,订单月度变化、订单水平、融资五日净变化,,2021M02,2021-03-27T09:30:00+08:00
2170,2021-04-27,494,2170,37.24696356275304,1,-0.005204950772392689,-0.00020764023663133436,-0.0052049507723926,37.24696356275304,-0.0163476071064581,2021—2023,False,False,订单月度变化、订单水平、融资五日净变化,,2021M03,2021-04-27T09:30:00+08:00
2171,2021-04-28,494,2171,53.036437246963565,2,0.006576141744003746,-0.00023518751167233402,0.0065761417440037,53.036437246963565,-0.0342750317091705,2021—2023,False,False,订单月度变化、订单水平、融资五日净变化,,2021M03,2021-04-27T09:30:00+08:00
2172,2021-04-29,494,2172,50.607287449392715,2,0.0047898554382883865,-0.0002892498503784154,0.0065761417440037,53.036437246963565,-0.0315472804491517,2021—2023,True,False,订单月度变化、订单水平、产成品库存原可比同比_百分数,产成品库存原可比同比_百分数,2021M03,2021-04-27T09:30:00+08:00
2173,2021-04-30,494,2173,22.267206477732792,1,-0.011402138327587326,-0.00023562424902651686,-0.0114021383275873,22.267206477732792,-0.0213111236443839,2021—2023,False,False,订单月度变化、短长波动比、资金利率与政策利率差,,2021M03,2021-04-27T09:30:00+08:00
2174,2021-05-06,494,2174,22.267206477732792,1,-0.011402138327587326,-0.00022525372591548936,-0.0114021383275873,22.267206477732792,-0.0135872408272366,2021—2023,False,False,订单月度变化、短长波动比、资金利率与政策利率差,,2021M03,2021-04-27T09:30:00+08:00
2175,2021-05-07,494,2175,64.17004048582996,3,0.007091082978577481,-0.00017633301521604227,0.0070910829785774,64.17004048582996,0.0205405263044482,2021—2023,False,False,订单月度变化、短长波动比、资金利率与政策利率差,,2021M03,2021-04-27T09:30:00+08:00
2176,2021-05-10,494,2176,64.37246963562752,3,0.007091082978577481,-0.00021980164552997327,0.0070910829785774,64.37246963562752,0.0436136888768223,2021—2023,False,False,订单月度变化、短长波动比、资金利率与政策利率差,,2021M03,2021-04-27T09:30:00+08:00
2177,2021-05-11,494,2177,64.5748987854251,3,0.007091082978577481,-0.0002830938731696849,0.0070910829785774,64.5748987854251,0.0298530786888433,2021—2023,False,False,订单月度变化、短长波动比、资金利率与政策利率差,,2021M03,2021-04-27T09:30:00+08:00
2178,2021-05-12,494,2178,64.77732793522267,3,0.007091082978577481,-0.0003813554831143288,0.0070910829785774,64.77732793522267,0.0278512251013574,2021—2023,False,False,订单月度变化、短长波动比、资金利率与政策利率差,,2021M03,2021-04-27T09:30:00+08:00
2179,2021-05-13,494,2179,64.97975708502024,3,0.007091082978577481,-0.00045584683845952825,0.0070910829785774,64.97975708502024,0.0320033546469991,2021—2023,False,False,订单月度变化、短长波动比、资金利率与政策利率差,,2021M03,2021-04-27T09:30:00+08:00
2180,2021-05-14,494,2180,6.376518218623482,0,-0.027272018792269925,-0.0005114928672274586,0.0070910829785774,65.18218623481782,-0.0007996801279489,2021—2023,True,False,原收入范围同比_百分数、应收原可比同比_百分数、指数趋势强度,原收入范围同比_百分数、应收原可比同比_百分数,2021M03,2021-04-27T09:30:00+08:00
2181,2021-05-17,494,2181,64.4736842105263,3,0.007261329096626477,-0.0004350867490744893,0.0072613290966264,64.4736842105263,-0.0100142075734547,2021—2023,False,False,订单月度变化、短长波动比、资金利率与政策利率差,,2021M03,2021-04-27T09:30:00+08:00
2182,2021-05-18,494,2182,64.37246963562752,3,0.007715733593878926,-0.00030742988492786115,0.0077157335938789,64.37246963562752,0.025981817068776,2021—2023,False,False,订单月度变化、短长波动比、资金利率与政策利率差,,2021M03,2021-04-27T09:30:00+08:00
2183,2021-05-19,494,2183,64.27125506072875,3,0.007989034150606882,-0.0001693057921731462,0.0079890341506068,64.27125506072875,0.025444283468536,2021—2023,False,False,订单月度变化、短长波动比、资金利率与政策利率差,,2021M03,2021-04-27T09:30:00+08:00
2184,2021-05-20,494,2184,64.17004048582997,3,0.008231255991469693,6.8651125796705804e-06,0.0082312559914696,64.17004048582997,0.0255102264302813,2021—2023,False,False,订单月度变化、短长波动比、资金利率与政策利率差,,2021M03,2021-04-27T09:30:00+08:00
2185,2021-05-21,494,2185,64.06882591093117,3,0.008517666818644746,0.0001368233191641304,0.0085176668186447,64.06882591093117,0.0345736826840943,2021—2023,False,False,订单月度变化、短长波动比、资金利率与政策利率差,,2021M03,2021-04-27T09:30:00+08:00
2186,2021-05-24,494,2186,63.96761133603239,3,0.008406746021661488,0.0002624863852856261,0.0084067460216614,63.96761133603239,0.0297427169584867,2021—2023,False,False,订单月度变化、短长波动比、资金利率与政策利率差,,2021M03,2021-04-27T09:30:00+08:00
2187,2021-05-25,494,2187,8.097165991902834,0,-0.019436174117768858,0.00040548566053833396,-0.0194361741177688,8.097165991902834,0.0006980906344602,2021—2023,False,False,订单月度变化、短长波动比,,2021M03,2021-04-27T09:30:00+08:00
2188,2021-05-26,494,2188,8.097165991902834,0,-0.019436174117768858,0.0005989094221333527,-0.0194361741177688,8.097165991902834,-0.0068031368001052,2021—2023,False,False,订单月度变化、短长波动比,,2021M03,2021-04-27T09:30:00+08:00
2189,2021-05-27,494,2189,8.097165991902834,0,-0.019436174117768858,0.0007876765754573746,-0.0194361741177688,8.097165991902834,-0.0209629152823176,2021—2023,False,False,订单月度变化、短长波动比,,2021M04,2021-05-27T09:30:00+08:00
2190,2021-05-28,494,2190,22.469635627530366,1,-0.011597204260110646,0.0009765772165582088,-0.0115972042601106,22.46963562753037,-0.0094150905710818,2021—2023,False,False,订单月度变化、短长波动比、资金利率与政策利率差,,2021M04,2021-05-27T09:30:00+08:00
2191,2021-05-31,494,2191,22.36842105263158,1,-0.011336768737058219,0.0011021995927735996,-0.0113367687370582,22.36842105263158,-0.0112801479895024,2021—2023,False,False,订单月度变化、短长波动比、资金利率与政策利率差,,2021M04,2021-05-27T09:30:00+08:00
2192,2021-06-01,494,2192,22.16599190283401,1,-0.011336768737058219,0.0012001845954463417,-0.0113367687370582,22.16599190283401,-0.0250475878343827,2021—2023,False,False,订单月度变化、短长波动比、资金利率与政策利率差,,2021M04,2021-05-27T09:30:00+08:00
2193,2021-06-02,494,2193,62.955465587044536,3,0.009304502053958719,0.001204873995657118,0.0093045020539587,62.955465587044536,-0.012663536168646,2021—2023,False,False,订单月度变化、短长波动比、资金利率与政策利率差,,2021M04,2021-05-27T09:30:00+08:00
2194,2021-06-03,494,2194,62.955465587044536,3,0.009304502053958719,0.0011571480002264935,0.0093045020539587,62.955465587044536,0.0050936246505963,2021—2023,False,False,订单月度变化、短长波动比、资金利率与政策利率差,,2021M04,2021-05-27T09:30:00+08:00
2195,2021-06-04,494,2195,62.955465587044536,3,0.009304502053958719,0.0010679743491947573,0.0093045020539587,62.955465587044536,-0.0134286975645508,2021—2023,False,False,订单月度变化、短长波动比、资金利率与政策利率差,,2021M04,2021-05-27T09:30:00+08:00
2196,2021-06-07,494,2196,62.955465587044536,3,0.009304502053958719,0.0010828838513187726,0.0093045020539587,62.955465587044536,-0.024576684906774,2021—2023,False,False,订单月度变化、短长波动比、资金利率与政策利率差,,2021M04,2021-05-27T09:30:00+08:00
2197,2021-06-08,494,2197,22.06477732793522,1,-0.011305773927929568,0.0010800360231968808,-0.0113057739279295,22.06477732793522,-0.0284545849535733,2021—2023,False,False,订单月度变化、短长波动比、资金利率与政策利率差,,2021M04,2021-05-27T09:30:00+08:00
2198,2021-06-09,494,2198,22.16599190283401,1,-0.01152389795819073,0.0010397790030390929,-0.0115238979581907,22.16599190283401,-0.0276098124023462,2021—2023,False,False,订单月度变化、短长波动比、资金利率与政策利率差,,2021M04,2021-05-27T09:30:00+08:00
2199,2021-06-10,494,2199,21.963562753036435,1,-0.01152389795819073,0.0010648174100408485,-0.0115238979581907,21.963562753036435,-0.0379467763753154,2021—2023,False,False,订单月度变化、短长波动比、资金利率与政策利率差,,2021M04,2021-05-27T09:30:00+08:00
2200,2021-06-11,494,2200,62.854251012145745,3,0.009175779046315061,0.001159084148483109,0.009175779046315,62.85425101214575,-0.0221322069723388,2021—2023,False,False,订单月度变化、短长波动比、资金利率与政策利率差,,2021M04,2021-05-27T09:30:00+08:00
2201,2021-06-15,494,2201,62.75303643724697,3,0.008930078213588257,0.0011618745607970755,0.0089300782135882,62.75303643724697,-0.0075497305420623,2021—2023,False,False,订单月度变化、短长波动比、资金利率与政策利率差,,2021M04,2021-05-27T09:30:00+08:00
2202,2021-06-16,494,2202,21.761133603238868,1,-0.01097908632751615,0.0011053361861730975,-0.0109790863275161,21.761133603238868,0.0125073354911855,2021—2023,False,False,订单月度变化、短长波动比、资金利率与政策利率差,,2021M04,2021-05-27T09:30:00+08:00
2203,2021-06-17,494,2203,62.75303643724697,3,0.008626491723759505,0.0010615193868696192,0.0086264917237595,62.75303643724697,0.0110909206352574,2021—2023,False,False,订单月度变化、短长波动比、资金利率与政策利率差,,2021M04,2021-05-27T09:30:00+08:00
2204,2021-06-18,494,2204,62.75303643724697,3,0.008626491723759505,0.0010000021365022319,0.0086264917237595,62.75303643724697,0.0300711940487785,2021—2023,False,False,订单月度变化、短长波动比、资金利率与政策利率差,,2021M04,2021-05-27T09:30:00+08:00
2205,2021-06-21,494,2205,62.75303643724697,3,0.008626491723759505,0.0008977614934192732,0.0086264917237595,62.75303643724697,0.0238599468879374,2021—2023,False,False,订单月度变化、短长波动比、资金利率与政策利率差,,2021M04,2021-05-27T09:30:00+08:00
2206,2021-06-22,494,2206,21.65991902834008,1,-0.013070863351641598,0.0008286970321400014,-0.0130708633516415,21.65991902834008,0.0112108704405016,2021—2023,False,False,订单月度变化、短长波动比、资金利率与政策利率差,,2021M04,2021-05-27T09:30:00+08:00
2207,2021-06-23,494,2207,21.65991902834008,1,-0.013070863351641598,0.0008144760591959878,-0.0130708633516415,21.65991902834008,0.0148068038499988,2021—2023,False,False,订单月度变化、短长波动比、资金利率与政策利率差,,2021M04,2021-05-27T09:30:00+08:00
2208,2021-06-24,494,2208,21.65991902834008,1,-0.012775958622250458,0.0008502944473811465,-0.0127759586222504,21.65991902834008,0.0020831828837999,2021—2023,False,False,订单月度变化、短长波动比、资金利率与政策利率差,,2021M04,2021-05-27T09:30:00+08:00
2209,2021-06-25,494,2209,21.86234817813765,1,-0.012078848959688231,0.0009048431193231715,-0.0120788489596882,21.86234817813765,-0.0342702434544728,2021—2023,False,False,订单月度变化、短长波动比、资金利率与政策利率差,,2021M04,2021-05-27T09:30:00+08:00
2210,2021-06-28,494,2210,62.75303643724697,3,0.008737274207967115,0.0010061683082826164,0.0087372742079671,62.75303643724697,-0.0331295296450955,2021—2023,False,False,订单月度变化、短长波动比、资金利率与政策利率差,,2021M05,2021-06-27T09:30:00+08:00
2211,2021-06-29,494,2211,21.65991902834008,1,-0.011984486074330168,0.0010743787710996416,-0.0119844860743301,21.65991902834008,-0.0261998411644516,2021—2023,False,False,订单月度变化、短长波动比、资金利率与政策利率差,,2021M05,2021-06-27T09:30:00+08:00
2212,2021-06-30,494,2212,92.3076923076923,4,0.017119265555407777,0.001055916070652296,0.0171192655554077,92.3076923076923,-0.0189704000953133,2021—2023,False,False,订单月度变化、融资买入活跃度,,2021M05,2021-06-27T09:30:00+08:00
2213,2021-07-01,494,2213,92.3076923076923,4,0.017119265555407777,0.0010569121591103023,0.0171192655554077,92.3076923076923,-0.0222138469526081,2021—2023,False,False,订单月度变化、融资买入活跃度,,2021M05,2021-06-27T09:30:00+08:00
2214,2021-07-02,494,2214,92.3076923076923,4,0.017119265555407777,0.0010139073574450585,0.0171192655554077,92.3076923076923,0.0040801807817603,2021—2023,False,False,订单月度变化、融资买入活跃度,,2021M05,2021-06-27T09:30:00+08:00
2215,2021-07-05,494,2215,40.48582995951418,2,-0.000511014752995058,0.0009032616834234636,-0.000511014752995,40.48582995951418,0.0083619302961608,2021—2023,False,False,订单月度变化、融资买入活跃度、融资五日净变化,,2021M05,2021-06-27T09:30:00+08:00
2216,2021-07-06,494,2216,40.48582995951418,2,-0.000511014752995058,0.0008099100115710907,-0.000511014752995,40.48582995951418,0.0136673172640549,2021—2023,False,False,订单月度变化、融资买入活跃度、融资五日净变化,,2021M05,2021-06-27T09:30:00+08:00
2217,2021-07-07,494,2217,78.34008097165992,3,0.012041687580335591,0.0007356928280980044,0.0120416875803355,78.34008097165992,-0.0142633995487464,2021—2023,False,False,订单月度变化、融资买入活跃度、融资五日净变化,,2021M05,2021-06-27T09:30:00+08:00
2218,2021-07-08,494,2218,40.688259109311744,2,-0.000511014752995058,0.0006819586954046761,-0.000511014752995,40.688259109311744,0.0124554158048055,2021—2023,False,False,订单月度变化、融资买入活跃度、融资五日净变化,,2021M05,2021-06-27T09:30:00+08:00
2219,2021-07-09,494,2219,40.9919028340081,2,-0.0004322425331021838,0.0005549246941730149,-0.0004322425331021,40.9919028340081,-0.0037065856357224,2021—2023,False,False,订单月度变化、融资买入活跃度、融资五日净变化,,2021M05,2021-06-27T09:30:00+08:00
2220,2021-07-12,494,2220,42.00404858299596,2,0.0003121038929598576,0.0004638898945051511,0.0003121038929598,42.00404858299596,-0.0106278799955426,2021—2023,False,False,订单月度变化、融资买入活跃度、融资五日净变化,,2021M05,2021-06-27T09:30:00+08:00
2221,2021-07-13,494,2221,93.31983805668015,4,0.01751802751433382,0.00038959707459518066,0.0175180275143338,93.31983805668015,-0.0052217712106997,2021—2023,False,False,订单月度变化、融资买入活跃度,,2021M05,2021-06-27T09:30:00+08:00
2222,2021-07-14,494,2222,93.31983805668015,4,0.01751802751433382,0.00041084751277394304,0.0175180275143338,93.31983805668015,0.0112599694402948,2021—2023,False,False,订单月度变化、融资买入活跃度,,2021M05,2021-06-27T09:30:00+08:00
2223,2021-07-15,494,2223,93.31983805668015,4,0.017518027514333824,0.0003413863663117625,0.0175180275143338,93.31983805668015,-0.0011835450222524,2021—2023,False,False,订单月度变化、融资买入活跃度,,2021M05,2021-06-27T09:30:00+08:00
2224,2021-07-16,494,2224,93.31983805668015,4,0.01751802751433382,0.00036979097710335823,0.0175180275143338,93.31983805668015,-0.0050656236632067,2021—2023,False,False,订单月度变化、融资买入活跃度,,2021M05,2021-06-27T09:30:00+08:00
2225,2021-07-19,494,2225,93.31983805668015,4,0.01751802751433382,0.0003329820414605371,0.0175180275143338,93.31983805668015,-0.0341969702597002,2021—2023,False,False,订单月度变化、融资买入活跃度,,2021M05,2021-06-27T09:30:00+08:00
2226,2021-07-20,494,2226,93.31983805668015,4,0.01751802751433382,0.00026538977206274646,0.0175180275143338,93.31983805668015,-0.0755566651087348,2021—2023,False,False,订单月度变化、融资买入活跃度,,2021M05,2021-06-27T09:30:00+08:00
2227,2021-07-21,494,2227,59.311740890688256,2,0.0005111774240291987,0.0001776396549083098,0.0005111774240291,59.311740890688256,-0.0615838868827828,2021—2023,False,False,订单月度变化、融资买入活跃度、融资五日净变化,,2021M05,2021-06-27T09:30:00+08:00
2228,2021-07-22,494,2228,59.10931174089069,2,0.0005111774240291987,0.00015338927298248813,0.0005111774240291,59.10931174089069,-0.065548473861989,2021—2023,False,False,订单月度变化、融资买入活跃度、融资五日净变化,,2021M05,2021-06-27T09:30:00+08:00
2229,2021-07-23,494,2229,58.906882591093115,2,0.0005111774240291987,0.00013586130580938463,0.0005111774240291,58.90688259109312,-0.0575304779896325,2021—2023,False,False,订单月度变化、融资买入活跃度、融资五日净变化,,2021M05,2021-06-27T09:30:00+08:00
2230,2021-07-26,494,2230,92.91497975708502,4,0.016513983507002398,0.00014113617547157776,0.0165139835070024,92.91497975708502,-0.0044083490199426,2021—2023,False,False,订单月度变化、融资买入活跃度,,2021M05,2021-06-27T09:30:00+08:00
2231,2021-07-27,494,2231,29.048582995951417,1,-0.0016325187320035863,0.00013792061346852485,-0.0016325187320035,29.048582995951417,0.0347376024631744,2021—2023,False,False,订单月度变化、订单水平、融资五日净变化,,2021M06,2021-07-27T09:30:00+08:00
2232,2021-07-28,494,2232,29.1497975708502,1,-0.0024921018294074377,5.000697167093657e-05,-0.0024921018294074,29.1497975708502,0.0183530176836279,2021—2023,False,False,订单月度变化、订单水平、融资五日净变化,,2021M06,2021-07-27T09:30:00+08:00
2233,2021-07-29,494,2233,69.83805668016194,3,0.006600452975854365,-2.6646405304080386e-05,0.0066004529758543,69.83805668016194,0.0210731582980554,2021—2023,False,False,订单月度变化、订单水平、融资五日净变化,,2021M06,2021-07-27T09:30:00+08:00
2234,2021-07-30,494,2234,69.83805668016194,3,0.006600452975854365,-0.00011264190815635301,0.0066004529758543,69.83805668016194,0.0205779856335597,2021—2023,False,False,订单月度变化、订单水平、融资五日净变化,,2021M06,2021-07-27T09:30:00+08:00
2235,2021-08-02,494,2235,10.222672064777328,0,-0.01807174214852538,-0.00019124224288958645,-0.0180717421485253,10.222672064777328,0.01004373170346,2021—2023,False,False,订单月度变化、短长波动比,,2021M06,2021-07-27T09:30:00+08:00
2236,2021-08-03,494,2236,10.222672064777328,0,-0.018071742148525374,-0.00020855525667101829,-0.0180717421485253,10.222672064777328,0.0198292300638374,2021—2023,False,False,订单月度变化、短长波动比,,2021M06,2021-07-27T09:30:00+08:00
2237,2021-08-04,494,2237,10.222672064777328,0,-0.018071742148525374,-0.00013609056276815134,-0.0180717421485253,10.222672064777328,0.0079757318629434,2021—2023,False,False,订单月度变化、短长波动比,,2021M06,2021-07-27T09:30:00+08:00
2238,2021-08-05,494,2238,10.222672064777328,0,-0.018071742148525374,-9.100235759575323e-05,-0.0180717421485253,10.222672064777328,0.0035924091901702,2021—2023,False,False,订单月度变化、短长波动比,,2021M06,2021-07-27T09:30:00+08:00
2239,2021-08-06,494,2239,10.222672064777328,0,-0.01807174214852538,-4.831176670382115e-05,-0.0180717421485253,10.222672064777328,0.0056273370048964,2021—2023,False,False,订单月度变化、短长波动比,,2021M06,2021-07-27T09:30:00+08:00
2240,2021-08-09,494,2240,43.7246963562753,2,0.000675751355693434,-1.1875825029390657e-05,0.0006757513556934,52.63157894736842,-0.0083303449742675,2021—2023,False,False,订单月度变化、短长波动比,,2021M06,2021-07-27T09:30:00+08:00
2241,2021-08-10,494,2241,43.82591093117409,2,0.0007759336176727374,2.8381498564928157e-05,0.0007759336176727,52.73279352226721,-0.0409321381165401,2021—2023,False,False,订单月度变化、短长波动比,,2021M06,2021-07-27T09:30:00+08:00
2242,2021-08-11,494,2242,43.92712550607287,2,0.0007810913469473393,6.803676231133153e-05,0.0007810913469473,52.834008097165984,-0.0266376670808188,2021—2023,False,False,订单月度变化、短长波动比,,2021M06,2021-07-27T09:30:00+08:00
2243,2021-08-12,494,2243,44.02834008097166,2,0.0007231379014441743,7.051740123677708e-05,0.0007231379014441,52.935222672064775,-0.0269744057130074,2021—2023,False,False,订单月度变化、短长波动比,,2021M06,2021-07-27T09:30:00+08:00
2244,2021-08-13,494,2244,44.12955465587045,2,0.0006103813381509884,5.304392316556472e-05,0.0006103813381509,53.036437246963565,-0.0368338020440359,2021—2023,False,False,订单月度变化、短长波动比,,2021M06,2021-07-27T09:30:00+08:00
2245,2021-08-16,494,2245,44.230769230769226,2,0.0005219825654871978,4.5126270590063995e-05,0.0005219825654871,53.13765182186234,-0.0229111704600456,2021—2023,False,False,订单月度变化、短长波动比,,2021M06,2021-07-27T09:30:00+08:00
2246,2021-08-17,494,2246,44.230769230769226,2,0.0002773843442582912,-4.882677474955378e-06,0.0002773843442582,53.13765182186234,0.0095810932094875,2021—2023,False,False,订单月度变化、短长波动比,,2021M06,2021-07-27T09:30:00+08:00
2247,2021-08-18,494,2247,10.728744939271255,0,-0.016775259595997696,-0.00011181219697264798,-0.0167752595959976,10.728744939271255,0.0028374494489362,2021—2023,False,False,订单月度变化、短长波动比,,2021M06,2021-07-27T09:30:00+08:00
2248,2021-08-19,494,2248,10.728744939271255,0,-0.016775259595997696,-0.00016411581428614998,-0.0167752595959976,10.728744939271255,-0.0095378566084243,2021—2023,False,False,订单月度变化、短长波动比,,2021M06,2021-07-27T09:30:00+08:00
2249,2021-08-20,494,2249,10.728744939271255,0,-0.016775259595997686,-0.00016100230782340784,-0.0167752595959976,10.728744939271255,0.0111544491114443,2021—2023,False,False,订单月度变化、短长波动比,,2021M06,2021-07-27T09:30:00+08:00
2250,2021-08-23,494,2250,10.728744939271255,0,-0.016775259595997693,-0.0001652142774355454,-0.0167752595959976,10.728744939271255,-0.0085249318380482,2021—2023,False,False,订单月度变化、短长波动比,,2021M06,2021-07-27T09:30:00+08:00
2251,2021-08-24,494,2251,10.728744939271255,0,-0.01677525959599769,-8.491387948217444e-05,-0.0167752595959976,10.728744939271255,-0.0198990826204729,2021—2023,False,False,订单月度变化、短长波动比,,2021M06,2021-07-27T09:30:00+08:00
2252,2021-08-25,494,2252,10.728744939271255,0,-0.016775259595997693,4.6662273727313705e-05,-0.0167752595959976,10.728744939271255,-0.0044163311952516,2021—2023,False,False,订单月度变化、短长波动比,,2021M06,2021-07-27T09:30:00+08:00
2253,2021-08-26,494,2253,10.82995951417004,0,-0.016591963249783365,0.00015351767020933496,-0.0165919632497833,10.82995951417004,0.0106571621965465,2021—2023,False,False,订单月度变化、短长波动比,,2021M06,2021-07-27T09:30:00+08:00
2254,2021-08-27,494,2254,10.931174089068826,0,-0.01652664744754855,0.00016728337383765458,-0.0165266474475485,10.931174089068826,-0.001409444358953,2021—2023,False,False,订单月度变化、短长波动比,,2021M07,2021-08-27T09:30:00+08:00
2255,2021-08-30,494,2255,44.83805668016194,2,0.0005294952937030528,0.00023685736058449424,0.000529495293703,53.744939271255056,0.0212820948968479,2021—2023,False,False,订单月度变化、短长波动比,,2021M07,2021-08-27T09:30:00+08:00
2256,2021-08-31,494,2256,45.040485829959515,2,0.0005294952937030528,0.00019758470829634968,0.000529495293703,53.94736842105263,0.0356092568090471,2021—2023,False,False,订单月度变化、短长波动比,,2021M07,2021-08-27T09:30:00+08:00
2257,2021-09-01,494,2257,11.234817813765183,0,-0.01623556297011099,0.0001283828097752963,-0.0162355629701109,11.234817813765185,0.0112752482088736,2021—2023,False,False,订单月度变化、短长波动比,,2021M07,2021-08-27T09:30:00+08:00
2258,2021-09-02,494,2258,45.445344129554655,2,0.0005294952937030528,0.00013418169298347446,0.000529495293703,54.35222672064776,0.0155508705608664,2021—2023,False,False,订单月度变化、短长波动比,,2021M07,2021-08-27T09:30:00+08:00
2259,2021-09-03,494,2259,45.64777327935223,2,0.0005294952937030528,0.00015521212903689988,0.000529495293703,54.55465587044535,0.030862974736979,2021—2023,False,False,订单月度变化、短长波动比,,2021M07,2021-08-27T09:30:00+08:00
2260,2021-09-06,494,2260,45.850202429149796,2,0.0005294952937030528,0.00010929590206376313,0.000529495293703,54.75708502024291,0.0099809027437978,2021—2023,False,False,订单月度变化、短长波动比,,2021M07,2021-08-27T09:30:00+08:00
2261,2021-09-07,494,2261,45.95141700404858,2,0.0007329521525574147,9.110921665654374e-05,0.0007329521525574,54.8582995951417,-0.0185194887562217,2021—2023,False,False,订单月度变化、短长波动比,,2021M07,2021-08-27T09:30:00+08:00
2262,2021-09-08,494,2262,46.05263157894737,2,0.0010715570521349848,0.00013050167092165262,0.0010715570521349,54.95951417004048,-0.0200417748326516,2021—2023,False,False,订单月度变化、短长波动比,,2021M07,2021-08-27T09:30:00+08:00
2263,2021-09-09,494,2263,46.25506072874494,2,0.0010715570521349848,6.490186935817724e-05,0.0010715570521349,55.16194331983806,-0.0325014550991025,2021—2023,False,False,订单月度变化、短长波动比,,2021M07,2021-08-27T09:30:00+08:00
2264,2021-09-10,494,2264,46.35627530364373,2,0.001210781220488172,4.7365999650596063e-05,0.0012107812204881,55.26315789473684,-0.0471189249697879,2021—2023,False,False,订单月度变化、短长波动比,,2021M07,2021-08-27T09:30:00+08:00
2265,2021-09-13,494,2265,46.45748987854251,2,0.001493183063502371,0.00010241640374146999,0.0014931830635023,55.364372469635626,-0.0321293687218466,2021—2023,False,False,订单月度变化、短长波动比,,2021M07,2021-08-27T09:30:00+08:00
2266,2021-09-14,494,2266,46.558704453441294,2,0.0015732558906749697,0.0001294863272171093,0.0015732558906749,55.465587044534416,-0.0152025676216001,2021—2023,False,False,订单月度变化、短长波动比,,2021M07,2021-08-27T09:30:00+08:00
2267,2021-09-15,494,2267,46.65991902834008,2,0.001385473230423598,8.099100396084886e-05,0.0013854732304235,55.56680161943319,-0.0028182666327407,2021—2023,False,False,订单月度变化、短长波动比,,2021M07,2021-08-27T09:30:00+08:00
2268,2021-09-16,494,2268,46.76113360323887,2,0.0011870727853951232,3.83675308832755e-05,0.0011870727853951,55.66801619433198,0.0108402990735034,2021—2023,False,False,订单月度变化、短长波动比,,2021M07,2021-08-27T09:30:00+08:00
2269,2021-09-17,494,2269,46.86234817813765,2,0.0008780037222345945,-3.367234344051074e-05,0.0008780037222345,55.76923076923077,0.0098803644010021,2021—2023,False,False,订单月度变化、短长波动比,,2021M07,2021-08-27T09:30:00+08:00
2270,2021-09-22,494,2270,46.963562753036435,2,0.0004416680068525711,-0.00014223475211261148,0.0004416680068525,55.87044534412955,-0.001611708018946,2021—2023,False,False,订单月度变化、短长波动比,,2021M07,2021-08-27T09:30:00+08:00
2271,2021-09-23,494,2271,47.064777327935225,2,0.00014823524353095623,-0.00023347807957158052,0.0001482352435309,55.97165991902834,0.0073024915312609,2021—2023,False,False,订单月度变化、短长波动比,,2021M07,2021-08-27T09:30:00+08:00
2272,2021-09-24,494,2272,64.27125506072875,3,0.006955949431533488,-0.00027724162424294934,0.0069559494315334,60.62753036437248,0.0109081215998447,2021—2023,False,False,订单月度变化、融资买入活跃度、短长波动比,,2021M07,2021-08-27T09:30:00+08:00
2273,2021-09-27,494,2273,10.222672064777328,0,-0.020113623765113785,-0.0003314896969918162,0.0088301238275409,79.8582995951417,0.0036322567747095,2021—2023,True,False,订单月度变化、产成品库存周转_天、指数趋势强度,产成品库存周转_天,2021M07,2021-08-27T09:30:00+08:00
2274,2021-09-28,494,2274,10.222672064777328,0,-0.020113623765113785,-0.0003715264888668711,0.0088301238275409,79.8582995951417,0.0018367323255397,2021—2023,True,False,订单月度变化、产成品库存周转_天、指数趋势强度,产成品库存周转_天,2021M08,2021-09-28T09:30:00+08:00
2275,2021-09-29,494,2275,10.222672064777328,0,-0.020468857463751617,-0.0004441552410175209,-0.001617386520955,40.89068825910931,0.0131907464287013,2021—2023,True,False,订单月度变化、产成品库存周转_天、指数趋势强度,产成品库存周转_天,2021M08,2021-09-28T09:30:00+08:00
2276,2021-09-30,494,2276,10.121457489878543,0,-0.020959131344379153,-0.0005052285985437314,-0.001617386520955,40.688259109311744,-0.0026043766719682,2021—2023,True,False,订单月度变化、产成品库存周转_天、指数趋势强度,产成品库存周转_天,2021M08,2021-09-28T09:30:00+08:00
2277,2021-10-08,494,2277,10.020242914979757,0,-0.021472282201260094,-0.0005508567603971188,-0.001617386520955,40.48582995951417,-0.0053776895616254,2021—2023,True,False,订单月度变化、产成品库存周转_天、指数趋势强度,产成品库存周转_天,2021M08,2021-09-28T09:30:00+08:00
2278,2021-10-11,494,2278,9.919028340080972,0,-0.02176017747231021,-0.0005424222113319503,-0.001617386520955,40.2834008097166,-0.0122088183957187,2021—2023,True,False,订单月度变化、产成品库存周转_天、指数趋势强度,产成品库存周转_天,2021M08,2021-09-28T09:30:00+08:00
2279,2021-10-12,494,2279,9.919028340080972,0,-0.021788652960190516,-0.0005480711947575971,-0.0015643598209988,40.18218623481782,0.0082839591436152,2021—2023,True,False,订单月度变化、产成品库存周转_天、指数趋势强度,产成品库存周转_天,2021M08,2021-09-28T09:30:00+08:00
2280,2021-10-13,494,2280,9.919028340080972,0,-0.021661124869461874,-0.0005227720998357211,-0.0015303488995334,40.08097165991903,-0.0075820340659903,2021—2023,True,False,订单月度变化、产成品库存周转_天、指数趋势强度,产成品库存周转_天,2021M08,2021-09-28T09:30:00+08:00
2281,2021-10-14,494,2281,43.42105263157895,2,-0.0009159499581674859,-0.0004558909133210117,-0.0058612747884967,23.684210526315788,0.0032099519742663,2021—2023,True,False,订单月度变化、产成品库存周转_天、指数趋势强度,产成品库存周转_天,2021M08,2021-09-28T09:30:00+08:00
2282,2021-10-15,494,2282,43.42105263157895,2,-0.0009159499581674859,-0.0004280258714159903,0.0069948400075232,79.25101214574899,0.000596686859295,2021—2023,True,False,订单月度变化、产成品库存周转_天、指数趋势强度,产成品库存周转_天,2021M08,2021-09-28T09:30:00+08:00
2283,2021-10-18,494,2283,43.42105263157895,2,-0.0009159499581674859,-0.0004246986218202995,0.0069948400075232,79.25101214574899,0.0202148463162763,2021—2023,True,False,订单月度变化、产成品库存周转_天、指数趋势强度,产成品库存周转_天,2021M08,2021-09-28T09:30:00+08:00
2284,2021-10-19,494,2284,43.42105263157895,2,-0.0009159499581674859,-0.0004113449918234461,0.0069948400075232,79.25101214574899,0.0017956453782124,2021—2023,True,False,订单月度变化、产成品库存周转_天、指数趋势强度,产成品库存周转_天,2021M08,2021-09-28T09:30:00+08:00
2285,2021-10-20,494,2285,43.42105263157895,2,-0.0009159499581674859,-0.0003592709850642701,0.0069948400075232,79.25101214574899,-0.0068129217721136,2021—2023,True,False,订单月度变化、产成品库存周转_天、指数趋势强度,产成品库存周转_天,2021M08,2021-09-28T09:30:00+08:00
2286,2021-10-21,494,2286,9.919028340080972,0,-0.020854788629470898,-0.0003628106595136238,-0.0015031424818521,39.47368421052632,-0.0157398762982845,2021—2023,True,False,订单月度变化、产成品库存周转_天、指数趋势强度,产成品库存周转_天,2021M08,2021-09-28T09:30:00+08:00
2287,2021-10-22,494,2287,9.817813765182185,0,-0.0209504729994612,-0.0003328848362045611,-0.0015031424818521,39.27125506072874,-0.0159029466972159,2021—2023,True,False,订单月度变化、产成品库存周转_天、指数趋势强度,产成品库存周转_天,2021M08,2021-09-28T09:30:00+08:00
2288,2021-10-25,494,2288,9.7165991902834,0,-0.020928675750398373,-0.00028503120104507186,-0.0015031424818521,39.06882591093117,-0.0213325458198463,2021—2023,True,False,订单月度变化、产成品库存周转_天、指数趋势强度,产成品库存周转_天,2021M08,2021-09-28T09:30:00+08:00
2289,2021-10-26,494,2289,9.615384615384617,0,-0.020929463113963792,-0.0002018961351990001,-0.0015031424818521,38.8663967611336,-0.0256307019935565,2021—2023,True,False,订单月度变化、产成品库存周转_天、指数趋势强度,产成品库存周转_天,2021M08,2021-09-28T09:30:00+08:00
2290,2021-10-27,494,2290,9.51417004048583,0,-0.02089154104322231,-0.00014867795070127557,-0.0015031424818521,38.663967611336034,-0.01227086204793,2021—2023,True,False,订单月度变化、产成品库存周转_天、指数趋势强度,产成品库存周转_天,2021M09,2021-10-27T09:30:00+08:00
2291,2021-10-28,494,2291,9.412955465587045,0,-0.02089856414295365,-0.00012150088390756139,0.0072158122222084,77.63157894736842,-0.0060469449869009,2021—2023,True,False,订单月度变化、产成品库存周转_天、指数趋势强度,产成品库存周转_天,2021M09,2021-10-27T09:30:00+08:00
2292,2021-10-29,494,2292,9.412955465587045,0,-0.02091244166128938,-0.00012411345314890362,0.0072158122222084,77.63157894736842,-0.0102640926700662,2021—2023,True,False,订单月度变化、产成品库存周转_天、指数趋势强度,产成品库存周转_天,2021M09,2021-10-27T09:30:00+08:00
2293,2021-11-01,494,2293,9.412955465587045,0,-0.021129701143802217,-0.00016501452981630102,-0.0017682956117761,38.25910931174089,-0.0082428876647449,2021—2023,True,False,订单月度变化、产成品库存周转_天、指数趋势强度,产成品库存周转_天,2021M09,2021-10-27T09:30:00+08:00
2294,2021-11-02,494,2294,42.91497975708502,2,-0.0007160859026863513,-0.00024947168603712725,0.0070285645611514,78.74493927125505,-0.0022227528113881,2021—2023,True,False,订单月度变化、产成品库存周转_天、指数趋势强度,产成品库存周转_天,2021M09,2021-10-27T09:30:00+08:00
2295,2021-11-03,494,2295,43.117408906882595,2,-0.0007160859026863513,-0.00036545552046631885,0.0070285645611514,78.94736842105262,-0.0091297356616524,2021—2023,True,False,订单月度变化、产成品库存周转_天、指数趋势强度,产成品库存周转_天,2021M09,2021-10-27T09:30:00+08:00
2296,2021-11-04,494,2296,11.133603238866396,0,-0.016422658666744253,-0.0004448474423684288,-0.0022541444678663,38.36032388663968,0.0064893191659509,2021—2023,True,False,产成品库存周转_天、指数趋势强度,产成品库存周转_天,2021M09,2021-10-27T09:30:00+08:00
2297,2021-11-05,494,2297,60.22267206477733,3,0.005397710112030448,-0.0004948150019517168,0.0070285645611514,78.94736842105262,0.0081271856739539,2021—2023,True,False,产成品库存周转_天、指数趋势强度、短长波动比,产成品库存周转_天,2021M09,2021-10-27T09:30:00+08:00
2298,2021-11-08,494,2298,60.32388663967612,3,0.005426496403316819,-0.000535507889947735,0.0070285645611514,78.94736842105262,0.0034479325678633,2021—2023,True,False,产成品库存周转_天、指数趋势强度、短长波动比,产成品库存周转_天,2021M09,2021-10-27T09:30:00+08:00
2299,2021-11-09,494,2299,60.42510121457491,3,0.0052035469690246364,-0.0005056492640669786,0.0070285645611514,78.94736842105262,0.005295482457688,2021—2023,True,False,产成品库存周转_天、指数趋势强度、短长波动比,产成品库存周转_天,2021M09,2021-10-27T09:30:00+08:00
2300,2021-11-10,494,2300,60.42510121457491,3,0.005416906240373972,-0.00047325666214147226,0.0069246171749431,78.84615384615384,0.010445668264309,2021—2023,True,False,产成品库存周转_天、指数趋势强度、短长波动比,产成品库存周转_天,2021M09,2021-10-27T09:30:00+08:00
2301,2021-11-11,494,2301,44.12955465587044,2,-0.0007987552082502504,-0.0004623559584794537,-0.0061769039885128,21.052631578947366,-0.016045458949526,2021—2023,True,False,订单月度变化、产成品库存周转_天、指数趋势强度,产成品库存周转_天,2021M09,2021-10-27T09:30:00+08:00
2302,2021-11-12,494,2302,44.33198380566801,2,-0.0007987552082502504,-0.0004171923893485663,-0.0061769039885128,21.052631578947366,-0.002806509450849,2021—2023,True,False,订单月度变化、产成品库存周转_天、指数趋势强度,产成品库存周转_天,2021M09,2021-10-27T09:30:00+08:00
2303,2021-11-15,494,2303,10.020242914979757,0,-0.02083586072468629,-0.0003657059412124056,-0.0023328229746862,38.76518218623482,-0.0007996801279487,2021—2023,True,False,订单月度变化、产成品库存周转_天、指数趋势强度,产成品库存周转_天,2021M09,2021-10-27T09:30:00+08:00
2304,2021-11-16,494,2304,44.534412955465584,2,-0.0006907828421984649,-0.00037771550959959466,-0.0061769039885128,21.052631578947366,0.0038355775076011,2021—2023,True,False,订单月度变化、产成品库存周转_天、指数趋势强度,产成品库存周转_天,2021M09,2021-10-27T09:30:00+08:00
2305,2021-11-17,494,2305,44.63562753036437,2,-0.0006421140186221515,-0.00038226685039426263,0.0067100192861053,76.61943319838058,0.0074731819711533,2021—2023,True,False,订单月度变化、产成品库存周转_天、指数趋势强度,产成品库存周转_天,2021M09,2021-10-27T09:30:00+08:00
2306,2021-11-18,494,2306,44.73684210526315,2,-0.0005526964195662549,-0.00036052453912693535,0.0067497602326819,76.51821862348179,0.0083486442655897,2021—2023,True,False,订单月度变化、产成品库存周转_天、指数趋势强度,产成品库存周转_天,2021M09,2021-10-27T09:30:00+08:00
2307,2021-11-19,494,2307,44.83805668016194,2,-0.000676638519805933,-0.0003980619270747844,0.0067124990931196,76.417004048583,-0.0176570464403112,2021—2023,True,False,订单月度变化、产成品库存周转_天、指数趋势强度,产成品库存周转_天,2021M09,2021-10-27T09:30:00+08:00
2308,2021-11-22,494,2308,44.93927125506073,2,-0.0006935422573538942,-0.00040161057471457785,0.0067124990931196,72.57085020242914,-0.0116322071853853,2021—2023,True,False,订单月度变化、产成品库存周转_天、指数趋势强度,产成品库存周转_天,2021M09,2021-10-27T09:30:00+08:00
2309,2021-11-23,494,2309,45.1417004048583,2,-0.0006935422573538942,-0.0004250234948870516,0.0067124990931196,72.77327935222672,-0.0178167162307588,2021—2023,True,False,订单月度变化、产成品库存周转_天、指数趋势强度,产成品库存周转_天,2021M09,2021-10-27T09:30:00+08:00
2310,2021-11-24,494,2310,10.121457489878543,0,-0.020635498918718923,-0.00043640912286151443,-0.0023196062260075,38.8663967611336,-0.0183750605294561,2021—2023,True,False,订单月度变化、产成品库存周转_天、指数趋势强度,产成品库存周转_天,2021M09,2021-10-27T09:30:00+08:00
2311,2021-11-25,494,2311,10.121457489878543,0,-0.0206354989187189,-0.0004629690330460407,-0.0023196062260075,38.8663967611336,-0.009042580151038,2021—2023,True,False,订单月度变化、指数趋势强度、产成品库存周转_天,产成品库存周转_天,2021M09,2021-10-27T09:30:00+08:00
2312,2021-11-26,494,2312,60.22267206477733,3,0.006409384286360111,-0.0004853122327512668,0.0069232046534488,76.01214574898786,0.0138674805307232,2021—2023,True,False,产成品库存周转_天、指数趋势强度、短长波动比,产成品库存周转_天,2021M09,2021-10-27T09:30:00+08:00
2313,2021-11-29,494,2313,60.12145748987855,3,0.006100840302684836,-0.0005866195507083319,0.0066774021425112,75.91093117408907,0.0099269994250628,2021—2023,True,False,产成品库存周转_天、指数趋势强度、短长波动比,产成品库存周转_天,2021M10,2021-11-27T09:30:00+08:00
2314,2021-11-30,494,2314,11.234817813765183,0,-0.017466290431737017,-0.0005975058573579958,0.0035172399154377,57.89473684210527,0.0164769730838338,2021—2023,True,False,产成品库存周转_天、指数趋势强度,产成品库存周转_天,2021M10,2021-11-27T09:30:00+08:00
2315,2021-12-01,494,2315,11.133603238866396,0,-0.01742463173323761,-0.0005889389929128279,0.0035172399154377,57.692307692307686,0.0290241669829529,2021—2023,True,False,产成品库存周转_天、指数趋势强度,产成品库存周转_天,2021M10,2021-11-27T09:30:00+08:00
2316,2021-12-02,494,2316,59.91902834008097,2,0.005580207752415913,-0.000568787450171871,0.0035172399154377,57.692307692307686,0.0392573482856297,2021—2023,True,False,产成品库存周转_天、指数趋势强度、短长波动比,产成品库存周转_天,2021M10,2021-11-27T09:30:00+08:00
2317,2021-12-03,494,2317,11.133603238866396,0,-0.017195995421551483,-0.0005380280733066074,0.0035172399154377,57.692307692307686,0.0340631343211661,2021—2023,True,False,产成品库存周转_天、指数趋势强度,产成品库存周转_天,2021M10,2021-11-27T09:30:00+08:00
2318,2021-12-06,494,2318,11.03238866396761,0,-0.017063669071334175,-0.000445949028517211,0.0035172399154377,57.48987854251012,0.025379368252699,2021—2023,True,False,产成品库存周转_天、指数趋势强度,产成品库存周转_天,2021M10,2021-11-27T09:30:00+08:00
2319,2021-12-07,494,2319,10.931174089068826,0,-0.017027750800001663,-0.00038345947021699273,0.0035172399154377,57.28744939271255,0.0193318244216376,2021—2023,True,False,产成品库存周转_天、指数趋势强度,产成品库存周转_天,2021M10,2021-11-27T09:30:00+08:00
2320,2021-12-08,494,2320,57.59109311740891,2,0.003685548138403902,-0.00034797648480158815,0.0036855481384039,57.59109311740891,-0.0023719859027278,2021—2023,False,False,订单月度变化、融资买入活跃度,,2021M10,2021-11-27T09:30:00+08:00
2321,2021-12-09,494,2321,91.29554655870446,4,0.0163966123945568,-0.00031007279205034496,0.0163966123945567,91.29554655870446,-0.0118609382815139,2021—2023,True,False,订单月度变化、应收原可比同比_百分数,应收原可比同比_百分数,2021M10,2021-11-27T09:30:00+08:00
2322,2021-12-10,494,2322,91.19433198380567,4,0.016659379473764536,-0.0002254129650462471,0.0166593794737645,91.19433198380568,-0.0317047741120062,2021—2023,True,False,订单月度变化、应收原可比同比_百分数,应收原可比同比_百分数,2021M10,2021-11-27T09:30:00+08:00
2323,2021-12-13,494,2323,93.21862348178138,4,0.018858138087215193,-0.00014872197043477942,0.0188581380872152,93.21862348178138,-0.0386849732205114,2021—2023,False,False,订单月度变化、订单水平,,2021M10,2021-11-27T09:30:00+08:00
2324,2021-12-14,494,2324,93.11740890688259,4,0.01895403853082525,-7.829553162928798e-05,0.0189540385308252,93.1174089068826,-0.0278946556375498,2021—2023,False,False,订单月度变化、订单水平,,2021M10,2021-11-27T09:30:00+08:00
2325,2021-12-15,494,2325,93.0161943319838,4,0.018959513688663113,-2.227035909745747e-05,0.0189595136886631,93.0161943319838,-0.0204380511946162,2021—2023,False,False,订单月度变化、订单水平,,2021M10,2021-11-27T09:30:00+08:00
2326,2021-12-16,494,2326,90.78947368421052,4,0.016766685223189998,1.4345377227434577e-05,0.0167666852231899,90.78947368421052,-0.017244199498884,2021—2023,False,False,订单月度变化、订单水平,,2021M10,2021-11-27T09:30:00+08:00
2327,2021-12-17,494,2327,90.68825910931174,4,0.01645551540248669,8.282503119151185e-06,0.0164555154024866,90.68825910931174,-0.0073615926763622,2021—2023,True,False,订单月度变化、应收原可比同比_百分数,应收原可比同比_百分数,2021M10,2021-11-27T09:30:00+08:00
2328,2021-12-20,494,2328,90.58704453441297,4,0.015937662827062035,-3.131089832629289e-05,0.015937662827062,90.58704453441295,0.0066570386770663,2021—2023,True,False,订单月度变化、应收原可比同比_百分数,应收原可比同比_百分数,2021M10,2021-11-27T09:30:00+08:00
2329,2021-12-21,494,2329,66.09311740890688,3,0.004870638475391409,-9.148594783277022e-05,0.0048706384753914,58.198380566801625,0.0035994407520161,2021—2023,False,False,订单月度变化、融资买入活跃度,,2021M10,2021-11-27T09:30:00+08:00
2330,2021-12-22,494,2330,58.2995951417004,2,0.004529333328381603,-0.00011101025529926667,0.0045293333283816,58.2995951417004,-0.0093962415033985,2021—2023,False,False,订单月度变化、融资买入活跃度,,2021M10,2021-11-27T09:30:00+08:00
2331,2021-12-23,494,2331,65.08097165991903,3,0.004271937611649666,-0.00012614733644598778,0.0042719376116496,58.40080971659919,-0.0063596183148363,2021—2023,False,False,订单月度变化、融资买入活跃度,,2021M10,2021-11-27T09:30:00+08:00
2332,2021-12-24,494,2332,11.639676113360323,0,-0.015701683669062577,-0.0001476283568966894,0.0040523851921544,58.502024291497975,0.0025962425905288,2021—2023,True,False,产成品库存周转_天、指数趋势强度,产成品库存周转_天,2021M10,2021-11-27T09:30:00+08:00
2333,2021-12-27,494,2333,11.740890688259109,0,-0.015629786332918612,-0.00016812437180780817,0.0039370924864118,58.60323886639676,-0.0073851825357333,2021—2023,True,False,产成品库存周转_天、指数趋势强度,产成品库存周转_天,2021M11,2021-12-27T09:30:00+08:00
2334,2021-12-28,494,2334,11.740890688259109,0,-0.015629786332918612,-0.00018782288577822259,0.0039642919483183,58.70445344129555,-0.0232424621087761,2021—2023,True,False,产成品库存周转_天、指数趋势强度,产成品库存周转_天,2021M11,2021-12-27T09:30:00+08:00
2335,2021-12-29,494,2335,11.842105263157894,0,-0.015465433964671304,-0.00020595608124999364,0.0038747139626878,58.70445344129555,-0.0148870965209084,2021—2023,True,False,产成品库存周转_天、指数趋势强度,产成品库存周转_天,2021M11,2021-12-27T09:30:00+08:00
2336,2021-12-30,494,2336,11.842105263157894,0,-0.015465433964671307,-0.0002523846293635017,0.003645356935007,58.70445344129555,-0.0272936280033441,2021—2023,True,False,产成品库存周转_天、指数趋势强度,产成品库存周转_天,2021M11,2021-12-27T09:30:00+08:00
2337,2021-12-31,494,2337,11.94331983805668,0,-0.01538826603543542,-0.0002811735916075765,-0.001285094267743,37.85425101214575,-0.02542715769983,2021—2023,True,False,产成品库存周转_天、指数趋势强度,产成品库存周转_天,2021M11,2021-12-27T09:30:00+08:00
2338,2022-01-04,494,2338,12.044534412955466,0,-0.01523713571084747,-0.0002917311321790677,-0.001285094267743,37.85425101214575,-0.0218502486645794,2021—2023,True,False,产成品库存周转_天、指数趋势强度,产成品库存周转_天,2021M11,2021-12-27T09:30:00+08:00
2339,2022-01-05,494,2339,21.659919028340084,1,-0.008239924383612195,-0.000333096663255172,-0.0053710470815898,21.052631578947366,-0.0014079595434552,2021—2023,True,False,产成品库存周转_天、指数趋势强度、短长波动比,产成品库存周转_天,2021M11,2021-12-27T09:30:00+08:00
2340,2022-01-06,494,2340,21.86234817813765,1,-0.008239924383612195,-0.0004225780379372971,-0.0053710470815898,21.052631578947366,-0.0181150781277703,2021—2023,True,False,产成品库存周转_天、指数趋势强度、短长波动比,产成品库存周转_天,2021M11,2021-12-27T09:30:00+08:00
2341,2022-01-07,494,2341,56.174089068825914,2,0.0009338885723971705,-0.0005194496061537495,0.0062596617751963,78.13765182186233,-0.0212206962708478,2021—2023,True,False,产成品库存周转_天、指数趋势强度、短长波动比,产成品库存周转_天,2021M11,2021-12-27T09:30:00+08:00
2342,2022-01-10,494,2342,61.1336032388664,3,0.004903851215490966,-0.0006352374753539678,0.0062596617751963,78.13765182186233,-0.0190888867149905,2021—2023,True,False,产成品库存周转_天、指数趋势强度、短长波动比,产成品库存周转_天,2021M11,2021-12-27T09:30:00+08:00
2343,2022-01-11,494,2343,30.971659919028337,1,-0.005701983808696733,-0.0007293752546790594,-0.0053710470815898,21.052631578947366,-0.001611055311972,2021—2023,True,False,产成品库存周转_天、指数趋势强度、短长波动比,产成品库存周转_天,2021M11,2021-12-27T09:30:00+08:00
2344,2022-01-12,494,2344,30.971659919028337,1,-0.005701983808696733,-0.0007918528223758175,-0.0053710470815898,21.052631578947366,-0.0190161017659803,2021—2023,True,False,产成品库存周转_天、指数趋势强度、短长波动比,产成品库存周转_天,2021M11,2021-12-27T09:30:00+08:00
2345,2022-01-13,494,2345,30.76923076923077,1,-0.0062801165990169884,-0.000782417123835236,-0.0057636414735679,21.052631578947366,0.0095502171802086,2021—2023,True,False,产成品库存周转_天、指数趋势强度、短长波动比,产成品库存周转_天,2021M11,2021-12-27T09:30:00+08:00
2346,2022-01-14,494,2346,30.5668016194332,1,-0.0069511629674003355,-0.0007839905052380831,-0.0061190586419352,21.052631578947366,0.0048235546505945,2021—2023,True,False,产成品库存周转_天、指数趋势强度、短长波动比,产成品库存周转_天,2021M11,2021-12-27T09:30:00+08:00
2347,2022-01-17,494,2347,30.364372469635626,1,-0.0069511629674003355,-0.0008002644965504334,-0.0061190586419352,21.052631578947366,-0.0018263523616808,2021—2023,True,False,产成品库存周转_天、指数趋势强度、短长波动比,产成品库存周转_天,2021M11,2021-12-27T09:30:00+08:00
2348,2022-01-18,494,2348,30.16194331983806,1,-0.0069511629674003355,-0.000835276572891359,-0.0061190586419352,21.052631578947366,-0.0277490663485642,2021—2023,True,False,产成品库存周转_天、指数趋势强度、短长波动比,产成品库存周转_天,2021M11,2021-12-27T09:30:00+08:00
2349,2022-01-19,494,2349,29.959514170040485,1,-0.007031513088837641,-0.0008273591368741801,-0.0060451569480014,21.153846153846157,-0.0200311507196285,2021—2023,True,False,产成品库存周转_天、指数趋势强度、短长波动比,产成品库存周转_天,2021M11,2021-12-27T09:30:00+08:00
2350,2022-01-20,494,2350,29.858299595141702,1,-0.0072279817556760466,-0.0009126481672794527,-0.0069943116033731,21.052631578947366,-0.0387755178302512,2021—2023,True,False,产成品库存周转_天、指数趋势强度、短长波动比,产成品库存周转_天,2021M11,2021-12-27T09:30:00+08:00
2351,2022-01-21,494,2351,29.554655870445345,1,-0.007720744842072598,-0.0009555868457817907,-0.0068990676088297,21.052631578947366,-0.0312055660422084,2021—2023,True,False,产成品库存周转_天、指数趋势强度、短长波动比,产成品库存周转_天,2021M11,2021-12-27T09:30:00+08:00
2352,2022-01-24,494,2352,29.352226720647774,1,-0.00770427855635604,-0.0010242394139243502,-0.0067068934734293,21.153846153846157,-0.0314024170067653,2021—2023,True,False,产成品库存周转_天、指数趋势强度、短长波动比,产成品库存周转_天,2021M11,2021-12-27T09:30:00+08:00
2353,2022-01-25,494,2353,29.251012145748987,1,-0.007607919110541692,-0.0010719909525919835,-0.0066281750684011,21.25506072874494,-0.0218466655890836,2021—2023,True,False,产成品库存周转_天、指数趋势强度、短长波动比,产成品库存周转_天,2021M11,2021-12-27T09:30:00+08:00
2354,2022-01-26,494,2354,29.1497975708502,1,-0.007932776324058186,-0.001186049571690974,-0.0069634273109434,21.356275303643724,-0.012072054958349,2021—2023,True,False,产成品库存周转_天、指数趋势强度、短长波动比,产成品库存周转_天,2021M11,2021-12-27T09:30:00+08:00
2355,2022-01-27,494,2355,29.048582995951417,1,-0.008124814012876763,-0.0012527827354406227,-0.0071676104892041,21.45748987854251,-0.0079029999374657,2021—2023,True,False,产成品库存周转_天、指数趋势强度、短长波动比,产成品库存周转_天,2021M12,2022-01-27T09:30:00+08:00
2356,2022-01-28,494,2356,28.036437246963565,1,-0.008415990152145711,-0.001333579660029495,-0.0076538859867586,21.356275303643724,-0.0126692303640099,2021—2023,True,False,产成品库存周转_天、指数趋势强度、短长波动比,产成品库存周转_天,2021M12,2022-01-27T09:30:00+08:00
2357,2022-02-07,494,2357,27.93522267206478,1,-0.008761286756540601,-0.0013946439338237322,-0.0132713717056294,11.538461538461538,-0.0197868596029521,2021—2023,True,False,产成品库存周转_天、指数趋势强度、短长波动比,产成品库存周转_天,2021M12,2022-01-27T09:30:00+08:00
2358,2022-02-08,494,2358,27.83400809716599,1,-0.009099214073708135,-0.0014663854480407325,-0.0132713717056294,11.538461538461538,-0.0020998757296039,2021—2023,True,False,产成品库存周转_天、指数趋势强度、短长波动比,产成品库存周转_天,2021M12,2022-01-27T09:30:00+08:00
2359,2022-02-09,494,2359,27.732793522267208,1,-0.009286676595993068,-0.00153733448880153,-0.0135788175489262,11.538461538461538,-0.0126054841221406,2021—2023,True,False,产成品库存周转_天、指数趋势强度、短长波动比,产成品库存周转_天,2021M12,2022-01-27T09:30:00+08:00
2360,2022-02-10,494,2360,27.631578947368425,1,-0.009327044398346054,-0.0015792072245644371,-0.0135657152655299,11.639676113360323,-0.0059914549010445,2021—2023,True,False,产成品库存周转_天、指数趋势强度、短长波动比,产成品库存周转_天,2021M12,2022-01-27T09:30:00+08:00
2361,2022-02-11,494,2361,27.530364372469634,1,-0.009306700906047766,-0.0015989567740652395,-0.0136505524607768,11.639676113360323,0.0092250122851624,2021—2023,True,False,产成品库存周转_天、指数趋势强度、短长波动比,产成品库存周转_天,2021M12,2022-01-27T09:30:00+08:00
2362,2022-02-14,494,2362,60.02024291497976,3,0.003953038983379874,-0.001611827975303755,0.0058276112182884,76.92307692307692,0.0062230324211189,2021—2023,True,False,产成品库存周转_天、指数趋势强度、短长波动比,产成品库存周转_天,2021M12,2022-01-27T09:30:00+08:00
2363,2022-02-15,494,2363,27.32793522267206,1,-0.009498960463754244,-0.0016454025357813577,-0.0138500672980617,11.639676113360323,-0.0094601379383241,2021—2023,True,False,产成品库存周转_天、指数趋势强度、短长波动比,产成品库存周转_天,2021M12,2022-01-27T09:30:00+08:00
2364,2022-02-16,494,2364,27.226720647773284,1,-0.009397603138628897,-0.0016244759266800975,0.0058276112182884,76.92307692307692,-0.0062183369602267,2021—2023,True,False,产成品库存周转_天、指数趋势强度、短长波动比,产成品库存周转_天,2021M12,2022-01-27T09:30:00+08:00
2365,2022-02-17,494,2365,27.125506072874494,1,-0.009440952881649327,-0.0015976747128518536,0.0058276112182884,76.92307692307692,-0.0131676319700134,2021—2023,True,False,产成品库存周转_天、指数趋势强度、短长波动比,产成品库存周转_天,2021M12,2022-01-27T09:30:00+08:00
2366,2022-02-18,494,2366,60.02024291497976,3,0.003953038983379874,-0.0015654381731294742,0.0058276112182884,76.92307692307692,-0.0188847537907912,2021—2023,True,False,产成品库存周转_天、指数趋势强度、短长波动比,产成品库存周转_天,2021M12,2022-01-27T09:30:00+08:00
2367,2022-02-21,494,2367,60.02024291497976,3,0.003953038983379874,-0.0013354334767799395,0.0058276112182884,76.92307692307692,-0.0034091260122719,2021—2023,True,False,产成品库存周转_天、指数趋势强度、短长波动比,产成品库存周转_天,2021M12,2022-01-27T09:30:00+08:00
2368,2022-02-22,494,2368,59.91902834008097,2,0.003981413901351613,-0.0010708746460085796,0.0058313067435485,76.82186234817814,-0.0010176082238861,2021—2023,True,False,产成品库存周转_天、指数趋势强度、短长波动比,产成品库存周转_天,2021M12,2022-01-27T09:30:00+08:00
2369,2022-02-23,494,2369,27.53036437246964,1,-0.009321796507214111,-0.0009001149072836542,-0.0053616189272735,36.1336032388664,-0.0029742183648846,2021—2023,True,False,产成品库存周转_天、指数趋势强度、短长波动比,产成品库存周转_天,2021M12,2022-01-27T09:30:00+08:00
2370,2022-02-24,494,2370,27.42914979757085,1,-0.009281491837772719,-0.0007752179479269834,-0.0128066640939466,11.740890688259109,-0.0135143836278565,2021—2023,True,False,产成品库存周转_天、指数趋势强度、短长波动比,产成品库存周转_天,2021M12,2022-01-27T09:30:00+08:00
2371,2022-02-25,494,2371,27.125506072874494,1,-0.00933131414716042,-0.0006913487574131247,-0.0124432523722952,11.639676113360323,-0.0255226133763704,2021—2023,True,False,应收平均回收期_天、指数趋势强度、短长波动比,应收平均回收期_天,2021M12,2022-01-27T09:30:00+08:00
2372,2022-02-28,494,2372,27.125506072874494,1,-0.00933131414716042,-0.00079837799668309,-0.0128505413440572,11.538461538461538,-0.0554043568725352,2021—2023,True,False,应收平均回收期_天、指数趋势强度、短长波动比,应收平均回收期_天,2021M12,2022-01-27T09:30:00+08:00
2373,2022-03-01,495,2373,27.070707070707066,1,-0.00933131414716042,-0.0008036522350984211,0.0155831949069013,93.83838383838383,-0.071922558795376,2021—2023,True,False,产成品库存周转_天、指数趋势强度、短长波动比,产成品库存周转_天,2021M12,2022-01-27T09:30:00+08:00
2374,2022-03-02,496,2374,27.016129032258064,1,-0.00933131414716042,-0.0008040835979790415,0.0155831949069013,93.85080645161293,-0.066035827236026,2021—2023,True,False,产成品库存周转_天、指数趋势强度、短长波动比,产成品库存周转_天,2021M12,2022-01-27T09:30:00+08:00
2375,2022-03-03,497,2375,60.26156941649899,3,0.004422129122989055,-0.000808450066322916,0.0155831949069013,93.86317907444668,-0.0643851550288975,2021—2023,True,False,应收平均回收期_天、指数趋势强度、短长波动比,应收平均回收期_天,2021M12,2022-01-27T09:30:00+08:00
2376,2022-03-04,498,2376,60.34136546184739,3,0.004422129122989055,-0.0008339639891372403,0.0022533502646056,56.62650602409638,-0.049819588293715,2021—2023,True,False,产成品库存周转_天、指数趋势强度、短长波动比,产成品库存周转_天,2021M12,2022-01-27T09:30:00+08:00
2377,2022-03-07,499,2377,27.15430861723447,1,-0.009504366899353387,-0.0008834402404142611,0.0022533502646056,56.71342685370742,-0.0517699170331866,2021—2023,True,False,产成品库存周转_天、指数趋势强度、短长波动比,产成品库存周转_天,2021M12,2022-01-27T09:30:00+08:00
2378,2022-03-08,499,2378,26.352705410821642,1,-0.00989950162612221,-0.0010639991320609743,0.0022533502646056,56.91382765531062,-0.0585042578713196,2021—2023,True,False,产成品库存周转_天、指数趋势强度、短长波动比,产成品库存周转_天,2021M12,2022-01-27T09:30:00+08:00
2379,2022-03-09,499,2379,26.45290581162325,1,-0.010637871354327613,-0.001251219699868873,0.0022533502646056,56.71342685370742,-0.0209925785783248,2021—2023,True,False,产成品库存周转_天、指数趋势强度、短长波动比,产成品库存周转_天,2021M12,2022-01-27T09:30:00+08:00
2380,2022-03-10,499,2380,6.312625250501001,0,-0.023423619869372313,-0.001420248080191559,-0.0025994496052985,35.370741482965926,-0.0074090845589475,2021—2023,True,False,产成品库存周转_天、短长波动比、原收入范围同比_百分数,产成品库存周转_天、原收入范围同比_百分数,2021M12,2022-01-27T09:30:00+08:00
2381,2022-03-11,499,2381,11.52304609218437,0,-0.016335436024381367,-0.0016333681133407756,-0.0025994496052985,47.59519038076152,-9.519106575928138e-05,2021—2023,True,False,应收平均回收期_天、短长波动比,应收平均回收期_天,2021M12,2022-01-27T09:30:00+08:00
2382,2022-03-14,499,2382,11.52304609218437,0,-0.016335436024381363,-0.0017958419705916332,-0.0025994496052985,47.39478957915832,0.0201980077534202,2021—2023,True,False,产成品库存周转_天、短长波动比,产成品库存周转_天,2021M12,2022-01-27T09:30:00+08:00
2383,2022-03-15,499,2383,11.623246492985972,0,-0.016640905688250378,-0.0018900993663240738,-0.0030815130114543,47.29458917835671,0.0518809307959982,2021—2023,True,False,应收平均回收期_天、短长波动比,应收平均回收期_天,2021M12,2022-01-27T09:30:00+08:00
2384,2022-03-16,499,2384,11.723446893787576,0,-0.0169987121171655,-0.002014659203354561,-0.0036195979130064,47.19438877755511,0.0032179181307609,2021—2023,True,False,应收平均回收期_天、短长波动比,应收平均回收期_天,2021M12,2022-01-27T09:30:00+08:00
2385,2022-03-17,499,2385,11.823647294589177,0,-0.017032558443107526,-0.0020640035933494403,-0.0037866458040191,47.29458917835671,0.0051267749128107,2021—2023,True,False,应收平均回收期_天、短长波动比,应收平均回收期_天,2021M12,2022-01-27T09:30:00+08:00
2386,2022-03-18,499,2386,11.923847695390782,0,-0.01695168891466921,-0.0020175841955164197,-0.0038211452207327,38.77755511022044,-0.0333415837039132,2021—2023,True,False,应收平均回收期_天、短长波动比,应收平均回收期_天,2021M12,2022-01-27T09:30:00+08:00
2387,2022-03-21,499,2387,6.012024048096192,0,-0.024710964425258088,-0.0019269178872675693,-0.0242519100831432,6.012024048096192,-0.0213166562499379,2021—2023,True,False,产成品库存周转_天、短长波动比、订单水平,产成品库存周转_天,2021M12,2022-01-27T09:30:00+08:00
2388,2022-03-22,499,2388,6.112224448897796,0,-0.02397475176659123,-0.0019124849760140967,-0.0235232229054946,6.112224448897796,-0.0275200264721697,2021—2023,True,False,产成品库存周转_天、短长波动比、订单水平,产成品库存周转_天,2021M12,2022-01-27T09:30:00+08:00
2389,2022-03-23,499,2389,18.336673346693384,0,-0.010618175736307084,-0.0018024835976228149,-0.0072733655302801,19.83967935871744,-0.0057311035632749,2021—2023,True,False,产成品库存周转_天、短长波动比、融资买入活跃度,产成品库存周转_天,2021M12,2022-01-27T09:30:00+08:00
2390,2022-03-24,499,2390,18.236472945891784,0,-0.011018092682652272,-0.0018228421605760077,-0.0072733655302801,20.04008016032064,-0.0167868852459015,2021—2023,True,False,产成品库存周转_天、短长波动比、融资买入活跃度,产成品库存周转_天,2021M12,2022-01-27T09:30:00+08:00
2391,2022-03-25,499,2391,11.122244488977955,0,-0.016554650272334437,-0.001884278971948462,-0.0072733655302801,20.240480961923847,0.0231000134374859,2021—2023,True,False,产成品库存周转_天、原成本范围同比_百分数,产成品库存周转_天、原成本范围同比_百分数,2021M12,2022-01-27T09:30:00+08:00
2392,2022-03-28,499,2392,43.687374749499,2,-0.004532549129510399,-0.002005734858639866,0.0085913033889013,89.87975951903809,0.0164941715621445,2021—2023,True,False,应收平均回收期_天、融资买入活跃度、融资五日净变化,应收平均回收期_天,2022M02,2022-03-27T09:30:00+08:00
2393,2022-03-29,499,2393,74.44889779559118,3,0.01106599701263922,-0.001981755863634807,0.0085913033889013,89.87975951903809,0.0097713259009932,2021—2023,True,False,产成品库存周转_天、融资买入活跃度、融资五日净变化,产成品库存周转_天,2022M02,2022-03-27T09:30:00+08:00
2394,2022-03-30,499,2394,74.44889779559118,3,0.01106599701263922,-0.0020367796264334245,-0.0219003676342846,6.513026052104208,-0.0111589671388749,2021—2023,True,False,应收平均回收期_天、融资买入活跃度、融资五日净变化,应收平均回收期_天,2022M02,2022-03-27T09:30:00+08:00
2395,2022-03-31,499,2395,74.44889779559118,3,0.01106599701263922,-0.001956563629464097,-0.0215275782840239,6.4128256513026045,-0.0232054124914918,2021—2023,True,False,应收平均回收期_天、融资买入活跃度、融资五日净变化,应收平均回收期_天,2022M02,2022-03-27T09:30:00+08:00
2396,2022-04-01,499,2396,74.44889779559118,3,0.01106599701263922,-0.0018239748229133088,-0.0205526398486157,6.312625250501001,-0.0247917782039727,2021—2023,True,False,产成品库存周转_天、融资买入活跃度、融资五日净变化,产成品库存周转_天,2022M02,2022-03-27T09:30:00+08:00
2397,2022-04-06,499,2397,74.44889779559118,3,0.01106599701263922,-0.0016816868522715833,-0.0201115262346783,6.212424849699398,-0.0175236835958686,2021—2023,True,False,产成品库存周转_天、融资买入活跃度、融资五日净变化,产成品库存周转_天,2022M02,2022-03-27T09:30:00+08:00
2398,2022-04-07,499,2398,74.44889779559118,3,0.01106599701263922,-0.0015262641407610858,-0.0194402109027616,6.112224448897796,-0.0145555829412835,2021—2023,True,False,产成品库存周转_天、融资买入活跃度、融资五日净变化,产成品库存周转_天,2022M02,2022-03-27T09:30:00+08:00
2399,2022-04-08,499,2399,74.54909819639278,3,0.011530992967857088,-0.0013182278185514343,0.0049051250197843,67.73547094188376,-0.0174134621685766,2021—2023,True,False,产成品库存周转_天、融资买入活跃度、融资五日净变化,产成品库存周转_天,2022M02,2022-03-27T09:30:00+08:00
2400,2022-04-11,499,2400,74.44889779559118,3,0.011159026408730333,-0.0011642746385917423,-0.0032558972656603,40.280561122244485,0.0106322612143068,2021—2023,True,False,应收平均回收期_天、融资买入活跃度、融资五日净变化,应收平均回收期_天,2022M02,2022-03-27T09:30:00+08:00
2401,2022-04-12,499,2401,74.34869739478958,3,0.010604761265178361,-0.0010896682571179344,-0.0025133245438257,52.20440881763528,-0.0077719633994334,2021—2023,True,False,应收平均回收期_天、融资买入活跃度、融资五日净变化,应收平均回收期_天,2022M02,2022-03-27T09:30:00+08:00
2402,2022-04-13,499,2402,73.64729458917836,3,0.010641472790482361,-0.0009559926036782828,-0.0013425007974239,52.30460921843687,-0.0328237994445848,2021—2023,True,False,应收平均回收期_天、融资买入活跃度、融资五日净变化,应收平均回收期_天,2022M02,2022-03-27T09:30:00+08:00
2403,2022-04-14,499,2403,73.74749498997996,3,0.01021472799674977,-0.0008947884883589155,-0.0009406474613139,52.30460921843687,-0.0497401039584166,2021—2023,True,False,应收平均回收期_天、融资买入活跃度、融资五日净变化,应收平均回收期_天,2022M02,2022-03-27T09:30:00+08:00
2404,2022-04-15,499,2404,73.84769539078157,3,0.009845021863346287,-0.0009110210573892452,-0.0010472270921841,52.30460921843687,-0.0511208528636738,2021—2023,True,False,应收平均回收期_天、融资买入活跃度、融资五日净变化,应收平均回收期_天,2022M02,2022-03-27T09:30:00+08:00
2405,2022-04-18,499,2405,73.84769539078157,3,0.009428981591183636,-0.000966882176096454,-0.0012006732676308,52.40480961923848,-0.085485805677729,2021—2023,True,False,应收平均回收期_天、融资买入活跃度、融资五日净变化,应收平均回收期_天,2022M02,2022-03-27T09:30:00+08:00
2406,2022-04-19,499,2406,73.84769539078157,3,0.00915005982155092,-0.0010043325940631712,-0.001449843381836,52.40480961923848,-0.0901649492487267,2021—2023,True,False,应收平均回收期_天、融资买入活跃度、融资五日净变化,应收平均回收期_天,2022M02,2022-03-27T09:30:00+08:00
2407,2022-04-20,499,2407,73.34669338677354,3,0.008141391125751914,-0.0010810215291681105,-0.0019600804300676,52.40480961923848,-0.0473485735111922,2021—2023,True,False,应收平均回收期_天、融资买入活跃度、融资五日净变化,应收平均回收期_天,2022M02,2022-03-27T09:30:00+08:00
2408,2022-04-21,499,2408,73.64729458917836,3,0.008018075215965877,-0.001204272704277087,-0.0032326015476712,44.58917835671343,-0.0118767307891656,2021—2023,True,False,产成品库存周转_天、融资买入活跃度、融资五日净变化,产成品库存周转_天,2022M02,2022-03-27T09:30:00+08:00
2409,2022-04-22,499,2409,11.122244488977955,0,-0.01384849878463445,-0.001282309402540248,-0.0032326015476712,44.58917835671343,0.0060320262879907,2021—2023,True,False,原收入范围同比_百分数、原成本范围同比_百分数,原收入范围同比_百分数、原成本范围同比_百分数,2022M02,2022-03-27T09:30:00+08:00
2410,2022-04-25,499,2410,11.122244488977955,0,-0.014221273235214018,-0.0013652311741120544,-0.0164420796294816,6.312625250501001,0.0256189670728568,2021—2023,True,False,应收回收期同比变化_天、原收入范围同比_百分数,应收回收期同比变化_天、原收入范围同比_百分数,2022M02,2022-03-27T09:30:00+08:00
2411,2022-04-26,499,2411,11.122244488977955,0,-0.01491910315255891,-0.0015204598731607198,-0.0165778118033048,6.212424849699398,0.0254045136912122,2021—2023,True,False,原成本范围同比_百分数、原成本范围同比_百分数,原成本范围同比_百分数、原成本范围同比_百分数,2022M02,2022-03-27T09:30:00+08:00
2412,2022-04-27,499,2412,11.22244488977956,0,-0.015590941064131844,-0.0017503877116591799,-0.0172503176085485,6.312625250501001,-0.012915886277068,2021—2023,True,False,库存周转同比变化_天、原收入范围同比_百分数,库存周转同比变化_天、原收入范围同比_百分数,2022M03,2022-04-27T09:30:00+08:00
2413,2022-04-28,499,2413,7.515030060120241,0,-0.018594340586862223,-0.0018733813468197872,-0.0172503176085485,6.312625250501001,-0.0079132344011291,2021—2023,True,False,库存周转同比变化_天、产成品库存原可比同比_百分数,库存周转同比变化_天、产成品库存原可比同比_百分数,2022M03,2022-04-27T09:30:00+08:00
2414,2022-04-29,499,2414,11.422845691382765,0,-0.015836935995466005,-0.0019550842601116915,-0.0172503176085485,6.312625250501001,-0.0090761888015877,2021—2023,True,False,库存周转同比变化_天、原成本范围同比_百分数,库存周转同比变化_天、原成本范围同比_百分数,2022M03,2022-04-27T09:30:00+08:00
2415,2022-05-05,499,2415,11.52304609218437,0,-0.015646771106044642,-0.0020015421821221544,-0.0172503176085485,6.312625250501001,0.0131875984653224,2021—2023,True,False,库存周转同比变化_天、原成本范围同比_百分数,库存周转同比变化_天、原成本范围同比_百分数,2022M03,2022-04-27T09:30:00+08:00
2416,2022-05-06,499,2416,11.623246492985972,0,-0.015291031983812733,-0.001965851821612289,-0.0111486066779248,17.234468937875754,0.0285431422485102,2021—2023,True,False,库存周转同比变化_天、利润原可比同比_百分数,库存周转同比变化_天、利润原可比同比_百分数,2022M03,2022-04-27T09:30:00+08:00
2417,2022-05-09,499,2417,11.723446893787576,0,-0.014943206807103118,-0.0019090824975793671,-0.0111486066779248,17.234468937875754,0.0301893316168451,2021—2023,True,False,库存周转同比变化_天、利润原可比同比_百分数,库存周转同比变化_天、利润原可比同比_百分数,2022M03,2022-04-27T09:30:00+08:00
2418,2022-05-10,499,2418,11.823647294589177,0,-0.014926026124645185,-0.0019498288747359157,-0.0111486066779248,17.234468937875754,0.0219268285530152,2021—2023,True,False,原收入范围同比_百分数、原成本范围同比_百分数,原收入范围同比_百分数、原成本范围同比_百分数,2022M03,2022-04-27T09:30:00+08:00
2419,2022-05-11,499,2419,11.923847695390782,0,-0.014867095101758505,-0.0019540327894855833,-0.0111486066779248,17.234468937875754,-0.0048378728831781,2021—2023,True,False,原成本范围同比_百分数、库存周转同比变化_天,原成本范围同比_百分数、库存周转同比变化_天,2022M03,2022-04-27T09:30:00+08:00
2420,2022-05-12,499,2420,6.012024048096192,0,-0.023221117131107454,-0.001986511085963469,-0.0111486066779248,17.234468937875754,0.0049572355426568,2021—2023,True,False,原收入范围同比_百分数、利润原可比同比_百分数、指数趋势强度,原收入范围同比_百分数、利润原可比同比_百分数,2022M03,2022-04-27T09:30:00+08:00
2421,2022-05-13,499,2421,6.112224448897796,0,-0.022624252941002045,-0.001994752063342926,-0.0111486066779248,17.234468937875754,0.0166688569327513,2021—2023,True,False,利润原可比同比_百分数、原成本范围同比_百分数、指数趋势强度,利润原可比同比_百分数、原成本范围同比_百分数,2022M03,2022-04-27T09:30:00+08:00
2422,2022-05-16,499,2422,6.112224448897796,0,-0.022624252941002045,-0.0019636122242643194,-0.0109191746032055,17.334669338677354,0.0186096096374772,2021—2023,True,False,原收入范围同比_百分数、库存周转同比变化_天、指数趋势强度,原收入范围同比_百分数、库存周转同比变化_天,2022M03,2022-04-27T09:30:00+08:00
2423,2022-05-17,499,2423,6.112224448897796,0,-0.022624252941002055,-0.001883636070006963,-0.0106829188203317,17.43486973947896,-0.0147466437153951,2021—2023,True,False,利润原可比同比_百分数、库存周转同比变化_天、指数趋势强度,利润原可比同比_百分数、库存周转同比变化_天,2022M03,2022-04-27T09:30:00+08:00
2424,2022-05-18,499,2424,6.112224448897796,0,-0.02262425294100203,-0.001866743234792885,-0.0106829188203317,17.43486973947896,0.0062814661530985,2021—2023,True,False,库存周转同比变化_天、利润原可比同比_百分数、指数趋势强度,库存周转同比变化_天、利润原可比同比_百分数,2022M03,2022-04-27T09:30:00+08:00
2425,2022-05-19,499,2425,6.212424849699398,0,-0.022337375843295215,-0.0018669688379853275,-0.0015424799480246,44.48897795591182,-0.002785668341359,2021—2023,True,False,原收入范围同比_百分数、库存周转同比变化_天、指数趋势强度,原收入范围同比_百分数、库存周转同比变化_天,2022M03,2022-04-27T09:30:00+08:00
2426,2022-05-20,499,2426,6.312625250501001,0,-0.021904128043518187,-0.001833473439641358,-0.0015424799480246,44.68937875751503,-0.0176813701551699,2021—2023,True,False,原收入范围同比_百分数、原成本范围同比_百分数、指数趋势强度,原收入范围同比_百分数、原成本范围同比_百分数,2022M03,2022-04-27T09:30:00+08:00
2427,2022-05-23,499,2427,6.4128256513026045,0,-0.021301425153263984,-0.0017942772186014253,-0.0026402699057172,41.68336673346693,-0.0084459921289447,2021—2023,True,False,原收入范围同比_百分数、库存周转同比变化_天、指数趋势强度,原收入范围同比_百分数、库存周转同比变化_天,2022M03,2022-04-27T09:30:00+08:00
2428,2022-05-24,499,2428,6.513026052104208,0,-0.02068740923340641,-0.0017760242014873157,-0.0024729480195503,41.78356713426854,0.0294485636623249,2021—2023,True,False,库存周转同比变化_天、利润原可比同比_百分数、指数趋势强度,库存周转同比变化_天、利润原可比同比_百分数,2022M03,2022-04-27T09:30:00+08:00
2429,2022-05-25,499,2429,6.613226452905812,0,-0.02059739763464868,-0.0018170241159764843,-0.0025688362671741,41.883767535070135,0.0177457985955356,2021—2023,True,False,库存周转同比变化_天、利润原可比同比_百分数、指数趋势强度,库存周转同比变化_天、利润原可比同比_百分数,2022M03,2022-04-27T09:30:00+08:00
2430,2022-05-26,499,2430,7.014028056112225,0,-0.019864076796128078,-0.0018291048334421322,-0.0025002292716681,41.98396793587175,0.0140878339501051,2021—2023,True,False,原收入范围同比_百分数、库存周转同比变化_天、指数趋势强度,原收入范围同比_百分数、库存周转同比变化_天,2022M03,2022-04-27T09:30:00+08:00
2431,2022-05-27,499,2431,7.114228456913827,0,-0.019623535831976402,-0.0018953302500303176,-0.0025024249568196,42.08416833667334,0.0317208768666446,2021—2023,True,False,原收入范围同比_百分数、利润原可比同比_百分数、指数趋势强度,原收入范围同比_百分数、利润原可比同比_百分数,2022M04,2022-05-27T09:30:00+08:00
2432,2022-05-30,499,2432,7.214428857715431,0,-0.019596561308687428,-0.0019820490930359787,-0.002618294767494,42.18436873747496,0.0363913987754773,2021—2023,True,False,应收回收期同比变化_天、利润原可比同比_百分数、指数趋势强度,应收回收期同比变化_天、利润原可比同比_百分数,2022M04,2022-05-27T09:30:00+08:00
2433,2022-05-31,499,2433,7.3146292585170345,0,-0.01944381378567725,-0.002062725021889938,-0.0026624439899292,42.28456913827655,0.0275118091503019,2021—2023,True,False,原收入范围同比_百分数、原成本范围同比_百分数、指数趋势强度,原收入范围同比_百分数、原成本范围同比_百分数,2022M04,2022-05-27T09:30:00+08:00
2434,2022-06-01,499,2434,7.414829659318638,0,-0.018783105982325868,-0.002040406084944433,0.0016328187164564,65.4308617234469,0.0195721269340458,2021—2023,True,False,原成本范围同比_百分数、库存周转同比变化_天、指数趋势强度,原成本范围同比_百分数、库存周转同比变化_天,2022M04,2022-05-27T09:30:00+08:00
2435,2022-06-02,499,2435,91.78356713426852,4,0.013824427593244088,-0.002034293866716901,-0.0084016683194559,23.246492985971944,0.0255399914722906,2021—2023,True,False,库存周转同比变化_天、订单月度变化,库存周转同比变化_天,2022M04,2022-05-27T09:30:00+08:00
2436,2022-06-06,499,2436,91.78356713426852,4,0.013824427593244084,-0.0020116069703663628,0.0016966887527873,65.4308617234469,-0.0022387588411587,2021—2023,True,False,库存周转同比变化_天、订单月度变化,库存周转同比变化_天,2022M04,2022-05-27T09:30:00+08:00
2437,2022-06-07,499,2437,91.78356713426852,4,0.013824427593244088,-0.0019418533499607489,0.0018513867820424,65.4308617234469,0.0082622798136113,2021—2023,True,False,库存周转同比变化_天、订单月度变化,库存周转同比变化_天,2022M04,2022-05-27T09:30:00+08:00
2438,2022-06-08,499,2438,91.78356713426852,4,0.013824427593244088,-0.0018339739692938718,0.0020906392751659,65.4308617234469,0.0164850647418759,2021—2023,True,False,库存周转同比变化_天、订单月度变化,库存周转同比变化_天,2022M04,2022-05-27T09:30:00+08:00
2439,2022-06-09,499,2439,91.68336673346693,4,0.013989335804774902,-0.0017747034689219673,-0.0084016683194559,23.246492985971944,0.0164775588323746,2021—2023,True,False,库存周转同比变化_天、订单月度变化,库存周转同比变化_天,2022M04,2022-05-27T09:30:00+08:00
2440,2022-06-10,499,2440,91.58316633266533,4,0.014055797603932888,-0.0017333695922669829,0.0023137574268833,65.4308617234469,0.0255137802530232,2021—2023,True,False,库存周转同比变化_天、订单月度变化,库存周转同比变化_天,2022M04,2022-05-27T09:30:00+08:00
2441,2022-06-13,499,2441,91.48296593186373,4,0.014190905767090043,-0.0016729690398490512,0.0111754298968529,93.9879759519038,0.0392162559436657,2021—2023,True,False,库存周转同比变化_天、订单月度变化,库存周转同比变化_天,2022M04,2022-05-27T09:30:00+08:00
2442,2022-06-14,499,2442,89.77955911823648,4,0.01314363927222886,-0.0016565011321848942,0.0111754298968529,93.9879759519038,0.0220701714594955,2021—2023,True,False,库存周转同比变化_天、产成品库存原可比同比_百分数,库存周转同比变化_天、产成品库存原可比同比_百分数,2022M04,2022-05-27T09:30:00+08:00
2443,2022-06-15,499,2443,89.77955911823648,4,0.013475816181167588,-0.001588601242982991,0.0111754298968529,93.9879759519038,-0.0047472528534485,2021—2023,True,False,库存周转同比变化_天、产成品库存原可比同比_百分数,库存周转同比变化_天、产成品库存原可比同比_百分数,2022M04,2022-05-27T09:30:00+08:00
2444,2022-06-16,499,2444,89.77955911823648,4,0.013952485924588047,-0.0014911657443279055,0.0111754298968529,93.9879759519038,0.0283809227133449,2021—2023,True,False,库存周转同比变化_天、产成品库存原可比同比_百分数,库存周转同比变化_天、产成品库存原可比同比_百分数,2022M04,2022-05-27T09:30:00+08:00
2445,2022-06-17,499,2445,89.77955911823648,4,0.014332993067850193,-0.001413386729071917,0.0111754298968529,93.9879759519038,0.0194792931535874,2021—2023,True,False,库存周转同比变化_天、产成品库存原可比同比_百分数,库存周转同比变化_天、产成品库存原可比同比_百分数,2022M04,2022-05-27T09:30:00+08:00
2446,2022-06-20,499,2446,89.77955911823648,4,0.01482485988091045,-0.0013128448153802415,0.0114104848207246,93.8877755511022,0.0240251725396796,2021—2023,True,False,利润原可比同比_百分数、产成品库存原可比同比_百分数,利润原可比同比_百分数、产成品库存原可比同比_百分数,2022M04,2022-05-27T09:30:00+08:00
2447,2022-06-21,499,2447,89.77955911823648,4,0.015407973133193633,-0.0011936513249335787,0.0118589650001268,93.7875751503006,0.0332352214465192,2021—2023,True,False,库存周转同比变化_天、产成品库存原可比同比_百分数,库存周转同比变化_天、产成品库存原可比同比_百分数,2022M04,2022-05-27T09:30:00+08:00
2448,2022-06-22,499,2448,89.77955911823648,4,0.015431952992782943,-0.0011887496301878672,0.012021047642339,93.687374749499,0.0347863647836954,2021—2023,True,False,库存周转同比变化_天、产成品库存原可比同比_百分数,库存周转同比变化_天、产成品库存原可比同比_百分数,2022M04,2022-05-27T09:30:00+08:00
2449,2022-06-23,499,2449,89.77955911823648,4,0.015071649872222946,-0.0012623987650518351,0.0117590429470923,93.5871743486974,0.0299975900050939,2021—2023,True,False,库存周转同比变化_天、产成品库存原可比同比_百分数,库存周转同比变化_天、产成品库存原可比同比_百分数,2022M04,2022-05-27T09:30:00+08:00
2450,2022-06-24,499,2450,89.77955911823648,4,0.015036011338434107,-0.0012696835956058667,0.0120147641742655,93.4869739478958,0.0079889559737675,2021—2023,True,False,库存周转同比变化_天、产成品库存原可比同比_百分数,库存周转同比变化_天、产成品库存原可比同比_百分数,2022M04,2022-05-27T09:30:00+08:00
2451,2022-06-27,499,2451,89.77955911823648,4,0.014888871259220142,-0.0012997603252247528,0.0121278630981946,93.38677354709418,0.0117322835703344,2021—2023,True,False,库存周转同比变化_天、产成品库存原可比同比_百分数,库存周转同比变化_天、产成品库存原可比同比_百分数,2022M05,2022-06-27T09:30:00+08:00
2452,2022-06-28,499,2452,89.77955911823648,4,0.014771989387079569,-0.0013236520105120051,0.0123054348809033,93.28657314629258,-0.0025748528037153,2021—2023,True,False,库存周转同比变化_天、产成品库存原可比同比_百分数,库存周转同比变化_天、产成品库存原可比同比_百分数,2022M05,2022-06-27T09:30:00+08:00
2453,2022-06-29,499,2453,89.77955911823648,4,0.014821975190734889,-0.0013134344714882719,0.0126132258598094,93.18637274549096,-0.0050573177322476,2021—2023,True,False,库存周转同比变化_天、产成品库存原可比同比_百分数,库存周转同比变化_天、产成品库存原可比同比_百分数,2022M05,2022-06-27T09:30:00+08:00
2454,2022-06-30,499,2454,89.77955911823648,4,0.015054942618007822,-0.0012658138751318808,0.012934575699286,93.08617234468936,-0.0094115723876195,2021—2023,True,False,库存周转同比变化_天、产成品库存原可比同比_百分数,库存周转同比变化_天、产成品库存原可比同比_百分数,2022M05,2022-06-27T09:30:00+08:00
2455,2022-07-01,499,2455,89.77955911823648,4,0.01526386037216334,-0.0012231092440219346,0.0131783330465119,92.98597194388776,-0.0101609144430562,2021—2023,True,False,利润原可比同比_百分数、产成品库存原可比同比_百分数,利润原可比同比_百分数、产成品库存原可比同比_百分数,2022M05,2022-06-27T09:30:00+08:00
2456,2022-07-04,499,2456,89.77955911823648,4,0.01526910464974213,-0.0012220372674427034,0.0131052432285859,92.88577154308616,-0.034760582635187,2021—2023,True,False,库存周转同比变化_天、产成品库存原可比同比_百分数,库存周转同比变化_天、产成品库存原可比同比_百分数,2022M05,2022-06-27T09:30:00+08:00
2457,2022-07-05,499,2457,89.77955911823648,4,0.015453453867759545,-0.0011843546617557766,0.0130861743444435,92.78557114228455,-0.0351783814775975,2021—2023,True,False,利润原可比同比_百分数、产成品库存原可比同比_百分数,利润原可比同比_百分数、产成品库存原可比同比_百分数,2022M05,2022-06-27T09:30:00+08:00
2458,2022-07-06,499,2458,89.77955911823648,4,0.015550439241073457,-0.0011645299962687655,0.0128716397259756,92.68537074148296,-0.0232536199003545,2021—2023,True,False,利润原可比同比_百分数、产成品库存原可比同比_百分数,利润原可比同比_百分数、产成品库存原可比同比_百分数,2022M05,2022-06-27T09:30:00+08:00
2459,2022-07-07,499,2459,89.77955911823648,4,0.015601090622108545,-0.0011541764073597885,0.0126293565170807,92.58517034068136,-0.0343582317962495,2021—2023,True,False,库存周转同比变化_天、产成品库存原可比同比_百分数,库存周转同比变化_天、产成品库存原可比同比_百分数,2022M05,2022-06-27T09:30:00+08:00
2460,2022-07-08,499,2460,89.77955911823648,4,0.015601317800863941,-0.0011541299700190064,0.012335477465018,92.48496993987976,-0.0331260890386596,2021—2023,True,False,利润原可比同比_百分数、产成品库存原可比同比_百分数,利润原可比同比_百分数、产成品库存原可比同比_百分数,2022M05,2022-06-27T09:30:00+08:00
2461,2022-07-11,499,2461,89.77955911823648,4,0.015582320203120347,-0.0011580132465116853,-0.0089749673086426,24.24849699398797,-0.0133266957634542,2021—2023,True,False,库存周转同比变化_天、产成品库存原可比同比_百分数,库存周转同比变化_天、产成品库存原可比同比_百分数,2022M05,2022-06-27T09:30:00+08:00
2462,2022-07-12,499,2462,89.77955911823648,4,0.01505423895215973,-0.0012659577106358987,0.0044881907804075,73.74749498997996,-0.0065290397602426,2021—2023,True,False,库存周转同比变化_天、产成品库存原可比同比_百分数,库存周转同比变化_天、产成品库存原可比同比_百分数,2022M05,2022-06-27T09:30:00+08:00
2463,2022-07-13,499,2463,89.77955911823648,4,0.014437023944620816,-0.0013921219005536738,-0.0081279161921421,23.04609218436874,-0.0122583993925367,2021—2023,True,False,库存周转同比变化_天、产成品库存原可比同比_百分数,库存周转同比变化_天、产成品库存原可比同比_百分数,2022M05,2022-06-27T09:30:00+08:00
2464,2022-07-14,499,2464,89.77955911823648,4,0.013981722531381309,-0.0014851895241016287,0.0042705332242303,73.44689378757514,-0.0143364927278228,2021—2023,True,False,库存周转同比变化_天、产成品库存原可比同比_百分数,库存周转同比变化_天、产成品库存原可比同比_百分数,2022M05,2022-06-27T09:30:00+08:00
2465,2022-07-15,499,2465,89.77955911823648,4,0.013389865741681899,-0.001606170270693492,0.0021980277495355,63.126252505010015,-0.0093635929922679,2021—2023,True,False,库存周转同比变化_天、产成品库存原可比同比_百分数,库存周转同比变化_天、产成品库存原可比同比_百分数,2022M05,2022-06-27T09:30:00+08:00
2466,2022-07-18,499,2466,89.77955911823648,4,0.012763307919462803,-0.0017342442143134275,0.0021980277495355,62.925851703406806,-0.016908390950391,2021—2023,True,False,库存周转同比变化_天、产成品库存原可比同比_百分数,库存周转同比变化_天、产成品库存原可比同比_百分数,2022M05,2022-06-27T09:30:00+08:00
2467,2022-07-19,499,2467,89.77955911823648,4,0.012427903367951198,-0.0018028038621174032,0.0021237467757892,62.8256513026052,-0.014597613198679,2021—2023,True,False,利润原可比同比_百分数、产成品库存原可比同比_百分数,利润原可比同比_百分数、产成品库存原可比同比_百分数,2022M05,2022-06-27T09:30:00+08:00
2468,2022-07-20,499,2468,89.77955911823648,4,0.012200122987436156,-0.0018493641803789948,0.0020825430303795,62.725450901803605,-0.0084324603491936,2021—2023,True,False,库存周转同比变化_天、产成品库存原可比同比_百分数,库存周转同比变化_天、产成品库存原可比同比_百分数,2022M05,2022-06-27T09:30:00+08:00
2469,2022-07-21,499,2469,89.77955911823648,4,0.01170596212726883,-0.0019503750175274264,0.0019099905647615,62.8256513026052,-0.0072970347392861,2021—2023,True,False,库存周转同比变化_天、产成品库存原可比同比_百分数,库存周转同比变化_天、产成品库存原可比同比_百分数,2022M05,2022-06-27T09:30:00+08:00
2470,2022-07-22,499,2470,89.77955911823648,4,0.011010499687124508,-0.002092533672627066,-0.0041876666144611,44.88977955911824,-0.0215290107733132,2021—2023,True,False,利润原可比同比_百分数、产成品库存原可比同比_百分数,利润原可比同比_百分数、产成品库存原可比同比_百分数,2022M05,2022-06-27T09:30:00+08:00
2471,2022-07-25,499,2471,89.77955911823648,4,0.010061278160156556,-0.0022865629226285324,-0.0081840312552602,22.24448897795591,-0.0187675513633872,2021—2023,True,False,库存周转同比变化_天、产成品库存原可比同比_百分数,库存周转同比变化_天、产成品库存原可比同比_百分数,2022M05,2022-06-27T09:30:00+08:00
2472,2022-07-26,499,2472,89.67935871743488,4,0.008650416925452535,-0.0026385161853402176,-0.001983906487462,44.08817635270541,-0.0287168019870048,2021—2023,True,False,利润原可比同比_百分数、融资五日净变化,利润原可比同比_百分数,2022M05,2022-06-27T09:30:00+08:00
2473,2022-07-27,499,2473,62.02404809619239,3,0.000598838428415442,-0.0029226777848769788,-0.001983906487462,61.523046092184366,-0.0387027874444823,2021—2023,True,False,产成品库存周转_天、产成品库存周转_天、利润原可比同比_百分数,产成品库存周转_天、产成品库存周转_天、利润原可比同比_百分数,2022M06,2022-07-27T09:30:00+08:00
2474,2022-07-28,499,2474,61.923847695390776,3,0.00045317231909916637,-0.003179667788509882,0.0057678427197105,77.75551102204409,-0.0327237575119205,2021—2023,True,False,产成品库存周转_天、产成品库存周转_天、利润原可比同比_百分数,产成品库存周转_天、产成品库存周转_天、利润原可比同比_百分数,2022M06,2022-07-27T09:30:00+08:00
2475,2022-07-29,499,2475,61.82364729458918,3,0.00033015315944225716,-0.0033942515565843273,-0.002443031866213,48.296593186372746,-0.0043589308517865,2021—2023,True,False,产成品库存周转_天、应收平均回收期_天、利润原可比同比_百分数,产成品库存周转_天、应收平均回收期_天、利润原可比同比_百分数,2022M06,2022-07-27T09:30:00+08:00
2476,2022-08-01,499,2476,60.22044088176352,3,3.273216561230251e-05,-0.00354404337537347,0.0036603152252999,78.85771543086173,-0.0050667277572956,2021—2023,True,False,应收平均回收期_天、产成品库存周转_天、利润原可比同比_百分数,应收平均回收期_天、产成品库存周转_天、利润原可比同比_百分数,2022M06,2022-07-27T09:30:00+08:00
2477,2022-08-02,499,2477,60.12024048096192,3,-0.000202271378500192,-0.0035991374679499783,0.0036603152252999,78.85771543086173,0.0020654103949819,2021—2023,True,False,应收平均回收期_天、应收平均回收期_天、利润原可比同比_百分数,应收平均回收期_天、应收平均回收期_天、利润原可比同比_百分数,2022M06,2022-07-27T09:30:00+08:00
2478,2022-08-03,499,2478,60.02004008016032,3,-0.0005543026205804968,-0.003704097959769332,0.0036603152252999,78.85771543086173,0.0073983919945534,2021—2023,True,False,产成品库存周转_天、应收平均回收期_天、利润原可比同比_百分数,产成品库存周转_天、应收平均回收期_天、利润原可比同比_百分数,2022M06,2022-07-27T09:30:00+08:00
2479,2022-08-04,499,2479,9.819639278557114,0,-0.014245199838490409,-0.003773382796098405,0.0036603152252999,78.85771543086173,0.0198519006240331,2021—2023,True,False,应收平均回收期_天、原收入范围同比_百分数,应收平均回收期_天、原收入范围同比_百分数,2022M06,2022-07-27T09:30:00+08:00
2480,2022-08-05,499,2480,6.112224448897796,0,-0.016881883819749,-0.003722415951339776,0.0036603152252999,78.85771543086173,0.0065648490960248,2021—2023,True,False,应收平均回收期_天、产成品库存原可比同比_百分数,应收平均回收期_天、产成品库存原可比同比_百分数,2022M06,2022-07-27T09:30:00+08:00
2481,2022-08-08,499,2481,10.02004008016032,0,-0.014331122725357671,-0.0036688951168291264,0.0036603152252999,78.85771543086173,0.0082256614824951,2021—2023,True,False,应收平均回收期_天、原成本范围同比_百分数,应收平均回收期_天、原成本范围同比_百分数,2022M06,2022-07-27T09:30:00+08:00
2482,2022-08-09,499,2482,10.120240480961924,0,-0.014239396042505572,-0.0036208441120683258,0.0035654560624456,78.75751503006012,0.0049005356260158,2021—2023,True,False,应收平均回收期_天、原成本范围同比_百分数,应收平均回收期_天、原成本范围同比_百分数,2022M06,2022-07-27T09:30:00+08:00
2483,2022-08-10,499,2483,10.220440881763528,0,-0.014079544999000788,-0.0035583024575212463,0.0035493265391396,78.65731462925852,0.017571481436079,2021—2023,True,False,应收平均回收期_天、库存周转同比变化_天,应收平均回收期_天、库存周转同比变化_天,2022M06,2022-07-27T09:30:00+08:00
2484,2022-08-11,499,2484,6.112224448897796,0,-0.020535143733222603,-0.0035176524925736334,0.0035902740439844,78.55711422845691,-0.0071371028755514,2021—2023,True,False,应收平均回收期_天、融资五日净变化、库存周转同比变化_天,应收平均回收期_天、库存周转同比变化_天,2022M06,2022-07-27T09:30:00+08:00
2485,2022-08-12,499,2485,6.112224448897796,0,-0.020535143733222603,-0.0035401684599229775,0.0037614490606165,78.45691382765531,-0.0130338257915575,2021—2023,True,False,应收平均回收期_天、融资五日净变化、库存周转同比变化_天,应收平均回收期_天、库存周转同比变化_天,2022M06,2022-07-27T09:30:00+08:00
2486,2022-08-15,499,2486,6.112224448897796,0,-0.020535143733222603,-0.0034935573470607703,0.0037906511443186,78.3567134268537,-0.0071400816876537,2021—2023,True,False,应收平均回收期_天、融资五日净变化、库存周转同比变化_天,应收平均回收期_天、库存周转同比变化_天,2022M06,2022-07-27T09:30:00+08:00
2487,2022-08-16,499,2487,6.112224448897796,0,-0.020535143733222603,-0.0034148170646121443,0.0038363729003823,78.2565130260521,-0.0036269387552688,2021—2023,True,False,应收平均回收期_天、融资五日净变化、库存周转同比变化_天,应收平均回收期_天、库存周转同比变化_天,2022M06,2022-07-27T09:30:00+08:00
2488,2022-08-17,499,2488,60.52104208416833,3,-0.0010534101240292594,-0.003345481701528365,0.0038472317037051,78.15631262525051,-0.0304835258878903,2021—2023,True,False,应收平均回收期_天、应收平均回收期_天、利润原可比同比_百分数,应收平均回收期_天、应收平均回收期_天、利润原可比同比_百分数,2022M06,2022-07-27T09:30:00+08:00
2489,2022-08-18,499,2489,60.42084168336673,3,-0.0008115284154564247,-0.003307822095573593,0.0039858604888806,78.05611222444891,-0.0163532700127495,2021—2023,True,False,产成品库存周转_天、应收平均回收期_天、利润原可比同比_百分数,产成品库存周转_天、应收平均回收期_天、利润原可比同比_百分数,2022M06,2022-07-27T09:30:00+08:00
2490,2022-08-19,499,2490,71.24248496993988,3,0.0026064254804396086,-0.003309517788249257,0.0038746308552363,77.9559118236473,-0.0171955950081322,2021—2023,True,False,产成品库存周转_天、融资买入活跃度、应收平均回收期_天,产成品库存周转_天、应收平均回收期_天,2022M06,2022-07-27T09:30:00+08:00
2491,2022-08-22,499,2491,58.717434869739485,2,-0.0008440788706960718,-0.003420014598486746,0.0037072203933868,77.8557114228457,-0.0217833583885936,2021—2023,True,False,应收平均回收期_天、应收平均回收期_天、利润原可比同比_百分数,应收平均回收期_天、应收平均回收期_天、利润原可比同比_百分数,2022M06,2022-07-27T09:30:00+08:00
2492,2022-08-23,499,2492,58.61723446893787,2,-0.0009103525845587846,-0.003529807138917034,0.0036008742945531,77.75551102204409,-0.0290856056728051,2021—2023,True,False,应收平均回收期_天、产成品库存周转_天、利润原可比同比_百分数,应收平均回收期_天、产成品库存周转_天、利润原可比同比_百分数,2022M06,2022-07-27T09:30:00+08:00
2493,2022-08-24,499,2493,58.517034068136276,2,-0.0009386503571703481,-0.003625385770577518,0.0035307013523218,77.65531062124249,-0.0087298413967745,2021—2023,True,False,应收平均回收期_天、产成品库存周转_天、利润原可比同比_百分数,应收平均回收期_天、产成品库存周转_天、利润原可比同比_百分数,2022M06,2022-07-27T09:30:00+08:00
2494,2022-08-25,499,2494,6.713426853707414,0,-0.019350653153558536,-0.003714771654563971,0.0032036414750121,77.55511022044088,-0.0196660341599494,2021—2023,True,False,应收平均回收期_天、融资五日净变化、库存周转同比变化_天,应收平均回收期_天、库存周转同比变化_天,2022M06,2022-07-27T09:30:00+08:00
2495,2022-08-26,499,2495,60.82164328657315,3,-0.0007105893804258889,-0.0037811903043157404,0.0030173851751286,77.45490981963927,-0.0191159426243974,2021—2023,True,False,应收平均回收期_天、融资五日净变化,应收平均回收期_天,2022M06,2022-07-27T09:30:00+08:00
2496,2022-08-29,499,2496,76.05210420841684,3,-0.0005543026205804968,-0.00378606846122144,0.0028266966828337,77.35470941883767,-0.0173769395824262,2021—2023,True,False,应收平均回收期_天、产成品库存周转_天、利润原可比同比_百分数,应收平均回收期_天、产成品库存周转_天、利润原可比同比_百分数,2022M07,2022-08-27T09:30:00+08:00
2497,2022-08-30,499,2497,76.05210420841684,3,-0.0005543026205804968,-0.003797592931920827,0.0025966961681475,77.25450901803607,-0.0097535216961894,2021—2023,True,False,应收平均回收期_天、产成品库存周转_天、利润原可比同比_百分数,应收平均回收期_天、产成品库存周转_天、利润原可比同比_百分数,2022M07,2022-08-27T09:30:00+08:00
2498,2022-08-31,499,2498,76.05210420841684,3,-0.0005543026205804968,-0.0038098908770460944,0.002303341521472,77.15430861723446,-0.004907637912187,2021—2023,True,False,应收平均回收期_天、应收平均回收期_天、利润原可比同比_百分数,应收平均回收期_天、应收平均回收期_天、利润原可比同比_百分数,2022M07,2022-08-27T09:30:00+08:00
2499,2022-09-01,499,2499,76.05210420841684,3,-0.0005543026205804968,-0.0037736111296241054,0.0022021196598367,74.44889779559118,-0.003956327554033,2021—2023,True,False,应收平均回收期_天、应收平均回收期_天、利润原可比同比_百分数,应收平均回收期_天、应收平均回收期_天、利润原可比同比_百分数,2022M07,2022-08-27T09:30:00+08:00
2500,2022-09-02,499,2500,76.05210420841684,3,-0.0005543026205804968,-0.0037593602444101885,0.002003318261475,74.54909819639278,0.0190373850459815,2021—2023,True,False,应收平均回收期_天、应收平均回收期_天、利润原可比同比_百分数,应收平均回收期_天、应收平均回收期_天、利润原可比同比_百分数,2022M07,2022-08-27T09:30:00+08:00
2501,2022-09-05,499,2501,76.05210420841684,3,-0.0005543026205804968,-0.0038193106514721534,0.0018130546498906,74.64929859719437,0.0062678343296824,2021—2023,True,False,应收平均回收期_天、应收平均回收期_天、利润原可比同比_百分数,应收平均回收期_天、应收平均回收期_天、利润原可比同比_百分数,2022M07,2022-08-27T09:30:00+08:00
2502,2022-09-06,499,2502,75.95190380761522,3,-0.0007594567298712987,-0.0038889009806130303,-0.0033354006819427,46.49298597194389,0.00577721129978,2021—2023,True,False,应收平均回收期_天、应收平均回收期_天、利润原可比同比_百分数,应收平均回收期_天、应收平均回收期_天、利润原可比同比_百分数,2022M07,2022-08-27T09:30:00+08:00
2503,2022-09-07,499,2503,75.85170340681363,3,-0.0008678189583811564,-0.003962725633233658,-0.0033354006819427,46.49298597194389,-0.0143547232269883,2021—2023,True,False,应收平均回收期_天、应收平均回收期_天、利润原可比同比_百分数,应收平均回收期_天、应收平均回收期_天、利润原可比同比_百分数,2022M07,2022-08-27T09:30:00+08:00
2504,2022-09-08,499,2504,75.75150300601202,3,-0.0009159120411645601,-0.003990048743494794,-0.0033569381782474,46.59318637274549,-0.0304452149101448,2021—2023,True,False,应收平均回收期_天、应收平均回收期_天、利润原可比同比_百分数,应收平均回收期_天、应收平均回收期_天、利润原可比同比_百分数,2022M07,2022-08-27T09:30:00+08:00
2505,2022-09-09,499,2505,75.65130260521042,3,-0.0009516816354336015,-0.004025815554526525,-0.0033650380346769,46.6933867735471,-0.0415246991589363,2021—2023,True,False,应收平均回收期_天、应收平均回收期_天、利润原可比同比_百分数,应收平均回收期_天、应收平均回收期_天、利润原可比同比_百分数,2022M07,2022-08-27T09:30:00+08:00
2506,2022-09-13,499,2506,75.55110220440882,3,-0.0007192506275101699,-0.0039848111951978306,-0.0030663390602682,46.7935871743487,-0.0401496806447752,2021—2023,True,False,应收平均回收期_天、产成品库存周转_天、利润原可比同比_百分数,应收平均回收期_天、产成品库存周转_天、利润原可比同比_百分数,2022M07,2022-08-27T09:30:00+08:00
2507,2022-09-14,499,2507,75.45090180360722,3,-0.000638939306163128,-0.003943604917585926,-0.0029435209893478,46.89378757515031,-0.0485990672588176,2021—2023,True,False,应收平均回收期_天、产成品库存周转_天、利润原可比同比_百分数,应收平均回收期_天、产成品库存周转_天、利润原可比同比_百分数,2022M07,2022-08-27T09:30:00+08:00
2508,2022-09-15,499,2508,75.35070140280561,3,-0.0005660285038228647,-0.003906586614317455,-0.0028302647258526,46.9939879759519,-0.0384961155175362,2021—2023,True,False,应收平均回收期_天、应收平均回收期_天、利润原可比同比_百分数,应收平均回收期_天、应收平均回收期_天、利润原可比同比_百分数,2022M07,2022-08-27T09:30:00+08:00
2509,2022-09-16,499,2509,75.25050100200401,3,-0.0007209576580157358,-0.003929138158150386,-0.0029780141938159,47.09418837675351,-0.0262920344618531,2021—2023,True,False,应收平均回收期_天、应收平均回收期_天、利润原可比同比_百分数,应收平均回收期_天、应收平均回收期_天、利润原可比同比_百分数,2022M07,2022-08-27T09:30:00+08:00
2510,2022-09-19,499,2510,60.72144288577154,3,-0.0010512271830393925,-0.003995261896447849,-0.0033257002788327,47.19438877755511,-0.0269567565643901,2021—2023,True,False,应收平均回收期_天、产成品库存周转_天、利润原可比同比_百分数,应收平均回收期_天、产成品库存周转_天、利润原可比同比_百分数,2022M07,2022-08-27T09:30:00+08:00
2511,2022-09-20,499,2511,60.62124248496994,3,-0.001495990611345952,-0.004130994227272667,-0.003803187764834,47.29458917835672,-0.0140922546643993,2021—2023,True,False,应收平均回收期_天、应收平均回收期_天、利润原可比同比_百分数,应收平均回收期_天、应收平均回收期_天、利润原可比同比_百分数,2022M07,2022-08-27T09:30:00+08:00
2512,2022-09-21,499,2512,52.00400801603207,2,-0.002223858321488218,-0.004222286670197409,-0.004216674599344,47.19438877755511,-0.0101616481794216,2021—2023,True,False,库存周转同比变化_天、利润原可比同比_百分数、指数趋势强度,库存周转同比变化_天、利润原可比同比_百分数,2022M07,2022-08-27T09:30:00+08:00
2513,2022-09-22,499,2513,51.10220440881763,2,-0.0034163004628795113,-0.00435543533581546,-0.004216674599344,47.39478957915832,-0.0122234642728273,2021—2023,True,False,库存周转同比变化_天、库存周转同比变化_天、指数趋势强度,库存周转同比变化_天、库存周转同比变化_天,2022M07,2022-08-27T09:30:00+08:00
2514,2022-09-23,499,2514,51.20240480961924,2,-0.0038968458745871383,-0.004480892626859494,-0.0046247631817034,47.895791583166336,-0.0112933310282443,2021—2023,True,False,库存周转同比变化_天、原收入范围同比_百分数、指数趋势强度,库存周转同比变化_天、原收入范围同比_百分数,2022M07,2022-08-27T09:30:00+08:00
2515,2022-09-26,499,2515,51.302605210420836,2,-0.004199483558198841,-0.004534900901154301,-0.0048796722555875,47.79559118236472,-0.0332213563220599,2021—2023,True,False,库存周转同比变化_天、利润原可比同比_百分数、指数趋势强度,库存周转同比变化_天、利润原可比同比_百分数,2022M07,2022-08-27T09:30:00+08:00
2516,2022-09-27,499,2516,51.40280561122245,2,-0.0045029138649480575,-0.004532708834264019,-0.005136382538248,47.69539078156313,-0.0403719700238716,2021—2023,True,False,库存周转同比变化_天、利润原可比同比_百分数、指数趋势强度,库存周转同比变化_天、利润原可比同比_百分数,2022M08,2022-09-27T09:30:00+08:00
2517,2022-09-28,499,2517,51.503006012024045,2,-0.004629089401782943,-0.004503439409380357,-0.0052393235971693,47.79559118236472,-0.0283286685325869,2021—2023,True,False,库存周转同比变化_天、利润原可比同比_百分数、指数趋势强度,库存周转同比变化_天、利润原可比同比_百分数,2022M08,2022-09-27T09:30:00+08:00
2518,2022-09-29,499,2518,51.60320641282566,2,-0.00470094081447955,-0.004429075188426163,-0.0052952591037858,47.895791583166336,-0.0138694970844696,2021—2023,True,False,库存周转同比变化_天、原收入范围同比_百分数、指数趋势强度,库存周转同比变化_天、原收入范围同比_百分数,2022M08,2022-09-27T09:30:00+08:00
2519,2022-09-30,499,2519,51.703406813627254,2,-0.004797383422919907,-0.004360486018248565,-0.0087162061865357,34.46893787575151,0.0043628118372904,2021—2023,True,False,库存周转同比变化_天、利润原可比同比_百分数、指数趋势强度,库存周转同比变化_天、利润原可比同比_百分数,2022M08,2022-09-27T09:30:00+08:00
2520,2022-10-10,499,2520,51.80360721442886,2,-0.004879610607797432,-0.0043025004181009106,-0.0087162061865357,34.66933867735471,0.0321120563632253,2021—2023,True,False,库存周转同比变化_天、原收入范围同比_百分数、指数趋势强度,库存周转同比变化_天、原收入范围同比_百分数,2022M08,2022-09-27T09:30:00+08:00
2521,2022-10-11,499,2521,51.903807615230455,2,-0.005233882429225713,-0.004316427940832311,-0.0087162061865357,34.86973947895792,0.0242396315016595,2021—2023,True,False,库存周转同比变化_天、库存周转同比变化_天、指数趋势强度,库存周转同比变化_天、库存周转同比变化_天,2022M08,2022-09-27T09:30:00+08:00
2522,2022-10-12,499,2522,52.00400801603207,2,-0.005667685979776896,-0.004376740980467708,-0.0087162061865357,35.07014028056113,-0.0018459631854065,2021—2023,True,False,库存周转同比变化_天、原收入范围同比_百分数、指数趋势强度,库存周转同比变化_天、原收入范围同比_百分数,2022M08,2022-09-27T09:30:00+08:00
2523,2022-10-13,499,2523,52.104208416833664,2,-0.005944039425542873,-0.004446804977383685,-0.0087162061865357,35.27054108216433,-0.0067596405421234,2021—2023,True,False,库存周转同比变化_天、原成本范围同比_百分数、指数趋势强度,库存周转同比变化_天、原成本范围同比_百分数,2022M08,2022-09-27T09:30:00+08:00
2524,2022-10-14,499,2524,52.204408817635276,2,-0.006039526867216689,-0.004476840383913518,-0.0087162061865357,35.47094188376754,-0.0274518558824226,2021—2023,True,False,库存周转同比变化_天、原收入范围同比_百分数、指数趋势强度,库存周转同比变化_天、原收入范围同比_百分数,2022M08,2022-09-27T09:30:00+08:00
2525,2022-10-17,499,2525,52.30460921843687,2,-0.005915689501686842,-0.00449025572260993,-0.0086580772175409,35.571142284569135,-0.061850616169011,2021—2023,True,False,库存周转同比变化_天、库存周转同比变化_天、指数趋势强度,库存周转同比变化_天、库存周转同比变化_天,2022M08,2022-09-27T09:30:00+08:00
2526,2022-10-18,499,2526,52.40480961923848,2,-0.005468304256217287,-0.004465946292629873,-0.0084776783963871,35.671342685370746,-0.0541724758478734,2021—2023,True,False,库存周转同比变化_天、库存周转同比变化_天、指数趋势强度,库存周转同比变化_天、库存周转同比变化_天,2022M08,2022-09-27T09:30:00+08:00
2527,2022-10-19,499,2527,52.505010020040075,2,-0.005122863142753603,-0.0044200187030231704,-0.0083335492778935,35.77154308617234,-0.0240551269032137,2021—2023,True,False,库存周转同比变化_天、利润原可比同比_百分数、指数趋势强度,库存周转同比变化_天、利润原可比同比_百分数,2022M08,2022-09-27T09:30:00+08:00
2528,2022-10-20,499,2528,52.605210420841686,2,-0.005085197626002487,-0.004400194392460816,-0.0083050949529265,35.87174348697395,-0.0445033129679657,2021—2023,True,False,库存周转同比变化_天、利润原可比同比_百分数、指数趋势强度,库存周转同比变化_天、利润原可比同比_百分数,2022M08,2022-09-27T09:30:00+08:00
2529,2022-10-21,499,2529,52.705410821643284,2,-0.005104225386412952,-0.004400229247503746,-0.008298346243709,35.971943887775545,-0.0604416660892833,2021—2023,True,False,库存周转同比变化_天、原收入范围同比_百分数、指数趋势强度,库存周转同比变化_天、原收入范围同比_百分数,2022M08,2022-09-27T09:30:00+08:00
2530,2022-10-24,499,2530,54.408817635270545,2,-0.004027061711136032,-0.004427225711160403,-0.008381622372573,36.07214428857716,-0.0318895169205045,2021—2023,True,False,库存周转同比变化_天、利润原可比同比_百分数、指数趋势强度,库存周转同比变化_天、利润原可比同比_百分数,2022M08,2022-09-27T09:30:00+08:00
2531,2022-10-25,499,2531,54.50901803607214,2,-0.00480846109570191,-0.004473547339138906,-0.0086130898781852,36.172344689378754,-0.0043160862346993,2021—2023,True,False,库存周转同比变化_天、原收入范围同比_百分数、指数趋势强度,库存周转同比变化_天、原收入范围同比_百分数,2022M08,2022-09-27T09:30:00+08:00
2532,2022-10-26,499,2532,53.0060120240481,2,-0.006512601998941174,-0.004552989649960785,-0.0088094665418477,36.272545090180365,-0.0088082319837227,2021—2023,True,False,库存周转同比变化_天、利润原可比同比_百分数、指数趋势强度,库存周转同比变化_天、利润原可比同比_百分数,2022M08,2022-09-27T09:30:00+08:00
2533,2022-10-27,499,2533,53.106212424849694,2,-0.006703281617465876,-0.0045825809611400965,-0.008874898560566,36.37274549098196,0.0046292811318831,2021—2023,True,False,库存周转同比变化_天、库存周转同比变化_天、指数趋势强度,库存周转同比变化_天、库存周转同比变化_天,2022M09,2022-10-27T09:30:00+08:00
2534,2022-10-28,499,2534,53.206412825651306,2,-0.007109733567471251,-0.004681264146844704,-0.0090271567417942,36.47294589178357,0.0610927503998399,2021—2023,True,False,库存周转同比变化_天、库存周转同比变化_天、指数趋势强度,库存周转同比变化_天、库存周转同比变化_天,2022M09,2022-10-27T09:30:00+08:00
2535,2022-10-31,499,2535,9.819639278557114,0,-0.018277383052790145,-0.004849037898553781,0.0071794684211279,78.4569138276553,0.0662962455029134,2021—2023,True,False,库存周转同比变化_天、库存周转同比变化_天、融资五日净变化,库存周转同比变化_天、库存周转同比变化_天,2022M09,2022-10-27T09:30:00+08:00
2536,2022-11-01,499,2536,9.919839679358718,0,-0.018414879354484236,-0.005013035248564675,0.0071794684211279,78.65731462925851,0.0311617288568442,2021—2023,True,False,库存周转同比变化_天、库存周转同比变化_天、融资五日净变化,库存周转同比变化_天、库存周转同比变化_天,2022M09,2022-10-27T09:30:00+08:00
2537,2022-11-02,499,2537,10.02004008016032,0,-0.018273891423286392,-0.005110029779111198,0.0071794684211279,78.85771543086172,0.0059135711477302,2021—2023,True,False,库存周转同比变化_天、库存周转同比变化_天、融资五日净变化,库存周转同比变化_天、库存周转同比变化_天,2022M09,2022-10-27T09:30:00+08:00
2538,2022-11-03,499,2538,10.120240480961924,0,-0.01818017202289467,-0.00520783602292712,0.0071794684211279,79.05811623246493,0.0339527710080702,2021—2023,True,False,库存周转同比变化_天、利润原可比同比_百分数、融资五日净变化,库存周转同比变化_天、利润原可比同比_百分数,2022M09,2022-10-27T09:30:00+08:00
2539,2022-11-04,499,2539,10.220440881763528,0,-0.017956549933141955,-0.005253308419955208,0.0071794684211279,79.25851703406813,0.0201589002574114,2021—2023,True,False,库存周转同比变化_天、利润原可比同比_百分数、融资五日净变化,库存周转同比变化_天、利润原可比同比_百分数,2022M09,2022-10-27T09:30:00+08:00
2540,2022-11-07,499,2540,9.919839679358718,0,-0.017845945766581904,-0.005173353600449956,0.0071794684211279,79.45891783567134,-0.0007996801279487,2021—2023,True,False,库存周转同比变化_天、利润原可比同比_百分数、指数趋势强度,库存周转同比变化_天、利润原可比同比_百分数,2022M09,2022-10-27T09:30:00+08:00
2541,2022-11-08,499,2541,9.919839679358718,0,-0.01784594576658191,-0.005003289052002691,0.0081329648256728,93.7875751503006,0.0251297646079182,2021—2023,True,False,库存周转同比变化_天、利润原可比同比_百分数、指数趋势强度,库存周转同比变化_天、利润原可比同比_百分数,2022M09,2022-10-27T09:30:00+08:00
2542,2022-11-09,499,2542,9.919839679358718,0,-0.017845945766581897,-0.0049208299104817315,0.0084985007626755,93.687374749499,0.0332700164473367,2021—2023,True,False,库存周转同比变化_天、利润原可比同比_百分数、指数趋势强度,库存周转同比变化_天、利润原可比同比_百分数,2022M09,2022-10-27T09:30:00+08:00
2543,2022-11-10,499,2543,10.02004008016032,0,-0.01760835059743878,-0.004890959977638419,0.008458111237442,93.5871743486974,0.007513999080555,2021—2023,True,False,库存周转同比变化_天、原收入范围同比_百分数、指数趋势强度,库存周转同比变化_天、原收入范围同比_百分数,2022M09,2022-10-27T09:30:00+08:00
2544,2022-11-11,499,2544,93.48697394789579,4,0.008850336772374786,-0.004804043035100272,0.0088503367723747,93.4869739478958,-0.0184687785572599,2021—2023,False,False,订单水平,,2022M09,2022-10-27T09:30:00+08:00
2545,2022-11-14,499,2545,93.38677354709418,4,0.00902167864336019,-0.004707523975394178,0.0090216786433601,93.38677354709418,-0.0067751370590609,2021—2023,False,False,订单水平,,2022M09,2022-10-27T09:30:00+08:00
2546,2022-11-15,499,2546,93.28657314629258,4,0.008875091199012294,-0.0046725982989294325,0.0088750911990122,93.28657314629258,-0.0278050941785449,2021—2023,False,False,订单水平,,2022M09,2022-10-27T09:30:00+08:00
2547,2022-11-16,499,2547,93.18637274549097,4,0.009114130513849147,-0.004578197672836451,0.0091141305138491,93.18637274549096,-0.0121016888874269,2021—2023,False,False,订单水平,,2022M09,2022-10-27T09:30:00+08:00
2548,2022-11-17,499,2548,93.08617234468937,4,0.009464215817233026,-0.004470691264233968,0.009464215817233,93.08617234468936,-0.0190557847885036,2021—2023,False,False,订单水平,,2022M09,2022-10-27T09:30:00+08:00
2549,2022-11-18,499,2549,92.98597194388776,4,0.009436355578137627,-0.004452374677531093,0.0094363555781376,92.98597194388776,-0.0197899491596228,2021—2023,False,False,订单水平,,2022M09,2022-10-27T09:30:00+08:00
2550,2022-11-21,499,2550,92.88577154308616,4,0.00904332551989259,-0.004484419718541885,0.0090433255198925,92.88577154308616,-0.0062768940974902,2021—2023,False,False,订单水平,,2022M09,2022-10-27T09:30:00+08:00
2551,2022-11-22,499,2551,92.78557114228457,4,0.008823624650740457,-0.004518774904544659,0.0088236246507404,92.78557114228455,0.0174911207065289,2021—2023,False,False,订单水平,,2022M09,2022-10-27T09:30:00+08:00
2552,2022-11-23,499,2552,92.68537074148297,4,0.008321861379106411,-0.004603558035787153,0.0083218613791064,92.68537074148296,0.0308304285965945,2021—2023,False,False,订单水平,,2022M09,2022-10-27T09:30:00+08:00
2553,2022-11-24,499,2553,92.58517034068136,4,0.008045867456585691,-0.004689675702704039,0.0080458674565856,92.58517034068136,0.0326551043197682,2021—2023,False,False,订单水平,,2022M09,2022-10-27T09:30:00+08:00
2554,2022-11-25,499,2554,92.48496993987976,4,0.007684512093317833,-0.004771742106855309,0.0076845120933178,92.48496993987976,0.050536353255308,2021—2023,False,False,订单水平,,2022M09,2022-10-27T09:30:00+08:00
2555,2022-11-28,499,2555,92.38476953907815,4,0.007323006024200192,-0.00489848632121177,0.0073230060242001,92.38476953907816,0.0436906431769881,2021—2023,False,False,订单水平,,2022M10,2022-11-27T09:30:00+08:00
2556,2022-11-29,499,2556,92.28456913827655,4,0.007146383944697719,-0.005013229394359851,0.0071463839446977,92.28456913827657,0.0281366694736764,2021—2023,False,False,订单水平,,2022M10,2022-11-27T09:30:00+08:00
2557,2022-11-30,499,2557,92.18436873747494,4,0.007279008774977606,-0.005039330282558241,0.0072790087749776,92.18436873747494,0.0057212054937061,2021—2023,False,False,订单水平,,2022M10,2022-11-27T09:30:00+08:00
2558,2022-12-01,499,2558,92.08416833667334,4,0.007577128013225922,-0.004996272280472945,0.0075771280132259,92.08416833667334,0.0140911556569591,2021—2023,False,False,订单水平,,2022M10,2022-11-27T09:30:00+08:00
2559,2022-12-02,499,2559,91.98396793587173,4,0.007890602717057701,-0.004922369689616501,0.0078906027170577,91.98396793587172,0.0147735777483877,2021—2023,False,False,订单水平,,2022M10,2022-11-27T09:30:00+08:00
2560,2022-12-05,499,2560,91.88376753507013,4,0.008417093464443508,-0.0048014159905192975,0.0084170934644435,91.88376753507012,0.0034511720837191,2021—2023,False,False,订单水平,,2022M10,2022-11-27T09:30:00+08:00
2561,2022-12-06,499,2561,93.9879759519038,4,0.014740754907332738,-0.0046711496104913765,0.0147407549073327,93.9879759519038,-0.0057646506614744,2021—2023,False,False,订单水平,,2022M10,2022-11-27T09:30:00+08:00
2562,2022-12-07,499,2562,93.88777555110221,4,0.014960360064158046,-0.0045895985243641964,0.014960360064158,93.8877755511022,-0.0030366957694533,2021—2023,False,False,订单水平,,2022M10,2022-11-27T09:30:00+08:00
2563,2022-12-08,499,2563,93.7875751503006,4,0.014811341442053982,-0.00455885642676948,0.0148113414420539,93.7875751503006,-0.0062570800875277,2021—2023,False,False,订单水平,,2022M10,2022-11-27T09:30:00+08:00
2564,2022-12-09,499,2564,93.687374749499,4,0.014799909921655653,-0.004544772500371489,0.0147999099216556,93.687374749499,-0.0089413123639432,2021—2023,False,False,订单水平,,2022M10,2022-11-27T09:30:00+08:00
2565,2022-12-12,499,2565,93.58717434869739,4,0.01479949848144834,-0.00454349851692284,0.0147994984814483,93.5871743486974,-0.0211661793150003,2021—2023,False,False,订单水平,,2022M10,2022-11-27T09:30:00+08:00
2566,2022-12-13,499,2566,93.48697394789579,4,0.014624908844560199,-0.004571628788694034,0.0146249088445601,93.4869739478958,-0.0301659659921834,2021—2023,False,False,订单水平,,2022M10,2022-11-27T09:30:00+08:00
2567,2022-12-14,499,2567,93.38677354709418,4,0.014315976124771795,-0.004615456183894588,0.0143159761247717,93.38677354709418,-0.0278856873067734,2021—2023,False,False,订单水平,,2022M10,2022-11-27T09:30:00+08:00
2568,2022-12-15,499,2568,93.28657314629258,4,0.014056981021872913,-0.004628028074125681,0.0140569810218729,93.28657314629258,-0.0346371411594723,2021—2023,False,False,订单水平,,2022M10,2022-11-27T09:30:00+08:00
2569,2022-12-16,499,2569,93.18637274549097,4,0.013758244829087609,-0.004628962722163371,0.0137582448290876,93.18637274549096,-0.0357853382113755,2021—2023,False,False,订单水平,,2022M10,2022-11-27T09:30:00+08:00
2570,2022-12-19,499,2570,93.08617234468937,4,0.013429265739333538,-0.00465601431087575,0.0134292657393335,93.08617234468936,-0.0040890202541419,2021—2023,False,False,订单水平,,2022M10,2022-11-27T09:30:00+08:00
2571,2022-12-20,499,2571,92.98597194388776,4,0.012935045095700197,-0.004675522555384943,0.0129350450957001,92.98597194388776,0.0068766347494293,2021—2023,False,False,订单水平,,2022M10,2022-11-27T09:30:00+08:00
2572,2022-12-21,499,2572,92.88577154308616,4,0.012327988601504653,-0.004765233848236962,0.0123279886015046,92.88577154308616,-0.0020741703318672,2021—2023,False,False,订单水平,,2022M10,2022-11-27T09:30:00+08:00
2573,2022-12-22,499,2573,92.78557114228457,4,0.01176946532500079,-0.004875393636281206,0.0117694653250007,92.78557114228455,0.0107651383890885,2021—2023,False,False,订单水平,,2022M10,2022-11-27T09:30:00+08:00
2574,2022-12-23,499,2574,92.68537074148297,4,0.011133758386857323,-0.004992963352953605,0.0111337583868573,92.68537074148296,0.0092077190695369,2021—2023,False,False,订单水平,,2022M10,2022-11-27T09:30:00+08:00
2575,2022-12-26,499,2575,92.58517034068136,4,0.010499716540935258,-0.005086354088570983,0.0104997165409352,92.58517034068136,-0.0007996801279487,2021—2023,False,False,订单水平,,2022M10,2022-11-27T09:30:00+08:00
2576,2022-12-27,499,2576,92.48496993987976,4,0.010305200050334229,-0.005115623701545328,0.0103052000503342,92.48496993987976,0.006295833175733,2021—2023,False,False,订单水平,,2022M11,2022-12-27T09:30:00+08:00
2577,2022-12-28,499,2577,92.38476953907815,4,0.010260087349006533,-0.005076138356261305,0.0102600873490065,92.38476953907816,0.0251800375949542,2021—2023,False,False,订单水平,,2022M11,2022-12-27T09:30:00+08:00
2578,2022-12-29,499,2578,92.28456913827655,4,0.010099902184319859,-0.0050287493626790065,0.0100999021843198,92.28456913827657,0.0293715551079742,2021—2023,False,False,订单水平,,2022M11,2022-12-27T09:30:00+08:00
2579,2022-12-30,499,2579,92.18436873747494,4,0.010108430853611766,-0.00496182202554512,0.0101084308536117,92.18436873747494,0.03013217448367,2021—2023,False,False,订单水平,,2022M11,2022-12-27T09:30:00+08:00
2580,2023-01-03,499,2580,92.08416833667334,4,0.010097029438623477,-0.004867056303784577,0.0100970294386234,92.08416833667334,0.0295404105564252,2021—2023,False,False,订单水平,,2022M11,2022-12-27T09:30:00+08:00
2581,2023-01-04,499,2581,91.98396793587173,4,0.009960820569041325,-0.004824276571499131,0.0099608205690413,91.98396793587172,0.0240610466042285,2021—2023,False,False,订单水平,,2022M11,2022-12-27T09:30:00+08:00
2582,2023-01-05,499,2582,91.88376753507013,4,0.009915573811099247,-0.004775905121211396,0.0099155738110992,91.88376753507012,0.0113343510179568,2021—2023,False,False,订单水平,,2022M11,2022-12-27T09:30:00+08:00
2583,2023-01-06,499,2583,91.78356713426852,4,0.010101725808463332,-0.004723841558640449,0.0101017258084633,91.78356713426852,0.0173738858265048,2021—2023,False,False,订单水平,,2022M11,2022-12-27T09:30:00+08:00
2584,2023-01-09,499,2584,91.68336673346693,4,0.010333892426529729,-0.004686485904338142,0.0103338924265297,91.68336673346693,0.0308532614452374,2021—2023,False,False,订单水平,,2022M11,2022-12-27T09:30:00+08:00
2585,2023-01-10,499,2585,91.58316633266533,4,0.010569586260543305,-0.004661609682569929,0.0105695862605433,91.58316633266531,0.0293147807021239,2021—2023,False,False,订单水平,,2022M11,2022-12-27T09:30:00+08:00
2586,2023-01-11,499,2586,91.48296593186373,4,0.01079277242873015,-0.0046368295827318605,0.0107927724287301,91.48296593186372,0.0216934752517778,2021—2023,False,False,订单水平,,2022M11,2022-12-27T09:30:00+08:00
2587,2023-01-12,499,2587,91.38276553106212,4,0.010947054686584783,-0.004590195761967791,0.0109470546865847,91.38276553106212,0.0328874800836871,2021—2023,False,False,订单水平,,2022M11,2022-12-27T09:30:00+08:00
2588,2023-01-13,499,2588,91.28256513026052,4,0.010951506368554577,-0.004581809101691497,0.0109515063685545,91.28256513026052,0.0395103572263026,2021—2023,False,False,订单水平,,2022M11,2022-12-27T09:30:00+08:00
2589,2023-01-16,499,2589,91.18236472945893,4,0.011024487953304012,-0.004526528167980372,0.011024487953304,91.18236472945893,0.0124491187131705,2021—2023,False,False,订单水平,,2022M11,2022-12-27T09:30:00+08:00
2590,2023-01-17,499,2590,91.08216432865733,4,0.011247283161078547,-0.004478109509140289,0.0112472831610785,91.08216432865731,0.0011260251380056,2021—2023,False,False,订单水平,,2022M11,2022-12-27T09:30:00+08:00
2591,2023-01-18,499,2591,90.98196392785572,4,0.011448033133756828,-0.004428350475342634,0.0114480331337568,90.98196392785572,0.0163945086047014,2021—2023,False,False,订单水平,,2022M11,2022-12-27T09:30:00+08:00
2592,2023-01-19,499,2592,90.88176352705412,4,0.011560620409779038,-0.004406290166260926,0.011560620409779,90.88176352705412,-0.0077352496052799,2021—2023,False,False,订单水平,,2022M11,2022-12-27T09:30:00+08:00
2593,2023-01-20,499,2593,90.78156312625251,4,0.011792434101886733,-0.004378986605892883,0.0117924341018867,90.78156312625252,-0.0399242881979681,2021—2023,False,False,订单水平,,2022M11,2022-12-27T09:30:00+08:00
2594,2023-01-30,499,2594,90.68136272545091,4,0.012090476286020242,-0.004382891680643217,0.0120904762860202,90.68136272545092,-0.032106217565193,2021—2023,False,False,订单水平,,2022M11,2022-12-27T09:30:00+08:00
2595,2023-01-31,499,2595,20.140280561122246,1,-0.014791783662551353,-0.0044334167677639,-0.0186655416379785,6.513026052104208,-0.0204529365994065,2021—2023,True,False,订单水平、应收原可比同比_百分数、原成本范围同比_百分数,应收原可比同比_百分数、原成本范围同比_百分数,2022M12,2023-01-31T09:30:00+08:00
2596,2023-02-01,499,2596,61.32264529058116,3,-0.0018321679607493794,-0.004545170861921861,-0.0186655416379785,6.513026052104208,-0.0352384836414851,2021—2023,True,False,订单水平、产成品库存原可比同比_百分数、成交活跃度,产成品库存原可比同比_百分数,2022M12,2023-01-31T09:30:00+08:00
2597,2023-02-02,499,2597,61.22244488977956,3,-0.002206045715270663,-0.004654748989309036,-0.0186655416379785,6.513026052104208,-0.0094486850607196,2021—2023,True,False,订单水平、产成品库存原可比同比_百分数、成交活跃度,产成品库存原可比同比_百分数,2022M12,2023-01-31T09:30:00+08:00
2598,2023-02-03,499,2598,70.44088176352706,3,0.00032806119478014025,-0.004825941230693249,-0.0186655416379785,6.513026052104208,-0.0063940344018185,2021—2023,True,False,订单水平、产成品库存原可比同比_百分数、资金利率与政策利率差,产成品库存原可比同比_百分数,2022M12,2023-01-31T09:30:00+08:00
2599,2023-02-06,499,2599,13.126252505010019,0,-0.017867241948247334,-0.0050104148953219,-0.0186655416379785,6.513026052104208,0.0101912791471041,2021—2023,True,False,订单水平、利润原可比同比_百分数、指数趋势强度,利润原可比同比_百分数,2022M12,2023-01-31T09:30:00+08:00
2600,2023-02-07,499,2600,13.026052104208416,0,-0.018233718322532004,-0.005134424723526213,-0.0186655416379785,6.513026052104208,0.0087118679499151,2021—2023,True,False,订单水平、利润原可比同比_百分数、指数趋势强度,利润原可比同比_百分数,2022M12,2023-01-31T09:30:00+08:00
2601,2023-02-08,499,2601,13.026052104208416,0,-0.018702041023529434,-0.0052564326416217385,-0.0157833014734319,8.71743486973948,0.0097517967272815,2021—2023,True,False,订单水平、原收入范围同比_百分数、指数趋势强度,原收入范围同比_百分数,2022M12,2023-01-31T09:30:00+08:00
2602,2023-02-09,499,2602,13.026052104208416,0,-0.019168338904746503,-0.0053779130515580476,-0.016004383088978,8.817635270541082,-0.0136130401456644,2021—2023,True,False,订单水平、利润原可比同比_百分数、指数趋势强度,利润原可比同比_百分数,2022M12,2023-01-31T09:30:00+08:00
2603,2023-02-10,499,2603,13.026052104208416,0,-0.01912944861544562,-0.005367781312862426,-0.0159307235605706,8.917835671342687,-0.0169040076277181,2021—2023,True,False,订单水平、原收入范围同比_百分数、指数趋势强度,原收入范围同比_百分数,2022M12,2023-01-31T09:30:00+08:00
2604,2023-02-13,499,2604,13.026052104208416,0,-0.019088467394042928,-0.005357104842356717,-0.0158247603476956,9.01803607214429,-0.00489673884426,2021—2023,True,False,订单水平、库存周转同比变化_天、指数趋势强度,库存周转同比变化_天,2022M12,2023-01-31T09:30:00+08:00
2605,2023-02-14,499,2605,13.026052104208416,0,-0.019118513750308864,-0.00536493255040195,-0.0155388698037967,9.118236472945892,-0.0075477768371667,2021—2023,True,False,订单水平、原成本范围同比_百分数、指数趋势强度,原成本范围同比_百分数,2022M12,2023-01-31T09:30:00+08:00
2606,2023-02-15,499,2606,13.026052104208416,0,-0.018791433068661722,-0.005279721150373637,-0.010429587083965,39.17835671342685,-0.0073399004034749,2021—2023,True,False,订单水平、库存周转同比变化_天、指数趋势强度,库存周转同比变化_天,2022M12,2023-01-31T09:30:00+08:00
2607,2023-02-16,499,2607,13.026052104208416,0,-0.018570237315425328,-0.0052220950022358985,-0.0174463805881629,7.214428857715431,-6.6770357871615e-05,2021—2023,True,False,订单水平、利润原可比同比_百分数、指数趋势强度,利润原可比同比_百分数,2022M12,2023-01-31T09:30:00+08:00
2608,2023-02-17,499,2608,13.026052104208416,0,-0.018771342083981606,-0.005274487026108275,-0.0038045248395429,62.72545090180361,-0.0017892323140068,2021—2023,True,False,订单水平、库存周转同比变化_天、指数趋势强度,库存周转同比变化_天,2022M12,2023-01-31T09:30:00+08:00
2609,2023-02-20,499,2609,13.026052104208416,0,-0.019037479504476554,-0.0053438214242332105,-0.0151780810663788,20.741482965931866,-0.0218024411399972,2021—2023,True,False,订单水平、利润原可比同比_百分数、指数趋势强度,利润原可比同比_百分数,2022M12,2023-01-31T09:30:00+08:00
2610,2023-02-21,499,2610,13.026052104208416,0,-0.019176134014835616,-0.005379943841761624,-0.0151780810663788,20.741482965931866,-0.016775266637531,2021—2023,True,False,订单水平、库存周转同比变化_天、指数趋势强度,库存周转同比变化_天,2022M12,2023-01-31T09:30:00+08:00
2611,2023-02-22,499,2611,13.026052104208416,0,-0.01930854794710638,-0.0054144404573832645,-0.0151780810663788,20.741482965931866,-0.0015293785114968,2021—2023,True,False,订单水平、利润原可比同比_百分数、指数趋势强度,利润原可比同比_百分数,2022M12,2023-01-31T09:30:00+08:00
2612,2023-02-23,499,2612,13.026052104208416,0,-0.019309847410223978,-0.005414778994868817,-0.0151780810663788,20.741482965931866,0.0035838455258894,2021—2023,True,False,订单水平、库存周转同比变化_天、指数趋势强度,库存周转同比变化_天,2022M12,2023-01-31T09:30:00+08:00
2613,2023-02-24,499,2613,13.026052104208416,0,-0.019080381254897985,-0.0053549982329602385,-0.0149738741649124,20.641282565130258,0.017726901822707,2021—2023,True,False,订单水平、库存周转同比变化_天、指数趋势强度,库存周转同比变化_天,2022M12,2023-01-31T09:30:00+08:00
2614,2023-02-27,499,2614,13.026052104208416,0,-0.01877337135674237,-0.005275015694362582,-0.0037993698900773,62.3246492985972,0.006087963632863,2021—2023,True,False,订单水平、库存周转同比变化_天、指数趋势强度,库存周转同比变化_天,2022M12,2023-01-31T09:30:00+08:00
2615,2023-02-28,499,2615,13.026052104208416,0,-0.018662430592727645,-0.00524611329091185,-0.0037993698900773,62.3246492985972,-0.0123326897138983,2021—2023,True,False,订单水平、利润原可比同比_百分数、指数趋势强度,利润原可比同比_百分数,2022M12,2023-01-31T09:30:00+08:00
2616,2023-03-01,499,2616,13.026052104208416,0,-0.018749057686704214,-0.005268681471707349,-0.0037993698900773,62.3246492985972,-0.0221677550122113,2021—2023,True,False,订单水平、利润原可比同比_百分数、指数趋势强度,利润原可比同比_百分数,2022M12,2023-01-31T09:30:00+08:00
2617,2023-03-02,499,2617,13.026052104208416,0,-0.01873779664294559,-0.0052657477328524015,-0.0037993698900773,62.3246492985972,-0.0358720709247165,2021—2023,True,False,订单水平、库存周转同比变化_天、指数趋势强度,库存周转同比变化_天,2022M12,2023-01-31T09:30:00+08:00
2618,2023-03-03,499,2618,13.026052104208416,0,-0.018799213455842206,-0.00528174810494971,-0.0057846812613646,54.50901803607214,-0.0426548024857853,2021—2023,True,False,订单水平、利润原可比同比_百分数、指数趋势强度,利润原可比同比_百分数,2022M12,2023-01-31T09:30:00+08:00
2619,2023-03-06,499,2619,13.026052104208416,0,-0.018886395909529896,-0.0053044609686358855,-0.0058289536011279,54.50901803607214,-0.0261452492173861,2021—2023,True,False,订单水平、利润原可比同比_百分数、指数趋势强度,利润原可比同比_百分数,2022M12,2023-01-31T09:30:00+08:00
2620,2023-03-07,499,2620,11.823647294589177,0,-0.019670070692658387,-0.005343430648022503,-0.0059049140308698,54.50901803607214,-0.0092192119434754,2021—2023,True,False,订单水平、原收入范围同比_百分数、指数趋势强度,原收入范围同比_百分数,2022M12,2023-01-31T09:30:00+08:00
2621,2023-03-08,499,2621,11.823647294589177,0,-0.02008051740570062,-0.005440490191387198,-0.0060941043126627,54.50901803607214,-0.020848039283172,2021—2023,True,False,订单水平、库存周转同比变化_天、指数趋势强度,库存周转同比变化_天,2022M12,2023-01-31T09:30:00+08:00
2622,2023-03-09,499,2622,11.823647294589177,0,-0.020960281434767324,-0.005648530583030227,-0.0043772632239084,61.72344689378757,-0.0103063431612834,2021—2023,True,False,订单水平、库存周转同比变化_天、指数趋势强度,库存周转同比变化_天,2022M12,2023-01-31T09:30:00+08:00
2623,2023-03-10,499,2623,31.262525050100198,1,-0.009663049533856768,-0.005807779323885801,-7.529596857922636e-05,73.34669338677354,-0.0045797570001003,2021—2023,True,False,订单水平、库存周转同比变化_天、指数趋势强度,库存周转同比变化_天,2022M12,2023-01-31T09:30:00+08:00
2624,2023-03-13,499,2624,31.262525050100198,1,-0.00966304953385677,-0.005983334591887252,-0.0102791652302056,48.096192384769545,-0.0170204645414561,2021—2023,True,False,订单水平、利润原可比同比_百分数、指数趋势强度,利润原可比同比_百分数,2022M12,2023-01-31T09:30:00+08:00
2625,2023-03-14,499,2625,31.262525050100198,1,-0.009663049533856768,-0.0060208520957187395,-0.010364010599121,48.19639278557114,-0.0082731305383605,2021—2023,True,False,订单水平、库存周转同比变化_天、指数趋势强度,库存周转同比变化_天,2022M12,2023-01-31T09:30:00+08:00
2626,2023-03-15,499,2626,31.262525050100198,1,-0.009663049533856763,-0.005992151951784835,-0.0177848133494791,7.114228456913827,0.0022251442510785,2021—2023,True,False,订单水平、利润原可比同比_百分数、指数趋势强度,利润原可比同比_百分数,2022M12,2023-01-31T09:30:00+08:00
2627,2023-03-16,499,2627,31.262525050100198,1,-0.009663049533856768,-0.0058789992764592845,-0.0187443636121016,9.118236472945892,0.0128120295776745,2021—2023,True,False,订单水平、库存周转同比变化_天、指数趋势强度,库存周转同比变化_天,2022M12,2023-01-31T09:30:00+08:00
2628,2023-03-17,499,2628,9.418837675350701,0,-0.023065640209485552,-0.005770897262536626,-0.0100697323308578,33.366733466933866,0.0148522703096625,2021—2023,True,False,订单水平、库存周转同比变化_天、指数趋势强度,库存周转同比变化_天,2022M12,2023-01-31T09:30:00+08:00
2629,2023-03-20,499,2629,31.062124248496993,1,-0.009627243091063782,-0.005634628555929787,-0.0097336672272768,48.096192384769545,0.012870656145953,2021—2023,True,False,订单水平、库存周转同比变化_天、指数趋势强度,库存周转同比变化_天,2022M12,2023-01-31T09:30:00+08:00
2630,2023-03-21,499,2630,30.961923847695388,1,-0.00968638886266692,-0.005625328256661808,-0.009708716424402,48.096192384769545,0.0052120540603011,2021—2023,True,False,订单水平、库存周转同比变化_天、指数趋势强度,库存周转同比变化_天,2022M12,2023-01-31T09:30:00+08:00
2631,2023-03-22,499,2631,11.623246492985972,0,-0.02076434715011702,-0.005544730878920988,-0.0094924901260543,48.096192384769545,0.0017083528034569,2021—2023,True,False,订单水平、原成本范围同比_百分数、指数趋势强度,原成本范围同比_百分数,2022M12,2023-01-31T09:30:00+08:00
2632,2023-03-23,499,2632,9.01803607214429,0,-0.022307828037974146,-0.005504730031183659,-0.0094479345117635,48.19639278557114,0.0021770834863672,2021—2023,True,False,订单水平、库存周转同比变化_天、指数趋势强度,库存周转同比变化_天,2022M12,2023-01-31T09:30:00+08:00
2633,2023-03-24,499,2633,10.92184368737475,0,-0.020876131112075508,-0.005403591317234398,-0.0174547430541404,7.414829659318638,0.0029194277623936,2021—2023,True,False,订单水平、利润原可比同比_百分数、指数趋势强度,利润原可比同比_百分数,2022M12,2023-01-31T09:30:00+08:00
2634,2023-03-27,499,2634,10.92184368737475,0,-0.02057427856056173,-0.005337655589549025,-0.001169729804868,71.04208416833667,0.0151436807475962,2021—2023,True,False,订单水平、库存周转同比变化_天、指数趋势强度,库存周转同比变化_天,2023M02,2023-03-27T09:30:00+08:00
2635,2023-03-28,499,2635,10.821643286573146,0,-0.020110832915034686,-0.005170326803129317,0.0011709618449418,73.14629258517033,0.0133575205264651,2021—2023,True,False,订单水平、库存周转同比变化_天、指数趋势强度,库存周转同比变化_天,2023M02,2023-03-27T09:30:00+08:00
2636,2023-03-29,499,2636,32.46492985971944,1,-0.008004562707774145,-0.00504276306079105,-0.005251740310612,56.01202404809619,0.0194240145021451,2021—2023,True,False,订单水平、库存周转同比变化_天、指数趋势强度,库存周转同比变化_天,2023M02,2023-03-27T09:30:00+08:00
2637,2023-03-30,499,2637,64.42885771543085,3,-0.0014543162891540867,-0.004894020088298696,-0.009265773406699,39.37875751503006,0.0172105972425846,2021—2023,True,False,订单水平、产成品库存原可比同比_百分数、成交活跃度,产成品库存原可比同比_百分数,2023M02,2023-03-27T09:30:00+08:00
2638,2023-03-31,499,2638,64.42885771543085,3,-0.0013510359280064534,-0.004861525064851446,-0.0092117976666373,39.278557114228455,0.0102888560975116,2021—2023,True,False,订单水平、产成品库存原可比同比_百分数、成交活跃度,产成品库存原可比同比_百分数,2023M02,2023-03-27T09:30:00+08:00
2639,2023-04-03,499,2639,64.52905811623246,3,-0.0011203834395559426,-0.0047808592294031884,-0.0090785226597196,39.17835671342685,-6.58732834893927e-05,2021—2023,True,False,订单水平、产成品库存原可比同比_百分数、成交活跃度,产成品库存原可比同比_百分数,2023M02,2023-03-27T09:30:00+08:00
2640,2023-04-04,499,2640,64.52905811623246,3,-0.0009589573203597498,-0.004730393348452075,-0.0019901761703915,69.83967935871745,-0.0047085322350277,2021—2023,True,False,订单水平、产成品库存原可比同比_百分数、成交活跃度,产成品库存原可比同比_百分数,2023M02,2023-03-27T09:30:00+08:00
2641,2023-04-06,499,2641,24.248496993987978,1,-0.009935251402285098,-0.004705992868053845,-0.0129305730224857,24.148296593186373,-0.0064145365552777,2021—2023,True,False,订单水平、产成品库存原可比同比_百分数、成交活跃度,产成品库存原可比同比_百分数,2023M02,2023-03-27T09:30:00+08:00
2642,2023-04-07,499,2642,24.248496993987978,1,-0.009935251402285095,-0.004694127084415561,-0.0129305730224857,24.148296593186373,-0.0145800861847373,2021—2023,True,False,订单水平、产成品库存原可比同比_百分数、成交活跃度,产成品库存原可比同比_百分数,2023M02,2023-03-27T09:30:00+08:00
2643,2023-04-10,499,2643,64.52905811623246,3,-0.0006218060559491367,-0.004624991349958978,-0.0090992388144818,37.4749498997996,0.006250638430759,2021—2023,True,False,订单水平、产成品库存原可比同比_百分数、成交活跃度,产成品库存原可比同比_百分数,2023M02,2023-03-27T09:30:00+08:00
2644,2023-04-11,499,2644,64.42885771543085,3,-0.0005523113925512976,-0.00455040404010034,-0.0102928034769745,28.75751503006012,0.0116354629451294,2021—2023,True,False,订单水平、产成品库存原可比同比_百分数、成交活跃度,产成品库存原可比同比_百分数,2023M02,2023-03-27T09:30:00+08:00
2645,2023-04-12,499,2645,24.048096192384772,1,-0.009844954585419714,-0.004546950120156573,-0.0101765883611394,28.857715430861724,0.0062955229269705,2021—2023,True,False,订单水平、产成品库存原可比同比_百分数、成交活跃度,产成品库存原可比同比_百分数,2023M02,2023-03-27T09:30:00+08:00
2646,2023-04-13,499,2646,23.947895791583168,1,-0.009771435872802464,-0.004522365475919569,-0.0101151495282618,28.95791583166333,0.0036085565773691,2021—2023,True,False,订单水平、产成品库存原可比同比_百分数、成交活跃度,产成品库存原可比同比_百分数,2023M02,2023-03-27T09:30:00+08:00
2647,2023-04-14,499,2647,25.450901803607216,1,-0.008895255581373331,-0.004450216762237458,-0.0100740316063397,29.058116232464933,-0.0159613100427962,2021—2023,True,False,订单水平、产成品库存原可比同比_百分数、指数趋势强度,产成品库存原可比同比_百分数,2023M02,2023-03-27T09:30:00+08:00
2648,2023-04-17,499,2648,25.551102204408814,1,-0.008945563816801332,-0.004425386976400873,-0.0101235486896188,29.158316633266534,-0.0424631304383524,2021—2023,True,False,订单水平、产成品库存原可比同比_百分数、指数趋势强度,产成品库存原可比同比_百分数,2023M02,2023-03-27T09:30:00+08:00
2649,2023-04-18,499,2649,25.651302605210425,1,-0.00881226379708589,-0.004426876844008677,-0.0099455683948321,29.258517034068134,-0.0500509582173381,2021—2023,True,False,订单水平、产成品库存原可比同比_百分数、指数趋势强度,产成品库存原可比同比_百分数,2023M02,2023-03-27T09:30:00+08:00
2650,2023-04-19,499,2650,23.747494989979963,1,-0.009489267685092445,-0.004393638119298436,-0.0097135142944024,29.358717434869742,-0.044179951109539,2021—2023,True,False,订单水平、产成品库存原可比同比_百分数、成交活跃度,产成品库存原可比同比_百分数,2023M02,2023-03-27T09:30:00+08:00
2651,2023-04-20,499,2651,64.12825651302605,3,-0.0005600725759900164,-0.00441310684967569,-0.0095432053877921,29.458917835671343,-0.0287714514972978,2021—2023,True,False,订单水平、产成品库存原可比同比_百分数、成交活跃度,产成品库存原可比同比_百分数,2023M02,2023-03-27T09:30:00+08:00
2652,2023-04-21,499,2652,64.22845691382766,3,-0.0007364346277753764,-0.004460948406951267,0.0001231603848991,73.14629258517033,-0.0072397416838916,2021—2023,True,False,订单水平、产成品库存原可比同比_百分数、成交活跃度,产成品库存原可比同比_百分数,2023M02,2023-03-27T09:30:00+08:00
2653,2023-04-24,499,2653,65.13026052104209,3,-0.0005401175103982414,-0.004559628402780037,-0.0001033814521106,73.04609218436873,0.0084800417182524,2021—2023,True,False,订单水平、产成品库存原可比同比_百分数、成交活跃度,产成品库存原可比同比_百分数,2023M02,2023-03-27T09:30:00+08:00
2654,2023-04-25,499,2654,66.43286573146293,3,-0.0005915229038569006,-0.004689109032867377,-0.0006917112991417,72.94589178356713,0.0115579210012108,2021—2023,True,False,订单水平、产成品库存原可比同比_百分数、指数趋势强度,产成品库存原可比同比_百分数,2023M02,2023-03-27T09:30:00+08:00
2655,2023-04-26,499,2655,64.22845691382766,3,-0.0013452524752892623,-0.004821936390614205,-0.0013678653665143,72.84569138276554,0.0249893969537691,2021—2023,True,False,订单水平、产成品库存原可比同比_百分数、成交活跃度,产成品库存原可比同比_百分数,2023M02,2023-03-27T09:30:00+08:00
2656,2023-04-27,499,2656,23.947895791583168,1,-0.010469471710954616,-0.0049033621206544,-0.0161925581136671,10.32064128256513,0.0019474339731737,2021—2023,True,False,订单水平、产成品库存原可比同比_百分数、成交活跃度,产成品库存原可比同比_百分数,2023M03,2023-04-27T09:30:00+08:00
2657,2023-04-28,499,2657,64.12825651302605,3,-0.001516666219176816,-0.004970098325307163,-0.0163957196110995,10.220440881763528,-0.0067680244975181,2021—2023,True,False,订单水平、产成品库存原可比同比_百分数、成交活跃度,产成品库存原可比同比_百分数,2023M03,2023-04-27T09:30:00+08:00
2658,2023-05-04,499,2658,66.83366733466933,3,-0.0005630274085195035,-0.0049377785920111964,-0.0074440572039689,53.206412825651306,-0.0139372680597817,2021—2023,True,False,订单水平、产成品库存原可比同比_百分数、指数趋势强度,产成品库存原可比同比_百分数,2023M03,2023-04-27T09:30:00+08:00
2659,2023-05-05,499,2659,66.83366733466933,3,-0.00014800642939033533,-0.004827161777934684,-0.0081858534647133,41.28256513026052,-0.0234127686900869,2021—2023,True,False,订单水平、产成品库存原可比同比_百分数、指数趋势强度,产成品库存原可比同比_百分数,2023M03,2023-04-27T09:30:00+08:00
2660,2023-05-08,499,2660,66.73346693386773,3,-6.0648761997788875e-05,-0.0047257108343588886,-0.0081858534647133,41.28256513026052,-0.0189937804405796,2021—2023,True,False,订单水平、产成品库存原可比同比_百分数、指数趋势强度,产成品库存原可比同比_百分数,2023M03,2023-04-27T09:30:00+08:00
2661,2023-05-09,499,2661,66.63326653306612,3,0.0001249071321930771,-0.004622069907000807,-0.0081858534647133,41.28256513026052,-0.0144635333335587,2021—2023,True,False,订单水平、产成品库存原可比同比_百分数、指数趋势强度,产成品库存原可比同比_百分数,2023M03,2023-04-27T09:30:00+08:00
2662,2023-05-10,499,2662,66.53306613226452,3,0.00013830806484734683,-0.004558859590641361,-0.0081858534647133,41.28256513026052,-0.0127840917605971,2021—2023,True,False,订单水平、产成品库存原可比同比_百分数、指数趋势强度,产成品库存原可比同比_百分数,2023M03,2023-04-27T09:30:00+08:00
2663,2023-05-11,499,2663,66.53306613226452,3,0.00020830846826890015,-0.0045397813243781724,-0.0081858534647133,41.28256513026052,-0.0133335526802826,2021—2023,True,False,订单水平、产成品库存原可比同比_百分数、指数趋势强度,产成品库存原可比同比_百分数,2023M03,2023-04-27T09:30:00+08:00
2664,2023-05-12,499,2664,66.53306613226452,3,-5.7462312316008795e-05,-0.00461221584573999,-0.0082097182555642,41.38276553106213,-0.0005459471874024,2021—2023,True,False,订单水平、产成品库存原可比同比_百分数、指数趋势强度,产成品库存原可比同比_百分数,2023M03,2023-04-27T09:30:00+08:00
2665,2023-05-15,499,2665,66.53306613226452,3,-0.0003512006791999088,-0.004692272795431796,-0.0083062171737673,41.28256513026052,-0.0095470566150727,2021—2023,True,False,订单水平、产成品库存原可比同比_百分数、指数趋势强度,产成品库存原可比同比_百分数,2023M03,2023-04-27T09:30:00+08:00
2666,2023-05-16,499,2666,66.53306613226452,3,-0.0006773510103941195,-0.004781163466859476,-0.0083498398809788,41.38276553106213,-0.0201552586512564,2021—2023,True,False,订单水平、产成品库存原可比同比_百分数、指数趋势强度,产成品库存原可比同比_百分数,2023M03,2023-04-27T09:30:00+08:00
2667,2023-05-17,499,2667,66.53306613226452,3,-0.000942108148284643,-0.004853321724881743,-0.0083746922933877,41.48296593186373,-0.0305588012144963,2021—2023,True,False,订单水平、产成品库存原可比同比_百分数、指数趋势强度,产成品库存原可比同比_百分数,2023M03,2023-04-27T09:30:00+08:00
2668,2023-05-18,499,2668,66.53306613226452,3,-0.001298121262177178,-0.004950351351112975,-0.008392544113093,41.583166332665336,-0.0274011085221083,2021—2023,True,False,订单水平、产成品库存原可比同比_百分数、指数趋势强度,产成品库存原可比同比_百分数,2023M03,2023-04-27T09:30:00+08:00
2669,2023-05-19,499,2669,66.43286573146293,3,-0.0013859711265429117,-0.004974286110522905,-0.0084124675347349,41.68336673346693,-0.0243430370441131,2021—2023,True,False,订单水平、产成品库存原可比同比_百分数、指数趋势强度,产成品库存原可比同比_百分数,2023M03,2023-04-27T09:30:00+08:00
2670,2023-05-22,499,2670,66.33266533066133,3,-0.00137988399654914,-0.004977738864967208,-0.0083808750835408,41.78356713426854,-0.0382917092543491,2021—2023,True,False,订单水平、产成品库存原可比同比_百分数、指数趋势强度,产成品库存原可比同比_百分数,2023M03,2023-04-27T09:30:00+08:00
2671,2023-05-23,499,2671,66.23246492985972,3,-0.001438640634092475,-0.005001150032914154,-0.0083855398096669,41.883767535070135,-0.0217762357422623,2021—2023,True,False,订单水平、产成品库存原可比同比_百分数、指数趋势强度,产成品库存原可比同比_百分数,2023M03,2023-04-27T09:30:00+08:00
2672,2023-05-24,499,2672,66.13226452905812,3,-0.0015723307627865033,-0.005066705736300232,-0.0084324311197927,41.98396793587174,-0.0155853546431895,2021—2023,True,False,订单水平、产成品库存原可比同比_百分数、指数趋势强度,产成品库存原可比同比_百分数,2023M03,2023-04-27T09:30:00+08:00
2673,2023-05-25,499,2673,66.03206412825651,3,-0.0017779085674085593,-0.0051053756571659056,-0.0085202341757241,42.08416833667334,-0.0062541138990204,2021—2023,True,False,订单水平、产成品库存原可比同比_百分数、指数趋势强度,产成品库存原可比同比_百分数,2023M03,2023-04-27T09:30:00+08:00
2674,2023-05-26,499,2674,64.02805611222445,3,-0.0024317296534882827,-0.005151204656389334,-0.0085948621375675,42.18436873747495,-0.003128215311493,2021—2023,True,False,订单水平、产成品库存原可比同比_百分数、指数趋势强度,产成品库存原可比同比_百分数,2023M03,2023-04-27T09:30:00+08:00
2675,2023-05-29,499,2675,63.92785571142284,3,-0.0025669846373810286,-0.005167227562076018,-0.0081534094705831,45.29058116232465,0.0023309736157755,2021—2023,True,False,订单水平、产成品库存原可比同比_百分数、指数趋势强度,产成品库存原可比同比_百分数,2023M04,2023-05-27T09:30:00+08:00
2676,2023-05-30,499,2676,60.52104208416834,3,-0.003429275835379843,-0.005175277016074372,-0.0082873574696221,45.390781563126254,-0.0049717065157236,2021—2023,True,False,订单水平、产成品库存原可比同比_百分数、指数趋势强度,产成品库存原可比同比_百分数,2023M04,2023-05-27T09:30:00+08:00
2677,2023-05-31,499,2677,90.08016032064128,4,0.010854729208962818,-0.005155695764156757,0.0108547292089628,90.08016032064128,-0.0036898204168239,2021—2023,False,False,订单水平,,2023M04,2023-05-27T09:30:00+08:00
2678,2023-06-01,499,2678,90.08016032064128,4,0.010854729208962818,-0.005144221277180416,0.0108547292089628,90.08016032064128,-0.0031452207849256,2021—2023,False,False,订单水平,,2023M04,2023-05-27T09:30:00+08:00
2679,2023-06-02,499,2679,90.08016032064128,4,0.010854729208962818,-0.0051295256320336895,0.0108547292089628,90.08016032064128,-0.0072695086689489,2021—2023,False,False,订单水平,,2023M04,2023-05-27T09:30:00+08:00
2680,2023-06-05,499,2680,90.08016032064128,4,0.010854729208962818,-0.005176957979961428,0.0108547292089628,90.08016032064128,-0.0044331358365744,2021—2023,False,False,订单水平,,2023M04,2023-05-27T09:30:00+08:00
2681,2023-06-06,499,2681,90.08016032064128,4,0.010854729208962813,-0.0052596888722681355,0.0108547292089628,90.08016032064128,0.012526474765742,2021—2023,False,False,订单水平,,2023M04,2023-05-27T09:30:00+08:00
2682,2023-06-07,499,2682,90.08016032064128,4,0.010854729208962816,-0.0053294780209746815,0.0108547292089628,90.08016032064128,0.0207620109850796,2021—2023,False,False,订单水平,,2023M04,2023-05-27T09:30:00+08:00
2683,2023-06-08,499,2683,23.647294589178358,1,-0.010261368188913293,-0.005392686529027151,-0.0099633421746136,39.87975951903808,0.028396885440971,2021—2023,True,False,订单水平、产成品库存原可比同比_百分数、成交活跃度,产成品库存原可比同比_百分数,2023M04,2023-05-27T09:30:00+08:00
2684,2023-06-09,499,2684,29.659318637274545,1,-0.008762856918079725,-0.005463124555944834,-0.0099633421746136,39.87975951903808,0.0332521517927688,2021—2023,True,False,订单水平、产成品库存原可比同比_百分数、应收平均回收期_天,产成品库存原可比同比_百分数、应收平均回收期_天,2023M04,2023-05-27T09:30:00+08:00
2685,2023-06-12,499,2685,29.659318637274545,1,-0.008804868791722577,-0.005476090144203351,-0.0099914718639223,39.87975951903808,0.0233745211592784,2021—2023,True,False,订单水平、产成品库存原可比同比_百分数、应收平均回收期_天,产成品库存原可比同比_百分数、应收平均回收期_天,2023M04,2023-05-27T09:30:00+08:00
2686,2023-06-13,499,2686,29.659318637274545,1,-0.008768628066158423,-0.005464905631704594,-0.0014087654832934,71.54308617234469,0.0115520106662458,2021—2023,True,False,订单水平、产成品库存原可比同比_百分数、应收平均回收期_天,产成品库存原可比同比_百分数、应收平均回收期_天,2023M04,2023-05-27T09:30:00+08:00
2687,2023-06-14,499,2687,29.659318637274545,1,-0.008856000418775526,-0.005491870245538329,-0.0014087654832934,71.54308617234469,-0.0079918675203438,2021—2023,True,False,订单水平、产成品库存原可比同比_百分数、应收平均回收期_天,产成品库存原可比同比_百分数、应收平均回收期_天,2023M04,2023-05-27T09:30:00+08:00
2688,2023-06-15,499,2688,89.47895791583167,4,0.010374942778389214,-0.005501253557128422,0.0103749427783892,89.47895791583167,-0.0298682449610592,2021—2023,False,False,订单水平,,2023M04,2023-05-27T09:30:00+08:00
2689,2023-06-16,499,2689,89.37875751503006,4,0.010544961105394704,-0.005495468669331449,0.0105449611053947,89.37875751503006,-0.0319070965638349,2021—2023,False,False,订单水平,,2023M04,2023-05-27T09:30:00+08:00
2690,2023-06-19,499,2690,89.27855711422845,4,0.010757177840790727,-0.005498117027831099,0.0107571778407907,89.27855711422845,-0.0190360357758037,2021—2023,False,False,订单水平,,2023M04,2023-05-27T09:30:00+08:00
2691,2023-06-20,499,2691,89.17835671342685,4,0.010874005093739684,-0.005510878943260375,0.0108740050937396,89.17835671342685,-0.0223615047507272,2021—2023,False,False,订单水平,,2023M04,2023-05-27T09:30:00+08:00
2692,2023-06-21,499,2692,89.07815631262525,4,0.010880225328349835,-0.005489127600511305,0.0108802253283498,89.07815631262525,0.0033313806260439,2021—2023,False,False,订单水平,,2023M04,2023-05-27T09:30:00+08:00
2693,2023-06-26,499,2693,88.97795591182364,4,0.010708660847907156,-0.005491509826403566,0.0107086608479071,88.97795591182364,0.0186855055169818,2021—2023,False,False,订单水平,,2023M04,2023-05-27T09:30:00+08:00
2694,2023-06-27,499,2694,88.87775551102204,4,0.010343103137916474,-0.005509356178465172,0.0103431031379164,88.87775551102204,0.0139286411114374,2021—2023,False,False,订单水平,,2023M04,2023-05-27T09:30:00+08:00
2695,2023-06-28,499,2695,88.77755511022045,4,0.00996586921200798,-0.0055544303387712905,0.0099658692120079,88.77755511022045,0.0030622123734891,2021—2023,False,False,订单水平,,2023M05,2023-06-28T09:30:00+08:00
2696,2023-06-29,499,2696,88.67735470941884,4,0.00970921518556717,-0.005569973200066484,0.0097092151855671,88.67735470941884,0.0015288550555958,2021—2023,False,False,订单水平,,2023M05,2023-06-28T09:30:00+08:00
2697,2023-06-30,499,2697,24.048096192384772,1,-0.01197101573999247,-0.00556459026803511,-0.0142526770658759,25.651302605210425,-0.0038788798810214,2021—2023,True,False,订单水平、产成品库存原可比同比_百分数、指数趋势强度,产成品库存原可比同比_百分数,2023M05,2023-06-28T09:30:00+08:00
2698,2023-07-03,499,2698,28.0561122244489,1,-0.010055140862896541,-0.005532536326562785,-0.0104996724519035,38.877755511022045,-0.0099549897526355,2021—2023,True,False,订单水平、产成品库存原可比同比_百分数、应收平均回收期_天,产成品库存原可比同比_百分数、应收平均回收期_天,2023M05,2023-06-28T09:30:00+08:00
2699,2023-07-04,499,2699,27.955911823647295,1,-0.010165715793651966,-0.005505298088353596,-0.0104996724519035,38.877755511022045,-0.006390322812889,2021—2023,True,False,订单水平、产成品库存原可比同比_百分数、应收平均回收期_天,产成品库存原可比同比_百分数、应收平均回收期_天,2023M05,2023-06-28T09:30:00+08:00
2700,2023-07-05,499,2700,27.85571142284569,1,-0.010141723280630649,-0.0054504737623496105,-0.0104996724519035,38.877755511022045,-0.0002877947181784,2021—2023,True,False,订单水平、产成品库存原可比同比_百分数、应收平均回收期_天,产成品库存原可比同比_百分数、应收平均回收期_天,2023M05,2023-06-28T09:30:00+08:00
2701,2023-07-06,499,2701,27.75551102204409,1,-0.010034797638955513,-0.005395085190645677,-0.0104996724519035,38.877755511022045,0.0190349227671653,2021—2023,True,False,订单水平、产成品库存原可比同比_百分数、应收平均回收期_天,产成品库存原可比同比_百分数、应收平均回收期_天,2023M05,2023-06-28T09:30:00+08:00
2702,2023-07-07,499,2702,27.655310621242485,1,-0.00989733653959269,-0.005334998136519086,-0.0104996724519035,38.877755511022045,0.012557239315071,2021—2023,True,False,订单水平、产成品库存原可比同比_百分数、应收平均回收期_天,产成品库存原可比同比_百分数、应收平均回收期_天,2023M05,2023-06-28T09:30:00+08:00
2703,2023-07-10,499,2703,27.655310621242485,1,-0.00972024002823952,-0.005287441157518434,-0.0006926388109918,68.6372745490982,0.0043231105404544,2021—2023,True,False,订单水平、产成品库存原可比同比_百分数、应收平均回收期_天,产成品库存原可比同比_百分数、应收平均回收期_天,2023M05,2023-06-28T09:30:00+08:00
2704,2023-07-11,499,2704,29.859719438877754,1,-0.008986726405509921,-0.005231345392743526,-0.0104673955362722,39.07815631262525,-0.0038600180142338,2021—2023,True,False,订单水平、产成品库存原可比同比_百分数、资金利率与政策利率差,产成品库存原可比同比_百分数,2023M05,2023-06-28T09:30:00+08:00
2705,2023-07-12,499,2705,29.859719438877754,1,-0.008885816891667293,-0.005199798530700539,-0.0104491126989476,39.17835671342685,0.0004767638167011,2021—2023,True,False,订单水平、产成品库存原可比同比_百分数、资金利率与政策利率差,产成品库存原可比同比_百分数,2023M05,2023-06-28T09:30:00+08:00
2706,2023-07-13,499,2706,29.859719438877754,1,-0.008839266021001374,-0.005185245553097566,-0.0104037496722478,39.278557114228455,-0.0209651759881315,2021—2023,True,False,订单水平、产成品库存原可比同比_百分数、资金利率与政策利率差,产成品库存原可比同比_百分数,2023M05,2023-06-28T09:30:00+08:00
2707,2023-07-14,499,2707,27.655310621242485,1,-0.00929096246195599,-0.005172164215871153,-0.0103746086576229,39.278557114228455,-0.0220484970568735,2021—2023,True,False,订单水平、产成品库存原可比同比_百分数、应收平均回收期_天,产成品库存原可比同比_百分数、应收平均回收期_天,2023M05,2023-06-28T09:30:00+08:00
2708,2023-07-17,499,2708,27.655310621242485,1,-0.009280019785240963,-0.005169225701482749,-0.010368062592088,39.278557114228455,-0.0041057641590855,2021—2023,True,False,订单水平、产成品库存原可比同比_百分数、应收平均回收期_天,产成品库存原可比同比_百分数、应收平均回收期_天,2023M05,2023-06-28T09:30:00+08:00
2709,2023-07-18,499,2709,27.655310621242485,1,-0.009472169662168755,-0.005220825067230894,-0.010368062592088,39.278557114228455,0.0150282247857116,2021—2023,True,False,订单水平、产成品库存原可比同比_百分数、应收平均回收期_天,产成品库存原可比同比_百分数、应收平均回收期_天,2023M05,2023-06-28T09:30:00+08:00
2710,2023-07-19,499,2710,27.655310621242485,1,-0.009679035071886449,-0.005276376099098974,-0.0103143994902759,39.67935871743487,0.012940278434081,2021—2023,True,False,订单水平、产成品库存原可比同比_百分数、应收平均回收期_天,产成品库存原可比同比_百分数、应收平均回收期_天,2023M05,2023-06-28T09:30:00+08:00
2711,2023-07-20,499,2711,27.655310621242485,1,-0.009759140345198395,-0.005297887334818012,-0.000125737973382,69.3386773547094,0.0138340347314311,2021—2023,True,False,订单水平、产成品库存原可比同比_百分数、应收平均回收期_天,产成品库存原可比同比_百分数、应收平均回收期_天,2023M05,2023-06-28T09:30:00+08:00
2712,2023-07-21,499,2712,27.655310621242485,1,-0.010026095418617277,-0.005369574669162962,-0.00034861173194,69.43887775551102,0.0562016804016649,2021—2023,True,False,订单水平、产成品库存原可比同比_百分数、应收平均回收期_天,产成品库存原可比同比_百分数、应收平均回收期_天,2023M05,2023-06-28T09:30:00+08:00
2713,2023-07-24,499,2713,27.655310621242485,1,-0.010206182582353647,-0.005417934749204393,-0.0003854571049057,69.53907815631261,0.0376506889598899,2021—2023,True,False,订单水平、产成品库存原可比同比_百分数、应收平均回收期_天,产成品库存原可比同比_百分数、应收平均回收期_天,2023M05,2023-06-28T09:30:00+08:00
2714,2023-07-25,499,2714,27.655310621242485,1,-0.00998107452791046,-0.005357484890897003,-0.0104308944918216,39.97995991983968,0.0167565503918913,2021—2023,True,False,订单水平、产成品库存原可比同比_百分数、应收平均回收期_天,产成品库存原可比同比_百分数、应收平均回收期_天,2023M05,2023-06-28T09:30:00+08:00
2715,2023-07-26,499,2715,27.655310621242485,1,-0.009621688300814881,-0.005260976364983561,-0.0103211569087288,40.08016032064128,0.0084684100789367,2021—2023,True,False,订单水平、产成品库存原可比同比_百分数、应收平均回收期_天,产成品库存原可比同比_百分数、应收平均回收期_天,2023M05,2023-06-28T09:30:00+08:00
2716,2023-07-27,499,2716,45.09018036072144,2,-0.00862615399235945,-0.005182539251559649,-0.0101524494966661,40.08016032064128,0.0378350555153221,2021—2023,True,False,订单水平、产成品库存原可比同比_百分数、资金利率与政策利率差,产成品库存原可比同比_百分数,2023M06,2023-07-27T09:30:00+08:00
2717,2023-07-28,499,2717,45.190380761523045,2,-0.008488361423501841,-0.005116798901205451,-0.0101142765503517,39.97995991983968,-0.0090756389283508,2021—2023,True,False,订单水平、产成品库存原可比同比_百分数、资金利率与政策利率差,产成品库存原可比同比_百分数,2023M06,2023-07-27T09:30:00+08:00
2718,2023-07-31,499,2718,45.29058116232465,2,-0.00809390994895814,-0.004959653555806106,-0.0100616697225158,39.87975951903808,-0.0110729759503785,2021—2023,True,False,订单水平、产成品库存原可比同比_百分数、资金利率与政策利率差,产成品库存原可比同比_百分数,2023M06,2023-07-27T09:30:00+08:00
2719,2023-08-01,499,2719,46.49298597194389,2,-0.0076668042869278315,-0.004892377988314864,-0.0101234245282113,39.77955911823648,-0.0084215329616185,2021—2023,True,False,订单水平、产成品库存原可比同比_百分数、短长波动比,产成品库存原可比同比_百分数,2023M06,2023-07-27T09:30:00+08:00
2720,2023-08-02,499,2720,46.49298597194389,2,-0.0076191075818384585,-0.004875555102351476,-0.0100065550720369,39.67935871743487,-0.001542395925673,2021—2023,True,False,订单水平、产成品库存原可比同比_百分数、短长波动比,产成品库存原可比同比_百分数,2023M06,2023-07-27T09:30:00+08:00
2721,2023-08-03,499,2721,39.078156312625254,1,-0.009769660699540949,-0.0048859737540250595,-0.0107621522494285,33.86773547094188,-0.0202016280866296,2021—2023,True,False,订单水平、产成品库存原可比同比_百分数、资金利率与政策利率差,产成品库存原可比同比_百分数,2023M06,2023-07-27T09:30:00+08:00
2722,2023-08-04,499,2722,38.97795591182365,1,-0.009738669397132638,-0.00478156803245378,-0.0107457144686805,33.76753507014028,-0.0414434569225485,2021—2023,True,False,订单水平、产成品库存原可比同比_百分数、资金利率与政策利率差,产成品库存原可比同比_百分数,2023M06,2023-07-27T09:30:00+08:00
2723,2023-08-07,499,2723,38.877755511022045,1,-0.00989279498881276,-0.004824716438732651,-0.0108551537624234,33.66733466933868,-0.0328490365511826,2021—2023,True,False,订单水平、产成品库存原可比同比_百分数、资金利率与政策利率差,产成品库存原可比同比_百分数,2023M06,2023-07-27T09:30:00+08:00
2724,2023-08-08,499,2724,38.877755511022045,1,-0.00994395047710898,-0.004839478743972442,-0.0108899008865491,33.66733466933868,-0.036635457120639,2021—2023,True,False,订单水平、产成品库存原可比同比_百分数、资金利率与政策利率差,产成品库存原可比同比_百分数,2023M06,2023-07-27T09:30:00+08:00
2725,2023-08-09,499,2725,38.77755511022044,1,-0.009939167753203852,-0.00483505720683031,-0.0108794935892193,33.66733466933868,-0.0442968990983868,2021—2023,True,False,订单水平、产成品库存原可比同比_百分数、资金利率与政策利率差,产成品库存原可比同比_百分数,2023M06,2023-07-27T09:30:00+08:00
2726,2023-08-10,499,2726,38.77755511022044,1,-0.00991343785610576,-0.004827683709265127,0.0005974046608783,73.84769539078157,-0.0378070993824691,2021—2023,True,False,订单水平、产成品库存原可比同比_百分数、资金利率与政策利率差,产成品库存原可比同比_百分数,2023M06,2023-07-27T09:30:00+08:00
2727,2023-08-11,499,2727,38.77755511022044,1,-0.010133449027622718,-0.004890733002906258,-0.0110105418073414,33.66733466933868,-0.0221947417821044,2021—2023,True,False,订单水平、产成品库存原可比同比_百分数、资金利率与政策利率差,产成品库存原可比同比_百分数,2023M06,2023-07-27T09:30:00+08:00
2728,2023-08-14,499,2728,19.839679358717436,0,-0.014013068267811096,-0.004971414189079196,-0.0112004470521542,33.66733466933868,-0.0305392978906123,2021—2023,True,False,订单水平、产成品库存原可比同比_百分数、产成品库存周转_天,产成品库存原可比同比_百分数、产成品库存周转_天,2023M06,2023-07-27T09:30:00+08:00
2729,2023-08-15,499,2729,19.839679358717436,0,-0.014388519793324289,-0.005027092371219428,-0.0106545873573894,37.27454909819639,-0.0263808455112579,2021—2023,True,False,订单水平、产成品库存原可比同比_百分数、产成品库存周转_天,产成品库存原可比同比_百分数、产成品库存周转_天,2023M06,2023-07-27T09:30:00+08:00
2730,2023-08-16,499,2730,19.839679358717436,0,-0.014421472318472111,-0.005031979118435738,-0.0105245189435645,37.37474949899799,-0.0276169274225793,2021—2023,True,False,订单水平、产成品库存原可比同比_百分数、产成品库存周转_天,产成品库存原可比同比_百分数、产成品库存周转_天,2023M06,2023-07-27T09:30:00+08:00
2731,2023-08-17,499,2731,19.839679358717436,0,-0.013999043048062003,-0.004969334296771714,-0.0103518130540046,37.37474949899799,-0.0355722603486753,2021—2023,True,False,订单水平、产成品库存原可比同比_百分数、产成品库存周转_天,产成品库存原可比同比_百分数、产成品库存周转_天,2023M06,2023-07-27T09:30:00+08:00
2732,2023-08-18,499,2732,16.93386773547094,0,-0.017435757720707722,-0.004921685424025595,-2.038515908268461e-05,61.523046092184366,0.0404981755673088,2021—2023,True,False,订单水平、原收入范围同比_百分数、订单水平,原收入范围同比_百分数,2023M06,2023-07-27T09:30:00+08:00
2733,2023-08-21,499,2733,17.034068136272545,0,-0.017463751744598285,-0.0048348041974126,-0.010134193467813,37.37474949899799,-0.0023682834558484,2021—2023,True,False,订单水平、库存周转同比变化_天、订单水平,库存周转同比变化_天,2023M06,2023-07-27T09:30:00+08:00
2734,2023-08-22,499,2734,17.13426853707415,0,-0.017540216926738718,-0.004780713656131998,-0.0102652784187439,37.37474949899799,0.0112515035936331,2021—2023,True,False,订单水平、库存周转同比变化_天、订单水平,库存周转同比变化_天,2023M06,2023-07-27T09:30:00+08:00
2735,2023-08-23,499,2735,17.234468937875754,0,-0.017591615930137094,-0.00482474671523283,-0.0103866734269832,37.37474949899799,0.0190309692476542,2021—2023,True,False,订单水平、库存周转同比变化_天、订单水平,库存周转同比变化_天,2023M06,2023-07-27T09:30:00+08:00
2736,2023-08-24,499,2736,17.334669338677354,0,-0.017649565707550042,-0.004949705692959792,-0.0107311735920979,37.37474949899799,0.0184970456261939,2021—2023,True,False,订单水平、原成本范围同比_百分数、订单水平,原成本范围同比_百分数,2023M06,2023-07-27T09:30:00+08:00
2737,2023-08-25,499,2737,17.43486973947896,0,-0.017752569699740425,-0.0050577723824032856,-0.0110291033049835,37.37474949899799,-0.033144311996317,2021—2023,True,False,订单水平、库存周转同比变化_天、订单水平,库存周转同比变化_天,2023M06,2023-07-27T09:30:00+08:00
2738,2023-08-28,499,2738,17.535070140280563,0,-0.017419708298214424,-0.0050188444920841405,-0.0111831700457027,37.37474949899799,0.020626686563868,2021—2023,True,False,订单水平、库存周转同比变化_天、订单水平,库存周转同比变化_天,2023M07,2023-08-27T09:30:00+08:00
2739,2023-08-29,499,2739,17.635270541082164,0,-0.0173341888388828,-0.0050648289992773435,-0.0113099450130475,37.37474949899799,0.0012669182585496,2021—2023,True,False,订单水平、库存周转同比变化_天、订单水平,库存周转同比变化_天,2023M07,2023-08-27T09:30:00+08:00
2740,2023-08-30,499,2740,39.078156312625254,1,-0.007108682435692029,-0.005062408614727898,0.0025003554693345,74.14829659318637,0.0015288550555958,2021—2023,True,False,订单水平、库存周转同比变化_天、资金利率与政策利率差,库存周转同比变化_天,2023M07,2023-08-27T09:30:00+08:00
2741,2023-08-31,499,2741,39.879759519038075,1,-0.010002302077731453,-0.005064008335802413,-0.0112433545781887,37.97595190380761,-0.013739337209949,2021—2023,True,False,订单水平、产成品库存原可比同比_百分数、短长波动比,产成品库存原可比同比_百分数,2023M07,2023-08-27T09:30:00+08:00
2742,2023-09-01,499,2742,39.879759519038075,1,-0.009933981858489567,-0.005042923538681671,-0.0110743750315729,37.875751503006015,-0.0233804783171478,2021—2023,True,False,订单水平、产成品库存原可比同比_百分数、短长波动比,产成品库存原可比同比_百分数,2023M07,2023-08-27T09:30:00+08:00
2743,2023-09-04,499,2743,39.879759519038075,1,-0.010172531996064165,-0.0051165442224221265,-0.0111990639409782,37.77555110220441,-0.0222439383980695,2021—2023,True,False,订单水平、产成品库存原可比同比_百分数、短长波动比,产成品库存原可比同比_百分数,2023M07,2023-08-27T09:30:00+08:00
2744,2023-09-05,499,2744,39.879759519038075,1,-0.010075133622304607,-0.005086485405670681,-0.0110908212831188,37.07414829659319,-0.0154635365215396,2021—2023,True,False,订单水平、产成品库存原可比同比_百分数、短长波动比,产成品库存原可比同比_百分数,2023M07,2023-08-27T09:30:00+08:00
2745,2023-09-06,499,2745,36.97394789579158,1,-0.01102402269100174,-0.005067252413220145,-0.0110240226910017,36.97394789579158,-0.020634283023063,2021—2023,False,False,订单水平、资金利率与政策利率差、短长波动比,,2023M07,2023-08-27T09:30:00+08:00
2746,2023-09-07,499,2746,39.97995991983968,1,-0.010001959094041035,-0.004982160242534501,-0.0109401494828865,37.2745490981964,-0.0039393512037447,2021—2023,True,False,订单水平、产成品库存原可比同比_百分数、短长波动比,产成品库存原可比同比_百分数,2023M07,2023-08-27T09:30:00+08:00
2747,2023-09-08,499,2747,39.97995991983968,1,-0.009918744062616064,-0.004956311886079853,-0.0108668635177111,37.2745490981964,-0.0112789703206289,2021—2023,True,False,订单水平、产成品库存原可比同比_百分数、短长波动比,产成品库存原可比同比_百分数,2023M07,2023-08-27T09:30:00+08:00
2748,2023-09-11,499,2748,39.97995991983968,1,-0.00989555743425568,-0.004949109626769513,-0.0108464434756892,37.2745490981964,-0.0127755047017148,2021—2023,True,False,订单水平、产成品库存原可比同比_百分数、短长波动比,产成品库存原可比同比_百分数,2023M07,2023-08-27T09:30:00+08:00
2749,2023-09-12,499,2749,40.08016032064128,2,-0.006512190799852932,-0.004919871423070182,-0.0107635465231553,37.2745490981964,-0.0148692543842958,2021—2023,True,False,订单水平、原成本范围同比_百分数、资金利率与政策利率差,原成本范围同比_百分数,2023M07,2023-08-27T09:30:00+08:00
2750,2023-09-13,499,2750,40.28056112224449,2,-0.006512190799852932,-0.004904946304956943,-0.0107901001389654,37.37474949899799,-0.0126012587091146,2021—2023,True,False,订单水平、原收入范围同比_百分数、资金利率与政策利率差,原收入范围同比_百分数,2023M07,2023-08-27T09:30:00+08:00
2751,2023-09-14,499,2751,40.480961923847694,2,-0.006512190799852932,-0.004965498161134399,0.0028022622104928,74.04809619238478,-0.0225385075327667,2021—2023,True,False,订单水平、库存周转同比变化_天、资金利率与政策利率差,库存周转同比变化_天,2023M07,2023-08-27T09:30:00+08:00
2752,2023-09-15,499,2752,40.58116232464929,2,-0.006486202521104365,-0.004979078923965423,0.0028022622104928,74.04809619238478,0.0044842982954889,2021—2023,True,False,订单水平、库存周转同比变化_天、资金利率与政策利率差,库存周转同比变化_天,2023M07,2023-08-27T09:30:00+08:00
2753,2023-09-18,499,2753,40.681362725450896,2,-0.006534130199099612,-0.004982568129801504,0.0028022622104928,74.04809619238478,-0.005532734274711,2021—2023,True,False,订单水平、库存周转同比变化_天、资金利率与政策利率差,库存周转同比变化_天,2023M07,2023-08-27T09:30:00+08:00
2754,2023-09-19,499,2754,80.86172344689379,4,0.0028022622104928578,-0.005030523949066353,0.0028022622104928,74.04809619238478,-0.0076561616050335,2021—2023,False,False,订单水平、资金利率与政策利率差、短长波动比,,2023M07,2023-08-27T09:30:00+08:00
2755,2023-09-20,499,2755,40.881763527054105,2,-0.006677037048980116,-0.005043238022305326,0.0028022622104928,74.04809619238478,0.001318952938305,2021—2023,True,False,订单水平、原成本范围同比_百分数、资金利率与政策利率差,原成本范围同比_百分数,2023M07,2023-08-27T09:30:00+08:00
2756,2023-09-21,499,2756,40.98196392785571,2,-0.006734553764127053,-0.005028613124687374,0.0028022622104928,74.04809619238478,0.0026734760641198,2021—2023,True,False,订单水平、原成本范围同比_百分数、资金利率与政策利率差,原成本范围同比_百分数,2023M07,2023-08-27T09:30:00+08:00
2757,2023-09-22,499,2757,41.08216432865731,2,-0.006886514858056281,-0.005064930111335701,-0.0111206597008186,36.67334669338677,-0.0133880306145258,2021—2023,True,False,订单水平、库存周转同比变化_天、资金利率与政策利率差,库存周转同比变化_天,2023M07,2023-08-27T09:30:00+08:00
2758,2023-09-25,499,2758,41.18236472945892,2,-0.0067782213994510895,-0.005077300580075295,-0.0112396641920611,36.573146292585164,-0.0137181011500413,2021—2023,True,False,订单水平、利润原可比同比_百分数、资金利率与政策利率差,利润原可比同比_百分数,2023M07,2023-08-27T09:30:00+08:00
2759,2023-09-26,499,2759,36.87374749498998,1,-0.011169160937777273,-0.005085563686118898,-0.0111691609377772,36.87374749498998,-0.0021245280726214,2021—2023,False,False,订单水平、资金利率与政策利率差、短长波动比,,2023M07,2023-08-27T09:30:00+08:00
2760,2023-09-27,499,2760,36.87374749498998,1,-0.011395667035519313,-0.005143556184118661,-0.0113956670355193,36.87374749498998,-0.0121392456477424,2021—2023,False,False,订单水平、资金利率与政策利率差、短长波动比,,2023M08,2023-09-27T09:30:00+08:00
2761,2023-09-28,499,2761,36.87374749498998,1,-0.011395667035519313,-0.005212274227947803,-0.0113956670355193,36.87374749498998,-0.0085042292575127,2021—2023,False,False,订单水平、资金利率与政策利率差、短长波动比,,2023M08,2023-09-27T09:30:00+08:00
2762,2023-10-09,499,2762,80.86172344689379,4,0.0024744415219333637,-0.0052295122482779715,0.0024744415219333,74.04809619238478,-0.0204126307036867,2021—2023,False,False,订单水平、资金利率与政策利率差、短长波动比,,2023M08,2023-09-27T09:30:00+08:00
2763,2023-10-10,499,2763,61.523046092184366,3,0.0022565010379511454,-0.005287506038208617,0.0022565010379511,74.14829659318637,-0.0151920026867886,2021—2023,False,False,订单水平、资金利率与政策利率差、短长波动比,,2023M08,2023-09-27T09:30:00+08:00
2764,2023-10-11,499,2764,61.523046092184366,3,0.0013946508042819606,-0.005376846871649539,0.0013946508042819,74.14829659318637,-0.0320412375590304,2021—2023,False,False,订单水平、资金利率与政策利率差、短长波动比,,2023M08,2023-09-27T09:30:00+08:00
2765,2023-10-12,499,2765,61.523046092184366,3,0.0013946508042819606,-0.005401106252043165,0.0013946508042819,74.14829659318637,-0.0473793434144722,2021—2023,False,False,订单水平、资金利率与政策利率差、短长波动比,,2023M08,2023-09-27T09:30:00+08:00
2766,2023-10-13,499,2766,36.87374749498998,1,-0.011520712887122577,-0.00538832019370954,-0.0115207128871225,36.87374749498998,-0.0478208716513395,2021—2023,False,False,订单水平、资金利率与政策利率差、短长波动比,,2023M08,2023-09-27T09:30:00+08:00
2767,2023-10-16,499,2767,36.87374749498998,1,-0.011458683072202477,-0.005365198859891626,-0.0114586830722024,36.87374749498998,-0.0426128684595277,2021—2023,False,False,订单水平、资金利率与政策利率差、短长波动比,,2023M08,2023-09-27T09:30:00+08:00
2768,2023-10-17,499,2768,36.87374749498998,1,-0.011396030298998562,-0.005340972758898809,-0.0113960302989985,36.87374749498998,-0.0329100873828163,2021—2023,False,False,订单水平、资金利率与政策利率差、短长波动比,,2023M08,2023-09-27T09:30:00+08:00
2769,2023-10-18,499,2769,36.77354709418837,1,-0.01120293357104834,-0.005276990950716445,-0.0112029335710483,36.77354709418837,-0.0316156288576272,2021—2023,False,False,订单水平、资金利率与政策利率差、短长波动比,,2023M08,2023-09-27T09:30:00+08:00
2770,2023-10-19,499,2770,36.77354709418837,1,-0.01120293357104834,-0.005276814335159699,-0.0112029335710483,36.77354709418837,-0.0055352266676267,2021—2023,False,False,订单水平、资金利率与政策利率差、短长波动比,,2023M08,2023-09-27T09:30:00+08:00
2771,2023-10-20,499,2771,42.58517034068136,2,-0.00739655070275572,-0.005341296851778682,-0.0112029335710483,36.77354709418837,0.0120679611693954,2021—2023,True,False,订单水平、库存周转同比变化_天、资金利率与政策利率差,库存周转同比变化_天,2023M08,2023-09-27T09:30:00+08:00
2772,2023-10-23,499,2772,42.68537074148296,2,-0.007739129693845413,-0.005431482432978278,-0.0114461908954731,36.77354709418837,0.022796841342181,2021—2023,True,False,订单水平、原收入范围同比_百分数、资金利率与政策利率差,原收入范围同比_百分数,2023M08,2023-09-27T09:30:00+08:00
2773,2023-10-24,499,2773,42.78557114228457,2,-0.008032186322128458,-0.0055386030091967775,-0.0117351269361922,36.77354709418837,0.0225669197799722,2021—2023,True,False,订单水平、原成本范围同比_百分数、资金利率与政策利率差,原成本范围同比_百分数,2023M08,2023-09-27T09:30:00+08:00
2774,2023-10-25,499,2774,42.88577154308617,2,-0.008239502164300857,-0.005624355417581184,-0.0118489708095612,36.87374749498998,0.0230643342550589,2021—2023,True,False,订单水平、原成本范围同比_百分数、资金利率与政策利率差,原成本范围同比_百分数,2023M08,2023-09-27T09:30:00+08:00
2775,2023-10-26,499,2775,42.985971943887776,2,-0.008432693293997769,-0.005684483515454293,-0.0120475897171126,36.47294589178357,0.0128841699765034,2021—2023,True,False,订单水平、原成本范围同比_百分数、资金利率与政策利率差,原成本范围同比_百分数,2023M08,2023-09-27T09:30:00+08:00
2776,2023-10-27,499,2776,43.08617234468938,2,-0.008408943567552103,-0.005710210405632425,-0.0121181266302933,36.47294589178357,0.0116007650993656,2021—2023,True,False,订单水平、库存周转同比变化_天、资金利率与政策利率差,库存周转同比变化_天,2023M09,2023-10-27T09:30:00+08:00
2777,2023-10-30,499,2777,43.18637274549098,2,-0.008242464667251719,-0.0057078860778377325,-0.0004000926886326,61.22244488977956,0.0098796326906342,2021—2023,True,False,订单水平、利润原可比同比_百分数、资金利率与政策利率差,利润原可比同比_百分数,2023M09,2023-10-27T09:30:00+08:00
2778,2023-10-31,499,2778,36.47294589178357,1,-0.011796925240227239,-0.005669480096740596,-0.0117969252402272,36.47294589178357,-0.0021558151983505,2021—2023,False,False,订单水平、资金利率与政策利率差、短长波动比,,2023M09,2023-10-27T09:30:00+08:00
2779,2023-11-01,499,2779,36.37274549098196,1,-0.011611174726604542,-0.005627936634908065,-0.0116111747266045,36.37274549098196,0.0033043737598061,2021—2023,False,False,订单水平、资金利率与政策利率差、短长波动比,,2023M09,2023-10-27T09:30:00+08:00
2780,2023-11-02,499,2780,36.47294589178357,1,-0.011424747258961187,-0.005608149885757048,-0.0114247472589611,36.47294589178357,0.0071719317774952,2021—2023,False,False,订单水平、资金利率与政策利率差、短长波动比,,2023M09,2023-10-27T09:30:00+08:00
2781,2023-11-03,499,2781,61.42284569138277,3,-0.0005867575268949362,-0.0055771107141168235,-0.0005867575268949,61.42284569138277,-0.007317975229044,2021—2023,False,False,订单水平、资金利率与政策利率差、短长波动比,,2023M09,2023-10-27T09:30:00+08:00
2782,2023-11-06,499,2782,36.673346693386776,1,-0.01117296837814315,-0.005543085754876361,-0.0111729683781431,36.673346693386776,-0.013235614844971,2021—2023,False,False,订单水平、资金利率与政策利率差、短长波动比,,2023M09,2023-10-27T09:30:00+08:00
2783,2023-11-07,499,2783,36.47294589178357,1,-0.011172968378143145,-0.005498820321837578,-0.0111729683781431,36.47294589178357,-0.0037807497017465,2021—2023,False,False,订单水平、资金利率与政策利率差、短长波动比,,2023M09,2023-10-27T09:30:00+08:00
2784,2023-11-08,499,2784,36.47294589178357,1,-0.011228499092728071,-0.005519741713304442,-0.011228499092728,36.47294589178357,-0.003246701319472,2021—2023,False,False,订单水平、资金利率与政策利率差、短长波动比,,2023M09,2023-10-27T09:30:00+08:00
2785,2023-11-09,499,2785,36.47294589178357,1,-0.011170592668122776,-0.005497925264755752,-0.0111705926681227,36.47294589178357,-0.0133168954640366,2021—2023,False,False,订单水平、资金利率与政策利率差、短长波动比,,2023M09,2023-10-27T09:30:00+08:00
2786,2023-11-10,499,2786,36.47294589178357,1,-0.0111495183074673,-0.005489985425470725,-0.0111495183074673,36.47294589178357,-0.0089831389311597,2021—2023,False,False,订单水平、资金利率与政策利率差、短长波动比,,2023M09,2023-10-27T09:30:00+08:00
2787,2023-11-13,499,2787,61.32264529058116,3,-0.0004492397115705722,-0.005505846471739942,-0.0004492397115705,61.32264529058116,-0.0027117638455824,2021—2023,False,False,订单水平、资金利率与政策利率差、短长波动比,,2023M09,2023-10-27T09:30:00+08:00
2788,2023-11-14,499,2788,61.32264529058116,3,-0.0004492397115705722,-0.005572881464047051,-0.0004492397115705,61.32264529058116,-0.0135473497897258,2021—2023,False,False,订单水平、资金利率与政策利率差、短长波动比,,2023M09,2023-10-27T09:30:00+08:00
2789,2023-11-15,499,2789,61.32264529058116,3,-0.0004492397115705722,-0.00558405660448785,-0.0004492397115705,61.32264529058116,-0.0195652822159105,2021—2023,False,False,订单水平、资金利率与政策利率差、短长波动比,,2023M09,2023-10-27T09:30:00+08:00
2790,2023-11-16,499,2790,36.47294589178357,1,-0.011377551522467165,-0.005576909870113818,-0.0113775515224671,36.47294589178357,-0.0040991858622537,2021—2023,False,False,订单水平、资金利率与政策利率差、短长波动比,,2023M09,2023-10-27T09:30:00+08:00
2791,2023-11-17,499,2791,36.573146292585164,1,-0.01138781260152308,-0.005572054197099293,-0.011387812601523,36.573146292585164,-0.0120513178963514,2021—2023,False,False,订单水平、资金利率与政策利率差、短长波动比,,2023M09,2023-10-27T09:30:00+08:00
2792,2023-11-20,499,2792,36.573146292585164,1,-0.01135119986202014,-0.005558186846866716,-0.0113511998620201,36.573146292585164,-0.0248307345550437,2021—2023,False,False,订单水平、资金利率与政策利率差、短长波动比,,2023M09,2023-10-27T09:30:00+08:00
2793,2023-11-21,499,2793,36.37274549098196,1,-0.01135119986202014,-0.0055208706505255065,-0.0113511998620201,36.37274549098196,-0.0180698091133917,2021—2023,False,False,订单水平、资金利率与政策利率差、短长波动比,,2023M09,2023-10-27T09:30:00+08:00
2794,2023-11-22,499,2794,36.37274549098196,1,-0.01135119986202014,-0.00549665551584849,-0.0113511998620201,36.37274549098196,-0.0182227690158366,2021—2023,False,False,订单水平、资金利率与政策利率差、短长波动比,,2023M09,2023-10-27T09:30:00+08:00
2795,2023-11-23,499,2795,36.272545090180365,1,-0.011346308041882322,-0.00551127359233743,-0.0113463080418823,36.272545090180365,-0.020893791243833,2021—2023,False,False,订单水平、资金利率与政策利率差、短长波动比,,2023M09,2023-10-27T09:30:00+08:00
2796,2023-11-24,499,2796,36.272545090180365,1,-0.011335947621006535,-0.005507370267438337,-0.0113359476210065,36.272545090180365,-0.0176930336512846,2021—2023,False,False,订单水平、资金利率与政策利率差、短长波动比,,2023M09,2023-10-27T09:30:00+08:00
2797,2023-11-27,499,2797,36.272545090180365,1,-0.01134545413816763,-0.005510951881118267,-0.0113454541381676,36.272545090180365,-0.0186674701452193,2021—2023,False,False,订单水平、资金利率与政策利率差、短长波动比,,2023M10,2023-11-27T09:30:00+08:00
2798,2023-11-28,499,2798,36.272545090180365,1,-0.011433687366307512,-0.0055441940592551395,-0.0114336873663075,36.272545090180365,-0.0397657093151598,2021—2023,False,False,订单水平、资金利率与政策利率差、短长波动比,,2023M10,2023-11-27T09:30:00+08:00
2799,2023-11-29,499,2799,36.272545090180365,1,-0.01151798021897774,-0.005575951687114866,-0.0115179802189777,36.272545090180365,-0.0291637139410678,2021—2023,False,False,订单水平、资金利率与政策利率差、短长波动比,,2023M10,2023-11-27T09:30:00+08:00
2800,2023-11-30,499,2800,61.42284569138277,3,-0.00010432823349159271,-0.005594174198846698,-0.0001043282334915,61.42284569138277,-0.0327516679162837,2021—2023,False,False,订单水平、资金利率与政策利率差、短长波动比,,2023M10,2023-11-27T09:30:00+08:00
2801,2023-12-01,499,2801,61.42284569138277,3,-0.00010432823349159271,-0.005649050171611796,-0.0001043282334915,61.42284569138277,-0.0342468919605153,2021—2023,False,False,订单水平、资金利率与政策利率差、短长波动比,,2023M10,2023-11-27T09:30:00+08:00
2802,2023-12-04,499,2802,61.42284569138277,3,-0.00010432823349159271,-0.005700794098115279,-0.0001043282334915,61.42284569138277,-0.0152644023287646,2021—2023,False,False,订单水平、资金利率与政策利率差、短长波动比,,2023M10,2023-11-27T09:30:00+08:00
2803,2023-12-05,499,2803,36.37274549098196,1,-0.011951967103871738,-0.005745113542430074,-0.0119519671038717,36.37274549098196,0.0049793847643129,2021—2023,False,False,订单水平、资金利率与政策利率差、短长波动比,,2023M10,2023-11-27T09:30:00+08:00
2804,2023-12-06,499,2804,36.47294589178357,1,-0.012098355220773257,-0.00583541653195482,-0.0120983552207732,36.47294589178357,-0.0059903311402711,2021—2023,False,False,订单水平、资金利率与政策利率差、短长波动比,,2023M10,2023-11-27T09:30:00+08:00
2805,2023-12-07,499,2805,35.77154308617234,1,-0.012388652983410707,-0.005914794051404474,-0.0123886529834107,35.77154308617234,-0.0103323804909952,2021—2023,False,False,订单水平、资金利率与政策利率差、短长波动比,,2023M10,2023-11-27T09:30:00+08:00
2806,2023-12-08,499,2806,36.47294589178357,1,-0.01216739866809716,-0.005948273428091363,-0.0121673986680971,36.47294589178357,-0.015306072692874,2021—2023,False,False,订单水平、资金利率与政策利率差、短长波动比,,2023M10,2023-11-27T09:30:00+08:00
2807,2023-12-11,499,2807,36.37274549098196,1,-0.012216927182474134,-0.0060112802066678486,-0.0122169271824741,36.37274549098196,-0.02577968812475,2021—2023,False,False,订单水平、资金利率与政策利率差、短长波动比,,2023M10,2023-11-27T09:30:00+08:00
2808,2023-12-12,499,2808,61.32264529058116,3,-0.0016833570188798063,-0.006040267625907961,-0.0016833570188798,61.32264529058116,-0.0254500609394796,2021—2023,False,False,订单水平、资金利率与政策利率差、短长波动比,,2023M10,2023-11-27T09:30:00+08:00
2809,2023-12-13,499,2809,36.272545090180365,1,-0.012271573138845483,-0.006037975426996714,-0.0122715731388454,36.272545090180365,-0.0308769111747486,2021—2023,False,False,订单水平、资金利率与政策利率差、短长波动比,,2023M10,2023-11-27T09:30:00+08:00
2810,2023-12-14,499,2810,36.272545090180365,1,-0.012343187570289236,-0.006064956415195962,-0.0123431875702892,36.272545090180365,-0.0127295616406901,2021—2023,False,False,订单水平、资金利率与政策利率差、短长波动比,,2023M10,2023-11-27T09:30:00+08:00
2811,2023-12-15,499,2811,61.42284569138277,3,-0.0023193697284422375,-0.006102393338555851,-0.0023193697284422,61.42284569138277,-0.0010933898045719,2021—2023,False,False,订单水平、资金利率与政策利率差、成交活跃度,,2023M10,2023-11-27T09:30:00+08:00
2812,2023-12-18,499,2812,32.765531062124246,1,-0.011148990155675532,-0.006097681968320506,-0.0111489901556755,44.78957915831664,0.0015506881634292,2021—2023,False,False,订单水平、资金利率与政策利率差、成交活跃度,,2023M10,2023-11-27T09:30:00+08:00
2813,2023-12-19,499,2813,61.32264529058116,3,-0.002697761960640751,-0.0061260336335296536,-0.0026977619606407,61.32264529058116,-0.005490761441902,2021—2023,False,False,订单水平、资金利率与政策利率差、成交活跃度,,2023M10,2023-11-27T09:30:00+08:00
2814,2023-12-20,499,2814,61.32264529058116,3,-0.0022284974254131846,-0.006141330917515066,-0.0022284974254131,61.32264529058116,0.0105041639194276,2021—2023,False,False,订单水平、资金利率与政策利率差、短长波动比,,2023M10,2023-11-27T09:30:00+08:00
2815,2023-12-21,499,2815,36.272545090180365,1,-0.012432623858041655,-0.006166384726423468,-0.0124326238580416,36.272545090180365,0.0235853908950973,2021—2023,False,False,订单水平、资金利率与政策利率差、短长波动比,,2023M10,2023-11-27T09:30:00+08:00
2816,2023-12-22,499,2816,36.37274549098196,1,-0.012434194957420742,-0.006173773466883693,-0.0124341949574207,36.37274549098196,0.0252868051957861,2021—2023,False,False,订单水平、资金利率与政策利率差、短长波动比,,2023M10,2023-11-27T09:30:00+08:00
2817,2023-12-25,499,2817,36.47294589178357,1,-0.012374506509247861,-0.00620375517096244,-0.0123745065092478,36.47294589178357,0.0065108285044193,2021—2023,False,False,订单水平、资金利率与政策利率差、短长波动比,,2023M10,2023-11-27T09:30:00+08:00
2818,2023-12-26,499,2818,35.77154308617234,1,-0.012507529173059223,-0.006220541365875533,-0.0125075291730592,35.77154308617234,0.0103678528588564,2021—2023,False,False,订单水平、资金利率与政策利率差、短长波动比,,2023M10,2023-11-27T09:30:00+08:00
2819,2023-12-27,499,2819,60.921843687374746,3,-0.0034867185331519212,-0.0062645648819591735,-0.0034867185331519,60.921843687374746,-0.0022669346358373,2021—2023,False,False,订单水平、资金利率与政策利率差、短长波动比,,2023M11,2023-12-27T09:30:00+08:00
2820,2023-12-28,499,2820,34.66933867735471,1,-0.012775733061406556,-0.0063016791165554165,-0.0127757330614065,34.66933867735471,-0.0314166429648072,2021—2023,False,False,订单水平、资金利率与政策利率差、指数趋势强度,,2023M11,2023-12-27T09:30:00+08:00
2821,2023-12-29,499,2821,34.569138276553105,1,-0.013080020086827815,-0.0063330858447929565,-0.0130800200868278,34.569138276553105,-0.0461142411261392,2021—2023,False,False,订单水平、资金利率与政策利率差、指数趋势强度,,2023M11,2023-12-27T09:30:00+08:00
2822,2024-01-02,499,2822,44.48897795591182,2,-0.012630068153700833,-0.006350673678711553,-0.0126300681537008,44.48897795591182,-0.0309205013646715,2024—2025,False,False,订单水平、资金利率与政策利率差、指数趋势强度,,2023M11,2023-12-27T09:30:00+08:00
2823,2024-01-03,499,2823,43.18637274549098,2,-0.012797551179567896,-0.006388486383617926,-0.0127975511795678,43.18637274549098,-0.0324052619230891,2024—2025,False,False,订单水平、资金利率与政策利率差、指数趋势强度,,2023M11,2023-12-27T09:30:00+08:00
2824,2024-01-04,499,2824,42.985971943887776,2,-0.012797551179567896,-0.006406450254485222,-0.0127975511795678,42.985971943887776,-0.0186844276373956,2024—2025,False,False,订单水平、资金利率与政策利率差、指数趋势强度,,2023M11,2023-12-27T09:30:00+08:00
2825,2024-01-05,499,2825,42.78557114228457,2,-0.012797551179567896,-0.00640623973090428,-0.0127975511795678,42.78557114228457,-0.02053042620264,2024—2025,False,False,订单水平、资金利率与政策利率差、指数趋势强度,,2023M11,2023-12-27T09:30:00+08:00
2826,2024-01-08,499,2826,42.78557114228457,2,-0.012959168573644698,-0.006445429519848756,-0.0129591685736446,42.78557114228457,-0.0064583406577755,2024—2025,False,False,订单水平、资金利率与政策利率差、指数趋势强度,,2023M11,2023-12-27T09:30:00+08:00
2827,2024-01-09,499,2827,42.78557114228457,2,-0.013078255077893734,-0.006474306207251828,-0.0130782550778937,42.78557114228457,-0.0010975931630923,2024—2025,False,False,订单水平、资金利率与政策利率差、指数趋势强度,,2023M11,2023-12-27T09:30:00+08:00
2828,2024-01-10,499,2828,60.32064128256513,3,-0.002244788467212396,-0.00645874614341247,-0.0022447884672123,60.32064128256513,-0.0193117371885326,2024—2025,False,False,订单水平、资金利率与政策利率差、指数趋势强度,,2023M11,2023-12-27T09:30:00+08:00
2829,2024-01-11,499,2829,42.88577154308617,2,-0.013151290081239905,-0.006467785434565854,-0.0131512900812398,42.88577154308617,-0.0130022506645628,2024—2025,False,False,订单水平、资金利率与政策利率差、指数趋势强度,,2023M11,2023-12-27T09:30:00+08:00
2830,2024-01-12,499,2830,42.88577154308617,2,-0.013136676551596395,-0.006464271158900081,-0.0131366765515963,42.88577154308617,-0.0019902057173533,2024—2025,False,False,订单水平、资金利率与政策利率差、指数趋势强度,,2023M11,2023-12-27T09:30:00+08:00
2831,2024-01-15,499,2831,42.88577154308617,2,-0.013164061774127694,-0.006470856783556907,-0.0131640617741276,42.88577154308617,-0.0246957437120844,2024—2025,False,False,订单水平、资金利率与政策利率差、指数趋势强度,,2023M11,2023-12-27T09:30:00+08:00
2832,2024-01-16,499,2832,42.88577154308617,2,-0.013156534673972809,-0.006469046659271163,-0.0131565346739728,42.88577154308617,-0.0177371479257153,2024—2025,False,False,订单水平、资金利率与政策利率差、指数趋势强度,,2023M11,2023-12-27T09:30:00+08:00
2833,2024-01-17,499,2833,42.78557114228457,2,-0.013056874000329167,-0.0064845870036402175,-0.0130568740003291,42.78557114228457,0.012845513563662,2024—2025,False,False,订单水平、资金利率与政策利率差、指数趋势强度,,2023M11,2023-12-27T09:30:00+08:00
2834,2024-01-18,499,2834,42.585170340681366,2,-0.013056874000329167,-0.006530501187889814,-0.0130568740003291,42.585170340681366,0.0210088728111583,2024—2025,False,False,订单水平、资金利率与政策利率差、指数趋势强度,,2023M11,2023-12-27T09:30:00+08:00
2835,2024-01-19,499,2835,42.48496993987976,2,-0.013056426268068789,-0.006537727659154673,-0.0130564262680687,42.48496993987976,0.0169285604815889,2024—2025,False,False,订单水平、资金利率与政策利率差、指数趋势强度,,2023M11,2023-12-27T09:30:00+08:00
2836,2024-01-22,499,2836,42.38476953907816,2,-0.012966456995298742,-0.0065289713212839644,-0.0129664569952987,42.38476953907816,0.02228518520784,2024—2025,False,False,订单水平、资金利率与政策利率差、指数趋势强度,,2023M11,2023-12-27T09:30:00+08:00
2837,2024-01-23,499,2837,42.28456913827656,2,-0.013061048017208308,-0.006583664680607839,-0.0130610480172083,42.28456913827656,-0.0051132183574305,2024—2025,False,False,订单水平、资金利率与政策利率差、指数趋势强度,,2023M11,2023-12-27T09:30:00+08:00
2838,2024-01-24,499,2838,42.184368737474955,2,-0.013098456816476365,-0.006604410102231049,-0.0130984568164763,42.18436873747496,-0.0246046969117057,2024—2025,False,False,订单水平、资金利率与政策利率差、指数趋势强度,,2023M11,2023-12-27T09:30:00+08:00
2839,2024-01-25,499,2839,42.184368737474955,2,-0.012809753011096858,-0.006532089509701113,-0.0128097530110968,42.18436873747496,-0.0361855257896841,2024—2025,False,False,订单水平、资金利率与政策利率差、指数趋势强度,,2023M11,2023-12-27T09:30:00+08:00
2840,2024-01-26,499,2840,42.184368737474955,2,-0.012522585256440327,-0.00646015369941641,-0.0125225852564403,42.18436873747496,-0.0550291427656822,2024—2025,False,False,订单水平、资金利率与政策利率差、指数趋势强度,,2023M11,2023-12-27T09:30:00+08:00
2841,2024-01-29,499,2841,42.184368737474955,2,-0.012168807748560863,-0.0063715320792061235,-0.0121688077485608,42.18436873747496,-0.0324334193263333,2024—2025,False,False,订单水平、资金利率与政策利率差、指数趋势强度,,2023M12,2024-01-27T09:30:00+08:00
2842,2024-01-30,499,2842,60.22044088176352,3,-0.0009606295167858886,-0.006275916161555482,-0.0009606295167858,60.22044088176352,0.020499307227989,2024—2025,False,False,订单水平、资金利率与政策利率差、成交活跃度,,2023M12,2024-01-27T09:30:00+08:00
2843,2024-01-31,499,2843,60.32064128256513,3,-0.0006704959175109786,-0.006242375018655383,-0.0006704959175109,60.32064128256513,0.0441081994168626,2024—2025,False,False,订单水平、资金利率与政策利率差、成交活跃度,,2023M12,2024-01-27T09:30:00+08:00
2844,2024-02-01,499,2844,60.22044088176352,3,-0.0009983616845547424,-0.006288861466287148,-0.0009983616845547,60.22044088176352,0.045097789562015,2024—2025,False,False,订单水平、资金利率与政策利率差、成交活跃度,,2023M12,2024-01-27T09:30:00+08:00
2845,2024-02-02,499,2845,60.22044088176352,3,-0.0009983616845547424,-0.006325074788254913,-0.0009983616845547,60.22044088176352,0.0677728908436623,2024—2025,False,False,订单水平、资金利率与政策利率差、成交活跃度,,2023M12,2024-01-27T09:30:00+08:00
2846,2024-02-05,499,2846,41.883767535070135,2,-0.012284929381424687,-0.006392827186040151,-0.0122849293814246,41.883767535070135,0.0602991164775856,2024—2025,False,False,订单水平、资金利率与政策利率差、指数趋势强度,,2023M12,2024-01-27T09:30:00+08:00
2847,2024-02-06,499,2847,41.78356713426854,2,-0.012441119225958868,-0.006419569736363484,-0.0124411192259588,41.78356713426854,0.0380949611706313,2024—2025,False,False,订单水平、资金利率与政策利率差、指数趋势强度,,2023M12,2024-01-27T09:30:00+08:00
2848,2024-02-07,499,2848,41.68336673346693,2,-0.01218773133015927,-0.006375260392596026,-0.0121877313301592,41.68336673346693,0.033439901750861,2024—2025,False,False,订单水平、资金利率与政策利率差、指数趋势强度,,2023M12,2024-01-27T09:30:00+08:00
2849,2024-02-08,499,2849,59.91983967935871,2,-0.0008329215670174574,-0.006248758787019186,-0.0008329215670174,59.91983967935871,0.0270051837169216,2024—2025,False,False,订单水平、资金利率与政策利率差、成交活跃度,,2023M12,2024-01-27T09:30:00+08:00
2850,2024-02-19,499,2850,40.18036072144289,2,-0.012665119838843416,-0.006177521167015566,-0.0126651198388434,40.18036072144289,0.0121807787071175,2024—2025,False,False,订单水平、资金利率与政策利率差、成交活跃度,,2023M12,2024-01-27T09:30:00+08:00
2851,2024-02-20,499,2851,40.08016032064128,2,-0.012813328944686115,-0.0060513701926807615,-0.0128133289446861,40.08016032064128,0.0260066963780525,2024—2025,False,False,订单水平、资金利率与政策利率差、成交活跃度,,2023M12,2024-01-27T09:30:00+08:00
2852,2024-02-21,499,2852,41.68336673346693,2,-0.012638731832316154,-0.005926870255127122,-0.0126387318323161,41.68336673346693,-0.0051427704780155,2024—2025,False,False,订单水平、资金利率与政策利率差、成交活跃度,,2023M12,2024-01-27T09:30:00+08:00
2853,2024-02-22,499,2853,41.78356713426854,2,-0.012173285107518465,-0.0057949182961708175,-0.0121732851075184,41.78356713426854,0.0043700829527344,2024—2025,False,False,订单水平、资金利率与政策利率差、成交活跃度,,2023M12,2024-01-27T09:30:00+08:00
2854,2024-02-23,499,2854,39.97995991983968,1,-0.012410430352316416,-0.005687761878394285,-0.0124104303523164,39.97995991983968,0.0112596340774033,2024—2025,False,False,订单水平、资金利率与政策利率差、成交活跃度,,2023M12,2024-01-27T09:30:00+08:00
2855,2024-02-26,499,2855,39.57915831663327,1,-0.012657121743054795,-0.005555936825193538,-0.0126571217430547,39.57915831663327,0.0201198962113322,2024—2025,False,False,订单水平、资金利率与政策利率差、成交活跃度,,2023M12,2024-01-27T09:30:00+08:00
2856,2024-02-27,499,2856,41.18236472945892,2,-0.012192694708500929,-0.005468990242529557,-0.0121926947085009,41.18236472945892,0.0152287409298668,2024—2025,False,False,订单水平、资金利率与政策利率差、成交活跃度,,2023M12,2024-01-27T09:30:00+08:00
2857,2024-02-28,499,2857,79.05811623246494,3,0.0032375759655080176,-0.005353941919113089,0.003237575965508,72.24448897795591,0.0261822100428121,2024—2025,False,False,订单水平、资金利率与政策利率差、成交活跃度,,2023M12,2024-01-27T09:30:00+08:00
2858,2024-02-29,499,2858,41.08216432865731,2,-0.01158459058005467,-0.005320467179411549,-0.0115845905800546,41.08216432865731,0.0037615766817382,2024—2025,False,False,订单水平、资金利率与政策利率差、成交活跃度,,2023M12,2024-01-27T09:30:00+08:00
2859,2024-03-01,499,2859,9.118236472945892,0,-0.021561776155504375,-0.005287517003237034,-0.0215617761555043,9.118236472945892,-0.0016488588700498,2024—2025,False,False,订单水平、资金利率与政策利率差、融资买入活跃度,,2023M12,2024-01-27T09:30:00+08:00
2860,2024-03-04,499,2860,40.88176352705411,2,-0.011225341522737572,-0.005249114931062946,-0.0112253415227375,40.88176352705411,0.0162369834674824,2024—2025,False,False,订单水平、资金利率与政策利率差、成交活跃度,,2023M12,2024-01-27T09:30:00+08:00
2861,2024-03-05,499,2861,79.05811623246494,3,0.0032375759655080176,-0.005183405258567271,0.003237575965508,72.24448897795591,0.0065081140539564,2024—2025,False,False,订单水平、资金利率与政策利率差、成交活跃度,,2023M12,2024-01-27T09:30:00+08:00
2862,2024-03-06,499,2862,40.78156312625251,2,-0.010616526492766112,-0.005113233714413325,-0.0106165264927661,40.78156312625251,0.002300800413262,2024—2025,False,False,订单水平、资金利率与政策利率差、成交活跃度,,2023M12,2024-01-27T09:30:00+08:00
2863,2024-03-07,499,2863,40.6813627254509,2,-0.0106953843702028,-0.005056556187815297,-0.0106953843702027,40.6813627254509,0.0017485779845045,2024—2025,False,False,订单水平、资金利率与政策利率差、成交活跃度,,2023M12,2024-01-27T09:30:00+08:00
2864,2024-03-08,499,2864,40.5811623246493,2,-0.010562751700001502,-0.0050237564667654395,-0.0105627517000015,40.5811623246493,0.0054188225699818,2024—2025,False,False,订单水平、资金利率与政策利率差、成交活跃度,,2023M12,2024-01-27T09:30:00+08:00
2865,2024-03-11,499,2865,38.97795591182365,1,-0.01081637251751778,-0.005015053869508937,-0.0108163725175177,38.97795591182365,-0.0021924879337364,2024—2025,False,False,订单水平、资金利率与政策利率差、成交活跃度,,2023M12,2024-01-27T09:30:00+08:00
2866,2024-03-12,499,2866,38.877755511022045,1,-0.010587106788831334,-0.005001001823051383,-0.0105871067888313,38.877755511022045,-0.0097086827013413,2024—2025,False,False,订单水平、资金利率与政策利率差、成交活跃度,,2023M12,2024-01-27T09:30:00+08:00
2867,2024-03-13,499,2867,38.677354709418836,1,-0.010587106788831334,-0.005000430517173951,-0.0105871067888313,38.67735470941884,0.0025646307133713,2024—2025,False,False,订单水平、资金利率与政策利率差、成交活跃度,,2023M12,2024-01-27T09:30:00+08:00
2868,2024-03-14,499,2868,38.57715430861723,1,-0.010478805047637279,-0.004976861502441314,-0.0104788050476372,38.57715430861723,0.0039906203339306,2024—2025,False,False,订单水平、资金利率与政策利率差、成交活跃度,,2023M12,2024-01-27T09:30:00+08:00
2869,2024-03-15,499,2869,38.476953907815634,1,-0.01037691018903609,-0.004960895741029027,-0.010376910189036,38.476953907815634,-0.011730623318695,2024—2025,False,False,订单水平、资金利率与政策利率差、成交活跃度,,2023M12,2024-01-27T09:30:00+08:00
2870,2024-03-18,499,2870,38.37675350701403,1,-0.010246366943093796,-0.004923648337141261,-0.0102463669430937,38.37675350701403,-0.0213960098411888,2024—2025,False,False,订单水平、资金利率与政策利率差、成交活跃度,,2023M12,2024-01-27T09:30:00+08:00
2871,2024-03-19,499,2871,38.276553106212425,1,-0.010180351541377752,-0.004890196902557985,-0.0101803515413777,38.276553106212425,-0.0128517456972331,2024—2025,False,False,订单水平、资金利率与政策利率差、成交活跃度,,2023M12,2024-01-27T09:30:00+08:00
2872,2024-03-20,499,2872,38.276553106212425,1,-0.010231987251943898,-0.004902821264660329,-0.0102319872519438,38.276553106212425,-0.027842769142343,2024—2025,False,False,订单水平、资金利率与政策利率差、成交活跃度,,2023M12,2024-01-27T09:30:00+08:00
2873,2024-03-21,499,2873,38.276553106212425,1,-0.010202624637704081,-0.0048956424291147225,-0.010202624637704,38.276553106212425,-0.0198267374651932,2024—2025,False,False,订单水平、资金利率与政策利率差、成交活跃度,,2023M12,2024-01-27T09:30:00+08:00
2874,2024-03-22,499,2874,78.45691382765531,3,0.0031324583994789806,-0.004881684836531927,0.0031324583994789,71.6432865731463,-0.0002342017352651,2024—2025,False,False,订单水平、资金利率与政策利率差、成交活跃度,,2023M12,2024-01-27T09:30:00+08:00
2875,2024-03-25,499,2875,38.37675350701403,1,-0.010158422686339657,-0.004878110166573688,-0.0101584226863396,38.37675350701403,0.014795103524992,2024—2025,False,False,订单水平、资金利率与政策利率差、成交活跃度,,2023M12,2024-01-27T09:30:00+08:00
2876,2024-03-26,499,2876,38.37675350701403,1,-0.010124873064102405,-0.004869840420010197,-0.0101248730641024,38.37675350701403,0.0093904647772617,2024—2025,False,False,订单水平、资金利率与政策利率差、成交活跃度,,2023M12,2024-01-27T09:30:00+08:00
2877,2024-03-27,499,2877,38.37675350701403,1,-0.009778916875685318,-0.004784564646111796,-0.0097789168756853,38.37675350701403,0.0137809253980809,2024—2025,False,False,订单水平、资金利率与政策利率差、成交活跃度,,2024M02,2024-03-27T09:30:00+08:00
2878,2024-03-28,499,2878,78.55711422845691,3,0.0033306350902805935,-0.00469622839430211,0.0033306350902805,71.7434869739479,0.0026154163797311,2024—2025,False,False,订单水平、资金利率与政策利率差、成交活跃度,,2024M02,2024-03-27T09:30:00+08:00
2879,2024-03-29,499,2879,38.276553106212425,1,-0.009504465512269793,-0.004603625007987816,-0.0095044655122697,38.276553106212425,-0.0075662737162471,2024—2025,False,False,订单水平、资金利率与政策利率差、成交活跃度,,2024M02,2024-03-27T09:30:00+08:00
2880,2024-04-01,499,2880,78.45691382765531,3,0.0032886958335094675,-0.004475065983351278,0.0032886958335094,71.6432865731463,-0.0314414518552769,2024—2025,False,False,订单水平、资金利率与政策利率差、成交活跃度,,2024M02,2024-03-27T09:30:00+08:00
2881,2024-04-02,499,2881,39.57915831663327,1,-0.008970794621769623,-0.004345577622993148,-0.0089707946217696,39.57915831663327,-0.0242839629676948,2024—2025,False,False,订单水平、资金利率与政策利率差、成交活跃度,,2024M02,2024-03-27T09:30:00+08:00
2882,2024-04-03,499,2882,39.478957915831664,1,-0.008815190728557493,-0.004223011727581428,-0.0088151907285574,39.478957915831664,-0.0266653046153513,2024—2025,False,False,订单水平、资金利率与政策利率差、成交活跃度,,2024M02,2024-03-27T09:30:00+08:00
2883,2024-04-08,499,2883,80.76152304609218,4,0.005627165169066111,-0.004078151640869203,-0.0093571334370498,34.06813627254509,-0.0039124537101048,2024—2025,True,False,订单水平、资金利率与政策利率差、利润原可比同比_百分数,利润原可比同比_百分数,2024M02,2024-03-27T09:30:00+08:00
2884,2024-04-09,499,2884,80.76152304609218,4,0.00600793928129282,-0.004030841029730814,-0.0093571334370498,34.06813627254509,-0.0078801812608291,2024—2025,True,False,订单水平、资金利率与政策利率差、利润原可比同比_百分数,利润原可比同比_百分数,2024M02,2024-03-27T09:30:00+08:00
2885,2024-04-10,499,2885,80.76152304609218,4,0.006005403972304116,-0.004031156038062075,-0.0093447826803546,34.168336673346694,0.0149696219073345,2024—2025,True,False,订单水平、资金利率与政策利率差、利润原可比同比_百分数,利润原可比同比_百分数,2024M02,2024-03-27T09:30:00+08:00
2886,2024-04-11,499,2886,80.76152304609218,4,0.005499819120860283,-0.004093974195956899,-0.0094090159554559,34.06813627254509,0.0114832283210215,2024—2025,True,False,订单水平、资金利率与政策利率差、利润原可比同比_百分数,利润原可比同比_百分数,2024M02,2024-03-27T09:30:00+08:00
2887,2024-04-12,499,2887,80.76152304609218,4,0.004782367980197135,-0.0041831164218509185,-0.0097179185299081,34.06813627254509,0.0153257429016866,2024—2025,True,False,订单水平、资金利率与政策利率差、利润原可比同比_百分数,利润原可比同比_百分数,2024M02,2024-03-27T09:30:00+08:00
2888,2024-04-15,499,2888,58.116232464929865,2,0.0014185770008886414,-0.004340523707244405,0.0014185770008886,70.74148296593185,-0.0030654404904705,2024—2025,False,False,订单水平、资金利率与政策利率差、成交活跃度,,2024M02,2024-03-27T09:30:00+08:00
2889,2024-04-16,499,2889,58.21643286573146,2,0.0013992292468039925,-0.004354813029570789,0.0013992292468039,70.84168336673346,-0.0036455938843489,2024—2025,False,False,订单水平、资金利率与政策利率差、成交活跃度,,2024M02,2024-03-27T09:30:00+08:00
2890,2024-04-17,499,2890,58.31663326653307,2,0.0013587124460865275,-0.004380879074006942,0.0013587124460865,70.94188376753506,-0.0145992335872866,2024—2025,False,False,订单水平、资金利率与政策利率差、成交活跃度,,2024M02,2024-03-27T09:30:00+08:00
2891,2024-04-18,499,2891,80.76152304609218,4,0.003969910596090563,-0.004284063030697827,0.0013587124460865,70.94188376753506,-0.0089644615526571,2024—2025,True,False,订单水平、资金利率与政策利率差、利润原可比同比_百分数,利润原可比同比_百分数,2024M02,2024-03-27T09:30:00+08:00
2892,2024-04-19,499,2892,80.76152304609218,4,0.004498940992396362,-0.004218331799092698,-0.0092294361749037,34.3687374749499,0.0102271485293827,2024—2025,True,False,订单水平、资金利率与政策利率差、利润原可比同比_百分数,利润原可比同比_百分数,2024M02,2024-03-27T09:30:00+08:00
2893,2024-04-22,499,2893,80.76152304609218,4,0.005190001788748884,-0.004132468533814429,-0.008937968356034,34.3687374749499,0.0227075836332133,2024—2025,True,False,订单水平、资金利率与政策利率差、利润原可比同比_百分数,利润原可比同比_百分数,2024M02,2024-03-27T09:30:00+08:00
2894,2024-04-23,499,2894,80.76152304609218,4,0.005232996354439279,-0.0041271265236484875,0.0013111409091343,70.84168336673346,0.035364024808999,2024—2025,True,False,订单水平、资金利率与政策利率差、利润原可比同比_百分数,利润原可比同比_百分数,2024M02,2024-03-27T09:30:00+08:00
2895,2024-04-24,499,2895,80.76152304609218,4,0.005444952666722386,-0.004100791270418923,-0.0089059542036401,34.168336673346694,0.0373790603519073,2024—2025,True,False,订单水平、资金利率与政策利率差、利润原可比同比_百分数,利润原可比同比_百分数,2024M02,2024-03-27T09:30:00+08:00
2896,2024-04-25,499,2896,38.97795591182365,1,-0.008008481474947586,-0.004176340863654942,-0.0086134199959762,37.17434869739479,0.0306377449020391,2024—2025,True,False,订单水平、资金利率与政策利率差、产成品库存周转_天,产成品库存周转_天,2024M02,2024-03-27T09:30:00+08:00
2897,2024-04-26,499,2897,38.97795591182365,1,-0.008179344784442901,-0.0042273601684942215,0.0020828199493879,71.44288577154309,0.0089663101528447,2024—2025,True,False,订单水平、资金利率与政策利率差、产成品库存周转_天,产成品库存周转_天,2024M02,2024-03-27T09:30:00+08:00
2898,2024-04-29,499,2898,38.97795591182365,1,-0.008176285572171836,-0.0042264466962930415,0.0020828199493879,71.44288577154309,0.0102442581961412,2024—2025,True,False,订单水平、资金利率与政策利率差、产成品库存周转_天,产成品库存周转_天,2024M03,2024-04-27T09:30:00+08:00
2899,2024-04-30,499,2899,38.97795591182365,1,-0.00794899328511084,-0.004158577857070419,0.0022367942178561,71.54308617234469,-0.0038159269771783,2024—2025,True,False,订单水平、资金利率与政策利率差、产成品库存周转_天,产成品库存周转_天,2024M03,2024-04-27T09:30:00+08:00
2900,2024-05-06,499,2900,78.15631262525051,3,0.0025802732624397888,-0.004041204235225748,0.0026175669832715,71.44288577154309,-0.0002520230603291,2024—2025,True,False,订单水平、资金利率与政策利率差、原成本范围同比_百分数,原成本范围同比_百分数,2024M03,2024-04-27T09:30:00+08:00
2901,2024-05-07,499,2901,78.15631262525051,3,0.0032867600642111526,-0.003916613376396329,-0.0079716348748157,37.07414829659319,-0.001895594929015,2024—2025,True,False,订单水平、资金利率与政策利率差、原成本范围同比_百分数,原成本范围同比_百分数,2024M03,2024-04-27T09:30:00+08:00
2902,2024-05-08,499,2902,80.96192384769539,4,0.00826271409826701,-0.003820097487622967,-0.0100095379981411,32.16432865731463,-0.0002482450728318,2024—2025,True,False,订单水平、资金利率与政策利率差、利润原可比同比_百分数,利润原可比同比_百分数,2024M03,2024-04-27T09:30:00+08:00
2903,2024-05-09,499,2903,80.86172344689379,4,0.008274248459817465,-0.0037729594253100842,-0.0076769067849161,36.77354709418837,-0.0106091187740883,2024—2025,True,False,订单水平、资金利率与政策利率差、利润原可比同比_百分数,利润原可比同比_百分数,2024M03,2024-04-27T09:30:00+08:00
2904,2024-05-10,499,2904,80.76152304609218,4,0.008306022810403333,-0.0037175331319940163,0.0027745943358832,71.24248496993988,0.0093542368825609,2024—2025,True,False,订单水平、资金利率与政策利率差、利润原可比同比_百分数,利润原可比同比_百分数,2024M03,2024-04-27T09:30:00+08:00
2905,2024-05-13,499,2905,80.66132264529058,4,0.008113610909013148,-0.0037464874169468925,-0.0076769067849161,36.37274549098196,0.0035696024951594,2024—2025,True,False,订单水平、资金利率与政策利率差、利润原可比同比_百分数,利润原可比同比_百分数,2024M03,2024-04-27T09:30:00+08:00
2906,2024-05-14,499,2906,80.56112224448897,4,0.007982897878242174,-0.0037314173962272445,-0.0076769067849161,36.172344689378754,0.0033054978501616,2024—2025,True,False,订单水平、资金利率与政策利率差、利润原可比同比_百分数,利润原可比同比_百分数,2024M03,2024-04-27T09:30:00+08:00
2907,2024-05-15,499,2907,80.46092184368737,4,0.007830921065822833,-0.003669437026456564,-0.0076331089678259,36.07214428857716,0.0082739606413901,2024—2025,True,False,订单水平、资金利率与政策利率差、利润原可比同比_百分数,利润原可比同比_百分数,2024M03,2024-04-27T09:30:00+08:00
2908,2024-05-16,499,2908,69.3386773547094,3,0.007213850291681029,-0.0035702549445215236,0.0025487604311833,65.4308617234469,-0.0038200713119533,2024—2025,True,False,订单水平、资金利率与政策利率差、利润原可比同比_百分数,利润原可比同比_百分数,2024M03,2024-04-27T09:30:00+08:00
2909,2024-05-17,499,2909,69.2384769539078,3,0.006955546392177126,-0.003489069104662635,0.0025487604311833,65.4308617234469,-0.0238414672112706,2024—2025,True,False,订单水平、资金利率与政策利率差、利润原可比同比_百分数,利润原可比同比_百分数,2024M03,2024-04-27T09:30:00+08:00
2910,2024-05-20,499,2910,69.13827655310621,3,0.00698981339918261,-0.003299008899130992,0.0026117741020293,65.33066132264528,-0.0159925169220936,2024—2025,True,False,订单水平、资金利率与政策利率差、利润原可比同比_百分数,利润原可比同比_百分数,2024M03,2024-04-27T09:30:00+08:00
2911,2024-05-21,499,2911,69.03807615230461,3,0.006941641414618904,-0.0031111641060570716,-0.0075029114436893,39.17835671342685,-0.0198372474635621,2024—2025,True,False,订单水平、资金利率与政策利率差、利润原可比同比_百分数,利润原可比同比_百分数,2024M03,2024-04-27T09:30:00+08:00
2912,2024-05-22,499,2912,68.937875751503,3,0.006891139420668108,-0.0030096529410042583,-0.0074327269677552,39.07815631262525,-0.0214634146341462,2024—2025,True,False,订单水平、资金利率与政策利率差、利润原可比同比_百分数,利润原可比同比_百分数,2024M03,2024-04-27T09:30:00+08:00
2913,2024-05-23,499,2913,68.8376753507014,3,0.006910082177116356,-0.0029692707938488356,-0.0073313934993091,38.97795591182365,-0.0112423677393729,2024—2025,True,False,订单水平、资金利率与政策利率差、利润原可比同比_百分数,利润原可比同比_百分数,2024M03,2024-04-27T09:30:00+08:00
2914,2024-05-24,499,2914,68.73747494989979,3,0.006765080102939738,-0.002989014476413854,-0.0073313934993091,38.77755511022044,-0.0099361751558727,2024—2025,True,False,订单水平、资金利率与政策利率差、利润原可比同比_百分数,利润原可比同比_百分数,2024M03,2024-04-27T09:30:00+08:00
2915,2024-05-27,499,2915,68.6372745490982,3,0.0063569928054169325,-0.003088133583195672,-0.0072617509952714,39.17835671342685,-0.0156433712622241,2024—2025,True,False,订单水平、资金利率与政策利率差、利润原可比同比_百分数,利润原可比同比_百分数,2024M04,2024-05-27T09:30:00+08:00
2916,2024-05-28,499,2916,68.5370741482966,3,0.006062920309002319,-0.0031710935643846625,-0.0073156446121036,39.07815631262525,-0.0016295807258491,2024—2025,True,False,订单水平、资金利率与政策利率差、利润原可比同比_百分数,利润原可比同比_百分数,2024M04,2024-05-27T09:30:00+08:00
2917,2024-05-29,499,2917,68.436873747495,3,0.005726554493774208,-0.0031849640276842496,-0.0073924642614991,38.97795591182365,-0.0021847651291577,2024—2025,True,False,订单水平、资金利率与政策利率差、利润原可比同比_百分数,利润原可比同比_百分数,2024M04,2024-05-27T09:30:00+08:00
2918,2024-05-30,499,2918,68.33667334669339,3,0.0053779651459803565,-0.003212118697489895,-0.0074782627393811,38.877755511022045,-0.003016430698935,2024—2025,True,False,订单水平、资金利率与政策利率差、利润原可比同比_百分数,利润原可比同比_百分数,2024M04,2024-05-27T09:30:00+08:00
2919,2024-05-31,499,2919,68.23647294589179,3,0.005167581185406264,-0.0032164597374453765,-0.0075010754969568,38.77755511022044,-0.0066543695021992,2024—2025,True,False,订单水平、资金利率与政策利率差、利润原可比同比_百分数,利润原可比同比_百分数,2024M04,2024-05-27T09:30:00+08:00
2920,2024-06-03,499,2920,68.33667334669339,3,0.004978784231140276,-0.0032627999651431627,-0.0075157447720105,38.877755511022045,-0.0144415903184561,2024—2025,True,False,订单水平、资金利率与政策利率差、利润原可比同比_百分数,利润原可比同比_百分数,2024M04,2024-05-27T09:30:00+08:00
2921,2024-06-04,499,2921,68.436873747495,3,0.004724189718876518,-0.003351350092419183,-0.0075644131941076,38.97795591182365,-0.0190322543915804,2024—2025,True,False,订单水平、资金利率与政策利率差、利润原可比同比_百分数,利润原可比同比_百分数,2024M04,2024-05-27T09:30:00+08:00
2922,2024-06-05,499,2922,68.5370741482966,3,0.004646704713453034,-0.003415115447815364,-0.0075290868103679,39.07815631262525,-0.024880131050073,2024—2025,True,False,订单水平、资金利率与政策利率差、利润原可比同比_百分数,利润原可比同比_百分数,2024M04,2024-05-27T09:30:00+08:00
2923,2024-06-06,499,2923,68.63727454909821,3,0.0045643978478794095,-0.003463435274833747,0.0027614036763628,66.53306613226452,-0.0210275290881982,2024—2025,True,False,订单水平、资金利率与政策利率差、利润原可比同比_百分数,利润原可比同比_百分数,2024M04,2024-05-27T09:30:00+08:00
2924,2024-06-07,499,2924,68.7374749498998,3,0.004474149888988761,-0.003459785090095785,0.0027614036763628,66.73346693386773,-0.0080747314627774,2024—2025,True,False,订单水平、资金利率与政策利率差、利润原可比同比_百分数,利润原可比同比_百分数,2024M04,2024-05-27T09:30:00+08:00
2925,2024-06-11,499,2925,68.83767535070142,3,0.004343226131445373,-0.0034830548396846753,0.0027614036763628,66.93386773547094,0.0006084375719834,2024—2025,True,False,订单水平、资金利率与政策利率差、利润原可比同比_百分数,利润原可比同比_百分数,2024M04,2024-05-27T09:30:00+08:00
2926,2024-06-12,499,2926,64.02805611222445,3,0.001724077379269964,-0.0035454004253584375,-0.0075068822080847,39.478957915831664,-0.0064147423357153,2024—2025,True,False,订单水平、资金利率与政策利率差、原成本范围同比_百分数,原成本范围同比_百分数,2024M04,2024-05-27T09:30:00+08:00
2927,2024-06-13,499,2927,38.57715430861723,1,-0.009487105762725719,-0.003620835022611058,-0.0094871057627257,38.57715430861723,-0.0058933096260223,2024—2025,False,False,订单水平、资金利率与政策利率差、成交活跃度,,2024M04,2024-05-27T09:30:00+08:00
2928,2024-06-14,499,2928,64.22845691382764,3,0.0013783800055459248,-0.003641142612460112,-0.0076729662369668,39.67935871743487,-0.0129334315412494,2024—2025,True,False,订单水平、资金利率与政策利率差、原成本范围同比_百分数,原成本范围同比_百分数,2024M04,2024-05-27T09:30:00+08:00
2929,2024-06-17,499,2929,38.67735470941883,1,-0.009607363772783116,-0.0036958700578334524,-0.0096073637727831,38.67735470941883,-0.0182357678937994,2024—2025,False,False,订单水平、资金利率与政策利率差、成交活跃度,,2024M04,2024-05-27T09:30:00+08:00
2930,2024-06-18,499,2930,33.66733466933868,1,-0.009850709176692712,-0.0037064693827260744,-0.0098507091766927,33.66733466933868,-0.027456245808332,2024—2025,False,False,订单水平、资金利率与政策利率差、订单月度变化,,2024M04,2024-05-27T09:30:00+08:00
2931,2024-06-19,499,2931,64.52905811623246,3,0.0011453159841485674,-0.0036698164614291737,-0.0097597600745303,33.76753507014028,-0.0179835593250718,2024—2025,True,False,订单水平、资金利率与政策利率差、原成本范围同比_百分数,原成本范围同比_百分数,2024M04,2024-05-27T09:30:00+08:00
2932,2024-06-20,499,2932,64.62925851703406,3,0.0010916985492559152,-0.0036657458205609787,-0.0097309237147129,33.86773547094188,-0.0152726185867601,2024—2025,True,False,订单水平、资金利率与政策利率差、原成本范围同比_百分数,原成本范围同比_百分数,2024M04,2024-05-27T09:30:00+08:00
2933,2024-06-21,499,2933,33.967935871743485,1,-0.009698123594296781,-0.003736571217932416,-0.0096981235942967,33.967935871743485,-0.0073546166245423,2024—2025,False,False,订单水平、资金利率与政策利率差、订单月度变化,,2024M04,2024-05-27T09:30:00+08:00
2934,2024-06-24,499,2934,34.06813627254509,1,-0.009725541458254014,-0.0037980526410522257,-0.009725541458254,34.06813627254509,-0.0033697866952103,2024—2025,False,False,订单水平、资金利率与政策利率差、订单月度变化,,2024M04,2024-05-27T09:30:00+08:00
2935,2024-06-25,499,2935,34.168336673346694,1,-0.009797055966115737,-0.003862829398254439,-0.0097970559661157,34.168336673346694,0.0038022787430795,2024—2025,False,False,订单水平、资金利率与政策利率差、订单月度变化,,2024M04,2024-05-27T09:30:00+08:00
2936,2024-06-26,499,2936,60.22044088176352,3,-0.0013373597598636032,-0.0039814208264608054,-0.0013373597598636,60.22044088176352,-0.002229560379626,2024—2025,False,False,订单水平、资金利率与政策利率差、成交活跃度,,2024M04,2024-05-27T09:30:00+08:00
2937,2024-06-27,499,2937,60.42084168336673,3,-0.0013373597598636032,-0.004090388678365714,-0.0013373597598636,60.42084168336673,-0.0042471797939822,2024—2025,False,False,订单水平、资金利率与政策利率差、成交活跃度,,2024M05,2024-06-27T09:30:00+08:00
2938,2024-06-28,499,2938,60.62124248496994,3,-0.0013373597598636032,-0.004176129014512131,-0.0013373597598636,60.62124248496994,-0.0133934395305184,2024—2025,False,False,订单水平、资金利率与政策利率差、成交活跃度,,2024M05,2024-06-27T09:30:00+08:00
2939,2024-07-01,499,2939,60.72144288577154,3,-0.0014145040786415364,-0.004230090424449181,-0.0014145040786415,60.72144288577154,-0.0216520595878285,2024—2025,False,False,订单水平、资金利率与政策利率差、成交活跃度,,2024M05,2024-06-27T09:30:00+08:00
2940,2024-07-02,499,2940,39.37875751503006,1,-0.009880979540986597,-0.004288025851638563,-0.0098809795409865,39.37875751503006,-0.011654343408434,2024—2025,False,False,订单水平、资金利率与政策利率差、成交活跃度,,2024M05,2024-06-27T09:30:00+08:00
2941,2024-07-03,499,2941,39.37875751503006,1,-0.009880979540986596,-0.004275919563894598,-0.0098809795409865,39.37875751503006,-0.0039427180228852,2024—2025,False,False,订单水平、资金利率与政策利率差、成交活跃度,,2024M05,2024-06-27T09:30:00+08:00
2942,2024-07-04,499,2942,61.02204408817635,3,-0.0013843010674789717,-0.004296945295744773,-0.0013843010674789,61.02204408817635,0.0086918600435472,2024—2025,False,False,订单水平、资金利率与政策利率差、成交活跃度,,2024M05,2024-06-27T09:30:00+08:00
2943,2024-07-05,499,2943,61.12224448897795,3,-0.0014192142226802313,-0.00433849287998497,-0.0014192142226802,61.12224448897795,0.014238935395451,2024—2025,False,False,订单水平、资金利率与政策利率差、成交活跃度,,2024M05,2024-06-27T09:30:00+08:00
2944,2024-07-08,499,2944,39.37875751503006,1,-0.009880979540986589,-0.004398354600151088,-0.0098809795409865,39.37875751503006,0.0233580904952321,2024—2025,False,False,订单水平、资金利率与政策利率差、成交活跃度,,2024M05,2024-06-27T09:30:00+08:00
2945,2024-07-09,499,2945,61.32264529058116,3,-0.0018026317306919755,-0.00449287532127504,-0.0018026317306919,61.32264529058116,0.0213855634216899,2024—2025,False,False,订单水平、资金利率与政策利率差、成交活跃度,,2024M05,2024-06-27T09:30:00+08:00
2946,2024-07-10,499,2946,39.47895791583166,1,-0.009894018981188411,-0.004594820410157003,-0.0098940189811884,39.47895791583166,0.0114972900364753,2024—2025,False,False,订单水平、资金利率与政策利率差、成交活跃度,,2024M05,2024-06-27T09:30:00+08:00
2947,2024-07-11,499,2947,61.72344689378757,3,-0.0018026317306919755,-0.0046469504491998504,-0.0018026317306919,61.72344689378757,0.0122766256228661,2024—2025,False,False,订单水平、资金利率与政策利率差、成交活跃度,,2024M05,2024-06-27T09:30:00+08:00
2948,2024-07-12,499,2948,39.57915831663327,1,-0.009850578828208098,-0.00462001835922591,-0.009850578828208,39.57915831663327,0.0208046511125279,2024—2025,False,False,订单水平、资金利率与政策利率差、成交活跃度,,2024M05,2024-06-27T09:30:00+08:00
2949,2024-07-15,499,2949,61.923847695390776,3,-0.0014940729062689255,-0.0046483590151735945,-0.0014940729062689,61.923847695390776,0.0099748976686284,2024—2025,False,False,订单水平、资金利率与政策利率差、成交活跃度,,2024M05,2024-06-27T09:30:00+08:00
2950,2024-07-16,499,2950,62.124248496993985,3,-0.0014940729062689255,-0.004640585874208374,-0.0014940729062689,62.12424849699399,-0.0182357678937994,2024—2025,False,False,订单水平、资金利率与政策利率差、成交活跃度,,2024M05,2024-06-27T09:30:00+08:00
2951,2024-07-17,499,2951,62.22444889779559,3,-0.0012310885806602028,-0.004645875672040017,-0.0012310885806602,62.22444889779559,-0.0247579388554873,2024—2025,False,False,订单水平、资金利率与政策利率差、成交活跃度,,2024M05,2024-06-27T09:30:00+08:00
2952,2024-07-18,499,2952,62.4248496993988,3,-0.0012310885806602028,-0.0046894386608376986,-0.0012310885806602,62.4248496993988,-0.0324358908720064,2024—2025,False,False,订单水平、资金利率与政策利率差、成交活跃度,,2024M05,2024-06-27T09:30:00+08:00
2953,2024-07-19,499,2953,62.525050100200396,3,-0.0010775918283474036,-0.0047345483585547925,-0.0010775918283474,62.5250501002004,-0.0377248378225815,2024—2025,False,False,订单水平、资金利率与政策利率差、成交活跃度,,2024M05,2024-06-27T09:30:00+08:00
2954,2024-07-22,499,2954,62.525050100200396,3,-0.0010775918283474036,-0.0047529710817863875,-0.0010775918283474,71.54308617234469,-0.0366253498600558,2024—2025,False,False,订单水平、资金利率与政策利率差、成交活跃度,,2024M05,2024-06-27T09:30:00+08:00
2955,2024-07-23,499,2955,27.45490981963928,1,-0.009241923341573383,-0.004748991238710514,-0.0092419233415733,27.45490981963928,-0.0213605326660418,2024—2025,False,False,订单水平、资金利率与政策利率差、成交活跃度,,2024M05,2024-06-27T09:30:00+08:00
2956,2024-07-24,499,2956,62.725450901803605,3,-0.001145432790219361,-0.004809047454069499,-0.0011454327902193,71.34268537074148,0.0078439212550274,2024—2025,False,False,订单水平、资金利率与政策利率差、成交活跃度,,2024M05,2024-06-27T09:30:00+08:00
2957,2024-07-25,499,2957,62.62525050100201,3,-0.0014049108788486797,-0.00485350253633758,-0.0014049108788486,71.24248496993988,-0.0031073021137965,2024—2025,False,False,订单水平、资金利率与政策利率差、成交活跃度,,2024M05,2024-06-27T09:30:00+08:00
2958,2024-07-26,499,2958,43.7875751503006,2,-0.00380252139027479,-0.004908369416377177,-0.0038025213902747,43.7875751503006,-0.0143179343115948,2024—2025,False,False,订单水平、资金利率与政策利率差、指数趋势强度,,2024M05,2024-06-27T09:30:00+08:00
2959,2024-07-29,499,2959,43.7875751503006,2,-0.00380252139027479,-0.004965109427268884,-0.0038025213902747,43.7875751503006,-0.0083298854371296,2024—2025,False,False,订单水平、资金利率与政策利率差、指数趋势强度,,2024M06,2024-07-27T09:30:00+08:00
2960,2024-07-30,499,2960,43.7875751503006,2,-0.00380252139027479,-0.0050181443679843145,-0.0038025213902747,43.7875751503006,-0.011853424569037,2024—2025,False,False,订单水平、资金利率与政策利率差、指数趋势强度,,2024M06,2024-07-27T09:30:00+08:00
2961,2024-07-31,499,2961,20.440881763527052,1,-0.012751171365989893,-0.0049912905604309185,-0.0127511713659898,20.44088176352705,-0.0332893653719343,2024—2025,False,False,订单水平、资金利率与政策利率差、指数趋势强度,,2024M06,2024-07-27T09:30:00+08:00
2962,2024-08-01,499,2962,20.240480961923847,1,-0.012751171365989893,-0.004905073520886579,-0.0127511713659898,20.240480961923847,-0.0157992230359588,2024—2025,False,False,订单水平、资金利率与政策利率差、指数趋势强度,,2024M06,2024-07-27T09:30:00+08:00
2963,2024-08-02,499,2963,43.587174348697395,2,-0.0037268056729632534,-0.004864700138548787,-0.0037268056729632,43.5871743486974,-0.0147623046851128,2024—2025,False,False,订单水平、资金利率与政策利率差、指数趋势强度,,2024M06,2024-07-27T09:30:00+08:00
2964,2024-08-05,499,2964,43.48697394789579,2,-0.0037913857256378367,-0.004824539221745872,-0.0037913857256378,43.48697394789579,-0.0139010829234741,2024—2025,False,False,订单水平、资金利率与政策利率差、指数趋势强度,,2024M06,2024-07-27T09:30:00+08:00
2965,2024-08-06,499,2965,43.38677354709419,2,-0.003818891784495363,-0.004774847430961243,-0.0038188917844953,43.38677354709419,-0.0049079927500366,2024—2025,False,False,订单水平、资金利率与政策利率差、指数趋势强度,,2024M06,2024-07-27T09:30:00+08:00
2966,2024-08-07,499,2966,43.28657314629258,2,-0.00386729258440224,-0.004771894983677841,-0.0038672925844022,43.28657314629258,-0.0122610955617753,2024—2025,False,False,订单水平、资金利率与政策利率差、指数趋势强度,,2024M06,2024-07-27T09:30:00+08:00
2967,2024-08-08,499,2967,43.28657314629258,2,-0.00386729258440224,-0.004825522890715301,-0.0038672925844022,43.28657314629258,-0.0066429568523467,2024—2025,False,False,订单水平、资金利率与政策利率差、指数趋势强度,,2024M06,2024-07-27T09:30:00+08:00
2968,2024-08-09,499,2968,43.28657314629258,2,-0.00386729258440224,-0.004832618729680074,-0.0038672925844022,43.28657314629258,0.0021434725079039,2024—2025,False,False,订单水平、资金利率与政策利率差、指数趋势强度,,2024M06,2024-07-27T09:30:00+08:00
2969,2024-08-12,499,2969,43.987975951903806,2,-0.003561081158615795,-0.004833472060255805,-0.0035610811586157,43.987975951903806,0.0065582014616833,2024—2025,False,False,订单水平、资金利率与政策利率差、指数趋势强度,,2024M06,2024-07-27T09:30:00+08:00
2970,2024-08-13,499,2970,43.8877755511022,2,-0.0036257061696461598,-0.0048425652264506075,-0.0036257061696461,43.8877755511022,-0.0043273070295271,2024—2025,False,False,订单水平、资金利率与政策利率差、指数趋势强度,,2024M06,2024-07-27T09:30:00+08:00
2971,2024-08-14,499,2971,43.7875751503006,2,-0.0036336706825678394,-0.0048185163322615205,-0.0036336706825678,43.7875751503006,0.0042422923973775,2024—2025,False,False,订单水平、资金利率与政策利率差、指数趋势强度,,2024M06,2024-07-27T09:30:00+08:00
2972,2024-08-15,499,2972,43.687374749499,2,-0.00368692639169875,-0.004813833932187565,-0.0036869263916987,43.687374749499,-0.0128205759949541,2024—2025,False,False,订单水平、资金利率与政策利率差、指数趋势强度,,2024M06,2024-07-27T09:30:00+08:00
2973,2024-08-16,499,2973,43.587174348697395,2,-0.0037050615478990442,-0.004810247752835165,-0.003705061547899,43.5871743486974,-0.0072404674227584,2024—2025,False,False,订单水平、资金利率与政策利率差、指数趋势强度,,2024M06,2024-07-27T09:30:00+08:00
2974,2024-08-19,499,2974,43.48697394789579,2,-0.0036693997548758557,-0.004791328900636388,-0.0036693997548758,43.48697394789579,-0.0139163704413216,2024—2025,False,False,订单水平、资金利率与政策利率差、指数趋势强度,,2024M06,2024-07-27T09:30:00+08:00
2975,2024-08-20,499,2975,43.38677354709419,2,-0.003607414292957315,-0.00473504190216946,-0.0036074142929573,43.38677354709419,-0.0093348227719222,2024—2025,False,False,订单水平、资金利率与政策利率差、指数趋势强度,,2024M06,2024-07-27T09:30:00+08:00
2976,2024-08-21,499,2976,43.28657314629258,2,-0.003611750996189663,-0.004706103536770943,-0.0036117509961896,43.28657314629258,-0.0152253771443691,2024—2025,False,False,订单水平、资金利率与政策利率差、指数趋势强度,,2024M06,2024-07-27T09:30:00+08:00
2977,2024-08-22,499,2977,43.18637274549098,2,-0.0035647207962281827,-0.004640053247423484,-0.0035647207962281,43.18637274549098,-0.0117538762272868,2024—2025,False,False,订单水平、资金利率与政策利率差、指数趋势强度,,2024M06,2024-07-27T09:30:00+08:00
2978,2024-08-23,499,2978,43.08617234468938,2,-0.003619815172411075,-0.004588185088205993,-0.003619815172411,43.08617234468938,-0.0072669961141756,2024—2025,False,False,订单水平、资金利率与政策利率差、指数趋势强度,,2024M06,2024-07-27T09:30:00+08:00
2979,2024-08-26,499,2979,42.985971943887776,2,-0.0036412391502237814,-0.004537116370592442,-0.0036412391502237,42.985971943887776,-0.0199527384563719,2024—2025,False,False,订单水平、资金利率与政策利率差、指数趋势强度,,2024M06,2024-07-27T09:30:00+08:00
2980,2024-08-27,499,2980,42.88577154308617,2,-0.0037016810989949456,-0.004556269556142612,-0.0037016810989949,42.88577154308617,-0.0147185938902446,2024—2025,False,False,订单水平、资金利率与政策利率差、指数趋势强度,,2024M07,2024-08-27T09:30:00+08:00
2981,2024-08-28,499,2981,42.985971943887776,2,-0.0037346234479594324,-0.00456482285276511,-0.0037346234479594,42.985971943887776,-0.0100377385580213,2024—2025,False,False,订单水平、资金利率与政策利率差、指数趋势强度,,2024M07,2024-08-27T09:30:00+08:00
2982,2024-08-29,499,2982,43.08617234468938,2,-0.0038014301554966977,-0.004599473729597477,-0.0038014301554966,43.08617234468938,-0.0052790599241474,2024—2025,False,False,订单水平、资金利率与政策利率差、指数趋势强度,,2024M07,2024-08-27T09:30:00+08:00
2983,2024-08-30,499,2983,6.212424849699398,0,-0.01815194439742674,-0.004637855028639241,-0.0181519443974267,6.212424849699398,-0.0294325991907521,2024—2025,False,False,订单水平、资金利率与政策利率差,,2024M07,2024-08-27T09:30:00+08:00
2984,2024-09-02,499,2984,90.38076152304609,4,0.0067828579510160955,-0.004692201515088558,0.006782857951016,90.38076152304608,-0.0232771918227311,2024—2025,False,False,订单水平、融资五日净变化,,2024M07,2024-08-27T09:30:00+08:00
2985,2024-09-03,499,2985,70.94188376753507,3,-0.0031108259752815857,-0.004745342973109392,-0.0031108259752815,70.94188376753507,-0.0265661651381424,2024—2025,False,False,订单水平、融资五日净变化,,2024M07,2024-08-27T09:30:00+08:00
2986,2024-09-04,499,2986,71.14228456913827,3,-0.0031108259752815857,-0.00479132344479825,-0.0031108259752815,71.14228456913827,-0.0233041918367787,2024—2025,False,False,订单水平、融资五日净变化,,2024M07,2024-08-27T09:30:00+08:00
2987,2024-09-05,499,2987,71.34268537074148,3,-0.0031108259752815857,-0.004821259866008746,-0.0031108259752815,71.34268537074148,-0.0301263142541725,2024—2025,False,False,订单水平、融资五日净变化,,2024M07,2024-08-27T09:30:00+08:00
2988,2024-09-06,499,2988,71.44288577154309,3,-0.003319738171355935,-0.004867052534065311,-0.0033197381713559,71.44288577154309,-0.0229300270183189,2024—2025,False,False,订单水平、融资五日净变化,,2024M07,2024-08-27T09:30:00+08:00
2989,2024-09-09,499,2989,90.68136272545091,4,0.006789928140785046,-0.004911732887402387,0.006789928140785,90.68136272545092,-0.0093633804513088,2024—2025,False,False,订单水平、融资五日净变化,,2024M07,2024-08-27T09:30:00+08:00
2990,2024-09-10,499,2990,34.368737474949896,1,-0.004229634758872501,-0.004932260675040009,0.0064700651624497,90.5811623246493,-0.0017200365785524,2024—2025,True,False,订单水平、产成品库存周转_天,产成品库存周转_天,2024M07,2024-08-27T09:30:00+08:00
2991,2024-09-11,499,2991,34.46893787575151,1,-0.004495545834816191,-0.004971190701994896,0.0064700651624497,90.5811623246493,-0.0001872373943465,2024—2025,True,False,订单水平、产成品库存周转_天,产成品库存周转_天,2024M07,2024-08-27T09:30:00+08:00
2992,2024-09-12,499,2992,33.46693386773547,1,-0.009615651506336071,-0.005010624074903734,-0.009615651506336,33.46693386773547,0.017960313566171,2024—2025,False,False,订单水平、资金利率与政策利率差、订单月度变化,,2024M07,2024-08-27T09:30:00+08:00
2993,2024-09-13,499,2993,33.567134268537075,1,-0.009449677268381319,-0.005009908219926343,-0.0094496772683813,33.567134268537075,0.0777508866462699,2024—2025,False,False,订单水平、资金利率与政策利率差、订单月度变化,,2024M07,2024-08-27T09:30:00+08:00
2994,2024-09-18,499,2994,8.216432865731463,0,-0.018050543727602033,-0.005023088093684999,-0.018050543727602,8.216432865731463,0.0659777973627302,2024—2025,False,False,订单水平、资金利率与政策利率差,,2024M07,2024-08-27T09:30:00+08:00
2995,2024-09-19,499,2995,33.76753507014028,1,-0.009527099539669551,-0.005007392272929842,-0.0095270995396695,33.76753507014028,0.132141134962324,2024—2025,False,False,订单水平、资金利率与政策利率差、订单月度变化,,2024M07,2024-08-27T09:30:00+08:00
2996,2024-09-20,499,2996,33.86773547094188,1,-0.009482231361732095,-0.004967185215194288,-0.0094822313617321,33.86773547094188,0.2217536450131221,2024—2025,False,False,订单水平、资金利率与政策利率差、订单月度变化,,2024M07,2024-08-27T09:30:00+08:00
2997,2024-09-23,499,2997,33.967935871743485,1,-0.009429117110489894,-0.004909272653514011,-0.0094291171104899,33.967935871743485,0.4006270909357776,2024—2025,False,False,订单水平、资金利率与政策利率差、订单月度变化,,2024M07,2024-08-27T09:30:00+08:00
2998,2024-09-24,499,2998,34.06813627254509,1,-0.009273495345281595,-0.004855785369019131,-0.0092734953452816,34.06813627254509,0.2243279041088974,2024—2025,False,False,订单水平、资金利率与政策利率差、订单月度变化,,2024M07,2024-08-27T09:30:00+08:00
2999,2024-09-25,499,2999,34.168336673346694,1,-0.008781832170188086,-0.004660561078826305,-0.008781832170188,34.168336673346694,0.1698586694354518,2024—2025,False,False,订单水平、资金利率与政策利率差、订单月度变化,,2024M07,2024-08-27T09:30:00+08:00
3000,2024-09-26,499,3000,88.77755511022045,4,0.007651672988358632,-0.004490032541777954,-0.0029786196960717,71.04208416833667,0.0930776717390795,2024—2025,True,False,订单水平、应收回收期同比变化_天,应收回收期同比变化_天,2024M07,2024-08-27T09:30:00+08:00
3001,2024-09-27,499,3001,88.77755511022045,4,0.008986655796793907,-0.004190397121848594,-0.0029786196960717,71.04208416833667,-0.0080222148428763,2024—2025,True,False,订单水平、应收回收期同比变化_天,应收回收期同比变化_天,2024M08,2024-09-27T09:30:00+08:00
3002,2024-09-30,499,3002,19.338677354709414,0,-0.013181983732406335,-0.003726454903994263,-0.0131819837324063,19.33867735470941,-0.1405719625902051,2024—2025,False,False,订单水平、资金利率与政策利率差、指数趋势强度,,2024M08,2024-09-27T09:30:00+08:00
3003,2024-10-08,499,3003,19.138276553106213,0,-0.013181983732406335,-0.0029137600566035513,-0.0131819837324063,19.138276553106213,-0.0946639526007779,2024—2025,False,False,订单水平、资金利率与政策利率差、指数趋势强度,,2024M08,2024-09-27T09:30:00+08:00
3004,2024-10-09,499,3004,18.937875751503004,0,-0.013181983732406335,-0.002456276626417318,-0.0131819837324063,18.937875751503004,-0.0373348574680557,2024—2025,False,False,订单水平、资金利率与政策利率差、指数趋势强度,,2024M08,2024-09-27T09:30:00+08:00
3005,2024-10-10,499,3005,18.7374749498998,0,-0.013181983732406335,-0.002154029563512568,-0.0131819837324063,18.7374749498998,-0.0519650337796934,2024—2025,False,False,订单水平、资金利率与政策利率差、指数趋势强度,,2024M08,2024-09-27T09:30:00+08:00
3006,2024-10-11,499,3006,18.637274549098194,0,-0.013270500146481052,-0.0019800619534736962,-0.013270500146481,18.637274549098198,0.0044579512219165,2024—2025,False,False,订单水平、资金利率与政策利率差、指数趋势强度,,2024M08,2024-09-27T09:30:00+08:00
3007,2024-10-14,499,3007,6.012024048096192,0,-0.019565122558741353,-0.0020077161140802224,-0.0195651225587413,6.012024048096192,-0.0062693011872135,2024—2025,False,False,订单水平、资金利率与政策利率差,,2024M08,2024-09-27T09:30:00+08:00
3008,2024-10-15,499,3008,18.837675350701403,0,-0.015179467970806321,-0.0022606564735255462,-0.0151794679708063,18.837675350701403,0.0351150938854238,2024—2025,False,False,订单水平、资金利率与政策利率差、指数趋势强度,,2024M08,2024-09-27T09:30:00+08:00
3009,2024-10-16,499,3009,18.7374749498998,0,-0.016365803562298435,-0.0023893513386370347,-0.0163658035622984,18.7374749498998,0.0243454219735594,2024—2025,False,False,订单水平、资金利率与政策利率差、指数趋势强度,,2024M08,2024-09-27T09:30:00+08:00
3010,2024-10-17,499,3010,8.817635270541082,0,-0.017120944385181577,-0.0023809548623026054,-0.0171209443851815,8.817635270541082,0.0367156089402664,2024—2025,False,False,订单水平、指数趋势强度,,2024M08,2024-09-27T09:30:00+08:00
3011,2024-10-18,499,3011,8.917835671342687,0,-0.01751245100759182,-0.002404632924697231,-0.0175124510075918,8.917835671342687,0.0011877894292307,2024—2025,False,False,订单水平、指数趋势强度,,2024M08,2024-09-27T09:30:00+08:00
3012,2024-10-21,499,3012,9.01803607214429,0,-0.01726833542726395,-0.0022983062343550783,-0.0172683354272639,9.01803607214429,0.0086761402252175,2024—2025,False,False,订单水平、指数趋势强度,,2024M08,2024-09-27T09:30:00+08:00
3013,2024-10-22,499,3013,9.118236472945892,0,-0.017147466919131528,-0.0022337234401059347,-0.0171474669191315,9.118236472945892,-0.012903713669044,2024—2025,False,False,订单水平、指数趋势强度,,2024M08,2024-09-27T09:30:00+08:00
3014,2024-10-23,499,3014,9.218436873747494,0,-0.016579395606038532,-0.0021106630626564816,-0.0165793956060385,9.218436873747494,-0.0200768567171202,2024—2025,False,False,订单水平、指数趋势强度,,2024M08,2024-09-27T09:30:00+08:00
3015,2024-10-24,499,3015,9.318637274549097,0,-0.016139343804107382,-0.0020078530856265228,-0.0161393438041073,9.318637274549095,-0.0149780267131384,2024—2025,False,False,订单水平、指数趋势强度,,2024M08,2024-09-27T09:30:00+08:00
3016,2024-10-25,499,3016,9.418837675350701,0,-0.015577057072784246,-0.0019060337196853084,-0.0155770570727842,9.4188376753507,-0.0161339424626189,2024—2025,False,False,订单水平、指数趋势强度,,2024M08,2024-09-27T09:30:00+08:00
3017,2024-10-28,499,3017,9.519038076152304,0,-0.015400585004341985,-0.0018832893557401134,-0.0154005850043419,9.519038076152304,-0.0096705091083172,2024—2025,False,False,订单水平、指数趋势强度,,2024M09,2024-10-27T09:30:00+08:00
3018,2024-10-29,499,3018,9.619238476953909,0,-0.015149785783200738,-0.0018414063807941315,-0.0151497857832007,9.619238476953909,0.0306279884451612,2024—2025,False,False,订单水平、指数趋势强度,,2024M09,2024-10-27T09:30:00+08:00
3019,2024-10-30,499,3019,9.719438877755511,0,-0.015126630400580567,-0.001844633600515173,-0.0151266304005805,9.719438877755511,0.0248530841879204,2024—2025,False,False,订单水平、指数趋势强度,,2024M09,2024-10-27T09:30:00+08:00
3020,2024-10-31,499,3020,9.819639278557114,0,-0.015177142914014643,-0.0018182919179401435,-0.0151771429140146,9.819639278557114,0.077011030265313,2024—2025,False,False,订单水平、指数趋势强度,,2024M09,2024-10-27T09:30:00+08:00
3021,2024-11-01,499,3021,9.919839679358718,0,-0.015175131639258327,-0.0017674022519867704,-0.0151751316392583,9.919839679358718,0.0395593894905659,2024—2025,False,False,订单水平、指数趋势强度,,2024M09,2024-10-27T09:30:00+08:00
3022,2024-11-04,499,3022,31.362725450901806,1,-0.010265205301736838,-0.0017429639231892392,-0.0102652053017368,31.36272545090181,0.0428486833114853,2024—2025,False,False,订单水平、指数趋势强度、成交活跃度,,2024M09,2024-10-27T09:30:00+08:00
3023,2024-11-05,499,3023,75.65130260521042,3,0.00046406176581108993,-0.0017345491176258077,0.000464061765811,63.827655310621246,-7.597154281713259e-05,2024—2025,False,False,订单水平、指数趋势强度、成交活跃度,,2024M09,2024-10-27T09:30:00+08:00
3024,2024-11-06,499,3024,10.220440881763528,0,-0.014681514660905379,-0.0016819134931611369,-0.0146815146609053,10.220440881763528,0.0231713434577209,2024—2025,False,False,订单水平、指数趋势强度,,2024M09,2024-10-27T09:30:00+08:00
3025,2024-11-07,499,3025,10.32064128256513,0,-0.014297683604120658,-0.0016964605315886016,-0.0142976836041206,10.32064128256513,-0.042287353777873,2024—2025,False,False,订单水平、指数趋势强度,,2024M09,2024-10-27T09:30:00+08:00
3026,2024-11-08,499,3026,10.420841683366733,0,-0.013419715201529951,-0.0015907062254490148,-0.0134197152015299,10.420841683366731,-0.0226729611258695,2024—2025,False,False,订单水平、指数趋势强度,,2024M09,2024-10-27T09:30:00+08:00
3027,2024-11-11,499,3027,78.2565130260521,3,3.648696444184344e-05,-0.0015077295667797316,-0.001041277981438,64.62925851703407,-0.0434701564214171,2024—2025,True,False,订单水平、订单水平、应收平均回收期_天,应收平均回收期_天,2024M09,2024-10-27T09:30:00+08:00
3028,2024-11-12,499,3028,78.15631262525051,3,0.0007054275323643989,-0.0014083140881151854,-0.0005060345510365,64.52905811623246,-0.0282145625504308,2024—2025,True,False,订单水平、订单水平、应收平均回收期_天,应收平均回收期_天,2024M09,2024-10-27T09:30:00+08:00
3029,2024-11-13,499,3029,78.05611222444891,3,0.0006934060081308369,-0.0013534525964526488,-0.0005008530690097,64.42885771543087,-0.0336853572427454,2024—2025,True,False,订单水平、订单水平、应收平均回收期_天,应收平均回收期_天,2024M09,2024-10-27T09:30:00+08:00
3030,2024-11-14,499,3030,77.9559118236473,3,0.0010339808179731119,-0.0011830679078219236,-0.0002190412055963,64.32865731462925,-0.0136565912600729,2024—2025,True,False,订单水平、订单水平、应收平均回收期_天,应收平均回收期_天,2024M09,2024-10-27T09:30:00+08:00
3031,2024-11-15,499,3031,10.721442885771543,0,-0.012852401885875712,-0.0011592500279221233,-0.0128524018858757,10.721442885771545,-0.0314424769836909,2024—2025,False,False,订单水平、指数趋势强度,,2024M09,2024-10-27T09:30:00+08:00
3032,2024-11-18,499,3032,10.821643286573146,0,-0.012943332989949737,-0.0011564801566248404,-0.0129433329899497,10.821643286573146,-0.0341475276391297,2024—2025,False,False,订单水平、指数趋势强度,,2024M09,2024-10-27T09:30:00+08:00
3033,2024-11-19,499,3033,10.92184368737475,0,-0.013223395590238421,-0.001154409702623741,-0.0132233955902384,10.92184368737475,-0.0350847565195101,2024—2025,False,False,订单水平、指数趋势强度,,2024M09,2024-10-27T09:30:00+08:00
3034,2024-11-20,499,3034,11.022044088176353,0,-0.013359678926240168,-0.0010898263287983853,-0.0133596789262401,11.022044088176353,-0.0216931677513497,2024—2025,False,False,订单水平、指数趋势强度,,2024M09,2024-10-27T09:30:00+08:00
3035,2024-11-21,499,3035,11.122244488977955,0,-0.01354279314530779,-0.0010934252071996696,-0.0135427931453077,11.122244488977955,-0.0302167651094613,2024—2025,False,False,订单水平、指数趋势强度,,2024M09,2024-10-27T09:30:00+08:00
3036,2024-11-22,499,3036,33.26653306613226,1,-0.00801237664134543,-0.0011121436541443061,-0.0080123766413454,45.29058116232465,0.0077814794769133,2024—2025,False,False,订单水平、指数趋势强度、成交活跃度,,2024M09,2024-10-27T09:30:00+08:00
3037,2024-11-25,499,3037,33.46693386773547,1,-0.00801237664134543,-0.001157502862561076,-0.0080123766413454,45.49098196392786,0.0264883326914258,2024—2025,False,False,订单水平、指数趋势强度、成交活跃度,,2024M09,2024-10-27T09:30:00+08:00
3038,2024-11-26,499,3038,33.567134268537075,1,-0.008130522975674669,-0.0012352118981743283,-0.0081305229756746,45.59118236472946,0.0259646141543383,2024—2025,False,False,订单水平、指数趋势强度、成交活跃度,,2024M09,2024-10-27T09:30:00+08:00
3039,2024-11-27,499,3039,11.52304609218437,0,-0.014065925143752767,-0.0014279523930026852,-0.0140659251437527,11.52304609218437,0.0024574924293072,2024—2025,False,False,订单水平、指数趋势强度,,2024M10,2024-11-27T09:30:00+08:00
3040,2024-11-28,499,3040,11.623246492985972,0,-0.014131677235197575,-0.0016042838824901868,-0.0141316772351975,11.623246492985972,0.0087789304056378,2024—2025,False,False,订单水平、指数趋势强度,,2024M10,2024-11-27T09:30:00+08:00
3041,2024-11-29,499,3041,11.723446893787576,0,-0.01426915661873829,-0.0017272868764106387,-0.0142691566187382,11.723446893787576,0.0111877268587692,2024—2025,False,False,订单水平、指数趋势强度,,2024M10,2024-11-27T09:30:00+08:00
3042,2024-12-02,499,3042,11.723446893787576,0,-0.014269156618738283,-0.001723543573145743,-0.0142691566187382,11.723446893787576,0.0336213470002335,2024—2025,False,False,订单水平、指数趋势强度,,2024M10,2024-11-27T09:30:00+08:00
3043,2024-12-03,499,3043,34.3687374749499,1,-0.0076669371213656,-0.0017385023673674753,-0.0076669371213656,34.3687374749499,0.0086103848423457,2024—2025,False,False,订单水平、指数趋势强度、成交活跃度,,2024M10,2024-11-27T09:30:00+08:00
3044,2024-12-04,499,3044,76.25250501002004,3,-0.00011519837801761134,-0.0017268676701792448,-0.0073611957461319,34.46893787575151,0.014396335706555,2024—2025,True,False,订单水平、指数趋势强度、应收平均回收期_天,应收平均回收期_天,2024M10,2024-11-27T09:30:00+08:00
3045,2024-12-05,499,3045,76.25250501002004,3,-0.00011519837801761134,-0.0017203402702649043,-0.0073611957461319,34.66933867735471,0.0178792889623813,2024—2025,True,False,订单水平、指数趋势强度、应收平均回收期_天,应收平均回收期_天,2024M10,2024-11-27T09:30:00+08:00
3046,2024-12-06,499,3046,76.15230460921843,3,-1.1778275882083085e-05,-0.0017531074730750855,-7.740827507271187e-05,76.65330661322646,-0.0121234580816601,2024—2025,True,False,订单水平、指数趋势强度、应收平均回收期_天,应收平均回收期_天,2024M10,2024-11-27T09:30:00+08:00
3047,2024-12-09,499,3047,76.15230460921843,3,-1.1778275882083085e-05,-0.0017973605584229162,-0.007215789204224,34.969939879759515,-0.047368528687951,2024—2025,True,False,订单水平、指数趋势强度、应收平均回收期_天,应收平均回收期_天,2024M10,2024-11-27T09:30:00+08:00
3048,2024-12-10,499,3048,76.15230460921843,3,-1.1778275882083085e-05,-0.0017450412239145424,-7.740827507271187e-05,76.65330661322646,-0.0174407826876596,2024—2025,True,False,订单水平、指数趋势强度、应收平均回收期_天,应收平均回收期_天,2024M10,2024-11-27T09:30:00+08:00
3049,2024-12-11,499,3049,76.05210420841684,3,8.732704731593828e-05,-0.0016907743633942905,-0.0070744840788082,35.27054108216433,-0.0218509362546014,2024—2025,True,False,订单水平、指数趋势强度、应收平均回收期_天,应收平均回收期_天,2024M10,2024-11-27T09:30:00+08:00
3050,2024-12-12,499,3050,18.036072144288575,0,-0.007968511670665892,-0.0016483465622607915,-0.0079685116706658,18.03607214428857,-0.0198227762836775,2024—2025,False,False,订单水平、指数趋势强度、成交活跃度,,2024M10,2024-11-27T09:30:00+08:00
3051,2024-12-13,499,3051,78.05611222444891,3,0.0004480121099485735,-0.0015567946922388951,-7.740827507271187e-05,76.65330661322646,-0.0035317714823095,2024—2025,True,False,订单水平、指数趋势强度、应收平均回收期_天,应收平均回收期_天,2024M10,2024-11-27T09:30:00+08:00
3052,2024-12-16,499,3052,78.15631262525051,3,0.0003083291078195876,-0.001556838317878641,-0.0066672508083999,35.47094188376754,0.0047000464262632,2024—2025,True,False,订单水平、指数趋势强度、应收平均回收期_天,应收平均回收期_天,2024M10,2024-11-27T09:30:00+08:00
3053,2024-12-17,499,3053,78.2565130260521,3,-0.00021559240641965018,-0.0016135772836089965,-0.0070211749638742,35.571142284569135,0.0096267579924553,2024—2025,True,False,订单水平、指数趋势强度、应收平均回收期_天,应收平均回收期_天,2024M10,2024-11-27T09:30:00+08:00
3054,2024-12-18,499,3054,78.3567134268537,3,-0.0004028227355635637,-0.0016088695351681886,-0.0070211749638742,35.571142284569135,0.0149220032266814,2024—2025,True,False,订单水平、指数趋势强度、应收平均回收期_天,应收平均回收期_天,2024M10,2024-11-27T09:30:00+08:00
3055,2024-12-19,499,3055,78.45691382765531,3,-0.0006334476121123581,-0.0016400800404930607,-0.0071490177336219,35.671342685370746,0.0096164066019162,2024—2025,True,False,订单水平、指数趋势强度、应收平均回收期_天,应收平均回收期_天,2024M10,2024-11-27T09:30:00+08:00
3056,2024-12-20,499,3056,18.236472945891784,0,-0.007997727790170656,-0.0017148573891708296,-0.0079977277901706,18.236472945891784,0.0088892339633017,2024—2025,False,False,订单水平、指数趋势强度、成交活跃度,,2024M10,2024-11-27T09:30:00+08:00
3057,2024-12-23,499,3057,6.112224448897796,0,-0.019052194540614874,-0.0017837195135774508,-0.0190521945406148,6.112224448897796,0.0123444293168808,2024—2025,False,False,订单水平、指数趋势强度、成交活跃度,,2024M10,2024-11-27T09:30:00+08:00
3058,2024-12-24,499,3058,6.112224448897796,0,-0.019052194540614874,-0.001839741673684675,-0.0190521945406148,6.112224448897796,-0.0159947794245067,2024—2025,False,False,订单水平、指数趋势强度、成交活跃度,,2024M10,2024-11-27T09:30:00+08:00
3059,2024-12-25,499,3059,6.112224448897796,0,-0.019052194540614874,-0.0019217248305240596,-0.0190521945406148,6.112224448897796,-0.0429538265635615,2024—2025,False,False,订单水平、指数趋势强度、成交活跃度,,2024M10,2024-11-27T09:30:00+08:00
3060,2024-12-26,499,3060,47.39478957915832,2,-0.006326263055472507,-0.001979377415594814,-0.0132143999228952,11.723446893787576,-0.0546649264822375,2024—2025,True,False,融资五日净变化、原成本范围同比_百分数、订单水平,原成本范围同比_百分数,2024M10,2024-11-27T09:30:00+08:00
3061,2024-12-27,499,3061,47.494989979959925,2,-0.006233573115603969,-0.002016492170848843,-0.0132143999228951,11.723446893787576,-0.0572516756009461,2024—2025,True,False,融资五日净变化、原成本范围同比_百分数、订单水平,原成本范围同比_百分数,2024M11,2024-12-27T09:30:00+08:00
3062,2024-12-30,499,3062,47.59519038076153,2,-0.006146158045783704,-0.0020101434164007553,-0.0046195757036047,61.32264529058116,-0.0559852305412146,2024—2025,True,False,融资五日净变化、原成本范围同比_百分数、订单水平,原成本范围同比_百分数,2024M11,2024-12-27T09:30:00+08:00
3063,2024-12-31,499,3063,47.69539078156313,2,-0.006039890302320117,-0.002013643869988087,-0.0036344510718289,60.02004008016032,-0.0420089355562123,2024—2025,True,False,融资五日净变化、原成本范围同比_百分数、订单水平,原成本范围同比_百分数,2024M11,2024-12-27T09:30:00+08:00
3064,2025-01-02,499,3064,93.58717434869739,4,0.01848813214899156,-0.0020753039044027048,0.0184881321489915,93.5871743486974,-0.0140780896943549,2024—2025,False,False,融资五日净变化,,2024M11,2024-12-27T09:30:00+08:00
3065,2025-01-03,499,3065,93.58717434869739,4,0.018488132148991556,-0.0021682998936758124,0.0184881321489915,93.5871743486974,-0.0193942583214841,2024—2025,False,False,融资五日净变化,,2024M11,2024-12-27T09:30:00+08:00
3066,2025-01-06,499,3066,93.58717434869739,4,0.01848813214899156,-0.0022662964384068,0.0184881321489915,93.5871743486974,-0.01066447933687,2024—2025,False,False,融资五日净变化,,2024M11,2024-12-27T09:30:00+08:00
3067,2025-01-07,499,3067,93.58717434869739,4,0.01848813214899156,-0.0023749436925781285,0.0184881321489915,93.5871743486974,0.0038429646210695,2024—2025,False,False,融资五日净变化,,2024M11,2024-12-27T09:30:00+08:00
3068,2025-01-08,499,3068,93.58717434869739,4,0.018488132148991556,-0.0024745993047097653,0.0184881321489915,93.5871743486974,0.0056601098893258,2024—2025,False,False,融资五日净变化,,2024M11,2024-12-27T09:30:00+08:00
3069,2025-01-09,499,3069,93.58717434869739,4,0.01848813214899156,-0.002540867086658201,0.0184881321489915,93.5871743486974,-0.0002831640670172,2024—2025,False,False,融资五日净变化,,2024M11,2024-12-27T09:30:00+08:00
3070,2025-01-10,499,3070,40.080160320641276,2,-0.007038459998510813,-0.0025266624982400736,-0.0070384599985108,40.08016032064128,0.0286117353321484,2024—2025,False,False,订单水平、指数趋势强度、订单月度变化,,2024M11,2024-12-27T09:30:00+08:00
3071,2025-01-13,499,3071,40.18036072144289,2,-0.0071236724007382145,-0.0025050759097216377,-0.0071236724007382,40.18036072144289,0.0290271950921123,2024—2025,False,False,订单水平、指数趋势强度、订单月度变化,,2024M11,2024-12-27T09:30:00+08:00
3072,2025-01-14,499,3072,40.280561122244485,2,-0.0071479245030404885,-0.002470564470904197,-0.0071479245030404,40.280561122244485,0.0022747823947344,2024—2025,False,False,订单水平、指数趋势强度、订单月度变化,,2024M11,2024-12-27T09:30:00+08:00
3073,2025-01-15,499,3073,40.3807615230461,2,-0.00707315654981525,-0.002393450030462229,-0.0070731565498152,40.3807615230461,0.0020185771845109,2024—2025,False,False,订单水平、指数趋势强度、订单月度变化,,2024M11,2024-12-27T09:30:00+08:00
3074,2025-01-16,499,3074,40.480961923847694,2,-0.006987120965766999,-0.0023103930202403827,-0.0069871209657669,40.480961923847694,0.0007458733443976,2024—2025,False,False,订单水平、指数趋势强度、订单月度变化,,2024M11,2024-12-27T09:30:00+08:00
3075,2025-01-17,499,3075,40.5811623246493,2,-0.0069421279664465315,-0.0023027660539335195,-0.0069421279664465,40.5811623246493,0.0009823331813771,2024—2025,False,False,订单水平、指数趋势强度、订单月度变化,,2024M11,2024-12-27T09:30:00+08:00
3076,2025-01-20,499,3076,40.681362725450896,2,-0.006705102211122565,-0.002259208738136487,-0.0067051022111225,40.681362725450896,-0.0046027770064265,2024—2025,False,False,订单水平、指数趋势强度、订单月度变化,,2024M11,2024-12-27T09:30:00+08:00
3077,2025-01-21,499,3077,40.78156312625251,2,-0.006468464480637564,-0.002196881352517289,-0.0064684644806375,40.78156312625251,-0.0109956017592962,2024—2025,False,False,订单水平、指数趋势强度、订单月度变化,,2024M11,2024-12-27T09:30:00+08:00
3078,2025-01-22,499,3078,40.881763527054105,2,-0.00641094311961538,-0.002213896093988941,-0.0064109431196153,40.881763527054105,0.0017499506959144,2024—2025,False,False,订单水平、指数趋势强度、订单月度变化,,2024M11,2024-12-27T09:30:00+08:00
3079,2025-01-23,499,3079,77.45490981963928,3,0.0015565269987819971,-0.0022283031919549247,0.0015565269987819,77.65531062124249,0.0228135819907844,2024—2025,False,False,订单水平、指数趋势强度、订单水平,,2024M11,2024-12-27T09:30:00+08:00
3080,2025-01-24,499,3080,77.55511022044088,3,0.0015452679202488816,-0.0022252058904071365,0.0015452679202488,77.55511022044088,0.0126413394033249,2024—2025,False,False,订单水平、指数趋势强度、订单水平,,2024M11,2024-12-27T09:30:00+08:00
3081,2025-01-27,499,3081,40.080160320641276,2,-0.006633985449728516,-0.0022358541869890117,-0.0066339854497285,40.08016032064128,0.0083439933635087,2024—2025,False,False,订单水平、指数趋势强度、订单水平,,2024M12,2025-01-27T09:30:00+08:00
3082,2025-02-05,499,3082,40.080160320641276,2,-0.006633985449728516,-0.0022955391861901758,-0.0066339854497285,40.08016032064128,0.0290118520493034,2024—2025,False,False,订单水平、指数趋势强度、订单水平,,2024M12,2025-01-27T09:30:00+08:00
3083,2025-02-06,499,3083,40.080160320641276,2,-0.006633985449728516,-0.0023764352921366093,-0.0066339854497285,40.08016032064128,0.0141743658137456,2024—2025,False,False,订单水平、指数趋势强度、订单水平,,2024M12,2025-01-27T09:30:00+08:00
3084,2025-02-07,499,3084,6.212424849699398,0,-0.020392614100960126,-0.002433313496120088,-0.0203926141009601,6.212424849699398,0.0107112677092948,2024—2025,False,False,订单水平、指数趋势强度、成交活跃度,,2024M12,2025-01-27T09:30:00+08:00
3085,2025-02-10,499,3085,6.212424849699398,0,-0.020392614100960126,-0.0024467941144881047,-0.0203926141009601,6.212424849699398,0.006442711593193,2024—2025,False,False,订单水平、指数趋势强度、成交活跃度,,2024M12,2025-01-27T09:30:00+08:00
3086,2025-02-11,499,3086,19.03807615230461,0,-0.0088382156887955,-0.0024696792992594556,-0.0088382156887955,19.03807615230461,0.0047263146023641,2024—2025,False,False,订单水平、指数趋势强度、成交活跃度,,2024M12,2025-01-27T09:30:00+08:00
3087,2025-02-12,499,3087,92.98597194388776,4,0.025290890442252495,-0.0024756719999697724,-0.0051082934351224,61.82364729458918,0.001689608162714,2024—2025,True,False,订单水平、利润原可比同比_百分数,利润原可比同比_百分数,2024M12,2025-01-27T09:30:00+08:00
3088,2025-02-13,499,3088,92.98597194388776,4,0.025457147102578185,-0.0024523494223689735,-0.0049488692402895,61.82364729458918,0.0049399820491384,2024—2025,True,False,订单水平、利润原可比同比_百分数,利润原可比同比_百分数,2024M12,2025-01-27T09:30:00+08:00
3089,2025-02-14,499,3089,93.9879759519038,4,0.028195190186627545,-0.002485774062913046,-0.0051773472626387,61.82364729458918,0.0031487528475888,2024—2025,True,False,订单水平、利润原可比同比_百分数,利润原可比同比_百分数,2024M12,2025-01-27T09:30:00+08:00
3090,2025-02-17,499,3090,93.88777555110221,4,0.027908568506671273,-0.002523055652077032,-0.0054321899063761,61.82364729458918,-0.0032729482464441,2024—2025,True,False,订单水平、利润原可比同比_百分数,利润原可比同比_百分数,2024M12,2025-01-27T09:30:00+08:00
3091,2025-02-18,499,3091,74.24849699398797,3,0.0009393933221949779,-0.002553618304699446,0.0009393933221949,74.24849699398797,0.0024396226546787,2024—2025,False,False,融资五日净变化、订单水平,,2024M12,2025-01-27T09:30:00+08:00
3092,2025-02-19,499,3092,74.24849699398797,3,0.0006945136223573869,-0.002610053506064822,0.0006945136223573,74.24849699398797,0.0034111293509369,2024—2025,False,False,融资五日净变化、订单水平,,2024M12,2025-01-27T09:30:00+08:00
3093,2025-02-20,499,3093,76.95390781563127,3,0.005003193367725037,-0.0026858465903605916,0.0003656375435435,74.24849699398797,0.0009328941200332,2024—2025,True,False,融资五日净变化、原成本范围同比_百分数、订单水平,原成本范围同比_百分数,2024M12,2025-01-27T09:30:00+08:00
3094,2025-02-21,499,3094,76.95390781563127,3,0.0049178622692701264,-0.0027008949604287917,0.0003003407029867,74.24849699398797,-0.0213966928565997,2024—2025,True,False,融资五日净变化、原成本范围同比_百分数、订单水平,原成本范围同比_百分数,2024M12,2025-01-27T09:30:00+08:00
3095,2025-02-24,499,3095,76.95390781563127,3,0.004940847811424481,-0.002696841397884537,0.0003179296395918,74.24849699398797,-0.0215751323233084,2024—2025,True,False,融资五日净变化、原成本范围同比_百分数、订单水平,原成本范围同比_百分数,2024M12,2025-01-27T09:30:00+08:00
3096,2025-02-25,499,3096,76.95390781563127,3,0.004717353983570553,-0.002736255139069197,0.0001469082756688,74.24849699398797,-0.0149217773837651,2024—2025,True,False,融资五日净变化、原成本范围同比_百分数、订单水平,原成本范围同比_百分数,2024M12,2025-01-27T09:30:00+08:00
3097,2025-02-26,499,3097,76.95390781563127,3,0.004832977531979175,-0.002715864613498138,0.0002353854257554,74.24849699398797,-0.0133481204907842,2024—2025,True,False,融资五日净变化、原成本范围同比_百分数、订单水平,原成本范围同比_百分数,2024M12,2025-01-27T09:30:00+08:00
3098,2025-02-27,499,3098,74.24849699398797,3,0.0006122151435720001,-0.0026290200893520363,0.000612215143572,74.24849699398797,-0.0054826614001661,2024—2025,False,False,融资五日净变化、订单水平,,2024M12,2025-01-27T09:30:00+08:00
3099,2025-02-28,499,3099,74.34869739478958,3,0.0006149796175070112,-0.002562809444692264,0.000614979617507,74.34869739478958,0.007445783876997,2024—2025,False,False,融资五日净变化、订单水平,,2024M12,2025-01-27T09:30:00+08:00
3100,2025-03-03,499,3100,49.098196392785574,2,-0.006764464312466226,-0.0025647007397968597,-0.0140751921114765,12.324649298597194,0.0057541060266106,2024—2025,True,False,融资五日净变化、原成本范围同比_百分数、订单水平,原成本范围同比_百分数,2024M12,2025-01-27T09:30:00+08:00
3101,2025-03-04,499,3101,50.10020040080161,2,-0.006338356389635714,-0.002537319274229371,-0.0139017225087715,12.224448897795591,0.0114896812359392,2024—2025,True,False,融资五日净变化、原成本范围同比_百分数、订单水平,原成本范围同比_百分数,2024M12,2025-01-27T09:30:00+08:00
3102,2025-03-05,499,3102,50.10020040080161,2,-0.006365998270055134,-0.0025482873951172373,-0.0139385244711521,12.124248496993989,-0.0010482374214492,2024—2025,True,False,融资五日净变化、原成本范围同比_百分数、订单水平,原成本范围同比_百分数,2024M12,2025-01-27T09:30:00+08:00
3103,2025-03-06,499,3103,50.10020040080161,2,-0.0064011199169691,-0.0025622234393837024,-0.0140013952217299,12.024048096192384,-0.0101864816496145,2024—2025,True,False,融资五日净变化、原成本范围同比_百分数、订单水平,原成本范围同比_百分数,2024M12,2025-01-27T09:30:00+08:00
3104,2025-03-07,499,3104,50.10020040080161,2,-0.006480281232864402,-0.002593634141883242,-0.0142046950063419,11.923847695390782,0.016751834644668,2024—2025,True,False,融资五日净变化、原成本范围同比_百分数、订单水平,原成本范围同比_百分数,2024M12,2025-01-27T09:30:00+08:00
3105,2025-03-10,499,3105,50.10020040080161,2,-0.006486675596869041,-0.0025961713845143396,-0.0143989031669882,11.823647294589176,0.0254424493334233,2024—2025,True,False,融资五日净变化、原成本范围同比_百分数、订单水平,原成本范围同比_百分数,2024M12,2025-01-27T09:30:00+08:00
3106,2025-03-11,499,3106,50.10020040080161,2,-0.006506865953943135,-0.002604182788724102,-0.0144327819017396,11.823647294589176,0.0115574843522892,2024—2025,True,False,融资五日净变化、原成本范围同比_百分数、订单水平,原成本范围同比_百分数,2024M12,2025-01-27T09:30:00+08:00
3107,2025-03-12,499,3107,50.10020040080161,2,-0.006380084532823927,-0.0025538767338511487,-0.0142200469747769,11.823647294589176,0.0178004747468101,2024—2025,True,False,融资五日净变化、原成本范围同比_百分数、订单水平,原成本范围同比_百分数,2024M12,2025-01-27T09:30:00+08:00
3108,2025-03-13,499,3108,50.10020040080161,2,-0.006300004885317525,-0.0025221016432574227,-0.0140856760408254,11.823647294589176,0.0093987796964858,2024—2025,True,False,融资五日净变化、原成本范围同比_百分数、订单水平,原成本范围同比_百分数,2024M12,2025-01-27T09:30:00+08:00
3109,2025-03-14,499,3109,50.10020040080161,2,-0.006326720758071836,-0.002532702330242101,-0.0141305043696844,11.823647294589176,-0.0296390781548163,2024—2025,True,False,融资五日净变化、原成本范围同比_百分数、订单水平,原成本范围同比_百分数,2024M12,2025-01-27T09:30:00+08:00
3110,2025-03-17,499,3110,50.10020040080161,2,-0.006203995447557516,-0.00248400571404604,-0.0139245754588214,11.823647294589176,-0.0226640197312759,2024—2025,True,False,融资五日净变化、原成本范围同比_百分数、订单水平,原成本范围同比_百分数,2024M12,2025-01-27T09:30:00+08:00
3111,2025-03-18,499,3111,50.10020040080161,2,-0.006038428024643889,-0.002418309622388928,-0.0136467589356273,11.823647294589176,-0.0210126039762015,2024—2025,True,False,融资五日净变化、原成本范围同比_百分数、订单水平,原成本范围同比_百分数,2024M12,2025-01-27T09:30:00+08:00
3112,2025-03-19,499,3112,50.10020040080161,2,-0.0059797196675218664,-0.0023950145227693686,-0.0135482483024904,11.823647294589176,-0.0270305101100054,2024—2025,True,False,融资五日净变化、原成本范围同比_百分数、订单水平,原成本范围同比_百分数,2024M12,2025-01-27T09:30:00+08:00
3113,2025-03-20,499,3113,50.10020040080161,2,-0.0058807817530732946,-0.0023557565927877708,-0.0132848136550173,11.923847695390782,-0.0120984054755677,2024—2025,True,False,融资五日净变化、原成本范围同比_百分数、订单水平,原成本范围同比_百分数,2024M12,2025-01-27T09:30:00+08:00
3114,2025-03-21,499,3114,50.10020040080161,2,-0.005723199829656714,-0.002293229096121472,-0.0042792493364772,54.90981963927856,-0.0045336125639429,2024—2025,True,False,融资五日净变化、原成本范围同比_百分数、订单水平,原成本范围同比_百分数,2024M12,2025-01-27T09:30:00+08:00
3115,2025-03-24,499,3115,50.10020040080161,2,-0.0057881685746935104,-0.0023190082775188378,-0.0042792493364772,54.90981963927856,-0.0129397286461065,2024—2025,True,False,融资五日净变化、原成本范围同比_百分数、订单水平,原成本范围同比_百分数,2024M12,2025-01-27T09:30:00+08:00
3116,2025-03-25,499,3116,50.10020040080161,2,-0.005894909186914614,-0.002361362267939237,-0.0132101619613261,12.024048096192384,-0.0134446469551137,2024—2025,True,False,融资五日净变化、原成本范围同比_百分数、订单水平,原成本范围同比_百分数,2024M12,2025-01-27T09:30:00+08:00
3117,2025-03-26,499,3117,92.98597194388776,4,0.0172544303621499,-0.002410653749907355,0.0172544303621499,92.98597194388776,-0.0187136300858141,2024—2025,False,False,融资五日净变化,,2024M12,2025-01-27T09:30:00+08:00
3118,2025-03-27,499,3118,92.98597194388776,4,0.01725443036214991,-0.00250034796219736,0.0172544303621499,92.98597194388776,-0.059284619485539,2024—2025,False,False,融资五日净变化,,2025M02,2025-03-27T09:30:00+08:00
3119,2025-03-28,499,3119,92.98597194388776,4,0.01725443036214991,-0.0025367935916731726,0.0172544303621499,92.98597194388776,-0.0793100569699782,2024—2025,False,False,融资五日净变化,,2025M02,2025-03-27T09:30:00+08:00
3120,2025-03-31,499,3120,50.10020040080161,2,-0.006297642284860468,-0.00252116417854701,-0.0133769183326903,12.324649298597194,-0.0761401852084818,2024—2025,True,False,融资五日净变化、原成本范围同比_百分数、订单水平,原成本范围同比_百分数,2025M02,2025-03-27T09:30:00+08:00
3121,2025-04-01,499,3121,50.10020040080161,2,-0.00625103609109226,-0.0025026711397371803,-0.0133769183326903,12.324649298597194,-0.0444066165858711,2024—2025,True,False,融资五日净变化、原成本范围同比_百分数、订单水平,原成本范围同比_百分数,2025M02,2025-03-27T09:30:00+08:00
3122,2025-04-02,499,3122,50.10020040080161,2,-0.0061377662730639675,-0.002457726402323147,-0.0042484646627699,55.41082164328657,-0.0377134571272704,2024—2025,True,False,融资五日净变化、原成本范围同比_百分数、订单水平,原成本范围同比_百分数,2025M02,2025-03-27T09:30:00+08:00
3123,2025-04-03,499,3123,92.88577154308616,4,0.01674783796147435,-0.0024097481009203985,0.0167478379614743,92.88577154308616,0.0125965386715976,2024—2025,False,False,融资五日净变化,,2025M02,2025-03-27T09:30:00+08:00
3124,2025-04-07,499,3124,92.78557114228457,4,0.015691831608043615,-0.002476159664584032,0.0156918316080436,92.78557114228455,0.036447657565823,2024—2025,False,False,融资五日净变化,,2025M02,2025-03-27T09:30:00+08:00
3125,2025-04-08,499,3125,40.981963927855716,2,-0.006394490341358332,-0.0026166222798676047,0.0018964299431434,77.55511022044088,0.0364778662744147,2024—2025,True,False,原成本范围同比_百分数、产成品库存周转_天、指数趋势强度,原成本范围同比_百分数、产成品库存周转_天,2025M02,2025-03-27T09:30:00+08:00
3126,2025-04-09,499,3126,26.65330661322645,1,-0.010122288174623744,-0.0027274281835255403,0.0022167745801337,77.65531062124249,0.0036458591125183,2024—2025,True,False,原成本范围同比_百分数、产成品库存周转_天、成交活跃度,原成本范围同比_百分数、产成品库存周转_天,2025M02,2025-03-27T09:30:00+08:00
3127,2025-04-10,499,3127,6.312625250501001,0,-0.01573845884378166,-0.0027957654048173,0.002395676262154,77.75551102204409,0.0094176278099142,2024—2025,True,False,原成本范围同比_百分数、产成品库存周转_天、原成本范围同比_百分数,原成本范围同比_百分数、产成品库存周转_天、原成本范围同比_百分数,2025M02,2025-03-27T09:30:00+08:00
3128,2025-04-11,499,3128,6.4128256513026045,0,-0.016081818191961174,-0.0028621656054729507,0.0019223376889087,77.75551102204409,-0.0013169984400751,2024—2025,True,False,原成本范围同比_百分数、产成品库存周转_天、原收入范围同比_百分数,原成本范围同比_百分数、产成品库存周转_天、原收入范围同比_百分数,2025M02,2025-03-27T09:30:00+08:00
3129,2025-04-14,499,3129,49.79959919839679,2,-0.005354145967403782,-0.0028028128936231442,0.0023454377348095,77.75551102204409,0.0051726710563175,2024—2025,True,False,原成本范围同比_百分数、产成品库存周转_天、指数趋势强度,原成本范围同比_百分数、产成品库存周转_天,2025M02,2025-03-27T09:30:00+08:00
3130,2025-04-15,499,3130,49.899799599198396,2,-0.0051550897601027055,-0.0027131920757790884,0.0029843061362978,77.75551102204409,0.0103747317717906,2024—2025,True,False,原成本范围同比_百分数、产成品库存周转_天、指数趋势强度,原成本范围同比_百分数、产成品库存周转_天,2025M02,2025-03-27T09:30:00+08:00
3131,2025-04-16,499,3131,26.753507014028056,1,-0.010189744988256701,-0.002644549346273405,0.0034736307366312,77.75551102204409,0.007513999080555,2024—2025,True,False,原成本范围同比_百分数、产成品库存周转_天、指数趋势强度,原成本范围同比_百分数、产成品库存周转_天,2025M02,2025-03-27T09:30:00+08:00
3132,2025-04-17,499,3132,50.300601202404806,2,-0.004880838498535923,-0.0026629184253618944,0.0033426854442718,77.75551102204409,0.0048937689881312,2024—2025,True,False,原成本范围同比_百分数、产成品库存周转_天、指数趋势强度,原成本范围同比_百分数、产成品库存周转_天,2025M02,2025-03-27T09:30:00+08:00
3133,2025-04-18,499,3133,50.40080160320641,2,-0.004813073255367912,-0.0026738094924956585,0.0032650476942754,77.75551102204409,0.0017829001767086,2024—2025,True,False,原成本范围同比_百分数、产成品库存周转_天、指数趋势强度,原成本范围同比_百分数、产成品库存周转_天,2025M02,2025-03-27T09:30:00+08:00
3134,2025-04-21,499,3134,50.50100200400802,2,-0.004796582336427851,-0.002702241666014753,0.003062366914475,77.75551102204409,-0.0031180103364688,2024—2025,True,False,原成本范围同比_百分数、产成品库存周转_天、指数趋势强度,原成本范围同比_百分数、产成品库存周转_天,2025M02,2025-03-27T09:30:00+08:00
3135,2025-04-22,499,3135,50.60120240480962,2,-0.004749778329889141,-0.0027023205898704314,0.0030618043001324,77.75551102204409,-0.0084937277655673,2024—2025,True,False,原成本范围同比_百分数、产成品库存周转_天、指数趋势强度,原成本范围同比_百分数、产成品库存周转_天,2025M02,2025-03-27T09:30:00+08:00
3136,2025-04-23,499,3136,50.70140280561122,2,-0.004679103049040169,-0.002684953096947919,0.0031856097139657,77.75551102204409,-0.0018281930665716,2024—2025,True,False,原成本范围同比_百分数、产成品库存周转_天、指数趋势强度,原成本范围同比_百分数、产成品库存周转_天,2025M02,2025-03-27T09:30:00+08:00
3137,2025-04-24,499,3137,50.80160320641283,2,-0.00462239094611182,-0.00267425787531628,0.0032618513653112,77.75551102204409,0.0133242000038844,2024—2025,True,False,原成本范围同比_百分数、产成品库存周转_天、指数趋势强度,原成本范围同比_百分数、产成品库存周转_天,2025M02,2025-03-27T09:30:00+08:00
3138,2025-04-25,499,3138,50.90180360721443,2,-0.004578334650119953,-0.0026703012796735195,0.0032900562399646,77.75551102204409,0.0061409961356335,2024—2025,True,False,原成本范围同比_百分数、产成品库存周转_天、指数趋势强度,原成本范围同比_百分数、产成品库存周转_天,2025M02,2025-03-27T09:30:00+08:00
3139,2025-04-28,499,3139,93.58717434869739,4,0.018196586994854897,-0.0026970763910380237,0.0030991879460948,77.75551102204409,0.015690474712642,2024—2025,True,False,原成本范围同比_百分数,原成本范围同比_百分数,2025M03,2025-04-27T09:30:00+08:00
3140,2025-04-29,499,3140,93.58717434869739,4,0.018196586994854894,-0.0027300934869557273,0.0028638232194815,77.75551102204409,0.0211239200757487,2024—2025,True,False,原成本范围同比_百分数,原成本范围同比_百分数,2025M03,2025-04-27T09:30:00+08:00
3141,2025-04-30,499,3141,93.58717434869739,4,0.0181965869948549,-0.00278604086624974,-0.0061476659020011,62.82565130260521,0.0289965247834029,2024—2025,True,False,原成本范围同比_百分数,原成本范围同比_百分数,2025M03,2025-04-27T09:30:00+08:00
3142,2025-05-06,499,3142,93.58717434869739,4,0.0181965869948549,-0.0028241947546448426,-0.0061476659020011,62.82565130260521,0.0085504493195134,2024—2025,True,False,原成本范围同比_百分数,原成本范围同比_百分数,2025M03,2025-04-27T09:30:00+08:00
3143,2025-05-07,499,3143,93.58717434869739,4,0.0181965869948549,-0.0028181119011250577,-0.0061476659020011,62.82565130260521,0.0274795742080526,2024—2025,True,False,原成本范围同比_百分数,原成本范围同比_百分数,2025M03,2025-04-27T09:30:00+08:00
3144,2025-05-08,499,3144,93.58717434869739,4,0.0181965869948549,-0.0028056732850546707,-0.0061476659020011,62.82565130260521,0.011089538867997,2024—2025,True,False,原成本范围同比_百分数,原成本范围同比_百分数,2025M03,2025-04-27T09:30:00+08:00
3145,2025-05-09,499,3145,93.48697394789579,4,0.018158031421282392,-0.0027647935116124466,-0.0061476659020011,62.62525050100201,0.0024747348350804,2024—2025,True,False,原成本范围同比_百分数,原成本范围同比_百分数,2025M03,2025-04-27T09:30:00+08:00
3146,2025-05-12,499,3146,93.38677354709418,4,0.018202969128168246,-0.002709606223774718,-0.0061476659020011,64.82965931863728,-0.0097566551068815,2024—2025,True,False,原成本范围同比_百分数,原成本范围同比_百分数,2025M03,2025-04-27T09:30:00+08:00
3147,2025-05-13,499,3147,93.28657314629258,4,0.018364066973768765,-0.002622278346083054,-0.0057083635184335,64.72945891783567,-0.0007996801279487,2024—2025,True,False,原成本范围同比_百分数,原成本范围同比_百分数,2025M03,2025-04-27T09:30:00+08:00
3148,2025-05-14,499,3148,93.18637274549097,4,0.01821974906708854,-0.002617669506626633,-0.0055323287920391,64.62925851703407,-0.0082139788160917,2024—2025,True,False,原成本范围同比_百分数,原成本范围同比_百分数,2025M03,2025-04-27T09:30:00+08:00
3149,2025-05-15,499,3149,93.08617234468937,4,0.018353949431450346,-0.002585917780648831,-0.0051297446091112,64.52905811623246,-0.0007996801279487,2024—2025,True,False,原成本范围同比_百分数,原成本范围同比_百分数,2025M03,2025-04-27T09:30:00+08:00
3150,2025-05-16,499,3150,92.98597194388776,4,0.01825017213768672,-0.002576310534274028,-0.0049343315551701,64.42885771543087,-0.003305197479684,2024—2025,True,False,原成本范围同比_百分数,原成本范围同比_百分数,2025M03,2025-04-27T09:30:00+08:00
3151,2025-05-19,499,3151,92.88577154308616,4,0.01802798287990353,-0.0025785827221343257,-0.0048461283838576,64.32865731462925,-0.0075645769776341,2024—2025,True,False,原成本范围同比_百分数,原成本范围同比_百分数,2025M03,2025-04-27T09:30:00+08:00
3152,2025-05-20,499,3152,92.78557114228457,4,0.017642085130087075,-0.00256614854390604,-0.0049038992864814,64.22845691382766,-0.0172494733710406,2024—2025,True,False,原成本范围同比_百分数,原成本范围同比_百分数,2025M03,2025-04-27T09:30:00+08:00
3153,2025-05-21,499,3153,92.68537074148297,4,0.01738945820874412,-0.0024826546555084374,-0.0048561758078938,64.12825651302605,-0.0211661793150003,2024—2025,True,False,原成本范围同比_百分数,原成本范围同比_百分数,2025M03,2025-04-27T09:30:00+08:00
3154,2025-05-22,499,3154,92.58517034068136,4,0.017043465816516605,-0.002398813013421771,-0.0048947712447696,64.02805611222445,-0.0162217413258743,2024—2025,True,False,原成本范围同比_百分数,原成本范围同比_百分数,2025M03,2025-04-27T09:30:00+08:00
3155,2025-05-23,499,3155,92.48496993987976,4,0.016805557203923734,-0.0023118786026370213,-0.0048482361184421,63.92785571142284,-0.0118294879740025,2024—2025,True,False,原成本范围同比_百分数,原成本范围同比_百分数,2025M03,2025-04-27T09:30:00+08:00
3156,2025-05-26,499,3156,92.38476953907815,4,0.016540942010718367,-0.002260844025447414,-0.0048308986056471,63.827655310621246,-0.0043241962474268,2024—2025,True,False,原成本范围同比_百分数,原成本范围同比_百分数,2025M03,2025-04-27T09:30:00+08:00
3157,2025-05-27,499,3157,92.28456913827655,4,0.016227883322557948,-0.0022614949979799636,-0.0048612728097803,63.72745490981964,0.0050169757457685,2024—2025,True,False,原成本范围同比_百分数,原成本范围同比_百分数,2025M04,2025-05-27T09:30:00+08:00
3158,2025-05-28,499,3158,92.18436873747494,4,0.015798686441870782,-0.0023130571524675255,-0.004997406881882,61.42284569138277,0.0078032094328639,2024—2025,True,False,原成本范围同比_百分数,原成本范围同比_百分数,2025M04,2025-05-27T09:30:00+08:00
3159,2025-05-29,499,3159,92.08416833667334,4,0.015330776748745837,-0.00237863651181865,0.0040662349962153,76.25250501002004,0.0047472305551663,2024—2025,True,False,原成本范围同比_百分数,原成本范围同比_百分数,2025M04,2025-05-27T09:30:00+08:00
3160,2025-05-30,499,3160,91.98396793587173,4,0.014936370272813082,-0.002461223963280861,0.0037920731540249,76.15230460921843,0.0100776904428101,2024—2025,True,False,原成本范围同比_百分数,原成本范围同比_百分数,2025M04,2025-05-27T09:30:00+08:00
3161,2025-06-03,499,3161,91.88376753507013,4,0.01460592757840795,-0.0024888330252992507,-0.0139877467622228,11.22244488977956,0.000965245998497,2024—2025,True,False,原成本范围同比_百分数,原成本范围同比_百分数,2025M04,2025-05-27T09:30:00+08:00
3162,2025-06-04,499,3162,46.8937875751503,2,-0.006016324511354577,-0.0024839355738962626,-0.0139877467622228,11.22244488977956,0.0022114710117961,2024—2025,True,False,融资五日净变化、原成本范围同比_百分数、订单水平,原成本范围同比_百分数,2025M04,2025-05-27T09:30:00+08:00
3163,2025-06-05,499,3163,46.9939879759519,2,-0.005964033988808969,-0.0024459511173721134,-0.0139877467622228,11.22244488977956,-4.858993511092091e-05,2024—2025,True,False,融资五日净变化、原成本范围同比_百分数、订单水平,原成本范围同比_百分数,2025M04,2025-05-27T09:30:00+08:00
3164,2025-06-06,499,3164,47.09418837675351,2,-0.0058990941613482496,-0.002383394046985438,-0.0139877467622228,11.22244488977956,-0.0065551540465706,2024—2025,True,False,融资五日净变化、原成本范围同比_百分数、订单水平,原成本范围同比_百分数,2025M04,2025-05-27T09:30:00+08:00
3165,2025-06-09,499,3165,47.194388777555105,2,-0.005849111416200289,-0.002335816870641258,-0.0139877467622228,11.22244488977956,-0.0042960071657415,2024—2025,True,False,融资五日净变化、原成本范围同比_百分数、订单水平,原成本范围同比_百分数,2025M04,2025-05-27T09:30:00+08:00
3166,2025-06-10,499,3166,47.09418837675351,2,-0.005774687108447905,-0.0022866360614701778,-0.004825962278581,51.903807615230455,0.0014697992095269,2024—2025,True,False,融资五日净变化、原成本范围同比_百分数、订单水平,原成本范围同比_百分数,2025M04,2025-05-27T09:30:00+08:00
3167,2025-06-11,499,3167,46.9939879759519,2,-0.0057433385823690945,-0.0022590822783858213,-0.0138554193926589,11.322645290581162,-0.0057843928895209,2024—2025,True,False,融资五日净变化、原成本范围同比_百分数、订单水平,原成本范围同比_百分数,2025M04,2025-05-27T09:30:00+08:00
3168,2025-06-12,499,3168,46.8937875751503,2,-0.0057065107601738845,-0.0022279299262974867,-0.004825962278581,51.903807615230455,-0.0122759491905387,2024—2025,True,False,融资五日净变化、原成本范围同比_百分数、订单水平,原成本范围同比_百分数,2025M04,2025-05-27T09:30:00+08:00
3169,2025-06-13,499,3169,46.793587174348694,2,-0.00568043739231645,-0.002226933218377063,-0.004825962278581,40.08016032064128,-0.0070703744645931,2024—2025,True,False,融资五日净变化、原成本范围同比_百分数、订单水平,原成本范围同比_百分数,2025M04,2025-05-27T09:30:00+08:00
3170,2025-06-16,499,3170,46.6933867735471,2,-0.0056844498540332125,-0.002220937421646597,-0.013534954002934,11.623246492985972,-0.0045425634502144,2024—2025,True,False,融资五日净变化、原成本范围同比_百分数、订单水平,原成本范围同比_百分数,2025M04,2025-05-27T09:30:00+08:00
3171,2025-06-17,499,3171,9.418837675350701,0,-0.015583972394413753,-0.002189155354541357,-0.0155839723944137,9.4188376753507,0.0063612128734378,2024—2025,False,False,订单水平、指数趋势强度、订单月度变化,,2025M04,2025-05-27T09:30:00+08:00
3172,2025-06-18,499,3172,76.75350701402806,3,0.001475675513123825,-0.002124969782549326,-0.0081118154978746,28.65731462925852,0.0219908961069594,2024—2025,True,False,订单水平、指数趋势强度、应收平均回收期_天,应收平均回收期_天,2025M04,2025-05-27T09:30:00+08:00
3173,2025-06-19,499,3173,76.15230460921843,3,0.001475675513123825,-0.0020816497111413356,-0.0081118154978746,28.857715430861724,0.027557398093394,2024—2025,True,False,订单水平、指数趋势强度、应收平均回收期_天,应收平均回收期_天,2025M04,2025-05-27T09:30:00+08:00
3174,2025-06-20,499,3174,76.25250501002003,3,0.0013539797192861028,-0.00205746717035261,-0.0081538774543661,28.95791583166333,0.0208715893967741,2024—2025,True,False,订单水平、指数趋势强度、应收平均回收期_天,应收平均回收期_天,2025M04,2025-05-27T09:30:00+08:00
3175,2025-06-23,499,3175,76.35270541082164,3,0.001280081875567864,-0.001994899365162718,0.0009754292044141,75.75150300601202,0.0186719158490449,2024—2025,True,False,订单水平、指数趋势强度、应收平均回收期_天,应收平均回收期_天,2025M04,2025-05-27T09:30:00+08:00
3176,2025-06-24,499,3176,9.619238476953909,0,-0.015366878764735706,-0.0019603629477437843,-0.0153668787647357,9.619238476953909,0.0088299450699051,2024—2025,False,False,订单水平、指数趋势强度、订单月度变化,,2025M04,2025-05-27T09:30:00+08:00
3177,2025-06-25,499,3177,6.913827655310621,0,-0.016742911025796708,-0.001916381850516074,-0.0167429110257967,6.913827655310621,-0.0030484430383884,2024—2025,False,False,订单水平、指数趋势强度、成交活跃度,,2025M04,2025-05-27T09:30:00+08:00
3178,2025-06-26,499,3178,6.913827655310621,0,-0.016742911025796708,-0.0018597786240511845,-0.0167429110257967,6.913827655310621,0.002202423987841,2024—2025,False,False,订单水平、指数趋势强度、成交活跃度,,2025M04,2025-05-27T09:30:00+08:00
3179,2025-06-27,499,3179,6.913827655310621,0,-0.016742911025796708,-0.0017982844088109296,-0.0167429110257967,6.913827655310621,0.0133126068614166,2024—2025,False,False,订单水平、指数趋势强度、成交活跃度,,2025M05,2025-06-27T09:30:00+08:00
3180,2025-06-30,499,3180,6.913827655310621,0,-0.016742911025796708,-0.0017611288661636378,-0.0167429110257967,6.913827655310621,0.0059720087868466,2024—2025,False,False,订单水平、指数趋势强度、成交活跃度,,2025M05,2025-06-27T09:30:00+08:00
3181,2025-07-01,499,3181,43.98797595190381,2,-0.007780439183094164,-0.0017137468574166064,-0.0077804391830941,22.74549098196393,0.0127267217956137,2024—2025,False,False,订单水平、指数趋势强度、成交活跃度,,2025M05,2025-06-27T09:30:00+08:00
3182,2025-07-02,499,3182,44.18837675350702,2,-0.007780439183094164,-0.0016886571470223597,-0.0077804391830941,22.94589178356713,0.0096971716565998,2024—2025,False,False,订单水平、指数趋势强度、成交活跃度,,2025M05,2025-06-27T09:30:00+08:00
3183,2025-07-03,499,3183,43.987975951903806,2,-0.007947237494149688,-0.0016884632036425257,-0.0079472374941496,22.74549098196393,0.0103965385957172,2024—2025,False,False,订单水平、指数趋势强度、订单月度变化,,2025M05,2025-06-27T09:30:00+08:00
3184,2025-07-04,499,3184,44.08817635270541,2,-0.00783926237200085,-0.0016694813746710026,-0.0078392623720008,22.84569138276553,0.0096112386104849,2024—2025,False,False,订单水平、指数趋势强度、订单月度变化,,2025M05,2025-06-27T09:30:00+08:00
3185,2025-07-07,499,3185,44.188376753507015,2,-0.007616611116912245,-0.001633918764053786,-0.0076166111169122,22.94589178356713,0.0131160666795207,2024—2025,False,False,订单水平、指数趋势强度、订单月度变化,,2025M05,2025-06-27T09:30:00+08:00
3186,2025-07-08,499,3186,44.28857715430862,2,-0.007475062992914756,-0.0016470539664163017,-0.0074750629929147,23.04609218436874,0.004377523601958,2024—2025,False,False,订单水平、指数趋势强度、订单月度变化,,2025M05,2025-06-27T09:30:00+08:00
3187,2025-07-09,499,3187,44.388777555110224,2,-0.007266797170352606,-0.0016631567503631274,-0.0072667971703526,23.146292585170343,0.0026543456691396,2024—2025,False,False,订单水平、指数趋势强度、订单月度变化,,2025M05,2025-06-27T09:30:00+08:00
3188,2025-07-10,499,3188,36.172344689378754,1,-0.008408919712006335,-0.0017006311266845125,-0.0070936954476286,44.08817635270541,0.0070545105465551,2024—2025,True,False,订单水平、库存周转同比变化_天、指数趋势强度,库存周转同比变化_天,2025M05,2025-06-27T09:30:00+08:00
3189,2025-07-11,499,3189,36.27254509018036,1,-0.008257262790169856,-0.001746433958742732,-0.0069170264168877,44.188376753507015,0.0111917025989016,2024—2025,True,False,订单水平、库存周转同比变化_天、指数趋势强度,库存周转同比变化_天,2025M05,2025-06-27T09:30:00+08:00
3190,2025-07-14,499,3190,36.37274549098196,1,-0.008114314778964616,-0.0017740156872974283,-0.006751743766614,44.28857715430862,0.0155806529847077,2024—2025,True,False,订单水平、库存周转同比变化_天、指数趋势强度,库存周转同比变化_天,2025M05,2025-06-27T09:30:00+08:00
3191,2025-07-15,499,3191,36.47294589178357,1,-0.007945819688024255,-0.0017708813065093025,-0.0065550327720978,44.388777555110224,0.0273364699174198,2024—2025,True,False,订单水平、库存周转同比变化_天、指数趋势强度,库存周转同比变化_天,2025M05,2025-06-27T09:30:00+08:00
3192,2025-07-16,499,3192,36.573146292585164,1,-0.007848785488890538,-0.0017460929475467736,-0.0064478508468619,44.48897795591182,0.0276507953519624,2024—2025,True,False,订单水平、库存周转同比变化_天、指数趋势强度,库存周转同比变化_天,2025M05,2025-06-27T09:30:00+08:00
3193,2025-07-17,499,3193,38.07615230460922,1,-0.007331667663558304,-0.0016809174152217262,-0.0063594800069007,44.58917835671343,0.02519459028934,2024—2025,True,False,订单水平、库存周转同比变化_天、指数趋势强度,库存周转同比变化_天,2025M05,2025-06-27T09:30:00+08:00
3194,2025-07-18,499,3194,38.17635270541082,1,-0.007231065018732336,-0.0016028380422550123,-0.0062304993285021,44.68937875751503,0.0127095467945126,2024—2025,True,False,订单水平、库存周转同比变化_天、指数趋势强度,库存周转同比变化_天,2025M05,2025-06-27T09:30:00+08:00
3195,2025-07-21,499,3195,38.276553106212425,1,-0.007103129132498766,-0.0015422614122455824,-0.0060645735958602,44.78957915831664,0.0085588243088932,2024—2025,True,False,订单水平、库存周转同比变化_天、指数趋势强度,库存周转同比变化_天,2025M05,2025-06-27T09:30:00+08:00
3196,2025-07-22,499,3196,38.37675350701403,1,-0.006946689255828377,-0.0014662250239982175,-0.0058603733451001,44.88977955911824,0.0022864695889288,2024—2025,True,False,订单水平、库存周转同比变化_天、指数趋势强度,库存周转同比变化_天,2025M05,2025-06-27T09:30:00+08:00
3197,2025-07-23,499,3197,38.476953907815634,1,-0.006711873097107498,-0.0014181186326327345,-0.0055501224734878,44.98997995991984,0.0030067972810874,2024—2025,True,False,订单水平、库存周转同比变化_天、指数趋势强度,库存周转同比变化_天,2025M05,2025-06-27T09:30:00+08:00
3198,2025-07-24,499,3198,38.57715430861723,1,-0.0064781134477940976,-0.0014001521199373832,-0.0052427065676966,45.09018036072144,-0.0213506086926932,2024—2025,True,False,订单水平、库存周转同比变化_天、指数趋势强度,库存周转同比变化_天,2025M05,2025-06-27T09:30:00+08:00
3199,2025-07-25,499,3199,70.24048096192385,3,0.001969230038443149,-0.0013775750674766567,-0.0049634653121274,45.190380761523045,-0.0224078619502769,2024—2025,True,False,订单水平、原成本范围同比_百分数,原成本范围同比_百分数,2025M05,2025-06-27T09:30:00+08:00
3200,2025-07-28,499,3200,22.945891783567134,1,-0.010526161683011367,-0.001358241731963583,-0.0048028015657034,45.29058116232465,-0.015978607370249,2024—2025,True,False,订单水平、原成本范围同比_百分数、指数趋势强度,原成本范围同比_百分数,2025M06,2025-07-27T09:30:00+08:00
3201,2025-07-29,499,3201,22.945891783567134,1,-0.010526161683011367,-0.0013441536172275166,-0.0046824265578242,45.390781563126254,-0.0140216125270118,2024—2025,True,False,订单水平、原成本范围同比_百分数、指数趋势强度,原成本范围同比_百分数,2025M06,2025-07-27T09:30:00+08:00
3202,2025-07-30,499,3202,22.945891783567134,1,-0.010526161683011367,-0.001331798207468097,-0.0046202042707996,45.49098196392786,-0.0090751205433586,2024—2025,True,False,订单水平、原成本范围同比_百分数、指数趋势强度,原成本范围同比_百分数,2025M06,2025-07-27T09:30:00+08:00
3203,2025-07-31,499,3203,22.945891783567134,1,-0.010526161683011367,-0.0013058226823504156,-0.0045527086818448,45.59118236472946,0.0064182369431231,2024—2025,True,False,订单水平、原成本范围同比_百分数、指数趋势强度,原成本范围同比_百分数,2025M06,2025-07-27T09:30:00+08:00
3204,2025-08-01,499,3204,22.945891783567134,1,-0.010526161683011367,-0.0013358032151756741,-0.00470005868194,45.69138276553106,0.011548082487383,2024—2025,True,False,订单水平、原成本范围同比_百分数、指数趋势强度,原成本范围同比_百分数,2025M06,2025-07-27T09:30:00+08:00
3205,2025-08-04,499,3205,39.27855711422845,1,-0.0061317202545840286,-0.0013801320072239682,-0.0048540395799255,45.79158316633266,0.0078493248048221,2024—2025,True,False,订单水平、库存周转同比变化_天、指数趋势强度,库存周转同比变化_天,2025M06,2025-07-27T09:30:00+08:00
3206,2025-08-05,499,3206,23.04609218436874,1,-0.010549867968608063,-0.0014502994022889274,-0.0049499410263939,45.89178356713427,0.00946444164809,2024—2025,True,False,订单水平、原成本范围同比_百分数、指数趋势强度,原成本范围同比_百分数,2025M06,2025-07-27T09:30:00+08:00
3207,2025-08-06,499,3207,23.146292585170343,1,-0.010564897165830586,-0.0015035636344373894,-0.0050274766802453,45.99198396793587,0.0132333641168624,2024—2025,True,False,订单水平、原成本范围同比_百分数、指数趋势强度,原成本范围同比_百分数,2025M06,2025-07-27T09:30:00+08:00
3208,2025-08-07,499,3208,23.246492985971944,1,-0.010558475714871656,-0.0015304137969300007,-0.0050617787468818,46.09218436873748,0.0096856082274938,2024—2025,True,False,订单水平、原成本范围同比_百分数、指数趋势强度,原成本范围同比_百分数,2025M06,2025-07-27T09:30:00+08:00
3209,2025-08-08,499,3209,23.34669338677355,1,-0.010485614287154941,-0.0015098160916046366,-0.0049653080267978,46.19238476953908,0.024251903822998,2024—2025,True,False,订单水平、原成本范围同比_百分数、指数趋势强度,原成本范围同比_百分数,2025M06,2025-07-27T09:30:00+08:00
3210,2025-08-11,499,3210,39.77955911823648,1,-0.006071660001358828,-0.0014876290802405445,-0.0048276964391796,46.292585170340686,0.0267644666271422,2024—2025,True,False,订单水平、库存周转同比变化_天、指数趋势强度,库存周转同比变化_天,2025M06,2025-07-27T09:30:00+08:00
3211,2025-08-12,499,3211,39.879759519038075,1,-0.0059846538463201975,-0.0014298845896735027,-0.004722927668568,46.39278557114229,0.0112218382286151,2024—2025,True,False,订单水平、库存周转同比变化_天、指数趋势强度,库存周转同比变化_天,2025M06,2025-07-27T09:30:00+08:00
3212,2025-08-13,499,3212,39.97995991983968,1,-0.005888696731448084,-0.0013667324079000285,-0.0046066377561364,46.49298597194389,0.0209627624360095,2024—2025,True,False,订单水平、库存周转同比变化_天、指数趋势强度,库存周转同比变化_天,2025M06,2025-07-27T09:30:00+08:00
3213,2025-08-14,499,3213,72.1442885771543,3,0.0018168838297053934,-0.0013319846558440204,-0.0044615970905022,46.59318637274549,0.0281387798071259,2024—2025,True,False,订单水平、库存周转同比变化_天、应收平均回收期_天,库存周转同比变化_天、应收平均回收期_天,2025M06,2025-07-27T09:30:00+08:00
3214,2025-08-15,499,3214,72.2444889779559,3,0.001889073961795196,-0.0013426913022532743,-0.0103631486864835,16.53306613226453,0.0440168808144882,2024—2025,True,False,订单水平、库存周转同比变化_天、应收平均回收期_天,库存周转同比变化_天、应收平均回收期_天,2025M06,2025-07-27T09:30:00+08:00
3215,2025-08-18,499,3215,72.34468937875751,3,0.002092372415078858,-0.0013200227142995337,-0.0103631486864835,16.53306613226453,0.0494948637954191,2024—2025,True,False,订单水平、应收平均回收期_天,应收平均回收期_天,2025M06,2025-07-27T09:30:00+08:00
3216,2025-08-19,499,3216,72.44488977955912,3,0.0023146435341064565,-0.001294110025129771,-0.0101394883532689,16.63326653306613,0.0540401513813078,2024—2025,True,False,订单水平、应收平均回收期_天,应收平均回收期_天,2025M06,2025-07-27T09:30:00+08:00
3217,2025-08-20,499,3217,72.54509018036072,3,0.0023941720581645695,-0.0013842499894044207,-0.0101394883532689,16.63326653306613,0.0199931918382889,2024—2025,True,False,订单水平、应收平均回收期_天,应收平均回收期_天,2025M06,2025-07-27T09:30:00+08:00
3218,2025-08-21,499,3218,72.64529058116231,3,0.0025584958668180653,-0.0014176927279292313,-0.0099532473305786,16.733466933867735,0.0368414278124367,2024—2025,True,False,订单水平、应收平均回收期_天,应收平均回收期_天,2025M06,2025-07-27T09:30:00+08:00
3219,2025-08-22,499,3219,72.74549098196393,3,0.0027828843224348013,-0.001394882648940785,-0.0095748555600548,17.73547094188377,0.0204882095098046,2024—2025,True,False,订单水平、应收平均回收期_天,应收平均回收期_天,2025M06,2025-07-27T09:30:00+08:00
3220,2025-08-25,499,3220,72.84569138276554,3,0.003141440813670049,-0.0013236432286290584,-0.0079365275916695,28.557114228456918,0.0099396959794717,2024—2025,True,False,订单水平、应收平均回收期_天,应收平均回收期_天,2025M06,2025-07-27T09:30:00+08:00
3221,2025-08-26,499,3221,72.94589178356713,3,0.0035410392876506444,-0.0013002768793703469,-0.0077357185308755,28.65731462925852,0.0082120253526394,2024—2025,True,False,订单水平、应收平均回收期_天,应收平均回收期_天,2025M06,2025-07-27T09:30:00+08:00
3222,2025-08-27,499,3222,73.04609218436873,3,0.003972655630331475,-0.0011737923296515922,-0.0049075149033281,42.48496993987976,0.0141637578316908,2024—2025,True,False,订单水平、应收平均回收期_天,应收平均回收期_天,2025M07,2025-08-27T09:30:00+08:00
3223,2025-08-28,499,3223,72.94589178356713,3,0.004108422886331114,-0.0011115354803757057,-0.0048039610106992,42.48496993987976,-0.0249296549217854,2024—2025,True,False,订单水平、应收平均回收期_天,应收平均回收期_天,2025M07,2025-08-27T09:30:00+08:00
3224,2025-08-29,499,3224,72.84569138276554,3,0.0043834901546177165,-0.0010208281441551534,-0.0046530844747857,42.48496993987976,-0.0144487738295833,2024—2025,True,False,订单水平、应收平均回收期_天,应收平均回收期_天,2025M07,2025-08-27T09:30:00+08:00
3225,2025-09-01,499,3225,78.7575150300601,3,0.009944384205534031,-0.0009766786342644172,-0.0045796491233341,42.48496993987976,-0.017676601944757,2024—2025,True,False,订单水平、应收平均回收期_天、资金利率与政策利率差,应收平均回收期_天,2025M07,2025-08-27T09:30:00+08:00
3226,2025-09-02,499,3226,78.7575150300601,3,0.010109273045021813,-0.0009162751792221296,-0.0044791780431138,42.48496993987976,-0.0173189806087573,2024—2025,True,False,订单水平、应收平均回收期_天、应收原可比同比_百分数,应收平均回收期_天、应收原可比同比_百分数,2025M07,2025-08-27T09:30:00+08:00
3227,2025-09-03,499,3227,78.65731462925851,3,0.010078170623835215,-0.0008167651947027148,-0.0043136597688631,42.48496993987976,-0.0071668102699592,2024—2025,True,False,订单水平、应收平均回收期_天、应收原可比同比_百分数,应收平均回收期_天、应收原可比同比_百分数,2025M07,2025-08-27T09:30:00+08:00
3228,2025-09-04,499,3228,78.5571142284569,3,0.010144067191703856,-0.0007225511779033694,0.0040154172275382,77.55511022044088,0.0445063725351611,2024—2025,True,False,订单水平、应收平均回收期_天、应收原可比同比_百分数,应收平均回收期_天、应收原可比同比_百分数,2025M07,2025-08-27T09:30:00+08:00
3229,2025-09-05,499,3229,78.45691382765531,3,0.009587341443870693,-0.0006990926564627805,0.0036189093898762,77.45490981963928,0.0119122344481816,2024—2025,True,False,订单水平、应收平均回收期_天、应收原可比同比_百分数,应收平均回收期_天、应收原可比同比_百分数,2025M07,2025-08-27T09:30:00+08:00
3230,2025-09-08,499,3230,78.3567134268537,3,0.009438263696469664,-0.0006392767741605692,0.0033747515085322,77.35470941883767,0.0161098637468088,2024—2025,True,False,订单水平、应收平均回收期_天、资金利率与政策利率差,应收平均回收期_天,2025M07,2025-08-27T09:30:00+08:00
3231,2025-09-09,499,3231,78.2565130260521,3,0.009021111917373868,-0.0005989350959286808,0.0037600448570311,78.2565130260521,0.0166218218075822,2024—2025,True,False,订单水平、应收平均回收期_天、资金利率与政策利率差,应收平均回收期_天,2025M07,2025-08-27T09:30:00+08:00
3232,2025-09-10,499,3232,78.15631262525051,3,0.00862201960637188,-0.000589164031453035,0.0037600448570311,78.2565130260521,0.0252165682711911,2024—2025,True,False,订单水平、应收平均回收期_天、资金利率与政策利率差,应收平均回收期_天,2025M07,2025-08-27T09:30:00+08:00
3233,2025-09-11,499,3233,78.05611222444891,3,0.008386365429113207,-0.0005423253789066365,-0.0039476395743743,41.88376753507014,-0.0183558031683404,2024—2025,True,False,订单水平、应收平均回收期_天、资金利率与政策利率差,应收平均回收期_天,2025M07,2025-08-27T09:30:00+08:00
3234,2025-09-12,499,3234,77.9559118236473,3,0.008917542004202146,-0.00040026682570739984,-0.0039059019324673,40.5811623246493,-0.0068462781302003,2024—2025,True,False,订单水平、应收平均回收期_天、资金利率与政策利率差,应收平均回收期_天,2025M07,2025-08-27T09:30:00+08:00
3235,2025-09-15,499,3235,77.8557114228457,3,0.008960943343969964,-0.0003210500684513655,0.0033416180479905,76.85370741482967,-0.004031943401203,2024—2025,True,False,订单水平、应收平均回收期_天、资金利率与政策利率差,应收平均回收期_天,2025M07,2025-08-27T09:30:00+08:00
3236,2025-09-16,499,3236,77.75551102204409,3,0.009063070778296236,-0.00021747867747845138,-0.0037102221306782,40.3807615230461,-0.006855439642325,2024—2025,True,False,订单水平、应收平均回收期_天、资金利率与政策利率差,应收平均回收期_天,2025M07,2025-08-27T09:30:00+08:00
3237,2025-09-17,499,3237,78.7575150300601,3,0.010160317505112952,-0.0002653270818065613,0.0036632038437733,76.65330661322646,-0.0012285214669496,2024—2025,True,False,订单水平、应收平均回收期_天、融资五日净变化,应收平均回收期_天,2025M07,2025-08-27T09:30:00+08:00
3238,2025-09-18,499,3238,78.7575150300601,3,0.010698433217376022,-0.00021004681782451755,-0.0034423418265285,42.68537074148296,0.0159442642964577,2024—2025,True,False,订单水平、应收平均回收期_天、融资五日净变化,应收平均回收期_天,2025M07,2025-08-27T09:30:00+08:00
3239,2025-09-19,499,3239,78.65731462925851,3,0.010222134260233131,-0.00026938009790863286,-0.0035410328490684,42.68537074148296,0.0065712920733203,2024—2025,True,False,订单水平、应收平均回收期_天、融资五日净变化,应收平均回收期_天,2025M07,2025-08-27T09:30:00+08:00
3240,2025-09-22,499,3240,78.5571142284569,3,0.009946837286193881,-0.0003212383090866977,0.0054361240027203,78.7575150300601,0.0201248516137586,2024—2025,True,False,订单水平、应收平均回收期_天、融资五日净变化,应收平均回收期_天,2025M07,2025-08-27T09:30:00+08:00
3241,2025-09-23,499,3241,78.45691382765531,3,0.009724951878457422,-0.0003663865836907001,-0.0037012847749986,42.585170340681366,0.0311174096202457,2024—2025,True,False,订单水平、应收平均回收期_天、融资五日净变化,应收平均回收期_天,2025M07,2025-08-27T09:30:00+08:00
3242,2025-09-24,499,3242,78.3567134268537,3,0.009465883260945196,-0.00031370347276085594,-0.0036133621249853,42.585170340681366,0.0236023842391064,2024—2025,True,False,订单水平、应收平均回收期_天、融资五日净变化,应收平均回收期_天,2025M07,2025-08-27T09:30:00+08:00
3243,2025-09-25,499,3243,78.2565130260521,3,0.009301353957439121,-0.00035750148484666323,-0.0036947045702499,42.48496993987976,-0.0197934495573836,2024—2025,True,False,订单水平、应收平均回收期_天、融资五日净变化,应收平均回收期_天,2025M07,2025-08-27T09:30:00+08:00
3244,2025-09-26,499,3244,78.15631262525051,3,0.00940200411409092,-0.00032808796573261884,-0.0036454517311965,42.48496993987976,0.0135881172998242,2024—2025,True,False,订单水平、应收平均回收期_天、融资五日净变化,应收平均回收期_天,2025M07,2025-08-27T09:30:00+08:00
3245,2025-09-29,499,3245,78.05611222444891,3,0.009359754680646582,-0.0003179828815287623,-0.0036112820194757,42.38476953907816,-0.0210409189352324,2024—2025,True,False,订单水平、应收平均回收期_天、融资五日净变化,应收平均回收期_天,2025M08,2025-09-27T09:30:00+08:00
3246,2025-09-30,499,3246,63.827655310621246,3,-0.0004745333799364909,-0.00025011877566962865,-0.0036112820194757,42.18436873747496,-0.0165466908424694,2024—2025,True,False,订单水平、应收平均回收期_天、融资五日净变化,应收平均回收期_天,2025M08,2025-09-27T09:30:00+08:00
3247,2025-10-09,499,3247,50.60120240480962,2,-0.0004745333799364909,-0.00014090457138627422,-0.0034588157538685,42.38476953907816,-0.0178978492075623,2024—2025,True,False,订单水平、应收平均回收期_天、融资五日净变化,应收平均回收期_天,2025M08,2025-09-27T09:30:00+08:00
3248,2025-10-10,499,3248,77.75551102204409,3,0.01002783155823474,-4.90281733157814e-05,-0.0033075077583662,42.38476953907816,0.0085345831252552,2024—2025,True,False,订单水平、应收平均回收期_天、融资五日净变化,应收平均回收期_天,2025M08,2025-09-27T09:30:00+08:00
3249,2025-10-13,499,3249,50.40080160320641,2,-0.0004745333799364909,-5.7705353748334645e-05,-0.0033973522960903,42.18436873747496,-0.0174882266966364,2024—2025,True,False,订单水平、应收平均回收期_天、融资五日净变化,应收平均回收期_天,2025M08,2025-09-27T09:30:00+08:00
3250,2025-10-14,499,3250,77.55511022044088,3,0.009663095511373229,1.087661082658972e-05,-0.0033411090192827,42.28456913827656,0.0060721037181517,2024—2025,True,False,订单水平、应收平均回收期_天、融资五日净变化,应收平均回收期_天,2025M08,2025-09-27T09:30:00+08:00
3251,2025-10-15,499,3251,51.10220440881763,2,-7.194898649085296e-05,-2.3395067994026332e-05,-0.0033977367270028,42.28456913827656,-0.0033540908306467,2024—2025,True,False,订单水平、应收平均回收期_天、融资买入活跃度,应收平均回收期_天,2025M08,2025-09-27T09:30:00+08:00
3252,2025-10-16,499,3252,76.05210420841684,3,0.008609315149547873,-3.395162214601184e-05,-0.0034151795101877,42.28456913827656,-0.0001645951788775,2024—2025,True,False,订单水平、应收平均回收期_天、资金利率与政策利率差,应收平均回收期_天,2025M08,2025-09-27T09:30:00+08:00
3253,2025-10-17,499,3253,50.901803607214426,2,-0.0004802899635985913,-4.4216841596607764e-05,-0.0034321409158362,42.28456913827656,0.0307472371875991,2024—2025,True,False,订单水平、应收平均回收期_天、融资买入活跃度,应收平均回收期_天,2025M08,2025-09-27T09:30:00+08:00
3254,2025-10-20,499,3254,50.901803607214426,2,-0.0004802899635985913,2.684636378444555e-06,-0.0033926467770868,42.38476953907816,0.031142145158671,2024—2025,True,False,订单水平、应收平均回收期_天、融资买入活跃度,应收平均回收期_天,2025M08,2025-09-27T09:30:00+08:00
3255,2025-10-21,499,3255,50.80160320641283,2,-0.0006803833369284479,-7.108886642641118e-06,-0.0034087753843063,42.38476953907816,0.0226107640011088,2024—2025,True,False,订单水平、应收平均回收期_天、融资买入活跃度,应收平均回收期_天,2025M08,2025-09-27T09:30:00+08:00
3256,2025-10-22,499,3256,50.70140280561122,2,-0.0006018660455903068,5.022700764777664e-05,0.0065333150139621,78.7575150300601,0.033486605357857,2024—2025,True,False,订单水平、应收平均回收期_天、融资买入活跃度,应收平均回收期_天,2025M08,2025-09-27T09:30:00+08:00
3257,2025-10-23,499,3257,50.70140280561122,2,-0.0005293180412063396,3.451881300622221e-05,-0.0033402201957757,42.38476953907816,0.0163005155005395,2024—2025,True,False,订单水平、应收平均回收期_天、融资买入活跃度,应收平均回收期_天,2025M08,2025-09-27T09:30:00+08:00
3258,2025-10-24,499,3258,50.60120240480962,2,-0.0005252200315172524,4.5276606785447556e-05,-0.0033225035650963,42.38476953907816,-0.0145015752269629,2024—2025,True,False,订单水平、应收平均回收期_天、融资买入活跃度,应收平均回收期_天,2025M08,2025-09-27T09:30:00+08:00
3259,2025-10-27,499,3259,50.70140280561122,2,-0.00017774828463818073,0.00012223732580875972,-0.0031957596746916,42.38476953907816,-0.0142743732382564,2024—2025,True,False,订单水平、应收平均回收期_天、融资买入活跃度,应收平均回收期_天,2025M09,2025-10-27T09:30:00+08:00
3260,2025-10-28,499,3260,47.69539078156313,2,-0.002091601461747637,0.00018200324208203828,-0.0030418998056711,42.68537074148296,-0.0273620146956795,2024—2025,True,False,订单水平、应收平均回收期_天、资金利率与政策利率差,应收平均回收期_天,2025M09,2025-10-27T09:30:00+08:00
3261,2025-10-29,499,3261,47.494989979959925,2,-0.002091601461747637,0.00022195772692570363,-0.0034765428714036,39.87975951903808,-0.0266888926107533,2024—2025,True,False,订单水平、应收平均回收期_天、资金利率与政策利率差,应收平均回收期_天,2025M09,2025-10-27T09:30:00+08:00
3262,2025-10-30,499,3262,75.0501002004008,3,0.008687619532428713,0.000315894873162944,-0.0029829957680573,42.38476953907816,-0.0088777921667154,2024—2025,True,False,订单水平、应收平均回收期_天、资金利率与政策利率差,应收平均回收期_天,2025M09,2025-10-27T09:30:00+08:00
3263,2025-10-31,499,3263,92.38476953907815,4,0.01849319884281485,0.0003760524215609018,0.0184931988428148,92.38476953907816,0.0065520144685451,2024—2025,False,False,订单水平,,2025M09,2025-10-27T09:30:00+08:00
3264,2025-11-03,499,3264,92.38476953907815,4,0.01849319884281486,0.00035124871984879453,0.0184931988428148,92.38476953907816,0.008426933528792,2024—2025,False,False,订单水平,,2025M09,2025-10-27T09:30:00+08:00
3265,2025-11-04,499,3265,92.38476953907815,4,0.01849319884281485,0.0003469699070421534,0.0184931988428148,92.38476953907816,0.010262363013066,2024—2025,False,False,订单水平,,2025M09,2025-10-27T09:30:00+08:00
3266,2025-11-05,499,3266,92.38476953907815,4,0.01849319884281486,0.0003091787538594543,0.0184931988428148,92.38476953907816,0.0002527743905598,2024—2025,False,False,订单水平,,2025M09,2025-10-27T09:30:00+08:00
3267,2025-11-06,499,3267,92.38476953907815,4,0.01849319884281485,0.000296601074686976,0.0184931988428148,92.38476953907816,-0.0039254371244203,2024—2025,False,False,订单水平,,2025M09,2025-10-27T09:30:00+08:00
3268,2025-11-07,499,3268,92.38476953907815,4,0.018493198842814862,0.0003092548031841167,0.0184931988428148,92.38476953907816,-0.0168218426914946,2024—2025,False,False,订单水平,,2025M09,2025-10-27T09:30:00+08:00
3269,2025-11-10,499,3269,92.28456913827655,4,0.0183381185262659,0.00038659598961212385,0.0183381185262659,92.28456913827657,-0.0265105827351564,2024—2025,False,False,订单水平,,2025M09,2025-10-27T09:30:00+08:00
3270,2025-11-11,499,3270,92.18436873747494,4,0.018211052051939316,0.000498432215951331,0.0182110520519393,92.18436873747494,-0.0188562524139326,2024—2025,False,False,订单水平,,2025M09,2025-10-27T09:30:00+08:00
3271,2025-11-12,499,3271,92.08416833667334,4,0.018110435734991544,0.0006148314838158712,0.0181104357349915,92.08416833667334,-0.0098222785644245,2024—2025,False,False,订单水平,,2025M09,2025-10-27T09:30:00+08:00
3272,2025-11-13,499,3272,91.98396793587173,4,0.01788721496818615,0.0007007345756998142,0.0178872149681861,91.98396793587172,-0.0320898780362594,2024—2025,False,False,订单水平,,2025M09,2025-10-27T09:30:00+08:00
3273,2025-11-14,499,3273,91.88376753507013,4,0.017617922967042864,0.0007588200471595254,0.0176179229670428,91.88376753507012,-0.0347746012471463,2024—2025,False,False,订单水平,,2025M09,2025-10-27T09:30:00+08:00
3274,2025-11-17,499,3274,91.78356713426852,4,0.017197925824865578,0.0007884669132239194,0.0171979258248655,91.78356713426852,-0.0284077654804179,2024—2025,False,False,订单水平,,2025M09,2025-10-27T09:30:00+08:00
3275,2025-11-18,499,3275,91.68336673346693,4,0.016671317287997842,0.0007464321315254629,0.0166713172879978,91.68336673346693,-0.0195760260918054,2024—2025,False,False,订单水平,,2025M09,2025-10-27T09:30:00+08:00
3276,2025-11-19,499,3276,91.58316633266533,4,0.016248370029641523,0.0006844597596149858,0.0162483700296415,91.58316633266531,-0.0229853501610562,2024—2025,False,False,订单水平,,2025M09,2025-10-27T09:30:00+08:00
3277,2025-11-20,499,3277,91.48296593186373,4,0.015941656516770156,0.0006190907818462371,0.0159416565167701,91.48296593186372,-0.0081056609614218,2024—2025,False,False,订单水平,,2025M09,2025-10-27T09:30:00+08:00
3278,2025-11-21,499,3278,91.38276553106212,4,0.01538315030103726,0.000509558120891865,0.0153831503010372,91.38276553106212,0.0116249311793608,2024—2025,False,False,订单水平,,2025M09,2025-10-27T09:30:00+08:00
3279,2025-11-24,499,3279,91.28256513026052,4,0.014806624421173075,0.00039364843050668404,0.014806624421173,91.28256513026052,0.020121417082022,2024—2025,False,False,订单水平,,2025M09,2025-10-27T09:30:00+08:00
3280,2025-11-25,499,3280,78.85771543086173,3,0.007912189473901314,0.00031089906085353505,0.014315551808655,91.18236472945893,0.0111343084915869,2024—2025,True,False,原成本范围同比_百分数、应收原可比同比_百分数、订单水平,原成本范围同比_百分数、应收原可比同比_百分数,2025M09,2025-10-27T09:30:00+08:00
3281,2025-11-26,499,3281,78.75751503006012,3,0.007613404522100154,0.0002484205213922703,0.015662473827087,92.58517034068136,0.0011409333547547,2024—2025,True,False,原成本范围同比_百分数、应收原可比同比_百分数、订单水平,原成本范围同比_百分数、应收原可比同比_百分数,2025M09,2025-10-27T09:30:00+08:00
3282,2025-11-27,499,3282,35.571142284569135,1,-0.0038796181976387314,0.00018255883231072602,0.015662473827087,92.58517034068136,0.0046002351329248,2024—2025,True,False,原成本范围同比_百分数、应收原可比同比_百分数、应收回收期同比变化_天,原成本范围同比_百分数、应收原可比同比_百分数、应收回收期同比变化_天,2025M10,2025-11-27T09:30:00+08:00
3283,2025-11-28,499,3283,35.67134268537074,1,-0.0039218786252765625,0.00017063529370737665,-0.0025834880637955,59.01803607214429,0.0110162772130453,2024—2025,True,False,原成本范围同比_百分数、应收原可比同比_百分数、应收回收期同比变化_天,原成本范围同比_百分数、应收原可比同比_百分数、应收回收期同比变化_天,2025M10,2025-11-27T09:30:00+08:00
3284,2025-12-01,499,3284,35.77154308617234,1,-0.003767949815329658,0.00018730975747401917,-0.0112162059004881,9.01803607214429,0.0058034343286774,2024—2025,True,False,原成本范围同比_百分数、应收原可比同比_百分数、应收回收期同比变化_天,原成本范围同比_百分数、应收原可比同比_百分数、应收回收期同比变化_天,2025M10,2025-11-27T09:30:00+08:00
3285,2025-12-02,499,3285,78.3567134268537,3,0.007303005762209572,0.00021326062982778045,-0.0112162059004881,9.01803607214429,0.0045493579869979,2024—2025,True,False,原成本范围同比_百分数、应收原可比同比_百分数、订单水平,原成本范围同比_百分数、应收原可比同比_百分数,2025M10,2025-11-27T09:30:00+08:00
3286,2025-12-03,499,3286,78.2565130260521,3,0.007342503728491813,0.00025023915431802296,-0.0112162059004881,9.01803607214429,0.0099374821315834,2024—2025,True,False,原成本范围同比_百分数、应收原可比同比_百分数、订单水平,原成本范围同比_百分数、应收原可比同比_百分数,2025M10,2025-11-27T09:30:00+08:00
3287,2025-12-04,499,3287,78.15631262525051,3,0.007279222398147557,0.00027904987215314475,-0.0112162059004881,9.01803607214429,0.001772815868289,2024—2025,True,False,原成本范围同比_百分数、应收原可比同比_百分数、订单水平,原成本范围同比_百分数、应收原可比同比_百分数,2025M10,2025-11-27T09:30:00+08:00
3288,2025-12-05,499,3288,78.05611222444891,3,0.007252161920721065,0.00029584543294406947,-0.0112162059004881,9.01803607214429,-0.0107577834006348,2024—2025,True,False,原成本范围同比_百分数、应收原可比同比_百分数、订单水平,原成本范围同比_百分数、应收原可比同比_百分数,2025M10,2025-11-27T09:30:00+08:00
3289,2025-12-08,499,3289,77.9559118236473,3,0.007289803073644308,0.0003244285562557275,-0.0112162059004881,9.01803607214429,-0.0170588569306006,2024—2025,True,False,原成本范围同比_百分数、应收原可比同比_百分数、订单水平,原成本范围同比_百分数、应收原可比同比_百分数,2025M10,2025-11-27T09:30:00+08:00
3290,2025-12-09,499,3290,77.8557114228457,3,0.007275086551416913,0.0003627458504295034,-0.0110291768869808,9.118236472945892,-0.0201253398746771,2024—2025,True,False,原成本范围同比_百分数、应收原可比同比_百分数、订单水平,原成本范围同比_百分数、应收原可比同比_百分数,2025M10,2025-11-27T09:30:00+08:00
3291,2025-12-10,499,3291,77.75551102204409,3,0.007248363722353982,0.00038986508273042064,-0.0108598449861766,9.218436873747494,-0.0082200092591862,2024—2025,True,False,原成本范围同比_百分数、应收原可比同比_百分数、订单水平,原成本范围同比_百分数、应收原可比同比_百分数,2025M10,2025-11-27T09:30:00+08:00
3292,2025-12-11,499,3292,77.65531062124249,3,0.007274471668074657,0.0004152142730654224,-0.0106362178128674,9.318637274549095,-0.0025066206701176,2024—2025,True,False,原成本范围同比_百分数、应收原可比同比_百分数、订单水平,原成本范围同比_百分数、应收原可比同比_百分数,2025M10,2025-11-27T09:30:00+08:00
3293,2025-12-12,499,3293,77.55511022044088,3,0.007221571131538256,0.0004459160078510233,-0.0105042068162593,9.4188376753507,0.0030442193714521,2024—2025,True,False,原成本范围同比_百分数、应收原可比同比_百分数、订单水平,原成本范围同比_百分数、应收原可比同比_百分数,2025M10,2025-11-27T09:30:00+08:00
3294,2025-12-15,499,3294,77.45490981963927,3,0.007050339183612798,0.00046356630607802886,-0.0105068760434633,9.519038076152304,0.0131227251864529,2024—2025,True,False,原成本范围同比_百分数、应收原可比同比_百分数、订单水平,原成本范围同比_百分数、应收原可比同比_百分数,2025M10,2025-11-27T09:30:00+08:00
3295,2025-12-16,499,3295,77.35470941883767,3,0.006822893937252294,0.000437595021371923,-0.010575125844371,9.619238476953909,0.02318631370981,2024—2025,True,False,原成本范围同比_百分数、应收原可比同比_百分数、订单水平,原成本范围同比_百分数、应收原可比同比_百分数,2025M10,2025-11-27T09:30:00+08:00
3296,2025-12-17,499,3296,34.969939879759515,1,-0.003171934955436515,0.00042141461660573934,-0.0023574052628199,31.763527054108216,0.0113492998704953,2024—2025,True,False,原成本范围同比_百分数、应收原可比同比_百分数、应收回收期同比变化_天,原成本范围同比_百分数、应收原可比同比_百分数、应收回收期同比变化_天,2025M10,2025-11-27T09:30:00+08:00
3297,2025-12-18,499,3297,34.86973947895792,1,-0.003216216308978179,0.00045470264325074436,-0.0023574052628199,31.96392785571142,0.0154093325316619,2024—2025,True,False,原成本范围同比_百分数、应收原可比同比_百分数、应收回收期同比变化_天,原成本范围同比_百分数、应收原可比同比_百分数、应收回收期同比变化_天,2025M10,2025-11-27T09:30:00+08:00
3298,2025-12-19,499,3298,34.76953907815631,1,-0.003210045912118522,0.00048589139764608323,-0.0023574052628199,32.16432865731463,0.0136353361778296,2024—2025,True,False,原成本范围同比_百分数、应收原可比同比_百分数、应收回收期同比变化_天,原成本范围同比_百分数、应收原可比同比_百分数、应收回收期同比变化_天,2025M10,2025-11-27T09:30:00+08:00
3299,2025-12-22,499,3299,34.66933867735471,1,-0.0031561298320877404,0.0005285106128510708,-0.0104301983149214,10.02004008016032,-0.0005888783727014,2024—2025,True,False,原成本范围同比_百分数、应收原可比同比_百分数、应收回收期同比变化_天,原成本范围同比_百分数、应收原可比同比_百分数、应收回收期同比变化_天,2025M10,2025-11-27T09:30:00+08:00
3300,2025-12-23,499,3300,34.569138276553105,1,-0.00301699431910876,0.0005966799844548503,-0.0101970010525316,10.120240480961924,0.0048859697427665,2024—2025,True,False,原成本范围同比_百分数、应收原可比同比_百分数、应收回收期同比变化_天,原成本范围同比_百分数、应收原可比同比_百分数、应收回收期同比变化_天,2025M10,2025-11-27T09:30:00+08:00
3301,2025-12-24,499,3301,76.75350701402806,3,0.006533286123325691,0.0006786025242566434,-0.0098697136529008,10.220440881763528,0.0040334654781619,2024—2025,True,False,原成本范围同比_百分数、应收原可比同比_百分数、订单水平,原成本范围同比_百分数、应收原可比同比_百分数,2025M10,2025-11-27T09:30:00+08:00
3302,2025-12-25,499,3302,28.65731462925852,1,-0.007152786636274302,0.0007387563719835265,-0.0098697136529008,10.220440881763528,0.0146982917166396,2024—2025,True,False,原成本范围同比_百分数、应收原可比同比_百分数、应收回收期同比变化_天,原成本范围同比_百分数、应收原可比同比_百分数、应收回收期同比变化_天,2025M10,2025-11-27T09:30:00+08:00
3303,2025-12-26,499,3303,74.04809619238478,3,0.00834220280814096,0.0008493275981294621,-0.0098697136529008,10.220440881763528,0.0263468280399439,2024—2025,True,False,融资五日净变化、应收平均回收期_天、资金利率与政策利率差,应收平均回收期_天,2025M10,2025-11-27T09:30:00+08:00
3304,2025-12-29,499,3304,73.94789579158316,3,0.008393098321311044,0.0009350972376462907,0.007619565694476,73.64729458917836,0.0269617263597612,2024—2025,True,False,融资五日净变化、应收平均回收期_天、资金利率与政策利率差,应收平均回收期_天,2025M11,2025-12-27T09:30:00+08:00
3305,2025-12-30,499,3305,57.214428857715426,2,-0.0006748667178827731,0.0009995517257095816,0.007619565694476,73.64729458917836,0.0138268406564601,2024—2025,True,False,融资五日净变化、应收平均回收期_天、资金利率与政策利率差,应收平均回收期_天,2025M11,2025-12-27T09:30:00+08:00
3306,2025-12-31,499,3306,57.014028056112224,2,-0.0006748667178827731,0.0010779742942532329,-0.0036504138803159,29.759519038076157,0.0200691653163294,2024—2025,True,False,融资五日净变化、应收平均回收期_天、资金利率与政策利率差,应收平均回收期_天,2025M11,2025-12-27T09:30:00+08:00
