features,signal_idx,signal_date,era,leaf,training_idx,label_signal_date,label_entry_date,label_exit_date,mature_net5,positive_contribution,negative_contribution,label_signal_month
8,2097,2021-01-06,2021—2023,6,1628,2019-01-30,2019-01-31,2019-02-14,0.060945132611949004,0.060945132611949004,0.0,2019-01
8,2097,2021-01-06,2021—2023,6,1629,2019-01-31,2019-02-01,2019-02-15,0.046943679865937504,0.046943679865937504,0.0,2019-01
8,2097,2021-01-06,2021—2023,6,1630,2019-02-01,2019-02-11,2019-02-18,0.033029816697512926,0.033029816697512926,0.0,2019-02
8,2097,2021-01-06,2021—2023,6,1631,2019-02-11,2019-02-12,2019-02-19,0.04094710889486164,0.04094710889486164,0.0,2019-02
8,2097,2021-01-06,2021—2023,6,1632,2019-02-12,2019-02-13,2019-02-20,0.029179327368962227,0.029179327368962227,0.0,2019-02
8,2097,2021-01-06,2021—2023,6,1633,2019-02-13,2019-02-14,2019-02-21,0.011568847262156234,0.011568847262156234,0.0,2019-02
8,2097,2021-01-06,2021—2023,6,1634,2019-02-14,2019-02-15,2019-02-22,0.011007709176299896,0.011007709176299896,0.0,2019-02
8,2097,2021-01-06,2021—2023,6,1635,2019-02-15,2019-02-18,2019-02-25,0.061223743350892645,0.061223743350892645,0.0,2019-02
8,2097,2021-01-06,2021—2023,6,1636,2019-02-18,2019-02-19,2019-02-26,0.08350513085574707,0.08350513085574707,0.0,2019-02
8,2097,2021-01-06,2021—2023,6,1637,2019-02-19,2019-02-20,2019-02-27,0.07005323415533526,0.07005323415533526,0.0,2019-02
8,2097,2021-01-06,2021—2023,6,1638,2019-02-20,2019-02-21,2019-02-28,0.06362740991317684,0.06362740991317684,0.0,2019-02
8,2097,2021-01-06,2021—2023,6,1639,2019-02-21,2019-02-22,2019-03-01,0.07283786165114492,0.07283786165114492,0.0,2019-02
8,2097,2021-01-06,2021—2023,6,1640,2019-02-22,2019-02-25,2019-03-04,0.049940961115553684,0.049940961115553684,0.0,2019-02
8,2097,2021-01-06,2021—2023,6,1641,2019-02-25,2019-02-26,2019-03-05,0.005065423137041947,0.005065423137041947,0.0,2019-02
8,2097,2021-01-06,2021—2023,6,1642,2019-02-26,2019-02-27,2019-03-06,0.029503714355037847,0.029503714355037847,0.0,2019-02
8,2097,2021-01-06,2021—2023,6,1643,2019-02-27,2019-02-28,2019-03-07,0.04082233156288262,0.04082233156288262,0.0,2019-02
8,2097,2021-01-06,2021—2023,6,1644,2019-02-28,2019-03-01,2019-03-08,0.0035282043111288797,0.0035282043111288797,0.0,2019-02
8,2097,2021-01-06,2021—2023,6,1645,2019-03-01,2019-03-04,2019-03-11,-0.0317764785977499,0.0,-0.0317764785977499,2019-03
8,2097,2021-01-06,2021—2023,6,1646,2019-03-04,2019-03-05,2019-03-12,-0.012436740497025145,0.0,-0.012436740497025145,2019-03
8,2097,2021-01-06,2021—2023,6,1647,2019-03-05,2019-03-06,2019-03-13,-0.02150170616253899,0.0,-0.02150170616253899,2019-03
8,2097,2021-01-06,2021—2023,6,1648,2019-03-06,2019-03-07,2019-03-14,-0.035461558725492615,0.0,-0.035461558725492615,2019-03
8,2097,2021-01-06,2021—2023,6,1649,2019-03-07,2019-03-08,2019-03-15,-0.007787094952228846,0.0,-0.007787094952228846,2019-03
8,2097,2021-01-06,2021—2023,6,1726,2019-07-01,2019-07-02,2019-07-09,-0.032608482630192115,0.0,-0.032608482630192115,2019-07
8,2097,2021-01-06,2021—2023,6,1728,2019-07-03,2019-07-04,2019-07-11,-0.023717118657124447,0.0,-0.023717118657124447,2019-07
8,2097,2021-01-06,2021—2023,6,1730,2019-07-05,2019-07-08,2019-07-15,-0.018701912631415185,0.0,-0.018701912631415185,2019-07
8,2097,2021-01-06,2021—2023,6,1773,2019-09-04,2019-09-05,2019-09-12,0.006741454361651522,0.006741454361651522,0.0,2019-09
8,2097,2021-01-06,2021—2023,6,1774,2019-09-05,2019-09-06,2019-09-16,0.00642285458697911,0.00642285458697911,0.0,2019-09
8,2097,2021-01-06,2021—2023,6,1775,2019-09-06,2019-09-09,2019-09-17,-0.010661020565867041,0.0,-0.010661020565867041,2019-09
8,2097,2021-01-06,2021—2023,6,1776,2019-09-09,2019-09-10,2019-09-18,-0.019848559709565117,0.0,-0.019848559709565117,2019-09
8,2097,2021-01-06,2021—2023,6,1777,2019-09-10,2019-09-11,2019-09-19,-0.01636970737304877,0.0,-0.01636970737304877,2019-09
8,2097,2021-01-06,2021—2023,6,1778,2019-09-11,2019-09-12,2019-09-20,-0.007021350861896702,0.0,-0.007021350861896702,2019-09
8,2097,2021-01-06,2021—2023,6,1779,2019-09-12,2019-09-16,2019-09-23,-0.018805511614164327,0.0,-0.018805511614164327,2019-09
8,2097,2021-01-06,2021—2023,6,1780,2019-09-16,2019-09-17,2019-09-24,-0.01744060019541771,0.0,-0.01744060019541771,2019-09
8,2097,2021-01-06,2021—2023,6,1850,2019-12-30,2019-12-31,2020-01-08,0.01293503217269798,0.01293503217269798,0.0,2019-12
8,2097,2021-01-06,2021—2023,6,1851,2019-12-31,2020-01-02,2020-01-09,0.001138162916651586,0.001138162916651586,0.0,2019-12
8,2097,2021-01-06,2021—2023,6,1852,2020-01-02,2020-01-03,2020-01-10,-0.0010398147878554198,0.0,-0.0010398147878554198,2020-01
8,2097,2021-01-06,2021—2023,6,1853,2020-01-03,2020-01-06,2020-01-13,0.004037891016432926,0.004037891016432926,0.0,2020-01
8,2097,2021-01-06,2021—2023,6,1855,2020-01-07,2020-01-08,2020-01-15,0.008613076508527051,0.008613076508527051,0.0,2020-01
8,2097,2021-01-06,2021—2023,6,1857,2020-01-09,2020-01-10,2020-01-17,-0.0063108569521832525,0.0,-0.0063108569521832525,2020-01
8,2097,2021-01-06,2021—2023,6,1858,2020-01-10,2020-01-13,2020-01-20,-0.0032010267270162762,0.0,-0.0032010267270162762,2020-01
8,2097,2021-01-06,2021—2023,6,1859,2020-01-13,2020-01-14,2020-01-21,-0.012437620625626589,0.0,-0.012437620625626589,2020-01
8,2097,2021-01-06,2021—2023,6,1888,2020-03-02,2020-03-03,2020-03-10,-0.0332821747574622,0.0,-0.0332821747574622,2020-03
8,2097,2021-01-06,2021—2023,6,1963,2020-06-19,2020-06-22,2020-07-01,0.016704559052291623,0.016704559052291623,0.0,2020-06
8,2097,2021-01-06,2021—2023,6,1964,2020-06-22,2020-06-23,2020-07-02,0.038146008344530635,0.038146008344530635,0.0,2020-06
8,2097,2021-01-06,2021—2023,6,1965,2020-06-23,2020-06-24,2020-07-03,0.05660067616689757,0.05660067616689757,0.0,2020-06
8,2097,2021-01-06,2021—2023,6,1966,2020-06-24,2020-06-29,2020-07-06,0.08745700275846335,0.08745700275846335,0.0,2020-06
8,2097,2021-01-06,2021—2023,6,1967,2020-06-29,2020-06-30,2020-07-07,0.1587162871427399,0.1587162871427399,0.0,2020-06
8,2097,2021-01-06,2021—2023,6,1968,2020-06-30,2020-07-01,2020-07-08,0.12719902497016466,0.12719902497016466,0.0,2020-06
8,2097,2021-01-06,2021—2023,6,1969,2020-07-01,2020-07-02,2020-07-09,0.11980555146362537,0.11980555146362537,0.0,2020-07
8,2097,2021-01-06,2021—2023,6,1970,2020-07-02,2020-07-03,2020-07-10,0.09978026552986186,0.09978026552986186,0.0,2020-07
8,2097,2021-01-06,2021—2023,6,1971,2020-07-03,2020-07-06,2020-07-13,0.05321710680246894,0.05321710680246894,0.0,2020-07
8,2097,2021-01-06,2021—2023,6,1972,2020-07-06,2020-07-07,2020-07-14,0.008724400832290646,0.008724400832290646,0.0,2020-07
8,2097,2021-01-06,2021—2023,6,1973,2020-07-07,2020-07-08,2020-07-15,0.023658483430852417,0.023658483430852417,0.0,2020-07
8,2097,2021-01-06,2021—2023,6,1974,2020-07-08,2020-07-09,2020-07-16,-0.00412965411627475,0.0,-0.00412965411627475,2020-07
8,2097,2021-01-06,2021—2023,6,1975,2020-07-09,2020-07-10,2020-07-17,-0.05815621304647656,0.0,-0.05815621304647656,2020-07
8,2097,2021-01-06,2021—2023,6,1976,2020-07-10,2020-07-13,2020-07-20,-0.031065827272600433,0.0,-0.031065827272600433,2020-07
8,2097,2021-01-06,2021—2023,6,1977,2020-07-13,2020-07-14,2020-07-21,-0.02904417913293511,0.0,-0.02904417913293511,2020-07
8,2097,2021-01-06,2021—2023,6,1978,2020-07-14,2020-07-15,2020-07-22,-0.029142875224011155,0.0,-0.029142875224011155,2020-07
8,2097,2021-01-06,2021—2023,6,1979,2020-07-15,2020-07-16,2020-07-23,-0.012885940514305139,0.0,-0.012885940514305139,2020-07
8,2097,2021-01-06,2021—2023,6,2066,2020-11-23,2020-11-24,2020-12-01,-0.011431565304912628,0.0,-0.011431565304912628,2020-11
8,2103,2021-01-14,2021—2023,6,1628,2019-01-30,2019-01-31,2019-02-14,0.060945132611949004,0.060945132611949004,0.0,2019-01
8,2103,2021-01-14,2021—2023,6,1629,2019-01-31,2019-02-01,2019-02-15,0.046943679865937504,0.046943679865937504,0.0,2019-01
8,2103,2021-01-14,2021—2023,6,1630,2019-02-01,2019-02-11,2019-02-18,0.033029816697512926,0.033029816697512926,0.0,2019-02
8,2103,2021-01-14,2021—2023,6,1631,2019-02-11,2019-02-12,2019-02-19,0.04094710889486164,0.04094710889486164,0.0,2019-02
8,2103,2021-01-14,2021—2023,6,1632,2019-02-12,2019-02-13,2019-02-20,0.029179327368962227,0.029179327368962227,0.0,2019-02
8,2103,2021-01-14,2021—2023,6,1633,2019-02-13,2019-02-14,2019-02-21,0.011568847262156234,0.011568847262156234,0.0,2019-02
8,2103,2021-01-14,2021—2023,6,1634,2019-02-14,2019-02-15,2019-02-22,0.011007709176299896,0.011007709176299896,0.0,2019-02
8,2103,2021-01-14,2021—2023,6,1635,2019-02-15,2019-02-18,2019-02-25,0.061223743350892645,0.061223743350892645,0.0,2019-02
8,2103,2021-01-14,2021—2023,6,1636,2019-02-18,2019-02-19,2019-02-26,0.08350513085574707,0.08350513085574707,0.0,2019-02
8,2103,2021-01-14,2021—2023,6,1637,2019-02-19,2019-02-20,2019-02-27,0.07005323415533526,0.07005323415533526,0.0,2019-02
8,2103,2021-01-14,2021—2023,6,1638,2019-02-20,2019-02-21,2019-02-28,0.06362740991317684,0.06362740991317684,0.0,2019-02
8,2103,2021-01-14,2021—2023,6,1639,2019-02-21,2019-02-22,2019-03-01,0.07283786165114492,0.07283786165114492,0.0,2019-02
8,2103,2021-01-14,2021—2023,6,1640,2019-02-22,2019-02-25,2019-03-04,0.049940961115553684,0.049940961115553684,0.0,2019-02
8,2103,2021-01-14,2021—2023,6,1641,2019-02-25,2019-02-26,2019-03-05,0.005065423137041947,0.005065423137041947,0.0,2019-02
8,2103,2021-01-14,2021—2023,6,1642,2019-02-26,2019-02-27,2019-03-06,0.029503714355037847,0.029503714355037847,0.0,2019-02
8,2103,2021-01-14,2021—2023,6,1643,2019-02-27,2019-02-28,2019-03-07,0.04082233156288262,0.04082233156288262,0.0,2019-02
8,2103,2021-01-14,2021—2023,6,1644,2019-02-28,2019-03-01,2019-03-08,0.0035282043111288797,0.0035282043111288797,0.0,2019-02
8,2103,2021-01-14,2021—2023,6,1645,2019-03-01,2019-03-04,2019-03-11,-0.0317764785977499,0.0,-0.0317764785977499,2019-03
8,2103,2021-01-14,2021—2023,6,1646,2019-03-04,2019-03-05,2019-03-12,-0.012436740497025145,0.0,-0.012436740497025145,2019-03
8,2103,2021-01-14,2021—2023,6,1647,2019-03-05,2019-03-06,2019-03-13,-0.02150170616253899,0.0,-0.02150170616253899,2019-03
8,2103,2021-01-14,2021—2023,6,1648,2019-03-06,2019-03-07,2019-03-14,-0.035461558725492615,0.0,-0.035461558725492615,2019-03
8,2103,2021-01-14,2021—2023,6,1649,2019-03-07,2019-03-08,2019-03-15,-0.007787094952228846,0.0,-0.007787094952228846,2019-03
8,2103,2021-01-14,2021—2023,6,1726,2019-07-01,2019-07-02,2019-07-09,-0.032608482630192115,0.0,-0.032608482630192115,2019-07
8,2103,2021-01-14,2021—2023,6,1728,2019-07-03,2019-07-04,2019-07-11,-0.023717118657124447,0.0,-0.023717118657124447,2019-07
8,2103,2021-01-14,2021—2023,6,1730,2019-07-05,2019-07-08,2019-07-15,-0.018701912631415185,0.0,-0.018701912631415185,2019-07
8,2103,2021-01-14,2021—2023,6,1773,2019-09-04,2019-09-05,2019-09-12,0.006741454361651522,0.006741454361651522,0.0,2019-09
8,2103,2021-01-14,2021—2023,6,1774,2019-09-05,2019-09-06,2019-09-16,0.00642285458697911,0.00642285458697911,0.0,2019-09
8,2103,2021-01-14,2021—2023,6,1775,2019-09-06,2019-09-09,2019-09-17,-0.010661020565867041,0.0,-0.010661020565867041,2019-09
8,2103,2021-01-14,2021—2023,6,1776,2019-09-09,2019-09-10,2019-09-18,-0.019848559709565117,0.0,-0.019848559709565117,2019-09
8,2103,2021-01-14,2021—2023,6,1777,2019-09-10,2019-09-11,2019-09-19,-0.01636970737304877,0.0,-0.01636970737304877,2019-09
8,2103,2021-01-14,2021—2023,6,1778,2019-09-11,2019-09-12,2019-09-20,-0.007021350861896702,0.0,-0.007021350861896702,2019-09
8,2103,2021-01-14,2021—2023,6,1779,2019-09-12,2019-09-16,2019-09-23,-0.018805511614164327,0.0,-0.018805511614164327,2019-09
8,2103,2021-01-14,2021—2023,6,1780,2019-09-16,2019-09-17,2019-09-24,-0.01744060019541771,0.0,-0.01744060019541771,2019-09
8,2103,2021-01-14,2021—2023,6,1850,2019-12-30,2019-12-31,2020-01-08,0.01293503217269798,0.01293503217269798,0.0,2019-12
8,2103,2021-01-14,2021—2023,6,1851,2019-12-31,2020-01-02,2020-01-09,0.001138162916651586,0.001138162916651586,0.0,2019-12
8,2103,2021-01-14,2021—2023,6,1852,2020-01-02,2020-01-03,2020-01-10,-0.0010398147878554198,0.0,-0.0010398147878554198,2020-01
8,2103,2021-01-14,2021—2023,6,1853,2020-01-03,2020-01-06,2020-01-13,0.004037891016432926,0.004037891016432926,0.0,2020-01
8,2103,2021-01-14,2021—2023,6,1855,2020-01-07,2020-01-08,2020-01-15,0.008613076508527051,0.008613076508527051,0.0,2020-01
8,2103,2021-01-14,2021—2023,6,1857,2020-01-09,2020-01-10,2020-01-17,-0.0063108569521832525,0.0,-0.0063108569521832525,2020-01
8,2103,2021-01-14,2021—2023,6,1858,2020-01-10,2020-01-13,2020-01-20,-0.0032010267270162762,0.0,-0.0032010267270162762,2020-01
8,2103,2021-01-14,2021—2023,6,1859,2020-01-13,2020-01-14,2020-01-21,-0.012437620625626589,0.0,-0.012437620625626589,2020-01
8,2103,2021-01-14,2021—2023,6,1963,2020-06-19,2020-06-22,2020-07-01,0.016704559052291623,0.016704559052291623,0.0,2020-06
8,2103,2021-01-14,2021—2023,6,1964,2020-06-22,2020-06-23,2020-07-02,0.038146008344530635,0.038146008344530635,0.0,2020-06
8,2103,2021-01-14,2021—2023,6,1965,2020-06-23,2020-06-24,2020-07-03,0.05660067616689757,0.05660067616689757,0.0,2020-06
8,2103,2021-01-14,2021—2023,6,1966,2020-06-24,2020-06-29,2020-07-06,0.08745700275846335,0.08745700275846335,0.0,2020-06
8,2103,2021-01-14,2021—2023,6,1967,2020-06-29,2020-06-30,2020-07-07,0.1587162871427399,0.1587162871427399,0.0,2020-06
8,2103,2021-01-14,2021—2023,6,1968,2020-06-30,2020-07-01,2020-07-08,0.12719902497016466,0.12719902497016466,0.0,2020-06
8,2103,2021-01-14,2021—2023,6,1969,2020-07-01,2020-07-02,2020-07-09,0.11980555146362537,0.11980555146362537,0.0,2020-07
8,2103,2021-01-14,2021—2023,6,1970,2020-07-02,2020-07-03,2020-07-10,0.09978026552986186,0.09978026552986186,0.0,2020-07
8,2103,2021-01-14,2021—2023,6,1971,2020-07-03,2020-07-06,2020-07-13,0.05321710680246894,0.05321710680246894,0.0,2020-07
8,2103,2021-01-14,2021—2023,6,1972,2020-07-06,2020-07-07,2020-07-14,0.008724400832290646,0.008724400832290646,0.0,2020-07
8,2103,2021-01-14,2021—2023,6,1973,2020-07-07,2020-07-08,2020-07-15,0.023658483430852417,0.023658483430852417,0.0,2020-07
8,2103,2021-01-14,2021—2023,6,1974,2020-07-08,2020-07-09,2020-07-16,-0.00412965411627475,0.0,-0.00412965411627475,2020-07
8,2103,2021-01-14,2021—2023,6,1975,2020-07-09,2020-07-10,2020-07-17,-0.05815621304647656,0.0,-0.05815621304647656,2020-07
8,2103,2021-01-14,2021—2023,6,1976,2020-07-10,2020-07-13,2020-07-20,-0.031065827272600433,0.0,-0.031065827272600433,2020-07
8,2103,2021-01-14,2021—2023,6,1977,2020-07-13,2020-07-14,2020-07-21,-0.02904417913293511,0.0,-0.02904417913293511,2020-07
8,2103,2021-01-14,2021—2023,6,1978,2020-07-14,2020-07-15,2020-07-22,-0.029142875224011155,0.0,-0.029142875224011155,2020-07
8,2103,2021-01-14,2021—2023,6,1979,2020-07-15,2020-07-16,2020-07-23,-0.012885940514305139,0.0,-0.012885940514305139,2020-07
8,2103,2021-01-14,2021—2023,6,2066,2020-11-23,2020-11-24,2020-12-01,-0.011431565304912628,0.0,-0.011431565304912628,2020-11
8,2103,2021-01-14,2021—2023,6,2097,2021-01-06,2021-01-07,2021-01-14,0.025380240916733632,0.025380240916733632,0.0,2021-01
8,2109,2021-01-22,2021—2023,6,1628,2019-01-30,2019-01-31,2019-02-14,0.060945132611949004,0.060945132611949004,0.0,2019-01
8,2109,2021-01-22,2021—2023,6,1629,2019-01-31,2019-02-01,2019-02-15,0.046943679865937504,0.046943679865937504,0.0,2019-01
8,2109,2021-01-22,2021—2023,6,1630,2019-02-01,2019-02-11,2019-02-18,0.033029816697512926,0.033029816697512926,0.0,2019-02
8,2109,2021-01-22,2021—2023,6,1631,2019-02-11,2019-02-12,2019-02-19,0.04094710889486164,0.04094710889486164,0.0,2019-02
8,2109,2021-01-22,2021—2023,6,1632,2019-02-12,2019-02-13,2019-02-20,0.029179327368962227,0.029179327368962227,0.0,2019-02
8,2109,2021-01-22,2021—2023,6,1633,2019-02-13,2019-02-14,2019-02-21,0.011568847262156234,0.011568847262156234,0.0,2019-02
8,2109,2021-01-22,2021—2023,6,1634,2019-02-14,2019-02-15,2019-02-22,0.011007709176299896,0.011007709176299896,0.0,2019-02
8,2109,2021-01-22,2021—2023,6,1635,2019-02-15,2019-02-18,2019-02-25,0.061223743350892645,0.061223743350892645,0.0,2019-02
8,2109,2021-01-22,2021—2023,6,1636,2019-02-18,2019-02-19,2019-02-26,0.08350513085574707,0.08350513085574707,0.0,2019-02
8,2109,2021-01-22,2021—2023,6,1637,2019-02-19,2019-02-20,2019-02-27,0.07005323415533526,0.07005323415533526,0.0,2019-02
8,2109,2021-01-22,2021—2023,6,1638,2019-02-20,2019-02-21,2019-02-28,0.06362740991317684,0.06362740991317684,0.0,2019-02
8,2109,2021-01-22,2021—2023,6,1639,2019-02-21,2019-02-22,2019-03-01,0.07283786165114492,0.07283786165114492,0.0,2019-02
8,2109,2021-01-22,2021—2023,6,1640,2019-02-22,2019-02-25,2019-03-04,0.049940961115553684,0.049940961115553684,0.0,2019-02
8,2109,2021-01-22,2021—2023,6,1641,2019-02-25,2019-02-26,2019-03-05,0.005065423137041947,0.005065423137041947,0.0,2019-02
8,2109,2021-01-22,2021—2023,6,1642,2019-02-26,2019-02-27,2019-03-06,0.029503714355037847,0.029503714355037847,0.0,2019-02
8,2109,2021-01-22,2021—2023,6,1643,2019-02-27,2019-02-28,2019-03-07,0.04082233156288262,0.04082233156288262,0.0,2019-02
8,2109,2021-01-22,2021—2023,6,1644,2019-02-28,2019-03-01,2019-03-08,0.0035282043111288797,0.0035282043111288797,0.0,2019-02
8,2109,2021-01-22,2021—2023,6,1645,2019-03-01,2019-03-04,2019-03-11,-0.0317764785977499,0.0,-0.0317764785977499,2019-03
8,2109,2021-01-22,2021—2023,6,1646,2019-03-04,2019-03-05,2019-03-12,-0.012436740497025145,0.0,-0.012436740497025145,2019-03
8,2109,2021-01-22,2021—2023,6,1647,2019-03-05,2019-03-06,2019-03-13,-0.02150170616253899,0.0,-0.02150170616253899,2019-03
8,2109,2021-01-22,2021—2023,6,1648,2019-03-06,2019-03-07,2019-03-14,-0.035461558725492615,0.0,-0.035461558725492615,2019-03
8,2109,2021-01-22,2021—2023,6,1649,2019-03-07,2019-03-08,2019-03-15,-0.007787094952228846,0.0,-0.007787094952228846,2019-03
8,2109,2021-01-22,2021—2023,6,1730,2019-07-05,2019-07-08,2019-07-15,-0.018701912631415185,0.0,-0.018701912631415185,2019-07
8,2109,2021-01-22,2021—2023,6,1773,2019-09-04,2019-09-05,2019-09-12,0.006741454361651522,0.006741454361651522,0.0,2019-09
8,2109,2021-01-22,2021—2023,6,1774,2019-09-05,2019-09-06,2019-09-16,0.00642285458697911,0.00642285458697911,0.0,2019-09
8,2109,2021-01-22,2021—2023,6,1775,2019-09-06,2019-09-09,2019-09-17,-0.010661020565867041,0.0,-0.010661020565867041,2019-09
8,2109,2021-01-22,2021—2023,6,1776,2019-09-09,2019-09-10,2019-09-18,-0.019848559709565117,0.0,-0.019848559709565117,2019-09
8,2109,2021-01-22,2021—2023,6,1777,2019-09-10,2019-09-11,2019-09-19,-0.01636970737304877,0.0,-0.01636970737304877,2019-09
8,2109,2021-01-22,2021—2023,6,1778,2019-09-11,2019-09-12,2019-09-20,-0.007021350861896702,0.0,-0.007021350861896702,2019-09
8,2109,2021-01-22,2021—2023,6,1779,2019-09-12,2019-09-16,2019-09-23,-0.018805511614164327,0.0,-0.018805511614164327,2019-09
8,2109,2021-01-22,2021—2023,6,1780,2019-09-16,2019-09-17,2019-09-24,-0.01744060019541771,0.0,-0.01744060019541771,2019-09
8,2109,2021-01-22,2021—2023,6,1850,2019-12-30,2019-12-31,2020-01-08,0.01293503217269798,0.01293503217269798,0.0,2019-12
8,2109,2021-01-22,2021—2023,6,1851,2019-12-31,2020-01-02,2020-01-09,0.001138162916651586,0.001138162916651586,0.0,2019-12
8,2109,2021-01-22,2021—2023,6,1852,2020-01-02,2020-01-03,2020-01-10,-0.0010398147878554198,0.0,-0.0010398147878554198,2020-01
8,2109,2021-01-22,2021—2023,6,1853,2020-01-03,2020-01-06,2020-01-13,0.004037891016432926,0.004037891016432926,0.0,2020-01
8,2109,2021-01-22,2021—2023,6,1855,2020-01-07,2020-01-08,2020-01-15,0.008613076508527051,0.008613076508527051,0.0,2020-01
8,2109,2021-01-22,2021—2023,6,1857,2020-01-09,2020-01-10,2020-01-17,-0.0063108569521832525,0.0,-0.0063108569521832525,2020-01
8,2109,2021-01-22,2021—2023,6,1858,2020-01-10,2020-01-13,2020-01-20,-0.0032010267270162762,0.0,-0.0032010267270162762,2020-01
8,2109,2021-01-22,2021—2023,6,1859,2020-01-13,2020-01-14,2020-01-21,-0.012437620625626589,0.0,-0.012437620625626589,2020-01
8,2109,2021-01-22,2021—2023,6,1963,2020-06-19,2020-06-22,2020-07-01,0.016704559052291623,0.016704559052291623,0.0,2020-06
8,2109,2021-01-22,2021—2023,6,1964,2020-06-22,2020-06-23,2020-07-02,0.038146008344530635,0.038146008344530635,0.0,2020-06
8,2109,2021-01-22,2021—2023,6,1965,2020-06-23,2020-06-24,2020-07-03,0.05660067616689757,0.05660067616689757,0.0,2020-06
8,2109,2021-01-22,2021—2023,6,1966,2020-06-24,2020-06-29,2020-07-06,0.08745700275846335,0.08745700275846335,0.0,2020-06
8,2109,2021-01-22,2021—2023,6,1967,2020-06-29,2020-06-30,2020-07-07,0.1587162871427399,0.1587162871427399,0.0,2020-06
8,2109,2021-01-22,2021—2023,6,1968,2020-06-30,2020-07-01,2020-07-08,0.12719902497016466,0.12719902497016466,0.0,2020-06
8,2109,2021-01-22,2021—2023,6,1969,2020-07-01,2020-07-02,2020-07-09,0.11980555146362537,0.11980555146362537,0.0,2020-07
8,2109,2021-01-22,2021—2023,6,1970,2020-07-02,2020-07-03,2020-07-10,0.09978026552986186,0.09978026552986186,0.0,2020-07
8,2109,2021-01-22,2021—2023,6,1971,2020-07-03,2020-07-06,2020-07-13,0.05321710680246894,0.05321710680246894,0.0,2020-07
8,2109,2021-01-22,2021—2023,6,1972,2020-07-06,2020-07-07,2020-07-14,0.008724400832290646,0.008724400832290646,0.0,2020-07
8,2109,2021-01-22,2021—2023,6,1973,2020-07-07,2020-07-08,2020-07-15,0.023658483430852417,0.023658483430852417,0.0,2020-07
8,2109,2021-01-22,2021—2023,6,1974,2020-07-08,2020-07-09,2020-07-16,-0.00412965411627475,0.0,-0.00412965411627475,2020-07
8,2109,2021-01-22,2021—2023,6,1975,2020-07-09,2020-07-10,2020-07-17,-0.05815621304647656,0.0,-0.05815621304647656,2020-07
8,2109,2021-01-22,2021—2023,6,1976,2020-07-10,2020-07-13,2020-07-20,-0.031065827272600433,0.0,-0.031065827272600433,2020-07
8,2109,2021-01-22,2021—2023,6,1977,2020-07-13,2020-07-14,2020-07-21,-0.02904417913293511,0.0,-0.02904417913293511,2020-07
8,2109,2021-01-22,2021—2023,6,1978,2020-07-14,2020-07-15,2020-07-22,-0.029142875224011155,0.0,-0.029142875224011155,2020-07
8,2109,2021-01-22,2021—2023,6,1979,2020-07-15,2020-07-16,2020-07-23,-0.012885940514305139,0.0,-0.012885940514305139,2020-07
8,2109,2021-01-22,2021—2023,6,2097,2021-01-06,2021-01-07,2021-01-14,0.025380240916733632,0.025380240916733632,0.0,2021-01
8,2109,2021-01-22,2021—2023,6,2098,2021-01-07,2021-01-08,2021-01-15,-0.01450442266983476,0.0,-0.01450442266983476,2021-01
8,2109,2021-01-22,2021—2023,6,2099,2021-01-08,2021-01-11,2021-01-18,-0.011721593184167656,0.0,-0.011721593184167656,2021-01
8,2109,2021-01-22,2021—2023,6,2100,2021-01-11,2021-01-12,2021-01-19,0.014097305461675536,0.014097305461675536,0.0,2021-01
8,2109,2021-01-22,2021—2023,6,2101,2021-01-12,2021-01-13,2021-01-20,-0.03380862066421253,0.0,-0.03380862066421253,2021-01
8,2109,2021-01-22,2021—2023,6,2102,2021-01-13,2021-01-14,2021-01-21,-0.019003651193450377,0.0,-0.019003651193450377,2021-01
8,2109,2021-01-22,2021—2023,6,2103,2021-01-14,2021-01-15,2021-01-22,0.012530579766651506,0.012530579766651506,0.0,2021-01
8,2212,2021-06-30,2021—2023,10,1763,2019-08-21,2019-08-22,2019-08-29,0.0010142208676695574,0.0010142208676695574,0.0,2019-08
8,2212,2021-06-30,2021—2023,10,1764,2019-08-22,2019-08-23,2019-08-30,0.003086242816847884,0.003086242816847884,0.0,2019-08
8,2212,2021-06-30,2021—2023,10,1765,2019-08-23,2019-08-26,2019-09-02,0.006510904914229787,0.006510904914229787,0.0,2019-08
8,2212,2021-06-30,2021—2023,10,1766,2019-08-26,2019-08-27,2019-09-03,0.012944835042884018,0.012944835042884018,0.0,2019-08
8,2212,2021-06-30,2021—2023,10,1767,2019-08-27,2019-08-28,2019-09-04,0.006416623446056091,0.006416623446056091,0.0,2019-08
8,2212,2021-06-30,2021—2023,10,1768,2019-08-28,2019-08-29,2019-09-05,0.02398028130519947,0.02398028130519947,0.0,2019-08
8,2212,2021-06-30,2021—2023,10,1769,2019-08-29,2019-08-30,2019-09-06,0.030618474259780593,0.030618474259780593,0.0,2019-08
8,2212,2021-06-30,2021—2023,10,1770,2019-08-30,2019-09-02,2019-09-09,0.04575896796342316,0.04575896796342316,0.0,2019-08
8,2212,2021-06-30,2021—2023,10,1841,2019-12-17,2019-12-18,2019-12-25,-0.017337827714763887,0.0,-0.017337827714763887,2019-12
8,2212,2021-06-30,2021—2023,10,1842,2019-12-18,2019-12-19,2019-12-26,-0.013181344562546826,0.0,-0.013181344562546826,2019-12
8,2212,2021-06-30,2021—2023,10,1843,2019-12-19,2019-12-20,2019-12-27,-0.0017929210025733333,0.0,-0.0017929210025733333,2019-12
8,2212,2021-06-30,2021—2023,10,1844,2019-12-20,2019-12-23,2019-12-30,-0.005522268704458377,0.0,-0.005522268704458377,2019-12
8,2212,2021-06-30,2021—2023,10,1845,2019-12-23,2019-12-24,2019-12-31,0.023116679254224337,0.023116679254224337,0.0,2019-12
8,2212,2021-06-30,2021—2023,10,1846,2019-12-24,2019-12-25,2020-01-02,0.030761924360363624,0.030761924360363624,0.0,2019-12
8,2212,2021-06-30,2021—2023,10,1847,2019-12-25,2019-12-26,2020-01-03,0.03873792331301895,0.03873792331301895,0.0,2019-12
8,2212,2021-06-30,2021—2023,10,1848,2019-12-26,2019-12-27,2020-01-06,0.02176290774013001,0.02176290774013001,0.0,2019-12
8,2212,2021-06-30,2021—2023,10,1849,2019-12-27,2019-12-30,2020-01-07,0.02859589148633712,0.02859589148633712,0.0,2019-12
8,2212,2021-06-30,2021—2023,10,1850,2019-12-30,2019-12-31,2020-01-08,0.01293503217269798,0.01293503217269798,0.0,2019-12
8,2212,2021-06-30,2021—2023,10,1873,2020-02-10,2020-02-11,2020-02-18,0.03469453005917478,0.03469453005917478,0.0,2020-02
8,2212,2021-06-30,2021—2023,10,1874,2020-02-11,2020-02-12,2020-02-19,0.021500504540765464,0.021500504540765464,0.0,2020-02
8,2212,2021-06-30,2021—2023,10,1875,2020-02-12,2020-02-13,2020-02-20,0.018309334544994282,0.018309334544994282,0.0,2020-02
8,2212,2021-06-30,2021—2023,10,1876,2020-02-13,2020-02-14,2020-02-21,0.04196174151256171,0.04196174151256171,0.0,2020-02
8,2212,2021-06-30,2021—2023,10,1877,2020-02-14,2020-02-17,2020-02-24,0.03125486647446274,0.03125486647446274,0.0,2020-02
8,2212,2021-06-30,2021—2023,10,1878,2020-02-17,2020-02-18,2020-02-25,-0.00473547656269846,0.0,-0.00473547656269846,2020-02
8,2212,2021-06-30,2021—2023,10,1879,2020-02-18,2020-02-19,2020-02-26,0.003651100806893348,0.003651100806893348,0.0,2020-02
8,2212,2021-06-30,2021—2023,10,1880,2020-02-19,2020-02-20,2020-02-27,0.0036302720291196966,0.0036302720291196966,0.0,2020-02
8,2212,2021-06-30,2021—2023,10,1881,2020-02-20,2020-02-21,2020-02-28,-0.03057236407762476,0.0,-0.03057236407762476,2020-02
8,2212,2021-06-30,2021—2023,10,1882,2020-02-21,2020-02-24,2020-03-02,-0.04533767888193563,0.0,-0.04533767888193563,2020-02
8,2212,2021-06-30,2021—2023,10,1883,2020-02-24,2020-02-25,2020-03-03,0.01299598503793753,0.01299598503793753,0.0,2020-02
8,2212,2021-06-30,2021—2023,10,1884,2020-02-25,2020-02-26,2020-03-04,-0.0030097570212515024,0.0,-0.0030097570212515024,2020-02
8,2212,2021-06-30,2021—2023,10,1885,2020-02-26,2020-02-27,2020-03-05,0.013376841044404175,0.013376841044404175,0.0,2020-02
8,2212,2021-06-30,2021—2023,10,1886,2020-02-27,2020-02-28,2020-03-06,0.03578374378766558,0.03578374378766558,0.0,2020-02
8,2212,2021-06-30,2021—2023,10,1887,2020-02-28,2020-03-02,2020-03-09,0.02726490375509716,0.02726490375509716,0.0,2020-02
8,2212,2021-06-30,2021—2023,10,1963,2020-06-19,2020-06-22,2020-07-01,0.016704559052291623,0.016704559052291623,0.0,2020-06
8,2212,2021-06-30,2021—2023,10,1964,2020-06-22,2020-06-23,2020-07-02,0.038146008344530635,0.038146008344530635,0.0,2020-06
8,2212,2021-06-30,2021—2023,10,1965,2020-06-23,2020-06-24,2020-07-03,0.05660067616689757,0.05660067616689757,0.0,2020-06
8,2212,2021-06-30,2021—2023,10,1966,2020-06-24,2020-06-29,2020-07-06,0.08745700275846335,0.08745700275846335,0.0,2020-06
8,2212,2021-06-30,2021—2023,10,1967,2020-06-29,2020-06-30,2020-07-07,0.1587162871427399,0.1587162871427399,0.0,2020-06
8,2212,2021-06-30,2021—2023,10,1968,2020-06-30,2020-07-01,2020-07-08,0.12719902497016466,0.12719902497016466,0.0,2020-06
8,2212,2021-06-30,2021—2023,10,1969,2020-07-01,2020-07-02,2020-07-09,0.11980555146362537,0.11980555146362537,0.0,2020-07
8,2212,2021-06-30,2021—2023,10,1970,2020-07-02,2020-07-03,2020-07-10,0.09978026552986186,0.09978026552986186,0.0,2020-07
8,2212,2021-06-30,2021—2023,10,1971,2020-07-03,2020-07-06,2020-07-13,0.05321710680246894,0.05321710680246894,0.0,2020-07
8,2212,2021-06-30,2021—2023,10,1972,2020-07-06,2020-07-07,2020-07-14,0.008724400832290646,0.008724400832290646,0.0,2020-07
8,2212,2021-06-30,2021—2023,10,1973,2020-07-07,2020-07-08,2020-07-15,0.023658483430852417,0.023658483430852417,0.0,2020-07
8,2212,2021-06-30,2021—2023,10,1974,2020-07-08,2020-07-09,2020-07-16,-0.00412965411627475,0.0,-0.00412965411627475,2020-07
8,2212,2021-06-30,2021—2023,10,1975,2020-07-09,2020-07-10,2020-07-17,-0.05815621304647656,0.0,-0.05815621304647656,2020-07
8,2212,2021-06-30,2021—2023,10,1976,2020-07-10,2020-07-13,2020-07-20,-0.031065827272600433,0.0,-0.031065827272600433,2020-07
8,2212,2021-06-30,2021—2023,10,1977,2020-07-13,2020-07-14,2020-07-21,-0.02904417913293511,0.0,-0.02904417913293511,2020-07
8,2212,2021-06-30,2021—2023,10,1978,2020-07-14,2020-07-15,2020-07-22,-0.029142875224011155,0.0,-0.029142875224011155,2020-07
8,2212,2021-06-30,2021—2023,10,1979,2020-07-15,2020-07-16,2020-07-23,-0.012885940514305139,0.0,-0.012885940514305139,2020-07
8,2212,2021-06-30,2021—2023,10,1980,2020-07-16,2020-07-17,2020-07-24,0.031087368331355947,0.031087368331355947,0.0,2020-07
8,2212,2021-06-30,2021—2023,10,1981,2020-07-17,2020-07-20,2020-07-27,-0.01669409622221618,0.0,-0.01669409622221618,2020-07
8,2212,2021-06-30,2021—2023,10,1982,2020-07-20,2020-07-21,2020-07-28,-0.031065739459369746,0.0,-0.031065739459369746,2020-07
8,2212,2021-06-30,2021—2023,10,1983,2020-07-21,2020-07-22,2020-07-29,-0.02969781055278964,0.0,-0.02969781055278964,2020-07
8,2212,2021-06-30,2021—2023,10,1984,2020-07-22,2020-07-23,2020-07-30,-0.0012206619353523074,0.0,-0.0012206619353523074,2020-07
8,2212,2021-06-30,2021—2023,10,1985,2020-07-23,2020-07-24,2020-07-31,-0.006290952230395108,0.0,-0.006290952230395108,2020-07
8,2212,2021-06-30,2021—2023,10,1986,2020-07-24,2020-07-27,2020-08-03,0.04210408251694964,0.04210408251694964,0.0,2020-07
8,2212,2021-06-30,2021—2023,10,1987,2020-07-27,2020-07-28,2020-08-04,0.047646395987059664,0.047646395987059664,0.0,2020-07
8,2212,2021-06-30,2021—2023,10,1988,2020-07-28,2020-07-29,2020-08-05,0.044066798443312516,0.044066798443312516,0.0,2020-07
8,2212,2021-06-30,2021—2023,10,1989,2020-07-29,2020-07-30,2020-08-06,0.01412003022135,0.01412003022135,0.0,2020-07
8,2212,2021-06-30,2021—2023,10,1990,2020-07-30,2020-07-31,2020-08-07,0.01678963621338303,0.01678963621338303,0.0,2020-07
8,2212,2021-06-30,2021—2023,10,1993,2020-08-04,2020-08-05,2020-08-12,-0.02294893105529683,0.0,-0.02294893105529683,2020-08
8,2212,2021-06-30,2021—2023,10,1994,2020-08-05,2020-08-06,2020-08-13,-0.026833435360347102,0.0,-0.026833435360347102,2020-08
8,2212,2021-06-30,2021—2023,10,1995,2020-08-06,2020-08-07,2020-08-14,-0.026777225881694067,0.0,-0.026777225881694067,2020-08
8,2212,2021-06-30,2021—2023,10,1996,2020-08-07,2020-08-10,2020-08-17,0.010799310499523207,0.010799310499523207,0.0,2020-08
8,2212,2021-06-30,2021—2023,10,1997,2020-08-10,2020-08-11,2020-08-18,0.017348634658871154,0.017348634658871154,0.0,2020-08
8,2212,2021-06-30,2021—2023,10,1998,2020-08-11,2020-08-12,2020-08-19,0.02708497996150383,0.02708497996150383,0.0,2020-08
8,2212,2021-06-30,2021—2023,10,1999,2020-08-12,2020-08-13,2020-08-20,0.0087265941081196,0.0087265941081196,0.0,2020-08
8,2212,2021-06-30,2021—2023,10,2059,2020-11-12,2020-11-13,2020-11-20,0.007063276384361217,0.007063276384361217,0.0,2020-11
8,2212,2021-06-30,2021—2023,10,2060,2020-11-13,2020-11-16,2020-11-23,0.01413786000751216,0.01413786000751216,0.0,2020-11
8,2212,2021-06-30,2021—2023,10,2075,2020-12-04,2020-12-07,2020-12-14,-0.03808037608897363,0.0,-0.03808037608897363,2020-12
8,2212,2021-06-30,2021—2023,10,2076,2020-12-07,2020-12-08,2020-12-15,-0.022146766538386653,0.0,-0.022146766538386653,2020-12
8,2212,2021-06-30,2021—2023,10,2089,2020-12-24,2020-12-25,2021-01-04,0.041458989526719225,0.041458989526719225,0.0,2020-12
8,2212,2021-06-30,2021—2023,10,2090,2020-12-25,2020-12-28,2021-01-05,0.037661137186391525,0.037661137186391525,0.0,2020-12
8,2212,2021-06-30,2021—2023,10,2091,2020-12-28,2020-12-29,2021-01-06,0.05689131812282855,0.05689131812282855,0.0,2020-12
8,2212,2021-06-30,2021—2023,10,2092,2020-12-29,2020-12-30,2021-01-07,0.07107399417090088,0.07107399417090088,0.0,2020-12
8,2221,2021-07-13,2021—2023,10,1764,2019-08-22,2019-08-23,2019-08-30,0.003086242816847884,0.003086242816847884,0.0,2019-08
8,2221,2021-07-13,2021—2023,10,1765,2019-08-23,2019-08-26,2019-09-02,0.006510904914229787,0.006510904914229787,0.0,2019-08
8,2221,2021-07-13,2021—2023,10,1766,2019-08-26,2019-08-27,2019-09-03,0.012944835042884018,0.012944835042884018,0.0,2019-08
8,2221,2021-07-13,2021—2023,10,1767,2019-08-27,2019-08-28,2019-09-04,0.006416623446056091,0.006416623446056091,0.0,2019-08
8,2221,2021-07-13,2021—2023,10,1768,2019-08-28,2019-08-29,2019-09-05,0.02398028130519947,0.02398028130519947,0.0,2019-08
8,2221,2021-07-13,2021—2023,10,1769,2019-08-29,2019-08-30,2019-09-06,0.030618474259780593,0.030618474259780593,0.0,2019-08
8,2221,2021-07-13,2021—2023,10,1770,2019-08-30,2019-09-02,2019-09-09,0.04575896796342316,0.04575896796342316,0.0,2019-08
8,2221,2021-07-13,2021—2023,10,1841,2019-12-17,2019-12-18,2019-12-25,-0.017337827714763887,0.0,-0.017337827714763887,2019-12
8,2221,2021-07-13,2021—2023,10,1842,2019-12-18,2019-12-19,2019-12-26,-0.013181344562546826,0.0,-0.013181344562546826,2019-12
8,2221,2021-07-13,2021—2023,10,1843,2019-12-19,2019-12-20,2019-12-27,-0.0017929210025733333,0.0,-0.0017929210025733333,2019-12
8,2221,2021-07-13,2021—2023,10,1844,2019-12-20,2019-12-23,2019-12-30,-0.005522268704458377,0.0,-0.005522268704458377,2019-12
8,2221,2021-07-13,2021—2023,10,1845,2019-12-23,2019-12-24,2019-12-31,0.023116679254224337,0.023116679254224337,0.0,2019-12
8,2221,2021-07-13,2021—2023,10,1846,2019-12-24,2019-12-25,2020-01-02,0.030761924360363624,0.030761924360363624,0.0,2019-12
8,2221,2021-07-13,2021—2023,10,1847,2019-12-25,2019-12-26,2020-01-03,0.03873792331301895,0.03873792331301895,0.0,2019-12
8,2221,2021-07-13,2021—2023,10,1848,2019-12-26,2019-12-27,2020-01-06,0.02176290774013001,0.02176290774013001,0.0,2019-12
8,2221,2021-07-13,2021—2023,10,1849,2019-12-27,2019-12-30,2020-01-07,0.02859589148633712,0.02859589148633712,0.0,2019-12
8,2221,2021-07-13,2021—2023,10,1850,2019-12-30,2019-12-31,2020-01-08,0.01293503217269798,0.01293503217269798,0.0,2019-12
8,2221,2021-07-13,2021—2023,10,1873,2020-02-10,2020-02-11,2020-02-18,0.03469453005917478,0.03469453005917478,0.0,2020-02
8,2221,2021-07-13,2021—2023,10,1874,2020-02-11,2020-02-12,2020-02-19,0.021500504540765464,0.021500504540765464,0.0,2020-02
8,2221,2021-07-13,2021—2023,10,1875,2020-02-12,2020-02-13,2020-02-20,0.018309334544994282,0.018309334544994282,0.0,2020-02
8,2221,2021-07-13,2021—2023,10,1876,2020-02-13,2020-02-14,2020-02-21,0.04196174151256171,0.04196174151256171,0.0,2020-02
8,2221,2021-07-13,2021—2023,10,1877,2020-02-14,2020-02-17,2020-02-24,0.03125486647446274,0.03125486647446274,0.0,2020-02
8,2221,2021-07-13,2021—2023,10,1878,2020-02-17,2020-02-18,2020-02-25,-0.00473547656269846,0.0,-0.00473547656269846,2020-02
8,2221,2021-07-13,2021—2023,10,1879,2020-02-18,2020-02-19,2020-02-26,0.003651100806893348,0.003651100806893348,0.0,2020-02
8,2221,2021-07-13,2021—2023,10,1880,2020-02-19,2020-02-20,2020-02-27,0.0036302720291196966,0.0036302720291196966,0.0,2020-02
8,2221,2021-07-13,2021—2023,10,1881,2020-02-20,2020-02-21,2020-02-28,-0.03057236407762476,0.0,-0.03057236407762476,2020-02
8,2221,2021-07-13,2021—2023,10,1882,2020-02-21,2020-02-24,2020-03-02,-0.04533767888193563,0.0,-0.04533767888193563,2020-02
8,2221,2021-07-13,2021—2023,10,1883,2020-02-24,2020-02-25,2020-03-03,0.01299598503793753,0.01299598503793753,0.0,2020-02
8,2221,2021-07-13,2021—2023,10,1884,2020-02-25,2020-02-26,2020-03-04,-0.0030097570212515024,0.0,-0.0030097570212515024,2020-02
8,2221,2021-07-13,2021—2023,10,1885,2020-02-26,2020-02-27,2020-03-05,0.013376841044404175,0.013376841044404175,0.0,2020-02
8,2221,2021-07-13,2021—2023,10,1886,2020-02-27,2020-02-28,2020-03-06,0.03578374378766558,0.03578374378766558,0.0,2020-02
8,2221,2021-07-13,2021—2023,10,1887,2020-02-28,2020-03-02,2020-03-09,0.02726490375509716,0.02726490375509716,0.0,2020-02
8,2221,2021-07-13,2021—2023,10,1964,2020-06-22,2020-06-23,2020-07-02,0.038146008344530635,0.038146008344530635,0.0,2020-06
8,2221,2021-07-13,2021—2023,10,1965,2020-06-23,2020-06-24,2020-07-03,0.05660067616689757,0.05660067616689757,0.0,2020-06
8,2221,2021-07-13,2021—2023,10,1966,2020-06-24,2020-06-29,2020-07-06,0.08745700275846335,0.08745700275846335,0.0,2020-06
8,2221,2021-07-13,2021—2023,10,1967,2020-06-29,2020-06-30,2020-07-07,0.1587162871427399,0.1587162871427399,0.0,2020-06
8,2221,2021-07-13,2021—2023,10,1968,2020-06-30,2020-07-01,2020-07-08,0.12719902497016466,0.12719902497016466,0.0,2020-06
8,2221,2021-07-13,2021—2023,10,1969,2020-07-01,2020-07-02,2020-07-09,0.11980555146362537,0.11980555146362537,0.0,2020-07
8,2221,2021-07-13,2021—2023,10,1970,2020-07-02,2020-07-03,2020-07-10,0.09978026552986186,0.09978026552986186,0.0,2020-07
8,2221,2021-07-13,2021—2023,10,1971,2020-07-03,2020-07-06,2020-07-13,0.05321710680246894,0.05321710680246894,0.0,2020-07
8,2221,2021-07-13,2021—2023,10,1972,2020-07-06,2020-07-07,2020-07-14,0.008724400832290646,0.008724400832290646,0.0,2020-07
8,2221,2021-07-13,2021—2023,10,1973,2020-07-07,2020-07-08,2020-07-15,0.023658483430852417,0.023658483430852417,0.0,2020-07
8,2221,2021-07-13,2021—2023,10,1974,2020-07-08,2020-07-09,2020-07-16,-0.00412965411627475,0.0,-0.00412965411627475,2020-07
8,2221,2021-07-13,2021—2023,10,1975,2020-07-09,2020-07-10,2020-07-17,-0.05815621304647656,0.0,-0.05815621304647656,2020-07
8,2221,2021-07-13,2021—2023,10,1976,2020-07-10,2020-07-13,2020-07-20,-0.031065827272600433,0.0,-0.031065827272600433,2020-07
8,2221,2021-07-13,2021—2023,10,1977,2020-07-13,2020-07-14,2020-07-21,-0.02904417913293511,0.0,-0.02904417913293511,2020-07
8,2221,2021-07-13,2021—2023,10,1978,2020-07-14,2020-07-15,2020-07-22,-0.029142875224011155,0.0,-0.029142875224011155,2020-07
8,2221,2021-07-13,2021—2023,10,1979,2020-07-15,2020-07-16,2020-07-23,-0.012885940514305139,0.0,-0.012885940514305139,2020-07
8,2221,2021-07-13,2021—2023,10,1980,2020-07-16,2020-07-17,2020-07-24,0.031087368331355947,0.031087368331355947,0.0,2020-07
8,2221,2021-07-13,2021—2023,10,1981,2020-07-17,2020-07-20,2020-07-27,-0.01669409622221618,0.0,-0.01669409622221618,2020-07
8,2221,2021-07-13,2021—2023,10,1982,2020-07-20,2020-07-21,2020-07-28,-0.031065739459369746,0.0,-0.031065739459369746,2020-07
8,2221,2021-07-13,2021—2023,10,1983,2020-07-21,2020-07-22,2020-07-29,-0.02969781055278964,0.0,-0.02969781055278964,2020-07
8,2221,2021-07-13,2021—2023,10,1984,2020-07-22,2020-07-23,2020-07-30,-0.0012206619353523074,0.0,-0.0012206619353523074,2020-07
8,2221,2021-07-13,2021—2023,10,1985,2020-07-23,2020-07-24,2020-07-31,-0.006290952230395108,0.0,-0.006290952230395108,2020-07
8,2221,2021-07-13,2021—2023,10,1986,2020-07-24,2020-07-27,2020-08-03,0.04210408251694964,0.04210408251694964,0.0,2020-07
8,2221,2021-07-13,2021—2023,10,1987,2020-07-27,2020-07-28,2020-08-04,0.047646395987059664,0.047646395987059664,0.0,2020-07
8,2221,2021-07-13,2021—2023,10,1988,2020-07-28,2020-07-29,2020-08-05,0.044066798443312516,0.044066798443312516,0.0,2020-07
8,2221,2021-07-13,2021—2023,10,1989,2020-07-29,2020-07-30,2020-08-06,0.01412003022135,0.01412003022135,0.0,2020-07
8,2221,2021-07-13,2021—2023,10,1994,2020-08-05,2020-08-06,2020-08-13,-0.026833435360347102,0.0,-0.026833435360347102,2020-08
8,2221,2021-07-13,2021—2023,10,1995,2020-08-06,2020-08-07,2020-08-14,-0.026777225881694067,0.0,-0.026777225881694067,2020-08
8,2221,2021-07-13,2021—2023,10,1996,2020-08-07,2020-08-10,2020-08-17,0.010799310499523207,0.010799310499523207,0.0,2020-08
8,2221,2021-07-13,2021—2023,10,1997,2020-08-10,2020-08-11,2020-08-18,0.017348634658871154,0.017348634658871154,0.0,2020-08
8,2221,2021-07-13,2021—2023,10,1998,2020-08-11,2020-08-12,2020-08-19,0.02708497996150383,0.02708497996150383,0.0,2020-08
8,2221,2021-07-13,2021—2023,10,1999,2020-08-12,2020-08-13,2020-08-20,0.0087265941081196,0.0087265941081196,0.0,2020-08
8,2221,2021-07-13,2021—2023,10,2076,2020-12-07,2020-12-08,2020-12-15,-0.022146766538386653,0.0,-0.022146766538386653,2020-12
8,2221,2021-07-13,2021—2023,10,2091,2020-12-28,2020-12-29,2021-01-06,0.05689131812282855,0.05689131812282855,0.0,2020-12
8,2230,2021-07-26,2021—2023,8,1764,2019-08-22,2019-08-23,2019-08-30,0.003086242816847884,0.003086242816847884,0.0,2019-08
8,2230,2021-07-26,2021—2023,8,1765,2019-08-23,2019-08-26,2019-09-02,0.006510904914229787,0.006510904914229787,0.0,2019-08
8,2230,2021-07-26,2021—2023,8,1766,2019-08-26,2019-08-27,2019-09-03,0.012944835042884018,0.012944835042884018,0.0,2019-08
8,2230,2021-07-26,2021—2023,8,1767,2019-08-27,2019-08-28,2019-09-04,0.006416623446056091,0.006416623446056091,0.0,2019-08
8,2230,2021-07-26,2021—2023,8,1768,2019-08-28,2019-08-29,2019-09-05,0.02398028130519947,0.02398028130519947,0.0,2019-08
8,2230,2021-07-26,2021—2023,8,1769,2019-08-29,2019-08-30,2019-09-06,0.030618474259780593,0.030618474259780593,0.0,2019-08
8,2230,2021-07-26,2021—2023,8,1770,2019-08-30,2019-09-02,2019-09-09,0.04575896796342316,0.04575896796342316,0.0,2019-08
8,2230,2021-07-26,2021—2023,8,1841,2019-12-17,2019-12-18,2019-12-25,-0.017337827714763887,0.0,-0.017337827714763887,2019-12
8,2230,2021-07-26,2021—2023,8,1842,2019-12-18,2019-12-19,2019-12-26,-0.013181344562546826,0.0,-0.013181344562546826,2019-12
8,2230,2021-07-26,2021—2023,8,1843,2019-12-19,2019-12-20,2019-12-27,-0.0017929210025733333,0.0,-0.0017929210025733333,2019-12
8,2230,2021-07-26,2021—2023,8,1844,2019-12-20,2019-12-23,2019-12-30,-0.005522268704458377,0.0,-0.005522268704458377,2019-12
8,2230,2021-07-26,2021—2023,8,1845,2019-12-23,2019-12-24,2019-12-31,0.023116679254224337,0.023116679254224337,0.0,2019-12
8,2230,2021-07-26,2021—2023,8,1846,2019-12-24,2019-12-25,2020-01-02,0.030761924360363624,0.030761924360363624,0.0,2019-12
8,2230,2021-07-26,2021—2023,8,1847,2019-12-25,2019-12-26,2020-01-03,0.03873792331301895,0.03873792331301895,0.0,2019-12
8,2230,2021-07-26,2021—2023,8,1848,2019-12-26,2019-12-27,2020-01-06,0.02176290774013001,0.02176290774013001,0.0,2019-12
8,2230,2021-07-26,2021—2023,8,1849,2019-12-27,2019-12-30,2020-01-07,0.02859589148633712,0.02859589148633712,0.0,2019-12
8,2230,2021-07-26,2021—2023,8,1850,2019-12-30,2019-12-31,2020-01-08,0.01293503217269798,0.01293503217269798,0.0,2019-12
8,2230,2021-07-26,2021—2023,8,1873,2020-02-10,2020-02-11,2020-02-18,0.03469453005917478,0.03469453005917478,0.0,2020-02
8,2230,2021-07-26,2021—2023,8,1874,2020-02-11,2020-02-12,2020-02-19,0.021500504540765464,0.021500504540765464,0.0,2020-02
8,2230,2021-07-26,2021—2023,8,1875,2020-02-12,2020-02-13,2020-02-20,0.018309334544994282,0.018309334544994282,0.0,2020-02
8,2230,2021-07-26,2021—2023,8,1876,2020-02-13,2020-02-14,2020-02-21,0.04196174151256171,0.04196174151256171,0.0,2020-02
8,2230,2021-07-26,2021—2023,8,1877,2020-02-14,2020-02-17,2020-02-24,0.03125486647446274,0.03125486647446274,0.0,2020-02
8,2230,2021-07-26,2021—2023,8,1878,2020-02-17,2020-02-18,2020-02-25,-0.00473547656269846,0.0,-0.00473547656269846,2020-02
8,2230,2021-07-26,2021—2023,8,1879,2020-02-18,2020-02-19,2020-02-26,0.003651100806893348,0.003651100806893348,0.0,2020-02
8,2230,2021-07-26,2021—2023,8,1880,2020-02-19,2020-02-20,2020-02-27,0.0036302720291196966,0.0036302720291196966,0.0,2020-02
8,2230,2021-07-26,2021—2023,8,1881,2020-02-20,2020-02-21,2020-02-28,-0.03057236407762476,0.0,-0.03057236407762476,2020-02
8,2230,2021-07-26,2021—2023,8,1882,2020-02-21,2020-02-24,2020-03-02,-0.04533767888193563,0.0,-0.04533767888193563,2020-02
8,2230,2021-07-26,2021—2023,8,1883,2020-02-24,2020-02-25,2020-03-03,0.01299598503793753,0.01299598503793753,0.0,2020-02
8,2230,2021-07-26,2021—2023,8,1884,2020-02-25,2020-02-26,2020-03-04,-0.0030097570212515024,0.0,-0.0030097570212515024,2020-02
8,2230,2021-07-26,2021—2023,8,1885,2020-02-26,2020-02-27,2020-03-05,0.013376841044404175,0.013376841044404175,0.0,2020-02
8,2230,2021-07-26,2021—2023,8,1886,2020-02-27,2020-02-28,2020-03-06,0.03578374378766558,0.03578374378766558,0.0,2020-02
8,2230,2021-07-26,2021—2023,8,1887,2020-02-28,2020-03-02,2020-03-09,0.02726490375509716,0.02726490375509716,0.0,2020-02
8,2230,2021-07-26,2021—2023,8,1964,2020-06-22,2020-06-23,2020-07-02,0.038146008344530635,0.038146008344530635,0.0,2020-06
8,2230,2021-07-26,2021—2023,8,1965,2020-06-23,2020-06-24,2020-07-03,0.05660067616689757,0.05660067616689757,0.0,2020-06
8,2230,2021-07-26,2021—2023,8,1966,2020-06-24,2020-06-29,2020-07-06,0.08745700275846335,0.08745700275846335,0.0,2020-06
8,2230,2021-07-26,2021—2023,8,1967,2020-06-29,2020-06-30,2020-07-07,0.1587162871427399,0.1587162871427399,0.0,2020-06
8,2230,2021-07-26,2021—2023,8,1968,2020-06-30,2020-07-01,2020-07-08,0.12719902497016466,0.12719902497016466,0.0,2020-06
8,2230,2021-07-26,2021—2023,8,1969,2020-07-01,2020-07-02,2020-07-09,0.11980555146362537,0.11980555146362537,0.0,2020-07
8,2230,2021-07-26,2021—2023,8,1970,2020-07-02,2020-07-03,2020-07-10,0.09978026552986186,0.09978026552986186,0.0,2020-07
8,2230,2021-07-26,2021—2023,8,1971,2020-07-03,2020-07-06,2020-07-13,0.05321710680246894,0.05321710680246894,0.0,2020-07
8,2230,2021-07-26,2021—2023,8,1972,2020-07-06,2020-07-07,2020-07-14,0.008724400832290646,0.008724400832290646,0.0,2020-07
8,2230,2021-07-26,2021—2023,8,1973,2020-07-07,2020-07-08,2020-07-15,0.023658483430852417,0.023658483430852417,0.0,2020-07
8,2230,2021-07-26,2021—2023,8,1974,2020-07-08,2020-07-09,2020-07-16,-0.00412965411627475,0.0,-0.00412965411627475,2020-07
8,2230,2021-07-26,2021—2023,8,1975,2020-07-09,2020-07-10,2020-07-17,-0.05815621304647656,0.0,-0.05815621304647656,2020-07
8,2230,2021-07-26,2021—2023,8,1976,2020-07-10,2020-07-13,2020-07-20,-0.031065827272600433,0.0,-0.031065827272600433,2020-07
8,2230,2021-07-26,2021—2023,8,1977,2020-07-13,2020-07-14,2020-07-21,-0.02904417913293511,0.0,-0.02904417913293511,2020-07
8,2230,2021-07-26,2021—2023,8,1978,2020-07-14,2020-07-15,2020-07-22,-0.029142875224011155,0.0,-0.029142875224011155,2020-07
8,2230,2021-07-26,2021—2023,8,1979,2020-07-15,2020-07-16,2020-07-23,-0.012885940514305139,0.0,-0.012885940514305139,2020-07
8,2230,2021-07-26,2021—2023,8,1980,2020-07-16,2020-07-17,2020-07-24,0.031087368331355947,0.031087368331355947,0.0,2020-07
8,2230,2021-07-26,2021—2023,8,1981,2020-07-17,2020-07-20,2020-07-27,-0.01669409622221618,0.0,-0.01669409622221618,2020-07
8,2230,2021-07-26,2021—2023,8,1982,2020-07-20,2020-07-21,2020-07-28,-0.031065739459369746,0.0,-0.031065739459369746,2020-07
8,2230,2021-07-26,2021—2023,8,1983,2020-07-21,2020-07-22,2020-07-29,-0.02969781055278964,0.0,-0.02969781055278964,2020-07
8,2230,2021-07-26,2021—2023,8,1984,2020-07-22,2020-07-23,2020-07-30,-0.0012206619353523074,0.0,-0.0012206619353523074,2020-07
8,2230,2021-07-26,2021—2023,8,1985,2020-07-23,2020-07-24,2020-07-31,-0.006290952230395108,0.0,-0.006290952230395108,2020-07
8,2230,2021-07-26,2021—2023,8,1986,2020-07-24,2020-07-27,2020-08-03,0.04210408251694964,0.04210408251694964,0.0,2020-07
8,2230,2021-07-26,2021—2023,8,1987,2020-07-27,2020-07-28,2020-08-04,0.047646395987059664,0.047646395987059664,0.0,2020-07
8,2230,2021-07-26,2021—2023,8,1988,2020-07-28,2020-07-29,2020-08-05,0.044066798443312516,0.044066798443312516,0.0,2020-07
8,2230,2021-07-26,2021—2023,8,1989,2020-07-29,2020-07-30,2020-08-06,0.01412003022135,0.01412003022135,0.0,2020-07
8,2230,2021-07-26,2021—2023,8,1994,2020-08-05,2020-08-06,2020-08-13,-0.026833435360347102,0.0,-0.026833435360347102,2020-08
8,2230,2021-07-26,2021—2023,8,1995,2020-08-06,2020-08-07,2020-08-14,-0.026777225881694067,0.0,-0.026777225881694067,2020-08
8,2230,2021-07-26,2021—2023,8,1996,2020-08-07,2020-08-10,2020-08-17,0.010799310499523207,0.010799310499523207,0.0,2020-08
8,2230,2021-07-26,2021—2023,8,1997,2020-08-10,2020-08-11,2020-08-18,0.017348634658871154,0.017348634658871154,0.0,2020-08
8,2230,2021-07-26,2021—2023,8,1998,2020-08-11,2020-08-12,2020-08-19,0.02708497996150383,0.02708497996150383,0.0,2020-08
8,2230,2021-07-26,2021—2023,8,1999,2020-08-12,2020-08-13,2020-08-20,0.0087265941081196,0.0087265941081196,0.0,2020-08
8,2230,2021-07-26,2021—2023,8,2076,2020-12-07,2020-12-08,2020-12-15,-0.022146766538386653,0.0,-0.022146766538386653,2020-12
8,2230,2021-07-26,2021—2023,8,2091,2020-12-28,2020-12-29,2021-01-06,0.05689131812282855,0.05689131812282855,0.0,2020-12
8,2230,2021-07-26,2021—2023,8,2221,2021-07-13,2021-07-14,2021-07-21,-0.005221771210699777,0.0,-0.005221771210699777,2021-07
8,2230,2021-07-26,2021—2023,8,2222,2021-07-14,2021-07-15,2021-07-22,0.011259969440294837,0.011259969440294837,0.0,2021-07
8,2230,2021-07-26,2021—2023,8,2223,2021-07-15,2021-07-16,2021-07-23,-0.0011835450222524857,0.0,-0.0011835450222524857,2021-07
8,2230,2021-07-26,2021—2023,8,2224,2021-07-16,2021-07-19,2021-07-26,-0.005065623663206731,0.0,-0.005065623663206731,2021-07
8,2321,2021-12-09,2021—2023,9,1830,2019-12-02,2019-12-03,2019-12-10,0.012557239315071023,0.012557239315071023,0.0,2019-12
8,2321,2021-12-09,2021—2023,9,1831,2019-12-03,2019-12-04,2019-12-11,0.013539461264674424,0.013539461264674424,0.0,2019-12
8,2321,2021-12-09,2021—2023,9,1832,2019-12-04,2019-12-05,2019-12-12,0.00786212903373662,0.00786212903373662,0.0,2019-12
8,2321,2021-12-09,2021—2023,9,1833,2019-12-05,2019-12-06,2019-12-13,0.007811667632845465,0.007811667632845465,0.0,2019-12
8,2321,2021-12-09,2021—2023,9,1834,2019-12-06,2019-12-09,2019-12-16,0.013049389815862122,0.013049389815862122,0.0,2019-12
8,2321,2021-12-09,2021—2023,9,1835,2019-12-09,2019-12-10,2019-12-17,0.020961336984193668,0.020961336984193668,0.0,2019-12
8,2321,2021-12-09,2021—2023,9,1836,2019-12-10,2019-12-11,2019-12-18,0.03296745817801905,0.03296745817801905,0.0,2019-12
8,2321,2021-12-09,2021—2023,9,1837,2019-12-11,2019-12-12,2019-12-19,0.029905579381563685,0.029905579381563685,0.0,2019-12
8,2321,2021-12-09,2021—2023,9,1838,2019-12-12,2019-12-13,2019-12-20,0.021076905286765202,0.021076905286765202,0.0,2019-12
8,2321,2021-12-09,2021—2023,9,1839,2019-12-13,2019-12-16,2019-12-23,0.009013669777619082,0.009013669777619082,0.0,2019-12
8,2321,2021-12-09,2021—2023,9,1840,2019-12-16,2019-12-17,2019-12-24,-0.0060691946225025495,0.0,-0.0060691946225025495,2019-12
8,2321,2021-12-09,2021—2023,9,1841,2019-12-17,2019-12-18,2019-12-25,-0.017337827714763887,0.0,-0.017337827714763887,2019-12
8,2321,2021-12-09,2021—2023,9,1842,2019-12-18,2019-12-19,2019-12-26,-0.013181344562546826,0.0,-0.013181344562546826,2019-12
8,2321,2021-12-09,2021—2023,9,1843,2019-12-19,2019-12-20,2019-12-27,-0.0017929210025733333,0.0,-0.0017929210025733333,2019-12
8,2321,2021-12-09,2021—2023,9,1844,2019-12-20,2019-12-23,2019-12-30,-0.005522268704458377,0.0,-0.005522268704458377,2019-12
8,2321,2021-12-09,2021—2023,9,1845,2019-12-23,2019-12-24,2019-12-31,0.023116679254224337,0.023116679254224337,0.0,2019-12
8,2321,2021-12-09,2021—2023,9,1846,2019-12-24,2019-12-25,2020-01-02,0.030761924360363624,0.030761924360363624,0.0,2019-12
8,2321,2021-12-09,2021—2023,9,1847,2019-12-25,2019-12-26,2020-01-03,0.03873792331301895,0.03873792331301895,0.0,2019-12
8,2321,2021-12-09,2021—2023,9,1848,2019-12-26,2019-12-27,2020-01-06,0.02176290774013001,0.02176290774013001,0.0,2019-12
8,2321,2021-12-09,2021—2023,9,1849,2019-12-27,2019-12-30,2020-01-07,0.02859589148633712,0.02859589148633712,0.0,2019-12
8,2321,2021-12-09,2021—2023,9,1850,2019-12-30,2019-12-31,2020-01-08,0.01293503217269798,0.01293503217269798,0.0,2019-12
8,2321,2021-12-09,2021—2023,9,1909,2020-03-31,2020-04-01,2020-04-09,0.028893022943494495,0.028893022943494495,0.0,2020-03
8,2321,2021-12-09,2021—2023,9,1910,2020-04-01,2020-04-02,2020-04-10,0.029214529371211606,0.029214529371211606,0.0,2020-04
8,2321,2021-12-09,2021—2023,9,1911,2020-04-02,2020-04-03,2020-04-13,0.007809477178434054,0.007809477178434054,0.0,2020-04
8,2321,2021-12-09,2021—2023,9,1912,2020-04-03,2020-04-07,2020-04-14,-0.0029233790012155314,0.0,-0.0029233790012155314,2020-04
8,2321,2021-12-09,2021—2023,9,1913,2020-04-07,2020-04-08,2020-04-15,0.0074165559240495504,0.0074165559240495504,0.0,2020-04
8,2321,2021-12-09,2021—2023,9,1914,2020-04-08,2020-04-09,2020-04-16,-0.005815480941044893,0.0,-0.005815480941044893,2020-04
8,2321,2021-12-09,2021—2023,9,1915,2020-04-09,2020-04-10,2020-04-17,0.007130481140876999,0.007130481140876999,0.0,2020-04
8,2321,2021-12-09,2021—2023,9,1916,2020-04-10,2020-04-13,2020-04-20,0.017299846177671663,0.017299846177671663,0.0,2020-04
8,2321,2021-12-09,2021—2023,9,1917,2020-04-13,2020-04-14,2020-04-21,0.01300436254828563,0.01300436254828563,0.0,2020-04
8,2321,2021-12-09,2021—2023,9,1918,2020-04-14,2020-04-15,2020-04-22,-0.009718769357575874,0.0,-0.009718769357575874,2020-04
8,2321,2021-12-09,2021—2023,9,1919,2020-04-15,2020-04-16,2020-04-23,0.013497303781190295,0.013497303781190295,0.0,2020-04
8,2321,2021-12-09,2021—2023,9,1920,2020-04-16,2020-04-17,2020-04-24,-0.004725296890149,0.0,-0.004725296890149,2020-04
8,2321,2021-12-09,2021—2023,9,1921,2020-04-17,2020-04-20,2020-04-27,-0.011756968230984377,0.0,-0.011756968230984377,2020-04
8,2321,2021-12-09,2021—2023,9,1922,2020-04-20,2020-04-21,2020-04-28,-0.0028900573661749807,0.0,-0.0028900573661749807,2020-04
8,2321,2021-12-09,2021—2023,9,1923,2020-04-21,2020-04-22,2020-04-29,0.009501354097536385,0.009501354097536385,0.0,2020-04
8,2321,2021-12-09,2021—2023,9,1924,2020-04-22,2020-04-23,2020-04-30,0.0057123136147001485,0.0057123136147001485,0.0,2020-04
8,2321,2021-12-09,2021—2023,9,1925,2020-04-23,2020-04-24,2020-05-06,0.012309744168456982,0.012309744168456982,0.0,2020-04
8,2321,2021-12-09,2021—2023,9,1926,2020-04-24,2020-04-27,2020-05-07,0.030260814536145375,0.030260814536145375,0.0,2020-04
8,2321,2021-12-09,2021—2023,9,1927,2020-04-27,2020-04-28,2020-05-08,0.025591332504655062,0.025591332504655062,0.0,2020-04
8,2321,2021-12-09,2021—2023,9,1928,2020-04-28,2020-04-29,2020-05-11,0.031811296369180786,0.031811296369180786,0.0,2020-04
8,2321,2021-12-09,2021—2023,9,1929,2020-04-29,2020-04-30,2020-05-12,0.018311414126517933,0.018311414126517933,0.0,2020-04
8,2321,2021-12-09,2021—2023,9,1949,2020-06-01,2020-06-02,2020-06-09,0.011023687201856314,0.011023687201856314,0.0,2020-06
8,2321,2021-12-09,2021—2023,9,1950,2020-06-02,2020-06-03,2020-06-10,0.008687979081230868,0.008687979081230868,0.0,2020-06
8,2321,2021-12-09,2021—2023,9,1951,2020-06-03,2020-06-04,2020-06-11,0.007454039660731215,0.007454039660731215,0.0,2020-06
8,2321,2021-12-09,2021—2023,9,1952,2020-06-04,2020-06-05,2020-06-12,-0.007071336667442085,0.0,-0.007071336667442085,2020-06
8,2321,2021-12-09,2021—2023,9,1953,2020-06-05,2020-06-08,2020-06-15,-0.012467360881734169,0.0,-0.012467360881734169,2020-06
8,2321,2021-12-09,2021—2023,9,1954,2020-06-08,2020-06-09,2020-06-16,-0.01022375859782676,0.0,-0.01022375859782676,2020-06
8,2321,2021-12-09,2021—2023,9,1955,2020-06-09,2020-06-10,2020-06-17,-0.009434744620670177,0.0,-0.009434744620670177,2020-06
8,2321,2021-12-09,2021—2023,9,1956,2020-06-10,2020-06-11,2020-06-18,-0.008223159473209285,0.0,-0.008223159473209285,2020-06
8,2321,2021-12-09,2021—2023,9,1957,2020-06-11,2020-06-12,2020-06-19,0.019103704962795565,0.019103704962795565,0.0,2020-06
8,2321,2021-12-09,2021—2023,9,1958,2020-06-12,2020-06-15,2020-06-22,0.027777549291372106,0.027777549291372106,0.0,2020-06
8,2321,2021-12-09,2021—2023,9,1959,2020-06-15,2020-06-16,2020-06-23,0.023187124250074964,0.023187124250074964,0.0,2020-06
8,2321,2021-12-09,2021—2023,9,1960,2020-06-16,2020-06-17,2020-06-24,0.02601116075309018,0.02601116075309018,0.0,2020-06
8,2321,2021-12-09,2021—2023,9,1961,2020-06-17,2020-06-18,2020-06-29,0.030782808827688246,0.030782808827688246,0.0,2020-06
8,2321,2021-12-09,2021—2023,9,1962,2020-06-18,2020-06-19,2020-06-30,0.020884568490729505,0.020884568490729505,0.0,2020-06
8,2321,2021-12-09,2021—2023,9,1963,2020-06-19,2020-06-22,2020-07-01,0.016704559052291623,0.016704559052291623,0.0,2020-06
8,2321,2021-12-09,2021—2023,9,1964,2020-06-22,2020-06-23,2020-07-02,0.038146008344530635,0.038146008344530635,0.0,2020-06
8,2321,2021-12-09,2021—2023,9,1965,2020-06-23,2020-06-24,2020-07-03,0.05660067616689757,0.05660067616689757,0.0,2020-06
8,2321,2021-12-09,2021—2023,9,1966,2020-06-24,2020-06-29,2020-07-06,0.08745700275846335,0.08745700275846335,0.0,2020-06
8,2321,2021-12-09,2021—2023,9,1967,2020-06-29,2020-06-30,2020-07-07,0.1587162871427399,0.1587162871427399,0.0,2020-06
8,2321,2021-12-09,2021—2023,9,1968,2020-06-30,2020-07-01,2020-07-08,0.12719902497016466,0.12719902497016466,0.0,2020-06
8,2321,2021-12-09,2021—2023,9,1969,2020-07-01,2020-07-02,2020-07-09,0.11980555146362537,0.11980555146362537,0.0,2020-07
8,2321,2021-12-09,2021—2023,9,1970,2020-07-02,2020-07-03,2020-07-10,0.09978026552986186,0.09978026552986186,0.0,2020-07
8,2321,2021-12-09,2021—2023,9,1971,2020-07-03,2020-07-06,2020-07-13,0.05321710680246894,0.05321710680246894,0.0,2020-07
8,2321,2021-12-09,2021—2023,9,1972,2020-07-06,2020-07-07,2020-07-14,0.008724400832290646,0.008724400832290646,0.0,2020-07
8,2321,2021-12-09,2021—2023,9,1973,2020-07-07,2020-07-08,2020-07-15,0.023658483430852417,0.023658483430852417,0.0,2020-07
8,2321,2021-12-09,2021—2023,9,1974,2020-07-08,2020-07-09,2020-07-16,-0.00412965411627475,0.0,-0.00412965411627475,2020-07
8,2321,2021-12-09,2021—2023,9,1975,2020-07-09,2020-07-10,2020-07-17,-0.05815621304647656,0.0,-0.05815621304647656,2020-07
8,2321,2021-12-09,2021—2023,9,1976,2020-07-10,2020-07-13,2020-07-20,-0.031065827272600433,0.0,-0.031065827272600433,2020-07
8,2321,2021-12-09,2021—2023,9,1977,2020-07-13,2020-07-14,2020-07-21,-0.02904417913293511,0.0,-0.02904417913293511,2020-07
8,2321,2021-12-09,2021—2023,9,1978,2020-07-14,2020-07-15,2020-07-22,-0.029142875224011155,0.0,-0.029142875224011155,2020-07
8,2321,2021-12-09,2021—2023,9,1979,2020-07-15,2020-07-16,2020-07-23,-0.012885940514305139,0.0,-0.012885940514305139,2020-07
8,2321,2021-12-09,2021—2023,9,1980,2020-07-16,2020-07-17,2020-07-24,0.031087368331355947,0.031087368331355947,0.0,2020-07
8,2321,2021-12-09,2021—2023,9,1981,2020-07-17,2020-07-20,2020-07-27,-0.01669409622221618,0.0,-0.01669409622221618,2020-07
8,2321,2021-12-09,2021—2023,9,1982,2020-07-20,2020-07-21,2020-07-28,-0.031065739459369746,0.0,-0.031065739459369746,2020-07
8,2321,2021-12-09,2021—2023,9,1983,2020-07-21,2020-07-22,2020-07-29,-0.02969781055278964,0.0,-0.02969781055278964,2020-07
8,2321,2021-12-09,2021—2023,9,1984,2020-07-22,2020-07-23,2020-07-30,-0.0012206619353523074,0.0,-0.0012206619353523074,2020-07
8,2321,2021-12-09,2021—2023,9,1985,2020-07-23,2020-07-24,2020-07-31,-0.006290952230395108,0.0,-0.006290952230395108,2020-07
8,2321,2021-12-09,2021—2023,9,1986,2020-07-24,2020-07-27,2020-08-03,0.04210408251694964,0.04210408251694964,0.0,2020-07
8,2321,2021-12-09,2021—2023,9,1987,2020-07-27,2020-07-28,2020-08-04,0.047646395987059664,0.047646395987059664,0.0,2020-07
8,2321,2021-12-09,2021—2023,9,1988,2020-07-28,2020-07-29,2020-08-05,0.044066798443312516,0.044066798443312516,0.0,2020-07
8,2321,2021-12-09,2021—2023,9,1989,2020-07-29,2020-07-30,2020-08-06,0.01412003022135,0.01412003022135,0.0,2020-07
8,2321,2021-12-09,2021—2023,9,1990,2020-07-30,2020-07-31,2020-08-07,0.01678963621338303,0.01678963621338303,0.0,2020-07
8,2321,2021-12-09,2021—2023,9,2314,2021-11-30,2021-12-01,2021-12-08,0.01647697308383389,0.01647697308383389,0.0,2021-11
8,2321,2021-12-09,2021—2023,9,2315,2021-12-01,2021-12-02,2021-12-09,0.02902416698295296,0.02902416698295296,0.0,2021-12
8,2327,2021-12-17,2021—2023,9,1830,2019-12-02,2019-12-03,2019-12-10,0.012557239315071023,0.012557239315071023,0.0,2019-12
8,2327,2021-12-17,2021—2023,9,1831,2019-12-03,2019-12-04,2019-12-11,0.013539461264674424,0.013539461264674424,0.0,2019-12
8,2327,2021-12-17,2021—2023,9,1832,2019-12-04,2019-12-05,2019-12-12,0.00786212903373662,0.00786212903373662,0.0,2019-12
8,2327,2021-12-17,2021—2023,9,1833,2019-12-05,2019-12-06,2019-12-13,0.007811667632845465,0.007811667632845465,0.0,2019-12
8,2327,2021-12-17,2021—2023,9,1834,2019-12-06,2019-12-09,2019-12-16,0.013049389815862122,0.013049389815862122,0.0,2019-12
8,2327,2021-12-17,2021—2023,9,1835,2019-12-09,2019-12-10,2019-12-17,0.020961336984193668,0.020961336984193668,0.0,2019-12
8,2327,2021-12-17,2021—2023,9,1836,2019-12-10,2019-12-11,2019-12-18,0.03296745817801905,0.03296745817801905,0.0,2019-12
8,2327,2021-12-17,2021—2023,9,1837,2019-12-11,2019-12-12,2019-12-19,0.029905579381563685,0.029905579381563685,0.0,2019-12
8,2327,2021-12-17,2021—2023,9,1838,2019-12-12,2019-12-13,2019-12-20,0.021076905286765202,0.021076905286765202,0.0,2019-12
8,2327,2021-12-17,2021—2023,9,1839,2019-12-13,2019-12-16,2019-12-23,0.009013669777619082,0.009013669777619082,0.0,2019-12
8,2327,2021-12-17,2021—2023,9,1840,2019-12-16,2019-12-17,2019-12-24,-0.0060691946225025495,0.0,-0.0060691946225025495,2019-12
8,2327,2021-12-17,2021—2023,9,1841,2019-12-17,2019-12-18,2019-12-25,-0.017337827714763887,0.0,-0.017337827714763887,2019-12
8,2327,2021-12-17,2021—2023,9,1842,2019-12-18,2019-12-19,2019-12-26,-0.013181344562546826,0.0,-0.013181344562546826,2019-12
8,2327,2021-12-17,2021—2023,9,1843,2019-12-19,2019-12-20,2019-12-27,-0.0017929210025733333,0.0,-0.0017929210025733333,2019-12
8,2327,2021-12-17,2021—2023,9,1844,2019-12-20,2019-12-23,2019-12-30,-0.005522268704458377,0.0,-0.005522268704458377,2019-12
8,2327,2021-12-17,2021—2023,9,1845,2019-12-23,2019-12-24,2019-12-31,0.023116679254224337,0.023116679254224337,0.0,2019-12
8,2327,2021-12-17,2021—2023,9,1846,2019-12-24,2019-12-25,2020-01-02,0.030761924360363624,0.030761924360363624,0.0,2019-12
8,2327,2021-12-17,2021—2023,9,1847,2019-12-25,2019-12-26,2020-01-03,0.03873792331301895,0.03873792331301895,0.0,2019-12
8,2327,2021-12-17,2021—2023,9,1848,2019-12-26,2019-12-27,2020-01-06,0.02176290774013001,0.02176290774013001,0.0,2019-12
8,2327,2021-12-17,2021—2023,9,1849,2019-12-27,2019-12-30,2020-01-07,0.02859589148633712,0.02859589148633712,0.0,2019-12
8,2327,2021-12-17,2021—2023,9,1850,2019-12-30,2019-12-31,2020-01-08,0.01293503217269798,0.01293503217269798,0.0,2019-12
8,2327,2021-12-17,2021—2023,9,1909,2020-03-31,2020-04-01,2020-04-09,0.028893022943494495,0.028893022943494495,0.0,2020-03
8,2327,2021-12-17,2021—2023,9,1910,2020-04-01,2020-04-02,2020-04-10,0.029214529371211606,0.029214529371211606,0.0,2020-04
8,2327,2021-12-17,2021—2023,9,1911,2020-04-02,2020-04-03,2020-04-13,0.007809477178434054,0.007809477178434054,0.0,2020-04
8,2327,2021-12-17,2021—2023,9,1912,2020-04-03,2020-04-07,2020-04-14,-0.0029233790012155314,0.0,-0.0029233790012155314,2020-04
8,2327,2021-12-17,2021—2023,9,1913,2020-04-07,2020-04-08,2020-04-15,0.0074165559240495504,0.0074165559240495504,0.0,2020-04
8,2327,2021-12-17,2021—2023,9,1914,2020-04-08,2020-04-09,2020-04-16,-0.005815480941044893,0.0,-0.005815480941044893,2020-04
8,2327,2021-12-17,2021—2023,9,1915,2020-04-09,2020-04-10,2020-04-17,0.007130481140876999,0.007130481140876999,0.0,2020-04
8,2327,2021-12-17,2021—2023,9,1916,2020-04-10,2020-04-13,2020-04-20,0.017299846177671663,0.017299846177671663,0.0,2020-04
8,2327,2021-12-17,2021—2023,9,1917,2020-04-13,2020-04-14,2020-04-21,0.01300436254828563,0.01300436254828563,0.0,2020-04
8,2327,2021-12-17,2021—2023,9,1918,2020-04-14,2020-04-15,2020-04-22,-0.009718769357575874,0.0,-0.009718769357575874,2020-04
8,2327,2021-12-17,2021—2023,9,1919,2020-04-15,2020-04-16,2020-04-23,0.013497303781190295,0.013497303781190295,0.0,2020-04
8,2327,2021-12-17,2021—2023,9,1920,2020-04-16,2020-04-17,2020-04-24,-0.004725296890149,0.0,-0.004725296890149,2020-04
8,2327,2021-12-17,2021—2023,9,1921,2020-04-17,2020-04-20,2020-04-27,-0.011756968230984377,0.0,-0.011756968230984377,2020-04
8,2327,2021-12-17,2021—2023,9,1922,2020-04-20,2020-04-21,2020-04-28,-0.0028900573661749807,0.0,-0.0028900573661749807,2020-04
8,2327,2021-12-17,2021—2023,9,1923,2020-04-21,2020-04-22,2020-04-29,0.009501354097536385,0.009501354097536385,0.0,2020-04
8,2327,2021-12-17,2021—2023,9,1924,2020-04-22,2020-04-23,2020-04-30,0.0057123136147001485,0.0057123136147001485,0.0,2020-04
8,2327,2021-12-17,2021—2023,9,1925,2020-04-23,2020-04-24,2020-05-06,0.012309744168456982,0.012309744168456982,0.0,2020-04
8,2327,2021-12-17,2021—2023,9,1926,2020-04-24,2020-04-27,2020-05-07,0.030260814536145375,0.030260814536145375,0.0,2020-04
8,2327,2021-12-17,2021—2023,9,1927,2020-04-27,2020-04-28,2020-05-08,0.025591332504655062,0.025591332504655062,0.0,2020-04
8,2327,2021-12-17,2021—2023,9,1928,2020-04-28,2020-04-29,2020-05-11,0.031811296369180786,0.031811296369180786,0.0,2020-04
8,2327,2021-12-17,2021—2023,9,1929,2020-04-29,2020-04-30,2020-05-12,0.018311414126517933,0.018311414126517933,0.0,2020-04
8,2327,2021-12-17,2021—2023,9,1949,2020-06-01,2020-06-02,2020-06-09,0.011023687201856314,0.011023687201856314,0.0,2020-06
8,2327,2021-12-17,2021—2023,9,1950,2020-06-02,2020-06-03,2020-06-10,0.008687979081230868,0.008687979081230868,0.0,2020-06
8,2327,2021-12-17,2021—2023,9,1951,2020-06-03,2020-06-04,2020-06-11,0.007454039660731215,0.007454039660731215,0.0,2020-06
8,2327,2021-12-17,2021—2023,9,1952,2020-06-04,2020-06-05,2020-06-12,-0.007071336667442085,0.0,-0.007071336667442085,2020-06
8,2327,2021-12-17,2021—2023,9,1953,2020-06-05,2020-06-08,2020-06-15,-0.012467360881734169,0.0,-0.012467360881734169,2020-06
8,2327,2021-12-17,2021—2023,9,1954,2020-06-08,2020-06-09,2020-06-16,-0.01022375859782676,0.0,-0.01022375859782676,2020-06
8,2327,2021-12-17,2021—2023,9,1955,2020-06-09,2020-06-10,2020-06-17,-0.009434744620670177,0.0,-0.009434744620670177,2020-06
8,2327,2021-12-17,2021—2023,9,1956,2020-06-10,2020-06-11,2020-06-18,-0.008223159473209285,0.0,-0.008223159473209285,2020-06
8,2327,2021-12-17,2021—2023,9,1957,2020-06-11,2020-06-12,2020-06-19,0.019103704962795565,0.019103704962795565,0.0,2020-06
8,2327,2021-12-17,2021—2023,9,1958,2020-06-12,2020-06-15,2020-06-22,0.027777549291372106,0.027777549291372106,0.0,2020-06
8,2327,2021-12-17,2021—2023,9,1959,2020-06-15,2020-06-16,2020-06-23,0.023187124250074964,0.023187124250074964,0.0,2020-06
8,2327,2021-12-17,2021—2023,9,1960,2020-06-16,2020-06-17,2020-06-24,0.02601116075309018,0.02601116075309018,0.0,2020-06
8,2327,2021-12-17,2021—2023,9,1961,2020-06-17,2020-06-18,2020-06-29,0.030782808827688246,0.030782808827688246,0.0,2020-06
8,2327,2021-12-17,2021—2023,9,1962,2020-06-18,2020-06-19,2020-06-30,0.020884568490729505,0.020884568490729505,0.0,2020-06
8,2327,2021-12-17,2021—2023,9,1963,2020-06-19,2020-06-22,2020-07-01,0.016704559052291623,0.016704559052291623,0.0,2020-06
8,2327,2021-12-17,2021—2023,9,1964,2020-06-22,2020-06-23,2020-07-02,0.038146008344530635,0.038146008344530635,0.0,2020-06
8,2327,2021-12-17,2021—2023,9,1965,2020-06-23,2020-06-24,2020-07-03,0.05660067616689757,0.05660067616689757,0.0,2020-06
8,2327,2021-12-17,2021—2023,9,1966,2020-06-24,2020-06-29,2020-07-06,0.08745700275846335,0.08745700275846335,0.0,2020-06
8,2327,2021-12-17,2021—2023,9,1967,2020-06-29,2020-06-30,2020-07-07,0.1587162871427399,0.1587162871427399,0.0,2020-06
8,2327,2021-12-17,2021—2023,9,1968,2020-06-30,2020-07-01,2020-07-08,0.12719902497016466,0.12719902497016466,0.0,2020-06
8,2327,2021-12-17,2021—2023,9,1969,2020-07-01,2020-07-02,2020-07-09,0.11980555146362537,0.11980555146362537,0.0,2020-07
8,2327,2021-12-17,2021—2023,9,1970,2020-07-02,2020-07-03,2020-07-10,0.09978026552986186,0.09978026552986186,0.0,2020-07
8,2327,2021-12-17,2021—2023,9,1971,2020-07-03,2020-07-06,2020-07-13,0.05321710680246894,0.05321710680246894,0.0,2020-07
8,2327,2021-12-17,2021—2023,9,1972,2020-07-06,2020-07-07,2020-07-14,0.008724400832290646,0.008724400832290646,0.0,2020-07
8,2327,2021-12-17,2021—2023,9,1973,2020-07-07,2020-07-08,2020-07-15,0.023658483430852417,0.023658483430852417,0.0,2020-07
8,2327,2021-12-17,2021—2023,9,1974,2020-07-08,2020-07-09,2020-07-16,-0.00412965411627475,0.0,-0.00412965411627475,2020-07
8,2327,2021-12-17,2021—2023,9,1975,2020-07-09,2020-07-10,2020-07-17,-0.05815621304647656,0.0,-0.05815621304647656,2020-07
8,2327,2021-12-17,2021—2023,9,1976,2020-07-10,2020-07-13,2020-07-20,-0.031065827272600433,0.0,-0.031065827272600433,2020-07
8,2327,2021-12-17,2021—2023,9,1977,2020-07-13,2020-07-14,2020-07-21,-0.02904417913293511,0.0,-0.02904417913293511,2020-07
8,2327,2021-12-17,2021—2023,9,1978,2020-07-14,2020-07-15,2020-07-22,-0.029142875224011155,0.0,-0.029142875224011155,2020-07
8,2327,2021-12-17,2021—2023,9,1979,2020-07-15,2020-07-16,2020-07-23,-0.012885940514305139,0.0,-0.012885940514305139,2020-07
8,2327,2021-12-17,2021—2023,9,1980,2020-07-16,2020-07-17,2020-07-24,0.031087368331355947,0.031087368331355947,0.0,2020-07
8,2327,2021-12-17,2021—2023,9,1981,2020-07-17,2020-07-20,2020-07-27,-0.01669409622221618,0.0,-0.01669409622221618,2020-07
8,2327,2021-12-17,2021—2023,9,1982,2020-07-20,2020-07-21,2020-07-28,-0.031065739459369746,0.0,-0.031065739459369746,2020-07
8,2327,2021-12-17,2021—2023,9,1983,2020-07-21,2020-07-22,2020-07-29,-0.02969781055278964,0.0,-0.02969781055278964,2020-07
8,2327,2021-12-17,2021—2023,9,1984,2020-07-22,2020-07-23,2020-07-30,-0.0012206619353523074,0.0,-0.0012206619353523074,2020-07
8,2327,2021-12-17,2021—2023,9,1985,2020-07-23,2020-07-24,2020-07-31,-0.006290952230395108,0.0,-0.006290952230395108,2020-07
8,2327,2021-12-17,2021—2023,9,1986,2020-07-24,2020-07-27,2020-08-03,0.04210408251694964,0.04210408251694964,0.0,2020-07
8,2327,2021-12-17,2021—2023,9,1987,2020-07-27,2020-07-28,2020-08-04,0.047646395987059664,0.047646395987059664,0.0,2020-07
8,2327,2021-12-17,2021—2023,9,1988,2020-07-28,2020-07-29,2020-08-05,0.044066798443312516,0.044066798443312516,0.0,2020-07
8,2327,2021-12-17,2021—2023,9,1989,2020-07-29,2020-07-30,2020-08-06,0.01412003022135,0.01412003022135,0.0,2020-07
8,2327,2021-12-17,2021—2023,9,1990,2020-07-30,2020-07-31,2020-08-07,0.01678963621338303,0.01678963621338303,0.0,2020-07
8,2327,2021-12-17,2021—2023,9,2314,2021-11-30,2021-12-01,2021-12-08,0.01647697308383389,0.01647697308383389,0.0,2021-11
8,2327,2021-12-17,2021—2023,9,2315,2021-12-01,2021-12-02,2021-12-09,0.02902416698295296,0.02902416698295296,0.0,2021-12
8,2327,2021-12-17,2021—2023,9,2316,2021-12-02,2021-12-03,2021-12-10,0.03925734828562977,0.03925734828562977,0.0,2021-12
8,2327,2021-12-17,2021—2023,9,2317,2021-12-03,2021-12-06,2021-12-13,0.034063134321166144,0.034063134321166144,0.0,2021-12
8,2327,2021-12-17,2021—2023,9,2318,2021-12-06,2021-12-07,2021-12-14,0.02537936825269904,0.02537936825269904,0.0,2021-12
8,2327,2021-12-17,2021—2023,9,2319,2021-12-07,2021-12-08,2021-12-15,0.01933182442163761,0.01933182442163761,0.0,2021-12
8,2327,2021-12-17,2021—2023,9,2320,2021-12-08,2021-12-09,2021-12-16,-0.0023719859027278023,0.0,-0.0023719859027278023,2021-12
8,2327,2021-12-17,2021—2023,9,2321,2021-12-09,2021-12-10,2021-12-17,-0.01186093828151391,0.0,-0.01186093828151391,2021-12
8,2373,2022-03-01,2021—2023,8,1953,2020-06-05,2020-06-08,2020-06-15,-0.012467360881734169,0.0,-0.012467360881734169,2020-06
8,2373,2022-03-01,2021—2023,8,1954,2020-06-08,2020-06-09,2020-06-16,-0.01022375859782676,0.0,-0.01022375859782676,2020-06
8,2373,2022-03-01,2021—2023,8,1955,2020-06-09,2020-06-10,2020-06-17,-0.009434744620670177,0.0,-0.009434744620670177,2020-06
8,2373,2022-03-01,2021—2023,8,1956,2020-06-10,2020-06-11,2020-06-18,-0.008223159473209285,0.0,-0.008223159473209285,2020-06
8,2373,2022-03-01,2021—2023,8,1958,2020-06-12,2020-06-15,2020-06-22,0.027777549291372106,0.027777549291372106,0.0,2020-06
8,2373,2022-03-01,2021—2023,8,1959,2020-06-15,2020-06-16,2020-06-23,0.023187124250074964,0.023187124250074964,0.0,2020-06
8,2373,2022-03-01,2021—2023,8,1960,2020-06-16,2020-06-17,2020-06-24,0.02601116075309018,0.02601116075309018,0.0,2020-06
8,2373,2022-03-01,2021—2023,8,1961,2020-06-17,2020-06-18,2020-06-29,0.030782808827688246,0.030782808827688246,0.0,2020-06
8,2373,2022-03-01,2021—2023,8,1962,2020-06-18,2020-06-19,2020-06-30,0.020884568490729505,0.020884568490729505,0.0,2020-06
8,2373,2022-03-01,2021—2023,8,1963,2020-06-19,2020-06-22,2020-07-01,0.016704559052291623,0.016704559052291623,0.0,2020-06
8,2373,2022-03-01,2021—2023,8,1964,2020-06-22,2020-06-23,2020-07-02,0.038146008344530635,0.038146008344530635,0.0,2020-06
8,2373,2022-03-01,2021—2023,8,1965,2020-06-23,2020-06-24,2020-07-03,0.05660067616689757,0.05660067616689757,0.0,2020-06
8,2373,2022-03-01,2021—2023,8,1966,2020-06-24,2020-06-29,2020-07-06,0.08745700275846335,0.08745700275846335,0.0,2020-06
8,2373,2022-03-01,2021—2023,8,1967,2020-06-29,2020-06-30,2020-07-07,0.1587162871427399,0.1587162871427399,0.0,2020-06
8,2373,2022-03-01,2021—2023,8,1968,2020-06-30,2020-07-01,2020-07-08,0.12719902497016466,0.12719902497016466,0.0,2020-06
8,2373,2022-03-01,2021—2023,8,1969,2020-07-01,2020-07-02,2020-07-09,0.11980555146362537,0.11980555146362537,0.0,2020-07
8,2373,2022-03-01,2021—2023,8,1970,2020-07-02,2020-07-03,2020-07-10,0.09978026552986186,0.09978026552986186,0.0,2020-07
8,2373,2022-03-01,2021—2023,8,1971,2020-07-03,2020-07-06,2020-07-13,0.05321710680246894,0.05321710680246894,0.0,2020-07
8,2373,2022-03-01,2021—2023,8,1972,2020-07-06,2020-07-07,2020-07-14,0.008724400832290646,0.008724400832290646,0.0,2020-07
8,2373,2022-03-01,2021—2023,8,1973,2020-07-07,2020-07-08,2020-07-15,0.023658483430852417,0.023658483430852417,0.0,2020-07
8,2373,2022-03-01,2021—2023,8,1974,2020-07-08,2020-07-09,2020-07-16,-0.00412965411627475,0.0,-0.00412965411627475,2020-07
8,2373,2022-03-01,2021—2023,8,1975,2020-07-09,2020-07-10,2020-07-17,-0.05815621304647656,0.0,-0.05815621304647656,2020-07
8,2373,2022-03-01,2021—2023,8,1976,2020-07-10,2020-07-13,2020-07-20,-0.031065827272600433,0.0,-0.031065827272600433,2020-07
8,2373,2022-03-01,2021—2023,8,1977,2020-07-13,2020-07-14,2020-07-21,-0.02904417913293511,0.0,-0.02904417913293511,2020-07
8,2373,2022-03-01,2021—2023,8,1978,2020-07-14,2020-07-15,2020-07-22,-0.029142875224011155,0.0,-0.029142875224011155,2020-07
8,2373,2022-03-01,2021—2023,8,1979,2020-07-15,2020-07-16,2020-07-23,-0.012885940514305139,0.0,-0.012885940514305139,2020-07
8,2373,2022-03-01,2021—2023,8,1980,2020-07-16,2020-07-17,2020-07-24,0.031087368331355947,0.031087368331355947,0.0,2020-07
8,2373,2022-03-01,2021—2023,8,1981,2020-07-17,2020-07-20,2020-07-27,-0.01669409622221618,0.0,-0.01669409622221618,2020-07
8,2373,2022-03-01,2021—2023,8,1982,2020-07-20,2020-07-21,2020-07-28,-0.031065739459369746,0.0,-0.031065739459369746,2020-07
8,2373,2022-03-01,2021—2023,8,1983,2020-07-21,2020-07-22,2020-07-29,-0.02969781055278964,0.0,-0.02969781055278964,2020-07
8,2373,2022-03-01,2021—2023,8,1984,2020-07-22,2020-07-23,2020-07-30,-0.0012206619353523074,0.0,-0.0012206619353523074,2020-07
8,2373,2022-03-01,2021—2023,8,1985,2020-07-23,2020-07-24,2020-07-31,-0.006290952230395108,0.0,-0.006290952230395108,2020-07
8,2373,2022-03-01,2021—2023,8,1986,2020-07-24,2020-07-27,2020-08-03,0.04210408251694964,0.04210408251694964,0.0,2020-07
8,2373,2022-03-01,2021—2023,8,1987,2020-07-27,2020-07-28,2020-08-04,0.047646395987059664,0.047646395987059664,0.0,2020-07
8,2373,2022-03-01,2021—2023,8,1988,2020-07-28,2020-07-29,2020-08-05,0.044066798443312516,0.044066798443312516,0.0,2020-07
8,2373,2022-03-01,2021—2023,8,1989,2020-07-29,2020-07-30,2020-08-06,0.01412003022135,0.01412003022135,0.0,2020-07
8,2373,2022-03-01,2021—2023,8,1990,2020-07-30,2020-07-31,2020-08-07,0.01678963621338303,0.01678963621338303,0.0,2020-07
8,2373,2022-03-01,2021—2023,8,2071,2020-11-30,2020-12-01,2020-12-08,0.010516516620055816,0.010516516620055816,0.0,2020-11
8,2373,2022-03-01,2021—2023,8,2072,2020-12-01,2020-12-02,2020-12-09,-0.01282655254729781,0.0,-0.01282655254729781,2020-12
8,2373,2022-03-01,2021—2023,8,2073,2020-12-02,2020-12-03,2020-12-10,-0.025721278129434255,0.0,-0.025721278129434255,2020-12
8,2373,2022-03-01,2021—2023,8,2074,2020-12-03,2020-12-04,2020-12-11,-0.022631602840720855,0.0,-0.022631602840720855,2020-12
8,2373,2022-03-01,2021—2023,8,2075,2020-12-04,2020-12-07,2020-12-14,-0.03808037608897363,0.0,-0.03808037608897363,2020-12
8,2373,2022-03-01,2021—2023,8,2076,2020-12-07,2020-12-08,2020-12-15,-0.022146766538386653,0.0,-0.022146766538386653,2020-12
8,2373,2022-03-01,2021—2023,8,2077,2020-12-08,2020-12-09,2020-12-16,-0.0178415205178466,0.0,-0.0178415205178466,2020-12
8,2373,2022-03-01,2021—2023,8,2078,2020-12-09,2020-12-10,2020-12-17,-0.000799680127948732,0.0,-0.000799680127948732,2020-12
8,2373,2022-03-01,2021—2023,8,2079,2020-12-10,2020-12-11,2020-12-18,0.010731083611123626,0.010731083611123626,0.0,2020-12
8,2373,2022-03-01,2021—2023,8,2080,2020-12-11,2020-12-14,2020-12-21,0.017718939821331547,0.017718939821331547,0.0,2020-12
8,2373,2022-03-01,2021—2023,8,2081,2020-12-14,2020-12-15,2020-12-22,0.017175140737228922,0.017175140737228922,0.0,2020-12
8,2373,2022-03-01,2021—2023,8,2087,2020-12-22,2020-12-23,2020-12-30,0.010685381020005824,0.010685381020005824,0.0,2020-12
8,2373,2022-03-01,2021—2023,8,2088,2020-12-23,2020-12-24,2020-12-31,0.0192630034600334,0.0192630034600334,0.0,2020-12
8,2373,2022-03-01,2021—2023,8,2089,2020-12-24,2020-12-25,2021-01-04,0.041458989526719225,0.041458989526719225,0.0,2020-12
8,2373,2022-03-01,2021—2023,8,2090,2020-12-25,2020-12-28,2021-01-05,0.037661137186391525,0.037661137186391525,0.0,2020-12
8,2373,2022-03-01,2021—2023,8,2091,2020-12-28,2020-12-29,2021-01-06,0.05689131812282855,0.05689131812282855,0.0,2020-12
8,2373,2022-03-01,2021—2023,8,2092,2020-12-29,2020-12-30,2021-01-07,0.07107399417090088,0.07107399417090088,0.0,2020-12
8,2373,2022-03-01,2021—2023,8,2093,2020-12-30,2020-12-31,2021-01-08,0.07768967884544287,0.07768967884544287,0.0,2020-12
8,2373,2022-03-01,2021—2023,8,2323,2021-12-13,2021-12-14,2021-12-21,-0.038684973220511454,0.0,-0.038684973220511454,2021-12
8,2373,2022-03-01,2021—2023,8,2324,2021-12-14,2021-12-15,2021-12-22,-0.027894655637549892,0.0,-0.027894655637549892,2021-12
8,2373,2022-03-01,2021—2023,8,2325,2021-12-15,2021-12-16,2021-12-23,-0.02043805119461628,0.0,-0.02043805119461628,2021-12
8,2373,2022-03-01,2021—2023,8,2326,2021-12-16,2021-12-17,2021-12-24,-0.017244199498884005,0.0,-0.017244199498884005,2021-12
8,2373,2022-03-01,2021—2023,8,2327,2021-12-17,2021-12-20,2021-12-27,-0.007361592676362272,0.0,-0.007361592676362272,2021-12
8,2373,2022-03-01,2021—2023,8,2328,2021-12-20,2021-12-21,2021-12-28,0.0066570386770663514,0.0066570386770663514,0.0,2021-12
8,2392,2022-03-28,2021—2023,5,1909,2020-03-31,2020-04-01,2020-04-09,0.028893022943494495,0.028893022943494495,0.0,2020-03
8,2392,2022-03-28,2021—2023,5,1910,2020-04-01,2020-04-02,2020-04-10,0.029214529371211606,0.029214529371211606,0.0,2020-04
8,2392,2022-03-28,2021—2023,5,1911,2020-04-02,2020-04-03,2020-04-13,0.007809477178434054,0.007809477178434054,0.0,2020-04
8,2392,2022-03-28,2021—2023,5,1912,2020-04-03,2020-04-07,2020-04-14,-0.0029233790012155314,0.0,-0.0029233790012155314,2020-04
8,2392,2022-03-28,2021—2023,5,1913,2020-04-07,2020-04-08,2020-04-15,0.0074165559240495504,0.0074165559240495504,0.0,2020-04
8,2392,2022-03-28,2021—2023,5,1914,2020-04-08,2020-04-09,2020-04-16,-0.005815480941044893,0.0,-0.005815480941044893,2020-04
8,2392,2022-03-28,2021—2023,5,1915,2020-04-09,2020-04-10,2020-04-17,0.007130481140876999,0.007130481140876999,0.0,2020-04
8,2392,2022-03-28,2021—2023,5,1916,2020-04-10,2020-04-13,2020-04-20,0.017299846177671663,0.017299846177671663,0.0,2020-04
8,2392,2022-03-28,2021—2023,5,1917,2020-04-13,2020-04-14,2020-04-21,0.01300436254828563,0.01300436254828563,0.0,2020-04
8,2392,2022-03-28,2021—2023,5,1918,2020-04-14,2020-04-15,2020-04-22,-0.009718769357575874,0.0,-0.009718769357575874,2020-04
8,2392,2022-03-28,2021—2023,5,1919,2020-04-15,2020-04-16,2020-04-23,0.013497303781190295,0.013497303781190295,0.0,2020-04
8,2392,2022-03-28,2021—2023,5,1920,2020-04-16,2020-04-17,2020-04-24,-0.004725296890149,0.0,-0.004725296890149,2020-04
8,2392,2022-03-28,2021—2023,5,1921,2020-04-17,2020-04-20,2020-04-27,-0.011756968230984377,0.0,-0.011756968230984377,2020-04
8,2392,2022-03-28,2021—2023,5,1922,2020-04-20,2020-04-21,2020-04-28,-0.0028900573661749807,0.0,-0.0028900573661749807,2020-04
8,2392,2022-03-28,2021—2023,5,1923,2020-04-21,2020-04-22,2020-04-29,0.009501354097536385,0.009501354097536385,0.0,2020-04
8,2392,2022-03-28,2021—2023,5,1924,2020-04-22,2020-04-23,2020-04-30,0.0057123136147001485,0.0057123136147001485,0.0,2020-04
8,2392,2022-03-28,2021—2023,5,1925,2020-04-23,2020-04-24,2020-05-06,0.012309744168456982,0.012309744168456982,0.0,2020-04
8,2392,2022-03-28,2021—2023,5,1926,2020-04-24,2020-04-27,2020-05-07,0.030260814536145375,0.030260814536145375,0.0,2020-04
8,2392,2022-03-28,2021—2023,5,1927,2020-04-27,2020-04-28,2020-05-08,0.025591332504655062,0.025591332504655062,0.0,2020-04
8,2392,2022-03-28,2021—2023,5,1928,2020-04-28,2020-04-29,2020-05-11,0.031811296369180786,0.031811296369180786,0.0,2020-04
8,2392,2022-03-28,2021—2023,5,1929,2020-04-29,2020-04-30,2020-05-12,0.018311414126517933,0.018311414126517933,0.0,2020-04
8,2392,2022-03-28,2021—2023,5,1949,2020-06-01,2020-06-02,2020-06-09,0.011023687201856314,0.011023687201856314,0.0,2020-06
8,2392,2022-03-28,2021—2023,5,1950,2020-06-02,2020-06-03,2020-06-10,0.008687979081230868,0.008687979081230868,0.0,2020-06
8,2392,2022-03-28,2021—2023,5,1951,2020-06-03,2020-06-04,2020-06-11,0.007454039660731215,0.007454039660731215,0.0,2020-06
8,2392,2022-03-28,2021—2023,5,1952,2020-06-04,2020-06-05,2020-06-12,-0.007071336667442085,0.0,-0.007071336667442085,2020-06
8,2392,2022-03-28,2021—2023,5,1953,2020-06-05,2020-06-08,2020-06-15,-0.012467360881734169,0.0,-0.012467360881734169,2020-06
8,2392,2022-03-28,2021—2023,5,1954,2020-06-08,2020-06-09,2020-06-16,-0.01022375859782676,0.0,-0.01022375859782676,2020-06
8,2392,2022-03-28,2021—2023,5,1955,2020-06-09,2020-06-10,2020-06-17,-0.009434744620670177,0.0,-0.009434744620670177,2020-06
8,2392,2022-03-28,2021—2023,5,1956,2020-06-10,2020-06-11,2020-06-18,-0.008223159473209285,0.0,-0.008223159473209285,2020-06
8,2392,2022-03-28,2021—2023,5,1957,2020-06-11,2020-06-12,2020-06-19,0.019103704962795565,0.019103704962795565,0.0,2020-06
8,2392,2022-03-28,2021—2023,5,1958,2020-06-12,2020-06-15,2020-06-22,0.027777549291372106,0.027777549291372106,0.0,2020-06
8,2392,2022-03-28,2021—2023,5,1959,2020-06-15,2020-06-16,2020-06-23,0.023187124250074964,0.023187124250074964,0.0,2020-06
8,2392,2022-03-28,2021—2023,5,1964,2020-06-22,2020-06-23,2020-07-02,0.038146008344530635,0.038146008344530635,0.0,2020-06
8,2392,2022-03-28,2021—2023,5,1965,2020-06-23,2020-06-24,2020-07-03,0.05660067616689757,0.05660067616689757,0.0,2020-06
8,2392,2022-03-28,2021—2023,5,1966,2020-06-24,2020-06-29,2020-07-06,0.08745700275846335,0.08745700275846335,0.0,2020-06
8,2392,2022-03-28,2021—2023,5,1967,2020-06-29,2020-06-30,2020-07-07,0.1587162871427399,0.1587162871427399,0.0,2020-06
8,2392,2022-03-28,2021—2023,5,1968,2020-06-30,2020-07-01,2020-07-08,0.12719902497016466,0.12719902497016466,0.0,2020-06
8,2392,2022-03-28,2021—2023,5,1985,2020-07-23,2020-07-24,2020-07-31,-0.006290952230395108,0.0,-0.006290952230395108,2020-07
8,2392,2022-03-28,2021—2023,5,2034,2020-09-30,2020-10-09,2020-10-16,0.027320007248898825,0.027320007248898825,0.0,2020-09
8,2392,2022-03-28,2021—2023,5,2035,2020-10-09,2020-10-12,2020-10-19,0.021195295466719166,0.021195295466719166,0.0,2020-10
8,2392,2022-03-28,2021—2023,5,2036,2020-10-12,2020-10-13,2020-10-20,-0.018565964172271077,0.0,-0.018565964172271077,2020-10
8,2392,2022-03-28,2021—2023,5,2037,2020-10-13,2020-10-14,2020-10-21,-0.009985382762114692,0.0,-0.009985382762114692,2020-10
8,2392,2022-03-28,2021—2023,5,2041,2020-10-19,2020-10-20,2020-10-27,-0.018227592683856764,0.0,-0.018227592683856764,2020-10
8,2392,2022-03-28,2021—2023,5,2042,2020-10-20,2020-10-21,2020-10-28,-0.021976147812479918,0.0,-0.021976147812479918,2020-10
8,2392,2022-03-28,2021—2023,5,2043,2020-10-21,2020-10-22,2020-10-29,-0.020375681445302107,0.0,-0.020375681445302107,2020-10
8,2392,2022-03-28,2021—2023,5,2044,2020-10-22,2020-10-23,2020-10-30,-0.0016259776841796025,0.0,-0.0016259776841796025,2020-10
8,2392,2022-03-28,2021—2023,5,2045,2020-10-23,2020-10-26,2020-11-02,-0.0024783030928746674,0.0,-0.0024783030928746674,2020-10
8,2392,2022-03-28,2021—2023,5,2046,2020-10-26,2020-10-27,2020-11-03,0.01036810075632344,0.01036810075632344,0.0,2020-10
8,2392,2022-03-28,2021—2023,5,2047,2020-10-27,2020-10-28,2020-11-04,0.014501688311459482,0.014501688311459482,0.0,2020-10
8,2392,2022-03-28,2021—2023,5,2048,2020-10-28,2020-10-29,2020-11-05,0.030871026904099708,0.030871026904099708,0.0,2020-10
8,2392,2022-03-28,2021—2023,5,2049,2020-10-29,2020-10-30,2020-11-06,0.021895350882979336,0.021895350882979336,0.0,2020-10
8,2392,2022-03-28,2021—2023,5,2071,2020-11-30,2020-12-01,2020-12-08,0.010516516620055816,0.010516516620055816,0.0,2020-11
8,2392,2022-03-28,2021—2023,5,2075,2020-12-04,2020-12-07,2020-12-14,-0.03808037608897363,0.0,-0.03808037608897363,2020-12
8,2392,2022-03-28,2021—2023,5,2077,2020-12-08,2020-12-09,2020-12-16,-0.0178415205178466,0.0,-0.0178415205178466,2020-12
8,2392,2022-03-28,2021—2023,5,2078,2020-12-09,2020-12-10,2020-12-17,-0.000799680127948732,0.0,-0.000799680127948732,2020-12
8,2392,2022-03-28,2021—2023,5,2079,2020-12-10,2020-12-11,2020-12-18,0.010731083611123626,0.010731083611123626,0.0,2020-12
8,2392,2022-03-28,2021—2023,5,2080,2020-12-11,2020-12-14,2020-12-21,0.017718939821331547,0.017718939821331547,0.0,2020-12
8,2392,2022-03-28,2021—2023,5,2081,2020-12-14,2020-12-15,2020-12-22,0.017175140737228922,0.017175140737228922,0.0,2020-12
8,2392,2022-03-28,2021—2023,5,2082,2020-12-15,2020-12-16,2020-12-23,0.0007907700429576892,0.0007907700429576892,0.0,2020-12
8,2392,2022-03-28,2021—2023,5,2083,2020-12-16,2020-12-17,2020-12-24,0.007149407540086639,0.007149407540086639,0.0,2020-12
8,2392,2022-03-28,2021—2023,5,2084,2020-12-17,2020-12-18,2020-12-25,-0.010211300095346543,0.0,-0.010211300095346543,2020-12
8,2392,2022-03-28,2021—2023,5,2085,2020-12-18,2020-12-21,2020-12-28,0.006692350684035953,0.006692350684035953,0.0,2020-12
8,2392,2022-03-28,2021—2023,5,2086,2020-12-21,2020-12-22,2020-12-29,0.004485022837094288,0.004485022837094288,0.0,2020-12
8,2392,2022-03-28,2021—2023,5,2089,2020-12-24,2020-12-25,2021-01-04,0.041458989526719225,0.041458989526719225,0.0,2020-12
8,2392,2022-03-28,2021—2023,5,2091,2020-12-28,2020-12-29,2021-01-06,0.05689131812282855,0.05689131812282855,0.0,2020-12
8,2392,2022-03-28,2021—2023,5,2092,2020-12-29,2020-12-30,2021-01-07,0.07107399417090088,0.07107399417090088,0.0,2020-12
8,2392,2022-03-28,2021—2023,5,2093,2020-12-30,2020-12-31,2021-01-08,0.07768967884544287,0.07768967884544287,0.0,2020-12
8,2392,2022-03-28,2021—2023,5,2152,2021-03-31,2021-04-01,2021-04-09,0.004529914624430864,0.004529914624430864,0.0,2021-03
8,2392,2022-03-28,2021—2023,5,2153,2021-04-01,2021-04-02,2021-04-12,-0.023367288598579505,0.0,-0.023367288598579505,2021-04
8,2392,2022-03-28,2021—2023,5,2154,2021-04-02,2021-04-06,2021-04-13,-0.046717748505926915,0.0,-0.046717748505926915,2021-04
8,2392,2022-03-28,2021—2023,5,2155,2021-04-06,2021-04-07,2021-04-14,-0.039066099843111046,0.0,-0.039066099843111046,2021-04
8,2392,2022-03-28,2021—2023,5,2156,2021-04-07,2021-04-08,2021-04-15,-0.02672742579791354,0.0,-0.02672742579791354,2021-04
8,2392,2022-03-28,2021—2023,5,2157,2021-04-08,2021-04-09,2021-04-16,-0.029594513890189855,0.0,-0.029594513890189855,2021-04
8,2392,2022-03-28,2021—2023,5,2158,2021-04-09,2021-04-12,2021-04-19,-0.016288079362849373,0.0,-0.016288079362849373,2021-04
8,2392,2022-03-28,2021—2023,5,2159,2021-04-12,2021-04-13,2021-04-20,0.022207558099765823,0.022207558099765823,0.0,2021-04
8,2392,2022-03-28,2021—2023,5,2160,2021-04-13,2021-04-14,2021-04-21,0.016535649206123493,0.016535649206123493,0.0,2021-04
8,2392,2022-03-28,2021—2023,5,2161,2021-04-14,2021-04-15,2021-04-22,0.025362664601833007,0.025362664601833007,0.0,2021-04
8,2392,2022-03-28,2021—2023,5,2162,2021-04-15,2021-04-16,2021-04-23,0.021543437419552447,0.021543437419552447,0.0,2021-04
8,2392,2022-03-28,2021—2023,5,2163,2021-04-16,2021-04-19,2021-04-26,0.03563369172878761,0.03563369172878761,0.0,2021-04
8,2392,2022-03-28,2021—2023,5,2164,2021-04-19,2021-04-20,2021-04-27,-0.0013901077347276969,0.0,-0.0013901077347276969,2021-04
8,2392,2022-03-28,2021—2023,5,2165,2021-04-20,2021-04-21,2021-04-28,0.0011769772803045253,0.0011769772803045253,0.0,2021-04
8,2392,2022-03-28,2021—2023,5,2166,2021-04-21,2021-04-22,2021-04-29,0.0021351161904534788,0.0021351161904534788,0.0,2021-04
8,2392,2022-03-28,2021—2023,5,2167,2021-04-22,2021-04-23,2021-04-30,0.012557037338396748,0.012557037338396748,0.0,2021-04
8,2392,2022-03-28,2021—2023,5,2168,2021-04-23,2021-04-26,2021-05-06,-0.011262510702525153,0.0,-0.011262510702525153,2021-04
8,2392,2022-03-28,2021—2023,5,2169,2021-04-26,2021-04-27,2021-05-07,-0.00453243790961777,0.0,-0.00453243790961777,2021-04
8,2392,2022-03-28,2021—2023,5,2170,2021-04-27,2021-04-28,2021-05-10,-0.016347607106458106,0.0,-0.016347607106458106,2021-04
8,2392,2022-03-28,2021—2023,5,2171,2021-04-28,2021-04-29,2021-05-11,-0.03427503170917057,0.0,-0.03427503170917057,2021-04
8,2392,2022-03-28,2021—2023,5,2172,2021-04-29,2021-04-30,2021-05-12,-0.03154728044915178,0.0,-0.03154728044915178,2021-04
8,2392,2022-03-28,2021—2023,5,2314,2021-11-30,2021-12-01,2021-12-08,0.01647697308383389,0.01647697308383389,0.0,2021-11
8,2392,2022-03-28,2021—2023,5,2315,2021-12-01,2021-12-02,2021-12-09,0.02902416698295296,0.02902416698295296,0.0,2021-12
8,2392,2022-03-28,2021—2023,5,2316,2021-12-02,2021-12-03,2021-12-10,0.03925734828562977,0.03925734828562977,0.0,2021-12
8,2392,2022-03-28,2021—2023,5,2317,2021-12-03,2021-12-06,2021-12-13,0.034063134321166144,0.034063134321166144,0.0,2021-12
8,2392,2022-03-28,2021—2023,5,2318,2021-12-06,2021-12-07,2021-12-14,0.02537936825269904,0.02537936825269904,0.0,2021-12
8,2392,2022-03-28,2021—2023,5,2319,2021-12-07,2021-12-08,2021-12-15,0.01933182442163761,0.01933182442163761,0.0,2021-12
8,2392,2022-03-28,2021—2023,5,2320,2021-12-08,2021-12-09,2021-12-16,-0.0023719859027278023,0.0,-0.0023719859027278023,2021-12
8,2392,2022-03-28,2021—2023,5,2321,2021-12-09,2021-12-10,2021-12-17,-0.01186093828151391,0.0,-0.01186093828151391,2021-12
8,2392,2022-03-28,2021—2023,5,2326,2021-12-16,2021-12-17,2021-12-24,-0.017244199498884005,0.0,-0.017244199498884005,2021-12
8,2392,2022-03-28,2021—2023,5,2333,2021-12-27,2021-12-28,2022-01-05,-0.007385182535733392,0.0,-0.007385182535733392,2021-12
8,2392,2022-03-28,2021—2023,5,2334,2021-12-28,2021-12-29,2022-01-06,-0.02324246210877612,0.0,-0.02324246210877612,2021-12
8,2392,2022-03-28,2021—2023,5,2375,2022-03-03,2022-03-04,2022-03-11,-0.06438515502889752,0.0,-0.06438515502889752,2022-03
8,2392,2022-03-28,2021—2023,5,2376,2022-03-04,2022-03-07,2022-03-14,-0.04981958829371502,0.0,-0.04981958829371502,2022-03
8,2441,2022-06-13,2021—2023,8,1965,2020-06-23,2020-06-24,2020-07-03,0.05660067616689757,0.05660067616689757,0.0,2020-06
8,2441,2022-06-13,2021—2023,8,1966,2020-06-24,2020-06-29,2020-07-06,0.08745700275846335,0.08745700275846335,0.0,2020-06
8,2441,2022-06-13,2021—2023,8,1967,2020-06-29,2020-06-30,2020-07-07,0.1587162871427399,0.1587162871427399,0.0,2020-06
8,2441,2022-06-13,2021—2023,8,1968,2020-06-30,2020-07-01,2020-07-08,0.12719902497016466,0.12719902497016466,0.0,2020-06
8,2441,2022-06-13,2021—2023,8,1969,2020-07-01,2020-07-02,2020-07-09,0.11980555146362537,0.11980555146362537,0.0,2020-07
8,2441,2022-06-13,2021—2023,8,1970,2020-07-02,2020-07-03,2020-07-10,0.09978026552986186,0.09978026552986186,0.0,2020-07
8,2441,2022-06-13,2021—2023,8,1971,2020-07-03,2020-07-06,2020-07-13,0.05321710680246894,0.05321710680246894,0.0,2020-07
8,2441,2022-06-13,2021—2023,8,1972,2020-07-06,2020-07-07,2020-07-14,0.008724400832290646,0.008724400832290646,0.0,2020-07
8,2441,2022-06-13,2021—2023,8,1973,2020-07-07,2020-07-08,2020-07-15,0.023658483430852417,0.023658483430852417,0.0,2020-07
8,2441,2022-06-13,2021—2023,8,1974,2020-07-08,2020-07-09,2020-07-16,-0.00412965411627475,0.0,-0.00412965411627475,2020-07
8,2441,2022-06-13,2021—2023,8,1975,2020-07-09,2020-07-10,2020-07-17,-0.05815621304647656,0.0,-0.05815621304647656,2020-07
8,2441,2022-06-13,2021—2023,8,1976,2020-07-10,2020-07-13,2020-07-20,-0.031065827272600433,0.0,-0.031065827272600433,2020-07
8,2441,2022-06-13,2021—2023,8,1977,2020-07-13,2020-07-14,2020-07-21,-0.02904417913293511,0.0,-0.02904417913293511,2020-07
8,2441,2022-06-13,2021—2023,8,1978,2020-07-14,2020-07-15,2020-07-22,-0.029142875224011155,0.0,-0.029142875224011155,2020-07
8,2441,2022-06-13,2021—2023,8,1979,2020-07-15,2020-07-16,2020-07-23,-0.012885940514305139,0.0,-0.012885940514305139,2020-07
8,2441,2022-06-13,2021—2023,8,1980,2020-07-16,2020-07-17,2020-07-24,0.031087368331355947,0.031087368331355947,0.0,2020-07
8,2441,2022-06-13,2021—2023,8,1981,2020-07-17,2020-07-20,2020-07-27,-0.01669409622221618,0.0,-0.01669409622221618,2020-07
8,2441,2022-06-13,2021—2023,8,1982,2020-07-20,2020-07-21,2020-07-28,-0.031065739459369746,0.0,-0.031065739459369746,2020-07
8,2441,2022-06-13,2021—2023,8,1983,2020-07-21,2020-07-22,2020-07-29,-0.02969781055278964,0.0,-0.02969781055278964,2020-07
8,2441,2022-06-13,2021—2023,8,1984,2020-07-22,2020-07-23,2020-07-30,-0.0012206619353523074,0.0,-0.0012206619353523074,2020-07
8,2441,2022-06-13,2021—2023,8,1985,2020-07-23,2020-07-24,2020-07-31,-0.006290952230395108,0.0,-0.006290952230395108,2020-07
8,2441,2022-06-13,2021—2023,8,1986,2020-07-24,2020-07-27,2020-08-03,0.04210408251694964,0.04210408251694964,0.0,2020-07
8,2441,2022-06-13,2021—2023,8,1987,2020-07-27,2020-07-28,2020-08-04,0.047646395987059664,0.047646395987059664,0.0,2020-07
8,2441,2022-06-13,2021—2023,8,1988,2020-07-28,2020-07-29,2020-08-05,0.044066798443312516,0.044066798443312516,0.0,2020-07
8,2441,2022-06-13,2021—2023,8,1994,2020-08-05,2020-08-06,2020-08-13,-0.026833435360347102,0.0,-0.026833435360347102,2020-08
8,2441,2022-06-13,2021—2023,8,1995,2020-08-06,2020-08-07,2020-08-14,-0.026777225881694067,0.0,-0.026777225881694067,2020-08
8,2441,2022-06-13,2021—2023,8,1996,2020-08-07,2020-08-10,2020-08-17,0.010799310499523207,0.010799310499523207,0.0,2020-08
8,2441,2022-06-13,2021—2023,8,1997,2020-08-10,2020-08-11,2020-08-18,0.017348634658871154,0.017348634658871154,0.0,2020-08
8,2441,2022-06-13,2021—2023,8,1998,2020-08-11,2020-08-12,2020-08-19,0.02708497996150383,0.02708497996150383,0.0,2020-08
8,2441,2022-06-13,2021—2023,8,2097,2021-01-06,2021-01-07,2021-01-14,0.025380240916733632,0.025380240916733632,0.0,2021-01
8,2441,2022-06-13,2021—2023,8,2098,2021-01-07,2021-01-08,2021-01-15,-0.01450442266983476,0.0,-0.01450442266983476,2021-01
8,2441,2022-06-13,2021—2023,8,2099,2021-01-08,2021-01-11,2021-01-18,-0.011721593184167656,0.0,-0.011721593184167656,2021-01
8,2441,2022-06-13,2021—2023,8,2100,2021-01-11,2021-01-12,2021-01-19,0.014097305461675536,0.014097305461675536,0.0,2021-01
8,2441,2022-06-13,2021—2023,8,2101,2021-01-12,2021-01-13,2021-01-20,-0.03380862066421253,0.0,-0.03380862066421253,2021-01
8,2441,2022-06-13,2021—2023,8,2102,2021-01-13,2021-01-14,2021-01-21,-0.019003651193450377,0.0,-0.019003651193450377,2021-01
8,2441,2022-06-13,2021—2023,8,2103,2021-01-14,2021-01-15,2021-01-22,0.012530579766651506,0.012530579766651506,0.0,2021-01
8,2441,2022-06-13,2021—2023,8,2104,2021-01-15,2021-01-18,2021-01-25,0.017693857036624516,0.017693857036624516,0.0,2021-01
8,2441,2022-06-13,2021—2023,8,2105,2021-01-18,2021-01-19,2021-01-26,0.013128347502418203,0.013128347502418203,0.0,2021-01
8,2441,2022-06-13,2021—2023,8,2106,2021-01-19,2021-01-20,2021-01-27,0.009666034358031927,0.009666034358031927,0.0,2021-01
8,2441,2022-06-13,2021—2023,8,2107,2021-01-20,2021-01-21,2021-01-28,-0.0071709701981841345,0.0,-0.0071709701981841345,2021-01
8,2441,2022-06-13,2021—2023,8,2111,2021-01-26,2021-01-27,2021-02-03,-0.005513744420576949,0.0,-0.005513744420576949,2021-01
8,2441,2022-06-13,2021—2023,8,2191,2021-05-31,2021-06-01,2021-06-08,-0.011280147989502498,0.0,-0.011280147989502498,2021-05
8,2441,2022-06-13,2021—2023,8,2192,2021-06-01,2021-06-02,2021-06-09,-0.025047587834382767,0.0,-0.025047587834382767,2021-06
8,2441,2022-06-13,2021—2023,8,2193,2021-06-02,2021-06-03,2021-06-10,-0.012663536168646017,0.0,-0.012663536168646017,2021-06
8,2441,2022-06-13,2021—2023,8,2194,2021-06-03,2021-06-04,2021-06-11,0.005093624650596373,0.005093624650596373,0.0,2021-06
8,2441,2022-06-13,2021—2023,8,2195,2021-06-04,2021-06-07,2021-06-15,-0.013428697564550895,0.0,-0.013428697564550895,2021-06
8,2441,2022-06-13,2021—2023,8,2196,2021-06-07,2021-06-08,2021-06-16,-0.024576684906774005,0.0,-0.024576684906774005,2021-06
8,2441,2022-06-13,2021—2023,8,2221,2021-07-13,2021-07-14,2021-07-21,-0.005221771210699777,0.0,-0.005221771210699777,2021-07
8,2441,2022-06-13,2021—2023,8,2222,2021-07-14,2021-07-15,2021-07-22,0.011259969440294837,0.011259969440294837,0.0,2021-07
8,2441,2022-06-13,2021—2023,8,2223,2021-07-15,2021-07-16,2021-07-23,-0.0011835450222524857,0.0,-0.0011835450222524857,2021-07
8,2441,2022-06-13,2021—2023,8,2224,2021-07-16,2021-07-19,2021-07-26,-0.005065623663206731,0.0,-0.005065623663206731,2021-07
8,2441,2022-06-13,2021—2023,8,2225,2021-07-19,2021-07-20,2021-07-27,-0.034196970259700255,0.0,-0.034196970259700255,2021-07
8,2441,2022-06-13,2021—2023,8,2231,2021-07-27,2021-07-28,2021-08-04,0.03473760246317448,0.03473760246317448,0.0,2021-07
8,2441,2022-06-13,2021—2023,8,2232,2021-07-28,2021-07-29,2021-08-05,0.01835301768362796,0.01835301768362796,0.0,2021-07
8,2441,2022-06-13,2021—2023,8,2233,2021-07-29,2021-07-30,2021-08-06,0.02107315829805545,0.02107315829805545,0.0,2021-07
8,2441,2022-06-13,2021—2023,8,2234,2021-07-30,2021-08-02,2021-08-09,0.020577985633559726,0.020577985633559726,0.0,2021-07
8,2441,2022-06-13,2021—2023,8,2236,2021-08-03,2021-08-04,2021-08-11,0.01982923006383741,0.01982923006383741,0.0,2021-08
8,2441,2022-06-13,2021—2023,8,2238,2021-08-05,2021-08-06,2021-08-13,0.0035924091901702315,0.0035924091901702315,0.0,2021-08
8,2441,2022-06-13,2021—2023,8,2239,2021-08-06,2021-08-09,2021-08-16,0.005627337004896482,0.005627337004896482,0.0,2021-08
8,2441,2022-06-13,2021—2023,8,2260,2021-09-06,2021-09-07,2021-09-14,0.009980902743797815,0.009980902743797815,0.0,2021-09
8,2447,2022-06-21,2021—2023,8,1965,2020-06-23,2020-06-24,2020-07-03,0.05660067616689757,0.05660067616689757,0.0,2020-06
8,2447,2022-06-21,2021—2023,8,1966,2020-06-24,2020-06-29,2020-07-06,0.08745700275846335,0.08745700275846335,0.0,2020-06
8,2447,2022-06-21,2021—2023,8,1967,2020-06-29,2020-06-30,2020-07-07,0.1587162871427399,0.1587162871427399,0.0,2020-06
8,2447,2022-06-21,2021—2023,8,1968,2020-06-30,2020-07-01,2020-07-08,0.12719902497016466,0.12719902497016466,0.0,2020-06
8,2447,2022-06-21,2021—2023,8,1969,2020-07-01,2020-07-02,2020-07-09,0.11980555146362537,0.11980555146362537,0.0,2020-07
8,2447,2022-06-21,2021—2023,8,1970,2020-07-02,2020-07-03,2020-07-10,0.09978026552986186,0.09978026552986186,0.0,2020-07
8,2447,2022-06-21,2021—2023,8,1971,2020-07-03,2020-07-06,2020-07-13,0.05321710680246894,0.05321710680246894,0.0,2020-07
8,2447,2022-06-21,2021—2023,8,1972,2020-07-06,2020-07-07,2020-07-14,0.008724400832290646,0.008724400832290646,0.0,2020-07
8,2447,2022-06-21,2021—2023,8,1973,2020-07-07,2020-07-08,2020-07-15,0.023658483430852417,0.023658483430852417,0.0,2020-07
8,2447,2022-06-21,2021—2023,8,1974,2020-07-08,2020-07-09,2020-07-16,-0.00412965411627475,0.0,-0.00412965411627475,2020-07
8,2447,2022-06-21,2021—2023,8,1975,2020-07-09,2020-07-10,2020-07-17,-0.05815621304647656,0.0,-0.05815621304647656,2020-07
8,2447,2022-06-21,2021—2023,8,1976,2020-07-10,2020-07-13,2020-07-20,-0.031065827272600433,0.0,-0.031065827272600433,2020-07
8,2447,2022-06-21,2021—2023,8,1977,2020-07-13,2020-07-14,2020-07-21,-0.02904417913293511,0.0,-0.02904417913293511,2020-07
8,2447,2022-06-21,2021—2023,8,1978,2020-07-14,2020-07-15,2020-07-22,-0.029142875224011155,0.0,-0.029142875224011155,2020-07
8,2447,2022-06-21,2021—2023,8,1979,2020-07-15,2020-07-16,2020-07-23,-0.012885940514305139,0.0,-0.012885940514305139,2020-07
8,2447,2022-06-21,2021—2023,8,1980,2020-07-16,2020-07-17,2020-07-24,0.031087368331355947,0.031087368331355947,0.0,2020-07
8,2447,2022-06-21,2021—2023,8,1981,2020-07-17,2020-07-20,2020-07-27,-0.01669409622221618,0.0,-0.01669409622221618,2020-07
8,2447,2022-06-21,2021—2023,8,1982,2020-07-20,2020-07-21,2020-07-28,-0.031065739459369746,0.0,-0.031065739459369746,2020-07
8,2447,2022-06-21,2021—2023,8,1983,2020-07-21,2020-07-22,2020-07-29,-0.02969781055278964,0.0,-0.02969781055278964,2020-07
8,2447,2022-06-21,2021—2023,8,1984,2020-07-22,2020-07-23,2020-07-30,-0.0012206619353523074,0.0,-0.0012206619353523074,2020-07
8,2447,2022-06-21,2021—2023,8,1985,2020-07-23,2020-07-24,2020-07-31,-0.006290952230395108,0.0,-0.006290952230395108,2020-07
8,2447,2022-06-21,2021—2023,8,1986,2020-07-24,2020-07-27,2020-08-03,0.04210408251694964,0.04210408251694964,0.0,2020-07
8,2447,2022-06-21,2021—2023,8,1987,2020-07-27,2020-07-28,2020-08-04,0.047646395987059664,0.047646395987059664,0.0,2020-07
8,2447,2022-06-21,2021—2023,8,1988,2020-07-28,2020-07-29,2020-08-05,0.044066798443312516,0.044066798443312516,0.0,2020-07
8,2447,2022-06-21,2021—2023,8,1994,2020-08-05,2020-08-06,2020-08-13,-0.026833435360347102,0.0,-0.026833435360347102,2020-08
8,2447,2022-06-21,2021—2023,8,1995,2020-08-06,2020-08-07,2020-08-14,-0.026777225881694067,0.0,-0.026777225881694067,2020-08
8,2447,2022-06-21,2021—2023,8,1996,2020-08-07,2020-08-10,2020-08-17,0.010799310499523207,0.010799310499523207,0.0,2020-08
8,2447,2022-06-21,2021—2023,8,1997,2020-08-10,2020-08-11,2020-08-18,0.017348634658871154,0.017348634658871154,0.0,2020-08
8,2447,2022-06-21,2021—2023,8,1998,2020-08-11,2020-08-12,2020-08-19,0.02708497996150383,0.02708497996150383,0.0,2020-08
8,2447,2022-06-21,2021—2023,8,2097,2021-01-06,2021-01-07,2021-01-14,0.025380240916733632,0.025380240916733632,0.0,2021-01
8,2447,2022-06-21,2021—2023,8,2098,2021-01-07,2021-01-08,2021-01-15,-0.01450442266983476,0.0,-0.01450442266983476,2021-01
8,2447,2022-06-21,2021—2023,8,2099,2021-01-08,2021-01-11,2021-01-18,-0.011721593184167656,0.0,-0.011721593184167656,2021-01
8,2447,2022-06-21,2021—2023,8,2100,2021-01-11,2021-01-12,2021-01-19,0.014097305461675536,0.014097305461675536,0.0,2021-01
8,2447,2022-06-21,2021—2023,8,2101,2021-01-12,2021-01-13,2021-01-20,-0.03380862066421253,0.0,-0.03380862066421253,2021-01
8,2447,2022-06-21,2021—2023,8,2102,2021-01-13,2021-01-14,2021-01-21,-0.019003651193450377,0.0,-0.019003651193450377,2021-01
8,2447,2022-06-21,2021—2023,8,2103,2021-01-14,2021-01-15,2021-01-22,0.012530579766651506,0.012530579766651506,0.0,2021-01
8,2447,2022-06-21,2021—2023,8,2104,2021-01-15,2021-01-18,2021-01-25,0.017693857036624516,0.017693857036624516,0.0,2021-01
8,2447,2022-06-21,2021—2023,8,2105,2021-01-18,2021-01-19,2021-01-26,0.013128347502418203,0.013128347502418203,0.0,2021-01
8,2447,2022-06-21,2021—2023,8,2106,2021-01-19,2021-01-20,2021-01-27,0.009666034358031927,0.009666034358031927,0.0,2021-01
8,2447,2022-06-21,2021—2023,8,2107,2021-01-20,2021-01-21,2021-01-28,-0.0071709701981841345,0.0,-0.0071709701981841345,2021-01
8,2447,2022-06-21,2021—2023,8,2111,2021-01-26,2021-01-27,2021-02-03,-0.005513744420576949,0.0,-0.005513744420576949,2021-01
8,2447,2022-06-21,2021—2023,8,2191,2021-05-31,2021-06-01,2021-06-08,-0.011280147989502498,0.0,-0.011280147989502498,2021-05
8,2447,2022-06-21,2021—2023,8,2192,2021-06-01,2021-06-02,2021-06-09,-0.025047587834382767,0.0,-0.025047587834382767,2021-06
8,2447,2022-06-21,2021—2023,8,2193,2021-06-02,2021-06-03,2021-06-10,-0.012663536168646017,0.0,-0.012663536168646017,2021-06
8,2447,2022-06-21,2021—2023,8,2194,2021-06-03,2021-06-04,2021-06-11,0.005093624650596373,0.005093624650596373,0.0,2021-06
8,2447,2022-06-21,2021—2023,8,2195,2021-06-04,2021-06-07,2021-06-15,-0.013428697564550895,0.0,-0.013428697564550895,2021-06
8,2447,2022-06-21,2021—2023,8,2196,2021-06-07,2021-06-08,2021-06-16,-0.024576684906774005,0.0,-0.024576684906774005,2021-06
8,2447,2022-06-21,2021—2023,8,2221,2021-07-13,2021-07-14,2021-07-21,-0.005221771210699777,0.0,-0.005221771210699777,2021-07
8,2447,2022-06-21,2021—2023,8,2222,2021-07-14,2021-07-15,2021-07-22,0.011259969440294837,0.011259969440294837,0.0,2021-07
8,2447,2022-06-21,2021—2023,8,2223,2021-07-15,2021-07-16,2021-07-23,-0.0011835450222524857,0.0,-0.0011835450222524857,2021-07
8,2447,2022-06-21,2021—2023,8,2224,2021-07-16,2021-07-19,2021-07-26,-0.005065623663206731,0.0,-0.005065623663206731,2021-07
8,2447,2022-06-21,2021—2023,8,2225,2021-07-19,2021-07-20,2021-07-27,-0.034196970259700255,0.0,-0.034196970259700255,2021-07
8,2447,2022-06-21,2021—2023,8,2231,2021-07-27,2021-07-28,2021-08-04,0.03473760246317448,0.03473760246317448,0.0,2021-07
8,2447,2022-06-21,2021—2023,8,2232,2021-07-28,2021-07-29,2021-08-05,0.01835301768362796,0.01835301768362796,0.0,2021-07
8,2447,2022-06-21,2021—2023,8,2233,2021-07-29,2021-07-30,2021-08-06,0.02107315829805545,0.02107315829805545,0.0,2021-07
8,2447,2022-06-21,2021—2023,8,2234,2021-07-30,2021-08-02,2021-08-09,0.020577985633559726,0.020577985633559726,0.0,2021-07
8,2447,2022-06-21,2021—2023,8,2236,2021-08-03,2021-08-04,2021-08-11,0.01982923006383741,0.01982923006383741,0.0,2021-08
8,2447,2022-06-21,2021—2023,8,2238,2021-08-05,2021-08-06,2021-08-13,0.0035924091901702315,0.0035924091901702315,0.0,2021-08
8,2447,2022-06-21,2021—2023,8,2239,2021-08-06,2021-08-09,2021-08-16,0.005627337004896482,0.005627337004896482,0.0,2021-08
8,2447,2022-06-21,2021—2023,8,2260,2021-09-06,2021-09-07,2021-09-14,0.009980902743797815,0.009980902743797815,0.0,2021-09
8,2447,2022-06-21,2021—2023,8,2440,2022-06-10,2022-06-13,2022-06-20,0.0255137802530232,0.0255137802530232,0.0,2022-06
8,2447,2022-06-21,2021—2023,8,2441,2022-06-13,2022-06-14,2022-06-21,0.039216255943665734,0.039216255943665734,0.0,2022-06
8,2453,2022-06-29,2021—2023,8,1965,2020-06-23,2020-06-24,2020-07-03,0.05660067616689757,0.05660067616689757,0.0,2020-06
8,2453,2022-06-29,2021—2023,8,1966,2020-06-24,2020-06-29,2020-07-06,0.08745700275846335,0.08745700275846335,0.0,2020-06
8,2453,2022-06-29,2021—2023,8,1967,2020-06-29,2020-06-30,2020-07-07,0.1587162871427399,0.1587162871427399,0.0,2020-06
8,2453,2022-06-29,2021—2023,8,1968,2020-06-30,2020-07-01,2020-07-08,0.12719902497016466,0.12719902497016466,0.0,2020-06
8,2453,2022-06-29,2021—2023,8,1969,2020-07-01,2020-07-02,2020-07-09,0.11980555146362537,0.11980555146362537,0.0,2020-07
8,2453,2022-06-29,2021—2023,8,1970,2020-07-02,2020-07-03,2020-07-10,0.09978026552986186,0.09978026552986186,0.0,2020-07
8,2453,2022-06-29,2021—2023,8,1971,2020-07-03,2020-07-06,2020-07-13,0.05321710680246894,0.05321710680246894,0.0,2020-07
8,2453,2022-06-29,2021—2023,8,1972,2020-07-06,2020-07-07,2020-07-14,0.008724400832290646,0.008724400832290646,0.0,2020-07
8,2453,2022-06-29,2021—2023,8,1973,2020-07-07,2020-07-08,2020-07-15,0.023658483430852417,0.023658483430852417,0.0,2020-07
8,2453,2022-06-29,2021—2023,8,1974,2020-07-08,2020-07-09,2020-07-16,-0.00412965411627475,0.0,-0.00412965411627475,2020-07
8,2453,2022-06-29,2021—2023,8,1975,2020-07-09,2020-07-10,2020-07-17,-0.05815621304647656,0.0,-0.05815621304647656,2020-07
8,2453,2022-06-29,2021—2023,8,1976,2020-07-10,2020-07-13,2020-07-20,-0.031065827272600433,0.0,-0.031065827272600433,2020-07
8,2453,2022-06-29,2021—2023,8,1977,2020-07-13,2020-07-14,2020-07-21,-0.02904417913293511,0.0,-0.02904417913293511,2020-07
8,2453,2022-06-29,2021—2023,8,1978,2020-07-14,2020-07-15,2020-07-22,-0.029142875224011155,0.0,-0.029142875224011155,2020-07
8,2453,2022-06-29,2021—2023,8,1979,2020-07-15,2020-07-16,2020-07-23,-0.012885940514305139,0.0,-0.012885940514305139,2020-07
8,2453,2022-06-29,2021—2023,8,1980,2020-07-16,2020-07-17,2020-07-24,0.031087368331355947,0.031087368331355947,0.0,2020-07
8,2453,2022-06-29,2021—2023,8,1981,2020-07-17,2020-07-20,2020-07-27,-0.01669409622221618,0.0,-0.01669409622221618,2020-07
8,2453,2022-06-29,2021—2023,8,1982,2020-07-20,2020-07-21,2020-07-28,-0.031065739459369746,0.0,-0.031065739459369746,2020-07
8,2453,2022-06-29,2021—2023,8,1983,2020-07-21,2020-07-22,2020-07-29,-0.02969781055278964,0.0,-0.02969781055278964,2020-07
8,2453,2022-06-29,2021—2023,8,1984,2020-07-22,2020-07-23,2020-07-30,-0.0012206619353523074,0.0,-0.0012206619353523074,2020-07
8,2453,2022-06-29,2021—2023,8,1985,2020-07-23,2020-07-24,2020-07-31,-0.006290952230395108,0.0,-0.006290952230395108,2020-07
8,2453,2022-06-29,2021—2023,8,1986,2020-07-24,2020-07-27,2020-08-03,0.04210408251694964,0.04210408251694964,0.0,2020-07
8,2453,2022-06-29,2021—2023,8,1987,2020-07-27,2020-07-28,2020-08-04,0.047646395987059664,0.047646395987059664,0.0,2020-07
8,2453,2022-06-29,2021—2023,8,1988,2020-07-28,2020-07-29,2020-08-05,0.044066798443312516,0.044066798443312516,0.0,2020-07
8,2453,2022-06-29,2021—2023,8,1994,2020-08-05,2020-08-06,2020-08-13,-0.026833435360347102,0.0,-0.026833435360347102,2020-08
8,2453,2022-06-29,2021—2023,8,1995,2020-08-06,2020-08-07,2020-08-14,-0.026777225881694067,0.0,-0.026777225881694067,2020-08
8,2453,2022-06-29,2021—2023,8,1996,2020-08-07,2020-08-10,2020-08-17,0.010799310499523207,0.010799310499523207,0.0,2020-08
8,2453,2022-06-29,2021—2023,8,1997,2020-08-10,2020-08-11,2020-08-18,0.017348634658871154,0.017348634658871154,0.0,2020-08
8,2453,2022-06-29,2021—2023,8,1998,2020-08-11,2020-08-12,2020-08-19,0.02708497996150383,0.02708497996150383,0.0,2020-08
8,2453,2022-06-29,2021—2023,8,2097,2021-01-06,2021-01-07,2021-01-14,0.025380240916733632,0.025380240916733632,0.0,2021-01
8,2453,2022-06-29,2021—2023,8,2098,2021-01-07,2021-01-08,2021-01-15,-0.01450442266983476,0.0,-0.01450442266983476,2021-01
8,2453,2022-06-29,2021—2023,8,2099,2021-01-08,2021-01-11,2021-01-18,-0.011721593184167656,0.0,-0.011721593184167656,2021-01
8,2453,2022-06-29,2021—2023,8,2100,2021-01-11,2021-01-12,2021-01-19,0.014097305461675536,0.014097305461675536,0.0,2021-01
8,2453,2022-06-29,2021—2023,8,2101,2021-01-12,2021-01-13,2021-01-20,-0.03380862066421253,0.0,-0.03380862066421253,2021-01
8,2453,2022-06-29,2021—2023,8,2102,2021-01-13,2021-01-14,2021-01-21,-0.019003651193450377,0.0,-0.019003651193450377,2021-01
8,2453,2022-06-29,2021—2023,8,2103,2021-01-14,2021-01-15,2021-01-22,0.012530579766651506,0.012530579766651506,0.0,2021-01
8,2453,2022-06-29,2021—2023,8,2104,2021-01-15,2021-01-18,2021-01-25,0.017693857036624516,0.017693857036624516,0.0,2021-01
8,2453,2022-06-29,2021—2023,8,2105,2021-01-18,2021-01-19,2021-01-26,0.013128347502418203,0.013128347502418203,0.0,2021-01
8,2453,2022-06-29,2021—2023,8,2106,2021-01-19,2021-01-20,2021-01-27,0.009666034358031927,0.009666034358031927,0.0,2021-01
8,2453,2022-06-29,2021—2023,8,2107,2021-01-20,2021-01-21,2021-01-28,-0.0071709701981841345,0.0,-0.0071709701981841345,2021-01
8,2453,2022-06-29,2021—2023,8,2111,2021-01-26,2021-01-27,2021-02-03,-0.005513744420576949,0.0,-0.005513744420576949,2021-01
8,2453,2022-06-29,2021—2023,8,2191,2021-05-31,2021-06-01,2021-06-08,-0.011280147989502498,0.0,-0.011280147989502498,2021-05
8,2453,2022-06-29,2021—2023,8,2192,2021-06-01,2021-06-02,2021-06-09,-0.025047587834382767,0.0,-0.025047587834382767,2021-06
8,2453,2022-06-29,2021—2023,8,2193,2021-06-02,2021-06-03,2021-06-10,-0.012663536168646017,0.0,-0.012663536168646017,2021-06
8,2453,2022-06-29,2021—2023,8,2194,2021-06-03,2021-06-04,2021-06-11,0.005093624650596373,0.005093624650596373,0.0,2021-06
8,2453,2022-06-29,2021—2023,8,2195,2021-06-04,2021-06-07,2021-06-15,-0.013428697564550895,0.0,-0.013428697564550895,2021-06
8,2453,2022-06-29,2021—2023,8,2196,2021-06-07,2021-06-08,2021-06-16,-0.024576684906774005,0.0,-0.024576684906774005,2021-06
8,2453,2022-06-29,2021—2023,8,2221,2021-07-13,2021-07-14,2021-07-21,-0.005221771210699777,0.0,-0.005221771210699777,2021-07
8,2453,2022-06-29,2021—2023,8,2222,2021-07-14,2021-07-15,2021-07-22,0.011259969440294837,0.011259969440294837,0.0,2021-07
8,2453,2022-06-29,2021—2023,8,2223,2021-07-15,2021-07-16,2021-07-23,-0.0011835450222524857,0.0,-0.0011835450222524857,2021-07
8,2453,2022-06-29,2021—2023,8,2224,2021-07-16,2021-07-19,2021-07-26,-0.005065623663206731,0.0,-0.005065623663206731,2021-07
8,2453,2022-06-29,2021—2023,8,2225,2021-07-19,2021-07-20,2021-07-27,-0.034196970259700255,0.0,-0.034196970259700255,2021-07
8,2453,2022-06-29,2021—2023,8,2231,2021-07-27,2021-07-28,2021-08-04,0.03473760246317448,0.03473760246317448,0.0,2021-07
8,2453,2022-06-29,2021—2023,8,2232,2021-07-28,2021-07-29,2021-08-05,0.01835301768362796,0.01835301768362796,0.0,2021-07
8,2453,2022-06-29,2021—2023,8,2233,2021-07-29,2021-07-30,2021-08-06,0.02107315829805545,0.02107315829805545,0.0,2021-07
8,2453,2022-06-29,2021—2023,8,2234,2021-07-30,2021-08-02,2021-08-09,0.020577985633559726,0.020577985633559726,0.0,2021-07
8,2453,2022-06-29,2021—2023,8,2236,2021-08-03,2021-08-04,2021-08-11,0.01982923006383741,0.01982923006383741,0.0,2021-08
8,2453,2022-06-29,2021—2023,8,2238,2021-08-05,2021-08-06,2021-08-13,0.0035924091901702315,0.0035924091901702315,0.0,2021-08
8,2453,2022-06-29,2021—2023,8,2239,2021-08-06,2021-08-09,2021-08-16,0.005627337004896482,0.005627337004896482,0.0,2021-08
8,2453,2022-06-29,2021—2023,8,2260,2021-09-06,2021-09-07,2021-09-14,0.009980902743797815,0.009980902743797815,0.0,2021-09
8,2453,2022-06-29,2021—2023,8,2440,2022-06-10,2022-06-13,2022-06-20,0.0255137802530232,0.0255137802530232,0.0,2022-06
8,2453,2022-06-29,2021—2023,8,2441,2022-06-13,2022-06-14,2022-06-21,0.039216255943665734,0.039216255943665734,0.0,2022-06
8,2453,2022-06-29,2021—2023,8,2442,2022-06-14,2022-06-15,2022-06-22,0.022070171459495525,0.022070171459495525,0.0,2022-06
8,2453,2022-06-29,2021—2023,8,2443,2022-06-15,2022-06-16,2022-06-23,-0.004747252853448569,0.0,-0.004747252853448569,2022-06
8,2453,2022-06-29,2021—2023,8,2444,2022-06-16,2022-06-17,2022-06-24,0.028380922713344914,0.028380922713344914,0.0,2022-06
8,2453,2022-06-29,2021—2023,8,2445,2022-06-17,2022-06-20,2022-06-27,0.01947929315358743,0.01947929315358743,0.0,2022-06
8,2453,2022-06-29,2021—2023,8,2446,2022-06-20,2022-06-21,2022-06-28,0.024025172539679618,0.024025172539679618,0.0,2022-06
8,2453,2022-06-29,2021—2023,8,2447,2022-06-21,2022-06-22,2022-06-29,0.03323522144651925,0.03323522144651925,0.0,2022-06
8,2459,2022-07-07,2021—2023,8,1965,2020-06-23,2020-06-24,2020-07-03,0.05660067616689757,0.05660067616689757,0.0,2020-06
8,2459,2022-07-07,2021—2023,8,1966,2020-06-24,2020-06-29,2020-07-06,0.08745700275846335,0.08745700275846335,0.0,2020-06
8,2459,2022-07-07,2021—2023,8,1967,2020-06-29,2020-06-30,2020-07-07,0.1587162871427399,0.1587162871427399,0.0,2020-06
8,2459,2022-07-07,2021—2023,8,1968,2020-06-30,2020-07-01,2020-07-08,0.12719902497016466,0.12719902497016466,0.0,2020-06
8,2459,2022-07-07,2021—2023,8,1969,2020-07-01,2020-07-02,2020-07-09,0.11980555146362537,0.11980555146362537,0.0,2020-07
8,2459,2022-07-07,2021—2023,8,1970,2020-07-02,2020-07-03,2020-07-10,0.09978026552986186,0.09978026552986186,0.0,2020-07
8,2459,2022-07-07,2021—2023,8,1971,2020-07-03,2020-07-06,2020-07-13,0.05321710680246894,0.05321710680246894,0.0,2020-07
8,2459,2022-07-07,2021—2023,8,1972,2020-07-06,2020-07-07,2020-07-14,0.008724400832290646,0.008724400832290646,0.0,2020-07
8,2459,2022-07-07,2021—2023,8,1973,2020-07-07,2020-07-08,2020-07-15,0.023658483430852417,0.023658483430852417,0.0,2020-07
8,2459,2022-07-07,2021—2023,8,1974,2020-07-08,2020-07-09,2020-07-16,-0.00412965411627475,0.0,-0.00412965411627475,2020-07
8,2459,2022-07-07,2021—2023,8,1975,2020-07-09,2020-07-10,2020-07-17,-0.05815621304647656,0.0,-0.05815621304647656,2020-07
8,2459,2022-07-07,2021—2023,8,1976,2020-07-10,2020-07-13,2020-07-20,-0.031065827272600433,0.0,-0.031065827272600433,2020-07
8,2459,2022-07-07,2021—2023,8,1977,2020-07-13,2020-07-14,2020-07-21,-0.02904417913293511,0.0,-0.02904417913293511,2020-07
8,2459,2022-07-07,2021—2023,8,1978,2020-07-14,2020-07-15,2020-07-22,-0.029142875224011155,0.0,-0.029142875224011155,2020-07
8,2459,2022-07-07,2021—2023,8,1979,2020-07-15,2020-07-16,2020-07-23,-0.012885940514305139,0.0,-0.012885940514305139,2020-07
8,2459,2022-07-07,2021—2023,8,1980,2020-07-16,2020-07-17,2020-07-24,0.031087368331355947,0.031087368331355947,0.0,2020-07
8,2459,2022-07-07,2021—2023,8,1981,2020-07-17,2020-07-20,2020-07-27,-0.01669409622221618,0.0,-0.01669409622221618,2020-07
8,2459,2022-07-07,2021—2023,8,1982,2020-07-20,2020-07-21,2020-07-28,-0.031065739459369746,0.0,-0.031065739459369746,2020-07
8,2459,2022-07-07,2021—2023,8,1983,2020-07-21,2020-07-22,2020-07-29,-0.02969781055278964,0.0,-0.02969781055278964,2020-07
8,2459,2022-07-07,2021—2023,8,1984,2020-07-22,2020-07-23,2020-07-30,-0.0012206619353523074,0.0,-0.0012206619353523074,2020-07
8,2459,2022-07-07,2021—2023,8,1985,2020-07-23,2020-07-24,2020-07-31,-0.006290952230395108,0.0,-0.006290952230395108,2020-07
8,2459,2022-07-07,2021—2023,8,1986,2020-07-24,2020-07-27,2020-08-03,0.04210408251694964,0.04210408251694964,0.0,2020-07
8,2459,2022-07-07,2021—2023,8,1987,2020-07-27,2020-07-28,2020-08-04,0.047646395987059664,0.047646395987059664,0.0,2020-07
8,2459,2022-07-07,2021—2023,8,1988,2020-07-28,2020-07-29,2020-08-05,0.044066798443312516,0.044066798443312516,0.0,2020-07
8,2459,2022-07-07,2021—2023,8,1994,2020-08-05,2020-08-06,2020-08-13,-0.026833435360347102,0.0,-0.026833435360347102,2020-08
8,2459,2022-07-07,2021—2023,8,1995,2020-08-06,2020-08-07,2020-08-14,-0.026777225881694067,0.0,-0.026777225881694067,2020-08
8,2459,2022-07-07,2021—2023,8,1996,2020-08-07,2020-08-10,2020-08-17,0.010799310499523207,0.010799310499523207,0.0,2020-08
8,2459,2022-07-07,2021—2023,8,1997,2020-08-10,2020-08-11,2020-08-18,0.017348634658871154,0.017348634658871154,0.0,2020-08
8,2459,2022-07-07,2021—2023,8,1998,2020-08-11,2020-08-12,2020-08-19,0.02708497996150383,0.02708497996150383,0.0,2020-08
8,2459,2022-07-07,2021—2023,8,2097,2021-01-06,2021-01-07,2021-01-14,0.025380240916733632,0.025380240916733632,0.0,2021-01
8,2459,2022-07-07,2021—2023,8,2098,2021-01-07,2021-01-08,2021-01-15,-0.01450442266983476,0.0,-0.01450442266983476,2021-01
8,2459,2022-07-07,2021—2023,8,2099,2021-01-08,2021-01-11,2021-01-18,-0.011721593184167656,0.0,-0.011721593184167656,2021-01
8,2459,2022-07-07,2021—2023,8,2100,2021-01-11,2021-01-12,2021-01-19,0.014097305461675536,0.014097305461675536,0.0,2021-01
8,2459,2022-07-07,2021—2023,8,2101,2021-01-12,2021-01-13,2021-01-20,-0.03380862066421253,0.0,-0.03380862066421253,2021-01
8,2459,2022-07-07,2021—2023,8,2102,2021-01-13,2021-01-14,2021-01-21,-0.019003651193450377,0.0,-0.019003651193450377,2021-01
8,2459,2022-07-07,2021—2023,8,2103,2021-01-14,2021-01-15,2021-01-22,0.012530579766651506,0.012530579766651506,0.0,2021-01
8,2459,2022-07-07,2021—2023,8,2104,2021-01-15,2021-01-18,2021-01-25,0.017693857036624516,0.017693857036624516,0.0,2021-01
8,2459,2022-07-07,2021—2023,8,2105,2021-01-18,2021-01-19,2021-01-26,0.013128347502418203,0.013128347502418203,0.0,2021-01
8,2459,2022-07-07,2021—2023,8,2106,2021-01-19,2021-01-20,2021-01-27,0.009666034358031927,0.009666034358031927,0.0,2021-01
8,2459,2022-07-07,2021—2023,8,2107,2021-01-20,2021-01-21,2021-01-28,-0.0071709701981841345,0.0,-0.0071709701981841345,2021-01
8,2459,2022-07-07,2021—2023,8,2111,2021-01-26,2021-01-27,2021-02-03,-0.005513744420576949,0.0,-0.005513744420576949,2021-01
8,2459,2022-07-07,2021—2023,8,2191,2021-05-31,2021-06-01,2021-06-08,-0.011280147989502498,0.0,-0.011280147989502498,2021-05
8,2459,2022-07-07,2021—2023,8,2192,2021-06-01,2021-06-02,2021-06-09,-0.025047587834382767,0.0,-0.025047587834382767,2021-06
8,2459,2022-07-07,2021—2023,8,2193,2021-06-02,2021-06-03,2021-06-10,-0.012663536168646017,0.0,-0.012663536168646017,2021-06
8,2459,2022-07-07,2021—2023,8,2194,2021-06-03,2021-06-04,2021-06-11,0.005093624650596373,0.005093624650596373,0.0,2021-06
8,2459,2022-07-07,2021—2023,8,2195,2021-06-04,2021-06-07,2021-06-15,-0.013428697564550895,0.0,-0.013428697564550895,2021-06
8,2459,2022-07-07,2021—2023,8,2196,2021-06-07,2021-06-08,2021-06-16,-0.024576684906774005,0.0,-0.024576684906774005,2021-06
8,2459,2022-07-07,2021—2023,8,2221,2021-07-13,2021-07-14,2021-07-21,-0.005221771210699777,0.0,-0.005221771210699777,2021-07
8,2459,2022-07-07,2021—2023,8,2222,2021-07-14,2021-07-15,2021-07-22,0.011259969440294837,0.011259969440294837,0.0,2021-07
8,2459,2022-07-07,2021—2023,8,2223,2021-07-15,2021-07-16,2021-07-23,-0.0011835450222524857,0.0,-0.0011835450222524857,2021-07
8,2459,2022-07-07,2021—2023,8,2224,2021-07-16,2021-07-19,2021-07-26,-0.005065623663206731,0.0,-0.005065623663206731,2021-07
8,2459,2022-07-07,2021—2023,8,2225,2021-07-19,2021-07-20,2021-07-27,-0.034196970259700255,0.0,-0.034196970259700255,2021-07
8,2459,2022-07-07,2021—2023,8,2231,2021-07-27,2021-07-28,2021-08-04,0.03473760246317448,0.03473760246317448,0.0,2021-07
8,2459,2022-07-07,2021—2023,8,2232,2021-07-28,2021-07-29,2021-08-05,0.01835301768362796,0.01835301768362796,0.0,2021-07
8,2459,2022-07-07,2021—2023,8,2233,2021-07-29,2021-07-30,2021-08-06,0.02107315829805545,0.02107315829805545,0.0,2021-07
8,2459,2022-07-07,2021—2023,8,2234,2021-07-30,2021-08-02,2021-08-09,0.020577985633559726,0.020577985633559726,0.0,2021-07
8,2459,2022-07-07,2021—2023,8,2236,2021-08-03,2021-08-04,2021-08-11,0.01982923006383741,0.01982923006383741,0.0,2021-08
8,2459,2022-07-07,2021—2023,8,2238,2021-08-05,2021-08-06,2021-08-13,0.0035924091901702315,0.0035924091901702315,0.0,2021-08
8,2459,2022-07-07,2021—2023,8,2239,2021-08-06,2021-08-09,2021-08-16,0.005627337004896482,0.005627337004896482,0.0,2021-08
8,2459,2022-07-07,2021—2023,8,2260,2021-09-06,2021-09-07,2021-09-14,0.009980902743797815,0.009980902743797815,0.0,2021-09
8,2459,2022-07-07,2021—2023,8,2440,2022-06-10,2022-06-13,2022-06-20,0.0255137802530232,0.0255137802530232,0.0,2022-06
8,2459,2022-07-07,2021—2023,8,2441,2022-06-13,2022-06-14,2022-06-21,0.039216255943665734,0.039216255943665734,0.0,2022-06
8,2459,2022-07-07,2021—2023,8,2442,2022-06-14,2022-06-15,2022-06-22,0.022070171459495525,0.022070171459495525,0.0,2022-06
8,2459,2022-07-07,2021—2023,8,2443,2022-06-15,2022-06-16,2022-06-23,-0.004747252853448569,0.0,-0.004747252853448569,2022-06
8,2459,2022-07-07,2021—2023,8,2444,2022-06-16,2022-06-17,2022-06-24,0.028380922713344914,0.028380922713344914,0.0,2022-06
8,2459,2022-07-07,2021—2023,8,2445,2022-06-17,2022-06-20,2022-06-27,0.01947929315358743,0.01947929315358743,0.0,2022-06
8,2459,2022-07-07,2021—2023,8,2446,2022-06-20,2022-06-21,2022-06-28,0.024025172539679618,0.024025172539679618,0.0,2022-06
8,2459,2022-07-07,2021—2023,8,2447,2022-06-21,2022-06-22,2022-06-29,0.03323522144651925,0.03323522144651925,0.0,2022-06
8,2459,2022-07-07,2021—2023,8,2448,2022-06-22,2022-06-23,2022-06-30,0.034786364783695456,0.034786364783695456,0.0,2022-06
8,2459,2022-07-07,2021—2023,8,2449,2022-06-23,2022-06-24,2022-07-01,0.029997590005093944,0.029997590005093944,0.0,2022-06
8,2459,2022-07-07,2021—2023,8,2450,2022-06-24,2022-06-27,2022-07-04,0.007988955973767586,0.007988955973767586,0.0,2022-06
8,2459,2022-07-07,2021—2023,8,2451,2022-06-27,2022-06-28,2022-07-05,0.0117322835703344,0.0117322835703344,0.0,2022-06
8,2459,2022-07-07,2021—2023,8,2452,2022-06-28,2022-06-29,2022-07-06,-0.0025748528037153884,0.0,-0.0025748528037153884,2022-06
8,2459,2022-07-07,2021—2023,8,2453,2022-06-29,2022-06-30,2022-07-07,-0.0050573177322476015,0.0,-0.0050573177322476015,2022-06
8,2541,2022-11-08,2021—2023,1,2415,2022-05-05,2022-05-06,2022-05-13,0.01318759846532247,0.01318759846532247,0.0,2022-05
8,2541,2022-11-08,2021—2023,1,2416,2022-05-06,2022-05-09,2022-05-16,0.02854314224851029,0.02854314224851029,0.0,2022-05
8,2541,2022-11-08,2021—2023,1,2417,2022-05-09,2022-05-10,2022-05-17,0.030189331616845116,0.030189331616845116,0.0,2022-05
8,2541,2022-11-08,2021—2023,1,2418,2022-05-10,2022-05-11,2022-05-18,0.0219268285530152,0.0219268285530152,0.0,2022-05
8,2541,2022-11-08,2021—2023,1,2419,2022-05-11,2022-05-12,2022-05-19,-0.0048378728831781626,0.0,-0.0048378728831781626,2022-05
8,2541,2022-11-08,2021—2023,1,2420,2022-05-12,2022-05-13,2022-05-20,0.004957235542656813,0.004957235542656813,0.0,2022-05
8,2541,2022-11-08,2021—2023,1,2421,2022-05-13,2022-05-16,2022-05-23,0.01666885693275133,0.01666885693275133,0.0,2022-05
8,2541,2022-11-08,2021—2023,1,2422,2022-05-16,2022-05-17,2022-05-24,0.018609609637477265,0.018609609637477265,0.0,2022-05
8,2541,2022-11-08,2021—2023,1,2423,2022-05-17,2022-05-18,2022-05-25,-0.014746643715395136,0.0,-0.014746643715395136,2022-05
8,2541,2022-11-08,2021—2023,1,2424,2022-05-18,2022-05-19,2022-05-26,0.006281466153098547,0.006281466153098547,0.0,2022-05
8,2541,2022-11-08,2021—2023,1,2425,2022-05-19,2022-05-20,2022-05-27,-0.002785668341359071,0.0,-0.002785668341359071,2022-05
8,2541,2022-11-08,2021—2023,1,2426,2022-05-20,2022-05-23,2022-05-30,-0.017681370155169907,0.0,-0.017681370155169907,2022-05
8,2541,2022-11-08,2021—2023,1,2427,2022-05-23,2022-05-24,2022-05-31,-0.008445992128944702,0.0,-0.008445992128944702,2022-05
8,2541,2022-11-08,2021—2023,1,2428,2022-05-24,2022-05-25,2022-06-01,0.029448563662324956,0.029448563662324956,0.0,2022-05
8,2541,2022-11-08,2021—2023,1,2429,2022-05-25,2022-05-26,2022-06-02,0.0177457985955356,0.0177457985955356,0.0,2022-05
8,2541,2022-11-08,2021—2023,1,2430,2022-05-26,2022-05-27,2022-06-06,0.014087833950105155,0.014087833950105155,0.0,2022-05
8,2541,2022-11-08,2021—2023,1,2431,2022-05-27,2022-05-30,2022-06-07,0.0317208768666446,0.0317208768666446,0.0,2022-05
8,2541,2022-11-08,2021—2023,1,2432,2022-05-30,2022-05-31,2022-06-08,0.03639139877547737,0.03639139877547737,0.0,2022-05
8,2541,2022-11-08,2021—2023,1,2433,2022-05-31,2022-06-01,2022-06-09,0.027511809150301936,0.027511809150301936,0.0,2022-05
8,2541,2022-11-08,2021—2023,1,2434,2022-06-01,2022-06-02,2022-06-10,0.019572126934045864,0.019572126934045864,0.0,2022-06
8,2541,2022-11-08,2021—2023,1,2435,2022-06-02,2022-06-06,2022-06-13,0.02553999147229069,0.02553999147229069,0.0,2022-06
8,2541,2022-11-08,2021—2023,1,2436,2022-06-06,2022-06-07,2022-06-14,-0.002238758841158761,0.0,-0.002238758841158761,2022-06
8,2541,2022-11-08,2021—2023,1,2437,2022-06-07,2022-06-08,2022-06-15,0.008262279813611384,0.008262279813611384,0.0,2022-06
8,2541,2022-11-08,2021—2023,1,2438,2022-06-08,2022-06-09,2022-06-16,0.016485064741875943,0.016485064741875943,0.0,2022-06
8,2541,2022-11-08,2021—2023,1,2439,2022-06-09,2022-06-10,2022-06-17,0.016477558832374672,0.016477558832374672,0.0,2022-06
8,2541,2022-11-08,2021—2023,1,2440,2022-06-10,2022-06-13,2022-06-20,0.0255137802530232,0.0255137802530232,0.0,2022-06
8,2541,2022-11-08,2021—2023,1,2441,2022-06-13,2022-06-14,2022-06-21,0.039216255943665734,0.039216255943665734,0.0,2022-06
8,2541,2022-11-08,2021—2023,1,2442,2022-06-14,2022-06-15,2022-06-22,0.022070171459495525,0.022070171459495525,0.0,2022-06
8,2541,2022-11-08,2021—2023,1,2443,2022-06-15,2022-06-16,2022-06-23,-0.004747252853448569,0.0,-0.004747252853448569,2022-06
8,2541,2022-11-08,2021—2023,1,2444,2022-06-16,2022-06-17,2022-06-24,0.028380922713344914,0.028380922713344914,0.0,2022-06
8,2541,2022-11-08,2021—2023,1,2445,2022-06-17,2022-06-20,2022-06-27,0.01947929315358743,0.01947929315358743,0.0,2022-06
8,2541,2022-11-08,2021—2023,1,2446,2022-06-20,2022-06-21,2022-06-28,0.024025172539679618,0.024025172539679618,0.0,2022-06
8,2541,2022-11-08,2021—2023,1,2447,2022-06-21,2022-06-22,2022-06-29,0.03323522144651925,0.03323522144651925,0.0,2022-06
8,2541,2022-11-08,2021—2023,1,2448,2022-06-22,2022-06-23,2022-06-30,0.034786364783695456,0.034786364783695456,0.0,2022-06
8,2541,2022-11-08,2021—2023,1,2449,2022-06-23,2022-06-24,2022-07-01,0.029997590005093944,0.029997590005093944,0.0,2022-06
8,2541,2022-11-08,2021—2023,1,2450,2022-06-24,2022-06-27,2022-07-04,0.007988955973767586,0.007988955973767586,0.0,2022-06
8,2541,2022-11-08,2021—2023,1,2451,2022-06-27,2022-06-28,2022-07-05,0.0117322835703344,0.0117322835703344,0.0,2022-06
8,2541,2022-11-08,2021—2023,1,2452,2022-06-28,2022-06-29,2022-07-06,-0.0025748528037153884,0.0,-0.0025748528037153884,2022-06
8,2541,2022-11-08,2021—2023,1,2453,2022-06-29,2022-06-30,2022-07-07,-0.0050573177322476015,0.0,-0.0050573177322476015,2022-06
8,2541,2022-11-08,2021—2023,1,2476,2022-08-01,2022-08-02,2022-08-09,-0.005066727757295664,0.0,-0.005066727757295664,2022-08
8,2541,2022-11-08,2021—2023,1,2477,2022-08-02,2022-08-03,2022-08-10,0.0020654103949819813,0.0020654103949819813,0.0,2022-08
8,2541,2022-11-08,2021—2023,1,2478,2022-08-03,2022-08-04,2022-08-11,0.007398391994553499,0.007398391994553499,0.0,2022-08
8,2541,2022-11-08,2021—2023,1,2479,2022-08-04,2022-08-05,2022-08-12,0.019851900624033192,0.019851900624033192,0.0,2022-08
8,2541,2022-11-08,2021—2023,1,2480,2022-08-05,2022-08-08,2022-08-15,0.0065648490960248385,0.0065648490960248385,0.0,2022-08
8,2541,2022-11-08,2021—2023,1,2481,2022-08-08,2022-08-09,2022-08-16,0.00822566148249515,0.00822566148249515,0.0,2022-08
8,2541,2022-11-08,2021—2023,1,2482,2022-08-09,2022-08-10,2022-08-17,0.0049005356260158894,0.0049005356260158894,0.0,2022-08
8,2541,2022-11-08,2021—2023,1,2483,2022-08-10,2022-08-11,2022-08-18,0.017571481436079006,0.017571481436079006,0.0,2022-08
8,2541,2022-11-08,2021—2023,1,2484,2022-08-11,2022-08-12,2022-08-19,-0.007137102875551471,0.0,-0.007137102875551471,2022-08
8,2541,2022-11-08,2021—2023,1,2485,2022-08-12,2022-08-15,2022-08-22,-0.01303382579155754,0.0,-0.01303382579155754,2022-08
8,2541,2022-11-08,2021—2023,1,2486,2022-08-15,2022-08-16,2022-08-23,-0.007140081687653788,0.0,-0.007140081687653788,2022-08
8,2541,2022-11-08,2021—2023,1,2487,2022-08-16,2022-08-17,2022-08-24,-0.0036269387552688714,0.0,-0.0036269387552688714,2022-08
8,2541,2022-11-08,2021—2023,1,2488,2022-08-17,2022-08-18,2022-08-25,-0.030483525887890384,0.0,-0.030483525887890384,2022-08
8,2541,2022-11-08,2021—2023,1,2489,2022-08-18,2022-08-19,2022-08-26,-0.016353270012749554,0.0,-0.016353270012749554,2022-08
8,2541,2022-11-08,2021—2023,1,2490,2022-08-19,2022-08-22,2022-08-29,-0.01719559500813228,0.0,-0.01719559500813228,2022-08
8,2541,2022-11-08,2021—2023,1,2491,2022-08-22,2022-08-23,2022-08-30,-0.021783358388593688,0.0,-0.021783358388593688,2022-08
8,2541,2022-11-08,2021—2023,1,2492,2022-08-23,2022-08-24,2022-08-31,-0.02908560567280516,0.0,-0.02908560567280516,2022-08
8,2541,2022-11-08,2021—2023,1,2493,2022-08-24,2022-08-25,2022-09-01,-0.008729841396774574,0.0,-0.008729841396774574,2022-08
8,2541,2022-11-08,2021—2023,1,2494,2022-08-25,2022-08-26,2022-09-02,-0.019666034159949497,0.0,-0.019666034159949497,2022-08
8,2541,2022-11-08,2021—2023,1,2495,2022-08-26,2022-08-29,2022-09-05,-0.01911594262439742,0.0,-0.01911594262439742,2022-08
8,2541,2022-11-08,2021—2023,1,2496,2022-08-29,2022-08-30,2022-09-06,-0.017376939582426254,0.0,-0.017376939582426254,2022-08
8,2541,2022-11-08,2021—2023,1,2497,2022-08-30,2022-08-31,2022-09-07,-0.009753521696189482,0.0,-0.009753521696189482,2022-08
8,2541,2022-11-08,2021—2023,1,2535,2022-10-31,2022-11-01,2022-11-08,0.06629624550291346,0.06629624550291346,0.0,2022-10
8,2547,2022-11-16,2021—2023,1,2415,2022-05-05,2022-05-06,2022-05-13,0.01318759846532247,0.01318759846532247,0.0,2022-05
8,2547,2022-11-16,2021—2023,1,2416,2022-05-06,2022-05-09,2022-05-16,0.02854314224851029,0.02854314224851029,0.0,2022-05
8,2547,2022-11-16,2021—2023,1,2417,2022-05-09,2022-05-10,2022-05-17,0.030189331616845116,0.030189331616845116,0.0,2022-05
8,2547,2022-11-16,2021—2023,1,2418,2022-05-10,2022-05-11,2022-05-18,0.0219268285530152,0.0219268285530152,0.0,2022-05
8,2547,2022-11-16,2021—2023,1,2419,2022-05-11,2022-05-12,2022-05-19,-0.0048378728831781626,0.0,-0.0048378728831781626,2022-05
8,2547,2022-11-16,2021—2023,1,2420,2022-05-12,2022-05-13,2022-05-20,0.004957235542656813,0.004957235542656813,0.0,2022-05
8,2547,2022-11-16,2021—2023,1,2421,2022-05-13,2022-05-16,2022-05-23,0.01666885693275133,0.01666885693275133,0.0,2022-05
8,2547,2022-11-16,2021—2023,1,2422,2022-05-16,2022-05-17,2022-05-24,0.018609609637477265,0.018609609637477265,0.0,2022-05
8,2547,2022-11-16,2021—2023,1,2423,2022-05-17,2022-05-18,2022-05-25,-0.014746643715395136,0.0,-0.014746643715395136,2022-05
8,2547,2022-11-16,2021—2023,1,2424,2022-05-18,2022-05-19,2022-05-26,0.006281466153098547,0.006281466153098547,0.0,2022-05
8,2547,2022-11-16,2021—2023,1,2425,2022-05-19,2022-05-20,2022-05-27,-0.002785668341359071,0.0,-0.002785668341359071,2022-05
8,2547,2022-11-16,2021—2023,1,2426,2022-05-20,2022-05-23,2022-05-30,-0.017681370155169907,0.0,-0.017681370155169907,2022-05
8,2547,2022-11-16,2021—2023,1,2427,2022-05-23,2022-05-24,2022-05-31,-0.008445992128944702,0.0,-0.008445992128944702,2022-05
8,2547,2022-11-16,2021—2023,1,2428,2022-05-24,2022-05-25,2022-06-01,0.029448563662324956,0.029448563662324956,0.0,2022-05
8,2547,2022-11-16,2021—2023,1,2429,2022-05-25,2022-05-26,2022-06-02,0.0177457985955356,0.0177457985955356,0.0,2022-05
8,2547,2022-11-16,2021—2023,1,2430,2022-05-26,2022-05-27,2022-06-06,0.014087833950105155,0.014087833950105155,0.0,2022-05
8,2547,2022-11-16,2021—2023,1,2431,2022-05-27,2022-05-30,2022-06-07,0.0317208768666446,0.0317208768666446,0.0,2022-05
8,2547,2022-11-16,2021—2023,1,2432,2022-05-30,2022-05-31,2022-06-08,0.03639139877547737,0.03639139877547737,0.0,2022-05
8,2547,2022-11-16,2021—2023,1,2433,2022-05-31,2022-06-01,2022-06-09,0.027511809150301936,0.027511809150301936,0.0,2022-05
8,2547,2022-11-16,2021—2023,1,2434,2022-06-01,2022-06-02,2022-06-10,0.019572126934045864,0.019572126934045864,0.0,2022-06
8,2547,2022-11-16,2021—2023,1,2435,2022-06-02,2022-06-06,2022-06-13,0.02553999147229069,0.02553999147229069,0.0,2022-06
8,2547,2022-11-16,2021—2023,1,2436,2022-06-06,2022-06-07,2022-06-14,-0.002238758841158761,0.0,-0.002238758841158761,2022-06
8,2547,2022-11-16,2021—2023,1,2437,2022-06-07,2022-06-08,2022-06-15,0.008262279813611384,0.008262279813611384,0.0,2022-06
8,2547,2022-11-16,2021—2023,1,2438,2022-06-08,2022-06-09,2022-06-16,0.016485064741875943,0.016485064741875943,0.0,2022-06
8,2547,2022-11-16,2021—2023,1,2439,2022-06-09,2022-06-10,2022-06-17,0.016477558832374672,0.016477558832374672,0.0,2022-06
8,2547,2022-11-16,2021—2023,1,2440,2022-06-10,2022-06-13,2022-06-20,0.0255137802530232,0.0255137802530232,0.0,2022-06
8,2547,2022-11-16,2021—2023,1,2441,2022-06-13,2022-06-14,2022-06-21,0.039216255943665734,0.039216255943665734,0.0,2022-06
8,2547,2022-11-16,2021—2023,1,2442,2022-06-14,2022-06-15,2022-06-22,0.022070171459495525,0.022070171459495525,0.0,2022-06
8,2547,2022-11-16,2021—2023,1,2443,2022-06-15,2022-06-16,2022-06-23,-0.004747252853448569,0.0,-0.004747252853448569,2022-06
8,2547,2022-11-16,2021—2023,1,2444,2022-06-16,2022-06-17,2022-06-24,0.028380922713344914,0.028380922713344914,0.0,2022-06
8,2547,2022-11-16,2021—2023,1,2445,2022-06-17,2022-06-20,2022-06-27,0.01947929315358743,0.01947929315358743,0.0,2022-06
8,2547,2022-11-16,2021—2023,1,2446,2022-06-20,2022-06-21,2022-06-28,0.024025172539679618,0.024025172539679618,0.0,2022-06
8,2547,2022-11-16,2021—2023,1,2447,2022-06-21,2022-06-22,2022-06-29,0.03323522144651925,0.03323522144651925,0.0,2022-06
8,2547,2022-11-16,2021—2023,1,2448,2022-06-22,2022-06-23,2022-06-30,0.034786364783695456,0.034786364783695456,0.0,2022-06
8,2547,2022-11-16,2021—2023,1,2449,2022-06-23,2022-06-24,2022-07-01,0.029997590005093944,0.029997590005093944,0.0,2022-06
8,2547,2022-11-16,2021—2023,1,2450,2022-06-24,2022-06-27,2022-07-04,0.007988955973767586,0.007988955973767586,0.0,2022-06
8,2547,2022-11-16,2021—2023,1,2451,2022-06-27,2022-06-28,2022-07-05,0.0117322835703344,0.0117322835703344,0.0,2022-06
8,2547,2022-11-16,2021—2023,1,2452,2022-06-28,2022-06-29,2022-07-06,-0.0025748528037153884,0.0,-0.0025748528037153884,2022-06
8,2547,2022-11-16,2021—2023,1,2453,2022-06-29,2022-06-30,2022-07-07,-0.0050573177322476015,0.0,-0.0050573177322476015,2022-06
8,2547,2022-11-16,2021—2023,1,2476,2022-08-01,2022-08-02,2022-08-09,-0.005066727757295664,0.0,-0.005066727757295664,2022-08
8,2547,2022-11-16,2021—2023,1,2477,2022-08-02,2022-08-03,2022-08-10,0.0020654103949819813,0.0020654103949819813,0.0,2022-08
8,2547,2022-11-16,2021—2023,1,2478,2022-08-03,2022-08-04,2022-08-11,0.007398391994553499,0.007398391994553499,0.0,2022-08
8,2547,2022-11-16,2021—2023,1,2479,2022-08-04,2022-08-05,2022-08-12,0.019851900624033192,0.019851900624033192,0.0,2022-08
8,2547,2022-11-16,2021—2023,1,2480,2022-08-05,2022-08-08,2022-08-15,0.0065648490960248385,0.0065648490960248385,0.0,2022-08
8,2547,2022-11-16,2021—2023,1,2481,2022-08-08,2022-08-09,2022-08-16,0.00822566148249515,0.00822566148249515,0.0,2022-08
8,2547,2022-11-16,2021—2023,1,2482,2022-08-09,2022-08-10,2022-08-17,0.0049005356260158894,0.0049005356260158894,0.0,2022-08
8,2547,2022-11-16,2021—2023,1,2483,2022-08-10,2022-08-11,2022-08-18,0.017571481436079006,0.017571481436079006,0.0,2022-08
8,2547,2022-11-16,2021—2023,1,2484,2022-08-11,2022-08-12,2022-08-19,-0.007137102875551471,0.0,-0.007137102875551471,2022-08
8,2547,2022-11-16,2021—2023,1,2485,2022-08-12,2022-08-15,2022-08-22,-0.01303382579155754,0.0,-0.01303382579155754,2022-08
8,2547,2022-11-16,2021—2023,1,2486,2022-08-15,2022-08-16,2022-08-23,-0.007140081687653788,0.0,-0.007140081687653788,2022-08
8,2547,2022-11-16,2021—2023,1,2487,2022-08-16,2022-08-17,2022-08-24,-0.0036269387552688714,0.0,-0.0036269387552688714,2022-08
8,2547,2022-11-16,2021—2023,1,2488,2022-08-17,2022-08-18,2022-08-25,-0.030483525887890384,0.0,-0.030483525887890384,2022-08
8,2547,2022-11-16,2021—2023,1,2489,2022-08-18,2022-08-19,2022-08-26,-0.016353270012749554,0.0,-0.016353270012749554,2022-08
8,2547,2022-11-16,2021—2023,1,2490,2022-08-19,2022-08-22,2022-08-29,-0.01719559500813228,0.0,-0.01719559500813228,2022-08
8,2547,2022-11-16,2021—2023,1,2491,2022-08-22,2022-08-23,2022-08-30,-0.021783358388593688,0.0,-0.021783358388593688,2022-08
8,2547,2022-11-16,2021—2023,1,2492,2022-08-23,2022-08-24,2022-08-31,-0.02908560567280516,0.0,-0.02908560567280516,2022-08
8,2547,2022-11-16,2021—2023,1,2493,2022-08-24,2022-08-25,2022-09-01,-0.008729841396774574,0.0,-0.008729841396774574,2022-08
8,2547,2022-11-16,2021—2023,1,2494,2022-08-25,2022-08-26,2022-09-02,-0.019666034159949497,0.0,-0.019666034159949497,2022-08
8,2547,2022-11-16,2021—2023,1,2495,2022-08-26,2022-08-29,2022-09-05,-0.01911594262439742,0.0,-0.01911594262439742,2022-08
8,2547,2022-11-16,2021—2023,1,2496,2022-08-29,2022-08-30,2022-09-06,-0.017376939582426254,0.0,-0.017376939582426254,2022-08
8,2547,2022-11-16,2021—2023,1,2497,2022-08-30,2022-08-31,2022-09-07,-0.009753521696189482,0.0,-0.009753521696189482,2022-08
8,2547,2022-11-16,2021—2023,1,2535,2022-10-31,2022-11-01,2022-11-08,0.06629624550291346,0.06629624550291346,0.0,2022-10
8,2547,2022-11-16,2021—2023,1,2536,2022-11-01,2022-11-02,2022-11-09,0.031161728856844206,0.031161728856844206,0.0,2022-11
8,2547,2022-11-16,2021—2023,1,2537,2022-11-02,2022-11-03,2022-11-10,0.005913571147730279,0.005913571147730279,0.0,2022-11
8,2547,2022-11-16,2021—2023,1,2538,2022-11-03,2022-11-04,2022-11-11,0.03395277100807026,0.03395277100807026,0.0,2022-11
8,2547,2022-11-16,2021—2023,1,2539,2022-11-04,2022-11-07,2022-11-14,0.020158900257411405,0.020158900257411405,0.0,2022-11
8,2547,2022-11-16,2021—2023,1,2540,2022-11-07,2022-11-08,2022-11-15,-0.000799680127948732,0.0,-0.000799680127948732,2022-11
8,2547,2022-11-16,2021—2023,1,2541,2022-11-08,2022-11-09,2022-11-16,0.02512976460791827,0.02512976460791827,0.0,2022-11
8,2553,2022-11-24,2021—2023,1,2415,2022-05-05,2022-05-06,2022-05-13,0.01318759846532247,0.01318759846532247,0.0,2022-05
8,2553,2022-11-24,2021—2023,1,2416,2022-05-06,2022-05-09,2022-05-16,0.02854314224851029,0.02854314224851029,0.0,2022-05
8,2553,2022-11-24,2021—2023,1,2417,2022-05-09,2022-05-10,2022-05-17,0.030189331616845116,0.030189331616845116,0.0,2022-05
8,2553,2022-11-24,2021—2023,1,2418,2022-05-10,2022-05-11,2022-05-18,0.0219268285530152,0.0219268285530152,0.0,2022-05
8,2553,2022-11-24,2021—2023,1,2419,2022-05-11,2022-05-12,2022-05-19,-0.0048378728831781626,0.0,-0.0048378728831781626,2022-05
8,2553,2022-11-24,2021—2023,1,2420,2022-05-12,2022-05-13,2022-05-20,0.004957235542656813,0.004957235542656813,0.0,2022-05
8,2553,2022-11-24,2021—2023,1,2421,2022-05-13,2022-05-16,2022-05-23,0.01666885693275133,0.01666885693275133,0.0,2022-05
8,2553,2022-11-24,2021—2023,1,2422,2022-05-16,2022-05-17,2022-05-24,0.018609609637477265,0.018609609637477265,0.0,2022-05
8,2553,2022-11-24,2021—2023,1,2423,2022-05-17,2022-05-18,2022-05-25,-0.014746643715395136,0.0,-0.014746643715395136,2022-05
8,2553,2022-11-24,2021—2023,1,2424,2022-05-18,2022-05-19,2022-05-26,0.006281466153098547,0.006281466153098547,0.0,2022-05
8,2553,2022-11-24,2021—2023,1,2425,2022-05-19,2022-05-20,2022-05-27,-0.002785668341359071,0.0,-0.002785668341359071,2022-05
8,2553,2022-11-24,2021—2023,1,2426,2022-05-20,2022-05-23,2022-05-30,-0.017681370155169907,0.0,-0.017681370155169907,2022-05
8,2553,2022-11-24,2021—2023,1,2427,2022-05-23,2022-05-24,2022-05-31,-0.008445992128944702,0.0,-0.008445992128944702,2022-05
8,2553,2022-11-24,2021—2023,1,2428,2022-05-24,2022-05-25,2022-06-01,0.029448563662324956,0.029448563662324956,0.0,2022-05
8,2553,2022-11-24,2021—2023,1,2429,2022-05-25,2022-05-26,2022-06-02,0.0177457985955356,0.0177457985955356,0.0,2022-05
8,2553,2022-11-24,2021—2023,1,2430,2022-05-26,2022-05-27,2022-06-06,0.014087833950105155,0.014087833950105155,0.0,2022-05
8,2553,2022-11-24,2021—2023,1,2431,2022-05-27,2022-05-30,2022-06-07,0.0317208768666446,0.0317208768666446,0.0,2022-05
8,2553,2022-11-24,2021—2023,1,2432,2022-05-30,2022-05-31,2022-06-08,0.03639139877547737,0.03639139877547737,0.0,2022-05
8,2553,2022-11-24,2021—2023,1,2433,2022-05-31,2022-06-01,2022-06-09,0.027511809150301936,0.027511809150301936,0.0,2022-05
8,2553,2022-11-24,2021—2023,1,2434,2022-06-01,2022-06-02,2022-06-10,0.019572126934045864,0.019572126934045864,0.0,2022-06
8,2553,2022-11-24,2021—2023,1,2435,2022-06-02,2022-06-06,2022-06-13,0.02553999147229069,0.02553999147229069,0.0,2022-06
8,2553,2022-11-24,2021—2023,1,2436,2022-06-06,2022-06-07,2022-06-14,-0.002238758841158761,0.0,-0.002238758841158761,2022-06
8,2553,2022-11-24,2021—2023,1,2437,2022-06-07,2022-06-08,2022-06-15,0.008262279813611384,0.008262279813611384,0.0,2022-06
8,2553,2022-11-24,2021—2023,1,2438,2022-06-08,2022-06-09,2022-06-16,0.016485064741875943,0.016485064741875943,0.0,2022-06
8,2553,2022-11-24,2021—2023,1,2439,2022-06-09,2022-06-10,2022-06-17,0.016477558832374672,0.016477558832374672,0.0,2022-06
8,2553,2022-11-24,2021—2023,1,2440,2022-06-10,2022-06-13,2022-06-20,0.0255137802530232,0.0255137802530232,0.0,2022-06
8,2553,2022-11-24,2021—2023,1,2441,2022-06-13,2022-06-14,2022-06-21,0.039216255943665734,0.039216255943665734,0.0,2022-06
8,2553,2022-11-24,2021—2023,1,2442,2022-06-14,2022-06-15,2022-06-22,0.022070171459495525,0.022070171459495525,0.0,2022-06
8,2553,2022-11-24,2021—2023,1,2443,2022-06-15,2022-06-16,2022-06-23,-0.004747252853448569,0.0,-0.004747252853448569,2022-06
8,2553,2022-11-24,2021—2023,1,2444,2022-06-16,2022-06-17,2022-06-24,0.028380922713344914,0.028380922713344914,0.0,2022-06
8,2553,2022-11-24,2021—2023,1,2445,2022-06-17,2022-06-20,2022-06-27,0.01947929315358743,0.01947929315358743,0.0,2022-06
8,2553,2022-11-24,2021—2023,1,2446,2022-06-20,2022-06-21,2022-06-28,0.024025172539679618,0.024025172539679618,0.0,2022-06
8,2553,2022-11-24,2021—2023,1,2447,2022-06-21,2022-06-22,2022-06-29,0.03323522144651925,0.03323522144651925,0.0,2022-06
8,2553,2022-11-24,2021—2023,1,2448,2022-06-22,2022-06-23,2022-06-30,0.034786364783695456,0.034786364783695456,0.0,2022-06
8,2553,2022-11-24,2021—2023,1,2449,2022-06-23,2022-06-24,2022-07-01,0.029997590005093944,0.029997590005093944,0.0,2022-06
8,2553,2022-11-24,2021—2023,1,2450,2022-06-24,2022-06-27,2022-07-04,0.007988955973767586,0.007988955973767586,0.0,2022-06
8,2553,2022-11-24,2021—2023,1,2451,2022-06-27,2022-06-28,2022-07-05,0.0117322835703344,0.0117322835703344,0.0,2022-06
8,2553,2022-11-24,2021—2023,1,2452,2022-06-28,2022-06-29,2022-07-06,-0.0025748528037153884,0.0,-0.0025748528037153884,2022-06
8,2553,2022-11-24,2021—2023,1,2453,2022-06-29,2022-06-30,2022-07-07,-0.0050573177322476015,0.0,-0.0050573177322476015,2022-06
8,2553,2022-11-24,2021—2023,1,2476,2022-08-01,2022-08-02,2022-08-09,-0.005066727757295664,0.0,-0.005066727757295664,2022-08
8,2553,2022-11-24,2021—2023,1,2477,2022-08-02,2022-08-03,2022-08-10,0.0020654103949819813,0.0020654103949819813,0.0,2022-08
8,2553,2022-11-24,2021—2023,1,2478,2022-08-03,2022-08-04,2022-08-11,0.007398391994553499,0.007398391994553499,0.0,2022-08
8,2553,2022-11-24,2021—2023,1,2479,2022-08-04,2022-08-05,2022-08-12,0.019851900624033192,0.019851900624033192,0.0,2022-08
8,2553,2022-11-24,2021—2023,1,2480,2022-08-05,2022-08-08,2022-08-15,0.0065648490960248385,0.0065648490960248385,0.0,2022-08
8,2553,2022-11-24,2021—2023,1,2481,2022-08-08,2022-08-09,2022-08-16,0.00822566148249515,0.00822566148249515,0.0,2022-08
8,2553,2022-11-24,2021—2023,1,2482,2022-08-09,2022-08-10,2022-08-17,0.0049005356260158894,0.0049005356260158894,0.0,2022-08
8,2553,2022-11-24,2021—2023,1,2483,2022-08-10,2022-08-11,2022-08-18,0.017571481436079006,0.017571481436079006,0.0,2022-08
8,2553,2022-11-24,2021—2023,1,2484,2022-08-11,2022-08-12,2022-08-19,-0.007137102875551471,0.0,-0.007137102875551471,2022-08
8,2553,2022-11-24,2021—2023,1,2485,2022-08-12,2022-08-15,2022-08-22,-0.01303382579155754,0.0,-0.01303382579155754,2022-08
8,2553,2022-11-24,2021—2023,1,2486,2022-08-15,2022-08-16,2022-08-23,-0.007140081687653788,0.0,-0.007140081687653788,2022-08
8,2553,2022-11-24,2021—2023,1,2487,2022-08-16,2022-08-17,2022-08-24,-0.0036269387552688714,0.0,-0.0036269387552688714,2022-08
8,2553,2022-11-24,2021—2023,1,2488,2022-08-17,2022-08-18,2022-08-25,-0.030483525887890384,0.0,-0.030483525887890384,2022-08
8,2553,2022-11-24,2021—2023,1,2489,2022-08-18,2022-08-19,2022-08-26,-0.016353270012749554,0.0,-0.016353270012749554,2022-08
8,2553,2022-11-24,2021—2023,1,2490,2022-08-19,2022-08-22,2022-08-29,-0.01719559500813228,0.0,-0.01719559500813228,2022-08
8,2553,2022-11-24,2021—2023,1,2491,2022-08-22,2022-08-23,2022-08-30,-0.021783358388593688,0.0,-0.021783358388593688,2022-08
8,2553,2022-11-24,2021—2023,1,2492,2022-08-23,2022-08-24,2022-08-31,-0.02908560567280516,0.0,-0.02908560567280516,2022-08
8,2553,2022-11-24,2021—2023,1,2493,2022-08-24,2022-08-25,2022-09-01,-0.008729841396774574,0.0,-0.008729841396774574,2022-08
8,2553,2022-11-24,2021—2023,1,2494,2022-08-25,2022-08-26,2022-09-02,-0.019666034159949497,0.0,-0.019666034159949497,2022-08
8,2553,2022-11-24,2021—2023,1,2495,2022-08-26,2022-08-29,2022-09-05,-0.01911594262439742,0.0,-0.01911594262439742,2022-08
8,2553,2022-11-24,2021—2023,1,2496,2022-08-29,2022-08-30,2022-09-06,-0.017376939582426254,0.0,-0.017376939582426254,2022-08
8,2553,2022-11-24,2021—2023,1,2497,2022-08-30,2022-08-31,2022-09-07,-0.009753521696189482,0.0,-0.009753521696189482,2022-08
8,2553,2022-11-24,2021—2023,1,2535,2022-10-31,2022-11-01,2022-11-08,0.06629624550291346,0.06629624550291346,0.0,2022-10
8,2553,2022-11-24,2021—2023,1,2536,2022-11-01,2022-11-02,2022-11-09,0.031161728856844206,0.031161728856844206,0.0,2022-11
8,2553,2022-11-24,2021—2023,1,2537,2022-11-02,2022-11-03,2022-11-10,0.005913571147730279,0.005913571147730279,0.0,2022-11
8,2553,2022-11-24,2021—2023,1,2538,2022-11-03,2022-11-04,2022-11-11,0.03395277100807026,0.03395277100807026,0.0,2022-11
8,2553,2022-11-24,2021—2023,1,2539,2022-11-04,2022-11-07,2022-11-14,0.020158900257411405,0.020158900257411405,0.0,2022-11
8,2553,2022-11-24,2021—2023,1,2540,2022-11-07,2022-11-08,2022-11-15,-0.000799680127948732,0.0,-0.000799680127948732,2022-11
8,2553,2022-11-24,2021—2023,1,2541,2022-11-08,2022-11-09,2022-11-16,0.02512976460791827,0.02512976460791827,0.0,2022-11
8,2553,2022-11-24,2021—2023,1,2542,2022-11-09,2022-11-10,2022-11-17,0.03327001644733674,0.03327001644733674,0.0,2022-11
8,2553,2022-11-24,2021—2023,1,2543,2022-11-10,2022-11-11,2022-11-18,0.007513999080555056,0.007513999080555056,0.0,2022-11
8,2553,2022-11-24,2021—2023,1,2544,2022-11-11,2022-11-14,2022-11-21,-0.018468778557259924,0.0,-0.018468778557259924,2022-11
8,2553,2022-11-24,2021—2023,1,2545,2022-11-14,2022-11-15,2022-11-22,-0.006775137059060965,0.0,-0.006775137059060965,2022-11
8,2553,2022-11-24,2021—2023,1,2546,2022-11-15,2022-11-16,2022-11-23,-0.02780509417854493,0.0,-0.02780509417854493,2022-11
8,2553,2022-11-24,2021—2023,1,2547,2022-11-16,2022-11-17,2022-11-24,-0.012101688887426909,0.0,-0.012101688887426909,2022-11
8,2559,2022-12-02,2021—2023,1,2415,2022-05-05,2022-05-06,2022-05-13,0.01318759846532247,0.01318759846532247,0.0,2022-05
8,2559,2022-12-02,2021—2023,1,2416,2022-05-06,2022-05-09,2022-05-16,0.02854314224851029,0.02854314224851029,0.0,2022-05
8,2559,2022-12-02,2021—2023,1,2417,2022-05-09,2022-05-10,2022-05-17,0.030189331616845116,0.030189331616845116,0.0,2022-05
8,2559,2022-12-02,2021—2023,1,2418,2022-05-10,2022-05-11,2022-05-18,0.0219268285530152,0.0219268285530152,0.0,2022-05
8,2559,2022-12-02,2021—2023,1,2419,2022-05-11,2022-05-12,2022-05-19,-0.0048378728831781626,0.0,-0.0048378728831781626,2022-05
8,2559,2022-12-02,2021—2023,1,2420,2022-05-12,2022-05-13,2022-05-20,0.004957235542656813,0.004957235542656813,0.0,2022-05
8,2559,2022-12-02,2021—2023,1,2421,2022-05-13,2022-05-16,2022-05-23,0.01666885693275133,0.01666885693275133,0.0,2022-05
8,2559,2022-12-02,2021—2023,1,2422,2022-05-16,2022-05-17,2022-05-24,0.018609609637477265,0.018609609637477265,0.0,2022-05
8,2559,2022-12-02,2021—2023,1,2423,2022-05-17,2022-05-18,2022-05-25,-0.014746643715395136,0.0,-0.014746643715395136,2022-05
8,2559,2022-12-02,2021—2023,1,2424,2022-05-18,2022-05-19,2022-05-26,0.006281466153098547,0.006281466153098547,0.0,2022-05
8,2559,2022-12-02,2021—2023,1,2425,2022-05-19,2022-05-20,2022-05-27,-0.002785668341359071,0.0,-0.002785668341359071,2022-05
8,2559,2022-12-02,2021—2023,1,2426,2022-05-20,2022-05-23,2022-05-30,-0.017681370155169907,0.0,-0.017681370155169907,2022-05
8,2559,2022-12-02,2021—2023,1,2427,2022-05-23,2022-05-24,2022-05-31,-0.008445992128944702,0.0,-0.008445992128944702,2022-05
8,2559,2022-12-02,2021—2023,1,2428,2022-05-24,2022-05-25,2022-06-01,0.029448563662324956,0.029448563662324956,0.0,2022-05
8,2559,2022-12-02,2021—2023,1,2429,2022-05-25,2022-05-26,2022-06-02,0.0177457985955356,0.0177457985955356,0.0,2022-05
8,2559,2022-12-02,2021—2023,1,2430,2022-05-26,2022-05-27,2022-06-06,0.014087833950105155,0.014087833950105155,0.0,2022-05
8,2559,2022-12-02,2021—2023,1,2431,2022-05-27,2022-05-30,2022-06-07,0.0317208768666446,0.0317208768666446,0.0,2022-05
8,2559,2022-12-02,2021—2023,1,2432,2022-05-30,2022-05-31,2022-06-08,0.03639139877547737,0.03639139877547737,0.0,2022-05
8,2559,2022-12-02,2021—2023,1,2433,2022-05-31,2022-06-01,2022-06-09,0.027511809150301936,0.027511809150301936,0.0,2022-05
8,2559,2022-12-02,2021—2023,1,2434,2022-06-01,2022-06-02,2022-06-10,0.019572126934045864,0.019572126934045864,0.0,2022-06
8,2559,2022-12-02,2021—2023,1,2435,2022-06-02,2022-06-06,2022-06-13,0.02553999147229069,0.02553999147229069,0.0,2022-06
8,2559,2022-12-02,2021—2023,1,2436,2022-06-06,2022-06-07,2022-06-14,-0.002238758841158761,0.0,-0.002238758841158761,2022-06
8,2559,2022-12-02,2021—2023,1,2437,2022-06-07,2022-06-08,2022-06-15,0.008262279813611384,0.008262279813611384,0.0,2022-06
8,2559,2022-12-02,2021—2023,1,2438,2022-06-08,2022-06-09,2022-06-16,0.016485064741875943,0.016485064741875943,0.0,2022-06
8,2559,2022-12-02,2021—2023,1,2439,2022-06-09,2022-06-10,2022-06-17,0.016477558832374672,0.016477558832374672,0.0,2022-06
8,2559,2022-12-02,2021—2023,1,2440,2022-06-10,2022-06-13,2022-06-20,0.0255137802530232,0.0255137802530232,0.0,2022-06
8,2559,2022-12-02,2021—2023,1,2441,2022-06-13,2022-06-14,2022-06-21,0.039216255943665734,0.039216255943665734,0.0,2022-06
8,2559,2022-12-02,2021—2023,1,2442,2022-06-14,2022-06-15,2022-06-22,0.022070171459495525,0.022070171459495525,0.0,2022-06
8,2559,2022-12-02,2021—2023,1,2443,2022-06-15,2022-06-16,2022-06-23,-0.004747252853448569,0.0,-0.004747252853448569,2022-06
8,2559,2022-12-02,2021—2023,1,2444,2022-06-16,2022-06-17,2022-06-24,0.028380922713344914,0.028380922713344914,0.0,2022-06
8,2559,2022-12-02,2021—2023,1,2445,2022-06-17,2022-06-20,2022-06-27,0.01947929315358743,0.01947929315358743,0.0,2022-06
8,2559,2022-12-02,2021—2023,1,2446,2022-06-20,2022-06-21,2022-06-28,0.024025172539679618,0.024025172539679618,0.0,2022-06
8,2559,2022-12-02,2021—2023,1,2447,2022-06-21,2022-06-22,2022-06-29,0.03323522144651925,0.03323522144651925,0.0,2022-06
8,2559,2022-12-02,2021—2023,1,2448,2022-06-22,2022-06-23,2022-06-30,0.034786364783695456,0.034786364783695456,0.0,2022-06
8,2559,2022-12-02,2021—2023,1,2449,2022-06-23,2022-06-24,2022-07-01,0.029997590005093944,0.029997590005093944,0.0,2022-06
8,2559,2022-12-02,2021—2023,1,2450,2022-06-24,2022-06-27,2022-07-04,0.007988955973767586,0.007988955973767586,0.0,2022-06
8,2559,2022-12-02,2021—2023,1,2451,2022-06-27,2022-06-28,2022-07-05,0.0117322835703344,0.0117322835703344,0.0,2022-06
8,2559,2022-12-02,2021—2023,1,2452,2022-06-28,2022-06-29,2022-07-06,-0.0025748528037153884,0.0,-0.0025748528037153884,2022-06
8,2559,2022-12-02,2021—2023,1,2453,2022-06-29,2022-06-30,2022-07-07,-0.0050573177322476015,0.0,-0.0050573177322476015,2022-06
8,2559,2022-12-02,2021—2023,1,2476,2022-08-01,2022-08-02,2022-08-09,-0.005066727757295664,0.0,-0.005066727757295664,2022-08
8,2559,2022-12-02,2021—2023,1,2477,2022-08-02,2022-08-03,2022-08-10,0.0020654103949819813,0.0020654103949819813,0.0,2022-08
8,2559,2022-12-02,2021—2023,1,2478,2022-08-03,2022-08-04,2022-08-11,0.007398391994553499,0.007398391994553499,0.0,2022-08
8,2559,2022-12-02,2021—2023,1,2479,2022-08-04,2022-08-05,2022-08-12,0.019851900624033192,0.019851900624033192,0.0,2022-08
8,2559,2022-12-02,2021—2023,1,2480,2022-08-05,2022-08-08,2022-08-15,0.0065648490960248385,0.0065648490960248385,0.0,2022-08
8,2559,2022-12-02,2021—2023,1,2481,2022-08-08,2022-08-09,2022-08-16,0.00822566148249515,0.00822566148249515,0.0,2022-08
8,2559,2022-12-02,2021—2023,1,2482,2022-08-09,2022-08-10,2022-08-17,0.0049005356260158894,0.0049005356260158894,0.0,2022-08
8,2559,2022-12-02,2021—2023,1,2483,2022-08-10,2022-08-11,2022-08-18,0.017571481436079006,0.017571481436079006,0.0,2022-08
8,2559,2022-12-02,2021—2023,1,2484,2022-08-11,2022-08-12,2022-08-19,-0.007137102875551471,0.0,-0.007137102875551471,2022-08
8,2559,2022-12-02,2021—2023,1,2485,2022-08-12,2022-08-15,2022-08-22,-0.01303382579155754,0.0,-0.01303382579155754,2022-08
8,2559,2022-12-02,2021—2023,1,2486,2022-08-15,2022-08-16,2022-08-23,-0.007140081687653788,0.0,-0.007140081687653788,2022-08
8,2559,2022-12-02,2021—2023,1,2487,2022-08-16,2022-08-17,2022-08-24,-0.0036269387552688714,0.0,-0.0036269387552688714,2022-08
8,2559,2022-12-02,2021—2023,1,2488,2022-08-17,2022-08-18,2022-08-25,-0.030483525887890384,0.0,-0.030483525887890384,2022-08
8,2559,2022-12-02,2021—2023,1,2489,2022-08-18,2022-08-19,2022-08-26,-0.016353270012749554,0.0,-0.016353270012749554,2022-08
8,2559,2022-12-02,2021—2023,1,2490,2022-08-19,2022-08-22,2022-08-29,-0.01719559500813228,0.0,-0.01719559500813228,2022-08
8,2559,2022-12-02,2021—2023,1,2491,2022-08-22,2022-08-23,2022-08-30,-0.021783358388593688,0.0,-0.021783358388593688,2022-08
8,2559,2022-12-02,2021—2023,1,2492,2022-08-23,2022-08-24,2022-08-31,-0.02908560567280516,0.0,-0.02908560567280516,2022-08
8,2559,2022-12-02,2021—2023,1,2493,2022-08-24,2022-08-25,2022-09-01,-0.008729841396774574,0.0,-0.008729841396774574,2022-08
8,2559,2022-12-02,2021—2023,1,2494,2022-08-25,2022-08-26,2022-09-02,-0.019666034159949497,0.0,-0.019666034159949497,2022-08
8,2559,2022-12-02,2021—2023,1,2495,2022-08-26,2022-08-29,2022-09-05,-0.01911594262439742,0.0,-0.01911594262439742,2022-08
8,2559,2022-12-02,2021—2023,1,2496,2022-08-29,2022-08-30,2022-09-06,-0.017376939582426254,0.0,-0.017376939582426254,2022-08
8,2559,2022-12-02,2021—2023,1,2497,2022-08-30,2022-08-31,2022-09-07,-0.009753521696189482,0.0,-0.009753521696189482,2022-08
8,2559,2022-12-02,2021—2023,1,2535,2022-10-31,2022-11-01,2022-11-08,0.06629624550291346,0.06629624550291346,0.0,2022-10
8,2559,2022-12-02,2021—2023,1,2536,2022-11-01,2022-11-02,2022-11-09,0.031161728856844206,0.031161728856844206,0.0,2022-11
8,2559,2022-12-02,2021—2023,1,2537,2022-11-02,2022-11-03,2022-11-10,0.005913571147730279,0.005913571147730279,0.0,2022-11
8,2559,2022-12-02,2021—2023,1,2538,2022-11-03,2022-11-04,2022-11-11,0.03395277100807026,0.03395277100807026,0.0,2022-11
8,2559,2022-12-02,2021—2023,1,2539,2022-11-04,2022-11-07,2022-11-14,0.020158900257411405,0.020158900257411405,0.0,2022-11
8,2559,2022-12-02,2021—2023,1,2540,2022-11-07,2022-11-08,2022-11-15,-0.000799680127948732,0.0,-0.000799680127948732,2022-11
8,2559,2022-12-02,2021—2023,1,2541,2022-11-08,2022-11-09,2022-11-16,0.02512976460791827,0.02512976460791827,0.0,2022-11
8,2559,2022-12-02,2021—2023,1,2542,2022-11-09,2022-11-10,2022-11-17,0.03327001644733674,0.03327001644733674,0.0,2022-11
8,2559,2022-12-02,2021—2023,1,2543,2022-11-10,2022-11-11,2022-11-18,0.007513999080555056,0.007513999080555056,0.0,2022-11
8,2559,2022-12-02,2021—2023,1,2544,2022-11-11,2022-11-14,2022-11-21,-0.018468778557259924,0.0,-0.018468778557259924,2022-11
8,2559,2022-12-02,2021—2023,1,2545,2022-11-14,2022-11-15,2022-11-22,-0.006775137059060965,0.0,-0.006775137059060965,2022-11
8,2559,2022-12-02,2021—2023,1,2546,2022-11-15,2022-11-16,2022-11-23,-0.02780509417854493,0.0,-0.02780509417854493,2022-11
8,2559,2022-12-02,2021—2023,1,2547,2022-11-16,2022-11-17,2022-11-24,-0.012101688887426909,0.0,-0.012101688887426909,2022-11
8,2559,2022-12-02,2021—2023,1,2548,2022-11-17,2022-11-18,2022-11-25,-0.01905578478850367,0.0,-0.01905578478850367,2022-11
8,2559,2022-12-02,2021—2023,1,2549,2022-11-18,2022-11-21,2022-11-28,-0.019789949159622844,0.0,-0.019789949159622844,2022-11
8,2559,2022-12-02,2021—2023,1,2550,2022-11-21,2022-11-22,2022-11-29,-0.006276894097490215,0.0,-0.006276894097490215,2022-11
8,2559,2022-12-02,2021—2023,1,2551,2022-11-22,2022-11-23,2022-11-30,0.017491120706528918,0.017491120706528918,0.0,2022-11
8,2559,2022-12-02,2021—2023,1,2552,2022-11-23,2022-11-24,2022-12-01,0.030830428596594572,0.030830428596594572,0.0,2022-11
8,2559,2022-12-02,2021—2023,1,2553,2022-11-24,2022-11-25,2022-12-02,0.03265510431976826,0.03265510431976826,0.0,2022-11
8,2565,2022-12-12,2021—2023,1,2415,2022-05-05,2022-05-06,2022-05-13,0.01318759846532247,0.01318759846532247,0.0,2022-05
8,2565,2022-12-12,2021—2023,1,2416,2022-05-06,2022-05-09,2022-05-16,0.02854314224851029,0.02854314224851029,0.0,2022-05
8,2565,2022-12-12,2021—2023,1,2417,2022-05-09,2022-05-10,2022-05-17,0.030189331616845116,0.030189331616845116,0.0,2022-05
8,2565,2022-12-12,2021—2023,1,2418,2022-05-10,2022-05-11,2022-05-18,0.0219268285530152,0.0219268285530152,0.0,2022-05
8,2565,2022-12-12,2021—2023,1,2419,2022-05-11,2022-05-12,2022-05-19,-0.0048378728831781626,0.0,-0.0048378728831781626,2022-05
8,2565,2022-12-12,2021—2023,1,2420,2022-05-12,2022-05-13,2022-05-20,0.004957235542656813,0.004957235542656813,0.0,2022-05
8,2565,2022-12-12,2021—2023,1,2421,2022-05-13,2022-05-16,2022-05-23,0.01666885693275133,0.01666885693275133,0.0,2022-05
8,2565,2022-12-12,2021—2023,1,2422,2022-05-16,2022-05-17,2022-05-24,0.018609609637477265,0.018609609637477265,0.0,2022-05
8,2565,2022-12-12,2021—2023,1,2423,2022-05-17,2022-05-18,2022-05-25,-0.014746643715395136,0.0,-0.014746643715395136,2022-05
8,2565,2022-12-12,2021—2023,1,2424,2022-05-18,2022-05-19,2022-05-26,0.006281466153098547,0.006281466153098547,0.0,2022-05
8,2565,2022-12-12,2021—2023,1,2425,2022-05-19,2022-05-20,2022-05-27,-0.002785668341359071,0.0,-0.002785668341359071,2022-05
8,2565,2022-12-12,2021—2023,1,2426,2022-05-20,2022-05-23,2022-05-30,-0.017681370155169907,0.0,-0.017681370155169907,2022-05
8,2565,2022-12-12,2021—2023,1,2427,2022-05-23,2022-05-24,2022-05-31,-0.008445992128944702,0.0,-0.008445992128944702,2022-05
8,2565,2022-12-12,2021—2023,1,2428,2022-05-24,2022-05-25,2022-06-01,0.029448563662324956,0.029448563662324956,0.0,2022-05
8,2565,2022-12-12,2021—2023,1,2429,2022-05-25,2022-05-26,2022-06-02,0.0177457985955356,0.0177457985955356,0.0,2022-05
8,2565,2022-12-12,2021—2023,1,2430,2022-05-26,2022-05-27,2022-06-06,0.014087833950105155,0.014087833950105155,0.0,2022-05
8,2565,2022-12-12,2021—2023,1,2431,2022-05-27,2022-05-30,2022-06-07,0.0317208768666446,0.0317208768666446,0.0,2022-05
8,2565,2022-12-12,2021—2023,1,2432,2022-05-30,2022-05-31,2022-06-08,0.03639139877547737,0.03639139877547737,0.0,2022-05
8,2565,2022-12-12,2021—2023,1,2433,2022-05-31,2022-06-01,2022-06-09,0.027511809150301936,0.027511809150301936,0.0,2022-05
8,2565,2022-12-12,2021—2023,1,2434,2022-06-01,2022-06-02,2022-06-10,0.019572126934045864,0.019572126934045864,0.0,2022-06
8,2565,2022-12-12,2021—2023,1,2435,2022-06-02,2022-06-06,2022-06-13,0.02553999147229069,0.02553999147229069,0.0,2022-06
8,2565,2022-12-12,2021—2023,1,2436,2022-06-06,2022-06-07,2022-06-14,-0.002238758841158761,0.0,-0.002238758841158761,2022-06
8,2565,2022-12-12,2021—2023,1,2437,2022-06-07,2022-06-08,2022-06-15,0.008262279813611384,0.008262279813611384,0.0,2022-06
8,2565,2022-12-12,2021—2023,1,2438,2022-06-08,2022-06-09,2022-06-16,0.016485064741875943,0.016485064741875943,0.0,2022-06
8,2565,2022-12-12,2021—2023,1,2439,2022-06-09,2022-06-10,2022-06-17,0.016477558832374672,0.016477558832374672,0.0,2022-06
8,2565,2022-12-12,2021—2023,1,2440,2022-06-10,2022-06-13,2022-06-20,0.0255137802530232,0.0255137802530232,0.0,2022-06
8,2565,2022-12-12,2021—2023,1,2441,2022-06-13,2022-06-14,2022-06-21,0.039216255943665734,0.039216255943665734,0.0,2022-06
8,2565,2022-12-12,2021—2023,1,2442,2022-06-14,2022-06-15,2022-06-22,0.022070171459495525,0.022070171459495525,0.0,2022-06
8,2565,2022-12-12,2021—2023,1,2443,2022-06-15,2022-06-16,2022-06-23,-0.004747252853448569,0.0,-0.004747252853448569,2022-06
8,2565,2022-12-12,2021—2023,1,2444,2022-06-16,2022-06-17,2022-06-24,0.028380922713344914,0.028380922713344914,0.0,2022-06
8,2565,2022-12-12,2021—2023,1,2445,2022-06-17,2022-06-20,2022-06-27,0.01947929315358743,0.01947929315358743,0.0,2022-06
8,2565,2022-12-12,2021—2023,1,2446,2022-06-20,2022-06-21,2022-06-28,0.024025172539679618,0.024025172539679618,0.0,2022-06
8,2565,2022-12-12,2021—2023,1,2447,2022-06-21,2022-06-22,2022-06-29,0.03323522144651925,0.03323522144651925,0.0,2022-06
8,2565,2022-12-12,2021—2023,1,2448,2022-06-22,2022-06-23,2022-06-30,0.034786364783695456,0.034786364783695456,0.0,2022-06
8,2565,2022-12-12,2021—2023,1,2449,2022-06-23,2022-06-24,2022-07-01,0.029997590005093944,0.029997590005093944,0.0,2022-06
8,2565,2022-12-12,2021—2023,1,2450,2022-06-24,2022-06-27,2022-07-04,0.007988955973767586,0.007988955973767586,0.0,2022-06
8,2565,2022-12-12,2021—2023,1,2451,2022-06-27,2022-06-28,2022-07-05,0.0117322835703344,0.0117322835703344,0.0,2022-06
8,2565,2022-12-12,2021—2023,1,2452,2022-06-28,2022-06-29,2022-07-06,-0.0025748528037153884,0.0,-0.0025748528037153884,2022-06
8,2565,2022-12-12,2021—2023,1,2453,2022-06-29,2022-06-30,2022-07-07,-0.0050573177322476015,0.0,-0.0050573177322476015,2022-06
8,2565,2022-12-12,2021—2023,1,2535,2022-10-31,2022-11-01,2022-11-08,0.06629624550291346,0.06629624550291346,0.0,2022-10
8,2565,2022-12-12,2021—2023,1,2536,2022-11-01,2022-11-02,2022-11-09,0.031161728856844206,0.031161728856844206,0.0,2022-11
8,2565,2022-12-12,2021—2023,1,2537,2022-11-02,2022-11-03,2022-11-10,0.005913571147730279,0.005913571147730279,0.0,2022-11
8,2565,2022-12-12,2021—2023,1,2538,2022-11-03,2022-11-04,2022-11-11,0.03395277100807026,0.03395277100807026,0.0,2022-11
8,2565,2022-12-12,2021—2023,1,2539,2022-11-04,2022-11-07,2022-11-14,0.020158900257411405,0.020158900257411405,0.0,2022-11
8,2565,2022-12-12,2021—2023,1,2540,2022-11-07,2022-11-08,2022-11-15,-0.000799680127948732,0.0,-0.000799680127948732,2022-11
8,2565,2022-12-12,2021—2023,1,2541,2022-11-08,2022-11-09,2022-11-16,0.02512976460791827,0.02512976460791827,0.0,2022-11
8,2565,2022-12-12,2021—2023,1,2542,2022-11-09,2022-11-10,2022-11-17,0.03327001644733674,0.03327001644733674,0.0,2022-11
8,2565,2022-12-12,2021—2023,1,2543,2022-11-10,2022-11-11,2022-11-18,0.007513999080555056,0.007513999080555056,0.0,2022-11
8,2565,2022-12-12,2021—2023,1,2544,2022-11-11,2022-11-14,2022-11-21,-0.018468778557259924,0.0,-0.018468778557259924,2022-11
8,2565,2022-12-12,2021—2023,1,2545,2022-11-14,2022-11-15,2022-11-22,-0.006775137059060965,0.0,-0.006775137059060965,2022-11
8,2565,2022-12-12,2021—2023,1,2546,2022-11-15,2022-11-16,2022-11-23,-0.02780509417854493,0.0,-0.02780509417854493,2022-11
8,2565,2022-12-12,2021—2023,1,2547,2022-11-16,2022-11-17,2022-11-24,-0.012101688887426909,0.0,-0.012101688887426909,2022-11
8,2565,2022-12-12,2021—2023,1,2548,2022-11-17,2022-11-18,2022-11-25,-0.01905578478850367,0.0,-0.01905578478850367,2022-11
8,2565,2022-12-12,2021—2023,1,2549,2022-11-18,2022-11-21,2022-11-28,-0.019789949159622844,0.0,-0.019789949159622844,2022-11
8,2565,2022-12-12,2021—2023,1,2550,2022-11-21,2022-11-22,2022-11-29,-0.006276894097490215,0.0,-0.006276894097490215,2022-11
8,2565,2022-12-12,2021—2023,1,2551,2022-11-22,2022-11-23,2022-11-30,0.017491120706528918,0.017491120706528918,0.0,2022-11
8,2565,2022-12-12,2021—2023,1,2552,2022-11-23,2022-11-24,2022-12-01,0.030830428596594572,0.030830428596594572,0.0,2022-11
8,2565,2022-12-12,2021—2023,1,2553,2022-11-24,2022-11-25,2022-12-02,0.03265510431976826,0.03265510431976826,0.0,2022-11
8,2565,2022-12-12,2021—2023,1,2554,2022-11-25,2022-11-28,2022-12-05,0.05053635325530803,0.05053635325530803,0.0,2022-11
8,2565,2022-12-12,2021—2023,1,2555,2022-11-28,2022-11-29,2022-12-06,0.04369064317698812,0.04369064317698812,0.0,2022-11
8,2565,2022-12-12,2021—2023,1,2556,2022-11-29,2022-11-30,2022-12-07,0.028136669473676434,0.028136669473676434,0.0,2022-11
8,2565,2022-12-12,2021—2023,1,2557,2022-11-30,2022-12-01,2022-12-08,0.0057212054937061385,0.0057212054937061385,0.0,2022-11
8,2565,2022-12-12,2021—2023,1,2558,2022-12-01,2022-12-02,2022-12-09,0.014091155656959176,0.014091155656959176,0.0,2022-12
8,2565,2022-12-12,2021—2023,1,2559,2022-12-02,2022-12-05,2022-12-12,0.014773577748387723,0.014773577748387723,0.0,2022-12
8,2571,2022-12-20,2021—2023,1,2415,2022-05-05,2022-05-06,2022-05-13,0.01318759846532247,0.01318759846532247,0.0,2022-05
8,2571,2022-12-20,2021—2023,1,2416,2022-05-06,2022-05-09,2022-05-16,0.02854314224851029,0.02854314224851029,0.0,2022-05
8,2571,2022-12-20,2021—2023,1,2417,2022-05-09,2022-05-10,2022-05-17,0.030189331616845116,0.030189331616845116,0.0,2022-05
8,2571,2022-12-20,2021—2023,1,2418,2022-05-10,2022-05-11,2022-05-18,0.0219268285530152,0.0219268285530152,0.0,2022-05
8,2571,2022-12-20,2021—2023,1,2419,2022-05-11,2022-05-12,2022-05-19,-0.0048378728831781626,0.0,-0.0048378728831781626,2022-05
8,2571,2022-12-20,2021—2023,1,2420,2022-05-12,2022-05-13,2022-05-20,0.004957235542656813,0.004957235542656813,0.0,2022-05
8,2571,2022-12-20,2021—2023,1,2421,2022-05-13,2022-05-16,2022-05-23,0.01666885693275133,0.01666885693275133,0.0,2022-05
8,2571,2022-12-20,2021—2023,1,2422,2022-05-16,2022-05-17,2022-05-24,0.018609609637477265,0.018609609637477265,0.0,2022-05
8,2571,2022-12-20,2021—2023,1,2423,2022-05-17,2022-05-18,2022-05-25,-0.014746643715395136,0.0,-0.014746643715395136,2022-05
8,2571,2022-12-20,2021—2023,1,2424,2022-05-18,2022-05-19,2022-05-26,0.006281466153098547,0.006281466153098547,0.0,2022-05
8,2571,2022-12-20,2021—2023,1,2425,2022-05-19,2022-05-20,2022-05-27,-0.002785668341359071,0.0,-0.002785668341359071,2022-05
8,2571,2022-12-20,2021—2023,1,2426,2022-05-20,2022-05-23,2022-05-30,-0.017681370155169907,0.0,-0.017681370155169907,2022-05
8,2571,2022-12-20,2021—2023,1,2427,2022-05-23,2022-05-24,2022-05-31,-0.008445992128944702,0.0,-0.008445992128944702,2022-05
8,2571,2022-12-20,2021—2023,1,2428,2022-05-24,2022-05-25,2022-06-01,0.029448563662324956,0.029448563662324956,0.0,2022-05
8,2571,2022-12-20,2021—2023,1,2429,2022-05-25,2022-05-26,2022-06-02,0.0177457985955356,0.0177457985955356,0.0,2022-05
8,2571,2022-12-20,2021—2023,1,2430,2022-05-26,2022-05-27,2022-06-06,0.014087833950105155,0.014087833950105155,0.0,2022-05
8,2571,2022-12-20,2021—2023,1,2431,2022-05-27,2022-05-30,2022-06-07,0.0317208768666446,0.0317208768666446,0.0,2022-05
8,2571,2022-12-20,2021—2023,1,2432,2022-05-30,2022-05-31,2022-06-08,0.03639139877547737,0.03639139877547737,0.0,2022-05
8,2571,2022-12-20,2021—2023,1,2433,2022-05-31,2022-06-01,2022-06-09,0.027511809150301936,0.027511809150301936,0.0,2022-05
8,2571,2022-12-20,2021—2023,1,2434,2022-06-01,2022-06-02,2022-06-10,0.019572126934045864,0.019572126934045864,0.0,2022-06
8,2571,2022-12-20,2021—2023,1,2435,2022-06-02,2022-06-06,2022-06-13,0.02553999147229069,0.02553999147229069,0.0,2022-06
8,2571,2022-12-20,2021—2023,1,2436,2022-06-06,2022-06-07,2022-06-14,-0.002238758841158761,0.0,-0.002238758841158761,2022-06
8,2571,2022-12-20,2021—2023,1,2437,2022-06-07,2022-06-08,2022-06-15,0.008262279813611384,0.008262279813611384,0.0,2022-06
8,2571,2022-12-20,2021—2023,1,2438,2022-06-08,2022-06-09,2022-06-16,0.016485064741875943,0.016485064741875943,0.0,2022-06
8,2571,2022-12-20,2021—2023,1,2439,2022-06-09,2022-06-10,2022-06-17,0.016477558832374672,0.016477558832374672,0.0,2022-06
8,2571,2022-12-20,2021—2023,1,2440,2022-06-10,2022-06-13,2022-06-20,0.0255137802530232,0.0255137802530232,0.0,2022-06
8,2571,2022-12-20,2021—2023,1,2441,2022-06-13,2022-06-14,2022-06-21,0.039216255943665734,0.039216255943665734,0.0,2022-06
8,2571,2022-12-20,2021—2023,1,2442,2022-06-14,2022-06-15,2022-06-22,0.022070171459495525,0.022070171459495525,0.0,2022-06
8,2571,2022-12-20,2021—2023,1,2443,2022-06-15,2022-06-16,2022-06-23,-0.004747252853448569,0.0,-0.004747252853448569,2022-06
8,2571,2022-12-20,2021—2023,1,2444,2022-06-16,2022-06-17,2022-06-24,0.028380922713344914,0.028380922713344914,0.0,2022-06
8,2571,2022-12-20,2021—2023,1,2445,2022-06-17,2022-06-20,2022-06-27,0.01947929315358743,0.01947929315358743,0.0,2022-06
8,2571,2022-12-20,2021—2023,1,2446,2022-06-20,2022-06-21,2022-06-28,0.024025172539679618,0.024025172539679618,0.0,2022-06
8,2571,2022-12-20,2021—2023,1,2447,2022-06-21,2022-06-22,2022-06-29,0.03323522144651925,0.03323522144651925,0.0,2022-06
8,2571,2022-12-20,2021—2023,1,2448,2022-06-22,2022-06-23,2022-06-30,0.034786364783695456,0.034786364783695456,0.0,2022-06
8,2571,2022-12-20,2021—2023,1,2449,2022-06-23,2022-06-24,2022-07-01,0.029997590005093944,0.029997590005093944,0.0,2022-06
8,2571,2022-12-20,2021—2023,1,2450,2022-06-24,2022-06-27,2022-07-04,0.007988955973767586,0.007988955973767586,0.0,2022-06
8,2571,2022-12-20,2021—2023,1,2451,2022-06-27,2022-06-28,2022-07-05,0.0117322835703344,0.0117322835703344,0.0,2022-06
8,2571,2022-12-20,2021—2023,1,2452,2022-06-28,2022-06-29,2022-07-06,-0.0025748528037153884,0.0,-0.0025748528037153884,2022-06
8,2571,2022-12-20,2021—2023,1,2453,2022-06-29,2022-06-30,2022-07-07,-0.0050573177322476015,0.0,-0.0050573177322476015,2022-06
8,2571,2022-12-20,2021—2023,1,2535,2022-10-31,2022-11-01,2022-11-08,0.06629624550291346,0.06629624550291346,0.0,2022-10
8,2571,2022-12-20,2021—2023,1,2536,2022-11-01,2022-11-02,2022-11-09,0.031161728856844206,0.031161728856844206,0.0,2022-11
8,2571,2022-12-20,2021—2023,1,2537,2022-11-02,2022-11-03,2022-11-10,0.005913571147730279,0.005913571147730279,0.0,2022-11
8,2571,2022-12-20,2021—2023,1,2538,2022-11-03,2022-11-04,2022-11-11,0.03395277100807026,0.03395277100807026,0.0,2022-11
8,2571,2022-12-20,2021—2023,1,2539,2022-11-04,2022-11-07,2022-11-14,0.020158900257411405,0.020158900257411405,0.0,2022-11
8,2571,2022-12-20,2021—2023,1,2540,2022-11-07,2022-11-08,2022-11-15,-0.000799680127948732,0.0,-0.000799680127948732,2022-11
8,2571,2022-12-20,2021—2023,1,2541,2022-11-08,2022-11-09,2022-11-16,0.02512976460791827,0.02512976460791827,0.0,2022-11
8,2571,2022-12-20,2021—2023,1,2542,2022-11-09,2022-11-10,2022-11-17,0.03327001644733674,0.03327001644733674,0.0,2022-11
8,2571,2022-12-20,2021—2023,1,2543,2022-11-10,2022-11-11,2022-11-18,0.007513999080555056,0.007513999080555056,0.0,2022-11
8,2571,2022-12-20,2021—2023,1,2544,2022-11-11,2022-11-14,2022-11-21,-0.018468778557259924,0.0,-0.018468778557259924,2022-11
8,2571,2022-12-20,2021—2023,1,2545,2022-11-14,2022-11-15,2022-11-22,-0.006775137059060965,0.0,-0.006775137059060965,2022-11
8,2571,2022-12-20,2021—2023,1,2546,2022-11-15,2022-11-16,2022-11-23,-0.02780509417854493,0.0,-0.02780509417854493,2022-11
8,2571,2022-12-20,2021—2023,1,2547,2022-11-16,2022-11-17,2022-11-24,-0.012101688887426909,0.0,-0.012101688887426909,2022-11
8,2571,2022-12-20,2021—2023,1,2548,2022-11-17,2022-11-18,2022-11-25,-0.01905578478850367,0.0,-0.01905578478850367,2022-11
8,2571,2022-12-20,2021—2023,1,2549,2022-11-18,2022-11-21,2022-11-28,-0.019789949159622844,0.0,-0.019789949159622844,2022-11
8,2571,2022-12-20,2021—2023,1,2550,2022-11-21,2022-11-22,2022-11-29,-0.006276894097490215,0.0,-0.006276894097490215,2022-11
8,2571,2022-12-20,2021—2023,1,2551,2022-11-22,2022-11-23,2022-11-30,0.017491120706528918,0.017491120706528918,0.0,2022-11
8,2571,2022-12-20,2021—2023,1,2552,2022-11-23,2022-11-24,2022-12-01,0.030830428596594572,0.030830428596594572,0.0,2022-11
8,2571,2022-12-20,2021—2023,1,2553,2022-11-24,2022-11-25,2022-12-02,0.03265510431976826,0.03265510431976826,0.0,2022-11
8,2571,2022-12-20,2021—2023,1,2554,2022-11-25,2022-11-28,2022-12-05,0.05053635325530803,0.05053635325530803,0.0,2022-11
8,2571,2022-12-20,2021—2023,1,2555,2022-11-28,2022-11-29,2022-12-06,0.04369064317698812,0.04369064317698812,0.0,2022-11
8,2571,2022-12-20,2021—2023,1,2556,2022-11-29,2022-11-30,2022-12-07,0.028136669473676434,0.028136669473676434,0.0,2022-11
8,2571,2022-12-20,2021—2023,1,2557,2022-11-30,2022-12-01,2022-12-08,0.0057212054937061385,0.0057212054937061385,0.0,2022-11
8,2571,2022-12-20,2021—2023,1,2558,2022-12-01,2022-12-02,2022-12-09,0.014091155656959176,0.014091155656959176,0.0,2022-12
8,2571,2022-12-20,2021—2023,1,2559,2022-12-02,2022-12-05,2022-12-12,0.014773577748387723,0.014773577748387723,0.0,2022-12
8,2571,2022-12-20,2021—2023,1,2560,2022-12-05,2022-12-06,2022-12-13,0.003451172083719145,0.003451172083719145,0.0,2022-12
8,2571,2022-12-20,2021—2023,1,2561,2022-12-06,2022-12-07,2022-12-14,-0.005764650661474469,0.0,-0.005764650661474469,2022-12
8,2571,2022-12-20,2021—2023,1,2562,2022-12-07,2022-12-08,2022-12-15,-0.0030366957694533125,0.0,-0.0030366957694533125,2022-12
8,2571,2022-12-20,2021—2023,1,2563,2022-12-08,2022-12-09,2022-12-16,-0.006257080087527789,0.0,-0.006257080087527789,2022-12
8,2571,2022-12-20,2021—2023,1,2564,2022-12-09,2022-12-12,2022-12-19,-0.008941312363943243,0.0,-0.008941312363943243,2022-12
8,2571,2022-12-20,2021—2023,1,2565,2022-12-12,2022-12-13,2022-12-20,-0.02116617931500031,0.0,-0.02116617931500031,2022-12
8,2577,2022-12-28,2021—2023,1,2415,2022-05-05,2022-05-06,2022-05-13,0.01318759846532247,0.01318759846532247,0.0,2022-05
8,2577,2022-12-28,2021—2023,1,2416,2022-05-06,2022-05-09,2022-05-16,0.02854314224851029,0.02854314224851029,0.0,2022-05
8,2577,2022-12-28,2021—2023,1,2417,2022-05-09,2022-05-10,2022-05-17,0.030189331616845116,0.030189331616845116,0.0,2022-05
8,2577,2022-12-28,2021—2023,1,2418,2022-05-10,2022-05-11,2022-05-18,0.0219268285530152,0.0219268285530152,0.0,2022-05
8,2577,2022-12-28,2021—2023,1,2419,2022-05-11,2022-05-12,2022-05-19,-0.0048378728831781626,0.0,-0.0048378728831781626,2022-05
8,2577,2022-12-28,2021—2023,1,2420,2022-05-12,2022-05-13,2022-05-20,0.004957235542656813,0.004957235542656813,0.0,2022-05
8,2577,2022-12-28,2021—2023,1,2421,2022-05-13,2022-05-16,2022-05-23,0.01666885693275133,0.01666885693275133,0.0,2022-05
8,2577,2022-12-28,2021—2023,1,2422,2022-05-16,2022-05-17,2022-05-24,0.018609609637477265,0.018609609637477265,0.0,2022-05
8,2577,2022-12-28,2021—2023,1,2423,2022-05-17,2022-05-18,2022-05-25,-0.014746643715395136,0.0,-0.014746643715395136,2022-05
8,2577,2022-12-28,2021—2023,1,2424,2022-05-18,2022-05-19,2022-05-26,0.006281466153098547,0.006281466153098547,0.0,2022-05
8,2577,2022-12-28,2021—2023,1,2425,2022-05-19,2022-05-20,2022-05-27,-0.002785668341359071,0.0,-0.002785668341359071,2022-05
8,2577,2022-12-28,2021—2023,1,2426,2022-05-20,2022-05-23,2022-05-30,-0.017681370155169907,0.0,-0.017681370155169907,2022-05
8,2577,2022-12-28,2021—2023,1,2427,2022-05-23,2022-05-24,2022-05-31,-0.008445992128944702,0.0,-0.008445992128944702,2022-05
8,2577,2022-12-28,2021—2023,1,2428,2022-05-24,2022-05-25,2022-06-01,0.029448563662324956,0.029448563662324956,0.0,2022-05
8,2577,2022-12-28,2021—2023,1,2429,2022-05-25,2022-05-26,2022-06-02,0.0177457985955356,0.0177457985955356,0.0,2022-05
8,2577,2022-12-28,2021—2023,1,2430,2022-05-26,2022-05-27,2022-06-06,0.014087833950105155,0.014087833950105155,0.0,2022-05
8,2577,2022-12-28,2021—2023,1,2431,2022-05-27,2022-05-30,2022-06-07,0.0317208768666446,0.0317208768666446,0.0,2022-05
8,2577,2022-12-28,2021—2023,1,2432,2022-05-30,2022-05-31,2022-06-08,0.03639139877547737,0.03639139877547737,0.0,2022-05
8,2577,2022-12-28,2021—2023,1,2433,2022-05-31,2022-06-01,2022-06-09,0.027511809150301936,0.027511809150301936,0.0,2022-05
8,2577,2022-12-28,2021—2023,1,2434,2022-06-01,2022-06-02,2022-06-10,0.019572126934045864,0.019572126934045864,0.0,2022-06
8,2577,2022-12-28,2021—2023,1,2435,2022-06-02,2022-06-06,2022-06-13,0.02553999147229069,0.02553999147229069,0.0,2022-06
8,2577,2022-12-28,2021—2023,1,2436,2022-06-06,2022-06-07,2022-06-14,-0.002238758841158761,0.0,-0.002238758841158761,2022-06
8,2577,2022-12-28,2021—2023,1,2437,2022-06-07,2022-06-08,2022-06-15,0.008262279813611384,0.008262279813611384,0.0,2022-06
8,2577,2022-12-28,2021—2023,1,2438,2022-06-08,2022-06-09,2022-06-16,0.016485064741875943,0.016485064741875943,0.0,2022-06
8,2577,2022-12-28,2021—2023,1,2439,2022-06-09,2022-06-10,2022-06-17,0.016477558832374672,0.016477558832374672,0.0,2022-06
8,2577,2022-12-28,2021—2023,1,2440,2022-06-10,2022-06-13,2022-06-20,0.0255137802530232,0.0255137802530232,0.0,2022-06
8,2577,2022-12-28,2021—2023,1,2441,2022-06-13,2022-06-14,2022-06-21,0.039216255943665734,0.039216255943665734,0.0,2022-06
8,2577,2022-12-28,2021—2023,1,2442,2022-06-14,2022-06-15,2022-06-22,0.022070171459495525,0.022070171459495525,0.0,2022-06
8,2577,2022-12-28,2021—2023,1,2443,2022-06-15,2022-06-16,2022-06-23,-0.004747252853448569,0.0,-0.004747252853448569,2022-06
8,2577,2022-12-28,2021—2023,1,2444,2022-06-16,2022-06-17,2022-06-24,0.028380922713344914,0.028380922713344914,0.0,2022-06
8,2577,2022-12-28,2021—2023,1,2445,2022-06-17,2022-06-20,2022-06-27,0.01947929315358743,0.01947929315358743,0.0,2022-06
8,2577,2022-12-28,2021—2023,1,2446,2022-06-20,2022-06-21,2022-06-28,0.024025172539679618,0.024025172539679618,0.0,2022-06
8,2577,2022-12-28,2021—2023,1,2447,2022-06-21,2022-06-22,2022-06-29,0.03323522144651925,0.03323522144651925,0.0,2022-06
8,2577,2022-12-28,2021—2023,1,2448,2022-06-22,2022-06-23,2022-06-30,0.034786364783695456,0.034786364783695456,0.0,2022-06
8,2577,2022-12-28,2021—2023,1,2449,2022-06-23,2022-06-24,2022-07-01,0.029997590005093944,0.029997590005093944,0.0,2022-06
8,2577,2022-12-28,2021—2023,1,2450,2022-06-24,2022-06-27,2022-07-04,0.007988955973767586,0.007988955973767586,0.0,2022-06
8,2577,2022-12-28,2021—2023,1,2451,2022-06-27,2022-06-28,2022-07-05,0.0117322835703344,0.0117322835703344,0.0,2022-06
8,2577,2022-12-28,2021—2023,1,2452,2022-06-28,2022-06-29,2022-07-06,-0.0025748528037153884,0.0,-0.0025748528037153884,2022-06
8,2577,2022-12-28,2021—2023,1,2453,2022-06-29,2022-06-30,2022-07-07,-0.0050573177322476015,0.0,-0.0050573177322476015,2022-06
8,2577,2022-12-28,2021—2023,1,2535,2022-10-31,2022-11-01,2022-11-08,0.06629624550291346,0.06629624550291346,0.0,2022-10
8,2577,2022-12-28,2021—2023,1,2536,2022-11-01,2022-11-02,2022-11-09,0.031161728856844206,0.031161728856844206,0.0,2022-11
8,2577,2022-12-28,2021—2023,1,2537,2022-11-02,2022-11-03,2022-11-10,0.005913571147730279,0.005913571147730279,0.0,2022-11
8,2577,2022-12-28,2021—2023,1,2538,2022-11-03,2022-11-04,2022-11-11,0.03395277100807026,0.03395277100807026,0.0,2022-11
8,2577,2022-12-28,2021—2023,1,2539,2022-11-04,2022-11-07,2022-11-14,0.020158900257411405,0.020158900257411405,0.0,2022-11
8,2577,2022-12-28,2021—2023,1,2540,2022-11-07,2022-11-08,2022-11-15,-0.000799680127948732,0.0,-0.000799680127948732,2022-11
8,2577,2022-12-28,2021—2023,1,2541,2022-11-08,2022-11-09,2022-11-16,0.02512976460791827,0.02512976460791827,0.0,2022-11
8,2577,2022-12-28,2021—2023,1,2542,2022-11-09,2022-11-10,2022-11-17,0.03327001644733674,0.03327001644733674,0.0,2022-11
8,2577,2022-12-28,2021—2023,1,2543,2022-11-10,2022-11-11,2022-11-18,0.007513999080555056,0.007513999080555056,0.0,2022-11
8,2577,2022-12-28,2021—2023,1,2544,2022-11-11,2022-11-14,2022-11-21,-0.018468778557259924,0.0,-0.018468778557259924,2022-11
8,2577,2022-12-28,2021—2023,1,2545,2022-11-14,2022-11-15,2022-11-22,-0.006775137059060965,0.0,-0.006775137059060965,2022-11
8,2577,2022-12-28,2021—2023,1,2546,2022-11-15,2022-11-16,2022-11-23,-0.02780509417854493,0.0,-0.02780509417854493,2022-11
8,2577,2022-12-28,2021—2023,1,2547,2022-11-16,2022-11-17,2022-11-24,-0.012101688887426909,0.0,-0.012101688887426909,2022-11
8,2577,2022-12-28,2021—2023,1,2548,2022-11-17,2022-11-18,2022-11-25,-0.01905578478850367,0.0,-0.01905578478850367,2022-11
8,2577,2022-12-28,2021—2023,1,2549,2022-11-18,2022-11-21,2022-11-28,-0.019789949159622844,0.0,-0.019789949159622844,2022-11
8,2577,2022-12-28,2021—2023,1,2550,2022-11-21,2022-11-22,2022-11-29,-0.006276894097490215,0.0,-0.006276894097490215,2022-11
8,2577,2022-12-28,2021—2023,1,2551,2022-11-22,2022-11-23,2022-11-30,0.017491120706528918,0.017491120706528918,0.0,2022-11
8,2577,2022-12-28,2021—2023,1,2552,2022-11-23,2022-11-24,2022-12-01,0.030830428596594572,0.030830428596594572,0.0,2022-11
8,2577,2022-12-28,2021—2023,1,2553,2022-11-24,2022-11-25,2022-12-02,0.03265510431976826,0.03265510431976826,0.0,2022-11
8,2577,2022-12-28,2021—2023,1,2554,2022-11-25,2022-11-28,2022-12-05,0.05053635325530803,0.05053635325530803,0.0,2022-11
8,2577,2022-12-28,2021—2023,1,2555,2022-11-28,2022-11-29,2022-12-06,0.04369064317698812,0.04369064317698812,0.0,2022-11
8,2577,2022-12-28,2021—2023,1,2556,2022-11-29,2022-11-30,2022-12-07,0.028136669473676434,0.028136669473676434,0.0,2022-11
8,2577,2022-12-28,2021—2023,1,2557,2022-11-30,2022-12-01,2022-12-08,0.0057212054937061385,0.0057212054937061385,0.0,2022-11
8,2577,2022-12-28,2021—2023,1,2558,2022-12-01,2022-12-02,2022-12-09,0.014091155656959176,0.014091155656959176,0.0,2022-12
8,2577,2022-12-28,2021—2023,1,2559,2022-12-02,2022-12-05,2022-12-12,0.014773577748387723,0.014773577748387723,0.0,2022-12
8,2577,2022-12-28,2021—2023,1,2560,2022-12-05,2022-12-06,2022-12-13,0.003451172083719145,0.003451172083719145,0.0,2022-12
8,2577,2022-12-28,2021—2023,1,2561,2022-12-06,2022-12-07,2022-12-14,-0.005764650661474469,0.0,-0.005764650661474469,2022-12
8,2577,2022-12-28,2021—2023,1,2562,2022-12-07,2022-12-08,2022-12-15,-0.0030366957694533125,0.0,-0.0030366957694533125,2022-12
8,2577,2022-12-28,2021—2023,1,2563,2022-12-08,2022-12-09,2022-12-16,-0.006257080087527789,0.0,-0.006257080087527789,2022-12
8,2577,2022-12-28,2021—2023,1,2564,2022-12-09,2022-12-12,2022-12-19,-0.008941312363943243,0.0,-0.008941312363943243,2022-12
8,2577,2022-12-28,2021—2023,1,2565,2022-12-12,2022-12-13,2022-12-20,-0.02116617931500031,0.0,-0.02116617931500031,2022-12
8,2577,2022-12-28,2021—2023,1,2566,2022-12-13,2022-12-14,2022-12-21,-0.030165965992183463,0.0,-0.030165965992183463,2022-12
8,2577,2022-12-28,2021—2023,1,2567,2022-12-14,2022-12-15,2022-12-22,-0.027885687306773432,0.0,-0.027885687306773432,2022-12
8,2577,2022-12-28,2021—2023,1,2568,2022-12-15,2022-12-16,2022-12-23,-0.03463714115947236,0.0,-0.03463714115947236,2022-12
8,2577,2022-12-28,2021—2023,1,2569,2022-12-16,2022-12-19,2022-12-26,-0.03578533821137553,0.0,-0.03578533821137553,2022-12
8,2577,2022-12-28,2021—2023,1,2570,2022-12-19,2022-12-20,2022-12-27,-0.0040890202541419285,0.0,-0.0040890202541419285,2022-12
8,2577,2022-12-28,2021—2023,1,2571,2022-12-20,2022-12-21,2022-12-28,0.0068766347494293445,0.0068766347494293445,0.0,2022-12
8,2583,2023-01-06,2021—2023,1,2415,2022-05-05,2022-05-06,2022-05-13,0.01318759846532247,0.01318759846532247,0.0,2022-05
8,2583,2023-01-06,2021—2023,1,2416,2022-05-06,2022-05-09,2022-05-16,0.02854314224851029,0.02854314224851029,0.0,2022-05
8,2583,2023-01-06,2021—2023,1,2417,2022-05-09,2022-05-10,2022-05-17,0.030189331616845116,0.030189331616845116,0.0,2022-05
8,2583,2023-01-06,2021—2023,1,2418,2022-05-10,2022-05-11,2022-05-18,0.0219268285530152,0.0219268285530152,0.0,2022-05
8,2583,2023-01-06,2021—2023,1,2419,2022-05-11,2022-05-12,2022-05-19,-0.0048378728831781626,0.0,-0.0048378728831781626,2022-05
8,2583,2023-01-06,2021—2023,1,2420,2022-05-12,2022-05-13,2022-05-20,0.004957235542656813,0.004957235542656813,0.0,2022-05
8,2583,2023-01-06,2021—2023,1,2421,2022-05-13,2022-05-16,2022-05-23,0.01666885693275133,0.01666885693275133,0.0,2022-05
8,2583,2023-01-06,2021—2023,1,2422,2022-05-16,2022-05-17,2022-05-24,0.018609609637477265,0.018609609637477265,0.0,2022-05
8,2583,2023-01-06,2021—2023,1,2423,2022-05-17,2022-05-18,2022-05-25,-0.014746643715395136,0.0,-0.014746643715395136,2022-05
8,2583,2023-01-06,2021—2023,1,2424,2022-05-18,2022-05-19,2022-05-26,0.006281466153098547,0.006281466153098547,0.0,2022-05
8,2583,2023-01-06,2021—2023,1,2425,2022-05-19,2022-05-20,2022-05-27,-0.002785668341359071,0.0,-0.002785668341359071,2022-05
8,2583,2023-01-06,2021—2023,1,2426,2022-05-20,2022-05-23,2022-05-30,-0.017681370155169907,0.0,-0.017681370155169907,2022-05
8,2583,2023-01-06,2021—2023,1,2427,2022-05-23,2022-05-24,2022-05-31,-0.008445992128944702,0.0,-0.008445992128944702,2022-05
8,2583,2023-01-06,2021—2023,1,2428,2022-05-24,2022-05-25,2022-06-01,0.029448563662324956,0.029448563662324956,0.0,2022-05
8,2583,2023-01-06,2021—2023,1,2429,2022-05-25,2022-05-26,2022-06-02,0.0177457985955356,0.0177457985955356,0.0,2022-05
8,2583,2023-01-06,2021—2023,1,2430,2022-05-26,2022-05-27,2022-06-06,0.014087833950105155,0.014087833950105155,0.0,2022-05
8,2583,2023-01-06,2021—2023,1,2431,2022-05-27,2022-05-30,2022-06-07,0.0317208768666446,0.0317208768666446,0.0,2022-05
8,2583,2023-01-06,2021—2023,1,2432,2022-05-30,2022-05-31,2022-06-08,0.03639139877547737,0.03639139877547737,0.0,2022-05
8,2583,2023-01-06,2021—2023,1,2433,2022-05-31,2022-06-01,2022-06-09,0.027511809150301936,0.027511809150301936,0.0,2022-05
8,2583,2023-01-06,2021—2023,1,2434,2022-06-01,2022-06-02,2022-06-10,0.019572126934045864,0.019572126934045864,0.0,2022-06
8,2583,2023-01-06,2021—2023,1,2435,2022-06-02,2022-06-06,2022-06-13,0.02553999147229069,0.02553999147229069,0.0,2022-06
8,2583,2023-01-06,2021—2023,1,2436,2022-06-06,2022-06-07,2022-06-14,-0.002238758841158761,0.0,-0.002238758841158761,2022-06
8,2583,2023-01-06,2021—2023,1,2437,2022-06-07,2022-06-08,2022-06-15,0.008262279813611384,0.008262279813611384,0.0,2022-06
8,2583,2023-01-06,2021—2023,1,2438,2022-06-08,2022-06-09,2022-06-16,0.016485064741875943,0.016485064741875943,0.0,2022-06
8,2583,2023-01-06,2021—2023,1,2439,2022-06-09,2022-06-10,2022-06-17,0.016477558832374672,0.016477558832374672,0.0,2022-06
8,2583,2023-01-06,2021—2023,1,2440,2022-06-10,2022-06-13,2022-06-20,0.0255137802530232,0.0255137802530232,0.0,2022-06
8,2583,2023-01-06,2021—2023,1,2441,2022-06-13,2022-06-14,2022-06-21,0.039216255943665734,0.039216255943665734,0.0,2022-06
8,2583,2023-01-06,2021—2023,1,2442,2022-06-14,2022-06-15,2022-06-22,0.022070171459495525,0.022070171459495525,0.0,2022-06
8,2583,2023-01-06,2021—2023,1,2443,2022-06-15,2022-06-16,2022-06-23,-0.004747252853448569,0.0,-0.004747252853448569,2022-06
8,2583,2023-01-06,2021—2023,1,2444,2022-06-16,2022-06-17,2022-06-24,0.028380922713344914,0.028380922713344914,0.0,2022-06
8,2583,2023-01-06,2021—2023,1,2445,2022-06-17,2022-06-20,2022-06-27,0.01947929315358743,0.01947929315358743,0.0,2022-06
8,2583,2023-01-06,2021—2023,1,2446,2022-06-20,2022-06-21,2022-06-28,0.024025172539679618,0.024025172539679618,0.0,2022-06
8,2583,2023-01-06,2021—2023,1,2447,2022-06-21,2022-06-22,2022-06-29,0.03323522144651925,0.03323522144651925,0.0,2022-06
8,2583,2023-01-06,2021—2023,1,2448,2022-06-22,2022-06-23,2022-06-30,0.034786364783695456,0.034786364783695456,0.0,2022-06
8,2583,2023-01-06,2021—2023,1,2449,2022-06-23,2022-06-24,2022-07-01,0.029997590005093944,0.029997590005093944,0.0,2022-06
8,2583,2023-01-06,2021—2023,1,2450,2022-06-24,2022-06-27,2022-07-04,0.007988955973767586,0.007988955973767586,0.0,2022-06
8,2583,2023-01-06,2021—2023,1,2451,2022-06-27,2022-06-28,2022-07-05,0.0117322835703344,0.0117322835703344,0.0,2022-06
8,2583,2023-01-06,2021—2023,1,2452,2022-06-28,2022-06-29,2022-07-06,-0.0025748528037153884,0.0,-0.0025748528037153884,2022-06
8,2583,2023-01-06,2021—2023,1,2453,2022-06-29,2022-06-30,2022-07-07,-0.0050573177322476015,0.0,-0.0050573177322476015,2022-06
8,2583,2023-01-06,2021—2023,1,2535,2022-10-31,2022-11-01,2022-11-08,0.06629624550291346,0.06629624550291346,0.0,2022-10
8,2583,2023-01-06,2021—2023,1,2536,2022-11-01,2022-11-02,2022-11-09,0.031161728856844206,0.031161728856844206,0.0,2022-11
8,2583,2023-01-06,2021—2023,1,2537,2022-11-02,2022-11-03,2022-11-10,0.005913571147730279,0.005913571147730279,0.0,2022-11
8,2583,2023-01-06,2021—2023,1,2538,2022-11-03,2022-11-04,2022-11-11,0.03395277100807026,0.03395277100807026,0.0,2022-11
8,2583,2023-01-06,2021—2023,1,2539,2022-11-04,2022-11-07,2022-11-14,0.020158900257411405,0.020158900257411405,0.0,2022-11
8,2583,2023-01-06,2021—2023,1,2540,2022-11-07,2022-11-08,2022-11-15,-0.000799680127948732,0.0,-0.000799680127948732,2022-11
8,2583,2023-01-06,2021—2023,1,2541,2022-11-08,2022-11-09,2022-11-16,0.02512976460791827,0.02512976460791827,0.0,2022-11
8,2583,2023-01-06,2021—2023,1,2542,2022-11-09,2022-11-10,2022-11-17,0.03327001644733674,0.03327001644733674,0.0,2022-11
8,2583,2023-01-06,2021—2023,1,2543,2022-11-10,2022-11-11,2022-11-18,0.007513999080555056,0.007513999080555056,0.0,2022-11
8,2583,2023-01-06,2021—2023,1,2544,2022-11-11,2022-11-14,2022-11-21,-0.018468778557259924,0.0,-0.018468778557259924,2022-11
8,2583,2023-01-06,2021—2023,1,2545,2022-11-14,2022-11-15,2022-11-22,-0.006775137059060965,0.0,-0.006775137059060965,2022-11
8,2583,2023-01-06,2021—2023,1,2546,2022-11-15,2022-11-16,2022-11-23,-0.02780509417854493,0.0,-0.02780509417854493,2022-11
8,2583,2023-01-06,2021—2023,1,2547,2022-11-16,2022-11-17,2022-11-24,-0.012101688887426909,0.0,-0.012101688887426909,2022-11
8,2583,2023-01-06,2021—2023,1,2548,2022-11-17,2022-11-18,2022-11-25,-0.01905578478850367,0.0,-0.01905578478850367,2022-11
8,2583,2023-01-06,2021—2023,1,2549,2022-11-18,2022-11-21,2022-11-28,-0.019789949159622844,0.0,-0.019789949159622844,2022-11
8,2583,2023-01-06,2021—2023,1,2550,2022-11-21,2022-11-22,2022-11-29,-0.006276894097490215,0.0,-0.006276894097490215,2022-11
8,2583,2023-01-06,2021—2023,1,2551,2022-11-22,2022-11-23,2022-11-30,0.017491120706528918,0.017491120706528918,0.0,2022-11
8,2583,2023-01-06,2021—2023,1,2552,2022-11-23,2022-11-24,2022-12-01,0.030830428596594572,0.030830428596594572,0.0,2022-11
8,2583,2023-01-06,2021—2023,1,2553,2022-11-24,2022-11-25,2022-12-02,0.03265510431976826,0.03265510431976826,0.0,2022-11
8,2583,2023-01-06,2021—2023,1,2554,2022-11-25,2022-11-28,2022-12-05,0.05053635325530803,0.05053635325530803,0.0,2022-11
8,2583,2023-01-06,2021—2023,1,2555,2022-11-28,2022-11-29,2022-12-06,0.04369064317698812,0.04369064317698812,0.0,2022-11
8,2583,2023-01-06,2021—2023,1,2556,2022-11-29,2022-11-30,2022-12-07,0.028136669473676434,0.028136669473676434,0.0,2022-11
8,2583,2023-01-06,2021—2023,1,2557,2022-11-30,2022-12-01,2022-12-08,0.0057212054937061385,0.0057212054937061385,0.0,2022-11
8,2583,2023-01-06,2021—2023,1,2558,2022-12-01,2022-12-02,2022-12-09,0.014091155656959176,0.014091155656959176,0.0,2022-12
8,2583,2023-01-06,2021—2023,1,2559,2022-12-02,2022-12-05,2022-12-12,0.014773577748387723,0.014773577748387723,0.0,2022-12
8,2583,2023-01-06,2021—2023,1,2560,2022-12-05,2022-12-06,2022-12-13,0.003451172083719145,0.003451172083719145,0.0,2022-12
8,2583,2023-01-06,2021—2023,1,2561,2022-12-06,2022-12-07,2022-12-14,-0.005764650661474469,0.0,-0.005764650661474469,2022-12
8,2583,2023-01-06,2021—2023,1,2562,2022-12-07,2022-12-08,2022-12-15,-0.0030366957694533125,0.0,-0.0030366957694533125,2022-12
8,2583,2023-01-06,2021—2023,1,2563,2022-12-08,2022-12-09,2022-12-16,-0.006257080087527789,0.0,-0.006257080087527789,2022-12
8,2583,2023-01-06,2021—2023,1,2564,2022-12-09,2022-12-12,2022-12-19,-0.008941312363943243,0.0,-0.008941312363943243,2022-12
8,2583,2023-01-06,2021—2023,1,2565,2022-12-12,2022-12-13,2022-12-20,-0.02116617931500031,0.0,-0.02116617931500031,2022-12
8,2583,2023-01-06,2021—2023,1,2566,2022-12-13,2022-12-14,2022-12-21,-0.030165965992183463,0.0,-0.030165965992183463,2022-12
8,2583,2023-01-06,2021—2023,1,2567,2022-12-14,2022-12-15,2022-12-22,-0.027885687306773432,0.0,-0.027885687306773432,2022-12
8,2583,2023-01-06,2021—2023,1,2568,2022-12-15,2022-12-16,2022-12-23,-0.03463714115947236,0.0,-0.03463714115947236,2022-12
8,2583,2023-01-06,2021—2023,1,2569,2022-12-16,2022-12-19,2022-12-26,-0.03578533821137553,0.0,-0.03578533821137553,2022-12
8,2583,2023-01-06,2021—2023,1,2570,2022-12-19,2022-12-20,2022-12-27,-0.0040890202541419285,0.0,-0.0040890202541419285,2022-12
8,2583,2023-01-06,2021—2023,1,2571,2022-12-20,2022-12-21,2022-12-28,0.0068766347494293445,0.0068766347494293445,0.0,2022-12
8,2583,2023-01-06,2021—2023,1,2572,2022-12-21,2022-12-22,2022-12-29,-0.0020741703318672977,0.0,-0.0020741703318672977,2022-12
8,2583,2023-01-06,2021—2023,1,2573,2022-12-22,2022-12-23,2022-12-30,0.010765138389088547,0.010765138389088547,0.0,2022-12
8,2583,2023-01-06,2021—2023,1,2574,2022-12-23,2022-12-26,2023-01-03,0.00920771906953699,0.00920771906953699,0.0,2022-12
8,2583,2023-01-06,2021—2023,1,2575,2022-12-26,2022-12-27,2023-01-04,-0.000799680127948732,0.0,-0.000799680127948732,2022-12
8,2583,2023-01-06,2021—2023,1,2576,2022-12-27,2022-12-28,2023-01-05,0.006295833175733012,0.006295833175733012,0.0,2022-12
8,2583,2023-01-06,2021—2023,1,2577,2022-12-28,2022-12-29,2023-01-06,0.02518003759495424,0.02518003759495424,0.0,2022-12
8,2589,2023-01-16,2021—2023,1,2415,2022-05-05,2022-05-06,2022-05-13,0.01318759846532247,0.01318759846532247,0.0,2022-05
8,2589,2023-01-16,2021—2023,1,2416,2022-05-06,2022-05-09,2022-05-16,0.02854314224851029,0.02854314224851029,0.0,2022-05
8,2589,2023-01-16,2021—2023,1,2417,2022-05-09,2022-05-10,2022-05-17,0.030189331616845116,0.030189331616845116,0.0,2022-05
8,2589,2023-01-16,2021—2023,1,2418,2022-05-10,2022-05-11,2022-05-18,0.0219268285530152,0.0219268285530152,0.0,2022-05
8,2589,2023-01-16,2021—2023,1,2419,2022-05-11,2022-05-12,2022-05-19,-0.0048378728831781626,0.0,-0.0048378728831781626,2022-05
8,2589,2023-01-16,2021—2023,1,2420,2022-05-12,2022-05-13,2022-05-20,0.004957235542656813,0.004957235542656813,0.0,2022-05
8,2589,2023-01-16,2021—2023,1,2421,2022-05-13,2022-05-16,2022-05-23,0.01666885693275133,0.01666885693275133,0.0,2022-05
8,2589,2023-01-16,2021—2023,1,2422,2022-05-16,2022-05-17,2022-05-24,0.018609609637477265,0.018609609637477265,0.0,2022-05
8,2589,2023-01-16,2021—2023,1,2423,2022-05-17,2022-05-18,2022-05-25,-0.014746643715395136,0.0,-0.014746643715395136,2022-05
8,2589,2023-01-16,2021—2023,1,2424,2022-05-18,2022-05-19,2022-05-26,0.006281466153098547,0.006281466153098547,0.0,2022-05
8,2589,2023-01-16,2021—2023,1,2425,2022-05-19,2022-05-20,2022-05-27,-0.002785668341359071,0.0,-0.002785668341359071,2022-05
8,2589,2023-01-16,2021—2023,1,2426,2022-05-20,2022-05-23,2022-05-30,-0.017681370155169907,0.0,-0.017681370155169907,2022-05
8,2589,2023-01-16,2021—2023,1,2427,2022-05-23,2022-05-24,2022-05-31,-0.008445992128944702,0.0,-0.008445992128944702,2022-05
8,2589,2023-01-16,2021—2023,1,2428,2022-05-24,2022-05-25,2022-06-01,0.029448563662324956,0.029448563662324956,0.0,2022-05
8,2589,2023-01-16,2021—2023,1,2429,2022-05-25,2022-05-26,2022-06-02,0.0177457985955356,0.0177457985955356,0.0,2022-05
8,2589,2023-01-16,2021—2023,1,2430,2022-05-26,2022-05-27,2022-06-06,0.014087833950105155,0.014087833950105155,0.0,2022-05
8,2589,2023-01-16,2021—2023,1,2431,2022-05-27,2022-05-30,2022-06-07,0.0317208768666446,0.0317208768666446,0.0,2022-05
8,2589,2023-01-16,2021—2023,1,2432,2022-05-30,2022-05-31,2022-06-08,0.03639139877547737,0.03639139877547737,0.0,2022-05
8,2589,2023-01-16,2021—2023,1,2433,2022-05-31,2022-06-01,2022-06-09,0.027511809150301936,0.027511809150301936,0.0,2022-05
8,2589,2023-01-16,2021—2023,1,2434,2022-06-01,2022-06-02,2022-06-10,0.019572126934045864,0.019572126934045864,0.0,2022-06
8,2589,2023-01-16,2021—2023,1,2435,2022-06-02,2022-06-06,2022-06-13,0.02553999147229069,0.02553999147229069,0.0,2022-06
8,2589,2023-01-16,2021—2023,1,2436,2022-06-06,2022-06-07,2022-06-14,-0.002238758841158761,0.0,-0.002238758841158761,2022-06
8,2589,2023-01-16,2021—2023,1,2437,2022-06-07,2022-06-08,2022-06-15,0.008262279813611384,0.008262279813611384,0.0,2022-06
8,2589,2023-01-16,2021—2023,1,2438,2022-06-08,2022-06-09,2022-06-16,0.016485064741875943,0.016485064741875943,0.0,2022-06
8,2589,2023-01-16,2021—2023,1,2439,2022-06-09,2022-06-10,2022-06-17,0.016477558832374672,0.016477558832374672,0.0,2022-06
8,2589,2023-01-16,2021—2023,1,2440,2022-06-10,2022-06-13,2022-06-20,0.0255137802530232,0.0255137802530232,0.0,2022-06
8,2589,2023-01-16,2021—2023,1,2441,2022-06-13,2022-06-14,2022-06-21,0.039216255943665734,0.039216255943665734,0.0,2022-06
8,2589,2023-01-16,2021—2023,1,2442,2022-06-14,2022-06-15,2022-06-22,0.022070171459495525,0.022070171459495525,0.0,2022-06
8,2589,2023-01-16,2021—2023,1,2443,2022-06-15,2022-06-16,2022-06-23,-0.004747252853448569,0.0,-0.004747252853448569,2022-06
8,2589,2023-01-16,2021—2023,1,2444,2022-06-16,2022-06-17,2022-06-24,0.028380922713344914,0.028380922713344914,0.0,2022-06
8,2589,2023-01-16,2021—2023,1,2445,2022-06-17,2022-06-20,2022-06-27,0.01947929315358743,0.01947929315358743,0.0,2022-06
8,2589,2023-01-16,2021—2023,1,2446,2022-06-20,2022-06-21,2022-06-28,0.024025172539679618,0.024025172539679618,0.0,2022-06
8,2589,2023-01-16,2021—2023,1,2447,2022-06-21,2022-06-22,2022-06-29,0.03323522144651925,0.03323522144651925,0.0,2022-06
8,2589,2023-01-16,2021—2023,1,2448,2022-06-22,2022-06-23,2022-06-30,0.034786364783695456,0.034786364783695456,0.0,2022-06
8,2589,2023-01-16,2021—2023,1,2449,2022-06-23,2022-06-24,2022-07-01,0.029997590005093944,0.029997590005093944,0.0,2022-06
8,2589,2023-01-16,2021—2023,1,2450,2022-06-24,2022-06-27,2022-07-04,0.007988955973767586,0.007988955973767586,0.0,2022-06
8,2589,2023-01-16,2021—2023,1,2451,2022-06-27,2022-06-28,2022-07-05,0.0117322835703344,0.0117322835703344,0.0,2022-06
8,2589,2023-01-16,2021—2023,1,2452,2022-06-28,2022-06-29,2022-07-06,-0.0025748528037153884,0.0,-0.0025748528037153884,2022-06
8,2589,2023-01-16,2021—2023,1,2453,2022-06-29,2022-06-30,2022-07-07,-0.0050573177322476015,0.0,-0.0050573177322476015,2022-06
8,2589,2023-01-16,2021—2023,1,2535,2022-10-31,2022-11-01,2022-11-08,0.06629624550291346,0.06629624550291346,0.0,2022-10
8,2589,2023-01-16,2021—2023,1,2536,2022-11-01,2022-11-02,2022-11-09,0.031161728856844206,0.031161728856844206,0.0,2022-11
8,2589,2023-01-16,2021—2023,1,2537,2022-11-02,2022-11-03,2022-11-10,0.005913571147730279,0.005913571147730279,0.0,2022-11
8,2589,2023-01-16,2021—2023,1,2538,2022-11-03,2022-11-04,2022-11-11,0.03395277100807026,0.03395277100807026,0.0,2022-11
8,2589,2023-01-16,2021—2023,1,2539,2022-11-04,2022-11-07,2022-11-14,0.020158900257411405,0.020158900257411405,0.0,2022-11
8,2589,2023-01-16,2021—2023,1,2540,2022-11-07,2022-11-08,2022-11-15,-0.000799680127948732,0.0,-0.000799680127948732,2022-11
8,2589,2023-01-16,2021—2023,1,2541,2022-11-08,2022-11-09,2022-11-16,0.02512976460791827,0.02512976460791827,0.0,2022-11
8,2589,2023-01-16,2021—2023,1,2542,2022-11-09,2022-11-10,2022-11-17,0.03327001644733674,0.03327001644733674,0.0,2022-11
8,2589,2023-01-16,2021—2023,1,2543,2022-11-10,2022-11-11,2022-11-18,0.007513999080555056,0.007513999080555056,0.0,2022-11
8,2589,2023-01-16,2021—2023,1,2544,2022-11-11,2022-11-14,2022-11-21,-0.018468778557259924,0.0,-0.018468778557259924,2022-11
8,2589,2023-01-16,2021—2023,1,2545,2022-11-14,2022-11-15,2022-11-22,-0.006775137059060965,0.0,-0.006775137059060965,2022-11
8,2589,2023-01-16,2021—2023,1,2546,2022-11-15,2022-11-16,2022-11-23,-0.02780509417854493,0.0,-0.02780509417854493,2022-11
8,2589,2023-01-16,2021—2023,1,2547,2022-11-16,2022-11-17,2022-11-24,-0.012101688887426909,0.0,-0.012101688887426909,2022-11
8,2589,2023-01-16,2021—2023,1,2548,2022-11-17,2022-11-18,2022-11-25,-0.01905578478850367,0.0,-0.01905578478850367,2022-11
8,2589,2023-01-16,2021—2023,1,2549,2022-11-18,2022-11-21,2022-11-28,-0.019789949159622844,0.0,-0.019789949159622844,2022-11
8,2589,2023-01-16,2021—2023,1,2550,2022-11-21,2022-11-22,2022-11-29,-0.006276894097490215,0.0,-0.006276894097490215,2022-11
8,2589,2023-01-16,2021—2023,1,2551,2022-11-22,2022-11-23,2022-11-30,0.017491120706528918,0.017491120706528918,0.0,2022-11
8,2589,2023-01-16,2021—2023,1,2552,2022-11-23,2022-11-24,2022-12-01,0.030830428596594572,0.030830428596594572,0.0,2022-11
8,2589,2023-01-16,2021—2023,1,2553,2022-11-24,2022-11-25,2022-12-02,0.03265510431976826,0.03265510431976826,0.0,2022-11
8,2589,2023-01-16,2021—2023,1,2554,2022-11-25,2022-11-28,2022-12-05,0.05053635325530803,0.05053635325530803,0.0,2022-11
8,2589,2023-01-16,2021—2023,1,2555,2022-11-28,2022-11-29,2022-12-06,0.04369064317698812,0.04369064317698812,0.0,2022-11
8,2589,2023-01-16,2021—2023,1,2556,2022-11-29,2022-11-30,2022-12-07,0.028136669473676434,0.028136669473676434,0.0,2022-11
8,2589,2023-01-16,2021—2023,1,2557,2022-11-30,2022-12-01,2022-12-08,0.0057212054937061385,0.0057212054937061385,0.0,2022-11
8,2589,2023-01-16,2021—2023,1,2558,2022-12-01,2022-12-02,2022-12-09,0.014091155656959176,0.014091155656959176,0.0,2022-12
8,2589,2023-01-16,2021—2023,1,2559,2022-12-02,2022-12-05,2022-12-12,0.014773577748387723,0.014773577748387723,0.0,2022-12
8,2589,2023-01-16,2021—2023,1,2560,2022-12-05,2022-12-06,2022-12-13,0.003451172083719145,0.003451172083719145,0.0,2022-12
8,2589,2023-01-16,2021—2023,1,2561,2022-12-06,2022-12-07,2022-12-14,-0.005764650661474469,0.0,-0.005764650661474469,2022-12
8,2589,2023-01-16,2021—2023,1,2562,2022-12-07,2022-12-08,2022-12-15,-0.0030366957694533125,0.0,-0.0030366957694533125,2022-12
8,2589,2023-01-16,2021—2023,1,2563,2022-12-08,2022-12-09,2022-12-16,-0.006257080087527789,0.0,-0.006257080087527789,2022-12
8,2589,2023-01-16,2021—2023,1,2564,2022-12-09,2022-12-12,2022-12-19,-0.008941312363943243,0.0,-0.008941312363943243,2022-12
8,2589,2023-01-16,2021—2023,1,2565,2022-12-12,2022-12-13,2022-12-20,-0.02116617931500031,0.0,-0.02116617931500031,2022-12
8,2589,2023-01-16,2021—2023,1,2566,2022-12-13,2022-12-14,2022-12-21,-0.030165965992183463,0.0,-0.030165965992183463,2022-12
8,2589,2023-01-16,2021—2023,1,2567,2022-12-14,2022-12-15,2022-12-22,-0.027885687306773432,0.0,-0.027885687306773432,2022-12
8,2589,2023-01-16,2021—2023,1,2568,2022-12-15,2022-12-16,2022-12-23,-0.03463714115947236,0.0,-0.03463714115947236,2022-12
8,2589,2023-01-16,2021—2023,1,2569,2022-12-16,2022-12-19,2022-12-26,-0.03578533821137553,0.0,-0.03578533821137553,2022-12
8,2589,2023-01-16,2021—2023,1,2570,2022-12-19,2022-12-20,2022-12-27,-0.0040890202541419285,0.0,-0.0040890202541419285,2022-12
8,2589,2023-01-16,2021—2023,1,2571,2022-12-20,2022-12-21,2022-12-28,0.0068766347494293445,0.0068766347494293445,0.0,2022-12
8,2589,2023-01-16,2021—2023,1,2572,2022-12-21,2022-12-22,2022-12-29,-0.0020741703318672977,0.0,-0.0020741703318672977,2022-12
8,2589,2023-01-16,2021—2023,1,2573,2022-12-22,2022-12-23,2022-12-30,0.010765138389088547,0.010765138389088547,0.0,2022-12
8,2589,2023-01-16,2021—2023,1,2574,2022-12-23,2022-12-26,2023-01-03,0.00920771906953699,0.00920771906953699,0.0,2022-12
8,2589,2023-01-16,2021—2023,1,2575,2022-12-26,2022-12-27,2023-01-04,-0.000799680127948732,0.0,-0.000799680127948732,2022-12
8,2589,2023-01-16,2021—2023,1,2576,2022-12-27,2022-12-28,2023-01-05,0.006295833175733012,0.006295833175733012,0.0,2022-12
8,2589,2023-01-16,2021—2023,1,2577,2022-12-28,2022-12-29,2023-01-06,0.02518003759495424,0.02518003759495424,0.0,2022-12
8,2589,2023-01-16,2021—2023,1,2578,2022-12-29,2022-12-30,2023-01-09,0.02937155510797429,0.02937155510797429,0.0,2022-12
8,2589,2023-01-16,2021—2023,1,2579,2022-12-30,2023-01-03,2023-01-10,0.030132174483670005,0.030132174483670005,0.0,2022-12
8,2589,2023-01-16,2021—2023,1,2580,2023-01-03,2023-01-04,2023-01-11,0.0295404105564252,0.0295404105564252,0.0,2023-01
8,2589,2023-01-16,2021—2023,1,2581,2023-01-04,2023-01-05,2023-01-12,0.024061046604228586,0.024061046604228586,0.0,2023-01
8,2589,2023-01-16,2021—2023,1,2582,2023-01-05,2023-01-06,2023-01-13,0.011334351017956878,0.011334351017956878,0.0,2023-01
8,2589,2023-01-16,2021—2023,1,2583,2023-01-06,2023-01-09,2023-01-16,0.017373885826504898,0.017373885826504898,0.0,2023-01
8,2677,2023-05-31,2021—2023,1,2415,2022-05-05,2022-05-06,2022-05-13,0.01318759846532247,0.01318759846532247,0.0,2022-05
8,2677,2023-05-31,2021—2023,1,2416,2022-05-06,2022-05-09,2022-05-16,0.02854314224851029,0.02854314224851029,0.0,2022-05
8,2677,2023-05-31,2021—2023,1,2417,2022-05-09,2022-05-10,2022-05-17,0.030189331616845116,0.030189331616845116,0.0,2022-05
8,2677,2023-05-31,2021—2023,1,2418,2022-05-10,2022-05-11,2022-05-18,0.0219268285530152,0.0219268285530152,0.0,2022-05
8,2677,2023-05-31,2021—2023,1,2419,2022-05-11,2022-05-12,2022-05-19,-0.0048378728831781626,0.0,-0.0048378728831781626,2022-05
8,2677,2023-05-31,2021—2023,1,2420,2022-05-12,2022-05-13,2022-05-20,0.004957235542656813,0.004957235542656813,0.0,2022-05
8,2677,2023-05-31,2021—2023,1,2421,2022-05-13,2022-05-16,2022-05-23,0.01666885693275133,0.01666885693275133,0.0,2022-05
8,2677,2023-05-31,2021—2023,1,2422,2022-05-16,2022-05-17,2022-05-24,0.018609609637477265,0.018609609637477265,0.0,2022-05
8,2677,2023-05-31,2021—2023,1,2423,2022-05-17,2022-05-18,2022-05-25,-0.014746643715395136,0.0,-0.014746643715395136,2022-05
8,2677,2023-05-31,2021—2023,1,2424,2022-05-18,2022-05-19,2022-05-26,0.006281466153098547,0.006281466153098547,0.0,2022-05
8,2677,2023-05-31,2021—2023,1,2425,2022-05-19,2022-05-20,2022-05-27,-0.002785668341359071,0.0,-0.002785668341359071,2022-05
8,2677,2023-05-31,2021—2023,1,2426,2022-05-20,2022-05-23,2022-05-30,-0.017681370155169907,0.0,-0.017681370155169907,2022-05
8,2677,2023-05-31,2021—2023,1,2427,2022-05-23,2022-05-24,2022-05-31,-0.008445992128944702,0.0,-0.008445992128944702,2022-05
8,2677,2023-05-31,2021—2023,1,2428,2022-05-24,2022-05-25,2022-06-01,0.029448563662324956,0.029448563662324956,0.0,2022-05
8,2677,2023-05-31,2021—2023,1,2429,2022-05-25,2022-05-26,2022-06-02,0.0177457985955356,0.0177457985955356,0.0,2022-05
8,2677,2023-05-31,2021—2023,1,2430,2022-05-26,2022-05-27,2022-06-06,0.014087833950105155,0.014087833950105155,0.0,2022-05
8,2677,2023-05-31,2021—2023,1,2431,2022-05-27,2022-05-30,2022-06-07,0.0317208768666446,0.0317208768666446,0.0,2022-05
8,2677,2023-05-31,2021—2023,1,2432,2022-05-30,2022-05-31,2022-06-08,0.03639139877547737,0.03639139877547737,0.0,2022-05
8,2677,2023-05-31,2021—2023,1,2433,2022-05-31,2022-06-01,2022-06-09,0.027511809150301936,0.027511809150301936,0.0,2022-05
8,2677,2023-05-31,2021—2023,1,2434,2022-06-01,2022-06-02,2022-06-10,0.019572126934045864,0.019572126934045864,0.0,2022-06
8,2677,2023-05-31,2021—2023,1,2435,2022-06-02,2022-06-06,2022-06-13,0.02553999147229069,0.02553999147229069,0.0,2022-06
8,2677,2023-05-31,2021—2023,1,2436,2022-06-06,2022-06-07,2022-06-14,-0.002238758841158761,0.0,-0.002238758841158761,2022-06
8,2677,2023-05-31,2021—2023,1,2437,2022-06-07,2022-06-08,2022-06-15,0.008262279813611384,0.008262279813611384,0.0,2022-06
8,2677,2023-05-31,2021—2023,1,2438,2022-06-08,2022-06-09,2022-06-16,0.016485064741875943,0.016485064741875943,0.0,2022-06
8,2677,2023-05-31,2021—2023,1,2439,2022-06-09,2022-06-10,2022-06-17,0.016477558832374672,0.016477558832374672,0.0,2022-06
8,2677,2023-05-31,2021—2023,1,2440,2022-06-10,2022-06-13,2022-06-20,0.0255137802530232,0.0255137802530232,0.0,2022-06
8,2677,2023-05-31,2021—2023,1,2441,2022-06-13,2022-06-14,2022-06-21,0.039216255943665734,0.039216255943665734,0.0,2022-06
8,2677,2023-05-31,2021—2023,1,2442,2022-06-14,2022-06-15,2022-06-22,0.022070171459495525,0.022070171459495525,0.0,2022-06
8,2677,2023-05-31,2021—2023,1,2443,2022-06-15,2022-06-16,2022-06-23,-0.004747252853448569,0.0,-0.004747252853448569,2022-06
8,2677,2023-05-31,2021—2023,1,2444,2022-06-16,2022-06-17,2022-06-24,0.028380922713344914,0.028380922713344914,0.0,2022-06
8,2677,2023-05-31,2021—2023,1,2445,2022-06-17,2022-06-20,2022-06-27,0.01947929315358743,0.01947929315358743,0.0,2022-06
8,2677,2023-05-31,2021—2023,1,2446,2022-06-20,2022-06-21,2022-06-28,0.024025172539679618,0.024025172539679618,0.0,2022-06
8,2677,2023-05-31,2021—2023,1,2447,2022-06-21,2022-06-22,2022-06-29,0.03323522144651925,0.03323522144651925,0.0,2022-06
8,2677,2023-05-31,2021—2023,1,2448,2022-06-22,2022-06-23,2022-06-30,0.034786364783695456,0.034786364783695456,0.0,2022-06
8,2677,2023-05-31,2021—2023,1,2449,2022-06-23,2022-06-24,2022-07-01,0.029997590005093944,0.029997590005093944,0.0,2022-06
8,2677,2023-05-31,2021—2023,1,2450,2022-06-24,2022-06-27,2022-07-04,0.007988955973767586,0.007988955973767586,0.0,2022-06
8,2677,2023-05-31,2021—2023,1,2451,2022-06-27,2022-06-28,2022-07-05,0.0117322835703344,0.0117322835703344,0.0,2022-06
8,2677,2023-05-31,2021—2023,1,2452,2022-06-28,2022-06-29,2022-07-06,-0.0025748528037153884,0.0,-0.0025748528037153884,2022-06
8,2677,2023-05-31,2021—2023,1,2453,2022-06-29,2022-06-30,2022-07-07,-0.0050573177322476015,0.0,-0.0050573177322476015,2022-06
8,2677,2023-05-31,2021—2023,1,2535,2022-10-31,2022-11-01,2022-11-08,0.06629624550291346,0.06629624550291346,0.0,2022-10
8,2677,2023-05-31,2021—2023,1,2536,2022-11-01,2022-11-02,2022-11-09,0.031161728856844206,0.031161728856844206,0.0,2022-11
8,2677,2023-05-31,2021—2023,1,2537,2022-11-02,2022-11-03,2022-11-10,0.005913571147730279,0.005913571147730279,0.0,2022-11
8,2677,2023-05-31,2021—2023,1,2538,2022-11-03,2022-11-04,2022-11-11,0.03395277100807026,0.03395277100807026,0.0,2022-11
8,2677,2023-05-31,2021—2023,1,2539,2022-11-04,2022-11-07,2022-11-14,0.020158900257411405,0.020158900257411405,0.0,2022-11
8,2677,2023-05-31,2021—2023,1,2540,2022-11-07,2022-11-08,2022-11-15,-0.000799680127948732,0.0,-0.000799680127948732,2022-11
8,2677,2023-05-31,2021—2023,1,2541,2022-11-08,2022-11-09,2022-11-16,0.02512976460791827,0.02512976460791827,0.0,2022-11
8,2677,2023-05-31,2021—2023,1,2542,2022-11-09,2022-11-10,2022-11-17,0.03327001644733674,0.03327001644733674,0.0,2022-11
8,2677,2023-05-31,2021—2023,1,2543,2022-11-10,2022-11-11,2022-11-18,0.007513999080555056,0.007513999080555056,0.0,2022-11
8,2677,2023-05-31,2021—2023,1,2544,2022-11-11,2022-11-14,2022-11-21,-0.018468778557259924,0.0,-0.018468778557259924,2022-11
8,2677,2023-05-31,2021—2023,1,2545,2022-11-14,2022-11-15,2022-11-22,-0.006775137059060965,0.0,-0.006775137059060965,2022-11
8,2677,2023-05-31,2021—2023,1,2546,2022-11-15,2022-11-16,2022-11-23,-0.02780509417854493,0.0,-0.02780509417854493,2022-11
8,2677,2023-05-31,2021—2023,1,2547,2022-11-16,2022-11-17,2022-11-24,-0.012101688887426909,0.0,-0.012101688887426909,2022-11
8,2677,2023-05-31,2021—2023,1,2548,2022-11-17,2022-11-18,2022-11-25,-0.01905578478850367,0.0,-0.01905578478850367,2022-11
8,2677,2023-05-31,2021—2023,1,2549,2022-11-18,2022-11-21,2022-11-28,-0.019789949159622844,0.0,-0.019789949159622844,2022-11
8,2677,2023-05-31,2021—2023,1,2550,2022-11-21,2022-11-22,2022-11-29,-0.006276894097490215,0.0,-0.006276894097490215,2022-11
8,2677,2023-05-31,2021—2023,1,2551,2022-11-22,2022-11-23,2022-11-30,0.017491120706528918,0.017491120706528918,0.0,2022-11
8,2677,2023-05-31,2021—2023,1,2552,2022-11-23,2022-11-24,2022-12-01,0.030830428596594572,0.030830428596594572,0.0,2022-11
8,2677,2023-05-31,2021—2023,1,2553,2022-11-24,2022-11-25,2022-12-02,0.03265510431976826,0.03265510431976826,0.0,2022-11
8,2677,2023-05-31,2021—2023,1,2554,2022-11-25,2022-11-28,2022-12-05,0.05053635325530803,0.05053635325530803,0.0,2022-11
8,2677,2023-05-31,2021—2023,1,2555,2022-11-28,2022-11-29,2022-12-06,0.04369064317698812,0.04369064317698812,0.0,2022-11
8,2677,2023-05-31,2021—2023,1,2556,2022-11-29,2022-11-30,2022-12-07,0.028136669473676434,0.028136669473676434,0.0,2022-11
8,2677,2023-05-31,2021—2023,1,2557,2022-11-30,2022-12-01,2022-12-08,0.0057212054937061385,0.0057212054937061385,0.0,2022-11
8,2677,2023-05-31,2021—2023,1,2558,2022-12-01,2022-12-02,2022-12-09,0.014091155656959176,0.014091155656959176,0.0,2022-12
8,2677,2023-05-31,2021—2023,1,2559,2022-12-02,2022-12-05,2022-12-12,0.014773577748387723,0.014773577748387723,0.0,2022-12
8,2677,2023-05-31,2021—2023,1,2560,2022-12-05,2022-12-06,2022-12-13,0.003451172083719145,0.003451172083719145,0.0,2022-12
8,2677,2023-05-31,2021—2023,1,2561,2022-12-06,2022-12-07,2022-12-14,-0.005764650661474469,0.0,-0.005764650661474469,2022-12
8,2677,2023-05-31,2021—2023,1,2562,2022-12-07,2022-12-08,2022-12-15,-0.0030366957694533125,0.0,-0.0030366957694533125,2022-12
8,2677,2023-05-31,2021—2023,1,2563,2022-12-08,2022-12-09,2022-12-16,-0.006257080087527789,0.0,-0.006257080087527789,2022-12
8,2677,2023-05-31,2021—2023,1,2564,2022-12-09,2022-12-12,2022-12-19,-0.008941312363943243,0.0,-0.008941312363943243,2022-12
8,2677,2023-05-31,2021—2023,1,2565,2022-12-12,2022-12-13,2022-12-20,-0.02116617931500031,0.0,-0.02116617931500031,2022-12
8,2677,2023-05-31,2021—2023,1,2566,2022-12-13,2022-12-14,2022-12-21,-0.030165965992183463,0.0,-0.030165965992183463,2022-12
8,2677,2023-05-31,2021—2023,1,2567,2022-12-14,2022-12-15,2022-12-22,-0.027885687306773432,0.0,-0.027885687306773432,2022-12
8,2677,2023-05-31,2021—2023,1,2568,2022-12-15,2022-12-16,2022-12-23,-0.03463714115947236,0.0,-0.03463714115947236,2022-12
8,2677,2023-05-31,2021—2023,1,2569,2022-12-16,2022-12-19,2022-12-26,-0.03578533821137553,0.0,-0.03578533821137553,2022-12
8,2677,2023-05-31,2021—2023,1,2570,2022-12-19,2022-12-20,2022-12-27,-0.0040890202541419285,0.0,-0.0040890202541419285,2022-12
8,2677,2023-05-31,2021—2023,1,2571,2022-12-20,2022-12-21,2022-12-28,0.0068766347494293445,0.0068766347494293445,0.0,2022-12
8,2677,2023-05-31,2021—2023,1,2572,2022-12-21,2022-12-22,2022-12-29,-0.0020741703318672977,0.0,-0.0020741703318672977,2022-12
8,2677,2023-05-31,2021—2023,1,2573,2022-12-22,2022-12-23,2022-12-30,0.010765138389088547,0.010765138389088547,0.0,2022-12
8,2677,2023-05-31,2021—2023,1,2574,2022-12-23,2022-12-26,2023-01-03,0.00920771906953699,0.00920771906953699,0.0,2022-12
8,2677,2023-05-31,2021—2023,1,2575,2022-12-26,2022-12-27,2023-01-04,-0.000799680127948732,0.0,-0.000799680127948732,2022-12
8,2677,2023-05-31,2021—2023,1,2576,2022-12-27,2022-12-28,2023-01-05,0.006295833175733012,0.006295833175733012,0.0,2022-12
8,2677,2023-05-31,2021—2023,1,2577,2022-12-28,2022-12-29,2023-01-06,0.02518003759495424,0.02518003759495424,0.0,2022-12
8,2677,2023-05-31,2021—2023,1,2578,2022-12-29,2022-12-30,2023-01-09,0.02937155510797429,0.02937155510797429,0.0,2022-12
8,2677,2023-05-31,2021—2023,1,2579,2022-12-30,2023-01-03,2023-01-10,0.030132174483670005,0.030132174483670005,0.0,2022-12
8,2677,2023-05-31,2021—2023,1,2580,2023-01-03,2023-01-04,2023-01-11,0.0295404105564252,0.0295404105564252,0.0,2023-01
8,2677,2023-05-31,2021—2023,1,2581,2023-01-04,2023-01-05,2023-01-12,0.024061046604228586,0.024061046604228586,0.0,2023-01
8,2677,2023-05-31,2021—2023,1,2582,2023-01-05,2023-01-06,2023-01-13,0.011334351017956878,0.011334351017956878,0.0,2023-01
8,2677,2023-05-31,2021—2023,1,2583,2023-01-06,2023-01-09,2023-01-16,0.017373885826504898,0.017373885826504898,0.0,2023-01
8,2677,2023-05-31,2021—2023,1,2584,2023-01-09,2023-01-10,2023-01-17,0.03085326144523748,0.03085326144523748,0.0,2023-01
8,2677,2023-05-31,2021—2023,1,2585,2023-01-10,2023-01-11,2023-01-18,0.0293147807021239,0.0293147807021239,0.0,2023-01
8,2677,2023-05-31,2021—2023,1,2586,2023-01-11,2023-01-12,2023-01-19,0.021693475251777894,0.021693475251777894,0.0,2023-01
8,2677,2023-05-31,2021—2023,1,2587,2023-01-12,2023-01-13,2023-01-20,0.03288748008368714,0.03288748008368714,0.0,2023-01
8,2677,2023-05-31,2021—2023,1,2588,2023-01-13,2023-01-16,2023-01-30,0.039510357226302695,0.039510357226302695,0.0,2023-01
8,2677,2023-05-31,2021—2023,1,2589,2023-01-16,2023-01-17,2023-01-31,0.01244911871317056,0.01244911871317056,0.0,2023-01
8,2677,2023-05-31,2021—2023,1,2590,2023-01-17,2023-01-18,2023-02-01,0.0011260251380056374,0.0011260251380056374,0.0,2023-01
8,2677,2023-05-31,2021—2023,1,2591,2023-01-18,2023-01-19,2023-02-02,0.016394508604701485,0.016394508604701485,0.0,2023-01
8,2677,2023-05-31,2021—2023,1,2592,2023-01-19,2023-01-20,2023-02-03,-0.007735249605279937,0.0,-0.007735249605279937,2023-01
8,2677,2023-05-31,2021—2023,1,2593,2023-01-20,2023-01-30,2023-02-06,-0.039924288197968116,0.0,-0.039924288197968116,2023-01
8,2677,2023-05-31,2021—2023,1,2594,2023-01-30,2023-01-31,2023-02-07,-0.03210621756519305,0.0,-0.03210621756519305,2023-01
8,2688,2023-06-15,2021—2023,1,2415,2022-05-05,2022-05-06,2022-05-13,0.01318759846532247,0.01318759846532247,0.0,2022-05
8,2688,2023-06-15,2021—2023,1,2416,2022-05-06,2022-05-09,2022-05-16,0.02854314224851029,0.02854314224851029,0.0,2022-05
8,2688,2023-06-15,2021—2023,1,2417,2022-05-09,2022-05-10,2022-05-17,0.030189331616845116,0.030189331616845116,0.0,2022-05
8,2688,2023-06-15,2021—2023,1,2418,2022-05-10,2022-05-11,2022-05-18,0.0219268285530152,0.0219268285530152,0.0,2022-05
8,2688,2023-06-15,2021—2023,1,2419,2022-05-11,2022-05-12,2022-05-19,-0.0048378728831781626,0.0,-0.0048378728831781626,2022-05
8,2688,2023-06-15,2021—2023,1,2420,2022-05-12,2022-05-13,2022-05-20,0.004957235542656813,0.004957235542656813,0.0,2022-05
8,2688,2023-06-15,2021—2023,1,2421,2022-05-13,2022-05-16,2022-05-23,0.01666885693275133,0.01666885693275133,0.0,2022-05
8,2688,2023-06-15,2021—2023,1,2422,2022-05-16,2022-05-17,2022-05-24,0.018609609637477265,0.018609609637477265,0.0,2022-05
8,2688,2023-06-15,2021—2023,1,2423,2022-05-17,2022-05-18,2022-05-25,-0.014746643715395136,0.0,-0.014746643715395136,2022-05
8,2688,2023-06-15,2021—2023,1,2424,2022-05-18,2022-05-19,2022-05-26,0.006281466153098547,0.006281466153098547,0.0,2022-05
8,2688,2023-06-15,2021—2023,1,2425,2022-05-19,2022-05-20,2022-05-27,-0.002785668341359071,0.0,-0.002785668341359071,2022-05
8,2688,2023-06-15,2021—2023,1,2426,2022-05-20,2022-05-23,2022-05-30,-0.017681370155169907,0.0,-0.017681370155169907,2022-05
8,2688,2023-06-15,2021—2023,1,2427,2022-05-23,2022-05-24,2022-05-31,-0.008445992128944702,0.0,-0.008445992128944702,2022-05
8,2688,2023-06-15,2021—2023,1,2428,2022-05-24,2022-05-25,2022-06-01,0.029448563662324956,0.029448563662324956,0.0,2022-05
8,2688,2023-06-15,2021—2023,1,2429,2022-05-25,2022-05-26,2022-06-02,0.0177457985955356,0.0177457985955356,0.0,2022-05
8,2688,2023-06-15,2021—2023,1,2430,2022-05-26,2022-05-27,2022-06-06,0.014087833950105155,0.014087833950105155,0.0,2022-05
8,2688,2023-06-15,2021—2023,1,2431,2022-05-27,2022-05-30,2022-06-07,0.0317208768666446,0.0317208768666446,0.0,2022-05
8,2688,2023-06-15,2021—2023,1,2432,2022-05-30,2022-05-31,2022-06-08,0.03639139877547737,0.03639139877547737,0.0,2022-05
8,2688,2023-06-15,2021—2023,1,2433,2022-05-31,2022-06-01,2022-06-09,0.027511809150301936,0.027511809150301936,0.0,2022-05
8,2688,2023-06-15,2021—2023,1,2434,2022-06-01,2022-06-02,2022-06-10,0.019572126934045864,0.019572126934045864,0.0,2022-06
8,2688,2023-06-15,2021—2023,1,2435,2022-06-02,2022-06-06,2022-06-13,0.02553999147229069,0.02553999147229069,0.0,2022-06
8,2688,2023-06-15,2021—2023,1,2436,2022-06-06,2022-06-07,2022-06-14,-0.002238758841158761,0.0,-0.002238758841158761,2022-06
8,2688,2023-06-15,2021—2023,1,2437,2022-06-07,2022-06-08,2022-06-15,0.008262279813611384,0.008262279813611384,0.0,2022-06
8,2688,2023-06-15,2021—2023,1,2438,2022-06-08,2022-06-09,2022-06-16,0.016485064741875943,0.016485064741875943,0.0,2022-06
8,2688,2023-06-15,2021—2023,1,2439,2022-06-09,2022-06-10,2022-06-17,0.016477558832374672,0.016477558832374672,0.0,2022-06
8,2688,2023-06-15,2021—2023,1,2440,2022-06-10,2022-06-13,2022-06-20,0.0255137802530232,0.0255137802530232,0.0,2022-06
8,2688,2023-06-15,2021—2023,1,2441,2022-06-13,2022-06-14,2022-06-21,0.039216255943665734,0.039216255943665734,0.0,2022-06
8,2688,2023-06-15,2021—2023,1,2442,2022-06-14,2022-06-15,2022-06-22,0.022070171459495525,0.022070171459495525,0.0,2022-06
8,2688,2023-06-15,2021—2023,1,2443,2022-06-15,2022-06-16,2022-06-23,-0.004747252853448569,0.0,-0.004747252853448569,2022-06
8,2688,2023-06-15,2021—2023,1,2444,2022-06-16,2022-06-17,2022-06-24,0.028380922713344914,0.028380922713344914,0.0,2022-06
8,2688,2023-06-15,2021—2023,1,2445,2022-06-17,2022-06-20,2022-06-27,0.01947929315358743,0.01947929315358743,0.0,2022-06
8,2688,2023-06-15,2021—2023,1,2446,2022-06-20,2022-06-21,2022-06-28,0.024025172539679618,0.024025172539679618,0.0,2022-06
8,2688,2023-06-15,2021—2023,1,2447,2022-06-21,2022-06-22,2022-06-29,0.03323522144651925,0.03323522144651925,0.0,2022-06
8,2688,2023-06-15,2021—2023,1,2448,2022-06-22,2022-06-23,2022-06-30,0.034786364783695456,0.034786364783695456,0.0,2022-06
8,2688,2023-06-15,2021—2023,1,2449,2022-06-23,2022-06-24,2022-07-01,0.029997590005093944,0.029997590005093944,0.0,2022-06
8,2688,2023-06-15,2021—2023,1,2450,2022-06-24,2022-06-27,2022-07-04,0.007988955973767586,0.007988955973767586,0.0,2022-06
8,2688,2023-06-15,2021—2023,1,2451,2022-06-27,2022-06-28,2022-07-05,0.0117322835703344,0.0117322835703344,0.0,2022-06
8,2688,2023-06-15,2021—2023,1,2452,2022-06-28,2022-06-29,2022-07-06,-0.0025748528037153884,0.0,-0.0025748528037153884,2022-06
8,2688,2023-06-15,2021—2023,1,2453,2022-06-29,2022-06-30,2022-07-07,-0.0050573177322476015,0.0,-0.0050573177322476015,2022-06
8,2688,2023-06-15,2021—2023,1,2535,2022-10-31,2022-11-01,2022-11-08,0.06629624550291346,0.06629624550291346,0.0,2022-10
8,2688,2023-06-15,2021—2023,1,2536,2022-11-01,2022-11-02,2022-11-09,0.031161728856844206,0.031161728856844206,0.0,2022-11
8,2688,2023-06-15,2021—2023,1,2537,2022-11-02,2022-11-03,2022-11-10,0.005913571147730279,0.005913571147730279,0.0,2022-11
8,2688,2023-06-15,2021—2023,1,2538,2022-11-03,2022-11-04,2022-11-11,0.03395277100807026,0.03395277100807026,0.0,2022-11
8,2688,2023-06-15,2021—2023,1,2539,2022-11-04,2022-11-07,2022-11-14,0.020158900257411405,0.020158900257411405,0.0,2022-11
8,2688,2023-06-15,2021—2023,1,2540,2022-11-07,2022-11-08,2022-11-15,-0.000799680127948732,0.0,-0.000799680127948732,2022-11
8,2688,2023-06-15,2021—2023,1,2541,2022-11-08,2022-11-09,2022-11-16,0.02512976460791827,0.02512976460791827,0.0,2022-11
8,2688,2023-06-15,2021—2023,1,2542,2022-11-09,2022-11-10,2022-11-17,0.03327001644733674,0.03327001644733674,0.0,2022-11
8,2688,2023-06-15,2021—2023,1,2543,2022-11-10,2022-11-11,2022-11-18,0.007513999080555056,0.007513999080555056,0.0,2022-11
8,2688,2023-06-15,2021—2023,1,2544,2022-11-11,2022-11-14,2022-11-21,-0.018468778557259924,0.0,-0.018468778557259924,2022-11
8,2688,2023-06-15,2021—2023,1,2545,2022-11-14,2022-11-15,2022-11-22,-0.006775137059060965,0.0,-0.006775137059060965,2022-11
8,2688,2023-06-15,2021—2023,1,2546,2022-11-15,2022-11-16,2022-11-23,-0.02780509417854493,0.0,-0.02780509417854493,2022-11
8,2688,2023-06-15,2021—2023,1,2547,2022-11-16,2022-11-17,2022-11-24,-0.012101688887426909,0.0,-0.012101688887426909,2022-11
8,2688,2023-06-15,2021—2023,1,2548,2022-11-17,2022-11-18,2022-11-25,-0.01905578478850367,0.0,-0.01905578478850367,2022-11
8,2688,2023-06-15,2021—2023,1,2549,2022-11-18,2022-11-21,2022-11-28,-0.019789949159622844,0.0,-0.019789949159622844,2022-11
8,2688,2023-06-15,2021—2023,1,2550,2022-11-21,2022-11-22,2022-11-29,-0.006276894097490215,0.0,-0.006276894097490215,2022-11
8,2688,2023-06-15,2021—2023,1,2551,2022-11-22,2022-11-23,2022-11-30,0.017491120706528918,0.017491120706528918,0.0,2022-11
8,2688,2023-06-15,2021—2023,1,2552,2022-11-23,2022-11-24,2022-12-01,0.030830428596594572,0.030830428596594572,0.0,2022-11
8,2688,2023-06-15,2021—2023,1,2553,2022-11-24,2022-11-25,2022-12-02,0.03265510431976826,0.03265510431976826,0.0,2022-11
8,2688,2023-06-15,2021—2023,1,2554,2022-11-25,2022-11-28,2022-12-05,0.05053635325530803,0.05053635325530803,0.0,2022-11
8,2688,2023-06-15,2021—2023,1,2555,2022-11-28,2022-11-29,2022-12-06,0.04369064317698812,0.04369064317698812,0.0,2022-11
8,2688,2023-06-15,2021—2023,1,2556,2022-11-29,2022-11-30,2022-12-07,0.028136669473676434,0.028136669473676434,0.0,2022-11
8,2688,2023-06-15,2021—2023,1,2557,2022-11-30,2022-12-01,2022-12-08,0.0057212054937061385,0.0057212054937061385,0.0,2022-11
8,2688,2023-06-15,2021—2023,1,2558,2022-12-01,2022-12-02,2022-12-09,0.014091155656959176,0.014091155656959176,0.0,2022-12
8,2688,2023-06-15,2021—2023,1,2559,2022-12-02,2022-12-05,2022-12-12,0.014773577748387723,0.014773577748387723,0.0,2022-12
8,2688,2023-06-15,2021—2023,1,2560,2022-12-05,2022-12-06,2022-12-13,0.003451172083719145,0.003451172083719145,0.0,2022-12
8,2688,2023-06-15,2021—2023,1,2561,2022-12-06,2022-12-07,2022-12-14,-0.005764650661474469,0.0,-0.005764650661474469,2022-12
8,2688,2023-06-15,2021—2023,1,2562,2022-12-07,2022-12-08,2022-12-15,-0.0030366957694533125,0.0,-0.0030366957694533125,2022-12
8,2688,2023-06-15,2021—2023,1,2563,2022-12-08,2022-12-09,2022-12-16,-0.006257080087527789,0.0,-0.006257080087527789,2022-12
8,2688,2023-06-15,2021—2023,1,2564,2022-12-09,2022-12-12,2022-12-19,-0.008941312363943243,0.0,-0.008941312363943243,2022-12
8,2688,2023-06-15,2021—2023,1,2565,2022-12-12,2022-12-13,2022-12-20,-0.02116617931500031,0.0,-0.02116617931500031,2022-12
8,2688,2023-06-15,2021—2023,1,2566,2022-12-13,2022-12-14,2022-12-21,-0.030165965992183463,0.0,-0.030165965992183463,2022-12
8,2688,2023-06-15,2021—2023,1,2567,2022-12-14,2022-12-15,2022-12-22,-0.027885687306773432,0.0,-0.027885687306773432,2022-12
8,2688,2023-06-15,2021—2023,1,2568,2022-12-15,2022-12-16,2022-12-23,-0.03463714115947236,0.0,-0.03463714115947236,2022-12
8,2688,2023-06-15,2021—2023,1,2569,2022-12-16,2022-12-19,2022-12-26,-0.03578533821137553,0.0,-0.03578533821137553,2022-12
8,2688,2023-06-15,2021—2023,1,2570,2022-12-19,2022-12-20,2022-12-27,-0.0040890202541419285,0.0,-0.0040890202541419285,2022-12
8,2688,2023-06-15,2021—2023,1,2571,2022-12-20,2022-12-21,2022-12-28,0.0068766347494293445,0.0068766347494293445,0.0,2022-12
8,2688,2023-06-15,2021—2023,1,2572,2022-12-21,2022-12-22,2022-12-29,-0.0020741703318672977,0.0,-0.0020741703318672977,2022-12
8,2688,2023-06-15,2021—2023,1,2573,2022-12-22,2022-12-23,2022-12-30,0.010765138389088547,0.010765138389088547,0.0,2022-12
8,2688,2023-06-15,2021—2023,1,2574,2022-12-23,2022-12-26,2023-01-03,0.00920771906953699,0.00920771906953699,0.0,2022-12
8,2688,2023-06-15,2021—2023,1,2575,2022-12-26,2022-12-27,2023-01-04,-0.000799680127948732,0.0,-0.000799680127948732,2022-12
8,2688,2023-06-15,2021—2023,1,2576,2022-12-27,2022-12-28,2023-01-05,0.006295833175733012,0.006295833175733012,0.0,2022-12
8,2688,2023-06-15,2021—2023,1,2577,2022-12-28,2022-12-29,2023-01-06,0.02518003759495424,0.02518003759495424,0.0,2022-12
8,2688,2023-06-15,2021—2023,1,2578,2022-12-29,2022-12-30,2023-01-09,0.02937155510797429,0.02937155510797429,0.0,2022-12
8,2688,2023-06-15,2021—2023,1,2579,2022-12-30,2023-01-03,2023-01-10,0.030132174483670005,0.030132174483670005,0.0,2022-12
8,2688,2023-06-15,2021—2023,1,2580,2023-01-03,2023-01-04,2023-01-11,0.0295404105564252,0.0295404105564252,0.0,2023-01
8,2688,2023-06-15,2021—2023,1,2581,2023-01-04,2023-01-05,2023-01-12,0.024061046604228586,0.024061046604228586,0.0,2023-01
8,2688,2023-06-15,2021—2023,1,2582,2023-01-05,2023-01-06,2023-01-13,0.011334351017956878,0.011334351017956878,0.0,2023-01
8,2688,2023-06-15,2021—2023,1,2583,2023-01-06,2023-01-09,2023-01-16,0.017373885826504898,0.017373885826504898,0.0,2023-01
8,2688,2023-06-15,2021—2023,1,2584,2023-01-09,2023-01-10,2023-01-17,0.03085326144523748,0.03085326144523748,0.0,2023-01
8,2688,2023-06-15,2021—2023,1,2585,2023-01-10,2023-01-11,2023-01-18,0.0293147807021239,0.0293147807021239,0.0,2023-01
8,2688,2023-06-15,2021—2023,1,2586,2023-01-11,2023-01-12,2023-01-19,0.021693475251777894,0.021693475251777894,0.0,2023-01
8,2688,2023-06-15,2021—2023,1,2587,2023-01-12,2023-01-13,2023-01-20,0.03288748008368714,0.03288748008368714,0.0,2023-01
8,2688,2023-06-15,2021—2023,1,2588,2023-01-13,2023-01-16,2023-01-30,0.039510357226302695,0.039510357226302695,0.0,2023-01
8,2688,2023-06-15,2021—2023,1,2589,2023-01-16,2023-01-17,2023-01-31,0.01244911871317056,0.01244911871317056,0.0,2023-01
8,2688,2023-06-15,2021—2023,1,2590,2023-01-17,2023-01-18,2023-02-01,0.0011260251380056374,0.0011260251380056374,0.0,2023-01
8,2688,2023-06-15,2021—2023,1,2591,2023-01-18,2023-01-19,2023-02-02,0.016394508604701485,0.016394508604701485,0.0,2023-01
8,2688,2023-06-15,2021—2023,1,2592,2023-01-19,2023-01-20,2023-02-03,-0.007735249605279937,0.0,-0.007735249605279937,2023-01
8,2688,2023-06-15,2021—2023,1,2593,2023-01-20,2023-01-30,2023-02-06,-0.039924288197968116,0.0,-0.039924288197968116,2023-01
8,2688,2023-06-15,2021—2023,1,2594,2023-01-30,2023-01-31,2023-02-07,-0.03210621756519305,0.0,-0.03210621756519305,2023-01
8,2688,2023-06-15,2021—2023,1,2677,2023-05-31,2023-06-01,2023-06-08,-0.0036898204168239745,0.0,-0.0036898204168239745,2023-05
8,2688,2023-06-15,2021—2023,1,2678,2023-06-01,2023-06-02,2023-06-09,-0.0031452207849256286,0.0,-0.0031452207849256286,2023-06
8,2688,2023-06-15,2021—2023,1,2679,2023-06-02,2023-06-05,2023-06-12,-0.007269508668948932,0.0,-0.007269508668948932,2023-06
8,2688,2023-06-15,2021—2023,1,2680,2023-06-05,2023-06-06,2023-06-13,-0.004433135836574453,0.0,-0.004433135836574453,2023-06
8,2688,2023-06-15,2021—2023,1,2681,2023-06-06,2023-06-07,2023-06-14,0.01252647476574209,0.01252647476574209,0.0,2023-06
8,2688,2023-06-15,2021—2023,1,2682,2023-06-07,2023-06-08,2023-06-15,0.020762010985079682,0.020762010985079682,0.0,2023-06
8,2694,2023-06-27,2021—2023,1,2415,2022-05-05,2022-05-06,2022-05-13,0.01318759846532247,0.01318759846532247,0.0,2022-05
8,2694,2023-06-27,2021—2023,1,2416,2022-05-06,2022-05-09,2022-05-16,0.02854314224851029,0.02854314224851029,0.0,2022-05
8,2694,2023-06-27,2021—2023,1,2417,2022-05-09,2022-05-10,2022-05-17,0.030189331616845116,0.030189331616845116,0.0,2022-05
8,2694,2023-06-27,2021—2023,1,2418,2022-05-10,2022-05-11,2022-05-18,0.0219268285530152,0.0219268285530152,0.0,2022-05
8,2694,2023-06-27,2021—2023,1,2419,2022-05-11,2022-05-12,2022-05-19,-0.0048378728831781626,0.0,-0.0048378728831781626,2022-05
8,2694,2023-06-27,2021—2023,1,2420,2022-05-12,2022-05-13,2022-05-20,0.004957235542656813,0.004957235542656813,0.0,2022-05
8,2694,2023-06-27,2021—2023,1,2421,2022-05-13,2022-05-16,2022-05-23,0.01666885693275133,0.01666885693275133,0.0,2022-05
8,2694,2023-06-27,2021—2023,1,2422,2022-05-16,2022-05-17,2022-05-24,0.018609609637477265,0.018609609637477265,0.0,2022-05
8,2694,2023-06-27,2021—2023,1,2423,2022-05-17,2022-05-18,2022-05-25,-0.014746643715395136,0.0,-0.014746643715395136,2022-05
8,2694,2023-06-27,2021—2023,1,2424,2022-05-18,2022-05-19,2022-05-26,0.006281466153098547,0.006281466153098547,0.0,2022-05
8,2694,2023-06-27,2021—2023,1,2425,2022-05-19,2022-05-20,2022-05-27,-0.002785668341359071,0.0,-0.002785668341359071,2022-05
8,2694,2023-06-27,2021—2023,1,2426,2022-05-20,2022-05-23,2022-05-30,-0.017681370155169907,0.0,-0.017681370155169907,2022-05
8,2694,2023-06-27,2021—2023,1,2427,2022-05-23,2022-05-24,2022-05-31,-0.008445992128944702,0.0,-0.008445992128944702,2022-05
8,2694,2023-06-27,2021—2023,1,2428,2022-05-24,2022-05-25,2022-06-01,0.029448563662324956,0.029448563662324956,0.0,2022-05
8,2694,2023-06-27,2021—2023,1,2429,2022-05-25,2022-05-26,2022-06-02,0.0177457985955356,0.0177457985955356,0.0,2022-05
8,2694,2023-06-27,2021—2023,1,2430,2022-05-26,2022-05-27,2022-06-06,0.014087833950105155,0.014087833950105155,0.0,2022-05
8,2694,2023-06-27,2021—2023,1,2431,2022-05-27,2022-05-30,2022-06-07,0.0317208768666446,0.0317208768666446,0.0,2022-05
8,2694,2023-06-27,2021—2023,1,2432,2022-05-30,2022-05-31,2022-06-08,0.03639139877547737,0.03639139877547737,0.0,2022-05
8,2694,2023-06-27,2021—2023,1,2433,2022-05-31,2022-06-01,2022-06-09,0.027511809150301936,0.027511809150301936,0.0,2022-05
8,2694,2023-06-27,2021—2023,1,2434,2022-06-01,2022-06-02,2022-06-10,0.019572126934045864,0.019572126934045864,0.0,2022-06
8,2694,2023-06-27,2021—2023,1,2435,2022-06-02,2022-06-06,2022-06-13,0.02553999147229069,0.02553999147229069,0.0,2022-06
8,2694,2023-06-27,2021—2023,1,2436,2022-06-06,2022-06-07,2022-06-14,-0.002238758841158761,0.0,-0.002238758841158761,2022-06
8,2694,2023-06-27,2021—2023,1,2437,2022-06-07,2022-06-08,2022-06-15,0.008262279813611384,0.008262279813611384,0.0,2022-06
8,2694,2023-06-27,2021—2023,1,2438,2022-06-08,2022-06-09,2022-06-16,0.016485064741875943,0.016485064741875943,0.0,2022-06
8,2694,2023-06-27,2021—2023,1,2439,2022-06-09,2022-06-10,2022-06-17,0.016477558832374672,0.016477558832374672,0.0,2022-06
8,2694,2023-06-27,2021—2023,1,2440,2022-06-10,2022-06-13,2022-06-20,0.0255137802530232,0.0255137802530232,0.0,2022-06
8,2694,2023-06-27,2021—2023,1,2441,2022-06-13,2022-06-14,2022-06-21,0.039216255943665734,0.039216255943665734,0.0,2022-06
8,2694,2023-06-27,2021—2023,1,2442,2022-06-14,2022-06-15,2022-06-22,0.022070171459495525,0.022070171459495525,0.0,2022-06
8,2694,2023-06-27,2021—2023,1,2443,2022-06-15,2022-06-16,2022-06-23,-0.004747252853448569,0.0,-0.004747252853448569,2022-06
8,2694,2023-06-27,2021—2023,1,2444,2022-06-16,2022-06-17,2022-06-24,0.028380922713344914,0.028380922713344914,0.0,2022-06
8,2694,2023-06-27,2021—2023,1,2445,2022-06-17,2022-06-20,2022-06-27,0.01947929315358743,0.01947929315358743,0.0,2022-06
8,2694,2023-06-27,2021—2023,1,2446,2022-06-20,2022-06-21,2022-06-28,0.024025172539679618,0.024025172539679618,0.0,2022-06
8,2694,2023-06-27,2021—2023,1,2447,2022-06-21,2022-06-22,2022-06-29,0.03323522144651925,0.03323522144651925,0.0,2022-06
8,2694,2023-06-27,2021—2023,1,2448,2022-06-22,2022-06-23,2022-06-30,0.034786364783695456,0.034786364783695456,0.0,2022-06
8,2694,2023-06-27,2021—2023,1,2449,2022-06-23,2022-06-24,2022-07-01,0.029997590005093944,0.029997590005093944,0.0,2022-06
8,2694,2023-06-27,2021—2023,1,2450,2022-06-24,2022-06-27,2022-07-04,0.007988955973767586,0.007988955973767586,0.0,2022-06
8,2694,2023-06-27,2021—2023,1,2451,2022-06-27,2022-06-28,2022-07-05,0.0117322835703344,0.0117322835703344,0.0,2022-06
8,2694,2023-06-27,2021—2023,1,2452,2022-06-28,2022-06-29,2022-07-06,-0.0025748528037153884,0.0,-0.0025748528037153884,2022-06
8,2694,2023-06-27,2021—2023,1,2453,2022-06-29,2022-06-30,2022-07-07,-0.0050573177322476015,0.0,-0.0050573177322476015,2022-06
8,2694,2023-06-27,2021—2023,1,2535,2022-10-31,2022-11-01,2022-11-08,0.06629624550291346,0.06629624550291346,0.0,2022-10
8,2694,2023-06-27,2021—2023,1,2536,2022-11-01,2022-11-02,2022-11-09,0.031161728856844206,0.031161728856844206,0.0,2022-11
8,2694,2023-06-27,2021—2023,1,2537,2022-11-02,2022-11-03,2022-11-10,0.005913571147730279,0.005913571147730279,0.0,2022-11
8,2694,2023-06-27,2021—2023,1,2538,2022-11-03,2022-11-04,2022-11-11,0.03395277100807026,0.03395277100807026,0.0,2022-11
8,2694,2023-06-27,2021—2023,1,2539,2022-11-04,2022-11-07,2022-11-14,0.020158900257411405,0.020158900257411405,0.0,2022-11
8,2694,2023-06-27,2021—2023,1,2540,2022-11-07,2022-11-08,2022-11-15,-0.000799680127948732,0.0,-0.000799680127948732,2022-11
8,2694,2023-06-27,2021—2023,1,2541,2022-11-08,2022-11-09,2022-11-16,0.02512976460791827,0.02512976460791827,0.0,2022-11
8,2694,2023-06-27,2021—2023,1,2542,2022-11-09,2022-11-10,2022-11-17,0.03327001644733674,0.03327001644733674,0.0,2022-11
8,2694,2023-06-27,2021—2023,1,2543,2022-11-10,2022-11-11,2022-11-18,0.007513999080555056,0.007513999080555056,0.0,2022-11
8,2694,2023-06-27,2021—2023,1,2544,2022-11-11,2022-11-14,2022-11-21,-0.018468778557259924,0.0,-0.018468778557259924,2022-11
8,2694,2023-06-27,2021—2023,1,2545,2022-11-14,2022-11-15,2022-11-22,-0.006775137059060965,0.0,-0.006775137059060965,2022-11
8,2694,2023-06-27,2021—2023,1,2546,2022-11-15,2022-11-16,2022-11-23,-0.02780509417854493,0.0,-0.02780509417854493,2022-11
8,2694,2023-06-27,2021—2023,1,2547,2022-11-16,2022-11-17,2022-11-24,-0.012101688887426909,0.0,-0.012101688887426909,2022-11
8,2694,2023-06-27,2021—2023,1,2548,2022-11-17,2022-11-18,2022-11-25,-0.01905578478850367,0.0,-0.01905578478850367,2022-11
8,2694,2023-06-27,2021—2023,1,2549,2022-11-18,2022-11-21,2022-11-28,-0.019789949159622844,0.0,-0.019789949159622844,2022-11
8,2694,2023-06-27,2021—2023,1,2550,2022-11-21,2022-11-22,2022-11-29,-0.006276894097490215,0.0,-0.006276894097490215,2022-11
8,2694,2023-06-27,2021—2023,1,2551,2022-11-22,2022-11-23,2022-11-30,0.017491120706528918,0.017491120706528918,0.0,2022-11
8,2694,2023-06-27,2021—2023,1,2552,2022-11-23,2022-11-24,2022-12-01,0.030830428596594572,0.030830428596594572,0.0,2022-11
8,2694,2023-06-27,2021—2023,1,2553,2022-11-24,2022-11-25,2022-12-02,0.03265510431976826,0.03265510431976826,0.0,2022-11
8,2694,2023-06-27,2021—2023,1,2554,2022-11-25,2022-11-28,2022-12-05,0.05053635325530803,0.05053635325530803,0.0,2022-11
8,2694,2023-06-27,2021—2023,1,2555,2022-11-28,2022-11-29,2022-12-06,0.04369064317698812,0.04369064317698812,0.0,2022-11
8,2694,2023-06-27,2021—2023,1,2556,2022-11-29,2022-11-30,2022-12-07,0.028136669473676434,0.028136669473676434,0.0,2022-11
8,2694,2023-06-27,2021—2023,1,2557,2022-11-30,2022-12-01,2022-12-08,0.0057212054937061385,0.0057212054937061385,0.0,2022-11
8,2694,2023-06-27,2021—2023,1,2558,2022-12-01,2022-12-02,2022-12-09,0.014091155656959176,0.014091155656959176,0.0,2022-12
8,2694,2023-06-27,2021—2023,1,2559,2022-12-02,2022-12-05,2022-12-12,0.014773577748387723,0.014773577748387723,0.0,2022-12
8,2694,2023-06-27,2021—2023,1,2560,2022-12-05,2022-12-06,2022-12-13,0.003451172083719145,0.003451172083719145,0.0,2022-12
8,2694,2023-06-27,2021—2023,1,2561,2022-12-06,2022-12-07,2022-12-14,-0.005764650661474469,0.0,-0.005764650661474469,2022-12
8,2694,2023-06-27,2021—2023,1,2562,2022-12-07,2022-12-08,2022-12-15,-0.0030366957694533125,0.0,-0.0030366957694533125,2022-12
8,2694,2023-06-27,2021—2023,1,2563,2022-12-08,2022-12-09,2022-12-16,-0.006257080087527789,0.0,-0.006257080087527789,2022-12
8,2694,2023-06-27,2021—2023,1,2564,2022-12-09,2022-12-12,2022-12-19,-0.008941312363943243,0.0,-0.008941312363943243,2022-12
8,2694,2023-06-27,2021—2023,1,2565,2022-12-12,2022-12-13,2022-12-20,-0.02116617931500031,0.0,-0.02116617931500031,2022-12
8,2694,2023-06-27,2021—2023,1,2566,2022-12-13,2022-12-14,2022-12-21,-0.030165965992183463,0.0,-0.030165965992183463,2022-12
8,2694,2023-06-27,2021—2023,1,2567,2022-12-14,2022-12-15,2022-12-22,-0.027885687306773432,0.0,-0.027885687306773432,2022-12
8,2694,2023-06-27,2021—2023,1,2568,2022-12-15,2022-12-16,2022-12-23,-0.03463714115947236,0.0,-0.03463714115947236,2022-12
8,2694,2023-06-27,2021—2023,1,2569,2022-12-16,2022-12-19,2022-12-26,-0.03578533821137553,0.0,-0.03578533821137553,2022-12
8,2694,2023-06-27,2021—2023,1,2570,2022-12-19,2022-12-20,2022-12-27,-0.0040890202541419285,0.0,-0.0040890202541419285,2022-12
8,2694,2023-06-27,2021—2023,1,2571,2022-12-20,2022-12-21,2022-12-28,0.0068766347494293445,0.0068766347494293445,0.0,2022-12
8,2694,2023-06-27,2021—2023,1,2572,2022-12-21,2022-12-22,2022-12-29,-0.0020741703318672977,0.0,-0.0020741703318672977,2022-12
8,2694,2023-06-27,2021—2023,1,2573,2022-12-22,2022-12-23,2022-12-30,0.010765138389088547,0.010765138389088547,0.0,2022-12
8,2694,2023-06-27,2021—2023,1,2574,2022-12-23,2022-12-26,2023-01-03,0.00920771906953699,0.00920771906953699,0.0,2022-12
8,2694,2023-06-27,2021—2023,1,2575,2022-12-26,2022-12-27,2023-01-04,-0.000799680127948732,0.0,-0.000799680127948732,2022-12
8,2694,2023-06-27,2021—2023,1,2576,2022-12-27,2022-12-28,2023-01-05,0.006295833175733012,0.006295833175733012,0.0,2022-12
8,2694,2023-06-27,2021—2023,1,2577,2022-12-28,2022-12-29,2023-01-06,0.02518003759495424,0.02518003759495424,0.0,2022-12
8,2694,2023-06-27,2021—2023,1,2578,2022-12-29,2022-12-30,2023-01-09,0.02937155510797429,0.02937155510797429,0.0,2022-12
8,2694,2023-06-27,2021—2023,1,2579,2022-12-30,2023-01-03,2023-01-10,0.030132174483670005,0.030132174483670005,0.0,2022-12
8,2694,2023-06-27,2021—2023,1,2580,2023-01-03,2023-01-04,2023-01-11,0.0295404105564252,0.0295404105564252,0.0,2023-01
8,2694,2023-06-27,2021—2023,1,2581,2023-01-04,2023-01-05,2023-01-12,0.024061046604228586,0.024061046604228586,0.0,2023-01
8,2694,2023-06-27,2021—2023,1,2582,2023-01-05,2023-01-06,2023-01-13,0.011334351017956878,0.011334351017956878,0.0,2023-01
8,2694,2023-06-27,2021—2023,1,2583,2023-01-06,2023-01-09,2023-01-16,0.017373885826504898,0.017373885826504898,0.0,2023-01
8,2694,2023-06-27,2021—2023,1,2584,2023-01-09,2023-01-10,2023-01-17,0.03085326144523748,0.03085326144523748,0.0,2023-01
8,2694,2023-06-27,2021—2023,1,2585,2023-01-10,2023-01-11,2023-01-18,0.0293147807021239,0.0293147807021239,0.0,2023-01
8,2694,2023-06-27,2021—2023,1,2586,2023-01-11,2023-01-12,2023-01-19,0.021693475251777894,0.021693475251777894,0.0,2023-01
8,2694,2023-06-27,2021—2023,1,2587,2023-01-12,2023-01-13,2023-01-20,0.03288748008368714,0.03288748008368714,0.0,2023-01
8,2694,2023-06-27,2021—2023,1,2588,2023-01-13,2023-01-16,2023-01-30,0.039510357226302695,0.039510357226302695,0.0,2023-01
8,2694,2023-06-27,2021—2023,1,2589,2023-01-16,2023-01-17,2023-01-31,0.01244911871317056,0.01244911871317056,0.0,2023-01
8,2694,2023-06-27,2021—2023,1,2590,2023-01-17,2023-01-18,2023-02-01,0.0011260251380056374,0.0011260251380056374,0.0,2023-01
8,2694,2023-06-27,2021—2023,1,2591,2023-01-18,2023-01-19,2023-02-02,0.016394508604701485,0.016394508604701485,0.0,2023-01
8,2694,2023-06-27,2021—2023,1,2592,2023-01-19,2023-01-20,2023-02-03,-0.007735249605279937,0.0,-0.007735249605279937,2023-01
8,2694,2023-06-27,2021—2023,1,2593,2023-01-20,2023-01-30,2023-02-06,-0.039924288197968116,0.0,-0.039924288197968116,2023-01
8,2694,2023-06-27,2021—2023,1,2594,2023-01-30,2023-01-31,2023-02-07,-0.03210621756519305,0.0,-0.03210621756519305,2023-01
8,2694,2023-06-27,2021—2023,1,2677,2023-05-31,2023-06-01,2023-06-08,-0.0036898204168239745,0.0,-0.0036898204168239745,2023-05
8,2694,2023-06-27,2021—2023,1,2678,2023-06-01,2023-06-02,2023-06-09,-0.0031452207849256286,0.0,-0.0031452207849256286,2023-06
8,2694,2023-06-27,2021—2023,1,2679,2023-06-02,2023-06-05,2023-06-12,-0.007269508668948932,0.0,-0.007269508668948932,2023-06
8,2694,2023-06-27,2021—2023,1,2680,2023-06-05,2023-06-06,2023-06-13,-0.004433135836574453,0.0,-0.004433135836574453,2023-06
8,2694,2023-06-27,2021—2023,1,2681,2023-06-06,2023-06-07,2023-06-14,0.01252647476574209,0.01252647476574209,0.0,2023-06
8,2694,2023-06-27,2021—2023,1,2682,2023-06-07,2023-06-08,2023-06-15,0.020762010985079682,0.020762010985079682,0.0,2023-06
8,2694,2023-06-27,2021—2023,1,2683,2023-06-08,2023-06-09,2023-06-16,0.028396885440971076,0.028396885440971076,0.0,2023-06
8,2694,2023-06-27,2021—2023,1,2684,2023-06-09,2023-06-12,2023-06-19,0.03325215179276886,0.03325215179276886,0.0,2023-06
8,2694,2023-06-27,2021—2023,1,2685,2023-06-12,2023-06-13,2023-06-20,0.023374521159278405,0.023374521159278405,0.0,2023-06
8,2694,2023-06-27,2021—2023,1,2686,2023-06-13,2023-06-14,2023-06-21,0.011552010666245893,0.011552010666245893,0.0,2023-06
8,2694,2023-06-27,2021—2023,1,2687,2023-06-14,2023-06-15,2023-06-26,-0.007991867520343865,0.0,-0.007991867520343865,2023-06
8,2694,2023-06-27,2021—2023,1,2688,2023-06-15,2023-06-16,2023-06-27,-0.02986824496105922,0.0,-0.02986824496105922,2023-06
8,2984,2024-09-02,2024—2025,2,2480,2022-08-05,2022-08-08,2022-08-15,0.0065648490960248385,0.0065648490960248385,0.0,2022-08
8,2984,2024-09-02,2024—2025,2,2481,2022-08-08,2022-08-09,2022-08-16,0.00822566148249515,0.00822566148249515,0.0,2022-08
8,2984,2024-09-02,2024—2025,2,2482,2022-08-09,2022-08-10,2022-08-17,0.0049005356260158894,0.0049005356260158894,0.0,2022-08
8,2984,2024-09-02,2024—2025,2,2494,2022-08-25,2022-08-26,2022-09-02,-0.019666034159949497,0.0,-0.019666034159949497,2022-08
8,2984,2024-09-02,2024—2025,2,2495,2022-08-26,2022-08-29,2022-09-05,-0.01911594262439742,0.0,-0.01911594262439742,2022-08
8,2984,2024-09-02,2024—2025,2,2496,2022-08-29,2022-08-30,2022-09-06,-0.017376939582426254,0.0,-0.017376939582426254,2022-08
8,2984,2024-09-02,2024—2025,2,2497,2022-08-30,2022-08-31,2022-09-07,-0.009753521696189482,0.0,-0.009753521696189482,2022-08
8,2984,2024-09-02,2024—2025,2,2535,2022-10-31,2022-11-01,2022-11-08,0.06629624550291346,0.06629624550291346,0.0,2022-10
8,2984,2024-09-02,2024—2025,2,2536,2022-11-01,2022-11-02,2022-11-09,0.031161728856844206,0.031161728856844206,0.0,2022-11
8,2984,2024-09-02,2024—2025,2,2537,2022-11-02,2022-11-03,2022-11-10,0.005913571147730279,0.005913571147730279,0.0,2022-11
8,2984,2024-09-02,2024—2025,2,2538,2022-11-03,2022-11-04,2022-11-11,0.03395277100807026,0.03395277100807026,0.0,2022-11
8,2984,2024-09-02,2024—2025,2,2556,2022-11-29,2022-11-30,2022-12-07,0.028136669473676434,0.028136669473676434,0.0,2022-11
8,2984,2024-09-02,2024—2025,2,2557,2022-11-30,2022-12-01,2022-12-08,0.0057212054937061385,0.0057212054937061385,0.0,2022-11
8,2984,2024-09-02,2024—2025,2,2558,2022-12-01,2022-12-02,2022-12-09,0.014091155656959176,0.014091155656959176,0.0,2022-12
8,2984,2024-09-02,2024—2025,2,2559,2022-12-02,2022-12-05,2022-12-12,0.014773577748387723,0.014773577748387723,0.0,2022-12
8,2984,2024-09-02,2024—2025,2,2571,2022-12-20,2022-12-21,2022-12-28,0.0068766347494293445,0.0068766347494293445,0.0,2022-12
8,2984,2024-09-02,2024—2025,2,2572,2022-12-21,2022-12-22,2022-12-29,-0.0020741703318672977,0.0,-0.0020741703318672977,2022-12
8,2984,2024-09-02,2024—2025,2,2573,2022-12-22,2022-12-23,2022-12-30,0.010765138389088547,0.010765138389088547,0.0,2022-12
8,2984,2024-09-02,2024—2025,2,2574,2022-12-23,2022-12-26,2023-01-03,0.00920771906953699,0.00920771906953699,0.0,2022-12
8,2984,2024-09-02,2024—2025,2,2575,2022-12-26,2022-12-27,2023-01-04,-0.000799680127948732,0.0,-0.000799680127948732,2022-12
8,2984,2024-09-02,2024—2025,2,2576,2022-12-27,2022-12-28,2023-01-05,0.006295833175733012,0.006295833175733012,0.0,2022-12
8,2984,2024-09-02,2024—2025,2,2577,2022-12-28,2022-12-29,2023-01-06,0.02518003759495424,0.02518003759495424,0.0,2022-12
8,2984,2024-09-02,2024—2025,2,2578,2022-12-29,2022-12-30,2023-01-09,0.02937155510797429,0.02937155510797429,0.0,2022-12
8,2984,2024-09-02,2024—2025,2,2579,2022-12-30,2023-01-03,2023-01-10,0.030132174483670005,0.030132174483670005,0.0,2022-12
8,2984,2024-09-02,2024—2025,2,2580,2023-01-03,2023-01-04,2023-01-11,0.0295404105564252,0.0295404105564252,0.0,2023-01
8,2984,2024-09-02,2024—2025,2,2581,2023-01-04,2023-01-05,2023-01-12,0.024061046604228586,0.024061046604228586,0.0,2023-01
8,2984,2024-09-02,2024—2025,2,2582,2023-01-05,2023-01-06,2023-01-13,0.011334351017956878,0.011334351017956878,0.0,2023-01
8,2984,2024-09-02,2024—2025,2,2584,2023-01-09,2023-01-10,2023-01-17,0.03085326144523748,0.03085326144523748,0.0,2023-01
8,2984,2024-09-02,2024—2025,2,2588,2023-01-13,2023-01-16,2023-01-30,0.039510357226302695,0.039510357226302695,0.0,2023-01
8,2984,2024-09-02,2024—2025,2,2589,2023-01-16,2023-01-17,2023-01-31,0.01244911871317056,0.01244911871317056,0.0,2023-01
8,2984,2024-09-02,2024—2025,2,2590,2023-01-17,2023-01-18,2023-02-01,0.0011260251380056374,0.0011260251380056374,0.0,2023-01
8,2984,2024-09-02,2024—2025,2,2591,2023-01-18,2023-01-19,2023-02-02,0.016394508604701485,0.016394508604701485,0.0,2023-01
8,2984,2024-09-02,2024—2025,2,2592,2023-01-19,2023-01-20,2023-02-03,-0.007735249605279937,0.0,-0.007735249605279937,2023-01
8,2984,2024-09-02,2024—2025,2,2593,2023-01-20,2023-01-30,2023-02-06,-0.039924288197968116,0.0,-0.039924288197968116,2023-01
8,2984,2024-09-02,2024—2025,2,2594,2023-01-30,2023-01-31,2023-02-07,-0.03210621756519305,0.0,-0.03210621756519305,2023-01
8,2984,2024-09-02,2024—2025,2,2658,2023-05-04,2023-05-05,2023-05-12,-0.013937268059781793,0.0,-0.013937268059781793,2023-05
8,2984,2024-09-02,2024—2025,2,2659,2023-05-05,2023-05-08,2023-05-15,-0.023412768690086905,0.0,-0.023412768690086905,2023-05
8,2984,2024-09-02,2024—2025,2,2660,2023-05-08,2023-05-09,2023-05-16,-0.018993780440579644,0.0,-0.018993780440579644,2023-05
8,2984,2024-09-02,2024—2025,2,2661,2023-05-09,2023-05-10,2023-05-17,-0.014463533333558765,0.0,-0.014463533333558765,2023-05
8,2984,2024-09-02,2024—2025,2,2667,2023-05-17,2023-05-18,2023-05-25,-0.03055880121449639,0.0,-0.03055880121449639,2023-05
8,2984,2024-09-02,2024—2025,2,2668,2023-05-18,2023-05-19,2023-05-26,-0.02740110852210831,0.0,-0.02740110852210831,2023-05
8,2984,2024-09-02,2024—2025,2,2674,2023-05-26,2023-05-29,2023-06-05,-0.003128215311493099,0.0,-0.003128215311493099,2023-05
8,2984,2024-09-02,2024—2025,2,2675,2023-05-29,2023-05-30,2023-06-06,0.0023309736157755,0.0023309736157755,0.0,2023-05
8,2984,2024-09-02,2024—2025,2,2676,2023-05-30,2023-05-31,2023-06-07,-0.004971706515723651,0.0,-0.004971706515723651,2023-05
8,2984,2024-09-02,2024—2025,2,2682,2023-06-07,2023-06-08,2023-06-15,0.020762010985079682,0.020762010985079682,0.0,2023-06
8,2984,2024-09-02,2024—2025,2,2683,2023-06-08,2023-06-09,2023-06-16,0.028396885440971076,0.028396885440971076,0.0,2023-06
8,2984,2024-09-02,2024—2025,2,2684,2023-06-09,2023-06-12,2023-06-19,0.03325215179276886,0.03325215179276886,0.0,2023-06
8,2984,2024-09-02,2024—2025,2,2685,2023-06-12,2023-06-13,2023-06-20,0.023374521159278405,0.023374521159278405,0.0,2023-06
8,2984,2024-09-02,2024—2025,2,2686,2023-06-13,2023-06-14,2023-06-21,0.011552010666245893,0.011552010666245893,0.0,2023-06
8,2984,2024-09-02,2024—2025,2,2693,2023-06-26,2023-06-27,2023-07-04,0.018685505516981893,0.018685505516981893,0.0,2023-06
8,2984,2024-09-02,2024—2025,2,2694,2023-06-27,2023-06-28,2023-07-05,0.013928641111437434,0.013928641111437434,0.0,2023-06
8,2984,2024-09-02,2024—2025,2,2696,2023-06-29,2023-06-30,2023-07-07,0.0015288550555958569,0.0015288550555958569,0.0,2023-06
8,2984,2024-09-02,2024—2025,2,2697,2023-06-30,2023-07-03,2023-07-10,-0.0038788798810214242,0.0,-0.0038788798810214242,2023-06
8,2984,2024-09-02,2024—2025,2,2698,2023-07-03,2023-07-04,2023-07-11,-0.009954989752635535,0.0,-0.009954989752635535,2023-07
8,2984,2024-09-02,2024—2025,2,2699,2023-07-04,2023-07-05,2023-07-12,-0.006390322812889093,0.0,-0.006390322812889093,2023-07
8,2984,2024-09-02,2024—2025,2,2700,2023-07-05,2023-07-06,2023-07-13,-0.0002877947181784135,0.0,-0.0002877947181784135,2023-07
8,2984,2024-09-02,2024—2025,2,2706,2023-07-13,2023-07-14,2023-07-21,-0.020965175988131524,0.0,-0.020965175988131524,2023-07
8,2984,2024-09-02,2024—2025,2,2707,2023-07-14,2023-07-17,2023-07-24,-0.022048497056873506,0.0,-0.022048497056873506,2023-07
8,2984,2024-09-02,2024—2025,2,2708,2023-07-17,2023-07-18,2023-07-25,-0.00410576415908559,0.0,-0.00410576415908559,2023-07
8,2984,2024-09-02,2024—2025,2,2709,2023-07-18,2023-07-19,2023-07-26,0.015028224785711641,0.015028224785711641,0.0,2023-07
8,2984,2024-09-02,2024—2025,2,2710,2023-07-19,2023-07-20,2023-07-27,0.012940278434081076,0.012940278434081076,0.0,2023-07
8,2984,2024-09-02,2024—2025,2,2712,2023-07-21,2023-07-24,2023-07-31,0.056201680401664955,0.056201680401664955,0.0,2023-07
8,2984,2024-09-02,2024—2025,2,2713,2023-07-24,2023-07-25,2023-08-01,0.03765068895988999,0.03765068895988999,0.0,2023-07
8,2984,2024-09-02,2024—2025,2,2714,2023-07-25,2023-07-26,2023-08-02,0.01675655039189139,0.01675655039189139,0.0,2023-07
8,2984,2024-09-02,2024—2025,2,2715,2023-07-26,2023-07-27,2023-08-03,0.008468410078936728,0.008468410078936728,0.0,2023-07
8,2984,2024-09-02,2024—2025,2,2716,2023-07-27,2023-07-28,2023-08-04,0.03783505551532218,0.03783505551532218,0.0,2023-07
8,2984,2024-09-02,2024—2025,2,2717,2023-07-28,2023-07-31,2023-08-07,-0.009075638928350838,0.0,-0.009075638928350838,2023-07
8,2984,2024-09-02,2024—2025,2,2822,2024-01-02,2024-01-03,2024-01-10,-0.030920501364671504,0.0,-0.030920501364671504,2024-01
8,2984,2024-09-02,2024—2025,2,2826,2024-01-08,2024-01-09,2024-01-16,-0.006458340657775508,0.0,-0.006458340657775508,2024-01
8,2984,2024-09-02,2024—2025,2,2828,2024-01-10,2024-01-11,2024-01-18,-0.01931173718853263,0.0,-0.01931173718853263,2024-01
8,2984,2024-09-02,2024—2025,2,2829,2024-01-11,2024-01-12,2024-01-19,-0.013002250664562842,0.0,-0.013002250664562842,2024-01
8,2984,2024-09-02,2024—2025,2,2830,2024-01-12,2024-01-15,2024-01-22,-0.0019902057173533105,0.0,-0.0019902057173533105,2024-01
8,2984,2024-09-02,2024—2025,2,2831,2024-01-15,2024-01-16,2024-01-23,-0.024695743712084495,0.0,-0.024695743712084495,2024-01
8,2984,2024-09-02,2024—2025,2,2832,2024-01-16,2024-01-17,2024-01-24,-0.017737147925715346,0.0,-0.017737147925715346,2024-01
8,2984,2024-09-02,2024—2025,2,2833,2024-01-17,2024-01-18,2024-01-25,0.012845513563662037,0.012845513563662037,0.0,2024-01
8,2984,2024-09-02,2024—2025,2,2834,2024-01-18,2024-01-19,2024-01-26,0.021008872811158374,0.021008872811158374,0.0,2024-01
8,2984,2024-09-02,2024—2025,2,2835,2024-01-19,2024-01-22,2024-01-29,0.016928560481588972,0.016928560481588972,0.0,2024-01
8,2984,2024-09-02,2024—2025,2,2836,2024-01-22,2024-01-23,2024-01-30,0.022285185207840064,0.022285185207840064,0.0,2024-01
8,2984,2024-09-02,2024—2025,2,2837,2024-01-23,2024-01-24,2024-01-31,-0.005113218357430505,0.0,-0.005113218357430505,2024-01
8,2984,2024-09-02,2024—2025,2,2838,2024-01-24,2024-01-25,2024-02-01,-0.024604696911705748,0.0,-0.024604696911705748,2024-01
8,2984,2024-09-02,2024—2025,2,2839,2024-01-25,2024-01-26,2024-02-02,-0.03618552578968415,0.0,-0.03618552578968415,2024-01
8,2984,2024-09-02,2024—2025,2,2840,2024-01-26,2024-01-29,2024-02-05,-0.05502914276568227,0.0,-0.05502914276568227,2024-01
8,2984,2024-09-02,2024—2025,2,2841,2024-01-29,2024-01-30,2024-02-06,-0.03243341932633337,0.0,-0.03243341932633337,2024-01
8,2984,2024-09-02,2024—2025,2,2842,2024-01-30,2024-01-31,2024-02-07,0.020499307227989094,0.020499307227989094,0.0,2024-01
8,2984,2024-09-02,2024—2025,2,2843,2024-01-31,2024-02-01,2024-02-08,0.044108199416862615,0.044108199416862615,0.0,2024-01
8,2984,2024-09-02,2024—2025,2,2844,2024-02-01,2024-02-02,2024-02-19,0.045097789562015045,0.045097789562015045,0.0,2024-02
8,2984,2024-09-02,2024—2025,2,2845,2024-02-02,2024-02-05,2024-02-20,0.06777289084366234,0.06777289084366234,0.0,2024-02
8,2984,2024-09-02,2024—2025,2,2846,2024-02-05,2024-02-06,2024-02-21,0.06029911647758568,0.06029911647758568,0.0,2024-02
8,2984,2024-09-02,2024—2025,2,2847,2024-02-06,2024-02-07,2024-02-22,0.03809496117063138,0.03809496117063138,0.0,2024-02
8,2984,2024-09-02,2024—2025,2,2848,2024-02-07,2024-02-08,2024-02-23,0.03343990175086109,0.03343990175086109,0.0,2024-02
8,2984,2024-09-02,2024—2025,2,2849,2024-02-08,2024-02-19,2024-02-26,0.02700518371692162,0.02700518371692162,0.0,2024-02
8,2984,2024-09-02,2024—2025,2,2850,2024-02-19,2024-02-20,2024-02-27,0.012180778707117534,0.012180778707117534,0.0,2024-02
8,2984,2024-09-02,2024—2025,2,2851,2024-02-20,2024-02-21,2024-02-28,0.02600669637805253,0.02600669637805253,0.0,2024-02
8,2984,2024-09-02,2024—2025,2,2852,2024-02-21,2024-02-22,2024-02-29,-0.00514277047801559,0.0,-0.00514277047801559,2024-02
8,2984,2024-09-02,2024—2025,2,2853,2024-02-22,2024-02-23,2024-03-01,0.004370082952734444,0.004370082952734444,0.0,2024-02
8,2984,2024-09-02,2024—2025,2,2879,2024-03-29,2024-04-01,2024-04-10,-0.007566273716247185,0.0,-0.007566273716247185,2024-03
8,2990,2024-09-10,2024—2025,2,2494,2022-08-25,2022-08-26,2022-09-02,-0.019666034159949497,0.0,-0.019666034159949497,2022-08
8,2990,2024-09-10,2024—2025,2,2495,2022-08-26,2022-08-29,2022-09-05,-0.01911594262439742,0.0,-0.01911594262439742,2022-08
8,2990,2024-09-10,2024—2025,2,2496,2022-08-29,2022-08-30,2022-09-06,-0.017376939582426254,0.0,-0.017376939582426254,2022-08
8,2990,2024-09-10,2024—2025,2,2497,2022-08-30,2022-08-31,2022-09-07,-0.009753521696189482,0.0,-0.009753521696189482,2022-08
8,2990,2024-09-10,2024—2025,2,2535,2022-10-31,2022-11-01,2022-11-08,0.06629624550291346,0.06629624550291346,0.0,2022-10
8,2990,2024-09-10,2024—2025,2,2536,2022-11-01,2022-11-02,2022-11-09,0.031161728856844206,0.031161728856844206,0.0,2022-11
8,2990,2024-09-10,2024—2025,2,2537,2022-11-02,2022-11-03,2022-11-10,0.005913571147730279,0.005913571147730279,0.0,2022-11
8,2990,2024-09-10,2024—2025,2,2538,2022-11-03,2022-11-04,2022-11-11,0.03395277100807026,0.03395277100807026,0.0,2022-11
8,2990,2024-09-10,2024—2025,2,2556,2022-11-29,2022-11-30,2022-12-07,0.028136669473676434,0.028136669473676434,0.0,2022-11
8,2990,2024-09-10,2024—2025,2,2557,2022-11-30,2022-12-01,2022-12-08,0.0057212054937061385,0.0057212054937061385,0.0,2022-11
8,2990,2024-09-10,2024—2025,2,2558,2022-12-01,2022-12-02,2022-12-09,0.014091155656959176,0.014091155656959176,0.0,2022-12
8,2990,2024-09-10,2024—2025,2,2559,2022-12-02,2022-12-05,2022-12-12,0.014773577748387723,0.014773577748387723,0.0,2022-12
8,2990,2024-09-10,2024—2025,2,2571,2022-12-20,2022-12-21,2022-12-28,0.0068766347494293445,0.0068766347494293445,0.0,2022-12
8,2990,2024-09-10,2024—2025,2,2572,2022-12-21,2022-12-22,2022-12-29,-0.0020741703318672977,0.0,-0.0020741703318672977,2022-12
8,2990,2024-09-10,2024—2025,2,2573,2022-12-22,2022-12-23,2022-12-30,0.010765138389088547,0.010765138389088547,0.0,2022-12
8,2990,2024-09-10,2024—2025,2,2574,2022-12-23,2022-12-26,2023-01-03,0.00920771906953699,0.00920771906953699,0.0,2022-12
8,2990,2024-09-10,2024—2025,2,2575,2022-12-26,2022-12-27,2023-01-04,-0.000799680127948732,0.0,-0.000799680127948732,2022-12
8,2990,2024-09-10,2024—2025,2,2576,2022-12-27,2022-12-28,2023-01-05,0.006295833175733012,0.006295833175733012,0.0,2022-12
8,2990,2024-09-10,2024—2025,2,2577,2022-12-28,2022-12-29,2023-01-06,0.02518003759495424,0.02518003759495424,0.0,2022-12
8,2990,2024-09-10,2024—2025,2,2578,2022-12-29,2022-12-30,2023-01-09,0.02937155510797429,0.02937155510797429,0.0,2022-12
8,2990,2024-09-10,2024—2025,2,2579,2022-12-30,2023-01-03,2023-01-10,0.030132174483670005,0.030132174483670005,0.0,2022-12
8,2990,2024-09-10,2024—2025,2,2580,2023-01-03,2023-01-04,2023-01-11,0.0295404105564252,0.0295404105564252,0.0,2023-01
8,2990,2024-09-10,2024—2025,2,2581,2023-01-04,2023-01-05,2023-01-12,0.024061046604228586,0.024061046604228586,0.0,2023-01
8,2990,2024-09-10,2024—2025,2,2582,2023-01-05,2023-01-06,2023-01-13,0.011334351017956878,0.011334351017956878,0.0,2023-01
8,2990,2024-09-10,2024—2025,2,2584,2023-01-09,2023-01-10,2023-01-17,0.03085326144523748,0.03085326144523748,0.0,2023-01
8,2990,2024-09-10,2024—2025,2,2588,2023-01-13,2023-01-16,2023-01-30,0.039510357226302695,0.039510357226302695,0.0,2023-01
8,2990,2024-09-10,2024—2025,2,2589,2023-01-16,2023-01-17,2023-01-31,0.01244911871317056,0.01244911871317056,0.0,2023-01
8,2990,2024-09-10,2024—2025,2,2590,2023-01-17,2023-01-18,2023-02-01,0.0011260251380056374,0.0011260251380056374,0.0,2023-01
8,2990,2024-09-10,2024—2025,2,2591,2023-01-18,2023-01-19,2023-02-02,0.016394508604701485,0.016394508604701485,0.0,2023-01
8,2990,2024-09-10,2024—2025,2,2592,2023-01-19,2023-01-20,2023-02-03,-0.007735249605279937,0.0,-0.007735249605279937,2023-01
8,2990,2024-09-10,2024—2025,2,2593,2023-01-20,2023-01-30,2023-02-06,-0.039924288197968116,0.0,-0.039924288197968116,2023-01
8,2990,2024-09-10,2024—2025,2,2594,2023-01-30,2023-01-31,2023-02-07,-0.03210621756519305,0.0,-0.03210621756519305,2023-01
8,2990,2024-09-10,2024—2025,2,2658,2023-05-04,2023-05-05,2023-05-12,-0.013937268059781793,0.0,-0.013937268059781793,2023-05
8,2990,2024-09-10,2024—2025,2,2659,2023-05-05,2023-05-08,2023-05-15,-0.023412768690086905,0.0,-0.023412768690086905,2023-05
8,2990,2024-09-10,2024—2025,2,2660,2023-05-08,2023-05-09,2023-05-16,-0.018993780440579644,0.0,-0.018993780440579644,2023-05
8,2990,2024-09-10,2024—2025,2,2661,2023-05-09,2023-05-10,2023-05-17,-0.014463533333558765,0.0,-0.014463533333558765,2023-05
8,2990,2024-09-10,2024—2025,2,2667,2023-05-17,2023-05-18,2023-05-25,-0.03055880121449639,0.0,-0.03055880121449639,2023-05
8,2990,2024-09-10,2024—2025,2,2668,2023-05-18,2023-05-19,2023-05-26,-0.02740110852210831,0.0,-0.02740110852210831,2023-05
8,2990,2024-09-10,2024—2025,2,2674,2023-05-26,2023-05-29,2023-06-05,-0.003128215311493099,0.0,-0.003128215311493099,2023-05
8,2990,2024-09-10,2024—2025,2,2675,2023-05-29,2023-05-30,2023-06-06,0.0023309736157755,0.0023309736157755,0.0,2023-05
8,2990,2024-09-10,2024—2025,2,2676,2023-05-30,2023-05-31,2023-06-07,-0.004971706515723651,0.0,-0.004971706515723651,2023-05
8,2990,2024-09-10,2024—2025,2,2682,2023-06-07,2023-06-08,2023-06-15,0.020762010985079682,0.020762010985079682,0.0,2023-06
8,2990,2024-09-10,2024—2025,2,2683,2023-06-08,2023-06-09,2023-06-16,0.028396885440971076,0.028396885440971076,0.0,2023-06
8,2990,2024-09-10,2024—2025,2,2684,2023-06-09,2023-06-12,2023-06-19,0.03325215179276886,0.03325215179276886,0.0,2023-06
8,2990,2024-09-10,2024—2025,2,2685,2023-06-12,2023-06-13,2023-06-20,0.023374521159278405,0.023374521159278405,0.0,2023-06
8,2990,2024-09-10,2024—2025,2,2686,2023-06-13,2023-06-14,2023-06-21,0.011552010666245893,0.011552010666245893,0.0,2023-06
8,2990,2024-09-10,2024—2025,2,2693,2023-06-26,2023-06-27,2023-07-04,0.018685505516981893,0.018685505516981893,0.0,2023-06
8,2990,2024-09-10,2024—2025,2,2694,2023-06-27,2023-06-28,2023-07-05,0.013928641111437434,0.013928641111437434,0.0,2023-06
8,2990,2024-09-10,2024—2025,2,2696,2023-06-29,2023-06-30,2023-07-07,0.0015288550555958569,0.0015288550555958569,0.0,2023-06
8,2990,2024-09-10,2024—2025,2,2697,2023-06-30,2023-07-03,2023-07-10,-0.0038788798810214242,0.0,-0.0038788798810214242,2023-06
8,2990,2024-09-10,2024—2025,2,2698,2023-07-03,2023-07-04,2023-07-11,-0.009954989752635535,0.0,-0.009954989752635535,2023-07
8,2990,2024-09-10,2024—2025,2,2699,2023-07-04,2023-07-05,2023-07-12,-0.006390322812889093,0.0,-0.006390322812889093,2023-07
8,2990,2024-09-10,2024—2025,2,2700,2023-07-05,2023-07-06,2023-07-13,-0.0002877947181784135,0.0,-0.0002877947181784135,2023-07
8,2990,2024-09-10,2024—2025,2,2706,2023-07-13,2023-07-14,2023-07-21,-0.020965175988131524,0.0,-0.020965175988131524,2023-07
8,2990,2024-09-10,2024—2025,2,2707,2023-07-14,2023-07-17,2023-07-24,-0.022048497056873506,0.0,-0.022048497056873506,2023-07
8,2990,2024-09-10,2024—2025,2,2708,2023-07-17,2023-07-18,2023-07-25,-0.00410576415908559,0.0,-0.00410576415908559,2023-07
8,2990,2024-09-10,2024—2025,2,2709,2023-07-18,2023-07-19,2023-07-26,0.015028224785711641,0.015028224785711641,0.0,2023-07
8,2990,2024-09-10,2024—2025,2,2710,2023-07-19,2023-07-20,2023-07-27,0.012940278434081076,0.012940278434081076,0.0,2023-07
8,2990,2024-09-10,2024—2025,2,2712,2023-07-21,2023-07-24,2023-07-31,0.056201680401664955,0.056201680401664955,0.0,2023-07
8,2990,2024-09-10,2024—2025,2,2713,2023-07-24,2023-07-25,2023-08-01,0.03765068895988999,0.03765068895988999,0.0,2023-07
8,2990,2024-09-10,2024—2025,2,2714,2023-07-25,2023-07-26,2023-08-02,0.01675655039189139,0.01675655039189139,0.0,2023-07
8,2990,2024-09-10,2024—2025,2,2715,2023-07-26,2023-07-27,2023-08-03,0.008468410078936728,0.008468410078936728,0.0,2023-07
8,2990,2024-09-10,2024—2025,2,2716,2023-07-27,2023-07-28,2023-08-04,0.03783505551532218,0.03783505551532218,0.0,2023-07
8,2990,2024-09-10,2024—2025,2,2717,2023-07-28,2023-07-31,2023-08-07,-0.009075638928350838,0.0,-0.009075638928350838,2023-07
8,2990,2024-09-10,2024—2025,2,2822,2024-01-02,2024-01-03,2024-01-10,-0.030920501364671504,0.0,-0.030920501364671504,2024-01
8,2990,2024-09-10,2024—2025,2,2826,2024-01-08,2024-01-09,2024-01-16,-0.006458340657775508,0.0,-0.006458340657775508,2024-01
8,2990,2024-09-10,2024—2025,2,2828,2024-01-10,2024-01-11,2024-01-18,-0.01931173718853263,0.0,-0.01931173718853263,2024-01
8,2990,2024-09-10,2024—2025,2,2829,2024-01-11,2024-01-12,2024-01-19,-0.013002250664562842,0.0,-0.013002250664562842,2024-01
8,2990,2024-09-10,2024—2025,2,2830,2024-01-12,2024-01-15,2024-01-22,-0.0019902057173533105,0.0,-0.0019902057173533105,2024-01
8,2990,2024-09-10,2024—2025,2,2831,2024-01-15,2024-01-16,2024-01-23,-0.024695743712084495,0.0,-0.024695743712084495,2024-01
8,2990,2024-09-10,2024—2025,2,2832,2024-01-16,2024-01-17,2024-01-24,-0.017737147925715346,0.0,-0.017737147925715346,2024-01
8,2990,2024-09-10,2024—2025,2,2833,2024-01-17,2024-01-18,2024-01-25,0.012845513563662037,0.012845513563662037,0.0,2024-01
8,2990,2024-09-10,2024—2025,2,2834,2024-01-18,2024-01-19,2024-01-26,0.021008872811158374,0.021008872811158374,0.0,2024-01
8,2990,2024-09-10,2024—2025,2,2835,2024-01-19,2024-01-22,2024-01-29,0.016928560481588972,0.016928560481588972,0.0,2024-01
8,2990,2024-09-10,2024—2025,2,2836,2024-01-22,2024-01-23,2024-01-30,0.022285185207840064,0.022285185207840064,0.0,2024-01
8,2990,2024-09-10,2024—2025,2,2837,2024-01-23,2024-01-24,2024-01-31,-0.005113218357430505,0.0,-0.005113218357430505,2024-01
8,2990,2024-09-10,2024—2025,2,2838,2024-01-24,2024-01-25,2024-02-01,-0.024604696911705748,0.0,-0.024604696911705748,2024-01
8,2990,2024-09-10,2024—2025,2,2839,2024-01-25,2024-01-26,2024-02-02,-0.03618552578968415,0.0,-0.03618552578968415,2024-01
8,2990,2024-09-10,2024—2025,2,2840,2024-01-26,2024-01-29,2024-02-05,-0.05502914276568227,0.0,-0.05502914276568227,2024-01
8,2990,2024-09-10,2024—2025,2,2841,2024-01-29,2024-01-30,2024-02-06,-0.03243341932633337,0.0,-0.03243341932633337,2024-01
8,2990,2024-09-10,2024—2025,2,2842,2024-01-30,2024-01-31,2024-02-07,0.020499307227989094,0.020499307227989094,0.0,2024-01
8,2990,2024-09-10,2024—2025,2,2843,2024-01-31,2024-02-01,2024-02-08,0.044108199416862615,0.044108199416862615,0.0,2024-01
8,2990,2024-09-10,2024—2025,2,2844,2024-02-01,2024-02-02,2024-02-19,0.045097789562015045,0.045097789562015045,0.0,2024-02
8,2990,2024-09-10,2024—2025,2,2845,2024-02-02,2024-02-05,2024-02-20,0.06777289084366234,0.06777289084366234,0.0,2024-02
8,2990,2024-09-10,2024—2025,2,2846,2024-02-05,2024-02-06,2024-02-21,0.06029911647758568,0.06029911647758568,0.0,2024-02
8,2990,2024-09-10,2024—2025,2,2847,2024-02-06,2024-02-07,2024-02-22,0.03809496117063138,0.03809496117063138,0.0,2024-02
8,2990,2024-09-10,2024—2025,2,2848,2024-02-07,2024-02-08,2024-02-23,0.03343990175086109,0.03343990175086109,0.0,2024-02
8,2990,2024-09-10,2024—2025,2,2849,2024-02-08,2024-02-19,2024-02-26,0.02700518371692162,0.02700518371692162,0.0,2024-02
8,2990,2024-09-10,2024—2025,2,2850,2024-02-19,2024-02-20,2024-02-27,0.012180778707117534,0.012180778707117534,0.0,2024-02
8,2990,2024-09-10,2024—2025,2,2851,2024-02-20,2024-02-21,2024-02-28,0.02600669637805253,0.02600669637805253,0.0,2024-02
8,2990,2024-09-10,2024—2025,2,2852,2024-02-21,2024-02-22,2024-02-29,-0.00514277047801559,0.0,-0.00514277047801559,2024-02
8,2990,2024-09-10,2024—2025,2,2853,2024-02-22,2024-02-23,2024-03-01,0.004370082952734444,0.004370082952734444,0.0,2024-02
8,2990,2024-09-10,2024—2025,2,2879,2024-03-29,2024-04-01,2024-04-10,-0.007566273716247185,0.0,-0.007566273716247185,2024-03
8,2990,2024-09-10,2024—2025,2,2984,2024-09-02,2024-09-03,2024-09-10,-0.023277191822731136,0.0,-0.023277191822731136,2024-09
8,3064,2025-01-02,2024—2025,1,2574,2022-12-23,2022-12-26,2023-01-03,0.00920771906953699,0.00920771906953699,0.0,2022-12
8,3064,2025-01-02,2024—2025,1,2575,2022-12-26,2022-12-27,2023-01-04,-0.000799680127948732,0.0,-0.000799680127948732,2022-12
8,3064,2025-01-02,2024—2025,1,2577,2022-12-28,2022-12-29,2023-01-06,0.02518003759495424,0.02518003759495424,0.0,2022-12
8,3064,2025-01-02,2024—2025,1,2578,2022-12-29,2022-12-30,2023-01-09,0.02937155510797429,0.02937155510797429,0.0,2022-12
8,3064,2025-01-02,2024—2025,1,2580,2023-01-03,2023-01-04,2023-01-11,0.0295404105564252,0.0295404105564252,0.0,2023-01
8,3064,2025-01-02,2024—2025,1,2594,2023-01-30,2023-01-31,2023-02-07,-0.03210621756519305,0.0,-0.03210621756519305,2023-01
8,3064,2025-01-02,2024—2025,1,2656,2023-04-27,2023-04-28,2023-05-10,0.0019474339731737622,0.0019474339731737622,0.0,2023-04
8,3064,2025-01-02,2024—2025,1,2657,2023-04-28,2023-05-04,2023-05-11,-0.006768024497518121,0.0,-0.006768024497518121,2023-04
8,3064,2025-01-02,2024—2025,1,2658,2023-05-04,2023-05-05,2023-05-12,-0.013937268059781793,0.0,-0.013937268059781793,2023-05
8,3064,2025-01-02,2024—2025,1,2659,2023-05-05,2023-05-08,2023-05-15,-0.023412768690086905,0.0,-0.023412768690086905,2023-05
8,3064,2025-01-02,2024—2025,1,2660,2023-05-08,2023-05-09,2023-05-16,-0.018993780440579644,0.0,-0.018993780440579644,2023-05
8,3064,2025-01-02,2024—2025,1,2696,2023-06-29,2023-06-30,2023-07-07,0.0015288550555958569,0.0015288550555958569,0.0,2023-06
8,3064,2025-01-02,2024—2025,1,2697,2023-06-30,2023-07-03,2023-07-10,-0.0038788798810214242,0.0,-0.0038788798810214242,2023-06
8,3064,2025-01-02,2024—2025,1,2716,2023-07-27,2023-07-28,2023-08-04,0.03783505551532218,0.03783505551532218,0.0,2023-07
8,3064,2025-01-02,2024—2025,1,2738,2023-08-28,2023-08-29,2023-09-05,0.020626686563868013,0.020626686563868013,0.0,2023-08
8,3064,2025-01-02,2024—2025,1,2819,2023-12-27,2023-12-28,2024-01-05,-0.002266934635837381,0.0,-0.002266934635837381,2023-12
8,3064,2025-01-02,2024—2025,1,2830,2024-01-12,2024-01-15,2024-01-22,-0.0019902057173533105,0.0,-0.0019902057173533105,2024-01
8,3064,2025-01-02,2024—2025,1,2835,2024-01-19,2024-01-22,2024-01-29,0.016928560481588972,0.016928560481588972,0.0,2024-01
8,3064,2025-01-02,2024—2025,1,2836,2024-01-22,2024-01-23,2024-01-30,0.022285185207840064,0.022285185207840064,0.0,2024-01
8,3064,2025-01-02,2024—2025,1,2837,2024-01-23,2024-01-24,2024-01-31,-0.005113218357430505,0.0,-0.005113218357430505,2024-01
8,3064,2025-01-02,2024—2025,1,2838,2024-01-24,2024-01-25,2024-02-01,-0.024604696911705748,0.0,-0.024604696911705748,2024-01
8,3064,2025-01-02,2024—2025,1,2839,2024-01-25,2024-01-26,2024-02-02,-0.03618552578968415,0.0,-0.03618552578968415,2024-01
8,3064,2025-01-02,2024—2025,1,2840,2024-01-26,2024-01-29,2024-02-05,-0.05502914276568227,0.0,-0.05502914276568227,2024-01
8,3064,2025-01-02,2024—2025,1,2841,2024-01-29,2024-01-30,2024-02-06,-0.03243341932633337,0.0,-0.03243341932633337,2024-01
8,3064,2025-01-02,2024—2025,1,2843,2024-01-31,2024-02-01,2024-02-08,0.044108199416862615,0.044108199416862615,0.0,2024-01
8,3064,2025-01-02,2024—2025,1,2844,2024-02-01,2024-02-02,2024-02-19,0.045097789562015045,0.045097789562015045,0.0,2024-02
8,3064,2025-01-02,2024—2025,1,2845,2024-02-02,2024-02-05,2024-02-20,0.06777289084366234,0.06777289084366234,0.0,2024-02
8,3064,2025-01-02,2024—2025,1,2846,2024-02-05,2024-02-06,2024-02-21,0.06029911647758568,0.06029911647758568,0.0,2024-02
8,3064,2025-01-02,2024—2025,1,2847,2024-02-06,2024-02-07,2024-02-22,0.03809496117063138,0.03809496117063138,0.0,2024-02
8,3064,2025-01-02,2024—2025,1,2848,2024-02-07,2024-02-08,2024-02-23,0.03343990175086109,0.03343990175086109,0.0,2024-02
8,3064,2025-01-02,2024—2025,1,2849,2024-02-08,2024-02-19,2024-02-26,0.02700518371692162,0.02700518371692162,0.0,2024-02
8,3064,2025-01-02,2024—2025,1,2850,2024-02-19,2024-02-20,2024-02-27,0.012180778707117534,0.012180778707117534,0.0,2024-02
8,3064,2025-01-02,2024—2025,1,2851,2024-02-20,2024-02-21,2024-02-28,0.02600669637805253,0.02600669637805253,0.0,2024-02
8,3064,2025-01-02,2024—2025,1,2852,2024-02-21,2024-02-22,2024-02-29,-0.00514277047801559,0.0,-0.00514277047801559,2024-02
8,3064,2025-01-02,2024—2025,1,2890,2024-04-17,2024-04-18,2024-04-25,-0.014599233587286653,0.0,-0.014599233587286653,2024-04
8,3064,2025-01-02,2024—2025,1,2900,2024-05-06,2024-05-07,2024-05-14,-0.0002520230603291207,0.0,-0.0002520230603291207,2024-05
8,3064,2025-01-02,2024—2025,1,2924,2024-06-07,2024-06-11,2024-06-18,-0.008074731462777485,0.0,-0.008074731462777485,2024-06
8,3064,2025-01-02,2024—2025,1,2925,2024-06-11,2024-06-12,2024-06-19,0.0006084375719834778,0.0006084375719834778,0.0,2024-06
8,3064,2025-01-02,2024—2025,1,2926,2024-06-12,2024-06-13,2024-06-20,-0.006414742335715373,0.0,-0.006414742335715373,2024-06
8,3064,2025-01-02,2024—2025,1,2936,2024-06-26,2024-06-27,2024-07-04,-0.002229560379626072,0.0,-0.002229560379626072,2024-06
8,3064,2025-01-02,2024—2025,1,2937,2024-06-27,2024-06-28,2024-07-05,-0.004247179793982259,0.0,-0.004247179793982259,2024-06
8,3064,2025-01-02,2024—2025,1,2938,2024-06-28,2024-07-01,2024-07-08,-0.013393439530518414,0.0,-0.013393439530518414,2024-06
8,3064,2025-01-02,2024—2025,1,2939,2024-07-01,2024-07-02,2024-07-09,-0.021652059587828565,0.0,-0.021652059587828565,2024-07
8,3064,2025-01-02,2024—2025,1,2940,2024-07-02,2024-07-03,2024-07-10,-0.011654343408434076,0.0,-0.011654343408434076,2024-07
8,3064,2025-01-02,2024—2025,1,2943,2024-07-05,2024-07-08,2024-07-15,0.014238935395451069,0.014238935395451069,0.0,2024-07
8,3064,2025-01-02,2024—2025,1,2944,2024-07-08,2024-07-09,2024-07-16,0.023358090495232187,0.023358090495232187,0.0,2024-07
8,3064,2025-01-02,2024—2025,1,2945,2024-07-09,2024-07-10,2024-07-17,0.021385563421689957,0.021385563421689957,0.0,2024-07
8,3064,2025-01-02,2024—2025,1,2946,2024-07-10,2024-07-11,2024-07-18,0.011497290036475372,0.011497290036475372,0.0,2024-07
8,3064,2025-01-02,2024—2025,1,2947,2024-07-11,2024-07-12,2024-07-19,0.012276625622866133,0.012276625622866133,0.0,2024-07
8,3064,2025-01-02,2024—2025,1,2953,2024-07-19,2024-07-22,2024-07-29,-0.037724837822581514,0.0,-0.037724837822581514,2024-07
8,3064,2025-01-02,2024—2025,1,2954,2024-07-22,2024-07-23,2024-07-30,-0.036625349860055834,0.0,-0.036625349860055834,2024-07
8,3064,2025-01-02,2024—2025,1,2955,2024-07-23,2024-07-24,2024-07-31,-0.021360532666041876,0.0,-0.021360532666041876,2024-07
8,3064,2025-01-02,2024—2025,1,2956,2024-07-24,2024-07-25,2024-08-01,0.00784392125502742,0.00784392125502742,0.0,2024-07
8,3064,2025-01-02,2024—2025,1,2957,2024-07-25,2024-07-26,2024-08-02,-0.0031073021137965062,0.0,-0.0031073021137965062,2024-07
8,3064,2025-01-02,2024—2025,1,2978,2024-08-23,2024-08-26,2024-09-02,-0.0072669961141756945,0.0,-0.0072669961141756945,2024-08
8,3064,2025-01-02,2024—2025,1,2979,2024-08-26,2024-08-27,2024-09-03,-0.01995273845637191,0.0,-0.01995273845637191,2024-08
8,3064,2025-01-02,2024—2025,1,2980,2024-08-27,2024-08-28,2024-09-04,-0.014718593890244658,0.0,-0.014718593890244658,2024-08
8,3064,2025-01-02,2024—2025,1,2981,2024-08-28,2024-08-29,2024-09-05,-0.01003773855802137,0.0,-0.01003773855802137,2024-08
8,3064,2025-01-02,2024—2025,1,2982,2024-08-29,2024-08-30,2024-09-06,-0.005279059924147456,0.0,-0.005279059924147456,2024-08
8,3064,2025-01-02,2024—2025,1,2994,2024-09-18,2024-09-19,2024-09-26,0.06597779736273024,0.06597779736273024,0.0,2024-09
8,3064,2025-01-02,2024—2025,1,2995,2024-09-19,2024-09-20,2024-09-27,0.13214113496232405,0.13214113496232405,0.0,2024-09
8,3064,2025-01-02,2024—2025,1,2996,2024-09-20,2024-09-23,2024-09-30,0.2217536450131221,0.2217536450131221,0.0,2024-09
8,3064,2025-01-02,2024—2025,1,2997,2024-09-23,2024-09-24,2024-10-08,0.40062709093577764,0.40062709093577764,0.0,2024-09
8,3064,2025-01-02,2024—2025,1,2998,2024-09-24,2024-09-25,2024-10-09,0.22432790410889747,0.22432790410889747,0.0,2024-09
8,3117,2025-03-26,2024—2025,1,2656,2023-04-27,2023-04-28,2023-05-10,0.0019474339731737622,0.0019474339731737622,0.0,2023-04
8,3117,2025-03-26,2024—2025,1,2657,2023-04-28,2023-05-04,2023-05-11,-0.006768024497518121,0.0,-0.006768024497518121,2023-04
8,3117,2025-03-26,2024—2025,1,2658,2023-05-04,2023-05-05,2023-05-12,-0.013937268059781793,0.0,-0.013937268059781793,2023-05
8,3117,2025-03-26,2024—2025,1,2659,2023-05-05,2023-05-08,2023-05-15,-0.023412768690086905,0.0,-0.023412768690086905,2023-05
8,3117,2025-03-26,2024—2025,1,2660,2023-05-08,2023-05-09,2023-05-16,-0.018993780440579644,0.0,-0.018993780440579644,2023-05
8,3117,2025-03-26,2024—2025,1,2696,2023-06-29,2023-06-30,2023-07-07,0.0015288550555958569,0.0015288550555958569,0.0,2023-06
8,3117,2025-03-26,2024—2025,1,2697,2023-06-30,2023-07-03,2023-07-10,-0.0038788798810214242,0.0,-0.0038788798810214242,2023-06
8,3117,2025-03-26,2024—2025,1,2716,2023-07-27,2023-07-28,2023-08-04,0.03783505551532218,0.03783505551532218,0.0,2023-07
8,3117,2025-03-26,2024—2025,1,2738,2023-08-28,2023-08-29,2023-09-05,0.020626686563868013,0.020626686563868013,0.0,2023-08
8,3117,2025-03-26,2024—2025,1,2819,2023-12-27,2023-12-28,2024-01-05,-0.002266934635837381,0.0,-0.002266934635837381,2023-12
8,3117,2025-03-26,2024—2025,1,2830,2024-01-12,2024-01-15,2024-01-22,-0.0019902057173533105,0.0,-0.0019902057173533105,2024-01
8,3117,2025-03-26,2024—2025,1,2835,2024-01-19,2024-01-22,2024-01-29,0.016928560481588972,0.016928560481588972,0.0,2024-01
8,3117,2025-03-26,2024—2025,1,2836,2024-01-22,2024-01-23,2024-01-30,0.022285185207840064,0.022285185207840064,0.0,2024-01
8,3117,2025-03-26,2024—2025,1,2837,2024-01-23,2024-01-24,2024-01-31,-0.005113218357430505,0.0,-0.005113218357430505,2024-01
8,3117,2025-03-26,2024—2025,1,2838,2024-01-24,2024-01-25,2024-02-01,-0.024604696911705748,0.0,-0.024604696911705748,2024-01
8,3117,2025-03-26,2024—2025,1,2839,2024-01-25,2024-01-26,2024-02-02,-0.03618552578968415,0.0,-0.03618552578968415,2024-01
8,3117,2025-03-26,2024—2025,1,2840,2024-01-26,2024-01-29,2024-02-05,-0.05502914276568227,0.0,-0.05502914276568227,2024-01
8,3117,2025-03-26,2024—2025,1,2841,2024-01-29,2024-01-30,2024-02-06,-0.03243341932633337,0.0,-0.03243341932633337,2024-01
8,3117,2025-03-26,2024—2025,1,2843,2024-01-31,2024-02-01,2024-02-08,0.044108199416862615,0.044108199416862615,0.0,2024-01
8,3117,2025-03-26,2024—2025,1,2844,2024-02-01,2024-02-02,2024-02-19,0.045097789562015045,0.045097789562015045,0.0,2024-02
8,3117,2025-03-26,2024—2025,1,2845,2024-02-02,2024-02-05,2024-02-20,0.06777289084366234,0.06777289084366234,0.0,2024-02
8,3117,2025-03-26,2024—2025,1,2846,2024-02-05,2024-02-06,2024-02-21,0.06029911647758568,0.06029911647758568,0.0,2024-02
8,3117,2025-03-26,2024—2025,1,2847,2024-02-06,2024-02-07,2024-02-22,0.03809496117063138,0.03809496117063138,0.0,2024-02
8,3117,2025-03-26,2024—2025,1,2848,2024-02-07,2024-02-08,2024-02-23,0.03343990175086109,0.03343990175086109,0.0,2024-02
8,3117,2025-03-26,2024—2025,1,2849,2024-02-08,2024-02-19,2024-02-26,0.02700518371692162,0.02700518371692162,0.0,2024-02
8,3117,2025-03-26,2024—2025,1,2850,2024-02-19,2024-02-20,2024-02-27,0.012180778707117534,0.012180778707117534,0.0,2024-02
8,3117,2025-03-26,2024—2025,1,2851,2024-02-20,2024-02-21,2024-02-28,0.02600669637805253,0.02600669637805253,0.0,2024-02
8,3117,2025-03-26,2024—2025,1,2852,2024-02-21,2024-02-22,2024-02-29,-0.00514277047801559,0.0,-0.00514277047801559,2024-02
8,3117,2025-03-26,2024—2025,1,2890,2024-04-17,2024-04-18,2024-04-25,-0.014599233587286653,0.0,-0.014599233587286653,2024-04
8,3117,2025-03-26,2024—2025,1,2900,2024-05-06,2024-05-07,2024-05-14,-0.0002520230603291207,0.0,-0.0002520230603291207,2024-05
8,3117,2025-03-26,2024—2025,1,2924,2024-06-07,2024-06-11,2024-06-18,-0.008074731462777485,0.0,-0.008074731462777485,2024-06
8,3117,2025-03-26,2024—2025,1,2925,2024-06-11,2024-06-12,2024-06-19,0.0006084375719834778,0.0006084375719834778,0.0,2024-06
8,3117,2025-03-26,2024—2025,1,2926,2024-06-12,2024-06-13,2024-06-20,-0.006414742335715373,0.0,-0.006414742335715373,2024-06
8,3117,2025-03-26,2024—2025,1,2936,2024-06-26,2024-06-27,2024-07-04,-0.002229560379626072,0.0,-0.002229560379626072,2024-06
8,3117,2025-03-26,2024—2025,1,2937,2024-06-27,2024-06-28,2024-07-05,-0.004247179793982259,0.0,-0.004247179793982259,2024-06
8,3117,2025-03-26,2024—2025,1,2938,2024-06-28,2024-07-01,2024-07-08,-0.013393439530518414,0.0,-0.013393439530518414,2024-06
8,3117,2025-03-26,2024—2025,1,2939,2024-07-01,2024-07-02,2024-07-09,-0.021652059587828565,0.0,-0.021652059587828565,2024-07
8,3117,2025-03-26,2024—2025,1,2940,2024-07-02,2024-07-03,2024-07-10,-0.011654343408434076,0.0,-0.011654343408434076,2024-07
8,3117,2025-03-26,2024—2025,1,2943,2024-07-05,2024-07-08,2024-07-15,0.014238935395451069,0.014238935395451069,0.0,2024-07
8,3117,2025-03-26,2024—2025,1,2944,2024-07-08,2024-07-09,2024-07-16,0.023358090495232187,0.023358090495232187,0.0,2024-07
8,3117,2025-03-26,2024—2025,1,2945,2024-07-09,2024-07-10,2024-07-17,0.021385563421689957,0.021385563421689957,0.0,2024-07
8,3117,2025-03-26,2024—2025,1,2946,2024-07-10,2024-07-11,2024-07-18,0.011497290036475372,0.011497290036475372,0.0,2024-07
8,3117,2025-03-26,2024—2025,1,2947,2024-07-11,2024-07-12,2024-07-19,0.012276625622866133,0.012276625622866133,0.0,2024-07
8,3117,2025-03-26,2024—2025,1,2953,2024-07-19,2024-07-22,2024-07-29,-0.037724837822581514,0.0,-0.037724837822581514,2024-07
8,3117,2025-03-26,2024—2025,1,2954,2024-07-22,2024-07-23,2024-07-30,-0.036625349860055834,0.0,-0.036625349860055834,2024-07
8,3117,2025-03-26,2024—2025,1,2955,2024-07-23,2024-07-24,2024-07-31,-0.021360532666041876,0.0,-0.021360532666041876,2024-07
8,3117,2025-03-26,2024—2025,1,2956,2024-07-24,2024-07-25,2024-08-01,0.00784392125502742,0.00784392125502742,0.0,2024-07
8,3117,2025-03-26,2024—2025,1,2957,2024-07-25,2024-07-26,2024-08-02,-0.0031073021137965062,0.0,-0.0031073021137965062,2024-07
8,3117,2025-03-26,2024—2025,1,2978,2024-08-23,2024-08-26,2024-09-02,-0.0072669961141756945,0.0,-0.0072669961141756945,2024-08
8,3117,2025-03-26,2024—2025,1,2979,2024-08-26,2024-08-27,2024-09-03,-0.01995273845637191,0.0,-0.01995273845637191,2024-08
8,3117,2025-03-26,2024—2025,1,2980,2024-08-27,2024-08-28,2024-09-04,-0.014718593890244658,0.0,-0.014718593890244658,2024-08
8,3117,2025-03-26,2024—2025,1,2981,2024-08-28,2024-08-29,2024-09-05,-0.01003773855802137,0.0,-0.01003773855802137,2024-08
8,3117,2025-03-26,2024—2025,1,2982,2024-08-29,2024-08-30,2024-09-06,-0.005279059924147456,0.0,-0.005279059924147456,2024-08
8,3117,2025-03-26,2024—2025,1,2994,2024-09-18,2024-09-19,2024-09-26,0.06597779736273024,0.06597779736273024,0.0,2024-09
8,3117,2025-03-26,2024—2025,1,2995,2024-09-19,2024-09-20,2024-09-27,0.13214113496232405,0.13214113496232405,0.0,2024-09
8,3117,2025-03-26,2024—2025,1,2996,2024-09-20,2024-09-23,2024-09-30,0.2217536450131221,0.2217536450131221,0.0,2024-09
8,3117,2025-03-26,2024—2025,1,2997,2024-09-23,2024-09-24,2024-10-08,0.40062709093577764,0.40062709093577764,0.0,2024-09
8,3117,2025-03-26,2024—2025,1,2998,2024-09-24,2024-09-25,2024-10-09,0.22432790410889747,0.22432790410889747,0.0,2024-09
8,3117,2025-03-26,2024—2025,1,3064,2025-01-02,2025-01-03,2025-01-10,-0.014078089694354978,0.0,-0.014078089694354978,2025-01
8,3117,2025-03-26,2024—2025,1,3065,2025-01-03,2025-01-06,2025-01-13,-0.019394258321484115,0.0,-0.019394258321484115,2025-01
8,3117,2025-03-26,2024—2025,1,3066,2025-01-06,2025-01-07,2025-01-14,-0.010664479336870092,0.0,-0.010664479336870092,2025-01
8,3117,2025-03-26,2024—2025,1,3067,2025-01-07,2025-01-08,2025-01-15,0.003842964621069589,0.003842964621069589,0.0,2025-01
8,3117,2025-03-26,2024—2025,1,3068,2025-01-08,2025-01-09,2025-01-16,0.0056601098893258595,0.0056601098893258595,0.0,2025-01
8,3117,2025-03-26,2024—2025,1,3069,2025-01-09,2025-01-10,2025-01-17,-0.0002831640670172275,0.0,-0.0002831640670172275,2025-01
8,3117,2025-03-26,2024—2025,1,3070,2025-01-10,2025-01-13,2025-01-20,0.028611735332148447,0.028611735332148447,0.0,2025-01
8,3117,2025-03-26,2024—2025,1,3071,2025-01-13,2025-01-14,2025-01-21,0.02902719509211238,0.02902719509211238,0.0,2025-01
8,3117,2025-03-26,2024—2025,1,3081,2025-01-27,2025-02-05,2025-02-12,0.008343993363508773,0.008343993363508773,0.0,2025-01
8,3117,2025-03-26,2024—2025,1,3082,2025-02-05,2025-02-06,2025-02-13,0.029011852049303455,0.029011852049303455,0.0,2025-02
8,3117,2025-03-26,2024—2025,1,3083,2025-02-06,2025-02-07,2025-02-14,0.014174365813745649,0.014174365813745649,0.0,2025-02
8,3117,2025-03-26,2024—2025,1,3084,2025-02-07,2025-02-10,2025-02-17,0.01071126770929487,0.01071126770929487,0.0,2025-02
8,3123,2025-04-03,2024—2025,1,2656,2023-04-27,2023-04-28,2023-05-10,0.0019474339731737622,0.0019474339731737622,0.0,2023-04
8,3123,2025-04-03,2024—2025,1,2657,2023-04-28,2023-05-04,2023-05-11,-0.006768024497518121,0.0,-0.006768024497518121,2023-04
8,3123,2025-04-03,2024—2025,1,2658,2023-05-04,2023-05-05,2023-05-12,-0.013937268059781793,0.0,-0.013937268059781793,2023-05
8,3123,2025-04-03,2024—2025,1,2659,2023-05-05,2023-05-08,2023-05-15,-0.023412768690086905,0.0,-0.023412768690086905,2023-05
8,3123,2025-04-03,2024—2025,1,2660,2023-05-08,2023-05-09,2023-05-16,-0.018993780440579644,0.0,-0.018993780440579644,2023-05
8,3123,2025-04-03,2024—2025,1,2696,2023-06-29,2023-06-30,2023-07-07,0.0015288550555958569,0.0015288550555958569,0.0,2023-06
8,3123,2025-04-03,2024—2025,1,2697,2023-06-30,2023-07-03,2023-07-10,-0.0038788798810214242,0.0,-0.0038788798810214242,2023-06
8,3123,2025-04-03,2024—2025,1,2716,2023-07-27,2023-07-28,2023-08-04,0.03783505551532218,0.03783505551532218,0.0,2023-07
8,3123,2025-04-03,2024—2025,1,2738,2023-08-28,2023-08-29,2023-09-05,0.020626686563868013,0.020626686563868013,0.0,2023-08
8,3123,2025-04-03,2024—2025,1,2819,2023-12-27,2023-12-28,2024-01-05,-0.002266934635837381,0.0,-0.002266934635837381,2023-12
8,3123,2025-04-03,2024—2025,1,2830,2024-01-12,2024-01-15,2024-01-22,-0.0019902057173533105,0.0,-0.0019902057173533105,2024-01
8,3123,2025-04-03,2024—2025,1,2835,2024-01-19,2024-01-22,2024-01-29,0.016928560481588972,0.016928560481588972,0.0,2024-01
8,3123,2025-04-03,2024—2025,1,2836,2024-01-22,2024-01-23,2024-01-30,0.022285185207840064,0.022285185207840064,0.0,2024-01
8,3123,2025-04-03,2024—2025,1,2837,2024-01-23,2024-01-24,2024-01-31,-0.005113218357430505,0.0,-0.005113218357430505,2024-01
8,3123,2025-04-03,2024—2025,1,2838,2024-01-24,2024-01-25,2024-02-01,-0.024604696911705748,0.0,-0.024604696911705748,2024-01
8,3123,2025-04-03,2024—2025,1,2839,2024-01-25,2024-01-26,2024-02-02,-0.03618552578968415,0.0,-0.03618552578968415,2024-01
8,3123,2025-04-03,2024—2025,1,2840,2024-01-26,2024-01-29,2024-02-05,-0.05502914276568227,0.0,-0.05502914276568227,2024-01
8,3123,2025-04-03,2024—2025,1,2841,2024-01-29,2024-01-30,2024-02-06,-0.03243341932633337,0.0,-0.03243341932633337,2024-01
8,3123,2025-04-03,2024—2025,1,2843,2024-01-31,2024-02-01,2024-02-08,0.044108199416862615,0.044108199416862615,0.0,2024-01
8,3123,2025-04-03,2024—2025,1,2844,2024-02-01,2024-02-02,2024-02-19,0.045097789562015045,0.045097789562015045,0.0,2024-02
8,3123,2025-04-03,2024—2025,1,2845,2024-02-02,2024-02-05,2024-02-20,0.06777289084366234,0.06777289084366234,0.0,2024-02
8,3123,2025-04-03,2024—2025,1,2846,2024-02-05,2024-02-06,2024-02-21,0.06029911647758568,0.06029911647758568,0.0,2024-02
8,3123,2025-04-03,2024—2025,1,2847,2024-02-06,2024-02-07,2024-02-22,0.03809496117063138,0.03809496117063138,0.0,2024-02
8,3123,2025-04-03,2024—2025,1,2848,2024-02-07,2024-02-08,2024-02-23,0.03343990175086109,0.03343990175086109,0.0,2024-02
8,3123,2025-04-03,2024—2025,1,2849,2024-02-08,2024-02-19,2024-02-26,0.02700518371692162,0.02700518371692162,0.0,2024-02
8,3123,2025-04-03,2024—2025,1,2850,2024-02-19,2024-02-20,2024-02-27,0.012180778707117534,0.012180778707117534,0.0,2024-02
8,3123,2025-04-03,2024—2025,1,2851,2024-02-20,2024-02-21,2024-02-28,0.02600669637805253,0.02600669637805253,0.0,2024-02
8,3123,2025-04-03,2024—2025,1,2852,2024-02-21,2024-02-22,2024-02-29,-0.00514277047801559,0.0,-0.00514277047801559,2024-02
8,3123,2025-04-03,2024—2025,1,2890,2024-04-17,2024-04-18,2024-04-25,-0.014599233587286653,0.0,-0.014599233587286653,2024-04
8,3123,2025-04-03,2024—2025,1,2900,2024-05-06,2024-05-07,2024-05-14,-0.0002520230603291207,0.0,-0.0002520230603291207,2024-05
8,3123,2025-04-03,2024—2025,1,2924,2024-06-07,2024-06-11,2024-06-18,-0.008074731462777485,0.0,-0.008074731462777485,2024-06
8,3123,2025-04-03,2024—2025,1,2925,2024-06-11,2024-06-12,2024-06-19,0.0006084375719834778,0.0006084375719834778,0.0,2024-06
8,3123,2025-04-03,2024—2025,1,2926,2024-06-12,2024-06-13,2024-06-20,-0.006414742335715373,0.0,-0.006414742335715373,2024-06
8,3123,2025-04-03,2024—2025,1,2936,2024-06-26,2024-06-27,2024-07-04,-0.002229560379626072,0.0,-0.002229560379626072,2024-06
8,3123,2025-04-03,2024—2025,1,2937,2024-06-27,2024-06-28,2024-07-05,-0.004247179793982259,0.0,-0.004247179793982259,2024-06
8,3123,2025-04-03,2024—2025,1,2938,2024-06-28,2024-07-01,2024-07-08,-0.013393439530518414,0.0,-0.013393439530518414,2024-06
8,3123,2025-04-03,2024—2025,1,2939,2024-07-01,2024-07-02,2024-07-09,-0.021652059587828565,0.0,-0.021652059587828565,2024-07
8,3123,2025-04-03,2024—2025,1,2940,2024-07-02,2024-07-03,2024-07-10,-0.011654343408434076,0.0,-0.011654343408434076,2024-07
8,3123,2025-04-03,2024—2025,1,2943,2024-07-05,2024-07-08,2024-07-15,0.014238935395451069,0.014238935395451069,0.0,2024-07
8,3123,2025-04-03,2024—2025,1,2944,2024-07-08,2024-07-09,2024-07-16,0.023358090495232187,0.023358090495232187,0.0,2024-07
8,3123,2025-04-03,2024—2025,1,2945,2024-07-09,2024-07-10,2024-07-17,0.021385563421689957,0.021385563421689957,0.0,2024-07
8,3123,2025-04-03,2024—2025,1,2946,2024-07-10,2024-07-11,2024-07-18,0.011497290036475372,0.011497290036475372,0.0,2024-07
8,3123,2025-04-03,2024—2025,1,2947,2024-07-11,2024-07-12,2024-07-19,0.012276625622866133,0.012276625622866133,0.0,2024-07
8,3123,2025-04-03,2024—2025,1,2953,2024-07-19,2024-07-22,2024-07-29,-0.037724837822581514,0.0,-0.037724837822581514,2024-07
8,3123,2025-04-03,2024—2025,1,2954,2024-07-22,2024-07-23,2024-07-30,-0.036625349860055834,0.0,-0.036625349860055834,2024-07
8,3123,2025-04-03,2024—2025,1,2955,2024-07-23,2024-07-24,2024-07-31,-0.021360532666041876,0.0,-0.021360532666041876,2024-07
8,3123,2025-04-03,2024—2025,1,2956,2024-07-24,2024-07-25,2024-08-01,0.00784392125502742,0.00784392125502742,0.0,2024-07
8,3123,2025-04-03,2024—2025,1,2957,2024-07-25,2024-07-26,2024-08-02,-0.0031073021137965062,0.0,-0.0031073021137965062,2024-07
8,3123,2025-04-03,2024—2025,1,2978,2024-08-23,2024-08-26,2024-09-02,-0.0072669961141756945,0.0,-0.0072669961141756945,2024-08
8,3123,2025-04-03,2024—2025,1,2979,2024-08-26,2024-08-27,2024-09-03,-0.01995273845637191,0.0,-0.01995273845637191,2024-08
8,3123,2025-04-03,2024—2025,1,2980,2024-08-27,2024-08-28,2024-09-04,-0.014718593890244658,0.0,-0.014718593890244658,2024-08
8,3123,2025-04-03,2024—2025,1,2981,2024-08-28,2024-08-29,2024-09-05,-0.01003773855802137,0.0,-0.01003773855802137,2024-08
8,3123,2025-04-03,2024—2025,1,2982,2024-08-29,2024-08-30,2024-09-06,-0.005279059924147456,0.0,-0.005279059924147456,2024-08
8,3123,2025-04-03,2024—2025,1,2994,2024-09-18,2024-09-19,2024-09-26,0.06597779736273024,0.06597779736273024,0.0,2024-09
8,3123,2025-04-03,2024—2025,1,2995,2024-09-19,2024-09-20,2024-09-27,0.13214113496232405,0.13214113496232405,0.0,2024-09
8,3123,2025-04-03,2024—2025,1,2996,2024-09-20,2024-09-23,2024-09-30,0.2217536450131221,0.2217536450131221,0.0,2024-09
8,3123,2025-04-03,2024—2025,1,2997,2024-09-23,2024-09-24,2024-10-08,0.40062709093577764,0.40062709093577764,0.0,2024-09
8,3123,2025-04-03,2024—2025,1,2998,2024-09-24,2024-09-25,2024-10-09,0.22432790410889747,0.22432790410889747,0.0,2024-09
8,3123,2025-04-03,2024—2025,1,3064,2025-01-02,2025-01-03,2025-01-10,-0.014078089694354978,0.0,-0.014078089694354978,2025-01
8,3123,2025-04-03,2024—2025,1,3065,2025-01-03,2025-01-06,2025-01-13,-0.019394258321484115,0.0,-0.019394258321484115,2025-01
8,3123,2025-04-03,2024—2025,1,3066,2025-01-06,2025-01-07,2025-01-14,-0.010664479336870092,0.0,-0.010664479336870092,2025-01
8,3123,2025-04-03,2024—2025,1,3067,2025-01-07,2025-01-08,2025-01-15,0.003842964621069589,0.003842964621069589,0.0,2025-01
8,3123,2025-04-03,2024—2025,1,3068,2025-01-08,2025-01-09,2025-01-16,0.0056601098893258595,0.0056601098893258595,0.0,2025-01
8,3123,2025-04-03,2024—2025,1,3069,2025-01-09,2025-01-10,2025-01-17,-0.0002831640670172275,0.0,-0.0002831640670172275,2025-01
8,3123,2025-04-03,2024—2025,1,3070,2025-01-10,2025-01-13,2025-01-20,0.028611735332148447,0.028611735332148447,0.0,2025-01
8,3123,2025-04-03,2024—2025,1,3071,2025-01-13,2025-01-14,2025-01-21,0.02902719509211238,0.02902719509211238,0.0,2025-01
8,3123,2025-04-03,2024—2025,1,3081,2025-01-27,2025-02-05,2025-02-12,0.008343993363508773,0.008343993363508773,0.0,2025-01
8,3123,2025-04-03,2024—2025,1,3082,2025-02-05,2025-02-06,2025-02-13,0.029011852049303455,0.029011852049303455,0.0,2025-02
8,3123,2025-04-03,2024—2025,1,3083,2025-02-06,2025-02-07,2025-02-14,0.014174365813745649,0.014174365813745649,0.0,2025-02
8,3123,2025-04-03,2024—2025,1,3084,2025-02-07,2025-02-10,2025-02-17,0.01071126770929487,0.01071126770929487,0.0,2025-02
8,3123,2025-04-03,2024—2025,1,3117,2025-03-26,2025-03-27,2025-04-03,-0.01871363008581417,0.0,-0.01871363008581417,2025-03
8,3263,2025-10-31,2024—2025,1,2822,2024-01-02,2024-01-03,2024-01-10,-0.030920501364671504,0.0,-0.030920501364671504,2024-01
8,3263,2025-10-31,2024—2025,1,2823,2024-01-03,2024-01-04,2024-01-11,-0.032405261923089124,0.0,-0.032405261923089124,2024-01
8,3263,2025-10-31,2024—2025,1,2824,2024-01-04,2024-01-05,2024-01-12,-0.01868442763739564,0.0,-0.01868442763739564,2024-01
8,3263,2025-10-31,2024—2025,1,2825,2024-01-05,2024-01-08,2024-01-15,-0.020530426202640006,0.0,-0.020530426202640006,2024-01
8,3263,2025-10-31,2024—2025,1,2826,2024-01-08,2024-01-09,2024-01-16,-0.006458340657775508,0.0,-0.006458340657775508,2024-01
8,3263,2025-10-31,2024—2025,1,2827,2024-01-09,2024-01-10,2024-01-17,-0.0010975931630923252,0.0,-0.0010975931630923252,2024-01
8,3263,2025-10-31,2024—2025,1,2828,2024-01-10,2024-01-11,2024-01-18,-0.01931173718853263,0.0,-0.01931173718853263,2024-01
8,3263,2025-10-31,2024—2025,1,2829,2024-01-11,2024-01-12,2024-01-19,-0.013002250664562842,0.0,-0.013002250664562842,2024-01
8,3263,2025-10-31,2024—2025,1,2830,2024-01-12,2024-01-15,2024-01-22,-0.0019902057173533105,0.0,-0.0019902057173533105,2024-01
8,3263,2025-10-31,2024—2025,1,2831,2024-01-15,2024-01-16,2024-01-23,-0.024695743712084495,0.0,-0.024695743712084495,2024-01
8,3263,2025-10-31,2024—2025,1,2832,2024-01-16,2024-01-17,2024-01-24,-0.017737147925715346,0.0,-0.017737147925715346,2024-01
8,3263,2025-10-31,2024—2025,1,2833,2024-01-17,2024-01-18,2024-01-25,0.012845513563662037,0.012845513563662037,0.0,2024-01
8,3263,2025-10-31,2024—2025,1,2834,2024-01-18,2024-01-19,2024-01-26,0.021008872811158374,0.021008872811158374,0.0,2024-01
8,3263,2025-10-31,2024—2025,1,2835,2024-01-19,2024-01-22,2024-01-29,0.016928560481588972,0.016928560481588972,0.0,2024-01
8,3263,2025-10-31,2024—2025,1,2836,2024-01-22,2024-01-23,2024-01-30,0.022285185207840064,0.022285185207840064,0.0,2024-01
8,3263,2025-10-31,2024—2025,1,2837,2024-01-23,2024-01-24,2024-01-31,-0.005113218357430505,0.0,-0.005113218357430505,2024-01
8,3263,2025-10-31,2024—2025,1,2838,2024-01-24,2024-01-25,2024-02-01,-0.024604696911705748,0.0,-0.024604696911705748,2024-01
8,3263,2025-10-31,2024—2025,1,2839,2024-01-25,2024-01-26,2024-02-02,-0.03618552578968415,0.0,-0.03618552578968415,2024-01
8,3263,2025-10-31,2024—2025,1,2840,2024-01-26,2024-01-29,2024-02-05,-0.05502914276568227,0.0,-0.05502914276568227,2024-01
8,3263,2025-10-31,2024—2025,1,2841,2024-01-29,2024-01-30,2024-02-06,-0.03243341932633337,0.0,-0.03243341932633337,2024-01
8,3263,2025-10-31,2024—2025,1,2842,2024-01-30,2024-01-31,2024-02-07,0.020499307227989094,0.020499307227989094,0.0,2024-01
8,3263,2025-10-31,2024—2025,1,2843,2024-01-31,2024-02-01,2024-02-08,0.044108199416862615,0.044108199416862615,0.0,2024-01
8,3263,2025-10-31,2024—2025,1,2844,2024-02-01,2024-02-02,2024-02-19,0.045097789562015045,0.045097789562015045,0.0,2024-02
8,3263,2025-10-31,2024—2025,1,2845,2024-02-02,2024-02-05,2024-02-20,0.06777289084366234,0.06777289084366234,0.0,2024-02
8,3263,2025-10-31,2024—2025,1,2846,2024-02-05,2024-02-06,2024-02-21,0.06029911647758568,0.06029911647758568,0.0,2024-02
8,3263,2025-10-31,2024—2025,1,2847,2024-02-06,2024-02-07,2024-02-22,0.03809496117063138,0.03809496117063138,0.0,2024-02
8,3263,2025-10-31,2024—2025,1,2848,2024-02-07,2024-02-08,2024-02-23,0.03343990175086109,0.03343990175086109,0.0,2024-02
8,3263,2025-10-31,2024—2025,1,2849,2024-02-08,2024-02-19,2024-02-26,0.02700518371692162,0.02700518371692162,0.0,2024-02
8,3263,2025-10-31,2024—2025,1,2850,2024-02-19,2024-02-20,2024-02-27,0.012180778707117534,0.012180778707117534,0.0,2024-02
8,3263,2025-10-31,2024—2025,1,2851,2024-02-20,2024-02-21,2024-02-28,0.02600669637805253,0.02600669637805253,0.0,2024-02
8,3263,2025-10-31,2024—2025,1,2852,2024-02-21,2024-02-22,2024-02-29,-0.00514277047801559,0.0,-0.00514277047801559,2024-02
8,3263,2025-10-31,2024—2025,1,2853,2024-02-22,2024-02-23,2024-03-01,0.004370082952734444,0.004370082952734444,0.0,2024-02
8,3263,2025-10-31,2024—2025,1,2854,2024-02-23,2024-02-26,2024-03-04,0.01125963407740338,0.01125963407740338,0.0,2024-02
8,3263,2025-10-31,2024—2025,1,2855,2024-02-26,2024-02-27,2024-03-05,0.020119896211332255,0.020119896211332255,0.0,2024-02
8,3263,2025-10-31,2024—2025,1,2856,2024-02-27,2024-02-28,2024-03-06,0.015228740929866813,0.015228740929866813,0.0,2024-02
8,3263,2025-10-31,2024—2025,1,2857,2024-02-28,2024-02-29,2024-03-07,0.026182210042812182,0.026182210042812182,0.0,2024-02
8,3263,2025-10-31,2024—2025,1,2858,2024-02-29,2024-03-01,2024-03-08,0.0037615766817382656,0.0037615766817382656,0.0,2024-02
8,3263,2025-10-31,2024—2025,1,2859,2024-03-01,2024-03-04,2024-03-11,-0.0016488588700498408,0.0,-0.0016488588700498408,2024-03
8,3263,2025-10-31,2024—2025,1,2860,2024-03-04,2024-03-05,2024-03-12,0.01623698346748248,0.01623698346748248,0.0,2024-03
8,3263,2025-10-31,2024—2025,1,2861,2024-03-05,2024-03-06,2024-03-13,0.00650811405395646,0.00650811405395646,0.0,2024-03
8,3263,2025-10-31,2024—2025,1,2862,2024-03-06,2024-03-07,2024-03-14,0.002300800413262083,0.002300800413262083,0.0,2024-03
8,3263,2025-10-31,2024—2025,1,2863,2024-03-07,2024-03-08,2024-03-15,0.0017485779845045624,0.0017485779845045624,0.0,2024-03
8,3263,2025-10-31,2024—2025,1,2864,2024-03-08,2024-03-11,2024-03-18,0.005418822569981829,0.005418822569981829,0.0,2024-03
8,3263,2025-10-31,2024—2025,1,2865,2024-03-11,2024-03-12,2024-03-19,-0.0021924879337364978,0.0,-0.0021924879337364978,2024-03
8,3263,2025-10-31,2024—2025,1,2866,2024-03-12,2024-03-13,2024-03-20,-0.009708682701341398,0.0,-0.009708682701341398,2024-03
8,3263,2025-10-31,2024—2025,1,2867,2024-03-13,2024-03-14,2024-03-21,0.0025646307133713186,0.0025646307133713186,0.0,2024-03
8,3263,2025-10-31,2024—2025,1,2868,2024-03-14,2024-03-15,2024-03-22,0.003990620333930606,0.003990620333930606,0.0,2024-03
8,3263,2025-10-31,2024—2025,1,2869,2024-03-15,2024-03-18,2024-03-25,-0.01173062331869501,0.0,-0.01173062331869501,2024-03
8,3263,2025-10-31,2024—2025,1,2870,2024-03-18,2024-03-19,2024-03-26,-0.021396009841188834,0.0,-0.021396009841188834,2024-03
8,3263,2025-10-31,2024—2025,1,2871,2024-03-19,2024-03-20,2024-03-27,-0.01285174569723313,0.0,-0.01285174569723313,2024-03
8,3263,2025-10-31,2024—2025,1,2872,2024-03-20,2024-03-21,2024-03-28,-0.02784276914234307,0.0,-0.02784276914234307,2024-03
8,3263,2025-10-31,2024—2025,1,2873,2024-03-21,2024-03-22,2024-03-29,-0.019826737465193256,0.0,-0.019826737465193256,2024-03
8,3263,2025-10-31,2024—2025,1,2874,2024-03-22,2024-03-25,2024-04-01,-0.000234201735265116,0.0,-0.000234201735265116,2024-03
8,3263,2025-10-31,2024—2025,1,2875,2024-03-25,2024-03-26,2024-04-02,0.014795103524992026,0.014795103524992026,0.0,2024-03
8,3263,2025-10-31,2024—2025,1,2876,2024-03-26,2024-03-27,2024-04-03,0.009390464777261798,0.009390464777261798,0.0,2024-03
8,3263,2025-10-31,2024—2025,1,2877,2024-03-27,2024-03-28,2024-04-08,0.013780925398080957,0.013780925398080957,0.0,2024-03
8,3263,2025-10-31,2024—2025,1,2878,2024-03-28,2024-03-29,2024-04-09,0.0026154163797311725,0.0026154163797311725,0.0,2024-03
8,3263,2025-10-31,2024—2025,1,2879,2024-03-29,2024-04-01,2024-04-10,-0.007566273716247185,0.0,-0.007566273716247185,2024-03
8,3263,2025-10-31,2024—2025,1,2984,2024-09-02,2024-09-03,2024-09-10,-0.023277191822731136,0.0,-0.023277191822731136,2024-09
8,3263,2025-10-31,2024—2025,1,2985,2024-09-03,2024-09-04,2024-09-11,-0.026566165138142472,0.0,-0.026566165138142472,2024-09
8,3263,2025-10-31,2024—2025,1,2986,2024-09-04,2024-09-05,2024-09-12,-0.023304191836778787,0.0,-0.023304191836778787,2024-09
8,3263,2025-10-31,2024—2025,1,2987,2024-09-05,2024-09-06,2024-09-13,-0.03012631425417256,0.0,-0.03012631425417256,2024-09
8,3263,2025-10-31,2024—2025,1,2988,2024-09-06,2024-09-09,2024-09-18,-0.02293002701831892,0.0,-0.02293002701831892,2024-09
8,3263,2025-10-31,2024—2025,1,2989,2024-09-09,2024-09-10,2024-09-19,-0.0093633804513088,0.0,-0.0093633804513088,2024-09
8,3263,2025-10-31,2024—2025,1,2990,2024-09-10,2024-09-11,2024-09-20,-0.001720036578552464,0.0,-0.001720036578552464,2024-09
8,3263,2025-10-31,2024—2025,1,2991,2024-09-11,2024-09-12,2024-09-23,-0.00018723739434656217,0.0,-0.00018723739434656217,2024-09
8,3263,2025-10-31,2024—2025,1,2992,2024-09-12,2024-09-13,2024-09-24,0.017960313566171004,0.017960313566171004,0.0,2024-09
8,3263,2025-10-31,2024—2025,1,2993,2024-09-13,2024-09-18,2024-09-25,0.07775088664626995,0.07775088664626995,0.0,2024-09
8,3263,2025-10-31,2024—2025,1,2994,2024-09-18,2024-09-19,2024-09-26,0.06597779736273024,0.06597779736273024,0.0,2024-09
8,3263,2025-10-31,2024—2025,1,2995,2024-09-19,2024-09-20,2024-09-27,0.13214113496232405,0.13214113496232405,0.0,2024-09
8,3263,2025-10-31,2024—2025,1,2996,2024-09-20,2024-09-23,2024-09-30,0.2217536450131221,0.2217536450131221,0.0,2024-09
8,3263,2025-10-31,2024—2025,1,2997,2024-09-23,2024-09-24,2024-10-08,0.40062709093577764,0.40062709093577764,0.0,2024-09
8,3263,2025-10-31,2024—2025,1,2998,2024-09-24,2024-09-25,2024-10-09,0.22432790410889747,0.22432790410889747,0.0,2024-09
8,3263,2025-10-31,2024—2025,1,2999,2024-09-25,2024-09-26,2024-10-10,0.1698586694354518,0.1698586694354518,0.0,2024-09
8,3263,2025-10-31,2024—2025,1,3000,2024-09-26,2024-09-27,2024-10-11,0.09307767173907955,0.09307767173907955,0.0,2024-09
8,3263,2025-10-31,2024—2025,1,3001,2024-09-27,2024-09-30,2024-10-14,-0.008022214842876352,0.0,-0.008022214842876352,2024-09
8,3269,2025-11-10,2024—2025,1,2822,2024-01-02,2024-01-03,2024-01-10,-0.030920501364671504,0.0,-0.030920501364671504,2024-01
8,3269,2025-11-10,2024—2025,1,2823,2024-01-03,2024-01-04,2024-01-11,-0.032405261923089124,0.0,-0.032405261923089124,2024-01
8,3269,2025-11-10,2024—2025,1,2824,2024-01-04,2024-01-05,2024-01-12,-0.01868442763739564,0.0,-0.01868442763739564,2024-01
8,3269,2025-11-10,2024—2025,1,2825,2024-01-05,2024-01-08,2024-01-15,-0.020530426202640006,0.0,-0.020530426202640006,2024-01
8,3269,2025-11-10,2024—2025,1,2826,2024-01-08,2024-01-09,2024-01-16,-0.006458340657775508,0.0,-0.006458340657775508,2024-01
8,3269,2025-11-10,2024—2025,1,2827,2024-01-09,2024-01-10,2024-01-17,-0.0010975931630923252,0.0,-0.0010975931630923252,2024-01
8,3269,2025-11-10,2024—2025,1,2828,2024-01-10,2024-01-11,2024-01-18,-0.01931173718853263,0.0,-0.01931173718853263,2024-01
8,3269,2025-11-10,2024—2025,1,2829,2024-01-11,2024-01-12,2024-01-19,-0.013002250664562842,0.0,-0.013002250664562842,2024-01
8,3269,2025-11-10,2024—2025,1,2830,2024-01-12,2024-01-15,2024-01-22,-0.0019902057173533105,0.0,-0.0019902057173533105,2024-01
8,3269,2025-11-10,2024—2025,1,2831,2024-01-15,2024-01-16,2024-01-23,-0.024695743712084495,0.0,-0.024695743712084495,2024-01
8,3269,2025-11-10,2024—2025,1,2832,2024-01-16,2024-01-17,2024-01-24,-0.017737147925715346,0.0,-0.017737147925715346,2024-01
8,3269,2025-11-10,2024—2025,1,2833,2024-01-17,2024-01-18,2024-01-25,0.012845513563662037,0.012845513563662037,0.0,2024-01
8,3269,2025-11-10,2024—2025,1,2834,2024-01-18,2024-01-19,2024-01-26,0.021008872811158374,0.021008872811158374,0.0,2024-01
8,3269,2025-11-10,2024—2025,1,2835,2024-01-19,2024-01-22,2024-01-29,0.016928560481588972,0.016928560481588972,0.0,2024-01
8,3269,2025-11-10,2024—2025,1,2836,2024-01-22,2024-01-23,2024-01-30,0.022285185207840064,0.022285185207840064,0.0,2024-01
8,3269,2025-11-10,2024—2025,1,2837,2024-01-23,2024-01-24,2024-01-31,-0.005113218357430505,0.0,-0.005113218357430505,2024-01
8,3269,2025-11-10,2024—2025,1,2838,2024-01-24,2024-01-25,2024-02-01,-0.024604696911705748,0.0,-0.024604696911705748,2024-01
8,3269,2025-11-10,2024—2025,1,2839,2024-01-25,2024-01-26,2024-02-02,-0.03618552578968415,0.0,-0.03618552578968415,2024-01
8,3269,2025-11-10,2024—2025,1,2840,2024-01-26,2024-01-29,2024-02-05,-0.05502914276568227,0.0,-0.05502914276568227,2024-01
8,3269,2025-11-10,2024—2025,1,2841,2024-01-29,2024-01-30,2024-02-06,-0.03243341932633337,0.0,-0.03243341932633337,2024-01
8,3269,2025-11-10,2024—2025,1,2842,2024-01-30,2024-01-31,2024-02-07,0.020499307227989094,0.020499307227989094,0.0,2024-01
8,3269,2025-11-10,2024—2025,1,2843,2024-01-31,2024-02-01,2024-02-08,0.044108199416862615,0.044108199416862615,0.0,2024-01
8,3269,2025-11-10,2024—2025,1,2844,2024-02-01,2024-02-02,2024-02-19,0.045097789562015045,0.045097789562015045,0.0,2024-02
8,3269,2025-11-10,2024—2025,1,2845,2024-02-02,2024-02-05,2024-02-20,0.06777289084366234,0.06777289084366234,0.0,2024-02
8,3269,2025-11-10,2024—2025,1,2846,2024-02-05,2024-02-06,2024-02-21,0.06029911647758568,0.06029911647758568,0.0,2024-02
8,3269,2025-11-10,2024—2025,1,2847,2024-02-06,2024-02-07,2024-02-22,0.03809496117063138,0.03809496117063138,0.0,2024-02
8,3269,2025-11-10,2024—2025,1,2848,2024-02-07,2024-02-08,2024-02-23,0.03343990175086109,0.03343990175086109,0.0,2024-02
8,3269,2025-11-10,2024—2025,1,2849,2024-02-08,2024-02-19,2024-02-26,0.02700518371692162,0.02700518371692162,0.0,2024-02
8,3269,2025-11-10,2024—2025,1,2850,2024-02-19,2024-02-20,2024-02-27,0.012180778707117534,0.012180778707117534,0.0,2024-02
8,3269,2025-11-10,2024—2025,1,2851,2024-02-20,2024-02-21,2024-02-28,0.02600669637805253,0.02600669637805253,0.0,2024-02
8,3269,2025-11-10,2024—2025,1,2852,2024-02-21,2024-02-22,2024-02-29,-0.00514277047801559,0.0,-0.00514277047801559,2024-02
8,3269,2025-11-10,2024—2025,1,2853,2024-02-22,2024-02-23,2024-03-01,0.004370082952734444,0.004370082952734444,0.0,2024-02
8,3269,2025-11-10,2024—2025,1,2854,2024-02-23,2024-02-26,2024-03-04,0.01125963407740338,0.01125963407740338,0.0,2024-02
8,3269,2025-11-10,2024—2025,1,2855,2024-02-26,2024-02-27,2024-03-05,0.020119896211332255,0.020119896211332255,0.0,2024-02
8,3269,2025-11-10,2024—2025,1,2856,2024-02-27,2024-02-28,2024-03-06,0.015228740929866813,0.015228740929866813,0.0,2024-02
8,3269,2025-11-10,2024—2025,1,2857,2024-02-28,2024-02-29,2024-03-07,0.026182210042812182,0.026182210042812182,0.0,2024-02
8,3269,2025-11-10,2024—2025,1,2858,2024-02-29,2024-03-01,2024-03-08,0.0037615766817382656,0.0037615766817382656,0.0,2024-02
8,3269,2025-11-10,2024—2025,1,2859,2024-03-01,2024-03-04,2024-03-11,-0.0016488588700498408,0.0,-0.0016488588700498408,2024-03
8,3269,2025-11-10,2024—2025,1,2860,2024-03-04,2024-03-05,2024-03-12,0.01623698346748248,0.01623698346748248,0.0,2024-03
8,3269,2025-11-10,2024—2025,1,2861,2024-03-05,2024-03-06,2024-03-13,0.00650811405395646,0.00650811405395646,0.0,2024-03
8,3269,2025-11-10,2024—2025,1,2862,2024-03-06,2024-03-07,2024-03-14,0.002300800413262083,0.002300800413262083,0.0,2024-03
8,3269,2025-11-10,2024—2025,1,2863,2024-03-07,2024-03-08,2024-03-15,0.0017485779845045624,0.0017485779845045624,0.0,2024-03
8,3269,2025-11-10,2024—2025,1,2864,2024-03-08,2024-03-11,2024-03-18,0.005418822569981829,0.005418822569981829,0.0,2024-03
8,3269,2025-11-10,2024—2025,1,2865,2024-03-11,2024-03-12,2024-03-19,-0.0021924879337364978,0.0,-0.0021924879337364978,2024-03
8,3269,2025-11-10,2024—2025,1,2866,2024-03-12,2024-03-13,2024-03-20,-0.009708682701341398,0.0,-0.009708682701341398,2024-03
8,3269,2025-11-10,2024—2025,1,2867,2024-03-13,2024-03-14,2024-03-21,0.0025646307133713186,0.0025646307133713186,0.0,2024-03
8,3269,2025-11-10,2024—2025,1,2868,2024-03-14,2024-03-15,2024-03-22,0.003990620333930606,0.003990620333930606,0.0,2024-03
8,3269,2025-11-10,2024—2025,1,2869,2024-03-15,2024-03-18,2024-03-25,-0.01173062331869501,0.0,-0.01173062331869501,2024-03
8,3269,2025-11-10,2024—2025,1,2870,2024-03-18,2024-03-19,2024-03-26,-0.021396009841188834,0.0,-0.021396009841188834,2024-03
8,3269,2025-11-10,2024—2025,1,2871,2024-03-19,2024-03-20,2024-03-27,-0.01285174569723313,0.0,-0.01285174569723313,2024-03
8,3269,2025-11-10,2024—2025,1,2872,2024-03-20,2024-03-21,2024-03-28,-0.02784276914234307,0.0,-0.02784276914234307,2024-03
8,3269,2025-11-10,2024—2025,1,2873,2024-03-21,2024-03-22,2024-03-29,-0.019826737465193256,0.0,-0.019826737465193256,2024-03
8,3269,2025-11-10,2024—2025,1,2874,2024-03-22,2024-03-25,2024-04-01,-0.000234201735265116,0.0,-0.000234201735265116,2024-03
8,3269,2025-11-10,2024—2025,1,2875,2024-03-25,2024-03-26,2024-04-02,0.014795103524992026,0.014795103524992026,0.0,2024-03
8,3269,2025-11-10,2024—2025,1,2876,2024-03-26,2024-03-27,2024-04-03,0.009390464777261798,0.009390464777261798,0.0,2024-03
8,3269,2025-11-10,2024—2025,1,2877,2024-03-27,2024-03-28,2024-04-08,0.013780925398080957,0.013780925398080957,0.0,2024-03
8,3269,2025-11-10,2024—2025,1,2878,2024-03-28,2024-03-29,2024-04-09,0.0026154163797311725,0.0026154163797311725,0.0,2024-03
8,3269,2025-11-10,2024—2025,1,2879,2024-03-29,2024-04-01,2024-04-10,-0.007566273716247185,0.0,-0.007566273716247185,2024-03
8,3269,2025-11-10,2024—2025,1,2984,2024-09-02,2024-09-03,2024-09-10,-0.023277191822731136,0.0,-0.023277191822731136,2024-09
8,3269,2025-11-10,2024—2025,1,2985,2024-09-03,2024-09-04,2024-09-11,-0.026566165138142472,0.0,-0.026566165138142472,2024-09
8,3269,2025-11-10,2024—2025,1,2986,2024-09-04,2024-09-05,2024-09-12,-0.023304191836778787,0.0,-0.023304191836778787,2024-09
8,3269,2025-11-10,2024—2025,1,2987,2024-09-05,2024-09-06,2024-09-13,-0.03012631425417256,0.0,-0.03012631425417256,2024-09
8,3269,2025-11-10,2024—2025,1,2988,2024-09-06,2024-09-09,2024-09-18,-0.02293002701831892,0.0,-0.02293002701831892,2024-09
8,3269,2025-11-10,2024—2025,1,2989,2024-09-09,2024-09-10,2024-09-19,-0.0093633804513088,0.0,-0.0093633804513088,2024-09
8,3269,2025-11-10,2024—2025,1,2990,2024-09-10,2024-09-11,2024-09-20,-0.001720036578552464,0.0,-0.001720036578552464,2024-09
8,3269,2025-11-10,2024—2025,1,2991,2024-09-11,2024-09-12,2024-09-23,-0.00018723739434656217,0.0,-0.00018723739434656217,2024-09
8,3269,2025-11-10,2024—2025,1,2992,2024-09-12,2024-09-13,2024-09-24,0.017960313566171004,0.017960313566171004,0.0,2024-09
8,3269,2025-11-10,2024—2025,1,2993,2024-09-13,2024-09-18,2024-09-25,0.07775088664626995,0.07775088664626995,0.0,2024-09
8,3269,2025-11-10,2024—2025,1,2994,2024-09-18,2024-09-19,2024-09-26,0.06597779736273024,0.06597779736273024,0.0,2024-09
8,3269,2025-11-10,2024—2025,1,2995,2024-09-19,2024-09-20,2024-09-27,0.13214113496232405,0.13214113496232405,0.0,2024-09
8,3269,2025-11-10,2024—2025,1,2996,2024-09-20,2024-09-23,2024-09-30,0.2217536450131221,0.2217536450131221,0.0,2024-09
8,3269,2025-11-10,2024—2025,1,2997,2024-09-23,2024-09-24,2024-10-08,0.40062709093577764,0.40062709093577764,0.0,2024-09
8,3269,2025-11-10,2024—2025,1,2998,2024-09-24,2024-09-25,2024-10-09,0.22432790410889747,0.22432790410889747,0.0,2024-09
8,3269,2025-11-10,2024—2025,1,2999,2024-09-25,2024-09-26,2024-10-10,0.1698586694354518,0.1698586694354518,0.0,2024-09
8,3269,2025-11-10,2024—2025,1,3000,2024-09-26,2024-09-27,2024-10-11,0.09307767173907955,0.09307767173907955,0.0,2024-09
8,3269,2025-11-10,2024—2025,1,3001,2024-09-27,2024-09-30,2024-10-14,-0.008022214842876352,0.0,-0.008022214842876352,2024-09
8,3269,2025-11-10,2024—2025,1,3263,2025-10-31,2025-11-03,2025-11-10,0.006552014468545142,0.006552014468545142,0.0,2025-10
8,3275,2025-11-18,2024—2025,1,2822,2024-01-02,2024-01-03,2024-01-10,-0.030920501364671504,0.0,-0.030920501364671504,2024-01
8,3275,2025-11-18,2024—2025,1,2823,2024-01-03,2024-01-04,2024-01-11,-0.032405261923089124,0.0,-0.032405261923089124,2024-01
8,3275,2025-11-18,2024—2025,1,2824,2024-01-04,2024-01-05,2024-01-12,-0.01868442763739564,0.0,-0.01868442763739564,2024-01
8,3275,2025-11-18,2024—2025,1,2825,2024-01-05,2024-01-08,2024-01-15,-0.020530426202640006,0.0,-0.020530426202640006,2024-01
8,3275,2025-11-18,2024—2025,1,2826,2024-01-08,2024-01-09,2024-01-16,-0.006458340657775508,0.0,-0.006458340657775508,2024-01
8,3275,2025-11-18,2024—2025,1,2827,2024-01-09,2024-01-10,2024-01-17,-0.0010975931630923252,0.0,-0.0010975931630923252,2024-01
8,3275,2025-11-18,2024—2025,1,2828,2024-01-10,2024-01-11,2024-01-18,-0.01931173718853263,0.0,-0.01931173718853263,2024-01
8,3275,2025-11-18,2024—2025,1,2829,2024-01-11,2024-01-12,2024-01-19,-0.013002250664562842,0.0,-0.013002250664562842,2024-01
8,3275,2025-11-18,2024—2025,1,2830,2024-01-12,2024-01-15,2024-01-22,-0.0019902057173533105,0.0,-0.0019902057173533105,2024-01
8,3275,2025-11-18,2024—2025,1,2831,2024-01-15,2024-01-16,2024-01-23,-0.024695743712084495,0.0,-0.024695743712084495,2024-01
8,3275,2025-11-18,2024—2025,1,2832,2024-01-16,2024-01-17,2024-01-24,-0.017737147925715346,0.0,-0.017737147925715346,2024-01
8,3275,2025-11-18,2024—2025,1,2833,2024-01-17,2024-01-18,2024-01-25,0.012845513563662037,0.012845513563662037,0.0,2024-01
8,3275,2025-11-18,2024—2025,1,2834,2024-01-18,2024-01-19,2024-01-26,0.021008872811158374,0.021008872811158374,0.0,2024-01
8,3275,2025-11-18,2024—2025,1,2835,2024-01-19,2024-01-22,2024-01-29,0.016928560481588972,0.016928560481588972,0.0,2024-01
8,3275,2025-11-18,2024—2025,1,2836,2024-01-22,2024-01-23,2024-01-30,0.022285185207840064,0.022285185207840064,0.0,2024-01
8,3275,2025-11-18,2024—2025,1,2837,2024-01-23,2024-01-24,2024-01-31,-0.005113218357430505,0.0,-0.005113218357430505,2024-01
8,3275,2025-11-18,2024—2025,1,2838,2024-01-24,2024-01-25,2024-02-01,-0.024604696911705748,0.0,-0.024604696911705748,2024-01
8,3275,2025-11-18,2024—2025,1,2839,2024-01-25,2024-01-26,2024-02-02,-0.03618552578968415,0.0,-0.03618552578968415,2024-01
8,3275,2025-11-18,2024—2025,1,2840,2024-01-26,2024-01-29,2024-02-05,-0.05502914276568227,0.0,-0.05502914276568227,2024-01
8,3275,2025-11-18,2024—2025,1,2841,2024-01-29,2024-01-30,2024-02-06,-0.03243341932633337,0.0,-0.03243341932633337,2024-01
8,3275,2025-11-18,2024—2025,1,2842,2024-01-30,2024-01-31,2024-02-07,0.020499307227989094,0.020499307227989094,0.0,2024-01
8,3275,2025-11-18,2024—2025,1,2843,2024-01-31,2024-02-01,2024-02-08,0.044108199416862615,0.044108199416862615,0.0,2024-01
8,3275,2025-11-18,2024—2025,1,2844,2024-02-01,2024-02-02,2024-02-19,0.045097789562015045,0.045097789562015045,0.0,2024-02
8,3275,2025-11-18,2024—2025,1,2845,2024-02-02,2024-02-05,2024-02-20,0.06777289084366234,0.06777289084366234,0.0,2024-02
8,3275,2025-11-18,2024—2025,1,2846,2024-02-05,2024-02-06,2024-02-21,0.06029911647758568,0.06029911647758568,0.0,2024-02
8,3275,2025-11-18,2024—2025,1,2847,2024-02-06,2024-02-07,2024-02-22,0.03809496117063138,0.03809496117063138,0.0,2024-02
8,3275,2025-11-18,2024—2025,1,2848,2024-02-07,2024-02-08,2024-02-23,0.03343990175086109,0.03343990175086109,0.0,2024-02
8,3275,2025-11-18,2024—2025,1,2849,2024-02-08,2024-02-19,2024-02-26,0.02700518371692162,0.02700518371692162,0.0,2024-02
8,3275,2025-11-18,2024—2025,1,2850,2024-02-19,2024-02-20,2024-02-27,0.012180778707117534,0.012180778707117534,0.0,2024-02
8,3275,2025-11-18,2024—2025,1,2851,2024-02-20,2024-02-21,2024-02-28,0.02600669637805253,0.02600669637805253,0.0,2024-02
8,3275,2025-11-18,2024—2025,1,2852,2024-02-21,2024-02-22,2024-02-29,-0.00514277047801559,0.0,-0.00514277047801559,2024-02
8,3275,2025-11-18,2024—2025,1,2853,2024-02-22,2024-02-23,2024-03-01,0.004370082952734444,0.004370082952734444,0.0,2024-02
8,3275,2025-11-18,2024—2025,1,2854,2024-02-23,2024-02-26,2024-03-04,0.01125963407740338,0.01125963407740338,0.0,2024-02
8,3275,2025-11-18,2024—2025,1,2855,2024-02-26,2024-02-27,2024-03-05,0.020119896211332255,0.020119896211332255,0.0,2024-02
8,3275,2025-11-18,2024—2025,1,2856,2024-02-27,2024-02-28,2024-03-06,0.015228740929866813,0.015228740929866813,0.0,2024-02
8,3275,2025-11-18,2024—2025,1,2857,2024-02-28,2024-02-29,2024-03-07,0.026182210042812182,0.026182210042812182,0.0,2024-02
8,3275,2025-11-18,2024—2025,1,2858,2024-02-29,2024-03-01,2024-03-08,0.0037615766817382656,0.0037615766817382656,0.0,2024-02
8,3275,2025-11-18,2024—2025,1,2859,2024-03-01,2024-03-04,2024-03-11,-0.0016488588700498408,0.0,-0.0016488588700498408,2024-03
8,3275,2025-11-18,2024—2025,1,2860,2024-03-04,2024-03-05,2024-03-12,0.01623698346748248,0.01623698346748248,0.0,2024-03
8,3275,2025-11-18,2024—2025,1,2861,2024-03-05,2024-03-06,2024-03-13,0.00650811405395646,0.00650811405395646,0.0,2024-03
8,3275,2025-11-18,2024—2025,1,2862,2024-03-06,2024-03-07,2024-03-14,0.002300800413262083,0.002300800413262083,0.0,2024-03
8,3275,2025-11-18,2024—2025,1,2863,2024-03-07,2024-03-08,2024-03-15,0.0017485779845045624,0.0017485779845045624,0.0,2024-03
8,3275,2025-11-18,2024—2025,1,2864,2024-03-08,2024-03-11,2024-03-18,0.005418822569981829,0.005418822569981829,0.0,2024-03
8,3275,2025-11-18,2024—2025,1,2865,2024-03-11,2024-03-12,2024-03-19,-0.0021924879337364978,0.0,-0.0021924879337364978,2024-03
8,3275,2025-11-18,2024—2025,1,2866,2024-03-12,2024-03-13,2024-03-20,-0.009708682701341398,0.0,-0.009708682701341398,2024-03
8,3275,2025-11-18,2024—2025,1,2867,2024-03-13,2024-03-14,2024-03-21,0.0025646307133713186,0.0025646307133713186,0.0,2024-03
8,3275,2025-11-18,2024—2025,1,2868,2024-03-14,2024-03-15,2024-03-22,0.003990620333930606,0.003990620333930606,0.0,2024-03
8,3275,2025-11-18,2024—2025,1,2869,2024-03-15,2024-03-18,2024-03-25,-0.01173062331869501,0.0,-0.01173062331869501,2024-03
8,3275,2025-11-18,2024—2025,1,2870,2024-03-18,2024-03-19,2024-03-26,-0.021396009841188834,0.0,-0.021396009841188834,2024-03
8,3275,2025-11-18,2024—2025,1,2871,2024-03-19,2024-03-20,2024-03-27,-0.01285174569723313,0.0,-0.01285174569723313,2024-03
8,3275,2025-11-18,2024—2025,1,2872,2024-03-20,2024-03-21,2024-03-28,-0.02784276914234307,0.0,-0.02784276914234307,2024-03
8,3275,2025-11-18,2024—2025,1,2873,2024-03-21,2024-03-22,2024-03-29,-0.019826737465193256,0.0,-0.019826737465193256,2024-03
8,3275,2025-11-18,2024—2025,1,2874,2024-03-22,2024-03-25,2024-04-01,-0.000234201735265116,0.0,-0.000234201735265116,2024-03
8,3275,2025-11-18,2024—2025,1,2875,2024-03-25,2024-03-26,2024-04-02,0.014795103524992026,0.014795103524992026,0.0,2024-03
8,3275,2025-11-18,2024—2025,1,2876,2024-03-26,2024-03-27,2024-04-03,0.009390464777261798,0.009390464777261798,0.0,2024-03
8,3275,2025-11-18,2024—2025,1,2877,2024-03-27,2024-03-28,2024-04-08,0.013780925398080957,0.013780925398080957,0.0,2024-03
8,3275,2025-11-18,2024—2025,1,2878,2024-03-28,2024-03-29,2024-04-09,0.0026154163797311725,0.0026154163797311725,0.0,2024-03
8,3275,2025-11-18,2024—2025,1,2879,2024-03-29,2024-04-01,2024-04-10,-0.007566273716247185,0.0,-0.007566273716247185,2024-03
8,3275,2025-11-18,2024—2025,1,2984,2024-09-02,2024-09-03,2024-09-10,-0.023277191822731136,0.0,-0.023277191822731136,2024-09
8,3275,2025-11-18,2024—2025,1,2985,2024-09-03,2024-09-04,2024-09-11,-0.026566165138142472,0.0,-0.026566165138142472,2024-09
8,3275,2025-11-18,2024—2025,1,2986,2024-09-04,2024-09-05,2024-09-12,-0.023304191836778787,0.0,-0.023304191836778787,2024-09
8,3275,2025-11-18,2024—2025,1,2987,2024-09-05,2024-09-06,2024-09-13,-0.03012631425417256,0.0,-0.03012631425417256,2024-09
8,3275,2025-11-18,2024—2025,1,2988,2024-09-06,2024-09-09,2024-09-18,-0.02293002701831892,0.0,-0.02293002701831892,2024-09
8,3275,2025-11-18,2024—2025,1,2989,2024-09-09,2024-09-10,2024-09-19,-0.0093633804513088,0.0,-0.0093633804513088,2024-09
8,3275,2025-11-18,2024—2025,1,2990,2024-09-10,2024-09-11,2024-09-20,-0.001720036578552464,0.0,-0.001720036578552464,2024-09
8,3275,2025-11-18,2024—2025,1,2991,2024-09-11,2024-09-12,2024-09-23,-0.00018723739434656217,0.0,-0.00018723739434656217,2024-09
8,3275,2025-11-18,2024—2025,1,2992,2024-09-12,2024-09-13,2024-09-24,0.017960313566171004,0.017960313566171004,0.0,2024-09
8,3275,2025-11-18,2024—2025,1,2993,2024-09-13,2024-09-18,2024-09-25,0.07775088664626995,0.07775088664626995,0.0,2024-09
8,3275,2025-11-18,2024—2025,1,2994,2024-09-18,2024-09-19,2024-09-26,0.06597779736273024,0.06597779736273024,0.0,2024-09
8,3275,2025-11-18,2024—2025,1,2995,2024-09-19,2024-09-20,2024-09-27,0.13214113496232405,0.13214113496232405,0.0,2024-09
8,3275,2025-11-18,2024—2025,1,2996,2024-09-20,2024-09-23,2024-09-30,0.2217536450131221,0.2217536450131221,0.0,2024-09
8,3275,2025-11-18,2024—2025,1,2997,2024-09-23,2024-09-24,2024-10-08,0.40062709093577764,0.40062709093577764,0.0,2024-09
8,3275,2025-11-18,2024—2025,1,2998,2024-09-24,2024-09-25,2024-10-09,0.22432790410889747,0.22432790410889747,0.0,2024-09
8,3275,2025-11-18,2024—2025,1,2999,2024-09-25,2024-09-26,2024-10-10,0.1698586694354518,0.1698586694354518,0.0,2024-09
8,3275,2025-11-18,2024—2025,1,3000,2024-09-26,2024-09-27,2024-10-11,0.09307767173907955,0.09307767173907955,0.0,2024-09
8,3275,2025-11-18,2024—2025,1,3001,2024-09-27,2024-09-30,2024-10-14,-0.008022214842876352,0.0,-0.008022214842876352,2024-09
8,3275,2025-11-18,2024—2025,1,3263,2025-10-31,2025-11-03,2025-11-10,0.006552014468545142,0.006552014468545142,0.0,2025-10
8,3275,2025-11-18,2024—2025,1,3264,2025-11-03,2025-11-04,2025-11-11,0.008426933528792091,0.008426933528792091,0.0,2025-11
8,3275,2025-11-18,2024—2025,1,3265,2025-11-04,2025-11-05,2025-11-12,0.010262363013066045,0.010262363013066045,0.0,2025-11
8,3275,2025-11-18,2024—2025,1,3266,2025-11-05,2025-11-06,2025-11-13,0.0002527743905598179,0.0002527743905598179,0.0,2025-11
8,3275,2025-11-18,2024—2025,1,3267,2025-11-06,2025-11-07,2025-11-14,-0.0039254371244203945,0.0,-0.0039254371244203945,2025-11
8,3275,2025-11-18,2024—2025,1,3268,2025-11-07,2025-11-10,2025-11-17,-0.01682184269149467,0.0,-0.01682184269149467,2025-11
8,3275,2025-11-18,2024—2025,1,3269,2025-11-10,2025-11-11,2025-11-18,-0.026510582735156496,0.0,-0.026510582735156496,2025-11
8,3281,2025-11-26,2024—2025,1,2819,2023-12-27,2023-12-28,2024-01-05,-0.002266934635837381,0.0,-0.002266934635837381,2023-12
8,3281,2025-11-26,2024—2025,1,2830,2024-01-12,2024-01-15,2024-01-22,-0.0019902057173533105,0.0,-0.0019902057173533105,2024-01
8,3281,2025-11-26,2024—2025,1,2835,2024-01-19,2024-01-22,2024-01-29,0.016928560481588972,0.016928560481588972,0.0,2024-01
8,3281,2025-11-26,2024—2025,1,2836,2024-01-22,2024-01-23,2024-01-30,0.022285185207840064,0.022285185207840064,0.0,2024-01
8,3281,2025-11-26,2024—2025,1,2837,2024-01-23,2024-01-24,2024-01-31,-0.005113218357430505,0.0,-0.005113218357430505,2024-01
8,3281,2025-11-26,2024—2025,1,2838,2024-01-24,2024-01-25,2024-02-01,-0.024604696911705748,0.0,-0.024604696911705748,2024-01
8,3281,2025-11-26,2024—2025,1,2839,2024-01-25,2024-01-26,2024-02-02,-0.03618552578968415,0.0,-0.03618552578968415,2024-01
8,3281,2025-11-26,2024—2025,1,2840,2024-01-26,2024-01-29,2024-02-05,-0.05502914276568227,0.0,-0.05502914276568227,2024-01
8,3281,2025-11-26,2024—2025,1,2841,2024-01-29,2024-01-30,2024-02-06,-0.03243341932633337,0.0,-0.03243341932633337,2024-01
8,3281,2025-11-26,2024—2025,1,2843,2024-01-31,2024-02-01,2024-02-08,0.044108199416862615,0.044108199416862615,0.0,2024-01
8,3281,2025-11-26,2024—2025,1,2844,2024-02-01,2024-02-02,2024-02-19,0.045097789562015045,0.045097789562015045,0.0,2024-02
8,3281,2025-11-26,2024—2025,1,2845,2024-02-02,2024-02-05,2024-02-20,0.06777289084366234,0.06777289084366234,0.0,2024-02
8,3281,2025-11-26,2024—2025,1,2846,2024-02-05,2024-02-06,2024-02-21,0.06029911647758568,0.06029911647758568,0.0,2024-02
8,3281,2025-11-26,2024—2025,1,2847,2024-02-06,2024-02-07,2024-02-22,0.03809496117063138,0.03809496117063138,0.0,2024-02
8,3281,2025-11-26,2024—2025,1,2848,2024-02-07,2024-02-08,2024-02-23,0.03343990175086109,0.03343990175086109,0.0,2024-02
8,3281,2025-11-26,2024—2025,1,2849,2024-02-08,2024-02-19,2024-02-26,0.02700518371692162,0.02700518371692162,0.0,2024-02
8,3281,2025-11-26,2024—2025,1,2850,2024-02-19,2024-02-20,2024-02-27,0.012180778707117534,0.012180778707117534,0.0,2024-02
8,3281,2025-11-26,2024—2025,1,2851,2024-02-20,2024-02-21,2024-02-28,0.02600669637805253,0.02600669637805253,0.0,2024-02
8,3281,2025-11-26,2024—2025,1,2852,2024-02-21,2024-02-22,2024-02-29,-0.00514277047801559,0.0,-0.00514277047801559,2024-02
8,3281,2025-11-26,2024—2025,1,2890,2024-04-17,2024-04-18,2024-04-25,-0.014599233587286653,0.0,-0.014599233587286653,2024-04
8,3281,2025-11-26,2024—2025,1,2900,2024-05-06,2024-05-07,2024-05-14,-0.0002520230603291207,0.0,-0.0002520230603291207,2024-05
8,3281,2025-11-26,2024—2025,1,2924,2024-06-07,2024-06-11,2024-06-18,-0.008074731462777485,0.0,-0.008074731462777485,2024-06
8,3281,2025-11-26,2024—2025,1,2925,2024-06-11,2024-06-12,2024-06-19,0.0006084375719834778,0.0006084375719834778,0.0,2024-06
8,3281,2025-11-26,2024—2025,1,2926,2024-06-12,2024-06-13,2024-06-20,-0.006414742335715373,0.0,-0.006414742335715373,2024-06
8,3281,2025-11-26,2024—2025,1,2936,2024-06-26,2024-06-27,2024-07-04,-0.002229560379626072,0.0,-0.002229560379626072,2024-06
8,3281,2025-11-26,2024—2025,1,2937,2024-06-27,2024-06-28,2024-07-05,-0.004247179793982259,0.0,-0.004247179793982259,2024-06
8,3281,2025-11-26,2024—2025,1,2938,2024-06-28,2024-07-01,2024-07-08,-0.013393439530518414,0.0,-0.013393439530518414,2024-06
8,3281,2025-11-26,2024—2025,1,2939,2024-07-01,2024-07-02,2024-07-09,-0.021652059587828565,0.0,-0.021652059587828565,2024-07
8,3281,2025-11-26,2024—2025,1,2940,2024-07-02,2024-07-03,2024-07-10,-0.011654343408434076,0.0,-0.011654343408434076,2024-07
8,3281,2025-11-26,2024—2025,1,2943,2024-07-05,2024-07-08,2024-07-15,0.014238935395451069,0.014238935395451069,0.0,2024-07
8,3281,2025-11-26,2024—2025,1,2944,2024-07-08,2024-07-09,2024-07-16,0.023358090495232187,0.023358090495232187,0.0,2024-07
8,3281,2025-11-26,2024—2025,1,2945,2024-07-09,2024-07-10,2024-07-17,0.021385563421689957,0.021385563421689957,0.0,2024-07
8,3281,2025-11-26,2024—2025,1,2946,2024-07-10,2024-07-11,2024-07-18,0.011497290036475372,0.011497290036475372,0.0,2024-07
8,3281,2025-11-26,2024—2025,1,2947,2024-07-11,2024-07-12,2024-07-19,0.012276625622866133,0.012276625622866133,0.0,2024-07
8,3281,2025-11-26,2024—2025,1,2953,2024-07-19,2024-07-22,2024-07-29,-0.037724837822581514,0.0,-0.037724837822581514,2024-07
8,3281,2025-11-26,2024—2025,1,2954,2024-07-22,2024-07-23,2024-07-30,-0.036625349860055834,0.0,-0.036625349860055834,2024-07
8,3281,2025-11-26,2024—2025,1,2955,2024-07-23,2024-07-24,2024-07-31,-0.021360532666041876,0.0,-0.021360532666041876,2024-07
8,3281,2025-11-26,2024—2025,1,2956,2024-07-24,2024-07-25,2024-08-01,0.00784392125502742,0.00784392125502742,0.0,2024-07
8,3281,2025-11-26,2024—2025,1,2957,2024-07-25,2024-07-26,2024-08-02,-0.0031073021137965062,0.0,-0.0031073021137965062,2024-07
8,3281,2025-11-26,2024—2025,1,2978,2024-08-23,2024-08-26,2024-09-02,-0.0072669961141756945,0.0,-0.0072669961141756945,2024-08
8,3281,2025-11-26,2024—2025,1,2979,2024-08-26,2024-08-27,2024-09-03,-0.01995273845637191,0.0,-0.01995273845637191,2024-08
8,3281,2025-11-26,2024—2025,1,2980,2024-08-27,2024-08-28,2024-09-04,-0.014718593890244658,0.0,-0.014718593890244658,2024-08
8,3281,2025-11-26,2024—2025,1,2981,2024-08-28,2024-08-29,2024-09-05,-0.01003773855802137,0.0,-0.01003773855802137,2024-08
8,3281,2025-11-26,2024—2025,1,2982,2024-08-29,2024-08-30,2024-09-06,-0.005279059924147456,0.0,-0.005279059924147456,2024-08
8,3281,2025-11-26,2024—2025,1,2994,2024-09-18,2024-09-19,2024-09-26,0.06597779736273024,0.06597779736273024,0.0,2024-09
8,3281,2025-11-26,2024—2025,1,2995,2024-09-19,2024-09-20,2024-09-27,0.13214113496232405,0.13214113496232405,0.0,2024-09
8,3281,2025-11-26,2024—2025,1,2996,2024-09-20,2024-09-23,2024-09-30,0.2217536450131221,0.2217536450131221,0.0,2024-09
8,3281,2025-11-26,2024—2025,1,2997,2024-09-23,2024-09-24,2024-10-08,0.40062709093577764,0.40062709093577764,0.0,2024-09
8,3281,2025-11-26,2024—2025,1,2998,2024-09-24,2024-09-25,2024-10-09,0.22432790410889747,0.22432790410889747,0.0,2024-09
8,3281,2025-11-26,2024—2025,1,3064,2025-01-02,2025-01-03,2025-01-10,-0.014078089694354978,0.0,-0.014078089694354978,2025-01
8,3281,2025-11-26,2024—2025,1,3065,2025-01-03,2025-01-06,2025-01-13,-0.019394258321484115,0.0,-0.019394258321484115,2025-01
8,3281,2025-11-26,2024—2025,1,3066,2025-01-06,2025-01-07,2025-01-14,-0.010664479336870092,0.0,-0.010664479336870092,2025-01
8,3281,2025-11-26,2024—2025,1,3067,2025-01-07,2025-01-08,2025-01-15,0.003842964621069589,0.003842964621069589,0.0,2025-01
8,3281,2025-11-26,2024—2025,1,3068,2025-01-08,2025-01-09,2025-01-16,0.0056601098893258595,0.0056601098893258595,0.0,2025-01
8,3281,2025-11-26,2024—2025,1,3069,2025-01-09,2025-01-10,2025-01-17,-0.0002831640670172275,0.0,-0.0002831640670172275,2025-01
8,3281,2025-11-26,2024—2025,1,3070,2025-01-10,2025-01-13,2025-01-20,0.028611735332148447,0.028611735332148447,0.0,2025-01
8,3281,2025-11-26,2024—2025,1,3071,2025-01-13,2025-01-14,2025-01-21,0.02902719509211238,0.02902719509211238,0.0,2025-01
8,3281,2025-11-26,2024—2025,1,3081,2025-01-27,2025-02-05,2025-02-12,0.008343993363508773,0.008343993363508773,0.0,2025-01
8,3281,2025-11-26,2024—2025,1,3082,2025-02-05,2025-02-06,2025-02-13,0.029011852049303455,0.029011852049303455,0.0,2025-02
8,3281,2025-11-26,2024—2025,1,3083,2025-02-06,2025-02-07,2025-02-14,0.014174365813745649,0.014174365813745649,0.0,2025-02
8,3281,2025-11-26,2024—2025,1,3084,2025-02-07,2025-02-10,2025-02-17,0.01071126770929487,0.01071126770929487,0.0,2025-02
8,3281,2025-11-26,2024—2025,1,3117,2025-03-26,2025-03-27,2025-04-03,-0.01871363008581417,0.0,-0.01871363008581417,2025-03
8,3281,2025-11-26,2024—2025,1,3118,2025-03-27,2025-03-28,2025-04-07,-0.05928461948553909,0.0,-0.05928461948553909,2025-03
8,3281,2025-11-26,2024—2025,1,3119,2025-03-28,2025-03-31,2025-04-08,-0.07931005696997828,0.0,-0.07931005696997828,2025-03
8,3281,2025-11-26,2024—2025,1,3123,2025-04-03,2025-04-07,2025-04-14,0.012596538671597601,0.012596538671597601,0.0,2025-04
8,3281,2025-11-26,2024—2025,1,3124,2025-04-07,2025-04-08,2025-04-15,0.03644765756582302,0.03644765756582302,0.0,2025-04
8,3281,2025-11-26,2024—2025,1,3125,2025-04-08,2025-04-09,2025-04-16,0.03647786627441474,0.03647786627441474,0.0,2025-04
8,3281,2025-11-26,2024—2025,1,3126,2025-04-09,2025-04-10,2025-04-17,0.003645859112518357,0.003645859112518357,0.0,2025-04
8,3281,2025-11-26,2024—2025,1,3127,2025-04-10,2025-04-11,2025-04-18,0.009417627809914286,0.009417627809914286,0.0,2025-04
8,3281,2025-11-26,2024—2025,1,3128,2025-04-11,2025-04-14,2025-04-21,-0.0013169984400751567,0.0,-0.0013169984400751567,2025-04
8,3281,2025-11-26,2024—2025,1,3129,2025-04-14,2025-04-15,2025-04-22,0.005172671056317579,0.005172671056317579,0.0,2025-04
8,3281,2025-11-26,2024—2025,1,3130,2025-04-15,2025-04-16,2025-04-23,0.010374731771790602,0.010374731771790602,0.0,2025-04
8,3281,2025-11-26,2024—2025,1,3142,2025-05-06,2025-05-07,2025-05-14,0.008550449319513431,0.008550449319513431,0.0,2025-05
8,3281,2025-11-26,2024—2025,1,3247,2025-10-09,2025-10-10,2025-10-17,-0.017897849207562322,0.0,-0.017897849207562322,2025-10
10,2097,2021-01-06,2021—2023,6,1628,2019-01-30,2019-01-31,2019-02-14,0.060945132611949004,0.060945132611949004,0.0,2019-01
10,2097,2021-01-06,2021—2023,6,1629,2019-01-31,2019-02-01,2019-02-15,0.046943679865937504,0.046943679865937504,0.0,2019-01
10,2097,2021-01-06,2021—2023,6,1630,2019-02-01,2019-02-11,2019-02-18,0.033029816697512926,0.033029816697512926,0.0,2019-02
10,2097,2021-01-06,2021—2023,6,1631,2019-02-11,2019-02-12,2019-02-19,0.04094710889486164,0.04094710889486164,0.0,2019-02
10,2097,2021-01-06,2021—2023,6,1632,2019-02-12,2019-02-13,2019-02-20,0.029179327368962227,0.029179327368962227,0.0,2019-02
10,2097,2021-01-06,2021—2023,6,1633,2019-02-13,2019-02-14,2019-02-21,0.011568847262156234,0.011568847262156234,0.0,2019-02
10,2097,2021-01-06,2021—2023,6,1634,2019-02-14,2019-02-15,2019-02-22,0.011007709176299896,0.011007709176299896,0.0,2019-02
10,2097,2021-01-06,2021—2023,6,1635,2019-02-15,2019-02-18,2019-02-25,0.061223743350892645,0.061223743350892645,0.0,2019-02
10,2097,2021-01-06,2021—2023,6,1636,2019-02-18,2019-02-19,2019-02-26,0.08350513085574707,0.08350513085574707,0.0,2019-02
10,2097,2021-01-06,2021—2023,6,1637,2019-02-19,2019-02-20,2019-02-27,0.07005323415533526,0.07005323415533526,0.0,2019-02
10,2097,2021-01-06,2021—2023,6,1638,2019-02-20,2019-02-21,2019-02-28,0.06362740991317684,0.06362740991317684,0.0,2019-02
10,2097,2021-01-06,2021—2023,6,1639,2019-02-21,2019-02-22,2019-03-01,0.07283786165114492,0.07283786165114492,0.0,2019-02
10,2097,2021-01-06,2021—2023,6,1640,2019-02-22,2019-02-25,2019-03-04,0.049940961115553684,0.049940961115553684,0.0,2019-02
10,2097,2021-01-06,2021—2023,6,1641,2019-02-25,2019-02-26,2019-03-05,0.005065423137041947,0.005065423137041947,0.0,2019-02
10,2097,2021-01-06,2021—2023,6,1642,2019-02-26,2019-02-27,2019-03-06,0.029503714355037847,0.029503714355037847,0.0,2019-02
10,2097,2021-01-06,2021—2023,6,1643,2019-02-27,2019-02-28,2019-03-07,0.04082233156288262,0.04082233156288262,0.0,2019-02
10,2097,2021-01-06,2021—2023,6,1644,2019-02-28,2019-03-01,2019-03-08,0.0035282043111288797,0.0035282043111288797,0.0,2019-02
10,2097,2021-01-06,2021—2023,6,1645,2019-03-01,2019-03-04,2019-03-11,-0.0317764785977499,0.0,-0.0317764785977499,2019-03
10,2097,2021-01-06,2021—2023,6,1646,2019-03-04,2019-03-05,2019-03-12,-0.012436740497025145,0.0,-0.012436740497025145,2019-03
10,2097,2021-01-06,2021—2023,6,1647,2019-03-05,2019-03-06,2019-03-13,-0.02150170616253899,0.0,-0.02150170616253899,2019-03
10,2097,2021-01-06,2021—2023,6,1648,2019-03-06,2019-03-07,2019-03-14,-0.035461558725492615,0.0,-0.035461558725492615,2019-03
10,2097,2021-01-06,2021—2023,6,1649,2019-03-07,2019-03-08,2019-03-15,-0.007787094952228846,0.0,-0.007787094952228846,2019-03
10,2097,2021-01-06,2021—2023,6,1726,2019-07-01,2019-07-02,2019-07-09,-0.032608482630192115,0.0,-0.032608482630192115,2019-07
10,2097,2021-01-06,2021—2023,6,1728,2019-07-03,2019-07-04,2019-07-11,-0.023717118657124447,0.0,-0.023717118657124447,2019-07
10,2097,2021-01-06,2021—2023,6,1730,2019-07-05,2019-07-08,2019-07-15,-0.018701912631415185,0.0,-0.018701912631415185,2019-07
10,2097,2021-01-06,2021—2023,6,1773,2019-09-04,2019-09-05,2019-09-12,0.006741454361651522,0.006741454361651522,0.0,2019-09
10,2097,2021-01-06,2021—2023,6,1774,2019-09-05,2019-09-06,2019-09-16,0.00642285458697911,0.00642285458697911,0.0,2019-09
10,2097,2021-01-06,2021—2023,6,1775,2019-09-06,2019-09-09,2019-09-17,-0.010661020565867041,0.0,-0.010661020565867041,2019-09
10,2097,2021-01-06,2021—2023,6,1776,2019-09-09,2019-09-10,2019-09-18,-0.019848559709565117,0.0,-0.019848559709565117,2019-09
10,2097,2021-01-06,2021—2023,6,1777,2019-09-10,2019-09-11,2019-09-19,-0.01636970737304877,0.0,-0.01636970737304877,2019-09
10,2097,2021-01-06,2021—2023,6,1778,2019-09-11,2019-09-12,2019-09-20,-0.007021350861896702,0.0,-0.007021350861896702,2019-09
10,2097,2021-01-06,2021—2023,6,1779,2019-09-12,2019-09-16,2019-09-23,-0.018805511614164327,0.0,-0.018805511614164327,2019-09
10,2097,2021-01-06,2021—2023,6,1780,2019-09-16,2019-09-17,2019-09-24,-0.01744060019541771,0.0,-0.01744060019541771,2019-09
10,2097,2021-01-06,2021—2023,6,1850,2019-12-30,2019-12-31,2020-01-08,0.01293503217269798,0.01293503217269798,0.0,2019-12
10,2097,2021-01-06,2021—2023,6,1851,2019-12-31,2020-01-02,2020-01-09,0.001138162916651586,0.001138162916651586,0.0,2019-12
10,2097,2021-01-06,2021—2023,6,1852,2020-01-02,2020-01-03,2020-01-10,-0.0010398147878554198,0.0,-0.0010398147878554198,2020-01
10,2097,2021-01-06,2021—2023,6,1853,2020-01-03,2020-01-06,2020-01-13,0.004037891016432926,0.004037891016432926,0.0,2020-01
10,2097,2021-01-06,2021—2023,6,1855,2020-01-07,2020-01-08,2020-01-15,0.008613076508527051,0.008613076508527051,0.0,2020-01
10,2097,2021-01-06,2021—2023,6,1857,2020-01-09,2020-01-10,2020-01-17,-0.0063108569521832525,0.0,-0.0063108569521832525,2020-01
10,2097,2021-01-06,2021—2023,6,1858,2020-01-10,2020-01-13,2020-01-20,-0.0032010267270162762,0.0,-0.0032010267270162762,2020-01
10,2097,2021-01-06,2021—2023,6,1859,2020-01-13,2020-01-14,2020-01-21,-0.012437620625626589,0.0,-0.012437620625626589,2020-01
10,2097,2021-01-06,2021—2023,6,1888,2020-03-02,2020-03-03,2020-03-10,-0.0332821747574622,0.0,-0.0332821747574622,2020-03
10,2097,2021-01-06,2021—2023,6,1963,2020-06-19,2020-06-22,2020-07-01,0.016704559052291623,0.016704559052291623,0.0,2020-06
10,2097,2021-01-06,2021—2023,6,1964,2020-06-22,2020-06-23,2020-07-02,0.038146008344530635,0.038146008344530635,0.0,2020-06
10,2097,2021-01-06,2021—2023,6,1965,2020-06-23,2020-06-24,2020-07-03,0.05660067616689757,0.05660067616689757,0.0,2020-06
10,2097,2021-01-06,2021—2023,6,1966,2020-06-24,2020-06-29,2020-07-06,0.08745700275846335,0.08745700275846335,0.0,2020-06
10,2097,2021-01-06,2021—2023,6,1967,2020-06-29,2020-06-30,2020-07-07,0.1587162871427399,0.1587162871427399,0.0,2020-06
10,2097,2021-01-06,2021—2023,6,1968,2020-06-30,2020-07-01,2020-07-08,0.12719902497016466,0.12719902497016466,0.0,2020-06
10,2097,2021-01-06,2021—2023,6,1969,2020-07-01,2020-07-02,2020-07-09,0.11980555146362537,0.11980555146362537,0.0,2020-07
10,2097,2021-01-06,2021—2023,6,1970,2020-07-02,2020-07-03,2020-07-10,0.09978026552986186,0.09978026552986186,0.0,2020-07
10,2097,2021-01-06,2021—2023,6,1971,2020-07-03,2020-07-06,2020-07-13,0.05321710680246894,0.05321710680246894,0.0,2020-07
10,2097,2021-01-06,2021—2023,6,1972,2020-07-06,2020-07-07,2020-07-14,0.008724400832290646,0.008724400832290646,0.0,2020-07
10,2097,2021-01-06,2021—2023,6,1973,2020-07-07,2020-07-08,2020-07-15,0.023658483430852417,0.023658483430852417,0.0,2020-07
10,2097,2021-01-06,2021—2023,6,1974,2020-07-08,2020-07-09,2020-07-16,-0.00412965411627475,0.0,-0.00412965411627475,2020-07
10,2097,2021-01-06,2021—2023,6,1975,2020-07-09,2020-07-10,2020-07-17,-0.05815621304647656,0.0,-0.05815621304647656,2020-07
10,2097,2021-01-06,2021—2023,6,1976,2020-07-10,2020-07-13,2020-07-20,-0.031065827272600433,0.0,-0.031065827272600433,2020-07
10,2097,2021-01-06,2021—2023,6,1977,2020-07-13,2020-07-14,2020-07-21,-0.02904417913293511,0.0,-0.02904417913293511,2020-07
10,2097,2021-01-06,2021—2023,6,1978,2020-07-14,2020-07-15,2020-07-22,-0.029142875224011155,0.0,-0.029142875224011155,2020-07
10,2097,2021-01-06,2021—2023,6,1979,2020-07-15,2020-07-16,2020-07-23,-0.012885940514305139,0.0,-0.012885940514305139,2020-07
10,2097,2021-01-06,2021—2023,6,2066,2020-11-23,2020-11-24,2020-12-01,-0.011431565304912628,0.0,-0.011431565304912628,2020-11
10,2103,2021-01-14,2021—2023,6,1628,2019-01-30,2019-01-31,2019-02-14,0.060945132611949004,0.060945132611949004,0.0,2019-01
10,2103,2021-01-14,2021—2023,6,1629,2019-01-31,2019-02-01,2019-02-15,0.046943679865937504,0.046943679865937504,0.0,2019-01
10,2103,2021-01-14,2021—2023,6,1630,2019-02-01,2019-02-11,2019-02-18,0.033029816697512926,0.033029816697512926,0.0,2019-02
10,2103,2021-01-14,2021—2023,6,1631,2019-02-11,2019-02-12,2019-02-19,0.04094710889486164,0.04094710889486164,0.0,2019-02
10,2103,2021-01-14,2021—2023,6,1632,2019-02-12,2019-02-13,2019-02-20,0.029179327368962227,0.029179327368962227,0.0,2019-02
10,2103,2021-01-14,2021—2023,6,1633,2019-02-13,2019-02-14,2019-02-21,0.011568847262156234,0.011568847262156234,0.0,2019-02
10,2103,2021-01-14,2021—2023,6,1634,2019-02-14,2019-02-15,2019-02-22,0.011007709176299896,0.011007709176299896,0.0,2019-02
10,2103,2021-01-14,2021—2023,6,1635,2019-02-15,2019-02-18,2019-02-25,0.061223743350892645,0.061223743350892645,0.0,2019-02
10,2103,2021-01-14,2021—2023,6,1636,2019-02-18,2019-02-19,2019-02-26,0.08350513085574707,0.08350513085574707,0.0,2019-02
10,2103,2021-01-14,2021—2023,6,1637,2019-02-19,2019-02-20,2019-02-27,0.07005323415533526,0.07005323415533526,0.0,2019-02
10,2103,2021-01-14,2021—2023,6,1638,2019-02-20,2019-02-21,2019-02-28,0.06362740991317684,0.06362740991317684,0.0,2019-02
10,2103,2021-01-14,2021—2023,6,1639,2019-02-21,2019-02-22,2019-03-01,0.07283786165114492,0.07283786165114492,0.0,2019-02
10,2103,2021-01-14,2021—2023,6,1640,2019-02-22,2019-02-25,2019-03-04,0.049940961115553684,0.049940961115553684,0.0,2019-02
10,2103,2021-01-14,2021—2023,6,1641,2019-02-25,2019-02-26,2019-03-05,0.005065423137041947,0.005065423137041947,0.0,2019-02
10,2103,2021-01-14,2021—2023,6,1642,2019-02-26,2019-02-27,2019-03-06,0.029503714355037847,0.029503714355037847,0.0,2019-02
10,2103,2021-01-14,2021—2023,6,1643,2019-02-27,2019-02-28,2019-03-07,0.04082233156288262,0.04082233156288262,0.0,2019-02
10,2103,2021-01-14,2021—2023,6,1644,2019-02-28,2019-03-01,2019-03-08,0.0035282043111288797,0.0035282043111288797,0.0,2019-02
10,2103,2021-01-14,2021—2023,6,1645,2019-03-01,2019-03-04,2019-03-11,-0.0317764785977499,0.0,-0.0317764785977499,2019-03
10,2103,2021-01-14,2021—2023,6,1646,2019-03-04,2019-03-05,2019-03-12,-0.012436740497025145,0.0,-0.012436740497025145,2019-03
10,2103,2021-01-14,2021—2023,6,1647,2019-03-05,2019-03-06,2019-03-13,-0.02150170616253899,0.0,-0.02150170616253899,2019-03
10,2103,2021-01-14,2021—2023,6,1648,2019-03-06,2019-03-07,2019-03-14,-0.035461558725492615,0.0,-0.035461558725492615,2019-03
10,2103,2021-01-14,2021—2023,6,1649,2019-03-07,2019-03-08,2019-03-15,-0.007787094952228846,0.0,-0.007787094952228846,2019-03
10,2103,2021-01-14,2021—2023,6,1726,2019-07-01,2019-07-02,2019-07-09,-0.032608482630192115,0.0,-0.032608482630192115,2019-07
10,2103,2021-01-14,2021—2023,6,1728,2019-07-03,2019-07-04,2019-07-11,-0.023717118657124447,0.0,-0.023717118657124447,2019-07
10,2103,2021-01-14,2021—2023,6,1730,2019-07-05,2019-07-08,2019-07-15,-0.018701912631415185,0.0,-0.018701912631415185,2019-07
10,2103,2021-01-14,2021—2023,6,1773,2019-09-04,2019-09-05,2019-09-12,0.006741454361651522,0.006741454361651522,0.0,2019-09
10,2103,2021-01-14,2021—2023,6,1774,2019-09-05,2019-09-06,2019-09-16,0.00642285458697911,0.00642285458697911,0.0,2019-09
10,2103,2021-01-14,2021—2023,6,1775,2019-09-06,2019-09-09,2019-09-17,-0.010661020565867041,0.0,-0.010661020565867041,2019-09
10,2103,2021-01-14,2021—2023,6,1776,2019-09-09,2019-09-10,2019-09-18,-0.019848559709565117,0.0,-0.019848559709565117,2019-09
10,2103,2021-01-14,2021—2023,6,1777,2019-09-10,2019-09-11,2019-09-19,-0.01636970737304877,0.0,-0.01636970737304877,2019-09
10,2103,2021-01-14,2021—2023,6,1778,2019-09-11,2019-09-12,2019-09-20,-0.007021350861896702,0.0,-0.007021350861896702,2019-09
10,2103,2021-01-14,2021—2023,6,1779,2019-09-12,2019-09-16,2019-09-23,-0.018805511614164327,0.0,-0.018805511614164327,2019-09
10,2103,2021-01-14,2021—2023,6,1780,2019-09-16,2019-09-17,2019-09-24,-0.01744060019541771,0.0,-0.01744060019541771,2019-09
10,2103,2021-01-14,2021—2023,6,1850,2019-12-30,2019-12-31,2020-01-08,0.01293503217269798,0.01293503217269798,0.0,2019-12
10,2103,2021-01-14,2021—2023,6,1851,2019-12-31,2020-01-02,2020-01-09,0.001138162916651586,0.001138162916651586,0.0,2019-12
10,2103,2021-01-14,2021—2023,6,1852,2020-01-02,2020-01-03,2020-01-10,-0.0010398147878554198,0.0,-0.0010398147878554198,2020-01
10,2103,2021-01-14,2021—2023,6,1853,2020-01-03,2020-01-06,2020-01-13,0.004037891016432926,0.004037891016432926,0.0,2020-01
10,2103,2021-01-14,2021—2023,6,1855,2020-01-07,2020-01-08,2020-01-15,0.008613076508527051,0.008613076508527051,0.0,2020-01
10,2103,2021-01-14,2021—2023,6,1857,2020-01-09,2020-01-10,2020-01-17,-0.0063108569521832525,0.0,-0.0063108569521832525,2020-01
10,2103,2021-01-14,2021—2023,6,1858,2020-01-10,2020-01-13,2020-01-20,-0.0032010267270162762,0.0,-0.0032010267270162762,2020-01
10,2103,2021-01-14,2021—2023,6,1859,2020-01-13,2020-01-14,2020-01-21,-0.012437620625626589,0.0,-0.012437620625626589,2020-01
10,2103,2021-01-14,2021—2023,6,1963,2020-06-19,2020-06-22,2020-07-01,0.016704559052291623,0.016704559052291623,0.0,2020-06
10,2103,2021-01-14,2021—2023,6,1964,2020-06-22,2020-06-23,2020-07-02,0.038146008344530635,0.038146008344530635,0.0,2020-06
10,2103,2021-01-14,2021—2023,6,1965,2020-06-23,2020-06-24,2020-07-03,0.05660067616689757,0.05660067616689757,0.0,2020-06
10,2103,2021-01-14,2021—2023,6,1966,2020-06-24,2020-06-29,2020-07-06,0.08745700275846335,0.08745700275846335,0.0,2020-06
10,2103,2021-01-14,2021—2023,6,1967,2020-06-29,2020-06-30,2020-07-07,0.1587162871427399,0.1587162871427399,0.0,2020-06
10,2103,2021-01-14,2021—2023,6,1968,2020-06-30,2020-07-01,2020-07-08,0.12719902497016466,0.12719902497016466,0.0,2020-06
10,2103,2021-01-14,2021—2023,6,1969,2020-07-01,2020-07-02,2020-07-09,0.11980555146362537,0.11980555146362537,0.0,2020-07
10,2103,2021-01-14,2021—2023,6,1970,2020-07-02,2020-07-03,2020-07-10,0.09978026552986186,0.09978026552986186,0.0,2020-07
10,2103,2021-01-14,2021—2023,6,1971,2020-07-03,2020-07-06,2020-07-13,0.05321710680246894,0.05321710680246894,0.0,2020-07
10,2103,2021-01-14,2021—2023,6,1972,2020-07-06,2020-07-07,2020-07-14,0.008724400832290646,0.008724400832290646,0.0,2020-07
10,2103,2021-01-14,2021—2023,6,1973,2020-07-07,2020-07-08,2020-07-15,0.023658483430852417,0.023658483430852417,0.0,2020-07
10,2103,2021-01-14,2021—2023,6,1974,2020-07-08,2020-07-09,2020-07-16,-0.00412965411627475,0.0,-0.00412965411627475,2020-07
10,2103,2021-01-14,2021—2023,6,1975,2020-07-09,2020-07-10,2020-07-17,-0.05815621304647656,0.0,-0.05815621304647656,2020-07
10,2103,2021-01-14,2021—2023,6,1976,2020-07-10,2020-07-13,2020-07-20,-0.031065827272600433,0.0,-0.031065827272600433,2020-07
10,2103,2021-01-14,2021—2023,6,1977,2020-07-13,2020-07-14,2020-07-21,-0.02904417913293511,0.0,-0.02904417913293511,2020-07
10,2103,2021-01-14,2021—2023,6,1978,2020-07-14,2020-07-15,2020-07-22,-0.029142875224011155,0.0,-0.029142875224011155,2020-07
10,2103,2021-01-14,2021—2023,6,1979,2020-07-15,2020-07-16,2020-07-23,-0.012885940514305139,0.0,-0.012885940514305139,2020-07
10,2103,2021-01-14,2021—2023,6,2066,2020-11-23,2020-11-24,2020-12-01,-0.011431565304912628,0.0,-0.011431565304912628,2020-11
10,2103,2021-01-14,2021—2023,6,2097,2021-01-06,2021-01-07,2021-01-14,0.025380240916733632,0.025380240916733632,0.0,2021-01
10,2109,2021-01-22,2021—2023,6,1628,2019-01-30,2019-01-31,2019-02-14,0.060945132611949004,0.060945132611949004,0.0,2019-01
10,2109,2021-01-22,2021—2023,6,1629,2019-01-31,2019-02-01,2019-02-15,0.046943679865937504,0.046943679865937504,0.0,2019-01
10,2109,2021-01-22,2021—2023,6,1630,2019-02-01,2019-02-11,2019-02-18,0.033029816697512926,0.033029816697512926,0.0,2019-02
10,2109,2021-01-22,2021—2023,6,1631,2019-02-11,2019-02-12,2019-02-19,0.04094710889486164,0.04094710889486164,0.0,2019-02
10,2109,2021-01-22,2021—2023,6,1632,2019-02-12,2019-02-13,2019-02-20,0.029179327368962227,0.029179327368962227,0.0,2019-02
10,2109,2021-01-22,2021—2023,6,1633,2019-02-13,2019-02-14,2019-02-21,0.011568847262156234,0.011568847262156234,0.0,2019-02
10,2109,2021-01-22,2021—2023,6,1634,2019-02-14,2019-02-15,2019-02-22,0.011007709176299896,0.011007709176299896,0.0,2019-02
10,2109,2021-01-22,2021—2023,6,1635,2019-02-15,2019-02-18,2019-02-25,0.061223743350892645,0.061223743350892645,0.0,2019-02
10,2109,2021-01-22,2021—2023,6,1636,2019-02-18,2019-02-19,2019-02-26,0.08350513085574707,0.08350513085574707,0.0,2019-02
10,2109,2021-01-22,2021—2023,6,1637,2019-02-19,2019-02-20,2019-02-27,0.07005323415533526,0.07005323415533526,0.0,2019-02
10,2109,2021-01-22,2021—2023,6,1638,2019-02-20,2019-02-21,2019-02-28,0.06362740991317684,0.06362740991317684,0.0,2019-02
10,2109,2021-01-22,2021—2023,6,1639,2019-02-21,2019-02-22,2019-03-01,0.07283786165114492,0.07283786165114492,0.0,2019-02
10,2109,2021-01-22,2021—2023,6,1640,2019-02-22,2019-02-25,2019-03-04,0.049940961115553684,0.049940961115553684,0.0,2019-02
10,2109,2021-01-22,2021—2023,6,1641,2019-02-25,2019-02-26,2019-03-05,0.005065423137041947,0.005065423137041947,0.0,2019-02
10,2109,2021-01-22,2021—2023,6,1642,2019-02-26,2019-02-27,2019-03-06,0.029503714355037847,0.029503714355037847,0.0,2019-02
10,2109,2021-01-22,2021—2023,6,1643,2019-02-27,2019-02-28,2019-03-07,0.04082233156288262,0.04082233156288262,0.0,2019-02
10,2109,2021-01-22,2021—2023,6,1644,2019-02-28,2019-03-01,2019-03-08,0.0035282043111288797,0.0035282043111288797,0.0,2019-02
10,2109,2021-01-22,2021—2023,6,1645,2019-03-01,2019-03-04,2019-03-11,-0.0317764785977499,0.0,-0.0317764785977499,2019-03
10,2109,2021-01-22,2021—2023,6,1646,2019-03-04,2019-03-05,2019-03-12,-0.012436740497025145,0.0,-0.012436740497025145,2019-03
10,2109,2021-01-22,2021—2023,6,1647,2019-03-05,2019-03-06,2019-03-13,-0.02150170616253899,0.0,-0.02150170616253899,2019-03
10,2109,2021-01-22,2021—2023,6,1648,2019-03-06,2019-03-07,2019-03-14,-0.035461558725492615,0.0,-0.035461558725492615,2019-03
10,2109,2021-01-22,2021—2023,6,1649,2019-03-07,2019-03-08,2019-03-15,-0.007787094952228846,0.0,-0.007787094952228846,2019-03
10,2109,2021-01-22,2021—2023,6,1730,2019-07-05,2019-07-08,2019-07-15,-0.018701912631415185,0.0,-0.018701912631415185,2019-07
10,2109,2021-01-22,2021—2023,6,1773,2019-09-04,2019-09-05,2019-09-12,0.006741454361651522,0.006741454361651522,0.0,2019-09
10,2109,2021-01-22,2021—2023,6,1774,2019-09-05,2019-09-06,2019-09-16,0.00642285458697911,0.00642285458697911,0.0,2019-09
10,2109,2021-01-22,2021—2023,6,1775,2019-09-06,2019-09-09,2019-09-17,-0.010661020565867041,0.0,-0.010661020565867041,2019-09
10,2109,2021-01-22,2021—2023,6,1776,2019-09-09,2019-09-10,2019-09-18,-0.019848559709565117,0.0,-0.019848559709565117,2019-09
10,2109,2021-01-22,2021—2023,6,1777,2019-09-10,2019-09-11,2019-09-19,-0.01636970737304877,0.0,-0.01636970737304877,2019-09
10,2109,2021-01-22,2021—2023,6,1778,2019-09-11,2019-09-12,2019-09-20,-0.007021350861896702,0.0,-0.007021350861896702,2019-09
10,2109,2021-01-22,2021—2023,6,1779,2019-09-12,2019-09-16,2019-09-23,-0.018805511614164327,0.0,-0.018805511614164327,2019-09
10,2109,2021-01-22,2021—2023,6,1780,2019-09-16,2019-09-17,2019-09-24,-0.01744060019541771,0.0,-0.01744060019541771,2019-09
10,2109,2021-01-22,2021—2023,6,1850,2019-12-30,2019-12-31,2020-01-08,0.01293503217269798,0.01293503217269798,0.0,2019-12
10,2109,2021-01-22,2021—2023,6,1851,2019-12-31,2020-01-02,2020-01-09,0.001138162916651586,0.001138162916651586,0.0,2019-12
10,2109,2021-01-22,2021—2023,6,1852,2020-01-02,2020-01-03,2020-01-10,-0.0010398147878554198,0.0,-0.0010398147878554198,2020-01
10,2109,2021-01-22,2021—2023,6,1853,2020-01-03,2020-01-06,2020-01-13,0.004037891016432926,0.004037891016432926,0.0,2020-01
10,2109,2021-01-22,2021—2023,6,1855,2020-01-07,2020-01-08,2020-01-15,0.008613076508527051,0.008613076508527051,0.0,2020-01
10,2109,2021-01-22,2021—2023,6,1857,2020-01-09,2020-01-10,2020-01-17,-0.0063108569521832525,0.0,-0.0063108569521832525,2020-01
10,2109,2021-01-22,2021—2023,6,1858,2020-01-10,2020-01-13,2020-01-20,-0.0032010267270162762,0.0,-0.0032010267270162762,2020-01
10,2109,2021-01-22,2021—2023,6,1859,2020-01-13,2020-01-14,2020-01-21,-0.012437620625626589,0.0,-0.012437620625626589,2020-01
10,2109,2021-01-22,2021—2023,6,1963,2020-06-19,2020-06-22,2020-07-01,0.016704559052291623,0.016704559052291623,0.0,2020-06
10,2109,2021-01-22,2021—2023,6,1964,2020-06-22,2020-06-23,2020-07-02,0.038146008344530635,0.038146008344530635,0.0,2020-06
10,2109,2021-01-22,2021—2023,6,1965,2020-06-23,2020-06-24,2020-07-03,0.05660067616689757,0.05660067616689757,0.0,2020-06
10,2109,2021-01-22,2021—2023,6,1966,2020-06-24,2020-06-29,2020-07-06,0.08745700275846335,0.08745700275846335,0.0,2020-06
10,2109,2021-01-22,2021—2023,6,1967,2020-06-29,2020-06-30,2020-07-07,0.1587162871427399,0.1587162871427399,0.0,2020-06
10,2109,2021-01-22,2021—2023,6,1968,2020-06-30,2020-07-01,2020-07-08,0.12719902497016466,0.12719902497016466,0.0,2020-06
10,2109,2021-01-22,2021—2023,6,1969,2020-07-01,2020-07-02,2020-07-09,0.11980555146362537,0.11980555146362537,0.0,2020-07
10,2109,2021-01-22,2021—2023,6,1970,2020-07-02,2020-07-03,2020-07-10,0.09978026552986186,0.09978026552986186,0.0,2020-07
10,2109,2021-01-22,2021—2023,6,1971,2020-07-03,2020-07-06,2020-07-13,0.05321710680246894,0.05321710680246894,0.0,2020-07
10,2109,2021-01-22,2021—2023,6,1972,2020-07-06,2020-07-07,2020-07-14,0.008724400832290646,0.008724400832290646,0.0,2020-07
10,2109,2021-01-22,2021—2023,6,1973,2020-07-07,2020-07-08,2020-07-15,0.023658483430852417,0.023658483430852417,0.0,2020-07
10,2109,2021-01-22,2021—2023,6,1974,2020-07-08,2020-07-09,2020-07-16,-0.00412965411627475,0.0,-0.00412965411627475,2020-07
10,2109,2021-01-22,2021—2023,6,1975,2020-07-09,2020-07-10,2020-07-17,-0.05815621304647656,0.0,-0.05815621304647656,2020-07
10,2109,2021-01-22,2021—2023,6,1976,2020-07-10,2020-07-13,2020-07-20,-0.031065827272600433,0.0,-0.031065827272600433,2020-07
10,2109,2021-01-22,2021—2023,6,1977,2020-07-13,2020-07-14,2020-07-21,-0.02904417913293511,0.0,-0.02904417913293511,2020-07
10,2109,2021-01-22,2021—2023,6,1978,2020-07-14,2020-07-15,2020-07-22,-0.029142875224011155,0.0,-0.029142875224011155,2020-07
10,2109,2021-01-22,2021—2023,6,1979,2020-07-15,2020-07-16,2020-07-23,-0.012885940514305139,0.0,-0.012885940514305139,2020-07
10,2109,2021-01-22,2021—2023,6,2097,2021-01-06,2021-01-07,2021-01-14,0.025380240916733632,0.025380240916733632,0.0,2021-01
10,2109,2021-01-22,2021—2023,6,2098,2021-01-07,2021-01-08,2021-01-15,-0.01450442266983476,0.0,-0.01450442266983476,2021-01
10,2109,2021-01-22,2021—2023,6,2099,2021-01-08,2021-01-11,2021-01-18,-0.011721593184167656,0.0,-0.011721593184167656,2021-01
10,2109,2021-01-22,2021—2023,6,2100,2021-01-11,2021-01-12,2021-01-19,0.014097305461675536,0.014097305461675536,0.0,2021-01
10,2109,2021-01-22,2021—2023,6,2101,2021-01-12,2021-01-13,2021-01-20,-0.03380862066421253,0.0,-0.03380862066421253,2021-01
10,2109,2021-01-22,2021—2023,6,2102,2021-01-13,2021-01-14,2021-01-21,-0.019003651193450377,0.0,-0.019003651193450377,2021-01
10,2109,2021-01-22,2021—2023,6,2103,2021-01-14,2021-01-15,2021-01-22,0.012530579766651506,0.012530579766651506,0.0,2021-01
10,2212,2021-06-30,2021—2023,10,1763,2019-08-21,2019-08-22,2019-08-29,0.0010142208676695574,0.0010142208676695574,0.0,2019-08
10,2212,2021-06-30,2021—2023,10,1764,2019-08-22,2019-08-23,2019-08-30,0.003086242816847884,0.003086242816847884,0.0,2019-08
10,2212,2021-06-30,2021—2023,10,1765,2019-08-23,2019-08-26,2019-09-02,0.006510904914229787,0.006510904914229787,0.0,2019-08
10,2212,2021-06-30,2021—2023,10,1766,2019-08-26,2019-08-27,2019-09-03,0.012944835042884018,0.012944835042884018,0.0,2019-08
10,2212,2021-06-30,2021—2023,10,1767,2019-08-27,2019-08-28,2019-09-04,0.006416623446056091,0.006416623446056091,0.0,2019-08
10,2212,2021-06-30,2021—2023,10,1768,2019-08-28,2019-08-29,2019-09-05,0.02398028130519947,0.02398028130519947,0.0,2019-08
10,2212,2021-06-30,2021—2023,10,1769,2019-08-29,2019-08-30,2019-09-06,0.030618474259780593,0.030618474259780593,0.0,2019-08
10,2212,2021-06-30,2021—2023,10,1770,2019-08-30,2019-09-02,2019-09-09,0.04575896796342316,0.04575896796342316,0.0,2019-08
10,2212,2021-06-30,2021—2023,10,1841,2019-12-17,2019-12-18,2019-12-25,-0.017337827714763887,0.0,-0.017337827714763887,2019-12
10,2212,2021-06-30,2021—2023,10,1842,2019-12-18,2019-12-19,2019-12-26,-0.013181344562546826,0.0,-0.013181344562546826,2019-12
10,2212,2021-06-30,2021—2023,10,1843,2019-12-19,2019-12-20,2019-12-27,-0.0017929210025733333,0.0,-0.0017929210025733333,2019-12
10,2212,2021-06-30,2021—2023,10,1844,2019-12-20,2019-12-23,2019-12-30,-0.005522268704458377,0.0,-0.005522268704458377,2019-12
10,2212,2021-06-30,2021—2023,10,1845,2019-12-23,2019-12-24,2019-12-31,0.023116679254224337,0.023116679254224337,0.0,2019-12
10,2212,2021-06-30,2021—2023,10,1846,2019-12-24,2019-12-25,2020-01-02,0.030761924360363624,0.030761924360363624,0.0,2019-12
10,2212,2021-06-30,2021—2023,10,1847,2019-12-25,2019-12-26,2020-01-03,0.03873792331301895,0.03873792331301895,0.0,2019-12
10,2212,2021-06-30,2021—2023,10,1848,2019-12-26,2019-12-27,2020-01-06,0.02176290774013001,0.02176290774013001,0.0,2019-12
10,2212,2021-06-30,2021—2023,10,1849,2019-12-27,2019-12-30,2020-01-07,0.02859589148633712,0.02859589148633712,0.0,2019-12
10,2212,2021-06-30,2021—2023,10,1850,2019-12-30,2019-12-31,2020-01-08,0.01293503217269798,0.01293503217269798,0.0,2019-12
10,2212,2021-06-30,2021—2023,10,1873,2020-02-10,2020-02-11,2020-02-18,0.03469453005917478,0.03469453005917478,0.0,2020-02
10,2212,2021-06-30,2021—2023,10,1874,2020-02-11,2020-02-12,2020-02-19,0.021500504540765464,0.021500504540765464,0.0,2020-02
10,2212,2021-06-30,2021—2023,10,1875,2020-02-12,2020-02-13,2020-02-20,0.018309334544994282,0.018309334544994282,0.0,2020-02
10,2212,2021-06-30,2021—2023,10,1876,2020-02-13,2020-02-14,2020-02-21,0.04196174151256171,0.04196174151256171,0.0,2020-02
10,2212,2021-06-30,2021—2023,10,1877,2020-02-14,2020-02-17,2020-02-24,0.03125486647446274,0.03125486647446274,0.0,2020-02
10,2212,2021-06-30,2021—2023,10,1878,2020-02-17,2020-02-18,2020-02-25,-0.00473547656269846,0.0,-0.00473547656269846,2020-02
10,2212,2021-06-30,2021—2023,10,1879,2020-02-18,2020-02-19,2020-02-26,0.003651100806893348,0.003651100806893348,0.0,2020-02
10,2212,2021-06-30,2021—2023,10,1880,2020-02-19,2020-02-20,2020-02-27,0.0036302720291196966,0.0036302720291196966,0.0,2020-02
10,2212,2021-06-30,2021—2023,10,1881,2020-02-20,2020-02-21,2020-02-28,-0.03057236407762476,0.0,-0.03057236407762476,2020-02
10,2212,2021-06-30,2021—2023,10,1882,2020-02-21,2020-02-24,2020-03-02,-0.04533767888193563,0.0,-0.04533767888193563,2020-02
10,2212,2021-06-30,2021—2023,10,1883,2020-02-24,2020-02-25,2020-03-03,0.01299598503793753,0.01299598503793753,0.0,2020-02
10,2212,2021-06-30,2021—2023,10,1884,2020-02-25,2020-02-26,2020-03-04,-0.0030097570212515024,0.0,-0.0030097570212515024,2020-02
10,2212,2021-06-30,2021—2023,10,1885,2020-02-26,2020-02-27,2020-03-05,0.013376841044404175,0.013376841044404175,0.0,2020-02
10,2212,2021-06-30,2021—2023,10,1886,2020-02-27,2020-02-28,2020-03-06,0.03578374378766558,0.03578374378766558,0.0,2020-02
10,2212,2021-06-30,2021—2023,10,1887,2020-02-28,2020-03-02,2020-03-09,0.02726490375509716,0.02726490375509716,0.0,2020-02
10,2212,2021-06-30,2021—2023,10,1963,2020-06-19,2020-06-22,2020-07-01,0.016704559052291623,0.016704559052291623,0.0,2020-06
10,2212,2021-06-30,2021—2023,10,1964,2020-06-22,2020-06-23,2020-07-02,0.038146008344530635,0.038146008344530635,0.0,2020-06
10,2212,2021-06-30,2021—2023,10,1965,2020-06-23,2020-06-24,2020-07-03,0.05660067616689757,0.05660067616689757,0.0,2020-06
10,2212,2021-06-30,2021—2023,10,1966,2020-06-24,2020-06-29,2020-07-06,0.08745700275846335,0.08745700275846335,0.0,2020-06
10,2212,2021-06-30,2021—2023,10,1967,2020-06-29,2020-06-30,2020-07-07,0.1587162871427399,0.1587162871427399,0.0,2020-06
10,2212,2021-06-30,2021—2023,10,1968,2020-06-30,2020-07-01,2020-07-08,0.12719902497016466,0.12719902497016466,0.0,2020-06
10,2212,2021-06-30,2021—2023,10,1969,2020-07-01,2020-07-02,2020-07-09,0.11980555146362537,0.11980555146362537,0.0,2020-07
10,2212,2021-06-30,2021—2023,10,1970,2020-07-02,2020-07-03,2020-07-10,0.09978026552986186,0.09978026552986186,0.0,2020-07
10,2212,2021-06-30,2021—2023,10,1971,2020-07-03,2020-07-06,2020-07-13,0.05321710680246894,0.05321710680246894,0.0,2020-07
10,2212,2021-06-30,2021—2023,10,1972,2020-07-06,2020-07-07,2020-07-14,0.008724400832290646,0.008724400832290646,0.0,2020-07
10,2212,2021-06-30,2021—2023,10,1973,2020-07-07,2020-07-08,2020-07-15,0.023658483430852417,0.023658483430852417,0.0,2020-07
10,2212,2021-06-30,2021—2023,10,1974,2020-07-08,2020-07-09,2020-07-16,-0.00412965411627475,0.0,-0.00412965411627475,2020-07
10,2212,2021-06-30,2021—2023,10,1975,2020-07-09,2020-07-10,2020-07-17,-0.05815621304647656,0.0,-0.05815621304647656,2020-07
10,2212,2021-06-30,2021—2023,10,1976,2020-07-10,2020-07-13,2020-07-20,-0.031065827272600433,0.0,-0.031065827272600433,2020-07
10,2212,2021-06-30,2021—2023,10,1977,2020-07-13,2020-07-14,2020-07-21,-0.02904417913293511,0.0,-0.02904417913293511,2020-07
10,2212,2021-06-30,2021—2023,10,1978,2020-07-14,2020-07-15,2020-07-22,-0.029142875224011155,0.0,-0.029142875224011155,2020-07
10,2212,2021-06-30,2021—2023,10,1979,2020-07-15,2020-07-16,2020-07-23,-0.012885940514305139,0.0,-0.012885940514305139,2020-07
10,2212,2021-06-30,2021—2023,10,1980,2020-07-16,2020-07-17,2020-07-24,0.031087368331355947,0.031087368331355947,0.0,2020-07
10,2212,2021-06-30,2021—2023,10,1981,2020-07-17,2020-07-20,2020-07-27,-0.01669409622221618,0.0,-0.01669409622221618,2020-07
10,2212,2021-06-30,2021—2023,10,1982,2020-07-20,2020-07-21,2020-07-28,-0.031065739459369746,0.0,-0.031065739459369746,2020-07
10,2212,2021-06-30,2021—2023,10,1983,2020-07-21,2020-07-22,2020-07-29,-0.02969781055278964,0.0,-0.02969781055278964,2020-07
10,2212,2021-06-30,2021—2023,10,1984,2020-07-22,2020-07-23,2020-07-30,-0.0012206619353523074,0.0,-0.0012206619353523074,2020-07
10,2212,2021-06-30,2021—2023,10,1985,2020-07-23,2020-07-24,2020-07-31,-0.006290952230395108,0.0,-0.006290952230395108,2020-07
10,2212,2021-06-30,2021—2023,10,1986,2020-07-24,2020-07-27,2020-08-03,0.04210408251694964,0.04210408251694964,0.0,2020-07
10,2212,2021-06-30,2021—2023,10,1987,2020-07-27,2020-07-28,2020-08-04,0.047646395987059664,0.047646395987059664,0.0,2020-07
10,2212,2021-06-30,2021—2023,10,1988,2020-07-28,2020-07-29,2020-08-05,0.044066798443312516,0.044066798443312516,0.0,2020-07
10,2212,2021-06-30,2021—2023,10,1989,2020-07-29,2020-07-30,2020-08-06,0.01412003022135,0.01412003022135,0.0,2020-07
10,2212,2021-06-30,2021—2023,10,1990,2020-07-30,2020-07-31,2020-08-07,0.01678963621338303,0.01678963621338303,0.0,2020-07
10,2212,2021-06-30,2021—2023,10,1993,2020-08-04,2020-08-05,2020-08-12,-0.02294893105529683,0.0,-0.02294893105529683,2020-08
10,2212,2021-06-30,2021—2023,10,1994,2020-08-05,2020-08-06,2020-08-13,-0.026833435360347102,0.0,-0.026833435360347102,2020-08
10,2212,2021-06-30,2021—2023,10,1995,2020-08-06,2020-08-07,2020-08-14,-0.026777225881694067,0.0,-0.026777225881694067,2020-08
10,2212,2021-06-30,2021—2023,10,1996,2020-08-07,2020-08-10,2020-08-17,0.010799310499523207,0.010799310499523207,0.0,2020-08
10,2212,2021-06-30,2021—2023,10,1997,2020-08-10,2020-08-11,2020-08-18,0.017348634658871154,0.017348634658871154,0.0,2020-08
10,2212,2021-06-30,2021—2023,10,1998,2020-08-11,2020-08-12,2020-08-19,0.02708497996150383,0.02708497996150383,0.0,2020-08
10,2212,2021-06-30,2021—2023,10,1999,2020-08-12,2020-08-13,2020-08-20,0.0087265941081196,0.0087265941081196,0.0,2020-08
10,2212,2021-06-30,2021—2023,10,2059,2020-11-12,2020-11-13,2020-11-20,0.007063276384361217,0.007063276384361217,0.0,2020-11
10,2212,2021-06-30,2021—2023,10,2060,2020-11-13,2020-11-16,2020-11-23,0.01413786000751216,0.01413786000751216,0.0,2020-11
10,2212,2021-06-30,2021—2023,10,2075,2020-12-04,2020-12-07,2020-12-14,-0.03808037608897363,0.0,-0.03808037608897363,2020-12
10,2212,2021-06-30,2021—2023,10,2076,2020-12-07,2020-12-08,2020-12-15,-0.022146766538386653,0.0,-0.022146766538386653,2020-12
10,2212,2021-06-30,2021—2023,10,2089,2020-12-24,2020-12-25,2021-01-04,0.041458989526719225,0.041458989526719225,0.0,2020-12
10,2212,2021-06-30,2021—2023,10,2090,2020-12-25,2020-12-28,2021-01-05,0.037661137186391525,0.037661137186391525,0.0,2020-12
10,2212,2021-06-30,2021—2023,10,2091,2020-12-28,2020-12-29,2021-01-06,0.05689131812282855,0.05689131812282855,0.0,2020-12
10,2212,2021-06-30,2021—2023,10,2092,2020-12-29,2020-12-30,2021-01-07,0.07107399417090088,0.07107399417090088,0.0,2020-12
10,2221,2021-07-13,2021—2023,10,1764,2019-08-22,2019-08-23,2019-08-30,0.003086242816847884,0.003086242816847884,0.0,2019-08
10,2221,2021-07-13,2021—2023,10,1765,2019-08-23,2019-08-26,2019-09-02,0.006510904914229787,0.006510904914229787,0.0,2019-08
10,2221,2021-07-13,2021—2023,10,1766,2019-08-26,2019-08-27,2019-09-03,0.012944835042884018,0.012944835042884018,0.0,2019-08
10,2221,2021-07-13,2021—2023,10,1767,2019-08-27,2019-08-28,2019-09-04,0.006416623446056091,0.006416623446056091,0.0,2019-08
10,2221,2021-07-13,2021—2023,10,1768,2019-08-28,2019-08-29,2019-09-05,0.02398028130519947,0.02398028130519947,0.0,2019-08
10,2221,2021-07-13,2021—2023,10,1769,2019-08-29,2019-08-30,2019-09-06,0.030618474259780593,0.030618474259780593,0.0,2019-08
10,2221,2021-07-13,2021—2023,10,1770,2019-08-30,2019-09-02,2019-09-09,0.04575896796342316,0.04575896796342316,0.0,2019-08
10,2221,2021-07-13,2021—2023,10,1841,2019-12-17,2019-12-18,2019-12-25,-0.017337827714763887,0.0,-0.017337827714763887,2019-12
10,2221,2021-07-13,2021—2023,10,1842,2019-12-18,2019-12-19,2019-12-26,-0.013181344562546826,0.0,-0.013181344562546826,2019-12
10,2221,2021-07-13,2021—2023,10,1843,2019-12-19,2019-12-20,2019-12-27,-0.0017929210025733333,0.0,-0.0017929210025733333,2019-12
10,2221,2021-07-13,2021—2023,10,1844,2019-12-20,2019-12-23,2019-12-30,-0.005522268704458377,0.0,-0.005522268704458377,2019-12
10,2221,2021-07-13,2021—2023,10,1845,2019-12-23,2019-12-24,2019-12-31,0.023116679254224337,0.023116679254224337,0.0,2019-12
10,2221,2021-07-13,2021—2023,10,1846,2019-12-24,2019-12-25,2020-01-02,0.030761924360363624,0.030761924360363624,0.0,2019-12
10,2221,2021-07-13,2021—2023,10,1847,2019-12-25,2019-12-26,2020-01-03,0.03873792331301895,0.03873792331301895,0.0,2019-12
10,2221,2021-07-13,2021—2023,10,1848,2019-12-26,2019-12-27,2020-01-06,0.02176290774013001,0.02176290774013001,0.0,2019-12
10,2221,2021-07-13,2021—2023,10,1849,2019-12-27,2019-12-30,2020-01-07,0.02859589148633712,0.02859589148633712,0.0,2019-12
10,2221,2021-07-13,2021—2023,10,1850,2019-12-30,2019-12-31,2020-01-08,0.01293503217269798,0.01293503217269798,0.0,2019-12
10,2221,2021-07-13,2021—2023,10,1873,2020-02-10,2020-02-11,2020-02-18,0.03469453005917478,0.03469453005917478,0.0,2020-02
10,2221,2021-07-13,2021—2023,10,1874,2020-02-11,2020-02-12,2020-02-19,0.021500504540765464,0.021500504540765464,0.0,2020-02
10,2221,2021-07-13,2021—2023,10,1875,2020-02-12,2020-02-13,2020-02-20,0.018309334544994282,0.018309334544994282,0.0,2020-02
10,2221,2021-07-13,2021—2023,10,1876,2020-02-13,2020-02-14,2020-02-21,0.04196174151256171,0.04196174151256171,0.0,2020-02
10,2221,2021-07-13,2021—2023,10,1877,2020-02-14,2020-02-17,2020-02-24,0.03125486647446274,0.03125486647446274,0.0,2020-02
10,2221,2021-07-13,2021—2023,10,1878,2020-02-17,2020-02-18,2020-02-25,-0.00473547656269846,0.0,-0.00473547656269846,2020-02
10,2221,2021-07-13,2021—2023,10,1879,2020-02-18,2020-02-19,2020-02-26,0.003651100806893348,0.003651100806893348,0.0,2020-02
10,2221,2021-07-13,2021—2023,10,1880,2020-02-19,2020-02-20,2020-02-27,0.0036302720291196966,0.0036302720291196966,0.0,2020-02
10,2221,2021-07-13,2021—2023,10,1881,2020-02-20,2020-02-21,2020-02-28,-0.03057236407762476,0.0,-0.03057236407762476,2020-02
10,2221,2021-07-13,2021—2023,10,1882,2020-02-21,2020-02-24,2020-03-02,-0.04533767888193563,0.0,-0.04533767888193563,2020-02
10,2221,2021-07-13,2021—2023,10,1883,2020-02-24,2020-02-25,2020-03-03,0.01299598503793753,0.01299598503793753,0.0,2020-02
10,2221,2021-07-13,2021—2023,10,1884,2020-02-25,2020-02-26,2020-03-04,-0.0030097570212515024,0.0,-0.0030097570212515024,2020-02
10,2221,2021-07-13,2021—2023,10,1885,2020-02-26,2020-02-27,2020-03-05,0.013376841044404175,0.013376841044404175,0.0,2020-02
10,2221,2021-07-13,2021—2023,10,1886,2020-02-27,2020-02-28,2020-03-06,0.03578374378766558,0.03578374378766558,0.0,2020-02
10,2221,2021-07-13,2021—2023,10,1887,2020-02-28,2020-03-02,2020-03-09,0.02726490375509716,0.02726490375509716,0.0,2020-02
10,2221,2021-07-13,2021—2023,10,1964,2020-06-22,2020-06-23,2020-07-02,0.038146008344530635,0.038146008344530635,0.0,2020-06
10,2221,2021-07-13,2021—2023,10,1965,2020-06-23,2020-06-24,2020-07-03,0.05660067616689757,0.05660067616689757,0.0,2020-06
10,2221,2021-07-13,2021—2023,10,1966,2020-06-24,2020-06-29,2020-07-06,0.08745700275846335,0.08745700275846335,0.0,2020-06
10,2221,2021-07-13,2021—2023,10,1967,2020-06-29,2020-06-30,2020-07-07,0.1587162871427399,0.1587162871427399,0.0,2020-06
10,2221,2021-07-13,2021—2023,10,1968,2020-06-30,2020-07-01,2020-07-08,0.12719902497016466,0.12719902497016466,0.0,2020-06
10,2221,2021-07-13,2021—2023,10,1969,2020-07-01,2020-07-02,2020-07-09,0.11980555146362537,0.11980555146362537,0.0,2020-07
10,2221,2021-07-13,2021—2023,10,1970,2020-07-02,2020-07-03,2020-07-10,0.09978026552986186,0.09978026552986186,0.0,2020-07
10,2221,2021-07-13,2021—2023,10,1971,2020-07-03,2020-07-06,2020-07-13,0.05321710680246894,0.05321710680246894,0.0,2020-07
10,2221,2021-07-13,2021—2023,10,1972,2020-07-06,2020-07-07,2020-07-14,0.008724400832290646,0.008724400832290646,0.0,2020-07
10,2221,2021-07-13,2021—2023,10,1973,2020-07-07,2020-07-08,2020-07-15,0.023658483430852417,0.023658483430852417,0.0,2020-07
10,2221,2021-07-13,2021—2023,10,1974,2020-07-08,2020-07-09,2020-07-16,-0.00412965411627475,0.0,-0.00412965411627475,2020-07
10,2221,2021-07-13,2021—2023,10,1975,2020-07-09,2020-07-10,2020-07-17,-0.05815621304647656,0.0,-0.05815621304647656,2020-07
10,2221,2021-07-13,2021—2023,10,1976,2020-07-10,2020-07-13,2020-07-20,-0.031065827272600433,0.0,-0.031065827272600433,2020-07
10,2221,2021-07-13,2021—2023,10,1977,2020-07-13,2020-07-14,2020-07-21,-0.02904417913293511,0.0,-0.02904417913293511,2020-07
10,2221,2021-07-13,2021—2023,10,1978,2020-07-14,2020-07-15,2020-07-22,-0.029142875224011155,0.0,-0.029142875224011155,2020-07
10,2221,2021-07-13,2021—2023,10,1979,2020-07-15,2020-07-16,2020-07-23,-0.012885940514305139,0.0,-0.012885940514305139,2020-07
10,2221,2021-07-13,2021—2023,10,1980,2020-07-16,2020-07-17,2020-07-24,0.031087368331355947,0.031087368331355947,0.0,2020-07
10,2221,2021-07-13,2021—2023,10,1981,2020-07-17,2020-07-20,2020-07-27,-0.01669409622221618,0.0,-0.01669409622221618,2020-07
10,2221,2021-07-13,2021—2023,10,1982,2020-07-20,2020-07-21,2020-07-28,-0.031065739459369746,0.0,-0.031065739459369746,2020-07
10,2221,2021-07-13,2021—2023,10,1983,2020-07-21,2020-07-22,2020-07-29,-0.02969781055278964,0.0,-0.02969781055278964,2020-07
10,2221,2021-07-13,2021—2023,10,1984,2020-07-22,2020-07-23,2020-07-30,-0.0012206619353523074,0.0,-0.0012206619353523074,2020-07
10,2221,2021-07-13,2021—2023,10,1985,2020-07-23,2020-07-24,2020-07-31,-0.006290952230395108,0.0,-0.006290952230395108,2020-07
10,2221,2021-07-13,2021—2023,10,1986,2020-07-24,2020-07-27,2020-08-03,0.04210408251694964,0.04210408251694964,0.0,2020-07
10,2221,2021-07-13,2021—2023,10,1987,2020-07-27,2020-07-28,2020-08-04,0.047646395987059664,0.047646395987059664,0.0,2020-07
10,2221,2021-07-13,2021—2023,10,1988,2020-07-28,2020-07-29,2020-08-05,0.044066798443312516,0.044066798443312516,0.0,2020-07
10,2221,2021-07-13,2021—2023,10,1989,2020-07-29,2020-07-30,2020-08-06,0.01412003022135,0.01412003022135,0.0,2020-07
10,2221,2021-07-13,2021—2023,10,1994,2020-08-05,2020-08-06,2020-08-13,-0.026833435360347102,0.0,-0.026833435360347102,2020-08
10,2221,2021-07-13,2021—2023,10,1995,2020-08-06,2020-08-07,2020-08-14,-0.026777225881694067,0.0,-0.026777225881694067,2020-08
10,2221,2021-07-13,2021—2023,10,1996,2020-08-07,2020-08-10,2020-08-17,0.010799310499523207,0.010799310499523207,0.0,2020-08
10,2221,2021-07-13,2021—2023,10,1997,2020-08-10,2020-08-11,2020-08-18,0.017348634658871154,0.017348634658871154,0.0,2020-08
10,2221,2021-07-13,2021—2023,10,1998,2020-08-11,2020-08-12,2020-08-19,0.02708497996150383,0.02708497996150383,0.0,2020-08
10,2221,2021-07-13,2021—2023,10,1999,2020-08-12,2020-08-13,2020-08-20,0.0087265941081196,0.0087265941081196,0.0,2020-08
10,2221,2021-07-13,2021—2023,10,2076,2020-12-07,2020-12-08,2020-12-15,-0.022146766538386653,0.0,-0.022146766538386653,2020-12
10,2221,2021-07-13,2021—2023,10,2091,2020-12-28,2020-12-29,2021-01-06,0.05689131812282855,0.05689131812282855,0.0,2020-12
10,2230,2021-07-26,2021—2023,8,1764,2019-08-22,2019-08-23,2019-08-30,0.003086242816847884,0.003086242816847884,0.0,2019-08
10,2230,2021-07-26,2021—2023,8,1765,2019-08-23,2019-08-26,2019-09-02,0.006510904914229787,0.006510904914229787,0.0,2019-08
10,2230,2021-07-26,2021—2023,8,1766,2019-08-26,2019-08-27,2019-09-03,0.012944835042884018,0.012944835042884018,0.0,2019-08
10,2230,2021-07-26,2021—2023,8,1767,2019-08-27,2019-08-28,2019-09-04,0.006416623446056091,0.006416623446056091,0.0,2019-08
10,2230,2021-07-26,2021—2023,8,1768,2019-08-28,2019-08-29,2019-09-05,0.02398028130519947,0.02398028130519947,0.0,2019-08
10,2230,2021-07-26,2021—2023,8,1769,2019-08-29,2019-08-30,2019-09-06,0.030618474259780593,0.030618474259780593,0.0,2019-08
10,2230,2021-07-26,2021—2023,8,1770,2019-08-30,2019-09-02,2019-09-09,0.04575896796342316,0.04575896796342316,0.0,2019-08
10,2230,2021-07-26,2021—2023,8,1841,2019-12-17,2019-12-18,2019-12-25,-0.017337827714763887,0.0,-0.017337827714763887,2019-12
10,2230,2021-07-26,2021—2023,8,1842,2019-12-18,2019-12-19,2019-12-26,-0.013181344562546826,0.0,-0.013181344562546826,2019-12
10,2230,2021-07-26,2021—2023,8,1843,2019-12-19,2019-12-20,2019-12-27,-0.0017929210025733333,0.0,-0.0017929210025733333,2019-12
10,2230,2021-07-26,2021—2023,8,1844,2019-12-20,2019-12-23,2019-12-30,-0.005522268704458377,0.0,-0.005522268704458377,2019-12
10,2230,2021-07-26,2021—2023,8,1845,2019-12-23,2019-12-24,2019-12-31,0.023116679254224337,0.023116679254224337,0.0,2019-12
10,2230,2021-07-26,2021—2023,8,1846,2019-12-24,2019-12-25,2020-01-02,0.030761924360363624,0.030761924360363624,0.0,2019-12
10,2230,2021-07-26,2021—2023,8,1847,2019-12-25,2019-12-26,2020-01-03,0.03873792331301895,0.03873792331301895,0.0,2019-12
10,2230,2021-07-26,2021—2023,8,1848,2019-12-26,2019-12-27,2020-01-06,0.02176290774013001,0.02176290774013001,0.0,2019-12
10,2230,2021-07-26,2021—2023,8,1849,2019-12-27,2019-12-30,2020-01-07,0.02859589148633712,0.02859589148633712,0.0,2019-12
10,2230,2021-07-26,2021—2023,8,1850,2019-12-30,2019-12-31,2020-01-08,0.01293503217269798,0.01293503217269798,0.0,2019-12
10,2230,2021-07-26,2021—2023,8,1873,2020-02-10,2020-02-11,2020-02-18,0.03469453005917478,0.03469453005917478,0.0,2020-02
10,2230,2021-07-26,2021—2023,8,1874,2020-02-11,2020-02-12,2020-02-19,0.021500504540765464,0.021500504540765464,0.0,2020-02
10,2230,2021-07-26,2021—2023,8,1875,2020-02-12,2020-02-13,2020-02-20,0.018309334544994282,0.018309334544994282,0.0,2020-02
10,2230,2021-07-26,2021—2023,8,1876,2020-02-13,2020-02-14,2020-02-21,0.04196174151256171,0.04196174151256171,0.0,2020-02
10,2230,2021-07-26,2021—2023,8,1877,2020-02-14,2020-02-17,2020-02-24,0.03125486647446274,0.03125486647446274,0.0,2020-02
10,2230,2021-07-26,2021—2023,8,1878,2020-02-17,2020-02-18,2020-02-25,-0.00473547656269846,0.0,-0.00473547656269846,2020-02
10,2230,2021-07-26,2021—2023,8,1879,2020-02-18,2020-02-19,2020-02-26,0.003651100806893348,0.003651100806893348,0.0,2020-02
10,2230,2021-07-26,2021—2023,8,1880,2020-02-19,2020-02-20,2020-02-27,0.0036302720291196966,0.0036302720291196966,0.0,2020-02
10,2230,2021-07-26,2021—2023,8,1881,2020-02-20,2020-02-21,2020-02-28,-0.03057236407762476,0.0,-0.03057236407762476,2020-02
10,2230,2021-07-26,2021—2023,8,1882,2020-02-21,2020-02-24,2020-03-02,-0.04533767888193563,0.0,-0.04533767888193563,2020-02
10,2230,2021-07-26,2021—2023,8,1883,2020-02-24,2020-02-25,2020-03-03,0.01299598503793753,0.01299598503793753,0.0,2020-02
10,2230,2021-07-26,2021—2023,8,1884,2020-02-25,2020-02-26,2020-03-04,-0.0030097570212515024,0.0,-0.0030097570212515024,2020-02
10,2230,2021-07-26,2021—2023,8,1885,2020-02-26,2020-02-27,2020-03-05,0.013376841044404175,0.013376841044404175,0.0,2020-02
10,2230,2021-07-26,2021—2023,8,1886,2020-02-27,2020-02-28,2020-03-06,0.03578374378766558,0.03578374378766558,0.0,2020-02
10,2230,2021-07-26,2021—2023,8,1887,2020-02-28,2020-03-02,2020-03-09,0.02726490375509716,0.02726490375509716,0.0,2020-02
10,2230,2021-07-26,2021—2023,8,1964,2020-06-22,2020-06-23,2020-07-02,0.038146008344530635,0.038146008344530635,0.0,2020-06
10,2230,2021-07-26,2021—2023,8,1965,2020-06-23,2020-06-24,2020-07-03,0.05660067616689757,0.05660067616689757,0.0,2020-06
10,2230,2021-07-26,2021—2023,8,1966,2020-06-24,2020-06-29,2020-07-06,0.08745700275846335,0.08745700275846335,0.0,2020-06
10,2230,2021-07-26,2021—2023,8,1967,2020-06-29,2020-06-30,2020-07-07,0.1587162871427399,0.1587162871427399,0.0,2020-06
10,2230,2021-07-26,2021—2023,8,1968,2020-06-30,2020-07-01,2020-07-08,0.12719902497016466,0.12719902497016466,0.0,2020-06
10,2230,2021-07-26,2021—2023,8,1969,2020-07-01,2020-07-02,2020-07-09,0.11980555146362537,0.11980555146362537,0.0,2020-07
10,2230,2021-07-26,2021—2023,8,1970,2020-07-02,2020-07-03,2020-07-10,0.09978026552986186,0.09978026552986186,0.0,2020-07
10,2230,2021-07-26,2021—2023,8,1971,2020-07-03,2020-07-06,2020-07-13,0.05321710680246894,0.05321710680246894,0.0,2020-07
10,2230,2021-07-26,2021—2023,8,1972,2020-07-06,2020-07-07,2020-07-14,0.008724400832290646,0.008724400832290646,0.0,2020-07
10,2230,2021-07-26,2021—2023,8,1973,2020-07-07,2020-07-08,2020-07-15,0.023658483430852417,0.023658483430852417,0.0,2020-07
10,2230,2021-07-26,2021—2023,8,1974,2020-07-08,2020-07-09,2020-07-16,-0.00412965411627475,0.0,-0.00412965411627475,2020-07
10,2230,2021-07-26,2021—2023,8,1975,2020-07-09,2020-07-10,2020-07-17,-0.05815621304647656,0.0,-0.05815621304647656,2020-07
10,2230,2021-07-26,2021—2023,8,1976,2020-07-10,2020-07-13,2020-07-20,-0.031065827272600433,0.0,-0.031065827272600433,2020-07
10,2230,2021-07-26,2021—2023,8,1977,2020-07-13,2020-07-14,2020-07-21,-0.02904417913293511,0.0,-0.02904417913293511,2020-07
10,2230,2021-07-26,2021—2023,8,1978,2020-07-14,2020-07-15,2020-07-22,-0.029142875224011155,0.0,-0.029142875224011155,2020-07
10,2230,2021-07-26,2021—2023,8,1979,2020-07-15,2020-07-16,2020-07-23,-0.012885940514305139,0.0,-0.012885940514305139,2020-07
10,2230,2021-07-26,2021—2023,8,1980,2020-07-16,2020-07-17,2020-07-24,0.031087368331355947,0.031087368331355947,0.0,2020-07
10,2230,2021-07-26,2021—2023,8,1981,2020-07-17,2020-07-20,2020-07-27,-0.01669409622221618,0.0,-0.01669409622221618,2020-07
10,2230,2021-07-26,2021—2023,8,1982,2020-07-20,2020-07-21,2020-07-28,-0.031065739459369746,0.0,-0.031065739459369746,2020-07
10,2230,2021-07-26,2021—2023,8,1983,2020-07-21,2020-07-22,2020-07-29,-0.02969781055278964,0.0,-0.02969781055278964,2020-07
10,2230,2021-07-26,2021—2023,8,1984,2020-07-22,2020-07-23,2020-07-30,-0.0012206619353523074,0.0,-0.0012206619353523074,2020-07
10,2230,2021-07-26,2021—2023,8,1985,2020-07-23,2020-07-24,2020-07-31,-0.006290952230395108,0.0,-0.006290952230395108,2020-07
10,2230,2021-07-26,2021—2023,8,1986,2020-07-24,2020-07-27,2020-08-03,0.04210408251694964,0.04210408251694964,0.0,2020-07
10,2230,2021-07-26,2021—2023,8,1987,2020-07-27,2020-07-28,2020-08-04,0.047646395987059664,0.047646395987059664,0.0,2020-07
10,2230,2021-07-26,2021—2023,8,1988,2020-07-28,2020-07-29,2020-08-05,0.044066798443312516,0.044066798443312516,0.0,2020-07
10,2230,2021-07-26,2021—2023,8,1989,2020-07-29,2020-07-30,2020-08-06,0.01412003022135,0.01412003022135,0.0,2020-07
10,2230,2021-07-26,2021—2023,8,1994,2020-08-05,2020-08-06,2020-08-13,-0.026833435360347102,0.0,-0.026833435360347102,2020-08
10,2230,2021-07-26,2021—2023,8,1995,2020-08-06,2020-08-07,2020-08-14,-0.026777225881694067,0.0,-0.026777225881694067,2020-08
10,2230,2021-07-26,2021—2023,8,1996,2020-08-07,2020-08-10,2020-08-17,0.010799310499523207,0.010799310499523207,0.0,2020-08
10,2230,2021-07-26,2021—2023,8,1997,2020-08-10,2020-08-11,2020-08-18,0.017348634658871154,0.017348634658871154,0.0,2020-08
10,2230,2021-07-26,2021—2023,8,1998,2020-08-11,2020-08-12,2020-08-19,0.02708497996150383,0.02708497996150383,0.0,2020-08
10,2230,2021-07-26,2021—2023,8,1999,2020-08-12,2020-08-13,2020-08-20,0.0087265941081196,0.0087265941081196,0.0,2020-08
10,2230,2021-07-26,2021—2023,8,2076,2020-12-07,2020-12-08,2020-12-15,-0.022146766538386653,0.0,-0.022146766538386653,2020-12
10,2230,2021-07-26,2021—2023,8,2091,2020-12-28,2020-12-29,2021-01-06,0.05689131812282855,0.05689131812282855,0.0,2020-12
10,2230,2021-07-26,2021—2023,8,2221,2021-07-13,2021-07-14,2021-07-21,-0.005221771210699777,0.0,-0.005221771210699777,2021-07
10,2230,2021-07-26,2021—2023,8,2222,2021-07-14,2021-07-15,2021-07-22,0.011259969440294837,0.011259969440294837,0.0,2021-07
10,2230,2021-07-26,2021—2023,8,2223,2021-07-15,2021-07-16,2021-07-23,-0.0011835450222524857,0.0,-0.0011835450222524857,2021-07
10,2230,2021-07-26,2021—2023,8,2224,2021-07-16,2021-07-19,2021-07-26,-0.005065623663206731,0.0,-0.005065623663206731,2021-07
10,2321,2021-12-09,2021—2023,9,1830,2019-12-02,2019-12-03,2019-12-10,0.012557239315071023,0.012557239315071023,0.0,2019-12
10,2321,2021-12-09,2021—2023,9,1831,2019-12-03,2019-12-04,2019-12-11,0.013539461264674424,0.013539461264674424,0.0,2019-12
10,2321,2021-12-09,2021—2023,9,1832,2019-12-04,2019-12-05,2019-12-12,0.00786212903373662,0.00786212903373662,0.0,2019-12
10,2321,2021-12-09,2021—2023,9,1833,2019-12-05,2019-12-06,2019-12-13,0.007811667632845465,0.007811667632845465,0.0,2019-12
10,2321,2021-12-09,2021—2023,9,1834,2019-12-06,2019-12-09,2019-12-16,0.013049389815862122,0.013049389815862122,0.0,2019-12
10,2321,2021-12-09,2021—2023,9,1835,2019-12-09,2019-12-10,2019-12-17,0.020961336984193668,0.020961336984193668,0.0,2019-12
10,2321,2021-12-09,2021—2023,9,1836,2019-12-10,2019-12-11,2019-12-18,0.03296745817801905,0.03296745817801905,0.0,2019-12
10,2321,2021-12-09,2021—2023,9,1837,2019-12-11,2019-12-12,2019-12-19,0.029905579381563685,0.029905579381563685,0.0,2019-12
10,2321,2021-12-09,2021—2023,9,1838,2019-12-12,2019-12-13,2019-12-20,0.021076905286765202,0.021076905286765202,0.0,2019-12
10,2321,2021-12-09,2021—2023,9,1839,2019-12-13,2019-12-16,2019-12-23,0.009013669777619082,0.009013669777619082,0.0,2019-12
10,2321,2021-12-09,2021—2023,9,1840,2019-12-16,2019-12-17,2019-12-24,-0.0060691946225025495,0.0,-0.0060691946225025495,2019-12
10,2321,2021-12-09,2021—2023,9,1841,2019-12-17,2019-12-18,2019-12-25,-0.017337827714763887,0.0,-0.017337827714763887,2019-12
10,2321,2021-12-09,2021—2023,9,1842,2019-12-18,2019-12-19,2019-12-26,-0.013181344562546826,0.0,-0.013181344562546826,2019-12
10,2321,2021-12-09,2021—2023,9,1843,2019-12-19,2019-12-20,2019-12-27,-0.0017929210025733333,0.0,-0.0017929210025733333,2019-12
10,2321,2021-12-09,2021—2023,9,1844,2019-12-20,2019-12-23,2019-12-30,-0.005522268704458377,0.0,-0.005522268704458377,2019-12
10,2321,2021-12-09,2021—2023,9,1845,2019-12-23,2019-12-24,2019-12-31,0.023116679254224337,0.023116679254224337,0.0,2019-12
10,2321,2021-12-09,2021—2023,9,1846,2019-12-24,2019-12-25,2020-01-02,0.030761924360363624,0.030761924360363624,0.0,2019-12
10,2321,2021-12-09,2021—2023,9,1847,2019-12-25,2019-12-26,2020-01-03,0.03873792331301895,0.03873792331301895,0.0,2019-12
10,2321,2021-12-09,2021—2023,9,1848,2019-12-26,2019-12-27,2020-01-06,0.02176290774013001,0.02176290774013001,0.0,2019-12
10,2321,2021-12-09,2021—2023,9,1849,2019-12-27,2019-12-30,2020-01-07,0.02859589148633712,0.02859589148633712,0.0,2019-12
10,2321,2021-12-09,2021—2023,9,1850,2019-12-30,2019-12-31,2020-01-08,0.01293503217269798,0.01293503217269798,0.0,2019-12
10,2321,2021-12-09,2021—2023,9,1909,2020-03-31,2020-04-01,2020-04-09,0.028893022943494495,0.028893022943494495,0.0,2020-03
10,2321,2021-12-09,2021—2023,9,1910,2020-04-01,2020-04-02,2020-04-10,0.029214529371211606,0.029214529371211606,0.0,2020-04
10,2321,2021-12-09,2021—2023,9,1911,2020-04-02,2020-04-03,2020-04-13,0.007809477178434054,0.007809477178434054,0.0,2020-04
10,2321,2021-12-09,2021—2023,9,1912,2020-04-03,2020-04-07,2020-04-14,-0.0029233790012155314,0.0,-0.0029233790012155314,2020-04
10,2321,2021-12-09,2021—2023,9,1913,2020-04-07,2020-04-08,2020-04-15,0.0074165559240495504,0.0074165559240495504,0.0,2020-04
10,2321,2021-12-09,2021—2023,9,1914,2020-04-08,2020-04-09,2020-04-16,-0.005815480941044893,0.0,-0.005815480941044893,2020-04
10,2321,2021-12-09,2021—2023,9,1915,2020-04-09,2020-04-10,2020-04-17,0.007130481140876999,0.007130481140876999,0.0,2020-04
10,2321,2021-12-09,2021—2023,9,1916,2020-04-10,2020-04-13,2020-04-20,0.017299846177671663,0.017299846177671663,0.0,2020-04
10,2321,2021-12-09,2021—2023,9,1917,2020-04-13,2020-04-14,2020-04-21,0.01300436254828563,0.01300436254828563,0.0,2020-04
10,2321,2021-12-09,2021—2023,9,1918,2020-04-14,2020-04-15,2020-04-22,-0.009718769357575874,0.0,-0.009718769357575874,2020-04
10,2321,2021-12-09,2021—2023,9,1919,2020-04-15,2020-04-16,2020-04-23,0.013497303781190295,0.013497303781190295,0.0,2020-04
10,2321,2021-12-09,2021—2023,9,1920,2020-04-16,2020-04-17,2020-04-24,-0.004725296890149,0.0,-0.004725296890149,2020-04
10,2321,2021-12-09,2021—2023,9,1921,2020-04-17,2020-04-20,2020-04-27,-0.011756968230984377,0.0,-0.011756968230984377,2020-04
10,2321,2021-12-09,2021—2023,9,1922,2020-04-20,2020-04-21,2020-04-28,-0.0028900573661749807,0.0,-0.0028900573661749807,2020-04
10,2321,2021-12-09,2021—2023,9,1923,2020-04-21,2020-04-22,2020-04-29,0.009501354097536385,0.009501354097536385,0.0,2020-04
10,2321,2021-12-09,2021—2023,9,1924,2020-04-22,2020-04-23,2020-04-30,0.0057123136147001485,0.0057123136147001485,0.0,2020-04
10,2321,2021-12-09,2021—2023,9,1925,2020-04-23,2020-04-24,2020-05-06,0.012309744168456982,0.012309744168456982,0.0,2020-04
10,2321,2021-12-09,2021—2023,9,1926,2020-04-24,2020-04-27,2020-05-07,0.030260814536145375,0.030260814536145375,0.0,2020-04
10,2321,2021-12-09,2021—2023,9,1927,2020-04-27,2020-04-28,2020-05-08,0.025591332504655062,0.025591332504655062,0.0,2020-04
10,2321,2021-12-09,2021—2023,9,1928,2020-04-28,2020-04-29,2020-05-11,0.031811296369180786,0.031811296369180786,0.0,2020-04
10,2321,2021-12-09,2021—2023,9,1929,2020-04-29,2020-04-30,2020-05-12,0.018311414126517933,0.018311414126517933,0.0,2020-04
10,2321,2021-12-09,2021—2023,9,1949,2020-06-01,2020-06-02,2020-06-09,0.011023687201856314,0.011023687201856314,0.0,2020-06
10,2321,2021-12-09,2021—2023,9,1950,2020-06-02,2020-06-03,2020-06-10,0.008687979081230868,0.008687979081230868,0.0,2020-06
10,2321,2021-12-09,2021—2023,9,1951,2020-06-03,2020-06-04,2020-06-11,0.007454039660731215,0.007454039660731215,0.0,2020-06
10,2321,2021-12-09,2021—2023,9,1952,2020-06-04,2020-06-05,2020-06-12,-0.007071336667442085,0.0,-0.007071336667442085,2020-06
10,2321,2021-12-09,2021—2023,9,1953,2020-06-05,2020-06-08,2020-06-15,-0.012467360881734169,0.0,-0.012467360881734169,2020-06
10,2321,2021-12-09,2021—2023,9,1954,2020-06-08,2020-06-09,2020-06-16,-0.01022375859782676,0.0,-0.01022375859782676,2020-06
10,2321,2021-12-09,2021—2023,9,1955,2020-06-09,2020-06-10,2020-06-17,-0.009434744620670177,0.0,-0.009434744620670177,2020-06
10,2321,2021-12-09,2021—2023,9,1956,2020-06-10,2020-06-11,2020-06-18,-0.008223159473209285,0.0,-0.008223159473209285,2020-06
10,2321,2021-12-09,2021—2023,9,1957,2020-06-11,2020-06-12,2020-06-19,0.019103704962795565,0.019103704962795565,0.0,2020-06
10,2321,2021-12-09,2021—2023,9,1958,2020-06-12,2020-06-15,2020-06-22,0.027777549291372106,0.027777549291372106,0.0,2020-06
10,2321,2021-12-09,2021—2023,9,1959,2020-06-15,2020-06-16,2020-06-23,0.023187124250074964,0.023187124250074964,0.0,2020-06
10,2321,2021-12-09,2021—2023,9,1960,2020-06-16,2020-06-17,2020-06-24,0.02601116075309018,0.02601116075309018,0.0,2020-06
10,2321,2021-12-09,2021—2023,9,1961,2020-06-17,2020-06-18,2020-06-29,0.030782808827688246,0.030782808827688246,0.0,2020-06
10,2321,2021-12-09,2021—2023,9,1962,2020-06-18,2020-06-19,2020-06-30,0.020884568490729505,0.020884568490729505,0.0,2020-06
10,2321,2021-12-09,2021—2023,9,1963,2020-06-19,2020-06-22,2020-07-01,0.016704559052291623,0.016704559052291623,0.0,2020-06
10,2321,2021-12-09,2021—2023,9,1964,2020-06-22,2020-06-23,2020-07-02,0.038146008344530635,0.038146008344530635,0.0,2020-06
10,2321,2021-12-09,2021—2023,9,1965,2020-06-23,2020-06-24,2020-07-03,0.05660067616689757,0.05660067616689757,0.0,2020-06
10,2321,2021-12-09,2021—2023,9,1966,2020-06-24,2020-06-29,2020-07-06,0.08745700275846335,0.08745700275846335,0.0,2020-06
10,2321,2021-12-09,2021—2023,9,1967,2020-06-29,2020-06-30,2020-07-07,0.1587162871427399,0.1587162871427399,0.0,2020-06
10,2321,2021-12-09,2021—2023,9,1968,2020-06-30,2020-07-01,2020-07-08,0.12719902497016466,0.12719902497016466,0.0,2020-06
10,2321,2021-12-09,2021—2023,9,1969,2020-07-01,2020-07-02,2020-07-09,0.11980555146362537,0.11980555146362537,0.0,2020-07
10,2321,2021-12-09,2021—2023,9,1970,2020-07-02,2020-07-03,2020-07-10,0.09978026552986186,0.09978026552986186,0.0,2020-07
10,2321,2021-12-09,2021—2023,9,1971,2020-07-03,2020-07-06,2020-07-13,0.05321710680246894,0.05321710680246894,0.0,2020-07
10,2321,2021-12-09,2021—2023,9,1972,2020-07-06,2020-07-07,2020-07-14,0.008724400832290646,0.008724400832290646,0.0,2020-07
10,2321,2021-12-09,2021—2023,9,1973,2020-07-07,2020-07-08,2020-07-15,0.023658483430852417,0.023658483430852417,0.0,2020-07
10,2321,2021-12-09,2021—2023,9,1974,2020-07-08,2020-07-09,2020-07-16,-0.00412965411627475,0.0,-0.00412965411627475,2020-07
10,2321,2021-12-09,2021—2023,9,1975,2020-07-09,2020-07-10,2020-07-17,-0.05815621304647656,0.0,-0.05815621304647656,2020-07
10,2321,2021-12-09,2021—2023,9,1976,2020-07-10,2020-07-13,2020-07-20,-0.031065827272600433,0.0,-0.031065827272600433,2020-07
10,2321,2021-12-09,2021—2023,9,1977,2020-07-13,2020-07-14,2020-07-21,-0.02904417913293511,0.0,-0.02904417913293511,2020-07
10,2321,2021-12-09,2021—2023,9,1978,2020-07-14,2020-07-15,2020-07-22,-0.029142875224011155,0.0,-0.029142875224011155,2020-07
10,2321,2021-12-09,2021—2023,9,1979,2020-07-15,2020-07-16,2020-07-23,-0.012885940514305139,0.0,-0.012885940514305139,2020-07
10,2321,2021-12-09,2021—2023,9,1980,2020-07-16,2020-07-17,2020-07-24,0.031087368331355947,0.031087368331355947,0.0,2020-07
10,2321,2021-12-09,2021—2023,9,1981,2020-07-17,2020-07-20,2020-07-27,-0.01669409622221618,0.0,-0.01669409622221618,2020-07
10,2321,2021-12-09,2021—2023,9,1982,2020-07-20,2020-07-21,2020-07-28,-0.031065739459369746,0.0,-0.031065739459369746,2020-07
10,2321,2021-12-09,2021—2023,9,1983,2020-07-21,2020-07-22,2020-07-29,-0.02969781055278964,0.0,-0.02969781055278964,2020-07
10,2321,2021-12-09,2021—2023,9,1984,2020-07-22,2020-07-23,2020-07-30,-0.0012206619353523074,0.0,-0.0012206619353523074,2020-07
10,2321,2021-12-09,2021—2023,9,1985,2020-07-23,2020-07-24,2020-07-31,-0.006290952230395108,0.0,-0.006290952230395108,2020-07
10,2321,2021-12-09,2021—2023,9,1986,2020-07-24,2020-07-27,2020-08-03,0.04210408251694964,0.04210408251694964,0.0,2020-07
10,2321,2021-12-09,2021—2023,9,1987,2020-07-27,2020-07-28,2020-08-04,0.047646395987059664,0.047646395987059664,0.0,2020-07
10,2321,2021-12-09,2021—2023,9,1988,2020-07-28,2020-07-29,2020-08-05,0.044066798443312516,0.044066798443312516,0.0,2020-07
10,2321,2021-12-09,2021—2023,9,1989,2020-07-29,2020-07-30,2020-08-06,0.01412003022135,0.01412003022135,0.0,2020-07
10,2321,2021-12-09,2021—2023,9,1990,2020-07-30,2020-07-31,2020-08-07,0.01678963621338303,0.01678963621338303,0.0,2020-07
10,2321,2021-12-09,2021—2023,9,2314,2021-11-30,2021-12-01,2021-12-08,0.01647697308383389,0.01647697308383389,0.0,2021-11
10,2321,2021-12-09,2021—2023,9,2315,2021-12-01,2021-12-02,2021-12-09,0.02902416698295296,0.02902416698295296,0.0,2021-12
10,2327,2021-12-17,2021—2023,9,1830,2019-12-02,2019-12-03,2019-12-10,0.012557239315071023,0.012557239315071023,0.0,2019-12
10,2327,2021-12-17,2021—2023,9,1831,2019-12-03,2019-12-04,2019-12-11,0.013539461264674424,0.013539461264674424,0.0,2019-12
10,2327,2021-12-17,2021—2023,9,1832,2019-12-04,2019-12-05,2019-12-12,0.00786212903373662,0.00786212903373662,0.0,2019-12
10,2327,2021-12-17,2021—2023,9,1833,2019-12-05,2019-12-06,2019-12-13,0.007811667632845465,0.007811667632845465,0.0,2019-12
10,2327,2021-12-17,2021—2023,9,1834,2019-12-06,2019-12-09,2019-12-16,0.013049389815862122,0.013049389815862122,0.0,2019-12
10,2327,2021-12-17,2021—2023,9,1835,2019-12-09,2019-12-10,2019-12-17,0.020961336984193668,0.020961336984193668,0.0,2019-12
10,2327,2021-12-17,2021—2023,9,1836,2019-12-10,2019-12-11,2019-12-18,0.03296745817801905,0.03296745817801905,0.0,2019-12
10,2327,2021-12-17,2021—2023,9,1837,2019-12-11,2019-12-12,2019-12-19,0.029905579381563685,0.029905579381563685,0.0,2019-12
10,2327,2021-12-17,2021—2023,9,1838,2019-12-12,2019-12-13,2019-12-20,0.021076905286765202,0.021076905286765202,0.0,2019-12
10,2327,2021-12-17,2021—2023,9,1839,2019-12-13,2019-12-16,2019-12-23,0.009013669777619082,0.009013669777619082,0.0,2019-12
10,2327,2021-12-17,2021—2023,9,1840,2019-12-16,2019-12-17,2019-12-24,-0.0060691946225025495,0.0,-0.0060691946225025495,2019-12
10,2327,2021-12-17,2021—2023,9,1841,2019-12-17,2019-12-18,2019-12-25,-0.017337827714763887,0.0,-0.017337827714763887,2019-12
10,2327,2021-12-17,2021—2023,9,1842,2019-12-18,2019-12-19,2019-12-26,-0.013181344562546826,0.0,-0.013181344562546826,2019-12
10,2327,2021-12-17,2021—2023,9,1843,2019-12-19,2019-12-20,2019-12-27,-0.0017929210025733333,0.0,-0.0017929210025733333,2019-12
10,2327,2021-12-17,2021—2023,9,1844,2019-12-20,2019-12-23,2019-12-30,-0.005522268704458377,0.0,-0.005522268704458377,2019-12
10,2327,2021-12-17,2021—2023,9,1845,2019-12-23,2019-12-24,2019-12-31,0.023116679254224337,0.023116679254224337,0.0,2019-12
10,2327,2021-12-17,2021—2023,9,1846,2019-12-24,2019-12-25,2020-01-02,0.030761924360363624,0.030761924360363624,0.0,2019-12
10,2327,2021-12-17,2021—2023,9,1847,2019-12-25,2019-12-26,2020-01-03,0.03873792331301895,0.03873792331301895,0.0,2019-12
10,2327,2021-12-17,2021—2023,9,1848,2019-12-26,2019-12-27,2020-01-06,0.02176290774013001,0.02176290774013001,0.0,2019-12
10,2327,2021-12-17,2021—2023,9,1849,2019-12-27,2019-12-30,2020-01-07,0.02859589148633712,0.02859589148633712,0.0,2019-12
10,2327,2021-12-17,2021—2023,9,1850,2019-12-30,2019-12-31,2020-01-08,0.01293503217269798,0.01293503217269798,0.0,2019-12
10,2327,2021-12-17,2021—2023,9,1909,2020-03-31,2020-04-01,2020-04-09,0.028893022943494495,0.028893022943494495,0.0,2020-03
10,2327,2021-12-17,2021—2023,9,1910,2020-04-01,2020-04-02,2020-04-10,0.029214529371211606,0.029214529371211606,0.0,2020-04
10,2327,2021-12-17,2021—2023,9,1911,2020-04-02,2020-04-03,2020-04-13,0.007809477178434054,0.007809477178434054,0.0,2020-04
10,2327,2021-12-17,2021—2023,9,1912,2020-04-03,2020-04-07,2020-04-14,-0.0029233790012155314,0.0,-0.0029233790012155314,2020-04
10,2327,2021-12-17,2021—2023,9,1913,2020-04-07,2020-04-08,2020-04-15,0.0074165559240495504,0.0074165559240495504,0.0,2020-04
10,2327,2021-12-17,2021—2023,9,1914,2020-04-08,2020-04-09,2020-04-16,-0.005815480941044893,0.0,-0.005815480941044893,2020-04
10,2327,2021-12-17,2021—2023,9,1915,2020-04-09,2020-04-10,2020-04-17,0.007130481140876999,0.007130481140876999,0.0,2020-04
10,2327,2021-12-17,2021—2023,9,1916,2020-04-10,2020-04-13,2020-04-20,0.017299846177671663,0.017299846177671663,0.0,2020-04
10,2327,2021-12-17,2021—2023,9,1917,2020-04-13,2020-04-14,2020-04-21,0.01300436254828563,0.01300436254828563,0.0,2020-04
10,2327,2021-12-17,2021—2023,9,1918,2020-04-14,2020-04-15,2020-04-22,-0.009718769357575874,0.0,-0.009718769357575874,2020-04
10,2327,2021-12-17,2021—2023,9,1919,2020-04-15,2020-04-16,2020-04-23,0.013497303781190295,0.013497303781190295,0.0,2020-04
10,2327,2021-12-17,2021—2023,9,1920,2020-04-16,2020-04-17,2020-04-24,-0.004725296890149,0.0,-0.004725296890149,2020-04
10,2327,2021-12-17,2021—2023,9,1921,2020-04-17,2020-04-20,2020-04-27,-0.011756968230984377,0.0,-0.011756968230984377,2020-04
10,2327,2021-12-17,2021—2023,9,1922,2020-04-20,2020-04-21,2020-04-28,-0.0028900573661749807,0.0,-0.0028900573661749807,2020-04
10,2327,2021-12-17,2021—2023,9,1923,2020-04-21,2020-04-22,2020-04-29,0.009501354097536385,0.009501354097536385,0.0,2020-04
10,2327,2021-12-17,2021—2023,9,1924,2020-04-22,2020-04-23,2020-04-30,0.0057123136147001485,0.0057123136147001485,0.0,2020-04
10,2327,2021-12-17,2021—2023,9,1925,2020-04-23,2020-04-24,2020-05-06,0.012309744168456982,0.012309744168456982,0.0,2020-04
10,2327,2021-12-17,2021—2023,9,1926,2020-04-24,2020-04-27,2020-05-07,0.030260814536145375,0.030260814536145375,0.0,2020-04
10,2327,2021-12-17,2021—2023,9,1927,2020-04-27,2020-04-28,2020-05-08,0.025591332504655062,0.025591332504655062,0.0,2020-04
10,2327,2021-12-17,2021—2023,9,1928,2020-04-28,2020-04-29,2020-05-11,0.031811296369180786,0.031811296369180786,0.0,2020-04
10,2327,2021-12-17,2021—2023,9,1929,2020-04-29,2020-04-30,2020-05-12,0.018311414126517933,0.018311414126517933,0.0,2020-04
10,2327,2021-12-17,2021—2023,9,1949,2020-06-01,2020-06-02,2020-06-09,0.011023687201856314,0.011023687201856314,0.0,2020-06
10,2327,2021-12-17,2021—2023,9,1950,2020-06-02,2020-06-03,2020-06-10,0.008687979081230868,0.008687979081230868,0.0,2020-06
10,2327,2021-12-17,2021—2023,9,1951,2020-06-03,2020-06-04,2020-06-11,0.007454039660731215,0.007454039660731215,0.0,2020-06
10,2327,2021-12-17,2021—2023,9,1952,2020-06-04,2020-06-05,2020-06-12,-0.007071336667442085,0.0,-0.007071336667442085,2020-06
10,2327,2021-12-17,2021—2023,9,1953,2020-06-05,2020-06-08,2020-06-15,-0.012467360881734169,0.0,-0.012467360881734169,2020-06
10,2327,2021-12-17,2021—2023,9,1954,2020-06-08,2020-06-09,2020-06-16,-0.01022375859782676,0.0,-0.01022375859782676,2020-06
10,2327,2021-12-17,2021—2023,9,1955,2020-06-09,2020-06-10,2020-06-17,-0.009434744620670177,0.0,-0.009434744620670177,2020-06
10,2327,2021-12-17,2021—2023,9,1956,2020-06-10,2020-06-11,2020-06-18,-0.008223159473209285,0.0,-0.008223159473209285,2020-06
10,2327,2021-12-17,2021—2023,9,1957,2020-06-11,2020-06-12,2020-06-19,0.019103704962795565,0.019103704962795565,0.0,2020-06
10,2327,2021-12-17,2021—2023,9,1958,2020-06-12,2020-06-15,2020-06-22,0.027777549291372106,0.027777549291372106,0.0,2020-06
10,2327,2021-12-17,2021—2023,9,1959,2020-06-15,2020-06-16,2020-06-23,0.023187124250074964,0.023187124250074964,0.0,2020-06
10,2327,2021-12-17,2021—2023,9,1960,2020-06-16,2020-06-17,2020-06-24,0.02601116075309018,0.02601116075309018,0.0,2020-06
10,2327,2021-12-17,2021—2023,9,1961,2020-06-17,2020-06-18,2020-06-29,0.030782808827688246,0.030782808827688246,0.0,2020-06
10,2327,2021-12-17,2021—2023,9,1962,2020-06-18,2020-06-19,2020-06-30,0.020884568490729505,0.020884568490729505,0.0,2020-06
10,2327,2021-12-17,2021—2023,9,1963,2020-06-19,2020-06-22,2020-07-01,0.016704559052291623,0.016704559052291623,0.0,2020-06
10,2327,2021-12-17,2021—2023,9,1964,2020-06-22,2020-06-23,2020-07-02,0.038146008344530635,0.038146008344530635,0.0,2020-06
10,2327,2021-12-17,2021—2023,9,1965,2020-06-23,2020-06-24,2020-07-03,0.05660067616689757,0.05660067616689757,0.0,2020-06
10,2327,2021-12-17,2021—2023,9,1966,2020-06-24,2020-06-29,2020-07-06,0.08745700275846335,0.08745700275846335,0.0,2020-06
10,2327,2021-12-17,2021—2023,9,1967,2020-06-29,2020-06-30,2020-07-07,0.1587162871427399,0.1587162871427399,0.0,2020-06
10,2327,2021-12-17,2021—2023,9,1968,2020-06-30,2020-07-01,2020-07-08,0.12719902497016466,0.12719902497016466,0.0,2020-06
10,2327,2021-12-17,2021—2023,9,1969,2020-07-01,2020-07-02,2020-07-09,0.11980555146362537,0.11980555146362537,0.0,2020-07
10,2327,2021-12-17,2021—2023,9,1970,2020-07-02,2020-07-03,2020-07-10,0.09978026552986186,0.09978026552986186,0.0,2020-07
10,2327,2021-12-17,2021—2023,9,1971,2020-07-03,2020-07-06,2020-07-13,0.05321710680246894,0.05321710680246894,0.0,2020-07
10,2327,2021-12-17,2021—2023,9,1972,2020-07-06,2020-07-07,2020-07-14,0.008724400832290646,0.008724400832290646,0.0,2020-07
10,2327,2021-12-17,2021—2023,9,1973,2020-07-07,2020-07-08,2020-07-15,0.023658483430852417,0.023658483430852417,0.0,2020-07
10,2327,2021-12-17,2021—2023,9,1974,2020-07-08,2020-07-09,2020-07-16,-0.00412965411627475,0.0,-0.00412965411627475,2020-07
10,2327,2021-12-17,2021—2023,9,1975,2020-07-09,2020-07-10,2020-07-17,-0.05815621304647656,0.0,-0.05815621304647656,2020-07
10,2327,2021-12-17,2021—2023,9,1976,2020-07-10,2020-07-13,2020-07-20,-0.031065827272600433,0.0,-0.031065827272600433,2020-07
10,2327,2021-12-17,2021—2023,9,1977,2020-07-13,2020-07-14,2020-07-21,-0.02904417913293511,0.0,-0.02904417913293511,2020-07
10,2327,2021-12-17,2021—2023,9,1978,2020-07-14,2020-07-15,2020-07-22,-0.029142875224011155,0.0,-0.029142875224011155,2020-07
10,2327,2021-12-17,2021—2023,9,1979,2020-07-15,2020-07-16,2020-07-23,-0.012885940514305139,0.0,-0.012885940514305139,2020-07
10,2327,2021-12-17,2021—2023,9,1980,2020-07-16,2020-07-17,2020-07-24,0.031087368331355947,0.031087368331355947,0.0,2020-07
10,2327,2021-12-17,2021—2023,9,1981,2020-07-17,2020-07-20,2020-07-27,-0.01669409622221618,0.0,-0.01669409622221618,2020-07
10,2327,2021-12-17,2021—2023,9,1982,2020-07-20,2020-07-21,2020-07-28,-0.031065739459369746,0.0,-0.031065739459369746,2020-07
10,2327,2021-12-17,2021—2023,9,1983,2020-07-21,2020-07-22,2020-07-29,-0.02969781055278964,0.0,-0.02969781055278964,2020-07
10,2327,2021-12-17,2021—2023,9,1984,2020-07-22,2020-07-23,2020-07-30,-0.0012206619353523074,0.0,-0.0012206619353523074,2020-07
10,2327,2021-12-17,2021—2023,9,1985,2020-07-23,2020-07-24,2020-07-31,-0.006290952230395108,0.0,-0.006290952230395108,2020-07
10,2327,2021-12-17,2021—2023,9,1986,2020-07-24,2020-07-27,2020-08-03,0.04210408251694964,0.04210408251694964,0.0,2020-07
10,2327,2021-12-17,2021—2023,9,1987,2020-07-27,2020-07-28,2020-08-04,0.047646395987059664,0.047646395987059664,0.0,2020-07
10,2327,2021-12-17,2021—2023,9,1988,2020-07-28,2020-07-29,2020-08-05,0.044066798443312516,0.044066798443312516,0.0,2020-07
10,2327,2021-12-17,2021—2023,9,1989,2020-07-29,2020-07-30,2020-08-06,0.01412003022135,0.01412003022135,0.0,2020-07
10,2327,2021-12-17,2021—2023,9,1990,2020-07-30,2020-07-31,2020-08-07,0.01678963621338303,0.01678963621338303,0.0,2020-07
10,2327,2021-12-17,2021—2023,9,2314,2021-11-30,2021-12-01,2021-12-08,0.01647697308383389,0.01647697308383389,0.0,2021-11
10,2327,2021-12-17,2021—2023,9,2315,2021-12-01,2021-12-02,2021-12-09,0.02902416698295296,0.02902416698295296,0.0,2021-12
10,2327,2021-12-17,2021—2023,9,2316,2021-12-02,2021-12-03,2021-12-10,0.03925734828562977,0.03925734828562977,0.0,2021-12
10,2327,2021-12-17,2021—2023,9,2317,2021-12-03,2021-12-06,2021-12-13,0.034063134321166144,0.034063134321166144,0.0,2021-12
10,2327,2021-12-17,2021—2023,9,2318,2021-12-06,2021-12-07,2021-12-14,0.02537936825269904,0.02537936825269904,0.0,2021-12
10,2327,2021-12-17,2021—2023,9,2319,2021-12-07,2021-12-08,2021-12-15,0.01933182442163761,0.01933182442163761,0.0,2021-12
10,2327,2021-12-17,2021—2023,9,2320,2021-12-08,2021-12-09,2021-12-16,-0.0023719859027278023,0.0,-0.0023719859027278023,2021-12
10,2327,2021-12-17,2021—2023,9,2321,2021-12-09,2021-12-10,2021-12-17,-0.01186093828151391,0.0,-0.01186093828151391,2021-12
10,2373,2022-03-01,2021—2023,8,1953,2020-06-05,2020-06-08,2020-06-15,-0.012467360881734169,0.0,-0.012467360881734169,2020-06
10,2373,2022-03-01,2021—2023,8,1954,2020-06-08,2020-06-09,2020-06-16,-0.01022375859782676,0.0,-0.01022375859782676,2020-06
10,2373,2022-03-01,2021—2023,8,1955,2020-06-09,2020-06-10,2020-06-17,-0.009434744620670177,0.0,-0.009434744620670177,2020-06
10,2373,2022-03-01,2021—2023,8,1956,2020-06-10,2020-06-11,2020-06-18,-0.008223159473209285,0.0,-0.008223159473209285,2020-06
10,2373,2022-03-01,2021—2023,8,1958,2020-06-12,2020-06-15,2020-06-22,0.027777549291372106,0.027777549291372106,0.0,2020-06
10,2373,2022-03-01,2021—2023,8,1959,2020-06-15,2020-06-16,2020-06-23,0.023187124250074964,0.023187124250074964,0.0,2020-06
10,2373,2022-03-01,2021—2023,8,1960,2020-06-16,2020-06-17,2020-06-24,0.02601116075309018,0.02601116075309018,0.0,2020-06
10,2373,2022-03-01,2021—2023,8,1961,2020-06-17,2020-06-18,2020-06-29,0.030782808827688246,0.030782808827688246,0.0,2020-06
10,2373,2022-03-01,2021—2023,8,1962,2020-06-18,2020-06-19,2020-06-30,0.020884568490729505,0.020884568490729505,0.0,2020-06
10,2373,2022-03-01,2021—2023,8,1963,2020-06-19,2020-06-22,2020-07-01,0.016704559052291623,0.016704559052291623,0.0,2020-06
10,2373,2022-03-01,2021—2023,8,1964,2020-06-22,2020-06-23,2020-07-02,0.038146008344530635,0.038146008344530635,0.0,2020-06
10,2373,2022-03-01,2021—2023,8,1965,2020-06-23,2020-06-24,2020-07-03,0.05660067616689757,0.05660067616689757,0.0,2020-06
10,2373,2022-03-01,2021—2023,8,1966,2020-06-24,2020-06-29,2020-07-06,0.08745700275846335,0.08745700275846335,0.0,2020-06
10,2373,2022-03-01,2021—2023,8,1967,2020-06-29,2020-06-30,2020-07-07,0.1587162871427399,0.1587162871427399,0.0,2020-06
10,2373,2022-03-01,2021—2023,8,1968,2020-06-30,2020-07-01,2020-07-08,0.12719902497016466,0.12719902497016466,0.0,2020-06
10,2373,2022-03-01,2021—2023,8,1969,2020-07-01,2020-07-02,2020-07-09,0.11980555146362537,0.11980555146362537,0.0,2020-07
10,2373,2022-03-01,2021—2023,8,1970,2020-07-02,2020-07-03,2020-07-10,0.09978026552986186,0.09978026552986186,0.0,2020-07
10,2373,2022-03-01,2021—2023,8,1971,2020-07-03,2020-07-06,2020-07-13,0.05321710680246894,0.05321710680246894,0.0,2020-07
10,2373,2022-03-01,2021—2023,8,1972,2020-07-06,2020-07-07,2020-07-14,0.008724400832290646,0.008724400832290646,0.0,2020-07
10,2373,2022-03-01,2021—2023,8,1973,2020-07-07,2020-07-08,2020-07-15,0.023658483430852417,0.023658483430852417,0.0,2020-07
10,2373,2022-03-01,2021—2023,8,1974,2020-07-08,2020-07-09,2020-07-16,-0.00412965411627475,0.0,-0.00412965411627475,2020-07
10,2373,2022-03-01,2021—2023,8,1975,2020-07-09,2020-07-10,2020-07-17,-0.05815621304647656,0.0,-0.05815621304647656,2020-07
10,2373,2022-03-01,2021—2023,8,1976,2020-07-10,2020-07-13,2020-07-20,-0.031065827272600433,0.0,-0.031065827272600433,2020-07
10,2373,2022-03-01,2021—2023,8,1977,2020-07-13,2020-07-14,2020-07-21,-0.02904417913293511,0.0,-0.02904417913293511,2020-07
10,2373,2022-03-01,2021—2023,8,1978,2020-07-14,2020-07-15,2020-07-22,-0.029142875224011155,0.0,-0.029142875224011155,2020-07
10,2373,2022-03-01,2021—2023,8,1979,2020-07-15,2020-07-16,2020-07-23,-0.012885940514305139,0.0,-0.012885940514305139,2020-07
10,2373,2022-03-01,2021—2023,8,1980,2020-07-16,2020-07-17,2020-07-24,0.031087368331355947,0.031087368331355947,0.0,2020-07
10,2373,2022-03-01,2021—2023,8,1981,2020-07-17,2020-07-20,2020-07-27,-0.01669409622221618,0.0,-0.01669409622221618,2020-07
10,2373,2022-03-01,2021—2023,8,1982,2020-07-20,2020-07-21,2020-07-28,-0.031065739459369746,0.0,-0.031065739459369746,2020-07
10,2373,2022-03-01,2021—2023,8,1983,2020-07-21,2020-07-22,2020-07-29,-0.02969781055278964,0.0,-0.02969781055278964,2020-07
10,2373,2022-03-01,2021—2023,8,1984,2020-07-22,2020-07-23,2020-07-30,-0.0012206619353523074,0.0,-0.0012206619353523074,2020-07
10,2373,2022-03-01,2021—2023,8,1985,2020-07-23,2020-07-24,2020-07-31,-0.006290952230395108,0.0,-0.006290952230395108,2020-07
10,2373,2022-03-01,2021—2023,8,1986,2020-07-24,2020-07-27,2020-08-03,0.04210408251694964,0.04210408251694964,0.0,2020-07
10,2373,2022-03-01,2021—2023,8,1987,2020-07-27,2020-07-28,2020-08-04,0.047646395987059664,0.047646395987059664,0.0,2020-07
10,2373,2022-03-01,2021—2023,8,1988,2020-07-28,2020-07-29,2020-08-05,0.044066798443312516,0.044066798443312516,0.0,2020-07
10,2373,2022-03-01,2021—2023,8,1989,2020-07-29,2020-07-30,2020-08-06,0.01412003022135,0.01412003022135,0.0,2020-07
10,2373,2022-03-01,2021—2023,8,1990,2020-07-30,2020-07-31,2020-08-07,0.01678963621338303,0.01678963621338303,0.0,2020-07
10,2373,2022-03-01,2021—2023,8,2071,2020-11-30,2020-12-01,2020-12-08,0.010516516620055816,0.010516516620055816,0.0,2020-11
10,2373,2022-03-01,2021—2023,8,2072,2020-12-01,2020-12-02,2020-12-09,-0.01282655254729781,0.0,-0.01282655254729781,2020-12
10,2373,2022-03-01,2021—2023,8,2073,2020-12-02,2020-12-03,2020-12-10,-0.025721278129434255,0.0,-0.025721278129434255,2020-12
10,2373,2022-03-01,2021—2023,8,2074,2020-12-03,2020-12-04,2020-12-11,-0.022631602840720855,0.0,-0.022631602840720855,2020-12
10,2373,2022-03-01,2021—2023,8,2075,2020-12-04,2020-12-07,2020-12-14,-0.03808037608897363,0.0,-0.03808037608897363,2020-12
10,2373,2022-03-01,2021—2023,8,2076,2020-12-07,2020-12-08,2020-12-15,-0.022146766538386653,0.0,-0.022146766538386653,2020-12
10,2373,2022-03-01,2021—2023,8,2077,2020-12-08,2020-12-09,2020-12-16,-0.0178415205178466,0.0,-0.0178415205178466,2020-12
10,2373,2022-03-01,2021—2023,8,2078,2020-12-09,2020-12-10,2020-12-17,-0.000799680127948732,0.0,-0.000799680127948732,2020-12
10,2373,2022-03-01,2021—2023,8,2079,2020-12-10,2020-12-11,2020-12-18,0.010731083611123626,0.010731083611123626,0.0,2020-12
10,2373,2022-03-01,2021—2023,8,2080,2020-12-11,2020-12-14,2020-12-21,0.017718939821331547,0.017718939821331547,0.0,2020-12
10,2373,2022-03-01,2021—2023,8,2081,2020-12-14,2020-12-15,2020-12-22,0.017175140737228922,0.017175140737228922,0.0,2020-12
10,2373,2022-03-01,2021—2023,8,2087,2020-12-22,2020-12-23,2020-12-30,0.010685381020005824,0.010685381020005824,0.0,2020-12
10,2373,2022-03-01,2021—2023,8,2088,2020-12-23,2020-12-24,2020-12-31,0.0192630034600334,0.0192630034600334,0.0,2020-12
10,2373,2022-03-01,2021—2023,8,2089,2020-12-24,2020-12-25,2021-01-04,0.041458989526719225,0.041458989526719225,0.0,2020-12
10,2373,2022-03-01,2021—2023,8,2090,2020-12-25,2020-12-28,2021-01-05,0.037661137186391525,0.037661137186391525,0.0,2020-12
10,2373,2022-03-01,2021—2023,8,2091,2020-12-28,2020-12-29,2021-01-06,0.05689131812282855,0.05689131812282855,0.0,2020-12
10,2373,2022-03-01,2021—2023,8,2092,2020-12-29,2020-12-30,2021-01-07,0.07107399417090088,0.07107399417090088,0.0,2020-12
10,2373,2022-03-01,2021—2023,8,2093,2020-12-30,2020-12-31,2021-01-08,0.07768967884544287,0.07768967884544287,0.0,2020-12
10,2373,2022-03-01,2021—2023,8,2323,2021-12-13,2021-12-14,2021-12-21,-0.038684973220511454,0.0,-0.038684973220511454,2021-12
10,2373,2022-03-01,2021—2023,8,2324,2021-12-14,2021-12-15,2021-12-22,-0.027894655637549892,0.0,-0.027894655637549892,2021-12
10,2373,2022-03-01,2021—2023,8,2325,2021-12-15,2021-12-16,2021-12-23,-0.02043805119461628,0.0,-0.02043805119461628,2021-12
10,2373,2022-03-01,2021—2023,8,2326,2021-12-16,2021-12-17,2021-12-24,-0.017244199498884005,0.0,-0.017244199498884005,2021-12
10,2373,2022-03-01,2021—2023,8,2327,2021-12-17,2021-12-20,2021-12-27,-0.007361592676362272,0.0,-0.007361592676362272,2021-12
10,2373,2022-03-01,2021—2023,8,2328,2021-12-20,2021-12-21,2021-12-28,0.0066570386770663514,0.0066570386770663514,0.0,2021-12
10,2435,2022-06-02,2021—2023,4,1950,2020-06-02,2020-06-03,2020-06-10,0.008687979081230868,0.008687979081230868,0.0,2020-06
10,2435,2022-06-02,2021—2023,4,1951,2020-06-03,2020-06-04,2020-06-11,0.007454039660731215,0.007454039660731215,0.0,2020-06
10,2435,2022-06-02,2021—2023,4,1966,2020-06-24,2020-06-29,2020-07-06,0.08745700275846335,0.08745700275846335,0.0,2020-06
10,2435,2022-06-02,2021—2023,4,1967,2020-06-29,2020-06-30,2020-07-07,0.1587162871427399,0.1587162871427399,0.0,2020-06
10,2435,2022-06-02,2021—2023,4,1968,2020-06-30,2020-07-01,2020-07-08,0.12719902497016466,0.12719902497016466,0.0,2020-06
10,2435,2022-06-02,2021—2023,4,1985,2020-07-23,2020-07-24,2020-07-31,-0.006290952230395108,0.0,-0.006290952230395108,2020-07
10,2435,2022-06-02,2021—2023,4,2034,2020-09-30,2020-10-09,2020-10-16,0.027320007248898825,0.027320007248898825,0.0,2020-09
10,2435,2022-06-02,2021—2023,4,2035,2020-10-09,2020-10-12,2020-10-19,0.021195295466719166,0.021195295466719166,0.0,2020-10
10,2435,2022-06-02,2021—2023,4,2036,2020-10-12,2020-10-13,2020-10-20,-0.018565964172271077,0.0,-0.018565964172271077,2020-10
10,2435,2022-06-02,2021—2023,4,2037,2020-10-13,2020-10-14,2020-10-21,-0.009985382762114692,0.0,-0.009985382762114692,2020-10
10,2435,2022-06-02,2021—2023,4,2041,2020-10-19,2020-10-20,2020-10-27,-0.018227592683856764,0.0,-0.018227592683856764,2020-10
10,2435,2022-06-02,2021—2023,4,2042,2020-10-20,2020-10-21,2020-10-28,-0.021976147812479918,0.0,-0.021976147812479918,2020-10
10,2435,2022-06-02,2021—2023,4,2043,2020-10-21,2020-10-22,2020-10-29,-0.020375681445302107,0.0,-0.020375681445302107,2020-10
10,2435,2022-06-02,2021—2023,4,2044,2020-10-22,2020-10-23,2020-10-30,-0.0016259776841796025,0.0,-0.0016259776841796025,2020-10
10,2435,2022-06-02,2021—2023,4,2045,2020-10-23,2020-10-26,2020-11-02,-0.0024783030928746674,0.0,-0.0024783030928746674,2020-10
10,2435,2022-06-02,2021—2023,4,2046,2020-10-26,2020-10-27,2020-11-03,0.01036810075632344,0.01036810075632344,0.0,2020-10
10,2435,2022-06-02,2021—2023,4,2047,2020-10-27,2020-10-28,2020-11-04,0.014501688311459482,0.014501688311459482,0.0,2020-10
10,2435,2022-06-02,2021—2023,4,2048,2020-10-28,2020-10-29,2020-11-05,0.030871026904099708,0.030871026904099708,0.0,2020-10
10,2435,2022-06-02,2021—2023,4,2049,2020-10-29,2020-10-30,2020-11-06,0.021895350882979336,0.021895350882979336,0.0,2020-10
10,2435,2022-06-02,2021—2023,4,2071,2020-11-30,2020-12-01,2020-12-08,0.010516516620055816,0.010516516620055816,0.0,2020-11
10,2435,2022-06-02,2021—2023,4,2075,2020-12-04,2020-12-07,2020-12-14,-0.03808037608897363,0.0,-0.03808037608897363,2020-12
10,2435,2022-06-02,2021—2023,4,2077,2020-12-08,2020-12-09,2020-12-16,-0.0178415205178466,0.0,-0.0178415205178466,2020-12
10,2435,2022-06-02,2021—2023,4,2078,2020-12-09,2020-12-10,2020-12-17,-0.000799680127948732,0.0,-0.000799680127948732,2020-12
10,2435,2022-06-02,2021—2023,4,2079,2020-12-10,2020-12-11,2020-12-18,0.010731083611123626,0.010731083611123626,0.0,2020-12
10,2435,2022-06-02,2021—2023,4,2080,2020-12-11,2020-12-14,2020-12-21,0.017718939821331547,0.017718939821331547,0.0,2020-12
10,2435,2022-06-02,2021—2023,4,2081,2020-12-14,2020-12-15,2020-12-22,0.017175140737228922,0.017175140737228922,0.0,2020-12
10,2435,2022-06-02,2021—2023,4,2082,2020-12-15,2020-12-16,2020-12-23,0.0007907700429576892,0.0007907700429576892,0.0,2020-12
10,2435,2022-06-02,2021—2023,4,2083,2020-12-16,2020-12-17,2020-12-24,0.007149407540086639,0.007149407540086639,0.0,2020-12
10,2435,2022-06-02,2021—2023,4,2084,2020-12-17,2020-12-18,2020-12-25,-0.010211300095346543,0.0,-0.010211300095346543,2020-12
10,2435,2022-06-02,2021—2023,4,2085,2020-12-18,2020-12-21,2020-12-28,0.006692350684035953,0.006692350684035953,0.0,2020-12
10,2435,2022-06-02,2021—2023,4,2086,2020-12-21,2020-12-22,2020-12-29,0.004485022837094288,0.004485022837094288,0.0,2020-12
10,2435,2022-06-02,2021—2023,4,2089,2020-12-24,2020-12-25,2021-01-04,0.041458989526719225,0.041458989526719225,0.0,2020-12
10,2435,2022-06-02,2021—2023,4,2091,2020-12-28,2020-12-29,2021-01-06,0.05689131812282855,0.05689131812282855,0.0,2020-12
10,2435,2022-06-02,2021—2023,4,2092,2020-12-29,2020-12-30,2021-01-07,0.07107399417090088,0.07107399417090088,0.0,2020-12
10,2435,2022-06-02,2021—2023,4,2152,2021-03-31,2021-04-01,2021-04-09,0.004529914624430864,0.004529914624430864,0.0,2021-03
10,2435,2022-06-02,2021—2023,4,2154,2021-04-02,2021-04-06,2021-04-13,-0.046717748505926915,0.0,-0.046717748505926915,2021-04
10,2435,2022-06-02,2021—2023,4,2155,2021-04-06,2021-04-07,2021-04-14,-0.039066099843111046,0.0,-0.039066099843111046,2021-04
10,2435,2022-06-02,2021—2023,4,2156,2021-04-07,2021-04-08,2021-04-15,-0.02672742579791354,0.0,-0.02672742579791354,2021-04
10,2435,2022-06-02,2021—2023,4,2157,2021-04-08,2021-04-09,2021-04-16,-0.029594513890189855,0.0,-0.029594513890189855,2021-04
10,2435,2022-06-02,2021—2023,4,2158,2021-04-09,2021-04-12,2021-04-19,-0.016288079362849373,0.0,-0.016288079362849373,2021-04
10,2435,2022-06-02,2021—2023,4,2159,2021-04-12,2021-04-13,2021-04-20,0.022207558099765823,0.022207558099765823,0.0,2021-04
10,2435,2022-06-02,2021—2023,4,2160,2021-04-13,2021-04-14,2021-04-21,0.016535649206123493,0.016535649206123493,0.0,2021-04
10,2435,2022-06-02,2021—2023,4,2161,2021-04-14,2021-04-15,2021-04-22,0.025362664601833007,0.025362664601833007,0.0,2021-04
10,2435,2022-06-02,2021—2023,4,2162,2021-04-15,2021-04-16,2021-04-23,0.021543437419552447,0.021543437419552447,0.0,2021-04
10,2435,2022-06-02,2021—2023,4,2163,2021-04-16,2021-04-19,2021-04-26,0.03563369172878761,0.03563369172878761,0.0,2021-04
10,2435,2022-06-02,2021—2023,4,2164,2021-04-19,2021-04-20,2021-04-27,-0.0013901077347276969,0.0,-0.0013901077347276969,2021-04
10,2435,2022-06-02,2021—2023,4,2165,2021-04-20,2021-04-21,2021-04-28,0.0011769772803045253,0.0011769772803045253,0.0,2021-04
10,2435,2022-06-02,2021—2023,4,2166,2021-04-21,2021-04-22,2021-04-29,0.0021351161904534788,0.0021351161904534788,0.0,2021-04
10,2435,2022-06-02,2021—2023,4,2167,2021-04-22,2021-04-23,2021-04-30,0.012557037338396748,0.012557037338396748,0.0,2021-04
10,2435,2022-06-02,2021—2023,4,2168,2021-04-23,2021-04-26,2021-05-06,-0.011262510702525153,0.0,-0.011262510702525153,2021-04
10,2435,2022-06-02,2021—2023,4,2169,2021-04-26,2021-04-27,2021-05-07,-0.00453243790961777,0.0,-0.00453243790961777,2021-04
10,2435,2022-06-02,2021—2023,4,2170,2021-04-27,2021-04-28,2021-05-10,-0.016347607106458106,0.0,-0.016347607106458106,2021-04
10,2435,2022-06-02,2021—2023,4,2171,2021-04-28,2021-04-29,2021-05-11,-0.03427503170917057,0.0,-0.03427503170917057,2021-04
10,2435,2022-06-02,2021—2023,4,2172,2021-04-29,2021-04-30,2021-05-12,-0.03154728044915178,0.0,-0.03154728044915178,2021-04
10,2435,2022-06-02,2021—2023,4,2314,2021-11-30,2021-12-01,2021-12-08,0.01647697308383389,0.01647697308383389,0.0,2021-11
10,2435,2022-06-02,2021—2023,4,2315,2021-12-01,2021-12-02,2021-12-09,0.02902416698295296,0.02902416698295296,0.0,2021-12
10,2435,2022-06-02,2021—2023,4,2316,2021-12-02,2021-12-03,2021-12-10,0.03925734828562977,0.03925734828562977,0.0,2021-12
10,2435,2022-06-02,2021—2023,4,2317,2021-12-03,2021-12-06,2021-12-13,0.034063134321166144,0.034063134321166144,0.0,2021-12
10,2435,2022-06-02,2021—2023,4,2318,2021-12-06,2021-12-07,2021-12-14,0.02537936825269904,0.02537936825269904,0.0,2021-12
10,2435,2022-06-02,2021—2023,4,2319,2021-12-07,2021-12-08,2021-12-15,0.01933182442163761,0.01933182442163761,0.0,2021-12
10,2435,2022-06-02,2021—2023,4,2320,2021-12-08,2021-12-09,2021-12-16,-0.0023719859027278023,0.0,-0.0023719859027278023,2021-12
10,2435,2022-06-02,2021—2023,4,2321,2021-12-09,2021-12-10,2021-12-17,-0.01186093828151391,0.0,-0.01186093828151391,2021-12
10,2435,2022-06-02,2021—2023,4,2326,2021-12-16,2021-12-17,2021-12-24,-0.017244199498884005,0.0,-0.017244199498884005,2021-12
10,2435,2022-06-02,2021—2023,4,2333,2021-12-27,2021-12-28,2022-01-05,-0.007385182535733392,0.0,-0.007385182535733392,2021-12
10,2435,2022-06-02,2021—2023,4,2334,2021-12-28,2021-12-29,2022-01-06,-0.02324246210877612,0.0,-0.02324246210877612,2021-12
10,2435,2022-06-02,2021—2023,4,2375,2022-03-03,2022-03-04,2022-03-11,-0.06438515502889752,0.0,-0.06438515502889752,2022-03
10,2435,2022-06-02,2021—2023,4,2376,2022-03-04,2022-03-07,2022-03-14,-0.04981958829371502,0.0,-0.04981958829371502,2022-03
10,2435,2022-06-02,2021—2023,4,2389,2022-03-23,2022-03-24,2022-03-31,-0.005731103563274997,0.0,-0.005731103563274997,2022-03
10,2435,2022-06-02,2021—2023,4,2390,2022-03-24,2022-03-25,2022-04-01,-0.01678688524590155,0.0,-0.01678688524590155,2022-03
10,2435,2022-06-02,2021—2023,4,2391,2022-03-25,2022-03-28,2022-04-06,0.02310001343748591,0.02310001343748591,0.0,2022-03
10,2435,2022-06-02,2021—2023,4,2392,2022-03-28,2022-03-29,2022-04-07,0.0164941715621445,0.0164941715621445,0.0,2022-03
10,2435,2022-06-02,2021—2023,4,2393,2022-03-29,2022-03-30,2022-04-08,0.009771325900993277,0.009771325900993277,0.0,2022-03
10,2441,2022-06-13,2021—2023,4,1950,2020-06-02,2020-06-03,2020-06-10,0.008687979081230868,0.008687979081230868,0.0,2020-06
10,2441,2022-06-13,2021—2023,4,1951,2020-06-03,2020-06-04,2020-06-11,0.007454039660731215,0.007454039660731215,0.0,2020-06
10,2441,2022-06-13,2021—2023,4,1966,2020-06-24,2020-06-29,2020-07-06,0.08745700275846335,0.08745700275846335,0.0,2020-06
10,2441,2022-06-13,2021—2023,4,1967,2020-06-29,2020-06-30,2020-07-07,0.1587162871427399,0.1587162871427399,0.0,2020-06
10,2441,2022-06-13,2021—2023,4,1968,2020-06-30,2020-07-01,2020-07-08,0.12719902497016466,0.12719902497016466,0.0,2020-06
10,2441,2022-06-13,2021—2023,4,1985,2020-07-23,2020-07-24,2020-07-31,-0.006290952230395108,0.0,-0.006290952230395108,2020-07
10,2441,2022-06-13,2021—2023,4,2034,2020-09-30,2020-10-09,2020-10-16,0.027320007248898825,0.027320007248898825,0.0,2020-09
10,2441,2022-06-13,2021—2023,4,2035,2020-10-09,2020-10-12,2020-10-19,0.021195295466719166,0.021195295466719166,0.0,2020-10
10,2441,2022-06-13,2021—2023,4,2036,2020-10-12,2020-10-13,2020-10-20,-0.018565964172271077,0.0,-0.018565964172271077,2020-10
10,2441,2022-06-13,2021—2023,4,2037,2020-10-13,2020-10-14,2020-10-21,-0.009985382762114692,0.0,-0.009985382762114692,2020-10
10,2441,2022-06-13,2021—2023,4,2041,2020-10-19,2020-10-20,2020-10-27,-0.018227592683856764,0.0,-0.018227592683856764,2020-10
10,2441,2022-06-13,2021—2023,4,2042,2020-10-20,2020-10-21,2020-10-28,-0.021976147812479918,0.0,-0.021976147812479918,2020-10
10,2441,2022-06-13,2021—2023,4,2043,2020-10-21,2020-10-22,2020-10-29,-0.020375681445302107,0.0,-0.020375681445302107,2020-10
10,2441,2022-06-13,2021—2023,4,2044,2020-10-22,2020-10-23,2020-10-30,-0.0016259776841796025,0.0,-0.0016259776841796025,2020-10
10,2441,2022-06-13,2021—2023,4,2045,2020-10-23,2020-10-26,2020-11-02,-0.0024783030928746674,0.0,-0.0024783030928746674,2020-10
10,2441,2022-06-13,2021—2023,4,2046,2020-10-26,2020-10-27,2020-11-03,0.01036810075632344,0.01036810075632344,0.0,2020-10
10,2441,2022-06-13,2021—2023,4,2047,2020-10-27,2020-10-28,2020-11-04,0.014501688311459482,0.014501688311459482,0.0,2020-10
10,2441,2022-06-13,2021—2023,4,2048,2020-10-28,2020-10-29,2020-11-05,0.030871026904099708,0.030871026904099708,0.0,2020-10
10,2441,2022-06-13,2021—2023,4,2049,2020-10-29,2020-10-30,2020-11-06,0.021895350882979336,0.021895350882979336,0.0,2020-10
10,2441,2022-06-13,2021—2023,4,2071,2020-11-30,2020-12-01,2020-12-08,0.010516516620055816,0.010516516620055816,0.0,2020-11
10,2441,2022-06-13,2021—2023,4,2075,2020-12-04,2020-12-07,2020-12-14,-0.03808037608897363,0.0,-0.03808037608897363,2020-12
10,2441,2022-06-13,2021—2023,4,2077,2020-12-08,2020-12-09,2020-12-16,-0.0178415205178466,0.0,-0.0178415205178466,2020-12
10,2441,2022-06-13,2021—2023,4,2078,2020-12-09,2020-12-10,2020-12-17,-0.000799680127948732,0.0,-0.000799680127948732,2020-12
10,2441,2022-06-13,2021—2023,4,2079,2020-12-10,2020-12-11,2020-12-18,0.010731083611123626,0.010731083611123626,0.0,2020-12
10,2441,2022-06-13,2021—2023,4,2080,2020-12-11,2020-12-14,2020-12-21,0.017718939821331547,0.017718939821331547,0.0,2020-12
10,2441,2022-06-13,2021—2023,4,2081,2020-12-14,2020-12-15,2020-12-22,0.017175140737228922,0.017175140737228922,0.0,2020-12
10,2441,2022-06-13,2021—2023,4,2082,2020-12-15,2020-12-16,2020-12-23,0.0007907700429576892,0.0007907700429576892,0.0,2020-12
10,2441,2022-06-13,2021—2023,4,2083,2020-12-16,2020-12-17,2020-12-24,0.007149407540086639,0.007149407540086639,0.0,2020-12
10,2441,2022-06-13,2021—2023,4,2084,2020-12-17,2020-12-18,2020-12-25,-0.010211300095346543,0.0,-0.010211300095346543,2020-12
10,2441,2022-06-13,2021—2023,4,2085,2020-12-18,2020-12-21,2020-12-28,0.006692350684035953,0.006692350684035953,0.0,2020-12
10,2441,2022-06-13,2021—2023,4,2086,2020-12-21,2020-12-22,2020-12-29,0.004485022837094288,0.004485022837094288,0.0,2020-12
10,2441,2022-06-13,2021—2023,4,2089,2020-12-24,2020-12-25,2021-01-04,0.041458989526719225,0.041458989526719225,0.0,2020-12
10,2441,2022-06-13,2021—2023,4,2091,2020-12-28,2020-12-29,2021-01-06,0.05689131812282855,0.05689131812282855,0.0,2020-12
10,2441,2022-06-13,2021—2023,4,2092,2020-12-29,2020-12-30,2021-01-07,0.07107399417090088,0.07107399417090088,0.0,2020-12
10,2441,2022-06-13,2021—2023,4,2152,2021-03-31,2021-04-01,2021-04-09,0.004529914624430864,0.004529914624430864,0.0,2021-03
10,2441,2022-06-13,2021—2023,4,2154,2021-04-02,2021-04-06,2021-04-13,-0.046717748505926915,0.0,-0.046717748505926915,2021-04
10,2441,2022-06-13,2021—2023,4,2155,2021-04-06,2021-04-07,2021-04-14,-0.039066099843111046,0.0,-0.039066099843111046,2021-04
10,2441,2022-06-13,2021—2023,4,2156,2021-04-07,2021-04-08,2021-04-15,-0.02672742579791354,0.0,-0.02672742579791354,2021-04
10,2441,2022-06-13,2021—2023,4,2157,2021-04-08,2021-04-09,2021-04-16,-0.029594513890189855,0.0,-0.029594513890189855,2021-04
10,2441,2022-06-13,2021—2023,4,2158,2021-04-09,2021-04-12,2021-04-19,-0.016288079362849373,0.0,-0.016288079362849373,2021-04
10,2441,2022-06-13,2021—2023,4,2159,2021-04-12,2021-04-13,2021-04-20,0.022207558099765823,0.022207558099765823,0.0,2021-04
10,2441,2022-06-13,2021—2023,4,2160,2021-04-13,2021-04-14,2021-04-21,0.016535649206123493,0.016535649206123493,0.0,2021-04
10,2441,2022-06-13,2021—2023,4,2161,2021-04-14,2021-04-15,2021-04-22,0.025362664601833007,0.025362664601833007,0.0,2021-04
10,2441,2022-06-13,2021—2023,4,2162,2021-04-15,2021-04-16,2021-04-23,0.021543437419552447,0.021543437419552447,0.0,2021-04
10,2441,2022-06-13,2021—2023,4,2163,2021-04-16,2021-04-19,2021-04-26,0.03563369172878761,0.03563369172878761,0.0,2021-04
10,2441,2022-06-13,2021—2023,4,2164,2021-04-19,2021-04-20,2021-04-27,-0.0013901077347276969,0.0,-0.0013901077347276969,2021-04
10,2441,2022-06-13,2021—2023,4,2165,2021-04-20,2021-04-21,2021-04-28,0.0011769772803045253,0.0011769772803045253,0.0,2021-04
10,2441,2022-06-13,2021—2023,4,2166,2021-04-21,2021-04-22,2021-04-29,0.0021351161904534788,0.0021351161904534788,0.0,2021-04
10,2441,2022-06-13,2021—2023,4,2167,2021-04-22,2021-04-23,2021-04-30,0.012557037338396748,0.012557037338396748,0.0,2021-04
10,2441,2022-06-13,2021—2023,4,2168,2021-04-23,2021-04-26,2021-05-06,-0.011262510702525153,0.0,-0.011262510702525153,2021-04
10,2441,2022-06-13,2021—2023,4,2169,2021-04-26,2021-04-27,2021-05-07,-0.00453243790961777,0.0,-0.00453243790961777,2021-04
10,2441,2022-06-13,2021—2023,4,2170,2021-04-27,2021-04-28,2021-05-10,-0.016347607106458106,0.0,-0.016347607106458106,2021-04
10,2441,2022-06-13,2021—2023,4,2171,2021-04-28,2021-04-29,2021-05-11,-0.03427503170917057,0.0,-0.03427503170917057,2021-04
10,2441,2022-06-13,2021—2023,4,2172,2021-04-29,2021-04-30,2021-05-12,-0.03154728044915178,0.0,-0.03154728044915178,2021-04
10,2441,2022-06-13,2021—2023,4,2314,2021-11-30,2021-12-01,2021-12-08,0.01647697308383389,0.01647697308383389,0.0,2021-11
10,2441,2022-06-13,2021—2023,4,2315,2021-12-01,2021-12-02,2021-12-09,0.02902416698295296,0.02902416698295296,0.0,2021-12
10,2441,2022-06-13,2021—2023,4,2316,2021-12-02,2021-12-03,2021-12-10,0.03925734828562977,0.03925734828562977,0.0,2021-12
10,2441,2022-06-13,2021—2023,4,2317,2021-12-03,2021-12-06,2021-12-13,0.034063134321166144,0.034063134321166144,0.0,2021-12
10,2441,2022-06-13,2021—2023,4,2318,2021-12-06,2021-12-07,2021-12-14,0.02537936825269904,0.02537936825269904,0.0,2021-12
10,2441,2022-06-13,2021—2023,4,2319,2021-12-07,2021-12-08,2021-12-15,0.01933182442163761,0.01933182442163761,0.0,2021-12
10,2441,2022-06-13,2021—2023,4,2320,2021-12-08,2021-12-09,2021-12-16,-0.0023719859027278023,0.0,-0.0023719859027278023,2021-12
10,2441,2022-06-13,2021—2023,4,2321,2021-12-09,2021-12-10,2021-12-17,-0.01186093828151391,0.0,-0.01186093828151391,2021-12
10,2441,2022-06-13,2021—2023,4,2326,2021-12-16,2021-12-17,2021-12-24,-0.017244199498884005,0.0,-0.017244199498884005,2021-12
10,2441,2022-06-13,2021—2023,4,2333,2021-12-27,2021-12-28,2022-01-05,-0.007385182535733392,0.0,-0.007385182535733392,2021-12
10,2441,2022-06-13,2021—2023,4,2334,2021-12-28,2021-12-29,2022-01-06,-0.02324246210877612,0.0,-0.02324246210877612,2021-12
10,2441,2022-06-13,2021—2023,4,2375,2022-03-03,2022-03-04,2022-03-11,-0.06438515502889752,0.0,-0.06438515502889752,2022-03
10,2441,2022-06-13,2021—2023,4,2376,2022-03-04,2022-03-07,2022-03-14,-0.04981958829371502,0.0,-0.04981958829371502,2022-03
10,2441,2022-06-13,2021—2023,4,2389,2022-03-23,2022-03-24,2022-03-31,-0.005731103563274997,0.0,-0.005731103563274997,2022-03
10,2441,2022-06-13,2021—2023,4,2390,2022-03-24,2022-03-25,2022-04-01,-0.01678688524590155,0.0,-0.01678688524590155,2022-03
10,2441,2022-06-13,2021—2023,4,2391,2022-03-25,2022-03-28,2022-04-06,0.02310001343748591,0.02310001343748591,0.0,2022-03
10,2441,2022-06-13,2021—2023,4,2392,2022-03-28,2022-03-29,2022-04-07,0.0164941715621445,0.0164941715621445,0.0,2022-03
10,2441,2022-06-13,2021—2023,4,2393,2022-03-29,2022-03-30,2022-04-08,0.009771325900993277,0.009771325900993277,0.0,2022-03
10,2441,2022-06-13,2021—2023,4,2433,2022-05-31,2022-06-01,2022-06-09,0.027511809150301936,0.027511809150301936,0.0,2022-05
10,2441,2022-06-13,2021—2023,4,2434,2022-06-01,2022-06-02,2022-06-10,0.019572126934045864,0.019572126934045864,0.0,2022-06
10,2441,2022-06-13,2021—2023,4,2435,2022-06-02,2022-06-06,2022-06-13,0.02553999147229069,0.02553999147229069,0.0,2022-06
10,2447,2022-06-21,2021—2023,8,1965,2020-06-23,2020-06-24,2020-07-03,0.05660067616689757,0.05660067616689757,0.0,2020-06
10,2447,2022-06-21,2021—2023,8,1966,2020-06-24,2020-06-29,2020-07-06,0.08745700275846335,0.08745700275846335,0.0,2020-06
10,2447,2022-06-21,2021—2023,8,1967,2020-06-29,2020-06-30,2020-07-07,0.1587162871427399,0.1587162871427399,0.0,2020-06
10,2447,2022-06-21,2021—2023,8,1968,2020-06-30,2020-07-01,2020-07-08,0.12719902497016466,0.12719902497016466,0.0,2020-06
10,2447,2022-06-21,2021—2023,8,1969,2020-07-01,2020-07-02,2020-07-09,0.11980555146362537,0.11980555146362537,0.0,2020-07
10,2447,2022-06-21,2021—2023,8,1970,2020-07-02,2020-07-03,2020-07-10,0.09978026552986186,0.09978026552986186,0.0,2020-07
10,2447,2022-06-21,2021—2023,8,1971,2020-07-03,2020-07-06,2020-07-13,0.05321710680246894,0.05321710680246894,0.0,2020-07
10,2447,2022-06-21,2021—2023,8,1972,2020-07-06,2020-07-07,2020-07-14,0.008724400832290646,0.008724400832290646,0.0,2020-07
10,2447,2022-06-21,2021—2023,8,1973,2020-07-07,2020-07-08,2020-07-15,0.023658483430852417,0.023658483430852417,0.0,2020-07
10,2447,2022-06-21,2021—2023,8,1974,2020-07-08,2020-07-09,2020-07-16,-0.00412965411627475,0.0,-0.00412965411627475,2020-07
10,2447,2022-06-21,2021—2023,8,1975,2020-07-09,2020-07-10,2020-07-17,-0.05815621304647656,0.0,-0.05815621304647656,2020-07
10,2447,2022-06-21,2021—2023,8,1976,2020-07-10,2020-07-13,2020-07-20,-0.031065827272600433,0.0,-0.031065827272600433,2020-07
10,2447,2022-06-21,2021—2023,8,1977,2020-07-13,2020-07-14,2020-07-21,-0.02904417913293511,0.0,-0.02904417913293511,2020-07
10,2447,2022-06-21,2021—2023,8,1978,2020-07-14,2020-07-15,2020-07-22,-0.029142875224011155,0.0,-0.029142875224011155,2020-07
10,2447,2022-06-21,2021—2023,8,1979,2020-07-15,2020-07-16,2020-07-23,-0.012885940514305139,0.0,-0.012885940514305139,2020-07
10,2447,2022-06-21,2021—2023,8,1980,2020-07-16,2020-07-17,2020-07-24,0.031087368331355947,0.031087368331355947,0.0,2020-07
10,2447,2022-06-21,2021—2023,8,1981,2020-07-17,2020-07-20,2020-07-27,-0.01669409622221618,0.0,-0.01669409622221618,2020-07
10,2447,2022-06-21,2021—2023,8,1982,2020-07-20,2020-07-21,2020-07-28,-0.031065739459369746,0.0,-0.031065739459369746,2020-07
10,2447,2022-06-21,2021—2023,8,1983,2020-07-21,2020-07-22,2020-07-29,-0.02969781055278964,0.0,-0.02969781055278964,2020-07
10,2447,2022-06-21,2021—2023,8,1984,2020-07-22,2020-07-23,2020-07-30,-0.0012206619353523074,0.0,-0.0012206619353523074,2020-07
10,2447,2022-06-21,2021—2023,8,1985,2020-07-23,2020-07-24,2020-07-31,-0.006290952230395108,0.0,-0.006290952230395108,2020-07
10,2447,2022-06-21,2021—2023,8,1986,2020-07-24,2020-07-27,2020-08-03,0.04210408251694964,0.04210408251694964,0.0,2020-07
10,2447,2022-06-21,2021—2023,8,1987,2020-07-27,2020-07-28,2020-08-04,0.047646395987059664,0.047646395987059664,0.0,2020-07
10,2447,2022-06-21,2021—2023,8,1988,2020-07-28,2020-07-29,2020-08-05,0.044066798443312516,0.044066798443312516,0.0,2020-07
10,2447,2022-06-21,2021—2023,8,1994,2020-08-05,2020-08-06,2020-08-13,-0.026833435360347102,0.0,-0.026833435360347102,2020-08
10,2447,2022-06-21,2021—2023,8,1995,2020-08-06,2020-08-07,2020-08-14,-0.026777225881694067,0.0,-0.026777225881694067,2020-08
10,2447,2022-06-21,2021—2023,8,1996,2020-08-07,2020-08-10,2020-08-17,0.010799310499523207,0.010799310499523207,0.0,2020-08
10,2447,2022-06-21,2021—2023,8,1997,2020-08-10,2020-08-11,2020-08-18,0.017348634658871154,0.017348634658871154,0.0,2020-08
10,2447,2022-06-21,2021—2023,8,1998,2020-08-11,2020-08-12,2020-08-19,0.02708497996150383,0.02708497996150383,0.0,2020-08
10,2447,2022-06-21,2021—2023,8,2097,2021-01-06,2021-01-07,2021-01-14,0.025380240916733632,0.025380240916733632,0.0,2021-01
10,2447,2022-06-21,2021—2023,8,2098,2021-01-07,2021-01-08,2021-01-15,-0.01450442266983476,0.0,-0.01450442266983476,2021-01
10,2447,2022-06-21,2021—2023,8,2099,2021-01-08,2021-01-11,2021-01-18,-0.011721593184167656,0.0,-0.011721593184167656,2021-01
10,2447,2022-06-21,2021—2023,8,2100,2021-01-11,2021-01-12,2021-01-19,0.014097305461675536,0.014097305461675536,0.0,2021-01
10,2447,2022-06-21,2021—2023,8,2101,2021-01-12,2021-01-13,2021-01-20,-0.03380862066421253,0.0,-0.03380862066421253,2021-01
10,2447,2022-06-21,2021—2023,8,2102,2021-01-13,2021-01-14,2021-01-21,-0.019003651193450377,0.0,-0.019003651193450377,2021-01
10,2447,2022-06-21,2021—2023,8,2103,2021-01-14,2021-01-15,2021-01-22,0.012530579766651506,0.012530579766651506,0.0,2021-01
10,2447,2022-06-21,2021—2023,8,2104,2021-01-15,2021-01-18,2021-01-25,0.017693857036624516,0.017693857036624516,0.0,2021-01
10,2447,2022-06-21,2021—2023,8,2105,2021-01-18,2021-01-19,2021-01-26,0.013128347502418203,0.013128347502418203,0.0,2021-01
10,2447,2022-06-21,2021—2023,8,2106,2021-01-19,2021-01-20,2021-01-27,0.009666034358031927,0.009666034358031927,0.0,2021-01
10,2447,2022-06-21,2021—2023,8,2107,2021-01-20,2021-01-21,2021-01-28,-0.0071709701981841345,0.0,-0.0071709701981841345,2021-01
10,2447,2022-06-21,2021—2023,8,2111,2021-01-26,2021-01-27,2021-02-03,-0.005513744420576949,0.0,-0.005513744420576949,2021-01
10,2447,2022-06-21,2021—2023,8,2191,2021-05-31,2021-06-01,2021-06-08,-0.011280147989502498,0.0,-0.011280147989502498,2021-05
10,2447,2022-06-21,2021—2023,8,2192,2021-06-01,2021-06-02,2021-06-09,-0.025047587834382767,0.0,-0.025047587834382767,2021-06
10,2447,2022-06-21,2021—2023,8,2193,2021-06-02,2021-06-03,2021-06-10,-0.012663536168646017,0.0,-0.012663536168646017,2021-06
10,2447,2022-06-21,2021—2023,8,2194,2021-06-03,2021-06-04,2021-06-11,0.005093624650596373,0.005093624650596373,0.0,2021-06
10,2447,2022-06-21,2021—2023,8,2195,2021-06-04,2021-06-07,2021-06-15,-0.013428697564550895,0.0,-0.013428697564550895,2021-06
10,2447,2022-06-21,2021—2023,8,2196,2021-06-07,2021-06-08,2021-06-16,-0.024576684906774005,0.0,-0.024576684906774005,2021-06
10,2447,2022-06-21,2021—2023,8,2221,2021-07-13,2021-07-14,2021-07-21,-0.005221771210699777,0.0,-0.005221771210699777,2021-07
10,2447,2022-06-21,2021—2023,8,2222,2021-07-14,2021-07-15,2021-07-22,0.011259969440294837,0.011259969440294837,0.0,2021-07
10,2447,2022-06-21,2021—2023,8,2223,2021-07-15,2021-07-16,2021-07-23,-0.0011835450222524857,0.0,-0.0011835450222524857,2021-07
10,2447,2022-06-21,2021—2023,8,2224,2021-07-16,2021-07-19,2021-07-26,-0.005065623663206731,0.0,-0.005065623663206731,2021-07
10,2447,2022-06-21,2021—2023,8,2225,2021-07-19,2021-07-20,2021-07-27,-0.034196970259700255,0.0,-0.034196970259700255,2021-07
10,2447,2022-06-21,2021—2023,8,2231,2021-07-27,2021-07-28,2021-08-04,0.03473760246317448,0.03473760246317448,0.0,2021-07
10,2447,2022-06-21,2021—2023,8,2232,2021-07-28,2021-07-29,2021-08-05,0.01835301768362796,0.01835301768362796,0.0,2021-07
10,2447,2022-06-21,2021—2023,8,2233,2021-07-29,2021-07-30,2021-08-06,0.02107315829805545,0.02107315829805545,0.0,2021-07
10,2447,2022-06-21,2021—2023,8,2234,2021-07-30,2021-08-02,2021-08-09,0.020577985633559726,0.020577985633559726,0.0,2021-07
10,2447,2022-06-21,2021—2023,8,2236,2021-08-03,2021-08-04,2021-08-11,0.01982923006383741,0.01982923006383741,0.0,2021-08
10,2447,2022-06-21,2021—2023,8,2238,2021-08-05,2021-08-06,2021-08-13,0.0035924091901702315,0.0035924091901702315,0.0,2021-08
10,2447,2022-06-21,2021—2023,8,2239,2021-08-06,2021-08-09,2021-08-16,0.005627337004896482,0.005627337004896482,0.0,2021-08
10,2447,2022-06-21,2021—2023,8,2260,2021-09-06,2021-09-07,2021-09-14,0.009980902743797815,0.009980902743797815,0.0,2021-09
10,2447,2022-06-21,2021—2023,8,2440,2022-06-10,2022-06-13,2022-06-20,0.0255137802530232,0.0255137802530232,0.0,2022-06
10,2447,2022-06-21,2021—2023,8,2441,2022-06-13,2022-06-14,2022-06-21,0.039216255943665734,0.039216255943665734,0.0,2022-06
10,2453,2022-06-29,2021—2023,8,1965,2020-06-23,2020-06-24,2020-07-03,0.05660067616689757,0.05660067616689757,0.0,2020-06
10,2453,2022-06-29,2021—2023,8,1966,2020-06-24,2020-06-29,2020-07-06,0.08745700275846335,0.08745700275846335,0.0,2020-06
10,2453,2022-06-29,2021—2023,8,1967,2020-06-29,2020-06-30,2020-07-07,0.1587162871427399,0.1587162871427399,0.0,2020-06
10,2453,2022-06-29,2021—2023,8,1968,2020-06-30,2020-07-01,2020-07-08,0.12719902497016466,0.12719902497016466,0.0,2020-06
10,2453,2022-06-29,2021—2023,8,1969,2020-07-01,2020-07-02,2020-07-09,0.11980555146362537,0.11980555146362537,0.0,2020-07
10,2453,2022-06-29,2021—2023,8,1970,2020-07-02,2020-07-03,2020-07-10,0.09978026552986186,0.09978026552986186,0.0,2020-07
10,2453,2022-06-29,2021—2023,8,1971,2020-07-03,2020-07-06,2020-07-13,0.05321710680246894,0.05321710680246894,0.0,2020-07
10,2453,2022-06-29,2021—2023,8,1972,2020-07-06,2020-07-07,2020-07-14,0.008724400832290646,0.008724400832290646,0.0,2020-07
10,2453,2022-06-29,2021—2023,8,1973,2020-07-07,2020-07-08,2020-07-15,0.023658483430852417,0.023658483430852417,0.0,2020-07
10,2453,2022-06-29,2021—2023,8,1974,2020-07-08,2020-07-09,2020-07-16,-0.00412965411627475,0.0,-0.00412965411627475,2020-07
10,2453,2022-06-29,2021—2023,8,1975,2020-07-09,2020-07-10,2020-07-17,-0.05815621304647656,0.0,-0.05815621304647656,2020-07
10,2453,2022-06-29,2021—2023,8,1976,2020-07-10,2020-07-13,2020-07-20,-0.031065827272600433,0.0,-0.031065827272600433,2020-07
10,2453,2022-06-29,2021—2023,8,1977,2020-07-13,2020-07-14,2020-07-21,-0.02904417913293511,0.0,-0.02904417913293511,2020-07
10,2453,2022-06-29,2021—2023,8,1978,2020-07-14,2020-07-15,2020-07-22,-0.029142875224011155,0.0,-0.029142875224011155,2020-07
10,2453,2022-06-29,2021—2023,8,1979,2020-07-15,2020-07-16,2020-07-23,-0.012885940514305139,0.0,-0.012885940514305139,2020-07
10,2453,2022-06-29,2021—2023,8,1980,2020-07-16,2020-07-17,2020-07-24,0.031087368331355947,0.031087368331355947,0.0,2020-07
10,2453,2022-06-29,2021—2023,8,1981,2020-07-17,2020-07-20,2020-07-27,-0.01669409622221618,0.0,-0.01669409622221618,2020-07
10,2453,2022-06-29,2021—2023,8,1982,2020-07-20,2020-07-21,2020-07-28,-0.031065739459369746,0.0,-0.031065739459369746,2020-07
10,2453,2022-06-29,2021—2023,8,1983,2020-07-21,2020-07-22,2020-07-29,-0.02969781055278964,0.0,-0.02969781055278964,2020-07
10,2453,2022-06-29,2021—2023,8,1984,2020-07-22,2020-07-23,2020-07-30,-0.0012206619353523074,0.0,-0.0012206619353523074,2020-07
10,2453,2022-06-29,2021—2023,8,1985,2020-07-23,2020-07-24,2020-07-31,-0.006290952230395108,0.0,-0.006290952230395108,2020-07
10,2453,2022-06-29,2021—2023,8,1986,2020-07-24,2020-07-27,2020-08-03,0.04210408251694964,0.04210408251694964,0.0,2020-07
10,2453,2022-06-29,2021—2023,8,1987,2020-07-27,2020-07-28,2020-08-04,0.047646395987059664,0.047646395987059664,0.0,2020-07
10,2453,2022-06-29,2021—2023,8,1988,2020-07-28,2020-07-29,2020-08-05,0.044066798443312516,0.044066798443312516,0.0,2020-07
10,2453,2022-06-29,2021—2023,8,1994,2020-08-05,2020-08-06,2020-08-13,-0.026833435360347102,0.0,-0.026833435360347102,2020-08
10,2453,2022-06-29,2021—2023,8,1995,2020-08-06,2020-08-07,2020-08-14,-0.026777225881694067,0.0,-0.026777225881694067,2020-08
10,2453,2022-06-29,2021—2023,8,1996,2020-08-07,2020-08-10,2020-08-17,0.010799310499523207,0.010799310499523207,0.0,2020-08
10,2453,2022-06-29,2021—2023,8,1997,2020-08-10,2020-08-11,2020-08-18,0.017348634658871154,0.017348634658871154,0.0,2020-08
10,2453,2022-06-29,2021—2023,8,1998,2020-08-11,2020-08-12,2020-08-19,0.02708497996150383,0.02708497996150383,0.0,2020-08
10,2453,2022-06-29,2021—2023,8,2097,2021-01-06,2021-01-07,2021-01-14,0.025380240916733632,0.025380240916733632,0.0,2021-01
10,2453,2022-06-29,2021—2023,8,2098,2021-01-07,2021-01-08,2021-01-15,-0.01450442266983476,0.0,-0.01450442266983476,2021-01
10,2453,2022-06-29,2021—2023,8,2099,2021-01-08,2021-01-11,2021-01-18,-0.011721593184167656,0.0,-0.011721593184167656,2021-01
10,2453,2022-06-29,2021—2023,8,2100,2021-01-11,2021-01-12,2021-01-19,0.014097305461675536,0.014097305461675536,0.0,2021-01
10,2453,2022-06-29,2021—2023,8,2101,2021-01-12,2021-01-13,2021-01-20,-0.03380862066421253,0.0,-0.03380862066421253,2021-01
10,2453,2022-06-29,2021—2023,8,2102,2021-01-13,2021-01-14,2021-01-21,-0.019003651193450377,0.0,-0.019003651193450377,2021-01
10,2453,2022-06-29,2021—2023,8,2103,2021-01-14,2021-01-15,2021-01-22,0.012530579766651506,0.012530579766651506,0.0,2021-01
10,2453,2022-06-29,2021—2023,8,2104,2021-01-15,2021-01-18,2021-01-25,0.017693857036624516,0.017693857036624516,0.0,2021-01
10,2453,2022-06-29,2021—2023,8,2105,2021-01-18,2021-01-19,2021-01-26,0.013128347502418203,0.013128347502418203,0.0,2021-01
10,2453,2022-06-29,2021—2023,8,2106,2021-01-19,2021-01-20,2021-01-27,0.009666034358031927,0.009666034358031927,0.0,2021-01
10,2453,2022-06-29,2021—2023,8,2107,2021-01-20,2021-01-21,2021-01-28,-0.0071709701981841345,0.0,-0.0071709701981841345,2021-01
10,2453,2022-06-29,2021—2023,8,2111,2021-01-26,2021-01-27,2021-02-03,-0.005513744420576949,0.0,-0.005513744420576949,2021-01
10,2453,2022-06-29,2021—2023,8,2191,2021-05-31,2021-06-01,2021-06-08,-0.011280147989502498,0.0,-0.011280147989502498,2021-05
10,2453,2022-06-29,2021—2023,8,2192,2021-06-01,2021-06-02,2021-06-09,-0.025047587834382767,0.0,-0.025047587834382767,2021-06
10,2453,2022-06-29,2021—2023,8,2193,2021-06-02,2021-06-03,2021-06-10,-0.012663536168646017,0.0,-0.012663536168646017,2021-06
10,2453,2022-06-29,2021—2023,8,2194,2021-06-03,2021-06-04,2021-06-11,0.005093624650596373,0.005093624650596373,0.0,2021-06
10,2453,2022-06-29,2021—2023,8,2195,2021-06-04,2021-06-07,2021-06-15,-0.013428697564550895,0.0,-0.013428697564550895,2021-06
10,2453,2022-06-29,2021—2023,8,2196,2021-06-07,2021-06-08,2021-06-16,-0.024576684906774005,0.0,-0.024576684906774005,2021-06
10,2453,2022-06-29,2021—2023,8,2221,2021-07-13,2021-07-14,2021-07-21,-0.005221771210699777,0.0,-0.005221771210699777,2021-07
10,2453,2022-06-29,2021—2023,8,2222,2021-07-14,2021-07-15,2021-07-22,0.011259969440294837,0.011259969440294837,0.0,2021-07
10,2453,2022-06-29,2021—2023,8,2223,2021-07-15,2021-07-16,2021-07-23,-0.0011835450222524857,0.0,-0.0011835450222524857,2021-07
10,2453,2022-06-29,2021—2023,8,2224,2021-07-16,2021-07-19,2021-07-26,-0.005065623663206731,0.0,-0.005065623663206731,2021-07
10,2453,2022-06-29,2021—2023,8,2225,2021-07-19,2021-07-20,2021-07-27,-0.034196970259700255,0.0,-0.034196970259700255,2021-07
10,2453,2022-06-29,2021—2023,8,2231,2021-07-27,2021-07-28,2021-08-04,0.03473760246317448,0.03473760246317448,0.0,2021-07
10,2453,2022-06-29,2021—2023,8,2232,2021-07-28,2021-07-29,2021-08-05,0.01835301768362796,0.01835301768362796,0.0,2021-07
10,2453,2022-06-29,2021—2023,8,2233,2021-07-29,2021-07-30,2021-08-06,0.02107315829805545,0.02107315829805545,0.0,2021-07
10,2453,2022-06-29,2021—2023,8,2234,2021-07-30,2021-08-02,2021-08-09,0.020577985633559726,0.020577985633559726,0.0,2021-07
10,2453,2022-06-29,2021—2023,8,2236,2021-08-03,2021-08-04,2021-08-11,0.01982923006383741,0.01982923006383741,0.0,2021-08
10,2453,2022-06-29,2021—2023,8,2238,2021-08-05,2021-08-06,2021-08-13,0.0035924091901702315,0.0035924091901702315,0.0,2021-08
10,2453,2022-06-29,2021—2023,8,2239,2021-08-06,2021-08-09,2021-08-16,0.005627337004896482,0.005627337004896482,0.0,2021-08
10,2453,2022-06-29,2021—2023,8,2260,2021-09-06,2021-09-07,2021-09-14,0.009980902743797815,0.009980902743797815,0.0,2021-09
10,2453,2022-06-29,2021—2023,8,2440,2022-06-10,2022-06-13,2022-06-20,0.0255137802530232,0.0255137802530232,0.0,2022-06
10,2453,2022-06-29,2021—2023,8,2441,2022-06-13,2022-06-14,2022-06-21,0.039216255943665734,0.039216255943665734,0.0,2022-06
10,2453,2022-06-29,2021—2023,8,2442,2022-06-14,2022-06-15,2022-06-22,0.022070171459495525,0.022070171459495525,0.0,2022-06
10,2453,2022-06-29,2021—2023,8,2443,2022-06-15,2022-06-16,2022-06-23,-0.004747252853448569,0.0,-0.004747252853448569,2022-06
10,2453,2022-06-29,2021—2023,8,2444,2022-06-16,2022-06-17,2022-06-24,0.028380922713344914,0.028380922713344914,0.0,2022-06
10,2453,2022-06-29,2021—2023,8,2445,2022-06-17,2022-06-20,2022-06-27,0.01947929315358743,0.01947929315358743,0.0,2022-06
10,2453,2022-06-29,2021—2023,8,2446,2022-06-20,2022-06-21,2022-06-28,0.024025172539679618,0.024025172539679618,0.0,2022-06
10,2453,2022-06-29,2021—2023,8,2447,2022-06-21,2022-06-22,2022-06-29,0.03323522144651925,0.03323522144651925,0.0,2022-06
10,2459,2022-07-07,2021—2023,8,1965,2020-06-23,2020-06-24,2020-07-03,0.05660067616689757,0.05660067616689757,0.0,2020-06
10,2459,2022-07-07,2021—2023,8,1966,2020-06-24,2020-06-29,2020-07-06,0.08745700275846335,0.08745700275846335,0.0,2020-06
10,2459,2022-07-07,2021—2023,8,1967,2020-06-29,2020-06-30,2020-07-07,0.1587162871427399,0.1587162871427399,0.0,2020-06
10,2459,2022-07-07,2021—2023,8,1968,2020-06-30,2020-07-01,2020-07-08,0.12719902497016466,0.12719902497016466,0.0,2020-06
10,2459,2022-07-07,2021—2023,8,1969,2020-07-01,2020-07-02,2020-07-09,0.11980555146362537,0.11980555146362537,0.0,2020-07
10,2459,2022-07-07,2021—2023,8,1970,2020-07-02,2020-07-03,2020-07-10,0.09978026552986186,0.09978026552986186,0.0,2020-07
10,2459,2022-07-07,2021—2023,8,1971,2020-07-03,2020-07-06,2020-07-13,0.05321710680246894,0.05321710680246894,0.0,2020-07
10,2459,2022-07-07,2021—2023,8,1972,2020-07-06,2020-07-07,2020-07-14,0.008724400832290646,0.008724400832290646,0.0,2020-07
10,2459,2022-07-07,2021—2023,8,1973,2020-07-07,2020-07-08,2020-07-15,0.023658483430852417,0.023658483430852417,0.0,2020-07
10,2459,2022-07-07,2021—2023,8,1974,2020-07-08,2020-07-09,2020-07-16,-0.00412965411627475,0.0,-0.00412965411627475,2020-07
10,2459,2022-07-07,2021—2023,8,1975,2020-07-09,2020-07-10,2020-07-17,-0.05815621304647656,0.0,-0.05815621304647656,2020-07
10,2459,2022-07-07,2021—2023,8,1976,2020-07-10,2020-07-13,2020-07-20,-0.031065827272600433,0.0,-0.031065827272600433,2020-07
10,2459,2022-07-07,2021—2023,8,1977,2020-07-13,2020-07-14,2020-07-21,-0.02904417913293511,0.0,-0.02904417913293511,2020-07
10,2459,2022-07-07,2021—2023,8,1978,2020-07-14,2020-07-15,2020-07-22,-0.029142875224011155,0.0,-0.029142875224011155,2020-07
10,2459,2022-07-07,2021—2023,8,1979,2020-07-15,2020-07-16,2020-07-23,-0.012885940514305139,0.0,-0.012885940514305139,2020-07
10,2459,2022-07-07,2021—2023,8,1980,2020-07-16,2020-07-17,2020-07-24,0.031087368331355947,0.031087368331355947,0.0,2020-07
10,2459,2022-07-07,2021—2023,8,1981,2020-07-17,2020-07-20,2020-07-27,-0.01669409622221618,0.0,-0.01669409622221618,2020-07
10,2459,2022-07-07,2021—2023,8,1982,2020-07-20,2020-07-21,2020-07-28,-0.031065739459369746,0.0,-0.031065739459369746,2020-07
10,2459,2022-07-07,2021—2023,8,1983,2020-07-21,2020-07-22,2020-07-29,-0.02969781055278964,0.0,-0.02969781055278964,2020-07
10,2459,2022-07-07,2021—2023,8,1984,2020-07-22,2020-07-23,2020-07-30,-0.0012206619353523074,0.0,-0.0012206619353523074,2020-07
10,2459,2022-07-07,2021—2023,8,1985,2020-07-23,2020-07-24,2020-07-31,-0.006290952230395108,0.0,-0.006290952230395108,2020-07
10,2459,2022-07-07,2021—2023,8,1986,2020-07-24,2020-07-27,2020-08-03,0.04210408251694964,0.04210408251694964,0.0,2020-07
10,2459,2022-07-07,2021—2023,8,1987,2020-07-27,2020-07-28,2020-08-04,0.047646395987059664,0.047646395987059664,0.0,2020-07
10,2459,2022-07-07,2021—2023,8,1988,2020-07-28,2020-07-29,2020-08-05,0.044066798443312516,0.044066798443312516,0.0,2020-07
10,2459,2022-07-07,2021—2023,8,1994,2020-08-05,2020-08-06,2020-08-13,-0.026833435360347102,0.0,-0.026833435360347102,2020-08
10,2459,2022-07-07,2021—2023,8,1995,2020-08-06,2020-08-07,2020-08-14,-0.026777225881694067,0.0,-0.026777225881694067,2020-08
10,2459,2022-07-07,2021—2023,8,1996,2020-08-07,2020-08-10,2020-08-17,0.010799310499523207,0.010799310499523207,0.0,2020-08
10,2459,2022-07-07,2021—2023,8,1997,2020-08-10,2020-08-11,2020-08-18,0.017348634658871154,0.017348634658871154,0.0,2020-08
10,2459,2022-07-07,2021—2023,8,1998,2020-08-11,2020-08-12,2020-08-19,0.02708497996150383,0.02708497996150383,0.0,2020-08
10,2459,2022-07-07,2021—2023,8,2097,2021-01-06,2021-01-07,2021-01-14,0.025380240916733632,0.025380240916733632,0.0,2021-01
10,2459,2022-07-07,2021—2023,8,2098,2021-01-07,2021-01-08,2021-01-15,-0.01450442266983476,0.0,-0.01450442266983476,2021-01
10,2459,2022-07-07,2021—2023,8,2099,2021-01-08,2021-01-11,2021-01-18,-0.011721593184167656,0.0,-0.011721593184167656,2021-01
10,2459,2022-07-07,2021—2023,8,2100,2021-01-11,2021-01-12,2021-01-19,0.014097305461675536,0.014097305461675536,0.0,2021-01
10,2459,2022-07-07,2021—2023,8,2101,2021-01-12,2021-01-13,2021-01-20,-0.03380862066421253,0.0,-0.03380862066421253,2021-01
10,2459,2022-07-07,2021—2023,8,2102,2021-01-13,2021-01-14,2021-01-21,-0.019003651193450377,0.0,-0.019003651193450377,2021-01
10,2459,2022-07-07,2021—2023,8,2103,2021-01-14,2021-01-15,2021-01-22,0.012530579766651506,0.012530579766651506,0.0,2021-01
10,2459,2022-07-07,2021—2023,8,2104,2021-01-15,2021-01-18,2021-01-25,0.017693857036624516,0.017693857036624516,0.0,2021-01
10,2459,2022-07-07,2021—2023,8,2105,2021-01-18,2021-01-19,2021-01-26,0.013128347502418203,0.013128347502418203,0.0,2021-01
10,2459,2022-07-07,2021—2023,8,2106,2021-01-19,2021-01-20,2021-01-27,0.009666034358031927,0.009666034358031927,0.0,2021-01
10,2459,2022-07-07,2021—2023,8,2107,2021-01-20,2021-01-21,2021-01-28,-0.0071709701981841345,0.0,-0.0071709701981841345,2021-01
10,2459,2022-07-07,2021—2023,8,2111,2021-01-26,2021-01-27,2021-02-03,-0.005513744420576949,0.0,-0.005513744420576949,2021-01
10,2459,2022-07-07,2021—2023,8,2191,2021-05-31,2021-06-01,2021-06-08,-0.011280147989502498,0.0,-0.011280147989502498,2021-05
10,2459,2022-07-07,2021—2023,8,2192,2021-06-01,2021-06-02,2021-06-09,-0.025047587834382767,0.0,-0.025047587834382767,2021-06
10,2459,2022-07-07,2021—2023,8,2193,2021-06-02,2021-06-03,2021-06-10,-0.012663536168646017,0.0,-0.012663536168646017,2021-06
10,2459,2022-07-07,2021—2023,8,2194,2021-06-03,2021-06-04,2021-06-11,0.005093624650596373,0.005093624650596373,0.0,2021-06
10,2459,2022-07-07,2021—2023,8,2195,2021-06-04,2021-06-07,2021-06-15,-0.013428697564550895,0.0,-0.013428697564550895,2021-06
10,2459,2022-07-07,2021—2023,8,2196,2021-06-07,2021-06-08,2021-06-16,-0.024576684906774005,0.0,-0.024576684906774005,2021-06
10,2459,2022-07-07,2021—2023,8,2221,2021-07-13,2021-07-14,2021-07-21,-0.005221771210699777,0.0,-0.005221771210699777,2021-07
10,2459,2022-07-07,2021—2023,8,2222,2021-07-14,2021-07-15,2021-07-22,0.011259969440294837,0.011259969440294837,0.0,2021-07
10,2459,2022-07-07,2021—2023,8,2223,2021-07-15,2021-07-16,2021-07-23,-0.0011835450222524857,0.0,-0.0011835450222524857,2021-07
10,2459,2022-07-07,2021—2023,8,2224,2021-07-16,2021-07-19,2021-07-26,-0.005065623663206731,0.0,-0.005065623663206731,2021-07
10,2459,2022-07-07,2021—2023,8,2225,2021-07-19,2021-07-20,2021-07-27,-0.034196970259700255,0.0,-0.034196970259700255,2021-07
10,2459,2022-07-07,2021—2023,8,2231,2021-07-27,2021-07-28,2021-08-04,0.03473760246317448,0.03473760246317448,0.0,2021-07
10,2459,2022-07-07,2021—2023,8,2232,2021-07-28,2021-07-29,2021-08-05,0.01835301768362796,0.01835301768362796,0.0,2021-07
10,2459,2022-07-07,2021—2023,8,2233,2021-07-29,2021-07-30,2021-08-06,0.02107315829805545,0.02107315829805545,0.0,2021-07
10,2459,2022-07-07,2021—2023,8,2234,2021-07-30,2021-08-02,2021-08-09,0.020577985633559726,0.020577985633559726,0.0,2021-07
10,2459,2022-07-07,2021—2023,8,2236,2021-08-03,2021-08-04,2021-08-11,0.01982923006383741,0.01982923006383741,0.0,2021-08
10,2459,2022-07-07,2021—2023,8,2238,2021-08-05,2021-08-06,2021-08-13,0.0035924091901702315,0.0035924091901702315,0.0,2021-08
10,2459,2022-07-07,2021—2023,8,2239,2021-08-06,2021-08-09,2021-08-16,0.005627337004896482,0.005627337004896482,0.0,2021-08
10,2459,2022-07-07,2021—2023,8,2260,2021-09-06,2021-09-07,2021-09-14,0.009980902743797815,0.009980902743797815,0.0,2021-09
10,2459,2022-07-07,2021—2023,8,2440,2022-06-10,2022-06-13,2022-06-20,0.0255137802530232,0.0255137802530232,0.0,2022-06
10,2459,2022-07-07,2021—2023,8,2441,2022-06-13,2022-06-14,2022-06-21,0.039216255943665734,0.039216255943665734,0.0,2022-06
10,2459,2022-07-07,2021—2023,8,2442,2022-06-14,2022-06-15,2022-06-22,0.022070171459495525,0.022070171459495525,0.0,2022-06
10,2459,2022-07-07,2021—2023,8,2443,2022-06-15,2022-06-16,2022-06-23,-0.004747252853448569,0.0,-0.004747252853448569,2022-06
10,2459,2022-07-07,2021—2023,8,2444,2022-06-16,2022-06-17,2022-06-24,0.028380922713344914,0.028380922713344914,0.0,2022-06
10,2459,2022-07-07,2021—2023,8,2445,2022-06-17,2022-06-20,2022-06-27,0.01947929315358743,0.01947929315358743,0.0,2022-06
10,2459,2022-07-07,2021—2023,8,2446,2022-06-20,2022-06-21,2022-06-28,0.024025172539679618,0.024025172539679618,0.0,2022-06
10,2459,2022-07-07,2021—2023,8,2447,2022-06-21,2022-06-22,2022-06-29,0.03323522144651925,0.03323522144651925,0.0,2022-06
10,2459,2022-07-07,2021—2023,8,2448,2022-06-22,2022-06-23,2022-06-30,0.034786364783695456,0.034786364783695456,0.0,2022-06
10,2459,2022-07-07,2021—2023,8,2449,2022-06-23,2022-06-24,2022-07-01,0.029997590005093944,0.029997590005093944,0.0,2022-06
10,2459,2022-07-07,2021—2023,8,2450,2022-06-24,2022-06-27,2022-07-04,0.007988955973767586,0.007988955973767586,0.0,2022-06
10,2459,2022-07-07,2021—2023,8,2451,2022-06-27,2022-06-28,2022-07-05,0.0117322835703344,0.0117322835703344,0.0,2022-06
10,2459,2022-07-07,2021—2023,8,2452,2022-06-28,2022-06-29,2022-07-06,-0.0025748528037153884,0.0,-0.0025748528037153884,2022-06
10,2459,2022-07-07,2021—2023,8,2453,2022-06-29,2022-06-30,2022-07-07,-0.0050573177322476015,0.0,-0.0050573177322476015,2022-06
10,2541,2022-11-08,2021—2023,1,2415,2022-05-05,2022-05-06,2022-05-13,0.01318759846532247,0.01318759846532247,0.0,2022-05
10,2541,2022-11-08,2021—2023,1,2416,2022-05-06,2022-05-09,2022-05-16,0.02854314224851029,0.02854314224851029,0.0,2022-05
10,2541,2022-11-08,2021—2023,1,2417,2022-05-09,2022-05-10,2022-05-17,0.030189331616845116,0.030189331616845116,0.0,2022-05
10,2541,2022-11-08,2021—2023,1,2418,2022-05-10,2022-05-11,2022-05-18,0.0219268285530152,0.0219268285530152,0.0,2022-05
10,2541,2022-11-08,2021—2023,1,2419,2022-05-11,2022-05-12,2022-05-19,-0.0048378728831781626,0.0,-0.0048378728831781626,2022-05
10,2541,2022-11-08,2021—2023,1,2420,2022-05-12,2022-05-13,2022-05-20,0.004957235542656813,0.004957235542656813,0.0,2022-05
10,2541,2022-11-08,2021—2023,1,2421,2022-05-13,2022-05-16,2022-05-23,0.01666885693275133,0.01666885693275133,0.0,2022-05
10,2541,2022-11-08,2021—2023,1,2422,2022-05-16,2022-05-17,2022-05-24,0.018609609637477265,0.018609609637477265,0.0,2022-05
10,2541,2022-11-08,2021—2023,1,2423,2022-05-17,2022-05-18,2022-05-25,-0.014746643715395136,0.0,-0.014746643715395136,2022-05
10,2541,2022-11-08,2021—2023,1,2424,2022-05-18,2022-05-19,2022-05-26,0.006281466153098547,0.006281466153098547,0.0,2022-05
10,2541,2022-11-08,2021—2023,1,2425,2022-05-19,2022-05-20,2022-05-27,-0.002785668341359071,0.0,-0.002785668341359071,2022-05
10,2541,2022-11-08,2021—2023,1,2426,2022-05-20,2022-05-23,2022-05-30,-0.017681370155169907,0.0,-0.017681370155169907,2022-05
10,2541,2022-11-08,2021—2023,1,2427,2022-05-23,2022-05-24,2022-05-31,-0.008445992128944702,0.0,-0.008445992128944702,2022-05
10,2541,2022-11-08,2021—2023,1,2428,2022-05-24,2022-05-25,2022-06-01,0.029448563662324956,0.029448563662324956,0.0,2022-05
10,2541,2022-11-08,2021—2023,1,2429,2022-05-25,2022-05-26,2022-06-02,0.0177457985955356,0.0177457985955356,0.0,2022-05
10,2541,2022-11-08,2021—2023,1,2430,2022-05-26,2022-05-27,2022-06-06,0.014087833950105155,0.014087833950105155,0.0,2022-05
10,2541,2022-11-08,2021—2023,1,2431,2022-05-27,2022-05-30,2022-06-07,0.0317208768666446,0.0317208768666446,0.0,2022-05
10,2541,2022-11-08,2021—2023,1,2432,2022-05-30,2022-05-31,2022-06-08,0.03639139877547737,0.03639139877547737,0.0,2022-05
10,2541,2022-11-08,2021—2023,1,2433,2022-05-31,2022-06-01,2022-06-09,0.027511809150301936,0.027511809150301936,0.0,2022-05
10,2541,2022-11-08,2021—2023,1,2434,2022-06-01,2022-06-02,2022-06-10,0.019572126934045864,0.019572126934045864,0.0,2022-06
10,2541,2022-11-08,2021—2023,1,2435,2022-06-02,2022-06-06,2022-06-13,0.02553999147229069,0.02553999147229069,0.0,2022-06
10,2541,2022-11-08,2021—2023,1,2436,2022-06-06,2022-06-07,2022-06-14,-0.002238758841158761,0.0,-0.002238758841158761,2022-06
10,2541,2022-11-08,2021—2023,1,2437,2022-06-07,2022-06-08,2022-06-15,0.008262279813611384,0.008262279813611384,0.0,2022-06
10,2541,2022-11-08,2021—2023,1,2438,2022-06-08,2022-06-09,2022-06-16,0.016485064741875943,0.016485064741875943,0.0,2022-06
10,2541,2022-11-08,2021—2023,1,2439,2022-06-09,2022-06-10,2022-06-17,0.016477558832374672,0.016477558832374672,0.0,2022-06
10,2541,2022-11-08,2021—2023,1,2440,2022-06-10,2022-06-13,2022-06-20,0.0255137802530232,0.0255137802530232,0.0,2022-06
10,2541,2022-11-08,2021—2023,1,2441,2022-06-13,2022-06-14,2022-06-21,0.039216255943665734,0.039216255943665734,0.0,2022-06
10,2541,2022-11-08,2021—2023,1,2442,2022-06-14,2022-06-15,2022-06-22,0.022070171459495525,0.022070171459495525,0.0,2022-06
10,2541,2022-11-08,2021—2023,1,2443,2022-06-15,2022-06-16,2022-06-23,-0.004747252853448569,0.0,-0.004747252853448569,2022-06
10,2541,2022-11-08,2021—2023,1,2444,2022-06-16,2022-06-17,2022-06-24,0.028380922713344914,0.028380922713344914,0.0,2022-06
10,2541,2022-11-08,2021—2023,1,2445,2022-06-17,2022-06-20,2022-06-27,0.01947929315358743,0.01947929315358743,0.0,2022-06
10,2541,2022-11-08,2021—2023,1,2446,2022-06-20,2022-06-21,2022-06-28,0.024025172539679618,0.024025172539679618,0.0,2022-06
10,2541,2022-11-08,2021—2023,1,2447,2022-06-21,2022-06-22,2022-06-29,0.03323522144651925,0.03323522144651925,0.0,2022-06
10,2541,2022-11-08,2021—2023,1,2448,2022-06-22,2022-06-23,2022-06-30,0.034786364783695456,0.034786364783695456,0.0,2022-06
10,2541,2022-11-08,2021—2023,1,2449,2022-06-23,2022-06-24,2022-07-01,0.029997590005093944,0.029997590005093944,0.0,2022-06
10,2541,2022-11-08,2021—2023,1,2450,2022-06-24,2022-06-27,2022-07-04,0.007988955973767586,0.007988955973767586,0.0,2022-06
10,2541,2022-11-08,2021—2023,1,2451,2022-06-27,2022-06-28,2022-07-05,0.0117322835703344,0.0117322835703344,0.0,2022-06
10,2541,2022-11-08,2021—2023,1,2452,2022-06-28,2022-06-29,2022-07-06,-0.0025748528037153884,0.0,-0.0025748528037153884,2022-06
10,2541,2022-11-08,2021—2023,1,2453,2022-06-29,2022-06-30,2022-07-07,-0.0050573177322476015,0.0,-0.0050573177322476015,2022-06
10,2541,2022-11-08,2021—2023,1,2476,2022-08-01,2022-08-02,2022-08-09,-0.005066727757295664,0.0,-0.005066727757295664,2022-08
10,2541,2022-11-08,2021—2023,1,2477,2022-08-02,2022-08-03,2022-08-10,0.0020654103949819813,0.0020654103949819813,0.0,2022-08
10,2541,2022-11-08,2021—2023,1,2478,2022-08-03,2022-08-04,2022-08-11,0.007398391994553499,0.007398391994553499,0.0,2022-08
10,2541,2022-11-08,2021—2023,1,2479,2022-08-04,2022-08-05,2022-08-12,0.019851900624033192,0.019851900624033192,0.0,2022-08
10,2541,2022-11-08,2021—2023,1,2480,2022-08-05,2022-08-08,2022-08-15,0.0065648490960248385,0.0065648490960248385,0.0,2022-08
10,2541,2022-11-08,2021—2023,1,2481,2022-08-08,2022-08-09,2022-08-16,0.00822566148249515,0.00822566148249515,0.0,2022-08
10,2541,2022-11-08,2021—2023,1,2482,2022-08-09,2022-08-10,2022-08-17,0.0049005356260158894,0.0049005356260158894,0.0,2022-08
10,2541,2022-11-08,2021—2023,1,2483,2022-08-10,2022-08-11,2022-08-18,0.017571481436079006,0.017571481436079006,0.0,2022-08
10,2541,2022-11-08,2021—2023,1,2484,2022-08-11,2022-08-12,2022-08-19,-0.007137102875551471,0.0,-0.007137102875551471,2022-08
10,2541,2022-11-08,2021—2023,1,2485,2022-08-12,2022-08-15,2022-08-22,-0.01303382579155754,0.0,-0.01303382579155754,2022-08
10,2541,2022-11-08,2021—2023,1,2486,2022-08-15,2022-08-16,2022-08-23,-0.007140081687653788,0.0,-0.007140081687653788,2022-08
10,2541,2022-11-08,2021—2023,1,2487,2022-08-16,2022-08-17,2022-08-24,-0.0036269387552688714,0.0,-0.0036269387552688714,2022-08
10,2541,2022-11-08,2021—2023,1,2488,2022-08-17,2022-08-18,2022-08-25,-0.030483525887890384,0.0,-0.030483525887890384,2022-08
10,2541,2022-11-08,2021—2023,1,2489,2022-08-18,2022-08-19,2022-08-26,-0.016353270012749554,0.0,-0.016353270012749554,2022-08
10,2541,2022-11-08,2021—2023,1,2490,2022-08-19,2022-08-22,2022-08-29,-0.01719559500813228,0.0,-0.01719559500813228,2022-08
10,2541,2022-11-08,2021—2023,1,2491,2022-08-22,2022-08-23,2022-08-30,-0.021783358388593688,0.0,-0.021783358388593688,2022-08
10,2541,2022-11-08,2021—2023,1,2492,2022-08-23,2022-08-24,2022-08-31,-0.02908560567280516,0.0,-0.02908560567280516,2022-08
10,2541,2022-11-08,2021—2023,1,2493,2022-08-24,2022-08-25,2022-09-01,-0.008729841396774574,0.0,-0.008729841396774574,2022-08
10,2541,2022-11-08,2021—2023,1,2494,2022-08-25,2022-08-26,2022-09-02,-0.019666034159949497,0.0,-0.019666034159949497,2022-08
10,2541,2022-11-08,2021—2023,1,2495,2022-08-26,2022-08-29,2022-09-05,-0.01911594262439742,0.0,-0.01911594262439742,2022-08
10,2541,2022-11-08,2021—2023,1,2496,2022-08-29,2022-08-30,2022-09-06,-0.017376939582426254,0.0,-0.017376939582426254,2022-08
10,2541,2022-11-08,2021—2023,1,2497,2022-08-30,2022-08-31,2022-09-07,-0.009753521696189482,0.0,-0.009753521696189482,2022-08
10,2541,2022-11-08,2021—2023,1,2535,2022-10-31,2022-11-01,2022-11-08,0.06629624550291346,0.06629624550291346,0.0,2022-10
10,2547,2022-11-16,2021—2023,1,2415,2022-05-05,2022-05-06,2022-05-13,0.01318759846532247,0.01318759846532247,0.0,2022-05
10,2547,2022-11-16,2021—2023,1,2416,2022-05-06,2022-05-09,2022-05-16,0.02854314224851029,0.02854314224851029,0.0,2022-05
10,2547,2022-11-16,2021—2023,1,2417,2022-05-09,2022-05-10,2022-05-17,0.030189331616845116,0.030189331616845116,0.0,2022-05
10,2547,2022-11-16,2021—2023,1,2418,2022-05-10,2022-05-11,2022-05-18,0.0219268285530152,0.0219268285530152,0.0,2022-05
10,2547,2022-11-16,2021—2023,1,2419,2022-05-11,2022-05-12,2022-05-19,-0.0048378728831781626,0.0,-0.0048378728831781626,2022-05
10,2547,2022-11-16,2021—2023,1,2420,2022-05-12,2022-05-13,2022-05-20,0.004957235542656813,0.004957235542656813,0.0,2022-05
10,2547,2022-11-16,2021—2023,1,2421,2022-05-13,2022-05-16,2022-05-23,0.01666885693275133,0.01666885693275133,0.0,2022-05
10,2547,2022-11-16,2021—2023,1,2422,2022-05-16,2022-05-17,2022-05-24,0.018609609637477265,0.018609609637477265,0.0,2022-05
10,2547,2022-11-16,2021—2023,1,2423,2022-05-17,2022-05-18,2022-05-25,-0.014746643715395136,0.0,-0.014746643715395136,2022-05
10,2547,2022-11-16,2021—2023,1,2424,2022-05-18,2022-05-19,2022-05-26,0.006281466153098547,0.006281466153098547,0.0,2022-05
10,2547,2022-11-16,2021—2023,1,2425,2022-05-19,2022-05-20,2022-05-27,-0.002785668341359071,0.0,-0.002785668341359071,2022-05
10,2547,2022-11-16,2021—2023,1,2426,2022-05-20,2022-05-23,2022-05-30,-0.017681370155169907,0.0,-0.017681370155169907,2022-05
10,2547,2022-11-16,2021—2023,1,2427,2022-05-23,2022-05-24,2022-05-31,-0.008445992128944702,0.0,-0.008445992128944702,2022-05
10,2547,2022-11-16,2021—2023,1,2428,2022-05-24,2022-05-25,2022-06-01,0.029448563662324956,0.029448563662324956,0.0,2022-05
10,2547,2022-11-16,2021—2023,1,2429,2022-05-25,2022-05-26,2022-06-02,0.0177457985955356,0.0177457985955356,0.0,2022-05
10,2547,2022-11-16,2021—2023,1,2430,2022-05-26,2022-05-27,2022-06-06,0.014087833950105155,0.014087833950105155,0.0,2022-05
10,2547,2022-11-16,2021—2023,1,2431,2022-05-27,2022-05-30,2022-06-07,0.0317208768666446,0.0317208768666446,0.0,2022-05
10,2547,2022-11-16,2021—2023,1,2432,2022-05-30,2022-05-31,2022-06-08,0.03639139877547737,0.03639139877547737,0.0,2022-05
10,2547,2022-11-16,2021—2023,1,2433,2022-05-31,2022-06-01,2022-06-09,0.027511809150301936,0.027511809150301936,0.0,2022-05
10,2547,2022-11-16,2021—2023,1,2434,2022-06-01,2022-06-02,2022-06-10,0.019572126934045864,0.019572126934045864,0.0,2022-06
10,2547,2022-11-16,2021—2023,1,2435,2022-06-02,2022-06-06,2022-06-13,0.02553999147229069,0.02553999147229069,0.0,2022-06
10,2547,2022-11-16,2021—2023,1,2436,2022-06-06,2022-06-07,2022-06-14,-0.002238758841158761,0.0,-0.002238758841158761,2022-06
10,2547,2022-11-16,2021—2023,1,2437,2022-06-07,2022-06-08,2022-06-15,0.008262279813611384,0.008262279813611384,0.0,2022-06
10,2547,2022-11-16,2021—2023,1,2438,2022-06-08,2022-06-09,2022-06-16,0.016485064741875943,0.016485064741875943,0.0,2022-06
10,2547,2022-11-16,2021—2023,1,2439,2022-06-09,2022-06-10,2022-06-17,0.016477558832374672,0.016477558832374672,0.0,2022-06
10,2547,2022-11-16,2021—2023,1,2440,2022-06-10,2022-06-13,2022-06-20,0.0255137802530232,0.0255137802530232,0.0,2022-06
10,2547,2022-11-16,2021—2023,1,2441,2022-06-13,2022-06-14,2022-06-21,0.039216255943665734,0.039216255943665734,0.0,2022-06
10,2547,2022-11-16,2021—2023,1,2442,2022-06-14,2022-06-15,2022-06-22,0.022070171459495525,0.022070171459495525,0.0,2022-06
10,2547,2022-11-16,2021—2023,1,2443,2022-06-15,2022-06-16,2022-06-23,-0.004747252853448569,0.0,-0.004747252853448569,2022-06
10,2547,2022-11-16,2021—2023,1,2444,2022-06-16,2022-06-17,2022-06-24,0.028380922713344914,0.028380922713344914,0.0,2022-06
10,2547,2022-11-16,2021—2023,1,2445,2022-06-17,2022-06-20,2022-06-27,0.01947929315358743,0.01947929315358743,0.0,2022-06
10,2547,2022-11-16,2021—2023,1,2446,2022-06-20,2022-06-21,2022-06-28,0.024025172539679618,0.024025172539679618,0.0,2022-06
10,2547,2022-11-16,2021—2023,1,2447,2022-06-21,2022-06-22,2022-06-29,0.03323522144651925,0.03323522144651925,0.0,2022-06
10,2547,2022-11-16,2021—2023,1,2448,2022-06-22,2022-06-23,2022-06-30,0.034786364783695456,0.034786364783695456,0.0,2022-06
10,2547,2022-11-16,2021—2023,1,2449,2022-06-23,2022-06-24,2022-07-01,0.029997590005093944,0.029997590005093944,0.0,2022-06
10,2547,2022-11-16,2021—2023,1,2450,2022-06-24,2022-06-27,2022-07-04,0.007988955973767586,0.007988955973767586,0.0,2022-06
10,2547,2022-11-16,2021—2023,1,2451,2022-06-27,2022-06-28,2022-07-05,0.0117322835703344,0.0117322835703344,0.0,2022-06
10,2547,2022-11-16,2021—2023,1,2452,2022-06-28,2022-06-29,2022-07-06,-0.0025748528037153884,0.0,-0.0025748528037153884,2022-06
10,2547,2022-11-16,2021—2023,1,2453,2022-06-29,2022-06-30,2022-07-07,-0.0050573177322476015,0.0,-0.0050573177322476015,2022-06
10,2547,2022-11-16,2021—2023,1,2476,2022-08-01,2022-08-02,2022-08-09,-0.005066727757295664,0.0,-0.005066727757295664,2022-08
10,2547,2022-11-16,2021—2023,1,2477,2022-08-02,2022-08-03,2022-08-10,0.0020654103949819813,0.0020654103949819813,0.0,2022-08
10,2547,2022-11-16,2021—2023,1,2478,2022-08-03,2022-08-04,2022-08-11,0.007398391994553499,0.007398391994553499,0.0,2022-08
10,2547,2022-11-16,2021—2023,1,2479,2022-08-04,2022-08-05,2022-08-12,0.019851900624033192,0.019851900624033192,0.0,2022-08
10,2547,2022-11-16,2021—2023,1,2480,2022-08-05,2022-08-08,2022-08-15,0.0065648490960248385,0.0065648490960248385,0.0,2022-08
10,2547,2022-11-16,2021—2023,1,2481,2022-08-08,2022-08-09,2022-08-16,0.00822566148249515,0.00822566148249515,0.0,2022-08
10,2547,2022-11-16,2021—2023,1,2482,2022-08-09,2022-08-10,2022-08-17,0.0049005356260158894,0.0049005356260158894,0.0,2022-08
10,2547,2022-11-16,2021—2023,1,2483,2022-08-10,2022-08-11,2022-08-18,0.017571481436079006,0.017571481436079006,0.0,2022-08
10,2547,2022-11-16,2021—2023,1,2484,2022-08-11,2022-08-12,2022-08-19,-0.007137102875551471,0.0,-0.007137102875551471,2022-08
10,2547,2022-11-16,2021—2023,1,2485,2022-08-12,2022-08-15,2022-08-22,-0.01303382579155754,0.0,-0.01303382579155754,2022-08
10,2547,2022-11-16,2021—2023,1,2486,2022-08-15,2022-08-16,2022-08-23,-0.007140081687653788,0.0,-0.007140081687653788,2022-08
10,2547,2022-11-16,2021—2023,1,2487,2022-08-16,2022-08-17,2022-08-24,-0.0036269387552688714,0.0,-0.0036269387552688714,2022-08
10,2547,2022-11-16,2021—2023,1,2488,2022-08-17,2022-08-18,2022-08-25,-0.030483525887890384,0.0,-0.030483525887890384,2022-08
10,2547,2022-11-16,2021—2023,1,2489,2022-08-18,2022-08-19,2022-08-26,-0.016353270012749554,0.0,-0.016353270012749554,2022-08
10,2547,2022-11-16,2021—2023,1,2490,2022-08-19,2022-08-22,2022-08-29,-0.01719559500813228,0.0,-0.01719559500813228,2022-08
10,2547,2022-11-16,2021—2023,1,2491,2022-08-22,2022-08-23,2022-08-30,-0.021783358388593688,0.0,-0.021783358388593688,2022-08
10,2547,2022-11-16,2021—2023,1,2492,2022-08-23,2022-08-24,2022-08-31,-0.02908560567280516,0.0,-0.02908560567280516,2022-08
10,2547,2022-11-16,2021—2023,1,2493,2022-08-24,2022-08-25,2022-09-01,-0.008729841396774574,0.0,-0.008729841396774574,2022-08
10,2547,2022-11-16,2021—2023,1,2494,2022-08-25,2022-08-26,2022-09-02,-0.019666034159949497,0.0,-0.019666034159949497,2022-08
10,2547,2022-11-16,2021—2023,1,2495,2022-08-26,2022-08-29,2022-09-05,-0.01911594262439742,0.0,-0.01911594262439742,2022-08
10,2547,2022-11-16,2021—2023,1,2496,2022-08-29,2022-08-30,2022-09-06,-0.017376939582426254,0.0,-0.017376939582426254,2022-08
10,2547,2022-11-16,2021—2023,1,2497,2022-08-30,2022-08-31,2022-09-07,-0.009753521696189482,0.0,-0.009753521696189482,2022-08
10,2547,2022-11-16,2021—2023,1,2535,2022-10-31,2022-11-01,2022-11-08,0.06629624550291346,0.06629624550291346,0.0,2022-10
10,2547,2022-11-16,2021—2023,1,2536,2022-11-01,2022-11-02,2022-11-09,0.031161728856844206,0.031161728856844206,0.0,2022-11
10,2547,2022-11-16,2021—2023,1,2537,2022-11-02,2022-11-03,2022-11-10,0.005913571147730279,0.005913571147730279,0.0,2022-11
10,2547,2022-11-16,2021—2023,1,2538,2022-11-03,2022-11-04,2022-11-11,0.03395277100807026,0.03395277100807026,0.0,2022-11
10,2547,2022-11-16,2021—2023,1,2539,2022-11-04,2022-11-07,2022-11-14,0.020158900257411405,0.020158900257411405,0.0,2022-11
10,2547,2022-11-16,2021—2023,1,2540,2022-11-07,2022-11-08,2022-11-15,-0.000799680127948732,0.0,-0.000799680127948732,2022-11
10,2547,2022-11-16,2021—2023,1,2541,2022-11-08,2022-11-09,2022-11-16,0.02512976460791827,0.02512976460791827,0.0,2022-11
10,2553,2022-11-24,2021—2023,1,2415,2022-05-05,2022-05-06,2022-05-13,0.01318759846532247,0.01318759846532247,0.0,2022-05
10,2553,2022-11-24,2021—2023,1,2416,2022-05-06,2022-05-09,2022-05-16,0.02854314224851029,0.02854314224851029,0.0,2022-05
10,2553,2022-11-24,2021—2023,1,2417,2022-05-09,2022-05-10,2022-05-17,0.030189331616845116,0.030189331616845116,0.0,2022-05
10,2553,2022-11-24,2021—2023,1,2418,2022-05-10,2022-05-11,2022-05-18,0.0219268285530152,0.0219268285530152,0.0,2022-05
10,2553,2022-11-24,2021—2023,1,2419,2022-05-11,2022-05-12,2022-05-19,-0.0048378728831781626,0.0,-0.0048378728831781626,2022-05
10,2553,2022-11-24,2021—2023,1,2420,2022-05-12,2022-05-13,2022-05-20,0.004957235542656813,0.004957235542656813,0.0,2022-05
10,2553,2022-11-24,2021—2023,1,2421,2022-05-13,2022-05-16,2022-05-23,0.01666885693275133,0.01666885693275133,0.0,2022-05
10,2553,2022-11-24,2021—2023,1,2422,2022-05-16,2022-05-17,2022-05-24,0.018609609637477265,0.018609609637477265,0.0,2022-05
10,2553,2022-11-24,2021—2023,1,2423,2022-05-17,2022-05-18,2022-05-25,-0.014746643715395136,0.0,-0.014746643715395136,2022-05
10,2553,2022-11-24,2021—2023,1,2424,2022-05-18,2022-05-19,2022-05-26,0.006281466153098547,0.006281466153098547,0.0,2022-05
10,2553,2022-11-24,2021—2023,1,2425,2022-05-19,2022-05-20,2022-05-27,-0.002785668341359071,0.0,-0.002785668341359071,2022-05
10,2553,2022-11-24,2021—2023,1,2426,2022-05-20,2022-05-23,2022-05-30,-0.017681370155169907,0.0,-0.017681370155169907,2022-05
10,2553,2022-11-24,2021—2023,1,2427,2022-05-23,2022-05-24,2022-05-31,-0.008445992128944702,0.0,-0.008445992128944702,2022-05
10,2553,2022-11-24,2021—2023,1,2428,2022-05-24,2022-05-25,2022-06-01,0.029448563662324956,0.029448563662324956,0.0,2022-05
10,2553,2022-11-24,2021—2023,1,2429,2022-05-25,2022-05-26,2022-06-02,0.0177457985955356,0.0177457985955356,0.0,2022-05
10,2553,2022-11-24,2021—2023,1,2430,2022-05-26,2022-05-27,2022-06-06,0.014087833950105155,0.014087833950105155,0.0,2022-05
10,2553,2022-11-24,2021—2023,1,2431,2022-05-27,2022-05-30,2022-06-07,0.0317208768666446,0.0317208768666446,0.0,2022-05
10,2553,2022-11-24,2021—2023,1,2432,2022-05-30,2022-05-31,2022-06-08,0.03639139877547737,0.03639139877547737,0.0,2022-05
10,2553,2022-11-24,2021—2023,1,2433,2022-05-31,2022-06-01,2022-06-09,0.027511809150301936,0.027511809150301936,0.0,2022-05
10,2553,2022-11-24,2021—2023,1,2434,2022-06-01,2022-06-02,2022-06-10,0.019572126934045864,0.019572126934045864,0.0,2022-06
10,2553,2022-11-24,2021—2023,1,2435,2022-06-02,2022-06-06,2022-06-13,0.02553999147229069,0.02553999147229069,0.0,2022-06
10,2553,2022-11-24,2021—2023,1,2436,2022-06-06,2022-06-07,2022-06-14,-0.002238758841158761,0.0,-0.002238758841158761,2022-06
10,2553,2022-11-24,2021—2023,1,2437,2022-06-07,2022-06-08,2022-06-15,0.008262279813611384,0.008262279813611384,0.0,2022-06
10,2553,2022-11-24,2021—2023,1,2438,2022-06-08,2022-06-09,2022-06-16,0.016485064741875943,0.016485064741875943,0.0,2022-06
10,2553,2022-11-24,2021—2023,1,2439,2022-06-09,2022-06-10,2022-06-17,0.016477558832374672,0.016477558832374672,0.0,2022-06
10,2553,2022-11-24,2021—2023,1,2440,2022-06-10,2022-06-13,2022-06-20,0.0255137802530232,0.0255137802530232,0.0,2022-06
10,2553,2022-11-24,2021—2023,1,2441,2022-06-13,2022-06-14,2022-06-21,0.039216255943665734,0.039216255943665734,0.0,2022-06
10,2553,2022-11-24,2021—2023,1,2442,2022-06-14,2022-06-15,2022-06-22,0.022070171459495525,0.022070171459495525,0.0,2022-06
10,2553,2022-11-24,2021—2023,1,2443,2022-06-15,2022-06-16,2022-06-23,-0.004747252853448569,0.0,-0.004747252853448569,2022-06
10,2553,2022-11-24,2021—2023,1,2444,2022-06-16,2022-06-17,2022-06-24,0.028380922713344914,0.028380922713344914,0.0,2022-06
10,2553,2022-11-24,2021—2023,1,2445,2022-06-17,2022-06-20,2022-06-27,0.01947929315358743,0.01947929315358743,0.0,2022-06
10,2553,2022-11-24,2021—2023,1,2446,2022-06-20,2022-06-21,2022-06-28,0.024025172539679618,0.024025172539679618,0.0,2022-06
10,2553,2022-11-24,2021—2023,1,2447,2022-06-21,2022-06-22,2022-06-29,0.03323522144651925,0.03323522144651925,0.0,2022-06
10,2553,2022-11-24,2021—2023,1,2448,2022-06-22,2022-06-23,2022-06-30,0.034786364783695456,0.034786364783695456,0.0,2022-06
10,2553,2022-11-24,2021—2023,1,2449,2022-06-23,2022-06-24,2022-07-01,0.029997590005093944,0.029997590005093944,0.0,2022-06
10,2553,2022-11-24,2021—2023,1,2450,2022-06-24,2022-06-27,2022-07-04,0.007988955973767586,0.007988955973767586,0.0,2022-06
10,2553,2022-11-24,2021—2023,1,2451,2022-06-27,2022-06-28,2022-07-05,0.0117322835703344,0.0117322835703344,0.0,2022-06
10,2553,2022-11-24,2021—2023,1,2452,2022-06-28,2022-06-29,2022-07-06,-0.0025748528037153884,0.0,-0.0025748528037153884,2022-06
10,2553,2022-11-24,2021—2023,1,2453,2022-06-29,2022-06-30,2022-07-07,-0.0050573177322476015,0.0,-0.0050573177322476015,2022-06
10,2553,2022-11-24,2021—2023,1,2476,2022-08-01,2022-08-02,2022-08-09,-0.005066727757295664,0.0,-0.005066727757295664,2022-08
10,2553,2022-11-24,2021—2023,1,2477,2022-08-02,2022-08-03,2022-08-10,0.0020654103949819813,0.0020654103949819813,0.0,2022-08
10,2553,2022-11-24,2021—2023,1,2478,2022-08-03,2022-08-04,2022-08-11,0.007398391994553499,0.007398391994553499,0.0,2022-08
10,2553,2022-11-24,2021—2023,1,2479,2022-08-04,2022-08-05,2022-08-12,0.019851900624033192,0.019851900624033192,0.0,2022-08
10,2553,2022-11-24,2021—2023,1,2480,2022-08-05,2022-08-08,2022-08-15,0.0065648490960248385,0.0065648490960248385,0.0,2022-08
10,2553,2022-11-24,2021—2023,1,2481,2022-08-08,2022-08-09,2022-08-16,0.00822566148249515,0.00822566148249515,0.0,2022-08
10,2553,2022-11-24,2021—2023,1,2482,2022-08-09,2022-08-10,2022-08-17,0.0049005356260158894,0.0049005356260158894,0.0,2022-08
10,2553,2022-11-24,2021—2023,1,2483,2022-08-10,2022-08-11,2022-08-18,0.017571481436079006,0.017571481436079006,0.0,2022-08
10,2553,2022-11-24,2021—2023,1,2484,2022-08-11,2022-08-12,2022-08-19,-0.007137102875551471,0.0,-0.007137102875551471,2022-08
10,2553,2022-11-24,2021—2023,1,2485,2022-08-12,2022-08-15,2022-08-22,-0.01303382579155754,0.0,-0.01303382579155754,2022-08
10,2553,2022-11-24,2021—2023,1,2486,2022-08-15,2022-08-16,2022-08-23,-0.007140081687653788,0.0,-0.007140081687653788,2022-08
10,2553,2022-11-24,2021—2023,1,2487,2022-08-16,2022-08-17,2022-08-24,-0.0036269387552688714,0.0,-0.0036269387552688714,2022-08
10,2553,2022-11-24,2021—2023,1,2488,2022-08-17,2022-08-18,2022-08-25,-0.030483525887890384,0.0,-0.030483525887890384,2022-08
10,2553,2022-11-24,2021—2023,1,2489,2022-08-18,2022-08-19,2022-08-26,-0.016353270012749554,0.0,-0.016353270012749554,2022-08
10,2553,2022-11-24,2021—2023,1,2490,2022-08-19,2022-08-22,2022-08-29,-0.01719559500813228,0.0,-0.01719559500813228,2022-08
10,2553,2022-11-24,2021—2023,1,2491,2022-08-22,2022-08-23,2022-08-30,-0.021783358388593688,0.0,-0.021783358388593688,2022-08
10,2553,2022-11-24,2021—2023,1,2492,2022-08-23,2022-08-24,2022-08-31,-0.02908560567280516,0.0,-0.02908560567280516,2022-08
10,2553,2022-11-24,2021—2023,1,2493,2022-08-24,2022-08-25,2022-09-01,-0.008729841396774574,0.0,-0.008729841396774574,2022-08
10,2553,2022-11-24,2021—2023,1,2494,2022-08-25,2022-08-26,2022-09-02,-0.019666034159949497,0.0,-0.019666034159949497,2022-08
10,2553,2022-11-24,2021—2023,1,2495,2022-08-26,2022-08-29,2022-09-05,-0.01911594262439742,0.0,-0.01911594262439742,2022-08
10,2553,2022-11-24,2021—2023,1,2496,2022-08-29,2022-08-30,2022-09-06,-0.017376939582426254,0.0,-0.017376939582426254,2022-08
10,2553,2022-11-24,2021—2023,1,2497,2022-08-30,2022-08-31,2022-09-07,-0.009753521696189482,0.0,-0.009753521696189482,2022-08
10,2553,2022-11-24,2021—2023,1,2535,2022-10-31,2022-11-01,2022-11-08,0.06629624550291346,0.06629624550291346,0.0,2022-10
10,2553,2022-11-24,2021—2023,1,2536,2022-11-01,2022-11-02,2022-11-09,0.031161728856844206,0.031161728856844206,0.0,2022-11
10,2553,2022-11-24,2021—2023,1,2537,2022-11-02,2022-11-03,2022-11-10,0.005913571147730279,0.005913571147730279,0.0,2022-11
10,2553,2022-11-24,2021—2023,1,2538,2022-11-03,2022-11-04,2022-11-11,0.03395277100807026,0.03395277100807026,0.0,2022-11
10,2553,2022-11-24,2021—2023,1,2539,2022-11-04,2022-11-07,2022-11-14,0.020158900257411405,0.020158900257411405,0.0,2022-11
10,2553,2022-11-24,2021—2023,1,2540,2022-11-07,2022-11-08,2022-11-15,-0.000799680127948732,0.0,-0.000799680127948732,2022-11
10,2553,2022-11-24,2021—2023,1,2541,2022-11-08,2022-11-09,2022-11-16,0.02512976460791827,0.02512976460791827,0.0,2022-11
10,2553,2022-11-24,2021—2023,1,2542,2022-11-09,2022-11-10,2022-11-17,0.03327001644733674,0.03327001644733674,0.0,2022-11
10,2553,2022-11-24,2021—2023,1,2543,2022-11-10,2022-11-11,2022-11-18,0.007513999080555056,0.007513999080555056,0.0,2022-11
10,2553,2022-11-24,2021—2023,1,2544,2022-11-11,2022-11-14,2022-11-21,-0.018468778557259924,0.0,-0.018468778557259924,2022-11
10,2553,2022-11-24,2021—2023,1,2545,2022-11-14,2022-11-15,2022-11-22,-0.006775137059060965,0.0,-0.006775137059060965,2022-11
10,2553,2022-11-24,2021—2023,1,2546,2022-11-15,2022-11-16,2022-11-23,-0.02780509417854493,0.0,-0.02780509417854493,2022-11
10,2553,2022-11-24,2021—2023,1,2547,2022-11-16,2022-11-17,2022-11-24,-0.012101688887426909,0.0,-0.012101688887426909,2022-11
10,2559,2022-12-02,2021—2023,1,2415,2022-05-05,2022-05-06,2022-05-13,0.01318759846532247,0.01318759846532247,0.0,2022-05
10,2559,2022-12-02,2021—2023,1,2416,2022-05-06,2022-05-09,2022-05-16,0.02854314224851029,0.02854314224851029,0.0,2022-05
10,2559,2022-12-02,2021—2023,1,2417,2022-05-09,2022-05-10,2022-05-17,0.030189331616845116,0.030189331616845116,0.0,2022-05
10,2559,2022-12-02,2021—2023,1,2418,2022-05-10,2022-05-11,2022-05-18,0.0219268285530152,0.0219268285530152,0.0,2022-05
10,2559,2022-12-02,2021—2023,1,2419,2022-05-11,2022-05-12,2022-05-19,-0.0048378728831781626,0.0,-0.0048378728831781626,2022-05
10,2559,2022-12-02,2021—2023,1,2420,2022-05-12,2022-05-13,2022-05-20,0.004957235542656813,0.004957235542656813,0.0,2022-05
10,2559,2022-12-02,2021—2023,1,2421,2022-05-13,2022-05-16,2022-05-23,0.01666885693275133,0.01666885693275133,0.0,2022-05
10,2559,2022-12-02,2021—2023,1,2422,2022-05-16,2022-05-17,2022-05-24,0.018609609637477265,0.018609609637477265,0.0,2022-05
10,2559,2022-12-02,2021—2023,1,2423,2022-05-17,2022-05-18,2022-05-25,-0.014746643715395136,0.0,-0.014746643715395136,2022-05
10,2559,2022-12-02,2021—2023,1,2424,2022-05-18,2022-05-19,2022-05-26,0.006281466153098547,0.006281466153098547,0.0,2022-05
10,2559,2022-12-02,2021—2023,1,2425,2022-05-19,2022-05-20,2022-05-27,-0.002785668341359071,0.0,-0.002785668341359071,2022-05
10,2559,2022-12-02,2021—2023,1,2426,2022-05-20,2022-05-23,2022-05-30,-0.017681370155169907,0.0,-0.017681370155169907,2022-05
10,2559,2022-12-02,2021—2023,1,2427,2022-05-23,2022-05-24,2022-05-31,-0.008445992128944702,0.0,-0.008445992128944702,2022-05
10,2559,2022-12-02,2021—2023,1,2428,2022-05-24,2022-05-25,2022-06-01,0.029448563662324956,0.029448563662324956,0.0,2022-05
10,2559,2022-12-02,2021—2023,1,2429,2022-05-25,2022-05-26,2022-06-02,0.0177457985955356,0.0177457985955356,0.0,2022-05
10,2559,2022-12-02,2021—2023,1,2430,2022-05-26,2022-05-27,2022-06-06,0.014087833950105155,0.014087833950105155,0.0,2022-05
10,2559,2022-12-02,2021—2023,1,2431,2022-05-27,2022-05-30,2022-06-07,0.0317208768666446,0.0317208768666446,0.0,2022-05
10,2559,2022-12-02,2021—2023,1,2432,2022-05-30,2022-05-31,2022-06-08,0.03639139877547737,0.03639139877547737,0.0,2022-05
10,2559,2022-12-02,2021—2023,1,2433,2022-05-31,2022-06-01,2022-06-09,0.027511809150301936,0.027511809150301936,0.0,2022-05
10,2559,2022-12-02,2021—2023,1,2434,2022-06-01,2022-06-02,2022-06-10,0.019572126934045864,0.019572126934045864,0.0,2022-06
10,2559,2022-12-02,2021—2023,1,2435,2022-06-02,2022-06-06,2022-06-13,0.02553999147229069,0.02553999147229069,0.0,2022-06
10,2559,2022-12-02,2021—2023,1,2436,2022-06-06,2022-06-07,2022-06-14,-0.002238758841158761,0.0,-0.002238758841158761,2022-06
10,2559,2022-12-02,2021—2023,1,2437,2022-06-07,2022-06-08,2022-06-15,0.008262279813611384,0.008262279813611384,0.0,2022-06
10,2559,2022-12-02,2021—2023,1,2438,2022-06-08,2022-06-09,2022-06-16,0.016485064741875943,0.016485064741875943,0.0,2022-06
10,2559,2022-12-02,2021—2023,1,2439,2022-06-09,2022-06-10,2022-06-17,0.016477558832374672,0.016477558832374672,0.0,2022-06
10,2559,2022-12-02,2021—2023,1,2440,2022-06-10,2022-06-13,2022-06-20,0.0255137802530232,0.0255137802530232,0.0,2022-06
10,2559,2022-12-02,2021—2023,1,2441,2022-06-13,2022-06-14,2022-06-21,0.039216255943665734,0.039216255943665734,0.0,2022-06
10,2559,2022-12-02,2021—2023,1,2442,2022-06-14,2022-06-15,2022-06-22,0.022070171459495525,0.022070171459495525,0.0,2022-06
10,2559,2022-12-02,2021—2023,1,2443,2022-06-15,2022-06-16,2022-06-23,-0.004747252853448569,0.0,-0.004747252853448569,2022-06
10,2559,2022-12-02,2021—2023,1,2444,2022-06-16,2022-06-17,2022-06-24,0.028380922713344914,0.028380922713344914,0.0,2022-06
10,2559,2022-12-02,2021—2023,1,2445,2022-06-17,2022-06-20,2022-06-27,0.01947929315358743,0.01947929315358743,0.0,2022-06
10,2559,2022-12-02,2021—2023,1,2446,2022-06-20,2022-06-21,2022-06-28,0.024025172539679618,0.024025172539679618,0.0,2022-06
10,2559,2022-12-02,2021—2023,1,2447,2022-06-21,2022-06-22,2022-06-29,0.03323522144651925,0.03323522144651925,0.0,2022-06
10,2559,2022-12-02,2021—2023,1,2448,2022-06-22,2022-06-23,2022-06-30,0.034786364783695456,0.034786364783695456,0.0,2022-06
10,2559,2022-12-02,2021—2023,1,2449,2022-06-23,2022-06-24,2022-07-01,0.029997590005093944,0.029997590005093944,0.0,2022-06
10,2559,2022-12-02,2021—2023,1,2450,2022-06-24,2022-06-27,2022-07-04,0.007988955973767586,0.007988955973767586,0.0,2022-06
10,2559,2022-12-02,2021—2023,1,2451,2022-06-27,2022-06-28,2022-07-05,0.0117322835703344,0.0117322835703344,0.0,2022-06
10,2559,2022-12-02,2021—2023,1,2452,2022-06-28,2022-06-29,2022-07-06,-0.0025748528037153884,0.0,-0.0025748528037153884,2022-06
10,2559,2022-12-02,2021—2023,1,2453,2022-06-29,2022-06-30,2022-07-07,-0.0050573177322476015,0.0,-0.0050573177322476015,2022-06
10,2559,2022-12-02,2021—2023,1,2476,2022-08-01,2022-08-02,2022-08-09,-0.005066727757295664,0.0,-0.005066727757295664,2022-08
10,2559,2022-12-02,2021—2023,1,2477,2022-08-02,2022-08-03,2022-08-10,0.0020654103949819813,0.0020654103949819813,0.0,2022-08
10,2559,2022-12-02,2021—2023,1,2478,2022-08-03,2022-08-04,2022-08-11,0.007398391994553499,0.007398391994553499,0.0,2022-08
10,2559,2022-12-02,2021—2023,1,2479,2022-08-04,2022-08-05,2022-08-12,0.019851900624033192,0.019851900624033192,0.0,2022-08
10,2559,2022-12-02,2021—2023,1,2480,2022-08-05,2022-08-08,2022-08-15,0.0065648490960248385,0.0065648490960248385,0.0,2022-08
10,2559,2022-12-02,2021—2023,1,2481,2022-08-08,2022-08-09,2022-08-16,0.00822566148249515,0.00822566148249515,0.0,2022-08
10,2559,2022-12-02,2021—2023,1,2482,2022-08-09,2022-08-10,2022-08-17,0.0049005356260158894,0.0049005356260158894,0.0,2022-08
10,2559,2022-12-02,2021—2023,1,2483,2022-08-10,2022-08-11,2022-08-18,0.017571481436079006,0.017571481436079006,0.0,2022-08
10,2559,2022-12-02,2021—2023,1,2484,2022-08-11,2022-08-12,2022-08-19,-0.007137102875551471,0.0,-0.007137102875551471,2022-08
10,2559,2022-12-02,2021—2023,1,2485,2022-08-12,2022-08-15,2022-08-22,-0.01303382579155754,0.0,-0.01303382579155754,2022-08
10,2559,2022-12-02,2021—2023,1,2486,2022-08-15,2022-08-16,2022-08-23,-0.007140081687653788,0.0,-0.007140081687653788,2022-08
10,2559,2022-12-02,2021—2023,1,2487,2022-08-16,2022-08-17,2022-08-24,-0.0036269387552688714,0.0,-0.0036269387552688714,2022-08
10,2559,2022-12-02,2021—2023,1,2488,2022-08-17,2022-08-18,2022-08-25,-0.030483525887890384,0.0,-0.030483525887890384,2022-08
10,2559,2022-12-02,2021—2023,1,2489,2022-08-18,2022-08-19,2022-08-26,-0.016353270012749554,0.0,-0.016353270012749554,2022-08
10,2559,2022-12-02,2021—2023,1,2490,2022-08-19,2022-08-22,2022-08-29,-0.01719559500813228,0.0,-0.01719559500813228,2022-08
10,2559,2022-12-02,2021—2023,1,2491,2022-08-22,2022-08-23,2022-08-30,-0.021783358388593688,0.0,-0.021783358388593688,2022-08
10,2559,2022-12-02,2021—2023,1,2492,2022-08-23,2022-08-24,2022-08-31,-0.02908560567280516,0.0,-0.02908560567280516,2022-08
10,2559,2022-12-02,2021—2023,1,2493,2022-08-24,2022-08-25,2022-09-01,-0.008729841396774574,0.0,-0.008729841396774574,2022-08
10,2559,2022-12-02,2021—2023,1,2494,2022-08-25,2022-08-26,2022-09-02,-0.019666034159949497,0.0,-0.019666034159949497,2022-08
10,2559,2022-12-02,2021—2023,1,2495,2022-08-26,2022-08-29,2022-09-05,-0.01911594262439742,0.0,-0.01911594262439742,2022-08
10,2559,2022-12-02,2021—2023,1,2496,2022-08-29,2022-08-30,2022-09-06,-0.017376939582426254,0.0,-0.017376939582426254,2022-08
10,2559,2022-12-02,2021—2023,1,2497,2022-08-30,2022-08-31,2022-09-07,-0.009753521696189482,0.0,-0.009753521696189482,2022-08
10,2559,2022-12-02,2021—2023,1,2535,2022-10-31,2022-11-01,2022-11-08,0.06629624550291346,0.06629624550291346,0.0,2022-10
10,2559,2022-12-02,2021—2023,1,2536,2022-11-01,2022-11-02,2022-11-09,0.031161728856844206,0.031161728856844206,0.0,2022-11
10,2559,2022-12-02,2021—2023,1,2537,2022-11-02,2022-11-03,2022-11-10,0.005913571147730279,0.005913571147730279,0.0,2022-11
10,2559,2022-12-02,2021—2023,1,2538,2022-11-03,2022-11-04,2022-11-11,0.03395277100807026,0.03395277100807026,0.0,2022-11
10,2559,2022-12-02,2021—2023,1,2539,2022-11-04,2022-11-07,2022-11-14,0.020158900257411405,0.020158900257411405,0.0,2022-11
10,2559,2022-12-02,2021—2023,1,2540,2022-11-07,2022-11-08,2022-11-15,-0.000799680127948732,0.0,-0.000799680127948732,2022-11
10,2559,2022-12-02,2021—2023,1,2541,2022-11-08,2022-11-09,2022-11-16,0.02512976460791827,0.02512976460791827,0.0,2022-11
10,2559,2022-12-02,2021—2023,1,2542,2022-11-09,2022-11-10,2022-11-17,0.03327001644733674,0.03327001644733674,0.0,2022-11
10,2559,2022-12-02,2021—2023,1,2543,2022-11-10,2022-11-11,2022-11-18,0.007513999080555056,0.007513999080555056,0.0,2022-11
10,2559,2022-12-02,2021—2023,1,2544,2022-11-11,2022-11-14,2022-11-21,-0.018468778557259924,0.0,-0.018468778557259924,2022-11
10,2559,2022-12-02,2021—2023,1,2545,2022-11-14,2022-11-15,2022-11-22,-0.006775137059060965,0.0,-0.006775137059060965,2022-11
10,2559,2022-12-02,2021—2023,1,2546,2022-11-15,2022-11-16,2022-11-23,-0.02780509417854493,0.0,-0.02780509417854493,2022-11
10,2559,2022-12-02,2021—2023,1,2547,2022-11-16,2022-11-17,2022-11-24,-0.012101688887426909,0.0,-0.012101688887426909,2022-11
10,2559,2022-12-02,2021—2023,1,2548,2022-11-17,2022-11-18,2022-11-25,-0.01905578478850367,0.0,-0.01905578478850367,2022-11
10,2559,2022-12-02,2021—2023,1,2549,2022-11-18,2022-11-21,2022-11-28,-0.019789949159622844,0.0,-0.019789949159622844,2022-11
10,2559,2022-12-02,2021—2023,1,2550,2022-11-21,2022-11-22,2022-11-29,-0.006276894097490215,0.0,-0.006276894097490215,2022-11
10,2559,2022-12-02,2021—2023,1,2551,2022-11-22,2022-11-23,2022-11-30,0.017491120706528918,0.017491120706528918,0.0,2022-11
10,2559,2022-12-02,2021—2023,1,2552,2022-11-23,2022-11-24,2022-12-01,0.030830428596594572,0.030830428596594572,0.0,2022-11
10,2559,2022-12-02,2021—2023,1,2553,2022-11-24,2022-11-25,2022-12-02,0.03265510431976826,0.03265510431976826,0.0,2022-11
10,2565,2022-12-12,2021—2023,1,2415,2022-05-05,2022-05-06,2022-05-13,0.01318759846532247,0.01318759846532247,0.0,2022-05
10,2565,2022-12-12,2021—2023,1,2416,2022-05-06,2022-05-09,2022-05-16,0.02854314224851029,0.02854314224851029,0.0,2022-05
10,2565,2022-12-12,2021—2023,1,2417,2022-05-09,2022-05-10,2022-05-17,0.030189331616845116,0.030189331616845116,0.0,2022-05
10,2565,2022-12-12,2021—2023,1,2418,2022-05-10,2022-05-11,2022-05-18,0.0219268285530152,0.0219268285530152,0.0,2022-05
10,2565,2022-12-12,2021—2023,1,2419,2022-05-11,2022-05-12,2022-05-19,-0.0048378728831781626,0.0,-0.0048378728831781626,2022-05
10,2565,2022-12-12,2021—2023,1,2420,2022-05-12,2022-05-13,2022-05-20,0.004957235542656813,0.004957235542656813,0.0,2022-05
10,2565,2022-12-12,2021—2023,1,2421,2022-05-13,2022-05-16,2022-05-23,0.01666885693275133,0.01666885693275133,0.0,2022-05
10,2565,2022-12-12,2021—2023,1,2422,2022-05-16,2022-05-17,2022-05-24,0.018609609637477265,0.018609609637477265,0.0,2022-05
10,2565,2022-12-12,2021—2023,1,2423,2022-05-17,2022-05-18,2022-05-25,-0.014746643715395136,0.0,-0.014746643715395136,2022-05
10,2565,2022-12-12,2021—2023,1,2424,2022-05-18,2022-05-19,2022-05-26,0.006281466153098547,0.006281466153098547,0.0,2022-05
10,2565,2022-12-12,2021—2023,1,2425,2022-05-19,2022-05-20,2022-05-27,-0.002785668341359071,0.0,-0.002785668341359071,2022-05
10,2565,2022-12-12,2021—2023,1,2426,2022-05-20,2022-05-23,2022-05-30,-0.017681370155169907,0.0,-0.017681370155169907,2022-05
10,2565,2022-12-12,2021—2023,1,2427,2022-05-23,2022-05-24,2022-05-31,-0.008445992128944702,0.0,-0.008445992128944702,2022-05
10,2565,2022-12-12,2021—2023,1,2428,2022-05-24,2022-05-25,2022-06-01,0.029448563662324956,0.029448563662324956,0.0,2022-05
10,2565,2022-12-12,2021—2023,1,2429,2022-05-25,2022-05-26,2022-06-02,0.0177457985955356,0.0177457985955356,0.0,2022-05
10,2565,2022-12-12,2021—2023,1,2430,2022-05-26,2022-05-27,2022-06-06,0.014087833950105155,0.014087833950105155,0.0,2022-05
10,2565,2022-12-12,2021—2023,1,2431,2022-05-27,2022-05-30,2022-06-07,0.0317208768666446,0.0317208768666446,0.0,2022-05
10,2565,2022-12-12,2021—2023,1,2432,2022-05-30,2022-05-31,2022-06-08,0.03639139877547737,0.03639139877547737,0.0,2022-05
10,2565,2022-12-12,2021—2023,1,2433,2022-05-31,2022-06-01,2022-06-09,0.027511809150301936,0.027511809150301936,0.0,2022-05
10,2565,2022-12-12,2021—2023,1,2434,2022-06-01,2022-06-02,2022-06-10,0.019572126934045864,0.019572126934045864,0.0,2022-06
10,2565,2022-12-12,2021—2023,1,2435,2022-06-02,2022-06-06,2022-06-13,0.02553999147229069,0.02553999147229069,0.0,2022-06
10,2565,2022-12-12,2021—2023,1,2436,2022-06-06,2022-06-07,2022-06-14,-0.002238758841158761,0.0,-0.002238758841158761,2022-06
10,2565,2022-12-12,2021—2023,1,2437,2022-06-07,2022-06-08,2022-06-15,0.008262279813611384,0.008262279813611384,0.0,2022-06
10,2565,2022-12-12,2021—2023,1,2438,2022-06-08,2022-06-09,2022-06-16,0.016485064741875943,0.016485064741875943,0.0,2022-06
10,2565,2022-12-12,2021—2023,1,2439,2022-06-09,2022-06-10,2022-06-17,0.016477558832374672,0.016477558832374672,0.0,2022-06
10,2565,2022-12-12,2021—2023,1,2440,2022-06-10,2022-06-13,2022-06-20,0.0255137802530232,0.0255137802530232,0.0,2022-06
10,2565,2022-12-12,2021—2023,1,2441,2022-06-13,2022-06-14,2022-06-21,0.039216255943665734,0.039216255943665734,0.0,2022-06
10,2565,2022-12-12,2021—2023,1,2442,2022-06-14,2022-06-15,2022-06-22,0.022070171459495525,0.022070171459495525,0.0,2022-06
10,2565,2022-12-12,2021—2023,1,2443,2022-06-15,2022-06-16,2022-06-23,-0.004747252853448569,0.0,-0.004747252853448569,2022-06
10,2565,2022-12-12,2021—2023,1,2444,2022-06-16,2022-06-17,2022-06-24,0.028380922713344914,0.028380922713344914,0.0,2022-06
10,2565,2022-12-12,2021—2023,1,2445,2022-06-17,2022-06-20,2022-06-27,0.01947929315358743,0.01947929315358743,0.0,2022-06
10,2565,2022-12-12,2021—2023,1,2446,2022-06-20,2022-06-21,2022-06-28,0.024025172539679618,0.024025172539679618,0.0,2022-06
10,2565,2022-12-12,2021—2023,1,2447,2022-06-21,2022-06-22,2022-06-29,0.03323522144651925,0.03323522144651925,0.0,2022-06
10,2565,2022-12-12,2021—2023,1,2448,2022-06-22,2022-06-23,2022-06-30,0.034786364783695456,0.034786364783695456,0.0,2022-06
10,2565,2022-12-12,2021—2023,1,2449,2022-06-23,2022-06-24,2022-07-01,0.029997590005093944,0.029997590005093944,0.0,2022-06
10,2565,2022-12-12,2021—2023,1,2450,2022-06-24,2022-06-27,2022-07-04,0.007988955973767586,0.007988955973767586,0.0,2022-06
10,2565,2022-12-12,2021—2023,1,2451,2022-06-27,2022-06-28,2022-07-05,0.0117322835703344,0.0117322835703344,0.0,2022-06
10,2565,2022-12-12,2021—2023,1,2452,2022-06-28,2022-06-29,2022-07-06,-0.0025748528037153884,0.0,-0.0025748528037153884,2022-06
10,2565,2022-12-12,2021—2023,1,2453,2022-06-29,2022-06-30,2022-07-07,-0.0050573177322476015,0.0,-0.0050573177322476015,2022-06
10,2565,2022-12-12,2021—2023,1,2535,2022-10-31,2022-11-01,2022-11-08,0.06629624550291346,0.06629624550291346,0.0,2022-10
10,2565,2022-12-12,2021—2023,1,2536,2022-11-01,2022-11-02,2022-11-09,0.031161728856844206,0.031161728856844206,0.0,2022-11
10,2565,2022-12-12,2021—2023,1,2537,2022-11-02,2022-11-03,2022-11-10,0.005913571147730279,0.005913571147730279,0.0,2022-11
10,2565,2022-12-12,2021—2023,1,2538,2022-11-03,2022-11-04,2022-11-11,0.03395277100807026,0.03395277100807026,0.0,2022-11
10,2565,2022-12-12,2021—2023,1,2539,2022-11-04,2022-11-07,2022-11-14,0.020158900257411405,0.020158900257411405,0.0,2022-11
10,2565,2022-12-12,2021—2023,1,2540,2022-11-07,2022-11-08,2022-11-15,-0.000799680127948732,0.0,-0.000799680127948732,2022-11
10,2565,2022-12-12,2021—2023,1,2541,2022-11-08,2022-11-09,2022-11-16,0.02512976460791827,0.02512976460791827,0.0,2022-11
10,2565,2022-12-12,2021—2023,1,2542,2022-11-09,2022-11-10,2022-11-17,0.03327001644733674,0.03327001644733674,0.0,2022-11
10,2565,2022-12-12,2021—2023,1,2543,2022-11-10,2022-11-11,2022-11-18,0.007513999080555056,0.007513999080555056,0.0,2022-11
10,2565,2022-12-12,2021—2023,1,2544,2022-11-11,2022-11-14,2022-11-21,-0.018468778557259924,0.0,-0.018468778557259924,2022-11
10,2565,2022-12-12,2021—2023,1,2545,2022-11-14,2022-11-15,2022-11-22,-0.006775137059060965,0.0,-0.006775137059060965,2022-11
10,2565,2022-12-12,2021—2023,1,2546,2022-11-15,2022-11-16,2022-11-23,-0.02780509417854493,0.0,-0.02780509417854493,2022-11
10,2565,2022-12-12,2021—2023,1,2547,2022-11-16,2022-11-17,2022-11-24,-0.012101688887426909,0.0,-0.012101688887426909,2022-11
10,2565,2022-12-12,2021—2023,1,2548,2022-11-17,2022-11-18,2022-11-25,-0.01905578478850367,0.0,-0.01905578478850367,2022-11
10,2565,2022-12-12,2021—2023,1,2549,2022-11-18,2022-11-21,2022-11-28,-0.019789949159622844,0.0,-0.019789949159622844,2022-11
10,2565,2022-12-12,2021—2023,1,2550,2022-11-21,2022-11-22,2022-11-29,-0.006276894097490215,0.0,-0.006276894097490215,2022-11
10,2565,2022-12-12,2021—2023,1,2551,2022-11-22,2022-11-23,2022-11-30,0.017491120706528918,0.017491120706528918,0.0,2022-11
10,2565,2022-12-12,2021—2023,1,2552,2022-11-23,2022-11-24,2022-12-01,0.030830428596594572,0.030830428596594572,0.0,2022-11
10,2565,2022-12-12,2021—2023,1,2553,2022-11-24,2022-11-25,2022-12-02,0.03265510431976826,0.03265510431976826,0.0,2022-11
10,2565,2022-12-12,2021—2023,1,2554,2022-11-25,2022-11-28,2022-12-05,0.05053635325530803,0.05053635325530803,0.0,2022-11
10,2565,2022-12-12,2021—2023,1,2555,2022-11-28,2022-11-29,2022-12-06,0.04369064317698812,0.04369064317698812,0.0,2022-11
10,2565,2022-12-12,2021—2023,1,2556,2022-11-29,2022-11-30,2022-12-07,0.028136669473676434,0.028136669473676434,0.0,2022-11
10,2565,2022-12-12,2021—2023,1,2557,2022-11-30,2022-12-01,2022-12-08,0.0057212054937061385,0.0057212054937061385,0.0,2022-11
10,2565,2022-12-12,2021—2023,1,2558,2022-12-01,2022-12-02,2022-12-09,0.014091155656959176,0.014091155656959176,0.0,2022-12
10,2565,2022-12-12,2021—2023,1,2559,2022-12-02,2022-12-05,2022-12-12,0.014773577748387723,0.014773577748387723,0.0,2022-12
10,2571,2022-12-20,2021—2023,1,2415,2022-05-05,2022-05-06,2022-05-13,0.01318759846532247,0.01318759846532247,0.0,2022-05
10,2571,2022-12-20,2021—2023,1,2416,2022-05-06,2022-05-09,2022-05-16,0.02854314224851029,0.02854314224851029,0.0,2022-05
10,2571,2022-12-20,2021—2023,1,2417,2022-05-09,2022-05-10,2022-05-17,0.030189331616845116,0.030189331616845116,0.0,2022-05
10,2571,2022-12-20,2021—2023,1,2418,2022-05-10,2022-05-11,2022-05-18,0.0219268285530152,0.0219268285530152,0.0,2022-05
10,2571,2022-12-20,2021—2023,1,2419,2022-05-11,2022-05-12,2022-05-19,-0.0048378728831781626,0.0,-0.0048378728831781626,2022-05
10,2571,2022-12-20,2021—2023,1,2420,2022-05-12,2022-05-13,2022-05-20,0.004957235542656813,0.004957235542656813,0.0,2022-05
10,2571,2022-12-20,2021—2023,1,2421,2022-05-13,2022-05-16,2022-05-23,0.01666885693275133,0.01666885693275133,0.0,2022-05
10,2571,2022-12-20,2021—2023,1,2422,2022-05-16,2022-05-17,2022-05-24,0.018609609637477265,0.018609609637477265,0.0,2022-05
10,2571,2022-12-20,2021—2023,1,2423,2022-05-17,2022-05-18,2022-05-25,-0.014746643715395136,0.0,-0.014746643715395136,2022-05
10,2571,2022-12-20,2021—2023,1,2424,2022-05-18,2022-05-19,2022-05-26,0.006281466153098547,0.006281466153098547,0.0,2022-05
10,2571,2022-12-20,2021—2023,1,2425,2022-05-19,2022-05-20,2022-05-27,-0.002785668341359071,0.0,-0.002785668341359071,2022-05
10,2571,2022-12-20,2021—2023,1,2426,2022-05-20,2022-05-23,2022-05-30,-0.017681370155169907,0.0,-0.017681370155169907,2022-05
10,2571,2022-12-20,2021—2023,1,2427,2022-05-23,2022-05-24,2022-05-31,-0.008445992128944702,0.0,-0.008445992128944702,2022-05
10,2571,2022-12-20,2021—2023,1,2428,2022-05-24,2022-05-25,2022-06-01,0.029448563662324956,0.029448563662324956,0.0,2022-05
10,2571,2022-12-20,2021—2023,1,2429,2022-05-25,2022-05-26,2022-06-02,0.0177457985955356,0.0177457985955356,0.0,2022-05
10,2571,2022-12-20,2021—2023,1,2430,2022-05-26,2022-05-27,2022-06-06,0.014087833950105155,0.014087833950105155,0.0,2022-05
10,2571,2022-12-20,2021—2023,1,2431,2022-05-27,2022-05-30,2022-06-07,0.0317208768666446,0.0317208768666446,0.0,2022-05
10,2571,2022-12-20,2021—2023,1,2432,2022-05-30,2022-05-31,2022-06-08,0.03639139877547737,0.03639139877547737,0.0,2022-05
10,2571,2022-12-20,2021—2023,1,2433,2022-05-31,2022-06-01,2022-06-09,0.027511809150301936,0.027511809150301936,0.0,2022-05
10,2571,2022-12-20,2021—2023,1,2434,2022-06-01,2022-06-02,2022-06-10,0.019572126934045864,0.019572126934045864,0.0,2022-06
10,2571,2022-12-20,2021—2023,1,2435,2022-06-02,2022-06-06,2022-06-13,0.02553999147229069,0.02553999147229069,0.0,2022-06
10,2571,2022-12-20,2021—2023,1,2436,2022-06-06,2022-06-07,2022-06-14,-0.002238758841158761,0.0,-0.002238758841158761,2022-06
10,2571,2022-12-20,2021—2023,1,2437,2022-06-07,2022-06-08,2022-06-15,0.008262279813611384,0.008262279813611384,0.0,2022-06
10,2571,2022-12-20,2021—2023,1,2438,2022-06-08,2022-06-09,2022-06-16,0.016485064741875943,0.016485064741875943,0.0,2022-06
10,2571,2022-12-20,2021—2023,1,2439,2022-06-09,2022-06-10,2022-06-17,0.016477558832374672,0.016477558832374672,0.0,2022-06
10,2571,2022-12-20,2021—2023,1,2440,2022-06-10,2022-06-13,2022-06-20,0.0255137802530232,0.0255137802530232,0.0,2022-06
10,2571,2022-12-20,2021—2023,1,2441,2022-06-13,2022-06-14,2022-06-21,0.039216255943665734,0.039216255943665734,0.0,2022-06
10,2571,2022-12-20,2021—2023,1,2442,2022-06-14,2022-06-15,2022-06-22,0.022070171459495525,0.022070171459495525,0.0,2022-06
10,2571,2022-12-20,2021—2023,1,2443,2022-06-15,2022-06-16,2022-06-23,-0.004747252853448569,0.0,-0.004747252853448569,2022-06
10,2571,2022-12-20,2021—2023,1,2444,2022-06-16,2022-06-17,2022-06-24,0.028380922713344914,0.028380922713344914,0.0,2022-06
10,2571,2022-12-20,2021—2023,1,2445,2022-06-17,2022-06-20,2022-06-27,0.01947929315358743,0.01947929315358743,0.0,2022-06
10,2571,2022-12-20,2021—2023,1,2446,2022-06-20,2022-06-21,2022-06-28,0.024025172539679618,0.024025172539679618,0.0,2022-06
10,2571,2022-12-20,2021—2023,1,2447,2022-06-21,2022-06-22,2022-06-29,0.03323522144651925,0.03323522144651925,0.0,2022-06
10,2571,2022-12-20,2021—2023,1,2448,2022-06-22,2022-06-23,2022-06-30,0.034786364783695456,0.034786364783695456,0.0,2022-06
10,2571,2022-12-20,2021—2023,1,2449,2022-06-23,2022-06-24,2022-07-01,0.029997590005093944,0.029997590005093944,0.0,2022-06
10,2571,2022-12-20,2021—2023,1,2450,2022-06-24,2022-06-27,2022-07-04,0.007988955973767586,0.007988955973767586,0.0,2022-06
10,2571,2022-12-20,2021—2023,1,2451,2022-06-27,2022-06-28,2022-07-05,0.0117322835703344,0.0117322835703344,0.0,2022-06
10,2571,2022-12-20,2021—2023,1,2452,2022-06-28,2022-06-29,2022-07-06,-0.0025748528037153884,0.0,-0.0025748528037153884,2022-06
10,2571,2022-12-20,2021—2023,1,2453,2022-06-29,2022-06-30,2022-07-07,-0.0050573177322476015,0.0,-0.0050573177322476015,2022-06
10,2571,2022-12-20,2021—2023,1,2535,2022-10-31,2022-11-01,2022-11-08,0.06629624550291346,0.06629624550291346,0.0,2022-10
10,2571,2022-12-20,2021—2023,1,2536,2022-11-01,2022-11-02,2022-11-09,0.031161728856844206,0.031161728856844206,0.0,2022-11
10,2571,2022-12-20,2021—2023,1,2537,2022-11-02,2022-11-03,2022-11-10,0.005913571147730279,0.005913571147730279,0.0,2022-11
10,2571,2022-12-20,2021—2023,1,2538,2022-11-03,2022-11-04,2022-11-11,0.03395277100807026,0.03395277100807026,0.0,2022-11
10,2571,2022-12-20,2021—2023,1,2539,2022-11-04,2022-11-07,2022-11-14,0.020158900257411405,0.020158900257411405,0.0,2022-11
10,2571,2022-12-20,2021—2023,1,2540,2022-11-07,2022-11-08,2022-11-15,-0.000799680127948732,0.0,-0.000799680127948732,2022-11
10,2571,2022-12-20,2021—2023,1,2541,2022-11-08,2022-11-09,2022-11-16,0.02512976460791827,0.02512976460791827,0.0,2022-11
10,2571,2022-12-20,2021—2023,1,2542,2022-11-09,2022-11-10,2022-11-17,0.03327001644733674,0.03327001644733674,0.0,2022-11
10,2571,2022-12-20,2021—2023,1,2543,2022-11-10,2022-11-11,2022-11-18,0.007513999080555056,0.007513999080555056,0.0,2022-11
10,2571,2022-12-20,2021—2023,1,2544,2022-11-11,2022-11-14,2022-11-21,-0.018468778557259924,0.0,-0.018468778557259924,2022-11
10,2571,2022-12-20,2021—2023,1,2545,2022-11-14,2022-11-15,2022-11-22,-0.006775137059060965,0.0,-0.006775137059060965,2022-11
10,2571,2022-12-20,2021—2023,1,2546,2022-11-15,2022-11-16,2022-11-23,-0.02780509417854493,0.0,-0.02780509417854493,2022-11
10,2571,2022-12-20,2021—2023,1,2547,2022-11-16,2022-11-17,2022-11-24,-0.012101688887426909,0.0,-0.012101688887426909,2022-11
10,2571,2022-12-20,2021—2023,1,2548,2022-11-17,2022-11-18,2022-11-25,-0.01905578478850367,0.0,-0.01905578478850367,2022-11
10,2571,2022-12-20,2021—2023,1,2549,2022-11-18,2022-11-21,2022-11-28,-0.019789949159622844,0.0,-0.019789949159622844,2022-11
10,2571,2022-12-20,2021—2023,1,2550,2022-11-21,2022-11-22,2022-11-29,-0.006276894097490215,0.0,-0.006276894097490215,2022-11
10,2571,2022-12-20,2021—2023,1,2551,2022-11-22,2022-11-23,2022-11-30,0.017491120706528918,0.017491120706528918,0.0,2022-11
10,2571,2022-12-20,2021—2023,1,2552,2022-11-23,2022-11-24,2022-12-01,0.030830428596594572,0.030830428596594572,0.0,2022-11
10,2571,2022-12-20,2021—2023,1,2553,2022-11-24,2022-11-25,2022-12-02,0.03265510431976826,0.03265510431976826,0.0,2022-11
10,2571,2022-12-20,2021—2023,1,2554,2022-11-25,2022-11-28,2022-12-05,0.05053635325530803,0.05053635325530803,0.0,2022-11
10,2571,2022-12-20,2021—2023,1,2555,2022-11-28,2022-11-29,2022-12-06,0.04369064317698812,0.04369064317698812,0.0,2022-11
10,2571,2022-12-20,2021—2023,1,2556,2022-11-29,2022-11-30,2022-12-07,0.028136669473676434,0.028136669473676434,0.0,2022-11
10,2571,2022-12-20,2021—2023,1,2557,2022-11-30,2022-12-01,2022-12-08,0.0057212054937061385,0.0057212054937061385,0.0,2022-11
10,2571,2022-12-20,2021—2023,1,2558,2022-12-01,2022-12-02,2022-12-09,0.014091155656959176,0.014091155656959176,0.0,2022-12
10,2571,2022-12-20,2021—2023,1,2559,2022-12-02,2022-12-05,2022-12-12,0.014773577748387723,0.014773577748387723,0.0,2022-12
10,2571,2022-12-20,2021—2023,1,2560,2022-12-05,2022-12-06,2022-12-13,0.003451172083719145,0.003451172083719145,0.0,2022-12
10,2571,2022-12-20,2021—2023,1,2561,2022-12-06,2022-12-07,2022-12-14,-0.005764650661474469,0.0,-0.005764650661474469,2022-12
10,2571,2022-12-20,2021—2023,1,2562,2022-12-07,2022-12-08,2022-12-15,-0.0030366957694533125,0.0,-0.0030366957694533125,2022-12
10,2571,2022-12-20,2021—2023,1,2563,2022-12-08,2022-12-09,2022-12-16,-0.006257080087527789,0.0,-0.006257080087527789,2022-12
10,2571,2022-12-20,2021—2023,1,2564,2022-12-09,2022-12-12,2022-12-19,-0.008941312363943243,0.0,-0.008941312363943243,2022-12
10,2571,2022-12-20,2021—2023,1,2565,2022-12-12,2022-12-13,2022-12-20,-0.02116617931500031,0.0,-0.02116617931500031,2022-12
10,2577,2022-12-28,2021—2023,1,2415,2022-05-05,2022-05-06,2022-05-13,0.01318759846532247,0.01318759846532247,0.0,2022-05
10,2577,2022-12-28,2021—2023,1,2416,2022-05-06,2022-05-09,2022-05-16,0.02854314224851029,0.02854314224851029,0.0,2022-05
10,2577,2022-12-28,2021—2023,1,2417,2022-05-09,2022-05-10,2022-05-17,0.030189331616845116,0.030189331616845116,0.0,2022-05
10,2577,2022-12-28,2021—2023,1,2418,2022-05-10,2022-05-11,2022-05-18,0.0219268285530152,0.0219268285530152,0.0,2022-05
10,2577,2022-12-28,2021—2023,1,2419,2022-05-11,2022-05-12,2022-05-19,-0.0048378728831781626,0.0,-0.0048378728831781626,2022-05
10,2577,2022-12-28,2021—2023,1,2420,2022-05-12,2022-05-13,2022-05-20,0.004957235542656813,0.004957235542656813,0.0,2022-05
10,2577,2022-12-28,2021—2023,1,2421,2022-05-13,2022-05-16,2022-05-23,0.01666885693275133,0.01666885693275133,0.0,2022-05
10,2577,2022-12-28,2021—2023,1,2422,2022-05-16,2022-05-17,2022-05-24,0.018609609637477265,0.018609609637477265,0.0,2022-05
10,2577,2022-12-28,2021—2023,1,2423,2022-05-17,2022-05-18,2022-05-25,-0.014746643715395136,0.0,-0.014746643715395136,2022-05
10,2577,2022-12-28,2021—2023,1,2424,2022-05-18,2022-05-19,2022-05-26,0.006281466153098547,0.006281466153098547,0.0,2022-05
10,2577,2022-12-28,2021—2023,1,2425,2022-05-19,2022-05-20,2022-05-27,-0.002785668341359071,0.0,-0.002785668341359071,2022-05
10,2577,2022-12-28,2021—2023,1,2426,2022-05-20,2022-05-23,2022-05-30,-0.017681370155169907,0.0,-0.017681370155169907,2022-05
10,2577,2022-12-28,2021—2023,1,2427,2022-05-23,2022-05-24,2022-05-31,-0.008445992128944702,0.0,-0.008445992128944702,2022-05
10,2577,2022-12-28,2021—2023,1,2428,2022-05-24,2022-05-25,2022-06-01,0.029448563662324956,0.029448563662324956,0.0,2022-05
10,2577,2022-12-28,2021—2023,1,2429,2022-05-25,2022-05-26,2022-06-02,0.0177457985955356,0.0177457985955356,0.0,2022-05
10,2577,2022-12-28,2021—2023,1,2430,2022-05-26,2022-05-27,2022-06-06,0.014087833950105155,0.014087833950105155,0.0,2022-05
10,2577,2022-12-28,2021—2023,1,2431,2022-05-27,2022-05-30,2022-06-07,0.0317208768666446,0.0317208768666446,0.0,2022-05
10,2577,2022-12-28,2021—2023,1,2432,2022-05-30,2022-05-31,2022-06-08,0.03639139877547737,0.03639139877547737,0.0,2022-05
10,2577,2022-12-28,2021—2023,1,2433,2022-05-31,2022-06-01,2022-06-09,0.027511809150301936,0.027511809150301936,0.0,2022-05
10,2577,2022-12-28,2021—2023,1,2434,2022-06-01,2022-06-02,2022-06-10,0.019572126934045864,0.019572126934045864,0.0,2022-06
10,2577,2022-12-28,2021—2023,1,2435,2022-06-02,2022-06-06,2022-06-13,0.02553999147229069,0.02553999147229069,0.0,2022-06
10,2577,2022-12-28,2021—2023,1,2436,2022-06-06,2022-06-07,2022-06-14,-0.002238758841158761,0.0,-0.002238758841158761,2022-06
10,2577,2022-12-28,2021—2023,1,2437,2022-06-07,2022-06-08,2022-06-15,0.008262279813611384,0.008262279813611384,0.0,2022-06
10,2577,2022-12-28,2021—2023,1,2438,2022-06-08,2022-06-09,2022-06-16,0.016485064741875943,0.016485064741875943,0.0,2022-06
10,2577,2022-12-28,2021—2023,1,2439,2022-06-09,2022-06-10,2022-06-17,0.016477558832374672,0.016477558832374672,0.0,2022-06
10,2577,2022-12-28,2021—2023,1,2440,2022-06-10,2022-06-13,2022-06-20,0.0255137802530232,0.0255137802530232,0.0,2022-06
10,2577,2022-12-28,2021—2023,1,2441,2022-06-13,2022-06-14,2022-06-21,0.039216255943665734,0.039216255943665734,0.0,2022-06
10,2577,2022-12-28,2021—2023,1,2442,2022-06-14,2022-06-15,2022-06-22,0.022070171459495525,0.022070171459495525,0.0,2022-06
10,2577,2022-12-28,2021—2023,1,2443,2022-06-15,2022-06-16,2022-06-23,-0.004747252853448569,0.0,-0.004747252853448569,2022-06
10,2577,2022-12-28,2021—2023,1,2444,2022-06-16,2022-06-17,2022-06-24,0.028380922713344914,0.028380922713344914,0.0,2022-06
10,2577,2022-12-28,2021—2023,1,2445,2022-06-17,2022-06-20,2022-06-27,0.01947929315358743,0.01947929315358743,0.0,2022-06
10,2577,2022-12-28,2021—2023,1,2446,2022-06-20,2022-06-21,2022-06-28,0.024025172539679618,0.024025172539679618,0.0,2022-06
10,2577,2022-12-28,2021—2023,1,2447,2022-06-21,2022-06-22,2022-06-29,0.03323522144651925,0.03323522144651925,0.0,2022-06
10,2577,2022-12-28,2021—2023,1,2448,2022-06-22,2022-06-23,2022-06-30,0.034786364783695456,0.034786364783695456,0.0,2022-06
10,2577,2022-12-28,2021—2023,1,2449,2022-06-23,2022-06-24,2022-07-01,0.029997590005093944,0.029997590005093944,0.0,2022-06
10,2577,2022-12-28,2021—2023,1,2450,2022-06-24,2022-06-27,2022-07-04,0.007988955973767586,0.007988955973767586,0.0,2022-06
10,2577,2022-12-28,2021—2023,1,2451,2022-06-27,2022-06-28,2022-07-05,0.0117322835703344,0.0117322835703344,0.0,2022-06
10,2577,2022-12-28,2021—2023,1,2452,2022-06-28,2022-06-29,2022-07-06,-0.0025748528037153884,0.0,-0.0025748528037153884,2022-06
10,2577,2022-12-28,2021—2023,1,2453,2022-06-29,2022-06-30,2022-07-07,-0.0050573177322476015,0.0,-0.0050573177322476015,2022-06
10,2577,2022-12-28,2021—2023,1,2535,2022-10-31,2022-11-01,2022-11-08,0.06629624550291346,0.06629624550291346,0.0,2022-10
10,2577,2022-12-28,2021—2023,1,2536,2022-11-01,2022-11-02,2022-11-09,0.031161728856844206,0.031161728856844206,0.0,2022-11
10,2577,2022-12-28,2021—2023,1,2537,2022-11-02,2022-11-03,2022-11-10,0.005913571147730279,0.005913571147730279,0.0,2022-11
10,2577,2022-12-28,2021—2023,1,2538,2022-11-03,2022-11-04,2022-11-11,0.03395277100807026,0.03395277100807026,0.0,2022-11
10,2577,2022-12-28,2021—2023,1,2539,2022-11-04,2022-11-07,2022-11-14,0.020158900257411405,0.020158900257411405,0.0,2022-11
10,2577,2022-12-28,2021—2023,1,2540,2022-11-07,2022-11-08,2022-11-15,-0.000799680127948732,0.0,-0.000799680127948732,2022-11
10,2577,2022-12-28,2021—2023,1,2541,2022-11-08,2022-11-09,2022-11-16,0.02512976460791827,0.02512976460791827,0.0,2022-11
10,2577,2022-12-28,2021—2023,1,2542,2022-11-09,2022-11-10,2022-11-17,0.03327001644733674,0.03327001644733674,0.0,2022-11
10,2577,2022-12-28,2021—2023,1,2543,2022-11-10,2022-11-11,2022-11-18,0.007513999080555056,0.007513999080555056,0.0,2022-11
10,2577,2022-12-28,2021—2023,1,2544,2022-11-11,2022-11-14,2022-11-21,-0.018468778557259924,0.0,-0.018468778557259924,2022-11
10,2577,2022-12-28,2021—2023,1,2545,2022-11-14,2022-11-15,2022-11-22,-0.006775137059060965,0.0,-0.006775137059060965,2022-11
10,2577,2022-12-28,2021—2023,1,2546,2022-11-15,2022-11-16,2022-11-23,-0.02780509417854493,0.0,-0.02780509417854493,2022-11
10,2577,2022-12-28,2021—2023,1,2547,2022-11-16,2022-11-17,2022-11-24,-0.012101688887426909,0.0,-0.012101688887426909,2022-11
10,2577,2022-12-28,2021—2023,1,2548,2022-11-17,2022-11-18,2022-11-25,-0.01905578478850367,0.0,-0.01905578478850367,2022-11
10,2577,2022-12-28,2021—2023,1,2549,2022-11-18,2022-11-21,2022-11-28,-0.019789949159622844,0.0,-0.019789949159622844,2022-11
10,2577,2022-12-28,2021—2023,1,2550,2022-11-21,2022-11-22,2022-11-29,-0.006276894097490215,0.0,-0.006276894097490215,2022-11
10,2577,2022-12-28,2021—2023,1,2551,2022-11-22,2022-11-23,2022-11-30,0.017491120706528918,0.017491120706528918,0.0,2022-11
10,2577,2022-12-28,2021—2023,1,2552,2022-11-23,2022-11-24,2022-12-01,0.030830428596594572,0.030830428596594572,0.0,2022-11
10,2577,2022-12-28,2021—2023,1,2553,2022-11-24,2022-11-25,2022-12-02,0.03265510431976826,0.03265510431976826,0.0,2022-11
10,2577,2022-12-28,2021—2023,1,2554,2022-11-25,2022-11-28,2022-12-05,0.05053635325530803,0.05053635325530803,0.0,2022-11
10,2577,2022-12-28,2021—2023,1,2555,2022-11-28,2022-11-29,2022-12-06,0.04369064317698812,0.04369064317698812,0.0,2022-11
10,2577,2022-12-28,2021—2023,1,2556,2022-11-29,2022-11-30,2022-12-07,0.028136669473676434,0.028136669473676434,0.0,2022-11
10,2577,2022-12-28,2021—2023,1,2557,2022-11-30,2022-12-01,2022-12-08,0.0057212054937061385,0.0057212054937061385,0.0,2022-11
10,2577,2022-12-28,2021—2023,1,2558,2022-12-01,2022-12-02,2022-12-09,0.014091155656959176,0.014091155656959176,0.0,2022-12
10,2577,2022-12-28,2021—2023,1,2559,2022-12-02,2022-12-05,2022-12-12,0.014773577748387723,0.014773577748387723,0.0,2022-12
10,2577,2022-12-28,2021—2023,1,2560,2022-12-05,2022-12-06,2022-12-13,0.003451172083719145,0.003451172083719145,0.0,2022-12
10,2577,2022-12-28,2021—2023,1,2561,2022-12-06,2022-12-07,2022-12-14,-0.005764650661474469,0.0,-0.005764650661474469,2022-12
10,2577,2022-12-28,2021—2023,1,2562,2022-12-07,2022-12-08,2022-12-15,-0.0030366957694533125,0.0,-0.0030366957694533125,2022-12
10,2577,2022-12-28,2021—2023,1,2563,2022-12-08,2022-12-09,2022-12-16,-0.006257080087527789,0.0,-0.006257080087527789,2022-12
10,2577,2022-12-28,2021—2023,1,2564,2022-12-09,2022-12-12,2022-12-19,-0.008941312363943243,0.0,-0.008941312363943243,2022-12
10,2577,2022-12-28,2021—2023,1,2565,2022-12-12,2022-12-13,2022-12-20,-0.02116617931500031,0.0,-0.02116617931500031,2022-12
10,2577,2022-12-28,2021—2023,1,2566,2022-12-13,2022-12-14,2022-12-21,-0.030165965992183463,0.0,-0.030165965992183463,2022-12
10,2577,2022-12-28,2021—2023,1,2567,2022-12-14,2022-12-15,2022-12-22,-0.027885687306773432,0.0,-0.027885687306773432,2022-12
10,2577,2022-12-28,2021—2023,1,2568,2022-12-15,2022-12-16,2022-12-23,-0.03463714115947236,0.0,-0.03463714115947236,2022-12
10,2577,2022-12-28,2021—2023,1,2569,2022-12-16,2022-12-19,2022-12-26,-0.03578533821137553,0.0,-0.03578533821137553,2022-12
10,2577,2022-12-28,2021—2023,1,2570,2022-12-19,2022-12-20,2022-12-27,-0.0040890202541419285,0.0,-0.0040890202541419285,2022-12
10,2577,2022-12-28,2021—2023,1,2571,2022-12-20,2022-12-21,2022-12-28,0.0068766347494293445,0.0068766347494293445,0.0,2022-12
10,2583,2023-01-06,2021—2023,1,2415,2022-05-05,2022-05-06,2022-05-13,0.01318759846532247,0.01318759846532247,0.0,2022-05
10,2583,2023-01-06,2021—2023,1,2416,2022-05-06,2022-05-09,2022-05-16,0.02854314224851029,0.02854314224851029,0.0,2022-05
10,2583,2023-01-06,2021—2023,1,2417,2022-05-09,2022-05-10,2022-05-17,0.030189331616845116,0.030189331616845116,0.0,2022-05
10,2583,2023-01-06,2021—2023,1,2418,2022-05-10,2022-05-11,2022-05-18,0.0219268285530152,0.0219268285530152,0.0,2022-05
10,2583,2023-01-06,2021—2023,1,2419,2022-05-11,2022-05-12,2022-05-19,-0.0048378728831781626,0.0,-0.0048378728831781626,2022-05
10,2583,2023-01-06,2021—2023,1,2420,2022-05-12,2022-05-13,2022-05-20,0.004957235542656813,0.004957235542656813,0.0,2022-05
10,2583,2023-01-06,2021—2023,1,2421,2022-05-13,2022-05-16,2022-05-23,0.01666885693275133,0.01666885693275133,0.0,2022-05
10,2583,2023-01-06,2021—2023,1,2422,2022-05-16,2022-05-17,2022-05-24,0.018609609637477265,0.018609609637477265,0.0,2022-05
10,2583,2023-01-06,2021—2023,1,2423,2022-05-17,2022-05-18,2022-05-25,-0.014746643715395136,0.0,-0.014746643715395136,2022-05
10,2583,2023-01-06,2021—2023,1,2424,2022-05-18,2022-05-19,2022-05-26,0.006281466153098547,0.006281466153098547,0.0,2022-05
10,2583,2023-01-06,2021—2023,1,2425,2022-05-19,2022-05-20,2022-05-27,-0.002785668341359071,0.0,-0.002785668341359071,2022-05
10,2583,2023-01-06,2021—2023,1,2426,2022-05-20,2022-05-23,2022-05-30,-0.017681370155169907,0.0,-0.017681370155169907,2022-05
10,2583,2023-01-06,2021—2023,1,2427,2022-05-23,2022-05-24,2022-05-31,-0.008445992128944702,0.0,-0.008445992128944702,2022-05
10,2583,2023-01-06,2021—2023,1,2428,2022-05-24,2022-05-25,2022-06-01,0.029448563662324956,0.029448563662324956,0.0,2022-05
10,2583,2023-01-06,2021—2023,1,2429,2022-05-25,2022-05-26,2022-06-02,0.0177457985955356,0.0177457985955356,0.0,2022-05
10,2583,2023-01-06,2021—2023,1,2430,2022-05-26,2022-05-27,2022-06-06,0.014087833950105155,0.014087833950105155,0.0,2022-05
10,2583,2023-01-06,2021—2023,1,2431,2022-05-27,2022-05-30,2022-06-07,0.0317208768666446,0.0317208768666446,0.0,2022-05
10,2583,2023-01-06,2021—2023,1,2432,2022-05-30,2022-05-31,2022-06-08,0.03639139877547737,0.03639139877547737,0.0,2022-05
10,2583,2023-01-06,2021—2023,1,2433,2022-05-31,2022-06-01,2022-06-09,0.027511809150301936,0.027511809150301936,0.0,2022-05
10,2583,2023-01-06,2021—2023,1,2434,2022-06-01,2022-06-02,2022-06-10,0.019572126934045864,0.019572126934045864,0.0,2022-06
10,2583,2023-01-06,2021—2023,1,2435,2022-06-02,2022-06-06,2022-06-13,0.02553999147229069,0.02553999147229069,0.0,2022-06
10,2583,2023-01-06,2021—2023,1,2436,2022-06-06,2022-06-07,2022-06-14,-0.002238758841158761,0.0,-0.002238758841158761,2022-06
10,2583,2023-01-06,2021—2023,1,2437,2022-06-07,2022-06-08,2022-06-15,0.008262279813611384,0.008262279813611384,0.0,2022-06
10,2583,2023-01-06,2021—2023,1,2438,2022-06-08,2022-06-09,2022-06-16,0.016485064741875943,0.016485064741875943,0.0,2022-06
10,2583,2023-01-06,2021—2023,1,2439,2022-06-09,2022-06-10,2022-06-17,0.016477558832374672,0.016477558832374672,0.0,2022-06
10,2583,2023-01-06,2021—2023,1,2440,2022-06-10,2022-06-13,2022-06-20,0.0255137802530232,0.0255137802530232,0.0,2022-06
10,2583,2023-01-06,2021—2023,1,2441,2022-06-13,2022-06-14,2022-06-21,0.039216255943665734,0.039216255943665734,0.0,2022-06
10,2583,2023-01-06,2021—2023,1,2442,2022-06-14,2022-06-15,2022-06-22,0.022070171459495525,0.022070171459495525,0.0,2022-06
10,2583,2023-01-06,2021—2023,1,2443,2022-06-15,2022-06-16,2022-06-23,-0.004747252853448569,0.0,-0.004747252853448569,2022-06
10,2583,2023-01-06,2021—2023,1,2444,2022-06-16,2022-06-17,2022-06-24,0.028380922713344914,0.028380922713344914,0.0,2022-06
10,2583,2023-01-06,2021—2023,1,2445,2022-06-17,2022-06-20,2022-06-27,0.01947929315358743,0.01947929315358743,0.0,2022-06
10,2583,2023-01-06,2021—2023,1,2446,2022-06-20,2022-06-21,2022-06-28,0.024025172539679618,0.024025172539679618,0.0,2022-06
10,2583,2023-01-06,2021—2023,1,2447,2022-06-21,2022-06-22,2022-06-29,0.03323522144651925,0.03323522144651925,0.0,2022-06
10,2583,2023-01-06,2021—2023,1,2448,2022-06-22,2022-06-23,2022-06-30,0.034786364783695456,0.034786364783695456,0.0,2022-06
10,2583,2023-01-06,2021—2023,1,2449,2022-06-23,2022-06-24,2022-07-01,0.029997590005093944,0.029997590005093944,0.0,2022-06
10,2583,2023-01-06,2021—2023,1,2450,2022-06-24,2022-06-27,2022-07-04,0.007988955973767586,0.007988955973767586,0.0,2022-06
10,2583,2023-01-06,2021—2023,1,2451,2022-06-27,2022-06-28,2022-07-05,0.0117322835703344,0.0117322835703344,0.0,2022-06
10,2583,2023-01-06,2021—2023,1,2452,2022-06-28,2022-06-29,2022-07-06,-0.0025748528037153884,0.0,-0.0025748528037153884,2022-06
10,2583,2023-01-06,2021—2023,1,2453,2022-06-29,2022-06-30,2022-07-07,-0.0050573177322476015,0.0,-0.0050573177322476015,2022-06
10,2583,2023-01-06,2021—2023,1,2535,2022-10-31,2022-11-01,2022-11-08,0.06629624550291346,0.06629624550291346,0.0,2022-10
10,2583,2023-01-06,2021—2023,1,2536,2022-11-01,2022-11-02,2022-11-09,0.031161728856844206,0.031161728856844206,0.0,2022-11
10,2583,2023-01-06,2021—2023,1,2537,2022-11-02,2022-11-03,2022-11-10,0.005913571147730279,0.005913571147730279,0.0,2022-11
10,2583,2023-01-06,2021—2023,1,2538,2022-11-03,2022-11-04,2022-11-11,0.03395277100807026,0.03395277100807026,0.0,2022-11
10,2583,2023-01-06,2021—2023,1,2539,2022-11-04,2022-11-07,2022-11-14,0.020158900257411405,0.020158900257411405,0.0,2022-11
10,2583,2023-01-06,2021—2023,1,2540,2022-11-07,2022-11-08,2022-11-15,-0.000799680127948732,0.0,-0.000799680127948732,2022-11
10,2583,2023-01-06,2021—2023,1,2541,2022-11-08,2022-11-09,2022-11-16,0.02512976460791827,0.02512976460791827,0.0,2022-11
10,2583,2023-01-06,2021—2023,1,2542,2022-11-09,2022-11-10,2022-11-17,0.03327001644733674,0.03327001644733674,0.0,2022-11
10,2583,2023-01-06,2021—2023,1,2543,2022-11-10,2022-11-11,2022-11-18,0.007513999080555056,0.007513999080555056,0.0,2022-11
10,2583,2023-01-06,2021—2023,1,2544,2022-11-11,2022-11-14,2022-11-21,-0.018468778557259924,0.0,-0.018468778557259924,2022-11
10,2583,2023-01-06,2021—2023,1,2545,2022-11-14,2022-11-15,2022-11-22,-0.006775137059060965,0.0,-0.006775137059060965,2022-11
10,2583,2023-01-06,2021—2023,1,2546,2022-11-15,2022-11-16,2022-11-23,-0.02780509417854493,0.0,-0.02780509417854493,2022-11
10,2583,2023-01-06,2021—2023,1,2547,2022-11-16,2022-11-17,2022-11-24,-0.012101688887426909,0.0,-0.012101688887426909,2022-11
10,2583,2023-01-06,2021—2023,1,2548,2022-11-17,2022-11-18,2022-11-25,-0.01905578478850367,0.0,-0.01905578478850367,2022-11
10,2583,2023-01-06,2021—2023,1,2549,2022-11-18,2022-11-21,2022-11-28,-0.019789949159622844,0.0,-0.019789949159622844,2022-11
10,2583,2023-01-06,2021—2023,1,2550,2022-11-21,2022-11-22,2022-11-29,-0.006276894097490215,0.0,-0.006276894097490215,2022-11
10,2583,2023-01-06,2021—2023,1,2551,2022-11-22,2022-11-23,2022-11-30,0.017491120706528918,0.017491120706528918,0.0,2022-11
10,2583,2023-01-06,2021—2023,1,2552,2022-11-23,2022-11-24,2022-12-01,0.030830428596594572,0.030830428596594572,0.0,2022-11
10,2583,2023-01-06,2021—2023,1,2553,2022-11-24,2022-11-25,2022-12-02,0.03265510431976826,0.03265510431976826,0.0,2022-11
10,2583,2023-01-06,2021—2023,1,2554,2022-11-25,2022-11-28,2022-12-05,0.05053635325530803,0.05053635325530803,0.0,2022-11
10,2583,2023-01-06,2021—2023,1,2555,2022-11-28,2022-11-29,2022-12-06,0.04369064317698812,0.04369064317698812,0.0,2022-11
10,2583,2023-01-06,2021—2023,1,2556,2022-11-29,2022-11-30,2022-12-07,0.028136669473676434,0.028136669473676434,0.0,2022-11
10,2583,2023-01-06,2021—2023,1,2557,2022-11-30,2022-12-01,2022-12-08,0.0057212054937061385,0.0057212054937061385,0.0,2022-11
10,2583,2023-01-06,2021—2023,1,2558,2022-12-01,2022-12-02,2022-12-09,0.014091155656959176,0.014091155656959176,0.0,2022-12
10,2583,2023-01-06,2021—2023,1,2559,2022-12-02,2022-12-05,2022-12-12,0.014773577748387723,0.014773577748387723,0.0,2022-12
10,2583,2023-01-06,2021—2023,1,2560,2022-12-05,2022-12-06,2022-12-13,0.003451172083719145,0.003451172083719145,0.0,2022-12
10,2583,2023-01-06,2021—2023,1,2561,2022-12-06,2022-12-07,2022-12-14,-0.005764650661474469,0.0,-0.005764650661474469,2022-12
10,2583,2023-01-06,2021—2023,1,2562,2022-12-07,2022-12-08,2022-12-15,-0.0030366957694533125,0.0,-0.0030366957694533125,2022-12
10,2583,2023-01-06,2021—2023,1,2563,2022-12-08,2022-12-09,2022-12-16,-0.006257080087527789,0.0,-0.006257080087527789,2022-12
10,2583,2023-01-06,2021—2023,1,2564,2022-12-09,2022-12-12,2022-12-19,-0.008941312363943243,0.0,-0.008941312363943243,2022-12
10,2583,2023-01-06,2021—2023,1,2565,2022-12-12,2022-12-13,2022-12-20,-0.02116617931500031,0.0,-0.02116617931500031,2022-12
10,2583,2023-01-06,2021—2023,1,2566,2022-12-13,2022-12-14,2022-12-21,-0.030165965992183463,0.0,-0.030165965992183463,2022-12
10,2583,2023-01-06,2021—2023,1,2567,2022-12-14,2022-12-15,2022-12-22,-0.027885687306773432,0.0,-0.027885687306773432,2022-12
10,2583,2023-01-06,2021—2023,1,2568,2022-12-15,2022-12-16,2022-12-23,-0.03463714115947236,0.0,-0.03463714115947236,2022-12
10,2583,2023-01-06,2021—2023,1,2569,2022-12-16,2022-12-19,2022-12-26,-0.03578533821137553,0.0,-0.03578533821137553,2022-12
10,2583,2023-01-06,2021—2023,1,2570,2022-12-19,2022-12-20,2022-12-27,-0.0040890202541419285,0.0,-0.0040890202541419285,2022-12
10,2583,2023-01-06,2021—2023,1,2571,2022-12-20,2022-12-21,2022-12-28,0.0068766347494293445,0.0068766347494293445,0.0,2022-12
10,2583,2023-01-06,2021—2023,1,2572,2022-12-21,2022-12-22,2022-12-29,-0.0020741703318672977,0.0,-0.0020741703318672977,2022-12
10,2583,2023-01-06,2021—2023,1,2573,2022-12-22,2022-12-23,2022-12-30,0.010765138389088547,0.010765138389088547,0.0,2022-12
10,2583,2023-01-06,2021—2023,1,2574,2022-12-23,2022-12-26,2023-01-03,0.00920771906953699,0.00920771906953699,0.0,2022-12
10,2583,2023-01-06,2021—2023,1,2575,2022-12-26,2022-12-27,2023-01-04,-0.000799680127948732,0.0,-0.000799680127948732,2022-12
10,2583,2023-01-06,2021—2023,1,2576,2022-12-27,2022-12-28,2023-01-05,0.006295833175733012,0.006295833175733012,0.0,2022-12
10,2583,2023-01-06,2021—2023,1,2577,2022-12-28,2022-12-29,2023-01-06,0.02518003759495424,0.02518003759495424,0.0,2022-12
10,2589,2023-01-16,2021—2023,1,2415,2022-05-05,2022-05-06,2022-05-13,0.01318759846532247,0.01318759846532247,0.0,2022-05
10,2589,2023-01-16,2021—2023,1,2416,2022-05-06,2022-05-09,2022-05-16,0.02854314224851029,0.02854314224851029,0.0,2022-05
10,2589,2023-01-16,2021—2023,1,2417,2022-05-09,2022-05-10,2022-05-17,0.030189331616845116,0.030189331616845116,0.0,2022-05
10,2589,2023-01-16,2021—2023,1,2418,2022-05-10,2022-05-11,2022-05-18,0.0219268285530152,0.0219268285530152,0.0,2022-05
10,2589,2023-01-16,2021—2023,1,2419,2022-05-11,2022-05-12,2022-05-19,-0.0048378728831781626,0.0,-0.0048378728831781626,2022-05
10,2589,2023-01-16,2021—2023,1,2420,2022-05-12,2022-05-13,2022-05-20,0.004957235542656813,0.004957235542656813,0.0,2022-05
10,2589,2023-01-16,2021—2023,1,2421,2022-05-13,2022-05-16,2022-05-23,0.01666885693275133,0.01666885693275133,0.0,2022-05
10,2589,2023-01-16,2021—2023,1,2422,2022-05-16,2022-05-17,2022-05-24,0.018609609637477265,0.018609609637477265,0.0,2022-05
10,2589,2023-01-16,2021—2023,1,2423,2022-05-17,2022-05-18,2022-05-25,-0.014746643715395136,0.0,-0.014746643715395136,2022-05
10,2589,2023-01-16,2021—2023,1,2424,2022-05-18,2022-05-19,2022-05-26,0.006281466153098547,0.006281466153098547,0.0,2022-05
10,2589,2023-01-16,2021—2023,1,2425,2022-05-19,2022-05-20,2022-05-27,-0.002785668341359071,0.0,-0.002785668341359071,2022-05
10,2589,2023-01-16,2021—2023,1,2426,2022-05-20,2022-05-23,2022-05-30,-0.017681370155169907,0.0,-0.017681370155169907,2022-05
10,2589,2023-01-16,2021—2023,1,2427,2022-05-23,2022-05-24,2022-05-31,-0.008445992128944702,0.0,-0.008445992128944702,2022-05
10,2589,2023-01-16,2021—2023,1,2428,2022-05-24,2022-05-25,2022-06-01,0.029448563662324956,0.029448563662324956,0.0,2022-05
10,2589,2023-01-16,2021—2023,1,2429,2022-05-25,2022-05-26,2022-06-02,0.0177457985955356,0.0177457985955356,0.0,2022-05
10,2589,2023-01-16,2021—2023,1,2430,2022-05-26,2022-05-27,2022-06-06,0.014087833950105155,0.014087833950105155,0.0,2022-05
10,2589,2023-01-16,2021—2023,1,2431,2022-05-27,2022-05-30,2022-06-07,0.0317208768666446,0.0317208768666446,0.0,2022-05
10,2589,2023-01-16,2021—2023,1,2432,2022-05-30,2022-05-31,2022-06-08,0.03639139877547737,0.03639139877547737,0.0,2022-05
10,2589,2023-01-16,2021—2023,1,2433,2022-05-31,2022-06-01,2022-06-09,0.027511809150301936,0.027511809150301936,0.0,2022-05
10,2589,2023-01-16,2021—2023,1,2434,2022-06-01,2022-06-02,2022-06-10,0.019572126934045864,0.019572126934045864,0.0,2022-06
10,2589,2023-01-16,2021—2023,1,2435,2022-06-02,2022-06-06,2022-06-13,0.02553999147229069,0.02553999147229069,0.0,2022-06
10,2589,2023-01-16,2021—2023,1,2436,2022-06-06,2022-06-07,2022-06-14,-0.002238758841158761,0.0,-0.002238758841158761,2022-06
10,2589,2023-01-16,2021—2023,1,2437,2022-06-07,2022-06-08,2022-06-15,0.008262279813611384,0.008262279813611384,0.0,2022-06
10,2589,2023-01-16,2021—2023,1,2438,2022-06-08,2022-06-09,2022-06-16,0.016485064741875943,0.016485064741875943,0.0,2022-06
10,2589,2023-01-16,2021—2023,1,2439,2022-06-09,2022-06-10,2022-06-17,0.016477558832374672,0.016477558832374672,0.0,2022-06
10,2589,2023-01-16,2021—2023,1,2440,2022-06-10,2022-06-13,2022-06-20,0.0255137802530232,0.0255137802530232,0.0,2022-06
10,2589,2023-01-16,2021—2023,1,2441,2022-06-13,2022-06-14,2022-06-21,0.039216255943665734,0.039216255943665734,0.0,2022-06
10,2589,2023-01-16,2021—2023,1,2442,2022-06-14,2022-06-15,2022-06-22,0.022070171459495525,0.022070171459495525,0.0,2022-06
10,2589,2023-01-16,2021—2023,1,2443,2022-06-15,2022-06-16,2022-06-23,-0.004747252853448569,0.0,-0.004747252853448569,2022-06
10,2589,2023-01-16,2021—2023,1,2444,2022-06-16,2022-06-17,2022-06-24,0.028380922713344914,0.028380922713344914,0.0,2022-06
10,2589,2023-01-16,2021—2023,1,2445,2022-06-17,2022-06-20,2022-06-27,0.01947929315358743,0.01947929315358743,0.0,2022-06
10,2589,2023-01-16,2021—2023,1,2446,2022-06-20,2022-06-21,2022-06-28,0.024025172539679618,0.024025172539679618,0.0,2022-06
10,2589,2023-01-16,2021—2023,1,2447,2022-06-21,2022-06-22,2022-06-29,0.03323522144651925,0.03323522144651925,0.0,2022-06
10,2589,2023-01-16,2021—2023,1,2448,2022-06-22,2022-06-23,2022-06-30,0.034786364783695456,0.034786364783695456,0.0,2022-06
10,2589,2023-01-16,2021—2023,1,2449,2022-06-23,2022-06-24,2022-07-01,0.029997590005093944,0.029997590005093944,0.0,2022-06
10,2589,2023-01-16,2021—2023,1,2450,2022-06-24,2022-06-27,2022-07-04,0.007988955973767586,0.007988955973767586,0.0,2022-06
10,2589,2023-01-16,2021—2023,1,2451,2022-06-27,2022-06-28,2022-07-05,0.0117322835703344,0.0117322835703344,0.0,2022-06
10,2589,2023-01-16,2021—2023,1,2452,2022-06-28,2022-06-29,2022-07-06,-0.0025748528037153884,0.0,-0.0025748528037153884,2022-06
10,2589,2023-01-16,2021—2023,1,2453,2022-06-29,2022-06-30,2022-07-07,-0.0050573177322476015,0.0,-0.0050573177322476015,2022-06
10,2589,2023-01-16,2021—2023,1,2535,2022-10-31,2022-11-01,2022-11-08,0.06629624550291346,0.06629624550291346,0.0,2022-10
10,2589,2023-01-16,2021—2023,1,2536,2022-11-01,2022-11-02,2022-11-09,0.031161728856844206,0.031161728856844206,0.0,2022-11
10,2589,2023-01-16,2021—2023,1,2537,2022-11-02,2022-11-03,2022-11-10,0.005913571147730279,0.005913571147730279,0.0,2022-11
10,2589,2023-01-16,2021—2023,1,2538,2022-11-03,2022-11-04,2022-11-11,0.03395277100807026,0.03395277100807026,0.0,2022-11
10,2589,2023-01-16,2021—2023,1,2539,2022-11-04,2022-11-07,2022-11-14,0.020158900257411405,0.020158900257411405,0.0,2022-11
10,2589,2023-01-16,2021—2023,1,2540,2022-11-07,2022-11-08,2022-11-15,-0.000799680127948732,0.0,-0.000799680127948732,2022-11
10,2589,2023-01-16,2021—2023,1,2541,2022-11-08,2022-11-09,2022-11-16,0.02512976460791827,0.02512976460791827,0.0,2022-11
10,2589,2023-01-16,2021—2023,1,2542,2022-11-09,2022-11-10,2022-11-17,0.03327001644733674,0.03327001644733674,0.0,2022-11
10,2589,2023-01-16,2021—2023,1,2543,2022-11-10,2022-11-11,2022-11-18,0.007513999080555056,0.007513999080555056,0.0,2022-11
10,2589,2023-01-16,2021—2023,1,2544,2022-11-11,2022-11-14,2022-11-21,-0.018468778557259924,0.0,-0.018468778557259924,2022-11
10,2589,2023-01-16,2021—2023,1,2545,2022-11-14,2022-11-15,2022-11-22,-0.006775137059060965,0.0,-0.006775137059060965,2022-11
10,2589,2023-01-16,2021—2023,1,2546,2022-11-15,2022-11-16,2022-11-23,-0.02780509417854493,0.0,-0.02780509417854493,2022-11
10,2589,2023-01-16,2021—2023,1,2547,2022-11-16,2022-11-17,2022-11-24,-0.012101688887426909,0.0,-0.012101688887426909,2022-11
10,2589,2023-01-16,2021—2023,1,2548,2022-11-17,2022-11-18,2022-11-25,-0.01905578478850367,0.0,-0.01905578478850367,2022-11
10,2589,2023-01-16,2021—2023,1,2549,2022-11-18,2022-11-21,2022-11-28,-0.019789949159622844,0.0,-0.019789949159622844,2022-11
10,2589,2023-01-16,2021—2023,1,2550,2022-11-21,2022-11-22,2022-11-29,-0.006276894097490215,0.0,-0.006276894097490215,2022-11
10,2589,2023-01-16,2021—2023,1,2551,2022-11-22,2022-11-23,2022-11-30,0.017491120706528918,0.017491120706528918,0.0,2022-11
10,2589,2023-01-16,2021—2023,1,2552,2022-11-23,2022-11-24,2022-12-01,0.030830428596594572,0.030830428596594572,0.0,2022-11
10,2589,2023-01-16,2021—2023,1,2553,2022-11-24,2022-11-25,2022-12-02,0.03265510431976826,0.03265510431976826,0.0,2022-11
10,2589,2023-01-16,2021—2023,1,2554,2022-11-25,2022-11-28,2022-12-05,0.05053635325530803,0.05053635325530803,0.0,2022-11
10,2589,2023-01-16,2021—2023,1,2555,2022-11-28,2022-11-29,2022-12-06,0.04369064317698812,0.04369064317698812,0.0,2022-11
10,2589,2023-01-16,2021—2023,1,2556,2022-11-29,2022-11-30,2022-12-07,0.028136669473676434,0.028136669473676434,0.0,2022-11
10,2589,2023-01-16,2021—2023,1,2557,2022-11-30,2022-12-01,2022-12-08,0.0057212054937061385,0.0057212054937061385,0.0,2022-11
10,2589,2023-01-16,2021—2023,1,2558,2022-12-01,2022-12-02,2022-12-09,0.014091155656959176,0.014091155656959176,0.0,2022-12
10,2589,2023-01-16,2021—2023,1,2559,2022-12-02,2022-12-05,2022-12-12,0.014773577748387723,0.014773577748387723,0.0,2022-12
10,2589,2023-01-16,2021—2023,1,2560,2022-12-05,2022-12-06,2022-12-13,0.003451172083719145,0.003451172083719145,0.0,2022-12
10,2589,2023-01-16,2021—2023,1,2561,2022-12-06,2022-12-07,2022-12-14,-0.005764650661474469,0.0,-0.005764650661474469,2022-12
10,2589,2023-01-16,2021—2023,1,2562,2022-12-07,2022-12-08,2022-12-15,-0.0030366957694533125,0.0,-0.0030366957694533125,2022-12
10,2589,2023-01-16,2021—2023,1,2563,2022-12-08,2022-12-09,2022-12-16,-0.006257080087527789,0.0,-0.006257080087527789,2022-12
10,2589,2023-01-16,2021—2023,1,2564,2022-12-09,2022-12-12,2022-12-19,-0.008941312363943243,0.0,-0.008941312363943243,2022-12
10,2589,2023-01-16,2021—2023,1,2565,2022-12-12,2022-12-13,2022-12-20,-0.02116617931500031,0.0,-0.02116617931500031,2022-12
10,2589,2023-01-16,2021—2023,1,2566,2022-12-13,2022-12-14,2022-12-21,-0.030165965992183463,0.0,-0.030165965992183463,2022-12
10,2589,2023-01-16,2021—2023,1,2567,2022-12-14,2022-12-15,2022-12-22,-0.027885687306773432,0.0,-0.027885687306773432,2022-12
10,2589,2023-01-16,2021—2023,1,2568,2022-12-15,2022-12-16,2022-12-23,-0.03463714115947236,0.0,-0.03463714115947236,2022-12
10,2589,2023-01-16,2021—2023,1,2569,2022-12-16,2022-12-19,2022-12-26,-0.03578533821137553,0.0,-0.03578533821137553,2022-12
10,2589,2023-01-16,2021—2023,1,2570,2022-12-19,2022-12-20,2022-12-27,-0.0040890202541419285,0.0,-0.0040890202541419285,2022-12
10,2589,2023-01-16,2021—2023,1,2571,2022-12-20,2022-12-21,2022-12-28,0.0068766347494293445,0.0068766347494293445,0.0,2022-12
10,2589,2023-01-16,2021—2023,1,2572,2022-12-21,2022-12-22,2022-12-29,-0.0020741703318672977,0.0,-0.0020741703318672977,2022-12
10,2589,2023-01-16,2021—2023,1,2573,2022-12-22,2022-12-23,2022-12-30,0.010765138389088547,0.010765138389088547,0.0,2022-12
10,2589,2023-01-16,2021—2023,1,2574,2022-12-23,2022-12-26,2023-01-03,0.00920771906953699,0.00920771906953699,0.0,2022-12
10,2589,2023-01-16,2021—2023,1,2575,2022-12-26,2022-12-27,2023-01-04,-0.000799680127948732,0.0,-0.000799680127948732,2022-12
10,2589,2023-01-16,2021—2023,1,2576,2022-12-27,2022-12-28,2023-01-05,0.006295833175733012,0.006295833175733012,0.0,2022-12
10,2589,2023-01-16,2021—2023,1,2577,2022-12-28,2022-12-29,2023-01-06,0.02518003759495424,0.02518003759495424,0.0,2022-12
10,2589,2023-01-16,2021—2023,1,2578,2022-12-29,2022-12-30,2023-01-09,0.02937155510797429,0.02937155510797429,0.0,2022-12
10,2589,2023-01-16,2021—2023,1,2579,2022-12-30,2023-01-03,2023-01-10,0.030132174483670005,0.030132174483670005,0.0,2022-12
10,2589,2023-01-16,2021—2023,1,2580,2023-01-03,2023-01-04,2023-01-11,0.0295404105564252,0.0295404105564252,0.0,2023-01
10,2589,2023-01-16,2021—2023,1,2581,2023-01-04,2023-01-05,2023-01-12,0.024061046604228586,0.024061046604228586,0.0,2023-01
10,2589,2023-01-16,2021—2023,1,2582,2023-01-05,2023-01-06,2023-01-13,0.011334351017956878,0.011334351017956878,0.0,2023-01
10,2589,2023-01-16,2021—2023,1,2583,2023-01-06,2023-01-09,2023-01-16,0.017373885826504898,0.017373885826504898,0.0,2023-01
10,2677,2023-05-31,2021—2023,1,2415,2022-05-05,2022-05-06,2022-05-13,0.01318759846532247,0.01318759846532247,0.0,2022-05
10,2677,2023-05-31,2021—2023,1,2416,2022-05-06,2022-05-09,2022-05-16,0.02854314224851029,0.02854314224851029,0.0,2022-05
10,2677,2023-05-31,2021—2023,1,2417,2022-05-09,2022-05-10,2022-05-17,0.030189331616845116,0.030189331616845116,0.0,2022-05
10,2677,2023-05-31,2021—2023,1,2418,2022-05-10,2022-05-11,2022-05-18,0.0219268285530152,0.0219268285530152,0.0,2022-05
10,2677,2023-05-31,2021—2023,1,2419,2022-05-11,2022-05-12,2022-05-19,-0.0048378728831781626,0.0,-0.0048378728831781626,2022-05
10,2677,2023-05-31,2021—2023,1,2420,2022-05-12,2022-05-13,2022-05-20,0.004957235542656813,0.004957235542656813,0.0,2022-05
10,2677,2023-05-31,2021—2023,1,2421,2022-05-13,2022-05-16,2022-05-23,0.01666885693275133,0.01666885693275133,0.0,2022-05
10,2677,2023-05-31,2021—2023,1,2422,2022-05-16,2022-05-17,2022-05-24,0.018609609637477265,0.018609609637477265,0.0,2022-05
10,2677,2023-05-31,2021—2023,1,2423,2022-05-17,2022-05-18,2022-05-25,-0.014746643715395136,0.0,-0.014746643715395136,2022-05
10,2677,2023-05-31,2021—2023,1,2424,2022-05-18,2022-05-19,2022-05-26,0.006281466153098547,0.006281466153098547,0.0,2022-05
10,2677,2023-05-31,2021—2023,1,2425,2022-05-19,2022-05-20,2022-05-27,-0.002785668341359071,0.0,-0.002785668341359071,2022-05
10,2677,2023-05-31,2021—2023,1,2426,2022-05-20,2022-05-23,2022-05-30,-0.017681370155169907,0.0,-0.017681370155169907,2022-05
10,2677,2023-05-31,2021—2023,1,2427,2022-05-23,2022-05-24,2022-05-31,-0.008445992128944702,0.0,-0.008445992128944702,2022-05
10,2677,2023-05-31,2021—2023,1,2428,2022-05-24,2022-05-25,2022-06-01,0.029448563662324956,0.029448563662324956,0.0,2022-05
10,2677,2023-05-31,2021—2023,1,2429,2022-05-25,2022-05-26,2022-06-02,0.0177457985955356,0.0177457985955356,0.0,2022-05
10,2677,2023-05-31,2021—2023,1,2430,2022-05-26,2022-05-27,2022-06-06,0.014087833950105155,0.014087833950105155,0.0,2022-05
10,2677,2023-05-31,2021—2023,1,2431,2022-05-27,2022-05-30,2022-06-07,0.0317208768666446,0.0317208768666446,0.0,2022-05
10,2677,2023-05-31,2021—2023,1,2432,2022-05-30,2022-05-31,2022-06-08,0.03639139877547737,0.03639139877547737,0.0,2022-05
10,2677,2023-05-31,2021—2023,1,2433,2022-05-31,2022-06-01,2022-06-09,0.027511809150301936,0.027511809150301936,0.0,2022-05
10,2677,2023-05-31,2021—2023,1,2434,2022-06-01,2022-06-02,2022-06-10,0.019572126934045864,0.019572126934045864,0.0,2022-06
10,2677,2023-05-31,2021—2023,1,2435,2022-06-02,2022-06-06,2022-06-13,0.02553999147229069,0.02553999147229069,0.0,2022-06
10,2677,2023-05-31,2021—2023,1,2436,2022-06-06,2022-06-07,2022-06-14,-0.002238758841158761,0.0,-0.002238758841158761,2022-06
10,2677,2023-05-31,2021—2023,1,2437,2022-06-07,2022-06-08,2022-06-15,0.008262279813611384,0.008262279813611384,0.0,2022-06
10,2677,2023-05-31,2021—2023,1,2438,2022-06-08,2022-06-09,2022-06-16,0.016485064741875943,0.016485064741875943,0.0,2022-06
10,2677,2023-05-31,2021—2023,1,2439,2022-06-09,2022-06-10,2022-06-17,0.016477558832374672,0.016477558832374672,0.0,2022-06
10,2677,2023-05-31,2021—2023,1,2440,2022-06-10,2022-06-13,2022-06-20,0.0255137802530232,0.0255137802530232,0.0,2022-06
10,2677,2023-05-31,2021—2023,1,2441,2022-06-13,2022-06-14,2022-06-21,0.039216255943665734,0.039216255943665734,0.0,2022-06
10,2677,2023-05-31,2021—2023,1,2442,2022-06-14,2022-06-15,2022-06-22,0.022070171459495525,0.022070171459495525,0.0,2022-06
10,2677,2023-05-31,2021—2023,1,2443,2022-06-15,2022-06-16,2022-06-23,-0.004747252853448569,0.0,-0.004747252853448569,2022-06
10,2677,2023-05-31,2021—2023,1,2444,2022-06-16,2022-06-17,2022-06-24,0.028380922713344914,0.028380922713344914,0.0,2022-06
10,2677,2023-05-31,2021—2023,1,2445,2022-06-17,2022-06-20,2022-06-27,0.01947929315358743,0.01947929315358743,0.0,2022-06
10,2677,2023-05-31,2021—2023,1,2446,2022-06-20,2022-06-21,2022-06-28,0.024025172539679618,0.024025172539679618,0.0,2022-06
10,2677,2023-05-31,2021—2023,1,2447,2022-06-21,2022-06-22,2022-06-29,0.03323522144651925,0.03323522144651925,0.0,2022-06
10,2677,2023-05-31,2021—2023,1,2448,2022-06-22,2022-06-23,2022-06-30,0.034786364783695456,0.034786364783695456,0.0,2022-06
10,2677,2023-05-31,2021—2023,1,2449,2022-06-23,2022-06-24,2022-07-01,0.029997590005093944,0.029997590005093944,0.0,2022-06
10,2677,2023-05-31,2021—2023,1,2450,2022-06-24,2022-06-27,2022-07-04,0.007988955973767586,0.007988955973767586,0.0,2022-06
10,2677,2023-05-31,2021—2023,1,2451,2022-06-27,2022-06-28,2022-07-05,0.0117322835703344,0.0117322835703344,0.0,2022-06
10,2677,2023-05-31,2021—2023,1,2452,2022-06-28,2022-06-29,2022-07-06,-0.0025748528037153884,0.0,-0.0025748528037153884,2022-06
10,2677,2023-05-31,2021—2023,1,2453,2022-06-29,2022-06-30,2022-07-07,-0.0050573177322476015,0.0,-0.0050573177322476015,2022-06
10,2677,2023-05-31,2021—2023,1,2535,2022-10-31,2022-11-01,2022-11-08,0.06629624550291346,0.06629624550291346,0.0,2022-10
10,2677,2023-05-31,2021—2023,1,2536,2022-11-01,2022-11-02,2022-11-09,0.031161728856844206,0.031161728856844206,0.0,2022-11
10,2677,2023-05-31,2021—2023,1,2537,2022-11-02,2022-11-03,2022-11-10,0.005913571147730279,0.005913571147730279,0.0,2022-11
10,2677,2023-05-31,2021—2023,1,2538,2022-11-03,2022-11-04,2022-11-11,0.03395277100807026,0.03395277100807026,0.0,2022-11
10,2677,2023-05-31,2021—2023,1,2539,2022-11-04,2022-11-07,2022-11-14,0.020158900257411405,0.020158900257411405,0.0,2022-11
10,2677,2023-05-31,2021—2023,1,2540,2022-11-07,2022-11-08,2022-11-15,-0.000799680127948732,0.0,-0.000799680127948732,2022-11
10,2677,2023-05-31,2021—2023,1,2541,2022-11-08,2022-11-09,2022-11-16,0.02512976460791827,0.02512976460791827,0.0,2022-11
10,2677,2023-05-31,2021—2023,1,2542,2022-11-09,2022-11-10,2022-11-17,0.03327001644733674,0.03327001644733674,0.0,2022-11
10,2677,2023-05-31,2021—2023,1,2543,2022-11-10,2022-11-11,2022-11-18,0.007513999080555056,0.007513999080555056,0.0,2022-11
10,2677,2023-05-31,2021—2023,1,2544,2022-11-11,2022-11-14,2022-11-21,-0.018468778557259924,0.0,-0.018468778557259924,2022-11
10,2677,2023-05-31,2021—2023,1,2545,2022-11-14,2022-11-15,2022-11-22,-0.006775137059060965,0.0,-0.006775137059060965,2022-11
10,2677,2023-05-31,2021—2023,1,2546,2022-11-15,2022-11-16,2022-11-23,-0.02780509417854493,0.0,-0.02780509417854493,2022-11
10,2677,2023-05-31,2021—2023,1,2547,2022-11-16,2022-11-17,2022-11-24,-0.012101688887426909,0.0,-0.012101688887426909,2022-11
10,2677,2023-05-31,2021—2023,1,2548,2022-11-17,2022-11-18,2022-11-25,-0.01905578478850367,0.0,-0.01905578478850367,2022-11
10,2677,2023-05-31,2021—2023,1,2549,2022-11-18,2022-11-21,2022-11-28,-0.019789949159622844,0.0,-0.019789949159622844,2022-11
10,2677,2023-05-31,2021—2023,1,2550,2022-11-21,2022-11-22,2022-11-29,-0.006276894097490215,0.0,-0.006276894097490215,2022-11
10,2677,2023-05-31,2021—2023,1,2551,2022-11-22,2022-11-23,2022-11-30,0.017491120706528918,0.017491120706528918,0.0,2022-11
10,2677,2023-05-31,2021—2023,1,2552,2022-11-23,2022-11-24,2022-12-01,0.030830428596594572,0.030830428596594572,0.0,2022-11
10,2677,2023-05-31,2021—2023,1,2553,2022-11-24,2022-11-25,2022-12-02,0.03265510431976826,0.03265510431976826,0.0,2022-11
10,2677,2023-05-31,2021—2023,1,2554,2022-11-25,2022-11-28,2022-12-05,0.05053635325530803,0.05053635325530803,0.0,2022-11
10,2677,2023-05-31,2021—2023,1,2555,2022-11-28,2022-11-29,2022-12-06,0.04369064317698812,0.04369064317698812,0.0,2022-11
10,2677,2023-05-31,2021—2023,1,2556,2022-11-29,2022-11-30,2022-12-07,0.028136669473676434,0.028136669473676434,0.0,2022-11
10,2677,2023-05-31,2021—2023,1,2557,2022-11-30,2022-12-01,2022-12-08,0.0057212054937061385,0.0057212054937061385,0.0,2022-11
10,2677,2023-05-31,2021—2023,1,2558,2022-12-01,2022-12-02,2022-12-09,0.014091155656959176,0.014091155656959176,0.0,2022-12
10,2677,2023-05-31,2021—2023,1,2559,2022-12-02,2022-12-05,2022-12-12,0.014773577748387723,0.014773577748387723,0.0,2022-12
10,2677,2023-05-31,2021—2023,1,2560,2022-12-05,2022-12-06,2022-12-13,0.003451172083719145,0.003451172083719145,0.0,2022-12
10,2677,2023-05-31,2021—2023,1,2561,2022-12-06,2022-12-07,2022-12-14,-0.005764650661474469,0.0,-0.005764650661474469,2022-12
10,2677,2023-05-31,2021—2023,1,2562,2022-12-07,2022-12-08,2022-12-15,-0.0030366957694533125,0.0,-0.0030366957694533125,2022-12
10,2677,2023-05-31,2021—2023,1,2563,2022-12-08,2022-12-09,2022-12-16,-0.006257080087527789,0.0,-0.006257080087527789,2022-12
10,2677,2023-05-31,2021—2023,1,2564,2022-12-09,2022-12-12,2022-12-19,-0.008941312363943243,0.0,-0.008941312363943243,2022-12
10,2677,2023-05-31,2021—2023,1,2565,2022-12-12,2022-12-13,2022-12-20,-0.02116617931500031,0.0,-0.02116617931500031,2022-12
10,2677,2023-05-31,2021—2023,1,2566,2022-12-13,2022-12-14,2022-12-21,-0.030165965992183463,0.0,-0.030165965992183463,2022-12
10,2677,2023-05-31,2021—2023,1,2567,2022-12-14,2022-12-15,2022-12-22,-0.027885687306773432,0.0,-0.027885687306773432,2022-12
10,2677,2023-05-31,2021—2023,1,2568,2022-12-15,2022-12-16,2022-12-23,-0.03463714115947236,0.0,-0.03463714115947236,2022-12
10,2677,2023-05-31,2021—2023,1,2569,2022-12-16,2022-12-19,2022-12-26,-0.03578533821137553,0.0,-0.03578533821137553,2022-12
10,2677,2023-05-31,2021—2023,1,2570,2022-12-19,2022-12-20,2022-12-27,-0.0040890202541419285,0.0,-0.0040890202541419285,2022-12
10,2677,2023-05-31,2021—2023,1,2571,2022-12-20,2022-12-21,2022-12-28,0.0068766347494293445,0.0068766347494293445,0.0,2022-12
10,2677,2023-05-31,2021—2023,1,2572,2022-12-21,2022-12-22,2022-12-29,-0.0020741703318672977,0.0,-0.0020741703318672977,2022-12
10,2677,2023-05-31,2021—2023,1,2573,2022-12-22,2022-12-23,2022-12-30,0.010765138389088547,0.010765138389088547,0.0,2022-12
10,2677,2023-05-31,2021—2023,1,2574,2022-12-23,2022-12-26,2023-01-03,0.00920771906953699,0.00920771906953699,0.0,2022-12
10,2677,2023-05-31,2021—2023,1,2575,2022-12-26,2022-12-27,2023-01-04,-0.000799680127948732,0.0,-0.000799680127948732,2022-12
10,2677,2023-05-31,2021—2023,1,2576,2022-12-27,2022-12-28,2023-01-05,0.006295833175733012,0.006295833175733012,0.0,2022-12
10,2677,2023-05-31,2021—2023,1,2577,2022-12-28,2022-12-29,2023-01-06,0.02518003759495424,0.02518003759495424,0.0,2022-12
10,2677,2023-05-31,2021—2023,1,2578,2022-12-29,2022-12-30,2023-01-09,0.02937155510797429,0.02937155510797429,0.0,2022-12
10,2677,2023-05-31,2021—2023,1,2579,2022-12-30,2023-01-03,2023-01-10,0.030132174483670005,0.030132174483670005,0.0,2022-12
10,2677,2023-05-31,2021—2023,1,2580,2023-01-03,2023-01-04,2023-01-11,0.0295404105564252,0.0295404105564252,0.0,2023-01
10,2677,2023-05-31,2021—2023,1,2581,2023-01-04,2023-01-05,2023-01-12,0.024061046604228586,0.024061046604228586,0.0,2023-01
10,2677,2023-05-31,2021—2023,1,2582,2023-01-05,2023-01-06,2023-01-13,0.011334351017956878,0.011334351017956878,0.0,2023-01
10,2677,2023-05-31,2021—2023,1,2583,2023-01-06,2023-01-09,2023-01-16,0.017373885826504898,0.017373885826504898,0.0,2023-01
10,2677,2023-05-31,2021—2023,1,2584,2023-01-09,2023-01-10,2023-01-17,0.03085326144523748,0.03085326144523748,0.0,2023-01
10,2677,2023-05-31,2021—2023,1,2585,2023-01-10,2023-01-11,2023-01-18,0.0293147807021239,0.0293147807021239,0.0,2023-01
10,2677,2023-05-31,2021—2023,1,2586,2023-01-11,2023-01-12,2023-01-19,0.021693475251777894,0.021693475251777894,0.0,2023-01
10,2677,2023-05-31,2021—2023,1,2587,2023-01-12,2023-01-13,2023-01-20,0.03288748008368714,0.03288748008368714,0.0,2023-01
10,2677,2023-05-31,2021—2023,1,2588,2023-01-13,2023-01-16,2023-01-30,0.039510357226302695,0.039510357226302695,0.0,2023-01
10,2677,2023-05-31,2021—2023,1,2589,2023-01-16,2023-01-17,2023-01-31,0.01244911871317056,0.01244911871317056,0.0,2023-01
10,2677,2023-05-31,2021—2023,1,2590,2023-01-17,2023-01-18,2023-02-01,0.0011260251380056374,0.0011260251380056374,0.0,2023-01
10,2677,2023-05-31,2021—2023,1,2591,2023-01-18,2023-01-19,2023-02-02,0.016394508604701485,0.016394508604701485,0.0,2023-01
10,2677,2023-05-31,2021—2023,1,2592,2023-01-19,2023-01-20,2023-02-03,-0.007735249605279937,0.0,-0.007735249605279937,2023-01
10,2677,2023-05-31,2021—2023,1,2593,2023-01-20,2023-01-30,2023-02-06,-0.039924288197968116,0.0,-0.039924288197968116,2023-01
10,2677,2023-05-31,2021—2023,1,2594,2023-01-30,2023-01-31,2023-02-07,-0.03210621756519305,0.0,-0.03210621756519305,2023-01
10,2688,2023-06-15,2021—2023,1,2415,2022-05-05,2022-05-06,2022-05-13,0.01318759846532247,0.01318759846532247,0.0,2022-05
10,2688,2023-06-15,2021—2023,1,2416,2022-05-06,2022-05-09,2022-05-16,0.02854314224851029,0.02854314224851029,0.0,2022-05
10,2688,2023-06-15,2021—2023,1,2417,2022-05-09,2022-05-10,2022-05-17,0.030189331616845116,0.030189331616845116,0.0,2022-05
10,2688,2023-06-15,2021—2023,1,2418,2022-05-10,2022-05-11,2022-05-18,0.0219268285530152,0.0219268285530152,0.0,2022-05
10,2688,2023-06-15,2021—2023,1,2419,2022-05-11,2022-05-12,2022-05-19,-0.0048378728831781626,0.0,-0.0048378728831781626,2022-05
10,2688,2023-06-15,2021—2023,1,2420,2022-05-12,2022-05-13,2022-05-20,0.004957235542656813,0.004957235542656813,0.0,2022-05
10,2688,2023-06-15,2021—2023,1,2421,2022-05-13,2022-05-16,2022-05-23,0.01666885693275133,0.01666885693275133,0.0,2022-05
10,2688,2023-06-15,2021—2023,1,2422,2022-05-16,2022-05-17,2022-05-24,0.018609609637477265,0.018609609637477265,0.0,2022-05
10,2688,2023-06-15,2021—2023,1,2423,2022-05-17,2022-05-18,2022-05-25,-0.014746643715395136,0.0,-0.014746643715395136,2022-05
10,2688,2023-06-15,2021—2023,1,2424,2022-05-18,2022-05-19,2022-05-26,0.006281466153098547,0.006281466153098547,0.0,2022-05
10,2688,2023-06-15,2021—2023,1,2425,2022-05-19,2022-05-20,2022-05-27,-0.002785668341359071,0.0,-0.002785668341359071,2022-05
10,2688,2023-06-15,2021—2023,1,2426,2022-05-20,2022-05-23,2022-05-30,-0.017681370155169907,0.0,-0.017681370155169907,2022-05
10,2688,2023-06-15,2021—2023,1,2427,2022-05-23,2022-05-24,2022-05-31,-0.008445992128944702,0.0,-0.008445992128944702,2022-05
10,2688,2023-06-15,2021—2023,1,2428,2022-05-24,2022-05-25,2022-06-01,0.029448563662324956,0.029448563662324956,0.0,2022-05
10,2688,2023-06-15,2021—2023,1,2429,2022-05-25,2022-05-26,2022-06-02,0.0177457985955356,0.0177457985955356,0.0,2022-05
10,2688,2023-06-15,2021—2023,1,2430,2022-05-26,2022-05-27,2022-06-06,0.014087833950105155,0.014087833950105155,0.0,2022-05
10,2688,2023-06-15,2021—2023,1,2431,2022-05-27,2022-05-30,2022-06-07,0.0317208768666446,0.0317208768666446,0.0,2022-05
10,2688,2023-06-15,2021—2023,1,2432,2022-05-30,2022-05-31,2022-06-08,0.03639139877547737,0.03639139877547737,0.0,2022-05
10,2688,2023-06-15,2021—2023,1,2433,2022-05-31,2022-06-01,2022-06-09,0.027511809150301936,0.027511809150301936,0.0,2022-05
10,2688,2023-06-15,2021—2023,1,2434,2022-06-01,2022-06-02,2022-06-10,0.019572126934045864,0.019572126934045864,0.0,2022-06
10,2688,2023-06-15,2021—2023,1,2435,2022-06-02,2022-06-06,2022-06-13,0.02553999147229069,0.02553999147229069,0.0,2022-06
10,2688,2023-06-15,2021—2023,1,2436,2022-06-06,2022-06-07,2022-06-14,-0.002238758841158761,0.0,-0.002238758841158761,2022-06
10,2688,2023-06-15,2021—2023,1,2437,2022-06-07,2022-06-08,2022-06-15,0.008262279813611384,0.008262279813611384,0.0,2022-06
10,2688,2023-06-15,2021—2023,1,2438,2022-06-08,2022-06-09,2022-06-16,0.016485064741875943,0.016485064741875943,0.0,2022-06
10,2688,2023-06-15,2021—2023,1,2439,2022-06-09,2022-06-10,2022-06-17,0.016477558832374672,0.016477558832374672,0.0,2022-06
10,2688,2023-06-15,2021—2023,1,2440,2022-06-10,2022-06-13,2022-06-20,0.0255137802530232,0.0255137802530232,0.0,2022-06
10,2688,2023-06-15,2021—2023,1,2441,2022-06-13,2022-06-14,2022-06-21,0.039216255943665734,0.039216255943665734,0.0,2022-06
10,2688,2023-06-15,2021—2023,1,2442,2022-06-14,2022-06-15,2022-06-22,0.022070171459495525,0.022070171459495525,0.0,2022-06
10,2688,2023-06-15,2021—2023,1,2443,2022-06-15,2022-06-16,2022-06-23,-0.004747252853448569,0.0,-0.004747252853448569,2022-06
10,2688,2023-06-15,2021—2023,1,2444,2022-06-16,2022-06-17,2022-06-24,0.028380922713344914,0.028380922713344914,0.0,2022-06
10,2688,2023-06-15,2021—2023,1,2445,2022-06-17,2022-06-20,2022-06-27,0.01947929315358743,0.01947929315358743,0.0,2022-06
10,2688,2023-06-15,2021—2023,1,2446,2022-06-20,2022-06-21,2022-06-28,0.024025172539679618,0.024025172539679618,0.0,2022-06
10,2688,2023-06-15,2021—2023,1,2447,2022-06-21,2022-06-22,2022-06-29,0.03323522144651925,0.03323522144651925,0.0,2022-06
10,2688,2023-06-15,2021—2023,1,2448,2022-06-22,2022-06-23,2022-06-30,0.034786364783695456,0.034786364783695456,0.0,2022-06
10,2688,2023-06-15,2021—2023,1,2449,2022-06-23,2022-06-24,2022-07-01,0.029997590005093944,0.029997590005093944,0.0,2022-06
10,2688,2023-06-15,2021—2023,1,2450,2022-06-24,2022-06-27,2022-07-04,0.007988955973767586,0.007988955973767586,0.0,2022-06
10,2688,2023-06-15,2021—2023,1,2451,2022-06-27,2022-06-28,2022-07-05,0.0117322835703344,0.0117322835703344,0.0,2022-06
10,2688,2023-06-15,2021—2023,1,2452,2022-06-28,2022-06-29,2022-07-06,-0.0025748528037153884,0.0,-0.0025748528037153884,2022-06
10,2688,2023-06-15,2021—2023,1,2453,2022-06-29,2022-06-30,2022-07-07,-0.0050573177322476015,0.0,-0.0050573177322476015,2022-06
10,2688,2023-06-15,2021—2023,1,2535,2022-10-31,2022-11-01,2022-11-08,0.06629624550291346,0.06629624550291346,0.0,2022-10
10,2688,2023-06-15,2021—2023,1,2536,2022-11-01,2022-11-02,2022-11-09,0.031161728856844206,0.031161728856844206,0.0,2022-11
10,2688,2023-06-15,2021—2023,1,2537,2022-11-02,2022-11-03,2022-11-10,0.005913571147730279,0.005913571147730279,0.0,2022-11
10,2688,2023-06-15,2021—2023,1,2538,2022-11-03,2022-11-04,2022-11-11,0.03395277100807026,0.03395277100807026,0.0,2022-11
10,2688,2023-06-15,2021—2023,1,2539,2022-11-04,2022-11-07,2022-11-14,0.020158900257411405,0.020158900257411405,0.0,2022-11
10,2688,2023-06-15,2021—2023,1,2540,2022-11-07,2022-11-08,2022-11-15,-0.000799680127948732,0.0,-0.000799680127948732,2022-11
10,2688,2023-06-15,2021—2023,1,2541,2022-11-08,2022-11-09,2022-11-16,0.02512976460791827,0.02512976460791827,0.0,2022-11
10,2688,2023-06-15,2021—2023,1,2542,2022-11-09,2022-11-10,2022-11-17,0.03327001644733674,0.03327001644733674,0.0,2022-11
10,2688,2023-06-15,2021—2023,1,2543,2022-11-10,2022-11-11,2022-11-18,0.007513999080555056,0.007513999080555056,0.0,2022-11
10,2688,2023-06-15,2021—2023,1,2544,2022-11-11,2022-11-14,2022-11-21,-0.018468778557259924,0.0,-0.018468778557259924,2022-11
10,2688,2023-06-15,2021—2023,1,2545,2022-11-14,2022-11-15,2022-11-22,-0.006775137059060965,0.0,-0.006775137059060965,2022-11
10,2688,2023-06-15,2021—2023,1,2546,2022-11-15,2022-11-16,2022-11-23,-0.02780509417854493,0.0,-0.02780509417854493,2022-11
10,2688,2023-06-15,2021—2023,1,2547,2022-11-16,2022-11-17,2022-11-24,-0.012101688887426909,0.0,-0.012101688887426909,2022-11
10,2688,2023-06-15,2021—2023,1,2548,2022-11-17,2022-11-18,2022-11-25,-0.01905578478850367,0.0,-0.01905578478850367,2022-11
10,2688,2023-06-15,2021—2023,1,2549,2022-11-18,2022-11-21,2022-11-28,-0.019789949159622844,0.0,-0.019789949159622844,2022-11
10,2688,2023-06-15,2021—2023,1,2550,2022-11-21,2022-11-22,2022-11-29,-0.006276894097490215,0.0,-0.006276894097490215,2022-11
10,2688,2023-06-15,2021—2023,1,2551,2022-11-22,2022-11-23,2022-11-30,0.017491120706528918,0.017491120706528918,0.0,2022-11
10,2688,2023-06-15,2021—2023,1,2552,2022-11-23,2022-11-24,2022-12-01,0.030830428596594572,0.030830428596594572,0.0,2022-11
10,2688,2023-06-15,2021—2023,1,2553,2022-11-24,2022-11-25,2022-12-02,0.03265510431976826,0.03265510431976826,0.0,2022-11
10,2688,2023-06-15,2021—2023,1,2554,2022-11-25,2022-11-28,2022-12-05,0.05053635325530803,0.05053635325530803,0.0,2022-11
10,2688,2023-06-15,2021—2023,1,2555,2022-11-28,2022-11-29,2022-12-06,0.04369064317698812,0.04369064317698812,0.0,2022-11
10,2688,2023-06-15,2021—2023,1,2556,2022-11-29,2022-11-30,2022-12-07,0.028136669473676434,0.028136669473676434,0.0,2022-11
10,2688,2023-06-15,2021—2023,1,2557,2022-11-30,2022-12-01,2022-12-08,0.0057212054937061385,0.0057212054937061385,0.0,2022-11
10,2688,2023-06-15,2021—2023,1,2558,2022-12-01,2022-12-02,2022-12-09,0.014091155656959176,0.014091155656959176,0.0,2022-12
10,2688,2023-06-15,2021—2023,1,2559,2022-12-02,2022-12-05,2022-12-12,0.014773577748387723,0.014773577748387723,0.0,2022-12
10,2688,2023-06-15,2021—2023,1,2560,2022-12-05,2022-12-06,2022-12-13,0.003451172083719145,0.003451172083719145,0.0,2022-12
10,2688,2023-06-15,2021—2023,1,2561,2022-12-06,2022-12-07,2022-12-14,-0.005764650661474469,0.0,-0.005764650661474469,2022-12
10,2688,2023-06-15,2021—2023,1,2562,2022-12-07,2022-12-08,2022-12-15,-0.0030366957694533125,0.0,-0.0030366957694533125,2022-12
10,2688,2023-06-15,2021—2023,1,2563,2022-12-08,2022-12-09,2022-12-16,-0.006257080087527789,0.0,-0.006257080087527789,2022-12
10,2688,2023-06-15,2021—2023,1,2564,2022-12-09,2022-12-12,2022-12-19,-0.008941312363943243,0.0,-0.008941312363943243,2022-12
10,2688,2023-06-15,2021—2023,1,2565,2022-12-12,2022-12-13,2022-12-20,-0.02116617931500031,0.0,-0.02116617931500031,2022-12
10,2688,2023-06-15,2021—2023,1,2566,2022-12-13,2022-12-14,2022-12-21,-0.030165965992183463,0.0,-0.030165965992183463,2022-12
10,2688,2023-06-15,2021—2023,1,2567,2022-12-14,2022-12-15,2022-12-22,-0.027885687306773432,0.0,-0.027885687306773432,2022-12
10,2688,2023-06-15,2021—2023,1,2568,2022-12-15,2022-12-16,2022-12-23,-0.03463714115947236,0.0,-0.03463714115947236,2022-12
10,2688,2023-06-15,2021—2023,1,2569,2022-12-16,2022-12-19,2022-12-26,-0.03578533821137553,0.0,-0.03578533821137553,2022-12
10,2688,2023-06-15,2021—2023,1,2570,2022-12-19,2022-12-20,2022-12-27,-0.0040890202541419285,0.0,-0.0040890202541419285,2022-12
10,2688,2023-06-15,2021—2023,1,2571,2022-12-20,2022-12-21,2022-12-28,0.0068766347494293445,0.0068766347494293445,0.0,2022-12
10,2688,2023-06-15,2021—2023,1,2572,2022-12-21,2022-12-22,2022-12-29,-0.0020741703318672977,0.0,-0.0020741703318672977,2022-12
10,2688,2023-06-15,2021—2023,1,2573,2022-12-22,2022-12-23,2022-12-30,0.010765138389088547,0.010765138389088547,0.0,2022-12
10,2688,2023-06-15,2021—2023,1,2574,2022-12-23,2022-12-26,2023-01-03,0.00920771906953699,0.00920771906953699,0.0,2022-12
10,2688,2023-06-15,2021—2023,1,2575,2022-12-26,2022-12-27,2023-01-04,-0.000799680127948732,0.0,-0.000799680127948732,2022-12
10,2688,2023-06-15,2021—2023,1,2576,2022-12-27,2022-12-28,2023-01-05,0.006295833175733012,0.006295833175733012,0.0,2022-12
10,2688,2023-06-15,2021—2023,1,2577,2022-12-28,2022-12-29,2023-01-06,0.02518003759495424,0.02518003759495424,0.0,2022-12
10,2688,2023-06-15,2021—2023,1,2578,2022-12-29,2022-12-30,2023-01-09,0.02937155510797429,0.02937155510797429,0.0,2022-12
10,2688,2023-06-15,2021—2023,1,2579,2022-12-30,2023-01-03,2023-01-10,0.030132174483670005,0.030132174483670005,0.0,2022-12
10,2688,2023-06-15,2021—2023,1,2580,2023-01-03,2023-01-04,2023-01-11,0.0295404105564252,0.0295404105564252,0.0,2023-01
10,2688,2023-06-15,2021—2023,1,2581,2023-01-04,2023-01-05,2023-01-12,0.024061046604228586,0.024061046604228586,0.0,2023-01
10,2688,2023-06-15,2021—2023,1,2582,2023-01-05,2023-01-06,2023-01-13,0.011334351017956878,0.011334351017956878,0.0,2023-01
10,2688,2023-06-15,2021—2023,1,2583,2023-01-06,2023-01-09,2023-01-16,0.017373885826504898,0.017373885826504898,0.0,2023-01
10,2688,2023-06-15,2021—2023,1,2584,2023-01-09,2023-01-10,2023-01-17,0.03085326144523748,0.03085326144523748,0.0,2023-01
10,2688,2023-06-15,2021—2023,1,2585,2023-01-10,2023-01-11,2023-01-18,0.0293147807021239,0.0293147807021239,0.0,2023-01
10,2688,2023-06-15,2021—2023,1,2586,2023-01-11,2023-01-12,2023-01-19,0.021693475251777894,0.021693475251777894,0.0,2023-01
10,2688,2023-06-15,2021—2023,1,2587,2023-01-12,2023-01-13,2023-01-20,0.03288748008368714,0.03288748008368714,0.0,2023-01
10,2688,2023-06-15,2021—2023,1,2588,2023-01-13,2023-01-16,2023-01-30,0.039510357226302695,0.039510357226302695,0.0,2023-01
10,2688,2023-06-15,2021—2023,1,2589,2023-01-16,2023-01-17,2023-01-31,0.01244911871317056,0.01244911871317056,0.0,2023-01
10,2688,2023-06-15,2021—2023,1,2590,2023-01-17,2023-01-18,2023-02-01,0.0011260251380056374,0.0011260251380056374,0.0,2023-01
10,2688,2023-06-15,2021—2023,1,2591,2023-01-18,2023-01-19,2023-02-02,0.016394508604701485,0.016394508604701485,0.0,2023-01
10,2688,2023-06-15,2021—2023,1,2592,2023-01-19,2023-01-20,2023-02-03,-0.007735249605279937,0.0,-0.007735249605279937,2023-01
10,2688,2023-06-15,2021—2023,1,2593,2023-01-20,2023-01-30,2023-02-06,-0.039924288197968116,0.0,-0.039924288197968116,2023-01
10,2688,2023-06-15,2021—2023,1,2594,2023-01-30,2023-01-31,2023-02-07,-0.03210621756519305,0.0,-0.03210621756519305,2023-01
10,2688,2023-06-15,2021—2023,1,2677,2023-05-31,2023-06-01,2023-06-08,-0.0036898204168239745,0.0,-0.0036898204168239745,2023-05
10,2688,2023-06-15,2021—2023,1,2678,2023-06-01,2023-06-02,2023-06-09,-0.0031452207849256286,0.0,-0.0031452207849256286,2023-06
10,2688,2023-06-15,2021—2023,1,2679,2023-06-02,2023-06-05,2023-06-12,-0.007269508668948932,0.0,-0.007269508668948932,2023-06
10,2688,2023-06-15,2021—2023,1,2680,2023-06-05,2023-06-06,2023-06-13,-0.004433135836574453,0.0,-0.004433135836574453,2023-06
10,2688,2023-06-15,2021—2023,1,2681,2023-06-06,2023-06-07,2023-06-14,0.01252647476574209,0.01252647476574209,0.0,2023-06
10,2688,2023-06-15,2021—2023,1,2682,2023-06-07,2023-06-08,2023-06-15,0.020762010985079682,0.020762010985079682,0.0,2023-06
10,2694,2023-06-27,2021—2023,1,2415,2022-05-05,2022-05-06,2022-05-13,0.01318759846532247,0.01318759846532247,0.0,2022-05
10,2694,2023-06-27,2021—2023,1,2416,2022-05-06,2022-05-09,2022-05-16,0.02854314224851029,0.02854314224851029,0.0,2022-05
10,2694,2023-06-27,2021—2023,1,2417,2022-05-09,2022-05-10,2022-05-17,0.030189331616845116,0.030189331616845116,0.0,2022-05
10,2694,2023-06-27,2021—2023,1,2418,2022-05-10,2022-05-11,2022-05-18,0.0219268285530152,0.0219268285530152,0.0,2022-05
10,2694,2023-06-27,2021—2023,1,2419,2022-05-11,2022-05-12,2022-05-19,-0.0048378728831781626,0.0,-0.0048378728831781626,2022-05
10,2694,2023-06-27,2021—2023,1,2420,2022-05-12,2022-05-13,2022-05-20,0.004957235542656813,0.004957235542656813,0.0,2022-05
10,2694,2023-06-27,2021—2023,1,2421,2022-05-13,2022-05-16,2022-05-23,0.01666885693275133,0.01666885693275133,0.0,2022-05
10,2694,2023-06-27,2021—2023,1,2422,2022-05-16,2022-05-17,2022-05-24,0.018609609637477265,0.018609609637477265,0.0,2022-05
10,2694,2023-06-27,2021—2023,1,2423,2022-05-17,2022-05-18,2022-05-25,-0.014746643715395136,0.0,-0.014746643715395136,2022-05
10,2694,2023-06-27,2021—2023,1,2424,2022-05-18,2022-05-19,2022-05-26,0.006281466153098547,0.006281466153098547,0.0,2022-05
10,2694,2023-06-27,2021—2023,1,2425,2022-05-19,2022-05-20,2022-05-27,-0.002785668341359071,0.0,-0.002785668341359071,2022-05
10,2694,2023-06-27,2021—2023,1,2426,2022-05-20,2022-05-23,2022-05-30,-0.017681370155169907,0.0,-0.017681370155169907,2022-05
10,2694,2023-06-27,2021—2023,1,2427,2022-05-23,2022-05-24,2022-05-31,-0.008445992128944702,0.0,-0.008445992128944702,2022-05
10,2694,2023-06-27,2021—2023,1,2428,2022-05-24,2022-05-25,2022-06-01,0.029448563662324956,0.029448563662324956,0.0,2022-05
10,2694,2023-06-27,2021—2023,1,2429,2022-05-25,2022-05-26,2022-06-02,0.0177457985955356,0.0177457985955356,0.0,2022-05
10,2694,2023-06-27,2021—2023,1,2430,2022-05-26,2022-05-27,2022-06-06,0.014087833950105155,0.014087833950105155,0.0,2022-05
10,2694,2023-06-27,2021—2023,1,2431,2022-05-27,2022-05-30,2022-06-07,0.0317208768666446,0.0317208768666446,0.0,2022-05
10,2694,2023-06-27,2021—2023,1,2432,2022-05-30,2022-05-31,2022-06-08,0.03639139877547737,0.03639139877547737,0.0,2022-05
10,2694,2023-06-27,2021—2023,1,2433,2022-05-31,2022-06-01,2022-06-09,0.027511809150301936,0.027511809150301936,0.0,2022-05
10,2694,2023-06-27,2021—2023,1,2434,2022-06-01,2022-06-02,2022-06-10,0.019572126934045864,0.019572126934045864,0.0,2022-06
10,2694,2023-06-27,2021—2023,1,2435,2022-06-02,2022-06-06,2022-06-13,0.02553999147229069,0.02553999147229069,0.0,2022-06
10,2694,2023-06-27,2021—2023,1,2436,2022-06-06,2022-06-07,2022-06-14,-0.002238758841158761,0.0,-0.002238758841158761,2022-06
10,2694,2023-06-27,2021—2023,1,2437,2022-06-07,2022-06-08,2022-06-15,0.008262279813611384,0.008262279813611384,0.0,2022-06
10,2694,2023-06-27,2021—2023,1,2438,2022-06-08,2022-06-09,2022-06-16,0.016485064741875943,0.016485064741875943,0.0,2022-06
10,2694,2023-06-27,2021—2023,1,2439,2022-06-09,2022-06-10,2022-06-17,0.016477558832374672,0.016477558832374672,0.0,2022-06
10,2694,2023-06-27,2021—2023,1,2440,2022-06-10,2022-06-13,2022-06-20,0.0255137802530232,0.0255137802530232,0.0,2022-06
10,2694,2023-06-27,2021—2023,1,2441,2022-06-13,2022-06-14,2022-06-21,0.039216255943665734,0.039216255943665734,0.0,2022-06
10,2694,2023-06-27,2021—2023,1,2442,2022-06-14,2022-06-15,2022-06-22,0.022070171459495525,0.022070171459495525,0.0,2022-06
10,2694,2023-06-27,2021—2023,1,2443,2022-06-15,2022-06-16,2022-06-23,-0.004747252853448569,0.0,-0.004747252853448569,2022-06
10,2694,2023-06-27,2021—2023,1,2444,2022-06-16,2022-06-17,2022-06-24,0.028380922713344914,0.028380922713344914,0.0,2022-06
10,2694,2023-06-27,2021—2023,1,2445,2022-06-17,2022-06-20,2022-06-27,0.01947929315358743,0.01947929315358743,0.0,2022-06
10,2694,2023-06-27,2021—2023,1,2446,2022-06-20,2022-06-21,2022-06-28,0.024025172539679618,0.024025172539679618,0.0,2022-06
10,2694,2023-06-27,2021—2023,1,2447,2022-06-21,2022-06-22,2022-06-29,0.03323522144651925,0.03323522144651925,0.0,2022-06
10,2694,2023-06-27,2021—2023,1,2448,2022-06-22,2022-06-23,2022-06-30,0.034786364783695456,0.034786364783695456,0.0,2022-06
10,2694,2023-06-27,2021—2023,1,2449,2022-06-23,2022-06-24,2022-07-01,0.029997590005093944,0.029997590005093944,0.0,2022-06
10,2694,2023-06-27,2021—2023,1,2450,2022-06-24,2022-06-27,2022-07-04,0.007988955973767586,0.007988955973767586,0.0,2022-06
10,2694,2023-06-27,2021—2023,1,2451,2022-06-27,2022-06-28,2022-07-05,0.0117322835703344,0.0117322835703344,0.0,2022-06
10,2694,2023-06-27,2021—2023,1,2452,2022-06-28,2022-06-29,2022-07-06,-0.0025748528037153884,0.0,-0.0025748528037153884,2022-06
10,2694,2023-06-27,2021—2023,1,2453,2022-06-29,2022-06-30,2022-07-07,-0.0050573177322476015,0.0,-0.0050573177322476015,2022-06
10,2694,2023-06-27,2021—2023,1,2535,2022-10-31,2022-11-01,2022-11-08,0.06629624550291346,0.06629624550291346,0.0,2022-10
10,2694,2023-06-27,2021—2023,1,2536,2022-11-01,2022-11-02,2022-11-09,0.031161728856844206,0.031161728856844206,0.0,2022-11
10,2694,2023-06-27,2021—2023,1,2537,2022-11-02,2022-11-03,2022-11-10,0.005913571147730279,0.005913571147730279,0.0,2022-11
10,2694,2023-06-27,2021—2023,1,2538,2022-11-03,2022-11-04,2022-11-11,0.03395277100807026,0.03395277100807026,0.0,2022-11
10,2694,2023-06-27,2021—2023,1,2539,2022-11-04,2022-11-07,2022-11-14,0.020158900257411405,0.020158900257411405,0.0,2022-11
10,2694,2023-06-27,2021—2023,1,2540,2022-11-07,2022-11-08,2022-11-15,-0.000799680127948732,0.0,-0.000799680127948732,2022-11
10,2694,2023-06-27,2021—2023,1,2541,2022-11-08,2022-11-09,2022-11-16,0.02512976460791827,0.02512976460791827,0.0,2022-11
10,2694,2023-06-27,2021—2023,1,2542,2022-11-09,2022-11-10,2022-11-17,0.03327001644733674,0.03327001644733674,0.0,2022-11
10,2694,2023-06-27,2021—2023,1,2543,2022-11-10,2022-11-11,2022-11-18,0.007513999080555056,0.007513999080555056,0.0,2022-11
10,2694,2023-06-27,2021—2023,1,2544,2022-11-11,2022-11-14,2022-11-21,-0.018468778557259924,0.0,-0.018468778557259924,2022-11
10,2694,2023-06-27,2021—2023,1,2545,2022-11-14,2022-11-15,2022-11-22,-0.006775137059060965,0.0,-0.006775137059060965,2022-11
10,2694,2023-06-27,2021—2023,1,2546,2022-11-15,2022-11-16,2022-11-23,-0.02780509417854493,0.0,-0.02780509417854493,2022-11
10,2694,2023-06-27,2021—2023,1,2547,2022-11-16,2022-11-17,2022-11-24,-0.012101688887426909,0.0,-0.012101688887426909,2022-11
10,2694,2023-06-27,2021—2023,1,2548,2022-11-17,2022-11-18,2022-11-25,-0.01905578478850367,0.0,-0.01905578478850367,2022-11
10,2694,2023-06-27,2021—2023,1,2549,2022-11-18,2022-11-21,2022-11-28,-0.019789949159622844,0.0,-0.019789949159622844,2022-11
10,2694,2023-06-27,2021—2023,1,2550,2022-11-21,2022-11-22,2022-11-29,-0.006276894097490215,0.0,-0.006276894097490215,2022-11
10,2694,2023-06-27,2021—2023,1,2551,2022-11-22,2022-11-23,2022-11-30,0.017491120706528918,0.017491120706528918,0.0,2022-11
10,2694,2023-06-27,2021—2023,1,2552,2022-11-23,2022-11-24,2022-12-01,0.030830428596594572,0.030830428596594572,0.0,2022-11
10,2694,2023-06-27,2021—2023,1,2553,2022-11-24,2022-11-25,2022-12-02,0.03265510431976826,0.03265510431976826,0.0,2022-11
10,2694,2023-06-27,2021—2023,1,2554,2022-11-25,2022-11-28,2022-12-05,0.05053635325530803,0.05053635325530803,0.0,2022-11
10,2694,2023-06-27,2021—2023,1,2555,2022-11-28,2022-11-29,2022-12-06,0.04369064317698812,0.04369064317698812,0.0,2022-11
10,2694,2023-06-27,2021—2023,1,2556,2022-11-29,2022-11-30,2022-12-07,0.028136669473676434,0.028136669473676434,0.0,2022-11
10,2694,2023-06-27,2021—2023,1,2557,2022-11-30,2022-12-01,2022-12-08,0.0057212054937061385,0.0057212054937061385,0.0,2022-11
10,2694,2023-06-27,2021—2023,1,2558,2022-12-01,2022-12-02,2022-12-09,0.014091155656959176,0.014091155656959176,0.0,2022-12
10,2694,2023-06-27,2021—2023,1,2559,2022-12-02,2022-12-05,2022-12-12,0.014773577748387723,0.014773577748387723,0.0,2022-12
10,2694,2023-06-27,2021—2023,1,2560,2022-12-05,2022-12-06,2022-12-13,0.003451172083719145,0.003451172083719145,0.0,2022-12
10,2694,2023-06-27,2021—2023,1,2561,2022-12-06,2022-12-07,2022-12-14,-0.005764650661474469,0.0,-0.005764650661474469,2022-12
10,2694,2023-06-27,2021—2023,1,2562,2022-12-07,2022-12-08,2022-12-15,-0.0030366957694533125,0.0,-0.0030366957694533125,2022-12
10,2694,2023-06-27,2021—2023,1,2563,2022-12-08,2022-12-09,2022-12-16,-0.006257080087527789,0.0,-0.006257080087527789,2022-12
10,2694,2023-06-27,2021—2023,1,2564,2022-12-09,2022-12-12,2022-12-19,-0.008941312363943243,0.0,-0.008941312363943243,2022-12
10,2694,2023-06-27,2021—2023,1,2565,2022-12-12,2022-12-13,2022-12-20,-0.02116617931500031,0.0,-0.02116617931500031,2022-12
10,2694,2023-06-27,2021—2023,1,2566,2022-12-13,2022-12-14,2022-12-21,-0.030165965992183463,0.0,-0.030165965992183463,2022-12
10,2694,2023-06-27,2021—2023,1,2567,2022-12-14,2022-12-15,2022-12-22,-0.027885687306773432,0.0,-0.027885687306773432,2022-12
10,2694,2023-06-27,2021—2023,1,2568,2022-12-15,2022-12-16,2022-12-23,-0.03463714115947236,0.0,-0.03463714115947236,2022-12
10,2694,2023-06-27,2021—2023,1,2569,2022-12-16,2022-12-19,2022-12-26,-0.03578533821137553,0.0,-0.03578533821137553,2022-12
10,2694,2023-06-27,2021—2023,1,2570,2022-12-19,2022-12-20,2022-12-27,-0.0040890202541419285,0.0,-0.0040890202541419285,2022-12
10,2694,2023-06-27,2021—2023,1,2571,2022-12-20,2022-12-21,2022-12-28,0.0068766347494293445,0.0068766347494293445,0.0,2022-12
10,2694,2023-06-27,2021—2023,1,2572,2022-12-21,2022-12-22,2022-12-29,-0.0020741703318672977,0.0,-0.0020741703318672977,2022-12
10,2694,2023-06-27,2021—2023,1,2573,2022-12-22,2022-12-23,2022-12-30,0.010765138389088547,0.010765138389088547,0.0,2022-12
10,2694,2023-06-27,2021—2023,1,2574,2022-12-23,2022-12-26,2023-01-03,0.00920771906953699,0.00920771906953699,0.0,2022-12
10,2694,2023-06-27,2021—2023,1,2575,2022-12-26,2022-12-27,2023-01-04,-0.000799680127948732,0.0,-0.000799680127948732,2022-12
10,2694,2023-06-27,2021—2023,1,2576,2022-12-27,2022-12-28,2023-01-05,0.006295833175733012,0.006295833175733012,0.0,2022-12
10,2694,2023-06-27,2021—2023,1,2577,2022-12-28,2022-12-29,2023-01-06,0.02518003759495424,0.02518003759495424,0.0,2022-12
10,2694,2023-06-27,2021—2023,1,2578,2022-12-29,2022-12-30,2023-01-09,0.02937155510797429,0.02937155510797429,0.0,2022-12
10,2694,2023-06-27,2021—2023,1,2579,2022-12-30,2023-01-03,2023-01-10,0.030132174483670005,0.030132174483670005,0.0,2022-12
10,2694,2023-06-27,2021—2023,1,2580,2023-01-03,2023-01-04,2023-01-11,0.0295404105564252,0.0295404105564252,0.0,2023-01
10,2694,2023-06-27,2021—2023,1,2581,2023-01-04,2023-01-05,2023-01-12,0.024061046604228586,0.024061046604228586,0.0,2023-01
10,2694,2023-06-27,2021—2023,1,2582,2023-01-05,2023-01-06,2023-01-13,0.011334351017956878,0.011334351017956878,0.0,2023-01
10,2694,2023-06-27,2021—2023,1,2583,2023-01-06,2023-01-09,2023-01-16,0.017373885826504898,0.017373885826504898,0.0,2023-01
10,2694,2023-06-27,2021—2023,1,2584,2023-01-09,2023-01-10,2023-01-17,0.03085326144523748,0.03085326144523748,0.0,2023-01
10,2694,2023-06-27,2021—2023,1,2585,2023-01-10,2023-01-11,2023-01-18,0.0293147807021239,0.0293147807021239,0.0,2023-01
10,2694,2023-06-27,2021—2023,1,2586,2023-01-11,2023-01-12,2023-01-19,0.021693475251777894,0.021693475251777894,0.0,2023-01
10,2694,2023-06-27,2021—2023,1,2587,2023-01-12,2023-01-13,2023-01-20,0.03288748008368714,0.03288748008368714,0.0,2023-01
10,2694,2023-06-27,2021—2023,1,2588,2023-01-13,2023-01-16,2023-01-30,0.039510357226302695,0.039510357226302695,0.0,2023-01
10,2694,2023-06-27,2021—2023,1,2589,2023-01-16,2023-01-17,2023-01-31,0.01244911871317056,0.01244911871317056,0.0,2023-01
10,2694,2023-06-27,2021—2023,1,2590,2023-01-17,2023-01-18,2023-02-01,0.0011260251380056374,0.0011260251380056374,0.0,2023-01
10,2694,2023-06-27,2021—2023,1,2591,2023-01-18,2023-01-19,2023-02-02,0.016394508604701485,0.016394508604701485,0.0,2023-01
10,2694,2023-06-27,2021—2023,1,2592,2023-01-19,2023-01-20,2023-02-03,-0.007735249605279937,0.0,-0.007735249605279937,2023-01
10,2694,2023-06-27,2021—2023,1,2593,2023-01-20,2023-01-30,2023-02-06,-0.039924288197968116,0.0,-0.039924288197968116,2023-01
10,2694,2023-06-27,2021—2023,1,2594,2023-01-30,2023-01-31,2023-02-07,-0.03210621756519305,0.0,-0.03210621756519305,2023-01
10,2694,2023-06-27,2021—2023,1,2677,2023-05-31,2023-06-01,2023-06-08,-0.0036898204168239745,0.0,-0.0036898204168239745,2023-05
10,2694,2023-06-27,2021—2023,1,2678,2023-06-01,2023-06-02,2023-06-09,-0.0031452207849256286,0.0,-0.0031452207849256286,2023-06
10,2694,2023-06-27,2021—2023,1,2679,2023-06-02,2023-06-05,2023-06-12,-0.007269508668948932,0.0,-0.007269508668948932,2023-06
10,2694,2023-06-27,2021—2023,1,2680,2023-06-05,2023-06-06,2023-06-13,-0.004433135836574453,0.0,-0.004433135836574453,2023-06
10,2694,2023-06-27,2021—2023,1,2681,2023-06-06,2023-06-07,2023-06-14,0.01252647476574209,0.01252647476574209,0.0,2023-06
10,2694,2023-06-27,2021—2023,1,2682,2023-06-07,2023-06-08,2023-06-15,0.020762010985079682,0.020762010985079682,0.0,2023-06
10,2694,2023-06-27,2021—2023,1,2683,2023-06-08,2023-06-09,2023-06-16,0.028396885440971076,0.028396885440971076,0.0,2023-06
10,2694,2023-06-27,2021—2023,1,2684,2023-06-09,2023-06-12,2023-06-19,0.03325215179276886,0.03325215179276886,0.0,2023-06
10,2694,2023-06-27,2021—2023,1,2685,2023-06-12,2023-06-13,2023-06-20,0.023374521159278405,0.023374521159278405,0.0,2023-06
10,2694,2023-06-27,2021—2023,1,2686,2023-06-13,2023-06-14,2023-06-21,0.011552010666245893,0.011552010666245893,0.0,2023-06
10,2694,2023-06-27,2021—2023,1,2687,2023-06-14,2023-06-15,2023-06-26,-0.007991867520343865,0.0,-0.007991867520343865,2023-06
10,2694,2023-06-27,2021—2023,1,2688,2023-06-15,2023-06-16,2023-06-27,-0.02986824496105922,0.0,-0.02986824496105922,2023-06
10,2984,2024-09-02,2024—2025,2,2480,2022-08-05,2022-08-08,2022-08-15,0.0065648490960248385,0.0065648490960248385,0.0,2022-08
10,2984,2024-09-02,2024—2025,2,2481,2022-08-08,2022-08-09,2022-08-16,0.00822566148249515,0.00822566148249515,0.0,2022-08
10,2984,2024-09-02,2024—2025,2,2482,2022-08-09,2022-08-10,2022-08-17,0.0049005356260158894,0.0049005356260158894,0.0,2022-08
10,2984,2024-09-02,2024—2025,2,2494,2022-08-25,2022-08-26,2022-09-02,-0.019666034159949497,0.0,-0.019666034159949497,2022-08
10,2984,2024-09-02,2024—2025,2,2495,2022-08-26,2022-08-29,2022-09-05,-0.01911594262439742,0.0,-0.01911594262439742,2022-08
10,2984,2024-09-02,2024—2025,2,2496,2022-08-29,2022-08-30,2022-09-06,-0.017376939582426254,0.0,-0.017376939582426254,2022-08
10,2984,2024-09-02,2024—2025,2,2497,2022-08-30,2022-08-31,2022-09-07,-0.009753521696189482,0.0,-0.009753521696189482,2022-08
10,2984,2024-09-02,2024—2025,2,2535,2022-10-31,2022-11-01,2022-11-08,0.06629624550291346,0.06629624550291346,0.0,2022-10
10,2984,2024-09-02,2024—2025,2,2536,2022-11-01,2022-11-02,2022-11-09,0.031161728856844206,0.031161728856844206,0.0,2022-11
10,2984,2024-09-02,2024—2025,2,2537,2022-11-02,2022-11-03,2022-11-10,0.005913571147730279,0.005913571147730279,0.0,2022-11
10,2984,2024-09-02,2024—2025,2,2538,2022-11-03,2022-11-04,2022-11-11,0.03395277100807026,0.03395277100807026,0.0,2022-11
10,2984,2024-09-02,2024—2025,2,2556,2022-11-29,2022-11-30,2022-12-07,0.028136669473676434,0.028136669473676434,0.0,2022-11
10,2984,2024-09-02,2024—2025,2,2557,2022-11-30,2022-12-01,2022-12-08,0.0057212054937061385,0.0057212054937061385,0.0,2022-11
10,2984,2024-09-02,2024—2025,2,2558,2022-12-01,2022-12-02,2022-12-09,0.014091155656959176,0.014091155656959176,0.0,2022-12
10,2984,2024-09-02,2024—2025,2,2559,2022-12-02,2022-12-05,2022-12-12,0.014773577748387723,0.014773577748387723,0.0,2022-12
10,2984,2024-09-02,2024—2025,2,2571,2022-12-20,2022-12-21,2022-12-28,0.0068766347494293445,0.0068766347494293445,0.0,2022-12
10,2984,2024-09-02,2024—2025,2,2572,2022-12-21,2022-12-22,2022-12-29,-0.0020741703318672977,0.0,-0.0020741703318672977,2022-12
10,2984,2024-09-02,2024—2025,2,2573,2022-12-22,2022-12-23,2022-12-30,0.010765138389088547,0.010765138389088547,0.0,2022-12
10,2984,2024-09-02,2024—2025,2,2574,2022-12-23,2022-12-26,2023-01-03,0.00920771906953699,0.00920771906953699,0.0,2022-12
10,2984,2024-09-02,2024—2025,2,2575,2022-12-26,2022-12-27,2023-01-04,-0.000799680127948732,0.0,-0.000799680127948732,2022-12
10,2984,2024-09-02,2024—2025,2,2576,2022-12-27,2022-12-28,2023-01-05,0.006295833175733012,0.006295833175733012,0.0,2022-12
10,2984,2024-09-02,2024—2025,2,2577,2022-12-28,2022-12-29,2023-01-06,0.02518003759495424,0.02518003759495424,0.0,2022-12
10,2984,2024-09-02,2024—2025,2,2578,2022-12-29,2022-12-30,2023-01-09,0.02937155510797429,0.02937155510797429,0.0,2022-12
10,2984,2024-09-02,2024—2025,2,2579,2022-12-30,2023-01-03,2023-01-10,0.030132174483670005,0.030132174483670005,0.0,2022-12
10,2984,2024-09-02,2024—2025,2,2580,2023-01-03,2023-01-04,2023-01-11,0.0295404105564252,0.0295404105564252,0.0,2023-01
10,2984,2024-09-02,2024—2025,2,2581,2023-01-04,2023-01-05,2023-01-12,0.024061046604228586,0.024061046604228586,0.0,2023-01
10,2984,2024-09-02,2024—2025,2,2582,2023-01-05,2023-01-06,2023-01-13,0.011334351017956878,0.011334351017956878,0.0,2023-01
10,2984,2024-09-02,2024—2025,2,2584,2023-01-09,2023-01-10,2023-01-17,0.03085326144523748,0.03085326144523748,0.0,2023-01
10,2984,2024-09-02,2024—2025,2,2588,2023-01-13,2023-01-16,2023-01-30,0.039510357226302695,0.039510357226302695,0.0,2023-01
10,2984,2024-09-02,2024—2025,2,2589,2023-01-16,2023-01-17,2023-01-31,0.01244911871317056,0.01244911871317056,0.0,2023-01
10,2984,2024-09-02,2024—2025,2,2590,2023-01-17,2023-01-18,2023-02-01,0.0011260251380056374,0.0011260251380056374,0.0,2023-01
10,2984,2024-09-02,2024—2025,2,2591,2023-01-18,2023-01-19,2023-02-02,0.016394508604701485,0.016394508604701485,0.0,2023-01
10,2984,2024-09-02,2024—2025,2,2592,2023-01-19,2023-01-20,2023-02-03,-0.007735249605279937,0.0,-0.007735249605279937,2023-01
10,2984,2024-09-02,2024—2025,2,2593,2023-01-20,2023-01-30,2023-02-06,-0.039924288197968116,0.0,-0.039924288197968116,2023-01
10,2984,2024-09-02,2024—2025,2,2594,2023-01-30,2023-01-31,2023-02-07,-0.03210621756519305,0.0,-0.03210621756519305,2023-01
10,2984,2024-09-02,2024—2025,2,2658,2023-05-04,2023-05-05,2023-05-12,-0.013937268059781793,0.0,-0.013937268059781793,2023-05
10,2984,2024-09-02,2024—2025,2,2659,2023-05-05,2023-05-08,2023-05-15,-0.023412768690086905,0.0,-0.023412768690086905,2023-05
10,2984,2024-09-02,2024—2025,2,2660,2023-05-08,2023-05-09,2023-05-16,-0.018993780440579644,0.0,-0.018993780440579644,2023-05
10,2984,2024-09-02,2024—2025,2,2661,2023-05-09,2023-05-10,2023-05-17,-0.014463533333558765,0.0,-0.014463533333558765,2023-05
10,2984,2024-09-02,2024—2025,2,2667,2023-05-17,2023-05-18,2023-05-25,-0.03055880121449639,0.0,-0.03055880121449639,2023-05
10,2984,2024-09-02,2024—2025,2,2668,2023-05-18,2023-05-19,2023-05-26,-0.02740110852210831,0.0,-0.02740110852210831,2023-05
10,2984,2024-09-02,2024—2025,2,2674,2023-05-26,2023-05-29,2023-06-05,-0.003128215311493099,0.0,-0.003128215311493099,2023-05
10,2984,2024-09-02,2024—2025,2,2675,2023-05-29,2023-05-30,2023-06-06,0.0023309736157755,0.0023309736157755,0.0,2023-05
10,2984,2024-09-02,2024—2025,2,2676,2023-05-30,2023-05-31,2023-06-07,-0.004971706515723651,0.0,-0.004971706515723651,2023-05
10,2984,2024-09-02,2024—2025,2,2682,2023-06-07,2023-06-08,2023-06-15,0.020762010985079682,0.020762010985079682,0.0,2023-06
10,2984,2024-09-02,2024—2025,2,2683,2023-06-08,2023-06-09,2023-06-16,0.028396885440971076,0.028396885440971076,0.0,2023-06
10,2984,2024-09-02,2024—2025,2,2684,2023-06-09,2023-06-12,2023-06-19,0.03325215179276886,0.03325215179276886,0.0,2023-06
10,2984,2024-09-02,2024—2025,2,2685,2023-06-12,2023-06-13,2023-06-20,0.023374521159278405,0.023374521159278405,0.0,2023-06
10,2984,2024-09-02,2024—2025,2,2686,2023-06-13,2023-06-14,2023-06-21,0.011552010666245893,0.011552010666245893,0.0,2023-06
10,2984,2024-09-02,2024—2025,2,2693,2023-06-26,2023-06-27,2023-07-04,0.018685505516981893,0.018685505516981893,0.0,2023-06
10,2984,2024-09-02,2024—2025,2,2694,2023-06-27,2023-06-28,2023-07-05,0.013928641111437434,0.013928641111437434,0.0,2023-06
10,2984,2024-09-02,2024—2025,2,2696,2023-06-29,2023-06-30,2023-07-07,0.0015288550555958569,0.0015288550555958569,0.0,2023-06
10,2984,2024-09-02,2024—2025,2,2697,2023-06-30,2023-07-03,2023-07-10,-0.0038788798810214242,0.0,-0.0038788798810214242,2023-06
10,2984,2024-09-02,2024—2025,2,2698,2023-07-03,2023-07-04,2023-07-11,-0.009954989752635535,0.0,-0.009954989752635535,2023-07
10,2984,2024-09-02,2024—2025,2,2699,2023-07-04,2023-07-05,2023-07-12,-0.006390322812889093,0.0,-0.006390322812889093,2023-07
10,2984,2024-09-02,2024—2025,2,2700,2023-07-05,2023-07-06,2023-07-13,-0.0002877947181784135,0.0,-0.0002877947181784135,2023-07
10,2984,2024-09-02,2024—2025,2,2706,2023-07-13,2023-07-14,2023-07-21,-0.020965175988131524,0.0,-0.020965175988131524,2023-07
10,2984,2024-09-02,2024—2025,2,2707,2023-07-14,2023-07-17,2023-07-24,-0.022048497056873506,0.0,-0.022048497056873506,2023-07
10,2984,2024-09-02,2024—2025,2,2708,2023-07-17,2023-07-18,2023-07-25,-0.00410576415908559,0.0,-0.00410576415908559,2023-07
10,2984,2024-09-02,2024—2025,2,2709,2023-07-18,2023-07-19,2023-07-26,0.015028224785711641,0.015028224785711641,0.0,2023-07
10,2984,2024-09-02,2024—2025,2,2710,2023-07-19,2023-07-20,2023-07-27,0.012940278434081076,0.012940278434081076,0.0,2023-07
10,2984,2024-09-02,2024—2025,2,2712,2023-07-21,2023-07-24,2023-07-31,0.056201680401664955,0.056201680401664955,0.0,2023-07
10,2984,2024-09-02,2024—2025,2,2713,2023-07-24,2023-07-25,2023-08-01,0.03765068895988999,0.03765068895988999,0.0,2023-07
10,2984,2024-09-02,2024—2025,2,2714,2023-07-25,2023-07-26,2023-08-02,0.01675655039189139,0.01675655039189139,0.0,2023-07
10,2984,2024-09-02,2024—2025,2,2715,2023-07-26,2023-07-27,2023-08-03,0.008468410078936728,0.008468410078936728,0.0,2023-07
10,2984,2024-09-02,2024—2025,2,2716,2023-07-27,2023-07-28,2023-08-04,0.03783505551532218,0.03783505551532218,0.0,2023-07
10,2984,2024-09-02,2024—2025,2,2717,2023-07-28,2023-07-31,2023-08-07,-0.009075638928350838,0.0,-0.009075638928350838,2023-07
10,2984,2024-09-02,2024—2025,2,2822,2024-01-02,2024-01-03,2024-01-10,-0.030920501364671504,0.0,-0.030920501364671504,2024-01
10,2984,2024-09-02,2024—2025,2,2826,2024-01-08,2024-01-09,2024-01-16,-0.006458340657775508,0.0,-0.006458340657775508,2024-01
10,2984,2024-09-02,2024—2025,2,2828,2024-01-10,2024-01-11,2024-01-18,-0.01931173718853263,0.0,-0.01931173718853263,2024-01
10,2984,2024-09-02,2024—2025,2,2829,2024-01-11,2024-01-12,2024-01-19,-0.013002250664562842,0.0,-0.013002250664562842,2024-01
10,2984,2024-09-02,2024—2025,2,2830,2024-01-12,2024-01-15,2024-01-22,-0.0019902057173533105,0.0,-0.0019902057173533105,2024-01
10,2984,2024-09-02,2024—2025,2,2831,2024-01-15,2024-01-16,2024-01-23,-0.024695743712084495,0.0,-0.024695743712084495,2024-01
10,2984,2024-09-02,2024—2025,2,2832,2024-01-16,2024-01-17,2024-01-24,-0.017737147925715346,0.0,-0.017737147925715346,2024-01
10,2984,2024-09-02,2024—2025,2,2833,2024-01-17,2024-01-18,2024-01-25,0.012845513563662037,0.012845513563662037,0.0,2024-01
10,2984,2024-09-02,2024—2025,2,2834,2024-01-18,2024-01-19,2024-01-26,0.021008872811158374,0.021008872811158374,0.0,2024-01
10,2984,2024-09-02,2024—2025,2,2835,2024-01-19,2024-01-22,2024-01-29,0.016928560481588972,0.016928560481588972,0.0,2024-01
10,2984,2024-09-02,2024—2025,2,2836,2024-01-22,2024-01-23,2024-01-30,0.022285185207840064,0.022285185207840064,0.0,2024-01
10,2984,2024-09-02,2024—2025,2,2837,2024-01-23,2024-01-24,2024-01-31,-0.005113218357430505,0.0,-0.005113218357430505,2024-01
10,2984,2024-09-02,2024—2025,2,2838,2024-01-24,2024-01-25,2024-02-01,-0.024604696911705748,0.0,-0.024604696911705748,2024-01
10,2984,2024-09-02,2024—2025,2,2839,2024-01-25,2024-01-26,2024-02-02,-0.03618552578968415,0.0,-0.03618552578968415,2024-01
10,2984,2024-09-02,2024—2025,2,2840,2024-01-26,2024-01-29,2024-02-05,-0.05502914276568227,0.0,-0.05502914276568227,2024-01
10,2984,2024-09-02,2024—2025,2,2841,2024-01-29,2024-01-30,2024-02-06,-0.03243341932633337,0.0,-0.03243341932633337,2024-01
10,2984,2024-09-02,2024—2025,2,2842,2024-01-30,2024-01-31,2024-02-07,0.020499307227989094,0.020499307227989094,0.0,2024-01
10,2984,2024-09-02,2024—2025,2,2843,2024-01-31,2024-02-01,2024-02-08,0.044108199416862615,0.044108199416862615,0.0,2024-01
10,2984,2024-09-02,2024—2025,2,2844,2024-02-01,2024-02-02,2024-02-19,0.045097789562015045,0.045097789562015045,0.0,2024-02
10,2984,2024-09-02,2024—2025,2,2845,2024-02-02,2024-02-05,2024-02-20,0.06777289084366234,0.06777289084366234,0.0,2024-02
10,2984,2024-09-02,2024—2025,2,2846,2024-02-05,2024-02-06,2024-02-21,0.06029911647758568,0.06029911647758568,0.0,2024-02
10,2984,2024-09-02,2024—2025,2,2847,2024-02-06,2024-02-07,2024-02-22,0.03809496117063138,0.03809496117063138,0.0,2024-02
10,2984,2024-09-02,2024—2025,2,2848,2024-02-07,2024-02-08,2024-02-23,0.03343990175086109,0.03343990175086109,0.0,2024-02
10,2984,2024-09-02,2024—2025,2,2849,2024-02-08,2024-02-19,2024-02-26,0.02700518371692162,0.02700518371692162,0.0,2024-02
10,2984,2024-09-02,2024—2025,2,2850,2024-02-19,2024-02-20,2024-02-27,0.012180778707117534,0.012180778707117534,0.0,2024-02
10,2984,2024-09-02,2024—2025,2,2851,2024-02-20,2024-02-21,2024-02-28,0.02600669637805253,0.02600669637805253,0.0,2024-02
10,2984,2024-09-02,2024—2025,2,2852,2024-02-21,2024-02-22,2024-02-29,-0.00514277047801559,0.0,-0.00514277047801559,2024-02
10,2984,2024-09-02,2024—2025,2,2853,2024-02-22,2024-02-23,2024-03-01,0.004370082952734444,0.004370082952734444,0.0,2024-02
10,2984,2024-09-02,2024—2025,2,2879,2024-03-29,2024-04-01,2024-04-10,-0.007566273716247185,0.0,-0.007566273716247185,2024-03
10,2990,2024-09-10,2024—2025,2,2494,2022-08-25,2022-08-26,2022-09-02,-0.019666034159949497,0.0,-0.019666034159949497,2022-08
10,2990,2024-09-10,2024—2025,2,2495,2022-08-26,2022-08-29,2022-09-05,-0.01911594262439742,0.0,-0.01911594262439742,2022-08
10,2990,2024-09-10,2024—2025,2,2496,2022-08-29,2022-08-30,2022-09-06,-0.017376939582426254,0.0,-0.017376939582426254,2022-08
10,2990,2024-09-10,2024—2025,2,2497,2022-08-30,2022-08-31,2022-09-07,-0.009753521696189482,0.0,-0.009753521696189482,2022-08
10,2990,2024-09-10,2024—2025,2,2535,2022-10-31,2022-11-01,2022-11-08,0.06629624550291346,0.06629624550291346,0.0,2022-10
10,2990,2024-09-10,2024—2025,2,2536,2022-11-01,2022-11-02,2022-11-09,0.031161728856844206,0.031161728856844206,0.0,2022-11
10,2990,2024-09-10,2024—2025,2,2537,2022-11-02,2022-11-03,2022-11-10,0.005913571147730279,0.005913571147730279,0.0,2022-11
10,2990,2024-09-10,2024—2025,2,2538,2022-11-03,2022-11-04,2022-11-11,0.03395277100807026,0.03395277100807026,0.0,2022-11
10,2990,2024-09-10,2024—2025,2,2556,2022-11-29,2022-11-30,2022-12-07,0.028136669473676434,0.028136669473676434,0.0,2022-11
10,2990,2024-09-10,2024—2025,2,2557,2022-11-30,2022-12-01,2022-12-08,0.0057212054937061385,0.0057212054937061385,0.0,2022-11
10,2990,2024-09-10,2024—2025,2,2558,2022-12-01,2022-12-02,2022-12-09,0.014091155656959176,0.014091155656959176,0.0,2022-12
10,2990,2024-09-10,2024—2025,2,2559,2022-12-02,2022-12-05,2022-12-12,0.014773577748387723,0.014773577748387723,0.0,2022-12
10,2990,2024-09-10,2024—2025,2,2571,2022-12-20,2022-12-21,2022-12-28,0.0068766347494293445,0.0068766347494293445,0.0,2022-12
10,2990,2024-09-10,2024—2025,2,2572,2022-12-21,2022-12-22,2022-12-29,-0.0020741703318672977,0.0,-0.0020741703318672977,2022-12
10,2990,2024-09-10,2024—2025,2,2573,2022-12-22,2022-12-23,2022-12-30,0.010765138389088547,0.010765138389088547,0.0,2022-12
10,2990,2024-09-10,2024—2025,2,2574,2022-12-23,2022-12-26,2023-01-03,0.00920771906953699,0.00920771906953699,0.0,2022-12
10,2990,2024-09-10,2024—2025,2,2575,2022-12-26,2022-12-27,2023-01-04,-0.000799680127948732,0.0,-0.000799680127948732,2022-12
10,2990,2024-09-10,2024—2025,2,2576,2022-12-27,2022-12-28,2023-01-05,0.006295833175733012,0.006295833175733012,0.0,2022-12
10,2990,2024-09-10,2024—2025,2,2577,2022-12-28,2022-12-29,2023-01-06,0.02518003759495424,0.02518003759495424,0.0,2022-12
10,2990,2024-09-10,2024—2025,2,2578,2022-12-29,2022-12-30,2023-01-09,0.02937155510797429,0.02937155510797429,0.0,2022-12
10,2990,2024-09-10,2024—2025,2,2579,2022-12-30,2023-01-03,2023-01-10,0.030132174483670005,0.030132174483670005,0.0,2022-12
10,2990,2024-09-10,2024—2025,2,2580,2023-01-03,2023-01-04,2023-01-11,0.0295404105564252,0.0295404105564252,0.0,2023-01
10,2990,2024-09-10,2024—2025,2,2581,2023-01-04,2023-01-05,2023-01-12,0.024061046604228586,0.024061046604228586,0.0,2023-01
10,2990,2024-09-10,2024—2025,2,2582,2023-01-05,2023-01-06,2023-01-13,0.011334351017956878,0.011334351017956878,0.0,2023-01
10,2990,2024-09-10,2024—2025,2,2584,2023-01-09,2023-01-10,2023-01-17,0.03085326144523748,0.03085326144523748,0.0,2023-01
10,2990,2024-09-10,2024—2025,2,2588,2023-01-13,2023-01-16,2023-01-30,0.039510357226302695,0.039510357226302695,0.0,2023-01
10,2990,2024-09-10,2024—2025,2,2589,2023-01-16,2023-01-17,2023-01-31,0.01244911871317056,0.01244911871317056,0.0,2023-01
10,2990,2024-09-10,2024—2025,2,2590,2023-01-17,2023-01-18,2023-02-01,0.0011260251380056374,0.0011260251380056374,0.0,2023-01
10,2990,2024-09-10,2024—2025,2,2591,2023-01-18,2023-01-19,2023-02-02,0.016394508604701485,0.016394508604701485,0.0,2023-01
10,2990,2024-09-10,2024—2025,2,2592,2023-01-19,2023-01-20,2023-02-03,-0.007735249605279937,0.0,-0.007735249605279937,2023-01
10,2990,2024-09-10,2024—2025,2,2593,2023-01-20,2023-01-30,2023-02-06,-0.039924288197968116,0.0,-0.039924288197968116,2023-01
10,2990,2024-09-10,2024—2025,2,2594,2023-01-30,2023-01-31,2023-02-07,-0.03210621756519305,0.0,-0.03210621756519305,2023-01
10,2990,2024-09-10,2024—2025,2,2658,2023-05-04,2023-05-05,2023-05-12,-0.013937268059781793,0.0,-0.013937268059781793,2023-05
10,2990,2024-09-10,2024—2025,2,2659,2023-05-05,2023-05-08,2023-05-15,-0.023412768690086905,0.0,-0.023412768690086905,2023-05
10,2990,2024-09-10,2024—2025,2,2660,2023-05-08,2023-05-09,2023-05-16,-0.018993780440579644,0.0,-0.018993780440579644,2023-05
10,2990,2024-09-10,2024—2025,2,2661,2023-05-09,2023-05-10,2023-05-17,-0.014463533333558765,0.0,-0.014463533333558765,2023-05
10,2990,2024-09-10,2024—2025,2,2667,2023-05-17,2023-05-18,2023-05-25,-0.03055880121449639,0.0,-0.03055880121449639,2023-05
10,2990,2024-09-10,2024—2025,2,2668,2023-05-18,2023-05-19,2023-05-26,-0.02740110852210831,0.0,-0.02740110852210831,2023-05
10,2990,2024-09-10,2024—2025,2,2674,2023-05-26,2023-05-29,2023-06-05,-0.003128215311493099,0.0,-0.003128215311493099,2023-05
10,2990,2024-09-10,2024—2025,2,2675,2023-05-29,2023-05-30,2023-06-06,0.0023309736157755,0.0023309736157755,0.0,2023-05
10,2990,2024-09-10,2024—2025,2,2676,2023-05-30,2023-05-31,2023-06-07,-0.004971706515723651,0.0,-0.004971706515723651,2023-05
10,2990,2024-09-10,2024—2025,2,2682,2023-06-07,2023-06-08,2023-06-15,0.020762010985079682,0.020762010985079682,0.0,2023-06
10,2990,2024-09-10,2024—2025,2,2683,2023-06-08,2023-06-09,2023-06-16,0.028396885440971076,0.028396885440971076,0.0,2023-06
10,2990,2024-09-10,2024—2025,2,2684,2023-06-09,2023-06-12,2023-06-19,0.03325215179276886,0.03325215179276886,0.0,2023-06
10,2990,2024-09-10,2024—2025,2,2685,2023-06-12,2023-06-13,2023-06-20,0.023374521159278405,0.023374521159278405,0.0,2023-06
10,2990,2024-09-10,2024—2025,2,2686,2023-06-13,2023-06-14,2023-06-21,0.011552010666245893,0.011552010666245893,0.0,2023-06
10,2990,2024-09-10,2024—2025,2,2693,2023-06-26,2023-06-27,2023-07-04,0.018685505516981893,0.018685505516981893,0.0,2023-06
10,2990,2024-09-10,2024—2025,2,2694,2023-06-27,2023-06-28,2023-07-05,0.013928641111437434,0.013928641111437434,0.0,2023-06
10,2990,2024-09-10,2024—2025,2,2696,2023-06-29,2023-06-30,2023-07-07,0.0015288550555958569,0.0015288550555958569,0.0,2023-06
10,2990,2024-09-10,2024—2025,2,2697,2023-06-30,2023-07-03,2023-07-10,-0.0038788798810214242,0.0,-0.0038788798810214242,2023-06
10,2990,2024-09-10,2024—2025,2,2698,2023-07-03,2023-07-04,2023-07-11,-0.009954989752635535,0.0,-0.009954989752635535,2023-07
10,2990,2024-09-10,2024—2025,2,2699,2023-07-04,2023-07-05,2023-07-12,-0.006390322812889093,0.0,-0.006390322812889093,2023-07
10,2990,2024-09-10,2024—2025,2,2700,2023-07-05,2023-07-06,2023-07-13,-0.0002877947181784135,0.0,-0.0002877947181784135,2023-07
10,2990,2024-09-10,2024—2025,2,2706,2023-07-13,2023-07-14,2023-07-21,-0.020965175988131524,0.0,-0.020965175988131524,2023-07
10,2990,2024-09-10,2024—2025,2,2707,2023-07-14,2023-07-17,2023-07-24,-0.022048497056873506,0.0,-0.022048497056873506,2023-07
10,2990,2024-09-10,2024—2025,2,2708,2023-07-17,2023-07-18,2023-07-25,-0.00410576415908559,0.0,-0.00410576415908559,2023-07
10,2990,2024-09-10,2024—2025,2,2709,2023-07-18,2023-07-19,2023-07-26,0.015028224785711641,0.015028224785711641,0.0,2023-07
10,2990,2024-09-10,2024—2025,2,2710,2023-07-19,2023-07-20,2023-07-27,0.012940278434081076,0.012940278434081076,0.0,2023-07
10,2990,2024-09-10,2024—2025,2,2712,2023-07-21,2023-07-24,2023-07-31,0.056201680401664955,0.056201680401664955,0.0,2023-07
10,2990,2024-09-10,2024—2025,2,2713,2023-07-24,2023-07-25,2023-08-01,0.03765068895988999,0.03765068895988999,0.0,2023-07
10,2990,2024-09-10,2024—2025,2,2714,2023-07-25,2023-07-26,2023-08-02,0.01675655039189139,0.01675655039189139,0.0,2023-07
10,2990,2024-09-10,2024—2025,2,2715,2023-07-26,2023-07-27,2023-08-03,0.008468410078936728,0.008468410078936728,0.0,2023-07
10,2990,2024-09-10,2024—2025,2,2716,2023-07-27,2023-07-28,2023-08-04,0.03783505551532218,0.03783505551532218,0.0,2023-07
10,2990,2024-09-10,2024—2025,2,2717,2023-07-28,2023-07-31,2023-08-07,-0.009075638928350838,0.0,-0.009075638928350838,2023-07
10,2990,2024-09-10,2024—2025,2,2822,2024-01-02,2024-01-03,2024-01-10,-0.030920501364671504,0.0,-0.030920501364671504,2024-01
10,2990,2024-09-10,2024—2025,2,2826,2024-01-08,2024-01-09,2024-01-16,-0.006458340657775508,0.0,-0.006458340657775508,2024-01
10,2990,2024-09-10,2024—2025,2,2828,2024-01-10,2024-01-11,2024-01-18,-0.01931173718853263,0.0,-0.01931173718853263,2024-01
10,2990,2024-09-10,2024—2025,2,2829,2024-01-11,2024-01-12,2024-01-19,-0.013002250664562842,0.0,-0.013002250664562842,2024-01
10,2990,2024-09-10,2024—2025,2,2830,2024-01-12,2024-01-15,2024-01-22,-0.0019902057173533105,0.0,-0.0019902057173533105,2024-01
10,2990,2024-09-10,2024—2025,2,2831,2024-01-15,2024-01-16,2024-01-23,-0.024695743712084495,0.0,-0.024695743712084495,2024-01
10,2990,2024-09-10,2024—2025,2,2832,2024-01-16,2024-01-17,2024-01-24,-0.017737147925715346,0.0,-0.017737147925715346,2024-01
10,2990,2024-09-10,2024—2025,2,2833,2024-01-17,2024-01-18,2024-01-25,0.012845513563662037,0.012845513563662037,0.0,2024-01
10,2990,2024-09-10,2024—2025,2,2834,2024-01-18,2024-01-19,2024-01-26,0.021008872811158374,0.021008872811158374,0.0,2024-01
10,2990,2024-09-10,2024—2025,2,2835,2024-01-19,2024-01-22,2024-01-29,0.016928560481588972,0.016928560481588972,0.0,2024-01
10,2990,2024-09-10,2024—2025,2,2836,2024-01-22,2024-01-23,2024-01-30,0.022285185207840064,0.022285185207840064,0.0,2024-01
10,2990,2024-09-10,2024—2025,2,2837,2024-01-23,2024-01-24,2024-01-31,-0.005113218357430505,0.0,-0.005113218357430505,2024-01
10,2990,2024-09-10,2024—2025,2,2838,2024-01-24,2024-01-25,2024-02-01,-0.024604696911705748,0.0,-0.024604696911705748,2024-01
10,2990,2024-09-10,2024—2025,2,2839,2024-01-25,2024-01-26,2024-02-02,-0.03618552578968415,0.0,-0.03618552578968415,2024-01
10,2990,2024-09-10,2024—2025,2,2840,2024-01-26,2024-01-29,2024-02-05,-0.05502914276568227,0.0,-0.05502914276568227,2024-01
10,2990,2024-09-10,2024—2025,2,2841,2024-01-29,2024-01-30,2024-02-06,-0.03243341932633337,0.0,-0.03243341932633337,2024-01
10,2990,2024-09-10,2024—2025,2,2842,2024-01-30,2024-01-31,2024-02-07,0.020499307227989094,0.020499307227989094,0.0,2024-01
10,2990,2024-09-10,2024—2025,2,2843,2024-01-31,2024-02-01,2024-02-08,0.044108199416862615,0.044108199416862615,0.0,2024-01
10,2990,2024-09-10,2024—2025,2,2844,2024-02-01,2024-02-02,2024-02-19,0.045097789562015045,0.045097789562015045,0.0,2024-02
10,2990,2024-09-10,2024—2025,2,2845,2024-02-02,2024-02-05,2024-02-20,0.06777289084366234,0.06777289084366234,0.0,2024-02
10,2990,2024-09-10,2024—2025,2,2846,2024-02-05,2024-02-06,2024-02-21,0.06029911647758568,0.06029911647758568,0.0,2024-02
10,2990,2024-09-10,2024—2025,2,2847,2024-02-06,2024-02-07,2024-02-22,0.03809496117063138,0.03809496117063138,0.0,2024-02
10,2990,2024-09-10,2024—2025,2,2848,2024-02-07,2024-02-08,2024-02-23,0.03343990175086109,0.03343990175086109,0.0,2024-02
10,2990,2024-09-10,2024—2025,2,2849,2024-02-08,2024-02-19,2024-02-26,0.02700518371692162,0.02700518371692162,0.0,2024-02
10,2990,2024-09-10,2024—2025,2,2850,2024-02-19,2024-02-20,2024-02-27,0.012180778707117534,0.012180778707117534,0.0,2024-02
10,2990,2024-09-10,2024—2025,2,2851,2024-02-20,2024-02-21,2024-02-28,0.02600669637805253,0.02600669637805253,0.0,2024-02
10,2990,2024-09-10,2024—2025,2,2852,2024-02-21,2024-02-22,2024-02-29,-0.00514277047801559,0.0,-0.00514277047801559,2024-02
10,2990,2024-09-10,2024—2025,2,2853,2024-02-22,2024-02-23,2024-03-01,0.004370082952734444,0.004370082952734444,0.0,2024-02
10,2990,2024-09-10,2024—2025,2,2879,2024-03-29,2024-04-01,2024-04-10,-0.007566273716247185,0.0,-0.007566273716247185,2024-03
10,2990,2024-09-10,2024—2025,2,2984,2024-09-02,2024-09-03,2024-09-10,-0.023277191822731136,0.0,-0.023277191822731136,2024-09
10,3064,2025-01-02,2024—2025,1,2574,2022-12-23,2022-12-26,2023-01-03,0.00920771906953699,0.00920771906953699,0.0,2022-12
10,3064,2025-01-02,2024—2025,1,2575,2022-12-26,2022-12-27,2023-01-04,-0.000799680127948732,0.0,-0.000799680127948732,2022-12
10,3064,2025-01-02,2024—2025,1,2577,2022-12-28,2022-12-29,2023-01-06,0.02518003759495424,0.02518003759495424,0.0,2022-12
10,3064,2025-01-02,2024—2025,1,2578,2022-12-29,2022-12-30,2023-01-09,0.02937155510797429,0.02937155510797429,0.0,2022-12
10,3064,2025-01-02,2024—2025,1,2580,2023-01-03,2023-01-04,2023-01-11,0.0295404105564252,0.0295404105564252,0.0,2023-01
10,3064,2025-01-02,2024—2025,1,2594,2023-01-30,2023-01-31,2023-02-07,-0.03210621756519305,0.0,-0.03210621756519305,2023-01
10,3064,2025-01-02,2024—2025,1,2656,2023-04-27,2023-04-28,2023-05-10,0.0019474339731737622,0.0019474339731737622,0.0,2023-04
10,3064,2025-01-02,2024—2025,1,2657,2023-04-28,2023-05-04,2023-05-11,-0.006768024497518121,0.0,-0.006768024497518121,2023-04
10,3064,2025-01-02,2024—2025,1,2658,2023-05-04,2023-05-05,2023-05-12,-0.013937268059781793,0.0,-0.013937268059781793,2023-05
10,3064,2025-01-02,2024—2025,1,2659,2023-05-05,2023-05-08,2023-05-15,-0.023412768690086905,0.0,-0.023412768690086905,2023-05
10,3064,2025-01-02,2024—2025,1,2660,2023-05-08,2023-05-09,2023-05-16,-0.018993780440579644,0.0,-0.018993780440579644,2023-05
10,3064,2025-01-02,2024—2025,1,2696,2023-06-29,2023-06-30,2023-07-07,0.0015288550555958569,0.0015288550555958569,0.0,2023-06
10,3064,2025-01-02,2024—2025,1,2697,2023-06-30,2023-07-03,2023-07-10,-0.0038788798810214242,0.0,-0.0038788798810214242,2023-06
10,3064,2025-01-02,2024—2025,1,2716,2023-07-27,2023-07-28,2023-08-04,0.03783505551532218,0.03783505551532218,0.0,2023-07
10,3064,2025-01-02,2024—2025,1,2738,2023-08-28,2023-08-29,2023-09-05,0.020626686563868013,0.020626686563868013,0.0,2023-08
10,3064,2025-01-02,2024—2025,1,2819,2023-12-27,2023-12-28,2024-01-05,-0.002266934635837381,0.0,-0.002266934635837381,2023-12
10,3064,2025-01-02,2024—2025,1,2830,2024-01-12,2024-01-15,2024-01-22,-0.0019902057173533105,0.0,-0.0019902057173533105,2024-01
10,3064,2025-01-02,2024—2025,1,2835,2024-01-19,2024-01-22,2024-01-29,0.016928560481588972,0.016928560481588972,0.0,2024-01
10,3064,2025-01-02,2024—2025,1,2836,2024-01-22,2024-01-23,2024-01-30,0.022285185207840064,0.022285185207840064,0.0,2024-01
10,3064,2025-01-02,2024—2025,1,2837,2024-01-23,2024-01-24,2024-01-31,-0.005113218357430505,0.0,-0.005113218357430505,2024-01
10,3064,2025-01-02,2024—2025,1,2838,2024-01-24,2024-01-25,2024-02-01,-0.024604696911705748,0.0,-0.024604696911705748,2024-01
10,3064,2025-01-02,2024—2025,1,2839,2024-01-25,2024-01-26,2024-02-02,-0.03618552578968415,0.0,-0.03618552578968415,2024-01
10,3064,2025-01-02,2024—2025,1,2840,2024-01-26,2024-01-29,2024-02-05,-0.05502914276568227,0.0,-0.05502914276568227,2024-01
10,3064,2025-01-02,2024—2025,1,2841,2024-01-29,2024-01-30,2024-02-06,-0.03243341932633337,0.0,-0.03243341932633337,2024-01
10,3064,2025-01-02,2024—2025,1,2843,2024-01-31,2024-02-01,2024-02-08,0.044108199416862615,0.044108199416862615,0.0,2024-01
10,3064,2025-01-02,2024—2025,1,2844,2024-02-01,2024-02-02,2024-02-19,0.045097789562015045,0.045097789562015045,0.0,2024-02
10,3064,2025-01-02,2024—2025,1,2845,2024-02-02,2024-02-05,2024-02-20,0.06777289084366234,0.06777289084366234,0.0,2024-02
10,3064,2025-01-02,2024—2025,1,2846,2024-02-05,2024-02-06,2024-02-21,0.06029911647758568,0.06029911647758568,0.0,2024-02
10,3064,2025-01-02,2024—2025,1,2847,2024-02-06,2024-02-07,2024-02-22,0.03809496117063138,0.03809496117063138,0.0,2024-02
10,3064,2025-01-02,2024—2025,1,2848,2024-02-07,2024-02-08,2024-02-23,0.03343990175086109,0.03343990175086109,0.0,2024-02
10,3064,2025-01-02,2024—2025,1,2849,2024-02-08,2024-02-19,2024-02-26,0.02700518371692162,0.02700518371692162,0.0,2024-02
10,3064,2025-01-02,2024—2025,1,2850,2024-02-19,2024-02-20,2024-02-27,0.012180778707117534,0.012180778707117534,0.0,2024-02
10,3064,2025-01-02,2024—2025,1,2851,2024-02-20,2024-02-21,2024-02-28,0.02600669637805253,0.02600669637805253,0.0,2024-02
10,3064,2025-01-02,2024—2025,1,2852,2024-02-21,2024-02-22,2024-02-29,-0.00514277047801559,0.0,-0.00514277047801559,2024-02
10,3064,2025-01-02,2024—2025,1,2890,2024-04-17,2024-04-18,2024-04-25,-0.014599233587286653,0.0,-0.014599233587286653,2024-04
10,3064,2025-01-02,2024—2025,1,2900,2024-05-06,2024-05-07,2024-05-14,-0.0002520230603291207,0.0,-0.0002520230603291207,2024-05
10,3064,2025-01-02,2024—2025,1,2924,2024-06-07,2024-06-11,2024-06-18,-0.008074731462777485,0.0,-0.008074731462777485,2024-06
10,3064,2025-01-02,2024—2025,1,2925,2024-06-11,2024-06-12,2024-06-19,0.0006084375719834778,0.0006084375719834778,0.0,2024-06
10,3064,2025-01-02,2024—2025,1,2926,2024-06-12,2024-06-13,2024-06-20,-0.006414742335715373,0.0,-0.006414742335715373,2024-06
10,3064,2025-01-02,2024—2025,1,2936,2024-06-26,2024-06-27,2024-07-04,-0.002229560379626072,0.0,-0.002229560379626072,2024-06
10,3064,2025-01-02,2024—2025,1,2937,2024-06-27,2024-06-28,2024-07-05,-0.004247179793982259,0.0,-0.004247179793982259,2024-06
10,3064,2025-01-02,2024—2025,1,2938,2024-06-28,2024-07-01,2024-07-08,-0.013393439530518414,0.0,-0.013393439530518414,2024-06
10,3064,2025-01-02,2024—2025,1,2939,2024-07-01,2024-07-02,2024-07-09,-0.021652059587828565,0.0,-0.021652059587828565,2024-07
10,3064,2025-01-02,2024—2025,1,2940,2024-07-02,2024-07-03,2024-07-10,-0.011654343408434076,0.0,-0.011654343408434076,2024-07
10,3064,2025-01-02,2024—2025,1,2943,2024-07-05,2024-07-08,2024-07-15,0.014238935395451069,0.014238935395451069,0.0,2024-07
10,3064,2025-01-02,2024—2025,1,2944,2024-07-08,2024-07-09,2024-07-16,0.023358090495232187,0.023358090495232187,0.0,2024-07
10,3064,2025-01-02,2024—2025,1,2945,2024-07-09,2024-07-10,2024-07-17,0.021385563421689957,0.021385563421689957,0.0,2024-07
10,3064,2025-01-02,2024—2025,1,2946,2024-07-10,2024-07-11,2024-07-18,0.011497290036475372,0.011497290036475372,0.0,2024-07
10,3064,2025-01-02,2024—2025,1,2947,2024-07-11,2024-07-12,2024-07-19,0.012276625622866133,0.012276625622866133,0.0,2024-07
10,3064,2025-01-02,2024—2025,1,2953,2024-07-19,2024-07-22,2024-07-29,-0.037724837822581514,0.0,-0.037724837822581514,2024-07
10,3064,2025-01-02,2024—2025,1,2954,2024-07-22,2024-07-23,2024-07-30,-0.036625349860055834,0.0,-0.036625349860055834,2024-07
10,3064,2025-01-02,2024—2025,1,2955,2024-07-23,2024-07-24,2024-07-31,-0.021360532666041876,0.0,-0.021360532666041876,2024-07
10,3064,2025-01-02,2024—2025,1,2956,2024-07-24,2024-07-25,2024-08-01,0.00784392125502742,0.00784392125502742,0.0,2024-07
10,3064,2025-01-02,2024—2025,1,2957,2024-07-25,2024-07-26,2024-08-02,-0.0031073021137965062,0.0,-0.0031073021137965062,2024-07
10,3064,2025-01-02,2024—2025,1,2978,2024-08-23,2024-08-26,2024-09-02,-0.0072669961141756945,0.0,-0.0072669961141756945,2024-08
10,3064,2025-01-02,2024—2025,1,2979,2024-08-26,2024-08-27,2024-09-03,-0.01995273845637191,0.0,-0.01995273845637191,2024-08
10,3064,2025-01-02,2024—2025,1,2980,2024-08-27,2024-08-28,2024-09-04,-0.014718593890244658,0.0,-0.014718593890244658,2024-08
10,3064,2025-01-02,2024—2025,1,2981,2024-08-28,2024-08-29,2024-09-05,-0.01003773855802137,0.0,-0.01003773855802137,2024-08
10,3064,2025-01-02,2024—2025,1,2982,2024-08-29,2024-08-30,2024-09-06,-0.005279059924147456,0.0,-0.005279059924147456,2024-08
10,3064,2025-01-02,2024—2025,1,2994,2024-09-18,2024-09-19,2024-09-26,0.06597779736273024,0.06597779736273024,0.0,2024-09
10,3064,2025-01-02,2024—2025,1,2995,2024-09-19,2024-09-20,2024-09-27,0.13214113496232405,0.13214113496232405,0.0,2024-09
10,3064,2025-01-02,2024—2025,1,2996,2024-09-20,2024-09-23,2024-09-30,0.2217536450131221,0.2217536450131221,0.0,2024-09
10,3064,2025-01-02,2024—2025,1,2997,2024-09-23,2024-09-24,2024-10-08,0.40062709093577764,0.40062709093577764,0.0,2024-09
10,3064,2025-01-02,2024—2025,1,2998,2024-09-24,2024-09-25,2024-10-09,0.22432790410889747,0.22432790410889747,0.0,2024-09
10,3117,2025-03-26,2024—2025,1,2656,2023-04-27,2023-04-28,2023-05-10,0.0019474339731737622,0.0019474339731737622,0.0,2023-04
10,3117,2025-03-26,2024—2025,1,2657,2023-04-28,2023-05-04,2023-05-11,-0.006768024497518121,0.0,-0.006768024497518121,2023-04
10,3117,2025-03-26,2024—2025,1,2658,2023-05-04,2023-05-05,2023-05-12,-0.013937268059781793,0.0,-0.013937268059781793,2023-05
10,3117,2025-03-26,2024—2025,1,2659,2023-05-05,2023-05-08,2023-05-15,-0.023412768690086905,0.0,-0.023412768690086905,2023-05
10,3117,2025-03-26,2024—2025,1,2660,2023-05-08,2023-05-09,2023-05-16,-0.018993780440579644,0.0,-0.018993780440579644,2023-05
10,3117,2025-03-26,2024—2025,1,2696,2023-06-29,2023-06-30,2023-07-07,0.0015288550555958569,0.0015288550555958569,0.0,2023-06
10,3117,2025-03-26,2024—2025,1,2697,2023-06-30,2023-07-03,2023-07-10,-0.0038788798810214242,0.0,-0.0038788798810214242,2023-06
10,3117,2025-03-26,2024—2025,1,2716,2023-07-27,2023-07-28,2023-08-04,0.03783505551532218,0.03783505551532218,0.0,2023-07
10,3117,2025-03-26,2024—2025,1,2738,2023-08-28,2023-08-29,2023-09-05,0.020626686563868013,0.020626686563868013,0.0,2023-08
10,3117,2025-03-26,2024—2025,1,2819,2023-12-27,2023-12-28,2024-01-05,-0.002266934635837381,0.0,-0.002266934635837381,2023-12
10,3117,2025-03-26,2024—2025,1,2830,2024-01-12,2024-01-15,2024-01-22,-0.0019902057173533105,0.0,-0.0019902057173533105,2024-01
10,3117,2025-03-26,2024—2025,1,2835,2024-01-19,2024-01-22,2024-01-29,0.016928560481588972,0.016928560481588972,0.0,2024-01
10,3117,2025-03-26,2024—2025,1,2836,2024-01-22,2024-01-23,2024-01-30,0.022285185207840064,0.022285185207840064,0.0,2024-01
10,3117,2025-03-26,2024—2025,1,2837,2024-01-23,2024-01-24,2024-01-31,-0.005113218357430505,0.0,-0.005113218357430505,2024-01
10,3117,2025-03-26,2024—2025,1,2838,2024-01-24,2024-01-25,2024-02-01,-0.024604696911705748,0.0,-0.024604696911705748,2024-01
10,3117,2025-03-26,2024—2025,1,2839,2024-01-25,2024-01-26,2024-02-02,-0.03618552578968415,0.0,-0.03618552578968415,2024-01
10,3117,2025-03-26,2024—2025,1,2840,2024-01-26,2024-01-29,2024-02-05,-0.05502914276568227,0.0,-0.05502914276568227,2024-01
10,3117,2025-03-26,2024—2025,1,2841,2024-01-29,2024-01-30,2024-02-06,-0.03243341932633337,0.0,-0.03243341932633337,2024-01
10,3117,2025-03-26,2024—2025,1,2843,2024-01-31,2024-02-01,2024-02-08,0.044108199416862615,0.044108199416862615,0.0,2024-01
10,3117,2025-03-26,2024—2025,1,2844,2024-02-01,2024-02-02,2024-02-19,0.045097789562015045,0.045097789562015045,0.0,2024-02
10,3117,2025-03-26,2024—2025,1,2845,2024-02-02,2024-02-05,2024-02-20,0.06777289084366234,0.06777289084366234,0.0,2024-02
10,3117,2025-03-26,2024—2025,1,2846,2024-02-05,2024-02-06,2024-02-21,0.06029911647758568,0.06029911647758568,0.0,2024-02
10,3117,2025-03-26,2024—2025,1,2847,2024-02-06,2024-02-07,2024-02-22,0.03809496117063138,0.03809496117063138,0.0,2024-02
10,3117,2025-03-26,2024—2025,1,2848,2024-02-07,2024-02-08,2024-02-23,0.03343990175086109,0.03343990175086109,0.0,2024-02
10,3117,2025-03-26,2024—2025,1,2849,2024-02-08,2024-02-19,2024-02-26,0.02700518371692162,0.02700518371692162,0.0,2024-02
10,3117,2025-03-26,2024—2025,1,2850,2024-02-19,2024-02-20,2024-02-27,0.012180778707117534,0.012180778707117534,0.0,2024-02
10,3117,2025-03-26,2024—2025,1,2851,2024-02-20,2024-02-21,2024-02-28,0.02600669637805253,0.02600669637805253,0.0,2024-02
10,3117,2025-03-26,2024—2025,1,2852,2024-02-21,2024-02-22,2024-02-29,-0.00514277047801559,0.0,-0.00514277047801559,2024-02
10,3117,2025-03-26,2024—2025,1,2890,2024-04-17,2024-04-18,2024-04-25,-0.014599233587286653,0.0,-0.014599233587286653,2024-04
10,3117,2025-03-26,2024—2025,1,2900,2024-05-06,2024-05-07,2024-05-14,-0.0002520230603291207,0.0,-0.0002520230603291207,2024-05
10,3117,2025-03-26,2024—2025,1,2924,2024-06-07,2024-06-11,2024-06-18,-0.008074731462777485,0.0,-0.008074731462777485,2024-06
10,3117,2025-03-26,2024—2025,1,2925,2024-06-11,2024-06-12,2024-06-19,0.0006084375719834778,0.0006084375719834778,0.0,2024-06
10,3117,2025-03-26,2024—2025,1,2926,2024-06-12,2024-06-13,2024-06-20,-0.006414742335715373,0.0,-0.006414742335715373,2024-06
10,3117,2025-03-26,2024—2025,1,2936,2024-06-26,2024-06-27,2024-07-04,-0.002229560379626072,0.0,-0.002229560379626072,2024-06
10,3117,2025-03-26,2024—2025,1,2937,2024-06-27,2024-06-28,2024-07-05,-0.004247179793982259,0.0,-0.004247179793982259,2024-06
10,3117,2025-03-26,2024—2025,1,2938,2024-06-28,2024-07-01,2024-07-08,-0.013393439530518414,0.0,-0.013393439530518414,2024-06
10,3117,2025-03-26,2024—2025,1,2939,2024-07-01,2024-07-02,2024-07-09,-0.021652059587828565,0.0,-0.021652059587828565,2024-07
10,3117,2025-03-26,2024—2025,1,2940,2024-07-02,2024-07-03,2024-07-10,-0.011654343408434076,0.0,-0.011654343408434076,2024-07
10,3117,2025-03-26,2024—2025,1,2943,2024-07-05,2024-07-08,2024-07-15,0.014238935395451069,0.014238935395451069,0.0,2024-07
10,3117,2025-03-26,2024—2025,1,2944,2024-07-08,2024-07-09,2024-07-16,0.023358090495232187,0.023358090495232187,0.0,2024-07
10,3117,2025-03-26,2024—2025,1,2945,2024-07-09,2024-07-10,2024-07-17,0.021385563421689957,0.021385563421689957,0.0,2024-07
10,3117,2025-03-26,2024—2025,1,2946,2024-07-10,2024-07-11,2024-07-18,0.011497290036475372,0.011497290036475372,0.0,2024-07
10,3117,2025-03-26,2024—2025,1,2947,2024-07-11,2024-07-12,2024-07-19,0.012276625622866133,0.012276625622866133,0.0,2024-07
10,3117,2025-03-26,2024—2025,1,2953,2024-07-19,2024-07-22,2024-07-29,-0.037724837822581514,0.0,-0.037724837822581514,2024-07
10,3117,2025-03-26,2024—2025,1,2954,2024-07-22,2024-07-23,2024-07-30,-0.036625349860055834,0.0,-0.036625349860055834,2024-07
10,3117,2025-03-26,2024—2025,1,2955,2024-07-23,2024-07-24,2024-07-31,-0.021360532666041876,0.0,-0.021360532666041876,2024-07
10,3117,2025-03-26,2024—2025,1,2956,2024-07-24,2024-07-25,2024-08-01,0.00784392125502742,0.00784392125502742,0.0,2024-07
10,3117,2025-03-26,2024—2025,1,2957,2024-07-25,2024-07-26,2024-08-02,-0.0031073021137965062,0.0,-0.0031073021137965062,2024-07
10,3117,2025-03-26,2024—2025,1,2978,2024-08-23,2024-08-26,2024-09-02,-0.0072669961141756945,0.0,-0.0072669961141756945,2024-08
10,3117,2025-03-26,2024—2025,1,2979,2024-08-26,2024-08-27,2024-09-03,-0.01995273845637191,0.0,-0.01995273845637191,2024-08
10,3117,2025-03-26,2024—2025,1,2980,2024-08-27,2024-08-28,2024-09-04,-0.014718593890244658,0.0,-0.014718593890244658,2024-08
10,3117,2025-03-26,2024—2025,1,2981,2024-08-28,2024-08-29,2024-09-05,-0.01003773855802137,0.0,-0.01003773855802137,2024-08
10,3117,2025-03-26,2024—2025,1,2982,2024-08-29,2024-08-30,2024-09-06,-0.005279059924147456,0.0,-0.005279059924147456,2024-08
10,3117,2025-03-26,2024—2025,1,2994,2024-09-18,2024-09-19,2024-09-26,0.06597779736273024,0.06597779736273024,0.0,2024-09
10,3117,2025-03-26,2024—2025,1,2995,2024-09-19,2024-09-20,2024-09-27,0.13214113496232405,0.13214113496232405,0.0,2024-09
10,3117,2025-03-26,2024—2025,1,2996,2024-09-20,2024-09-23,2024-09-30,0.2217536450131221,0.2217536450131221,0.0,2024-09
10,3117,2025-03-26,2024—2025,1,2997,2024-09-23,2024-09-24,2024-10-08,0.40062709093577764,0.40062709093577764,0.0,2024-09
10,3117,2025-03-26,2024—2025,1,2998,2024-09-24,2024-09-25,2024-10-09,0.22432790410889747,0.22432790410889747,0.0,2024-09
10,3117,2025-03-26,2024—2025,1,3064,2025-01-02,2025-01-03,2025-01-10,-0.014078089694354978,0.0,-0.014078089694354978,2025-01
10,3117,2025-03-26,2024—2025,1,3065,2025-01-03,2025-01-06,2025-01-13,-0.019394258321484115,0.0,-0.019394258321484115,2025-01
10,3117,2025-03-26,2024—2025,1,3066,2025-01-06,2025-01-07,2025-01-14,-0.010664479336870092,0.0,-0.010664479336870092,2025-01
10,3117,2025-03-26,2024—2025,1,3067,2025-01-07,2025-01-08,2025-01-15,0.003842964621069589,0.003842964621069589,0.0,2025-01
10,3117,2025-03-26,2024—2025,1,3068,2025-01-08,2025-01-09,2025-01-16,0.0056601098893258595,0.0056601098893258595,0.0,2025-01
10,3117,2025-03-26,2024—2025,1,3069,2025-01-09,2025-01-10,2025-01-17,-0.0002831640670172275,0.0,-0.0002831640670172275,2025-01
10,3117,2025-03-26,2024—2025,1,3070,2025-01-10,2025-01-13,2025-01-20,0.028611735332148447,0.028611735332148447,0.0,2025-01
10,3117,2025-03-26,2024—2025,1,3071,2025-01-13,2025-01-14,2025-01-21,0.02902719509211238,0.02902719509211238,0.0,2025-01
10,3117,2025-03-26,2024—2025,1,3081,2025-01-27,2025-02-05,2025-02-12,0.008343993363508773,0.008343993363508773,0.0,2025-01
10,3117,2025-03-26,2024—2025,1,3082,2025-02-05,2025-02-06,2025-02-13,0.029011852049303455,0.029011852049303455,0.0,2025-02
10,3117,2025-03-26,2024—2025,1,3083,2025-02-06,2025-02-07,2025-02-14,0.014174365813745649,0.014174365813745649,0.0,2025-02
10,3117,2025-03-26,2024—2025,1,3084,2025-02-07,2025-02-10,2025-02-17,0.01071126770929487,0.01071126770929487,0.0,2025-02
10,3123,2025-04-03,2024—2025,1,2656,2023-04-27,2023-04-28,2023-05-10,0.0019474339731737622,0.0019474339731737622,0.0,2023-04
10,3123,2025-04-03,2024—2025,1,2657,2023-04-28,2023-05-04,2023-05-11,-0.006768024497518121,0.0,-0.006768024497518121,2023-04
10,3123,2025-04-03,2024—2025,1,2658,2023-05-04,2023-05-05,2023-05-12,-0.013937268059781793,0.0,-0.013937268059781793,2023-05
10,3123,2025-04-03,2024—2025,1,2659,2023-05-05,2023-05-08,2023-05-15,-0.023412768690086905,0.0,-0.023412768690086905,2023-05
10,3123,2025-04-03,2024—2025,1,2660,2023-05-08,2023-05-09,2023-05-16,-0.018993780440579644,0.0,-0.018993780440579644,2023-05
10,3123,2025-04-03,2024—2025,1,2696,2023-06-29,2023-06-30,2023-07-07,0.0015288550555958569,0.0015288550555958569,0.0,2023-06
10,3123,2025-04-03,2024—2025,1,2697,2023-06-30,2023-07-03,2023-07-10,-0.0038788798810214242,0.0,-0.0038788798810214242,2023-06
10,3123,2025-04-03,2024—2025,1,2716,2023-07-27,2023-07-28,2023-08-04,0.03783505551532218,0.03783505551532218,0.0,2023-07
10,3123,2025-04-03,2024—2025,1,2738,2023-08-28,2023-08-29,2023-09-05,0.020626686563868013,0.020626686563868013,0.0,2023-08
10,3123,2025-04-03,2024—2025,1,2819,2023-12-27,2023-12-28,2024-01-05,-0.002266934635837381,0.0,-0.002266934635837381,2023-12
10,3123,2025-04-03,2024—2025,1,2830,2024-01-12,2024-01-15,2024-01-22,-0.0019902057173533105,0.0,-0.0019902057173533105,2024-01
10,3123,2025-04-03,2024—2025,1,2835,2024-01-19,2024-01-22,2024-01-29,0.016928560481588972,0.016928560481588972,0.0,2024-01
10,3123,2025-04-03,2024—2025,1,2836,2024-01-22,2024-01-23,2024-01-30,0.022285185207840064,0.022285185207840064,0.0,2024-01
10,3123,2025-04-03,2024—2025,1,2837,2024-01-23,2024-01-24,2024-01-31,-0.005113218357430505,0.0,-0.005113218357430505,2024-01
10,3123,2025-04-03,2024—2025,1,2838,2024-01-24,2024-01-25,2024-02-01,-0.024604696911705748,0.0,-0.024604696911705748,2024-01
10,3123,2025-04-03,2024—2025,1,2839,2024-01-25,2024-01-26,2024-02-02,-0.03618552578968415,0.0,-0.03618552578968415,2024-01
10,3123,2025-04-03,2024—2025,1,2840,2024-01-26,2024-01-29,2024-02-05,-0.05502914276568227,0.0,-0.05502914276568227,2024-01
10,3123,2025-04-03,2024—2025,1,2841,2024-01-29,2024-01-30,2024-02-06,-0.03243341932633337,0.0,-0.03243341932633337,2024-01
10,3123,2025-04-03,2024—2025,1,2843,2024-01-31,2024-02-01,2024-02-08,0.044108199416862615,0.044108199416862615,0.0,2024-01
10,3123,2025-04-03,2024—2025,1,2844,2024-02-01,2024-02-02,2024-02-19,0.045097789562015045,0.045097789562015045,0.0,2024-02
10,3123,2025-04-03,2024—2025,1,2845,2024-02-02,2024-02-05,2024-02-20,0.06777289084366234,0.06777289084366234,0.0,2024-02
10,3123,2025-04-03,2024—2025,1,2846,2024-02-05,2024-02-06,2024-02-21,0.06029911647758568,0.06029911647758568,0.0,2024-02
10,3123,2025-04-03,2024—2025,1,2847,2024-02-06,2024-02-07,2024-02-22,0.03809496117063138,0.03809496117063138,0.0,2024-02
10,3123,2025-04-03,2024—2025,1,2848,2024-02-07,2024-02-08,2024-02-23,0.03343990175086109,0.03343990175086109,0.0,2024-02
10,3123,2025-04-03,2024—2025,1,2849,2024-02-08,2024-02-19,2024-02-26,0.02700518371692162,0.02700518371692162,0.0,2024-02
10,3123,2025-04-03,2024—2025,1,2850,2024-02-19,2024-02-20,2024-02-27,0.012180778707117534,0.012180778707117534,0.0,2024-02
10,3123,2025-04-03,2024—2025,1,2851,2024-02-20,2024-02-21,2024-02-28,0.02600669637805253,0.02600669637805253,0.0,2024-02
10,3123,2025-04-03,2024—2025,1,2852,2024-02-21,2024-02-22,2024-02-29,-0.00514277047801559,0.0,-0.00514277047801559,2024-02
10,3123,2025-04-03,2024—2025,1,2890,2024-04-17,2024-04-18,2024-04-25,-0.014599233587286653,0.0,-0.014599233587286653,2024-04
10,3123,2025-04-03,2024—2025,1,2900,2024-05-06,2024-05-07,2024-05-14,-0.0002520230603291207,0.0,-0.0002520230603291207,2024-05
10,3123,2025-04-03,2024—2025,1,2924,2024-06-07,2024-06-11,2024-06-18,-0.008074731462777485,0.0,-0.008074731462777485,2024-06
10,3123,2025-04-03,2024—2025,1,2925,2024-06-11,2024-06-12,2024-06-19,0.0006084375719834778,0.0006084375719834778,0.0,2024-06
10,3123,2025-04-03,2024—2025,1,2926,2024-06-12,2024-06-13,2024-06-20,-0.006414742335715373,0.0,-0.006414742335715373,2024-06
10,3123,2025-04-03,2024—2025,1,2936,2024-06-26,2024-06-27,2024-07-04,-0.002229560379626072,0.0,-0.002229560379626072,2024-06
10,3123,2025-04-03,2024—2025,1,2937,2024-06-27,2024-06-28,2024-07-05,-0.004247179793982259,0.0,-0.004247179793982259,2024-06
10,3123,2025-04-03,2024—2025,1,2938,2024-06-28,2024-07-01,2024-07-08,-0.013393439530518414,0.0,-0.013393439530518414,2024-06
10,3123,2025-04-03,2024—2025,1,2939,2024-07-01,2024-07-02,2024-07-09,-0.021652059587828565,0.0,-0.021652059587828565,2024-07
10,3123,2025-04-03,2024—2025,1,2940,2024-07-02,2024-07-03,2024-07-10,-0.011654343408434076,0.0,-0.011654343408434076,2024-07
10,3123,2025-04-03,2024—2025,1,2943,2024-07-05,2024-07-08,2024-07-15,0.014238935395451069,0.014238935395451069,0.0,2024-07
10,3123,2025-04-03,2024—2025,1,2944,2024-07-08,2024-07-09,2024-07-16,0.023358090495232187,0.023358090495232187,0.0,2024-07
10,3123,2025-04-03,2024—2025,1,2945,2024-07-09,2024-07-10,2024-07-17,0.021385563421689957,0.021385563421689957,0.0,2024-07
10,3123,2025-04-03,2024—2025,1,2946,2024-07-10,2024-07-11,2024-07-18,0.011497290036475372,0.011497290036475372,0.0,2024-07
10,3123,2025-04-03,2024—2025,1,2947,2024-07-11,2024-07-12,2024-07-19,0.012276625622866133,0.012276625622866133,0.0,2024-07
10,3123,2025-04-03,2024—2025,1,2953,2024-07-19,2024-07-22,2024-07-29,-0.037724837822581514,0.0,-0.037724837822581514,2024-07
10,3123,2025-04-03,2024—2025,1,2954,2024-07-22,2024-07-23,2024-07-30,-0.036625349860055834,0.0,-0.036625349860055834,2024-07
10,3123,2025-04-03,2024—2025,1,2955,2024-07-23,2024-07-24,2024-07-31,-0.021360532666041876,0.0,-0.021360532666041876,2024-07
10,3123,2025-04-03,2024—2025,1,2956,2024-07-24,2024-07-25,2024-08-01,0.00784392125502742,0.00784392125502742,0.0,2024-07
10,3123,2025-04-03,2024—2025,1,2957,2024-07-25,2024-07-26,2024-08-02,-0.0031073021137965062,0.0,-0.0031073021137965062,2024-07
10,3123,2025-04-03,2024—2025,1,2978,2024-08-23,2024-08-26,2024-09-02,-0.0072669961141756945,0.0,-0.0072669961141756945,2024-08
10,3123,2025-04-03,2024—2025,1,2979,2024-08-26,2024-08-27,2024-09-03,-0.01995273845637191,0.0,-0.01995273845637191,2024-08
10,3123,2025-04-03,2024—2025,1,2980,2024-08-27,2024-08-28,2024-09-04,-0.014718593890244658,0.0,-0.014718593890244658,2024-08
10,3123,2025-04-03,2024—2025,1,2981,2024-08-28,2024-08-29,2024-09-05,-0.01003773855802137,0.0,-0.01003773855802137,2024-08
10,3123,2025-04-03,2024—2025,1,2982,2024-08-29,2024-08-30,2024-09-06,-0.005279059924147456,0.0,-0.005279059924147456,2024-08
10,3123,2025-04-03,2024—2025,1,2994,2024-09-18,2024-09-19,2024-09-26,0.06597779736273024,0.06597779736273024,0.0,2024-09
10,3123,2025-04-03,2024—2025,1,2995,2024-09-19,2024-09-20,2024-09-27,0.13214113496232405,0.13214113496232405,0.0,2024-09
10,3123,2025-04-03,2024—2025,1,2996,2024-09-20,2024-09-23,2024-09-30,0.2217536450131221,0.2217536450131221,0.0,2024-09
10,3123,2025-04-03,2024—2025,1,2997,2024-09-23,2024-09-24,2024-10-08,0.40062709093577764,0.40062709093577764,0.0,2024-09
10,3123,2025-04-03,2024—2025,1,2998,2024-09-24,2024-09-25,2024-10-09,0.22432790410889747,0.22432790410889747,0.0,2024-09
10,3123,2025-04-03,2024—2025,1,3064,2025-01-02,2025-01-03,2025-01-10,-0.014078089694354978,0.0,-0.014078089694354978,2025-01
10,3123,2025-04-03,2024—2025,1,3065,2025-01-03,2025-01-06,2025-01-13,-0.019394258321484115,0.0,-0.019394258321484115,2025-01
10,3123,2025-04-03,2024—2025,1,3066,2025-01-06,2025-01-07,2025-01-14,-0.010664479336870092,0.0,-0.010664479336870092,2025-01
10,3123,2025-04-03,2024—2025,1,3067,2025-01-07,2025-01-08,2025-01-15,0.003842964621069589,0.003842964621069589,0.0,2025-01
10,3123,2025-04-03,2024—2025,1,3068,2025-01-08,2025-01-09,2025-01-16,0.0056601098893258595,0.0056601098893258595,0.0,2025-01
10,3123,2025-04-03,2024—2025,1,3069,2025-01-09,2025-01-10,2025-01-17,-0.0002831640670172275,0.0,-0.0002831640670172275,2025-01
10,3123,2025-04-03,2024—2025,1,3070,2025-01-10,2025-01-13,2025-01-20,0.028611735332148447,0.028611735332148447,0.0,2025-01
10,3123,2025-04-03,2024—2025,1,3071,2025-01-13,2025-01-14,2025-01-21,0.02902719509211238,0.02902719509211238,0.0,2025-01
10,3123,2025-04-03,2024—2025,1,3081,2025-01-27,2025-02-05,2025-02-12,0.008343993363508773,0.008343993363508773,0.0,2025-01
10,3123,2025-04-03,2024—2025,1,3082,2025-02-05,2025-02-06,2025-02-13,0.029011852049303455,0.029011852049303455,0.0,2025-02
10,3123,2025-04-03,2024—2025,1,3083,2025-02-06,2025-02-07,2025-02-14,0.014174365813745649,0.014174365813745649,0.0,2025-02
10,3123,2025-04-03,2024—2025,1,3084,2025-02-07,2025-02-10,2025-02-17,0.01071126770929487,0.01071126770929487,0.0,2025-02
10,3123,2025-04-03,2024—2025,1,3117,2025-03-26,2025-03-27,2025-04-03,-0.01871363008581417,0.0,-0.01871363008581417,2025-03
10,3263,2025-10-31,2024—2025,1,2822,2024-01-02,2024-01-03,2024-01-10,-0.030920501364671504,0.0,-0.030920501364671504,2024-01
10,3263,2025-10-31,2024—2025,1,2823,2024-01-03,2024-01-04,2024-01-11,-0.032405261923089124,0.0,-0.032405261923089124,2024-01
10,3263,2025-10-31,2024—2025,1,2824,2024-01-04,2024-01-05,2024-01-12,-0.01868442763739564,0.0,-0.01868442763739564,2024-01
10,3263,2025-10-31,2024—2025,1,2825,2024-01-05,2024-01-08,2024-01-15,-0.020530426202640006,0.0,-0.020530426202640006,2024-01
10,3263,2025-10-31,2024—2025,1,2826,2024-01-08,2024-01-09,2024-01-16,-0.006458340657775508,0.0,-0.006458340657775508,2024-01
10,3263,2025-10-31,2024—2025,1,2827,2024-01-09,2024-01-10,2024-01-17,-0.0010975931630923252,0.0,-0.0010975931630923252,2024-01
10,3263,2025-10-31,2024—2025,1,2828,2024-01-10,2024-01-11,2024-01-18,-0.01931173718853263,0.0,-0.01931173718853263,2024-01
10,3263,2025-10-31,2024—2025,1,2829,2024-01-11,2024-01-12,2024-01-19,-0.013002250664562842,0.0,-0.013002250664562842,2024-01
10,3263,2025-10-31,2024—2025,1,2830,2024-01-12,2024-01-15,2024-01-22,-0.0019902057173533105,0.0,-0.0019902057173533105,2024-01
10,3263,2025-10-31,2024—2025,1,2831,2024-01-15,2024-01-16,2024-01-23,-0.024695743712084495,0.0,-0.024695743712084495,2024-01
10,3263,2025-10-31,2024—2025,1,2832,2024-01-16,2024-01-17,2024-01-24,-0.017737147925715346,0.0,-0.017737147925715346,2024-01
10,3263,2025-10-31,2024—2025,1,2833,2024-01-17,2024-01-18,2024-01-25,0.012845513563662037,0.012845513563662037,0.0,2024-01
10,3263,2025-10-31,2024—2025,1,2834,2024-01-18,2024-01-19,2024-01-26,0.021008872811158374,0.021008872811158374,0.0,2024-01
10,3263,2025-10-31,2024—2025,1,2835,2024-01-19,2024-01-22,2024-01-29,0.016928560481588972,0.016928560481588972,0.0,2024-01
10,3263,2025-10-31,2024—2025,1,2836,2024-01-22,2024-01-23,2024-01-30,0.022285185207840064,0.022285185207840064,0.0,2024-01
10,3263,2025-10-31,2024—2025,1,2837,2024-01-23,2024-01-24,2024-01-31,-0.005113218357430505,0.0,-0.005113218357430505,2024-01
10,3263,2025-10-31,2024—2025,1,2838,2024-01-24,2024-01-25,2024-02-01,-0.024604696911705748,0.0,-0.024604696911705748,2024-01
10,3263,2025-10-31,2024—2025,1,2839,2024-01-25,2024-01-26,2024-02-02,-0.03618552578968415,0.0,-0.03618552578968415,2024-01
10,3263,2025-10-31,2024—2025,1,2840,2024-01-26,2024-01-29,2024-02-05,-0.05502914276568227,0.0,-0.05502914276568227,2024-01
10,3263,2025-10-31,2024—2025,1,2841,2024-01-29,2024-01-30,2024-02-06,-0.03243341932633337,0.0,-0.03243341932633337,2024-01
10,3263,2025-10-31,2024—2025,1,2842,2024-01-30,2024-01-31,2024-02-07,0.020499307227989094,0.020499307227989094,0.0,2024-01
10,3263,2025-10-31,2024—2025,1,2843,2024-01-31,2024-02-01,2024-02-08,0.044108199416862615,0.044108199416862615,0.0,2024-01
10,3263,2025-10-31,2024—2025,1,2844,2024-02-01,2024-02-02,2024-02-19,0.045097789562015045,0.045097789562015045,0.0,2024-02
10,3263,2025-10-31,2024—2025,1,2845,2024-02-02,2024-02-05,2024-02-20,0.06777289084366234,0.06777289084366234,0.0,2024-02
10,3263,2025-10-31,2024—2025,1,2846,2024-02-05,2024-02-06,2024-02-21,0.06029911647758568,0.06029911647758568,0.0,2024-02
10,3263,2025-10-31,2024—2025,1,2847,2024-02-06,2024-02-07,2024-02-22,0.03809496117063138,0.03809496117063138,0.0,2024-02
10,3263,2025-10-31,2024—2025,1,2848,2024-02-07,2024-02-08,2024-02-23,0.03343990175086109,0.03343990175086109,0.0,2024-02
10,3263,2025-10-31,2024—2025,1,2849,2024-02-08,2024-02-19,2024-02-26,0.02700518371692162,0.02700518371692162,0.0,2024-02
10,3263,2025-10-31,2024—2025,1,2850,2024-02-19,2024-02-20,2024-02-27,0.012180778707117534,0.012180778707117534,0.0,2024-02
10,3263,2025-10-31,2024—2025,1,2851,2024-02-20,2024-02-21,2024-02-28,0.02600669637805253,0.02600669637805253,0.0,2024-02
10,3263,2025-10-31,2024—2025,1,2852,2024-02-21,2024-02-22,2024-02-29,-0.00514277047801559,0.0,-0.00514277047801559,2024-02
10,3263,2025-10-31,2024—2025,1,2853,2024-02-22,2024-02-23,2024-03-01,0.004370082952734444,0.004370082952734444,0.0,2024-02
10,3263,2025-10-31,2024—2025,1,2854,2024-02-23,2024-02-26,2024-03-04,0.01125963407740338,0.01125963407740338,0.0,2024-02
10,3263,2025-10-31,2024—2025,1,2855,2024-02-26,2024-02-27,2024-03-05,0.020119896211332255,0.020119896211332255,0.0,2024-02
10,3263,2025-10-31,2024—2025,1,2856,2024-02-27,2024-02-28,2024-03-06,0.015228740929866813,0.015228740929866813,0.0,2024-02
10,3263,2025-10-31,2024—2025,1,2857,2024-02-28,2024-02-29,2024-03-07,0.026182210042812182,0.026182210042812182,0.0,2024-02
10,3263,2025-10-31,2024—2025,1,2858,2024-02-29,2024-03-01,2024-03-08,0.0037615766817382656,0.0037615766817382656,0.0,2024-02
10,3263,2025-10-31,2024—2025,1,2859,2024-03-01,2024-03-04,2024-03-11,-0.0016488588700498408,0.0,-0.0016488588700498408,2024-03
10,3263,2025-10-31,2024—2025,1,2860,2024-03-04,2024-03-05,2024-03-12,0.01623698346748248,0.01623698346748248,0.0,2024-03
10,3263,2025-10-31,2024—2025,1,2861,2024-03-05,2024-03-06,2024-03-13,0.00650811405395646,0.00650811405395646,0.0,2024-03
10,3263,2025-10-31,2024—2025,1,2862,2024-03-06,2024-03-07,2024-03-14,0.002300800413262083,0.002300800413262083,0.0,2024-03
10,3263,2025-10-31,2024—2025,1,2863,2024-03-07,2024-03-08,2024-03-15,0.0017485779845045624,0.0017485779845045624,0.0,2024-03
10,3263,2025-10-31,2024—2025,1,2864,2024-03-08,2024-03-11,2024-03-18,0.005418822569981829,0.005418822569981829,0.0,2024-03
10,3263,2025-10-31,2024—2025,1,2865,2024-03-11,2024-03-12,2024-03-19,-0.0021924879337364978,0.0,-0.0021924879337364978,2024-03
10,3263,2025-10-31,2024—2025,1,2866,2024-03-12,2024-03-13,2024-03-20,-0.009708682701341398,0.0,-0.009708682701341398,2024-03
10,3263,2025-10-31,2024—2025,1,2867,2024-03-13,2024-03-14,2024-03-21,0.0025646307133713186,0.0025646307133713186,0.0,2024-03
10,3263,2025-10-31,2024—2025,1,2868,2024-03-14,2024-03-15,2024-03-22,0.003990620333930606,0.003990620333930606,0.0,2024-03
10,3263,2025-10-31,2024—2025,1,2869,2024-03-15,2024-03-18,2024-03-25,-0.01173062331869501,0.0,-0.01173062331869501,2024-03
10,3263,2025-10-31,2024—2025,1,2870,2024-03-18,2024-03-19,2024-03-26,-0.021396009841188834,0.0,-0.021396009841188834,2024-03
10,3263,2025-10-31,2024—2025,1,2871,2024-03-19,2024-03-20,2024-03-27,-0.01285174569723313,0.0,-0.01285174569723313,2024-03
10,3263,2025-10-31,2024—2025,1,2872,2024-03-20,2024-03-21,2024-03-28,-0.02784276914234307,0.0,-0.02784276914234307,2024-03
10,3263,2025-10-31,2024—2025,1,2873,2024-03-21,2024-03-22,2024-03-29,-0.019826737465193256,0.0,-0.019826737465193256,2024-03
10,3263,2025-10-31,2024—2025,1,2874,2024-03-22,2024-03-25,2024-04-01,-0.000234201735265116,0.0,-0.000234201735265116,2024-03
10,3263,2025-10-31,2024—2025,1,2875,2024-03-25,2024-03-26,2024-04-02,0.014795103524992026,0.014795103524992026,0.0,2024-03
10,3263,2025-10-31,2024—2025,1,2876,2024-03-26,2024-03-27,2024-04-03,0.009390464777261798,0.009390464777261798,0.0,2024-03
10,3263,2025-10-31,2024—2025,1,2877,2024-03-27,2024-03-28,2024-04-08,0.013780925398080957,0.013780925398080957,0.0,2024-03
10,3263,2025-10-31,2024—2025,1,2878,2024-03-28,2024-03-29,2024-04-09,0.0026154163797311725,0.0026154163797311725,0.0,2024-03
10,3263,2025-10-31,2024—2025,1,2879,2024-03-29,2024-04-01,2024-04-10,-0.007566273716247185,0.0,-0.007566273716247185,2024-03
10,3263,2025-10-31,2024—2025,1,2984,2024-09-02,2024-09-03,2024-09-10,-0.023277191822731136,0.0,-0.023277191822731136,2024-09
10,3263,2025-10-31,2024—2025,1,2985,2024-09-03,2024-09-04,2024-09-11,-0.026566165138142472,0.0,-0.026566165138142472,2024-09
10,3263,2025-10-31,2024—2025,1,2986,2024-09-04,2024-09-05,2024-09-12,-0.023304191836778787,0.0,-0.023304191836778787,2024-09
10,3263,2025-10-31,2024—2025,1,2987,2024-09-05,2024-09-06,2024-09-13,-0.03012631425417256,0.0,-0.03012631425417256,2024-09
10,3263,2025-10-31,2024—2025,1,2988,2024-09-06,2024-09-09,2024-09-18,-0.02293002701831892,0.0,-0.02293002701831892,2024-09
10,3263,2025-10-31,2024—2025,1,2989,2024-09-09,2024-09-10,2024-09-19,-0.0093633804513088,0.0,-0.0093633804513088,2024-09
10,3263,2025-10-31,2024—2025,1,2990,2024-09-10,2024-09-11,2024-09-20,-0.001720036578552464,0.0,-0.001720036578552464,2024-09
10,3263,2025-10-31,2024—2025,1,2991,2024-09-11,2024-09-12,2024-09-23,-0.00018723739434656217,0.0,-0.00018723739434656217,2024-09
10,3263,2025-10-31,2024—2025,1,2992,2024-09-12,2024-09-13,2024-09-24,0.017960313566171004,0.017960313566171004,0.0,2024-09
10,3263,2025-10-31,2024—2025,1,2993,2024-09-13,2024-09-18,2024-09-25,0.07775088664626995,0.07775088664626995,0.0,2024-09
10,3263,2025-10-31,2024—2025,1,2994,2024-09-18,2024-09-19,2024-09-26,0.06597779736273024,0.06597779736273024,0.0,2024-09
10,3263,2025-10-31,2024—2025,1,2995,2024-09-19,2024-09-20,2024-09-27,0.13214113496232405,0.13214113496232405,0.0,2024-09
10,3263,2025-10-31,2024—2025,1,2996,2024-09-20,2024-09-23,2024-09-30,0.2217536450131221,0.2217536450131221,0.0,2024-09
10,3263,2025-10-31,2024—2025,1,2997,2024-09-23,2024-09-24,2024-10-08,0.40062709093577764,0.40062709093577764,0.0,2024-09
10,3263,2025-10-31,2024—2025,1,2998,2024-09-24,2024-09-25,2024-10-09,0.22432790410889747,0.22432790410889747,0.0,2024-09
10,3263,2025-10-31,2024—2025,1,2999,2024-09-25,2024-09-26,2024-10-10,0.1698586694354518,0.1698586694354518,0.0,2024-09
10,3263,2025-10-31,2024—2025,1,3000,2024-09-26,2024-09-27,2024-10-11,0.09307767173907955,0.09307767173907955,0.0,2024-09
10,3263,2025-10-31,2024—2025,1,3001,2024-09-27,2024-09-30,2024-10-14,-0.008022214842876352,0.0,-0.008022214842876352,2024-09
10,3269,2025-11-10,2024—2025,1,2822,2024-01-02,2024-01-03,2024-01-10,-0.030920501364671504,0.0,-0.030920501364671504,2024-01
10,3269,2025-11-10,2024—2025,1,2823,2024-01-03,2024-01-04,2024-01-11,-0.032405261923089124,0.0,-0.032405261923089124,2024-01
10,3269,2025-11-10,2024—2025,1,2824,2024-01-04,2024-01-05,2024-01-12,-0.01868442763739564,0.0,-0.01868442763739564,2024-01
10,3269,2025-11-10,2024—2025,1,2825,2024-01-05,2024-01-08,2024-01-15,-0.020530426202640006,0.0,-0.020530426202640006,2024-01
10,3269,2025-11-10,2024—2025,1,2826,2024-01-08,2024-01-09,2024-01-16,-0.006458340657775508,0.0,-0.006458340657775508,2024-01
10,3269,2025-11-10,2024—2025,1,2827,2024-01-09,2024-01-10,2024-01-17,-0.0010975931630923252,0.0,-0.0010975931630923252,2024-01
10,3269,2025-11-10,2024—2025,1,2828,2024-01-10,2024-01-11,2024-01-18,-0.01931173718853263,0.0,-0.01931173718853263,2024-01
10,3269,2025-11-10,2024—2025,1,2829,2024-01-11,2024-01-12,2024-01-19,-0.013002250664562842,0.0,-0.013002250664562842,2024-01
10,3269,2025-11-10,2024—2025,1,2830,2024-01-12,2024-01-15,2024-01-22,-0.0019902057173533105,0.0,-0.0019902057173533105,2024-01
10,3269,2025-11-10,2024—2025,1,2831,2024-01-15,2024-01-16,2024-01-23,-0.024695743712084495,0.0,-0.024695743712084495,2024-01
10,3269,2025-11-10,2024—2025,1,2832,2024-01-16,2024-01-17,2024-01-24,-0.017737147925715346,0.0,-0.017737147925715346,2024-01
10,3269,2025-11-10,2024—2025,1,2833,2024-01-17,2024-01-18,2024-01-25,0.012845513563662037,0.012845513563662037,0.0,2024-01
10,3269,2025-11-10,2024—2025,1,2834,2024-01-18,2024-01-19,2024-01-26,0.021008872811158374,0.021008872811158374,0.0,2024-01
10,3269,2025-11-10,2024—2025,1,2835,2024-01-19,2024-01-22,2024-01-29,0.016928560481588972,0.016928560481588972,0.0,2024-01
10,3269,2025-11-10,2024—2025,1,2836,2024-01-22,2024-01-23,2024-01-30,0.022285185207840064,0.022285185207840064,0.0,2024-01
10,3269,2025-11-10,2024—2025,1,2837,2024-01-23,2024-01-24,2024-01-31,-0.005113218357430505,0.0,-0.005113218357430505,2024-01
10,3269,2025-11-10,2024—2025,1,2838,2024-01-24,2024-01-25,2024-02-01,-0.024604696911705748,0.0,-0.024604696911705748,2024-01
10,3269,2025-11-10,2024—2025,1,2839,2024-01-25,2024-01-26,2024-02-02,-0.03618552578968415,0.0,-0.03618552578968415,2024-01
10,3269,2025-11-10,2024—2025,1,2840,2024-01-26,2024-01-29,2024-02-05,-0.05502914276568227,0.0,-0.05502914276568227,2024-01
10,3269,2025-11-10,2024—2025,1,2841,2024-01-29,2024-01-30,2024-02-06,-0.03243341932633337,0.0,-0.03243341932633337,2024-01
10,3269,2025-11-10,2024—2025,1,2842,2024-01-30,2024-01-31,2024-02-07,0.020499307227989094,0.020499307227989094,0.0,2024-01
10,3269,2025-11-10,2024—2025,1,2843,2024-01-31,2024-02-01,2024-02-08,0.044108199416862615,0.044108199416862615,0.0,2024-01
10,3269,2025-11-10,2024—2025,1,2844,2024-02-01,2024-02-02,2024-02-19,0.045097789562015045,0.045097789562015045,0.0,2024-02
10,3269,2025-11-10,2024—2025,1,2845,2024-02-02,2024-02-05,2024-02-20,0.06777289084366234,0.06777289084366234,0.0,2024-02
10,3269,2025-11-10,2024—2025,1,2846,2024-02-05,2024-02-06,2024-02-21,0.06029911647758568,0.06029911647758568,0.0,2024-02
10,3269,2025-11-10,2024—2025,1,2847,2024-02-06,2024-02-07,2024-02-22,0.03809496117063138,0.03809496117063138,0.0,2024-02
10,3269,2025-11-10,2024—2025,1,2848,2024-02-07,2024-02-08,2024-02-23,0.03343990175086109,0.03343990175086109,0.0,2024-02
10,3269,2025-11-10,2024—2025,1,2849,2024-02-08,2024-02-19,2024-02-26,0.02700518371692162,0.02700518371692162,0.0,2024-02
10,3269,2025-11-10,2024—2025,1,2850,2024-02-19,2024-02-20,2024-02-27,0.012180778707117534,0.012180778707117534,0.0,2024-02
10,3269,2025-11-10,2024—2025,1,2851,2024-02-20,2024-02-21,2024-02-28,0.02600669637805253,0.02600669637805253,0.0,2024-02
10,3269,2025-11-10,2024—2025,1,2852,2024-02-21,2024-02-22,2024-02-29,-0.00514277047801559,0.0,-0.00514277047801559,2024-02
10,3269,2025-11-10,2024—2025,1,2853,2024-02-22,2024-02-23,2024-03-01,0.004370082952734444,0.004370082952734444,0.0,2024-02
10,3269,2025-11-10,2024—2025,1,2854,2024-02-23,2024-02-26,2024-03-04,0.01125963407740338,0.01125963407740338,0.0,2024-02
10,3269,2025-11-10,2024—2025,1,2855,2024-02-26,2024-02-27,2024-03-05,0.020119896211332255,0.020119896211332255,0.0,2024-02
10,3269,2025-11-10,2024—2025,1,2856,2024-02-27,2024-02-28,2024-03-06,0.015228740929866813,0.015228740929866813,0.0,2024-02
10,3269,2025-11-10,2024—2025,1,2857,2024-02-28,2024-02-29,2024-03-07,0.026182210042812182,0.026182210042812182,0.0,2024-02
10,3269,2025-11-10,2024—2025,1,2858,2024-02-29,2024-03-01,2024-03-08,0.0037615766817382656,0.0037615766817382656,0.0,2024-02
10,3269,2025-11-10,2024—2025,1,2859,2024-03-01,2024-03-04,2024-03-11,-0.0016488588700498408,0.0,-0.0016488588700498408,2024-03
10,3269,2025-11-10,2024—2025,1,2860,2024-03-04,2024-03-05,2024-03-12,0.01623698346748248,0.01623698346748248,0.0,2024-03
10,3269,2025-11-10,2024—2025,1,2861,2024-03-05,2024-03-06,2024-03-13,0.00650811405395646,0.00650811405395646,0.0,2024-03
10,3269,2025-11-10,2024—2025,1,2862,2024-03-06,2024-03-07,2024-03-14,0.002300800413262083,0.002300800413262083,0.0,2024-03
10,3269,2025-11-10,2024—2025,1,2863,2024-03-07,2024-03-08,2024-03-15,0.0017485779845045624,0.0017485779845045624,0.0,2024-03
10,3269,2025-11-10,2024—2025,1,2864,2024-03-08,2024-03-11,2024-03-18,0.005418822569981829,0.005418822569981829,0.0,2024-03
10,3269,2025-11-10,2024—2025,1,2865,2024-03-11,2024-03-12,2024-03-19,-0.0021924879337364978,0.0,-0.0021924879337364978,2024-03
10,3269,2025-11-10,2024—2025,1,2866,2024-03-12,2024-03-13,2024-03-20,-0.009708682701341398,0.0,-0.009708682701341398,2024-03
10,3269,2025-11-10,2024—2025,1,2867,2024-03-13,2024-03-14,2024-03-21,0.0025646307133713186,0.0025646307133713186,0.0,2024-03
10,3269,2025-11-10,2024—2025,1,2868,2024-03-14,2024-03-15,2024-03-22,0.003990620333930606,0.003990620333930606,0.0,2024-03
10,3269,2025-11-10,2024—2025,1,2869,2024-03-15,2024-03-18,2024-03-25,-0.01173062331869501,0.0,-0.01173062331869501,2024-03
10,3269,2025-11-10,2024—2025,1,2870,2024-03-18,2024-03-19,2024-03-26,-0.021396009841188834,0.0,-0.021396009841188834,2024-03
10,3269,2025-11-10,2024—2025,1,2871,2024-03-19,2024-03-20,2024-03-27,-0.01285174569723313,0.0,-0.01285174569723313,2024-03
10,3269,2025-11-10,2024—2025,1,2872,2024-03-20,2024-03-21,2024-03-28,-0.02784276914234307,0.0,-0.02784276914234307,2024-03
10,3269,2025-11-10,2024—2025,1,2873,2024-03-21,2024-03-22,2024-03-29,-0.019826737465193256,0.0,-0.019826737465193256,2024-03
10,3269,2025-11-10,2024—2025,1,2874,2024-03-22,2024-03-25,2024-04-01,-0.000234201735265116,0.0,-0.000234201735265116,2024-03
10,3269,2025-11-10,2024—2025,1,2875,2024-03-25,2024-03-26,2024-04-02,0.014795103524992026,0.014795103524992026,0.0,2024-03
10,3269,2025-11-10,2024—2025,1,2876,2024-03-26,2024-03-27,2024-04-03,0.009390464777261798,0.009390464777261798,0.0,2024-03
10,3269,2025-11-10,2024—2025,1,2877,2024-03-27,2024-03-28,2024-04-08,0.013780925398080957,0.013780925398080957,0.0,2024-03
10,3269,2025-11-10,2024—2025,1,2878,2024-03-28,2024-03-29,2024-04-09,0.0026154163797311725,0.0026154163797311725,0.0,2024-03
10,3269,2025-11-10,2024—2025,1,2879,2024-03-29,2024-04-01,2024-04-10,-0.007566273716247185,0.0,-0.007566273716247185,2024-03
10,3269,2025-11-10,2024—2025,1,2984,2024-09-02,2024-09-03,2024-09-10,-0.023277191822731136,0.0,-0.023277191822731136,2024-09
10,3269,2025-11-10,2024—2025,1,2985,2024-09-03,2024-09-04,2024-09-11,-0.026566165138142472,0.0,-0.026566165138142472,2024-09
10,3269,2025-11-10,2024—2025,1,2986,2024-09-04,2024-09-05,2024-09-12,-0.023304191836778787,0.0,-0.023304191836778787,2024-09
10,3269,2025-11-10,2024—2025,1,2987,2024-09-05,2024-09-06,2024-09-13,-0.03012631425417256,0.0,-0.03012631425417256,2024-09
10,3269,2025-11-10,2024—2025,1,2988,2024-09-06,2024-09-09,2024-09-18,-0.02293002701831892,0.0,-0.02293002701831892,2024-09
10,3269,2025-11-10,2024—2025,1,2989,2024-09-09,2024-09-10,2024-09-19,-0.0093633804513088,0.0,-0.0093633804513088,2024-09
10,3269,2025-11-10,2024—2025,1,2990,2024-09-10,2024-09-11,2024-09-20,-0.001720036578552464,0.0,-0.001720036578552464,2024-09
10,3269,2025-11-10,2024—2025,1,2991,2024-09-11,2024-09-12,2024-09-23,-0.00018723739434656217,0.0,-0.00018723739434656217,2024-09
10,3269,2025-11-10,2024—2025,1,2992,2024-09-12,2024-09-13,2024-09-24,0.017960313566171004,0.017960313566171004,0.0,2024-09
10,3269,2025-11-10,2024—2025,1,2993,2024-09-13,2024-09-18,2024-09-25,0.07775088664626995,0.07775088664626995,0.0,2024-09
10,3269,2025-11-10,2024—2025,1,2994,2024-09-18,2024-09-19,2024-09-26,0.06597779736273024,0.06597779736273024,0.0,2024-09
10,3269,2025-11-10,2024—2025,1,2995,2024-09-19,2024-09-20,2024-09-27,0.13214113496232405,0.13214113496232405,0.0,2024-09
10,3269,2025-11-10,2024—2025,1,2996,2024-09-20,2024-09-23,2024-09-30,0.2217536450131221,0.2217536450131221,0.0,2024-09
10,3269,2025-11-10,2024—2025,1,2997,2024-09-23,2024-09-24,2024-10-08,0.40062709093577764,0.40062709093577764,0.0,2024-09
10,3269,2025-11-10,2024—2025,1,2998,2024-09-24,2024-09-25,2024-10-09,0.22432790410889747,0.22432790410889747,0.0,2024-09
10,3269,2025-11-10,2024—2025,1,2999,2024-09-25,2024-09-26,2024-10-10,0.1698586694354518,0.1698586694354518,0.0,2024-09
10,3269,2025-11-10,2024—2025,1,3000,2024-09-26,2024-09-27,2024-10-11,0.09307767173907955,0.09307767173907955,0.0,2024-09
10,3269,2025-11-10,2024—2025,1,3001,2024-09-27,2024-09-30,2024-10-14,-0.008022214842876352,0.0,-0.008022214842876352,2024-09
10,3269,2025-11-10,2024—2025,1,3263,2025-10-31,2025-11-03,2025-11-10,0.006552014468545142,0.006552014468545142,0.0,2025-10
10,3275,2025-11-18,2024—2025,1,2822,2024-01-02,2024-01-03,2024-01-10,-0.030920501364671504,0.0,-0.030920501364671504,2024-01
10,3275,2025-11-18,2024—2025,1,2823,2024-01-03,2024-01-04,2024-01-11,-0.032405261923089124,0.0,-0.032405261923089124,2024-01
10,3275,2025-11-18,2024—2025,1,2824,2024-01-04,2024-01-05,2024-01-12,-0.01868442763739564,0.0,-0.01868442763739564,2024-01
10,3275,2025-11-18,2024—2025,1,2825,2024-01-05,2024-01-08,2024-01-15,-0.020530426202640006,0.0,-0.020530426202640006,2024-01
10,3275,2025-11-18,2024—2025,1,2826,2024-01-08,2024-01-09,2024-01-16,-0.006458340657775508,0.0,-0.006458340657775508,2024-01
10,3275,2025-11-18,2024—2025,1,2827,2024-01-09,2024-01-10,2024-01-17,-0.0010975931630923252,0.0,-0.0010975931630923252,2024-01
10,3275,2025-11-18,2024—2025,1,2828,2024-01-10,2024-01-11,2024-01-18,-0.01931173718853263,0.0,-0.01931173718853263,2024-01
10,3275,2025-11-18,2024—2025,1,2829,2024-01-11,2024-01-12,2024-01-19,-0.013002250664562842,0.0,-0.013002250664562842,2024-01
10,3275,2025-11-18,2024—2025,1,2830,2024-01-12,2024-01-15,2024-01-22,-0.0019902057173533105,0.0,-0.0019902057173533105,2024-01
10,3275,2025-11-18,2024—2025,1,2831,2024-01-15,2024-01-16,2024-01-23,-0.024695743712084495,0.0,-0.024695743712084495,2024-01
10,3275,2025-11-18,2024—2025,1,2832,2024-01-16,2024-01-17,2024-01-24,-0.017737147925715346,0.0,-0.017737147925715346,2024-01
10,3275,2025-11-18,2024—2025,1,2833,2024-01-17,2024-01-18,2024-01-25,0.012845513563662037,0.012845513563662037,0.0,2024-01
10,3275,2025-11-18,2024—2025,1,2834,2024-01-18,2024-01-19,2024-01-26,0.021008872811158374,0.021008872811158374,0.0,2024-01
10,3275,2025-11-18,2024—2025,1,2835,2024-01-19,2024-01-22,2024-01-29,0.016928560481588972,0.016928560481588972,0.0,2024-01
10,3275,2025-11-18,2024—2025,1,2836,2024-01-22,2024-01-23,2024-01-30,0.022285185207840064,0.022285185207840064,0.0,2024-01
10,3275,2025-11-18,2024—2025,1,2837,2024-01-23,2024-01-24,2024-01-31,-0.005113218357430505,0.0,-0.005113218357430505,2024-01
10,3275,2025-11-18,2024—2025,1,2838,2024-01-24,2024-01-25,2024-02-01,-0.024604696911705748,0.0,-0.024604696911705748,2024-01
10,3275,2025-11-18,2024—2025,1,2839,2024-01-25,2024-01-26,2024-02-02,-0.03618552578968415,0.0,-0.03618552578968415,2024-01
10,3275,2025-11-18,2024—2025,1,2840,2024-01-26,2024-01-29,2024-02-05,-0.05502914276568227,0.0,-0.05502914276568227,2024-01
10,3275,2025-11-18,2024—2025,1,2841,2024-01-29,2024-01-30,2024-02-06,-0.03243341932633337,0.0,-0.03243341932633337,2024-01
10,3275,2025-11-18,2024—2025,1,2842,2024-01-30,2024-01-31,2024-02-07,0.020499307227989094,0.020499307227989094,0.0,2024-01
10,3275,2025-11-18,2024—2025,1,2843,2024-01-31,2024-02-01,2024-02-08,0.044108199416862615,0.044108199416862615,0.0,2024-01
10,3275,2025-11-18,2024—2025,1,2844,2024-02-01,2024-02-02,2024-02-19,0.045097789562015045,0.045097789562015045,0.0,2024-02
10,3275,2025-11-18,2024—2025,1,2845,2024-02-02,2024-02-05,2024-02-20,0.06777289084366234,0.06777289084366234,0.0,2024-02
10,3275,2025-11-18,2024—2025,1,2846,2024-02-05,2024-02-06,2024-02-21,0.06029911647758568,0.06029911647758568,0.0,2024-02
10,3275,2025-11-18,2024—2025,1,2847,2024-02-06,2024-02-07,2024-02-22,0.03809496117063138,0.03809496117063138,0.0,2024-02
10,3275,2025-11-18,2024—2025,1,2848,2024-02-07,2024-02-08,2024-02-23,0.03343990175086109,0.03343990175086109,0.0,2024-02
10,3275,2025-11-18,2024—2025,1,2849,2024-02-08,2024-02-19,2024-02-26,0.02700518371692162,0.02700518371692162,0.0,2024-02
10,3275,2025-11-18,2024—2025,1,2850,2024-02-19,2024-02-20,2024-02-27,0.012180778707117534,0.012180778707117534,0.0,2024-02
10,3275,2025-11-18,2024—2025,1,2851,2024-02-20,2024-02-21,2024-02-28,0.02600669637805253,0.02600669637805253,0.0,2024-02
10,3275,2025-11-18,2024—2025,1,2852,2024-02-21,2024-02-22,2024-02-29,-0.00514277047801559,0.0,-0.00514277047801559,2024-02
10,3275,2025-11-18,2024—2025,1,2853,2024-02-22,2024-02-23,2024-03-01,0.004370082952734444,0.004370082952734444,0.0,2024-02
10,3275,2025-11-18,2024—2025,1,2854,2024-02-23,2024-02-26,2024-03-04,0.01125963407740338,0.01125963407740338,0.0,2024-02
10,3275,2025-11-18,2024—2025,1,2855,2024-02-26,2024-02-27,2024-03-05,0.020119896211332255,0.020119896211332255,0.0,2024-02
10,3275,2025-11-18,2024—2025,1,2856,2024-02-27,2024-02-28,2024-03-06,0.015228740929866813,0.015228740929866813,0.0,2024-02
10,3275,2025-11-18,2024—2025,1,2857,2024-02-28,2024-02-29,2024-03-07,0.026182210042812182,0.026182210042812182,0.0,2024-02
10,3275,2025-11-18,2024—2025,1,2858,2024-02-29,2024-03-01,2024-03-08,0.0037615766817382656,0.0037615766817382656,0.0,2024-02
10,3275,2025-11-18,2024—2025,1,2859,2024-03-01,2024-03-04,2024-03-11,-0.0016488588700498408,0.0,-0.0016488588700498408,2024-03
10,3275,2025-11-18,2024—2025,1,2860,2024-03-04,2024-03-05,2024-03-12,0.01623698346748248,0.01623698346748248,0.0,2024-03
10,3275,2025-11-18,2024—2025,1,2861,2024-03-05,2024-03-06,2024-03-13,0.00650811405395646,0.00650811405395646,0.0,2024-03
10,3275,2025-11-18,2024—2025,1,2862,2024-03-06,2024-03-07,2024-03-14,0.002300800413262083,0.002300800413262083,0.0,2024-03
10,3275,2025-11-18,2024—2025,1,2863,2024-03-07,2024-03-08,2024-03-15,0.0017485779845045624,0.0017485779845045624,0.0,2024-03
10,3275,2025-11-18,2024—2025,1,2864,2024-03-08,2024-03-11,2024-03-18,0.005418822569981829,0.005418822569981829,0.0,2024-03
10,3275,2025-11-18,2024—2025,1,2865,2024-03-11,2024-03-12,2024-03-19,-0.0021924879337364978,0.0,-0.0021924879337364978,2024-03
10,3275,2025-11-18,2024—2025,1,2866,2024-03-12,2024-03-13,2024-03-20,-0.009708682701341398,0.0,-0.009708682701341398,2024-03
10,3275,2025-11-18,2024—2025,1,2867,2024-03-13,2024-03-14,2024-03-21,0.0025646307133713186,0.0025646307133713186,0.0,2024-03
10,3275,2025-11-18,2024—2025,1,2868,2024-03-14,2024-03-15,2024-03-22,0.003990620333930606,0.003990620333930606,0.0,2024-03
10,3275,2025-11-18,2024—2025,1,2869,2024-03-15,2024-03-18,2024-03-25,-0.01173062331869501,0.0,-0.01173062331869501,2024-03
10,3275,2025-11-18,2024—2025,1,2870,2024-03-18,2024-03-19,2024-03-26,-0.021396009841188834,0.0,-0.021396009841188834,2024-03
10,3275,2025-11-18,2024—2025,1,2871,2024-03-19,2024-03-20,2024-03-27,-0.01285174569723313,0.0,-0.01285174569723313,2024-03
10,3275,2025-11-18,2024—2025,1,2872,2024-03-20,2024-03-21,2024-03-28,-0.02784276914234307,0.0,-0.02784276914234307,2024-03
10,3275,2025-11-18,2024—2025,1,2873,2024-03-21,2024-03-22,2024-03-29,-0.019826737465193256,0.0,-0.019826737465193256,2024-03
10,3275,2025-11-18,2024—2025,1,2874,2024-03-22,2024-03-25,2024-04-01,-0.000234201735265116,0.0,-0.000234201735265116,2024-03
10,3275,2025-11-18,2024—2025,1,2875,2024-03-25,2024-03-26,2024-04-02,0.014795103524992026,0.014795103524992026,0.0,2024-03
10,3275,2025-11-18,2024—2025,1,2876,2024-03-26,2024-03-27,2024-04-03,0.009390464777261798,0.009390464777261798,0.0,2024-03
10,3275,2025-11-18,2024—2025,1,2877,2024-03-27,2024-03-28,2024-04-08,0.013780925398080957,0.013780925398080957,0.0,2024-03
10,3275,2025-11-18,2024—2025,1,2878,2024-03-28,2024-03-29,2024-04-09,0.0026154163797311725,0.0026154163797311725,0.0,2024-03
10,3275,2025-11-18,2024—2025,1,2879,2024-03-29,2024-04-01,2024-04-10,-0.007566273716247185,0.0,-0.007566273716247185,2024-03
10,3275,2025-11-18,2024—2025,1,2984,2024-09-02,2024-09-03,2024-09-10,-0.023277191822731136,0.0,-0.023277191822731136,2024-09
10,3275,2025-11-18,2024—2025,1,2985,2024-09-03,2024-09-04,2024-09-11,-0.026566165138142472,0.0,-0.026566165138142472,2024-09
10,3275,2025-11-18,2024—2025,1,2986,2024-09-04,2024-09-05,2024-09-12,-0.023304191836778787,0.0,-0.023304191836778787,2024-09
10,3275,2025-11-18,2024—2025,1,2987,2024-09-05,2024-09-06,2024-09-13,-0.03012631425417256,0.0,-0.03012631425417256,2024-09
10,3275,2025-11-18,2024—2025,1,2988,2024-09-06,2024-09-09,2024-09-18,-0.02293002701831892,0.0,-0.02293002701831892,2024-09
10,3275,2025-11-18,2024—2025,1,2989,2024-09-09,2024-09-10,2024-09-19,-0.0093633804513088,0.0,-0.0093633804513088,2024-09
10,3275,2025-11-18,2024—2025,1,2990,2024-09-10,2024-09-11,2024-09-20,-0.001720036578552464,0.0,-0.001720036578552464,2024-09
10,3275,2025-11-18,2024—2025,1,2991,2024-09-11,2024-09-12,2024-09-23,-0.00018723739434656217,0.0,-0.00018723739434656217,2024-09
10,3275,2025-11-18,2024—2025,1,2992,2024-09-12,2024-09-13,2024-09-24,0.017960313566171004,0.017960313566171004,0.0,2024-09
10,3275,2025-11-18,2024—2025,1,2993,2024-09-13,2024-09-18,2024-09-25,0.07775088664626995,0.07775088664626995,0.0,2024-09
10,3275,2025-11-18,2024—2025,1,2994,2024-09-18,2024-09-19,2024-09-26,0.06597779736273024,0.06597779736273024,0.0,2024-09
10,3275,2025-11-18,2024—2025,1,2995,2024-09-19,2024-09-20,2024-09-27,0.13214113496232405,0.13214113496232405,0.0,2024-09
10,3275,2025-11-18,2024—2025,1,2996,2024-09-20,2024-09-23,2024-09-30,0.2217536450131221,0.2217536450131221,0.0,2024-09
10,3275,2025-11-18,2024—2025,1,2997,2024-09-23,2024-09-24,2024-10-08,0.40062709093577764,0.40062709093577764,0.0,2024-09
10,3275,2025-11-18,2024—2025,1,2998,2024-09-24,2024-09-25,2024-10-09,0.22432790410889747,0.22432790410889747,0.0,2024-09
10,3275,2025-11-18,2024—2025,1,2999,2024-09-25,2024-09-26,2024-10-10,0.1698586694354518,0.1698586694354518,0.0,2024-09
10,3275,2025-11-18,2024—2025,1,3000,2024-09-26,2024-09-27,2024-10-11,0.09307767173907955,0.09307767173907955,0.0,2024-09
10,3275,2025-11-18,2024—2025,1,3001,2024-09-27,2024-09-30,2024-10-14,-0.008022214842876352,0.0,-0.008022214842876352,2024-09
10,3275,2025-11-18,2024—2025,1,3263,2025-10-31,2025-11-03,2025-11-10,0.006552014468545142,0.006552014468545142,0.0,2025-10
10,3275,2025-11-18,2024—2025,1,3264,2025-11-03,2025-11-04,2025-11-11,0.008426933528792091,0.008426933528792091,0.0,2025-11
10,3275,2025-11-18,2024—2025,1,3265,2025-11-04,2025-11-05,2025-11-12,0.010262363013066045,0.010262363013066045,0.0,2025-11
10,3275,2025-11-18,2024—2025,1,3266,2025-11-05,2025-11-06,2025-11-13,0.0002527743905598179,0.0002527743905598179,0.0,2025-11
10,3275,2025-11-18,2024—2025,1,3267,2025-11-06,2025-11-07,2025-11-14,-0.0039254371244203945,0.0,-0.0039254371244203945,2025-11
10,3275,2025-11-18,2024—2025,1,3268,2025-11-07,2025-11-10,2025-11-17,-0.01682184269149467,0.0,-0.01682184269149467,2025-11
10,3275,2025-11-18,2024—2025,1,3269,2025-11-10,2025-11-11,2025-11-18,-0.026510582735156496,0.0,-0.026510582735156496,2025-11
10,3281,2025-11-26,2024—2025,1,2819,2023-12-27,2023-12-28,2024-01-05,-0.002266934635837381,0.0,-0.002266934635837381,2023-12
10,3281,2025-11-26,2024—2025,1,2830,2024-01-12,2024-01-15,2024-01-22,-0.0019902057173533105,0.0,-0.0019902057173533105,2024-01
10,3281,2025-11-26,2024—2025,1,2835,2024-01-19,2024-01-22,2024-01-29,0.016928560481588972,0.016928560481588972,0.0,2024-01
10,3281,2025-11-26,2024—2025,1,2836,2024-01-22,2024-01-23,2024-01-30,0.022285185207840064,0.022285185207840064,0.0,2024-01
10,3281,2025-11-26,2024—2025,1,2837,2024-01-23,2024-01-24,2024-01-31,-0.005113218357430505,0.0,-0.005113218357430505,2024-01
10,3281,2025-11-26,2024—2025,1,2838,2024-01-24,2024-01-25,2024-02-01,-0.024604696911705748,0.0,-0.024604696911705748,2024-01
10,3281,2025-11-26,2024—2025,1,2839,2024-01-25,2024-01-26,2024-02-02,-0.03618552578968415,0.0,-0.03618552578968415,2024-01
10,3281,2025-11-26,2024—2025,1,2840,2024-01-26,2024-01-29,2024-02-05,-0.05502914276568227,0.0,-0.05502914276568227,2024-01
10,3281,2025-11-26,2024—2025,1,2841,2024-01-29,2024-01-30,2024-02-06,-0.03243341932633337,0.0,-0.03243341932633337,2024-01
10,3281,2025-11-26,2024—2025,1,2843,2024-01-31,2024-02-01,2024-02-08,0.044108199416862615,0.044108199416862615,0.0,2024-01
10,3281,2025-11-26,2024—2025,1,2844,2024-02-01,2024-02-02,2024-02-19,0.045097789562015045,0.045097789562015045,0.0,2024-02
10,3281,2025-11-26,2024—2025,1,2845,2024-02-02,2024-02-05,2024-02-20,0.06777289084366234,0.06777289084366234,0.0,2024-02
10,3281,2025-11-26,2024—2025,1,2846,2024-02-05,2024-02-06,2024-02-21,0.06029911647758568,0.06029911647758568,0.0,2024-02
10,3281,2025-11-26,2024—2025,1,2847,2024-02-06,2024-02-07,2024-02-22,0.03809496117063138,0.03809496117063138,0.0,2024-02
10,3281,2025-11-26,2024—2025,1,2848,2024-02-07,2024-02-08,2024-02-23,0.03343990175086109,0.03343990175086109,0.0,2024-02
10,3281,2025-11-26,2024—2025,1,2849,2024-02-08,2024-02-19,2024-02-26,0.02700518371692162,0.02700518371692162,0.0,2024-02
10,3281,2025-11-26,2024—2025,1,2850,2024-02-19,2024-02-20,2024-02-27,0.012180778707117534,0.012180778707117534,0.0,2024-02
10,3281,2025-11-26,2024—2025,1,2851,2024-02-20,2024-02-21,2024-02-28,0.02600669637805253,0.02600669637805253,0.0,2024-02
10,3281,2025-11-26,2024—2025,1,2852,2024-02-21,2024-02-22,2024-02-29,-0.00514277047801559,0.0,-0.00514277047801559,2024-02
10,3281,2025-11-26,2024—2025,1,2890,2024-04-17,2024-04-18,2024-04-25,-0.014599233587286653,0.0,-0.014599233587286653,2024-04
10,3281,2025-11-26,2024—2025,1,2900,2024-05-06,2024-05-07,2024-05-14,-0.0002520230603291207,0.0,-0.0002520230603291207,2024-05
10,3281,2025-11-26,2024—2025,1,2924,2024-06-07,2024-06-11,2024-06-18,-0.008074731462777485,0.0,-0.008074731462777485,2024-06
10,3281,2025-11-26,2024—2025,1,2925,2024-06-11,2024-06-12,2024-06-19,0.0006084375719834778,0.0006084375719834778,0.0,2024-06
10,3281,2025-11-26,2024—2025,1,2926,2024-06-12,2024-06-13,2024-06-20,-0.006414742335715373,0.0,-0.006414742335715373,2024-06
10,3281,2025-11-26,2024—2025,1,2936,2024-06-26,2024-06-27,2024-07-04,-0.002229560379626072,0.0,-0.002229560379626072,2024-06
10,3281,2025-11-26,2024—2025,1,2937,2024-06-27,2024-06-28,2024-07-05,-0.004247179793982259,0.0,-0.004247179793982259,2024-06
10,3281,2025-11-26,2024—2025,1,2938,2024-06-28,2024-07-01,2024-07-08,-0.013393439530518414,0.0,-0.013393439530518414,2024-06
10,3281,2025-11-26,2024—2025,1,2939,2024-07-01,2024-07-02,2024-07-09,-0.021652059587828565,0.0,-0.021652059587828565,2024-07
10,3281,2025-11-26,2024—2025,1,2940,2024-07-02,2024-07-03,2024-07-10,-0.011654343408434076,0.0,-0.011654343408434076,2024-07
10,3281,2025-11-26,2024—2025,1,2943,2024-07-05,2024-07-08,2024-07-15,0.014238935395451069,0.014238935395451069,0.0,2024-07
10,3281,2025-11-26,2024—2025,1,2944,2024-07-08,2024-07-09,2024-07-16,0.023358090495232187,0.023358090495232187,0.0,2024-07
10,3281,2025-11-26,2024—2025,1,2945,2024-07-09,2024-07-10,2024-07-17,0.021385563421689957,0.021385563421689957,0.0,2024-07
10,3281,2025-11-26,2024—2025,1,2946,2024-07-10,2024-07-11,2024-07-18,0.011497290036475372,0.011497290036475372,0.0,2024-07
10,3281,2025-11-26,2024—2025,1,2947,2024-07-11,2024-07-12,2024-07-19,0.012276625622866133,0.012276625622866133,0.0,2024-07
10,3281,2025-11-26,2024—2025,1,2953,2024-07-19,2024-07-22,2024-07-29,-0.037724837822581514,0.0,-0.037724837822581514,2024-07
10,3281,2025-11-26,2024—2025,1,2954,2024-07-22,2024-07-23,2024-07-30,-0.036625349860055834,0.0,-0.036625349860055834,2024-07
10,3281,2025-11-26,2024—2025,1,2955,2024-07-23,2024-07-24,2024-07-31,-0.021360532666041876,0.0,-0.021360532666041876,2024-07
10,3281,2025-11-26,2024—2025,1,2956,2024-07-24,2024-07-25,2024-08-01,0.00784392125502742,0.00784392125502742,0.0,2024-07
10,3281,2025-11-26,2024—2025,1,2957,2024-07-25,2024-07-26,2024-08-02,-0.0031073021137965062,0.0,-0.0031073021137965062,2024-07
10,3281,2025-11-26,2024—2025,1,2978,2024-08-23,2024-08-26,2024-09-02,-0.0072669961141756945,0.0,-0.0072669961141756945,2024-08
10,3281,2025-11-26,2024—2025,1,2979,2024-08-26,2024-08-27,2024-09-03,-0.01995273845637191,0.0,-0.01995273845637191,2024-08
10,3281,2025-11-26,2024—2025,1,2980,2024-08-27,2024-08-28,2024-09-04,-0.014718593890244658,0.0,-0.014718593890244658,2024-08
10,3281,2025-11-26,2024—2025,1,2981,2024-08-28,2024-08-29,2024-09-05,-0.01003773855802137,0.0,-0.01003773855802137,2024-08
10,3281,2025-11-26,2024—2025,1,2982,2024-08-29,2024-08-30,2024-09-06,-0.005279059924147456,0.0,-0.005279059924147456,2024-08
10,3281,2025-11-26,2024—2025,1,2994,2024-09-18,2024-09-19,2024-09-26,0.06597779736273024,0.06597779736273024,0.0,2024-09
10,3281,2025-11-26,2024—2025,1,2995,2024-09-19,2024-09-20,2024-09-27,0.13214113496232405,0.13214113496232405,0.0,2024-09
10,3281,2025-11-26,2024—2025,1,2996,2024-09-20,2024-09-23,2024-09-30,0.2217536450131221,0.2217536450131221,0.0,2024-09
10,3281,2025-11-26,2024—2025,1,2997,2024-09-23,2024-09-24,2024-10-08,0.40062709093577764,0.40062709093577764,0.0,2024-09
10,3281,2025-11-26,2024—2025,1,2998,2024-09-24,2024-09-25,2024-10-09,0.22432790410889747,0.22432790410889747,0.0,2024-09
10,3281,2025-11-26,2024—2025,1,3064,2025-01-02,2025-01-03,2025-01-10,-0.014078089694354978,0.0,-0.014078089694354978,2025-01
10,3281,2025-11-26,2024—2025,1,3065,2025-01-03,2025-01-06,2025-01-13,-0.019394258321484115,0.0,-0.019394258321484115,2025-01
10,3281,2025-11-26,2024—2025,1,3066,2025-01-06,2025-01-07,2025-01-14,-0.010664479336870092,0.0,-0.010664479336870092,2025-01
10,3281,2025-11-26,2024—2025,1,3067,2025-01-07,2025-01-08,2025-01-15,0.003842964621069589,0.003842964621069589,0.0,2025-01
10,3281,2025-11-26,2024—2025,1,3068,2025-01-08,2025-01-09,2025-01-16,0.0056601098893258595,0.0056601098893258595,0.0,2025-01
10,3281,2025-11-26,2024—2025,1,3069,2025-01-09,2025-01-10,2025-01-17,-0.0002831640670172275,0.0,-0.0002831640670172275,2025-01
10,3281,2025-11-26,2024—2025,1,3070,2025-01-10,2025-01-13,2025-01-20,0.028611735332148447,0.028611735332148447,0.0,2025-01
10,3281,2025-11-26,2024—2025,1,3071,2025-01-13,2025-01-14,2025-01-21,0.02902719509211238,0.02902719509211238,0.0,2025-01
10,3281,2025-11-26,2024—2025,1,3081,2025-01-27,2025-02-05,2025-02-12,0.008343993363508773,0.008343993363508773,0.0,2025-01
10,3281,2025-11-26,2024—2025,1,3082,2025-02-05,2025-02-06,2025-02-13,0.029011852049303455,0.029011852049303455,0.0,2025-02
10,3281,2025-11-26,2024—2025,1,3083,2025-02-06,2025-02-07,2025-02-14,0.014174365813745649,0.014174365813745649,0.0,2025-02
10,3281,2025-11-26,2024—2025,1,3084,2025-02-07,2025-02-10,2025-02-17,0.01071126770929487,0.01071126770929487,0.0,2025-02
10,3281,2025-11-26,2024—2025,1,3117,2025-03-26,2025-03-27,2025-04-03,-0.01871363008581417,0.0,-0.01871363008581417,2025-03
10,3281,2025-11-26,2024—2025,1,3118,2025-03-27,2025-03-28,2025-04-07,-0.05928461948553909,0.0,-0.05928461948553909,2025-03
10,3281,2025-11-26,2024—2025,1,3119,2025-03-28,2025-03-31,2025-04-08,-0.07931005696997828,0.0,-0.07931005696997828,2025-03
10,3281,2025-11-26,2024—2025,1,3123,2025-04-03,2025-04-07,2025-04-14,0.012596538671597601,0.012596538671597601,0.0,2025-04
10,3281,2025-11-26,2024—2025,1,3124,2025-04-07,2025-04-08,2025-04-15,0.03644765756582302,0.03644765756582302,0.0,2025-04
10,3281,2025-11-26,2024—2025,1,3125,2025-04-08,2025-04-09,2025-04-16,0.03647786627441474,0.03647786627441474,0.0,2025-04
10,3281,2025-11-26,2024—2025,1,3126,2025-04-09,2025-04-10,2025-04-17,0.003645859112518357,0.003645859112518357,0.0,2025-04
10,3281,2025-11-26,2024—2025,1,3127,2025-04-10,2025-04-11,2025-04-18,0.009417627809914286,0.009417627809914286,0.0,2025-04
10,3281,2025-11-26,2024—2025,1,3128,2025-04-11,2025-04-14,2025-04-21,-0.0013169984400751567,0.0,-0.0013169984400751567,2025-04
10,3281,2025-11-26,2024—2025,1,3129,2025-04-14,2025-04-15,2025-04-22,0.005172671056317579,0.005172671056317579,0.0,2025-04
10,3281,2025-11-26,2024—2025,1,3130,2025-04-15,2025-04-16,2025-04-23,0.010374731771790602,0.010374731771790602,0.0,2025-04
10,3281,2025-11-26,2024—2025,1,3142,2025-05-06,2025-05-07,2025-05-14,0.008550449319513431,0.008550449319513431,0.0,2025-05
10,3281,2025-11-26,2024—2025,1,3247,2025-10-09,2025-10-10,2025-10-17,-0.017897849207562322,0.0,-0.017897849207562322,2025-10
