announcement_id,ts_code,sec_name,report_period,event_publication_date,affected_member_days,official_pdf_url
1205543842,601108.SH,财通证券,2018-09-30,2018-10-27,238,https://static.cninfo.com.cn/finalpage/2018-10-27/1205543842.PDF
1206994162,601108.SH,财通证券,2019-09-30,2019-10-19,236,https://static.cninfo.com.cn/finalpage/2019-10-19/1206994162.PDF
1207022065,601229.SH,上海银行,2019-09-30,2019-10-26,235,https://static.cninfo.com.cn/finalpage/2019-10-26/1207022065.PDF
1206997452,300059.SZ,东方财富,2019-09-30,2019-10-22,234,https://static.cninfo.com.cn/finalpage/2019-10-22/1206997452.PDF
1211336976,600926.SH,杭州银行,2021-09-30,2021-10-21,234,https://static.cninfo.com.cn/finalpage/2021-10-21/1211336976.PDF
1204056363,002310.SZ,东方园林,2017-09-30,2017-10-21,233,https://static.cninfo.com.cn/finalpage/2017-10-21/1204056363.PDF
1205545111,600926.SH,杭州银行,2018-09-30,2018-10-27,233,https://static.cninfo.com.cn/finalpage/2018-10-27/1205545111.PDF
1205547293,601229.SH,上海银行,2018-09-30,2018-10-27,233,https://static.cninfo.com.cn/finalpage/2018-10-27/1205547293.PDF
1204056965,002411.SZ,必康股份,2017-09-30,2017-10-23,232,https://static.cninfo.com.cn/finalpage/2017-10-23/1204056965.PDF
1221489540,601009.SH,南京银行,2024-09-30,2024-10-24,232,https://static.cninfo.com.cn/finalpage/2024-10-24/1221489540.PDF
1208608076,601229.SH,上海银行,2020-09-30,2020-10-24,232,https://static.cninfo.com.cn/finalpage/2020-10-24/1208608076.PDF
1205552757,000783.SZ,长江证券,2018-09-30,2018-10-30,231,https://static.cninfo.com.cn/finalpage/2018-10-30/1205552757.PDF
1204089204,600926.SH,杭州银行,2017-09-30,2017-10-28,231,https://static.cninfo.com.cn/finalpage/2017-10-28/1204089204.PDF
1208663452,600926.SH,杭州银行,2020-09-30,2020-10-31,231,https://static.cninfo.com.cn/finalpage/2020-10-31/1208663452.PDF
1204089323,601166.SH,兴业银行,2017-09-30,2017-10-28,231,https://static.cninfo.com.cn/finalpage/2017-10-28/1204089323.PDF
1204089424,601229.SH,上海银行,2017-09-30,2017-10-28,231,https://static.cninfo.com.cn/finalpage/2017-10-28/1204089424.PDF
1207021346,000783.SZ,长江证券,2019-09-30,2019-10-26,230,https://static.cninfo.com.cn/finalpage/2019-10-26/1207021346.PDF
1207012854,002939.SZ,长城证券,2019-09-30,2019-10-25,230,https://static.cninfo.com.cn/finalpage/2019-10-25/1207012854.PDF
1207014571,600926.SH,杭州银行,2019-09-30,2019-10-25,230,https://static.cninfo.com.cn/finalpage/2019-10-25/1207014571.PDF
1214923780,600926.SH,杭州银行,2022-09-30,2022-10-27,230,https://static.cninfo.com.cn/finalpage/2022-10-27/1214923780.PDF
1218203975,601009.SH,南京银行,2023-09-30,2023-10-31,230,https://static.cninfo.com.cn/finalpage/2023-10-31/1218203975.PDF
1205547307,601166.SH,兴业银行,2018-09-30,2018-10-27,230,https://static.cninfo.com.cn/finalpage/2018-10-27/1205547307.PDF
1211407249,601229.SH,上海银行,2021-09-30,2021-10-28,230,https://static.cninfo.com.cn/finalpage/2021-10-28/1211407249.PDF
1214924007,601229.SH,上海银行,2022-09-30,2022-10-27,230,https://static.cninfo.com.cn/finalpage/2022-10-27/1214924007.PDF
1204078614,000783.SZ,长江证券,2017-09-30,2017-10-27,229,https://static.cninfo.com.cn/finalpage/2017-10-27/1204078614.PDF
1205553633,002411.SZ,必康股份,2018-09-30,2018-10-30,229,https://static.cninfo.com.cn/finalpage/2018-10-30/1205553633.PDF
1204080501,002736.SZ,国信证券,2017-09-30,2017-10-27,229,https://static.cninfo.com.cn/finalpage/2017-10-27/1204080501.PDF
1214965908,002736.SZ,国信证券,2022-09-30,2022-10-29,229,https://static.cninfo.com.cn/finalpage/2022-10-29/1214965908.PDF
1214961851,600000.SH,浦发银行,2022-09-30,2022-10-29,229,https://static.cninfo.com.cn/finalpage/2022-10-29/1214961851.PDF
1214966129,600015.SH,华夏银行,2022-09-30,2022-10-29,229,https://static.cninfo.com.cn/finalpage/2022-10-29/1214966129.PDF
1207008789,600346.SH,恒力石化,2019-09-30,2019-10-24,229,https://static.cninfo.com.cn/finalpage/2019-10-24/1207008789.PDF
1205552399,600390.SH,五矿资本,2018-09-30,2018-10-30,229,https://static.cninfo.com.cn/finalpage/2018-10-30/1205552399.PDF
1214960411,600919.SH,江苏银行,2022-09-30,2022-10-29,229,https://static.cninfo.com.cn/finalpage/2022-10-29/1214960411.PDF
1218186381,600926.SH,杭州银行,2023-09-30,2023-10-28,229,https://static.cninfo.com.cn/finalpage/2023-10-28/1218186381.PDF
1214963289,601377.SH,兴业证券,2022-09-30,2022-10-29,229,https://static.cninfo.com.cn/finalpage/2022-10-29/1214963289.PDF
1205545093,601555.SH,东吴证券,2018-09-30,2018-10-27,229,https://static.cninfo.com.cn/finalpage/2018-10-27/1205545093.PDF
1214962008,601838.SH,成都银行,2022-09-30,2022-10-29,229,https://static.cninfo.com.cn/finalpage/2022-10-29/1214962008.PDF
1214942163,601985.SH,中国核电,2022-09-30,2022-10-28,229,https://static.cninfo.com.cn/finalpage/2022-10-28/1214942163.PDF
1214938176,603260.SH,合盛硅业,2022-09-30,2022-10-28,229,https://static.cninfo.com.cn/finalpage/2022-10-28/1214938176.PDF
1204084560,002673.SZ,西部证券,2017-09-30,2017-10-30,228,https://static.cninfo.com.cn/finalpage/2017-10-30/1204084560.PDF
1211438129,002736.SZ,国信证券,2021-09-30,2021-10-30,228,https://static.cninfo.com.cn/finalpage/2021-10-30/1211438129.PDF
1218186315,002736.SZ,国信证券,2023-09-30,2023-10-28,228,https://static.cninfo.com.cn/finalpage/2023-10-28/1218186315.PDF
1207020549,002945.SZ,华林证券,2019-09-30,2019-10-28,228,https://static.cninfo.com.cn/finalpage/2019-10-28/1207020549.PDF
1211432416,600000.SH,浦发银行,2021-09-30,2021-10-30,228,https://static.cninfo.com.cn/finalpage/2021-10-30/1211432416.PDF
1211430259,600015.SH,华夏银行,2021-09-30,2021-10-30,228,https://static.cninfo.com.cn/finalpage/2021-10-30/1211430259.PDF
1207029486,600390.SH,五矿资本,2019-09-30,2019-10-29,228,https://static.cninfo.com.cn/finalpage/2019-10-29/1207029486.PDF
1218186378,600919.SH,江苏银行,2023-09-30,2023-10-28,228,https://static.cninfo.com.cn/finalpage/2023-10-28/1218186378.PDF
1204087745,601009.SH,南京银行,2017-09-30,2017-10-28,228,https://static.cninfo.com.cn/finalpage/2017-10-28/1204087745.PDF
1204088940,601198.SH,东兴证券,2017-09-30,2017-10-28,228,https://static.cninfo.com.cn/finalpage/2017-10-28/1204088940.PDF
1211421432,601838.SH,成都银行,2021-09-30,2021-10-29,228,https://static.cninfo.com.cn/finalpage/2021-10-29/1211421432.PDF
1218167384,601838.SH,成都银行,2023-09-30,2023-10-27,228,https://static.cninfo.com.cn/finalpage/2023-10-27/1218167384.PDF
1211418257,601985.SH,中国核电,2021-09-30,2021-10-29,228,https://static.cninfo.com.cn/finalpage/2021-10-29/1211418257.PDF
1218167437,601985.SH,中国核电,2023-09-30,2023-10-27,228,https://static.cninfo.com.cn/finalpage/2023-10-27/1218167437.PDF
1218185359,600015.SH,华夏银行,2023-09-30,2023-10-28,227,https://static.cninfo.com.cn/finalpage/2023-10-28/1218185359.PDF
1204098658,600919.SH,江苏银行,2017-09-30,2017-10-31,227,https://static.cninfo.com.cn/finalpage/2017-10-31/1204098658.PDF
1207048427,601009.SH,南京银行,2019-09-30,2019-10-31,227,https://static.cninfo.com.cn/finalpage/2019-10-31/1207048427.PDF
1211436300,601009.SH,南京银行,2021-09-30,2021-10-30,227,https://static.cninfo.com.cn/finalpage/2021-10-30/1211436300.PDF
1214966397,601009.SH,南京银行,2022-09-30,2022-10-29,227,https://static.cninfo.com.cn/finalpage/2022-10-29/1214966397.PDF
1208636522,601108.SH,财通证券,2020-09-30,2020-10-29,227,https://static.cninfo.com.cn/finalpage/2020-10-29/1208636522.PDF
1205562453,601169.SH,北京银行,2018-09-30,2018-10-31,227,https://static.cninfo.com.cn/finalpage/2018-10-31/1205562453.PDF
1207038689,601169.SH,北京银行,2019-09-30,2019-10-30,227,https://static.cninfo.com.cn/finalpage/2019-10-30/1207038689.PDF
1205562000,601198.SH,东兴证券,2018-09-30,2018-10-31,227,https://static.cninfo.com.cn/finalpage/2018-10-31/1205562000.PDF
1207035639,601198.SH,东兴证券,2019-09-30,2019-10-30,227,https://static.cninfo.com.cn/finalpage/2019-10-30/1207035639.PDF
1205556785,601212.SH,白银有色,2018-09-30,2018-10-30,227,https://static.cninfo.com.cn/finalpage/2018-10-30/1205556785.PDF
1218171034,601229.SH,上海银行,2023-09-30,2023-10-27,227,https://static.cninfo.com.cn/finalpage/2023-10-27/1218171034.PDF
1218186541,601377.SH,兴业证券,2023-09-30,2023-10-28,227,https://static.cninfo.com.cn/finalpage/2023-10-28/1218186541.PDF
1207048721,601838.SH,成都银行,2019-09-30,2019-10-31,227,https://static.cninfo.com.cn/finalpage/2019-10-31/1207048721.PDF
1208638815,601838.SH,成都银行,2020-09-30,2020-10-29,227,https://static.cninfo.com.cn/finalpage/2020-10-29/1208638815.PDF
1221555951,601838.SH,成都银行,2024-09-30,2024-10-30,227,https://static.cninfo.com.cn/finalpage/2024-10-30/1221555951.PDF
1207037553,601901.SH,方正证券,2019-09-30,2019-10-30,227,https://static.cninfo.com.cn/finalpage/2019-10-30/1207037553.PDF
1218191021,601989.SH,中国重工,2023-09-30,2023-10-28,227,https://static.cninfo.com.cn/finalpage/2023-10-28/1218191021.PDF
1205556379,601997.SH,贵阳银行,2018-09-30,2018-10-30,227,https://static.cninfo.com.cn/finalpage/2018-10-30/1205556379.PDF
1218184946,688396.SH,华润微,2023-09-30,2023-10-28,227,https://static.cninfo.com.cn/finalpage/2023-10-28/1218184946.PDF
1207047782,000333.SZ,美的集团,2019-09-30,2019-10-31,226,https://static.cninfo.com.cn/finalpage/2019-10-31/1207047782.PDF
1208664348,000333.SZ,美的集团,2020-09-30,2020-10-31,226,https://static.cninfo.com.cn/finalpage/2020-10-31/1208664348.PDF
1204097689,000415.SZ,渤海金控,2017-09-30,2017-10-31,226,https://static.cninfo.com.cn/finalpage/2017-10-31/1204097689.PDF
1205562859,000415.SZ,渤海金控,2018-09-30,2018-10-31,226,https://static.cninfo.com.cn/finalpage/2018-10-31/1205562859.PDF
1204095513,000627.SZ,天茂集团,2017-09-30,2017-10-31,226,https://static.cninfo.com.cn/finalpage/2017-10-31/1204095513.PDF
1208662412,000783.SZ,长江证券,2020-09-30,2020-10-31,226,https://static.cninfo.com.cn/finalpage/2020-10-31/1208662412.PDF
1204097236,600015.SH,华夏银行,2017-09-30,2017-10-31,226,https://static.cninfo.com.cn/finalpage/2017-10-31/1204097236.PDF
1205560969,600015.SH,华夏银行,2018-09-30,2018-10-31,226,https://static.cninfo.com.cn/finalpage/2018-10-31/1205560969.PDF
1207047669,600015.SH,华夏银行,2019-09-30,2019-10-31,226,https://static.cninfo.com.cn/finalpage/2019-10-31/1207047669.PDF
1208662087,600015.SH,华夏银行,2020-09-30,2020-10-31,226,https://static.cninfo.com.cn/finalpage/2020-10-31/1208662087.PDF
1207047887,600369.SH,西南证券,2019-09-30,2019-10-31,226,https://static.cninfo.com.cn/finalpage/2019-10-31/1207047887.PDF
1205562480,600816.SH,安信信托,2018-09-30,2018-10-31,226,https://static.cninfo.com.cn/finalpage/2018-10-31/1205562480.PDF
1221451109,600926.SH,杭州银行,2024-09-30,2024-10-22,226,https://static.cninfo.com.cn/finalpage/2024-10-22/1221451109.PDF
1205561251,601009.SH,南京银行,2018-09-30,2018-10-31,226,https://static.cninfo.com.cn/finalpage/2018-10-31/1205561251.PDF
1208636510,601009.SH,南京银行,2020-09-30,2020-10-29,226,https://static.cninfo.com.cn/finalpage/2020-10-29/1208636510.PDF
1207045631,601162.SH,天风证券,2019-09-30,2019-10-31,226,https://static.cninfo.com.cn/finalpage/2019-10-31/1207045631.PDF
1204099005,601169.SH,北京银行,2017-09-30,2017-10-31,226,https://static.cninfo.com.cn/finalpage/2017-10-31/1204099005.PDF
1208664713,601169.SH,北京银行,2020-09-30,2020-10-31,226,https://static.cninfo.com.cn/finalpage/2020-10-31/1208664713.PDF
1205562729,601838.SH,成都银行,2018-09-30,2018-10-31,226,https://static.cninfo.com.cn/finalpage/2018-10-31/1205562729.PDF
1221558948,002736.SZ,国信证券,2024-09-30,2024-10-30,225,https://static.cninfo.com.cn/finalpage/2024-10-30/1221558948.PDF
1211432538,600919.SH,江苏银行,2021-09-30,2021-10-30,225,https://static.cninfo.com.cn/finalpage/2021-10-30/1211432538.PDF
1221555925,600919.SH,江苏银行,2024-09-30,2024-10-30,225,https://static.cninfo.com.cn/finalpage/2024-10-30/1221555925.PDF
1204098673,601997.SH,贵阳银行,2017-09-30,2017-10-31,225,https://static.cninfo.com.cn/finalpage/2017-10-31/1204098673.PDF
1205560188,000627.SZ,天茂集团,2018-09-30,2018-10-31,224,https://static.cninfo.com.cn/finalpage/2018-10-31/1205560188.PDF
1207045606,000627.SZ,天茂集团,2019-09-30,2019-10-31,224,https://static.cninfo.com.cn/finalpage/2019-10-31/1207045606.PDF
1221572964,601229.SH,上海银行,2024-09-30,2024-10-31,224,https://static.cninfo.com.cn/finalpage/2024-10-31/1221572964.PDF
1221540163,002142.SZ,宁波银行,2024-09-30,2024-10-29,223,https://static.cninfo.com.cn/finalpage/2024-10-29/1221540163.PDF
1208596592,300059.SZ,东方财富,2020-09-30,2020-10-22,223,https://static.cninfo.com.cn/finalpage/2020-10-22/1208596592.PDF
1205556424,600919.SH,江苏银行,2018-09-30,2018-10-30,223,https://static.cninfo.com.cn/finalpage/2018-10-30/1205556424.PDF
1208650301,600919.SH,江苏银行,2020-09-30,2020-10-30,223,https://static.cninfo.com.cn/finalpage/2020-10-30/1208650301.PDF
1219922891,601398.SH,工商银行,2024-03-31,2024-04-30,223,https://static.cninfo.com.cn/finalpage/2024-04-30/1219922891.PDF
1207046982,002142.SZ,宁波银行,2019-09-30,2019-10-31,222,https://static.cninfo.com.cn/finalpage/2019-10-31/1207046982.PDF
1207036226,002673.SZ,西部证券,2019-09-30,2019-10-30,222,https://static.cninfo.com.cn/finalpage/2019-10-30/1207036226.PDF
1207035669,600919.SH,江苏银行,2019-09-30,2019-10-30,222,https://static.cninfo.com.cn/finalpage/2019-10-30/1207035669.PDF
1213270928,601398.SH,工商银行,2022-03-31,2022-04-30,222,https://static.cninfo.com.cn/finalpage/2022-04-30/1213270928.PDF
1216692661,601398.SH,工商银行,2023-03-31,2023-04-29,222,https://static.cninfo.com.cn/finalpage/2023-04-29/1216692661.PDF
1204085139,002797.SZ,第一创业,2017-09-30,2017-10-28,221,https://static.cninfo.com.cn/finalpage/2017-10-28/1204085139.PDF
1211435343,601169.SH,北京银行,2021-09-30,2021-10-30,221,https://static.cninfo.com.cn/finalpage/2021-10-30/1211435343.PDF
1221574063,601169.SH,北京银行,2024-09-30,2024-10-31,221,https://static.cninfo.com.cn/finalpage/2024-10-31/1221574063.PDF
1207668869,601398.SH,工商银行,2020-03-31,2020-04-29,220,https://static.cninfo.com.cn/finalpage/2020-04-29/1207668869.PDF
1209875654,601398.SH,工商银行,2021-03-31,2021-04-30,220,https://static.cninfo.com.cn/finalpage/2021-04-30/1209875654.PDF
1204070036,601555.SH,东吴证券,2017-09-30,2017-10-26,220,https://static.cninfo.com.cn/finalpage/2017-10-26/1204070036.PDF
1218201571,601169.SH,北京银行,2023-09-30,2023-10-31,219,https://static.cninfo.com.cn/finalpage/2023-10-31/1218201571.PDF
1207035277,601377.SH,兴业证券,2019-09-30,2019-10-30,219,https://static.cninfo.com.cn/finalpage/2019-10-30/1207035277.PDF
1221569784,601878.SH,浙商证券,2024-09-30,2024-10-31,219,https://static.cninfo.com.cn/finalpage/2024-10-31/1221569784.PDF
1205552701,002673.SZ,西部证券,2018-09-30,2018-10-30,218,https://static.cninfo.com.cn/finalpage/2018-10-30/1205552701.PDF
1211431076,601377.SH,兴业证券,2021-09-30,2021-10-30,218,https://static.cninfo.com.cn/finalpage/2021-10-30/1211431076.PDF
1208653202,002736.SZ,国信证券,2020-09-30,2020-10-30,217,https://static.cninfo.com.cn/finalpage/2020-10-30/1208653202.PDF
1221573335,600015.SH,华夏银行,2024-09-30,2024-10-31,217,https://static.cninfo.com.cn/finalpage/2024-10-31/1221573335.PDF
1208650793,600109.SH,国金证券,2020-09-30,2020-10-30,217,https://static.cninfo.com.cn/finalpage/2020-10-30/1208650793.PDF
1214961991,601169.SH,北京银行,2022-09-30,2022-10-29,217,https://static.cninfo.com.cn/finalpage/2022-10-29/1214961991.PDF
1205560330,601377.SH,兴业证券,2018-09-30,2018-10-31,217,https://static.cninfo.com.cn/finalpage/2018-10-31/1205560330.PDF
1208639103,002142.SZ,宁波银行,2020-09-30,2020-10-29,216,https://static.cninfo.com.cn/finalpage/2020-10-29/1208639103.PDF
1218203384,002142.SZ,宁波银行,2023-09-30,2023-10-31,216,https://static.cninfo.com.cn/finalpage/2023-10-31/1218203384.PDF
1208663534,601162.SH,天风证券,2020-09-30,2020-10-31,216,https://static.cninfo.com.cn/finalpage/2020-10-31/1208663534.PDF
1207038694,601166.SH,兴业银行,2019-09-30,2019-10-30,216,https://static.cninfo.com.cn/finalpage/2019-10-30/1207038694.PDF
1218204295,601878.SH,浙商证券,2023-09-30,2023-10-31,216,https://static.cninfo.com.cn/finalpage/2023-10-31/1218204295.PDF
1208664744,601901.SH,方正证券,2020-09-30,2020-10-31,216,https://static.cninfo.com.cn/finalpage/2020-10-31/1208664744.PDF
1221558939,000617.SZ,中油资本,2024-09-30,2024-10-30,215,https://static.cninfo.com.cn/finalpage/2024-10-30/1221558939.PDF
1205552714,002142.SZ,宁波银行,2018-09-30,2018-10-30,214,https://static.cninfo.com.cn/finalpage/2018-10-30/1205552714.PDF
1211418669,002142.SZ,宁波银行,2021-09-30,2021-10-29,214,https://static.cninfo.com.cn/finalpage/2021-10-29/1211418669.PDF
1214935763,002142.SZ,宁波银行,2022-09-30,2022-10-28,214,https://static.cninfo.com.cn/finalpage/2022-10-28/1214935763.PDF
1207039505,601577.SH,长沙银行,2019-09-30,2019-10-30,214,https://static.cninfo.com.cn/finalpage/2019-10-30/1207039505.PDF
1205562313,601901.SH,方正证券,2018-09-30,2018-10-31,214,https://static.cninfo.com.cn/finalpage/2018-10-31/1205562313.PDF
1208653173,000725.SZ,京东方Ａ,2020-09-30,2020-10-30,213,https://static.cninfo.com.cn/finalpage/2020-10-30/1208653173.PDF
1207038314,600000.SH,浦发银行,2019-09-30,2019-10-30,213,https://static.cninfo.com.cn/finalpage/2019-10-30/1207038314.PDF
1218192057,600000.SH,浦发银行,2023-09-30,2023-10-28,213,https://static.cninfo.com.cn/finalpage/2023-10-28/1218192057.PDF
1205562535,600369.SH,西南证券,2018-09-30,2018-10-31,213,https://static.cninfo.com.cn/finalpage/2018-10-31/1205562535.PDF
1204089270,600000.SH,浦发银行,2017-09-30,2017-10-28,212,https://static.cninfo.com.cn/finalpage/2017-10-28/1204089270.PDF
1208662745,600000.SH,浦发银行,2020-09-30,2020-10-31,212,https://static.cninfo.com.cn/finalpage/2020-10-31/1208662745.PDF
1214963310,601878.SH,浙商证券,2022-09-30,2022-10-29,212,https://static.cninfo.com.cn/finalpage/2022-10-29/1214963310.PDF
1205562592,600000.SH,浦发银行,2018-09-30,2018-10-31,211,https://static.cninfo.com.cn/finalpage/2018-10-31/1205562592.PDF
1208606981,601066.SH,中信建投,2020-09-30,2020-10-24,211,https://static.cninfo.com.cn/finalpage/2020-10-24/1208606981.PDF
1205553977,002736.SZ,国信证券,2018-09-30,2018-10-30,210,https://static.cninfo.com.cn/finalpage/2018-10-30/1205553977.PDF
1221570198,600958.SH,东方证券,2024-09-30,2024-10-31,210,https://static.cninfo.com.cn/finalpage/2024-10-31/1221570198.PDF
1221572506,601377.SH,兴业证券,2024-09-30,2024-10-31,210,https://static.cninfo.com.cn/finalpage/2024-10-31/1221572506.PDF
1209861041,601939.SH,建设银行,2021-03-31,2021-04-29,209,https://static.cninfo.com.cn/finalpage/2021-04-29/1209861041.PDF
1213271093,601939.SH,建设银行,2022-03-31,2022-04-30,209,https://static.cninfo.com.cn/finalpage/2022-04-30/1213271093.PDF
1205538948,601998.SH,中信银行,2018-09-30,2018-10-26,209,https://static.cninfo.com.cn/finalpage/2018-10-26/1205538948.PDF
1208648114,600061.SH,国投资本,2020-09-30,2020-10-30,208,https://static.cninfo.com.cn/finalpage/2020-10-30/1208648114.PDF
1207036154,600109.SH,国金证券,2019-09-30,2019-10-30,208,https://static.cninfo.com.cn/finalpage/2019-10-30/1207036154.PDF
1207036403,601066.SH,中信建投,2019-09-30,2019-10-30,208,https://static.cninfo.com.cn/finalpage/2019-10-30/1207036403.PDF
1208663592,601377.SH,兴业证券,2020-09-30,2020-10-31,208,https://static.cninfo.com.cn/finalpage/2020-10-31/1208663592.PDF
1211420057,601658.SH,邮储银行,2021-09-30,2021-10-29,208,https://static.cninfo.com.cn/finalpage/2021-10-29/1211420057.PDF
1214922637,601658.SH,邮储银行,2022-09-30,2022-10-27,208,https://static.cninfo.com.cn/finalpage/2022-10-27/1214922637.PDF
1211435841,000166.SZ,申万宏源,2021-09-30,2021-10-30,207,https://static.cninfo.com.cn/finalpage/2021-10-30/1211435841.PDF
1211421814,000776.SZ,广发证券,2021-09-30,2021-10-29,207,https://static.cninfo.com.cn/finalpage/2021-10-29/1211421814.PDF
1204095422,600909.SH,华安证券,2017-09-30,2017-10-31,207,https://static.cninfo.com.cn/finalpage/2017-10-31/1204095422.PDF
1211418951,600958.SH,东方证券,2021-09-30,2021-10-29,207,https://static.cninfo.com.cn/finalpage/2021-10-29/1211418951.PDF
1211419376,601066.SH,中信建投,2021-09-30,2021-10-29,207,https://static.cninfo.com.cn/finalpage/2021-10-29/1211419376.PDF
1214964502,601066.SH,中信建投,2022-09-30,2022-10-29,207,https://static.cninfo.com.cn/finalpage/2022-10-29/1214964502.PDF
1208625880,601236.SH,红塔证券,2020-09-30,2020-10-28,207,https://static.cninfo.com.cn/finalpage/2020-10-28/1208625880.PDF
1211419745,601236.SH,红塔证券,2021-09-30,2021-10-29,207,https://static.cninfo.com.cn/finalpage/2021-10-29/1211419745.PDF
1207021230,601288.SH,农业银行,2019-09-30,2019-10-26,207,https://static.cninfo.com.cn/finalpage/2019-10-26/1207021230.PDF
1211420908,601288.SH,农业银行,2021-09-30,2021-10-29,207,https://static.cninfo.com.cn/finalpage/2021-10-29/1211420908.PDF
1214966444,601288.SH,农业银行,2022-09-30,2022-10-29,207,https://static.cninfo.com.cn/finalpage/2022-10-29/1214966444.PDF
1204089363,601328.SH,交通银行,2017-09-30,2017-10-28,207,https://static.cninfo.com.cn/finalpage/2017-10-28/1204089363.PDF
1211438512,601398.SH,工商银行,2021-09-30,2021-10-30,207,https://static.cninfo.com.cn/finalpage/2021-10-30/1211438512.PDF
1211432570,601688.SH,华泰证券,2021-09-30,2021-10-30,207,https://static.cninfo.com.cn/finalpage/2021-10-30/1211432570.PDF
1211421592,601995.SH,中金公司,2021-09-30,2021-10-29,207,https://static.cninfo.com.cn/finalpage/2021-10-29/1211421592.PDF
1206991294,601998.SH,中信银行,2019-09-30,2019-10-18,207,https://static.cninfo.com.cn/finalpage/2019-10-18/1206991294.PDF
1211420015,600837.SH,海通证券,2021-09-30,2021-10-29,206,https://static.cninfo.com.cn/finalpage/2021-10-29/1211420015.PDF
1211423005,600918.SH,中泰证券,2021-09-30,2021-10-29,206,https://static.cninfo.com.cn/finalpage/2021-10-29/1211423005.PDF
1211434081,601211.SH,国泰君安,2021-09-30,2021-10-30,206,https://static.cninfo.com.cn/finalpage/2021-10-30/1211434081.PDF
1205547286,601328.SH,交通银行,2018-09-30,2018-10-27,206,https://static.cninfo.com.cn/finalpage/2018-10-27/1205547286.PDF
1214962356,601328.SH,交通银行,2022-09-30,2022-10-29,206,https://static.cninfo.com.cn/finalpage/2022-10-29/1214962356.PDF
1211421420,601336.SH,新华保险,2021-09-30,2021-10-29,206,https://static.cninfo.com.cn/finalpage/2021-10-29/1211421420.PDF
1214966502,601336.SH,新华保险,2022-09-30,2022-10-29,206,https://static.cninfo.com.cn/finalpage/2022-10-29/1214966502.PDF
1214961451,601398.SH,工商银行,2022-09-30,2022-10-29,206,https://static.cninfo.com.cn/finalpage/2022-10-29/1214961451.PDF
1214937612,601788.SH,光大证券,2022-09-30,2022-10-28,206,https://static.cninfo.com.cn/finalpage/2022-10-28/1214937612.PDF
1211433533,601881.SH,中国银河,2021-09-30,2021-10-30,206,https://static.cninfo.com.cn/finalpage/2021-10-30/1211433533.PDF
1204081724,601939.SH,建设银行,2017-09-30,2017-10-27,206,https://static.cninfo.com.cn/finalpage/2017-10-27/1204081724.PDF
1214969210,601939.SH,建设银行,2022-09-30,2022-10-29,206,https://static.cninfo.com.cn/finalpage/2022-10-29/1214969210.PDF
1216692778,601939.SH,建设银行,2023-03-31,2023-04-29,206,https://static.cninfo.com.cn/finalpage/2023-04-29/1216692778.PDF
1211434656,601988.SH,中国银行,2021-09-30,2021-10-30,206,https://static.cninfo.com.cn/finalpage/2021-10-30/1211434656.PDF
1208662564,000166.SZ,申万宏源,2020-09-30,2020-10-31,205,https://static.cninfo.com.cn/finalpage/2020-10-31/1208662564.PDF
1214965061,000166.SZ,申万宏源,2022-09-30,2022-10-29,205,https://static.cninfo.com.cn/finalpage/2022-10-29/1214965061.PDF
1218200138,000617.SZ,中油资本,2023-09-30,2023-10-31,205,https://static.cninfo.com.cn/finalpage/2023-10-31/1218200138.PDF
1214963358,000776.SZ,广发证券,2022-09-30,2022-10-29,205,https://static.cninfo.com.cn/finalpage/2022-10-29/1214963358.PDF
1211419143,600030.SH,中信证券,2021-09-30,2021-10-29,205,https://static.cninfo.com.cn/finalpage/2021-10-29/1211419143.PDF
1205553122,600109.SH,国金证券,2018-09-30,2018-10-30,205,https://static.cninfo.com.cn/finalpage/2018-10-30/1205553122.PDF
1208662816,600115.SH,东方航空,2020-09-30,2020-10-31,205,https://static.cninfo.com.cn/finalpage/2020-10-31/1208662816.PDF
1214966363,600837.SH,海通证券,2022-09-30,2022-10-29,205,https://static.cninfo.com.cn/finalpage/2022-10-29/1214966363.PDF
1214967409,600918.SH,中泰证券,2022-09-30,2022-10-29,205,https://static.cninfo.com.cn/finalpage/2022-10-29/1214967409.PDF
1208649138,600958.SH,东方证券,2020-09-30,2020-10-30,205,https://static.cninfo.com.cn/finalpage/2020-10-30/1208649138.PDF
1214960852,601166.SH,兴业银行,2022-09-30,2022-10-29,205,https://static.cninfo.com.cn/finalpage/2022-10-29/1214960852.PDF
1214963282,601236.SH,红塔证券,2022-09-30,2022-10-29,205,https://static.cninfo.com.cn/finalpage/2022-10-29/1214963282.PDF
1205561996,601288.SH,农业银行,2018-09-30,2018-10-31,205,https://static.cninfo.com.cn/finalpage/2018-10-31/1205561996.PDF
1208663570,601288.SH,农业银行,2020-09-30,2020-10-31,205,https://static.cninfo.com.cn/finalpage/2020-10-31/1208663570.PDF
1204097117,601377.SH,兴业证券,2017-09-30,2017-10-31,205,https://static.cninfo.com.cn/finalpage/2017-10-31/1204097117.PDF
1214937073,601628.SH,中国人寿,2022-09-30,2022-10-28,205,https://static.cninfo.com.cn/finalpage/2022-10-28/1214937073.PDF
1214963301,601688.SH,华泰证券,2022-09-30,2022-10-29,205,https://static.cninfo.com.cn/finalpage/2022-10-29/1214963301.PDF
1211438108,601939.SH,建设银行,2021-09-30,2021-10-30,205,https://static.cninfo.com.cn/finalpage/2021-10-30/1211438108.PDF
1214966535,601988.SH,中国银行,2022-09-30,2022-10-29,205,https://static.cninfo.com.cn/finalpage/2022-10-29/1214966535.PDF
1214967424,601995.SH,中金公司,2022-09-30,2022-10-29,205,https://static.cninfo.com.cn/finalpage/2022-10-29/1214967424.PDF
1208661921,000776.SZ,广发证券,2020-09-30,2020-10-31,204,https://static.cninfo.com.cn/finalpage/2020-10-31/1208661921.PDF
1204078951,002142.SZ,宁波银行,2017-09-30,2017-10-27,204,https://static.cninfo.com.cn/finalpage/2017-10-27/1204078951.PDF
1205520546,300059.SZ,东方财富,2018-09-30,2018-10-23,204,https://static.cninfo.com.cn/finalpage/2018-10-23/1205520546.PDF
1208662754,600016.SH,民生银行,2020-09-30,2020-10-31,204,https://static.cninfo.com.cn/finalpage/2020-10-31/1208662754.PDF
1205556131,600705.SH,中航资本,2018-09-30,2018-10-30,204,https://static.cninfo.com.cn/finalpage/2018-10-30/1205556131.PDF
1208651621,600837.SH,海通证券,2020-09-30,2020-10-30,204,https://static.cninfo.com.cn/finalpage/2020-10-30/1208651621.PDF
1204088710,600958.SH,东方证券,2017-09-30,2017-10-28,204,https://static.cninfo.com.cn/finalpage/2017-10-28/1204088710.PDF
1214964452,600958.SH,东方证券,2022-09-30,2022-10-29,204,https://static.cninfo.com.cn/finalpage/2022-10-29/1214964452.PDF
1214966436,601211.SH,国泰君安,2022-09-30,2022-10-29,204,https://static.cninfo.com.cn/finalpage/2022-10-29/1214966436.PDF
1221433608,601318.SH,中国平安,2024-09-30,2024-10-19,204,https://static.cninfo.com.cn/finalpage/2024-10-19/1221433608.PDF
1208654020,601658.SH,邮储银行,2020-09-30,2020-10-30,204,https://static.cninfo.com.cn/finalpage/2020-10-30/1208654020.PDF
1211402294,601878.SH,浙商证券,2021-09-30,2021-10-28,204,https://static.cninfo.com.cn/finalpage/2021-10-28/1211402294.PDF
1208663670,601881.SH,中国银河,2020-09-30,2020-10-31,204,https://static.cninfo.com.cn/finalpage/2020-10-31/1208663670.PDF
1214937396,601881.SH,中国银河,2022-09-30,2022-10-28,204,https://static.cninfo.com.cn/finalpage/2022-10-28/1214937396.PDF
1208651669,601916.SH,浙商银行,2020-09-30,2020-10-30,204,https://static.cninfo.com.cn/finalpage/2020-10-30/1208651669.PDF
1205526154,601939.SH,建设银行,2018-09-30,2018-10-24,204,https://static.cninfo.com.cn/finalpage/2018-10-24/1205526154.PDF
1208663699,601988.SH,中国银行,2020-09-30,2020-10-31,204,https://static.cninfo.com.cn/finalpage/2020-10-31/1208663699.PDF
1204065048,601998.SH,中信银行,2017-09-30,2017-10-25,204,https://static.cninfo.com.cn/finalpage/2017-10-25/1204065048.PDF
1204091229,603993.SH,洛阳钼业,2017-09-30,2017-10-30,204,https://static.cninfo.com.cn/finalpage/2017-10-30/1204091229.PDF
1203382458,000627.SZ,天茂集团,2017-03-31,2017-04-26,203,https://static.cninfo.com.cn/finalpage/2017-04-26/1203382458.PDF
1207030387,000728.SZ,国元证券,2019-09-30,2019-10-29,203,https://static.cninfo.com.cn/finalpage/2019-10-29/1207030387.PDF
1207048354,600016.SH,民生银行,2019-09-30,2019-10-31,203,https://static.cninfo.com.cn/finalpage/2019-10-31/1207048354.PDF
1211437425,600016.SH,民生银行,2021-09-30,2021-10-30,203,https://static.cninfo.com.cn/finalpage/2021-10-30/1211437425.PDF
1214967359,600030.SH,中信证券,2022-09-30,2022-10-29,203,https://static.cninfo.com.cn/finalpage/2022-10-29/1214967359.PDF
1207046360,600061.SH,国投资本,2019-09-30,2019-10-31,203,https://static.cninfo.com.cn/finalpage/2019-10-31/1207046360.PDF
1211400400,600061.SH,国投资本,2021-09-30,2021-10-28,203,https://static.cninfo.com.cn/finalpage/2021-10-28/1211400400.PDF
1204090807,600109.SH,国金证券,2017-09-30,2017-10-30,203,https://static.cninfo.com.cn/finalpage/2017-10-30/1204090807.PDF
1204088714,600999.SH,招商证券,2017-09-30,2017-10-28,203,https://static.cninfo.com.cn/finalpage/2017-10-28/1204088714.PDF
1218167349,600999.SH,招商证券,2023-09-30,2023-10-27,203,https://static.cninfo.com.cn/finalpage/2023-10-27/1218167349.PDF
1211421577,601166.SH,兴业银行,2021-09-30,2021-10-29,203,https://static.cninfo.com.cn/finalpage/2021-10-29/1211421577.PDF
1208635751,601211.SH,国泰君安,2020-09-30,2020-10-29,203,https://static.cninfo.com.cn/finalpage/2020-10-29/1208635751.PDF
1211436039,601328.SH,交通银行,2021-09-30,2021-10-30,203,https://static.cninfo.com.cn/finalpage/2021-10-30/1211436039.PDF
1205562743,601398.SH,工商银行,2018-09-30,2018-10-31,203,https://static.cninfo.com.cn/finalpage/2018-10-31/1205562743.PDF
1204089069,601601.SH,中国太保,2017-09-30,2017-10-28,203,https://static.cninfo.com.cn/finalpage/2017-10-28/1204089069.PDF
1214968527,601601.SH,中国太保,2022-09-30,2022-10-29,203,https://static.cninfo.com.cn/finalpage/2022-10-29/1214968527.PDF
1211419379,601788.SH,光大证券,2021-09-30,2021-10-29,203,https://static.cninfo.com.cn/finalpage/2021-10-29/1211419379.PDF
1204098662,601988.SH,中国银行,2017-09-30,2017-10-31,203,https://static.cninfo.com.cn/finalpage/2017-10-31/1204098662.PDF
1204098538,600016.SH,民生银行,2017-09-30,2017-10-31,202,https://static.cninfo.com.cn/finalpage/2017-10-31/1204098538.PDF
1214966958,600016.SH,民生银行,2022-09-30,2022-10-29,202,https://static.cninfo.com.cn/finalpage/2022-10-29/1214966958.PDF
1214961856,600061.SH,国投资本,2022-09-30,2022-10-29,202,https://static.cninfo.com.cn/finalpage/2022-10-29/1214961856.PDF
1218185397,600061.SH,国投资本,2023-09-30,2023-10-28,202,https://static.cninfo.com.cn/finalpage/2023-10-28/1218185397.PDF
1204097816,600369.SH,西南证券,2017-09-30,2017-10-31,202,https://static.cninfo.com.cn/finalpage/2017-10-31/1204097816.PDF
1207047379,600705.SH,中航资本,2019-09-30,2019-10-31,202,https://static.cninfo.com.cn/finalpage/2019-10-31/1207047379.PDF
1204088958,600837.SH,海通证券,2017-09-30,2017-10-28,202,https://static.cninfo.com.cn/finalpage/2017-10-28/1204088958.PDF
1208651435,600999.SH,招商证券,2020-09-30,2020-10-30,202,https://static.cninfo.com.cn/finalpage/2020-10-30/1208651435.PDF
1211371558,600999.SH,招商证券,2021-09-30,2021-10-26,202,https://static.cninfo.com.cn/finalpage/2021-10-26/1211371558.PDF
1214964494,600999.SH,招商证券,2022-09-30,2022-10-29,202,https://static.cninfo.com.cn/finalpage/2022-10-29/1214964494.PDF
1218167354,601066.SH,中信建投,2023-09-30,2023-10-27,202,https://static.cninfo.com.cn/finalpage/2023-10-27/1218167354.PDF
1218189132,601288.SH,农业银行,2023-09-30,2023-10-28,202,https://static.cninfo.com.cn/finalpage/2023-10-28/1218189132.PDF
1218137429,601318.SH,中国平安,2023-09-30,2023-10-25,202,https://static.cninfo.com.cn/finalpage/2023-10-25/1218137429.PDF
1207021225,601328.SH,交通银行,2019-09-30,2019-10-26,202,https://static.cninfo.com.cn/finalpage/2019-10-26/1207021225.PDF
1208626376,601336.SH,新华保险,2020-09-30,2020-10-28,202,https://static.cninfo.com.cn/finalpage/2020-10-28/1208626376.PDF
1207021641,601398.SH,工商银行,2019-09-30,2019-10-26,202,https://static.cninfo.com.cn/finalpage/2019-10-26/1207021641.PDF
1208665557,601398.SH,工商银行,2020-09-30,2020-10-31,202,https://static.cninfo.com.cn/finalpage/2020-10-31/1208665557.PDF
1211419194,601628.SH,中国人寿,2021-09-30,2021-10-29,202,https://static.cninfo.com.cn/finalpage/2021-10-29/1211419194.PDF
1218186570,601658.SH,邮储银行,2023-09-30,2023-10-28,202,https://static.cninfo.com.cn/finalpage/2023-10-28/1218186570.PDF
1205562739,601688.SH,华泰证券,2018-09-30,2018-10-31,202,https://static.cninfo.com.cn/finalpage/2018-10-31/1205562739.PDF
1207030312,601881.SH,中国银河,2019-09-30,2019-10-29,202,https://static.cninfo.com.cn/finalpage/2019-10-29/1207030312.PDF
1204098803,601901.SH,方正证券,2017-09-30,2017-10-31,202,https://static.cninfo.com.cn/finalpage/2017-10-31/1204098803.PDF
1218166436,601939.SH,建设银行,2023-09-30,2023-10-27,202,https://static.cninfo.com.cn/finalpage/2023-10-27/1218166436.PDF
1205555546,603993.SH,洛阳钼业,2018-09-30,2018-10-30,202,https://static.cninfo.com.cn/finalpage/2018-10-30/1205555546.PDF
1207047682,000166.SZ,申万宏源,2019-09-30,2019-10-31,201,https://static.cninfo.com.cn/finalpage/2019-10-31/1207047682.PDF
1205546479,000776.SZ,广发证券,2018-09-30,2018-10-27,201,https://static.cninfo.com.cn/finalpage/2018-10-27/1205546479.PDF
1207037154,000776.SZ,广发证券,2019-09-30,2019-10-30,201,https://static.cninfo.com.cn/finalpage/2019-10-30/1207037154.PDF
1205562947,600016.SH,民生银行,2018-09-30,2018-10-31,201,https://static.cninfo.com.cn/finalpage/2018-10-31/1205562947.PDF
1221555199,600030.SH,中信证券,2024-09-30,2024-10-30,201,https://static.cninfo.com.cn/finalpage/2024-10-30/1221555199.PDF
1221568394,600061.SH,国投资本,2024-09-30,2024-10-31,201,https://static.cninfo.com.cn/finalpage/2024-10-31/1221568394.PDF
1207046889,600837.SH,海通证券,2019-09-30,2019-10-31,201,https://static.cninfo.com.cn/finalpage/2019-10-31/1207046889.PDF
1207048440,600958.SH,东方证券,2019-09-30,2019-10-31,201,https://static.cninfo.com.cn/finalpage/2019-10-31/1207048440.PDF
1205554155,600999.SH,招商证券,2018-09-30,2018-10-30,201,https://static.cninfo.com.cn/finalpage/2018-10-30/1205554155.PDF
1208651183,601166.SH,兴业银行,2020-09-30,2020-10-30,201,https://static.cninfo.com.cn/finalpage/2020-10-30/1208651183.PDF
1218190963,601336.SH,新华保险,2023-09-30,2023-10-28,201,https://static.cninfo.com.cn/finalpage/2023-10-28/1218190963.PDF
1218189147,601398.SH,工商银行,2023-09-30,2023-10-28,201,https://static.cninfo.com.cn/finalpage/2023-10-28/1218189147.PDF
1218190978,601601.SH,中国太保,2023-09-30,2023-10-28,201,https://static.cninfo.com.cn/finalpage/2023-10-28/1218190978.PDF
1204079934,601628.SH,中国人寿,2017-09-30,2017-10-27,201,https://static.cninfo.com.cn/finalpage/2017-10-27/1204079934.PDF
1205537793,601628.SH,中国人寿,2018-09-30,2018-10-26,201,https://static.cninfo.com.cn/finalpage/2018-10-26/1205537793.PDF
1204097671,601688.SH,华泰证券,2017-09-30,2017-10-31,201,https://static.cninfo.com.cn/finalpage/2017-10-31/1204097671.PDF
1204081169,601788.SH,光大证券,2017-09-30,2017-10-27,201,https://static.cninfo.com.cn/finalpage/2017-10-27/1204081169.PDF
1205555316,601788.SH,光大证券,2018-09-30,2018-10-30,201,https://static.cninfo.com.cn/finalpage/2018-10-30/1205555316.PDF
1207030667,601788.SH,光大证券,2019-09-30,2019-10-29,201,https://static.cninfo.com.cn/finalpage/2019-10-29/1207030667.PDF
1218170524,601788.SH,光大证券,2023-09-30,2023-10-27,201,https://static.cninfo.com.cn/finalpage/2023-10-27/1218170524.PDF
1204098742,601818.SH,光大银行,2017-09-30,2017-10-31,201,https://static.cninfo.com.cn/finalpage/2017-10-31/1204098742.PDF
1208652868,601939.SH,建设银行,2020-09-30,2020-10-30,201,https://static.cninfo.com.cn/finalpage/2020-10-30/1208652868.PDF
1207048687,601988.SH,中国银行,2019-09-30,2019-10-31,201,https://static.cninfo.com.cn/finalpage/2019-10-31/1207048687.PDF
1218201241,000166.SZ,申万宏源,2023-09-30,2023-10-31,200,https://static.cninfo.com.cn/finalpage/2023-10-31/1218201241.PDF
1204088313,000776.SZ,广发证券,2017-09-30,2017-10-28,200,https://static.cninfo.com.cn/finalpage/2017-10-28/1204088313.PDF
1218200132,000776.SZ,广发证券,2023-09-30,2023-10-31,200,https://static.cninfo.com.cn/finalpage/2023-10-31/1218200132.PDF
1207030567,002736.SZ,国信证券,2019-09-30,2019-10-29,200,https://static.cninfo.com.cn/finalpage/2019-10-29/1207030567.PDF
1211287956,300059.SZ,东方财富,2021-09-30,2021-10-16,200,https://static.cninfo.com.cn/finalpage/2021-10-16/1211287956.PDF
1218206418,600016.SH,民生银行,2023-09-30,2023-10-31,200,https://static.cninfo.com.cn/finalpage/2023-10-31/1218206418.PDF
1204809034,600837.SH,海通证券,2018-03-31,2018-04-27,200,https://static.cninfo.com.cn/finalpage/2018-04-27/1204809034.PDF
1218205905,601166.SH,兴业银行,2023-09-30,2023-10-31,200,https://static.cninfo.com.cn/finalpage/2023-10-31/1218205905.PDF
1218200413,601211.SH,国泰君安,2023-09-30,2023-10-31,200,https://static.cninfo.com.cn/finalpage/2023-10-31/1218200413.PDF
1218205908,601236.SH,红塔证券,2023-09-30,2023-10-31,200,https://static.cninfo.com.cn/finalpage/2023-10-31/1218205908.PDF
1204098258,601398.SH,工商银行,2017-09-30,2017-10-31,200,https://static.cninfo.com.cn/finalpage/2017-10-31/1204098258.PDF
1208664990,601601.SH,中国太保,2020-09-30,2020-10-31,200,https://static.cninfo.com.cn/finalpage/2020-10-31/1208664990.PDF
1211437303,601601.SH,中国太保,2021-09-30,2021-10-30,200,https://static.cninfo.com.cn/finalpage/2021-10-30/1211437303.PDF
1218167379,601628.SH,中国人寿,2023-09-30,2023-10-27,200,https://static.cninfo.com.cn/finalpage/2023-10-27/1218167379.PDF
1208663624,601688.SH,华泰证券,2020-09-30,2020-10-31,200,https://static.cninfo.com.cn/finalpage/2020-10-31/1208663624.PDF
1218204069,601688.SH,华泰证券,2023-09-30,2023-10-31,200,https://static.cninfo.com.cn/finalpage/2023-10-31/1218204069.PDF
1204096921,601881.SH,中国银河,2017-09-30,2017-10-31,200,https://static.cninfo.com.cn/finalpage/2017-10-31/1204096921.PDF
1205561701,601881.SH,中国银河,2018-09-30,2018-10-31,200,https://static.cninfo.com.cn/finalpage/2018-10-31/1205561701.PDF
1218202050,601881.SH,中国银河,2023-09-30,2023-10-31,200,https://static.cninfo.com.cn/finalpage/2023-10-31/1218202050.PDF
1205556771,601988.SH,中国银行,2018-09-30,2018-10-30,200,https://static.cninfo.com.cn/finalpage/2018-10-30/1205556771.PDF
1218202078,601995.SH,中金公司,2023-09-30,2023-10-31,200,https://static.cninfo.com.cn/finalpage/2023-10-31/1218202078.PDF
1204087210,000728.SZ,国元证券,2017-09-30,2017-10-28,199,https://static.cninfo.com.cn/finalpage/2017-10-28/1204087210.PDF
1205562443,000728.SZ,国元证券,2018-09-30,2018-10-31,199,https://static.cninfo.com.cn/finalpage/2018-10-31/1205562443.PDF
1214960794,600036.SH,招商银行,2022-09-30,2022-10-29,199,https://static.cninfo.com.cn/finalpage/2022-10-29/1214960794.PDF
1205560527,600061.SH,国投资本,2018-09-30,2018-10-31,199,https://static.cninfo.com.cn/finalpage/2018-10-31/1205560527.PDF
1204098475,600390.SH,五矿资本,2017-09-30,2017-10-31,199,https://static.cninfo.com.cn/finalpage/2017-10-31/1204098475.PDF
1205555325,600837.SH,海通证券,2018-09-30,2018-10-30,199,https://static.cninfo.com.cn/finalpage/2018-10-30/1205555325.PDF
1205562033,600958.SH,东方证券,2018-09-30,2018-10-31,199,https://static.cninfo.com.cn/finalpage/2018-10-31/1205562033.PDF
1218203944,600958.SH,东方证券,2023-09-30,2023-10-31,199,https://static.cninfo.com.cn/finalpage/2023-10-31/1218203944.PDF
1207036096,600999.SH,招商证券,2019-09-30,2019-10-30,199,https://static.cninfo.com.cn/finalpage/2019-10-30/1207036096.PDF
1204098248,601212.SH,白银有色,2017-09-30,2017-10-31,199,https://static.cninfo.com.cn/finalpage/2017-10-31/1204098248.PDF
1204098574,601288.SH,农业银行,2017-09-30,2017-10-31,199,https://static.cninfo.com.cn/finalpage/2017-10-31/1204098574.PDF
1218205910,601319.SH,中国人保,2023-09-30,2023-10-31,199,https://static.cninfo.com.cn/finalpage/2023-10-31/1218205910.PDF
1214936175,601615.SH,明阳智能,2022-09-30,2022-10-28,199,https://static.cninfo.com.cn/finalpage/2022-10-28/1214936175.PDF
1207036392,601628.SH,中国人寿,2019-09-30,2019-10-30,199,https://static.cninfo.com.cn/finalpage/2019-10-30/1207036392.PDF
1208636081,601628.SH,中国人寿,2020-09-30,2020-10-29,199,https://static.cninfo.com.cn/finalpage/2020-10-29/1208636081.PDF
1207036384,601688.SH,华泰证券,2019-09-30,2019-10-30,199,https://static.cninfo.com.cn/finalpage/2019-10-30/1207036384.PDF
1208638808,601788.SH,光大证券,2020-09-30,2020-10-29,199,https://static.cninfo.com.cn/finalpage/2020-10-29/1208638808.PDF
1205562733,601818.SH,光大银行,2018-09-30,2018-10-31,199,https://static.cninfo.com.cn/finalpage/2018-10-31/1205562733.PDF
1214961460,601818.SH,光大银行,2022-09-30,2022-10-29,199,https://static.cninfo.com.cn/finalpage/2022-10-29/1214961460.PDF
1218202027,601818.SH,光大银行,2023-09-30,2023-10-31,199,https://static.cninfo.com.cn/finalpage/2023-10-31/1218202027.PDF
1221553659,601901.SH,方正证券,2024-09-30,2024-10-30,199,https://static.cninfo.com.cn/finalpage/2024-10-30/1221553659.PDF
1221557473,601916.SH,浙商银行,2024-09-30,2024-10-30,199,https://static.cninfo.com.cn/finalpage/2024-10-30/1221557473.PDF
1207048695,601939.SH,建设银行,2019-09-30,2019-10-31,199,https://static.cninfo.com.cn/finalpage/2019-10-31/1207048695.PDF
1218204317,601988.SH,中国银行,2023-09-30,2023-10-31,199,https://static.cninfo.com.cn/finalpage/2023-10-31/1218204317.PDF
1221570624,601988.SH,中国银行,2024-09-30,2024-10-31,199,https://static.cninfo.com.cn/finalpage/2024-10-31/1221570624.PDF
1221575099,601995.SH,中金公司,2024-09-30,2024-10-31,199,https://static.cninfo.com.cn/finalpage/2024-10-31/1221575099.PDF
1221576718,000776.SZ,广发证券,2024-09-30,2024-10-31,198,https://static.cninfo.com.cn/finalpage/2024-10-31/1221576718.PDF
1207027995,002958.SZ,青农商行,2019-09-30,2019-10-29,198,https://static.cninfo.com.cn/finalpage/2019-10-29/1207027995.PDF
1221570540,600000.SH,浦发银行,2024-09-30,2024-10-31,198,https://static.cninfo.com.cn/finalpage/2024-10-31/1221570540.PDF
1221576597,600016.SH,民生银行,2024-09-30,2024-10-31,198,https://static.cninfo.com.cn/finalpage/2024-10-31/1221576597.PDF
1218200302,600030.SH,中信证券,2023-09-30,2023-10-31,198,https://static.cninfo.com.cn/finalpage/2023-10-31/1218200302.PDF
1211361859,600036.SH,招商银行,2021-09-30,2021-10-23,198,https://static.cninfo.com.cn/finalpage/2021-10-23/1211361859.PDF
1218188128,600036.SH,招商银行,2023-09-30,2023-10-28,198,https://static.cninfo.com.cn/finalpage/2023-10-28/1218188128.PDF
1221569504,601059.SH,信达证券,2024-09-30,2024-10-31,198,https://static.cninfo.com.cn/finalpage/2024-10-31/1221569504.PDF
1221575451,601288.SH,农业银行,2024-09-30,2024-10-31,198,https://static.cninfo.com.cn/finalpage/2024-10-31/1221575451.PDF
1207036856,601319.SH,中国人保,2019-09-30,2019-10-30,198,https://static.cninfo.com.cn/finalpage/2019-10-30/1207036856.PDF
1211422591,601319.SH,中国人保,2021-09-30,2021-10-29,198,https://static.cninfo.com.cn/finalpage/2021-10-29/1211422591.PDF
1214942875,601319.SH,中国人保,2022-09-30,2022-10-28,198,https://static.cninfo.com.cn/finalpage/2022-10-28/1214942875.PDF
1208664966,601328.SH,交通银行,2020-09-30,2020-10-31,198,https://static.cninfo.com.cn/finalpage/2020-10-31/1208664966.PDF
1207048790,601336.SH,新华保险,2019-09-30,2019-10-31,198,https://static.cninfo.com.cn/finalpage/2019-10-31/1207048790.PDF
1221575092,601688.SH,华泰证券,2024-09-30,2024-10-31,198,https://static.cninfo.com.cn/finalpage/2024-10-31/1221575092.PDF
1207047349,601818.SH,光大银行,2019-09-30,2019-10-31,198,https://static.cninfo.com.cn/finalpage/2019-10-31/1207047349.PDF
1208665002,601818.SH,光大银行,2020-09-30,2020-10-31,198,https://static.cninfo.com.cn/finalpage/2020-10-31/1208665002.PDF
1211422960,601818.SH,光大银行,2021-09-30,2021-10-29,198,https://static.cninfo.com.cn/finalpage/2021-10-29/1211422960.PDF
1221572530,601818.SH,光大银行,2024-09-30,2024-10-31,198,https://static.cninfo.com.cn/finalpage/2024-10-31/1221572530.PDF
1221570207,601881.SH,中国银河,2024-09-30,2024-10-31,198,https://static.cninfo.com.cn/finalpage/2024-10-31/1221570207.PDF
1206105655,601998.SH,中信银行,2019-03-31,2019-04-26,198,https://static.cninfo.com.cn/finalpage/2019-04-26/1206105655.PDF
1208651246,601998.SH,中信银行,2020-09-30,2020-10-30,198,https://static.cninfo.com.cn/finalpage/2020-10-30/1208651246.PDF
1211421211,601998.SH,中信银行,2021-09-30,2021-10-29,198,https://static.cninfo.com.cn/finalpage/2021-10-29/1211421211.PDF
1204086027,000166.SZ,申万宏源,2017-09-30,2017-10-28,197,https://static.cninfo.com.cn/finalpage/2017-10-28/1204086027.PDF
1221557826,600999.SH,招商证券,2024-09-30,2024-10-30,197,https://static.cninfo.com.cn/finalpage/2024-10-30/1221557826.PDF
1207047372,601211.SH,国泰君安,2019-09-30,2019-10-31,197,https://static.cninfo.com.cn/finalpage/2019-10-31/1207047372.PDF
1208638786,601319.SH,中国人保,2020-09-30,2020-10-29,197,https://static.cninfo.com.cn/finalpage/2020-10-29/1208638786.PDF
1221557471,601319.SH,中国人保,2024-09-30,2024-10-30,197,https://static.cninfo.com.cn/finalpage/2024-10-30/1221557471.PDF
1214942890,601998.SH,中信银行,2022-09-30,2022-10-28,197,https://static.cninfo.com.cn/finalpage/2022-10-28/1214942890.PDF
1221573934,000166.SZ,申万宏源,2024-09-30,2024-10-31,196,https://static.cninfo.com.cn/finalpage/2024-10-31/1221573934.PDF
1221556764,600036.SH,招商银行,2024-09-30,2024-10-30,196,https://static.cninfo.com.cn/finalpage/2024-10-30/1221556764.PDF
1204033790,600816.SH,安信信托,2017-09-30,2017-10-13,196,https://static.cninfo.com.cn/finalpage/2017-10-13/1204033790.PDF
1206102640,600837.SH,海通证券,2019-03-31,2019-04-26,196,https://static.cninfo.com.cn/finalpage/2019-04-26/1206102640.PDF
1221572007,601066.SH,中信建投,2024-09-30,2024-10-31,196,https://static.cninfo.com.cn/finalpage/2024-10-31/1221572007.PDF
1221575449,601166.SH,兴业银行,2024-09-30,2024-10-31,196,https://static.cninfo.com.cn/finalpage/2024-10-31/1221575449.PDF
1204097966,601211.SH,国泰君安,2017-09-30,2017-10-31,196,https://static.cninfo.com.cn/finalpage/2017-10-31/1204097966.PDF
1221575087,601211.SH,国泰君安,2024-09-30,2024-10-31,196,https://static.cninfo.com.cn/finalpage/2024-10-31/1221575087.PDF
1221568464,601236.SH,红塔证券,2024-09-30,2024-10-31,196,https://static.cninfo.com.cn/finalpage/2024-10-31/1221568464.PDF
1211338408,601318.SH,中国平安,2021-09-30,2021-10-21,196,https://static.cninfo.com.cn/finalpage/2021-10-21/1211338408.PDF
1214884402,601318.SH,中国平安,2022-09-30,2022-10-25,196,https://static.cninfo.com.cn/finalpage/2022-10-25/1214884402.PDF
1218186532,601328.SH,交通银行,2023-09-30,2023-10-28,196,https://static.cninfo.com.cn/finalpage/2023-10-28/1218186532.PDF
1221572504,601336.SH,新华保险,2024-09-30,2024-10-31,196,https://static.cninfo.com.cn/finalpage/2024-10-31/1221572504.PDF
1221575862,601398.SH,工商银行,2024-09-30,2024-10-31,196,https://static.cninfo.com.cn/finalpage/2024-10-31/1221575862.PDF
1221576922,601658.SH,邮储银行,2024-09-30,2024-10-31,196,https://static.cninfo.com.cn/finalpage/2024-10-31/1221576922.PDF
1221574077,601788.SH,光大证券,2024-09-30,2024-10-31,196,https://static.cninfo.com.cn/finalpage/2024-10-31/1221574077.PDF
1218168880,601901.SH,方正证券,2023-09-30,2023-10-27,196,https://static.cninfo.com.cn/finalpage/2023-10-27/1218168880.PDF
1221572028,601939.SH,建设银行,2024-09-30,2024-10-31,196,https://static.cninfo.com.cn/finalpage/2024-10-31/1221572028.PDF
1208663709,601990.SH,南京证券,2020-09-30,2020-10-31,196,https://static.cninfo.com.cn/finalpage/2020-10-31/1208663709.PDF
1218170030,601998.SH,中信银行,2023-09-30,2023-10-27,196,https://static.cninfo.com.cn/finalpage/2023-10-27/1218170030.PDF
1221432574,000001.SZ,平安银行,2024-09-30,2024-10-19,195,https://static.cninfo.com.cn/finalpage/2024-10-19/1221432574.PDF
1208649669,600030.SH,中信证券,2020-09-30,2020-10-30,195,https://static.cninfo.com.cn/finalpage/2020-10-30/1208649669.PDF
1218205892,600918.SH,中泰证券,2023-09-30,2023-10-31,195,https://static.cninfo.com.cn/finalpage/2023-10-31/1218205892.PDF
1204057544,601318.SH,中国平安,2017-09-30,2017-10-21,195,https://static.cninfo.com.cn/finalpage/2017-10-21/1204057544.PDF
1205547285,601336.SH,新华保险,2018-09-30,2018-10-27,195,https://static.cninfo.com.cn/finalpage/2018-10-27/1205547285.PDF
1206169529,601398.SH,工商银行,2019-03-31,2019-04-30,195,https://static.cninfo.com.cn/finalpage/2019-04-30/1206169529.PDF
1207048760,601601.SH,中国太保,2019-09-30,2019-10-31,195,https://static.cninfo.com.cn/finalpage/2019-10-31/1207048760.PDF
1221572524,601601.SH,中国太保,2024-09-30,2024-10-31,195,https://static.cninfo.com.cn/finalpage/2024-10-31/1221572524.PDF
1204089278,600036.SH,招商银行,2017-09-30,2017-10-28,194,https://static.cninfo.com.cn/finalpage/2017-10-28/1204089278.PDF
1204088870,601336.SH,新华保险,2017-09-30,2017-10-28,194,https://static.cninfo.com.cn/finalpage/2017-10-28/1204088870.PDF
1205546262,601601.SH,中国太保,2018-09-30,2018-10-27,194,https://static.cninfo.com.cn/finalpage/2018-10-27/1205546262.PDF
1221577046,601628.SH,中国人寿,2024-09-30,2024-10-31,194,https://static.cninfo.com.cn/finalpage/2024-10-31/1221577046.PDF
1208635763,601878.SH,浙商证券,2020-09-30,2020-10-29,194,https://static.cninfo.com.cn/finalpage/2020-10-29/1208635763.PDF
1207589262,601998.SH,中信银行,2020-03-31,2020-04-24,194,https://static.cninfo.com.cn/finalpage/2020-04-24/1207589262.PDF
1218135621,000001.SZ,平安银行,2023-09-30,2023-10-25,193,https://static.cninfo.com.cn/finalpage/2023-10-25/1218135621.PDF
1208662780,600036.SH,招商银行,2020-09-30,2020-10-31,193,https://static.cninfo.com.cn/finalpage/2020-10-31/1208662780.PDF
1221572947,600918.SH,中泰证券,2024-09-30,2024-10-31,193,https://static.cninfo.com.cn/finalpage/2024-10-31/1221572947.PDF
1204098718,600030.SH,中信证券,2017-09-30,2017-10-31,192,https://static.cninfo.com.cn/finalpage/2017-10-31/1204098718.PDF
1204048908,600705.SH,中航资本,2017-09-30,2017-10-18,191,https://static.cninfo.com.cn/finalpage/2017-10-18/1204048908.PDF
1205561704,601211.SH,国泰君安,2018-09-30,2018-10-31,191,https://static.cninfo.com.cn/finalpage/2018-10-31/1205561704.PDF
1221576620,601328.SH,交通银行,2024-09-30,2024-10-31,191,https://static.cninfo.com.cn/finalpage/2024-10-31/1221576620.PDF
1221523945,300059.SZ,东方财富,2024-09-30,2024-10-26,190,https://static.cninfo.com.cn/finalpage/2024-10-26/1221523945.PDF
1207688281,600016.SH,民生银行,2020-03-31,2020-04-30,190,https://static.cninfo.com.cn/finalpage/2020-04-30/1207688281.PDF
1209872921,600016.SH,民生银行,2021-03-31,2021-04-30,190,https://static.cninfo.com.cn/finalpage/2021-04-30/1209872921.PDF
1221577024,601998.SH,中信银行,2024-09-30,2024-10-31,190,https://static.cninfo.com.cn/finalpage/2024-10-31/1221577024.PDF
1202773417,002310.SZ,东方园林,2016-09-30,2016-10-21,189,https://static.cninfo.com.cn/finalpage/2016-10-21/1202773417.PDF
1214900897,300059.SZ,东方财富,2022-09-30,2022-10-26,189,https://static.cninfo.com.cn/finalpage/2022-10-26/1214900897.PDF
1205561589,600030.SH,中信证券,2018-09-30,2018-10-31,189,https://static.cninfo.com.cn/finalpage/2018-10-31/1205561589.PDF
1205562814,600036.SH,招商银行,2018-09-30,2018-10-31,189,https://static.cninfo.com.cn/finalpage/2018-10-31/1205562814.PDF
1207028483,601878.SH,浙商证券,2019-09-30,2019-10-29,189,https://static.cninfo.com.cn/finalpage/2019-10-29/1207028483.PDF
1207046362,600030.SH,中信证券,2019-09-30,2019-10-31,188,https://static.cninfo.com.cn/finalpage/2019-10-31/1207046362.PDF
1207047652,600036.SH,招商银行,2019-09-30,2019-10-31,188,https://static.cninfo.com.cn/finalpage/2019-10-31/1207047652.PDF
1204056832,000001.SZ,平安银行,2017-09-30,2017-10-21,187,https://static.cninfo.com.cn/finalpage/2017-10-21/1204056832.PDF
1205554771,601878.SH,浙商证券,2018-09-30,2018-10-30,187,https://static.cninfo.com.cn/finalpage/2018-10-30/1205554771.PDF
1207671189,601939.SH,建设银行,2020-03-31,2020-04-29,187,https://static.cninfo.com.cn/finalpage/2020-04-29/1207671189.PDF
1214884193,000001.SZ,平安银行,2022-09-30,2022-10-25,186,https://static.cninfo.com.cn/finalpage/2022-10-25/1214884193.PDF
1218189234,300059.SZ,东方财富,2023-09-30,2023-10-28,186,https://static.cninfo.com.cn/finalpage/2023-10-28/1218189234.PDF
1211337713,000001.SZ,平安银行,2021-09-30,2021-10-21,185,https://static.cninfo.com.cn/finalpage/2021-10-21/1211337713.PDF
1208651627,600918.SH,中泰证券,2020-09-30,2020-10-30,185,https://static.cninfo.com.cn/finalpage/2020-10-30/1208651627.PDF
1219917067,601939.SH,建设银行,2024-03-31,2024-04-30,185,https://static.cninfo.com.cn/finalpage/2024-04-30/1219917067.PDF
1202793083,002426.SZ,胜利精密,2016-09-30,2016-10-27,184,https://static.cninfo.com.cn/finalpage/2016-10-27/1202793083.PDF
1202803085,002736.SZ,国信证券,2016-09-30,2016-10-29,184,https://static.cninfo.com.cn/finalpage/2016-10-29/1202803085.PDF
1202782089,601009.SH,南京银行,2016-09-30,2016-10-25,184,https://static.cninfo.com.cn/finalpage/2016-10-25/1202782089.PDF
1202805682,601166.SH,兴业银行,2016-09-30,2016-10-29,184,https://static.cninfo.com.cn/finalpage/2016-10-29/1202805682.PDF
1202798996,601198.SH,东兴证券,2016-09-30,2016-10-28,184,https://static.cninfo.com.cn/finalpage/2016-10-28/1202798996.PDF
1223415487,601398.SH,工商银行,2025-03-31,2025-04-30,184,https://static.cninfo.com.cn/finalpage/2025-04-30/1223415487.PDF
1211436601,601901.SH,方正证券,2021-09-30,2021-10-30,184,https://static.cninfo.com.cn/finalpage/2021-10-30/1211436601.PDF
1202774906,002673.SZ,西部证券,2016-09-30,2016-10-24,183,https://static.cninfo.com.cn/finalpage/2016-10-24/1202774906.PDF
1203418159,600705.SH,中航资本,2017-03-31,2017-04-28,183,https://static.cninfo.com.cn/finalpage/2017-04-28/1203418159.PDF
1202804704,000415.SZ,渤海金控,2016-09-30,2016-10-31,182,https://static.cninfo.com.cn/finalpage/2016-10-31/1202804704.PDF
1202791193,000627.SZ,天茂集团,2016-09-30,2016-10-27,182,https://static.cninfo.com.cn/finalpage/2016-10-27/1202791193.PDF
1204084468,300059.SZ,东方财富,2017-09-30,2017-10-30,182,https://static.cninfo.com.cn/finalpage/2017-10-30/1204084468.PDF
1202806493,600015.SH,华夏银行,2016-09-30,2016-10-31,182,https://static.cninfo.com.cn/finalpage/2016-10-31/1202806493.PDF
1204596276,600705.SH,中航资本,2018-03-31,2018-04-10,182,https://static.cninfo.com.cn/finalpage/2018-04-10/1204596276.PDF
1202806743,601169.SH,北京银行,2016-09-30,2016-10-31,182,https://static.cninfo.com.cn/finalpage/2016-10-31/1202806743.PDF
1205545232,000166.SZ,申万宏源,2018-09-30,2018-10-27,181,https://static.cninfo.com.cn/finalpage/2018-10-27/1205545232.PDF
1205524567,002032.SZ,苏 泊 尔,2018-09-30,2018-10-24,181,https://static.cninfo.com.cn/finalpage/2018-10-24/1205524567.PDF
1218203897,600837.SH,海通证券,2023-09-30,2023-10-31,181,https://static.cninfo.com.cn/finalpage/2023-10-31/1218203897.PDF
1202773573,002500.SZ,山西证券,2016-09-30,2016-10-21,178,https://static.cninfo.com.cn/finalpage/2016-10-21/1202773573.PDF
1214936368,601901.SH,方正证券,2022-09-30,2022-10-28,177,https://static.cninfo.com.cn/finalpage/2022-10-28/1214936368.PDF
1203389853,000415.SZ,渤海金控,2017-03-31,2017-04-26,176,https://static.cninfo.com.cn/finalpage/2017-04-26/1203389853.PDF
1216415901,600918.SH,中泰证券,2023-03-31,2023-04-15,176,https://static.cninfo.com.cn/finalpage/2023-04-15/1216415901.PDF
1204628899,600816.SH,安信信托,2018-03-31,2018-04-16,175,https://static.cninfo.com.cn/finalpage/2018-04-16/1204628899.PDF
1219698844,601318.SH,中国平安,2024-03-31,2024-04-20,175,https://static.cninfo.com.cn/finalpage/2024-04-20/1219698844.PDF
1202804636,600000.SH,浦发银行,2016-09-30,2016-10-29,174,https://static.cninfo.com.cn/finalpage/2016-10-29/1202804636.PDF
1203390253,601169.SH,北京银行,2017-03-31,2017-04-26,174,https://static.cninfo.com.cn/finalpage/2017-04-26/1203390253.PDF
1205526022,601318.SH,中国平安,2018-09-30,2018-10-24,174,https://static.cninfo.com.cn/finalpage/2018-10-24/1205526022.PDF
1207543218,601318.SH,中国平安,2020-03-31,2020-04-21,174,https://static.cninfo.com.cn/finalpage/2020-04-21/1207543218.PDF
1208597480,601318.SH,中国平安,2020-09-30,2020-10-22,174,https://static.cninfo.com.cn/finalpage/2020-10-22/1208597480.PDF
1202796953,000166.SZ,申万宏源,2016-09-30,2016-10-28,173,https://static.cninfo.com.cn/finalpage/2016-10-28/1202796953.PDF
1202781646,000686.SZ,东北证券,2016-09-30,2016-10-25,173,https://static.cninfo.com.cn/finalpage/2016-10-25/1202781646.PDF
1203375222,002736.SZ,国信证券,2017-03-31,2017-04-25,173,https://static.cninfo.com.cn/finalpage/2017-04-25/1203375222.PDF
1203425597,600900.SH,长江电力,2017-03-31,2017-04-29,173,https://static.cninfo.com.cn/finalpage/2017-04-29/1203425597.PDF
1213214259,600918.SH,中泰证券,2022-03-31,2022-04-29,173,https://static.cninfo.com.cn/finalpage/2022-04-29/1213214259.PDF
1219702476,600926.SH,杭州银行,2024-03-31,2024-04-20,173,https://static.cninfo.com.cn/finalpage/2024-04-20/1219702476.PDF
1203360187,601099.SH,太平洋,2017-03-31,2017-04-22,173,https://static.cninfo.com.cn/finalpage/2017-04-22/1203360187.PDF
1207037563,601236.SH,红塔证券,2019-09-30,2019-10-30,173,https://static.cninfo.com.cn/finalpage/2019-10-30/1207037563.PDF
1203428976,601398.SH,工商银行,2017-03-31,2017-04-29,173,https://static.cninfo.com.cn/finalpage/2017-04-29/1203428976.PDF
1208648580,601696.SH,中银证券,2020-09-30,2020-10-30,173,https://static.cninfo.com.cn/finalpage/2020-10-30/1208648580.PDF
1218186593,601916.SH,浙商银行,2023-09-30,2023-10-28,173,https://static.cninfo.com.cn/finalpage/2023-10-28/1218186593.PDF
1204792865,000415.SZ,渤海金控,2018-03-31,2018-04-26,172,https://static.cninfo.com.cn/finalpage/2018-04-26/1204792865.PDF
1204736528,000776.SZ,广发证券,2018-03-31,2018-04-25,172,https://static.cninfo.com.cn/finalpage/2018-04-25/1204736528.PDF
1202775000,002142.SZ,宁波银行,2016-09-30,2016-10-22,172,https://static.cninfo.com.cn/finalpage/2016-10-22/1202775000.PDF
1203406490,600000.SH,浦发银行,2017-03-31,2017-04-27,172,https://static.cninfo.com.cn/finalpage/2017-04-27/1203406490.PDF
1203406182,600016.SH,民生银行,2017-03-31,2017-04-27,172,https://static.cninfo.com.cn/finalpage/2017-04-27/1203406182.PDF
1203406524,600109.SH,国金证券,2017-03-31,2017-04-27,172,https://static.cninfo.com.cn/finalpage/2017-04-27/1203406524.PDF
1203428551,600369.SH,西南证券,2017-03-31,2017-04-29,172,https://static.cninfo.com.cn/finalpage/2017-04-29/1203428551.PDF
1216645045,600926.SH,杭州银行,2023-03-31,2023-04-28,172,https://static.cninfo.com.cn/finalpage/2023-04-28/1216645045.PDF
1203386992,600958.SH,东方证券,2017-03-31,2017-04-26,172,https://static.cninfo.com.cn/finalpage/2017-04-26/1203386992.PDF
1203428961,601166.SH,兴业银行,2017-03-31,2017-04-29,172,https://static.cninfo.com.cn/finalpage/2017-04-29/1203428961.PDF
1216561837,601318.SH,中国平安,2023-03-31,2023-04-25,172,https://static.cninfo.com.cn/finalpage/2023-04-25/1216561837.PDF
1219878050,601377.SH,兴业证券,2024-03-31,2024-04-27,172,https://static.cninfo.com.cn/finalpage/2024-04-27/1219878050.PDF
1219878145,601601.SH,中国太保,2024-03-31,2024-04-27,172,https://static.cninfo.com.cn/finalpage/2024-04-27/1219878145.PDF
1204806977,601881.SH,中国银河,2018-03-31,2018-04-27,172,https://static.cninfo.com.cn/finalpage/2018-04-27/1204806977.PDF
1207539105,000001.SZ,平安银行,2020-03-31,2020-04-21,171,https://static.cninfo.com.cn/finalpage/2020-04-21/1207539105.PDF
1202782500,000728.SZ,国元证券,2016-09-30,2016-10-25,171,https://static.cninfo.com.cn/finalpage/2016-10-25/1202782500.PDF
1202795256,000750.SZ,国海证券,2016-09-30,2016-10-28,171,https://static.cninfo.com.cn/finalpage/2016-10-28/1202795256.PDF
1206106225,002142.SZ,宁波银行,2019-03-31,2019-04-26,171,https://static.cninfo.com.cn/finalpage/2019-04-26/1206106225.PDF
1204832428,600016.SH,民生银行,2018-03-31,2018-04-28,171,https://static.cninfo.com.cn/finalpage/2018-04-28/1204832428.PDF
1204828319,600390.SH,五矿资本,2018-03-31,2018-04-28,171,https://static.cninfo.com.cn/finalpage/2018-04-28/1204828319.PDF
1203418379,600837.SH,海通证券,2017-03-31,2017-04-28,171,https://static.cninfo.com.cn/finalpage/2017-04-28/1203418379.PDF
1204808796,600926.SH,杭州银行,2018-03-31,2018-04-27,171,https://static.cninfo.com.cn/finalpage/2018-04-27/1204808796.PDF
1204805304,600958.SH,东方证券,2018-03-31,2018-04-27,171,https://static.cninfo.com.cn/finalpage/2018-04-27/1204805304.PDF
1204805298,600999.SH,招商证券,2018-03-31,2018-04-27,171,https://static.cninfo.com.cn/finalpage/2018-04-27/1204805298.PDF
1204807008,601169.SH,北京银行,2018-03-31,2018-04-27,171,https://static.cninfo.com.cn/finalpage/2018-04-27/1204807008.PDF
1219842033,601229.SH,上海银行,2024-03-31,2024-04-26,171,https://static.cninfo.com.cn/finalpage/2024-04-26/1219842033.PDF
1203428851,601288.SH,农业银行,2017-03-31,2017-04-29,171,https://static.cninfo.com.cn/finalpage/2017-04-29/1203428851.PDF
1204830902,601288.SH,农业银行,2018-03-31,2018-04-28,171,https://static.cninfo.com.cn/finalpage/2018-04-28/1204830902.PDF
1204828816,601398.SH,工商银行,2018-03-31,2018-04-28,171,https://static.cninfo.com.cn/finalpage/2018-04-28/1204828816.PDF
1203443349,601555.SH,东吴证券,2017-03-31,2017-04-29,171,https://static.cninfo.com.cn/finalpage/2017-04-29/1203443349.PDF
1204806024,601688.SH,华泰证券,2018-03-31,2018-04-27,171,https://static.cninfo.com.cn/finalpage/2018-04-27/1204806024.PDF
1203417162,601939.SH,建设银行,2017-03-31,2017-04-28,171,https://static.cninfo.com.cn/finalpage/2017-04-28/1203417162.PDF
1203428412,601988.SH,中国银行,2017-03-31,2017-04-29,171,https://static.cninfo.com.cn/finalpage/2017-04-29/1203428412.PDF
1203410901,000623.SZ,吉林敖东,2017-03-31,2017-04-28,170,https://static.cninfo.com.cn/finalpage/2017-04-28/1203410901.PDF
1203413660,000776.SZ,广发证券,2017-03-31,2017-04-28,170,https://static.cninfo.com.cn/finalpage/2017-04-28/1203413660.PDF
1204797542,600109.SH,国金证券,2018-03-31,2018-04-26,170,https://static.cninfo.com.cn/finalpage/2018-04-26/1204797542.PDF
1216691508,600837.SH,海通证券,2023-03-31,2023-04-29,170,https://static.cninfo.com.cn/finalpage/2023-04-29/1216691508.PDF
1219877612,600999.SH,招商证券,2024-03-31,2024-04-27,170,https://static.cninfo.com.cn/finalpage/2024-04-27/1219877612.PDF
1209769721,601066.SH,中信建投,2021-03-31,2021-04-23,170,https://static.cninfo.com.cn/finalpage/2021-04-23/1209769721.PDF
1206121165,601108.SH,财通证券,2019-03-31,2019-04-27,170,https://static.cninfo.com.cn/finalpage/2019-04-27/1206121165.PDF
1221488819,601136.SH,首创证券,2024-09-30,2024-10-24,170,https://static.cninfo.com.cn/finalpage/2024-10-24/1221488819.PDF
1204807001,601198.SH,东兴证券,2018-03-31,2018-04-27,170,https://static.cninfo.com.cn/finalpage/2018-04-27/1204807001.PDF
1203442729,601336.SH,新华保险,2017-03-31,2017-04-29,170,https://static.cninfo.com.cn/finalpage/2017-04-29/1203442729.PDF
1204809019,601336.SH,新华保险,2018-03-31,2018-04-27,170,https://static.cninfo.com.cn/finalpage/2018-04-27/1204809019.PDF
1203442738,601788.SH,光大证券,2017-03-31,2017-04-29,170,https://static.cninfo.com.cn/finalpage/2017-04-29/1203442738.PDF
1204830844,601818.SH,光大银行,2018-03-31,2018-04-28,170,https://static.cninfo.com.cn/finalpage/2018-04-28/1204830844.PDF
1219917033,601818.SH,光大银行,2024-03-31,2024-04-30,170,https://static.cninfo.com.cn/finalpage/2024-04-30/1219917033.PDF
1216595293,601838.SH,成都银行,2023-03-31,2023-04-26,170,https://static.cninfo.com.cn/finalpage/2023-04-26/1216595293.PDF
1203373256,002797.SZ,第一创业,2017-03-31,2017-04-25,169,https://static.cninfo.com.cn/finalpage/2017-04-25/1203373256.PDF
1202806578,600369.SH,西南证券,2016-09-30,2016-10-31,169,https://static.cninfo.com.cn/finalpage/2016-10-31/1202806578.PDF
1206167830,600705.SH,中航资本,2019-03-31,2019-04-30,169,https://static.cninfo.com.cn/finalpage/2019-04-30/1206167830.PDF
1203378153,600816.SH,安信信托,2017-03-31,2017-04-25,169,https://static.cninfo.com.cn/finalpage/2017-04-25/1203378153.PDF
1216691747,600999.SH,招商证券,2023-03-31,2023-04-29,169,https://static.cninfo.com.cn/finalpage/2023-04-29/1216691747.PDF
1219877791,601059.SH,信达证券,2024-03-31,2024-04-27,169,https://static.cninfo.com.cn/finalpage/2024-04-27/1219877791.PDF
1207600208,601066.SH,中信建投,2020-03-31,2020-04-25,169,https://static.cninfo.com.cn/finalpage/2020-04-25/1207600208.PDF
1207648485,601162.SH,天风证券,2020-03-31,2020-04-28,169,https://static.cninfo.com.cn/finalpage/2020-04-28/1207648485.PDF
1204740750,601166.SH,兴业银行,2018-03-31,2018-04-25,169,https://static.cninfo.com.cn/finalpage/2018-04-25/1204740750.PDF
1206126010,601288.SH,农业银行,2019-03-31,2019-04-27,169,https://static.cninfo.com.cn/finalpage/2019-04-27/1206126010.PDF
1203404353,601377.SH,兴业证券,2017-03-31,2017-04-27,169,https://static.cninfo.com.cn/finalpage/2017-04-27/1203404353.PDF
1213177281,601838.SH,成都银行,2022-03-31,2022-04-28,169,https://static.cninfo.com.cn/finalpage/2022-04-28/1213177281.PDF
1203442741,601901.SH,方正证券,2017-03-31,2017-04-29,169,https://static.cninfo.com.cn/finalpage/2017-04-29/1203442741.PDF
1209875952,601916.SH,浙商银行,2021-03-31,2021-04-30,169,https://static.cninfo.com.cn/finalpage/2021-04-30/1209875952.PDF
1204830104,601988.SH,中国银行,2018-03-31,2018-04-28,169,https://static.cninfo.com.cn/finalpage/2018-04-28/1204830104.PDF
1213249568,000166.SZ,申万宏源,2022-03-31,2022-04-30,168,https://static.cninfo.com.cn/finalpage/2022-04-30/1213249568.PDF
1216693470,000166.SZ,申万宏源,2023-03-31,2023-04-29,168,https://static.cninfo.com.cn/finalpage/2023-04-29/1216693470.PDF
1213257319,000776.SZ,广发证券,2022-03-31,2022-04-30,168,https://static.cninfo.com.cn/finalpage/2022-04-30/1213257319.PDF
1216689689,000776.SZ,广发证券,2023-03-31,2023-04-29,168,https://static.cninfo.com.cn/finalpage/2023-04-29/1216689689.PDF
1207665106,002673.SZ,西部证券,2020-03-31,2020-04-29,168,https://static.cninfo.com.cn/finalpage/2020-04-29/1207665106.PDF
1204703896,002736.SZ,国信证券,2018-03-31,2018-04-24,168,https://static.cninfo.com.cn/finalpage/2018-04-24/1204703896.PDF
1216699075,600016.SH,民生银行,2023-03-31,2023-04-29,168,https://static.cninfo.com.cn/finalpage/2023-04-29/1216699075.PDF
1216648728,600030.SH,中信证券,2023-03-31,2023-04-28,168,https://static.cninfo.com.cn/finalpage/2023-04-28/1216648728.PDF
1219856506,600030.SH,中信证券,2024-03-31,2024-04-27,168,https://static.cninfo.com.cn/finalpage/2024-04-27/1219856506.PDF
1206114261,600061.SH,国投资本,2019-03-31,2019-04-27,168,https://static.cninfo.com.cn/finalpage/2019-04-27/1206114261.PDF
1216685263,600061.SH,国投资本,2023-03-31,2023-04-29,168,https://static.cninfo.com.cn/finalpage/2023-04-29/1216685263.PDF
1206125091,600390.SH,五矿资本,2019-03-31,2019-04-27,168,https://static.cninfo.com.cn/finalpage/2019-04-27/1206125091.PDF
1207552596,600705.SH,中航资本,2020-03-31,2020-04-22,168,https://static.cninfo.com.cn/finalpage/2020-04-22/1207552596.PDF
1213264940,600958.SH,东方证券,2022-03-31,2022-04-30,168,https://static.cninfo.com.cn/finalpage/2022-04-30/1213264940.PDF
1216652512,600958.SH,东方证券,2023-03-31,2023-04-28,168,https://static.cninfo.com.cn/finalpage/2023-04-28/1216652512.PDF
1203428523,600999.SH,招商证券,2017-03-31,2017-04-29,168,https://static.cninfo.com.cn/finalpage/2017-04-29/1203428523.PDF
1209842333,600999.SH,招商证券,2021-03-31,2021-04-28,168,https://static.cninfo.com.cn/finalpage/2021-04-28/1209842333.PDF
1213086840,600999.SH,招商证券,2022-03-31,2022-04-25,168,https://static.cninfo.com.cn/finalpage/2022-04-25/1213086840.PDF
1218186454,601059.SH,信达证券,2023-09-30,2023-10-28,168,https://static.cninfo.com.cn/finalpage/2023-10-28/1218186454.PDF
1213214450,601066.SH,中信建投,2022-03-31,2022-04-29,168,https://static.cninfo.com.cn/finalpage/2022-04-29/1213214450.PDF
1216652564,601066.SH,中信建投,2023-03-31,2023-04-28,168,https://static.cninfo.com.cn/finalpage/2023-04-28/1216652564.PDF
1206095276,601169.SH,北京银行,2019-03-31,2019-04-25,168,https://static.cninfo.com.cn/finalpage/2019-04-25/1206095276.PDF
1213270805,601169.SH,北京银行,2022-03-31,2022-04-30,168,https://static.cninfo.com.cn/finalpage/2022-04-30/1213270805.PDF
1216692570,601169.SH,北京银行,2023-03-31,2023-04-29,168,https://static.cninfo.com.cn/finalpage/2023-04-29/1216692570.PDF
1204805283,601212.SH,白银有色,2018-03-31,2018-04-27,168,https://static.cninfo.com.cn/finalpage/2018-04-27/1204805283.PDF
1213270833,601236.SH,红塔证券,2022-03-31,2022-04-30,168,https://static.cninfo.com.cn/finalpage/2022-04-30/1213270833.PDF
1216706948,601236.SH,红塔证券,2023-03-31,2023-04-29,168,https://static.cninfo.com.cn/finalpage/2023-04-29/1216706948.PDF
1219878026,601328.SH,交通银行,2024-03-31,2024-04-27,168,https://static.cninfo.com.cn/finalpage/2024-04-27/1219878026.PDF
1219878158,601628.SH,中国人寿,2024-03-31,2024-04-27,168,https://static.cninfo.com.cn/finalpage/2024-04-27/1219878158.PDF
1216653429,601658.SH,邮储银行,2023-03-31,2023-04-28,168,https://static.cninfo.com.cn/finalpage/2023-04-28/1216653429.PDF
1213265122,601688.SH,华泰证券,2022-03-31,2022-04-30,168,https://static.cninfo.com.cn/finalpage/2022-04-30/1213265122.PDF
1216692714,601688.SH,华泰证券,2023-03-31,2023-04-29,168,https://static.cninfo.com.cn/finalpage/2023-04-29/1216692714.PDF
1206088299,601881.SH,中国银河,2019-03-31,2019-04-25,168,https://static.cninfo.com.cn/finalpage/2019-04-25/1206088299.PDF
1213265135,601881.SH,中国银河,2022-03-31,2022-04-30,168,https://static.cninfo.com.cn/finalpage/2022-04-30/1213265135.PDF
1216653551,601881.SH,中国银河,2023-03-31,2023-04-28,168,https://static.cninfo.com.cn/finalpage/2023-04-28/1216653551.PDF
1207610650,601901.SH,方正证券,2020-03-31,2020-04-25,168,https://static.cninfo.com.cn/finalpage/2020-04-25/1207610650.PDF
1204807781,601939.SH,建设银行,2018-03-31,2018-04-27,168,https://static.cninfo.com.cn/finalpage/2018-04-27/1204807781.PDF
1213271125,601988.SH,中国银行,2022-03-31,2022-04-30,168,https://static.cninfo.com.cn/finalpage/2022-04-30/1213271125.PDF
1216707551,601988.SH,中国银行,2023-03-31,2023-04-29,168,https://static.cninfo.com.cn/finalpage/2023-04-29/1216707551.PDF
1213266658,601995.SH,中金公司,2022-03-31,2022-04-30,168,https://static.cninfo.com.cn/finalpage/2022-04-30/1213266658.PDF
1216707562,601995.SH,中金公司,2023-03-31,2023-04-29,168,https://static.cninfo.com.cn/finalpage/2023-04-29/1216707562.PDF
1219917085,601995.SH,中金公司,2024-03-31,2024-04-30,168,https://static.cninfo.com.cn/finalpage/2024-04-30/1219917085.PDF
1203388261,601998.SH,中信银行,2017-03-31,2017-04-26,168,https://static.cninfo.com.cn/finalpage/2017-04-26/1203388261.PDF
1204807780,601998.SH,中信银行,2018-03-31,2018-04-27,168,https://static.cninfo.com.cn/finalpage/2018-04-27/1204807780.PDF
1219692666,000001.SZ,平安银行,2024-03-31,2024-04-20,167,https://static.cninfo.com.cn/finalpage/2024-04-20/1219692666.PDF
1219903862,000166.SZ,申万宏源,2024-03-31,2024-04-30,167,https://static.cninfo.com.cn/finalpage/2024-04-30/1219903862.PDF
1219914766,000776.SZ,广发证券,2024-03-31,2024-04-30,167,https://static.cninfo.com.cn/finalpage/2024-04-30/1219914766.PDF
1202798527,000783.SZ,长江证券,2016-09-30,2016-10-28,167,https://static.cninfo.com.cn/finalpage/2016-10-28/1202798527.PDF
1206118259,000783.SZ,长江证券,2019-03-31,2019-04-27,167,https://static.cninfo.com.cn/finalpage/2019-04-27/1206118259.PDF
1219903740,002142.SZ,宁波银行,2024-03-31,2024-04-30,167,https://static.cninfo.com.cn/finalpage/2024-04-30/1219903740.PDF
1204736108,002411.SZ,必康股份,2018-03-31,2018-04-25,167,https://static.cninfo.com.cn/finalpage/2018-04-25/1204736108.PDF
1219904600,600015.SH,华夏银行,2024-03-31,2024-04-30,167,https://static.cninfo.com.cn/finalpage/2024-04-30/1219904600.PDF
1219921770,600016.SH,民生银行,2024-03-31,2024-04-30,167,https://static.cninfo.com.cn/finalpage/2024-04-30/1219921770.PDF
1219910214,600036.SH,招商银行,2024-03-31,2024-04-30,167,https://static.cninfo.com.cn/finalpage/2024-04-30/1219910214.PDF
1219914514,600061.SH,国投资本,2024-03-31,2024-04-30,167,https://static.cninfo.com.cn/finalpage/2024-04-30/1219914514.PDF
1202798961,600109.SH,国金证券,2016-09-30,2016-10-28,167,https://static.cninfo.com.cn/finalpage/2016-10-28/1202798961.PDF
1204826534,600369.SH,西南证券,2018-03-31,2018-04-28,167,https://static.cninfo.com.cn/finalpage/2018-04-28/1204826534.PDF
1213132946,600837.SH,海通证券,2022-03-31,2022-04-27,167,https://static.cninfo.com.cn/finalpage/2022-04-27/1213132946.PDF
1219922757,600918.SH,中泰证券,2024-03-31,2024-04-30,167,https://static.cninfo.com.cn/finalpage/2024-04-30/1219922757.PDF
1219905349,600958.SH,东方证券,2024-03-31,2024-04-30,167,https://static.cninfo.com.cn/finalpage/2024-04-30/1219905349.PDF
1206098246,600999.SH,招商证券,2019-03-31,2019-04-26,167,https://static.cninfo.com.cn/finalpage/2019-04-26/1206098246.PDF
1212942495,601009.SH,南京银行,2022-03-31,2022-04-16,167,https://static.cninfo.com.cn/finalpage/2022-04-16/1212942495.PDF
1219907325,601066.SH,中信建投,2024-03-31,2024-04-30,167,https://static.cninfo.com.cn/finalpage/2024-04-30/1219907325.PDF
1207610592,601108.SH,财通证券,2020-03-31,2020-04-25,167,https://static.cninfo.com.cn/finalpage/2020-04-25/1207610592.PDF
1219916758,601169.SH,北京银行,2024-03-31,2024-04-30,167,https://static.cninfo.com.cn/finalpage/2024-04-30/1219916758.PDF
1203362047,601198.SH,东兴证券,2017-03-31,2017-04-24,167,https://static.cninfo.com.cn/finalpage/2017-04-24/1203362047.PDF
1216686704,601211.SH,国泰君安,2023-03-31,2023-04-29,167,https://static.cninfo.com.cn/finalpage/2023-04-29/1216686704.PDF
1219907347,601211.SH,国泰君安,2024-03-31,2024-04-30,167,https://static.cninfo.com.cn/finalpage/2024-04-30/1219907347.PDF
1219916818,601236.SH,红塔证券,2024-03-31,2024-04-30,167,https://static.cninfo.com.cn/finalpage/2024-04-30/1219916818.PDF
1216706959,601288.SH,农业银行,2023-03-31,2023-04-29,167,https://static.cninfo.com.cn/finalpage/2023-04-29/1216706959.PDF
1219916822,601288.SH,农业银行,2024-03-31,2024-04-30,167,https://static.cninfo.com.cn/finalpage/2024-04-30/1219916822.PDF
1209772733,601318.SH,中国平安,2021-03-31,2021-04-23,167,https://static.cninfo.com.cn/finalpage/2021-04-23/1209772733.PDF
1213136108,601318.SH,中国平安,2022-03-31,2022-04-27,167,https://static.cninfo.com.cn/finalpage/2022-04-27/1213136108.PDF
1213199113,601336.SH,新华保险,2022-03-31,2022-04-29,167,https://static.cninfo.com.cn/finalpage/2022-04-29/1213199113.PDF
1216675034,601336.SH,新华保险,2023-03-31,2023-04-28,167,https://static.cninfo.com.cn/finalpage/2023-04-28/1216675034.PDF
1219911149,601336.SH,新华保险,2024-03-31,2024-04-30,167,https://static.cninfo.com.cn/finalpage/2024-04-30/1219911149.PDF
1206169544,601377.SH,兴业证券,2019-03-31,2019-04-30,167,https://static.cninfo.com.cn/finalpage/2019-04-30/1206169544.PDF
1204823099,601555.SH,东吴证券,2018-03-31,2018-04-28,167,https://static.cninfo.com.cn/finalpage/2018-04-28/1204823099.PDF
1216664940,601601.SH,中国太保,2023-03-31,2023-04-28,167,https://static.cninfo.com.cn/finalpage/2023-04-28/1216664940.PDF
1219907362,601658.SH,邮储银行,2024-03-31,2024-04-30,167,https://static.cninfo.com.cn/finalpage/2024-04-30/1219907362.PDF
1219916991,601688.SH,华泰证券,2024-03-31,2024-04-30,167,https://static.cninfo.com.cn/finalpage/2024-04-30/1219916991.PDF
1204807991,601788.SH,光大证券,2018-03-31,2018-04-27,167,https://static.cninfo.com.cn/finalpage/2018-04-27/1204807991.PDF
1219917028,601788.SH,光大证券,2024-03-31,2024-04-30,167,https://static.cninfo.com.cn/finalpage/2024-04-30/1219917028.PDF
1203443372,601818.SH,光大银行,2017-03-31,2017-04-29,167,https://static.cninfo.com.cn/finalpage/2017-04-29/1203443372.PDF
1206125655,601818.SH,光大银行,2019-03-31,2019-04-27,167,https://static.cninfo.com.cn/finalpage/2019-04-27/1206125655.PDF
1206094519,601838.SH,成都银行,2019-03-31,2019-04-25,167,https://static.cninfo.com.cn/finalpage/2019-04-25/1206094519.PDF
1219797279,601838.SH,成都银行,2024-03-31,2024-04-25,167,https://static.cninfo.com.cn/finalpage/2024-04-25/1219797279.PDF
1209875938,601881.SH,中国银河,2021-03-31,2021-04-30,167,https://static.cninfo.com.cn/finalpage/2021-04-30/1209875938.PDF
1219917049,601881.SH,中国银河,2024-03-31,2024-04-30,167,https://static.cninfo.com.cn/finalpage/2024-04-30/1219917049.PDF
1216552294,601901.SH,方正证券,2023-03-31,2023-04-25,167,https://static.cninfo.com.cn/finalpage/2023-04-25/1216552294.PDF
1219735382,601901.SH,方正证券,2024-03-31,2024-04-23,167,https://static.cninfo.com.cn/finalpage/2024-04-23/1219735382.PDF
1219911333,601916.SH,浙商银行,2024-03-31,2024-04-30,167,https://static.cninfo.com.cn/finalpage/2024-04-30/1219911333.PDF
1209876021,601988.SH,中国银行,2021-03-31,2021-04-30,167,https://static.cninfo.com.cn/finalpage/2021-04-30/1209876021.PDF
1219917070,601988.SH,中国银行,2024-03-31,2024-04-30,167,https://static.cninfo.com.cn/finalpage/2024-04-30/1219917070.PDF
1203420624,603993.SH,洛阳钼业,2017-03-31,2017-04-28,167,https://static.cninfo.com.cn/finalpage/2017-04-28/1203420624.PDF
1208597245,000001.SZ,平安银行,2020-09-30,2020-10-22,166,https://static.cninfo.com.cn/finalpage/2020-10-22/1208597245.PDF
1219904154,000617.SZ,中油资本,2024-03-31,2024-04-30,166,https://static.cninfo.com.cn/finalpage/2024-04-30/1219904154.PDF
1206161100,000776.SZ,广发证券,2019-03-31,2019-04-30,166,https://static.cninfo.com.cn/finalpage/2019-04-30/1206161100.PDF
1209847002,000776.SZ,广发证券,2021-03-31,2021-04-29,166,https://static.cninfo.com.cn/finalpage/2021-04-29/1209847002.PDF
1204822994,002142.SZ,宁波银行,2018-03-31,2018-04-28,166,https://static.cninfo.com.cn/finalpage/2018-04-28/1204822994.PDF
1207609570,600000.SH,浦发银行,2020-03-31,2020-04-25,166,https://static.cninfo.com.cn/finalpage/2020-04-25/1207609570.PDF
1213175140,600000.SH,浦发银行,2022-03-31,2022-04-28,166,https://static.cninfo.com.cn/finalpage/2022-04-28/1213175140.PDF
1209872915,600015.SH,华夏银行,2021-03-31,2021-04-30,166,https://static.cninfo.com.cn/finalpage/2021-04-30/1209872915.PDF
1213210531,600030.SH,中信证券,2022-03-31,2022-04-29,166,https://static.cninfo.com.cn/finalpage/2022-04-29/1213210531.PDF
1206162034,600109.SH,国金证券,2019-03-31,2019-04-30,166,https://static.cninfo.com.cn/finalpage/2019-04-30/1206162034.PDF
1207658463,600109.SH,国金证券,2020-03-31,2020-04-29,166,https://static.cninfo.com.cn/finalpage/2020-04-29/1207658463.PDF
1207026472,600655.SH,豫园股份,2019-09-30,2019-10-29,166,https://static.cninfo.com.cn/finalpage/2019-10-29/1207026472.PDF
1213194460,600919.SH,江苏银行,2022-03-31,2022-04-29,166,https://static.cninfo.com.cn/finalpage/2022-04-29/1213194460.PDF
1207693630,600926.SH,杭州银行,2020-03-31,2020-04-30,166,https://static.cninfo.com.cn/finalpage/2020-04-30/1207693630.PDF
1223197845,601009.SH,南京银行,2025-03-31,2025-04-22,166,https://static.cninfo.com.cn/finalpage/2025-04-22/1223197845.PDF
1206168487,601212.SH,白银有色,2019-03-31,2019-04-30,166,https://static.cninfo.com.cn/finalpage/2019-04-30/1206168487.PDF
1209858861,601236.SH,红塔证券,2021-03-31,2021-04-29,166,https://static.cninfo.com.cn/finalpage/2021-04-29/1209858861.PDF
1207669616,601288.SH,农业银行,2020-03-31,2020-04-29,166,https://static.cninfo.com.cn/finalpage/2020-04-29/1207669616.PDF
1209875620,601288.SH,农业银行,2021-03-31,2021-04-30,166,https://static.cninfo.com.cn/finalpage/2021-04-30/1209875620.PDF
1213270886,601288.SH,农业银行,2022-03-31,2022-04-30,166,https://static.cninfo.com.cn/finalpage/2022-04-30/1213270886.PDF
1206078057,601318.SH,中国平安,2019-03-31,2019-04-24,166,https://static.cninfo.com.cn/finalpage/2019-04-24/1206078057.PDF
1216664796,601319.SH,中国人保,2023-03-31,2023-04-28,166,https://static.cninfo.com.cn/finalpage/2023-04-28/1216664796.PDF
1202805511,601377.SH,兴业证券,2016-09-30,2016-10-29,166,https://static.cninfo.com.cn/finalpage/2016-10-29/1202805511.PDF
1204824828,601377.SH,兴业证券,2018-03-31,2018-04-28,166,https://static.cninfo.com.cn/finalpage/2018-04-28/1204824828.PDF
1207606839,601377.SH,兴业证券,2020-03-31,2020-04-25,166,https://static.cninfo.com.cn/finalpage/2020-04-25/1207606839.PDF
1216653379,601377.SH,兴业证券,2023-03-31,2023-04-28,166,https://static.cninfo.com.cn/finalpage/2023-04-28/1216653379.PDF
1202793730,601555.SH,东吴证券,2016-09-30,2016-10-27,166,https://static.cninfo.com.cn/finalpage/2016-10-27/1202793730.PDF
1203442735,601601.SH,中国太保,2017-03-31,2017-04-29,166,https://static.cninfo.com.cn/finalpage/2017-04-29/1203442735.PDF
1207669715,601818.SH,光大银行,2020-03-31,2020-04-29,166,https://static.cninfo.com.cn/finalpage/2020-04-29/1207669715.PDF
1209858962,601818.SH,光大银行,2021-03-31,2021-04-29,166,https://static.cninfo.com.cn/finalpage/2021-04-29/1209858962.PDF
1207648748,601881.SH,中国银河,2020-03-31,2020-04-28,166,https://static.cninfo.com.cn/finalpage/2020-04-28/1207648748.PDF
1206169432,601939.SH,建设银行,2019-03-31,2019-04-30,166,https://static.cninfo.com.cn/finalpage/2019-04-30/1206169432.PDF
1206169427,601988.SH,中国银行,2019-03-31,2019-04-30,166,https://static.cninfo.com.cn/finalpage/2019-04-30/1206169427.PDF
1204829198,603993.SH,洛阳钼业,2018-03-31,2018-04-28,166,https://static.cninfo.com.cn/finalpage/2018-04-28/1204829198.PDF
1205525224,000001.SZ,平安银行,2018-09-30,2018-10-24,165,https://static.cninfo.com.cn/finalpage/2018-10-24/1205525224.PDF
1206163355,000166.SZ,申万宏源,2019-03-31,2019-04-30,165,https://static.cninfo.com.cn/finalpage/2019-04-30/1206163355.PDF
1209867656,000166.SZ,申万宏源,2021-03-31,2021-04-30,165,https://static.cninfo.com.cn/finalpage/2021-04-30/1209867656.PDF
1204824236,600000.SH,浦发银行,2018-03-31,2018-04-28,165,https://static.cninfo.com.cn/finalpage/2018-04-28/1204824236.PDF
1207678004,600015.SH,华夏银行,2020-03-31,2020-04-30,165,https://static.cninfo.com.cn/finalpage/2020-04-30/1207678004.PDF
1206165329,600016.SH,民生银行,2019-03-31,2019-04-30,165,https://static.cninfo.com.cn/finalpage/2019-04-30/1206165329.PDF
1213267966,600016.SH,民生银行,2022-03-31,2022-04-30,165,https://static.cninfo.com.cn/finalpage/2022-04-30/1213267966.PDF
1216614878,600036.SH,招商银行,2023-03-31,2023-04-27,165,https://static.cninfo.com.cn/finalpage/2023-04-27/1216614878.PDF
1213249754,600061.SH,国投资本,2022-03-31,2022-04-30,165,https://static.cninfo.com.cn/finalpage/2022-04-30/1213249754.PDF
1209858400,600837.SH,海通证券,2021-03-31,2021-04-29,165,https://static.cninfo.com.cn/finalpage/2021-04-29/1209858400.PDF
1206105782,600926.SH,杭州银行,2019-03-31,2019-04-26,165,https://static.cninfo.com.cn/finalpage/2019-04-26/1206105782.PDF
1206169585,600958.SH,东方证券,2019-03-31,2019-04-30,165,https://static.cninfo.com.cn/finalpage/2019-04-30/1206169585.PDF
1209875218,600958.SH,东方证券,2021-03-31,2021-04-30,165,https://static.cninfo.com.cn/finalpage/2021-04-30/1209875218.PDF
1207669578,600999.SH,招商证券,2020-03-31,2020-04-29,165,https://static.cninfo.com.cn/finalpage/2020-04-29/1207669578.PDF
1213216135,601166.SH,兴业银行,2022-03-31,2022-04-29,165,https://static.cninfo.com.cn/finalpage/2022-04-29/1213216135.PDF
1216706936,601166.SH,兴业银行,2023-03-31,2023-04-29,165,https://static.cninfo.com.cn/finalpage/2023-04-29/1216706936.PDF
1209879618,601169.SH,北京银行,2021-03-31,2021-04-30,165,https://static.cninfo.com.cn/finalpage/2021-04-30/1209879618.PDF
1206114108,601198.SH,东兴证券,2019-03-31,2019-04-27,165,https://static.cninfo.com.cn/finalpage/2019-04-27/1206114108.PDF
1216664782,601229.SH,上海银行,2023-03-31,2023-04-28,165,https://static.cninfo.com.cn/finalpage/2023-04-28/1216664782.PDF
1223148112,601318.SH,中国平安,2025-03-31,2025-04-19,165,https://static.cninfo.com.cn/finalpage/2025-04-19/1223148112.PDF
1222778778,601319.SH,中国人保,2024-03-31,2024-04-30,165,https://static.cninfo.com.cn/finalpage/2024-04-30/1222778778.pdf
1216706970,601328.SH,交通银行,2023-03-31,2023-04-29,165,https://static.cninfo.com.cn/finalpage/2023-04-29/1216706970.PDF
1206125682,601336.SH,新华保险,2019-03-31,2019-04-27,165,https://static.cninfo.com.cn/finalpage/2019-04-27/1206125682.PDF
1209875637,601336.SH,新华保险,2021-03-31,2021-04-30,165,https://static.cninfo.com.cn/finalpage/2021-04-30/1209875637.PDF
1209875643,601377.SH,兴业证券,2021-03-31,2021-04-30,165,https://static.cninfo.com.cn/finalpage/2021-04-30/1209875643.PDF
1204828523,601601.SH,中国太保,2018-03-31,2018-04-28,165,https://static.cninfo.com.cn/finalpage/2018-04-28/1204828523.PDF
1209858910,601601.SH,中国太保,2021-03-31,2021-04-29,165,https://static.cninfo.com.cn/finalpage/2021-04-29/1209858910.PDF
1206100593,601628.SH,中国人寿,2019-03-31,2019-04-26,165,https://static.cninfo.com.cn/finalpage/2019-04-26/1206100593.PDF
1207583954,601628.SH,中国人寿,2020-03-31,2020-04-24,165,https://static.cninfo.com.cn/finalpage/2020-04-24/1207583954.PDF
1216653426,601628.SH,中国人寿,2023-03-31,2023-04-28,165,https://static.cninfo.com.cn/finalpage/2023-04-28/1216653426.PDF
1209875802,601688.SH,华泰证券,2021-03-31,2021-04-30,165,https://static.cninfo.com.cn/finalpage/2021-04-30/1209875802.PDF
1209858968,601838.SH,成都银行,2021-03-31,2021-04-29,165,https://static.cninfo.com.cn/finalpage/2021-04-29/1209858968.PDF
1207694618,601988.SH,中国银行,2020-03-31,2020-04-30,165,https://static.cninfo.com.cn/finalpage/2020-04-30/1207694618.PDF
1219917088,601998.SH,中信银行,2024-03-31,2024-04-30,165,https://static.cninfo.com.cn/finalpage/2024-04-30/1219917088.PDF
1207656383,000776.SZ,广发证券,2020-03-31,2020-04-29,164,https://static.cninfo.com.cn/finalpage/2020-04-29/1207656383.PDF
1206165337,600000.SH,浦发银行,2019-03-31,2019-04-30,164,https://static.cninfo.com.cn/finalpage/2019-04-30/1206165337.PDF
1216660869,600015.SH,华夏银行,2023-03-31,2023-04-28,164,https://static.cninfo.com.cn/finalpage/2023-04-28/1216660869.PDF
1203427486,600030.SH,中信证券,2017-03-31,2017-04-29,164,https://static.cninfo.com.cn/finalpage/2017-04-29/1203427486.PDF
1207668541,600837.SH,海通证券,2020-03-31,2020-04-29,164,https://static.cninfo.com.cn/finalpage/2020-04-29/1207668541.PDF
1209842303,600926.SH,杭州银行,2021-03-31,2021-04-28,164,https://static.cninfo.com.cn/finalpage/2021-04-28/1209842303.PDF
1206109584,601066.SH,中信建投,2019-03-31,2019-04-26,164,https://static.cninfo.com.cn/finalpage/2019-04-26/1206109584.PDF
1206161575,601166.SH,兴业银行,2019-03-31,2019-04-30,164,https://static.cninfo.com.cn/finalpage/2019-04-30/1206161575.PDF
1219833943,601166.SH,兴业银行,2024-03-31,2024-04-26,164,https://static.cninfo.com.cn/finalpage/2024-04-26/1219833943.PDF
1207648517,601169.SH,北京银行,2020-03-31,2020-04-28,164,https://static.cninfo.com.cn/finalpage/2020-04-28/1207648517.PDF
1203426131,601211.SH,国泰君安,2017-03-31,2017-04-29,164,https://static.cninfo.com.cn/finalpage/2017-04-29/1203426131.PDF
1213270826,601211.SH,国泰君安,2022-03-31,2022-04-30,164,https://static.cninfo.com.cn/finalpage/2022-04-30/1213270826.PDF
1213199102,601319.SH,中国人保,2022-03-31,2022-04-29,164,https://static.cninfo.com.cn/finalpage/2022-04-29/1213199102.PDF
1203442723,601328.SH,交通银行,2017-03-31,2017-04-29,164,https://static.cninfo.com.cn/finalpage/2017-04-29/1203442723.PDF
1204830436,601328.SH,交通银行,2018-03-31,2018-04-28,164,https://static.cninfo.com.cn/finalpage/2018-04-28/1204830436.PDF
1206169557,601328.SH,交通银行,2019-03-31,2019-04-30,164,https://static.cninfo.com.cn/finalpage/2019-04-30/1206169557.PDF
1213265102,601377.SH,兴业证券,2022-03-31,2022-04-30,164,https://static.cninfo.com.cn/finalpage/2022-04-30/1213265102.PDF
1207611541,601601.SH,中国太保,2020-03-31,2020-04-25,164,https://static.cninfo.com.cn/finalpage/2020-04-25/1207611541.PDF
1203415426,601628.SH,中国人寿,2017-03-31,2017-04-28,164,https://static.cninfo.com.cn/finalpage/2017-04-28/1203415426.PDF
1206166338,601688.SH,华泰证券,2019-03-31,2019-04-30,164,https://static.cninfo.com.cn/finalpage/2019-04-30/1206166338.PDF
1216653490,601788.SH,光大证券,2023-03-31,2023-04-28,164,https://static.cninfo.com.cn/finalpage/2023-04-28/1216653490.PDF
1216707295,601818.SH,光大银行,2023-03-31,2023-04-29,164,https://static.cninfo.com.cn/finalpage/2023-04-29/1216707295.PDF
1206169412,601997.SH,贵阳银行,2019-03-31,2019-04-30,164,https://static.cninfo.com.cn/finalpage/2019-04-30/1206169412.PDF
1206169914,603993.SH,洛阳钼业,2019-03-31,2019-04-30,164,https://static.cninfo.com.cn/finalpage/2019-04-30/1206169914.PDF
1216549940,000001.SZ,平安银行,2023-03-31,2023-04-25,163,https://static.cninfo.com.cn/finalpage/2023-04-25/1216549940.PDF
1202781047,000623.SZ,吉林敖东,2016-09-30,2016-10-25,163,https://static.cninfo.com.cn/finalpage/2016-10-25/1202781047.PDF
1213129441,002142.SZ,宁波银行,2022-03-31,2022-04-27,163,https://static.cninfo.com.cn/finalpage/2022-04-27/1213129441.PDF
1216641942,002142.SZ,宁波银行,2023-03-31,2023-04-28,163,https://static.cninfo.com.cn/finalpage/2023-04-28/1216641942.PDF
1203385203,002673.SZ,西部证券,2017-03-31,2017-04-26,163,https://static.cninfo.com.cn/finalpage/2017-04-26/1203385203.PDF
1209872813,600000.SH,浦发银行,2021-03-31,2021-04-30,163,https://static.cninfo.com.cn/finalpage/2021-04-30/1209872813.PDF
1213267955,600015.SH,华夏银行,2022-03-31,2022-04-30,163,https://static.cninfo.com.cn/finalpage/2022-04-30/1213267955.PDF
1207656097,600061.SH,国投资本,2020-03-31,2020-04-29,163,https://static.cninfo.com.cn/finalpage/2020-04-29/1207656097.PDF
1209848488,600918.SH,中泰证券,2021-03-31,2021-04-29,163,https://static.cninfo.com.cn/finalpage/2021-04-29/1209848488.PDF
1209858563,600919.SH,江苏银行,2021-03-31,2021-04-29,163,https://static.cninfo.com.cn/finalpage/2021-04-29/1209858563.PDF
1202798611,600958.SH,东方证券,2016-09-30,2016-10-28,163,https://static.cninfo.com.cn/finalpage/2016-10-28/1202798611.PDF
1207656411,601166.SH,兴业银行,2020-03-31,2020-04-29,163,https://static.cninfo.com.cn/finalpage/2020-04-29/1207656411.PDF
1204827097,601211.SH,国泰君安,2018-03-31,2018-04-28,163,https://static.cninfo.com.cn/finalpage/2018-04-28/1204827097.PDF
1204830444,601229.SH,上海银行,2018-03-31,2018-04-28,163,https://static.cninfo.com.cn/finalpage/2018-04-28/1204830444.PDF
1207668858,601328.SH,交通银行,2020-03-31,2020-04-29,163,https://static.cninfo.com.cn/finalpage/2020-04-29/1207668858.PDF
1206122434,601601.SH,中国太保,2019-03-31,2019-04-27,163,https://static.cninfo.com.cn/finalpage/2019-04-27/1206122434.PDF
1213225134,601601.SH,中国太保,2022-03-31,2022-04-29,163,https://static.cninfo.com.cn/finalpage/2022-04-29/1213225134.PDF
1204804696,601628.SH,中国人寿,2018-03-31,2018-04-27,163,https://static.cninfo.com.cn/finalpage/2018-04-27/1204804696.PDF
1209858929,601628.SH,中国人寿,2021-03-31,2021-04-29,163,https://static.cninfo.com.cn/finalpage/2021-04-29/1209858929.PDF
1206165147,601788.SH,光大证券,2019-03-31,2019-04-30,163,https://static.cninfo.com.cn/finalpage/2019-04-30/1206165147.PDF
1207670265,601838.SH,成都银行,2020-03-31,2020-04-29,163,https://static.cninfo.com.cn/finalpage/2020-04-29/1207670265.PDF
1204824817,601901.SH,方正证券,2018-03-31,2018-04-28,163,https://static.cninfo.com.cn/finalpage/2018-04-28/1204824817.PDF
1204830814,601997.SH,贵阳银行,2018-03-31,2018-04-28,163,https://static.cninfo.com.cn/finalpage/2018-04-28/1204830814.PDF
1216707592,601998.SH,中信银行,2023-03-31,2023-04-29,163,https://static.cninfo.com.cn/finalpage/2023-04-29/1216707592.PDF
1223145614,000001.SZ,平安银行,2025-03-31,2025-04-19,162,https://static.cninfo.com.cn/finalpage/2025-04-19/1223145614.PDF
1207681493,000166.SZ,申万宏源,2020-03-31,2020-04-30,162,https://static.cninfo.com.cn/finalpage/2020-04-30/1207681493.PDF
1207678899,000783.SZ,长江证券,2020-03-31,2020-04-30,162,https://static.cninfo.com.cn/finalpage/2020-04-30/1207678899.PDF
1209815015,002736.SZ,国信证券,2021-03-31,2021-04-27,162,https://static.cninfo.com.cn/finalpage/2021-04-27/1209815015.PDF
1219911388,002736.SZ,国信证券,2024-03-31,2024-04-30,162,https://static.cninfo.com.cn/finalpage/2024-04-30/1219911388.PDF
1213048729,600036.SH,招商银行,2022-03-31,2022-04-23,162,https://static.cninfo.com.cn/finalpage/2022-04-23/1213048729.PDF
1209873071,600061.SH,国投资本,2021-03-31,2021-04-30,162,https://static.cninfo.com.cn/finalpage/2021-04-30/1209873071.PDF
1206134384,600369.SH,西南证券,2019-03-31,2019-04-29,162,https://static.cninfo.com.cn/finalpage/2019-04-29/1206134384.PDF
1207694398,600958.SH,东方证券,2020-03-31,2020-04-30,162,https://static.cninfo.com.cn/finalpage/2020-04-30/1207694398.PDF
1206168503,601009.SH,南京银行,2019-03-31,2019-04-30,162,https://static.cninfo.com.cn/finalpage/2019-04-30/1206168503.PDF
1209875470,601166.SH,兴业银行,2021-03-31,2021-04-30,162,https://static.cninfo.com.cn/finalpage/2021-04-30/1209875470.PDF
1223286953,601229.SH,上海银行,2025-03-31,2025-04-25,162,https://static.cninfo.com.cn/finalpage/2025-04-25/1223286953.PDF
1209875630,601328.SH,交通银行,2021-03-31,2021-04-30,162,https://static.cninfo.com.cn/finalpage/2021-04-30/1209875630.PDF
1202805719,601601.SH,中国太保,2016-09-30,2016-10-29,162,https://static.cninfo.com.cn/finalpage/2016-10-29/1202805719.PDF
1213265117,601658.SH,邮储银行,2022-03-31,2022-04-30,162,https://static.cninfo.com.cn/finalpage/2022-04-30/1213265117.PDF
1207659018,601788.SH,光大证券,2020-03-31,2020-04-29,162,https://static.cninfo.com.cn/finalpage/2020-04-29/1207659018.PDF
1209875840,601788.SH,光大证券,2021-03-31,2021-04-30,162,https://static.cninfo.com.cn/finalpage/2021-04-30/1209875840.PDF
1213169774,601818.SH,光大银行,2022-03-31,2022-04-28,162,https://static.cninfo.com.cn/finalpage/2022-04-28/1213169774.PDF
1204787956,601878.SH,浙商证券,2018-03-31,2018-04-26,162,https://static.cninfo.com.cn/finalpage/2018-04-26/1204787956.PDF
1202806787,603993.SH,洛阳钼业,2016-09-30,2016-10-31,162,https://static.cninfo.com.cn/finalpage/2016-10-31/1202806787.PDF
1204823843,000166.SZ,申万宏源,2018-03-31,2018-04-28,161,https://static.cninfo.com.cn/finalpage/2018-04-28/1204823843.PDF
1207608006,002142.SZ,宁波银行,2020-03-31,2020-04-25,161,https://static.cninfo.com.cn/finalpage/2020-04-25/1207608006.PDF
1206200442,002736.SZ,国信证券,2019-03-31,2019-04-30,161,https://static.cninfo.com.cn/finalpage/2019-04-30/1206200442.PDF
1207639954,002736.SZ,国信证券,2020-03-31,2020-04-28,161,https://static.cninfo.com.cn/finalpage/2020-04-28/1207639954.PDF
1213260754,002736.SZ,国信证券,2022-03-31,2022-04-30,161,https://static.cninfo.com.cn/finalpage/2022-04-30/1213260754.PDF
1202804502,600016.SH,民生银行,2016-09-30,2016-10-29,161,https://static.cninfo.com.cn/finalpage/2016-10-29/1202804502.PDF
1204823491,600030.SH,中信证券,2018-03-31,2018-04-28,161,https://static.cninfo.com.cn/finalpage/2018-04-28/1204823491.PDF
1204832419,600036.SH,招商银行,2018-03-31,2018-04-28,161,https://static.cninfo.com.cn/finalpage/2018-04-28/1204832419.PDF
1213100116,600926.SH,杭州银行,2022-03-31,2022-04-26,161,https://static.cninfo.com.cn/finalpage/2022-04-26/1213100116.PDF
1209858852,601211.SH,国泰君安,2021-03-31,2021-04-29,161,https://static.cninfo.com.cn/finalpage/2021-04-29/1209858852.PDF
1213225110,601229.SH,上海银行,2022-03-31,2022-04-29,161,https://static.cninfo.com.cn/finalpage/2022-04-29/1213225110.PDF
1202805504,601328.SH,交通银行,2016-09-30,2016-10-29,161,https://static.cninfo.com.cn/finalpage/2016-10-29/1202805504.PDF
1213265099,601328.SH,交通银行,2022-03-31,2022-04-30,161,https://static.cninfo.com.cn/finalpage/2022-04-30/1213265099.PDF
1207669623,601336.SH,新华保险,2020-03-31,2020-04-29,161,https://static.cninfo.com.cn/finalpage/2020-04-29/1207669623.PDF
1213177258,601628.SH,中国人寿,2022-03-31,2022-04-28,161,https://static.cninfo.com.cn/finalpage/2022-04-28/1213177258.PDF
1207691632,601688.SH,华泰证券,2020-03-31,2020-04-30,161,https://static.cninfo.com.cn/finalpage/2020-04-30/1207691632.PDF
1213225188,601788.SH,光大证券,2022-03-31,2022-04-29,161,https://static.cninfo.com.cn/finalpage/2022-04-29/1213225188.PDF
1202799443,601901.SH,方正证券,2016-09-30,2016-10-28,161,https://static.cninfo.com.cn/finalpage/2016-10-28/1202799443.PDF
1206169436,601901.SH,方正证券,2019-03-31,2019-04-30,161,https://static.cninfo.com.cn/finalpage/2019-04-30/1206169436.PDF
1209879685,601901.SH,方正证券,2021-03-31,2021-04-30,161,https://static.cninfo.com.cn/finalpage/2021-04-30/1209879685.PDF
1213206533,601901.SH,方正证券,2022-03-31,2022-04-29,161,https://static.cninfo.com.cn/finalpage/2022-04-29/1213206533.PDF
1202794024,601988.SH,中国银行,2016-09-30,2016-10-27,161,https://static.cninfo.com.cn/finalpage/2016-10-27/1202794024.PDF
1209876065,601998.SH,中信银行,2021-03-31,2021-04-30,161,https://static.cninfo.com.cn/finalpage/2021-04-30/1209876065.PDF
1213271134,601998.SH,中信银行,2022-03-31,2022-04-30,161,https://static.cninfo.com.cn/finalpage/2022-04-30/1213271134.PDF
1206076841,000001.SZ,平安银行,2019-03-31,2019-04-24,160,https://static.cninfo.com.cn/finalpage/2019-04-24/1206076841.PDF
1209738014,000001.SZ,平安银行,2021-03-31,2021-04-21,160,https://static.cninfo.com.cn/finalpage/2021-04-21/1209738014.PDF
1223363635,002142.SZ,宁波银行,2025-03-31,2025-04-29,160,https://static.cninfo.com.cn/finalpage/2025-04-29/1223363635.PDF
1216699053,600000.SH,浦发银行,2023-03-31,2023-04-29,160,https://static.cninfo.com.cn/finalpage/2023-04-29/1216699053.PDF
1209857051,600030.SH,中信证券,2021-03-31,2021-04-29,160,https://static.cninfo.com.cn/finalpage/2021-04-29/1209857051.PDF
1206166136,600036.SH,招商银行,2019-03-31,2019-04-30,160,https://static.cninfo.com.cn/finalpage/2019-04-30/1206166136.PDF
1202804325,600837.SH,海通证券,2016-09-30,2016-10-29,160,https://static.cninfo.com.cn/finalpage/2016-10-29/1202804325.PDF
1223368555,600926.SH,杭州银行,2025-03-31,2025-04-29,160,https://static.cninfo.com.cn/finalpage/2025-04-29/1223368555.PDF
1205562766,601066.SH,中信建投,2018-09-30,2018-10-31,160,https://static.cninfo.com.cn/finalpage/2018-10-31/1205562766.PDF
1202805523,601688.SH,华泰证券,2016-09-30,2016-10-29,160,https://static.cninfo.com.cn/finalpage/2016-10-29/1202805523.PDF
1203407591,601688.SH,华泰证券,2017-03-31,2017-04-27,160,https://static.cninfo.com.cn/finalpage/2017-04-27/1203407591.PDF
1202805760,601818.SH,光大银行,2016-09-30,2016-10-29,160,https://static.cninfo.com.cn/finalpage/2016-10-29/1202805760.PDF
1202799478,601939.SH,建设银行,2016-09-30,2016-10-28,160,https://static.cninfo.com.cn/finalpage/2016-10-28/1202799478.PDF
1213132769,000001.SZ,平安银行,2022-03-31,2022-04-27,159,https://static.cninfo.com.cn/finalpage/2022-04-27/1213132769.PDF
1209786797,002142.SZ,宁波银行,2021-03-31,2021-04-24,159,https://static.cninfo.com.cn/finalpage/2021-04-24/1209786797.PDF
1216688632,002736.SZ,国信证券,2023-03-31,2023-04-29,159,https://static.cninfo.com.cn/finalpage/2023-04-29/1216688632.PDF
1202804295,002797.SZ,第一创业,2016-09-30,2016-10-29,159,https://static.cninfo.com.cn/finalpage/2016-10-29/1202804295.PDF
1207603436,002939.SZ,长城证券,2020-03-31,2020-04-27,159,https://static.cninfo.com.cn/finalpage/2020-04-27/1207603436.PDF
1223408380,600030.SH,中信证券,2025-03-31,2025-04-30,159,https://static.cninfo.com.cn/finalpage/2025-04-30/1223408380.PDF
1203416577,600036.SH,招商银行,2017-03-31,2017-04-28,159,https://static.cninfo.com.cn/finalpage/2017-04-28/1203416577.PDF
1216645043,600919.SH,江苏银行,2023-03-31,2023-04-28,159,https://static.cninfo.com.cn/finalpage/2023-04-28/1216645043.PDF
1202804350,600999.SH,招商证券,2016-09-30,2016-10-29,159,https://static.cninfo.com.cn/finalpage/2016-10-29/1202804350.PDF
1223421621,601211.SH,国泰海通,2025-03-31,2025-04-30,159,https://static.cninfo.com.cn/finalpage/2025-04-30/1223421621.PDF
1207669613,601236.SH,红塔证券,2020-03-31,2020-04-29,159,https://static.cninfo.com.cn/finalpage/2020-04-29/1207669613.PDF
1202805117,601398.SH,工商银行,2016-09-30,2016-10-29,159,https://static.cninfo.com.cn/finalpage/2016-10-29/1202805117.PDF
1223312704,601601.SH,中国太保,2025-03-31,2025-04-26,159,https://static.cninfo.com.cn/finalpage/2025-04-26/1223312704.PDF
1209875786,601658.SH,邮储银行,2021-03-31,2021-04-30,159,https://static.cninfo.com.cn/finalpage/2021-04-30/1209875786.PDF
1202805748,601788.SH,光大证券,2016-09-30,2016-10-29,159,https://static.cninfo.com.cn/finalpage/2016-10-29/1202805748.PDF
1223384741,601838.SH,成都银行,2025-03-31,2025-04-29,159,https://static.cninfo.com.cn/finalpage/2025-04-29/1223384741.PDF
1206114930,601878.SH,浙商证券,2019-03-31,2019-04-27,159,https://static.cninfo.com.cn/finalpage/2019-04-27/1206114930.PDF
1203357608,000001.SZ,平安银行,2017-03-31,2017-04-22,158,https://static.cninfo.com.cn/finalpage/2017-04-22/1203357608.PDF
1223411666,000617.SZ,中油资本,2025-03-31,2025-04-30,158,https://static.cninfo.com.cn/finalpage/2025-04-30/1223411666.PDF
1203315898,000728.SZ,国元证券,2017-03-31,2017-04-18,158,https://static.cninfo.com.cn/finalpage/2017-04-18/1203315898.PDF
1204825901,000783.SZ,长江证券,2018-03-31,2018-04-28,158,https://static.cninfo.com.cn/finalpage/2018-04-28/1204825901.PDF
1219910201,600000.SH,浦发银行,2024-03-31,2024-04-30,158,https://static.cninfo.com.cn/finalpage/2024-04-30/1219910201.PDF
1206162071,600030.SH,中信证券,2019-03-31,2019-04-30,158,https://static.cninfo.com.cn/finalpage/2019-04-30/1206162071.PDF
1204806635,600919.SH,江苏银行,2018-03-31,2018-04-27,158,https://static.cninfo.com.cn/finalpage/2018-04-27/1204806635.PDF
1209875338,601009.SH,南京银行,2021-03-31,2021-04-30,158,https://static.cninfo.com.cn/finalpage/2021-04-30/1209875338.PDF
1206128939,601229.SH,上海银行,2019-03-31,2019-04-27,158,https://static.cninfo.com.cn/finalpage/2019-04-27/1206128939.PDF
1204809023,601318.SH,中国平安,2018-03-31,2018-04-27,158,https://static.cninfo.com.cn/finalpage/2018-04-27/1204809023.PDF
1209858870,601319.SH,中国人保,2021-03-31,2021-04-29,158,https://static.cninfo.com.cn/finalpage/2021-04-29/1209858870.PDF
1223305522,601377.SH,兴业证券,2025-03-31,2025-04-26,158,https://static.cninfo.com.cn/finalpage/2025-04-26/1223305522.PDF
1223313658,601818.SH,光大银行,2025-03-31,2025-04-26,158,https://static.cninfo.com.cn/finalpage/2025-04-26/1223313658.PDF
1223409814,000776.SZ,广发证券,2025-03-31,2025-04-30,157,https://static.cninfo.com.cn/finalpage/2025-04-30/1223409814.PDF
1203415612,002142.SZ,宁波银行,2017-03-31,2017-04-28,157,https://static.cninfo.com.cn/finalpage/2017-04-28/1203415612.PDF
1207688336,600036.SH,招商银行,2020-03-31,2020-04-30,157,https://static.cninfo.com.cn/finalpage/2020-04-30/1207688336.PDF
1209788443,600036.SH,招商银行,2021-03-31,2021-04-24,157,https://static.cninfo.com.cn/finalpage/2021-04-24/1209788443.PDF
1223415460,601169.SH,北京银行,2025-03-31,2025-04-30,157,https://static.cninfo.com.cn/finalpage/2025-04-30/1223415460.PDF
1209875603,601229.SH,上海银行,2021-03-31,2021-04-30,157,https://static.cninfo.com.cn/finalpage/2021-04-30/1209875603.PDF
1203417306,601318.SH,中国平安,2017-03-31,2017-04-28,157,https://static.cninfo.com.cn/finalpage/2017-04-28/1203417306.PDF
1206058567,601555.SH,东吴证券,2019-03-31,2019-04-20,157,https://static.cninfo.com.cn/finalpage/2019-04-20/1206058567.PDF
1216665083,601878.SH,浙商证券,2023-03-31,2023-04-28,157,https://static.cninfo.com.cn/finalpage/2023-04-28/1216665083.PDF
1219907385,601878.SH,浙商证券,2024-03-31,2024-04-30,157,https://static.cninfo.com.cn/finalpage/2024-04-30/1219907385.PDF
1207656091,600030.SH,中信证券,2020-03-31,2020-04-29,156,https://static.cninfo.com.cn/finalpage/2020-04-29/1207656091.PDF
1223412232,600036.SH,招商银行,2025-03-31,2025-04-30,156,https://static.cninfo.com.cn/finalpage/2025-04-30/1223412232.PDF
1223364133,600999.SH,招商证券,2025-03-31,2025-04-29,156,https://static.cninfo.com.cn/finalpage/2025-04-29/1223364133.PDF
1207695807,601009.SH,南京银行,2020-03-31,2020-04-30,156,https://static.cninfo.com.cn/finalpage/2020-04-30/1207695807.PDF
1223421536,601136.SH,首创证券,2025-03-31,2025-04-30,156,https://static.cninfo.com.cn/finalpage/2025-04-30/1223421536.PDF
1202805704,601288.SH,农业银行,2016-09-30,2016-10-29,156,https://static.cninfo.com.cn/finalpage/2016-10-29/1202805704.PDF
1213201629,601878.SH,浙商证券,2022-03-31,2022-04-29,156,https://static.cninfo.com.cn/finalpage/2022-04-29/1213201629.PDF
1223368622,601995.SH,中金公司,2025-03-31,2025-04-29,156,https://static.cninfo.com.cn/finalpage/2025-04-29/1223368622.PDF
1202799489,601998.SH,中信银行,2016-09-30,2016-10-28,156,https://static.cninfo.com.cn/finalpage/2016-10-28/1202799489.PDF
1223413414,000166.SZ,申万宏源,2025-03-31,2025-04-30,155,https://static.cninfo.com.cn/finalpage/2025-04-30/1223413414.PDF
1223411656,002736.SZ,国信证券,2025-03-31,2025-04-30,155,https://static.cninfo.com.cn/finalpage/2025-04-30/1223411656.PDF
1223412173,600015.SH,华夏银行,2025-03-31,2025-04-30,155,https://static.cninfo.com.cn/finalpage/2025-04-30/1223412173.PDF
1223418961,600016.SH,民生银行,2025-03-31,2025-04-30,155,https://static.cninfo.com.cn/finalpage/2025-04-30/1223418961.PDF
1223412243,600061.SH,国投资本,2025-03-31,2025-04-30,155,https://static.cninfo.com.cn/finalpage/2025-04-30/1223412243.PDF
1223421229,600918.SH,中泰证券,2025-03-31,2025-04-30,155,https://static.cninfo.com.cn/finalpage/2025-04-30/1223421229.PDF
1219833474,600919.SH,江苏银行,2024-03-31,2024-04-26,155,https://static.cninfo.com.cn/finalpage/2024-04-26/1219833474.PDF
1223409397,600958.SH,东方证券,2025-03-31,2025-04-30,155,https://static.cninfo.com.cn/finalpage/2025-04-30/1223409397.PDF
1203417115,601009.SH,南京银行,2017-03-31,2017-04-28,155,https://static.cninfo.com.cn/finalpage/2017-04-28/1203417115.PDF
1223415367,601066.SH,中信建投,2025-03-31,2025-04-30,155,https://static.cninfo.com.cn/finalpage/2025-04-30/1223415367.PDF
1223421597,601166.SH,兴业银行,2025-03-31,2025-04-30,155,https://static.cninfo.com.cn/finalpage/2025-04-30/1223421597.PDF
1223415469,601288.SH,农业银行,2025-03-31,2025-04-30,155,https://static.cninfo.com.cn/finalpage/2025-04-30/1223415469.PDF
1202799116,601318.SH,中国平安,2016-09-30,2016-10-28,155,https://static.cninfo.com.cn/finalpage/2016-10-28/1202799116.PDF
1206998300,601318.SH,中国平安,2019-09-30,2019-10-22,155,https://static.cninfo.com.cn/finalpage/2019-10-22/1206998300.PDF
1223415475,601328.SH,交通银行,2025-03-31,2025-04-30,155,https://static.cninfo.com.cn/finalpage/2025-04-30/1223415475.PDF
1202805707,601336.SH,新华保险,2016-09-30,2016-10-29,155,https://static.cninfo.com.cn/finalpage/2016-10-29/1202805707.PDF
1223415483,601336.SH,新华保险,2025-03-31,2025-04-30,155,https://static.cninfo.com.cn/finalpage/2025-04-30/1223415483.PDF
1223409438,601658.SH,邮储银行,2025-03-31,2025-04-30,155,https://static.cninfo.com.cn/finalpage/2025-04-30/1223409438.PDF
1223415566,601688.SH,华泰证券,2025-03-31,2025-04-30,155,https://static.cninfo.com.cn/finalpage/2025-04-30/1223415566.PDF
1223415915,601788.SH,光大证券,2025-03-31,2025-04-30,155,https://static.cninfo.com.cn/finalpage/2025-04-30/1223415915.PDF
1207655715,601878.SH,浙商证券,2020-03-31,2020-04-29,155,https://static.cninfo.com.cn/finalpage/2020-04-29/1207655715.PDF
1223409533,601881.SH,中国银河,2025-03-31,2025-04-30,155,https://static.cninfo.com.cn/finalpage/2025-04-30/1223409533.PDF
1223404674,601901.SH,方正证券,2025-03-31,2025-04-30,155,https://static.cninfo.com.cn/finalpage/2025-04-30/1223404674.PDF
1223415971,601916.SH,浙商银行,2025-03-31,2025-04-30,155,https://static.cninfo.com.cn/finalpage/2025-04-30/1223415971.PDF
1223409541,601939.SH,建设银行,2025-03-31,2025-04-30,155,https://static.cninfo.com.cn/finalpage/2025-04-30/1223409541.PDF
1223415999,601988.SH,中国银行,2025-03-31,2025-04-30,155,https://static.cninfo.com.cn/finalpage/2025-04-30/1223415999.PDF
1204825397,000423.SZ,东阿阿胶,2018-03-31,2018-04-28,154,https://static.cninfo.com.cn/finalpage/2018-04-28/1204825397.PDF
1203378711,002500.SZ,山西证券,2017-03-31,2017-04-25,154,https://static.cninfo.com.cn/finalpage/2017-04-25/1203378711.PDF
1223418954,600000.SH,浦发银行,2025-03-31,2025-04-30,154,https://static.cninfo.com.cn/finalpage/2025-04-30/1223418954.PDF
1204795039,601009.SH,南京银行,2018-03-31,2018-04-26,154,https://static.cninfo.com.cn/finalpage/2018-04-26/1204795039.PDF
1219877689,601009.SH,南京银行,2024-03-31,2024-04-27,154,https://static.cninfo.com.cn/finalpage/2024-04-27/1219877689.PDF
1223421787,601319.SH,中国人保,2025-03-31,2025-04-30,154,https://static.cninfo.com.cn/finalpage/2025-04-30/1223421787.PDF
1223409437,601628.SH,中国人寿,2025-03-31,2025-04-30,154,https://static.cninfo.com.cn/finalpage/2025-04-30/1223409437.PDF
1209859002,601878.SH,浙商证券,2021-03-31,2021-04-29,154,https://static.cninfo.com.cn/finalpage/2021-04-29/1209859002.PDF
1223416015,601998.SH,中信银行,2025-03-31,2025-04-30,154,https://static.cninfo.com.cn/finalpage/2025-04-30/1223416015.PDF
1204666090,000001.SZ,平安银行,2018-03-31,2018-04-20,153,https://static.cninfo.com.cn/finalpage/2018-04-20/1204666090.PDF
1202775265,000776.SZ,广发证券,2016-09-30,2016-10-22,153,https://static.cninfo.com.cn/finalpage/2016-10-22/1202775265.PDF
1206162076,600015.SH,华夏银行,2019-03-31,2019-04-30,153,https://static.cninfo.com.cn/finalpage/2019-04-30/1206162076.PDF
1202804511,600036.SH,招商银行,2016-09-30,2016-10-29,153,https://static.cninfo.com.cn/finalpage/2016-10-29/1202804511.PDF
1207669607,601229.SH,上海银行,2020-03-31,2020-04-29,153,https://static.cninfo.com.cn/finalpage/2020-04-29/1207669607.PDF
1207693687,601319.SH,中国人保,2020-03-31,2020-04-30,153,https://static.cninfo.com.cn/finalpage/2020-04-30/1207693687.PDF
1202796373,601628.SH,中国人寿,2016-09-30,2016-10-28,153,https://static.cninfo.com.cn/finalpage/2016-10-28/1202796373.PDF
1204063861,601878.SH,浙商证券,2017-09-30,2017-10-25,153,https://static.cninfo.com.cn/finalpage/2017-10-25/1204063861.PDF
1207663596,000728.SZ,国元证券,2020-03-31,2020-04-29,152,https://static.cninfo.com.cn/finalpage/2020-04-29/1207663596.PDF
1223314764,300059.SZ,东方财富,2025-03-31,2025-04-26,152,https://static.cninfo.com.cn/finalpage/2025-04-26/1223314764.PDF
1207668651,600919.SH,江苏银行,2020-03-31,2020-04-29,152,https://static.cninfo.com.cn/finalpage/2020-04-29/1207668651.PDF
1223361294,600919.SH,江苏银行,2025-03-31,2025-04-29,152,https://static.cninfo.com.cn/finalpage/2025-04-29/1223361294.PDF
1223405195,601878.SH,浙商证券,2025-03-31,2025-04-30,152,https://static.cninfo.com.cn/finalpage/2025-04-30/1223405195.PDF
1206103440,000728.SZ,国元证券,2019-03-31,2019-04-26,151,https://static.cninfo.com.cn/finalpage/2019-04-26/1206103440.PDF
1213043241,300059.SZ,东方财富,2022-03-31,2022-04-23,151,https://static.cninfo.com.cn/finalpage/2022-04-23/1213043241.PDF
1206129037,600919.SH,江苏银行,2019-03-31,2019-04-27,151,https://static.cninfo.com.cn/finalpage/2019-04-27/1206129037.PDF
1206125697,601211.SH,国泰君安,2019-03-31,2019-04-27,151,https://static.cninfo.com.cn/finalpage/2019-04-27/1206125697.PDF
1203428689,600015.SH,华夏银行,2017-03-31,2017-04-29,150,https://static.cninfo.com.cn/finalpage/2017-04-29/1203428689.PDF
1202803687,600030.SH,中信证券,2016-09-30,2016-10-29,150,https://static.cninfo.com.cn/finalpage/2016-10-29/1202803687.PDF
1207691536,601211.SH,国泰君安,2020-03-31,2020-04-30,150,https://static.cninfo.com.cn/finalpage/2020-04-30/1207691536.PDF
1203413922,000166.SZ,申万宏源,2017-03-31,2017-04-28,149,https://static.cninfo.com.cn/finalpage/2017-04-28/1203413922.PDF
1203356309,000783.SZ,长江证券,2017-03-31,2017-04-22,149,https://static.cninfo.com.cn/finalpage/2017-04-22/1203356309.PDF
1208601873,002673.SZ,西部证券,2020-09-30,2020-10-23,149,https://static.cninfo.com.cn/finalpage/2020-10-23/1208601873.PDF
1204823139,600015.SH,华夏银行,2018-03-31,2018-04-28,149,https://static.cninfo.com.cn/finalpage/2018-04-28/1204823139.PDF
1216706738,601009.SH,南京银行,2023-03-31,2023-04-29,149,https://static.cninfo.com.cn/finalpage/2023-04-29/1216706738.PDF
1206997842,000001.SZ,平安银行,2019-09-30,2019-10-22,148,https://static.cninfo.com.cn/finalpage/2019-10-22/1206997842.PDF
1204801461,000728.SZ,国元证券,2018-03-31,2018-04-27,148,https://static.cninfo.com.cn/finalpage/2018-04-27/1204801461.PDF
1204805448,002310.SZ,东方园林,2018-03-31,2018-04-27,148,https://static.cninfo.com.cn/finalpage/2018-04-27/1204805448.PDF
1219792160,300059.SZ,东方财富,2024-03-31,2024-04-25,148,https://static.cninfo.com.cn/finalpage/2024-04-25/1219792160.PDF
1207669725,601899.SH,紫金矿业,2020-03-31,2020-04-29,148,https://static.cninfo.com.cn/finalpage/2020-04-29/1207669725.PDF
1202773445,000001.SZ,平安银行,2016-09-30,2016-10-21,147,https://static.cninfo.com.cn/finalpage/2016-10-21/1202773445.PDF
1207638613,002945.SZ,华林证券,2020-03-31,2020-04-28,147,https://static.cninfo.com.cn/finalpage/2020-04-28/1207638613.PDF
1208577047,002945.SZ,华林证券,2020-09-30,2020-10-17,147,https://static.cninfo.com.cn/finalpage/2020-10-17/1208577047.PDF
1216520963,300059.SZ,东方财富,2023-03-31,2023-04-22,147,https://static.cninfo.com.cn/finalpage/2023-04-22/1216520963.PDF
1223277562,601059.SH,信达证券,2025-03-31,2025-04-25,147,https://static.cninfo.com.cn/finalpage/2025-04-25/1223277562.PDF
1207691585,601555.SH,东吴证券,2020-03-31,2020-04-30,147,https://static.cninfo.com.cn/finalpage/2020-04-30/1207691585.PDF
1204061208,002500.SZ,山西证券,2017-09-30,2017-10-24,146,https://static.cninfo.com.cn/finalpage/2017-10-24/1204061208.PDF
1206532915,601555.SH,东吴证券,2019-06-30,2019-08-16,146,https://static.cninfo.com.cn/finalpage/2019-08-16/1206532915.PDF
1208225184,601555.SH,东吴证券,2020-06-30,2020-08-22,146,https://static.cninfo.com.cn/finalpage/2020-08-22/1208225184.PDF
1203442740,601881.SH,中国银河,2017-03-31,2017-04-29,146,https://static.cninfo.com.cn/finalpage/2017-04-29/1203442740.PDF
1203355936,002310.SZ,东方园林,2017-03-31,2017-04-24,145,https://static.cninfo.com.cn/finalpage/2017-04-24/1203355936.PDF
1207030672,601997.SH,贵阳银行,2019-09-30,2019-10-29,145,https://static.cninfo.com.cn/finalpage/2019-10-29/1207030672.PDF
1205562660,002310.SZ,东方园林,2018-09-30,2018-10-31,144,https://static.cninfo.com.cn/finalpage/2018-10-31/1205562660.PDF
1208615068,002939.SZ,长城证券,2020-09-30,2020-10-27,144,https://static.cninfo.com.cn/finalpage/2020-10-27/1208615068.PDF
1207048409,601212.SH,白银有色,2019-09-30,2019-10-31,143,https://static.cninfo.com.cn/finalpage/2019-10-31/1207048409.PDF
1203388565,600926.SH,杭州银行,2017-03-31,2017-04-26,142,https://static.cninfo.com.cn/finalpage/2017-04-26/1203388565.PDF
1202798446,600705.SH,中航资本,2016-09-30,2016-10-28,141,https://static.cninfo.com.cn/finalpage/2016-10-28/1202798446.PDF
1216684306,000617.SZ,中油资本,2023-03-31,2023-04-29,140,https://static.cninfo.com.cn/finalpage/2023-04-29/1216684306.PDF
1203407817,002411.SZ,必康股份,2017-03-31,2017-04-27,140,https://static.cninfo.com.cn/finalpage/2017-04-27/1203407817.PDF
1204084362,000623.SZ,吉林敖东,2017-09-30,2017-10-28,139,https://static.cninfo.com.cn/finalpage/2017-10-28/1204084362.PDF
1206113404,300059.SZ,东方财富,2019-03-31,2019-04-27,139,https://static.cninfo.com.cn/finalpage/2019-04-27/1206113404.PDF
1203406302,600909.SH,华安证券,2017-03-31,2017-04-27,139,https://static.cninfo.com.cn/finalpage/2017-04-27/1203406302.PDF
1204830968,601108.SH,财通证券,2018-03-31,2018-04-28,139,https://static.cninfo.com.cn/finalpage/2018-04-28/1204830968.PDF
1203443374,601997.SH,贵阳银行,2017-03-31,2017-04-29,139,https://static.cninfo.com.cn/finalpage/2017-04-29/1203443374.PDF
1203402422,300059.SZ,东方财富,2017-03-31,2017-04-27,138,https://static.cninfo.com.cn/finalpage/2017-04-27/1203402422.PDF
1206116075,601162.SH,天风证券,2019-03-31,2019-04-27,138,https://static.cninfo.com.cn/finalpage/2019-04-27/1206116075.PDF
1209876036,601995.SH,中金公司,2021-03-31,2021-04-30,138,https://static.cninfo.com.cn/finalpage/2021-04-30/1209876036.PDF
1207522181,300059.SZ,东方财富,2020-03-31,2020-04-18,137,https://static.cninfo.com.cn/finalpage/2020-04-18/1207522181.PDF
1203406620,600919.SH,江苏银行,2017-03-31,2017-04-27,137,https://static.cninfo.com.cn/finalpage/2017-04-27/1203406620.PDF
1203417305,601229.SH,上海银行,2017-03-31,2017-04-28,137,https://static.cninfo.com.cn/finalpage/2017-04-28/1203417305.PDF
1204795740,601838.SH,成都银行,2018-03-31,2018-04-26,137,https://static.cninfo.com.cn/finalpage/2018-04-26/1204795740.PDF
1204639069,300059.SZ,东方财富,2018-03-31,2018-04-17,136,https://static.cninfo.com.cn/finalpage/2018-04-17/1204639069.PDF
1202805487,601099.SH,太平洋,2016-09-30,2016-10-29,136,https://static.cninfo.com.cn/finalpage/2016-10-29/1202805487.PDF
1207614118,601916.SH,浙商银行,2020-03-31,2020-04-25,136,https://static.cninfo.com.cn/finalpage/2020-04-25/1207614118.PDF
1209805866,300059.SZ,东方财富,2021-03-31,2021-04-27,135,https://static.cninfo.com.cn/finalpage/2021-04-27/1209805866.PDF
1207670251,601658.SH,邮储银行,2020-03-31,2020-04-29,135,https://static.cninfo.com.cn/finalpage/2020-04-29/1207670251.PDF
1206092121,002939.SZ,长城证券,2019-03-31,2019-04-25,134,https://static.cninfo.com.cn/finalpage/2019-04-25/1206092121.PDF
1208652122,000728.SZ,国元证券,2020-09-30,2020-10-30,133,https://static.cninfo.com.cn/finalpage/2020-10-30/1208652122.PDF
1202804087,300059.SZ,东方财富,2016-09-30,2016-10-29,133,https://static.cninfo.com.cn/finalpage/2016-10-29/1202804087.PDF
1202799431,601211.SH,国泰君安,2016-09-30,2016-10-28,133,https://static.cninfo.com.cn/finalpage/2016-10-28/1202799431.PDF
1207611407,601077.SH,渝农商行,2020-03-31,2020-04-25,132,https://static.cninfo.com.cn/finalpage/2020-04-25/1207611407.PDF
1208650493,601077.SH,渝农商行,2020-09-30,2020-10-30,132,https://static.cninfo.com.cn/finalpage/2020-10-30/1208650493.PDF
1204077510,601099.SH,太平洋,2017-09-30,2017-10-27,132,https://static.cninfo.com.cn/finalpage/2017-10-27/1204077510.PDF
1223285564,601825.SH,沪农商行,2025-03-31,2025-04-25,132,https://static.cninfo.com.cn/finalpage/2025-04-25/1223285564.PDF
1211420322,601916.SH,浙商银行,2021-09-30,2021-10-29,132,https://static.cninfo.com.cn/finalpage/2021-10-29/1211420322.PDF
1206134028,601577.SH,长沙银行,2019-03-31,2019-04-29,127,https://static.cninfo.com.cn/finalpage/2019-04-29/1206134028.PDF
1223315336,601077.SH,渝农商行,2025-03-31,2025-04-26,126,https://static.cninfo.com.cn/finalpage/2025-04-26/1223315336.PDF
1206163146,601319.SH,中国人保,2019-03-31,2019-04-30,126,https://static.cninfo.com.cn/finalpage/2019-04-30/1206163146.PDF
1206068816,002945.SZ,华林证券,2019-03-31,2019-04-23,120,https://static.cninfo.com.cn/finalpage/2019-04-23/1206068816.PDF
1208648419,600705.SH,中航资本,2020-09-30,2020-10-30,119,https://static.cninfo.com.cn/finalpage/2020-10-30/1208648419.PDF
1202797801,002411.SZ,必康股份,2016-09-30,2016-10-28,118,https://static.cninfo.com.cn/finalpage/2016-10-28/1202797801.PDF
1204060746,002831.SZ,裕同科技,2017-09-30,2017-10-24,118,https://static.cninfo.com.cn/finalpage/2017-10-24/1204060746.PDF
1202257501,000627.SZ,天茂集团,2016-03-31,2016-04-28,116,https://static.cninfo.com.cn/finalpage/2016-04-28/1202257501.PDF
1204734762,002797.SZ,第一创业,2018-03-31,2018-04-25,116,https://static.cninfo.com.cn/finalpage/2018-04-25/1204734762.PDF
1205544935,002797.SZ,第一创业,2018-09-30,2018-10-27,116,https://static.cninfo.com.cn/finalpage/2018-10-27/1205544935.PDF
1208615223,002958.SZ,青农商行,2020-09-30,2020-10-27,116,https://static.cninfo.com.cn/finalpage/2020-10-27/1208615223.PDF
1202230167,300133.SZ,华策影视,2016-03-31,2016-04-25,116,https://static.cninfo.com.cn/finalpage/2016-04-25/1202230167.PDF
1203387121,300133.SZ,华策影视,2017-03-31,2017-04-26,116,https://static.cninfo.com.cn/finalpage/2017-04-26/1203387121.PDF
1204077360,000750.SZ,国海证券,2017-09-30,2017-10-27,115,https://static.cninfo.com.cn/finalpage/2017-10-27/1204077360.PDF
1207029157,002411.SZ,延安必康,2019-09-30,2019-10-29,115,https://static.cninfo.com.cn/finalpage/2019-10-29/1207029157.PDF
1204078978,002426.SZ,胜利精密,2017-09-30,2017-10-27,115,https://static.cninfo.com.cn/finalpage/2017-10-27/1204078978.PDF
1224746398,002142.SZ,宁波银行,2025-09-30,2025-10-28,114,https://static.cninfo.com.cn/finalpage/2025-10-28/1224746398.PDF
1224744103,601009.SH,南京银行,2025-09-30,2025-10-28,114,https://static.cninfo.com.cn/finalpage/2025-10-28/1224744103.PDF
1205554670,000408.SZ,藏格控股,2018-09-30,2018-10-30,113,https://static.cninfo.com.cn/finalpage/2018-10-30/1205554670.PDF
1207048368,000415.SZ,渤海租赁,2019-09-30,2019-10-31,113,https://static.cninfo.com.cn/finalpage/2019-10-31/1207048368.PDF
1208661480,000627.SZ,天茂集团,2020-09-30,2020-10-31,113,https://static.cninfo.com.cn/finalpage/2020-10-31/1208661480.PDF
1211429471,000783.SZ,长江证券,2021-09-30,2021-10-30,113,https://static.cninfo.com.cn/finalpage/2021-10-30/1211429471.PDF
1211422336,600109.SH,国金证券,2021-09-30,2021-10-29,113,https://static.cninfo.com.cn/finalpage/2021-10-29/1211422336.PDF
1208663002,600369.SH,西南证券,2020-09-30,2020-10-31,113,https://static.cninfo.com.cn/finalpage/2020-10-31/1208663002.PDF
1208650831,600390.SH,五矿资本,2020-09-30,2020-10-30,113,https://static.cninfo.com.cn/finalpage/2020-10-30/1208650831.PDF
1207046700,600816.SH,安信信托,2019-09-30,2019-10-31,113,https://static.cninfo.com.cn/finalpage/2019-10-31/1207046700.PDF
1202806712,600919.SH,江苏银行,2016-09-30,2016-10-31,113,https://static.cninfo.com.cn/finalpage/2016-10-31/1202806712.PDF
1211420044,601108.SH,财通证券,2021-09-30,2021-10-29,113,https://static.cninfo.com.cn/finalpage/2021-10-29/1211420044.PDF
1208663543,601198.SH,东兴证券,2020-09-30,2020-10-31,113,https://static.cninfo.com.cn/finalpage/2020-10-31/1208663543.PDF
1207044578,601555.SH,东吴证券,2019-09-30,2019-10-31,113,https://static.cninfo.com.cn/finalpage/2019-10-31/1207044578.PDF
1208651953,601577.SH,长沙银行,2020-09-30,2020-10-30,113,https://static.cninfo.com.cn/finalpage/2020-10-30/1208651953.PDF
1224755535,601838.SH,成都银行,2025-09-30,2025-10-29,113,https://static.cninfo.com.cn/finalpage/2025-10-29/1224755535.PDF
1211420066,601990.SH,南京证券,2021-09-30,2021-10-29,113,https://static.cninfo.com.cn/finalpage/2021-10-29/1211420066.PDF
1202799529,601997.SH,贵阳银行,2016-09-30,2016-10-28,113,https://static.cninfo.com.cn/finalpage/2016-10-28/1202799529.PDF
1204825738,000408.SZ,藏格控股,2018-03-31,2018-04-28,112,https://static.cninfo.com.cn/finalpage/2018-04-28/1204825738.PDF
1206164983,000408.SZ,藏格控股,2019-03-31,2019-04-30,112,https://static.cninfo.com.cn/finalpage/2019-04-30/1206164983.PDF
1206162857,000415.SZ,渤海租赁,2019-03-31,2019-04-30,112,https://static.cninfo.com.cn/finalpage/2019-04-30/1206162857.PDF
1203424866,000686.SZ,东北证券,2017-03-31,2017-04-29,112,https://static.cninfo.com.cn/finalpage/2017-04-29/1203424866.PDF
1203412642,000750.SZ,国海证券,2017-03-31,2017-04-28,112,https://static.cninfo.com.cn/finalpage/2017-04-28/1203412642.PDF
1203741059,300059.SZ,东方财富,2017-06-30,2017-07-29,112,https://static.cninfo.com.cn/finalpage/2017-07-29/1203741059.PDF
1207647028,600390.SH,五矿资本,2020-03-31,2020-04-28,112,https://static.cninfo.com.cn/finalpage/2020-04-28/1207647028.PDF
1206167790,600816.SH,安信信托,2019-03-31,2019-04-30,112,https://static.cninfo.com.cn/finalpage/2019-04-30/1206167790.PDF
1207038696,600928.SH,西安银行,2019-09-30,2019-10-30,112,https://static.cninfo.com.cn/finalpage/2019-10-30/1207038696.PDF
1224778276,000617.SZ,中油资本,2025-09-30,2025-10-31,111,https://static.cninfo.com.cn/finalpage/2025-10-31/1224778276.PDF
1224776443,002736.SZ,国信证券,2025-09-30,2025-10-31,111,https://static.cninfo.com.cn/finalpage/2025-10-31/1224776443.PDF
1207604272,002958.SZ,青农商行,2020-03-31,2020-04-27,111,https://static.cninfo.com.cn/finalpage/2020-04-27/1207604272.PDF
1204801053,600909.SH,华安证券,2018-03-31,2018-04-27,111,https://static.cninfo.com.cn/finalpage/2018-04-27/1204801053.PDF
1224772685,600919.SH,江苏银行,2025-09-30,2025-10-31,111,https://static.cninfo.com.cn/finalpage/2025-10-31/1224772685.PDF
1224778046,600926.SH,杭州银行,2025-09-30,2025-10-31,111,https://static.cninfo.com.cn/finalpage/2025-10-31/1224778046.pdf
1224772438,600958.SH,东方证券,2025-09-30,2025-10-31,111,https://static.cninfo.com.cn/finalpage/2025-10-31/1224772438.PDF
1209842467,601162.SH,天风证券,2021-03-31,2021-04-28,111,https://static.cninfo.com.cn/finalpage/2021-04-28/1209842467.PDF
1224775603,601169.SH,北京银行,2025-09-30,2025-10-31,111,https://static.cninfo.com.cn/finalpage/2025-10-31/1224775603.PDF
1224778011,601229.SH,上海银行,2025-09-30,2025-10-31,111,https://static.cninfo.com.cn/finalpage/2025-10-31/1224778011.PDF
1223415466,601236.SH,红塔证券,2025-03-31,2025-04-30,111,https://static.cninfo.com.cn/finalpage/2025-04-30/1223415466.PDF
1221521894,601825.SH,沪农商行,2024-09-30,2024-10-26,111,https://static.cninfo.com.cn/finalpage/2024-10-26/1221521894.PDF
1224772711,601825.SH,沪农商行,2025-09-30,2025-10-31,111,https://static.cninfo.com.cn/finalpage/2025-10-31/1224772711.PDF
1224769126,601878.SH,浙商证券,2025-09-30,2025-10-31,111,https://static.cninfo.com.cn/finalpage/2025-10-31/1224769126.PDF
1206123040,002411.SZ,延安必康,2019-03-31,2019-04-29,110,https://static.cninfo.com.cn/finalpage/2019-04-29/1206123040.PDF
1209857175,600109.SH,国金证券,2021-03-31,2021-04-29,110,https://static.cninfo.com.cn/finalpage/2021-04-29/1209857175.PDF
1207693718,601577.SH,长沙银行,2020-03-31,2020-04-30,110,https://static.cninfo.com.cn/finalpage/2020-04-30/1207693718.PDF
1209859030,601990.SH,南京证券,2021-03-31,2021-04-29,110,https://static.cninfo.com.cn/finalpage/2021-04-29/1209859030.PDF
1207689981,600369.SH,西南证券,2020-03-31,2020-04-30,109,https://static.cninfo.com.cn/finalpage/2020-04-30/1207689981.PDF
1207691523,601198.SH,东兴证券,2020-03-31,2020-04-30,109,https://static.cninfo.com.cn/finalpage/2020-04-30/1207691523.PDF
1207678627,000627.SZ,天茂集团,2020-03-31,2020-04-30,108,https://static.cninfo.com.cn/finalpage/2020-04-30/1207678627.PDF
1209858743,601108.SH,财通证券,2021-03-31,2021-04-29,108,https://static.cninfo.com.cn/finalpage/2021-04-29/1209858743.PDF
1209858942,601696.SH,中银证券,2021-03-31,2021-04-29,108,https://static.cninfo.com.cn/finalpage/2021-04-29/1209858942.PDF
1209869092,000783.SZ,长江证券,2021-03-31,2021-04-30,107,https://static.cninfo.com.cn/finalpage/2021-04-30/1209869092.PDF
1205254620,300059.SZ,东方财富,2018-06-30,2018-08-03,107,https://static.cninfo.com.cn/finalpage/2018-08-03/1205254620.PDF
1204077876,000686.SZ,东北证券,2017-09-30,2017-10-27,104,https://static.cninfo.com.cn/finalpage/2017-10-27/1204077876.PDF
1224728982,600015.SH,华夏银行,2025-09-30,2025-10-24,104,https://static.cninfo.com.cn/finalpage/2025-10-24/1224728982.PDF
1202765651,600256.SH,广汇能源,2016-09-30,2016-10-18,104,https://static.cninfo.com.cn/finalpage/2016-10-18/1202765651.PDF
1211434625,601162.SH,天风证券,2021-09-30,2021-10-30,103,https://static.cninfo.com.cn/finalpage/2021-10-30/1211434625.PDF
1214962363,601916.SH,浙商银行,2022-09-30,2022-10-29,103,https://static.cninfo.com.cn/finalpage/2022-10-29/1214962363.PDF
1224735112,600030.SH,中信证券,2025-09-30,2025-10-25,102,https://static.cninfo.com.cn/finalpage/2025-10-25/1224735112.PDF
1224773380,600061.SH,国投资本,2025-09-30,2025-10-31,102,https://static.cninfo.com.cn/finalpage/2025-10-31/1224773380.PDF
1224737634,601318.SH,中国平安,2025-09-30,2025-10-25,102,https://static.cninfo.com.cn/finalpage/2025-10-25/1224737634.PDF
1204097768,601375.SH,中原证券,2017-09-30,2017-10-31,102,https://static.cninfo.com.cn/finalpage/2017-10-31/1204097768.PDF
1211422957,601696.SH,中银证券,2021-09-30,2021-10-29,102,https://static.cninfo.com.cn/finalpage/2021-10-29/1211422957.PDF
1214937719,000617.SZ,中油资本,2022-09-30,2022-10-28,101,https://static.cninfo.com.cn/finalpage/2022-10-28/1214937719.PDF
1203791125,000783.SZ,长江证券,2017-06-30,2017-08-12,101,https://static.cninfo.com.cn/finalpage/2017-08-12/1203791125.PDF
1206475366,300059.SZ,东方财富,2019-06-30,2019-07-27,101,https://static.cninfo.com.cn/finalpage/2019-07-27/1206475366.PDF
1224753453,601059.SH,信达证券,2025-09-30,2025-10-29,101,https://static.cninfo.com.cn/finalpage/2025-10-29/1224753453.PDF
1205556971,601577.SH,长沙银行,2018-09-30,2018-10-30,101,https://static.cninfo.com.cn/finalpage/2018-10-30/1205556971.PDF
1224754192,601988.SH,中国银行,2025-09-30,2025-10-29,101,https://static.cninfo.com.cn/finalpage/2025-10-29/1224754192.PDF
1203784211,002310.SZ,东方园林,2017-06-30,2017-08-11,100,https://static.cninfo.com.cn/finalpage/2017-08-11/1203784211.PDF
1210562630,300059.SZ,东方财富,2021-06-30,2021-07-24,100,https://static.cninfo.com.cn/finalpage/2021-07-24/1210562630.PDF
1202795330,600446.SH,金证股份,2016-09-30,2016-10-28,100,https://static.cninfo.com.cn/finalpage/2016-10-28/1202795330.PDF
1202798461,600816.SH,安信信托,2016-09-30,2016-10-28,100,https://static.cninfo.com.cn/finalpage/2016-10-28/1202798461.PDF
1224762024,601995.SH,中金公司,2025-09-30,2025-10-30,100,https://static.cninfo.com.cn/finalpage/2025-10-30/1224762024.PDF
1202797783,000009.SZ,中国宝安,2016-09-30,2016-10-28,99,https://static.cninfo.com.cn/finalpage/2016-10-28/1202797783.PDF
1202797193,000718.SZ,苏宁环球,2016-09-30,2016-10-28,99,https://static.cninfo.com.cn/finalpage/2016-10-28/1202797193.PDF
1224776462,000776.SZ,广发证券,2025-09-30,2025-10-31,99,https://static.cninfo.com.cn/finalpage/2025-10-31/1224776462.PDF
1202796600,000793.SZ,华闻传媒,2016-09-30,2016-10-28,99,https://static.cninfo.com.cn/finalpage/2016-10-28/1202796600.PDF
1202803772,000917.SZ,电广传媒,2016-09-30,2016-10-29,99,https://static.cninfo.com.cn/finalpage/2016-10-29/1202803772.PDF
1202784264,000977.SZ,浪潮信息,2016-09-30,2016-10-26,99,https://static.cninfo.com.cn/finalpage/2016-10-26/1202784264.PDF
1202803469,002183.SZ,怡 亚 通,2016-09-30,2016-10-29,99,https://static.cninfo.com.cn/finalpage/2016-10-29/1202803469.PDF
1204077554,002839.SZ,张家港行,2017-09-30,2017-10-27,99,https://static.cninfo.com.cn/finalpage/2017-10-27/1204077554.PDF
1202782430,300104.SZ,乐视网,2016-09-30,2016-10-25,99,https://static.cninfo.com.cn/finalpage/2016-10-25/1202782430.PDF
1202781316,300168.SZ,万达信息,2016-09-30,2016-10-25,99,https://static.cninfo.com.cn/finalpage/2016-10-25/1202781316.PDF
1224775581,600000.SH,浦发银行,2025-09-30,2025-10-31,99,https://static.cninfo.com.cn/finalpage/2025-10-31/1224775581.PDF
1224777062,600016.SH,民生银行,2025-09-30,2025-10-31,99,https://static.cninfo.com.cn/finalpage/2025-10-31/1224777062.PDF
1224774476,600918.SH,中泰证券,2025-09-30,2025-10-31,99,https://static.cninfo.com.cn/finalpage/2025-10-31/1224774476.PDF
1224777044,601288.SH,农业银行,2025-09-30,2025-10-31,99,https://static.cninfo.com.cn/finalpage/2025-10-31/1224777044.PDF
1224773634,601688.SH,华泰证券,2025-09-30,2025-10-31,99,https://static.cninfo.com.cn/finalpage/2025-10-31/1224773634.PDF
1224775368,601818.SH,光大银行,2025-09-30,2025-10-31,99,https://static.cninfo.com.cn/finalpage/2025-10-31/1224775368.PDF
1224777189,601881.SH,中国银河,2025-09-30,2025-10-31,99,https://static.cninfo.com.cn/finalpage/2025-10-31/1224777189.PDF
1224773339,601901.SH,方正证券,2025-09-30,2025-10-31,99,https://static.cninfo.com.cn/finalpage/2025-10-31/1224773339.PDF
1224776548,601916.SH,浙商银行,2025-09-30,2025-10-31,99,https://static.cninfo.com.cn/finalpage/2025-10-31/1224776548.PDF
1205265615,000728.SZ,国元证券,2018-06-30,2018-08-08,98,https://static.cninfo.com.cn/finalpage/2018-08-08/1205265615.PDF
1202803360,002131.SZ,利欧股份,2016-09-30,2016-10-29,98,https://static.cninfo.com.cn/finalpage/2016-10-29/1202803360.PDF
1205263094,002310.SZ,东方园林,2018-06-30,2018-08-07,98,https://static.cninfo.com.cn/finalpage/2018-08-07/1205263094.PDF
1224755022,003816.SZ,中国广核,2025-09-30,2025-10-29,98,https://static.cninfo.com.cn/finalpage/2025-10-29/1224755022.PDF
1208152436,300059.SZ,东方财富,2020-06-30,2020-08-12,98,https://static.cninfo.com.cn/finalpage/2020-08-12/1208152436.PDF
1202798300,300133.SZ,华策影视,2016-09-30,2016-10-28,98,https://static.cninfo.com.cn/finalpage/2016-10-28/1202798300.PDF
1203785353,600015.SH,华夏银行,2017-06-30,2017-08-11,98,https://static.cninfo.com.cn/finalpage/2017-08-11/1203785353.PDF
1224763992,600036.SH,招商银行,2025-09-30,2025-10-30,98,https://static.cninfo.com.cn/finalpage/2025-10-30/1224763992.PDF
1205554169,600909.SH,华安证券,2018-09-30,2018-10-30,98,https://static.cninfo.com.cn/finalpage/2018-10-30/1205554169.PDF
1221556396,601077.SH,渝农商行,2024-09-30,2024-10-30,98,https://static.cninfo.com.cn/finalpage/2024-10-30/1221556396.PDF
1224754814,601077.SH,渝农商行,2025-09-30,2025-10-29,98,https://static.cninfo.com.cn/finalpage/2025-10-29/1224754814.PDF
1224735526,000001.SZ,平安银行,2025-09-30,2025-10-25,97,https://static.cninfo.com.cn/finalpage/2025-10-25/1224735526.PDF
1202796464,000156.SZ,华数传媒,2016-09-30,2016-10-28,97,https://static.cninfo.com.cn/finalpage/2016-10-28/1202796464.PDF
1224777372,000166.SZ,申万宏源,2025-09-30,2025-10-31,97,https://static.cninfo.com.cn/finalpage/2025-10-31/1224777372.PDF
1217522152,300059.SZ,东方财富,2023-06-30,2023-08-12,97,https://static.cninfo.com.cn/finalpage/2023-08-12/1217522152.PDF
1224736179,300059.SZ,东方财富,2025-09-30,2025-10-25,97,https://static.cninfo.com.cn/finalpage/2025-10-25/1224736179.PDF
1205305811,600015.SH,华夏银行,2018-06-30,2018-08-20,97,https://static.cninfo.com.cn/finalpage/2018-08-20/1205305811.PDF
1202801830,600150.SH,中国船舶,2016-09-30,2016-10-29,97,https://static.cninfo.com.cn/finalpage/2016-10-29/1202801830.PDF
1202805355,600737.SH,中粮屯河,2016-09-30,2016-10-29,97,https://static.cninfo.com.cn/finalpage/2016-10-29/1202805355.PDF
1203051816,600816.SH,安信信托,2016-12-31,2017-01-25,97,https://static.cninfo.com.cn/finalpage/2017-01-25/1203051816.PDF
1224771580,600999.SH,招商证券,2025-09-30,2025-10-31,97,https://static.cninfo.com.cn/finalpage/2025-10-31/1224771580.PDF
1224774648,601066.SH,中信建投,2025-09-30,2025-10-31,97,https://static.cninfo.com.cn/finalpage/2025-10-31/1224774648.PDF
1224776277,601166.SH,兴业银行,2025-09-30,2025-10-31,97,https://static.cninfo.com.cn/finalpage/2025-10-31/1224776277.PDF
1224776956,601211.SH,国泰海通,2025-09-30,2025-10-31,97,https://static.cninfo.com.cn/finalpage/2025-10-31/1224776956.PDF
1224771373,601236.SH,红塔证券,2025-09-30,2025-10-31,97,https://static.cninfo.com.cn/finalpage/2025-10-31/1224771373.PDF
1224776818,601319.SH,中国人保,2025-09-30,2025-10-31,97,https://static.cninfo.com.cn/finalpage/2025-10-31/1224776818.PDF
1224777315,601328.SH,交通银行,2025-09-30,2025-10-31,97,https://static.cninfo.com.cn/finalpage/2025-10-31/1224777315.PDF
1224772172,601336.SH,新华保险,2025-09-30,2025-10-31,97,https://static.cninfo.com.cn/finalpage/2025-10-31/1224772172.PDF
1224772368,601377.SH,兴业证券,2025-09-30,2025-10-31,97,https://static.cninfo.com.cn/finalpage/2025-10-31/1224772368.PDF
1224774749,601398.SH,工商银行,2025-09-30,2025-10-31,97,https://static.cninfo.com.cn/finalpage/2025-10-31/1224774749.PDF
1224774951,601601.SH,中国太保,2025-09-30,2025-10-31,97,https://static.cninfo.com.cn/finalpage/2025-10-31/1224774951.PDF
1224771859,601658.SH,邮储银行,2025-09-30,2025-10-31,97,https://static.cninfo.com.cn/finalpage/2025-10-31/1224771859.PDF
1224771538,601788.SH,光大证券,2025-09-30,2025-10-31,97,https://static.cninfo.com.cn/finalpage/2025-10-31/1224771538.PDF
1224775693,601939.SH,建设银行,2025-09-30,2025-10-31,97,https://static.cninfo.com.cn/finalpage/2025-10-31/1224775693.PDF
1207305488,000001.SZ,平安银行,2019-12-31,2020-02-14,96,https://static.cninfo.com.cn/finalpage/2020-02-14/1207305488.PDF
1203847423,000728.SZ,国元证券,2017-06-30,2017-08-23,96,https://static.cninfo.com.cn/finalpage/2017-08-23/1203847423.PDF
1214282844,300059.SZ,东方财富,2022-06-30,2022-08-13,96,https://static.cninfo.com.cn/finalpage/2022-08-13/1214282844.PDF
1224773689,601628.SH,中国人寿,2025-09-30,2025-10-31,96,https://static.cninfo.com.cn/finalpage/2025-10-31/1224773689.PDF
1203791482,000166.SZ,申万宏源,2017-06-30,2017-08-12,94,https://static.cninfo.com.cn/finalpage/2017-08-12/1203791482.PDF
1206548831,600919.SH,江苏银行,2019-06-30,2019-08-21,93,https://static.cninfo.com.cn/finalpage/2019-08-21/1206548831.PDF
1205273386,601009.SH,南京银行,2018-06-30,2018-08-10,93,https://static.cninfo.com.cn/finalpage/2018-08-10/1205273386.PDF
1224765271,601136.SH,首创证券,2025-09-30,2025-10-30,93,https://static.cninfo.com.cn/finalpage/2025-10-30/1224765271.PDF
1206547096,000728.SZ,国元证券,2019-06-30,2019-08-20,92,https://static.cninfo.com.cn/finalpage/2019-08-20/1206547096.PDF
1220834724,300059.SZ,东方财富,2024-06-30,2024-08-10,92,https://static.cninfo.com.cn/finalpage/2024-08-10/1220834724.PDF
1203865756,601009.SH,南京银行,2017-06-30,2017-08-25,92,https://static.cninfo.com.cn/finalpage/2017-08-25/1203865756.PDF
1206555434,601211.SH,国泰君安,2019-06-30,2019-08-23,92,https://static.cninfo.com.cn/finalpage/2019-08-23/1206555434.PDF
1224775500,601998.SH,中信银行,2025-09-30,2025-10-31,92,https://static.cninfo.com.cn/finalpage/2025-10-31/1224775500.PDF
1210781649,601009.SH,南京银行,2021-06-30,2021-08-19,91,https://static.cninfo.com.cn/finalpage/2021-08-19/1210781649.PDF
1207316204,601318.SH,中国平安,2019-12-31,2020-02-21,91,https://static.cninfo.com.cn/finalpage/2020-02-21/1207316204.PDF
1205289447,000001.SZ,平安银行,2018-06-30,2018-08-16,90,https://static.cninfo.com.cn/finalpage/2018-08-16/1205289447.PDF
1202774843,002152.SZ,广电运通,2016-09-30,2016-10-22,90,https://static.cninfo.com.cn/finalpage/2016-10-22/1202774843.PDF
1203836922,002500.SZ,山西证券,2017-06-30,2017-08-22,90,https://static.cninfo.com.cn/finalpage/2017-08-22/1203836922.PDF
1203800722,002673.SZ,西部证券,2017-06-30,2017-08-16,90,https://static.cninfo.com.cn/finalpage/2017-08-16/1203800722.PDF
1220891556,600919.SH,江苏银行,2024-06-30,2024-08-17,90,https://static.cninfo.com.cn/finalpage/2024-08-17/1220891556.PDF
1217710753,601009.SH,南京银行,2023-06-30,2023-08-31,90,https://static.cninfo.com.cn/finalpage/2023-08-31/1217710753.PDF
1206514932,600015.SH,华夏银行,2019-06-30,2019-08-13,89,https://static.cninfo.com.cn/finalpage/2019-08-13/1206514932.PDF
1202800966,600037.SH,歌华有线,2016-09-30,2016-10-29,89,https://static.cninfo.com.cn/finalpage/2016-10-29/1202800966.PDF
1202805051,600718.SH,东软集团,2016-09-30,2016-10-29,89,https://static.cninfo.com.cn/finalpage/2016-10-29/1202805051.PDF
1208178502,600919.SH,江苏银行,2020-06-30,2020-08-15,89,https://static.cninfo.com.cn/finalpage/2020-08-15/1208178502.PDF
1220766251,601009.SH,南京银行,2024-06-30,2024-08-01,89,https://static.cninfo.com.cn/finalpage/2024-08-01/1220766251.PDF
1208159184,601211.SH,国泰君安,2020-06-30,2020-08-13,89,https://static.cninfo.com.cn/finalpage/2020-08-13/1208159184.PDF
1203791342,601688.SH,华泰证券,2017-06-30,2017-08-12,89,https://static.cninfo.com.cn/finalpage/2017-08-12/1203791342.PDF
1203784573,000001.SZ,平安银行,2017-06-30,2017-08-11,88,https://static.cninfo.com.cn/finalpage/2017-08-11/1203784573.PDF
1202231150,000156.SZ,华数传媒,2016-03-31,2016-04-25,88,https://static.cninfo.com.cn/finalpage/2016-04-25/1202231150.PDF
1203387842,000156.SZ,华数传媒,2017-03-31,2017-04-26,88,https://static.cninfo.com.cn/finalpage/2017-04-26/1203387842.PDF
1202280293,000415.SZ,渤海金控,2016-03-31,2016-04-30,88,https://static.cninfo.com.cn/finalpage/2016-04-30/1202280293.PDF
1202785359,000555.SZ,神州信息,2016-09-30,2016-10-26,88,https://static.cninfo.com.cn/finalpage/2016-10-26/1202785359.PDF
1204738637,000623.SZ,吉林敖东,2018-03-31,2018-04-25,88,https://static.cninfo.com.cn/finalpage/2018-04-25/1204738637.PDF
1202240592,000728.SZ,国元证券,2016-03-31,2016-04-26,88,https://static.cninfo.com.cn/finalpage/2016-04-26/1202240592.PDF
1203807869,002142.SZ,宁波银行,2017-06-30,2017-08-18,88,https://static.cninfo.com.cn/finalpage/2017-08-18/1203807869.PDF
1202780654,002299.SZ,圣农发展,2016-09-30,2016-10-25,88,https://static.cninfo.com.cn/finalpage/2016-10-25/1202780654.PDF
1205308525,600919.SH,江苏银行,2018-06-30,2018-08-21,88,https://static.cninfo.com.cn/finalpage/2018-08-21/1205308525.PDF
1202283163,601169.SH,北京银行,2016-03-31,2016-04-30,88,https://static.cninfo.com.cn/finalpage/2016-04-30/1202283163.PDF
1204821830,000627.SZ,天茂集团,2018-03-31,2018-04-28,87,https://static.cninfo.com.cn/finalpage/2018-04-28/1204821830.PDF
1208182910,000728.SZ,国元证券,2020-06-30,2020-08-17,87,https://static.cninfo.com.cn/finalpage/2020-08-17/1208182910.PDF
1202781063,002049.SZ,紫光国芯,2016-09-30,2016-10-25,87,https://static.cninfo.com.cn/finalpage/2016-10-25/1202781063.PDF
1210746862,002142.SZ,宁波银行,2021-06-30,2021-08-14,87,https://static.cninfo.com.cn/finalpage/2021-08-14/1210746862.PDF
1209738388,002673.SZ,西部证券,2021-03-31,2021-04-21,87,https://static.cninfo.com.cn/finalpage/2021-04-21/1209738388.PDF
1202241129,300168.SZ,万达信息,2016-03-31,2016-04-26,87,https://static.cninfo.com.cn/finalpage/2016-04-26/1202241129.PDF
1203384913,300168.SZ,万达信息,2017-03-31,2017-04-26,87,https://static.cninfo.com.cn/finalpage/2017-04-26/1203384913.PDF
1203820227,600036.SH,招商银行,2017-06-30,2017-08-19,87,https://static.cninfo.com.cn/finalpage/2017-08-19/1203820227.PDF
1210747886,600036.SH,招商银行,2021-06-30,2021-08-14,87,https://static.cninfo.com.cn/finalpage/2021-08-14/1210747886.PDF
1206080357,600928.SH,西安银行,2019-03-31,2019-04-24,87,https://static.cninfo.com.cn/finalpage/2019-04-24/1206080357.PDF
1207551430,600928.SH,西安银行,2020-03-31,2020-04-22,87,https://static.cninfo.com.cn/finalpage/2020-04-22/1207551430.PDF
1202226615,601099.SH,太平洋,2016-03-31,2016-04-23,87,https://static.cninfo.com.cn/finalpage/2016-04-23/1202226615.PDF
1202265509,000009.SZ,中国宝安,2016-03-31,2016-04-29,86,https://static.cninfo.com.cn/finalpage/2016-04-29/1202265509.PDF
1203404726,000009.SZ,中国宝安,2017-03-31,2017-04-27,86,https://static.cninfo.com.cn/finalpage/2017-04-27/1203404726.PDF
1202257893,000555.SZ,神州信息,2016-03-31,2016-04-28,86,https://static.cninfo.com.cn/finalpage/2016-04-28/1202257893.PDF
1203404198,000555.SZ,神州信息,2017-03-31,2017-04-27,86,https://static.cninfo.com.cn/finalpage/2017-04-27/1203404198.PDF
1202196950,002131.SZ,利欧股份,2016-03-31,2016-04-19,86,https://static.cninfo.com.cn/finalpage/2016-04-19/1202196950.PDF
1203426090,002131.SZ,利欧股份,2017-03-31,2017-04-29,86,https://static.cninfo.com.cn/finalpage/2017-04-29/1203426090.PDF
1208323512,002142.SZ,宁波银行,2020-06-30,2020-08-29,86,https://static.cninfo.com.cn/finalpage/2020-08-29/1208323512.PDF
1204664105,002673.SZ,西部证券,2018-03-31,2018-04-20,86,https://static.cninfo.com.cn/finalpage/2018-04-20/1204664105.PDF
1202188848,002736.SZ,国信证券,2016-03-31,2016-04-18,86,https://static.cninfo.com.cn/finalpage/2016-04-18/1202188848.PDF
1202284440,600000.SH,浦发银行,2016-03-31,2016-04-30,86,https://static.cninfo.com.cn/finalpage/2016-04-30/1202284440.PDF
1202236541,600109.SH,国金证券,2016-03-31,2016-04-25,86,https://static.cninfo.com.cn/finalpage/2016-04-25/1202236541.PDF
1203415585,600390.SH,*ST金瑞,2017-03-31,2017-04-28,86,https://static.cninfo.com.cn/finalpage/2017-04-28/1203415585.PDF
1202251154,600718.SH,东软集团,2016-03-31,2016-04-27,86,https://static.cninfo.com.cn/finalpage/2016-04-27/1202251154.PDF
1203428923,600718.SH,东软集团,2017-03-31,2017-04-29,86,https://static.cninfo.com.cn/finalpage/2017-04-29/1203428923.PDF
1219877293,600837.SH,海通证券,2024-03-31,2024-04-27,86,https://static.cninfo.com.cn/finalpage/2024-04-27/1219877293.PDF
1204824833,601099.SH,太平洋,2018-03-31,2018-04-28,86,https://static.cninfo.com.cn/finalpage/2018-04-28/1204824833.PDF
1202269168,601288.SH,农业银行,2016-03-31,2016-04-29,86,https://static.cninfo.com.cn/finalpage/2016-04-29/1202269168.PDF
1208227165,601319.SH,中国人保,2020-06-30,2020-08-22,86,https://static.cninfo.com.cn/finalpage/2020-08-22/1208227165.PDF
1202269174,601398.SH,工商银行,2016-03-31,2016-04-29,86,https://static.cninfo.com.cn/finalpage/2016-04-29/1202269174.PDF
1220960460,601878.SH,浙商证券,2024-06-30,2024-08-24,86,https://static.cninfo.com.cn/finalpage/2024-08-24/1220960460.PDF
1213102506,601916.SH,浙商银行,2022-03-31,2022-04-26,86,https://static.cninfo.com.cn/finalpage/2022-04-26/1213102506.PDF
1202284403,601939.SH,建设银行,2016-03-31,2016-04-30,86,https://static.cninfo.com.cn/finalpage/2016-04-30/1202284403.PDF
1202251688,601988.SH,中国银行,2016-03-31,2016-04-27,86,https://static.cninfo.com.cn/finalpage/2016-04-27/1202251688.PDF
1205276235,000783.SZ,长江证券,2018-06-30,2018-08-11,85,https://static.cninfo.com.cn/finalpage/2018-08-11/1205276235.PDF
1220912090,600000.SH,浦发银行,2024-06-30,2024-08-20,85,https://static.cninfo.com.cn/finalpage/2024-08-20/1220912090.PDF
1202282763,600016.SH,民生银行,2016-03-31,2016-04-30,85,https://static.cninfo.com.cn/finalpage/2016-04-30/1202282763.PDF
1205319945,600030.SH,中信证券,2018-06-30,2018-08-24,85,https://static.cninfo.com.cn/finalpage/2018-08-24/1205319945.PDF
1206555967,600030.SH,中信证券,2019-06-30,2019-08-23,85,https://static.cninfo.com.cn/finalpage/2019-08-23/1206555967.PDF
1208236191,600030.SH,中信证券,2020-06-30,2020-08-25,85,https://static.cninfo.com.cn/finalpage/2020-08-25/1208236191.PDF
1205325773,600036.SH,招商银行,2018-06-30,2018-08-25,85,https://static.cninfo.com.cn/finalpage/2018-08-25/1205325773.PDF
1202274496,600369.SH,西南证券,2016-03-31,2016-04-29,85,https://static.cninfo.com.cn/finalpage/2016-04-29/1202274496.PDF
1202802733,600390.SH,*ST金瑞,2016-09-30,2016-10-29,85,https://static.cninfo.com.cn/finalpage/2016-10-29/1202802733.PDF
1202259609,600837.SH,海通证券,2016-03-31,2016-04-28,85,https://static.cninfo.com.cn/finalpage/2016-04-28/1202259609.PDF
1202274256,600958.SH,东方证券,2016-03-31,2016-04-29,85,https://static.cninfo.com.cn/finalpage/2016-04-29/1202274256.PDF
1202260810,601166.SH,兴业银行,2016-03-31,2016-04-28,85,https://static.cninfo.com.cn/finalpage/2016-04-28/1202260810.PDF
1205326608,601211.SH,国泰君安,2018-06-30,2018-08-25,85,https://static.cninfo.com.cn/finalpage/2018-08-25/1205326608.PDF
1206569826,601319.SH,中国人保,2019-06-30,2019-08-24,85,https://static.cninfo.com.cn/finalpage/2019-08-24/1206569826.PDF
1202281684,601336.SH,新华保险,2016-03-31,2016-04-30,85,https://static.cninfo.com.cn/finalpage/2016-04-30/1202281684.PDF
1203428401,601375.SH,中原证券,2017-03-31,2017-04-29,85,https://static.cninfo.com.cn/finalpage/2017-04-29/1203428401.PDF
1202248351,601377.SH,兴业证券,2016-03-31,2016-04-27,85,https://static.cninfo.com.cn/finalpage/2016-04-27/1202248351.PDF
1202266539,601555.SH,东吴证券,2016-03-31,2016-04-29,85,https://static.cninfo.com.cn/finalpage/2016-04-29/1202266539.PDF
1206543391,601577.SH,长沙银行,2019-06-30,2019-08-19,85,https://static.cninfo.com.cn/finalpage/2019-08-19/1206543391.PDF
1206572707,601601.SH,中国太保,2019-06-30,2019-08-26,85,https://static.cninfo.com.cn/finalpage/2019-08-26/1206572707.PDF
1202246405,601788.SH,光大证券,2016-03-31,2016-04-26,85,https://static.cninfo.com.cn/finalpage/2016-04-26/1202246405.PDF
1210781603,601878.SH,浙商证券,2021-06-30,2021-08-19,85,https://static.cninfo.com.cn/finalpage/2021-08-19/1210781603.PDF
1214353953,601878.SH,浙商证券,2022-06-30,2022-08-23,85,https://static.cninfo.com.cn/finalpage/2022-08-23/1214353953.PDF
1217605269,601878.SH,浙商证券,2023-06-30,2023-08-23,85,https://static.cninfo.com.cn/finalpage/2023-08-23/1217605269.PDF
1202263661,000750.SZ,国海证券,2016-03-31,2016-04-29,84,https://static.cninfo.com.cn/finalpage/2016-04-29/1202263661.PDF
1202211655,002049.SZ,同方国芯,2016-03-31,2016-04-21,84,https://static.cninfo.com.cn/finalpage/2016-04-21/1202211655.PDF
1203357472,002049.SZ,紫光国芯,2017-03-31,2017-04-22,84,https://static.cninfo.com.cn/finalpage/2017-04-22/1203357472.PDF
1203412926,002839.SZ,张家港行,2017-03-31,2017-04-28,84,https://static.cninfo.com.cn/finalpage/2017-04-28/1203412926.PDF
1203874031,600030.SH,中信证券,2017-06-30,2017-08-26,84,https://static.cninfo.com.cn/finalpage/2017-08-26/1203874031.PDF
1202261081,600737.SH,中粮屯河,2016-03-31,2016-04-28,84,https://static.cninfo.com.cn/finalpage/2016-04-28/1202261081.PDF
1203418237,600737.SH,中粮糖业,2017-03-31,2017-04-28,84,https://static.cninfo.com.cn/finalpage/2017-04-28/1203418237.PDF
1214299777,601009.SH,南京银行,2022-06-30,2022-08-16,84,https://static.cninfo.com.cn/finalpage/2022-08-16/1214299777.PDF
1216521131,601059.SH,信达证券,2023-03-31,2023-04-22,84,https://static.cninfo.com.cn/finalpage/2023-04-22/1216521131.PDF
1203872607,601211.SH,国泰君安,2017-06-30,2017-08-26,84,https://static.cninfo.com.cn/finalpage/2017-08-26/1203872607.PDF
1203379764,601212.SH,白银有色,2017-03-31,2017-04-25,84,https://static.cninfo.com.cn/finalpage/2017-04-25/1203379764.PDF
1205314114,601838.SH,成都银行,2018-06-30,2018-08-22,84,https://static.cninfo.com.cn/finalpage/2018-08-22/1205314114.PDF
1205316249,601878.SH,浙商证券,2018-06-30,2018-08-23,84,https://static.cninfo.com.cn/finalpage/2018-08-23/1205316249.PDF
1208235797,601878.SH,浙商证券,2020-06-30,2020-08-25,84,https://static.cninfo.com.cn/finalpage/2020-08-25/1208235797.PDF
1206545379,601901.SH,方正证券,2019-06-30,2019-08-20,84,https://static.cninfo.com.cn/finalpage/2019-08-20/1206545379.PDF
1216587606,601916.SH,浙商银行,2023-03-31,2023-04-26,84,https://static.cninfo.com.cn/finalpage/2023-04-26/1216587606.PDF
1202261882,601998.SH,中信银行,2016-03-31,2016-04-28,84,https://static.cninfo.com.cn/finalpage/2016-04-28/1202261882.PDF
1202263522,002152.SZ,广电运通,2016-03-31,2016-04-29,83,https://static.cninfo.com.cn/finalpage/2016-04-29/1202263522.PDF
1203402727,002152.SZ,广电运通,2017-03-31,2017-04-27,83,https://static.cninfo.com.cn/finalpage/2017-04-27/1203402727.PDF
1202229162,002426.SZ,胜利精密,2016-03-31,2016-04-25,83,https://static.cninfo.com.cn/finalpage/2016-04-25/1202229162.PDF
1203335471,002426.SZ,胜利精密,2017-03-31,2017-04-20,83,https://static.cninfo.com.cn/finalpage/2017-04-20/1203335471.PDF
1208237339,002736.SZ,国信证券,2020-06-30,2020-08-25,83,https://static.cninfo.com.cn/finalpage/2020-08-25/1208237339.PDF
1214343458,600036.SH,招商银行,2022-06-30,2022-08-20,83,https://static.cninfo.com.cn/finalpage/2022-08-20/1214343458.PDF
1202245877,600705.SH,中航资本,2016-03-31,2016-04-26,83,https://static.cninfo.com.cn/finalpage/2016-04-26/1202245877.PDF
1203897228,600919.SH,江苏银行,2017-06-30,2017-08-30,83,https://static.cninfo.com.cn/finalpage/2017-08-30/1203897228.PDF
1219793311,601136.SH,首创证券,2024-03-31,2024-04-25,83,https://static.cninfo.com.cn/finalpage/2024-04-25/1219793311.PDF
1203820745,601198.SH,东兴证券,2017-06-30,2017-08-19,83,https://static.cninfo.com.cn/finalpage/2017-08-19/1203820745.PDF
1205354371,601555.SH,东吴证券,2018-06-30,2018-08-30,83,https://static.cninfo.com.cn/finalpage/2018-08-30/1205354371.PDF
1202284374,601601.SH,中国太保,2016-03-31,2016-04-30,83,https://static.cninfo.com.cn/finalpage/2016-04-30/1202284374.PDF
1206550392,601878.SH,浙商证券,2019-06-30,2019-08-22,83,https://static.cninfo.com.cn/finalpage/2019-08-22/1206550392.PDF
1207037548,601990.SH,南京证券,2019-09-30,2019-10-30,83,https://static.cninfo.com.cn/finalpage/2019-10-30/1207037548.PDF
1207648781,601997.SH,贵阳银行,2020-03-31,2020-04-28,83,https://static.cninfo.com.cn/finalpage/2020-04-28/1207648781.PDF
1202274335,603993.SH,洛阳钼业,2016-03-31,2016-04-29,83,https://static.cninfo.com.cn/finalpage/2016-04-29/1202274335.PDF
1209224370,000001.SZ,平安银行,2020-12-31,2021-02-02,82,https://static.cninfo.com.cn/finalpage/2021-02-02/1209224370.PDF
1205304701,000166.SZ,申万宏源,2018-06-30,2018-08-18,82,https://static.cninfo.com.cn/finalpage/2018-08-18/1205304701.PDF
1202263481,000623.SZ,吉林敖东,2016-03-31,2016-04-29,82,https://static.cninfo.com.cn/finalpage/2016-04-29/1202263481.PDF
1202249482,000686.SZ,东北证券,2016-03-31,2016-04-27,82,https://static.cninfo.com.cn/finalpage/2016-04-27/1202249482.PDF
1202263516,000718.SZ,苏宁环球,2016-03-31,2016-04-29,82,https://static.cninfo.com.cn/finalpage/2016-04-29/1202263516.PDF
1203423563,000718.SZ,苏宁环球,2017-03-31,2017-04-29,82,https://static.cninfo.com.cn/finalpage/2017-04-29/1203423563.PDF
1202264267,000776.SZ,广发证券,2016-03-31,2016-04-29,82,https://static.cninfo.com.cn/finalpage/2016-04-29/1202264267.PDF
1202225934,002195.SZ,二三四五,2016-03-31,2016-04-25,82,https://static.cninfo.com.cn/finalpage/2016-04-25/1202225934.PDF
1203358778,002195.SZ,二三四五,2017-03-31,2017-04-22,82,https://static.cninfo.com.cn/finalpage/2017-04-22/1203358778.PDF
1202219332,002500.SZ,山西证券,2016-03-31,2016-04-22,82,https://static.cninfo.com.cn/finalpage/2016-04-22/1202219332.PDF
1206551559,002945.SZ,华林证券,2019-06-30,2019-08-22,82,https://static.cninfo.com.cn/finalpage/2019-08-22/1206551559.PDF
1202283837,600030.SH,中信证券,2016-03-31,2016-04-30,82,https://static.cninfo.com.cn/finalpage/2016-04-30/1202283837.PDF
1206569919,600036.SH,招商银行,2019-06-30,2019-08-24,82,https://static.cninfo.com.cn/finalpage/2019-08-24/1206569919.PDF
1208325296,600036.SH,招商银行,2020-06-30,2020-08-29,82,https://static.cninfo.com.cn/finalpage/2020-08-29/1208325296.PDF
1202263731,600037.SH,歌华有线,2016-03-31,2016-04-29,82,https://static.cninfo.com.cn/finalpage/2016-04-29/1202263731.PDF
1203426225,600037.SH,歌华有线,2017-03-31,2017-04-29,82,https://static.cninfo.com.cn/finalpage/2017-04-29/1203426225.PDF
1202284193,600150.SH,中国船舶,2016-03-31,2016-04-30,82,https://static.cninfo.com.cn/finalpage/2016-04-30/1202284193.PDF
1203426948,600150.SH,中国船舶,2017-03-31,2017-04-29,82,https://static.cninfo.com.cn/finalpage/2017-04-29/1203426948.PDF
1217697560,600919.SH,江苏银行,2023-06-30,2023-08-30,82,https://static.cninfo.com.cn/finalpage/2023-08-30/1217697560.PDF
1202283904,600999.SH,招商证券,2016-03-31,2016-04-30,82,https://static.cninfo.com.cn/finalpage/2016-04-30/1202283904.PDF
1202260461,601009.SH,南京银行,2016-03-31,2016-04-28,82,https://static.cninfo.com.cn/finalpage/2016-04-28/1202260461.PDF
1208326085,601009.SH,南京银行,2020-06-30,2020-08-29,82,https://static.cninfo.com.cn/finalpage/2020-08-29/1208326085.PDF
1202236662,601211.SH,国泰君安,2016-03-31,2016-04-25,82,https://static.cninfo.com.cn/finalpage/2016-04-25/1202236662.PDF
1207691542,601212.SH,白银有色,2020-03-31,2020-04-30,82,https://static.cninfo.com.cn/finalpage/2020-04-30/1207691542.PDF
1210809100,601319.SH,中国人保,2021-06-30,2021-08-21,82,https://static.cninfo.com.cn/finalpage/2021-08-21/1210809100.PDF
1202267771,601328.SH,交通银行,2016-03-31,2016-04-29,82,https://static.cninfo.com.cn/finalpage/2016-04-29/1202267771.PDF
1202267804,601628.SH,中国人寿,2016-03-31,2016-04-29,82,https://static.cninfo.com.cn/finalpage/2016-04-29/1202267804.PDF
1207671173,601696.SH,中银证券,2020-03-31,2020-04-29,82,https://static.cninfo.com.cn/finalpage/2020-04-29/1207671173.PDF
1202284379,601818.SH,光大银行,2016-03-31,2016-04-30,82,https://static.cninfo.com.cn/finalpage/2016-04-30/1202284379.PDF
1202274279,601901.SH,方正证券,2016-03-31,2016-04-29,82,https://static.cninfo.com.cn/finalpage/2016-04-29/1202274279.PDF
1205363700,601901.SH,方正证券,2018-06-30,2018-08-31,82,https://static.cninfo.com.cn/finalpage/2018-08-31/1205363700.PDF
1207669762,601990.SH,南京证券,2020-03-31,2020-04-29,82,https://static.cninfo.com.cn/finalpage/2020-04-29/1207669762.PDF
1205314007,002142.SZ,宁波银行,2018-06-30,2018-08-22,81,https://static.cninfo.com.cn/finalpage/2018-08-22/1205314007.PDF
1205316349,002673.SZ,西部证券,2018-06-30,2018-08-23,81,https://static.cninfo.com.cn/finalpage/2018-08-23/1205316349.PDF
1206578684,002736.SZ,国信证券,2019-06-30,2019-08-27,81,https://static.cninfo.com.cn/finalpage/2019-08-27/1206578684.PDF
1208153000,002945.SZ,华林证券,2020-06-30,2020-08-12,81,https://static.cninfo.com.cn/finalpage/2020-08-12/1208153000.PDF
1206122186,002958.SZ,青农商行,2019-03-31,2019-04-29,81,https://static.cninfo.com.cn/finalpage/2019-04-29/1206122186.PDF
1206561024,600000.SH,浦发银行,2019-06-30,2019-08-24,81,https://static.cninfo.com.cn/finalpage/2019-08-24/1206561024.PDF
1206569901,600369.SH,西南证券,2019-06-30,2019-08-24,81,https://static.cninfo.com.cn/finalpage/2019-08-24/1206569901.PDF
1202236551,600446.SH,金证股份,2016-03-31,2016-04-25,81,https://static.cninfo.com.cn/finalpage/2016-04-25/1202236551.PDF
1203423199,600446.SH,金证股份,2017-03-31,2017-04-29,81,https://static.cninfo.com.cn/finalpage/2017-04-29/1203423199.PDF
1209874679,600705.SH,中航资本,2021-03-31,2021-04-30,81,https://static.cninfo.com.cn/finalpage/2021-04-30/1209874679.PDF
1203888567,600909.SH,华安证券,2017-06-30,2017-08-29,81,https://static.cninfo.com.cn/finalpage/2017-08-29/1203888567.PDF
1220953134,601166.SH,兴业银行,2024-06-30,2024-08-23,81,https://static.cninfo.com.cn/finalpage/2024-08-23/1220953134.PDF
1202282813,601198.SH,东兴证券,2016-03-31,2016-04-30,81,https://static.cninfo.com.cn/finalpage/2016-04-30/1202282813.PDF
1208227625,601229.SH,上海银行,2020-06-30,2020-08-22,81,https://static.cninfo.com.cn/finalpage/2020-08-22/1208227625.PDF
1205321092,601628.SH,中国人寿,2018-06-30,2018-08-24,81,https://static.cninfo.com.cn/finalpage/2018-08-24/1205321092.PDF
1206556178,601628.SH,中国人寿,2019-06-30,2019-08-23,81,https://static.cninfo.com.cn/finalpage/2019-08-23/1206556178.PDF
1203873195,601818.SH,光大银行,2017-06-30,2017-08-26,81,https://static.cninfo.com.cn/finalpage/2017-08-26/1203873195.PDF
1214355080,601901.SH,方正证券,2022-06-30,2022-08-23,81,https://static.cninfo.com.cn/finalpage/2022-08-23/1214355080.PDF
1203891266,601997.SH,贵阳银行,2017-06-30,2017-08-29,81,https://static.cninfo.com.cn/finalpage/2017-08-29/1203891266.PDF
1206504127,000001.SZ,平安银行,2019-06-30,2019-08-08,80,https://static.cninfo.com.cn/finalpage/2019-08-08/1206504127.PDF
1214319353,000001.SZ,平安银行,2022-06-30,2022-08-18,80,https://static.cninfo.com.cn/finalpage/2022-08-18/1214319353.PDF
1202256794,000977.SZ,浪潮信息,2016-03-31,2016-04-28,80,https://static.cninfo.com.cn/finalpage/2016-04-28/1202256794.PDF
1203423307,000977.SZ,浪潮信息,2017-03-31,2017-04-29,80,https://static.cninfo.com.cn/finalpage/2017-04-29/1203423307.PDF
1214420334,002142.SZ,宁波银行,2022-06-30,2022-08-27,80,https://static.cninfo.com.cn/finalpage/2022-08-27/1214420334.PDF
1210829684,002736.SZ,国信证券,2021-06-30,2021-08-24,80,https://static.cninfo.com.cn/finalpage/2021-08-24/1210829684.PDF
1217654700,002736.SZ,国信证券,2023-06-30,2023-08-26,80,https://static.cninfo.com.cn/finalpage/2023-08-26/1217654700.PDF
1220964877,002736.SZ,国信证券,2024-06-30,2024-08-24,80,https://static.cninfo.com.cn/finalpage/2024-08-24/1220964877.PDF
1208248189,002939.SZ,长城证券,2020-06-30,2020-08-26,80,https://static.cninfo.com.cn/finalpage/2020-08-26/1208248189.PDF
1205355507,600000.SH,浦发银行,2018-06-30,2018-08-30,80,https://static.cninfo.com.cn/finalpage/2018-08-30/1205355507.PDF
1217716491,600000.SH,浦发银行,2023-06-30,2023-08-31,80,https://static.cninfo.com.cn/finalpage/2023-08-31/1217716491.PDF
1210792346,600030.SH,中信证券,2021-06-30,2021-08-20,80,https://static.cninfo.com.cn/finalpage/2021-08-20/1210792346.PDF
1202220036,600256.SH,广汇能源,2016-03-31,2016-04-22,80,https://static.cninfo.com.cn/finalpage/2016-04-22/1202220036.PDF
1203360746,600256.SH,广汇能源,2017-03-31,2017-04-22,80,https://static.cninfo.com.cn/finalpage/2017-04-22/1203360746.PDF
1205363122,600369.SH,西南证券,2018-06-30,2018-08-31,80,https://static.cninfo.com.cn/finalpage/2018-08-31/1205363122.PDF
1205326764,600816.SH,安信信托,2018-06-30,2018-08-25,80,https://static.cninfo.com.cn/finalpage/2018-08-25/1205326764.PDF
1221575432,600837.SH,海通证券,2024-09-30,2024-10-31,80,https://static.cninfo.com.cn/finalpage/2024-10-31/1221575432.PDF
1214345135,600926.SH,杭州银行,2022-06-30,2022-08-20,80,https://static.cninfo.com.cn/finalpage/2022-08-20/1214345135.PDF
1209875403,601077.SH,渝农商行,2021-03-31,2021-04-30,80,https://static.cninfo.com.cn/finalpage/2021-04-30/1209875403.PDF
1202786277,601127.SH,小康股份,2016-09-30,2016-10-26,80,https://static.cninfo.com.cn/finalpage/2016-10-26/1202786277.PDF
1210794249,601229.SH,上海银行,2021-06-30,2021-08-20,80,https://static.cninfo.com.cn/finalpage/2021-08-20/1210794249.PDF
1208215461,601236.SH,红塔证券,2020-06-30,2020-08-21,80,https://static.cninfo.com.cn/finalpage/2020-08-21/1208215461.PDF
1205314242,601318.SH,中国平安,2018-06-30,2018-08-22,80,https://static.cninfo.com.cn/finalpage/2018-08-22/1205314242.PDF
1203888827,601377.SH,兴业证券,2017-06-30,2017-08-29,80,https://static.cninfo.com.cn/finalpage/2017-08-29/1203888827.PDF
1205333865,601601.SH,中国太保,2018-06-30,2018-08-27,80,https://static.cninfo.com.cn/finalpage/2018-08-27/1205333865.PDF
1208228401,601601.SH,中国太保,2020-06-30,2020-08-24,80,https://static.cninfo.com.cn/finalpage/2020-08-24/1208228401.PDF
1214425587,601818.SH,光大银行,2022-06-30,2022-08-27,80,https://static.cninfo.com.cn/finalpage/2022-08-27/1214425587.PDF
1217632330,601901.SH,方正证券,2023-06-30,2023-08-25,80,https://static.cninfo.com.cn/finalpage/2023-08-25/1217632330.PDF
1220951026,601901.SH,方正证券,2024-06-30,2024-08-23,80,https://static.cninfo.com.cn/finalpage/2024-08-23/1220951026.PDF
1205324676,601997.SH,贵阳银行,2018-06-30,2018-08-25,80,https://static.cninfo.com.cn/finalpage/2018-08-25/1205324676.PDF
1205881066,000001.SZ,平安银行,2018-12-31,2019-03-07,79,https://static.cninfo.com.cn/finalpage/2019-03-07/1205881066.PDF
1210792271,000001.SZ,平安银行,2021-06-30,2021-08-20,79,https://static.cninfo.com.cn/finalpage/2021-08-20/1210792271.PDF
1209854783,000728.SZ,国元证券,2021-03-31,2021-04-29,79,https://static.cninfo.com.cn/finalpage/2021-04-29/1209854783.PDF
1206161151,002310.SZ,东方园林,2019-03-31,2019-04-30,79,https://static.cninfo.com.cn/finalpage/2019-04-30/1206161151.PDF
1205326654,002411.SZ,必康股份,2018-06-30,2018-08-27,79,https://static.cninfo.com.cn/finalpage/2018-08-27/1205326654.PDF
1203870200,002797.SZ,第一创业,2017-06-30,2017-08-26,79,https://static.cninfo.com.cn/finalpage/2017-08-26/1203870200.PDF
1206653801,600705.SH,中航资本,2019-06-30,2019-08-28,79,https://static.cninfo.com.cn/finalpage/2019-08-28/1206653801.PDF
1203800918,600816.SH,安信信托,2017-06-30,2017-08-16,79,https://static.cninfo.com.cn/finalpage/2017-08-16/1203800918.PDF
1206577851,601009.SH,南京银行,2019-06-30,2019-08-27,79,https://static.cninfo.com.cn/finalpage/2019-08-27/1206577851.PDF
1208264130,601077.SH,渝农商行,2020-06-30,2020-08-27,79,https://static.cninfo.com.cn/finalpage/2020-08-27/1208264130.PDF
1217714056,601166.SH,兴业银行,2023-06-30,2023-08-31,79,https://static.cninfo.com.cn/finalpage/2023-08-31/1217714056.PDF
1210841920,601211.SH,国泰君安,2021-06-30,2021-08-25,79,https://static.cninfo.com.cn/finalpage/2021-08-25/1210841920.PDF
1203873898,601229.SH,上海银行,2017-06-30,2017-08-26,79,https://static.cninfo.com.cn/finalpage/2017-08-26/1203873898.PDF
1203809733,601318.SH,中国平安,2017-06-30,2017-08-18,79,https://static.cninfo.com.cn/finalpage/2017-08-18/1203809733.PDF
1203866136,601328.SH,交通银行,2017-06-30,2017-08-25,79,https://static.cninfo.com.cn/finalpage/2017-08-25/1203866136.PDF
1205340766,601377.SH,兴业证券,2018-06-30,2018-08-28,79,https://static.cninfo.com.cn/finalpage/2018-08-28/1205340766.PDF
1203864536,601628.SH,中国人寿,2017-06-30,2017-08-25,79,https://static.cninfo.com.cn/finalpage/2017-08-25/1203864536.PDF
1214409395,601628.SH,中国人寿,2022-06-30,2022-08-26,79,https://static.cninfo.com.cn/finalpage/2022-08-26/1214409395.PDF
1210900953,601658.SH,邮储银行,2021-06-30,2021-08-28,79,https://static.cninfo.com.cn/finalpage/2021-08-28/1210900953.PDF
1203864561,601901.SH,方正证券,2017-06-30,2017-08-25,79,https://static.cninfo.com.cn/finalpage/2017-08-25/1203864561.PDF
1203875163,603993.SH,洛阳钼业,2017-06-30,2017-08-28,79,https://static.cninfo.com.cn/finalpage/2017-08-28/1203875163.PDF
1203872945,002736.SZ,国信证券,2017-06-30,2017-08-28,78,https://static.cninfo.com.cn/finalpage/2017-08-28/1203872945.PDF
1205341479,002736.SZ,国信证券,2018-06-30,2018-08-28,78,https://static.cninfo.com.cn/finalpage/2018-08-28/1205341479.PDF
1214423454,002736.SZ,国信证券,2022-06-30,2022-08-27,78,https://static.cninfo.com.cn/finalpage/2022-08-27/1214423454.PDF
1202189236,600816.SH,安信信托,2016-03-31,2016-04-16,78,https://static.cninfo.com.cn/finalpage/2016-04-16/1202189236.PDF
1214427149,600918.SH,中泰证券,2022-06-30,2022-08-27,78,https://static.cninfo.com.cn/finalpage/2022-08-27/1214427149.PDF
1206567898,601066.SH,中信建投,2019-06-30,2019-08-24,78,https://static.cninfo.com.cn/finalpage/2019-08-24/1206567898.PDF
1206654129,601166.SH,兴业银行,2019-06-30,2019-08-28,78,https://static.cninfo.com.cn/finalpage/2019-08-28/1206654129.PDF
1206653730,601169.SH,北京银行,2019-06-30,2019-08-28,78,https://static.cninfo.com.cn/finalpage/2019-08-28/1206653730.PDF
1206653370,601198.SH,东兴证券,2019-06-30,2019-08-28,78,https://static.cninfo.com.cn/finalpage/2019-08-28/1206653370.PDF
1205327053,601229.SH,上海银行,2018-06-30,2018-08-25,78,https://static.cninfo.com.cn/finalpage/2018-08-25/1205327053.PDF
1206570460,601229.SH,上海银行,2019-06-30,2019-08-24,78,https://static.cninfo.com.cn/finalpage/2019-08-24/1206570460.PDF
1214425529,601328.SH,交通银行,2022-06-30,2022-08-27,78,https://static.cninfo.com.cn/finalpage/2022-08-27/1214425529.PDF
1206659014,601336.SH,新华保险,2019-06-30,2019-08-29,78,https://static.cninfo.com.cn/finalpage/2019-08-29/1206659014.PDF
1206650338,601377.SH,兴业证券,2019-06-30,2019-08-28,78,https://static.cninfo.com.cn/finalpage/2019-08-28/1206650338.PDF
1208264149,601628.SH,中国人寿,2020-06-30,2020-08-27,78,https://static.cninfo.com.cn/finalpage/2020-08-27/1208264149.PDF
1210859224,601628.SH,中国人寿,2021-06-30,2021-08-26,78,https://static.cninfo.com.cn/finalpage/2021-08-26/1210859224.PDF
1208260050,601688.SH,华泰证券,2020-06-30,2020-08-27,78,https://static.cninfo.com.cn/finalpage/2020-08-27/1208260050.PDF
1214409404,601788.SH,光大证券,2022-06-30,2022-08-26,78,https://static.cninfo.com.cn/finalpage/2022-08-26/1214409404.PDF
1205349883,601818.SH,光大银行,2018-06-30,2018-08-29,78,https://static.cninfo.com.cn/finalpage/2018-08-29/1205349883.PDF
1206660047,601818.SH,光大银行,2019-06-30,2019-08-29,78,https://static.cninfo.com.cn/finalpage/2019-08-29/1206660047.PDF
1217632323,601818.SH,光大银行,2023-06-30,2023-08-25,78,https://static.cninfo.com.cn/finalpage/2023-08-25/1217632323.PDF
1206654342,601838.SH,成都银行,2019-06-30,2019-08-28,78,https://static.cninfo.com.cn/finalpage/2019-08-28/1206654342.PDF
1210927320,601901.SH,方正证券,2021-06-30,2021-08-31,78,https://static.cninfo.com.cn/finalpage/2021-08-31/1210927320.PDF
1206577685,601997.SH,贵阳银行,2019-06-30,2019-08-27,78,https://static.cninfo.com.cn/finalpage/2019-08-27/1206577685.PDF
1210858477,601998.SH,中信银行,2021-06-30,2021-08-26,78,https://static.cninfo.com.cn/finalpage/2021-08-26/1210858477.PDF
1214409486,601998.SH,中信银行,2022-06-30,2022-08-26,78,https://static.cninfo.com.cn/finalpage/2022-08-26/1214409486.PDF
1221032216,601998.SH,中信银行,2024-06-30,2024-08-29,78,https://static.cninfo.com.cn/finalpage/2024-08-29/1221032216.PDF
1205346315,603993.SH,洛阳钼业,2018-06-30,2018-08-28,78,https://static.cninfo.com.cn/finalpage/2018-08-28/1205346315.PDF
1202210983,000001.SZ,平安银行,2016-03-31,2016-04-21,77,https://static.cninfo.com.cn/finalpage/2016-04-21/1202210983.PDF
1220882160,000001.SZ,平安银行,2024-06-30,2024-08-16,77,https://static.cninfo.com.cn/finalpage/2024-08-16/1220882160.PDF
1206868765,000166.SZ,申万宏源,2019-06-30,2019-08-31,77,https://static.cninfo.com.cn/finalpage/2019-08-31/1206868765.PDF
1208324618,000166.SZ,申万宏源,2020-06-30,2020-08-29,77,https://static.cninfo.com.cn/finalpage/2020-08-29/1208324618.PDF
1206867131,000627.SZ,天茂集团,2019-06-30,2019-08-31,77,https://static.cninfo.com.cn/finalpage/2019-08-31/1206867131.PDF
1208321384,000776.SZ,广发证券,2020-06-30,2020-08-29,77,https://static.cninfo.com.cn/finalpage/2020-08-29/1208321384.PDF
1202280307,000783.SZ,长江证券,2016-03-31,2016-04-30,77,https://static.cninfo.com.cn/finalpage/2016-04-30/1202280307.PDF
1208320743,000783.SZ,长江证券,2020-06-30,2020-08-29,77,https://static.cninfo.com.cn/finalpage/2020-08-29/1208320743.PDF
1202249459,000793.SZ,华闻传媒,2016-03-31,2016-04-27,77,https://static.cninfo.com.cn/finalpage/2016-04-27/1202249459.PDF
1203412493,000793.SZ,华闻传媒,2017-03-31,2017-04-28,77,https://static.cninfo.com.cn/finalpage/2017-04-28/1203412493.PDF
1202242388,002142.SZ,宁波银行,2016-03-31,2016-04-26,77,https://static.cninfo.com.cn/finalpage/2016-04-26/1202242388.PDF
1217629842,002142.SZ,宁波银行,2023-06-30,2023-08-25,77,https://static.cninfo.com.cn/finalpage/2023-08-25/1217629842.PDF
1202211279,002673.SZ,西部证券,2016-03-31,2016-04-21,77,https://static.cninfo.com.cn/finalpage/2016-04-21/1202211279.PDF
1209851269,002939.SZ,长城证券,2021-03-31,2021-04-29,77,https://static.cninfo.com.cn/finalpage/2021-04-29/1209851269.PDF
1208320867,600000.SH,浦发银行,2020-06-30,2020-08-29,77,https://static.cninfo.com.cn/finalpage/2020-08-29/1208320867.PDF
1210899411,600000.SH,浦发银行,2021-06-30,2021-08-28,77,https://static.cninfo.com.cn/finalpage/2021-08-28/1210899411.PDF
1203891269,600016.SH,民生银行,2017-06-30,2017-08-29,77,https://static.cninfo.com.cn/finalpage/2017-08-29/1203891269.PDF
1206868934,600016.SH,民生银行,2019-06-30,2019-08-31,77,https://static.cninfo.com.cn/finalpage/2019-08-31/1206868934.PDF
1202268186,600036.SH,招商银行,2016-03-31,2016-04-29,77,https://static.cninfo.com.cn/finalpage/2016-04-29/1202268186.PDF
1202251596,600060.SH,海信电器,2016-03-31,2016-04-27,77,https://static.cninfo.com.cn/finalpage/2016-04-27/1202251596.PDF
1203426231,600060.SH,海信电器,2017-03-31,2017-04-29,77,https://static.cninfo.com.cn/finalpage/2017-04-29/1203426231.PDF
1206727337,600061.SH,国投资本,2019-06-30,2019-08-30,77,https://static.cninfo.com.cn/finalpage/2019-08-30/1206727337.PDF
1208277430,600705.SH,中航资本,2020-06-30,2020-08-28,77,https://static.cninfo.com.cn/finalpage/2020-08-28/1208277430.PDF
1208325997,600837.SH,海通证券,2020-06-30,2020-08-29,77,https://static.cninfo.com.cn/finalpage/2020-08-29/1208325997.PDF
1210873982,600837.SH,海通证券,2021-06-30,2021-08-27,77,https://static.cninfo.com.cn/finalpage/2021-08-27/1210873982.PDF
1210902824,600918.SH,中泰证券,2021-06-30,2021-08-28,77,https://static.cninfo.com.cn/finalpage/2021-08-28/1210902824.PDF
1210842769,600919.SH,江苏银行,2021-06-30,2021-08-25,77,https://static.cninfo.com.cn/finalpage/2021-08-25/1210842769.PDF
1225157147,600926.SH,杭州银行,2026-03-31,2026-04-23,77,https://static.cninfo.com.cn/finalpage/2026-04-23/1225157147.PDF
1206731429,600958.SH,东方证券,2019-06-30,2019-08-30,77,https://static.cninfo.com.cn/finalpage/2019-08-30/1206731429.PDF
1208326041,600958.SH,东方证券,2020-06-30,2020-08-29,77,https://static.cninfo.com.cn/finalpage/2020-08-29/1208326041.PDF
1203865743,600999.SH,招商证券,2017-06-30,2017-08-25,77,https://static.cninfo.com.cn/finalpage/2017-08-25/1203865743.PDF
1206659081,600999.SH,招商证券,2019-06-30,2019-08-29,77,https://static.cninfo.com.cn/finalpage/2019-08-29/1206659081.PDF
1225157408,601009.SH,南京银行,2026-03-31,2026-04-23,77,https://static.cninfo.com.cn/finalpage/2026-04-23/1225157408.PDF
1221006810,601059.SH,信达证券,2024-06-30,2024-08-28,77,https://static.cninfo.com.cn/finalpage/2024-08-28/1221006810.PDF
1203870996,601099.SH,太平洋,2017-06-30,2017-08-26,77,https://static.cninfo.com.cn/finalpage/2017-08-26/1203870996.PDF
1203420295,601127.SH,小康股份,2017-03-31,2017-04-28,77,https://static.cninfo.com.cn/finalpage/2017-04-28/1203420295.PDF
1218190952,601136.SH,首创证券,2023-09-30,2023-10-28,77,https://static.cninfo.com.cn/finalpage/2023-10-28/1218190952.PDF
1206658114,601162.SH,天风证券,2019-06-30,2019-08-29,77,https://static.cninfo.com.cn/finalpage/2019-08-29/1206658114.PDF
1208326810,601166.SH,兴业银行,2020-06-30,2020-08-29,77,https://static.cninfo.com.cn/finalpage/2020-08-29/1208326810.PDF
1210875963,601166.SH,兴业银行,2021-06-30,2021-08-27,77,https://static.cninfo.com.cn/finalpage/2021-08-27/1210875963.PDF
1205356939,601169.SH,北京银行,2018-06-30,2018-08-30,77,https://static.cninfo.com.cn/finalpage/2018-08-30/1205356939.PDF
1208278557,601169.SH,北京银行,2020-06-30,2020-08-28,77,https://static.cninfo.com.cn/finalpage/2020-08-28/1208278557.PDF
1205358430,601198.SH,东兴证券,2018-06-30,2018-08-30,77,https://static.cninfo.com.cn/finalpage/2018-08-30/1205358430.PDF
1214425410,601211.SH,国泰君安,2022-06-30,2022-08-27,77,https://static.cninfo.com.cn/finalpage/2022-08-27/1214425410.PDF
1205343093,601212.SH,白银有色,2018-06-30,2018-08-28,77,https://static.cninfo.com.cn/finalpage/2018-08-28/1205343093.PDF
1214409290,601229.SH,上海银行,2022-06-30,2022-08-26,77,https://static.cninfo.com.cn/finalpage/2022-08-26/1214409290.PDF
1217654293,601229.SH,上海银行,2023-06-30,2023-08-26,77,https://static.cninfo.com.cn/finalpage/2023-08-26/1217654293.PDF
1221031545,601229.SH,上海银行,2024-06-30,2024-08-29,77,https://static.cninfo.com.cn/finalpage/2024-08-29/1221031545.PDF
1203910214,601288.SH,农业银行,2017-06-30,2017-08-31,77,https://static.cninfo.com.cn/finalpage/2017-08-31/1203910214.PDF
1202251433,601318.SH,中国平安,2016-03-31,2016-04-27,77,https://static.cninfo.com.cn/finalpage/2016-04-27/1202251433.PDF
1214425418,601319.SH,中国人保,2022-06-30,2022-08-27,77,https://static.cninfo.com.cn/finalpage/2022-08-27/1214425418.PDF
1221031556,601319.SH,中国人保,2024-06-30,2024-08-29,77,https://static.cninfo.com.cn/finalpage/2024-08-29/1221031556.PDF
1208327178,601328.SH,交通银行,2020-06-30,2020-08-29,77,https://static.cninfo.com.cn/finalpage/2020-08-29/1208327178.PDF
1210900920,601328.SH,交通银行,2021-06-30,2021-08-28,77,https://static.cninfo.com.cn/finalpage/2021-08-28/1210900920.PDF
1217651023,601328.SH,交通银行,2023-06-30,2023-08-26,77,https://static.cninfo.com.cn/finalpage/2023-08-26/1217651023.PDF
1221029167,601328.SH,交通银行,2024-06-30,2024-08-29,77,https://static.cninfo.com.cn/finalpage/2024-08-29/1221029167.PDF
1208248830,601336.SH,新华保险,2020-06-30,2020-08-26,77,https://static.cninfo.com.cn/finalpage/2020-08-26/1208248830.PDF
1208326819,601377.SH,兴业证券,2020-06-30,2020-08-29,77,https://static.cninfo.com.cn/finalpage/2020-08-29/1208326819.PDF
1203875003,601601.SH,中国太保,2017-06-30,2017-08-28,77,https://static.cninfo.com.cn/finalpage/2017-08-28/1203875003.PDF
1217616292,601628.SH,中国人寿,2023-06-30,2023-08-24,77,https://static.cninfo.com.cn/finalpage/2023-08-24/1217616292.PDF
1221054273,601628.SH,中国人寿,2024-06-30,2024-08-30,77,https://static.cninfo.com.cn/finalpage/2024-08-30/1221054273.PDF
1206728992,601688.SH,华泰证券,2019-06-30,2019-08-30,77,https://static.cninfo.com.cn/finalpage/2019-08-30/1206728992.PDF
1206654347,601788.SH,光大证券,2019-06-30,2019-08-28,77,https://static.cninfo.com.cn/finalpage/2019-08-28/1206654347.PDF
1208264170,601788.SH,光大证券,2020-06-30,2020-08-27,77,https://static.cninfo.com.cn/finalpage/2020-08-27/1208264170.PDF
1210876001,601788.SH,光大证券,2021-06-30,2021-08-27,77,https://static.cninfo.com.cn/finalpage/2021-08-27/1210876001.PDF
1225150366,601825.SH,沪农商行,2026-03-31,2026-04-23,77,https://static.cninfo.com.cn/finalpage/2026-04-23/1225150366.PDF
1208279282,601838.SH,成都银行,2020-06-30,2020-08-28,77,https://static.cninfo.com.cn/finalpage/2020-08-28/1208279282.PDF
1221003435,601838.SH,成都银行,2024-06-30,2024-08-28,77,https://static.cninfo.com.cn/finalpage/2024-08-28/1221003435.PDF
1225153838,601838.SH,成都银行,2026-03-31,2026-04-23,77,https://static.cninfo.com.cn/finalpage/2026-04-23/1225153838.PDF
1206653887,601881.SH,中国银河,2019-06-30,2019-08-28,77,https://static.cninfo.com.cn/finalpage/2019-08-28/1206653887.PDF
1206660242,601939.SH,建设银行,2019-06-30,2019-08-29,77,https://static.cninfo.com.cn/finalpage/2019-08-29/1206660242.PDF
1217635500,601998.SH,中信银行,2023-06-30,2023-08-25,77,https://static.cninfo.com.cn/finalpage/2023-08-25/1217635500.PDF
1217618653,000001.SZ,平安银行,2023-06-30,2023-08-24,76,https://static.cninfo.com.cn/finalpage/2023-08-24/1217618653.PDF
1225188741,000001.SZ,平安银行,2026-03-31,2026-04-25,76,https://static.cninfo.com.cn/finalpage/2026-04-25/1225188741.PDF
1221082640,000166.SZ,申万宏源,2024-06-30,2024-08-31,76,https://static.cninfo.com.cn/finalpage/2024-08-31/1221082640.PDF
1221030007,000617.SZ,中油资本,2024-06-30,2024-08-29,76,https://static.cninfo.com.cn/finalpage/2024-08-29/1221030007.PDF
1206731922,000776.SZ,广发证券,2019-06-30,2019-08-30,76,https://static.cninfo.com.cn/finalpage/2019-08-30/1206731922.PDF
1221084704,000776.SZ,广发证券,2024-06-30,2024-08-31,76,https://static.cninfo.com.cn/finalpage/2024-08-31/1221084704.PDF
1206730323,002142.SZ,宁波银行,2019-06-30,2019-08-30,76,https://static.cninfo.com.cn/finalpage/2019-08-30/1206730323.PDF
1225189427,002142.SZ,宁波银行,2026-03-31,2026-04-25,76,https://static.cninfo.com.cn/finalpage/2026-04-25/1225189427.PDF
1202798410,002195.SZ,二三四五,2016-09-30,2016-10-28,76,https://static.cninfo.com.cn/finalpage/2016-10-28/1202798410.PDF
1202215663,002310.SZ,东方园林,2016-03-31,2016-04-22,76,https://static.cninfo.com.cn/finalpage/2016-04-22/1202215663.PDF
1203872802,002411.SZ,必康股份,2017-06-30,2017-08-26,76,https://static.cninfo.com.cn/finalpage/2017-08-26/1203872802.PDF
1209826243,002945.SZ,华林证券,2021-03-31,2021-04-28,76,https://static.cninfo.com.cn/finalpage/2021-04-28/1209826243.PDF
1225185763,300059.SZ,东方财富,2026-03-31,2026-04-25,76,https://static.cninfo.com.cn/finalpage/2026-04-25/1225185763.PDF
1214441899,600015.SH,华夏银行,2022-06-30,2022-08-30,76,https://static.cninfo.com.cn/finalpage/2022-08-30/1214441899.PDF
1217649451,600015.SH,华夏银行,2023-06-30,2023-08-26,76,https://static.cninfo.com.cn/finalpage/2023-08-26/1217649451.PDF
1214424819,600016.SH,民生银行,2022-06-30,2022-08-27,76,https://static.cninfo.com.cn/finalpage/2022-08-27/1214424819.PDF
1221057912,600016.SH,民生银行,2024-06-30,2024-08-30,76,https://static.cninfo.com.cn/finalpage/2024-08-30/1221057912.PDF
1225179675,600030.SH,中信证券,2026-03-31,2026-04-25,76,https://static.cninfo.com.cn/finalpage/2026-04-25/1225179675.PDF
1205354181,600061.SH,国投资本,2018-06-30,2018-08-30,76,https://static.cninfo.com.cn/finalpage/2018-08-30/1205354181.PDF
1208274170,600061.SH,国投资本,2020-06-30,2020-08-28,76,https://static.cninfo.com.cn/finalpage/2020-08-28/1208274170.PDF
1210875861,600061.SH,国投资本,2021-06-30,2021-08-27,76,https://static.cninfo.com.cn/finalpage/2021-08-27/1210875861.PDF
1221049946,600061.SH,国投资本,2024-06-30,2024-08-30,76,https://static.cninfo.com.cn/finalpage/2024-08-30/1221049946.PDF
1203895587,600109.SH,国金证券,2017-06-30,2017-08-30,76,https://static.cninfo.com.cn/finalpage/2017-08-30/1203895587.PDF
1206729567,600109.SH,国金证券,2019-06-30,2019-08-30,76,https://static.cninfo.com.cn/finalpage/2019-08-30/1206729567.PDF
1203894013,600369.SH,西南证券,2017-06-30,2017-08-30,76,https://static.cninfo.com.cn/finalpage/2017-08-30/1203894013.PDF
1206659098,600390.SH,五矿资本,2019-06-30,2019-08-29,76,https://static.cninfo.com.cn/finalpage/2019-08-29/1206659098.PDF
1205362810,600705.SH,中航资本,2018-06-30,2018-08-31,76,https://static.cninfo.com.cn/finalpage/2018-08-31/1205362810.PDF
1214427143,600837.SH,海通证券,2022-06-30,2022-08-27,76,https://static.cninfo.com.cn/finalpage/2022-08-27/1214427143.PDF
1217681024,600918.SH,中泰证券,2023-06-30,2023-08-29,76,https://static.cninfo.com.cn/finalpage/2023-08-29/1217681024.PDF
1221091394,600918.SH,中泰证券,2024-06-30,2024-08-31,76,https://static.cninfo.com.cn/finalpage/2024-08-31/1221091394.PDF
1203875161,600958.SH,东方证券,2017-06-30,2017-08-28,76,https://static.cninfo.com.cn/finalpage/2017-08-28/1203875161.PDF
1221052305,600958.SH,东方证券,2024-06-30,2024-08-30,76,https://static.cninfo.com.cn/finalpage/2024-08-30/1221052305.PDF
1221054247,601066.SH,中信建投,2024-06-30,2024-08-30,76,https://static.cninfo.com.cn/finalpage/2024-08-30/1221054247.PDF
1208326869,601108.SH,财通证券,2020-06-30,2020-08-29,76,https://static.cninfo.com.cn/finalpage/2020-08-29/1208326869.PDF
1214421826,601166.SH,兴业银行,2022-06-30,2022-08-27,76,https://static.cninfo.com.cn/finalpage/2022-08-27/1214421826.PDF
1203909067,601169.SH,北京银行,2017-06-30,2017-08-31,76,https://static.cninfo.com.cn/finalpage/2017-08-31/1203909067.PDF
1221076015,601169.SH,北京银行,2024-06-30,2024-08-31,76,https://static.cninfo.com.cn/finalpage/2024-08-31/1221076015.PDF
1221049981,601211.SH,国泰君安,2024-06-30,2024-08-30,76,https://static.cninfo.com.cn/finalpage/2024-08-30/1221049981.PDF
1225186480,601211.SH,国泰海通,2026-03-31,2026-04-25,76,https://static.cninfo.com.cn/finalpage/2026-04-25/1225186480.PDF
1206731733,601212.SH,白银有色,2019-06-30,2019-08-30,76,https://static.cninfo.com.cn/finalpage/2019-08-30/1206731733.PDF
1225173732,601229.SH,上海银行,2026-03-31,2026-04-24,76,https://static.cninfo.com.cn/finalpage/2026-04-24/1225173732.PDF
1221078874,601236.SH,红塔证券,2024-06-30,2024-08-31,76,https://static.cninfo.com.cn/finalpage/2024-08-31/1221078874.PDF
1221086151,601288.SH,农业银行,2024-06-30,2024-08-31,76,https://static.cninfo.com.cn/finalpage/2024-08-31/1221086151.PDF
1209239168,601318.SH,中国平安,2020-12-31,2021-02-04,76,https://static.cninfo.com.cn/finalpage/2021-02-04/1209239168.PDF
1225193720,601318.SH,中国平安,2026-03-31,2026-04-25,76,https://static.cninfo.com.cn/finalpage/2026-04-25/1225193720.PDF
1221054257,601336.SH,新华保险,2024-06-30,2024-08-30,76,https://static.cninfo.com.cn/finalpage/2024-08-30/1221054257.PDF
1217649606,601377.SH,兴业证券,2023-06-30,2023-08-26,76,https://static.cninfo.com.cn/finalpage/2023-08-26/1217649606.PDF
1221080061,601377.SH,兴业证券,2024-06-30,2024-08-31,76,https://static.cninfo.com.cn/finalpage/2024-08-31/1221080061.PDF
1214435778,601601.SH,中国太保,2022-06-30,2022-08-29,76,https://static.cninfo.com.cn/finalpage/2022-08-29/1214435778.PDF
1221052362,601601.SH,中国太保,2024-06-30,2024-08-30,76,https://static.cninfo.com.cn/finalpage/2024-08-30/1221052362.PDF
1208345559,601658.SH,邮储银行,2020-06-30,2020-08-31,76,https://static.cninfo.com.cn/finalpage/2020-08-31/1208345559.PDF
1214355046,601658.SH,邮储银行,2022-06-30,2022-08-23,76,https://static.cninfo.com.cn/finalpage/2022-08-23/1214355046.PDF
1221088230,601658.SH,邮储银行,2024-06-30,2024-08-31,76,https://static.cninfo.com.cn/finalpage/2024-08-31/1221088230.PDF
1221089909,601688.SH,华泰证券,2024-06-30,2024-08-31,76,https://static.cninfo.com.cn/finalpage/2024-08-31/1221089909.PDF
1205350430,601788.SH,光大证券,2018-06-30,2018-08-29,76,https://static.cninfo.com.cn/finalpage/2018-08-29/1205350430.PDF
1217635473,601788.SH,光大证券,2023-06-30,2023-08-25,76,https://static.cninfo.com.cn/finalpage/2023-08-25/1217635473.PDF
1221056068,601788.SH,光大证券,2024-06-30,2024-08-30,76,https://static.cninfo.com.cn/finalpage/2024-08-30/1221056068.PDF
1221091050,601818.SH,光大银行,2024-06-30,2024-08-31,76,https://static.cninfo.com.cn/finalpage/2024-08-31/1221091050.PDF
1210859804,601838.SH,成都银行,2021-06-30,2021-08-26,76,https://static.cninfo.com.cn/finalpage/2021-08-26/1210859804.PDF
1221057932,601881.SH,中国银河,2024-06-30,2024-08-30,76,https://static.cninfo.com.cn/finalpage/2024-08-30/1221057932.PDF
1203909332,601988.SH,中国银行,2017-06-30,2017-08-31,76,https://static.cninfo.com.cn/finalpage/2017-08-31/1203909332.PDF
1205349313,601988.SH,中国银行,2018-06-30,2018-08-29,76,https://static.cninfo.com.cn/finalpage/2018-08-29/1205349313.PDF
1206869503,601988.SH,中国银行,2019-06-30,2019-08-31,76,https://static.cninfo.com.cn/finalpage/2019-08-31/1206869503.PDF
1203909983,000415.SZ,渤海金控,2017-06-30,2017-08-31,75,https://static.cninfo.com.cn/finalpage/2017-08-31/1203909983.PDF
1205363412,000415.SZ,渤海金控,2018-06-30,2018-08-31,75,https://static.cninfo.com.cn/finalpage/2018-08-31/1205363412.PDF
1225188725,000617.SZ,中油资本,2026-03-31,2026-04-27,75,https://static.cninfo.com.cn/finalpage/2026-04-27/1225188725.PDF
1203870947,000623.SZ,吉林敖东,2017-06-30,2017-08-26,75,https://static.cninfo.com.cn/finalpage/2017-08-26/1203870947.PDF
1205361734,000627.SZ,天茂集团,2018-06-30,2018-08-31,75,https://static.cninfo.com.cn/finalpage/2018-08-31/1205361734.PDF
1203873666,000776.SZ,广发证券,2017-06-30,2017-08-26,75,https://static.cninfo.com.cn/finalpage/2017-08-26/1203873666.PDF
1206576431,002939.SZ,长城证券,2019-06-30,2019-08-27,75,https://static.cninfo.com.cn/finalpage/2019-08-27/1206576431.PDF
1203896209,600000.SH,浦发银行,2017-06-30,2017-08-30,75,https://static.cninfo.com.cn/finalpage/2017-08-30/1203896209.PDF
1205363340,600016.SH,民生银行,2018-06-30,2018-08-31,75,https://static.cninfo.com.cn/finalpage/2018-08-31/1205363340.PDF
1214450883,600030.SH,中信证券,2022-06-30,2022-08-30,75,https://static.cninfo.com.cn/finalpage/2022-08-30/1214450883.PDF
1217696821,600030.SH,中信证券,2023-06-30,2023-08-30,75,https://static.cninfo.com.cn/finalpage/2023-08-30/1217696821.PDF
1217652272,600036.SH,招商银行,2023-06-30,2023-08-26,75,https://static.cninfo.com.cn/finalpage/2023-08-26/1217652272.PDF
1205346955,600109.SH,国金证券,2018-06-30,2018-08-29,75,https://static.cninfo.com.cn/finalpage/2018-08-29/1205346955.PDF
1208275095,600109.SH,国金证券,2020-06-30,2020-08-28,75,https://static.cninfo.com.cn/finalpage/2020-08-28/1208275095.PDF
1206653788,600926.SH,杭州银行,2019-06-30,2019-08-28,75,https://static.cninfo.com.cn/finalpage/2019-08-28/1206653788.PDF
1205363753,600958.SH,东方证券,2018-06-30,2018-08-31,75,https://static.cninfo.com.cn/finalpage/2018-08-31/1205363753.PDF
1205356426,600999.SH,招商证券,2018-06-30,2018-08-30,75,https://static.cninfo.com.cn/finalpage/2018-08-30/1205356426.PDF
1214428437,600999.SH,招商证券,2022-06-30,2022-08-27,75,https://static.cninfo.com.cn/finalpage/2022-08-27/1214428437.PDF
1221092254,600999.SH,招商证券,2024-06-30,2024-08-31,75,https://static.cninfo.com.cn/finalpage/2024-08-31/1221092254.PDF
1205350147,601166.SH,兴业银行,2018-06-30,2018-08-29,75,https://static.cninfo.com.cn/finalpage/2018-08-29/1205350147.PDF
1217697693,601211.SH,国泰君安,2023-06-30,2023-08-30,75,https://static.cninfo.com.cn/finalpage/2023-08-30/1217697693.PDF
1217697727,601319.SH,中国人保,2023-06-30,2023-08-30,75,https://static.cninfo.com.cn/finalpage/2023-08-30/1217697727.PDF
1205320808,601328.SH,交通银行,2018-06-30,2018-08-24,75,https://static.cninfo.com.cn/finalpage/2018-08-24/1205320808.PDF
1206653786,601328.SH,交通银行,2019-06-30,2019-08-28,75,https://static.cninfo.com.cn/finalpage/2019-08-28/1206653786.PDF
1205349889,601336.SH,新华保险,2018-06-30,2018-08-29,75,https://static.cninfo.com.cn/finalpage/2018-08-29/1205349889.PDF
1214471758,601377.SH,兴业证券,2022-06-30,2022-08-31,75,https://static.cninfo.com.cn/finalpage/2022-08-31/1214471758.PDF
1203909660,601398.SH,工商银行,2017-06-30,2017-08-31,75,https://static.cninfo.com.cn/finalpage/2017-08-31/1203909660.PDF
1210913252,601601.SH,中国太保,2021-06-30,2021-08-30,75,https://static.cninfo.com.cn/finalpage/2021-08-30/1210913252.PDF
1217663956,601601.SH,中国太保,2023-06-30,2023-08-28,75,https://static.cninfo.com.cn/finalpage/2023-08-28/1217663956.PDF
1203896912,601788.SH,光大证券,2017-06-30,2017-08-30,75,https://static.cninfo.com.cn/finalpage/2017-08-30/1203896912.PDF
1208326272,601818.SH,光大银行,2020-06-30,2020-08-29,75,https://static.cninfo.com.cn/finalpage/2020-08-29/1208326272.PDF
1210927285,601818.SH,光大银行,2021-06-30,2021-08-31,75,https://static.cninfo.com.cn/finalpage/2021-08-31/1210927285.PDF
1203909268,601881.SH,中国银河,2017-06-30,2017-08-31,75,https://static.cninfo.com.cn/finalpage/2017-08-31/1203909268.PDF
1205363277,601881.SH,中国银河,2018-06-30,2018-08-31,75,https://static.cninfo.com.cn/finalpage/2018-08-31/1205363277.PDF
1208327184,601881.SH,中国银河,2020-06-30,2020-08-29,75,https://static.cninfo.com.cn/finalpage/2020-08-29/1208327184.PDF
1208326312,601901.SH,方正证券,2020-06-30,2020-08-29,75,https://static.cninfo.com.cn/finalpage/2020-08-29/1208326312.PDF
1208326316,601916.SH,浙商银行,2020-06-30,2020-08-29,75,https://static.cninfo.com.cn/finalpage/2020-08-29/1208326316.PDF
1221052367,601916.SH,浙商银行,2024-06-30,2024-08-30,75,https://static.cninfo.com.cn/finalpage/2024-08-30/1221052367.PDF
1221084734,601995.SH,中金公司,2024-06-30,2024-08-31,75,https://static.cninfo.com.cn/finalpage/2024-08-31/1221084734.PDF
1203866426,601998.SH,中信银行,2017-06-30,2017-08-25,75,https://static.cninfo.com.cn/finalpage/2017-08-25/1203866426.PDF
1210902182,000166.SZ,申万宏源,2021-06-30,2021-08-28,74,https://static.cninfo.com.cn/finalpage/2021-08-28/1210902182.PDF
1217713192,000166.SZ,申万宏源,2023-06-30,2023-08-31,74,https://static.cninfo.com.cn/finalpage/2023-08-31/1217713192.PDF
1217710427,000617.SZ,中油资本,2023-06-30,2023-08-31,74,https://static.cninfo.com.cn/finalpage/2023-08-31/1217710427.PDF
1210898154,000776.SZ,广发证券,2021-06-30,2021-08-28,74,https://static.cninfo.com.cn/finalpage/2021-08-28/1210898154.PDF
1217712638,000776.SZ,广发证券,2023-06-30,2023-08-31,74,https://static.cninfo.com.cn/finalpage/2023-08-31/1217712638.PDF
1225212102,000776.SZ,广发证券,2026-03-31,2026-04-28,74,https://static.cninfo.com.cn/finalpage/2026-04-28/1225212102.PDF
1206100868,002673.SZ,西部证券,2018-12-31,2019-04-26,74,https://static.cninfo.com.cn/finalpage/2019-04-26/1206100868.PDF
1206649426,002673.SZ,西部证券,2019-06-30,2019-08-28,74,https://static.cninfo.com.cn/finalpage/2019-08-28/1206649426.PDF
1214424802,600000.SH,浦发银行,2022-06-30,2022-08-27,74,https://static.cninfo.com.cn/finalpage/2022-08-27/1214424802.PDF
1208345202,600015.SH,华夏银行,2020-06-30,2020-08-31,74,https://static.cninfo.com.cn/finalpage/2020-08-31/1208345202.PDF
1217718885,600016.SH,民生银行,2023-06-30,2023-08-31,74,https://static.cninfo.com.cn/finalpage/2023-08-31/1217718885.PDF
1221051750,600036.SH,招商银行,2024-06-30,2024-08-30,74,https://static.cninfo.com.cn/finalpage/2024-08-30/1221051750.PDF
1211421570,600039.SH,四川路桥,2021-09-30,2021-10-29,74,https://static.cninfo.com.cn/finalpage/2021-10-29/1211421570.PDF
1214419346,600061.SH,国投资本,2022-06-30,2022-08-27,74,https://static.cninfo.com.cn/finalpage/2022-08-27/1214419346.PDF
1205356732,600390.SH,五矿资本,2018-06-30,2018-08-30,74,https://static.cninfo.com.cn/finalpage/2018-08-30/1205356732.PDF
1203896344,600837.SH,海通证券,2017-06-30,2017-08-30,74,https://static.cninfo.com.cn/finalpage/2017-08-30/1203896344.PDF
1217718976,600837.SH,海通证券,2023-06-30,2023-08-31,74,https://static.cninfo.com.cn/finalpage/2023-08-31/1217718976.PDF
1203873874,600926.SH,杭州银行,2017-06-30,2017-08-26,74,https://static.cninfo.com.cn/finalpage/2017-08-26/1203873874.PDF
1210902840,600958.SH,东方证券,2021-06-30,2021-08-28,74,https://static.cninfo.com.cn/finalpage/2021-08-28/1210902840.PDF
1217717252,600958.SH,东方证券,2023-06-30,2023-08-31,74,https://static.cninfo.com.cn/finalpage/2023-08-31/1217717252.PDF
1208326868,600999.SH,招商证券,2020-06-30,2020-08-29,74,https://static.cninfo.com.cn/finalpage/2020-08-29/1208326868.PDF
1210902851,600999.SH,招商证券,2021-06-30,2021-08-28,74,https://static.cninfo.com.cn/finalpage/2021-08-28/1210902851.PDF
1208248805,601066.SH,中信建投,2020-06-30,2020-08-26,74,https://static.cninfo.com.cn/finalpage/2020-08-26/1208248805.PDF
1210874125,601066.SH,中信建投,2021-06-30,2021-08-27,74,https://static.cninfo.com.cn/finalpage/2021-08-27/1210874125.PDF
1208345517,601162.SH,天风证券,2020-06-30,2020-08-31,74,https://static.cninfo.com.cn/finalpage/2020-08-31/1208345517.PDF
1210900893,601169.SH,北京银行,2021-06-30,2021-08-28,74,https://static.cninfo.com.cn/finalpage/2021-08-28/1210900893.PDF
1217717289,601169.SH,北京银行,2023-06-30,2023-08-31,74,https://static.cninfo.com.cn/finalpage/2023-08-31/1217717289.PDF
1225217679,601169.SH,北京银行,2026-03-31,2026-04-28,74,https://static.cninfo.com.cn/finalpage/2026-04-28/1225217679.PDF
1210875979,601236.SH,红塔证券,2021-06-30,2021-08-27,74,https://static.cninfo.com.cn/finalpage/2021-08-27/1210875979.PDF
1217714142,601236.SH,红塔证券,2023-06-30,2023-08-31,74,https://static.cninfo.com.cn/finalpage/2023-08-31/1217714142.PDF
1208345529,601288.SH,农业银行,2020-06-30,2020-08-31,74,https://static.cninfo.com.cn/finalpage/2020-08-31/1208345529.PDF
1206534274,601318.SH,中国平安,2019-06-30,2019-08-16,74,https://static.cninfo.com.cn/finalpage/2019-08-16/1206534274.PDF
1210874155,601336.SH,新华保险,2021-06-30,2021-08-27,74,https://static.cninfo.com.cn/finalpage/2021-08-27/1210874155.PDF
1210895002,601377.SH,兴业证券,2021-06-30,2021-08-28,74,https://static.cninfo.com.cn/finalpage/2021-08-28/1210895002.PDF
1223415494,601456.SH,国联民生,2025-03-31,2025-04-30,74,https://static.cninfo.com.cn/finalpage/2025-04-30/1223415494.PDF
1225205013,601456.SH,国联民生,2026-03-31,2026-04-28,74,https://static.cninfo.com.cn/finalpage/2026-04-28/1225205013.PDF
1205363425,601688.SH,华泰证券,2018-06-30,2018-08-31,74,https://static.cninfo.com.cn/finalpage/2018-08-31/1205363425.PDF
1210900971,601688.SH,华泰证券,2021-06-30,2021-08-28,74,https://static.cninfo.com.cn/finalpage/2021-08-28/1210900971.PDF
1217710906,601688.SH,华泰证券,2023-06-30,2023-08-31,74,https://static.cninfo.com.cn/finalpage/2023-08-31/1217710906.PDF
1217701189,601838.SH,成都银行,2023-06-30,2023-08-30,74,https://static.cninfo.com.cn/finalpage/2023-08-30/1217701189.PDF
1225200570,601878.SH,浙商证券,2026-03-31,2026-04-28,74,https://static.cninfo.com.cn/finalpage/2026-04-28/1225200570.PDF
1217717846,601881.SH,中国银河,2023-06-30,2023-08-31,74,https://static.cninfo.com.cn/finalpage/2023-08-31/1217717846.PDF
1208345878,601988.SH,中国银行,2020-06-30,2020-08-31,74,https://static.cninfo.com.cn/finalpage/2020-08-31/1208345878.PDF
1217714397,601988.SH,中国银行,2023-06-30,2023-08-31,74,https://static.cninfo.com.cn/finalpage/2023-08-31/1217714397.PDF
1221055667,601988.SH,中国银行,2024-06-30,2024-08-30,74,https://static.cninfo.com.cn/finalpage/2024-08-30/1221055667.PDF
1210902954,601995.SH,中金公司,2021-06-30,2021-08-28,74,https://static.cninfo.com.cn/finalpage/2021-08-28/1210902954.PDF
1217714399,601995.SH,中金公司,2023-06-30,2023-08-31,74,https://static.cninfo.com.cn/finalpage/2023-08-31/1217714399.PDF
1214473446,000166.SZ,申万宏源,2022-06-30,2022-08-31,73,https://static.cninfo.com.cn/finalpage/2022-08-31/1214473446.PDF
1214470943,000776.SZ,广发证券,2022-06-30,2022-08-31,73,https://static.cninfo.com.cn/finalpage/2022-08-31/1214470943.PDF
1206730472,000783.SZ,长江证券,2019-06-30,2019-08-30,73,https://static.cninfo.com.cn/finalpage/2019-08-30/1206730472.PDF
1208260780,002673.SZ,西部证券,2020-06-30,2020-08-27,73,https://static.cninfo.com.cn/finalpage/2020-08-27/1208260780.PDF
1210925979,600015.SH,华夏银行,2021-06-30,2021-08-31,73,https://static.cninfo.com.cn/finalpage/2021-08-31/1210925979.PDF
1225231394,600036.SH,招商银行,2026-03-31,2026-04-29,73,https://static.cninfo.com.cn/finalpage/2026-04-29/1225231394.PDF
1214444619,600919.SH,江苏银行,2022-06-30,2022-08-30,73,https://static.cninfo.com.cn/finalpage/2022-08-30/1214444619.PDF
1225247497,600919.SH,江苏银行,2026-03-31,2026-04-29,73,https://static.cninfo.com.cn/finalpage/2026-04-29/1225247497.PDF
1210927101,600926.SH,杭州银行,2021-06-30,2021-08-31,73,https://static.cninfo.com.cn/finalpage/2021-08-31/1210927101.PDF
1214474204,600958.SH,东方证券,2022-06-30,2022-08-31,73,https://static.cninfo.com.cn/finalpage/2022-08-31/1214474204.PDF
1225237379,601077.SH,渝农商行,2026-03-31,2026-04-29,73,https://static.cninfo.com.cn/finalpage/2026-04-29/1225237379.PDF
1225237402,601136.SH,首创证券,2026-03-31,2026-04-29,73,https://static.cninfo.com.cn/finalpage/2026-04-29/1225237402.PDF
1203896399,601166.SH,兴业银行,2017-06-30,2017-08-30,73,https://static.cninfo.com.cn/finalpage/2017-08-30/1203896399.PDF
1214474229,601169.SH,北京银行,2022-06-30,2022-08-31,73,https://static.cninfo.com.cn/finalpage/2022-08-31/1214474229.PDF
1214474242,601236.SH,红塔证券,2022-06-30,2022-08-31,73,https://static.cninfo.com.cn/finalpage/2022-08-31/1214474242.PDF
1205350145,601288.SH,农业银行,2018-06-30,2018-08-29,73,https://static.cninfo.com.cn/finalpage/2018-08-29/1205350145.PDF
1210928419,601288.SH,农业银行,2021-06-30,2021-08-31,73,https://static.cninfo.com.cn/finalpage/2021-08-31/1210928419.PDF
1214448164,601288.SH,农业银行,2022-06-30,2022-08-30,73,https://static.cninfo.com.cn/finalpage/2022-08-30/1214448164.PDF
1217697712,601288.SH,农业银行,2023-06-30,2023-08-30,73,https://static.cninfo.com.cn/finalpage/2023-08-30/1217697712.PDF
1203897239,601336.SH,新华保险,2017-06-30,2017-08-30,73,https://static.cninfo.com.cn/finalpage/2017-08-30/1203897239.PDF
1217697753,601336.SH,新华保险,2023-06-30,2023-08-30,73,https://static.cninfo.com.cn/finalpage/2023-08-30/1217697753.PDF
1225229187,601601.SH,中国太保,2026-03-31,2026-04-29,73,https://static.cninfo.com.cn/finalpage/2026-04-29/1225229187.PDF
1202266806,601688.SH,华泰证券,2016-03-31,2016-04-29,73,https://static.cninfo.com.cn/finalpage/2016-04-29/1202266806.PDF
1214471827,601688.SH,华泰证券,2022-06-30,2022-08-31,73,https://static.cninfo.com.cn/finalpage/2022-08-31/1214471827.PDF
1214448373,601838.SH,成都银行,2022-06-30,2022-08-30,73,https://static.cninfo.com.cn/finalpage/2022-08-30/1214448373.PDF
1214471953,601881.SH,中国银河,2022-06-30,2022-08-31,73,https://static.cninfo.com.cn/finalpage/2022-08-31/1214471953.PDF
1210927328,601916.SH,浙商银行,2021-06-30,2021-08-31,73,https://static.cninfo.com.cn/finalpage/2021-08-31/1210927328.PDF
1205350405,601939.SH,建设银行,2018-06-30,2018-08-29,73,https://static.cninfo.com.cn/finalpage/2018-08-29/1205350405.PDF
1214475167,601988.SH,中国银行,2022-06-30,2022-08-31,73,https://static.cninfo.com.cn/finalpage/2022-08-31/1214475167.PDF
1214474389,601995.SH,中金公司,2022-06-30,2022-08-31,73,https://static.cninfo.com.cn/finalpage/2022-08-31/1214474389.PDF
1202283503,000166.SZ,申万宏源,2016-03-31,2016-04-30,72,https://static.cninfo.com.cn/finalpage/2016-04-30/1202283503.PDF
1225262631,000166.SZ,申万宏源,2026-03-31,2026-04-30,72,https://static.cninfo.com.cn/finalpage/2026-04-30/1225262631.PDF
1205356786,000776.SZ,广发证券,2018-06-30,2018-08-30,72,https://static.cninfo.com.cn/finalpage/2018-08-30/1205356786.PDF
1202219695,000917.SZ,电广传媒,2016-03-31,2016-04-22,72,https://static.cninfo.com.cn/finalpage/2016-04-22/1202219695.PDF
1203426213,000917.SZ,电广传媒,2017-03-31,2017-04-29,72,https://static.cninfo.com.cn/finalpage/2017-04-29/1203426213.PDF
1221032452,002142.SZ,宁波银行,2024-06-30,2024-08-29,72,https://static.cninfo.com.cn/finalpage/2024-08-29/1221032452.PDF
1204702394,002500.SZ,山西证券,2018-03-31,2018-04-24,72,https://static.cninfo.com.cn/finalpage/2018-04-24/1204702394.PDF
1225259083,002736.SZ,国信证券,2026-03-31,2026-04-30,72,https://static.cninfo.com.cn/finalpage/2026-04-30/1225259083.PDF
1225261168,600000.SH,浦发银行,2026-03-31,2026-04-30,72,https://static.cninfo.com.cn/finalpage/2026-04-30/1225261168.PDF
1202283838,600015.SH,华夏银行,2016-03-31,2016-04-30,72,https://static.cninfo.com.cn/finalpage/2016-04-30/1202283838.PDF
1225262347,600015.SH,华夏银行,2026-03-31,2026-04-30,72,https://static.cninfo.com.cn/finalpage/2026-04-30/1225262347.PDF
1225264299,600016.SH,民生银行,2026-03-31,2026-04-30,72,https://static.cninfo.com.cn/finalpage/2026-04-30/1225264299.PDF
1217712780,600061.SH,国投资本,2023-06-30,2023-08-31,72,https://static.cninfo.com.cn/finalpage/2023-08-31/1217712780.PDF
1225253975,600061.SH,国投资本,2026-03-31,2026-04-30,72,https://static.cninfo.com.cn/finalpage/2026-04-30/1225253975.PDF
1225259855,600918.SH,中泰证券,2026-03-31,2026-04-30,72,https://static.cninfo.com.cn/finalpage/2026-04-30/1225259855.PDF
1225255961,600958.SH,东方证券,2026-03-31,2026-04-30,72,https://static.cninfo.com.cn/finalpage/2026-04-30/1225255961.PDF
1217700677,600999.SH,招商证券,2023-06-30,2023-08-30,72,https://static.cninfo.com.cn/finalpage/2023-08-30/1217700677.PDF
1225254708,600999.SH,招商证券,2026-03-31,2026-04-30,72,https://static.cninfo.com.cn/finalpage/2026-04-30/1225254708.PDF
1217714035,601066.SH,中信建投,2023-06-30,2023-08-31,72,https://static.cninfo.com.cn/finalpage/2023-08-31/1217714035.PDF
1225263016,601066.SH,中信建投,2026-03-31,2026-04-30,72,https://static.cninfo.com.cn/finalpage/2026-04-30/1225263016.PDF
1225264485,601166.SH,兴业银行,2026-03-31,2026-04-30,72,https://static.cninfo.com.cn/finalpage/2026-04-30/1225264485.PDF
1206869187,601288.SH,农业银行,2019-06-30,2019-08-31,72,https://static.cninfo.com.cn/finalpage/2019-08-31/1206869187.PDF
1225261014,601288.SH,农业银行,2026-03-31,2026-04-30,72,https://static.cninfo.com.cn/finalpage/2026-04-30/1225261014.PDF
1214372425,601318.SH,中国平安,2022-06-30,2022-08-24,72,https://static.cninfo.com.cn/finalpage/2022-08-24/1214372425.PDF
1225259489,601319.SH,中国人保,2026-03-31,2026-04-30,72,https://static.cninfo.com.cn/finalpage/2026-04-30/1225259489.PDF
1225262918,601328.SH,交通银行,2026-03-31,2026-04-30,72,https://static.cninfo.com.cn/finalpage/2026-04-30/1225262918.PDF
1214474258,601336.SH,新华保险,2022-06-30,2022-08-31,72,https://static.cninfo.com.cn/finalpage/2022-08-31/1214474258.PDF
1225255761,601336.SH,新华保险,2026-03-31,2026-04-30,72,https://static.cninfo.com.cn/finalpage/2026-04-30/1225255761.PDF
1225262817,601377.SH,兴业证券,2026-03-31,2026-04-30,72,https://static.cninfo.com.cn/finalpage/2026-04-30/1225262817.PDF
1225255391,601398.SH,工商银行,2026-03-31,2026-04-30,72,https://static.cninfo.com.cn/finalpage/2026-04-30/1225255391.PDF
1225255158,601628.SH,中国人寿,2026-03-31,2026-04-30,72,https://static.cninfo.com.cn/finalpage/2026-04-30/1225255158.PDF
1217714363,601658.SH,邮储银行,2023-06-30,2023-08-31,72,https://static.cninfo.com.cn/finalpage/2023-08-31/1217714363.PDF
1225255200,601658.SH,邮储银行,2026-03-31,2026-04-30,72,https://static.cninfo.com.cn/finalpage/2026-04-30/1225255200.PDF
1225262752,601688.SH,华泰证券,2026-03-31,2026-04-30,72,https://static.cninfo.com.cn/finalpage/2026-04-30/1225262752.PDF
1225254691,601788.SH,光大证券,2026-03-31,2026-04-30,72,https://static.cninfo.com.cn/finalpage/2026-04-30/1225254691.PDF
1225262113,601818.SH,光大银行,2026-03-31,2026-04-30,72,https://static.cninfo.com.cn/finalpage/2026-04-30/1225262113.PDF
1210927301,601881.SH,中国银河,2021-06-30,2021-08-31,72,https://static.cninfo.com.cn/finalpage/2021-08-31/1210927301.PDF
1225256396,601881.SH,中国银河,2026-03-31,2026-04-30,72,https://static.cninfo.com.cn/finalpage/2026-04-30/1225256396.PDF
1225254307,601901.SH,方正证券,2026-03-31,2026-04-30,72,https://static.cninfo.com.cn/finalpage/2026-04-30/1225254307.PDF
1225259203,601916.SH,浙商银行,2026-03-31,2026-04-30,72,https://static.cninfo.com.cn/finalpage/2026-04-30/1225259203.PDF
1225263161,601939.SH,建设银行,2026-03-31,2026-04-30,72,https://static.cninfo.com.cn/finalpage/2026-04-30/1225263161.PDF
1210927364,601988.SH,中国银行,2021-06-30,2021-08-31,72,https://static.cninfo.com.cn/finalpage/2021-08-31/1210927364.PDF
1225257812,601988.SH,中国银行,2026-03-31,2026-04-30,72,https://static.cninfo.com.cn/finalpage/2026-04-30/1225257812.PDF
1225262824,601995.SH,中金公司,2026-03-31,2026-04-30,72,https://static.cninfo.com.cn/finalpage/2026-04-30/1225262824.PDF
1225265327,601998.SH,中信银行,2026-03-31,2026-04-30,72,https://static.cninfo.com.cn/finalpage/2026-04-30/1225265327.PDF
1221091023,600015.SH,华夏银行,2024-06-30,2024-08-31,71,https://static.cninfo.com.cn/finalpage/2024-08-31/1221091023.PDF
1221029674,600030.SH,中信证券,2024-06-30,2024-08-29,71,https://static.cninfo.com.cn/finalpage/2024-08-29/1221029674.PDF
1202780481,600060.SH,海信电器,2016-09-30,2016-10-25,71,https://static.cninfo.com.cn/finalpage/2016-10-25/1202780481.PDF
1221033374,600926.SH,杭州银行,2024-06-30,2024-08-29,71,https://static.cninfo.com.cn/finalpage/2024-08-29/1221033374.PDF
1214471706,601066.SH,中信建投,2022-06-30,2022-08-31,71,https://static.cninfo.com.cn/finalpage/2022-08-31/1214471706.PDF
1205363728,601398.SH,工商银行,2018-06-30,2018-08-31,71,https://static.cninfo.com.cn/finalpage/2018-08-31/1205363728.PDF
1203894581,601555.SH,东吴证券,2017-06-30,2017-08-30,71,https://static.cninfo.com.cn/finalpage/2017-08-30/1203894581.PDF
1209875679,601555.SH,东吴证券,2021-03-31,2021-04-30,71,https://static.cninfo.com.cn/finalpage/2021-04-30/1209875679.PDF
1208276265,000001.SZ,平安银行,2020-06-30,2020-08-28,70,https://static.cninfo.com.cn/finalpage/2020-08-28/1208276265.PDF
1205361771,600926.SH,杭州银行,2018-06-30,2018-08-31,70,https://static.cninfo.com.cn/finalpage/2018-08-31/1205361771.PDF
1205895402,601318.SH,中国平安,2018-12-31,2019-03-13,70,https://static.cninfo.com.cn/finalpage/2019-03-13/1205895402.PDF
1210877727,601318.SH,中国平安,2021-06-30,2021-08-27,70,https://static.cninfo.com.cn/finalpage/2021-08-27/1210877727.PDF
1203909327,601939.SH,建设银行,2017-06-30,2017-08-31,70,https://static.cninfo.com.cn/finalpage/2017-08-31/1203909327.PDF
1202793255,000061.SZ,农 产 品,2016-09-30,2016-10-27,69,https://static.cninfo.com.cn/finalpage/2016-10-27/1202793255.PDF
1202797094,000778.SZ,新兴铸管,2016-09-30,2016-10-28,69,https://static.cninfo.com.cn/finalpage/2016-10-28/1202797094.PDF
1202801561,300002.SZ,神州泰岳,2016-09-30,2016-10-29,69,https://static.cninfo.com.cn/finalpage/2016-10-29/1202801561.PDF
1202801974,300058.SZ,蓝色光标,2016-09-30,2016-10-29,69,https://static.cninfo.com.cn/finalpage/2016-10-29/1202801974.PDF
1202796886,300182.SZ,捷成股份,2016-09-30,2016-10-28,69,https://static.cninfo.com.cn/finalpage/2016-10-28/1202796886.PDF
1202799379,600648.SH,外高桥,2016-09-30,2016-10-28,69,https://static.cninfo.com.cn/finalpage/2016-10-28/1202799379.PDF
1202806639,600654.SH,中安消,2016-09-30,2016-10-31,69,https://static.cninfo.com.cn/finalpage/2016-10-31/1202806639.PDF
1202806676,600783.SH,鲁信创投,2016-09-30,2016-10-31,69,https://static.cninfo.com.cn/finalpage/2016-10-31/1202806676.PDF
1202786269,600839.SH,四川长虹,2016-09-30,2016-10-26,69,https://static.cninfo.com.cn/finalpage/2016-10-26/1202786269.PDF
1208279266,600926.SH,杭州银行,2020-06-30,2020-08-28,69,https://static.cninfo.com.cn/finalpage/2020-08-28/1208279266.PDF
1205324229,601108.SH,财通证券,2018-06-30,2018-08-25,69,https://static.cninfo.com.cn/finalpage/2018-08-25/1205324229.PDF
1202804820,601258.SH,庞大集团,2016-09-30,2016-10-29,69,https://static.cninfo.com.cn/finalpage/2016-10-29/1202804820.PDF
1220953914,601318.SH,中国平安,2024-06-30,2024-08-23,69,https://static.cninfo.com.cn/finalpage/2024-08-23/1220953914.PDF
1202805562,601928.SH,凤凰传媒,2016-09-30,2016-10-29,69,https://static.cninfo.com.cn/finalpage/2016-10-29/1202805562.PDF
1202798874,603000.SH,人民网,2016-09-30,2016-10-28,69,https://static.cninfo.com.cn/finalpage/2016-10-28/1202798874.PDF
1202805537,603885.SH,吉祥航空,2016-09-30,2016-10-29,69,https://static.cninfo.com.cn/finalpage/2016-10-29/1202805537.PDF
1203874974,600705.SH,中航资本,2017-06-30,2017-08-28,68,https://static.cninfo.com.cn/finalpage/2017-08-28/1203874974.PDF
1217676095,600926.SH,杭州银行,2023-06-30,2023-08-29,68,https://static.cninfo.com.cn/finalpage/2023-08-29/1217676095.PDF
1206657304,601108.SH,财通证券,2019-06-30,2019-08-29,68,https://static.cninfo.com.cn/finalpage/2019-08-29/1206657304.PDF
1205343086,601998.SH,中信银行,2018-06-30,2018-08-28,68,https://static.cninfo.com.cn/finalpage/2018-08-28/1205343086.PDF
1217701013,601318.SH,中国平安,2023-06-30,2023-08-30,67,https://static.cninfo.com.cn/finalpage/2023-08-30/1217701013.PDF
1221574075,601456.SH,国联证券,2024-09-30,2024-10-31,67,https://static.cninfo.com.cn/finalpage/2024-10-31/1221574075.PDF
1224776804,601456.SH,国联民生,2025-09-30,2025-10-31,67,https://static.cninfo.com.cn/finalpage/2025-10-31/1224776804.PDF
1206114449,000627.SZ,天茂集团,2018-12-31,2019-04-29,66,https://static.cninfo.com.cn/finalpage/2019-04-29/1206114449.PDF
1205856377,000166.SZ,申万宏源,2018-12-31,2019-02-28,65,https://static.cninfo.com.cn/finalpage/2019-02-28/1205856377.PDF
1202755121,002568.SZ,百润股份,2016-09-30,2016-10-13,65,https://static.cninfo.com.cn/finalpage/2016-10-13/1202755121.PDF
1208279688,601318.SH,中国平安,2020-06-30,2020-08-28,65,https://static.cninfo.com.cn/finalpage/2020-08-28/1208279688.PDF
1212533413,000001.SZ,平安银行,2021-12-31,2022-03-10,64,https://static.cninfo.com.cn/finalpage/2022-03-10/1212533413.PDF
1202524990,002299.SZ,圣农发展,2016-06-30,2016-08-02,64,https://static.cninfo.com.cn/finalpage/2016-08-02/1202524990.PDF
1203729381,002299.SZ,圣农发展,2017-06-30,2017-07-25,64,https://static.cninfo.com.cn/finalpage/2017-07-25/1203729381.PDF
1202781472,300085.SZ,银之杰,2016-09-30,2016-10-25,64,https://static.cninfo.com.cn/finalpage/2016-10-25/1202781472.PDF
1203094928,601211.SH,国泰君安,2016-12-31,2017-02-21,64,https://static.cninfo.com.cn/finalpage/2017-02-21/1203094928.PDF
1202251314,300059.SZ,东方财富,2016-03-31,2016-04-27,63,https://static.cninfo.com.cn/finalpage/2016-04-27/1202251314.PDF
1202796458,000027.SZ,深圳能源,2016-09-30,2016-10-28,62,https://static.cninfo.com.cn/finalpage/2016-10-28/1202796458.PDF
1202784534,002129.SZ,中环股份,2016-09-30,2016-10-26,62,https://static.cninfo.com.cn/finalpage/2016-10-26/1202784534.PDF
1225263029,601059.SH,信达证券,2026-03-31,2026-04-30,62,https://static.cninfo.com.cn/finalpage/2026-04-30/1225263029.PDF
1202239295,002299.SZ,圣农发展,2016-03-31,2016-04-26,61,https://static.cninfo.com.cn/finalpage/2016-04-26/1202239295.PDF
1203382279,002299.SZ,圣农发展,2017-03-31,2017-04-26,61,https://static.cninfo.com.cn/finalpage/2017-04-26/1203382279.PDF
1202518949,300059.SZ,东方财富,2016-06-30,2016-07-30,61,https://static.cninfo.com.cn/finalpage/2016-07-30/1202518949.PDF
1215991103,601901.SH,方正证券,2022-12-31,2023-02-28,61,https://static.cninfo.com.cn/finalpage/2023-02-28/1215991103.PDF
1202801590,000800.SZ,一汽轿车,2016-09-30,2016-10-29,59,https://static.cninfo.com.cn/finalpage/2016-10-29/1202801590.PDF
1202782082,600252.SH,中恒集团,2016-09-30,2016-10-25,58,https://static.cninfo.com.cn/finalpage/2016-10-25/1202782082.PDF
1202803518,600754.SH,锦江股份,2016-09-30,2016-10-29,58,https://static.cninfo.com.cn/finalpage/2016-10-29/1202803518.PDF
1203116635,601099.SH,太平洋,2016-12-31,2017-03-01,58,https://static.cninfo.com.cn/finalpage/2017-03-01/1203116635.PDF
1204470753,601878.SH,浙商证券,2017-12-31,2018-03-13,58,https://static.cninfo.com.cn/finalpage/2018-03-13/1204470753.PDF
1212742874,601901.SH,方正证券,2021-12-31,2022-03-31,58,https://static.cninfo.com.cn/finalpage/2022-03-31/1212742874.PDF
1221305590,601939.SH,建设银行,2024-06-30,2024-09-27,58,https://static.cninfo.com.cn/finalpage/2024-09-27/1221305590.PDF
1204477157,000001.SZ,平安银行,2017-12-31,2018-03-15,57,https://static.cninfo.com.cn/finalpage/2018-03-15/1204477157.PDF
1213204766,000617.SZ,中油资本,2022-03-31,2022-04-29,57,https://static.cninfo.com.cn/finalpage/2022-04-29/1213204766.PDF
1202798477,600582.SH,天地科技,2016-09-30,2016-10-28,57,https://static.cninfo.com.cn/finalpage/2016-10-28/1202798477.PDF
1201921704,600816.SH,安信信托,2015-12-31,2016-01-18,57,https://static.cninfo.com.cn/finalpage/2016-01-18/1201921704.PDF
1207384028,601878.SH,浙商证券,2019-12-31,2020-03-19,57,https://static.cninfo.com.cn/finalpage/2020-03-19/1207384028.PDF
1202797097,000039.SZ,中集集团,2016-09-30,2016-10-28,56,https://static.cninfo.com.cn/finalpage/2016-10-28/1202797097.PDF
1202242363,002065.SZ,东华软件,2015-12-31,2016-04-26,56,https://static.cninfo.com.cn/finalpage/2016-04-26/1202242363.PDF
1204664109,002673.SZ,西部证券,2017-12-31,2018-04-20,56,https://static.cninfo.com.cn/finalpage/2018-04-20/1204664109.PDF
1203130348,300059.SZ,东方财富,2016-12-31,2017-03-06,56,https://static.cninfo.com.cn/finalpage/2017-03-06/1203130348.PDF
1204484726,300059.SZ,东方财富,2017-12-31,2018-03-17,56,https://static.cninfo.com.cn/finalpage/2018-03-17/1204484726.PDF
1219307793,300059.SZ,东方财富,2023-12-31,2024-03-15,56,https://static.cninfo.com.cn/finalpage/2024-03-15/1219307793.PDF
1205903655,601878.SH,浙商证券,2018-12-31,2019-03-18,56,https://static.cninfo.com.cn/finalpage/2019-03-18/1205903655.PDF
1216072952,000001.SZ,平安银行,2022-12-31,2023-03-09,55,https://static.cninfo.com.cn/finalpage/2023-03-09/1216072952.PDF
1204821855,000627.SZ,天茂集团,2017-12-31,2018-04-28,55,https://static.cninfo.com.cn/finalpage/2018-04-28/1204821855.PDF
1203414776,002183.SZ,怡 亚 通,2016-12-31,2017-04-28,55,https://static.cninfo.com.cn/finalpage/2017-04-28/1203414776.PDF
1207386678,600030.SH,中信证券,2019-12-31,2020-03-20,55,https://static.cninfo.com.cn/finalpage/2020-03-20/1207386678.PDF
1219834233,601825.SH,沪农商行,2024-03-31,2024-04-26,55,https://static.cninfo.com.cn/finalpage/2024-04-26/1219834233.PDF
1205932064,600036.SH,招商银行,2018-12-31,2019-03-23,54,https://static.cninfo.com.cn/finalpage/2019-03-23/1205932064.PDF
1202775233,600875.SH,东方电气,2016-09-30,2016-10-22,54,https://static.cninfo.com.cn/finalpage/2016-10-22/1202775233.PDF
1204495862,601318.SH,中国平安,2017-12-31,2018-03-21,54,https://static.cninfo.com.cn/finalpage/2018-03-21/1204495862.PDF
1208345578,601939.SH,建设银行,2020-06-30,2020-08-31,54,https://static.cninfo.com.cn/finalpage/2020-08-31/1208345578.PDF
1222806709,300059.SZ,东方财富,2024-12-31,2025-03-15,53,https://static.cninfo.com.cn/finalpage/2025-03-15/1222806709.PDF
1205924023,600030.SH,中信证券,2018-12-31,2019-03-22,53,https://static.cninfo.com.cn/finalpage/2019-03-22/1205924023.PDF
1219877794,601077.SH,渝农商行,2024-03-31,2024-04-27,53,https://static.cninfo.com.cn/finalpage/2024-04-27/1219877794.PDF
1212609975,601318.SH,中国平安,2021-12-31,2022-03-18,53,https://static.cninfo.com.cn/finalpage/2022-03-18/1212609975.PDF
1202554521,600015.SH,华夏银行,2016-06-30,2016-08-11,52,https://static.cninfo.com.cn/finalpage/2016-08-11/1202554521.PDF
1207390595,600036.SH,招商银行,2019-12-31,2020-03-21,52,https://static.cninfo.com.cn/finalpage/2020-03-21/1207390595.PDF
1203135136,600705.SH,中航资本,2016-12-31,2017-03-07,52,https://static.cninfo.com.cn/finalpage/2017-03-07/1203135136.PDF
1202592452,601688.SH,华泰证券,2016-06-30,2016-08-20,52,https://static.cninfo.com.cn/finalpage/2016-08-20/1202592452.PDF
1209401367,601878.SH,浙商证券,2020-12-31,2021-03-18,52,https://static.cninfo.com.cn/finalpage/2021-03-18/1209401367.PDF
1203376496,002831.SZ,裕同科技,2017-03-31,2017-04-25,51,https://static.cninfo.com.cn/finalpage/2017-04-25/1203376496.PDF
1216145341,300059.SZ,东方财富,2022-12-31,2023-03-18,51,https://static.cninfo.com.cn/finalpage/2023-03-18/1216145341.PDF
1222911392,601998.SH,中信银行,2024-12-31,2025-03-27,51,https://static.cninfo.com.cn/finalpage/2025-03-27/1222911392.PDF
1202636303,000166.SZ,申万宏源,2016-06-30,2016-08-27,50,https://static.cninfo.com.cn/finalpage/2016-08-27/1202636303.PDF
1202549668,000783.SZ,长江证券,2016-06-30,2016-08-10,50,https://static.cninfo.com.cn/finalpage/2016-08-10/1202549668.PDF
1202637245,000917.SZ,电广传媒,2016-06-30,2016-08-27,50,https://static.cninfo.com.cn/finalpage/2016-08-27/1202637245.PDF
1203791431,000917.SZ,电广传媒,2017-06-30,2017-08-12,50,https://static.cninfo.com.cn/finalpage/2017-08-12/1203791431.PDF
1205263126,002500.SZ,山西证券,2018-06-30,2018-08-07,50,https://static.cninfo.com.cn/finalpage/2018-08-07/1205263126.PDF
1205921487,601211.SH,国泰君安,2018-12-31,2019-03-21,50,https://static.cninfo.com.cn/finalpage/2019-03-21/1205921487.PDF
1222869580,601328.SH,交通银行,2024-12-31,2025-03-22,50,https://static.cninfo.com.cn/finalpage/2025-03-22/1222869580.PDF
1204495849,601336.SH,新华保险,2017-12-31,2018-03-21,50,https://static.cninfo.com.cn/finalpage/2018-03-21/1204495849.PDF
1213271007,601825.SH,沪农商行,2022-03-31,2022-04-30,50,https://static.cninfo.com.cn/finalpage/2022-04-30/1213271007.PDF
1202801327,000712.SZ,锦龙股份,2016-09-30,2016-10-29,49,https://static.cninfo.com.cn/finalpage/2016-10-29/1202801327.PDF
1204507098,600030.SH,中信证券,2017-12-31,2018-03-23,49,https://static.cninfo.com.cn/finalpage/2018-03-23/1204507098.PDF
1209411091,600030.SH,中信证券,2020-12-31,2021-03-19,49,https://static.cninfo.com.cn/finalpage/2021-03-19/1209411091.PDF
1204512929,600036.SH,招商银行,2017-12-31,2018-03-24,49,https://static.cninfo.com.cn/finalpage/2018-03-24/1204512929.PDF
1203187978,601318.SH,中国平安,2016-12-31,2017-03-23,49,https://static.cninfo.com.cn/finalpage/2017-03-23/1203187978.PDF
1216202395,601998.SH,中信银行,2022-12-31,2023-03-24,49,https://static.cninfo.com.cn/finalpage/2023-03-24/1216202395.PDF
1222806505,000001.SZ,平安银行,2024-12-31,2025-03-15,48,https://static.cninfo.com.cn/finalpage/2025-03-15/1222806505.PDF
1202500559,002673.SZ,西部证券,2016-06-30,2016-07-25,48,https://static.cninfo.com.cn/finalpage/2016-07-25/1202500559.PDF
1222869959,600918.SH,中泰证券,2024-12-31,2025-03-22,48,https://static.cninfo.com.cn/finalpage/2025-03-22/1222869959.PDF
1224597408,601059.SH,信达证券,2025-06-30,2025-08-28,48,https://static.cninfo.com.cn/finalpage/2025-08-28/1224597408.PDF
1207399922,601211.SH,国泰君安,2019-12-31,2020-03-25,48,https://static.cninfo.com.cn/finalpage/2020-03-25/1207399922.PDF
1207419704,601319.SH,中国人保,2019-12-31,2020-03-28,48,https://static.cninfo.com.cn/finalpage/2020-03-28/1207419704.PDF
1209438257,601319.SH,中国人保,2020-12-31,2021-03-24,48,https://static.cninfo.com.cn/finalpage/2021-03-24/1209438257.PDF
1205920784,601336.SH,新华保险,2018-12-31,2019-03-21,48,https://static.cninfo.com.cn/finalpage/2019-03-21/1205920784.PDF
1207404686,601336.SH,新华保险,2019-12-31,2020-03-26,48,https://static.cninfo.com.cn/finalpage/2020-03-26/1207404686.PDF
1210748594,601555.SH,东吴证券,2021-06-30,2021-08-14,48,https://static.cninfo.com.cn/finalpage/2021-08-14/1210748594.PDF
1219375055,601998.SH,中信银行,2023-12-31,2024-03-22,48,https://static.cninfo.com.cn/finalpage/2024-03-22/1219375055.PDF
1203167519,000001.SZ,平安银行,2016-12-31,2017-03-17,47,https://static.cninfo.com.cn/finalpage/2017-03-17/1203167519.PDF
1219306493,000001.SZ,平安银行,2023-12-31,2024-03-15,47,https://static.cninfo.com.cn/finalpage/2024-03-15/1219306493.PDF
1204675535,000166.SZ,申万宏源,2017-12-31,2018-04-21,47,https://static.cninfo.com.cn/finalpage/2018-04-21/1204675535.PDF
1212623862,300059.SZ,东方财富,2021-12-31,2022-03-19,47,https://static.cninfo.com.cn/finalpage/2022-03-19/1212623862.PDF
1203187590,600030.SH,中信证券,2016-12-31,2017-03-23,47,https://static.cninfo.com.cn/finalpage/2017-03-23/1203187590.PDF
1209418141,600036.SH,招商银行,2020-12-31,2021-03-20,47,https://static.cninfo.com.cn/finalpage/2021-03-20/1209418141.PDF
1219403503,600036.SH,招商银行,2023-12-31,2024-03-26,47,https://static.cninfo.com.cn/finalpage/2024-03-26/1219403503.PDF
1204476673,600705.SH,中航资本,2017-12-31,2018-03-15,47,https://static.cninfo.com.cn/finalpage/2018-03-15/1204476673.PDF
1219474233,600918.SH,中泰证券,2023-12-31,2024-03-30,47,https://static.cninfo.com.cn/finalpage/2024-03-30/1219474233.PDF
1212686661,601319.SH,中国人保,2021-12-31,2022-03-26,47,https://static.cninfo.com.cn/finalpage/2022-03-26/1212686661.PDF
1209465385,601328.SH,交通银行,2020-12-31,2021-03-27,47,https://static.cninfo.com.cn/finalpage/2021-03-27/1209465385.PDF
1222910598,601628.SH,中国人寿,2024-12-31,2025-03-27,47,https://static.cninfo.com.cn/finalpage/2025-03-27/1222910598.PDF
1207432291,601688.SH,华泰证券,2019-12-31,2020-03-31,47,https://static.cninfo.com.cn/finalpage/2020-03-31/1207432291.PDF
1209453466,601788.SH,光大证券,2020-12-31,2021-03-26,47,https://static.cninfo.com.cn/finalpage/2021-03-26/1209453466.PDF
1209453589,601998.SH,中信银行,2020-12-31,2021-03-26,47,https://static.cninfo.com.cn/finalpage/2021-03-26/1209453589.PDF
1212669945,601998.SH,中信银行,2021-12-31,2022-03-25,47,https://static.cninfo.com.cn/finalpage/2022-03-25/1212669945.PDF
1203196857,600036.SH,招商银行,2016-12-31,2017-03-25,46,https://static.cninfo.com.cn/finalpage/2017-03-25/1203196857.PDF
1212626208,600036.SH,招商银行,2021-12-31,2022-03-19,46,https://static.cninfo.com.cn/finalpage/2022-03-19/1212626208.PDF
1216221326,600036.SH,招商银行,2022-12-31,2023-03-25,46,https://static.cninfo.com.cn/finalpage/2023-03-25/1216221326.PDF
1222895154,600036.SH,招商银行,2024-12-31,2025-03-26,46,https://static.cninfo.com.cn/finalpage/2025-03-26/1222895154.PDF
1205913991,601066.SH,中信建投,2018-12-31,2019-03-19,46,https://static.cninfo.com.cn/finalpage/2019-03-19/1205913991.PDF
1202236668,601211.SH,国泰君安,2015-12-31,2016-04-25,46,https://static.cninfo.com.cn/finalpage/2016-04-25/1202236668.PDF
1216221031,601319.SH,中国人保,2022-12-31,2023-03-25,46,https://static.cninfo.com.cn/finalpage/2023-03-25/1216221031.PDF
1207418558,601328.SH,交通银行,2019-12-31,2020-03-28,46,https://static.cninfo.com.cn/finalpage/2020-03-28/1207418558.PDF
1219427333,601328.SH,交通银行,2023-12-31,2024-03-28,46,https://static.cninfo.com.cn/finalpage/2024-03-28/1219427333.PDF
1207419811,601398.SH,工商银行,2019-12-31,2020-03-28,46,https://static.cninfo.com.cn/finalpage/2020-03-28/1207419811.PDF
1205933007,601601.SH,中国太保,2018-12-31,2019-03-25,46,https://static.cninfo.com.cn/finalpage/2019-03-25/1205933007.PDF
1203190703,601628.SH,中国人寿,2016-12-31,2017-03-24,46,https://static.cninfo.com.cn/finalpage/2017-03-24/1203190703.PDF
1207419763,601788.SH,光大证券,2019-12-31,2020-03-28,46,https://static.cninfo.com.cn/finalpage/2020-03-28/1207419763.PDF
1212687507,601818.SH,光大银行,2021-12-31,2022-03-26,46,https://static.cninfo.com.cn/finalpage/2022-03-26/1212687507.PDF
1202557761,000001.SZ,平安银行,2016-06-30,2016-08-12,45,https://static.cninfo.com.cn/finalpage/2016-08-12/1202557761.PDF
1222948663,000166.SZ,申万宏源,2024-12-31,2025-03-29,45,https://static.cninfo.com.cn/finalpage/2025-03-29/1222948663.PDF
1205942928,000776.SZ,广发证券,2018-12-31,2019-03-27,45,https://static.cninfo.com.cn/finalpage/2019-03-27/1205942928.PDF
1202506406,000793.SZ,华闻传媒,2016-06-30,2016-07-27,45,https://static.cninfo.com.cn/finalpage/2016-07-27/1202506406.PDF
1203815954,000793.SZ,华闻传媒,2017-06-30,2017-08-19,45,https://static.cninfo.com.cn/finalpage/2017-08-19/1203815954.PDF
1202637204,002142.SZ,宁波银行,2016-06-30,2016-08-29,45,https://static.cninfo.com.cn/finalpage/2016-08-29/1202637204.PDF
1202559913,002310.SZ,东方园林,2016-06-30,2016-08-12,45,https://static.cninfo.com.cn/finalpage/2016-08-12/1202559913.PDF
1203810170,002426.SZ,胜利精密,2017-06-30,2017-08-18,45,https://static.cninfo.com.cn/finalpage/2017-08-18/1203810170.PDF
1202582770,600036.SH,招商银行,2016-06-30,2016-08-19,45,https://static.cninfo.com.cn/finalpage/2016-08-19/1202582770.PDF
1222927482,601066.SH,中信建投,2024-12-31,2025-03-28,45,https://static.cninfo.com.cn/finalpage/2025-03-28/1222927482.PDF
1202612657,601127.SH,小康股份,2016-06-30,2016-08-25,45,https://static.cninfo.com.cn/finalpage/2016-08-25/1202612657.PDF
1203810097,601127.SH,小康股份,2017-06-30,2017-08-18,45,https://static.cninfo.com.cn/finalpage/2017-08-18/1203810097.PDF
1222927176,601166.SH,兴业银行,2024-12-31,2025-03-28,45,https://static.cninfo.com.cn/finalpage/2025-03-28/1222927176.PDF
1202650698,601198.SH,东兴证券,2016-06-30,2016-08-30,45,https://static.cninfo.com.cn/finalpage/2016-08-30/1202650698.PDF
1222941042,601236.SH,红塔证券,2024-12-31,2025-03-29,45,https://static.cninfo.com.cn/finalpage/2025-03-29/1222941042.PDF
1216129433,601318.SH,中国平安,2022-12-31,2023-03-16,45,https://static.cninfo.com.cn/finalpage/2023-03-16/1216129433.PDF
1222927515,601319.SH,中国人保,2024-12-31,2025-03-28,45,https://static.cninfo.com.cn/finalpage/2025-03-28/1222927515.PDF
1209445061,601336.SH,新华保险,2020-12-31,2021-03-25,45,https://static.cninfo.com.cn/finalpage/2021-03-25/1209445061.PDF
1222924627,601336.SH,新华保险,2024-12-31,2025-03-28,45,https://static.cninfo.com.cn/finalpage/2025-03-28/1222924627.PDF
1222948914,601398.SH,工商银行,2024-12-31,2025-03-29,45,https://static.cninfo.com.cn/finalpage/2025-03-29/1222948914.PDF
1207391499,601601.SH,中国太保,2019-12-31,2020-03-23,45,https://static.cninfo.com.cn/finalpage/2020-03-23/1207391499.PDF
1212698832,601601.SH,中国太保,2021-12-31,2022-03-28,45,https://static.cninfo.com.cn/finalpage/2022-03-28/1212698832.PDF
1209453449,601628.SH,中国人寿,2020-12-31,2021-03-26,45,https://static.cninfo.com.cn/finalpage/2021-03-26/1209453449.PDF
1222927886,601658.SH,邮储银行,2024-12-31,2025-03-28,45,https://static.cninfo.com.cn/finalpage/2025-03-28/1222927886.PDF
1209437940,601688.SH,华泰证券,2020-12-31,2021-03-24,45,https://static.cninfo.com.cn/finalpage/2021-03-24/1209437940.PDF
1222930041,601788.SH,光大证券,2024-12-31,2025-03-28,45,https://static.cninfo.com.cn/finalpage/2025-03-28/1222930041.PDF
1207418539,601818.SH,光大银行,2019-12-31,2020-03-28,45,https://static.cninfo.com.cn/finalpage/2020-03-28/1207418539.PDF
1209464797,601818.SH,光大银行,2020-12-31,2021-03-27,45,https://static.cninfo.com.cn/finalpage/2021-03-27/1209464797.PDF
1216221055,601818.SH,光大银行,2022-12-31,2023-03-25,45,https://static.cninfo.com.cn/finalpage/2023-03-25/1216221055.PDF
1222940501,601939.SH,建设银行,2024-12-31,2025-03-29,45,https://static.cninfo.com.cn/finalpage/2025-03-29/1222940501.PDF
1207419500,000166.SZ,申万宏源,2019-12-31,2020-03-28,44,https://static.cninfo.com.cn/finalpage/2020-03-28/1207419500.PDF
1223272150,000657.SZ,中钨高新,2025-03-31,2025-04-25,44,https://static.cninfo.com.cn/finalpage/2025-04-25/1223272150.PDF
1225183888,000657.SZ,中钨高新,2026-03-31,2026-04-27,44,https://static.cninfo.com.cn/finalpage/2026-04-27/1225183888.PDF
1203197231,000776.SZ,广发证券,2016-12-31,2017-03-25,44,https://static.cninfo.com.cn/finalpage/2017-03-25/1203197231.PDF
1204513123,000776.SZ,广发证券,2017-12-31,2018-03-24,44,https://static.cninfo.com.cn/finalpage/2018-03-24/1204513123.PDF
1223266687,000988.SZ,华工科技,2025-03-31,2025-04-25,44,https://static.cninfo.com.cn/finalpage/2025-04-25/1223266687.PDF
1225183610,000988.SZ,华工科技,2026-03-31,2026-04-27,44,https://static.cninfo.com.cn/finalpage/2026-04-27/1225183610.PDF
1225236746,001280.SZ,中国铀业,2026-03-31,2026-04-29,44,https://static.cninfo.com.cn/finalpage/2026-04-29/1225236746.PDF
1223321587,002202.SZ,金风科技,2025-03-31,2025-04-26,44,https://static.cninfo.com.cn/finalpage/2025-04-26/1223321587.PDF
1225193969,002202.SZ,金风科技,2026-03-31,2026-04-25,44,https://static.cninfo.com.cn/finalpage/2026-04-25/1225193969.PDF
1223210695,002353.SZ,杰瑞股份,2025-03-31,2025-04-23,44,https://static.cninfo.com.cn/finalpage/2025-04-23/1223210695.PDF
1225113322,002353.SZ,杰瑞股份,2026-03-31,2026-04-17,44,https://static.cninfo.com.cn/finalpage/2026-04-17/1225113322.PDF
1223232846,002532.SZ,天山铝业,2025-03-31,2025-04-24,44,https://static.cninfo.com.cn/finalpage/2025-04-24/1223232846.PDF
1225224454,002532.SZ,天山铝业,2026-03-31,2026-04-29,44,https://static.cninfo.com.cn/finalpage/2026-04-29/1225224454.PDF
1223408178,002558.SZ,巨人网络,2025-03-31,2025-04-30,44,https://static.cninfo.com.cn/finalpage/2025-04-30/1223408178.PDF
1225199537,002558.SZ,巨人网络,2026-03-31,2026-04-28,44,https://static.cninfo.com.cn/finalpage/2026-04-28/1225199537.PDF
1223382686,002602.SZ,ST华通,2025-03-31,2025-04-29,44,https://static.cninfo.com.cn/finalpage/2025-04-29/1223382686.PDF
1225261922,002602.SZ,世纪华通,2026-03-31,2026-04-30,44,https://static.cninfo.com.cn/finalpage/2026-04-30/1225261922.PDF
1223190833,002837.SZ,英维克,2025-03-31,2025-04-22,44,https://static.cninfo.com.cn/finalpage/2025-04-22/1223190833.PDF
1225131821,002837.SZ,英维克,2026-03-31,2026-04-21,44,https://static.cninfo.com.cn/finalpage/2026-04-21/1225131821.PDF
1224499196,300059.SZ,东方财富,2025-06-30,2025-08-16,44,https://static.cninfo.com.cn/finalpage/2025-08-16/1224499196.PDF
1225226985,300450.SZ,先导智能,2026-03-31,2026-04-29,44,https://static.cninfo.com.cn/finalpage/2026-04-29/1225226985.PDF
1223358244,301165.SZ,锐捷网络,2025-03-31,2025-04-29,44,https://static.cninfo.com.cn/finalpage/2025-04-29/1223358244.PDF
1225125089,301165.SZ,锐捷网络,2026-03-31,2026-04-21,44,https://static.cninfo.com.cn/finalpage/2026-04-21/1225125089.PDF
1216219259,600061.SH,国投资本,2022-12-31,2023-03-25,44,https://static.cninfo.com.cn/finalpage/2023-03-25/1216219259.PDF
1223419052,600118.SH,中国卫星,2025-03-31,2025-04-30,44,https://static.cninfo.com.cn/finalpage/2025-04-30/1223419052.PDF
1225142821,600118.SH,中国卫星,2026-03-31,2026-04-22,44,https://static.cninfo.com.cn/finalpage/2026-04-22/1225142821.PDF
1223419498,600221.SH,海航控股,2025-03-31,2025-04-30,44,https://static.cninfo.com.cn/finalpage/2025-04-30/1223419498.PDF
1225254777,600221.SH,海航控股,2026-03-31,2026-04-30,44,https://static.cninfo.com.cn/finalpage/2026-04-30/1225254777.PDF
1223318039,600549.SH,厦门钨业,2025-03-31,2025-04-26,44,https://static.cninfo.com.cn/finalpage/2025-04-26/1223318039.PDF
1225166666,600549.SH,厦门钨业,2026-03-31,2026-04-24,44,https://static.cninfo.com.cn/finalpage/2026-04-24/1225166666.PDF
1224558839,600919.SH,江苏银行,2025-06-30,2025-08-23,44,https://static.cninfo.com.cn/finalpage/2025-08-23/1224558839.PDF
1205959122,600958.SH,东方证券,2018-12-31,2019-03-29,44,https://static.cninfo.com.cn/finalpage/2019-03-29/1205959122.PDF
1207419402,600958.SH,东方证券,2019-12-31,2020-03-28,44,https://static.cninfo.com.cn/finalpage/2020-03-28/1207419402.PDF
1207419940,600999.SH,招商证券,2019-12-31,2020-03-28,44,https://static.cninfo.com.cn/finalpage/2020-03-28/1207419940.PDF
1222929494,600999.SH,招商证券,2024-12-31,2025-03-28,44,https://static.cninfo.com.cn/finalpage/2025-03-28/1222929494.PDF
1209488787,601166.SH,兴业银行,2020-12-31,2021-03-31,44,https://static.cninfo.com.cn/finalpage/2021-03-31/1209488787.PDF
1219411146,601319.SH,中国人保,2023-12-31,2024-03-27,44,https://static.cninfo.com.cn/finalpage/2024-03-27/1219411146.PDF
1203227518,601336.SH,新华保险,2016-12-31,2017-03-30,44,https://static.cninfo.com.cn/finalpage/2017-03-30/1203227518.PDF
1209468039,601601.SH,中国太保,2020-12-31,2021-03-29,44,https://static.cninfo.com.cn/finalpage/2021-03-29/1209468039.PDF
1223384724,601727.SH,上海电气,2025-03-31,2025-04-29,44,https://static.cninfo.com.cn/finalpage/2025-04-29/1223384724.PDF
1225259840,601727.SH,上海电气,2026-03-31,2026-04-30,44,https://static.cninfo.com.cn/finalpage/2026-04-30/1225259840.PDF
1205950418,601788.SH,光大证券,2018-12-31,2019-03-28,44,https://static.cninfo.com.cn/finalpage/2019-03-28/1205950418.PDF
1214332297,601825.SH,沪农商行,2022-06-30,2022-08-19,44,https://static.cninfo.com.cn/finalpage/2022-08-19/1214332297.PDF
1224554479,601878.SH,浙商证券,2025-06-30,2025-08-23,44,https://static.cninfo.com.cn/finalpage/2025-08-23/1224554479.PDF
1219348116,601901.SH,方正证券,2023-12-31,2024-03-20,44,https://static.cninfo.com.cn/finalpage/2024-03-20/1219348116.PDF
1207423561,601939.SH,建设银行,2019-12-31,2020-03-30,44,https://static.cninfo.com.cn/finalpage/2020-03-30/1207423561.PDF
1205968029,601988.SH,中国银行,2018-12-31,2019-03-30,44,https://static.cninfo.com.cn/finalpage/2019-03-30/1205968029.PDF
1207419624,601988.SH,中国银行,2019-12-31,2020-03-28,44,https://static.cninfo.com.cn/finalpage/2020-03-28/1207419624.PDF
1222911241,601988.SH,中国银行,2024-12-31,2025-03-27,44,https://static.cninfo.com.cn/finalpage/2025-03-27/1222911241.PDF
1223410989,688072.SH,拓荆科技,2025-03-31,2025-04-30,44,https://static.cninfo.com.cn/finalpage/2025-04-30/1223410989.PDF
1225222240,688072.SH,拓荆科技,2026-03-31,2026-04-28,44,https://static.cninfo.com.cn/finalpage/2026-04-28/1225222240.PDF
1223357338,688183.SH,生益电子,2025-03-31,2025-04-29,44,https://static.cninfo.com.cn/finalpage/2025-04-29/1223357338.PDF
1225223613,688183.SH,生益电子,2026-03-31,2026-04-29,44,https://static.cninfo.com.cn/finalpage/2026-04-29/1225223613.PDF
1223311741,688521.SH,芯原股份,2025-03-31,2025-04-26,44,https://static.cninfo.com.cn/finalpage/2025-04-26/1223311741.PDF
1225263170,688521.SH,芯原股份,2026-03-31,2026-04-30,44,https://static.cninfo.com.cn/finalpage/2026-04-30/1225263170.PDF
1205938564,000728.SZ,国元证券,2018-12-31,2019-03-26,43,https://static.cninfo.com.cn/finalpage/2019-03-26/1205938564.PDF
1207419287,000776.SZ,广发证券,2019-12-31,2020-03-28,43,https://static.cninfo.com.cn/finalpage/2020-03-28/1207419287.PDF
1202606879,002195.SZ,二三四五,2016-06-30,2016-08-24,43,https://static.cninfo.com.cn/finalpage/2016-08-24/1202606879.PDF
1203808451,002195.SZ,二三四五,2017-06-30,2017-08-18,43,https://static.cninfo.com.cn/finalpage/2017-08-18/1203808451.PDF
1206568646,002310.SZ,东方园林,2019-06-30,2019-08-24,43,https://static.cninfo.com.cn/finalpage/2019-08-24/1206568646.PDF
1222948214,600000.SH,浦发银行,2024-12-31,2025-03-29,43,https://static.cninfo.com.cn/finalpage/2025-03-29/1222948214.PDF
1222951325,600016.SH,民生银行,2024-12-31,2025-03-29,43,https://static.cninfo.com.cn/finalpage/2025-03-29/1222951325.PDF
1219411922,600030.SH,中信证券,2023-12-31,2024-03-27,43,https://static.cninfo.com.cn/finalpage/2024-03-27/1219411922.PDF
1202558742,600060.SH,海信电器,2016-06-30,2016-08-12,43,https://static.cninfo.com.cn/finalpage/2016-08-12/1202558742.PDF
1203807780,600060.SH,海信电器,2017-06-30,2017-08-18,43,https://static.cninfo.com.cn/finalpage/2017-08-18/1203807780.PDF
1212744119,600061.SH,国投资本,2021-12-31,2022-03-31,43,https://static.cninfo.com.cn/finalpage/2022-03-31/1212744119.PDF
1219429106,600958.SH,东方证券,2023-12-31,2024-03-28,43,https://static.cninfo.com.cn/finalpage/2024-03-28/1219429106.PDF
1204544883,601211.SH,国泰君安,2017-12-31,2018-03-30,43,https://static.cninfo.com.cn/finalpage/2018-03-30/1204544883.PDF
1222943086,601288.SH,农业银行,2024-12-31,2025-03-29,43,https://static.cninfo.com.cn/finalpage/2025-03-29/1222943086.PDF
1205969225,601328.SH,交通银行,2018-12-31,2019-03-30,43,https://static.cninfo.com.cn/finalpage/2019-03-30/1205969225.PDF
1219426892,601336.SH,新华保险,2023-12-31,2024-03-28,43,https://static.cninfo.com.cn/finalpage/2024-03-28/1219426892.PDF
1205958883,601398.SH,工商银行,2018-12-31,2019-03-29,43,https://static.cninfo.com.cn/finalpage/2019-03-29/1205958883.PDF
1209464439,601398.SH,工商银行,2020-12-31,2021-03-27,43,https://static.cninfo.com.cn/finalpage/2021-03-27/1209464439.PDF
1219429144,601398.SH,工商银行,2023-12-31,2024-03-28,43,https://static.cninfo.com.cn/finalpage/2024-03-28/1219429144.PDF
1204507050,601628.SH,中国人寿,2017-12-31,2018-03-23,43,https://static.cninfo.com.cn/finalpage/2018-03-23/1204507050.PDF
1207404943,601628.SH,中国人寿,2019-12-31,2020-03-26,43,https://static.cninfo.com.cn/finalpage/2020-03-26/1207404943.PDF
1222949445,601688.SH,华泰证券,2024-12-31,2025-03-29,43,https://static.cninfo.com.cn/finalpage/2025-03-29/1222949445.PDF
1204520609,601788.SH,光大证券,2017-12-31,2018-03-27,43,https://static.cninfo.com.cn/finalpage/2018-03-27/1204520609.PDF
1219430858,601788.SH,光大证券,2023-12-31,2024-03-28,43,https://static.cninfo.com.cn/finalpage/2024-03-28/1219430858.PDF
1207419884,601881.SH,中国银河,2019-12-31,2020-03-28,43,https://static.cninfo.com.cn/finalpage/2020-03-28/1207419884.PDF
1222942530,601881.SH,中国银河,2024-12-31,2025-03-29,43,https://static.cninfo.com.cn/finalpage/2025-03-29/1222942530.PDF
1222947770,601901.SH,方正证券,2024-12-31,2025-03-29,43,https://static.cninfo.com.cn/finalpage/2025-03-29/1222947770.PDF
1222947811,601916.SH,浙商银行,2024-12-31,2025-03-29,43,https://static.cninfo.com.cn/finalpage/2025-03-29/1222947811.PDF
1205950381,601939.SH,建设银行,2018-12-31,2019-03-28,43,https://static.cninfo.com.cn/finalpage/2019-03-28/1205950381.PDF
1209466310,601939.SH,建设银行,2020-12-31,2021-03-27,43,https://static.cninfo.com.cn/finalpage/2021-03-27/1209466310.PDF
1219445780,601988.SH,中国银行,2023-12-31,2024-03-29,43,https://static.cninfo.com.cn/finalpage/2024-03-29/1219445780.PDF
1203188072,601998.SH,中信银行,2016-12-31,2017-03-23,43,https://static.cninfo.com.cn/finalpage/2017-03-23/1203188072.PDF
1207410570,601998.SH,中信银行,2019-12-31,2020-03-27,43,https://static.cninfo.com.cn/finalpage/2020-03-27/1207410570.PDF
1205959201,603993.SH,洛阳钼业,2018-12-31,2019-03-29,43,https://static.cninfo.com.cn/finalpage/2019-03-29/1205959201.PDF
1219447296,000166.SZ,申万宏源,2023-12-31,2024-03-29,42,https://static.cninfo.com.cn/finalpage/2024-03-29/1219447296.PDF
1202601060,000728.SZ,国元证券,2016-06-30,2016-08-23,42,https://static.cninfo.com.cn/finalpage/2016-08-23/1202601060.PDF
1204525726,000728.SZ,国元证券,2017-12-31,2018-03-28,42,https://static.cninfo.com.cn/finalpage/2018-03-28/1204525726.PDF
1207419482,000728.SZ,国元证券,2019-12-31,2020-03-30,42,https://static.cninfo.com.cn/finalpage/2020-03-30/1207419482.PDF
1219445383,000776.SZ,广发证券,2023-12-31,2024-03-29,42,https://static.cninfo.com.cn/finalpage/2024-03-29/1219445383.PDF
1202587475,000977.SZ,浪潮信息,2016-06-30,2016-08-20,42,https://static.cninfo.com.cn/finalpage/2016-08-20/1202587475.PDF
1203847385,000977.SZ,浪潮信息,2017-06-30,2017-08-23,42,https://static.cninfo.com.cn/finalpage/2017-08-23/1203847385.PDF
1202629886,002152.SZ,广电运通,2016-06-30,2016-08-27,42,https://static.cninfo.com.cn/finalpage/2016-08-27/1202629886.PDF
1203870485,002152.SZ,广电运通,2017-06-30,2017-08-26,42,https://static.cninfo.com.cn/finalpage/2017-08-26/1203870485.PDF
1207387715,002736.SZ,国信证券,2019-12-31,2020-03-20,42,https://static.cninfo.com.cn/finalpage/2020-03-20/1207387715.PDF
1203847792,002839.SZ,张家港行,2017-06-30,2017-08-23,42,https://static.cninfo.com.cn/finalpage/2017-08-23/1203847792.PDF
1210808038,002939.SZ,长城证券,2021-06-30,2021-08-21,42,https://static.cninfo.com.cn/finalpage/2021-08-21/1210808038.PDF
1205969036,600016.SH,民生银行,2018-12-31,2019-03-30,42,https://static.cninfo.com.cn/finalpage/2019-03-30/1205969036.PDF
1207432789,600016.SH,民生银行,2019-12-31,2020-03-31,42,https://static.cninfo.com.cn/finalpage/2020-03-31/1207432789.PDF
1212728507,600016.SH,民生银行,2021-12-31,2022-03-30,42,https://static.cninfo.com.cn/finalpage/2022-03-30/1212728507.PDF
1216238250,600016.SH,民生银行,2022-12-31,2023-03-28,42,https://static.cninfo.com.cn/finalpage/2023-03-28/1216238250.PDF
1219445373,600016.SH,民生银行,2023-12-31,2024-03-29,42,https://static.cninfo.com.cn/finalpage/2024-03-29/1219445373.PDF
1202613725,600030.SH,中信证券,2016-06-30,2016-08-25,42,https://static.cninfo.com.cn/finalpage/2016-08-25/1202613725.PDF
1222912838,600030.SH,中信证券,2024-12-31,2025-03-27,42,https://static.cninfo.com.cn/finalpage/2025-03-27/1222912838.PDF
1219470770,600061.SH,国投资本,2023-12-31,2024-03-30,42,https://static.cninfo.com.cn/finalpage/2024-03-30/1219470770.PDF
1202655955,600150.SH,中国船舶,2016-06-30,2016-08-31,42,https://static.cninfo.com.cn/finalpage/2016-08-31/1202655955.PDF
1203873433,600150.SH,中国船舶,2017-06-30,2017-08-26,42,https://static.cninfo.com.cn/finalpage/2017-08-26/1203873433.PDF
1202595430,600256.SH,广汇能源,2016-06-30,2016-08-20,42,https://static.cninfo.com.cn/finalpage/2016-08-20/1202595430.PDF
1203804268,600256.SH,广汇能源,2017-06-30,2017-08-16,42,https://static.cninfo.com.cn/finalpage/2017-08-16/1203804268.PDF
1205949976,600362.SH,江西铜业,2018-12-31,2019-03-28,42,https://static.cninfo.com.cn/finalpage/2019-03-28/1205949976.PDF
1202798894,600666.SH,奥瑞德,2016-09-30,2016-10-28,42,https://static.cninfo.com.cn/finalpage/2016-10-28/1202798894.PDF
1205948087,600837.SH,海通证券,2018-12-31,2019-03-28,42,https://static.cninfo.com.cn/finalpage/2019-03-28/1205948087.PDF
1207410159,600837.SH,海通证券,2019-12-31,2020-03-27,42,https://static.cninfo.com.cn/finalpage/2020-03-27/1207410159.PDF
1212699255,600999.SH,招商证券,2021-12-31,2022-03-28,42,https://static.cninfo.com.cn/finalpage/2022-03-28/1212699255.PDF
1216222871,600999.SH,招商证券,2022-12-31,2023-03-25,42,https://static.cninfo.com.cn/finalpage/2023-03-25/1216222871.PDF
1222895192,601059.SH,信达证券,2024-12-31,2025-03-26,42,https://static.cninfo.com.cn/finalpage/2025-03-26/1222895192.PDF
1205326624,601066.SH,中信建投,2018-06-30,2018-08-25,42,https://static.cninfo.com.cn/finalpage/2018-08-25/1205326624.PDF
1219449498,601066.SH,中信建投,2023-12-31,2024-03-29,42,https://static.cninfo.com.cn/finalpage/2024-03-29/1219449498.PDF
1212671853,601166.SH,兴业银行,2021-12-31,2022-03-25,42,https://static.cninfo.com.cn/finalpage/2022-03-25/1212671853.PDF
1202600836,601211.SH,国泰君安,2016-06-30,2016-08-23,42,https://static.cninfo.com.cn/finalpage/2016-08-23/1202600836.PDF
1209453416,601211.SH,国泰君安,2020-12-31,2021-03-26,42,https://static.cninfo.com.cn/finalpage/2021-03-26/1209453416.PDF
1219447632,601211.SH,国泰君安,2023-12-31,2024-03-29,42,https://static.cninfo.com.cn/finalpage/2024-03-29/1219447632.PDF
1206658107,601236.SH,红塔证券,2019-06-30,2019-08-29,42,https://static.cninfo.com.cn/finalpage/2019-08-29/1206658107.PDF
1219470008,601236.SH,红塔证券,2023-12-31,2024-03-30,42,https://static.cninfo.com.cn/finalpage/2024-03-30/1219470008.PDF
1219445723,601288.SH,农业银行,2023-12-31,2024-03-29,42,https://static.cninfo.com.cn/finalpage/2024-03-29/1219445723.PDF
1212686685,601328.SH,交通银行,2021-12-31,2022-03-26,42,https://static.cninfo.com.cn/finalpage/2022-03-26/1212686685.PDF
1203866752,601375.SH,中原证券,2017-06-30,2017-08-25,42,https://static.cninfo.com.cn/finalpage/2017-08-25/1203866752.PDF
1222910802,601601.SH,中国太保,2024-12-31,2025-03-27,42,https://static.cninfo.com.cn/finalpage/2025-03-27/1222910802.PDF
1212669927,601628.SH,中国人寿,2021-12-31,2022-03-25,42,https://static.cninfo.com.cn/finalpage/2022-03-25/1212669927.PDF
1219426152,601628.SH,中国人寿,2023-12-31,2024-03-28,42,https://static.cninfo.com.cn/finalpage/2024-03-28/1219426152.PDF
1219443332,601658.SH,邮储银行,2023-12-31,2024-03-29,42,https://static.cninfo.com.cn/finalpage/2024-03-29/1219443332.PDF
1205968161,601688.SH,华泰证券,2018-12-31,2019-03-30,42,https://static.cninfo.com.cn/finalpage/2019-03-30/1205968161.PDF
1219442543,601688.SH,华泰证券,2023-12-31,2024-03-29,42,https://static.cninfo.com.cn/finalpage/2024-03-29/1219442543.PDF
1212671670,601788.SH,光大证券,2021-12-31,2022-03-25,42,https://static.cninfo.com.cn/finalpage/2022-03-25/1212671670.PDF
1202638315,601818.SH,光大银行,2016-06-30,2016-08-27,42,https://static.cninfo.com.cn/finalpage/2016-08-27/1202638315.PDF
1203804397,601878.SH,浙商证券,2017-06-30,2017-08-16,42,https://static.cninfo.com.cn/finalpage/2017-08-16/1203804397.PDF
1212669321,601878.SH,浙商证券,2021-12-31,2022-03-25,42,https://static.cninfo.com.cn/finalpage/2022-03-25/1212669321.PDF
1219444689,601881.SH,中国银河,2023-12-31,2024-03-29,42,https://static.cninfo.com.cn/finalpage/2024-03-29/1219444689.PDF
1202650755,601901.SH,方正证券,2016-06-30,2016-08-30,42,https://static.cninfo.com.cn/finalpage/2016-08-30/1202650755.PDF
1219447663,601916.SH,浙商银行,2023-12-31,2024-03-29,42,https://static.cninfo.com.cn/finalpage/2024-03-29/1219447663.PDF
1204527033,601939.SH,建设银行,2017-12-31,2018-03-28,42,https://static.cninfo.com.cn/finalpage/2018-03-28/1204527033.PDF
1219447696,601939.SH,建设银行,2023-12-31,2024-03-29,42,https://static.cninfo.com.cn/finalpage/2024-03-29/1219447696.PDF
1222948339,601995.SH,中金公司,2024-12-31,2025-03-29,42,https://static.cninfo.com.cn/finalpage/2025-03-29/1222948339.PDF
1204519887,601998.SH,中信银行,2017-12-31,2018-03-27,42,https://static.cninfo.com.cn/finalpage/2018-03-27/1204519887.PDF
1222949775,000776.SZ,广发证券,2024-12-31,2025-03-29,41,https://static.cninfo.com.cn/finalpage/2025-03-29/1222949775.PDF
1202577310,002558.SZ,世纪游轮,2016-06-30,2016-08-18,41,https://static.cninfo.com.cn/finalpage/2016-08-18/1202577310.PDF
1203820095,002831.SZ,裕同科技,2017-06-30,2017-08-21,41,https://static.cninfo.com.cn/finalpage/2017-08-21/1203820095.PDF
1205876068,300059.SZ,东方财富,2018-12-31,2019-03-06,41,https://static.cninfo.com.cn/finalpage/2019-03-06/1205876068.PDF
1209495112,600016.SH,民生银行,2020-12-31,2021-03-31,41,https://static.cninfo.com.cn/finalpage/2021-03-31/1209495112.PDF
1205956359,600061.SH,国投资本,2018-12-31,2019-03-29,41,https://static.cninfo.com.cn/finalpage/2019-03-29/1205956359.PDF
1207409194,600061.SH,国投资本,2019-12-31,2020-03-27,41,https://static.cninfo.com.cn/finalpage/2020-03-27/1207409194.PDF
1205324498,600909.SH,华安证券,2018-06-30,2018-08-25,41,https://static.cninfo.com.cn/finalpage/2018-08-25/1205324498.PDF
1205959099,600999.SH,招商证券,2018-12-31,2019-03-29,41,https://static.cninfo.com.cn/finalpage/2019-03-29/1205959099.PDF
1219413002,601059.SH,信达证券,2023-12-31,2024-03-27,41,https://static.cninfo.com.cn/finalpage/2024-03-27/1219413002.PDF
1222949883,601211.SH,国泰君安,2024-12-31,2025-03-29,41,https://static.cninfo.com.cn/finalpage/2025-03-29/1222949883.PDF
1207423545,601236.SH,红塔证券,2019-12-31,2020-03-30,41,https://static.cninfo.com.cn/finalpage/2020-03-30/1207423545.PDF
1203217998,601288.SH,农业银行,2016-12-31,2017-03-29,41,https://static.cninfo.com.cn/finalpage/2017-03-29/1203217998.PDF
1207431786,601288.SH,农业银行,2019-12-31,2020-03-31,41,https://static.cninfo.com.cn/finalpage/2020-03-31/1207431786.PDF
1204526743,601398.SH,工商银行,2017-12-31,2018-03-28,41,https://static.cninfo.com.cn/finalpage/2018-03-28/1204526743.PDF
1204557723,601601.SH,中国太保,2017-12-31,2018-03-30,41,https://static.cninfo.com.cn/finalpage/2018-03-30/1204557723.PDF
1216226291,601601.SH,中国太保,2022-12-31,2023-03-27,41,https://static.cninfo.com.cn/finalpage/2023-03-27/1216226291.PDF
1209474881,601658.SH,邮储银行,2020-12-31,2021-03-30,41,https://static.cninfo.com.cn/finalpage/2021-03-30/1209474881.PDF
1209478177,601696.SH,中银证券,2020-12-31,2021-03-30,41,https://static.cninfo.com.cn/finalpage/2021-03-30/1209478177.PDF
1205958684,601818.SH,光大银行,2018-12-31,2019-03-29,41,https://static.cninfo.com.cn/finalpage/2019-03-29/1205958684.PDF
1209474576,601881.SH,中国银河,2020-12-31,2021-03-30,41,https://static.cninfo.com.cn/finalpage/2021-03-30/1209474576.PDF
1209484984,601988.SH,中国银行,2020-12-31,2021-03-31,41,https://static.cninfo.com.cn/finalpage/2021-03-31/1209484984.PDF
1219448827,601995.SH,中金公司,2023-12-31,2024-03-29,41,https://static.cninfo.com.cn/finalpage/2024-03-29/1219448827.PDF
1209491894,000166.SZ,申万宏源,2020-12-31,2021-03-31,40,https://static.cninfo.com.cn/finalpage/2021-03-31/1209491894.PDF
1202642885,000623.SZ,吉林敖东,2016-06-30,2016-08-30,40,https://static.cninfo.com.cn/finalpage/2016-08-30/1202642885.PDF
1202575622,000686.SZ,东北证券,2016-06-30,2016-08-18,40,https://static.cninfo.com.cn/finalpage/2016-08-18/1202575622.PDF
1203871676,000686.SZ,东北证券,2017-06-30,2017-08-26,40,https://static.cninfo.com.cn/finalpage/2017-08-26/1203871676.PDF
1202657346,000718.SZ,苏宁环球,2016-06-30,2016-08-31,40,https://static.cninfo.com.cn/finalpage/2016-08-31/1202657346.PDF
1203863763,000718.SZ,苏宁环球,2017-06-30,2017-08-25,40,https://static.cninfo.com.cn/finalpage/2017-08-25/1203863763.PDF
1222975145,000768.SZ,中航西飞,2024-12-31,2025-04-01,40,https://static.cninfo.com.cn/finalpage/2025-04-01/1222975145.pdf
1202635630,000776.SZ,广发证券,2016-06-30,2016-08-27,40,https://static.cninfo.com.cn/finalpage/2016-08-27/1202635630.PDF
1209476331,000776.SZ,广发证券,2020-12-31,2021-03-30,40,https://static.cninfo.com.cn/finalpage/2021-03-30/1209476331.PDF
1202575523,002049.SZ,紫光国芯,2016-06-30,2016-08-18,40,https://static.cninfo.com.cn/finalpage/2016-08-18/1202575523.PDF
1203835071,002049.SZ,紫光国芯,2017-06-30,2017-08-22,40,https://static.cninfo.com.cn/finalpage/2017-08-22/1203835071.PDF
1202620186,002183.SZ,怡 亚 通,2016-06-30,2016-08-26,40,https://static.cninfo.com.cn/finalpage/2016-08-26/1202620186.PDF
1203866595,002183.SZ,怡 亚 通,2017-06-30,2017-08-25,40,https://static.cninfo.com.cn/finalpage/2017-08-25/1203866595.PDF
1202601077,002500.SZ,山西证券,2016-06-30,2016-08-23,40,https://static.cninfo.com.cn/finalpage/2016-08-23/1202601077.PDF
1210768177,002945.SZ,华林证券,2021-06-30,2021-08-18,40,https://static.cninfo.com.cn/finalpage/2021-08-18/1210768177.PDF
1202004593,300146.SZ,汤臣倍健,2015-12-31,2016-02-27,40,https://static.cninfo.com.cn/finalpage/2016-02-27/1202004593.PDF
1203112554,300146.SZ,汤臣倍健,2016-12-31,2017-02-28,40,https://static.cninfo.com.cn/finalpage/2017-02-28/1203112554.PDF
1224598139,600000.SH,浦发银行,2025-06-30,2025-08-28,40,https://static.cninfo.com.cn/finalpage/2025-08-28/1224598139.PDF
1202650118,600016.SH,民生银行,2016-06-30,2016-08-30,40,https://static.cninfo.com.cn/finalpage/2016-08-30/1202650118.PDF
1212709852,600030.SH,中信证券,2021-12-31,2022-03-29,40,https://static.cninfo.com.cn/finalpage/2022-03-29/1212709852.PDF
1202589639,600037.SH,歌华有线,2016-06-30,2016-08-20,40,https://static.cninfo.com.cn/finalpage/2016-08-20/1202589639.PDF
1203869707,600037.SH,歌华有线,2017-06-30,2017-08-26,40,https://static.cninfo.com.cn/finalpage/2017-08-26/1203869707.PDF
1222950250,600061.SH,国投资本,2024-12-31,2025-03-29,40,https://static.cninfo.com.cn/finalpage/2025-03-29/1222950250.PDF
1202488198,600446.SH,金证股份,2016-06-30,2016-07-20,40,https://static.cninfo.com.cn/finalpage/2016-07-20/1202488198.PDF
1203854745,600446.SH,金证股份,2017-06-30,2017-08-24,40,https://static.cninfo.com.cn/finalpage/2017-08-24/1203854745.PDF
1202600764,600737.SH,中粮屯河,2016-06-30,2016-08-23,40,https://static.cninfo.com.cn/finalpage/2016-08-23/1202600764.PDF
1203886403,600737.SH,中粮糖业,2017-06-30,2017-08-29,40,https://static.cninfo.com.cn/finalpage/2017-08-29/1203886403.PDF
1204401588,600816.SH,安信信托,2017-12-31,2018-02-08,40,https://static.cninfo.com.cn/finalpage/2018-02-08/1204401588.PDF
1204526277,600837.SH,海通证券,2017-12-31,2018-03-28,40,https://static.cninfo.com.cn/finalpage/2018-03-28/1204526277.PDF
1224598376,600926.SH,杭州银行,2025-06-30,2025-08-28,40,https://static.cninfo.com.cn/finalpage/2025-08-28/1224598376.PDF
1209495787,600958.SH,东方证券,2020-12-31,2021-03-31,40,https://static.cninfo.com.cn/finalpage/2021-03-31/1209495787.PDF
1216275724,600958.SH,东方证券,2022-12-31,2023-03-31,40,https://static.cninfo.com.cn/finalpage/2023-03-31/1216275724.PDF
1202638211,600999.SH,招商证券,2016-06-30,2016-08-27,40,https://static.cninfo.com.cn/finalpage/2016-08-27/1202638211.PDF
1203217065,600999.SH,招商证券,2016-12-31,2017-03-29,40,https://static.cninfo.com.cn/finalpage/2017-03-29/1203217065.PDF
1209465157,600999.SH,招商证券,2020-12-31,2021-03-27,40,https://static.cninfo.com.cn/finalpage/2021-03-27/1209465157.PDF
1202658565,601009.SH,南京银行,2016-06-30,2016-08-31,40,https://static.cninfo.com.cn/finalpage/2016-08-31/1202658565.PDF
1202612571,601099.SH,太平洋,2016-06-30,2016-08-25,40,https://static.cninfo.com.cn/finalpage/2016-08-25/1202612571.PDF
1223071824,601136.SH,首创证券,2024-12-31,2025-04-12,40,https://static.cninfo.com.cn/finalpage/2025-04-12/1223071824.PDF
1219445697,601166.SH,兴业银行,2023-12-31,2024-03-29,40,https://static.cninfo.com.cn/finalpage/2024-03-29/1219445697.PDF
1216263383,601211.SH,国泰君安,2022-12-31,2023-03-30,40,https://static.cninfo.com.cn/finalpage/2023-03-30/1216263383.PDF
1204520795,601288.SH,农业银行,2017-12-31,2018-03-27,40,https://static.cninfo.com.cn/finalpage/2018-03-27/1204520795.PDF
1209490205,601288.SH,农业银行,2020-12-31,2021-03-31,40,https://static.cninfo.com.cn/finalpage/2021-03-31/1209490205.PDF
1202577088,601318.SH,中国平安,2016-06-30,2016-08-18,40,https://static.cninfo.com.cn/finalpage/2016-08-18/1202577088.PDF
1224594895,601319.SH,中国人保,2025-06-30,2025-08-28,40,https://static.cninfo.com.cn/finalpage/2025-08-28/1224594895.PDF
1202620987,601328.SH,交通银行,2016-06-30,2016-08-26,40,https://static.cninfo.com.cn/finalpage/2016-08-26/1202620987.PDF
1216276235,601336.SH,新华保险,2022-12-31,2023-03-31,40,https://static.cninfo.com.cn/finalpage/2023-03-31/1216276235.PDF
1202601310,601377.SH,兴业证券,2016-06-30,2016-08-23,40,https://static.cninfo.com.cn/finalpage/2016-08-23/1202601310.PDF
1216282265,601398.SH,工商银行,2022-12-31,2023-03-31,40,https://static.cninfo.com.cn/finalpage/2023-03-31/1216282265.PDF
1202618734,601628.SH,中国人寿,2016-06-30,2016-08-26,40,https://static.cninfo.com.cn/finalpage/2016-08-26/1202618734.PDF
1205949292,601628.SH,中国人寿,2018-12-31,2019-03-28,40,https://static.cninfo.com.cn/finalpage/2019-03-28/1205949292.PDF
1224592770,601628.SH,中国人寿,2025-06-30,2025-08-28,40,https://static.cninfo.com.cn/finalpage/2025-08-28/1224592770.PDF
1204532981,601688.SH,华泰证券,2017-12-31,2018-03-29,40,https://static.cninfo.com.cn/finalpage/2018-03-29/1204532981.PDF
1203227565,601788.SH,光大证券,2016-12-31,2017-03-30,40,https://static.cninfo.com.cn/finalpage/2017-03-30/1203227565.PDF
1216279948,601788.SH,光大证券,2022-12-31,2023-03-31,40,https://static.cninfo.com.cn/finalpage/2023-03-31/1216279948.PDF
1219427340,601818.SH,光大银行,2023-12-31,2024-03-28,40,https://static.cninfo.com.cn/finalpage/2024-03-28/1219427340.PDF
1222947763,601818.SH,光大银行,2024-12-31,2025-03-29,40,https://static.cninfo.com.cn/finalpage/2025-03-29/1222947763.PDF
1205948975,601881.SH,中国银河,2018-12-31,2019-03-28,40,https://static.cninfo.com.cn/finalpage/2019-03-28/1205948975.PDF
1216263010,601881.SH,中国银河,2022-12-31,2023-03-30,40,https://static.cninfo.com.cn/finalpage/2023-03-30/1216263010.PDF
1212730963,601939.SH,建设银行,2021-12-31,2022-03-30,40,https://static.cninfo.com.cn/finalpage/2022-03-30/1212730963.PDF
1216262764,601939.SH,建设银行,2022-12-31,2023-03-30,40,https://static.cninfo.com.cn/finalpage/2023-03-30/1216262764.PDF
1205942376,601998.SH,中信银行,2018-12-31,2019-03-27,40,https://static.cninfo.com.cn/finalpage/2019-03-27/1205942376.PDF
1224598120,601998.SH,中信银行,2025-06-30,2025-08-28,40,https://static.cninfo.com.cn/finalpage/2025-08-28/1224598120.PDF
1202639152,603993.SH,洛阳钼业,2016-06-30,2016-08-29,40,https://static.cninfo.com.cn/finalpage/2016-08-29/1202639152.PDF
1224558635,000001.SZ,平安银行,2025-06-30,2025-08-23,39,https://static.cninfo.com.cn/finalpage/2025-08-23/1224558635.PDF
1216276587,000166.SZ,申万宏源,2022-12-31,2023-03-31,39,https://static.cninfo.com.cn/finalpage/2023-03-31/1216276587.PDF
1224628191,000166.SZ,申万宏源,2025-06-30,2025-08-30,39,https://static.cninfo.com.cn/finalpage/2025-08-30/1224628191.PDF
1224612293,000617.SZ,中油资本,2025-06-30,2025-08-29,39,https://static.cninfo.com.cn/finalpage/2025-08-29/1224612293.PDF
1208324971,000627.SZ,天茂集团,2020-06-30,2020-08-29,39,https://static.cninfo.com.cn/finalpage/2020-08-29/1208324971.PDF
1210828785,000728.SZ,国元证券,2021-06-30,2021-08-24,39,https://static.cninfo.com.cn/finalpage/2021-08-24/1210828785.PDF
1216280247,000776.SZ,广发证券,2022-12-31,2023-03-31,39,https://static.cninfo.com.cn/finalpage/2023-03-31/1216280247.PDF
1224626919,000776.SZ,广发证券,2025-06-30,2025-08-30,39,https://static.cninfo.com.cn/finalpage/2025-08-30/1224626919.PDF
1206578377,002411.SZ,延安必康,2019-06-30,2019-08-27,39,https://static.cninfo.com.cn/finalpage/2019-08-27/1206578377.PDF
1202636237,002736.SZ,国信证券,2016-06-30,2016-08-29,39,https://static.cninfo.com.cn/finalpage/2016-08-29/1202636237.PDF
1224620875,002736.SZ,国信证券,2025-06-30,2025-08-30,39,https://static.cninfo.com.cn/finalpage/2025-08-30/1224620875.PDF
1205326337,002797.SZ,第一创业,2018-06-30,2018-08-25,39,https://static.cninfo.com.cn/finalpage/2018-08-25/1205326337.PDF
1206552233,002958.SZ,青农商行,2019-06-30,2019-08-22,39,https://static.cninfo.com.cn/finalpage/2019-08-22/1206552233.PDF
1208236547,002958.SZ,青农商行,2020-06-30,2020-08-25,39,https://static.cninfo.com.cn/finalpage/2020-08-25/1208236547.PDF
1204557478,600016.SH,民生银行,2017-12-31,2018-03-30,39,https://static.cninfo.com.cn/finalpage/2018-03-30/1204557478.PDF
1208325285,600016.SH,民生银行,2020-06-30,2020-08-29,39,https://static.cninfo.com.cn/finalpage/2020-08-29/1208325285.PDF
1224619285,600016.SH,民生银行,2025-06-30,2025-08-30,39,https://static.cninfo.com.cn/finalpage/2025-08-30/1224619285.PDF
1216282870,600030.SH,中信证券,2022-12-31,2023-03-31,39,https://static.cninfo.com.cn/finalpage/2023-03-31/1216282870.PDF
1224626373,600061.SH,国投资本,2025-06-30,2025-08-30,39,https://static.cninfo.com.cn/finalpage/2025-08-30/1224626373.PDF
1204529937,600109.SH,国金证券,2017-12-31,2018-03-29,39,https://static.cninfo.com.cn/finalpage/2018-03-29/1204529937.PDF
1205953460,600109.SH,国金证券,2018-12-31,2019-03-29,39,https://static.cninfo.com.cn/finalpage/2019-03-29/1205953460.PDF
1202642610,600369.SH,西南证券,2016-06-30,2016-08-30,39,https://static.cninfo.com.cn/finalpage/2016-08-30/1202642610.PDF
1208320901,600390.SH,五矿资本,2020-06-30,2020-08-29,39,https://static.cninfo.com.cn/finalpage/2020-08-29/1208320901.PDF
1203227222,600837.SH,海通证券,2016-12-31,2017-03-30,39,https://static.cninfo.com.cn/finalpage/2017-03-30/1203227222.PDF
1224628582,600918.SH,中泰证券,2025-06-30,2025-08-30,39,https://static.cninfo.com.cn/finalpage/2025-08-30/1224628582.PDF
1206654163,600928.SH,西安银行,2019-06-30,2019-08-28,39,https://static.cninfo.com.cn/finalpage/2019-08-28/1206654163.PDF
1208279514,600928.SH,西安银行,2020-06-30,2020-08-28,39,https://static.cninfo.com.cn/finalpage/2020-08-28/1208279514.PDF
1202639184,600958.SH,东方证券,2016-06-30,2016-08-29,39,https://static.cninfo.com.cn/finalpage/2016-08-29/1202639184.PDF
1204557686,600958.SH,东方证券,2017-12-31,2018-03-30,39,https://static.cninfo.com.cn/finalpage/2018-03-30/1204557686.PDF
1224623849,600958.SH,东方证券,2025-06-30,2025-08-30,39,https://static.cninfo.com.cn/finalpage/2025-08-30/1224623849.PDF
1204524834,600999.SH,招商证券,2017-12-31,2018-03-28,39,https://static.cninfo.com.cn/finalpage/2018-03-28/1204524834.PDF
1219449486,600999.SH,招商证券,2023-12-31,2024-03-29,39,https://static.cninfo.com.cn/finalpage/2024-03-29/1219449486.PDF
1224611846,600999.SH,招商证券,2025-06-30,2025-08-29,39,https://static.cninfo.com.cn/finalpage/2025-08-29/1224611846.PDF
1217700960,601059.SH,信达证券,2023-06-30,2023-08-30,39,https://static.cninfo.com.cn/finalpage/2023-08-30/1217700960.PDF
1216282237,601066.SH,中信建投,2022-12-31,2023-03-31,39,https://static.cninfo.com.cn/finalpage/2023-03-31/1216282237.PDF
1224609438,601066.SH,中信建投,2025-06-30,2025-08-29,39,https://static.cninfo.com.cn/finalpage/2025-08-29/1224609438.PDF
1210859211,601077.SH,渝农商行,2021-06-30,2021-08-26,39,https://static.cninfo.com.cn/finalpage/2021-08-26/1210859211.PDF
1221031202,601077.SH,渝农商行,2024-06-30,2024-08-29,39,https://static.cninfo.com.cn/finalpage/2024-08-29/1221031202.PDF
1224586299,601077.SH,渝农商行,2025-06-30,2025-08-27,39,https://static.cninfo.com.cn/finalpage/2025-08-27/1224586299.PDF
1224612907,601166.SH,兴业银行,2025-06-30,2025-08-29,39,https://static.cninfo.com.cn/finalpage/2025-08-29/1224612907.PDF
1224627748,601169.SH,北京银行,2025-06-30,2025-08-30,39,https://static.cninfo.com.cn/finalpage/2025-08-30/1224627748.PDF
1208276769,601198.SH,东兴证券,2020-06-30,2020-08-28,39,https://static.cninfo.com.cn/finalpage/2020-08-28/1208276769.PDF
1212745096,601211.SH,国泰君安,2021-12-31,2022-03-31,39,https://static.cninfo.com.cn/finalpage/2022-03-31/1212745096.PDF
1224627528,601211.SH,国泰海通,2025-06-30,2025-08-30,39,https://static.cninfo.com.cn/finalpage/2025-08-30/1224627528.PDF
1203891198,601212.SH,白银有色,2017-06-30,2017-08-29,39,https://static.cninfo.com.cn/finalpage/2017-08-29/1203891198.PDF
1224614104,601229.SH,上海银行,2025-06-30,2025-08-29,39,https://static.cninfo.com.cn/finalpage/2025-08-29/1224614104.PDF
1209495859,601236.SH,红塔证券,2020-12-31,2021-03-31,39,https://static.cninfo.com.cn/finalpage/2021-03-31/1209495859.PDF
1216271531,601236.SH,红塔证券,2022-12-31,2023-03-31,39,https://static.cninfo.com.cn/finalpage/2023-03-31/1216271531.PDF
1224611456,601236.SH,红塔证券,2025-06-30,2025-08-29,39,https://static.cninfo.com.cn/finalpage/2025-08-29/1224611456.PDF
1205969651,601288.SH,农业银行,2018-12-31,2019-03-30,39,https://static.cninfo.com.cn/finalpage/2019-03-30/1205969651.PDF
1216275777,601288.SH,农业银行,2022-12-31,2023-03-31,39,https://static.cninfo.com.cn/finalpage/2023-03-31/1216275777.PDF
1224625576,601288.SH,农业银行,2025-06-30,2025-08-30,39,https://static.cninfo.com.cn/finalpage/2025-08-30/1224625576.PDF
1222847447,601318.SH,中国平安,2024-12-31,2025-03-20,39,https://static.cninfo.com.cn/finalpage/2025-03-20/1222847447.PDF
1204547754,601328.SH,交通银行,2017-12-31,2018-03-30,39,https://static.cninfo.com.cn/finalpage/2018-03-30/1204547754.PDF
1224628033,601328.SH,交通银行,2025-06-30,2025-08-30,39,https://static.cninfo.com.cn/finalpage/2025-08-30/1224628033.PDF
1212729848,601336.SH,新华保险,2021-12-31,2022-03-30,39,https://static.cninfo.com.cn/finalpage/2022-03-30/1212729848.PDF
1224609804,601336.SH,新华保险,2025-06-30,2025-08-29,39,https://static.cninfo.com.cn/finalpage/2025-08-29/1224609804.PDF
1224623044,601377.SH,兴业证券,2025-06-30,2025-08-30,39,https://static.cninfo.com.cn/finalpage/2025-08-30/1224623044.PDF
1208278562,601577.SH,长沙银行,2020-06-30,2020-08-28,39,https://static.cninfo.com.cn/finalpage/2020-08-28/1208278562.PDF
1202639162,601601.SH,中国太保,2016-06-30,2016-08-29,39,https://static.cninfo.com.cn/finalpage/2016-08-29/1202639162.PDF
1224613150,601601.SH,中国太保,2025-06-30,2025-08-29,39,https://static.cninfo.com.cn/finalpage/2025-08-29/1224613150.PDF
1216260028,601628.SH,中国人寿,2022-12-31,2023-03-30,39,https://static.cninfo.com.cn/finalpage/2023-03-30/1216260028.PDF
1216276277,601658.SH,邮储银行,2022-12-31,2023-03-31,39,https://static.cninfo.com.cn/finalpage/2023-03-31/1216276277.PDF
1224619199,601658.SH,邮储银行,2025-06-30,2025-08-30,39,https://static.cninfo.com.cn/finalpage/2025-08-30/1224619199.PDF
1216270635,601688.SH,华泰证券,2022-12-31,2023-03-31,39,https://static.cninfo.com.cn/finalpage/2023-03-31/1216270635.PDF
1224622537,601688.SH,华泰证券,2025-06-30,2025-08-30,39,https://static.cninfo.com.cn/finalpage/2025-08-30/1224622537.PDF
1224606861,601788.SH,光大证券,2025-06-30,2025-08-29,39,https://static.cninfo.com.cn/finalpage/2025-08-29/1224606861.PDF
1224626902,601818.SH,光大银行,2025-06-30,2025-08-30,39,https://static.cninfo.com.cn/finalpage/2025-08-30/1224626902.PDF
1220893416,601825.SH,沪农商行,2024-06-30,2024-08-17,39,https://static.cninfo.com.cn/finalpage/2024-08-17/1220893416.PDF
1224626172,601825.SH,沪农商行,2025-06-30,2025-08-30,39,https://static.cninfo.com.cn/finalpage/2025-08-30/1224626172.PDF
1224586200,601838.SH,成都银行,2025-06-30,2025-08-27,39,https://static.cninfo.com.cn/finalpage/2025-08-27/1224586200.PDF
1212753590,601881.SH,中国银河,2021-12-31,2022-03-31,39,https://static.cninfo.com.cn/finalpage/2022-03-31/1212753590.PDF
1224603881,601881.SH,中国银河,2025-06-30,2025-08-29,39,https://static.cninfo.com.cn/finalpage/2025-08-29/1224603881.PDF
1204554968,601901.SH,方正证券,2017-12-31,2018-03-31,39,https://static.cninfo.com.cn/finalpage/2018-03-31/1204554968.PDF
1224623359,601901.SH,方正证券,2025-06-30,2025-08-30,39,https://static.cninfo.com.cn/finalpage/2025-08-30/1224623359.PDF
1224614112,601916.SH,浙商银行,2025-06-30,2025-08-29,39,https://static.cninfo.com.cn/finalpage/2025-08-29/1224614112.PDF
1203227288,601939.SH,建设银行,2016-12-31,2017-03-30,39,https://static.cninfo.com.cn/finalpage/2017-03-30/1203227288.PDF
1224626375,601939.SH,建设银行,2025-06-30,2025-08-30,39,https://static.cninfo.com.cn/finalpage/2025-08-30/1224626375.PDF
1204547471,601988.SH,中国银行,2017-12-31,2018-03-30,39,https://static.cninfo.com.cn/finalpage/2018-03-30/1204547471.PDF
1212727430,601988.SH,中国银行,2021-12-31,2022-03-30,39,https://static.cninfo.com.cn/finalpage/2022-03-30/1212727430.PDF
1216276300,601988.SH,中国银行,2022-12-31,2023-03-31,39,https://static.cninfo.com.cn/finalpage/2023-03-31/1216276300.PDF
1216304731,601995.SH,中金公司,2022-12-31,2023-04-01,39,https://static.cninfo.com.cn/finalpage/2023-04-01/1216304731.PDF
1208326352,601997.SH,贵阳银行,2020-06-30,2020-08-29,39,https://static.cninfo.com.cn/finalpage/2020-08-29/1208326352.PDF
1204555499,603993.SH,洛阳钼业,2017-12-31,2018-03-30,39,https://static.cninfo.com.cn/finalpage/2018-03-30/1204555499.PDF
1202617827,000156.SZ,华数传媒,2016-06-30,2016-08-26,38,https://static.cninfo.com.cn/finalpage/2016-08-26/1202617827.PDF
1203907381,000156.SZ,华数传媒,2017-06-30,2017-08-31,38,https://static.cninfo.com.cn/finalpage/2017-08-31/1203907381.PDF
1212752277,000166.SZ,申万宏源,2021-12-31,2022-03-31,38,https://static.cninfo.com.cn/finalpage/2022-03-31/1212752277.PDF
1206869448,000415.SZ,渤海租赁,2019-06-30,2019-08-31,38,https://static.cninfo.com.cn/finalpage/2019-08-31/1206869448.PDF
1219445014,000617.SZ,中油资本,2023-12-31,2024-03-29,38,https://static.cninfo.com.cn/finalpage/2024-03-29/1219445014.PDF
1202513628,000750.SZ,国海证券,2016-06-30,2016-07-29,38,https://static.cninfo.com.cn/finalpage/2016-07-29/1202513628.PDF
1203888404,000750.SZ,国海证券,2017-06-30,2017-08-29,38,https://static.cninfo.com.cn/finalpage/2017-08-29/1203888404.PDF
1212751519,000776.SZ,广发证券,2021-12-31,2022-03-31,38,https://static.cninfo.com.cn/finalpage/2022-03-31/1212751519.PDF
1210892069,000783.SZ,长江证券,2021-06-30,2021-08-28,38,https://static.cninfo.com.cn/finalpage/2021-08-28/1210892069.PDF
1204534797,002142.SZ,宁波银行,2017-12-31,2018-03-29,38,https://static.cninfo.com.cn/finalpage/2018-03-29/1204534797.PDF
1210859365,002673.SZ,西部证券,2021-06-30,2021-08-26,38,https://static.cninfo.com.cn/finalpage/2021-08-26/1210859365.PDF
1202592898,300104.SZ,乐视网,2016-06-30,2016-08-20,38,https://static.cninfo.com.cn/finalpage/2016-08-20/1202592898.PDF
1203890759,300104.SZ,乐视网,2017-06-30,2017-08-29,38,https://static.cninfo.com.cn/finalpage/2017-08-29/1203890759.PDF
1224624358,600036.SH,招商银行,2025-06-30,2025-08-30,38,https://static.cninfo.com.cn/finalpage/2025-08-30/1224624358.PDF
1202251604,600060.SH,海信电器,2015-12-31,2016-04-27,38,https://static.cninfo.com.cn/finalpage/2016-04-27/1202251604.PDF
1203126998,600060.SH,海信电器,2016-12-31,2017-03-03,38,https://static.cninfo.com.cn/finalpage/2017-03-03/1203126998.PDF
1209630271,600061.SH,国投资本,2020-12-31,2021-04-02,38,https://static.cninfo.com.cn/finalpage/2021-04-02/1209630271.PDF
1202639073,600109.SH,国金证券,2016-06-30,2016-08-29,38,https://static.cninfo.com.cn/finalpage/2016-08-29/1202639073.PDF
1204559032,600369.SH,西南证券,2017-12-31,2018-03-31,38,https://static.cninfo.com.cn/finalpage/2018-03-31/1204559032.PDF
1208345307,600369.SH,西南证券,2020-06-30,2020-08-31,38,https://static.cninfo.com.cn/finalpage/2020-08-31/1208345307.PDF
1210873963,600705.SH,中航产融,2021-06-30,2021-08-27,38,https://static.cninfo.com.cn/finalpage/2021-08-27/1210873963.PDF
1206869977,600816.SH,安信信托,2019-06-30,2019-08-31,38,https://static.cninfo.com.cn/finalpage/2019-08-31/1206869977.PDF
1209489964,600837.SH,海通证券,2020-12-31,2021-03-31,38,https://static.cninfo.com.cn/finalpage/2021-03-31/1209489964.PDF
1208274506,600918.SH,中泰证券,2020-06-30,2020-08-28,38,https://static.cninfo.com.cn/finalpage/2020-08-28/1208274506.PDF
1212746261,600958.SH,东方证券,2021-12-31,2022-03-31,38,https://static.cninfo.com.cn/finalpage/2022-03-31/1212746261.PDF
1212753232,601066.SH,中信建投,2021-12-31,2022-03-31,38,https://static.cninfo.com.cn/finalpage/2022-03-31/1212753232.PDF
1210874133,601108.SH,财通证券,2021-06-30,2021-08-27,38,https://static.cninfo.com.cn/finalpage/2021-08-27/1210874133.PDF
1221004536,601136.SH,首创证券,2024-06-30,2024-08-28,38,https://static.cninfo.com.cn/finalpage/2024-08-28/1221004536.PDF
1224614033,601136.SH,首创证券,2025-06-30,2025-08-29,38,https://static.cninfo.com.cn/finalpage/2025-08-29/1224614033.PDF
1202657560,601169.SH,北京银行,2016-06-30,2016-08-31,38,https://static.cninfo.com.cn/finalpage/2016-08-31/1202657560.PDF
1208345519,601212.SH,白银有色,2020-06-30,2020-08-31,38,https://static.cninfo.com.cn/finalpage/2020-08-31/1208345519.PDF
1212749870,601236.SH,红塔证券,2021-12-31,2022-03-31,38,https://static.cninfo.com.cn/finalpage/2022-03-31/1212749870.PDF
1202638249,601288.SH,农业银行,2016-06-30,2016-08-27,38,https://static.cninfo.com.cn/finalpage/2016-08-27/1202638249.PDF
1212749887,601288.SH,农业银行,2021-12-31,2022-03-31,38,https://static.cninfo.com.cn/finalpage/2022-03-31/1212749887.PDF
1219376072,601318.SH,中国平安,2023-12-31,2024-03-22,38,https://static.cninfo.com.cn/finalpage/2024-03-22/1219376072.PDF
1203217974,601328.SH,交通银行,2016-12-31,2017-03-29,38,https://static.cninfo.com.cn/finalpage/2017-03-29/1203217974.PDF
1216276220,601328.SH,交通银行,2022-12-31,2023-03-31,38,https://static.cninfo.com.cn/finalpage/2023-03-31/1216276220.PDF
1202658599,601398.SH,工商银行,2016-06-30,2016-08-31,38,https://static.cninfo.com.cn/finalpage/2016-08-31/1202658599.PDF
1203239611,601398.SH,工商银行,2016-12-31,2017-03-31,38,https://static.cninfo.com.cn/finalpage/2017-03-31/1203239611.PDF
1212753509,601398.SH,工商银行,2021-12-31,2022-03-31,38,https://static.cninfo.com.cn/finalpage/2022-03-31/1212753509.PDF
1219443217,601601.SH,中国太保,2023-12-31,2024-03-29,38,https://static.cninfo.com.cn/finalpage/2024-03-29/1219443217.PDF
1212744219,601658.SH,邮储银行,2021-12-31,2022-03-31,38,https://static.cninfo.com.cn/finalpage/2022-03-31/1212744219.PDF
1212749915,601688.SH,华泰证券,2021-12-31,2022-03-31,38,https://static.cninfo.com.cn/finalpage/2022-03-31/1212749915.PDF
1208227750,601696.SH,中银证券,2020-06-30,2020-08-22,38,https://static.cninfo.com.cn/finalpage/2020-08-22/1208227750.PDF
1210902910,601696.SH,中银证券,2021-06-30,2021-08-28,38,https://static.cninfo.com.cn/finalpage/2021-08-28/1210902910.PDF
1204534126,601818.SH,光大银行,2017-12-31,2018-03-29,38,https://static.cninfo.com.cn/finalpage/2018-03-29/1204534126.PDF
1204534116,601881.SH,中国银河,2017-12-31,2018-03-29,38,https://static.cninfo.com.cn/finalpage/2018-03-29/1204534116.PDF
1209490279,601916.SH,浙商银行,2020-12-31,2021-03-31,38,https://static.cninfo.com.cn/finalpage/2021-03-31/1209490279.PDF
1202658664,601988.SH,中国银行,2016-06-30,2016-08-31,38,https://static.cninfo.com.cn/finalpage/2016-08-31/1202658664.PDF
1208326346,601990.SH,南京证券,2020-06-30,2020-08-29,38,https://static.cninfo.com.cn/finalpage/2020-08-29/1208326346.PDF
1210876353,601990.SH,南京证券,2021-06-30,2021-08-27,38,https://static.cninfo.com.cn/finalpage/2021-08-27/1210876353.PDF
1212754734,601995.SH,中金公司,2021-12-31,2022-03-31,38,https://static.cninfo.com.cn/finalpage/2022-03-31/1212754734.PDF
1224627802,601995.SH,中金公司,2025-06-30,2025-08-30,38,https://static.cninfo.com.cn/finalpage/2025-08-30/1224627802.PDF
1202621242,601998.SH,中信银行,2016-06-30,2016-08-26,38,https://static.cninfo.com.cn/finalpage/2016-08-26/1202621242.PDF
1202648688,000009.SZ,中国宝安,2016-06-30,2016-08-30,37,https://static.cninfo.com.cn/finalpage/2016-08-30/1202648688.PDF
1203895343,000009.SZ,中国宝安,2017-06-30,2017-08-30,37,https://static.cninfo.com.cn/finalpage/2017-08-30/1203895343.PDF
1202656939,000555.SZ,神州信息,2016-06-30,2016-08-31,37,https://static.cninfo.com.cn/finalpage/2016-08-31/1202656939.PDF
1203895394,000555.SZ,神州信息,2017-06-30,2017-08-30,37,https://static.cninfo.com.cn/finalpage/2017-08-30/1203895394.PDF
1214340428,000617.SZ,中油资本,2022-06-30,2022-08-20,37,https://static.cninfo.com.cn/finalpage/2022-08-20/1214340428.PDF
1202657625,002131.SZ,利欧股份,2016-06-30,2016-08-31,37,https://static.cninfo.com.cn/finalpage/2016-08-31/1202657625.PDF
1203909082,002131.SZ,利欧股份,2017-06-30,2017-08-31,37,https://static.cninfo.com.cn/finalpage/2017-08-31/1203909082.PDF
1205525849,002500.SZ,山西证券,2018-09-30,2018-10-24,37,https://static.cninfo.com.cn/finalpage/2018-10-24/1205525849.PDF
1202612337,300168.SZ,万达信息,2016-06-30,2016-08-25,37,https://static.cninfo.com.cn/finalpage/2016-08-25/1202612337.PDF
1203895212,300168.SZ,万达信息,2017-06-30,2017-08-30,37,https://static.cninfo.com.cn/finalpage/2017-08-30/1203895212.PDF
1202554549,600000.SH,浦发银行,2016-06-30,2016-08-11,37,https://static.cninfo.com.cn/finalpage/2016-08-11/1202554549.PDF
1203895815,600390.SH,五矿资本,2017-06-30,2017-08-30,37,https://static.cninfo.com.cn/finalpage/2017-08-30/1203895815.PDF
1202618637,600816.SH,安信信托,2016-06-30,2016-08-26,37,https://static.cninfo.com.cn/finalpage/2016-08-26/1202618637.PDF
1202650606,600837.SH,海通证券,2016-06-30,2016-08-30,37,https://static.cninfo.com.cn/finalpage/2016-08-30/1202650606.PDF
1205357759,600837.SH,海通证券,2018-06-30,2018-08-30,37,https://static.cninfo.com.cn/finalpage/2018-08-30/1205357759.PDF
1212728770,600837.SH,海通证券,2021-12-31,2022-03-30,37,https://static.cninfo.com.cn/finalpage/2022-03-30/1212728770.PDF
1216281990,600837.SH,海通证券,2022-12-31,2023-03-31,37,https://static.cninfo.com.cn/finalpage/2023-03-31/1216281990.PDF
1221057656,600837.SH,海通证券,2024-06-30,2024-08-30,37,https://static.cninfo.com.cn/finalpage/2024-08-30/1221057656.PDF
1205354386,601099.SH,太平洋,2018-06-30,2018-08-30,37,https://static.cninfo.com.cn/finalpage/2018-08-30/1205354386.PDF
1202650691,601166.SH,兴业银行,2016-06-30,2016-08-30,37,https://static.cninfo.com.cn/finalpage/2016-08-30/1202650691.PDF
1216279418,601166.SH,兴业银行,2022-12-31,2023-03-31,37,https://static.cninfo.com.cn/finalpage/2023-03-31/1216279418.PDF
1202658144,601336.SH,新华保险,2016-06-30,2016-08-31,37,https://static.cninfo.com.cn/finalpage/2016-08-31/1202658144.PDF
1209637163,601377.SH,兴业证券,2020-12-31,2021-04-06,37,https://static.cninfo.com.cn/finalpage/2021-04-06/1209637163.PDF
1203227544,601601.SH,中国太保,2016-12-31,2017-03-30,37,https://static.cninfo.com.cn/finalpage/2017-03-30/1203227544.PDF
1202650745,601788.SH,光大证券,2016-06-30,2016-08-30,37,https://static.cninfo.com.cn/finalpage/2016-08-30/1202650745.PDF
1203242006,601818.SH,光大银行,2016-12-31,2017-03-31,37,https://static.cninfo.com.cn/finalpage/2017-03-31/1203242006.PDF
1214448375,601916.SH,浙商银行,2022-06-30,2022-08-30,37,https://static.cninfo.com.cn/finalpage/2022-08-30/1214448375.PDF
1224622231,601988.SH,中国银行,2025-06-30,2025-08-30,37,https://static.cninfo.com.cn/finalpage/2025-08-30/1224622231.PDF
1224606434,002142.SZ,宁波银行,2025-06-30,2025-08-29,36,https://static.cninfo.com.cn/finalpage/2025-08-29/1224606434.PDF
1202620857,002411.SZ,必康股份,2016-06-30,2016-08-26,36,https://static.cninfo.com.cn/finalpage/2016-08-26/1202620857.PDF
1202796642,300146.SZ,汤臣倍健,2016-09-30,2016-10-28,36,https://static.cninfo.com.cn/finalpage/2016-10-28/1202796642.PDF
1207449130,600109.SH,国金证券,2019-12-31,2020-04-02,36,https://static.cninfo.com.cn/finalpage/2020-04-02/1207449130.PDF
1210926086,600109.SH,国金证券,2021-06-30,2021-08-31,36,https://static.cninfo.com.cn/finalpage/2021-08-31/1210926086.PDF
1202055970,600705.SH,中航资本,2015-12-31,2016-03-18,36,https://static.cninfo.com.cn/finalpage/2016-03-18/1202055970.PDF
1202637481,600718.SH,东软集团,2016-06-30,2016-08-27,36,https://static.cninfo.com.cn/finalpage/2016-08-27/1202637481.PDF
1203911451,600718.SH,东软集团,2017-06-30,2017-08-31,36,https://static.cninfo.com.cn/finalpage/2017-08-31/1203911451.PDF
1202769749,600873.SH,梅花生物,2016-09-30,2016-10-20,36,https://static.cninfo.com.cn/finalpage/2016-10-20/1202769749.PDF
1202618090,601006.SH,大秦铁路,2016-06-30,2016-08-26,36,https://static.cninfo.com.cn/finalpage/2016-08-26/1202618090.PDF
1224613260,601009.SH,南京银行,2025-06-30,2025-08-29,36,https://static.cninfo.com.cn/finalpage/2025-08-29/1224613260.PDF
1210927200,601162.SH,天风证券,2021-06-30,2021-08-31,36,https://static.cninfo.com.cn/finalpage/2021-08-31/1210927200.PDF
1224583359,601318.SH,中国平安,2025-06-30,2025-08-27,36,https://static.cninfo.com.cn/finalpage/2025-08-27/1224583359.PDF
1204554661,601377.SH,兴业证券,2017-12-31,2018-03-31,36,https://static.cninfo.com.cn/finalpage/2018-03-31/1204554661.PDF
1202591816,601555.SH,东吴证券,2016-06-30,2016-08-20,36,https://static.cninfo.com.cn/finalpage/2016-08-20/1202591816.PDF
1203242017,601688.SH,华泰证券,2016-12-31,2017-03-31,36,https://static.cninfo.com.cn/finalpage/2017-03-31/1203242017.PDF
1203242049,601901.SH,方正证券,2016-12-31,2017-03-31,36,https://static.cninfo.com.cn/finalpage/2017-03-31/1203242049.PDF
1217697768,601916.SH,浙商银行,2023-06-30,2023-08-30,36,https://static.cninfo.com.cn/finalpage/2023-08-30/1217697768.PDF
1202621170,601939.SH,建设银行,2016-06-30,2016-08-26,36,https://static.cninfo.com.cn/finalpage/2016-08-26/1202621170.PDF
1203248028,601988.SH,中国银行,2016-12-31,2017-04-01,36,https://static.cninfo.com.cn/finalpage/2017-04-01/1203248028.PDF
1203241774,603993.SH,洛阳钼业,2016-12-31,2017-03-31,36,https://static.cninfo.com.cn/finalpage/2017-03-31/1203241774.PDF
1205356690,000623.SZ,吉林敖东,2018-06-30,2018-08-30,35,https://static.cninfo.com.cn/finalpage/2018-08-30/1205356690.PDF
1205546374,000623.SZ,吉林敖东,2018-09-30,2018-10-27,35,https://static.cninfo.com.cn/finalpage/2018-10-27/1205546374.PDF
1203196494,002797.SZ,第一创业,2016-12-31,2017-03-25,35,https://static.cninfo.com.cn/finalpage/2017-03-25/1203196494.PDF
1211363400,002945.SZ,华林证券,2021-09-30,2021-10-23,35,https://static.cninfo.com.cn/finalpage/2021-10-23/1211363400.PDF
1203241887,600016.SH,民生银行,2016-12-31,2017-03-31,35,https://static.cninfo.com.cn/finalpage/2017-03-31/1203241887.PDF
1204054601,600256.SH,广汇能源,2017-09-30,2017-10-20,35,https://static.cninfo.com.cn/finalpage/2017-10-20/1204054601.PDF
1202036912,600666.SH,奥瑞德,2015-12-31,2016-03-11,35,https://static.cninfo.com.cn/finalpage/2016-03-11/1202036912.PDF
1203138693,600666.SH,奥瑞德,2016-12-31,2017-03-08,35,https://static.cninfo.com.cn/finalpage/2017-03-08/1203138693.PDF
1202007489,600873.SH,梅花生物,2015-12-31,2016-03-01,35,https://static.cninfo.com.cn/finalpage/2016-03-01/1202007489.PDF
1203113421,600873.SH,梅花生物,2016-12-31,2017-02-28,35,https://static.cninfo.com.cn/finalpage/2017-02-28/1203113421.PDF
1204616332,600909.SH,华安证券,2017-12-31,2018-04-12,35,https://static.cninfo.com.cn/finalpage/2018-04-12/1204616332.PDF
1202023137,601099.SH,太平洋,2015-12-31,2016-03-05,35,https://static.cninfo.com.cn/finalpage/2016-03-05/1202023137.PDF
1203239375,000623.SZ,吉林敖东,2016-12-31,2017-03-31,34,https://static.cninfo.com.cn/finalpage/2017-03-31/1203239375.PDF
1224609812,600015.SH,华夏银行,2025-06-30,2025-08-29,34,https://static.cninfo.com.cn/finalpage/2025-08-29/1224609812.PDF
1224609003,600030.SH,中信证券,2025-06-30,2025-08-29,34,https://static.cninfo.com.cn/finalpage/2025-08-29/1224609003.PDF
1207552573,600705.SH,中航资本,2019-12-31,2020-04-22,34,https://static.cninfo.com.cn/finalpage/2020-04-22/1207552573.PDF
1209371069,600705.SH,中航资本,2020-12-31,2021-03-12,34,https://static.cninfo.com.cn/finalpage/2021-03-12/1209371069.PDF
1203242677,600958.SH,东方证券,2016-12-31,2017-03-31,34,https://static.cninfo.com.cn/finalpage/2017-03-31/1203242677.PDF
1207411511,601066.SH,中信建投,2019-12-31,2020-03-27,34,https://static.cninfo.com.cn/finalpage/2020-03-27/1207411511.PDF
1209567468,601066.SH,中信建投,2020-12-31,2021-04-01,34,https://static.cninfo.com.cn/finalpage/2021-04-01/1209567468.PDF
1206732800,601398.SH,工商银行,2019-06-30,2019-08-30,34,https://static.cninfo.com.cn/finalpage/2019-08-30/1206732800.PDF
1203261762,601555.SH,东吴证券,2016-12-31,2017-04-08,34,https://static.cninfo.com.cn/finalpage/2017-04-08/1203261762.PDF
1217970035,601939.SH,建设银行,2023-06-30,2023-09-28,34,https://static.cninfo.com.cn/finalpage/2023-09-28/1217970035.PDF
1204060544,002049.SZ,紫光国芯,2017-09-30,2017-10-24,33,https://static.cninfo.com.cn/finalpage/2017-10-24/1204060544.PDF
1206062468,002736.SZ,国信证券,2018-12-31,2019-04-20,33,https://static.cninfo.com.cn/finalpage/2019-04-20/1206062468.PDF
1202210399,600873.SH,梅花生物,2016-03-31,2016-04-21,33,https://static.cninfo.com.cn/finalpage/2016-04-21/1202210399.PDF
1203332400,600873.SH,梅花生物,2017-03-31,2017-04-20,33,https://static.cninfo.com.cn/finalpage/2017-04-20/1203332400.PDF
1218193008,601058.SH,赛轮轮胎,2023-09-30,2023-10-30,33,https://static.cninfo.com.cn/finalpage/2023-10-30/1218193008.PDF
1205551360,601099.SH,太平洋,2018-09-30,2018-10-30,33,https://static.cninfo.com.cn/finalpage/2018-10-30/1205551360.PDF
1207037836,000408.SZ,藏格控股,2019-09-30,2019-10-30,32,https://static.cninfo.com.cn/finalpage/2019-10-30/1207037836.PDF
1211388571,000728.SZ,国元证券,2021-09-30,2021-10-27,32,https://static.cninfo.com.cn/finalpage/2021-10-27/1211388571.PDF
1202193752,002085.SZ,万丰奥威,2016-03-31,2016-04-19,32,https://static.cninfo.com.cn/finalpage/2016-04-19/1202193752.PDF
1202238594,002129.SZ,中环股份,2016-03-31,2016-04-26,32,https://static.cninfo.com.cn/finalpage/2016-04-26/1202238594.PDF
1203355881,002129.SZ,中环股份,2017-03-31,2017-04-22,32,https://static.cninfo.com.cn/finalpage/2017-04-22/1203355881.PDF
1204064183,002195.SZ,二三四五,2017-09-30,2017-10-25,32,https://static.cninfo.com.cn/finalpage/2017-10-25/1204064183.PDF
1206092270,002797.SZ,第一创业,2019-03-31,2019-04-25,32,https://static.cninfo.com.cn/finalpage/2019-04-25/1206092270.PDF
1204063653,600060.SH,海信电器,2017-09-30,2017-10-25,32,https://static.cninfo.com.cn/finalpage/2017-10-25/1204063653.PDF
1202650488,600705.SH,中航资本,2016-06-30,2016-08-30,32,https://static.cninfo.com.cn/finalpage/2016-08-30/1202650488.PDF
1216280022,601878.SH,浙商证券,2022-12-31,2023-03-31,32,https://static.cninfo.com.cn/finalpage/2023-03-31/1216280022.PDF
1202283919,000061.SZ,农 产 品,2016-03-31,2016-04-30,31,https://static.cninfo.com.cn/finalpage/2016-04-30/1202283919.PDF
1203359905,000061.SZ,农 产 品,2017-03-31,2017-04-24,31,https://static.cninfo.com.cn/finalpage/2017-04-24/1203359905.PDF
1202055488,000963.SZ,华东医药,2015-12-31,2016-03-18,31,https://static.cninfo.com.cn/finalpage/2016-03-18/1202055488.PDF
1207047832,002310.SZ,东方园林,2019-09-30,2019-10-31,31,https://static.cninfo.com.cn/finalpage/2019-10-31/1207047832.PDF
1211401974,002673.SZ,西部证券,2021-09-30,2021-10-28,31,https://static.cninfo.com.cn/finalpage/2021-10-28/1211401974.PDF
1204696270,002839.SZ,张家港行,2018-03-31,2018-04-24,31,https://static.cninfo.com.cn/finalpage/2018-04-24/1204696270.PDF
1211403365,002939.SZ,长城证券,2021-09-30,2021-10-28,31,https://static.cninfo.com.cn/finalpage/2021-10-28/1211403365.PDF
1204071018,600446.SH,金证股份,2017-09-30,2017-10-26,31,https://static.cninfo.com.cn/finalpage/2017-10-26/1204071018.PDF
1205899843,600705.SH,中航资本,2018-12-31,2019-03-15,31,https://static.cninfo.com.cn/finalpage/2019-03-15/1205899843.PDF
1211180040,601939.SH,建设银行,2021-06-30,2021-09-30,31,https://static.cninfo.com.cn/finalpage/2021-09-30/1211180040.PDF
1206654338,601998.SH,中信银行,2019-06-30,2019-08-28,31,https://static.cninfo.com.cn/finalpage/2019-08-28/1206654338.PDF
1204087412,000009.SZ,中国宝安,2017-09-30,2017-10-28,30,https://static.cninfo.com.cn/finalpage/2017-10-28/1204087412.PDF
1204079078,000555.SZ,神州信息,2017-09-30,2017-10-27,30,https://static.cninfo.com.cn/finalpage/2017-10-27/1204079078.PDF
1204735275,000686.SZ,东北证券,2018-03-31,2018-04-25,30,https://static.cninfo.com.cn/finalpage/2018-04-25/1204735275.PDF
1204078943,000718.SZ,苏宁环球,2017-09-30,2017-10-27,30,https://static.cninfo.com.cn/finalpage/2017-10-27/1204078943.PDF
1204085194,000793.SZ,华闻传媒,2017-09-30,2017-10-28,30,https://static.cninfo.com.cn/finalpage/2017-10-28/1204085194.PDF
1204088521,000917.SZ,电广传媒,2017-09-30,2017-10-28,30,https://static.cninfo.com.cn/finalpage/2017-10-28/1204088521.PDF
1204084739,000977.SZ,浪潮信息,2017-09-30,2017-10-28,30,https://static.cninfo.com.cn/finalpage/2017-10-28/1204084739.PDF
1216331275,002142.SZ,宁波银行,2022-12-31,2023-04-06,30,https://static.cninfo.com.cn/finalpage/2023-04-06/1216331275.PDF
1204086007,002183.SZ,怡 亚 通,2017-09-30,2017-10-28,30,https://static.cninfo.com.cn/finalpage/2017-10-28/1204086007.PDF
1209810733,002958.SZ,青农商行,2021-03-31,2021-04-27,30,https://static.cninfo.com.cn/finalpage/2021-04-27/1209810733.PDF
1202238858,300002.SZ,神州泰岳,2016-03-31,2016-04-26,30,https://static.cninfo.com.cn/finalpage/2016-04-26/1202238858.PDF
1203374242,300002.SZ,神州泰岳,2017-03-31,2017-04-25,30,https://static.cninfo.com.cn/finalpage/2017-04-25/1203374242.PDF
1202239908,300085.SZ,银之杰,2016-03-31,2016-04-26,30,https://static.cninfo.com.cn/finalpage/2016-04-26/1202239908.PDF
1203376721,300085.SZ,银之杰,2017-03-31,2017-04-25,30,https://static.cninfo.com.cn/finalpage/2017-04-25/1203376721.PDF
1204087491,300104.SZ,乐视网,2017-09-30,2017-10-28,30,https://static.cninfo.com.cn/finalpage/2017-10-28/1204087491.PDF
1204079009,300168.SZ,万达信息,2017-09-30,2017-10-27,30,https://static.cninfo.com.cn/finalpage/2017-10-27/1204079009.PDF
1202231435,300182.SZ,捷成股份,2016-03-31,2016-04-25,30,https://static.cninfo.com.cn/finalpage/2016-04-25/1202231435.PDF
1203374648,300182.SZ,捷成股份,2017-03-31,2017-04-25,30,https://static.cninfo.com.cn/finalpage/2017-04-25/1203374648.PDF
1204085852,600037.SH,歌华有线,2017-09-30,2017-10-28,30,https://static.cninfo.com.cn/finalpage/2017-10-28/1204085852.PDF
1211418008,600705.SH,中航产融,2021-09-30,2021-10-29,30,https://static.cninfo.com.cn/finalpage/2021-10-29/1211418008.PDF
1204087775,600718.SH,东软集团,2017-09-30,2017-10-28,30,https://static.cninfo.com.cn/finalpage/2017-10-28/1204087775.PDF
1208651889,600928.SH,西安银行,2020-09-30,2020-10-30,30,https://static.cninfo.com.cn/finalpage/2020-10-30/1208651889.PDF
1211420041,601077.SH,渝农商行,2021-09-30,2021-10-29,30,https://static.cninfo.com.cn/finalpage/2021-10-29/1211420041.PDF
1204080919,601127.SH,小康股份,2017-09-30,2017-10-27,30,https://static.cninfo.com.cn/finalpage/2017-10-27/1204080919.PDF
1208651298,601212.SH,白银有色,2020-09-30,2020-10-30,30,https://static.cninfo.com.cn/finalpage/2020-10-30/1208651298.PDF
1204735097,601375.SH,中原证券,2018-03-31,2018-04-25,30,https://static.cninfo.com.cn/finalpage/2018-04-25/1204735097.PDF
1203274335,601377.SH,兴业证券,2016-12-31,2017-04-11,30,https://static.cninfo.com.cn/finalpage/2017-04-11/1203274335.PDF
1211430417,601555.SH,东吴证券,2021-09-30,2021-10-30,30,https://static.cninfo.com.cn/finalpage/2021-10-30/1211430417.PDF
1211433523,601825.SH,沪农商行,2021-09-30,2021-10-30,30,https://static.cninfo.com.cn/finalpage/2021-10-30/1211433523.PDF
1214966528,601825.SH,沪农商行,2022-09-30,2022-10-29,30,https://static.cninfo.com.cn/finalpage/2022-10-29/1214966528.PDF
1214709833,601939.SH,建设银行,2022-06-30,2022-09-30,30,https://static.cninfo.com.cn/finalpage/2022-09-30/1214709833.PDF
1208663713,601997.SH,贵阳银行,2020-09-30,2020-10-31,30,https://static.cninfo.com.cn/finalpage/2020-10-31/1208663713.PDF
1204087110,002131.SZ,利欧股份,2017-09-30,2017-10-30,29,https://static.cninfo.com.cn/finalpage/2017-10-30/1204087110.PDF
1212837560,002142.SZ,宁波银行,2021-12-31,2022-04-08,29,https://static.cninfo.com.cn/finalpage/2022-04-08/1212837560.PDF
1204084226,002299.SZ,圣农发展,2017-09-30,2017-10-30,29,https://static.cninfo.com.cn/finalpage/2017-10-30/1204084226.PDF
1202257604,002568.SZ,百润股份,2016-03-31,2016-04-28,29,https://static.cninfo.com.cn/finalpage/2016-04-28/1202257604.PDF
1203382795,002568.SZ,百润股份,2017-03-31,2017-04-26,29,https://static.cninfo.com.cn/finalpage/2017-04-26/1203382795.PDF
1204085063,300133.SZ,华策影视,2017-09-30,2017-10-30,29,https://static.cninfo.com.cn/finalpage/2017-10-30/1204085063.PDF
1223129834,600015.SH,华夏银行,2024-12-31,2025-04-18,29,https://static.cninfo.com.cn/finalpage/2025-04-18/1223129834.PDF
1203284727,600109.SH,国金证券,2016-12-31,2017-04-12,29,https://static.cninfo.com.cn/finalpage/2017-04-12/1203284727.PDF
1209841554,600390.SH,五矿资本,2021-03-31,2021-04-28,29,https://static.cninfo.com.cn/finalpage/2021-04-28/1209841554.PDF
1206169587,600909.SH,华安证券,2019-03-31,2019-04-30,29,https://static.cninfo.com.cn/finalpage/2019-04-30/1206169587.PDF
1212730170,600918.SH,中泰证券,2021-12-31,2022-03-30,29,https://static.cninfo.com.cn/finalpage/2022-03-30/1212730170.PDF
1216282125,600918.SH,中泰证券,2022-12-31,2023-03-31,29,https://static.cninfo.com.cn/finalpage/2023-03-31/1216282125.PDF
1209842542,601577.SH,长沙银行,2021-03-31,2021-04-28,29,https://static.cninfo.com.cn/finalpage/2021-04-28/1209842542.PDF
1204097375,000156.SZ,华数传媒,2017-09-30,2017-10-31,28,https://static.cninfo.com.cn/finalpage/2017-10-31/1204097375.PDF
1207685625,000415.SZ,渤海租赁,2020-03-31,2020-04-30,28,https://static.cninfo.com.cn/finalpage/2020-04-30/1207685625.PDF
1202089185,000712.SZ,锦龙股份,2015-12-31,2016-03-29,28,https://static.cninfo.com.cn/finalpage/2016-03-29/1202089185.PDF
1203167772,000712.SZ,锦龙股份,2016-12-31,2017-03-17,28,https://static.cninfo.com.cn/finalpage/2017-03-17/1203167772.PDF
1204824408,000750.SZ,国海证券,2018-03-31,2018-04-28,28,https://static.cninfo.com.cn/finalpage/2018-04-28/1204824408.PDF
1204095245,002152.SZ,广电运通,2017-09-30,2017-10-31,28,https://static.cninfo.com.cn/finalpage/2017-10-31/1204095245.PDF
1202225923,002195.SZ,二三四五,2015-12-31,2016-04-25,28,https://static.cninfo.com.cn/finalpage/2016-04-25/1202225923.PDF
1203145263,002195.SZ,二三四五,2016-12-31,2017-03-10,28,https://static.cninfo.com.cn/finalpage/2017-03-10/1203145263.PDF
1207682544,002411.SZ,延安必康,2020-03-31,2020-04-30,28,https://static.cninfo.com.cn/finalpage/2020-04-30/1207682544.PDF
1202251466,300058.SZ,蓝色光标,2016-03-31,2016-04-27,28,https://static.cninfo.com.cn/finalpage/2016-04-27/1202251466.PDF
1203404758,300058.SZ,蓝色光标,2017-03-31,2017-04-27,28,https://static.cninfo.com.cn/finalpage/2017-04-27/1203404758.PDF
1202225626,300146.SZ,汤臣倍健,2016-03-31,2016-04-25,28,https://static.cninfo.com.cn/finalpage/2016-04-25/1202225626.PDF
1203404999,300146.SZ,汤臣倍健,2017-03-31,2017-04-27,28,https://static.cninfo.com.cn/finalpage/2017-04-27/1203404999.PDF
1204097941,600150.SH,中国船舶,2017-09-30,2017-10-31,28,https://static.cninfo.com.cn/finalpage/2017-10-31/1204097941.PDF
1203297098,600369.SH,西南证券,2016-12-31,2017-04-14,28,https://static.cninfo.com.cn/finalpage/2017-04-14/1203297098.PDF
1204095800,600737.SH,中粮糖业,2017-09-30,2017-10-31,28,https://static.cninfo.com.cn/finalpage/2017-10-31/1204095800.PDF
1207694197,600816.SH,安信信托,2020-03-31,2020-04-30,28,https://static.cninfo.com.cn/finalpage/2020-04-30/1207694197.PDF
1202258944,600867.SH,通化东宝,2016-03-31,2016-04-28,28,https://static.cninfo.com.cn/finalpage/2016-04-28/1202258944.PDF
1209858845,601198.SH,东兴证券,2021-03-31,2021-04-29,28,https://static.cninfo.com.cn/finalpage/2021-04-29/1209858845.PDF
1225256591,601236.SH,红塔证券,2026-03-31,2026-04-30,28,https://static.cninfo.com.cn/finalpage/2026-04-30/1225256591.PDF
1202284396,601928.SH,凤凰传媒,2016-03-31,2016-04-30,28,https://static.cninfo.com.cn/finalpage/2016-04-30/1202284396.PDF
1203408738,601928.SH,凤凰传媒,2017-03-31,2017-04-27,28,https://static.cninfo.com.cn/finalpage/2017-04-27/1203408738.PDF
1213134515,601990.SH,南京证券,2022-03-31,2022-04-27,28,https://static.cninfo.com.cn/finalpage/2022-04-27/1213134515.PDF
1225022321,601998.SH,中信银行,2025-12-31,2026-03-21,28,https://static.cninfo.com.cn/finalpage/2026-03-21/1225022321.PDF
1202282125,000027.SZ,深圳能源,2016-03-31,2016-04-30,27,https://static.cninfo.com.cn/finalpage/2016-04-30/1202282125.PDF
1203411476,000027.SZ,深圳能源,2017-03-31,2017-04-28,27,https://static.cninfo.com.cn/finalpage/2017-04-28/1203411476.PDF
1202265188,000039.SZ,中集集团,2016-03-31,2016-04-29,27,https://static.cninfo.com.cn/finalpage/2016-04-29/1202265188.PDF
1203412734,000039.SZ,中集集团,2017-03-31,2017-04-28,27,https://static.cninfo.com.cn/finalpage/2017-04-28/1203412734.PDF
1209866446,000627.SZ,天茂集团,2021-03-31,2021-04-30,27,https://static.cninfo.com.cn/finalpage/2021-04-30/1209866446.PDF
1202280178,000712.SZ,锦龙股份,2016-03-31,2016-04-30,27,https://static.cninfo.com.cn/finalpage/2016-04-30/1202280178.PDF
1203411517,000712.SZ,锦龙股份,2017-03-31,2017-04-28,27,https://static.cninfo.com.cn/finalpage/2017-04-28/1203411517.PDF
1202282223,000778.SZ,新兴铸管,2016-03-31,2016-04-30,27,https://static.cninfo.com.cn/finalpage/2016-04-30/1202282223.PDF
1203425453,000778.SZ,新兴铸管,2017-03-31,2017-04-29,27,https://static.cninfo.com.cn/finalpage/2017-04-29/1203425453.PDF
1202280645,000800.SZ,一汽轿车,2016-03-31,2016-04-30,27,https://static.cninfo.com.cn/finalpage/2016-04-30/1202280645.PDF
1203422674,000800.SZ,一汽轿车,2017-03-31,2017-04-29,27,https://static.cninfo.com.cn/finalpage/2017-04-29/1203422674.PDF
1219551816,002142.SZ,宁波银行,2023-12-31,2024-04-10,27,https://static.cninfo.com.cn/finalpage/2024-04-10/1219551816.PDF
1202269296,600252.SH,中恒集团,2016-03-31,2016-04-29,27,https://static.cninfo.com.cn/finalpage/2016-04-29/1202269296.PDF
1203415573,600252.SH,中恒集团,2017-03-31,2017-04-28,27,https://static.cninfo.com.cn/finalpage/2017-04-28/1203415573.PDF
1209878390,600369.SH,西南证券,2021-03-31,2021-04-30,27,https://static.cninfo.com.cn/finalpage/2021-04-30/1209878390.PDF
1202260250,600582.SH,天地科技,2016-03-31,2016-04-28,27,https://static.cninfo.com.cn/finalpage/2016-04-28/1202260250.PDF
1203442696,600582.SH,天地科技,2017-03-31,2017-04-29,27,https://static.cninfo.com.cn/finalpage/2017-04-29/1203442696.PDF
1202260268,600648.SH,外高桥,2016-03-31,2016-04-28,27,https://static.cninfo.com.cn/finalpage/2016-04-28/1202260268.PDF
1203416138,600648.SH,外高桥,2017-03-31,2017-04-28,27,https://static.cninfo.com.cn/finalpage/2017-04-28/1203416138.PDF
1202266803,600654.SH,中安消,2016-03-31,2016-04-29,27,https://static.cninfo.com.cn/finalpage/2016-04-29/1202266803.PDF
1203443222,600654.SH,中安消,2017-03-31,2017-04-29,27,https://static.cninfo.com.cn/finalpage/2017-04-29/1203443222.PDF
1202257514,600666.SH,奥瑞德,2016-03-31,2016-04-28,27,https://static.cninfo.com.cn/finalpage/2016-04-28/1202257514.PDF
1203428575,600666.SH,奥瑞德,2017-03-31,2017-04-29,27,https://static.cninfo.com.cn/finalpage/2017-04-29/1203428575.PDF
1202284698,600754.SH,锦江股份,2016-03-31,2016-04-30,27,https://static.cninfo.com.cn/finalpage/2016-04-30/1202284698.PDF
1203427727,600754.SH,锦江股份,2017-03-31,2017-04-29,27,https://static.cninfo.com.cn/finalpage/2017-04-29/1203427727.PDF
1202268363,600783.SH,鲁信创投,2016-03-31,2016-04-29,27,https://static.cninfo.com.cn/finalpage/2016-04-29/1202268363.PDF
1203427741,600783.SH,鲁信创投,2017-03-31,2017-04-29,27,https://static.cninfo.com.cn/finalpage/2017-04-29/1203427741.PDF
1202281169,600839.SH,四川长虹,2016-03-31,2016-04-30,27,https://static.cninfo.com.cn/finalpage/2016-04-30/1202281169.PDF
1203418566,600839.SH,四川长虹,2017-03-31,2017-04-28,27,https://static.cninfo.com.cn/finalpage/2017-04-28/1203418566.PDF
1202281180,600875.SH,东方电气,2016-03-31,2016-04-30,27,https://static.cninfo.com.cn/finalpage/2016-04-30/1202281180.PDF
1203428015,600875.SH,东方电气,2017-03-31,2017-04-29,27,https://static.cninfo.com.cn/finalpage/2017-04-29/1203428015.PDF
1203177785,601127.SH,小康股份,2016-12-31,2017-03-20,27,https://static.cninfo.com.cn/finalpage/2017-03-20/1203177785.PDF
1225022492,601136.SH,首创证券,2025-12-31,2026-03-21,27,https://static.cninfo.com.cn/finalpage/2026-03-21/1225022492.PDF
1216358062,601169.SH,北京银行,2022-12-31,2023-04-08,27,https://static.cninfo.com.cn/finalpage/2023-04-08/1216358062.PDF
1203424572,601258.SH,庞大集团,2017-03-31,2017-04-29,27,https://static.cninfo.com.cn/finalpage/2017-04-29/1203424572.PDF
1202269635,603000.SH,人民网,2016-03-31,2016-04-29,27,https://static.cninfo.com.cn/finalpage/2016-04-29/1202269635.PDF
1203416771,603000.SH,人民网,2017-03-31,2017-04-28,27,https://static.cninfo.com.cn/finalpage/2017-04-28/1203416771.PDF
1202210500,603885.SH,吉祥航空,2016-03-31,2016-04-21,27,https://static.cninfo.com.cn/finalpage/2016-04-21/1202210500.PDF
1203426174,603885.SH,吉祥航空,2017-03-31,2017-04-29,27,https://static.cninfo.com.cn/finalpage/2017-04-29/1203426174.PDF
1203209278,000750.SZ,国海证券,2016-12-31,2017-03-28,26,https://static.cninfo.com.cn/finalpage/2017-03-28/1203209278.PDF
1213254079,000783.SZ,长江证券,2022-03-31,2022-04-30,26,https://static.cninfo.com.cn/finalpage/2022-04-30/1213254079.PDF
1202113296,002074.SZ,国轩高科,2015-12-31,2016-03-31,26,https://static.cninfo.com.cn/finalpage/2016-03-31/1202113296.PDF
1213222826,600109.SH,国金证券,2022-03-31,2022-04-29,26,https://static.cninfo.com.cn/finalpage/2022-04-29/1213222826.PDF
1213216120,601108.SH,财通证券,2022-03-31,2022-04-29,26,https://static.cninfo.com.cn/finalpage/2022-04-29/1213216120.PDF
1213270795,601162.SH,天风证券,2022-03-31,2022-04-30,26,https://static.cninfo.com.cn/finalpage/2022-04-30/1213270795.PDF
1213206529,601696.SH,中银证券,2022-03-31,2022-04-29,26,https://static.cninfo.com.cn/finalpage/2022-04-29/1213206529.PDF
1219564546,601878.SH,浙商证券,2023-12-31,2024-04-11,26,https://static.cninfo.com.cn/finalpage/2024-04-11/1219564546.PDF
1207525556,002945.SZ,华林证券,2019-12-31,2020-04-20,25,https://static.cninfo.com.cn/finalpage/2020-04-20/1207525556.PDF
1202806490,600005.SH,武钢股份,2016-09-30,2016-10-31,25,https://static.cninfo.com.cn/finalpage/2016-10-31/1202806490.PDF
1225022887,000001.SZ,平安银行,2025-12-31,2026-03-21,24,https://static.cninfo.com.cn/finalpage/2026-03-21/1225022887.PDF
1203225313,000166.SZ,申万宏源,2016-12-31,2017-03-30,24,https://static.cninfo.com.cn/finalpage/2017-03-30/1203225313.PDF
1209626484,002736.SZ,国信证券,2020-12-31,2021-04-02,24,https://static.cninfo.com.cn/finalpage/2021-04-02/1209626484.PDF
1225019509,300059.SZ,东方财富,2025-12-31,2026-03-20,24,https://static.cninfo.com.cn/finalpage/2026-03-20/1225019509.PDF
1204824225,600000.SH,浦发银行,2017-12-31,2018-04-28,24,https://static.cninfo.com.cn/finalpage/2018-04-28/1204824225.PDF
1205938654,600000.SH,浦发银行,2018-12-31,2019-03-26,24,https://static.cninfo.com.cn/finalpage/2019-03-26/1205938654.PDF
1207609542,600000.SH,浦发银行,2019-12-31,2020-04-25,24,https://static.cninfo.com.cn/finalpage/2020-04-25/1207609542.PDF
1209565322,600000.SH,浦发银行,2020-12-31,2021-03-27,24,https://static.cninfo.com.cn/finalpage/2021-03-27/1209565322.PDF
1202072031,600030.SH,中信证券,2015-12-31,2016-03-24,24,https://static.cninfo.com.cn/finalpage/2016-03-24/1202072031.PDF
1205936076,600909.SH,华安证券,2018-12-31,2019-03-26,24,https://static.cninfo.com.cn/finalpage/2019-03-26/1205936076.PDF
1209791331,600918.SH,中泰证券,2020-12-31,2021-04-24,24,https://static.cninfo.com.cn/finalpage/2021-04-24/1209791331.PDF
1202048336,601318.SH,中国平安,2015-12-31,2016-03-16,24,https://static.cninfo.com.cn/finalpage/2016-03-16/1202048336.PDF
1212740982,601377.SH,兴业证券,2021-12-31,2022-03-31,24,https://static.cninfo.com.cn/finalpage/2022-03-31/1212740982.PDF
1225030448,601628.SH,中国人寿,2025-12-31,2026-03-26,24,https://static.cninfo.com.cn/finalpage/2026-03-26/1225030448.PDF
1202033390,000001.SZ,平安银行,2015-12-31,2016-03-10,23,https://static.cninfo.com.cn/finalpage/2016-03-10/1202033390.PDF
1225045474,000166.SZ,申万宏源,2025-12-31,2026-03-28,23,https://static.cninfo.com.cn/finalpage/2026-03-28/1225045474.PDF
1202058936,000776.SZ,广发证券,2015-12-31,2016-03-19,23,https://static.cninfo.com.cn/finalpage/2016-03-19/1202058936.PDF
1209667812,002142.SZ,宁波银行,2020-12-31,2021-04-10,23,https://static.cninfo.com.cn/finalpage/2021-04-10/1209667812.PDF
1209805869,300059.SZ,东方财富,2020-12-31,2021-04-27,23,https://static.cninfo.com.cn/finalpage/2021-04-27/1209805869.PDF
1202113640,600036.SH,招商银行,2015-12-31,2016-03-31,23,https://static.cninfo.com.cn/finalpage/2016-03-31/1202113640.PDF
1202101271,600875.SH,东方电气,2015-12-31,2016-03-30,23,https://static.cninfo.com.cn/finalpage/2016-03-30/1202101271.PDF
1203197321,600875.SH,东方电气,2016-12-31,2017-03-25,23,https://static.cninfo.com.cn/finalpage/2017-03-25/1203197321.PDF
1225047540,600999.SH,招商证券,2025-12-31,2026-03-28,23,https://static.cninfo.com.cn/finalpage/2026-03-28/1225047540.PDF
1225038421,601066.SH,中信建投,2025-12-31,2026-03-27,23,https://static.cninfo.com.cn/finalpage/2026-03-27/1225038421.PDF
1222896108,601077.SH,渝农商行,2024-12-31,2025-03-26,23,https://static.cninfo.com.cn/finalpage/2025-03-26/1222896108.PDF
1225032224,601077.SH,渝农商行,2025-12-31,2026-03-26,23,https://static.cninfo.com.cn/finalpage/2026-03-26/1225032224.PDF
1204510954,601099.SH,太平洋,2017-12-31,2018-03-24,23,https://static.cninfo.com.cn/finalpage/2018-03-24/1204510954.PDF
1225039240,601166.SH,兴业银行,2025-12-31,2026-03-27,23,https://static.cninfo.com.cn/finalpage/2026-03-27/1225039240.PDF
1219583309,601169.SH,北京银行,2023-12-31,2024-04-12,23,https://static.cninfo.com.cn/finalpage/2024-04-12/1219583309.PDF
1225042948,601236.SH,红塔证券,2025-12-31,2026-03-28,23,https://static.cninfo.com.cn/finalpage/2026-03-28/1225042948.PDF
1205932659,601319.SH,中国人保,2018-12-31,2019-03-23,23,https://static.cninfo.com.cn/finalpage/2019-03-23/1205932659.PDF
1225037867,601319.SH,中国人保,2025-12-31,2026-03-27,23,https://static.cninfo.com.cn/finalpage/2026-03-27/1225037867.PDF
1225047367,601328.SH,交通银行,2025-12-31,2026-03-28,23,https://static.cninfo.com.cn/finalpage/2026-03-28/1225047367.PDF
1225047616,601336.SH,新华保险,2025-12-31,2026-03-28,23,https://static.cninfo.com.cn/finalpage/2026-03-28/1225047616.PDF
1223305502,601377.SH,兴业证券,2024-12-31,2025-04-26,23,https://static.cninfo.com.cn/finalpage/2025-04-26/1223305502.PDF
1225046462,601377.SH,兴业证券,2025-12-31,2026-03-28,23,https://static.cninfo.com.cn/finalpage/2026-03-28/1225046462.PDF
1225047240,601398.SH,工商银行,2025-12-31,2026-03-28,23,https://static.cninfo.com.cn/finalpage/2026-03-28/1225047240.PDF
1202069673,601628.SH,中国人寿,2015-12-31,2016-03-24,23,https://static.cninfo.com.cn/finalpage/2016-03-24/1202069673.PDF
1225046860,601658.SH,邮储银行,2025-12-31,2026-03-28,23,https://static.cninfo.com.cn/finalpage/2026-03-28/1225046860.PDF
1225035238,601788.SH,光大证券,2025-12-31,2026-03-27,23,https://static.cninfo.com.cn/finalpage/2026-03-27/1225035238.PDF
1225046718,601939.SH,建设银行,2025-12-31,2026-03-28,23,https://static.cninfo.com.cn/finalpage/2026-03-28/1225046718.PDF
1219910205,600000.SH,浦发银行,2023-12-31,2024-04-30,22,https://static.cninfo.com.cn/finalpage/2024-04-30/1219910205.PDF
1225047590,600036.SH,招商银行,2025-12-31,2026-03-28,22,https://static.cninfo.com.cn/finalpage/2026-03-28/1225047590.PDF
1222948888,600958.SH,东方证券,2024-12-31,2025-03-29,22,https://static.cninfo.com.cn/finalpage/2025-03-29/1222948888.PDF
1205933032,601577.SH,长沙银行,2018-12-31,2019-03-25,22,https://static.cninfo.com.cn/finalpage/2019-03-25/1205933032.PDF
1207423386,601577.SH,长沙银行,2019-12-31,2020-03-30,22,https://static.cninfo.com.cn/finalpage/2020-03-30/1207423386.PDF
1225035569,601601.SH,中国太保,2025-12-31,2026-03-27,22,https://static.cninfo.com.cn/finalpage/2026-03-27/1225035569.PDF
1207403304,601658.SH,邮储银行,2019-12-31,2020-03-26,22,https://static.cninfo.com.cn/finalpage/2020-03-26/1207403304.PDF
1202071954,601998.SH,中信银行,2015-12-31,2016-03-24,22,https://static.cninfo.com.cn/finalpage/2016-03-24/1202071954.PDF
1202090781,000039.SZ,中集集团,2015-12-31,2016-03-29,21,https://static.cninfo.com.cn/finalpage/2016-03-29/1202090781.PDF
1203211839,000039.SZ,中集集团,2016-12-31,2017-03-28,21,https://static.cninfo.com.cn/finalpage/2017-03-28/1203211839.PDF
1201978533,000413.SZ,东旭光电,2015-12-31,2016-02-06,21,https://static.cninfo.com.cn/finalpage/2016-02-06/1201978533.PDF
1209477044,000728.SZ,国元证券,2020-12-31,2021-03-30,21,https://static.cninfo.com.cn/finalpage/2021-03-30/1209477044.PDF
1202098141,000750.SZ,国海证券,2015-12-31,2016-03-30,21,https://static.cninfo.com.cn/finalpage/2016-03-30/1202098141.PDF
1225062336,600000.SH,浦发银行,2025-12-31,2026-03-31,21,https://static.cninfo.com.cn/finalpage/2026-03-31/1225062336.PDF
1225058278,600015.SH,华夏银行,2025-12-31,2026-03-31,21,https://static.cninfo.com.cn/finalpage/2026-03-31/1225058278.PDF
1225062867,600016.SH,民生银行,2025-12-31,2026-03-31,21,https://static.cninfo.com.cn/finalpage/2026-03-31/1225062867.PDF
1225062776,600918.SH,中泰证券,2025-12-31,2026-03-31,21,https://static.cninfo.com.cn/finalpage/2026-03-31/1225062776.PDF
1225058218,601059.SH,信达证券,2025-12-31,2026-03-31,21,https://static.cninfo.com.cn/finalpage/2026-03-31/1225058218.PDF
1207410618,601077.SH,渝农商行,2019-12-31,2020-03-27,21,https://static.cninfo.com.cn/finalpage/2020-03-27/1207410618.PDF
1209490160,601077.SH,渝农商行,2020-12-31,2021-03-31,21,https://static.cninfo.com.cn/finalpage/2021-03-31/1209490160.PDF
1207656417,601166.SH,兴业银行,2019-12-31,2020-04-29,21,https://static.cninfo.com.cn/finalpage/2020-04-29/1207656417.PDF
1225056196,601288.SH,农业银行,2025-12-31,2026-03-31,21,https://static.cninfo.com.cn/finalpage/2026-03-31/1225056196.PDF
1222912089,601456.SH,国联民生,2024-12-31,2025-03-27,21,https://static.cninfo.com.cn/finalpage/2025-03-27/1222912089.PDF
1225046913,601456.SH,国联民生,2025-12-31,2026-03-28,21,https://static.cninfo.com.cn/finalpage/2026-03-28/1225046913.PDF
1225050753,601688.SH,华泰证券,2025-12-31,2026-03-31,21,https://static.cninfo.com.cn/finalpage/2026-03-31/1225050753.PDF
1207405231,601696.SH,中银证券,2019-12-31,2020-03-26,21,https://static.cninfo.com.cn/finalpage/2020-03-26/1207405231.PDF
1225068417,601818.SH,光大银行,2025-12-31,2026-03-31,21,https://static.cninfo.com.cn/finalpage/2026-03-31/1225068417.PDF
1225051623,601881.SH,中国银河,2025-12-31,2026-03-31,21,https://static.cninfo.com.cn/finalpage/2026-03-31/1225051623.PDF
1205968095,601901.SH,方正证券,2018-12-31,2019-03-30,21,https://static.cninfo.com.cn/finalpage/2019-03-30/1205968095.PDF
1225052922,601901.SH,方正证券,2025-12-31,2026-03-31,21,https://static.cninfo.com.cn/finalpage/2026-03-31/1225052922.PDF
1207423363,601916.SH,浙商银行,2019-12-31,2020-03-30,21,https://static.cninfo.com.cn/finalpage/2020-03-30/1207423363.PDF
1225060842,601916.SH,浙商银行,2025-12-31,2026-03-31,21,https://static.cninfo.com.cn/finalpage/2026-03-31/1225060842.PDF
1225058470,601988.SH,中国银行,2025-12-31,2026-03-31,21,https://static.cninfo.com.cn/finalpage/2026-03-31/1225058470.PDF
1225061991,601995.SH,中金公司,2025-12-31,2026-03-31,21,https://static.cninfo.com.cn/finalpage/2026-03-31/1225061991.PDF
1216298933,000617.SZ,中油资本,2022-12-31,2023-04-01,20,https://static.cninfo.com.cn/finalpage/2023-04-01/1216298933.PDF
1203315924,000728.SZ,国元证券,2016-12-31,2017-04-18,20,https://static.cninfo.com.cn/finalpage/2017-04-18/1203315924.PDF
1202083651,000783.SZ,长江证券,2015-12-31,2016-03-26,20,https://static.cninfo.com.cn/finalpage/2016-03-26/1202083651.PDF
1203185031,000783.SZ,长江证券,2016-12-31,2017-03-22,20,https://static.cninfo.com.cn/finalpage/2017-03-22/1203185031.PDF
1203412935,002839.SZ,张家港行,2016-12-31,2017-04-28,20,https://static.cninfo.com.cn/finalpage/2017-04-28/1203412935.PDF
1204512144,002839.SZ,张家港行,2017-12-31,2018-03-24,20,https://static.cninfo.com.cn/finalpage/2018-03-24/1204512144.PDF
1205968795,600369.SH,西南证券,2018-12-31,2019-03-30,20,https://static.cninfo.com.cn/finalpage/2019-03-30/1205968795.PDF
1202094749,600582.SH,天地科技,2015-12-31,2016-03-29,20,https://static.cninfo.com.cn/finalpage/2016-03-29/1202094749.PDF
1203217292,600582.SH,天地科技,2016-12-31,2017-03-29,20,https://static.cninfo.com.cn/finalpage/2017-03-29/1203217292.PDF
1202008617,600999.SH,招商证券,2015-12-31,2016-03-01,20,https://static.cninfo.com.cn/finalpage/2016-03-01/1202008617.PDF
1216111334,601059.SH,信达证券,2022-12-31,2023-03-14,20,https://static.cninfo.com.cn/finalpage/2023-03-14/1216111334.PDF
1202123824,601288.SH,农业银行,2015-12-31,2016-04-01,20,https://static.cninfo.com.cn/finalpage/2016-04-01/1202123824.PDF
1202103909,601328.SH,交通银行,2015-12-31,2016-03-30,20,https://static.cninfo.com.cn/finalpage/2016-03-30/1202103909.PDF
1212726468,601696.SH,中银证券,2021-12-31,2022-03-30,20,https://static.cninfo.com.cn/finalpage/2022-03-30/1212726468.PDF
1223057398,601878.SH,浙商证券,2024-12-31,2025-04-11,20,https://static.cninfo.com.cn/finalpage/2025-04-11/1223057398.PDF
1216234469,601916.SH,浙商银行,2022-12-31,2023-03-28,20,https://static.cninfo.com.cn/finalpage/2023-03-28/1216234469.PDF
1202250554,000166.SZ,申万宏源,2015-12-31,2016-04-27,19,https://static.cninfo.com.cn/finalpage/2016-04-27/1202250554.PDF
1225060422,000776.SZ,广发证券,2025-12-31,2026-03-31,19,https://static.cninfo.com.cn/finalpage/2026-03-31/1225060422.PDF
1203415622,002142.SZ,宁波银行,2016-12-31,2017-04-28,19,https://static.cninfo.com.cn/finalpage/2017-04-28/1203415622.PDF
1205966840,002142.SZ,宁波银行,2018-12-31,2019-03-30,19,https://static.cninfo.com.cn/finalpage/2019-03-30/1205966840.PDF
1209487423,002945.SZ,华林证券,2020-12-31,2021-03-31,19,https://static.cninfo.com.cn/finalpage/2021-03-31/1209487423.PDF
1225036081,600030.SH,中信证券,2025-12-31,2026-03-27,19,https://static.cninfo.com.cn/finalpage/2026-03-27/1225036081.PDF
1202092458,600252.SH,中恒集团,2015-12-31,2016-03-29,19,https://static.cninfo.com.cn/finalpage/2016-03-29/1202092458.PDF
1203226663,600252.SH,中恒集团,2016-12-31,2017-03-30,19,https://static.cninfo.com.cn/finalpage/2017-03-30/1203226663.PDF
1202113117,600754.SH,锦江股份,2015-12-31,2016-03-31,19,https://static.cninfo.com.cn/finalpage/2016-03-31/1202113117.PDF
1203227131,600754.SH,锦江股份,2016-12-31,2017-03-30,19,https://static.cninfo.com.cn/finalpage/2017-03-30/1203227131.PDF
1202114772,600837.SH,海通证券,2015-12-31,2016-03-31,19,https://static.cninfo.com.cn/finalpage/2016-03-31/1202114772.PDF
1209842475,601162.SH,天风证券,2020-12-31,2021-04-28,19,https://static.cninfo.com.cn/finalpage/2021-04-28/1209842475.PDF
1212753303,601162.SH,天风证券,2021-12-31,2022-03-31,19,https://static.cninfo.com.cn/finalpage/2022-03-31/1212753303.PDF
1225047952,601211.SH,国泰海通,2025-12-31,2026-03-28,19,https://static.cninfo.com.cn/finalpage/2026-03-28/1225047952.PDF
1225038263,601318.SH,中国平安,2025-12-31,2026-03-27,19,https://static.cninfo.com.cn/finalpage/2026-03-27/1225038263.PDF
1202104028,601336.SH,新华保险,2015-12-31,2016-03-30,19,https://static.cninfo.com.cn/finalpage/2016-03-30/1202104028.PDF
1204532629,601555.SH,东吴证券,2017-12-31,2018-03-29,19,https://static.cninfo.com.cn/finalpage/2018-03-29/1204532629.PDF
1202085783,601601.SH,中国太保,2015-12-31,2016-03-28,19,https://static.cninfo.com.cn/finalpage/2016-03-28/1202085783.PDF
1202005560,601788.SH,光大证券,2015-12-31,2016-02-27,19,https://static.cninfo.com.cn/finalpage/2016-02-27/1202005560.PDF
1203242031,601881.SH,中国银河,2016-12-31,2017-03-31,19,https://static.cninfo.com.cn/finalpage/2017-03-31/1203242031.PDF
1209879702,601901.SH,方正证券,2020-12-31,2021-04-30,19,https://static.cninfo.com.cn/finalpage/2021-04-30/1209879702.PDF
1202115131,601939.SH,建设银行,2015-12-31,2016-03-31,19,https://static.cninfo.com.cn/finalpage/2016-03-31/1202115131.PDF
1209496055,601995.SH,中金公司,2020-12-31,2021-03-31,19,https://static.cninfo.com.cn/finalpage/2021-03-31/1209496055.PDF
1203227192,000555.SZ,神州信息,2016-12-31,2017-03-30,18,https://static.cninfo.com.cn/finalpage/2017-03-30/1203227192.PDF
1222990674,000617.SZ,中油资本,2024-12-31,2025-04-03,18,https://static.cninfo.com.cn/finalpage/2025-04-03/1222990674.PDF
1202089445,000623.SZ,吉林敖东,2015-12-31,2016-03-29,18,https://static.cninfo.com.cn/finalpage/2016-03-29/1202089445.PDF
1202122326,000800.SZ,一汽轿车,2015-12-31,2016-04-01,18,https://static.cninfo.com.cn/finalpage/2016-04-01/1202122326.PDF
1203246057,000800.SZ,一汽轿车,2016-12-31,2017-04-01,18,https://static.cninfo.com.cn/finalpage/2017-04-01/1203246057.PDF
1202163901,002049.SZ,同方国芯,2015-12-31,2016-04-12,18,https://static.cninfo.com.cn/finalpage/2016-04-12/1202163901.PDF
1203196482,002049.SZ,紫光国芯,2016-12-31,2017-03-25,18,https://static.cninfo.com.cn/finalpage/2017-03-25/1203196482.PDF
1207448615,002673.SZ,西部证券,2019-12-31,2020-04-02,18,https://static.cninfo.com.cn/finalpage/2020-04-02/1207448615.PDF
1202122055,600037.SH,歌华有线,2015-12-31,2016-04-01,18,https://static.cninfo.com.cn/finalpage/2016-04-01/1202122055.PDF
1203245330,600037.SH,歌华有线,2016-12-31,2017-04-01,18,https://static.cninfo.com.cn/finalpage/2017-04-01/1203245330.PDF
1225078270,600061.SH,国投资本,2025-12-31,2026-04-03,18,https://static.cninfo.com.cn/finalpage/2026-04-03/1225078270.PDF
1209625373,600109.SH,国金证券,2020-12-31,2021-04-02,18,https://static.cninfo.com.cn/finalpage/2021-04-02/1209625373.PDF
1202084297,600718.SH,东软集团,2015-12-31,2016-03-26,18,https://static.cninfo.com.cn/finalpage/2016-03-26/1202084297.PDF
1203242803,600718.SH,东软集团,2016-12-31,2017-03-31,18,https://static.cninfo.com.cn/finalpage/2017-03-31/1203242803.PDF
1219446510,600837.SH,海通证券,2023-12-31,2024-03-29,18,https://static.cninfo.com.cn/finalpage/2024-03-29/1219446510.PDF
1205987788,601377.SH,兴业证券,2018-12-31,2019-04-03,18,https://static.cninfo.com.cn/finalpage/2019-04-03/1205987788.PDF
1207606848,601377.SH,兴业证券,2019-12-31,2020-04-25,18,https://static.cninfo.com.cn/finalpage/2020-04-25/1207606848.PDF
1202114789,601398.SH,工商银行,2015-12-31,2016-03-31,18,https://static.cninfo.com.cn/finalpage/2016-03-31/1202114789.PDF
1202104824,601818.SH,光大银行,2015-12-31,2016-03-30,18,https://static.cninfo.com.cn/finalpage/2016-03-30/1202104824.PDF
1202274287,601901.SH,方正证券,2015-12-31,2016-04-29,18,https://static.cninfo.com.cn/finalpage/2016-04-29/1202274287.PDF
1202113900,601988.SH,中国银行,2015-12-31,2016-03-31,18,https://static.cninfo.com.cn/finalpage/2016-03-31/1202113900.PDF
1202078564,603993.SH,洛阳钼业,2015-12-31,2016-03-25,18,https://static.cninfo.com.cn/finalpage/2016-03-25/1202078564.PDF
1202114415,000157.SZ,中联重科,2015-12-31,2016-03-31,17,https://static.cninfo.com.cn/finalpage/2016-03-31/1202114415.PDF
1219638359,002736.SZ,国信证券,2023-12-31,2024-04-17,17,https://static.cninfo.com.cn/finalpage/2024-04-17/1219638359.PDF
1223150227,002736.SZ,国信证券,2024-12-31,2025-04-19,17,https://static.cninfo.com.cn/finalpage/2025-04-19/1223150227.PDF
1202145027,600000.SH,浦发银行,2015-12-31,2016-04-07,17,https://static.cninfo.com.cn/finalpage/2016-04-07/1202145027.PDF
1203248141,600000.SH,浦发银行,2016-12-31,2017-04-01,17,https://static.cninfo.com.cn/finalpage/2017-04-01/1203248141.PDF
1202115772,600016.SH,民生银行,2015-12-31,2016-03-31,17,https://static.cninfo.com.cn/finalpage/2016-03-31/1202115772.PDF
1202104638,601688.SH,华泰证券,2015-12-31,2016-03-30,17,https://static.cninfo.com.cn/finalpage/2016-03-30/1202104638.PDF
1212729887,601916.SH,浙商银行,2021-12-31,2022-03-30,17,https://static.cninfo.com.cn/finalpage/2022-03-30/1212729887.PDF
1204555892,000623.SZ,吉林敖东,2017-12-31,2018-03-31,16,https://static.cninfo.com.cn/finalpage/2018-03-31/1204555892.PDF
1203424869,000686.SZ,东北证券,2016-12-31,2017-04-29,16,https://static.cninfo.com.cn/finalpage/2017-04-29/1203424869.PDF
1204543084,000686.SZ,东北证券,2017-12-31,2018-03-30,16,https://static.cninfo.com.cn/finalpage/2018-03-30/1204543084.PDF
1202227356,002299.SZ,圣农发展,2015-12-31,2016-04-25,16,https://static.cninfo.com.cn/finalpage/2016-04-25/1202227356.PDF
1203239273,002299.SZ,圣农发展,2016-12-31,2017-03-31,16,https://static.cninfo.com.cn/finalpage/2017-03-31/1203239273.PDF
1207538863,002939.SZ,长城证券,2019-12-31,2020-04-21,16,https://static.cninfo.com.cn/finalpage/2020-04-21/1207538863.PDF
1206052297,600015.SH,华夏银行,2018-12-31,2019-04-19,16,https://static.cninfo.com.cn/finalpage/2019-04-19/1206052297.PDF
1202041249,600958.SH,东方证券,2015-12-31,2016-03-14,16,https://static.cninfo.com.cn/finalpage/2016-03-14/1202041249.PDF
1203242121,601375.SH,中原证券,2016-12-31,2017-03-31,16,https://static.cninfo.com.cn/finalpage/2017-03-31/1203242121.PDF
1204548194,601375.SH,中原证券,2017-12-31,2018-03-30,16,https://static.cninfo.com.cn/finalpage/2018-03-30/1204548194.PDF
1202180339,000027.SZ,深圳能源,2015-12-31,2016-04-15,15,https://static.cninfo.com.cn/finalpage/2016-04-15/1202180339.PDF
1203263338,000027.SZ,深圳能源,2016-12-31,2017-04-08,15,https://static.cninfo.com.cn/finalpage/2017-04-08/1203263338.PDF
1204556042,002797.SZ,第一创业,2017-12-31,2018-04-02,15,https://static.cninfo.com.cn/finalpage/2018-04-02/1204556042.PDF
1213270812,601169.SH,北京银行,2021-12-31,2022-04-30,15,https://static.cninfo.com.cn/finalpage/2022-04-30/1213270812.PDF
1202202687,601555.SH,东吴证券,2015-12-31,2016-04-20,15,https://static.cninfo.com.cn/finalpage/2016-04-20/1202202687.PDF
1202082141,002152.SZ,广电运通,2015-12-31,2016-03-26,14,https://static.cninfo.com.cn/finalpage/2016-03-26/1202082141.PDF
1203262020,002152.SZ,广电运通,2016-12-31,2017-04-08,14,https://static.cninfo.com.cn/finalpage/2017-04-08/1203262020.PDF
1212897901,600919.SH,江苏银行,2021-12-31,2022-04-13,14,https://static.cninfo.com.cn/finalpage/2022-04-13/1212897901.PDF
1223045151,002142.SZ,宁波银行,2024-12-31,2025-04-10,13,https://static.cninfo.com.cn/finalpage/2025-04-10/1223045151.PDF
1204577366,002500.SZ,山西证券,2017-12-31,2018-04-03,13,https://static.cninfo.com.cn/finalpage/2018-04-03/1204577366.PDF
1206129046,600919.SH,江苏银行,2018-12-31,2019-04-27,13,https://static.cninfo.com.cn/finalpage/2019-04-27/1206129046.PDF
1207482439,600919.SH,江苏银行,2019-12-31,2020-04-11,13,https://static.cninfo.com.cn/finalpage/2020-04-11/1207482439.PDF
1219598179,601136.SH,首创证券,2023-12-31,2024-04-13,13,https://static.cninfo.com.cn/finalpage/2024-04-13/1219598179.PDF
1202156231,002385.SZ,大北农,2015-12-31,2016-04-09,12,https://static.cninfo.com.cn/finalpage/2016-04-09/1202156231.PDF
1209676866,002939.SZ,长城证券,2020-12-31,2021-04-13,12,https://static.cninfo.com.cn/finalpage/2021-04-13/1209676866.PDF
1204664004,600015.SH,华夏银行,2017-12-31,2018-04-20,12,https://static.cninfo.com.cn/finalpage/2018-04-20/1204664004.PDF
1209858565,600919.SH,江苏银行,2020-12-31,2021-04-29,12,https://static.cninfo.com.cn/finalpage/2021-04-29/1209858565.PDF
1219702533,600926.SH,杭州银行,2023-12-31,2024-04-20,12,https://static.cninfo.com.cn/finalpage/2024-04-20/1219702533.PDF
1223072706,600926.SH,杭州银行,2024-12-31,2025-04-12,12,https://static.cninfo.com.cn/finalpage/2025-04-12/1223072706.PDF
1202112675,601377.SH,兴业证券,2015-12-31,2016-03-31,12,https://static.cninfo.com.cn/finalpage/2016-03-31/1202112675.PDF
1207498377,000627.SZ,天茂集团,2019-12-31,2020-04-15,11,https://static.cninfo.com.cn/finalpage/2020-04-15/1207498377.PDF
1204666517,002310.SZ,东方园林,2017-12-31,2018-04-20,11,https://static.cninfo.com.cn/finalpage/2018-04-20/1204666517.PDF
1202059405,600109.SH,国金证券,2015-12-31,2016-03-21,11,https://static.cninfo.com.cn/finalpage/2016-03-21/1202059405.PDF
1202195549,600867.SH,通化东宝,2015-12-31,2016-04-19,11,https://static.cninfo.com.cn/finalpage/2016-04-19/1202195549.PDF
1203217765,600909.SH,华安证券,2016-12-31,2017-03-29,11,https://static.cninfo.com.cn/finalpage/2017-03-29/1203217765.PDF
1223096760,601169.SH,北京银行,2024-12-31,2025-04-15,11,https://static.cninfo.com.cn/finalpage/2025-04-15/1223096760.PDF
1202240990,002129.SZ,中环股份,2015-12-31,2016-04-26,10,https://static.cninfo.com.cn/finalpage/2016-04-26/1202240990.PDF
1203262205,002129.SZ,中环股份,2016-12-31,2017-04-08,10,https://static.cninfo.com.cn/finalpage/2017-04-08/1203262205.PDF
1207607908,002142.SZ,宁波银行,2019-12-31,2020-04-25,10,https://static.cninfo.com.cn/finalpage/2020-04-25/1207607908.PDF
1202051038,002568.SZ,百润股份,2015-12-31,2016-03-17,10,https://static.cninfo.com.cn/finalpage/2016-03-17/1202051038.PDF
1203283692,002568.SZ,百润股份,2016-12-31,2017-04-12,10,https://static.cninfo.com.cn/finalpage/2017-04-12/1203283692.PDF
1202163480,300085.SZ,银之杰,2015-12-31,2016-04-12,10,https://static.cninfo.com.cn/finalpage/2016-04-12/1202163480.PDF
1203275813,300085.SZ,银之杰,2016-12-31,2017-04-11,10,https://static.cninfo.com.cn/finalpage/2017-04-11/1203275813.PDF
1202024463,600369.SH,西南证券,2015-12-31,2016-03-05,10,https://static.cninfo.com.cn/finalpage/2016-03-05/1202024463.PDF
1225449490,601059.SH,信达证券,2026-06-30,2026-07-31,10,https://static.cninfo.com.cn/finalpage/2026-07-31/1225449490.PDF
1204681078,601229.SH,上海银行,2017-12-31,2018-04-21,10,https://static.cninfo.com.cn/finalpage/2018-04-21/1204681078.PDF
1209792528,601229.SH,上海银行,2020-12-31,2021-04-24,10,https://static.cninfo.com.cn/finalpage/2021-04-24/1209792528.PDF
1204830817,601997.SH,贵阳银行,2017-12-31,2018-04-28,10,https://static.cninfo.com.cn/finalpage/2018-04-28/1204830817.PDF
1206022162,601997.SH,贵阳银行,2018-12-31,2019-04-16,10,https://static.cninfo.com.cn/finalpage/2019-04-16/1206022162.PDF
1203314600,002310.SZ,东方园林,2016-12-31,2017-04-18,9,https://static.cninfo.com.cn/finalpage/2017-04-18/1203314600.PDF
1216688614,002736.SZ,国信证券,2022-12-31,2023-04-29,9,https://static.cninfo.com.cn/finalpage/2023-04-29/1216688614.PDF
1225120973,002736.SZ,国信证券,2025-12-31,2026-04-18,9,https://static.cninfo.com.cn/finalpage/2026-04-18/1225120973.PDF
1207513991,600015.SH,华夏银行,2019-12-31,2020-04-17,9,https://static.cninfo.com.cn/finalpage/2020-04-17/1207513991.PDF
1212942468,600926.SH,杭州银行,2021-12-31,2022-04-16,9,https://static.cninfo.com.cn/finalpage/2022-04-16/1212942468.PDF
1202094098,002085.SZ,万丰奥威,2015-12-31,2016-03-29,8,https://static.cninfo.com.cn/finalpage/2016-03-29/1202094098.PDF
1212963223,002736.SZ,国信证券,2021-12-31,2022-04-19,8,https://static.cninfo.com.cn/finalpage/2022-04-19/1212963223.PDF
1219904607,600015.SH,华夏银行,2023-12-31,2024-04-30,8,https://static.cninfo.com.cn/finalpage/2024-04-30/1219904607.PDF
1202163988,600737.SH,中粮屯河,2015-12-31,2016-04-12,8,https://static.cninfo.com.cn/finalpage/2016-04-12/1202163988.PDF
1203314390,600737.SH,中粮糖业,2016-12-31,2017-04-18,8,https://static.cninfo.com.cn/finalpage/2017-04-18/1203314390.PDF
1206063263,601229.SH,上海银行,2018-12-31,2019-04-20,8,https://static.cninfo.com.cn/finalpage/2019-04-20/1206063263.PDF
1207610850,601229.SH,上海银行,2019-12-31,2020-04-25,8,https://static.cninfo.com.cn/finalpage/2020-04-25/1207610850.PDF
1202179706,603885.SH,吉祥航空,2015-12-31,2016-04-15,8,https://static.cninfo.com.cn/finalpage/2016-04-15/1202179706.PDF
1203312644,603885.SH,吉祥航空,2016-12-31,2017-04-18,8,https://static.cninfo.com.cn/finalpage/2017-04-18/1203312644.PDF
1202134086,000826.SZ,启迪桑德,2015-12-31,2016-04-05,7,https://static.cninfo.com.cn/finalpage/2016-04-05/1202134086.PDF
1204703895,002736.SZ,国信证券,2017-12-31,2018-04-24,7,https://static.cninfo.com.cn/finalpage/2018-04-24/1204703895.PDF
1213175151,600000.SH,浦发银行,2021-12-31,2022-04-28,7,https://static.cninfo.com.cn/finalpage/2022-04-28/1213175151.PDF
1216456201,600000.SH,浦发银行,2022-12-31,2023-04-19,7,https://static.cninfo.com.cn/finalpage/2023-04-19/1216456201.PDF
1202066436,600446.SH,金证股份,2015-12-31,2016-03-23,7,https://static.cninfo.com.cn/finalpage/2016-03-23/1202066436.PDF
1203322978,600446.SH,金证股份,2016-12-31,2017-04-19,7,https://static.cninfo.com.cn/finalpage/2017-04-19/1203322978.PDF
1219833477,600919.SH,江苏银行,2023-12-31,2024-04-26,7,https://static.cninfo.com.cn/finalpage/2024-04-26/1219833477.PDF
1223143257,600919.SH,江苏银行,2024-12-31,2025-04-19,7,https://static.cninfo.com.cn/finalpage/2025-04-19/1223143257.PDF
1209842315,600926.SH,杭州银行,2020-12-31,2021-04-28,7,https://static.cninfo.com.cn/finalpage/2021-04-28/1209842315.PDF
1225119499,601878.SH,浙商证券,2025-12-31,2026-04-18,7,https://static.cninfo.com.cn/finalpage/2026-04-18/1225119499.PDF
1206062164,000783.SZ,长江证券,2018-12-31,2019-04-20,6,https://static.cninfo.com.cn/finalpage/2019-04-20/1206062164.PDF
1206062906,002310.SZ,东方园林,2018-12-31,2019-04-22,6,https://static.cninfo.com.cn/finalpage/2019-04-22/1206062906.PDF
1203407844,002411.SZ,必康股份,2016-12-31,2017-04-27,6,https://static.cninfo.com.cn/finalpage/2017-04-27/1203407844.PDF
1204641782,002411.SZ,必康股份,2017-12-31,2018-04-17,6,https://static.cninfo.com.cn/finalpage/2018-04-17/1204641782.PDF
1206068819,002945.SZ,华林证券,2018-12-31,2019-04-23,6,https://static.cninfo.com.cn/finalpage/2019-04-23/1206068819.PDF
1202219220,601258.SH,庞大集团,2015-12-31,2016-04-22,6,https://static.cninfo.com.cn/finalpage/2016-04-22/1202219220.PDF
1203335484,601258.SH,庞大集团,2016-12-31,2017-04-20,6,https://static.cninfo.com.cn/finalpage/2017-04-20/1203335484.PDF
1202180639,603000.SH,人民网,2015-12-31,2016-04-15,6,https://static.cninfo.com.cn/finalpage/2016-04-15/1202180639.PDF
1203335960,603000.SH,人民网,2016-12-31,2017-04-20,6,https://static.cninfo.com.cn/finalpage/2017-04-20/1203335960.PDF
1206071793,000415.SZ,渤海租赁,2018-12-31,2019-04-23,5,https://static.cninfo.com.cn/finalpage/2019-04-23/1206071793.PDF
1204680834,000750.SZ,国海证券,2017-12-31,2018-04-21,5,https://static.cninfo.com.cn/finalpage/2018-04-21/1204680834.PDF
1202219689,000917.SZ,电广传媒,2015-12-31,2016-04-22,5,https://static.cninfo.com.cn/finalpage/2016-04-22/1202219689.PDF
1203346148,000917.SZ,电广传媒,2016-12-31,2017-04-21,5,https://static.cninfo.com.cn/finalpage/2017-04-21/1203346148.PDF
1207470989,300059.SZ,东方财富,2019-12-31,2020-04-10,5,https://static.cninfo.com.cn/finalpage/2020-04-10/1207470989.PDF
1203428688,600015.SH,华夏银行,2016-12-31,2017-04-29,5,https://static.cninfo.com.cn/finalpage/2017-04-29/1203428688.PDF
1202260469,601009.SH,南京银行,2015-12-31,2016-04-28,5,https://static.cninfo.com.cn/finalpage/2016-04-28/1202260469.PDF
1203345378,601009.SH,南京银行,2016-12-31,2017-04-21,5,https://static.cninfo.com.cn/finalpage/2017-04-21/1203345378.PDF
1207691506,601198.SH,东兴证券,2019-12-31,2020-04-30,5,https://static.cninfo.com.cn/finalpage/2020-04-30/1207691506.PDF
1209756596,601198.SH,东兴证券,2020-12-31,2021-04-22,5,https://static.cninfo.com.cn/finalpage/2021-04-22/1209756596.PDF
1203361916,601229.SH,上海银行,2016-12-31,2017-04-24,5,https://static.cninfo.com.cn/finalpage/2017-04-24/1203361916.PDF
1213030184,601229.SH,上海银行,2021-12-31,2022-04-22,5,https://static.cninfo.com.cn/finalpage/2022-04-22/1213030184.PDF
1216524513,601377.SH,兴业证券,2022-12-31,2023-04-22,5,https://static.cninfo.com.cn/finalpage/2023-04-22/1216524513.PDF
1202181809,002310.SZ,东方园林,2015-12-31,2016-04-15,4,https://static.cninfo.com.cn/finalpage/2016-04-15/1202181809.PDF
1202188846,002736.SZ,国信证券,2015-12-31,2016-04-18,4,https://static.cninfo.com.cn/finalpage/2016-04-18/1202188846.PDF
1203323442,002736.SZ,国信证券,2016-12-31,2017-04-19,4,https://static.cninfo.com.cn/finalpage/2017-04-19/1203323442.PDF
1206070589,002939.SZ,长城证券,2018-12-31,2019-04-23,4,https://static.cninfo.com.cn/finalpage/2019-04-23/1206070589.PDF
1206058581,601555.SH,东吴证券,2018-12-31,2019-04-20,4,https://static.cninfo.com.cn/finalpage/2019-04-20/1206058581.PDF
1207599620,601555.SH,东吴证券,2019-12-31,2020-04-25,4,https://static.cninfo.com.cn/finalpage/2020-04-25/1207599620.PDF
1202197170,000778.SZ,新兴铸管,2015-12-31,2016-04-19,3,https://static.cninfo.com.cn/finalpage/2016-04-19/1202197170.PDF
1203378460,000778.SZ,新兴铸管,2016-12-31,2017-04-25,3,https://static.cninfo.com.cn/finalpage/2017-04-25/1203378460.PDF
1219915578,000876.SZ,新 希 望,2023-12-31,2024-04-30,3,https://static.cninfo.com.cn/finalpage/2024-04-30/1219915578.PDF
1202098108,000977.SZ,浪潮信息,2015-12-31,2016-03-30,3,https://static.cninfo.com.cn/finalpage/2016-03-30/1202098108.PDF
1203373289,000977.SZ,浪潮信息,2016-12-31,2017-04-25,3,https://static.cninfo.com.cn/finalpage/2017-04-25/1203373289.PDF
1202090009,002470.SZ,金正大,2015-12-31,2016-03-29,2,https://static.cninfo.com.cn/finalpage/2016-03-29/1202090009.PDF
1203177716,600919.SH,江苏银行,2016-12-31,2017-03-20,2,https://static.cninfo.com.cn/finalpage/2017-03-20/1203177716.PDF
1204741274,600919.SH,江苏银行,2017-12-31,2018-04-25,2,https://static.cninfo.com.cn/finalpage/2018-04-25/1204741274.PDF
1216586501,600919.SH,江苏银行,2022-12-31,2023-04-26,2,https://static.cninfo.com.cn/finalpage/2023-04-26/1216586501.PDF
1216586655,600926.SH,杭州银行,2022-12-31,2023-04-26,2,https://static.cninfo.com.cn/finalpage/2023-04-26/1216586655.PDF
1202265764,000651.SZ,格力电器,2015-12-31,2016-04-29,1,https://static.cninfo.com.cn/finalpage/2016-04-29/1202265764.PDF
1207658050,000783.SZ,长江证券,2019-12-31,2020-04-29,1,https://static.cninfo.com.cn/finalpage/2020-04-29/1207658050.PDF
1202113952,300133.SZ,华策影视,2015-12-31,2016-03-31,1,https://static.cninfo.com.cn/finalpage/2016-03-31/1202113952.PDF
1203377819,300133.SZ,华策影视,2016-12-31,2017-04-25,1,https://static.cninfo.com.cn/finalpage/2017-04-25/1203377819.PDF
