period,cost,date,own_cycle,own_entry_date,own_shares,single_entry_so_far,pure_learned_at_entry,reference_learning_status,status,own_prediction,reference_prediction,sign_disagreement,confirmed_exit_disagreement,own_log_holding_days,own_cycle_return,own_cycle_drawdown,own_entry_mode,own_mom5,own_mom20,own_sma120,own_vol20,own_negative_count,reference_negative_count,prediction_difference,entry_age_difference,return_input_difference,drawdown_input_difference
evaluation,BASE,2020-02-05,1,2020-02-05,52800,True,False,PREDICTION_AVAILABLE,NOT_COMPARABLE_MULTIPLE_FILLS_OR_OTHER_ENTRY,,0.005719816487448608,False,False,,,,,,,,,,,,,,
evaluation,BASE,2020-02-06,1,2020-02-05,52800,True,False,PREDICTION_AVAILABLE,NOT_COMPARABLE_MULTIPLE_FILLS_OR_OTHER_ENTRY,,0.005148054572524014,False,False,,,,,,,,,,,,,,
evaluation,BASE,2020-02-07,1,2020-02-05,52800,True,False,PREDICTION_AVAILABLE,NOT_COMPARABLE_MULTIPLE_FILLS_OR_OTHER_ENTRY,,0.016740230123023173,False,False,,,,,,,,,,,,,,
evaluation,BASE,2020-02-10,1,2020-02-05,52800,True,False,PREDICTION_AVAILABLE,NOT_COMPARABLE_MULTIPLE_FILLS_OR_OTHER_ENTRY,,0.05102766175568929,False,False,,,,,,,,,,,,,,
evaluation,BASE,2020-02-11,1,2020-02-05,52800,True,False,PREDICTION_AVAILABLE,NOT_COMPARABLE_MULTIPLE_FILLS_OR_OTHER_ENTRY,,0.037633513477146,False,False,,,,,,,,,,,,,,
evaluation,BASE,2020-02-12,1,2020-02-05,52800,True,False,PREDICTION_AVAILABLE,NOT_COMPARABLE_MULTIPLE_FILLS_OR_OTHER_ENTRY,,0.035263470595416214,False,False,,,,,,,,,,,,,,
evaluation,BASE,2020-02-13,1,2020-02-05,52800,True,False,PREDICTION_AVAILABLE,NOT_COMPARABLE_MULTIPLE_FILLS_OR_OTHER_ENTRY,,0.01971142949280985,False,False,,,,,,,,,,,,,,
evaluation,BASE,2020-02-14,1,2020-02-05,52800,True,False,PREDICTION_AVAILABLE,NOT_COMPARABLE_MULTIPLE_FILLS_OR_OTHER_ENTRY,,0.023555114889319974,False,False,,,,,,,,,,,,,,
evaluation,BASE,2020-02-17,1,2020-02-05,52800,True,False,PREDICTION_AVAILABLE,NOT_COMPARABLE_MULTIPLE_FILLS_OR_OTHER_ENTRY,,0.026000951376583977,False,False,,,,,,,,,,,,,,
evaluation,BASE,2020-02-18,1,2020-02-05,4900,False,False,PREDICTION_AVAILABLE,NOT_COMPARABLE_MULTIPLE_FILLS_OR_OTHER_ENTRY,,0.02122471200301909,False,False,,,,,,,,,,,,,,
evaluation,BASE,2020-02-19,1,2020-02-05,4900,False,False,PREDICTION_AVAILABLE,NOT_COMPARABLE_MULTIPLE_FILLS_OR_OTHER_ENTRY,,0.015980943045507318,False,False,,,,,,,,,,,,,,
evaluation,BASE,2020-02-20,1,2020-02-05,4900,False,False,PREDICTION_AVAILABLE,NOT_COMPARABLE_MULTIPLE_FILLS_OR_OTHER_ENTRY,,0.020816778675284923,False,False,,,,,,,,,,,,,,
evaluation,BASE,2020-02-21,1,2020-02-05,4900,False,False,PREDICTION_AVAILABLE,NOT_COMPARABLE_MULTIPLE_FILLS_OR_OTHER_ENTRY,,0.017526508141620538,False,False,,,,,,,,,,,,,,
evaluation,BASE,2020-02-24,1,2020-02-05,4900,False,False,PREDICTION_AVAILABLE,NOT_COMPARABLE_MULTIPLE_FILLS_OR_OTHER_ENTRY,,0.005294276744436537,False,False,,,,,,,,,,,,,,
evaluation,BASE,2020-02-25,1,2020-02-05,4900,False,False,PREDICTION_AVAILABLE,NOT_COMPARABLE_MULTIPLE_FILLS_OR_OTHER_ENTRY,,0.008260705553494051,False,False,,,,,,,,,,,,,,
evaluation,BASE,2020-02-26,1,2020-02-05,4900,False,False,PREDICTION_AVAILABLE,NOT_COMPARABLE_MULTIPLE_FILLS_OR_OTHER_ENTRY,,0.001181635235215848,False,False,,,,,,,,,,,,,,
evaluation,BASE,2020-02-27,1,2020-02-05,4900,False,False,PREDICTION_AVAILABLE,NOT_COMPARABLE_MULTIPLE_FILLS_OR_OTHER_ENTRY,,-0.008202097604523256,False,False,,,,,,,,,,,,,,
evaluation,BASE,2020-02-28,1,2020-02-05,4900,False,False,PREDICTION_AVAILABLE,NOT_COMPARABLE_MULTIPLE_FILLS_OR_OTHER_ENTRY,,-0.027561035829298582,False,False,,,,,,,,,,,,,,
evaluation,BASE,2020-08-19,2,2020-08-19,100,True,True,PREDICTION_AVAILABLE,COMPARABLE_SAVED_MODEL_AND_SINGLE_ACTUAL_ENTRY,0.04720993231685713,0.04633675419296319,False,False,0.6931471805599453,-0.025609756097561,-0.025609756097561,1.0,0.019377185894314676,0.00041727519904429314,0.15726519453714793,0.24239528660308174,0.0,0.0,0.000873178123893939,0.0,-0.009807167128701777,-0.009807167128701777
evaluation,BASE,2020-08-20,2,2020-08-19,100,True,True,PREDICTION_AVAILABLE,COMPARABLE_SAVED_MODEL_AND_SINGLE_ACTUAL_ENTRY,0.0383673772459491,0.03750348825103273,False,False,1.0986122886681098,-0.03597560975609759,-0.03597560975609759,1.0,0.011877127954875544,-0.00483753178110569,0.1434058693066762,0.2445871947734513,0.0,0.0,0.0008638889949163717,0.0,-0.009702835563503043,-0.009702835563503043
evaluation,BASE,2020-08-21,2,2020-08-19,100,True,True,PREDICTION_AVAILABLE,COMPARABLE_SAVED_MODEL_AND_SINGLE_ACTUAL_ENTRY,0.02961898236017159,0.028747807773900257,False,False,1.3862943611198906,-0.02784552845528454,-0.02784552845528454,1.0,0.0010459157945421384,0.04906199705661202,0.15140183916162475,0.18414854185117052,0.0,0.0,0.0008711745862713324,0.0,-0.009784664242090346,-0.009784664242090346
evaluation,BASE,2020-08-24,2,2020-08-19,100,True,True,PREDICTION_AVAILABLE,COMPARABLE_SAVED_MODEL_AND_SINGLE_ACTUAL_ENTRY,0.020430856598728085,0.01955421781894052,False,False,1.6094379124341003,-0.02174796747967489,-0.02174796747967489,1.0,-0.013209686406943151,0.04918500628966871,0.15658191954630651,0.1841800861356856,0.0,0.0,0.0008766387797875669,0.0,-0.009846035751030935,-0.009846035751030935
evaluation,BASE,2020-08-25,2,2020-08-19,100,True,True,PREDICTION_AVAILABLE,COMPARABLE_SAVED_MODEL_AND_SINGLE_ACTUAL_ENTRY,0.0194762874226549,0.018598009384812465,False,False,1.791759469228055,-0.01991869918699185,-0.01991869918699185,1.0,-0.009905157335518888,0.04344363623412773,0.15701620030633046,0.18323216669986336,0.0,0.0,0.0008782780378424337,0.0,-0.009864447203713045,-0.009864447203713045
evaluation,BASE,2020-08-26,2,2020-08-19,100,True,True,PREDICTION_AVAILABLE,COMPARABLE_SAVED_MODEL_AND_SINGLE_ACTUAL_ENTRY,0.03012012429448415,0.029252592503890312,False,False,1.9459101490553132,-0.03191056910569101,-0.03191056910569101,1.0,-0.006487414193469061,0.0029436522517387563,0.14128481401905768,0.1622898919550476,0.0,0.0,0.0008675317905938382,0.0,-0.009743749902796583,-0.009743749902796583
evaluation,BASE,2020-08-27,2,2020-08-19,100,True,True,PREDICTION_AVAILABLE,COMPARABLE_SAVED_MODEL_AND_SINGLE_ACTUAL_ENTRY,0.030777598141927563,0.029903509319114237,False,False,2.0794415416798357,-0.024593495934959297,-0.024593495934959297,1.0,0.011737715980664032,0.017870758362169344,0.1483127650792324,0.16172917100712872,0.0,0.0,0.0008740888228133264,0.0,-0.009817395713525356,-0.009817395713525356
evaluation,BASE,2020-08-28,2,2020-08-19,100,True,True,PREDICTION_AVAILABLE,COMPARABLE_SAVED_MODEL_AND_SINGLE_ACTUAL_ENTRY,0.026432877184991196,0.027322001513469883,False,False,2.1972245773362196,-0.0006097560975609762,-0.0006097560975609762,1.0,0.027630623731642545,0.03455397038325276,0.17486828429088574,0.18034125938561651,0.0,0.0,-0.0008891243284786868,0.0,-0.01005879031535828,-0.0006097560975609762
evaluation,BASE,2020-08-31,2,2020-08-19,100,True,True,PREDICTION_AVAILABLE,COMPARABLE_SAVED_MODEL_AND_SINGLE_ACTUAL_ENTRY,0.025252840588577484,0.026134189373813434,False,False,2.302585092994046,-0.009349593495935005,-0.009349593495935005,1.0,0.01259436488204226,0.01010422041206547,0.16285034326034697,0.17623489209100832,0.0,0.0,-0.0008813487852359497,0.0,-0.009970824485876606,-0.0006044236769394695
evaluation,BASE,2020-09-01,2,2020-08-19,100,True,True,PREDICTION_AVAILABLE,COMPARABLE_SAVED_MODEL_AND_SINGLE_ACTUAL_ENTRY,0.023471529280752315,0.02435902616994761,False,False,2.3978952727983707,-0.0024390243902439046,-0.0024390243902439046,1.0,0.017677747089685697,0.01622711995726058,0.16882884921083852,0.17764317544173555,0.0,0.0,-0.0008874968891952953,0.0,-0.01004037886267617,-0.0006086400095240974
evaluation,BASE,2020-09-02,2,2020-08-19,100,True,True,PREDICTION_AVAILABLE,COMPARABLE_SAVED_MODEL_AND_SINGLE_ACTUAL_ENTRY,0.026018728692785972,0.026905502275633125,False,False,2.4849066497880004,-0.003252032520325243,-0.003252032520325243,1.0,0.029173476815186967,0.01499771306164082,0.1659649505166283,0.17773507024178073,0.0,0.0,-0.0008867735828471529,0.0,-0.010032195994817417,-0.0006081439703964353
evaluation,BASE,2020-09-03,2,2020-08-19,100,True,True,PREDICTION_AVAILABLE,COMPARABLE_SAVED_MODEL_AND_SINGLE_ACTUAL_ENTRY,0.02073497309663102,0.02161813014773737,False,False,2.5649493574615367,-0.007317073170731603,-0.007317073170731603,1.0,0.017556993372349776,0.014643965927486364,0.1592047279603157,0.1778538419010834,0.0,0.0,-0.0008831570511063508,0.0,-0.009991281655523543,-0.0006056637747584581
evaluation,BASE,2020-09-04,2,2020-08-19,100,True,True,PREDICTION_AVAILABLE,COMPARABLE_SAVED_MODEL_AND_SINGLE_ACTUAL_ENTRY,0.007642744116740359,0.008515955705559478,False,False,2.6390573296152584,-0.018495934959349647,-0.018495934959349647,1.0,-0.01805918153839746,0.013341869785239723,0.1441568980529906,0.17890058365775777,0.0,0.0,-0.0008732115888191189,0.0,-0.009878767222465834,-0.0005988432367544094
evaluation,BASE,2020-09-07,2,2020-08-19,100,True,True,PREDICTION_AVAILABLE,COMPARABLE_SAVED_MODEL_AND_SINGLE_ACTUAL_ENTRY,0.005297319971700232,0.006152991381576397,False,False,2.70805020110221,-0.038211382113821024,-0.038211382113821024,1.0,-0.029567009086874013,-0.010301783527825594,0.1193111931119315,0.1925792705955411,0.0,0.0,-0.0008556714098761648,0.0,-0.009680332676891279,-0.0005868142879109639
evaluation,BASE,2020-09-08,2,2020-08-19,100,True,True,PREDICTION_AVAILABLE,COMPARABLE_SAVED_MODEL_AND_SINGLE_ACTUAL_ENTRY,0.0006847132427617586,0.0015447244907269043,False,False,2.772588722239781,-0.033333333333333326,-0.033333333333333326,1.0,-0.03145954802012964,0.0046364677367434805,0.12270872758890672,0.1902893660694335,0.0,0.0,-0.0008600112479651457,0.0,-0.009729429884043794,-0.0005897905226763811
evaluation,BASE,2020-09-09,2,2020-08-19,100,True,True,PREDICTION_AVAILABLE,COMPARABLE_SAVED_MODEL_AND_SINGLE_ACTUAL_ENTRY,-0.007022831175575006,-0.00618289167877136,False,False,2.833213344056216,-0.055894308943089555,-0.055894308943089555,1.0,-0.05425982636810856,-0.012196577852075847,0.0944562472756405,0.20620061074738225,1.0,1.0,-0.0008399394968036464,0.0,-0.009502355300963772,-0.000576025436886396
evaluation,BASE,2020-09-10,2,2020-08-19,100,True,True,PREDICTION_AVAILABLE,COMPARABLE_SAVED_MODEL_AND_SINGLE_ACTUAL_ENTRY,-0.007247037354479659,-0.00640637455132787,False,False,2.8903717578961645,-0.055081300813008216,-0.055081300813008216,1.0,-0.049312413540010626,-0.008140576232121145,0.09321356346705567,0.20601547003159343,2.0,2.0,-0.0008406628031517888,0.0,-0.009510538168822524,-0.000576521476014058
evaluation,BASE,2021-07-29,3,2021-07-29,43500,True,False,,NOT_COMPARABLE_MULTIPLE_FILLS_OR_OTHER_ENTRY,,,False,False,,,,,,,,,,,,,,
evaluation,BASE,2021-07-30,3,2021-07-29,43500,True,False,,NOT_COMPARABLE_MULTIPLE_FILLS_OR_OTHER_ENTRY,,,False,False,,,,,,,,,,,,,,
evaluation,BASE,2021-08-02,3,2021-07-29,43500,True,False,,NOT_COMPARABLE_MULTIPLE_FILLS_OR_OTHER_ENTRY,,,False,False,,,,,,,,,,,,,,
evaluation,BASE,2021-08-03,3,2021-07-29,43500,True,False,,NOT_COMPARABLE_MULTIPLE_FILLS_OR_OTHER_ENTRY,,,False,False,,,,,,,,,,,,,,
evaluation,BASE,2021-08-04,3,2021-07-29,43500,True,False,,NOT_COMPARABLE_MULTIPLE_FILLS_OR_OTHER_ENTRY,,,False,False,,,,,,,,,,,,,,
evaluation,BASE,2021-08-05,3,2021-07-29,43500,True,False,,NOT_COMPARABLE_MULTIPLE_FILLS_OR_OTHER_ENTRY,,,False,False,,,,,,,,,,,,,,
evaluation,BASE,2021-08-06,3,2021-07-29,43500,True,False,,NOT_COMPARABLE_MULTIPLE_FILLS_OR_OTHER_ENTRY,,,False,False,,,,,,,,,,,,,,
evaluation,BASE,2021-08-09,3,2021-07-29,43500,True,False,,NOT_COMPARABLE_MULTIPLE_FILLS_OR_OTHER_ENTRY,,,False,False,,,,,,,,,,,,,,
evaluation,BASE,2021-08-10,3,2021-07-29,43500,True,False,,NOT_COMPARABLE_MULTIPLE_FILLS_OR_OTHER_ENTRY,,,False,False,,,,,,,,,,,,,,
evaluation,BASE,2021-10-29,4,2021-10-29,4700,True,True,PREDICTION_AVAILABLE,COMPARABLE_SAVED_MODEL_AND_SINGLE_ACTUAL_ENTRY,0.011017309419549091,0.011020473621220774,False,False,0.6931471805599453,0.006249650767452097,0.0,1.0,-0.010981442090954429,0.0100888668491573,-0.018049734929941774,0.12032561402138468,0.0,0.0,-3.1642016716827703e-06,0.0,-1.5049010313017419e-05,0.0
evaluation,BASE,2021-11-01,4,2021-10-29,4700,True,True,PREDICTION_AVAILABLE,COMPARABLE_SAVED_MODEL_AND_SINGLE_ACTUAL_ENTRY,0.008406000889186603,0.008409154926789496,False,False,1.0986122886681098,0.00301736921509721,-0.00321220638426023,1.0,-0.017568828812635724,0.00040290089183215357,-0.02094178892569809,0.11893297638570284,0.0,0.0,-3.1540376028930256e-06,0.0,-1.5000669786102705e-05,0.0
evaluation,BASE,2021-11-02,4,2021-10-29,4700,True,True,PREDICTION_AVAILABLE,COMPARABLE_SAVED_MODEL_AND_SINGLE_ACTUAL_ENTRY,0.005566965875491809,0.0055700868798710685,False,False,1.3862943611198906,-0.007487545830055842,-0.013651877133105783,1.0,-0.024727362995589537,-0.008310577880656509,-0.030960098356991095,0.12435064919854139,0.0,0.0,-3.1210043792591347e-06,0.0,-1.4843563073352328e-05,0.0
evaluation,BASE,2021-11-03,4,2021-10-29,4700,True,True,PREDICTION_AVAILABLE,COMPARABLE_SAVED_MODEL_AND_SINGLE_ACTUAL_ENTRY,0.004225900603822103,0.004229008903115361,False,False,1.6094379124341003,-0.011527897770499451,-0.0176671351134311,1.0,-0.015614227801550994,-0.005706149576854702,-0.03473513412210327,0.12300457215554816,0.0,0.0,-3.1082992932585096e-06,0.0,-1.4783137414764447e-05,-1.1102230246251565e-16
evaluation,BASE,2021-11-04,4,2021-10-29,4700,True,True,PREDICTION_AVAILABLE,COMPARABLE_SAVED_MODEL_AND_SINGLE_ACTUAL_ENTRY,0.003097468367668719,0.003100606523914109,False,False,1.791759469228055,-0.0020330707104569967,-0.008231278859666569,1.0,-0.0018202047699178853,0.0010126583143864158,-0.025368692764250245,0.12734649339491194,0.0,0.0,-3.1381562453896422e-06,0.0,-1.4925137712729075e-05,0.0
evaluation,BASE,2021-11-05,4,2021-10-29,4700,True,True,PREDICTION_AVAILABLE,COMPARABLE_SAVED_MODEL_AND_SINGLE_ACTUAL_ENTRY,0.005867750500686171,0.0058708778576084305,False,False,1.9459101490553132,-0.0054673698598342035,-0.011644248142943292,1.0,-0.011712573315082823,-0.016719092233518956,-0.02855977688907596,0.11647591719952455,0.0,0.0,-3.127356922259447e-06,0.0,-1.4873775902812802e-05,-1.1102230246251565e-16
evaluation,BASE,2021-11-08,4,2021-10-29,4700,True,True,PREDICTION_AVAILABLE,COMPARABLE_SAVED_MODEL_AND_SINGLE_ACTUAL_ENTRY,0.00511974516742506,0.0051228699833301555,False,False,2.0794415416798357,-0.006275440247922925,-0.012447299739008266,1.0,-0.009308039683933242,-0.01733215495398119,-0.029130365416593418,0.11645459827820859,0.0,0.0,-3.1248159050954044e-06,0.0,-1.4861690771028613e-05,1.1102230246251565e-16
evaluation,BASE,2021-11-09,4,2021-10-29,4700,True,True,PREDICTION_AVAILABLE,COMPARABLE_SAVED_MODEL_AND_SINGLE_ACTUAL_ENTRY,0.003373323260810848,0.003376446806207318,False,False,2.1972245773362196,-0.006679475441967231,-0.01284882553704092,1.0,0.0008138352432910411,-0.007294865176298401,-0.02939100882207324,0.11108085905394814,0.0,0.0,-3.123545396470015e-06,0.0,-1.485564820524754e-05,-1.1102230246251565e-16
evaluation,BASE,2021-11-10,4,2021-10-29,4700,True,True,PREDICTION_AVAILABLE,COMPARABLE_SAVED_MODEL_AND_SINGLE_ACTUAL_ENTRY,0.007629354783905279,0.0076324624479442455,False,False,2.302585092994046,-0.011729915367521548,-0.01786789801244726,1.0,-0.00020439448206054436,-0.02363507655055384,-0.03395252702115592,0.10357030659225237,0.0,0.0,-3.1076640389666316e-06,0.0,-1.478011613187391e-05,-1.1102230246251565e-16
evaluation,BASE,2021-11-11,4,2021-10-29,4700,True,True,PREDICTION_AVAILABLE,COMPARABLE_SAVED_MODEL_AND_SINGLE_ACTUAL_ENTRY,0.0006009477727470331,0.0006041062571300075,False,False,2.3978952727983707,0.004431492394252556,-0.0018068660911463308,1.0,0.006456842448633395,-0.002009243191524082,-0.01780540483590598,0.11876167216088612,0.0,0.0,-3.158484382974336e-06,0.0,-1.5021818766669526e-05,-1.1102230246251565e-16
evaluation,BASE,2021-11-12,4,2021-10-29,4700,True,True,PREDICTION_AVAILABLE,COMPARABLE_SAVED_MODEL_AND_SINGLE_ACTUAL_ENTRY,0.002051476139278103,0.002054633353152518,False,False,2.4849066497880004,0.00402745720020814,-0.0022083918891788734,1.0,0.009501739332473669,-0.007217352901045377,-0.017844791810762595,0.11740436405852737,0.0,0.0,-3.157213874414866e-06,0.0,-1.5015776200888453e-05,0.0
evaluation,BASE,2021-11-15,4,2021-10-29,4700,True,True,PREDICTION_AVAILABLE,COMPARABLE_SAVED_MODEL_AND_SINGLE_ACTUAL_ENTRY,-0.0014093475756635932,-0.0014061941733149712,False,False,2.5649493574615367,0.0028153516180751126,-0.0034129692832763903,1.0,0.009106609529158047,0.0032284128121190434,-0.018687893724136484,0.11005557817664734,1.0,1.0,-3.1534023486219642e-06,0.0,-1.4997648503323191e-05,0.0
evaluation,BASE,2021-11-16,4,2021-10-29,4700,True,True,PREDICTION_AVAILABLE,COMPARABLE_SAVED_MODEL_AND_SINGLE_ACTUAL_ENTRY,0.0014203450833771506,0.001423495944708567,False,False,2.6390573296152584,0.0020072812299862797,-0.0042160208793414755,1.0,0.008707152307033634,-0.00703167136368104,-0.01910697864514177,0.10465312160545086,0.0,0.0,-3.150861331416288e-06,0.0,-1.4985563371539001e-05,0.0
evaluation,BASE,2021-11-17,4,2021-10-29,4700,True,True,PREDICTION_AVAILABLE,COMPARABLE_SAVED_MODEL_AND_SINGLE_ACTUAL_ENTRY,0.0009325077141845526,0.0009356579402616059,False,False,2.70805020110221,0.0018052636329641825,-0.004416783778357858,1.0,0.013602889682070646,-0.004426566584149799,-0.01902020711551622,0.1042607237590676,0.0,0.0,-3.1502260770532864e-06,0.0,-1.4982542088315398e-05,0.0
evaluation,BASE,2021-11-18,4,2021-10-29,4700,True,True,PREDICTION_AVAILABLE,COMPARABLE_SAVED_MODEL_AND_SINGLE_ACTUAL_ENTRY,-0.001461015365340791,-0.0014578930904529499,False,False,2.772588722239781,-0.007083510636011536,-0.013250351335073351,1.0,-0.011530420049334928,-0.017745978906938308,-0.027326549796329425,0.10697833405091847,1.0,1.0,-3.122274887841156e-06,0.0,-1.4849605639244423e-05,-1.1102230246251565e-16
evaluation,BASE,2021-11-19,4,2021-10-29,4700,True,True,PREDICTION_AVAILABLE,COMPARABLE_SAVED_MODEL_AND_SINGLE_ACTUAL_ENTRY,-0.0010875336643033258,-0.001084376450428911,False,False,2.833213344056216,0.00402745720020814,-0.0022083918891788734,1.0,-8.673617379884035e-18,-0.013192276073563537,-0.015862696014772304,0.11212879403205009,2.0,2.0,-3.157213874414866e-06,0.0,-1.5015776200888453e-05,0.0
evaluation,BASE,2021-11-25,5,2021-11-25,4600,True,True,PREDICTION_AVAILABLE,COMPARABLE_SAVED_MODEL_AND_SINGLE_ACTUAL_ENTRY,0.017942457365560757,0.017942638793285504,False,False,0.6931471805599453,-0.004815381406022001,-0.004815381406022001,1.0,0.01273645034627046,0.005842667975651102,-0.011994469180234835,0.10141106673408544,0.0,0.0,-1.814277247463858e-07,0.0,-1.7260846170596977e-05,-1.7260846170596977e-05
evaluation,BASE,2021-11-26,5,2021-11-25,4600,True,True,PREDICTION_AVAILABLE,COMPARABLE_SAVED_MODEL_AND_SINGLE_ACTUAL_ENTRY,0.013741999365855065,0.013742179262851718,False,False,1.0986122886681098,-0.013211876781865084,-0.013211876781865084,1.0,-0.0068645535054505345,-0.00907538748805964,-0.019665608521653444,0.10312846950341714,0.0,0.0,-1.7989699665349468e-07,0.0,-1.7115214282603652e-05,-1.7115214282603652e-05
evaluation,BASE,2021-11-29,5,2021-11-25,4600,True,True,PREDICTION_AVAILABLE,COMPARABLE_SAVED_MODEL_AND_SINGLE_ACTUAL_ENTRY,0.009344788217518949,0.009344967859394251,False,False,1.3862943611198906,-0.014611292677838894,-0.014611292677838894,1.0,-0.010895991576026675,-0.007277169773895139,-0.020449531985929803,0.10270057182855537,0.0,0.0,-1.7964187530236653e-07,0.0,-1.7090942301178913e-05,-1.7090942301178913e-05
evaluation,BASE,2021-11-30,5,2021-11-25,4600,True,True,PREDICTION_AVAILABLE,COMPARABLE_SAVED_MODEL_AND_SINGLE_ACTUAL_ENTRY,0.0044576028045264626,0.00445778179037544,False,False,1.6094379124341003,-0.018209790696057437,-0.018209790696057437,1.0,-0.015156398044258567,-0.00040716612940379544,-0.02345905477756427,0.09669620154545933,0.0,0.0,-1.7898584897708958e-07,0.0,-1.7028528634721596e-05,-1.7028528634721596e-05
evaluation,BASE,2021-12-01,5,2021-11-25,4600,True,True,PREDICTION_AVAILABLE,COMPARABLE_SAVED_MODEL_AND_SINGLE_ACTUAL_ENTRY,0.0007872408322965622,0.0007874202919423284,False,False,1.791759469228055,-0.015610875460677298,-0.015610875460677298,1.0,-0.014716524039860839,0.006315596015220643,-0.02027172669480981,0.0959163739396812,0.0,0.0,-1.7945964576621815e-07,0.0,-1.7073605171558093e-05,-1.7073605171558093e-05
evaluation,BASE,2021-12-02,5,2021-11-25,4600,True,True,PREDICTION_AVAILABLE,COMPARABLE_SAVED_MODEL_AND_SINGLE_ACTUAL_ENTRY,0.003404164886593659,0.0034043447106984984,False,False,1.9459101490553132,-0.013611709895000379,-0.013611709895000379,1.0,-0.008878185838235197,-0.001215313092666212,-0.01770382794885439,0.09002869894740669,0.0,0.0,-1.7982410483938227e-07,0.0,-1.710827943068871e-05,-1.710827943068871e-05
evaluation,BASE,2021-12-03,5,2021-11-25,4600,True,True,PREDICTION_AVAILABLE,COMPARABLE_SAVED_MODEL_AND_SINGLE_ACTUAL_ENTRY,0.0017318659243377096,0.0017320473885083579,False,False,2.0794415416798357,-0.004615464849454187,-0.004615464849454187,1.0,0.008673781056959047,0.01131096688398223,-0.008303968742686463,0.09448642587215185,0.0,0.0,-1.8146417064823783e-07,0.0,-1.7264313596498937e-05,-1.7264313596498937e-05
evaluation,BASE,2021-12-06,5,2021-11-25,4600,True,True,PREDICTION_AVAILABLE,COMPARABLE_SAVED_MODEL_AND_SINGLE_ACTUAL_ENTRY,0.0006064113251958428,0.0006065926071369557,False,False,2.1972245773362196,-0.005615047632292591,-0.005615047632292591,1.0,0.009088217657972224,0.01111908756801033,-0.008837566132294583,0.09452483815287625,0.0,0.0,-1.812819411129568e-07,0.0,-1.724697646698914e-05,-1.724697646698914e-05
evaluation,BASE,2021-12-07,5,2021-11-25,4600,True,True,PREDICTION_AVAILABLE,COMPARABLE_SAVED_MODEL_AND_SINGLE_ACTUAL_ENTRY,-0.0003226992094734916,-0.0003225169070469828,False,False,2.302585092994046,-1.7384048397239837e-05,-1.7384048397239837e-05,1.0,0.01836024539831988,0.017139244025625045,-0.002782784944718175,0.0960471873299573,1.0,1.0,-1.823024265087958e-07,0.0,-1.734406439235503e-05,-1.734406439235503e-05
evaluation,BASE,2021-12-08,5,2021-11-25,4600,True,True,PREDICTION_AVAILABLE,COMPARABLE_SAVED_MODEL_AND_SINGLE_ACTUAL_ENTRY,-0.002161774166353936,-0.002158074914768878,False,False,2.3978952727983707,0.01437660802447649,0.0,1.0,0.03000825285488299,0.036528243352164175,0.011850455920990433,0.10420566518975907,2.0,2.0,-3.6992515850577112e-06,0.0,-1.759371905785123e-05,0.0
evaluation,BASE,2022-05-13,6,2022-05-13,12100,True,True,PREDICTION_AVAILABLE,COMPARABLE_SAVED_MODEL_AND_SINGLE_ACTUAL_ENTRY,0.015926170197036932,0.015926170197036932,False,False,0.6931471805599453,-0.0022045716170048246,-0.0022045716170048246,1.0,0.02003871744352678,-0.04637160957280389,-0.12324491819410288,0.26872034646352655,0.0,0.0,0.0,0.0,0.0,0.0
evaluation,BASE,2022-05-16,6,2022-05-13,12100,True,True,PREDICTION_AVAILABLE,COMPARABLE_SAVED_MODEL_AND_SINGLE_ACTUAL_ENTRY,0.011229838117241694,0.011229838117241694,False,False,1.0986122886681098,-0.009972441601905246,-0.009972441601905246,1.0,0.020455839833742773,-0.04648550133734196,-0.1285639292470273,0.2687500888721806,0.0,0.0,0.0,0.0,-1.1102230246251565e-16,-1.1102230246251565e-16
evaluation,BASE,2022-05-17,6,2022-05-13,12100,True,True,PREDICTION_AVAILABLE,COMPARABLE_SAVED_MODEL_AND_SINGLE_ACTUAL_ENTRY,0.00823502091380079,0.00823502091380079,False,False,1.3862943611198906,0.0023058045032597896,0.0,1.0,0.02122363645162677,-0.044734331340170866,-0.11631524982497654,0.2698935960897363,0.0,0.0,0.0,0.0,0.0,0.0
evaluation,BASE,2022-05-18,6,2022-05-13,12100,True,True,PREDICTION_AVAILABLE,COMPARABLE_SAVED_MODEL_AND_SINGLE_ACTUAL_ENTRY,0.0020712547553889456,0.0020712547553889734,False,False,1.6094379124341003,-0.0012022658125016017,-0.0034999999999998366,1.0,0.0037702696414886297,-0.04776223058382512,-0.11795092931660467,0.26986843635335717,0.0,0.0,-2.7755575615628914e-17,0.0,0.0,1.1102230246251565e-16
evaluation,BASE,2022-05-19,6,2022-05-13,12100,True,True,PREDICTION_AVAILABLE,COMPARABLE_SAVED_MODEL_AND_SINGLE_ACTUAL_ENTRY,-0.00027604425816742367,-0.00027604425816742367,False,False,1.791759469228055,0.001052922247630761,-0.0012499999999999734,1.0,0.011074867788984236,-0.04071185078256632,-0.11451032996143062,0.27013489106600264,1.0,1.0,0.0,0.0,0.0,0.0
evaluation,BASE,2022-05-20,6,2022-05-13,12100,True,True,PREDICTION_AVAILABLE,COMPARABLE_SAVED_MODEL_AND_SINGLE_ACTUAL_ENTRY,-0.003041708459358187,-0.003041708459358187,False,False,1.9459101490553132,0.02210134414219911,0.0,1.0,0.024067654693416603,-0.013393600924155542,-0.09462069802630357,0.2809082424793727,2.0,2.0,0.0,0.0,0.0,0.0
evaluation,BASE,2022-06-08,7,2022-06-08,10100,True,True,PREDICTION_AVAILABLE,COMPARABLE_SAVED_MODEL_AND_SINGLE_ACTUAL_ENTRY,-0.004112002241604027,-0.004112002241604027,False,False,0.6931471805599453,0.008394309676746703,0.0,1.0,0.03248210502145491,0.07571182173569621,-0.045269927948579536,0.1582138282119865,1.0,1.0,0.0,0.0,0.0,0.0
evaluation,BASE,2022-06-09,7,2022-06-08,10100,True,True,PREDICTION_AVAILABLE,COMPARABLE_SAVED_MODEL_AND_SINGLE_ACTUAL_ENTRY,-0.003946323038338763,-0.003946323038338781,False,False,1.0986122886681098,0.00027749941893229213,-0.00804924242424232,1.0,0.025868721596607486,0.053682781784931646,-0.05164235563293973,0.15873163968153148,2.0,2.0,1.734723475976807e-17,0.0,2.220446049250313e-16,1.1102230246251565e-16
evaluation,BASE,2022-08-10,8,2022-08-10,16800,True,True,PREDICTION_AVAILABLE,COMPARABLE_SAVED_MODEL_AND_SINGLE_ACTUAL_ENTRY,0.029439029090610972,0.029439029090610965,False,False,0.6931471805599453,-0.009472778452632946,-0.009472778452632946,1.0,0.010617860370513096,-0.04528633041747523,-0.016223109075023223,0.13870103793391544,0.0,0.0,6.938893903907228e-18,0.0,-1.1102230246251565e-16,-1.1102230246251565e-16
evaluation,BASE,2022-08-11,8,2022-08-10,16800,True,True,PREDICTION_AVAILABLE,COMPARABLE_SAVED_MODEL_AND_SINGLE_ACTUAL_ENTRY,0.0231930751506909,0.0231930751506909,False,False,1.0986122886681098,0.011450504191670374,0.0,1.0,0.024028752129428947,-0.024612340582897657,0.005261831243304149,0.16070504877277653,0.0,0.0,0.0,0.0,0.0,0.0
evaluation,BASE,2022-08-12,8,2022-08-10,16800,True,True,PREDICTION_AVAILABLE,COMPARABLE_SAVED_MODEL_AND_SINGLE_ACTUAL_ENTRY,0.011874741579609452,0.011874741579609452,False,False,1.3862943611198906,0.011688268767173993,0.0,1.0,0.008733679968754566,-0.009356793410881172,0.006221388412097184,0.15265920221826115,0.0,0.0,0.0,0.0,0.0,0.0
evaluation,BASE,2022-08-15,8,2022-08-10,16800,True,True,PREDICTION_AVAILABLE,COMPARABLE_SAVED_MODEL_AND_SINGLE_ACTUAL_ENTRY,0.013911206959952713,0.013911206959952755,False,False,1.6094379124341003,0.009310623012139363,-0.002350176263219761,1.0,0.009705366748606106,-0.022362916554145785,0.00464653955080796,0.14719080105370974,0.0,0.0,-4.163336342344337e-17,0.0,-2.220446049250313e-16,0.0
evaluation,BASE,2022-08-16,8,2022-08-10,16800,True,True,PREDICTION_AVAILABLE,COMPARABLE_SAVED_MODEL_AND_SINGLE_ACTUAL_ENTRY,0.009913994895596925,0.009913994895596943,False,False,1.791759469228055,0.006932977257104955,-0.004700352526439522,1.0,0.005683178924227168,-0.019640565874546084,0.003055351602283096,0.1465546716796223,0.0,0.0,-1.734723475976807e-17,0.0,-2.220446049250313e-16,-1.1102230246251565e-16
evaluation,BASE,2022-08-17,8,2022-08-10,16800,True,True,PREDICTION_AVAILABLE,COMPARABLE_SAVED_MODEL_AND_SINGLE_ACTUAL_ENTRY,0.012322606443476668,0.012322606443476668,False,False,1.9459101490553132,0.016681324852746426,0.0,1.0,0.026061650324018464,-0.012780469069690843,0.01334818439808716,0.15069364804422825,0.0,0.0,0.0,0.0,0.0,0.0
evaluation,BASE,2022-08-18,8,2022-08-10,16800,True,True,PREDICTION_AVAILABLE,COMPARABLE_SAVED_MODEL_AND_SINGLE_ACTUAL_ENTRY,0.0024931694275759763,0.0024931694275759503,False,False,2.0794415416798357,0.007884035559118763,-0.008652946679139517,1.0,-0.0035323244075453463,-0.01102650468088507,0.005326244849155115,0.14937062183177308,0.0,0.0,2.6020852139652106e-17,0.0,0.0,-1.1102230246251565e-16
evaluation,BASE,2022-08-19,8,2022-08-10,16800,True,True,PREDICTION_AVAILABLE,COMPARABLE_SAVED_MODEL_AND_SINGLE_ACTUAL_ENTRY,0.0013355146931593974,0.0013355146931593974,False,False,2.1972245773362196,0.0007510982940153177,-0.01566884939195523,1.0,-0.01086967223690404,-0.018828515746309775,-0.001154917099101982,0.151010680145868,0.0,0.0,0.0,0.0,0.0,0.0
evaluation,BASE,2022-08-22,8,2022-08-10,16800,True,True,PREDICTION_AVAILABLE,COMPARABLE_SAVED_MODEL_AND_SINGLE_ACTUAL_ENTRY,-0.0008329896060766716,-0.000832989606076715,False,False,2.302585092994046,0.007170741832608574,-0.009354536950420989,1.0,-0.0021223920241507733,-0.008228564120169285,0.0059069726023326385,0.15256012361963087,1.0,1.0,4.336808689942018e-17,0.0,2.220446049250313e-16,0.0
evaluation,BASE,2022-08-23,8,2022-08-10,16800,True,True,PREDICTION_AVAILABLE,COMPARABLE_SAVED_MODEL_AND_SINGLE_ACTUAL_ENTRY,0.0010098365707489915,0.0010098365707490089,False,False,2.3978952727983707,0.0038420377755601365,-0.012628624883068262,1.0,-0.0030743786778889204,-0.018306073273387492,0.0032753383262107416,0.15055745335236873,0.0,0.0,-1.734723475976807e-17,0.0,-2.220446049250313e-16,-1.1102230246251565e-16
evaluation,BASE,2022-08-24,8,2022-08-10,16800,True,True,PREDICTION_AVAILABLE,COMPARABLE_SAVED_MODEL_AND_SINGLE_ACTUAL_ENTRY,-0.0045887236485025245,-0.004588723648502521,False,False,2.4849066497880004,-0.01446583453820538,-0.030636108512628657,1.0,-0.03111520457554053,-0.03111520457554034,-0.0141163318943478,0.16163106471843153,1.0,1.0,-3.469446951953614e-18,0.0,1.1102230246251565e-16,1.1102230246251565e-16
evaluation,BASE,2022-08-25,8,2022-08-10,16800,True,True,PREDICTION_AVAILABLE,COMPARABLE_SAVED_MODEL_AND_SINGLE_ACTUAL_ENTRY,-0.003529308081696979,-0.003529308081696979,False,False,2.5649493574615367,-0.005906309820081224,-0.02221702525724978,1.0,-0.013776939996072077,-0.023168885060251745,-0.004778538826372136,0.1653609301280814,2.0,2.0,0.0,0.0,0.0,0.0
evaluation,BASE,2024-02-19,9,2024-02-19,21100,True,True,PREDICTION_AVAILABLE,COMPARABLE_SAVED_MODEL_AND_SINGLE_ACTUAL_ENTRY,0.009609882702167855,0.009609882702167828,False,False,0.6931471805599453,0.0036499809042931375,0.0,1.0,0.06114113169694553,0.0327671215843269,-0.03478912907642817,0.21001178444190122,0.0,0.0,2.7755575615628914e-17,0.0,2.220446049250313e-16,0.0
evaluation,BASE,2024-02-20,9,2024-02-19,21100,True,True,PREDICTION_AVAILABLE,COMPARABLE_SAVED_MODEL_AND_SINGLE_ACTUAL_ENTRY,0.005097175033349964,0.005097175033349936,False,False,1.0986122886681098,0.007203772515639084,0.0,1.0,0.0584218160207902,0.037496835216346835,-0.030404198165011165,0.20981892354241388,0.0,0.0,2.7755575615628914e-17,0.0,2.220446049250313e-16,0.0
evaluation,BASE,2024-02-21,9,2024-02-19,21100,True,True,PREDICTION_AVAILABLE,COMPARABLE_SAVED_MODEL_AND_SINGLE_ACTUAL_ENTRY,-0.002576224961659235,-0.002576224961659263,False,False,1.3862943611198906,0.021418938961023093,0.0,1.0,0.04083407538959469,0.04495621654724684,-0.01596386981618414,0.21353472601458892,1.0,1.0,2.7755575615628914e-17,0.0,2.220446049250313e-16,0.0
evaluation,BASE,2024-02-22,9,2024-02-19,21100,True,True,PREDICTION_AVAILABLE,COMPARABLE_SAVED_MODEL_AND_SINGLE_ACTUAL_ENTRY,-0.007655454716168007,-0.0076554547161680345,False,False,1.6094379124341003,0.029118820785606125,0.0,1.0,0.03962367202814638,0.07499321897341252,-0.00796456110058319,0.1940572312310132,2.0,2.0,2.7755575615628914e-17,0.0,2.220446049250313e-16,0.0
evaluation,BASE,2024-06-18,10,2024-06-18,20200,True,True,PREDICTION_AVAILABLE,COMPARABLE_SAVED_MODEL_AND_SINGLE_ACTUAL_ENTRY,0.01714451419082963,0.01714451419082963,False,False,0.6931471805599453,0.0009262580038202906,0.0,1.0,0.001125809294253439,-0.03564405513785623,0.022788381552561576,0.08276926819810168,0.0,0.0,0.0,0.0,0.0,0.0
evaluation,BASE,2024-06-19,10,2024-06-18,20200,True,True,PREDICTION_AVAILABLE,COMPARABLE_SAVED_MODEL_AND_SINGLE_ACTUAL_ENTRY,0.014364147562828937,0.014364147562828944,False,False,1.0986122886681098,-0.0018892870257263272,-0.002812939521800284,1.0,-0.0005640158073940034,-0.035198312774153334,0.019413845214793835,0.08268175222968997,0.0,0.0,-6.938893903907228e-18,0.0,-1.1102230246251565e-16,0.0
evaluation,BASE,2024-06-20,10,2024-06-18,20200,True,True,PREDICTION_AVAILABLE,COMPARABLE_SAVED_MODEL_AND_SINGLE_ACTUAL_ENTRY,0.014550044497581436,0.01455004449758144,False,False,1.3862943611198906,-0.008365040593683704,-0.009282700421941015,1.0,-0.0034013638234903065,-0.04388374210682529,0.01232861636374083,0.08293912736804998,0.0,0.0,-3.469446951953614e-18,0.0,-1.1102230246251565e-16,0.0
evaluation,BASE,2024-06-21,10,2024-06-18,20200,True,True,PREDICTION_AVAILABLE,COMPARABLE_SAVED_MODEL_AND_SINGLE_ACTUAL_ENTRY,0.01071360143436104,0.01071360143436104,False,False,1.6094379124341003,-0.010054367611411541,-0.010970464135021119,1.0,-0.010749749909529017,-0.035483538203496104,0.010153263757170405,0.07776412027608763,0.0,0.0,0.0,0.0,0.0,0.0
evaluation,BASE,2024-06-24,10,2024-06-18,20200,True,True,PREDICTION_AVAILABLE,COMPARABLE_SAVED_MODEL_AND_SINGLE_ACTUAL_ENTRY,0.009240841101140915,0.009240841101140922,False,False,1.791759469228055,-0.014840794161640747,-0.015752461322081523,1.0,-0.012778819357283578,-0.02901203336821329,0.0047888169449363804,0.07066407867783435,0.0,0.0,-6.938893903907228e-18,0.0,-1.1102230246251565e-16,0.0
evaluation,BASE,2024-06-25,10,2024-06-18,20200,True,True,PREDICTION_AVAILABLE,COMPARABLE_SAVED_MODEL_AND_SINGLE_ACTUAL_ENTRY,0.011078798856831443,0.01107879885683145,False,False,1.9459101490553132,-0.020753438723688622,-0.02165963431786211,1.0,-0.021897647323112945,-0.04332604480695545,-0.001595966470710919,0.062548504847491,0.0,0.0,-6.938893903907228e-18,0.0,-1.1102230246251565e-16,0.0
evaluation,BASE,2024-06-26,10,2024-06-18,20200,True,True,PREDICTION_AVAILABLE,COMPARABLE_SAVED_MODEL_AND_SINGLE_ACTUAL_ENTRY,0.007992020477131413,0.007992020477131417,False,False,2.0794415416798357,-0.014840794161640747,-0.015752461322081523,1.0,-0.013060946598539895,-0.030953512275100483,0.004039823006227072,0.06669279062629799,0.0,0.0,-3.469446951953614e-18,0.0,-1.1102230246251565e-16,0.0
evaluation,BASE,2024-06-27,10,2024-06-18,20200,True,True,PREDICTION_AVAILABLE,COMPARABLE_SAVED_MODEL_AND_SINGLE_ACTUAL_ENTRY,0.009253804946849457,0.00925380494684946,False,False,2.1972245773362196,-0.020190329717779343,-0.021097046413502074,1.0,-0.01199671628763144,-0.03667547855840662,-0.0017359584191440902,0.06766243257923879,0.0,0.0,-3.469446951953614e-18,0.0,-1.1102230246251565e-16,0.0
evaluation,BASE,2024-06-28,10,2024-06-18,20200,True,True,PREDICTION_AVAILABLE,COMPARABLE_SAVED_MODEL_AND_SINGLE_ACTUAL_ENTRY,0.007649408447098067,0.007649408447098067,False,False,2.302585092994046,-0.018219448197096644,-0.019127988748241842,1.0,-0.008282212129416641,-0.030780348915859908,-0.00011564517597884016,0.06848073554817372,0.0,0.0,0.0,0.0,0.0,0.0
evaluation,BASE,2024-07-01,10,2024-06-18,20200,True,True,PREDICTION_AVAILABLE,COMPARABLE_SAVED_MODEL_AND_SINGLE_ACTUAL_ENTRY,0.00625663809648605,0.006256638096486057,False,False,2.3978952727983707,-0.014277685155731468,-0.0151898734177216,1.0,0.0005714285869773588,-0.022872661665991556,0.0034997754108592183,0.07049810882905747,0.0,0.0,-6.938893903907228e-18,0.0,-1.1102230246251565e-16,0.0
evaluation,BASE,2024-07-02,10,2024-06-18,20200,True,True,PREDICTION_AVAILABLE,COMPARABLE_SAVED_MODEL_AND_SINGLE_ACTUAL_ENTRY,0.00737522082798165,0.007375220827981654,False,False,2.4849066497880004,-0.015685457670504777,-0.016596343178621686,1.0,0.005162041861197408,-0.02569674075685679,0.0018772178581683008,0.06988950996305637,0.0,0.0,-3.469446951953614e-18,0.0,-1.1102230246251565e-16,0.0
evaluation,BASE,2024-07-03,10,2024-06-18,20200,True,True,PREDICTION_AVAILABLE,COMPARABLE_SAVED_MODEL_AND_SINGLE_ACTUAL_ENTRY,0.008068528752451419,0.008068528752451405,False,False,2.5649493574615367,-0.017374784688232725,-0.01828410689170179,1.0,-0.0025754771712153506,-0.0343598993404034,6.459268949710051e-06,0.06303439498477004,0.0,0.0,1.3877787807814457e-17,0.0,-2.220446049250313e-16,-1.1102230246251565e-16
evaluation,BASE,2024-07-04,10,2024-06-18,20200,True,True,PREDICTION_AVAILABLE,COMPARABLE_SAVED_MODEL_AND_SINGLE_ACTUAL_ENTRY,0.008531992067803949,0.008531992067803952,False,False,2.6390573296152584,-0.02159810223255265,-0.02250351617440227,1.0,-0.0014378147696276333,-0.035061550080138434,-0.004513572315739456,0.0633474529826025,0.0,0.0,-3.469446951953614e-18,0.0,-1.1102230246251565e-16,0.0
evaluation,BASE,2024-07-05,10,2024-06-18,20200,True,True,PREDICTION_AVAILABLE,COMPARABLE_SAVED_MODEL_AND_SINGLE_ACTUAL_ENTRY,0.008405463456000278,0.008405463456000285,False,False,2.70805020110221,-0.026384528782781858,-0.027285513361462677,1.0,-0.008351380432415338,-0.03996564183579507,-0.009587367150533987,0.06391548162505406,0.0,0.0,-6.938893903907228e-18,0.0,-1.1102230246251565e-16,0.0
evaluation,BASE,2024-07-08,10,2024-06-18,20200,True,True,PREDICTION_AVAILABLE,COMPARABLE_SAVED_MODEL_AND_SINGLE_ACTUAL_ENTRY,0.006973723445885292,0.006973723445885295,False,False,2.772588722239781,-0.03314183685369376,-0.034036568213783314,1.0,-0.019322879497244774,-0.04051909483598408,-0.016676169694812004,0.06442436897775149,0.0,0.0,-3.469446951953614e-18,0.0,-1.1102230246251565e-16,0.0
evaluation,BASE,2024-07-09,10,2024-06-18,20200,True,True,PREDICTION_AVAILABLE,COMPARABLE_SAVED_MODEL_AND_SINGLE_ACTUAL_ENTRY,0.0025087171255636694,0.0025087171255636555,False,False,2.833213344056216,-0.02272432024437132,-0.023628691983122452,1.0,-0.007176720913639793,-0.02278651708130184,-0.006425545743564132,0.0756166699284444,0.0,0.0,1.3877787807814457e-17,0.0,-2.220446049250313e-16,-1.1102230246251565e-16
evaluation,BASE,2024-07-10,10,2024-06-18,20200,True,True,PREDICTION_AVAILABLE,COMPARABLE_SAVED_MODEL_AND_SINGLE_ACTUAL_ENTRY,0.002570900017461729,0.0025709000174617518,False,False,2.8903717578961645,-0.02497675626800855,-0.02587904360056248,1.0,-0.007766470794050854,-0.023966910371200047,-0.009148671714096834,0.07572748073648718,0.0,0.0,-2.2551405187698492e-17,0.0,0.0,1.1102230246251565e-16
evaluation,BASE,2024-07-11,10,2024-06-18,20200,True,True,PREDICTION_AVAILABLE,COMPARABLE_SAVED_MODEL_AND_SINGLE_ACTUAL_ENTRY,-0.0013954074446618295,-0.0013954074446618052,False,False,2.9444389791664403,-0.012025249132094129,-0.01293952180028124,1.0,0.009736617584322534,-0.00709927729642679,0.003483312187892329,0.09022304503684463,1.0,1.0,-2.42861286636753e-17,0.0,0.0,1.1102230246251565e-16
evaluation,BASE,2024-07-12,10,2024-06-18,20200,True,True,PREDICTION_AVAILABLE,COMPARABLE_SAVED_MODEL_AND_SINGLE_ACTUAL_ENTRY,3.959480108307531e-05,3.9594801083080514e-05,False,False,2.995732273553991,-0.009209704102547511,-0.010126582278480956,1.0,0.017486471078349337,-0.009896871393011604,0.005750840250615452,0.08835394773447561,0.0,0.0,-5.204170427930421e-18,0.0,-1.1102230246251565e-16,0.0
evaluation,BASE,2024-07-15,10,2024-06-18,20200,True,True,PREDICTION_AVAILABLE,COMPARABLE_SAVED_MODEL_AND_SINGLE_ACTUAL_ENTRY,0.00013042641415758616,0.00013042641415758963,False,False,3.044522437723423,-0.007238822581865034,-0.008157524613220835,1.0,0.026438321500394525,-0.005091948767156411,0.007186614955147164,0.08831732057888377,0.0,0.0,-3.469446951953614e-18,0.0,-1.1102230246251565e-16,0.0
evaluation,BASE,2024-07-16,10,2024-06-18,20200,True,True,PREDICTION_AVAILABLE,COMPARABLE_SAVED_MODEL_AND_SINGLE_ACTUAL_ENTRY,-0.003091898356422996,-0.003091898356422991,False,False,3.091042453358316,-0.00019996000799848979,-0.0011251758087201802,1.0,0.022786517081301597,-0.001125809294253679,0.013673254355992315,0.091278233045523,1.0,1.0,-5.204170427930421e-18,0.0,-1.1102230246251565e-16,0.0
evaluation,BASE,2024-07-17,10,2024-06-18,20200,True,True,PREDICTION_AVAILABLE,COMPARABLE_SAVED_MODEL_AND_SINGLE_ACTUAL_ENTRY,-0.003661833121373791,-0.003661833121373791,False,False,3.1354942159291497,0.0012078125067749301,0.0,1.0,0.02650105223137314,0.0030981576675670995,0.014424477637799304,0.09082477083190955,2.0,2.0,0.0,0.0,0.0,0.0
evaluation,BASE,2024-08-02,11,2024-08-02,20500,True,True,PREDICTION_AVAILABLE,COMPARABLE_SAVED_MODEL_AND_SINGLE_ACTUAL_ENTRY,-0.0002967459364795772,-0.0002967459364795772,False,False,0.6931471805599453,-0.004531849262729759,-0.004531849262729759,1.0,-0.007802380284184952,-0.0031860997263705596,-0.0231230117775979,0.1499587753762262,1.0,1.0,0.0,0.0,0.0,0.0
evaluation,BASE,2024-08-05,11,2024-08-02,20500,True,True,PREDICTION_AVAILABLE,COMPARABLE_SAVED_MODEL_AND_SINGLE_ACTUAL_ENTRY,-0.0021766955754084355,-0.0021766955754084303,False,False,1.0986122886681098,-0.015794761325031326,-0.015794761325031326,1.0,-0.013407370757417617,-0.007600153508214598,-0.034608765854384105,0.15323034307158764,2.0,2.0,-5.204170427930421e-18,0.0,1.1102230246251565e-16,1.1102230246251565e-16
evaluation,BASE,2024-08-28,12,2024-08-28,21100,True,True,PREDICTION_AVAILABLE,COMPARABLE_SAVED_MODEL_AND_SINGLE_ACTUAL_ENTRY,0.013207909668158786,0.013207909668158779,False,False,0.6931471805599453,-0.004647469082695865,-0.004647469082695865,1.0,-0.009192058791909987,-0.04399835651203827,-0.04814787685749833,0.08154279303717339,0.0,0.0,6.938893903907228e-18,0.0,-1.1102230246251565e-16,-1.1102230246251565e-16
evaluation,BASE,2024-08-29,12,2024-08-28,21100,True,True,PREDICTION_AVAILABLE,COMPARABLE_SAVED_MODEL_AND_SINGLE_ACTUAL_ENTRY,0.01022386921657726,0.010223869216577256,False,False,1.0986122886681098,-0.007612475132494301,-0.007612475132494301,1.0,-0.009515385502963304,-0.03982956915467422,-0.050545834495605346,0.07959407457521504,0.0,0.0,3.469446951953614e-18,0.0,-1.1102230246251565e-16,-1.1102230246251565e-16
evaluation,BASE,2024-08-30,12,2024-08-28,21100,True,True,PREDICTION_AVAILABLE,COMPARABLE_SAVED_MODEL_AND_SINGLE_ACTUAL_ENTRY,0.004227058280549485,0.004227058280549485,False,False,1.3862943611198906,0.005730052091598381,0.0,1.0,-0.00029476787243641264,-0.016084569605071406,-0.037482471842625986,0.09008004515730063,0.0,0.0,0.0,0.0,0.0,0.0
evaluation,BASE,2024-09-02,12,2024-08-28,21100,True,True,PREDICTION_AVAILABLE,COMPARABLE_SAVED_MODEL_AND_SINGLE_ACTUAL_ENTRY,0.0018756684445741956,0.0018756684445741956,False,False,1.6094379124341003,-0.012059984207191787,-0.017688679245283057,1.0,-0.0184364425074385,-0.02255288466247278,-0.05405852989188287,0.10156449496891418,0.0,0.0,0.0,0.0,0.0,0.0
evaluation,BASE,2024-09-03,12,2024-08-28,21100,True,True,PREDICTION_AVAILABLE,COMPARABLE_SAVED_MODEL_AND_SINGLE_ACTUAL_ENTRY,0.0009263452003125255,0.000926345200312536,False,False,1.791759469228055,-0.00850197694743382,-0.014150943396226467,1.0,-0.009820046180975407,-0.018957913744613766,-0.0501191848560667,0.10282909457582225,0.0,0.0,-1.0408340855860843e-17,0.0,-1.1102230246251565e-16,0.0
evaluation,BASE,2024-09-04,12,2024-08-28,21100,True,True,PREDICTION_AVAILABLE,COMPARABLE_SAVED_MODEL_AND_SINGLE_ACTUAL_ENTRY,0.001033015090766129,0.001033015090766129,False,False,1.9459101490553132,-0.014728489652010235,-0.020341981132075415,1.0,-0.010179728625440681,-0.0232015166526008,-0.05549634051019681,0.10445699819890161,0.0,0.0,0.0,0.0,0.0,0.0
evaluation,BASE,2024-09-05,12,2024-08-28,21100,True,True,PREDICTION_AVAILABLE,COMPARABLE_SAVED_MODEL_AND_SINGLE_ACTUAL_ENTRY,0.0005803106851550756,0.0005803106851550912,False,False,2.0794415416798357,-0.01265298541715143,-0.01827830188679236,1.0,-0.005092118236836994,-0.022272635609122845,-0.05297958313090256,0.10476919765924518,0.0,0.0,-1.5612511283791264e-17,0.0,0.0,1.1102230246251565e-16
evaluation,BASE,2024-09-06,12,2024-08-28,21100,True,True,PREDICTION_AVAILABLE,COMPARABLE_SAVED_MODEL_AND_SINGLE_ACTUAL_ENTRY,-0.0018796408478223801,-0.0018796408478223958,False,False,2.1972245773362196,-0.02095500235658676,-0.026533018867924585,1.0,-0.02689137243172019,-0.027186140304156385,-0.06038581472830529,0.1075542429983929,1.0,1.0,1.5612511283791264e-17,0.0,0.0,-1.1102230246251565e-16
evaluation,BASE,2024-09-09,12,2024-08-28,21100,True,True,PREDICTION_AVAILABLE,COMPARABLE_SAVED_MODEL_AND_SINGLE_ACTUAL_ENTRY,0.000682947214939866,0.0006829472149398816,False,False,2.302585092994046,-0.033111527160759935,-0.038620283018867774,1.0,-0.021538827497413947,-0.03850099581773176,-0.07139212871228362,0.11424155568514298,0.0,0.0,-1.5612511283791264e-17,0.0,0.0,1.1102230246251565e-16
evaluation,BASE,2024-09-10,12,2024-08-28,21100,True,True,PREDICTION_AVAILABLE,COMPARABLE_SAVED_MODEL_AND_SINGLE_ACTUAL_ENTRY,-8.202598932475179e-05,-8.202598932473618e-05,False,False,2.3978952727983707,-0.033111527160759935,-0.038620283018867774,1.0,-0.02513379841527296,-0.03997527000485223,-0.0706621638951821,0.11380117523248956,1.0,1.0,-1.5612511283791264e-17,0.0,0.0,1.1102230246251565e-16
evaluation,BASE,2024-09-11,12,2024-08-28,21100,True,True,PREDICTION_AVAILABLE,COMPARABLE_SAVED_MODEL_AND_SINGLE_ACTUAL_ENTRY,-0.000767643587289743,-0.000767643587289743,False,False,2.4849066497880004,-0.03518703139561885,-0.04068396226415094,1.0,-0.02098298057561109,-0.0350277355674241,-0.07196281006466865,0.11226918300188413,2.0,2.0,0.0,0.0,0.0,0.0
evaluation,BASE,2024-09-25,13,2024-09-25,20500,True,True,PREDICTION_AVAILABLE,COMPARABLE_SAVED_MODEL_AND_SINGLE_ACTUAL_ENTRY,0.0013744549673385693,0.0013744549673385693,False,False,0.6931471805599453,-0.005068651122253298,-0.005068651122253298,1.0,0.0703508125634698,0.023297501006878697,-0.004893418948272665,0.19733397134487446,0.0,0.0,0.0,0.0,0.0,0.0
evaluation,BASE,2024-09-26,13,2024-09-25,20500,True,True,PREDICTION_AVAILABLE,COMPARABLE_SAVED_MODEL_AND_SINGLE_ACTUAL_ENTRY,-0.00748322396907265,-0.007483223969072629,False,False,1.0986122886681098,0.04247268564047135,0.0,1.0,0.10872391892025493,0.07499594024521887,0.04251693374002974,0.25349406401964036,1.0,1.0,-2.0816681711721685e-17,0.0,-2.220446049250313e-16,0.0
evaluation,BASE,2024-09-27,13,2024-09-25,20500,True,True,PREDICTION_AVAILABLE,COMPARABLE_SAVED_MODEL_AND_SINGLE_ACTUAL_ENTRY,-0.019056843346507795,-0.019056843346507774,False,False,1.3862943611198906,0.10805681888543517,0.0,1.0,0.1669835967694328,0.14194835772047812,0.10731892301858226,0.3231136297280422,2.0,2.0,-2.0816681711721685e-17,0.0,-2.220446049250313e-16,0.0
evaluation,BASE,2025-04-09,14,2025-04-09,42200,True,False,,NOT_COMPARABLE_MULTIPLE_FILLS_OR_OTHER_ENTRY,,,False,False,,,,,,,,,,,,,,
evaluation,BASE,2025-04-10,14,2025-04-09,61900,False,False,PREDICTION_AVAILABLE,NOT_COMPARABLE_MULTIPLE_FILLS_OR_OTHER_ENTRY,,0.007180533893054741,False,False,,,,,,,,,,,,,,
evaluation,BASE,2025-04-11,14,2025-04-09,61900,False,False,PREDICTION_AVAILABLE,NOT_COMPARABLE_MULTIPLE_FILLS_OR_OTHER_ENTRY,,0.0022592732449067537,False,False,,,,,,,,,,,,,,
evaluation,BASE,2025-04-14,14,2025-04-09,61900,False,False,PREDICTION_AVAILABLE,NOT_COMPARABLE_MULTIPLE_FILLS_OR_OTHER_ENTRY,,0.013580665831758494,False,False,,,,,,,,,,,,,,
evaluation,BASE,2025-04-15,14,2025-04-09,61900,False,False,PREDICTION_AVAILABLE,NOT_COMPARABLE_MULTIPLE_FILLS_OR_OTHER_ENTRY,,0.009507034487313604,False,False,,,,,,,,,,,,,,
evaluation,BASE,2025-04-16,14,2025-04-09,61900,False,False,PREDICTION_AVAILABLE,NOT_COMPARABLE_MULTIPLE_FILLS_OR_OTHER_ENTRY,,0.0068962338447941494,False,False,,,,,,,,,,,,,,
evaluation,BASE,2025-04-17,14,2025-04-09,61900,False,False,PREDICTION_AVAILABLE,NOT_COMPARABLE_MULTIPLE_FILLS_OR_OTHER_ENTRY,,0.0037350541821416262,False,False,,,,,,,,,,,,,,
evaluation,BASE,2025-04-18,14,2025-04-09,61900,False,False,PREDICTION_AVAILABLE,NOT_COMPARABLE_MULTIPLE_FILLS_OR_OTHER_ENTRY,,0.00016411031271313173,False,False,,,,,,,,,,,,,,
evaluation,BASE,2025-04-21,14,2025-04-09,61900,False,False,PREDICTION_AVAILABLE,NOT_COMPARABLE_MULTIPLE_FILLS_OR_OTHER_ENTRY,,-0.004454033293422116,False,False,,,,,,,,,,,,,,
evaluation,BASE,2025-04-22,14,2025-04-09,61900,False,False,PREDICTION_AVAILABLE,NOT_COMPARABLE_MULTIPLE_FILLS_OR_OTHER_ENTRY,,-0.004708621673634858,False,False,,,,,,,,,,,,,,
evaluation,BASE,2025-06-03,15,2025-06-03,3600,True,True,PREDICTION_AVAILABLE,COMPARABLE_SAVED_MODEL_AND_SINGLE_ACTUAL_ENTRY,0.009604811787894352,0.009612846507437434,False,False,0.6931471805599453,0.00192716172684948,0.0,1.0,-0.0025239791289059874,0.023265781617147808,-0.003274559193954474,0.096115470259064,0.0,0.0,-8.03471954308188e-06,0.0,-0.0001520576876263835,0.0
evaluation,BASE,2025-06-04,15,2025-06-03,3600,True,True,PREDICTION_AVAILABLE,COMPARABLE_SAVED_MODEL_AND_SINGLE_ACTUAL_ENTRY,0.008133498739212278,0.008141567977388721,False,False,1.0986122886681098,0.0062316251459439975,0.0,1.0,0.007070736529201543,0.018027655931147194,0.0011273389133463763,0.09191148501943848,0.0,0.0,-8.069238176443283e-06,0.0,-0.00015271095542757074,0.0
evaluation,BASE,2025-06-05,15,2025-06-03,3600,True,True,PREDICTION_AVAILABLE,COMPARABLE_SAVED_MODEL_AND_SINGLE_ACTUAL_ENTRY,0.006580410043149628,0.006588499586404534,False,False,1.3862943611198906,0.008763662451293452,0.0,1.0,0.010598130991823445,0.014410564126479305,0.003753999647275519,0.09012962245905291,0.0,0.0,-8.089543254905657e-06,0.0,-0.00015309523060502706,0.0
evaluation,BASE,2025-06-06,15,2025-06-03,3600,True,True,PREDICTION_AVAILABLE,COMPARABLE_SAVED_MODEL_AND_SINGLE_ACTUAL_ENTRY,0.004964520959698418,0.004972614563969014,False,False,1.6094379124341003,0.009270069912363343,0.0,1.0,0.005030191692998854,0.009072642877572614,0.004316933465473349,0.0881582415819626,0.0,0.0,-8.09360427059605e-06,0.0,-0.0001531720856404739,0.0
evaluation,BASE,2025-06-09,15,2025-06-03,3600,True,True,PREDICTION_AVAILABLE,COMPARABLE_SAVED_MODEL_AND_SINGLE_ACTUAL_ENTRY,0.002877121097717844,0.00288523297655904,False,False,1.791759469228055,0.011548903487178075,0.0,1.0,0.009052111094244454,0.01259462492040058,0.006609945994977773,0.08812717772152769,0.0,0.0,-8.11187884119588e-06,0.0,-0.00015351793329987373,0.0
evaluation,BASE,2025-06-10,15,2025-06-03,3600,True,True,PREDICTION_AVAILABLE,COMPARABLE_SAVED_MODEL_AND_SINGLE_ACTUAL_ENTRY,0.004291562842227713,0.00429962801938848,False,False,1.9459101490553132,0.0057252176848738845,-0.005757196495619454,1.0,0.003783583779638994,-0.004521484718845799,0.0009933489721043465,0.08139875228385188,0.0,0.0,-8.065177160766768e-06,0.0,-0.00015263410039234593,0.0
evaluation,BASE,2025-06-11,15,2025-06-03,3600,True,True,PREDICTION_AVAILABLE,COMPARABLE_SAVED_MODEL_AND_SINGLE_ACTUAL_ENTRY,0.0021489947122706396,0.0021571248656824527,False,False,2.0794415416798357,0.013827737061992584,0.0,1.0,0.007520717323348732,0.0025006264593505287,0.00916371396106408,0.08629162433150406,0.0,0.0,-8.130153411813057e-06,0.0,-0.0001538637809594956,0.0
evaluation,BASE,2025-06-12,15,2025-06-03,3600,True,True,PREDICTION_AVAILABLE,COMPARABLE_SAVED_MODEL_AND_SINGLE_ACTUAL_ENTRY,0.004401659264379694,0.004409793478807197,False,False,2.1972245773362196,0.014334144523062697,0.0,1.0,0.005506897521274607,-0.009688313266828336,0.009835349278839223,0.07294130029464044,0.0,0.0,-8.13421442750345e-06,0.0,-0.00015394063599494245,0.0
evaluation,BASE,2025-06-13,15,2025-06-03,3600,True,True,PREDICTION_AVAILABLE,COMPARABLE_SAVED_MODEL_AND_SINGLE_ACTUAL_ENTRY,0.001609212715379834,0.0016172941366033484,False,False,2.302585092994046,0.0077508475291536705,-0.00649026460309543,1.0,-0.0015064024942568225,-0.007758767491569439,0.003481509340404143,0.07055395103641394,0.0,0.0,-8.081421223514462e-06,0.0,-0.0001529415205339113,0.0
evaluation,BASE,2025-06-16,15,2025-06-03,3600,True,True,PREDICTION_AVAILABLE,COMPARABLE_SAVED_MODEL_AND_SINGLE_ACTUAL_ENTRY,-0.000668431343450137,-0.0006603296171481705,False,False,2.3978952727983707,0.010282884834503347,-0.003994008986520248,1.0,-0.0012523483164660286,0.0002506579785026028,0.006271331775308031,0.06863951385592922,1.0,1.0,-8.101726301966428e-06,0.0,-0.00015332579571114557,0.0
evaluation,BASE,2025-06-17,15,2025-06-03,3600,True,True,PREDICTION_AVAILABLE,COMPARABLE_SAVED_MODEL_AND_SINGLE_ACTUAL_ENTRY,-0.0012449565598010096,-0.0012368568640068953,False,False,2.4849066497880004,0.010029681103968402,-0.004243634548177777,1.0,0.0042708267403432,0.0015052687237623512,0.006084681105961609,0.0684227341079519,2.0,2.0,-8.099695794114292e-06,0.0,-0.00015328736819331112,0.0
evaluation,BASE,2025-12-19,16,2025-12-19,40800,True,True,PREDICTION_AVAILABLE,COMPARABLE_SAVED_MODEL_AND_SINGLE_ACTUAL_ENTRY,0.03102131439197291,0.031021314391972896,False,False,0.6931471805599453,0.0008675181470219062,0.0,1.0,-0.0012790451541202638,0.02680662027488244,0.04242253542005536,0.11244667835971515,0.0,0.0,1.3877787807814457e-17,0.0,2.220446049250313e-16,0.0
evaluation,BASE,2025-12-22,16,2025-12-19,40800,True,True,PREDICTION_AVAILABLE,COMPARABLE_SAVED_MODEL_AND_SINGLE_ACTUAL_ENTRY,0.025022450003512994,0.02502245000351298,False,False,1.0986122886681098,0.009834334649192478,0.0,1.0,0.013408735536163187,0.03726069022209619,0.05026895100780204,0.1148972705380736,0.0,0.0,1.3877787807814457e-17,0.0,2.220446049250313e-16,0.0
evaluation,BASE,2025-12-23,16,2025-12-19,40800,True,True,PREDICTION_AVAILABLE,COMPARABLE_SAVED_MODEL_AND_SINGLE_ACTUAL_ENTRY,0.023832928102393427,0.023832928102393427,False,False,1.3862943611198906,0.011969290959232826,0.0,1.0,0.02564243061333777,0.030633218882894185,0.05101526078593244,0.11211426225963297,0.0,0.0,0.0,0.0,0.0,0.0
evaluation,BASE,2025-12-24,16,2025-12-19,40800,True,True,PREDICTION_AVAILABLE,COMPARABLE_SAVED_MODEL_AND_SINGLE_ACTUAL_ENTRY,0.021698251187413396,0.021698251187413396,False,False,1.6094379124341003,0.015598716686301861,0.0,1.0,0.012267497329465873,0.027924653640896902,0.05328806553989174,0.11103976363634717,0.0,0.0,0.0,0.0,0.0,0.0
evaluation,BASE,2025-12-25,16,2025-12-19,40800,True,True,PREDICTION_AVAILABLE,COMPARABLE_SAVED_MODEL_AND_SINGLE_ACTUAL_ENTRY,0.019430504916423882,0.019430504916423882,False,False,1.791759469228055,0.017520177365338396,0.0,1.0,0.02077666425224093,0.0306798668243615,0.05377588284500279,0.11073052626358307,0.0,0.0,0.0,0.0,0.0,0.0
evaluation,BASE,2025-12-26,16,2025-12-19,40800,True,True,PREDICTION_AVAILABLE,COMPARABLE_SAVED_MODEL_AND_SINGLE_ACTUAL_ENTRY,0.01766024278671405,0.01766024278671405,False,False,1.9459101490553132,0.021363098723411467,0.0,1.0,0.020270964373619083,0.031640817630512116,0.05625911908489867,0.11092015703847315,0.0,0.0,0.0,0.0,0.0,0.0
evaluation,BASE,2025-12-29,16,2025-12-19,40800,True,True,PREDICTION_AVAILABLE,COMPARABLE_SAVED_MODEL_AND_SINGLE_ACTUAL_ENTRY,0.017019468959726475,0.017019468959726523,False,False,2.0794415416798357,0.016879690472326292,-0.004389632107023367,1.0,0.006952519314881699,0.016085002878154127,0.05021001995465135,0.10690897672204755,0.0,0.0,-4.85722573273506e-17,0.0,0.0,-1.1102230246251565e-16
evaluation,BASE,2025-12-30,16,2025-12-19,40800,True,True,PREDICTION_AVAILABLE,COMPARABLE_SAVED_MODEL_AND_SINGLE_ACTUAL_ENTRY,0.01556299712330533,0.01556299712330527,False,False,2.1972245773362196,0.019014646782366862,-0.002299331103678859,1.0,0.006937902316774347,0.022672864424521124,0.050949278247609975,0.10518460904584302,0.0,0.0,5.898059818321144e-17,0.0,2.220446049250313e-16,1.1102230246251565e-16
evaluation,BASE,2025-12-31,16,2025-12-19,40800,True,True,PREDICTION_AVAILABLE,COMPARABLE_SAVED_MODEL_AND_SINGLE_ACTUAL_ENTRY,0.011888286146516752,0.011888286146516797,False,False,2.302585092994046,0.014744734162285722,-0.006479933110367875,1.0,-0.0008412198182718962,0.022984625366070682,0.045193495303262665,0.10497733145845209,0.0,0.0,-4.5102810375396984e-17,0.0,0.0,-1.1102230246251565e-16
evaluation,BASE,2026-01-05,16,2025-12-19,40800,True,True,PREDICTION_AVAILABLE,COMPARABLE_SAVED_MODEL_AND_SINGLE_ACTUAL_ENTRY,0.010000153263349888,0.010000153263349902,False,False,2.3978952727983707,0.034172836583654886,0.0,1.0,0.016233447014295438,0.039369361690605634,0.06364719293975929,0.12220937701431425,0.0,0.0,-1.3877787807814457e-17,0.0,-2.220446049250313e-16,0.0
evaluation,BASE,2026-01-06,16,2025-12-19,23500,False,True,PREDICTION_AVAILABLE,NOT_COMPARABLE_MULTIPLE_FILLS_OR_OTHER_ENTRY,,0.008480863823866928,False,False,,,,,,,,,,,,,,
evaluation,BASE,2026-01-07,16,2025-12-19,23500,False,True,PREDICTION_AVAILABLE,NOT_COMPARABLE_MULTIPLE_FILLS_OR_OTHER_ENTRY,,0.0077618178290186374,False,False,,,,,,,,,,,,,,
evaluation,BASE,2026-01-08,16,2025-12-19,23500,False,True,PREDICTION_AVAILABLE,NOT_COMPARABLE_MULTIPLE_FILLS_OR_OTHER_ENTRY,,0.002857476845704584,False,False,,,,,,,,,,,,,,
evaluation,BASE,2026-01-09,16,2025-12-19,23500,False,True,PREDICTION_AVAILABLE,NOT_COMPARABLE_MULTIPLE_FILLS_OR_OTHER_ENTRY,,0.003395973204700522,False,False,,,,,,,,,,,,,,
evaluation,BASE,2026-01-12,16,2025-12-19,23500,False,True,PREDICTION_AVAILABLE,NOT_COMPARABLE_MULTIPLE_FILLS_OR_OTHER_ENTRY,,0.002996515109315879,False,False,,,,,,,,,,,,,,
evaluation,BASE,2026-01-13,16,2025-12-19,23500,False,True,PREDICTION_AVAILABLE,NOT_COMPARABLE_MULTIPLE_FILLS_OR_OTHER_ENTRY,,0.0014835233796072576,False,False,,,,,,,,,,,,,,
evaluation,BASE,2026-01-14,16,2025-12-19,23500,False,True,PREDICTION_AVAILABLE,NOT_COMPARABLE_MULTIPLE_FILLS_OR_OTHER_ENTRY,,-0.0023521156058605563,False,False,,,,,,,,,,,,,,
evaluation,BASE,2026-01-15,16,2025-12-19,23500,False,True,PREDICTION_AVAILABLE,NOT_COMPARABLE_MULTIPLE_FILLS_OR_OTHER_ENTRY,,-0.0030359848329110997,False,False,,,,,,,,,,,,,,
evaluation,BASE,2026-05-06,17,2026-05-06,17500,True,True,PREDICTION_AVAILABLE,COMPARABLE_SAVED_MODEL_AND_SINGLE_ACTUAL_ENTRY,-0.0014084632377129626,-0.0014084632377129591,False,False,0.6931471805599453,0.0037014983530301304,0.0,1.0,0.021924352833161083,0.0851532620694988,0.05147655530843642,0.15623631499006252,1.0,1.0,-3.469446951953614e-18,0.0,2.220446049250313e-16,0.0
evaluation,BASE,2026-05-07,17,2026-05-06,17500,True,True,PREDICTION_AVAILABLE,COMPARABLE_SAVED_MODEL_AND_SINGLE_ACTUAL_ENTRY,-0.005234696667332829,-0.005234696667332829,False,False,1.0986122886681098,0.008629656282750364,0.0,1.0,0.026822321808708242,0.0978786220096652,0.05606631612734292,0.14981100797354932,2.0,2.0,0.0,0.0,0.0,0.0
evaluation,BASE,2026-05-13,18,2026-05-13,17000,True,True,PREDICTION_AVAILABLE,COMPARABLE_SAVED_MODEL_AND_SINGLE_ACTUAL_ENTRY,0.005587812803536124,0.005587812803536124,False,False,0.6931471805599453,0.014767712045290482,0.0,1.0,0.026048923632821724,0.07768683764987033,0.07637629402167101,0.10400899312390198,0.0,0.0,0.0,0.0,0.0,0.0
evaluation,BASE,2026-05-14,18,2026-05-13,17000,True,True,PREDICTION_AVAILABLE,COMPARABLE_SAVED_MODEL_AND_SINGLE_ACTUAL_ENTRY,-0.0013149825609838073,-0.001314982560983809,False,False,1.0986122886681098,-0.000604491685114561,-0.015148495116603544,1.0,0.0058865490187715,0.06027050520719458,0.05950533495176824,0.1233516518496858,1.0,1.0,1.734723475976807e-18,0.0,-1.1102230246251565e-16,0.0
evaluation,BASE,2026-05-15,18,2026-05-13,17000,True,True,PREDICTION_AVAILABLE,COMPARABLE_SAVED_MODEL_AND_SINGLE_ACTUAL_ENTRY,-0.002745281907329875,-0.0027452819073298766,False,False,1.3862943611198906,-0.013347239514266085,-0.02770580027905123,1.0,-0.001638673041820301,0.03462285344444272,0.045559769660507454,0.12938292818315902,2.0,2.0,1.734723475976807e-18,0.0,-1.1102230246251565e-16,0.0
evaluation,BASE,2026-06-05,19,2026-06-05,17000,True,True,PREDICTION_AVAILABLE,COMPARABLE_SAVED_MODEL_AND_SINGLE_ACTUAL_ENTRY,0.008874032639624406,0.008874032639624465,False,False,0.6931471805599453,-0.014244382393879595,-0.014244382393879595,1.0,-0.01638373735497155,-0.00883960941445664,0.028237096943912077,0.16611488081485667,0.0,0.0,-5.898059818321144e-17,0.0,-2.220446049250313e-16,-2.220446049250313e-16
evaluation,BASE,2026-06-08,19,2026-06-05,17000,True,True,PREDICTION_AVAILABLE,COMPARABLE_SAVED_MODEL_AND_SINGLE_ACTUAL_ENTRY,0.006620611214308358,0.006620611214308389,False,False,1.0986122886681098,-0.03541278714941054,-0.03541278714941054,1.0,-0.026857032139829713,-0.04678854410052361,0.0058008111139233876,0.16960860457559002,0.0,0.0,-3.122502256758253e-17,0.0,-1.1102230246251565e-16,-1.1102230246251565e-16
evaluation,BASE,2026-06-09,19,2026-06-05,17000,True,True,PREDICTION_AVAILABLE,COMPARABLE_SAVED_MODEL_AND_SINGLE_ACTUAL_ENTRY,0.0057285334481654,0.0057285334481654,False,False,1.3862943611198906,-0.01770460240199523,-0.01770460240199523,1.0,-0.022537319400246746,-0.027992429402463638,0.023818568934692808,0.18419416128180918,0.0,0.0,0.0,0.0,0.0,0.0
evaluation,BASE,2026-06-10,19,2026-06-05,17000,True,True,PREDICTION_AVAILABLE,COMPARABLE_SAVED_MODEL_AND_SINGLE_ACTUAL_ENTRY,0.004802603110347291,0.004802603110347322,False,False,1.6094379124341003,-0.02625338124557508,-0.02625338124557508,1.0,-0.037136280848805193,-0.047555128853785204,0.014600377406517984,0.1802098989773052,0.0,0.0,-3.122502256758253e-17,0.0,-1.1102230246251565e-16,-1.1102230246251565e-16
evaluation,BASE,2026-06-11,19,2026-06-05,17000,True,True,PREDICTION_AVAILABLE,COMPARABLE_SAVED_MODEL_AND_SINGLE_ACTUAL_ENTRY,0.0005128431254611196,0.0005128431254611786,False,False,1.791759469228055,-0.03297027890838777,-0.03297027890838777,1.0,-0.036172177493561775,-0.03921261765882837,0.007313037365817898,0.17493207454481996,0.0,0.0,-5.898059818321144e-17,0.0,-2.220446049250313e-16,-2.220446049250313e-16
evaluation,BASE,2026-06-12,19,2026-06-05,17000,True,True,PREDICTION_AVAILABLE,COMPARABLE_SAVED_MODEL_AND_SINGLE_ACTUAL_ENTRY,0.0009274215397102239,0.0009274215397102239,False,False,1.9459101490553132,-0.019332941229343814,-0.019332941229343814,1.0,-0.005175459228412487,-0.012376395601048827,0.021094537222491105,0.17861441864061717,0.0,0.0,0.0,0.0,0.0,0.0
evaluation,BASE,2026-06-15,19,2026-06-05,17000,True,True,PREDICTION_AVAILABLE,COMPARABLE_SAVED_MODEL_AND_SINGLE_ACTUAL_ENTRY,0.00362487194583694,0.00362487194583694,False,False,2.0794415416798357,0.0012248364659315225,0.0,1.0,0.03727911482775145,0.013714266731399017,0.041820635015977325,0.1925372412021714,0.0,0.0,0.0,0.0,0.0,0.0
evaluation,BASE,2026-06-16,19,2026-06-05,17000,True,True,PREDICTION_AVAILABLE,COMPARABLE_SAVED_MODEL_AND_SINGLE_ACTUAL_ENTRY,0.0015636270248356489,0.0015636270248356784,False,False,2.1972245773362196,-0.0006070447148356362,-0.0018296401707663668,1.0,0.017255974603589273,0.008385364605865555,0.03930039364920135,0.19246253539623756,0.0,0.0,-2.949029909160572e-17,0.0,-1.1102230246251565e-16,-1.1102230246251565e-16
evaluation,BASE,2026-06-17,19,2026-06-05,17000,True,True,PREDICTION_AVAILABLE,COMPARABLE_SAVED_MODEL_AND_SINGLE_ACTUAL_ENTRY,0.0013062305713774577,0.0013062305713774543,False,False,2.302585092994046,0.009162988249255655,0.0,1.0,0.035725416964668105,0.017703178788593104,0.04870381245559985,0.19515046105930475,0.0,0.0,3.469446951953614e-18,0.0,-2.220446049250313e-16,0.0
evaluation,BASE,2026-06-18,19,2026-06-05,17000,True,True,PREDICTION_AVAILABLE,COMPARABLE_SAVED_MODEL_AND_SINGLE_ACTUAL_ENTRY,-0.0012203074068534575,-0.001220307406853461,False,False,2.3978952727983707,0.014455089438138335,0.0,1.0,0.047877659280367545,0.035951584252245566,0.05331041889038768,0.1888074659073102,1.0,1.0,3.469446951953614e-18,0.0,-2.220446049250313e-16,0.0
evaluation,BASE,2026-06-22,19,2026-06-05,17000,True,True,PREDICTION_AVAILABLE,COMPARABLE_SAVED_MODEL_AND_SINGLE_ACTUAL_ENTRY,-0.0034245405642588838,-0.0034245405642588838,False,False,2.4849066497880004,0.036234121253925,0.0,1.0,0.05511537072751935,0.0460243990262674,0.07495640566181705,0.1983882518764266,2.0,2.0,0.0,0.0,0.0,0.0
evaluation,BASE,2026-07-23,20,2026-07-23,17800,True,True,PREDICTION_AVAILABLE,COMPARABLE_SAVED_MODEL_AND_SINGLE_ACTUAL_ENTRY,0.01369628772584549,0.01369628772584549,False,False,0.6931471805599453,0.0018929854389180267,0.0,1.0,0.007127912778499626,-0.05308821482853997,0.004471194282746005,0.2805386215931968,0.0,0.0,0.0,0.0,0.0,0.0
evaluation,BASE,2026-07-24,20,2026-07-23,17800,True,True,PREDICTION_AVAILABLE,COMPARABLE_SAVED_MODEL_AND_SINGLE_ACTUAL_ENTRY,0.006241300309488867,0.0062413003094888946,False,False,1.0986122886681098,-0.016106345404563904,-0.017965322749112334,1.0,0.024113116629296927,-0.042887505065772845,-0.013529606177768772,0.27100929415522174,0.0,0.0,-2.7755575615628914e-17,0.0,-1.1102230246251565e-16,-1.1102230246251565e-16
evaluation,BASE,2026-07-27,20,2026-07-23,17800,True,True,PREDICTION_AVAILABLE,COMPARABLE_SAVED_MODEL_AND_SINGLE_ACTUAL_ENTRY,0.007588765266032329,0.007588765266032325,False,False,1.3862943611198906,-0.005223029080598018,-0.007102569458951269,1.0,0.02190877803260742,-0.04242810987512424,-0.0027032414417758055,0.2712888344161486,0.0,0.0,3.469446951953614e-18,0.0,-1.1102230246251565e-16,0.0
evaluation,BASE,2026-07-28,20,2026-07-23,17800,True,True,PREDICTION_AVAILABLE,COMPARABLE_SAVED_MODEL_AND_SINGLE_ACTUAL_ENTRY,0.00035300167258604277,0.00035300167258607053,False,False,1.6094379124341003,-0.03159414171174579,-0.033423856277418174,1.0,-0.03399520048550932,-0.08132200074793403,-0.028996836422587213,0.2789138075630282,0.0,0.0,-2.7755575615628914e-17,0.0,-2.220446049250313e-16,-1.1102230246251565e-16
evaluation,BASE,2026-07-29,20,2026-07-23,17800,True,True,PREDICTION_AVAILABLE,COMPARABLE_SAVED_MODEL_AND_SINGLE_ACTUAL_ENTRY,-9.609332526382477e-05,-9.609332526382477e-05,False,False,1.791759469228055,-0.025315305370996244,-0.027156883225402106,1.0,-0.022926073105925017,-0.07066636841252036,-0.022610569321823037,0.28123656246031814,1.0,1.0,0.0,0.0,-1.1102230246251565e-16,0.0
evaluation,BASE,2026-07-30,20,2026-07-23,17800,True,True,PREDICTION_AVAILABLE,COMPARABLE_SAVED_MODEL_AND_SINGLE_ACTUAL_ENTRY,-0.008428752731372268,-0.008428752731372299,False,False,1.9459101490553132,-0.0361986216949618,-0.03801963651556284,1.0,-0.03876124070310153,-0.05183603524212136,-0.03332120465741151,0.2662349567306714,2.0,2.0,3.122502256758253e-17,0.0,0.0,1.1102230246251565e-16
evaluation,BASE,2026-08-07,21,2026-08-07,17900,True,True,PREDICTION_AVAILABLE,COMPARABLE_SAVED_MODEL_AND_SINGLE_ACTUAL_ENTRY,0.006224331298597207,0.006224331298597207,False,False,0.6931471805599453,0.008717347632618333,0.0,1.0,0.02084294934227313,-0.016284284686620184,-0.002582243402683204,0.2578784172336327,0.0,0.0,0.0,0.0,0.0,0.0
evaluation,BASE,2026-08-10,21,2026-08-07,17900,True,True,PREDICTION_AVAILABLE,COMPARABLE_SAVED_MODEL_AND_SINGLE_ACTUAL_ENTRY,0.0024909774177707747,0.0024909774177707747,False,False,1.0986122886681098,0.010415882421307199,0.0,1.0,0.03419867358118677,0.003156900443549473,-0.0010949683928451748,0.25037914247270854,0.0,0.0,0.0,0.0,0.0,0.0
evaluation,BASE,2026-08-11,21,2026-08-07,17900,True,True,PREDICTION_AVAILABLE,COMPARABLE_SAVED_MODEL_AND_SINGLE_ACTUAL_ENTRY,0.00344164024099481,0.00344164024099481,False,False,1.3862943611198906,0.0038340601151376497,-0.006513973523849637,1.0,0.016420029861837153,-0.022792413737048732,-0.007603545172614745,0.24101492209265454,0.0,0.0,0.0,0.0,0.0,0.0
evaluation,BASE,2026-08-12,21,2026-08-07,17900,True,True,PREDICTION_AVAILABLE,COMPARABLE_SAVED_MODEL_AND_SINGLE_ACTUAL_ENTRY,0.001986177851639412,0.001986177851639412,False,False,1.6094379124341003,0.008080397086859925,-0.0023114099600757276,1.0,0.007186672233482274,-0.01877793544041354,-0.0034317378026383905,0.24168210863467512,0.0,0.0,0.0,0.0,0.0,0.0
evaluation,BASE,2026-08-13,21,2026-08-07,17900,True,True,PREDICTION_AVAILABLE,COMPARABLE_SAVED_MODEL_AND_SINGLE_ACTUAL_ENTRY,-0.0024453129294926042,-0.0024453129294926042,False,False,1.791759469228055,0.004046376963724008,-0.006303845345660863,1.0,0.004238192400321332,-0.00506223397013328,-0.007430106624129018,0.23420056894108035,1.0,1.0,0.0,0.0,0.0,0.0
evaluation,STRESS,2020-02-05,1,2020-02-05,52700,True,False,PREDICTION_AVAILABLE,NOT_COMPARABLE_MULTIPLE_FILLS_OR_OTHER_ENTRY,,0.005719816487448608,False,False,,,,,,,,,,,,,,
evaluation,STRESS,2020-02-06,1,2020-02-05,52700,True,False,PREDICTION_AVAILABLE,NOT_COMPARABLE_MULTIPLE_FILLS_OR_OTHER_ENTRY,,0.005148054572524014,False,False,,,,,,,,,,,,,,
evaluation,STRESS,2020-02-07,1,2020-02-05,52700,True,False,PREDICTION_AVAILABLE,NOT_COMPARABLE_MULTIPLE_FILLS_OR_OTHER_ENTRY,,0.016740230123023173,False,False,,,,,,,,,,,,,,
evaluation,STRESS,2020-02-10,1,2020-02-05,52700,True,False,PREDICTION_AVAILABLE,NOT_COMPARABLE_MULTIPLE_FILLS_OR_OTHER_ENTRY,,0.05102766175568929,False,False,,,,,,,,,,,,,,
evaluation,STRESS,2020-02-11,1,2020-02-05,52700,True,False,PREDICTION_AVAILABLE,NOT_COMPARABLE_MULTIPLE_FILLS_OR_OTHER_ENTRY,,0.037633513477146,False,False,,,,,,,,,,,,,,
evaluation,STRESS,2020-02-12,1,2020-02-05,52700,True,False,PREDICTION_AVAILABLE,NOT_COMPARABLE_MULTIPLE_FILLS_OR_OTHER_ENTRY,,0.035263470595416214,False,False,,,,,,,,,,,,,,
evaluation,STRESS,2020-02-13,1,2020-02-05,52700,True,False,PREDICTION_AVAILABLE,NOT_COMPARABLE_MULTIPLE_FILLS_OR_OTHER_ENTRY,,0.01971142949280985,False,False,,,,,,,,,,,,,,
evaluation,STRESS,2020-02-14,1,2020-02-05,52700,True,False,PREDICTION_AVAILABLE,NOT_COMPARABLE_MULTIPLE_FILLS_OR_OTHER_ENTRY,,0.023555114889319974,False,False,,,,,,,,,,,,,,
evaluation,STRESS,2020-02-17,1,2020-02-05,52700,True,False,PREDICTION_AVAILABLE,NOT_COMPARABLE_MULTIPLE_FILLS_OR_OTHER_ENTRY,,0.026000951376583977,False,False,,,,,,,,,,,,,,
evaluation,STRESS,2020-02-18,1,2020-02-05,4900,False,False,PREDICTION_AVAILABLE,NOT_COMPARABLE_MULTIPLE_FILLS_OR_OTHER_ENTRY,,0.02122471200301909,False,False,,,,,,,,,,,,,,
evaluation,STRESS,2020-02-19,1,2020-02-05,4900,False,False,PREDICTION_AVAILABLE,NOT_COMPARABLE_MULTIPLE_FILLS_OR_OTHER_ENTRY,,0.015980943045507318,False,False,,,,,,,,,,,,,,
evaluation,STRESS,2020-02-20,1,2020-02-05,4900,False,False,PREDICTION_AVAILABLE,NOT_COMPARABLE_MULTIPLE_FILLS_OR_OTHER_ENTRY,,0.020816778675284923,False,False,,,,,,,,,,,,,,
evaluation,STRESS,2020-02-21,1,2020-02-05,4900,False,False,PREDICTION_AVAILABLE,NOT_COMPARABLE_MULTIPLE_FILLS_OR_OTHER_ENTRY,,0.017526508141620538,False,False,,,,,,,,,,,,,,
evaluation,STRESS,2020-02-24,1,2020-02-05,4900,False,False,PREDICTION_AVAILABLE,NOT_COMPARABLE_MULTIPLE_FILLS_OR_OTHER_ENTRY,,0.005294276744436537,False,False,,,,,,,,,,,,,,
evaluation,STRESS,2020-02-25,1,2020-02-05,4900,False,False,PREDICTION_AVAILABLE,NOT_COMPARABLE_MULTIPLE_FILLS_OR_OTHER_ENTRY,,0.008260705553494051,False,False,,,,,,,,,,,,,,
evaluation,STRESS,2020-02-26,1,2020-02-05,4900,False,False,PREDICTION_AVAILABLE,NOT_COMPARABLE_MULTIPLE_FILLS_OR_OTHER_ENTRY,,0.001181635235215848,False,False,,,,,,,,,,,,,,
evaluation,STRESS,2020-02-27,1,2020-02-05,4900,False,False,PREDICTION_AVAILABLE,NOT_COMPARABLE_MULTIPLE_FILLS_OR_OTHER_ENTRY,,-0.008202097604523256,False,False,,,,,,,,,,,,,,
evaluation,STRESS,2020-02-28,1,2020-02-05,4900,False,False,PREDICTION_AVAILABLE,NOT_COMPARABLE_MULTIPLE_FILLS_OR_OTHER_ENTRY,,-0.027561035829298582,False,False,,,,,,,,,,,,,,
evaluation,STRESS,2020-08-19,2,2020-08-19,100,True,True,PREDICTION_AVAILABLE,COMPARABLE_SAVED_MODEL_AND_SINGLE_ACTUAL_ENTRY,0.04724518405889736,0.04633675419296319,False,False,0.6931471805599453,-0.02600568874441289,-0.02600568874441289,1.0,0.019377185894314676,0.00041727519904429314,0.15726519453714793,0.24239528660308174,0.0,0.0,0.0009084298659341739,0.0,-0.01020309977555367,-0.01020309977555367
evaluation,STRESS,2020-08-20,2,2020-08-19,100,True,True,PREDICTION_AVAILABLE,COMPARABLE_SAVED_MODEL_AND_SINGLE_ACTUAL_ENTRY,0.038402253969456984,0.03750348825103273,False,False,1.0986122886681098,-0.036367330353514804,-0.036367330353514804,1.0,0.011877127954875544,-0.00483753178110569,0.1434058693066762,0.2445871947734513,0.0,0.0,0.0008987657184242534,0.0,-0.010094556160920254,-0.010094556160920254
evaluation,STRESS,2020-08-21,2,2020-08-19,100,True,True,PREDICTION_AVAILABLE,COMPARABLE_SAVED_MODEL_AND_SINGLE_ACTUAL_ENTRY,0.029654153215861706,0.028747807773900257,False,False,1.3862943611198906,-0.02824055262088576,-0.02824055262088576,1.0,0.0010459157945421384,0.04906199705661202,0.15140183916162475,0.18414854185117052,0.0,0.0,0.0009063454419614494,0.0,-0.010179688407691567,-0.010179688407691567
evaluation,STRESS,2020-08-24,2,2020-08-19,100,True,True,PREDICTION_AVAILABLE,COMPARABLE_SAVED_MODEL_AND_SINGLE_ACTUAL_ENTRY,0.020466248053554875,0.01955421781894052,False,False,1.6094379124341003,-0.022145469321414146,-0.022145469321414146,1.0,-0.013209686406943151,0.04918500628966871,0.15658191954630651,0.1841800861356856,0.0,0.0,0.0009120302346143569,0.0,-0.010243537592770191,-0.010243537592770191
evaluation,STRESS,2020-08-25,2,2020-08-19,100,True,True,PREDICTION_AVAILABLE,COMPARABLE_SAVED_MODEL_AND_SINGLE_ACTUAL_ENTRY,0.019511745057222692,0.018598009384812465,False,False,1.791759469228055,-0.020316944331572495,-0.020316944331572495,1.0,-0.009905157335518888,0.04344363623412773,0.15701620030633046,0.18323216669986336,0.0,0.0,0.000913735672410227,0.0,-0.01026269234829369,-0.01026269234829369
evaluation,STRESS,2020-08-26,2,2020-08-19,100,True,True,PREDICTION_AVAILABLE,COMPARABLE_SAVED_MODEL_AND_SINGLE_ACTUAL_ENTRY,0.030155148084083157,0.029252592503890312,False,False,1.9459101490553132,-0.03230394148720028,-0.03230394148720028,1.0,-0.006487414193469061,0.0029436522517387563,0.14128481401905768,0.1622898919550476,0.0,0.0,0.0009025555801928445,0.0,-0.010137122284305855,-0.010137122284305855
evaluation,STRESS,2020-08-27,2,2020-08-19,100,True,True,PREDICTION_AVAILABLE,COMPARABLE_SAVED_MODEL_AND_SINGLE_ACTUAL_ENTRY,0.03081288665049057,0.029903509319114237,False,False,2.0794415416798357,-0.024989841527834122,-0.024989841527834122,1.0,0.011737715980664032,0.017870758362169344,0.1483127650792324,0.16172917100712872,0.0,0.0,0.000909377331376332,0.0,-0.010213741306400181,-0.010213741306400181
evaluation,STRESS,2020-08-28,2,2020-08-19,100,True,True,PREDICTION_AVAILABLE,COMPARABLE_SAVED_MODEL_AND_SINGLE_ACTUAL_ENTRY,0.02646903338349179,0.027322001513469883,False,False,2.1972245773362196,-0.001015847216578658,-0.001015847216578658,1.0,0.027630623731642545,0.03455397038325276,0.17486828429088574,0.18034125938561651,0.0,0.0,-0.0008529681299780933,0.0,-0.010464881434375961,-0.001015847216578658
evaluation,STRESS,2020-08-31,2,2020-08-19,100,True,True,PREDICTION_AVAILABLE,COMPARABLE_SAVED_MODEL_AND_SINGLE_ACTUAL_ENTRY,0.025288680594982176,0.026134189373813434,False,False,2.302585092994046,-0.009752133279154807,-0.009752133279154807,1.0,0.01259436488204226,0.01010422041206547,0.16285034326034697,0.17623489209100832,0.0,0.0,-0.0008455087788312582,0.0,-0.010373364269096408,-0.0010069634601592714
evaluation,STRESS,2020-09-01,2,2020-08-19,100,True,True,PREDICTION_AVAILABLE,COMPARABLE_SAVED_MODEL_AND_SINGLE_ACTUAL_ENTRY,0.023507619299511902,0.02435902616994761,False,False,2.3978952727983707,-0.002844372206420087,-0.002844372206420087,1.0,0.017677747089685697,0.01622711995726058,0.16882884921083852,0.17764317544173555,0.0,0.0,-0.0008514068704357086,0.0,-0.010445726678852352,-0.00101398782570028
evaluation,STRESS,2020-09-02,2,2020-08-19,100,True,True,PREDICTION_AVAILABLE,COMPARABLE_SAVED_MODEL_AND_SINGLE_ACTUAL_ENTRY,0.026054789298327337,0.026905502275633125,False,False,2.4849066497880004,-0.00365704997968308,-0.00365704997968308,1.0,0.029173476815186967,0.01499771306164082,0.1659649505166283,0.17773507024178073,0.0,0.0,-0.0008507129773057884,0.0,-0.010437213454175254,-0.0010131614297542724
evaluation,STRESS,2020-09-03,2,2020-08-19,100,True,True,PREDICTION_AVAILABLE,COMPARABLE_SAVED_MODEL_AND_SINGLE_ACTUAL_ENTRY,0.02077088663608128,0.02161813014773737,False,False,2.5649493574615367,-0.00772043884599749,-0.00772043884599749,1.0,0.017556993372349776,0.014643965927486364,0.1592047279603157,0.1778538419010834,0.0,0.0,-0.00084724351165609,0.0,-0.01039464733078943,-0.0010090294500243457
evaluation,STRESS,2020-09-04,2,2020-08-19,100,True,True,PREDICTION_AVAILABLE,COMPARABLE_SAVED_MODEL_AND_SINGLE_ACTUAL_ENTRY,0.007678253224440046,0.008515955705559478,False,False,2.6390573296152584,-0.018894758228362507,-0.018894758228362507,1.0,-0.01805918153839746,0.013341869785239723,0.1441568980529906,0.17890058365775777,0.0,0.0,-0.0008377024811194317,0.0,-0.010277590491478694,-0.0009976665057672696
evaluation,STRESS,2020-09-07,2,2020-08-19,100,True,True,PREDICTION_AVAILABLE,COMPARABLE_SAVED_MODEL_AND_SINGLE_ACTUAL_ENTRY,0.00533211580885801,0.006152991381576397,False,False,2.70805020110221,-0.038602194229987674,-0.038602194229987674,1.0,-0.029567009086874013,-0.010301783527825594,0.1193111931119315,0.1925792705955411,0.0,0.0,-0.000820875572718387,0.0,-0.010071144793057929,-0.000977626404077614
evaluation,STRESS,2020-09-08,2,2020-08-19,100,True,True,PREDICTION_AVAILABLE,COMPARABLE_SAVED_MODEL_AND_SINGLE_ACTUAL_ENTRY,0.0007196855592288762,0.0015447244907269043,False,False,2.772588722239781,-0.03372612759041038,-0.03372612759041038,1.0,-0.03145954802012964,0.0046364677367434805,0.12270872758890672,0.1902893660694335,0.0,0.0,-0.0008250389314980282,0.0,-0.01012222414112085,-0.000982584779753437
evaluation,STRESS,2020-09-09,2,2020-08-19,100,True,True,PREDICTION_AVAILABLE,COMPARABLE_SAVED_MODEL_AND_SINGLE_ACTUAL_ENTRY,-0.006988675075913581,-0.00618289167877136,False,False,2.833213344056216,-0.05627793579845597,-0.05627793579845597,1.0,-0.05425982636810856,-0.012196577852075847,0.0944562472756405,0.20620061074738225,1.0,1.0,-0.000805783397142221,0.0,-0.009885982156330186,-0.0009596522922528106
evaluation,STRESS,2020-09-10,2,2020-08-19,100,True,True,PREDICTION_AVAILABLE,COMPARABLE_SAVED_MODEL_AND_SINGLE_ACTUAL_ENTRY,-0.007212851841600004,-0.00640637455132787,False,False,2.8903717578961645,-0.05546525802519309,-0.05546525802519309,1.0,-0.049312413540010626,-0.008140576232121145,0.09321356346705567,0.20601547003159343,2.0,2.0,-0.0008064772902721343,0.0,-0.009894495381007395,-0.0009604786881989291
evaluation,STRESS,2021-07-29,3,2021-07-29,43400,True,False,,NOT_COMPARABLE_MULTIPLE_FILLS_OR_OTHER_ENTRY,,,False,False,,,,,,,,,,,,,,
evaluation,STRESS,2021-07-30,3,2021-07-29,43400,True,False,,NOT_COMPARABLE_MULTIPLE_FILLS_OR_OTHER_ENTRY,,,False,False,,,,,,,,,,,,,,
evaluation,STRESS,2021-08-02,3,2021-07-29,43400,True,False,,NOT_COMPARABLE_MULTIPLE_FILLS_OR_OTHER_ENTRY,,,False,False,,,,,,,,,,,,,,
evaluation,STRESS,2021-08-03,3,2021-07-29,43400,True,False,,NOT_COMPARABLE_MULTIPLE_FILLS_OR_OTHER_ENTRY,,,False,False,,,,,,,,,,,,,,
evaluation,STRESS,2021-08-04,3,2021-07-29,43400,True,False,,NOT_COMPARABLE_MULTIPLE_FILLS_OR_OTHER_ENTRY,,,False,False,,,,,,,,,,,,,,
evaluation,STRESS,2021-08-05,3,2021-07-29,43400,True,False,,NOT_COMPARABLE_MULTIPLE_FILLS_OR_OTHER_ENTRY,,,False,False,,,,,,,,,,,,,,
evaluation,STRESS,2021-08-06,3,2021-07-29,43400,True,False,,NOT_COMPARABLE_MULTIPLE_FILLS_OR_OTHER_ENTRY,,,False,False,,,,,,,,,,,,,,
evaluation,STRESS,2021-08-09,3,2021-07-29,43400,True,False,,NOT_COMPARABLE_MULTIPLE_FILLS_OR_OTHER_ENTRY,,,False,False,,,,,,,,,,,,,,
evaluation,STRESS,2021-08-10,3,2021-07-29,43400,True,False,,NOT_COMPARABLE_MULTIPLE_FILLS_OR_OTHER_ENTRY,,,False,False,,,,,,,,,,,,,,
evaluation,STRESS,2021-10-29,4,2021-10-29,4700,True,True,PREDICTION_AVAILABLE,COMPARABLE_SAVED_MODEL_AND_SINGLE_ACTUAL_ENTRY,0.010892723837625495,0.011020473621220774,False,False,0.6931471805599453,0.005657119095403562,0.0,1.0,-0.010981442090954429,0.0100888668491573,-0.018049734929941774,0.12032561402138468,0.0,0.0,-0.00012774978359527886,0.0,-0.0006075806823615526,0.0
evaluation,STRESS,2021-11-01,4,2021-10-29,4700,True,True,PREDICTION_AVAILABLE,COMPARABLE_SAVED_MODEL_AND_SINGLE_ACTUAL_ENTRY,0.008281815501864674,0.008409154926789496,False,False,1.0986122886681098,0.0024267408770686227,-0.00321220638426023,1.0,-0.017568828812635724,0.00040290089183215357,-0.02094178892569809,0.11893297638570284,0.0,0.0,-0.00012733942492482164,0.0,-0.0006056290078146898,0.0
evaluation,STRESS,2021-11-02,4,2021-10-29,4700,True,True,PREDICTION_AVAILABLE,COMPARABLE_SAVED_MODEL_AND_SINGLE_ACTUAL_ENTRY,0.005444081120625237,0.0055700868798710685,False,False,1.3862943611198906,-0.008071988332519875,-0.013651877133105783,1.0,-0.024727362995589537,-0.008310577880656509,-0.030960098356991095,0.12435064919854139,0.0,0.0,-0.00012600575924583135,0.0,-0.0005992860655373855,0.0
evaluation,STRESS,2021-11-03,4,2021-10-29,4700,True,True,PREDICTION_AVAILABLE,COMPARABLE_SAVED_MODEL_AND_SINGLE_ACTUAL_ENTRY,0.00410351609220758,0.004229008903115361,False,False,1.6094379124341003,-0.012109961105438716,-0.0176671351134311,1.0,-0.015614227801550994,-0.005706149576854702,-0.03473513412210327,0.12300457215554816,0.0,0.0,-0.0001254928109077815,0.0,-0.000596846472354029,-1.1102230246251565e-16
evaluation,STRESS,2021-11-04,4,2021-10-29,4700,True,True,PREDICTION_AVAILABLE,COMPARABLE_SAVED_MODEL_AND_SINGLE_ACTUAL_ENTRY,0.0029739082844118508,0.003100606523914109,False,False,1.791759469228055,-0.002620725089079623,-0.008231278859666569,1.0,-0.0018202047699178853,0.0010126583143864158,-0.025368692764250245,0.12734649339491194,0.0,0.0,-0.00012669823950225804,0.0,-0.0006025795163353553,0.0
evaluation,STRESS,2021-11-05,4,2021-10-29,4700,True,True,PREDICTION_AVAILABLE,COMPARABLE_SAVED_MODEL_AND_SINGLE_ACTUAL_ENTRY,0.005744615624193551,0.0058708778576084305,False,False,1.9459101490553132,-0.006053001946060732,-0.011644248142943292,1.0,-0.011712573315082823,-0.016719092233518956,-0.02855977688907596,0.11647591719952455,0.0,0.0,-0.0001262622334148797,0.0,-0.0006005058621293413,-1.1102230246251565e-16
evaluation,STRESS,2021-11-08,4,2021-10-29,4700,True,True,PREDICTION_AVAILABLE,COMPARABLE_SAVED_MODEL_AND_SINGLE_ACTUAL_ENTRY,0.00499671033958287,0.0051228699833301555,False,False,2.0794415416798357,-0.006860596500644411,-0.012447299739008266,1.0,-0.009308039683933242,-0.01733215495398119,-0.029130365416593418,0.11645459827820859,0.0,0.0,-0.00012615964374728533,0.0,-0.0006000179434925146,1.1102230246251565e-16
evaluation,STRESS,2021-11-09,4,2021-10-29,4700,True,True,PREDICTION_AVAILABLE,COMPARABLE_SAVED_MODEL_AND_SINGLE_ACTUAL_ENTRY,0.003250338457293847,0.003376446806207318,False,False,2.1972245773362196,-0.007264393777936307,-0.01284882553704092,1.0,0.0008138352432910411,-0.007294865176298401,-0.02939100882207324,0.11108085905394814,0.0,0.0,-0.0001261083489134708,0.0,-0.0005997739841743233,-1.1102230246251565e-16
evaluation,STRESS,2021-11-10,4,2021-10-29,4700,True,True,PREDICTION_AVAILABLE,COMPARABLE_SAVED_MODEL_AND_SINGLE_ACTUAL_ENTRY,0.007506995284453363,0.0076324624479442455,False,False,2.302585092994046,-0.012311859744084552,-0.01786789801244726,1.0,-0.00020439448206054436,-0.02363507655055384,-0.03395252702115592,0.10357030659225237,0.0,0.0,-0.00012546716349088292,0.0,-0.0005967244926948778,-1.1102230246251565e-16
evaluation,STRESS,2021-11-11,4,2021-10-29,4700,True,True,PREDICTION_AVAILABLE,COMPARABLE_SAVED_MODEL_AND_SINGLE_ACTUAL_ENTRY,0.0004765873002868541,0.0006041062571300075,False,False,2.3978952727983707,0.003840031347590145,-0.0018068660911463308,1.0,0.006456842448633395,-0.002009243191524082,-0.01780540483590598,0.11876167216088612,0.0,0.0,-0.0001275189568431534,0.0,-0.000606482865429081,-1.1102230246251565e-16
evaluation,STRESS,2021-11-12,4,2021-10-29,4700,True,True,PREDICTION_AVAILABLE,COMPARABLE_SAVED_MODEL_AND_SINGLE_ACTUAL_ENTRY,0.0019271656911431373,0.002054633353152518,False,False,2.4849066497880004,0.0034362340702982497,-0.0022083918891788734,1.0,0.009501739332473669,-0.007217352901045377,-0.017844791810762595,0.11740436405852737,0.0,0.0,-0.0001274676620093805,0.0,-0.0006062389061107787,0.0
evaluation,STRESS,2021-11-15,4,2021-10-29,4700,True,True,PREDICTION_AVAILABLE,COMPARABLE_SAVED_MODEL_AND_SINGLE_ACTUAL_ENTRY,-0.0015335079508229169,-0.0014061941733149712,False,False,2.5649493574615367,0.002224842238422786,-0.0034129692832763903,1.0,0.009106609529158047,0.0032284128121190434,-0.018687893724136484,0.11005557817664734,1.0,1.0,-0.0001273137775079456,0.0,-0.0006055070281556496,0.0
evaluation,STRESS,2021-11-16,4,2021-10-29,4700,True,True,PREDICTION_AVAILABLE,COMPARABLE_SAVED_MODEL_AND_SINGLE_ACTUAL_ENTRY,0.0012962847568682573,0.001423495944708567,False,False,2.6390573296152584,0.0014172476838389958,-0.0042160208793414755,1.0,0.008707152307033634,-0.00703167136368104,-0.01910697864514177,0.10465312160545086,0.0,0.0,-0.00012721118784030962,0.0,-0.0006050191095188229,0.0
evaluation,STRESS,2021-11-17,4,2021-10-29,4700,True,True,PREDICTION_AVAILABLE,COMPARABLE_SAVED_MODEL_AND_SINGLE_ACTUAL_ENTRY,0.0008084723998382191,0.0009356579402616059,False,False,2.70805020110221,0.0012153490451929372,-0.004416783778357858,1.0,0.013602889682070646,-0.004426566584149799,-0.01902020711551622,0.1042607237590676,0.0,0.0,-0.00012718554042338674,0.0,-0.0006048971298595607,0.0
evaluation,STRESS,2021-11-18,4,2021-10-29,4700,True,True,PREDICTION_AVAILABLE,COMPARABLE_SAVED_MODEL_AND_SINGLE_ACTUAL_ENTRY,-0.0015839501445325766,-0.0014578930904529499,False,False,2.772588722239781,-0.007668191055228091,-0.013250351335073351,1.0,-0.011530420049334928,-0.017745978906938308,-0.027326549796329425,0.10697833405091847,1.0,1.0,-0.0001260570540796268,0.0,-0.0005995300248557989,-1.1102230246251565e-16
evaluation,STRESS,2021-11-19,4,2021-10-29,4700,True,True,PREDICTION_AVAILABLE,COMPARABLE_SAVED_MODEL_AND_SINGLE_ACTUAL_ENTRY,-0.0012118441124382897,-0.001084376450428911,False,False,2.833213344056216,0.0034362340702982497,-0.0022083918891788734,1.0,-8.673617379884035e-18,-0.013192276073563537,-0.015862696014772304,0.11212879403205009,2.0,2.0,-0.00012746766200937877,0.0,-0.0006062389061107787,0.0
evaluation,STRESS,2021-11-25,5,2021-11-25,4600,True,True,PREDICTION_AVAILABLE,COMPARABLE_SAVED_MODEL_AND_SINGLE_ACTUAL_ENTRY,0.01793636667024899,0.017942638793285504,False,False,0.6931471805599453,-0.00539484386137612,-0.00539484386137612,1.0,0.01273645034627046,0.005842667975651102,-0.011994469180234835,0.10141106673408544,0.0,0.0,-6.272123036513144e-06,0.0,-0.0005967233015247153,-0.0005967233015247153
evaluation,STRESS,2021-11-26,5,2021-11-25,4600,True,True,PREDICTION_AVAILABLE,COMPARABLE_SAVED_MODEL_AND_SINGLE_ACTUAL_ENTRY,0.013735960058490882,0.013742179262851718,False,False,1.0986122886681098,-0.013786450241010995,-0.013786450241010995,1.0,-0.0068645535054505345,-0.00907538748805964,-0.019665608521653444,0.10312846950341714,0.0,0.0,-6.219204360835562e-06,0.0,-0.0005916886734285143,-0.0005916886734285143
evaluation,STRESS,2021-11-29,5,2021-11-25,4600,True,True,PREDICTION_AVAILABLE,COMPARABLE_SAVED_MODEL_AND_SINGLE_ACTUAL_ENTRY,0.009338757474812697,0.009344967859394251,False,False,1.3862943611198906,-0.01518505130428327,-0.01518505130428327,1.0,-0.010895991576026675,-0.007277169773895139,-0.020449531985929803,0.10270057182855537,0.0,0.0,-6.210384581553652e-06,0.0,-0.000590849568745555,-0.000590849568745555
evaluation,STRESS,2021-11-30,5,2021-11-25,4600,True,True,PREDICTION_AVAILABLE,COMPARABLE_SAVED_MODEL_AND_SINGLE_ACTUAL_ENTRY,0.004451594085226322,0.00445778179037544,False,False,1.6094379124341003,-0.01878145403841258,-0.01878145403841258,1.0,-0.015156398044258567,-0.00040716612940379544,-0.02345905477756427,0.09669620154545933,0.0,0.0,-6.187705149117428e-06,0.0,-0.0005886918709898659,-0.0005886918709898659
evaluation,STRESS,2021-12-01,5,2021-11-25,4600,True,True,PREDICTION_AVAILABLE,COMPARABLE_SAVED_MODEL_AND_SINGLE_ACTUAL_ENTRY,0.0007812162072031196,0.0007874202919423284,False,False,1.791759469228055,-0.01618405206376361,-0.01618405206376361,1.0,-0.014716524039860839,0.006315596015220643,-0.02027172669480981,0.0959163739396812,0.0,0.0,-6.204084739208811e-06,0.0,-0.0005902502082578698,-0.0005902502082578698
evaluation,STRESS,2021-12-02,5,2021-11-25,4600,True,True,PREDICTION_AVAILABLE,COMPARABLE_SAVED_MODEL_AND_SINGLE_ACTUAL_ENTRY,0.0033981280262746025,0.0034043447106984984,False,False,1.9459101490553132,-0.01418605054480293,-0.01418605054480293,1.0,-0.008878185838235197,-0.001215313092666212,-0.01770382794885439,0.09002869894740669,0.0,0.0,-6.216684423895891e-06,0.0,-0.0005914489292332403,-0.0005914489292332403
evaluation,STRESS,2021-12-03,5,2021-11-25,4600,True,True,PREDICTION_AVAILABLE,COMPARABLE_SAVED_MODEL_AND_SINGLE_ACTUAL_ENTRY,0.0017257740055033784,0.0017320473885083579,False,False,2.0794415416798357,-0.005195043709479874,-0.005195043709479874,1.0,0.008673781056959047,0.01131096688398223,-0.008303968742686463,0.09448642587215185,0.0,0.0,-6.27338300497951e-06,0.0,-0.0005968431736221858,-0.0005968431736221858
evaluation,STRESS,2021-12-06,5,2021-11-25,4600,True,True,PREDICTION_AVAILABLE,COMPARABLE_SAVED_MODEL_AND_SINGLE_ACTUAL_ENTRY,0.0006003255239743202,0.0006065926071369557,False,False,2.1972245773362196,-0.006194044468960214,-0.006194044468960214,1.0,0.009088217657972224,0.01111908756801033,-0.008837566132294583,0.09452483815287625,0.0,0.0,-6.267083162635537e-06,0.0,-0.0005962438131346115,-0.0005962438131346115
evaluation,STRESS,2021-12-07,5,2021-11-25,4600,True,True,PREDICTION_AVAILABLE,COMPARABLE_SAVED_MODEL_AND_SINGLE_ACTUAL_ENTRY,-0.000328819269326739,-0.0003225169070469828,False,False,2.302585092994046,-0.000599640215870445,-0.000599640215870445,1.0,0.01836024539831988,0.017139244025625045,-0.002782784944718175,0.0960471873299573,1.0,1.0,-6.302362279756238e-06,0.0,-0.0005996002318655602,-0.0005996002318655602
evaluation,STRESS,2021-12-08,5,2021-11-25,4600,True,True,PREDICTION_AVAILABLE,COMPARABLE_SAVED_MODEL_AND_SINGLE_ACTUAL_ENTRY,-0.002285961438823393,-0.002158074914768878,False,False,2.3978952727983707,0.013785970720646246,0.0,1.0,0.03000825285488299,0.036528243352164175,0.011850455920990433,0.10420566518975907,2.0,2.0,-0.00012788652405451486,0.0,-0.0006082310228880949,0.0
evaluation,STRESS,2022-05-13,6,2022-05-13,12100,True,True,PREDICTION_AVAILABLE,COMPARABLE_SAVED_MODEL_AND_SINGLE_ACTUAL_ENTRY,0.015948342522761658,0.015926170197036932,False,False,0.6931471805599453,-0.0029038484806476195,-0.0029038484806476195,1.0,0.02003871744352678,-0.04637160957280389,-0.12324491819410288,0.26872034646352655,0.0,0.0,2.2172325724725828e-05,0.0,-0.0006992768636427948,-0.0006992768636427948
evaluation,STRESS,2022-05-16,6,2022-05-13,12100,True,True,PREDICTION_AVAILABLE,COMPARABLE_SAVED_MODEL_AND_SINGLE_ACTUAL_ENTRY,0.011251837830686798,0.011229838117241694,False,False,1.0986122886681098,-0.010666274572335266,-0.010666274572335266,1.0,0.020455839833742773,-0.04648550133734196,-0.1285639292470273,0.2687500888721806,0.0,0.0,2.199971344510332e-05,0.0,-0.0006938329704301305,-0.0006938329704301305
evaluation,STRESS,2022-05-17,6,2022-05-13,12100,True,True,PREDICTION_AVAILABLE,COMPARABLE_SAVED_MODEL_AND_SINGLE_ACTUAL_ENTRY,0.00809678849779656,0.00823502091380079,False,False,1.3862943611198906,0.0016033666693644477,0.0,1.0,0.02122363645162677,-0.044734331340170866,-0.11631524982497654,0.2698935960897363,0.0,0.0,-0.0001382324160042296,0.0,-0.0007024378338953419,0.0
evaluation,STRESS,2022-05-18,6,2022-05-13,12100,True,True,PREDICTION_AVAILABLE,COMPARABLE_SAVED_MODEL_AND_SINGLE_ACTUAL_ENTRY,0.0019335061528407572,0.0020712547553889734,False,False,1.6094379124341003,-0.0019022451139781849,-0.0034999999999998366,1.0,0.0037702696414886297,-0.04776223058382512,-0.11795092931660467,0.26986843635335717,0.0,0.0,-0.00013774860254821622,0.0,-0.0006999793014765832,1.1102230246251565e-16
evaluation,STRESS,2022-05-19,6,2022-05-13,12100,True,True,PREDICTION_AVAILABLE,COMPARABLE_SAVED_MODEL_AND_SINGLE_ACTUAL_ENTRY,-0.00041410388365163264,-0.00027604425816742367,False,False,1.791759469228055,0.00035136246102784874,-0.0012499999999999734,1.0,0.011074867788984236,-0.04071185078256632,-0.11451032996143062,0.27013489106600264,1.0,1.0,-0.00013805962548420897,0.0,-0.0007015597866029122,0.0
evaluation,STRESS,2022-05-20,6,2022-05-13,12100,True,True,PREDICTION_AVAILABLE,COMPARABLE_SAVED_MODEL_AND_SINGLE_ACTUAL_ENTRY,-0.0031826709655785007,-0.003041708459358187,False,False,1.9459101490553132,0.02138503316108431,0.0,1.0,0.024067654693416603,-0.013393600924155542,-0.09462069802630357,0.2809082424793727,2.0,2.0,-0.00014096250622031362,0.0,-0.0007163109811147983,0.0
evaluation,STRESS,2022-06-08,7,2022-06-08,10100,True,True,PREDICTION_AVAILABLE,COMPARABLE_SAVED_MODEL_AND_SINGLE_ACTUAL_ENTRY,-0.0042463771812058845,-0.004112002241604027,False,False,0.6931471805599453,0.007711473883000197,0.0,1.0,0.03248210502145491,0.07571182173569621,-0.045269927948579536,0.1582138282119865,1.0,1.0,-0.00013437493960185773,0.0,-0.0006828357937465057,0.0
evaluation,STRESS,2022-06-09,7,2022-06-08,10100,True,True,PREDICTION_AVAILABLE,COMPARABLE_SAVED_MODEL_AND_SINGLE_ACTUAL_ENTRY,-0.004079616361476023,-0.003946323038338781,False,False,1.0986122886681098,-0.0003998400639744215,-0.00804924242424232,1.0,0.025868721596607486,0.053682781784931646,-0.05164235563293973,0.15873163968153148,2.0,2.0,-0.00013329332313724226,0.0,-0.0006773394829064916,1.1102230246251565e-16
evaluation,STRESS,2022-08-10,8,2022-08-10,16800,True,True,PREDICTION_AVAILABLE,COMPARABLE_SAVED_MODEL_AND_SINGLE_ACTUAL_ENTRY,0.029460235923823946,0.029439029090610965,False,False,0.6931471805599453,-0.01014160534977826,-0.01014160534977826,1.0,0.010617860370513096,-0.04528633041747523,-0.016223109075023223,0.13870103793391544,0.0,0.0,2.1206833212980558e-05,0.0,-0.0006688268971454248,-0.0006688268971454248
evaluation,STRESS,2022-08-11,8,2022-08-10,16800,True,True,PREDICTION_AVAILABLE,COMPARABLE_SAVED_MODEL_AND_SINGLE_ACTUAL_ENTRY,0.02305867679550981,0.0231930751506909,False,False,1.0986122886681098,0.010767549409995913,0.0,1.0,0.024028752129428947,-0.024612340582897657,0.005261831243304149,0.16070504877277653,0.0,0.0,-0.00013439835518109025,0.0,-0.0006829547816744608,0.0
evaluation,STRESS,2022-08-12,8,2022-08-10,16800,True,True,PREDICTION_AVAILABLE,COMPARABLE_SAVED_MODEL_AND_SINGLE_ACTUAL_ENTRY,0.01174031163102093,0.011874741579609452,False,False,1.3862943611198906,0.011005153441357107,0.0,1.0,0.008733679968754566,-0.009356793410881172,0.006221388412097184,0.15265920221826115,0.0,0.0,-0.0001344299485885221,0.0,-0.0006831153258168854,0.0
evaluation,STRESS,2022-08-15,8,2022-08-10,16800,True,True,PREDICTION_AVAILABLE,COMPARABLE_SAVED_MODEL_AND_SINGLE_ACTUAL_ENTRY,0.013777092945438434,0.013911206959952755,False,False,1.6094379124341003,0.00862911312774628,-0.002350176263219761,1.0,0.009705366748606106,-0.022362916554145785,0.00464653955080796,0.14719080105370974,0.0,0.0,-0.00013411401451432145,0.0,-0.0006815098843933054,0.0
evaluation,STRESS,2022-08-16,8,2022-08-10,16800,True,True,PREDICTION_AVAILABLE,COMPARABLE_SAVED_MODEL_AND_SINGLE_ACTUAL_ENTRY,0.009780196815156888,0.009913994895596943,False,False,1.791759469228055,0.006253072814135674,-0.004700352526439522,1.0,0.005683178924227168,-0.019640565874546084,0.003055351602283096,0.1465546716796223,0.0,0.0,-0.00013379808044005487,0.0,-0.0006799044429695034,-1.1102230246251565e-16
evaluation,STRESS,2022-08-17,8,2022-08-10,16800,True,True,PREDICTION_AVAILABLE,COMPARABLE_SAVED_MODEL_AND_SINGLE_ACTUAL_ENTRY,0.012187513033332226,0.012322606443476668,False,False,1.9459101490553132,0.015994838099939512,0.0,1.0,0.026061650324018464,-0.012780469069690843,0.01334818439808716,0.15069364804422825,0.0,0.0,-0.00013509341014444204,0.0,-0.0006864867528069141,0.0
evaluation,STRESS,2022-08-18,8,2022-08-10,16800,True,True,PREDICTION_AVAILABLE,COMPARABLE_SAVED_MODEL_AND_SINGLE_ACTUAL_ENTRY,0.002359244973506208,0.0024931694275759503,False,False,2.0794415416798357,0.007203488939579783,-0.008652946679139517,1.0,-0.0035323244075453463,-0.01102650468088507,0.005326244849155115,0.14937062183177308,0.0,0.0,-0.00013392445406974242,0.0,-0.0006805466195389798,-1.1102230246251565e-16
evaluation,STRESS,2022-08-19,8,2022-08-10,16800,True,True,PREDICTION_AVAILABLE,COMPARABLE_SAVED_MODEL_AND_SINGLE_ACTUAL_ENTRY,0.001202538041312361,0.0013355146931593974,False,False,2.1972245773362196,7.536799874774402e-05,-0.01566884939195523,1.0,-0.01086967223690404,-0.018828515746309775,-0.001154917099101982,0.151010680145868,0.0,0.0,-0.00013297665184703635,0.0,-0.0006757302952675737,0.0
evaluation,STRESS,2022-08-22,8,2022-08-10,16800,True,True,PREDICTION_AVAILABLE,COMPARABLE_SAVED_MODEL_AND_SINGLE_ACTUAL_ENTRY,-0.0009668192799241844,-0.000832989606076715,False,False,2.302585092994046,0.006490676845496646,-0.009354536950420989,1.0,-0.0021223920241507733,-0.008228564120169285,0.0059069726023326385,0.15256012361963087,1.0,1.0,-0.00013382967384746938,0.0,-0.0006800649871117059,0.0
evaluation,STRESS,2022-08-23,8,2022-08-10,16800,True,True,PREDICTION_AVAILABLE,COMPARABLE_SAVED_MODEL_AND_SINGLE_ACTUAL_ENTRY,0.0008764492046054537,0.0010098365707490089,False,False,2.3978952727983707,0.003164220406441709,-0.012628624883068262,1.0,-0.0030743786778889204,-0.018306073273387492,0.0032753383262107416,0.15055745335236873,0.0,0.0,-0.00013338736614355515,0.0,-0.0006778173691186495,-1.1102230246251565e-16
evaluation,STRESS,2022-08-24,8,2022-08-10,16800,True,True,PREDICTION_AVAILABLE,COMPARABLE_SAVED_MODEL_AND_SINGLE_ACTUAL_ENTRY,-0.004719678322274432,-0.004588723648502521,False,False,2.4849066497880004,-0.015131290008360776,-0.030636108512628657,1.0,-0.03111520457554053,-0.03111520457554034,-0.0141163318943478,0.16163106471843153,1.0,1.0,-0.00013095467377191063,0.0,-0.0006654554701552851,1.1102230246251565e-16
evaluation,STRESS,2022-08-25,8,2022-08-10,16800,True,True,PREDICTION_AVAILABLE,COMPARABLE_SAVED_MODEL_AND_SINGLE_ACTUAL_ENTRY,-0.0036614001181361523,-0.003529308081696979,False,False,2.5649493574615367,-0.00657754487936224,-0.02221702525724978,1.0,-0.013776939996072077,-0.023168885060251745,-0.004778538826372136,0.1653609301280814,2.0,2.0,-0.00013209203643917318,0.0,-0.0006712350592810168,0.0
evaluation,STRESS,2024-02-19,9,2024-02-19,21000,True,True,PREDICTION_AVAILABLE,COMPARABLE_SAVED_MODEL_AND_SINGLE_ACTUAL_ENTRY,0.009513595385812982,0.009609882702167828,False,False,0.6931471805599453,0.002855222623798337,0.0,1.0,0.06114113169694553,0.0327671215843269,-0.03478912907642817,0.21001178444190122,0.0,0.0,-9.628731635484555e-05,0.0,-0.0007947582804945785,0.0
evaluation,STRESS,2024-02-20,9,2024-02-19,21000,True,True,PREDICTION_AVAILABLE,COMPARABLE_SAVED_MODEL_AND_SINGLE_ACTUAL_ENTRY,0.005000546776364759,0.005097175033349936,False,False,1.0986122886681098,0.00640620010136872,0.0,1.0,0.0584218160207902,0.037496835216346835,-0.030404198165011165,0.20981892354241388,0.0,0.0,-9.662825698517757e-05,0.0,-0.0007975724142701424,0.0
evaluation,STRESS,2024-02-21,9,2024-02-19,21000,True,True,PREDICTION_AVAILABLE,COMPARABLE_SAVED_MODEL_AND_SINGLE_ACTUAL_ENTRY,-0.002674216981165869,-0.002576224961659263,False,False,1.3862943611198906,0.020610110011649585,0.0,1.0,0.04083407538959469,0.04495621654724684,-0.01596386981618414,0.21353472601458892,1.0,1.0,-9.799201950660627e-05,0.0,-0.0008088289493732859,0.0
evaluation,STRESS,2024-02-22,9,2024-02-19,21000,True,True,PREDICTION_AVAILABLE,COMPARABLE_SAVED_MODEL_AND_SINGLE_ACTUAL_ENTRY,-0.007754185440373742,-0.0076554547161680345,False,False,1.6094379124341003,0.028303894546385155,0.0,1.0,0.03962367202814638,0.07499321897341252,-0.00796456110058319,0.1940572312310132,2.0,2.0,-9.873072420570755e-05,0.0,-0.0008149262392207479,0.0
evaluation,STRESS,2024-06-18,10,2024-06-18,20100,True,True,PREDICTION_AVAILABLE,COMPARABLE_SAVED_MODEL_AND_SINGLE_ACTUAL_ENTRY,0.0171107199875205,0.01714451419082963,False,False,0.6931471805599453,0.0001628394518915499,0.0,1.0,0.001125809294253439,-0.03564405513785623,0.022788381552561576,0.08276926819810168,0.0,0.0,-3.379420330913013e-05,0.0,-0.0007634185519287406,0.0
evaluation,STRESS,2024-06-19,10,2024-06-18,20100,True,True,PREDICTION_AVAILABLE,COMPARABLE_SAVED_MODEL_AND_SINGLE_ACTUAL_ENTRY,0.014330448420569904,0.014364147562828944,False,False,1.0986122886681098,-0.0026505581274386403,-0.002812939521800284,1.0,-0.0005640158073940034,-0.035198312774153334,0.019413845214793835,0.08268175222968997,0.0,0.0,-3.36991422590395e-05,0.0,-0.0007612711017124241,0.0
evaluation,STRESS,2024-06-20,10,2024-06-18,20100,True,True,PREDICTION_AVAILABLE,COMPARABLE_SAVED_MODEL_AND_SINGLE_ACTUAL_ENTRY,0.014516563995737627,0.01455004449758144,False,False,1.3862943611198906,-0.0091213725598982,-0.009282700421941015,1.0,-0.0034013638234903065,-0.04388374210682529,0.01232861636374083,0.08293912736804998,0.0,0.0,-3.348050184381196e-05,0.0,-0.0007563319662146073,0.0
evaluation,STRESS,2024-06-21,10,2024-06-18,20100,True,True,PREDICTION_AVAILABLE,COMPARABLE_SAVED_MODEL_AND_SINGLE_ACTUAL_ENTRY,0.010680177969147265,0.01071360143436104,False,False,1.6094379124341003,-0.010809411107496225,-0.010970464135021007,1.0,-0.010749749909529017,-0.035483538203496104,0.010153263757170405,0.07776412027608763,0.0,0.0,-3.342346521377493e-05,0.0,-0.0007550434960846841,1.1102230246251565e-16
evaluation,STRESS,2024-06-24,10,2024-06-18,20100,True,True,PREDICTION_AVAILABLE,COMPARABLE_SAVED_MODEL_AND_SINGLE_ACTUAL_ENTRY,0.009207579239712306,0.009240841101140922,False,False,1.791759469228055,-0.015592186992357537,-0.015752461322081412,1.0,-0.012778819357283578,-0.02901203336821329,0.0047888169449363804,0.07066407867783435,0.0,0.0,-3.326186142861565e-05,0.0,-0.0007513928307169015,1.1102230246251565e-16
evaluation,STRESS,2024-06-25,10,2024-06-18,20100,True,True,PREDICTION_AVAILABLE,COMPARABLE_SAVED_MODEL_AND_SINGLE_ACTUAL_ENTRY,0.011045736623608058,0.01107879885683145,False,False,1.9459101490553132,-0.021500321908951014,-0.02165963431786211,1.0,-0.021897647323112945,-0.04332604480695545,-0.001595966470710919,0.062548504847491,0.0,0.0,-3.3062233223392357e-05,0.0,-0.0007468831852625035,0.0
evaluation,STRESS,2024-06-26,10,2024-06-18,20100,True,True,PREDICTION_AVAILABLE,COMPARABLE_SAVED_MODEL_AND_SINGLE_ACTUAL_ENTRY,0.007958758615702801,0.007992020477131417,False,False,2.0794415416798357,-0.015592186992357537,-0.015752461322081412,1.0,-0.013060946598539895,-0.030953512275100483,0.004039823006227072,0.06669279062629799,0.0,0.0,-3.326186142861565e-05,0.0,-0.0007513928307169015,1.1102230246251565e-16
evaluation,STRESS,2024-06-27,10,2024-06-18,20100,True,True,PREDICTION_AVAILABLE,COMPARABLE_SAVED_MODEL_AND_SINGLE_ACTUAL_ENTRY,0.00922072370141605,0.00925380494684946,False,False,2.1972245773362196,-0.020937642393085043,-0.021097046413502074,1.0,-0.01199671628763144,-0.03667547855840662,-0.0017359584191440902,0.06766243257923879,0.0,0.0,-3.308124543341048e-05,0.0,-0.0007473126753058112,0.0
evaluation,STRESS,2024-06-28,10,2024-06-18,20100,True,True,PREDICTION_AVAILABLE,COMPARABLE_SAVED_MODEL_AND_SINGLE_ACTUAL_ENTRY,0.007616260658929612,0.007649408447098067,False,False,2.302585092994046,-0.01896826408755392,-0.019127988748241953,1.0,-0.008282212129416641,-0.030780348915859908,-0.00011564517597884016,0.06848073554817372,0.0,0.0,-3.3147788168454845e-05,0.0,-0.0007488158904572773,-1.1102230246251565e-16
evaluation,STRESS,2024-07-01,10,2024-06-18,20100,True,True,PREDICTION_AVAILABLE,COMPARABLE_SAVED_MODEL_AND_SINGLE_ACTUAL_ENTRY,0.006223357222847434,0.006256638096486057,False,False,2.3978952727983707,-0.015029507476491788,-0.0151898734177216,1.0,0.0005714285869773588,-0.022872661665991556,0.0034997754108592183,0.07049810882905747,0.0,0.0,-3.3280873638623365e-05,0.0,-0.0007518223207604313,0.0
evaluation,STRESS,2024-07-02,10,2024-06-18,20100,True,True,PREDICTION_AVAILABLE,COMPARABLE_SAVED_MODEL_AND_SINGLE_ACTUAL_ENTRY,0.0073419874848680705,0.007375220827981654,False,False,2.4849066497880004,-0.016436206266156606,-0.016596343178621575,1.0,0.005162041861197408,-0.02569674075685679,0.0018772178581683008,0.06988950996305637,0.0,0.0,-3.323334311358325e-05,0.0,-0.00075074859565194,1.1102230246251565e-16
evaluation,STRESS,2024-07-03,10,2024-06-18,20100,True,True,PREDICTION_AVAILABLE,COMPARABLE_SAVED_MODEL_AND_SINGLE_ACTUAL_ENTRY,0.008035352445967914,0.008068528752451405,False,False,2.5649493574615367,-0.018124244813754853,-0.01828410689170179,1.0,-0.0025754771712153506,-0.0343598993404034,6.459268949710051e-06,0.06303439498477004,0.0,0.0,-3.317630648349071e-05,0.0,-0.0007494601255223499,-1.1102230246251565e-16
evaluation,STRESS,2024-07-04,10,2024-06-18,20100,True,True,PREDICTION_AVAILABLE,COMPARABLE_SAVED_MODEL_AND_SINGLE_ACTUAL_ENTRY,0.008498958352895589,0.008531992067803952,False,False,2.6390573296152584,-0.022344341182750194,-0.02250351617440227,1.0,-0.0014378147696276333,-0.035061550080138434,-0.004513572315739456,0.0633474529826025,0.0,0.0,-3.303371490836343e-05,0.0,-0.000746238950197653,0.0
evaluation,STRESS,2024-07-05,10,2024-06-18,20100,True,True,PREDICTION_AVAILABLE,COMPARABLE_SAVED_MODEL_AND_SINGLE_ACTUAL_ENTRY,0.008372591344877084,0.008405463456000285,False,False,2.70805020110221,-0.027127117067611506,-0.027285513361462677,1.0,-0.008351380432415338,-0.03996564183579507,-0.009587367150533987,0.06391548162505406,0.0,0.0,-3.287211112320068e-05,0.0,-0.0007425882848297594,0.0
evaluation,STRESS,2024-07-08,10,2024-06-18,20100,True,True,PREDICTION_AVAILABLE,COMPARABLE_SAVED_MODEL_AND_SINGLE_ACTUAL_ENTRY,0.006941079481282329,0.006973723445885295,False,False,2.772588722239781,-0.03387927125800394,-0.034036568213783314,1.0,-0.019322879497244774,-0.04051909483598408,-0.016676169694812004,0.06442436897775149,0.0,0.0,-3.2643964602965814e-05,0.0,-0.0007374344043102887,0.0
evaluation,STRESS,2024-07-09,10,2024-06-18,20100,True,True,PREDICTION_AVAILABLE,COMPARABLE_SAVED_MODEL_AND_SINGLE_ACTUAL_ENTRY,0.0024757214350753075,0.0025087171255636555,False,False,2.833213344056216,-0.023469700214482137,-0.02362869198312223,1.0,-0.007176720913639793,-0.02278651708130184,-0.006425545743564132,0.0756166699284444,0.0,0.0,-3.2995690488347995e-05,0.0,-0.0007453799701110375,1.1102230246251565e-16
evaluation,STRESS,2024-07-10,10,2024-06-18,20100,True,True,PREDICTION_AVAILABLE,COMPARABLE_SAVED_MODEL_AND_SINGLE_ACTUAL_ENTRY,0.002537980375813511,0.0025709000174617518,False,False,2.8903717578961645,-0.025720418277946355,-0.02587904360056259,1.0,-0.007766470794050854,-0.023966910371200047,-0.009148671714096834,0.07572748073648718,0.0,0.0,-3.2919641648240794e-05,0.0,-0.0007436620099378066,0.0
evaluation,STRESS,2024-07-11,10,2024-06-18,20100,True,True,PREDICTION_AVAILABLE,COMPARABLE_SAVED_MODEL_AND_SINGLE_ACTUAL_ENTRY,-0.0014287643671404993,-0.0013954074446618052,False,False,2.9444389791664403,-0.01277878941302757,-0.01293952180028135,1.0,0.009736617584322534,-0.00709927729642679,0.003483312187892329,0.09022304503684463,1.0,1.0,-3.335692247869414e-05,0.0,-0.0007535402809334402,0.0
evaluation,STRESS,2024-07-12,10,2024-06-18,20100,True,True,PREDICTION_AVAILABLE,COMPARABLE_SAVED_MODEL_AND_SINGLE_ACTUAL_ENTRY,6.142817554271457e-06,3.9594801083080514e-05,False,False,2.995732273553991,-0.009965391833697157,-0.010126582278480845,1.0,0.017486471078349337,-0.009896871393011604,0.005750840250615452,0.08835394773447561,0.0,0.0,-3.345198352880906e-05,0.0,-0.0007556877311497567,1.1102230246251565e-16
evaluation,STRESS,2024-07-15,10,2024-06-18,20100,True,True,PREDICTION_AVAILABLE,COMPARABLE_SAVED_MODEL_AND_SINGLE_ACTUAL_ENTRY,9.69078878937605e-05,0.00013042641415758963,False,False,3.044522437723423,-0.007996013528166146,-0.008157524613220946,1.0,0.026438321500394525,-0.005091948767156411,0.007186614955147164,0.08831732057888377,0.0,0.0,-3.351852626382913e-05,0.0,-0.0007571909463012227,-1.1102230246251565e-16
evaluation,STRESS,2024-07-16,10,2024-06-18,20100,True,True,PREDICTION_AVAILABLE,COMPARABLE_SAVED_MODEL_AND_SINGLE_ACTUAL_ENTRY,-0.003125654535312104,-0.003091898356422991,False,False,3.091042453358316,-0.000962519579840504,-0.0011251758087200692,1.0,0.022786517081301597,-0.001125809294253679,0.013673254355992315,0.091278233045523,1.0,1.0,-3.375617888911296e-05,0.0,-0.0007625595718421252,1.1102230246251565e-16
evaluation,STRESS,2024-07-17,10,2024-06-18,20100,True,True,PREDICTION_AVAILABLE,COMPARABLE_SAVED_MODEL_AND_SINGLE_ACTUAL_ENTRY,-0.0036956368307879267,-0.003661833121373791,False,False,3.1354942159291497,0.00044417920982464665,0.0,1.0,0.02650105223137314,0.0030981576675670995,0.014424477637799304,0.09082477083190955,2.0,2.0,-3.380370941413573e-05,0.0,-0.0007636332969502835,0.0
evaluation,STRESS,2024-08-02,11,2024-08-02,20400,True,True,PREDICTION_AVAILABLE,COMPARABLE_SAVED_MODEL_AND_SINGLE_ACTUAL_ENTRY,-0.00026091202441260765,-0.0002967459364795772,False,False,0.6931471805599453,-0.005305499047494222,-0.005305499047494222,1.0,-0.007802380284184952,-0.0031860997263705596,-0.0231230117775979,0.1499587753762262,1.0,1.0,3.5833912066969564e-05,0.0,-0.000773649784764463,-0.000773649784764463
evaluation,STRESS,2024-08-05,11,2024-08-02,20400,True,True,PREDICTION_AVAILABLE,COMPARABLE_SAVED_MODEL_AND_SINGLE_ACTUAL_ENTRY,-0.0021412670948966137,-0.0021766955754084303,False,False,1.0986122886681098,-0.016559657892039614,-0.016559657892039614,1.0,-0.013407370757417617,-0.007600153508214598,-0.034608765854384105,0.15323034307158764,2.0,2.0,3.542848051181664e-05,0.0,-0.0007648965670081775,-0.0007648965670081775
evaluation,STRESS,2024-08-28,12,2024-08-28,20900,True,True,PREDICTION_AVAILABLE,COMPARABLE_SAVED_MODEL_AND_SINGLE_ACTUAL_ENTRY,0.013244449305625277,0.013207909668158779,False,False,0.6931471805599453,-0.005436355392638537,-0.005436355392638537,1.0,-0.009192058791909987,-0.04399835651203827,-0.04814787685749833,0.08154279303717339,0.0,0.0,3.6539637466498354e-05,0.0,-0.0007888863099427823,-0.0007888863099427823
evaluation,STRESS,2024-08-29,12,2024-08-28,20900,True,True,PREDICTION_AVAILABLE,COMPARABLE_SAVED_MODEL_AND_SINGLE_ACTUAL_ENTRY,0.010260300007938691,0.010223869216577256,False,False,1.0986122886681098,-0.008399011468323225,-0.008399011468323225,1.0,-0.009515385502963304,-0.03982956915467422,-0.050545834495605346,0.07959407457521504,0.0,0.0,3.6430791361435205e-05,0.0,-0.0007865363358290356,-0.0007865363358290356
evaluation,STRESS,2024-08-30,12,2024-08-28,20900,True,True,PREDICTION_AVAILABLE,COMPARABLE_SAVED_MODEL_AND_SINGLE_ACTUAL_ENTRY,0.004155150655944958,0.004227058280549485,False,False,1.3862943611198906,0.00493294087225804,0.0,1.0,-0.00029476787243641264,-0.016084569605071406,-0.037482471842625986,0.09008004515730063,0.0,0.0,-7.190762460452735e-05,0.0,-0.0007971112193403407,0.0
evaluation,STRESS,2024-09-02,12,2024-08-28,20900,True,True,PREDICTION_AVAILABLE,COMPARABLE_SAVED_MODEL_AND_SINGLE_ACTUAL_ENTRY,0.0018050327708765967,0.0018756684445741956,False,False,1.6094379124341003,-0.012842995581850314,-0.017688679245283057,1.0,-0.0184364425074385,-0.02255288466247278,-0.05405852989188287,0.10156449496891418,0.0,0.0,-7.063567369759889e-05,0.0,-0.0007830113746585265,0.0
evaluation,STRESS,2024-09-03,12,2024-08-28,20900,True,True,PREDICTION_AVAILABLE,COMPARABLE_SAVED_MODEL_AND_SINGLE_ACTUAL_ENTRY,0.0008554551364335448,0.000926345200312536,False,False,1.791759469228055,-0.00928780829102882,-0.014150943396226578,1.0,-0.009820046180975407,-0.018957913744613766,-0.0501191848560667,0.10282909457582225,0.0,0.0,-7.089006387899117e-05,0.0,-0.0007858313435951114,-1.1102230246251565e-16
evaluation,STRESS,2024-09-04,12,2024-08-28,20900,True,True,PREDICTION_AVAILABLE,COMPARABLE_SAVED_MODEL_AND_SINGLE_ACTUAL_ENTRY,0.0009625702097045691,0.001033015090766129,False,False,1.9459101490553132,-0.015509386049966656,-0.020341981132075526,1.0,-0.010179728625440681,-0.0232015166526008,-0.05549634051019681,0.10445699819890161,0.0,0.0,-7.044488106155988e-05,0.0,-0.000780896397956421,-1.1102230246251565e-16
evaluation,STRESS,2024-09-05,12,2024-08-28,20900,True,True,PREDICTION_AVAILABLE,COMPARABLE_SAVED_MODEL_AND_SINGLE_ACTUAL_ENTRY,0.000509717409821045,0.0005803106851550912,False,False,2.0794415416798357,-0.01343552679698734,-0.01827830188679247,1.0,-0.005092118236836994,-0.022272635609122845,-0.05297958313090256,0.10476919765924518,0.0,0.0,-7.059327533404623e-05,0.0,-0.0007825413798359104,0.0
evaluation,STRESS,2024-09-06,12,2024-08-28,20900,True,True,PREDICTION_AVAILABLE,COMPARABLE_SAVED_MODEL_AND_SINGLE_ACTUAL_ENTRY,-0.0019496405460665417,-0.0018796408478223958,False,False,2.1972245773362196,-0.02173096380890449,-0.026533018867924474,1.0,-0.02689137243172019,-0.027186140304156385,-0.06038581472830529,0.1075542429983929,1.0,1.0,-6.999969824414594e-05,0.0,-0.0007759614523177305,0.0
evaluation,STRESS,2024-09-09,12,2024-08-28,20900,True,True,PREDICTION_AVAILABLE,COMPARABLE_SAVED_MODEL_AND_SINGLE_ACTUAL_ENTRY,0.0006138166831487976,0.0006829472149398816,False,False,2.302585092994046,-0.033877853719211815,-0.038620283018867885,1.0,-0.021538827497413947,-0.03850099581773176,-0.07139212871228362,0.11424155568514298,0.0,0.0,-6.913053179108397e-05,0.0,-0.0007663265584518797,0.0
evaluation,STRESS,2024-09-10,12,2024-08-28,20900,True,True,PREDICTION_AVAILABLE,COMPARABLE_SAVED_MODEL_AND_SINGLE_ACTUAL_ENTRY,-0.00015115652111582015,-8.202598932473618e-05,False,False,2.3978952727983707,-0.033877853719211815,-0.038620283018867885,1.0,-0.02513379841527296,-0.03997527000485223,-0.0706621638951821,0.11380117523248956,1.0,1.0,-6.913053179108397e-05,0.0,-0.0007663265584518797,0.0
evaluation,STRESS,2024-09-11,12,2024-08-28,20900,True,True,PREDICTION_AVAILABLE,COMPARABLE_SAVED_MODEL_AND_SINGLE_ACTUAL_ENTRY,-0.0008366257248083493,-0.000767643587289743,False,False,2.4849066497880004,-0.03595171297219113,-0.04068396226415094,1.0,-0.02098298057561109,-0.0350277355674241,-0.07196281006466865,0.11226918300188413,2.0,2.0,-6.89821375186063e-05,0.0,-0.0007646815765722792,0.0
evaluation,STRESS,2024-09-25,13,2024-09-25,20400,True,True,PREDICTION_AVAILABLE,COMPARABLE_SAVED_MODEL_AND_SINGLE_ACTUAL_ENTRY,0.001410048700928623,0.0013744549673385693,False,False,0.6931471805599453,-0.005837115483036559,-0.005837115483036559,1.0,0.0703508125634698,0.023297501006878697,-0.004893418948272665,0.19733397134487446,0.0,0.0,3.559373359005372e-05,0.0,-0.0007684643607832609,-0.0007684643607832609
evaluation,STRESS,2024-09-26,13,2024-09-25,20400,True,True,PREDICTION_AVAILABLE,COMPARABLE_SAVED_MODEL_AND_SINGLE_ACTUAL_ENTRY,-0.007555859868917725,-0.007483223969072629,False,False,1.0986122886681098,0.041667501336138946,0.0,1.0,0.10872391892025493,0.07499594024521887,0.04251693374002974,0.25349406401964036,1.0,1.0,-7.263589984509572e-05,0.0,-0.000805184304332629,0.0
evaluation,STRESS,2024-09-27,13,2024-09-25,20400,True,True,PREDICTION_AVAILABLE,COMPARABLE_SAVED_MODEL_AND_SINGLE_ACTUAL_ENTRY,-0.0191340489224695,-0.019056843346507774,False,False,1.3862943611198906,0.10720097875536316,0.0,1.0,0.1669835967694328,0.14194835772047812,0.10731892301858226,0.3231136297280422,2.0,2.0,-7.720557596172656e-05,0.0,-0.0008558401300722274,0.0
evaluation,STRESS,2025-04-09,14,2025-04-09,41900,True,False,,NOT_COMPARABLE_MULTIPLE_FILLS_OR_OTHER_ENTRY,,,False,False,,,,,,,,,,,,,,
evaluation,STRESS,2025-04-10,14,2025-04-09,61400,False,False,PREDICTION_AVAILABLE,NOT_COMPARABLE_MULTIPLE_FILLS_OR_OTHER_ENTRY,,0.007180533893054741,False,False,,,,,,,,,,,,,,
evaluation,STRESS,2025-04-11,14,2025-04-09,61400,False,False,PREDICTION_AVAILABLE,NOT_COMPARABLE_MULTIPLE_FILLS_OR_OTHER_ENTRY,,0.0022592732449067537,False,False,,,,,,,,,,,,,,
evaluation,STRESS,2025-04-14,14,2025-04-09,61400,False,False,PREDICTION_AVAILABLE,NOT_COMPARABLE_MULTIPLE_FILLS_OR_OTHER_ENTRY,,0.013580665831758494,False,False,,,,,,,,,,,,,,
evaluation,STRESS,2025-04-15,14,2025-04-09,61400,False,False,PREDICTION_AVAILABLE,NOT_COMPARABLE_MULTIPLE_FILLS_OR_OTHER_ENTRY,,0.009507034487313604,False,False,,,,,,,,,,,,,,
evaluation,STRESS,2025-04-16,14,2025-04-09,61400,False,False,PREDICTION_AVAILABLE,NOT_COMPARABLE_MULTIPLE_FILLS_OR_OTHER_ENTRY,,0.0068962338447941494,False,False,,,,,,,,,,,,,,
evaluation,STRESS,2025-04-17,14,2025-04-09,61400,False,False,PREDICTION_AVAILABLE,NOT_COMPARABLE_MULTIPLE_FILLS_OR_OTHER_ENTRY,,0.0037350541821416262,False,False,,,,,,,,,,,,,,
evaluation,STRESS,2025-04-18,14,2025-04-09,61400,False,False,PREDICTION_AVAILABLE,NOT_COMPARABLE_MULTIPLE_FILLS_OR_OTHER_ENTRY,,0.00016411031271313173,False,False,,,,,,,,,,,,,,
evaluation,STRESS,2025-04-21,14,2025-04-09,61400,False,False,PREDICTION_AVAILABLE,NOT_COMPARABLE_MULTIPLE_FILLS_OR_OTHER_ENTRY,,-0.004454033293422116,False,False,,,,,,,,,,,,,,
evaluation,STRESS,2025-04-22,14,2025-04-09,61400,False,False,PREDICTION_AVAILABLE,NOT_COMPARABLE_MULTIPLE_FILLS_OR_OTHER_ENTRY,,-0.004708621673634858,False,False,,,,,,,,,,,,,,
evaluation,STRESS,2025-06-03,15,2025-06-03,3600,True,True,PREDICTION_AVAILABLE,COMPARABLE_SAVED_MODEL_AND_SINGLE_ACTUAL_ENTRY,0.009575456110051034,0.009612846507437434,False,False,0.6931471805599453,0.001371603257431131,0.0,1.0,-0.0025239791289059874,0.023265781617147808,-0.003274559193954474,0.096115470259064,0.0,0.0,-3.739039738639982e-05,0.0,-0.0007076161570447326,0.0
evaluation,STRESS,2025-06-04,15,2025-06-03,3600,True,True,PREDICTION_AVAILABLE,COMPARABLE_SAVED_MODEL_AND_SINGLE_ACTUAL_ENTRY,0.008104016943976156,0.008141567977388721,False,False,1.0986122886681098,0.005673679895130679,0.0,1.0,0.007070736529201543,0.018027655931147194,0.0011273389133463763,0.09191148501943848,0.0,0.0,-3.755103341256463e-05,0.0,-0.0007106562062408894,0.0
evaluation,STRESS,2025-06-05,15,2025-06-03,3600,True,True,PREDICTION_AVAILABLE,COMPARABLE_SAVED_MODEL_AND_SINGLE_ACTUAL_ENTRY,0.006550854061211857,0.006588499586404534,False,False,1.3862943611198906,0.00820431321142423,0.0,1.0,0.010598130991823445,0.014410564126479305,0.003753999647275519,0.09012962245905291,0.0,0.0,-3.764552519267689e-05,0.0,-0.0007124444704742494,0.0
evaluation,STRESS,2025-06-06,15,2025-06-03,3600,True,True,PREDICTION_AVAILABLE,COMPARABLE_SAVED_MODEL_AND_SINGLE_ACTUAL_ENTRY,0.004934950140420325,0.004972614563969014,False,False,1.6094379124341003,0.008710439874683118,0.0,1.0,0.005030191692998854,0.009072642877572614,0.004316933465473349,0.0881582415819626,0.0,0.0,-3.766442354868893e-05,0.0,-0.0007128021233206994,0.0
evaluation,STRESS,2025-06-09,15,2025-06-03,3600,True,True,PREDICTION_AVAILABLE,COMPARABLE_SAVED_MODEL_AND_SINGLE_ACTUAL_ENTRY,0.0028474835104082517,0.00288523297655904,False,False,1.791759469228055,0.010988009859347336,0.0,1.0,0.009052111094244454,0.01259462492040058,0.006609945994977773,0.08812717772152769,0.0,0.0,-3.7749466150788225e-05,0.0,-0.0007144115611306123,0.0
evaluation,STRESS,2025-06-10,15,2025-06-03,3600,True,True,PREDICTION_AVAILABLE,COMPARABLE_SAVED_MODEL_AND_SINGLE_ACTUAL_ENTRY,0.004262095884331928,0.00429962801938848,False,False,1.9459101490553132,0.005167553231871791,-0.005757196495619454,1.0,0.003783583779638994,-0.004521484718845799,0.0009933489721043465,0.08139875228385188,0.0,0.0,-3.753213505655259e-05,0.0,-0.0007102985533944395,0.0
evaluation,STRESS,2025-06-11,15,2025-06-03,3600,True,True,PREDICTION_AVAILABLE,COMPARABLE_SAVED_MODEL_AND_SINGLE_ACTUAL_ENTRY,0.002119290356929565,0.0021571248656824527,False,False,2.0794415416798357,0.013265579844011555,0.0,1.0,0.007520717323348732,0.0025006264593505287,0.00916371396106408,0.08629162433150406,0.0,0.0,-3.783450875288752e-05,0.0,-0.0007160209989405253,0.0
evaluation,STRESS,2025-06-12,15,2025-06-03,3600,True,True,PREDICTION_AVAILABLE,COMPARABLE_SAVED_MODEL_AND_SINGLE_ACTUAL_ENTRY,0.0043719400716982874,0.004409793478807197,False,False,2.1972245773362196,0.013771706507270443,0.0,1.0,0.005506897521274607,-0.009688313266828336,0.009835349278839223,0.07294130029464044,0.0,0.0,-3.785340710890997e-05,0.0,-0.0007163786517871973,0.0
evaluation,STRESS,2025-06-13,15,2025-06-03,3600,True,True,PREDICTION_AVAILABLE,COMPARABLE_SAVED_MODEL_AND_SINGLE_ACTUAL_ENTRY,0.0015796864081227234,0.0016172941366033484,False,False,2.302585092994046,0.007192059884906898,-0.00649026460309543,1.0,-0.0015064024942568225,-0.007758767491569439,0.003481509340404143,0.07055395103641394,0.0,0.0,-3.760772848062505e-05,0.0,-0.0007117291647806834,0.0
evaluation,STRESS,2025-06-16,15,2025-06-03,3600,True,True,PREDICTION_AVAILABLE,COMPARABLE_SAVED_MODEL_AND_SINGLE_ACTUAL_ENTRY,-0.0006980318374089078,-0.0006603296171481705,False,False,2.3978952727983707,0.00972269320120045,-0.003994008986520248,1.0,-0.0012523483164660286,0.0002506579785026028,0.006271331775308031,0.06863951385592922,1.0,1.0,-3.77022202607373e-05,0.0,-0.0007135174290140434,0.0
evaluation,STRESS,2025-06-17,15,2025-06-03,3600,True,True,PREDICTION_AVAILABLE,COMPARABLE_SAVED_MODEL_AND_SINGLE_ACTUAL_ENTRY,-0.0012745496350896144,-0.0012368568640068953,False,False,2.4849066497880004,0.009469629869571117,-0.004243634548177777,1.0,0.0042708267403432,0.0015052687237623512,0.006084681105961609,0.0684227341079519,2.0,2.0,-3.769277108271914e-05,0.0,-0.0007133386025905963,0.0
evaluation,STRESS,2025-12-19,16,2025-12-19,40500,True,True,PREDICTION_AVAILABLE,COMPARABLE_SAVED_MODEL_AND_SINGLE_ACTUAL_ENTRY,0.030983160518279224,0.031021314391972896,False,False,0.6931471805599453,0.00024024541730782722,0.0,1.0,-0.0012790451541202638,0.02680662027488244,0.04242253542005536,0.11244667835971515,0.0,0.0,-3.815387369367207e-05,0.0,-0.000627272729713857,0.0
evaluation,STRESS,2025-12-22,16,2025-12-19,40500,True,True,PREDICTION_AVAILABLE,COMPARABLE_SAVED_MODEL_AND_SINGLE_ACTUAL_ENTRY,0.024983954307572057,0.02502245000351298,False,False,1.0986122886681098,0.009201442155261752,0.0,1.0,0.013408735536163187,0.03726069022209619,0.05026895100780204,0.1148972705380736,0.0,0.0,-3.849569594092245e-05,0.0,-0.0006328924939305036,0.0
evaluation,STRESS,2025-12-23,16,2025-12-19,40500,True,True,PREDICTION_AVAILABLE,COMPARABLE_SAVED_MODEL_AND_SINGLE_ACTUAL_ENTRY,0.02379435102020314,0.023832928102393427,False,False,1.3862943611198906,0.011335060426202803,0.0,1.0,0.02564243061333777,0.030633218882894185,0.05101526078593244,0.11211426225963297,0.0,0.0,-3.857708219028727e-05,0.0,-0.0006342305330300224,0.0
evaluation,STRESS,2025-12-24,16,2025-12-19,40500,True,True,PREDICTION_AVAILABLE,COMPARABLE_SAVED_MODEL_AND_SINGLE_ACTUAL_ENTRY,0.02165953574859923,0.021698251187413396,False,False,1.6094379124341003,0.014962211486803323,0.0,1.0,0.012267497329465873,0.027924653640896902,0.05328806553989174,0.11103976363634717,0.0,0.0,-3.8715438814167225e-05,0.0,-0.0006365051994985382,0.0
evaluation,STRESS,2025-12-25,16,2025-12-19,40500,True,True,PREDICTION_AVAILABLE,COMPARABLE_SAVED_MODEL_AND_SINGLE_ACTUAL_ENTRY,0.0193917162299853,0.019430504916423882,False,False,1.791759469228055,0.016882467930650513,0.0,1.0,0.02077666425224093,0.0306798668243615,0.05377588284500279,0.11073052626358307,0.0,0.0,-3.8788686438580994e-05,0.0,-0.0006377094346878831,0.0
evaluation,STRESS,2025-12-26,16,2025-12-19,40500,True,True,PREDICTION_AVAILABLE,COMPARABLE_SAVED_MODEL_AND_SINGLE_ACTUAL_ENTRY,0.01762130760502664,0.01766024278671405,False,False,1.9459101490553132,0.020722980818344894,0.0,1.0,0.020270964373619083,0.031640817630512116,0.05625911908489867,0.11092015703847315,0.0,0.0,-3.8935181687412e-05,0.0,-0.0006401179050665728,0.0
evaluation,STRESS,2025-12-29,16,2025-12-19,40500,True,True,PREDICTION_AVAILABLE,COMPARABLE_SAVED_MODEL_AND_SINGLE_ACTUAL_ENTRY,0.01698070468916269,0.017019468959726523,False,False,2.0794415416798357,0.016242382449368042,-0.004389632107023367,1.0,0.006952519314881699,0.016085002878154127,0.05021001995465135,0.10690897672204755,0.0,0.0,-3.8764270563831915e-05,0.0,-0.0006373080229582495,-1.1102230246251565e-16
evaluation,STRESS,2025-12-30,16,2025-12-19,40500,True,True,PREDICTION_AVAILABLE,COMPARABLE_SAVED_MODEL_AND_SINGLE_ACTUAL_ENTRY,0.015524151466492147,0.01556299712330527,False,False,2.1972245773362196,0.018376000720309316,-0.00229933110367897,1.0,0.006937902316774347,0.022672864424521124,0.050949278247609975,0.10518460904584302,0.0,0.0,-3.884565681312388e-05,0.0,-0.0006386460620573242,0.0
evaluation,STRESS,2025-12-31,16,2025-12-19,40500,True,True,PREDICTION_AVAILABLE,COMPARABLE_SAVED_MODEL_AND_SINGLE_ACTUAL_ENTRY,0.011849603262202316,0.011888286146516797,False,False,2.302585092994046,0.01410876417842677,-0.006479933110367875,1.0,-0.0008412198182718962,0.022984625366070682,0.045193495303262665,0.10497733145845209,0.0,0.0,-3.868288431448097e-05,0.0,-0.0006359699838589528,-1.1102230246251565e-16
evaluation,STRESS,2026-01-05,16,2025-12-19,40500,True,True,PREDICTION_AVAILABLE,COMPARABLE_SAVED_MODEL_AND_SINGLE_ACTUAL_ENTRY,0.009960729764166395,0.010000153263349902,False,False,2.3978952727983707,0.03352469044399298,0.0,1.0,0.016233447014295438,0.039369361690605634,0.06364719293975929,0.12220937701431425,0.0,0.0,-3.9423499183507266e-05,0.0,-0.0006481461396621313,0.0
evaluation,STRESS,2026-01-06,16,2025-12-19,23300,False,True,PREDICTION_AVAILABLE,NOT_COMPARABLE_MULTIPLE_FILLS_OR_OTHER_ENTRY,,0.008480863823866928,False,False,,,,,,,,,,,,,,
evaluation,STRESS,2026-01-07,16,2025-12-19,23300,False,True,PREDICTION_AVAILABLE,NOT_COMPARABLE_MULTIPLE_FILLS_OR_OTHER_ENTRY,,0.0077618178290186374,False,False,,,,,,,,,,,,,,
evaluation,STRESS,2026-01-08,16,2025-12-19,23300,False,True,PREDICTION_AVAILABLE,NOT_COMPARABLE_MULTIPLE_FILLS_OR_OTHER_ENTRY,,0.002857476845704584,False,False,,,,,,,,,,,,,,
evaluation,STRESS,2026-01-09,16,2025-12-19,23300,False,True,PREDICTION_AVAILABLE,NOT_COMPARABLE_MULTIPLE_FILLS_OR_OTHER_ENTRY,,0.003395973204700522,False,False,,,,,,,,,,,,,,
evaluation,STRESS,2026-01-12,16,2025-12-19,23300,False,True,PREDICTION_AVAILABLE,NOT_COMPARABLE_MULTIPLE_FILLS_OR_OTHER_ENTRY,,0.002996515109315879,False,False,,,,,,,,,,,,,,
evaluation,STRESS,2026-01-13,16,2025-12-19,23300,False,True,PREDICTION_AVAILABLE,NOT_COMPARABLE_MULTIPLE_FILLS_OR_OTHER_ENTRY,,0.0014835233796072576,False,False,,,,,,,,,,,,,,
evaluation,STRESS,2026-01-14,16,2025-12-19,23300,False,True,PREDICTION_AVAILABLE,NOT_COMPARABLE_MULTIPLE_FILLS_OR_OTHER_ENTRY,,-0.0023521156058605563,False,False,,,,,,,,,,,,,,
evaluation,STRESS,2026-01-15,16,2025-12-19,23300,False,True,PREDICTION_AVAILABLE,NOT_COMPARABLE_MULTIPLE_FILLS_OR_OTHER_ENTRY,,-0.0030359848329110997,False,False,,,,,,,,,,,,,,
evaluation,STRESS,2026-05-06,17,2026-05-06,17300,True,True,PREDICTION_AVAILABLE,COMPARABLE_SAVED_MODEL_AND_SINGLE_ACTUAL_ENTRY,-0.001398852990403661,-0.0014084632377129591,False,False,0.6931471805599453,0.003088807589261444,0.0,1.0,0.021924352833161083,0.0851532620694988,0.05147655530843642,0.15623631499006252,1.0,1.0,9.610247309298214e-06,0.0,-0.0006126907637684642,0.0
evaluation,STRESS,2026-05-07,17,2026-05-06,17300,True,True,PREDICTION_AVAILABLE,COMPARABLE_SAVED_MODEL_AND_SINGLE_ACTUAL_ENTRY,-0.0052250392338665285,-0.005234696667332829,False,False,1.0986122886681098,0.008013957217359424,0.0,1.0,0.026822321808708242,0.0978786220096652,0.05606631612734292,0.14981100797354932,2.0,2.0,9.657433466300769e-06,0.0,-0.00061569906539094,0.0
evaluation,STRESS,2026-05-13,18,2026-05-13,16900,True,True,PREDICTION_AVAILABLE,COMPARABLE_SAVED_MODEL_AND_SINGLE_ACTUAL_ENTRY,0.005597431227630265,0.005587812803536124,False,False,0.6931471805599453,0.014154499979583512,0.0,1.0,0.026048923632821724,0.07768683764987033,0.07637629402167101,0.10400899312390198,0.0,0.0,9.618424094141181e-06,0.0,-0.0006132120657069695,0.0
evaluation,STRESS,2026-05-14,18,2026-05-13,16900,True,True,PREDICTION_AVAILABLE,COMPARABLE_SAVED_MODEL_AND_SINGLE_ACTUAL_ENTRY,-0.0013055098415401135,-0.001314982560983809,False,False,1.0986122886681098,-0.0012084145108387512,-0.015148495116603655,1.0,0.0058865490187715,0.06027050520719458,0.05950533495176824,0.1233516518496858,1.0,1.0,9.472719443695543e-06,0.0,-0.0006039228257243012,-1.1102230246251565e-16
evaluation,STRESS,2026-05-15,18,2026-05-13,16900,True,True,PREDICTION_AVAILABLE,COMPARABLE_SAVED_MODEL_AND_SINGLE_ACTUAL_ENTRY,-0.002735929969372714,-0.0027452819073298766,False,False,1.3862943611198906,-0.013943462048951916,-0.02770580027905134,1.0,-0.001638673041820301,0.03462285344444272,0.045559769660507454,0.12938292818315902,2.0,2.0,9.351937957162784e-06,0.0,-0.0005962225346859418,-1.1102230246251565e-16
evaluation,STRESS,2026-06-05,19,2026-06-05,16900,True,True,PREDICTION_AVAILABLE,COMPARABLE_SAVED_MODEL_AND_SINGLE_ACTUAL_ENTRY,0.008714180584955683,0.008874032639624465,False,False,0.6931471805599453,-0.014842577417547465,-0.014842577417547465,1.0,-0.01638373735497155,-0.00883960941445664,0.028237096943912077,0.16611488081485667,0.0,0.0,-0.0001598520546687819,0.0,-0.0005981950236680911,-0.0005981950236680911
evaluation,STRESS,2026-06-08,19,2026-06-05,16900,True,True,PREDICTION_AVAILABLE,COMPARABLE_SAVED_MODEL_AND_SINGLE_ACTUAL_ENTRY,0.0064641918694652405,0.006620611214308389,False,False,1.0986122886681098,-0.03599813635799254,-0.03599813635799254,1.0,-0.026857032139829713,-0.04678854410052361,0.0058008111139233876,0.16960860457559002,0.0,0.0,-0.00015641934484314848,0.0,-0.0005853492085821088,-0.0005853492085821088
evaluation,STRESS,2026-06-09,19,2026-06-05,16900,True,True,PREDICTION_AVAILABLE,COMPARABLE_SAVED_MODEL_AND_SINGLE_ACTUAL_ENTRY,0.005569242509525868,0.0057285334481654,False,False,1.3862943611198906,-0.018300697628966356,-0.018300697628966356,1.0,-0.022537319400246746,-0.027992429402463638,0.023818568934692808,0.18419416128180918,0.0,0.0,-0.00015929093863953185,0.0,-0.0005960952269711273,-0.0005960952269711273
evaluation,STRESS,2026-06-10,19,2026-06-05,16900,True,True,PREDICTION_AVAILABLE,COMPARABLE_SAVED_MODEL_AND_SINGLE_ACTUAL_ENTRY,0.0046446984583681135,0.004802603110347322,False,False,1.6094379124341003,-0.02684428873953071,-0.02684428873953071,1.0,-0.037136280848805193,-0.047555128853785204,0.014600377406517984,0.1802098989773052,0.0,0.0,-0.00015790465197920885,0.0,-0.000590907493955739,-0.000590907493955739
evaluation,STRESS,2026-06-11,19,2026-06-05,16900,True,True,PREDICTION_AVAILABLE,COMPARABLE_SAVED_MODEL_AND_SINGLE_ACTUAL_ENTRY,0.0003560276987151119,0.0005128431254611786,False,False,1.791759469228055,-0.03355711032640252,-0.03355711032640252,1.0,-0.036172177493561775,-0.03921261765882837,0.007313037365817898,0.17493207454481996,0.0,0.0,-0.0001568154267460667,0.0,-0.0005868314180149659,-0.0005868314180149659
evaluation,STRESS,2026-06-12,19,2026-06-05,16900,True,True,PREDICTION_AVAILABLE,COMPARABLE_SAVED_MODEL_AND_SINGLE_ACTUAL_ENTRY,0.0007683946556726988,0.0009274215397102239,False,False,1.9459101490553132,-0.019928048316692815,-0.019928048316692815,1.0,-0.005175459228412487,-0.012376395601048827,0.021094537222491105,0.17861441864061717,0.0,0.0,-0.0001590268840375251,0.0,-0.0005951070873490005,-0.0005951070873490005
evaluation,STRESS,2026-06-15,19,2026-06-05,16900,True,True,PREDICTION_AVAILABLE,COMPARABLE_SAVED_MODEL_AND_SINGLE_ACTUAL_ENTRY,0.0036344020660709873,0.00362487194583694,False,False,2.0794415416798357,0.0006172541158546707,0.0,1.0,0.03727911482775145,0.013714266731399017,0.041820635015977325,0.1925372412021714,0.0,0.0,9.530120234047326e-06,0.0,-0.0006075823500768518,0.0
evaluation,STRESS,2026-06-16,19,2026-06-05,16900,True,True,PREDICTION_AVAILABLE,COMPARABLE_SAVED_MODEL_AND_SINGLE_ACTUAL_ENTRY,0.001573139708378914,0.0015636270248356784,False,False,2.1972245773362196,-0.0012135154078376509,-0.0018296401707662557,1.0,0.017255974603589273,0.008385364605865555,0.03930039364920135,0.19246253539623756,0.0,0.0,9.512683543235617e-06,0.0,-0.0006064706930021257,0.0
evaluation,STRESS,2026-06-17,19,2026-06-05,16900,True,True,PREDICTION_AVAILABLE,COMPARABLE_SAVED_MODEL_AND_SINGLE_ACTUAL_ENTRY,0.0013158362506050236,0.0013062305713774543,False,False,2.302585092994046,0.008550588718521546,0.0,1.0,0.035725416964668105,0.017703178788593104,0.04870381245559985,0.19515046105930475,0.0,0.0,9.605679227569358e-06,0.0,-0.0006123995307343311,0.0
evaluation,STRESS,2026-06-18,19,2026-06-05,16900,True,True,PREDICTION_AVAILABLE,COMPARABLE_SAVED_MODEL_AND_SINGLE_ACTUAL_ENTRY,-0.0012106513549635465,-0.001220307406853461,False,False,2.3978952727983707,0.01383947845363287,0.0,1.0,0.047877659280367545,0.035951584252245566,0.05331041889038768,0.1888074659073102,1.0,1.0,9.656051889914488e-06,0.0,-0.0006156109845056879,0.0
evaluation,STRESS,2026-06-22,19,2026-06-05,16900,True,True,PREDICTION_AVAILABLE,COMPARABLE_SAVED_MODEL_AND_SINGLE_ACTUAL_ENTRY,-0.0034146772094893136,-0.0034245405642588838,False,False,2.4849066497880004,0.03560529390197531,0.0,1.0,0.05511537072751935,0.0460243990262674,0.07495640566181705,0.1983882518764266,2.0,2.0,9.863354769570204e-06,0.0,-0.0006288273519496901,0.0
evaluation,STRESS,2026-07-23,20,2026-07-23,17600,True,True,PREDICTION_AVAILABLE,COMPARABLE_SAVED_MODEL_AND_SINGLE_ACTUAL_ENTRY,0.013706004848072065,0.01369628772584549,False,False,0.6931471805599453,0.0012734809821626225,0.0,1.0,0.007127912778499626,-0.05308821482853997,0.004471194282746005,0.2805386215931968,0.0,0.0,9.717122226575448e-06,0.0,-0.0006195044567554042,0.0
evaluation,STRESS,2026-07-24,20,2026-07-23,17600,True,True,PREDICTION_AVAILABLE,COMPARABLE_SAVED_MODEL_AND_SINGLE_ACTUAL_ENTRY,0.006250842860478476,0.0062413003094888946,False,False,1.0986122886681098,-0.016714720263809046,-0.017965322749112222,1.0,0.024113116629296927,-0.042887505065772845,-0.013529606177768772,0.27100929415522174,0.0,0.0,9.542550989581622e-06,0.0,-0.0006083748592452531,0.0
evaluation,STRESS,2026-07-27,20,2026-07-23,17600,True,True,PREDICTION_AVAILABLE,COMPARABLE_SAVED_MODEL_AND_SINGLE_ACTUAL_ENTRY,0.007598413371723348,0.007588765266032325,False,False,1.3862943611198906,-0.0058381334639191484,-0.007102569458951269,1.0,0.02190877803260742,-0.04242810987512424,-0.0027032414417758055,0.2712888344161486,0.0,0.0,9.648105691022896e-06,0.0,-0.0006151043833212411,0.0
evaluation,STRESS,2026-07-28,20,2026-07-23,17600,True,True,PREDICTION_AVAILABLE,COMPARABLE_SAVED_MODEL_AND_SINGLE_ACTUAL_ENTRY,0.00036239401111591747,0.00035300167258607053,False,False,1.6094379124341003,-0.03219293994057526,-0.03342385627741806,1.0,-0.03399520048550932,-0.08132200074793403,-0.028996836422587213,0.2789138075630282,0.0,0.0,9.392338529846944e-06,0.0,-0.0005987982288296889,0.0
evaluation,STRESS,2026-07-29,20,2026-07-23,17600,True,True,PREDICTION_AVAILABLE,COMPARABLE_SAVED_MODEL_AND_SINGLE_ACTUAL_ENTRY,-8.664008979084384e-05,-9.609332526382477e-05,False,False,1.791759469228055,-0.0259179860175619,-0.027156883225402106,1.0,-0.022926073105925017,-0.07066636841252036,-0.022610569321823037,0.28123656246031814,1.0,1.0,9.453235472980936e-06,0.0,-0.0006026806465657675,0.0
evaluation,STRESS,2026-07-30,20,2026-07-23,17600,True,True,PREDICTION_AVAILABLE,COMPARABLE_SAVED_MODEL_AND_SINGLE_ACTUAL_ENTRY,-0.008419405050600695,-0.008428752731372299,False,False,1.9459101490553132,-0.036794572817451465,-0.03801963651556273,1.0,-0.03876124070310153,-0.05183603524212136,-0.03332120465741151,0.2662349567306714,2.0,2.0,9.347680771603847e-06,0.0,-0.0005959511224896685,2.220446049250313e-16
evaluation,STRESS,2026-08-07,21,2026-08-07,17700,True,True,PREDICTION_AVAILABLE,COMPARABLE_SAVED_MODEL_AND_SINGLE_ACTUAL_ENTRY,0.006245623841339807,0.006224331298597207,False,False,0.6931471805599453,0.008087531279146187,0.0,1.0,0.02084294934227313,-0.016284284686620184,-0.002582243402683204,0.2578784172336327,0.0,0.0,2.1292542742600007e-05,0.0,-0.0006298163534721457,0.0
evaluation,STRESS,2026-08-10,21,2026-08-07,17700,True,True,PREDICTION_AVAILABLE,COMPARABLE_SAVED_MODEL_AND_SINGLE_ACTUAL_ENTRY,0.0025123058140898748,0.0024909774177707747,False,False,1.0986122886681098,0.009785005547770176,0.0,1.0,0.03419867358118677,0.003156900443549473,-0.0010949683928451748,0.25037914247270854,0.0,0.0,2.132839631910008e-05,0.0,-0.0006308768735370229,0.0
evaluation,STRESS,2026-08-11,21,2026-08-07,17700,True,True,PREDICTION_AVAILABLE,COMPARABLE_SAVED_MODEL_AND_SINGLE_ACTUAL_ENTRY,0.003462829704704979,0.00344164024099481,False,False,1.3862943611198906,0.0032072927568516096,-0.006513973523849637,1.0,0.016420029861837153,-0.022792413737048732,-0.007603545172614745,0.24101492209265454,0.0,0.0,2.1189463710168804e-05,0.0,-0.00062676735828604,0.0
evaluation,STRESS,2026-08-12,21,2026-08-07,17700,True,True,PREDICTION_AVAILABLE,COMPARABLE_SAVED_MODEL_AND_SINGLE_ACTUAL_ENTRY,0.002007456949290857,0.001986177851639412,False,False,1.6094379124341003,0.007450978428412025,-0.0023114099600756166,1.0,0.007186672233482274,-0.01877793544041354,-0.0034317378026383905,0.24168210863467512,0.0,0.0,2.1279097651445006e-05,0.0,-0.0006294186584479,1.1102230246251565e-16
evaluation,STRESS,2026-08-13,21,2026-08-07,17700,True,True,PREDICTION_AVAILABLE,COMPARABLE_SAVED_MODEL_AND_SINGLE_ACTUAL_ENTRY,-0.0024241189840853716,-0.0024453129294926042,False,False,1.791759469228055,0.0034194770404298858,-0.006303845345660863,1.0,0.004238192400321332,-0.00506223397013328,-0.007430106624129018,0.23420056894108035,1.0,1.0,2.1193945407232614e-05,0.0,-0.0006268999232941219,0.0
earlier_diagnostic,BASE,2015-01-05,1,2015-01-05,27900,True,True,NO_VIEW_NO_MATURE_MODEL,NO_VIEW_NO_MATURE_MODEL_OR_FEATURE,,,False,False,0.6931471805599453,0.02253537090696134,0.0,1.0,0.09135920992573307,0.14820310890226185,0.4070920542666461,0.4014656916294058,,,,,,
earlier_diagnostic,BASE,2015-01-06,1,2015-01-05,27900,True,True,NO_VIEW_NO_MATURE_MODEL,NO_VIEW_NO_MATURE_MODEL_OR_FEATURE,,,False,False,1.0986122886681098,0.015603867579229602,-0.006778741865509863,1.0,0.04637702571543839,0.14739405056319652,0.3909466322801125,0.4018254288995751,,,,,,
earlier_diagnostic,BASE,2015-01-07,1,2015-01-05,27900,True,True,NO_VIEW_NO_MATURE_MODEL,NO_VIEW_NO_MATURE_MODEL_OR_FEATURE,,,False,False,1.3862943611198906,0.015326607446120466,-0.007049891540130249,1.0,0.05097715246593586,0.10015532293455996,0.38405427367386613,0.3742024699098671,,,,,,
earlier_diagnostic,BASE,2015-01-08,1,2015-01-05,27900,True,True,NO_VIEW_NO_MATURE_MODEL,NO_VIEW_NO_MATURE_MODEL_OR_FEATURE,,,False,False,1.6094379124341003,-0.006854203202620646,-0.028741865509761433,1.0,0.028889009852136945,0.1348882990864581,0.3479721148147097,0.3194203471386228,,,,,,
earlier_diagnostic,BASE,2015-01-09,1,2015-01-05,27900,True,True,NO_VIEW_NO_MATURE_MODEL,NO_VIEW_NO_MATURE_MODEL_OR_FEATURE,,,False,False,1.791759469228055,-0.014062966663461518,-0.03579175704989168,1.0,-0.0050490990855781015,0.09213749032647725,0.3325297517744885,0.30429673402866786,,,,,,
earlier_diagnostic,BASE,2015-01-12,1,2015-01-05,27900,True,True,NO_VIEW_NO_MATURE_MODEL,NO_VIEW_NO_MATURE_MODEL_OR_FEATURE,,,False,False,1.9459101490553132,-0.01711282812766335,-0.038774403470715924,1.0,-0.03954614571025665,0.09989046997982258,0.32285580125444224,0.30042650688455136,,,,,,
earlier_diagnostic,BASE,2015-01-13,1,2015-01-05,27900,True,True,NO_VIEW_NO_MATURE_MODEL,NO_VIEW_NO_MATURE_MODEL_OR_FEATURE,,,False,False,2.0794415416798357,-0.0190536490594283,-0.040672451193058734,1.0,-0.034720888059083785,0.09480154716740191,0.31474066573145865,0.30139298065724973,,,,,,
earlier_diagnostic,BASE,2015-01-14,1,2015-01-05,27900,True,True,NO_VIEW_NO_MATURE_MODEL,NO_VIEW_NO_MATURE_MODEL_OR_FEATURE,,,False,False,2.1972245773362196,-0.02127173012430228,-0.04284164859002182,1.0,-0.03671157530711359,0.08110559528467265,0.3063993831919809,0.30137319047927885,,,,,,
earlier_diagnostic,BASE,2015-01-15,1,2015-01-05,27900,True,True,NO_VIEW_NO_MATURE_MODEL,NO_VIEW_NO_MATURE_MODEL_OR_FEATURE,,,False,False,2.302585092994046,0.006454283186623888,-0.01572668112798281,1.0,0.013311344638239391,0.08596008906521665,0.33751742518684047,0.3058592860730297,,,,,,
earlier_diagnostic,BASE,2015-01-16,1,2015-01-05,27900,True,True,NO_VIEW_NO_MATURE_MODEL,NO_VIEW_NO_MATURE_MODEL_OR_FEATURE,,,False,False,2.3978952727983707,0.015326607446120466,-0.007049891540130249,1.0,0.029373128600660763,0.0777696694625108,0.34339308860573703,0.30284494205398194,,,,,,
earlier_diagnostic,BASE,2015-01-19,1,2015-01-05,27900,True,True,NO_VIEW_NO_MATURE_MODEL,NO_VIEW_NO_MATURE_MODEL_OR_FEATURE,,,False,False,2.4849066497880004,-0.08615060127186991,-0.10629067245119317,1.0,-0.07282854793686558,-0.02634882969675187,0.20520696211788736,0.47219232762432617,,,,,,
earlier_diagnostic,BASE,2015-02-11,2,2015-02-11,28300,True,True,NO_VIEW_NO_MATURE_MODEL,NO_VIEW_NO_MATURE_MODEL_OR_FEATURE,,,False,False,0.6931471805599453,0.004498072485356053,0.0,1.0,0.010874464251490528,-0.021069242292971496,0.195772177532739,0.46787740628502905,,,,,,
earlier_diagnostic,BASE,2015-02-12,2,2015-02-11,28300,True,True,NO_VIEW_NO_MATURE_MODEL,NO_VIEW_NO_MATURE_MODEL_OR_FEATURE,,,False,False,1.0986122886681098,0.008608850917041222,0.0,1.0,0.02684923045185736,-0.04491999994568041,0.1970126986973868,0.4562362322963523,,,,,,
earlier_diagnostic,BASE,2015-02-13,2,2015-02-11,28300,True,True,NO_VIEW_NO_MATURE_MODEL,NO_VIEW_NO_MATURE_MODEL_OR_FEATURE,,,False,False,1.3862943611198906,0.015068645595403662,0.0,1.0,0.04829852918403868,-0.04731256265606519,0.20095543033378638,0.45559706090535257,,,,,,
earlier_diagnostic,BASE,2015-02-16,2,2015-02-11,28300,True,True,NO_VIEW_NO_MATURE_MODEL,NO_VIEW_NO_MATURE_MODEL_OR_FEATURE,,,False,False,1.6094379124341003,0.023583829489608688,0.0,1.0,0.04518222279323292,0.06634105770737031,0.20716608695548366,0.28127751094015835,,,,,,
earlier_diagnostic,BASE,2015-02-17,2,2015-02-11,28300,True,True,NO_VIEW_NO_MATURE_MODEL,NO_VIEW_NO_MATURE_MODEL_OR_FEATURE,,,False,False,1.791759469228055,0.032686267445482864,0.0,1.0,0.0341270827778664,0.03914110301545675,0.21388826373016645,0.25481198528767585,,,,,,
earlier_diagnostic,BASE,2015-02-25,2,2015-02-11,28300,True,True,NO_VIEW_NO_MATURE_MODEL,NO_VIEW_NO_MATURE_MODEL_OR_FEATURE,,,False,False,1.9459101490553132,0.016830407780411782,-0.01535399488200151,1.0,0.012202359424817403,-0.021143644803058713,0.19155001962010298,0.20504704885457267,,,,,,
earlier_diagnostic,BASE,2015-02-26,2,2015-02-11,28300,True,True,NO_VIEW_NO_MATURE_MODEL,NO_VIEW_NO_MATURE_MODEL_OR_FEATURE,,,False,False,2.0794415416798357,0.047073991956380956,0.0,1.0,0.03742759376663589,0.006470693557613434,0.22277087989502875,0.23123632138942846,,,,,,
earlier_diagnostic,BASE,2015-02-27,2,2015-02-11,28300,True,True,NO_VIEW_NO_MATURE_MODEL,NO_VIEW_NO_MATURE_MODEL_OR_FEATURE,,,False,False,2.1972245773362196,0.045018602740538594,-0.0019629837352773682,1.0,0.02907844558856826,-0.0002809383358835702,0.2161611639137453,0.23080450957894474,,,,,,
earlier_diagnostic,BASE,2015-03-02,2,2015-02-11,28300,True,True,NO_VIEW_NO_MATURE_MODEL,NO_VIEW_NO_MATURE_MODEL_OR_FEATURE,,,False,False,2.302585092994046,0.05324015960390893,0.0,1.0,0.028561251452316493,-0.0019495898112216956,0.22141529396190895,0.22999863068905393,,,,,,
earlier_diagnostic,BASE,2015-03-03,2,2015-02-11,28300,True,True,NO_VIEW_NO_MATURE_MODEL,NO_VIEW_NO_MATURE_MODEL_OR_FEATURE,,,False,False,2.3978952727983707,0.024464710582112748,-0.027320880959018745,1.0,-0.007993191287208185,-0.019583427039006368,0.18417026155125216,0.24686140685209848,,,,,,
earlier_diagnostic,BASE,2015-03-04,2,2015-02-11,28300,True,True,NO_VIEW_NO_MATURE_MODEL,NO_VIEW_NO_MATURE_MODEL_OR_FEATURE,,,False,False,2.4849066497880004,0.03297989447631755,-0.019236130471145918,1.0,0.015757380895081458,0.004844004342837585,0.19011027664958058,0.2422955388191735,,,,,,
earlier_diagnostic,BASE,2015-03-05,2,2015-02-11,28300,True,True,NO_VIEW_NO_MATURE_MODEL,NO_VIEW_NO_MATURE_MODEL_OR_FEATURE,,,False,False,2.5649493574615367,0.02417108355127806,-0.027599665458600597,1.0,-0.02211601339421539,0.006904515346544253,0.17625254032580218,0.2412250353593566,,,,,,
earlier_diagnostic,BASE,2015-03-06,2,2015-02-11,28300,True,True,NO_VIEW_NO_MATURE_MODEL,NO_VIEW_NO_MATURE_MODEL_OR_FEATURE,,,False,False,2.6390573296152584,0.01771128887291562,-0.03373292444940068,1.0,-0.02647841523464127,0.013068285297946576,0.16535916992734956,0.23798815784365462,,,,,,
earlier_diagnostic,BASE,2015-03-09,2,2015-02-11,28300,True,True,NO_VIEW_NO_MATURE_MODEL,NO_VIEW_NO_MATURE_MODEL_OR_FEATURE,,,False,False,2.70805020110221,0.03767792696967209,-0.014775578477836726,1.0,-0.014885824652641027,0.055262678675049234,0.18455133191174,0.2305155102488014,,,,,,
earlier_diagnostic,BASE,2015-03-10,2,2015-02-11,28300,True,True,NO_VIEW_NO_MATURE_MODEL,NO_VIEW_NO_MATURE_MODEL_OR_FEATURE,,,False,False,2.772588722239781,0.030337251198805815,-0.021745190967382255,1.0,0.0057159343964409,0.02481373705302954,0.17270485330020824,0.21979824299489317,,,,,,
earlier_diagnostic,BASE,2015-03-11,2,2015-02-11,28300,True,True,NO_VIEW_NO_MATURE_MODEL,NO_VIEW_NO_MATURE_MODEL_OR_FEATURE,,,False,False,2.833213344056216,0.031805386352979026,-0.020351268469473216,1.0,-0.0011376565504609925,0.03769654802092832,0.17098549603842805,0.21480871327644194,,,,,,
earlier_diagnostic,BASE,2015-03-12,2,2015-02-11,28300,True,True,NO_VIEW_NO_MATURE_MODEL,NO_VIEW_NO_MATURE_MODEL_OR_FEATURE,,,False,False,2.8903717578961645,0.050597516326396974,-0.0025090604962365592,1.0,0.02547547903979413,0.06763628986407191,0.18865007744077822,0.21564110037251857,,,,,,
earlier_diagnostic,BASE,2015-03-13,2,2015-02-11,28300,True,True,NO_VIEW_NO_MATURE_MODEL,NO_VIEW_NO_MATURE_MODEL_OR_FEATURE,,,False,False,2.9444389791664403,0.05647005694309004,0.0,1.0,0.03737694423492675,0.08827550377289234,0.19151611220054154,0.20484732252287957,,,,,,
earlier_diagnostic,BASE,2015-03-16,2,2015-02-11,28300,True,True,NO_VIEW_NO_MATURE_MODEL,NO_VIEW_NO_MATURE_MODEL_OR_FEATURE,,,False,False,2.995732273553991,0.08260286268737427,0.0,1.0,0.04238274535450254,0.10124039494741084,0.21679787313982013,0.2154868803715304,,,,,,
earlier_diagnostic,BASE,2015-03-17,2,2015-02-11,28300,True,True,NO_VIEW_NO_MATURE_MODEL,NO_VIEW_NO_MATURE_MODEL_OR_FEATURE,,,False,False,3.044522437723423,0.09640333313660321,0.0,1.0,0.062148948518452526,0.09399877440555157,0.22800150468645008,0.210448280816772,,,,,,
earlier_diagnostic,BASE,2015-03-18,2,2015-02-11,28300,True,True,NO_VIEW_NO_MATURE_MODEL,NO_VIEW_NO_MATURE_MODEL_OR_FEATURE,,,False,False,3.091042453358316,0.1254724091892343,0.0,1.0,0.0868927966335125,0.11371488040295027,0.2558054722504357,0.22361372585116643,,,,,,
earlier_diagnostic,BASE,2015-03-19,2,2015-02-11,28300,True,True,NO_VIEW_NO_MATURE_MODEL,NO_VIEW_NO_MATURE_MODEL_OR_FEATURE,,,False,False,3.1354942159291497,0.11959986857254123,-0.005217845030002555,1.0,0.06361229578889918,0.10439935520111372,0.24448266946454433,0.22684109746975495,,,,,,
earlier_diagnostic,BASE,2015-03-20,2,2015-02-11,28300,True,True,NO_VIEW_NO_MATURE_MODEL,NO_VIEW_NO_MATURE_MODEL_OR_FEATURE,,,False,False,3.1780538303479458,0.13545572823761254,0.0,1.0,0.07210087709681866,0.11207785168567233,0.2571492083024305,0.22890289901397495,,,,,,
earlier_diagnostic,BASE,2015-03-23,2,2015-02-11,28300,True,True,NO_VIEW_NO_MATURE_MODEL,NO_VIEW_NO_MATURE_MODEL_OR_FEATURE,,,False,False,3.2188758248682006,0.15835863664271566,0.0,1.0,0.06763583504583018,0.12369400720000812,0.27725368359654756,0.23425731062509092,,,,,,
earlier_diagnostic,BASE,2015-03-24,2,2015-02-11,28300,True,True,NO_VIEW_NO_MATURE_MODEL,NO_VIEW_NO_MATURE_MODEL_OR_FEATURE,,,False,False,3.258096538021482,0.1571841285193769,-0.0010139416983524496,1.0,0.05395445309333587,0.11382614472102104,0.27083494515747053,0.23539873078160417,,,,,,
earlier_diagnostic,BASE,2015-03-25,2,2015-02-11,28300,True,True,NO_VIEW_NO_MATURE_MODEL,NO_VIEW_NO_MATURE_MODEL_OR_FEATURE,,,False,False,3.295836866004329,0.1501370797793451,-0.007097591888466481,1.0,0.021678268285276168,0.12319078926340904,0.2579515633330649,0.22683714030135735,,,,,,
earlier_diagnostic,BASE,2015-03-26,2,2015-02-11,28300,True,True,NO_VIEW_NO_MATURE_MODEL,NO_VIEW_NO_MATURE_MODEL_OR_FEATURE,,,False,False,3.332204510175204,0.15101796087184916,-0.006337135614702172,1.0,0.02767537292694456,0.09464713436142239,0.25388129361340805,0.21046431362125156,,,,,,
earlier_diagnostic,BASE,2015-03-27,2,2015-02-11,28300,True,True,NO_VIEW_NO_MATURE_MODEL,NO_VIEW_NO_MATURE_MODEL_OR_FEATURE,,,False,False,3.367295829986474,0.15982677179688887,0.0,1.0,0.02123656628787059,0.10423597238497465,0.25850066906464964,0.20916508059891048,,,,,,
earlier_diagnostic,BASE,2015-03-30,2,2015-02-11,28300,True,True,NO_VIEW_NO_MATURE_MODEL,NO_VIEW_NO_MATURE_MODEL_OR_FEATURE,,,False,False,3.4011973816621555,0.1968237776820554,0.0,1.0,0.03266716106264076,0.12779991681033237,0.2930752531105947,0.22869784781538083,,,,,,
earlier_diagnostic,BASE,2015-03-31,2,2015-02-11,28300,True,True,NO_VIEW_NO_MATURE_MODEL,NO_VIEW_NO_MATURE_MODEL_OR_FEATURE,,,False,False,3.4339872044851463,0.18361056129449582,-0.011040235525024533,1.0,0.022579985922162038,0.14439932193039126,0.27349212108905374,0.20366195366922013,,,,,,
earlier_diagnostic,BASE,2015-04-01,2,2015-02-11,28300,True,True,NO_VIEW_NO_MATURE_MODEL,NO_VIEW_NO_MATURE_MODEL_OR_FEATURE,,,False,False,3.4657359027997265,0.20298994532958314,0.0,1.0,0.04492894388103982,0.15236235224936742,0.28880733397428715,0.20607472169585506,,,,,,
earlier_diagnostic,BASE,2015-04-02,2,2015-02-11,28300,True,True,NO_VIEW_NO_MATURE_MODEL,NO_VIEW_NO_MATURE_MODEL_OR_FEATURE,,,False,False,3.4965075614664802,0.20122818314457525,-0.0014644862094215227,1.0,0.04269778514489022,0.159460932900528,0.281459340486919,0.20036305692754705,,,,,,
earlier_diagnostic,BASE,2015-04-03,2,2015-02-11,28300,True,True,NO_VIEW_NO_MATURE_MODEL,NO_VIEW_NO_MATURE_MODEL_OR_FEATURE,,,False,False,3.5263605246161616,0.22060756717966257,0.0,1.0,0.051078081357469655,0.18179246897708556,0.29649897081850307,0.19496793629557427,,,,,,
earlier_diagnostic,BASE,2015-04-07,2,2015-02-11,28300,True,True,NO_VIEW_NO_MATURE_MODEL,NO_VIEW_NO_MATURE_MODEL_OR_FEATURE,,,False,False,3.5553480614894135,0.24204234043059247,0.0,1.0,0.037085877697708255,0.17977161916068166,0.31333805043974583,0.19369484207964316,,,,,,
earlier_diagnostic,BASE,2015-04-08,2,2015-02-11,28300,True,True,NO_VIEW_NO_MATURE_MODEL,NO_VIEW_NO_MATURE_MODEL_OR_FEATURE,,,False,False,3.58351893845611,0.2520256594789707,0.0,1.0,0.056193202728514614,0.19487659026246495,0.3178161216203612,0.1845368430938701,,,,,,
earlier_diagnostic,BASE,2015-04-09,2,2015-02-11,28300,True,True,NO_VIEW_NO_MATURE_MODEL,NO_VIEW_NO_MATURE_MODEL_OR_FEATURE,,,False,False,3.6109179126442243,0.2429232215230963,-0.0072701688555348865,1.0,0.03265596297405226,0.18615597177388066,0.30231364817592254,0.1919283009496738,,,,,,
earlier_diagnostic,BASE,2015-04-10,2,2015-02-11,28300,True,True,NO_VIEW_NO_MATURE_MODEL,NO_VIEW_NO_MATURE_MODEL_OR_FEATURE,,,False,False,3.6375861597263857,0.2719922975757272,0.0,1.0,0.057239890191482456,0.19122534405221633,0.3264008184322009,0.19575290666150913,,,,,,
earlier_diagnostic,BASE,2015-04-13,2,2015-02-11,28300,True,True,NO_VIEW_NO_MATURE_MODEL,NO_VIEW_NO_MATURE_MODEL_OR_FEATURE,,,False,False,3.6635616461296463,0.2931334437958224,0.0,1.0,0.05771955858993307,0.2021350833320919,0.3418397125251318,0.19657492421115091,,,,,,
earlier_diagnostic,BASE,2015-04-14,2,2015-02-11,28300,True,True,NO_VIEW_NO_MATURE_MODEL,NO_VIEW_NO_MATURE_MODEL_OR_FEATURE,,,False,False,3.6888794541139363,0.29372069785749155,0.0,1.0,0.04076525532196458,0.17815412912814368,0.3358671689963775,0.19184701553878186,,,,,,
earlier_diagnostic,BASE,2015-04-15,2,2015-02-11,28300,True,True,NO_VIEW_NO_MATURE_MODEL,NO_VIEW_NO_MATURE_MODEL_OR_FEATURE,,,False,False,3.713572066704308,0.2828564977166095,-0.008397639582387595,1.0,0.024326463105755362,0.1570541048497678,0.31827263136904005,0.20051707471489832,,,,,,
earlier_diagnostic,BASE,2015-04-16,2,2015-02-11,28300,True,True,NO_VIEW_NO_MATURE_MODEL,NO_VIEW_NO_MATURE_MODEL_OR_FEATURE,,,False,False,3.7376696182833684,0.324845163125965,0.0,1.0,0.06382955265697116,0.16309272779733933,0.3544506917525847,0.20883735811736764,,,,,,
earlier_diagnostic,BASE,2015-04-17,2,2015-02-11,28300,True,True,NO_VIEW_NO_MATURE_MODEL,NO_VIEW_NO_MATURE_MODEL_OR_FEATURE,,,False,False,3.7612001156935624,0.34774807153106835,0.0,1.0,0.05785069493370956,0.18546374319702671,0.370527264849136,0.20495726266876632,,,,,,
earlier_diagnostic,BASE,2015-04-20,2,2015-02-11,28300,True,True,NO_VIEW_NO_MATURE_MODEL,NO_VIEW_NO_MATURE_MODEL_OR_FEATURE,,,False,False,3.784189633918261,0.3183853684476028,-0.02178649237472763,1.0,0.019339482893729325,0.14937368912900256,0.33385046723609335,0.2308280490941528,,,,,,
earlier_diagnostic,BASE,2015-04-21,2,2015-02-11,28300,True,True,NO_VIEW_NO_MATURE_MODEL,NO_VIEW_NO_MATURE_MODEL_OR_FEATURE,,,False,False,3.8066624897703196,0.3462799363768949,-0.0010893246187363426,1.0,0.03982285732827662,0.15034115141059012,0.3547777534326453,0.23153742137941027,,,,,,
earlier_diagnostic,BASE,2015-04-22,2,2015-02-11,28300,True,True,NO_VIEW_NO_MATURE_MODEL,NO_VIEW_NO_MATURE_MODEL_OR_FEATURE,,,False,False,3.828641396489095,0.382983315231227,0.0,1.0,0.07515375805902742,0.17825340981545937,0.38386889258142665,0.23883835834067937,,,,,,
earlier_diagnostic,BASE,2015-04-23,2,2015-02-11,28300,True,True,NO_VIEW_NO_MATURE_MODEL,NO_VIEW_NO_MATURE_MODEL_OR_FEATURE,,,False,False,3.8501476017100584,0.38151518007705354,-0.0010615711252653925,1.0,0.041885258841585164,0.1832997183536483,0.37459260687711127,0.23539052484386094,,,,,,
earlier_diagnostic,BASE,2015-04-24,2,2015-02-11,28300,True,True,NO_VIEW_NO_MATURE_MODEL,NO_VIEW_NO_MATURE_MODEL_OR_FEATURE,,,False,False,3.871201010907891,0.37652352055286453,-0.004670912951167727,1.0,0.021126028202257646,0.1789143984723398,0.36214705906212363,0.237895795306525,,,,,,
earlier_diagnostic,BASE,2015-04-27,2,2015-02-11,28300,True,True,NO_VIEW_NO_MATURE_MODEL,NO_VIEW_NO_MATURE_MODEL_OR_FEATURE,,,False,False,3.8918202981106265,0.40500534254382603,0.0,1.0,0.06363332315075454,0.19177044599188653,0.3825598814726119,0.24118872319747564,,,,,,
earlier_diagnostic,BASE,2015-04-28,2,2015-02-11,28300,True,True,NO_VIEW_NO_MATURE_MODEL,NO_VIEW_NO_MATURE_MODEL_OR_FEATURE,,,False,False,3.912023005428146,0.38680046663207746,-0.012957157784744044,1.0,0.029654085205551878,0.14732807555350125,0.35731002435625037,0.2391808934782256,,,,,,
earlier_diagnostic,BASE,2015-04-29,2,2015-02-11,28300,True,True,NO_VIEW_NO_MATURE_MODEL,NO_VIEW_NO_MATURE_MODEL_OR_FEATURE,,,False,False,3.9318256327243257,0.3944347694337782,-0.00752351097178694,1.0,0.008246161538658286,0.1639195854319556,0.3575606226858974,0.22957234967437581,,,,,,
earlier_diagnostic,BASE,2015-04-30,2,2015-02-11,28300,True,True,NO_VIEW_NO_MATURE_MODEL,NO_VIEW_NO_MATURE_MODEL_OR_FEATURE,,,False,False,3.9512437185814275,0.3914984991254318,-0.009613375130616664,1.0,0.007200369948108217,0.14557114442071672,0.34758783165985374,0.23032657908190998,,,,,,
earlier_diagnostic,BASE,2015-05-04,2,2015-02-11,28300,True,True,NO_VIEW_NO_MATURE_MODEL,NO_VIEW_NO_MATURE_MODEL_OR_FEATURE,,,False,False,3.970291913552122,0.39913280192713296,-0.004179728317659337,1.0,0.01629148483145381,0.15250809815890337,0.34781386605444276,0.2281749984816445,,,,,,
earlier_diagnostic,BASE,2015-05-05,2,2015-02-11,28300,True,True,NO_VIEW_NO_MATURE_MODEL,NO_VIEW_NO_MATURE_MODEL_OR_FEATURE,,,False,False,3.9889840465642745,0.34598630934606023,-0.042006269592476664,1.0,-0.04291404549247929,0.09777831914193758,0.2903328283127957,0.2755974644375202,,,,,,
earlier_diagnostic,BASE,2015-05-06,2,2015-02-11,28300,True,True,NO_VIEW_NO_MATURE_MODEL,NO_VIEW_NO_MATURE_MODEL_OR_FEATURE,,,False,False,4.007333185232471,0.3318922118659968,-0.05203761755485903,1.0,-0.04039862448852922,0.06984357336726377,0.2708086913236174,0.27663796709976535,,,,,,
earlier_diagnostic,BASE,2015-05-07,2,2015-02-11,28300,True,True,NO_VIEW_NO_MATURE_MODEL,NO_VIEW_NO_MATURE_MODEL_OR_FEATURE,,,False,False,4.02535169073515,0.308695676430059,-0.06854754440961341,1.0,-0.06345817560256606,0.04426820710087492,0.24303720138411733,0.28552106906183217,,,,,,
earlier_diagnostic,BASE,2015-05-08,2,2015-02-11,28300,True,True,NO_VIEW_NO_MATURE_MODEL,NO_VIEW_NO_MATURE_MODEL_OR_FEATURE,,,False,False,4.04305126783455,0.3289559415576502,-0.05412748171368864,1.0,-0.04598759577410567,0.06692758567255878,0.25661007956156556,0.2866967859208684,,,,,,
earlier_diagnostic,BASE,2015-05-11,2,2015-02-11,28300,True,True,NO_VIEW_NO_MATURE_MODEL,NO_VIEW_NO_MATURE_MODEL_OR_FEATURE,,,False,False,4.060443010546419,0.37270636915201405,-0.02298850574712641,1.0,-0.01906837436551509,0.07619983360190585,0.2916802486501908,0.2968519750257477,,,,,,
earlier_diagnostic,BASE,2015-05-12,2,2015-02-11,28300,True,True,NO_VIEW_NO_MATURE_MODEL,NO_VIEW_NO_MATURE_MODEL_OR_FEATURE,,,False,False,4.07753744390572,0.3885622288170856,-0.011703239289446055,1.0,0.03114178424930049,0.07120054480130499,0.3002415785097847,0.2946200249273136,,,,,,
earlier_diagnostic,BASE,2015-05-13,2,2015-02-11,28300,True,True,NO_VIEW_NO_MATURE_MODEL,NO_VIEW_NO_MATURE_MODEL_OR_FEATURE,,,False,False,4.0943445622221,0.3756426394603605,-0.020898641588296796,1.0,0.03232034926493464,0.06139866731023383,0.2819905358867898,0.2979415938316818,,,,,,
earlier_diagnostic,BASE,2015-05-14,2,2015-02-11,28300,True,True,NO_VIEW_NO_MATURE_MODEL,NO_VIEW_NO_MATURE_MODEL_OR_FEATURE,,,False,False,4.110873864173311,0.37241274212117936,-0.02319749216300937,1.0,0.0475393421522476,0.06748108614736717,0.27294048331901144,0.29566404832119403,,,,,,
earlier_diagnostic,BASE,2015-06-03,3,2015-06-03,22100,True,True,NO_VIEW_NO_MATURE_MODEL,NO_VIEW_NO_MATURE_MODEL_OR_FEATURE,,,False,False,0.6931471805599453,-0.00911463375090038,-0.00911463375090038,1.0,-0.010118786473739507,0.1197407496724115,0.30275565791742776,0.39810382663493254,,,,,,
earlier_diagnostic,BASE,2015-06-04,3,2015-06-03,22100,True,True,NO_VIEW_NO_MATURE_MODEL,NO_VIEW_NO_MATURE_MODEL_OR_FEATURE,,,False,False,1.0986122886681098,0.002125607055367462,0.0,1.0,0.0713300481639956,0.14859019944966587,0.31184479130523,0.38872341511355923,,,,,,
earlier_diagnostic,BASE,2015-06-05,3,2015-06-03,22100,True,True,NO_VIEW_NO_MATURE_MODEL,NO_VIEW_NO_MATURE_MODEL_OR_FEATURE,,,False,False,1.3862943611198906,0.003675985097611356,0.0,1.0,0.07225308324907483,0.13477344023040888,0.308618055427881,0.38821842391964,,,,,,
earlier_diagnostic,BASE,2015-06-08,3,2015-06-03,22100,True,True,NO_VIEW_NO_MATURE_MODEL,NO_VIEW_NO_MATURE_MODEL_OR_FEATURE,,,False,False,1.6094379124341003,0.028288236518232424,0.0,1.0,0.045497438112455824,0.1266090929748976,0.3345034921866299,0.3821443229157682,,,,,,
earlier_diagnostic,BASE,2015-06-09,3,2015-06-03,22100,True,True,NO_VIEW_NO_MATURE_MODEL,NO_VIEW_NO_MATURE_MODEL_OR_FEATURE,,,False,False,1.791759469228055,0.019954954541171688,-0.008104033169996305,1.0,0.02054012129470077,0.10698744270990296,0.3180167499829183,0.38503270968614,,,,,,
earlier_diagnostic,BASE,2015-06-10,3,2015-06-03,22100,True,True,NO_VIEW_NO_MATURE_MODEL,NO_VIEW_NO_MATURE_MODEL_OR_FEATURE,,,False,False,1.9459101490553132,0.018985968264769282,-0.009046362608367886,1.0,0.027964410209827012,0.11538481061730389,0.3110657010615505,0.3819823975442442,,,,,,
earlier_diagnostic,BASE,2015-06-11,3,2015-06-03,22100,True,True,NO_VIEW_NO_MATURE_MODEL,NO_VIEW_NO_MATURE_MODEL_OR_FEATURE,,,False,False,2.0794415416798357,0.019179765520049852,-0.008857896720693481,1.0,0.01687480119312244,0.11792565849054072,0.3056882302493058,0.3813710585840876,,,,,,
earlier_diagnostic,BASE,2015-06-12,3,2015-06-03,22100,True,True,NO_VIEW_NO_MATURE_MODEL,NO_VIEW_NO_MATURE_MODEL_OR_FEATURE,,,False,False,2.1972245773362196,0.02673785847598853,-0.0015077271013946847,1.0,0.0227174034081234,0.14388519158275365,0.3097445043061793,0.370579407165245,,,,,,
earlier_diagnostic,BASE,2015-06-15,3,2015-06-03,22100,True,True,NO_VIEW_NO_MATURE_MODEL,NO_VIEW_NO_MATURE_MODEL_OR_FEATURE,,,False,False,2.302585092994046,0.002125607055367462,-0.02544289483603468,1.0,-0.025772162301463477,0.12706012577253642,0.27343159793345695,0.3833209372797074,,,,,,
earlier_diagnostic,BASE,2015-06-16,3,2015-06-03,22100,True,True,NO_VIEW_NO_MATURE_MODEL,NO_VIEW_NO_MATURE_MODEL_OR_FEATURE,,,False,False,2.3978952727983707,-0.024230819662777958,-0.051074255559743764,1.0,-0.04428768020111625,0.06651332645262131,0.2356751298274533,0.3854524359728102,,,,,,
earlier_diagnostic,BASE,2015-06-17,3,2015-06-03,22100,True,True,NO_VIEW_NO_MATURE_MODEL,NO_VIEW_NO_MATURE_MODEL_OR_FEATURE,,,False,False,2.4849066497880004,-0.009696025516741869,-0.03693931398416894,1.0,-0.02855132209207642,0.07664015329150208,0.24958191231708016,0.3874411918728816,,,,,,
earlier_diagnostic,BASE,2015-06-18,3,2015-06-03,22100,True,True,NO_VIEW_NO_MATURE_MODEL,NO_VIEW_NO_MATURE_MODEL_OR_FEATURE,,,False,False,2.5649493574615367,-0.04864927382811868,-0.07482095740670947,1.0,-0.06887063953129187,0.01622378741143373,0.19674714252878656,0.41048025503959623,,,,,,
earlier_diagnostic,BASE,2015-06-19,3,2015-06-03,22100,True,True,NO_VIEW_NO_MATURE_MODEL,NO_VIEW_NO_MATURE_MODEL_OR_FEATURE,,,False,False,2.6390573296152584,-0.1079512339439459,-0.13249151903505485,1.0,-0.1406211260147738,-0.06944175327206097,0.11935617524684905,0.4583103989723344,,,,,,
earlier_diagnostic,BASE,2015-06-24,4,2015-06-24,22600,True,False,,NOT_COMPARABLE_MULTIPLE_FILLS_OR_OTHER_ENTRY,,,False,False,,,,,,,,,,,,,,
earlier_diagnostic,BASE,2015-06-25,4,2015-06-24,22600,True,False,,NOT_COMPARABLE_MULTIPLE_FILLS_OR_OTHER_ENTRY,,,False,False,,,,,,,,,,,,,,
earlier_diagnostic,BASE,2015-06-26,4,2015-06-24,22600,True,False,,NOT_COMPARABLE_MULTIPLE_FILLS_OR_OTHER_ENTRY,,,False,False,,,,,,,,,,,,,,
earlier_diagnostic,BASE,2015-07-10,5,2015-07-10,48600,True,False,,NOT_COMPARABLE_MULTIPLE_FILLS_OR_OTHER_ENTRY,,,False,False,,,,,,,,,,,,,,
earlier_diagnostic,BASE,2015-08-28,6,2015-08-28,55900,True,False,,NOT_COMPARABLE_MULTIPLE_FILLS_OR_OTHER_ENTRY,,,False,False,,,,,,,,,,,,,,
earlier_diagnostic,BASE,2015-08-31,6,2015-08-28,55900,True,False,,NOT_COMPARABLE_MULTIPLE_FILLS_OR_OTHER_ENTRY,,,False,False,,,,,,,,,,,,,,
earlier_diagnostic,BASE,2015-09-01,6,2015-08-28,55900,True,False,,NOT_COMPARABLE_MULTIPLE_FILLS_OR_OTHER_ENTRY,,,False,False,,,,,,,,,,,,,,
earlier_diagnostic,BASE,2015-09-02,6,2015-08-28,55900,True,False,,NOT_COMPARABLE_MULTIPLE_FILLS_OR_OTHER_ENTRY,,,False,False,,,,,,,,,,,,,,
earlier_diagnostic,BASE,2015-09-07,6,2015-08-28,55900,True,False,,NOT_COMPARABLE_MULTIPLE_FILLS_OR_OTHER_ENTRY,,,False,False,,,,,,,,,,,,,,
earlier_diagnostic,BASE,2015-09-08,6,2015-08-28,55900,True,False,,NOT_COMPARABLE_MULTIPLE_FILLS_OR_OTHER_ENTRY,,,False,False,,,,,,,,,,,,,,
earlier_diagnostic,BASE,2015-09-09,6,2015-08-28,55900,True,False,,NOT_COMPARABLE_MULTIPLE_FILLS_OR_OTHER_ENTRY,,,False,False,,,,,,,,,,,,,,
earlier_diagnostic,BASE,2015-09-10,6,2015-08-28,55900,True,False,,NOT_COMPARABLE_MULTIPLE_FILLS_OR_OTHER_ENTRY,,,False,False,,,,,,,,,,,,,,
earlier_diagnostic,BASE,2015-09-11,6,2015-08-28,55900,True,False,,NOT_COMPARABLE_MULTIPLE_FILLS_OR_OTHER_ENTRY,,,False,False,,,,,,,,,,,,,,
earlier_diagnostic,BASE,2015-09-14,6,2015-08-28,55900,True,False,,NOT_COMPARABLE_MULTIPLE_FILLS_OR_OTHER_ENTRY,,,False,False,,,,,,,,,,,,,,
earlier_diagnostic,BASE,2015-09-29,7,2015-09-29,12200,True,True,NO_VIEW_NO_MATURE_MODEL,NO_VIEW_NO_MATURE_MODEL_OR_FEATURE,,,False,False,0.6931471805599453,-0.008567784273275647,-0.008567784273275647,1.0,-0.05058970212931037,-0.061525233006289204,-0.2423201724260442,0.3419038160685625,,,,,,
earlier_diagnostic,BASE,2015-09-30,7,2015-09-29,12200,True,True,NO_VIEW_NO_MATURE_MODEL,NO_VIEW_NO_MATURE_MODEL_OR_FEATURE,,,False,False,1.0986122886681098,-0.001749557094160692,-0.001749557094160692,1.0,-0.020283424333020578,-0.052611890661597716,-0.2355826279566493,0.3435739837719422,,,,,,
earlier_diagnostic,BASE,2015-10-08,7,2015-09-29,12200,True,True,NO_VIEW_NO_MATURE_MODEL,NO_VIEW_NO_MATURE_MODEL_OR_FEATURE,,,False,False,1.3862943611198906,0.03420109530480775,0.0,1.0,0.006614576131411063,-0.01339505070715162,-0.20649169217965135,0.36850733639290933,,,,,,
earlier_diagnostic,BASE,2015-10-09,7,2015-09-29,12200,True,True,NO_VIEW_NO_MATURE_MODEL,NO_VIEW_NO_MATURE_MODEL_OR_FEATURE,,,False,False,1.6094379124341003,0.04721771082857207,0.0,1.0,0.041080980406971786,0.0020737675925437786,-0.19486914737301975,0.3710935232552732,,,,,,
earlier_diagnostic,BASE,2015-10-12,7,2015-09-29,12200,True,True,NO_VIEW_NO_MATURE_MODEL,NO_VIEW_NO_MATURE_MODEL_OR_FEATURE,,,False,False,1.791759469228055,0.09091634865835263,0.0,1.0,0.07612048541118348,0.06787742240308568,-0.1597942450679687,0.3856674743197498,,,,,,
earlier_diagnostic,BASE,2015-10-13,7,2015-09-29,12200,True,True,NO_VIEW_NO_MATURE_MODEL,NO_VIEW_NO_MATURE_MODEL_OR_FEATURE,,,False,False,1.9459101490553132,0.0831683632275404,-0.007102272727272707,1.0,0.08849511471839258,0.03404955730016507,-0.16430877137050204,0.37752209778494694,,,,,,
earlier_diagnostic,BASE,2015-10-14,7,2015-09-29,12200,True,True,NO_VIEW_NO_MATURE_MODEL,NO_VIEW_NO_MATURE_MODEL_OR_FEATURE,,,False,False,2.0794415416798357,0.07139142537270593,-0.017897727272727204,1.0,0.07070929059042552,0.004348463150139554,-0.17165363764339459,0.3746937641765768,,,,,,
earlier_diagnostic,BASE,2015-10-15,7,2015-09-29,12200,True,True,NO_VIEW_NO_MATURE_MODEL,NO_VIEW_NO_MATURE_MODEL_OR_FEATURE,,,False,False,2.1972245773362196,0.09897425350639732,0.0,1.0,0.060748007882778884,0.04764868392626702,-0.14855300833798601,0.37827339911958124,,,,,,
earlier_diagnostic,BASE,2015-10-16,7,2015-09-29,12200,True,True,NO_VIEW_NO_MATURE_MODEL,NO_VIEW_NO_MATURE_MODEL_OR_FEATURE,,,False,False,2.302585092994046,0.1141603049507891,0.0,1.0,0.06196418344085697,0.05930421438320181,-0.13523872142018156,0.38024094916579537,,,,,,
earlier_diagnostic,BASE,2015-10-19,7,2015-09-29,12200,True,True,NO_VIEW_NO_MATURE_MODEL,NO_VIEW_NO_MATURE_MODEL_OR_FEATURE,,,False,False,2.3978952727983707,0.11230078844739433,-0.0016689847009735415,1.0,0.01941262255546424,0.09338948442339627,-0.13495490790768727,0.3541494420850182,,,,,,
earlier_diagnostic,BASE,2015-10-20,7,2015-09-29,12200,True,True,NO_VIEW_NO_MATURE_MODEL,NO_VIEW_NO_MATURE_MODEL_OR_FEATURE,,,False,False,2.4849066497880004,0.12686700105732118,0.0,1.0,0.03955080062945869,0.13620666371417373,-0.12173205903429218,0.33188471330365843,,,,,,
earlier_diagnostic,BASE,2015-10-21,7,2015-09-29,12200,True,True,NO_VIEW_NO_MATURE_MODEL,NO_VIEW_NO_MATURE_MODEL_OR_FEATURE,,,False,False,2.5649493574615367,0.09308578457898009,-0.029977997799780054,1.0,0.020046490314427453,0.05298095767372304,-0.14603585826180698,0.30784146792049744,,,,,,
earlier_diagnostic,BASE,2015-10-22,7,2015-09-29,12200,True,True,NO_VIEW_NO_MATURE_MODEL,NO_VIEW_NO_MATURE_MODEL_OR_FEATURE,,,False,False,2.6390573296152584,0.10703215835444202,-0.017601760176017667,1.0,0.007305455362236641,0.08528224061820033,-0.1331885411990248,0.2984013321540513,,,,,,
earlier_diagnostic,BASE,2015-10-23,7,2015-09-29,12200,True,True,NO_VIEW_NO_MATURE_MODEL,NO_VIEW_NO_MATURE_MODEL_OR_FEATURE,,,False,False,2.70805020110221,0.1265570816400885,-0.0002750275027503246,1.0,0.011065119812472756,0.10307061312297142,-0.11584426535212222,0.30127492198779315,,,,,,
earlier_diagnostic,BASE,2015-10-26,7,2015-09-29,12200,True,True,NO_VIEW_NO_MATURE_MODEL,NO_VIEW_NO_MATURE_MODEL_OR_FEATURE,,,False,False,2.772588722239781,0.1284165981434835,0.0,1.0,0.01438475702782642,0.08658700823177883,-0.11243829605704214,0.2977021718813044,,,,,,
earlier_diagnostic,BASE,2015-10-27,7,2015-09-29,12200,True,True,NO_VIEW_NO_MATURE_MODEL,NO_VIEW_NO_MATURE_MODEL_OR_FEATURE,,,False,False,2.833213344056216,0.12903643697794842,0.0,1.0,0.0019233417111944565,0.0793795549297354,-0.10995105504475111,0.2977526512504039,,,,,,
earlier_diagnostic,BASE,2015-10-28,7,2015-09-29,12200,True,True,NO_VIEW_NO_MATURE_MODEL,NO_VIEW_NO_MATURE_MODEL_OR_FEATURE,,,False,False,2.8903717578961645,0.10920159427506948,-0.017567938512215164,1.0,0.014635780529974048,0.0851081371018065,-0.12351735904196715,0.29177177327094234,,,,,,
earlier_diagnostic,BASE,2015-10-29,7,2015-09-29,12200,True,True,NO_VIEW_NO_MATURE_MODEL,NO_VIEW_NO_MATURE_MODEL_OR_FEATURE,,,False,False,2.9444389791664403,0.1107511913612318,-0.016195443315948244,1.0,0.0033538320984315877,0.07802187147485821,-0.12017233231660573,0.2915525158329103,,,,,,
earlier_diagnostic,BASE,2015-10-30,7,2015-09-29,12200,True,True,NO_VIEW_NO_MATURE_MODEL,NO_VIEW_NO_MATURE_MODEL_OR_FEATURE,,,False,False,2.995732273553991,0.11106111077846426,-0.015920944276694993,1.0,-0.013850636933898812,0.10025964672640274,-0.11812456951687522,0.27641254698181567,,,,,,
earlier_diagnostic,BASE,2015-11-02,7,2015-09-29,12200,True,True,NO_VIEW_NO_MATURE_MODEL,NO_VIEW_NO_MATURE_MODEL_OR_FEATURE,,,False,False,3.044522437723423,0.09246594574451517,-0.03239088663189671,1.0,-0.03237793292906435,0.07753993206540984,-0.1310831880003207,0.28668387353522023,,,,,,
earlier_diagnostic,BASE,2015-11-03,7,2015-09-29,12200,True,True,NO_VIEW_NO_MATURE_MODEL,NO_VIEW_NO_MATURE_MODEL_OR_FEATURE,,,False,False,3.091042453358316,0.08409812147923801,-0.03980236069173737,1.0,-0.04061614143001633,0.08935311562902945,-0.13603675178139962,0.27730265776765733,,,,,,
earlier_diagnostic,BASE,2015-11-04,7,2015-09-29,12200,True,True,NO_VIEW_NO_MATURE_MODEL,NO_VIEW_NO_MATURE_MODEL_OR_FEATURE,,,False,False,3.1354942159291497,0.14918119909806027,0.0,1.0,0.03540921591971995,0.14080077735454702,-0.08262479486058782,0.33783693032674594,,,,,,
earlier_diagnostic,BASE,2015-11-05,7,2015-09-29,12200,True,True,NO_VIEW_NO_MATURE_MODEL,NO_VIEW_NO_MATURE_MODEL_OR_FEATURE,,,False,False,3.1780538303479458,0.1674664447147769,0.0,1.0,0.049799433597219805,0.12120672894066695,-0.06627999206821356,0.3229741485167541,,,,,,
earlier_diagnostic,BASE,2015-11-06,7,2015-09-29,12200,True,True,NO_VIEW_NO_MATURE_MODEL,NO_VIEW_NO_MATURE_MODEL_OR_FEATURE,,,False,False,3.2188758248682006,0.19535919226570075,0.0,1.0,0.07313120517450702,0.13230987149393797,-0.04224675948151735,0.32813857125650947,,,,,,
earlier_diagnostic,BASE,2015-11-09,7,2015-09-29,12200,True,True,NO_VIEW_NO_MATURE_MODEL,NO_VIEW_NO_MATURE_MODEL_OR_FEATURE,,,False,False,3.258096538021482,0.20775596895499993,0.0,1.0,0.10032659009234002,0.10174603674656636,-0.030733644511139024,0.3028344405356094,,,,,,
earlier_diagnostic,BASE,2015-11-10,7,2015-09-29,12200,True,True,NO_VIEW_NO_MATURE_MODEL,NO_VIEW_NO_MATURE_MODEL_OR_FEATURE,,,False,False,3.295836866004329,0.20434685536544284,-0.002822684115986407,1.0,0.10518897435883783,0.10604697526947468,-0.03188839063278559,0.3009662555407435,,,,,,
earlier_diagnostic,BASE,2015-11-11,7,2015-09-29,12200,True,True,NO_VIEW_NO_MATURE_MODEL,NO_VIEW_NO_MATURE_MODEL_OR_FEATURE,,,False,False,3.332204510175204,0.2027972582792803,-0.0041057223505259755,1.0,0.04560020468316017,0.11569169144728164,-0.03171279884733713,0.29613604739154553,,,,,,
earlier_diagnostic,BASE,2015-11-12,7,2015-09-29,12200,True,True,NO_VIEW_NO_MATURE_MODEL,NO_VIEW_NO_MATURE_MODEL_OR_FEATURE,,,False,False,3.367295829986474,0.1904004815899809,-0.01437002822684097,1.0,0.019453820653863658,0.07991254171175173,-0.04026985382917625,0.2919989352173726,,,,,,
earlier_diagnostic,BASE,2015-11-13,7,2015-09-29,12200,True,True,NO_VIEW_NO_MATURE_MODEL,NO_VIEW_NO_MATURE_MODEL_OR_FEATURE,,,False,False,3.4011973816621555,0.17893346315237868,-0.0238645111624326,1.0,-0.013836534542947148,0.05650915351013386,-0.047716401065603486,0.29351847756922367,,,,,,
earlier_diagnostic,BASE,2015-11-16,7,2015-09-29,12200,True,True,NO_VIEW_NO_MATURE_MODEL,NO_VIEW_NO_MATURE_MODEL_OR_FEATURE,,,False,False,3.4339872044851463,0.18575169033149375,-0.01821914293045912,1.0,-0.018387155338511162,0.06394625885259096,-0.04039327322205699,0.2931544732865964,,,,,,
earlier_diagnostic,BASE,2015-11-17,7,2015-09-29,12200,True,True,NO_VIEW_NO_MATURE_MODEL,NO_VIEW_NO_MATURE_MODEL_OR_FEATURE,,,False,False,3.4657359027997265,0.18141281849023883,-0.021811649987169446,1.0,-0.019226365163292927,0.04726980947672306,-0.041865998642727775,0.2918641401914694,,,,,,
earlier_diagnostic,BASE,2015-11-18,7,2015-09-29,12200,True,True,NO_VIEW_NO_MATURE_MODEL,NO_VIEW_NO_MATURE_MODEL_OR_FEATURE,,,False,False,3.4965075614664802,0.17118547772156645,-0.030279702335129555,1.0,-0.026633428019417444,0.06901177311343676,-0.04785700638079471,0.2702385244949374,,,,,,
earlier_diagnostic,BASE,2015-11-19,7,2015-09-29,12200,True,True,NO_VIEW_NO_MATURE_MODEL,NO_VIEW_NO_MATURE_MODEL_OR_FEATURE,,,False,False,3.5263605246161616,0.18885088450381837,-0.015653066461380538,1.0,-0.0013025923425762295,0.07130449400693886,-0.03094402539687935,0.27136100223110554,,,,,,
earlier_diagnostic,BASE,2015-11-20,7,2015-09-29,12200,True,True,NO_VIEW_NO_MATURE_MODEL,NO_VIEW_NO_MATURE_MODEL_OR_FEATURE,,,False,False,3.5553480614894135,0.18544177091426106,-0.018475750577367056,1.0,0.005505322595355185,0.05094935629301628,-0.030989340882750294,0.2673034243793343,,,,,,
earlier_diagnostic,BASE,2015-11-23,7,2015-09-29,12200,True,True,NO_VIEW_NO_MATURE_MODEL,NO_VIEW_NO_MATURE_MODEL_OR_FEATURE,,,False,False,3.58351893845611,0.17955330198684383,-0.02335129586861684,1.0,-0.005241102144103523,0.04432039968066101,-0.03302845528455345,0.2686185127051332,,,,,,
earlier_diagnostic,BASE,2015-11-24,7,2015-09-29,12200,True,True,NO_VIEW_NO_MATURE_MODEL,NO_VIEW_NO_MATURE_MODEL_OR_FEATURE,,,False,False,3.6109179126442243,0.18048306023854144,-0.02258147292789303,1.0,-0.0007872982954886965,0.0445591694700399,-0.030200673012047763,0.26859932004753634,,,,,,
earlier_diagnostic,BASE,2015-11-25,7,2015-09-29,12200,True,True,NO_VIEW_NO_MATURE_MODEL,NO_VIEW_NO_MATURE_MODEL_OR_FEATURE,,,False,False,3.6375861597263857,0.18761120683488852,-0.01667949704901195,1.0,0.01392743574126209,0.06830342832472479,-0.02229933153033703,0.258649710638743,,,,,,
earlier_diagnostic,BASE,2015-11-26,7,2015-09-29,12200,True,True,NO_VIEW_NO_MATURE_MODEL,NO_VIEW_NO_MATURE_MODEL_OR_FEATURE,,,False,False,3.6635616461296463,0.18203265732470375,-0.021298434693353685,1.0,-0.005751649842964518,0.06219901206554275,-0.02428625029846232,0.26015989659613314,,,,,,
earlier_diagnostic,BASE,2015-11-27,7,2015-09-29,12200,True,True,NO_VIEW_NO_MATURE_MODEL,NO_VIEW_NO_MATURE_MODEL_OR_FEATURE,,,False,False,3.6888794541139363,0.11818925737481134,-0.0741596099563766,1.0,-0.05840486507812201,0.006395128148793089,-0.07392989450809007,0.3277934143523002,,,,,,
earlier_diagnostic,BASE,2015-11-30,7,2015-09-29,12200,True,True,NO_VIEW_NO_MATURE_MODEL,NO_VIEW_NO_MATURE_MODEL_OR_FEATURE,,,False,False,3.713572066704308,0.11849917679204403,-0.07390300230946867,1.0,-0.05314804321330627,0.023550289396419097,-0.0706836616454235,0.32166417874924785,,,,,,
earlier_diagnostic,BASE,2015-12-01,7,2015-09-29,12200,True,True,NO_VIEW_NO_MATURE_MODEL,NO_VIEW_NO_MATURE_MODEL_OR_FEATURE,,,False,False,3.7376696182833684,0.12717692047455365,-0.06671798819604813,1.0,-0.046207521491615146,0.03896778940844109,-0.06038072191626953,0.320614498295012,,,,,,
earlier_diagnostic,BASE,2015-12-02,7,2015-09-29,12200,True,True,NO_VIEW_NO_MATURE_MODEL,NO_VIEW_NO_MATURE_MODEL_OR_FEATURE,,,False,False,3.7612001156935624,0.17552434956282137,-0.02668719527841923,1.0,-0.010229597401852301,0.022664615003152554,-0.01714532498380572,0.28473445109388085,,,,,,
earlier_diagnostic,BASE,2015-12-03,7,2015-09-29,12200,True,True,NO_VIEW_NO_MATURE_MODEL,NO_VIEW_NO_MATURE_MODEL_OR_FEATURE,,,False,False,3.784189633918261,0.17800370490068151,-0.024634334103156075,1.0,-0.0034143171711156686,0.00898526129720728,-0.011861047021740512,0.27971316104494953,,,,,,
earlier_diagnostic,BASE,2015-12-04,7,2015-09-29,12200,True,True,NO_VIEW_NO_MATURE_MODEL,NO_VIEW_NO_MATURE_MODEL_OR_FEATURE,,,False,False,3.8066624897703196,0.15568950685994243,-0.04311008468052335,1.0,0.03298649899630643,-0.033749578029407507,-0.02734637363306247,0.27391620437209957,,,,,,
earlier_diagnostic,BASE,2015-12-07,7,2015-09-29,12200,True,True,NO_VIEW_NO_MATURE_MODEL,NO_VIEW_NO_MATURE_MODEL_OR_FEATURE,,,False,False,3.828641396489095,0.1575490233633372,-0.04157043879907607,1.0,0.03431709292412905,-0.042459207771791865,-0.022545568742395106,0.27074182231146876,,,,,,
earlier_diagnostic,BASE,2015-12-08,7,2015-09-29,12200,True,True,NO_VIEW_NO_MATURE_MODEL,NO_VIEW_NO_MATURE_MODEL_OR_FEATURE,,,False,False,3.8501476017100584,0.1408133748327829,-0.05542725173210161,1.0,0.012025288392032114,-0.05419589655836461,-0.033350840336135223,0.2742084354777399,,,,,,
earlier_diagnostic,BASE,2015-12-09,7,2015-09-29,12200,True,True,NO_VIEW_NO_MATURE_MODEL,NO_VIEW_NO_MATURE_MODEL_OR_FEATURE,,,False,False,3.871201010907891,0.14236297191894542,-0.054144213497562155,1.0,-0.028615403459130412,-0.05155099313913803,-0.02861108426961423,0.274518728538744,,,,,,
earlier_diagnostic,BASE,2015-12-10,7,2015-09-29,12200,True,True,NO_VIEW_NO_MATURE_MODEL,NO_VIEW_NO_MATURE_MODEL_OR_FEATURE,,,False,False,3.8918202981106265,0.14019353599831796,-0.05594046702591737,1.0,-0.032623213884474575,-0.043091773241130955,-0.027268560953254473,0.27299788413362924,,,,,,
earlier_diagnostic,BASE,2015-12-11,7,2015-09-29,12200,True,True,NO_VIEW_NO_MATURE_MODEL,NO_VIEW_NO_MATURE_MODEL_OR_FEATURE,,,False,False,3.912023005428146,0.1346149864881332,-0.06055940467025911,1.0,-0.0184037670585847,-0.03831681054504506,-0.02908844992729054,0.27180620247723447,,,,,,
earlier_diagnostic,BASE,2015-12-14,7,2015-09-29,12200,True,True,NO_VIEW_NO_MATURE_MODEL,NO_VIEW_NO_MATURE_MODEL_OR_FEATURE,,,False,False,3.9318256327243257,0.16932596121817167,-0.031819348216576726,1.0,0.010122622397392624,-0.01394943003588808,0.003579780336697924,0.2934252541204787,,,,,,
earlier_diagnostic,BASE,2015-12-15,7,2015-09-29,12200,True,True,NO_VIEW_NO_MATURE_MODEL,NO_VIEW_NO_MATURE_MODEL_OR_FEATURE,,,False,False,3.9512437185814275,0.15816886219780235,-0.04105722350526031,1.0,0.015098696106462575,-0.01987083528860912,-0.0034068710789320056,0.2949345039578071,,,,,,
earlier_diagnostic,BASE,2015-12-16,7,2015-09-29,12200,True,True,NO_VIEW_NO_MATURE_MODEL,NO_VIEW_NO_MATURE_MODEL_OR_FEATURE,,,False,False,3.970291913552122,0.1584787816150346,-0.040800615858352485,1.0,0.014008849785739477,-0.010908715333981108,-0.0012201964783532526,0.29354515347795535,,,,,,
earlier_diagnostic,BASE,2015-12-17,7,2015-09-29,12200,True,True,NO_VIEW_NO_MATURE_MODEL,NO_VIEW_NO_MATURE_MODEL_OR_FEATURE,,,False,False,3.9889840465642745,0.18017314082130875,-0.02283808057480108,1.0,0.03446314080648159,-0.007326040092073129,0.019658596452080346,0.29624991416163315,,,,,,
earlier_diagnostic,BASE,2015-12-18,7,2015-09-29,12200,True,True,NO_VIEW_NO_MATURE_MODEL,NO_VIEW_NO_MATURE_MODEL_OR_FEATURE,,,False,False,4.007333185232471,0.18451201266256367,-0.019245573518090642,1.0,0.043037511679982106,-0.0007846214604181343,0.02580848622570664,0.2963719407658752,,,,,,
earlier_diagnostic,BASE,2015-12-21,7,2015-09-29,12200,True,True,NO_VIEW_NO_MATURE_MODEL,NO_VIEW_NO_MATURE_MODEL_OR_FEATURE,,,False,False,4.02535169073515,0.21550395438581238,0.0,1.0,0.03873128679198124,0.030022958900196683,0.05447351381386256,0.3090593057726166,,,,,,
earlier_diagnostic,BASE,2015-12-22,7,2015-09-29,12200,True,True,NO_VIEW_NO_MATURE_MODEL,NO_VIEW_NO_MATURE_MODEL_OR_FEATURE,,,False,False,4.04305126783455,0.2170535514719747,0.0,1.0,0.049592625092525815,0.030509088099405394,0.05680992491724712,0.30904583966684873,,,,,,
earlier_diagnostic,BASE,2015-12-23,7,2015-09-29,12200,True,True,NO_VIEW_NO_MATURE_MODEL,NO_VIEW_NO_MATURE_MODEL_OR_FEATURE,,,False,False,4.060443010546419,0.21550395438581238,-0.00127323656735423,1.0,0.04805101874078349,0.023214867665540286,0.05608013499443465,0.30878954557421745,,,,,,
earlier_diagnostic,BASE,2015-12-24,7,2015-09-29,12200,True,True,NO_VIEW_NO_MATURE_MODEL,NO_VIEW_NO_MATURE_MODEL_OR_FEATURE,,,False,False,4.07753744390572,0.2009377417758853,-0.013241660300483904,1.0,0.017441545876191338,0.015867155627082723,0.04485224890402817,0.31163401371705485,,,,,,
earlier_diagnostic,BASE,2015-12-25,7,2015-09-29,12200,True,True,NO_VIEW_NO_MATURE_MODEL,NO_VIEW_NO_MATURE_MODEL_OR_FEATURE,,,False,False,4.0943445622221,0.207136130120535,-0.008148714031066984,1.0,0.018919833504630175,0.07654007712233404,0.05095820676039953,0.23787300033003242,,,,,,
earlier_diagnostic,BASE,2015-12-28,7,2015-09-29,12200,True,True,NO_VIEW_NO_MATURE_MODEL,NO_VIEW_NO_MATURE_MODEL_OR_FEATURE,,,False,False,4.110873864173311,0.1708755583043342,-0.03794244970715566,1.0,-0.03740695869483699,0.04576404341866596,0.02014594729605923,0.2655853834287889,,,,,,
earlier_diagnostic,BASE,2016-01-07,8,2016-01-07,47500,True,False,,NOT_COMPARABLE_MULTIPLE_FILLS_OR_OTHER_ENTRY,,,False,False,,,,,,,,,,,,,,
earlier_diagnostic,BASE,2016-01-08,8,2016-01-07,47500,True,False,,NOT_COMPARABLE_MULTIPLE_FILLS_OR_OTHER_ENTRY,,,False,False,,,,,,,,,,,,,,
earlier_diagnostic,BASE,2016-01-11,8,2016-01-07,47500,True,False,,NOT_COMPARABLE_MULTIPLE_FILLS_OR_OTHER_ENTRY,,,False,False,,,,,,,,,,,,,,
earlier_diagnostic,BASE,2016-02-01,9,2016-02-01,54600,True,False,,NOT_COMPARABLE_MULTIPLE_FILLS_OR_OTHER_ENTRY,,,False,False,,,,,,,,,,,,,,
earlier_diagnostic,BASE,2016-02-02,9,2016-02-01,54600,True,False,,NOT_COMPARABLE_MULTIPLE_FILLS_OR_OTHER_ENTRY,,,False,False,,,,,,,,,,,,,,
earlier_diagnostic,BASE,2016-02-03,9,2016-02-01,54600,True,False,,NOT_COMPARABLE_MULTIPLE_FILLS_OR_OTHER_ENTRY,,,False,False,,,,,,,,,,,,,,
earlier_diagnostic,BASE,2016-02-04,9,2016-02-01,54600,True,False,,NOT_COMPARABLE_MULTIPLE_FILLS_OR_OTHER_ENTRY,,,False,False,,,,,,,,,,,,,,
earlier_diagnostic,BASE,2016-02-05,9,2016-02-01,54600,True,False,,NOT_COMPARABLE_MULTIPLE_FILLS_OR_OTHER_ENTRY,,,False,False,,,,,,,,,,,,,,
earlier_diagnostic,BASE,2016-02-15,9,2016-02-01,54600,True,False,,NOT_COMPARABLE_MULTIPLE_FILLS_OR_OTHER_ENTRY,,,False,False,,,,,,,,,,,,,,
earlier_diagnostic,BASE,2016-02-16,9,2016-02-01,54600,True,False,,NOT_COMPARABLE_MULTIPLE_FILLS_OR_OTHER_ENTRY,,,False,False,,,,,,,,,,,,,,
earlier_diagnostic,BASE,2016-02-17,9,2016-02-01,54600,True,False,,NOT_COMPARABLE_MULTIPLE_FILLS_OR_OTHER_ENTRY,,,False,False,,,,,,,,,,,,,,
earlier_diagnostic,BASE,2016-03-02,10,2016-03-02,48200,True,False,,NOT_COMPARABLE_MULTIPLE_FILLS_OR_OTHER_ENTRY,,,False,False,,,,,,,,,,,,,,
earlier_diagnostic,BASE,2016-05-03,11,2016-05-03,28200,True,True,NO_VIEW_NO_MATURE_MODEL,NO_VIEW_NO_MATURE_MODEL_OR_FEATURE,,,False,False,0.6931471805599453,0.01689063896622378,0.0,1.0,0.01821658414054507,-0.0018656721829499873,-0.03490749858639641,0.1430110077522723,,,,,,
earlier_diagnostic,BASE,2016-05-04,11,2016-05-03,28200,True,True,NO_VIEW_NO_MATURE_MODEL,NO_VIEW_NO_MATURE_MODEL_OR_FEATURE,,,False,False,1.0986122886681098,0.013092728083063276,-0.0037348272642391267,1.0,0.008785748386667543,-0.015191735353920337,-0.03707804875432252,0.13898455425247397,,,,,,
earlier_diagnostic,BASE,2016-05-05,11,2016-05-03,28200,True,True,NO_VIEW_NO_MATURE_MODEL,NO_VIEW_NO_MATURE_MODEL_OR_FEATURE,,,False,False,1.3862943611198906,0.013092728083063276,-0.0037348272642391267,1.0,0.013524345154275717,-0.013343875265440723,-0.03554454257356787,0.1389426202622607,,,,,,
earlier_diagnostic,BASE,2016-05-06,11,2016-05-03,28200,True,True,NO_VIEW_NO_MATURE_MODEL,NO_VIEW_NO_MATURE_MODEL_OR_FEATURE,,,False,False,1.6094379124341003,-0.010011229789496312,-0.026455026455026398,1.0,-0.008911580300563134,-0.024006206523048294,-0.05588837609641395,0.15412669582123997,,,,,,
earlier_diagnostic,BASE,2016-05-09,11,2016-05-03,28200,True,True,NO_VIEW_NO_MATURE_MODEL,NO_VIEW_NO_MATURE_MODEL_OR_FEATURE,,,False,False,1.791759469228055,-0.030266754499685744,-0.04637410519763463,1.0,-0.028315920117287768,-0.03621610340903433,-0.07344448291635042,0.16654404613539942,,,,,,
earlier_diagnostic,BASE,2016-05-10,11,2016-05-03,28200,True,True,NO_VIEW_NO_MATURE_MODEL,NO_VIEW_NO_MATURE_MODEL_OR_FEATURE,,,False,False,1.9459101490553132,-0.03121623222047587,-0.047307812013694495,1.0,-0.04846342017044592,-0.04815213612123986,-0.07267108869417815,0.15992345714159642,,,,,,
earlier_diagnostic,BASE,2016-05-11,11,2016-05-03,28200,True,True,NO_VIEW_NO_MATURE_MODEL,NO_VIEW_NO_MATURE_MODEL_OR_FEATURE,,,False,False,2.0794415416798357,-0.027418321337315255,-0.04357298474945537,1.0,-0.0408089778393784,-0.04299340685592054,-0.06745655805820683,0.16138249944417304,,,,,,
earlier_diagnostic,BASE,2016-05-12,11,2016-05-03,28200,True,True,NO_VIEW_NO_MATURE_MODEL,NO_VIEW_NO_MATURE_MODEL_OR_FEATURE,,,False,False,2.1972245773362196,-0.023936903027751533,-0.04014939309056964,1.0,-0.037235805286643005,-0.05211980098588033,-0.06250299075294341,0.15356385752511406,,,,,,
earlier_diagnostic,BASE,2016-05-13,11,2016-05-03,28200,True,True,NO_VIEW_NO_MATURE_MODEL,NO_VIEW_NO_MATURE_MODEL_OR_FEATURE,,,False,False,2.302585092994046,-0.027418321337315255,-0.04357298474945537,1.0,-0.01773953953471711,-0.05937961365883456,-0.06423817576688617,0.1518678524345296,,,,,,
earlier_diagnostic,BASE,2016-05-16,11,2016-05-03,28200,True,True,NO_VIEW_NO_MATURE_MODEL,NO_VIEW_NO_MATURE_MODEL_OR_FEATURE,,,False,False,2.3978952727983707,-0.02362041045415486,-0.03983815748521635,1.0,0.006830405479006186,-0.056401779744509425,-0.05906989764580284,0.15317825692551443,,,,,,
earlier_diagnostic,BASE,2016-05-17,11,2016-05-03,28200,True,True,NO_VIEW_NO_MATURE_MODEL,NO_VIEW_NO_MATURE_MODEL_OR_FEATURE,,,False,False,2.4849066497880004,-0.02520287332213844,-0.04139433551198268,1.0,0.006187937022207534,-0.04383045158470842,-0.05893195703998266,0.14747287033078615,,,,,,
earlier_diagnostic,BASE,2016-05-18,11,2016-05-03,28200,True,True,NO_VIEW_NO_MATURE_MODEL,NO_VIEW_NO_MATURE_MODEL_OR_FEATURE,,,False,False,2.5649493574615367,-0.03153272479407254,-0.04761904761904767,1.0,-0.004239367184058354,-0.05158736879049329,-0.06336286037111527,0.14766359240665647,,,,,,
earlier_diagnostic,BASE,2016-05-19,11,2016-05-03,28200,True,True,NO_VIEW_NO_MATURE_MODEL,NO_VIEW_NO_MATURE_MODEL_OR_FEATURE,,,False,False,2.6390573296152584,-0.033431680235652905,-0.04948646125116729,1.0,-0.009775248904642573,-0.0360167546623799,-0.06354712203385793,0.13729342780387702,,,,,,
earlier_diagnostic,BASE,2016-05-20,11,2016-05-03,28200,True,True,NO_VIEW_NO_MATURE_MODEL,NO_VIEW_NO_MATURE_MODEL_OR_FEATURE,,,False,False,2.70805020110221,-0.027101828763718805,-0.0432617491441023,1.0,0.00032536196805621476,-0.02474021765873361,-0.05578670207469272,0.13976876123764123,,,,,,
earlier_diagnostic,BASE,2016-05-23,11,2016-05-03,28200,True,True,NO_VIEW_NO_MATURE_MODEL,NO_VIEW_NO_MATURE_MODEL_OR_FEATURE,,,False,False,2.772588722239781,-0.025519365895735113,-0.04170557111733586,1.0,-0.0019467884149880084,-0.027548186653776393,-0.052571977051498964,0.13865997006767322,,,,,,
earlier_diagnostic,BASE,2016-05-24,11,2016-05-03,28200,True,True,NO_VIEW_NO_MATURE_MODEL,NO_VIEW_NO_MATURE_MODEL_OR_FEATURE,,,False,False,2.833213344056216,-0.03153272479407254,-0.04761904761904767,1.0,-0.006514681021193952,-0.030573580028887253,-0.05674079120245912,0.1395564186250777,,,,,,
earlier_diagnostic,BASE,2016-05-25,11,2016-05-03,28200,True,True,NO_VIEW_NO_MATURE_MODEL,NO_VIEW_NO_MATURE_MODEL_OR_FEATURE,,,False,False,2.8903717578961645,-0.03216570994126611,-0.04824151882975425,1.0,-0.0006538084574191523,-0.03691640509418835,-0.056162364785338426,0.1371127058121267,,,,,,
earlier_diagnostic,BASE,2016-05-26,11,2016-05-03,28200,True,True,NO_VIEW_NO_MATURE_MODEL,NO_VIEW_NO_MATURE_MODEL_OR_FEATURE,,,False,False,2.9444389791664403,-0.03216570994126611,-0.04824151882975425,1.0,0.001308900710429665,-0.032177808326580175,-0.054962000510993314,0.13681604149611482,,,,,,
earlier_diagnostic,BASE,2016-05-27,11,2016-05-03,28200,True,True,NO_VIEW_NO_MATURE_MODEL,NO_VIEW_NO_MATURE_MODEL_OR_FEATURE,,,False,False,2.995732273553991,-0.03153272479407254,-0.04761904761904767,1.0,-0.00456472915211474,-0.03089048701933875,-0.05307731405128424,0.13700153695665027,,,,,,
earlier_diagnostic,BASE,2016-05-30,11,2016-05-03,28200,True,True,NO_VIEW_NO_MATURE_MODEL,NO_VIEW_NO_MATURE_MODEL_OR_FEATURE,,,False,False,3.044522437723423,-0.0308997396468792,-0.046996576408341206,1.0,-0.005536571706871409,-0.028968874760140984,-0.05081617326298782,0.13720701280283873,,,,,,
earlier_diagnostic,BASE,2016-05-31,11,2016-05-03,28200,True,True,NO_VIEW_NO_MATURE_MODEL,NO_VIEW_NO_MATURE_MODEL_OR_FEATURE,,,False,False,3.091042453358316,0.0029649657279686714,-0.013694366635543131,1.0,0.03500116474449425,-0.013788999424938074,-0.01619426958921799,0.1732452283716711,,,,,,
earlier_diagnostic,BASE,2016-06-01,11,2016-05-03,28200,True,True,NO_VIEW_NO_MATURE_MODEL,NO_VIEW_NO_MATURE_MODEL_OR_FEATURE,,,False,False,3.1354942159291497,-0.001149437728788616,-0.017740429505135435,1.0,0.03154429547675735,-0.014157858004098547,-0.01892565355702802,0.17333376873562284,,,,,,
earlier_diagnostic,BASE,2016-06-02,11,2016-05-03,28200,True,True,NO_VIEW_NO_MATURE_MODEL,NO_VIEW_NO_MATURE_MODEL_OR_FEATURE,,,False,False,3.1780538303479458,-0.0001999600079986008,-0.016806722689075793,1.0,0.032494414313077605,-0.013207739167778289,-0.016676518798281137,0.17341062623856207,,,,,,
earlier_diagnostic,BASE,2016-06-03,11,2016-05-03,28200,True,True,NO_VIEW_NO_MATURE_MODEL,NO_VIEW_NO_MATURE_MODEL_OR_FEATURE,,,False,False,3.2188758248682006,0.011510265215079807,-0.005291005291005235,1.0,0.043485111939738794,0.021506205220963172,-0.004056922288170561,0.15800135810138197,,,,,,
earlier_diagnostic,BASE,2016-06-06,11,2016-05-03,28200,True,True,NO_VIEW_NO_MATURE_MODEL,NO_VIEW_NO_MATURE_MODEL_OR_FEATURE,,,False,False,3.258096538021482,0.005496906316742267,-0.011204481792717269,1.0,0.036869058051887,0.03621610340903378,-0.00881786427051634,0.13975933087959652,,,,,,
earlier_diagnostic,BASE,2016-06-07,11,2016-05-03,28200,True,True,NO_VIEW_NO_MATURE_MODEL,NO_VIEW_NO_MATURE_MODEL_OR_FEATURE,,,False,False,3.295836866004329,0.005496906316742267,-0.011204481792717269,1.0,0.0025212745785953344,0.03719569532410318,-0.007673066704204312,0.13954821470814388,,,,,,
earlier_diagnostic,BASE,2016-06-08,11,2016-05-03,28200,True,True,NO_VIEW_NO_MATURE_MODEL,NO_VIEW_NO_MATURE_MODEL_OR_FEATURE,,,False,False,3.332204510175204,0.00423093602235558,-0.01244942421413009,1.0,0.005372109617430639,0.03202322945271049,-0.0078119154946908465,0.1397555863948845,,,,,,
earlier_diagnostic,BASE,2016-06-13,11,2016-05-03,28200,True,True,NO_VIEW_NO_MATURE_MODEL,NO_VIEW_NO_MATURE_MODEL_OR_FEATURE,,,False,False,3.367295829986474,-0.028684291631702163,-0.04481792717086841,1.0,-0.02890374618234903,-0.004875680063484326,-0.03871864950179882,0.18365416237783963,,,,,,
earlier_diagnostic,BASE,2016-06-14,11,2016-05-03,28200,True,True,NO_VIEW_NO_MATURE_MODEL,NO_VIEW_NO_MATURE_MODEL_OR_FEATURE,,,False,False,3.4011973816621555,-0.024569888174945098,-0.04077186430127622,1.0,-0.036321291006104206,0.0029244537495760736,-0.03314311210322174,0.18382571008550855,,,,,,
earlier_diagnostic,BASE,2016-06-15,11,2016-05-03,28200,True,True,NO_VIEW_NO_MATURE_MODEL,NO_VIEW_NO_MATURE_MODEL_OR_FEATURE,,,False,False,3.4339872044851463,-0.011593692657479893,-0.02801120448179273,1.0,-0.01714327698643732,0.012242420943590265,-0.018855370536544735,0.18906245179008394,,,,,,
earlier_diagnostic,BASE,2016-06-16,11,2016-05-03,28200,True,True,NO_VIEW_NO_MATURE_MODEL,NO_VIEW_NO_MATURE_MODEL_OR_FEATURE,,,False,False,3.4657359027997265,-0.01760705155581732,-0.03392468098350454,1.0,-0.02324575296640661,0.007762005335489032,-0.02317839880130923,0.19038772549464847,,,,,,
earlier_diagnostic,BASE,2016-06-17,11,2016-05-03,28200,True,True,NO_VIEW_NO_MATURE_MODEL,NO_VIEW_NO_MATURE_MODEL_OR_FEATURE,,,False,False,3.4965075614664802,-0.013492648099060256,-0.029878618113912347,1.0,-0.01780651181585846,0.018456084820910375,-0.017426684170387285,0.18904028002708118,,,,,,
earlier_diagnostic,BASE,2016-06-20,11,2016-05-03,28200,True,True,NO_VIEW_NO_MATURE_MODEL,NO_VIEW_NO_MATURE_MODEL_OR_FEATURE,,,False,False,3.5263605246161616,-0.013176155525463584,-0.02956738250855917,1.0,0.01583999499798573,0.020739563839143976,-0.015192197921961692,0.18875254515745846,,,,,,
earlier_diagnostic,BASE,2016-06-21,11,2016-05-03,28200,True,True,NO_VIEW_NO_MATURE_MODEL,NO_VIEW_NO_MATURE_MODEL_OR_FEATURE,,,False,False,3.5553480614894135,-0.015391603540640286,-0.03174603174603163,1.0,0.009365481017576078,0.011964572799095931,-0.0154497278588277,0.18800078156313002,,,,,,
earlier_diagnostic,BASE,2016-06-22,11,2016-05-03,28200,True,True,NO_VIEW_NO_MATURE_MODEL,NO_VIEW_NO_MATURE_MODEL_OR_FEATURE,,,False,False,3.58351893845611,-0.009378244642302969,-0.025832555244320043,1.0,0.002238926251120079,0.01642813560969835,-0.007526308067175358,0.1889356555122491,,,,,,
earlier_diagnostic,BASE,2016-06-23,11,2016-05-03,28200,True,True,NO_VIEW_NO_MATURE_MODEL,NO_VIEW_NO_MATURE_MODEL_OR_FEATURE,,,False,False,3.6109179126442243,-0.012543170378270019,-0.028944911297852483,1.0,0.005141399500418576,0.019418085857101555,-0.008880611996557652,0.1877989410149122,,,,,,
earlier_diagnostic,BASE,2016-06-24,11,2016-05-03,28200,True,True,NO_VIEW_NO_MATURE_MODEL,NO_VIEW_NO_MATURE_MODEL_OR_FEATURE,,,False,False,3.6375861597263857,-0.022987425306961295,-0.039215686274509776,1.0,-0.009671255265177717,0.009438638013151805,-0.017422381390672204,0.19206301760272018,,,,,,
earlier_diagnostic,BASE,2016-06-27,11,2016-05-03,28200,True,True,NO_VIEW_NO_MATURE_MODEL,NO_VIEW_NO_MATURE_MODEL_OR_FEATURE,,,False,False,3.6635616461296463,-0.010644214936689878,-0.027077497665733086,1.0,0.0025624613637001067,0.02199312449241441,-0.0034435862863236855,0.1965814835820044,,,,,,
earlier_diagnostic,BASE,2016-06-28,11,2016-05-03,28200,True,True,NO_VIEW_NO_MATURE_MODEL,NO_VIEW_NO_MATURE_MODEL_OR_FEATURE,,,False,False,3.6888794541139363,-0.005580333759142575,-0.022097727980081028,1.0,0.009915321917929269,0.026444623869139934,0.0032846396619452545,0.197043325415728,,,,,,
earlier_diagnostic,BASE,2016-06-29,11,2016-05-03,28200,True,True,NO_VIEW_NO_MATURE_MODEL,NO_VIEW_NO_MATURE_MODEL_OR_FEATURE,,,False,False,3.713572066704308,-0.001149437728788616,-0.017740429505135435,1.0,0.008272398431566064,0.030237105748135817,0.00935478723219152,0.19730376293242122,,,,,,
earlier_diagnostic,BASE,2016-06-30,11,2016-05-03,28200,True,True,NO_VIEW_NO_MATURE_MODEL,NO_VIEW_NO_MATURE_MODEL_OR_FEATURE,,,False,False,3.7376696182833684,0.00043302513919485364,-0.016184251478369216,1.0,0.01305543141208967,-0.0025276474753030283,0.012457324186754715,0.15507893618953988,,,,,,
earlier_diagnostic,BASE,2016-07-01,11,2016-05-03,28200,True,True,NO_VIEW_NO_MATURE_MODEL,NO_VIEW_NO_MATURE_MODEL_OR_FEATURE,,,False,False,3.7612001156935624,-0.0005164525815952725,-0.01711795829442908,1.0,0.022739170313427967,0.0006335128498224217,0.012363850449445657,0.15442342539055207,,,,,,
earlier_diagnostic,BASE,2016-07-04,11,2016-05-03,28200,True,True,NO_VIEW_NO_MATURE_MODEL,NO_VIEW_NO_MATURE_MODEL_OR_FEATURE,,,False,False,3.784189633918261,0.016257653819030438,-0.0006224712107065766,1.0,0.026828183108091833,0.016326893287428635,0.030069959297475357,0.16501839316626196,,,,,,
earlier_diagnostic,BASE,2016-07-05,11,2016-05-03,28200,True,True,NO_VIEW_NO_MATURE_MODEL,NO_VIEW_NO_MATURE_MODEL_OR_FEATURE,,,False,False,3.8066624897703196,0.018789594407804033,0.0,1.0,0.024211212483241585,0.007170724412642723,0.033482463060616086,0.16035333228401635,,,,,,
earlier_diagnostic,BASE,2016-07-06,11,2016-05-03,28200,True,True,NO_VIEW_NO_MATURE_MODEL,NO_VIEW_NO_MATURE_MODEL_OR_FEATURE,,,False,False,3.828641396489095,0.023853475585351447,0.0,1.0,0.024723524969235806,0.01809157266548463,0.0391582376343349,0.15933599211849753,,,,,,
earlier_diagnostic,BASE,2016-07-07,11,2016-05-03,28200,True,True,NO_VIEW_NO_MATURE_MODEL,NO_VIEW_NO_MATURE_MODEL_OR_FEATURE,,,False,False,3.8501476017100584,0.025119445879738356,0.0,1.0,0.024376206955711282,0.019327284901812916,0.040763582077399274,0.15929961433819684,,,,,,
earlier_diagnostic,BASE,2016-07-08,11,2016-05-03,28200,True,True,NO_VIEW_NO_MATURE_MODEL,NO_VIEW_NO_MATURE_MODEL_OR_FEATURE,,,False,False,3.871201010907891,0.02132153499657763,-0.003704847175054149,1.0,0.021613997236374208,0.01687540046876599,0.03678221239828949,0.1599705093314432,,,,,,
earlier_diagnostic,BASE,2016-07-11,11,2016-05-03,28200,True,True,NO_VIEW_NO_MATURE_MODEL,NO_VIEW_NO_MATURE_MODEL_OR_FEATURE,,,False,False,3.8918202981106265,0.023853475585351447,-0.00123494905835142,1.0,0.007446512845486777,0.052677152315264444,0.039267419846684914,0.10193323379440382,,,,,,
earlier_diagnostic,BASE,2016-07-12,11,2016-05-03,28200,True,True,NO_VIEW_NO_MATURE_MODEL,NO_VIEW_NO_MATURE_MODEL_OR_FEATURE,,,False,False,3.912023005428146,0.049805866620281636,0.0,1.0,0.02999000764824403,0.07348202306699096,0.06516322578997458,0.12896612743096952,,,,,,
earlier_diagnostic,BASE,2016-07-13,11,2016-05-03,28200,True,True,NO_VIEW_NO_MATURE_MODEL,NO_VIEW_NO_MATURE_MODEL_OR_FEATURE,,,False,False,3.9318256327243257,0.05202131463545823,0.0,1.0,0.02713994904033753,0.062374798692259474,0.0670949353283481,0.12415259972409902,,,,,,
earlier_diagnostic,BASE,2016-07-14,11,2016-05-03,28200,True,True,NO_VIEW_NO_MATURE_MODEL,NO_VIEW_NO_MATURE_MODEL_OR_FEATURE,,,False,False,3.9512437185814275,0.05043885176747498,-0.0015042117930202936,1.0,0.024398892548645097,0.06697193041686461,0.06491947040866552,0.12078902327175207,,,,,,
earlier_diagnostic,BASE,2016-07-15,11,2016-05-03,28200,True,True,NO_VIEW_NO_MATURE_MODEL,NO_VIEW_NO_MATURE_MODEL_OR_FEATURE,,,False,False,3.970291913552122,0.05170482206186189,-0.0003008423586039477,1.0,0.0293150763026322,0.06399698858725665,0.06562670228035206,0.120981167207463,,,,,,
earlier_diagnostic,BASE,2016-07-18,11,2016-05-03,28200,True,True,NO_VIEW_NO_MATURE_MODEL,NO_VIEW_NO_MATURE_MODEL_OR_FEATURE,,,False,False,3.9889840465642745,0.04790691117870116,-0.0039109506618530965,1.0,0.02322133061224519,0.0600584879295239,0.061492961584597605,0.12294411029617827,,,,,,
earlier_diagnostic,BASE,2016-07-19,11,2016-05-03,28200,True,True,NO_VIEW_NO_MATURE_MODEL,NO_VIEW_NO_MATURE_MODEL_OR_FEATURE,,,False,False,4.007333185232471,0.04252653742755719,-0.009025270758122539,1.0,-0.006958128209466888,0.057158413839948,0.05569027957310779,0.12492010122895102,,,,,,
earlier_diagnostic,BASE,2016-07-20,11,2016-05-03,28200,True,True,NO_VIEW_NO_MATURE_MODEL,NO_VIEW_NO_MATURE_MODEL_OR_FEATURE,,,False,False,4.02535169073515,0.04031108941238015,-0.011131167268351283,1.0,-0.011193582311119388,0.04894229013002001,0.05285916767430754,0.12550246141559687,,,,,,
earlier_diagnostic,BASE,2016-07-21,11,2016-05-03,28200,True,True,NO_VIEW_NO_MATURE_MODEL,NO_VIEW_NO_MATURE_MODEL_OR_FEATURE,,,False,False,4.04305126783455,0.04600795573712091,-0.00571600481347756,1.0,-0.004227059434187892,0.05760347148225815,0.05806837159916034,0.12412483258581779,,,,,,
earlier_diagnostic,BASE,2016-07-22,11,2016-05-03,28200,True,True,NO_VIEW_NO_MATURE_MODEL,NO_VIEW_NO_MATURE_MODEL_OR_FEATURE,,,False,False,4.060443010546419,0.03682967110281643,-0.014440433212996262,1.0,-0.014244823381634221,0.05942342047080015,0.048347955945490906,0.12176562786592818,,,,,,
earlier_diagnostic,BASE,2016-07-25,11,2016-05-03,28200,True,True,NO_VIEW_NO_MATURE_MODEL,NO_VIEW_NO_MATURE_MODEL_OR_FEATURE,,,False,False,4.07753744390572,0.03651317852921965,-0.01474127557160032,1.0,-0.010932389477893996,0.04656363708792979,0.04710367925056058,0.11695635128733983,,,,,,
earlier_diagnostic,BASE,2016-07-26,11,2016-05-03,28200,True,True,NO_VIEW_NO_MATURE_MODEL,NO_VIEW_NO_MATURE_MODEL_OR_FEATURE,,,False,False,4.0943445622221,0.049805866620281636,-0.002105896510228411,1.0,0.0069581282094668675,0.054201220131485595,0.0593890228517584,0.12222641188253414,,,,,,
earlier_diagnostic,BASE,2016-07-27,11,2016-05-03,28200,True,True,NO_VIEW_NO_MATURE_MODEL,NO_VIEW_NO_MATURE_MODEL_OR_FEATURE,,,False,False,4.110873864173311,0.03049981963088233,-0.020457280385078103,1.0,-0.00947584654178844,0.03119404515666551,0.03878149484357851,0.14232986977442846,,,,,,
earlier_diagnostic,BASE,2017-05-18,12,2017-05-18,24000,True,True,PREDICTION_AVAILABLE,COMPARABLE_SAVED_MODEL_AND_SINGLE_ACTUAL_ENTRY,0.08316433548321733,0.08316433548321733,False,False,0.6931471805599453,-0.0016698218721442615,-0.0016698218721442615,1.0,0.012742800965009297,-0.01229163851155685,-0.007060338831059609,0.09103628081051061,0.0,0.0,0.0,0.0,0.0,0.0
earlier_diagnostic,BASE,2017-05-19,12,2017-05-18,24000,True,True,PREDICTION_AVAILABLE,COMPARABLE_SAVED_MODEL_AND_SINGLE_ACTUAL_ENTRY,0.07841374435398514,0.07841374435398514,False,False,1.0986122886681098,9.401236483075337e-05,0.0,1.0,0.006487784478742647,-0.016037666965817505,-0.005214620889155253,0.08872468204213267,0.0,0.0,0.0,0.0,0.0,0.0
earlier_diagnostic,BASE,2017-05-22,12,2017-05-18,24000,True,True,PREDICTION_AVAILABLE,COMPARABLE_SAVED_MODEL_AND_SINGLE_ACTUAL_ENTRY,0.07458269544795162,0.07458269544795162,False,False,1.3862943611198906,0.0009759294833182608,0.0,1.0,0.003235772789441042,-0.016023649468157406,-0.004169589153225739,0.08872802645894165,0.0,0.0,0.0,0.0,0.0,0.0
earlier_diagnostic,BASE,2017-05-23,12,2017-05-18,24000,True,True,PREDICTION_AVAILABLE,COMPARABLE_SAVED_MODEL_AND_SINGLE_ACTUAL_ENTRY,0.07004032056192228,0.07004032056192228,False,False,1.6094379124341003,0.005385515075755798,0.0,1.0,-0.004085211400770057,-0.0008768084735347129,0.0003637390778823413,0.0825847256745091,0.0,0.0,0.0,0.0,0.0,0.0
earlier_diagnostic,BASE,2017-05-24,12,2017-05-18,24000,True,True,PREDICTION_AVAILABLE,COMPARABLE_SAVED_MODEL_AND_SINGLE_ACTUAL_ENTRY,0.07062845522644419,0.07062845522644419,False,False,1.791759469228055,0.005385515075755798,0.0,1.0,0.002635047638005065,-0.004085211400770194,0.0005341912675023153,0.08172902513760416,0.0,0.0,0.0,0.0,0.0,0.0
earlier_diagnostic,BASE,2017-05-25,12,2017-05-18,24000,True,True,PREDICTION_AVAILABLE,COMPARABLE_SAVED_MODEL_AND_SINGLE_ACTUAL_ENTRY,0.06960705301522663,0.06960705301522663,False,False,1.9459101490553132,0.026845498292284997,0.0,1.0,0.028162697375594088,0.014708268035347145,0.0219784814033801,0.11079648363006483,0.0,0.0,0.0,0.0,0.0,0.0
earlier_diagnostic,BASE,2017-05-26,12,2017-05-18,24000,True,True,PREDICTION_AVAILABLE,COMPARABLE_SAVED_MODEL_AND_SINGLE_ACTUAL_ENTRY,0.06696796649347934,0.06696796649347934,False,False,2.0794415416798357,0.025081664055309982,-0.0017177211565989614,1.0,0.024678273719844185,0.012408181128029699,0.020364825685292187,0.11113171619228149,0.0,0.0,0.0,0.0,0.0,0.0
earlier_diagnostic,BASE,2017-05-31,12,2017-05-18,24000,True,True,PREDICTION_AVAILABLE,COMPARABLE_SAVED_MODEL_AND_SINGLE_ACTUAL_ENTRY,0.06569577877015138,0.06569577877015138,False,False,2.1972245773362196,0.02566960880096847,-0.001145147437732641,1.0,0.024370222603161462,0.01676339832832434,0.02115563266693532,0.10995235939785167,0.0,0.0,0.0,0.0,0.0,0.0
earlier_diagnostic,BASE,2017-06-01,12,2017-05-18,24000,True,True,PREDICTION_AVAILABLE,COMPARABLE_SAVED_MODEL_AND_SINGLE_ACTUAL_ENTRY,0.04458652895863434,0.04458652895863434,False,False,2.302585092994046,0.028021387783601748,0.0,1.0,0.022264907006724968,0.020512058179310486,0.023602130850383984,0.10971837182909411,0.0,0.0,0.0,0.0,0.0,0.0
earlier_diagnostic,BASE,2017-06-02,12,2017-05-18,24000,True,True,PREDICTION_AVAILABLE,COMPARABLE_SAVED_MODEL_AND_SINGLE_ACTUAL_ENTRY,0.042589757220708825,0.042589757220708825,False,False,2.3978952727983707,0.025375636428139225,-0.0025736345438948094,1.0,0.019687954972219444,0.02290951289096719,0.02117832942680975,0.10835767367413442,0.0,0.0,0.0,0.0,0.0,0.0
earlier_diagnostic,BASE,2017-06-05,12,2017-05-18,24000,True,True,PREDICTION_AVAILABLE,COMPARABLE_SAVED_MODEL_AND_SINGLE_ACTUAL_ENTRY,0.032142907354464165,0.032142907354464165,False,False,2.4849066497880004,0.01861427185306841,-0.009150700600514705,1.0,-0.008048333182828441,0.02011436419276555,0.014613420348124517,0.11039863341949363,0.0,0.0,0.0,0.0,0.0,0.0
earlier_diagnostic,BASE,2017-06-06,12,2017-05-18,24000,True,True,PREDICTION_AVAILABLE,COMPARABLE_SAVED_MODEL_AND_SINGLE_ACTUAL_ENTRY,0.033398789668581896,0.033398789668581896,False,False,2.5649493574615367,0.026551525919455976,-0.001429796968830388,1.0,0.0014328702838416387,0.034375653853579144,0.022445503739372485,0.10919054869297602,0.0,0.0,0.0,0.0,0.0,0.0
earlier_diagnostic,BASE,2017-06-07,12,2017-05-18,24000,True,True,PREDICTION_AVAILABLE,COMPARABLE_SAVED_MODEL_AND_SINGLE_ACTUAL_ENTRY,0.035501537549572505,0.03550153754957251,False,False,2.6390573296152584,0.04066219981525587,0.0,1.0,0.014511564941045987,0.05666003356549116,0.03628845037507311,0.10990031425372782,0.0,0.0,-6.938893903907228e-18,0.0,-2.220446049250313e-16,0.0
earlier_diagnostic,BASE,2017-06-08,12,2017-05-18,24000,True,True,PREDICTION_AVAILABLE,COMPARABLE_SAVED_MODEL_AND_SINGLE_ACTUAL_ENTRY,0.03590391080945213,0.03590391080945213,False,False,2.70805020110221,0.048011509135985175,0.0,1.0,0.019258595785020434,0.06280090123903026,0.043370620766232104,0.1105875444965683,0.0,0.0,0.0,0.0,0.0,0.0
earlier_diagnostic,BASE,2017-06-09,12,2017-05-18,24000,True,True,PREDICTION_AVAILABLE,COMPARABLE_SAVED_MODEL_AND_SINGLE_ACTUAL_ENTRY,0.03783234809179163,0.03783234809179163,False,False,2.772588722239781,0.05447890133822697,0.0,1.0,0.027987692503412348,0.07254371405364524,0.04953561453463018,0.10818020682410061,0.0,0.0,0.0,0.0,0.0,0.0
earlier_diagnostic,BASE,2017-06-12,12,2017-05-18,24000,True,True,PREDICTION_AVAILABLE,COMPARABLE_SAVED_MODEL_AND_SINGLE_ACTUAL_ENTRY,0.03902067374954814,0.03902067374954814,False,False,2.833213344056216,0.05242109472842271,-0.0019514914970727437,1.0,0.0326501677707425,0.06550733292851743,0.04728247883840497,0.10975209593256707,0.0,0.0,0.0,0.0,0.0,0.0
earlier_diagnostic,BASE,2017-06-13,12,2017-05-18,24000,True,True,PREDICTION_AVAILABLE,COMPARABLE_SAVED_MODEL_AND_SINGLE_ACTUAL_ENTRY,0.03692256643448444,0.03692256643448444,False,False,2.8903717578961645,0.05447890133822697,0.0,1.0,0.026841560572789684,0.05944048905521815,0.04887060969505952,0.10843365533743791,0.0,0.0,0.0,0.0,0.0,0.0
earlier_diagnostic,BASE,2017-06-14,12,2017-05-18,24000,True,True,PREDICTION_AVAILABLE,COMPARABLE_SAVED_MODEL_AND_SINGLE_ACTUAL_ENTRY,0.028246145799387022,0.028246145799387022,False,False,2.9444389791664403,0.04389589591637688,-0.010036241984945682,1.0,0.003102526815267693,0.04522008714891617,0.03796784984779711,0.11737777127396208,0.0,0.0,0.0,0.0,0.0,0.0
earlier_diagnostic,BASE,2017-06-15,12,2017-05-18,24000,True,True,PREDICTION_AVAILABLE,COMPARABLE_SAVED_MODEL_AND_SINGLE_ACTUAL_ENTRY,0.02569770043153936,0.02569770043153936,False,False,2.995732273553991,0.04036822744242685,-0.013381655979927465,1.0,-0.007319852502932864,0.030118438888042477,0.034056473839411794,0.11354393661598104,0.0,0.0,0.0,0.0,0.0,0.0
earlier_diagnostic,BASE,2017-06-16,12,2017-05-18,24000,True,True,PREDICTION_AVAILABLE,COMPARABLE_SAVED_MODEL_AND_SINGLE_ACTUAL_ENTRY,0.022532044607543517,0.022532044607543517,False,False,3.044522437723423,0.03860439320545184,-0.015054362977418467,1.0,-0.015168830173137532,0.03514186494049932,0.03181929978881226,0.11021018373088641,0.0,0.0,0.0,0.0,0.0,0.0
earlier_diagnostic,BASE,2017-06-19,12,2017-05-18,24000,True,True,PREDICTION_AVAILABLE,COMPARABLE_SAVED_MODEL_AND_SINGLE_ACTUAL_ENTRY,0.02487908913179196,0.02487908913179196,False,False,3.091042453358316,0.050363288118618454,-0.0039029829941454874,1.0,-0.0019572213713363058,0.050807310592171834,0.04291083254058403,0.11252364828808589,0.0,0.0,0.0,0.0,0.0,0.0
earlier_diagnostic,BASE,2017-06-20,12,2017-05-18,24000,True,True,PREDICTION_AVAILABLE,COMPARABLE_SAVED_MODEL_AND_SINGLE_ACTUAL_ENTRY,0.022818778088462797,0.022818778088462797,False,False,3.1354942159291497,0.04712959201749767,-0.006969612489545529,1.0,-0.006994013682675666,0.045958690893799836,0.03911495423404099,0.11421290862574812,0.0,0.0,0.0,0.0,0.0,0.0
earlier_diagnostic,BASE,2017-06-21,12,2017-05-18,24000,True,True,PREDICTION_AVAILABLE,COMPARABLE_SAVED_MODEL_AND_SINGLE_ACTUAL_ENTRY,0.02852252958168637,0.02852252958168637,False,False,3.1780538303479458,0.06035834879481028,0.0,1.0,0.015647147960451278,0.057631462319926406,0.05147280644169894,0.11951256190946759,0.0,0.0,0.0,0.0,0.0,0.0
earlier_diagnostic,BASE,2017-06-22,12,2017-05-18,24000,True,True,PREDICTION_AVAILABLE,COMPARABLE_SAVED_MODEL_AND_SINGLE_ACTUAL_ENTRY,0.029822571692862634,0.029822571692862634,False,False,3.2188758248682006,0.06153423828612703,0.0,1.0,0.020140540931994563,0.054344191220807095,0.051952209104364044,0.11953857943098367,0.0,0.0,0.0,0.0,0.0,0.0
earlier_diagnostic,BASE,2017-06-23,12,2017-05-18,24000,True,True,PREDICTION_AVAILABLE,COMPARABLE_SAVED_MODEL_AND_SINGLE_ACTUAL_ENTRY,0.03250017443543039,0.03250017443543039,False,False,3.258096538021482,0.07182327133514788,0.0,1.0,0.031483307879463275,0.06399012518195753,0.061350659976720845,0.12143942689695025,0.0,0.0,0.0,0.0,0.0,0.0
earlier_diagnostic,BASE,2017-06-26,12,2017-05-18,24000,True,True,PREDICTION_AVAILABLE,COMPARABLE_SAVED_MODEL_AND_SINGLE_ACTUAL_ENTRY,0.035046094377682205,0.035046094377682205,False,False,3.295836866004329,0.08505202811246049,0.0,1.0,0.03249184500658878,0.05513645822316652,0.07345760168263493,0.10758550674147523,0.0,0.0,0.0,0.0,0.0,0.0
earlier_diagnostic,BASE,2017-06-27,12,2017-05-18,24000,True,True,PREDICTION_AVAILABLE,COMPARABLE_SAVED_MODEL_AND_SINGLE_ACTUAL_ENTRY,0.035822638271507584,0.035822638271507584,False,False,3.332204510175204,0.08563997285811875,0.0,1.0,0.03611695100295627,0.05739736817691191,0.07307348106104583,0.10666463211086621,0.0,0.0,0.0,0.0,0.0,0.0
earlier_diagnostic,BASE,2017-06-28,12,2017-05-18,24000,True,True,PREDICTION_AVAILABLE,COMPARABLE_SAVED_MODEL_AND_SINGLE_ACTUAL_ENTRY,0.02883420015683487,0.02883420015683487,False,False,3.367295829986474,0.07829066353738945,-0.006769564040075782,1.0,0.016770152472816355,0.0500313921895813,0.06490345257207863,0.11164348702324912,0.0,0.0,0.0,0.0,0.0,0.0
earlier_diagnostic,BASE,2017-06-29,12,2017-05-18,24000,True,True,PREDICTION_AVAILABLE,COMPARABLE_SAVED_MODEL_AND_SINGLE_ACTUAL_ENTRY,0.029660169227381194,0.029660169227381194,False,False,3.4011973816621555,0.08475805573963124,-0.0008123476848090894,1.0,0.02164171575711487,0.053720999971196996,0.07027813903913671,0.11228564623076642,0.0,0.0,0.0,0.0,0.0,0.0
earlier_diagnostic,BASE,2017-06-30,12,2017-05-18,24000,True,True,PREDICTION_AVAILABLE,COMPARABLE_SAVED_MODEL_AND_SINGLE_ACTUAL_ENTRY,0.0254675740147199,0.0254675740147199,False,False,3.4339872044851463,0.08299422150265623,-0.002437043054427268,1.0,0.010368442136589065,0.05467061234632715,0.06754953276007103,0.1117644116188197,0.0,0.0,0.0,0.0,0.0,0.0
earlier_diagnostic,BASE,2017-07-03,12,2017-05-18,24000,True,True,PREDICTION_AVAILABLE,COMPARABLE_SAVED_MODEL_AND_SINGLE_ACTUAL_ENTRY,0.019621517197783208,0.019621517197783208,False,False,3.4657359027997265,0.07829066353738945,-0.006769564040075782,1.0,-0.006250869653643096,0.056933921752351874,0.06197940383988998,0.1096181369681597,0.0,0.0,0.0,0.0,0.0,0.0
earlier_diagnostic,BASE,2017-07-04,12,2017-05-18,24000,True,True,PREDICTION_AVAILABLE,COMPARABLE_SAVED_MODEL_AND_SINGLE_ACTUAL_ENTRY,0.01693898642121328,0.016938986421213286,False,False,3.4965075614664802,0.06947149235251437,-0.014893040888166786,1.0,-0.015005055774495759,0.04095944211857452,0.052540233081857846,0.11446272696291841,0.0,0.0,-6.938893903907228e-18,0.0,-2.220446049250313e-16,0.0
earlier_diagnostic,BASE,2017-07-05,12,2017-05-18,24000,True,True,PREDICTION_AVAILABLE,COMPARABLE_SAVED_MODEL_AND_SINGLE_ACTUAL_ENTRY,0.023258793994515307,0.023258793994515307,False,False,3.5263605246161616,0.08328819387548547,-0.0021662604928243123,1.0,0.004623971247081429,0.04014379849561675,0.06533127420351392,0.11342079379919523,0.0,0.0,0.0,0.0,0.0,0.0
earlier_diagnostic,BASE,2017-07-06,12,2017-05-18,24000,True,True,PREDICTION_AVAILABLE,COMPARABLE_SAVED_MODEL_AND_SINGLE_ACTUAL_ENTRY,0.02132601522686718,0.02132601522686718,False,False,3.5553480614894135,0.08240627675699796,-0.0029786081776334017,1.0,-0.002170375241549729,0.03229202894462683,0.06364897650817958,0.11227711213230987,0.0,0.0,0.0,0.0,0.0,0.0
earlier_diagnostic,BASE,2017-07-07,12,2017-05-18,24000,True,True,PREDICTION_AVAILABLE,COMPARABLE_SAVED_MODEL_AND_SINGLE_ACTUAL_ENTRY,0.021983299990492373,0.021983299990492373,False,False,3.58351893845611,0.08181833201133948,-0.0035201733008394243,1.0,-0.0010863662122208998,0.0255965536306939,0.062235365875522586,0.11125082920519479,0.0,0.0,0.0,0.0,0.0,0.0
earlier_diagnostic,BASE,2017-07-10,12,2017-05-18,24000,True,True,PREDICTION_AVAILABLE,COMPARABLE_SAVED_MODEL_AND_SINGLE_ACTUAL_ENTRY,0.023362600828321332,0.023362600828321332,False,False,3.6109179126442243,0.08299422150265623,-0.002437043054427268,1.0,0.004352563998841888,0.02863631798045126,0.06257445929449168,0.11061832040236821,0.0,0.0,0.0,0.0,0.0,0.0
earlier_diagnostic,BASE,2017-07-11,12,2017-05-18,24000,True,True,PREDICTION_AVAILABLE,COMPARABLE_SAVED_MODEL_AND_SINGLE_ACTUAL_ENTRY,0.0279532321203769,0.0279532321203769,False,False,3.6375861597263857,0.0918133926875313,0.0,1.0,0.020675382834583554,0.03479326438036839,0.0703065738776929,0.1130412447697612,0.0,0.0,0.0,0.0,0.0,0.0
earlier_diagnostic,BASE,2017-07-12,12,2017-05-18,24000,True,True,PREDICTION_AVAILABLE,COMPARABLE_SAVED_MODEL_AND_SINGLE_ACTUAL_ENTRY,0.021649360945237034,0.021649360945237034,False,False,3.6635616461296463,0.08534600048528951,-0.005923532579429236,1.0,0.0018977909993057986,0.03893906267965485,0.0630462070453841,0.10838125018114901,0.0,0.0,0.0,0.0,0.0,0.0
earlier_diagnostic,BASE,2017-07-13,12,2017-05-18,24000,True,True,PREDICTION_AVAILABLE,COMPARABLE_SAVED_MODEL_AND_SINGLE_ACTUAL_ENTRY,0.023926268451811842,0.023926268451811852,False,False,3.6888794541139363,0.09651695065279786,0.0,1.0,0.01295215084483798,0.05256403229239767,0.07291863386484088,0.11020237486524344,0.0,0.0,-1.0408340855860843e-17,0.0,-2.220446049250313e-16,0.0
earlier_diagnostic,BASE,2017-07-14,12,2017-05-18,24000,True,True,PREDICTION_AVAILABLE,COMPARABLE_SAVED_MODEL_AND_SINGLE_ACTUAL_ENTRY,0.02570252467027953,0.02570252467027953,False,False,3.713572066704308,0.10386625997352716,0.0,1.0,0.02017553303525831,0.06094091683908975,0.07898640865956996,0.10985060392825238,0.0,0.0,0.0,0.0,0.0,0.0
earlier_diagnostic,BASE,2017-07-17,12,2017-05-18,24000,True,True,PREDICTION_AVAILABLE,COMPARABLE_SAVED_MODEL_AND_SINGLE_ACTUAL_ENTRY,0.021142243676017435,0.021142243676017435,False,False,3.7376696182833684,0.08887366895923954,-0.013581890812250363,1.0,0.005414198390872482,0.03600773774266005,0.06334563699891471,0.11974978645132824,0.0,0.0,0.0,0.0,0.0,0.0
earlier_diagnostic,BASE,2017-07-18,12,2017-05-18,24000,True,True,PREDICTION_AVAILABLE,COMPARABLE_SAVED_MODEL_AND_SINGLE_ACTUAL_ENTRY,0.018187627063462518,0.018187627063462518,False,False,3.7612001156935624,0.08946161370489802,-0.013049267643142515,1.0,-0.0021563350673461526,0.0396309429956979,0.06294241286885804,0.11851568029397883,0.0,0.0,0.0,0.0,0.0,0.0
earlier_diagnostic,BASE,2017-07-19,12,2017-05-18,24000,True,True,PREDICTION_AVAILABLE,COMPARABLE_SAVED_MODEL_AND_SINGLE_ACTUAL_ENTRY,0.024825829169743338,0.024825829169743338,False,False,3.784189633918261,0.11209748641274397,0.0,1.0,0.024349029010286273,0.04764094372948985,0.0838881609450528,0.13058355426064114,0.0,0.0,0.0,0.0,0.0,0.0
earlier_diagnostic,BASE,2017-07-20,12,2017-05-18,24000,True,True,PREDICTION_AVAILABLE,COMPARABLE_SAVED_MODEL_AND_SINGLE_ACTUAL_ENTRY,0.02253617363454986,0.02253617363454986,False,False,3.8066624897703196,0.11738898912366902,0.0,1.0,0.0188559563513874,0.051279447711790514,0.087825951860236,0.13073440898186586,0.0,0.0,0.0,0.0,0.0,0.0
earlier_diagnostic,BASE,2017-07-21,12,2017-05-18,24000,True,True,PREDICTION_AVAILABLE,COMPARABLE_SAVED_MODEL_AND_SINGLE_ACTUAL_ENTRY,0.019450969450062396,0.019450969450062396,False,False,3.828641396489095,0.11180351403991473,-0.0049986845566956095,1.0,0.007164685020167668,0.036622293979794135,0.08130001882220594,0.13057178875136116,0.0,0.0,0.0,0.0,0.0,0.0
earlier_diagnostic,BASE,2017-07-24,12,2017-05-18,24000,True,True,PREDICTION_AVAILABLE,COMPARABLE_SAVED_MODEL_AND_SINGLE_ACTUAL_ENTRY,0.026655345550275225,0.026655345550275225,False,False,3.8501476017100584,0.11738898912366902,0.0,1.0,0.025850873223178597,0.029366765959249867,0.08559419455108386,0.12547514460131046,0.0,0.0,0.0,0.0,0.0,0.0
earlier_diagnostic,BASE,2017-07-25,12,2017-05-18,24000,True,True,PREDICTION_AVAILABLE,COMPARABLE_SAVED_MODEL_AND_SINGLE_ACTUAL_ENTRY,0.023829605241157174,0.023829605241157174,False,False,3.871201010907891,0.10886379031162297,-0.007629571165482796,1.0,0.017652236908042816,0.021166228900784456,0.07626389199317041,0.12942736486065687,0.0,0.0,0.0,0.0,0.0,0.0
earlier_diagnostic,BASE,2017-07-26,12,2017-05-18,24000,True,True,PREDICTION_AVAILABLE,COMPARABLE_SAVED_MODEL_AND_SINGLE_ACTUAL_ENTRY,0.01480429581069755,0.014804295810697556,False,False,3.8918202981106265,0.10269037048221041,-0.01315443304393582,1.0,-0.008494874551142097,0.022375916705531396,0.06931088220760895,0.12856197448436738,0.0,0.0,-6.938893903907228e-18,0.0,-2.220446049250313e-16,0.0
earlier_diagnostic,BASE,2017-07-27,12,2017-05-18,24000,True,True,PREDICTION_AVAILABLE,COMPARABLE_SAVED_MODEL_AND_SINGLE_ACTUAL_ENTRY,0.014262626341823433,0.014262626341823433,False,False,3.912023005428146,0.10592406658333142,-0.010260457774269982,1.0,-0.010313459128273215,0.01932427282640243,0.07149214728032627,0.12752831936402756,0.0,0.0,0.0,0.0,0.0,0.0
earlier_diagnostic,BASE,2017-07-28,12,2017-05-18,24000,True,True,PREDICTION_AVAILABLE,COMPARABLE_SAVED_MODEL_AND_SINGLE_ACTUAL_ENTRY,0.016581650231076137,0.016581650231076137,False,False,3.9318256327243257,0.11003967980293972,-0.006577216521967855,1.0,-0.001587721953011776,0.024666129890193296,0.07443660368768423,0.12748320052384873,0.0,0.0,0.0,0.0,0.0,0.0
earlier_diagnostic,BASE,2017-07-31,12,2017-05-18,24000,True,True,PREDICTION_AVAILABLE,COMPARABLE_SAVED_MODEL_AND_SINGLE_ACTUAL_ENTRY,0.015473766588828597,0.015473766588828597,False,False,3.9512437185814275,0.11415529302254801,-0.0028939752696658383,1.0,-0.0028981709127769797,0.03271946470011598,0.07733707290265057,0.12603937244671146,0.0,0.0,0.0,0.0,0.0,0.0
earlier_diagnostic,BASE,2017-08-01,12,2017-05-18,24000,True,True,PREDICTION_AVAILABLE,COMPARABLE_SAVED_MODEL_AND_SINGLE_ACTUAL_ENTRY,0.019937529425013555,0.019937529425013555,False,False,3.970291913552122,0.12297446420742308,0.0,1.0,0.012645057847272627,0.04881634252255285,0.08468287696515886,0.1224049768661069,0.0,0.0,0.0,0.0,0.0,0.0
earlier_diagnostic,BASE,2017-08-02,12,2017-05-18,24000,True,True,PREDICTION_AVAILABLE,COMPARABLE_SAVED_MODEL_AND_SINGLE_ACTUAL_ENTRY,0.023295020330461685,0.023295020330461685,False,False,3.9889840465642745,0.12297446420742308,0.0,1.0,0.018227951518733382,0.03597989697718336,0.08356242421090632,0.11646775642492815,0.0,0.0,0.0,0.0,0.0,0.0
earlier_diagnostic,BASE,2017-08-03,12,2017-05-18,24000,True,True,PREDICTION_AVAILABLE,COMPARABLE_SAVED_MODEL_AND_SINGLE_ACTUAL_ENTRY,0.01863846983652253,0.01863846983652253,False,False,4.007333185232471,0.11180351403991473,-0.009947643979057563,1.0,0.005302239357426989,0.026796887425379147,0.07180305878574256,0.12324230879967717,0.0,0.0,0.0,0.0,0.0,0.0
earlier_diagnostic,BASE,2017-08-04,12,2017-05-18,24000,True,True,PREDICTION_AVAILABLE,COMPARABLE_SAVED_MODEL_AND_SINGLE_ACTUAL_ENTRY,0.015255840237164548,0.015255840237164548,False,False,4.02535169073515,0.10504214946484391,-0.01596858638743459,1.0,-0.0045122837012134005,0.0212402124012008,0.06441519460477241,0.12581645324261423,0.0,0.0,0.0,0.0,0.0,0.0
earlier_diagnostic,BASE,2017-08-07,12,2017-05-18,24000,True,True,PREDICTION_AVAILABLE,COMPARABLE_SAVED_MODEL_AND_SINGLE_ACTUAL_ENTRY,0.015276292295324696,0.015276292295324696,False,False,4.04305126783455,0.11180351403991473,-0.009947643979057563,1.0,-0.0021130488580691498,0.026253851843204945,0.07004170861498582,0.12702472134477097,0.0,0.0,0.0,0.0,0.0,0.0
earlier_diagnostic,BASE,2017-08-08,12,2017-05-18,24000,True,True,PREDICTION_AVAILABLE,COMPARABLE_SAVED_MODEL_AND_SINGLE_ACTUAL_ENTRY,0.013350924629079875,0.013350924629079875,False,False,4.060443010546419,0.11209748641274397,-0.009685863874345557,1.0,-0.009733076967591507,0.018407882720377782,0.06944716017913577,0.12458726968710185,0.0,0.0,0.0,0.0,0.0,0.0
earlier_diagnostic,BASE,2017-08-09,12,2017-05-18,24000,True,True,PREDICTION_AVAILABLE,COMPARABLE_SAVED_MODEL_AND_SINGLE_ACTUAL_ENTRY,0.012831268719904587,0.012831268719904587,False,False,4.07753744390572,0.11121556929425647,-0.010471204188481686,1.0,-0.010526412986987381,0.023555692990890175,0.0677011001840695,0.12223749714892546,0.0,0.0,0.0,0.0,0.0,0.0
earlier_diagnostic,BASE,2017-08-10,12,2017-05-18,24000,True,True,PREDICTION_AVAILABLE,COMPARABLE_SAVED_MODEL_AND_SINGLE_ACTUAL_ENTRY,0.016764741198602225,0.016764741198602225,False,False,4.0943445622221,0.10886379031162297,-0.012565445026177957,1.0,-0.0026476054650545616,0.011197131115486607,0.06460444243741303,0.11804011067277842,0.0,0.0,0.0,0.0,0.0,0.0
earlier_diagnostic,BASE,2017-08-11,12,2017-05-18,24000,True,True,PREDICTION_AVAILABLE,COMPARABLE_SAVED_MODEL_AND_SINGLE_ACTUAL_ENTRY,0.012202720779171764,0.012202720779171764,False,False,4.110873864173311,0.08769777946792301,-0.03141361256544506,1.0,-0.015820144931861915,-0.014755465565919428,0.04359108152702729,0.13403072799446464,0.0,0.0,0.0,0.0,0.0,0.0
earlier_diagnostic,BASE,2018-02-13,13,2018-02-13,38000,True,False,,NOT_COMPARABLE_MULTIPLE_FILLS_OR_OTHER_ENTRY,,,False,False,,,,,,,,,,,,,,
earlier_diagnostic,BASE,2018-02-14,13,2018-02-13,38000,True,False,,NOT_COMPARABLE_MULTIPLE_FILLS_OR_OTHER_ENTRY,,,False,False,,,,,,,,,,,,,,
earlier_diagnostic,BASE,2018-02-22,13,2018-02-13,38000,True,False,,NOT_COMPARABLE_MULTIPLE_FILLS_OR_OTHER_ENTRY,,,False,False,,,,,,,,,,,,,,
earlier_diagnostic,BASE,2018-02-23,13,2018-02-13,38000,True,False,,NOT_COMPARABLE_MULTIPLE_FILLS_OR_OTHER_ENTRY,,,False,False,,,,,,,,,,,,,,
earlier_diagnostic,BASE,2018-02-26,13,2018-02-13,38000,True,False,,NOT_COMPARABLE_MULTIPLE_FILLS_OR_OTHER_ENTRY,,,False,False,,,,,,,,,,,,,,
earlier_diagnostic,BASE,2018-02-27,13,2018-02-13,38000,True,False,,NOT_COMPARABLE_MULTIPLE_FILLS_OR_OTHER_ENTRY,,,False,False,,,,,,,,,,,,,,
earlier_diagnostic,BASE,2018-02-28,13,2018-02-13,38000,True,False,,NOT_COMPARABLE_MULTIPLE_FILLS_OR_OTHER_ENTRY,,,False,False,,,,,,,,,,,,,,
earlier_diagnostic,BASE,2018-03-01,13,2018-02-13,38000,True,False,,NOT_COMPARABLE_MULTIPLE_FILLS_OR_OTHER_ENTRY,,,False,False,,,,,,,,,,,,,,
earlier_diagnostic,BASE,2018-03-02,13,2018-02-13,44900,False,False,,NOT_COMPARABLE_MULTIPLE_FILLS_OR_OTHER_ENTRY,,,False,False,,,,,,,,,,,,,,
earlier_diagnostic,BASE,2018-03-05,13,2018-02-13,44900,False,False,,NOT_COMPARABLE_MULTIPLE_FILLS_OR_OTHER_ENTRY,,,False,False,,,,,,,,,,,,,,
earlier_diagnostic,BASE,2018-10-09,14,2018-10-09,52400,True,True,PREDICTION_AVAILABLE,COMPARABLE_SAVED_MODEL_AND_SINGLE_ACTUAL_ENTRY,0.03452303227955457,0.03452303227955457,False,False,0.6931471805599453,-0.0007968555542624545,-0.0007968555542624545,1.0,-0.02972118132747495,-0.010399737171342497,-0.06654058211101777,0.2599135064547942,0.0,0.0,0.0,0.0,0.0,0.0
earlier_diagnostic,BASE,2018-10-10,14,2018-10-09,52400,True,True,PREDICTION_AVAILABLE,COMPARABLE_SAVED_MODEL_AND_SINGLE_ACTUAL_ENTRY,0.025766094522105813,0.0257660945221058,False,False,1.0986122886681098,-0.001393751100526197,-0.001393751100526197,1.0,-0.04127616512888176,-0.02275175698341591,-0.06591323080215783,0.25604404007879533,0.0,0.0,1.3877787807814457e-17,0.0,1.1102230246251565e-16,1.1102230246251565e-16
earlier_diagnostic,BASE,2018-10-11,14,2018-10-09,52400,True,True,PREDICTION_AVAILABLE,COMPARABLE_SAVED_MODEL_AND_SINGLE_ACTUAL_ENTRY,-0.0036711890445412874,-0.0036711890445413013,False,False,1.3862943611198906,-0.05272676807921994,-0.05272676807921994,1.0,-0.08973817469388633,-0.054862845379874105,-0.11250297090609107,0.30411193503912265,1.0,1.0,1.3877787807814457e-17,0.0,1.1102230246251565e-16,1.1102230246251565e-16
earlier_diagnostic,BASE,2018-10-12,14,2018-10-09,52400,True,True,PREDICTION_AVAILABLE,COMPARABLE_SAVED_MODEL_AND_SINGLE_ACTUAL_ENTRY,-0.006966943529123708,-0.006966943529123708,False,False,1.6094379124341003,-0.03511834946443548,-0.03511834946443548,1.0,-0.0816355757666403,-0.02775837824990543,-0.09480133740559149,0.3118211505051433,2.0,2.0,0.0,0.0,0.0,0.0
earlier_diagnostic,BASE,2018-10-15,14,2018-10-09,18500,False,True,,NOT_COMPARABLE_MULTIPLE_FILLS_OR_OTHER_ENTRY,,,False,False,,,,,,,,,,,,,,
earlier_diagnostic,BASE,2018-10-16,14,2018-10-09,18500,False,True,,NOT_COMPARABLE_MULTIPLE_FILLS_OR_OTHER_ENTRY,,,False,False,,,,,,,,,,,,,,
earlier_diagnostic,BASE,2018-10-17,14,2018-10-09,18500,False,True,,NOT_COMPARABLE_MULTIPLE_FILLS_OR_OTHER_ENTRY,,,False,False,,,,,,,,,,,,,,
earlier_diagnostic,BASE,2018-10-18,14,2018-10-09,18500,False,True,,NOT_COMPARABLE_MULTIPLE_FILLS_OR_OTHER_ENTRY,,,False,False,,,,,,,,,,,,,,
earlier_diagnostic,BASE,2019-02-28,15,2019-02-28,25100,True,True,PREDICTION_AVAILABLE,COMPARABLE_SAVED_MODEL_AND_SINGLE_ACTUAL_ENTRY,0.027303278131965186,0.027303278131965186,False,False,0.6931471805599453,-0.002378766959765355,-0.002378766959765355,1.0,0.06455672132139337,0.1480269619767293,0.13617600209603276,0.30655747755312185,0.0,0.0,0.0,0.0,0.0,0.0
earlier_diagnostic,BASE,2019-03-01,15,2019-02-28,25100,True,True,PREDICTION_AVAILABLE,COMPARABLE_SAVED_MODEL_AND_SINGLE_ACTUAL_ENTRY,0.01940869765428327,0.01940869765428327,False,False,1.0986122886681098,0.01804754821304866,0.0,1.0,0.058386625057692716,0.1607265607334156,0.15842389445079075,0.30980710619042673,0.0,0.0,0.0,0.0,0.0,0.0
earlier_diagnostic,BASE,2019-03-04,15,2019-02-28,13000,False,True,PREDICTION_AVAILABLE,NOT_COMPARABLE_MULTIPLE_FILLS_OR_OTHER_ENTRY,,-0.006461639034583511,False,False,,,,,,,,,,,,,,
earlier_diagnostic,BASE,2019-03-05,15,2019-02-28,13000,False,True,PREDICTION_AVAILABLE,NOT_COMPARABLE_MULTIPLE_FILLS_OR_OTHER_ENTRY,,0.0025531193555298716,False,False,,,,,,,,,,,,,,
earlier_diagnostic,BASE,2019-03-06,15,2019-02-28,13000,False,True,PREDICTION_AVAILABLE,NOT_COMPARABLE_MULTIPLE_FILLS_OR_OTHER_ENTRY,,0.004032906199790892,False,False,,,,,,,,,,,,,,
earlier_diagnostic,BASE,2019-03-07,15,2019-02-28,13000,False,True,PREDICTION_AVAILABLE,NOT_COMPARABLE_MULTIPLE_FILLS_OR_OTHER_ENTRY,,-0.0007986036539815548,False,False,,,,,,,,,,,,,,
earlier_diagnostic,BASE,2019-03-08,15,2019-02-28,13000,False,True,PREDICTION_AVAILABLE,NOT_COMPARABLE_MULTIPLE_FILLS_OR_OTHER_ENTRY,,-0.024143691175679414,False,False,,,,,,,,,,,,,,
earlier_diagnostic,BASE,2019-05-31,16,2019-05-31,9400,True,True,PREDICTION_AVAILABLE,COMPARABLE_SAVED_MODEL_AND_SINGLE_ACTUAL_ENTRY,0.041712496978336136,0.04171249697833612,False,False,0.6931471805599453,-0.0034923860452936717,-0.0034923860452936717,1.0,0.011631258238859538,-0.07016692504124154,0.03177663449702073,0.2892575560659452,0.0,0.0,1.3877787807814457e-17,0.0,1.1102230246251565e-16,1.1102230246251565e-16
earlier_diagnostic,BASE,2019-06-03,16,2019-05-31,9400,True,True,PREDICTION_AVAILABLE,COMPARABLE_SAVED_MODEL_AND_SINGLE_ACTUAL_ENTRY,0.03341759845638127,0.033417598456381266,False,False,1.0986122886681098,-0.0012974353537634764,-0.0012974353537634764,1.0,0.0019249284095843627,-0.009025085188880854,0.03291255022457018,0.21166877055142844,0.0,0.0,6.938893903907228e-18,0.0,1.1102230246251565e-16,1.1102230246251565e-16
earlier_diagnostic,BASE,2019-06-04,16,2019-05-31,9400,True,True,PREDICTION_AVAILABLE,COMPARABLE_SAVED_MODEL_AND_SINGLE_ACTUAL_ENTRY,0.026343047191139078,0.026343047191139078,False,False,1.3862943611198906,-0.010351606956325421,-0.010351606956325421,1.0,-0.011850765672998148,-0.027346522247193042,0.02270318050565745,0.21065533855050783,0.0,0.0,0.0,0.0,1.1102230246251565e-16,1.1102230246251565e-16
earlier_diagnostic,BASE,2019-06-05,16,2019-05-31,9400,True,True,PREDICTION_AVAILABLE,COMPARABLE_SAVED_MODEL_AND_SINGLE_ACTUAL_ENTRY,0.02066913102617178,0.020669131026171787,False,False,1.6094379124341003,-0.012546557647855838,-0.012546557647855838,1.0,-0.014618933635828406,-0.016533856940175874,0.019624200278815396,0.20634748886975435,0.0,0.0,-6.938893903907228e-18,0.0,-1.1102230246251565e-16,-1.1102230246251565e-16
earlier_diagnostic,BASE,2019-06-06,16,2019-05-31,9400,True,True,PREDICTION_AVAILABLE,COMPARABLE_SAVED_MODEL_AND_SINGLE_ACTUAL_ENTRY,0.014186932617274854,0.014186932617274857,False,False,1.791759469228055,-0.021051991577535345,-0.021051991577535345,1.0,-0.02272195287663721,-0.010871187203638888,0.010077991830088395,0.20257800014541663,0.0,0.0,-3.469446951953614e-18,0.0,-1.1102230246251565e-16,-1.1102230246251565e-16
earlier_diagnostic,BASE,2019-06-10,16,2019-05-31,9400,True,True,PREDICTION_AVAILABLE,COMPARABLE_SAVED_MODEL_AND_SINGLE_ACTUAL_ENTRY,0.025634972689780287,0.025634972689780287,False,False,1.9459101490553132,-0.008431025101236722,-0.008431025101236722,1.0,-0.004968268569010316,-0.02890847611501851,0.022058681485747966,0.17384023825274,0.0,0.0,0.0,0.0,0.0,0.0
earlier_diagnostic,BASE,2019-06-11,16,2019-05-31,9400,True,True,PREDICTION_AVAILABLE,COMPARABLE_SAVED_MODEL_AND_SINGLE_ACTUAL_ENTRY,0.025992213106389717,0.025992213106389744,False,False,2.0794415416798357,0.022572653416627064,0.0,1.0,0.02361993884847187,0.020328657764399197,0.05264662051910718,0.19647208324221466,0.0,0.0,-2.7755575615628914e-17,0.0,-2.220446049250313e-16,0.0
earlier_diagnostic,BASE,2019-06-12,16,2019-05-31,9400,True,True,PREDICTION_AVAILABLE,COMPARABLE_SAVED_MODEL_AND_SINGLE_ACTUAL_ENTRY,0.024642750918643166,0.024642750918643173,False,False,2.1972245773362196,0.014890325996271603,-0.007512744834987872,1.0,0.025186110928914707,0.017728542876337346,0.04337955227845991,0.1976825614724886,0.0,0.0,-6.938893903907228e-18,0.0,0.0,1.1102230246251565e-16
earlier_diagnostic,BASE,2019-06-13,16,2019-05-31,9400,True,True,PREDICTION_AVAILABLE,COMPARABLE_SAVED_MODEL_AND_SINGLE_ACTUAL_ENTRY,0.02867821948527384,0.028678219485273826,False,False,2.302585092994046,0.012969744141182904,-0.009390931043734674,1.0,0.02551228754371189,-0.005402498283348473,0.04010059525832421,0.18298024039095045,0.0,0.0,1.3877787807814457e-17,0.0,2.220446049250313e-16,1.1102230246251565e-16
earlier_diagnostic,BASE,2019-06-14,16,2019-05-31,9400,True,True,PREDICTION_AVAILABLE,COMPARABLE_SAVED_MODEL_AND_SINGLE_ACTUAL_ENTRY,0.029564128381489654,0.02956412838148966,False,False,2.3978952727983707,0.006933629739474645,-0.015293801985511002,1.0,0.02818644734871569,-0.016216571589245415,0.03268877987432206,0.18304040128087762,0.0,0.0,-6.938893903907228e-18,0.0,0.0,1.1102230246251565e-16
earlier_diagnostic,BASE,2019-06-17,16,2019-05-31,9400,True,True,PREDICTION_AVAILABLE,COMPARABLE_SAVED_MODEL_AND_SINGLE_ACTUAL_ENTRY,0.022896292844370426,0.022896292844370426,False,False,2.4849066497880004,0.007756736248798468,-0.01448886503890523,1.0,0.0161935746674933,0.007378090581058744,0.03244404567794845,0.1647690166486803,0.0,0.0,0.0,0.0,0.0,0.0
earlier_diagnostic,BASE,2019-06-18,16,2019-05-31,9400,True,True,PREDICTION_AVAILABLE,COMPARABLE_SAVED_MODEL_AND_SINGLE_ACTUAL_ENTRY,0.009887986525584591,0.009887986525584602,False,False,2.5649493574615367,0.009951686940328663,-0.012342366514622838,1.0,-0.012419166100237336,0.02058532961575837,0.03344916464019909,0.15945166881969866,0.0,0.0,-1.0408340855860843e-17,0.0,0.0,1.1102230246251565e-16
earlier_diagnostic,BASE,2019-06-19,16,2019-05-31,9400,True,True,PREDICTION_AVAILABLE,COMPARABLE_SAVED_MODEL_AND_SINGLE_ACTUAL_ENTRY,0.016862054938437607,0.016862054938437607,False,False,2.6390573296152584,0.02476760410815748,0.0,1.0,0.009685305734463655,0.022746715911280607,0.04720922071061717,0.16161401302773112,0.0,0.0,0.0,0.0,0.0,0.0
earlier_diagnostic,BASE,2019-06-20,16,2019-05-31,9400,True,True,PREDICTION_AVAILABLE,COMPARABLE_SAVED_MODEL_AND_SINGLE_ACTUAL_ENTRY,0.021738326035815964,0.02173832603581599,False,False,2.70805020110221,0.054399438443814896,0.0,1.0,0.04008499494210103,0.05372033027729041,0.07568313233577517,0.18738657431547387,0.0,0.0,-2.7755575615628914e-17,0.0,-2.220446049250313e-16,0.0
earlier_diagnostic,BASE,2019-06-21,16,2019-05-31,9400,True,True,PREDICTION_AVAILABLE,COMPARABLE_SAVED_MODEL_AND_SINGLE_ACTUAL_ENTRY,0.02298568223342419,0.02298568223342417,False,False,2.772588722239781,0.05632002029890404,0.0,1.0,0.04788148623321384,0.07159365318700846,0.07573974369833159,0.1745806359332788,0.0,0.0,2.0816681711721685e-17,0.0,2.220446049250313e-16,0.0
earlier_diagnostic,BASE,2019-06-24,16,2019-05-31,9400,True,True,PREDICTION_AVAILABLE,COMPARABLE_SAVED_MODEL_AND_SINGLE_ACTUAL_ENTRY,0.022474238082395973,0.022474238082395945,False,False,2.833213344056216,0.057966233317551685,0.0,1.0,0.04862160991076883,0.07147817424811147,0.07544580781808619,0.17459773175860419,0.0,0.0,2.7755575615628914e-17,0.0,2.220446049250313e-16,0.0
earlier_diagnostic,BASE,2019-06-25,16,2019-05-31,9400,True,True,PREDICTION_AVAILABLE,COMPARABLE_SAVED_MODEL_AND_SINGLE_ACTUAL_ENTRY,0.01944276060651781,0.0194427606065178,False,False,2.8903717578961645,0.04726584869634198,-0.010114107883817391,1.0,0.03628031936620848,0.04940602052402749,0.06262704898673555,0.1780373015312115,0.0,0.0,1.0408340855860843e-17,0.0,0.0,-1.1102230246251565e-16
earlier_diagnostic,BASE,2019-06-26,16,2019-05-31,9400,True,True,PREDICTION_AVAILABLE,COMPARABLE_SAVED_MODEL_AND_SINGLE_ACTUAL_ENTRY,0.013956868622380325,0.013956868622380332,False,False,2.9444389791664403,0.047540217532783036,-0.009854771784232441,1.0,0.021978906718775146,0.044999557709155466,0.06098484420351169,0.17802267257633217,0.0,0.0,-6.938893903907228e-18,0.0,-2.220446049250313e-16,-2.220446049250313e-16
earlier_diagnostic,BASE,2019-06-27,16,2019-05-31,9400,True,True,PREDICTION_AVAILABLE,COMPARABLE_SAVED_MODEL_AND_SINGLE_ACTUAL_ENTRY,0.005187669970524543,0.00518766997052452,False,False,2.995732273553991,0.05906370866331678,0.0,1.0,0.004413871894032568,0.05539222074401719,0.07057142523815618,0.180399146864077,0.0,0.0,2.3418766925686896e-17,0.0,2.220446049250313e-16,0.0
earlier_diagnostic,BASE,2019-06-28,16,2019-05-31,9400,True,True,PREDICTION_AVAILABLE,COMPARABLE_SAVED_MODEL_AND_SINGLE_ACTUAL_ENTRY,0.003584905478090591,0.003584905478090591,False,False,3.044522437723423,0.058789339826875286,-0.0002590673575130209,1.0,0.002334934255788922,0.05568091496108136,0.06817924399728703,0.1803329755186095,0.0,0.0,0.0,0.0,0.0,0.0
earlier_diagnostic,BASE,2019-07-01,16,2019-05-31,9400,True,True,PREDICTION_AVAILABLE,COMPARABLE_SAVED_MODEL_AND_SINGLE_ACTUAL_ENTRY,0.007792435044002713,0.007792435044002713,False,False,3.091042453358316,0.08485437928879636,0.0,1.0,0.025097348000126054,0.08494426400937798,0.09206098519425732,0.19294327308816897,0.0,0.0,0.0,0.0,0.0,0.0
earlier_diagnostic,BASE,2019-07-02,16,2019-05-31,9400,True,True,PREDICTION_AVAILABLE,COMPARABLE_SAVED_MODEL_AND_SINGLE_ACTUAL_ENTRY,0.011657515122597713,0.011657515122597713,False,False,3.1354942159291497,0.086500592307444,0.0,1.0,0.03677925150329652,0.08426034361773964,0.09131284024654907,0.19305411723462124,0.0,0.0,0.0,0.0,0.0,0.0
earlier_diagnostic,BASE,2019-07-03,16,2019-05-31,9400,True,True,PREDICTION_AVAILABLE,COMPARABLE_SAVED_MODEL_AND_SINGLE_ACTUAL_ENTRY,0.00742711471191955,0.007427114711919534,False,False,3.1780538303479458,0.07744642070488217,-0.008333333333333304,1.0,0.02814905029231677,0.08499937367447039,0.07982343891639854,0.19242416431964762,0.0,0.0,1.5612511283791264e-17,0.0,2.220446049250313e-16,1.1102230246251565e-16
earlier_diagnostic,BASE,2019-07-04,16,2019-05-31,9400,True,True,PREDICTION_AVAILABLE,COMPARABLE_SAVED_MODEL_AND_SINGLE_ACTUAL_ENTRY,0.0002999851050662413,0.00029998510506622743,False,False,3.2188758248682006,0.07031283095740903,-0.014898989898989856,1.0,0.010565747047779944,0.08057690142762554,0.07036897891370897,0.1949259428584849,0.0,0.0,1.3877787807814457e-17,0.0,2.220446049250313e-16,1.1102230246251565e-16
earlier_diagnostic,STRESS,2015-01-05,1,2015-01-05,27900,True,True,NO_VIEW_NO_MATURE_MODEL,NO_VIEW_NO_MATURE_MODEL_OR_FEATURE,,,False,False,0.6931471805599453,0.02176424330489546,0.0,1.0,0.09135920992573307,0.14820310890226185,0.4070920542666461,0.4014656916294058,,,,,,
earlier_diagnostic,STRESS,2015-01-06,1,2015-01-05,27900,True,True,NO_VIEW_NO_MATURE_MODEL,NO_VIEW_NO_MATURE_MODEL_OR_FEATURE,,,False,False,1.0986122886681098,0.014837967252123496,-0.006778741865509863,1.0,0.04637702571543839,0.14739405056319652,0.3909466322801125,0.4018254288995751,,,,,,
earlier_diagnostic,STRESS,2015-01-07,1,2015-01-05,27900,True,True,NO_VIEW_NO_MATURE_MODEL,NO_VIEW_NO_MATURE_MODEL_OR_FEATURE,,,False,False,1.3862943611198906,0.014560916210012653,-0.007049891540130249,1.0,0.05097715246593586,0.10015532293455996,0.38405427367386613,0.3742024699098671,,,,,,
earlier_diagnostic,STRESS,2015-01-08,1,2015-01-05,27900,True,True,NO_VIEW_NO_MATURE_MODEL,NO_VIEW_NO_MATURE_MODEL_OR_FEATURE,,,False,False,1.6094379124341003,-0.007603167158857116,-0.028741865509761433,1.0,0.028889009852136945,0.1348882990864581,0.3479721148147097,0.3194203471386228,,,,,,
earlier_diagnostic,STRESS,2015-01-09,1,2015-01-05,27900,True,True,NO_VIEW_NO_MATURE_MODEL,NO_VIEW_NO_MATURE_MODEL_OR_FEATURE,,,False,False,1.791759469228055,-0.01480649425373981,-0.03579175704989168,1.0,-0.0050490990855781015,0.09213749032647725,0.3325297517744885,0.30429673402866786,,,,,,
earlier_diagnostic,STRESS,2015-01-12,1,2015-01-05,27900,True,True,NO_VIEW_NO_MATURE_MODEL,NO_VIEW_NO_MATURE_MODEL_OR_FEATURE,,,False,False,1.9459101490553132,-0.017854055716959416,-0.038774403470715924,1.0,-0.03954614571025665,0.09989046997982258,0.32285580125444224,0.30042650688455136,,,,,,
earlier_diagnostic,STRESS,2015-01-13,1,2015-01-05,27900,True,True,NO_VIEW_NO_MATURE_MODEL,NO_VIEW_NO_MATURE_MODEL_OR_FEATURE,,,False,False,2.0794415416798357,-0.01979341301173554,-0.040672451193058734,1.0,-0.034720888059083785,0.09480154716740191,0.31474066573145865,0.30139298065724973,,,,,,
earlier_diagnostic,STRESS,2015-01-14,1,2015-01-05,27900,True,True,NO_VIEW_NO_MATURE_MODEL,NO_VIEW_NO_MATURE_MODEL_OR_FEATURE,,,False,False,2.1972245773362196,-0.022009821348622505,-0.04284164859002182,1.0,-0.03671157530711359,0.08110559528467265,0.3063993831919809,0.30137319047927885,,,,,,
earlier_diagnostic,STRESS,2015-01-15,1,2015-01-05,27900,True,True,NO_VIEW_NO_MATURE_MODEL,NO_VIEW_NO_MATURE_MODEL_OR_FEATURE,,,False,False,2.302585092994046,0.00569528286246479,-0.01572668112798281,1.0,0.013311344638239391,0.08596008906521665,0.33751742518684047,0.3058592860730297,,,,,,
earlier_diagnostic,STRESS,2015-01-16,1,2015-01-05,27900,True,True,NO_VIEW_NO_MATURE_MODEL,NO_VIEW_NO_MATURE_MODEL_OR_FEATURE,,,False,False,2.3978952727983707,0.014560916210012653,-0.007049891540130249,1.0,0.029373128600660763,0.0777696694625108,0.34339308860573703,0.30284494205398194,,,,,,
earlier_diagnostic,STRESS,2015-01-19,1,2015-01-05,27900,True,True,NO_VIEW_NO_MATURE_MODEL,NO_VIEW_NO_MATURE_MODEL_OR_FEATURE,,,False,False,2.4849066497880004,-0.08683976520256653,-0.10629067245119317,1.0,-0.07282854793686558,-0.02634882969675187,0.20520696211788736,0.47219232762432617,,,,,,
earlier_diagnostic,STRESS,2015-02-11,2,2015-02-11,28300,True,True,NO_VIEW_NO_MATURE_MODEL,NO_VIEW_NO_MATURE_MODEL_OR_FEATURE,,,False,False,0.6931471805599453,0.0037077038864521406,0.0,1.0,0.010874464251490528,-0.021069242292971496,0.195772177532739,0.46787740628502905,,,,,,
earlier_diagnostic,STRESS,2015-02-12,2,2015-02-11,28300,True,True,NO_VIEW_NO_MATURE_MODEL,NO_VIEW_NO_MATURE_MODEL_OR_FEATURE,,,False,False,1.0986122886681098,0.007815247836879147,0.0,1.0,0.02684923045185736,-0.04491999994568041,0.1970126986973868,0.4562362322963523,,,,,,
earlier_diagnostic,STRESS,2015-02-13,2,2015-02-11,28300,True,True,NO_VIEW_NO_MATURE_MODEL,NO_VIEW_NO_MATURE_MODEL_OR_FEATURE,,,False,False,1.3862943611198906,0.014269959758978601,0.0,1.0,0.04829852918403868,-0.04731256265606519,0.20095543033378638,0.45559706090535257,,,,,,
earlier_diagnostic,STRESS,2015-02-16,2,2015-02-11,28300,True,True,NO_VIEW_NO_MATURE_MODEL,NO_VIEW_NO_MATURE_MODEL_OR_FEATURE,,,False,False,1.6094379124341003,0.022778443656291447,0.0,1.0,0.04518222279323292,0.06634105770737031,0.20716608695548366,0.28127751094015835,,,,,,
earlier_diagnostic,STRESS,2015-02-17,2,2015-02-11,28300,True,True,NO_VIEW_NO_MATURE_MODEL,NO_VIEW_NO_MATURE_MODEL_OR_FEATURE,,,False,False,1.791759469228055,0.03187371954652218,0.0,1.0,0.0341270827778664,0.03914110301545675,0.21388826373016645,0.25481198528767585,,,,,,
earlier_diagnostic,STRESS,2015-02-25,2,2015-02-11,28300,True,True,NO_VIEW_NO_MATURE_MODEL,NO_VIEW_NO_MATURE_MODEL_OR_FEATURE,,,False,False,1.9459101490553132,0.01603033573773316,-0.01535399488200151,1.0,0.012202359424817403,-0.021143644803058713,0.19155001962010298,0.20504704885457267,,,,,,
earlier_diagnostic,STRESS,2015-02-26,2,2015-02-11,28300,True,True,NO_VIEW_NO_MATURE_MODEL,NO_VIEW_NO_MATURE_MODEL_OR_FEATURE,,,False,False,2.0794415416798357,0.04625012337301637,0.0,1.0,0.03742759376663589,0.006470693557613434,0.22277087989502875,0.23123632138942846,,,,,,
earlier_diagnostic,STRESS,2015-02-27,2,2015-02-11,28300,True,True,NO_VIEW_NO_MATURE_MODEL,NO_VIEW_NO_MATURE_MODEL_OR_FEATURE,,,False,False,2.1972245773362196,0.04419635139780298,-0.0019629837352773682,1.0,0.02907844558856826,-0.0002809383358835702,0.2161611639137453,0.23080450957894474,,,,,,
earlier_diagnostic,STRESS,2015-03-02,2,2015-02-11,28300,True,True,NO_VIEW_NO_MATURE_MODEL,NO_VIEW_NO_MATURE_MODEL_OR_FEATURE,,,False,False,2.302585092994046,0.05241143929865677,0.0,1.0,0.028561251452316493,-0.0019495898112216956,0.22141529396190895,0.22999863068905393,,,,,,
earlier_diagnostic,STRESS,2015-03-03,2,2015-02-11,28300,True,True,NO_VIEW_NO_MATURE_MODEL,NO_VIEW_NO_MATURE_MODEL_OR_FEATURE,,,False,False,2.3978952727983707,0.023658631645668615,-0.027320880959018745,1.0,-0.007993191287208185,-0.019583427039006368,0.18417026155125216,0.24686140685209848,,,,,,
earlier_diagnostic,STRESS,2015-03-04,2,2015-02-11,28300,True,True,NO_VIEW_NO_MATURE_MODEL,NO_VIEW_NO_MATURE_MODEL_OR_FEATURE,,,False,False,2.4849066497880004,0.03216711554298146,-0.019236130471145918,1.0,0.015757380895081458,0.004844004342837585,0.19011027664958058,0.2422955388191735,,,,,,
earlier_diagnostic,STRESS,2015-03-05,2,2015-02-11,28300,True,True,NO_VIEW_NO_MATURE_MODEL,NO_VIEW_NO_MATURE_MODEL_OR_FEATURE,,,False,False,2.5649493574615367,0.02336523564920956,-0.027599665458600597,1.0,-0.02211601339421539,0.006904515346544253,0.17625254032580218,0.2412250353593566,,,,,,
earlier_diagnostic,STRESS,2015-03-06,2,2015-02-11,28300,True,True,NO_VIEW_NO_MATURE_MODEL,NO_VIEW_NO_MATURE_MODEL_OR_FEATURE,,,False,False,2.6390573296152584,0.016910523727110105,-0.03373292444940068,1.0,-0.02647841523464127,0.013068285297946576,0.16535916992734956,0.23798815784365462,,,,,,
earlier_diagnostic,STRESS,2015-03-09,2,2015-02-11,28300,True,True,NO_VIEW_NO_MATURE_MODEL,NO_VIEW_NO_MATURE_MODEL_OR_FEATURE,,,False,False,2.70805020110221,0.03686145148632636,-0.014775578477836726,1.0,-0.014885824652641027,0.055262678675049234,0.18455133191174,0.2305155102488014,,,,,,
earlier_diagnostic,STRESS,2015-03-10,2,2015-02-11,28300,True,True,NO_VIEW_NO_MATURE_MODEL,NO_VIEW_NO_MATURE_MODEL_OR_FEATURE,,,False,False,2.772588722239781,0.029526551574849735,-0.021745190967382255,1.0,0.0057159343964409,0.02481373705302954,0.17270485330020824,0.21979824299489317,,,,,,
earlier_diagnostic,STRESS,2015-03-11,2,2015-02-11,28300,True,True,NO_VIEW_NO_MATURE_MODEL,NO_VIEW_NO_MATURE_MODEL_OR_FEATURE,,,False,False,2.833213344056216,0.030993531557145237,-0.020351268469473216,1.0,-0.0011376565504609925,0.03769654802092832,0.17098549603842805,0.21480871327644194,,,,,,
earlier_diagnostic,STRESS,2015-03-12,2,2015-02-11,28300,True,True,NO_VIEW_NO_MATURE_MODEL,NO_VIEW_NO_MATURE_MODEL_OR_FEATURE,,,False,False,2.8903717578961645,0.049770875330525044,-0.0025090604962365592,1.0,0.02547547903979413,0.06763628986407191,0.18865007744077822,0.21564110037251857,,,,,,
earlier_diagnostic,STRESS,2015-03-13,2,2015-02-11,28300,True,True,NO_VIEW_NO_MATURE_MODEL,NO_VIEW_NO_MATURE_MODEL_OR_FEATURE,,,False,False,2.9444389791664403,0.055638795259706386,0.0,1.0,0.03737694423492675,0.08827550377289234,0.19151611220054154,0.20484732252287957,,,,,,
earlier_diagnostic,STRESS,2015-03-16,2,2015-02-11,28300,True,True,NO_VIEW_NO_MATURE_MODEL,NO_VIEW_NO_MATURE_MODEL_OR_FEATURE,,,False,False,2.995732273553991,0.08175103894456281,0.0,1.0,0.04238274535450254,0.10124039494741084,0.21679787313982013,0.2154868803715304,,,,,,
earlier_diagnostic,STRESS,2015-03-17,2,2015-02-11,28300,True,True,NO_VIEW_NO_MATURE_MODEL,NO_VIEW_NO_MATURE_MODEL_OR_FEATURE,,,False,False,3.044522437723423,0.09554065077813889,0.0,1.0,0.062148948518452526,0.09399877440555157,0.22800150468645008,0.210448280816772,,,,,,
earlier_diagnostic,STRESS,2015-03-18,2,2015-02-11,28300,True,True,NO_VIEW_NO_MATURE_MODEL,NO_VIEW_NO_MATURE_MODEL_OR_FEATURE,,,False,False,3.091042453358316,0.1245868544275861,0.0,1.0,0.0868927966335125,0.11371488040295027,0.2558054722504357,0.22361372585116643,,,,,,
earlier_diagnostic,STRESS,2015-03-19,2,2015-02-11,28300,True,True,NO_VIEW_NO_MATURE_MODEL,NO_VIEW_NO_MATURE_MODEL_OR_FEATURE,,,False,False,3.1354942159291497,0.11871893449840498,-0.005217845030002555,1.0,0.06361229578889918,0.10439935520111372,0.24448266946454433,0.22684109746975495,,,,,,
earlier_diagnostic,STRESS,2015-03-20,2,2015-02-11,28300,True,True,NO_VIEW_NO_MATURE_MODEL,NO_VIEW_NO_MATURE_MODEL_OR_FEATURE,,,False,False,3.1780538303479458,0.13456231830719423,0.0,1.0,0.07210087709681866,0.11207785168567233,0.2571492083024305,0.22890289901397495,,,,,,
earlier_diagnostic,STRESS,2015-03-23,2,2015-02-11,28300,True,True,NO_VIEW_NO_MATURE_MODEL,NO_VIEW_NO_MATURE_MODEL_OR_FEATURE,,,False,False,3.2188758248682006,0.15744720603100104,0.0,1.0,0.06763583504583018,0.12369400720000812,0.27725368359654756,0.23425731062509092,,,,,,
earlier_diagnostic,STRESS,2015-03-24,2,2015-02-11,28300,True,True,NO_VIEW_NO_MATURE_MODEL,NO_VIEW_NO_MATURE_MODEL_OR_FEATURE,,,False,False,3.258096538021482,0.1562736220451646,-0.0010139416983524496,1.0,0.05395445309333587,0.11382614472102104,0.27083494515747053,0.23539873078160417,,,,,,
earlier_diagnostic,STRESS,2015-03-25,2,2015-02-11,28300,True,True,NO_VIEW_NO_MATURE_MODEL,NO_VIEW_NO_MATURE_MODEL_OR_FEATURE,,,False,False,3.295836866004329,0.14923211813014725,-0.007097591888466481,1.0,0.021678268285276168,0.12319078926340904,0.2579515633330649,0.22683714030135735,,,,,,
earlier_diagnostic,STRESS,2015-03-26,2,2015-02-11,28300,True,True,NO_VIEW_NO_MATURE_MODEL,NO_VIEW_NO_MATURE_MODEL_OR_FEATURE,,,False,False,3.332204510175204,0.15011230611952442,-0.006337135614702172,1.0,0.02767537292694456,0.09464713436142239,0.25388129361340805,0.21046431362125156,,,,,,
earlier_diagnostic,STRESS,2015-03-27,2,2015-02-11,28300,True,True,NO_VIEW_NO_MATURE_MODEL,NO_VIEW_NO_MATURE_MODEL_OR_FEATURE,,,False,False,3.367295829986474,0.15891418601329632,0.0,1.0,0.02123656628787059,0.10423597238497465,0.25850066906464964,0.20916508059891048,,,,,,
earlier_diagnostic,STRESS,2015-03-30,2,2015-02-11,28300,True,True,NO_VIEW_NO_MATURE_MODEL,NO_VIEW_NO_MATURE_MODEL_OR_FEATURE,,,False,False,3.4011973816621555,0.19588208156713804,0.0,1.0,0.03266716106264076,0.12779991681033237,0.2930752531105947,0.22869784781538083,,,,,,
earlier_diagnostic,STRESS,2015-03-31,2,2015-02-11,28300,True,True,NO_VIEW_NO_MATURE_MODEL,NO_VIEW_NO_MATURE_MODEL_OR_FEATURE,,,False,False,3.4339872044851463,0.1826792617264803,-0.011040235525024533,1.0,0.022579985922162038,0.14439932193039126,0.27349212108905374,0.20366195366922013,,,,,,
earlier_diagnostic,STRESS,2015-04-01,2,2015-02-11,28300,True,True,NO_VIEW_NO_MATURE_MODEL,NO_VIEW_NO_MATURE_MODEL_OR_FEATURE,,,False,False,3.4657359027997265,0.20204339749277866,0.0,1.0,0.04492894388103982,0.15236235224936742,0.28880733397428715,0.20607472169585506,,,,,,
earlier_diagnostic,STRESS,2015-04-02,2,2015-02-11,28300,True,True,NO_VIEW_NO_MATURE_MODEL,NO_VIEW_NO_MATURE_MODEL_OR_FEATURE,,,False,False,3.4965075614664802,0.2002830215140241,-0.0014644862094215227,1.0,0.04269778514489022,0.159460932900528,0.281459340486919,0.20036305692754705,,,,,,
earlier_diagnostic,STRESS,2015-04-03,2,2015-02-11,28300,True,True,NO_VIEW_NO_MATURE_MODEL,NO_VIEW_NO_MATURE_MODEL_OR_FEATURE,,,False,False,3.5263605246161616,0.21964715728032225,0.0,1.0,0.051078081357469655,0.18179246897708556,0.29649897081850307,0.19496793629557427,,,,,,
earlier_diagnostic,STRESS,2015-04-07,2,2015-02-11,28300,True,True,NO_VIEW_NO_MATURE_MODEL,NO_VIEW_NO_MATURE_MODEL_OR_FEATURE,,,False,False,3.5553480614894135,0.241065065021834,0.0,1.0,0.037085877697708255,0.17977161916068166,0.31333805043974583,0.19369484207964316,,,,,,
earlier_diagnostic,STRESS,2015-04-08,2,2015-02-11,28300,True,True,NO_VIEW_NO_MATURE_MODEL,NO_VIEW_NO_MATURE_MODEL_OR_FEATURE,,,False,False,3.58351893845611,0.25104052890144213,0.0,1.0,0.056193202728514614,0.19487659026246495,0.3178161216203612,0.1845368430938701,,,,,,
earlier_diagnostic,STRESS,2015-04-09,2,2015-02-11,28300,True,True,NO_VIEW_NO_MATURE_MODEL,NO_VIEW_NO_MATURE_MODEL_OR_FEATURE,,,False,False,3.6109179126442243,0.24194525301121095,-0.0072701688555348865,1.0,0.03265596297405226,0.18615597177388066,0.30231364817592254,0.1919283009496738,,,,,,
earlier_diagnostic,STRESS,2015-04-10,2,2015-02-11,28300,True,True,NO_VIEW_NO_MATURE_MODEL,NO_VIEW_NO_MATURE_MODEL_OR_FEATURE,,,False,False,3.6375861597263857,0.27099145666065816,0.0,1.0,0.057239890191482456,0.19122534405221633,0.3264008184322009,0.19575290666150913,,,,,,
earlier_diagnostic,STRESS,2015-04-13,2,2015-02-11,28300,True,True,NO_VIEW_NO_MATURE_MODEL,NO_VIEW_NO_MATURE_MODEL_OR_FEATURE,,,False,False,3.6635616461296463,0.29211596840571064,0.0,1.0,0.05771955858993307,0.2021350833320919,0.3418397125251318,0.19657492421115091,,,,,,
earlier_diagnostic,STRESS,2015-04-14,2,2015-02-11,28300,True,True,NO_VIEW_NO_MATURE_MODEL,NO_VIEW_NO_MATURE_MODEL_OR_FEATURE,,,False,False,3.6888794541139363,0.29270276039862875,0.0,1.0,0.04076525532196458,0.17815412912814368,0.3358671689963775,0.19184701553878186,,,,,,
earlier_diagnostic,STRESS,2015-04-15,2,2015-02-11,28300,True,True,NO_VIEW_NO_MATURE_MODEL,NO_VIEW_NO_MATURE_MODEL_OR_FEATURE,,,False,False,3.713572066704308,0.28184710852964345,-0.008397639582387595,1.0,0.024326463105755362,0.1570541048497678,0.31827263136904005,0.20051707471489832,,,,,,
earlier_diagnostic,STRESS,2015-04-16,2,2015-02-11,28300,True,True,NO_VIEW_NO_MATURE_MODEL,NO_VIEW_NO_MATURE_MODEL_OR_FEATURE,,,False,False,3.7376696182833684,0.32380273602328935,0.0,1.0,0.06382955265697116,0.16309272779733933,0.3544506917525847,0.20883735811736764,,,,,,
earlier_diagnostic,STRESS,2015-04-17,2,2015-02-11,28300,True,True,NO_VIEW_NO_MATURE_MODEL,NO_VIEW_NO_MATURE_MODEL_OR_FEATURE,,,False,False,3.7612001156935624,0.34668762374709616,0.0,1.0,0.05785069493370956,0.18546374319702671,0.370527264849136,0.20495726266876632,,,,,,
earlier_diagnostic,STRESS,2015-04-20,2,2015-02-11,28300,True,True,NO_VIEW_NO_MATURE_MODEL,NO_VIEW_NO_MATURE_MODEL_OR_FEATURE,,,False,False,3.784189633918261,0.3173480241011901,-0.02178649237472763,1.0,0.019339482893729325,0.14937368912900256,0.33385046723609335,0.2308280490941528,,,,,,
earlier_diagnostic,STRESS,2015-04-21,2,2015-02-11,28300,True,True,NO_VIEW_NO_MATURE_MODEL,NO_VIEW_NO_MATURE_MODEL_OR_FEATURE,,,False,False,3.8066624897703196,0.3452206437648009,-0.0010893246187363426,1.0,0.03982285732827662,0.15034115141059012,0.3547777534326453,0.23153742137941027,,,,,,
earlier_diagnostic,STRESS,2015-04-22,2,2015-02-11,28300,True,True,NO_VIEW_NO_MATURE_MODEL,NO_VIEW_NO_MATURE_MODEL_OR_FEATURE,,,False,False,3.828641396489095,0.38189514332218377,0.0,1.0,0.07515375805902742,0.17825340981545937,0.38386889258142665,0.23883835834067937,,,,,,
earlier_diagnostic,STRESS,2015-04-23,2,2015-02-11,28300,True,True,NO_VIEW_NO_MATURE_MODEL,NO_VIEW_NO_MATURE_MODEL_OR_FEATURE,,,False,False,3.8501476017100584,0.3804281633398885,-0.0010615711252653925,1.0,0.041885258841585164,0.1832997183536483,0.37459260687711127,0.23539052484386094,,,,,,
earlier_diagnostic,STRESS,2015-04-24,2,2015-02-11,28300,True,True,NO_VIEW_NO_MATURE_MODEL,NO_VIEW_NO_MATURE_MODEL_OR_FEATURE,,,False,False,3.871201010907891,0.3754404314000843,-0.004670912951167727,1.0,0.021126028202257646,0.1789143984723398,0.36214705906212363,0.237895795306525,,,,,,
earlier_diagnostic,STRESS,2015-04-27,2,2015-02-11,28300,True,True,NO_VIEW_NO_MATURE_MODEL,NO_VIEW_NO_MATURE_MODEL_OR_FEATURE,,,False,False,3.8918202981106265,0.4038998430566134,0.0,1.0,0.06363332315075454,0.19177044599188653,0.3825598814726119,0.24118872319747564,,,,,,
earlier_diagnostic,STRESS,2015-04-28,2,2015-02-11,28300,True,True,NO_VIEW_NO_MATURE_MODEL,NO_VIEW_NO_MATURE_MODEL_OR_FEATURE,,,False,False,3.912023005428146,0.3857092912761515,-0.012957157784744044,1.0,0.029654085205551878,0.14732807555350125,0.35731002435625037,0.2391808934782256,,,,,,
earlier_diagnostic,STRESS,2015-04-29,2,2015-02-11,28300,True,True,NO_VIEW_NO_MATURE_MODEL,NO_VIEW_NO_MATURE_MODEL_OR_FEATURE,,,False,False,3.9318256327243257,0.39333758718408696,-0.00752351097178694,1.0,0.008246161538658286,0.1639195854319556,0.3575606226858974,0.22957234967437581,,,,,,
earlier_diagnostic,STRESS,2015-04-30,2,2015-02-11,28300,True,True,NO_VIEW_NO_MATURE_MODEL,NO_VIEW_NO_MATURE_MODEL_OR_FEATURE,,,False,False,3.9512437185814275,0.3904036272194964,-0.009613375130616664,1.0,0.007200369948108217,0.14557114442071672,0.34758783165985374,0.23032657908190998,,,,,,
earlier_diagnostic,STRESS,2015-05-04,2,2015-02-11,28300,True,True,NO_VIEW_NO_MATURE_MODEL,NO_VIEW_NO_MATURE_MODEL_OR_FEATURE,,,False,False,3.970291913552122,0.3980319231274321,-0.004179728317659337,1.0,0.01629148483145381,0.15250809815890337,0.34781386605444276,0.2281749984816445,,,,,,
earlier_diagnostic,STRESS,2015-05-05,2,2015-02-11,28300,True,True,NO_VIEW_NO_MATURE_MODEL,NO_VIEW_NO_MATURE_MODEL_OR_FEATURE,,,False,False,3.9889840465642745,0.3449272477683416,-0.042006269592476664,1.0,-0.04291404549247929,0.09777831914193758,0.2903328283127957,0.2755974644375202,,,,,,
earlier_diagnostic,STRESS,2015-05-06,2,2015-02-11,28300,True,True,NO_VIEW_NO_MATURE_MODEL,NO_VIEW_NO_MATURE_MODEL_OR_FEATURE,,,False,False,4.007333185232471,0.3308442399383067,-0.05203761755485903,1.0,-0.04039862448852922,0.06984357336726377,0.2708086913236174,0.27663796709976535,,,,,,
earlier_diagnostic,STRESS,2015-05-07,2,2015-02-11,28300,True,True,NO_VIEW_NO_MATURE_MODEL,NO_VIEW_NO_MATURE_MODEL_OR_FEATURE,,,False,False,4.02535169073515,0.3076659562180408,-0.06854754440961341,1.0,-0.06345817560256606,0.04426820710087492,0.24303720138411733,0.28552106906183217,,,,,,
earlier_diagnostic,STRESS,2015-05-08,2,2015-02-11,28300,True,True,NO_VIEW_NO_MATURE_MODEL,NO_VIEW_NO_MATURE_MODEL_OR_FEATURE,,,False,False,4.04305126783455,0.32791027997371613,-0.05412748171368864,1.0,-0.04598759577410567,0.06692758567255878,0.25661007956156556,0.2866967859208684,,,,,,
earlier_diagnostic,STRESS,2015-05-11,2,2015-02-11,28300,True,True,NO_VIEW_NO_MATURE_MODEL,NO_VIEW_NO_MATURE_MODEL_OR_FEATURE,,,False,False,4.060443010546419,0.3716262834461166,-0.02298850574712641,1.0,-0.01906837436551509,0.07619983360190585,0.2916802486501908,0.2968519750257477,,,,,,
earlier_diagnostic,STRESS,2015-05-12,2,2015-02-11,28300,True,True,NO_VIEW_NO_MATURE_MODEL,NO_VIEW_NO_MATURE_MODEL_OR_FEATURE,,,False,False,4.07753744390572,0.38746966725490606,-0.011703239289446055,1.0,0.03114178424930049,0.07120054480130499,0.3002415785097847,0.2946200249273136,,,,,,
earlier_diagnostic,STRESS,2015-05-13,2,2015-02-11,28300,True,True,NO_VIEW_NO_MATURE_MODEL,NO_VIEW_NO_MATURE_MODEL_OR_FEATURE,,,False,False,4.0943445622221,0.37456024341070715,-0.020898641588296796,1.0,0.03232034926493464,0.06139866731023383,0.2819905358867898,0.2979415938316818,,,,,,
earlier_diagnostic,STRESS,2015-05-14,2,2015-02-11,28300,True,True,NO_VIEW_NO_MATURE_MODEL,NO_VIEW_NO_MATURE_MODEL_OR_FEATURE,,,False,False,4.110873864173311,0.37133288744965753,-0.02319749216300937,1.0,0.0475393421522476,0.06748108614736717,0.27294048331901144,0.29566404832119403,,,,,,
earlier_diagnostic,STRESS,2015-06-03,3,2015-06-03,22100,True,True,NO_VIEW_NO_MATURE_MODEL,NO_VIEW_NO_MATURE_MODEL_OR_FEATURE,,,False,False,0.6931471805599453,-0.009888489393084177,-0.009888489393084177,1.0,-0.010118786473739507,0.1197407496724115,0.30275565791742776,0.39810382663493254,,,,,,
earlier_diagnostic,STRESS,2015-06-04,3,2015-06-03,22100,True,True,NO_VIEW_NO_MATURE_MODEL,NO_VIEW_NO_MATURE_MODEL_OR_FEATURE,,,False,False,1.0986122886681098,0.001342973078107157,0.0,1.0,0.0713300481639956,0.14859019944966587,0.31184479130523,0.38872341511355923,,,,,,
earlier_diagnostic,STRESS,2015-06-05,3,2015-06-03,22100,True,True,NO_VIEW_NO_MATURE_MODEL,NO_VIEW_NO_MATURE_MODEL_OR_FEATURE,,,False,False,1.3862943611198906,0.002892140315512881,0.0,1.0,0.07225308324907483,0.13477344023040888,0.308618055427881,0.38821842391964,,,,,,
earlier_diagnostic,STRESS,2015-06-08,3,2015-06-03,22100,True,True,NO_VIEW_NO_MATURE_MODEL,NO_VIEW_NO_MATURE_MODEL_OR_FEATURE,,,False,False,1.6094379124341003,0.02748517020932817,0.0,1.0,0.045497438112455824,0.1266090929748976,0.3345034921866299,0.3821443229157682,,,,,,
earlier_diagnostic,STRESS,2015-06-09,3,2015-06-03,22100,True,True,NO_VIEW_NO_MATURE_MODEL,NO_VIEW_NO_MATURE_MODEL_OR_FEATURE,,,False,False,1.791759469228055,0.01915839630827265,-0.008104033169996305,1.0,0.02054012129470077,0.10698744270990296,0.3180167499829183,0.38503270968614,,,,,,
earlier_diagnostic,STRESS,2015-06-10,3,2015-06-03,22100,True,True,NO_VIEW_NO_MATURE_MODEL,NO_VIEW_NO_MATURE_MODEL_OR_FEATURE,,,False,False,1.9459101490553132,0.018190166784894046,-0.009046362608367886,1.0,0.027964410209827012,0.11538481061730389,0.3110657010615505,0.3819823975442442,,,,,,
earlier_diagnostic,STRESS,2015-06-11,3,2015-06-03,22100,True,True,NO_VIEW_NO_MATURE_MODEL,NO_VIEW_NO_MATURE_MODEL_OR_FEATURE,,,False,False,2.0794415416798357,0.0183838126895699,-0.008857896720693481,1.0,0.01687480119312244,0.11792565849054072,0.3056882302493058,0.3813710585840876,,,,,,
earlier_diagnostic,STRESS,2015-06-12,3,2015-06-03,22100,True,True,NO_VIEW_NO_MATURE_MODEL,NO_VIEW_NO_MATURE_MODEL_OR_FEATURE,,,False,False,2.1972245773362196,0.025936002971922445,-0.0015077271013946847,1.0,0.0227174034081234,0.14388519158275365,0.3097445043061793,0.370579407165245,,,,,,
earlier_diagnostic,STRESS,2015-06-15,3,2015-06-03,22100,True,True,NO_VIEW_NO_MATURE_MODEL,NO_VIEW_NO_MATURE_MODEL_OR_FEATURE,,,False,False,2.302585092994046,0.001342973078107157,-0.02544289483603468,1.0,-0.025772162301463477,0.12706012577253642,0.27343159793345695,0.3833209372797074,,,,,,
earlier_diagnostic,STRESS,2015-06-16,3,2015-06-03,22100,True,True,NO_VIEW_NO_MATURE_MODEL,NO_VIEW_NO_MATURE_MODEL_OR_FEATURE,,,False,False,2.3978952727983707,-0.02499286995778982,-0.051074255559743764,1.0,-0.04428768020111625,0.06651332645262131,0.2356751298274533,0.3854524359728102,,,,,,
earlier_diagnostic,STRESS,2015-06-17,3,2015-06-03,22100,True,True,NO_VIEW_NO_MATURE_MODEL,NO_VIEW_NO_MATURE_MODEL_OR_FEATURE,,,False,False,2.4849066497880004,-0.010469427107111406,-0.03693931398416894,1.0,-0.02855132209207642,0.07664015329150208,0.24958191231708016,0.3874411918728816,,,,,,
earlier_diagnostic,STRESS,2015-06-18,3,2015-06-03,22100,True,True,NO_VIEW_NO_MATURE_MODEL,NO_VIEW_NO_MATURE_MODEL_OR_FEATURE,,,False,False,2.5649493574615367,-0.04939225394692959,-0.07482095740670947,1.0,-0.06887063953129187,0.01622378741143373,0.19674714252878656,0.41048025503959623,,,,,,
earlier_diagnostic,STRESS,2015-06-19,3,2015-06-03,22100,True,True,NO_VIEW_NO_MATURE_MODEL,NO_VIEW_NO_MATURE_MODEL_OR_FEATURE,,,False,False,2.6390573296152584,-0.10864790077769748,-0.13249151903505485,1.0,-0.1406211260147738,-0.06944175327206097,0.11935617524684905,0.4583103989723344,,,,,,
earlier_diagnostic,STRESS,2015-06-24,4,2015-06-24,22600,True,False,,NOT_COMPARABLE_MULTIPLE_FILLS_OR_OTHER_ENTRY,,,False,False,,,,,,,,,,,,,,
earlier_diagnostic,STRESS,2015-06-25,4,2015-06-24,22600,True,False,,NOT_COMPARABLE_MULTIPLE_FILLS_OR_OTHER_ENTRY,,,False,False,,,,,,,,,,,,,,
earlier_diagnostic,STRESS,2015-06-26,4,2015-06-24,22600,True,False,,NOT_COMPARABLE_MULTIPLE_FILLS_OR_OTHER_ENTRY,,,False,False,,,,,,,,,,,,,,
earlier_diagnostic,STRESS,2015-07-10,5,2015-07-10,48500,True,False,,NOT_COMPARABLE_MULTIPLE_FILLS_OR_OTHER_ENTRY,,,False,False,,,,,,,,,,,,,,
earlier_diagnostic,STRESS,2015-08-28,6,2015-08-28,55700,True,False,,NOT_COMPARABLE_MULTIPLE_FILLS_OR_OTHER_ENTRY,,,False,False,,,,,,,,,,,,,,
earlier_diagnostic,STRESS,2015-08-31,6,2015-08-28,55700,True,False,,NOT_COMPARABLE_MULTIPLE_FILLS_OR_OTHER_ENTRY,,,False,False,,,,,,,,,,,,,,
earlier_diagnostic,STRESS,2015-09-01,6,2015-08-28,55700,True,False,,NOT_COMPARABLE_MULTIPLE_FILLS_OR_OTHER_ENTRY,,,False,False,,,,,,,,,,,,,,
earlier_diagnostic,STRESS,2015-09-02,6,2015-08-28,55700,True,False,,NOT_COMPARABLE_MULTIPLE_FILLS_OR_OTHER_ENTRY,,,False,False,,,,,,,,,,,,,,
earlier_diagnostic,STRESS,2015-09-07,6,2015-08-28,55700,True,False,,NOT_COMPARABLE_MULTIPLE_FILLS_OR_OTHER_ENTRY,,,False,False,,,,,,,,,,,,,,
earlier_diagnostic,STRESS,2015-09-08,6,2015-08-28,55700,True,False,,NOT_COMPARABLE_MULTIPLE_FILLS_OR_OTHER_ENTRY,,,False,False,,,,,,,,,,,,,,
earlier_diagnostic,STRESS,2015-09-09,6,2015-08-28,55700,True,False,,NOT_COMPARABLE_MULTIPLE_FILLS_OR_OTHER_ENTRY,,,False,False,,,,,,,,,,,,,,
earlier_diagnostic,STRESS,2015-09-10,6,2015-08-28,55700,True,False,,NOT_COMPARABLE_MULTIPLE_FILLS_OR_OTHER_ENTRY,,,False,False,,,,,,,,,,,,,,
earlier_diagnostic,STRESS,2015-09-11,6,2015-08-28,55700,True,False,,NOT_COMPARABLE_MULTIPLE_FILLS_OR_OTHER_ENTRY,,,False,False,,,,,,,,,,,,,,
earlier_diagnostic,STRESS,2015-09-14,6,2015-08-28,55700,True,False,,NOT_COMPARABLE_MULTIPLE_FILLS_OR_OTHER_ENTRY,,,False,False,,,,,,,,,,,,,,
earlier_diagnostic,STRESS,2015-09-29,7,2015-09-29,12200,True,True,NO_VIEW_NO_MATURE_MODEL,NO_VIEW_NO_MATURE_MODEL_OR_FEATURE,,,False,False,0.6931471805599453,-0.009380138898592016,-0.009380138898592016,1.0,-0.05058970212931037,-0.061525233006289204,-0.2423201724260442,0.3419038160685625,,,,,,
earlier_diagnostic,STRESS,2015-09-30,7,2015-09-29,12200,True,True,NO_VIEW_NO_MATURE_MODEL,NO_VIEW_NO_MATURE_MODEL_OR_FEATURE,,,False,False,1.0986122886681098,-0.0025674984033647874,-0.0025674984033647874,1.0,-0.020283424333020578,-0.052611890661597716,-0.2355826279566493,0.3435739837719422,,,,,,
earlier_diagnostic,STRESS,2015-10-08,7,2015-09-29,12200,True,True,NO_VIEW_NO_MATURE_MODEL,NO_VIEW_NO_MATURE_MODEL_OR_FEATURE,,,False,False,1.3862943611198906,0.03335369693510448,0.0,1.0,0.006614576131411063,-0.01339505070715162,-0.20649169217965135,0.36850733639290933,,,,,,
earlier_diagnostic,STRESS,2015-10-09,7,2015-09-29,12200,True,True,NO_VIEW_NO_MATURE_MODEL,NO_VIEW_NO_MATURE_MODEL_OR_FEATURE,,,False,False,1.6094379124341003,0.0463596469714469,0.0,1.0,0.041080980406971786,0.0020737675925437786,-0.19486914737301975,0.3710935232552732,,,,,,
earlier_diagnostic,STRESS,2015-10-12,7,2015-09-29,12200,True,True,NO_VIEW_NO_MATURE_MODEL,NO_VIEW_NO_MATURE_MODEL_OR_FEATURE,,,False,False,1.791759469228055,0.09002247923631024,0.0,1.0,0.07612048541118348,0.06787742240308568,-0.1597942450679687,0.3856674743197498,,,,,,
earlier_diagnostic,STRESS,2015-10-13,7,2015-09-29,12200,True,True,NO_VIEW_NO_MATURE_MODEL,NO_VIEW_NO_MATURE_MODEL_OR_FEATURE,,,False,False,1.9459101490553132,0.08228084230991595,-0.007102272727272707,1.0,0.08849511471839258,0.03404955730016507,-0.16430877137050204,0.37752209778494694,,,,,,
earlier_diagnostic,STRESS,2015-10-14,7,2015-09-29,12200,True,True,NO_VIEW_NO_MATURE_MODEL,NO_VIEW_NO_MATURE_MODEL_OR_FEATURE,,,False,False,2.0794415416798357,0.07051355418179672,-0.017897727272727204,1.0,0.07070929059042552,0.004348463150139554,-0.17165363764339459,0.3746937641765768,,,,,,
earlier_diagnostic,STRESS,2015-10-15,7,2015-09-29,12200,True,True,NO_VIEW_NO_MATURE_MODEL,NO_VIEW_NO_MATURE_MODEL_OR_FEATURE,,,False,False,2.1972245773362196,0.09807378163976033,0.0,1.0,0.060748007882778884,0.04764868392626702,-0.14855300833798601,0.37827339911958124,,,,,,
earlier_diagnostic,STRESS,2015-10-16,7,2015-09-29,12200,True,True,NO_VIEW_NO_MATURE_MODEL,NO_VIEW_NO_MATURE_MODEL_OR_FEATURE,,,False,False,2.302585092994046,0.11324739001549311,0.0,1.0,0.06196418344085697,0.05930421438320181,-0.13523872142018156,0.38024094916579537,,,,,,
earlier_diagnostic,STRESS,2015-10-19,7,2015-09-29,12200,True,True,NO_VIEW_NO_MATURE_MODEL,NO_VIEW_NO_MATURE_MODEL_OR_FEATURE,,,False,False,2.3978952727983707,0.11138939715315854,-0.0016689847009735415,1.0,0.01941262255546424,0.09338948442339627,-0.13495490790768727,0.3541494420850182,,,,,,
earlier_diagnostic,STRESS,2015-10-20,7,2015-09-29,12200,True,True,NO_VIEW_NO_MATURE_MODEL,NO_VIEW_NO_MATURE_MODEL_OR_FEATURE,,,False,False,2.4849066497880004,0.12594367457477973,0.0,1.0,0.03955080062945869,0.13620666371417373,-0.12173205903429218,0.33188471330365843,,,,,,
earlier_diagnostic,STRESS,2015-10-21,7,2015-09-29,12200,True,True,NO_VIEW_NO_MATURE_MODEL,NO_VIEW_NO_MATURE_MODEL_OR_FEATURE,,,False,False,2.5649493574615367,0.09219013757570083,-0.029977997799780054,1.0,0.020046490314427453,0.05298095767372304,-0.14603585826180698,0.30784146792049744,,,,,,
earlier_diagnostic,STRESS,2015-10-22,7,2015-09-29,12200,True,True,NO_VIEW_NO_MATURE_MODEL,NO_VIEW_NO_MATURE_MODEL_OR_FEATURE,,,False,False,2.6390573296152584,0.10612508404321042,-0.017601760176017667,1.0,0.007305455362236641,0.08528224061820033,-0.1331885411990248,0.2984013321540513,,,,,,
earlier_diagnostic,STRESS,2015-10-23,7,2015-09-29,12200,True,True,NO_VIEW_NO_MATURE_MODEL,NO_VIEW_NO_MATURE_MODEL_OR_FEATURE,,,False,False,2.70805020110221,0.12563400909772393,-0.0002750275027503246,1.0,0.011065119812472756,0.10307061312297142,-0.11584426535212222,0.30127492198779315,,,,,,
earlier_diagnostic,STRESS,2015-10-26,7,2015-09-29,12200,True,True,NO_VIEW_NO_MATURE_MODEL,NO_VIEW_NO_MATURE_MODEL_OR_FEATURE,,,False,False,2.772588722239781,0.1274920019600585,0.0,1.0,0.01438475702782642,0.08658700823177883,-0.11243829605704214,0.2977021718813044,,,,,,
earlier_diagnostic,STRESS,2015-10-27,7,2015-09-29,12200,True,True,NO_VIEW_NO_MATURE_MODEL,NO_VIEW_NO_MATURE_MODEL_OR_FEATURE,,,False,False,2.833213344056216,0.12811133291416987,0.0,1.0,0.0019233417111944565,0.0793795549297354,-0.10995105504475111,0.2977526512504039,,,,,,
earlier_diagnostic,STRESS,2015-10-28,7,2015-09-29,12200,True,True,NO_VIEW_NO_MATURE_MODEL,NO_VIEW_NO_MATURE_MODEL_OR_FEATURE,,,False,False,2.8903717578961645,0.10829274238260078,-0.017567938512215164,1.0,0.014635780529974048,0.0851081371018065,-0.12351735904196715,0.29177177327094234,,,,,,
earlier_diagnostic,STRESS,2015-10-29,7,2015-09-29,12200,True,True,NO_VIEW_NO_MATURE_MODEL,NO_VIEW_NO_MATURE_MODEL_OR_FEATURE,,,False,False,2.9444389791664403,0.10984106976787955,-0.016195443315948244,1.0,0.0033538320984315877,0.07802187147485821,-0.12017233231660573,0.2915525158329103,,,,,,
earlier_diagnostic,STRESS,2015-10-30,7,2015-09-29,12200,True,True,NO_VIEW_NO_MATURE_MODEL,NO_VIEW_NO_MATURE_MODEL_OR_FEATURE,,,False,False,2.995732273553991,0.11015073524493535,-0.015920944276694993,1.0,-0.013850636933898812,0.10025964672640274,-0.11812456951687522,0.27641254698181567,,,,,,
earlier_diagnostic,STRESS,2015-11-02,7,2015-09-29,12200,True,True,NO_VIEW_NO_MATURE_MODEL,NO_VIEW_NO_MATURE_MODEL_OR_FEATURE,,,False,False,3.044522437723423,0.09157080662158923,-0.03239088663189671,1.0,-0.03237793292906435,0.07753993206540984,-0.1310831880003207,0.28668387353522023,,,,,,
earlier_diagnostic,STRESS,2015-11-03,7,2015-09-29,12200,True,True,NO_VIEW_NO_MATURE_MODEL,NO_VIEW_NO_MATURE_MODEL_OR_FEATURE,,,False,False,3.091042453358316,0.08320983874108356,-0.03980236069173737,1.0,-0.04061614143001633,0.08935311562902945,-0.13603675178139962,0.27730265776765733,,,,,,
earlier_diagnostic,STRESS,2015-11-04,7,2015-09-29,12200,True,True,NO_VIEW_NO_MATURE_MODEL,NO_VIEW_NO_MATURE_MODEL_OR_FEATURE,,,False,False,3.1354942159291497,0.1482395889227952,0.0,1.0,0.03540921591971995,0.14080077735454702,-0.08262479486058782,0.33783693032674594,,,,,,
earlier_diagnostic,STRESS,2015-11-05,7,2015-09-29,12200,True,True,NO_VIEW_NO_MATURE_MODEL,NO_VIEW_NO_MATURE_MODEL_OR_FEATURE,,,False,False,3.1780538303479458,0.16650985206908553,0.0,1.0,0.049799433597219805,0.12120672894066695,-0.06627999206821356,0.3229741485167541,,,,,,
earlier_diagnostic,STRESS,2015-11-06,7,2015-09-29,12200,True,True,NO_VIEW_NO_MATURE_MODEL,NO_VIEW_NO_MATURE_MODEL_OR_FEATURE,,,False,False,3.2188758248682006,0.19437974500410493,0.0,1.0,0.07313120517450702,0.13230987149393797,-0.04224675948151735,0.32813857125650947,,,,,,
earlier_diagnostic,STRESS,2015-11-09,7,2015-09-29,12200,True,True,NO_VIEW_NO_MATURE_MODEL,NO_VIEW_NO_MATURE_MODEL_OR_FEATURE,,,False,False,3.258096538021482,0.20676636408633553,0.0,1.0,0.10032659009234002,0.10174603674656636,-0.030733644511139024,0.3028344405356094,,,,,,
earlier_diagnostic,STRESS,2015-11-10,7,2015-09-29,12200,True,True,NO_VIEW_NO_MATURE_MODEL,NO_VIEW_NO_MATURE_MODEL_OR_FEATURE,,,False,False,3.295836866004329,0.2033600438387222,-0.002822684115986407,1.0,0.10518897435883783,0.10604697526947468,-0.03188839063278559,0.3009662555407435,,,,,,
earlier_diagnostic,STRESS,2015-11-11,7,2015-09-29,12200,True,True,NO_VIEW_NO_MATURE_MODEL,NO_VIEW_NO_MATURE_MODEL_OR_FEATURE,,,False,False,3.332204510175204,0.2018117164534432,-0.0041057223505259755,1.0,0.04560020468316017,0.11569169144728164,-0.03171279884733713,0.29613604739154553,,,,,,
earlier_diagnostic,STRESS,2015-11-12,7,2015-09-29,12200,True,True,NO_VIEW_NO_MATURE_MODEL,NO_VIEW_NO_MATURE_MODEL_OR_FEATURE,,,False,False,3.367295829986474,0.1894250973712126,-0.01437002822684097,1.0,0.019453820653863658,0.07991254171175173,-0.04026985382917625,0.2919989352173726,,,,,,
earlier_diagnostic,STRESS,2015-11-13,7,2015-09-29,12200,True,True,NO_VIEW_NO_MATURE_MODEL,NO_VIEW_NO_MATURE_MODEL_OR_FEATURE,,,False,False,3.4011973816621555,0.17796747472014895,-0.0238645111624326,1.0,-0.013836534542947148,0.05650915351013386,-0.047716401065603486,0.29351847756922367,,,,,,
earlier_diagnostic,STRESS,2015-11-16,7,2015-09-29,12200,True,True,NO_VIEW_NO_MATURE_MODEL,NO_VIEW_NO_MATURE_MODEL_OR_FEATURE,,,False,False,3.4339872044851463,0.18478011521537607,-0.01821914293045912,1.0,-0.018387155338511162,0.06394625885259096,-0.04039327322205699,0.2931544732865964,,,,,,
earlier_diagnostic,STRESS,2015-11-17,7,2015-09-29,12200,True,True,NO_VIEW_NO_MATURE_MODEL,NO_VIEW_NO_MATURE_MODEL_OR_FEATURE,,,False,False,3.4657359027997265,0.18044479853659512,-0.021811649987169446,1.0,-0.019226365163292927,0.04726980947672306,-0.041865998642727775,0.2918641401914694,,,,,,
earlier_diagnostic,STRESS,2015-11-18,7,2015-09-29,12200,True,True,NO_VIEW_NO_MATURE_MODEL,NO_VIEW_NO_MATURE_MODEL_OR_FEATURE,,,False,False,3.4965075614664802,0.17022583779375466,-0.030279702335129555,1.0,-0.026633428019417444,0.06901177311343676,-0.04785700638079471,0.2702385244949374,,,,,,
earlier_diagnostic,STRESS,2015-11-19,7,2015-09-29,12200,True,True,NO_VIEW_NO_MATURE_MODEL,NO_VIEW_NO_MATURE_MODEL_OR_FEATURE,,,False,False,3.5263605246161616,0.1878767699859336,-0.015653066461380538,1.0,-0.0013025923425762295,0.07130449400693886,-0.03094402539687935,0.27136100223110554,,,,,,
earlier_diagnostic,STRESS,2015-11-20,7,2015-09-29,12200,True,True,NO_VIEW_NO_MATURE_MODEL,NO_VIEW_NO_MATURE_MODEL_OR_FEATURE,,,False,False,3.5553480614894135,0.18447044973832005,-0.018475750577367056,1.0,0.005505322595355185,0.05094935629301628,-0.030989340882750294,0.2673034243793343,,,,,,
earlier_diagnostic,STRESS,2015-11-23,7,2015-09-29,12200,True,True,NO_VIEW_NO_MATURE_MODEL,NO_VIEW_NO_MATURE_MODEL_OR_FEATURE,,,False,False,3.58351893845611,0.17858680567426055,-0.02335129586861684,1.0,-0.005241102144103523,0.04432039968066101,-0.03302845528455345,0.2686185127051332,,,,,,
earlier_diagnostic,STRESS,2015-11-24,7,2015-09-29,12200,True,True,NO_VIEW_NO_MATURE_MODEL,NO_VIEW_NO_MATURE_MODEL_OR_FEATURE,,,False,False,3.6109179126442243,0.17951580210542795,-0.02258147292789303,1.0,-0.0007872982954886965,0.0445591694700399,-0.030200673012047763,0.26859932004753634,,,,,,
earlier_diagnostic,STRESS,2015-11-25,7,2015-09-29,12200,True,True,NO_VIEW_NO_MATURE_MODEL,NO_VIEW_NO_MATURE_MODEL_OR_FEATURE,,,False,False,3.6375861597263857,0.18663810807771064,-0.01667949704901195,1.0,0.01392743574126209,0.06830342832472479,-0.02229933153033703,0.258649710638743,,,,,,
earlier_diagnostic,STRESS,2015-11-26,7,2015-09-29,12200,True,True,NO_VIEW_NO_MATURE_MODEL,NO_VIEW_NO_MATURE_MODEL_OR_FEATURE,,,False,False,3.6635616461296463,0.18106412949070672,-0.021298434693353685,1.0,-0.005751649842964518,0.06219901206554275,-0.02428625029846232,0.26015989659613314,,,,,,
earlier_diagnostic,STRESS,2015-11-27,7,2015-09-29,12200,True,True,NO_VIEW_NO_MATURE_MODEL,NO_VIEW_NO_MATURE_MODEL_OR_FEATURE,,,False,False,3.6888794541139363,0.11727304121721804,-0.0741596099563766,1.0,-0.05840486507812201,0.006395128148793089,-0.07392989450809007,0.3277934143523002,,,,,,
earlier_diagnostic,STRESS,2015-11-30,7,2015-09-29,12200,True,True,NO_VIEW_NO_MATURE_MODEL,NO_VIEW_NO_MATURE_MODEL_OR_FEATURE,,,False,False,3.713572066704308,0.11758270669427384,-0.07390300230946867,1.0,-0.05314804321330627,0.023550289396419097,-0.0706836616454235,0.32166417874924785,,,,,,
earlier_diagnostic,STRESS,2015-12-01,7,2015-09-29,12200,True,True,NO_VIEW_NO_MATURE_MODEL,NO_VIEW_NO_MATURE_MODEL_OR_FEATURE,,,False,False,3.7376696182833684,0.12625334005183553,-0.06671798819604813,1.0,-0.046207521491615146,0.03896778940844109,-0.06038072191626953,0.320614498295012,,,,,,
earlier_diagnostic,STRESS,2015-12-02,7,2015-09-29,12200,True,True,NO_VIEW_NO_MATURE_MODEL,NO_VIEW_NO_MATURE_MODEL_OR_FEATURE,,,False,False,3.7612001156935624,0.1745611544725354,-0.02668719527841923,1.0,-0.010229597401852301,0.022664615003152554,-0.01714532498380572,0.28473445109388085,,,,,,
earlier_diagnostic,STRESS,2015-12-03,7,2015-09-29,12200,True,True,NO_VIEW_NO_MATURE_MODEL,NO_VIEW_NO_MATURE_MODEL_OR_FEATURE,,,False,False,3.784189633918261,0.17703847828898178,-0.024634334103156075,1.0,-0.0034143171711156686,0.00898526129720728,-0.011861047021740512,0.27971316104494953,,,,,,
earlier_diagnostic,STRESS,2015-12-04,7,2015-09-29,12200,True,True,NO_VIEW_NO_MATURE_MODEL,NO_VIEW_NO_MATURE_MODEL_OR_FEATURE,,,False,False,3.8066624897703196,0.1547425639409663,-0.04311008468052335,1.0,0.03298649899630643,-0.033749578029407507,-0.02734637363306247,0.27391620437209957,,,,,,
earlier_diagnostic,STRESS,2015-12-07,7,2015-09-29,12200,True,True,NO_VIEW_NO_MATURE_MODEL,NO_VIEW_NO_MATURE_MODEL_OR_FEATURE,,,False,False,3.828641396489095,0.15660055680330087,-0.04157043879907607,1.0,0.03431709292412905,-0.042459207771791865,-0.022545568742395106,0.27074182231146876,,,,,,
earlier_diagnostic,STRESS,2015-12-08,7,2015-09-29,12200,True,True,NO_VIEW_NO_MATURE_MODEL,NO_VIEW_NO_MATURE_MODEL_OR_FEATURE,,,False,False,3.8501476017100584,0.1398786210422891,-0.05542725173210161,1.0,0.012025288392032114,-0.05419589655836461,-0.033350840336135223,0.2742084354777399,,,,,,
earlier_diagnostic,STRESS,2015-12-09,7,2015-09-29,12200,True,True,NO_VIEW_NO_MATURE_MODEL,NO_VIEW_NO_MATURE_MODEL_OR_FEATURE,,,False,False,3.871201010907891,0.1414269484275681,-0.054144213497562155,1.0,-0.028615403459130412,-0.05155099313913803,-0.02861108426961423,0.274518728538744,,,,,,
earlier_diagnostic,STRESS,2015-12-10,7,2015-09-29,12200,True,True,NO_VIEW_NO_MATURE_MODEL,NO_VIEW_NO_MATURE_MODEL_OR_FEATURE,,,False,False,3.8918202981106265,0.13925929008817772,-0.05594046702591737,1.0,-0.032623213884474575,-0.043091773241130955,-0.027268560953254473,0.27299788413362924,,,,,,
earlier_diagnostic,STRESS,2015-12-11,7,2015-09-29,12200,True,True,NO_VIEW_NO_MATURE_MODEL,NO_VIEW_NO_MATURE_MODEL_OR_FEATURE,,,False,False,3.912023005428146,0.1336853115011738,-0.06055940467025911,1.0,-0.0184037670585847,-0.03831681054504506,-0.02908844992729054,0.27180620247723447,,,,,,
earlier_diagnostic,STRESS,2015-12-14,7,2015-09-29,12200,True,True,NO_VIEW_NO_MATURE_MODEL,NO_VIEW_NO_MATURE_MODEL_OR_FEATURE,,,False,False,3.9318256327243257,0.1683678449314201,-0.031819348216576726,1.0,0.010122622397392624,-0.01394943003588808,0.003579780336697924,0.2934252541204787,,,,,,
earlier_diagnostic,STRESS,2015-12-15,7,2015-09-29,12200,True,True,NO_VIEW_NO_MATURE_MODEL,NO_VIEW_NO_MATURE_MODEL_OR_FEATURE,,,False,False,3.9512437185814275,0.15721988775741247,-0.04105722350526031,1.0,0.015098696106462575,-0.01987083528860912,-0.0034068710789320056,0.2949345039578071,,,,,,
earlier_diagnostic,STRESS,2015-12-16,7,2015-09-29,12200,True,True,NO_VIEW_NO_MATURE_MODEL,NO_VIEW_NO_MATURE_MODEL_OR_FEATURE,,,False,False,3.970291913552122,0.15752955323446804,-0.040800615858352485,1.0,0.014008849785739477,-0.010908715333981108,-0.0012201964783532526,0.29354515347795535,,,,,,
earlier_diagnostic,STRESS,2015-12-17,7,2015-09-29,12200,True,True,NO_VIEW_NO_MATURE_MODEL,NO_VIEW_NO_MATURE_MODEL_OR_FEATURE,,,False,False,3.9889840465642745,0.17920613662837193,-0.02283808057480108,1.0,0.03446314080648159,-0.007326040092073129,0.019658596452080346,0.29624991416163315,,,,,,
earlier_diagnostic,STRESS,2015-12-18,7,2015-09-29,12200,True,True,NO_VIEW_NO_MATURE_MODEL,NO_VIEW_NO_MATURE_MODEL_OR_FEATURE,,,False,False,4.007333185232471,0.18354145330715288,-0.019245573518090642,1.0,0.043037511679982106,-0.0007846214604181343,0.02580848622570664,0.2963719407658752,,,,,,
earlier_diagnostic,STRESS,2015-12-21,7,2015-09-29,12200,True,True,NO_VIEW_NO_MATURE_MODEL,NO_VIEW_NO_MATURE_MODEL_OR_FEATURE,,,False,False,4.02535169073515,0.21450800101272982,0.0,1.0,0.03873128679198124,0.030022958900196683,0.05447351381386256,0.3090593057726166,,,,,,
earlier_diagnostic,STRESS,2015-12-22,7,2015-09-29,12200,True,True,NO_VIEW_NO_MATURE_MODEL,NO_VIEW_NO_MATURE_MODEL_OR_FEATURE,,,False,False,4.04305126783455,0.2160563283980088,0.0,1.0,0.049592625092525815,0.030509088099405394,0.05680992491724712,0.30904583966684873,,,,,,
earlier_diagnostic,STRESS,2015-12-23,7,2015-09-29,12200,True,True,NO_VIEW_NO_MATURE_MODEL,NO_VIEW_NO_MATURE_MODEL_OR_FEATURE,,,False,False,4.060443010546419,0.21450800101272982,-0.00127323656735423,1.0,0.04805101874078349,0.023214867665540286,0.05608013499443465,0.30878954557421745,,,,,,
earlier_diagnostic,STRESS,2015-12-24,7,2015-09-29,12200,True,True,NO_VIEW_NO_MATURE_MODEL,NO_VIEW_NO_MATURE_MODEL_OR_FEATURE,,,False,False,4.07753744390572,0.19995372359110863,-0.013241660300483904,1.0,0.017441545876191338,0.015867155627082723,0.04485224890402817,0.31163401371705485,,,,,,
earlier_diagnostic,STRESS,2015-12-25,7,2015-09-29,12200,True,True,NO_VIEW_NO_MATURE_MODEL,NO_VIEW_NO_MATURE_MODEL_OR_FEATURE,,,False,False,4.0943445622221,0.20614703313222416,-0.008148714031066984,1.0,0.018919833504630175,0.07654007712233404,0.05095820676039953,0.23787300033003242,,,,,,
earlier_diagnostic,STRESS,2015-12-28,7,2015-09-29,12200,True,True,NO_VIEW_NO_MATURE_MODEL,NO_VIEW_NO_MATURE_MODEL_OR_FEATURE,,,False,False,4.110873864173311,0.16991617231669887,-0.03794244970715566,1.0,-0.03740695869483699,0.04576404341866596,0.02014594729605923,0.2655853834287889,,,,,,
earlier_diagnostic,STRESS,2016-01-07,8,2016-01-07,47300,True,False,,NOT_COMPARABLE_MULTIPLE_FILLS_OR_OTHER_ENTRY,,,False,False,,,,,,,,,,,,,,
earlier_diagnostic,STRESS,2016-01-08,8,2016-01-07,47300,True,False,,NOT_COMPARABLE_MULTIPLE_FILLS_OR_OTHER_ENTRY,,,False,False,,,,,,,,,,,,,,
earlier_diagnostic,STRESS,2016-01-11,8,2016-01-07,47300,True,False,,NOT_COMPARABLE_MULTIPLE_FILLS_OR_OTHER_ENTRY,,,False,False,,,,,,,,,,,,,,
earlier_diagnostic,STRESS,2016-02-01,9,2016-02-01,54200,True,False,,NOT_COMPARABLE_MULTIPLE_FILLS_OR_OTHER_ENTRY,,,False,False,,,,,,,,,,,,,,
earlier_diagnostic,STRESS,2016-02-02,9,2016-02-01,54200,True,False,,NOT_COMPARABLE_MULTIPLE_FILLS_OR_OTHER_ENTRY,,,False,False,,,,,,,,,,,,,,
earlier_diagnostic,STRESS,2016-02-03,9,2016-02-01,54200,True,False,,NOT_COMPARABLE_MULTIPLE_FILLS_OR_OTHER_ENTRY,,,False,False,,,,,,,,,,,,,,
earlier_diagnostic,STRESS,2016-02-04,9,2016-02-01,54200,True,False,,NOT_COMPARABLE_MULTIPLE_FILLS_OR_OTHER_ENTRY,,,False,False,,,,,,,,,,,,,,
earlier_diagnostic,STRESS,2016-02-05,9,2016-02-01,54200,True,False,,NOT_COMPARABLE_MULTIPLE_FILLS_OR_OTHER_ENTRY,,,False,False,,,,,,,,,,,,,,
earlier_diagnostic,STRESS,2016-02-15,9,2016-02-01,54200,True,False,,NOT_COMPARABLE_MULTIPLE_FILLS_OR_OTHER_ENTRY,,,False,False,,,,,,,,,,,,,,
earlier_diagnostic,STRESS,2016-02-16,9,2016-02-01,54200,True,False,,NOT_COMPARABLE_MULTIPLE_FILLS_OR_OTHER_ENTRY,,,False,False,,,,,,,,,,,,,,
earlier_diagnostic,STRESS,2016-02-17,9,2016-02-01,54200,True,False,,NOT_COMPARABLE_MULTIPLE_FILLS_OR_OTHER_ENTRY,,,False,False,,,,,,,,,,,,,,
earlier_diagnostic,STRESS,2016-03-02,10,2016-03-02,47800,True,False,,NOT_COMPARABLE_MULTIPLE_FILLS_OR_OTHER_ENTRY,,,False,False,,,,,,,,,,,,,,
earlier_diagnostic,STRESS,2016-05-03,11,2016-05-03,27900,True,True,NO_VIEW_NO_MATURE_MODEL,NO_VIEW_NO_MATURE_MODEL_OR_FEATURE,,,False,False,0.6931471805599453,0.016044072722065872,0.0,1.0,0.01821658414054507,-0.0018656721829499873,-0.03490749858639641,0.1430110077522723,,,,,,
earlier_diagnostic,STRESS,2016-05-04,11,2016-05-03,27900,True,True,NO_VIEW_NO_MATURE_MODEL,NO_VIEW_NO_MATURE_MODEL_OR_FEATURE,,,False,False,1.0986122886681098,0.012249323617595342,-0.0037348272642389047,1.0,0.008785748386667543,-0.015191735353920337,-0.03707804875432252,0.13898455425247397,,,,,,
earlier_diagnostic,STRESS,2016-05-05,11,2016-05-03,27900,True,True,NO_VIEW_NO_MATURE_MODEL,NO_VIEW_NO_MATURE_MODEL_OR_FEATURE,,,False,False,1.3862943611198906,0.012249323617595342,-0.0037348272642389047,1.0,0.013524345154275717,-0.013343875265440723,-0.03554454257356787,0.1389426202622607,,,,,,
earlier_diagnostic,STRESS,2016-05-06,11,2016-05-03,27900,True,True,NO_VIEW_NO_MATURE_MODEL,NO_VIEW_NO_MATURE_MODEL_OR_FEATURE,,,False,False,1.6094379124341003,-0.010835400101269044,-0.02645502645502651,1.0,-0.008911580300563134,-0.024006206523048294,-0.05588837609641395,0.15412669582123997,,,,,,
earlier_diagnostic,STRESS,2016-05-09,11,2016-05-03,27900,True,True,NO_VIEW_NO_MATURE_MODEL,NO_VIEW_NO_MATURE_MODEL_OR_FEATURE,,,False,False,1.791759469228055,-0.03107406199178009,-0.04637410519763452,1.0,-0.028315920117287768,-0.03621610340903433,-0.07344448291635042,0.16654404613539942,,,,,,
earlier_diagnostic,STRESS,2016-05-10,11,2016-05-03,27900,True,True,NO_VIEW_NO_MATURE_MODEL,NO_VIEW_NO_MATURE_MODEL_OR_FEATURE,,,False,False,1.9459101490553132,-0.03202274926789794,-0.047307812013694384,1.0,-0.04846342017044592,-0.04815213612123986,-0.07267108869417815,0.15992345714159642,,,,,,
earlier_diagnostic,STRESS,2016-05-11,11,2016-05-03,27900,True,True,NO_VIEW_NO_MATURE_MODEL,NO_VIEW_NO_MATURE_MODEL_OR_FEATURE,,,False,False,2.0794415416798357,-0.02822800016342708,-0.04357298474945537,1.0,-0.0408089778393784,-0.04299340685592054,-0.06745655805820683,0.16138249944417304,,,,,,
earlier_diagnostic,STRESS,2016-05-12,11,2016-05-03,27900,True,True,NO_VIEW_NO_MATURE_MODEL,NO_VIEW_NO_MATURE_MODEL_OR_FEATURE,,,False,False,2.1972245773362196,-0.02474948015099543,-0.04014939309056942,1.0,-0.037235805286643005,-0.05211980098588033,-0.06250299075294341,0.15356385752511406,,,,,,
earlier_diagnostic,STRESS,2016-05-13,11,2016-05-03,27900,True,True,NO_VIEW_NO_MATURE_MODEL,NO_VIEW_NO_MATURE_MODEL_OR_FEATURE,,,False,False,2.302585092994046,-0.02822800016342708,-0.04357298474945537,1.0,-0.01773953953471711,-0.05937961365883456,-0.06423817576688617,0.1518678524345296,,,,,,
earlier_diagnostic,STRESS,2016-05-16,11,2016-05-03,27900,True,True,NO_VIEW_NO_MATURE_MODEL,NO_VIEW_NO_MATURE_MODEL_OR_FEATURE,,,False,False,2.3978952727983707,-0.024433251058956218,-0.03983815748521624,1.0,0.006830405479006186,-0.056401779744509425,-0.05906989764580284,0.15317825692551443,,,,,,
earlier_diagnostic,STRESS,2016-05-17,11,2016-05-03,27900,True,True,NO_VIEW_NO_MATURE_MODEL,NO_VIEW_NO_MATURE_MODEL_OR_FEATURE,,,False,False,2.4849066497880004,-0.026014396519152383,-0.04139433551198257,1.0,0.006187937022207534,-0.04383045158470842,-0.05893195703998266,0.14747287033078615,,,,,,
earlier_diagnostic,STRESS,2016-05-18,11,2016-05-03,27900,True,True,NO_VIEW_NO_MATURE_MODEL,NO_VIEW_NO_MATURE_MODEL_OR_FEATURE,,,False,False,2.5649493574615367,-0.032338978359937154,-0.04761904761904756,1.0,-0.004239367184058354,-0.05158736879049329,-0.06336286037111527,0.14766359240665647,,,,,,
earlier_diagnostic,STRESS,2016-05-19,11,2016-05-03,27900,True,True,NO_VIEW_NO_MATURE_MODEL,NO_VIEW_NO_MATURE_MODEL_OR_FEATURE,,,False,False,2.6390573296152584,-0.03423635291217264,-0.04948646125116718,1.0,-0.009775248904642573,-0.0360167546623799,-0.06354712203385793,0.13729342780387702,,,,,,
earlier_diagnostic,STRESS,2016-05-20,11,2016-05-03,27900,True,True,NO_VIEW_NO_MATURE_MODEL,NO_VIEW_NO_MATURE_MODEL_OR_FEATURE,,,False,False,2.70805020110221,-0.02791177107138787,-0.04326174914410219,1.0,0.00032536196805621476,-0.02474021765873361,-0.05578670207469272,0.13976876123764123,,,,,,
earlier_diagnostic,STRESS,2016-05-23,11,2016-05-03,27900,True,True,NO_VIEW_NO_MATURE_MODEL,NO_VIEW_NO_MATURE_MODEL_OR_FEATURE,,,False,False,2.772588722239781,-0.026330625611191594,-0.04170557111733575,1.0,-0.0019467884149880084,-0.027548186653776393,-0.052571977051498964,0.13865997006767322,,,,,,
earlier_diagnostic,STRESS,2016-05-24,11,2016-05-03,27900,True,True,NO_VIEW_NO_MATURE_MODEL,NO_VIEW_NO_MATURE_MODEL_OR_FEATURE,,,False,False,2.833213344056216,-0.032338978359937154,-0.04761904761904756,1.0,-0.006514681021193952,-0.030573580028887253,-0.05674079120245912,0.1395564186250777,,,,,,
earlier_diagnostic,STRESS,2016-05-25,11,2016-05-03,27900,True,True,NO_VIEW_NO_MATURE_MODEL,NO_VIEW_NO_MATURE_MODEL_OR_FEATURE,,,False,False,2.8903717578961645,-0.032971436544015686,-0.04824151882975414,1.0,-0.0006538084574191523,-0.03691640509418835,-0.056162364785338426,0.1371127058121267,,,,,,
earlier_diagnostic,STRESS,2016-05-26,11,2016-05-03,27900,True,True,NO_VIEW_NO_MATURE_MODEL,NO_VIEW_NO_MATURE_MODEL_OR_FEATURE,,,False,False,2.9444389791664403,-0.032971436544015686,-0.04824151882975414,1.0,0.001308900710429665,-0.032177808326580175,-0.054962000510993314,0.13681604149611482,,,,,,
earlier_diagnostic,STRESS,2016-05-27,11,2016-05-03,27900,True,True,NO_VIEW_NO_MATURE_MODEL,NO_VIEW_NO_MATURE_MODEL_OR_FEATURE,,,False,False,2.995732273553991,-0.032338978359937154,-0.04761904761904756,1.0,-0.00456472915211474,-0.03089048701933875,-0.05307731405128424,0.13700153695665027,,,,,,
earlier_diagnostic,STRESS,2016-05-30,11,2016-05-03,27900,True,True,NO_VIEW_NO_MATURE_MODEL,NO_VIEW_NO_MATURE_MODEL_OR_FEATURE,,,False,False,3.044522437723423,-0.03170652017585884,-0.046996576408341206,1.0,-0.005536571706871409,-0.028968874760140984,-0.05081617326298782,0.13720701280283873,,,,,,
earlier_diagnostic,STRESS,2016-05-31,11,2016-05-03,27900,True,True,NO_VIEW_NO_MATURE_MODEL,NO_VIEW_NO_MATURE_MODEL_OR_FEATURE,,,False,False,3.091042453358316,0.002129992672339709,-0.01369436663554302,1.0,0.03500116474449425,-0.013788999424938074,-0.01619426958921799,0.1732452283716711,,,,,,
earlier_diagnostic,STRESS,2016-06-01,11,2016-05-03,27900,True,True,NO_VIEW_NO_MATURE_MODEL,NO_VIEW_NO_MATURE_MODEL_OR_FEATURE,,,False,False,3.1354942159291497,-0.0019809855241703644,-0.017740429505135213,1.0,0.03154429547675735,-0.014157858004098547,-0.01892565355702802,0.17333376873562284,,,,,,
earlier_diagnostic,STRESS,2016-06-02,11,2016-05-03,27900,True,True,NO_VIEW_NO_MATURE_MODEL,NO_VIEW_NO_MATURE_MODEL_OR_FEATURE,,,False,False,3.1780538303479458,-0.001032298248052843,-0.01680672268907568,1.0,0.032494414313077605,-0.013207739167778289,-0.016676518798281137,0.17341062623856207,,,,,,
earlier_diagnostic,STRESS,2016-06-03,11,2016-05-03,27900,True,True,NO_VIEW_NO_MATURE_MODEL,NO_VIEW_NO_MATURE_MODEL_OR_FEATURE,,,False,False,3.2188758248682006,0.010668178157399177,-0.005291005291005124,1.0,0.043485111939738794,0.021506205220963172,-0.004056922288170561,0.15800135810138197,,,,,,
earlier_diagnostic,STRESS,2016-06-06,11,2016-05-03,27900,True,True,NO_VIEW_NO_MATURE_MODEL,NO_VIEW_NO_MATURE_MODEL_OR_FEATURE,,,False,False,3.258096538021482,0.004659825408653617,-0.011204481792717047,1.0,0.036869058051887,0.03621610340903378,-0.00881786427051634,0.13975933087959652,,,,,,
earlier_diagnostic,STRESS,2016-06-07,11,2016-05-03,27900,True,True,NO_VIEW_NO_MATURE_MODEL,NO_VIEW_NO_MATURE_MODEL_OR_FEATURE,,,False,False,3.295836866004329,0.004659825408653617,-0.011204481792717047,1.0,0.0025212745785953344,0.03719569532410318,-0.007673066704204312,0.13954821470814388,,,,,,
earlier_diagnostic,STRESS,2016-06-08,11,2016-05-03,27900,True,True,NO_VIEW_NO_MATURE_MODEL,NO_VIEW_NO_MATURE_MODEL_OR_FEATURE,,,False,False,3.332204510175204,0.003394909040496552,-0.01244942421413009,1.0,0.005372109617430639,0.03202322945271049,-0.0078119154946908465,0.1397555863948845,,,,,,
earlier_diagnostic,STRESS,2016-06-13,11,2016-05-03,27900,True,True,NO_VIEW_NO_MATURE_MODEL,NO_VIEW_NO_MATURE_MODEL_OR_FEATURE,,,False,False,3.367295829986474,-0.029492916531583924,-0.0448179271708683,1.0,-0.02890374618234903,-0.004875680063484326,-0.03871864950179882,0.18365416237783963,,,,,,
earlier_diagnostic,STRESS,2016-06-14,11,2016-05-03,27900,True,True,NO_VIEW_NO_MATURE_MODEL,NO_VIEW_NO_MATURE_MODEL_OR_FEATURE,,,False,False,3.4011973816621555,-0.02538193833507385,-0.040771864301275995,1.0,-0.036321291006104206,0.0029244537495760736,-0.03314311210322174,0.18382571008550855,,,,,,
earlier_diagnostic,STRESS,2016-06-15,11,2016-05-03,27900,True,True,NO_VIEW_NO_MATURE_MODEL,NO_VIEW_NO_MATURE_MODEL_OR_FEATURE,,,False,False,3.4339872044851463,-0.012416545561465098,-0.028011204481792507,1.0,-0.01714327698643732,0.012242420943590265,-0.018855370536544735,0.18906245179008394,,,,,,
earlier_diagnostic,STRESS,2016-06-16,11,2016-05-03,27900,True,True,NO_VIEW_NO_MATURE_MODEL,NO_VIEW_NO_MATURE_MODEL_OR_FEATURE,,,False,False,3.4657359027997265,-0.018424898310210658,-0.03392468098350443,1.0,-0.02324575296640661,0.007762005335489032,-0.02317839880130923,0.19038772549464847,,,,,,
earlier_diagnostic,STRESS,2016-06-17,11,2016-05-03,27900,True,True,NO_VIEW_NO_MATURE_MODEL,NO_VIEW_NO_MATURE_MODEL_OR_FEATURE,,,False,False,3.4965075614664802,-0.014313920113700584,-0.029878618113912125,1.0,-0.01780651181585846,0.018456084820910375,-0.017426684170387285,0.18904028002708118,,,,,,
earlier_diagnostic,STRESS,2016-06-20,11,2016-05-03,27900,True,True,NO_VIEW_NO_MATURE_MODEL,NO_VIEW_NO_MATURE_MODEL_OR_FEATURE,,,False,False,3.5263605246161616,-0.013997691021661485,-0.029567382508558948,1.0,0.01583999499798573,0.020739563839143976,-0.015192197921961692,0.18875254515745846,,,,,,
earlier_diagnostic,STRESS,2016-06-21,11,2016-05-03,27900,True,True,NO_VIEW_NO_MATURE_MODEL,NO_VIEW_NO_MATURE_MODEL_OR_FEATURE,,,False,False,3.5553480614894135,-0.01621129466593596,-0.03174603174603163,1.0,0.009365481017576078,0.011964572799095931,-0.0154497278588277,0.18800078156313002,,,,,,
earlier_diagnostic,STRESS,2016-06-22,11,2016-05-03,27900,True,True,NO_VIEW_NO_MATURE_MODEL,NO_VIEW_NO_MATURE_MODEL_OR_FEATURE,,,False,False,3.58351893845611,-0.010202941917190622,-0.025832555244319932,1.0,0.002238926251120079,0.01642813560969835,-0.007526308067175358,0.1889356555122491,,,,,,
earlier_diagnostic,STRESS,2016-06-23,11,2016-05-03,27900,True,True,NO_VIEW_NO_MATURE_MODEL,NO_VIEW_NO_MATURE_MODEL_OR_FEATURE,,,False,False,3.6109179126442243,-0.013365232837582952,-0.028944911297852483,1.0,0.005141399500418576,0.019418085857101555,-0.008880611996557652,0.1877989410149122,,,,,,
earlier_diagnostic,STRESS,2016-06-24,11,2016-05-03,27900,True,True,NO_VIEW_NO_MATURE_MODEL,NO_VIEW_NO_MATURE_MODEL_OR_FEATURE,,,False,False,3.6375861597263857,-0.023800792874877685,-0.039215686274509776,1.0,-0.009671255265177717,0.009438638013151805,-0.017422381390672204,0.19206301760272018,,,,,,
earlier_diagnostic,STRESS,2016-06-27,11,2016-05-03,27900,True,True,NO_VIEW_NO_MATURE_MODEL,NO_VIEW_NO_MATURE_MODEL_OR_FEATURE,,,False,False,3.6635616461296463,-0.011467858285347576,-0.027077497665732975,1.0,0.0025624613637001067,0.02199312449241441,-0.0034435862863236855,0.1965814835820044,,,,,,
earlier_diagnostic,STRESS,2016-06-28,11,2016-05-03,27900,True,True,NO_VIEW_NO_MATURE_MODEL,NO_VIEW_NO_MATURE_MODEL_OR_FEATURE,,,False,False,3.6888794541139363,-0.00640819281271976,-0.022097727980080806,1.0,0.009915321917929269,0.026444623869139934,0.0032846396619452545,0.197043325415728,,,,,,
earlier_diagnostic,STRESS,2016-06-29,11,2016-05-03,27900,True,True,NO_VIEW_NO_MATURE_MODEL,NO_VIEW_NO_MATURE_MODEL_OR_FEATURE,,,False,False,3.713572066704308,-0.0019809855241703644,-0.017740429505135213,1.0,0.008272398431566064,0.030237105748135817,0.00935478723219152,0.19730376293242122,,,,,,
earlier_diagnostic,STRESS,2016-06-30,11,2016-05-03,27900,True,True,NO_VIEW_NO_MATURE_MODEL,NO_VIEW_NO_MATURE_MODEL_OR_FEATURE,,,False,False,3.7376696182833684,-0.0003998400639743105,-0.016184251478369105,1.0,0.01305543141208967,-0.0025276474753030283,0.012457324186754715,0.15507893618953988,,,,,,
earlier_diagnostic,STRESS,2016-07-01,11,2016-05-03,27900,True,True,NO_VIEW_NO_MATURE_MODEL,NO_VIEW_NO_MATURE_MODEL_OR_FEATURE,,,False,False,3.7612001156935624,-0.0013485273400920539,-0.01711795829442886,1.0,0.022739170313427967,0.0006335128498224217,0.012363850449445657,0.15442342539055207,,,,,,
earlier_diagnostic,STRESS,2016-07-04,11,2016-05-03,27900,True,True,NO_VIEW_NO_MATURE_MODEL,NO_VIEW_NO_MATURE_MODEL_OR_FEATURE,,,False,False,3.784189633918261,0.01541161453798745,-0.0006224712107065766,1.0,0.026828183108091833,0.016326893287428635,0.030069959297475357,0.16501839316626196,,,,,,
earlier_diagnostic,STRESS,2016-07-05,11,2016-05-03,27900,True,True,NO_VIEW_NO_MATURE_MODEL,NO_VIEW_NO_MATURE_MODEL_OR_FEATURE,,,False,False,3.8066624897703196,0.01794144727430136,0.0,1.0,0.024211212483241585,0.007170724412642723,0.033482463060616086,0.16035333228401635,,,,,,
earlier_diagnostic,STRESS,2016-07-06,11,2016-05-03,27900,True,True,NO_VIEW_NO_MATURE_MODEL,NO_VIEW_NO_MATURE_MODEL_OR_FEATURE,,,False,False,3.828641396489095,0.023001112746929175,0.0,1.0,0.024723524969235806,0.01809157266548463,0.0391582376343349,0.15933599211849753,,,,,,
earlier_diagnostic,STRESS,2016-07-07,11,2016-05-03,27900,True,True,NO_VIEW_NO_MATURE_MODEL,NO_VIEW_NO_MATURE_MODEL_OR_FEATURE,,,False,False,3.8501476017100584,0.02426602911508602,0.0,1.0,0.024376206955711282,0.019327284901812916,0.040763582077399274,0.15929961433819684,,,,,,
earlier_diagnostic,STRESS,2016-07-08,11,2016-05-03,27900,True,True,NO_VIEW_NO_MATURE_MODEL,NO_VIEW_NO_MATURE_MODEL_OR_FEATURE,,,False,False,3.871201010907891,0.020471280010615267,-0.003704847175053927,1.0,0.021613997236374208,0.01687540046876599,0.03678221239828949,0.1599705093314432,,,,,,
earlier_diagnostic,STRESS,2016-07-11,11,2016-05-03,27900,True,True,NO_VIEW_NO_MATURE_MODEL,NO_VIEW_NO_MATURE_MODEL_OR_FEATURE,,,False,False,3.8918202981106265,0.023001112746929175,-0.001234949058351198,1.0,0.007446512845486777,0.052677152315264444,0.039267419846684914,0.10193323379440382,,,,,,
earlier_diagnostic,STRESS,2016-07-12,11,2016-05-03,27900,True,True,NO_VIEW_NO_MATURE_MODEL,NO_VIEW_NO_MATURE_MODEL_OR_FEATURE,,,False,False,3.912023005428146,0.04893189829414668,0.0,1.0,0.02999000764824403,0.07348202306699096,0.06516322578997458,0.12896612743096952,,,,,,
earlier_diagnostic,STRESS,2016-07-13,11,2016-05-03,27900,True,True,NO_VIEW_NO_MATURE_MODEL,NO_VIEW_NO_MATURE_MODEL_OR_FEATURE,,,False,False,3.9318256327243257,0.051145501938421045,0.0,1.0,0.02713994904033753,0.062374798692259474,0.0670949353283481,0.12415259972409902,,,,,,
earlier_diagnostic,STRESS,2016-07-14,11,2016-05-03,27900,True,True,NO_VIEW_NO_MATURE_MODEL,NO_VIEW_NO_MATURE_MODEL_OR_FEATURE,,,False,False,3.9512437185814275,0.0495643564782251,-0.0015042117930202936,1.0,0.024398892548645097,0.06697193041686461,0.06491947040866552,0.12078902327175207,,,,,,
earlier_diagnostic,STRESS,2016-07-15,11,2016-05-03,27900,True,True,NO_VIEW_NO_MATURE_MODEL,NO_VIEW_NO_MATURE_MODEL_OR_FEATURE,,,False,False,3.970291913552122,0.050829272846381945,-0.0003008423586040587,1.0,0.0293150763026322,0.06399698858725665,0.06562670228035206,0.120981167207463,,,,,,
earlier_diagnostic,STRESS,2016-07-18,11,2016-05-03,27900,True,True,NO_VIEW_NO_MATURE_MODEL,NO_VIEW_NO_MATURE_MODEL_OR_FEATURE,,,False,False,3.9889840465642745,0.047034523741911194,-0.0039109506618532075,1.0,0.02322133061224519,0.0600584879295239,0.061492961584597605,0.12294411029617827,,,,,,
earlier_diagnostic,STRESS,2016-07-19,11,2016-05-03,27900,True,True,NO_VIEW_NO_MATURE_MODEL,NO_VIEW_NO_MATURE_MODEL_OR_FEATURE,,,False,False,4.007333185232471,0.04165862917724428,-0.009025270758122539,1.0,-0.006958128209466888,0.057158413839948,0.05569027957310779,0.12492010122895102,,,,,,
earlier_diagnostic,STRESS,2016-07-20,11,2016-05-03,27900,True,True,NO_VIEW_NO_MATURE_MODEL,NO_VIEW_NO_MATURE_MODEL_OR_FEATURE,,,False,False,4.02535169073515,0.03944502553296947,-0.011131167268351283,1.0,-0.011193582311119388,0.04894229013002001,0.05285916767430754,0.12550246141559687,,,,,,
earlier_diagnostic,STRESS,2016-07-21,11,2016-05-03,27900,True,True,NO_VIEW_NO_MATURE_MODEL,NO_VIEW_NO_MATURE_MODEL_OR_FEATURE,,,False,False,4.04305126783455,0.04513714918967571,-0.005716004813477671,1.0,-0.004227059434187892,0.05760347148225815,0.05806837159916034,0.12412483258581779,,,,,,
earlier_diagnostic,STRESS,2016-07-22,11,2016-05-03,27900,True,True,NO_VIEW_NO_MATURE_MODEL,NO_VIEW_NO_MATURE_MODEL_OR_FEATURE,,,False,False,4.060443010546419,0.03596650552053782,-0.014440433212996373,1.0,-0.014244823381634221,0.05942342047080015,0.048347955945490906,0.12176562786592818,,,,,,
earlier_diagnostic,STRESS,2016-07-25,11,2016-05-03,27900,True,True,NO_VIEW_NO_MATURE_MODEL,NO_VIEW_NO_MATURE_MODEL_OR_FEATURE,,,False,False,4.07753744390572,0.03565027642849872,-0.014741275571600432,1.0,-0.010932389477893996,0.04656363708792979,0.04710367925056058,0.11695635128733983,,,,,,
earlier_diagnostic,STRESS,2016-07-26,11,2016-05-03,27900,True,True,NO_VIEW_NO_MATURE_MODEL,NO_VIEW_NO_MATURE_MODEL_OR_FEATURE,,,False,False,4.0943445622221,0.04893189829414668,-0.002105896510228522,1.0,0.0069581282094668675,0.054201220131485595,0.0593890228517584,0.12222641188253414,,,,,,
earlier_diagnostic,STRESS,2016-07-27,11,2016-05-03,27900,True,True,NO_VIEW_NO_MATURE_MODEL,NO_VIEW_NO_MATURE_MODEL_OR_FEATURE,,,False,False,4.110873864173311,0.029641923679753157,-0.020457280385078214,1.0,-0.00947584654178844,0.03119404515666551,0.03878149484357851,0.14232986977442846,,,,,,
earlier_diagnostic,STRESS,2017-05-18,12,2017-05-18,23700,True,True,PREDICTION_AVAILABLE,COMPARABLE_SAVED_MODEL_AND_SINGLE_ACTUAL_ENTRY,0.08296301067658365,0.08316433548321733,False,False,0.6931471805599453,-0.0024560261114479065,-0.0024560261114479065,1.0,0.012742800965009297,-0.01229163851155685,-0.007060338831059609,0.09103628081051061,0.0,0.0,-0.00020132480663367924,0.0,-0.000786204239303645,-0.000786204239303645
earlier_diagnostic,STRESS,2017-05-19,12,2017-05-18,23700,True,True,PREDICTION_AVAILABLE,COMPARABLE_SAVED_MODEL_AND_SINGLE_ACTUAL_ENTRY,0.0782352301963268,0.07841374435398514,False,False,1.0986122886681098,-0.0006935809278991734,-0.0006935809278991734,1.0,0.006487784478742647,-0.016037666965817505,-0.005214620889155253,0.08872468204213267,0.0,0.0,-0.00017851415765833545,0.0,-0.0007875932927299267,-0.0006935809278991734
earlier_diagnostic,STRESS,2017-05-22,12,2017-05-18,23700,True,True,PREDICTION_AVAILABLE,COMPARABLE_SAVED_MODEL_AND_SINGLE_ACTUAL_ENTRY,0.07457508546659997,0.07458269544795162,False,False,1.3862943611198906,0.0001876416638750822,0.0,1.0,0.003235772789441042,-0.016023649468157406,-0.004169589153225739,0.08872802645894165,0.0,0.0,-7.609981351658357e-06,0.0,-0.0007882878194431786,0.0
earlier_diagnostic,STRESS,2017-05-23,12,2017-05-18,23700,True,True,PREDICTION_AVAILABLE,COMPARABLE_SAVED_MODEL_AND_SINGLE_ACTUAL_ENTRY,0.07003267705642369,0.07004032056192228,False,False,1.6094379124341003,0.004593754622746804,0.0,1.0,-0.004085211400770057,-0.0008768084735347129,0.0003637390778823413,0.0825847256745091,0.0,0.0,-7.643505498589054e-06,0.0,-0.0007917604530089939,0.0
earlier_diagnostic,STRESS,2017-05-24,12,2017-05-18,23700,True,True,PREDICTION_AVAILABLE,COMPARABLE_SAVED_MODEL_AND_SINGLE_ACTUAL_ENTRY,0.07062081172094561,0.07062845522644419,False,False,1.791759469228055,0.004593754622746804,0.0,1.0,0.002635047638005065,-0.004085211400770194,0.0005341912675023153,0.08172902513760416,0.0,0.0,-7.643505498575176e-06,0.0,-0.0007917604530089939,0.0
earlier_diagnostic,STRESS,2017-05-25,12,2017-05-18,23700,True,True,PREDICTION_AVAILABLE,COMPARABLE_SAVED_MODEL_AND_SINGLE_ACTUAL_ENTRY,0.06959924635887968,0.06960705301522663,False,False,1.9459101490553132,0.026036837689255687,0.0,1.0,0.028162697375594088,0.014708268035347145,0.0219784814033801,0.11079648363006483,0.0,0.0,-7.806656346948104e-06,0.0,-0.0008086606030293098,0.0
earlier_diagnostic,STRESS,2017-05-26,12,2017-05-18,23700,True,True,PREDICTION_AVAILABLE,COMPARABLE_SAVED_MODEL_AND_SINGLE_ACTUAL_ENTRY,0.06696017324679122,0.06696796649347934,False,False,2.0794415416798357,0.024274392505707176,-0.0017177211565987394,1.0,0.024678273719844185,0.012408181128029699,0.020364825685292187,0.11113171619228149,0.0,0.0,-7.793246688120314e-06,0.0,-0.000807271549602806,2.220446049250313e-16
earlier_diagnostic,STRESS,2017-05-31,12,2017-05-18,23700,True,True,PREDICTION_AVAILABLE,COMPARABLE_SAVED_MODEL_AND_SINGLE_ACTUAL_ENTRY,0.065687981053577,0.06569577877015138,False,False,2.1972245773362196,0.02486187423355668,-0.001145147437732419,1.0,0.024370222603161462,0.01676339832832434,0.02115563266693532,0.10995235939785167,0.0,0.0,-7.797716574386993e-06,0.0,-0.0008077345674117886,2.220446049250313e-16
earlier_diagnostic,STRESS,2017-06-01,12,2017-05-18,23700,True,True,PREDICTION_AVAILABLE,COMPARABLE_SAVED_MODEL_AND_SINGLE_ACTUAL_ENTRY,0.04455453844936505,0.04458652895863434,False,False,2.302585092994046,0.027211801144954695,0.0,1.0,0.022264907006724968,0.020512058179310486,0.023602130850383984,0.10971837182909411,0.0,0.0,-3.1990509269289036e-05,0.0,-0.0008095866386470529,0.0
earlier_diagnostic,STRESS,2017-06-02,12,2017-05-18,23700,True,True,PREDICTION_AVAILABLE,COMPARABLE_SAVED_MODEL_AND_SINGLE_ACTUAL_ENTRY,0.042557849043319274,0.042589757220708825,False,False,2.3978952727983707,0.024568133369631928,-0.0025736345438945873,1.0,0.019687954972219444,0.02290951289096719,0.02117832942680975,0.10835767367413442,0.0,0.0,-3.1908177389551595e-05,0.0,-0.0008075030585072973,2.220446049250313e-16
earlier_diagnostic,STRESS,2017-06-05,12,2017-05-18,23700,True,True,PREDICTION_AVAILABLE,COMPARABLE_SAVED_MODEL_AND_SINGLE_ACTUAL_ENTRY,0.03211120958076727,0.032142907354464165,False,False,2.4849066497880004,0.01781209349936197,-0.009150700600514705,1.0,-0.008048333182828441,0.02011436419276555,0.014613420348124517,0.11039863341949363,0.0,0.0,-3.1697773696895415e-05,0.0,-0.0008021783537064398,0.0
earlier_diagnostic,STRESS,2017-06-06,12,2017-05-18,23700,True,True,PREDICTION_AVAILABLE,COMPARABLE_SAVED_MODEL_AND_SINGLE_ACTUAL_ENTRY,0.033366844899245796,0.033398789668581896,False,False,2.5649493574615367,0.025743096825330936,-0.001429796968830388,1.0,0.0014328702838416387,0.034375653853579144,0.022445503739372485,0.10919054869297602,0.0,0.0,-3.19447693361008e-05,0.0,-0.0008084290941250405,0.0
earlier_diagnostic,STRESS,2017-06-07,12,2017-05-18,23700,True,True,PREDICTION_AVAILABLE,COMPARABLE_SAVED_MODEL_AND_SINGLE_ACTUAL_ENTRY,0.03546915367687784,0.03550153754957251,False,False,2.6390573296152584,0.03984265829372036,0.0,1.0,0.014511564941045987,0.05666003356549116,0.03628845037507311,0.10990031425372782,0.0,0.0,-3.238387269467041e-05,0.0,-0.0008195415215357382,0.0
earlier_diagnostic,STRESS,2017-06-08,12,2017-05-18,23700,True,True,PREDICTION_AVAILABLE,COMPARABLE_SAVED_MODEL_AND_SINGLE_ACTUAL_ENTRY,0.03587129823709154,0.03590391080945213,False,False,2.70805020110221,0.04718617989183982,0.0,1.0,0.019258595785020434,0.06280090123903026,0.043370620766232104,0.1105875444965683,0.0,0.0,-3.2612572360590786e-05,0.0,-0.0008253292441453564,0.0
earlier_diagnostic,STRESS,2017-06-09,12,2017-05-18,23700,True,True,PREDICTION_AVAILABLE,COMPARABLE_SAVED_MODEL_AND_SINGLE_ACTUAL_ENTRY,0.037799534263725024,0.03783234809179163,False,False,2.772588722239781,0.053648478898185026,0.0,1.0,0.027987692503412348,0.07254371405364524,0.04953561453463018,0.10818020682410061,0.0,0.0,-3.281382806660793e-05,0.0,-0.0008304224400419447,0.0
earlier_diagnostic,STRESS,2017-06-12,12,2017-05-18,23700,True,True,PREDICTION_AVAILABLE,COMPARABLE_SAVED_MODEL_AND_SINGLE_ACTUAL_ENTRY,0.038987923957387996,0.03902067374954814,False,False,2.833213344056216,0.05159229285071154,-0.0019514914970728547,1.0,0.0326501677707425,0.06550733292851743,0.04728247883840497,0.10975209593256707,0.0,0.0,-3.274979216014162e-05,0.0,-0.0008288018777111716,-1.1102230246251565e-16
earlier_diagnostic,STRESS,2017-06-13,12,2017-05-18,23700,True,True,PREDICTION_AVAILABLE,COMPARABLE_SAVED_MODEL_AND_SINGLE_ACTUAL_ENTRY,0.03688975260641784,0.03692256643448444,False,False,2.8903717578961645,0.053648478898185026,0.0,1.0,0.026841560572789684,0.05944048905521815,0.04887060969505952,0.10843365533743791,0.0,0.0,-3.281382806660099e-05,0.0,-0.0008304224400419447,0.0
earlier_diagnostic,STRESS,2017-06-14,12,2017-05-18,23700,True,True,PREDICTION_AVAILABLE,COMPARABLE_SAVED_MODEL_AND_SINGLE_ACTUAL_ENTRY,0.028213661298839343,0.028246145799387022,False,False,2.9444389791664403,0.04307380779689285,-0.010036241984945793,1.0,0.003102526815267693,0.04522008714891617,0.03796784984779711,0.11737777127396208,0.0,0.0,-3.2484500547678985e-05,0.0,-0.0008220881194840324,-1.1102230246251565e-16
earlier_diagnostic,STRESS,2017-06-15,12,2017-05-18,23700,True,True,PREDICTION_AVAILABLE,COMPARABLE_SAVED_MODEL_AND_SINGLE_ACTUAL_ENTRY,0.025665325706831332,0.02569770043153936,False,False,2.995732273553991,0.039548917429795605,-0.013381655979927576,1.0,-0.007319852502932864,0.030118438888042477,0.034056473839411794,0.11354393661598104,0.0,0.0,-3.237472470802791e-05,0.0,-0.0008193100126312469,-1.1102230246251565e-16
earlier_diagnostic,STRESS,2017-06-16,12,2017-05-18,23700,True,True,PREDICTION_AVAILABLE,COMPARABLE_SAVED_MODEL_AND_SINGLE_ACTUAL_ENTRY,0.022499724770755312,0.022532044607543517,False,False,3.044522437723423,0.03778647224624687,-0.01505436297741869,1.0,-0.015168830173137532,0.03514186494049932,0.03181929978881226,0.11021018373088641,0.0,0.0,-3.2319836788204104e-05,0.0,-0.0008179209592049652,-2.220446049250313e-16
earlier_diagnostic,STRESS,2017-06-19,12,2017-05-18,23700,True,True,PREDICTION_AVAILABLE,COMPARABLE_SAVED_MODEL_AND_SINGLE_ACTUAL_ENTRY,0.02484640337553829,0.02487908913179196,False,False,3.091042453358316,0.04953610680323828,-0.0039029829941455985,1.0,-0.0019572213713363058,0.050807310592171834,0.04291083254058403,0.11252364828808589,0.0,0.0,-3.2685756253668374e-05,0.0,-0.0008271813153801766,-1.1102230246251565e-16
earlier_diagnostic,STRESS,2017-06-20,12,2017-05-18,23700,True,True,PREDICTION_AVAILABLE,COMPARABLE_SAVED_MODEL_AND_SINGLE_ACTUAL_ENTRY,0.022786192960062117,0.022818778088462797,False,False,3.1354942159291497,0.04630495730006534,-0.006969612489545751,1.0,-0.006994013682675666,0.045958690893799836,0.03911495423404099,0.11421290862574812,0.0,0.0,-3.258512840068062e-05,0.0,-0.0008246347174323265,-2.220446049250313e-16
earlier_diagnostic,STRESS,2017-06-21,12,2017-05-18,23700,True,True,PREDICTION_AVAILABLE,COMPARABLE_SAVED_MODEL_AND_SINGLE_ACTUAL_ENTRY,0.02848953279388703,0.02852252958168637,False,False,3.1780538303479458,0.05952329617668073,0.0,1.0,0.015647147960451278,0.057631462319926406,0.05147280644169894,0.11951256190946759,0.0,0.0,-3.2996787799340066e-05,0.0,-0.0008350526181295503,0.0
earlier_diagnostic,STRESS,2017-06-22,12,2017-05-18,23700,True,True,PREDICTION_AVAILABLE,COMPARABLE_SAVED_MODEL_AND_SINGLE_ACTUAL_ENTRY,0.02978953831311675,0.029822571692862634,False,False,3.2188758248682006,0.06069825963237996,0.0,1.0,0.020140540931994563,0.054344191220807095,0.051952209104364044,0.11953857943098367,0.0,0.0,-3.30333797458858e-05,0.0,-0.0008359786537470715,0.0
earlier_diagnostic,STRESS,2017-06-23,12,2017-05-18,23700,True,True,PREDICTION_AVAILABLE,COMPARABLE_SAVED_MODEL_AND_SINGLE_ACTUAL_ENTRY,0.0324668208761522,0.03250017443543039,False,False,3.258096538021482,0.07097918986974694,0.0,1.0,0.031483307879463275,0.06399012518195753,0.061350659976720845,0.12143942689695025,0.0,0.0,-3.335355927819306e-05,0.0,-0.0008440814654009365,0.0
earlier_diagnostic,STRESS,2017-06-26,12,2017-05-18,23700,True,True,PREDICTION_AVAILABLE,COMPARABLE_SAVED_MODEL_AND_SINGLE_ACTUAL_ENTRY,0.03501232915900536,0.035046094377682205,False,False,3.295836866004329,0.0841975287463621,0.0,1.0,0.03249184500658878,0.05513645822316652,0.07345760168263493,0.10758550674147523,0.0,0.0,-3.3765218676845565e-05,0.0,-0.0008544993660983824,0.0
earlier_diagnostic,STRESS,2017-06-27,12,2017-05-18,23700,True,True,PREDICTION_AVAILABLE,COMPARABLE_SAVED_MODEL_AND_SINGLE_ACTUAL_ENTRY,0.035788854756857474,0.035822638271507584,False,False,3.332204510175204,0.08478501047421183,0.0,1.0,0.03611695100295627,0.05739736817691191,0.07307348106104583,0.10666463211086621,0.0,0.0,-3.378351465010976e-05,0.0,-0.0008549623839069209,0.0
earlier_diagnostic,STRESS,2017-06-28,12,2017-05-18,23700,True,True,PREDICTION_AVAILABLE,COMPARABLE_SAVED_MODEL_AND_SINGLE_ACTUAL_ENTRY,0.02880064534185068,0.02883420015683487,False,False,3.367295829986474,0.07744148887609215,-0.006769564040075782,1.0,0.016770152472816355,0.0500313921895813,0.06490345257207863,0.11164348702324912,0.0,0.0,-3.3554814984189385e-05,0.0,-0.0008491746612973028,0.0
earlier_diagnostic,STRESS,2017-06-29,12,2017-05-18,23700,True,True,PREDICTION_AVAILABLE,COMPARABLE_SAVED_MODEL_AND_SINGLE_ACTUAL_ENTRY,0.02962641315669099,0.029660169227381194,False,False,3.4011973816621555,0.08390378788243735,-0.0008123476848092004,1.0,0.02164171575711487,0.053720999971196996,0.07027813903913671,0.11228564623076642,0.0,0.0,-3.375607069020306e-05,0.0,-0.0008542678571938911,-1.1102230246251565e-16
earlier_diagnostic,STRESS,2017-06-30,12,2017-05-18,23700,True,True,PREDICTION_AVAILABLE,COMPARABLE_SAVED_MODEL_AND_SINGLE_ACTUAL_ENTRY,0.02543387283194952,0.0254675740147199,False,False,3.4339872044851463,0.08214134269888862,-0.002437043054427379,1.0,0.010368442136589065,0.05467061234632715,0.06754953276007103,0.1117644116188197,0.0,0.0,-3.3701182770379257e-05,0.0,-0.0008528788037676094,-1.1102230246251565e-16
earlier_diagnostic,STRESS,2017-07-03,12,2017-05-18,23700,True,True,PREDICTION_AVAILABLE,COMPARABLE_SAVED_MODEL_AND_SINGLE_ACTUAL_ENTRY,0.019587962382799015,0.019621517197783208,False,False,3.4657359027997265,0.07744148887609215,-0.006769564040075782,1.0,-0.006250869653643096,0.056933921752351874,0.06197940383988998,0.1096181369681597,0.0,0.0,-3.3554814984192854e-05,0.0,-0.0008491746612973028,0.0
earlier_diagnostic,STRESS,2017-07-04,12,2017-05-18,23700,True,True,PREDICTION_AVAILABLE,COMPARABLE_SAVED_MODEL_AND_SINGLE_ACTUAL_ENTRY,0.016905706045828202,0.016938986421213286,False,False,3.4965075614664802,0.0686292629583487,-0.014893040888167008,1.0,-0.015005055774495759,0.04095944211857452,0.052540233081857846,0.11446272696291841,0.0,0.0,-3.328037538508424e-05,0.0,-0.0008422293941658943,-2.220446049250313e-16
earlier_diagnostic,STRESS,2017-07-05,12,2017-05-18,23700,True,True,PREDICTION_AVAILABLE,COMPARABLE_SAVED_MODEL_AND_SINGLE_ACTUAL_ENTRY,0.023225083663758278,0.023258793994515307,False,False,3.5263605246161616,0.08243508356281337,-0.0021662604928243123,1.0,0.004623971247081429,0.04014379849561675,0.06533127420351392,0.11342079379919523,0.0,0.0,-3.37103307570287e-05,0.0,-0.0008531103126721007,0.0
earlier_diagnostic,STRESS,2017-07-06,12,2017-05-18,23700,True,True,PREDICTION_AVAILABLE,COMPARABLE_SAVED_MODEL_AND_SINGLE_ACTUAL_ENTRY,0.021292332340070073,0.02132601522686718,False,False,3.5553480614894135,0.08155386097103912,-0.0029786081776335127,1.0,-0.002170375241549729,0.03229202894462683,0.06364897650817958,0.11227711213230987,0.0,0.0,-3.3682886797108125e-05,0.0,-0.0008524157859588488,-1.1102230246251565e-16
earlier_diagnostic,STRESS,2017-07-07,12,2017-05-18,23700,True,True,PREDICTION_AVAILABLE,COMPARABLE_SAVED_MODEL_AND_SINGLE_ACTUAL_ENTRY,0.021949635399668543,0.021983299990492373,False,False,3.58351893845611,0.08096637924318961,-0.0035201733008395353,1.0,-0.0010863662122208998,0.0255965536306939,0.062235365875522586,0.11125082920519479,0.0,0.0,-3.3664590823830054e-05,0.0,-0.0008519527681498662,-1.1102230246251565e-16
earlier_diagnostic,STRESS,2017-07-10,12,2017-05-18,23700,True,True,PREDICTION_AVAILABLE,COMPARABLE_SAVED_MODEL_AND_SINGLE_ACTUAL_ENTRY,0.02332889964555095,0.023362600828321332,False,False,3.6109179126442243,0.08214134269888862,-0.002437043054427379,1.0,0.004352563998841888,0.02863631798045126,0.06257445929449168,0.11061832040236821,0.0,0.0,-3.3701182770382726e-05,0.0,-0.0008528788037676094,-1.1102230246251565e-16
earlier_diagnostic,STRESS,2017-07-11,12,2017-05-18,23700,True,True,PREDICTION_AVAILABLE,COMPARABLE_SAVED_MODEL_AND_SINGLE_ACTUAL_ENTRY,0.02791925649800741,0.0279532321203769,False,False,3.6375861597263857,0.09095356861663206,0.0,1.0,0.020675382834583554,0.03479326438036839,0.0703065738776929,0.1130412447697612,0.0,0.0,-3.397562236949134e-05,0.0,-0.00085982407089924,0.0
earlier_diagnostic,STRESS,2017-07-12,12,2017-05-18,23700,True,True,PREDICTION_AVAILABLE,COMPARABLE_SAVED_MODEL_AND_SINGLE_ACTUAL_ENTRY,0.02161558657857356,0.021649360945237034,False,False,3.6635616461296463,0.08449126961028708,-0.005923532579429125,1.0,0.0018977909993057986,0.03893906267965485,0.0630462070453841,0.10838125018114901,0.0,0.0,-3.377436666347419e-05,0.0,-0.0008547308750024296,1.1102230246251565e-16
earlier_diagnostic,STRESS,2017-07-13,12,2017-05-18,23700,True,True,PREDICTION_AVAILABLE,COMPARABLE_SAVED_MODEL_AND_SINGLE_ACTUAL_ENTRY,0.023892146461656168,0.023926268451811852,False,False,3.6888794541139363,0.09565342243942854,0.0,1.0,0.01295215084483798,0.05256403229239767,0.07291863386484088,0.11020237486524344,0.0,0.0,-3.412199015568468e-05,0.0,-0.0008635282133695465,0.0
earlier_diagnostic,STRESS,2017-07-14,12,2017-05-18,23700,True,True,PREDICTION_AVAILABLE,COMPARABLE_SAVED_MODEL_AND_SINGLE_ACTUAL_ENTRY,0.025668173980457926,0.02570252467027953,False,False,3.713572066704308,0.102996944037548,0.0,1.0,0.02017553303525831,0.06094091683908975,0.07898640865956996,0.10985060392825238,0.0,0.0,-3.435068982160505e-05,0.0,-0.0008693159359791647,0.0
earlier_diagnostic,STRESS,2017-07-17,12,2017-05-18,23700,True,True,PREDICTION_AVAILABLE,COMPARABLE_SAVED_MODEL_AND_SINGLE_ACTUAL_ENTRY,0.02110835953351431,0.021142243676017435,False,False,3.7376696182833684,0.08801615997738432,-0.013581890812250252,1.0,0.005414198390872482,0.03600773774266005,0.06334563699891471,0.11974978645132824,0.0,0.0,-3.388414250312527e-05,0.0,-0.0008575089818552151,1.1102230246251565e-16
earlier_diagnostic,STRESS,2017-07-18,12,2017-05-18,23700,True,True,PREDICTION_AVAILABLE,COMPARABLE_SAVED_MODEL_AND_SINGLE_ACTUAL_ENTRY,0.018153724624986118,0.018187627063462518,False,False,3.7612001156935624,0.08860364170523383,-0.013049267643142515,1.0,-0.0021563350673461526,0.0396309429956979,0.06294241286885804,0.11851568029397883,0.0,0.0,-3.390243847639987e-05,0.0,-0.0008579719996641977,0.0
earlier_diagnostic,STRESS,2017-07-19,12,2017-05-18,23700,True,True,PREDICTION_AVAILABLE,COMPARABLE_SAVED_MODEL_AND_SINGLE_ACTUAL_ENTRY,0.02479122233629589,0.024825829169743338,False,False,3.784189633918261,0.11122168822744172,0.0,1.0,0.024349029010286273,0.04764094372948985,0.0838881609450528,0.13058355426064114,0.0,0.0,-3.460683344744947e-05,0.0,-0.0008757981853022567,0.0
earlier_diagnostic,STRESS,2017-07-20,12,2017-05-18,23700,True,True,PREDICTION_AVAILABLE,COMPARABLE_SAVED_MODEL_AND_SINGLE_ACTUAL_ENTRY,0.022501402137342957,0.02253617363454986,False,False,3.8066624897703196,0.11650902377808792,0.0,1.0,0.0188559563513874,0.051279447711790514,0.087825951860236,0.13073440898186586,0.0,0.0,-3.4771497206903534e-05,0.0,-0.0008799653455811018,0.0
earlier_diagnostic,STRESS,2017-07-21,12,2017-05-18,23700,True,True,PREDICTION_AVAILABLE,COMPARABLE_SAVED_MODEL_AND_SINGLE_ACTUAL_ENTRY,0.01941637176460159,0.019450969450062396,False,False,3.828641396489095,0.11092794736351697,-0.0049986845566956095,1.0,0.007164685020167668,0.036622293979794135,0.08130001882220594,0.13057178875136116,0.0,0.0,-3.4597685460806965e-05,0.0,-0.0008755666763977654,0.0
earlier_diagnostic,STRESS,2017-07-24,12,2017-05-18,23700,True,True,PREDICTION_AVAILABLE,COMPARABLE_SAVED_MODEL_AND_SINGLE_ACTUAL_ENTRY,0.02662057405306832,0.026655345550275225,False,False,3.8501476017100584,0.11650902377808792,0.0,1.0,0.025850873223178597,0.029366765959249867,0.08559419455108386,0.12547514460131046,0.0,0.0,-3.4771497206903534e-05,0.0,-0.0008799653455811018,0.0
earlier_diagnostic,STRESS,2017-07-25,12,2017-05-18,23700,True,True,PREDICTION_AVAILABLE,COMPARABLE_SAVED_MODEL_AND_SINGLE_ACTUAL_ENTRY,0.023795099035562744,0.023829605241157174,False,False,3.871201010907891,0.10799053872426922,-0.007629571165482796,1.0,0.017652236908042816,0.021166228900784456,0.07626389199317041,0.12942736486065687,0.0,0.0,-3.450620559443049e-05,0.0,-0.0008732515873537405,0.0
earlier_diagnostic,STRESS,2017-07-26,12,2017-05-18,23700,True,True,PREDICTION_AVAILABLE,COMPARABLE_SAVED_MODEL_AND_SINGLE_ACTUAL_ENTRY,0.01476998171282249,0.014804295810697556,False,False,3.8918202981106265,0.10182198058184877,-0.01315443304393582,1.0,-0.008494874551142097,0.022375916705531396,0.06931088220760895,0.12856197448436738,0.0,0.0,-3.431409787506626e-05,0.0,-0.0008683899003618656,0.0
earlier_diagnostic,STRESS,2017-07-27,12,2017-05-18,23700,True,True,PREDICTION_AVAILABLE,COMPARABLE_SAVED_MODEL_AND_SINGLE_ACTUAL_ENTRY,0.014228211616095365,0.014262626341823433,False,False,3.912023005428146,0.10505313008502148,-0.010260457774269982,1.0,-0.010313459128273215,0.01932427282640243,0.07149214728032627,0.12752831936402756,0.0,0.0,-3.441472572806789e-05,0.0,-0.0008709364983099377,0.0
earlier_diagnostic,STRESS,2017-07-28,12,2017-05-18,23700,True,True,PREDICTION_AVAILABLE,COMPARABLE_SAVED_MODEL_AND_SINGLE_ACTUAL_ENTRY,0.01654710743353516,0.016581650231076137,False,False,3.9318256327243257,0.10916550217996845,-0.006577216521967855,1.0,-0.001587721953011776,0.024666129890193296,0.07443660368768423,0.12748320052384873,0.0,0.0,-3.454279754097622e-05,0.0,-0.0008741776229712617,0.0
earlier_diagnostic,STRESS,2017-07-31,12,2017-05-18,23700,True,True,PREDICTION_AVAILABLE,COMPARABLE_SAVED_MODEL_AND_SINGLE_ACTUAL_ENTRY,0.015439095719474698,0.015473766588828597,False,False,3.9512437185814275,0.1132778742749152,-0.0028939752696658383,1.0,-0.0028981709127769797,0.03271946470011598,0.07733707290265057,0.12603937244671146,0.0,0.0,-3.467086935389843e-05,0.0,-0.0008774187476328077,0.0
earlier_diagnostic,STRESS,2017-08-01,12,2017-05-18,23700,True,True,PREDICTION_AVAILABLE,COMPARABLE_SAVED_MODEL_AND_SINGLE_ACTUAL_ENTRY,0.019902584116060548,0.019937529425013555,False,False,3.970291913552122,0.12209010019265865,0.0,1.0,0.012645057847272627,0.04881634252255285,0.08468287696515886,0.1224049768661069,0.0,0.0,-3.494530895300704e-05,0.0,-0.0008843640147644383,0.0
earlier_diagnostic,STRESS,2017-08-02,12,2017-05-18,23700,True,True,PREDICTION_AVAILABLE,COMPARABLE_SAVED_MODEL_AND_SINGLE_ACTUAL_ENTRY,0.023260075021508682,0.023295020330461685,False,False,3.9889840465642745,0.12209010019265865,0.0,1.0,0.018227951518733382,0.03597989697718336,0.08356242421090632,0.11646775642492815,0.0,0.0,-3.494530895300357e-05,0.0,-0.0008843640147644383,0.0
earlier_diagnostic,STRESS,2017-08-03,12,2017-05-18,23700,True,True,PREDICTION_AVAILABLE,COMPARABLE_SAVED_MODEL_AND_SINGLE_ACTUAL_ENTRY,0.018603872151061726,0.01863846983652253,False,False,4.007333185232471,0.11092794736351697,-0.009947643979057674,1.0,0.005302239357426989,0.026796887425379147,0.07180305878574256,0.12324230879967717,0.0,0.0,-3.4597685460803496e-05,0.0,-0.0008755666763977654,-1.1102230246251565e-16
earlier_diagnostic,STRESS,2017-08-04,12,2017-05-18,23700,True,True,PREDICTION_AVAILABLE,COMPARABLE_SAVED_MODEL_AND_SINGLE_ACTUAL_ENTRY,0.015221452955396394,0.015255840237164548,False,False,4.02535169073515,0.10417190749324723,-0.01596858638743448,1.0,-0.0045122837012134005,0.0212402124012008,0.06441519460477241,0.12581645324261423,0.0,0.0,-3.4387281768154254e-05,0.0,-0.0008702419715966858,1.1102230246251565e-16
earlier_diagnostic,STRESS,2017-08-07,12,2017-05-18,23700,True,True,PREDICTION_AVAILABLE,COMPARABLE_SAVED_MODEL_AND_SINGLE_ACTUAL_ENTRY,0.015241694609863894,0.015276292295324696,False,False,4.04305126783455,0.11092794736351697,-0.009947643979057674,1.0,-0.0021130488580691498,0.026253851843204945,0.07004170861498582,0.12702472134477097,0.0,0.0,-3.459768546080176e-05,0.0,-0.0008755666763977654,-1.1102230246251565e-16
earlier_diagnostic,STRESS,2017-08-08,12,2017-05-18,23700,True,True,PREDICTION_AVAILABLE,COMPARABLE_SAVED_MODEL_AND_SINGLE_ACTUAL_ENTRY,0.013316317795632429,0.013350924629079875,False,False,4.060443010546419,0.11122168822744172,-0.009685863874345668,1.0,-0.009733076967591507,0.018407882720377782,0.06944716017913577,0.12458726968710185,0.0,0.0,-3.4606833447446e-05,0.0,-0.0008757981853022567,-1.1102230246251565e-16
earlier_diagnostic,STRESS,2017-08-09,12,2017-05-18,23700,True,True,PREDICTION_AVAILABLE,COMPARABLE_SAVED_MODEL_AND_SINGLE_ACTUAL_ENTRY,0.012796689330417055,0.012831268719904587,False,False,4.07753744390572,0.11034046563566746,-0.010471204188481686,1.0,-0.010526412986987381,0.023555692990890175,0.0677011001840695,0.12223749714892546,0.0,0.0,-3.4579389487532364e-05,0.0,-0.0008751036585890049,0.0
earlier_diagnostic,STRESS,2017-08-10,12,2017-05-18,23700,True,True,PREDICTION_AVAILABLE,COMPARABLE_SAVED_MODEL_AND_SINGLE_ACTUAL_ENTRY,0.016730234993007798,0.016764741198602225,False,False,4.0943445622221,0.10799053872426922,-0.012565445026178068,1.0,-0.0026476054650545616,0.011197131115486607,0.06460444243741303,0.11804011067277842,0.0,0.0,-3.450620559442702e-05,0.0,-0.0008732515873537405,-1.1102230246251565e-16
earlier_diagnostic,STRESS,2017-08-11,12,2017-05-18,23700,True,True,PREDICTION_AVAILABLE,COMPARABLE_SAVED_MODEL_AND_SINGLE_ACTUAL_ENTRY,0.012168873228615184,0.012202720779171764,False,False,4.110873864173311,0.0868411965216851,-0.03141361256544506,1.0,-0.015820144931861915,-0.014755465565919428,0.04359108152702729,0.13403072799446464,0.0,0.0,-3.3847550556579536e-05,0.0,-0.000856582946237916,0.0
earlier_diagnostic,STRESS,2018-02-13,13,2018-02-13,37600,True,False,,NOT_COMPARABLE_MULTIPLE_FILLS_OR_OTHER_ENTRY,,,False,False,,,,,,,,,,,,,,
earlier_diagnostic,STRESS,2018-02-14,13,2018-02-13,37600,True,False,,NOT_COMPARABLE_MULTIPLE_FILLS_OR_OTHER_ENTRY,,,False,False,,,,,,,,,,,,,,
earlier_diagnostic,STRESS,2018-02-22,13,2018-02-13,37600,True,False,,NOT_COMPARABLE_MULTIPLE_FILLS_OR_OTHER_ENTRY,,,False,False,,,,,,,,,,,,,,
earlier_diagnostic,STRESS,2018-02-23,13,2018-02-13,37600,True,False,,NOT_COMPARABLE_MULTIPLE_FILLS_OR_OTHER_ENTRY,,,False,False,,,,,,,,,,,,,,
earlier_diagnostic,STRESS,2018-02-26,13,2018-02-13,37600,True,False,,NOT_COMPARABLE_MULTIPLE_FILLS_OR_OTHER_ENTRY,,,False,False,,,,,,,,,,,,,,
earlier_diagnostic,STRESS,2018-02-27,13,2018-02-13,37600,True,False,,NOT_COMPARABLE_MULTIPLE_FILLS_OR_OTHER_ENTRY,,,False,False,,,,,,,,,,,,,,
earlier_diagnostic,STRESS,2018-02-28,13,2018-02-13,37600,True,False,,NOT_COMPARABLE_MULTIPLE_FILLS_OR_OTHER_ENTRY,,,False,False,,,,,,,,,,,,,,
earlier_diagnostic,STRESS,2018-03-01,13,2018-02-13,37600,True,False,,NOT_COMPARABLE_MULTIPLE_FILLS_OR_OTHER_ENTRY,,,False,False,,,,,,,,,,,,,,
earlier_diagnostic,STRESS,2018-03-02,13,2018-02-13,44400,False,False,,NOT_COMPARABLE_MULTIPLE_FILLS_OR_OTHER_ENTRY,,,False,False,,,,,,,,,,,,,,
earlier_diagnostic,STRESS,2018-03-05,13,2018-02-13,44400,False,False,,NOT_COMPARABLE_MULTIPLE_FILLS_OR_OTHER_ENTRY,,,False,False,,,,,,,,,,,,,,
earlier_diagnostic,STRESS,2018-10-09,14,2018-10-09,51800,True,True,PREDICTION_AVAILABLE,COMPARABLE_SAVED_MODEL_AND_SINGLE_ACTUAL_ENTRY,0.034415803787228166,0.03452303227955457,False,False,0.6931471805599453,-0.001592680350294362,-0.001592680350294362,1.0,-0.02972118132747495,-0.010399737171342497,-0.06654058211101777,0.2599135064547942,0.0,0.0,-0.00010722849232640275,0.0,-0.0007958247960319076,-0.0007958247960319076
earlier_diagnostic,STRESS,2018-10-10,14,2018-10-09,51800,True,True,PREDICTION_AVAILABLE,COMPARABLE_SAVED_MODEL_AND_SINGLE_ACTUAL_ENTRY,0.025658930085031686,0.0257660945221058,False,False,1.0986122886681098,-0.0021891004934542213,-0.0021891004934542213,1.0,-0.04127616512888176,-0.02275175698341591,-0.06591323080215783,0.25604404007879533,0.0,0.0,-0.00010716443707411288,0.0,-0.0007953493929279132,-0.0007953493929279132
earlier_diagnostic,STRESS,2018-10-11,14,2018-10-09,51800,True,True,PREDICTION_AVAILABLE,COMPARABLE_SAVED_MODEL_AND_SINGLE_ACTUAL_ENTRY,-0.003772844729918864,-0.0036711890445413013,False,False,1.3862943611198906,-0.053481232805207446,-0.053481232805207446,1.0,-0.08973817469388633,-0.054862845379874105,-0.11250297090609107,0.30411193503912265,1.0,1.0,-0.00010165568537756284,0.0,-0.0007544647259873916,-0.0007544647259873916
earlier_diagnostic,STRESS,2018-10-12,14,2018-10-09,51800,True,True,PREDICTION_AVAILABLE,COMPARABLE_SAVED_MODEL_AND_SINGLE_ACTUAL_ENTRY,-0.0070704888444437074,-0.006966943529123708,False,False,1.6094379124341003,-0.03588683858198982,-0.03588683858198982,1.0,-0.0816355757666403,-0.02775837824990543,-0.09480133740559149,0.3118211505051433,2.0,2.0,-0.0001035453153199993,0.0,-0.0007684891175543385,-0.0007684891175543385
earlier_diagnostic,STRESS,2018-10-15,14,2018-10-09,18300,False,True,,NOT_COMPARABLE_MULTIPLE_FILLS_OR_OTHER_ENTRY,,,False,False,,,,,,,,,,,,,,
earlier_diagnostic,STRESS,2018-10-16,14,2018-10-09,18300,False,True,,NOT_COMPARABLE_MULTIPLE_FILLS_OR_OTHER_ENTRY,,,False,False,,,,,,,,,,,,,,
earlier_diagnostic,STRESS,2018-10-17,14,2018-10-09,18300,False,True,,NOT_COMPARABLE_MULTIPLE_FILLS_OR_OTHER_ENTRY,,,False,False,,,,,,,,,,,,,,
earlier_diagnostic,STRESS,2018-10-18,14,2018-10-09,18300,False,True,,NOT_COMPARABLE_MULTIPLE_FILLS_OR_OTHER_ENTRY,,,False,False,,,,,,,,,,,,,,
earlier_diagnostic,STRESS,2019-02-28,15,2019-02-28,24800,True,True,PREDICTION_AVAILABLE,COMPARABLE_SAVED_MODEL_AND_SINGLE_ACTUAL_ENTRY,0.027221764468228455,0.027303278131965186,False,False,0.6931471805599453,-0.0031213215775491854,-0.0031213215775491854,1.0,0.06455672132139337,0.1480269619767293,0.13617600209603276,0.30655747755312185,0.0,0.0,-8.151366373673058e-05,0.0,-0.0007425546177838305,-0.0007425546177838305
earlier_diagnostic,STRESS,2019-03-01,15,2019-02-28,24800,True,True,PREDICTION_AVAILABLE,COMPARABLE_SAVED_MODEL_AND_SINGLE_ACTUAL_ENTRY,0.019342364190641205,0.01940869765428327,False,False,1.0986122886681098,0.017289789774261877,0.0,1.0,0.058386625057692716,0.1607265607334156,0.15842389445079075,0.30980710619042673,0.0,0.0,-6.6333463642064e-05,0.0,-0.000757758438786782,0.0
earlier_diagnostic,STRESS,2019-03-04,15,2019-02-28,12900,False,True,PREDICTION_AVAILABLE,NOT_COMPARABLE_MULTIPLE_FILLS_OR_OTHER_ENTRY,,-0.006461639034583511,False,False,,,,,,,,,,,,,,
earlier_diagnostic,STRESS,2019-03-05,15,2019-02-28,12900,False,True,PREDICTION_AVAILABLE,NOT_COMPARABLE_MULTIPLE_FILLS_OR_OTHER_ENTRY,,0.0025531193555298716,False,False,,,,,,,,,,,,,,
earlier_diagnostic,STRESS,2019-03-06,15,2019-02-28,12900,False,True,PREDICTION_AVAILABLE,NOT_COMPARABLE_MULTIPLE_FILLS_OR_OTHER_ENTRY,,0.004032906199790892,False,False,,,,,,,,,,,,,,
earlier_diagnostic,STRESS,2019-03-07,15,2019-02-28,12900,False,True,PREDICTION_AVAILABLE,NOT_COMPARABLE_MULTIPLE_FILLS_OR_OTHER_ENTRY,,-0.0007986036539815548,False,False,,,,,,,,,,,,,,
earlier_diagnostic,STRESS,2019-03-08,15,2019-02-28,12900,False,True,PREDICTION_AVAILABLE,NOT_COMPARABLE_MULTIPLE_FILLS_OR_OTHER_ENTRY,,-0.024143691175679414,False,False,,,,,,,,,,,,,,
earlier_diagnostic,STRESS,2019-05-31,16,2019-05-31,9300,True,True,PREDICTION_AVAILABLE,COMPARABLE_SAVED_MODEL_AND_SINGLE_ACTUAL_ENTRY,0.04163063329263572,0.04171249697833612,False,False,0.6931471805599453,-0.004238129213481767,-0.004238129213481767,1.0,0.011631258238859538,-0.07016692504124154,0.03177663449702073,0.2892575560659452,0.0,0.0,-8.18636857004007e-05,0.0,-0.0007457431681879845,-0.0007457431681879845
earlier_diagnostic,STRESS,2019-06-03,16,2019-05-31,9300,True,True,PREDICTION_AVAILABLE,COMPARABLE_SAVED_MODEL_AND_SINGLE_ACTUAL_ENTRY,0.033397490071062436,0.033417598456381266,False,False,1.0986122886681098,-0.002044821128048935,-0.002044821128048935,1.0,0.0019249284095843627,-0.009025085188880854,0.03291255022457018,0.21166877055142844,0.0,0.0,-2.0108385318830246e-05,0.0,-0.0007473857742853474,-0.0007473857742853474
earlier_diagnostic,STRESS,2019-06-04,16,2019-05-31,9300,True,True,PREDICTION_AVAILABLE,COMPARABLE_SAVED_MODEL_AND_SINGLE_ACTUAL_ENTRY,0.026323121107115717,0.026343047191139078,False,False,1.3862943611198906,-0.01109221698045948,-0.01109221698045948,1.0,-0.011850765672998148,-0.027346522247193042,0.02270318050565745,0.21065533855050783,0.0,0.0,-1.9926084023361157e-05,0.0,-0.0007406100241339475,-0.0007406100241339475
earlier_diagnostic,STRESS,2019-06-05,16,2019-05-31,9300,True,True,PREDICTION_AVAILABLE,COMPARABLE_SAVED_MODEL_AND_SINGLE_ACTUAL_ENTRY,0.020649249136401877,0.020669131026171787,False,False,1.6094379124341003,-0.0132855250658922,-0.0132855250658922,1.0,-0.014618933635828406,-0.016533856940175874,0.019624200278815396,0.20634748886975435,0.0,0.0,-1.98818897699099e-05,0.0,-0.0007389674180364736,-0.0007389674180364736
earlier_diagnostic,STRESS,2019-06-06,16,2019-05-31,9300,True,True,PREDICTION_AVAILABLE,COMPARABLE_SAVED_MODEL_AND_SINGLE_ACTUAL_ENTRY,0.014167221980237062,0.014186932617274857,False,False,1.791759469228055,-0.021784593896944537,-0.021784593896944537,1.0,-0.02272195287663721,-0.010871187203638888,0.010077991830088395,0.20257800014541663,0.0,0.0,-1.971063703779495e-05,0.0,-0.0007326023194093034,-0.0007326023194093034
earlier_diagnostic,STRESS,2019-06-10,16,2019-05-31,9300,True,True,PREDICTION_AVAILABLE,COMPARABLE_SAVED_MODEL_AND_SINGLE_ACTUAL_ENTRY,0.02561500793578516,0.025634972689780287,False,False,1.9459101490553132,-0.009173072405705751,-0.009173072405705751,1.0,-0.004968268569010316,-0.02890847611501851,0.022058681485747966,0.17384023825274,0.0,0.0,-1.9964753995127538e-05,0.0,-0.000742047304469029,-0.000742047304469029
earlier_diagnostic,STRESS,2019-06-11,16,2019-05-31,9300,True,True,PREDICTION_AVAILABLE,COMPARABLE_SAVED_MODEL_AND_SINGLE_ACTUAL_ENTRY,0.02591076717844907,0.025992213106389744,False,False,2.0794415416798357,0.02180740430103345,0.0,1.0,0.02361993884847187,0.020328657764399197,0.05264662051910718,0.19647208324221466,0.0,0.0,-8.144592794067512e-05,0.0,-0.0007652491155938357,0.0
earlier_diagnostic,STRESS,2019-06-12,16,2019-05-31,9300,True,True,PREDICTION_AVAILABLE,COMPARABLE_SAVED_MODEL_AND_SINGLE_ACTUAL_ENTRY,0.024561916873176957,0.024642750918643173,False,False,2.1972245773362196,0.014130826002018315,-0.007512744834987983,1.0,0.025186110928914707,0.017728542876337346,0.04337955227845991,0.1976825614724886,0.0,0.0,-8.083404546621598e-05,0.0,-0.0007594999942532876,0.0
earlier_diagnostic,STRESS,2019-06-13,16,2019-05-31,9300,True,True,PREDICTION_AVAILABLE,COMPARABLE_SAVED_MODEL_AND_SINGLE_ACTUAL_ENTRY,0.02859753841042624,0.028678219485273826,False,False,2.302585092994046,0.012211681427264587,-0.009390931043734896,1.0,0.02551228754371189,-0.005402498283348473,0.04010059525832421,0.18298024039095045,0.0,0.0,-8.068107484758558e-05,0.0,-0.0007580627139180951,-1.1102230246251565e-16
earlier_diagnostic,STRESS,2019-06-14,16,2019-05-31,9300,True,True,PREDICTION_AVAILABLE,COMPARABLE_SAVED_MODEL_AND_SINGLE_ACTUAL_ENTRY,0.02948392807144344,0.02956412838148966,False,False,2.3978952727983707,0.006180084192324298,-0.015293801985511113,1.0,0.02818644734871569,-0.016216571589245415,0.03268877987432206,0.18304040128087762,0.0,0.0,-8.020031004622036e-05,0.0,-0.0007535455471503472,0.0
earlier_diagnostic,STRESS,2019-06-17,16,2019-05-31,9300,True,True,PREDICTION_AVAILABLE,COMPARABLE_SAVED_MODEL_AND_SINGLE_ACTUAL_ENTRY,0.022816026975487652,0.022896292844370426,False,False,2.4849066497880004,0.00700257472436161,-0.01448886503890523,1.0,0.0161935746674933,0.007378090581058744,0.03244404567794845,0.1647690166486803,0.0,0.0,-8.026586888277426e-05,0.0,-0.0007541615244368582,0.0
earlier_diagnostic,STRESS,2019-06-18,16,2019-05-31,9300,True,True,PREDICTION_AVAILABLE,COMPARABLE_SAVED_MODEL_AND_SINGLE_ACTUAL_ENTRY,0.009807545833137716,0.009887986525584602,False,False,2.5649493574615367,0.009195882809794664,-0.012342366514622949,1.0,-0.012419166100237336,0.02058532961575837,0.03344916464019909,0.15945166881969866,0.0,0.0,-8.044069244688562e-05,0.0,-0.0007558041305339991,0.0
earlier_diagnostic,STRESS,2019-06-19,16,2019-05-31,9300,True,True,PREDICTION_AVAILABLE,COMPARABLE_SAVED_MODEL_AND_SINGLE_ACTUAL_ENTRY,0.0167804341869328,0.016862054938437607,False,False,2.6390573296152584,0.024000712386466283,0.0,1.0,0.009685305734463655,0.022746715911280607,0.04720922071061717,0.16161401302773112,0.0,0.0,-8.16207515048073e-05,0.0,-0.0007668917216911986,0.0
earlier_diagnostic,STRESS,2019-06-20,16,2019-05-31,9300,True,True,PREDICTION_AVAILABLE,COMPARABLE_SAVED_MODEL_AND_SINGLE_ACTUAL_ENTRY,0.021654345166195375,0.02173832603581599,False,False,2.70805020110221,0.053610371539809965,0.0,1.0,0.04008499494210103,0.05372033027729041,0.07568313233577517,0.18738657431547387,0.0,0.0,-8.398086962061596e-05,0.0,-0.0007890669040051534,0.0
earlier_diagnostic,STRESS,2019-06-21,16,2019-05-31,9300,True,True,PREDICTION_AVAILABLE,COMPARABLE_SAVED_MODEL_AND_SINGLE_ACTUAL_ENTRY,0.022901548393184964,0.02298568223342417,False,False,2.772588722239781,0.05552951611456369,0.0,1.0,0.04788148623321384,0.07159365318700846,0.07573974369833159,0.1745806359332788,0.0,0.0,-8.413384023920473e-05,0.0,-0.0007905041843401239,0.0
earlier_diagnostic,STRESS,2019-06-24,16,2019-05-31,9300,True,True,PREDICTION_AVAILABLE,COMPARABLE_SAVED_MODEL_AND_SINGLE_ACTUAL_ENTRY,0.02238997312448361,0.022474238082395945,False,False,2.833213344056216,0.057174497178638095,0.0,1.0,0.04862160991076883,0.07147817424811147,0.07544580781808619,0.17459773175860419,0.0,0.0,-8.426495791233335e-05,0.0,-0.0007917361389133681,0.0
earlier_diagnostic,STRESS,2019-06-25,16,2019-05-31,9300,True,True,PREDICTION_AVAILABLE,COMPARABLE_SAVED_MODEL_AND_SINGLE_ACTUAL_ENTRY,0.019359347913480623,0.0194427606065178,False,False,2.8903717578961645,0.04648212026215304,-0.010114107883817391,1.0,0.03628031936620848,0.04940602052402749,0.06262704898673555,0.1780373015312115,0.0,0.0,-8.341269303717772e-05,0.0,-0.0007837284341889461,-1.1102230246251565e-16
earlier_diagnostic,STRESS,2019-06-26,16,2019-05-31,9300,True,True,PREDICTION_AVAILABLE,COMPARABLE_SAVED_MODEL_AND_SINGLE_ACTUAL_ENTRY,0.013873434076397649,0.013956868622380332,False,False,2.9444389791664403,0.04675628377283236,-0.009854771784232219,1.0,0.021978906718775146,0.044999557709155466,0.06098484420351169,0.17802267257633217,0.0,0.0,-8.343454598268296e-05,0.0,-0.0007839337599508944,0.0
earlier_diagnostic,STRESS,2019-06-27,16,2019-05-31,9300,True,True,PREDICTION_AVAILABLE,COMPARABLE_SAVED_MODEL_AND_SINGLE_ACTUAL_ENTRY,0.005103317600830142,0.00518766997052452,False,False,2.995732273553991,0.05827115122135473,0.0,1.0,0.004413871894032568,0.05539222074401719,0.07057142523815618,0.180399146864077,0.0,0.0,-8.435236969437775e-05,0.0,-0.0007925574419618275,0.0
earlier_diagnostic,STRESS,2019-06-28,16,2019-05-31,9300,True,True,PREDICTION_AVAILABLE,COMPARABLE_SAVED_MODEL_AND_SINGLE_ACTUAL_ENTRY,0.00350057496134173,0.003584905478090591,False,False,3.044522437723423,0.05799698771067563,-0.0002590673575130209,1.0,0.002334934255788922,0.05568091496108136,0.06817924399728703,0.1803329755186095,0.0,0.0,-8.433051674886123e-05,0.0,-0.0007923521161996572,0.0
earlier_diagnostic,STRESS,2019-07-01,16,2019-05-31,9300,True,True,PREDICTION_AVAILABLE,COMPARABLE_SAVED_MODEL_AND_SINGLE_ACTUAL_ENTRY,0.007706028497429773,0.007792435044002713,False,False,3.091042453358316,0.08404252122519096,0.0,1.0,0.025097348000126054,0.08494426400937798,0.09206098519425732,0.19294327308816897,0.0,0.0,-8.640654657294036e-05,0.0,-0.0008118580636053974,0.0
earlier_diagnostic,STRESS,2019-07-02,16,2019-05-31,9300,True,True,PREDICTION_AVAILABLE,COMPARABLE_SAVED_MODEL_AND_SINGLE_ACTUAL_ENTRY,0.011570977458351672,0.011657515122597713,False,False,3.1354942159291497,0.08568750228926558,0.0,1.0,0.03677925150329652,0.08426034361773964,0.09131284024654907,0.19305411723462124,0.0,0.0,-8.653766424604123e-05,0.0,-0.0008130900181784195,0.0
earlier_diagnostic,STRESS,2019-07-03,16,2019-05-31,9300,True,True,PREDICTION_AVAILABLE,COMPARABLE_SAVED_MODEL_AND_SINGLE_ACTUAL_ENTRY,0.007341298194875533,0.007427114711919534,False,False,3.1780538303479458,0.07664010643685493,-0.008333333333333415,1.0,0.02814905029231677,0.08499937367447039,0.07982343891639854,0.19242416431964762,0.0,0.0,-8.581651704400121e-05,0.0,-0.0008063142680270197,0.0
earlier_diagnostic,STRESS,2019-07-04,16,2019-05-31,9300,True,True,PREDICTION_AVAILABLE,COMPARABLE_SAVED_MODEL_AND_SINGLE_ACTUAL_ENTRY,0.000214736764605648,0.00029998510506622743,False,False,3.2188758248682006,0.069511855159198,-0.014898989898989967,1.0,0.010565747047779944,0.08057690142762554,0.07036897891370897,0.1949259428584849,0.0,0.0,-8.524834046057944e-05,0.0,-0.0008009757982108123,0.0
