model,period,cost,cycle,entry_date,entry_origin,buy_debit,gross_price_profit,commission,slippage,dividend_recognized,held_closes,buy_trades,sell_trades,exit_date,exit_origin,terminal_exit,net_profit,cycle_net_return
ADD_GATE_EXPOSURE_105,evaluation,BASE,1,2020-01-02,2019-12-31,178973.98764,-1345.3999999999942,71.25412,260.40000000000987,0.0,14,1,1,2020-01-22,2020-01-21,False,-1677.054120000004,-0.009370379137851811
ADD_GATE_EXPOSURE_105,evaluation,BASE,2,2020-02-05,2020-02-04,131400.47484,10013.10000000002,54.51760000000001,173.5000000000117,0.0,19,1,2,2020-03-03,2020-03-02,False,9785.08240000001,0.07446763348393398
ADD_GATE_EXPOSURE_105,evaluation,BASE,3,2020-03-23,2020-03-20,4963.8,308.0,10.0,5.600000000000005,0.0,10,1,1,2020-04-07,2020-04-03,False,292.4,0.05890648293645996
ADD_GATE_EXPOSURE_105,evaluation,BASE,4,2020-07-01,2020-06-30,204783.14844000002,25002.29999999999,86.83914000000001,291.000000000011,0.0,5,2,1,2020-07-08,2020-07-07,False,24624.460859999977,0.12024651953827523
ADD_GATE_EXPOSURE_105,evaluation,BASE,5,2020-08-19,2020-08-18,80858.1684,-2423.5999999999913,31.832160000000002,99.60000000000377,0.0,31,1,1,2020-10-09,2020-09-30,False,-2555.032159999995,-0.03159893688613401
ADD_GATE_EXPOSURE_105,evaluation,BASE,6,2020-12-15,2020-12-14,230092.00920000003,24243.0,96.8118,276.00000000001046,1907.9999999999998,25,1,2,2021-01-20,2021-01-19,False,25778.18819999999,0.11203426094468641
ADD_GATE_EXPOSURE_105,evaluation,BASE,7,2021-02-03,2021-02-02,44510.30028,2033.0999999999985,18.19746,48.60000000000184,0.0,7,1,1,2021-02-19,2021-02-18,False,1966.3025399999965,0.04417634856719947
ADD_GATE_EXPOSURE_105,evaluation,BASE,8,2021-03-11,2021-03-10,6540.1,-153.40000000000055,10.0,7.799999999999141,0.0,10,1,1,2021-03-25,2021-03-24,False,-171.19999999999968,-0.026176969771104366
ADD_GATE_EXPOSURE_105,evaluation,BASE,9,2021-06-08,2021-06-07,232445.3042,-2341.999999999971,98.22200000000001,264.00000000001,0.0,31,2,2,2021-07-22,2021-07-21,False,-2704.221999999981,-0.011633799225615766
ADD_GATE_EXPOSURE_105,evaluation,BASE,10,2021-07-29,2021-07-28,254954.9808,8372.0,103.5736,311.99999999996567,0.0,10,1,1,2021-08-12,2021-08-11,False,7956.426400000035,0.03120718165628414
ADD_GATE_EXPOSURE_105,evaluation,BASE,11,2021-10-29,2021-10-28,336727.8321,6099.299999999988,135.8033,403.7999999999728,0.0,32,3,2,2021-12-14,2021-12-13,False,5559.696700000016,0.01651095089267501
ADD_GATE_EXPOSURE_105,evaluation,BASE,12,2022-01-10,2022-01-07,6852.4,-179.19999999999982,10.0,8.400000000000318,105.0,10,1,1,2022-01-24,2022-01-21,False,-92.60000000000014,-0.013513513513513533
ADD_GATE_EXPOSURE_105,evaluation,BASE,13,2022-01-27,2022-01-26,6579.4,-123.19999999999891,10.0,8.400000000000318,0.0,10,1,1,2022-02-17,2022-02-16,False,-141.59999999999923,-0.021521719305711652
ADD_GATE_EXPOSURE_105,evaluation,BASE,14,2022-03-11,2022-03-10,6774.599999999999,-308.7999999999993,10.0,9.600000000000364,0.0,3,1,1,2022-03-16,2022-03-15,False,-328.39999999999964,-0.04847518672689158
ADD_GATE_EXPOSURE_105,evaluation,BASE,15,2022-04-25,2022-04-22,6714.900000000001,17.0,10.0,6.800000000000006,0.0,10,1,1,2022-05-12,2022-05-11,False,0.19999999999999396,2.978450907682824e-05
ADD_GATE_EXPOSURE_105,evaluation,BASE,16,2022-05-13,2022-05-12,475732.52748000005,5245.299999999988,191.16806,679.7999999999779,0.0,20,3,2,2022-06-13,2022-06-10,False,4374.331940000011,0.009194939776708686
ADD_GATE_EXPOSURE_105,evaluation,BASE,17,2022-08-05,2022-08-04,257319.3388,-5095.6999999999825,105.39992,363.00000000001376,0.0,21,2,2,2022-09-05,2022-09-02,False,-5564.099919999996,-0.021623325887389525
ADD_GATE_EXPOSURE_105,evaluation,BASE,18,2022-09-21,2022-09-20,6774.400000000001,-328.10000000000036,10.0,6.800000000000006,0.0,10,1,1,2022-10-12,2022-10-11,False,-344.9000000000004,-0.05091225791213987
ADD_GATE_EXPOSURE_105,evaluation,BASE,19,2022-10-27,2022-10-26,6738.8,127.80000000000018,10.0,7.200000000000006,0.0,7,1,1,2022-11-07,2022-11-04,False,110.60000000000018,0.016412417641123073
ADD_GATE_EXPOSURE_105,evaluation,BASE,20,2023-01-17,2023-01-16,206926.77708,-1097.7999999999593,82.47472,299.40000000001135,0.0,2,1,1,2023-01-19,2023-01-18,False,-1479.6747199999704,-0.007150716504070003
ADD_GATE_EXPOSURE_105,evaluation,BASE,21,2023-04-03,2023-03-31,265119.21324,1896.5999999999767,106.32732000000001,392.3999999999568,0.0,7,1,1,2023-04-13,2023-04-12,False,1397.87268000002,0.0052726192980008255
ADD_GATE_EXPOSURE_105,evaluation,BASE,22,2023-05-29,2023-05-26,6953.0,-32.400000000000546,10.0,7.199999999999207,0.0,10,1,1,2023-06-12,2023-06-09,False,-49.59999999999975,-0.00713361139076654
ADD_GATE_EXPOSURE_105,evaluation,BASE,23,2023-08-23,2023-08-22,6866.6,180.0,10.0,7.200000000000806,0.0,9,1,1,2023-09-05,2023-09-04,False,162.7999999999992,0.02370896804823336
ADD_GATE_EXPOSURE_105,evaluation,BASE,24,2023-10-18,2023-10-17,6666.8,-34.19999999999982,10.0,7.200000000000806,0.0,10,1,1,2023-11-01,2023-10-31,False,-51.400000000000624,-0.0077098458030840315
ADD_GATE_EXPOSURE_105,evaluation,BASE,25,2023-11-29,2023-11-28,6822.2,-197.59999999999945,10.0,7.6000000000008505,0.0,10,1,1,2023-12-13,2023-12-12,False,-215.2000000000003,-0.0315440766908036
ADD_GATE_EXPOSURE_105,evaluation,BASE,26,2024-02-19,2024-02-08,251272.34442,4063.0999999999767,101.24274000000001,293.59999999998854,0.0,5,2,1,2024-02-26,2024-02-23,False,3668.257259999988,0.014598730586397208
ADD_GATE_EXPOSURE_105,evaluation,BASE,27,2024-03-05,2024-03-04,269456.08044,6894.0,109.07840000000002,306.39999999996627,0.0,54,1,1,2024-05-27,2024-05-24,False,6478.521600000034,0.024042959392199026
ADD_GATE_EXPOSURE_105,evaluation,BASE,28,2024-06-04,2024-06-03,143766.71208,3939.399999999994,61.81372,165.60000000000016,0.0,32,2,1,2024-07-19,2024-07-18,False,3711.9862799999937,0.025819511528749665
ADD_GATE_EXPOSURE_105,evaluation,BASE,29,2024-08-02,2024-08-01,237886.96788,-4053.3000000000175,94.27014000000001,274.80000000000024,0.0,3,1,1,2024-08-07,2024-08-06,False,-4422.370140000017,-0.018590216098894677
ADD_GATE_EXPOSURE_105,evaluation,BASE,30,2024-08-28,2024-08-27,275547.49847999995,-10185.2,111.72703999999999,326.79999999999933,0.0,15,1,2,2024-09-20,2024-09-19,False,-10623.72704,-0.038554975452884034
ADD_GATE_EXPOSURE_105,evaluation,BASE,31,2024-09-25,2024-09-24,265369.0632,88692.0,123.78880000000001,379.99999999995816,0.0,4,1,1,2024-10-08,2024-09-30,False,88188.21120000005,0.33232287945160915
ADD_GATE_EXPOSURE_105,evaluation,BASE,32,2024-10-09,2024-10-08,121374.67008000001,-6933.5,47.1195,169.80000000000643,0.0,10,1,1,2024-10-23,2024-10-22,False,-7150.419500000006,-0.05891195827998584
ADD_GATE_EXPOSURE_105,evaluation,BASE,33,2025-01-08,2025-01-07,8910.6,105.79999999999927,10.0,9.199999999998987,0.0,10,1,1,2025-01-22,2025-01-21,False,86.60000000000028,0.00971876192400066
ADD_GATE_EXPOSURE_105,evaluation,BASE,34,2025-04-09,2025-04-08,346014.28902,14490.100000000035,141.20182,371.20000000004154,0.0,11,2,1,2025-04-24,2025-04-23,False,13977.698179999994,0.040396303342235866
ADD_GATE_EXPOSURE_105,evaluation,BASE,35,2025-06-03,2025-05-30,362290.24356,19262.79999999999,148.64452,475.80000000001866,1795.1999999999998,41,3,1,2025-07-30,2025-07-29,False,20433.55547999997,0.05640106473531327
ADD_GATE_EXPOSURE_105,evaluation,BASE,36,2025-09-05,2025-09-04,380362.25724,15542.799999999988,155.12056,512.3999999999436,0.0,7,1,1,2025-09-16,2025-09-15,False,14875.279440000046,0.03910819003951299
ADD_GATE_EXPOSURE_105,evaluation,BASE,37,2025-11-26,2025-11-25,10131.6,244.20000000000073,10.0,13.2000000000005,0.0,8,1,1,2025-12-08,2025-12-05,False,221.00000000000023,0.02181294168739392
ADD_GATE_EXPOSURE_105,evaluation,BASE,38,2025-12-19,2025-12-18,319444.47611999995,4004.899999999994,128.47138,409.1999999999712,6137.7,35,1,3,2026-02-10,2026-02-09,False,9604.928620000022,0.030067599655070925
ADD_GATE_EXPOSURE_105,evaluation,BASE,39,2026-03-25,2026-03-24,10384.9,144.90000000000146,10.0,13.800000000000523,0.0,10,1,1,2026-04-09,2026-04-08,False,121.10000000000093,0.011661161879267103
ADD_GATE_EXPOSURE_105,evaluation,BASE,40,2026-05-06,2026-04-30,392519.88827999996,-1853.7999999999884,156.50908,483.6000000000183,0.0,9,1,1,2026-05-19,2026-05-18,False,-2493.9090800000067,-0.00635358654290914
ADD_GATE_EXPOSURE_105,evaluation,BASE,41,2026-06-05,2026-06-04,401881.96031999995,3153.399999999965,161.25316,490.79999999999364,0.0,12,1,2,2026-06-24,2026-06-23,False,2501.346839999971,0.006224083405008437
ADD_GATE_EXPOSURE_105,evaluation,BASE,42,2026-07-21,2026-07-20,350611.54850000003,-4914.800000000023,145.05300000000005,448.1999999999526,0.0,10,2,2,2026-08-04,2026-08-03,False,-5508.052999999975,-0.01570984476570935
ADD_GATE_EXPOSURE_105,evaluation,BASE,43,2026-08-07,2026-08-06,305675.22282,2011.899999999965,122.57014000000001,389.40000000001476,0.0,5,1,1,2026-08-14,2026-08-13,True,1499.9298599999502,0.004906939614412907
ADD_GATE_EXPOSURE_105,evaluation,STRESS,1,2020-01-02,2019-12-31,179096.61,-1345.3999999999942,142.50824,433.99999999999073,0.0,14,1,1,2020-01-22,2020-01-21,False,-1921.908239999985,-0.010731125731525489
ADD_GATE_EXPOSURE_105,evaluation,STRESS,2,2020-02-05,2020-02-04,131117.22592,9985.800000000017,108.72160000000002,311.4000000000118,0.0,19,1,2,2020-03-03,2020-03-02,False,9565.678400000004,0.0729551615577683
ADD_GATE_EXPOSURE_105,evaluation,STRESS,3,2020-03-23,2020-03-20,4966.6,308.0,10.0,11.199999999999388,0.0,10,1,1,2020-04-07,2020-04-03,False,286.80000000000064,0.05774574155357803
ADD_GATE_EXPOSURE_105,evaluation,STRESS,4,2020-07-01,2020-06-30,204501.768,24947.600000000006,173.32144,484.000000000006,0.0,5,2,1,2020-07-08,2020-07-07,False,24290.27856,0.11877784137298998
ADD_GATE_EXPOSURE_105,evaluation,STRESS,5,2020-08-19,2020-08-18,80420.1552,-2409.0,63.2808,164.99999999999648,0.0,31,1,1,2020-10-09,2020-09-30,False,-2637.2807999999964,-0.03279377904010805
ADD_GATE_EXPOSURE_105,evaluation,STRESS,6,2020-12-15,2020-12-14,229229.05496,24134.399999999965,192.76216,503.8000000000055,1900.8,25,1,2,2021-01-20,2021-01-19,False,25338.63783999996,0.11053850849937631
ADD_GATE_EXPOSURE_105,evaluation,STRESS,7,2021-02-03,2021-02-02,44543.510279999995,2033.0999999999985,36.39492,97.20000000000368,0.0,7,1,1,2021-02-19,2021-02-18,False,1899.505079999995,0.04264381204040112
ADD_GATE_EXPOSURE_105,evaluation,STRESS,8,2021-03-11,2021-03-10,6544.0,-153.40000000000055,10.0,14.300000000000157,0.0,10,1,1,2021-03-25,2021-03-24,False,-177.7000000000007,-0.027154645476772724
ADD_GATE_EXPOSURE_105,evaluation,STRESS,9,2021-06-08,2021-06-07,231564.78887999998,-2331.600000000006,186.95528000000002,525.6000000000199,0.0,31,2,2,2021-07-22,2021-07-21,False,-3044.155280000026,-0.013146019715361598
ADD_GATE_EXPOSURE_105,evaluation,STRESS,10,2021-07-29,2021-07-28,253147.61856,8307.599999999977,205.53312,567.5999999999603,0.0,10,1,1,2021-08-12,2021-08-11,False,7534.466880000016,0.029763135528822794
ADD_GATE_EXPOSURE_105,evaluation,STRESS,11,2021-10-29,2021-10-28,332924.1164,6073.499999999971,268.3698,730.9999999999761,0.0,32,3,2,2021-12-14,2021-12-13,False,5074.130199999994,0.015241101350265516
ADD_GATE_EXPOSURE_105,evaluation,STRESS,12,2022-01-10,2022-01-07,6855.2,-179.19999999999982,10.0,13.999999999999702,105.0,10,1,1,2022-01-24,2022-01-21,False,-98.19999999999952,-0.014324892052748209
ADD_GATE_EXPOSURE_105,evaluation,STRESS,13,2022-01-27,2022-01-26,6582.200000000001,-123.19999999999891,10.0,14.000000000000945,0.0,10,1,1,2022-02-17,2022-02-16,False,-147.19999999999985,-0.022363343562942454
ADD_GATE_EXPOSURE_105,evaluation,STRESS,14,2022-03-11,2022-03-10,6777.799999999999,-308.7999999999993,10.0,15.999999999999659,0.0,3,1,1,2022-03-16,2022-03-15,False,-334.79999999999893,-0.04939655935554294
ADD_GATE_EXPOSURE_105,evaluation,STRESS,15,2022-04-25,2022-04-22,6718.3,17.0,10.0,13.600000000000767,0.0,10,1,1,2022-05-12,2022-05-11,False,-6.600000000000767,-0.0009823913787715295
ADD_GATE_EXPOSURE_105,evaluation,STRESS,16,2022-05-13,2022-05-12,471120.3728,5203.200000000012,378.37428,1131.5000000000182,0.0,20,3,2,2022-06-13,2022-06-10,False,3693.3257199999935,0.007839452363415165
ADD_GATE_EXPOSURE_105,evaluation,STRESS,17,2022-08-05,2022-08-04,254519.10296,-5033.399999999994,203.6164,597.9999999999887,0.0,21,2,2,2022-09-05,2022-09-02,False,-5835.016399999983,-0.02292565207145575
ADD_GATE_EXPOSURE_105,evaluation,STRESS,18,2022-09-21,2022-09-20,6777.8,-328.10000000000036,10.0,13.600000000000012,0.0,10,1,1,2022-10-12,2022-10-11,False,-351.7000000000004,-0.05188999380329906
ADD_GATE_EXPOSURE_105,evaluation,STRESS,19,2022-10-27,2022-10-26,6742.4,127.80000000000018,10.0,14.400000000000013,0.0,7,1,1,2022-11-07,2022-11-04,False,103.40000000000018,0.015335785476981518
ADD_GATE_EXPOSURE_105,evaluation,STRESS,20,2023-01-17,2023-01-16,204163.23263999997,-1082.399999999965,162.63551999999999,492.0000000000332,0.0,2,1,1,2023-01-19,2023-01-18,False,-1737.0355199999983,-0.008508072180963673
ADD_GATE_EXPOSURE_105,evaluation,STRESS,21,2023-04-03,2023-03-31,261246.45679999999,1867.5999999999767,209.40303999999998,643.9999999999862,0.0,7,1,1,2023-04-13,2023-04-12,False,1014.1969599999906,0.0038821462783566853
ADD_GATE_EXPOSURE_105,evaluation,STRESS,22,2023-05-29,2023-05-26,6570.400000000001,-30.600000000000364,10.0,13.599999999999257,0.0,10,1,1,2023-06-12,2023-06-09,False,-54.19999999999962,-0.008249117253135214
ADD_GATE_EXPOSURE_105,evaluation,STRESS,23,2023-08-23,2023-08-22,6488.8,170.0,10.0,13.600000000000012,0.0,9,1,1,2023-09-05,2023-09-04,False,146.39999999999998,0.022561952903464428
ADD_GATE_EXPOSURE_105,evaluation,STRESS,24,2023-10-18,2023-10-17,6670.400000000001,-34.19999999999982,10.0,14.400000000000812,0.0,10,1,1,2023-11-01,2023-10-31,False,-58.600000000000634,-0.008785080355001293
ADD_GATE_EXPOSURE_105,evaluation,STRESS,25,2023-11-29,2023-11-28,6826.0,-197.59999999999945,10.0,15.200000000000014,0.0,10,1,1,2023-12-13,2023-12-12,False,-222.79999999999947,-0.03263990624084376
ADD_GATE_EXPOSURE_105,evaluation,STRESS,26,2024-02-19,2024-02-08,247010.56472000002,3996.1999999999825,198.89720000000003,576.8000000000005,0.0,5,2,1,2024-02-26,2024-02-23,False,3220.502799999982,0.01303791521488402
ADD_GATE_EXPOSURE_105,evaluation,STRESS,27,2024-03-05,2024-03-04,264734.65152,6768.0,214.1696,601.6000000000006,0.0,54,1,1,2024-05-27,2024-05-24,False,5952.2303999999995,0.022483760119140748
ADD_GATE_EXPOSURE_105,evaluation,STRESS,28,2024-06-04,2024-06-03,140742.44592,3860.600000000006,116.23411999999999,324.0000000000003,0.0,32,2,1,2024-07-19,2024-07-18,False,3420.3658800000053,0.024302305233093575
ADD_GATE_EXPOSURE_105,evaluation,STRESS,29,2024-08-02,2024-08-01,232180.8352,-3953.0,183.87480000000002,535.9999999999707,0.0,3,1,1,2024-08-07,2024-08-06,False,-4672.8747999999705,-0.020126014259423123
ADD_GATE_EXPOSURE_105,evaluation,STRESS,30,2024-08-28,2024-08-27,270027.968,-9974.0,214.0872,640.0000000000006,0.0,15,1,2,2024-09-20,2024-09-19,False,-10828.0872,-0.04009987291390498
ADD_GATE_EXPOSURE_105,evaluation,STRESS,31,2024-09-25,2024-09-24,259284.27224000002,86591.39999999997,241.71392000000003,667.7999999999923,0.0,4,1,1,2024-10-08,2024-09-30,False,85681.88607999998,0.3304553929931033
ADD_GATE_EXPOSURE_105,evaluation,STRESS,32,2024-10-09,2024-10-08,118451.3616,-6762.0,91.90800000000002,275.9999999999941,0.0,10,1,1,2024-10-23,2024-10-22,False,-7129.907999999994,-0.060192706134329435
ADD_GATE_EXPOSURE_105,evaluation,STRESS,33,2025-01-08,2025-01-07,8527.800000000001,101.20000000000073,10.0,17.600000000000016,0.0,10,1,1,2025-01-22,2025-01-21,False,73.6000000000007,0.008630596402354734
ADD_GATE_EXPOSURE_105,evaluation,STRESS,34,2025-04-09,2025-04-08,337689.0216,14129.0,275.40520000000004,724.00000000003,0.0,11,2,1,2025-04-24,2025-04-23,False,13129.59479999997,0.03888072741539185
ADD_GATE_EXPOSURE_105,evaluation,STRESS,35,2025-06-03,2025-05-30,352890.0996,19178.50000000006,289.54512,813.7000000000085,1856.8,41,3,1,2025-07-30,2025-07-29,False,19932.05488000005,0.0564823294917964
ADD_GATE_EXPOSURE_105,evaluation,STRESS,36,2025-09-05,2025-09-04,370804.2624,15142.399999999965,302.24896,831.9999999999823,0.0,7,1,1,2025-09-16,2025-09-15,False,14008.151039999982,0.0377777508525209
ADD_GATE_EXPOSURE_105,evaluation,STRESS,37,2025-11-26,2025-11-25,9675.5,233.10000000000036,10.0,21.000000000001418,0.0,8,1,1,2025-12-08,2025-12-05,False,202.09999999999894,0.020887809415533972
ADD_GATE_EXPOSURE_105,evaluation,STRESS,38,2025-12-19,2025-12-18,310739.74620000005,3866.399999999994,249.77376000000004,663.0000000000448,5977.8,35,1,3,2026-02-10,2026-02-09,False,8931.426239999948,0.02874246487364849
ADD_GATE_EXPOSURE_105,evaluation,STRESS,39,2026-03-25,2026-03-24,10389.5,144.90000000000146,10.0,22.99999999999951,0.0,10,1,1,2026-04-09,2026-04-08,False,111.90000000000194,0.010770489436450448
ADD_GATE_EXPOSURE_105,evaluation,STRESS,40,2026-05-06,2026-04-30,381551.85972000007,-1800.899999999965,304.08588000000003,783.0000000000529,0.0,9,1,1,2026-05-19,2026-05-18,False,-2887.985880000018,-0.007569052034287952
ADD_GATE_EXPOSURE_105,evaluation,STRESS,41,2026-06-05,2026-06-04,390327.66864,3067.600000000006,313.04672,793.9999999999831,0.0,12,1,2,2026-06-24,2026-06-23,False,1960.5532800000228,0.005022839623004653
ADD_GATE_EXPOSURE_105,evaluation,STRESS,42,2026-07-21,2026-07-20,339086.86000000004,-4749.200000000057,270.97676,721.9999999999866,0.0,10,2,2,2026-08-04,2026-08-03,False,-5742.176760000043,-0.016934235552507233
ADD_GATE_EXPOSURE_105,evaluation,STRESS,43,2026-08-07,2026-08-06,295969.14032000006,1946.7999999999884,237.20816000000002,627.9999999999866,0.0,5,1,1,2026-08-14,2026-08-13,True,1081.5918400000016,0.0036544074792074304
ADD_GATE_EXPOSURE_105,earlier_diagnostic,BASE,1,2015-01-05,2014-12-31,229068.00444,37620.8,99.07136,308.4000000000051,941.5000000000001,88,3,4,2015-05-18,2015-05-15,False,38154.82863999999,0.16656550849725468
ADD_GATE_EXPOSURE_105,earlier_diagnostic,BASE,2,2015-06-03,2015-06-02,45408.279839999996,-6274.4000000000015,16.89424,52.799999999994185,0.0,17,1,1,2015-06-29,2015-06-26,False,-6344.094239999995,-0.1397122785173532
ADD_GATE_EXPOSURE_105,earlier_diagnostic,BASE,3,2015-08-27,2015-08-26,5942.5,522.4999999999991,10.0,7.600000000000007,0.0,10,1,1,2015-09-14,2015-09-11,False,504.89999999999907,0.08496424063946136
ADD_GATE_EXPOSURE_105,earlier_diagnostic,BASE,4,2015-09-29,2015-09-28,216513.09395999997,26554.599999999977,91.84636,262.3999999999931,0.0,61,2,3,2015-12-30,2015-12-29,False,26200.353639999983,0.12101048098661601
ADD_GATE_EXPOSURE_105,earlier_diagnostic,BASE,5,2016-01-13,2016-01-12,6575.0,-666.0,10.0,8.000000000000895,102.0,10,1,1,2016-01-27,2016-01-26,False,-582.0000000000009,-0.08851711026615984
ADD_GATE_EXPOSURE_105,earlier_diagnostic,BASE,6,2016-05-03,2016-04-29,217066.70466000002,4039.600000000006,87.56228000000002,274.80000000002326,0.0,61,1,2,2016-07-29,2016-07-28,False,3677.2377199999823,0.016940588496793103
ADD_GATE_EXPOSURE_105,earlier_diagnostic,BASE,7,2016-09-07,2016-09-06,261522.59406,-3451.5,103.83646000000002,306.80000000003434,0.0,17,1,1,2016-10-11,2016-10-10,False,-3862.1364600000343,-0.014767888311454883
ADD_GATE_EXPOSURE_105,earlier_diagnostic,BASE,8,2017-02-13,2017-02-10,257467.08312,1809.6000000000058,103.26784,301.60000000000025,0.0,11,1,1,2017-02-28,2017-02-27,False,1404.7321600000055,0.005455967974536339
ADD_GATE_EXPOSURE_105,earlier_diagnostic,BASE,9,2017-05-10,2017-05-09,6707.0,162.0,10.0,8.000000000000007,0.0,5,1,1,2017-05-17,2017-05-16,False,144.0,0.021470105859549723
ADD_GATE_EXPOSURE_105,earlier_diagnostic,BASE,10,2017-05-18,2017-05-17,245261.14242000002,27185.20000000001,103.4642,288.40000000000026,0.0,61,1,2,2017-08-15,2017-08-14,False,26793.33580000001,0.10924411235970467
ADD_GATE_EXPOSURE_105,earlier_diagnostic,BASE,11,2017-10-23,2017-10-20,286068.50226,7277.600000000006,115.78834,358.4999999999924,0.0,49,1,2,2017-12-29,2017-12-28,False,6803.311660000013,0.02378210675503403
ADD_GATE_EXPOSURE_105,earlier_diagnostic,BASE,12,2018-01-12,2018-01-11,234812.55312,5685.599999999977,94.97712000000001,331.19999999996355,2539.2,7,1,1,2018-01-23,2018-01-22,False,7798.622880000014,0.03321212080179785
ADD_GATE_EXPOSURE_105,earlier_diagnostic,BASE,13,2018-02-13,2018-02-12,226171.52526,8828.100000000035,92.15844000000001,288.50000000001944,0.0,11,1,1,2018-03-07,2018-03-06,False,8447.441560000016,0.03734971301223304
ADD_GATE_EXPOSURE_105,earlier_diagnostic,BASE,14,2018-03-28,2018-03-27,7757.0,82.0,10.0,7.999999999999119,0.0,10,1,1,2018-04-13,2018-04-12,False,64.00000000000088,0.008250612350135475
ADD_GATE_EXPOSURE_105,earlier_diagnostic,BASE,15,2018-04-19,2018-04-18,7915.7,23.099999999999454,10.0,8.399999999999075,0.0,10,1,1,2018-05-07,2018-05-04,False,4.700000000000379,0.0005937567113458544
ADD_GATE_EXPOSURE_105,earlier_diagnostic,BASE,16,2018-06-25,2018-06-22,8035.0,-435.60000000000036,10.0,8.800000000000008,0.0,3,1,1,2018-06-28,2018-06-27,False,-454.4000000000004,-0.05655258245177354
ADD_GATE_EXPOSURE_105,earlier_diagnostic,BASE,17,2018-10-09,2018-10-08,224841.65934,-3010.2999999999884,89.26205999999999,272.80000000000024,0.0,9,2,1,2018-10-22,2018-10-19,False,-3372.3620599999886,-0.014998831043585147
ADD_GATE_EXPOSURE_105,earlier_diagnostic,BASE,18,2018-12-25,2018-12-24,7677.5,155.0,10.0,9.999999999998899,0.0,10,1,1,2019-01-10,2019-01-09,False,135.0000000000011,0.017583848909150258
ADD_GATE_EXPOSURE_105,earlier_diagnostic,BASE,19,2019-02-28,2019-02-27,299999.68794000003,9685.900000000023,121.84842000000002,323.2000000000003,0.0,5,2,1,2019-03-07,2019-03-06,False,9240.851580000022,0.03080287064114611
ADD_GATE_EXPOSURE_105,earlier_diagnostic,BASE,20,2019-04-30,2019-04-29,8174.0,-420.0,10.0,8.40000000000094,0.0,2,1,1,2019-05-07,2019-05-06,False,-438.40000000000094,-0.05363347198434071
ADD_GATE_EXPOSURE_105,earlier_diagnostic,BASE,21,2019-05-31,2019-05-30,294494.08704,12362.400000000023,120.18192000000002,323.2000000000003,0.0,17,1,1,2019-06-26,2019-06-25,False,11919.018080000022,0.040472860422427114
ADD_GATE_EXPOSURE_105,earlier_diagnostic,BASE,22,2019-08-20,2019-08-19,312155.4186,4779.0,125.72820000000002,324.00000000003627,0.0,28,1,1,2019-09-30,2019-09-27,False,4329.271799999964,0.013868962516865835
ADD_GATE_EXPOSURE_105,earlier_diagnostic,BASE,23,2019-11-12,2019-11-11,330267.24024,-1332.8000000000466,131.74728000000002,333.2000000000003,0.0,20,1,1,2019-12-10,2019-12-09,False,-1797.7472800000469,-0.005443310934180611
ADD_GATE_EXPOSURE_105,earlier_diagnostic,BASE,24,2019-12-30,2019-12-27,328001.78724000003,5153.399999999965,132.10700000000003,490.8000000000186,0.0,1,1,1,2019-12-31,2019-12-30,True,4530.492999999947,0.013812403396097867
ADD_GATE_EXPOSURE_105,earlier_diagnostic,STRESS,1,2015-01-05,2014-12-31,229258.96692,37604.7,198.14916,566.3999999999949,941.5000000000001,88,3,4,2015-05-18,2015-05-15,False,37781.65084,0.16479901025282
ADD_GATE_EXPOSURE_105,earlier_diagnostic,STRESS,2,2015-06-03,2015-06-02,45443.77024,-6274.4000000000015,33.792,96.80000000000106,0.0,17,1,1,2015-06-29,2015-06-26,False,-6404.992000000003,-0.14094323525917032
ADD_GATE_EXPOSURE_105,earlier_diagnostic,STRESS,3,2015-08-27,2015-08-26,5946.3,522.4999999999991,10.0,15.200000000000014,0.0,10,1,1,2015-09-14,2015-09-11,False,497.2999999999991,0.08363183828599281
ADD_GATE_EXPOSURE_105,earlier_diagnostic,STRESS,4,2015-09-29,2015-09-28,216354.10704,26544.09999999999,183.42212,524.0000000000005,0.0,61,2,3,2015-12-30,2015-12-29,False,25836.677879999992,0.11941847665144278
ADD_GATE_EXPOSURE_105,earlier_diagnostic,STRESS,5,2016-01-13,2016-01-12,6579.0,-666.0,10.0,14.000000000000234,102.0,10,1,1,2016-01-27,2016-01-26,False,-588.0000000000002,-0.08937528499772006
ADD_GATE_EXPOSURE_105,earlier_diagnostic,STRESS,6,2016-05-03,2016-04-29,216615.1114,4058.0,174.6268,548.0000000000005,0.0,61,1,2,2016-07-29,2016-07-28,False,3335.3731999999995,0.015397693994861338
ADD_GATE_EXPOSURE_105,earlier_diagnostic,STRESS,7,2016-09-07,2016-09-06,260363.40372,-3433.5,206.58988,610.4000000000005,0.0,17,1,1,2016-10-11,2016-10-10,False,-4250.489880000001,-0.016325220131824143
ADD_GATE_EXPOSURE_105,earlier_diagnostic,STRESS,8,2017-02-13,2017-02-10,255960.74336,1797.6000000000058,205.16608000000002,599.2000000000005,0.0,11,1,1,2017-02-28,2017-02-27,False,993.2339200000054,0.003880415047095937
ADD_GATE_EXPOSURE_105,earlier_diagnostic,STRESS,9,2017-05-10,2017-05-09,6711.0,162.0,10.0,16.000000000000014,0.0,5,1,1,2017-05-17,2017-05-16,False,136.0,0.020265236179406943
ADD_GATE_EXPOSURE_105,earlier_diagnostic,STRESS,10,2017-05-18,2017-05-17,243752.26192,26997.999999999985,205.49392,572.8000000000005,0.0,61,1,2,2017-08-15,2017-08-14,False,26219.706079999985,0.10756702675688544
ADD_GATE_EXPOSURE_105,earlier_diagnostic,STRESS,11,2017-10-23,2017-10-20,283474.3444,7207.700000000012,229.31628,638.9999999999927,0.0,49,1,2,2017-12-29,2017-12-28,False,6339.383720000019,0.022363165645264717
ADD_GATE_EXPOSURE_105,earlier_diagnostic,STRESS,12,2018-01-12,2018-01-11,232415.9292,5623.799999999988,187.88952,545.9999999999884,2511.6,7,1,1,2018-01-23,2018-01-22,False,7401.510480000001,0.031845969015449054
ADD_GATE_EXPOSURE_105,earlier_diagnostic,STRESS,13,2018-02-13,2018-02-12,223586.39880000002,8721.00000000003,182.08080000000004,513.0000000000194,0.0,11,1,1,2018-03-07,2018-03-06,False,8025.91920000001,0.035896276531468554
ADD_GATE_EXPOSURE_105,earlier_diagnostic,STRESS,14,2018-03-28,2018-03-27,7761.0,82.0,10.0,16.000000000000014,0.0,10,1,1,2018-04-13,2018-04-12,False,55.999999999999986,0.007215565004509726
ADD_GATE_EXPOSURE_105,earlier_diagnostic,STRESS,15,2018-04-19,2018-04-18,7919.900000000001,23.099999999999454,10.0,16.79999999999908,0.0,10,1,1,2018-05-07,2018-05-04,False,-3.6999999999996263,-0.00046717761587894115
ADD_GATE_EXPOSURE_105,earlier_diagnostic,STRESS,16,2018-06-25,2018-06-22,8039.400000000001,-435.60000000000036,10.0,17.600000000000016,0.0,3,1,1,2018-06-28,2018-06-27,False,-463.2000000000004,-0.05761624001791183
ADD_GATE_EXPOSURE_105,earlier_diagnostic,STRESS,17,2018-10-09,2018-10-08,222059.58831999998,-2976.5999999999767,176.17064,538.4000000000005,0.0,9,2,1,2018-10-22,2018-10-19,False,-3691.170639999977,-0.0166224330501811
ADD_GATE_EXPOSURE_105,earlier_diagnostic,STRESS,18,2018-12-25,2018-12-24,7682.5,155.0,10.0,20.000000000000018,0.0,10,1,1,2019-01-10,2019-01-09,False,124.99999999999999,0.016270745200130166
ADD_GATE_EXPOSURE_105,earlier_diagnostic,STRESS,19,2019-02-28,2019-02-27,296139.00824,9549.200000000012,240.38112,637.6000000000006,0.0,5,2,1,2019-03-07,2019-03-06,False,8671.218880000011,0.029280907407417917
ADD_GATE_EXPOSURE_105,earlier_diagnostic,STRESS,20,2019-04-30,2019-04-29,7789.0,-400.0,10.0,16.000000000000014,0.0,2,1,1,2019-05-07,2019-05-06,False,-426.0,-0.054692515085376814
ADD_GATE_EXPOSURE_105,earlier_diagnostic,STRESS,21,2019-05-31,2019-05-30,290337.68863999995,22128.79999999999,240.77408,636.8000000000005,0.0,23,1,1,2019-07-04,2019-07-03,False,21251.22591999999,0.07319485809625681
ADD_GATE_EXPOSURE_105,earlier_diagnostic,STRESS,22,2019-08-20,2019-08-19,263787.4728,4035.5999999999767,212.34096000000002,547.2000000000005,0.0,28,1,1,2019-09-30,2019-09-27,False,3276.0590399999764,0.012419312430669667
ADD_GATE_EXPOSURE_105,earlier_diagnostic,STRESS,23,2019-11-12,2019-11-11,334070.77488,-1347.2000000000116,266.34144000000003,673.6000000000006,0.0,20,1,1,2019-12-10,2019-12-09,False,-2287.141440000012,-0.006846278130200302
ADD_GATE_EXPOSURE_105,earlier_diagnostic,STRESS,24,2019-12-30,2019-12-27,331441.12344000005,5203.799999999988,266.798,825.9999999999824,0.0,1,1,1,2019-12-31,2019-12-30,True,4111.002000000006,0.012403415597111956
ADD_GATE_EXPOSURE_110,evaluation,BASE,1,2020-01-02,2019-12-31,187634.0193,-1410.499999999971,74.7019,273.00000000001035,0.0,14,1,1,2020-01-22,2020-01-21,False,-1758.2018999999814,-0.00937037913785169
ADD_GATE_EXPOSURE_110,evaluation,BASE,2,2020-02-05,2020-02-04,137459.28636,10479.900000000023,57.0324,181.50000000001225,0.0,19,1,2,2020-03-03,2020-03-02,False,10241.36760000001,0.0745047342467522
ADD_GATE_EXPOSURE_110,evaluation,BASE,3,2020-03-23,2020-03-20,5318.0,330.0,10.0,6.000000000000005,0.0,10,1,1,2020-04-07,2020-04-03,False,314.0,0.05904475366679203
ADD_GATE_EXPOSURE_110,evaluation,BASE,4,2020-07-01,2020-06-30,208505.09268,25544.399999999994,88.43496,296.40000000001123,0.0,5,2,1,2020-07-08,2020-07-07,False,25159.565039999983,0.12066642937404527
ADD_GATE_EXPOSURE_110,evaluation,BASE,5,2020-08-19,2020-08-18,84754.9476,-2540.399999999994,33.366240000000005,104.40000000000396,0.0,31,1,1,2020-10-09,2020-09-30,False,-2678.1662399999977,-0.03159893688613404
ADD_GATE_EXPOSURE_110,evaluation,BASE,6,2020-12-15,2020-12-14,231092.40924,24078.59999999999,97.17875999999998,277.2000000000105,2008.8,25,1,2,2021-01-20,2021-01-19,False,25713.02123999998,0.11126726890148882
ADD_GATE_EXPOSURE_110,evaluation,BASE,7,2021-02-03,2021-02-02,46708.3398,2133.5,19.0961,51.00000000000193,0.0,7,1,1,2021-02-19,2021-02-18,False,2063.403899999998,0.044176348567199514
ADD_GATE_EXPOSURE_110,evaluation,BASE,8,2021-03-11,2021-03-10,7042.8,-165.20000000000073,10.0,8.399999999999075,0.0,10,1,1,2021-03-25,2021-03-24,False,-183.5999999999998,-0.026069177031862296
ADD_GATE_EXPOSURE_110,evaluation,BASE,9,2021-06-08,2021-06-07,244595.02784,-2464.7999999999593,102.84376,277.8000000000105,0.0,31,2,2,2021-07-22,2021-07-21,False,-2845.44375999997,-0.011633285374309799
ADD_GATE_EXPOSURE_110,evaluation,BASE,10,2021-07-29,2021-07-28,255935.57688,8404.200000000012,103.97196000000001,313.1999999999655,0.0,10,1,1,2021-08-12,2021-08-11,False,7987.028040000046,0.03120718165628418
ADD_GATE_EXPOSURE_110,evaluation,BASE,11,2021-10-29,2021-10-28,354750.03582,6405.399999999994,143.06764,425.3999999999713,0.0,32,3,2,2021-12-14,2021-12-13,False,5836.9323600000225,0.01645364840205874
ADD_GATE_EXPOSURE_110,evaluation,BASE,12,2022-01-10,2022-01-07,7341.5,-192.0,10.0,9.000000000000341,112.5,10,1,1,2022-01-24,2022-01-21,False,-98.50000000000034,-0.013416876660083135
ADD_GATE_EXPOSURE_110,evaluation,BASE,13,2022-01-27,2022-01-26,7049.0,-131.99999999999818,10.0,9.000000000000341,0.0,10,1,1,2022-02-17,2022-02-16,False,-150.99999999999852,-0.02142147822386133
ADD_GATE_EXPOSURE_110,evaluation,BASE,14,2022-03-11,2022-03-10,7197.7,-328.09999999999945,10.0,10.200000000000387,0.0,3,1,1,2022-03-16,2022-03-15,False,-348.29999999999984,-0.048390458062992324
ADD_GATE_EXPOSURE_110,evaluation,BASE,15,2022-04-25,2022-04-22,7109.6,18.0,10.0,7.200000000000006,0.0,10,1,1,2022-05-12,2022-05-11,False,0.7999999999999936,0.00011252391133115696
ADD_GATE_EXPOSURE_110,evaluation,BASE,16,2022-05-13,2022-05-12,500785.73712000006,5515.6999999999825,201.23426,715.599999999977,0.0,20,3,2,2022-06-13,2022-06-10,False,4598.865740000006,0.009183300160359818
ADD_GATE_EXPOSURE_110,evaluation,BASE,17,2022-08-05,2022-08-04,270928.37690000003,-5361.299999999959,110.70234,382.2000000000145,0.0,21,2,2,2022-09-05,2022-09-02,False,-5854.202339999973,-0.02160793345822452
ADD_GATE_EXPOSURE_110,evaluation,BASE,18,2022-09-21,2022-09-20,7172.6,-347.40000000000055,10.0,7.200000000000006,0.0,10,1,1,2022-10-12,2022-10-11,False,-364.60000000000053,-0.05083233416055552
ADD_GATE_EXPOSURE_110,evaluation,BASE,19,2022-10-27,2022-10-26,7112.900000000001,134.90000000000055,10.0,7.600000000000007,0.0,7,1,1,2022-11-07,2022-11-04,False,117.30000000000054,0.016491163941571022
ADD_GATE_EXPOSURE_110,evaluation,BASE,20,2023-01-17,2023-01-16,217293.85008,-1152.7999999999593,86.60672,314.4000000000119,0.0,2,1,1,2023-01-19,2023-01-18,False,-1553.8067199999712,-0.007150716504070013
ADD_GATE_EXPOSURE_110,evaluation,BASE,21,2023-04-03,2023-03-31,265929.97536,1902.399999999965,106.65248,393.59999999995665,0.0,7,1,1,2023-04-13,2023-04-12,False,1402.1475200000084,0.005272619298000782
ADD_GATE_EXPOSURE_110,evaluation,BASE,22,2023-05-29,2023-05-26,7339.0,-34.19999999999982,10.0,7.599999999999163,0.0,10,1,1,2023-06-12,2023-06-09,False,-51.79999999999898,-0.007058182313666573
ADD_GATE_EXPOSURE_110,evaluation,BASE,23,2023-08-23,2023-08-22,7247.8,190.0,10.0,7.6000000000008505,0.0,9,1,1,2023-09-05,2023-09-04,False,172.39999999999915,0.02378652832583669
ADD_GATE_EXPOSURE_110,evaluation,BASE,24,2023-10-18,2023-10-17,7036.900000000001,-36.099999999999454,10.0,7.6000000000008505,0.0,10,1,1,2023-11-01,2023-10-31,False,-53.7000000000003,-0.007631201239182068
ADD_GATE_EXPOSURE_110,evaluation,BASE,25,2023-11-29,2023-11-28,7181.0,-208.0,10.0,8.000000000000895,0.0,10,1,1,2023-12-13,2023-12-12,False,-226.0000000000009,-0.03147193984124786
ADD_GATE_EXPOSURE_110,evaluation,BASE,26,2024-02-19,2024-02-08,263933.97624,4272.599999999977,106.34532000000002,308.3999999999879,0.0,5,2,1,2024-02-26,2024-02-23,False,3857.8546799999885,0.01461674140995008
ADD_GATE_EXPOSURE_110,evaluation,BASE,27,2024-03-05,2024-03-04,270511.39146,6921.0,109.5056,307.59999999996614,0.0,54,1,1,2024-05-27,2024-05-24,False,6503.894400000034,0.024042959392199022
ADD_GATE_EXPOSURE_110,evaluation,BASE,28,2024-06-04,2024-06-03,151058.79848,4139.399999999994,64.69658000000001,174.00000000000017,0.0,32,2,1,2024-07-19,2024-07-18,False,3900.7034199999944,0.02582241788793549
ADD_GATE_EXPOSURE_110,evaluation,BASE,29,2024-08-02,2024-08-01,250352.66052,-4265.700000000012,99.21006,289.2000000000003,0.0,3,1,1,2024-08-07,2024-08-06,False,-4654.110060000012,-0.018590216098894653
ADD_GATE_EXPOSURE_110,evaluation,BASE,30,2024-08-28,2024-08-27,276559.3008,-10221.4,112.05908,327.9999999999993,0.0,15,1,2,2024-09-20,2024-09-19,False,-10661.45908,-0.038550354477899375
ADD_GATE_EXPOSURE_110,evaluation,BASE,31,2024-09-25,2024-09-24,266067.40284,88925.39999999997,124.11456000000001,380.99999999995805,0.0,4,1,1,2024-10-08,2024-09-30,False,88420.28544,0.332322879451609
ADD_GATE_EXPOSURE_110,evaluation,BASE,32,2024-10-09,2024-10-08,127379.07072,-7276.5,49.450500000000005,178.20000000000675,0.0,10,1,1,2024-10-23,2024-10-22,False,-7504.150500000007,-0.05891195827998585
ADD_GATE_EXPOSURE_110,evaluation,BASE,33,2025-01-08,2025-01-07,9297.8,110.39999999999964,10.0,9.599999999998943,0.0,10,1,1,2025-01-22,2025-01-21,False,90.8000000000007,0.009765751037880004
ADD_GATE_EXPOSURE_110,evaluation,BASE,34,2025-04-09,2025-04-08,346767.03954,14902.700000000012,141.58514000000002,372.4000000000417,0.0,11,2,1,2025-04-24,2025-04-23,False,14388.714859999971,0.04149389422676146
ADD_GATE_EXPOSURE_110,evaluation,BASE,35,2025-06-03,2025-05-30,363497.28492,20167.600000000035,149.30828000000002,475.4000000000186,1892.0,41,3,1,2025-07-30,2025-07-29,False,21434.891720000014,0.05896850570621867
ADD_GATE_EXPOSURE_110,evaluation,BASE,36,2025-09-05,2025-09-04,383034.5916,15652.0,156.21040000000002,515.9999999999432,0.0,7,1,1,2025-09-16,2025-09-15,False,14979.789600000056,0.03910819003951302
ADD_GATE_EXPOSURE_110,evaluation,BASE,37,2025-11-26,2025-11-25,10591.9,255.3000000000011,10.0,13.800000000000523,0.0,8,1,1,2025-12-08,2025-12-05,False,231.50000000000057,0.02185632417224488
ADD_GATE_EXPOSURE_110,evaluation,BASE,38,2025-12-19,2025-12-18,336775.04154,4192.599999999991,135.43532000000005,431.39999999996957,6482.099999999999,35,1,3,2026-02-10,2026-02-09,False,10107.86468000002,0.030013698858974
ADD_GATE_EXPOSURE_110,evaluation,BASE,39,2026-03-25,2026-03-24,11287.5,157.50000000000182,10.0,15.000000000000568,0.0,10,1,1,2026-04-09,2026-04-08,False,132.50000000000125,0.011738648947951385
ADD_GATE_EXPOSURE_110,evaluation,BASE,40,2026-05-06,2026-04-30,408590.80182,-1929.6999999999534,162.91702,503.4000000000191,0.0,9,1,1,2026-05-19,2026-05-18,False,-2596.0170199999725,-0.006353586542909055
ADD_GATE_EXPOSURE_110,evaluation,BASE,41,2026-06-05,2026-06-04,404829.74976,3041.20000000007,162.40888,494.3999999999958,0.0,12,1,2,2026-06-24,2026-06-23,False,2384.391120000074,0.005889861408193545
ADD_GATE_EXPOSURE_110,evaluation,BASE,42,2026-07-21,2026-07-20,369384.51518000005,-5176.800000000068,152.22406,472.19999999995,0.0,10,2,2,2026-08-04,2026-08-03,False,-5801.224060000019,-0.015705108962602556
ADD_GATE_EXPOSURE_110,evaluation,BASE,43,2026-08-07,2026-08-06,322160.01912,2120.399999999965,129.18024000000003,410.40000000001555,0.0,5,1,1,2026-08-14,2026-08-13,True,1580.8197599999494,0.004906939614412913
ADD_GATE_EXPOSURE_110,evaluation,STRESS,1,2020-01-02,2019-12-31,187762.575,-1410.499999999971,149.40380000000002,454.9999999999903,0.0,14,1,1,2020-01-22,2020-01-21,False,-2014.9037999999612,-0.010731125731525364
ADD_GATE_EXPOSURE_110,evaluation,STRESS,2,2020-02-05,2020-02-04,137180.45024,10452.60000000002,113.75120000000003,325.80000000001235,0.0,19,1,2,2020-03-03,2020-03-02,False,10013.048800000008,0.07299180592046442
ADD_GATE_EXPOSURE_110,evaluation,STRESS,3,2020-03-23,2020-03-20,5321.0,330.0,10.0,11.999999999999345,0.0,10,1,1,2020-04-07,2020-04-03,False,308.0000000000007,0.05788385641796667
ADD_GATE_EXPOSURE_110,evaluation,STRESS,4,2020-07-01,2020-06-30,208226.2572,25489.70000000001,176.51308,493.00000000000534,0.0,5,2,1,2020-07-08,2020-07-07,False,24820.186920000007,0.11919816095124053
ADD_GATE_EXPOSURE_110,evaluation,STRESS,5,2020-08-19,2020-08-18,84319.31423999999,-2525.800000000003,66.34896,172.9999999999963,0.0,31,1,1,2020-10-09,2020-09-30,False,-2765.148959999999,-0.032793779040108086
ADD_GATE_EXPOSURE_110,evaluation,STRESS,6,2020-12-15,2020-12-14,230230.0552,23969.999999999985,193.49599999999998,506.00000000000557,2001.6,25,1,2,2021-01-20,2021-01-19,False,25272.103999999978,0.10976891778115674
ADD_GATE_EXPOSURE_110,evaluation,STRESS,7,2021-02-03,2021-02-02,46743.1898,2133.5,38.1922,102.00000000000387,0.0,7,1,1,2021-02-19,2021-02-18,False,1993.3077999999962,0.04264381204040115
ADD_GATE_EXPOSURE_110,evaluation,STRESS,8,2021-03-11,2021-03-10,7047.0,-165.20000000000073,10.0,15.400000000000169,0.0,10,1,1,2021-03-25,2021-03-24,False,-190.6000000000009,-0.027046970341989628
ADD_GATE_EXPOSURE_110,evaluation,STRESS,9,2021-06-08,2021-06-07,243723.9506,-2454.399999999965,196.4106,553.200000000021,0.0,31,2,2,2021-07-22,2021-07-21,False,-3204.010599999986,-0.013146063782867246
ADD_GATE_EXPOSURE_110,evaluation,STRESS,10,2021-07-29,2021-07-28,254128.81087999998,8339.79999999996,206.32976000000002,569.7999999999603,0.0,10,1,1,2021-08-12,2021-08-11,False,7563.6702399999995,0.029763135528822728
ADD_GATE_EXPOSURE_110,evaluation,STRESS,11,2021-10-29,2021-10-28,349442.7212,6384.299999999988,281.6892,767.2999999999748,0.0,32,3,2,2021-12-14,2021-12-13,False,5335.310800000014,0.015268055324427269
ADD_GATE_EXPOSURE_110,evaluation,STRESS,12,2022-01-10,2022-01-07,6855.2,-179.19999999999982,10.0,13.999999999999702,105.0,10,1,1,2022-01-24,2022-01-21,False,-98.19999999999952,-0.014324892052748209
ADD_GATE_EXPOSURE_110,evaluation,STRESS,13,2022-01-27,2022-01-26,7052.000000000001,-131.99999999999818,10.0,15.000000000001013,0.0,10,1,1,2022-02-17,2022-02-16,False,-156.9999999999992,-0.022263187748156436
ADD_GATE_EXPOSURE_110,evaluation,STRESS,14,2022-03-11,2022-03-10,7201.099999999999,-328.09999999999945,10.0,16.999999999999638,0.0,3,1,1,2022-03-16,2022-03-15,False,-355.0999999999991,-0.04931191068031261
ADD_GATE_EXPOSURE_110,evaluation,STRESS,15,2022-04-25,2022-04-22,7113.200000000001,18.0,10.0,14.400000000000812,0.0,10,1,1,2022-05-12,2022-05-11,False,-6.400000000000812,-0.0008997357026374644
ADD_GATE_EXPOSURE_110,evaluation,STRESS,16,2022-05-13,2022-05-12,495367.26768000005,5466.900000000023,397.84624,1189.700000000019,0.0,20,3,2,2022-06-13,2022-06-10,False,3879.3537600000045,0.007831267855400592
ADD_GATE_EXPOSURE_110,evaluation,STRESS,17,2022-08-05,2022-08-04,267711.31136,-5291.699999999953,213.88392000000005,628.9999999999881,0.0,21,2,2,2022-09-05,2022-09-02,False,-6134.583919999942,-0.02291492237976665
ADD_GATE_EXPOSURE_110,evaluation,STRESS,18,2022-09-21,2022-09-20,7176.2,-347.40000000000055,10.0,14.400000000000013,0.0,10,1,1,2022-10-12,2022-10-11,False,-371.8000000000006,-0.05181015021877882
ADD_GATE_EXPOSURE_110,evaluation,STRESS,19,2022-10-27,2022-10-26,7116.7,134.90000000000055,10.0,15.200000000000014,0.0,7,1,1,2022-11-07,2022-11-04,False,109.70000000000053,0.015414447707504957
ADD_GATE_EXPOSURE_110,evaluation,STRESS,20,2023-01-17,2023-01-16,214537.38064,-1137.399999999965,170.89952,517.0000000000349,0.0,2,1,1,2023-01-19,2023-01-18,False,-1825.29952,-0.00850807218096368
ADD_GATE_EXPOSURE_110,evaluation,STRESS,21,2023-04-03,2023-03-31,262057.78119999997,1873.399999999965,210.05336,645.9999999999862,0.0,7,1,1,2023-04-13,2023-04-12,False,1017.346639999979,0.0038821462783566415
ADD_GATE_EXPOSURE_110,evaluation,STRESS,22,2023-05-29,2023-05-26,6956.6,-32.400000000000546,10.0,14.399999999999213,0.0,10,1,1,2023-06-12,2023-06-09,False,-56.799999999999756,-0.008164908144783335
ADD_GATE_EXPOSURE_110,evaluation,STRESS,23,2023-08-23,2023-08-22,6870.2,180.0,10.0,14.400000000000013,0.0,9,1,1,2023-09-05,2023-09-04,False,155.6,0.022648540071613637
ADD_GATE_EXPOSURE_110,evaluation,STRESS,24,2023-10-18,2023-10-17,7040.700000000001,-36.099999999999454,10.0,15.200000000000857,0.0,10,1,1,2023-11-01,2023-10-31,False,-61.30000000000031,-0.008706520658457298
ADD_GATE_EXPOSURE_110,evaluation,STRESS,25,2023-11-29,2023-11-28,7185.0,-208.0,10.0,16.000000000000014,0.0,10,1,1,2023-12-13,2023-12-12,False,-234.0,-0.0325678496868476
ADD_GATE_EXPOSURE_110,evaluation,STRESS,26,2024-02-19,2024-02-08,259689.43423999997,4198.399999999965,209.10528,606.4000000000005,0.0,5,2,1,2024-02-26,2024-02-23,False,3382.8947199999648,0.013026693711664676
ADD_GATE_EXPOSURE_110,evaluation,STRESS,27,2024-03-05,2024-03-04,265790.7738,6795.0,215.024,604.0000000000006,0.0,54,1,1,2024-05-27,2024-05-24,False,5975.975999999999,0.022483760119140744
ADD_GATE_EXPOSURE_110,evaluation,STRESS,28,2024-06-04,2024-06-03,147693.1816,4050.5,121.71860000000001,340.0000000000003,0.0,32,2,1,2024-07-19,2024-07-18,False,3588.7813999999994,0.024298896950568496
ADD_GATE_EXPOSURE_110,evaluation,STRESS,29,2024-08-02,2024-08-01,244309.6848,-4159.5,193.48020000000002,563.9999999999692,0.0,3,1,1,2024-08-07,2024-08-06,False,-4916.980199999969,-0.020126014259423126
ADD_GATE_EXPOSURE_110,evaluation,STRESS,30,2024-08-28,2024-08-27,270703.03792,-9996.4,214.35712,641.6000000000006,0.0,15,1,2,2024-09-20,2024-09-19,False,-10852.35712,-0.04008952837539697
ADD_GATE_EXPOSURE_110,evaluation,STRESS,31,2024-09-25,2024-09-24,259983.15167999998,86824.79999999999,242.36543999999998,669.5999999999923,0.0,4,1,1,2024-10-08,2024-09-30,False,85912.83456,0.3304553929931034
ADD_GATE_EXPOSURE_110,evaluation,STRESS,32,2024-10-09,2024-10-08,124459.764,-7105.0,96.57000000000001,289.9999999999938,0.0,10,1,1,2024-10-23,2024-10-22,False,-7491.569999999993,-0.060192706134329435
ADD_GATE_EXPOSURE_110,evaluation,STRESS,33,2025-01-08,2025-01-07,8915.2,105.79999999999927,10.0,18.400000000000016,0.0,10,1,1,2025-01-22,2025-01-21,False,77.39999999999925,0.008681801866475148
ADD_GATE_EXPOSURE_110,evaluation,STRESS,34,2025-04-09,2025-04-08,338072.47492000007,14522.900000000023,275.86876000000007,725.6000000000315,0.0,11,2,1,2025-04-24,2025-04-23,False,13521.431239999993,0.0399956584551867
ADD_GATE_EXPOSURE_110,evaluation,STRESS,35,2025-06-03,2025-05-30,425467.91912,18700.29999999993,347.33452,959.6000000000063,1944.8,41,3,2,2025-07-30,2025-07-29,False,19338.165479999923,0.045451524335835394
ADD_GATE_EXPOSURE_110,evaluation,STRESS,36,2025-09-05,2025-09-04,371249.9406,15160.599999999977,302.61224000000004,832.9999999999823,0.0,7,1,1,2025-09-16,2025-09-15,False,14024.987759999995,0.037777750852520935
ADD_GATE_EXPOSURE_110,evaluation,STRESS,37,2025-11-26,2025-11-25,10596.500000000002,255.3000000000011,10.0,23.000000000001553,0.0,8,1,1,2025-12-08,2025-12-05,False,222.29999999999953,0.020978625017694475
ADD_GATE_EXPOSURE_110,evaluation,STRESS,38,2025-12-19,2025-12-18,325737.7430000001,4008.7999999999884,261.81152000000003,695.0000000000471,6285.3,35,1,3,2026-02-10,2026-02-09,False,9337.288479999941,0.028665049355364198
ADD_GATE_EXPOSURE_110,evaluation,STRESS,39,2026-03-25,2026-03-24,10841.0,151.20000000000073,10.0,23.99999999999949,0.0,10,1,1,2026-04-09,2026-04-08,False,117.20000000000124,0.010810810810810926
ADD_GATE_EXPOSURE_110,evaluation,STRESS,40,2026-05-06,2026-04-30,395196.11524,-1865.2999999999884,314.95996,811.0000000000548,0.0,9,1,1,2026-05-19,2026-05-18,False,-2991.259960000043,-0.007569052034288016
ADD_GATE_EXPOSURE_110,evaluation,STRESS,41,2026-06-05,2026-06-04,391310.86175999994,2942.000000000058,313.78192,795.9999999999831,0.0,12,1,2,2026-06-24,2026-06-23,False,1832.2180800000751,0.004682257149109797
ADD_GATE_EXPOSURE_110,evaluation,STRESS,42,2026-07-21,2026-07-20,355994.133,-4986.699999999975,283.8316,757.9999999999859,0.0,10,2,2,2026-08-04,2026-08-03,False,-6028.53159999996,-0.016934356611994952
ADD_GATE_EXPOSURE_110,evaluation,STRESS,43,2026-08-07,2026-08-06,310579.08196000004,2042.899999999965,248.91748,658.9999999999859,0.0,5,1,1,2026-08-14,2026-08-13,True,1134.982519999979,0.003654407479207358
ADD_GATE_EXPOSURE_110,earlier_diagnostic,BASE,1,2015-01-05,2014-12-31,239723.53512000002,39401.5,103.68599999999999,322.70000000000533,987.0000000000001,88,3,4,2015-05-18,2015-05-15,False,39962.113999999994,0.16670083719562992
ADD_GATE_EXPOSURE_110,earlier_diagnostic,BASE,2,2015-06-03,2015-06-02,47988.295739999994,-6630.9000000000015,17.85414,55.79999999999386,0.0,17,1,1,2015-06-29,2015-06-26,False,-6704.554139999996,-0.13971227851735324
ADD_GATE_EXPOSURE_110,earlier_diagnostic,BASE,3,2015-08-27,2015-08-26,6255.0,550.0,10.0,8.000000000000007,0.0,10,1,1,2015-09-14,2015-09-11,False,532.0,0.0850519584332534
ADD_GATE_EXPOSURE_110,earlier_diagnostic,BASE,4,2015-09-29,2015-09-28,228394.06968000002,30326.09999999999,97.34922,276.7999999999927,0.0,61,2,3,2015-12-30,2015-12-29,False,29951.95078,0.13114154330699257
ADD_GATE_EXPOSURE_110,earlier_diagnostic,BASE,5,2016-01-13,2016-01-12,7232.0,-732.5999999999995,10.0,8.800000000000985,112.19999999999999,10,1,1,2016-01-27,2016-01-26,False,-639.2000000000004,-0.08838495575221245
ADD_GATE_EXPOSURE_110,earlier_diagnostic,BASE,6,2016-05-03,2016-04-29,231916.97412,4307.200000000012,93.55096,293.6000000000248,0.0,61,1,2,2016-07-29,2016-07-28,False,3920.049039999987,0.016902812115734356
ADD_GATE_EXPOSURE_110,earlier_diagnostic,BASE,7,2016-09-07,2016-09-06,266978.08494000003,-3523.499999999942,106.00254000000001,313.20000000003506,0.0,17,1,1,2016-10-11,2016-10-10,False,-3942.7025399999766,-0.014767888311454662
ADD_GATE_EXPOSURE_110,earlier_diagnostic,BASE,8,2017-02-13,2017-02-10,262930.5756,1848.0,105.45920000000001,308.0000000000002,0.0,11,1,1,2017-02-28,2017-02-27,False,1434.5407999999998,0.005455967974536316
ADD_GATE_EXPOSURE_110,earlier_diagnostic,BASE,9,2017-05-10,2017-05-09,7042.1,170.09999999999945,10.0,8.400000000000007,0.0,5,1,1,2017-05-17,2017-05-16,False,151.69999999999945,0.02154186961275748
ADD_GATE_EXPOSURE_110,earlier_diagnostic,BASE,10,2017-05-18,2017-05-17,262269.54342000006,29061.59999999999,110.63748000000002,308.4000000000003,0.0,61,1,2,2017-08-15,2017-08-14,False,28642.56251999999,0.10921040295605965
ADD_GATE_EXPOSURE_110,earlier_diagnostic,BASE,11,2017-10-23,2017-10-20,293250.1383,7281.099999999977,118.65932000000001,367.49999999999216,0.0,49,1,2,2017-12-29,2017-12-28,False,6794.940679999985,0.023171142286209742
ADD_GATE_EXPOSURE_110,earlier_diagnostic,BASE,12,2018-01-12,2018-01-11,251827.95552000002,6097.599999999977,101.85952,355.1999999999609,2723.2,7,1,1,2018-01-23,2018-01-22,False,8363.740480000017,0.033212120801797855
ADD_GATE_EXPOSURE_110,earlier_diagnostic,BASE,13,2018-02-13,2018-02-12,243026.5956,9486.00000000003,99.02640000000001,310.0000000000209,0.0,11,1,1,2018-03-07,2018-03-06,False,9076.973600000008,0.037349713012233006
ADD_GATE_EXPOSURE_110,earlier_diagnostic,BASE,14,2018-03-28,2018-03-27,8532.199999999999,90.19999999999891,10.0,8.79999999999903,0.0,10,1,1,2018-04-13,2018-04-12,False,71.39999999999988,0.008368298914699595
ADD_GATE_EXPOSURE_110,earlier_diagnostic,BASE,15,2018-04-19,2018-04-18,8669.1,25.299999999999272,10.0,9.199999999998987,0.0,10,1,1,2018-05-07,2018-05-04,False,6.100000000000286,0.0007036485909725675
ADD_GATE_EXPOSURE_110,earlier_diagnostic,BASE,16,2018-06-25,2018-06-22,8400.0,-455.39999999999964,10.0,9.200000000000008,0.0,3,1,1,2018-06-28,2018-06-27,False,-474.5999999999996,-0.05649999999999995
ADD_GATE_EXPOSURE_110,earlier_diagnostic,BASE,17,2018-10-09,2018-10-08,241657.52184,-3237.5999999999767,95.93752,293.2000000000003,0.0,9,2,1,2018-10-22,2018-10-19,False,-3626.737519999977,-0.01500775764141626
ADD_GATE_EXPOSURE_110,earlier_diagnostic,BASE,18,2018-12-25,2018-12-24,8291.3,167.39999999999964,10.0,10.79999999999881,0.0,10,1,1,2019-01-10,2019-01-09,False,146.60000000000082,0.017681183891549074
ADD_GATE_EXPOSURE_110,earlier_diagnostic,BASE,19,2019-02-28,2019-02-27,313595.20650000003,10271.5,127.39970000000001,338.00000000000034,0.0,5,2,1,2019-03-07,2019-03-06,False,9806.1003,0.03126993046049637
ADD_GATE_EXPOSURE_110,earlier_diagnostic,BASE,20,2019-04-30,2019-04-29,8563.0,-440.0,10.0,8.800000000000985,0.0,2,1,1,2019-05-07,2019-05-06,False,-458.800000000001,-0.05357935303048009
ADD_GATE_EXPOSURE_110,earlier_diagnostic,BASE,21,2019-05-31,2019-05-30,317091.4056,13311.0,129.4038,348.00000000000034,0.0,17,1,1,2019-06-26,2019-06-25,False,12833.5962,0.04047286042242704
ADD_GATE_EXPOSURE_110,earlier_diagnostic,BASE,22,2019-08-20,2019-08-19,335278.0422,5133.0,135.0414,348.00000000003894,0.0,28,1,1,2019-09-30,2019-09-27,False,4649.958599999961,0.013868962516865832
ADD_GATE_EXPOSURE_110,earlier_diagnostic,BASE,23,2019-11-12,2019-11-11,340179.22224000003,-1372.8000000000466,135.70128,343.2000000000003,0.0,20,1,1,2019-12-10,2019-12-09,False,-1851.7012800000468,-0.005443310934180607
ADD_GATE_EXPOSURE_110,earlier_diagnostic,BASE,24,2019-12-30,2019-12-27,338026.29174,5310.899999999965,136.1445,505.80000000001917,0.0,1,1,1,2019-12-31,2019-12-30,True,4668.9554999999455,0.013812403396097869
ADD_GATE_EXPOSURE_110,earlier_diagnostic,STRESS,1,2015-01-05,2014-12-31,240279.5734,39447.299999999974,207.68828000000002,593.5999999999946,987.0000000000001,88,3,4,2015-05-18,2015-05-15,False,39633.01171999998,0.16494540571712193
ADD_GATE_EXPOSURE_110,earlier_diagnostic,STRESS,2,2015-06-03,2015-06-02,48025.80264,-6630.9000000000015,35.711999999999996,102.30000000000112,0.0,17,1,1,2015-06-29,2015-06-26,False,-6768.912000000003,-0.14094323525917032
ADD_GATE_EXPOSURE_110,earlier_diagnostic,STRESS,3,2015-08-27,2015-08-26,6259.0,550.0,10.0,16.000000000000014,0.0,10,1,1,2015-09-14,2015-09-11,False,524.0,0.08371944400063908
ADD_GATE_EXPOSURE_110,earlier_diagnostic,STRESS,4,2015-09-29,2015-09-28,228244.66136,30289.5,194.41740000000001,552.8000000000005,0.0,61,2,3,2015-12-30,2015-12-29,False,29542.282600000002,0.12943252395903487
ADD_GATE_EXPOSURE_110,earlier_diagnostic,STRESS,5,2016-01-13,2016-01-12,7236.4,-732.5999999999995,10.0,15.400000000000258,112.19999999999999,10,1,1,2016-01-27,2016-01-26,False,-645.7999999999996,-0.08924327013432089
ADD_GATE_EXPOSURE_110,earlier_diagnostic,STRESS,6,2016-05-03,2016-04-29,231477.75408,4325.600000000006,186.60416000000004,585.6000000000005,0.0,61,1,2,2016-07-29,2016-07-28,False,3553.3958400000056,0.015350917215016403
ADD_GATE_EXPOSURE_110,earlier_diagnostic,STRESS,7,2016-09-07,2016-09-06,265823.18676,-3505.499999999971,210.92204000000004,623.2000000000005,0.0,17,1,1,2016-10-11,2016-10-10,False,-4339.622039999971,-0.01632522013182403
ADD_GATE_EXPOSURE_110,earlier_diagnostic,STRESS,8,2017-02-13,2017-02-10,261428.5296,1836.0,209.54880000000003,612.0000000000006,0.0,11,1,1,2017-02-28,2017-02-27,False,1014.4511999999994,0.0038804150470959134
ADD_GATE_EXPOSURE_110,earlier_diagnostic,STRESS,9,2017-05-10,2017-05-09,7046.3,170.09999999999945,10.0,16.800000000000015,0.0,5,1,1,2017-05-17,2017-05-16,False,143.29999999999944,0.02033691440898052
ADD_GATE_EXPOSURE_110,earlier_diagnostic,STRESS,10,2017-05-18,2017-05-17,260433.6318,28839.59999999999,219.55463999999998,612.0000000000006,0.0,61,1,2,2017-08-15,2017-08-14,False,28008.045359999993,0.10754388811621983
ADD_GATE_EXPOSURE_110,earlier_diagnostic,STRESS,11,2017-10-23,2017-10-20,290661.01792,7211.199999999953,235.05824,655.1999999999925,0.0,49,1,2,2017-12-29,2017-12-28,False,6320.941759999961,0.021746781887826812
ADD_GATE_EXPOSURE_110,earlier_diagnostic,STRESS,12,2018-01-12,2018-01-11,249442.7372,6035.799999999988,201.65431999999998,585.9999999999875,2695.6,7,1,1,2018-01-23,2018-01-22,False,7943.745680000002,0.031845969015449054
ADD_GATE_EXPOSURE_110,earlier_diagnostic,STRESS,13,2018-02-13,2018-02-12,240453.44292000003,9378.900000000052,195.81672000000003,551.700000000021,0.0,11,1,1,2018-03-07,2018-03-06,False,8631.383280000031,0.03589627653146864
ADD_GATE_EXPOSURE_110,earlier_diagnostic,STRESS,14,2018-03-28,2018-03-27,8536.6,90.19999999999891,10.0,17.600000000000016,0.0,10,1,1,2018-04-13,2018-04-12,False,62.59999999999889,0.007333130286062237
ADD_GATE_EXPOSURE_110,earlier_diagnostic,STRESS,15,2018-04-19,2018-04-18,8296.800000000001,24.19999999999891,10.0,17.59999999999904,0.0,10,1,1,2018-05-07,2018-05-04,False,-3.40000000000013,-0.00040979654806674014
ADD_GATE_EXPOSURE_110,earlier_diagnostic,STRESS,16,2018-06-25,2018-06-22,8404.6,-455.39999999999964,10.0,18.400000000000016,0.0,3,1,1,2018-06-28,2018-06-27,False,-483.79999999999967,-0.057563715108392983
ADD_GATE_EXPOSURE_110,earlier_diagnostic,STRESS,17,2018-10-09,2018-10-08,238564.58768,-3205.0,189.262,578.4000000000005,0.0,9,2,1,2018-10-22,2018-10-19,False,-3972.6620000000007,-0.016652354142890454
ADD_GATE_EXPOSURE_110,earlier_diagnostic,STRESS,18,2018-12-25,2018-12-24,8296.7,167.39999999999964,10.0,21.60000000000002,0.0,10,1,1,2019-01-10,2019-01-09,False,135.7999999999996,0.016367953523690092
ADD_GATE_EXPOSURE_110,earlier_diagnostic,STRESS,19,2019-02-28,2019-02-27,308989.5464,10122.799999999988,250.87568000000002,665.6000000000006,0.0,5,2,1,2019-03-07,2019-03-06,False,9206.324319999989,0.029794937813468984
ADD_GATE_EXPOSURE_110,earlier_diagnostic,STRESS,20,2019-04-30,2019-04-29,8567.4,-440.0,10.0,17.600000000000016,0.0,2,1,1,2019-05-07,2019-05-06,False,-467.6,-0.05457898545649789
ADD_GATE_EXPOSURE_110,earlier_diagnostic,STRESS,21,2019-05-31,2019-05-30,312587.18488,23824.600000000035,259.22536,685.6000000000006,0.0,23,1,1,2019-07-04,2019-07-03,False,22879.774640000032,0.07319485809625693
ADD_GATE_EXPOSURE_110,earlier_diagnostic,STRESS,22,2019-08-20,2019-08-19,284998.4538,4360.099999999977,229.41516000000001,591.2000000000005,0.0,28,1,1,2019-09-30,2019-09-27,False,3539.4848399999755,0.012419312430669668
ADD_GATE_EXPOSURE_110,earlier_diagnostic,STRESS,23,2019-11-12,2019-11-11,344386.49952,-1388.8000000000466,274.56576000000007,694.4000000000007,0.0,20,1,1,2019-12-10,2019-12-09,False,-2357.765760000047,-0.006846278130200402
ADD_GATE_EXPOSURE_110,earlier_diagnostic,STRESS,24,2019-12-30,2019-12-27,341472.63444000005,5361.299999999988,274.87300000000005,850.9999999999818,0.0,1,1,1,2019-12-31,2019-12-30,True,4235.427000000007,0.01240341559711196
ADD_GATE_EXPOSURE_115,evaluation,BASE,1,2020-01-02,2019-12-31,196294.05096000002,-1475.5999999999767,78.14968000000002,285.6000000000108,0.0,14,1,1,2020-01-22,2020-01-21,False,-1839.3496799999875,-0.009370379137851725
ADD_GATE_EXPOSURE_115,evaluation,BASE,2,2020-02-05,2020-02-04,143896.7736,10968.000000000015,59.70280000000001,190.00000000001282,0.0,19,1,2,2020-03-03,2020-03-02,False,10718.297200000003,0.07448601474411379
ADD_GATE_EXPOSURE_115,evaluation,BASE,3,2020-03-23,2020-03-20,5672.200000000001,352.0,10.0,6.400000000000006,0.0,10,1,1,2020-04-07,2020-04-03,False,335.6,0.059165755791403686
ADD_GATE_EXPOSURE_115,evaluation,BASE,4,2020-07-01,2020-06-30,208807.95324,25715.29999999999,88.59013999999999,297.00000000001125,0.0,5,2,1,2020-07-08,2020-07-07,False,25329.709859999977,0.12130625039404738
ADD_GATE_EXPOSURE_115,evaluation,BASE,5,2020-08-19,2020-08-18,89138.8242,-2671.800000000003,35.092079999999996,109.80000000000416,0.0,31,1,1,2020-10-09,2020-09-30,False,-2816.692080000007,-0.031598936886134146
ADD_GATE_EXPOSURE_115,evaluation,BASE,6,2020-12-15,2020-12-14,231592.60926000003,23870.399999999965,97.33704,277.8000000000105,2102.3999999999996,25,1,2,2021-01-20,2021-01-19,False,25597.662959999958,0.1105288421845209
ADD_GATE_EXPOSURE_115,evaluation,BASE,7,2021-02-03,2021-02-02,48906.37932,2233.9000000000087,19.99474,53.400000000002024,0.0,7,1,1,2021-02-19,2021-02-18,False,2160.5052600000067,0.044176348567199694
ADD_GATE_EXPOSURE_115,evaluation,BASE,8,2021-03-11,2021-03-10,7042.8,-165.20000000000073,10.0,8.399999999999075,0.0,10,1,1,2021-03-25,2021-03-24,False,-183.5999999999998,-0.026069177031862296
ADD_GATE_EXPOSURE_115,evaluation,BASE,9,2021-06-08,2021-06-07,256217.54024,-2581.399999999994,107.25428,291.000000000011,0.0,31,2,2,2021-07-22,2021-07-21,False,-2979.654280000005,-0.011629392262563099
ADD_GATE_EXPOSURE_115,evaluation,BASE,10,2021-07-29,2021-07-28,255935.57688,8404.200000000012,103.97196000000001,313.1999999999655,0.0,10,1,1,2021-08-12,2021-08-11,False,7987.028040000046,0.03120718165628418
ADD_GATE_EXPOSURE_115,evaluation,BASE,11,2021-10-29,2021-10-28,369248.43492,6701.79999999993,148.92164000000002,442.79999999997005,0.0,32,3,2,2021-12-14,2021-12-13,False,6110.0783599999595,0.016547337191351253
ADD_GATE_EXPOSURE_115,evaluation,BASE,12,2022-01-10,2022-01-07,7341.5,-192.0,10.0,9.000000000000341,112.5,10,1,1,2022-01-24,2022-01-21,False,-98.50000000000034,-0.013416876660083135
ADD_GATE_EXPOSURE_115,evaluation,BASE,13,2022-01-27,2022-01-26,7518.599999999999,-140.79999999999836,10.0,9.600000000000364,0.0,10,1,1,2022-02-17,2022-02-16,False,-160.39999999999873,-0.021333758944484176
ADD_GATE_EXPOSURE_115,evaluation,BASE,14,2022-03-11,2022-03-10,7620.8,-347.39999999999964,10.0,10.80000000000041,0.0,3,1,1,2022-03-16,2022-03-15,False,-368.20000000000005,-0.04831513751837078
ADD_GATE_EXPOSURE_115,evaluation,BASE,15,2022-04-25,2022-04-22,7504.3,19.0,10.0,7.600000000000007,0.0,10,1,1,2022-05-12,2022-05-11,False,1.3999999999999932,0.0001865597057686917
ADD_GATE_EXPOSURE_115,evaluation,BASE,16,2022-05-13,2022-05-12,518072.79384000006,5703.199999999953,208.18032,739.9999999999764,0.0,20,3,2,2022-06-13,2022-06-10,False,4755.019679999977,0.00917828485984636
ADD_GATE_EXPOSURE_115,evaluation,BASE,17,2022-08-05,2022-08-04,274333.0577,-5461.29999999993,112.04298,387.00000000001467,0.0,21,2,2,2022-09-05,2022-09-02,False,-5960.342979999945,-0.021726666957206247
ADD_GATE_EXPOSURE_115,evaluation,BASE,18,2022-09-21,2022-09-20,7570.8,-366.6999999999998,10.0,7.600000000000007,0.0,10,1,1,2022-10-12,2022-10-11,False,-384.29999999999984,-0.05076081787922014
ADD_GATE_EXPOSURE_115,evaluation,BASE,19,2022-10-27,2022-10-26,7487.0,142.0,10.0,8.000000000000007,0.0,7,1,1,2022-11-07,2022-11-04,False,124.0,0.016562040870842794
ADD_GATE_EXPOSURE_115,evaluation,BASE,20,2023-01-17,2023-01-16,227660.92308,-1207.7999999999593,90.73872,329.4000000000125,0.0,2,1,1,2023-01-19,2023-01-18,False,-1627.938719999972,-0.007150716504070022
ADD_GATE_EXPOSURE_115,evaluation,BASE,21,2023-04-03,2023-03-31,266335.35641999997,1905.2999999999884,106.81506,394.1999999999566,0.0,7,1,1,2023-04-13,2023-04-12,False,1404.2849400000318,0.005272619298000871
ADD_GATE_EXPOSURE_115,evaluation,BASE,22,2023-05-29,2023-05-26,7725.0,-36.0,10.0,7.999999999999119,0.0,10,1,1,2023-06-12,2023-06-09,False,-53.99999999999912,-0.006990291262135808
ADD_GATE_EXPOSURE_115,evaluation,BASE,23,2023-08-23,2023-08-22,7629.000000000001,200.0,10.0,8.000000000000895,0.0,9,1,1,2023-09-05,2023-09-04,False,181.9999999999991,0.023856337658932896
ADD_GATE_EXPOSURE_115,evaluation,BASE,24,2023-10-18,2023-10-17,7407.0,-38.0,10.0,8.000000000000895,0.0,10,1,1,2023-11-01,2023-10-31,False,-56.000000000000895,-0.007560415822870379
ADD_GATE_EXPOSURE_115,evaluation,BASE,25,2023-11-29,2023-11-28,7539.8,-218.39999999999873,10.0,8.40000000000094,0.0,10,1,1,2023-12-13,2023-12-12,False,-236.79999999999967,-0.031406668611899474
ADD_GATE_EXPOSURE_115,evaluation,BASE,26,2024-02-19,2024-02-08,267633.71603999997,4399.400000000023,107.8494,312.79999999998734,0.0,5,2,1,2024-02-26,2024-02-23,False,3978.750600000036,0.014866402704677838
ADD_GATE_EXPOSURE_115,evaluation,BASE,27,2024-03-05,2024-03-04,270863.1618,6930.0,109.648,307.99999999996606,0.0,54,1,1,2024-05-27,2024-05-24,False,6512.3520000000335,0.024042959392199022
ADD_GATE_EXPOSURE_115,evaluation,BASE,28,2024-06-04,2024-06-03,158350.88488,4339.399999999994,67.57944,182.40000000000015,0.0,32,2,1,2024-07-19,2024-07-18,False,4089.4205599999937,0.02582505657040692
ADD_GATE_EXPOSURE_115,evaluation,BASE,29,2024-08-02,2024-08-01,262472.08392000006,-4472.200000000012,104.01276000000001,303.2000000000003,0.0,3,1,1,2024-08-07,2024-08-06,False,-4879.412760000012,-0.018590216098894646
ADD_GATE_EXPOSURE_115,evaluation,BASE,30,2024-08-28,2024-08-27,277233.83567999996,-10245.1,112.25882,328.79999999999933,0.0,15,1,2,2024-09-20,2024-09-19,False,-10686.158819999999,-0.0385456515211751
ADD_GATE_EXPOSURE_115,evaluation,BASE,31,2024-09-25,2024-09-24,266765.74248,89158.79999999999,124.44032000000001,381.99999999995794,0.0,4,1,1,2024-10-08,2024-09-30,False,88652.35968000004,0.3323228794516091
ADD_GATE_EXPOSURE_115,evaluation,BASE,32,2024-10-09,2024-10-08,133812.35712,-7644.0,51.94800000000001,187.2000000000071,0.0,10,1,1,2024-10-23,2024-10-22,False,-7883.148000000007,-0.05891195827998585
ADD_GATE_EXPOSURE_115,evaluation,BASE,33,2025-01-08,2025-01-07,9685.0,115.0,10.0,9.999999999998899,0.0,10,1,1,2025-01-22,2025-01-21,False,95.00000000000111,0.009808982963345494
ADD_GATE_EXPOSURE_115,evaluation,BASE,34,2025-04-09,2025-04-08,347150.01612000004,15296.600000000035,141.81692,373.20000000004177,0.0,11,2,1,2025-04-24,2025-04-23,False,14781.583079999993,0.042579813894896706
ADD_GATE_EXPOSURE_115,evaluation,BASE,35,2025-06-03,2025-05-30,364309.44732,21044.29999999999,149.8086,474.50000000001864,1979.9999999999998,41,3,1,2025-07-30,2025-07-29,False,22399.99139999997,0.06148616667721054
ADD_GATE_EXPOSURE_115,evaluation,BASE,36,2025-09-05,2025-09-04,384816.14784,15724.799999999988,156.93696,518.3999999999429,0.0,7,1,1,2025-09-16,2025-09-15,False,15049.463040000046,0.03910819003951299
ADD_GATE_EXPOSURE_115,evaluation,BASE,37,2025-11-26,2025-11-25,11052.199999999999,266.40000000000146,10.0,14.400000000000546,0.0,8,1,1,2025-12-08,2025-12-05,False,242.0000000000009,0.021896093085539615
ADD_GATE_EXPOSURE_115,evaluation,BASE,38,2025-12-19,2025-12-18,353637.2133,4384.299999999988,142.21286,452.99999999996794,6814.2,35,1,3,2026-02-10,2026-02-09,False,10603.287140000022,0.029983516273794884
ADD_GATE_EXPOSURE_115,evaluation,BASE,39,2026-03-25,2026-03-24,11738.8,163.8000000000011,10.0,15.600000000000591,0.0,10,1,1,2026-04-09,2026-04-08,False,138.2000000000005,0.011772923978600922
ADD_GATE_EXPOSURE_115,evaluation,BASE,40,2026-05-06,2026-04-30,411025.78871999995,-1941.1999999999534,163.88792,506.4000000000192,0.0,9,1,1,2026-05-19,2026-05-18,False,-2611.4879199999727,-0.006353586542909057
ADD_GATE_EXPOSURE_115,evaluation,BASE,41,2026-06-05,2026-06-04,407286.24095999997,2921.600000000035,163.36676000000003,497.3999999999981,0.0,12,1,2,2026-06-24,2026-06-23,False,2260.8332400000368,0.005550968858341757
ADD_GATE_EXPOSURE_115,evaluation,BASE,42,2026-07-21,2026-07-20,388628.26958,-5447.300000000105,159.58284000000003,496.7999999999475,0.0,10,2,2,2026-08-04,2026-08-03,False,-6103.682840000052,-0.015705709846060477
ADD_GATE_EXPOSURE_115,evaluation,BASE,43,2026-08-07,2026-08-06,338173.82124,2225.7999999999884,135.60148,430.8000000000163,0.0,5,1,1,2026-08-14,2026-08-13,True,1659.3985199999722,0.004906939614412987
ADD_GATE_EXPOSURE_115,evaluation,STRESS,1,2020-01-02,2019-12-31,196428.54,-1475.5999999999767,156.29936000000004,475.9999999999899,0.0,14,1,1,2020-01-22,2020-01-21,False,-2107.8993599999667,-0.010731125731525402
ADD_GATE_EXPOSURE_115,evaluation,STRESS,2,2020-02-05,2020-02-04,143622.62608000002,10940.700000000012,119.09200000000001,341.100000000013,0.0,19,1,2,2020-03-03,2020-03-02,False,10480.507999999998,0.07297254120783304
ADD_GATE_EXPOSURE_115,evaluation,STRESS,3,2020-03-23,2020-03-20,5675.4,352.0,10.0,12.7999999999993,0.0,10,1,1,2020-04-07,2020-04-03,False,329.2000000000007,0.05800472213412284
ADD_GATE_EXPOSURE_115,evaluation,STRESS,4,2020-07-01,2020-06-30,208529.3784,25660.600000000006,176.82344,494.00000000000404,0.0,5,2,1,2020-07-08,2020-07-07,False,24989.776560000002,0.11983815782572728
ADD_GATE_EXPOSURE_115,evaluation,STRESS,5,2020-08-19,2020-08-18,88705.86816,-2657.199999999997,69.80064,181.99999999999613,0.0,31,1,1,2020-10-09,2020-09-30,False,-2909.000639999993,-0.032793779040108016
ADD_GATE_EXPOSURE_115,evaluation,STRESS,6,2020-12-15,2020-12-14,230730.55532,23761.79999999999,193.81252,507.1000000000056,2095.2,25,1,2,2021-01-20,2021-01-19,False,25156.087479999984,0.10902798480726156
ADD_GATE_EXPOSURE_115,evaluation,STRESS,7,2021-02-03,2021-02-02,48942.86932,2233.9000000000087,39.98948,106.80000000000405,0.0,7,1,1,2021-02-19,2021-02-18,False,2087.1105200000047,0.04264381204040133
ADD_GATE_EXPOSURE_115,evaluation,STRESS,8,2021-03-11,2021-03-10,7047.0,-165.20000000000073,10.0,15.400000000000169,0.0,10,1,1,2021-03-25,2021-03-24,False,-190.6000000000009,-0.027046970341989628
ADD_GATE_EXPOSURE_115,evaluation,STRESS,9,2021-06-08,2021-06-07,254826.99004,-2565.7999999999884,205.23484000000002,578.4000000000219,0.0,31,2,2,2021-07-22,2021-07-21,False,-3349.4348400000104,-0.013143956373986335
ADD_GATE_EXPOSURE_115,evaluation,STRESS,10,2021-07-29,2021-07-28,254128.81087999998,8339.79999999996,206.32976000000002,569.7999999999603,0.0,10,1,1,2021-08-12,2021-08-11,False,7563.6702399999995,0.029763135528822728
ADD_GATE_EXPOSURE_115,evaluation,STRESS,11,2021-10-29,2021-10-28,364459.12536,6670.299999999959,293.79872,800.2999999999738,0.0,32,3,2,2021-12-14,2021-12-13,False,5576.201279999986,0.015299935965362395
ADD_GATE_EXPOSURE_115,evaluation,STRESS,12,2022-01-10,2022-01-07,7344.5,-192.0,10.0,14.99999999999968,112.5,10,1,1,2022-01-24,2022-01-21,False,-104.49999999999969,-0.014228334127578417
ADD_GATE_EXPOSURE_115,evaluation,STRESS,13,2022-01-27,2022-01-26,7521.800000000001,-140.79999999999836,10.0,16.00000000000108,0.0,10,1,1,2022-02-17,2022-02-16,False,-166.79999999999944,-0.02217554308809054
ADD_GATE_EXPOSURE_115,evaluation,STRESS,14,2022-03-11,2022-03-10,7201.099999999999,-328.09999999999945,10.0,16.999999999999638,0.0,3,1,1,2022-03-16,2022-03-15,False,-355.0999999999991,-0.04931191068031261
ADD_GATE_EXPOSURE_115,evaluation,STRESS,15,2022-04-25,2022-04-22,7508.1,19.0,10.0,15.200000000000857,0.0,10,1,1,2022-05-12,2022-05-11,False,-6.200000000000857,-0.0008257748298505424
ADD_GATE_EXPOSURE_115,evaluation,STRESS,16,2022-05-13,2022-05-12,512666.18448000005,5641.299999999988,411.73312000000004,1230.9000000000194,0.0,20,3,2,2022-06-13,2022-06-10,False,3998.666879999969,0.007799747674124123
ADD_GATE_EXPOSURE_115,evaluation,STRESS,17,2022-08-05,2022-08-04,270682.63304,-5374.799999999959,216.05768000000003,635.9999999999881,0.0,21,2,2,2022-09-05,2022-09-02,False,-6226.857679999947,-0.02300427482201925
ADD_GATE_EXPOSURE_115,evaluation,STRESS,18,2022-09-21,2022-09-20,7574.6,-366.6999999999998,10.0,15.200000000000014,0.0,10,1,1,2022-10-12,2022-10-11,False,-391.8999999999998,-0.051738705674227
ADD_GATE_EXPOSURE_115,evaluation,STRESS,19,2022-10-27,2022-10-26,7491.0,142.0,10.0,16.000000000000014,0.0,7,1,1,2022-11-07,2022-11-04,False,115.99999999999999,0.015485248965425176
ADD_GATE_EXPOSURE_115,evaluation,STRESS,20,2023-01-17,2023-01-16,224496.56272,-1190.1999999999534,178.83296,541.0000000000366,0.0,2,1,1,2023-01-19,2023-01-18,False,-1910.03295999999,-0.008508072180963637
ADD_GATE_EXPOSURE_115,evaluation,STRESS,21,2023-04-03,2023-03-31,262463.4434,1876.2999999999884,210.37852,646.9999999999862,0.0,7,1,1,2023-04-13,2023-04-12,False,1018.9214800000021,0.0038821462783567295
ADD_GATE_EXPOSURE_115,evaluation,STRESS,22,2023-05-29,2023-05-26,7342.8,-34.19999999999982,10.0,15.19999999999917,0.0,10,1,1,2023-06-12,2023-06-09,False,-59.39999999999899,-0.008089557117175872
ADD_GATE_EXPOSURE_115,evaluation,STRESS,23,2023-08-23,2023-08-22,7251.6,190.0,10.0,15.200000000000014,0.0,9,1,1,2023-09-05,2023-09-04,False,164.79999999999998,0.022726019085443208
ADD_GATE_EXPOSURE_115,evaluation,STRESS,24,2023-10-18,2023-10-17,7411.000000000001,-38.0,10.0,16.000000000000902,0.0,10,1,1,2023-11-01,2023-10-31,False,-64.00000000000091,-0.008635811631358913
ADD_GATE_EXPOSURE_115,evaluation,STRESS,25,2023-11-29,2023-11-28,7544.0,-218.39999999999873,10.0,16.800000000000015,0.0,10,1,1,2023-12-13,2023-12-12,False,-245.19999999999874,-0.032502651113467486
ADD_GATE_EXPOSURE_115,evaluation,STRESS,26,2024-02-19,2024-02-08,263392.11472,4325.200000000012,212.11344000000003,615.2000000000005,0.0,5,2,1,2024-02-26,2024-02-23,False,3497.886560000011,0.013280149118049537
ADD_GATE_EXPOSURE_115,evaluation,STRESS,27,2024-03-05,2024-03-04,266142.81456,6804.0,215.30880000000002,604.8000000000005,0.0,54,1,1,2024-05-27,2024-05-24,False,5983.8912,0.022483760119140748
ADD_GATE_EXPOSURE_115,evaluation,STRESS,28,2024-06-04,2024-06-03,154990.856,4250.5,127.48424,356.8000000000003,0.0,32,2,1,2024-07-19,2024-07-18,False,3766.21576,0.024299599713159852
ADD_GATE_EXPOSURE_115,evaluation,STRESS,29,2024-08-02,2024-08-01,256091.99584000002,-4360.100000000006,202.81116000000003,591.1999999999678,0.0,3,1,1,2024-08-07,2024-08-06,False,-5154.111159999974,-0.020126014259423147
ADD_GATE_EXPOSURE_115,evaluation,STRESS,30,2024-08-28,2024-08-27,271040.57288,-10007.6,214.49208000000002,642.4000000000005,0.0,15,1,2,2024-09-20,2024-09-19,False,-10864.49208,-0.04008437542968936
ADD_GATE_EXPOSURE_115,evaluation,STRESS,31,2024-09-25,2024-09-24,260332.5914,86941.5,242.69120000000004,670.4999999999923,0.0,4,1,1,2024-10-08,2024-09-30,False,86028.30880000001,0.3304553929931034
ADD_GATE_EXPOSURE_115,evaluation,STRESS,32,2024-10-09,2024-10-08,130468.1664,-7448.0,101.232,303.9999999999935,0.0,10,1,1,2024-10-23,2024-10-22,False,-7853.231999999994,-0.060192706134329435
ADD_GATE_EXPOSURE_115,evaluation,STRESS,33,2025-01-08,2025-01-07,9690.0,115.0,10.0,20.000000000000018,0.0,10,1,1,2025-01-22,2025-01-21,False,84.99999999999999,0.008771929824561401
ADD_GATE_EXPOSURE_115,evaluation,STRESS,34,2025-04-09,2025-04-08,338467.4328400001,14905.299999999988,276.3369200000001,727.2000000000329,0.0,11,2,1,2025-04-24,2025-04-23,False,13901.763079999955,0.041072675628947675
ADD_GATE_EXPOSURE_115,evaluation,STRESS,35,2025-06-03,2025-05-30,359513.44788000005,19093.400000000023,294.81296000000003,800.3999999999928,2041.6,41,2,2,2025-07-30,2025-07-29,False,20039.78704000003,0.055741411505388236
ADD_GATE_EXPOSURE_115,evaluation,STRESS,36,2025-09-05,2025-09-04,372586.9752,15215.199999999953,303.70208,835.9999999999822,0.0,7,1,1,2025-09-16,2025-09-15,False,14075.497919999973,0.03777775085252087
ADD_GATE_EXPOSURE_115,evaluation,STRESS,37,2025-11-26,2025-11-25,11057.000000000002,266.40000000000146,10.0,24.00000000000162,0.0,8,1,1,2025-12-08,2025-12-05,False,232.39999999999984,0.021018359410328282
ADD_GATE_EXPOSURE_115,evaluation,STRESS,38,2025-12-19,2025-12-18,342141.8020000001,4204.5,274.9938000000001,730.0000000000493,6605.099999999999,35,1,3,2026-02-10,2026-02-09,False,9804.60619999995,0.028656557435212043
ADD_GATE_EXPOSURE_115,evaluation,STRESS,39,2026-03-25,2026-03-24,11292.5,157.50000000000182,10.0,24.999999999999467,0.0,10,1,1,2026-04-09,2026-04-08,False,122.50000000000236,0.010847907903475966
ADD_GATE_EXPOSURE_115,evaluation,STRESS,40,2026-05-06,2026-04-30,396657.99976000004,-1872.1999999999534,316.12504,814.0000000000549,0.0,9,1,1,2026-05-19,2026-05-18,False,-3002.3250400000084,-0.007569052034287927
ADD_GATE_EXPOSURE_115,evaluation,STRESS,41,2026-06-05,2026-06-04,392785.65144,2818.4000000000233,314.91064,798.999999999983,0.0,12,1,2,2026-06-24,2026-06-23,False,1704.4893600000403,0.004339489881443416
ADD_GATE_EXPOSURE_115,evaluation,STRESS,42,2026-07-21,2026-07-20,373840.7816,-5236.8000000000575,297.61632000000003,795.9999999999852,0.0,10,2,2,2026-08-04,2026-08-03,False,-6330.416320000043,-0.016933455715843825
ADD_GATE_EXPOSURE_115,evaluation,STRESS,43,2026-08-07,2026-08-06,325660.31204000005,2142.0999999999767,261.00452000000007,690.9999999999852,0.0,5,1,1,2026-08-14,2026-08-13,True,1190.0954799999915,0.003654407479207399
ADD_GATE_EXPOSURE_115,earlier_diagnostic,BASE,1,2015-01-05,2014-12-31,250735.73712,41261.499999999985,108.45904,337.50000000000557,1032.5,88,3,4,2015-05-18,2015-05-15,False,41848.04095999998,0.1669009828462221
ADD_GATE_EXPOSURE_115,earlier_diagnostic,BASE,2,2015-06-03,2015-06-02,50568.31164,-6987.4000000000015,18.814040000000002,58.799999999993524,0.0,17,1,1,2015-06-29,2015-06-26,False,-7065.0140399999955,-0.13971227851735324
ADD_GATE_EXPOSURE_115,earlier_diagnostic,BASE,3,2015-08-27,2015-08-26,6567.5,577.5,10.0,8.400000000000007,0.0,10,1,1,2015-09-14,2015-09-11,False,559.1,0.0851313285116102
ADD_GATE_EXPOSURE_115,earlier_diagnostic,BASE,4,2015-09-29,2015-09-28,234942.77915999998,31509.5,100.20326,284.79999999999313,0.0,61,2,3,2015-12-30,2015-12-29,False,31124.49674000001,0.13247692417396537
ADD_GATE_EXPOSURE_115,earlier_diagnostic,BASE,5,2016-01-13,2016-01-12,7560.5,-765.8999999999996,10.0,9.20000000000103,117.3,10,1,1,2016-01-27,2016-01-26,False,-667.8000000000008,-0.08832749156801808
ADD_GATE_EXPOSURE_115,earlier_diagnostic,BASE,6,2016-05-03,2016-04-29,244871.46450000003,4530.0,98.77300000000001,310.00000000002615,0.0,61,1,2,2016-07-29,2016-07-28,False,4121.2269999999735,0.01683016438201591
ADD_GATE_EXPOSURE_115,earlier_diagnostic,BASE,7,2016-09-07,2016-09-06,269705.83038,-3559.5,107.08558000000001,316.4000000000354,0.0,17,1,1,2016-10-11,2016-10-10,False,-3982.9855800000355,-0.014767888311454884
ADD_GATE_EXPOSURE_115,earlier_diagnostic,BASE,8,2017-02-13,2017-02-10,265662.32184,1867.2000000000116,106.55488000000001,311.2000000000003,0.0,11,1,1,2017-02-28,2017-02-27,False,1449.4451200000115,0.00545596797453636
ADD_GATE_EXPOSURE_115,earlier_diagnostic,BASE,9,2017-05-10,2017-05-09,7377.2,178.19999999999982,10.0,8.800000000000008,0.0,5,1,1,2017-05-17,2017-05-16,False,159.3999999999998,0.021607113810117633
ADD_GATE_EXPOSURE_115,earlier_diagnostic,BASE,10,2017-05-18,2017-05-17,266691.72768,29505.200000000026,112.49368000000001,313.6000000000003,0.0,61,1,2,2017-08-15,2017-08-14,False,29079.106320000028,0.10903640158982238
ADD_GATE_EXPOSURE_115,earlier_diagnostic,BASE,11,2017-10-23,2017-10-20,296441.97654,7183.699999999953,119.91552000000001,371.49999999999204,0.0,49,1,2,2017-12-29,2017-12-28,False,6692.284479999961,0.02257536047394741
ADD_GATE_EXPOSURE_115,earlier_diagnostic,BASE,12,2018-01-12,2018-01-11,266291.04756,6447.799999999988,107.70956000000001,375.59999999995864,2879.6,7,1,1,2018-01-23,2018-01-22,False,8844.09044000003,0.033212120801797904
ADD_GATE_EXPOSURE_115,earlier_diagnostic,BASE,13,2018-02-13,2018-02-12,257137.81728,10036.800000000017,104.77632,328.00000000002217,0.0,11,1,1,2018-03-07,2018-03-06,False,9604.023679999995,0.03734971301223295
ADD_GATE_EXPOSURE_115,earlier_diagnostic,BASE,14,2018-03-28,2018-03-27,8919.8,94.29999999999927,10.0,9.199999999998987,0.0,10,1,1,2018-04-13,2018-04-12,False,75.10000000000028,0.008419471288593947
ADD_GATE_EXPOSURE_115,earlier_diagnostic,BASE,15,2018-04-19,2018-04-18,9045.8,26.399999999999636,10.0,9.599999999998943,0.0,10,1,1,2018-05-07,2018-05-04,False,6.8000000000006935,0.0007517300846802598
ADD_GATE_EXPOSURE_115,earlier_diagnostic,BASE,16,2018-06-25,2018-06-22,9130.0,-495.0,10.0,10.000000000000009,0.0,3,1,1,2018-06-28,2018-06-27,False,-515.0,-0.05640744797371303
ADD_GATE_EXPOSURE_115,earlier_diagnostic,BASE,17,2018-10-09,2018-10-08,255847.35924,-3440.999999999971,101.5682,310.4000000000003,0.0,9,2,1,2018-10-22,2018-10-19,False,-3852.968199999971,-0.015059636384152234
ADD_GATE_EXPOSURE_115,earlier_diagnostic,BASE,18,2018-12-25,2018-12-24,8905.1,179.79999999999927,10.0,11.599999999998722,0.0,10,1,1,2019-01-10,2019-01-09,False,158.20000000000056,0.017765100897238723
ADD_GATE_EXPOSURE_115,earlier_diagnostic,BASE,19,2019-02-28,2019-02-27,317432.07372,10650.599999999977,129.00908000000004,342.4000000000003,0.0,5,2,1,2019-03-07,2019-03-06,False,10179.190919999977,0.03206730435494311
ADD_GATE_EXPOSURE_115,earlier_diagnostic,BASE,20,2019-04-30,2019-04-29,9341.0,-479.9999999999982,10.0,9.600000000001074,0.0,2,1,1,2019-05-07,2019-05-06,False,-499.5999999999992,-0.05348463761909852
ADD_GATE_EXPOSURE_115,earlier_diagnostic,BASE,21,2019-05-31,2019-05-30,326567.70048,13708.799999999988,133.27104000000003,358.4000000000003,0.0,17,1,1,2019-06-26,2019-06-25,False,13217.12895999999,0.04047286042242701
ADD_GATE_EXPOSURE_115,earlier_diagnostic,BASE,22,2019-08-20,2019-08-19,339902.56692,5203.799999999988,136.90404,352.80000000003946,0.0,28,1,1,2019-09-30,2019-09-27,False,4714.095959999949,0.013868962516865799
ADD_GATE_EXPOSURE_115,earlier_diagnostic,BASE,23,2019-11-12,2019-11-11,344936.9736,-1392.0,137.5992,348.00000000000034,0.0,20,1,1,2019-12-10,2019-12-09,False,-1877.5992000000006,-0.005443310934180471
ADD_GATE_EXPOSURE_115,earlier_diagnostic,BASE,24,2019-12-30,2019-12-27,342437.07372000004,5380.199999999953,137.921,512.4000000000194,0.0,1,1,1,2019-12-31,2019-12-30,True,4729.8789999999335,0.013812403396097836
ADD_GATE_EXPOSURE_115,earlier_diagnostic,STRESS,1,2015-01-05,2014-12-31,250943.23716000002,41245.40000000001,216.92452000000003,619.8999999999944,1032.5,88,3,4,2015-05-18,2015-05-15,False,41441.075480000014,0.1651412325313131
ADD_GATE_EXPOSURE_115,earlier_diagnostic,STRESS,2,2015-06-03,2015-06-02,50607.83504,-6987.4000000000015,37.632000000000005,107.80000000000118,0.0,17,1,1,2015-06-29,2015-06-26,False,-7132.832000000002,-0.1409432352591703
ADD_GATE_EXPOSURE_115,earlier_diagnostic,STRESS,3,2015-08-27,2015-08-26,6571.700000000001,577.5,10.0,16.800000000000015,0.0,10,1,1,2015-09-14,2015-09-11,False,550.6999999999999,0.0837987126618683
ADD_GATE_EXPOSURE_115,earlier_diagnostic,STRESS,4,2015-09-29,2015-09-28,234475.75280000002,31425.70000000001,199.84868,568.0000000000005,0.0,61,2,3,2015-12-30,2015-12-29,False,30657.851320000012,0.1307506254011268
ADD_GATE_EXPOSURE_115,earlier_diagnostic,STRESS,5,2016-01-13,2016-01-12,7565.099999999999,-765.8999999999996,10.0,16.10000000000027,117.3,10,1,1,2016-01-27,2016-01-26,False,-674.6999999999999,-0.08918586667724154
ADD_GATE_EXPOSURE_115,earlier_diagnostic,STRESS,6,2016-05-03,2016-04-29,244126.81168,4557.600000000006,196.79936000000004,617.6000000000006,0.0,61,1,2,2016-07-29,2016-07-28,False,3743.2006400000055,0.015333017353729139
ADD_GATE_EXPOSURE_115,earlier_diagnostic,STRESS,7,2016-09-07,2016-09-06,268553.07828,-3541.5,213.08812,629.6000000000006,0.0,17,1,1,2016-10-11,2016-10-10,False,-4384.188120000001,-0.01632522013182414
ADD_GATE_EXPOSURE_115,earlier_diagnostic,STRESS,8,2017-02-13,2017-02-10,264162.42272,1855.2000000000116,211.74016,618.4000000000005,0.0,11,1,1,2017-02-28,2017-02-27,False,1025.059840000011,0.003880415047095958
ADD_GATE_EXPOSURE_115,earlier_diagnostic,STRESS,9,2017-05-10,2017-05-09,7381.6,178.19999999999982,10.0,17.600000000000016,0.0,5,1,1,2017-05-17,2017-05-16,False,150.5999999999998,0.020402080849680256
ADD_GATE_EXPOSURE_115,earlier_diagnostic,STRESS,10,2017-05-18,2017-05-17,264859.30136000004,29283.199999999968,223.26704,622.4000000000005,0.0,61,1,2,2017-08-15,2017-08-14,False,28437.532959999968,0.1073684511511541
ADD_GATE_EXPOSURE_115,earlier_diagnostic,STRESS,11,2017-10-23,2017-10-20,293455.8354,7098.599999999977,237.24564000000004,661.4999999999925,0.0,49,1,2,2017-12-29,2017-12-28,False,6199.854359999984,0.021127044045824363
ADD_GATE_EXPOSURE_115,earlier_diagnostic,STRESS,12,2018-01-12,2018-01-11,263064.1836,6365.399999999965,212.66616,617.9999999999868,2842.7999999999997,7,1,1,2018-01-23,2018-01-22,False,8377.533839999976,0.03184596901544896
ADD_GATE_EXPOSURE_115,earlier_diagnostic,STRESS,13,2018-02-13,2018-02-12,254182.43232000002,9914.400000000023,206.99712,583.2000000000221,0.0,11,1,1,2018-03-07,2018-03-06,False,9124.20288,0.03589627653146851
ADD_GATE_EXPOSURE_115,earlier_diagnostic,STRESS,14,2018-03-28,2018-03-27,8924.4,94.29999999999927,10.0,18.400000000000016,0.0,10,1,1,2018-04-13,2018-04-12,False,65.89999999999925,0.007384249921563271
ADD_GATE_EXPOSURE_115,earlier_diagnostic,STRESS,15,2018-04-19,2018-04-18,9050.6,26.399999999999636,10.0,19.19999999999895,0.0,10,1,1,2018-05-07,2018-05-04,False,-2.799999999999315,-0.00030937175435875137
ADD_GATE_EXPOSURE_115,earlier_diagnostic,STRESS,16,2018-06-25,2018-06-22,9135.0,-495.0,10.0,20.000000000000018,0.0,3,1,1,2018-06-28,2018-06-27,False,-525.0,-0.05747126436781609
ADD_GATE_EXPOSURE_115,earlier_diagnostic,STRESS,17,2018-10-09,2018-10-08,252430.53183999998,-3398.5999999999767,200.25943999999998,612.0000000000006,0.0,9,2,1,2018-10-22,2018-10-19,False,-4210.859439999977,-0.016681260421655252
ADD_GATE_EXPOSURE_115,earlier_diagnostic,STRESS,18,2018-12-25,2018-12-24,8910.9,179.79999999999927,10.0,23.20000000000002,0.0,10,1,1,2019-01-10,2019-01-09,False,146.59999999999926,0.01645176132601637
ADD_GATE_EXPOSURE_115,earlier_diagnostic,STRESS,19,2019-02-28,2019-02-27,312839.48575999995,10491.799999999988,254.09848,674.4000000000005,0.0,5,2,1,2019-03-07,2019-03-06,False,9563.301519999986,0.03056935570894217
ADD_GATE_EXPOSURE_115,earlier_diagnostic,STRESS,20,2019-04-30,2019-04-29,8956.6,-460.0,10.0,18.400000000000016,0.0,2,1,1,2019-05-07,2019-05-06,False,-488.40000000000003,-0.0545296206149655
ADD_GATE_EXPOSURE_115,earlier_diagnostic,STRESS,21,2019-05-31,2019-05-30,321705.83088,24519.600000000035,266.78736000000004,705.6000000000006,0.0,23,1,1,2019-07-04,2019-07-03,False,23547.212640000034,0.07319485809625693
ADD_GATE_EXPOSURE_115,earlier_diagnostic,STRESS,22,2019-08-20,2019-08-19,301967.2386,4619.700000000012,243.07452,626.4000000000005,0.0,28,1,1,2019-09-30,2019-09-27,False,3750.225480000011,0.012419312430669793
ADD_GATE_EXPOSURE_115,earlier_diagnostic,STRESS,23,2019-11-12,2019-11-11,349147.6032,-1408.0,278.3616,704.0000000000007,0.0,20,1,1,2019-12-10,2019-12-09,False,-2390.3616000000006,-0.006846278130200266
ADD_GATE_EXPOSURE_115,earlier_diagnostic,STRESS,24,2019-12-30,2019-12-27,346287.75972,5436.899999999965,278.749,862.9999999999816,0.0,1,1,1,2019-12-31,2019-12-30,True,4295.1509999999835,0.012403415597111894
ADD_GATE_EXPOSURE_120,evaluation,BASE,1,2020-01-02,2019-12-31,199593.11064,-1500.3999999999942,79.46312,290.400000000011,0.0,14,1,1,2020-01-22,2020-01-21,False,-1870.263120000005,-0.009370379137851815
ADD_GATE_EXPOSURE_120,evaluation,BASE,2,2020-02-05,2020-02-04,149955.58512,11434.800000000017,62.217600000000004,198.00000000001336,0.0,19,1,2,2020-03-03,2020-03-02,False,11174.582400000005,0.07451928109951818
ADD_GATE_EXPOSURE_120,evaluation,BASE,3,2020-03-23,2020-03-20,6026.400000000001,374.0,10.0,6.800000000000006,0.0,10,1,1,2020-04-07,2020-04-03,False,357.2,0.05927253418292844
ADD_GATE_EXPOSURE_120,evaluation,BASE,4,2020-07-01,2020-06-30,209538.19925999996,25932.599999999977,88.9254,298.2000000000113,0.0,5,2,1,2020-07-08,2020-07-07,False,25545.474599999965,0.12191321052779754
ADD_GATE_EXPOSURE_120,evaluation,BASE,5,2020-08-19,2020-08-18,93035.6034,-2788.5999999999913,36.62616,114.60000000000434,0.0,31,1,1,2020-10-09,2020-09-30,False,-2939.8261599999955,-0.031598936886134014
ADD_GATE_EXPOSURE_120,evaluation,BASE,6,2020-12-15,2020-12-14,232092.80928000002,23662.199999999983,97.49532,278.40000000001055,2196.0,25,1,2,2021-01-20,2021-01-19,False,25482.304679999972,0.1097935983413332
ADD_GATE_EXPOSURE_120,evaluation,BASE,7,2021-02-03,2021-02-02,51653.928719999996,2359.4000000000087,21.11804,56.40000000000214,0.0,7,1,1,2021-02-19,2021-02-18,False,2281.881960000007,0.044176348567199694
ADD_GATE_EXPOSURE_120,evaluation,BASE,8,2021-03-11,2021-03-10,7545.5,-177.0000000000009,10.0,8.999999999999009,0.0,10,1,1,2021-03-25,2021-03-24,False,-195.99999999999991,-0.025975747134053397
ADD_GATE_EXPOSURE_120,evaluation,BASE,9,2021-06-08,2021-06-07,259387.76833999998,-2615.7999999999884,108.30467999999999,294.60000000001116,0.0,31,2,2,2021-07-22,2021-07-21,False,-3018.70468,-0.01163780659095361
ADD_GATE_EXPOSURE_120,evaluation,BASE,10,2021-07-29,2021-07-28,256425.87492,8420.299999999988,104.17114000000001,313.79999999996545,0.0,10,1,1,2021-08-12,2021-08-11,False,8002.328860000022,0.03120718165628409
ADD_GATE_EXPOSURE_120,evaluation,BASE,11,2021-10-29,2021-10-28,363630.01146000007,6877.0,146.71108,436.19999999996963,0.0,32,3,2,2021-12-14,2021-12-13,False,6294.08892000003,0.017309046892826092
ADD_GATE_EXPOSURE_120,evaluation,BASE,12,2022-01-10,2022-01-07,7830.6,-204.80000000000018,10.0,9.600000000000364,120.0,10,1,1,2022-01-24,2022-01-21,False,-104.40000000000055,-0.013332311700252923
ADD_GATE_EXPOSURE_120,evaluation,BASE,13,2022-01-27,2022-01-26,7988.2,-149.59999999999854,10.0,10.200000000000387,0.0,10,1,1,2022-02-17,2022-02-16,False,-169.79999999999893,-0.021256353120853125
ADD_GATE_EXPOSURE_120,evaluation,BASE,14,2022-03-11,2022-03-10,7620.8,-347.39999999999964,10.0,10.80000000000041,0.0,3,1,1,2022-03-16,2022-03-15,False,-368.20000000000005,-0.04831513751837078
ADD_GATE_EXPOSURE_120,evaluation,BASE,15,2022-04-25,2022-04-22,7899.0,20.0,10.0,8.000000000000007,0.0,10,1,1,2022-05-12,2022-05-11,False,1.999999999999993,0.0002531966071654631
ADD_GATE_EXPOSURE_120,evaluation,BASE,16,2022-05-13,2022-05-12,518017.18272,5771.200000000012,208.17182,739.2999999999765,0.0,20,3,2,2022-06-13,2022-06-10,False,4823.7281800000355,0.009311907675864432
ADD_GATE_EXPOSURE_120,evaluation,BASE,17,2022-08-05,2022-08-04,275174.5428,-5507.899999999994,112.28680000000001,388.2000000000147,0.0,21,2,2,2022-09-05,2022-09-02,False,-6008.386800000008,-0.02183482068821669
ADD_GATE_EXPOSURE_120,evaluation,BASE,18,2022-09-21,2022-09-20,7969.0,-386.0,10.0,8.000000000000007,0.0,10,1,1,2022-10-12,2022-10-11,False,-404.0,-0.050696448738863094
ADD_GATE_EXPOSURE_120,evaluation,BASE,19,2022-10-27,2022-10-26,7861.1,149.10000000000036,10.0,8.400000000000007,0.0,7,1,1,2022-11-07,2022-11-04,False,130.70000000000036,0.016626171909783664
ADD_GATE_EXPOSURE_120,evaluation,BASE,20,2023-01-17,2023-01-16,238027.99607999998,-1262.7999999999593,94.87072,344.40000000001305,0.0,2,1,1,2023-01-19,2023-01-18,False,-1702.0707199999722,-0.007150716504070029
ADD_GATE_EXPOSURE_120,evaluation,BASE,21,2023-04-03,2023-03-31,267146.11854,1911.0999999999767,107.14022000000001,395.39999999995644,0.0,7,1,1,2023-04-13,2023-04-12,False,1408.5597800000203,0.005272619298000826
ADD_GATE_EXPOSURE_120,evaluation,BASE,22,2023-05-29,2023-05-26,7725.0,-36.0,10.0,7.999999999999119,0.0,10,1,1,2023-06-12,2023-06-09,False,-53.99999999999912,-0.006990291262135808
ADD_GATE_EXPOSURE_120,evaluation,BASE,23,2023-08-23,2023-08-22,8010.200000000001,210.0,10.0,8.40000000000094,0.0,9,1,1,2023-09-05,2023-09-04,False,191.59999999999906,0.02391950263414135
ADD_GATE_EXPOSURE_120,evaluation,BASE,24,2023-10-18,2023-10-17,7777.1,-39.899999999999636,10.0,8.40000000000094,0.0,10,1,1,2023-11-01,2023-10-31,False,-58.30000000000058,-0.007496367540600041
ADD_GATE_EXPOSURE_120,evaluation,BASE,25,2023-11-29,2023-11-28,7898.6,-228.79999999999927,10.0,8.800000000000985,0.0,10,1,1,2023-12-13,2023-12-12,False,-247.60000000000025,-0.031347327374471455
ADD_GATE_EXPOSURE_120,evaluation,BASE,26,2024-02-19,2024-02-08,268228.73502,4500.099999999977,108.10734000000002,313.5999999999867,0.0,5,2,1,2024-02-26,2024-02-23,False,4078.3926599999895,0.015204905841635093
ADD_GATE_EXPOSURE_120,evaluation,BASE,27,2024-03-05,2024-03-04,271566.70248,6948.0,109.93280000000001,308.79999999996596,0.0,54,1,1,2024-05-27,2024-05-24,False,6529.267200000035,0.02404295939219903
ADD_GATE_EXPOSURE_120,evaluation,BASE,28,2024-06-04,2024-06-03,165642.97128,4539.399999999994,70.4623,190.80000000000018,0.0,32,2,1,2024-07-19,2024-07-18,False,4278.137699999994,0.025827462927891485
ADD_GATE_EXPOSURE_120,evaluation,BASE,29,2024-08-02,2024-08-01,274937.77655999997,-4684.600000000035,108.95267999999999,317.60000000000025,0.0,3,1,1,2024-08-07,2024-08-06,False,-5111.152680000036,-0.018590216098894736
ADD_GATE_EXPOSURE_120,evaluation,BASE,30,2024-08-28,2024-08-27,277908.37056,-10268.8,112.45856,329.5999999999992,0.0,15,1,2,2024-09-20,2024-09-19,False,-10710.858559999997,-0.03854097139433783
ADD_GATE_EXPOSURE_120,evaluation,BASE,31,2024-09-25,2024-09-24,267464.08212000004,89392.20000000001,124.76608000000002,382.9999999999578,0.0,4,1,1,2024-10-08,2024-09-30,False,88884.43392000005,0.3323228794516091
ADD_GATE_EXPOSURE_120,evaluation,BASE,32,2024-10-09,2024-10-08,139816.75776,-7987.0,54.27900000000001,195.6000000000074,0.0,10,1,1,2024-10-23,2024-10-22,False,-8236.879000000008,-0.05891195827998585
ADD_GATE_EXPOSURE_120,evaluation,BASE,33,2025-01-08,2025-01-07,10072.199999999999,119.60000000000036,10.0,10.399999999998855,0.0,10,1,1,2025-01-22,2025-01-21,False,99.20000000000151,0.009848891006930116
ADD_GATE_EXPOSURE_120,evaluation,BASE,34,2025-04-09,2025-04-08,288423.6732,14586.0,118.2012,312.0000000000349,0.0,11,1,1,2025-04-24,2025-04-23,False,14155.798799999966,0.04907987837109331
ADD_GATE_EXPOSURE_120,evaluation,BASE,35,2025-06-03,2025-05-30,372269.33898000006,20041.70000000007,152.7958,452.5000000000236,2068.0,41,2,2,2025-07-30,2025-07-29,False,21504.404200000048,0.05776571409002169
ADD_GATE_EXPOSURE_120,evaluation,BASE,36,2025-09-05,2025-09-04,383479.98066000006,15670.199999999953,156.39204,516.5999999999431,0.0,7,1,1,2025-09-16,2025-09-15,False,14997.20796000001,0.039108190039512894
ADD_GATE_EXPOSURE_120,evaluation,BASE,37,2025-11-26,2025-11-25,11972.8,288.6000000000022,10.0,15.600000000000591,0.0,8,1,1,2025-12-08,2025-12-05,False,263.0000000000016,0.021966457303220766
ADD_GATE_EXPOSURE_120,evaluation,BASE,38,2025-12-19,2025-12-18,368157.41676,4530.699999999997,148.04534,471.59999999996654,7109.4,35,1,3,2026-02-10,2026-02-09,False,11020.45466000003,0.02993408297186149
ADD_GATE_EXPOSURE_120,evaluation,BASE,39,2026-03-25,2026-03-24,12190.1,170.10000000000036,10.0,16.200000000000614,0.0,10,1,1,2026-04-09,2026-04-08,False,143.89999999999975,0.011804661159465447
ADD_GATE_EXPOSURE_120,evaluation,BASE,40,2026-05-06,2026-04-30,410051.79396,-1936.5999999999767,163.49956,505.20000000001914,0.0,9,1,1,2026-05-19,2026-05-18,False,-2605.299559999996,-0.006353586542909112
ADD_GATE_EXPOSURE_120,evaluation,BASE,41,2026-06-05,2026-06-04,406303.64447999996,2771.7999999999884,162.94408,496.2000000000004,0.0,12,1,2,2026-06-24,2026-06-23,False,2112.655919999988,0.005199697193717843
ADD_GATE_EXPOSURE_120,evaluation,BASE,42,2026-07-21,2026-07-20,404586.26696000004,-5671.000000000104,165.73008000000004,517.1999999999454,0.0,10,2,2,2026-08-04,2026-08-03,False,-6353.930080000049,-0.01570475964926471
ADD_GATE_EXPOSURE_120,evaluation,BASE,43,2026-08-07,2026-08-06,352303.64664,2318.7999999999884,141.26728000000003,448.800000000017,0.0,5,1,1,2026-08-14,2026-08-13,True,1728.7327199999713,0.004906939614412988
ADD_GATE_EXPOSURE_120,evaluation,STRESS,1,2020-01-02,2019-12-31,199729.86,-1500.3999999999942,158.92624,483.99999999998965,0.0,14,1,1,2020-01-22,2020-01-21,False,-2143.326239999984,-0.010731125731525492
ADD_GATE_EXPOSURE_120,evaluation,STRESS,2,2020-02-05,2020-02-04,149685.8504,11407.500000000015,124.1216,355.5000000000134,0.0,19,1,2,2020-03-03,2020-03-02,False,10927.878400000001,0.07300542015693423
ADD_GATE_EXPOSURE_120,evaluation,STRESS,3,2020-03-23,2020-03-20,6029.8,374.0,10.0,13.599999999999257,0.0,10,1,1,2020-04-07,2020-04-03,False,350.4000000000007,0.058111380145278564
ADD_GATE_EXPOSURE_120,evaluation,STRESS,4,2020-07-01,2020-06-30,208832.49959999998,25831.5,177.1338,495.0000000000028,0.0,5,2,1,2020-07-08,2020-07-07,False,25159.366199999997,0.12047629678421949
ADD_GATE_EXPOSURE_120,evaluation,STRESS,5,2020-08-19,2020-08-18,92605.0272,-2774.0,72.8688,189.99999999999596,0.0,31,1,1,2020-10-09,2020-09-30,False,-3036.868799999996,-0.03279377904010805
ADD_GATE_EXPOSURE_120,evaluation,STRESS,6,2020-12-15,2020-12-14,231231.05544,23553.600000000006,194.12904000000003,508.2000000000056,2188.7999999999997,25,1,2,2021-01-20,2021-01-19,False,25040.07096,0.10829025933541793
ADD_GATE_EXPOSURE_120,evaluation,STRESS,7,2021-02-03,2021-02-02,51142.548839999996,2334.300000000003,41.78676,111.60000000000423,0.0,7,1,1,2021-02-19,2021-02-18,False,2180.913239999999,0.04264381204040121
ADD_GATE_EXPOSURE_120,evaluation,STRESS,8,2021-03-11,2021-03-10,7550.0,-177.0000000000009,10.0,16.50000000000018,0.0,10,1,1,2021-03-25,2021-03-24,False,-203.50000000000108,-0.026953642384106104
ADD_GATE_EXPOSURE_120,evaluation,STRESS,9,2021-06-08,2021-06-07,257999.75864000001,-2600.1999999999825,207.54744,585.6000000000222,0.0,31,2,2,2021-07-22,2021-07-21,False,-3393.3474400000046,-0.013152521761599445
ADD_GATE_EXPOSURE_120,evaluation,STRESS,10,2021-07-29,2021-07-28,254619.40704000002,8355.899999999994,206.72808000000003,570.8999999999602,0.0,10,1,1,2021-08-12,2021-08-11,False,7578.271920000034,0.02976313552882286
ADD_GATE_EXPOSURE_120,evaluation,STRESS,11,2021-10-29,2021-10-28,357818.97036000004,6849.999999999942,288.56632,785.9999999999741,0.0,32,3,2,2021-12-14,2021-12-13,False,5775.433679999967,0.016140658149536705
ADD_GATE_EXPOSURE_120,evaluation,STRESS,12,2022-01-10,2022-01-07,7833.799999999999,-204.80000000000018,10.0,15.999999999999659,120.0,10,1,1,2022-01-24,2022-01-21,False,-110.79999999999984,-0.014143838239424016
ADD_GATE_EXPOSURE_120,evaluation,STRESS,13,2022-01-27,2022-01-26,7991.6,-149.59999999999854,10.0,17.000000000001148,0.0,10,1,1,2022-02-17,2022-02-16,False,-176.59999999999968,-0.02209820311326889
ADD_GATE_EXPOSURE_120,evaluation,STRESS,14,2022-03-11,2022-03-10,7624.4,-347.39999999999964,10.0,17.999999999999616,0.0,3,1,1,2022-03-16,2022-03-15,False,-375.39999999999924,-0.049236661245474954
ADD_GATE_EXPOSURE_120,evaluation,STRESS,15,2022-04-25,2022-04-22,7903.000000000001,20.0,10.0,16.000000000000902,0.0,10,1,1,2022-05-12,2022-05-11,False,-6.000000000000902,-0.0007592053650513604
ADD_GATE_EXPOSURE_120,evaluation,STRESS,16,2022-05-13,2022-05-12,512207.20096000005,5704.0,411.39188,1229.1000000000188,0.0,20,3,2,2022-06-13,2022-06-10,False,4063.5081199999813,0.007933328763016188
ADD_GATE_EXPOSURE_120,evaluation,STRESS,17,2022-08-05,2022-08-04,271524.60332,-5421.399999999994,216.54523999999998,637.9999999999882,0.0,21,2,2,2022-09-05,2022-09-02,False,-6275.945239999983,-0.023113725840172173
ADD_GATE_EXPOSURE_120,evaluation,STRESS,18,2022-09-21,2022-09-20,7574.6,-366.6999999999998,10.0,15.200000000000014,0.0,10,1,1,2022-10-12,2022-10-11,False,-391.8999999999998,-0.051738705674227
ADD_GATE_EXPOSURE_120,evaluation,STRESS,19,2022-10-27,2022-10-26,7865.3,149.10000000000036,10.0,16.800000000000015,0.0,7,1,1,2022-11-07,2022-11-04,False,122.30000000000035,0.015549311532935851
ADD_GATE_EXPOSURE_120,evaluation,STRESS,20,2023-01-17,2023-01-16,234870.71072,-1245.1999999999534,187.09696,566.0000000000382,0.0,2,1,1,2023-01-19,2023-01-18,False,-1998.2969599999917,-0.008508072180963645
ADD_GATE_EXPOSURE_120,evaluation,STRESS,21,2023-04-03,2023-03-31,262869.1056,1879.2000000000116,210.70368000000002,647.9999999999861,0.0,7,1,1,2023-04-13,2023-04-12,False,1020.4963200000254,0.003882146278356818
ADD_GATE_EXPOSURE_120,evaluation,STRESS,22,2023-05-29,2023-05-26,7729.0,-36.0,10.0,15.999999999999126,0.0,10,1,1,2023-06-12,2023-06-09,False,-61.999999999999126,-0.008021736317764152
ADD_GATE_EXPOSURE_120,evaluation,STRESS,23,2023-08-23,2023-08-22,7633.0,200.0,10.0,16.000000000000014,0.0,9,1,1,2023-09-05,2023-09-04,False,174.0,0.022795755273156033
ADD_GATE_EXPOSURE_120,evaluation,STRESS,24,2023-10-18,2023-10-17,7781.3,-39.899999999999636,10.0,16.80000000000095,0.0,10,1,1,2023-11-01,2023-10-31,False,-66.70000000000059,-0.008571832470152876
ADD_GATE_EXPOSURE_120,evaluation,STRESS,25,2023-11-29,2023-11-28,7903.0,-228.79999999999927,10.0,17.600000000000016,0.0,10,1,1,2023-12-13,2023-12-12,False,-256.3999999999993,-0.03244337593318984
ADD_GATE_EXPOSURE_120,evaluation,STRESS,26,2024-02-19,2024-02-08,263642.4148,4423.0,212.3524,616.0000000000006,0.0,5,2,1,2024-02-26,2024-02-23,False,3594.6476,0.01363455725713524
ADD_GATE_EXPOSURE_120,evaluation,STRESS,27,2024-03-05,2024-03-04,266846.89608000003,6822.0,215.8784,606.4000000000005,0.0,54,1,1,2024-05-27,2024-05-24,False,5999.7216,0.022483760119140744
ADD_GATE_EXPOSURE_120,evaluation,STRESS,28,2024-06-04,2024-06-03,161941.59168,4440.399999999994,132.96872000000002,372.80000000000035,0.0,32,2,1,2024-07-19,2024-07-18,False,3934.631279999994,0.024296607432233396
ADD_GATE_EXPOSURE_120,evaluation,STRESS,29,2024-08-02,2024-08-01,267874.30688,-4560.700000000012,212.14212000000003,618.3999999999662,0.0,3,1,1,2024-08-07,2024-08-06,False,-5391.242119999978,-0.02012601425942317
ADD_GATE_EXPOSURE_120,evaluation,STRESS,30,2024-08-28,2024-08-27,271715.6428,-10031.3,214.89164,644.0000000000006,0.0,15,1,2,2024-09-20,2024-09-19,False,-10890.19164,-0.040079369475300594
ADD_GATE_EXPOSURE_120,evaluation,STRESS,31,2024-09-25,2024-09-24,261031.47083999997,87174.89999999997,243.34271999999999,672.2999999999922,0.0,4,1,1,2024-10-08,2024-09-30,False,86259.25727999998,0.33045539299310334
ADD_GATE_EXPOSURE_120,evaluation,STRESS,32,2024-10-09,2024-10-08,136047.3972,-7766.5,105.561,316.99999999999324,0.0,10,1,1,2024-10-23,2024-10-22,False,-8189.060999999993,-0.060192706134329435
ADD_GATE_EXPOSURE_120,evaluation,STRESS,33,2025-01-08,2025-01-07,10077.4,119.60000000000036,10.0,20.80000000000002,0.0,10,1,1,2025-01-22,2025-01-21,False,88.80000000000035,0.008811796693591636
ADD_GATE_EXPOSURE_120,evaluation,STRESS,34,2025-04-09,2025-04-08,280866.40164000005,14193.299999999988,230.03772000000004,607.2000000000342,0.0,11,1,1,2025-04-24,2025-04-23,False,13356.062279999955,0.04755307933598644
ADD_GATE_EXPOSURE_120,evaluation,STRESS,35,2025-06-03,2025-05-30,374904.30176000006,19923.20000000001,307.43892000000005,834.6999999999925,2129.6,41,2,2,2025-07-30,2025-07-29,False,20910.661080000016,0.05577599665257042
ADD_GATE_EXPOSURE_120,evaluation,STRESS,36,2025-09-05,2025-09-04,373478.3316,15251.599999999977,304.42864,837.9999999999822,0.0,7,1,1,2025-09-16,2025-09-15,False,14109.171359999995,0.037777750852520935
ADD_GATE_EXPOSURE_120,evaluation,STRESS,37,2025-11-26,2025-11-25,11517.500000000002,277.5,10.0,25.000000000001688,0.0,8,1,1,2025-12-08,2025-12-05,False,242.49999999999832,0.021054916431517107
ADD_GATE_EXPOSURE_120,evaluation,STRESS,38,2025-12-19,2025-12-18,357608.48620000004,4352.199999999997,287.40808000000004,763.0000000000516,6924.9,35,1,3,2026-02-10,2026-02-09,False,10226.691919999947,0.02859745312162546
ADD_GATE_EXPOSURE_120,evaluation,STRESS,39,2026-03-25,2026-03-24,11744.0,163.8000000000011,10.0,25.999999999999446,0.0,10,1,1,2026-04-09,2026-04-08,False,127.80000000000165,0.010882152588555998
ADD_GATE_EXPOSURE_120,evaluation,STRESS,40,2026-05-06,2026-04-30,398119.88428,-1879.0999999999767,317.29012,817.0000000000551,0.0,9,1,1,2026-05-19,2026-05-18,False,-3013.390120000032,-0.007569052034287987
ADD_GATE_EXPOSURE_120,evaluation,STRESS,41,2026-06-05,2026-06-04,394260.44112,2694.7999999999884,316.03936,801.999999999983,0.0,12,1,2,2026-06-24,2026-06-23,False,1576.7606400000057,0.003999286957425413
ADD_GATE_EXPOSURE_120,evaluation,STRESS,42,2026-07-21,2026-07-20,391217.7424,-5480.300000000105,311.02848,832.9999999999844,0.0,10,2,2,2026-08-04,2026-08-03,False,-6624.328480000089,-0.01693258705334242
ADD_GATE_EXPOSURE_120,evaluation,STRESS,43,2026-08-07,2026-08-06,340741.54212000006,2241.2999999999884,273.0915600000001,722.9999999999845,0.0,5,1,1,2026-08-14,2026-08-13,True,1245.2084400000037,0.003654407479207436
ADD_GATE_EXPOSURE_120,earlier_diagnostic,BASE,1,2015-01-05,2014-12-31,254971.18404000002,41784.3,110.25640000000003,342.7000000000051,1078.0,88,3,4,2015-05-18,2015-05-15,False,42409.3436,0.16632994728277528
ADD_GATE_EXPOSURE_120,earlier_diagnostic,BASE,2,2015-06-03,2015-06-02,52632.32436,-7272.5999999999985,19.581960000000002,61.19999999999326,0.0,17,1,1,2015-06-29,2015-06-26,False,-7353.381959999992,-0.13971227851735318
ADD_GATE_EXPOSURE_120,earlier_diagnostic,BASE,3,2015-08-27,2015-08-26,6880.0,605.0,10.0,8.800000000000008,0.0,10,1,1,2015-09-14,2015-09-11,False,586.2,0.08520348837209303
ADD_GATE_EXPOSURE_120,earlier_diagnostic,BASE,4,2015-09-29,2015-09-28,235170.0246,33493.49999999997,100.69086000000001,285.2000000000002,0.0,61,2,2,2015-12-30,2015-12-29,False,33107.60913999997,0.14078158641311794
ADD_GATE_EXPOSURE_120,earlier_diagnostic,BASE,5,2016-01-13,2016-01-12,7889.0,-799.1999999999998,10.0,9.600000000001074,122.39999999999999,10,1,1,2016-01-27,2016-01-26,False,-696.4000000000009,-0.0882748130308025
ADD_GATE_EXPOSURE_120,earlier_diagnostic,BASE,6,2016-05-03,2016-04-29,257825.95488000003,4752.799999999988,103.99504,326.4000000000275,0.0,61,1,2,2016-07-29,2016-07-28,False,4322.404959999961,0.016764817033303486
ADD_GATE_EXPOSURE_120,earlier_diagnostic,BASE,7,2016-09-07,2016-09-06,272092.60764,-3590.999999999942,108.03324,319.20000000003574,0.0,17,1,1,2016-10-11,2016-10-10,False,-4018.2332399999777,-0.014767888311454671
ADD_GATE_EXPOSURE_120,earlier_diagnostic,BASE,8,2017-02-13,2017-02-10,268052.5998,1884.0,107.5136,314.0000000000003,0.0,11,1,1,2017-02-28,2017-02-27,False,1462.4863999999998,0.005455967974536316
ADD_GATE_EXPOSURE_120,earlier_diagnostic,BASE,9,2017-05-10,2017-05-09,8047.4,194.39999999999964,10.0,9.600000000000009,0.0,5,1,1,2017-05-17,2017-05-16,False,174.7999999999996,0.021721301289857546
ADD_GATE_EXPOSURE_120,earlier_diagnostic,BASE,10,2017-05-18,2017-05-17,269072.90382,29713.599999999962,113.48708000000002,316.40000000000026,0.0,61,1,2,2017-08-15,2017-08-14,False,29283.71291999996,0.1088318909271879
ADD_GATE_EXPOSURE_120,earlier_diagnostic,BASE,11,2017-10-23,2017-10-20,299234.835,7071.099999999977,121.00922,374.99999999999204,0.0,49,1,2,2017-12-29,2017-12-28,False,6575.090779999985,0.02197301253378466
ADD_GATE_EXPOSURE_120,earlier_diagnostic,BASE,12,2018-01-12,2018-01-11,279903.36948000005,6777.399999999965,113.21548000000001,394.7999999999565,3026.7999999999997,7,1,1,2018-01-23,2018-01-22,False,9296.184520000006,0.033212120801797806
ADD_GATE_EXPOSURE_120,earlier_diagnostic,BASE,13,2018-02-13,2018-02-12,270857.06058000005,10572.299999999988,110.36652000000001,345.5000000000233,0.0,11,1,1,2018-03-07,2018-03-06,False,10116.433479999965,0.03734971301223283
ADD_GATE_EXPOSURE_120,earlier_diagnostic,BASE,14,2018-03-28,2018-03-27,9307.4,98.39999999999964,10.0,9.599999999998943,0.0,10,1,1,2018-04-13,2018-04-12,False,78.8000000000007,0.008466381588843361
ADD_GATE_EXPOSURE_120,earlier_diagnostic,BASE,15,2018-04-19,2018-04-18,9422.5,27.5,10.0,9.999999999998899,0.0,10,1,1,2018-05-07,2018-05-04,False,7.500000000001101,0.0007959671000266491
ADD_GATE_EXPOSURE_120,earlier_diagnostic,BASE,16,2018-06-25,2018-06-22,9495.0,-514.8000000000011,10.0,10.40000000000001,0.0,3,1,1,2018-06-28,2018-06-27,False,-535.2000000000011,-0.056366508688783686
ADD_GATE_EXPOSURE_120,earlier_diagnostic,BASE,17,2018-10-09,2018-10-08,269691.22745999997,-3623.7000000000116,107.06474,327.2000000000003,0.0,9,2,1,2018-10-22,2018-10-19,False,-4057.9647400000117,-0.01504670648066178
ADD_GATE_EXPOSURE_120,earlier_diagnostic,BASE,18,2018-12-25,2018-12-24,9518.9,192.1999999999989,10.0,12.399999999998634,0.0,10,1,1,2019-01-10,2019-01-09,False,169.80000000000027,0.017838195589826585
ADD_GATE_EXPOSURE_120,earlier_diagnostic,BASE,19,2019-02-28,2019-02-27,320911.86954000004,11003.5,130.47050000000002,346.4000000000003,0.0,5,2,1,2019-03-07,2019-03-06,False,10526.629500000001,0.032802244164695536
ADD_GATE_EXPOSURE_120,earlier_diagnostic,BASE,20,2019-04-30,2019-04-29,9730.0,-500.0,10.0,10.000000000001119,0.0,2,1,1,2019-05-07,2019-05-06,False,-520.0000000000011,-0.053442959917780176
ADD_GATE_EXPOSURE_120,earlier_diagnostic,BASE,21,2019-05-31,2019-05-30,330212.42928000004,13861.799999999988,134.75844,362.4000000000003,0.0,17,1,1,2019-06-26,2019-06-25,False,13364.64155999999,0.040472860422427
ADD_GATE_EXPOSURE_120,earlier_diagnostic,BASE,22,2019-08-20,2019-08-19,343756.33752000006,5262.799999999988,138.45624,356.8000000000399,0.0,28,1,1,2019-09-30,2019-09-27,False,4767.543759999948,0.013868962516865795
ADD_GATE_EXPOSURE_120,earlier_diagnostic,BASE,23,2019-11-12,2019-11-11,348505.28712,-1406.399999999965,139.02264,351.6000000000003,0.0,20,1,1,2019-12-10,2019-12-09,False,-1897.0226399999653,-0.00544331093418037
ADD_GATE_EXPOSURE_120,earlier_diagnostic,BASE,24,2019-12-30,2019-12-27,346446.87552000006,5443.199999999953,139.536,518.4000000000196,0.0,1,1,1,2019-12-31,2019-12-30,True,4785.263999999934,0.013812403396097838
ADD_GATE_EXPOSURE_120,earlier_diagnostic,STRESS,1,2015-01-05,2014-12-31,254824.98924,41706.30000000002,220.20940000000004,628.9999999999944,1078.0,88,3,4,2015-05-18,2015-05-15,False,41935.090600000025,0.16456427890007522
ADD_GATE_EXPOSURE_120,earlier_diagnostic,STRESS,2,2015-06-03,2015-06-02,52673.460960000004,-7272.5999999999985,39.168000000000006,112.20000000000124,0.0,17,1,1,2015-06-29,2015-06-26,False,-7423.968,-0.14094323525917024
ADD_GATE_EXPOSURE_120,earlier_diagnostic,STRESS,3,2015-08-27,2015-08-26,6884.400000000001,605.0,10.0,17.600000000000016,0.0,10,1,1,2015-09-14,2015-09-11,False,577.4,0.08387078031491486
ADD_GATE_EXPOSURE_120,earlier_diagnostic,STRESS,4,2015-09-29,2015-09-28,234703.24375999998,33398.000000000015,200.81920000000002,568.8000000000005,0.0,61,2,2,2015-12-30,2015-12-29,False,32628.380800000017,0.13901972668671234
ADD_GATE_EXPOSURE_120,earlier_diagnostic,STRESS,5,2016-01-13,2016-01-12,7893.8,-799.1999999999998,10.0,16.80000000000028,122.39999999999999,10,1,1,2016-01-27,2016-01-26,False,-703.6000000000001,-0.089133243811599
ADD_GATE_EXPOSURE_120,earlier_diagnostic,STRESS,6,2016-05-03,2016-04-29,257092.09571999998,4760.399999999994,207.23544,650.4000000000005,0.0,61,1,2,2016-07-29,2016-07-28,False,3902.7645599999933,0.015180414431140309
ADD_GATE_EXPOSURE_120,earlier_diagnostic,STRESS,7,2016-09-07,2016-09-06,270600.49692,-3568.499999999942,214.71268000000003,634.4000000000005,0.0,17,1,1,2016-10-11,2016-10-10,False,-4417.612679999942,-0.016325220131823925
ADD_GATE_EXPOSURE_120,earlier_diagnostic,STRESS,8,2017-02-13,2017-02-10,266212.84256,1869.600000000035,213.38368000000003,623.2000000000005,0.0,11,1,1,2017-02-28,2017-02-27,False,1033.0163200000345,0.0038804150470960453
ADD_GATE_EXPOSURE_120,earlier_diagnostic,STRESS,9,2017-05-10,2017-05-09,7716.900000000001,186.29999999999927,10.0,18.400000000000016,0.0,5,1,1,2017-05-17,2017-05-16,False,157.89999999999927,0.020461584314945023
ADD_GATE_EXPOSURE_120,earlier_diagnostic,STRESS,10,2017-05-18,2017-05-17,266901.91808000003,29452.40000000001,224.96624000000003,627.2000000000005,0.0,61,1,2,2017-08-15,2017-08-14,False,28600.233760000006,0.10715634404480935
ADD_GATE_EXPOSURE_120,earlier_diagnostic,STRESS,11,2017-10-23,2017-10-20,296250.65288,6993.299999999959,239.43596000000002,667.7999999999923,0.0,49,1,2,2017-12-29,2017-12-28,False,6086.0640399999675,0.02054363081003978
ADD_GATE_EXPOSURE_120,earlier_diagnostic,STRESS,12,2018-01-12,2018-01-11,276685.63,6695.0,223.678,649.9999999999861,2990.0,7,1,1,2018-01-23,2018-01-22,False,8811.322000000015,0.0318459690154491
ADD_GATE_EXPOSURE_120,earlier_diagnostic,STRESS,13,2018-02-13,2018-02-12,267519.16488,10434.600000000035,217.85808000000003,613.8000000000233,0.0,11,1,1,2018-03-07,2018-03-06,False,9602.941920000012,0.03589627653146856
ADD_GATE_EXPOSURE_120,earlier_diagnostic,STRESS,14,2018-03-28,2018-03-27,9312.2,98.39999999999964,10.0,19.200000000000017,0.0,10,1,1,2018-04-13,2018-04-12,False,69.19999999999962,0.007431111874744917
ADD_GATE_EXPOSURE_120,earlier_diagnostic,STRESS,15,2018-04-19,2018-04-18,9427.5,27.5,10.0,19.999999999998906,0.0,10,1,1,2018-05-07,2018-05-04,False,-2.4999999999989058,-0.0002651816494297434
ADD_GATE_EXPOSURE_120,earlier_diagnostic,STRESS,16,2018-06-25,2018-06-22,9500.2,-514.8000000000011,10.0,20.80000000000002,0.0,3,1,1,2018-06-28,2018-06-27,False,-545.6000000000012,-0.05743036988694986
ADD_GATE_EXPOSURE_120,earlier_diagnostic,STRESS,17,2018-10-09,2018-10-08,265961.14191999997,-3582.4000000000233,210.99295999999998,644.8000000000006,0.0,9,2,1,2018-10-22,2018-10-19,False,-4438.192960000024,-0.01668737368158471
ADD_GATE_EXPOSURE_120,earlier_diagnostic,STRESS,18,2018-12-25,2018-12-24,9218.0,186.0,10.0,24.00000000000002,0.0,10,1,1,2019-01-10,2019-01-09,False,151.99999999999997,0.016489477110002166
ADD_GATE_EXPOSURE_120,earlier_diagnostic,STRESS,19,2019-02-28,2019-02-27,315954.53128,10828.599999999977,256.72136,681.6000000000006,0.0,5,2,1,2019-03-07,2019-03-06,False,9890.278639999977,0.03130285424276817
ADD_GATE_EXPOSURE_120,earlier_diagnostic,STRESS,20,2019-04-30,2019-04-29,9735.0,-500.0,10.0,20.000000000000018,0.0,2,1,1,2019-05-07,2019-05-06,False,-530.0,-0.054442732408834106
ADD_GATE_EXPOSURE_120,earlier_diagnostic,STRESS,21,2019-05-31,2019-05-30,324988.54344,24769.79999999999,269.50968,712.8000000000006,0.0,23,1,1,2019-07-04,2019-07-03,False,23787.49031999999,0.07319485809625681
ADD_GATE_EXPOSURE_120,earlier_diagnostic,STRESS,22,2019-08-20,2019-08-19,318164.715,4867.5,256.113,660.0000000000006,0.0,28,1,1,2019-09-30,2019-09-27,False,3951.3869999999993,0.012419312430669752
ADD_GATE_EXPOSURE_120,earlier_diagnostic,STRESS,23,2019-11-12,2019-11-11,353115.1896,-1424.0,281.5248,712.0000000000007,0.0,20,1,1,2019-12-10,2019-12-09,False,-2417.524800000001,-0.006846278130200268
ADD_GATE_EXPOSURE_120,earlier_diagnostic,STRESS,24,2019-12-30,2019-12-27,350300.36412,5499.899999999965,281.97900000000004,872.9999999999814,0.0,1,1,1,2019-12-31,2019-12-30,True,4344.920999999984,0.012403415597111896
