model,period,cost,cycle,entry_date,entry_origin,buy_debit,gross_price_profit,commission,slippage,dividend_recognized,held_closes,buy_trades,sell_trades,exit_date,exit_origin,terminal_exit,net_profit,cycle_net_return
ADD_GATE_BAND00_UPPER00,evaluation,BASE,1,2020-01-02,2019-12-31,191090.83844000002,-1018.6999999999825,80.76408,277.8000000000105,0.0,14,2,3,2020-01-22,2020-01-21,False,-1377.264079999993,-0.00720737891593079
ADD_GATE_BAND00_UPPER00,evaluation,BASE,2,2020-02-05,2020-02-04,125341.66332,9575.600000000024,60.44872,165.40000000001115,0.0,19,1,4,2020-03-03,2020-03-02,False,9349.751280000013,0.07459412163798955
ADD_GATE_BAND00_UPPER00,evaluation,BASE,3,2020-03-23,2020-03-20,5339.3,301.0,25.0,6.000000000000005,0.0,10,2,3,2020-04-07,2020-04-03,False,270.0,0.05056842657277171
ADD_GATE_BAND00_UPPER00,evaluation,BASE,4,2020-07-01,2020-06-30,119857.96680000001,15644.199999999983,51.02812,171.6000000000065,0.0,5,1,1,2020-07-08,2020-07-07,False,15421.571879999976,0.12866538864064875
ADD_GATE_BAND00_UPPER00,evaluation,BASE,5,2020-08-19,2020-08-18,113582.56996,-2386.2999999999884,58.09424,141.00000000000534,0.0,31,3,4,2020-10-09,2020-09-30,False,-2585.3942399999937,-0.022762244602411125
ADD_GATE_BAND00_UPPER00,evaluation,BASE,6,2020-12-15,2020-12-14,227355.60843999998,22606.49999999997,131.00166000000002,271.2000000000103,1735.1999999999998,25,5,7,2021-01-20,2021-01-19,False,23939.49833999996,0.1052953938733281
ADD_GATE_BAND00_UPPER00,evaluation,BASE,7,2021-02-03,2021-02-02,40663.73112,1857.4000000000087,16.62484,44.40000000000168,0.0,7,1,1,2021-02-19,2021-02-18,False,1796.375160000007,0.044176348567199736
ADD_GATE_BAND00_UPPER00,evaluation,BASE,8,2021-03-11,2021-03-10,6037.400000000001,-141.60000000000036,10.0,7.199999999999207,0.0,10,1,1,2021-03-25,2021-03-24,False,-158.79999999999956,-0.026302713088415468
ADD_GATE_BAND00_UPPER00,evaluation,BASE,9,2021-06-08,2021-06-07,245070.41109999997,-1825.2999999999847,120.78041999999999,280.8000000000104,0.0,31,4,7,2021-07-22,2021-07-21,False,-2226.880419999995,-0.009086696390660256
ADD_GATE_BAND00_UPPER00,evaluation,BASE,10,2021-07-29,2021-07-28,244168.42392,8112.799999999959,101.66314,298.7999999999693,0.0,10,1,2,2021-08-12,2021-08-11,False,7712.33685999999,0.03158613524297016
ADD_GATE_BAND00_UPPER00,evaluation,BASE,11,2021-10-29,2021-10-28,308823.35309999995,9090.100000000006,157.99422,374.3999999999762,0.0,32,8,6,2021-12-14,2021-12-13,False,8557.70578000003,0.027710682155662504
ADD_GATE_BAND00_UPPER00,evaluation,BASE,12,2022-01-10,2022-01-07,6363.3,-166.39999999999964,10.0,7.800000000000296,97.5,10,1,1,2022-01-24,2022-01-21,False,-86.69999999999993,-0.013625005893168628
ADD_GATE_BAND00_UPPER00,evaluation,BASE,13,2022-01-27,2022-01-26,7037.7,-108.09999999999854,30.0,9.000000000000341,0.0,10,3,3,2022-02-17,2022-02-16,False,-147.0999999999989,-0.020901715048950494
ADD_GATE_BAND00_UPPER00,evaluation,BASE,14,2022-03-11,2022-03-10,6351.5,-289.5,10.0,9.000000000000341,0.0,3,1,1,2022-03-16,2022-03-15,False,-308.50000000000034,-0.04857120365268052
ADD_GATE_BAND00_UPPER00,evaluation,BASE,15,2022-04-25,2022-04-22,6320.2,16.0,10.0,6.400000000000006,0.0,10,1,1,2022-05-12,2022-05-11,False,-0.4000000000000057,-6.328913641973446e-05
ADD_GATE_BAND00_UPPER00,evaluation,BASE,16,2022-05-13,2022-05-12,426750.93312,9579.099999999977,177.30724,573.2999999999836,0.0,20,3,3,2022-06-13,2022-06-10,False,8828.492759999994,0.020687694097009674
ADD_GATE_BAND00_UPPER00,evaluation,BASE,17,2022-08-05,2022-08-04,243217.61808,-947.5999999999476,114.92528,348.6000000000132,0.0,21,3,4,2022-09-05,2022-09-02,False,-1411.1252799999606,-0.005801904036145146
ADD_GATE_BAND00_UPPER00,evaluation,BASE,18,2022-09-21,2022-09-20,6760.500000000001,-309.2000000000007,15.0,6.800000000000006,0.0,10,2,1,2022-10-12,2022-10-11,False,-331.00000000000074,-0.04896087567487622
ADD_GATE_BAND00_UPPER00,evaluation,BASE,19,2022-10-27,2022-10-26,7113.299999999999,135.19999999999982,25.0,7.600000000000051,0.0,7,3,2,2022-11-07,2022-11-04,False,102.59999999999977,0.014423685209396452
ADD_GATE_BAND00_UPPER00,evaluation,BASE,20,2023-01-17,2023-01-16,197389.06992,-987.1999999999825,81.69664,285.6000000000108,0.0,2,1,2,2023-01-19,2023-01-18,False,-1354.4966399999935,-0.006862065060385353
ADD_GATE_BAND00_UPPER00,evaluation,BASE,21,2023-04-03,2023-03-31,264389.31627999997,1859.999999999971,112.17716000000001,391.1999999999586,0.0,7,2,2,2023-04-13,2023-04-12,False,1356.6228400000123,0.005131156050811406
ADD_GATE_BAND00_UPPER00,evaluation,BASE,22,2023-05-29,2023-05-26,6567.0,-30.600000000000364,10.0,6.799999999999251,0.0,10,1,1,2023-06-12,2023-06-09,False,-47.399999999999615,-0.007217907720420224
ADD_GATE_BAND00_UPPER00,evaluation,BASE,23,2023-08-23,2023-08-22,6485.400000000001,170.0,10.0,6.800000000000761,0.0,9,1,1,2023-09-05,2023-09-04,False,153.19999999999925,0.023622290066919426
ADD_GATE_BAND00_UPPER00,evaluation,BASE,24,2023-10-18,2023-10-17,6666.8,-34.19999999999982,10.0,7.200000000000806,0.0,10,1,1,2023-11-01,2023-10-31,False,-51.400000000000624,-0.0077098458030840315
ADD_GATE_BAND00_UPPER00,evaluation,BASE,25,2023-11-29,2023-11-28,6463.400000000001,-187.19999999999982,10.0,7.200000000000806,0.0,10,1,1,2023-12-13,2023-12-12,False,-204.40000000000063,-0.031624222545409635
ADD_GATE_BAND00_UPPER00,evaluation,BASE,26,2024-02-19,2024-02-08,85429.88256,2580.600000000006,34.661,101.19999999998885,0.0,5,1,1,2024-02-26,2024-02-23,False,2444.739000000017,0.02861690695036368
ADD_GATE_BAND00_UPPER00,evaluation,BASE,27,2024-03-05,2024-03-04,280022.93976000004,6596.299999999988,115.98826000000001,317.999999999965,0.0,54,2,2,2024-05-27,2024-05-24,False,6162.311740000023,0.022006453275869364
ADD_GATE_BAND00_UPPER00,evaluation,BASE,28,2024-06-04,2024-06-03,192574.74346,-436.79999999998836,91.24092000000002,216.80000000000646,0.0,32,2,5,2024-07-19,2024-07-18,False,-744.8409199999948,-0.0038678016993163324
ADD_GATE_BAND00_UPPER00,evaluation,BASE,29,2024-08-02,2024-08-01,222304.85208,-3704.100000000035,90.98786000000001,256.8000000000002,0.0,3,1,2,2024-08-07,2024-08-06,False,-4051.8878600000353,-0.01822671804995915
ADD_GATE_BAND00_UPPER00,evaluation,BASE,30,2024-08-28,2024-08-27,270151.21944,-9958.5,113.37790000000001,320.3999999999985,0.0,15,1,3,2024-09-20,2024-09-19,False,-10392.277899999997,-0.038468373089495154
ADD_GATE_BAND00_UPPER00,evaluation,BASE,31,2024-09-25,2024-09-24,260480.68572,73065.6,121.31008,360.3999999999715,0.0,4,1,3,2024-10-08,2024-09-30,False,72583.88992000005,0.2786536349878281
ADD_GATE_BAND00_UPPER00,evaluation,BASE,32,2024-10-09,2024-10-08,108936.98304,-6272.399999999994,46.24138000000001,152.4000000000052,0.0,10,1,2,2024-10-23,2024-10-22,False,-6471.04138,-0.059401694442225664
ADD_GATE_BAND00_UPPER00,evaluation,BASE,33,2025-01-08,2025-01-07,8531.0,97.10000000000036,25.0,8.799999999999075,0.0,10,2,3,2025-01-22,2025-01-21,False,63.30000000000129,0.007419997655609107
ADD_GATE_BAND00_UPPER00,evaluation,BASE,34,2025-04-09,2025-04-08,225562.1034,11407.0,92.4394,244.0000000000273,0.0,11,1,1,2025-04-24,2025-04-23,False,11070.560599999973,0.049079878371093316
ADD_GATE_BAND00_UPPER00,evaluation,BASE,35,2025-06-03,2025-05-30,469647.01392000006,16788.5,200.90462000000002,555.0999999999897,3273.6,41,4,5,2025-07-30,2025-07-29,False,19306.095380000006,0.04110767194889185
ADD_GATE_BAND00_UPPER00,evaluation,BASE,36,2025-09-05,2025-09-04,356756.63706000004,14972.200000000012,147.61628000000002,480.5999999999625,0.0,7,1,3,2025-09-16,2025-09-15,False,14343.98372000005,0.04020663452320762
ADD_GATE_BAND00_UPPER00,evaluation,BASE,37,2025-11-26,2025-11-25,9211.0,222.0,10.0,12.000000000000455,0.0,8,1,1,2025-12-08,2025-12-05,False,199.99999999999955,0.021713169037020905
ADD_GATE_BAND00_UPPER00,evaluation,BASE,38,2025-12-19,2025-12-18,481857.05544,4360.600000000028,204.52504000000002,614.3999999999448,5510.4,35,5,7,2026-02-10,2026-02-09,False,9052.074960000082,0.018785809728850654
ADD_GATE_BAND00_UPPER00,evaluation,BASE,39,2026-03-25,2026-03-24,9482.3,132.3000000000011,10.0,12.600000000000477,0.0,10,1,1,2026-04-09,2026-04-08,False,109.70000000000061,0.011568923151556122
ADD_GATE_BAND00_UPPER00,evaluation,BASE,40,2026-05-06,2026-04-30,351136.91359999997,-1380.5,162.6464,432.6000000000145,0.0,9,2,6,2026-05-19,2026-05-18,False,-1975.7464000000145,-0.005626712326379618
ADD_GATE_BAND00_UPPER00,evaluation,BASE,41,2026-06-05,2026-06-04,377317.04832,3421.1999999999825,154.25528,460.79999999998995,0.0,12,1,3,2026-06-24,2026-06-23,False,2806.144719999993,0.007437100264868289
ADD_GATE_BAND00_UPPER00,evaluation,BASE,42,2026-07-21,2026-07-20,318020.91884,-9695.400000000005,134.66618,399.5999999999577,0.0,10,2,4,2026-08-04,2026-08-03,False,-10229.666179999964,-0.032166645569458995
ADD_GATE_BAND00_UPPER00,evaluation,BASE,43,2026-08-07,2026-08-06,269879.66514,1776.2999999999302,108.21678,343.80000000001303,0.0,5,1,1,2026-08-14,2026-08-13,True,1324.283219999917,0.004906939614412763
ADD_GATE_BAND00_UPPER00,evaluation,STRESS,1,2020-01-02,2019-12-31,191220.75772,-1018.6999999999825,153.83004000000003,462.9999999999901,0.0,14,2,3,2020-01-22,2020-01-21,False,-1635.5300399999728,-0.008553098834567115
ADD_GATE_BAND00_UPPER00,evaluation,STRESS,2,2020-02-05,2020-02-04,125054.00160000002,9548.300000000007,110.58536000000002,296.9000000000113,0.0,19,1,4,2020-03-03,2020-03-02,False,9140.814639999997,0.07309493917066302
ADD_GATE_BAND00_UPPER00,evaluation,STRESS,3,2020-03-23,2020-03-20,4966.6,300.3000000000002,15.0,11.199999999999388,0.0,10,1,2,2020-04-07,2020-04-03,False,274.1000000000008,0.05518866025047332
ADD_GATE_BAND00_UPPER00,evaluation,STRESS,4,2020-07-01,2020-06-30,119519.7888,15589.499999999985,101.6994,284.9999999999939,0.0,5,1,1,2020-07-08,2020-07-07,False,15202.800599999991,0.12719902497016453
ADD_GATE_BAND00_UPPER00,evaluation,STRESS,5,2020-08-19,2020-08-18,113651.35792,-2386.2999999999884,99.33684000000001,234.999999999995,0.0,31,3,4,2020-10-09,2020-09-30,False,-2720.6368399999833,-0.023938445521390593
ADD_GATE_BAND00_UPPER00,evaluation,STRESS,6,2020-12-15,2020-12-14,225468.8504,22528.79999999999,195.69304,495.60000000000633,1727.9999999999998,25,3,4,2021-01-20,2021-01-19,False,23565.506959999984,0.10451779444563125
ADD_GATE_BAND00_UPPER00,evaluation,STRESS,7,2021-02-03,2021-02-02,40694.07111999999,1857.4000000000087,33.24968,88.80000000000337,0.0,7,1,1,2021-02-19,2021-02-18,False,1735.3503200000055,0.04264381204040137
ADD_GATE_BAND00_UPPER00,evaluation,STRESS,8,2021-03-11,2021-03-10,6041.0,-141.60000000000036,10.0,13.200000000000145,0.0,10,1,1,2021-03-25,2021-03-24,False,-164.80000000000052,-0.027280251613971282
ADD_GATE_BAND00_UPPER00,evaluation,STRESS,9,2021-06-08,2021-06-07,243685.46412000002,-1757.4999999999782,211.05012000000002,558.000000000002,0.0,31,4,7,2021-07-22,2021-07-21,False,-2526.5501199999803,-0.01036807890500933
ADD_GATE_BAND00_UPPER00,evaluation,STRESS,10,2021-07-29,2021-07-28,242845.0992,8042.999999999971,202.11440000000002,544.3999999999621,0.0,10,1,3,2021-08-12,2021-08-11,False,7296.485600000008,0.030045842489869808
ADD_GATE_BAND00_UPPER00,evaluation,STRESS,11,2021-10-29,2021-10-28,304573.68240000005,8969.400000000023,267.9884,658.9999999999812,0.0,32,7,5,2021-12-14,2021-12-13,False,8042.411600000042,0.026405471203640805
ADD_GATE_BAND00_UPPER00,evaluation,STRESS,12,2022-01-10,2022-01-07,6365.9,-166.39999999999964,10.0,12.999999999999723,97.5,10,1,1,2022-01-24,2022-01-21,False,-91.89999999999935,-0.014436293375641993
ADD_GATE_BAND00_UPPER00,evaluation,STRESS,13,2022-01-27,2022-01-26,6112.400000000001,-114.39999999999873,10.0,13.000000000000878,0.0,10,1,1,2022-02-17,2022-02-16,False,-137.3999999999996,-0.022478895360251227
ADD_GATE_BAND00_UPPER00,evaluation,STRESS,14,2022-03-11,2022-03-10,6773.499999999999,-278.0,20.0,15.999999999999659,0.0,3,2,2,2022-03-16,2022-03-15,False,-313.99999999999966,-0.046357127039196824
ADD_GATE_BAND00_UPPER00,evaluation,STRESS,15,2022-04-25,2022-04-22,6716.6,26.199999999999818,20.0,13.600000000000723,0.0,10,2,2,2022-05-12,2022-05-11,False,-7.4000000000009045,-0.0011017479081679576
ADD_GATE_BAND00_UPPER00,evaluation,STRESS,16,2022-05-13,2022-05-12,422581.76512,9485.0,346.0106,983.699999999984,0.0,20,3,3,2022-06-13,2022-06-10,False,8155.289400000016,0.019298725295645847
ADD_GATE_BAND00_UPPER00,evaluation,STRESS,17,2022-08-05,2022-08-04,240451.17615999997,-930.1999999999534,207.84712000000002,573.9999999999892,0.0,21,3,4,2022-09-05,2022-09-02,False,-1712.0471199999424,-0.007120144502269847
ADD_GATE_BAND00_UPPER00,evaluation,STRESS,18,2022-09-21,2022-09-20,6379.4,-308.8000000000002,10.0,12.800000000000011,0.0,10,1,1,2022-10-12,2022-10-11,False,-331.6000000000002,-0.051979810013480926
ADD_GATE_BAND00_UPPER00,evaluation,STRESS,19,2022-10-27,2022-10-26,6731.499999999999,131.19999999999982,20.0,14.400000000000013,0.0,7,2,2,2022-11-07,2022-11-04,False,96.79999999999981,0.014380153011958675
ADD_GATE_BAND00_UPPER00,evaluation,STRESS,20,2023-01-17,2023-01-16,194619.01648,-974.2999999999884,156.24592,469.00000000002956,0.0,2,1,2,2023-01-19,2023-01-18,False,-1599.545920000018,-0.008218857277826163
ADD_GATE_BAND00_UPPER00,evaluation,STRESS,21,2023-04-03,2023-03-31,261331.52379999997,1831.399999999965,216.82556,643.9999999999864,0.0,7,2,3,2023-04-13,2023-04-12,False,970.5744399999787,0.0037139585224428206
ADD_GATE_BAND00_UPPER00,evaluation,STRESS,22,2023-05-29,2023-05-26,6570.400000000001,-30.600000000000364,10.0,13.599999999999257,0.0,10,1,1,2023-06-12,2023-06-09,False,-54.19999999999962,-0.008249117253135214
ADD_GATE_BAND00_UPPER00,evaluation,STRESS,23,2023-08-23,2023-08-22,6488.8,170.0,10.0,13.600000000000012,0.0,9,1,1,2023-09-05,2023-09-04,False,146.39999999999998,0.022561952903464428
ADD_GATE_BAND00_UPPER00,evaluation,STRESS,24,2023-10-18,2023-10-17,6662.3,-26.900000000000546,20.0,14.400000000000768,0.0,10,2,2,2023-11-01,2023-10-31,False,-61.30000000000131,-0.009201026672470665
ADD_GATE_BAND00_UPPER00,evaluation,STRESS,25,2023-11-29,2023-11-28,6467.0,-187.19999999999982,10.0,14.400000000000013,0.0,10,1,1,2023-12-13,2023-12-12,False,-211.59999999999982,-0.032719962888510874
ADD_GATE_BAND00_UPPER00,evaluation,STRESS,26,2024-02-19,2024-02-08,84145.84488,2539.7999999999884,68.226,199.2000000000002,0.0,5,1,1,2024-02-26,2024-02-23,False,2272.373999999988,0.027005183716921614
ADD_GATE_BAND00_UPPER00,evaluation,STRESS,27,2024-03-05,2024-03-04,275659.21076,6484.899999999994,223.27388000000002,625.6000000000006,0.0,54,2,2,2024-05-27,2024-05-24,False,5636.026119999994,0.020445629603528633
ADD_GATE_BAND00_UPPER00,evaluation,STRESS,28,2024-06-04,2024-06-03,188807.00756,-424.69999999998254,159.6472,424.80000000000035,0.0,32,2,5,2024-07-19,2024-07-18,False,-1009.1471999999828,-0.005344860940499209
ADD_GATE_BAND00_UPPER00,evaluation,STRESS,29,2024-08-02,2024-08-01,217279.67711999998,-3618.3000000000175,172.99748000000002,501.59999999997393,0.0,3,1,2,2024-08-07,2024-08-06,False,-4292.897479999991,-0.01975747357922064
ADD_GATE_BAND00_UPPER00,evaluation,STRESS,30,2024-08-28,2024-08-27,265302.47856,-9772.3,212.91964000000002,628.8000000000005,0.0,15,1,3,2024-09-20,2024-09-19,False,-10614.01964,-0.040007238898069945
ADD_GATE_BAND00_UPPER00,evaluation,STRESS,31,2024-09-25,2024-09-24,254741.55587999997,71146.59999999998,232.27068,643.4999999999939,0.0,4,1,3,2024-10-08,2024-09-30,False,70270.82931999998,0.27585145689030083
ADD_GATE_BAND00_UPPER00,evaluation,STRESS,32,2024-10-09,2024-10-08,106434.5568,-6125.399999999994,85.48580000000001,247.9999999999947,0.0,10,1,2,2024-10-23,2024-10-22,False,-6458.885799999989,-0.06068410480758434
ADD_GATE_BAND00_UPPER00,evaluation,STRESS,33,2025-01-08,2025-01-07,7753.0,92.0,10.0,16.000000000000014,0.0,10,1,1,2025-01-22,2025-01-21,False,65.99999999999999,0.008512833741777375
ADD_GATE_BAND00_UPPER00,evaluation,STRESS,34,2025-04-09,2025-04-08,220178.53620000003,11126.5,180.3326,476.00000000002683,0.0,11,1,1,2025-04-24,2025-04-23,False,10470.167399999973,0.04755307933598648
ADD_GATE_BAND00_UPPER00,evaluation,STRESS,35,2025-06-03,2025-05-30,461170.19432,16247.300000000047,384.2794,1006.8999999999917,3264.7999999999997,41,4,6,2025-07-30,2025-07-29,False,18120.920600000056,0.03929334727869725
ADD_GATE_BAND00_UPPER00,evaluation,STRESS,36,2025-09-05,2025-09-04,347183.3178,14566.799999999988,283.15072,778.9999999999834,0.0,7,1,3,2025-09-16,2025-09-15,False,13504.649280000005,0.03889774821432968
ADD_GATE_BAND00_UPPER00,evaluation,STRESS,37,2025-11-26,2025-11-25,8754.5,210.90000000000146,10.0,19.000000000001283,0.0,8,1,1,2025-12-08,2025-12-05,False,181.90000000000018,0.020777885658804063
ADD_GATE_BAND00_UPPER00,evaluation,STRESS,38,2025-12-19,2025-12-18,468018.83268,4225.79999999991,378.28260000000006,994.0000000000404,5362.8,35,4,7,2026-02-10,2026-02-09,False,8216.31739999987,0.017555527312760166
ADD_GATE_BAND00_UPPER00,evaluation,STRESS,39,2026-03-25,2026-03-24,9035.0,126.0,10.0,19.999999999999574,0.0,10,1,1,2026-04-09,2026-04-08,False,96.00000000000043,0.010625345877144485
ADD_GATE_BAND00_UPPER00,evaluation,STRESS,40,2026-05-06,2026-04-30,341118.09316000005,-1333.399999999965,289.51468,700.1000000000472,0.0,9,2,6,2026-05-19,2026-05-18,False,-2323.014680000012,-0.006810001364865779
ADD_GATE_BAND00_UPPER00,evaluation,STRESS,41,2026-06-05,2026-06-04,365747.84063999995,3315.000000000029,294.24752,746.0999999999831,0.0,12,1,3,2026-06-24,2026-06-23,False,2274.652480000046,0.00621918225414474
ADD_GATE_BAND00_UPPER00,evaluation,STRESS,42,2026-07-21,2026-07-20,307229.68383999995,-9365.699999999964,246.06364000000002,642.999999999988,0.0,10,2,4,2026-08-04,2026-08-03,False,-10254.763639999952,-0.03337816682238445
ADD_GATE_BAND00_UPPER00,evaluation,STRESS,43,2026-08-07,2026-08-06,262043.28420000005,1726.5999999999476,224.44532,555.9999999999882,0.0,5,2,3,2026-08-14,2026-08-13,True,946.1546799999594,0.0036106808952898906
ADD_GATE_BAND00_UPPER00,earlier_diagnostic,BASE,1,2015-01-05,2014-12-31,317434.38956000004,37393.69999999995,164.37764,414.6000000000063,1214.5000000000002,88,6,11,2015-05-18,2015-05-15,False,38029.22235999995,0.119801834995612
ADD_GATE_BAND00_UPPER00,earlier_diagnostic,BASE,2,2015-06-03,2015-06-02,43344.26712,-3560.3999999999933,25.17744,50.40000000000049,0.0,17,1,3,2015-06-29,2015-06-26,False,-3635.9774399999937,-0.08388600573020819
ADD_GATE_BAND00_UPPER00,earlier_diagnostic,BASE,3,2015-08-27,2015-08-26,5942.5,510.39999999999964,15.0,7.600000000000007,0.0,10,1,2,2015-09-14,2015-09-11,False,487.7999999999996,0.08208666386201087
ADD_GATE_BAND00_UPPER00,earlier_diagnostic,BASE,4,2015-09-29,2015-09-28,233874.12808,30253.09999999999,134.33896,285.9999999999998,0.0,61,5,10,2015-12-30,2015-12-29,False,29832.76103999999,0.12755904761639675
ADD_GATE_BAND00_UPPER00,earlier_diagnostic,BASE,5,2016-01-13,2016-01-12,6575.0,-666.0,10.0,8.000000000000895,102.0,10,1,1,2016-01-27,2016-01-26,False,-582.0000000000009,-0.08851711026615984
ADD_GATE_BAND00_UPPER00,earlier_diagnostic,BASE,6,2016-05-03,2016-04-29,323325.45216000004,1859.9000000000233,132.64922,406.40000000002664,0.0,61,4,4,2016-07-29,2016-07-28,False,1320.8507799999966,0.004085205081059822
ADD_GATE_BAND00_UPPER00,earlier_diagnostic,BASE,7,2016-09-07,2016-09-06,264250.3395,-3551.5,108.5755,310.00000000003376,0.0,17,1,2,2016-10-11,2016-10-10,False,-3970.0755000000336,-0.015023918256877144
ADD_GATE_BAND00_UPPER00,earlier_diagnostic,BASE,8,2017-02-13,2017-02-10,261223.2342,1957.5999999999767,107.16456000000001,306.0000000000002,0.0,11,1,2,2017-02-28,2017-02-27,False,1544.4354399999766,0.005912320336779509
ADD_GATE_BAND00_UPPER00,earlier_diagnostic,BASE,9,2017-05-10,2017-05-09,6371.9,153.89999999999964,10.0,7.600000000000007,0.0,5,1,1,2017-05-17,2017-05-16,False,136.29999999999964,0.021390793954707332
ADD_GATE_BAND00_UPPER00,earlier_diagnostic,BASE,10,2017-05-18,2017-05-17,247922.80994000004,26773.00000000003,136.16818,290.7999999999998,0.0,61,4,6,2017-08-15,2017-08-14,False,26346.03182000003,0.10626707492697444
ADD_GATE_BAND00_UPPER00,earlier_diagnostic,BASE,11,2017-10-23,2017-10-20,317882.0637,7789.199999999953,131.67090000000002,404.4999999999844,0.0,49,2,4,2017-12-29,2017-12-28,False,7253.029099999969,0.022816729624748466
ADD_GATE_BAND00_UPPER00,earlier_diagnostic,BASE,12,2018-01-12,2018-01-11,226304.85192000002,5402.099999999977,94.36092000000002,319.1999999999671,2332.2,7,1,2,2018-01-23,2018-01-22,False,7320.739080000009,0.03234901513551256
ADD_GATE_BAND00_UPPER00,earlier_diagnostic,BASE,13,2018-02-13,2018-02-12,273188.94584,8953.00000000003,127.66086000000001,360.1000000000218,0.0,11,3,4,2018-03-07,2018-03-06,False,8465.239140000007,0.030986755756061548
ADD_GATE_BAND00_UPPER00,earlier_diagnostic,BASE,14,2018-03-28,2018-03-27,8149.699999999999,84.0,30.0,8.399999999999208,0.0,10,3,3,2018-04-13,2018-04-12,False,45.60000000000079,0.005595297986429046
ADD_GATE_BAND00_UPPER00,earlier_diagnostic,BASE,15,2018-04-19,2018-04-18,7539.0,22.0,10.0,7.999999999999119,0.0,10,1,1,2018-05-07,2018-05-04,False,4.000000000000881,0.0005305743467304524
ADD_GATE_BAND00_UPPER00,earlier_diagnostic,BASE,16,2018-06-25,2018-06-22,7670.0,-415.8000000000002,10.0,8.400000000000007,0.0,3,1,1,2018-06-28,2018-06-27,False,-434.2000000000002,-0.056610169491525454
ADD_GATE_BAND00_UPPER00,earlier_diagnostic,BASE,17,2018-10-09,2018-10-08,277126.34936000005,-5162.299999999988,122.43640000000002,336.8000000000003,0.0,9,3,4,2018-10-22,2018-10-19,False,-5621.536399999988,-0.020285102491994906
ADD_GATE_BAND00_UPPER00,earlier_diagnostic,BASE,18,2018-12-25,2018-12-24,7370.599999999999,148.80000000000018,10.0,9.599999999998943,0.0,10,1,1,2019-01-10,2019-01-09,False,129.20000000000124,0.01752910210837669
ADD_GATE_BAND00_UPPER00,earlier_diagnostic,BASE,19,2019-02-28,2019-02-27,286702.329,11761.599999999977,123.52404000000001,311.6000000000022,0.0,5,2,3,2019-03-07,2019-03-06,False,11326.475959999974,0.03950604796098456
ADD_GATE_BAND00_UPPER00,earlier_diagnostic,BASE,20,2019-04-30,2019-04-29,7785.0,-400.0,10.0,8.000000000000895,0.0,2,1,1,2019-05-07,2019-05-06,False,-418.0000000000009,-0.05369299935773936
ADD_GATE_BAND00_UPPER00,earlier_diagnostic,BASE,21,2019-05-31,2019-05-30,293387.90064,12408.0,136.7059,321.9999999999991,0.0,17,3,3,2019-06-26,2019-06-25,False,11949.2941,0.04072865334232823
ADD_GATE_BAND00_UPPER00,earlier_diagnostic,BASE,22,2019-08-20,2019-08-19,312740.82974,4211.599999999977,130.13478,327.10000000003413,0.0,28,2,2,2019-09-30,2019-09-27,False,3754.365219999943,0.012004717206644137
ADD_GATE_BAND00_UPPER00,earlier_diagnostic,BASE,23,2019-11-12,2019-11-11,332646.11591999995,-1258.399999999965,134.38327999999998,335.60000000000025,0.0,20,1,2,2019-12-10,2019-12-09,False,-1728.3832799999655,-0.0051958619003254335
ADD_GATE_BAND00_UPPER00,earlier_diagnostic,BASE,24,2019-12-30,2019-12-27,330407.66832000006,5191.199999999953,133.07600000000002,494.40000000001874,0.0,1,1,1,2019-12-31,2019-12-30,True,4563.723999999935,0.01381240339609783
ADD_GATE_BAND00_UPPER00,earlier_diagnostic,STRESS,1,2015-01-05,2014-12-31,316805.07136000006,37348.500000000015,284.80488,767.3999999999967,1218.0000000000002,88,5,10,2015-05-18,2015-05-15,False,37514.29512000002,0.11841444001813599
ADD_GATE_BAND00_UPPER00,earlier_diagnostic,STRESS,2,2015-06-03,2015-06-02,43378.14432,-3560.3999999999933,40.35952,92.40000000000101,0.0,17,1,3,2015-06-29,2015-06-26,False,-3693.1595199999942,-0.0851387162335854
ADD_GATE_BAND00_UPPER00,earlier_diagnostic,STRESS,3,2015-08-27,2015-08-26,5946.3,510.39999999999964,15.0,15.200000000000014,0.0,10,1,2,2015-09-14,2015-09-11,False,480.19999999999965,0.08075610043220148
ADD_GATE_BAND00_UPPER00,earlier_diagnostic,STRESS,4,2015-09-29,2015-09-28,234132.03648,30208.500000000044,251.77380000000002,572.0000000000032,0.0,61,7,12,2015-12-30,2015-12-29,False,29384.72620000004,0.12550493576948038
ADD_GATE_BAND00_UPPER00,earlier_diagnostic,STRESS,5,2016-01-13,2016-01-12,6579.0,-666.0,10.0,14.000000000000234,102.0,10,1,1,2016-01-27,2016-01-26,False,-588.0000000000002,-0.08937528499772006
ADD_GATE_BAND00_UPPER00,earlier_diagnostic,STRESS,6,2016-05-03,2016-04-29,323293.63884,1815.5,264.91484,812.0000000000007,0.0,61,5,4,2016-07-29,2016-07-28,False,738.5851599999994,0.0022845644679248688
ADD_GATE_BAND00_UPPER00,earlier_diagnostic,STRESS,7,2016-09-07,2016-09-06,263775.76811999996,-3535.1999999999825,216.61108000000002,618.4000000000005,0.0,17,1,3,2016-10-11,2016-10-10,False,-4370.211079999983,-0.016567902014455835
ADD_GATE_BAND00_UPPER00,earlier_diagnostic,STRESS,8,2017-02-13,2017-02-10,259378.10976,1942.7000000000116,212.81664,607.2000000000005,0.0,11,1,3,2017-02-28,2017-02-27,False,1122.6833600000111,0.004328365878827704
ADD_GATE_BAND00_UPPER00,earlier_diagnostic,STRESS,9,2017-05-10,2017-05-09,6375.700000000001,153.89999999999964,10.0,15.200000000000014,0.0,5,1,1,2017-05-17,2017-05-16,False,128.69999999999962,0.020186018790093574
ADD_GATE_BAND00_UPPER00,earlier_diagnostic,STRESS,10,2017-05-18,2017-05-17,246401.25892000002,26506.20000000004,240.46336000000002,577.6000000000004,0.0,61,4,7,2017-08-15,2017-08-14,False,25688.13664000004,0.10425326864235016
ADD_GATE_BAND00_UPPER00,earlier_diagnostic,STRESS,11,2017-10-23,2017-10-20,314501.45028000005,7709.499999999942,255.59472000000005,714.2999999999911,0.0,49,2,4,2017-12-29,2017-12-28,False,6739.605279999951,0.021429488716187772
ADD_GATE_BAND00_UPPER00,earlier_diagnostic,STRESS,12,2018-01-12,2018-01-11,223476.855,5330.0,181.315,524.9999999999889,2300.0,7,1,2,2018-01-23,2018-01-22,False,6923.685000000011,0.030981664745550544
ADD_GATE_BAND00_UPPER00,earlier_diagnostic,STRESS,13,2018-02-13,2018-02-12,269829.42652000004,8826.20000000007,228.57716000000005,628.9000000000278,0.0,11,3,3,2018-03-07,2018-03-06,False,7968.722840000041,0.029532445525949302
ADD_GATE_BAND00_UPPER00,earlier_diagnostic,STRESS,14,2018-03-28,2018-03-27,7373.2,77.89999999999964,10.0,15.200000000000014,0.0,10,1,1,2018-04-13,2018-04-12,False,52.69999999999962,0.007147507188195033
ADD_GATE_BAND00_UPPER00,earlier_diagnostic,STRESS,15,2018-04-19,2018-04-18,7543.0,22.0,10.0,15.999999999999126,0.0,10,1,1,2018-05-07,2018-05-04,False,-3.999999999999126,-0.0005302929868751327
ADD_GATE_BAND00_UPPER00,earlier_diagnostic,STRESS,16,2018-06-25,2018-06-22,7674.200000000001,-415.8000000000002,10.0,16.800000000000015,0.0,3,1,1,2018-06-28,2018-06-27,False,-442.6000000000002,-0.05767376404055148
ADD_GATE_BAND00_UPPER00,earlier_diagnostic,STRESS,17,2018-10-09,2018-10-08,273406.0884,-5109.8000000000175,226.87264,664.0000000000005,0.0,9,3,4,2018-10-22,2018-10-19,False,-6000.672640000017,-0.021947838378861856
ADD_GATE_BAND00_UPPER00,earlier_diagnostic,STRESS,18,2018-12-25,2018-12-24,7375.400000000001,148.80000000000018,10.0,19.200000000000017,0.0,10,1,1,2019-01-10,2019-01-09,False,119.60000000000016,0.01621606963690107
ADD_GATE_BAND00_UPPER00,earlier_diagnostic,STRESS,19,2019-02-28,2019-02-27,282126.10532,11567.0,234.5404,612.8000000000005,0.0,5,2,3,2019-03-07,2019-03-06,False,10719.659599999999,0.03799598618440957
ADD_GATE_BAND00_UPPER00,earlier_diagnostic,STRESS,20,2019-04-30,2019-04-29,7789.0,-400.0,10.0,16.000000000000014,0.0,2,1,1,2019-05-07,2019-05-06,False,-426.0,-0.054692515085376814
ADD_GATE_BAND00_UPPER00,earlier_diagnostic,STRESS,21,2019-05-31,2019-05-30,300650.92176000006,22514.20000000001,275.07652,658.4000000000005,0.0,23,6,4,2019-07-04,2019-07-03,False,21580.72348000001,0.07178000105127637
ADD_GATE_BAND00_UPPER00,earlier_diagnostic,STRESS,22,2019-08-20,2019-08-19,325773.45728,1598.0,260.87908,686.6999999999967,0.0,28,2,2,2019-09-30,2019-09-27,False,650.4209200000033,0.00199654362706711
ADD_GATE_BAND00_UPPER00,earlier_diagnostic,STRESS,23,2019-11-12,2019-11-11,334070.77488,-1262.0999999999767,271.21736,673.6000000000006,0.0,20,1,3,2019-12-10,2019-12-09,False,-2206.9173599999776,-0.006606137159985677
ADD_GATE_BAND00_UPPER00,earlier_diagnostic,STRESS,24,2019-12-30,2019-12-27,331441.12344000005,5203.799999999988,266.798,825.9999999999824,0.0,1,1,1,2019-12-31,2019-12-30,True,4111.002000000006,0.012403415597111956
ADD_GATE_BAND00_UPPER01,evaluation,BASE,1,2020-01-02,2019-12-31,191090.83844000002,-1018.6999999999825,80.76408,277.8000000000105,0.0,14,2,3,2020-01-22,2020-01-21,False,-1377.264079999993,-0.00720737891593079
ADD_GATE_BAND00_UPPER01,evaluation,BASE,2,2020-02-05,2020-02-04,125341.66332,9575.600000000024,60.44872,165.40000000001115,0.0,19,1,4,2020-03-03,2020-03-02,False,9349.751280000013,0.07459412163798955
ADD_GATE_BAND00_UPPER01,evaluation,BASE,3,2020-03-23,2020-03-20,5339.3,301.0,25.0,6.000000000000005,0.0,10,2,3,2020-04-07,2020-04-03,False,270.0,0.05056842657277171
ADD_GATE_BAND00_UPPER01,evaluation,BASE,4,2020-07-01,2020-06-30,119857.96680000001,15644.199999999983,51.02812,171.6000000000065,0.0,5,1,1,2020-07-08,2020-07-07,False,15421.571879999976,0.12866538864064875
ADD_GATE_BAND00_UPPER01,evaluation,BASE,5,2020-08-19,2020-08-18,169391.75152,-2049.2999999999884,83.80052,212.40000000000805,0.0,31,4,5,2020-10-09,2020-09-30,False,-2345.500519999996,-0.013846604093488365
ADD_GATE_BAND00_UPPER01,evaluation,BASE,6,2020-12-15,2020-12-14,226333.00846,23134.39999999998,111.3232,270.60000000001014,1742.3999999999999,25,3,5,2021-01-20,2021-01-19,False,24494.876799999973,0.10822494238320068
ADD_GATE_BAND00_UPPER01,evaluation,BASE,7,2021-02-03,2021-02-02,40663.73112,1857.4000000000087,16.62484,44.40000000000168,0.0,7,1,1,2021-02-19,2021-02-18,False,1796.375160000007,0.044176348567199736
ADD_GATE_BAND00_UPPER01,evaluation,BASE,8,2021-03-11,2021-03-10,6037.400000000001,-141.60000000000036,10.0,7.199999999999207,0.0,10,1,1,2021-03-25,2021-03-24,False,-158.79999999999956,-0.026302713088415468
ADD_GATE_BAND00_UPPER01,evaluation,BASE,9,2021-06-08,2021-06-07,474571.40692,-4378.499999999953,208.77948,541.200000000015,0.0,31,5,8,2021-07-22,2021-07-21,False,-5128.479479999968,-0.010806549668224096
ADD_GATE_BAND00_UPPER01,evaluation,BASE,10,2021-07-29,2021-07-28,242207.23176000002,8048.399999999965,100.86642,296.39999999996957,0.0,10,1,2,2021-08-12,2021-08-11,False,7651.133579999995,0.0315892036930648
ADD_GATE_BAND00_UPPER01,evaluation,BASE,11,2021-10-29,2021-10-28,305430.2735,8406.599999999977,137.00448,369.5999999999764,0.0,32,6,4,2021-12-14,2021-12-13,False,7899.99552,0.025865135860541996
ADD_GATE_BAND00_UPPER01,evaluation,BASE,12,2022-01-10,2022-01-07,6363.3,-166.39999999999964,10.0,7.800000000000296,97.5,10,1,1,2022-01-24,2022-01-21,False,-86.69999999999993,-0.013625005893168628
ADD_GATE_BAND00_UPPER01,evaluation,BASE,13,2022-01-27,2022-01-26,6109.799999999999,-114.39999999999873,10.0,7.800000000000296,0.0,10,1,1,2022-02-17,2022-02-16,False,-132.19999999999902,-0.02163736947199565
ADD_GATE_BAND00_UPPER01,evaluation,BASE,14,2022-03-11,2022-03-10,6770.3,-278.0,20.0,9.600000000000364,0.0,3,2,2,2022-03-16,2022-03-15,False,-307.60000000000036,-0.04543373262632385
ADD_GATE_BAND00_UPPER01,evaluation,BASE,15,2022-04-25,2022-04-22,6713.2,26.199999999999818,20.0,6.799999999999962,0.0,10,2,2,2022-05-12,2022-05-11,False,-0.6000000000001435,-8.937615444201626e-05
ADD_GATE_BAND00_UPPER01,evaluation,BASE,16,2022-05-13,2022-05-12,435774.1374,6412.500000000029,192.62058000000002,582.5999999999657,0.0,20,3,6,2022-06-13,2022-06-10,False,5637.2794200000635,0.012936241360339305
ADD_GATE_BAND00_UPPER01,evaluation,BASE,17,2022-08-05,2022-08-04,237152.4027,-1983.499999999971,117.54270000000001,338.40000000001277,0.0,21,4,4,2022-09-05,2022-09-02,False,-2439.4426999999837,-0.010286392514799444
ADD_GATE_BAND00_UPPER01,evaluation,BASE,18,2022-09-21,2022-09-20,6376.200000000001,-308.8000000000002,10.0,6.400000000000006,0.0,10,1,1,2022-10-12,2022-10-11,False,-325.20000000000016,-0.05100216429848501
ADD_GATE_BAND00_UPPER01,evaluation,BASE,19,2022-10-27,2022-10-26,6364.7,120.69999999999982,10.0,6.800000000000006,0.0,7,1,1,2022-11-07,2022-11-04,False,103.8999999999998,0.016324414347887537
ADD_GATE_BAND00_UPPER01,evaluation,BASE,20,2023-01-17,2023-01-16,191998.19196,-961.0999999999767,79.63036,277.8000000000105,0.0,2,1,2,2023-01-19,2023-01-18,False,-1318.5303599999875,-0.006867410294544253
ADD_GATE_BAND00_UPPER01,evaluation,BASE,21,2023-04-03,2023-03-31,257903.21932,1812.2999999999884,114.57588000000001,381.59999999995966,0.0,7,2,3,2023-04-13,2023-04-12,False,1316.1241200000286,0.005103170574877602
ADD_GATE_BAND00_UPPER01,evaluation,BASE,22,2023-05-29,2023-05-26,6953.3,-22.100000000000364,30.0,7.199999999999385,0.0,10,3,3,2023-06-12,2023-06-09,False,-59.29999999999975,-0.00852832468036756
ADD_GATE_BAND00_UPPER01,evaluation,BASE,23,2023-08-23,2023-08-22,6486.900000000001,164.5,20.0,6.800000000000717,0.0,9,2,2,2023-09-05,2023-09-04,False,137.69999999999928,0.021227396753456855
ADD_GATE_BAND00_UPPER01,evaluation,BASE,24,2023-10-18,2023-10-17,6296.7,-32.30000000000018,10.0,6.800000000000761,0.0,10,1,1,2023-11-01,2023-10-31,False,-49.100000000000946,-0.007797735321676584
ADD_GATE_BAND00_UPPER01,evaluation,BASE,25,2023-11-29,2023-11-28,6463.400000000001,-187.19999999999982,10.0,7.200000000000806,0.0,10,1,1,2023-12-13,2023-12-12,False,-204.40000000000063,-0.031624222545409635
ADD_GATE_BAND00_UPPER01,evaluation,BASE,26,2024-02-19,2024-02-08,233390.26872,6625.699999999953,101.83072,275.999999999991,0.0,5,2,3,2024-02-26,2024-02-23,False,6247.869279999963,0.02677005050067266
ADD_GATE_BAND00_UPPER01,evaluation,BASE,27,2024-03-05,2024-03-04,290216.23636000004,6249.399999999994,119.63132000000002,328.7999999999685,0.0,54,2,3,2024-05-27,2024-05-24,False,5800.968680000025,0.019988436046025307
ADD_GATE_BAND00_UPPER01,evaluation,BASE,28,2024-06-04,2024-06-03,254109.42954,61.90000000002328,124.03476,286.40000000000333,0.0,32,5,6,2024-07-19,2024-07-18,False,-348.53475999998005,-0.0013715931779112365
ADD_GATE_BAND00_UPPER01,evaluation,BASE,29,2024-08-02,2024-08-01,219880.9674,-3662.8000000000175,90.02732,254.00000000000023,0.0,3,1,2,2024-08-07,2024-08-06,False,-4006.8273200000176,-0.018222710984852696
ADD_GATE_BAND00_UPPER01,evaluation,BASE,30,2024-08-28,2024-08-27,267115.81247999996,-9847.3,112.25206,316.79999999999853,0.0,15,1,3,2024-09-20,2024-09-19,False,-10276.35206,-0.0384715227623203
ADD_GATE_BAND00_UPPER01,evaluation,BASE,31,2024-09-25,2024-09-24,257338.15734,72206.5,119.88236,356.09999999997177,0.0,4,1,3,2024-10-08,2024-09-30,False,71730.51764000002,0.2787403095656285
ADD_GATE_BAND00_UPPER01,evaluation,BASE,32,2024-10-09,2024-10-08,107650.32576,-6198.899999999994,45.74188,150.60000000000514,0.0,10,1,2,2024-10-23,2024-10-22,False,-6395.241879999999,-0.059407547862491465
ADD_GATE_BAND00_UPPER01,evaluation,BASE,33,2025-01-08,2025-01-07,7749.0,92.0,10.0,7.999999999999119,0.0,10,1,1,2025-01-22,2025-01-21,False,74.00000000000088,0.00954961930571698
ADD_GATE_BAND00_UPPER01,evaluation,BASE,34,2025-04-09,2025-04-08,322681.72344,13003.399999999965,133.23304,345.60000000002515,0.0,11,2,2,2025-04-24,2025-04-23,False,12524.56695999994,0.03881399549525085
ADD_GATE_BAND00_UPPER01,evaluation,BASE,35,2025-06-03,2025-05-30,636179.58738,17217.5,275.34536,723.6000000000001,4056.7999999999997,41,9,8,2025-07-30,2025-07-29,False,20275.35464,0.03187048915464371
ADD_GATE_BAND00_UPPER01,evaluation,BASE,36,2025-09-05,2025-09-04,355420.46988000005,14918.600000000035,147.16394000000003,478.79999999996267,0.0,7,1,3,2025-09-16,2025-09-15,False,14292.636060000072,0.04021331710248897
ADD_GATE_BAND00_UPPER01,evaluation,BASE,37,2025-11-26,2025-11-25,9681.1,220.3000000000029,25.0,12.600000000000389,0.0,8,2,3,2025-12-08,2025-12-05,False,182.70000000000252,0.018871822416874375
ADD_GATE_BAND00_UPPER01,evaluation,BASE,38,2025-12-19,2025-12-18,482399.83796,2408.2000000000044,208.02854000000002,612.5999999999588,7232.4,35,5,8,2026-02-10,2026-02-09,False,8819.971460000046,0.018283529068538758
ADD_GATE_BAND00_UPPER01,evaluation,BASE,39,2026-03-25,2026-03-24,9482.3,132.3000000000011,10.0,12.600000000000477,0.0,10,1,1,2026-04-09,2026-04-08,False,109.70000000000061,0.011568923151556122
ADD_GATE_BAND00_UPPER01,evaluation,BASE,40,2026-05-06,2026-04-30,349675.92146,-1383.2999999999302,157.06386,430.80000000001445,0.0,9,2,5,2026-05-19,2026-05-18,False,-1971.1638599999446,-0.005637116366977042
ADD_GATE_BAND00_UPPER01,evaluation,BASE,41,2026-06-05,2026-06-04,375351.85536,3402.4000000000233,153.46608000000003,458.39999999999003,0.0,12,1,3,2026-06-24,2026-06-23,False,2790.533920000033,0.007434448185486207
ADD_GATE_BAND00_UPPER01,evaluation,BASE,42,2026-07-21,2026-07-20,316587.53222000005,-9650.400000000034,134.1023,397.79999999995783,0.0,10,2,4,2026-08-04,2026-08-03,False,-10182.302299999992,-0.03216267623869724
ADD_GATE_BAND00_UPPER01,evaluation,BASE,43,2026-08-07,2026-08-06,268937.67678000004,1770.0999999999767,107.83906000000002,342.600000000013,0.0,5,1,1,2026-08-14,2026-08-13,True,1319.6609399999638,0.0049069396144129345
ADD_GATE_BAND00_UPPER01,evaluation,STRESS,1,2020-01-02,2019-12-31,191220.75772,-1018.6999999999825,153.83004000000003,462.9999999999901,0.0,14,2,3,2020-01-22,2020-01-21,False,-1635.5300399999728,-0.008553098834567115
ADD_GATE_BAND00_UPPER01,evaluation,STRESS,2,2020-02-05,2020-02-04,125054.00160000002,9548.300000000007,110.58536000000002,296.9000000000113,0.0,19,1,4,2020-03-03,2020-03-02,False,9140.814639999997,0.07309493917066302
ADD_GATE_BAND00_UPPER01,evaluation,STRESS,3,2020-03-23,2020-03-20,4966.6,300.3000000000002,15.0,11.199999999999388,0.0,10,1,2,2020-04-07,2020-04-03,False,274.1000000000008,0.05518866025047332
ADD_GATE_BAND00_UPPER01,evaluation,STRESS,4,2020-07-01,2020-06-30,119519.7888,15589.499999999985,101.6994,284.9999999999939,0.0,5,1,1,2020-07-08,2020-07-07,False,15202.800599999991,0.12719902497016453
ADD_GATE_BAND00_UPPER01,evaluation,STRESS,5,2020-08-19,2020-08-18,168560.05648,-2059.499999999971,144.99940000000004,351.9999999999991,0.0,31,4,5,2020-10-09,2020-09-30,False,-2556.49939999997,-0.015166697575847717
ADD_GATE_BAND00_UPPER01,evaluation,STRESS,6,2020-12-15,2020-12-14,225499.5504,23082.70000000001,196.13736000000003,496.8000000000064,1735.1999999999998,25,3,4,2021-01-20,2021-01-19,False,24124.962640000005,0.10698452656427117
ADD_GATE_BAND00_UPPER01,evaluation,STRESS,7,2021-02-03,2021-02-02,40694.07111999999,1857.4000000000087,33.24968,88.80000000000337,0.0,7,1,1,2021-02-19,2021-02-18,False,1735.3503200000055,0.04264381204040137
ADD_GATE_BAND00_UPPER01,evaluation,STRESS,8,2021-03-11,2021-03-10,6041.0,-141.60000000000036,10.0,13.200000000000145,0.0,10,1,1,2021-03-25,2021-03-24,False,-164.80000000000052,-0.027280251613971282
ADD_GATE_BAND00_UPPER01,evaluation,STRESS,9,2021-06-08,2021-06-07,471771.77176,-4289.499999999993,390.78396000000004,1075.2000000000166,0.0,31,5,8,2021-07-22,2021-07-21,False,-5755.483960000009,-0.012199720933977249
ADD_GATE_BAND00_UPPER01,evaluation,STRESS,10,2021-07-29,2021-07-28,239901.52224000002,7964.099999999977,194.92664000000002,537.8999999999625,0.0,10,1,2,2021-08-12,2021-08-11,False,7231.273360000015,0.030142673929204052
ADD_GATE_BAND00_UPPER01,evaluation,STRESS,11,2021-10-29,2021-10-28,300666.82052,8299.700000000012,259.7988,649.3999999999816,0.0,32,6,5,2021-12-14,2021-12-13,False,7390.50120000003,0.024580368353309612
ADD_GATE_BAND00_UPPER01,evaluation,STRESS,12,2022-01-10,2022-01-07,6858.499999999999,-150.4999999999991,30.0,13.999999999999702,97.5,10,3,3,2022-01-24,2022-01-21,False,-96.99999999999879,-0.014143034191149494
ADD_GATE_BAND00_UPPER01,evaluation,STRESS,13,2022-01-27,2022-01-26,6112.400000000001,-114.39999999999873,10.0,13.000000000000878,0.0,10,1,1,2022-02-17,2022-02-16,False,-137.3999999999996,-0.022478895360251227
ADD_GATE_BAND00_UPPER01,evaluation,STRESS,14,2022-03-11,2022-03-10,5931.2,-270.1999999999998,10.0,13.999999999999702,0.0,3,1,1,2022-03-16,2022-03-15,False,-294.19999999999953,-0.0496021041273266
ADD_GATE_BAND00_UPPER01,evaluation,STRESS,15,2022-04-25,2022-04-22,6704.2,28.19999999999891,30.0,13.600000000000678,0.0,10,3,3,2022-05-12,2022-05-11,False,-15.40000000000177,-0.002297067509919419
ADD_GATE_BAND00_UPPER01,evaluation,STRESS,16,2022-05-13,2022-05-12,431138.3264000001,6346.900000000023,370.96028,997.400000000046,0.0,20,4,7,2022-06-13,2022-06-10,False,4978.539719999977,0.01154743017530064
ADD_GATE_BAND00_UPPER01,evaluation,STRESS,17,2022-08-05,2022-08-04,233939.10291999998,-1940.899999999936,207.41084,555.9999999999895,0.0,21,4,4,2022-09-05,2022-09-02,False,-2704.3108399999255,-0.011559892323451018
ADD_GATE_BAND00_UPPER01,evaluation,STRESS,18,2022-09-21,2022-09-20,6379.4,-308.8000000000002,10.0,12.800000000000011,0.0,10,1,1,2022-10-12,2022-10-11,False,-331.6000000000002,-0.051979810013480926
ADD_GATE_BAND00_UPPER01,evaluation,STRESS,19,2022-10-27,2022-10-26,6368.099999999999,120.69999999999982,10.0,13.600000000000012,0.0,7,1,1,2022-11-07,2022-11-04,False,97.09999999999981,0.015247876132598391
ADD_GATE_BAND00_UPPER01,evaluation,STRESS,20,2023-01-17,2023-01-16,189224.45951999997,-945.6999999999825,151.94864,456.00000000002876,0.0,2,1,2,2023-01-19,2023-01-18,False,-1553.6486400000113,-0.008210612116113875
ADD_GATE_BAND00_UPPER01,evaluation,STRESS,21,2023-04-03,2023-03-31,253618.60419999997,1780.2999999999884,205.97212,624.9999999999866,0.0,7,2,2,2023-04-13,2023-04-12,False,949.3278800000019,0.0037431318691880174
ADD_GATE_BAND00_UPPER01,evaluation,STRESS,22,2023-05-29,2023-05-26,6184.2,-28.800000000000182,10.0,12.7999999999993,0.0,10,1,1,2023-06-12,2023-06-09,False,-51.59999999999948,-0.0083438439895216
ADD_GATE_BAND00_UPPER01,evaluation,STRESS,23,2023-08-23,2023-08-22,6107.4,160.0,10.0,12.800000000000011,0.0,9,1,1,2023-09-05,2023-09-04,False,137.2,0.022464551200183383
ADD_GATE_BAND00_UPPER01,evaluation,STRESS,24,2023-10-18,2023-10-17,6300.1,-32.30000000000018,10.0,13.600000000000767,0.0,10,1,1,2023-11-01,2023-10-31,False,-55.90000000000095,-0.008872875033729773
ADD_GATE_BAND00_UPPER01,evaluation,STRESS,25,2023-11-29,2023-11-28,6465.3,-180.4999999999991,15.0,14.400000000000013,0.0,10,2,1,2023-12-13,2023-12-12,False,-209.8999999999991,-0.032465624178305584
ADD_GATE_BAND00_UPPER01,evaluation,STRESS,26,2024-02-19,2024-02-08,229173.73284,6507.200000000012,190.51420000000002,541.6000000000004,0.0,5,2,3,2024-02-26,2024-02-23,False,5775.085800000012,0.025199597390299294
ADD_GATE_BAND00_UPPER01,evaluation,STRESS,27,2024-03-05,2024-03-04,285494.55216,6136.3000000000175,230.50028000000003,646.4000000000036,0.0,54,2,3,2024-05-27,2024-05-24,False,5259.399720000014,0.018422066831777873
ADD_GATE_BAND00_UPPER01,evaluation,STRESS,28,2024-06-04,2024-06-03,248262.78036,52.60000000000582,208.65028,559.2000000000005,0.0,32,4,6,2024-07-19,2024-07-18,False,-715.2502799999947,-0.0028810209849532307
ADD_GATE_BAND00_UPPER01,evaluation,STRESS,29,2024-08-02,2024-08-01,214160.83008,-3565.2000000000116,170.52752,494.3999999999743,0.0,3,1,2,2024-08-07,2024-08-06,False,-4230.127519999986,-0.01975210648193611
ADD_GATE_BAND00_UPPER01,evaluation,STRESS,30,2024-08-28,2024-08-27,261252.05904,-9623.699999999993,209.87408,619.2000000000006,0.0,15,1,3,2024-09-20,2024-09-19,False,-10452.774079999994,-0.04001030314712115
ADD_GATE_BAND00_UPPER01,evaluation,STRESS,31,2024-09-25,2024-09-24,251247.15868,70147.59999999995,233.94164,634.6999999999939,0.0,4,1,4,2024-10-08,2024-09-30,False,69278.95835999995,0.2757402659754526
ADD_GATE_BAND00_UPPER01,evaluation,STRESS,32,2024-10-09,2024-10-08,104717.8704,-6027.399999999994,84.1538,243.99999999999483,0.0,10,1,2,2024-10-23,2024-10-22,False,-6355.553799999989,-0.06069216052353934
ADD_GATE_BAND00_UPPER01,evaluation,STRESS,33,2025-01-08,2025-01-07,7753.0,92.0,10.0,16.000000000000014,0.0,10,1,1,2025-01-22,2025-01-21,False,65.99999999999999,0.008512833741777375
ADD_GATE_BAND00_UPPER01,evaluation,STRESS,34,2025-04-09,2025-04-08,314322.57876000006,12650.500000000058,260.99636,672.8000000000266,0.0,11,2,3,2025-04-24,2025-04-23,False,11716.703640000032,0.03727604833932812
ADD_GATE_BAND00_UPPER01,evaluation,STRESS,35,2025-06-03,2025-05-30,615980.78512,16688.599999999977,508.85584000000006,1319.8999999999842,4030.3999999999996,41,8,8,2025-07-30,2025-07-29,False,18890.244159999995,0.030666937372599963
ADD_GATE_BAND00_UPPER01,evaluation,STRESS,36,2025-09-05,2025-09-04,344509.2486,14454.599999999977,280.96984,772.9999999999835,0.0,7,1,3,2025-09-16,2025-09-15,False,13400.630159999993,0.03889773704031699
ADD_GATE_BAND00_UPPER01,evaluation,STRESS,37,2025-11-26,2025-11-25,8754.5,210.90000000000146,10.0,19.000000000001283,0.0,8,1,1,2025-12-08,2025-12-05,False,181.90000000000018,0.020777885658804063
ADD_GATE_BAND00_UPPER01,evaluation,STRESS,38,2025-12-19,2025-12-18,466597.91848000005,2333.499999999922,388.16684000000004,987.0000000000312,6998.7,35,5,9,2026-02-10,2026-02-09,False,7957.03315999989,0.01705329759275588
ADD_GATE_BAND00_UPPER01,evaluation,STRESS,39,2026-03-25,2026-03-24,9035.0,126.0,10.0,19.999999999999574,0.0,10,1,1,2026-04-09,2026-04-08,False,96.00000000000043,0.010625345877144485
ADD_GATE_BAND00_UPPER01,evaluation,STRESS,40,2026-05-06,2026-04-30,338194.32412000006,-1325.7999999999884,287.37804000000006,694.1000000000469,0.0,9,2,6,2026-05-19,2026-05-18,False,-2307.278040000035,-0.006822344065068796
ADD_GATE_BAND00_UPPER01,evaluation,STRESS,41,2026-06-05,2026-06-04,363280.16128,3314.0999999999476,297.08119999999997,741.0999999999832,0.0,12,2,3,2026-06-24,2026-06-23,False,2275.9187999999644,0.006264913536651369
ADD_GATE_BAND00_UPPER01,evaluation,STRESS,42,2026-07-21,2026-07-20,304839.22803999996,-9290.699999999964,244.18403999999998,637.999999999988,0.0,10,2,4,2026-08-04,2026-08-03,False,-10172.884039999952,-0.03337130888766422
ADD_GATE_BAND00_UPPER01,evaluation,STRESS,43,2026-08-07,2026-08-06,259208.64200000002,1704.999999999971,207.746,549.9999999999883,0.0,5,1,1,2026-08-14,2026-08-13,True,947.2539999999825,0.0036544074792073575
ADD_GATE_BAND00_UPPER01,earlier_diagnostic,BASE,1,2015-01-05,2014-12-31,317516.52224,38640.99999999998,159.756,416.1000000000036,1214.5000000000002,88,8,10,2015-05-18,2015-05-15,False,39279.64399999997,0.12370897653732114
ADD_GATE_BAND00_UPPER01,earlier_diagnostic,BASE,2,2015-06-03,2015-06-02,43344.26712,-3560.3999999999933,25.17744,50.40000000000049,0.0,17,1,3,2015-06-29,2015-06-26,False,-3635.9774399999937,-0.08388600573020819
ADD_GATE_BAND00_UPPER01,earlier_diagnostic,BASE,3,2015-08-27,2015-08-26,5942.5,510.39999999999964,15.0,7.600000000000007,0.0,10,1,2,2015-09-14,2015-09-11,False,487.7999999999996,0.08208666386201087
ADD_GATE_BAND00_UPPER01,earlier_diagnostic,BASE,4,2015-09-29,2015-09-28,246637.08544000002,30289.699999999983,164.74875999999998,299.599999999999,0.0,61,7,14,2015-12-30,2015-12-29,False,29825.351239999985,0.12092808827509303
ADD_GATE_BAND00_UPPER01,earlier_diagnostic,BASE,5,2016-01-13,2016-01-12,6575.0,-666.0,10.0,8.000000000000895,102.0,10,1,1,2016-01-27,2016-01-26,False,-582.0000000000009,-0.08851711026615984
ADD_GATE_BAND00_UPPER01,earlier_diagnostic,BASE,6,2016-05-03,2016-04-29,397537.09152,4610.599999999977,167.79574,499.2000000000131,0.0,61,4,6,2016-07-29,2016-07-28,False,3943.604259999964,0.009920091342725845
ADD_GATE_BAND00_UPPER01,earlier_diagnostic,BASE,7,2016-09-07,2016-09-06,268000.98948000005,-3601.0,110.06468000000001,314.4000000000343,0.0,17,1,2,2016-10-11,2016-10-10,False,-4025.464680000034,-0.015020335140592606
ADD_GATE_BAND00_UPPER01,earlier_diagnostic,BASE,8,2017-02-13,2017-02-10,264979.38528000005,1987.1999999999825,108.60244000000002,310.4000000000003,0.0,11,1,2,2017-02-28,2017-02-27,False,1568.197559999982,0.005918187025541212
ADD_GATE_BAND00_UPPER01,earlier_diagnostic,BASE,9,2017-05-10,2017-05-09,6371.9,153.89999999999964,10.0,7.600000000000007,0.0,5,1,1,2017-05-17,2017-05-16,False,136.29999999999964,0.021390793954707332
ADD_GATE_BAND00_UPPER01,earlier_diagnostic,BASE,10,2017-05-18,2017-05-17,251335.19014,27111.40000000001,127.60354000000001,294.7999999999997,0.0,61,3,5,2017-08-15,2017-08-14,False,26688.99646000001,0.10618885658285085
ADD_GATE_BAND00_UPPER01,earlier_diagnostic,BASE,11,2017-10-23,2017-10-20,322679.72304,7903.199999999953,138.61205999999999,410.49999999998425,0.0,49,2,5,2017-12-29,2017-12-28,False,7354.0879399999685,0.02279067265434693
ADD_GATE_BAND00_UPPER01,earlier_diagnostic,BASE,12,2018-01-12,2018-01-11,229707.9324,5481.399999999994,95.65040000000002,323.99999999996663,2364.4,7,1,2,2018-01-23,2018-01-22,False,7426.149600000027,0.032328659800344044
ADD_GATE_BAND00_UPPER01,earlier_diagnostic,BASE,13,2018-02-13,2018-02-12,277288.94670000003,8103.799999999988,124.1311,364.2000000000221,0.0,11,2,4,2018-03-07,2018-03-06,False,7615.468899999967,0.027464018997624063
ADD_GATE_BAND00_UPPER01,earlier_diagnostic,BASE,14,2018-03-28,2018-03-27,7757.0,82.0,10.0,7.999999999999119,0.0,10,1,1,2018-04-13,2018-04-12,False,64.00000000000088,0.008250612350135475
ADD_GATE_BAND00_UPPER01,earlier_diagnostic,BASE,15,2018-04-19,2018-04-18,8677.0,35.79999999999927,35.0,9.199999999999164,0.0,10,3,4,2018-05-07,2018-05-04,False,-8.399999999999892,-0.000968076524144277
ADD_GATE_BAND00_UPPER01,earlier_diagnostic,BASE,16,2018-06-25,2018-06-22,8030.5,-426.10000000000036,15.0,8.800000000000052,0.0,3,2,1,2018-06-28,2018-06-27,False,-449.90000000000043,-0.056023908847518886
ADD_GATE_BAND00_UPPER01,earlier_diagnostic,BASE,17,2018-10-09,2018-10-08,285296.5479,-10501.5,119.70086,340.4000000000003,0.0,9,2,4,2018-10-22,2018-10-19,False,-10961.60086,-0.03842177881466052
ADD_GATE_BAND00_UPPER01,earlier_diagnostic,BASE,18,2018-12-25,2018-12-24,7370.599999999999,148.80000000000018,10.0,9.599999999998943,0.0,10,1,1,2019-01-10,2019-01-09,False,129.20000000000124,0.01752910210837669
ADD_GATE_BAND00_UPPER01,earlier_diagnostic,BASE,19,2019-02-28,2019-02-27,284862.26106,11687.400000000023,122.84986,309.60000000000207,0.0,5,2,3,2019-03-07,2019-03-06,False,11254.95014000002,0.0395101481611473
ADD_GATE_BAND00_UPPER01,earlier_diagnostic,BASE,20,2019-04-30,2019-04-29,7785.0,-400.0,10.0,8.000000000000895,0.0,2,1,1,2019-05-07,2019-05-06,False,-418.0000000000009,-0.05369299935773936
ADD_GATE_BAND00_UPPER01,earlier_diagnostic,BASE,21,2019-05-31,2019-05-30,303722.83624000003,12876.800000000047,151.11392,333.20000000000033,0.0,17,5,4,2019-06-26,2019-06-25,False,12392.486080000046,0.04080195692037979
ADD_GATE_BAND00_UPPER01,earlier_diagnostic,BASE,22,2019-08-20,2019-08-19,311817.5215,4361.999999999942,139.59206,325.00000000003416,0.0,28,3,3,2019-09-30,2019-09-27,False,3897.4079399999077,0.012499002369242769
ADD_GATE_BAND00_UPPER01,earlier_diagnostic,BASE,23,2019-11-12,2019-11-11,331456.67808000004,-1253.5999999999767,133.90879999999999,334.4000000000003,0.0,20,1,2,2019-12-10,2019-12-09,False,-1721.908799999977,-0.005194973925323595
ADD_GATE_BAND00_UPPER01,earlier_diagnostic,BASE,24,2019-12-30,2019-12-27,329204.72778,5172.299999999988,132.5915,492.60000000001867,0.0,1,1,1,2019-12-31,2019-12-30,True,4547.108499999969,0.013812403396097938
ADD_GATE_BAND00_UPPER01,earlier_diagnostic,STRESS,1,2015-01-05,2014-12-31,316529.86132,38563.200000000004,275.41756,769.2999999999994,1218.0000000000002,88,7,8,2015-05-18,2015-05-15,False,38736.48244,0.12237860364409298
ADD_GATE_BAND00_UPPER01,earlier_diagnostic,STRESS,2,2015-06-03,2015-06-02,43378.14432,-3560.3999999999933,40.35952,92.40000000000101,0.0,17,1,3,2015-06-29,2015-06-26,False,-3693.1595199999942,-0.0851387162335854
ADD_GATE_BAND00_UPPER01,earlier_diagnostic,STRESS,3,2015-08-27,2015-08-26,5946.3,510.39999999999964,15.0,15.200000000000014,0.0,10,1,2,2015-09-14,2015-09-11,False,480.19999999999965,0.08075610043220148
ADD_GATE_BAND00_UPPER01,earlier_diagnostic,STRESS,4,2015-09-29,2015-09-28,245826.03824,30204.899999999994,242.86700000000002,596.8000000000004,0.0,61,6,11,2015-12-30,2015-12-29,False,29365.232999999997,0.1194553400861902
ADD_GATE_BAND00_UPPER01,earlier_diagnostic,STRESS,5,2016-01-13,2016-01-12,6579.0,-666.0,10.0,14.000000000000234,102.0,10,1,1,2016-01-27,2016-01-26,False,-588.0000000000002,-0.08937528499772006
ADD_GATE_BAND00_UPPER01,earlier_diagnostic,STRESS,6,2016-05-03,2016-04-29,394983.4302,4537.599999999977,318.38976,991.1999999999914,0.0,61,4,5,2016-07-29,2016-07-28,False,3228.010239999985,0.008172520650715604
ADD_GATE_BAND00_UPPER01,earlier_diagnostic,STRESS,7,2016-09-07,2016-09-06,267188.13252,-3587.499999999971,214.31868,626.4000000000005,0.0,17,1,2,2016-10-11,2016-10-10,False,-4428.218679999971,-0.01657341079573773
ADD_GATE_BAND00_UPPER01,earlier_diagnostic,STRESS,8,2017-02-13,2017-02-10,262795.47616,1970.4000000000233,210.69440000000003,615.2000000000005,0.0,11,1,2,2017-02-28,2017-02-27,False,1144.5056000000227,0.0043551191090641286
ADD_GATE_BAND00_UPPER01,earlier_diagnostic,STRESS,9,2017-05-10,2017-05-09,6375.700000000001,153.89999999999964,10.0,15.200000000000014,0.0,5,1,1,2017-05-17,2017-05-16,False,128.69999999999962,0.020186018790093574
ADD_GATE_BAND00_UPPER01,earlier_diagnostic,STRESS,10,2017-05-18,2017-05-17,249149.384,26850.09999999999,233.34768000000003,584.0000000000005,0.0,61,4,5,2017-08-15,2017-08-14,False,26032.752319999992,0.10448652090586744
ADD_GATE_BAND00_UPPER01,earlier_diagnostic,STRESS,11,2017-10-23,2017-10-20,318903.21028,7812.299999999959,258.99080000000004,724.2999999999911,0.0,49,2,4,2017-12-29,2017-12-28,False,6829.009199999969,0.02141404971748022
ADD_GATE_BAND00_UPPER01,earlier_diagnostic,STRESS,12,2018-01-12,2018-01-11,226882.2166,5404.399999999965,188.89404000000002,532.9999999999886,2332.2,7,1,3,2018-01-23,2018-01-22,False,7014.705959999976,0.03091783069259724
ADD_GATE_BAND00_UPPER01,earlier_diagnostic,STRESS,13,2018-02-13,2018-02-12,273507.45924,7996.600000000006,226.34808,635.200000000016,0.0,11,2,3,2018-03-07,2018-03-06,False,7135.05191999999,0.026087229722459068
ADD_GATE_BAND00_UPPER01,earlier_diagnostic,STRESS,14,2018-03-28,2018-03-27,7373.2,77.89999999999964,10.0,15.200000000000014,0.0,10,1,1,2018-04-13,2018-04-12,False,52.69999999999962,0.007147507188195033
ADD_GATE_BAND00_UPPER01,earlier_diagnostic,STRESS,15,2018-04-19,2018-04-18,7543.0,22.0,10.0,15.999999999999126,0.0,10,1,1,2018-05-07,2018-05-04,False,-3.999999999999126,-0.0005302929868751327
ADD_GATE_BAND00_UPPER01,earlier_diagnostic,STRESS,16,2018-06-25,2018-06-22,7674.200000000001,-415.8000000000002,10.0,16.800000000000015,0.0,3,1,1,2018-06-28,2018-06-27,False,-442.6000000000002,-0.05767376404055148
ADD_GATE_BAND00_UPPER01,earlier_diagnostic,STRESS,17,2018-10-09,2018-10-08,281488.01988000004,-10346.299999999988,236.10828,671.2000000000005,0.0,9,3,5,2018-10-22,2018-10-19,False,-11253.60827999999,-0.03997899549969291
ADD_GATE_BAND00_UPPER01,earlier_diagnostic,STRESS,18,2018-12-25,2018-12-24,7375.400000000001,148.80000000000018,10.0,19.200000000000017,0.0,10,1,1,2019-01-10,2019-01-09,False,119.60000000000016,0.01621606963690107
ADD_GATE_BAND00_UPPER01,earlier_diagnostic,STRESS,19,2019-02-28,2019-02-27,280284.66904,11490.700000000012,233.03892000000002,608.8000000000005,0.0,5,2,3,2019-03-07,2019-03-06,False,10648.86108000001,0.037993020155092
ADD_GATE_BAND00_UPPER01,earlier_diagnostic,STRESS,20,2019-04-30,2019-04-29,7399.8,-379.9999999999991,10.0,15.200000000000014,0.0,2,1,1,2019-05-07,2019-05-06,False,-405.1999999999991,-0.05475823670910012
ADD_GATE_BAND00_UPPER01,earlier_diagnostic,STRESS,21,2019-05-31,2019-05-30,299224.9384000001,22746.800000000047,283.70872,656.0000000000005,0.0,23,6,6,2019-07-04,2019-07-03,False,21807.091280000048,0.07287858891911143
ADD_GATE_BAND00_UPPER01,earlier_diagnostic,STRESS,22,2019-08-20,2019-08-19,324884.02912,3671.7999999999884,277.60716,673.1000000000058,0.0,28,4,4,2019-09-30,2019-09-27,False,2721.0928399999825,0.008375582041907368
ADD_GATE_BAND00_UPPER01,earlier_diagnostic,STRESS,23,2019-11-12,2019-11-11,334467.53352,-1263.7000000000116,271.53368,674.4000000000005,0.0,20,1,3,2019-12-10,2019-12-09,False,-2209.633680000012,-0.006606422024719131
ADD_GATE_BAND00_UPPER01,earlier_diagnostic,STRESS,24,2019-12-30,2019-12-27,331842.38388000004,5210.099999999977,267.121,826.9999999999824,0.0,1,1,1,2019-12-31,2019-12-30,True,4115.978999999994,0.012403415597111922
ADD_GATE_BAND00_LOWER00,evaluation,BASE,1,2020-01-02,2019-12-31,191110.43844000003,-1038.2999999999884,80.76408,277.8000000000105,0.0,14,2,3,2020-01-22,2020-01-21,False,-1396.864079999999,-0.007309198238475868
ADD_GATE_BAND00_LOWER00,evaluation,BASE,2,2020-02-05,2020-02-04,125341.66332,9575.600000000024,60.44872,165.40000000001115,0.0,19,1,4,2020-03-03,2020-03-02,False,9349.751280000013,0.07459412163798955
ADD_GATE_BAND00_LOWER00,evaluation,BASE,3,2020-03-23,2020-03-20,5335.400000000001,304.90000000000055,25.0,5.999999999999961,0.0,10,2,3,2020-04-07,2020-04-03,False,273.9000000000006,0.05133635716159999
ADD_GATE_BAND00_LOWER00,evaluation,BASE,4,2020-07-01,2020-06-30,194650.4223,23981.699999999983,85.17662000000001,276.60000000000827,0.0,5,2,2,2020-07-08,2020-07-07,False,23619.923379999975,0.1213453487585882
ADD_GATE_BAND00_LOWER00,evaluation,BASE,5,2020-08-19,2020-08-18,175145.70208000002,-2132.7999999999884,90.89468,219.60000000000832,0.0,31,4,6,2020-10-09,2020-09-30,False,-2443.2946799999963,-0.013950069290789622
ADD_GATE_BAND00_LOWER00,evaluation,BASE,6,2020-12-15,2020-12-14,234430.80876,23895.09999999999,114.36574000000002,280.2000000000105,1807.1999999999998,25,3,5,2021-01-20,2021-01-19,False,25307.73425999998,0.10795396046220583
ADD_GATE_BAND00_LOWER00,evaluation,BASE,7,2021-02-03,2021-02-02,42312.26076,1932.7000000000044,17.29882,46.20000000000175,0.0,7,1,1,2021-02-19,2021-02-18,False,1869.2011800000028,0.044176348567199625
ADD_GATE_BAND00_LOWER00,evaluation,BASE,8,2021-03-11,2021-03-10,6037.400000000001,-141.60000000000036,10.0,7.199999999999207,0.0,10,1,1,2021-03-25,2021-03-24,False,-158.79999999999956,-0.026302713088415468
ADD_GATE_BAND00_LOWER00,evaluation,BASE,9,2021-06-08,2021-06-07,490420.0702,-5109.999999999956,209.86187999999999,558.6000000000157,0.0,31,5,7,2021-07-22,2021-07-21,False,-5878.461879999973,-0.011986585046575796
ADD_GATE_BAND00_LOWER00,evaluation,BASE,10,2021-07-29,2021-07-28,250542.29844,8304.399999999965,109.15134,306.59999999996853,0.0,10,1,3,2021-08-12,2021-08-11,False,7888.648659999996,0.03148629476586834
ADD_GATE_BAND00_LOWER00,evaluation,BASE,11,2021-10-29,2021-10-28,320662.7903,7522.100000000006,150.65112000000002,386.399999999976,0.0,32,6,5,2021-12-14,2021-12-13,False,6985.048880000029,0.02178316004006914
ADD_GATE_BAND00_LOWER00,evaluation,BASE,12,2022-01-10,2022-01-07,6363.3,-166.39999999999964,10.0,7.800000000000296,97.5,10,1,1,2022-01-24,2022-01-21,False,-86.69999999999993,-0.013625005893168628
ADD_GATE_BAND00_LOWER00,evaluation,BASE,13,2022-01-27,2022-01-26,6579.4,-123.19999999999891,10.0,8.400000000000318,0.0,10,1,1,2022-02-17,2022-02-16,False,-141.59999999999923,-0.021521719305711652
ADD_GATE_BAND00_LOWER00,evaluation,BASE,14,2022-03-11,2022-03-10,6351.5,-289.5,10.0,9.000000000000341,0.0,3,1,1,2022-03-16,2022-03-15,False,-308.50000000000034,-0.04857120365268052
ADD_GATE_BAND00_LOWER00,evaluation,BASE,15,2022-04-25,2022-04-22,6320.2,16.0,10.0,6.400000000000006,0.0,10,1,1,2022-05-12,2022-05-11,False,-0.4000000000000057,-6.328913641973446e-05
ADD_GATE_BAND00_LOWER00,evaluation,BASE,16,2022-05-13,2022-05-12,448284.83904,6756.600000000035,192.60712000000004,599.3999999999647,0.0,20,4,5,2022-06-13,2022-06-10,False,5964.59288000007,0.013305363823530637
ADD_GATE_BAND00_LOWER00,evaluation,BASE,17,2022-08-05,2022-08-04,243876.8483,-2042.999999999971,115.22046,348.0000000000132,0.0,21,3,4,2022-09-05,2022-09-02,False,-2506.220459999984,-0.010276582125241381
ADD_GATE_BAND00_LOWER00,evaluation,BASE,18,2022-09-21,2022-09-20,6376.200000000001,-308.8000000000002,10.0,6.400000000000006,0.0,10,1,1,2022-10-12,2022-10-11,False,-325.20000000000016,-0.05100216429848501
ADD_GATE_BAND00_LOWER00,evaluation,BASE,19,2022-10-27,2022-10-26,6738.8,127.80000000000018,10.0,7.200000000000006,0.0,7,1,1,2022-11-07,2022-11-04,False,110.60000000000018,0.016412417641123073
ADD_GATE_BAND00_LOWER00,evaluation,BASE,20,2023-01-17,2023-01-16,197803.75283999997,-989.3999999999651,81.86192,286.20000000001085,0.0,2,1,2,2023-01-19,2023-01-18,False,-1357.461919999976,-0.0068626701996802025
ADD_GATE_BAND00_LOWER00,evaluation,BASE,21,2023-04-03,2023-03-31,259443.8784,1881.2999999999884,112.50232000000001,383.9999999999594,0.0,7,1,3,2023-04-13,2023-04-12,False,1384.7976800000288,0.005337561589582022
ADD_GATE_BAND00_LOWER00,evaluation,BASE,22,2023-05-29,2023-05-26,6567.0,-30.600000000000364,10.0,6.799999999999251,0.0,10,1,1,2023-06-12,2023-06-09,False,-47.399999999999615,-0.007217907720420224
ADD_GATE_BAND00_LOWER00,evaluation,BASE,23,2023-08-23,2023-08-22,6485.400000000001,170.0,10.0,6.800000000000761,0.0,9,1,1,2023-09-05,2023-09-04,False,153.19999999999925,0.023622290066919426
ADD_GATE_BAND00_LOWER00,evaluation,BASE,24,2023-10-18,2023-10-17,6666.8,-34.19999999999982,10.0,7.200000000000806,0.0,10,1,1,2023-11-01,2023-10-31,False,-51.400000000000624,-0.0077098458030840315
ADD_GATE_BAND00_LOWER00,evaluation,BASE,25,2023-11-29,2023-11-28,6814.700000000001,-185.69999999999982,20.0,7.600000000000806,0.0,10,2,2,2023-12-13,2023-12-12,False,-213.30000000000064,-0.031299983858423794
ADD_GATE_BAND00_LOWER00,evaluation,BASE,26,2024-02-19,2024-02-08,240154.42128,6827.600000000006,99.57288,283.9999999999908,0.0,5,2,2,2024-02-26,2024-02-23,False,6444.027120000015,0.026832848155174362
ADD_GATE_BAND00_LOWER00,evaluation,BASE,27,2024-03-05,2024-03-04,299041.69638,6434.8000000000175,123.05316,338.79999999996744,0.0,54,2,3,2024-05-27,2024-05-24,False,5972.94684000005,0.019973625458605187
ADD_GATE_BAND00_LOWER00,evaluation,BASE,28,2024-06-04,2024-06-03,257356.69726000002,-361.1000000000349,120.88136000000002,289.60000000000343,0.0,32,4,6,2024-07-19,2024-07-18,False,-771.5813600000383,-0.0029981009556574005
ADD_GATE_BAND00_LOWER00,evaluation,BASE,29,2024-08-02,2024-08-01,226113.81372,-3766.3000000000175,92.42930000000001,261.2000000000002,0.0,3,1,2,2024-08-07,2024-08-06,False,-4119.929300000017,-0.018220599760003096
ADD_GATE_BAND00_LOWER00,evaluation,BASE,30,2024-08-28,2024-08-27,274872.9636,-10132.099999999977,115.16524,325.9999999999984,0.0,15,1,3,2024-09-20,2024-09-19,False,-10573.265239999975,-0.03846600662910732
ADD_GATE_BAND00_LOWER00,evaluation,BASE,31,2024-09-25,2024-09-24,264670.72356,74209.89999999997,123.13338000000002,366.19999999997106,0.0,4,1,3,2024-10-08,2024-09-30,False,73720.56662,0.2785369142019509
ADD_GATE_BAND00_LOWER00,evaluation,BASE,32,2024-10-09,2024-10-08,110652.52608000001,-6370.399999999994,46.90738,154.8000000000053,0.0,10,1,2,2024-10-23,2024-10-22,False,-6572.1073799999995,-0.059394101633508764
ADD_GATE_BAND00_LOWER00,evaluation,BASE,33,2025-01-08,2025-01-07,8136.2,96.60000000000036,10.0,8.399999999999075,0.0,10,1,1,2025-01-22,2025-01-21,False,78.2000000000013,0.00961136648558311
ADD_GATE_BAND00_LOWER00,evaluation,BASE,34,2025-04-09,2025-04-08,332011.48902000004,13379.299999999988,141.88342,355.60000000002583,0.0,11,2,3,2025-04-24,2025-04-23,False,12881.816579999962,0.038799309680587514
ADD_GATE_BAND00_LOWER00,evaluation,BASE,35,2025-06-03,2025-05-30,664590.9889400001,19680.100000000035,284.87296,756.8000000000268,4171.2,41,10,8,2025-07-30,2025-07-29,False,22809.627040000007,0.03432130049849244
ADD_GATE_BAND00_LOWER00,evaluation,BASE,36,2025-09-05,2025-09-04,367445.9745,15419.999999999942,151.88546000000002,494.99999999996135,0.0,7,1,3,2025-09-16,2025-09-15,False,14773.11453999998,0.0402048615721057
ADD_GATE_BAND00_LOWER00,evaluation,BASE,37,2025-11-26,2025-11-25,9211.0,222.0,10.0,12.000000000000455,0.0,8,1,1,2025-12-08,2025-12-05,False,199.99999999999955,0.021713169037020905
ADD_GATE_BAND00_LOWER00,evaluation,BASE,38,2025-12-19,2025-12-18,504523.56655999995,2517.899999999994,217.1003,640.7999999999565,7478.4,35,5,8,2026-02-10,2026-02-09,False,9138.399700000038,0.018112929317273554
ADD_GATE_BAND00_LOWER00,evaluation,BASE,39,2026-03-25,2026-03-24,9482.3,132.3000000000011,10.0,12.600000000000477,0.0,10,1,1,2026-04-09,2026-04-08,False,109.70000000000061,0.011568923151556122
ADD_GATE_BAND00_LOWER00,evaluation,BASE,40,2026-05-06,2026-04-30,370328.25857999997,-1481.6999999999534,166.43378,456.00000000001523,0.0,9,2,6,2026-05-19,2026-05-18,False,-2104.1337799999687,-0.0056818072379033
ADD_GATE_BAND00_LOWER00,evaluation,BASE,41,2026-06-05,2026-06-04,388125.6096,3508.399999999994,158.59264000000002,473.99999999998977,0.0,12,1,3,2026-06-24,2026-06-23,False,2875.8073600000043,0.007409475924466295
ADD_GATE_BAND00_LOWER00,evaluation,BASE,42,2026-07-21,2026-07-20,327377.51984,-8391.5,148.008,413.3999999999564,0.0,10,3,5,2026-08-04,2026-08-03,False,-8952.907999999956,-0.027347351169303046
ADD_GATE_BAND00_LOWER00,evaluation,BASE,43,2026-08-07,2026-08-06,279299.54874,1838.2999999999884,111.99398000000002,355.8000000000135,0.0,5,1,1,2026-08-14,2026-08-13,True,1370.5060199999748,0.00490693961441298
ADD_GATE_BAND00_LOWER00,evaluation,STRESS,1,2020-01-02,2019-12-31,191240.36556,-1038.2999999999884,153.83788,462.99999999999443,0.0,14,2,3,2020-01-22,2020-01-21,False,-1655.137879999983,-0.008654751705547739
ADD_GATE_BAND00_LOWER00,evaluation,STRESS,2,2020-02-05,2020-02-04,125054.00160000002,9548.300000000007,110.58536000000002,296.9000000000113,0.0,19,1,4,2020-03-03,2020-03-02,False,9140.814639999997,0.07309493917066302
ADD_GATE_BAND00_LOWER00,evaluation,STRESS,3,2020-03-23,2020-03-20,4966.6,300.3000000000002,15.0,11.199999999999388,0.0,10,1,2,2020-04-07,2020-04-03,False,274.1000000000008,0.05518866025047332
ADD_GATE_BAND00_LOWER00,evaluation,STRESS,4,2020-07-01,2020-06-30,194362.2138,23892.20000000001,169.80924000000002,460.00000000000574,0.0,5,2,3,2020-07-08,2020-07-07,False,23262.390760000006,0.11968576764585095
ADD_GATE_BAND00_LOWER00,evaluation,STRESS,5,2020-08-19,2020-08-18,174315.54308,-2144.1999999999825,149.5618,363.9999999999991,0.0,31,4,5,2020-10-09,2020-09-30,False,-2657.7617999999816,-0.015246843471555683
ADD_GATE_BAND00_LOWER00,evaluation,STRESS,6,2020-12-15,2020-12-14,233569.95232000004,23816.29999999999,207.6492,514.4000000000065,1799.9999999999998,25,3,5,2021-01-20,2021-01-19,False,24894.250799999983,0.10658156390721817
ADD_GATE_BAND00_LOWER00,evaluation,STRESS,7,2021-02-03,2021-02-02,42343.830760000004,1932.7000000000044,34.59764,92.4000000000035,0.0,7,1,1,2021-02-19,2021-02-18,False,1805.702360000001,0.04264381204040125
ADD_GATE_BAND00_LOWER00,evaluation,STRESS,8,2021-03-11,2021-03-10,6041.0,-141.60000000000036,10.0,13.200000000000145,0.0,10,1,1,2021-03-25,2021-03-24,False,-164.80000000000052,-0.027280251613971282
ADD_GATE_BAND00_LOWER00,evaluation,STRESS,9,2021-06-08,2021-06-07,487629.41228000005,-5012.699999999993,397.95044,1110.0000000000168,0.0,31,5,7,2021-07-22,2021-07-21,False,-6520.65044000001,-0.013372143426524504
ADD_GATE_BAND00_LOWER00,evaluation,STRESS,10,2021-07-29,2021-07-28,248241.65696,8245.399999999965,201.58944000000002,556.5999999999611,0.0,10,1,2,2021-08-12,2021-08-11,False,7487.210560000004,0.03016097560614673
ADD_GATE_BAND00_LOWER00,evaluation,STRESS,11,2021-10-29,2021-10-28,315878.44116,7439.3000000000175,272.64356,680.6999999999764,0.0,32,6,5,2021-12-14,2021-12-13,False,6485.956440000041,0.020533077269159844
ADD_GATE_BAND00_LOWER00,evaluation,STRESS,12,2022-01-10,2022-01-07,6365.9,-166.39999999999964,10.0,12.999999999999723,97.5,10,1,1,2022-01-24,2022-01-21,False,-91.89999999999935,-0.014436293375641993
ADD_GATE_BAND00_LOWER00,evaluation,STRESS,13,2022-01-27,2022-01-26,7047.000000000001,-112.49999999999909,25.0,15.000000000000835,0.0,10,3,2,2022-02-17,2022-02-16,False,-152.49999999999991,-0.02164041436072086
ADD_GATE_BAND00_LOWER00,evaluation,STRESS,14,2022-03-11,2022-03-10,6354.499999999999,-289.5,10.0,14.99999999999968,0.0,3,1,1,2022-03-16,2022-03-15,False,-314.49999999999966,-0.04949248564009752
ADD_GATE_BAND00_LOWER00,evaluation,STRESS,15,2022-04-25,2022-04-22,6323.400000000001,16.0,10.0,12.800000000000722,0.0,10,1,1,2022-05-12,2022-05-11,False,-6.800000000000722,-0.0010753708447987984
ADD_GATE_BAND00_LOWER00,evaluation,STRESS,16,2022-05-13,2022-05-12,443278.64056,6674.700000000012,366.25576000000007,1025.9000000000474,0.0,20,4,5,2022-06-13,2022-06-10,False,5282.544239999965,0.011916983487691745
ADD_GATE_BAND00_LOWER00,evaluation,STRESS,17,2022-08-05,2022-08-04,240665.36367999998,-1998.5,207.76768,571.9999999999892,0.0,21,2,5,2022-09-05,2022-09-02,False,-2778.267679999989,-0.011544111032504472
ADD_GATE_BAND00_LOWER00,evaluation,STRESS,18,2022-09-21,2022-09-20,6379.4,-308.8000000000002,10.0,12.800000000000011,0.0,10,1,1,2022-10-12,2022-10-11,False,-331.6000000000002,-0.051979810013480926
ADD_GATE_BAND00_LOWER00,evaluation,STRESS,19,2022-10-27,2022-10-26,6368.099999999999,120.69999999999982,10.0,13.600000000000012,0.0,7,1,1,2022-11-07,2022-11-04,False,97.09999999999981,0.015247876132598391
ADD_GATE_BAND00_LOWER00,evaluation,STRESS,20,2023-01-17,2023-01-16,195033.98239999998,-974.0,156.41183999999998,470.00000000002956,0.0,2,1,2,2023-01-19,2023-01-18,False,-1600.4118400000295,-0.00820581018910697
ADD_GATE_BAND00_LOWER00,evaluation,STRESS,21,2023-04-03,2023-03-31,255567.18599999996,1852.2999999999884,211.75456,629.9999999999866,0.0,7,1,3,2023-04-13,2023-04-12,False,1010.5454400000017,0.003954128289380633
ADD_GATE_BAND00_LOWER00,evaluation,STRESS,22,2023-05-29,2023-05-26,6570.400000000001,-30.600000000000364,10.0,13.599999999999257,0.0,10,1,1,2023-06-12,2023-06-09,False,-54.19999999999962,-0.008249117253135214
ADD_GATE_BAND00_LOWER00,evaluation,STRESS,23,2023-08-23,2023-08-22,6488.8,170.0,10.0,13.600000000000012,0.0,9,1,1,2023-09-05,2023-09-04,False,146.39999999999998,0.022561952903464428
ADD_GATE_BAND00_LOWER00,evaluation,STRESS,24,2023-10-18,2023-10-17,6664.3,-28.900000000000546,20.0,14.400000000000768,0.0,10,2,2,2023-11-01,2023-10-31,False,-63.30000000000131,-0.009498371922032518
ADD_GATE_BAND00_LOWER00,evaluation,STRESS,25,2023-11-29,2023-11-28,6467.0,-187.19999999999982,10.0,14.400000000000013,0.0,10,1,1,2023-12-13,2023-12-12,False,-211.59999999999982,-0.032719962888510874
ADD_GATE_BAND00_LOWER00,evaluation,STRESS,26,2024-02-19,2024-02-08,235944.13992,6699.400000000023,195.99884000000003,557.6000000000005,0.0,5,2,3,2024-02-26,2024-02-23,False,5945.801160000023,0.025200037441133423
ADD_GATE_BAND00_LOWER00,evaluation,STRESS,27,2024-03-05,2024-03-04,293974.74288,6318.1999999999825,237.34680000000003,665.6000000000035,0.0,54,2,3,2024-05-27,2024-05-24,False,5415.253199999979,0.018420811076992682
ADD_GATE_BAND00_LOWER00,evaluation,STRESS,28,2024-06-04,2024-06-03,251506.33376,-366.69999999998254,207.21756,565.6000000000005,0.0,32,4,5,2024-07-19,2024-07-18,False,-1139.517559999983,-0.004530770827773141
ADD_GATE_BAND00_LOWER00,evaluation,STRESS,29,2024-08-02,2024-08-01,220051.9856,-3665.5,175.19300000000004,507.99999999997357,0.0,3,1,2,2024-08-07,2024-08-06,False,-4348.692999999974,-0.019762116611412087
ADD_GATE_BAND00_LOWER00,evaluation,STRESS,30,2024-08-28,2024-08-27,268677.82816000003,-9897.3,215.56564000000003,636.8000000000005,0.0,15,1,3,2024-09-20,2024-09-19,False,-10749.665640000001,-0.04000950027628807
ADD_GATE_BAND00_LOWER00,evaluation,STRESS,31,2024-09-25,2024-09-24,258235.95307999998,72122.39999999997,235.45188000000002,652.2999999999938,0.0,4,1,3,2024-10-08,2024-09-30,False,71234.64811999998,0.2758510086236207
ADD_GATE_BAND00_LOWER00,evaluation,STRESS,32,2024-10-09,2024-10-08,107722.0716,-6198.899999999994,86.4848,250.99999999999466,0.0,10,1,2,2024-10-23,2024-10-22,False,-6536.384799999989,-0.06067823151666895
ADD_GATE_BAND00_LOWER00,evaluation,STRESS,33,2025-01-08,2025-01-07,7753.0,92.0,10.0,16.000000000000014,0.0,10,1,1,2025-01-22,2025-01-21,False,65.99999999999999,0.008512833741777375
ADD_GATE_BAND00_LOWER00,evaluation,STRESS,34,2025-04-09,2025-04-08,322906.91112,13007.400000000023,267.99648,691.2000000000273,0.0,11,2,3,2025-04-24,2025-04-23,False,12048.203519999995,0.03731169295265592
ADD_GATE_BAND00_LOWER00,evaluation,STRESS,35,2025-06-03,2025-05-30,643636.78388,19106.5,527.28868,1381.7999999999838,4144.8,41,9,8,2025-07-30,2025-07-29,False,21342.211320000013,0.03315878124824368
ADD_GATE_BAND00_LOWER00,evaluation,STRESS,36,2025-09-05,2025-09-04,356096.8818,14942.799999999988,290.42112,798.999999999983,0.0,7,1,3,2025-09-16,2025-09-15,False,13853.378880000006,0.038903398451494126
ADD_GATE_BAND00_LOWER00,evaluation,STRESS,37,2025-11-26,2025-11-25,9686.1,225.0,20.0,21.000000000001418,0.0,8,2,2,2025-12-08,2025-12-05,False,183.99999999999858,0.01899629365792203
ADD_GATE_BAND00_LOWER00,evaluation,STRESS,38,2025-12-19,2025-12-18,488284.0990800001,2437.100000000006,400.94756,1033.000000000032,7244.7,35,5,8,2026-02-10,2026-02-09,False,8247.852439999973,0.016891503236620146
ADD_GATE_BAND00_LOWER00,evaluation,STRESS,39,2026-03-25,2026-03-24,9486.5,132.3000000000011,10.0,20.999999999999552,0.0,10,1,1,2026-04-09,2026-04-08,False,101.30000000000155,0.010678332367048073
ADD_GATE_BAND00_LOWER00,evaluation,STRESS,40,2026-05-06,2026-04-30,358359.40028,-1423.899999999965,296.25052,735.1000000000497,0.0,9,2,6,2026-05-19,2026-05-18,False,-2455.250520000015,-0.006851363514063349
ADD_GATE_BAND00_LOWER00,evaluation,STRESS,41,2026-06-05,2026-06-04,375088.17527999997,3405.7999999999593,301.54256000000004,765.1999999999825,0.0,12,1,3,2026-06-24,2026-06-23,False,2339.057439999977,0.006236020205792655
ADD_GATE_BAND00_LOWER00,evaluation,STRESS,42,2026-07-21,2026-07-20,314748.5378,-8076.600000000017,256.64328,661.9999999999876,0.0,10,3,4,2026-08-04,2026-08-03,False,-8995.243280000004,-0.028579142393715687
ADD_GATE_BAND00_LOWER00,evaluation,STRESS,43,2026-08-07,2026-08-06,269105.69924000005,1770.0999999999767,215.67812000000004,570.9999999999878,0.0,5,1,1,2026-08-14,2026-08-13,True,983.4218799999888,0.0036544074792073836
ADD_GATE_BAND00_LOWER00,earlier_diagnostic,BASE,1,2015-01-05,2014-12-31,295217.43204000004,35729.9,154.58736,387.6000000000034,1211.0000000000002,88,7,11,2015-05-18,2015-05-15,False,36398.71264,0.12329459134062316
ADD_GATE_BAND00_LOWER00,earlier_diagnostic,BASE,2,2015-06-03,2015-06-02,42828.26394,-3523.7999999999947,24.97852,49.800000000000466,0.0,17,1,3,2015-06-29,2015-06-26,False,-3598.5785199999955,-0.08402345061292708
ADD_GATE_BAND00_LOWER00,earlier_diagnostic,BASE,3,2015-08-27,2015-08-26,5630.0,495.0,10.0,7.200000000000006,0.0,10,1,1,2015-09-14,2015-09-11,False,477.8,0.08486678507992895
ADD_GATE_BAND00_LOWER00,earlier_diagnostic,BASE,4,2015-09-29,2015-09-28,247352.07060000004,22765.60000000005,133.40584,292.80000000001854,0.0,61,5,10,2015-12-30,2015-12-29,False,22339.394160000033,0.0903141587042774
ADD_GATE_BAND00_LOWER00,earlier_diagnostic,BASE,5,2016-01-13,2016-01-12,6246.5,-632.6999999999998,10.0,7.6000000000008505,96.89999999999999,10,1,1,2016-01-27,2016-01-26,False,-553.4000000000007,-0.08859361242295696
ADD_GATE_BAND00_LOWER00,earlier_diagnostic,BASE,6,2016-05-03,2016-04-29,381842.19094,4543.399999999994,161.6398,479.6000000000125,0.0,61,5,5,2016-07-29,2016-07-28,False,3902.1601999999816,0.010219300780759295
ADD_GATE_BAND00_LOWER00,earlier_diagnostic,BASE,7,2016-09-07,2016-09-06,257771.94408000002,-3462.8000000000175,106.07048,302.400000000033,0.0,17,1,2,2016-10-11,2016-10-10,False,-3871.27048000005,-0.015018199493419633
ADD_GATE_BAND00_LOWER00,earlier_diagnostic,BASE,8,2017-02-13,2017-02-10,255076.80516000002,1910.7000000000116,109.69928000000002,298.8000000000003,0.0,11,1,3,2017-02-28,2017-02-27,False,1502.2007200000112,0.0058892094052132166
ADD_GATE_BAND00_LOWER00,earlier_diagnostic,BASE,9,2017-05-10,2017-05-09,6371.9,153.89999999999964,10.0,7.600000000000007,0.0,5,1,1,2017-05-17,2017-05-16,False,136.29999999999964,0.021390793954707332
ADD_GATE_BAND00_LOWER00,earlier_diagnostic,BASE,10,2017-05-18,2017-05-17,241416.65360000002,26085.100000000006,118.65308000000002,283.19999999999976,0.0,61,3,4,2017-08-15,2017-08-14,False,25683.246920000005,0.10638556428072368
ADD_GATE_BAND00_LOWER00,earlier_diagnostic,BASE,11,2017-10-23,2017-10-20,309950.67773999996,7530.899999999994,128.52992,394.29999999998483,0.0,49,2,4,2017-12-29,2017-12-28,False,7008.0700800000095,0.022610275064081913
ADD_GATE_BAND00_LOWER00,earlier_diagnostic,BASE,12,2018-01-12,2018-01-11,220774.84614,5268.1999999999825,92.12414000000001,311.3999999999679,2272.4,7,1,2,2018-01-23,2018-01-22,False,7137.0758600000145,0.032327395918438
ADD_GATE_BAND00_LOWER00,earlier_diagnostic,BASE,13,2018-02-13,2018-02-12,266596.3086,7793.600000000035,114.95949999999999,350.00000000002126,0.0,11,2,3,2018-03-07,2018-03-06,False,7328.640500000014,0.02748965482112461
ADD_GATE_BAND00_LOWER00,earlier_diagnostic,BASE,14,2018-03-28,2018-03-27,7369.4,77.89999999999964,10.0,7.599999999999163,0.0,10,1,1,2018-04-13,2018-04-12,False,60.30000000000047,0.008182484327082323
ADD_GATE_BAND00_LOWER00,earlier_diagnostic,BASE,15,2018-04-19,2018-04-18,7539.0,22.0,10.0,7.999999999999119,0.0,10,1,1,2018-05-07,2018-05-04,False,4.000000000000881,0.0005305743467304524
ADD_GATE_BAND00_LOWER00,earlier_diagnostic,BASE,16,2018-06-25,2018-06-22,7305.0,-396.0,10.0,8.000000000000007,0.0,3,1,1,2018-06-28,2018-06-27,False,-414.0,-0.056673511293634495
ADD_GATE_BAND00_LOWER00,earlier_diagnostic,BASE,17,2018-10-09,2018-10-08,274233.3357,-10098.50000000003,115.42146,327.20000000000033,0.0,9,2,4,2018-10-22,2018-10-19,False,-10541.12146000003,-0.03843851234603944
ADD_GATE_BAND00_LOWER00,earlier_diagnostic,BASE,18,2018-12-25,2018-12-24,7063.7,142.59999999999945,10.0,9.199999999998987,0.0,10,1,1,2019-01-10,2019-01-09,False,123.40000000000046,0.017469598085988997
ADD_GATE_BAND00_LOWER00,earlier_diagnostic,BASE,19,2019-02-28,2019-02-27,274004.58996,8753.100000000006,118.07572000000002,295.200000000002,0.0,5,2,3,2019-03-07,2019-03-06,False,8339.824280000003,0.03043680502292854
ADD_GATE_BAND00_LOWER00,earlier_diagnostic,BASE,20,2019-04-30,2019-04-29,7396.0,-379.9999999999991,10.0,7.6000000000008505,0.0,2,1,1,2019-05-07,2019-05-06,False,-397.59999999999997,-0.053758788534342884
ADD_GATE_BAND00_LOWER00,earlier_diagnostic,BASE,21,2019-05-31,2019-05-30,289500.01256,12290.20000000007,130.68342,317.60000000000025,0.0,17,3,3,2019-06-26,2019-06-25,False,11841.91658000007,0.04090471870893542
ADD_GATE_BAND00_LOWER00,earlier_diagnostic,BASE,22,2019-08-20,2019-08-19,297162.34734000004,4142.299999999988,129.00414,309.70000000003256,0.0,28,3,2,2019-09-30,2019-09-27,False,3703.595859999956,0.012463207042049862
ADD_GATE_BAND00_LOWER00,earlier_diagnostic,BASE,23,2019-11-12,2019-11-11,315993.98616,-1195.2000000000116,127.89832,318.8000000000003,0.0,20,1,2,2019-12-10,2019-12-09,False,-1641.898320000012,-0.005195979644905822
ADD_GATE_BAND00_LOWER00,earlier_diagnostic,BASE,24,2019-12-30,2019-12-27,313967.48094000004,4932.899999999965,126.45450000000001,469.8000000000178,0.0,1,1,1,2019-12-31,2019-12-30,True,4336.645499999948,0.013812403396097864
ADD_GATE_BAND00_LOWER00,earlier_diagnostic,STRESS,1,2015-01-05,2014-12-31,294680.12492000003,35679.50000000002,276.16396000000003,714.1999999999981,1211.0000000000002,88,7,11,2015-05-18,2015-05-15,False,35900.13604000003,0.12182747665709122
ADD_GATE_BAND00_LOWER00,earlier_diagnostic,STRESS,2,2015-06-03,2015-06-02,42861.73784,-3523.7999999999947,39.96164,91.300000000001,0.0,17,1,3,2015-06-29,2015-06-26,False,-3655.061639999996,-0.08527562866545674
ADD_GATE_BAND00_LOWER00,earlier_diagnostic,STRESS,3,2015-08-27,2015-08-26,5633.6,495.0,10.0,14.400000000000013,0.0,10,1,1,2015-09-14,2015-09-11,False,470.59999999999997,0.0835345072422607
ADD_GATE_BAND00_LOWER00,earlier_diagnostic,STRESS,4,2015-09-29,2015-09-28,246500.33876,22712.800000000017,224.13916,583.2000000000005,0.0,61,5,9,2015-12-30,2015-12-29,False,21905.460840000018,0.08886584477000585
ADD_GATE_BAND00_LOWER00,earlier_diagnostic,STRESS,5,2016-01-13,2016-01-12,6250.3,-632.6999999999998,10.0,13.300000000000223,96.89999999999999,10,1,1,2016-01-27,2016-01-26,False,-559.1,-0.08945170631809674
ADD_GATE_BAND00_LOWER00,earlier_diagnostic,STRESS,6,2016-05-03,2016-04-29,379913.98048,4456.599999999977,311.32500000000005,953.5999999999916,0.0,61,5,5,2016-07-29,2016-07-28,False,3191.674999999985,0.008401046457852071
ADD_GATE_BAND00_LOWER00,earlier_diagnostic,STRESS,7,2016-09-07,2016-09-06,256951.03931999998,-3449.2999999999884,206.33020000000002,602.4000000000005,0.0,17,1,2,2016-10-11,2016-10-10,False,-4258.030199999988,-0.016571367881089403
ADD_GATE_BAND00_LOWER00,earlier_diagnostic,STRESS,8,2017-02-13,2017-02-10,252885.1136,1893.8999999999942,207.61088,592.0000000000005,0.0,11,1,3,2017-02-28,2017-02-27,False,1094.2891199999938,0.00432721841322333
ADD_GATE_BAND00_LOWER00,earlier_diagnostic,STRESS,9,2017-05-10,2017-05-09,6040.400000000001,145.79999999999927,10.0,14.400000000000013,0.0,5,1,1,2017-05-17,2017-05-16,False,121.39999999999927,0.020098006754519445
ADD_GATE_BAND00_LOWER00,earlier_diagnostic,STRESS,10,2017-05-18,2017-05-17,239221.50876,25828.49999999997,215.44684,560.8000000000004,0.0,61,3,4,2017-08-15,2017-08-14,False,25052.25315999997,0.10472408308875666
ADD_GATE_BAND00_LOWER00,earlier_diagnostic,STRESS,11,2017-10-23,2017-10-20,306973.64036,7445.8000000000175,249.47628000000003,697.0999999999914,0.0,49,2,4,2017-12-29,2017-12-28,False,6499.223720000026,0.021171927701603734
ADD_GATE_BAND00_LOWER00,earlier_diagnostic,STRESS,12,2018-01-12,2018-01-11,217943.1424,5199.1999999999825,177.01536000000002,511.9999999999891,2244.8,7,1,2,2018-01-23,2018-01-22,False,6754.984639999993,0.030994251829233023
ADD_GATE_BAND00_LOWER00,earlier_diagnostic,STRESS,13,2018-02-13,2018-02-12,262825.48816,7687.100000000064,222.68904000000003,610.5000000000155,0.0,11,2,4,2018-03-07,2018-03-06,False,6853.910960000048,0.026077801692610574
ADD_GATE_BAND00_LOWER00,earlier_diagnostic,STRESS,14,2018-03-28,2018-03-27,7373.2,79.59999999999945,15.0,15.200000000000014,0.0,10,1,2,2018-04-13,2018-04-12,False,49.39999999999944,0.006699940324418087
ADD_GATE_BAND00_LOWER00,earlier_diagnostic,STRESS,15,2018-04-19,2018-04-18,7166.1,20.899999999999636,10.0,15.19999999999917,0.0,10,1,1,2018-05-07,2018-05-04,False,-4.2999999999995335,-0.0006000474456119135
ADD_GATE_BAND00_LOWER00,earlier_diagnostic,STRESS,16,2018-06-25,2018-06-22,7309.0,-396.0,10.0,16.000000000000014,0.0,3,1,1,2018-06-28,2018-06-27,False,-422.0,-0.057737036530305104
ADD_GATE_BAND00_LOWER00,earlier_diagnostic,STRESS,17,2018-10-09,2018-10-08,270746.32692,-9939.70000000004,227.81332000000003,645.6000000000006,0.0,9,3,5,2018-10-22,2018-10-19,False,-10813.11332000004,-0.03993817180461729
ADD_GATE_BAND00_LOWER00,earlier_diagnostic,STRESS,18,2018-12-25,2018-12-24,7068.3,142.59999999999945,10.0,18.400000000000016,0.0,10,1,1,2019-01-10,2019-01-09,False,114.19999999999943,0.016156643040051984
ADD_GATE_BAND00_LOWER00,earlier_diagnostic,STRESS,19,2019-02-28,2019-02-27,269379.7088,8599.899999999994,223.32396,580.0000000000005,0.0,5,2,3,2019-03-07,2019-03-06,False,7796.5760399999945,0.0289426997851146
ADD_GATE_BAND00_LOWER00,earlier_diagnostic,STRESS,20,2019-04-30,2019-04-29,7010.599999999999,-359.9999999999991,10.0,14.400000000000013,0.0,2,1,1,2019-05-07,2019-05-06,False,-384.3999999999991,-0.054831255527344185
ADD_GATE_BAND00_LOWER00,earlier_diagnostic,STRESS,21,2019-05-31,2019-05-30,284602.68815999996,21692.50000000006,247.50367999999997,624.0000000000005,0.0,23,3,4,2019-07-04,2019-07-03,False,20820.996320000057,0.07315811545776672
ADD_GATE_BAND00_LOWER00,earlier_diagnostic,STRESS,22,2019-08-20,2019-08-19,309395.85328,3478.7999999999884,255.63772000000003,640.9000000000057,0.0,28,3,3,2019-09-30,2019-09-27,False,2582.2622799999826,0.008346143791601054
ADD_GATE_BAND00_LOWER00,earlier_diagnostic,STRESS,23,2019-11-12,2019-11-11,318993.94656,-1205.2999999999884,259.1956,643.2000000000005,0.0,20,1,3,2019-12-10,2019-12-09,False,-2107.695599999989,-0.006607321620767966
ADD_GATE_BAND00_LOWER00,earlier_diagnostic,STRESS,24,2019-12-30,2019-12-27,316193.22672,4964.399999999965,254.524,787.9999999999832,0.0,1,1,1,2019-12-31,2019-12-30,True,3921.8759999999816,0.012403415597111883
ADD_GATE_BAND00_LOWER01,evaluation,BASE,1,2020-01-02,2019-12-31,170726.33844000002,-865.3999999999942,68.47592,248.4000000000094,0.0,14,1,2,2020-01-22,2020-01-21,False,-1182.2759200000037,-0.006924976724757101
ADD_GATE_BAND00_LOWER01,evaluation,BASE,2,2020-02-05,2020-02-04,125341.66332,9575.600000000024,60.44872,165.40000000001115,0.0,19,1,4,2020-03-03,2020-03-02,False,9349.751280000013,0.07459412163798955
ADD_GATE_BAND00_LOWER01,evaluation,BASE,3,2020-03-23,2020-03-20,4963.8,300.3000000000002,15.0,5.600000000000005,0.0,10,1,2,2020-04-07,2020-04-03,False,279.70000000000016,0.05634795922478749
ADD_GATE_BAND00_LOWER01,evaluation,BASE,4,2020-07-01,2020-06-30,195069.5061,24001.600000000006,90.26042000000001,277.2000000000083,0.0,5,2,3,2020-07-08,2020-07-07,False,23634.13958,0.12115753021840454
ADD_GATE_BAND00_LOWER01,evaluation,BASE,5,2020-08-19,2020-08-18,113591.7138,-3912.4999999999854,54.509879999999995,139.20000000000528,0.0,31,2,4,2020-10-09,2020-09-30,False,-4106.209879999991,-0.03614885049828336
ADD_GATE_BAND00_LOWER01,evaluation,BASE,6,2020-12-15,2020-12-14,233175.90872,23497.099999999962,113.83552,278.40000000001044,1792.8,25,3,5,2021-01-20,2021-01-19,False,24897.664479999952,0.10677631585815892
ADD_GATE_BAND00_LOWER01,evaluation,BASE,7,2021-02-03,2021-02-02,41762.75088,1907.5999999999985,17.07416,45.60000000000173,0.0,7,1,1,2021-02-19,2021-02-18,False,1844.925839999997,0.044176348567199486
ADD_GATE_BAND00_LOWER01,evaluation,BASE,8,2021-03-11,2021-03-10,6037.400000000001,-141.60000000000036,10.0,7.199999999999207,0.0,10,1,1,2021-03-25,2021-03-24,False,-158.79999999999956,-0.026302713088415468
ADD_GATE_BAND00_LOWER01,evaluation,BASE,9,2021-06-08,2021-06-07,225048.43675999998,-2351.700000000017,104.13414,255.6000000000097,0.0,31,2,4,2021-07-22,2021-07-21,False,-2711.4341400000267,-0.012048224724580517
ADD_GATE_BAND00_LOWER01,evaluation,BASE,10,2021-07-29,2021-07-28,251522.89452,8358.099999999948,104.54970000000002,307.7999999999684,0.0,10,1,2,2021-08-12,2021-08-11,False,7945.75029999998,0.03159056480788141
ADD_GATE_BAND00_LOWER01,evaluation,BASE,11,2021-10-29,2021-10-28,321867.63066,5797.799999999988,140.98822,385.7999999999761,0.0,32,4,4,2021-12-14,2021-12-13,False,5271.011780000012,0.016376333864923386
ADD_GATE_BAND00_LOWER01,evaluation,BASE,12,2022-01-10,2022-01-07,6363.3,-166.39999999999964,10.0,7.800000000000296,97.5,10,1,1,2022-01-24,2022-01-21,False,-86.69999999999993,-0.013625005893168628
ADD_GATE_BAND00_LOWER01,evaluation,BASE,13,2022-01-27,2022-01-26,6579.4,-123.19999999999891,10.0,8.400000000000318,0.0,10,1,1,2022-02-17,2022-02-16,False,-141.59999999999923,-0.021521719305711652
ADD_GATE_BAND00_LOWER01,evaluation,BASE,14,2022-03-11,2022-03-10,6351.5,-289.5,10.0,9.000000000000341,0.0,3,1,1,2022-03-16,2022-03-15,False,-308.50000000000034,-0.04857120365268052
ADD_GATE_BAND00_LOWER01,evaluation,BASE,15,2022-04-25,2022-04-22,6320.2,16.0,10.0,6.400000000000006,0.0,10,1,1,2022-05-12,2022-05-11,False,-0.4000000000000057,-6.328913641973446e-05
ADD_GATE_BAND00_LOWER01,evaluation,BASE,16,2022-05-13,2022-05-12,446243.63087999995,5104.1999999999825,186.69936,638.0999999999794,0.0,20,4,4,2022-06-13,2022-06-10,False,4279.4006400000035,0.009589830182138295
ADD_GATE_BAND00_LOWER01,evaluation,BASE,17,2022-08-05,2022-08-04,241582.37519999998,-4765.6999999999825,103.84928000000001,340.8000000000129,0.0,21,2,3,2022-09-05,2022-09-02,False,-5210.349279999996,-0.02156758859451762
ADD_GATE_BAND00_LOWER01,evaluation,BASE,18,2022-09-21,2022-09-20,6376.200000000001,-308.8000000000002,10.0,6.400000000000006,0.0,10,1,1,2022-10-12,2022-10-11,False,-325.20000000000016,-0.05100216429848501
ADD_GATE_BAND00_LOWER01,evaluation,BASE,19,2022-10-27,2022-10-26,6364.7,120.69999999999982,10.0,6.800000000000006,0.0,7,1,1,2022-11-07,2022-11-04,False,103.8999999999998,0.016324414347887537
ADD_GATE_BAND00_LOWER01,evaluation,BASE,20,2023-01-17,2023-01-16,194486.28948,-971.7999999999593,80.53968,281.40000000001066,0.0,2,1,2,2023-01-19,2023-01-18,False,-1333.7396799999701,-0.006857756829882475
ADD_GATE_BAND00_LOWER01,evaluation,BASE,21,2023-04-03,2023-03-31,254984.68673999998,1849.399999999965,110.71394000000001,377.39999999996013,0.0,7,1,3,2023-04-13,2023-04-12,False,1361.286060000005,0.005338697305332952
ADD_GATE_BAND00_LOWER01,evaluation,BASE,22,2023-05-29,2023-05-26,6567.0,-30.600000000000364,10.0,6.799999999999251,0.0,10,1,1,2023-06-12,2023-06-09,False,-47.399999999999615,-0.007217907720420224
ADD_GATE_BAND00_LOWER01,evaluation,BASE,23,2023-08-23,2023-08-22,6485.400000000001,170.0,10.0,6.800000000000761,0.0,9,1,1,2023-09-05,2023-09-04,False,153.19999999999925,0.023622290066919426
ADD_GATE_BAND00_LOWER01,evaluation,BASE,24,2023-10-18,2023-10-17,6296.7,-32.30000000000018,10.0,6.800000000000761,0.0,10,1,1,2023-11-01,2023-10-31,False,-49.100000000000946,-0.007797735321676584
ADD_GATE_BAND00_LOWER01,evaluation,BASE,25,2023-11-29,2023-11-28,6463.400000000001,-187.19999999999982,10.0,7.200000000000806,0.0,10,1,1,2023-12-13,2023-12-12,False,-204.40000000000063,-0.031624222545409635
ADD_GATE_BAND00_LOWER01,evaluation,BASE,26,2024-02-19,2024-02-08,236210.53266,3814.7999999999884,97.46414000000001,275.9999999999909,0.0,5,2,2,2024-02-26,2024-02-23,False,3441.3358599999974,0.014568934844888713
ADD_GATE_BAND00_LOWER01,evaluation,BASE,27,2024-03-05,2024-03-04,265586.6067,6612.3000000000175,112.53986,301.9999999999668,0.0,54,1,3,2024-05-27,2024-05-24,False,6197.760140000051,0.023336117046748844
ADD_GATE_BAND00_LOWER01,evaluation,BASE,28,2024-06-04,2024-06-03,135434.61772,3713.899999999994,63.43786,156.0000000000001,0.0,32,2,2,2024-07-19,2024-07-18,False,3494.462139999994,0.025801838546364187
ADD_GATE_BAND00_LOWER01,evaluation,BASE,29,2024-08-02,2024-08-01,223343.6598,-3721.8000000000175,91.39952000000001,258.0000000000002,0.0,3,1,2,2024-08-07,2024-08-06,False,-4071.1995200000174,-0.01822840873855877
ADD_GATE_BAND00_LOWER01,evaluation,BASE,30,2024-08-28,2024-08-27,271500.2892,-10008.5,113.90710000000001,321.99999999999847,0.0,15,1,3,2024-09-20,2024-09-19,False,-10444.407099999999,-0.0384692301093873
ADD_GATE_BAND00_LOWER01,evaluation,BASE,31,2024-09-25,2024-09-24,261528.19517999998,73415.70000000001,121.79872,361.8999999999713,0.0,4,1,3,2024-10-08,2024-09-30,False,72932.00128000004,0.2788685985838112
ADD_GATE_BAND00_LOWER01,evaluation,BASE,32,2024-10-09,2024-10-08,109365.8688,-6296.899999999994,46.40788,153.00000000000523,0.0,10,1,2,2024-10-23,2024-10-22,False,-6496.307879999999,-0.0593997739082561
ADD_GATE_BAND00_LOWER01,evaluation,BASE,33,2025-01-08,2025-01-07,8136.2,96.60000000000036,10.0,8.399999999999075,0.0,10,1,1,2025-01-22,2025-01-21,False,78.2000000000013,0.00961136648558311
ADD_GATE_BAND00_LOWER01,evaluation,BASE,34,2025-04-09,2025-04-08,327328.35258,13405.900000000023,135.24858,350.8000000000374,0.0,11,2,2,2025-04-24,2025-04-23,False,12919.851419999986,0.03947061511221316
ADD_GATE_BAND00_LOWER01,evaluation,BASE,35,2025-06-03,2025-05-30,408772.53816,15642.29999999993,170.73278,518.6000000000251,1619.1999999999998,41,3,4,2025-07-30,2025-07-29,False,16572.16721999991,0.04054129295132175
ADD_GATE_BAND00_LOWER01,evaluation,BASE,36,2025-09-05,2025-09-04,357202.02612000005,14991.400000000023,147.89050000000003,481.19999999996236,0.0,7,1,3,2025-09-16,2025-09-15,False,14362.309500000061,0.04020780524681325
ADD_GATE_BAND00_LOWER01,evaluation,BASE,37,2025-11-26,2025-11-25,9211.0,222.0,10.0,12.000000000000455,0.0,8,1,1,2025-12-08,2025-12-05,False,199.99999999999955,0.021713169037020905
ADD_GATE_BAND00_LOWER01,evaluation,BASE,38,2025-12-19,2025-12-18,355366.54112,3824.600000000006,149.78188,452.3999999999764,5498.1,35,3,4,2026-02-10,2026-02-09,False,8720.51812000003,0.02453950248809521
ADD_GATE_BAND00_LOWER01,evaluation,BASE,39,2026-03-25,2026-03-24,9482.3,132.3000000000011,10.0,12.600000000000477,0.0,10,1,1,2026-04-09,2026-04-08,False,109.70000000000061,0.011568923151556122
ADD_GATE_BAND00_LOWER01,evaluation,BASE,40,2026-05-06,2026-04-30,360090.51097999996,-1428.0999999999767,162.74378,443.4000000000149,0.0,9,2,6,2026-05-19,2026-05-18,False,-2034.2437799999916,-0.0056492568339657715
ADD_GATE_BAND00_LOWER01,evaluation,BASE,41,2026-06-05,2026-06-04,377317.04832,3415.7999999999593,154.2542,460.79999999999,0.0,12,1,3,2026-06-24,2026-06-23,False,2800.745799999969,0.007422791555457828
ADD_GATE_BAND00_LOWER01,evaluation,BASE,42,2026-07-21,2026-07-20,314001.61514,-4283.800000000047,133.9549,401.3999999999576,0.0,10,2,4,2026-08-04,2026-08-03,False,-4819.154900000004,-0.01534754812599084
ADD_GATE_BAND00_LOWER01,evaluation,BASE,43,2026-08-07,2026-08-06,274118.61276000005,1804.2000000000116,109.91652000000002,349.20000000001323,0.0,5,1,1,2026-08-14,2026-08-13,True,1345.0834799999984,0.004906939614413063
ADD_GATE_BAND00_LOWER01,evaluation,STRESS,1,2020-01-02,2019-12-31,170843.31,-865.3999999999942,136.10824000000002,413.99999999999113,0.0,14,1,2,2020-01-22,2020-01-21,False,-1415.5082399999853,-0.008285418024270224
ADD_GATE_BAND00_LOWER01,evaluation,STRESS,2,2020-02-05,2020-02-04,125054.00160000002,9548.300000000007,110.58536000000002,296.9000000000113,0.0,19,1,4,2020-03-03,2020-03-02,False,9140.814639999997,0.07309493917066302
ADD_GATE_BAND00_LOWER01,evaluation,STRESS,3,2020-03-23,2020-03-20,4966.6,300.3000000000002,15.0,11.199999999999388,0.0,10,1,2,2020-04-07,2020-04-03,False,274.1000000000008,0.05518866025047332
ADD_GATE_BAND00_LOWER01,evaluation,STRESS,4,2020-07-01,2020-06-30,194781.58148,23926.20000000001,174.97692,461.00000000000574,0.0,5,2,4,2020-07-08,2020-07-07,False,23290.223080000003,0.11957097228102866
ADD_GATE_BAND00_LOWER01,evaluation,STRESS,5,2020-08-19,2020-08-18,113668.64928000001,-3920.2999999999884,97.36080000000001,231.99999999999505,0.0,31,2,4,2020-10-09,2020-09-30,False,-4249.660799999983,-0.03738639305488528
ADD_GATE_BAND00_LOWER01,evaluation,STRESS,6,2020-12-15,2020-12-14,232333.05195999998,23418.29999999996,201.38884,511.10000000000656,1785.6,25,3,4,2021-01-20,2021-01-19,False,24491.411159999952,0.10541509679051846
ADD_GATE_BAND00_LOWER01,evaluation,STRESS,7,2021-02-03,2021-02-02,41793.910879999996,1907.5999999999985,34.14832,91.20000000000346,0.0,7,1,1,2021-02-19,2021-02-18,False,1782.251679999995,0.042643812040401116
ADD_GATE_BAND00_LOWER01,evaluation,STRESS,8,2021-03-11,2021-03-10,6041.0,-141.60000000000036,10.0,13.200000000000145,0.0,10,1,1,2021-03-25,2021-03-24,False,-164.80000000000052,-0.027280251613971282
ADD_GATE_BAND00_LOWER01,evaluation,STRESS,9,2021-06-08,2021-06-07,224690.64032,-2335.8999999999996,193.36032,510.0000000000182,0.0,31,2,5,2021-07-22,2021-07-21,False,-3039.2603200000176,-0.013526421553080994
ADD_GATE_BAND00_LOWER01,evaluation,STRESS,10,2021-07-29,2021-07-28,249713.44544,8289.899999999965,202.78288000000003,559.899999999961,0.0,10,1,2,2021-08-12,2021-08-11,False,7527.217120000005,0.03014341941715193
ADD_GATE_BAND00_LOWER01,evaluation,STRESS,11,2021-10-29,2021-10-28,317545.20652,5782.399999999936,263.70768000000004,697.8999999999771,0.0,32,4,4,2021-12-14,2021-12-13,False,4820.792319999959,0.015181436283769976
ADD_GATE_BAND00_LOWER01,evaluation,STRESS,12,2022-01-10,2022-01-07,6365.9,-166.39999999999964,10.0,12.999999999999723,97.5,10,1,1,2022-01-24,2022-01-21,False,-91.89999999999935,-0.014436293375641993
ADD_GATE_BAND00_LOWER01,evaluation,STRESS,13,2022-01-27,2022-01-26,6580.500000000001,-111.99999999999909,20.0,14.000000000000856,0.0,10,2,2,2022-02-17,2022-02-16,False,-145.99999999999994,-0.022186763923713992
ADD_GATE_BAND00_LOWER01,evaluation,STRESS,14,2022-03-11,2022-03-10,6354.499999999999,-289.5,10.0,14.99999999999968,0.0,3,1,1,2022-03-16,2022-03-15,False,-314.49999999999966,-0.04949248564009752
ADD_GATE_BAND00_LOWER01,evaluation,STRESS,15,2022-04-25,2022-04-22,6323.400000000001,16.0,10.0,12.800000000000722,0.0,10,1,1,2022-05-12,2022-05-11,False,-6.800000000000722,-0.0010753708447987984
ADD_GATE_BAND00_LOWER01,evaluation,STRESS,16,2022-05-13,2022-05-12,442459.11288000003,5044.5,360.26052000000004,1063.3000000000225,0.0,20,4,4,2022-06-13,2022-06-10,False,3620.9394799999777,0.008183670252446621
ADD_GATE_BAND00_LOWER01,evaluation,STRESS,17,2022-08-05,2022-08-04,239197.54316,-4707.899999999965,200.84868000000003,561.9999999999893,0.0,21,2,4,2022-09-05,2022-09-02,False,-5470.748679999954,-0.02287125782199424
ADD_GATE_BAND00_LOWER01,evaluation,STRESS,18,2022-09-21,2022-09-20,6379.4,-308.8000000000002,10.0,12.800000000000011,0.0,10,1,1,2022-10-12,2022-10-11,False,-331.6000000000002,-0.051979810013480926
ADD_GATE_BAND00_LOWER01,evaluation,STRESS,19,2022-10-27,2022-10-26,6368.099999999999,120.69999999999982,10.0,13.600000000000012,0.0,7,1,1,2022-11-07,2022-11-04,False,97.09999999999981,0.015247876132598391
ADD_GATE_BAND00_LOWER01,evaluation,STRESS,20,2023-01-17,2023-01-16,191714.25504,-958.8999999999651,153.93200000000002,462.0000000000291,0.0,2,1,2,2023-01-19,2023-01-18,False,-1574.8319999999942,-0.008214475233839107
ADD_GATE_BAND00_LOWER01,evaluation,STRESS,21,2023-04-03,2023-03-31,251104.90179999996,1820.2999999999884,203.34076,618.9999999999868,0.0,7,1,2,2023-04-13,2023-04-12,False,997.9592400000015,0.0039742722378030525
ADD_GATE_BAND00_LOWER01,evaluation,STRESS,22,2023-05-29,2023-05-26,6184.2,-28.800000000000182,10.0,12.7999999999993,0.0,10,1,1,2023-06-12,2023-06-09,False,-51.59999999999948,-0.0083438439895216
ADD_GATE_BAND00_LOWER01,evaluation,STRESS,23,2023-08-23,2023-08-22,6107.4,160.0,10.0,12.800000000000011,0.0,9,1,1,2023-09-05,2023-09-04,False,137.2,0.022464551200183383
ADD_GATE_BAND00_LOWER01,evaluation,STRESS,24,2023-10-18,2023-10-17,6300.1,-32.30000000000018,10.0,13.600000000000767,0.0,10,1,1,2023-11-01,2023-10-31,False,-55.90000000000095,-0.008872875033729773
ADD_GATE_BAND00_LOWER01,evaluation,STRESS,25,2023-11-29,2023-11-28,6467.0,-187.19999999999982,10.0,14.400000000000013,0.0,10,1,1,2023-12-13,2023-12-12,False,-211.59999999999982,-0.032719962888510874
ADD_GATE_BAND00_LOWER01,evaluation,STRESS,26,2024-02-19,2024-02-08,232282.17572,3750.899999999994,187.03484,542.4000000000005,0.0,5,2,2,2024-02-26,2024-02-23,False,3021.465159999994,0.013007735744830287
ADD_GATE_BAND00_LOWER01,evaluation,STRESS,27,2024-03-05,2024-03-04,261214.24392,6490.399999999994,211.24656000000002,593.6000000000005,0.0,54,1,2,2024-05-27,2024-05-24,False,5685.553439999994,0.021765862973924435
ADD_GATE_BAND00_LOWER01,evaluation,STRESS,28,2024-06-04,2024-06-03,132057.01664000002,3620.2000000000116,109.34384,304.0000000000003,0.0,32,2,1,2024-07-19,2024-07-18,False,3206.856160000011,0.02428387556824948
ADD_GATE_BAND00_LOWER01,evaluation,STRESS,29,2024-08-02,2024-08-01,217972.75424,-3630.100000000006,173.54636,503.1999999999739,0.0,3,1,2,2024-08-07,2024-08-06,False,-4306.8463599999795,-0.01975864540968228
ADD_GATE_BAND00_LOWER01,evaluation,STRESS,30,2024-08-28,2024-08-27,266315.08344,-9809.8,213.71344000000002,631.2000000000006,0.0,15,1,3,2024-09-20,2024-09-19,False,-10654.71344,-0.04000792333041277
ADD_GATE_BAND00_LOWER01,evaluation,STRESS,31,2024-09-25,2024-09-24,255789.87504,71431.79999999999,233.06192,646.1999999999938,0.0,4,1,3,2024-10-08,2024-09-30,False,70552.53808,0.27582224694768354
ADD_GATE_BAND00_LOWER01,evaluation,STRESS,32,2024-10-09,2024-10-08,106863.7284,-6149.899999999994,85.81880000000001,248.9999999999947,0.0,10,1,2,2024-10-23,2024-10-22,False,-6484.718799999989,-0.06068213131893673
ADD_GATE_BAND00_LOWER01,evaluation,STRESS,33,2025-01-08,2025-01-07,7753.0,92.0,10.0,16.000000000000014,0.0,10,1,1,2025-01-22,2025-01-21,False,65.99999999999999,0.008512833741777375
ADD_GATE_BAND00_LOWER01,evaluation,STRESS,34,2025-04-09,2025-04-08,319359.1926,13063.500000000058,260.33700000000005,684.0000000000271,0.0,11,2,2,2025-04-24,2025-04-23,False,12119.163000000031,0.03794837687725301
ADD_GATE_BAND00_LOWER01,evaluation,STRESS,35,2025-06-03,2025-05-30,401797.55476,15515.300000000047,327.84220000000005,907.9000000000117,1672.0,41,3,4,2025-07-30,2025-07-29,False,15951.557800000035,0.039700485010487806
ADD_GATE_BAND00_LOWER01,evaluation,STRESS,36,2025-09-05,2025-09-04,347628.996,14585.0,283.514,779.9999999999834,0.0,7,1,3,2025-09-16,2025-09-15,False,13521.486000000017,0.03889631232027612
ADD_GATE_BAND00_LOWER01,evaluation,STRESS,37,2025-11-26,2025-11-25,8754.5,210.90000000000146,10.0,19.000000000001283,0.0,8,1,1,2025-12-08,2025-12-05,False,181.90000000000018,0.020777885658804063
ADD_GATE_BAND00_LOWER01,evaluation,STRESS,38,2025-12-19,2025-12-18,345228.18580000004,3683.500000000002,281.60800000000006,732.0000000000484,5350.5,35,3,4,2026-02-10,2026-02-09,False,8020.391999999953,0.02323214711282694
ADD_GATE_BAND00_LOWER01,evaluation,STRESS,39,2026-03-25,2026-03-24,9035.0,126.0,10.0,19.999999999999574,0.0,10,1,1,2026-04-09,2026-04-08,False,96.00000000000043,0.010625345877144485
ADD_GATE_BAND00_LOWER01,evaluation,STRESS,40,2026-05-06,2026-04-30,350075.38800000004,-1390.7000000000116,289.84144000000003,718.1000000000485,0.0,9,2,6,2026-05-19,2026-05-18,False,-2398.6414400000604,-0.0068517854217162505
ADD_GATE_BAND00_LOWER01,evaluation,STRESS,41,2026-06-05,2026-06-04,366239.4372,3317.0,294.64104000000003,747.0999999999831,0.0,12,1,3,2026-06-24,2026-06-23,False,2275.258960000017,0.006212490324348983
ADD_GATE_BAND00_LOWER01,evaluation,STRESS,42,2026-07-21,2026-07-20,303864.7384,-4144.900000000005,245.27248000000003,646.9999999999878,0.0,10,2,4,2026-08-04,2026-08-03,False,-5037.172479999993,-0.016577022087272214
ADD_GATE_BAND00_LOWER01,evaluation,STRESS,43,2026-08-07,2026-08-06,265335.39172,1745.2999999999302,212.65636,562.999999999988,0.0,5,1,1,2026-08-14,2026-08-13,True,969.6436399999423,0.0036544074792072075
ADD_GATE_BAND00_LOWER01,earlier_diagnostic,BASE,1,2015-01-05,2014-12-31,294900.78218,33885.70000000002,149.4625,385.100000000006,1211.0000000000002,88,6,10,2015-05-18,2015-05-15,False,34562.13750000001,0.11719920593124829
ADD_GATE_BAND00_LOWER01,earlier_diagnostic,BASE,2,2015-06-03,2015-06-02,42312.26076,-3469.7999999999947,24.875339999999998,49.20000000000053,0.0,17,1,3,2015-06-29,2015-06-26,False,-3543.8753399999955,-0.08375528218880252
ADD_GATE_BAND00_LOWER01,earlier_diagnostic,BASE,3,2015-08-27,2015-08-26,5630.0,494.89999999999964,15.0,7.199999999999962,0.0,10,1,2,2015-09-14,2015-09-11,False,472.69999999999965,0.08396092362344576
ADD_GATE_BAND00_LOWER01,earlier_diagnostic,BASE,4,2015-09-29,2015-09-28,212044.81604,25131.400000000038,128.8354,255.99999999999721,0.0,61,4,11,2015-12-30,2015-12-29,False,24746.56460000004,0.11670440740853512
ADD_GATE_BAND00_LOWER01,earlier_diagnostic,BASE,5,2016-01-13,2016-01-12,6246.5,-632.6999999999998,10.0,7.6000000000008505,96.89999999999999,10,1,1,2016-01-27,2016-01-26,False,-553.4000000000007,-0.08859361242295696
ADD_GATE_BAND00_LOWER01,earlier_diagnostic,BASE,6,2016-05-03,2016-04-29,271710.43122,3410.7000000000116,112.46018000000002,341.60000000002583,0.0,61,3,4,2016-07-29,2016-07-28,False,2956.639819999986,0.010881583775508557
ADD_GATE_BAND00_LOWER01,earlier_diagnostic,BASE,7,2016-09-07,2016-09-06,257430.97590000002,-3458.2999999999884,105.9351,302.00000000003297,0.0,17,1,2,2016-10-11,2016-10-10,False,-3866.2351000000217,-0.015018531031408879
ADD_GATE_BAND00_LOWER01,earlier_diagnostic,BASE,8,2017-02-13,2017-02-10,254735.33688000002,1908.3000000000175,109.56232000000001,298.40000000000026,0.0,11,1,3,2017-02-28,2017-02-27,False,1500.3376800000171,0.005889790157801279
ADD_GATE_BAND00_LOWER01,earlier_diagnostic,BASE,9,2017-05-10,2017-05-09,6371.9,150.0,15.0,7.599999999999962,0.0,5,1,2,2017-05-17,2017-05-16,False,127.40000000000003,0.01999403631569862
ADD_GATE_BAND00_LOWER01,earlier_diagnostic,BASE,10,2017-05-18,2017-05-17,241076.48558,26056.5,118.58506000000003,282.7999999999997,0.0,61,3,4,2017-08-15,2017-08-14,False,25655.11494,0.1064189851543463
ADD_GATE_BAND00_LOWER01,earlier_diagnostic,BASE,11,2017-10-23,2017-10-20,281679.72468,7799.1999999999825,114.1386,352.9999999999853,0.0,49,1,3,2017-12-29,2017-12-28,False,7332.061399999997,0.026029780483240415
ADD_GATE_BAND00_LOWER01,earlier_diagnostic,BASE,12,2018-01-12,2018-01-11,220774.84614,5268.1999999999825,92.12414000000001,311.3999999999679,2272.4,7,1,2,2018-01-23,2018-01-22,False,7137.0758600000145,0.032327395918438
ADD_GATE_BAND00_LOWER01,earlier_diagnostic,BASE,13,2018-02-13,2018-02-12,266600.40942000004,7393.600000000035,119.87898000000001,349.6000000000212,0.0,11,2,4,2018-03-07,2018-03-06,False,6924.121020000013,0.025971906926413647
ADD_GATE_BAND00_LOWER01,earlier_diagnostic,BASE,14,2018-03-28,2018-03-27,7369.4,77.89999999999964,10.0,7.599999999999163,0.0,10,1,1,2018-04-13,2018-04-12,False,60.30000000000047,0.008182484327082323
ADD_GATE_BAND00_LOWER01,earlier_diagnostic,BASE,15,2018-04-19,2018-04-18,7539.0,27.299999999999272,15.0,7.999999999999163,0.0,10,1,2,2018-05-07,2018-05-04,False,4.300000000000109,0.0005703674227351252
ADD_GATE_BAND00_LOWER01,earlier_diagnostic,BASE,16,2018-06-25,2018-06-22,7305.0,-396.0,10.0,8.000000000000007,0.0,3,1,1,2018-06-28,2018-06-27,False,-414.0,-0.056673511293634495
ADD_GATE_BAND00_LOWER01,earlier_diagnostic,BASE,17,2018-10-09,2018-10-08,210338.55930000002,-3378.899999999994,86.23018000000002,255.20000000000022,0.0,9,2,2,2018-10-22,2018-10-19,False,-3720.3301799999945,-0.017687342693518175
ADD_GATE_BAND00_LOWER01,earlier_diagnostic,BASE,18,2018-12-25,2018-12-24,7370.599999999999,148.80000000000018,10.0,9.599999999998943,0.0,10,1,1,2019-01-10,2019-01-09,False,129.20000000000124,0.01752910210837669
ADD_GATE_BAND00_LOWER01,earlier_diagnostic,BASE,19,2019-02-28,2019-02-27,279950.07882,8937.900000000023,120.41298000000003,301.60000000000207,0.0,5,2,3,2019-03-07,2019-03-06,False,8515.887020000022,0.03041930567012091
ADD_GATE_BAND00_LOWER01,earlier_diagnostic,BASE,20,2019-04-30,2019-04-29,7396.0,-379.9999999999991,10.0,7.6000000000008505,0.0,2,1,1,2019-05-07,2019-05-06,False,-397.59999999999997,-0.053758788534342884
ADD_GATE_BAND00_LOWER01,earlier_diagnostic,BASE,21,2019-05-31,2019-05-30,295832.75152000005,12413.600000000035,133.21200000000002,324.3999999999992,0.0,17,3,3,2019-06-26,2019-06-25,False,11955.988000000036,0.04041468680722371
ADD_GATE_BAND00_LOWER01,earlier_diagnostic,BASE,22,2019-08-20,2019-08-19,303415.1803,4149.899999999965,131.48766,316.10000000003265,0.0,28,3,2,2019-09-30,2019-09-27,False,3702.3123399999326,0.012202132854194352
ADD_GATE_BAND00_LOWER01,earlier_diagnostic,BASE,23,2019-11-12,2019-11-11,322734.13392,-1220.4000000000233,130.50816,325.6000000000003,0.0,20,1,2,2019-12-10,2019-12-09,False,-1676.5081600000237,-0.005194703577327832
ADD_GATE_BAND00_LOWER01,earlier_diagnostic,BASE,24,2019-12-30,2019-12-27,320784.144,5040.0,129.2,480.0000000000182,0.0,1,1,1,2019-12-31,2019-12-30,True,4430.799999999982,0.013812403396097976
ADD_GATE_BAND00_LOWER01,earlier_diagnostic,STRESS,1,2015-01-05,2014-12-31,294352.79404,33861.29999999998,265.52712,709.6999999999982,1211.0000000000002,88,6,9,2015-05-18,2015-05-15,False,34097.072879999985,0.1158374357926648
ADD_GATE_BAND00_LOWER01,earlier_diagnostic,STRESS,2,2015-06-03,2015-06-02,42345.331360000004,-3469.7999999999947,39.755160000000004,90.200000000001,0.0,17,1,3,2015-06-29,2015-06-26,False,-3599.755159999996,-0.08500949324015387
ADD_GATE_BAND00_LOWER01,earlier_diagnostic,STRESS,3,2015-08-27,2015-08-26,5633.6,494.89999999999964,15.0,14.399999999999968,0.0,10,1,2,2015-09-14,2015-09-11,False,465.49999999999966,0.08262922465208741
ADD_GATE_BAND00_LOWER01,earlier_diagnostic,STRESS,4,2015-09-29,2015-09-28,211194.81944000005,25036.90000000001,193.11764,509.6000000000005,0.0,61,3,8,2015-12-30,2015-12-29,False,24334.182360000006,0.11522149276447233
ADD_GATE_BAND00_LOWER01,earlier_diagnostic,STRESS,5,2016-01-13,2016-01-12,6250.3,-632.6999999999998,10.0,13.300000000000223,96.89999999999999,10,1,1,2016-01-27,2016-01-26,False,-559.1,-0.08945170631809674
ADD_GATE_BAND00_LOWER01,earlier_diagnostic,STRESS,6,2016-05-03,2016-04-29,271652.01736,3352.7999999999884,219.54332000000002,682.4000000000044,0.0,61,3,4,2016-07-29,2016-07-28,False,2450.8566799999835,0.009022044834484138
ADD_GATE_BAND00_LOWER01,earlier_diagnostic,STRESS,7,2016-09-07,2016-09-06,256951.03931999998,-3449.2999999999884,206.33020000000002,602.4000000000005,0.0,17,1,2,2016-10-11,2016-10-10,False,-4258.030199999988,-0.016571367881089403
ADD_GATE_BAND00_LOWER01,earlier_diagnostic,STRESS,8,2017-02-13,2017-02-10,252885.1136,1893.8999999999942,207.61088,592.0000000000005,0.0,11,1,3,2017-02-28,2017-02-27,False,1094.2891199999938,0.00432721841322333
ADD_GATE_BAND00_LOWER01,earlier_diagnostic,STRESS,9,2017-05-10,2017-05-09,6040.400000000001,145.79999999999927,10.0,14.400000000000013,0.0,5,1,1,2017-05-17,2017-05-16,False,121.39999999999927,0.020098006754519445
ADD_GATE_BAND00_LOWER01,earlier_diagnostic,STRESS,10,2017-05-18,2017-05-17,239221.50876,25828.49999999997,215.44684,560.8000000000004,0.0,61,3,4,2017-08-15,2017-08-14,False,25052.25315999997,0.10472408308875666
ADD_GATE_BAND00_LOWER01,earlier_diagnostic,STRESS,11,2017-10-23,2017-10-20,279082.48836,7723.500000000029,226.01448000000005,629.0999999999929,0.0,49,1,3,2017-12-29,2017-12-28,False,6868.385520000036,0.0246105929482047
ADD_GATE_BAND00_LOWER01,earlier_diagnostic,STRESS,12,2018-01-12,2018-01-11,218368.8126,5201.499999999971,182.18556,512.9999999999891,2244.8,7,1,3,2018-01-23,2018-01-22,False,6751.114439999982,0.030916110957503927
ADD_GATE_BAND00_LOWER01,earlier_diagnostic,STRESS,13,2018-02-13,2018-02-12,263607.901,7297.900000000023,223.00076,611.3000000000154,0.0,11,2,4,2018-03-07,2018-03-06,False,6463.599240000008,0.02451974775976084
ADD_GATE_BAND00_LOWER01,earlier_diagnostic,STRESS,14,2018-03-28,2018-03-27,7373.2,80.19999999999982,15.0,15.200000000000014,0.0,10,1,2,2018-04-13,2018-04-12,False,49.9999999999998,0.0067813161178321224
ADD_GATE_BAND00_LOWER01,earlier_diagnostic,STRESS,15,2018-04-19,2018-04-18,7166.1,20.899999999999636,10.0,15.19999999999917,0.0,10,1,1,2018-05-07,2018-05-04,False,-4.2999999999995335,-0.0006000474456119135
ADD_GATE_BAND00_LOWER01,earlier_diagnostic,STRESS,16,2018-06-25,2018-06-22,7309.0,-396.0,10.0,16.000000000000014,0.0,3,1,1,2018-06-28,2018-06-27,False,-422.0,-0.057737036530305104
ADD_GATE_BAND00_LOWER01,earlier_diagnostic,STRESS,17,2018-10-09,2018-10-08,207533.88036,-3324.2999999999884,170.10532,503.2000000000005,0.0,9,2,3,2018-10-22,2018-10-19,False,-3997.6053199999888,-0.01926242266113618
ADD_GATE_BAND00_LOWER01,earlier_diagnostic,STRESS,18,2018-12-25,2018-12-24,7068.3,142.59999999999945,10.0,18.400000000000016,0.0,10,1,1,2019-01-10,2019-01-09,False,114.19999999999943,0.016156643040051984
ADD_GATE_BAND00_LOWER01,earlier_diagnostic,STRESS,19,2019-02-28,2019-02-27,275686.93068,8807.399999999994,228.29448000000002,593.6000000000005,0.0,5,2,3,2019-03-07,2019-03-06,False,7985.505519999993,0.02896584723948726
ADD_GATE_BAND00_LOWER01,earlier_diagnostic,STRESS,20,2019-04-30,2019-04-29,7399.8,-379.9999999999991,10.0,15.200000000000014,0.0,2,1,1,2019-05-07,2019-05-06,False,-405.1999999999991,-0.05475823670910012
ADD_GATE_BAND00_LOWER01,earlier_diagnostic,STRESS,21,2019-05-31,2019-05-30,290934.46744,22046.99999999994,247.80372,637.6000000000006,0.0,23,3,3,2019-07-04,2019-07-03,False,21161.59627999994,0.07273664226245087
ADD_GATE_BAND00_LOWER01,earlier_diagnostic,STRESS,22,2019-08-20,2019-08-19,316571.9606,2582.2999999999884,265.68864,653.9999999999986,0.0,28,3,4,2019-09-30,2019-09-27,False,1662.6113599999899,0.005251922364977734
ADD_GATE_BAND00_LOWER01,earlier_diagnostic,STRESS,23,2019-11-12,2019-11-11,325342.0848,-1228.9000000000233,264.25752,656.0000000000006,0.0,20,1,3,2019-12-10,2019-12-09,False,-2149.157520000024,-0.006605839270136821
ADD_GATE_BAND00_LOWER01,earlier_diagnostic,STRESS,24,2019-12-30,2019-12-27,322613.39376,5065.199999999953,259.692,803.9999999999828,0.0,1,1,1,2019-12-31,2019-12-30,True,4001.5079999999707,0.012403415597111849
ADD_GATE_BAND20_UPPER00,evaluation,BASE,1,2020-01-02,2019-12-31,170726.33844000002,-1283.3999999999942,67.97052000000001,248.4000000000094,0.0,14,1,1,2020-01-22,2020-01-21,False,-1599.7705200000037,-0.00937037913785181
ADD_GATE_BAND20_UPPER00,evaluation,BASE,2,2020-02-05,2020-02-04,125341.66332,9552.300000000017,52.004000000000005,165.50000000001117,0.0,19,1,2,2020-03-03,2020-03-02,False,9334.796000000006,0.07447480552550247
ADD_GATE_BAND20_UPPER00,evaluation,BASE,3,2020-03-23,2020-03-20,4963.8,308.0,10.0,5.600000000000005,0.0,10,1,1,2020-04-07,2020-04-03,False,292.4,0.05890648293645996
ADD_GATE_BAND20_UPPER00,evaluation,BASE,4,2020-07-01,2020-06-30,119857.96680000001,15644.199999999983,51.02812,171.6000000000065,0.0,5,1,1,2020-07-08,2020-07-07,False,15421.571879999976,0.12866538864064875
ADD_GATE_BAND20_UPPER00,evaluation,BASE,5,2020-08-19,2020-08-18,73551.7074,-2204.5999999999913,28.955760000000005,90.60000000000343,0.0,31,1,1,2020-10-09,2020-09-30,False,-2324.1557599999946,-0.031598936886133994
ADD_GATE_BAND20_UPPER00,evaluation,BASE,6,2020-12-15,2020-12-14,211084.40844,22284.59999999999,88.82316,253.2000000000096,1735.1999999999998,25,1,2,2021-01-20,2021-01-19,False,23677.776839999984,0.112172078530046
ADD_GATE_BAND20_UPPER00,evaluation,BASE,7,2021-02-03,2021-02-02,40663.73112,1857.4000000000087,16.62484,44.40000000000168,0.0,7,1,1,2021-02-19,2021-02-18,False,1796.375160000007,0.044176348567199736
ADD_GATE_BAND20_UPPER00,evaluation,BASE,8,2021-03-11,2021-03-10,6037.400000000001,-141.60000000000036,10.0,7.199999999999207,0.0,10,1,1,2021-03-25,2021-03-24,False,-158.79999999999956,-0.026302713088415468
ADD_GATE_BAND20_UPPER00,evaluation,BASE,9,2021-06-08,2021-06-07,210682.66999999998,-1361.7999999999884,89.62052,241.20000000000914,0.0,31,2,3,2021-07-22,2021-07-21,False,-1692.6205199999974,-0.00803398077307449
ADD_GATE_BAND20_UPPER00,evaluation,BASE,10,2021-07-29,2021-07-28,244658.72196000002,8033.899999999965,99.39082000000002,299.399999999967,0.0,10,1,1,2021-08-12,2021-08-11,False,7635.109179999999,0.031207181656283993
ADD_GATE_BAND20_UPPER00,evaluation,BASE,11,2021-10-29,2021-10-28,307625.51279999997,9242.599999999977,124.79948000000002,373.1999999999747,0.0,32,4,2,2021-12-14,2021-12-13,False,8744.600520000002,0.028426122529327493
ADD_GATE_BAND20_UPPER00,evaluation,BASE,12,2022-01-10,2022-01-07,6363.3,-166.39999999999964,10.0,7.800000000000296,97.5,10,1,1,2022-01-24,2022-01-21,False,-86.69999999999993,-0.013625005893168628
ADD_GATE_BAND20_UPPER00,evaluation,BASE,13,2022-01-27,2022-01-26,6109.799999999999,-114.39999999999873,10.0,7.800000000000296,0.0,10,1,1,2022-02-17,2022-02-16,False,-132.19999999999902,-0.02163736947199565
ADD_GATE_BAND20_UPPER00,evaluation,BASE,14,2022-03-11,2022-03-10,6351.5,-289.5,10.0,9.000000000000341,0.0,3,1,1,2022-03-16,2022-03-15,False,-308.50000000000034,-0.04857120365268052
ADD_GATE_BAND20_UPPER00,evaluation,BASE,15,2022-04-25,2022-04-22,6320.2,16.0,10.0,6.400000000000006,0.0,10,1,1,2022-05-12,2022-05-11,False,-0.4000000000000057,-6.328913641973446e-05
ADD_GATE_BAND20_UPPER00,evaluation,BASE,16,2022-05-13,2022-05-12,427563.4956,9610.5,172.79842000000002,574.3999999999835,0.0,20,3,2,2022-06-13,2022-06-10,False,8863.301580000018,0.020729790244515947
ADD_GATE_BAND20_UPPER00,evaluation,BASE,17,2022-08-05,2022-08-04,243215.70179999998,-990.0,100.66676000000001,348.6000000000132,0.0,21,2,2,2022-09-05,2022-09-02,False,-1439.2667600000132,-0.005917655600967508
ADD_GATE_BAND20_UPPER00,evaluation,BASE,18,2022-09-21,2022-09-20,6376.200000000001,-308.8000000000002,10.0,6.400000000000006,0.0,10,1,1,2022-10-12,2022-10-11,False,-325.20000000000016,-0.05100216429848501
ADD_GATE_BAND20_UPPER00,evaluation,BASE,19,2022-10-27,2022-10-26,6738.8,127.80000000000018,10.0,7.200000000000006,0.0,7,1,1,2022-11-07,2022-11-04,False,110.60000000000018,0.016412417641123073
ADD_GATE_BAND20_UPPER00,evaluation,BASE,20,2023-01-17,2023-01-16,197389.06992,-1047.1999999999534,78.67328,285.6000000000108,0.0,2,1,1,2023-01-19,2023-01-18,False,-1411.4732799999642,-0.007150716504069964
ADD_GATE_BAND20_UPPER00,evaluation,BASE,21,2023-04-03,2023-03-31,259038.49733999997,1853.0999999999767,103.88862,383.3999999999578,0.0,7,1,1,2023-04-13,2023-04-12,False,1365.811380000019,0.005272619298000824
ADD_GATE_BAND20_UPPER00,evaluation,BASE,22,2023-05-29,2023-05-26,6567.0,-30.600000000000364,10.0,6.799999999999251,0.0,10,1,1,2023-06-12,2023-06-09,False,-47.399999999999615,-0.007217907720420224
ADD_GATE_BAND20_UPPER00,evaluation,BASE,23,2023-08-23,2023-08-22,6485.400000000001,170.0,10.0,6.800000000000761,0.0,9,1,1,2023-09-05,2023-09-04,False,153.19999999999925,0.023622290066919426
ADD_GATE_BAND20_UPPER00,evaluation,BASE,24,2023-10-18,2023-10-17,6666.8,-34.19999999999982,10.0,7.200000000000806,0.0,10,1,1,2023-11-01,2023-10-31,False,-51.400000000000624,-0.0077098458030840315
ADD_GATE_BAND20_UPPER00,evaluation,BASE,25,2023-11-29,2023-11-28,6463.400000000001,-187.19999999999982,10.0,7.200000000000806,0.0,10,1,1,2023-12-13,2023-12-12,False,-204.40000000000063,-0.031624222545409635
ADD_GATE_BAND20_UPPER00,evaluation,BASE,26,2024-02-19,2024-02-08,85429.88256,2580.600000000006,34.661,101.19999999998885,0.0,5,1,1,2024-02-26,2024-02-23,False,2444.739000000017,0.02861690695036368
ADD_GATE_BAND20_UPPER00,evaluation,BASE,27,2024-03-05,2024-03-04,269104.3101,6885.0,108.936,305.9999999999663,0.0,54,1,1,2024-05-27,2024-05-24,False,6470.064000000034,0.024042959392199026
ADD_GATE_BAND20_UPPER00,evaluation,BASE,28,2024-06-04,2024-06-03,192929.91447999998,800.3999999999942,80.90866000000001,217.2000000000002,0.0,32,2,1,2024-07-19,2024-07-18,False,502.29133999999397,0.0026034912281685785
ADD_GATE_BAND20_UPPER00,evaluation,BASE,29,2024-08-02,2024-08-01,224036.19828,-3817.3000000000175,88.78134,258.8000000000002,0.0,3,1,1,2024-08-07,2024-08-06,False,-4164.881340000018,-0.018590216098894687
ADD_GATE_BAND20_UPPER00,evaluation,BASE,30,2024-08-28,2024-08-27,272174.82408,-10061.5,110.46889999999999,322.7999999999994,0.0,15,1,2,2024-09-20,2024-09-19,False,-10494.7689,-0.03855892599719394
ADD_GATE_BAND20_UPPER00,evaluation,BASE,31,2024-09-25,2024-09-24,262226.53482000006,77712.0,120.33694000000003,375.4999999999586,0.0,4,1,2,2024-10-08,2024-09-30,False,77216.16306000005,0.29446357559887476
ADD_GATE_BAND20_UPPER00,evaluation,BASE,32,2024-10-09,2024-10-08,111081.41184000002,-6345.5,43.12350000000001,155.4000000000059,0.0,10,1,1,2024-10-23,2024-10-22,False,-6544.023500000006,-0.05891195827998584
ADD_GATE_BAND20_UPPER00,evaluation,BASE,33,2025-01-08,2025-01-07,8136.2,96.60000000000036,10.0,8.399999999999075,0.0,10,1,1,2025-01-22,2025-01-21,False,78.2000000000013,0.00961136648558311
ADD_GATE_BAND20_UPPER00,evaluation,BASE,34,2025-04-09,2025-04-08,229629.61674,11612.700000000012,94.10634000000002,248.4000000000278,0.0,11,1,1,2025-04-24,2025-04-23,False,11270.193659999984,0.049079878371093365
ADD_GATE_BAND20_UPPER00,evaluation,BASE,35,2025-06-03,2025-05-30,478806.94223999995,17156.20000000007,194.80248,566.199999999991,3335.2,41,3,2,2025-07-30,2025-07-29,False,19730.397520000082,0.04120741739394059
ADD_GATE_BAND20_UPPER00,evaluation,BASE,36,2025-09-05,2025-09-04,363437.47296000004,14674.200000000012,148.18284000000003,489.5999999999618,0.0,7,1,2,2025-09-16,2025-09-15,False,14036.41716000005,0.03862127106949398
ADD_GATE_BAND20_UPPER00,evaluation,BASE,37,2025-11-26,2025-11-25,9211.0,222.0,10.0,12.000000000000455,0.0,8,1,1,2025-12-08,2025-12-05,False,199.99999999999955,0.021713169037020905
ADD_GATE_BAND20_UPPER00,evaluation,BASE,38,2025-12-19,2025-12-18,415297.04280000005,2774.2999999999884,166.53426,530.9999999999563,5571.9,35,2,4,2026-02-10,2026-02-09,False,7648.665740000031,0.018417337355526267
ADD_GATE_BAND20_UPPER00,evaluation,BASE,39,2026-03-25,2026-03-24,9482.3,132.3000000000011,10.0,12.600000000000477,0.0,10,1,1,2026-04-09,2026-04-08,False,109.70000000000061,0.011568923151556122
ADD_GATE_BAND20_UPPER00,evaluation,BASE,40,2026-05-06,2026-04-30,355508.0874,-1679.0,141.7514,438.0000000000166,0.0,9,1,1,2026-05-19,2026-05-18,False,-2258.7514000000165,-0.006353586542909168
ADD_GATE_BAND20_UPPER00,evaluation,BASE,41,2026-06-05,2026-06-04,382230.03072,3127.399999999994,153.39356,466.7999999999918,0.0,12,1,2,2026-06-24,2026-06-23,False,2507.206440000002,0.006559417728840462
ADD_GATE_BAND20_UPPER00,evaluation,BASE,42,2026-07-21,2026-07-20,321843.28316,-9928.0,132.92584,404.39999999995723,0.0,10,2,2,2026-08-04,2026-08-03,False,-10465.325839999958,-0.0325168378138787
ADD_GATE_BAND20_UPPER00,evaluation,BASE,43,2026-08-07,2026-08-06,273176.62440000003,1798.0,109.53880000000001,348.0000000000132,0.0,5,1,1,2026-08-14,2026-08-13,True,1340.4611999999868,0.004906939614413021
ADD_GATE_BAND20_UPPER00,evaluation,STRESS,1,2020-01-02,2019-12-31,170843.31,-1283.3999999999942,135.94104000000002,413.9999999999912,0.0,14,1,1,2020-01-22,2020-01-21,False,-1833.3410399999852,-0.010731125731525485
ADD_GATE_BAND20_UPPER00,evaluation,STRESS,2,2020-02-05,2020-02-04,125054.00160000002,9525.0,103.69440000000002,297.00000000001125,0.0,19,1,2,2020-03-03,2020-03-02,False,9124.305599999989,0.07296292388295704
ADD_GATE_BAND20_UPPER00,evaluation,STRESS,3,2020-03-23,2020-03-20,4966.6,308.0,10.0,11.199999999999388,0.0,10,1,1,2020-04-07,2020-04-03,False,286.80000000000064,0.05774574155357803
ADD_GATE_BAND20_UPPER00,evaluation,STRESS,4,2020-07-01,2020-06-30,119519.7888,15589.499999999985,101.6994,284.9999999999939,0.0,5,1,1,2020-07-08,2020-07-07,False,15202.800599999991,0.12719902497016453
ADD_GATE_BAND20_UPPER00,evaluation,STRESS,5,2020-08-19,2020-08-18,73596.62688,-2204.5999999999913,57.91152,150.9999999999968,0.0,31,1,1,2020-10-09,2020-09-30,False,-2413.511519999988,-0.03279377904010793
ADD_GATE_BAND20_UPPER00,evaluation,STRESS,6,2020-12-15,2020-12-14,210210.0504,22176.0,176.78640000000001,462.00000000000506,1727.9999999999998,25,1,2,2021-01-20,2021-01-19,False,23265.213599999995,0.11067602883748699
ADD_GATE_BAND20_UPPER00,evaluation,STRESS,7,2021-02-03,2021-02-02,40694.07111999999,1857.4000000000087,33.24968,88.80000000000337,0.0,7,1,1,2021-02-19,2021-02-18,False,1735.3503200000055,0.04264381204040137
ADD_GATE_BAND20_UPPER00,evaluation,STRESS,8,2021-03-11,2021-03-10,6041.0,-141.60000000000036,10.0,13.200000000000145,0.0,10,1,1,2021-03-25,2021-03-24,False,-164.80000000000052,-0.027280251613971282
ADD_GATE_BAND20_UPPER00,evaluation,STRESS,9,2021-06-08,2021-06-07,209795.08447999996,-1304.6999999999825,169.14364,479.99999999999926,0.0,31,2,3,2021-07-22,2021-07-21,False,-1953.8436399999819,-0.009313104951161257
ADD_GATE_BAND20_UPPER00,evaluation,STRESS,10,2021-07-29,2021-07-28,242845.0992,7969.499999999971,197.16840000000002,544.499999999962,0.0,10,1,1,2021-08-12,2021-08-11,False,7227.831600000009,0.029763135528822763
ADD_GATE_BAND20_UPPER00,evaluation,STRESS,11,2021-10-29,2021-10-28,303886.40596,9117.700000000012,246.3958,657.9999999999865,0.0,32,4,2,2021-12-14,2021-12-13,False,8213.304200000024,0.02702754726409554
ADD_GATE_BAND20_UPPER00,evaluation,STRESS,12,2022-01-10,2022-01-07,6365.9,-166.39999999999964,10.0,12.999999999999723,97.5,10,1,1,2022-01-24,2022-01-21,False,-91.89999999999935,-0.014436293375641993
ADD_GATE_BAND20_UPPER00,evaluation,STRESS,13,2022-01-27,2022-01-26,6112.400000000001,-114.39999999999873,10.0,13.000000000000878,0.0,10,1,1,2022-02-17,2022-02-16,False,-137.3999999999996,-0.022478895360251227
ADD_GATE_BAND20_UPPER00,evaluation,STRESS,14,2022-03-11,2022-03-10,6354.499999999999,-289.5,10.0,14.99999999999968,0.0,3,1,1,2022-03-16,2022-03-15,False,-314.49999999999966,-0.04949248564009752
ADD_GATE_BAND20_UPPER00,evaluation,STRESS,15,2022-04-25,2022-04-22,6323.400000000001,16.0,10.0,12.800000000000722,0.0,10,1,1,2022-05-12,2022-05-11,False,-6.800000000000722,-0.0010753708447987984
ADD_GATE_BAND20_UPPER00,evaluation,STRESS,16,2022-05-13,2022-05-12,423394.89024,9516.400000000023,341.9928,985.5999999999841,0.0,20,3,2,2022-06-13,2022-06-10,False,8188.807200000039,0.01934082670520242
ADD_GATE_BAND20_UPPER00,evaluation,STRESS,17,2022-08-05,2022-08-04,240868.31119999997,-969.5,194.5012,574.9999999999891,0.0,21,2,2,2022-09-05,2022-09-02,False,-1739.001199999989,-0.007219717659563967
ADD_GATE_BAND20_UPPER00,evaluation,STRESS,18,2022-09-21,2022-09-20,6379.4,-308.8000000000002,10.0,12.800000000000011,0.0,10,1,1,2022-10-12,2022-10-11,False,-331.6000000000002,-0.051979810013480926
ADD_GATE_BAND20_UPPER00,evaluation,STRESS,19,2022-10-27,2022-10-26,6368.099999999999,120.69999999999982,10.0,13.600000000000012,0.0,7,1,1,2022-11-07,2022-11-04,False,97.09999999999981,0.015247876132598391
ADD_GATE_BAND20_UPPER00,evaluation,STRESS,20,2023-01-17,2023-01-16,195033.98239999998,-1033.999999999971,155.3632,470.0000000000317,0.0,2,1,1,2023-01-19,2023-01-18,False,-1659.3632000000025,-0.008508072180963694
ADD_GATE_BAND20_UPPER00,evaluation,STRESS,21,2023-04-03,2023-03-31,255567.18599999996,1826.999999999971,204.8508,629.9999999999866,0.0,7,1,1,2023-04-13,2023-04-12,False,992.1491999999844,0.003882146278356661
ADD_GATE_BAND20_UPPER00,evaluation,STRESS,22,2023-05-29,2023-05-26,6570.400000000001,-30.600000000000364,10.0,13.599999999999257,0.0,10,1,1,2023-06-12,2023-06-09,False,-54.19999999999962,-0.008249117253135214
ADD_GATE_BAND20_UPPER00,evaluation,STRESS,23,2023-08-23,2023-08-22,6488.8,170.0,10.0,13.600000000000012,0.0,9,1,1,2023-09-05,2023-09-04,False,146.39999999999998,0.022561952903464428
ADD_GATE_BAND20_UPPER00,evaluation,STRESS,24,2023-10-18,2023-10-17,6300.1,-32.30000000000018,10.0,13.600000000000767,0.0,10,1,1,2023-11-01,2023-10-31,False,-55.90000000000095,-0.008872875033729773
ADD_GATE_BAND20_UPPER00,evaluation,STRESS,25,2023-11-29,2023-11-28,6467.0,-187.19999999999982,10.0,14.400000000000013,0.0,10,1,1,2023-12-13,2023-12-12,False,-211.59999999999982,-0.032719962888510874
ADD_GATE_BAND20_UPPER00,evaluation,STRESS,26,2024-02-19,2024-02-08,84145.84488,2539.7999999999884,68.226,199.2000000000002,0.0,5,1,1,2024-02-26,2024-02-23,False,2272.373999999988,0.027005183716921614
ADD_GATE_BAND20_UPPER00,evaluation,STRESS,27,2024-03-05,2024-03-04,265086.69228,6777.0,214.45440000000002,602.4000000000005,0.0,54,1,1,2024-05-27,2024-05-24,False,5960.1456,0.022483760119140748
ADD_GATE_BAND20_UPPER00,evaluation,STRESS,28,2024-06-04,2024-06-03,189162.44968,786.3999999999942,153.82776,425.60000000000036,0.0,32,2,1,2024-07-19,2024-07-18,False,206.9722399999938,0.0010941507701455657
ADD_GATE_BAND20_UPPER00,evaluation,STRESS,29,2024-08-02,2024-08-01,218665.83135999998,-3722.9000000000233,173.17164000000002,504.79999999997244,0.0,3,1,1,2024-08-07,2024-08-06,False,-4400.871639999996,-0.020126014259423234
ADD_GATE_BAND20_UPPER00,evaluation,STRESS,30,2024-08-28,2024-08-27,266990.15336,-9862.8,211.83544,632.8000000000005,0.0,15,1,2,2024-09-20,2024-09-19,False,-10707.435440000001,-0.04010423345299359
ADD_GATE_BAND20_UPPER00,evaluation,STRESS,31,2024-09-25,2024-09-24,256838.1942,75909.69999999998,235.48768,661.4999999999925,0.0,4,1,2,2024-10-08,2024-09-30,False,75012.71231999999,0.2920621387860544
ADD_GATE_BAND20_UPPER00,evaluation,STRESS,32,2024-10-09,2024-10-08,108580.4148,-6198.5,84.249,252.9999999999946,0.0,10,1,1,2024-10-23,2024-10-22,False,-6535.748999999994,-0.060192706134329435
ADD_GATE_BAND20_UPPER00,evaluation,STRESS,33,2025-01-08,2025-01-07,7753.0,92.0,10.0,16.000000000000014,0.0,10,1,1,2025-01-22,2025-01-21,False,65.99999999999999,0.008512833741777375
ADD_GATE_BAND20_UPPER00,evaluation,STRESS,34,2025-04-09,2025-04-08,224619.11172000002,11350.899999999994,183.96956,485.6000000000274,0.0,11,1,1,2025-04-24,2025-04-23,False,10681.330439999967,0.04755307933598646
ADD_GATE_BAND20_UPPER00,evaluation,STRESS,35,2025-06-03,2025-05-30,469938.10008000006,16662.100000000035,382.05444,1026.3999999999917,3326.3999999999996,41,3,2,2025-07-30,2025-07-29,False,18580.045560000046,0.039537218958916216
ADD_GATE_BAND20_UPPER00,evaluation,STRESS,36,2025-09-05,2025-09-04,354314.169,14294.0,288.7376,794.9999999999831,0.0,7,1,2,2025-09-16,2025-09-15,False,13210.262400000016,0.037284036473291635
ADD_GATE_BAND20_UPPER00,evaluation,STRESS,37,2025-11-26,2025-11-25,8754.5,210.90000000000146,10.0,19.000000000001283,0.0,8,1,1,2025-12-08,2025-12-05,False,181.90000000000018,0.020777885658804063
ADD_GATE_BAND20_UPPER00,evaluation,STRESS,38,2025-12-19,2025-12-18,403345.17356,2671.199999999968,323.27200000000005,859.000000000058,5436.6,35,2,4,2026-02-10,2026-02-09,False,6925.52799999991,0.017170226530477367
ADD_GATE_BAND20_UPPER00,evaluation,STRESS,39,2026-03-25,2026-03-24,9035.0,126.0,10.0,19.999999999999574,0.0,10,1,1,2026-04-09,2026-04-08,False,96.00000000000043,0.010625345877144485
ADD_GATE_BAND20_UPPER00,evaluation,STRESS,40,2026-05-06,2026-04-30,345492.04156000004,-1630.6999999999534,275.34724000000006,709.0000000000479,0.0,9,1,1,2026-05-19,2026-05-18,False,-2615.0472400000012,-0.007569052034287909
ADD_GATE_BAND20_UPPER00,evaluation,STRESS,41,2026-06-05,2026-06-04,371155.4028,3043.600000000006,297.72104,754.9999999999839,0.0,12,1,2,2026-06-24,2026-06-23,False,1990.878960000022,0.005364003716450877
ADD_GATE_BAND20_UPPER00,evaluation,STRESS,42,2026-07-21,2026-07-20,311522.61312,-9597.400000000034,247.76620000000003,651.999999999988,0.0,10,2,2,2026-08-04,2026-08-03,False,-10497.166200000021,-0.033696321736863655
ADD_GATE_BAND20_UPPER00,evaluation,STRESS,43,2026-08-07,2026-08-06,264864.10328000004,1742.2000000000116,212.27864000000002,561.9999999999881,0.0,5,1,1,2026-08-14,2026-08-13,True,967.9213600000236,0.003654407479207514
ADD_GATE_BAND20_UPPER00,earlier_diagnostic,BASE,1,2015-01-05,2014-12-31,240203.43108,42688.80000000002,104.53432000000001,328.0000000000071,899.5000000000001,88,2,4,2015-05-18,2015-05-15,False,43155.76568000001,0.1796634023334452
ADD_GATE_BAND20_UPPER00,earlier_diagnostic,BASE,2,2015-06-03,2015-06-02,43860.2703,-6060.5,16.3183,50.99999999999439,0.0,17,1,1,2015-06-29,2015-06-26,False,-6127.818299999994,-0.1397122785173532
ADD_GATE_BAND20_UPPER00,earlier_diagnostic,BASE,3,2015-08-27,2015-08-26,5942.5,522.4999999999991,10.0,7.600000000000007,0.0,10,1,1,2015-09-14,2015-09-11,False,504.89999999999907,0.08496424063946136
ADD_GATE_BAND20_UPPER00,earlier_diagnostic,BASE,4,2015-09-29,2015-09-28,211756.3428,31983.39999999998,91.02964000000001,263.19999999999277,0.0,61,2,3,2015-12-30,2015-12-29,False,31629.170359999986,0.1493658699511691
ADD_GATE_BAND20_UPPER00,earlier_diagnostic,BASE,5,2016-01-13,2016-01-12,6575.0,-666.0,10.0,8.000000000000895,102.0,10,1,1,2016-01-27,2016-01-26,False,-582.0000000000009,-0.08851711026615984
ADD_GATE_BAND20_UPPER00,earlier_diagnostic,BASE,6,2016-05-03,2016-04-29,215170.92558,7354.799999999988,87.46764,272.4000000000305,0.0,61,1,1,2016-07-29,2016-07-28,False,6994.932359999958,0.032508724592529854
ADD_GATE_BAND20_UPPER00,earlier_diagnostic,BASE,7,2016-09-07,2016-09-06,274138.41672000004,-3618.0,108.84552000000002,321.600000000036,0.0,17,1,1,2016-10-11,2016-10-10,False,-4048.4455200000357,-0.01476788831145488
ADD_GATE_BAND20_UPPER00,earlier_diagnostic,BASE,8,2017-02-13,2017-02-10,271467.2826,1908.0,108.8832,318.0000000000003,0.0,11,1,1,2017-02-28,2017-02-27,False,1481.1167999999998,0.005455967974536317
ADD_GATE_BAND20_UPPER00,earlier_diagnostic,BASE,9,2017-05-10,2017-05-09,6707.0,162.0,10.0,8.000000000000007,0.0,5,1,1,2017-05-17,2017-05-16,False,144.0,0.021470105859549723
ADD_GATE_BAND20_UPPER00,earlier_diagnostic,BASE,10,2017-05-18,2017-05-17,246281.64648000002,27302.79999999999,103.8956,289.60000000000025,0.0,61,1,2,2017-08-15,2017-08-14,False,26909.30439999999,0.10926232134876211
ADD_GATE_BAND20_UPPER00,earlier_diagnostic,BASE,11,2017-10-23,2017-10-20,300032.79456,7816.899999999965,121.47730000000001,375.999999999992,0.0,49,1,2,2017-12-29,2017-12-28,False,7319.422699999973,0.02439540887766603
ADD_GATE_BAND20_UPPER00,earlier_diagnostic,BASE,12,2018-01-12,2018-01-11,234387.16806000003,5675.299999999988,94.80506000000001,330.5999999999636,2534.6,7,1,1,2018-01-23,2018-01-22,False,7784.494940000025,0.03321212080179789
ADD_GATE_BAND20_UPPER00,earlier_diagnostic,BASE,13,2018-02-13,2018-02-12,225779.54687999998,8812.800000000047,91.99872,288.00000000001944,0.0,11,1,1,2018-03-07,2018-03-06,False,8432.801280000027,0.037349713012233096
ADD_GATE_BAND20_UPPER00,earlier_diagnostic,BASE,14,2018-03-28,2018-03-27,7757.0,82.0,10.0,7.999999999999119,0.0,10,1,1,2018-04-13,2018-04-12,False,64.00000000000088,0.008250612350135475
ADD_GATE_BAND20_UPPER00,earlier_diagnostic,BASE,15,2018-04-19,2018-04-18,7915.7,23.099999999999454,10.0,8.399999999999075,0.0,10,1,1,2018-05-07,2018-05-04,False,4.700000000000379,0.0005937567113458544
ADD_GATE_BAND20_UPPER00,earlier_diagnostic,BASE,16,2018-06-25,2018-06-22,8035.0,-435.60000000000036,10.0,8.800000000000008,0.0,3,1,1,2018-06-28,2018-06-27,False,-454.4000000000004,-0.05655258245177354
ADD_GATE_BAND20_UPPER00,earlier_diagnostic,BASE,17,2018-10-09,2018-10-08,286677.72408,-7115.200000000012,113.15544000000003,348.4000000000003,0.0,9,2,2,2018-10-22,2018-10-19,False,-7576.755440000013,-0.02642952278317115
ADD_GATE_BAND20_UPPER00,earlier_diagnostic,BASE,18,2018-12-25,2018-12-24,7677.5,155.0,10.0,9.999999999998899,0.0,10,1,1,2019-01-10,2019-01-09,False,135.0000000000011,0.017583848909150258
ADD_GATE_BAND20_UPPER00,earlier_diagnostic,BASE,19,2019-02-28,2019-02-27,295166.22144,12219.200000000012,120.42256,320.8000000000003,0.0,5,2,1,2019-03-07,2019-03-06,False,11777.97744000001,0.039902863486681796
ADD_GATE_BAND20_UPPER00,earlier_diagnostic,BASE,20,2019-04-30,2019-04-29,7785.0,-400.0,10.0,8.000000000000895,0.0,2,1,1,2019-05-07,2019-05-06,False,-418.0000000000009,-0.05369299935773936
ADD_GATE_BAND20_UPPER00,earlier_diagnostic,BASE,21,2019-05-31,2019-05-30,291942.77688,12255.299999999988,119.14074000000001,320.4000000000003,0.0,17,1,1,2019-06-26,2019-06-25,False,11815.759259999988,0.040472860422426996
ADD_GATE_BAND20_UPPER00,earlier_diagnostic,BASE,22,2019-08-20,2019-08-19,308687.02506,4725.900000000023,124.33122,320.40000000003585,0.0,28,1,1,2019-09-30,2019-09-27,False,4281.168779999987,0.013868962516865908
ADD_GATE_BAND20_UPPER00,earlier_diagnostic,BASE,23,2019-11-12,2019-11-11,342558.09792,-1382.399999999965,136.65024,345.6000000000003,0.0,20,1,1,2019-12-10,2019-12-09,False,-1864.6502399999654,-0.005443310934180369
ADD_GATE_BAND20_UPPER00,earlier_diagnostic,BASE,24,2019-12-30,2019-12-27,340432.17282000004,5348.699999999953,137.1135,509.4000000000193,0.0,1,1,1,2019-12-31,2019-12-30,True,4702.186499999933,0.013812403396097834
ADD_GATE_BAND20_UPPER00,earlier_diagnostic,STRESS,1,2015-01-05,2014-12-31,240734.65535999998,42761.10000000002,209.37432,602.0999999999945,899.5000000000001,88,2,4,2015-05-18,2015-05-15,False,42849.12568000003,0.1779931751659207
ADD_GATE_BAND20_UPPER00,earlier_diagnostic,STRESS,2,2015-06-03,2015-06-02,44410.957279999995,-6131.800000000003,33.024,94.60000000000105,0.0,17,1,1,2015-06-29,2015-06-26,False,-6259.4240000000045,-0.14094323525917038
ADD_GATE_BAND20_UPPER00,earlier_diagnostic,STRESS,3,2015-08-27,2015-08-26,5946.3,522.4999999999991,10.0,15.200000000000014,0.0,10,1,1,2015-09-14,2015-09-11,False,497.2999999999991,0.08363183828599281
ADD_GATE_BAND20_UPPER00,earlier_diagnostic,STRESS,4,2015-09-29,2015-09-28,211285.68048,31905.799999999974,181.51336000000003,524.8000000000004,0.0,61,2,3,2015-12-30,2015-12-29,False,31199.486639999974,0.14766493672983802
ADD_GATE_BAND20_UPPER00,earlier_diagnostic,STRESS,5,2016-01-13,2016-01-12,6579.0,-666.0,10.0,14.000000000000234,102.0,10,1,1,2016-01-27,2016-01-26,False,-588.0000000000002,-0.08937528499772006
ADD_GATE_BAND20_UPPER00,earlier_diagnostic,STRESS,6,2016-05-03,2016-04-29,214717.75276,7333.200000000012,174.42152,543.2000000000005,0.0,61,1,1,2016-07-29,2016-07-28,False,6615.578480000011,0.03081057991229328
ADD_GATE_BAND20_UPPER00,earlier_diagnostic,STRESS,7,2016-09-07,2016-09-06,274012.86131999997,-3613.499999999942,217.42028,642.4000000000005,0.0,17,1,1,2016-10-11,2016-10-10,False,-4473.320279999942,-0.016325220131823928
ADD_GATE_BAND20_UPPER00,earlier_diagnostic,STRESS,8,2017-02-13,2017-02-10,269630.20895999996,1893.600000000035,216.12287999999998,631.2000000000006,0.0,11,1,1,2017-02-28,2017-02-27,False,1046.2771200000343,0.0038804150470960436
ADD_GATE_BAND20_UPPER00,earlier_diagnostic,STRESS,9,2017-05-10,2017-05-09,6711.0,162.0,10.0,16.000000000000014,0.0,5,1,1,2017-05-17,2017-05-16,False,136.0,0.020265236179406943
ADD_GATE_BAND20_UPPER00,earlier_diagnostic,STRESS,10,2017-05-18,2017-05-17,244433.13416,27076.39999999998,206.06912,574.4000000000005,0.0,61,1,2,2017-08-15,2017-08-14,False,26295.930879999978,0.10757924031194274
ADD_GATE_BAND20_UPPER00,earlier_diagnostic,STRESS,11,2017-10-23,2017-10-20,297049.17216,7724.500000000029,240.36628000000002,669.5999999999923,0.0,49,1,2,2017-12-29,2017-12-28,False,6814.533720000037,0.022940759842715586
ADD_GATE_BAND20_UPPER00,earlier_diagnostic,STRESS,12,2018-01-12,2018-01-11,231990.259,5613.5,187.5454,544.9999999999884,2507.0,7,1,1,2018-01-23,2018-01-22,False,7387.954600000012,0.0318459690154491
ADD_GATE_BAND20_UPPER00,earlier_diagnostic,STRESS,13,2018-02-13,2018-02-12,223194.14196000004,8705.70000000004,181.76136000000002,512.1000000000193,0.0,11,1,1,2018-03-07,2018-03-06,False,8011.838640000021,0.0358962765314686
ADD_GATE_BAND20_UPPER00,earlier_diagnostic,STRESS,14,2018-03-28,2018-03-27,7761.0,82.0,10.0,16.000000000000014,0.0,10,1,1,2018-04-13,2018-04-12,False,55.999999999999986,0.007215565004509726
ADD_GATE_BAND20_UPPER00,earlier_diagnostic,STRESS,15,2018-04-19,2018-04-18,7919.900000000001,23.099999999999454,10.0,16.79999999999908,0.0,10,1,1,2018-05-07,2018-05-04,False,-3.6999999999996263,-0.00046717761587894115
ADD_GATE_BAND20_UPPER00,earlier_diagnostic,STRESS,16,2018-06-25,2018-06-22,7674.200000000001,-415.8000000000002,10.0,16.800000000000015,0.0,3,1,1,2018-06-28,2018-06-27,False,-442.6000000000002,-0.05767376404055148
ADD_GATE_BAND20_UPPER00,earlier_diagnostic,STRESS,17,2018-10-09,2018-10-08,283289.2704,-7044.0,223.44799999999998,688.0000000000006,0.0,9,2,2,2018-10-22,2018-10-19,False,-7955.448000000001,-0.02808241903679244
ADD_GATE_BAND20_UPPER00,earlier_diagnostic,STRESS,18,2018-12-25,2018-12-24,7682.5,155.0,10.0,20.000000000000018,0.0,10,1,1,2019-01-10,2019-01-09,False,124.99999999999999,0.016270745200130166
ADD_GATE_BAND20_UPPER00,earlier_diagnostic,STRESS,19,2019-02-28,2019-02-27,290965.83979999996,12036.5,237.2414,632.0000000000006,0.0,5,2,1,2019-03-07,2019-03-06,False,11167.2586,0.03837996449231289
ADD_GATE_BAND20_UPPER00,earlier_diagnostic,STRESS,20,2019-04-30,2019-04-29,7789.0,-400.0,10.0,16.000000000000014,0.0,2,1,1,2019-05-07,2019-05-06,False,-426.0,-0.054692515085376814
ADD_GATE_BAND20_UPPER00,earlier_diagnostic,STRESS,21,2019-05-31,2019-05-30,287784.46775999997,21934.20000000001,238.65671999999998,631.2000000000006,0.0,23,1,1,2019-07-04,2019-07-03,False,21064.343280000012,0.07319485809625688
ADD_GATE_BAND20_UPPER00,earlier_diagnostic,STRESS,22,2019-08-20,2019-08-19,335123.19568,1633.1999999999534,268.36208,706.3999999999985,0.0,28,2,1,2019-09-30,2019-09-27,False,658.437919999955,0.0019647637898174003
ADD_GATE_BAND20_UPPER00,earlier_diagnostic,STRESS,23,2019-11-12,2019-11-11,343592.98224000004,-1385.5999999999767,273.93312000000003,692.8000000000006,0.0,20,1,1,2019-12-10,2019-12-09,False,-2352.3331199999775,-0.006846278130200199
ADD_GATE_BAND20_UPPER00,earlier_diagnostic,STRESS,24,2019-12-30,2019-12-27,340670.11356,5348.699999999953,274.22700000000003,848.9999999999819,0.0,1,1,1,2019-12-31,2019-12-30,True,4225.472999999972,0.012403415597111857
ADD_GATE_BAND20_UPPER01,evaluation,BASE,1,2020-01-02,2019-12-31,170726.33844000002,-1283.3999999999942,67.97052000000001,248.4000000000094,0.0,14,1,1,2020-01-22,2020-01-21,False,-1599.7705200000037,-0.00937037913785181
ADD_GATE_BAND20_UPPER01,evaluation,BASE,2,2020-02-05,2020-02-04,125341.66332,9552.300000000017,52.004000000000005,165.50000000001117,0.0,19,1,2,2020-03-03,2020-03-02,False,9334.796000000006,0.07447480552550247
ADD_GATE_BAND20_UPPER01,evaluation,BASE,3,2020-03-23,2020-03-20,4963.8,308.0,10.0,5.600000000000005,0.0,10,1,1,2020-04-07,2020-04-03,False,292.4,0.05890648293645996
ADD_GATE_BAND20_UPPER01,evaluation,BASE,4,2020-07-01,2020-06-30,119857.96680000001,15644.199999999983,51.02812,171.6000000000065,0.0,5,1,1,2020-07-08,2020-07-07,False,15421.571879999976,0.12866538864064875
ADD_GATE_BAND20_UPPER01,evaluation,BASE,5,2020-08-19,2020-08-18,138986.7918,-1490.6000000000058,55.25056,174.60000000000662,0.0,31,2,1,2020-10-09,2020-09-30,False,-1720.4505600000125,-0.012378518402494793
ADD_GATE_BAND20_UPPER01,evaluation,BASE,6,2020-12-15,2020-12-14,212084.80848000004,22393.199999999997,89.24472,254.40000000000964,1742.3999999999999,25,1,2,2021-01-20,2021-01-19,False,23791.95527999999,0.11218132713283711
ADD_GATE_BAND20_UPPER01,evaluation,BASE,7,2021-02-03,2021-02-02,40663.73112,1857.4000000000087,16.62484,44.40000000000168,0.0,7,1,1,2021-02-19,2021-02-18,False,1796.375160000007,0.044176348567199736
ADD_GATE_BAND20_UPPER01,evaluation,BASE,8,2021-03-11,2021-03-10,6037.400000000001,-141.60000000000036,10.0,7.199999999999207,0.0,10,1,1,2021-03-25,2021-03-24,False,-158.79999999999956,-0.026302713088415468
ADD_GATE_BAND20_UPPER01,evaluation,BASE,9,2021-06-08,2021-06-07,473706.4642399999,-5209.499999999978,194.60394,540.0000000000205,0.0,31,4,5,2021-07-22,2021-07-21,False,-5944.103939999999,-0.012548074364018945
ADD_GATE_BAND20_UPPER01,evaluation,BASE,10,2021-07-29,2021-07-28,240736.33764,7905.099999999977,97.79738,294.59999999996757,0.0,10,1,1,2021-08-12,2021-08-11,False,7512.702620000009,0.031207181656284038
ADD_GATE_BAND20_UPPER01,evaluation,BASE,11,2021-10-29,2021-10-28,303756.03906,8517.899999999994,123.10814000000002,367.7999999999751,0.0,32,4,2,2021-12-14,2021-12-13,False,8026.991860000019,0.026425785261225614
ADD_GATE_BAND20_UPPER01,evaluation,BASE,12,2022-01-10,2022-01-07,6363.3,-166.39999999999964,10.0,7.800000000000296,97.5,10,1,1,2022-01-24,2022-01-21,False,-86.69999999999993,-0.013625005893168628
ADD_GATE_BAND20_UPPER01,evaluation,BASE,13,2022-01-27,2022-01-26,6109.799999999999,-114.39999999999873,10.0,7.800000000000296,0.0,10,1,1,2022-02-17,2022-02-16,False,-132.19999999999902,-0.02163736947199565
ADD_GATE_BAND20_UPPER01,evaluation,BASE,14,2022-03-11,2022-03-10,5928.4,-270.1999999999998,10.0,8.400000000000318,0.0,3,1,1,2022-03-16,2022-03-15,False,-288.60000000000014,-0.048680925713514636
ADD_GATE_BAND20_UPPER01,evaluation,BASE,15,2022-04-25,2022-04-22,5925.5,15.0,10.0,6.000000000000005,0.0,10,1,1,2022-05-12,2022-05-11,False,-1.0000000000000053,-0.0001687621297780787
ADD_GATE_BAND20_UPPER01,evaluation,BASE,16,2022-05-13,2022-05-12,434135.8098,6568.400000000023,174.81718,580.4999999999658,0.0,20,3,2,2022-06-13,2022-06-10,False,5813.082820000058,0.013390009966415947
ADD_GATE_BAND20_UPPER01,evaluation,BASE,17,2022-08-05,2022-08-04,235461.8345,-1999.0,97.4497,336.00000000001273,0.0,21,2,2,2022-09-05,2022-09-02,False,-2432.449700000013,-0.010330547645503937
ADD_GATE_BAND20_UPPER01,evaluation,BASE,18,2022-09-21,2022-09-20,6376.200000000001,-308.8000000000002,10.0,6.400000000000006,0.0,10,1,1,2022-10-12,2022-10-11,False,-325.20000000000016,-0.05100216429848501
ADD_GATE_BAND20_UPPER01,evaluation,BASE,19,2022-10-27,2022-10-26,6364.7,120.69999999999982,10.0,6.800000000000006,0.0,7,1,1,2022-11-07,2022-11-04,False,103.8999999999998,0.016324414347887537
ADD_GATE_BAND20_UPPER01,evaluation,BASE,20,2023-01-17,2023-01-16,191168.82612,-1014.1999999999825,76.19408000000001,276.6000000000105,0.0,2,1,1,2023-01-19,2023-01-18,False,-1366.9940799999931,-0.007150716504070109
ADD_GATE_BAND20_UPPER01,evaluation,BASE,21,2023-04-03,2023-03-31,250930.87613999998,1795.0999999999767,100.63702,371.3999999999591,0.0,7,1,1,2023-04-13,2023-04-12,False,1323.0629800000174,0.00527261929800082
ADD_GATE_BAND20_UPPER01,evaluation,BASE,22,2023-05-29,2023-05-26,6181.0,-28.800000000000182,10.0,6.399999999999295,0.0,10,1,1,2023-06-12,2023-06-09,False,-45.19999999999948,-0.00731273256754562
ADD_GATE_BAND20_UPPER01,evaluation,BASE,23,2023-08-23,2023-08-22,6104.200000000001,160.0,10.0,6.400000000000716,0.0,9,1,1,2023-09-05,2023-09-04,False,143.59999999999928,0.023524786212771414
ADD_GATE_BAND20_UPPER01,evaluation,BASE,24,2023-10-18,2023-10-17,6296.7,-32.30000000000018,10.0,6.800000000000761,0.0,10,1,1,2023-11-01,2023-10-31,False,-49.100000000000946,-0.007797735321676584
ADD_GATE_BAND20_UPPER01,evaluation,BASE,25,2023-11-29,2023-11-28,6463.400000000001,-187.19999999999982,10.0,7.200000000000806,0.0,10,1,1,2023-12-13,2023-12-12,False,-204.40000000000063,-0.031624222545409635
ADD_GATE_BAND20_UPPER01,evaluation,BASE,26,2024-02-19,2024-02-08,232375.4658,6609.600000000006,94.19856000000001,274.7999999999894,0.0,5,2,1,2024-02-26,2024-02-23,False,6240.601440000017,0.026855681250666768
ADD_GATE_BAND20_UPPER01,evaluation,BASE,27,2024-03-05,2024-03-04,264531.29568,6768.0,107.0848,300.7999999999669,0.0,54,1,1,2024-05-27,2024-05-24,False,6360.115200000034,0.02404295939219903
ADD_GATE_BAND20_UPPER01,evaluation,BASE,28,2024-06-04,2024-06-03,189729.84632,789.6000000000058,79.69916,213.6000000000002,0.0,32,2,1,2024-07-19,2024-07-18,False,496.3008400000056,0.002615829030731097
ADD_GATE_BAND20_UPPER01,evaluation,BASE,29,2024-08-02,2024-08-01,220227.23664000002,-3752.4000000000233,87.27192000000001,254.4000000000002,0.0,3,1,1,2024-08-07,2024-08-06,False,-4094.0719200000235,-0.01859021609889471
ADD_GATE_BAND20_UPPER01,evaluation,BASE,30,2024-08-28,2024-08-27,267453.07992,-9887.8,108.68155999999999,317.1999999999994,0.0,15,1,2,2024-09-20,2024-09-19,False,-10313.681559999999,-0.03856258287653672
ADD_GATE_BAND20_UPPER01,evaluation,BASE,31,2024-09-25,2024-09-24,257687.32716000002,76389.6,118.25844000000001,368.9999999999593,0.0,4,1,2,2024-10-08,2024-09-30,False,75902.34156000004,0.2945520930211353
ADD_GATE_BAND20_UPPER01,evaluation,BASE,32,2024-10-09,2024-10-08,108936.98304,-6223.0,42.291000000000004,152.40000000000578,0.0,10,1,1,2024-10-23,2024-10-22,False,-6417.691000000006,-0.05891195827998585
ADD_GATE_BAND20_UPPER01,evaluation,BASE,33,2025-01-08,2025-01-07,8136.2,96.60000000000036,10.0,8.399999999999075,0.0,10,1,1,2025-01-22,2025-01-21,False,78.2000000000013,0.00961136648558311
ADD_GATE_BAND20_UPPER01,evaluation,BASE,34,2025-04-09,2025-04-08,327155.61804,13148.200000000012,133.39564000000001,350.40000000002743,0.0,11,2,1,2025-04-24,2025-04-23,False,12664.404359999984,0.03871064307522165
ADD_GATE_BAND20_UPPER01,evaluation,BASE,35,2025-06-03,2025-05-30,600111.19824,16783.900000000023,243.21562000000003,688.2000000000136,4382.4,41,5,3,2025-07-30,2025-07-29,False,20234.88438000001,0.033718558226116545
ADD_GATE_BAND20_UPPER01,evaluation,BASE,36,2025-09-05,2025-09-04,359874.36048000003,14529.599999999977,146.72992000000002,484.7999999999622,0.0,7,1,2,2025-09-16,2025-09-15,False,13898.070080000014,0.038619228281400166
ADD_GATE_BAND20_UPPER01,evaluation,BASE,37,2025-11-26,2025-11-25,9211.0,222.0,10.0,12.000000000000455,0.0,8,1,1,2025-12-08,2025-12-05,False,199.99999999999955,0.021713169037020905
ADD_GATE_BAND20_UPPER01,evaluation,BASE,38,2025-12-19,2025-12-18,411280.23960000003,2098.0,164.79380000000003,524.9999999999569,5510.4,35,2,4,2026-02-10,2026-02-09,False,6918.606200000042,0.016822121594582056
ADD_GATE_BAND20_UPPER01,evaluation,BASE,39,2026-03-25,2026-03-24,9482.3,132.3000000000011,10.0,12.600000000000477,0.0,10,1,1,2026-04-09,2026-04-08,False,109.70000000000061,0.011568923151556122
ADD_GATE_BAND20_UPPER01,evaluation,BASE,40,2026-05-06,2026-04-30,351125.11097999994,-1658.2999999999884,140.00378,432.6000000000164,0.0,9,1,1,2026-05-19,2026-05-18,False,-2230.9037800000046,-0.0063535865429091365
ADD_GATE_BAND20_UPPER01,evaluation,BASE,41,2026-06-05,2026-06-04,377317.04832,3085.7999999999884,151.42164,460.79999999999194,0.0,12,1,2,2026-06-24,2026-06-23,False,2473.5783599999963,0.006555702614057798
ADD_GATE_BAND20_UPPER01,evaluation,BASE,42,2026-07-21,2026-07-20,318020.91884,-9808.000000000058,131.42216000000002,399.59999999995773,0.0,10,2,2,2026-08-04,2026-08-03,False,-10339.022160000017,-0.03251050967877273
ADD_GATE_BAND20_UPPER01,evaluation,BASE,43,2026-08-07,2026-08-06,269879.66514,1776.2999999999302,108.21678,343.80000000001303,0.0,5,1,1,2026-08-14,2026-08-13,True,1324.283219999917,0.004906939614412763
ADD_GATE_BAND20_UPPER01,evaluation,STRESS,1,2020-01-02,2019-12-31,170843.31,-1283.3999999999942,135.94104000000002,413.9999999999912,0.0,14,1,1,2020-01-22,2020-01-21,False,-1833.3410399999852,-0.010731125731525485
ADD_GATE_BAND20_UPPER01,evaluation,STRESS,2,2020-02-05,2020-02-04,125054.00160000002,9525.0,103.69440000000002,297.00000000001125,0.0,19,1,2,2020-03-03,2020-03-02,False,9124.305599999989,0.07296292388295704
ADD_GATE_BAND20_UPPER01,evaluation,STRESS,3,2020-03-23,2020-03-20,4966.6,308.0,10.0,11.199999999999388,0.0,10,1,1,2020-04-07,2020-04-03,False,286.80000000000064,0.05774574155357803
ADD_GATE_BAND20_UPPER01,evaluation,STRESS,4,2020-07-01,2020-06-30,119519.7888,15589.499999999985,101.6994,284.9999999999939,0.0,5,1,1,2020-07-08,2020-07-07,False,15202.800599999991,0.12719902497016453
ADD_GATE_BAND20_UPPER01,evaluation,STRESS,5,2020-08-19,2020-08-18,138605.11988,-1495.7000000000116,110.12548000000001,289.99999999999386,0.0,31,2,1,2020-10-09,2020-09-30,False,-1895.8254800000054,-0.013677889255760191
ADD_GATE_BAND20_UPPER01,evaluation,STRESS,6,2020-12-15,2020-12-14,210710.55052000002,22219.79999999999,177.20372000000003,463.1000000000051,1735.1999999999998,25,1,2,2021-01-20,2021-01-19,False,23314.696279999982,0.11064797762837708
ADD_GATE_BAND20_UPPER01,evaluation,STRESS,7,2021-02-03,2021-02-02,40694.07111999999,1857.4000000000087,33.24968,88.80000000000337,0.0,7,1,1,2021-02-19,2021-02-18,False,1735.3503200000055,0.04264381204040137
ADD_GATE_BAND20_UPPER01,evaluation,STRESS,8,2021-03-11,2021-03-10,6041.0,-141.60000000000036,10.0,13.200000000000145,0.0,10,1,1,2021-03-25,2021-03-24,False,-164.80000000000052,-0.027280251613971282
ADD_GATE_BAND20_UPPER01,evaluation,STRESS,9,2021-06-08,2021-06-07,470907.2876,-5109.79999999993,377.43848,1072.8000000000216,0.0,31,4,5,2021-07-22,2021-07-21,False,-6560.038479999952,-0.013930636991059283
ADD_GATE_BAND20_UPPER01,evaluation,STRESS,10,2021-07-29,2021-07-28,238920.32992,7840.6999999999825,193.98184000000003,535.6999999999626,0.0,10,1,1,2021-08-12,2021-08-11,False,7111.01816000002,0.02976313552882281
ADD_GATE_BAND20_UPPER01,evaluation,STRESS,11,2021-10-29,2021-10-28,299004.45396,8390.399999999994,242.20560000000006,646.1999999999866,0.0,32,4,2,2021-12-14,2021-12-13,False,7501.994400000007,0.025089908530270932
ADD_GATE_BAND20_UPPER01,evaluation,STRESS,12,2022-01-10,2022-01-07,5876.599999999999,-153.59999999999945,10.0,11.999999999999744,90.0,10,1,1,2022-01-24,2022-01-21,False,-85.5999999999992,-0.014566245788380902
ADD_GATE_BAND20_UPPER01,evaluation,STRESS,13,2022-01-27,2022-01-26,6112.400000000001,-114.39999999999873,10.0,13.000000000000878,0.0,10,1,1,2022-02-17,2022-02-16,False,-137.3999999999996,-0.022478895360251227
ADD_GATE_BAND20_UPPER01,evaluation,STRESS,14,2022-03-11,2022-03-10,5931.2,-270.1999999999998,10.0,13.999999999999702,0.0,3,1,1,2022-03-16,2022-03-15,False,-294.19999999999953,-0.0496021041273266
ADD_GATE_BAND20_UPPER01,evaluation,STRESS,15,2022-04-25,2022-04-22,5928.5,15.0,10.0,12.000000000000677,0.0,10,1,1,2022-05-12,2022-05-11,False,-7.000000000000677,-0.0011807371173147806
ADD_GATE_BAND20_UPPER01,evaluation,STRESS,16,2022-05-13,2022-05-12,429117.37832,6483.8000000000175,345.35296000000005,993.0000000000459,0.0,20,3,2,2022-06-13,2022-06-10,False,5145.447039999972,0.011990768260526903
ADD_GATE_BAND20_UPPER01,evaluation,STRESS,17,2022-08-05,2022-08-04,232252.76636,-1959.7999999999884,187.2246,551.9999999999895,0.0,21,2,2,2022-09-05,2022-09-02,False,-2699.024599999978,-0.011621065455110206
ADD_GATE_BAND20_UPPER01,evaluation,STRESS,18,2022-09-21,2022-09-20,5981.0,-289.5,10.0,12.00000000000001,0.0,10,1,1,2022-10-12,2022-10-11,False,-311.5,-0.0520815917070724
ADD_GATE_BAND20_UPPER01,evaluation,STRESS,19,2022-10-27,2022-10-26,6368.099999999999,120.69999999999982,10.0,13.600000000000012,0.0,7,1,1,2022-11-07,2022-11-04,False,97.09999999999981,0.015247876132598391
ADD_GATE_BAND20_UPPER01,evaluation,STRESS,20,2023-01-17,2023-01-16,188809.4936,-1000.9999999999709,150.4048,455.0000000000307,0.0,2,1,1,2023-01-19,2023-01-18,False,-1606.4048000000016,-0.008508072180963689
ADD_GATE_BAND20_UPPER01,evaluation,STRESS,21,2023-04-03,2023-03-31,247048.27979999996,1766.0999999999767,198.02244,608.999999999987,0.0,7,1,1,2023-04-13,2023-04-12,False,959.0775599999897,0.0038821462783566805
ADD_GATE_BAND20_UPPER01,evaluation,STRESS,22,2023-05-29,2023-05-26,6184.2,-28.800000000000182,10.0,12.7999999999993,0.0,10,1,1,2023-06-12,2023-06-09,False,-51.59999999999948,-0.0083438439895216
ADD_GATE_BAND20_UPPER01,evaluation,STRESS,23,2023-08-23,2023-08-22,6107.4,160.0,10.0,12.800000000000011,0.0,9,1,1,2023-09-05,2023-09-04,False,137.2,0.022464551200183383
ADD_GATE_BAND20_UPPER01,evaluation,STRESS,24,2023-10-18,2023-10-17,6300.1,-32.30000000000018,10.0,13.600000000000767,0.0,10,1,1,2023-11-01,2023-10-31,False,-55.90000000000095,-0.008872875033729773
ADD_GATE_BAND20_UPPER01,evaluation,STRESS,25,2023-11-29,2023-11-28,6108.0,-176.79999999999927,10.0,13.600000000000012,0.0,10,1,1,2023-12-13,2023-12-12,False,-200.3999999999993,-0.03280943025540264
ADD_GATE_BAND20_UPPER01,evaluation,STRESS,26,2024-02-19,2024-02-08,228158.12676,6485.100000000006,184.83188,539.2000000000005,0.0,5,2,1,2024-02-26,2024-02-23,False,5761.068120000005,0.025250330557193276
ADD_GATE_BAND20_UPPER01,evaluation,STRESS,27,2024-03-05,2024-03-04,259806.08088000002,6642.0,210.1824,590.4000000000005,0.0,54,1,1,2024-05-27,2024-05-24,False,5841.4176,0.022483760119140748
ADD_GATE_BAND20_UPPER01,evaluation,STRESS,28,2024-06-04,2024-06-03,185608.02848,770.3999999999942,150.98216,417.60000000000036,0.0,32,2,1,2024-07-19,2024-07-18,False,201.8178399999938,0.0010873335687725408
ADD_GATE_BAND20_UPPER01,evaluation,STRESS,29,2024-08-02,2024-08-01,214507.36864,-3652.100000000006,169.87836000000001,495.199999999973,0.0,3,1,1,2024-08-07,2024-08-06,False,-4317.178359999979,-0.020126014259423154
ADD_GATE_BAND20_UPPER01,evaluation,STRESS,30,2024-08-28,2024-08-27,261927.12896,-9675.3,207.86644,620.8000000000005,0.0,15,1,2,2024-09-20,2024-09-19,False,-10503.96644,-0.04010262885599798
ADD_GATE_BAND20_UPPER01,evaluation,STRESS,31,2024-09-25,2024-09-24,251596.5984,74353.89999999997,230.67916,647.9999999999925,0.0,4,1,2,2024-10-08,2024-09-30,False,73475.22083999998,0.2920358276195199
ADD_GATE_BAND20_UPPER01,evaluation,STRESS,32,2024-10-09,2024-10-08,106434.5568,-6076.0,82.584,247.9999999999947,0.0,10,1,1,2024-10-23,2024-10-22,False,-6406.583999999994,-0.06019270613432943
ADD_GATE_BAND20_UPPER01,evaluation,STRESS,33,2025-01-08,2025-01-07,7753.0,92.0,10.0,16.000000000000014,0.0,10,1,1,2025-01-22,2025-01-21,False,65.99999999999999,0.008512833741777375
ADD_GATE_BAND20_UPPER01,evaluation,STRESS,34,2025-04-09,2025-04-08,318799.76892000006,12803.500000000058,259.78628000000003,682.400000000027,0.0,11,2,1,2025-04-24,2025-04-23,False,11861.313720000031,0.037206155324963616
ADD_GATE_BAND20_UPPER01,evaluation,STRESS,35,2025-06-03,2025-05-30,586533.61964,16233.000000000058,475.0278,1261.6999999999914,4364.8,41,5,3,2025-07-30,2025-07-29,False,18861.072200000068,0.03215684756753847
ADD_GATE_BAND20_UPPER01,evaluation,STRESS,36,2025-09-05,2025-09-04,348966.0306,14078.599999999977,284.37944,782.9999999999833,0.0,7,1,2,2025-09-16,2025-09-15,False,13011.220559999992,0.0372850633559632
ADD_GATE_BAND20_UPPER01,evaluation,STRESS,37,2025-11-26,2025-11-25,8754.5,210.90000000000146,10.0,19.000000000001283,0.0,8,1,1,2025-12-08,2025-12-05,False,181.90000000000018,0.020777885658804063
ADD_GATE_BAND20_UPPER01,evaluation,STRESS,38,2025-12-19,2025-12-18,397896.0948,1993.0,318.64840000000004,846.0000000000347,5350.5,35,2,4,2026-02-10,2026-02-09,False,6178.851599999965,0.015528806843670397
ADD_GATE_BAND20_UPPER01,evaluation,STRESS,39,2026-03-25,2026-03-24,9035.0,126.0,10.0,19.999999999999574,0.0,10,1,1,2026-04-09,2026-04-08,False,96.00000000000043,0.010625345877144485
ADD_GATE_BAND20_UPPER01,evaluation,STRESS,40,2026-05-06,2026-04-30,340131.79832000006,-1605.399999999965,271.07528,698.0000000000471,0.0,9,1,1,2026-05-19,2026-05-18,False,-2574.4752800000124,-0.007569052034287942
ADD_GATE_BAND20_UPPER01,evaluation,STRESS,41,2026-06-05,2026-06-04,365256.24408,2998.0,292.99016,742.9999999999841,0.0,12,1,2,2026-06-24,2026-06-23,False,1962.009840000016,0.005371598355400842
ADD_GATE_BAND20_UPPER01,evaluation,STRESS,42,2026-07-21,2026-07-20,306273.50152,-9442.099999999988,243.82224000000002,640.999999999988,0.0,10,2,2,2026-08-04,2026-08-03,False,-10326.922239999974,-0.03371797491049226
ADD_GATE_BAND20_UPPER01,evaluation,STRESS,43,2026-08-07,2026-08-06,260622.50732,1714.2999999999884,208.87916,552.9999999999882,0.0,5,1,1,2026-08-14,2026-08-13,True,952.4208400000002,0.0036544074792074265
ADD_GATE_BAND20_UPPER01,earlier_diagnostic,BASE,1,2015-01-05,2014-12-31,240363.16301999998,42511.70000000001,104.56278,328.0000000000071,899.5000000000001,88,4,4,2015-05-18,2015-05-15,False,42978.637220000004,0.17880708790815783
ADD_GATE_BAND20_UPPER01,earlier_diagnostic,BASE,2,2015-06-03,2015-06-02,43860.2703,-6060.5,16.3183,50.99999999999439,0.0,17,1,1,2015-06-29,2015-06-26,False,-6127.818299999994,-0.1397122785173532
ADD_GATE_BAND20_UPPER01,earlier_diagnostic,BASE,3,2015-08-27,2015-08-26,5942.5,522.4999999999991,10.0,7.600000000000007,0.0,10,1,1,2015-09-14,2015-09-11,False,504.89999999999907,0.08496424063946136
ADD_GATE_BAND20_UPPER01,earlier_diagnostic,BASE,4,2015-09-29,2015-09-28,211434.87852000003,31944.90000000001,90.89346,262.79999999999285,0.0,61,2,3,2015-12-30,2015-12-29,False,31591.206540000017,0.1494134116430168
ADD_GATE_BAND20_UPPER01,earlier_diagnostic,BASE,5,2016-01-13,2016-01-12,6575.0,-666.0,10.0,8.000000000000895,102.0,10,1,1,2016-01-27,2016-01-26,False,-582.0000000000009,-0.08851711026615984
ADD_GATE_BAND20_UPPER01,earlier_diagnostic,BASE,6,2016-05-03,2016-04-29,215170.92558,7354.799999999988,87.46764,272.4000000000305,0.0,61,1,1,2016-07-29,2016-07-28,False,6994.932359999958,0.032508724592529854
ADD_GATE_BAND20_UPPER01,earlier_diagnostic,BASE,7,2016-09-07,2016-09-06,274138.41672000004,-3618.0,108.84552000000002,321.600000000036,0.0,17,1,1,2016-10-11,2016-10-10,False,-4048.4455200000357,-0.01476788831145488
ADD_GATE_BAND20_UPPER01,earlier_diagnostic,BASE,8,2017-02-13,2017-02-10,271125.81432000006,1905.600000000035,108.74624000000001,317.60000000000025,0.0,11,1,1,2017-02-28,2017-02-27,False,1479.2537600000346,0.005455967974536444
ADD_GATE_BAND20_UPPER01,earlier_diagnostic,BASE,9,2017-05-10,2017-05-09,6707.0,162.0,10.0,8.000000000000007,0.0,5,1,1,2017-05-17,2017-05-16,False,144.0,0.021470105859549723
ADD_GATE_BAND20_UPPER01,earlier_diagnostic,BASE,10,2017-05-18,2017-05-17,245941.47846,27263.599999999977,103.75180000000002,289.2000000000003,0.0,61,1,2,2017-08-15,2017-08-14,False,26870.648199999974,0.10925626847595869
ADD_GATE_BAND20_UPPER01,earlier_diagnostic,BASE,11,2017-10-23,2017-10-20,299633.81477999996,7801.700000000012,121.31479999999999,375.499999999992,0.0,49,1,2,2017-12-29,2017-12-28,False,7304.88520000002,0.02437937522293164
ADD_GATE_BAND20_UPPER01,earlier_diagnostic,BASE,12,2018-01-12,2018-01-11,234387.16806000003,5675.299999999988,94.80506000000001,330.5999999999636,2534.6,7,1,1,2018-01-23,2018-01-22,False,7784.494940000025,0.03321212080179789
ADD_GATE_BAND20_UPPER01,earlier_diagnostic,BASE,13,2018-02-13,2018-02-12,225387.5685,8797.50000000003,91.839,287.50000000001944,0.0,11,1,1,2018-03-07,2018-03-06,False,8418.16100000001,0.03734971301223301
ADD_GATE_BAND20_UPPER01,earlier_diagnostic,BASE,14,2018-03-28,2018-03-27,7757.0,82.0,10.0,7.999999999999119,0.0,10,1,1,2018-04-13,2018-04-12,False,64.00000000000088,0.008250612350135475
ADD_GATE_BAND20_UPPER01,earlier_diagnostic,BASE,15,2018-04-19,2018-04-18,7915.7,23.099999999999454,10.0,8.399999999999075,0.0,10,1,1,2018-05-07,2018-05-04,False,4.700000000000379,0.0005937567113458544
ADD_GATE_BAND20_UPPER01,earlier_diagnostic,BASE,16,2018-06-25,2018-06-22,8035.0,-435.60000000000036,10.0,8.800000000000008,0.0,3,1,1,2018-06-28,2018-06-27,False,-454.4000000000004,-0.05655258245177354
ADD_GATE_BAND20_UPPER01,earlier_diagnostic,BASE,17,2018-10-09,2018-10-08,291666.12156,-10167.0,114.54012000000002,348.00000000000034,0.0,9,2,2,2018-10-22,2018-10-19,False,-10629.54012,-0.036444205666215326
ADD_GATE_BAND20_UPPER01,earlier_diagnostic,BASE,18,2018-12-25,2018-12-24,7677.5,155.0,10.0,9.999999999998899,0.0,10,1,1,2019-01-10,2019-01-09,False,135.0000000000011,0.017583848909150258
ADD_GATE_BAND20_UPPER01,earlier_diagnostic,BASE,19,2019-02-28,2019-02-27,291853.25898000004,12082.700000000012,119.07106000000002,317.2000000000003,0.0,5,2,1,2019-03-07,2019-03-06,False,11646.42894000001,0.03990508442737009
ADD_GATE_BAND20_UPPER01,earlier_diagnostic,BASE,20,2019-04-30,2019-04-29,7785.0,-400.0,10.0,8.000000000000895,0.0,2,1,1,2019-05-07,2019-05-06,False,-418.0000000000009,-0.05369299935773936
ADD_GATE_BAND20_UPPER01,earlier_diagnostic,BASE,21,2019-05-31,2019-05-30,289026.99384,12132.900000000023,117.95082000000001,317.2000000000003,0.0,17,1,1,2019-06-26,2019-06-25,False,11697.749180000023,0.040472860422427114
ADD_GATE_BAND20_UPPER01,earlier_diagnostic,BASE,22,2019-08-20,2019-08-19,305604.00858,4678.700000000012,123.08946,317.2000000000355,0.0,28,1,1,2019-09-30,2019-09-27,False,4238.410539999976,0.01386896251686587
ADD_GATE_BAND20_UPPER01,earlier_diagnostic,BASE,23,2019-11-12,2019-11-11,338989.7844,-1368.0,135.22680000000003,342.0000000000003,0.0,20,1,1,2019-12-10,2019-12-09,False,-1845.2268000000001,-0.00544331093418047
ADD_GATE_BAND20_UPPER01,earlier_diagnostic,BASE,24,2019-12-30,2019-12-27,336823.3512,5292.0,135.66000000000003,504.0000000000191,0.0,1,1,1,2019-12-31,2019-12-30,True,4652.339999999981,0.013812403396097976
ADD_GATE_BAND20_UPPER01,earlier_diagnostic,STRESS,1,2015-01-05,2014-12-31,240555.88388,42503.70000000001,209.12876000000003,601.1999999999998,899.5000000000001,88,4,4,2015-05-18,2015-05-15,False,42592.871240000015,0.17706019305371568
ADD_GATE_BAND20_UPPER01,earlier_diagnostic,STRESS,2,2015-06-03,2015-06-02,43894.5508,-6060.5,32.64,93.50000000000102,0.0,17,1,1,2015-06-29,2015-06-26,False,-6186.640000000001,-0.1409432352591703
ADD_GATE_BAND20_UPPER01,earlier_diagnostic,STRESS,3,2015-08-27,2015-08-26,5946.3,522.4999999999991,10.0,15.200000000000014,0.0,10,1,1,2015-09-14,2015-09-11,False,497.2999999999991,0.08363183828599281
ADD_GATE_BAND20_UPPER01,earlier_diagnostic,STRESS,4,2015-09-29,2015-09-28,211285.68048,31903.999999999985,181.51264000000003,524.8000000000004,0.0,61,2,3,2015-12-30,2015-12-29,False,31197.687359999985,0.14765642086640657
ADD_GATE_BAND20_UPPER01,earlier_diagnostic,STRESS,5,2016-01-13,2016-01-12,6579.0,-666.0,10.0,14.000000000000234,102.0,10,1,1,2016-01-27,2016-01-26,False,-588.0000000000002,-0.08937528499772006
ADD_GATE_BAND20_UPPER01,earlier_diagnostic,STRESS,6,2016-05-03,2016-04-29,214401.52631999998,7322.399999999994,174.16464000000002,542.4000000000004,0.0,61,1,1,2016-07-29,2016-07-28,False,6605.835359999994,0.030810579912293204
ADD_GATE_BAND20_UPPER01,earlier_diagnostic,STRESS,7,2016-09-07,2016-09-06,274012.86131999997,-3613.499999999942,217.42028,642.4000000000005,0.0,17,1,1,2016-10-11,2016-10-10,False,-4473.320279999942,-0.016325220131823928
ADD_GATE_BAND20_UPPER01,earlier_diagnostic,STRESS,8,2017-02-13,2017-02-10,269630.20895999996,1893.600000000035,216.12287999999998,631.2000000000006,0.0,11,1,1,2017-02-28,2017-02-27,False,1046.2771200000343,0.0038804150470960436
ADD_GATE_BAND20_UPPER01,earlier_diagnostic,STRESS,9,2017-05-10,2017-05-09,6711.0,162.0,10.0,16.000000000000014,0.0,5,1,1,2017-05-17,2017-05-16,False,136.0,0.020265236179406943
ADD_GATE_BAND20_UPPER01,earlier_diagnostic,STRESS,10,2017-05-18,2017-05-17,244092.69804000002,27037.199999999997,205.78152,573.6000000000005,0.0,61,1,2,2017-08-15,2017-08-14,False,26257.818479999994,0.10757314205153759
ADD_GATE_BAND20_UPPER01,earlier_diagnostic,STRESS,11,2017-10-23,2017-10-20,297049.17216,7731.8000000000175,240.36920000000003,669.5999999999923,0.0,49,1,2,2017-12-29,2017-12-28,False,6821.830800000025,0.022965325068556572
ADD_GATE_BAND20_UPPER01,earlier_diagnostic,STRESS,12,2018-01-12,2018-01-11,231990.259,5613.5,187.5454,544.9999999999884,2507.0,7,1,1,2018-01-23,2018-01-22,False,7387.954600000012,0.0318459690154491
ADD_GATE_BAND20_UPPER01,earlier_diagnostic,STRESS,13,2018-02-13,2018-02-12,223194.14196000004,8705.70000000004,181.76136000000002,512.1000000000193,0.0,11,1,1,2018-03-07,2018-03-06,False,8011.838640000021,0.0358962765314686
ADD_GATE_BAND20_UPPER01,earlier_diagnostic,STRESS,14,2018-03-28,2018-03-27,7761.0,82.0,10.0,16.000000000000014,0.0,10,1,1,2018-04-13,2018-04-12,False,55.999999999999986,0.007215565004509726
ADD_GATE_BAND20_UPPER01,earlier_diagnostic,STRESS,15,2018-04-19,2018-04-18,7919.900000000001,23.099999999999454,10.0,16.79999999999908,0.0,10,1,1,2018-05-07,2018-05-04,False,-3.6999999999996263,-0.00046717761587894115
ADD_GATE_BAND20_UPPER01,earlier_diagnostic,STRESS,16,2018-06-25,2018-06-22,7674.200000000001,-415.8000000000002,10.0,16.800000000000015,0.0,3,1,1,2018-06-28,2018-06-27,False,-442.6000000000002,-0.05767376404055148
ADD_GATE_BAND20_UPPER01,earlier_diagnostic,STRESS,17,2018-10-09,2018-10-08,288543.3712,-10060.0,226.44320000000005,688.0000000000006,0.0,9,2,2,2018-10-22,2018-10-19,False,-10974.4432,-0.03803394669702258
ADD_GATE_BAND20_UPPER01,earlier_diagnostic,STRESS,18,2018-12-25,2018-12-24,7375.400000000001,148.80000000000018,10.0,19.200000000000017,0.0,10,1,1,2019-01-10,2019-01-09,False,119.60000000000016,0.01621606963690107
ADD_GATE_BAND20_UPPER01,earlier_diagnostic,STRESS,19,2019-02-28,2019-02-27,287650.41416,11900.0,234.5384,624.8000000000006,0.0,5,2,1,2019-03-07,2019-03-06,False,11040.6616,0.03838222041932762
ADD_GATE_BAND20_UPPER01,earlier_diagnostic,STRESS,20,2019-04-30,2019-04-29,7789.0,-400.0,10.0,16.000000000000014,0.0,2,1,1,2019-05-07,2019-05-06,False,-426.0,-0.054692515085376814
ADD_GATE_BAND20_UPPER01,earlier_diagnostic,STRESS,21,2019-05-31,2019-05-30,284866.50104,21711.79999999999,236.23687999999999,624.8000000000005,0.0,23,1,1,2019-07-04,2019-07-03,False,20850.76311999999,0.0731948580962568
ADD_GATE_BAND20_UPPER01,earlier_diagnostic,STRESS,22,2019-08-20,2019-08-19,331614.69284000003,1617.5,265.55308,698.9999999999986,0.0,28,2,1,2019-09-30,2019-09-27,False,652.9469200000012,0.001968992731920476
ADD_GATE_BAND20_UPPER01,earlier_diagnostic,STRESS,23,2019-11-12,2019-11-11,340022.15448,-1371.2000000000116,271.08624000000003,685.6000000000006,0.0,20,1,1,2019-12-10,2019-12-09,False,-2327.8862400000125,-0.006846278130200301
ADD_GATE_BAND20_UPPER01,earlier_diagnostic,STRESS,24,2019-12-30,2019-12-27,337058.7696,5292.0,271.32,839.999999999982,0.0,1,1,1,2019-12-31,2019-12-30,True,4180.6800000000185,0.012403415597111996
ADD_GATE_BAND20_LOWER00,evaluation,BASE,1,2020-01-02,2019-12-31,170726.33844000002,-1283.3999999999942,67.97052000000001,248.4000000000094,0.0,14,1,1,2020-01-22,2020-01-21,False,-1599.7705200000037,-0.00937037913785181
ADD_GATE_BAND20_LOWER00,evaluation,BASE,2,2020-02-05,2020-02-04,125341.66332,9552.300000000017,52.004000000000005,165.50000000001117,0.0,19,1,2,2020-03-03,2020-03-02,False,9334.796000000006,0.07447480552550247
ADD_GATE_BAND20_LOWER00,evaluation,BASE,3,2020-03-23,2020-03-20,4963.8,308.0,10.0,5.600000000000005,0.0,10,1,1,2020-04-07,2020-04-03,False,292.4,0.05890648293645996
ADD_GATE_BAND20_LOWER00,evaluation,BASE,4,2020-07-01,2020-06-30,194650.4223,23764.199999999983,82.54212000000001,276.6000000000105,0.0,5,2,1,2020-07-08,2020-07-07,False,23405.057879999975,0.12024149551511132
ADD_GATE_BAND20_LOWER00,evaluation,BASE,5,2020-08-19,2020-08-18,143778.95004000003,-1557.7999999999884,57.1524,180.60000000000684,0.0,31,2,1,2020-10-09,2020-09-30,False,-1795.552399999995,-0.012488284269014785
ADD_GATE_BAND20_LOWER00,evaluation,BASE,6,2020-12-15,2020-12-14,219587.80878000002,23197.199999999983,92.40432000000001,263.40000000001,1799.9999999999998,25,1,2,2021-01-20,2021-01-19,False,24641.395679999972,0.11221659261005523
ADD_GATE_BAND20_LOWER00,evaluation,BASE,7,2021-02-03,2021-02-02,42312.26076,1932.7000000000044,17.29882,46.20000000000175,0.0,7,1,1,2021-02-19,2021-02-18,False,1869.2011800000028,0.044176348567199625
ADD_GATE_BAND20_LOWER00,evaluation,BASE,8,2021-03-11,2021-03-10,6037.400000000001,-141.60000000000036,10.0,7.199999999999207,0.0,10,1,1,2021-03-25,2021-03-24,False,-158.79999999999956,-0.026302713088415468
ADD_GATE_BAND20_LOWER00,evaluation,BASE,9,2021-06-08,2021-06-07,490077.73202,-5956.599999999933,200.89231999999998,558.0000000000211,0.0,31,4,5,2021-07-22,2021-07-21,False,-6715.492319999954,-0.01370291258147982
ADD_GATE_BAND20_LOWER00,evaluation,BASE,10,2021-07-29,2021-07-28,249071.40432,8178.799999999959,101.18344,304.7999999999664,0.0,10,1,1,2021-08-12,2021-08-11,False,7772.816559999993,0.031207181656283972
ADD_GATE_BAND20_LOWER00,evaluation,BASE,11,2021-10-29,2021-10-28,313308.54918,7109.799999999988,126.64484000000002,377.3999999999745,0.0,32,3,2,2021-12-14,2021-12-13,False,6605.755160000014,0.021083865018330282
ADD_GATE_BAND20_LOWER00,evaluation,BASE,12,2022-01-10,2022-01-07,6363.3,-166.39999999999964,10.0,7.800000000000296,97.5,10,1,1,2022-01-24,2022-01-21,False,-86.69999999999993,-0.013625005893168628
ADD_GATE_BAND20_LOWER00,evaluation,BASE,13,2022-01-27,2022-01-26,6109.799999999999,-114.39999999999873,10.0,7.800000000000296,0.0,10,1,1,2022-02-17,2022-02-16,False,-132.19999999999902,-0.02163736947199565
ADD_GATE_BAND20_LOWER00,evaluation,BASE,14,2022-03-11,2022-03-10,6351.5,-289.5,10.0,9.000000000000341,0.0,3,1,1,2022-03-16,2022-03-15,False,-308.50000000000034,-0.04857120365268052
ADD_GATE_BAND20_LOWER00,evaluation,BASE,15,2022-04-25,2022-04-22,6320.2,16.0,10.0,6.400000000000006,0.0,10,1,1,2022-05-12,2022-05-11,False,-0.4000000000000057,-6.328913641973446e-05
ADD_GATE_BAND20_LOWER00,evaluation,BASE,16,2022-05-13,2022-05-12,445163.0148,6746.700000000012,179.25990000000002,595.1999999999648,0.0,20,3,2,2022-06-13,2022-06-10,False,5972.240100000046,0.013415849703244588
ADD_GATE_BAND20_LOWER00,evaluation,BASE,17,2022-08-05,2022-08-04,241765.9119,-2049.6999999999825,99.87574000000001,345.0000000000131,0.0,21,2,2,2022-09-05,2022-09-02,False,-2494.5757399999957,-0.010318145020509798
ADD_GATE_BAND20_LOWER00,evaluation,BASE,18,2022-09-21,2022-09-20,6376.200000000001,-308.8000000000002,10.0,6.400000000000006,0.0,10,1,1,2022-10-12,2022-10-11,False,-325.20000000000016,-0.05100216429848501
ADD_GATE_BAND20_LOWER00,evaluation,BASE,19,2022-10-27,2022-10-26,6364.7,120.69999999999982,10.0,6.800000000000006,0.0,7,1,1,2022-11-07,2022-11-04,False,103.8999999999998,0.016324414347887537
ADD_GATE_BAND20_LOWER00,evaluation,BASE,20,2023-01-17,2023-01-16,196559.70408,-1042.7999999999593,78.34272,284.4000000000108,0.0,2,1,1,2023-01-19,2023-01-18,False,-1405.5427199999701,-0.007150716504069994
ADD_GATE_BAND20_LOWER00,evaluation,BASE,21,2023-04-03,2023-03-31,257822.35416,1844.3999999999942,103.40088000000002,381.59999999995796,0.0,7,1,1,2023-04-13,2023-04-12,False,1359.3991200000364,0.005272619298000891
ADD_GATE_BAND20_LOWER00,evaluation,BASE,22,2023-05-29,2023-05-26,6567.0,-30.600000000000364,10.0,6.799999999999251,0.0,10,1,1,2023-06-12,2023-06-09,False,-47.399999999999615,-0.007217907720420224
ADD_GATE_BAND20_LOWER00,evaluation,BASE,23,2023-08-23,2023-08-22,6485.400000000001,170.0,10.0,6.800000000000761,0.0,9,1,1,2023-09-05,2023-09-04,False,153.19999999999925,0.023622290066919426
ADD_GATE_BAND20_LOWER00,evaluation,BASE,24,2023-10-18,2023-10-17,6296.7,-32.30000000000018,10.0,6.800000000000761,0.0,10,1,1,2023-11-01,2023-10-31,False,-49.100000000000946,-0.007797735321676584
ADD_GATE_BAND20_LOWER00,evaluation,BASE,25,2023-11-29,2023-11-28,6463.400000000001,-187.19999999999982,10.0,7.200000000000806,0.0,10,1,1,2023-12-13,2023-12-12,False,-204.40000000000063,-0.031624222545409635
ADD_GATE_BAND20_LOWER00,evaluation,BASE,26,2024-02-19,2024-02-08,238801.95084,6792.600000000006,96.80372,282.39999999998906,0.0,5,2,1,2024-02-26,2024-02-23,False,6413.396280000017,0.026856548941248243
ADD_GATE_BAND20_LOWER00,evaluation,BASE,27,2024-03-05,2024-03-04,271566.70248,6948.0,109.93280000000001,308.79999999996596,0.0,54,1,1,2024-05-27,2024-05-24,False,6529.267200000035,0.02404295939219903
ADD_GATE_BAND20_LOWER00,evaluation,BASE,28,2024-06-04,2024-06-03,190145.4577,374.0,79.71054000000001,213.6000000000002,0.0,32,2,1,2024-07-19,2024-07-18,False,80.68945999999977,0.0004243564951591256
ADD_GATE_BAND20_LOWER00,evaluation,BASE,29,2024-08-02,2024-08-01,225767.54448,-3846.8000000000175,89.46744000000001,260.80000000000024,0.0,3,1,1,2024-08-07,2024-08-06,False,-4197.067440000018,-0.018590216098894684
ADD_GATE_BAND20_LOWER00,evaluation,BASE,30,2024-08-28,2024-08-27,274198.42871999997,-10136.5,111.2627,325.19999999999936,0.0,15,1,2,2024-09-20,2024-09-19,False,-10572.962699999998,-0.03855953059015035
ADD_GATE_BAND20_LOWER00,evaluation,BASE,31,2024-09-25,2024-09-24,264321.55374,78347.29999999999,121.30124,378.49999999995833,0.0,4,1,2,2024-10-08,2024-09-30,False,77847.49876000003,0.29451816417731397
ADD_GATE_BAND20_LOWER00,evaluation,BASE,32,2024-10-09,2024-10-08,111939.18336000001,-6394.5,43.456500000000005,156.60000000000593,0.0,10,1,1,2024-10-23,2024-10-22,False,-6594.556500000006,-0.05891195827998584
ADD_GATE_BAND20_LOWER00,evaluation,BASE,33,2025-01-08,2025-01-07,8136.2,96.60000000000036,10.0,8.399999999999075,0.0,10,1,1,2025-01-22,2025-01-21,False,78.2000000000013,0.00961136648558311
ADD_GATE_BAND20_LOWER00,evaluation,BASE,34,2025-04-09,2025-04-08,335758.03818000003,13480.700000000012,136.90058,359.6000000000281,0.0,11,2,1,2025-04-24,2025-04-23,False,12984.199419999984,0.038671298803095666
ADD_GATE_BAND20_LOWER00,evaluation,BASE,35,2025-06-03,2025-05-30,616170.6094800001,19141.0,250.10540000000003,708.8000000000395,4496.8,41,6,3,2025-07-30,2025-07-29,False,22678.89459999996,0.03680619336767649
ADD_GATE_BAND20_LOWER00,evaluation,BASE,36,2025-09-05,2025-09-04,371009.08698,14979.599999999977,151.26992,499.799999999961,0.0,7,1,2,2025-09-16,2025-09-15,False,14328.530080000015,0.038620428940524636
ADD_GATE_BAND20_LOWER00,evaluation,BASE,37,2025-11-26,2025-11-25,9211.0,222.0,10.0,12.000000000000455,0.0,8,1,1,2025-12-08,2025-12-05,False,199.99999999999955,0.021713169037020905
ADD_GATE_BAND20_LOWER00,evaluation,BASE,38,2025-12-19,2025-12-18,423970.87722,2155.199999999997,169.87724000000003,541.1999999999556,5682.6,35,2,4,2026-02-10,2026-02-09,False,7126.722760000042,0.016809462967669733
ADD_GATE_BAND20_LOWER00,evaluation,BASE,39,2026-03-25,2026-03-24,9482.3,132.3000000000011,10.0,12.600000000000477,0.0,10,1,1,2026-04-09,2026-04-08,False,109.70000000000061,0.011568923151556122
ADD_GATE_BAND20_LOWER00,evaluation,BASE,40,2026-05-06,2026-04-30,361839.05334,-1708.899999999965,144.27574,445.8000000000169,0.0,9,1,1,2026-05-19,2026-05-18,False,-2298.975739999982,-0.006353586542909073
ADD_GATE_BAND20_LOWER00,evaluation,BASE,41,2026-06-05,2026-06-04,389108.20608,3187.7999999999884,156.15468,475.19999999999163,0.0,12,1,2,2026-06-24,2026-06-23,False,2556.4453199999966,0.006570011323468197
ADD_GATE_BAND20_LOWER00,evaluation,BASE,42,2026-07-21,2026-07-20,325495.31984,-8489.700000000012,134.57914000000002,410.9999999999565,0.0,10,2,2,2026-08-04,2026-08-03,False,-9035.279139999968,-0.027758553162734678
ADD_GATE_BAND20_LOWER00,evaluation,BASE,43,2026-08-07,2026-08-06,279299.54874,1838.2999999999884,111.99398000000002,355.8000000000135,0.0,5,1,1,2026-08-14,2026-08-13,True,1370.5060199999748,0.00490693961441298
ADD_GATE_BAND20_LOWER00,evaluation,STRESS,1,2020-01-02,2019-12-31,170843.31,-1283.3999999999942,135.94104000000002,413.9999999999912,0.0,14,1,1,2020-01-22,2020-01-21,False,-1833.3410399999852,-0.010731125731525485
ADD_GATE_BAND20_LOWER00,evaluation,STRESS,2,2020-02-05,2020-02-04,125054.00160000002,9525.0,103.69440000000002,297.00000000001125,0.0,19,1,2,2020-03-03,2020-03-02,False,9124.305599999989,0.07296292388295704
ADD_GATE_BAND20_LOWER00,evaluation,STRESS,3,2020-03-23,2020-03-20,4966.6,308.0,10.0,11.199999999999388,0.0,10,1,1,2020-04-07,2020-04-03,False,286.80000000000064,0.05774574155357803
ADD_GATE_BAND20_LOWER00,evaluation,STRESS,4,2020-07-01,2020-06-30,194362.2138,23709.5,164.72740000000002,460.00000000000574,0.0,5,2,1,2020-07-08,2020-07-07,False,23084.772599999993,0.11877191635486503
ADD_GATE_BAND20_LOWER00,evaluation,STRESS,5,2020-08-19,2020-08-18,143380.52928000002,-1543.2000000000116,113.92128,299.99999999999363,0.0,31,2,1,2020-10-09,2020-09-30,False,-1957.1212800000053,-0.013649839973585603
ADD_GATE_BAND20_LOWER00,evaluation,STRESS,6,2020-12-15,2020-12-14,218218.05232000002,23023.799999999974,183.52232000000004,479.60000000000525,1792.8,25,1,2,2021-01-20,2021-01-19,False,24153.477679999967,0.1106850575523456
ADD_GATE_BAND20_LOWER00,evaluation,STRESS,7,2021-02-03,2021-02-02,42343.830760000004,1932.7000000000044,34.59764,92.4000000000035,0.0,7,1,1,2021-02-19,2021-02-18,False,1805.702360000001,0.04264381204040125
ADD_GATE_BAND20_LOWER00,evaluation,STRESS,8,2021-03-11,2021-03-10,6041.0,-141.60000000000036,10.0,13.200000000000145,0.0,10,1,1,2021-03-25,2021-03-24,False,-164.80000000000052,-0.027280251613971282
ADD_GATE_BAND20_LOWER00,evaluation,STRESS,9,2021-06-08,2021-06-07,486762.22704,-5852.999999999971,389.8061600000001,1107.6000000000224,0.0,31,4,5,2021-07-22,2021-07-21,False,-7350.406159999993,-0.015100609192085007
ADD_GATE_BAND20_LOWER00,evaluation,STRESS,10,2021-07-29,2021-07-28,246769.86847999998,8098.299999999959,200.35496,553.2999999999614,0.0,10,1,1,2021-08-12,2021-08-11,False,7344.6450399999985,0.029763135528822725
ADD_GATE_BAND20_LOWER00,evaluation,STRESS,11,2021-10-29,2021-10-28,309504.85244,7052.0,250.05952000000002,665.3999999999717,0.0,32,3,2,2021-12-14,2021-12-13,False,6136.540480000029,0.01982696048744388
ADD_GATE_BAND20_LOWER00,evaluation,STRESS,12,2022-01-10,2022-01-07,6365.9,-166.39999999999964,10.0,12.999999999999723,97.5,10,1,1,2022-01-24,2022-01-21,False,-91.89999999999935,-0.014436293375641993
ADD_GATE_BAND20_LOWER00,evaluation,STRESS,13,2022-01-27,2022-01-26,6112.400000000001,-114.39999999999873,10.0,13.000000000000878,0.0,10,1,1,2022-02-17,2022-02-16,False,-137.3999999999996,-0.022478895360251227
ADD_GATE_BAND20_LOWER00,evaluation,STRESS,14,2022-03-11,2022-03-10,6354.499999999999,-289.5,10.0,14.99999999999968,0.0,3,1,1,2022-03-16,2022-03-15,False,-314.49999999999966,-0.04949248564009752
ADD_GATE_BAND20_LOWER00,evaluation,STRESS,15,2022-04-25,2022-04-22,6323.400000000001,16.0,10.0,12.800000000000722,0.0,10,1,1,2022-05-12,2022-05-11,False,-6.800000000000722,-0.0010753708447987984
ADD_GATE_BAND20_LOWER00,evaluation,STRESS,16,2022-05-13,2022-05-12,440570.15760000004,6665.8000000000175,354.57372000000004,1019.5000000000471,0.0,20,3,2,2022-06-13,2022-06-10,False,5291.72627999997,0.012011086517585706
ADD_GATE_BAND20_LOWER00,evaluation,STRESS,17,2022-08-05,2022-08-04,238565.79056,-2015.0999999999767,192.24488000000002,566.9999999999892,0.0,21,2,2,2022-09-05,2022-09-02,False,-2774.344879999966,-0.01162926534222521
ADD_GATE_BAND20_LOWER00,evaluation,STRESS,18,2022-09-21,2022-09-20,6379.4,-308.8000000000002,10.0,12.800000000000011,0.0,10,1,1,2022-10-12,2022-10-11,False,-331.6000000000002,-0.051979810013480926
ADD_GATE_BAND20_LOWER00,evaluation,STRESS,19,2022-10-27,2022-10-26,6368.099999999999,120.69999999999982,10.0,13.600000000000012,0.0,7,1,1,2022-11-07,2022-11-04,False,97.09999999999981,0.015247876132598391
ADD_GATE_BAND20_LOWER00,evaluation,STRESS,20,2023-01-17,2023-01-16,193789.08464,-1027.399999999965,154.37151999999998,467.0000000000315,0.0,2,1,1,2023-01-19,2023-01-18,False,-1648.7715199999966,-0.008508072180963663
ADD_GATE_BAND20_LOWER00,evaluation,STRESS,21,2023-04-03,2023-03-31,253538.87499999997,1812.499999999971,203.22500000000002,624.9999999999867,0.0,7,1,1,2023-04-13,2023-04-12,False,984.2749999999843,0.0038821462783566597
ADD_GATE_BAND20_LOWER00,evaluation,STRESS,22,2023-05-29,2023-05-26,6184.2,-28.800000000000182,10.0,12.7999999999993,0.0,10,1,1,2023-06-12,2023-06-09,False,-51.59999999999948,-0.0083438439895216
ADD_GATE_BAND20_LOWER00,evaluation,STRESS,23,2023-08-23,2023-08-22,6488.8,170.0,10.0,13.600000000000012,0.0,9,1,1,2023-09-05,2023-09-04,False,146.39999999999998,0.022561952903464428
ADD_GATE_BAND20_LOWER00,evaluation,STRESS,24,2023-10-18,2023-10-17,6300.1,-32.30000000000018,10.0,13.600000000000767,0.0,10,1,1,2023-11-01,2023-10-31,False,-55.90000000000095,-0.008872875033729773
ADD_GATE_BAND20_LOWER00,evaluation,STRESS,25,2023-11-29,2023-11-28,6467.0,-187.19999999999982,10.0,14.400000000000013,0.0,10,1,1,2023-12-13,2023-12-12,False,-211.59999999999982,-0.032719962888510874
ADD_GATE_BAND20_LOWER00,evaluation,STRESS,26,2024-02-19,2024-02-08,234590.59872,6667.200000000012,190.04256000000004,554.4000000000005,0.0,5,2,1,2024-02-26,2024-02-23,False,5922.757440000011,0.02524720714434609
ADD_GATE_BAND20_LOWER00,evaluation,STRESS,27,2024-03-05,2024-03-04,266494.85532,6813.0,215.5936,605.6000000000006,0.0,54,1,1,2024-05-27,2024-05-24,False,5991.8063999999995,0.02248376011914075
ADD_GATE_BAND20_LOWER00,evaluation,STRESS,28,2024-06-04,2024-06-03,186014.04731999998,364.3999999999942,151.00099999999998,417.60000000000036,0.0,32,2,1,2024-07-19,2024-07-18,False,-204.20100000000616,-0.001097771931432249
ADD_GATE_BAND20_LOWER00,evaluation,STRESS,29,2024-08-02,2024-08-01,219705.44704,-3740.600000000006,173.99496000000002,507.1999999999723,0.0,3,1,1,2024-08-07,2024-08-06,False,-4421.794959999978,-0.020126014259423154
ADD_GATE_BAND20_LOWER00,evaluation,STRESS,30,2024-08-28,2024-08-27,268340.2932,-9912.8,212.89384,636.0000000000006,0.0,15,1,2,2024-09-20,2024-09-19,False,-10761.69384,-0.040104651119163344
ADD_GATE_BAND20_LOWER00,evaluation,STRESS,31,2024-09-25,2024-09-24,257886.51335999998,76194.90000000002,236.43900000000002,664.1999999999923,0.0,4,1,2,2024-10-08,2024-09-30,False,75294.26100000003,0.29196664850360765
ADD_GATE_BAND20_LOWER00,evaluation,STRESS,32,2024-10-09,2024-10-08,109009.5864,-6223.0,84.58200000000001,253.9999999999946,0.0,10,1,1,2024-10-23,2024-10-22,False,-6561.581999999995,-0.060192706134329435
ADD_GATE_BAND20_LOWER00,evaluation,STRESS,33,2025-01-08,2025-01-07,8140.400000000001,96.60000000000036,10.0,16.800000000000015,0.0,10,1,1,2025-01-22,2025-01-21,False,69.80000000000035,0.00857451722274094
ADD_GATE_BAND20_LOWER00,evaluation,STRESS,34,2025-04-09,2025-04-08,326656.21024000004,13110.799999999988,266.18512,699.2000000000277,0.0,11,2,1,2025-04-24,2025-04-23,False,12145.41487999996,0.0371810316144809
ADD_GATE_BAND20_LOWER00,evaluation,STRESS,35,2025-06-03,2025-05-30,601827.53476,18582.40000000008,488.183,1298.699999999991,4479.2,41,6,3,2025-07-30,2025-07-29,False,21274.71700000009,0.035350188835218614
ADD_GATE_BAND20_LOWER00,evaluation,STRESS,36,2025-09-05,2025-09-04,359662.3074,14509.399999999965,293.09576,806.9999999999828,0.0,7,1,2,2025-09-16,2025-09-15,False,13409.304239999981,0.03728304012988152
ADD_GATE_BAND20_LOWER00,evaluation,STRESS,37,2025-11-26,2025-11-25,9215.0,222.0,10.0,20.00000000000135,0.0,8,1,1,2025-12-08,2025-12-05,False,191.99999999999864,0.020835594139989
ADD_GATE_BAND20_LOWER00,evaluation,STRESS,38,2025-12-19,2025-12-18,410120.48260000005,2055.699999999997,328.43868000000003,872.0000000000359,5522.7,35,2,4,2026-02-10,2026-02-09,False,6377.96131999996,0.015551433275329807
ADD_GATE_BAND20_LOWER00,evaluation,STRESS,39,2026-03-25,2026-03-24,9486.5,132.3000000000011,10.0,20.999999999999552,0.0,10,1,1,2026-04-09,2026-04-08,False,101.30000000000155,0.010678332367048073
ADD_GATE_BAND20_LOWER00,evaluation,STRESS,40,2026-05-06,2026-04-30,350364.98996000004,-1653.6999999999534,279.23084000000006,719.0000000000485,0.0,9,1,1,2026-05-19,2026-05-18,False,-2651.9308400000023,-0.0075690520342879125
ADD_GATE_BAND20_LOWER00,evaluation,STRESS,41,2026-06-05,2026-06-04,376562.96495999995,3092.600000000035,302.06056,765.9999999999836,0.0,12,1,2,2026-06-24,2026-06-23,False,2024.5394400000514,0.005376363658638353
ADD_GATE_BAND20_LOWER00,evaluation,STRESS,42,2026-07-21,2026-07-20,313810.728,-8181.400000000034,250.15915999999999,659.9999999999877,0.0,10,2,2,2026-08-04,2026-08-03,False,-9091.55916000002,-0.028971473403547953
ADD_GATE_BAND20_LOWER00,evaluation,STRESS,43,2026-08-07,2026-08-06,269576.98768,1773.2000000000116,216.05584000000002,571.9999999999878,0.0,5,1,1,2026-08-14,2026-08-13,True,985.1441600000238,0.0036544074792075137
ADD_GATE_BAND20_LOWER00,earlier_diagnostic,BASE,1,2015-01-05,2014-12-31,241067.00376,40038.600000000006,104.35004,326.0000000000006,899.5000000000001,88,4,4,2015-05-18,2015-05-15,False,40507.74996000001,0.16803523223082187
ADD_GATE_BAND20_LOWER00,earlier_diagnostic,BASE,2,2015-06-03,2015-06-02,43860.2703,-6060.5,16.3183,50.99999999999439,0.0,17,1,1,2015-06-29,2015-06-26,False,-6127.818299999994,-0.1397122785173532
ADD_GATE_BAND20_LOWER00,earlier_diagnostic,BASE,3,2015-08-27,2015-08-26,5942.5,522.4999999999991,10.0,7.600000000000007,0.0,10,1,1,2015-09-14,2015-09-11,False,504.89999999999907,0.08496424063946136
ADD_GATE_BAND20_LOWER00,earlier_diagnostic,BASE,4,2015-09-29,2015-09-28,215061.40368000002,24829.800000000017,90.92148000000002,259.2000000000127,0.0,61,2,3,2015-12-30,2015-12-29,False,24479.678520000005,0.11382646119256466
ADD_GATE_BAND20_LOWER00,earlier_diagnostic,BASE,5,2016-01-13,2016-01-12,6246.5,-632.6999999999998,10.0,7.6000000000008505,96.89999999999999,10,1,1,2016-01-27,2016-01-26,False,-553.4000000000007,-0.08859361242295696
ADD_GATE_BAND20_LOWER00,earlier_diagnostic,BASE,6,2016-05-03,2016-04-29,207271.84608000002,7084.799999999988,84.25664,262.40000000002937,0.0,61,1,1,2016-07-29,2016-07-28,False,6738.143359999959,0.032508724592529854
ADD_GATE_BAND20_LOWER00,earlier_diagnostic,BASE,7,2016-09-07,2016-09-06,264250.3395,-3487.5,104.9195,310.0000000000347,0.0,17,1,1,2016-10-11,2016-10-10,False,-3902.4195000000345,-0.014767888311454883
ADD_GATE_BAND20_LOWER00,earlier_diagnostic,BASE,8,2017-02-13,2017-02-10,261564.70248000004,1838.3999999999942,104.91136000000002,306.4000000000003,0.0,11,1,1,2017-02-28,2017-02-27,False,1427.0886399999938,0.005455967974536293
ADD_GATE_BAND20_LOWER00,earlier_diagnostic,BASE,9,2017-05-10,2017-05-09,6371.9,153.89999999999964,10.0,7.600000000000007,0.0,5,1,1,2017-05-17,2017-05-16,False,136.29999999999964,0.021390793954707332
ADD_GATE_BAND20_LOWER00,earlier_diagnostic,BASE,10,2017-05-18,2017-05-17,237097.10994000002,26284.000000000015,100.02092000000002,278.80000000000024,0.0,61,1,2,2017-08-15,2017-08-14,False,25905.179080000016,0.10925978425698905
ADD_GATE_BAND20_LOWER00,earlier_diagnostic,BASE,11,2017-10-23,2017-10-20,288861.36072,7522.6999999999825,116.95357999999999,361.99999999999227,0.0,49,1,2,2017-12-29,2017-12-28,False,7043.74641999999,0.024384522742824218
ADD_GATE_BAND20_LOWER00,earlier_diagnostic,BASE,12,2018-01-12,2018-01-11,225879.46686000002,5469.299999999988,91.36386000000002,318.5999999999649,2442.6,7,1,1,2018-01-23,2018-01-22,False,7501.936140000023,0.03321212080179789
ADD_GATE_BAND20_LOWER00,earlier_diagnostic,BASE,13,2018-02-13,2018-02-12,217156.02252,8476.20000000004,88.48488,277.0000000000187,0.0,11,1,1,2018-03-07,2018-03-06,False,8110.715120000022,0.03734971301223307
ADD_GATE_BAND20_LOWER00,earlier_diagnostic,BASE,14,2018-03-28,2018-03-27,7369.4,77.89999999999964,10.0,7.599999999999163,0.0,10,1,1,2018-04-13,2018-04-12,False,60.30000000000047,0.008182484327082323
ADD_GATE_BAND20_LOWER00,earlier_diagnostic,BASE,15,2018-04-19,2018-04-18,7539.0,22.0,10.0,7.999999999999119,0.0,10,1,1,2018-05-07,2018-05-04,False,4.000000000000881,0.0005305743467304524
ADD_GATE_BAND20_LOWER00,earlier_diagnostic,BASE,16,2018-06-25,2018-06-22,7670.0,-415.8000000000002,10.0,8.400000000000007,0.0,3,1,1,2018-06-28,2018-06-27,False,-434.2000000000002,-0.056610169491525454
ADD_GATE_BAND20_LOWER00,earlier_diagnostic,BASE,17,2018-10-09,2018-10-08,281273.34342000005,-9807.099999999977,110.45830000000001,335.6000000000003,0.0,9,2,2,2018-10-22,2018-10-19,False,-10253.158299999977,-0.03645264842850701
ADD_GATE_BAND20_LOWER00,earlier_diagnostic,BASE,18,2018-12-25,2018-12-24,7370.599999999999,148.80000000000018,10.0,9.599999999998943,0.0,10,1,1,2019-01-10,2019-01-09,False,129.20000000000124,0.01752910210837669
ADD_GATE_BAND20_LOWER00,earlier_diagnostic,BASE,19,2019-02-28,2019-02-27,281806.14996,9099.0,114.459,303.60000000000025,0.0,5,2,1,2019-03-07,2019-03-06,False,8680.940999999999,0.030804654196624825
ADD_GATE_BAND20_LOWER00,earlier_diagnostic,BASE,20,2019-04-30,2019-04-29,7396.0,-379.9999999999991,10.0,7.6000000000008505,0.0,2,1,1,2019-05-07,2019-05-06,False,-397.59999999999997,-0.053758788534342884
ADD_GATE_BAND20_LOWER00,earlier_diagnostic,BASE,21,2019-05-31,2019-05-30,276270.44304,11597.400000000023,112.74492000000001,303.2000000000003,0.0,17,1,1,2019-06-26,2019-06-25,False,11181.455080000023,0.04047286042242713
ADD_GATE_BAND20_LOWER00,earlier_diagnostic,BASE,22,2019-08-20,2019-08-19,292115.81148000003,4472.200000000012,117.65675999999999,303.2000000000339,0.0,28,1,1,2019-09-30,2019-09-27,False,4051.343239999978,0.013868962516865872
ADD_GATE_BAND20_LOWER00,earlier_diagnostic,BASE,23,2019-11-12,2019-11-11,324320.05104,-1308.8000000000466,129.37488000000002,327.2000000000003,0.0,20,1,1,2019-12-10,2019-12-09,False,-1765.374880000047,-0.005443310934180615
ADD_GATE_BAND20_LOWER00,earlier_diagnostic,BASE,24,2019-12-30,2019-12-27,321987.08454,5058.899999999965,129.6845,481.80000000001826,0.0,1,1,1,2019-12-31,2019-12-30,True,4447.415499999946,0.013812403396097865
ADD_GATE_BAND20_LOWER00,earlier_diagnostic,STRESS,1,2015-01-05,2014-12-31,240910.22556,39960.59999999999,208.39668000000003,596.6999999999945,899.5000000000001,88,4,4,2015-05-18,2015-05-15,False,40055.003319999996,0.16626526842889897
ADD_GATE_BAND20_LOWER00,earlier_diagnostic,STRESS,2,2015-06-03,2015-06-02,43894.5508,-6060.5,32.64,93.50000000000102,0.0,17,1,1,2015-06-29,2015-06-26,False,-6186.640000000001,-0.1409432352591703
ADD_GATE_BAND20_LOWER00,earlier_diagnostic,STRESS,3,2015-08-27,2015-08-26,5946.3,522.4999999999991,10.0,15.200000000000014,0.0,10,1,1,2015-09-14,2015-09-11,False,497.2999999999991,0.08363183828599281
ADD_GATE_BAND20_LOWER00,earlier_diagnostic,STRESS,4,2015-09-29,2015-09-28,214575.09572,24766.50000000003,181.29131999999998,516.8000000000004,0.0,61,2,3,2015-12-30,2015-12-29,False,24068.40868000003,0.11216776392078139
ADD_GATE_BAND20_LOWER00,earlier_diagnostic,STRESS,5,2016-01-13,2016-01-12,6250.3,-632.6999999999998,10.0,13.300000000000223,96.89999999999999,10,1,1,2016-01-27,2016-01-26,False,-559.1,-0.08945170631809674
ADD_GATE_BAND20_LOWER00,earlier_diagnostic,STRESS,6,2016-05-03,2016-04-29,206812.09175999998,7063.200000000012,167.99952000000002,523.2000000000005,0.0,61,1,1,2016-07-29,2016-07-28,False,6372.000480000011,0.030810579912293284
ADD_GATE_BAND20_LOWER00,earlier_diagnostic,STRESS,7,2016-09-07,2016-09-06,264117.00456000003,-3482.999999999971,209.56824000000003,619.2000000000005,0.0,17,1,1,2016-10-11,2016-10-10,False,-4311.768239999971,-0.01632522013182403
ADD_GATE_BAND20_LOWER00,earlier_diagnostic,STRESS,8,2017-02-13,2017-02-10,259719.8464,1824.0,208.1792,608.0000000000006,0.0,11,1,1,2017-02-28,2017-02-27,False,1007.8207999999994,0.0038804150470959134
ADD_GATE_BAND20_LOWER00,earlier_diagnostic,STRESS,9,2017-05-10,2017-05-09,6375.700000000001,153.89999999999964,10.0,15.200000000000014,0.0,5,1,1,2017-05-17,2017-05-16,False,128.69999999999962,0.020186018790093574
ADD_GATE_BAND20_LOWER00,earlier_diagnostic,STRESS,10,2017-05-18,2017-05-17,235581.79504,26096.800000000003,198.60736,553.6000000000005,0.0,61,1,2,2017-08-15,2017-08-14,False,25344.59264,0.10758298465166495
ADD_GATE_BAND20_LOWER00,earlier_diagnostic,STRESS,11,2017-10-23,2017-10-20,286269.16188,7445.499999999971,231.64384,645.2999999999926,0.0,49,1,2,2017-12-29,2017-12-28,False,6568.556159999978,0.022945385094442775
ADD_GATE_BAND20_LOWER00,earlier_diagnostic,STRESS,12,2018-01-12,2018-01-11,223476.855,5407.5,180.663,524.9999999999889,2415.0,7,1,1,2018-01-23,2018-01-22,False,7116.83700000001,0.031845969015449095
ADD_GATE_BAND20_LOWER00,earlier_diagnostic,STRESS,13,2018-02-13,2018-02-12,214956.74832,8384.400000000052,175.05312000000004,493.2000000000187,0.0,11,1,1,2018-03-07,2018-03-06,False,7716.146880000033,0.035896276531468665
ADD_GATE_BAND20_LOWER00,earlier_diagnostic,STRESS,14,2018-03-28,2018-03-27,7373.2,77.89999999999964,10.0,15.200000000000014,0.0,10,1,1,2018-04-13,2018-04-12,False,52.69999999999962,0.007147507188195033
ADD_GATE_BAND20_LOWER00,earlier_diagnostic,STRESS,15,2018-04-19,2018-04-18,7543.0,22.0,10.0,15.999999999999126,0.0,10,1,1,2018-05-07,2018-05-04,False,-3.999999999999126,-0.0005302929868751327
ADD_GATE_BAND20_LOWER00,earlier_diagnostic,STRESS,16,2018-06-25,2018-06-22,7674.200000000001,-415.8000000000002,10.0,16.800000000000015,0.0,3,1,1,2018-06-28,2018-06-27,False,-442.6000000000002,-0.05767376404055148
ADD_GATE_BAND20_LOWER00,earlier_diagnostic,STRESS,17,2018-10-09,2018-10-08,278142.61256,-9700.399999999994,218.27967999999998,663.2000000000006,0.0,9,2,2,2018-10-22,2018-10-19,False,-10581.879679999995,-0.038044798611062546
ADD_GATE_BAND20_LOWER00,earlier_diagnostic,STRESS,18,2018-12-25,2018-12-24,7068.3,142.59999999999945,10.0,18.400000000000016,0.0,10,1,1,2019-01-10,2019-01-09,False,114.19999999999943,0.016156643040051984
ADD_GATE_BAND20_LOWER00,earlier_diagnostic,STRESS,19,2019-02-28,2019-02-27,277554.4774,8956.299999999988,225.29828000000003,597.6000000000006,0.0,5,2,1,2019-03-07,2019-03-06,False,8133.401719999987,0.029303802972987052
ADD_GATE_BAND20_LOWER00,earlier_diagnostic,STRESS,20,2019-04-30,2019-04-29,7399.8,-379.9999999999991,10.0,15.200000000000014,0.0,2,1,1,2019-05-07,2019-05-06,False,-405.1999999999991,-0.05475823670910012
ADD_GATE_BAND20_LOWER00,earlier_diagnostic,STRESS,21,2019-05-31,2019-05-30,272100.39664,20738.79999999999,225.65008,596.8000000000005,0.0,23,1,1,2019-07-04,2019-07-03,False,19916.34991999999,0.0731948580962568
ADD_GATE_BAND20_LOWER00,earlier_diagnostic,STRESS,22,2019-08-20,2019-08-19,316948.62876,1403.7000000000116,253.75188000000003,667.7999999999986,0.0,28,2,1,2019-09-30,2019-09-27,False,482.148120000013,0.001521218507511214
ADD_GATE_BAND20_LOWER00,earlier_diagnostic,STRESS,23,2019-11-12,2019-11-11,324945.32616,-1310.399999999965,259.06608,655.2000000000006,0.0,20,1,1,2019-12-10,2019-12-09,False,-2224.666079999966,-0.00684627813020016
ADD_GATE_BAND20_LOWER00,earlier_diagnostic,STRESS,24,2019-12-30,2019-12-27,322212.13331999996,5058.899999999965,259.369,802.9999999999828,0.0,1,1,1,2019-12-31,2019-12-30,True,3996.5309999999827,0.012403415597111889
ADD_GATE_BAND20_LOWER01,evaluation,BASE,1,2020-01-02,2019-12-31,170726.33844000002,-1283.3999999999942,67.97052000000001,248.4000000000094,0.0,14,1,1,2020-01-22,2020-01-21,False,-1599.7705200000037,-0.00937037913785181
ADD_GATE_BAND20_LOWER01,evaluation,BASE,2,2020-02-05,2020-02-04,125341.66332,9552.300000000017,52.004000000000005,165.50000000001117,0.0,19,1,2,2020-03-03,2020-03-02,False,9334.796000000006,0.07447480552550247
ADD_GATE_BAND20_LOWER01,evaluation,BASE,3,2020-03-23,2020-03-20,4963.8,308.0,10.0,5.600000000000005,0.0,10,1,1,2020-04-07,2020-04-03,False,292.4,0.05890648293645996
ADD_GATE_BAND20_LOWER01,evaluation,BASE,4,2020-07-01,2020-06-30,194650.4223,23764.199999999983,82.54212000000001,276.6000000000105,0.0,5,2,1,2020-07-08,2020-07-07,False,23405.057879999975,0.12024149551511132
ADD_GATE_BAND20_LOWER01,evaluation,BASE,5,2020-08-19,2020-08-18,76474.2918,-2292.199999999997,30.106320000000004,94.20000000000357,0.0,31,1,1,2020-10-09,2020-09-30,False,-2416.5063200000004,-0.03159893688613407
ADD_GATE_BAND20_LOWER01,evaluation,BASE,6,2020-12-15,2020-12-14,219087.60876000003,23132.39999999998,92.19144000000001,262.80000000000996,1799.9999999999998,25,1,2,2021-01-20,2021-01-19,False,24577.40855999997,0.1121807330825512
ADD_GATE_BAND20_LOWER01,evaluation,BASE,7,2021-02-03,2021-02-02,42312.26076,1932.7000000000044,17.29882,46.20000000000175,0.0,7,1,1,2021-02-19,2021-02-18,False,1869.2011800000028,0.044176348567199625
ADD_GATE_BAND20_LOWER01,evaluation,BASE,8,2021-03-11,2021-03-10,6037.400000000001,-141.60000000000036,10.0,7.199999999999207,0.0,10,1,1,2021-03-25,2021-03-24,False,-158.79999999999956,-0.026302713088415468
ADD_GATE_BAND20_LOWER01,evaluation,BASE,9,2021-06-08,2021-06-07,219238.17494,-2209.7999999999884,93.18124,249.00000000000944,0.0,31,2,2,2021-07-22,2021-07-21,False,-2551.981239999998,-0.011640222970741347
ADD_GATE_BAND20_LOWER01,evaluation,BASE,10,2021-07-29,2021-07-28,252503.4906,8291.49999999997,102.57770000000001,308.999999999966,0.0,10,1,1,2021-08-12,2021-08-11,False,7879.922300000005,0.03120718165628402
ADD_GATE_BAND20_LOWER01,evaluation,BASE,11,2021-10-29,2021-10-28,318220.83144,5747.599999999977,128.33608,381.59999999997433,0.0,32,3,2,2021-12-14,2021-12-13,False,5237.663920000003,0.01645921134797725
ADD_GATE_BAND20_LOWER01,evaluation,BASE,12,2022-01-10,2022-01-07,6363.3,-166.39999999999964,10.0,7.800000000000296,97.5,10,1,1,2022-01-24,2022-01-21,False,-86.69999999999993,-0.013625005893168628
ADD_GATE_BAND20_LOWER01,evaluation,BASE,13,2022-01-27,2022-01-26,6579.4,-123.19999999999891,10.0,8.400000000000318,0.0,10,1,1,2022-02-17,2022-02-16,False,-141.59999999999923,-0.021521719305711652
ADD_GATE_BAND20_LOWER01,evaluation,BASE,14,2022-03-11,2022-03-10,6351.5,-289.5,10.0,9.000000000000341,0.0,3,1,1,2022-03-16,2022-03-15,False,-308.50000000000034,-0.04857120365268052
ADD_GATE_BAND20_LOWER01,evaluation,BASE,15,2022-04-25,2022-04-22,6320.2,16.0,10.0,6.400000000000006,0.0,10,1,1,2022-05-12,2022-05-11,False,-0.4000000000000057,-6.328913641973446e-05
ADD_GATE_BAND20_LOWER01,evaluation,BASE,16,2022-05-13,2022-05-12,447811.34436,4945.700000000012,179.94988,639.8999999999793,0.0,20,3,2,2022-06-13,2022-06-10,False,4125.850120000032,0.009213366682116074
ADD_GATE_BAND20_LOWER01,evaluation,BASE,17,2022-08-05,2022-08-04,242433.5454,-4797.799999999988,99.59372,342.00000000001296,0.0,21,2,2,2022-09-05,2022-09-02,False,-5239.393720000001,-0.021611669752035895
ADD_GATE_BAND20_LOWER01,evaluation,BASE,18,2022-09-21,2022-09-20,6376.200000000001,-308.8000000000002,10.0,6.400000000000006,0.0,10,1,1,2022-10-12,2022-10-11,False,-325.20000000000016,-0.05100216429848501
ADD_GATE_BAND20_LOWER01,evaluation,BASE,19,2022-10-27,2022-10-26,6364.7,120.69999999999982,10.0,6.800000000000006,0.0,7,1,1,2022-11-07,2022-11-04,False,103.8999999999998,0.016324414347887537
ADD_GATE_BAND20_LOWER01,evaluation,BASE,20,2023-01-17,2023-01-16,194900.9724,-1033.999999999971,77.6816,282.0000000000107,0.0,2,1,1,2023-01-19,2023-01-18,False,-1393.6815999999815,-0.007150716504070051
ADD_GATE_BAND20_LOWER01,evaluation,BASE,21,2023-04-03,2023-03-31,255390.0678,1826.999999999971,102.42540000000001,377.9999999999584,0.0,7,1,1,2023-04-13,2023-04-12,False,1346.5746000000124,0.0052726192980007995
ADD_GATE_BAND20_LOWER01,evaluation,BASE,22,2023-05-29,2023-05-26,6567.0,-30.600000000000364,10.0,6.799999999999251,0.0,10,1,1,2023-06-12,2023-06-09,False,-47.399999999999615,-0.007217907720420224
ADD_GATE_BAND20_LOWER01,evaluation,BASE,23,2023-08-23,2023-08-22,6485.400000000001,170.0,10.0,6.800000000000761,0.0,9,1,1,2023-09-05,2023-09-04,False,153.19999999999925,0.023622290066919426
ADD_GATE_BAND20_LOWER01,evaluation,BASE,24,2023-10-18,2023-10-17,6296.7,-32.30000000000018,10.0,6.800000000000761,0.0,10,1,1,2023-11-01,2023-10-31,False,-49.100000000000946,-0.007797735321676584
ADD_GATE_BAND20_LOWER01,evaluation,BASE,25,2023-11-29,2023-11-28,6463.400000000001,-187.19999999999982,10.0,7.200000000000806,0.0,10,1,1,2023-12-13,2023-12-12,False,-204.40000000000063,-0.031624222545409635
ADD_GATE_BAND20_LOWER01,evaluation,BASE,26,2024-02-19,2024-02-08,236548.20018,3828.899999999994,95.31086000000002,276.3999999999892,0.0,5,2,1,2024-02-26,2024-02-23,False,3457.189140000005,0.014615157238014393
ADD_GATE_BAND20_LOWER01,evaluation,BASE,27,2024-03-05,2024-03-04,266290.14738,6813.0,107.7968,302.79999999996664,0.0,54,1,1,2024-05-27,2024-05-24,False,6402.403200000033,0.024042959392199026
ADD_GATE_BAND20_LOWER01,evaluation,BASE,28,2024-06-04,2024-06-03,135434.61772,3709.100000000006,58.50912000000001,156.00000000000014,0.0,32,2,1,2024-07-19,2024-07-18,False,3494.5908800000057,0.025802789115739865
ADD_GATE_BAND20_LOWER01,evaluation,BASE,29,2024-08-02,2024-08-01,224036.19828,-3817.3000000000175,88.78134,258.8000000000002,0.0,3,1,1,2024-08-07,2024-08-06,False,-4164.881340000018,-0.018590216098894687
ADD_GATE_BAND20_LOWER01,evaluation,BASE,30,2024-08-28,2024-08-27,272174.82408,-10061.5,110.46889999999999,322.7999999999994,0.0,15,1,2,2024-09-20,2024-09-19,False,-10494.7689,-0.03855892599719394
ADD_GATE_BAND20_LOWER01,evaluation,BASE,31,2024-09-25,2024-09-24,262226.53482000006,77712.0,120.33694000000003,375.4999999999586,0.0,4,1,2,2024-10-08,2024-09-30,False,77216.16306000005,0.29446357559887476
ADD_GATE_BAND20_LOWER01,evaluation,BASE,32,2024-10-09,2024-10-08,111081.41184000002,-6345.5,43.12350000000001,155.4000000000059,0.0,10,1,1,2024-10-23,2024-10-22,False,-6544.023500000006,-0.05891195827998584
ADD_GATE_BAND20_LOWER01,evaluation,BASE,33,2025-01-08,2025-01-07,8136.2,96.60000000000036,10.0,8.399999999999075,0.0,10,1,1,2025-01-22,2025-01-21,False,78.2000000000013,0.00961136648558311
ADD_GATE_BAND20_LOWER01,evaluation,BASE,34,2025-04-09,2025-04-08,332181.423,13561.0,135.48700000000002,356.00000000003985,0.0,11,2,1,2025-04-24,2025-04-23,False,13069.51299999996,0.03934450301876141
ADD_GATE_BAND20_LOWER01,evaluation,BASE,35,2025-06-03,2025-05-30,343570.60038,17680.300000000047,140.8463,452.6000000000177,1645.6,41,3,1,2025-07-30,2025-07-29,False,18732.453700000027,0.054522865691305766
ADD_GATE_BAND20_LOWER01,evaluation,BASE,36,2025-09-05,2025-09-04,364328.25108,14709.599999999977,148.54592000000002,490.79999999996176,0.0,7,1,2,2025-09-16,2025-09-15,False,14070.254080000015,0.038619717351840596
ADD_GATE_BAND20_LOWER01,evaluation,BASE,37,2025-11-26,2025-11-25,9211.0,222.0,10.0,12.000000000000455,0.0,8,1,1,2025-12-08,2025-12-05,False,199.99999999999955,0.021713169037020905
ADD_GATE_BAND20_LOWER01,evaluation,BASE,38,2025-12-19,2025-12-18,291340.85652,3676.0999999999913,117.17361999999999,373.19999999997384,5584.2,35,1,3,2026-02-10,2026-02-09,False,8769.926380000019,0.030101944796740106
ADD_GATE_BAND20_LOWER01,evaluation,BASE,39,2026-03-25,2026-03-24,9482.3,132.3000000000011,10.0,12.600000000000477,0.0,10,1,1,2026-04-09,2026-04-08,False,109.70000000000061,0.011568923151556122
ADD_GATE_BAND20_LOWER01,evaluation,BASE,40,2026-05-06,2026-04-30,357456.07691999996,-1688.1999999999534,142.52812,440.4000000000167,0.0,9,1,1,2026-05-19,2026-05-18,False,-2271.1281199999703,-0.006353586542909039
ADD_GATE_BAND20_LOWER01,evaluation,BASE,41,2026-06-05,2026-06-04,384195.22367999994,3146.2000000000116,154.18276,469.19999999999175,0.0,12,1,2,2026-06-24,2026-06-23,False,2522.81724000002,0.006566498187653941
ADD_GATE_BAND20_LOWER01,evaluation,BASE,42,2026-07-21,2026-07-20,319634.34146,-4480.600000000035,133.13108000000003,408.59999999995676,0.0,10,2,2,2026-08-04,2026-08-03,False,-5022.331079999992,-0.01571273930410416
ADD_GATE_BAND20_LOWER01,evaluation,BASE,43,2026-08-07,2026-08-06,278828.55456,1835.2000000000116,111.80512000000002,355.20000000001346,0.0,5,1,1,2026-08-14,2026-08-13,True,1368.1948799999982,0.004906939614413063
ADD_GATE_BAND20_LOWER01,evaluation,STRESS,1,2020-01-02,2019-12-31,170843.31,-1283.3999999999942,135.94104000000002,413.9999999999912,0.0,14,1,1,2020-01-22,2020-01-21,False,-1833.3410399999852,-0.010731125731525485
ADD_GATE_BAND20_LOWER01,evaluation,STRESS,2,2020-02-05,2020-02-04,125054.00160000002,9525.0,103.69440000000002,297.00000000001125,0.0,19,1,2,2020-03-03,2020-03-02,False,9124.305599999989,0.07296292388295704
ADD_GATE_BAND20_LOWER01,evaluation,STRESS,3,2020-03-23,2020-03-20,4966.6,308.0,10.0,11.199999999999388,0.0,10,1,1,2020-04-07,2020-04-03,False,286.80000000000064,0.05774574155357803
ADD_GATE_BAND20_LOWER01,evaluation,STRESS,4,2020-07-01,2020-06-30,194362.2138,23709.5,164.72740000000002,460.00000000000574,0.0,5,2,1,2020-07-08,2020-07-07,False,23084.772599999993,0.11877191635486503
ADD_GATE_BAND20_LOWER01,evaluation,STRESS,5,2020-08-19,2020-08-18,76033.60128,-2277.5999999999913,59.82912,155.99999999999667,0.0,31,1,1,2020-10-09,2020-09-30,False,-2493.429119999988,-0.03279377904010793
ADD_GATE_BAND20_LOWER01,evaluation,STRESS,6,2020-12-15,2020-12-14,217717.5522,22958.999999999985,183.09660000000002,478.50000000000523,1792.8,25,1,2,2021-01-20,2021-01-19,False,24090.20339999998,0.11064888042591166
ADD_GATE_BAND20_LOWER01,evaluation,STRESS,7,2021-02-03,2021-02-02,42343.830760000004,1932.7000000000044,34.59764,92.4000000000035,0.0,7,1,1,2021-02-19,2021-02-18,False,1805.702360000001,0.04264381204040125
ADD_GATE_BAND20_LOWER01,evaluation,STRESS,8,2021-03-11,2021-03-10,6041.0,-141.60000000000036,10.0,13.200000000000145,0.0,10,1,1,2021-03-25,2021-03-24,False,-164.80000000000052,-0.027280251613971282
ADD_GATE_BAND20_LOWER01,evaluation,STRESS,9,2021-06-08,2021-06-07,218347.304,-2199.399999999994,176.4504,495.6000000000188,0.0,31,2,2,2021-07-22,2021-07-21,False,-2871.4504000000134,-0.013150839728252442
ADD_GATE_BAND20_LOWER01,evaluation,STRESS,10,2021-07-29,2021-07-28,250694.63775999998,8227.099999999977,203.54152000000002,562.0999999999608,0.0,10,1,1,2021-08-12,2021-08-11,False,7461.458480000016,0.029763135528822794
ADD_GATE_BAND20_LOWER01,evaluation,STRESS,11,2021-10-29,2021-10-28,313896.40836,5732.1999999999825,253.03392000000002,689.1999999999774,0.0,32,3,2,2021-12-14,2021-12-13,False,4789.966080000006,0.015259703368464517
ADD_GATE_BAND20_LOWER01,evaluation,STRESS,12,2022-01-10,2022-01-07,6365.9,-166.39999999999964,10.0,12.999999999999723,97.5,10,1,1,2022-01-24,2022-01-21,False,-91.89999999999935,-0.014436293375641993
ADD_GATE_BAND20_LOWER01,evaluation,STRESS,13,2022-01-27,2022-01-26,6112.400000000001,-114.39999999999873,10.0,13.000000000000878,0.0,10,1,1,2022-02-17,2022-02-16,False,-137.3999999999996,-0.022478895360251227
ADD_GATE_BAND20_LOWER01,evaluation,STRESS,14,2022-03-11,2022-03-10,6354.499999999999,-289.5,10.0,14.99999999999968,0.0,3,1,1,2022-03-16,2022-03-15,False,-314.49999999999966,-0.04949248564009752
ADD_GATE_BAND20_LOWER01,evaluation,STRESS,15,2022-04-25,2022-04-22,6323.400000000001,16.0,10.0,12.800000000000722,0.0,10,1,1,2022-05-12,2022-05-11,False,-6.800000000000722,-0.0010753708447987984
ADD_GATE_BAND20_LOWER01,evaluation,STRESS,16,2022-05-13,2022-05-12,444024.33872,4889.500000000029,356.60668,1066.400000000017,0.0,20,3,2,2022-06-13,2022-06-10,False,3466.4933200000123,0.007806989432140046
ADD_GATE_BAND20_LOWER01,evaluation,STRESS,17,2022-08-05,2022-08-04,239623.41343999997,-4735.499999999971,192.00408000000002,562.9999999999893,0.0,21,2,2,2022-09-05,2022-09-02,False,-5490.50407999996,-0.022913053449907322
ADD_GATE_BAND20_LOWER01,evaluation,STRESS,18,2022-09-21,2022-09-20,6379.4,-308.8000000000002,10.0,12.800000000000011,0.0,10,1,1,2022-10-12,2022-10-11,False,-331.6000000000002,-0.051979810013480926
ADD_GATE_BAND20_LOWER01,evaluation,STRESS,19,2022-10-27,2022-10-26,6368.099999999999,120.69999999999982,10.0,13.600000000000012,0.0,7,1,1,2022-11-07,2022-11-04,False,97.09999999999981,0.015247876132598391
ADD_GATE_BAND20_LOWER01,evaluation,STRESS,20,2023-01-17,2023-01-16,192129.22096,-1018.5999999999767,153.04928,463.00000000003126,0.0,2,1,1,2023-01-19,2023-01-18,False,-1634.6492800000078,-0.00850807218096372
ADD_GATE_BAND20_LOWER01,evaluation,STRESS,21,2023-04-03,2023-03-31,251916.22619999998,1800.8999999999942,201.92435999999998,620.9999999999868,0.0,7,1,1,2023-04-13,2023-04-12,False,977.9756400000074,0.0038821462783567512
ADD_GATE_BAND20_LOWER01,evaluation,STRESS,22,2023-05-29,2023-05-26,6184.2,-28.800000000000182,10.0,12.7999999999993,0.0,10,1,1,2023-06-12,2023-06-09,False,-51.59999999999948,-0.0083438439895216
ADD_GATE_BAND20_LOWER01,evaluation,STRESS,23,2023-08-23,2023-08-22,6107.4,160.0,10.0,12.800000000000011,0.0,9,1,1,2023-09-05,2023-09-04,False,137.2,0.022464551200183383
ADD_GATE_BAND20_LOWER01,evaluation,STRESS,24,2023-10-18,2023-10-17,6300.1,-32.30000000000018,10.0,13.600000000000767,0.0,10,1,1,2023-11-01,2023-10-31,False,-55.90000000000095,-0.008872875033729773
ADD_GATE_BAND20_LOWER01,evaluation,STRESS,25,2023-11-29,2023-11-28,6467.0,-187.19999999999982,10.0,14.400000000000013,0.0,10,1,1,2023-12-13,2023-12-12,False,-211.59999999999982,-0.032719962888510874
ADD_GATE_BAND20_LOWER01,evaluation,STRESS,26,2024-02-19,2024-02-08,232965.34888,3767.7999999999884,187.58728000000002,544.0000000000005,0.0,5,2,1,2024-02-26,2024-02-23,False,3036.2127199999877,0.013032894096039728
ADD_GATE_BAND20_LOWER01,evaluation,STRESS,27,2024-03-05,2024-03-04,261918.32544000002,6696.0,211.89120000000003,595.2000000000005,0.0,54,1,1,2024-05-27,2024-05-24,False,5888.908799999999,0.022483760119140744
ADD_GATE_BAND20_LOWER01,evaluation,STRESS,28,2024-06-04,2024-06-03,132403.95536,3630.2999999999884,109.625,304.8000000000003,0.0,32,2,1,2024-07-19,2024-07-18,False,3215.874999999988,0.02428836050445909
ADD_GATE_BAND20_LOWER01,evaluation,STRESS,29,2024-08-02,2024-08-01,218665.83135999998,-3722.9000000000233,173.17164000000002,504.79999999997244,0.0,3,1,1,2024-08-07,2024-08-06,False,-4400.871639999996,-0.020126014259423234
ADD_GATE_BAND20_LOWER01,evaluation,STRESS,30,2024-08-28,2024-08-27,266990.15336,-9862.8,211.83544,632.8000000000005,0.0,15,1,2,2024-09-20,2024-09-19,False,-10707.435440000001,-0.04010423345299359
ADD_GATE_BAND20_LOWER01,evaluation,STRESS,31,2024-09-25,2024-09-24,256488.75447999997,75792.99999999997,235.16192,660.5999999999924,0.0,4,1,2,2024-10-08,2024-09-30,False,74897.23807999998,0.29200983190021373
ADD_GATE_BAND20_LOWER01,evaluation,STRESS,32,2024-10-09,2024-10-08,108151.2432,-6174.0,83.916,251.99999999999463,0.0,10,1,1,2024-10-23,2024-10-22,False,-6509.915999999995,-0.060192706134329435
ADD_GATE_BAND20_LOWER01,evaluation,STRESS,33,2025-01-08,2025-01-07,7753.0,92.0,10.0,16.000000000000014,0.0,10,1,1,2025-01-22,2025-01-21,False,65.99999999999999,0.008512833741777375
ADD_GATE_BAND20_LOWER01,evaluation,STRESS,34,2025-04-09,2025-04-08,324215.83448,13218.600000000035,264.27864,694.4000000000276,0.0,11,2,1,2025-04-24,2025-04-23,False,12259.921360000008,0.037814073392384816
ADD_GATE_BAND20_LOWER01,evaluation,STRESS,35,2025-06-03,2025-05-30,334550.86684000003,17625.50000000006,274.275,772.2000000000096,1698.3999999999999,41,3,1,2025-07-30,2025-07-29,False,18277.42500000005,0.054632723485786946
ADD_GATE_BAND20_LOWER01,evaluation,STRESS,36,2025-09-05,2025-09-04,355205.5254,14329.399999999965,289.46376000000004,796.9999999999831,0.0,7,1,2,2025-09-16,2025-09-15,False,13242.93623999998,0.03728246125982133
ADD_GATE_BAND20_LOWER01,evaluation,STRESS,37,2025-11-26,2025-11-25,9215.0,222.0,10.0,20.00000000000135,0.0,8,1,1,2025-12-08,2025-12-05,False,191.99999999999864,0.020835594139989
ADD_GATE_BAND20_LOWER01,evaluation,STRESS,38,2025-12-19,2025-12-18,283555.87700000004,3538.899999999994,227.92756000000003,605.0000000000409,5448.9,35,1,3,2026-02-10,2026-02-09,False,8154.872439999953,0.028759313777157056
ADD_GATE_BAND20_LOWER01,evaluation,STRESS,39,2026-03-25,2026-03-24,9486.5,132.3000000000011,10.0,20.999999999999552,0.0,10,1,1,2026-04-09,2026-04-08,False,101.30000000000155,0.010678332367048073
ADD_GATE_BAND20_LOWER01,evaluation,STRESS,40,2026-05-06,2026-04-30,347928.51576000004,-1642.1999999999534,277.28904,714.0000000000482,0.0,9,1,1,2026-05-19,2026-05-18,False,-2633.4890400000018,-0.007569052034287911
ADD_GATE_BAND20_LOWER01,evaluation,STRESS,41,2026-06-05,2026-06-04,373613.3856,3064.399999999994,299.69296,759.9999999999839,0.0,12,1,2,2026-06-24,2026-06-23,False,2004.7070400000105,0.005365725954332645
ADD_GATE_BAND20_LOWER01,evaluation,STRESS,42,2026-07-21,2026-07-20,309499.5042,-4335.400000000023,248.06584,658.9999999999877,0.0,10,2,2,2026-08-04,2026-08-03,False,-5242.465840000012,-0.016938527425272725
ADD_GATE_BAND20_LOWER01,evaluation,STRESS,43,2026-08-07,2026-08-06,270048.27612,1776.2999999999302,216.43356,572.9999999999878,0.0,5,1,1,2026-08-14,2026-08-13,True,986.8664399999424,0.0036544074792072122
ADD_GATE_BAND20_LOWER01,earlier_diagnostic,BASE,1,2015-01-05,2014-12-31,218416.47456,35770.40000000002,94.4444,294.00000000000483,899.5000000000001,88,3,4,2015-05-18,2015-05-15,False,36281.455600000016,0.16611135068034136
ADD_GATE_BAND20_LOWER01,earlier_diagnostic,BASE,2,2015-06-03,2015-06-02,42828.26394,-5917.9000000000015,15.93434,49.79999999999451,0.0,17,1,1,2015-06-29,2015-06-26,False,-5983.634339999996,-0.13971227851735324
ADD_GATE_BAND20_LOWER01,earlier_diagnostic,BASE,3,2015-08-27,2015-08-26,5630.0,495.0,10.0,7.200000000000006,0.0,10,1,1,2015-09-14,2015-09-11,False,477.8,0.08486678507992895
ADD_GATE_BAND20_LOWER01,earlier_diagnostic,BASE,4,2015-09-29,2015-09-28,204954.78275999997,25125.300000000003,86.9409,248.39999999999333,0.0,61,2,3,2015-12-30,2015-12-29,False,24789.959100000007,0.12095330865749448
ADD_GATE_BAND20_LOWER01,earlier_diagnostic,BASE,5,2016-01-13,2016-01-12,6246.5,-632.6999999999998,10.0,7.6000000000008505,96.89999999999999,10,1,1,2016-01-27,2016-01-26,False,-553.4000000000007,-0.08859361242295696
ADD_GATE_BAND20_LOWER01,earlier_diagnostic,BASE,6,2016-05-03,2016-04-29,204428.17746,6987.600000000006,83.10068000000001,258.80000000002894,0.0,61,1,1,2016-07-29,2016-07-28,False,6645.699319999977,0.03250872459252994
ADD_GATE_BAND20_LOWER01,earlier_diagnostic,BASE,7,2016-09-07,2016-09-06,260499.68952,-3437.999999999971,103.43032,305.6000000000342,0.0,17,1,1,2016-10-11,2016-10-10,False,-3847.030320000005,-0.01476788831145477
ADD_GATE_BAND20_LOWER01,earlier_diagnostic,BASE,8,2017-02-13,2017-02-10,257467.08312,1809.6000000000058,103.26784,301.60000000000025,0.0,11,1,1,2017-02-28,2017-02-27,False,1404.7321600000055,0.005455967974536339
ADD_GATE_BAND20_LOWER01,earlier_diagnostic,BASE,9,2017-05-10,2017-05-09,6371.9,153.89999999999964,10.0,7.600000000000007,0.0,5,1,1,2017-05-17,2017-05-16,False,136.29999999999964,0.021390793954707332
ADD_GATE_BAND20_LOWER01,earlier_diagnostic,BASE,10,2017-05-18,2017-05-17,233695.42974000002,25905.199999999997,98.58556000000002,274.80000000000024,0.0,61,1,2,2017-08-15,2017-08-14,False,25531.81444,0.10925251926580529
ADD_GATE_BAND20_LOWER01,earlier_diagnostic,BASE,11,2017-10-23,2017-10-20,284871.56292,7421.8000000000175,115.3388,356.9999999999924,0.0,49,1,2,2017-12-29,2017-12-28,False,6949.461200000024,0.024395068180082368
ADD_GATE_BAND20_LOWER01,earlier_diagnostic,BASE,12,2018-01-12,2018-01-11,222476.38637999998,5386.899999999994,89.98738,313.79999999996545,2405.8,7,1,1,2018-01-23,2018-01-22,False,7388.912620000029,0.033212120801797924
ADD_GATE_BAND20_LOWER01,earlier_diagnostic,BASE,13,2018-02-13,2018-02-12,214020.19548,8353.800000000047,87.20712,273.0000000000184,0.0,11,1,1,2018-03-07,2018-03-06,False,7993.592880000029,0.03734971301223311
ADD_GATE_BAND20_LOWER01,earlier_diagnostic,BASE,14,2018-03-28,2018-03-27,7369.4,77.89999999999964,10.0,7.599999999999163,0.0,10,1,1,2018-04-13,2018-04-12,False,60.30000000000047,0.008182484327082323
ADD_GATE_BAND20_LOWER01,earlier_diagnostic,BASE,15,2018-04-19,2018-04-18,7539.0,22.0,10.0,7.999999999999119,0.0,10,1,1,2018-05-07,2018-05-04,False,4.000000000000881,0.0005305743467304524
ADD_GATE_BAND20_LOWER01,earlier_diagnostic,BASE,16,2018-06-25,2018-06-22,7670.0,-415.8000000000002,10.0,8.400000000000007,0.0,3,1,1,2018-06-28,2018-06-27,False,-434.2000000000002,-0.056610169491525454
ADD_GATE_BAND20_LOWER01,earlier_diagnostic,BASE,17,2018-10-09,2018-10-08,212975.48658000003,-2853.6999999999825,84.55074000000002,258.4000000000002,0.0,9,2,1,2018-10-22,2018-10-19,False,-3196.6507399999828,-0.015009477340948457
ADD_GATE_BAND20_LOWER01,earlier_diagnostic,BASE,18,2018-12-25,2018-12-24,7370.599999999999,148.80000000000018,10.0,9.599999999998943,0.0,10,1,1,2019-01-10,2019-01-09,False,129.20000000000124,0.01752910210837669
ADD_GATE_BAND20_LOWER01,earlier_diagnostic,BASE,19,2019-02-28,2019-02-27,284029.39452000003,9175.400000000023,115.36292,306.0000000000002,0.0,5,2,1,2019-03-07,2019-03-06,False,8754.037080000024,0.03082088420740412
ADD_GATE_BAND20_LOWER01,earlier_diagnostic,BASE,20,2019-04-30,2019-04-29,7785.0,-400.0,10.0,8.000000000000895,0.0,2,1,1,2019-05-07,2019-05-06,False,-418.0000000000009,-0.05369299935773936
ADD_GATE_BAND20_LOWER01,earlier_diagnostic,BASE,21,2019-05-31,2019-05-30,278821.7532,11704.5,113.7861,306.0000000000002,0.0,17,1,1,2019-06-26,2019-06-25,False,11284.7139,0.040472860422427044
ADD_GATE_BAND20_LOWER01,earlier_diagnostic,BASE,22,2019-08-20,2019-08-19,294428.07384,4507.599999999977,118.58808000000002,305.6000000000342,0.0,28,1,1,2019-09-30,2019-09-27,False,4083.4119199999423,0.013868962516865752
ADD_GATE_BAND20_LOWER01,earlier_diagnostic,BASE,23,2019-11-12,2019-11-11,326698.92672,-1318.399999999965,130.32384,329.60000000000025,0.0,20,1,1,2019-12-10,2019-12-09,False,-1778.3238399999655,-0.005443310934180364
ADD_GATE_BAND20_LOWER01,earlier_diagnostic,BASE,24,2019-12-30,2019-12-27,324793.9458,5103.0,130.815,486.0000000000184,0.0,1,1,1,2019-12-31,2019-12-30,True,4486.184999999982,0.013812403396097978
ADD_GATE_BAND20_LOWER01,earlier_diagnostic,STRESS,1,2015-01-05,2014-12-31,218599.30476000003,35754.29999999999,188.89524,539.9999999999951,899.5000000000001,88,3,4,2015-05-18,2015-05-15,False,35924.90476,0.16434134957310095
ADD_GATE_BAND20_LOWER01,earlier_diagnostic,STRESS,2,2015-06-03,2015-06-02,42861.73784,-5917.9000000000015,31.872,91.300000000001,0.0,17,1,1,2015-06-29,2015-06-26,False,-6041.072000000003,-0.14094323525917032
ADD_GATE_BAND20_LOWER01,earlier_diagnostic,STRESS,3,2015-08-27,2015-08-26,5633.6,495.0,10.0,14.400000000000013,0.0,10,1,1,2015-09-14,2015-09-11,False,470.59999999999997,0.0835345072422607
ADD_GATE_BAND20_LOWER01,earlier_diagnostic,STRESS,4,2015-09-29,2015-09-28,204463.55271999998,25059.499999999985,173.33116,495.20000000000044,0.0,61,2,3,2015-12-30,2015-12-29,False,24390.968839999983,0.11929250233366476
ADD_GATE_BAND20_LOWER01,earlier_diagnostic,STRESS,5,2016-01-13,2016-01-12,6250.3,-632.6999999999998,10.0,13.300000000000223,96.89999999999999,10,1,1,2016-01-27,2016-01-26,False,-559.1,-0.08945170631809674
ADD_GATE_BAND20_LOWER01,earlier_diagnostic,STRESS,6,2016-05-03,2016-04-29,203966.0538,6966.0,165.68760000000003,516.0000000000005,0.0,61,1,1,2016-07-29,2016-07-28,False,6284.312399999999,0.030810579912293225
ADD_GATE_BAND20_LOWER01,earlier_diagnostic,STRESS,7,2016-09-07,2016-09-06,260363.40372,-3433.5,206.58988,610.4000000000005,0.0,17,1,1,2016-10-11,2016-10-10,False,-4250.489880000001,-0.016325220131824143
ADD_GATE_BAND20_LOWER01,earlier_diagnostic,STRESS,8,2017-02-13,2017-02-10,255960.74336,1797.6000000000058,205.16608000000002,599.2000000000005,0.0,11,1,1,2017-02-28,2017-02-27,False,993.2339200000054,0.003880415047095937
ADD_GATE_BAND20_LOWER01,earlier_diagnostic,STRESS,9,2017-05-10,2017-05-09,6375.700000000001,153.89999999999964,10.0,15.200000000000014,0.0,5,1,1,2017-05-17,2017-05-16,False,128.69999999999962,0.020186018790093574
ADD_GATE_BAND20_LOWER01,earlier_diagnostic,STRESS,10,2017-05-18,2017-05-17,232177.43384,25718.000000000015,195.73664,545.6000000000005,0.0,61,1,2,2017-08-15,2017-08-14,False,24976.663360000013,0.1075757576733841
ADD_GATE_BAND20_LOWER01,earlier_diagnostic,STRESS,11,2017-10-23,2017-10-20,282276.56548,7344.600000000006,228.41428000000002,636.2999999999927,0.0,49,1,2,2017-12-29,2017-12-28,False,6479.885720000013,0.022955804740578543
ADD_GATE_BAND20_LOWER01,earlier_diagnostic,STRESS,12,2018-01-12,2018-01-11,220497.1636,5335.399999999994,178.25416,517.999999999989,2382.8,7,1,1,2018-01-23,2018-01-22,False,7021.945840000005,0.031845969015449074
ADD_GATE_BAND20_LOWER01,earlier_diagnostic,STRESS,13,2018-02-13,2018-02-12,211818.6936,8262.00000000003,172.49760000000003,486.0000000000184,0.0,11,1,1,2018-03-07,2018-03-06,False,7603.502400000011,0.03589627653146857
ADD_GATE_BAND20_LOWER01,earlier_diagnostic,STRESS,14,2018-03-28,2018-03-27,7373.2,77.89999999999964,10.0,15.200000000000014,0.0,10,1,1,2018-04-13,2018-04-12,False,52.69999999999962,0.007147507188195033
ADD_GATE_BAND20_LOWER01,earlier_diagnostic,STRESS,15,2018-04-19,2018-04-18,7543.0,22.0,10.0,15.999999999999126,0.0,10,1,1,2018-05-07,2018-05-04,False,-3.999999999999126,-0.0005302929868751327
ADD_GATE_BAND20_LOWER01,earlier_diagnostic,STRESS,16,2018-06-25,2018-06-22,7309.0,-396.0,10.0,16.000000000000014,0.0,3,1,1,2018-06-28,2018-06-27,False,-422.0,-0.057737036530305104
ADD_GATE_BAND20_LOWER01,earlier_diagnostic,STRESS,17,2018-10-09,2018-10-08,210183.83992,-2820.0,166.748,509.6000000000005,0.0,9,2,1,2018-10-22,2018-10-19,False,-3496.3480000000004,-0.01663471369316869
ADD_GATE_BAND20_LOWER01,earlier_diagnostic,STRESS,18,2018-12-25,2018-12-24,7375.400000000001,148.80000000000018,10.0,19.200000000000017,0.0,10,1,1,2019-01-10,2019-01-09,False,119.60000000000016,0.01621606963690107
ADD_GATE_BAND20_LOWER01,earlier_diagnostic,STRESS,19,2019-02-28,2019-02-27,280156.91796,9038.700000000012,227.41012000000003,603.2000000000005,0.0,5,2,1,2019-03-07,2019-03-06,False,8208.08988000001,0.029298187386441545
ADD_GATE_BAND20_LOWER01,earlier_diagnostic,STRESS,20,2019-04-30,2019-04-29,7399.8,-379.9999999999991,10.0,15.200000000000014,0.0,2,1,1,2019-05-07,2019-05-06,False,-405.1999999999991,-0.05475823670910012
ADD_GATE_BAND20_LOWER01,earlier_diagnostic,STRESS,21,2019-05-31,2019-05-30,274653.61751999997,20933.400000000023,227.76744000000002,602.4000000000005,0.0,23,1,1,2019-07-04,2019-07-03,False,20103.232560000022,0.07319485809625692
ADD_GATE_BAND20_LOWER01,earlier_diagnostic,STRESS,22,2019-08-20,2019-08-19,320073.07804,1411.9000000000233,256.25108,674.3999999999987,0.0,28,2,1,2019-09-30,2019-09-27,False,481.24892000002455,0.001503559508806555
ADD_GATE_BAND20_LOWER01,earlier_diagnostic,STRESS,23,2019-11-12,2019-11-11,327722.63664000004,-1321.5999999999767,261.2803200000001,660.8000000000006,0.0,20,1,1,2019-12-10,2019-12-09,False,-2243.6803199999777,-0.006846278130200196
ADD_GATE_BAND20_LOWER01,earlier_diagnostic,STRESS,24,2019-12-30,2019-12-27,325020.9564,5103.0,261.63,809.9999999999827,0.0,1,1,1,2019-12-31,2019-12-30,True,4031.370000000017,0.012403415597111993
