model,period,cost,cycle,entry_date,entry_origin,buy_debit,gross_price_profit,commission,slippage,dividend_recognized,held_closes,buy_trades,sell_trades,exit_date,exit_origin,terminal_exit,net_profit,cycle_net_return
REDUCE_100_UPPER00,evaluation,BASE,1,2020-01-02,2019-12-31,170726.33844000002,-1283.3999999999942,67.97052000000001,248.4000000000094,0.0,14,1,1,2020-01-22,2020-01-21,False,-1599.7705200000037,-0.00937037913785181
REDUCE_100_UPPER00,evaluation,BASE,2,2020-02-05,2020-02-04,125341.66332,9029.699999999997,51.899480000000004,165.4999999999893,0.0,19,1,2,2020-03-03,2020-03-02,False,8812.300520000008,0.07030623566484842
REDUCE_100_UPPER00,evaluation,BASE,3,2020-03-23,2020-03-20,4963.8,308.0,10.0,5.600000000000005,0.0,10,1,1,2020-04-07,2020-04-03,False,292.4,0.05890648293645996
REDUCE_100_UPPER00,evaluation,BASE,4,2020-07-01,2020-06-30,194231.3385,23709.5,82.36370000000001,276.00000000001046,0.0,5,2,1,2020-07-08,2020-07-07,False,23351.136299999987,0.12022331967814753
REDUCE_100_UPPER00,evaluation,BASE,5,2020-08-19,2020-08-18,75987.1944,-2277.5999999999913,29.91456,93.60000000000355,0.0,31,1,1,2020-10-09,2020-09-30,False,-2401.114559999995,-0.031598936886134
REDUCE_100_UPPER00,evaluation,BASE,6,2020-12-15,2020-12-14,218087.20872,23023.799999999974,91.76988,261.6000000000099,1792.8,25,1,2,2021-01-20,2021-01-19,False,24463.230119999964,0.1121717787282429
REDUCE_100_UPPER00,evaluation,BASE,7,2021-02-03,2021-02-02,41762.75088,1907.5999999999985,17.07416,45.60000000000173,0.0,7,1,1,2021-02-19,2021-02-18,False,1844.925839999997,0.044176348567199486
REDUCE_100_UPPER00,evaluation,BASE,8,2021-03-11,2021-03-10,6037.400000000001,-141.60000000000036,10.0,7.199999999999207,0.0,10,1,1,2021-03-25,2021-03-24,False,-158.79999999999956,-0.026302713088415468
REDUCE_100_UPPER00,evaluation,BASE,9,2021-06-08,2021-06-07,218709.96931999997,-2204.600000000006,92.97116,248.4000000000094,0.0,31,2,2,2021-07-22,2021-07-21,False,-2545.9711600000155,-0.011640855549089954
REDUCE_100_UPPER00,evaluation,BASE,10,2021-07-29,2021-07-28,252013.19256000002,8275.399999999965,102.37852000000001,308.39999999996604,0.0,10,1,1,2021-08-12,2021-08-11,False,7864.621479999999,0.031207181656283996
REDUCE_100_UPPER00,evaluation,BASE,11,2021-10-29,2021-10-28,226256.7423,7658.499999999971,91.96170000000001,272.99999999996993,0.0,32,2,1,2021-12-14,2021-12-13,False,7293.538300000001,0.03223567273999419
REDUCE_100_UPPER00,evaluation,BASE,12,2022-01-10,2022-01-07,6363.3,-166.39999999999964,10.0,7.800000000000296,97.5,10,1,1,2022-01-24,2022-01-21,False,-86.69999999999993,-0.013625005893168628
REDUCE_100_UPPER00,evaluation,BASE,13,2022-01-27,2022-01-26,6579.4,-123.19999999999891,10.0,8.400000000000318,0.0,10,1,1,2022-02-17,2022-02-16,False,-141.59999999999923,-0.021521719305711652
REDUCE_100_UPPER00,evaluation,BASE,14,2022-03-11,2022-03-10,6351.5,-289.5,10.0,9.000000000000341,0.0,3,1,1,2022-03-16,2022-03-15,False,-308.50000000000034,-0.04857120365268052
REDUCE_100_UPPER00,evaluation,BASE,15,2022-04-25,2022-04-22,6320.2,16.0,10.0,6.400000000000006,0.0,10,1,1,2022-05-12,2022-05-11,False,-0.4000000000000057,-6.328913641973446e-05
REDUCE_100_UPPER00,evaluation,BASE,16,2022-05-13,2022-05-12,448592.7006,3205.600000000035,179.91410000000002,641.1000000000265,0.0,20,3,2,2022-06-13,2022-06-10,False,2384.585900000008,0.0053157037482121
REDUCE_100_UPPER00,evaluation,BASE,17,2022-08-05,2022-08-04,242007.9603,-6663.899999999994,99.05042000000002,341.40000000001294,0.0,21,2,2,2022-09-05,2022-09-02,False,-7104.350420000007,-0.02935585429170698
REDUCE_100_UPPER00,evaluation,BASE,18,2022-09-21,2022-09-20,6376.200000000001,-308.8000000000002,10.0,6.400000000000006,0.0,10,1,1,2022-10-12,2022-10-11,False,-325.20000000000016,-0.05100216429848501
REDUCE_100_UPPER00,evaluation,BASE,19,2022-10-27,2022-10-26,6364.7,120.69999999999982,10.0,6.800000000000006,0.0,7,1,1,2022-11-07,2022-11-04,False,103.8999999999998,0.016324414347887537
REDUCE_100_UPPER00,evaluation,BASE,20,2023-01-17,2023-01-16,193242.24072,-1025.1999999999534,77.02048,279.6000000000106,0.0,2,1,1,2023-01-19,2023-01-18,False,-1381.820479999964,-0.007150716504069959
REDUCE_100_UPPER00,evaluation,BASE,21,2023-04-03,2023-03-31,253363.1625,1812.499999999971,101.61250000000001,374.99999999995873,0.0,7,1,1,2023-04-13,2023-04-12,False,1335.887500000012,0.005272619298000798
REDUCE_100_UPPER00,evaluation,BASE,22,2023-05-29,2023-05-26,6181.0,-28.800000000000182,10.0,6.399999999999295,0.0,10,1,1,2023-06-12,2023-06-09,False,-45.19999999999948,-0.00731273256754562
REDUCE_100_UPPER00,evaluation,BASE,23,2023-08-23,2023-08-22,6485.400000000001,170.0,10.0,6.800000000000761,0.0,9,1,1,2023-09-05,2023-09-04,False,153.19999999999925,0.023622290066919426
REDUCE_100_UPPER00,evaluation,BASE,24,2023-10-18,2023-10-17,6296.7,-32.30000000000018,10.0,6.800000000000761,0.0,10,1,1,2023-11-01,2023-10-31,False,-49.100000000000946,-0.007797735321676584
REDUCE_100_UPPER00,evaluation,BASE,25,2023-11-29,2023-11-28,6463.400000000001,-187.19999999999982,10.0,7.200000000000806,0.0,10,1,1,2023-12-13,2023-12-12,False,-204.40000000000063,-0.031624222545409635
REDUCE_100_UPPER00,evaluation,BASE,26,2024-02-19,2024-02-08,234492.98922000002,3796.9000000000233,94.48302000000001,273.9999999999892,0.0,5,2,1,2024-02-26,2024-02-23,False,3428.416980000034,0.014620552159806843
REDUCE_100_UPPER00,evaluation,BASE,27,2024-03-05,2024-03-04,263827.755,6750.0,106.80000000000001,299.999999999967,0.0,54,1,1,2024-05-27,2024-05-24,False,6343.200000000033,0.024042959392199022
REDUCE_100_UPPER00,evaluation,BASE,28,2024-06-04,2024-06-03,134382.57908,3690.899999999994,58.15670000000001,154.80000000000013,0.0,32,2,1,2024-07-19,2024-07-18,False,3477.943299999994,0.025880908997359856
REDUCE_100_UPPER00,evaluation,BASE,29,2024-08-02,2024-08-01,221958.58284000002,-3781.9000000000233,87.95802,256.4000000000002,0.0,3,1,1,2024-08-07,2024-08-06,False,-4126.258020000024,-0.01859021609889471
REDUCE_100_UPPER00,evaluation,BASE,30,2024-08-28,2024-08-27,269813.952,-9975.3,109.60766000000001,319.9999999999994,0.0,15,1,2,2024-09-20,2024-09-19,False,-10404.907659999999,-0.03856326769936641
REDUCE_100_UPPER00,evaluation,BASE,31,2024-09-25,2024-09-24,260131.5159,86941.5,121.34560000000002,372.49999999995896,0.0,4,1,1,2024-10-08,2024-09-30,False,86447.65440000004,0.33232287945160915
REDUCE_100_UPPER00,evaluation,BASE,32,2024-10-09,2024-10-08,113225.84064000001,-6468.0,43.956,158.400000000006,0.0,10,1,1,2024-10-23,2024-10-22,False,-6670.356000000006,-0.05891195827998584
REDUCE_100_UPPER00,evaluation,BASE,33,2025-01-08,2025-01-07,8136.2,96.60000000000036,10.0,8.399999999999075,0.0,10,1,1,2025-01-22,2025-01-21,False,78.2000000000013,0.00961136648558311
REDUCE_100_UPPER00,evaluation,BASE,34,2025-04-09,2025-04-08,339287.64396,13835.799999999988,138.38236,363.6000000000407,0.0,11,2,1,2025-04-24,2025-04-23,False,13333.817639999948,0.03929944953012178
REDUCE_100_UPPER00,evaluation,BASE,35,2025-06-03,2025-05-30,350407.46748,18034.600000000035,143.64956,461.60000000001804,1680.8,41,3,1,2025-07-30,2025-07-29,False,19110.150440000016,0.054536938317648026
REDUCE_100_UPPER00,evaluation,BASE,36,2025-09-05,2025-09-04,371899.8651,15015.0,151.633,500.999999999961,0.0,7,1,2,2025-09-16,2025-09-15,False,14362.367000000038,0.03861890887252177
REDUCE_100_UPPER00,evaluation,BASE,37,2025-11-26,2025-11-25,9671.3,233.10000000000036,10.0,12.600000000000477,0.0,8,1,1,2025-12-08,2025-12-05,False,210.4999999999999,0.021765429673363448
REDUCE_100_UPPER00,evaluation,BASE,38,2025-12-19,2025-12-18,297429.9741,3213.5999999999767,119.51472000000001,380.9999999999733,5694.9,35,1,3,2026-02-10,2026-02-09,False,8407.985280000004,0.02826878933584927
REDUCE_100_UPPER00,evaluation,BASE,39,2026-03-25,2026-03-24,9933.6,138.60000000000036,10.0,13.2000000000005,0.0,10,1,1,2026-04-09,2026-04-08,False,115.39999999999986,0.01161713779495851
REDUCE_100_UPPER00,evaluation,BASE,40,2026-05-06,2026-04-30,364274.04024,-1720.399999999965,145.24664,448.800000000017,0.0,9,1,1,2026-05-19,2026-05-18,False,-2314.446639999982,-0.006353586542909072
REDUCE_100_UPPER00,evaluation,BASE,41,2026-06-05,2026-06-04,391564.69727999996,1594.0000000000582,156.81772,478.2000000000181,0.0,12,1,1,2026-06-24,2026-06-23,False,958.9822800000401,0.0024491030132736693
REDUCE_100_UPPER00,evaluation,BASE,42,2026-07-21,2026-07-20,324326.88620000007,-4947.899999999965,131.6655,414.6000000000157,0.0,10,2,1,2026-08-04,2026-08-03,False,-5494.165499999981,-0.016940209812306272
REDUCE_100_UPPER00,evaluation,BASE,43,2026-08-07,2026-08-06,282596.50800000003,1860.0,113.31600000000002,360.00000000001364,0.0,5,1,1,2026-08-14,2026-08-13,True,1386.6839999999863,0.004906939614413021
REDUCE_100_UPPER00,evaluation,STRESS,1,2020-01-02,2019-12-31,170843.31,-1283.3999999999942,135.94104000000002,413.9999999999912,0.0,14,1,1,2020-01-22,2020-01-21,False,-1833.3410399999852,-0.010731125731525485
REDUCE_100_UPPER00,evaluation,STRESS,2,2020-02-05,2020-02-04,125054.00160000002,9004.499999999985,103.48620000000001,297.00000000001125,0.0,19,1,2,2020-03-03,2020-03-02,False,8604.013799999975,0.06880238688819354
REDUCE_100_UPPER00,evaluation,STRESS,3,2020-03-23,2020-03-20,4966.6,308.0,10.0,11.199999999999388,0.0,10,1,1,2020-04-07,2020-04-03,False,286.80000000000064,0.05774574155357803
REDUCE_100_UPPER00,evaluation,STRESS,4,2020-07-01,2020-06-30,193942.84612,23654.800000000017,164.37056,459.0000000000058,0.0,5,2,1,2020-07-08,2020-07-07,False,23031.42944000001,0.11875369419787501
REDUCE_100_UPPER00,evaluation,STRESS,5,2020-08-19,2020-08-18,76033.60128,-2277.5999999999913,59.82912,155.99999999999667,0.0,31,1,1,2020-10-09,2020-09-30,False,-2493.429119999988,-0.03279377904010793
REDUCE_100_UPPER00,evaluation,STRESS,6,2020-12-15,2020-12-14,217217.05208000002,22915.199999999968,182.67928000000003,477.4000000000052,1785.6,25,1,2,2021-01-20,2021-01-19,False,24040.72071999996,0.11067602883748683
REDUCE_100_UPPER00,evaluation,STRESS,7,2021-02-03,2021-02-02,41793.910879999996,1907.5999999999985,34.14832,91.20000000000346,0.0,7,1,1,2021-02-19,2021-02-18,False,1782.251679999995,0.042643812040401116
REDUCE_100_UPPER00,evaluation,STRESS,8,2021-03-11,2021-03-10,6041.0,-141.60000000000036,10.0,13.200000000000145,0.0,10,1,1,2021-03-25,2021-03-24,False,-164.80000000000052,-0.027280251613971282
REDUCE_100_UPPER00,evaluation,STRESS,9,2021-06-08,2021-06-07,217818.69264000002,-2194.1999999999825,176.03024000000002,494.40000000001874,0.0,31,2,2,2021-07-22,2021-07-21,False,-2864.6302400000013,-0.013151443548210625
REDUCE_100_UPPER00,evaluation,STRESS,10,2021-07-29,2021-07-28,250204.0416,8210.99999999997,203.1432,560.9999999999609,0.0,10,1,1,2021-08-12,2021-08-11,False,7446.85680000001,0.029763135528822766
REDUCE_100_UPPER00,evaluation,STRESS,11,2021-10-29,2021-10-28,224402.82524,7591.099999999977,182.28848000000002,496.0999999999751,0.0,32,2,1,2021-12-14,2021-12-13,False,6912.711520000002,0.030804921963913868
REDUCE_100_UPPER00,evaluation,STRESS,12,2022-01-10,2022-01-07,6365.9,-166.39999999999964,10.0,12.999999999999723,97.5,10,1,1,2022-01-24,2022-01-21,False,-91.89999999999935,-0.014436293375641993
REDUCE_100_UPPER00,evaluation,STRESS,13,2022-01-27,2022-01-26,6582.200000000001,-123.19999999999891,10.0,14.000000000000945,0.0,10,1,1,2022-02-17,2022-02-16,False,-147.19999999999985,-0.022363343562942454
REDUCE_100_UPPER00,evaluation,STRESS,14,2022-03-11,2022-03-10,6354.499999999999,-289.5,10.0,14.99999999999968,0.0,3,1,1,2022-03-16,2022-03-15,False,-314.49999999999966,-0.04949248564009752
REDUCE_100_UPPER00,evaluation,STRESS,15,2022-04-25,2022-04-22,6323.400000000001,16.0,10.0,12.800000000000722,0.0,10,1,1,2022-05-12,2022-05-11,False,-6.800000000000722,-0.0010753708447987984
REDUCE_100_UPPER00,evaluation,STRESS,16,2022-05-13,2022-05-12,444804.2505600001,3167.8000000000175,356.54092,1068.300000000017,0.0,20,3,2,2022-06-13,2022-06-10,False,1742.9590800000005,0.003918485666010719
REDUCE_100_UPPER00,evaluation,STRESS,17,2022-08-05,2022-08-04,239623.41343999997,-6593.6999999999825,191.2608,562.9999999999893,0.0,21,2,2,2022-09-05,2022-09-02,False,-7347.960799999972,-0.03066461951490333
REDUCE_100_UPPER00,evaluation,STRESS,18,2022-09-21,2022-09-20,6379.4,-308.8000000000002,10.0,12.800000000000011,0.0,10,1,1,2022-10-12,2022-10-11,False,-331.6000000000002,-0.051979810013480926
REDUCE_100_UPPER00,evaluation,STRESS,19,2022-10-27,2022-10-26,6368.099999999999,120.69999999999982,10.0,13.600000000000012,0.0,7,1,1,2022-11-07,2022-11-04,False,97.09999999999981,0.015247876132598391
REDUCE_100_UPPER00,evaluation,STRESS,20,2023-01-17,2023-01-16,190884.3232,-1011.9999999999709,152.05759999999998,460.00000000003104,0.0,2,1,1,2023-01-19,2023-01-18,False,-1624.057600000002,-0.008508072180963689
REDUCE_100_UPPER00,evaluation,STRESS,21,2023-04-03,2023-03-31,249887.91519999996,1786.3999999999942,200.29856,615.9999999999868,0.0,7,1,1,2023-04-13,2023-04-12,False,970.1014400000074,0.0038821462783567517
REDUCE_100_UPPER00,evaluation,STRESS,22,2023-05-29,2023-05-26,6184.2,-28.800000000000182,10.0,12.7999999999993,0.0,10,1,1,2023-06-12,2023-06-09,False,-51.59999999999948,-0.0083438439895216
REDUCE_100_UPPER00,evaluation,STRESS,23,2023-08-23,2023-08-22,6107.4,160.0,10.0,12.800000000000011,0.0,9,1,1,2023-09-05,2023-09-04,False,137.2,0.022464551200183383
REDUCE_100_UPPER00,evaluation,STRESS,24,2023-10-18,2023-10-17,6300.1,-32.30000000000018,10.0,13.600000000000767,0.0,10,1,1,2023-11-01,2023-10-31,False,-55.90000000000095,-0.008872875033729773
REDUCE_100_UPPER00,evaluation,STRESS,25,2023-11-29,2023-11-28,6108.0,-176.79999999999927,10.0,13.600000000000012,0.0,10,1,1,2023-12-13,2023-12-12,False,-200.3999999999993,-0.03280943025540264
REDUCE_100_UPPER00,evaluation,STRESS,26,2024-02-19,2024-02-08,230908.52648,3735.7999999999884,185.9316,539.2000000000005,0.0,5,2,1,2024-02-26,2024-02-23,False,3010.6683999999877,0.013038359587214094
REDUCE_100_UPPER00,evaluation,STRESS,27,2024-03-05,2024-03-04,259806.08088000002,6642.0,210.1824,590.4000000000005,0.0,54,1,1,2024-05-27,2024-05-24,False,5841.4176,0.022483760119140748
REDUCE_100_UPPER00,evaluation,STRESS,28,2024-06-04,2024-06-03,131363.1392,3600.0,108.78152,302.40000000000026,0.0,32,2,1,2024-07-19,2024-07-18,False,3188.81848,0.02427483462575474
REDUCE_100_UPPER00,evaluation,STRESS,29,2024-08-02,2024-08-01,216933.13856,-3693.4000000000233,171.79944,500.79999999997267,0.0,3,1,1,2024-08-07,2024-08-06,False,-4365.999439999996,-0.020126014259423234
REDUCE_100_UPPER00,evaluation,STRESS,30,2024-08-28,2024-08-27,264627.40864000004,-9775.3,209.98324000000002,627.2000000000006,0.0,15,1,2,2024-09-20,2024-09-19,False,-10612.48324,-0.04010349228200037
REDUCE_100_UPPER00,evaluation,STRESS,31,2024-09-25,2024-09-24,254392.11616,84957.6,237.15328,655.1999999999925,0.0,4,1,1,2024-10-08,2024-09-30,False,84065.24672000001,0.3304553929931034
REDUCE_100_UPPER00,evaluation,STRESS,32,2024-10-09,2024-10-08,110726.2728,-6321.0,85.91400000000002,257.9999999999945,0.0,10,1,1,2024-10-23,2024-10-22,False,-6664.913999999994,-0.06019270613432943
REDUCE_100_UPPER00,evaluation,STRESS,33,2025-01-08,2025-01-07,8140.400000000001,96.60000000000036,10.0,16.800000000000015,0.0,10,1,1,2025-01-22,2025-01-21,False,69.80000000000035,0.00857451722274094
REDUCE_100_UPPER00,evaluation,STRESS,34,2025-04-09,2025-04-08,331315.77332,13504.900000000023,270.06476000000004,709.6000000000281,0.0,11,2,1,2025-04-24,2025-04-23,False,12525.235239999996,0.03780452441032003
REDUCE_100_UPPER00,evaluation,STRESS,35,2025-06-03,2025-05-30,341813.57076000003,17982.099999999977,280.2187600000001,789.00000000001,1733.6,41,3,1,2025-07-30,2025-07-29,False,18646.481239999965,0.054551611858302575
REDUCE_100_UPPER00,evaluation,STRESS,36,2025-09-05,2025-09-04,362782.0548,14634.799999999988,295.63792,813.9999999999826,0.0,7,1,2,2025-09-16,2025-09-15,False,13525.162080000007,0.037281783652326365
REDUCE_100_UPPER00,evaluation,STRESS,37,2025-11-26,2025-11-25,9215.0,222.0,10.0,20.00000000000135,0.0,8,1,1,2025-12-08,2025-12-05,False,191.99999999999864,0.020835594139989
REDUCE_100_UPPER00,evaluation,STRESS,38,2025-12-19,2025-12-18,289648.81320000003,3095.5999999999767,232.61744000000004,618.0000000000417,5559.6,35,1,3,2026-02-10,2026-02-09,False,7804.582559999935,0.02694498373314907
REDUCE_100_UPPER00,evaluation,STRESS,39,2026-03-25,2026-03-24,9486.5,132.3000000000011,10.0,20.999999999999552,0.0,10,1,1,2026-04-09,2026-04-08,False,101.30000000000155,0.010678332367048073
REDUCE_100_UPPER00,evaluation,STRESS,40,2026-05-06,2026-04-30,354750.64352000004,-1674.399999999965,282.72608,728.0000000000491,0.0,9,1,1,2026-05-19,2026-05-18,False,-2685.126080000014,-0.0075690520342879455
REDUCE_100_UPPER00,evaluation,STRESS,41,2026-06-05,2026-06-04,380987.334,1550.0,304.97800000000007,774.9999999999835,0.0,12,1,1,2026-06-24,2026-06-23,False,470.0220000000164,0.0012336945563655311
REDUCE_100_UPPER00,evaluation,STRESS,42,2026-07-21,2026-07-20,314196.3822,-4790.799999999988,250.32608000000002,668.9999999999875,0.0,10,2,1,2026-08-04,2026-08-03,False,-5710.126079999975,-0.018173748660050535
REDUCE_100_UPPER00,evaluation,STRESS,43,2026-08-07,2026-08-06,274289.87208,1804.2000000000116,219.83304000000004,581.9999999999876,0.0,5,1,1,2026-08-14,2026-08-13,True,1002.366960000024,0.0036544074792075132
REDUCE_100_UPPER00,earlier_diagnostic,BASE,1,2015-01-05,2014-12-31,218416.47456,36847.600000000006,94.65984,293.9999999999893,899.5000000000001,88,3,4,2015-05-18,2015-05-15,False,37358.44016000001,0.17104222671507996
REDUCE_100_UPPER00,earlier_diagnostic,BASE,2,2015-06-03,2015-06-02,42828.26394,-5917.9000000000015,15.93434,49.79999999999451,0.0,17,1,1,2015-06-29,2015-06-26,False,-5983.634339999996,-0.13971227851735324
REDUCE_100_UPPER00,earlier_diagnostic,BASE,3,2015-08-27,2015-08-26,5630.0,495.0,10.0,7.200000000000006,0.0,10,1,1,2015-09-14,2015-09-11,False,477.8,0.08486678507992895
REDUCE_100_UPPER00,earlier_diagnostic,BASE,4,2015-09-29,2015-09-28,205943.98056,25083.400000000023,87.32788000000001,249.60000000000022,0.0,61,2,3,2015-12-30,2015-12-29,False,24746.472120000024,0.12016118195205203
REDUCE_100_UPPER00,earlier_diagnostic,BASE,5,2016-01-13,2016-01-12,6246.5,-632.6999999999998,10.0,7.6000000000008505,96.89999999999999,10,1,1,2016-01-27,2016-01-26,False,-553.4000000000007,-0.08859361242295696
REDUCE_100_UPPER00,earlier_diagnostic,BASE,6,2016-05-03,2016-04-29,205060.10382000002,7009.200000000012,83.35756,259.60000000002907,0.0,61,1,1,2016-07-29,2016-07-28,False,6666.242439999982,0.032508724592529965
REDUCE_100_UPPER00,earlier_diagnostic,BASE,7,2016-09-07,2016-09-06,261522.59406,-3451.5,103.83646000000002,306.80000000003434,0.0,17,1,1,2016-10-11,2016-10-10,False,-3862.1364600000343,-0.014767888311454883
REDUCE_100_UPPER00,earlier_diagnostic,BASE,8,2017-02-13,2017-02-10,258832.95624,1819.1999999999825,103.81568000000001,303.2000000000003,0.0,11,1,1,2017-02-28,2017-02-27,False,1412.1843199999823,0.0054559679745362485
REDUCE_100_UPPER00,earlier_diagnostic,BASE,9,2017-05-10,2017-05-09,6371.9,153.89999999999964,10.0,7.600000000000007,0.0,5,1,1,2017-05-17,2017-05-16,False,136.29999999999964,0.021390793954707332
REDUCE_100_UPPER00,earlier_diagnostic,BASE,10,2017-05-18,2017-05-17,234715.93380000003,25428.699999999997,98.89814000000001,276.0000000000002,0.0,61,1,2,2017-08-15,2017-08-14,False,25053.801859999996,0.10674095045182652
REDUCE_100_UPPER00,earlier_diagnostic,BASE,11,2017-10-23,2017-10-20,285270.5427,7429.700000000012,115.49984,357.4999999999924,0.0,49,1,2,2017-12-29,2017-12-28,False,6956.7001600000185,0.0243863249747308
REDUCE_100_UPPER00,earlier_diagnostic,BASE,12,2018-01-12,2018-01-11,222901.77144,5397.1999999999825,90.15944000000002,314.39999999996536,2410.4,7,1,1,2018-01-23,2018-01-22,False,7403.040560000017,0.03321212080179786
REDUCE_100_UPPER00,earlier_diagnostic,BASE,13,2018-02-13,2018-02-12,214412.17385999998,8369.100000000035,87.36684000000001,273.5000000000185,0.0,11,1,1,2018-03-07,2018-03-06,False,8008.233160000016,0.03734971301223305
REDUCE_100_UPPER00,earlier_diagnostic,BASE,14,2018-03-28,2018-03-27,7369.4,77.89999999999964,10.0,7.599999999999163,0.0,10,1,1,2018-04-13,2018-04-12,False,60.30000000000047,0.008182484327082323
REDUCE_100_UPPER00,earlier_diagnostic,BASE,15,2018-04-19,2018-04-18,7539.0,22.0,10.0,7.999999999999119,0.0,10,1,1,2018-05-07,2018-05-04,False,4.000000000000881,0.0005305743467304524
REDUCE_100_UPPER00,earlier_diagnostic,BASE,16,2018-06-25,2018-06-22,7670.0,-415.8000000000002,10.0,8.400000000000007,0.0,3,1,1,2018-06-28,2018-06-27,False,-434.2000000000002,-0.056610169491525454
REDUCE_100_UPPER00,earlier_diagnostic,BASE,17,2018-10-09,2018-10-08,213299.6514,-2852.5999999999767,84.68052,258.8000000000002,0.0,9,2,1,2018-10-22,2018-10-19,False,-3196.080519999977,-0.014983993171214235
REDUCE_100_UPPER00,earlier_diagnostic,BASE,18,2018-12-25,2018-12-24,7370.599999999999,148.80000000000018,10.0,9.599999999998943,0.0,10,1,1,2019-01-10,2019-01-09,False,129.20000000000124,0.01752910210837669
REDUCE_100_UPPER00,earlier_diagnostic,BASE,19,2019-02-28,2019-02-27,284396.56794,9191.5,115.51290000000002,306.4000000000003,0.0,5,2,1,2019-03-07,2019-03-06,False,8769.5871,0.03083576979680763
REDUCE_100_UPPER00,earlier_diagnostic,BASE,20,2019-04-30,2019-04-29,7785.0,-400.0,10.0,8.000000000000895,0.0,2,1,1,2019-05-07,2019-05-06,False,-418.0000000000009,-0.05369299935773936
REDUCE_100_UPPER00,earlier_diagnostic,BASE,21,2019-05-31,2019-05-30,279186.22608000005,11719.799999999988,113.93484000000001,306.4000000000003,0.0,17,1,1,2019-06-26,2019-06-25,False,11299.465159999989,0.040472860422426996
REDUCE_100_UPPER00,earlier_diagnostic,BASE,22,2019-08-20,2019-08-19,295198.82795999997,4519.400000000023,118.89851999999999,306.4000000000343,0.0,28,1,1,2019-09-30,2019-09-27,False,4094.1014799999894,0.013868962516865915
REDUCE_100_UPPER00,earlier_diagnostic,BASE,23,2019-11-12,2019-11-11,327491.88528000005,-1321.5999999999767,130.64016,330.4000000000003,0.0,20,1,1,2019-12-10,2019-12-09,False,-1782.640159999977,-0.005443310934180399
REDUCE_100_UPPER00,earlier_diagnostic,BASE,24,2019-12-30,2019-12-27,325194.92598,5109.299999999988,130.9765,486.60000000001844,0.0,1,1,1,2019-12-31,2019-12-30,True,4491.72349999997,0.01381240339609794
REDUCE_100_UPPER00,earlier_diagnostic,STRESS,1,2015-01-05,2014-12-31,218599.30476000003,36831.49999999997,189.32612,539.9999999999951,899.5000000000001,88,3,4,2015-05-18,2015-05-15,False,37001.67387999998,0.16926711601678734
REDUCE_100_UPPER00,earlier_diagnostic,STRESS,2,2015-06-03,2015-06-02,42861.73784,-5917.9000000000015,31.872,91.300000000001,0.0,17,1,1,2015-06-29,2015-06-26,False,-6041.072000000003,-0.14094323525917032
REDUCE_100_UPPER00,earlier_diagnostic,STRESS,3,2015-08-27,2015-08-26,5633.6,495.0,10.0,14.400000000000013,0.0,10,1,1,2015-09-14,2015-09-11,False,470.59999999999997,0.0835345072422607
REDUCE_100_UPPER00,earlier_diagnostic,STRESS,4,2015-09-29,2015-09-28,205453.54856000002,25018.600000000006,174.10552,497.6000000000005,0.0,61,2,3,2015-12-30,2015-12-29,False,24346.894480000003,0.11850315874631784
REDUCE_100_UPPER00,earlier_diagnostic,STRESS,5,2016-01-13,2016-01-12,6250.3,-632.6999999999998,10.0,13.300000000000223,96.89999999999999,10,1,1,2016-01-27,2016-01-26,False,-559.1,-0.08945170631809674
REDUCE_100_UPPER00,earlier_diagnostic,STRESS,6,2016-05-03,2016-04-29,204598.50668000002,6987.600000000006,166.20136000000002,517.6000000000005,0.0,61,1,1,2016-07-29,2016-07-28,False,6303.798640000005,0.030810579912293252
REDUCE_100_UPPER00,earlier_diagnostic,STRESS,7,2016-09-07,2016-09-06,261387.11304,-3447.0,207.40216,612.8000000000005,0.0,17,1,1,2016-10-11,2016-10-10,False,-4267.202160000001,-0.016325220131824143
REDUCE_100_UPPER00,earlier_diagnostic,STRESS,8,2017-02-13,2017-02-10,256985.95328,1804.7999999999884,205.98784,601.6000000000006,0.0,11,1,1,2017-02-28,2017-02-27,False,997.2121599999878,0.0038804150470958683
REDUCE_100_UPPER00,earlier_diagnostic,STRESS,9,2017-05-10,2017-05-09,6375.700000000001,153.89999999999964,10.0,15.200000000000014,0.0,5,1,1,2017-05-17,2017-05-16,False,128.69999999999962,0.020186018790093574
REDUCE_100_UPPER00,earlier_diagnostic,STRESS,10,2017-05-18,2017-05-17,232858.30608,25207.499999999985,196.07628000000003,547.2000000000005,0.0,61,1,2,2017-08-15,2017-08-14,False,24464.223719999984,0.10506055863686965
REDUCE_100_UPPER00,earlier_diagnostic,STRESS,11,2017-10-23,2017-10-20,282675.82512,7352.499999999971,228.73636,637.1999999999928,0.0,49,1,2,2017-12-29,2017-12-28,False,6486.5636399999785,0.022947005239115647
REDUCE_100_UPPER00,earlier_diagnostic,STRESS,12,2018-01-12,2018-01-11,220922.8338,5345.6999999999825,178.59828,518.999999999989,2387.4,7,1,1,2018-01-23,2018-01-22,False,7035.501719999993,0.03184596901544902
REDUCE_100_UPPER00,earlier_diagnostic,STRESS,13,2018-02-13,2018-02-12,212210.95044000002,8277.300000000047,172.81704000000002,486.9000000000185,0.0,11,1,1,2018-03-07,2018-03-06,False,7617.582960000028,0.035896276531468645
REDUCE_100_UPPER00,earlier_diagnostic,STRESS,14,2018-03-28,2018-03-27,7373.2,77.89999999999964,10.0,15.200000000000014,0.0,10,1,1,2018-04-13,2018-04-12,False,52.69999999999962,0.007147507188195033
REDUCE_100_UPPER00,earlier_diagnostic,STRESS,15,2018-04-19,2018-04-18,7543.0,22.0,10.0,15.999999999999126,0.0,10,1,1,2018-05-07,2018-05-04,False,-3.999999999999126,-0.0005302929868751327
REDUCE_100_UPPER00,earlier_diagnostic,STRESS,16,2018-06-25,2018-06-22,7309.0,-396.0,10.0,16.000000000000014,0.0,3,1,1,2018-06-28,2018-06-27,False,-422.0,-0.057737036530305104
REDUCE_100_UPPER00,earlier_diagnostic,STRESS,17,2018-10-09,2018-10-08,210508.26963999998,-2818.899999999994,167.00756,510.40000000000043,0.0,9,2,1,2018-10-22,2018-10-19,False,-3496.3075599999947,-0.016608884610467767
REDUCE_100_UPPER00,earlier_diagnostic,STRESS,18,2018-12-25,2018-12-24,7375.400000000001,148.80000000000018,10.0,19.200000000000017,0.0,10,1,1,2019-01-10,2019-01-09,False,119.60000000000016,0.01621606963690107
REDUCE_100_UPPER00,earlier_diagnostic,STRESS,19,2019-02-28,2019-02-27,280901.91584000003,9060.799999999988,228.01408,604.8000000000005,0.0,5,2,1,2019-03-07,2019-03-06,False,8227.985919999986,0.029291312931758698
REDUCE_100_UPPER00,earlier_diagnostic,STRESS,20,2019-04-30,2019-04-29,7399.8,-379.9999999999991,10.0,15.200000000000014,0.0,2,1,1,2019-05-07,2019-05-06,False,-405.1999999999991,-0.05475823670910012
REDUCE_100_UPPER00,earlier_diagnostic,STRESS,21,2019-05-31,2019-05-30,275383.1092,20989.0,228.37240000000003,604.0000000000006,0.0,23,1,1,2019-07-04,2019-07-03,False,20156.6276,0.07319485809625684
REDUCE_100_UPPER00,earlier_diagnostic,STRESS,22,2019-08-20,2019-08-19,320439.12440000003,1437.2999999999884,256.55368,675.0999999999987,0.0,28,2,1,2019-09-30,2019-09-27,False,505.6463199999897,0.0015779793461450041
REDUCE_100_UPPER00,earlier_diagnostic,STRESS,23,2019-11-12,2019-11-11,328516.15392,-1324.8000000000466,261.91296,662.4000000000005,0.0,20,1,1,2019-12-10,2019-12-09,False,-2249.112960000047,-0.0068462781302004085
REDUCE_100_UPPER00,earlier_diagnostic,STRESS,24,2019-12-30,2019-12-27,325823.47728,5115.599999999977,262.276,811.9999999999827,0.0,1,1,1,2019-12-31,2019-12-30,True,4041.323999999994,0.012403415597111923
REDUCE_100_LOWER00,evaluation,BASE,1,2020-01-02,2019-12-31,170726.33844000002,-1283.3999999999942,67.97052000000001,248.4000000000094,0.0,14,1,1,2020-01-22,2020-01-21,False,-1599.7705200000037,-0.00937037913785181
REDUCE_100_LOWER00,evaluation,BASE,2,2020-02-05,2020-02-04,125341.66332,9552.300000000017,52.004000000000005,165.50000000001117,0.0,19,1,2,2020-03-03,2020-03-02,False,9334.796000000006,0.07447480552550247
REDUCE_100_LOWER00,evaluation,BASE,3,2020-03-23,2020-03-20,4963.8,308.0,10.0,5.600000000000005,0.0,10,1,1,2020-04-07,2020-04-03,False,292.4,0.05890648293645996
REDUCE_100_LOWER00,evaluation,BASE,4,2020-07-01,2020-06-30,194650.4223,23764.199999999983,82.54212000000001,276.6000000000105,0.0,5,2,1,2020-07-08,2020-07-07,False,23405.057879999975,0.12024149551511132
REDUCE_100_LOWER00,evaluation,BASE,5,2020-08-19,2020-08-18,76474.2918,-2292.199999999997,30.106320000000004,94.20000000000357,0.0,31,1,1,2020-10-09,2020-09-30,False,-2416.5063200000004,-0.03159893688613407
REDUCE_100_LOWER00,evaluation,BASE,6,2020-12-15,2020-12-14,219087.60876000003,20742.399999999965,91.71344,262.80000000000996,3153.6,25,1,2,2021-01-20,2021-01-19,False,23541.486559999954,0.10745238716712877
REDUCE_100_LOWER00,evaluation,BASE,7,2021-02-03,2021-02-02,41762.75088,1907.5999999999985,17.07416,45.60000000000173,0.0,7,1,1,2021-02-19,2021-02-18,False,1844.925839999997,0.044176348567199486
REDUCE_100_LOWER00,evaluation,BASE,8,2021-03-11,2021-03-10,6037.400000000001,-141.60000000000036,10.0,7.199999999999207,0.0,10,1,1,2021-03-25,2021-03-24,False,-158.79999999999956,-0.026302713088415468
REDUCE_100_LOWER00,evaluation,BASE,9,2021-06-08,2021-06-07,218181.7637,-2112.399999999994,92.98656,247.79999999998398,0.0,31,2,3,2021-07-22,2021-07-21,False,-2453.186559999978,-0.011243774540997432
REDUCE_100_LOWER00,evaluation,BASE,10,2021-07-29,2021-07-28,251522.89452,8259.29999999996,102.17934000000001,307.7999999999661,0.0,10,1,1,2021-08-12,2021-08-11,False,7849.320659999994,0.03120718165628398
REDUCE_100_LOWER00,evaluation,BASE,11,2021-10-29,2021-10-28,316719.63126,5722.799999999959,127.73112,379.79999999997443,0.0,32,3,2,2021-12-14,2021-12-13,False,5215.268879999984,0.01646651601371274
REDUCE_100_LOWER00,evaluation,BASE,12,2022-01-10,2022-01-07,6363.3,-166.39999999999964,10.0,7.800000000000296,97.5,10,1,1,2022-01-24,2022-01-21,False,-86.69999999999993,-0.013625005893168628
REDUCE_100_LOWER00,evaluation,BASE,13,2022-01-27,2022-01-26,6579.4,-123.19999999999891,10.0,8.400000000000318,0.0,10,1,1,2022-02-17,2022-02-16,False,-141.59999999999923,-0.021521719305711652
REDUCE_100_LOWER00,evaluation,BASE,14,2022-03-11,2022-03-10,6351.5,-289.5,10.0,9.000000000000341,0.0,3,1,1,2022-03-16,2022-03-15,False,-308.50000000000034,-0.04857120365268052
REDUCE_100_LOWER00,evaluation,BASE,15,2022-04-25,2022-04-22,6320.2,16.0,10.0,6.400000000000006,0.0,10,1,1,2022-05-12,2022-05-11,False,-0.4000000000000057,-6.328913641973446e-05
REDUCE_100_LOWER00,evaluation,BASE,16,2022-05-13,2022-05-12,446167.41564,4930.399999999965,179.28984,637.5999999999793,0.0,20,3,2,2022-06-13,2022-06-10,False,4113.510159999985,0.00921965615552495
REDUCE_100_LOWER00,evaluation,BASE,17,2022-08-05,2022-08-04,241582.37519999998,-4783.1999999999825,99.25648000000001,340.8000000000129,0.0,21,2,2,2022-09-05,2022-09-02,False,-5223.2564799999955,-0.021621016333148446
REDUCE_100_LOWER00,evaluation,BASE,18,2022-09-21,2022-09-20,6376.200000000001,-308.8000000000002,10.0,6.400000000000006,0.0,10,1,1,2022-10-12,2022-10-11,False,-325.20000000000016,-0.05100216429848501
REDUCE_100_LOWER00,evaluation,BASE,19,2022-10-27,2022-10-26,6364.7,120.69999999999982,10.0,6.800000000000006,0.0,7,1,1,2022-11-07,2022-11-04,False,103.8999999999998,0.016324414347887537
REDUCE_100_LOWER00,evaluation,BASE,20,2023-01-17,2023-01-16,194071.60656,-1029.5999999999767,77.35104000000001,280.80000000001064,0.0,2,1,1,2023-01-19,2023-01-18,False,-1387.7510399999874,-0.007150716504070081
REDUCE_100_LOWER00,evaluation,BASE,21,2023-04-03,2023-03-31,254579.30568,1821.1999999999825,102.10024000000001,376.7999999999585,0.0,7,1,1,2023-04-13,2023-04-12,False,1342.299760000024,0.005272619298000845
REDUCE_100_LOWER00,evaluation,BASE,22,2023-05-29,2023-05-26,6567.0,-30.600000000000364,10.0,6.799999999999251,0.0,10,1,1,2023-06-12,2023-06-09,False,-47.399999999999615,-0.007217907720420224
REDUCE_100_LOWER00,evaluation,BASE,23,2023-08-23,2023-08-22,6485.400000000001,170.0,10.0,6.800000000000761,0.0,9,1,1,2023-09-05,2023-09-04,False,153.19999999999925,0.023622290066919426
REDUCE_100_LOWER00,evaluation,BASE,24,2023-10-18,2023-10-17,6296.7,-32.30000000000018,10.0,6.800000000000761,0.0,10,1,1,2023-11-01,2023-10-31,False,-49.100000000000946,-0.007797735321676584
REDUCE_100_LOWER00,evaluation,BASE,25,2023-11-29,2023-11-28,6463.400000000001,-187.19999999999982,10.0,7.200000000000806,0.0,10,1,1,2023-12-13,2023-12-12,False,-204.40000000000063,-0.031624222545409635
REDUCE_100_LOWER00,evaluation,BASE,26,2024-02-19,2024-02-08,235520.5947,3812.899999999994,94.89694,275.1999999999892,0.0,5,2,1,2024-02-26,2024-02-23,False,3442.8030600000047,0.01461784292955509
REDUCE_100_LOWER00,evaluation,BASE,27,2024-03-05,2024-03-04,265234.83636,6786.0,107.3696,301.59999999996677,0.0,54,1,1,2024-05-27,2024-05-24,False,6377.030400000033,0.024042959392199022
REDUCE_100_LOWER00,evaluation,BASE,28,2024-06-04,2024-06-03,135075.91772,3711.100000000006,58.43786000000001,155.60000000000014,0.0,32,2,1,2024-07-19,2024-07-18,False,3497.0621400000055,0.025889604890555657
REDUCE_100_LOWER00,evaluation,BASE,29,2024-08-02,2024-08-01,222997.39056000003,-3799.600000000006,88.36968000000002,257.60000000000025,0.0,3,1,1,2024-08-07,2024-08-06,False,-4145.569680000006,-0.018590216098894632
REDUCE_100_LOWER00,evaluation,BASE,30,2024-08-28,2024-08-27,271163.02176,-10180.800000000017,110.04064,321.59999999996455,0.0,15,1,2,2024-09-20,2024-09-19,False,-10612.44063999998,-0.03913675460289273
REDUCE_100_LOWER00,evaluation,BASE,31,2024-09-25,2024-09-24,261179.02536000003,77426.79999999999,119.86128000000002,373.99999999995885,0.0,4,1,2,2024-10-08,2024-09-30,False,76932.93872000003,0.29456017233374066
REDUCE_100_LOWER00,evaluation,BASE,32,2024-10-09,2024-10-08,110652.52608000001,-6321.0,42.957,154.80000000000587,0.0,10,1,1,2024-10-23,2024-10-22,False,-6518.757000000006,-0.05891195827998584
REDUCE_100_LOWER00,evaluation,BASE,33,2025-01-08,2025-01-07,8136.2,96.60000000000036,10.0,8.399999999999075,0.0,10,1,1,2025-01-22,2025-01-21,False,78.2000000000013,0.00961136648558311
REDUCE_100_LOWER00,evaluation,BASE,34,2025-04-09,2025-04-08,331072.10118000006,13504.900000000023,135.03238000000002,354.8000000000397,0.0,11,2,1,2025-04-24,2025-04-23,False,13015.067619999983,0.03931188273977771
REDUCE_100_LOWER00,evaluation,BASE,35,2025-06-03,2025-05-30,341939.97432,17618.79999999999,140.18232,450.4000000000176,1636.8,41,3,1,2025-07-30,2025-07-29,False,18665.01767999997,0.05458565561724165
REDUCE_100_LOWER00,evaluation,BASE,36,2025-09-05,2025-09-04,362992.0839,14833.0,148.03660000000002,488.9999999999461,0.0,7,1,1,2025-09-16,2025-09-15,False,14195.963400000055,0.03910819003951302
REDUCE_100_LOWER00,evaluation,BASE,37,2025-11-26,2025-11-25,9211.0,222.0,10.0,12.000000000000455,0.0,8,1,1,2025-12-08,2025-12-05,False,199.99999999999955,0.021713169037020905
REDUCE_100_LOWER00,evaluation,BASE,38,2025-12-19,2025-12-18,290404.0692,4135.300000000003,116.89106000000001,371.9999999999991,5559.6,35,1,3,2026-02-10,2026-02-09,False,9206.008940000003,0.031700688510875735
REDUCE_100_LOWER00,evaluation,BASE,39,2026-03-25,2026-03-24,9482.3,132.3000000000011,10.0,12.600000000000477,0.0,10,1,1,2026-04-09,2026-04-08,False,109.70000000000061,0.011568923151556122
REDUCE_100_LOWER00,evaluation,BASE,40,2026-05-06,2026-04-30,356482.08216,-1683.5999999999767,142.13976000000002,439.20000000001664,0.0,9,1,1,2026-05-19,2026-05-18,False,-2264.9397599999934,-0.006353586542909104
REDUCE_100_LOWER00,evaluation,BASE,41,2026-06-05,2026-06-04,383212.6272,3136.7999999999884,153.78816,467.9999999999918,0.0,12,1,2,2026-06-24,2026-06-23,False,2515.0118399999965,0.006562967035758462
REDUCE_100_LOWER00,evaluation,BASE,42,2026-07-21,2026-07-20,318695.55374,-4467.400000000023,132.75852,407.3999999999569,0.0,10,2,2,2026-08-04,2026-08-03,False,-5007.5585199999805,-0.01571267142335244
REDUCE_100_LOWER00,evaluation,BASE,43,2026-08-07,2026-08-06,277886.56620000006,1829.0,111.42740000000002,354.0000000000134,0.0,5,1,1,2026-08-14,2026-08-13,True,1363.5725999999866,0.00490693961441302
REDUCE_100_LOWER00,evaluation,STRESS,1,2020-01-02,2019-12-31,170843.31,-1283.3999999999942,135.94104000000002,413.9999999999912,0.0,14,1,1,2020-01-22,2020-01-21,False,-1833.3410399999852,-0.010731125731525485
REDUCE_100_LOWER00,evaluation,STRESS,2,2020-02-05,2020-02-04,125054.00160000002,9525.0,103.69440000000002,297.00000000001125,0.0,19,1,2,2020-03-03,2020-03-02,False,9124.305599999989,0.07296292388295704
REDUCE_100_LOWER00,evaluation,STRESS,3,2020-03-23,2020-03-20,4966.6,308.0,10.0,11.199999999999388,0.0,10,1,1,2020-04-07,2020-04-03,False,286.80000000000064,0.05774574155357803
REDUCE_100_LOWER00,evaluation,STRESS,4,2020-07-01,2020-06-30,194362.2138,23709.5,164.72740000000002,460.00000000000574,0.0,5,2,1,2020-07-08,2020-07-07,False,23084.772599999993,0.11877191635486503
REDUCE_100_LOWER00,evaluation,STRESS,5,2020-08-19,2020-08-18,76033.60128,-2277.5999999999913,59.82912,155.99999999999667,0.0,31,1,1,2020-10-09,2020-09-30,False,-2493.429119999988,-0.03279377904010793
REDUCE_100_LOWER00,evaluation,STRESS,6,2020-12-15,2020-12-14,217717.5522,20586.39999999998,182.14756,478.49999999998863,3131.9999999999995,25,1,2,2021-01-20,2021-01-19,False,23057.75243999999,0.10590672275618203
REDUCE_100_LOWER00,evaluation,STRESS,7,2021-02-03,2021-02-02,41793.910879999996,1907.5999999999985,34.14832,91.20000000000346,0.0,7,1,1,2021-02-19,2021-02-18,False,1782.251679999995,0.042643812040401116
REDUCE_100_LOWER00,evaluation,STRESS,8,2021-03-11,2021-03-10,6041.0,-141.60000000000036,10.0,13.200000000000145,0.0,10,1,1,2021-03-25,2021-03-24,False,-164.80000000000052,-0.027280251613971282
REDUCE_100_LOWER00,evaluation,STRESS,9,2021-06-08,2021-06-07,217290.08127999998,-2080.8000000000175,176.06928,493.1999999999933,0.0,31,2,3,2021-07-22,2021-07-21,False,-2750.069280000011,-0.012656211750670165
REDUCE_100_LOWER00,evaluation,STRESS,10,2021-07-29,2021-07-28,249713.44544,8194.899999999965,202.74488000000002,559.899999999961,0.0,10,1,1,2021-08-12,2021-08-11,False,7432.255120000003,0.029763135528822742
REDUCE_100_LOWER00,evaluation,STRESS,11,2021-10-29,2021-10-28,312391.20652,5710.399999999936,251.82284000000004,685.8999999999776,0.0,32,3,2,2021-12-14,2021-12-13,False,4772.677159999958,0.015277885741941973
REDUCE_100_LOWER00,evaluation,STRESS,12,2022-01-10,2022-01-07,6365.9,-166.39999999999964,10.0,12.999999999999723,97.5,10,1,1,2022-01-24,2022-01-21,False,-91.89999999999935,-0.014436293375641993
REDUCE_100_LOWER00,evaluation,STRESS,13,2022-01-27,2022-01-26,6112.400000000001,-114.39999999999873,10.0,13.000000000000878,0.0,10,1,1,2022-02-17,2022-02-16,False,-137.3999999999996,-0.022478895360251227
REDUCE_100_LOWER00,evaluation,STRESS,14,2022-03-11,2022-03-10,6354.499999999999,-289.5,10.0,14.99999999999968,0.0,3,1,1,2022-03-16,2022-03-15,False,-314.49999999999966,-0.04949248564009752
REDUCE_100_LOWER00,evaluation,STRESS,15,2022-04-25,2022-04-22,6323.400000000001,16.0,10.0,12.800000000000722,0.0,10,1,1,2022-05-12,2022-05-11,False,-6.800000000000722,-0.0010753708447987984
REDUCE_100_LOWER00,evaluation,STRESS,16,2022-05-13,2022-05-12,442379.28096,4874.1999999999825,355.2866,1062.5000000000168,0.0,20,3,2,2022-06-13,2022-06-10,False,3456.4133999999653,0.007813235268386122
REDUCE_100_LOWER00,evaluation,STRESS,17,2022-08-05,2022-08-04,238771.67287999997,-4720.899999999965,191.3296,560.9999999999894,0.0,21,2,2,2022-09-05,2022-09-02,False,-5473.229599999954,-0.022922441066745167
REDUCE_100_LOWER00,evaluation,STRESS,18,2022-09-21,2022-09-20,6379.4,-308.8000000000002,10.0,12.800000000000011,0.0,10,1,1,2022-10-12,2022-10-11,False,-331.6000000000002,-0.051979810013480926
REDUCE_100_LOWER00,evaluation,STRESS,19,2022-10-27,2022-10-26,6368.099999999999,120.69999999999982,10.0,13.600000000000012,0.0,7,1,1,2022-11-07,2022-11-04,False,97.09999999999981,0.015247876132598391
REDUCE_100_LOWER00,evaluation,STRESS,20,2023-01-17,2023-01-16,191714.25504,-1016.3999999999651,152.71872,462.00000000003115,0.0,2,1,1,2023-01-19,2023-01-18,False,-1631.1187199999963,-0.008508072180963661
REDUCE_100_LOWER00,evaluation,STRESS,21,2023-04-03,2023-03-31,251104.90179999996,1795.0999999999767,201.27403999999999,618.9999999999868,0.0,7,1,1,2023-04-13,2023-04-12,False,974.8259599999899,0.003882146278356682
REDUCE_100_LOWER00,evaluation,STRESS,22,2023-05-29,2023-05-26,6184.2,-28.800000000000182,10.0,12.7999999999993,0.0,10,1,1,2023-06-12,2023-06-09,False,-51.59999999999948,-0.0083438439895216
REDUCE_100_LOWER00,evaluation,STRESS,23,2023-08-23,2023-08-22,6107.4,160.0,10.0,12.800000000000011,0.0,9,1,1,2023-09-05,2023-09-04,False,137.2,0.022464551200183383
REDUCE_100_LOWER00,evaluation,STRESS,24,2023-10-18,2023-10-17,6300.1,-32.30000000000018,10.0,13.600000000000767,0.0,10,1,1,2023-11-01,2023-10-31,False,-55.90000000000095,-0.008872875033729773
REDUCE_100_LOWER00,evaluation,STRESS,25,2023-11-29,2023-11-28,6467.0,-187.19999999999982,10.0,14.400000000000013,0.0,10,1,1,2023-12-13,2023-12-12,False,-211.59999999999982,-0.032719962888510874
REDUCE_100_LOWER00,evaluation,STRESS,26,2024-02-19,2024-02-08,231936.93768000003,3751.8000000000175,186.75944,541.6000000000005,0.0,5,2,1,2024-02-26,2024-02-23,False,3023.4405600000173,0.013035614724599898
REDUCE_100_LOWER00,evaluation,STRESS,27,2024-03-05,2024-03-04,260862.20316000003,6669.0,211.03680000000003,592.8000000000005,0.0,54,1,1,2024-05-27,2024-05-24,False,5865.1632,0.022483760119140748
REDUCE_100_LOWER00,evaluation,STRESS,28,2024-06-04,2024-06-03,132057.01664000002,3620.2000000000116,109.34384,304.0000000000003,0.0,32,2,1,2024-07-19,2024-07-18,False,3206.856160000011,0.02428387556824948
REDUCE_100_LOWER00,evaluation,STRESS,29,2024-08-02,2024-08-01,217972.75424,-3711.100000000006,172.62276000000003,503.19999999997253,0.0,3,1,1,2024-08-07,2024-08-06,False,-4386.922759999979,-0.02012601425942315
REDUCE_100_LOWER00,evaluation,STRESS,30,2024-08-28,2024-08-27,265977.54848,-9979.100000000017,210.98012,630.4000000000005,0.0,15,1,2,2024-09-20,2024-09-19,False,-10820.480120000018,-0.04068193041794901
REDUCE_100_LOWER00,evaluation,STRESS,31,2024-09-25,2024-09-24,255440.43532,75507.79999999999,234.2106,657.8999999999925,0.0,4,1,2,2024-10-08,2024-09-30,False,74615.68939999999,0.29210602192454793
REDUCE_100_LOWER00,evaluation,STRESS,32,2024-10-09,2024-10-08,107722.0716,-6149.5,83.583,250.99999999999466,0.0,10,1,1,2024-10-23,2024-10-22,False,-6484.082999999994,-0.060192706134329435
REDUCE_100_LOWER00,evaluation,STRESS,33,2025-01-08,2025-01-07,7753.0,92.0,10.0,16.000000000000014,0.0,10,1,1,2025-01-22,2025-01-21,False,65.99999999999999,0.008512833741777375
REDUCE_100_LOWER00,evaluation,STRESS,34,2025-04-09,2025-04-08,323094.186,13174.0,263.3648,692.0000000000274,0.0,11,2,1,2025-04-24,2025-04-23,False,12218.635199999973,0.037817564442338726
REDUCE_100_LOWER00,evaluation,STRESS,35,2025-06-03,2025-05-30,333366.7934,17539.800000000047,273.29492000000005,769.5000000000097,1689.6,41,3,1,2025-07-30,2025-07-29,False,18186.605080000034,0.054554339064533934
REDUCE_100_LOWER00,evaluation,STRESS,36,2025-09-05,2025-09-04,353868.4908,14450.799999999988,288.44432,793.9999999999831,0.0,7,1,1,2025-09-16,2025-09-15,False,13368.355680000004,0.037777750852520955
REDUCE_100_LOWER00,evaluation,STRESS,37,2025-11-26,2025-11-25,8754.5,210.90000000000146,10.0,19.000000000001283,0.0,8,1,1,2025-12-08,2025-12-05,False,181.90000000000018,0.020777885658804063
REDUCE_100_LOWER00,evaluation,STRESS,38,2025-12-19,2025-12-18,282149.81480000005,3965.699999999997,226.97508000000005,602.0000000000407,5424.3,35,1,3,2026-02-10,2026-02-09,False,8561.024919999956,0.030342124895840813
REDUCE_100_LOWER00,evaluation,STRESS,39,2026-03-25,2026-03-24,9035.0,126.0,10.0,19.999999999999574,0.0,10,1,1,2026-04-09,2026-04-08,False,96.00000000000043,0.010625345877144485
REDUCE_100_LOWER00,evaluation,STRESS,40,2026-05-06,2026-04-30,346953.92608,-1637.5999999999767,276.51232000000005,712.000000000048,0.0,9,1,1,2026-05-19,2026-05-18,False,-2626.1123200000247,-0.0075690520342879776
REDUCE_100_LOWER00,evaluation,STRESS,41,2026-06-05,2026-06-04,372630.19247999997,3060.399999999994,298.90592000000004,757.9999999999839,0.0,12,1,2,2026-06-24,2026-06-23,False,2003.4940800000102,0.00537662841184707
REDUCE_100_LOWER00,evaluation,STRESS,42,2026-07-21,2026-07-20,308560.1286,-4321.600000000046,247.50548000000003,656.9999999999877,0.0,10,2,2,2026-08-04,2026-08-03,False,-5226.105480000033,-0.016937073184769322
REDUCE_100_LOWER00,evaluation,STRESS,43,2026-08-07,2026-08-06,269576.98768,1773.2000000000116,216.05584000000002,571.9999999999878,0.0,5,1,1,2026-08-14,2026-08-13,True,985.1441600000238,0.0036544074792075137
REDUCE_100_LOWER00,earlier_diagnostic,BASE,1,2015-01-05,2014-12-31,219454.28208,37178.70000000001,95.14080000000001,295.5000000000109,899.5000000000001,88,3,4,2015-05-18,2015-05-15,False,37687.5592,0.1717330773534934
REDUCE_100_LOWER00,earlier_diagnostic,BASE,2,2015-06-03,2015-06-02,43344.26712,-5989.199999999997,16.12632,50.39999999999445,0.0,17,1,1,2015-06-29,2015-06-26,False,-6055.726319999992,-0.13971227851735313
REDUCE_100_LOWER00,earlier_diagnostic,BASE,3,2015-08-27,2015-08-26,5630.0,495.0,10.0,7.200000000000006,0.0,10,1,1,2015-09-14,2015-09-11,False,477.8,0.08486678507992895
REDUCE_100_LOWER00,earlier_diagnostic,BASE,4,2015-09-29,2015-09-28,205943.98056,25419.40000000001,87.39508000000001,249.59999999999332,0.0,61,2,3,2015-12-30,2015-12-29,False,25082.404920000015,0.1217923672825799
REDUCE_100_LOWER00,earlier_diagnostic,BASE,5,2016-01-13,2016-01-12,6246.5,-632.6999999999998,10.0,7.6000000000008505,96.89999999999999,10,1,1,2016-01-27,2016-01-26,False,-553.4000000000007,-0.08859361242295696
REDUCE_100_LOWER00,earlier_diagnostic,BASE,6,2016-05-03,2016-04-29,205692.03018000003,7030.799999999988,83.61444,260.40000000002914,0.0,61,1,1,2016-07-29,2016-07-28,False,6686.785559999959,0.032508724592529854
REDUCE_100_LOWER00,earlier_diagnostic,BASE,7,2016-09-07,2016-09-06,262204.53042,-3460.499999999971,104.10722000000001,307.6000000000344,0.0,17,1,1,2016-10-11,2016-10-10,False,-3872.2072200000052,-0.014767888311454772
REDUCE_100_LOWER00,earlier_diagnostic,BASE,8,2017-02-13,2017-02-10,259174.42452,1821.6000000000058,103.95264,303.60000000000025,0.0,11,1,1,2017-02-28,2017-02-27,False,1414.0473600000055,0.005455967974536338
REDUCE_100_LOWER00,earlier_diagnostic,BASE,9,2017-05-10,2017-05-09,6371.9,153.89999999999964,10.0,7.600000000000007,0.0,5,1,1,2017-05-17,2017-05-16,False,136.29999999999964,0.021390793954707332
REDUCE_100_LOWER00,earlier_diagnostic,BASE,10,2017-05-18,2017-05-17,235056.10182,26057.59999999999,99.15988000000002,276.40000000000026,0.0,61,1,2,2017-08-15,2017-08-14,False,25682.04011999999,0.10925919353357882
REDUCE_100_LOWER00,earlier_diagnostic,BASE,11,2017-10-23,2017-10-20,286467.48204000003,7477.799999999959,115.98784,358.99999999997067,0.0,49,1,2,2017-12-29,2017-12-28,False,7002.812159999989,0.0244453999111221
REDUCE_100_LOWER00,earlier_diagnostic,BASE,12,2018-01-12,2018-01-11,224177.92662,5428.099999999977,90.67562000000001,316.19999999996514,2424.2,7,1,1,2018-01-23,2018-01-22,False,7445.424380000011,0.033212120801797834
REDUCE_100_LOWER00,earlier_diagnostic,BASE,13,2018-02-13,2018-02-12,215588.109,8415.00000000003,87.846,275.00000000001853,0.0,11,1,1,2018-03-07,2018-03-06,False,8052.154000000011,0.03734971301223303
REDUCE_100_LOWER00,earlier_diagnostic,BASE,14,2018-03-28,2018-03-27,7369.4,77.89999999999964,10.0,7.599999999999163,0.0,10,1,1,2018-04-13,2018-04-12,False,60.30000000000047,0.008182484327082323
REDUCE_100_LOWER00,earlier_diagnostic,BASE,15,2018-04-19,2018-04-18,7539.0,22.0,10.0,7.999999999999119,0.0,10,1,1,2018-05-07,2018-05-04,False,4.000000000000881,0.0005305743467304524
REDUCE_100_LOWER00,earlier_diagnostic,BASE,16,2018-06-25,2018-06-22,7670.0,-415.8000000000002,10.0,8.400000000000007,0.0,3,1,1,2018-06-28,2018-06-27,False,-434.2000000000002,-0.056610169491525454
REDUCE_100_LOWER00,earlier_diagnostic,BASE,17,2018-10-09,2018-10-08,214293.95022,-2871.0999999999767,85.07422000000001,260.0000000000002,0.0,9,2,1,2018-10-22,2018-10-19,False,-3216.174219999977,-0.015008236194713687
REDUCE_100_LOWER00,earlier_diagnostic,BASE,18,2018-12-25,2018-12-24,7370.599999999999,148.80000000000018,10.0,9.599999999998943,0.0,10,1,1,2019-01-10,2019-01-09,False,129.20000000000124,0.01752910210837669
REDUCE_100_LOWER00,earlier_diagnostic,BASE,19,2019-02-28,2019-02-27,285885.46566,9235.700000000012,116.11686,308.0000000000002,0.0,5,2,1,2019-03-07,2019-03-06,False,8811.583140000012,0.030822074566321318
REDUCE_100_LOWER00,earlier_diagnostic,BASE,20,2019-04-30,2019-04-29,7785.0,-400.0,10.0,8.000000000000895,0.0,2,1,1,2019-05-07,2019-05-06,False,-418.0000000000009,-0.05369299935773936
REDUCE_100_LOWER00,earlier_diagnostic,BASE,21,2019-05-31,2019-05-30,280279.64472000004,11765.700000000012,114.38106000000002,307.60000000000025,0.0,17,1,1,2019-06-26,2019-06-25,False,11343.718940000012,0.04047286042242708
REDUCE_100_LOWER00,earlier_diagnostic,BASE,22,2019-08-20,2019-08-19,296354.95914,4537.099999999977,119.36418,307.6000000000344,0.0,28,1,1,2019-09-30,2019-09-27,False,4110.135819999943,0.013868962516865757
REDUCE_100_LOWER00,earlier_diagnostic,BASE,23,2019-11-12,2019-11-11,329077.8024,-1328.0,131.27280000000002,332.00000000000034,0.0,20,1,1,2019-12-10,2019-12-09,False,-1791.2728000000002,-0.005443310934180471
REDUCE_100_LOWER00,earlier_diagnostic,BASE,24,2019-12-30,2019-12-27,326798.8467,5134.5,131.6225,489.00000000001853,0.0,1,1,1,2019-12-31,2019-12-30,True,4513.877499999981,0.013812403396097975
REDUCE_100_LOWER00,earlier_diagnostic,STRESS,1,2015-01-05,2014-12-31,219297.08376,37163.5,190.01616,541.8999999999951,899.5000000000001,88,3,4,2015-05-18,2015-05-15,False,37331.08384000001,0.17023064420161355
REDUCE_100_LOWER00,earlier_diagnostic,STRESS,2,2015-06-03,2015-06-02,43378.14432,-5989.199999999997,32.256,92.40000000000101,0.0,17,1,1,2015-06-29,2015-06-26,False,-6113.855999999999,-0.14094323525917024
REDUCE_100_LOWER00,earlier_diagnostic,STRESS,3,2015-08-27,2015-08-26,5633.6,495.0,10.0,14.400000000000013,0.0,10,1,1,2015-09-14,2015-09-11,False,470.59999999999997,0.0835345072422607
REDUCE_100_LOWER00,earlier_diagnostic,STRESS,4,2015-09-29,2015-09-28,205787.08192,25381.399999999994,174.51704,498.4000000000005,0.0,61,2,3,2015-12-30,2015-12-29,False,24708.482959999994,0.12006819247092221
REDUCE_100_LOWER00,earlier_diagnostic,STRESS,5,2016-01-13,2016-01-12,6250.3,-632.6999999999998,10.0,13.300000000000223,96.89999999999999,10,1,1,2016-01-27,2016-01-26,False,-559.1,-0.08945170631809674
REDUCE_100_LOWER00,earlier_diagnostic,STRESS,6,2016-05-03,2016-04-29,205230.95956,7009.200000000012,166.71512,519.2000000000005,0.0,61,1,1,2016-07-29,2016-07-28,False,6323.284880000011,0.030810579912293284
REDUCE_100_LOWER00,earlier_diagnostic,STRESS,7,2016-09-07,2016-09-06,262069.58591999998,-3456.0,207.94368,614.4000000000005,0.0,17,1,1,2016-10-11,2016-10-10,False,-4278.34368,-0.01632522013182414
REDUCE_100_LOWER00,earlier_diagnostic,STRESS,8,2017-02-13,2017-02-10,257669.42656,1809.6000000000058,206.53568,603.2000000000005,0.0,11,1,1,2017-02-28,2017-02-27,False,999.8643200000054,0.003880415047095937
REDUCE_100_LOWER00,earlier_diagnostic,STRESS,9,2017-05-10,2017-05-09,6375.700000000001,153.89999999999964,10.0,15.200000000000014,0.0,5,1,1,2017-05-17,2017-05-16,False,128.69999999999962,0.020186018790093574
REDUCE_100_LOWER00,earlier_diagnostic,STRESS,10,2017-05-18,2017-05-17,233539.17831999998,25870.399999999994,196.88528,548.8000000000005,0.0,61,1,2,2017-08-15,2017-08-14,False,25124.714719999996,0.10758244034572056
REDUCE_100_LOWER00,earlier_diagnostic,STRESS,11,2017-10-23,2017-10-20,283873.60404000006,7400.299999999988,229.71224000000004,639.8999999999927,0.0,49,1,2,2017-12-29,2017-12-28,False,6530.687759999996,0.023005618229582803
REDUCE_100_LOWER00,earlier_diagnostic,STRESS,12,2018-01-12,2018-01-11,221774.1742,5366.299999999988,179.28652,520.9999999999889,2396.6,7,1,1,2018-01-23,2018-01-22,False,7062.61348,0.03184596901544905
REDUCE_100_LOWER00,earlier_diagnostic,STRESS,13,2018-02-13,2018-02-12,213387.72096000004,8323.20000000004,173.77536000000003,489.60000000001855,0.0,11,1,1,2018-03-07,2018-03-06,False,7659.824640000023,0.03589627653146862
REDUCE_100_LOWER00,earlier_diagnostic,STRESS,14,2018-03-28,2018-03-27,7373.2,77.89999999999964,10.0,15.200000000000014,0.0,10,1,1,2018-04-13,2018-04-12,False,52.69999999999962,0.007147507188195033
REDUCE_100_LOWER00,earlier_diagnostic,STRESS,15,2018-04-19,2018-04-18,7543.0,22.0,10.0,15.999999999999126,0.0,10,1,1,2018-05-07,2018-05-04,False,-3.999999999999126,-0.0005302929868751327
REDUCE_100_LOWER00,earlier_diagnostic,STRESS,16,2018-06-25,2018-06-22,7309.0,-396.0,10.0,16.000000000000014,0.0,3,1,1,2018-06-28,2018-06-27,False,-422.0,-0.057737036530305104
REDUCE_100_LOWER00,earlier_diagnostic,STRESS,17,2018-10-09,2018-10-08,211503.36752,-2837.399999999994,167.79496,512.8000000000004,0.0,9,2,1,2018-10-22,2018-10-19,False,-3517.9949599999945,-0.01663328107372725
REDUCE_100_LOWER00,earlier_diagnostic,STRESS,18,2018-12-25,2018-12-24,7375.400000000001,148.80000000000018,10.0,19.200000000000017,0.0,10,1,1,2019-01-10,2019-01-09,False,119.60000000000016,0.01621606963690107
REDUCE_100_LOWER00,earlier_diagnostic,STRESS,19,2019-02-28,2019-02-27,282014.36064,9099.0,228.918,607.2000000000005,0.0,5,2,1,2019-03-07,2019-03-06,False,8262.882,0.02929950794437671
REDUCE_100_LOWER00,earlier_diagnostic,STRESS,20,2019-04-30,2019-04-29,7399.8,-379.9999999999991,10.0,15.200000000000014,0.0,2,1,1,2019-05-07,2019-05-06,False,-405.1999999999991,-0.05475823670910012
REDUCE_100_LOWER00,earlier_diagnostic,STRESS,21,2019-05-31,2019-05-30,276477.34672,21072.400000000023,229.27984,606.4000000000005,0.0,23,1,1,2019-07-04,2019-07-03,False,20236.720160000023,0.07319485809625692
REDUCE_100_LOWER00,earlier_diagnostic,STRESS,22,2019-08-20,2019-08-19,322020.95687999995,1421.9000000000233,257.81112,678.4999999999986,0.0,28,2,1,2019-09-30,2019-09-27,False,485.5888800000246,0.0015079418578989492
REDUCE_100_LOWER00,earlier_diagnostic,STRESS,23,2019-11-12,2019-11-11,330103.18848,-1331.2000000000116,263.17824,665.6000000000006,0.0,20,1,1,2019-12-10,2019-12-09,False,-2259.978240000012,-0.006846278130200302
REDUCE_100_LOWER00,earlier_diagnostic,STRESS,24,2019-12-30,2019-12-27,327027.2586,5134.5,263.245,814.9999999999826,0.0,1,1,1,2019-12-31,2019-12-30,True,4056.2550000000174,0.012403415597111994
REDUCE_100_HOLD,evaluation,BASE,1,2020-01-02,2019-12-31,170726.33844000002,-1283.3999999999942,67.97052000000001,248.4000000000094,0.0,14,1,1,2020-01-22,2020-01-21,False,-1599.7705200000037,-0.00937037913785181
REDUCE_100_HOLD,evaluation,BASE,2,2020-02-05,2020-02-04,125341.66332,11022.300000000017,52.298,165.50000000001117,0.0,19,1,1,2020-03-03,2020-03-02,False,10804.502000000006,0.08620040387062582
REDUCE_100_HOLD,evaluation,BASE,3,2020-03-23,2020-03-20,4963.8,308.0,10.0,5.600000000000005,0.0,10,1,1,2020-04-07,2020-04-03,False,292.4,0.05890648293645996
REDUCE_100_HOLD,evaluation,BASE,4,2020-07-01,2020-06-30,195915.97535999998,23920.00000000003,83.07903999999999,278.40000000001055,0.0,5,2,1,2020-07-08,2020-07-07,False,23558.520960000016,0.12024808552090102
REDUCE_100_HOLD,evaluation,BASE,5,2020-08-19,2020-08-18,76961.3892,-2306.800000000003,30.29808,94.80000000000359,0.0,31,1,1,2020-10-09,2020-09-30,False,-2431.8980800000063,-0.031598936886134146
REDUCE_100_HOLD,evaluation,BASE,6,2020-12-15,2020-12-14,220588.20882,19315.79999999999,92.02788000000001,264.60000000001,3175.2,25,1,1,2021-01-20,2021-01-19,False,22134.372119999978,0.10034249898670526
REDUCE_100_HOLD,evaluation,BASE,7,2021-02-03,2021-02-02,41762.75088,1907.5999999999985,17.07416,45.60000000000173,0.0,7,1,1,2021-02-19,2021-02-18,False,1844.925839999997,0.044176348567199486
REDUCE_100_HOLD,evaluation,BASE,8,2021-03-11,2021-03-10,6037.400000000001,-141.60000000000036,10.0,7.199999999999207,0.0,10,1,1,2021-03-25,2021-03-24,False,-158.79999999999956,-0.026302713088415468
REDUCE_100_HOLD,evaluation,BASE,9,2021-06-08,2021-06-07,218181.7637,-3045.6999999999825,88.63222,247.8000000000094,0.0,31,2,1,2021-07-22,2021-07-21,False,-3382.132219999992,-0.015501443212506178
REDUCE_100_HOLD,evaluation,BASE,10,2021-07-29,2021-07-28,251032.59648,8243.199999999983,101.98016000000001,307.19999999996617,0.0,10,1,1,2021-08-12,2021-08-11,False,7834.019840000016,0.031207181656284066
REDUCE_100_HOLD,evaluation,BASE,11,2021-10-29,2021-10-28,225761.74332,7639.399999999994,91.76004,272.39999999996996,0.0,32,2,1,2021-12-14,2021-12-13,False,7275.239960000024,0.0322253002347166
REDUCE_100_HOLD,evaluation,BASE,12,2022-01-10,2022-01-07,6363.3,-166.39999999999964,10.0,7.800000000000296,97.5,10,1,1,2022-01-24,2022-01-21,False,-86.69999999999993,-0.013625005893168628
REDUCE_100_HOLD,evaluation,BASE,13,2022-01-27,2022-01-26,6579.4,-123.19999999999891,10.0,8.400000000000318,0.0,10,1,1,2022-02-17,2022-02-16,False,-141.59999999999923,-0.021521719305711652
REDUCE_100_HOLD,evaluation,BASE,14,2022-03-11,2022-03-10,6351.5,-289.5,10.0,9.000000000000341,0.0,3,1,1,2022-03-16,2022-03-15,False,-308.50000000000034,-0.04857120365268052
REDUCE_100_HOLD,evaluation,BASE,15,2022-04-25,2022-04-22,6320.2,16.0,10.0,6.400000000000006,0.0,10,1,1,2022-05-12,2022-05-11,False,-0.4000000000000057,-6.328913641973446e-05
REDUCE_100_HOLD,evaluation,BASE,16,2022-05-13,2022-05-12,234738.9384,12175.100000000006,96.24444,336.9000000000149,0.0,20,2,1,2022-06-13,2022-06-10,False,11741.955559999991,0.05002133706505674
REDUCE_100_HOLD,evaluation,BASE,17,2022-08-05,2022-08-04,249668.4921,-10236.299999999988,101.39738,352.20000000001335,0.0,21,2,1,2022-09-05,2022-09-02,False,-10689.897380000002,-0.04281636537348239
REDUCE_100_HOLD,evaluation,BASE,18,2022-09-21,2022-09-20,6376.200000000001,-308.8000000000002,10.0,6.400000000000006,0.0,10,1,1,2022-10-12,2022-10-11,False,-325.20000000000016,-0.05100216429848501
REDUCE_100_HOLD,evaluation,BASE,19,2022-10-27,2022-10-26,6364.7,120.69999999999982,10.0,6.800000000000006,0.0,7,1,1,2022-11-07,2022-11-04,False,103.8999999999998,0.016324414347887537
REDUCE_100_HOLD,evaluation,BASE,20,2023-01-17,2023-01-16,196559.70408,-1042.7999999999593,78.34272,284.4000000000108,0.0,2,1,1,2023-01-19,2023-01-18,False,-1405.5427199999701,-0.007150716504069994
REDUCE_100_HOLD,evaluation,BASE,21,2023-04-03,2023-03-31,257822.35416,1844.3999999999942,103.40088000000002,381.59999999995796,0.0,7,1,1,2023-04-13,2023-04-12,False,1359.3991200000364,0.005272619298000891
REDUCE_100_HOLD,evaluation,BASE,22,2023-05-29,2023-05-26,6567.0,-30.600000000000364,10.0,6.799999999999251,0.0,10,1,1,2023-06-12,2023-06-09,False,-47.399999999999615,-0.007217907720420224
REDUCE_100_HOLD,evaluation,BASE,23,2023-08-23,2023-08-22,6485.400000000001,170.0,10.0,6.800000000000761,0.0,9,1,1,2023-09-05,2023-09-04,False,153.19999999999925,0.023622290066919426
REDUCE_100_HOLD,evaluation,BASE,24,2023-10-18,2023-10-17,6296.7,-32.30000000000018,10.0,6.800000000000761,0.0,10,1,1,2023-11-01,2023-10-31,False,-49.100000000000946,-0.007797735321676584
REDUCE_100_HOLD,evaluation,BASE,25,2023-11-29,2023-11-28,6463.400000000001,-187.19999999999982,10.0,7.200000000000806,0.0,10,1,1,2023-12-13,2023-12-12,False,-204.40000000000063,-0.031624222545409635
REDUCE_100_HOLD,evaluation,BASE,26,2024-02-19,2024-02-08,238948.38012000005,3863.7999999999884,96.27716000000001,279.199999999989,0.0,5,2,1,2024-02-26,2024-02-23,False,3488.3228399999994,0.014598646110294454
REDUCE_100_HOLD,evaluation,BASE,27,2024-03-05,2024-03-04,268752.53976,6876.0,108.7936,305.59999999996637,0.0,54,1,1,2024-05-27,2024-05-24,False,6461.606400000033,0.024042959392199022
REDUCE_100_HOLD,evaluation,BASE,28,2024-06-04,2024-06-03,136821.29499999998,3749.5,59.07144000000001,157.60000000000014,0.0,32,2,1,2024-07-19,2024-07-18,False,3532.82856,0.02582075078298302
REDUCE_100_HOLD,evaluation,BASE,29,2024-08-02,2024-08-01,226113.81372,-3852.7000000000116,89.60466000000001,261.2000000000002,0.0,3,1,1,2024-08-07,2024-08-06,False,-4203.504660000011,-0.018590216098894656
REDUCE_100_HOLD,evaluation,BASE,30,2024-08-28,2024-08-27,274872.9636,-9128.0,108.0364,325.9999999999641,0.0,15,1,1,2024-09-20,2024-09-19,False,-9562.036399999964,-0.03478711137962193
REDUCE_100_HOLD,evaluation,BASE,31,2024-09-25,2024-09-24,265718.23302000004,88808.70000000001,123.95168000000001,380.4999999999581,0.0,4,1,1,2024-10-08,2024-09-30,False,88304.24832000006,0.3323228794516091
REDUCE_100_HOLD,evaluation,BASE,32,2024-10-09,2024-10-08,115799.1552,-6615.0,44.955,162.00000000000614,0.0,10,1,1,2024-10-23,2024-10-22,False,-6821.955000000006,-0.058911958279985854
REDUCE_100_HOLD,evaluation,BASE,33,2025-01-08,2025-01-07,8523.4,101.20000000000073,10.0,8.79999999999903,0.0,10,1,1,2025-01-22,2025-01-21,False,82.4000000000017,0.009667503578384412
REDUCE_100_HOLD,evaluation,BASE,34,2025-04-09,2025-04-08,346752.13656,14140.799999999988,141.42696,371.60000000004163,0.0,11,2,1,2025-04-24,2025-04-23,False,13627.773039999945,0.039301194147485445
REDUCE_100_HOLD,evaluation,BASE,35,2025-06-03,2025-05-30,358032.69222,18446.5,146.77942000000002,471.60000000001844,1716.0,41,3,1,2025-07-30,2025-07-29,False,19544.120579999984,0.054587530705131046
REDUCE_100_HOLD,evaluation,BASE,36,2025-09-05,2025-09-04,380362.25724,15542.799999999988,155.12056,512.3999999999436,0.0,7,1,1,2025-09-16,2025-09-15,False,14875.279440000046,0.03910819003951299
REDUCE_100_HOLD,evaluation,BASE,37,2025-11-26,2025-11-25,9671.3,233.10000000000036,10.0,12.600000000000477,0.0,8,1,1,2025-12-08,2025-12-05,False,210.4999999999999,0.021765429673363448
REDUCE_100_HOLD,evaluation,BASE,38,2025-12-19,2025-12-18,303987.48534,3439.6999999999534,122.18074000000001,389.3999999999571,7982.7,35,1,1,2026-02-10,2026-02-09,False,10910.819259999997,0.035892330395761535
REDUCE_100_HOLD,evaluation,BASE,39,2026-03-25,2026-03-24,9933.6,138.60000000000036,10.0,13.2000000000005,0.0,10,1,1,2026-04-09,2026-04-08,False,115.39999999999986,0.01161713779495851
REDUCE_100_HOLD,evaluation,BASE,40,2026-05-06,2026-04-30,374500.98522,-1768.6999999999534,149.32442,461.4000000000175,0.0,9,1,1,2026-05-19,2026-05-18,False,-2379.4244199999707,-0.006353586542909045
REDUCE_100_HOLD,evaluation,BASE,41,2026-06-05,2026-06-04,402864.5568,1640.0,161.34320000000002,492.00000000001864,0.0,12,1,1,2026-06-24,2026-06-23,False,986.6567999999813,0.0024491030132735205
REDUCE_100_HOLD,evaluation,BASE,42,2026-07-21,2026-07-20,333245.36954,-5084.700000000012,135.20254,426.00000000001614,0.0,10,2,1,2026-08-04,2026-08-03,False,-5645.902540000028,-0.01694217851486858
REDUCE_100_HOLD,evaluation,BASE,43,2026-08-07,2026-08-06,290603.40906000003,1912.7000000000116,116.52662000000001,370.20000000001403,0.0,5,1,1,2026-08-14,2026-08-13,True,1425.9733799999976,0.004906939614413061
REDUCE_100_HOLD,evaluation,STRESS,1,2020-01-02,2019-12-31,170843.31,-1283.3999999999942,135.94104000000002,413.9999999999912,0.0,14,1,1,2020-01-22,2020-01-21,False,-1833.3410399999852,-0.010731125731525485
REDUCE_100_HOLD,evaluation,STRESS,2,2020-02-05,2020-02-04,125054.00160000002,10989.0,104.28000000000002,297.00000000001125,0.0,19,1,1,2020-03-03,2020-03-02,False,10587.719999999988,0.08466518355698893
REDUCE_100_HOLD,evaluation,STRESS,3,2020-03-23,2020-03-20,4966.6,308.0,10.0,11.199999999999388,0.0,10,1,1,2020-04-07,2020-04-03,False,286.80000000000064,0.05774574155357803
REDUCE_100_HOLD,evaluation,STRESS,4,2020-07-01,2020-06-30,195628.62016000002,23865.300000000017,165.80124,463.00000000000574,0.0,5,2,1,2020-07-08,2020-07-07,False,23236.49876000001,0.11877862626130792
REDUCE_100_HOLD,evaluation,STRESS,5,2020-08-19,2020-08-18,76520.99616,-2292.199999999997,60.21263999999999,156.99999999999665,0.0,31,1,1,2020-10-09,2020-09-30,False,-2509.412639999994,-0.032793779040108016
REDUCE_100_HOLD,evaluation,STRESS,6,2020-12-15,2020-12-14,219219.05255999998,19184.399999999965,182.78616,481.8000000000053,3153.6,25,1,1,2021-01-20,2021-01-19,False,21673.413839999957,0.09886646980224481
REDUCE_100_HOLD,evaluation,STRESS,7,2021-02-03,2021-02-02,41793.910879999996,1907.5999999999985,34.14832,91.20000000000346,0.0,7,1,1,2021-02-19,2021-02-18,False,1782.251679999995,0.042643812040401116
REDUCE_100_HOLD,evaluation,STRESS,8,2021-03-11,2021-03-10,6041.0,-141.60000000000036,10.0,13.200000000000145,0.0,10,1,1,2021-03-25,2021-03-24,False,-164.80000000000052,-0.027280251613971282
REDUCE_100_HOLD,evaluation,STRESS,9,2021-06-08,2021-06-07,217818.69264000002,-3038.399999999994,172.77216,494.40000000001874,0.0,31,2,1,2021-07-22,2021-07-21,False,-3705.572160000013,-0.017012186213624922
REDUCE_100_HOLD,evaluation,STRESS,10,2021-07-29,2021-07-28,249222.84928,8178.799999999959,202.34656,558.7999999999611,0.0,10,1,1,2021-08-12,2021-08-11,False,7417.653439999998,0.02976313552882272
REDUCE_100_HOLD,evaluation,STRESS,11,2021-10-29,2021-10-28,223907.5272,7571.999999999971,181.88520000000003,494.99999999997516,0.0,32,2,1,2021-12-14,2021-12-13,False,6895.114799999996,0.03079447522923649
REDUCE_100_HOLD,evaluation,STRESS,12,2022-01-10,2022-01-07,6365.9,-166.39999999999964,10.0,12.999999999999723,97.5,10,1,1,2022-01-24,2022-01-21,False,-91.89999999999935,-0.014436293375641993
REDUCE_100_HOLD,evaluation,STRESS,13,2022-01-27,2022-01-26,6112.400000000001,-114.39999999999873,10.0,13.000000000000878,0.0,10,1,1,2022-02-17,2022-02-16,False,-137.3999999999996,-0.022478895360251227
REDUCE_100_HOLD,evaluation,STRESS,14,2022-03-11,2022-03-10,6354.499999999999,-289.5,10.0,14.99999999999968,0.0,3,1,1,2022-03-16,2022-03-15,False,-314.49999999999966,-0.04949248564009752
REDUCE_100_HOLD,evaluation,STRESS,15,2022-04-25,2022-04-22,6323.400000000001,16.0,10.0,12.800000000000722,0.0,10,1,1,2022-05-12,2022-05-11,False,-6.800000000000722,-0.0010753708447987984
REDUCE_100_HOLD,evaluation,STRESS,16,2022-05-13,2022-05-12,232496.96160000004,12051.400000000023,190.51760000000002,565.4000000000278,0.0,20,2,1,2022-06-13,2022-06-10,False,11295.482399999997,0.04858335490608835
REDUCE_100_HOLD,evaluation,STRESS,17,2022-08-05,2022-08-04,246853.43792,-10112.399999999994,195.46192000000002,579.9999999999891,0.0,21,2,1,2022-09-05,2022-09-02,False,-10887.861919999983,-0.04410658410002987
REDUCE_100_HOLD,evaluation,STRESS,18,2022-09-21,2022-09-20,6379.4,-308.8000000000002,10.0,12.800000000000011,0.0,10,1,1,2022-10-12,2022-10-11,False,-331.6000000000002,-0.051979810013480926
REDUCE_100_HOLD,evaluation,STRESS,19,2022-10-27,2022-10-26,6368.099999999999,120.69999999999982,10.0,13.600000000000012,0.0,7,1,1,2022-11-07,2022-11-04,False,97.09999999999981,0.015247876132598391
REDUCE_100_HOLD,evaluation,STRESS,20,2023-01-17,2023-01-16,194204.05056,-1029.5999999999767,154.70208,468.0000000000316,0.0,2,1,1,2023-01-19,2023-01-18,False,-1652.3020800000083,-0.008508072180963723
REDUCE_100_HOLD,evaluation,STRESS,21,2023-04-03,2023-03-31,254755.86159999997,1821.1999999999825,204.20048,627.9999999999866,0.0,7,1,1,2023-04-13,2023-04-12,False,988.999519999996,0.003882146278356706
REDUCE_100_HOLD,evaluation,STRESS,22,2023-05-29,2023-05-26,6570.400000000001,-30.600000000000364,10.0,13.599999999999257,0.0,10,1,1,2023-06-12,2023-06-09,False,-54.19999999999962,-0.008249117253135214
REDUCE_100_HOLD,evaluation,STRESS,23,2023-08-23,2023-08-22,6488.8,170.0,10.0,13.600000000000012,0.0,9,1,1,2023-09-05,2023-09-04,False,146.39999999999998,0.022561952903464428
REDUCE_100_HOLD,evaluation,STRESS,24,2023-10-18,2023-10-17,6300.1,-32.30000000000018,10.0,13.600000000000767,0.0,10,1,1,2023-11-01,2023-10-31,False,-55.90000000000095,-0.008872875033729773
REDUCE_100_HOLD,evaluation,STRESS,25,2023-11-29,2023-11-28,6467.0,-187.19999999999982,10.0,14.400000000000013,0.0,10,1,1,2023-12-13,2023-12-12,False,-211.59999999999982,-0.032719962888510874
REDUCE_100_HOLD,evaluation,STRESS,26,2024-02-19,2024-02-08,235367.40932,3802.7000000000116,189.51988,549.6000000000005,0.0,5,2,1,2024-02-26,2024-02-23,False,3063.5801200000114,0.01301616111105187
REDUCE_100_HOLD,evaluation,STRESS,27,2024-03-05,2024-03-04,264734.65152,6768.0,214.1696,601.6000000000006,0.0,54,1,1,2024-05-27,2024-05-24,False,5952.2303999999995,0.022483760119140748
REDUCE_100_HOLD,evaluation,STRESS,28,2024-06-04,2024-06-03,133791.71024000001,3670.7000000000116,110.74964,308.0000000000003,0.0,32,2,1,2024-07-19,2024-07-18,False,3251.950360000011,0.024306067649232935
REDUCE_100_HOLD,evaluation,STRESS,29,2024-08-02,2024-08-01,221091.60128,-3764.2000000000116,175.09272,510.3999999999721,0.0,3,1,1,2024-08-07,2024-08-06,False,-4449.692719999984,-0.02012601425942318
REDUCE_100_HOLD,evaluation,STRESS,30,2024-08-28,2024-08-27,269690.43304000003,-8948.799999999988,211.83088000000004,639.2000000000006,0.0,15,1,1,2024-09-20,2024-09-19,False,-9799.830879999989,-0.036337332287002165
REDUCE_100_HOLD,evaluation,STRESS,31,2024-09-25,2024-09-24,260332.5914,86941.5,242.69120000000004,670.4999999999923,0.0,4,1,1,2024-10-08,2024-09-30,False,86028.30880000001,0.3304553929931034
REDUCE_100_HOLD,evaluation,STRESS,32,2024-10-09,2024-10-08,113301.3024,-6468.0,87.912,263.9999999999944,0.0,10,1,1,2024-10-23,2024-10-22,False,-6819.911999999995,-0.06019270613432944
REDUCE_100_HOLD,evaluation,STRESS,33,2025-01-08,2025-01-07,8140.400000000001,96.60000000000036,10.0,16.800000000000015,0.0,10,1,1,2025-01-22,2025-01-21,False,69.80000000000035,0.00857451722274094
REDUCE_100_HOLD,evaluation,STRESS,34,2025-04-09,2025-04-08,338774.25552,13821.400000000023,276.14936,725.6000000000288,0.0,11,2,1,2025-04-24,2025-04-23,False,12819.650639999994,0.03784127757973382
REDUCE_100_HOLD,evaluation,STRESS,35,2025-06-03,2025-05-30,349865.19012000004,18396.29999999999,286.81572000000006,807.6000000000101,1768.8,41,3,1,2025-07-30,2025-07-29,False,19070.68427999998,0.05450866453292749
REDUCE_100_HOLD,evaluation,STRESS,36,2025-09-05,2025-09-04,371249.9406,15160.599999999977,302.61224000000004,832.9999999999823,0.0,7,1,1,2025-09-16,2025-09-15,False,14024.987759999995,0.037777750852520935
REDUCE_100_HOLD,evaluation,STRESS,37,2025-11-26,2025-11-25,9215.0,222.0,10.0,20.00000000000135,0.0,8,1,1,2025-12-08,2025-12-05,False,191.99999999999864,0.020835594139989
REDUCE_100_HOLD,evaluation,STRESS,38,2025-12-19,2025-12-18,296210.4368000001,3349.5999999999767,237.96064,632.0000000000427,7773.599999999999,35,1,1,2026-02-10,2026-02-09,False,10253.239359999934,0.03461471334625145
REDUCE_100_HOLD,evaluation,STRESS,39,2026-03-25,2026-03-24,9938.0,138.60000000000036,10.0,21.99999999999953,0.0,10,1,1,2026-04-09,2026-04-08,False,106.60000000000083,0.010726504326826408
REDUCE_100_HOLD,evaluation,STRESS,40,2026-05-06,2026-04-30,364983.83516,-1722.6999999999534,290.88164000000006,749.0000000000506,0.0,9,1,1,2026-05-19,2026-05-18,False,-2762.581640000004,-0.007569052034287917
REDUCE_100_HOLD,evaluation,STRESS,41,2026-06-05,2026-06-04,392294.05487999995,1596.0,314.02896,797.999999999983,0.0,12,1,1,2026-06-24,2026-06-23,False,483.97104000001696,0.0012336945563655314
REDUCE_100_HOLD,evaluation,STRESS,42,2026-07-21,2026-07-20,323588.6504,-4933.5,257.58468,688.9999999999873,0.0,10,2,1,2026-08-04,2026-08-03,False,-5880.084679999987,-0.018171479972277752
REDUCE_100_HOLD,evaluation,STRESS,43,2026-08-07,2026-08-06,282301.77556000004,1856.899999999965,226.25428000000002,598.9999999999873,0.0,5,1,1,2026-08-14,2026-08-13,True,1031.6457199999777,0.003654407479207346
REDUCE_100_HOLD,earlier_diagnostic,BASE,1,2015-01-05,2014-12-31,173300.45315999998,47706.70000000001,78.79936000000001,241.5000000000049,899.5000000000001,88,2,1,2015-05-18,2015-05-15,False,48285.90064000001,0.27862535705789504
REDUCE_100_HOLD,earlier_diagnostic,BASE,2,2015-06-03,2015-06-02,44892.276659999996,-6203.0999999999985,16.70226,52.19999999999425,0.0,17,1,1,2015-06-29,2015-06-26,False,-6272.002259999993,-0.13971227851735318
REDUCE_100_HOLD,earlier_diagnostic,BASE,3,2015-08-27,2015-08-26,5942.5,522.4999999999991,10.0,7.600000000000007,0.0,10,1,1,2015-09-14,2015-09-11,False,504.89999999999907,0.08496424063946136
REDUCE_100_HOLD,earlier_diagnostic,BASE,4,2015-09-29,2015-09-28,215190.62952,33590.399999999994,92.72496,260.80000000000024,0.0,61,2,1,2015-12-30,2015-12-29,False,33236.87503999999,0.15445317072652057
REDUCE_100_HOLD,earlier_diagnostic,BASE,5,2016-01-13,2016-01-12,6903.5,-699.3000000000002,10.0,8.40000000000094,107.1,10,1,1,2016-01-27,2016-01-26,False,-610.600000000001,-0.08844788875208243
REDUCE_100_HOLD,earlier_diagnostic,BASE,6,2016-05-03,2016-04-29,220542.29964,7538.399999999994,89.65112,279.20000000003125,0.0,61,1,1,2016-07-29,2016-07-28,False,7169.548879999962,0.03250872459252988
REDUCE_100_HOLD,earlier_diagnostic,BASE,7,2016-09-07,2016-09-06,280957.78032,-3708.0,111.55312,329.60000000003686,0.0,17,1,1,2016-10-11,2016-10-10,False,-4149.153120000037,-0.014767888311454884
REDUCE_100_HOLD,earlier_diagnostic,BASE,8,2017-02-13,2017-02-10,277955.17992,1953.600000000035,111.48544000000001,325.6000000000003,0.0,11,1,1,2017-02-28,2017-02-27,False,1516.5145600000346,0.005455967974536441
REDUCE_100_HOLD,earlier_diagnostic,BASE,9,2017-05-10,2017-05-09,6707.0,162.0,10.0,8.000000000000007,0.0,5,1,1,2017-05-17,2017-05-16,False,144.0,0.021470105859549723
REDUCE_100_HOLD,earlier_diagnostic,BASE,10,2017-05-18,2017-05-17,252064.50282,25786.800000000017,105.90372,296.40000000000026,0.0,61,1,1,2017-08-15,2017-08-14,False,25384.496280000018,0.10070635093798654
REDUCE_100_HOLD,earlier_diagnostic,BASE,11,2017-10-23,2017-10-20,304820.55192,6035.599999999977,123.03456,381.99999999999187,0.0,49,1,1,2017-12-29,2017-12-28,False,5530.565439999985,0.01814367635372394
REDUCE_100_HOLD,earlier_diagnostic,BASE,12,2018-01-12,2018-01-11,236939.47842,5737.099999999977,95.83742000000001,334.1999999999632,2562.2,7,1,1,2018-01-23,2018-01-22,False,7869.262580000014,0.03321212080179785
REDUCE_100_HOLD,earlier_diagnostic,BASE,13,2018-02-13,2018-02-12,228131.41715999998,8904.600000000035,92.95704,291.00000000001967,0.0,11,1,1,2018-03-07,2018-03-06,False,8520.642960000016,0.03734971301223304
REDUCE_100_HOLD,earlier_diagnostic,BASE,14,2018-03-28,2018-03-27,7757.0,82.0,10.0,7.999999999999119,0.0,10,1,1,2018-04-13,2018-04-12,False,64.00000000000088,0.008250612350135475
REDUCE_100_HOLD,earlier_diagnostic,BASE,15,2018-04-19,2018-04-18,7915.7,23.099999999999454,10.0,8.399999999999075,0.0,10,1,1,2018-05-07,2018-05-04,False,4.700000000000379,0.0005937567113458544
REDUCE_100_HOLD,earlier_diagnostic,BASE,16,2018-06-25,2018-06-22,8035.0,-435.60000000000036,10.0,8.800000000000008,0.0,3,1,1,2018-06-28,2018-06-27,False,-454.4000000000004,-0.05655258245177354
REDUCE_100_HOLD,earlier_diagnostic,BASE,17,2018-10-09,2018-10-08,226819.3548,-3036.399999999994,90.04728,275.2000000000003,0.0,9,2,1,2018-10-22,2018-10-19,False,-3401.647279999994,-0.014997164959751461
REDUCE_100_HOLD,earlier_diagnostic,BASE,18,2018-12-25,2018-12-24,7984.4,161.1999999999989,10.0,10.399999999998855,0.0,10,1,1,2019-01-10,2019-01-09,False,140.80000000000007,0.017634387054756784
REDUCE_100_HOLD,earlier_diagnostic,BASE,19,2019-02-28,2019-02-27,302600.20794000005,9768.299999999988,122.90434000000002,326.0000000000003,0.0,5,2,1,2019-03-07,2019-03-06,False,9319.39565999999,0.030797717303115174
REDUCE_100_HOLD,earlier_diagnostic,BASE,20,2019-04-30,2019-04-29,8174.0,-420.0,10.0,8.40000000000094,0.0,2,1,1,2019-05-07,2019-05-06,False,-438.40000000000094,-0.05363347198434071
REDUCE_100_HOLD,earlier_diagnostic,BASE,21,2019-05-31,2019-05-30,296680.92432000005,12454.200000000012,121.07436000000001,325.6000000000003,0.0,17,1,1,2019-06-26,2019-06-25,False,12007.52564000001,0.04047286042242707
REDUCE_100_HOLD,earlier_diagnostic,BASE,22,2019-08-20,2019-08-19,313696.92684000003,4802.599999999977,126.34908000000001,325.60000000003646,0.0,28,1,1,2019-09-30,2019-09-27,False,4350.65091999994,0.013868962516865757
REDUCE_100_HOLD,earlier_diagnostic,BASE,23,2019-11-12,2019-11-11,348108.80784,-1404.8000000000466,138.86448000000001,351.20000000000033,0.0,20,1,1,2019-12-10,2019-12-09,False,-1894.8644800000468,-0.005443310934180603
REDUCE_100_HOLD,earlier_diagnostic,BASE,24,2019-12-30,2019-12-27,345644.91516000003,5430.599999999977,139.21300000000002,517.2000000000196,0.0,1,1,1,2019-12-31,2019-12-30,True,4774.186999999957,0.013812403396097907
REDUCE_100_HOLD,earlier_diagnostic,STRESS,1,2015-01-05,2014-12-31,173788.68768000003,47807.600000000006,157.92416000000003,435.599999999995,899.5000000000001,88,2,1,2015-05-18,2015-05-15,False,48113.575840000005,0.27685102225176084
REDUCE_100_HOLD,earlier_diagnostic,STRESS,2,2015-06-03,2015-06-02,44927.36376,-6203.0999999999985,33.408,95.70000000000105,0.0,17,1,1,2015-06-29,2015-06-26,False,-6332.208,-0.14094323525917024
REDUCE_100_HOLD,earlier_diagnostic,STRESS,3,2015-08-27,2015-08-26,5946.3,522.4999999999991,10.0,15.200000000000014,0.0,10,1,1,2015-09-14,2015-09-11,False,497.2999999999991,0.08363183828599281
REDUCE_100_HOLD,earlier_diagnostic,STRESS,4,2015-09-29,2015-09-28,215030.57784,33542.100000000006,185.16420000000002,520.8000000000004,0.0,61,2,1,2015-12-30,2015-12-29,False,32836.135800000004,0.15270449500643912
REDUCE_100_HOLD,earlier_diagnostic,STRESS,5,2016-01-13,2016-01-12,6907.7,-699.3000000000002,10.0,14.700000000000246,107.1,10,1,1,2016-01-27,2016-01-26,False,-616.9000000000004,-0.08930613663013745
REDUCE_100_HOLD,earlier_diagnostic,STRESS,6,2016-05-03,2016-04-29,220093.60224,7516.799999999988,178.78848,556.8000000000005,0.0,61,1,1,2016-07-29,2016-07-28,False,6781.211519999988,0.030810579912293173
REDUCE_100_HOLD,earlier_diagnostic,STRESS,7,2016-09-07,2016-09-06,281178.82656,-3708.0,223.10624,659.2000000000006,0.0,17,1,1,2016-10-11,2016-10-10,False,-4590.306240000001,-0.01632522013182414
REDUCE_100_HOLD,earlier_diagnostic,STRESS,8,2017-02-13,2017-02-10,276464.94175999996,1941.600000000035,221.60128,647.2000000000006,0.0,11,1,1,2017-02-28,2017-02-27,False,1072.7987200000343,0.0038804150470960405
REDUCE_100_HOLD,earlier_diagnostic,STRESS,9,2017-05-10,2017-05-09,6711.0,162.0,10.0,16.000000000000014,0.0,5,1,1,2017-05-17,2017-05-16,False,136.0,0.020265236179406943
REDUCE_100_HOLD,earlier_diagnostic,STRESS,10,2017-05-18,2017-05-17,250560.98432,25612.800000000017,210.37824,588.8000000000005,0.0,61,1,1,2017-08-15,2017-08-14,False,24813.62176000002,0.09903226484898262
REDUCE_100_HOLD,earlier_diagnostic,STRESS,11,2017-10-23,2017-10-20,302638.80712,5988.199999999953,244.13664,682.1999999999922,0.0,49,1,1,2017-12-29,2017-12-28,False,5061.863359999961,0.016725757704935937
REDUCE_100_HOLD,earlier_diagnostic,STRESS,12,2018-01-12,2018-01-11,234969.9504,5685.599999999977,189.95424000000003,551.9999999999882,2539.2,7,1,1,2018-01-23,2018-01-22,False,7482.845759999989,0.031845969015449005
REDUCE_100_HOLD,earlier_diagnostic,STRESS,13,2018-02-13,2018-02-12,225939.93984,8812.800000000047,183.99744000000004,518.4000000000196,0.0,11,1,1,2018-03-07,2018-03-06,False,8110.402560000028,0.03589627653146864
REDUCE_100_HOLD,earlier_diagnostic,STRESS,14,2018-03-28,2018-03-27,7761.0,82.0,10.0,16.000000000000014,0.0,10,1,1,2018-04-13,2018-04-12,False,55.999999999999986,0.007215565004509726
REDUCE_100_HOLD,earlier_diagnostic,STRESS,15,2018-04-19,2018-04-18,7919.900000000001,23.099999999999454,10.0,16.79999999999908,0.0,10,1,1,2018-05-07,2018-05-04,False,-3.6999999999996263,-0.00046717761587894115
REDUCE_100_HOLD,earlier_diagnostic,STRESS,16,2018-06-25,2018-06-22,8039.400000000001,-435.60000000000036,10.0,17.600000000000016,0.0,3,1,1,2018-06-28,2018-06-27,False,-463.2000000000004,-0.05761624001791183
REDUCE_100_HOLD,earlier_diagnostic,STRESS,17,2018-10-09,2018-10-08,224038.87971999997,-3002.7000000000116,177.74108,543.2000000000005,0.0,9,2,1,2018-10-22,2018-10-19,False,-3723.641080000012,-0.016620512853187608
REDUCE_100_HOLD,earlier_diagnostic,STRESS,18,2018-12-25,2018-12-24,7682.5,155.0,10.0,20.000000000000018,0.0,10,1,1,2019-01-10,2019-01-09,False,124.99999999999999,0.016270745200130166
REDUCE_100_HOLD,earlier_diagnostic,STRESS,19,2019-02-28,2019-02-27,298731.34476,9641.700000000012,242.48892,643.2000000000006,0.0,5,2,1,2019-03-07,2019-03-06,False,8756.011080000011,0.029310653982542637
REDUCE_100_HOLD,earlier_diagnostic,STRESS,20,2019-04-30,2019-04-29,8178.2,-420.0,10.0,16.800000000000015,0.0,2,1,1,2019-05-07,2019-05-06,False,-446.8,-0.054633048837152434
REDUCE_100_HOLD,earlier_diagnostic,STRESS,21,2019-05-31,2019-05-30,292890.90952,22323.400000000023,242.89144,642.4000000000005,0.0,23,1,1,2019-07-04,2019-07-03,False,21438.108560000022,0.07319485809625692
REDUCE_100_HOLD,earlier_diagnostic,STRESS,22,2019-08-20,2019-08-19,341114.09108,1516.0,273.10108,718.6999999999986,0.0,28,2,1,2019-09-30,2019-09-27,False,524.1989200000015,0.0015367260799468512
REDUCE_100_HOLD,earlier_diagnostic,STRESS,23,2019-11-12,2019-11-11,349544.36184,-1409.5999999999767,278.67792000000003,704.8000000000006,0.0,20,1,1,2019-12-10,2019-12-09,False,-2393.0779199999774,-0.0068462781302001995
REDUCE_100_HOLD,earlier_diagnostic,STRESS,24,2019-12-30,2019-12-27,346287.75972,5436.899999999965,278.749,862.9999999999816,0.0,1,1,1,2019-12-31,2019-12-30,True,4295.1509999999835,0.012403415597111894
REDUCE_100_HALF,evaluation,BASE,1,2020-01-02,2019-12-31,170726.33844000002,-1283.3999999999942,67.97052000000001,248.4000000000094,0.0,14,1,1,2020-01-22,2020-01-21,False,-1599.7705200000037,-0.00937037913785181
REDUCE_100_HALF,evaluation,BASE,2,2020-02-05,2020-02-04,125341.66332,9834.600000000002,52.14020000000001,165.50000000000574,0.0,19,1,4,2020-03-03,2020-03-02,False,9616.959799999997,0.07672596282249493
REDUCE_100_HALF,evaluation,BASE,3,2020-03-23,2020-03-20,4963.8,308.0,10.0,5.600000000000005,0.0,10,1,1,2020-04-07,2020-04-03,False,292.4,0.05890648293645996
REDUCE_100_HALF,evaluation,BASE,4,2020-07-01,2020-06-30,194642.12064,23772.5,82.54046000000001,276.6000000000105,0.0,5,2,1,2020-07-08,2020-07-07,False,23413.35953999999,0.12028927481377029
REDUCE_100_HALF,evaluation,BASE,5,2020-08-19,2020-08-18,76474.2918,-2292.199999999997,30.106320000000004,94.20000000000357,0.0,31,1,1,2020-10-09,2020-09-30,False,-2416.5063200000004,-0.03159893688613407
REDUCE_100_HALF,evaluation,BASE,6,2020-12-15,2020-12-14,219087.60876000003,21661.29999999999,91.89722,262.80000000000996,2138.3999999999996,25,1,3,2021-01-20,2021-01-19,False,23445.00277999998,0.1070119981348779
REDUCE_100_HALF,evaluation,BASE,7,2021-02-03,2021-02-02,41762.75088,1907.5999999999985,17.07416,45.60000000000173,0.0,7,1,1,2021-02-19,2021-02-18,False,1844.925839999997,0.044176348567199486
REDUCE_100_HALF,evaluation,BASE,8,2021-03-11,2021-03-10,6037.400000000001,-141.60000000000036,10.0,7.199999999999207,0.0,10,1,1,2021-03-25,2021-03-24,False,-158.79999999999956,-0.026302713088415468
REDUCE_100_HALF,evaluation,BASE,9,2021-06-08,2021-06-07,218181.7637,-3110.5999999999767,88.61924,247.80000000000283,0.0,31,2,4,2021-07-22,2021-07-21,False,-3447.0192399999796,-0.015798842128435776
REDUCE_100_HALF,evaluation,BASE,10,2021-07-29,2021-07-28,250542.29844,8227.099999999977,101.78098,306.59999999996626,0.0,10,1,1,2021-08-12,2021-08-11,False,7818.719020000011,0.031207181656284045
REDUCE_100_HALF,evaluation,BASE,11,2021-10-29,2021-10-28,225263.74374,6140.0,91.26112,271.7999999999781,0.0,32,2,2,2021-12-14,2021-12-13,False,5776.9388800000215,0.025645222724646623
REDUCE_100_HALF,evaluation,BASE,12,2022-01-10,2022-01-07,6363.3,-166.39999999999964,10.0,7.800000000000296,97.5,10,1,1,2022-01-24,2022-01-21,False,-86.69999999999993,-0.013625005893168628
REDUCE_100_HALF,evaluation,BASE,13,2022-01-27,2022-01-26,6579.4,-123.19999999999891,10.0,8.400000000000318,0.0,10,1,1,2022-02-17,2022-02-16,False,-141.59999999999923,-0.021521719305711652
REDUCE_100_HALF,evaluation,BASE,14,2022-03-11,2022-03-10,6351.5,-289.5,10.0,9.000000000000341,0.0,3,1,1,2022-03-16,2022-03-15,False,-308.50000000000034,-0.04857120365268052
REDUCE_100_HALF,evaluation,BASE,15,2022-04-25,2022-04-22,6320.2,16.0,10.0,6.400000000000006,0.0,10,1,1,2022-05-12,2022-05-11,False,-0.4000000000000057,-6.328913641973446e-05
REDUCE_100_HALF,evaluation,BASE,16,2022-05-13,2022-05-12,418343.85204,5450.6999999999825,168.27462,598.0000000000014,0.0,20,3,4,2022-06-13,2022-06-10,False,4684.425379999981,0.011197548038908621
REDUCE_100_HALF,evaluation,BASE,17,2022-08-05,2022-08-04,241582.37519999998,-6529.799999999974,98.90715999999999,340.8000000000129,0.0,21,2,3,2022-09-05,2022-09-02,False,-6969.5071599999865,-0.02884940242114147
REDUCE_100_HALF,evaluation,BASE,18,2022-09-21,2022-09-20,6376.200000000001,-308.8000000000002,10.0,6.400000000000006,0.0,10,1,1,2022-10-12,2022-10-11,False,-325.20000000000016,-0.05100216429848501
REDUCE_100_HALF,evaluation,BASE,19,2022-10-27,2022-10-26,6364.7,120.69999999999982,10.0,6.800000000000006,0.0,7,1,1,2022-11-07,2022-11-04,False,103.8999999999998,0.016324414347887537
REDUCE_100_HALF,evaluation,BASE,20,2023-01-17,2023-01-16,192827.5578,-1022.9999999999709,76.85520000000001,279.0000000000106,0.0,2,1,1,2023-01-19,2023-01-18,False,-1378.8551999999813,-0.007150716504070048
REDUCE_100_HALF,evaluation,BASE,21,2023-04-03,2023-03-31,252957.78144,1809.5999999999767,101.44992,374.39999999995877,0.0,7,1,1,2023-04-13,2023-04-12,False,1333.750080000018,0.005272619298000821
REDUCE_100_HALF,evaluation,BASE,22,2023-05-29,2023-05-26,6181.0,-28.800000000000182,10.0,6.399999999999295,0.0,10,1,1,2023-06-12,2023-06-09,False,-45.19999999999948,-0.00731273256754562
REDUCE_100_HALF,evaluation,BASE,23,2023-08-23,2023-08-22,6485.400000000001,170.0,10.0,6.800000000000761,0.0,9,1,1,2023-09-05,2023-09-04,False,153.19999999999925,0.023622290066919426
REDUCE_100_HALF,evaluation,BASE,24,2023-10-18,2023-10-17,6296.7,-32.30000000000018,10.0,6.800000000000761,0.0,10,1,1,2023-11-01,2023-10-31,False,-49.100000000000946,-0.007797735321676584
REDUCE_100_HALF,evaluation,BASE,25,2023-11-29,2023-11-28,6463.400000000001,-187.19999999999982,10.0,7.200000000000806,0.0,10,1,1,2023-12-13,2023-12-12,False,-204.40000000000063,-0.031624222545409635
REDUCE_100_HALF,evaluation,BASE,26,2024-02-19,2024-02-08,234492.98922000002,3796.9000000000233,94.48302000000001,273.9999999999892,0.0,5,2,1,2024-02-26,2024-02-23,False,3428.416980000034,0.014620552159806843
REDUCE_100_HALF,evaluation,BASE,27,2024-03-05,2024-03-04,263827.755,6750.0,106.80000000000001,299.999999999967,0.0,54,1,1,2024-05-27,2024-05-24,False,6343.200000000033,0.024042959392199022
REDUCE_100_HALF,evaluation,BASE,28,2024-06-04,2024-06-03,134035.90976,3680.7999999999884,58.01612000000001,154.40000000000015,0.0,32,2,1,2024-07-19,2024-07-18,False,3468.383879999988,0.0258765273142873
REDUCE_100_HALF,evaluation,BASE,29,2024-08-02,2024-08-01,221958.58284000002,-3781.9000000000233,87.95802,256.4000000000002,0.0,3,1,1,2024-08-07,2024-08-06,False,-4126.258020000024,-0.01859021609889471
REDUCE_100_HALF,evaluation,BASE,30,2024-08-28,2024-08-27,269813.952,-10218.500000000007,105.7963,319.9999999999821,0.0,15,1,4,2024-09-20,2024-09-19,False,-10644.296299999989,-0.03945050365668262
REDUCE_100_HALF,evaluation,BASE,31,2024-09-25,2024-09-24,259782.34608,81892.40000000002,120.19624000000002,371.999999999959,0.0,4,1,2,2024-10-08,2024-09-30,False,81400.20376000006,0.31334001323913235
REDUCE_100_HALF,evaluation,BASE,32,2024-10-09,2024-10-08,111510.2976,-6370.0,43.290000000000006,156.0000000000059,0.0,10,1,1,2024-10-23,2024-10-22,False,-6569.290000000006,-0.05891195827998585
REDUCE_100_HALF,evaluation,BASE,33,2025-01-08,2025-01-07,8136.2,96.60000000000036,10.0,8.399999999999075,0.0,10,1,1,2025-01-22,2025-01-21,False,78.2000000000013,0.00961136648558311
REDUCE_100_HALF,evaluation,BASE,34,2025-04-09,2025-04-08,333683.52336,13612.799999999988,136.09776000000002,357.60000000004004,0.0,11,2,1,2025-04-24,2025-04-23,False,13119.102239999947,0.039316002504103824
REDUCE_100_HALF,evaluation,BASE,35,2025-06-03,2025-05-30,344753.83698,17766.0,141.33634,454.10000000001776,1654.3999999999999,41,3,1,2025-07-30,2025-07-29,False,18824.963659999983,0.05460407293767716
REDUCE_100_HALF,evaluation,BASE,36,2025-09-05,2025-09-04,366109.80732,14871.399999999965,149.29028,493.19999999995355,0.0,7,1,2,2025-09-16,2025-09-15,False,14228.909720000012,0.038865142193700276
REDUCE_100_HALF,evaluation,BASE,37,2025-11-26,2025-11-25,9211.0,222.0,10.0,12.000000000000455,0.0,8,1,1,2025-12-08,2025-12-05,False,199.99999999999955,0.021713169037020905
REDUCE_100_HALF,evaluation,BASE,38,2025-12-19,2025-12-18,292746.0375,1740.800000000003,117.34816000000001,374.999999999974,6654.3,35,1,5,2026-02-10,2026-02-09,False,7902.751840000029,0.026995247851988532
REDUCE_100_HALF,evaluation,BASE,39,2026-03-25,2026-03-24,9482.3,132.3000000000011,10.0,12.600000000000477,0.0,10,1,1,2026-04-09,2026-04-08,False,109.70000000000061,0.011568923151556122
REDUCE_100_HALF,evaluation,BASE,40,2026-05-06,2026-04-30,358430.07168,-1692.7999999999884,142.91647999999998,441.60000000001673,0.0,9,1,1,2026-05-19,2026-05-18,False,-2277.316480000005,-0.006353586542909136
REDUCE_100_HALF,evaluation,BASE,41,2026-06-05,2026-06-04,385177.82016,3606.8000000000466,154.6676,470.39999999999736,0.0,12,1,3,2026-06-24,2026-06-23,False,2981.7324000000494,0.007741184055617377
REDUCE_100_HALF,evaluation,BASE,42,2026-07-21,2026-07-20,320573.12918000005,-4693.0,130.30980000000002,409.79999999998614,0.0,10,2,2,2026-08-04,2026-08-03,False,-5233.1097999999865,-0.01632423095905092
REDUCE_100_HALF,evaluation,BASE,43,2026-08-07,2026-08-06,279770.54292000004,1841.399999999965,112.18284,356.4000000000135,0.0,5,1,1,2026-08-14,2026-08-13,True,1372.8171599999516,0.004906939614412896
REDUCE_100_HALF,evaluation,STRESS,1,2020-01-02,2019-12-31,170843.31,-1283.3999999999942,135.94104000000002,413.9999999999912,0.0,14,1,1,2020-01-22,2020-01-21,False,-1833.3410399999852,-0.010731125731525485
REDUCE_100_HALF,evaluation,STRESS,2,2020-02-05,2020-02-04,125054.00160000002,9801.299999999992,103.80492000000001,297.00000000001125,0.0,19,1,4,2020-03-03,2020-03-02,False,9400.49507999998,0.07517148559602733
REDUCE_100_HALF,evaluation,STRESS,3,2020-03-23,2020-03-20,4966.6,308.0,10.0,11.199999999999388,0.0,10,1,1,2020-04-07,2020-04-03,False,286.80000000000064,0.05774574155357803
REDUCE_100_HALF,evaluation,STRESS,4,2020-07-01,2020-06-30,194353.91048000002,23717.79999999999,164.72408000000001,460.0000000000057,0.0,5,2,1,2020-07-08,2020-07-07,False,23093.07591999998,0.11881971328987678
REDUCE_100_HALF,evaluation,STRESS,5,2020-08-19,2020-08-18,76033.60128,-2277.5999999999913,59.82912,155.99999999999667,0.0,31,1,1,2020-10-09,2020-09-30,False,-2493.429119999988,-0.03279377904010793
REDUCE_100_HALF,evaluation,STRESS,6,2020-12-15,2020-12-14,218218.05232000002,21552.699999999983,182.93388000000002,479.60000000000525,2131.2,25,1,3,2021-01-20,2021-01-19,False,23021.366119999977,0.105497074486949
REDUCE_100_HALF,evaluation,STRESS,7,2021-02-03,2021-02-02,41793.910879999996,1907.5999999999985,34.14832,91.20000000000346,0.0,7,1,1,2021-02-19,2021-02-18,False,1782.251679999995,0.042643812040401116
REDUCE_100_HALF,evaluation,STRESS,8,2021-03-11,2021-03-10,6041.0,-141.60000000000036,10.0,13.200000000000145,0.0,10,1,1,2021-03-25,2021-03-24,False,-164.80000000000052,-0.027280251613971282
REDUCE_100_HALF,evaluation,STRESS,9,2021-06-08,2021-06-07,217818.69264000002,-3094.099999999984,172.74988000000002,494.40000000001214,0.0,31,2,4,2021-07-22,2021-07-21,False,-3761.2498799999958,-0.01726780119012285
REDUCE_100_HALF,evaluation,STRESS,10,2021-07-29,2021-07-28,249222.84928,8178.799999999959,202.34656,558.7999999999611,0.0,10,1,1,2021-08-12,2021-08-11,False,7417.653439999998,0.02976313552882272
REDUCE_100_HALF,evaluation,STRESS,11,2021-10-29,2021-10-28,223907.5272,6121.299999999988,181.30848000000003,486.09999999998007,0.0,32,2,2,2021-12-14,2021-12-13,False,5453.891520000008,0.02435778550280023
REDUCE_100_HALF,evaluation,STRESS,12,2022-01-10,2022-01-07,6365.9,-166.39999999999964,10.0,12.999999999999723,97.5,10,1,1,2022-01-24,2022-01-21,False,-91.89999999999935,-0.014436293375641993
REDUCE_100_HALF,evaluation,STRESS,13,2022-01-27,2022-01-26,6112.400000000001,-114.39999999999873,10.0,13.000000000000878,0.0,10,1,1,2022-02-17,2022-02-16,False,-137.3999999999996,-0.022478895360251227
REDUCE_100_HALF,evaluation,STRESS,14,2022-03-11,2022-03-10,6354.499999999999,-289.5,10.0,14.99999999999968,0.0,3,1,1,2022-03-16,2022-03-15,False,-314.49999999999966,-0.04949248564009752
REDUCE_100_HALF,evaluation,STRESS,15,2022-04-25,2022-04-22,6323.400000000001,16.0,10.0,12.800000000000722,0.0,10,1,1,2022-05-12,2022-05-11,False,-6.800000000000722,-0.0010753708447987984
REDUCE_100_HALF,evaluation,STRESS,16,2022-05-13,2022-05-12,414938.30896000005,5404.0,333.58052000000004,997.5000000000184,0.0,20,3,4,2022-06-13,2022-06-10,False,4072.9194799999814,0.009815722944956161
REDUCE_100_HALF,evaluation,STRESS,17,2022-08-05,2022-08-04,239197.54316,-6460.599999999991,190.97388000000004,561.9999999999893,0.0,21,2,3,2022-09-05,2022-09-02,False,-7213.573879999981,-0.03015739118680997
REDUCE_100_HALF,evaluation,STRESS,18,2022-09-21,2022-09-20,6379.4,-308.8000000000002,10.0,12.800000000000011,0.0,10,1,1,2022-10-12,2022-10-11,False,-331.6000000000002,-0.051979810013480926
REDUCE_100_HALF,evaluation,STRESS,19,2022-10-27,2022-10-26,6368.099999999999,120.69999999999982,10.0,13.600000000000012,0.0,7,1,1,2022-11-07,2022-11-04,False,97.09999999999981,0.015247876132598391
REDUCE_100_HALF,evaluation,STRESS,20,2023-01-17,2023-01-16,190884.3232,-1011.9999999999709,152.05759999999998,460.00000000003104,0.0,2,1,1,2023-01-19,2023-01-18,False,-1624.057600000002,-0.008508072180963689
REDUCE_100_HALF,evaluation,STRESS,21,2023-04-03,2023-03-31,249887.91519999996,1786.3999999999942,200.29856,615.9999999999868,0.0,7,1,1,2023-04-13,2023-04-12,False,970.1014400000074,0.0038821462783567517
REDUCE_100_HALF,evaluation,STRESS,22,2023-05-29,2023-05-26,6184.2,-28.800000000000182,10.0,12.7999999999993,0.0,10,1,1,2023-06-12,2023-06-09,False,-51.59999999999948,-0.0083438439895216
REDUCE_100_HALF,evaluation,STRESS,23,2023-08-23,2023-08-22,6107.4,160.0,10.0,12.800000000000011,0.0,9,1,1,2023-09-05,2023-09-04,False,137.2,0.022464551200183383
REDUCE_100_HALF,evaluation,STRESS,24,2023-10-18,2023-10-17,6300.1,-32.30000000000018,10.0,13.600000000000767,0.0,10,1,1,2023-11-01,2023-10-31,False,-55.90000000000095,-0.008872875033729773
REDUCE_100_HALF,evaluation,STRESS,25,2023-11-29,2023-11-28,6108.0,-176.79999999999927,10.0,13.600000000000012,0.0,10,1,1,2023-12-13,2023-12-12,False,-200.3999999999993,-0.03280943025540264
REDUCE_100_HALF,evaluation,STRESS,26,2024-02-19,2024-02-08,230908.52648,3735.7999999999884,185.9316,539.2000000000005,0.0,5,2,1,2024-02-26,2024-02-23,False,3010.6683999999877,0.013038359587214094
REDUCE_100_HALF,evaluation,STRESS,27,2024-03-05,2024-03-04,259806.08088000002,6642.0,210.1824,590.4000000000005,0.0,54,1,1,2024-05-27,2024-05-24,False,5841.4176,0.022483760119140748
REDUCE_100_HALF,evaluation,STRESS,28,2024-06-04,2024-06-03,131363.1392,3600.0,108.78152,302.40000000000026,0.0,32,2,1,2024-07-19,2024-07-18,False,3188.81848,0.02427483462575474
REDUCE_100_HALF,evaluation,STRESS,29,2024-08-02,2024-08-01,216933.13856,-3693.4000000000233,171.79944,500.79999999997267,0.0,3,1,1,2024-08-07,2024-08-06,False,-4365.999439999996,-0.020126014259423234
REDUCE_100_HALF,evaluation,STRESS,30,2024-08-28,2024-08-27,264627.40864000004,-10013.5,207.36100000000002,627.2000000000005,0.0,15,1,4,2024-09-20,2024-09-19,False,-10848.061000000002,-0.04099371662123533
REDUCE_100_HALF,evaluation,STRESS,31,2024-09-25,2024-09-24,254042.67644,79973.39999999997,234.88052000000002,654.2999999999925,0.0,4,1,2,2024-10-08,2024-09-30,False,79084.21947999997,0.31130289047587695
REDUCE_100_HALF,evaluation,STRESS,32,2024-10-09,2024-10-08,109009.5864,-6223.0,84.58200000000001,253.9999999999946,0.0,10,1,1,2024-10-23,2024-10-22,False,-6561.581999999995,-0.060192706134329435
REDUCE_100_HALF,evaluation,STRESS,33,2025-01-08,2025-01-07,8140.400000000001,96.60000000000036,10.0,16.800000000000015,0.0,10,1,1,2025-01-22,2025-01-21,False,69.80000000000035,0.00857451722274094
REDUCE_100_HALF,evaluation,STRESS,34,2025-04-09,2025-04-08,326077.57888000004,13300.600000000035,265.79864000000003,698.4000000000277,0.0,11,2,1,2025-04-24,2025-04-23,False,12336.401360000007,0.03783271883449531
REDUCE_100_HALF,evaluation,STRESS,35,2025-06-03,2025-05-30,336577.077,17715.800000000047,275.92956000000004,776.9000000000096,1707.1999999999998,41,3,1,2025-07-30,2025-07-29,False,18370.170440000038,0.054579386700182315
REDUCE_100_HALF,evaluation,STRESS,36,2025-09-05,2025-09-04,356988.2382,14490.199999999953,290.95208,800.999999999983,0.0,7,1,2,2025-09-16,2025-09-15,False,13398.24791999997,0.03753134273430516
REDUCE_100_HALF,evaluation,STRESS,37,2025-11-26,2025-11-25,9215.0,222.0,10.0,20.00000000000135,0.0,8,1,1,2025-12-08,2025-12-05,False,191.99999999999864,0.020835594139989
REDUCE_100_HALF,evaluation,STRESS,38,2025-12-19,2025-12-18,284961.9392000001,1678.4999999999927,228.30660000000003,608.000000000041,6482.099999999999,35,1,5,2026-02-10,2026-02-09,False,7324.293399999951,0.025702707598643227
REDUCE_100_HALF,evaluation,STRESS,39,2026-03-25,2026-03-24,9486.5,132.3000000000011,10.0,20.999999999999552,0.0,10,1,1,2026-04-09,2026-04-08,False,101.30000000000155,0.010678332367048073
REDUCE_100_HALF,evaluation,STRESS,40,2026-05-06,2026-04-30,348903.10544,-1646.7999999999884,278.06576,716.0000000000483,0.0,9,1,1,2026-05-19,2026-05-18,False,-2640.8657600000365,-0.007569052034288011
REDUCE_100_HALF,evaluation,STRESS,41,2026-06-05,2026-06-04,374596.57872,3511.1999999999825,300.65388,770.0999999999792,0.0,12,1,3,2026-06-24,2026-06-23,False,2440.4461200000032,0.00651486494708262
REDUCE_100_HALF,evaluation,STRESS,42,2026-07-21,2026-07-20,310908.5676,-4547.799999999988,247.79688000000002,661.9999999999877,0.0,10,2,2,2026-08-04,2026-08-03,False,-5457.5968799999755,-0.01755370372109352
REDUCE_100_HALF,evaluation,STRESS,43,2026-08-07,2026-08-06,271462.14144000004,1785.5999999999767,217.56672000000003,575.9999999999877,0.0,5,1,1,2026-08-14,2026-08-13,True,992.033279999989,0.0036544074792073844
REDUCE_100_HALF,earlier_diagnostic,BASE,1,2015-01-05,2014-12-31,195770.74632,38548.29999999999,86.51632000000001,266.29999999999944,899.5000000000001,88,2,5,2015-05-18,2015-05-15,False,39094.98367999998,0.19969778128187085
REDUCE_100_HALF,earlier_diagnostic,BASE,2,2015-06-03,2015-06-02,43344.26712,-5989.199999999997,16.12632,50.39999999999445,0.0,17,1,1,2015-06-29,2015-06-26,False,-6055.726319999992,-0.13971227851735313
REDUCE_100_HALF,earlier_diagnostic,BASE,3,2015-08-27,2015-08-26,5630.0,495.0,10.0,7.200000000000006,0.0,10,1,1,2015-09-14,2015-09-11,False,477.8,0.08486678507992895
REDUCE_100_HALF,earlier_diagnostic,BASE,4,2015-09-29,2015-09-28,207266.445,27942.5,88.42826,251.19999999999675,0.0,61,2,4,2015-12-30,2015-12-29,False,27602.871740000002,0.1331757860757442
REDUCE_100_HALF,earlier_diagnostic,BASE,5,2016-01-13,2016-01-12,6575.0,-666.0,10.0,8.000000000000895,102.0,10,1,1,2016-01-27,2016-01-26,False,-582.0000000000009,-0.08851711026615984
REDUCE_100_HALF,earlier_diagnostic,BASE,6,2016-05-03,2016-04-29,208851.66198000003,7138.799999999988,84.89884,264.4000000000296,0.0,61,1,1,2016-07-29,2016-07-28,False,6789.501159999959,0.032508724592529854
REDUCE_100_HALF,earlier_diagnostic,BASE,7,2016-09-07,2016-09-06,265955.1804,-3510.0,105.59640000000002,312.0000000000349,0.0,17,1,1,2016-10-11,2016-10-10,False,-3927.596400000035,-0.014767888311454883
REDUCE_100_HALF,earlier_diagnostic,BASE,8,2017-02-13,2017-02-10,263272.04388,1850.399999999965,105.59616000000003,308.4000000000003,0.0,11,1,1,2017-02-28,2017-02-27,False,1436.4038399999647,0.005455967974536183
REDUCE_100_HALF,earlier_diagnostic,BASE,9,2017-05-10,2017-05-09,6371.9,153.89999999999964,10.0,7.600000000000007,0.0,5,1,1,2017-05-17,2017-05-16,False,136.29999999999964,0.021390793954707332
REDUCE_100_HALF,earlier_diagnostic,BASE,10,2017-05-18,2017-05-17,238797.95004000003,25810.000000000015,100.60592000000001,280.8000000000003,0.0,61,1,3,2017-08-15,2017-08-14,False,25428.594080000013,0.1064858139516716
REDUCE_100_HALF,earlier_diagnostic,BASE,11,2017-10-23,2017-10-20,290058.30006,7245.899999999965,117.3766,363.49999999998306,0.0,49,1,3,2017-12-29,2017-12-28,False,6765.023399999983,0.023322978168873652
REDUCE_100_HALF,earlier_diagnostic,BASE,12,2018-01-12,2018-01-11,226730.23698,5489.899999999994,91.70798000000002,319.79999999996477,2451.8,7,1,1,2018-01-23,2018-01-22,False,7530.1920200000295,0.03321212080179792
REDUCE_100_HALF,earlier_diagnostic,BASE,13,2018-02-13,2018-02-12,217939.97928,8506.800000000047,88.80432000000002,278.00000000001876,0.0,11,1,1,2018-03-07,2018-03-06,False,8139.995680000028,0.0373497130122331
REDUCE_100_HALF,earlier_diagnostic,BASE,14,2018-03-28,2018-03-27,7369.4,77.89999999999964,10.0,7.599999999999163,0.0,10,1,1,2018-04-13,2018-04-12,False,60.30000000000047,0.008182484327082323
REDUCE_100_HALF,earlier_diagnostic,BASE,15,2018-04-19,2018-04-18,7539.0,22.0,10.0,7.999999999999119,0.0,10,1,1,2018-05-07,2018-05-04,False,4.000000000000881,0.0005305743467304524
REDUCE_100_HALF,earlier_diagnostic,BASE,16,2018-06-25,2018-06-22,7670.0,-415.8000000000002,10.0,8.400000000000007,0.0,3,1,1,2018-06-28,2018-06-27,False,-434.2000000000002,-0.056610169491525454
REDUCE_100_HALF,earlier_diagnostic,BASE,17,2018-10-09,2018-10-08,216930.8775,-2905.899999999994,86.12118000000001,263.2000000000003,0.0,9,2,1,2018-10-22,2018-10-19,False,-3255.2211799999945,-0.01500579916291536
REDUCE_100_HALF,earlier_diagnostic,BASE,18,2018-12-25,2018-12-24,7370.599999999999,148.80000000000018,10.0,9.599999999998943,0.0,10,1,1,2019-01-10,2019-01-09,False,129.20000000000124,0.01752910210837669
REDUCE_100_HALF,earlier_diagnostic,BASE,19,2019-02-28,2019-02-27,289230.43452,9340.200000000012,117.47476000000002,311.60000000000025,0.0,5,2,1,2019-03-07,2019-03-06,False,8911.125240000012,0.03080977717572739
REDUCE_100_HALF,earlier_diagnostic,BASE,20,2019-04-30,2019-04-29,7785.0,-400.0,10.0,8.000000000000895,0.0,2,1,1,2019-05-07,2019-05-06,False,-418.0000000000009,-0.05369299935773936
REDUCE_100_HALF,earlier_diagnostic,BASE,21,2019-05-31,2019-05-30,283924.37352,11918.700000000012,115.86846000000003,311.60000000000025,0.0,17,1,1,2019-06-26,2019-06-25,False,11491.231540000012,0.04047286042242708
REDUCE_100_HALF,earlier_diagnostic,BASE,22,2019-08-20,2019-08-19,299823.35268,4590.200000000012,120.76116,311.20000000003483,0.0,28,1,1,2019-09-30,2019-09-27,False,4158.238839999976,0.01386896251686587
REDUCE_100_HALF,earlier_diagnostic,BASE,23,2019-11-12,2019-11-11,332646.11591999995,-1342.399999999965,132.69624,335.60000000000025,0.0,20,1,1,2019-12-10,2019-12-09,False,-1810.6962399999652,-0.005443310934180366
REDUCE_100_HALF,earlier_diagnostic,BASE,24,2019-12-30,2019-12-27,330808.6485,5197.5,133.2375,495.00000000001876,0.0,1,1,1,2019-12-31,2019-12-30,True,4569.262499999981,0.013812403396097973
REDUCE_100_HALF,earlier_diagnostic,STRESS,1,2015-01-05,2014-12-31,196276.07904,38610.20000000001,172.20792,485.5999999999952,899.5000000000001,88,2,5,2015-05-18,2015-05-15,False,38851.89208000001,0.1979451203123036
REDUCE_100_HALF,earlier_diagnostic,STRESS,2,2015-06-03,2015-06-02,43378.14432,-5989.199999999997,32.256,92.40000000000101,0.0,17,1,1,2015-06-29,2015-06-26,False,-6113.855999999999,-0.14094323525917024
REDUCE_100_HALF,earlier_diagnostic,STRESS,3,2015-08-27,2015-08-26,5633.6,495.0,10.0,14.400000000000013,0.0,10,1,1,2015-09-14,2015-09-11,False,470.59999999999997,0.0835345072422607
REDUCE_100_HALF,earlier_diagnostic,STRESS,4,2015-09-29,2015-09-28,207110.61112000005,27903.400000000023,176.58296,501.6000000000005,0.0,61,2,4,2015-12-30,2015-12-29,False,27225.21704000002,0.13145254553966676
REDUCE_100_HALF,earlier_diagnostic,STRESS,5,2016-01-13,2016-01-12,6250.3,-632.6999999999998,10.0,13.300000000000223,96.89999999999999,10,1,1,2016-01-27,2016-01-26,False,-559.1,-0.08945170631809674
REDUCE_100_HALF,earlier_diagnostic,STRESS,6,2016-05-03,2016-04-29,208393.22396,7117.200000000012,169.28392,527.2000000000005,0.0,61,1,1,2016-07-29,2016-07-28,False,6420.716080000011,0.03081057991229328
REDUCE_100_HALF,earlier_diagnostic,STRESS,7,2016-09-07,2016-09-06,266164.4232,-3510.0,211.19280000000003,624.0000000000006,0.0,17,1,1,2016-10-11,2016-10-10,False,-4345.192800000001,-0.01632522013182414
REDUCE_100_HALF,earlier_diagnostic,STRESS,8,2017-02-13,2017-02-10,261770.26624,1838.3999999999942,209.82272,612.8000000000005,0.0,11,1,1,2017-02-28,2017-02-27,False,1015.7772799999935,0.003880415047095891
REDUCE_100_HALF,earlier_diagnostic,STRESS,9,2017-05-10,2017-05-09,6375.700000000001,153.89999999999964,10.0,15.200000000000014,0.0,5,1,1,2017-05-17,2017-05-16,False,128.69999999999962,0.020186018790093574
REDUCE_100_HALF,earlier_diagnostic,STRESS,10,2017-05-18,2017-05-17,237283.97564000002,25624.100000000006,199.77788000000004,557.6000000000005,0.0,61,1,3,2017-08-15,2017-08-14,False,24866.722120000002,0.10479730901730605
REDUCE_100_HALF,earlier_diagnostic,STRESS,11,2017-10-23,2017-10-20,287866.20044000004,7185.399999999994,232.81548000000004,648.8999999999926,0.0,49,1,3,2017-12-29,2017-12-28,False,6303.684520000002,0.021897966869208318
REDUCE_100_HALF,earlier_diagnostic,STRESS,12,2018-01-12,2018-01-11,224328.1954,5428.099999999977,181.35124000000002,526.9999999999887,2424.2,7,1,1,2018-01-23,2018-01-22,False,7143.9487599999875,0.03184596901544899
REDUCE_100_HALF,earlier_diagnostic,STRESS,13,2018-02-13,2018-02-12,216133.51884,8430.300000000047,176.01144000000002,495.90000000001885,0.0,11,1,1,2018-03-07,2018-03-06,False,7758.388560000028,0.035896276531468645
REDUCE_100_HALF,earlier_diagnostic,STRESS,14,2018-03-28,2018-03-27,7373.2,77.89999999999964,10.0,15.200000000000014,0.0,10,1,1,2018-04-13,2018-04-12,False,52.69999999999962,0.007147507188195033
REDUCE_100_HALF,earlier_diagnostic,STRESS,15,2018-04-19,2018-04-18,7543.0,22.0,10.0,15.999999999999126,0.0,10,1,1,2018-05-07,2018-05-04,False,-3.999999999999126,-0.0005302929868751327
REDUCE_100_HALF,earlier_diagnostic,STRESS,16,2018-06-25,2018-06-22,7674.200000000001,-415.8000000000002,10.0,16.800000000000015,0.0,3,1,1,2018-06-28,2018-06-27,False,-442.6000000000002,-0.05767376404055148
REDUCE_100_HALF,earlier_diagnostic,STRESS,17,2018-10-09,2018-10-08,214142.42272,-2872.2000000000116,169.88888000000003,519.2000000000005,0.0,9,2,1,2018-10-22,2018-10-19,False,-3561.288880000012,-0.01663046880092761
REDUCE_100_HALF,earlier_diagnostic,STRESS,18,2018-12-25,2018-12-24,7375.400000000001,148.80000000000018,10.0,19.200000000000017,0.0,10,1,1,2019-01-10,2019-01-09,False,119.60000000000016,0.01621606963690107
REDUCE_100_HALF,earlier_diagnostic,STRESS,19,2019-02-28,2019-02-27,285351.69504,9213.599999999977,231.62976000000003,614.4000000000005,0.0,5,2,1,2019-03-07,2019-03-06,False,8367.570239999975,0.029323709602730855
REDUCE_100_HALF,earlier_diagnostic,STRESS,20,2019-04-30,2019-04-29,7789.0,-400.0,10.0,16.000000000000014,0.0,2,1,1,2019-05-07,2019-05-06,False,-426.0,-0.054692515085376814
REDUCE_100_HALF,earlier_diagnostic,STRESS,21,2019-05-31,2019-05-30,279760.05928,21322.600000000035,232.00216,613.6000000000006,0.0,23,1,1,2019-07-04,2019-07-03,False,20476.997840000033,0.07319485809625695
REDUCE_100_HALF,earlier_diagnostic,STRESS,22,2019-08-20,2019-08-19,325916.71456,1441.899999999965,260.93120000000005,686.6999999999987,0.0,28,2,1,2019-09-30,2019-09-27,False,494.2687999999664,0.0015165494063943549
REDUCE_100_HALF,earlier_diagnostic,STRESS,23,2019-11-12,2019-11-11,334070.77488,-1347.2000000000116,266.34144000000003,673.6000000000006,0.0,20,1,1,2019-12-10,2019-12-09,False,-2287.141440000012,-0.006846278130200302
REDUCE_100_HALF,earlier_diagnostic,STRESS,24,2019-12-30,2019-12-27,331039.863,5197.5,266.475,824.9999999999824,0.0,1,1,1,2019-12-31,2019-12-30,True,4106.025000000017,0.012403415597111991
REDUCE_105_UPPER00,evaluation,BASE,1,2020-01-02,2019-12-31,178973.98764,-1345.3999999999942,71.25412,260.40000000000987,0.0,14,1,1,2020-01-22,2020-01-21,False,-1677.054120000004,-0.009370379137851811
REDUCE_105_UPPER00,evaluation,BASE,2,2020-02-05,2020-02-04,131400.47484,9473.399999999994,54.40966000000001,173.4999999999889,0.0,19,1,2,2020-03-03,2020-03-02,False,9245.490340000006,0.0703611638485918
REDUCE_105_UPPER00,evaluation,BASE,3,2020-03-23,2020-03-20,4963.8,308.0,10.0,5.600000000000005,0.0,10,1,1,2020-04-07,2020-04-03,False,292.4,0.05890648293645996
REDUCE_105_UPPER00,evaluation,BASE,4,2020-07-01,2020-06-30,204364.06464,24947.600000000006,86.66072000000001,290.400000000011,0.0,5,2,1,2020-07-08,2020-07-07,False,24570.539279999994,0.12022925519358076
REDUCE_105_UPPER00,evaluation,BASE,5,2020-08-19,2020-08-18,80371.071,-2409.0,31.6404,99.00000000000375,0.0,31,1,1,2020-10-09,2020-09-30,False,-2539.640400000004,-0.03159893688613412
REDUCE_105_UPPER00,evaluation,BASE,6,2020-12-15,2020-12-14,229591.80918,24199.199999999983,96.60312,275.40000000001044,1900.8,25,1,2,2021-01-20,2021-01-19,False,25727.996879999973,0.11205973319296082
REDUCE_105_UPPER00,evaluation,BASE,7,2021-02-03,2021-02-02,44510.30028,2033.0999999999985,18.19746,48.60000000000184,0.0,7,1,1,2021-02-19,2021-02-18,False,1966.3025399999965,0.04417634856719947
REDUCE_105_UPPER00,evaluation,BASE,8,2021-03-11,2021-03-10,6540.1,-153.40000000000055,10.0,7.799999999999141,0.0,10,1,1,2021-03-25,2021-03-24,False,-171.19999999999968,-0.026176969771104366
REDUCE_105_UPPER00,evaluation,BASE,9,2021-06-08,2021-06-07,231917.09858,-2336.7999999999884,98.01192,263.40000000001,0.0,31,2,2,2021-07-22,2021-07-21,False,-2698.2119199999984,-0.011634381149647093
REDUCE_105_UPPER00,evaluation,BASE,10,2021-07-29,2021-07-28,254464.68276000003,8355.899999999994,103.37442000000001,311.3999999999657,0.0,10,1,1,2021-08-12,2021-08-11,False,7941.125580000028,0.03120718165628411
REDUCE_105_UPPER00,evaluation,BASE,11,2021-10-29,2021-10-28,240182.72694,8127.299999999988,97.62138000000002,289.7999999999681,0.0,32,2,1,2021-12-14,2021-12-13,False,7739.87862000002,0.03222495938241853
REDUCE_105_UPPER00,evaluation,BASE,12,2022-01-10,2022-01-07,6852.4,-179.19999999999982,10.0,8.400000000000318,105.0,10,1,1,2022-01-24,2022-01-21,False,-92.60000000000014,-0.013513513513513533
REDUCE_105_UPPER00,evaluation,BASE,13,2022-01-27,2022-01-26,7049.0,-131.99999999999818,10.0,9.000000000000341,0.0,10,1,1,2022-02-17,2022-02-16,False,-150.99999999999852,-0.02142147822386133
REDUCE_105_UPPER00,evaluation,BASE,14,2022-03-11,2022-03-10,6774.599999999999,-308.7999999999993,10.0,9.600000000000364,0.0,3,1,1,2022-03-16,2022-03-15,False,-328.39999999999964,-0.04847518672689158
REDUCE_105_UPPER00,evaluation,BASE,15,2022-04-25,2022-04-22,6714.900000000001,17.0,10.0,6.800000000000006,0.0,10,1,1,2022-05-12,2022-05-11,False,0.19999999999999396,2.978450907682824e-05
REDUCE_105_UPPER00,evaluation,BASE,16,2022-05-13,2022-05-12,477334.84788,3401.600000000035,191.43966,682.1000000000281,0.0,20,3,2,2022-06-13,2022-06-10,False,2528.060340000007,0.005296198991605052
REDUCE_105_UPPER00,evaluation,BASE,17,2022-08-05,2022-08-04,257319.3388,-7080.299999999988,105.00300000000001,363.00000000001376,0.0,21,2,2,2022-09-05,2022-09-02,False,-7548.303000000002,-0.029334378967400026
REDUCE_105_UPPER00,evaluation,BASE,18,2022-09-21,2022-09-20,6774.400000000001,-328.10000000000036,10.0,6.800000000000006,0.0,10,1,1,2022-10-12,2022-10-11,False,-344.9000000000004,-0.05091225791213987
REDUCE_105_UPPER00,evaluation,BASE,19,2022-10-27,2022-10-26,6738.8,127.80000000000018,10.0,7.200000000000006,0.0,7,1,1,2022-11-07,2022-11-04,False,110.60000000000018,0.016412417641123073
REDUCE_105_UPPER00,evaluation,BASE,20,2023-01-17,2023-01-16,204853.36247999998,-1086.7999999999593,81.64832000000001,296.40000000001123,0.0,2,1,1,2023-01-19,2023-01-18,False,-1464.8483199999705,-0.007150716504070002
REDUCE_105_UPPER00,evaluation,BASE,21,2023-04-03,2023-03-31,263092.30794,1882.0999999999767,105.51442000000002,389.3999999999571,0.0,7,1,1,2023-04-13,2023-04-12,False,1387.1855800000196,0.005272619298000825
REDUCE_105_UPPER00,evaluation,BASE,22,2023-05-29,2023-05-26,6953.0,-32.400000000000546,10.0,7.199999999999207,0.0,10,1,1,2023-06-12,2023-06-09,False,-49.59999999999975,-0.00713361139076654
REDUCE_105_UPPER00,evaluation,BASE,23,2023-08-23,2023-08-22,6866.6,180.0,10.0,7.200000000000806,0.0,9,1,1,2023-09-05,2023-09-04,False,162.7999999999992,0.02370896804823336
REDUCE_105_UPPER00,evaluation,BASE,24,2023-10-18,2023-10-17,6666.8,-34.19999999999982,10.0,7.200000000000806,0.0,10,1,1,2023-11-01,2023-10-31,False,-51.400000000000624,-0.0077098458030840315
REDUCE_105_UPPER00,evaluation,BASE,25,2023-11-29,2023-11-28,6822.2,-197.59999999999945,10.0,7.6000000000008505,0.0,10,1,1,2023-12-13,2023-12-12,False,-215.2000000000003,-0.0315440766908036
REDUCE_105_UPPER00,evaluation,BASE,26,2024-02-19,2024-02-08,248872.16448,4028.2000000000116,100.27644000000001,290.7999999999886,0.0,5,2,1,2024-02-26,2024-02-23,False,3637.1235600000227,0.014614424910071899
REDUCE_105_UPPER00,evaluation,BASE,27,2024-03-05,2024-03-04,266993.68806,6831.0,108.08160000000001,303.59999999996654,0.0,54,1,1,2024-05-27,2024-05-24,False,6419.318400000033,0.02404295939219902
REDUCE_105_UPPER00,evaluation,BASE,28,2024-06-04,2024-06-03,142726.70412,3909.100000000006,61.391980000000004,164.40000000000015,0.0,32,2,1,2024-07-19,2024-07-18,False,3683.308020000006,0.025806719511320034
REDUCE_105_UPPER00,evaluation,BASE,29,2024-08-02,2024-08-01,236155.62168,-4023.8000000000175,93.58404000000002,272.80000000000024,0.0,3,1,1,2024-08-07,2024-08-06,False,-4390.184040000017,-0.018590216098894677
REDUCE_105_UPPER00,evaluation,BASE,30,2024-08-28,2024-08-27,273186.6264,-10097.7,110.80094,323.9999999999994,0.0,15,1,2,2024-09-20,2024-09-19,False,-10532.50094,-0.03855423334148981
REDUCE_105_UPPER00,evaluation,BASE,31,2024-09-25,2024-09-24,262924.87445999996,87875.09999999998,122.64864000000001,376.4999999999585,0.0,4,1,1,2024-10-08,2024-09-30,False,87375.95136000002,0.3323228794516091
REDUCE_105_UPPER00,evaluation,BASE,32,2024-10-09,2024-10-08,120088.0128,-6860.0,46.620000000000005,168.00000000000637,0.0,10,1,1,2024-10-23,2024-10-22,False,-7074.620000000006,-0.05891195827998585
REDUCE_105_UPPER00,evaluation,BASE,33,2025-01-08,2025-01-07,8910.6,105.79999999999927,10.0,9.199999999998987,0.0,10,1,1,2025-01-22,2025-01-21,False,86.60000000000028,0.00971876192400066
REDUCE_105_UPPER00,evaluation,BASE,34,2025-04-09,2025-04-08,343033.09290000005,14363.5,139.9849,368.00000000004115,0.0,11,2,1,2025-04-24,2025-04-23,False,13855.515099999959,0.040391190782398
REDUCE_105_UPPER00,evaluation,BASE,35,2025-06-03,2025-05-30,359082.90222,19086.100000000093,147.32734000000002,471.60000000001844,1786.3999999999999,41,3,1,2025-07-30,2025-07-29,False,20253.572660000078,0.05640361190907186
REDUCE_105_UPPER00,evaluation,BASE,36,2025-09-05,2025-09-04,377244.53382,15415.399999999965,153.84908000000001,508.199999999944,0.0,7,1,1,2025-09-16,2025-09-15,False,14753.35092000002,0.03910819003951292
REDUCE_105_UPPER00,evaluation,BASE,37,2025-11-26,2025-11-25,10131.6,244.20000000000073,10.0,13.2000000000005,0.0,8,1,1,2025-12-08,2025-12-05,False,221.00000000000023,0.02181294168739392
REDUCE_105_UPPER00,evaluation,BASE,38,2025-12-19,2025-12-18,316634.11416,3399.899999999965,127.22718000000002,405.5999999999715,6076.2,35,1,3,2026-02-10,2026-02-09,False,8943.272819999995,0.028244817661942843
REDUCE_105_UPPER00,evaluation,BASE,39,2026-03-25,2026-03-24,10384.9,144.90000000000146,10.0,13.800000000000523,0.0,10,1,1,2026-04-09,2026-04-08,False,121.10000000000093,0.011661161879267103
REDUCE_105_UPPER00,evaluation,BASE,40,2026-05-06,2026-04-30,388136.91186,-1833.0999999999767,154.76146,478.2000000000181,0.0,9,1,1,2026-05-19,2026-05-18,False,-2466.061459999995,-0.006353586542909109
REDUCE_105_UPPER00,evaluation,BASE,41,2026-06-05,2026-06-04,397951.5744,1620.0,159.37560000000002,486.0000000000184,0.0,12,1,1,2026-06-24,2026-06-23,False,974.6243999999815,0.0024491030132735205
REDUCE_105_UPPER00,evaluation,BASE,42,2026-07-21,2026-07-20,345448.21604,-5270.599999999977,139.94884000000002,441.60000000001673,0.0,10,2,1,2026-08-04,2026-08-03,False,-5852.1488399999935,-0.016940741240714246
REDUCE_105_UPPER00,evaluation,BASE,43,2026-08-07,2026-08-06,300965.28102000005,1980.899999999965,120.68154000000001,383.40000000001453,0.0,5,1,1,2026-08-14,2026-08-13,True,1476.8184599999504,0.004906939614412904
REDUCE_105_UPPER00,evaluation,STRESS,1,2020-01-02,2019-12-31,179096.61,-1345.3999999999942,142.50824,433.99999999999073,0.0,14,1,1,2020-01-22,2020-01-21,False,-1921.908239999985,-0.010731125731525489
REDUCE_105_UPPER00,evaluation,STRESS,2,2020-02-05,2020-02-04,131117.22592,9448.199999999997,108.50656000000001,311.4000000000118,0.0,19,1,2,2020-03-03,2020-03-02,False,9028.293439999985,0.06885665385804088
REDUCE_105_UPPER00,evaluation,STRESS,3,2020-03-23,2020-03-20,4966.6,308.0,10.0,11.199999999999388,0.0,10,1,1,2020-04-07,2020-04-03,False,286.80000000000064,0.05774574155357803
REDUCE_105_UPPER00,evaluation,STRESS,4,2020-07-01,2020-06-30,204082.40032000002,24892.900000000023,172.96460000000002,483.000000000006,0.0,5,2,1,2020-07-08,2020-07-07,False,24236.935400000017,0.11876053673416544
REDUCE_105_UPPER00,evaluation,STRESS,5,2020-08-19,2020-08-18,79932.76032,-2394.4000000000087,62.89728000000001,163.9999999999965,0.0,31,1,1,2020-10-09,2020-09-30,False,-2621.2972800000052,-0.03279377904010816
REDUCE_105_UPPER00,evaluation,STRESS,6,2020-12-15,2020-12-14,228728.55484,24069.59999999999,192.33644,502.7000000000055,1900.8,25,1,2,2021-01-20,2021-01-19,False,25275.363559999987,0.11050375226512749
REDUCE_105_UPPER00,evaluation,STRESS,7,2021-02-03,2021-02-02,44543.510279999995,2033.0999999999985,36.39492,97.20000000000368,0.0,7,1,1,2021-02-19,2021-02-18,False,1899.505079999995,0.04264381204040112
REDUCE_105_UPPER00,evaluation,STRESS,8,2021-03-11,2021-03-10,6544.0,-153.40000000000055,10.0,14.300000000000157,0.0,10,1,1,2021-03-25,2021-03-24,False,-177.7000000000007,-0.027154645476772724
REDUCE_105_UPPER00,evaluation,STRESS,9,2021-06-08,2021-06-07,231036.17751999997,-2326.399999999965,186.53512,524.4000000000199,0.0,31,2,2,2021-07-22,2021-07-21,False,-3037.335119999985,-0.01314657796282599
REDUCE_105_UPPER00,evaluation,STRESS,10,2021-07-29,2021-07-28,252657.0224,8291.49999999997,205.1348,566.4999999999604,0.0,10,1,1,2021-08-12,2021-08-11,False,7519.865200000011,0.029763135528822773
REDUCE_105_UPPER00,evaluation,STRESS,11,2021-10-29,2021-10-28,238337.19676,8059.899999999994,193.60672,526.8999999999736,0.0,32,2,1,2021-12-14,2021-12-13,False,7339.393280000021,0.030794157939982063
REDUCE_105_UPPER00,evaluation,STRESS,12,2022-01-10,2022-01-07,6855.2,-179.19999999999982,10.0,13.999999999999702,105.0,10,1,1,2022-01-24,2022-01-21,False,-98.19999999999952,-0.014324892052748209
REDUCE_105_UPPER00,evaluation,STRESS,13,2022-01-27,2022-01-26,6582.200000000001,-123.19999999999891,10.0,14.000000000000945,0.0,10,1,1,2022-02-17,2022-02-16,False,-147.19999999999985,-0.022363343562942454
REDUCE_105_UPPER00,evaluation,STRESS,14,2022-03-11,2022-03-10,6777.799999999999,-308.7999999999993,10.0,15.999999999999659,0.0,3,1,1,2022-03-16,2022-03-15,False,-334.79999999999893,-0.04939655935554294
REDUCE_105_UPPER00,evaluation,STRESS,15,2022-04-25,2022-04-22,6718.3,17.0,10.0,13.600000000000767,0.0,10,1,1,2022-05-12,2022-05-11,False,-6.600000000000767,-0.0009823913787715295
REDUCE_105_UPPER00,evaluation,STRESS,16,2022-05-13,2022-05-12,472723.81392000004,3379.3000000000466,378.9254,1135.4000000000183,0.0,20,3,2,2022-06-13,2022-06-10,False,1864.9746000000282,0.00394516744256011
REDUCE_105_UPPER00,evaluation,STRESS,17,2022-08-05,2022-08-04,254519.10296,-7005.600000000006,202.82752,597.9999999999887,0.0,21,2,2,2022-09-05,2022-09-02,False,-7806.427519999995,-0.030671283330850205
REDUCE_105_UPPER00,evaluation,STRESS,18,2022-09-21,2022-09-20,6777.8,-328.10000000000036,10.0,13.600000000000012,0.0,10,1,1,2022-10-12,2022-10-11,False,-351.7000000000004,-0.05188999380329906
REDUCE_105_UPPER00,evaluation,STRESS,19,2022-10-27,2022-10-26,6742.4,127.80000000000018,10.0,14.400000000000013,0.0,7,1,1,2022-11-07,2022-11-04,False,103.40000000000018,0.015335785476981518
REDUCE_105_UPPER00,evaluation,STRESS,20,2023-01-17,2023-01-16,202503.36896,-1073.5999999999767,161.31328,488.00000000003297,0.0,2,1,1,2023-01-19,2023-01-18,False,-1722.9132800000098,-0.008508072180963729
REDUCE_105_UPPER00,evaluation,STRESS,21,2023-04-03,2023-03-31,259218.14579999997,1853.0999999999767,207.77724,638.9999999999864,0.0,7,1,1,2023-04-13,2023-04-12,False,1006.3227599999905,0.0038821462783566853
REDUCE_105_UPPER00,evaluation,STRESS,22,2023-05-29,2023-05-26,6570.400000000001,-30.600000000000364,10.0,13.599999999999257,0.0,10,1,1,2023-06-12,2023-06-09,False,-54.19999999999962,-0.008249117253135214
REDUCE_105_UPPER00,evaluation,STRESS,23,2023-08-23,2023-08-22,6488.8,170.0,10.0,13.600000000000012,0.0,9,1,1,2023-09-05,2023-09-04,False,146.39999999999998,0.022561952903464428
REDUCE_105_UPPER00,evaluation,STRESS,24,2023-10-18,2023-10-17,6670.400000000001,-34.19999999999982,10.0,14.400000000000812,0.0,10,1,1,2023-11-01,2023-10-31,False,-58.600000000000634,-0.008785080355001293
REDUCE_105_UPPER00,evaluation,STRESS,25,2023-11-29,2023-11-28,6826.0,-197.59999999999945,10.0,15.200000000000014,0.0,10,1,1,2023-12-13,2023-12-12,False,-222.79999999999947,-0.03263990624084376
REDUCE_105_UPPER00,evaluation,STRESS,26,2024-02-19,2024-02-08,244961.04524000004,3956.9000000000233,197.24444,572.0000000000005,0.0,5,2,1,2024-02-26,2024-02-23,False,3187.655560000023,0.013012908060042462
REDUCE_105_UPPER00,evaluation,STRESS,27,2024-03-05,2024-03-04,262622.40696000005,6714.0,212.4608,596.8000000000005,0.0,54,1,1,2024-05-27,2024-05-24,False,5904.7392,0.022483760119140744
REDUCE_105_UPPER00,evaluation,STRESS,28,2024-06-04,2024-06-03,139354.69104,3820.2000000000116,115.10948000000002,320.8000000000003,0.0,32,2,1,2024-07-19,2024-07-18,False,3384.2905200000114,0.024285443817808713
REDUCE_105_UPPER00,evaluation,STRESS,29,2024-08-02,2024-08-01,230448.1424,-3923.5,182.50260000000003,531.9999999999709,0.0,3,1,1,2024-08-07,2024-08-06,False,-4638.002599999971,-0.020126014259423123
REDUCE_105_UPPER00,evaluation,STRESS,30,2024-08-28,2024-08-27,267665.22328000003,-9886.5,212.235,634.4000000000005,0.0,15,1,2,2024-09-20,2024-09-19,False,-10733.135000000002,-0.04009910166317068
REDUCE_105_UPPER00,evaluation,STRESS,31,2024-09-25,2024-09-24,257187.63392,85891.19999999998,239.75936000000002,662.3999999999924,0.0,4,1,1,2024-10-08,2024-09-30,False,84989.04063999999,0.33045539299310334
REDUCE_105_UPPER00,evaluation,STRESS,32,2024-10-09,2024-10-08,117593.0184,-6713.0,91.242,273.99999999999415,0.0,10,1,1,2024-10-23,2024-10-22,False,-7078.241999999995,-0.06019270613432944
REDUCE_105_UPPER00,evaluation,STRESS,33,2025-01-08,2025-01-07,8527.800000000001,101.20000000000073,10.0,17.600000000000016,0.0,10,1,1,2025-01-22,2025-01-21,False,73.6000000000007,0.008630596402354734
REDUCE_105_UPPER00,evaluation,STRESS,34,2025-04-09,2025-04-08,334705.62872000004,14002.400000000023,272.97136000000006,717.6000000000297,0.0,11,2,1,2025-04-24,2025-04-23,False,13011.828639999994,0.03887544015844776
REDUCE_105_UPPER00,evaluation,STRESS,35,2025-06-03,2025-05-30,350074.27372,19031.300000000047,287.23708,807.2000000000085,1839.1999999999998,41,3,1,2025-07-30,2025-07-29,False,19776.06292000004,0.05649104891328728
REDUCE_105_UPPER00,evaluation,STRESS,36,2025-09-05,2025-09-04,367684.515,15015.0,299.706,824.9999999999824,0.0,7,1,1,2025-09-16,2025-09-15,False,13890.294000000018,0.03777775085252099
REDUCE_105_UPPER00,evaluation,STRESS,37,2025-11-26,2025-11-25,9675.5,233.10000000000036,10.0,21.000000000001418,0.0,8,1,1,2025-12-08,2025-12-05,False,202.09999999999894,0.020887809415533972
REDUCE_105_UPPER00,evaluation,STRESS,38,2025-12-19,2025-12-18,307927.6218000001,3255.7999999999884,247.28312000000005,657.0000000000443,5928.6,35,1,3,2026-02-10,2026-02-09,False,8280.116879999945,0.02688981531308648
REDUCE_105_UPPER00,evaluation,STRESS,39,2026-03-25,2026-03-24,9938.0,138.60000000000036,10.0,21.99999999999953,0.0,10,1,1,2026-04-09,2026-04-08,False,106.60000000000083,0.010726504326826408
REDUCE_105_UPPER00,evaluation,STRESS,40,2026-05-06,2026-04-30,378140.79584000004,-1784.7999999999884,301.3673600000001,776.0000000000523,0.0,9,1,1,2026-05-19,2026-05-18,False,-2862.167360000041,-0.007569052034288014
REDUCE_105_UPPER00,evaluation,STRESS,41,2026-06-05,2026-06-04,386394.89615999995,1572.0000000000582,309.30672000000004,785.9999999999833,0.0,12,1,1,2026-06-24,2026-06-23,False,476.6932800000749,0.0012336945563656818
REDUCE_105_UPPER00,evaluation,STRESS,42,2026-07-21,2026-07-20,334861.15760000004,-5106.299999999988,266.52036000000004,712.9999999999866,0.0,10,2,1,2026-08-04,2026-08-03,False,-6085.820359999975,-0.01817416031055366
REDUCE_105_UPPER00,evaluation,STRESS,43,2026-08-07,2026-08-06,291727.54436,1918.899999999965,233.80868000000004,618.9999999999868,0.0,5,1,1,2026-08-14,2026-08-13,True,1066.0913199999782,0.0036544074792073506
REDUCE_105_UPPER00,earlier_diagnostic,BASE,1,2015-01-05,2014-12-31,229068.00444,38764.19999999998,99.30004,308.39999999998895,941.5000000000001,88,3,4,2015-05-18,2015-05-15,False,39297.999959999994,0.17155604099346558
REDUCE_105_UPPER00,earlier_diagnostic,BASE,2,2015-06-03,2015-06-02,45408.279839999996,-6274.4000000000015,16.89424,52.799999999994185,0.0,17,1,1,2015-06-29,2015-06-26,False,-6344.094239999995,-0.1397122785173532
REDUCE_105_UPPER00,earlier_diagnostic,BASE,3,2015-08-27,2015-08-26,5942.5,522.4999999999991,10.0,7.600000000000007,0.0,10,1,1,2015-09-14,2015-09-11,False,504.89999999999907,0.08496424063946136
REDUCE_105_UPPER00,earlier_diagnostic,BASE,4,2015-09-29,2015-09-28,217835.5584,26552.20000000001,92.37444,264.0000000000002,0.0,61,2,3,2015-12-30,2015-12-29,False,26195.825560000012,0.12025504813083818
REDUCE_105_UPPER00,earlier_diagnostic,BASE,5,2016-01-13,2016-01-12,6575.0,-666.0,10.0,8.000000000000895,102.0,10,1,1,2016-01-27,2016-01-26,False,-582.0000000000009,-0.08851711026615984
REDUCE_105_UPPER00,earlier_diagnostic,BASE,6,2016-05-03,2016-04-29,218014.59420000002,4052.0,87.9436,276.0000000000233,0.0,61,1,2,2016-07-29,2016-07-28,False,3688.0563999999767,0.016916557414576865
REDUCE_105_UPPER00,earlier_diagnostic,BASE,7,2016-09-07,2016-09-06,262545.4986,-3465.0,104.24260000000001,308.00000000003445,0.0,17,1,1,2016-10-11,2016-10-10,False,-3877.2426000000346,-0.014767888311454884
REDUCE_105_UPPER00,earlier_diagnostic,BASE,8,2017-02-13,2017-02-10,258832.95624,1819.1999999999825,103.81568000000001,303.2000000000003,0.0,11,1,1,2017-02-28,2017-02-27,False,1412.1843199999823,0.0054559679745362485
REDUCE_105_UPPER00,earlier_diagnostic,BASE,9,2017-05-10,2017-05-09,6707.0,162.0,10.0,8.000000000000007,0.0,5,1,1,2017-05-17,2017-05-16,False,144.0,0.021470105859549723
REDUCE_105_UPPER00,earlier_diagnostic,BASE,10,2017-05-18,2017-05-17,246281.64648000002,26676.999999999985,103.77044000000001,289.60000000000025,0.0,61,1,2,2017-08-15,2017-08-14,False,26283.629559999987,0.1067218363027081
REDUCE_105_UPPER00,earlier_diagnostic,BASE,11,2017-10-23,2017-10-20,286467.48204000003,7285.499999999971,115.94938,358.9999999999924,0.0,49,1,2,2017-12-29,2017-12-28,False,6810.550619999978,0.02377425378790116
REDUCE_105_UPPER00,earlier_diagnostic,BASE,12,2018-01-12,2018-01-11,235237.93818,5695.899999999994,95.14918000000002,331.79999999996346,2543.8,7,1,1,2018-01-23,2018-01-22,False,7812.750820000029,0.03321212080179791
REDUCE_105_UPPER00,earlier_diagnostic,BASE,13,2018-02-13,2018-02-12,226563.50364,8843.400000000052,92.31816,289.0000000000195,0.0,11,1,1,2018-03-07,2018-03-06,False,8462.081840000032,0.03734971301223311
REDUCE_105_UPPER00,earlier_diagnostic,BASE,14,2018-03-28,2018-03-27,7757.0,82.0,10.0,7.999999999999119,0.0,10,1,1,2018-04-13,2018-04-12,False,64.00000000000088,0.008250612350135475
REDUCE_105_UPPER00,earlier_diagnostic,BASE,15,2018-04-19,2018-04-18,7915.7,23.099999999999454,10.0,8.399999999999075,0.0,10,1,1,2018-05-07,2018-05-04,False,4.700000000000379,0.0005937567113458544
REDUCE_105_UPPER00,earlier_diagnostic,BASE,16,2018-06-25,2018-06-22,8035.0,-435.60000000000036,10.0,8.800000000000008,0.0,3,1,1,2018-06-28,2018-06-27,False,-454.4000000000004,-0.05655258245177354
REDUCE_105_UPPER00,earlier_diagnostic,BASE,17,2018-10-09,2018-10-08,225176.72634,-3020.0999999999767,89.39402000000001,273.2000000000003,0.0,9,2,1,2018-10-22,2018-10-19,False,-3382.694019999977,-0.015022396297263698
REDUCE_105_UPPER00,earlier_diagnostic,BASE,18,2018-12-25,2018-12-24,7677.5,155.0,10.0,9.999999999998899,0.0,10,1,1,2019-01-10,2019-01-09,False,135.0000000000011,0.017583848909150258
REDUCE_105_UPPER00,earlier_diagnostic,BASE,19,2019-02-28,2019-02-27,300744.13680000004,9708.0,122.1504,324.0000000000003,0.0,5,2,1,2019-03-07,2019-03-06,False,9261.8496,0.030796442778730834
REDUCE_105_UPPER00,earlier_diagnostic,BASE,20,2019-04-30,2019-04-29,8174.0,-420.0,10.0,8.40000000000094,0.0,2,1,1,2019-05-07,2019-05-06,False,-438.40000000000094,-0.05363347198434071
REDUCE_105_UPPER00,earlier_diagnostic,BASE,21,2019-05-31,2019-05-30,295223.0328,12393.0,120.4794,324.0000000000003,0.0,17,1,1,2019-06-26,2019-06-25,False,11948.5206,0.040472860422427044
REDUCE_105_UPPER00,earlier_diagnostic,BASE,22,2019-08-20,2019-08-19,312540.79566,4784.900000000023,125.88342,324.4000000000363,0.0,28,1,1,2019-09-30,2019-09-27,False,4334.616579999987,0.013868962516865908
REDUCE_105_UPPER00,earlier_diagnostic,BASE,23,2019-11-12,2019-11-11,331060.1988,-1336.0,132.0636,334.00000000000034,0.0,20,1,1,2019-12-10,2019-12-09,False,-1802.0636000000004,-0.005443310934180471
REDUCE_105_UPPER00,earlier_diagnostic,BASE,24,2019-12-30,2019-12-27,328803.7476,5166.0,132.43,492.00000000001864,0.0,1,1,1,2019-12-31,2019-12-30,True,4541.5699999999815,0.013812403396097975
REDUCE_105_UPPER00,earlier_diagnostic,STRESS,1,2015-01-05,2014-12-31,229258.96692,38748.09999999998,198.60652,566.3999999999949,941.5000000000001,88,3,4,2015-05-18,2015-05-15,False,38924.59347999998,0.1697843883837387
REDUCE_105_UPPER00,earlier_diagnostic,STRESS,2,2015-06-03,2015-06-02,45443.77024,-6274.4000000000015,33.792,96.80000000000106,0.0,17,1,1,2015-06-29,2015-06-26,False,-6404.992000000003,-0.14094323525917032
REDUCE_105_UPPER00,earlier_diagnostic,STRESS,3,2015-08-27,2015-08-26,5946.3,522.4999999999991,10.0,15.200000000000014,0.0,10,1,1,2015-09-14,2015-09-11,False,497.2999999999991,0.08363183828599281
REDUCE_105_UPPER00,earlier_diagnostic,STRESS,4,2015-09-29,2015-09-28,217344.10288000002,26498.0,184.1944,526.4000000000004,0.0,61,2,3,2015-12-30,2015-12-29,False,25787.4056,0.1186478273773903
REDUCE_105_UPPER00,earlier_diagnostic,STRESS,5,2016-01-13,2016-01-12,6579.0,-666.0,10.0,14.000000000000234,102.0,10,1,1,2016-01-27,2016-01-26,False,-588.0000000000002,-0.08937528499772006
REDUCE_105_UPPER00,earlier_diagnostic,STRESS,6,2016-05-03,2016-04-29,217563.79072,4070.399999999994,175.38943999999998,550.4000000000005,0.0,61,1,2,2016-07-29,2016-07-28,False,3344.6105599999937,0.015373011055430805
REDUCE_105_UPPER00,earlier_diagnostic,STRESS,7,2016-09-07,2016-09-06,261387.11304,-3447.0,207.40216,612.8000000000005,0.0,17,1,1,2016-10-11,2016-10-10,False,-4267.202160000001,-0.016325220131824143
REDUCE_105_UPPER00,earlier_diagnostic,STRESS,8,2017-02-13,2017-02-10,256985.95328,1804.7999999999884,205.98784,601.6000000000006,0.0,11,1,1,2017-02-28,2017-02-27,False,997.2121599999878,0.0038804150470958683
REDUCE_105_UPPER00,earlier_diagnostic,STRESS,9,2017-05-10,2017-05-09,6711.0,162.0,10.0,16.000000000000014,0.0,5,1,1,2017-05-17,2017-05-16,False,136.0,0.020265236179406943
REDUCE_105_UPPER00,earlier_diagnostic,STRESS,10,2017-05-18,2017-05-17,244773.57028,26493.699999999997,206.10796,575.2000000000005,0.0,61,1,2,2017-08-15,2017-08-14,False,25712.392039999995,0.10504562241171389
REDUCE_105_UPPER00,earlier_diagnostic,STRESS,11,2017-10-23,2017-10-20,283873.60404000006,7215.599999999977,229.63836000000003,639.8999999999927,0.0,49,1,2,2017-12-29,2017-12-28,False,6346.061639999984,0.02235523680146666
REDUCE_105_UPPER00,earlier_diagnostic,STRESS,12,2018-01-12,2018-01-11,232841.5994,5634.099999999977,188.23364,546.9999999999883,2516.2,7,1,1,2018-01-23,2018-01-22,False,7415.066359999988,0.031845969015449
REDUCE_105_UPPER00,earlier_diagnostic,STRESS,13,2018-02-13,2018-02-12,223978.65564,8736.300000000047,182.40024000000003,513.9000000000194,0.0,11,1,1,2018-03-07,2018-03-06,False,8039.999760000026,0.03589627653146863
REDUCE_105_UPPER00,earlier_diagnostic,STRESS,14,2018-03-28,2018-03-27,7761.0,82.0,10.0,16.000000000000014,0.0,10,1,1,2018-04-13,2018-04-12,False,55.999999999999986,0.007215565004509726
REDUCE_105_UPPER00,earlier_diagnostic,STRESS,15,2018-04-19,2018-04-18,7919.900000000001,23.099999999999454,10.0,16.79999999999908,0.0,10,1,1,2018-05-07,2018-05-04,False,-3.6999999999996263,-0.00046717761587894115
REDUCE_105_UPPER00,earlier_diagnostic,STRESS,16,2018-06-25,2018-06-22,8039.400000000001,-435.60000000000036,10.0,17.600000000000016,0.0,3,1,1,2018-06-28,2018-06-27,False,-463.2000000000004,-0.05761624001791183
REDUCE_105_UPPER00,earlier_diagnostic,STRESS,17,2018-10-09,2018-10-08,222394.92239999998,-2986.399999999994,176.43456,539.2000000000005,0.0,9,2,1,2018-10-22,2018-10-19,False,-3702.0345599999946,-0.01664621889766668
REDUCE_105_UPPER00,earlier_diagnostic,STRESS,18,2018-12-25,2018-12-24,7682.5,155.0,10.0,20.000000000000018,0.0,10,1,1,2019-01-10,2019-01-09,False,124.99999999999999,0.016270745200130166
REDUCE_105_UPPER00,earlier_diagnostic,STRESS,19,2019-02-28,2019-02-27,296506.45516,9565.299999999988,240.68108,638.4000000000005,0.0,5,2,1,2019-03-07,2019-03-06,False,8686.218919999988,0.029295210167727223
REDUCE_105_UPPER00,earlier_diagnostic,STRESS,20,2019-04-30,2019-04-29,7789.0,-400.0,10.0,16.000000000000014,0.0,2,1,1,2019-05-07,2019-05-06,False,-426.0,-0.054692515085376814
REDUCE_105_UPPER00,earlier_diagnostic,STRESS,21,2019-05-31,2019-05-30,291067.18032,22184.400000000023,241.37904,638.4000000000005,0.0,23,1,1,2019-07-04,2019-07-03,False,21304.620960000022,0.07319485809625692
REDUCE_105_UPPER00,earlier_diagnostic,STRESS,22,2019-08-20,2019-08-19,264558.7812,4047.4000000000233,212.96184000000002,548.8000000000005,0.0,28,1,1,2019-09-30,2019-09-27,False,3285.6381600000227,0.01241931243066984
REDUCE_105_UPPER00,earlier_diagnostic,STRESS,23,2019-11-12,2019-11-11,334467.53352,-1348.8000000000466,266.65776000000005,674.4000000000005,0.0,20,1,1,2019-12-10,2019-12-09,False,-2289.857760000047,-0.006846278130200406
REDUCE_105_UPPER00,earlier_diagnostic,STRESS,24,2019-12-30,2019-12-27,331842.38388000004,5210.099999999977,267.121,826.9999999999824,0.0,1,1,1,2019-12-31,2019-12-30,True,4115.978999999994,0.012403415597111922
REDUCE_105_LOWER00,evaluation,BASE,1,2020-01-02,2019-12-31,178973.98764,-1345.3999999999942,71.25412,260.40000000000987,0.0,14,1,1,2020-01-22,2020-01-21,False,-1677.054120000004,-0.009370379137851811
REDUCE_105_LOWER00,evaluation,BASE,2,2020-02-05,2020-02-04,131400.47484,10013.10000000002,54.51760000000001,173.5000000000117,0.0,19,1,2,2020-03-03,2020-03-02,False,9785.08240000001,0.07446763348393398
REDUCE_105_LOWER00,evaluation,BASE,3,2020-03-23,2020-03-20,4963.8,308.0,10.0,5.600000000000005,0.0,10,1,1,2020-04-07,2020-04-03,False,292.4,0.05890648293645996
REDUCE_105_LOWER00,evaluation,BASE,4,2020-07-01,2020-06-30,204783.14844000002,25002.29999999999,86.83914000000001,291.000000000011,0.0,5,2,1,2020-07-08,2020-07-07,False,24624.460859999977,0.12024651953827523
REDUCE_105_LOWER00,evaluation,BASE,5,2020-08-19,2020-08-18,80858.1684,-2423.5999999999913,31.832160000000002,99.60000000000377,0.0,31,1,1,2020-10-09,2020-09-30,False,-2555.032159999995,-0.03159893688613401
REDUCE_105_LOWER00,evaluation,BASE,6,2020-12-15,2020-12-14,230092.00920000003,21755.199999999997,96.31424000000001,276.00000000001046,3311.9999999999995,25,1,2,2021-01-20,2021-01-19,False,24694.885759999986,0.10732613377518363
REDUCE_105_LOWER00,evaluation,BASE,7,2021-02-03,2021-02-02,44510.30028,2033.0999999999985,18.19746,48.60000000000184,0.0,7,1,1,2021-02-19,2021-02-18,False,1966.3025399999965,0.04417634856719947
REDUCE_105_LOWER00,evaluation,BASE,8,2021-03-11,2021-03-10,6540.1,-153.40000000000055,10.0,7.799999999999141,0.0,10,1,1,2021-03-25,2021-03-24,False,-171.19999999999968,-0.026176969771104366
REDUCE_105_LOWER00,evaluation,BASE,9,2021-06-08,2021-06-07,231388.89296,-2241.0,97.924,262.7999999999831,0.0,31,2,3,2021-07-22,2021-07-21,False,-2601.723999999983,-0.011243945060274525
REDUCE_105_LOWER00,evaluation,BASE,10,2021-07-29,2021-07-28,253974.38472,8339.79999999996,103.17524,310.79999999996573,0.0,10,1,1,2021-08-12,2021-08-11,False,7925.824759999993,0.031207181656283976
REDUCE_105_LOWER00,evaluation,BASE,11,2021-10-29,2021-10-28,336232.83311999997,6080.1999999999825,135.60164000000003,403.1999999999728,0.0,32,3,2,2021-12-14,2021-12-13,False,5541.39836000001,0.01648083653395714
REDUCE_105_LOWER00,evaluation,BASE,12,2022-01-10,2022-01-07,6852.4,-179.19999999999982,10.0,8.400000000000318,105.0,10,1,1,2022-01-24,2022-01-21,False,-92.60000000000014,-0.013513513513513533
REDUCE_105_LOWER00,evaluation,BASE,13,2022-01-27,2022-01-26,6579.4,-123.19999999999891,10.0,8.400000000000318,0.0,10,1,1,2022-02-17,2022-02-16,False,-141.59999999999923,-0.021521719305711652
REDUCE_105_LOWER00,evaluation,BASE,14,2022-03-11,2022-03-10,6774.599999999999,-308.7999999999993,10.0,9.600000000000364,0.0,3,1,1,2022-03-16,2022-03-15,False,-328.39999999999964,-0.04847518672689158
REDUCE_105_LOWER00,evaluation,BASE,15,2022-04-25,2022-04-22,6714.900000000001,17.0,10.0,6.800000000000006,0.0,10,1,1,2022-05-12,2022-05-11,False,0.19999999999999396,2.978450907682824e-05
REDUCE_105_LOWER00,evaluation,BASE,16,2022-05-13,2022-05-12,474088.59875999996,5230.0,190.50802,677.4999999999781,0.0,20,3,2,2022-06-13,2022-06-10,False,4361.991980000022,0.009200794938770955
REDUCE_105_LOWER00,evaluation,BASE,17,2022-08-05,2022-08-04,256468.16859999998,-5070.6999999999825,105.06476,361.8000000000137,0.0,21,2,2,2022-09-05,2022-09-02,False,-5537.564759999997,-0.02159162593248228
REDUCE_105_LOWER00,evaluation,BASE,18,2022-09-21,2022-09-20,6774.400000000001,-328.10000000000036,10.0,6.800000000000006,0.0,10,1,1,2022-10-12,2022-10-11,False,-344.9000000000004,-0.05091225791213987
REDUCE_105_LOWER00,evaluation,BASE,19,2022-10-27,2022-10-26,6738.8,127.80000000000018,10.0,7.200000000000006,0.0,7,1,1,2022-11-07,2022-11-04,False,110.60000000000018,0.016412417641123073
REDUCE_105_LOWER00,evaluation,BASE,20,2023-01-17,2023-01-16,206097.41124,-1093.399999999965,82.14416,298.2000000000113,0.0,2,1,1,2023-01-19,2023-01-18,False,-1473.7441599999765,-0.007150716504070033
REDUCE_105_LOWER00,evaluation,BASE,21,2023-04-03,2023-03-31,264308.45112,1890.7999999999884,106.00216,391.1999999999569,0.0,7,1,1,2023-04-13,2023-04-12,False,1393.5978400000315,0.00527261929800087
REDUCE_105_LOWER00,evaluation,BASE,22,2023-05-29,2023-05-26,6953.0,-32.400000000000546,10.0,7.199999999999207,0.0,10,1,1,2023-06-12,2023-06-09,False,-49.59999999999975,-0.00713361139076654
REDUCE_105_LOWER00,evaluation,BASE,23,2023-08-23,2023-08-22,6866.6,180.0,10.0,7.200000000000806,0.0,9,1,1,2023-09-05,2023-09-04,False,162.7999999999992,0.02370896804823336
REDUCE_105_LOWER00,evaluation,BASE,24,2023-10-18,2023-10-17,6666.8,-34.19999999999982,10.0,7.200000000000806,0.0,10,1,1,2023-11-01,2023-10-31,False,-51.400000000000624,-0.0077098458030840315
REDUCE_105_LOWER00,evaluation,BASE,25,2023-11-29,2023-11-28,6822.2,-197.59999999999945,10.0,7.6000000000008505,0.0,10,1,1,2023-12-13,2023-12-12,False,-215.2000000000003,-0.0315440766908036
REDUCE_105_LOWER00,evaluation,BASE,26,2024-02-19,2024-02-08,250244.73894,4047.100000000006,100.82882000000001,292.39999999998855,0.0,5,2,1,2024-02-26,2024-02-23,False,3653.871180000017,0.014601190800163389
REDUCE_105_LOWER00,evaluation,BASE,27,2024-03-05,2024-03-04,268400.76941999997,6867.0,108.6512,305.1999999999664,0.0,54,1,1,2024-05-27,2024-05-24,False,6453.148800000034,0.024042959392199026
REDUCE_105_LOWER00,evaluation,BASE,28,2024-06-04,2024-06-03,143420.04276,3929.2999999999884,61.673140000000004,165.20000000000013,0.0,32,2,1,2024-07-19,2024-07-18,False,3702.426859999988,0.025815268136515985
REDUCE_105_LOWER00,evaluation,BASE,29,2024-08-02,2024-08-01,237194.4294,-4041.5,93.9957,274.0000000000002,0.0,3,1,1,2024-08-07,2024-08-06,False,-4409.4957,-0.018590216098894607
REDUCE_105_LOWER00,evaluation,BASE,30,2024-08-28,2024-08-27,274535.69616,-10306.300000000007,111.29842000000001,325.59999999996415,0.0,15,1,2,2024-09-20,2024-09-19,False,-10743.19841999997,-0.039132246080447075
REDUCE_105_LOWER00,evaluation,BASE,31,2024-09-25,2024-09-24,263972.38392000005,88225.20000000001,123.13728000000002,377.9999999999584,0.0,4,1,1,2024-10-08,2024-09-30,False,87724.06272000006,0.3323228794516091
REDUCE_105_LOWER00,evaluation,BASE,32,2024-10-09,2024-10-08,120945.78432,-6909.0,46.953,169.2000000000064,0.0,10,1,1,2024-10-23,2024-10-22,False,-7125.153000000007,-0.05891195827998585
REDUCE_105_LOWER00,evaluation,BASE,33,2025-01-08,2025-01-07,8910.6,105.79999999999927,10.0,9.199999999998987,0.0,10,1,1,2025-01-22,2025-01-21,False,86.60000000000028,0.00971876192400066
REDUCE_105_LOWER00,evaluation,BASE,34,2025-04-09,2025-04-08,344523.69096000004,14426.799999999988,140.59336000000002,369.6000000000414,0.0,11,2,1,2025-04-24,2025-04-23,False,13916.606639999945,0.04039375812218294
REDUCE_105_LOWER00,evaluation,BASE,35,2025-06-03,2025-05-30,360265.43868,19172.5,147.81724000000003,473.10000000001855,1786.3999999999999,41,3,1,2025-07-30,2025-07-29,False,20337.982759999984,0.056452772251808676
REDUCE_105_LOWER00,evaluation,BASE,36,2025-09-05,2025-09-04,379026.0900600001,15488.199999999953,154.57564000000002,510.59999999994375,0.0,7,1,1,2025-09-16,2025-09-15,False,14823.02436000001,0.03910819003951289
REDUCE_105_LOWER00,evaluation,BASE,37,2025-11-26,2025-11-25,10131.6,244.20000000000073,10.0,13.2000000000005,0.0,8,1,1,2025-12-08,2025-12-05,False,221.00000000000023,0.02181294168739392
REDUCE_105_LOWER00,evaluation,BASE,38,2025-12-19,2025-12-18,318039.29514,4509.799999999988,128.01076,407.3999999999989,6100.8,35,1,3,2026-02-10,2026-02-09,False,10075.189239999989,0.031679070460664045
REDUCE_105_LOWER00,evaluation,BASE,39,2026-03-25,2026-03-24,10384.9,144.90000000000146,10.0,13.800000000000523,0.0,10,1,1,2026-04-09,2026-04-08,False,121.10000000000093,0.011661161879267103
REDUCE_105_LOWER00,evaluation,BASE,40,2026-05-06,2026-04-30,391058.89613999997,-1846.899999999965,155.92654,481.80000000001826,0.0,9,1,1,2026-05-19,2026-05-18,False,-2484.6265399999834,-0.00635358654290908
REDUCE_105_LOWER00,evaluation,BASE,41,2026-06-05,2026-06-04,400899.36384,3149.4000000000233,160.85964,489.5999999999936,0.0,12,1,2,2026-06-24,2026-06-23,False,2498.9403600000296,0.0062333358079295015
REDUCE_105_LOWER00,evaluation,BASE,42,2026-07-21,2026-07-20,349203.36692000006,-4895.000000000035,144.49416000000002,446.3999999999528,0.0,10,2,2,2026-08-04,2026-08-03,False,-5485.894159999987,-0.015709740167702237
REDUCE_105_LOWER00,evaluation,BASE,43,2026-08-07,2026-08-06,304733.23446000007,2005.7000000000116,122.19242000000001,388.2000000000147,0.0,5,1,1,2026-08-14,2026-08-13,True,1495.307579999997,0.0049069396144130585
REDUCE_105_LOWER00,evaluation,STRESS,1,2020-01-02,2019-12-31,179096.61,-1345.3999999999942,142.50824,433.99999999999073,0.0,14,1,1,2020-01-22,2020-01-21,False,-1921.908239999985,-0.010731125731525489
REDUCE_105_LOWER00,evaluation,STRESS,2,2020-02-05,2020-02-04,131117.22592,9985.800000000017,108.72160000000002,311.4000000000118,0.0,19,1,2,2020-03-03,2020-03-02,False,9565.678400000004,0.0729551615577683
REDUCE_105_LOWER00,evaluation,STRESS,3,2020-03-23,2020-03-20,4966.6,308.0,10.0,11.199999999999388,0.0,10,1,1,2020-04-07,2020-04-03,False,286.80000000000064,0.05774574155357803
REDUCE_105_LOWER00,evaluation,STRESS,4,2020-07-01,2020-06-30,204501.768,24947.600000000006,173.32144,484.000000000006,0.0,5,2,1,2020-07-08,2020-07-07,False,24290.27856,0.11877784137298998
REDUCE_105_LOWER00,evaluation,STRESS,5,2020-08-19,2020-08-18,80420.1552,-2409.0,63.2808,164.99999999999648,0.0,31,1,1,2020-10-09,2020-09-30,False,-2637.2807999999964,-0.03279377904010805
REDUCE_105_LOWER00,evaluation,STRESS,6,2020-12-15,2020-12-14,229229.05496,21659.399999999965,191.77216,503.7999999999882,3297.6,25,1,2,2021-01-20,2021-01-19,False,24261.427839999975,0.10583923510147325
REDUCE_105_LOWER00,evaluation,STRESS,7,2021-02-03,2021-02-02,44543.510279999995,2033.0999999999985,36.39492,97.20000000000368,0.0,7,1,1,2021-02-19,2021-02-18,False,1899.505079999995,0.04264381204040112
REDUCE_105_LOWER00,evaluation,STRESS,8,2021-03-11,2021-03-10,6544.0,-153.40000000000055,10.0,14.300000000000157,0.0,10,1,1,2021-03-25,2021-03-24,False,-177.7000000000007,-0.027154645476772724
REDUCE_105_LOWER00,evaluation,STRESS,9,2021-06-08,2021-06-07,230507.56616,-2194.100000000006,186.37376,523.1999999999929,0.0,31,2,3,2021-07-22,2021-07-21,False,-2903.6737599999988,-0.012596869631535217
REDUCE_105_LOWER00,evaluation,STRESS,10,2021-07-29,2021-07-28,252657.0224,8291.49999999997,205.1348,566.4999999999604,0.0,10,1,1,2021-08-12,2021-08-11,False,7519.865200000011,0.029763135528822773
REDUCE_105_LOWER00,evaluation,STRESS,11,2021-10-29,2021-10-28,331421.91576,6048.699999999953,267.15992,727.6999999999762,0.0,32,3,2,2021-12-14,2021-12-13,False,5053.840079999977,0.0152489616397599
REDUCE_105_LOWER00,evaluation,STRESS,12,2022-01-10,2022-01-07,6855.2,-179.19999999999982,10.0,13.999999999999702,105.0,10,1,1,2022-01-24,2022-01-21,False,-98.19999999999952,-0.014324892052748209
REDUCE_105_LOWER00,evaluation,STRESS,13,2022-01-27,2022-01-26,6582.200000000001,-123.19999999999891,10.0,14.000000000000945,0.0,10,1,1,2022-02-17,2022-02-16,False,-147.19999999999985,-0.022363343562942454
REDUCE_105_LOWER00,evaluation,STRESS,14,2022-03-11,2022-03-10,6777.799999999999,-308.7999999999993,10.0,15.999999999999659,0.0,3,1,1,2022-03-16,2022-03-15,False,-334.79999999999893,-0.04939655935554294
REDUCE_105_LOWER00,evaluation,STRESS,15,2022-04-25,2022-04-22,6718.3,17.0,10.0,13.600000000000767,0.0,10,1,1,2022-05-12,2022-05-11,False,-6.600000000000767,-0.0009823913787715295
REDUCE_105_LOWER00,evaluation,STRESS,16,2022-05-13,2022-05-12,469897.48384,5174.299999999988,377.38596,1128.600000000018,0.0,20,3,2,2022-06-13,2022-06-10,False,3668.3140399999706,0.007806626266696569
REDUCE_105_LOWER00,evaluation,STRESS,17,2022-08-05,2022-08-04,253667.36239999998,-5018.799999999988,202.94192,595.9999999999887,0.0,21,2,2,2022-09-05,2022-09-02,False,-5817.741919999978,-0.02293453073725017
REDUCE_105_LOWER00,evaluation,STRESS,18,2022-09-21,2022-09-20,6777.8,-328.10000000000036,10.0,13.600000000000012,0.0,10,1,1,2022-10-12,2022-10-11,False,-351.7000000000004,-0.05188999380329906
REDUCE_105_LOWER00,evaluation,STRESS,19,2022-10-27,2022-10-26,6742.4,127.80000000000018,10.0,14.400000000000013,0.0,7,1,1,2022-11-07,2022-11-04,False,103.40000000000018,0.015335785476981518
REDUCE_105_LOWER00,evaluation,STRESS,20,2023-01-17,2023-01-16,203333.30079999997,-1077.999999999971,161.9744,490.0000000000331,0.0,2,1,1,2023-01-19,2023-01-18,False,-1729.9744000000042,-0.008508072180963703
REDUCE_105_LOWER00,evaluation,STRESS,21,2023-04-03,2023-03-31,260435.13239999997,1861.7999999999884,208.75272,641.9999999999864,0.0,7,1,1,2023-04-13,2023-04-12,False,1011.047280000002,0.0038821462783567295
REDUCE_105_LOWER00,evaluation,STRESS,22,2023-05-29,2023-05-26,6570.400000000001,-30.600000000000364,10.0,13.599999999999257,0.0,10,1,1,2023-06-12,2023-06-09,False,-54.19999999999962,-0.008249117253135214
REDUCE_105_LOWER00,evaluation,STRESS,23,2023-08-23,2023-08-22,6488.8,170.0,10.0,13.600000000000012,0.0,9,1,1,2023-09-05,2023-09-04,False,146.39999999999998,0.022561952903464428
REDUCE_105_LOWER00,evaluation,STRESS,24,2023-10-18,2023-10-17,6670.400000000001,-34.19999999999982,10.0,14.400000000000812,0.0,10,1,1,2023-11-01,2023-10-31,False,-58.600000000000634,-0.008785080355001293
REDUCE_105_LOWER00,evaluation,STRESS,25,2023-11-29,2023-11-28,6826.0,-197.59999999999945,10.0,15.200000000000014,0.0,10,1,1,2023-12-13,2023-12-12,False,-222.79999999999947,-0.03263990624084376
REDUCE_105_LOWER00,evaluation,STRESS,26,2024-02-19,2024-02-08,246327.39156,3983.0999999999767,198.34627999999998,575.2000000000005,0.0,5,2,1,2024-02-26,2024-02-23,False,3209.5537199999762,0.013029625733759287
REDUCE_105_LOWER00,evaluation,STRESS,27,2024-03-05,2024-03-04,264030.57,6750.0,213.60000000000002,600.0000000000006,0.0,54,1,1,2024-05-27,2024-05-24,False,5936.399999999999,0.022483760119140744
REDUCE_105_LOWER00,evaluation,STRESS,28,2024-06-04,2024-06-03,140048.56848000002,3840.399999999994,115.6718,322.40000000000026,0.0,32,2,1,2024-07-19,2024-07-18,False,3402.328199999994,0.02429391629580185
REDUCE_105_LOWER00,evaluation,STRESS,29,2024-08-02,2024-08-01,231487.75808,-3941.2000000000116,183.32592,534.3999999999708,0.0,3,1,1,2024-08-07,2024-08-06,False,-4658.925919999982,-0.020126014259423175
REDUCE_105_LOWER00,evaluation,STRESS,30,2024-08-28,2024-08-27,269015.36312,-10091.900000000023,213.23124,637.6000000000006,0.0,15,1,2,2024-09-20,2024-09-19,False,-10942.731240000023,-0.040676975147767996
REDUCE_105_LOWER00,evaluation,STRESS,31,2024-09-25,2024-09-24,258235.95307999998,86241.29999999999,240.73663999999997,665.0999999999924,0.0,4,1,1,2024-10-08,2024-09-30,False,85335.46336,0.3304553929931034
REDUCE_105_LOWER00,evaluation,STRESS,32,2024-10-09,2024-10-08,118022.19,-6737.5,91.57500000000002,274.99999999999415,0.0,10,1,1,2024-10-23,2024-10-22,False,-7104.074999999994,-0.060192706134329435
REDUCE_105_LOWER00,evaluation,STRESS,33,2025-01-08,2025-01-07,8527.800000000001,101.20000000000073,10.0,17.600000000000016,0.0,10,1,1,2025-01-22,2025-01-21,False,73.6000000000007,0.008630596402354734
REDUCE_105_LOWER00,evaluation,STRESS,34,2025-04-09,2025-04-08,336197.32516,14065.700000000012,274.18828,720.80000000003,0.0,11,2,1,2025-04-24,2025-04-23,False,13070.711719999981,0.038878095516612116
REDUCE_105_LOWER00,evaluation,STRESS,35,2025-06-03,2025-05-30,351284.9578,19090.5,288.2278,810.0000000000085,1848.0,41,3,1,2025-07-30,2025-07-29,False,19840.272199999992,0.05647913968264995
REDUCE_105_LOWER00,evaluation,STRESS,36,2025-09-05,2025-09-04,369467.2278,15087.799999999988,301.15912000000003,828.9999999999824,0.0,7,1,1,2025-09-16,2025-09-15,False,13957.640880000006,0.03777775085252096
REDUCE_105_LOWER00,evaluation,STRESS,37,2025-11-26,2025-11-25,9675.5,233.10000000000036,10.0,21.000000000001418,0.0,8,1,1,2025-12-08,2025-12-05,False,202.09999999999894,0.020887809415533972
REDUCE_105_LOWER00,evaluation,STRESS,38,2025-12-19,2025-12-18,309333.68400000007,4334.899999999994,248.83796000000004,660.0000000000446,5953.2,35,1,3,2026-02-10,2026-02-09,False,9379.26203999995,0.030320855843167564
REDUCE_105_LOWER00,evaluation,STRESS,39,2026-03-25,2026-03-24,10389.5,144.90000000000146,10.0,22.99999999999951,0.0,10,1,1,2026-04-09,2026-04-08,False,111.90000000000194,0.010770489436450448
REDUCE_105_LOWER00,evaluation,STRESS,40,2026-05-06,2026-04-30,380577.27004000003,-1796.2999999999884,303.30916,781.0000000000528,0.0,9,1,1,2026-05-19,2026-05-18,False,-2880.609160000041,-0.007569052034288013
REDUCE_105_LOWER00,evaluation,STRESS,41,2026-06-05,2026-06-04,389344.47552,3063.600000000006,312.25968,791.9999999999832,0.0,12,1,2,2026-06-24,2026-06-23,False,1959.3403200000225,0.005032408171152731
REDUCE_105_LOWER00,evaluation,STRESS,42,2026-07-21,2026-07-20,338147.4844,-4736.0000000000455,270.23164,719.9999999999866,0.0,10,2,2,2026-08-04,2026-08-03,False,-5726.231640000032,-0.016934124617725626
REDUCE_105_LOWER00,evaluation,STRESS,43,2026-08-07,2026-08-06,295497.85188000003,1943.7000000000116,236.83044,626.9999999999866,0.0,5,1,1,2026-08-14,2026-08-13,True,1079.869560000025,0.00365440747920751
REDUCE_105_LOWER00,earlier_diagnostic,BASE,1,2015-01-05,2014-12-31,230105.81196000002,39079.499999999985,99.77784,309.90000000001146,941.5000000000001,88,3,4,2015-05-18,2015-05-15,False,39611.322159999974,0.17214394466005808
REDUCE_105_LOWER00,earlier_diagnostic,BASE,2,2015-06-03,2015-06-02,45408.279839999996,-6274.4000000000015,16.89424,52.799999999994185,0.0,17,1,1,2015-06-29,2015-06-26,False,-6344.094239999995,-0.1397122785173532
REDUCE_105_LOWER00,earlier_diagnostic,BASE,3,2015-08-27,2015-08-26,5942.5,522.4999999999991,10.0,7.600000000000007,0.0,10,1,1,2015-09-14,2015-09-11,False,504.89999999999907,0.08496424063946136
REDUCE_105_LOWER00,earlier_diagnostic,BASE,4,2015-09-29,2015-09-28,217824.95627999998,26914.600000000006,92.44268,263.999999999993,0.0,61,2,3,2015-12-30,2015-12-29,False,26558.157320000013,0.12192430919559652
REDUCE_105_LOWER00,earlier_diagnostic,BASE,5,2016-01-13,2016-01-12,6575.0,-666.0,10.0,8.000000000000895,102.0,10,1,1,2016-01-27,2016-01-26,False,-582.0000000000009,-0.08851711026615984
REDUCE_105_LOWER00,earlier_diagnostic,BASE,6,2016-05-03,2016-04-29,218646.52056,3971.600000000006,88.18008,276.800000000031,0.0,61,1,2,2016-07-29,2016-07-28,False,3606.6199199999746,0.01649520838823622
REDUCE_105_LOWER00,earlier_diagnostic,BASE,7,2016-09-07,2016-09-06,263227.43496000004,-3474.000000000029,104.51336,308.8000000000346,0.0,17,1,1,2016-10-11,2016-10-10,False,-3887.3133600000638,-0.014767888311454992
REDUCE_105_LOWER00,earlier_diagnostic,BASE,8,2017-02-13,2017-02-10,259174.42452,1821.6000000000058,103.95264,303.60000000000025,0.0,11,1,1,2017-02-28,2017-02-27,False,1414.0473600000055,0.005455967974536338
REDUCE_105_LOWER00,earlier_diagnostic,BASE,9,2017-05-10,2017-05-09,6707.0,162.0,10.0,8.000000000000007,0.0,5,1,1,2017-05-17,2017-05-16,False,144.0,0.021470105859549723
REDUCE_105_LOWER00,earlier_diagnostic,BASE,10,2017-05-18,2017-05-17,246961.98252000002,27372.399999999994,104.18144,290.40000000000026,0.0,61,1,2,2017-08-15,2017-08-14,False,26977.818559999992,0.10923875118234125
REDUCE_105_LOWER00,earlier_diagnostic,BASE,11,2017-10-23,2017-10-20,287664.42137999996,7331.299999999988,116.43691999999999,360.4999999999727,0.0,49,1,2,2017-12-29,2017-12-28,False,6854.3630800000155,0.02382763585123902
REDUCE_105_LOWER00,earlier_diagnostic,BASE,12,2018-01-12,2018-01-11,236088.7083,5716.5,95.4933,332.99999999996334,2553.0,7,1,1,2018-01-23,2018-01-22,False,7841.006700000036,0.03321212080179794
REDUCE_105_LOWER00,earlier_diagnostic,BASE,13,2018-02-13,2018-02-12,227347.4604,8874.00000000003,92.63759999999999,290.00000000001955,0.0,11,1,1,2018-03-07,2018-03-06,False,8491.362400000009,0.037349713012233006
REDUCE_105_LOWER00,earlier_diagnostic,BASE,14,2018-03-28,2018-03-27,7757.0,82.0,10.0,7.999999999999119,0.0,10,1,1,2018-04-13,2018-04-12,False,64.00000000000088,0.008250612350135475
REDUCE_105_LOWER00,earlier_diagnostic,BASE,15,2018-04-19,2018-04-18,7915.7,23.099999999999454,10.0,8.399999999999075,0.0,10,1,1,2018-05-07,2018-05-04,False,4.700000000000379,0.0005937567113458544
REDUCE_105_LOWER00,earlier_diagnostic,BASE,16,2018-06-25,2018-06-22,8035.0,-435.60000000000036,10.0,8.800000000000008,0.0,3,1,1,2018-06-28,2018-06-27,False,-454.4000000000004,-0.05655258245177354
REDUCE_105_LOWER00,earlier_diagnostic,BASE,17,2018-10-09,2018-10-08,226160.12298,-3027.6999999999825,89.78554000000001,274.4000000000002,0.0,9,2,1,2018-10-22,2018-10-19,False,-3391.8855399999825,-0.014997717083395541
REDUCE_105_LOWER00,earlier_diagnostic,BASE,18,2018-12-25,2018-12-24,7984.4,161.1999999999989,10.0,10.399999999998855,0.0,10,1,1,2019-01-10,2019-01-09,False,140.80000000000007,0.017634387054756784
REDUCE_105_LOWER00,earlier_diagnostic,BASE,19,2019-02-28,2019-02-27,302233.03452000004,9752.200000000012,122.75436000000002,325.60000000000025,0.0,5,2,1,2019-03-07,2019-03-06,False,9303.84564000001,0.03078368205109073
REDUCE_105_LOWER00,earlier_diagnostic,BASE,20,2019-04-30,2019-04-29,8174.0,-420.0,10.0,8.40000000000094,0.0,2,1,1,2019-05-07,2019-05-06,False,-438.40000000000094,-0.05363347198434071
REDUCE_105_LOWER00,earlier_diagnostic,BASE,21,2019-05-31,2019-05-30,296680.92432000005,12454.200000000012,121.07436000000001,325.6000000000003,0.0,17,1,1,2019-06-26,2019-06-25,False,12007.52564000001,0.04047286042242707
REDUCE_105_LOWER00,earlier_diagnostic,BASE,22,2019-08-20,2019-08-19,314082.3039,4808.5,126.5043,326.0000000000365,0.0,28,1,1,2019-09-30,2019-09-27,False,4355.995699999964,0.013868962516865835
REDUCE_105_LOWER00,earlier_diagnostic,BASE,23,2019-11-12,2019-11-11,332249.63664000004,-1340.8000000000466,132.53808000000004,335.2000000000003,0.0,20,1,1,2019-12-10,2019-12-09,False,-1808.5380800000469,-0.00544331093418061
REDUCE_105_LOWER00,earlier_diagnostic,BASE,24,2019-12-30,2019-12-27,330006.68814,5184.899999999965,132.9145,493.8000000000187,0.0,1,1,1,2019-12-31,2019-12-30,True,4558.185499999947,0.01381240339609787
REDUCE_105_LOWER00,earlier_diagnostic,STRESS,1,2015-01-05,2014-12-31,229956.74592,39064.3,199.29024000000004,568.299999999995,941.5000000000001,88,3,4,2015-05-18,2015-05-15,False,39238.209760000005,0.17063300144997984
REDUCE_105_LOWER00,earlier_diagnostic,STRESS,2,2015-06-03,2015-06-02,45960.17672,-6345.699999999997,34.176,97.90000000000107,0.0,17,1,1,2015-06-29,2015-06-26,False,-6477.775999999999,-0.1409432352591702
REDUCE_105_LOWER00,earlier_diagnostic,STRESS,3,2015-08-27,2015-08-26,5946.3,522.4999999999991,10.0,15.200000000000014,0.0,10,1,1,2015-09-14,2015-09-11,False,497.2999999999991,0.08363183828599281
REDUCE_105_LOWER00,earlier_diagnostic,STRESS,4,2015-09-29,2015-09-28,217344.10288000002,26849.199999999997,184.33488000000003,526.4000000000004,0.0,61,2,3,2015-12-30,2015-12-29,False,26138.465119999997,0.12026305187783982
REDUCE_105_LOWER00,earlier_diagnostic,STRESS,5,2016-01-13,2016-01-12,6579.0,-666.0,10.0,14.000000000000234,102.0,10,1,1,2016-01-27,2016-01-26,False,-588.0000000000002,-0.08937528499772006
REDUCE_105_LOWER00,earlier_diagnostic,STRESS,6,2016-05-03,2016-04-29,217880.01716,4001.0,175.61424,551.2000000000005,0.0,61,1,2,2016-07-29,2016-07-28,False,3274.1857599999994,0.0150274715537387
REDUCE_105_LOWER00,earlier_diagnostic,STRESS,7,2016-09-07,2016-09-06,262069.58591999998,-3456.0,207.94368,614.4000000000005,0.0,17,1,1,2016-10-11,2016-10-10,False,-4278.34368,-0.01632522013182414
REDUCE_105_LOWER00,earlier_diagnostic,STRESS,8,2017-02-13,2017-02-10,257669.42656,1809.6000000000058,206.53568,603.2000000000005,0.0,11,1,1,2017-02-28,2017-02-27,False,999.8643200000054,0.003880415047095937
REDUCE_105_LOWER00,earlier_diagnostic,STRESS,9,2017-05-10,2017-05-09,6711.0,162.0,10.0,16.000000000000014,0.0,5,1,1,2017-05-17,2017-05-16,False,136.0,0.020265236179406943
REDUCE_105_LOWER00,earlier_diagnostic,STRESS,10,2017-05-18,2017-05-17,245114.0064,27146.0,206.6408,576.0000000000005,0.0,61,1,2,2017-08-15,2017-08-14,False,26363.3592,0.10755549871343459
REDUCE_105_LOWER00,earlier_diagnostic,STRESS,11,2017-10-23,2017-10-20,285071.38296,7261.200000000012,230.61336000000003,642.5999999999926,0.0,49,1,2,2017-12-29,2017-12-28,False,6387.986640000019,0.022408375662513812
REDUCE_105_LOWER00,earlier_diagnostic,STRESS,12,2018-01-12,2018-01-11,233692.9398,5654.6999999999825,188.92188,548.9999999999883,2525.4,7,1,1,2018-01-23,2018-01-22,False,7442.178119999994,0.031845969015449026
REDUCE_105_LOWER00,earlier_diagnostic,STRESS,13,2018-02-13,2018-02-12,225155.42616000003,8782.20000000004,183.35856000000004,516.6000000000196,0.0,11,1,1,2018-03-07,2018-03-06,False,8082.241440000021,0.0358962765314686
REDUCE_105_LOWER00,earlier_diagnostic,STRESS,14,2018-03-28,2018-03-27,7761.0,82.0,10.0,16.000000000000014,0.0,10,1,1,2018-04-13,2018-04-12,False,55.999999999999986,0.007215565004509726
REDUCE_105_LOWER00,earlier_diagnostic,STRESS,15,2018-04-19,2018-04-18,7919.900000000001,23.099999999999454,10.0,16.79999999999908,0.0,10,1,1,2018-05-07,2018-05-04,False,-3.6999999999996263,-0.00046717761587894115
REDUCE_105_LOWER00,earlier_diagnostic,STRESS,16,2018-06-25,2018-06-22,8039.400000000001,-435.60000000000036,10.0,17.600000000000016,0.0,3,1,1,2018-06-28,2018-06-27,False,-463.2000000000004,-0.05761624001791183
REDUCE_105_LOWER00,earlier_diagnostic,STRESS,17,2018-10-09,2018-10-08,223379.11592,-2994.0,177.2176,541.6000000000005,0.0,9,2,1,2018-10-22,2018-10-19,False,-3712.8176000000003,-0.016621149137906393
REDUCE_105_LOWER00,earlier_diagnostic,STRESS,18,2018-12-25,2018-12-24,7682.5,155.0,10.0,20.000000000000018,0.0,10,1,1,2019-01-10,2019-01-09,False,124.99999999999999,0.016270745200130166
REDUCE_105_LOWER00,earlier_diagnostic,STRESS,19,2019-02-28,2019-02-27,297996.45092000003,9609.5,241.889,641.6000000000006,0.0,5,2,1,2019-03-07,2019-03-06,False,8726.011,0.02928226484933064
REDUCE_105_LOWER00,earlier_diagnostic,STRESS,20,2019-04-30,2019-04-29,8178.2,-420.0,10.0,16.800000000000015,0.0,2,1,1,2019-05-07,2019-05-06,False,-446.8,-0.054633048837152434
REDUCE_105_LOWER00,earlier_diagnostic,STRESS,21,2019-05-31,2019-05-30,292161.41783999995,22267.79999999999,242.28647999999998,640.8000000000005,0.0,23,1,1,2019-07-04,2019-07-03,False,21384.71351999999,0.07319485809625681
REDUCE_105_LOWER00,earlier_diagnostic,STRESS,22,2019-08-20,2019-08-19,265715.7438,4065.0999999999767,213.89316000000002,551.2000000000005,0.0,28,1,1,2019-09-30,2019-09-27,False,3300.0068399999764,0.012419312430669667
REDUCE_105_LOWER00,earlier_diagnostic,STRESS,23,2019-11-12,2019-11-11,336054.56808,-1355.2000000000116,267.92304,677.6000000000006,0.0,20,1,1,2019-12-10,2019-12-09,False,-2300.7230400000126,-0.006846278130200303
REDUCE_105_LOWER00,earlier_diagnostic,STRESS,24,2019-12-30,2019-12-27,333447.42564000003,5235.299999999988,268.413,830.9999999999823,0.0,1,1,1,2019-12-31,2019-12-30,True,4135.887000000006,0.012403415597111958
REDUCE_105_HOLD,evaluation,BASE,1,2020-01-02,2019-12-31,178973.98764,-1345.3999999999942,71.25412,260.40000000000987,0.0,14,1,1,2020-01-22,2020-01-21,False,-1677.054120000004,-0.009370379137851811
REDUCE_105_HOLD,evaluation,BASE,2,2020-02-05,2020-02-04,131400.47484,11555.100000000006,54.82600000000001,173.5000000000117,0.0,19,1,1,2020-03-03,2020-03-02,False,11326.773999999996,0.08620040387062573
REDUCE_105_HOLD,evaluation,BASE,3,2020-03-23,2020-03-20,5318.0,330.0,10.0,6.000000000000005,0.0,10,1,1,2020-04-07,2020-04-03,False,314.0,0.05904475366679203
REDUCE_105_HOLD,evaluation,BASE,4,2020-07-01,2020-06-30,206476.08696,25204.50000000003,87.55614,293.4000000000111,0.0,5,2,1,2020-07-08,2020-07-07,False,24823.543860000016,0.12022478837856419
REDUCE_105_HOLD,evaluation,BASE,5,2020-08-19,2020-08-18,81345.2658,-2438.199999999997,32.023920000000004,100.2000000000038,0.0,31,1,1,2020-10-09,2020-09-30,False,-2570.423920000001,-0.031598936886134084
REDUCE_105_HOLD,evaluation,BASE,6,2020-12-15,2020-12-14,232092.80928000002,20323.199999999983,96.82752,278.40000000001055,3340.7999999999997,25,1,1,2021-01-20,2021-01-19,False,23288.77247999997,0.10034249898670522
REDUCE_105_HOLD,evaluation,BASE,7,2021-02-03,2021-02-02,44510.30028,2033.0999999999985,18.19746,48.60000000000184,0.0,7,1,1,2021-02-19,2021-02-18,False,1966.3025399999965,0.04417634856719947
REDUCE_105_HOLD,evaluation,BASE,8,2021-03-11,2021-03-10,6540.1,-153.40000000000055,10.0,7.799999999999141,0.0,10,1,1,2021-03-25,2021-03-24,False,-171.19999999999968,-0.026176969771104366
REDUCE_105_HOLD,evaluation,BASE,9,2021-06-08,2021-06-07,231917.09858,-3237.6999999999825,93.87214,263.40000000001,0.0,31,2,1,2021-07-22,2021-07-21,False,-3594.9721399999926,-0.015501108637575957
REDUCE_105_HOLD,evaluation,BASE,10,2021-07-29,2021-07-28,253484.08668,8323.699999999983,102.97606000000002,310.1999999999658,0.0,10,1,1,2021-08-12,2021-08-11,False,7910.5239400000155,0.031207181656284062
REDUCE_105_HOLD,evaluation,BASE,11,2021-10-29,2021-10-28,239186.72778000002,8095.100000000006,97.21686000000001,288.5999999999682,0.0,32,2,1,2021-12-14,2021-12-13,False,7709.283140000037,0.032231232943204555
REDUCE_105_HOLD,evaluation,BASE,12,2022-01-10,2022-01-07,6852.4,-179.19999999999982,10.0,8.400000000000318,105.0,10,1,1,2022-01-24,2022-01-21,False,-92.60000000000014,-0.013513513513513533
REDUCE_105_HOLD,evaluation,BASE,13,2022-01-27,2022-01-26,6579.4,-123.19999999999891,10.0,8.400000000000318,0.0,10,1,1,2022-02-17,2022-02-16,False,-141.59999999999923,-0.021521719305711652
REDUCE_105_HOLD,evaluation,BASE,14,2022-03-11,2022-03-10,6774.599999999999,-308.7999999999993,10.0,9.600000000000364,0.0,3,1,1,2022-03-16,2022-03-15,False,-328.39999999999964,-0.04847518672689158
REDUCE_105_HOLD,evaluation,BASE,15,2022-04-25,2022-04-22,6714.900000000001,17.0,10.0,6.800000000000006,0.0,10,1,1,2022-05-12,2022-05-11,False,0.19999999999999396,2.978450907682824e-05
REDUCE_105_HOLD,evaluation,BASE,16,2022-05-13,2022-05-12,249159.822,12923.0,102.15708000000001,357.6000000000158,0.0,20,2,1,2022-06-13,2022-06-10,False,12463.242919999982,0.05002107811748229
REDUCE_105_HOLD,evaluation,BASE,17,2022-08-05,2022-08-04,265405.4557,-10881.599999999977,107.47426000000002,374.4000000000142,0.0,21,2,1,2022-09-05,2022-09-02,False,-11363.474259999992,-0.04281552626726954
REDUCE_105_HOLD,evaluation,BASE,18,2022-09-21,2022-09-20,6774.400000000001,-328.10000000000036,10.0,6.800000000000006,0.0,10,1,1,2022-10-12,2022-10-11,False,-344.9000000000004,-0.05091225791213987
REDUCE_105_HOLD,evaluation,BASE,19,2022-10-27,2022-10-26,7112.900000000001,134.90000000000055,10.0,7.600000000000007,0.0,7,1,1,2022-11-07,2022-11-04,False,117.30000000000054,0.016491163941571022
REDUCE_105_HOLD,evaluation,BASE,20,2023-01-17,2023-01-16,209000.19168,-1108.7999999999593,83.30112,302.40000000001146,0.0,2,1,1,2023-01-19,2023-01-18,False,-1494.5011199999708,-0.007150716504070007
REDUCE_105_HOLD,evaluation,BASE,21,2023-04-03,2023-03-31,267956.88065999997,1916.899999999965,107.46538000000001,396.5999999999563,0.0,7,1,1,2023-04-13,2023-04-12,False,1412.8346200000087,0.005272619298000784
REDUCE_105_HOLD,evaluation,BASE,22,2023-05-29,2023-05-26,6953.0,-32.400000000000546,10.0,7.199999999999207,0.0,10,1,1,2023-06-12,2023-06-09,False,-49.59999999999975,-0.00713361139076654
REDUCE_105_HOLD,evaluation,BASE,23,2023-08-23,2023-08-22,6866.6,180.0,10.0,7.200000000000806,0.0,9,1,1,2023-09-05,2023-09-04,False,162.7999999999992,0.02370896804823336
REDUCE_105_HOLD,evaluation,BASE,24,2023-10-18,2023-10-17,7036.900000000001,-36.099999999999454,10.0,7.6000000000008505,0.0,10,1,1,2023-11-01,2023-10-31,False,-53.7000000000003,-0.007631201239182068
REDUCE_105_HOLD,evaluation,BASE,25,2023-11-29,2023-11-28,6822.2,-197.59999999999945,10.0,7.6000000000008505,0.0,10,1,1,2023-12-13,2023-12-12,False,-215.2000000000003,-0.0315440766908036
REDUCE_105_HOLD,evaluation,BASE,26,2024-02-19,2024-02-08,253665.2229,4105.3000000000175,102.20758000000001,296.3999999999884,0.0,5,2,1,2024-02-26,2024-02-23,False,3706.692420000029,0.014612536861078836
REDUCE_105_HOLD,evaluation,BASE,27,2024-03-05,2024-03-04,272270.24316,6966.0,110.2176,309.5999999999659,0.0,54,1,1,2024-05-27,2024-05-24,False,6546.182400000034,0.024042959392199022
REDUCE_105_HOLD,evaluation,BASE,28,2024-06-04,2024-06-03,145153.38936000003,3979.7999999999884,62.37604,167.20000000000013,0.0,32,2,1,2024-07-19,2024-07-18,False,3750.223959999988,0.02583628240811467
REDUCE_105_HOLD,evaluation,BASE,29,2024-08-02,2024-08-01,240657.1218,-4100.5,95.3679,278.0000000000002,0.0,3,1,1,2024-08-07,2024-08-06,False,-4473.8679,-0.018590216098894607
REDUCE_105_HOLD,evaluation,BASE,30,2024-08-28,2024-08-27,278245.638,-9240.0,109.36200000000001,329.9999999999637,0.0,15,1,1,2024-09-20,2024-09-19,False,-9679.361999999963,-0.03478711137962193
REDUCE_105_HOLD,evaluation,BASE,31,2024-09-25,2024-09-24,269209.93122,89975.70000000001,125.58048000000002,385.4999999999576,0.0,4,1,1,2024-10-08,2024-09-30,False,89464.61952000005,0.3323228794516091
REDUCE_105_HOLD,evaluation,BASE,32,2024-10-09,2024-10-08,123090.21312,-7031.5,47.7855,172.20000000000653,0.0,10,1,1,2024-10-23,2024-10-22,False,-7251.485500000006,-0.05891195827998584
REDUCE_105_HOLD,evaluation,BASE,33,2025-01-08,2025-01-07,8910.6,105.79999999999927,10.0,9.199999999998987,0.0,10,1,1,2025-01-22,2025-01-21,False,86.60000000000028,0.00971876192400066
REDUCE_105_HOLD,evaluation,BASE,34,2025-04-09,2025-04-08,350855.85714000004,14698.700000000012,143.17874,376.4000000000421,0.0,11,2,1,2025-04-24,2025-04-23,False,14179.12125999997,0.040412952987534584
REDUCE_105_HOLD,evaluation,BASE,35,2025-06-03,2025-05-30,367523.08992,19529.100000000035,150.78912000000003,482.7000000000189,1821.6,41,3,1,2025-07-30,2025-07-29,False,20717.210880000013,0.05636982123901276
REDUCE_105_HOLD,evaluation,BASE,36,2025-09-05,2025-09-04,386152.31502000004,15779.399999999965,157.48188000000002,520.1999999999427,0.0,7,1,1,2025-09-16,2025-09-15,False,15101.718120000023,0.03910819003951293
REDUCE_105_HOLD,evaluation,BASE,37,2025-11-26,2025-11-25,10131.6,244.20000000000073,10.0,13.2000000000005,0.0,8,1,1,2025-12-08,2025-12-05,False,221.00000000000023,0.02181294168739392
REDUCE_105_HOLD,evaluation,BASE,38,2025-12-19,2025-12-18,324128.41271999996,3667.5999999999767,130.27592,415.1999999999543,8511.6,35,1,1,2026-02-10,2026-02-09,False,11633.724080000024,0.035892330395761625
REDUCE_105_HOLD,evaluation,BASE,39,2026-03-25,2026-03-24,10836.199999999999,151.20000000000073,10.0,14.400000000000546,0.0,10,1,1,2026-04-09,2026-04-08,False,126.80000000000018,0.01170151898266922
REDUCE_105_HOLD,evaluation,BASE,40,2026-05-06,2026-04-30,399824.84897999995,-1888.2999999999884,159.42178,492.60000000001867,0.0,9,1,1,2026-05-19,2026-05-18,False,-2540.321780000007,-0.00635358654290914
REDUCE_105_HOLD,evaluation,BASE,41,2026-06-05,2026-06-04,409742.73216,1668.0000000000582,164.09784000000002,500.40000000001896,0.0,12,1,1,2026-06-24,2026-06-23,False,1003.5021600000393,0.0024491030132736628
REDUCE_105_HOLD,evaluation,BASE,42,2026-07-21,2026-07-20,355773.4871000001,-5427.699999999953,143.95050000000003,454.80000000001723,0.0,10,2,1,2026-08-04,2026-08-03,False,-6026.450499999971,-0.016939009562300714
REDUCE_105_HOLD,evaluation,BASE,43,2026-08-07,2026-08-06,309914.17044,2039.7999999999884,124.26988,394.80000000001496,0.0,5,1,1,2026-08-14,2026-08-13,True,1520.7301199999733,0.004906939614412984
REDUCE_105_HOLD,evaluation,STRESS,1,2020-01-02,2019-12-31,179096.61,-1345.3999999999942,142.50824,433.99999999999073,0.0,14,1,1,2020-01-22,2020-01-21,False,-1921.908239999985,-0.010731125731525489
REDUCE_105_HOLD,evaluation,STRESS,2,2020-02-05,2020-02-04,131117.22592,11521.800000000017,109.33600000000001,311.4000000000118,0.0,19,1,1,2020-03-03,2020-03-02,False,11101.064000000006,0.08466518355698907
REDUCE_105_HOLD,evaluation,STRESS,3,2020-03-23,2020-03-20,5321.0,330.0,10.0,11.999999999999345,0.0,10,1,1,2020-04-07,2020-04-03,False,308.0000000000007,0.05788385641796667
REDUCE_105_HOLD,evaluation,STRESS,4,2020-07-01,2020-06-30,205768.17436,25103.399999999994,174.39528,487.000000000006,0.0,5,2,1,2020-07-08,2020-07-07,False,24442.004719999986,0.1187841841724157
REDUCE_105_HOLD,evaluation,STRESS,5,2020-08-19,2020-08-18,80907.55008,-2423.5999999999913,63.664320000000004,165.99999999999648,0.0,31,1,1,2020-10-09,2020-09-30,False,-2653.2643199999875,-0.03279377904010794
REDUCE_105_HOLD,evaluation,STRESS,6,2020-12-15,2020-12-14,231231.05544,20235.600000000006,192.80184000000003,508.2000000000056,3326.3999999999996,25,1,1,2021-01-20,2021-01-19,False,22860.998160000003,0.09886646980224502
REDUCE_105_HOLD,evaluation,STRESS,7,2021-02-03,2021-02-02,44543.510279999995,2033.0999999999985,36.39492,97.20000000000368,0.0,7,1,1,2021-02-19,2021-02-18,False,1899.505079999995,0.04264381204040112
REDUCE_105_HOLD,evaluation,STRESS,8,2021-03-11,2021-03-10,6544.0,-153.40000000000055,10.0,14.300000000000157,0.0,10,1,1,2021-03-25,2021-03-24,False,-177.7000000000007,-0.027154645476772724
REDUCE_105_HOLD,evaluation,STRESS,9,2021-06-08,2021-06-07,231036.17751999997,-3223.0999999999767,183.25603999999998,524.4000000000199,0.0,31,2,1,2021-07-22,2021-07-21,False,-3930.7560399999966,-0.017013595369321434
REDUCE_105_HOLD,evaluation,STRESS,10,2021-07-29,2021-07-28,251675.83007999999,8259.29999999996,204.33816000000002,564.2999999999606,0.0,10,1,1,2021-08-12,2021-08-11,False,7490.661839999999,0.029763135528822725
REDUCE_105_HOLD,evaluation,STRESS,11,2021-10-29,2021-10-28,237340.59828,8027.699999999953,192.79776,524.6999999999737,0.0,32,2,1,2021-12-14,2021-12-13,False,7310.20223999998,0.030800471107668852
REDUCE_105_HOLD,evaluation,STRESS,12,2022-01-10,2022-01-07,6855.2,-179.19999999999982,10.0,13.999999999999702,105.0,10,1,1,2022-01-24,2022-01-21,False,-98.19999999999952,-0.014324892052748209
REDUCE_105_HOLD,evaluation,STRESS,13,2022-01-27,2022-01-26,6582.200000000001,-123.19999999999891,10.0,14.000000000000945,0.0,10,1,1,2022-02-17,2022-02-16,False,-147.19999999999985,-0.022363343562942454
REDUCE_105_HOLD,evaluation,STRESS,14,2022-03-11,2022-03-10,6777.799999999999,-308.7999999999993,10.0,15.999999999999659,0.0,3,1,1,2022-03-16,2022-03-15,False,-334.79999999999893,-0.04939655935554294
REDUCE_105_HOLD,evaluation,STRESS,15,2022-04-25,2022-04-22,6718.3,17.0,10.0,13.600000000000767,0.0,10,1,1,2022-05-12,2022-05-11,False,-6.600000000000767,-0.0009823913787715295
REDUCE_105_HOLD,evaluation,STRESS,16,2022-05-13,2022-05-12,246927.93168,12799.300000000017,202.34288000000004,600.5000000000296,0.0,20,2,1,2022-06-13,2022-06-10,False,11996.457119999988,0.048582827541545574
REDUCE_105_HOLD,evaluation,STRESS,17,2022-08-05,2022-08-04,263026.73828,-10775.399999999965,207.94868000000002,617.9999999999883,0.0,21,2,1,2022-09-05,2022-09-02,False,-11601.348679999954,-0.044107107725488974
REDUCE_105_HOLD,evaluation,STRESS,18,2022-09-21,2022-09-20,6777.8,-328.10000000000036,10.0,13.600000000000012,0.0,10,1,1,2022-10-12,2022-10-11,False,-351.7000000000004,-0.05188999380329906
REDUCE_105_HOLD,evaluation,STRESS,19,2022-10-27,2022-10-26,6742.4,127.80000000000018,10.0,14.400000000000013,0.0,7,1,1,2022-11-07,2022-11-04,False,103.40000000000018,0.015335785476981518
REDUCE_105_HOLD,evaluation,STRESS,20,2023-01-17,2023-01-16,206653.02816,-1095.5999999999767,164.61888,498.00000000003365,0.0,2,1,1,2023-01-19,2023-01-18,False,-1758.2188800000104,-0.00850807218096373
REDUCE_105_HOLD,evaluation,STRESS,21,2023-04-03,2023-03-31,264491.7544,1890.7999999999884,212.00432,651.9999999999861,0.0,7,1,1,2023-04-13,2023-04-12,False,1026.7956800000022,0.00388214627835673
REDUCE_105_HOLD,evaluation,STRESS,22,2023-05-29,2023-05-26,6956.6,-32.400000000000546,10.0,14.399999999999213,0.0,10,1,1,2023-06-12,2023-06-09,False,-56.799999999999756,-0.008164908144783335
REDUCE_105_HOLD,evaluation,STRESS,23,2023-08-23,2023-08-22,6870.2,180.0,10.0,14.400000000000013,0.0,9,1,1,2023-09-05,2023-09-04,False,155.6,0.022648540071613637
REDUCE_105_HOLD,evaluation,STRESS,24,2023-10-18,2023-10-17,6670.400000000001,-34.19999999999982,10.0,14.400000000000812,0.0,10,1,1,2023-11-01,2023-10-31,False,-58.600000000000634,-0.008785080355001293
REDUCE_105_HOLD,evaluation,STRESS,25,2023-11-29,2023-11-28,6826.0,-197.59999999999945,10.0,15.200000000000014,0.0,10,1,1,2023-12-13,2023-12-12,False,-222.79999999999947,-0.03263990624084376
REDUCE_105_HOLD,evaluation,STRESS,26,2024-02-19,2024-02-08,250095.79832,4044.1999999999825,201.38072,584.0000000000006,0.0,5,2,1,2024-02-26,2024-02-23,False,3258.819279999982,0.013030284002733589
REDUCE_105_HOLD,evaluation,STRESS,27,2024-03-05,2024-03-04,267903.01836000005,6849.0,216.7328,608.8000000000005,0.0,54,1,1,2024-05-27,2024-05-24,False,6023.4672,0.022483760119140744
REDUCE_105_HOLD,evaluation,STRESS,28,2024-06-04,2024-06-03,142489.1008,3899.0,117.50120000000001,328.0000000000003,0.0,32,2,1,2024-07-19,2024-07-18,False,3453.4987999999994,0.024236933074954177
REDUCE_105_HOLD,evaluation,STRESS,29,2024-08-02,2024-08-01,234953.14368,-4000.2000000000116,186.07032000000004,542.3999999999703,0.0,3,1,1,2024-08-07,2024-08-06,False,-4728.670319999982,-0.020126014259423175
REDUCE_105_HOLD,evaluation,STRESS,30,2024-08-28,2024-08-27,273065.78264000005,-9060.799999999988,214.48208,647.2000000000006,0.0,15,1,1,2024-09-20,2024-09-19,False,-9922.482079999989,-0.036337332287002165
REDUCE_105_HOLD,evaluation,STRESS,31,2024-09-25,2024-09-24,263128.10916,87875.09999999998,245.29728,677.6999999999923,0.0,4,1,1,2024-10-08,2024-09-30,False,86952.10271999998,0.3304553929931033
REDUCE_105_HOLD,evaluation,STRESS,32,2024-10-09,2024-10-08,120168.048,-6860.0,93.24000000000001,279.99999999999403,0.0,10,1,1,2024-10-23,2024-10-22,False,-7233.239999999993,-0.060192706134329435
REDUCE_105_HOLD,evaluation,STRESS,33,2025-01-08,2025-01-07,8915.2,105.79999999999927,10.0,18.400000000000016,0.0,10,1,1,2025-01-22,2025-01-21,False,77.39999999999925,0.008681801866475148
REDUCE_105_HOLD,evaluation,STRESS,34,2025-04-09,2025-04-08,342915.71144,14344.799999999988,279.66672000000005,735.2000000000305,0.0,11,2,1,2025-04-24,2025-04-23,False,13329.93327999996,0.038872331699308274
REDUCE_105_HOLD,evaluation,STRESS,35,2025-06-03,2025-05-30,358099.98272,19471.300000000047,293.82368,825.7000000000087,1883.1999999999998,41,3,1,2025-07-30,2025-07-29,False,20234.976320000038,0.05650649901265663
REDUCE_105_HOLD,evaluation,STRESS,36,2025-09-05,2025-09-04,376598.079,15379.0,306.9716,844.999999999982,0.0,7,1,1,2025-09-16,2025-09-15,False,14227.028400000017,0.03777775085252099
REDUCE_105_HOLD,evaluation,STRESS,37,2025-11-26,2025-11-25,10136.000000000002,244.20000000000073,10.0,22.000000000001485,0.0,8,1,1,2025-12-08,2025-12-05,False,212.19999999999925,0.02093528018942376
REDUCE_105_HOLD,evaluation,STRESS,38,2025-12-19,2025-12-18,315426.62020000006,3566.899999999965,253.39796,673.0000000000455,8277.9,35,1,1,2026-02-10,2026-02-09,False,10918.402039999919,0.034614713346251415
REDUCE_105_HOLD,evaluation,STRESS,39,2026-03-25,2026-03-24,10389.5,144.90000000000146,10.0,22.99999999999951,0.0,10,1,1,2026-04-09,2026-04-08,False,111.90000000000194,0.010770489436450448
REDUCE_105_HOLD,evaluation,STRESS,40,2026-05-06,2026-04-30,389348.57716000004,-1837.6999999999534,310.29964000000007,799.0000000000539,0.0,9,1,1,2026-05-19,2026-05-18,False,-2946.9996400000073,-0.007569052034287925
REDUCE_105_HOLD,evaluation,STRESS,41,2026-06-05,2026-06-04,398193.2136,1620.0,318.75120000000004,809.9999999999827,0.0,12,1,1,2026-06-24,2026-06-23,False,491.2488000000171,0.001233694556365531
REDUCE_105_HOLD,evaluation,STRESS,42,2026-07-21,2026-07-20,344723.11360000004,-5256.200000000012,274.15128000000004,733.9999999999862,0.0,10,2,1,2026-08-04,2026-08-03,False,-6264.351279999998,-0.01817212433068485
REDUCE_105_HOLD,evaluation,STRESS,43,2026-08-07,2026-08-06,300682.02472000004,1977.7999999999884,240.98536000000004,637.9999999999864,0.0,5,1,1,2026-08-14,2026-08-13,True,1098.8146400000019,0.0036544074792074313
REDUCE_105_HOLD,earlier_diagnostic,BASE,1,2015-01-05,2014-12-31,182265.24576000002,50181.20000000001,82.87696,254.0000000000052,941.5000000000001,88,2,1,2015-05-18,2015-05-15,False,50785.82304,0.27863689991054497
REDUCE_105_HOLD,earlier_diagnostic,BASE,2,2015-06-03,2015-06-02,47988.295739999994,-6630.9000000000015,17.85414,55.79999999999386,0.0,17,1,1,2015-06-29,2015-06-26,False,-6704.554139999996,-0.13971227851735324
REDUCE_105_HOLD,earlier_diagnostic,BASE,3,2015-08-27,2015-08-26,6255.0,550.0,10.0,8.000000000000007,0.0,10,1,1,2015-09-14,2015-09-11,False,532.0,0.0850519584332534
REDUCE_105_HOLD,earlier_diagnostic,BASE,4,2015-09-29,2015-09-28,228060.80303999997,35601.29999999999,98.27106,276.40000000000026,0.0,61,2,1,2015-12-30,2015-12-29,False,35226.62893999999,0.15446156669816483
REDUCE_105_HOLD,earlier_diagnostic,BASE,5,2016-01-13,2016-01-12,7232.0,-732.5999999999995,10.0,8.800000000000985,112.19999999999999,10,1,1,2016-01-27,2016-01-26,False,-639.2000000000004,-0.08838495575221245
REDUCE_105_HOLD,earlier_diagnostic,BASE,6,2016-05-03,2016-04-29,235076.60592,8035.200000000012,95.55936,297.60000000003333,0.0,61,1,1,2016-07-29,2016-07-28,False,7642.040639999978,0.03250872459252996
REDUCE_105_HOLD,earlier_diagnostic,BASE,7,2016-09-07,2016-09-06,286754.23938000004,-3784.5,113.85458,336.40000000003766,0.0,17,1,1,2016-10-11,2016-10-10,False,-4234.754580000038,-0.014767888311454883
REDUCE_105_HOLD,earlier_diagnostic,BASE,8,2017-02-13,2017-02-10,282394.26756,1984.8000000000466,113.26592,330.8000000000003,0.0,11,1,1,2017-02-28,2017-02-27,False,1540.734080000046,0.00545596797453648
REDUCE_105_HOLD,earlier_diagnostic,BASE,9,2017-05-10,2017-05-09,7377.2,178.19999999999982,10.0,8.800000000000008,0.0,5,1,1,2017-05-17,2017-05-16,False,159.3999999999998,0.021607113810117633
REDUCE_105_HOLD,earlier_diagnostic,BASE,10,2017-05-18,2017-05-17,269072.90382,27526.79999999999,113.04972000000001,316.40000000000026,0.0,61,1,1,2017-08-15,2017-08-14,False,27097.350279999988,0.10070635093798642
REDUCE_105_HOLD,earlier_diagnostic,BASE,11,2017-10-23,2017-10-20,311204.2284,6162.0,125.6112,389.9999999999917,0.0,49,1,1,2017-12-29,2017-12-28,False,5646.388800000008,0.018143676353724016
REDUCE_105_HOLD,earlier_diagnostic,BASE,12,2018-01-12,2018-01-11,253954.88082000002,6149.099999999977,102.71982000000001,358.19999999996054,2746.2,7,1,1,2018-01-23,2018-01-22,False,8434.380180000016,0.03321212080179785
REDUCE_105_HOLD,earlier_diagnostic,BASE,13,2018-02-13,2018-02-12,244594.50912,9547.20000000004,99.66528000000001,312.00000000002103,0.0,11,1,1,2018-03-07,2018-03-06,False,9135.53472000002,0.03734971301223305
REDUCE_105_HOLD,earlier_diagnostic,BASE,14,2018-03-28,2018-03-27,8532.199999999999,90.19999999999891,10.0,8.79999999999903,0.0,10,1,1,2018-04-13,2018-04-12,False,71.39999999999988,0.008368298914699595
REDUCE_105_HOLD,earlier_diagnostic,BASE,15,2018-04-19,2018-04-18,8669.1,25.299999999999272,10.0,9.199999999998987,0.0,10,1,1,2018-05-07,2018-05-04,False,6.100000000000286,0.0007036485909725675
REDUCE_105_HOLD,earlier_diagnostic,BASE,16,2018-06-25,2018-06-22,8765.0,-475.2000000000007,10.0,9.600000000000009,0.0,3,1,1,2018-06-28,2018-06-27,False,-494.80000000000075,-0.056451796919566546
REDUCE_105_HOLD,earlier_diagnostic,BASE,17,2018-10-09,2018-10-08,243311.05248,-3264.7999999999884,96.59296,295.2000000000003,0.0,9,2,1,2018-10-22,2018-10-19,False,-3656.5929599999886,-0.015028470440324768
REDUCE_105_HOLD,earlier_diagnostic,BASE,18,2018-12-25,2018-12-24,8598.2,173.60000000000036,10.0,11.199999999998766,0.0,10,1,1,2019-01-10,2019-01-09,False,152.4000000000016,0.017724640040938985
REDUCE_105_HOLD,earlier_diagnostic,BASE,19,2019-02-28,2019-02-27,324873.06162000005,10491.900000000023,131.95162000000002,350.00000000000034,0.0,5,2,1,2019-03-07,2019-03-06,False,10009.948380000023,0.030811875660249524
REDUCE_105_HOLD,earlier_diagnostic,BASE,20,2019-04-30,2019-04-29,8563.0,-440.0,10.0,8.800000000000985,0.0,2,1,1,2019-05-07,2019-05-06,False,-458.800000000001,-0.05357935303048009
REDUCE_105_HOLD,earlier_diagnostic,BASE,21,2019-05-31,2019-05-30,318913.77,13387.5,130.1475,350.00000000000034,0.0,17,1,1,2019-06-26,2019-06-25,False,12907.3525,0.040472860422427044
REDUCE_105_HOLD,earlier_diagnostic,BASE,22,2019-08-20,2019-08-19,337590.30456,5168.400000000023,135.97272,350.4000000000392,0.0,28,1,1,2019-09-30,2019-09-27,False,4682.027279999984,0.013868962516865901
REDUCE_105_HOLD,earlier_diagnostic,BASE,23,2019-11-12,2019-11-11,357624.31056,-1443.2000000000116,142.66032,360.8000000000003,0.0,20,1,1,2019-12-10,2019-12-09,False,-1946.6603200000118,-0.005443310934180503
REDUCE_105_HOLD,earlier_diagnostic,BASE,24,2019-12-30,2019-12-27,354867.45930000005,5575.5,142.9275,531.0000000000201,0.0,1,1,1,2019-12-31,2019-12-30,True,4901.57249999998,0.013812403396097975
REDUCE_105_HOLD,earlier_diagnostic,STRESS,1,2015-01-05,2014-12-31,182403.33216,50181.20000000001,165.75392000000002,457.19999999999476,941.5000000000001,88,2,1,2015-05-18,2015-05-15,False,50499.74608000001,0.2768575852315176
REDUCE_105_HOLD,earlier_diagnostic,STRESS,2,2015-06-03,2015-06-02,48025.80264,-6630.9000000000015,35.711999999999996,102.30000000000112,0.0,17,1,1,2015-06-29,2015-06-26,False,-6768.912000000003,-0.14094323525917032
REDUCE_105_HOLD,earlier_diagnostic,STRESS,3,2015-08-27,2015-08-26,6259.0,550.0,10.0,16.000000000000014,0.0,10,1,1,2015-09-14,2015-09-11,False,524.0,0.08371944400063908
REDUCE_105_HOLD,earlier_diagnostic,STRESS,4,2015-09-29,2015-09-28,227921.73223999998,35542.399999999994,196.26064,552.0000000000005,0.0,61,2,1,2015-12-30,2015-12-29,False,34794.139359999994,0.15265827886636985
REDUCE_105_HOLD,earlier_diagnostic,STRESS,5,2016-01-13,2016-01-12,7236.4,-732.5999999999995,10.0,15.400000000000258,112.19999999999999,10,1,1,2016-01-27,2016-01-26,False,-645.7999999999996,-0.08924327013432089
REDUCE_105_HOLD,earlier_diagnostic,STRESS,6,2016-05-03,2016-04-29,234323.79204,8002.799999999988,190.34808,592.8000000000005,0.0,61,1,1,2016-07-29,2016-07-28,False,7219.651919999988,0.03081057991229318
REDUCE_105_HOLD,earlier_diagnostic,STRESS,7,2016-09-07,2016-09-06,285614.90028,-3766.5,226.62612000000001,669.6000000000006,0.0,17,1,1,2016-10-11,2016-10-10,False,-4662.72612,-0.01632522013182414
REDUCE_105_HOLD,earlier_diagnostic,STRESS,8,2017-02-13,2017-02-10,280907.51808,1972.8000000000466,225.16224000000003,657.6000000000006,0.0,11,1,1,2017-02-28,2017-02-27,False,1090.0377600000459,0.0038804150470960787
REDUCE_105_HOLD,earlier_diagnostic,STRESS,9,2017-05-10,2017-05-09,7381.6,178.19999999999982,10.0,17.600000000000016,0.0,5,1,1,2017-05-17,2017-05-16,False,150.5999999999998,0.020402080849680256
REDUCE_105_HOLD,earlier_diagnostic,STRESS,10,2017-05-18,2017-05-17,267242.3542,27318.0,224.38440000000003,628.0000000000006,0.0,61,1,1,2017-08-15,2017-08-14,False,26465.6156,0.09903226484898253
REDUCE_105_HOLD,earlier_diagnostic,STRESS,11,2017-10-23,2017-10-20,308627.70172,6106.699999999953,248.96784,695.6999999999921,0.0,49,1,1,2017-12-29,2017-12-28,False,5162.032159999961,0.016725757704935937
REDUCE_105_HOLD,earlier_diagnostic,STRESS,12,2018-01-12,2018-01-11,251571.0882,6087.299999999988,203.37492,590.9999999999874,2718.6,7,1,1,2018-01-23,2018-01-22,False,8011.525080000001,0.031845969015449054
REDUCE_105_HOLD,earlier_diagnostic,STRESS,13,2018-02-13,2018-02-12,242022.47028,9440.100000000035,197.09448000000003,555.300000000021,0.0,11,1,1,2018-03-07,2018-03-06,False,8687.705520000014,0.03589627653146857
REDUCE_105_HOLD,earlier_diagnostic,STRESS,14,2018-03-28,2018-03-27,8536.6,90.19999999999891,10.0,17.600000000000016,0.0,10,1,1,2018-04-13,2018-04-12,False,62.59999999999889,0.007333130286062237
REDUCE_105_HOLD,earlier_diagnostic,STRESS,15,2018-04-19,2018-04-18,8673.7,25.299999999999272,10.0,18.399999999998997,0.0,10,1,1,2018-05-07,2018-05-04,False,-3.0999999999997243,-0.0003574022620104136
REDUCE_105_HOLD,earlier_diagnostic,STRESS,16,2018-06-25,2018-06-22,8404.6,-455.39999999999964,10.0,18.400000000000016,0.0,3,1,1,2018-06-28,2018-06-27,False,-483.79999999999967,-0.057563715108392983
REDUCE_105_HOLD,earlier_diagnostic,STRESS,17,2018-10-09,2018-10-08,240208.54499999998,-3221.2999999999884,190.56851999999998,582.4000000000005,0.0,9,2,1,2018-10-22,2018-10-19,False,-3994.2685199999887,-0.01662833651483959
REDUCE_105_HOLD,earlier_diagnostic,STRESS,18,2018-12-25,2018-12-24,8296.7,167.39999999999964,10.0,21.60000000000002,0.0,10,1,1,2019-01-10,2019-01-09,False,135.7999999999996,0.016367953523690092
REDUCE_105_HOLD,earlier_diagnostic,STRESS,19,2019-02-28,2019-02-27,320653.21,10349.200000000012,260.28352,690.4000000000005,0.0,5,2,1,2019-03-07,2019-03-06,False,9398.51648000001,0.02931053295864404
REDUCE_105_HOLD,earlier_diagnostic,STRESS,20,2019-04-30,2019-04-29,8567.4,-440.0,10.0,17.600000000000016,0.0,2,1,1,2019-05-07,2019-05-06,False,-467.6,-0.05457898545649789
REDUCE_105_HOLD,earlier_diagnostic,STRESS,21,2019-05-31,2019-05-30,314410.91408,23963.600000000035,260.73776000000004,689.6000000000006,0.0,23,1,1,2019-07-04,2019-07-03,False,23013.262240000033,0.07319485809625693
REDUCE_105_HOLD,earlier_diagnostic,STRESS,22,2019-08-20,2019-08-19,285769.7622,4371.900000000023,230.03604,592.8000000000005,0.0,28,1,1,2019-09-30,2019-09-27,False,3549.0639600000227,0.012419312430669835
REDUCE_105_HOLD,earlier_diagnostic,STRESS,23,2019-11-12,2019-11-11,361447.12104000006,-1457.5999999999767,288.1675200000001,728.8000000000006,0.0,20,1,1,2019-12-10,2019-12-09,False,-2474.5675199999773,-0.006846278130200201
REDUCE_105_HOLD,earlier_diagnostic,STRESS,24,2019-12-30,2019-12-27,358726.83336000005,5632.199999999953,288.76200000000006,893.9999999999809,0.0,1,1,1,2019-12-31,2019-12-30,True,4449.437999999973,0.012403415597111863
REDUCE_105_HALF,evaluation,BASE,1,2020-01-02,2019-12-31,178973.98764,-1345.3999999999942,71.25412,260.40000000000987,0.0,14,1,1,2020-01-22,2020-01-21,False,-1677.054120000004,-0.009370379137851811
REDUCE_105_HALF,evaluation,BASE,2,2020-02-05,2020-02-04,131400.47484,10308.900000000012,54.57676,173.50000000000603,0.0,19,1,4,2020-03-03,2020-03-02,False,10080.823240000007,0.0767183166748441
REDUCE_105_HALF,evaluation,BASE,3,2020-03-23,2020-03-20,5318.0,330.0,10.0,6.000000000000005,0.0,10,1,1,2020-04-07,2020-04-03,False,314.0,0.05904475366679203
REDUCE_105_HALF,evaluation,BASE,4,2020-07-01,2020-06-30,205210.53390000004,25048.699999999983,87.01922,291.60000000001105,0.0,5,2,1,2020-07-08,2020-07-07,False,24670.080779999975,0.12021839381803767
REDUCE_105_HALF,evaluation,BASE,5,2020-08-19,2020-08-18,80858.1684,-2423.5999999999913,31.832160000000002,99.60000000000377,0.0,31,1,1,2020-10-09,2020-09-30,False,-2555.032159999995,-0.03159893688613401
REDUCE_105_HALF,evaluation,BASE,6,2020-12-15,2020-12-14,230592.20922000002,22774.099999999977,96.71794,276.6000000000105,2260.7999999999997,25,1,3,2021-01-20,2021-01-19,False,24661.582059999968,0.10694889538297978
REDUCE_105_HALF,evaluation,BASE,7,2021-02-03,2021-02-02,44510.30028,2033.0999999999985,18.19746,48.60000000000184,0.0,7,1,1,2021-02-19,2021-02-18,False,1966.3025399999965,0.04417634856719947
REDUCE_105_HALF,evaluation,BASE,8,2021-03-11,2021-03-10,6540.1,-153.40000000000055,10.0,7.799999999999141,0.0,10,1,1,2021-03-25,2021-03-24,False,-171.19999999999968,-0.026176969771104366
REDUCE_105_HALF,evaluation,BASE,9,2021-06-08,2021-06-07,231917.09858,-3306.099999999984,93.85846000000001,263.40000000000305,0.0,31,2,4,2021-07-22,2021-07-21,False,-3663.3584599999867,-0.015795982626681183
REDUCE_105_HALF,evaluation,BASE,10,2021-07-29,2021-07-28,253484.08668,8323.699999999983,102.97606000000002,310.1999999999658,0.0,10,1,1,2021-08-12,2021-08-11,False,7910.5239400000155,0.031207181656284062
REDUCE_105_HALF,evaluation,BASE,11,2021-10-29,2021-10-28,239186.72778000002,6530.299999999988,96.90390000000001,288.5999999999767,0.0,32,2,2,2021-12-14,2021-12-13,False,6144.796100000011,0.025690372359004354
REDUCE_105_HALF,evaluation,BASE,12,2022-01-10,2022-01-07,6852.4,-179.19999999999982,10.0,8.400000000000318,105.0,10,1,1,2022-01-24,2022-01-21,False,-92.60000000000014,-0.013513513513513533
REDUCE_105_HALF,evaluation,BASE,13,2022-01-27,2022-01-26,6579.4,-123.19999999999891,10.0,8.400000000000318,0.0,10,1,1,2022-02-17,2022-02-16,False,-141.59999999999923,-0.021521719305711652
REDUCE_105_HALF,evaluation,BASE,14,2022-03-11,2022-03-10,6774.599999999999,-308.7999999999993,10.0,9.600000000000364,0.0,3,1,1,2022-03-16,2022-03-15,False,-328.39999999999964,-0.04847518672689158
REDUCE_105_HALF,evaluation,BASE,15,2022-04-25,2022-04-22,6714.900000000001,17.0,10.0,6.800000000000006,0.0,10,1,1,2022-05-12,2022-05-11,False,0.19999999999999396,2.978450907682824e-05
REDUCE_105_HALF,evaluation,BASE,16,2022-05-13,2022-05-12,443311.84464,4893.900000000023,178.14272000000003,626.6999999999991,0.0,20,3,4,2022-06-13,2022-06-10,False,4089.0572800000245,0.00922388456216554
REDUCE_105_HALF,evaluation,BASE,17,2022-08-05,2022-08-04,256042.58349999998,-6406.299999999988,104.62756000000002,361.2000000000137,0.0,21,2,4,2022-09-05,2022-09-02,False,-6872.127560000002,-0.026839783703401048
REDUCE_105_HALF,evaluation,BASE,18,2022-09-21,2022-09-20,6774.400000000001,-328.10000000000036,10.0,6.800000000000006,0.0,10,1,1,2022-10-12,2022-10-11,False,-344.9000000000004,-0.05091225791213987
REDUCE_105_HALF,evaluation,BASE,19,2022-10-27,2022-10-26,6738.8,127.80000000000018,10.0,7.200000000000006,0.0,7,1,1,2022-11-07,2022-11-04,False,110.60000000000018,0.016412417641123073
REDUCE_105_HALF,evaluation,BASE,20,2023-01-17,2023-01-16,204438.67956,-1084.5999999999767,81.48304,295.8000000000112,0.0,2,1,1,2023-01-19,2023-01-18,False,-1461.883039999988,-0.007150716504070087
REDUCE_105_HALF,evaluation,BASE,21,2023-04-03,2023-03-31,262281.54582,1876.2999999999884,105.18926,388.19999999995724,0.0,7,1,1,2023-04-13,2023-04-12,False,1382.910740000031,0.005272619298000868
REDUCE_105_HALF,evaluation,BASE,22,2023-05-29,2023-05-26,6953.0,-32.400000000000546,10.0,7.199999999999207,0.0,10,1,1,2023-06-12,2023-06-09,False,-49.59999999999975,-0.00713361139076654
REDUCE_105_HALF,evaluation,BASE,23,2023-08-23,2023-08-22,6866.6,180.0,10.0,7.200000000000806,0.0,9,1,1,2023-09-05,2023-09-04,False,162.7999999999992,0.02370896804823336
REDUCE_105_HALF,evaluation,BASE,24,2023-10-18,2023-10-17,6666.8,-34.19999999999982,10.0,7.200000000000806,0.0,10,1,1,2023-11-01,2023-10-31,False,-51.400000000000624,-0.0077098458030840315
REDUCE_105_HALF,evaluation,BASE,25,2023-11-29,2023-11-28,6822.2,-197.59999999999945,10.0,7.6000000000008505,0.0,10,1,1,2023-12-13,2023-12-12,False,-215.2000000000003,-0.0315440766908036
REDUCE_105_HALF,evaluation,BASE,26,2024-02-19,2024-02-08,248534.49696000002,4017.999999999971,100.13944000000001,290.3999999999886,0.0,5,2,1,2024-02-26,2024-02-23,False,3627.4605599999823,0.014595400656126212
REDUCE_105_HALF,evaluation,BASE,27,2024-03-05,2024-03-04,266641.91771999997,6822.0,107.9392,303.1999999999666,0.0,54,1,1,2024-05-27,2024-05-24,False,6410.860800000033,0.024042959392199026
REDUCE_105_HALF,evaluation,BASE,28,2024-06-04,2024-06-03,142380.0348,3899.0,61.251400000000004,164.00000000000014,0.0,32,2,1,2024-07-19,2024-07-18,False,3673.7486,0.025802413977215857
REDUCE_105_HALF,evaluation,BASE,29,2024-08-02,2024-08-01,235463.0832,-4012.0,93.30960000000002,272.0000000000002,0.0,3,1,1,2024-08-07,2024-08-06,False,-4377.3096,-0.018590216098894604
REDUCE_105_HALF,evaluation,BASE,30,2024-08-28,2024-08-27,272849.35896,-10330.700000000012,106.98706000000001,323.59999999998195,0.0,15,1,4,2024-09-20,2024-09-19,False,-10761.287059999993,-0.039440397078512504
REDUCE_105_HALF,evaluation,BASE,31,2024-09-25,2024-09-24,262226.53482000006,87641.69999999998,122.32288000000003,375.4999999999586,0.0,4,1,1,2024-10-08,2024-09-30,False,87143.87712000002,0.332322879451609
REDUCE_105_HALF,evaluation,BASE,32,2024-10-09,2024-10-08,120088.0128,-6860.0,46.620000000000005,168.00000000000637,0.0,10,1,1,2024-10-23,2024-10-22,False,-7074.620000000006,-0.05891195827998585
REDUCE_105_HALF,evaluation,BASE,33,2025-01-08,2025-01-07,8910.6,105.79999999999927,10.0,9.199999999998987,0.0,10,1,1,2025-01-22,2025-01-21,False,86.60000000000028,0.00971876192400066
REDUCE_105_HALF,evaluation,BASE,34,2025-04-09,2025-04-08,341912.26878000004,14318.900000000023,139.52798,366.80000000004105,0.0,11,2,1,2025-04-24,2025-04-23,False,13812.572019999981,0.04039800054348895
REDUCE_105_HALF,evaluation,BASE,35,2025-06-03,2025-05-30,357873.06030000007,19026.900000000023,146.83198000000002,470.0000000000184,1777.6,41,3,1,2025-07-30,2025-07-29,False,20187.668020000005,0.05641013604957289
REDUCE_105_HALF,evaluation,BASE,36,2025-09-05,2025-09-04,376353.7557,15379.0,153.48580000000004,506.9999999999442,0.0,7,1,1,2025-09-16,2025-09-15,False,14718.514200000056,0.03910819003951302
REDUCE_105_HALF,evaluation,BASE,37,2025-11-26,2025-11-25,10131.6,244.20000000000073,10.0,13.2000000000005,0.0,8,1,1,2025-12-08,2025-12-05,False,221.00000000000023,0.02181294168739392
REDUCE_105_HALF,evaluation,BASE,38,2025-12-19,2025-12-18,315697.32684,1860.6999999999825,126.54494,404.39999999997207,7183.2,35,1,5,2026-02-10,2026-02-09,False,8512.955060000011,0.026965559528841058
REDUCE_105_HALF,evaluation,BASE,39,2026-03-25,2026-03-24,10384.9,144.90000000000146,10.0,13.800000000000523,0.0,10,1,1,2026-04-09,2026-04-08,False,121.10000000000093,0.011661161879267103
REDUCE_105_HALF,evaluation,BASE,40,2026-05-06,2026-04-30,386675.91972,-1826.1999999999534,154.17892,476.40000000001805,0.0,9,1,1,2026-05-19,2026-05-18,False,-2456.7789199999715,-0.006353586542909048
REDUCE_105_HALF,evaluation,BASE,41,2026-06-05,2026-06-04,396477.67967999994,2364.600000000035,158.93544,484.200000000006,0.0,12,1,2,2026-06-24,2026-06-23,False,1721.4645600000288,0.0043418952647963326
REDUCE_105_HALF,evaluation,BASE,42,2026-07-21,2026-07-20,344978.82218,-5049.8000000000175,139.80540000000002,440.9999999999851,0.0,10,2,2,2026-08-04,2026-08-03,False,-5630.605400000003,-0.016321597263330313
REDUCE_105_HALF,evaluation,BASE,43,2026-08-07,2026-08-06,300494.28684,1977.7999999999884,120.49268000000001,382.8000000000145,0.0,5,1,1,2026-08-14,2026-08-13,True,1474.5073199999738,0.004906939614412982
REDUCE_105_HALF,evaluation,STRESS,1,2020-01-02,2019-12-31,179096.61,-1345.3999999999942,142.50824,433.99999999999073,0.0,14,1,1,2020-01-22,2020-01-21,False,-1921.908239999985,-0.010731125731525489
REDUCE_105_HALF,evaluation,STRESS,2,2020-02-05,2020-02-04,131117.22592,10275.60000000001,108.83752000000001,311.4000000000118,0.0,19,1,4,2020-03-03,2020-03-02,False,9855.362479999998,0.07516451336465248
REDUCE_105_HALF,evaluation,STRESS,3,2020-03-23,2020-03-20,4966.6,308.0,10.0,11.199999999999388,0.0,10,1,1,2020-04-07,2020-04-03,False,286.80000000000064,0.05774574155357803
REDUCE_105_HALF,evaluation,STRESS,4,2020-07-01,2020-06-30,204929.439,24994.0,173.6816,485.00000000000614,0.0,5,2,1,2020-07-08,2020-07-07,False,24335.318399999993,0.11874974390575475
REDUCE_105_HALF,evaluation,STRESS,5,2020-08-19,2020-08-18,80420.1552,-2409.0,63.2808,164.99999999999648,0.0,31,1,1,2020-10-09,2020-09-30,False,-2637.2807999999964,-0.03279377904010805
REDUCE_105_HALF,evaluation,STRESS,6,2020-12-15,2020-12-14,229729.55508000002,22665.5,192.57440000000003,504.90000000000555,2253.6,25,1,3,2021-01-20,2021-01-19,False,24221.625599999992,0.10543539159149617
REDUCE_105_HALF,evaluation,STRESS,7,2021-02-03,2021-02-02,44543.510279999995,2033.0999999999985,36.39492,97.20000000000368,0.0,7,1,1,2021-02-19,2021-02-18,False,1899.505079999995,0.04264381204040112
REDUCE_105_HALF,evaluation,STRESS,8,2021-03-11,2021-03-10,6544.0,-153.40000000000055,10.0,14.300000000000157,0.0,10,1,1,2021-03-25,2021-03-24,False,-177.7000000000007,-0.027154645476772724
REDUCE_105_HALF,evaluation,STRESS,9,2021-06-08,2021-06-07,231036.17751999997,-3293.5999999999694,183.22784000000001,524.4000000000129,0.0,31,2,4,2021-07-22,2021-07-21,False,-4001.2278399999823,-0.017318620325830186
REDUCE_105_HALF,evaluation,STRESS,10,2021-07-29,2021-07-28,251675.83007999999,8259.29999999996,204.33816000000002,564.2999999999606,0.0,10,1,1,2021-08-12,2021-08-11,False,7490.661839999999,0.029763135528822725
REDUCE_105_HALF,evaluation,STRESS,11,2021-10-29,2021-10-28,237340.59828,6495.499999999971,192.18864000000002,515.2999999999789,0.0,32,2,2,2021-12-14,2021-12-13,False,5788.011359999991,0.024386941812507137
REDUCE_105_HALF,evaluation,STRESS,12,2022-01-10,2022-01-07,6855.2,-179.19999999999982,10.0,13.999999999999702,105.0,10,1,1,2022-01-24,2022-01-21,False,-98.19999999999952,-0.014324892052748209
REDUCE_105_HALF,evaluation,STRESS,13,2022-01-27,2022-01-26,6582.200000000001,-123.19999999999891,10.0,14.000000000000945,0.0,10,1,1,2022-02-17,2022-02-16,False,-147.19999999999985,-0.022363343562942454
REDUCE_105_HALF,evaluation,STRESS,14,2022-03-11,2022-03-10,6777.799999999999,-308.7999999999993,10.0,15.999999999999659,0.0,3,1,1,2022-03-16,2022-03-15,False,-334.79999999999893,-0.04939655935554294
REDUCE_105_HALF,evaluation,STRESS,15,2022-04-25,2022-04-22,6718.3,17.0,10.0,13.600000000000767,0.0,10,1,1,2022-05-12,2022-05-11,False,-6.600000000000767,-0.0009823913787715295
REDUCE_105_HALF,evaluation,STRESS,16,2022-05-13,2022-05-12,439522.13856,4839.8000000000175,352.99316000000005,1049.7000000000203,0.0,20,3,4,2022-06-13,2022-06-10,False,3437.106839999997,0.007820099463615053
REDUCE_105_HALF,evaluation,STRESS,17,2022-08-05,2022-08-04,253241.49211999998,-6329.799999999988,202.07736,594.9999999999887,0.0,21,2,4,2022-09-05,2022-09-02,False,-7126.877359999978,-0.028142613204248792
REDUCE_105_HALF,evaluation,STRESS,18,2022-09-21,2022-09-20,6777.8,-328.10000000000036,10.0,13.600000000000012,0.0,10,1,1,2022-10-12,2022-10-11,False,-351.7000000000004,-0.05188999380329906
REDUCE_105_HALF,evaluation,STRESS,19,2022-10-27,2022-10-26,6742.4,127.80000000000018,10.0,14.400000000000013,0.0,7,1,1,2022-11-07,2022-11-04,False,103.40000000000018,0.015335785476981518
REDUCE_105_HALF,evaluation,STRESS,20,2023-01-17,2023-01-16,202088.40303999998,-1071.399999999965,160.98271999999997,487.00000000003286,0.0,2,1,1,2023-01-19,2023-01-18,False,-1719.3827199999978,-0.00850807218096367
REDUCE_105_HALF,evaluation,STRESS,21,2023-04-03,2023-03-31,258812.48359999998,1850.1999999999825,207.45208,637.9999999999864,0.0,7,1,1,2023-04-13,2023-04-12,False,1004.7479199999962,0.003882146278356707
REDUCE_105_HALF,evaluation,STRESS,22,2023-05-29,2023-05-26,6570.400000000001,-30.600000000000364,10.0,13.599999999999257,0.0,10,1,1,2023-06-12,2023-06-09,False,-54.19999999999962,-0.008249117253135214
REDUCE_105_HALF,evaluation,STRESS,23,2023-08-23,2023-08-22,6488.8,170.0,10.0,13.600000000000012,0.0,9,1,1,2023-09-05,2023-09-04,False,146.39999999999998,0.022561952903464428
REDUCE_105_HALF,evaluation,STRESS,24,2023-10-18,2023-10-17,6670.400000000001,-34.19999999999982,10.0,14.400000000000812,0.0,10,1,1,2023-11-01,2023-10-31,False,-58.600000000000634,-0.008785080355001293
REDUCE_105_HALF,evaluation,STRESS,25,2023-11-29,2023-11-28,6826.0,-197.59999999999945,10.0,15.200000000000014,0.0,10,1,1,2023-12-13,2023-12-12,False,-222.79999999999947,-0.03263990624084376
REDUCE_105_HALF,evaluation,STRESS,26,2024-02-19,2024-02-08,244615.8072,3953.999999999971,196.96752,571.2000000000005,0.0,5,2,1,2024-02-26,2024-02-23,False,3185.83247999997,0.01302382097243293
REDUCE_105_HALF,evaluation,STRESS,27,2024-03-05,2024-03-04,262270.3662,6705.0,212.17600000000002,596.0000000000006,0.0,54,1,1,2024-05-27,2024-05-24,False,5896.823999999999,0.022483760119140744
REDUCE_105_HALF,evaluation,STRESS,28,2024-06-04,2024-06-03,139354.69104,3820.2000000000116,115.10948000000002,320.8000000000003,0.0,32,2,1,2024-07-19,2024-07-18,False,3384.2905200000114,0.024285443817808713
REDUCE_105_HALF,evaluation,STRESS,29,2024-08-02,2024-08-01,230101.60384,-3917.600000000006,182.22816,531.1999999999709,0.0,3,1,1,2024-08-07,2024-08-06,False,-4631.028159999976,-0.020126014259423147
REDUCE_105_HALF,evaluation,STRESS,30,2024-08-28,2024-08-27,267327.68832,-10114.499999999993,209.47740000000002,633.6000000000007,0.0,15,1,4,2024-09-20,2024-09-19,False,-10957.577399999993,-0.040989309670322716
REDUCE_105_HALF,evaluation,STRESS,31,2024-09-25,2024-09-24,256488.75447999997,85657.79999999999,239.10784,660.5999999999924,0.0,4,1,1,2024-10-08,2024-09-30,False,84758.09216,0.3304553929931034
REDUCE_105_HALF,evaluation,STRESS,32,2024-10-09,2024-10-08,117163.8468,-6688.5,90.909,272.9999999999942,0.0,10,1,1,2024-10-23,2024-10-22,False,-7052.408999999994,-0.060192706134329435
REDUCE_105_HALF,evaluation,STRESS,33,2025-01-08,2025-01-07,8527.800000000001,101.20000000000073,10.0,17.600000000000016,0.0,10,1,1,2025-01-22,2025-01-21,False,73.6000000000007,0.008630596402354734
REDUCE_105_HALF,evaluation,STRESS,34,2025-04-09,2025-04-08,333954.02820000006,13976.5,272.36060000000003,716.0000000000298,0.0,11,2,1,2025-04-24,2025-04-23,False,12988.139399999971,0.03889199800944329
REDUCE_105_HALF,evaluation,STRESS,35,2025-06-03,2025-05-30,348863.58964,18972.100000000035,286.24636000000004,804.4000000000083,1830.3999999999999,41,3,1,2025-07-30,2025-07-29,False,19711.853640000027,0.056503040802684854
REDUCE_105_HALF,evaluation,STRESS,36,2025-09-05,2025-09-04,366793.1586,14978.599999999977,298.97944,822.9999999999825,0.0,7,1,1,2025-09-16,2025-09-15,False,13856.620559999996,0.03777775085252093
REDUCE_105_HALF,evaluation,STRESS,37,2025-11-26,2025-11-25,9675.5,233.10000000000036,10.0,21.000000000001418,0.0,8,1,1,2025-12-08,2025-12-05,False,202.09999999999894,0.020887809415533972
REDUCE_105_HALF,evaluation,STRESS,38,2025-12-19,2025-12-18,307458.9344000001,1805.199999999997,246.32848000000004,656.0000000000442,6998.7,35,1,5,2026-02-10,2026-02-09,False,7901.571519999953,0.025699599640581956
REDUCE_105_HALF,evaluation,STRESS,39,2026-03-25,2026-03-24,9938.0,138.60000000000036,10.0,21.99999999999953,0.0,10,1,1,2026-04-09,2026-04-08,False,106.60000000000083,0.010726504326826408
REDUCE_105_HALF,evaluation,STRESS,40,2026-05-06,2026-04-30,376678.9113200001,-1777.899999999965,300.2022800000001,773.0000000000522,0.0,9,1,1,2026-05-19,2026-05-18,False,-2851.1022800000173,-0.0075690520342879515
REDUCE_105_HALF,evaluation,STRESS,41,2026-06-05,2026-06-04,385411.70304,3467.000000000058,309.27616,791.799999999979,0.0,12,1,3,2026-06-24,2026-06-23,False,2365.9238400000795,0.006138692264242251
REDUCE_105_HALF,evaluation,STRESS,42,2026-07-21,2026-07-20,335330.8454,-4905.899999999994,266.97572,713.9999999999866,0.0,10,2,2,2026-08-04,2026-08-03,False,-5886.875719999981,-0.017555425636367604
REDUCE_105_HALF,evaluation,STRESS,43,2026-08-07,2026-08-06,292198.8328,1922.0,234.1864,619.9999999999868,0.0,5,1,1,2026-08-14,2026-08-13,True,1067.8136000000131,0.0036544074792074707
REDUCE_105_HALF,earlier_diagnostic,BASE,1,2015-01-05,2014-12-31,205448.88156,40524.5,90.58092,279.49999999999955,941.5000000000001,88,2,5,2015-05-18,2015-05-15,False,41095.91908,0.20002989925257006
REDUCE_105_HALF,earlier_diagnostic,BASE,2,2015-06-03,2015-06-02,45924.283019999995,-6345.699999999997,17.08622,53.39999999999412,0.0,17,1,1,2015-06-29,2015-06-26,False,-6416.186219999991,-0.13971227851735316
REDUCE_105_HALF,earlier_diagnostic,BASE,3,2015-08-27,2015-08-26,6255.0,550.0,10.0,8.000000000000007,0.0,10,1,1,2015-09-14,2015-09-11,False,532.0,0.0850519584332534
REDUCE_105_HALF,earlier_diagnostic,BASE,4,2015-09-29,2015-09-28,219480.68736,29590.600000000006,93.63964000000001,265.9999999999966,0.0,61,2,4,2015-12-30,2015-12-29,False,29230.96036000001,0.1331823802431161
REDUCE_105_HALF,earlier_diagnostic,BASE,5,2016-01-13,2016-01-12,6903.5,-699.3000000000002,10.0,8.40000000000094,107.1,10,1,1,2016-01-27,2016-01-26,False,-610.600000000001,-0.08844788875208243
REDUCE_105_HALF,earlier_diagnostic,BASE,6,2016-05-03,2016-04-29,222122.11554,5872.399999999994,89.94932000000001,281.20000000002767,0.0,61,1,2,2016-07-29,2016-07-28,False,5501.250679999966,0.024766785003041695
REDUCE_105_HALF,earlier_diagnostic,BASE,7,2016-09-07,2016-09-06,269023.89402,-3550.5,106.81482000000001,315.6000000000353,0.0,17,1,1,2016-10-11,2016-10-10,False,-3972.9148200000354,-0.014767888311454884
REDUCE_105_HALF,earlier_diagnostic,BASE,8,2017-02-13,2017-02-10,265320.85355999996,1864.8000000000466,106.41792,310.8000000000003,0.0,11,1,1,2017-02-28,2017-02-27,False,1447.582080000046,0.005455967974536491
REDUCE_105_HALF,earlier_diagnostic,BASE,9,2017-05-10,2017-05-09,6707.0,162.0,10.0,8.000000000000007,0.0,5,1,1,2017-05-17,2017-05-16,False,144.0,0.021470105859549723
REDUCE_105_HALF,earlier_diagnostic,BASE,10,2017-05-18,2017-05-17,252744.83886000002,27312.599999999977,106.48080000000002,297.2000000000003,0.0,61,1,3,2017-08-15,2017-08-14,False,26908.919199999975,0.1064667406122794
REDUCE_105_HALF,earlier_diagnostic,BASE,11,2017-10-23,2017-10-20,293649.11808,7219.299999999988,118.80642,367.9999999999833,0.0,49,1,3,2017-12-29,2017-12-28,False,6732.493580000005,0.022927000850606487
REDUCE_105_HALF,earlier_diagnostic,BASE,12,2018-01-12,2018-01-11,240767.94396,5829.799999999988,97.38596000000001,339.5999999999626,2603.6,7,1,1,2018-01-23,2018-01-22,False,7996.414040000027,0.0332121208017979
REDUCE_105_HALF,earlier_diagnostic,BASE,13,2018-02-13,2018-02-12,232051.20096,9057.600000000035,94.55424000000001,296.00000000002,0.0,11,1,1,2018-03-07,2018-03-06,False,8667.045760000015,0.03734971301223304
REDUCE_105_HALF,earlier_diagnostic,BASE,14,2018-03-28,2018-03-27,8144.599999999999,86.09999999999945,10.0,8.399999999999075,0.0,10,1,1,2018-04-13,2018-04-12,False,67.70000000000039,0.008312255973282959
REDUCE_105_HALF,earlier_diagnostic,BASE,15,2018-04-19,2018-04-18,8292.4,24.19999999999891,10.0,8.79999999999903,0.0,10,1,1,2018-05-07,2018-05-04,False,5.399999999999878,0.0006511986879552214
REDUCE_105_HALF,earlier_diagnostic,BASE,16,2018-06-25,2018-06-22,8035.0,-435.60000000000036,10.0,8.800000000000008,0.0,3,1,1,2018-06-28,2018-06-27,False,-454.4000000000004,-0.05655258245177354
REDUCE_105_HALF,earlier_diagnostic,BASE,17,2018-10-09,2018-10-08,230774.74572,-3088.5999999999767,91.61772,280.0000000000003,0.0,9,2,1,2018-10-22,2018-10-19,False,-3460.2177199999774,-0.014993918460203936
REDUCE_105_HALF,earlier_diagnostic,BASE,18,2018-12-25,2018-12-24,7984.4,161.1999999999989,10.0,10.399999999998855,0.0,10,1,1,2019-01-10,2019-01-09,False,140.80000000000007,0.017634387054756784
REDUCE_105_HALF,earlier_diagnostic,BASE,19,2019-02-28,2019-02-27,308168.42136000004,9949.200000000012,125.16616000000002,332.00000000000034,0.0,5,2,1,2019-03-07,2019-03-06,False,9492.033840000011,0.03080144876009696
REDUCE_105_HALF,earlier_diagnostic,BASE,20,2019-04-30,2019-04-29,8174.0,-420.0,10.0,8.40000000000094,0.0,2,1,1,2019-05-07,2019-05-06,False,-438.40000000000094,-0.05363347198434071
REDUCE_105_HALF,earlier_diagnostic,BASE,21,2019-05-31,2019-05-30,302512.4904,12699.0,123.45420000000001,332.00000000000034,0.0,17,1,1,2019-06-26,2019-06-25,False,12243.5458,0.04047286042242704
REDUCE_105_HALF,earlier_diagnostic,BASE,22,2019-08-20,2019-08-19,320248.33686,4902.900000000023,128.98782,332.4000000000372,0.0,28,1,1,2019-09-30,2019-09-27,False,4441.512179999986,0.013868962516865906
REDUCE_105_HALF,earlier_diagnostic,BASE,23,2019-11-12,2019-11-11,338989.7844,-1368.0,135.22680000000003,342.0000000000003,0.0,20,1,1,2019-12-10,2019-12-09,False,-1845.2268000000001,-0.00544331093418047
REDUCE_105_HALF,earlier_diagnostic,BASE,24,2019-12-30,2019-12-27,336823.3512,5292.0,135.66000000000003,504.0000000000191,0.0,1,1,1,2019-12-31,2019-12-30,True,4652.339999999981,0.013812403396097976
REDUCE_105_HALF,earlier_diagnostic,STRESS,1,2015-01-05,2014-12-31,205604.60895999998,40524.5,180.42424,508.6999999999948,941.5000000000001,88,2,5,2015-05-18,2015-05-15,False,40776.87576,0.1983266618693994
REDUCE_105_HALF,earlier_diagnostic,STRESS,2,2015-06-03,2015-06-02,45960.17672,-6345.699999999997,34.176,97.90000000000107,0.0,17,1,1,2015-06-29,2015-06-26,False,-6477.775999999999,-0.1409432352591702
REDUCE_105_HALF,earlier_diagnostic,STRESS,3,2015-08-27,2015-08-26,6259.0,550.0,10.0,16.000000000000014,0.0,10,1,1,2015-09-14,2015-09-11,False,524.0,0.08371944400063908
REDUCE_105_HALF,earlier_diagnostic,STRESS,4,2015-09-29,2015-09-28,219001.16544,29524.800000000017,186.72864,530.4000000000004,0.0,61,2,4,2015-12-30,2015-12-29,False,28807.671360000015,0.1315411783408636
REDUCE_105_HALF,earlier_diagnostic,STRESS,5,2016-01-13,2016-01-12,6907.7,-699.3000000000002,10.0,14.700000000000246,107.1,10,1,1,2016-01-27,2016-01-26,False,-616.9000000000004,-0.08930613663013745
REDUCE_105_HALF,earlier_diagnostic,STRESS,6,2016-05-03,2016-04-29,221358.508,5860.0,179.13600000000002,560.0000000000005,0.0,61,1,2,2016-07-29,2016-07-28,False,5120.864,0.02313380247394873
REDUCE_105_HALF,earlier_diagnostic,STRESS,7,2016-09-07,2016-09-06,267870.6054,-3532.5,212.5466,628.0000000000006,0.0,17,1,1,2016-10-11,2016-10-10,False,-4373.046600000001,-0.01632522013182414
REDUCE_105_HALF,earlier_diagnostic,STRESS,8,2017-02-13,2017-02-10,263478.94944,1850.399999999965,211.19232,616.8000000000005,0.0,11,1,1,2017-02-28,2017-02-27,False,1022.4076799999644,0.0038804150470957807
REDUCE_105_HALF,earlier_diagnostic,STRESS,9,2017-05-10,2017-05-09,6711.0,162.0,10.0,16.000000000000014,0.0,5,1,1,2017-05-17,2017-05-16,False,136.0,0.020265236179406943
REDUCE_105_HALF,earlier_diagnostic,STRESS,10,2017-05-18,2017-05-17,250901.42044000002,27095.0,211.24304000000004,589.6000000000006,0.0,61,1,3,2017-08-15,2017-08-14,False,26294.156959999997,0.10479875687386919
REDUCE_105_HALF,earlier_diagnostic,STRESS,11,2017-10-23,2017-10-20,291060.27756,7156.6999999999825,235.35536000000002,656.0999999999924,0.0,49,1,3,2017-12-29,2017-12-28,False,6265.244639999991,0.02152559151156741
REDUCE_105_HALF,earlier_diagnostic,STRESS,12,2018-01-12,2018-01-11,238375.312,5768.0,192.7072,559.9999999999881,2576.0,7,1,1,2018-01-23,2018-01-22,False,7591.292800000012,0.0318459690154491
REDUCE_105_HALF,earlier_diagnostic,STRESS,13,2018-02-13,2018-02-12,229470.25140000004,8950.50000000003,186.87240000000003,526.5000000000199,0.0,11,1,1,2018-03-07,2018-03-06,False,8237.127600000009,0.03589627653146855
REDUCE_105_HALF,earlier_diagnostic,STRESS,14,2018-03-28,2018-03-27,8148.8,86.09999999999945,10.0,16.800000000000015,0.0,10,1,1,2018-04-13,2018-04-12,False,59.29999999999944,0.0072771451011191144
REDUCE_105_HALF,earlier_diagnostic,STRESS,15,2018-04-19,2018-04-18,7919.900000000001,23.099999999999454,10.0,16.79999999999908,0.0,10,1,1,2018-05-07,2018-05-04,False,-3.6999999999996263,-0.00046717761587894115
REDUCE_105_HALF,earlier_diagnostic,STRESS,16,2018-06-25,2018-06-22,8039.400000000001,-435.60000000000036,10.0,17.600000000000016,0.0,3,1,1,2018-06-28,2018-06-27,False,-463.2000000000004,-0.05761624001791183
REDUCE_105_HALF,earlier_diagnostic,STRESS,17,2018-10-09,2018-10-08,227673.0328,-3056.0,180.62240000000003,552.0000000000005,0.0,9,2,1,2018-10-22,2018-10-19,False,-3788.6224000000007,-0.016640628683187643
REDUCE_105_HALF,earlier_diagnostic,STRESS,18,2018-12-25,2018-12-24,7989.6,161.1999999999989,10.0,20.80000000000002,0.0,10,1,1,2019-01-10,2019-01-09,False,130.3999999999989,0.016321217582857577
REDUCE_105_HALF,earlier_diagnostic,STRESS,19,2019-02-28,2019-02-27,303936.22588,9806.5,246.7126,654.4000000000005,0.0,5,2,1,2019-03-07,2019-03-06,False,8905.3874,0.029300184189021358
REDUCE_105_HALF,earlier_diagnostic,STRESS,20,2019-04-30,2019-04-29,8178.2,-420.0,10.0,16.800000000000015,0.0,2,1,1,2019-05-07,2019-05-06,False,-446.8,-0.054633048837152434
REDUCE_105_HALF,earlier_diagnostic,STRESS,21,2019-05-31,2019-05-30,297997.35128,22712.600000000035,247.12616000000003,653.6000000000006,0.0,23,1,1,2019-07-04,2019-07-03,False,21811.873840000033,0.07319485809625695
REDUCE_105_HALF,earlier_diagnostic,STRESS,22,2019-08-20,2019-08-19,270729.2484,4141.799999999988,217.92888,561.6000000000005,0.0,28,1,1,2019-09-30,2019-09-27,False,3362.271119999988,0.012419312430669712
REDUCE_105_HALF,earlier_diagnostic,STRESS,23,2019-11-12,2019-11-11,342799.46496,-1382.399999999965,273.30048,691.2000000000006,0.0,20,1,1,2019-12-10,2019-12-09,False,-2346.9004799999657,-0.006846278130200165
REDUCE_105_HALF,earlier_diagnostic,STRESS,24,2019-12-30,2019-12-27,339867.59268,5336.099999999977,273.581,846.9999999999819,0.0,1,1,1,2019-12-31,2019-12-30,True,4215.518999999995,0.012403415597111925
