path,size_bytes,last_write_time_utc,sha256
data/raw/fundamentals/vip_checkpoints/balancesheet_vip/20150930.parquet,78891,2026-08-13T08:03:27.804189+00:00,784ff102d9d645966a33261b6d9d8cbf78ed5c52077a048ac67113fb90608ac3
data/raw/fundamentals/vip_checkpoints/balancesheet_vip/20151231.parquet,138732,2026-08-13T08:03:35.956512+00:00,3936e9faadf22efb77608f7a5c0288e67daf35222c563cd6b2779fcccc4191c5
data/raw/fundamentals/vip_checkpoints/balancesheet_vip/20160331.parquet,81835,2026-08-13T08:03:45.137283+00:00,92e54e9cd37c7bbe3ca8db8df51468b67e333d4825fdf2f7d9cdf161bde728b0
data/raw/fundamentals/vip_checkpoints/balancesheet_vip/20160630.parquet,119971,2026-08-13T08:03:53.826912+00:00,a7368e81297a7cf18eda0f354d2b6a7fb8e8a1923d7e80fa24ff4dbd80eebe03
data/raw/fundamentals/vip_checkpoints/balancesheet_vip/20160930.parquet,85586,2026-08-13T08:04:12.217212+00:00,b8e39c4104515fb7913da21d5bd4bd5f98cbd170f5cd10215ee6c010c0984522
data/raw/fundamentals/vip_checkpoints/balancesheet_vip/20161231.parquet,143898,2026-08-13T08:04:22.412345+00:00,35667185ae87dad27f5432c5815d02c9075fdd9e3307598f5d1ec9787e0ec38e
data/raw/fundamentals/vip_checkpoints/balancesheet_vip/20170331.parquet,91048,2026-08-13T08:04:32.132133+00:00,067e90c323ca0e507f34205e62d8916cf9bbcce4ca0846ecabd320b8f56b4a5d
data/raw/fundamentals/vip_checkpoints/balancesheet_vip/20170630.parquet,125516,2026-08-13T08:04:40.205806+00:00,91ab416e4c07fb04a553dac8947a19fa0ad029bb5cfd54fefe2e5b2d4cf4d452
data/raw/fundamentals/vip_checkpoints/balancesheet_vip/20170930.parquet,95158,2026-08-13T08:04:48.716123+00:00,4a2557bd6c9f10fe09a56b35862ada41ba76a4c14adafa0af657c8c01c0c376a
data/raw/fundamentals/vip_checkpoints/balancesheet_vip/20171231.parquet,149634,2026-08-13T08:04:58.752459+00:00,9a6ab67e0b892eed30138370cec99f26247935f61fee4bc64b7f4b1a36a2a96d
data/raw/fundamentals/vip_checkpoints/balancesheet_vip/20180331.parquet,98235,2026-08-13T08:05:16.206840+00:00,976cce2b88cbc01ca888237abec1a9331a71086e7e85ad3295b60ef70a82b5f6
data/raw/fundamentals/vip_checkpoints/balancesheet_vip/20180630.parquet,129732,2026-08-13T08:05:28.884374+00:00,21a4c9550c141bb26fe0ea9c0ac789463e5e6f5ef2b1c9addd0bee0f50989cce
data/raw/fundamentals/vip_checkpoints/balancesheet_vip/20180930.parquet,115738,2026-08-13T08:05:40.912299+00:00,d7788591836e96841e36b8ed6b098530373c19e98724561714306e1863f0c22b
data/raw/fundamentals/vip_checkpoints/balancesheet_vip/20181231.parquet,146750,2026-08-13T08:05:50.930107+00:00,a9f57124f15959b59ae08e2bd428b00e31bf5c6e4a6808d4c455b7dd261f384f
data/raw/fundamentals/vip_checkpoints/balancesheet_vip/20190331.parquet,118975,2026-08-13T08:05:59.947657+00:00,61b790954b69332b03e6118db511dbb8d2d7ea9fb9f2176072ff74eec8f61854
data/raw/fundamentals/vip_checkpoints/balancesheet_vip/20190630.parquet,111543,2026-08-13T08:06:08.105212+00:00,f6438e71ee166051f9b4d0ca2e3c16a5032c4fa8eef16b9e49d2fac9c0311b74
data/raw/fundamentals/vip_checkpoints/balancesheet_vip/20190930.parquet,102796,2026-08-13T08:06:17.965359+00:00,3a5429614a78386d3a54f31eb5cab775d04fc2047407de044fd121c40a5c934a
data/raw/fundamentals/vip_checkpoints/balancesheet_vip/20191231.parquet,151972,2026-08-13T08:06:33.200254+00:00,1ed99bc020e30e42971facf30c83f5af9ca69d8839013057b23f8418f03d3aed
data/raw/fundamentals/vip_checkpoints/balancesheet_vip/20200331.parquet,107003,2026-08-13T08:06:44.801270+00:00,17ffb5d3f61f11e276bd7c660295b2df76a955c00d0a404d932edb71bf337002
data/raw/fundamentals/vip_checkpoints/balancesheet_vip/20200630.parquet,138391,2026-08-13T08:06:54.143833+00:00,37b15a624c42a8d1e16c1f1126654889634c327c00a3628ca6893cc5abbfd62b
data/raw/fundamentals/vip_checkpoints/balancesheet_vip/20200930.parquet,113444,2026-08-13T08:07:10.596171+00:00,5b399d56a3e4cdd3bb05559aa2fdebafdafcf4315dfd5530c3354ab3e99c6f27
data/raw/fundamentals/vip_checkpoints/balancesheet_vip/20201231.parquet,139475,2026-08-13T08:07:19.089912+00:00,187e43c4268245f6ec676ff1c4c2df1191f3fdeac15481b70a956bfcf7835a46
data/raw/fundamentals/vip_checkpoints/balancesheet_vip/20210331.parquet,134492,2026-08-13T08:07:28.674061+00:00,af13e20b33eb143145c98eea9a7afc7b4fd5b2f3c0f3bc44d035ee4ef4890cfa
data/raw/fundamentals/vip_checkpoints/balancesheet_vip/20210630.parquet,128362,2026-08-13T08:07:38.218848+00:00,e4baecfa4fa2a5daae80487b7509e2f3c8ae7e72a48c088ddd4b335466ee5e4c
data/raw/fundamentals/vip_checkpoints/balancesheet_vip/20210930.parquet,138595,2026-08-13T08:07:50.567218+00:00,fb1dd2c7c9025cf96bd39c9e8a7bc1633de895ad058192a10c55217ccf786402
data/raw/fundamentals/vip_checkpoints/balancesheet_vip/20211231.parquet,155505,2026-08-13T08:08:07.163859+00:00,3f4a0bfcf7be89fbf5b64faf9a464ff15a9130c3e5f892c7c9206fdd619639bb
data/raw/fundamentals/vip_checkpoints/balancesheet_vip/20220331.parquet,134194,2026-08-13T08:08:26.645829+00:00,37b101eb6e15322deb44a6107a2503d14014fd98928eb02db2774d57f5f83108
data/raw/fundamentals/vip_checkpoints/balancesheet_vip/20220630.parquet,135945,2026-08-13T08:08:51.782042+00:00,5f0927151a478eea72f09d40004d0c99747b47a108a401c0a4605710e50dde65
data/raw/fundamentals/vip_checkpoints/balancesheet_vip/20220930.parquet,133668,2026-08-13T08:09:06.180914+00:00,0cc7accce4e43348d780157b1f241e35cf9deee1f9976255c6ff0acd2959af7c
data/raw/fundamentals/vip_checkpoints/balancesheet_vip/20221231.parquet,155344,2026-08-13T08:09:28.872660+00:00,f0fb0ec0596009b4e93d56425ba3b9b2fb376df786b39c4474a15fcc2a21e32d
data/raw/fundamentals/vip_checkpoints/balancesheet_vip/20230331.parquet,147848,2026-08-13T08:09:51.925361+00:00,9208be6e5fad34d71f6a4ca852790aa2777f9287198b66e80f75bb21d1b2d92b
data/raw/fundamentals/vip_checkpoints/balancesheet_vip/20230630.parquet,153896,2026-08-13T08:10:28.405642+00:00,201d1d42cb40cc998dd91e9a94e00d14e3c6742141c5c207b950304800926b9f
data/raw/fundamentals/vip_checkpoints/balancesheet_vip/20230930.parquet,144679,2026-08-13T08:10:47.170722+00:00,892f3da58650d86295a7f079e68594279fe40f6ec23818fee280d3d9af274088
data/raw/fundamentals/vip_checkpoints/balancesheet_vip/20231231.parquet,157103,2026-08-13T08:11:00.972119+00:00,3d160afaa6c28264f5b9b45e082b1c5252ce00fd911c2260e66141c1d6d05720
data/raw/fundamentals/vip_checkpoints/balancesheet_vip/20240331.parquet,144115,2026-08-13T08:11:11.239273+00:00,f93e73ebee1d3234aa600e5eb9a020b17458ef4f5c00bcb9764d8846bc117e16
data/raw/fundamentals/vip_checkpoints/balancesheet_vip/20240630.parquet,148359,2026-08-13T08:11:27.326291+00:00,ad05bbc5f48f407b19002f2fcbe41cee43cc03f78757cf4c1c167d0a3d2683d7
data/raw/fundamentals/vip_checkpoints/balancesheet_vip/20240930.parquet,143470,2026-08-13T08:11:36.375658+00:00,dbb7cea09c7839ff5a7a53d6b18e1293740f9d8dd5270773d81f6eb684d2ec43
data/raw/fundamentals/vip_checkpoints/balancesheet_vip/20241231.parquet,168383,2026-08-13T08:11:47.709812+00:00,f6e9842668513a1bbc0126f34ae19e672c8f36e78ed7f3c06766cec228aef500
data/raw/fundamentals/vip_checkpoints/balancesheet_vip/20250331.parquet,151645,2026-08-13T08:12:00.185929+00:00,34c85a75778957ede01caeec7927fdc45ee29626bbeb9ed909e7e9439b7660ba
data/raw/fundamentals/vip_checkpoints/balancesheet_vip/20250630.parquet,165837,2026-08-13T08:12:09.988786+00:00,58cd38b38957a0ec9db16b7046fe43da4f90dc8bd2c4fd4bb59fd4379d6bfcb7
data/raw/fundamentals/vip_checkpoints/balancesheet_vip/20250930.parquet,151867,2026-08-13T08:12:21.864978+00:00,d468801659941cfcb05fc0b2380e4d053e5a8663c1806c93ff492d8da85714e5
data/raw/fundamentals/vip_checkpoints/balancesheet_vip/20251231.parquet,163629,2026-08-13T08:12:31.318506+00:00,69ab0d6c5ca4479669bdbc9bc1815ac958ea81e127007f181df279ccbea11bdf
data/raw/fundamentals/vip_checkpoints/balancesheet_vip/20260331.parquet,155458,2026-08-13T08:12:41.734284+00:00,1a6494125ef6d59c511f0bcbacc4fcf980574aead6540c2e86d1d1f4e3558e55
data/raw/fundamentals/vip_checkpoints/balancesheet_vip/20260630.parquet,11782,2026-08-13T08:12:48.132718+00:00,40aaeb7e7677b1bd0a5c993c5fe64b2693fbbbfe2c6455e8d509f7ee61096d76
data/raw/fundamentals/vip_checkpoints/fina_indicator_vip/20150930.parquet,121321,2026-08-13T08:03:30.431978+00:00,0cb63164bfab415183084efdc62827d8580048fd88e01ea08a9afb4e0a475057
data/raw/fundamentals/vip_checkpoints/fina_indicator_vip/20151231.parquet,196996,2026-08-13T08:03:39.092237+00:00,e2e696b28ee29bb6ae5098084f815c05734d7ee3a999185e645e9eb85cf7cc29
data/raw/fundamentals/vip_checkpoints/fina_indicator_vip/20160331.parquet,127159,2026-08-13T08:03:48.485192+00:00,501026fe9cc6996030e59d3096d3593995a5bdc70908e6a23f9583999b9b60ff
data/raw/fundamentals/vip_checkpoints/fina_indicator_vip/20160630.parquet,171993,2026-08-13T08:03:56.731845+00:00,285f1080faac137e26fcf9a8b53edfc44c52b10ce8dbfca01a8b6a86d74e1342
data/raw/fundamentals/vip_checkpoints/fina_indicator_vip/20160930.parquet,137640,2026-08-13T08:04:15.048747+00:00,da9717e4469da9cad18f91050542b3869600a66ef2fa43e2c261b43fc93653c2
data/raw/fundamentals/vip_checkpoints/fina_indicator_vip/20161231.parquet,213198,2026-08-13T08:04:25.263113+00:00,6da766a06619cb51f6ae5c3c9027ac47f53cb8c4aff3b5084de04d68a5e2f5f2
data/raw/fundamentals/vip_checkpoints/fina_indicator_vip/20170331.parquet,142998,2026-08-13T08:04:34.918623+00:00,af282b7b1a0f63f6db89cd3ad88ba3b879b720fbe76e00df913b76492b6e133d
data/raw/fundamentals/vip_checkpoints/fina_indicator_vip/20170630.parquet,182283,2026-08-13T08:04:43.565407+00:00,0961b70e7cc09291e08fee5fb205a3a231c4a874a486e82eaafdb5e4090d1820
data/raw/fundamentals/vip_checkpoints/fina_indicator_vip/20170930.parquet,153707,2026-08-13T08:04:52.155736+00:00,bc1e52b73b4efef2f5fb7ab87052003fcd538f4548b11eb857c051894ba939dd
data/raw/fundamentals/vip_checkpoints/fina_indicator_vip/20171231.parquet,219470,2026-08-13T08:05:01.657581+00:00,63814bc1c4e74011a5276ca6c302308535e517d9393d6d3172fcba15cebbc397
data/raw/fundamentals/vip_checkpoints/fina_indicator_vip/20180331.parquet,147292,2026-08-13T08:05:20.677049+00:00,90b53d24587cd54d5f3ed5f19a9966afd9431b2a1c357831fb97649b613e262e
data/raw/fundamentals/vip_checkpoints/fina_indicator_vip/20180630.parquet,181946,2026-08-13T08:05:34.314895+00:00,4ac78a634085179806f829c594db9fc1661c7d4b961d317d4a56125ecf6ca1ca
data/raw/fundamentals/vip_checkpoints/fina_indicator_vip/20180930.parquet,156689,2026-08-13T08:05:44.702388+00:00,9b396af6d8767736946dba15135ca6623dd4091edecf6a15ced67993c759646b
data/raw/fundamentals/vip_checkpoints/fina_indicator_vip/20181231.parquet,230918,2026-08-13T08:05:53.783379+00:00,1d5f62ee95da98fc87b66ef20f84bc958e8d50e94dbb52826e8245234ead35ea
data/raw/fundamentals/vip_checkpoints/fina_indicator_vip/20190331.parquet,154388,2026-08-13T08:06:02.726412+00:00,b69c5e8b7125caa16fd72a6fb730b8c687d600a5ad8158978aaee385497d9d0d
data/raw/fundamentals/vip_checkpoints/fina_indicator_vip/20190630.parquet,191452,2026-08-13T08:06:12.637548+00:00,47a06571d0620c30aa3947befb1388fe0480d509b188385c8a405a0860753374
data/raw/fundamentals/vip_checkpoints/fina_indicator_vip/20190930.parquet,169967,2026-08-13T08:06:24.509781+00:00,a8f1c12ca71f6da2981f69d05c10298fbe26fc8762c0dbbb9a615de558440f49
data/raw/fundamentals/vip_checkpoints/fina_indicator_vip/20191231.parquet,238222,2026-08-13T08:06:37.104119+00:00,74fc00470756e2a62161d7e5e450f711947aa9d307e41a9a3bbcdb0fffce0ee3
data/raw/fundamentals/vip_checkpoints/fina_indicator_vip/20200331.parquet,169590,2026-08-13T08:06:47.669549+00:00,659c87482494f61f1d709cb1670b96472251ea2352e63661fb5cea207b926c8f
data/raw/fundamentals/vip_checkpoints/fina_indicator_vip/20200630.parquet,207682,2026-08-13T08:07:00.909875+00:00,0f0854030c1ba0c32b6d7970c7ea65df8381b9703fd9d141b638253419cbbf1e
data/raw/fundamentals/vip_checkpoints/fina_indicator_vip/20200930.parquet,190232,2026-08-13T08:07:13.467041+00:00,a47a816d37220c989b59af28f28c2a27fc2ac47258861889b4c4d894e37cafc1
data/raw/fundamentals/vip_checkpoints/fina_indicator_vip/20201231.parquet,250905,2026-08-13T08:07:22.928193+00:00,3e64a671b83c1358a4d50f4ab5b12512f73194e059dfc71f2d707bc8d71de22b
data/raw/fundamentals/vip_checkpoints/fina_indicator_vip/20210331.parquet,190733,2026-08-13T08:07:31.576081+00:00,74115558b8837324a974388ae25dd6809bf3993f850dd425146ef5ebecd2ef92
data/raw/fundamentals/vip_checkpoints/fina_indicator_vip/20210630.parquet,227960,2026-08-13T08:07:42.075144+00:00,0db48b4dd6ce59427820c8caf2ab1caf4d9c389da943979637fd6daa6b6a0ba7
data/raw/fundamentals/vip_checkpoints/fina_indicator_vip/20210930.parquet,209151,2026-08-13T08:07:56.368271+00:00,a0f9493e31ca7cd55554578217bfcdfbf338320ccddc7a2d3c527dbd59b56bc7
data/raw/fundamentals/vip_checkpoints/fina_indicator_vip/20211231.parquet,241608,2026-08-13T08:08:19.640825+00:00,c13d4e0727100705c2e8bc12ccb029a61a4e91570ceab2bab0ee3d714ffecde7
data/raw/fundamentals/vip_checkpoints/fina_indicator_vip/20220331.parquet,207172,2026-08-13T08:08:37.622228+00:00,46a6c3ca2c01d1ab190557468e13e39f1bbdd35950ae7eede121ad02a84d3e52
data/raw/fundamentals/vip_checkpoints/fina_indicator_vip/20220630.parquet,241518,2026-08-13T08:08:54.793083+00:00,c0ec49aafed6446e1ca9f4612f768ae04b004fce7ffb23590327e570e655aba0
data/raw/fundamentals/vip_checkpoints/fina_indicator_vip/20220930.parquet,219928,2026-08-13T08:09:16.726487+00:00,f7be93cd8e9ccc7e5231966f9d5a394f8e4806f2081fd753e2edd80a93568f5e
data/raw/fundamentals/vip_checkpoints/fina_indicator_vip/20221231.parquet,242880,2026-08-13T08:09:34.521803+00:00,e25894959ea41a7f98e1d063d4cc6a7cfb955a777fb5ccf52f5f17886768041c
data/raw/fundamentals/vip_checkpoints/fina_indicator_vip/20230331.parquet,210187,2026-08-13T08:09:57.206629+00:00,ba7eac4d794c6fcf7012dcdbc989f01a91bbd94fb58b29992f5c074dba0d5745
data/raw/fundamentals/vip_checkpoints/fina_indicator_vip/20230630.parquet,194320,2026-08-13T08:10:31.590073+00:00,78490d3df7b55b22c9a089e616978027c213bc2cef2cf64dc6ac8111fbd06f9e
data/raw/fundamentals/vip_checkpoints/fina_indicator_vip/20230930.parquet,191822,2026-08-13T08:10:51.323586+00:00,40b489f1657d735f78797e16493c1ab5fef591e22827244c152c846d8463d2dd
data/raw/fundamentals/vip_checkpoints/fina_indicator_vip/20231231.parquet,218660,2026-08-13T08:11:03.800450+00:00,6e11b5d168fe6e88fcbc7785077b0d8bfaca9e03c506769ad825953688629626
data/raw/fundamentals/vip_checkpoints/fina_indicator_vip/20240331.parquet,175086,2026-08-13T08:11:13.771499+00:00,3da13893e8d764b16ade82f563f84f611057e12f5b2b01185ea247f071786c16
data/raw/fundamentals/vip_checkpoints/fina_indicator_vip/20240630.parquet,196286,2026-08-13T08:11:31.108627+00:00,b8e80f49b2f73ef65cca99630725316c31225635345e6ff0b084e29cc110542e
data/raw/fundamentals/vip_checkpoints/fina_indicator_vip/20240930.parquet,188515,2026-08-13T08:11:39.194576+00:00,960b79cf8f0a071bb38edf9872df447b767dd73b897450f8bd25764db5c344bc
data/raw/fundamentals/vip_checkpoints/fina_indicator_vip/20241231.parquet,223657,2026-08-13T08:11:51.827956+00:00,502ed56e4a578c285efe991c5de34b5141ceb9aac54c9ae85ecfe5b1ef996843
data/raw/fundamentals/vip_checkpoints/fina_indicator_vip/20250331.parquet,193376,2026-08-13T08:12:04.305135+00:00,b8497e9a9a48349b2d7b6014133b1c1b159a17a7c06bb84fc0a90dc58f526da7
data/raw/fundamentals/vip_checkpoints/fina_indicator_vip/20250630.parquet,214456,2026-08-13T08:12:14.323393+00:00,0ac29f85f2a64432b9987738456417b99cd08479f965c375aaa87149a95fd4cb
data/raw/fundamentals/vip_checkpoints/fina_indicator_vip/20250930.parquet,188165,2026-08-13T08:12:25.668414+00:00,f816826bd2356a6d2fb3afab6e8f931adec1e98466fd45f19b9beaa1c6799831
data/raw/fundamentals/vip_checkpoints/fina_indicator_vip/20251231.parquet,208013,2026-08-13T08:12:34.036397+00:00,622eee26674fb7a0f4d595a3e9cdc748e6cc30e1ae392c35ab8921a1e90ec9b2
data/raw/fundamentals/vip_checkpoints/fina_indicator_vip/20260331.parquet,177965,2026-08-13T08:12:44.314600+00:00,2aa6f0cd84333aa9fbb18e5717508bdf4ca36612b7f7ce686929bd5a0c4fa851
data/raw/fundamentals/vip_checkpoints/fina_indicator_vip/20260630.parquet,14168,2026-08-13T08:12:50.047535+00:00,60d287dfe230edeac1607bc656f7781e872a0fd365688d3c18aff2376eede7ce
data/raw/fundamentals/vip_checkpoints/income_vip/20150930.parquet,88303,2026-08-13T08:03:23.598881+00:00,35da983db67155a029667bbc40f35b5a8e051212a272af9ce9e22dc0dd038866
data/raw/fundamentals/vip_checkpoints/income_vip/20151231.parquet,136157,2026-08-13T08:03:33.138059+00:00,10a386dc649d83ac844d9d79009a7b8e55226903a37e768e5162e9d50fb06826
data/raw/fundamentals/vip_checkpoints/income_vip/20160331.parquet,93097,2026-08-13T08:03:41.618584+00:00,4bc59b49dc20d3739f8e0acd575d61e64387c53b392be2ccfae8e141d68237b6
data/raw/fundamentals/vip_checkpoints/income_vip/20160630.parquet,113975,2026-08-13T08:03:51.078045+00:00,677ef47b35a43c4d52e79001d93023f965b9285c2ab12f123900e117b877789f
data/raw/fundamentals/vip_checkpoints/income_vip/20160930.parquet,98771,2026-08-13T08:04:04.564023+00:00,172d0c89b15909bc73a74168d6ceec3292916dc9072c41e54e70c5de521ae6a3
data/raw/fundamentals/vip_checkpoints/income_vip/20161231.parquet,145014,2026-08-13T08:04:18.762678+00:00,ca44f9f8d9f5376bfbd4a9ed18c6e5c07c25d5914c556ad29ce3637cf7338bda
data/raw/fundamentals/vip_checkpoints/income_vip/20170331.parquet,102015,2026-08-13T08:04:28.644373+00:00,a32265344053f3648d976c2843ce2f7ab1ea62042f3f3441cad5a43a3ef67d31
data/raw/fundamentals/vip_checkpoints/income_vip/20170630.parquet,115832,2026-08-13T08:04:37.378632+00:00,5fc3f23d36d36cc0eb16a916fc0d7e83f94b254fb5d805bd065d0767c201630d
data/raw/fundamentals/vip_checkpoints/income_vip/20170930.parquet,103409,2026-08-13T08:04:46.250914+00:00,3134f7e7051b292886ce105d6158fe97a7805db8d2a1f8520ad64ccad9052d5b
data/raw/fundamentals/vip_checkpoints/income_vip/20171231.parquet,153782,2026-08-13T08:04:54.926218+00:00,43b28afcf9e7f92fde41b38fcbe9722fed591e6a9c6525c557851b5a44b36bf1
data/raw/fundamentals/vip_checkpoints/income_vip/20180331.parquet,108106,2026-08-13T08:05:05.244988+00:00,53298efb77021a380b001f1a610858e8e0d19a7e93a85eb3163400262b69f1ed
data/raw/fundamentals/vip_checkpoints/income_vip/20180630.parquet,133430,2026-08-13T08:05:25.936621+00:00,b0aa7e9963758ffcb385b8ef95190c2f210bc2f0fdd1de33f9aafa05010378e4
data/raw/fundamentals/vip_checkpoints/income_vip/20180930.parquet,129303,2026-08-13T08:05:38.111047+00:00,a5a74273b548337ad2c155fa4cfffa2b39b96ef4ef397bfb98dc1ea3e5209132
data/raw/fundamentals/vip_checkpoints/income_vip/20181231.parquet,179480,2026-08-13T08:05:47.476535+00:00,0de8338e9ae492359accc6620fce2403b2662b06a1d8c89cee70646e9e5d2f5c
data/raw/fundamentals/vip_checkpoints/income_vip/20190331.parquet,113804,2026-08-13T08:05:57.203181+00:00,11d778daaed25c1a130a488d87b7dcf1ebc46c5efd4569a85b2344f0a5e26540
data/raw/fundamentals/vip_checkpoints/income_vip/20190630.parquet,140277,2026-08-13T08:06:05.595834+00:00,a57413d09b0e277876c1534d2d85d388c5cc238e429bed45b8ef963feb12ed6b
data/raw/fundamentals/vip_checkpoints/income_vip/20190930.parquet,140140,2026-08-13T08:06:15.467256+00:00,fff14ff89bf99fd38ef55571f684d3e7705a6f61249dfa3cb030f5e206642245
data/raw/fundamentals/vip_checkpoints/income_vip/20191231.parquet,171598,2026-08-13T08:06:30.411506+00:00,665b302c90eabc6633e7ef3ac383a28bd2812cba4ce1f341d6f8eeb08170903b
data/raw/fundamentals/vip_checkpoints/income_vip/20200331.parquet,146379,2026-08-13T08:06:39.864551+00:00,e83f5574aee0320b382ec4f5248a3b5a64419d7903aadf854ffe5f0c2c0a7c7b
data/raw/fundamentals/vip_checkpoints/income_vip/20200630.parquet,164069,2026-08-13T08:06:51.209314+00:00,7a2b78094d364ee08eb3d3fe501d94ce48dfa8adebdc0dec0c85b1973aebe694
data/raw/fundamentals/vip_checkpoints/income_vip/20200930.parquet,157246,2026-08-13T08:07:07.094801+00:00,dca36a9e964cc5012acfe956c24eab3dcb1ceed8aa1904568c9e1293d3265529
data/raw/fundamentals/vip_checkpoints/income_vip/20201231.parquet,164115,2026-08-13T08:07:16.294791+00:00,0ba8164d4ebcae5fbc1dda27153fa25fe7c9d701397578eaccd8787249099c95
data/raw/fundamentals/vip_checkpoints/income_vip/20210331.parquet,139271,2026-08-13T08:07:25.999595+00:00,698e9bbcbe29e8fbe8621cae513bfcf52fdf89b342ba03f343c3bce7ed34bc4d
data/raw/fundamentals/vip_checkpoints/income_vip/20210630.parquet,137330,2026-08-13T08:07:35.294442+00:00,848409f4653461de8c36e48f658f24be35c8dbf365a4f1122076e86e8b4470ec
data/raw/fundamentals/vip_checkpoints/income_vip/20210930.parquet,156235,2026-08-13T08:07:46.082483+00:00,f666b9f9c4ab0cd800a5e33580d966d0e7bb614b303777360f1e82675a115f3b
data/raw/fundamentals/vip_checkpoints/income_vip/20211231.parquet,173331,2026-08-13T08:08:01.798641+00:00,70df73a87b78931891d26a396ed9cff9c550b05c879c37dc35b1f2d3a96ffead
data/raw/fundamentals/vip_checkpoints/income_vip/20220331.parquet,154534,2026-08-13T08:08:23.183051+00:00,e9efcaeee8530f9fe25920be8291f0f9ce679fb2655e3aef7ee613aefe6ea0ec
data/raw/fundamentals/vip_checkpoints/income_vip/20220630.parquet,142359,2026-08-13T08:08:45.225606+00:00,90c071a30cd63eec856ee8798b113d7a328964fea33469185bcef5a467373747
data/raw/fundamentals/vip_checkpoints/income_vip/20220930.parquet,142786,2026-08-13T08:08:59.240824+00:00,45451dc38dc7aa9ea16a248235a0d1c57b67ba420b5235b27e501f77b55c61e4
data/raw/fundamentals/vip_checkpoints/income_vip/20221231.parquet,180021,2026-08-13T08:09:24.033578+00:00,9f5caeb14199178368a2e31d50c63b4753435e36ab173088aebb26408a51d544
data/raw/fundamentals/vip_checkpoints/income_vip/20230331.parquet,148034,2026-08-13T08:09:48.303178+00:00,587ac43b9db25ff9495fc0775669c5a793b8a55bb217952647310dc8bf48f4e9
data/raw/fundamentals/vip_checkpoints/income_vip/20230630.parquet,178224,2026-08-13T08:10:25.176215+00:00,d7890145cc4eb5a005e1ac1113ed4d1dc2c44b97d5ee4920666de6b246bd9b61
data/raw/fundamentals/vip_checkpoints/income_vip/20230930.parquet,156428,2026-08-13T08:10:37.111898+00:00,943555e9414059b92a9965eb9ca8e02efea5437190980515f78bfde7b8d1692a
data/raw/fundamentals/vip_checkpoints/income_vip/20231231.parquet,178759,2026-08-13T08:10:55.850761+00:00,f822c8fb012f7d3c42f0718f948ae9dbecbd0c2b49f00d7b560e0872e99fd630
data/raw/fundamentals/vip_checkpoints/income_vip/20240331.parquet,148852,2026-08-13T08:11:08.532755+00:00,82771199587c63ed748aa7e79134d8a2eb05d7e3ae695c0dbbb4a17c7bcf50b7
data/raw/fundamentals/vip_checkpoints/income_vip/20240630.parquet,150983,2026-08-13T08:11:16.572235+00:00,f7a85bf1e75c78dc0582c498521f0ae874a15ec33b9a92275c77a7b3a7d6c545
data/raw/fundamentals/vip_checkpoints/income_vip/20240930.parquet,149482,2026-08-13T08:11:33.885506+00:00,d43c611ab15ad716932fb241ca7aec8b0f106458e62d8649239a1dcce8527940
data/raw/fundamentals/vip_checkpoints/income_vip/20241231.parquet,176112,2026-08-13T08:11:44.995684+00:00,89990c8f1b1428330e13e116b753bcfe6da3ea41db69a3d9ccc845c751ba75bb
data/raw/fundamentals/vip_checkpoints/income_vip/20250331.parquet,159779,2026-08-13T08:11:56.516187+00:00,d723a9380be853a710d2c9be63232fa1265dccfba146680c611d60c04088f6a1
data/raw/fundamentals/vip_checkpoints/income_vip/20250630.parquet,174434,2026-08-13T08:12:07.102861+00:00,79e7fb5e518d9852e20ba76b246bcf7ebaeb5b624a2593bc01b6cde25a72373a
data/raw/fundamentals/vip_checkpoints/income_vip/20250930.parquet,159040,2026-08-13T08:12:18.181809+00:00,52516ee6b9f507a3c4a75d1e65d7bc4f48961e7e60a09e7f40811402e51f8477
data/raw/fundamentals/vip_checkpoints/income_vip/20251231.parquet,171941,2026-08-13T08:12:28.413326+00:00,26e6beb323025aeb6e818ddf1df02deedea5cd39dce9f454dcc0b95f41e52642
data/raw/fundamentals/vip_checkpoints/income_vip/20260331.parquet,160097,2026-08-13T08:12:38.917316+00:00,76d1575c4e97663a38fbb72b5a0abaa05f88115cc75b265cb4ba6c7a538ec800
data/raw/fundamentals/vip_checkpoints/income_vip/20260630.parquet,10640,2026-08-13T08:12:46.214745+00:00,564ce4ab5d2a1bb42a6cb37e9477d20fc85b2377aa118ee076969d35cdf14700
data/raw/fundamentals/vip_checkpoints_normalized_2012_2015/overlap_validation/balancesheet_vip/20150930.parquet,78891,2026-08-18T18:43:51.469813+00:00,784ff102d9d645966a33261b6d9d8cbf78ed5c52077a048ac67113fb90608ac3
data/raw/fundamentals/vip_checkpoints_normalized_2012_2015/overlap_validation/fina_indicator_vip/20150930.parquet,121321,2026-08-18T19:03:03.024443+00:00,0cb63164bfab415183084efdc62827d8580048fd88e01ea08a9afb4e0a475057
data/raw/fundamentals/vip_checkpoints_normalized_2012_2015/overlap_validation/income_vip/20150930.parquet,88303,2026-08-18T18:12:37.833843+00:00,35da983db67155a029667bbc40f35b5a8e051212a272af9ce9e22dc0dd038866
data/raw/fundamentals/vip_checkpoints_normalized_2012_2015/single_security_fallback/income_vip/20120930/002797_SZ.parquet,3593,2026-08-18T17:51:10.071188+00:00,98fa4b7971a82e245be783cf998861159cb12cc7e9b18966b916926df6c3eee2
data/raw/fundamentals/vip_checkpoints_normalized_2012_2015/single_security_fallback/income_vip/20120930/002939_SZ.parquet,3593,2026-08-18T17:57:01.084234+00:00,98fa4b7971a82e245be783cf998861159cb12cc7e9b18966b916926df6c3eee2
data/raw/fundamentals/vip_checkpoints_normalized_2012_2015/single_security_fallback/income_vip/20130331/000166_SZ.parquet,3593,2026-08-18T17:49:26.195112+00:00,98fa4b7971a82e245be783cf998861159cb12cc7e9b18966b916926df6c3eee2
data/raw/fundamentals/vip_checkpoints_normalized_2012_2015/single_security_fallback/income_vip/20130331/001979_SZ.parquet,3593,2026-08-18T17:50:08.928175+00:00,98fa4b7971a82e245be783cf998861159cb12cc7e9b18966b916926df6c3eee2
data/raw/fundamentals/vip_checkpoints_normalized_2012_2015/single_security_fallback/income_vip/20130331/002739_SZ.parquet,3593,2026-08-18T17:50:22.288634+00:00,98fa4b7971a82e245be783cf998861159cb12cc7e9b18966b916926df6c3eee2
data/raw/fundamentals/vip_checkpoints_normalized_2012_2015/single_security_fallback/income_vip/20130331/002773_SZ.parquet,3593,2026-08-18T17:51:01.335695+00:00,98fa4b7971a82e245be783cf998861159cb12cc7e9b18966b916926df6c3eee2
data/raw/fundamentals/vip_checkpoints_normalized_2012_2015/single_security_fallback/income_vip/20130331/002797_SZ.parquet,3593,2026-08-18T17:51:12.131197+00:00,98fa4b7971a82e245be783cf998861159cb12cc7e9b18966b916926df6c3eee2
data/raw/fundamentals/vip_checkpoints_normalized_2012_2015/single_security_fallback/income_vip/20130331/002812_SZ.parquet,3593,2026-08-18T17:51:20.433624+00:00,98fa4b7971a82e245be783cf998861159cb12cc7e9b18966b916926df6c3eee2
data/raw/fundamentals/vip_checkpoints_normalized_2012_2015/single_security_fallback/income_vip/20130331/002821_SZ.parquet,3593,2026-08-18T17:53:03.975440+00:00,98fa4b7971a82e245be783cf998861159cb12cc7e9b18966b916926df6c3eee2
data/raw/fundamentals/vip_checkpoints_normalized_2012_2015/single_security_fallback/income_vip/20130331/002839_SZ.parquet,3593,2026-08-18T17:54:33.783114+00:00,98fa4b7971a82e245be783cf998861159cb12cc7e9b18966b916926df6c3eee2
data/raw/fundamentals/vip_checkpoints_normalized_2012_2015/single_security_fallback/income_vip/20130331/002841_SZ.parquet,3593,2026-08-18T17:54:50.686856+00:00,98fa4b7971a82e245be783cf998861159cb12cc7e9b18966b916926df6c3eee2
data/raw/fundamentals/vip_checkpoints_normalized_2012_2015/single_security_fallback/income_vip/20130331/002916_SZ.parquet,3593,2026-08-18T17:55:38.530123+00:00,98fa4b7971a82e245be783cf998861159cb12cc7e9b18966b916926df6c3eee2
data/raw/fundamentals/vip_checkpoints_normalized_2012_2015/single_security_fallback/income_vip/20130331/002925_SZ.parquet,3593,2026-08-18T17:56:28.166331+00:00,98fa4b7971a82e245be783cf998861159cb12cc7e9b18966b916926df6c3eee2
data/raw/fundamentals/vip_checkpoints_normalized_2012_2015/single_security_fallback/income_vip/20130630/001979_SZ.parquet,3593,2026-08-18T17:50:12.925837+00:00,98fa4b7971a82e245be783cf998861159cb12cc7e9b18966b916926df6c3eee2
data/raw/fundamentals/vip_checkpoints_normalized_2012_2015/single_security_fallback/income_vip/20130630/002739_SZ.parquet,3593,2026-08-18T17:50:56.975631+00:00,98fa4b7971a82e245be783cf998861159cb12cc7e9b18966b916926df6c3eee2
data/raw/fundamentals/vip_checkpoints_normalized_2012_2015/single_security_fallback/income_vip/20130630/002773_SZ.parquet,3593,2026-08-18T17:51:03.523578+00:00,98fa4b7971a82e245be783cf998861159cb12cc7e9b18966b916926df6c3eee2
data/raw/fundamentals/vip_checkpoints_normalized_2012_2015/single_security_fallback/income_vip/20130630/002812_SZ.parquet,3593,2026-08-18T17:52:18.299710+00:00,98fa4b7971a82e245be783cf998861159cb12cc7e9b18966b916926df6c3eee2
data/raw/fundamentals/vip_checkpoints_normalized_2012_2015/single_security_fallback/income_vip/20130630/002821_SZ.parquet,3593,2026-08-18T17:53:38.317810+00:00,98fa4b7971a82e245be783cf998861159cb12cc7e9b18966b916926df6c3eee2
data/raw/fundamentals/vip_checkpoints_normalized_2012_2015/single_security_fallback/income_vip/20130630/002839_SZ.parquet,3593,2026-08-18T17:54:35.800987+00:00,98fa4b7971a82e245be783cf998861159cb12cc7e9b18966b916926df6c3eee2
data/raw/fundamentals/vip_checkpoints_normalized_2012_2015/single_security_fallback/income_vip/20130630/002841_SZ.parquet,3593,2026-08-18T17:54:52.801976+00:00,98fa4b7971a82e245be783cf998861159cb12cc7e9b18966b916926df6c3eee2
data/raw/fundamentals/vip_checkpoints_normalized_2012_2015/single_security_fallback/income_vip/20130630/002916_SZ.parquet,3593,2026-08-18T17:55:40.733579+00:00,98fa4b7971a82e245be783cf998861159cb12cc7e9b18966b916926df6c3eee2
data/raw/fundamentals/vip_checkpoints_normalized_2012_2015/single_security_fallback/income_vip/20130630/002925_SZ.parquet,3593,2026-08-18T17:56:30.333105+00:00,98fa4b7971a82e245be783cf998861159cb12cc7e9b18966b916926df6c3eee2
data/raw/fundamentals/vip_checkpoints_normalized_2012_2015/single_security_fallback/income_vip/20130930/001979_SZ.parquet,3593,2026-08-18T17:50:15.326807+00:00,98fa4b7971a82e245be783cf998861159cb12cc7e9b18966b916926df6c3eee2
data/raw/fundamentals/vip_checkpoints_normalized_2012_2015/single_security_fallback/income_vip/20130930/002739_SZ.parquet,3593,2026-08-18T17:50:59.037032+00:00,98fa4b7971a82e245be783cf998861159cb12cc7e9b18966b916926df6c3eee2
data/raw/fundamentals/vip_checkpoints_normalized_2012_2015/single_security_fallback/income_vip/20130930/002773_SZ.parquet,3593,2026-08-18T17:51:06.031151+00:00,98fa4b7971a82e245be783cf998861159cb12cc7e9b18966b916926df6c3eee2
data/raw/fundamentals/vip_checkpoints_normalized_2012_2015/single_security_fallback/income_vip/20130930/002797_SZ.parquet,3593,2026-08-18T17:51:14.166084+00:00,98fa4b7971a82e245be783cf998861159cb12cc7e9b18966b916926df6c3eee2
data/raw/fundamentals/vip_checkpoints_normalized_2012_2015/single_security_fallback/income_vip/20130930/002812_SZ.parquet,3593,2026-08-18T17:52:20.599426+00:00,98fa4b7971a82e245be783cf998861159cb12cc7e9b18966b916926df6c3eee2
data/raw/fundamentals/vip_checkpoints_normalized_2012_2015/single_security_fallback/income_vip/20130930/002821_SZ.parquet,3593,2026-08-18T17:54:13.090546+00:00,98fa4b7971a82e245be783cf998861159cb12cc7e9b18966b916926df6c3eee2
data/raw/fundamentals/vip_checkpoints_normalized_2012_2015/single_security_fallback/income_vip/20130930/002839_SZ.parquet,3593,2026-08-18T17:54:37.836600+00:00,98fa4b7971a82e245be783cf998861159cb12cc7e9b18966b916926df6c3eee2
data/raw/fundamentals/vip_checkpoints_normalized_2012_2015/single_security_fallback/income_vip/20130930/002841_SZ.parquet,3593,2026-08-18T17:54:54.913754+00:00,98fa4b7971a82e245be783cf998861159cb12cc7e9b18966b916926df6c3eee2
data/raw/fundamentals/vip_checkpoints_normalized_2012_2015/single_security_fallback/income_vip/20130930/002925_SZ.parquet,3593,2026-08-18T17:56:41.319071+00:00,98fa4b7971a82e245be783cf998861159cb12cc7e9b18966b916926df6c3eee2
data/raw/fundamentals/vip_checkpoints_normalized_2012_2015/single_security_fallback/income_vip/20140331/001979_SZ.parquet,3593,2026-08-18T17:50:17.692406+00:00,98fa4b7971a82e245be783cf998861159cb12cc7e9b18966b916926df6c3eee2
data/raw/fundamentals/vip_checkpoints_normalized_2012_2015/single_security_fallback/income_vip/20140331/002773_SZ.parquet,3593,2026-08-18T17:51:08.022806+00:00,98fa4b7971a82e245be783cf998861159cb12cc7e9b18966b916926df6c3eee2
data/raw/fundamentals/vip_checkpoints_normalized_2012_2015/single_security_fallback/income_vip/20140331/002797_SZ.parquet,3593,2026-08-18T17:51:16.193974+00:00,98fa4b7971a82e245be783cf998861159cb12cc7e9b18966b916926df6c3eee2
data/raw/fundamentals/vip_checkpoints_normalized_2012_2015/single_security_fallback/income_vip/20140331/002812_SZ.parquet,3593,2026-08-18T17:52:54.857601+00:00,98fa4b7971a82e245be783cf998861159cb12cc7e9b18966b916926df6c3eee2
data/raw/fundamentals/vip_checkpoints_normalized_2012_2015/single_security_fallback/income_vip/20140331/002821_SZ.parquet,3593,2026-08-18T17:54:15.214975+00:00,98fa4b7971a82e245be783cf998861159cb12cc7e9b18966b916926df6c3eee2
data/raw/fundamentals/vip_checkpoints_normalized_2012_2015/single_security_fallback/income_vip/20140331/002831_SZ.parquet,3593,2026-08-18T17:54:25.654831+00:00,98fa4b7971a82e245be783cf998861159cb12cc7e9b18966b916926df6c3eee2
data/raw/fundamentals/vip_checkpoints_normalized_2012_2015/single_security_fallback/income_vip/20140331/002839_SZ.parquet,3593,2026-08-18T17:54:39.907558+00:00,98fa4b7971a82e245be783cf998861159cb12cc7e9b18966b916926df6c3eee2
data/raw/fundamentals/vip_checkpoints_normalized_2012_2015/single_security_fallback/income_vip/20140331/002841_SZ.parquet,3593,2026-08-18T17:54:57.035770+00:00,98fa4b7971a82e245be783cf998861159cb12cc7e9b18966b916926df6c3eee2
data/raw/fundamentals/vip_checkpoints_normalized_2012_2015/single_security_fallback/income_vip/20140331/002916_SZ.parquet,3593,2026-08-18T17:55:43.513093+00:00,98fa4b7971a82e245be783cf998861159cb12cc7e9b18966b916926df6c3eee2
data/raw/fundamentals/vip_checkpoints_normalized_2012_2015/single_security_fallback/income_vip/20140331/002925_SZ.parquet,3593,2026-08-18T17:56:43.410893+00:00,98fa4b7971a82e245be783cf998861159cb12cc7e9b18966b916926df6c3eee2
data/raw/fundamentals/vip_checkpoints_normalized_2012_2015/single_security_fallback/income_vip/20140630/001965_SZ.parquet,3593,2026-08-18T17:49:28.231586+00:00,98fa4b7971a82e245be783cf998861159cb12cc7e9b18966b916926df6c3eee2
data/raw/fundamentals/vip_checkpoints_normalized_2012_2015/single_security_fallback/income_vip/20140630/001979_SZ.parquet,3593,2026-08-18T17:50:19.971771+00:00,98fa4b7971a82e245be783cf998861159cb12cc7e9b18966b916926df6c3eee2
data/raw/fundamentals/vip_checkpoints_normalized_2012_2015/single_security_fallback/income_vip/20140630/002812_SZ.parquet,3593,2026-08-18T17:52:57.718482+00:00,98fa4b7971a82e245be783cf998861159cb12cc7e9b18966b916926df6c3eee2
data/raw/fundamentals/vip_checkpoints_normalized_2012_2015/single_security_fallback/income_vip/20140630/002821_SZ.parquet,3593,2026-08-18T17:54:17.279993+00:00,98fa4b7971a82e245be783cf998861159cb12cc7e9b18966b916926df6c3eee2
data/raw/fundamentals/vip_checkpoints_normalized_2012_2015/single_security_fallback/income_vip/20140630/002839_SZ.parquet,3593,2026-08-18T17:54:42.028188+00:00,98fa4b7971a82e245be783cf998861159cb12cc7e9b18966b916926df6c3eee2
data/raw/fundamentals/vip_checkpoints_normalized_2012_2015/single_security_fallback/income_vip/20140630/002916_SZ.parquet,3593,2026-08-18T17:55:45.552785+00:00,98fa4b7971a82e245be783cf998861159cb12cc7e9b18966b916926df6c3eee2
data/raw/fundamentals/vip_checkpoints_normalized_2012_2015/single_security_fallback/income_vip/20140630/002925_SZ.parquet,3593,2026-08-18T17:56:45.495339+00:00,98fa4b7971a82e245be783cf998861159cb12cc7e9b18966b916926df6c3eee2
data/raw/fundamentals/vip_checkpoints_normalized_2012_2015/single_security_fallback/income_vip/20140930/001965_SZ.parquet,3593,2026-08-18T17:50:02.686980+00:00,98fa4b7971a82e245be783cf998861159cb12cc7e9b18966b916926df6c3eee2
data/raw/fundamentals/vip_checkpoints_normalized_2012_2015/single_security_fallback/income_vip/20140930/002797_SZ.parquet,3593,2026-08-18T17:51:18.288019+00:00,98fa4b7971a82e245be783cf998861159cb12cc7e9b18966b916926df6c3eee2
data/raw/fundamentals/vip_checkpoints_normalized_2012_2015/single_security_fallback/income_vip/20140930/002812_SZ.parquet,3593,2026-08-18T17:52:59.952177+00:00,98fa4b7971a82e245be783cf998861159cb12cc7e9b18966b916926df6c3eee2
data/raw/fundamentals/vip_checkpoints_normalized_2012_2015/single_security_fallback/income_vip/20140930/002821_SZ.parquet,3593,2026-08-18T17:54:19.283184+00:00,98fa4b7971a82e245be783cf998861159cb12cc7e9b18966b916926df6c3eee2
data/raw/fundamentals/vip_checkpoints_normalized_2012_2015/single_security_fallback/income_vip/20140930/002831_SZ.parquet,3593,2026-08-18T17:54:27.660612+00:00,98fa4b7971a82e245be783cf998861159cb12cc7e9b18966b916926df6c3eee2
data/raw/fundamentals/vip_checkpoints_normalized_2012_2015/single_security_fallback/income_vip/20140930/002839_SZ.parquet,3593,2026-08-18T17:54:44.233259+00:00,98fa4b7971a82e245be783cf998861159cb12cc7e9b18966b916926df6c3eee2
data/raw/fundamentals/vip_checkpoints_normalized_2012_2015/single_security_fallback/income_vip/20140930/002841_SZ.parquet,3593,2026-08-18T17:54:59.256043+00:00,98fa4b7971a82e245be783cf998861159cb12cc7e9b18966b916926df6c3eee2
data/raw/fundamentals/vip_checkpoints_normalized_2012_2015/single_security_fallback/income_vip/20140930/002916_SZ.parquet,3593,2026-08-18T17:56:20.571892+00:00,98fa4b7971a82e245be783cf998861159cb12cc7e9b18966b916926df6c3eee2
data/raw/fundamentals/vip_checkpoints_normalized_2012_2015/single_security_fallback/income_vip/20140930/002925_SZ.parquet,3593,2026-08-18T17:56:47.630418+00:00,98fa4b7971a82e245be783cf998861159cb12cc7e9b18966b916926df6c3eee2
data/raw/fundamentals/vip_checkpoints_normalized_2012_2015/single_security_fallback/income_vip/20140930/002939_SZ.parquet,3593,2026-08-18T17:57:03.492356+00:00,98fa4b7971a82e245be783cf998861159cb12cc7e9b18966b916926df6c3eee2
data/raw/fundamentals/vip_checkpoints_normalized_2012_2015/single_security_fallback/income_vip/20150331/001965_SZ.parquet,3593,2026-08-18T17:50:04.878461+00:00,98fa4b7971a82e245be783cf998861159cb12cc7e9b18966b916926df6c3eee2
data/raw/fundamentals/vip_checkpoints_normalized_2012_2015/single_security_fallback/income_vip/20150331/002812_SZ.parquet,3593,2026-08-18T17:53:01.973559+00:00,98fa4b7971a82e245be783cf998861159cb12cc7e9b18966b916926df6c3eee2
data/raw/fundamentals/vip_checkpoints_normalized_2012_2015/single_security_fallback/income_vip/20150331/002821_SZ.parquet,3593,2026-08-18T17:54:21.323686+00:00,98fa4b7971a82e245be783cf998861159cb12cc7e9b18966b916926df6c3eee2
data/raw/fundamentals/vip_checkpoints_normalized_2012_2015/single_security_fallback/income_vip/20150331/002831_SZ.parquet,3593,2026-08-18T17:54:29.709972+00:00,98fa4b7971a82e245be783cf998861159cb12cc7e9b18966b916926df6c3eee2
data/raw/fundamentals/vip_checkpoints_normalized_2012_2015/single_security_fallback/income_vip/20150331/002839_SZ.parquet,3593,2026-08-18T17:54:46.446791+00:00,98fa4b7971a82e245be783cf998861159cb12cc7e9b18966b916926df6c3eee2
data/raw/fundamentals/vip_checkpoints_normalized_2012_2015/single_security_fallback/income_vip/20150331/002841_SZ.parquet,3593,2026-08-18T17:55:01.702126+00:00,98fa4b7971a82e245be783cf998861159cb12cc7e9b18966b916926df6c3eee2
data/raw/fundamentals/vip_checkpoints_normalized_2012_2015/single_security_fallback/income_vip/20150331/002916_SZ.parquet,3593,2026-08-18T17:56:22.954777+00:00,98fa4b7971a82e245be783cf998861159cb12cc7e9b18966b916926df6c3eee2
data/raw/fundamentals/vip_checkpoints_normalized_2012_2015/single_security_fallback/income_vip/20150331/002925_SZ.parquet,3593,2026-08-18T17:56:50.100356+00:00,98fa4b7971a82e245be783cf998861159cb12cc7e9b18966b916926df6c3eee2
data/raw/fundamentals/vip_checkpoints_normalized_2012_2015/single_security_fallback/income_vip/20150331/002938_SZ.parquet,3593,2026-08-18T17:56:55.935991+00:00,98fa4b7971a82e245be783cf998861159cb12cc7e9b18966b916926df6c3eee2
data/raw/fundamentals/vip_checkpoints_normalized_2012_2015/single_security_fallback/income_vip/20150630/001965_SZ.parquet,3593,2026-08-18T17:50:06.894711+00:00,98fa4b7971a82e245be783cf998861159cb12cc7e9b18966b916926df6c3eee2
data/raw/fundamentals/vip_checkpoints_normalized_2012_2015/single_security_fallback/income_vip/20150630/002821_SZ.parquet,3593,2026-08-18T17:54:23.605375+00:00,98fa4b7971a82e245be783cf998861159cb12cc7e9b18966b916926df6c3eee2
data/raw/fundamentals/vip_checkpoints_normalized_2012_2015/single_security_fallback/income_vip/20150630/002831_SZ.parquet,3593,2026-08-18T17:54:31.752013+00:00,98fa4b7971a82e245be783cf998861159cb12cc7e9b18966b916926df6c3eee2
data/raw/fundamentals/vip_checkpoints_normalized_2012_2015/single_security_fallback/income_vip/20150630/002839_SZ.parquet,3593,2026-08-18T17:54:48.632469+00:00,98fa4b7971a82e245be783cf998861159cb12cc7e9b18966b916926df6c3eee2
data/raw/fundamentals/vip_checkpoints_normalized_2012_2015/single_security_fallback/income_vip/20150630/002841_SZ.parquet,3593,2026-08-18T17:55:03.836130+00:00,98fa4b7971a82e245be783cf998861159cb12cc7e9b18966b916926df6c3eee2
data/raw/fundamentals/vip_checkpoints_normalized_2012_2015/single_security_fallback/income_vip/20150630/002916_SZ.parquet,3593,2026-08-18T17:56:25.299912+00:00,98fa4b7971a82e245be783cf998861159cb12cc7e9b18966b916926df6c3eee2
data/raw/fundamentals/vip_checkpoints_normalized_2012_2015/single_security_fallback/income_vip/20150630/002925_SZ.parquet,3593,2026-08-18T17:56:53.232246+00:00,98fa4b7971a82e245be783cf998861159cb12cc7e9b18966b916926df6c3eee2
data/raw/fundamentals/vip_checkpoints_normalized_2012_2015/single_security_fallback/income_vip/20150630/002938_SZ.parquet,3593,2026-08-18T17:56:58.750110+00:00,98fa4b7971a82e245be783cf998861159cb12cc7e9b18966b916926df6c3eee2
data/raw/fundamentals/vip_checkpoints_normalized_2012_2015/single_security_history/balancesheet_vip/000166_SZ.parquet,5042,2026-08-18T18:37:29.793936+00:00,04854b8388faa5acf2d040988e9674741d02ca8618349d59298fff0b379e0db6
data/raw/fundamentals/vip_checkpoints_normalized_2012_2015/single_security_history/balancesheet_vip/001965_SZ.parquet,4532,2026-08-18T18:37:32.847895+00:00,6595ffb89ad30c9da4e35891a6c6c33fc04df5b56fe674f947983b6f649dd511
data/raw/fundamentals/vip_checkpoints_normalized_2012_2015/single_security_history/balancesheet_vip/001979_SZ.parquet,4804,2026-08-18T18:37:35.879182+00:00,d8e460bbabbe9539b6af9ff0ae234f862e54680e35a675cd522246f3ec7423b1
data/raw/fundamentals/vip_checkpoints_normalized_2012_2015/single_security_history/balancesheet_vip/002714_SZ.parquet,5082,2026-08-18T18:37:38.912292+00:00,4eeb2771e5539837443f88d03f00cc38e80de1d6abcf6e0f9b958e1b9c21be19
data/raw/fundamentals/vip_checkpoints_normalized_2012_2015/single_security_history/balancesheet_vip/002736_SZ.parquet,5049,2026-08-18T18:37:41.892942+00:00,3961b42654c6e0e6369d26b46d5f5d1ab56a28eff4093ce66ad58a30ef061ee3
data/raw/fundamentals/vip_checkpoints_normalized_2012_2015/single_security_history/balancesheet_vip/002739_SZ.parquet,4909,2026-08-18T18:37:44.897238+00:00,a513c35c3e57e024ecdec83880d7f618b057a809277079d971f2aabad7503ef3
data/raw/fundamentals/vip_checkpoints_normalized_2012_2015/single_security_history/balancesheet_vip/002773_SZ.parquet,4928,2026-08-18T18:37:48.201918+00:00,4119f7c4b61cac90804ceb4bc3842088b65be027ea3ffb8b5314da2049c4fd1b
data/raw/fundamentals/vip_checkpoints_normalized_2012_2015/single_security_history/balancesheet_vip/002797_SZ.parquet,4891,2026-08-18T18:37:51.430928+00:00,a6c67bdb583eb7ff34adb0d119f13a3a2492c621870faa8e926e67074033df60
data/raw/fundamentals/vip_checkpoints_normalized_2012_2015/single_security_history/balancesheet_vip/002812_SZ.parquet,4750,2026-08-18T18:37:54.451839+00:00,2ed7007d2150310cca15769ac079a72e00dd509d79353c438780ea6e0046db59
data/raw/fundamentals/vip_checkpoints_normalized_2012_2015/single_security_history/balancesheet_vip/002821_SZ.parquet,4692,2026-08-18T18:37:57.674615+00:00,9c3525feabe89a7d53607bc1c6c091d43200164c89053c3cdf5a33537b92843a
data/raw/fundamentals/vip_checkpoints_normalized_2012_2015/single_security_history/balancesheet_vip/002831_SZ.parquet,4876,2026-08-18T18:38:00.712279+00:00,545889730b4fd496323719c99ff7699dd91c467c3d0ed4bc31117a1dc0b729ba
data/raw/fundamentals/vip_checkpoints_normalized_2012_2015/single_security_history/balancesheet_vip/002839_SZ.parquet,4623,2026-08-18T18:38:03.704327+00:00,5a4fd0b79594a9405953b19c70a34a1988b41556046afedd4c4a4ca73624b013
data/raw/fundamentals/vip_checkpoints_normalized_2012_2015/single_security_history/balancesheet_vip/002841_SZ.parquet,4617,2026-08-18T18:38:06.938428+00:00,f34b330d61617c8050735b070d3945b91d75125e4669fa728d3f0ad2c524cbf9
data/raw/fundamentals/vip_checkpoints_normalized_2012_2015/single_security_history/balancesheet_vip/002916_SZ.parquet,4819,2026-08-18T18:38:10.415412+00:00,936115c1c15874aa385a04ec00292a77b4f411a49e192235d36685f0ba25cc3d
data/raw/fundamentals/vip_checkpoints_normalized_2012_2015/single_security_history/balancesheet_vip/002925_SZ.parquet,4599,2026-08-18T18:38:13.549766+00:00,6538503175099db3db5ae15d29aa311e7b5d91989497daf29febf81816fd4812
data/raw/fundamentals/vip_checkpoints_normalized_2012_2015/single_security_history/balancesheet_vip/002938_SZ.parquet,3717,2026-08-18T18:38:16.629829+00:00,c0095e16c2abd2096ad4448d082a4f82da0e62aa69a5ff9b07e636a082b2abcf
data/raw/fundamentals/vip_checkpoints_normalized_2012_2015/single_security_history/balancesheet_vip/002939_SZ.parquet,4911,2026-08-18T18:38:19.650702+00:00,b1222b119b1f09f39f3609bffd04aa209db94ae20d145fbaa35669f797243f94
data/raw/fundamentals/vip_checkpoints_normalized_2012_2015/single_security_history/balancesheet_vip/002945_SZ.parquet,4718,2026-08-18T18:38:22.717860+00:00,f110045ad8a247d32e6333c4f30410300001c54e328160cd9dc348efa3dfe1fa
data/raw/fundamentals/vip_checkpoints_normalized_2012_2015/single_security_history/balancesheet_vip/002958_SZ.parquet,4687,2026-08-18T18:38:26.095398+00:00,af0a2a32b82d3631fa013b3ed8a524b10d5daf2e846883a07a8ac4cdcd921126
data/raw/fundamentals/vip_checkpoints_normalized_2012_2015/single_security_history/balancesheet_vip/003816_SZ.parquet,4936,2026-08-18T18:38:29.409979+00:00,efa18b7a2d8daa490c85f6d8fa5209109f076c6f94916da9ab7fcf14d4f27665
data/raw/fundamentals/vip_checkpoints_normalized_2012_2015/single_security_history/balancesheet_vip/300408_SZ.parquet,4953,2026-08-18T18:38:32.430646+00:00,435d491132d4fb34f6c5fdd053ce76b81f211ff778132ced4173a4614e07ba96
data/raw/fundamentals/vip_checkpoints_normalized_2012_2015/single_security_history/balancesheet_vip/300413_SZ.parquet,4930,2026-08-18T18:38:35.549285+00:00,cbded9d134b514e3b00ac546dddca6e8bbdbd9d9ed9742165e0505a2dbb0adf7
data/raw/fundamentals/vip_checkpoints_normalized_2012_2015/single_security_history/balancesheet_vip/300433_SZ.parquet,4895,2026-08-18T18:38:38.736554+00:00,f8828c3f2479920463a54fb7702aa2474533d827140a20560ee56729581125ad
data/raw/fundamentals/vip_checkpoints_normalized_2012_2015/single_security_history/balancesheet_vip/300450_SZ.parquet,4909,2026-08-18T18:38:41.723495+00:00,753d0aae82e1b6650bfad4bded21fc17dcd4086e34a87b70429001a40fdd5230
data/raw/fundamentals/vip_checkpoints_normalized_2012_2015/single_security_history/balancesheet_vip/300529_SZ.parquet,4798,2026-08-18T18:38:44.693017+00:00,99d10e712a70b16255f96c540d959d4f81859a2a08f9b14c548e4e677073ca87
data/raw/fundamentals/vip_checkpoints_normalized_2012_2015/single_security_history/balancesheet_vip/300558_SZ.parquet,4709,2026-08-18T18:38:47.645294+00:00,e02a536fe893bd89244edcd75b95870afccb4946cc788105b2def45ddd850a43
data/raw/fundamentals/vip_checkpoints_normalized_2012_2015/single_security_history/balancesheet_vip/300595_SZ.parquet,4563,2026-08-18T18:38:50.582887+00:00,f384991efaa5256ee59be91ed52a41d25948d19df585bd29c1304893b96f982d
data/raw/fundamentals/vip_checkpoints_normalized_2012_2015/single_security_history/balancesheet_vip/300601_SZ.parquet,4571,2026-08-18T18:38:53.629973+00:00,94fb94552f9623443205ce3c2601054bb87b4ad06c9ee7ec06e8e761239c98ee
data/raw/fundamentals/vip_checkpoints_normalized_2012_2015/single_security_history/balancesheet_vip/300628_SZ.parquet,4591,2026-08-18T18:38:56.894133+00:00,1582b451d36a192cb4d15777a57caff24477590fada1ff90498245d5fbf37743
data/raw/fundamentals/vip_checkpoints_normalized_2012_2015/single_security_history/balancesheet_vip/300676_SZ.parquet,4625,2026-08-18T18:38:59.944557+00:00,ea908fdb7afdc7c36d8546b3772c2d8b8d2c15b3de36f00c05d48942ec74ddd1
data/raw/fundamentals/vip_checkpoints_normalized_2012_2015/single_security_history/balancesheet_vip/300677_SZ.parquet,4571,2026-08-18T18:39:02.962428+00:00,0d6272a314541e73451496fbe7a2c920fc9fbf1599444d424b9a57991d7dd5b6
data/raw/fundamentals/vip_checkpoints_normalized_2012_2015/single_security_history/balancesheet_vip/600023_SH.parquet,5054,2026-08-18T18:39:06.540580+00:00,c9086aa84bc064bf93d3b2f9e9eebcf9c25534610e23c051ac880915510e98b2
data/raw/fundamentals/vip_checkpoints_normalized_2012_2015/single_security_history/balancesheet_vip/600909_SH.parquet,4783,2026-08-18T18:39:10.199208+00:00,0186865cf76b02a2aa4a6c91784dfae3de823416f4ba6c687105e1e2a8063944
data/raw/fundamentals/vip_checkpoints_normalized_2012_2015/single_security_history/balancesheet_vip/600918_SH.parquet,4910,2026-08-18T18:39:13.264309+00:00,d5ffe3306f6b81c15557ae85ab7a01070c60fb9fd3a10182e5ae535629bd25f4
data/raw/fundamentals/vip_checkpoints_normalized_2012_2015/single_security_history/balancesheet_vip/600919_SH.parquet,4773,2026-08-18T18:39:17.363221+00:00,248086fd21c7f5d3f81d434f4e55360b0fa1f1b82ae6e0b5530d9afdc96420d0
data/raw/fundamentals/vip_checkpoints_normalized_2012_2015/single_security_history/balancesheet_vip/600926_SH.parquet,4776,2026-08-18T18:39:23.375550+00:00,311062aa3cbf832d3e030a83f2d1a333499a0bc5a3cb6bbc9ae71f2b76710393
data/raw/fundamentals/vip_checkpoints_normalized_2012_2015/single_security_history/balancesheet_vip/600928_SH.parquet,4655,2026-08-18T18:39:26.765489+00:00,731eec2e1ad81ed2badf057c6e5f7aabe589dd86a7adb7755070fc07a52ddc7f
data/raw/fundamentals/vip_checkpoints_normalized_2012_2015/single_security_history/balancesheet_vip/600958_SH.parquet,4973,2026-08-18T18:39:30.371492+00:00,ae4967b72136b1118c1b665a4c8c5991e7e9c162023c1bac63ce578d6409e49d
data/raw/fundamentals/vip_checkpoints_normalized_2012_2015/single_security_history/balancesheet_vip/600968_SH.parquet,3717,2026-08-18T18:39:33.700917+00:00,c0095e16c2abd2096ad4448d082a4f82da0e62aa69a5ff9b07e636a082b2abcf
data/raw/fundamentals/vip_checkpoints_normalized_2012_2015/single_security_history/balancesheet_vip/600977_SH.parquet,4757,2026-08-18T18:39:37.172897+00:00,6cf690a0fe290e5b63be915c96cb2a2e594a769949af6e8d3b82bc4fa2dd9127
data/raw/fundamentals/vip_checkpoints_normalized_2012_2015/single_security_history/balancesheet_vip/601016_SH.parquet,5000,2026-08-18T18:39:40.614255+00:00,7ad73b3694482b166cc54970343643da51a6bceadfa1738e76261351ed90c769
data/raw/fundamentals/vip_checkpoints_normalized_2012_2015/single_security_history/balancesheet_vip/601021_SH.parquet,4870,2026-08-18T18:39:43.941797+00:00,0dad4c23da13e455dd3ec3fb79a0873660d820d1e97425b65858675ff59c3621
data/raw/fundamentals/vip_checkpoints_normalized_2012_2015/single_security_history/balancesheet_vip/601066_SH.parquet,4840,2026-08-18T18:39:47.767129+00:00,b2eeb8d5398e65f73e395617a59a62044affd0611a52eb8a33802a4c500fb5fa
data/raw/fundamentals/vip_checkpoints_normalized_2012_2015/single_security_history/balancesheet_vip/601108_SH.parquet,4968,2026-08-18T18:39:51.098552+00:00,bc54b68e13dd20f5591af96861236787b2dacb513590aa4d556543ae171a404e
data/raw/fundamentals/vip_checkpoints_normalized_2012_2015/single_security_history/balancesheet_vip/601127_SH.parquet,5029,2026-08-18T18:39:54.392431+00:00,b5986d062bf3005705b866c5fb8018391b2735d6faeb6d769956f2989d5b59e0
data/raw/fundamentals/vip_checkpoints_normalized_2012_2015/single_security_history/balancesheet_vip/601155_SH.parquet,4815,2026-08-18T18:39:57.876315+00:00,f7b0fac11e8640fe78d3d35c71a542e3676a3e3522f1a8056fb6b5673fe40b20
data/raw/fundamentals/vip_checkpoints_normalized_2012_2015/single_security_history/balancesheet_vip/601162_SH.parquet,4873,2026-08-18T18:40:00.808115+00:00,c0c21ccb126d7b08c88dc32cc01bde7af9be898d2c77f82eb3b59d41dbc496d4
data/raw/fundamentals/vip_checkpoints_normalized_2012_2015/single_security_history/balancesheet_vip/601163_SH.parquet,5111,2026-08-18T18:40:04.429067+00:00,f8940d6a96ff6af8808b3c1e3747f66180e4bf1463297f2fb4f3819d22d23a77
data/raw/fundamentals/vip_checkpoints_normalized_2012_2015/single_security_history/balancesheet_vip/601198_SH.parquet,4952,2026-08-18T18:40:07.544705+00:00,818992d9bb7bb77289428664c09c7563f4d0559be014e5ddb828cd789522a2ba
data/raw/fundamentals/vip_checkpoints_normalized_2012_2015/single_security_history/balancesheet_vip/601211_SH.parquet,4956,2026-08-18T18:40:10.801575+00:00,daa520e024e4c8ae8d9fa34b0f4b7c740af45ba00bc85f9fb63e2a5cf1c09dd8
data/raw/fundamentals/vip_checkpoints_normalized_2012_2015/single_security_history/balancesheet_vip/601212_SH.parquet,4642,2026-08-18T18:40:13.812904+00:00,9fda72029b3947b1d56265fead6bb98d2cb9a3d19acf601b98a5ceb2a0813e9f
data/raw/fundamentals/vip_checkpoints_normalized_2012_2015/single_security_history/balancesheet_vip/601225_SH.parquet,4984,2026-08-18T18:40:16.897238+00:00,44a7c6736a702cad5ec7f1457de098588bc14a2462ecb038731c5e0bcf05fa19
data/raw/fundamentals/vip_checkpoints_normalized_2012_2015/single_security_history/balancesheet_vip/601228_SH.parquet,4879,2026-08-18T18:40:19.907651+00:00,42cceed9965bba9c18af8498408e065d3e3b4977f6deb76e44746b21545f3df6
data/raw/fundamentals/vip_checkpoints_normalized_2012_2015/single_security_history/balancesheet_vip/601229_SH.parquet,4833,2026-08-18T18:40:39.074994+00:00,fae096d0fb17389f14b79d73d0ad038b1be95ee0b4b632356321d227cb7f32e3
data/raw/fundamentals/vip_checkpoints_normalized_2012_2015/single_security_history/balancesheet_vip/601298_SH.parquet,4655,2026-08-18T18:40:42.272521+00:00,36b3869f23d751b250d861ef612584f3636dbd00e09a6593ec0c7b084e902b44
data/raw/fundamentals/vip_checkpoints_normalized_2012_2015/single_security_history/balancesheet_vip/601319_SH.parquet,4688,2026-08-18T18:40:45.578964+00:00,730282707aff26785c543206fc68597dd6bf1c1e958c06b67478b6c035476175
data/raw/fundamentals/vip_checkpoints_normalized_2012_2015/single_security_history/balancesheet_vip/601375_SH.parquet,4796,2026-08-18T18:40:48.911694+00:00,e65fb6551c8b1a0b281a4ce9a1ed3b77c28e4aa93eadb1889d29d9a4697f887f
data/raw/fundamentals/vip_checkpoints_normalized_2012_2015/single_security_history/balancesheet_vip/601577_SH.parquet,4728,2026-08-18T18:40:52.230290+00:00,729cf18aa7dcda23c3705c4fab7fc3d0d83d4a749230735635503faa1412e03a
data/raw/fundamentals/vip_checkpoints_normalized_2012_2015/single_security_history/balancesheet_vip/601611_SH.parquet,5100,2026-08-18T18:40:55.887303+00:00,b03050478d173c3f1aeb3ac3cbbec34b1c5567829b01cea700ef0bbd19afc9d7
data/raw/fundamentals/vip_checkpoints_normalized_2012_2015/single_security_history/balancesheet_vip/601658_SH.parquet,4749,2026-08-18T18:40:59.308202+00:00,1923ab324a85e6397c3a50dd9b73596f97f5446e15babf54e72d452cffc91dc7
data/raw/fundamentals/vip_checkpoints_normalized_2012_2015/single_security_history/balancesheet_vip/601696_SH.parquet,4871,2026-08-18T18:41:03.213539+00:00,3fe0466694372f79381dc48f4690c6a99ed1a4ccf3e5c7847147825330c3deba
data/raw/fundamentals/vip_checkpoints_normalized_2012_2015/single_security_history/balancesheet_vip/601698_SH.parquet,3717,2026-08-18T18:41:07.494350+00:00,c0095e16c2abd2096ad4448d082a4f82da0e62aa69a5ff9b07e636a082b2abcf
data/raw/fundamentals/vip_checkpoints_normalized_2012_2015/single_security_history/balancesheet_vip/601816_SH.parquet,4489,2026-08-18T18:41:10.557588+00:00,e1d1841835bd904888baf00cba1d23a55ce6fcbc97cc9093d451416476a81ab4
data/raw/fundamentals/vip_checkpoints_normalized_2012_2015/single_security_history/balancesheet_vip/601838_SH.parquet,4585,2026-08-18T18:41:14.053454+00:00,0cd6101525e17fe2009a4e62f173199f3378b10d9445e96becfb0da92a7231c2
data/raw/fundamentals/vip_checkpoints_normalized_2012_2015/single_security_history/balancesheet_vip/601878_SH.parquet,4924,2026-08-18T18:41:17.523381+00:00,3c56c392a46b81d5fe3ecc10321697c977e5e63eb5aa9e34c3e53641038d4204
data/raw/fundamentals/vip_checkpoints_normalized_2012_2015/single_security_history/balancesheet_vip/601881_SH.parquet,4693,2026-08-18T18:41:21.418210+00:00,d902038fefef0f888822e4c8c4a51be2927db7da4b79334764a25203e111bd01
data/raw/fundamentals/vip_checkpoints_normalized_2012_2015/single_security_history/balancesheet_vip/601916_SH.parquet,4854,2026-08-18T18:41:24.945625+00:00,0d792a5ceb992175a8645415512098a1e585ccad717d8c4091deae90d7fcf70f
data/raw/fundamentals/vip_checkpoints_normalized_2012_2015/single_security_history/balancesheet_vip/601966_SH.parquet,4751,2026-08-18T18:41:37.073625+00:00,79486bbd477b7d5e17d5c7a8eb8691e6ae4d3d757b5c2da5d5a00a0c486c0e1d
data/raw/fundamentals/vip_checkpoints_normalized_2012_2015/single_security_history/balancesheet_vip/601990_SH.parquet,4682,2026-08-18T18:41:40.141742+00:00,6ea1ac220ecfc8231b9760204b3855b08d8ff6d9fd04b3303b1565e7254c3d6b
data/raw/fundamentals/vip_checkpoints_normalized_2012_2015/single_security_history/balancesheet_vip/601995_SH.parquet,4856,2026-08-18T18:41:43.759473+00:00,82bbb97d425138a443e45564fe027b975e1bf35d010bcb49d6bd4ba3d679f408
data/raw/fundamentals/vip_checkpoints_normalized_2012_2015/single_security_history/balancesheet_vip/601997_SH.parquet,4844,2026-08-18T18:41:47.486639+00:00,4ac8b37625bf1a047ea94b48801b980e4960174e0cf21f69158fe2b57e63608d
data/raw/fundamentals/vip_checkpoints_normalized_2012_2015/single_security_history/balancesheet_vip/603019_SH.parquet,4926,2026-08-18T18:41:50.886761+00:00,fb99ab4ae21d83751799fe7bb50b5533fcc08d74db158848eb87d2c688c11bbd
data/raw/fundamentals/vip_checkpoints_normalized_2012_2015/single_security_history/balancesheet_vip/603087_SH.parquet,4600,2026-08-18T18:41:55.112194+00:00,98bb245e2f2945c9f41c3ecdbe552a7713c24a1e9a94be46a5b4b629d5eb0098
data/raw/fundamentals/vip_checkpoints_normalized_2012_2015/single_security_history/balancesheet_vip/603156_SH.parquet,3717,2026-08-18T18:41:58.395157+00:00,c0095e16c2abd2096ad4448d082a4f82da0e62aa69a5ff9b07e636a082b2abcf
data/raw/fundamentals/vip_checkpoints_normalized_2012_2015/single_security_history/balancesheet_vip/603160_SH.parquet,4750,2026-08-18T18:42:01.980700+00:00,590bf1f4b1037ddf3d88df4ab28337deb6c53b5cf073f1403528dc7d97c7caa2
data/raw/fundamentals/vip_checkpoints_normalized_2012_2015/single_security_history/balancesheet_vip/603233_SH.parquet,4625,2026-08-18T18:42:05.778118+00:00,95a7998b3e33d0632872ee82133fe81ede2508f7bcd9f0a9f5cb5cd6c3f54271
data/raw/fundamentals/vip_checkpoints_normalized_2012_2015/single_security_history/balancesheet_vip/603259_SH.parquet,3717,2026-08-18T18:42:09.056122+00:00,c0095e16c2abd2096ad4448d082a4f82da0e62aa69a5ff9b07e636a082b2abcf
data/raw/fundamentals/vip_checkpoints_normalized_2012_2015/single_security_history/balancesheet_vip/603260_SH.parquet,4618,2026-08-18T18:42:12.789524+00:00,a7d7b037a695b4d41b8b0c1110e07d04bd05c1b0fe8f9dac2c63d284c4025245
data/raw/fundamentals/vip_checkpoints_normalized_2012_2015/single_security_history/balancesheet_vip/603288_SH.parquet,5106,2026-08-18T18:42:16.186989+00:00,e01e73eca079aefe2b0502e65348803e8c8103032ed6773966dd4106d0251809
data/raw/fundamentals/vip_checkpoints_normalized_2012_2015/single_security_history/balancesheet_vip/603338_SH.parquet,4899,2026-08-18T18:42:19.777290+00:00,f796e4a244dd37648ca7ce9786fc1af776d8571c342d704b9a74e0e8f60a91a9
data/raw/fundamentals/vip_checkpoints_normalized_2012_2015/single_security_history/balancesheet_vip/603369_SH.parquet,4952,2026-08-18T18:42:23.286915+00:00,203dea502d9fe7d1aa5d0457c12550184e8af57af4dcaeb7ef7f734cde8761ab
data/raw/fundamentals/vip_checkpoints_normalized_2012_2015/single_security_history/balancesheet_vip/603392_SH.parquet,4599,2026-08-18T18:42:43.520364+00:00,2a4f2d143ff7f7c165149dfb85d2622dec46a3c9c6ebb367fdfc388e8d3a34b2
data/raw/fundamentals/vip_checkpoints_normalized_2012_2015/single_security_history/balancesheet_vip/603501_SH.parquet,4633,2026-08-18T18:42:46.750949+00:00,ca9a5da1660878f551d04b83cce3a6c037bb869de26d71cdd52d7a4440274142
data/raw/fundamentals/vip_checkpoints_normalized_2012_2015/single_security_history/balancesheet_vip/603517_SH.parquet,4617,2026-08-18T18:42:50.709295+00:00,5a4838c356fd773c6c4df42ebc1c2975bbb8a93978c16a86b669145b1430527f
data/raw/fundamentals/vip_checkpoints_normalized_2012_2015/single_security_history/balancesheet_vip/603658_SH.parquet,4768,2026-08-18T18:42:54.036688+00:00,e23b49c41c06e8994b5d02379c2cfdbec3216a2ecac51480b89428eb7681d322
data/raw/fundamentals/vip_checkpoints_normalized_2012_2015/single_security_history/balancesheet_vip/603659_SH.parquet,4571,2026-08-18T18:42:57.626938+00:00,161d19824ec4fe5f924360b40f60ae53ecb6d7affe9097cdf4391e93269c3c17
data/raw/fundamentals/vip_checkpoints_normalized_2012_2015/single_security_history/balancesheet_vip/603806_SH.parquet,4945,2026-08-18T18:43:00.892228+00:00,23d70260f18fdb74250ef50a5834943be1d122168f7e4fd50545ea1f441f6c68
data/raw/fundamentals/vip_checkpoints_normalized_2012_2015/single_security_history/balancesheet_vip/603833_SH.parquet,4649,2026-08-18T18:43:04.507673+00:00,64d1d3ec1e6bf8d62605620776905614957f2ed10318154b1ed7469e8e811e33
data/raw/fundamentals/vip_checkpoints_normalized_2012_2015/single_security_history/balancesheet_vip/603858_SH.parquet,4692,2026-08-18T18:43:08.433174+00:00,785c7a13ad87f0244acb83a3e67c7e4dd2021ef250bc481c38ca16a2dfaf78b3
data/raw/fundamentals/vip_checkpoints_normalized_2012_2015/single_security_history/balancesheet_vip/603882_SH.parquet,4617,2026-08-18T18:43:11.718500+00:00,d82f3645a7b340f9ff9ec655112d9a33a39ddcd35424063d707188c8dec29bc1
data/raw/fundamentals/vip_checkpoints_normalized_2012_2015/single_security_history/balancesheet_vip/603885_SH.parquet,4884,2026-08-18T18:43:15.074588+00:00,54a616b2f12626c001f15c4aa8aaa8ce0483314513bc9f3799fd912d15c0686f
data/raw/fundamentals/vip_checkpoints_normalized_2012_2015/single_security_history/balancesheet_vip/603899_SH.parquet,4911,2026-08-18T18:43:18.457062+00:00,3157ed34aacb1b3239f6a155bfe13d6b5742fe035de866cd1ba5f0bcfeaa7d3b
data/raw/fundamentals/vip_checkpoints_normalized_2012_2015/single_security_history/balancesheet_vip/603939_SH.parquet,4905,2026-08-18T18:43:21.703634+00:00,dd89c3c98a6f03a619e854d283b99493d342c2cac5f135cf16df658605d8b0eb
data/raw/fundamentals/vip_checkpoints_normalized_2012_2015/single_security_history/balancesheet_vip/603986_SH.parquet,4765,2026-08-18T18:43:41.603190+00:00,dec8b156325db43929b950e9ceb63da7e0a4855bd361dc96b47309cfeaa6b7df
data/raw/fundamentals/vip_checkpoints_normalized_2012_2015/single_security_history/balancesheet_vip/688111_SH.parquet,3717,2026-08-18T18:43:44.623324+00:00,c0095e16c2abd2096ad4448d082a4f82da0e62aa69a5ff9b07e636a082b2abcf
data/raw/fundamentals/vip_checkpoints_normalized_2012_2015/single_security_history/balancesheet_vip/688363_SH.parquet,4445,2026-08-18T18:43:47.531890+00:00,c2833c4441119cbf37eb3d63a4085a1202b94a61a4059a5420fc889d9e6e8dd8
data/raw/fundamentals/vip_checkpoints_normalized_2012_2015/single_security_history/fina_indicator_vip/000166_SZ.parquet,4937,2026-08-18T18:43:55.084806+00:00,e597b71deacdcc23dadcf08c8f90d71e150882a5912113a74112a08f36d90e9f
data/raw/fundamentals/vip_checkpoints_normalized_2012_2015/single_security_history/fina_indicator_vip/001965_SZ.parquet,4249,2026-08-18T18:43:58.470905+00:00,4d9299d633e72ccac129acb7dc7d83f0db45fd5625c5ce4ce27ab9814d956b91
data/raw/fundamentals/vip_checkpoints_normalized_2012_2015/single_security_history/fina_indicator_vip/001979_SZ.parquet,4730,2026-08-18T18:44:01.432150+00:00,1f4f7f4ba07320da578a48c11fcd292f13ffcec5dbc09a357f0467c7744e9ee4
data/raw/fundamentals/vip_checkpoints_normalized_2012_2015/single_security_history/fina_indicator_vip/002714_SZ.parquet,5011,2026-08-18T18:44:04.904883+00:00,cec4f20d1a4a88472e089eb578646834e06a6479948a77987d8678149aae4631
data/raw/fundamentals/vip_checkpoints_normalized_2012_2015/single_security_history/fina_indicator_vip/002739_SZ.parquet,4856,2026-08-18T18:44:08.158543+00:00,8f2e3feab3a5688a2b62d5a3d3c05f6737bd22528c5feec913a323bdb6b19a69
data/raw/fundamentals/vip_checkpoints_normalized_2012_2015/single_security_history/fina_indicator_vip/002773_SZ.parquet,4779,2026-08-18T18:44:11.763175+00:00,b9fd99120add63bafaf2cb778f14c3adb81f71e77fe38834a38409c4aeed5dae
data/raw/fundamentals/vip_checkpoints_normalized_2012_2015/single_security_history/fina_indicator_vip/002797_SZ.parquet,4780,2026-08-18T18:44:15.017554+00:00,e515ed54821c09d65219a0d1bf7fd98cf4d0072360b62c8570cfa32a77cc8d3d
data/raw/fundamentals/vip_checkpoints_normalized_2012_2015/single_security_history/fina_indicator_vip/002812_SZ.parquet,4638,2026-08-18T18:44:18.351175+00:00,79c38d915af21eccef8f459c3c69b8f02e167d31c1e637ddd2caf1d4fb6a6769
data/raw/fundamentals/vip_checkpoints_normalized_2012_2015/single_security_history/fina_indicator_vip/002821_SZ.parquet,4597,2026-08-18T18:51:10.891850+00:00,91e0ba22f3cb9a807a33856f8d61a1106e7ba88838bd9fb6231c97dd77e7a5cf
data/raw/fundamentals/vip_checkpoints_normalized_2012_2015/single_security_history/fina_indicator_vip/002831_SZ.parquet,4845,2026-08-18T18:51:18.440812+00:00,d9836ccd0c67403b8d58342bceefdd86f80312382117efad2ecb7253f23a9607
data/raw/fundamentals/vip_checkpoints_normalized_2012_2015/single_security_history/fina_indicator_vip/002839_SZ.parquet,4579,2026-08-18T18:51:25.953366+00:00,e12c9fdacfc7b2993b97085e63f426036ce24f6bdcc191c3b03813b66e7d5373
data/raw/fundamentals/vip_checkpoints_normalized_2012_2015/single_security_history/fina_indicator_vip/002841_SZ.parquet,4644,2026-08-18T18:51:33.336182+00:00,ce3a17a7fbefb217c92231dbfe39173086467afcca6e0dfa1befffeabd4ce3dc
data/raw/fundamentals/vip_checkpoints_normalized_2012_2015/single_security_history/fina_indicator_vip/002916_SZ.parquet,4660,2026-08-18T18:51:40.802343+00:00,50a7ab923f8d0c6958d227afa2a675130e9a931a7d3bfba0ab39284fd5aba28d
data/raw/fundamentals/vip_checkpoints_normalized_2012_2015/single_security_history/fina_indicator_vip/002925_SZ.parquet,4545,2026-08-18T18:51:48.242164+00:00,d86c0544fedbf33d9dac75ee55b9d359a584ec2fc05312b753f10f28da6f3bf4
data/raw/fundamentals/vip_checkpoints_normalized_2012_2015/single_security_history/fina_indicator_vip/002938_SZ.parquet,4386,2026-08-18T18:51:55.776398+00:00,da0ef4523dfdbbfe3598fa786200f4dbece06d14f127a58217068158743c9331
data/raw/fundamentals/vip_checkpoints_normalized_2012_2015/single_security_history/fina_indicator_vip/002939_SZ.parquet,4766,2026-08-18T18:52:03.174888+00:00,8c60895bb483457355b5f716f6aa4e96da7d208d4de374d949c0354e1e80ad41
data/raw/fundamentals/vip_checkpoints_normalized_2012_2015/single_security_history/fina_indicator_vip/002945_SZ.parquet,4582,2026-08-18T18:52:10.539673+00:00,5b7383c55e7073b825cc1f0953dec097be6d543118958e7995b3d5d539246d0f
data/raw/fundamentals/vip_checkpoints_normalized_2012_2015/single_security_history/fina_indicator_vip/002958_SZ.parquet,4536,2026-08-18T18:52:17.924559+00:00,a8b146dd3a94a5bd5c1717232c6f6673ec6c283eb08d6309f15bf46330eaedf7
data/raw/fundamentals/vip_checkpoints_normalized_2012_2015/single_security_history/fina_indicator_vip/003816_SZ.parquet,4652,2026-08-18T18:52:25.319265+00:00,22c477c1865d6d4f0583d198ff09523a940c39abcd60ef143dd199046baf9a9d
data/raw/fundamentals/vip_checkpoints_normalized_2012_2015/single_security_history/fina_indicator_vip/300408_SZ.parquet,4895,2026-08-18T18:52:32.771103+00:00,647485d3e4a4cb413dc9f65c656c9267259bd5e2724fb2723897438b0a25817b
data/raw/fundamentals/vip_checkpoints_normalized_2012_2015/single_security_history/fina_indicator_vip/300413_SZ.parquet,4899,2026-08-18T18:52:40.185123+00:00,fd6b4d29b19a7a4ca165e5b81a940096bed4642519e009b289903cf19232b2e8
data/raw/fundamentals/vip_checkpoints_normalized_2012_2015/single_security_history/fina_indicator_vip/300433_SZ.parquet,4837,2026-08-18T18:52:47.579301+00:00,52df38a3e1a0ddb9ffc68541f461dbd770fb81456a5bb815baf67c29ec29a4cc
data/raw/fundamentals/vip_checkpoints_normalized_2012_2015/single_security_history/fina_indicator_vip/300450_SZ.parquet,4856,2026-08-18T18:52:54.971245+00:00,ed58e722986bcf3be4b084cd04065927c774b017e8c66cd5268aaab2df93f17a
data/raw/fundamentals/vip_checkpoints_normalized_2012_2015/single_security_history/fina_indicator_vip/300529_SZ.parquet,4678,2026-08-18T18:53:02.368859+00:00,767df1b85cef18c30e4251a9be62d1fc6fb19a47075fd9c78d3587b4c2d408ea
data/raw/fundamentals/vip_checkpoints_normalized_2012_2015/single_security_history/fina_indicator_vip/300558_SZ.parquet,4614,2026-08-18T18:53:09.660114+00:00,32ff77a4eb8bcb596581c32e3dc3e587733f6332850bf4a9e89d1d8ea634d763
data/raw/fundamentals/vip_checkpoints_normalized_2012_2015/single_security_history/fina_indicator_vip/300595_SZ.parquet,4596,2026-08-18T18:53:16.948524+00:00,e8db7fb3ae929df88eb074f6669bc8eee31f9200a8ff628a5e472d8816cdad09
data/raw/fundamentals/vip_checkpoints_normalized_2012_2015/single_security_history/fina_indicator_vip/300601_SZ.parquet,4593,2026-08-18T18:53:24.217539+00:00,b9954a2dcb4e9a5d96a0480d30747b833dafdff842c782cd005aed76b7c41e1c
data/raw/fundamentals/vip_checkpoints_normalized_2012_2015/single_security_history/fina_indicator_vip/300628_SZ.parquet,4631,2026-08-18T18:53:31.573995+00:00,c94d65ad8c8feefb324100cb8f79924ed8caf29bcf36b3c91d0c26890799008a
data/raw/fundamentals/vip_checkpoints_normalized_2012_2015/single_security_history/fina_indicator_vip/300676_SZ.parquet,4612,2026-08-18T18:53:38.845844+00:00,c5a1ffe5461a72d0f046f09d3792d0597ca4de74c20f1e30229d03a07ff025e5
data/raw/fundamentals/vip_checkpoints_normalized_2012_2015/single_security_history/fina_indicator_vip/300677_SZ.parquet,4463,2026-08-18T18:54:18.439962+00:00,074c538e5406fa266945e4ddd92e5e79733432c4c816a435222766c6bf46d19b
data/raw/fundamentals/vip_checkpoints_normalized_2012_2015/single_security_history/fina_indicator_vip/600023_SH.parquet,4967,2026-08-18T18:54:25.730900+00:00,55897313f889eaa3da0a2c1a51347cc37e585c97422917ef8d669501b186b2d9
data/raw/fundamentals/vip_checkpoints_normalized_2012_2015/single_security_history/fina_indicator_vip/600909_SH.parquet,4782,2026-08-18T18:54:33.722164+00:00,f747839c1d1497443e39154062c772f6ebf393fb397704328e5582a1b8265cc9
data/raw/fundamentals/vip_checkpoints_normalized_2012_2015/single_security_history/fina_indicator_vip/600918_SH.parquet,4772,2026-08-18T18:54:40.989358+00:00,5144e173b2de09cdf925dbc5d0853a7d980f6e231bec44ef96bba7923bcd56a9
data/raw/fundamentals/vip_checkpoints_normalized_2012_2015/single_security_history/fina_indicator_vip/600919_SH.parquet,4686,2026-08-18T18:54:48.292410+00:00,1be7d3c44a2e51e8b74c8b54f211f9cc5b15b7771b8beb54c9bd6ee0b41c9fea
data/raw/fundamentals/vip_checkpoints_normalized_2012_2015/single_security_history/fina_indicator_vip/600926_SH.parquet,4668,2026-08-18T18:54:56.486691+00:00,467fee80ac9189a2aac26dee4f5ce87294e405b41f132019609b166346b1a259
data/raw/fundamentals/vip_checkpoints_normalized_2012_2015/single_security_history/fina_indicator_vip/600928_SH.parquet,4550,2026-08-18T18:55:03.835145+00:00,696261afd4eef9c1b951e358218a87c2f370d2a838e418a09c4af5cf5be84623
data/raw/fundamentals/vip_checkpoints_normalized_2012_2015/single_security_history/fina_indicator_vip/600958_SH.parquet,4980,2026-08-18T18:55:44.409710+00:00,9c0db2989964e859cf2ad11d85c3bd7900e4c6238057bcb0e9cba43e28f359b1
data/raw/fundamentals/vip_checkpoints_normalized_2012_2015/single_security_history/fina_indicator_vip/600968_SH.parquet,4390,2026-08-18T18:55:51.641002+00:00,70c25721d616b5984a6fb9d59985c62a178e2eba651ddc5290dbc5514fcf66f7
data/raw/fundamentals/vip_checkpoints_normalized_2012_2015/single_security_history/fina_indicator_vip/600977_SH.parquet,4581,2026-08-18T18:55:58.876897+00:00,f56de0504686f2cf7822fe656ae9a0336b8b4339afb28ff2318f1b0d26c6b432
data/raw/fundamentals/vip_checkpoints_normalized_2012_2015/single_security_history/fina_indicator_vip/601016_SH.parquet,4723,2026-08-18T18:56:06.273257+00:00,61104f6af22ab263fac70c18326bb4700d46fe89fd19bf8553081592bab9928f
data/raw/fundamentals/vip_checkpoints_normalized_2012_2015/single_security_history/fina_indicator_vip/601021_SH.parquet,4882,2026-08-18T18:56:13.449773+00:00,d8ca084cd86ae5c39a674cb2a77f5c48db539b83eebfd13e002709f7a8357a23
data/raw/fundamentals/vip_checkpoints_normalized_2012_2015/single_security_history/fina_indicator_vip/601066_SH.parquet,4711,2026-08-18T18:56:20.718869+00:00,32acc1c9dc7507cf92d83668920df842d1b539e0f64ba33873f1a91d1763cb58
data/raw/fundamentals/vip_checkpoints_normalized_2012_2015/single_security_history/fina_indicator_vip/601108_SH.parquet,4930,2026-08-18T18:56:27.975874+00:00,827856323986a81447fded4fca02c3000f73b817e0a38a73992fe325e95a157f
data/raw/fundamentals/vip_checkpoints_normalized_2012_2015/single_security_history/fina_indicator_vip/601127_SH.parquet,4819,2026-08-18T18:56:35.413651+00:00,740813a723609daa5d27a0947b1d179b3bd88cf847ea4bc060d139418650ba32
data/raw/fundamentals/vip_checkpoints_normalized_2012_2015/single_security_history/fina_indicator_vip/601155_SH.parquet,4687,2026-08-18T18:56:42.707218+00:00,abae60c5440c4dccbceda8938b4b05b70c3bd0a60e0dc8294d9fdea148735634
data/raw/fundamentals/vip_checkpoints_normalized_2012_2015/single_security_history/fina_indicator_vip/601162_SH.parquet,4784,2026-08-18T18:56:50.113969+00:00,3381720a41107052d994f310c7cb8d74dc31b340e3fc206c4f10aef1c8e78a16
data/raw/fundamentals/vip_checkpoints_normalized_2012_2015/single_security_history/fina_indicator_vip/601163_SH.parquet,4976,2026-08-18T18:56:57.457962+00:00,90919c97cdda1d058651ac0ad23327b21a207fb41cf91e19dc77772054162ee4
data/raw/fundamentals/vip_checkpoints_normalized_2012_2015/single_security_history/fina_indicator_vip/601198_SH.parquet,4934,2026-08-18T18:57:04.750918+00:00,8d19b69754fc93008b1246cc5af1cb7606134d6c3674d0693e66ac8ecc19cd63
data/raw/fundamentals/vip_checkpoints_normalized_2012_2015/single_security_history/fina_indicator_vip/601211_SH.parquet,4931,2026-08-18T18:57:12.025248+00:00,c641edb339a2b7eb6233d83a49005e4985ce19b0a6fbcbd74cf111dbb229ef39
data/raw/fundamentals/vip_checkpoints_normalized_2012_2015/single_security_history/fina_indicator_vip/601212_SH.parquet,4607,2026-08-18T18:57:19.834464+00:00,c3f631cc0194f58a092b5fa6cebbb75ec1417989637f7fb9ce5fff96530c43ed
data/raw/fundamentals/vip_checkpoints_normalized_2012_2015/single_security_history/fina_indicator_vip/601225_SH.parquet,4885,2026-08-18T18:57:27.150837+00:00,6945ad0cfa7bbd48daecf5663de891f17b39ec5f1e1654ce87ab7fad6e81ea76
data/raw/fundamentals/vip_checkpoints_normalized_2012_2015/single_security_history/fina_indicator_vip/601228_SH.parquet,4854,2026-08-18T18:57:34.510001+00:00,74aeda23c39df632abbfaea34e84bd95fea66c2576cabb02b4c25ee96ce5ce13
data/raw/fundamentals/vip_checkpoints_normalized_2012_2015/single_security_history/fina_indicator_vip/601229_SH.parquet,4812,2026-08-18T18:57:41.935225+00:00,9e901bfc773925ccf670a75b675e9dd28d7f974cfef1a7ace263e9c1939a394a
data/raw/fundamentals/vip_checkpoints_normalized_2012_2015/single_security_history/fina_indicator_vip/601298_SH.parquet,4526,2026-08-18T18:57:49.436000+00:00,98b78e36bf1b575153d5a962012517163394c140d0360c92190a44509cf576c3
data/raw/fundamentals/vip_checkpoints_normalized_2012_2015/single_security_history/fina_indicator_vip/601319_SH.parquet,4553,2026-08-18T18:57:56.790240+00:00,5369fcf1215efd64d07283955f66c38d28981e0c6411ad5d73581fc36a1ba560
data/raw/fundamentals/vip_checkpoints_normalized_2012_2015/single_security_history/fina_indicator_vip/601375_SH.parquet,4804,2026-08-18T18:58:04.197224+00:00,dacaca7b1c6e61dc373ce9d013c893276af34202b496697f9dfa53a508fc6421
data/raw/fundamentals/vip_checkpoints_normalized_2012_2015/single_security_history/fina_indicator_vip/601577_SH.parquet,4614,2026-08-18T18:58:13.657130+00:00,d036e42619e53d1daf3acf89ebd1892b19756ab9c39ebd495e93d4db56f96641
data/raw/fundamentals/vip_checkpoints_normalized_2012_2015/single_security_history/fina_indicator_vip/601658_SH.parquet,4653,2026-08-18T18:58:21.118036+00:00,b7401c78afdbe6295c098b296e1d77dd1ccc270464851cffa41a0b4aafc09b91
data/raw/fundamentals/vip_checkpoints_normalized_2012_2015/single_security_history/fina_indicator_vip/601696_SH.parquet,4658,2026-08-18T18:58:28.499220+00:00,c5f93099b1aa609e6f8ff02c1b85e40a3708db67159b7b3e1c23f10130815374
data/raw/fundamentals/vip_checkpoints_normalized_2012_2015/single_security_history/fina_indicator_vip/601698_SH.parquet,4402,2026-08-18T18:58:35.916155+00:00,6bab0ce30213a8f698d4cdad56d04b5316bc0af5c6e3d0c33915916fb63fe993
data/raw/fundamentals/vip_checkpoints_normalized_2012_2015/single_security_history/fina_indicator_vip/601816_SH.parquet,3918,2026-08-18T18:58:43.297363+00:00,b5d2deffd93d5ff05cd3546bdbd26e058b485d04b8e6be665f78014c0a084650
data/raw/fundamentals/vip_checkpoints_normalized_2012_2015/single_security_history/fina_indicator_vip/601838_SH.parquet,4528,2026-08-18T18:58:50.826540+00:00,bee306bbfec14014c9860033f43144f1c1a589ef41a59e5809d72429a88081a9
data/raw/fundamentals/vip_checkpoints_normalized_2012_2015/single_security_history/fina_indicator_vip/601878_SH.parquet,4928,2026-08-18T18:58:58.391635+00:00,f59a081500df96baa1b6d2b96ad187e071446ea6efe0a54c0fb13aaf77a79f05
data/raw/fundamentals/vip_checkpoints_normalized_2012_2015/single_security_history/fina_indicator_vip/601881_SH.parquet,4655,2026-08-18T18:59:06.756363+00:00,10c38f95b88f172b0e78ab3366c0ec6c7de26dbae259142d6330cb1affc6ee25
data/raw/fundamentals/vip_checkpoints_normalized_2012_2015/single_security_history/fina_indicator_vip/601916_SH.parquet,4779,2026-08-18T18:59:14.125596+00:00,87ab7785eea2e3dd3079f481b4818a2bbec4151700decc4f4a87b0faf4c78dea
data/raw/fundamentals/vip_checkpoints_normalized_2012_2015/single_security_history/fina_indicator_vip/601966_SH.parquet,4641,2026-08-18T18:59:22.426283+00:00,ecebef558fe601ce16bbf341d0a7a6af2c77a1c04947aefc04f678851ba02a46
data/raw/fundamentals/vip_checkpoints_normalized_2012_2015/single_security_history/fina_indicator_vip/601990_SH.parquet,4625,2026-08-18T18:59:29.679538+00:00,701957e72f58df1e41fce54b0b2daf73afe7586656b00f4588ed8a50ba8433e1
data/raw/fundamentals/vip_checkpoints_normalized_2012_2015/single_security_history/fina_indicator_vip/601995_SH.parquet,4651,2026-08-18T18:59:36.942047+00:00,899cce31eff7ba23d33fa9cb9b1b45f37f6e61996cd2e99c9b511b26ffcaeceb
data/raw/fundamentals/vip_checkpoints_normalized_2012_2015/single_security_history/fina_indicator_vip/601997_SH.parquet,4777,2026-08-18T18:59:44.218093+00:00,f10e7768e781ce8b4dd9728d5871365c63ab52549106fe6a4c565e539675dcfc
data/raw/fundamentals/vip_checkpoints_normalized_2012_2015/single_security_history/fina_indicator_vip/603019_SH.parquet,4838,2026-08-18T18:59:51.540485+00:00,ee23e039071361bca6b9a26acee97741ba39d32cfc724a69949e27d8113f5402
data/raw/fundamentals/vip_checkpoints_normalized_2012_2015/single_security_history/fina_indicator_vip/603087_SH.parquet,4439,2026-08-18T18:59:58.960481+00:00,9a79452d7eb74436ce05bd106a338b3c2060e982522c26d52211d35d2b9f7508
data/raw/fundamentals/vip_checkpoints_normalized_2012_2015/single_security_history/fina_indicator_vip/603156_SH.parquet,4499,2026-08-18T19:00:06.574776+00:00,9a8c37af1b1bdd0f4ddda4d0b2812c3d5e3693f37c43a21a7b08aa8ec27b8b95
data/raw/fundamentals/vip_checkpoints_normalized_2012_2015/single_security_history/fina_indicator_vip/603160_SH.parquet,4691,2026-08-18T19:00:13.808841+00:00,328f004d95849372e43d62f707b03fbd27fd7e568bf93a321b2d89cb8dc36480
data/raw/fundamentals/vip_checkpoints_normalized_2012_2015/single_security_history/fina_indicator_vip/603233_SH.parquet,4593,2026-08-18T19:00:21.015986+00:00,9a204667ba28b455755ef2853f76e279a54ee22223daa29c3d84ec777180210d
data/raw/fundamentals/vip_checkpoints_normalized_2012_2015/single_security_history/fina_indicator_vip/603259_SH.parquet,4280,2026-08-18T19:00:28.905205+00:00,6a271f5860b4bf3154b46bfa31def483c397f3ecbb437fee9abe28fe91b10a2b
data/raw/fundamentals/vip_checkpoints_normalized_2012_2015/single_security_history/fina_indicator_vip/603260_SH.parquet,4561,2026-08-18T19:00:36.119796+00:00,16e2425fae04db58a91ccba244d975c1ebe34cfe1ed18f347c6d61b8461c32d9
data/raw/fundamentals/vip_checkpoints_normalized_2012_2015/single_security_history/fina_indicator_vip/603288_SH.parquet,4987,2026-08-18T19:00:43.353715+00:00,1dbfe4370f73125d06f0c51adf27cac35529baba435552566a8692572ad7df08
data/raw/fundamentals/vip_checkpoints_normalized_2012_2015/single_security_history/fina_indicator_vip/603338_SH.parquet,4829,2026-08-18T19:00:50.566354+00:00,a4f19202b25db2954c704e55d9a6e2c2e1e34d3e7eca0664f4f23bdb1d6eac5b
data/raw/fundamentals/vip_checkpoints_normalized_2012_2015/single_security_history/fina_indicator_vip/603369_SH.parquet,4934,2026-08-18T19:00:57.820327+00:00,10d073f09f352da22f515668b14d39030733b19c57bf8fa2e3bf38b985968236
data/raw/fundamentals/vip_checkpoints_normalized_2012_2015/single_security_history/fina_indicator_vip/603392_SH.parquet,4421,2026-08-18T19:01:05.140940+00:00,860d9faa417d2b6ccf7fb7286b58791d8e4986231cb3d90b5b0251a1dee09a1d
data/raw/fundamentals/vip_checkpoints_normalized_2012_2015/single_security_history/fina_indicator_vip/603501_SH.parquet,4579,2026-08-18T19:01:12.446908+00:00,dac46ad040066439c182546a95df3e13fc538802c4d722e92a952d8db81e9eb4
data/raw/fundamentals/vip_checkpoints_normalized_2012_2015/single_security_history/fina_indicator_vip/603517_SH.parquet,4622,2026-08-18T19:01:19.739905+00:00,e7dc4b4e0e88e3722c73e61f7ff02dde88c5568d1854b02d57a6e07029c54b54
data/raw/fundamentals/vip_checkpoints_normalized_2012_2015/single_security_history/fina_indicator_vip/603658_SH.parquet,4648,2026-08-18T19:01:27.073422+00:00,1630e70a68b996f8e3b7e8dcc0c94f2b1aa9baf7471bc835bc1a7578f55d1013
data/raw/fundamentals/vip_checkpoints_normalized_2012_2015/single_security_history/fina_indicator_vip/603659_SH.parquet,4498,2026-08-18T19:01:34.374151+00:00,614c0e6bcba278a329b488c5aab6ac6561c12863f161209e911330ada5bfba1f
data/raw/fundamentals/vip_checkpoints_normalized_2012_2015/single_security_history/fina_indicator_vip/603806_SH.parquet,4921,2026-08-18T19:01:41.696334+00:00,3c3be273cdceaaccd57d9e254113fbbe5128f91831bbb8dd887c8be5fc1d6c97
data/raw/fundamentals/vip_checkpoints_normalized_2012_2015/single_security_history/fina_indicator_vip/603833_SH.parquet,4588,2026-08-18T19:01:49.040150+00:00,bdd8a85b10d9e93acabbcd5aeeeab2f29701e86074c903d8fde9e6aaae5c216d
data/raw/fundamentals/vip_checkpoints_normalized_2012_2015/single_security_history/fina_indicator_vip/603858_SH.parquet,4607,2026-08-18T19:01:56.386220+00:00,6837f789c7b4bf407901b7459577cbcd149017b73c1b4402b83f8d22dc0f1307
data/raw/fundamentals/vip_checkpoints_normalized_2012_2015/single_security_history/fina_indicator_vip/603882_SH.parquet,4504,2026-08-18T19:02:03.692493+00:00,c34003dc00fa613a2c638a697500a03bb436ac6b22bd4deff5356338eefd1818
data/raw/fundamentals/vip_checkpoints_normalized_2012_2015/single_security_history/fina_indicator_vip/603885_SH.parquet,4829,2026-08-18T19:02:11.001897+00:00,8581b3f8941db0311b73ca3b4bde81e288e0db32bd8db0160da9cb3025926020
data/raw/fundamentals/vip_checkpoints_normalized_2012_2015/single_security_history/fina_indicator_vip/603899_SH.parquet,4899,2026-08-18T19:02:18.327293+00:00,11980a33ef4a5ec9ebe7351ac3e8e16d2f84cb9199b513a596f4768c38032bc6
data/raw/fundamentals/vip_checkpoints_normalized_2012_2015/single_security_history/fina_indicator_vip/603939_SH.parquet,4841,2026-08-18T19:02:25.659362+00:00,428f6bf462a6fbeb5dcf0dea35f1c02418dc496b30c7372de5a6355d481cf8ce
data/raw/fundamentals/vip_checkpoints_normalized_2012_2015/single_security_history/fina_indicator_vip/603986_SH.parquet,4600,2026-08-18T19:02:32.996818+00:00,df15b9c5e4b6fd6b849222408722e59b7b5a6506b550097baf29137c922a2f23
data/raw/fundamentals/vip_checkpoints_normalized_2012_2015/single_security_history/fina_indicator_vip/688008_SH.parquet,3928,2026-08-18T19:02:40.314030+00:00,ac7f80955396fc9b51d6b1bf8830f53c47d56097b1122bb42602fed2bc8c01d5
data/raw/fundamentals/vip_checkpoints_normalized_2012_2015/single_security_history/fina_indicator_vip/688111_SH.parquet,4390,2026-08-18T19:02:47.667809+00:00,e76746e4e491ae32536e5b113b1845ab92117af063d1a9f2c3853ccfef4fe791
data/raw/fundamentals/vip_checkpoints_normalized_2012_2015/single_security_history/fina_indicator_vip/688363_SH.parquet,3894,2026-08-18T19:02:54.969141+00:00,a4316f309f51208ad065c9af5213ee8c6d17973033b9beffc37bdbe042b65202
data/raw/fundamentals/vip_checkpoints_normalized_2012_2015/single_security_history/income_vip/000166_SZ.parquet,5057,2026-08-18T17:58:43.014017+00:00,f575111bd861e3e560af17e07e794fc831e275ac2fbf70165fb18ba54117f0cc
data/raw/fundamentals/vip_checkpoints_normalized_2012_2015/single_security_history/income_vip/001965_SZ.parquet,4509,2026-08-18T17:58:45.460438+00:00,db99fd8d13409e1efb05bb236f11c49ca5954efb61e986ce4281971c5b7fc4b5
data/raw/fundamentals/vip_checkpoints_normalized_2012_2015/single_security_history/income_vip/001979_SZ.parquet,4769,2026-08-18T17:58:47.747053+00:00,40ade781e66cd588e47c3cd46e34b9a8c8430ddf36c1beb13ae14cb49d34f56a
data/raw/fundamentals/vip_checkpoints_normalized_2012_2015/single_security_history/income_vip/002739_SZ.parquet,4867,2026-08-18T17:58:49.908184+00:00,aef57818da5b2c03742a18e976b77090a28671f06f3112fdcf1e8f4e95b3b0c6
data/raw/fundamentals/vip_checkpoints_normalized_2012_2015/single_security_history/income_vip/002773_SZ.parquet,4885,2026-08-18T17:58:51.998940+00:00,fd0084948302d1ccb1f2172603861cec3b88b555d3e49f5757b7a52374c41941
data/raw/fundamentals/vip_checkpoints_normalized_2012_2015/single_security_history/income_vip/002797_SZ.parquet,4870,2026-08-18T17:58:54.224649+00:00,67eef96acc513374f6d5ebdd10e65ef12c84b46ececb3168031d525e17b29aef
data/raw/fundamentals/vip_checkpoints_normalized_2012_2015/single_security_history/income_vip/002812_SZ.parquet,4699,2026-08-18T17:58:56.275117+00:00,72ba48ee9bc38647d209e6b1977f12c1336702a4e5110e9fb236f9be5f94cded
data/raw/fundamentals/vip_checkpoints_normalized_2012_2015/single_security_history/income_vip/002821_SZ.parquet,4577,2026-08-18T17:58:58.358357+00:00,5a638d36945cfcb3bbb1ca871eab9f5f16cc4f946c782698c4d1da6f6e666bb8
data/raw/fundamentals/vip_checkpoints_normalized_2012_2015/single_security_history/income_vip/002831_SZ.parquet,4834,2026-08-18T17:59:00.407416+00:00,f65d00dbeb93fa68feb1688c9b3263ad29eb5192bc895fb824f775f6ce9b2ca7
data/raw/fundamentals/vip_checkpoints_normalized_2012_2015/single_security_history/income_vip/002839_SZ.parquet,4491,2026-08-18T17:59:02.455491+00:00,0996dd0cb6872529783d1169bc555796f69cf462dca2c0855087116e7fe07d8c
data/raw/fundamentals/vip_checkpoints_normalized_2012_2015/single_security_history/income_vip/002841_SZ.parquet,4494,2026-08-18T17:59:04.626472+00:00,cbebe74f12265e223ef2bf0ab9a385a6fb8b6951165bd47860697ce909b79efe
data/raw/fundamentals/vip_checkpoints_normalized_2012_2015/single_security_history/income_vip/002916_SZ.parquet,4798,2026-08-18T17:59:07.015386+00:00,b986fbe4f4187c0beb97b3fea1190d22dfb0c1403463cb94bca3eafb1532492a
data/raw/fundamentals/vip_checkpoints_normalized_2012_2015/single_security_history/income_vip/002925_SZ.parquet,4515,2026-08-18T17:59:09.314809+00:00,57d3f19e7e837c1a1f49fa996e227fe5013a3cbb52ca8670fe2b06b0f35e459b
data/raw/fundamentals/vip_checkpoints_normalized_2012_2015/single_security_history/income_vip/002938_SZ.parquet,3593,2026-08-18T17:59:11.477649+00:00,98fa4b7971a82e245be783cf998861159cb12cc7e9b18966b916926df6c3eee2
data/raw/fundamentals/vip_checkpoints_normalized_2012_2015/single_security_history/income_vip/002939_SZ.parquet,4843,2026-08-18T17:59:13.665536+00:00,03810881a54367b77c51de8052e8cdc599e64c660c1db902a4e966bf20085862
data/raw/fundamentals/vip_checkpoints_normalized_2012_2015/single_security_history/income_vip/002945_SZ.parquet,4622,2026-08-18T17:59:16.109720+00:00,bd749aafd840eaa0befd8f790ad98013eebe2e79709710aea42fdea4fcd43ea2
data/raw/fundamentals/vip_checkpoints_normalized_2012_2015/single_security_history/income_vip/002958_SZ.parquet,4574,2026-08-18T17:59:18.725135+00:00,85d2b8d1a8500cfa07861d0e186f1b2f25a73616ac365e42b0f11e3453e2c56e
data/raw/fundamentals/vip_checkpoints_normalized_2012_2015/single_security_history/income_vip/003816_SZ.parquet,4903,2026-08-18T17:59:21.112073+00:00,f50b328fd24d6a2c0b5b1d2357cdf6519461b911b6cae742f9213eb19a17d5a4
data/raw/fundamentals/vip_checkpoints_normalized_2012_2015/single_security_history/income_vip/300408_SZ.parquet,4880,2026-08-18T17:59:23.257856+00:00,da4046dd1251eb41ce8c75bc96d95935a96ffd34e4f1089fbb0c033c2211b814
data/raw/fundamentals/vip_checkpoints_normalized_2012_2015/single_security_history/income_vip/300413_SZ.parquet,4906,2026-08-18T17:59:25.293028+00:00,f623bc90f0ef023237081da59496057fa3a1545bc0f4f470cdebf73d3bc00f3a
data/raw/fundamentals/vip_checkpoints_normalized_2012_2015/single_security_history/income_vip/300433_SZ.parquet,4863,2026-08-18T17:59:27.407538+00:00,a910c5c35b6a52c510693df6afd9c7a139e34abcc7ec1ecaf10124b483803f48
data/raw/fundamentals/vip_checkpoints_normalized_2012_2015/single_security_history/income_vip/300450_SZ.parquet,4873,2026-08-18T17:59:29.625450+00:00,c61270787fc18927c4e04c8ce127162d61a30a40f51c974d8b4cb61621158341
data/raw/fundamentals/vip_checkpoints_normalized_2012_2015/single_security_history/income_vip/300529_SZ.parquet,4752,2026-08-18T17:59:32.046066+00:00,2cc81097bef1487aee374db35d627e766411dce3033c1836ae9e4c8391e00e25
data/raw/fundamentals/vip_checkpoints_normalized_2012_2015/single_security_history/income_vip/300558_SZ.parquet,4578,2026-08-18T17:59:34.057014+00:00,9bd6b86f5c3b87c62c5a9a81825f9fc7764d63da4479acde218cb32c0db54f21
data/raw/fundamentals/vip_checkpoints_normalized_2012_2015/single_security_history/income_vip/300595_SZ.parquet,4439,2026-08-18T17:59:36.146422+00:00,a93de583feffaf805386121a368d5eb6890eef620d0fcaeced11118db6130984
data/raw/fundamentals/vip_checkpoints_normalized_2012_2015/single_security_history/income_vip/300601_SZ.parquet,4439,2026-08-18T17:59:38.283093+00:00,d8f01b5d686d30a16f176fd7597d5bec4d2731655f30e6ddb4c0f654cd2a5bfb
data/raw/fundamentals/vip_checkpoints_normalized_2012_2015/single_security_history/income_vip/300628_SZ.parquet,4467,2026-08-18T17:59:40.576660+00:00,3afd42a353136d77c9853a8d0720da7dcb005a182339b9fafde7bf277c6db015
data/raw/fundamentals/vip_checkpoints_normalized_2012_2015/single_security_history/income_vip/300676_SZ.parquet,4494,2026-08-18T17:59:42.764695+00:00,9c14c04b1aa52982d74584daad318a715bf21c0c0e656437ef48c64088f3b28d
data/raw/fundamentals/vip_checkpoints_normalized_2012_2015/single_security_history/income_vip/300677_SZ.parquet,4439,2026-08-18T17:59:44.842612+00:00,016d75e7e8fe65cc6dec5101b38579c02220396f0be2bbf760d35d33933b052d
data/raw/fundamentals/vip_checkpoints_normalized_2012_2015/single_security_history/income_vip/600909_SH.parquet,4676,2026-08-18T17:59:47.080294+00:00,266c1ccea3ec3ad0b30dc360b12b79163829eed3ac6a408ffc593cc78497272a
data/raw/fundamentals/vip_checkpoints_normalized_2012_2015/single_security_history/income_vip/600918_SH.parquet,4861,2026-08-18T17:59:49.620137+00:00,00adc453cb2536fdb49a6367bc7818300d52de51e74c2db2a95875a7518a15a4
data/raw/fundamentals/vip_checkpoints_normalized_2012_2015/single_security_history/income_vip/600919_SH.parquet,4695,2026-08-18T17:59:52.083874+00:00,aa1d95494a6ab7a72b795a9d19c34fb7f81163a2dc06d3261a9f86ebc2462e0b
data/raw/fundamentals/vip_checkpoints_normalized_2012_2015/single_security_history/income_vip/600926_SH.parquet,4723,2026-08-18T17:59:54.477329+00:00,df76fb42cc3fa3cf2c783ab35344082c4a7e411068514a4629a9310adb4e7aaf
data/raw/fundamentals/vip_checkpoints_normalized_2012_2015/single_security_history/income_vip/600928_SH.parquet,4532,2026-08-18T17:59:56.717951+00:00,df60504927c8af817895d1cf6fe01bc61134828eac3bfdb963480d1244da258a
data/raw/fundamentals/vip_checkpoints_normalized_2012_2015/single_security_history/income_vip/600958_SH.parquet,4948,2026-08-18T17:59:58.952960+00:00,2b2cd83326cf3ec2853808a2f2f8da4227c8ee50b7f7b096acfe514ae15f57c6
data/raw/fundamentals/vip_checkpoints_normalized_2012_2015/single_security_history/income_vip/600968_SH.parquet,3593,2026-08-18T18:00:01.173737+00:00,98fa4b7971a82e245be783cf998861159cb12cc7e9b18966b916926df6c3eee2
data/raw/fundamentals/vip_checkpoints_normalized_2012_2015/single_security_history/income_vip/600977_SH.parquet,4713,2026-08-18T18:00:04.459121+00:00,62c12263c5240d99c61f37737ff3f38a7484cafa508e45158b2105512ba8c2d3
data/raw/fundamentals/vip_checkpoints_normalized_2012_2015/single_security_history/income_vip/601016_SH.parquet,5010,2026-08-18T18:00:07.605791+00:00,e142476b13f996080d2028ef15000ed6bb761bc3f4bc7dae07c4a0274f771ccd
data/raw/fundamentals/vip_checkpoints_normalized_2012_2015/single_security_history/income_vip/601021_SH.parquet,4842,2026-08-18T18:00:10.007716+00:00,1634d8d2d89cc2974ab5dbc367b4a84e94868c7bc073cc0442ca3045d6772622
data/raw/fundamentals/vip_checkpoints_normalized_2012_2015/single_security_history/income_vip/601066_SH.parquet,4780,2026-08-18T18:00:12.291776+00:00,544375557df16f740e57c143fd751628e9da491186367eefc5d08136c7bad60e
data/raw/fundamentals/vip_checkpoints_normalized_2012_2015/single_security_history/income_vip/601108_SH.parquet,4928,2026-08-18T18:00:14.424405+00:00,9b6423e4ceccd2b5f107bae60faf41e30d7bce318f51da35dde6c4ef5751af35
data/raw/fundamentals/vip_checkpoints_normalized_2012_2015/single_security_history/income_vip/601155_SH.parquet,4803,2026-08-18T18:00:16.669141+00:00,7952753e79ddb2f6bd12da276b71c2bfb5bb8b51a71d6cd67d74a888c2bb4547
data/raw/fundamentals/vip_checkpoints_normalized_2012_2015/single_security_history/income_vip/601162_SH.parquet,4776,2026-08-18T18:00:19.011416+00:00,cc5e555d7ecf67af1937f1e4ac6efc3a32d240ac72f3b28f02fd13e2c3ff4628
data/raw/fundamentals/vip_checkpoints_normalized_2012_2015/single_security_history/income_vip/601163_SH.parquet,5230,2026-08-18T18:00:21.531520+00:00,48c1ccc3941f647b0bef5324aa35db6dab681e98c6ed9e5f8b4416388ca208a2
data/raw/fundamentals/vip_checkpoints_normalized_2012_2015/single_security_history/income_vip/601198_SH.parquet,4917,2026-08-18T18:00:23.764649+00:00,418585e8660f030486a94676d86048d4e9ab182849f16882f634aa1bb6ce37fc
data/raw/fundamentals/vip_checkpoints_normalized_2012_2015/single_security_history/income_vip/601211_SH.parquet,4948,2026-08-18T18:00:25.972827+00:00,40ec05583564d87fb3142fb7d377bdaa0ef7a825ea444243862f4c717cd0105f
data/raw/fundamentals/vip_checkpoints_normalized_2012_2015/single_security_history/income_vip/601212_SH.parquet,4536,2026-08-18T18:00:28.294451+00:00,fb8a21ab09d4b7f195a3f67a7b2da3fda81691547fce84a05a3ac700f1de0963
data/raw/fundamentals/vip_checkpoints_normalized_2012_2015/single_security_history/income_vip/601228_SH.parquet,4886,2026-08-18T18:00:30.489973+00:00,4f77f0e103701e2e92a742420a8f01132c0e729cfb04a5e8c8ec096907072447
data/raw/fundamentals/vip_checkpoints_normalized_2012_2015/single_security_history/income_vip/601229_SH.parquet,4834,2026-08-18T18:00:32.730512+00:00,d72ac7e8cd4decf935b5788b5ea459d41649a9a808c0b96cb8c96aa66fcada45
data/raw/fundamentals/vip_checkpoints_normalized_2012_2015/single_security_history/income_vip/601298_SH.parquet,4553,2026-08-18T18:01:07.575601+00:00,c8a8bc2757d28e05c3cd652d9b4dcf6de07cedfcde9b4c32bef6de9cb5f0aa32
data/raw/fundamentals/vip_checkpoints_normalized_2012_2015/single_security_history/income_vip/601319_SH.parquet,4596,2026-08-18T18:01:10.210896+00:00,74b52b3c85d278a029d910e342a4d09f6121c9304ba633c6e969f1302719a5fe
data/raw/fundamentals/vip_checkpoints_normalized_2012_2015/single_security_history/income_vip/601375_SH.parquet,4704,2026-08-18T18:01:12.697994+00:00,b9f466536824a87d840f517cf26e3b7833d00e1d00b29b5974ea29fbbaa10fc4
data/raw/fundamentals/vip_checkpoints_normalized_2012_2015/single_security_history/income_vip/601577_SH.parquet,4608,2026-08-18T18:01:15.006323+00:00,1d3be98c0bda8979c75cc59bf2b3b5b6e43413d3c20fac36b4ef668cd683b5e6
data/raw/fundamentals/vip_checkpoints_normalized_2012_2015/single_security_history/income_vip/601658_SH.parquet,4719,2026-08-18T18:01:17.173694+00:00,ec66a746aa87c1f244edcd78d08e31d5a611a19e92cd9906cf1ed4a9dc475e26
data/raw/fundamentals/vip_checkpoints_normalized_2012_2015/single_security_history/income_vip/601696_SH.parquet,4795,2026-08-18T18:01:19.324783+00:00,7d58d6350c54a7a1e304b49a597b113ea6e352b7a522f296bc05f70fdd416224
data/raw/fundamentals/vip_checkpoints_normalized_2012_2015/single_security_history/income_vip/601698_SH.parquet,3593,2026-08-18T18:01:21.476296+00:00,98fa4b7971a82e245be783cf998861159cb12cc7e9b18966b916926df6c3eee2
data/raw/fundamentals/vip_checkpoints_normalized_2012_2015/single_security_history/income_vip/601816_SH.parquet,4483,2026-08-18T18:01:23.773399+00:00,683babb78a17923e6790a98f473735f13d79c3ce14f7a710afe54ad55cc930ef
data/raw/fundamentals/vip_checkpoints_normalized_2012_2015/single_security_history/income_vip/601838_SH.parquet,4478,2026-08-18T18:01:25.964136+00:00,f5c15c4da179e843f4f971efce0d5de756913bcc47112b43ce9cabc158545ee8
data/raw/fundamentals/vip_checkpoints_normalized_2012_2015/single_security_history/income_vip/601878_SH.parquet,4857,2026-08-18T18:01:28.108911+00:00,29efa766d3c956e1aaff4c64500a75513ac85630c36d94d54858a7c4ddec3070
data/raw/fundamentals/vip_checkpoints_normalized_2012_2015/single_security_history/income_vip/601881_SH.parquet,4574,2026-08-18T18:01:30.272745+00:00,9d5a9f7e6fa98adac6fc1af681fb22be88634347a881511a9b1209a717f42047
data/raw/fundamentals/vip_checkpoints_normalized_2012_2015/single_security_history/income_vip/601916_SH.parquet,4812,2026-08-18T18:01:32.586096+00:00,839e05b217061f4a518fbad7271a724e4bef189d2fdb4febb8a19e81d6d1556c
data/raw/fundamentals/vip_checkpoints_normalized_2012_2015/single_security_history/income_vip/601966_SH.parquet,4709,2026-08-18T18:01:34.778760+00:00,7a5a16bc13c466d8d334d765d2fa9b226b41208cbf4690f0e13263bd021ddce7
data/raw/fundamentals/vip_checkpoints_normalized_2012_2015/single_security_history/income_vip/601990_SH.parquet,4587,2026-08-18T18:01:37.042948+00:00,c03131c2994c2c319fbb0cfdb9ffe6f7f02b833562c7e958dc75b3773fbcf0d9
data/raw/fundamentals/vip_checkpoints_normalized_2012_2015/single_security_history/income_vip/601995_SH.parquet,4804,2026-08-18T18:01:48.250961+00:00,cf07929b1f36725f6f5ad51993d698eed4babeeeba76b5a9727dc8675d9a4dcd
data/raw/fundamentals/vip_checkpoints_normalized_2012_2015/single_security_history/income_vip/601997_SH.parquet,4776,2026-08-18T18:01:50.508772+00:00,d900373ea76a6a7d56ead6b1ec9463ca4876d161097d19e9edc497496c615f79
data/raw/fundamentals/vip_checkpoints_normalized_2012_2015/single_security_history/income_vip/603019_SH.parquet,4903,2026-08-18T18:01:52.755162+00:00,edb155ef1b4e6ca2417367d57e66dc81e69e30daff16e56fc0b668fd468c14ef
data/raw/fundamentals/vip_checkpoints_normalized_2012_2015/single_security_history/income_vip/603087_SH.parquet,4510,2026-08-18T18:01:55.136121+00:00,876d40d3465b995cc62aa0715b82c3a34d8603495f13bf4c73ad0f25cfaece90
data/raw/fundamentals/vip_checkpoints_normalized_2012_2015/single_security_history/income_vip/603156_SH.parquet,3593,2026-08-18T18:01:57.474013+00:00,98fa4b7971a82e245be783cf998861159cb12cc7e9b18966b916926df6c3eee2
data/raw/fundamentals/vip_checkpoints_normalized_2012_2015/single_security_history/income_vip/603160_SH.parquet,4701,2026-08-18T18:01:59.842687+00:00,2c9c3e3bbfbec7677eaf489c3b55d664a54c7cea402185d74b31990551139e67
data/raw/fundamentals/vip_checkpoints_normalized_2012_2015/single_security_history/income_vip/603233_SH.parquet,4494,2026-08-18T18:02:02.236144+00:00,54fd412ace7016b6159421151b6e666866bceb90ec9c94799bafc0edc38b05a0
data/raw/fundamentals/vip_checkpoints_normalized_2012_2015/single_security_history/income_vip/603259_SH.parquet,3593,2026-08-18T18:02:04.530559+00:00,98fa4b7971a82e245be783cf998861159cb12cc7e9b18966b916926df6c3eee2
data/raw/fundamentals/vip_checkpoints_normalized_2012_2015/single_security_history/income_vip/603260_SH.parquet,4494,2026-08-18T18:02:07.024604+00:00,0e77fa5de99e771203ab2fcb124a1ed79fbbf39091c62a53f654381e5dacce70
data/raw/fundamentals/vip_checkpoints_normalized_2012_2015/single_security_history/income_vip/603338_SH.parquet,4868,2026-08-18T18:02:09.295899+00:00,524c0cd359656cc0a007d2d240cf22ac5d960e99bbeaa9b9299bf00bde9a22ff
data/raw/fundamentals/vip_checkpoints_normalized_2012_2015/single_security_history/income_vip/603392_SH.parquet,4467,2026-08-18T18:02:11.461270+00:00,d52db31788f67e94efd85333981f0283a93f2779b372fc3d9218325771671fe4
data/raw/fundamentals/vip_checkpoints_normalized_2012_2015/single_security_history/income_vip/603501_SH.parquet,4518,2026-08-18T18:02:13.519347+00:00,2bd9a327718ce8bc5fe363ed117652d4b58146d6d2b3174cd5e716c2bdcffc59
data/raw/fundamentals/vip_checkpoints_normalized_2012_2015/single_security_history/income_vip/603517_SH.parquet,4494,2026-08-18T18:02:16.609137+00:00,63f82ce91cf76fa671dc7a82f7d972e1a107b4cf3a58fd2eb4bcbaef513c1cbc
data/raw/fundamentals/vip_checkpoints_normalized_2012_2015/single_security_history/income_vip/603658_SH.parquet,4699,2026-08-18T18:02:19.178733+00:00,95a80083db1b679869aac18be10b67de912e3064f1d1ce35a4b40f6e221d0eed
data/raw/fundamentals/vip_checkpoints_normalized_2012_2015/single_security_history/income_vip/603659_SH.parquet,4439,2026-08-18T18:02:21.738067+00:00,896aee4859fcfdc9f068bcd47d7278d2d3c9f53bad8e056f2ba0c0bbd6391d5d
data/raw/fundamentals/vip_checkpoints_normalized_2012_2015/single_security_history/income_vip/603806_SH.parquet,4984,2026-08-18T18:12:07.511069+00:00,f7d4508d529bf3e716f7a26a63dab503fa4505fb5c0f72fa2bb7d7f76ce85c7b
data/raw/fundamentals/vip_checkpoints_normalized_2012_2015/single_security_history/income_vip/603833_SH.parquet,4534,2026-08-18T18:12:10.420613+00:00,9e6519c5d614936651cf9ae79d2ad784642449b4b28c731a6cd5d87eea78a29f
data/raw/fundamentals/vip_checkpoints_normalized_2012_2015/single_security_history/income_vip/603858_SH.parquet,4608,2026-08-18T18:12:13.165416+00:00,f92bb421969438ecf0299c2cc201705c65a862e922396e6e4144f67a2923d98f
data/raw/fundamentals/vip_checkpoints_normalized_2012_2015/single_security_history/income_vip/603882_SH.parquet,4494,2026-08-18T18:12:16.593745+00:00,5f23c0a382940439efbf6d9d49940774b9b7945b13e9a97bf2929b66d5ff4067
data/raw/fundamentals/vip_checkpoints_normalized_2012_2015/single_security_history/income_vip/603885_SH.parquet,4838,2026-08-18T18:12:19.518319+00:00,e7499d1a60d1a1a1dd8ec6879760975acfafa03c19e5456a9a9ec50bec532eda
data/raw/fundamentals/vip_checkpoints_normalized_2012_2015/single_security_history/income_vip/603899_SH.parquet,4874,2026-08-18T18:12:22.325485+00:00,b72435f35fcc8016d17c8a4c0590e8e5bdd12051ea4eb09df5fe4fba1b1f3be2
data/raw/fundamentals/vip_checkpoints_normalized_2012_2015/single_security_history/income_vip/603939_SH.parquet,4981,2026-08-18T18:12:25.245796+00:00,ef372c80cc37c525877dcedfbf727276accd98713748676340525dd139cc78a9
data/raw/fundamentals/vip_checkpoints_normalized_2012_2015/single_security_history/income_vip/603986_SH.parquet,4708,2026-08-18T18:12:28.022861+00:00,07172df896b933202335e8c512810b5e43d3c22e2d180e9594a6d4c3166f9edb
data/raw/fundamentals/vip_checkpoints_normalized_2012_2015/single_security_history/income_vip/688111_SH.parquet,3593,2026-08-18T18:12:31.633418+00:00,98fa4b7971a82e245be783cf998861159cb12cc7e9b18966b916926df6c3eee2
data/raw/fundamentals/vip_checkpoints_normalized_2012_2015/single_security_history/income_vip/688363_SH.parquet,4431,2026-08-18T18:12:34.409564+00:00,b88f5fa4fd1d4b07e196387d3db384663d264d8b5fe04fb2213bb48330959446
data/raw/fundamentals/vip_checkpoints_normalized_2012_2015/vip/balancesheet_vip/20120630.parquet,86389,2026-08-18T17:45:23.485061+00:00,fa806c915869a3cd79e071b467fd23f3da0aefe070a1ff82bd0f86203b2151e1
data/raw/fundamentals/vip_checkpoints_normalized_2012_2015/vip/balancesheet_vip/20120930.parquet,82858,2026-08-18T17:45:32.715554+00:00,fa18471852e8e9d02fb85c13f1d05b6c9fd0fd5748cd1c15f4c135a2d0a5a8bb
data/raw/fundamentals/vip_checkpoints_normalized_2012_2015/vip/balancesheet_vip/20121231.parquet,119423,2026-08-18T17:45:42.917365+00:00,73430d3a675a9f1d3dc650754bc9498518d21d7414a5f6bcc2fe1795285bb49b
data/raw/fundamentals/vip_checkpoints_normalized_2012_2015/vip/balancesheet_vip/20130331.parquet,67488,2026-08-18T17:46:24.509711+00:00,52eb7366dcb8427ee1d3f4e7600c1ee17186e3e181111d0029b590be47411f5e
data/raw/fundamentals/vip_checkpoints_normalized_2012_2015/vip/balancesheet_vip/20130630.parquet,87453,2026-08-18T17:46:33.465851+00:00,1461d5155fbda1126b1885a12f9cc892a02c97a80ae575e9396a98adbc09d88b
data/raw/fundamentals/vip_checkpoints_normalized_2012_2015/vip/balancesheet_vip/20130930.parquet,69544,2026-08-18T17:46:41.582824+00:00,566eb3f4b89d84459106642f752ac226abeb9887fc88bda74033c7dd6ec8b2fa
data/raw/fundamentals/vip_checkpoints_normalized_2012_2015/vip/balancesheet_vip/20131231.parquet,129931,2026-08-18T17:46:50.901547+00:00,0e83c79ab9e578b06692405c42f82592f4bbecef509afc5749cd5407283c3203
data/raw/fundamentals/vip_checkpoints_normalized_2012_2015/vip/balancesheet_vip/20140331.parquet,71161,2026-08-18T17:46:59.613392+00:00,4126d838335faf7cd7ebaa9adacdc62413999d312274a40e2832629eaa98cd7f
data/raw/fundamentals/vip_checkpoints_normalized_2012_2015/vip/balancesheet_vip/20140630.parquet,77983,2026-08-18T17:47:40.652196+00:00,f96e7806f2fe127a36dd5a9d5bf81f89ee02e7d5ec4f8b009583cc604c8ea1d5
data/raw/fundamentals/vip_checkpoints_normalized_2012_2015/vip/balancesheet_vip/20140930.parquet,91932,2026-08-18T17:47:48.624075+00:00,06bbc6fb070334fc296e18720ca55ff1af146ecb6918d47776cabe0e0d4e962b
data/raw/fundamentals/vip_checkpoints_normalized_2012_2015/vip/balancesheet_vip/20141231.parquet,136251,2026-08-18T17:47:58.083659+00:00,e2247978b5a10f07a4520ddc12472824dc92835dd3472fb86fbd6acb01994346
data/raw/fundamentals/vip_checkpoints_normalized_2012_2015/vip/balancesheet_vip/20150331.parquet,78844,2026-08-18T17:49:09.780729+00:00,4ee792bafd0f7abfc60bb69768e377a5262ff1526d2e239e94d4ddad8fa9ff94
data/raw/fundamentals/vip_checkpoints_normalized_2012_2015/vip/balancesheet_vip/20150630.parquet,87153,2026-08-18T17:49:19.267121+00:00,995dd568c6bb0a300b307ef80f810d99dc169c5dde9b7258dfc2d1e01c29db2f
data/raw/fundamentals/vip_checkpoints_normalized_2012_2015/vip/fina_indicator_vip/20120630.parquet,111578,2026-08-18T17:45:26.904873+00:00,0302d3323da8ca1ce4ea17b9d702db8946f98f3dfc7898000e69f457ea9d20b9
data/raw/fundamentals/vip_checkpoints_normalized_2012_2015/vip/fina_indicator_vip/20120930.parquet,107717,2026-08-18T17:45:36.271026+00:00,600c19f728df66d631cc416b3b1ffd2cb15906c0008825f3aad00a2fcefcaf88
data/raw/fundamentals/vip_checkpoints_normalized_2012_2015/vip/fina_indicator_vip/20121231.parquet,150930,2026-08-18T17:46:19.289573+00:00,61271a2fc838a8546052ab1cf104f82d58ead8dff8aa90311a92ae4b272a19ab
data/raw/fundamentals/vip_checkpoints_normalized_2012_2015/vip/fina_indicator_vip/20130331.parquet,98993,2026-08-18T17:46:27.265448+00:00,93cd6750bacdc60661b0428aa92eec59ac4e1dda4d31e7e323a989ed33183721
data/raw/fundamentals/vip_checkpoints_normalized_2012_2015/vip/fina_indicator_vip/20130630.parquet,108642,2026-08-18T17:46:36.192420+00:00,1f52472c29add31a130d8dc80a88b41f5ebad024b67cdb255119c9ce820308bd
data/raw/fundamentals/vip_checkpoints_normalized_2012_2015/vip/fina_indicator_vip/20130930.parquet,106758,2026-08-18T17:46:44.249606+00:00,f7c878a8c1b4a732eea7e58594e21e2fe09b8c392397530592207e3295f69b29
data/raw/fundamentals/vip_checkpoints_normalized_2012_2015/vip/fina_indicator_vip/20131231.parquet,179139,2026-08-18T17:46:54.058901+00:00,7eb683b7951ea1678b581e2af4600bdd8f774fb480a1a3cae0bdbc78ed0a576e
data/raw/fundamentals/vip_checkpoints_normalized_2012_2015/vip/fina_indicator_vip/20140331.parquet,106340,2026-08-18T17:47:35.478723+00:00,593c72d6a7d9cee553d8e8795aebd310d440fcba35069427727195211603e45f
data/raw/fundamentals/vip_checkpoints_normalized_2012_2015/vip/fina_indicator_vip/20140630.parquet,125794,2026-08-18T17:47:43.379641+00:00,81dd823010f781b80094841310c17e80ca2cc4e4cea1d7ebc4aed3118e70241f
data/raw/fundamentals/vip_checkpoints_normalized_2012_2015/vip/fina_indicator_vip/20140930.parquet,113877,2026-08-18T17:47:51.364035+00:00,857c32d7db2dadc25262feebbbff281364a5b33d400a3ced1b80ee2bd3617dca
data/raw/fundamentals/vip_checkpoints_normalized_2012_2015/vip/fina_indicator_vip/20141231.parquet,193896,2026-08-18T17:49:00.117664+00:00,8483d2fc3c1192a2940424067425179eb0166230c42ba85a1f6d9c08248c4151
data/raw/fundamentals/vip_checkpoints_normalized_2012_2015/vip/fina_indicator_vip/20150331.parquet,116949,2026-08-18T17:49:12.941654+00:00,89c81a22726c4c45a4b2bc5984df06f4bd097a22eaa075f2e720cb8696d43a13
data/raw/fundamentals/vip_checkpoints_normalized_2012_2015/vip/fina_indicator_vip/20150630.parquet,151180,2026-08-18T17:49:24.060234+00:00,8588da8a7d4cd5de544d4750ae14bf91981b95016ad35a0f43a958352240f3fe
data/raw/fundamentals/vip_checkpoints_normalized_2012_2015/vip/income_vip/20120630.parquet,74095,2026-08-18T17:45:19.742613+00:00,c59cc5d60ae33431168aec869a6bc5a012713d2bd83e3fffe6e04e93eee027f0
data/raw/fundamentals/vip_checkpoints_normalized_2012_2015/vip/income_vip/20120930.parquet,73286,2026-08-18T17:45:29.470243+00:00,92f187f6f8497f417d55b73240e0fdf2d9128d1ec1dc7afbedc3a93ec967adf3
data/raw/fundamentals/vip_checkpoints_normalized_2012_2015/vip/income_vip/20121231.parquet,109124,2026-08-18T17:45:39.152770+00:00,180514d72c8d00b75ed2073b96f06fbf7abd98aa309de80f515717da526a21fa
data/raw/fundamentals/vip_checkpoints_normalized_2012_2015/vip/income_vip/20130331.parquet,72166,2026-08-18T17:46:21.850329+00:00,892941f4cdfd2c79a82ab14214b4b9ca34ce226d147b01755905699d6bac5fc2
data/raw/fundamentals/vip_checkpoints_normalized_2012_2015/vip/income_vip/20130630.parquet,76202,2026-08-18T17:46:29.844572+00:00,c346e78f2b7dc2990871b4c49823ebe01dc8abb07ebfc9788970836b0e3e6ca1
data/raw/fundamentals/vip_checkpoints_normalized_2012_2015/vip/income_vip/20130930.parquet,75368,2026-08-18T17:46:38.850994+00:00,8a38f04f6a582d074ca6f7e6890eb30ad439bc0f660f12ae4320067bc2bcf6fa
data/raw/fundamentals/vip_checkpoints_normalized_2012_2015/vip/income_vip/20131231.parquet,125928,2026-08-18T17:46:46.962027+00:00,cf78b9c42d1a76607923616a4425f8141d48af310d265d642a13074453f3d570
data/raw/fundamentals/vip_checkpoints_normalized_2012_2015/vip/income_vip/20140331.parquet,78376,2026-08-18T17:46:56.654505+00:00,e8e6b096a122ed968d9b57769ef07ce024040716dd3570c48c86822b2127f06b
data/raw/fundamentals/vip_checkpoints_normalized_2012_2015/vip/income_vip/20140630.parquet,88430,2026-08-18T17:47:38.066395+00:00,1bff4f621fd20eff7659c7ffc6a72743121b09c73968595a7643bce0f86b37dd
data/raw/fundamentals/vip_checkpoints_normalized_2012_2015/vip/income_vip/20140930.parquet,82269,2026-08-18T17:47:45.937707+00:00,866453aa4b8a5227160dc5857c1145cdf7f313e39f1cfa3bb6de78924776d31c
data/raw/fundamentals/vip_checkpoints_normalized_2012_2015/vip/income_vip/20141231.parquet,133271,2026-08-18T17:47:55.196400+00:00,eb2f11f2d1b17fd0e9d3bb94cd5fa14a888c8648ef8e331c316936e3406f7164
data/raw/fundamentals/vip_checkpoints_normalized_2012_2015/vip/income_vip/20150331.parquet,84016,2026-08-18T17:49:05.927410+00:00,69b7a76d7911fe9259c0e3db50bf50c5f2d3ceb915331b69af689adcee5f8312
data/raw/fundamentals/vip_checkpoints_normalized_2012_2015/vip/income_vip/20150630.parquet,98054,2026-08-18T17:49:15.835401+00:00,690128c25ad8147cdd8d39a37b075fbffbdbbf66971e40937f94bef089247bd9
