拟合收盘,成熟参考周期,状态行数,周期目标平均值,周期截距,新周期使用的平均截距
2017-03-01,1,59,0.02092881846220858,-0.0006978625143331876,0.02074629519537236
2017-03-01,2,52,0.09501125267143296,0.2280059679309828,0.02074629519537236
2017-03-01,3,6,-0.03344760127158214,-0.06273792925292526,0.02074629519537236
2017-03-01,4,59,0.17983739018447756,0.2939105763431636,0.02074629519537236
2017-03-01,5,25,-0.08038605495456558,-0.03869651868687662,0.02074629519537236
2017-03-01,6,59,0.024250487101779742,0.04824382792870768,0.02074629519537236
2017-03-01,8,1,-0.025405979073243636,-0.14832134325286303,0.02074629519537236
2017-03-01,9,59,0.027753862878604908,-0.03145082282719249,0.02074629519537236
2017-03-01,10,59,0.008058596622428638,-0.02150700489551258,0.02074629519537236
2017-03-01,11,59,-0.009137820667817292,-0.05928593881942726,0.02074629519537236
2017-04-05,1,59,0.02092881846220858,-0.0006978625143331876,0.02074629519537236
2017-04-05,2,52,0.09501125267143296,0.2280059679309828,0.02074629519537236
2017-04-05,3,6,-0.03344760127158214,-0.06273792925292526,0.02074629519537236
2017-04-05,4,59,0.17983739018447756,0.2939105763431636,0.02074629519537236
2017-04-05,5,25,-0.08038605495456558,-0.03869651868687662,0.02074629519537236
2017-04-05,6,59,0.024250487101779742,0.04824382792870768,0.02074629519537236
2017-04-05,8,1,-0.025405979073243636,-0.14832134325286303,0.02074629519537236
2017-04-05,9,59,0.027753862878604908,-0.03145082282719249,0.02074629519537236
2017-04-05,10,59,0.008058596622428638,-0.02150700489551258,0.02074629519537236
2017-04-05,11,59,-0.009137820667817292,-0.05928593881942726,0.02074629519537236
2017-05-02,1,59,0.02092881846220858,-0.0006978625143331876,0.02074629519537236
2017-05-02,2,52,0.09501125267143296,0.2280059679309828,0.02074629519537236
2017-05-02,3,6,-0.03344760127158214,-0.06273792925292526,0.02074629519537236
2017-05-02,4,59,0.17983739018447756,0.2939105763431636,0.02074629519537236
2017-05-02,5,25,-0.08038605495456558,-0.03869651868687662,0.02074629519537236
2017-05-02,6,59,0.024250487101779742,0.04824382792870768,0.02074629519537236
2017-05-02,8,1,-0.025405979073243636,-0.14832134325286303,0.02074629519537236
2017-05-02,9,59,0.027753862878604908,-0.03145082282719249,0.02074629519537236
2017-05-02,10,59,0.008058596622428638,-0.02150700489551258,0.02074629519537236
2017-05-02,11,59,-0.009137820667817292,-0.05928593881942726,0.02074629519537236
2017-06-01,1,59,0.02092881846220858,0.0034157423695062757,0.015678196546856506
2017-06-01,2,52,0.09501125267143296,0.23420528358872322,0.015678196546856506
2017-06-01,3,6,-0.03344760127158214,-0.05837660293103228,0.015678196546856506
2017-06-01,4,59,0.17983739018447756,0.2998590167188679,0.015678196546856506
2017-06-01,5,25,-0.08038605495456558,-0.03382256373055584,0.015678196546856506
2017-06-01,6,59,0.024250487101779742,0.05299608195063789,0.015678196546856506
2017-06-01,8,1,-0.025405979073243636,-0.1428714993862227,0.015678196546856506
2017-06-01,9,59,0.027753862878604908,-0.027729226129654103,0.015678196546856506
2017-06-01,10,59,0.008058596622428638,-0.017120982404910844,0.015678196546856506
2017-06-01,11,59,-0.009137820667817292,-0.05498640334723581,0.015678196546856506
2017-06-01,12,59,-0.035002789938302165,-0.08310868468270219,0.015678196546856506
2017-07-03,1,59,0.02092881846220858,0.0034157423695062757,0.015678196546856506
2017-07-03,2,52,0.09501125267143296,0.23420528358872322,0.015678196546856506
2017-07-03,3,6,-0.03344760127158214,-0.05837660293103228,0.015678196546856506
2017-07-03,4,59,0.17983739018447756,0.2998590167188679,0.015678196546856506
2017-07-03,5,25,-0.08038605495456558,-0.03382256373055584,0.015678196546856506
2017-07-03,6,59,0.024250487101779742,0.05299608195063789,0.015678196546856506
2017-07-03,8,1,-0.025405979073243636,-0.1428714993862227,0.015678196546856506
2017-07-03,9,59,0.027753862878604908,-0.027729226129654103,0.015678196546856506
2017-07-03,10,59,0.008058596622428638,-0.017120982404910844,0.015678196546856506
2017-07-03,11,59,-0.009137820667817292,-0.05498640334723581,0.015678196546856506
2017-07-03,12,59,-0.035002789938302165,-0.08310868468270219,0.015678196546856506
2017-08-01,1,59,0.02092881846220858,0.0034157423695062757,0.015678196546856506
2017-08-01,2,52,0.09501125267143296,0.23420528358872322,0.015678196546856506
2017-08-01,3,6,-0.03344760127158214,-0.05837660293103228,0.015678196546856506
2017-08-01,4,59,0.17983739018447756,0.2998590167188679,0.015678196546856506
2017-08-01,5,25,-0.08038605495456558,-0.03382256373055584,0.015678196546856506
2017-08-01,6,59,0.024250487101779742,0.05299608195063789,0.015678196546856506
2017-08-01,8,1,-0.025405979073243636,-0.1428714993862227,0.015678196546856506
2017-08-01,9,59,0.027753862878604908,-0.027729226129654103,0.015678196546856506
2017-08-01,10,59,0.008058596622428638,-0.017120982404910844,0.015678196546856506
2017-08-01,11,59,-0.009137820667817292,-0.05498640334723581,0.015678196546856506
2017-08-01,12,59,-0.035002789938302165,-0.08310868468270219,0.015678196546856506
2017-09-01,1,59,0.02092881846220858,0.003120577665451346,0.015816763392372046
2017-09-01,2,52,0.09501125267143296,0.23538195085787908,0.015816763392372046
2017-09-01,3,6,-0.03344760127158214,-0.05919874753349236,0.015816763392372046
2017-09-01,4,59,0.17983739018447756,0.30114924296745976,0.015816763392372046
2017-09-01,5,25,-0.08038605495456558,-0.03394597317386452,0.015816763392372046
2017-09-01,6,59,0.024250487101779742,0.05367519632308322,0.015816763392372046
2017-09-01,8,1,-0.025405979073243636,-0.1421735245862939,0.015816763392372046
2017-09-01,9,59,0.027753862878604908,-0.028245284305489844,0.015816763392372046
2017-09-01,10,59,0.008058596622428638,-0.017036501521913737,0.015816763392372046
2017-09-01,11,59,-0.009137820667817292,-0.05522975698102623,0.015816763392372046
2017-09-01,12,59,-0.035002789938302165,-0.08332919682864381,0.015816763392372046
2017-09-01,13,59,0.01734099869304303,0.015633177825315484,0.015816763392372046
2017-10-09,1,59,0.02092881846220858,0.003120577665451346,0.015816763392372046
2017-10-09,2,52,0.09501125267143296,0.23538195085787908,0.015816763392372046
2017-10-09,3,6,-0.03344760127158214,-0.05919874753349236,0.015816763392372046
2017-10-09,4,59,0.17983739018447756,0.30114924296745976,0.015816763392372046
2017-10-09,5,25,-0.08038605495456558,-0.03394597317386452,0.015816763392372046
2017-10-09,6,59,0.024250487101779742,0.05367519632308322,0.015816763392372046
2017-10-09,8,1,-0.025405979073243636,-0.1421735245862939,0.015816763392372046
2017-10-09,9,59,0.027753862878604908,-0.028245284305489844,0.015816763392372046
2017-10-09,10,59,0.008058596622428638,-0.017036501521913737,0.015816763392372046
2017-10-09,11,59,-0.009137820667817292,-0.05522975698102623,0.015816763392372046
2017-10-09,12,59,-0.035002789938302165,-0.08332919682864381,0.015816763392372046
2017-10-09,13,59,0.01734099869304303,0.015633177825315484,0.015816763392372046
2017-11-01,1,59,0.02092881846220858,0.003120577665451346,0.015816763392372046
2017-11-01,2,52,0.09501125267143296,0.23538195085787908,0.015816763392372046
2017-11-01,3,6,-0.03344760127158214,-0.05919874753349236,0.015816763392372046
2017-11-01,4,59,0.17983739018447756,0.30114924296745976,0.015816763392372046
2017-11-01,5,25,-0.08038605495456558,-0.03394597317386452,0.015816763392372046
2017-11-01,6,59,0.024250487101779742,0.05367519632308322,0.015816763392372046
2017-11-01,8,1,-0.025405979073243636,-0.1421735245862939,0.015816763392372046
2017-11-01,9,59,0.027753862878604908,-0.028245284305489844,0.015816763392372046
2017-11-01,10,59,0.008058596622428638,-0.017036501521913737,0.015816763392372046
2017-11-01,11,59,-0.009137820667817292,-0.05522975698102623,0.015816763392372046
2017-11-01,12,59,-0.035002789938302165,-0.08332919682864381,0.015816763392372046
2017-11-01,13,59,0.01734099869304303,0.015633177825315484,0.015816763392372046
2017-12-01,1,59,0.02092881846220858,0.0037253257392725787,0.018009625821604036
2017-12-01,2,52,0.09501125267143296,0.23733899113940307,0.018009625821604036
2017-12-01,3,6,-0.03344760127158214,-0.059333141443782836,0.018009625821604036
2017-12-01,4,59,0.17983739018447756,0.3031239941693431,0.018009625821604036
2017-12-01,5,25,-0.08038605495456558,-0.03328872235645456,0.018009625821604036
2017-12-01,6,59,0.024250487101779742,0.054994453057055796,0.018009625821604036
2017-12-01,8,1,-0.025405979073243636,-0.14129551687828912,0.018009625821604036
2017-12-01,9,59,0.027753862878604908,-0.027857869582717305,0.018009625821604036
2017-12-01,10,59,0.008058596622428638,-0.01611188805810037,0.018009625821604036
2017-12-01,11,59,-0.009137820667817292,-0.054514311364452145,0.018009625821604036
2017-12-01,12,59,-0.035002789938302165,-0.08265995502822363,0.018009625821604036
2017-12-01,13,59,0.01734099869304303,0.01677620076422879,0.018009625821604036
2017-12-01,14,59,0.04432397497238787,0.03322757552356914,0.018009625821604036
2018-01-02,1,59,0.02092881846220858,0.0037253257392725787,0.018009625821604036
2018-01-02,2,52,0.09501125267143296,0.23733899113940307,0.018009625821604036
2018-01-02,3,6,-0.03344760127158214,-0.059333141443782836,0.018009625821604036
2018-01-02,4,59,0.17983739018447756,0.3031239941693431,0.018009625821604036
2018-01-02,5,25,-0.08038605495456558,-0.03328872235645456,0.018009625821604036
2018-01-02,6,59,0.024250487101779742,0.054994453057055796,0.018009625821604036
2018-01-02,8,1,-0.025405979073243636,-0.14129551687828912,0.018009625821604036
2018-01-02,9,59,0.027753862878604908,-0.027857869582717305,0.018009625821604036
2018-01-02,10,59,0.008058596622428638,-0.01611188805810037,0.018009625821604036
2018-01-02,11,59,-0.009137820667817292,-0.054514311364452145,0.018009625821604036
2018-01-02,12,59,-0.035002789938302165,-0.08265995502822363,0.018009625821604036
2018-01-02,13,59,0.01734099869304303,0.01677620076422879,0.018009625821604036
2018-01-02,14,59,0.04432397497238787,0.03322757552356914,0.018009625821604036
2018-02-01,1,59,0.02092881846220858,0.0037253257392725787,0.018009625821604036
2018-02-01,2,52,0.09501125267143296,0.23733899113940307,0.018009625821604036
2018-02-01,3,6,-0.03344760127158214,-0.059333141443782836,0.018009625821604036
2018-02-01,4,59,0.17983739018447756,0.3031239941693431,0.018009625821604036
2018-02-01,5,25,-0.08038605495456558,-0.03328872235645456,0.018009625821604036
2018-02-01,6,59,0.024250487101779742,0.054994453057055796,0.018009625821604036
2018-02-01,8,1,-0.025405979073243636,-0.14129551687828912,0.018009625821604036
2018-02-01,9,59,0.027753862878604908,-0.027857869582717305,0.018009625821604036
2018-02-01,10,59,0.008058596622428638,-0.01611188805810037,0.018009625821604036
2018-02-01,11,59,-0.009137820667817292,-0.054514311364452145,0.018009625821604036
2018-02-01,12,59,-0.035002789938302165,-0.08265995502822363,0.018009625821604036
2018-02-01,13,59,0.01734099869304303,0.01677620076422879,0.018009625821604036
2018-02-01,14,59,0.04432397497238787,0.03322757552356914,0.018009625821604036
2018-03-01,1,59,0.02092881846220858,0.006567837035111906,0.012829110380296957
2018-03-01,2,52,0.09501125267143296,0.24144776277330465,0.012829110380296957
2018-03-01,3,6,-0.03344760127158214,-0.0550042303053313,0.012829110380296957
2018-03-01,4,59,0.17983739018447756,0.30727420269125727,0.012829110380296957
2018-03-01,5,25,-0.08038605495456558,-0.029102538987478388,0.012829110380296957
2018-03-01,6,59,0.024250487101779742,0.057547540167625505,0.012829110380296957
2018-03-01,8,1,-0.025405979073243636,-0.13777827970508755,0.012829110380296957
2018-03-01,9,59,0.027753862878604908,-0.025417595175610402,0.012829110380296957
2018-03-01,10,59,0.008058596622428638,-0.013272398289324833,0.012829110380296957
2018-03-01,11,59,-0.009137820667817292,-0.051621699079444756,0.012829110380296957
2018-03-01,12,59,-0.035002789938302165,-0.08013190738619858,0.012829110380296957
2018-03-01,13,59,0.01734099869304303,0.01956216493854679,0.012829110380296957
2018-03-01,14,59,0.04432397497238787,0.03608663335541678,0.012829110380296957
2018-03-01,15,56,-0.054517590356695164,-0.09654994670862976,0.012829110380296957
2018-04-02,1,59,0.02092881846220858,0.006567837035111906,0.012829110380296957
2018-04-02,2,52,0.09501125267143296,0.24144776277330465,0.012829110380296957
2018-04-02,3,6,-0.03344760127158214,-0.0550042303053313,0.012829110380296957
2018-04-02,4,59,0.17983739018447756,0.30727420269125727,0.012829110380296957
2018-04-02,5,25,-0.08038605495456558,-0.029102538987478388,0.012829110380296957
2018-04-02,6,59,0.024250487101779742,0.057547540167625505,0.012829110380296957
2018-04-02,8,1,-0.025405979073243636,-0.13777827970508755,0.012829110380296957
2018-04-02,9,59,0.027753862878604908,-0.025417595175610402,0.012829110380296957
2018-04-02,10,59,0.008058596622428638,-0.013272398289324833,0.012829110380296957
2018-04-02,11,59,-0.009137820667817292,-0.051621699079444756,0.012829110380296957
2018-04-02,12,59,-0.035002789938302165,-0.08013190738619858,0.012829110380296957
2018-04-02,13,59,0.01734099869304303,0.01956216493854679,0.012829110380296957
2018-04-02,14,59,0.04432397497238787,0.03608663335541678,0.012829110380296957
2018-04-02,15,56,-0.054517590356695164,-0.09654994670862976,0.012829110380296957
2018-05-02,1,59,0.02092881846220858,0.006567837035111906,0.012829110380296957
2018-05-02,2,52,0.09501125267143296,0.24144776277330465,0.012829110380296957
2018-05-02,3,6,-0.03344760127158214,-0.0550042303053313,0.012829110380296957
2018-05-02,4,59,0.17983739018447756,0.30727420269125727,0.012829110380296957
2018-05-02,5,25,-0.08038605495456558,-0.029102538987478388,0.012829110380296957
2018-05-02,6,59,0.024250487101779742,0.057547540167625505,0.012829110380296957
2018-05-02,8,1,-0.025405979073243636,-0.13777827970508755,0.012829110380296957
2018-05-02,9,59,0.027753862878604908,-0.025417595175610402,0.012829110380296957
2018-05-02,10,59,0.008058596622428638,-0.013272398289324833,0.012829110380296957
2018-05-02,11,59,-0.009137820667817292,-0.051621699079444756,0.012829110380296957
2018-05-02,12,59,-0.035002789938302165,-0.08013190738619858,0.012829110380296957
2018-05-02,13,59,0.01734099869304303,0.01956216493854679,0.012829110380296957
2018-05-02,14,59,0.04432397497238787,0.03608663335541678,0.012829110380296957
2018-05-02,15,56,-0.054517590356695164,-0.09654994670862976,0.012829110380296957
2018-06-01,1,59,0.02092881846220858,0.006567837035111906,0.012829110380296957
2018-06-01,2,52,0.09501125267143296,0.24144776277330465,0.012829110380296957
2018-06-01,3,6,-0.03344760127158214,-0.0550042303053313,0.012829110380296957
2018-06-01,4,59,0.17983739018447756,0.30727420269125727,0.012829110380296957
2018-06-01,5,25,-0.08038605495456558,-0.029102538987478388,0.012829110380296957
2018-06-01,6,59,0.024250487101779742,0.057547540167625505,0.012829110380296957
2018-06-01,8,1,-0.025405979073243636,-0.13777827970508755,0.012829110380296957
2018-06-01,9,59,0.027753862878604908,-0.025417595175610402,0.012829110380296957
2018-06-01,10,59,0.008058596622428638,-0.013272398289324833,0.012829110380296957
2018-06-01,11,59,-0.009137820667817292,-0.051621699079444756,0.012829110380296957
2018-06-01,12,59,-0.035002789938302165,-0.08013190738619858,0.012829110380296957
2018-06-01,13,59,0.01734099869304303,0.01956216493854679,0.012829110380296957
2018-06-01,14,59,0.04432397497238787,0.03608663335541678,0.012829110380296957
2018-06-01,15,56,-0.054517590356695164,-0.09654994670862976,0.012829110380296957
2018-07-02,1,59,0.02092881846220858,0.006567837035111906,0.012829110380296957
2018-07-02,2,52,0.09501125267143296,0.24144776277330465,0.012829110380296957
2018-07-02,3,6,-0.03344760127158214,-0.0550042303053313,0.012829110380296957
2018-07-02,4,59,0.17983739018447756,0.30727420269125727,0.012829110380296957
2018-07-02,5,25,-0.08038605495456558,-0.029102538987478388,0.012829110380296957
2018-07-02,6,59,0.024250487101779742,0.057547540167625505,0.012829110380296957
2018-07-02,8,1,-0.025405979073243636,-0.13777827970508755,0.012829110380296957
2018-07-02,9,59,0.027753862878604908,-0.025417595175610402,0.012829110380296957
2018-07-02,10,59,0.008058596622428638,-0.013272398289324833,0.012829110380296957
2018-07-02,11,59,-0.009137820667817292,-0.051621699079444756,0.012829110380296957
2018-07-02,12,59,-0.035002789938302165,-0.08013190738619858,0.012829110380296957
2018-07-02,13,59,0.01734099869304303,0.01956216493854679,0.012829110380296957
2018-07-02,14,59,0.04432397497238787,0.03608663335541678,0.012829110380296957
2018-07-02,15,56,-0.054517590356695164,-0.09654994670862976,0.012829110380296957
2018-08-01,1,59,0.02092881846220858,0.006567837035111906,0.012829110380296957
2018-08-01,2,52,0.09501125267143296,0.24144776277330465,0.012829110380296957
2018-08-01,3,6,-0.03344760127158214,-0.0550042303053313,0.012829110380296957
2018-08-01,4,59,0.17983739018447756,0.30727420269125727,0.012829110380296957
2018-08-01,5,25,-0.08038605495456558,-0.029102538987478388,0.012829110380296957
2018-08-01,6,59,0.024250487101779742,0.057547540167625505,0.012829110380296957
2018-08-01,8,1,-0.025405979073243636,-0.13777827970508755,0.012829110380296957
2018-08-01,9,59,0.027753862878604908,-0.025417595175610402,0.012829110380296957
2018-08-01,10,59,0.008058596622428638,-0.013272398289324833,0.012829110380296957
2018-08-01,11,59,-0.009137820667817292,-0.051621699079444756,0.012829110380296957
2018-08-01,12,59,-0.035002789938302165,-0.08013190738619858,0.012829110380296957
2018-08-01,13,59,0.01734099869304303,0.01956216493854679,0.012829110380296957
2018-08-01,14,59,0.04432397497238787,0.03608663335541678,0.012829110380296957
2018-08-01,15,56,-0.054517590356695164,-0.09654994670862976,0.012829110380296957
2018-09-03,1,59,0.02092881846220858,0.006567837035111906,0.012829110380296957
2018-09-03,2,52,0.09501125267143296,0.24144776277330465,0.012829110380296957
2018-09-03,3,6,-0.03344760127158214,-0.0550042303053313,0.012829110380296957
2018-09-03,4,59,0.17983739018447756,0.30727420269125727,0.012829110380296957
2018-09-03,5,25,-0.08038605495456558,-0.029102538987478388,0.012829110380296957
2018-09-03,6,59,0.024250487101779742,0.057547540167625505,0.012829110380296957
2018-09-03,8,1,-0.025405979073243636,-0.13777827970508755,0.012829110380296957
2018-09-03,9,59,0.027753862878604908,-0.025417595175610402,0.012829110380296957
2018-09-03,10,59,0.008058596622428638,-0.013272398289324833,0.012829110380296957
2018-09-03,11,59,-0.009137820667817292,-0.051621699079444756,0.012829110380296957
2018-09-03,12,59,-0.035002789938302165,-0.08013190738619858,0.012829110380296957
2018-09-03,13,59,0.01734099869304303,0.01956216493854679,0.012829110380296957
2018-09-03,14,59,0.04432397497238787,0.03608663335541678,0.012829110380296957
2018-09-03,15,56,-0.054517590356695164,-0.09654994670862976,0.012829110380296957
2018-10-08,1,59,0.02092881846220858,0.006567837035111906,0.012829110380296957
2018-10-08,2,52,0.09501125267143296,0.24144776277330465,0.012829110380296957
2018-10-08,3,6,-0.03344760127158214,-0.0550042303053313,0.012829110380296957
2018-10-08,4,59,0.17983739018447756,0.30727420269125727,0.012829110380296957
2018-10-08,5,25,-0.08038605495456558,-0.029102538987478388,0.012829110380296957
2018-10-08,6,59,0.024250487101779742,0.057547540167625505,0.012829110380296957
2018-10-08,8,1,-0.025405979073243636,-0.13777827970508755,0.012829110380296957
2018-10-08,9,59,0.027753862878604908,-0.025417595175610402,0.012829110380296957
2018-10-08,10,59,0.008058596622428638,-0.013272398289324833,0.012829110380296957
2018-10-08,11,59,-0.009137820667817292,-0.051621699079444756,0.012829110380296957
2018-10-08,12,59,-0.035002789938302165,-0.08013190738619858,0.012829110380296957
2018-10-08,13,59,0.01734099869304303,0.01956216493854679,0.012829110380296957
2018-10-08,14,59,0.04432397497238787,0.03608663335541678,0.012829110380296957
2018-10-08,15,56,-0.054517590356695164,-0.09654994670862976,0.012829110380296957
2018-11-01,1,59,0.02092881846220858,0.013388999199667889,0.009225416556969037
2018-11-01,2,52,0.09501125267143296,0.2482662474674959,0.009225416556969037
2018-11-01,3,6,-0.03344760127158214,-0.04953248656602949,0.009225416556969037
2018-11-01,4,59,0.17983739018447756,0.31386709885009045,0.009225416556969037
2018-11-01,5,25,-0.08038605495456558,-0.023416772003984267,0.009225416556969037
2018-11-01,6,59,0.024250487101779742,0.06615099788841677,0.009225416556969037
2018-11-01,8,1,-0.025405979073243636,-0.12918656147044602,0.009225416556969037
2018-11-01,9,59,0.027753862878604908,-0.018162538266669824,0.009225416556969037
2018-11-01,10,59,0.008058596622428638,-0.006091342404235757,0.009225416556969037
2018-11-01,11,59,-0.009137820667817292,-0.04474380324304209,0.009225416556969037
2018-11-01,12,59,-0.035002789938302165,-0.07284739991139472,0.009225416556969037
2018-11-01,13,59,0.01734099869304303,0.027039678724601356,0.009225416556969037
2018-11-01,14,59,0.04432397497238787,0.043267857478157416,0.009225416556969037
2018-11-01,15,56,-0.054517590356695164,-0.08991358598699303,0.009225416556969037
2018-11-01,16,7,-0.04122629696962168,-0.13970514140109905,0.009225416556969037
2018-12-03,1,59,0.02092881846220858,0.013388999199667889,0.009225416556969037
2018-12-03,2,52,0.09501125267143296,0.2482662474674959,0.009225416556969037
2018-12-03,3,6,-0.03344760127158214,-0.04953248656602949,0.009225416556969037
2018-12-03,4,59,0.17983739018447756,0.31386709885009045,0.009225416556969037
2018-12-03,5,25,-0.08038605495456558,-0.023416772003984267,0.009225416556969037
2018-12-03,6,59,0.024250487101779742,0.06615099788841677,0.009225416556969037
2018-12-03,8,1,-0.025405979073243636,-0.12918656147044602,0.009225416556969037
2018-12-03,9,59,0.027753862878604908,-0.018162538266669824,0.009225416556969037
2018-12-03,10,59,0.008058596622428638,-0.006091342404235757,0.009225416556969037
2018-12-03,11,59,-0.009137820667817292,-0.04474380324304209,0.009225416556969037
2018-12-03,12,59,-0.035002789938302165,-0.07284739991139472,0.009225416556969037
2018-12-03,13,59,0.01734099869304303,0.027039678724601356,0.009225416556969037
2018-12-03,14,59,0.04432397497238787,0.043267857478157416,0.009225416556969037
2018-12-03,15,56,-0.054517590356695164,-0.08991358598699303,0.009225416556969037
2018-12-03,16,7,-0.04122629696962168,-0.13970514140109905,0.009225416556969037
2019-01-02,1,59,0.02092881846220858,0.013388999199667889,0.009225416556969037
2019-01-02,2,52,0.09501125267143296,0.2482662474674959,0.009225416556969037
2019-01-02,3,6,-0.03344760127158214,-0.04953248656602949,0.009225416556969037
2019-01-02,4,59,0.17983739018447756,0.31386709885009045,0.009225416556969037
2019-01-02,5,25,-0.08038605495456558,-0.023416772003984267,0.009225416556969037
2019-01-02,6,59,0.024250487101779742,0.06615099788841677,0.009225416556969037
2019-01-02,8,1,-0.025405979073243636,-0.12918656147044602,0.009225416556969037
2019-01-02,9,59,0.027753862878604908,-0.018162538266669824,0.009225416556969037
2019-01-02,10,59,0.008058596622428638,-0.006091342404235757,0.009225416556969037
2019-01-02,11,59,-0.009137820667817292,-0.04474380324304209,0.009225416556969037
2019-01-02,12,59,-0.035002789938302165,-0.07284739991139472,0.009225416556969037
2019-01-02,13,59,0.01734099869304303,0.027039678724601356,0.009225416556969037
2019-01-02,14,59,0.04432397497238787,0.043267857478157416,0.009225416556969037
2019-01-02,15,56,-0.054517590356695164,-0.08991358598699303,0.009225416556969037
2019-01-02,16,7,-0.04122629696962168,-0.13970514140109905,0.009225416556969037
2019-02-01,1,59,0.02092881846220858,0.013388999199667889,0.009225416556969037
2019-02-01,2,52,0.09501125267143296,0.2482662474674959,0.009225416556969037
2019-02-01,3,6,-0.03344760127158214,-0.04953248656602949,0.009225416556969037
2019-02-01,4,59,0.17983739018447756,0.31386709885009045,0.009225416556969037
2019-02-01,5,25,-0.08038605495456558,-0.023416772003984267,0.009225416556969037
2019-02-01,6,59,0.024250487101779742,0.06615099788841677,0.009225416556969037
2019-02-01,8,1,-0.025405979073243636,-0.12918656147044602,0.009225416556969037
2019-02-01,9,59,0.027753862878604908,-0.018162538266669824,0.009225416556969037
2019-02-01,10,59,0.008058596622428638,-0.006091342404235757,0.009225416556969037
2019-02-01,11,59,-0.009137820667817292,-0.04474380324304209,0.009225416556969037
2019-02-01,12,59,-0.035002789938302165,-0.07284739991139472,0.009225416556969037
2019-02-01,13,59,0.01734099869304303,0.027039678724601356,0.009225416556969037
2019-02-01,14,59,0.04432397497238787,0.043267857478157416,0.009225416556969037
2019-02-01,15,56,-0.054517590356695164,-0.08991358598699303,0.009225416556969037
2019-02-01,16,7,-0.04122629696962168,-0.13970514140109905,0.009225416556969037
2019-03-01,1,59,0.02092881846220858,0.013388999199667889,0.009225416556969037
2019-03-01,2,52,0.09501125267143296,0.2482662474674959,0.009225416556969037
2019-03-01,3,6,-0.03344760127158214,-0.04953248656602949,0.009225416556969037
2019-03-01,4,59,0.17983739018447756,0.31386709885009045,0.009225416556969037
2019-03-01,5,25,-0.08038605495456558,-0.023416772003984267,0.009225416556969037
2019-03-01,6,59,0.024250487101779742,0.06615099788841677,0.009225416556969037
2019-03-01,8,1,-0.025405979073243636,-0.12918656147044602,0.009225416556969037
2019-03-01,9,59,0.027753862878604908,-0.018162538266669824,0.009225416556969037
2019-03-01,10,59,0.008058596622428638,-0.006091342404235757,0.009225416556969037
2019-03-01,11,59,-0.009137820667817292,-0.04474380324304209,0.009225416556969037
2019-03-01,12,59,-0.035002789938302165,-0.07284739991139472,0.009225416556969037
2019-03-01,13,59,0.01734099869304303,0.027039678724601356,0.009225416556969037
2019-03-01,14,59,0.04432397497238787,0.043267857478157416,0.009225416556969037
2019-03-01,15,56,-0.054517590356695164,-0.08991358598699303,0.009225416556969037
2019-03-01,16,7,-0.04122629696962168,-0.13970514140109905,0.009225416556969037
2019-04-01,1,59,0.02092881846220858,0.013388999199667889,0.009225416556969037
2019-04-01,2,52,0.09501125267143296,0.2482662474674959,0.009225416556969037
2019-04-01,3,6,-0.03344760127158214,-0.04953248656602949,0.009225416556969037
2019-04-01,4,59,0.17983739018447756,0.31386709885009045,0.009225416556969037
2019-04-01,5,25,-0.08038605495456558,-0.023416772003984267,0.009225416556969037
2019-04-01,6,59,0.024250487101779742,0.06615099788841677,0.009225416556969037
2019-04-01,8,1,-0.025405979073243636,-0.12918656147044602,0.009225416556969037
2019-04-01,9,59,0.027753862878604908,-0.018162538266669824,0.009225416556969037
2019-04-01,10,59,0.008058596622428638,-0.006091342404235757,0.009225416556969037
2019-04-01,11,59,-0.009137820667817292,-0.04474380324304209,0.009225416556969037
2019-04-01,12,59,-0.035002789938302165,-0.07284739991139472,0.009225416556969037
2019-04-01,13,59,0.01734099869304303,0.027039678724601356,0.009225416556969037
2019-04-01,14,59,0.04432397497238787,0.043267857478157416,0.009225416556969037
2019-04-01,15,56,-0.054517590356695164,-0.08991358598699303,0.009225416556969037
2019-04-01,16,7,-0.04122629696962168,-0.13970514140109905,0.009225416556969037
2019-05-06,1,59,0.02092881846220858,0.013388999199667889,0.009225416556969037
2019-05-06,2,52,0.09501125267143296,0.2482662474674959,0.009225416556969037
2019-05-06,3,6,-0.03344760127158214,-0.04953248656602949,0.009225416556969037
2019-05-06,4,59,0.17983739018447756,0.31386709885009045,0.009225416556969037
2019-05-06,5,25,-0.08038605495456558,-0.023416772003984267,0.009225416556969037
2019-05-06,6,59,0.024250487101779742,0.06615099788841677,0.009225416556969037
2019-05-06,8,1,-0.025405979073243636,-0.12918656147044602,0.009225416556969037
2019-05-06,9,59,0.027753862878604908,-0.018162538266669824,0.009225416556969037
2019-05-06,10,59,0.008058596622428638,-0.006091342404235757,0.009225416556969037
2019-05-06,11,59,-0.009137820667817292,-0.04474380324304209,0.009225416556969037
2019-05-06,12,59,-0.035002789938302165,-0.07284739991139472,0.009225416556969037
2019-05-06,13,59,0.01734099869304303,0.027039678724601356,0.009225416556969037
2019-05-06,14,59,0.04432397497238787,0.043267857478157416,0.009225416556969037
2019-05-06,15,56,-0.054517590356695164,-0.08991358598699303,0.009225416556969037
2019-05-06,16,7,-0.04122629696962168,-0.13970514140109905,0.009225416556969037
2019-06-03,1,59,0.02092881846220858,0.011862139088204916,0.005682071057997923
2019-06-03,2,52,0.09501125267143296,0.24597294502194053,0.005682071057997923
2019-06-03,3,6,-0.03344760127158214,-0.055072863720907014,0.005682071057997923
2019-06-03,4,59,0.17983739018447756,0.3126839371038903,0.005682071057997923
2019-06-03,5,25,-0.08038605495456558,-0.02740512919835892,0.005682071057997923
2019-06-03,6,59,0.024250487101779742,0.0650946863749857,0.005682071057997923
2019-06-03,8,1,-0.025405979073243636,-0.13078866125416888,0.005682071057997923
2019-06-03,9,59,0.027753862878604908,-0.019562481374405895,0.005682071057997923
2019-06-03,10,59,0.008058596622428638,-0.006665245471948585,0.005682071057997923
2019-06-03,11,59,-0.009137820667817292,-0.0460316375945528,0.005682071057997923
2019-06-03,12,59,-0.035002789938302165,-0.07341889265950514,0.005682071057997923
2019-06-03,13,59,0.01734099869304303,0.02670719865932434,0.005682071057997923
2019-06-03,14,59,0.04432397497238787,0.04313128632476218,0.005682071057997923
2019-06-03,15,56,-0.054517590356695164,-0.09196075942244276,0.005682071057997923
2019-06-03,16,7,-0.04122629696962168,-0.1424548526698218,0.005682071057997923
2019-06-03,17,43,-0.04746811142656885,-0.021178532279029435,0.005682071057997923
2019-07-01,1,59,0.02092881846220858,0.011862139088204916,0.005682071057997923
2019-07-01,2,52,0.09501125267143296,0.24597294502194053,0.005682071057997923
2019-07-01,3,6,-0.03344760127158214,-0.055072863720907014,0.005682071057997923
2019-07-01,4,59,0.17983739018447756,0.3126839371038903,0.005682071057997923
2019-07-01,5,25,-0.08038605495456558,-0.02740512919835892,0.005682071057997923
2019-07-01,6,59,0.024250487101779742,0.0650946863749857,0.005682071057997923
2019-07-01,8,1,-0.025405979073243636,-0.13078866125416888,0.005682071057997923
2019-07-01,9,59,0.027753862878604908,-0.019562481374405895,0.005682071057997923
2019-07-01,10,59,0.008058596622428638,-0.006665245471948585,0.005682071057997923
2019-07-01,11,59,-0.009137820667817292,-0.0460316375945528,0.005682071057997923
2019-07-01,12,59,-0.035002789938302165,-0.07341889265950514,0.005682071057997923
2019-07-01,13,59,0.01734099869304303,0.02670719865932434,0.005682071057997923
2019-07-01,14,59,0.04432397497238787,0.04313128632476218,0.005682071057997923
2019-07-01,15,56,-0.054517590356695164,-0.09196075942244276,0.005682071057997923
2019-07-01,16,7,-0.04122629696962168,-0.1424548526698218,0.005682071057997923
2019-07-01,17,43,-0.04746811142656885,-0.021178532279029435,0.005682071057997923
2019-08-01,1,59,0.02092881846220858,0.0126151558966001,0.008349494540969612
2019-08-01,2,52,0.09501125267143296,0.24846031205718502,0.008349494540969612
2019-08-01,3,6,-0.03344760127158214,-0.050061680596443725,0.008349494540969612
2019-08-01,4,59,0.17983739018447756,0.31564792481365894,0.008349494540969612
2019-08-01,5,25,-0.08038605495456558,-0.024012655108265314,0.008349494540969612
2019-08-01,6,59,0.024250487101779742,0.0673045707129221,0.008349494540969612
2019-08-01,8,1,-0.025405979073243636,-0.12491991069524586,0.008349494540969612
2019-08-01,9,59,0.027753862878604908,-0.019028989601439623,0.008349494540969612
2019-08-01,10,59,0.008058596622428638,-0.0056958421859801475,0.008349494540969612
2019-08-01,11,59,-0.009137820667817292,-0.045704050424247585,0.008349494540969612
2019-08-01,12,59,-0.035002789938302165,-0.07301930045273583,0.008349494540969612
2019-08-01,13,59,0.01734099869304303,0.027611493984567095,0.008349494540969612
2019-08-01,14,59,0.04432397497238787,0.04390003237929634,0.008349494540969612
2019-08-01,15,56,-0.054517590356695164,-0.09154544990968172,0.008349494540969612
2019-08-01,16,7,-0.04122629696962168,-0.13920983010858126,0.008349494540969612
2019-08-01,17,43,-0.04746811142656885,-0.01958834621178396,0.008349494540969612
2019-08-01,18,38,0.051028270268516716,0.01918797264665882,0.008349494540969612
2019-09-02,1,59,0.02092881846220858,0.0126151558966001,0.008349494540969612
2019-09-02,2,52,0.09501125267143296,0.24846031205718502,0.008349494540969612
2019-09-02,3,6,-0.03344760127158214,-0.050061680596443725,0.008349494540969612
2019-09-02,4,59,0.17983739018447756,0.31564792481365894,0.008349494540969612
2019-09-02,5,25,-0.08038605495456558,-0.024012655108265314,0.008349494540969612
2019-09-02,6,59,0.024250487101779742,0.0673045707129221,0.008349494540969612
2019-09-02,8,1,-0.025405979073243636,-0.12491991069524586,0.008349494540969612
2019-09-02,9,59,0.027753862878604908,-0.019028989601439623,0.008349494540969612
2019-09-02,10,59,0.008058596622428638,-0.0056958421859801475,0.008349494540969612
2019-09-02,11,59,-0.009137820667817292,-0.045704050424247585,0.008349494540969612
2019-09-02,12,59,-0.035002789938302165,-0.07301930045273583,0.008349494540969612
2019-09-02,13,59,0.01734099869304303,0.027611493984567095,0.008349494540969612
2019-09-02,14,59,0.04432397497238787,0.04390003237929634,0.008349494540969612
2019-09-02,15,56,-0.054517590356695164,-0.09154544990968172,0.008349494540969612
2019-09-02,16,7,-0.04122629696962168,-0.13920983010858126,0.008349494540969612
2019-09-02,17,43,-0.04746811142656885,-0.01958834621178396,0.008349494540969612
2019-09-02,18,38,0.051028270268516716,0.01918797264665882,0.008349494540969612
2019-10-08,1,59,0.02092881846220858,0.0126151558966001,0.008349494540969612
2019-10-08,2,52,0.09501125267143296,0.24846031205718502,0.008349494540969612
2019-10-08,3,6,-0.03344760127158214,-0.050061680596443725,0.008349494540969612
2019-10-08,4,59,0.17983739018447756,0.31564792481365894,0.008349494540969612
2019-10-08,5,25,-0.08038605495456558,-0.024012655108265314,0.008349494540969612
2019-10-08,6,59,0.024250487101779742,0.0673045707129221,0.008349494540969612
2019-10-08,8,1,-0.025405979073243636,-0.12491991069524586,0.008349494540969612
2019-10-08,9,59,0.027753862878604908,-0.019028989601439623,0.008349494540969612
2019-10-08,10,59,0.008058596622428638,-0.0056958421859801475,0.008349494540969612
2019-10-08,11,59,-0.009137820667817292,-0.045704050424247585,0.008349494540969612
2019-10-08,12,59,-0.035002789938302165,-0.07301930045273583,0.008349494540969612
2019-10-08,13,59,0.01734099869304303,0.027611493984567095,0.008349494540969612
2019-10-08,14,59,0.04432397497238787,0.04390003237929634,0.008349494540969612
2019-10-08,15,56,-0.054517590356695164,-0.09154544990968172,0.008349494540969612
2019-10-08,16,7,-0.04122629696962168,-0.13920983010858126,0.008349494540969612
2019-10-08,17,43,-0.04746811142656885,-0.01958834621178396,0.008349494540969612
2019-10-08,18,38,0.051028270268516716,0.01918797264665882,0.008349494540969612
2019-11-01,1,59,0.02092881846220858,0.0126151558966001,0.008349494540969612
2019-11-01,2,52,0.09501125267143296,0.24846031205718502,0.008349494540969612
2019-11-01,3,6,-0.03344760127158214,-0.050061680596443725,0.008349494540969612
2019-11-01,4,59,0.17983739018447756,0.31564792481365894,0.008349494540969612
2019-11-01,5,25,-0.08038605495456558,-0.024012655108265314,0.008349494540969612
2019-11-01,6,59,0.024250487101779742,0.0673045707129221,0.008349494540969612
2019-11-01,8,1,-0.025405979073243636,-0.12491991069524586,0.008349494540969612
2019-11-01,9,59,0.027753862878604908,-0.019028989601439623,0.008349494540969612
2019-11-01,10,59,0.008058596622428638,-0.0056958421859801475,0.008349494540969612
2019-11-01,11,59,-0.009137820667817292,-0.045704050424247585,0.008349494540969612
2019-11-01,12,59,-0.035002789938302165,-0.07301930045273583,0.008349494540969612
2019-11-01,13,59,0.01734099869304303,0.027611493984567095,0.008349494540969612
2019-11-01,14,59,0.04432397497238787,0.04390003237929634,0.008349494540969612
2019-11-01,15,56,-0.054517590356695164,-0.09154544990968172,0.008349494540969612
2019-11-01,16,7,-0.04122629696962168,-0.13920983010858126,0.008349494540969612
2019-11-01,17,43,-0.04746811142656885,-0.01958834621178396,0.008349494540969612
2019-11-01,18,38,0.051028270268516716,0.01918797264665882,0.008349494540969612
2019-12-02,1,59,0.02092881846220858,0.0126151558966001,0.008349494540969612
2019-12-02,2,52,0.09501125267143296,0.24846031205718502,0.008349494540969612
2019-12-02,3,6,-0.03344760127158214,-0.050061680596443725,0.008349494540969612
2019-12-02,4,59,0.17983739018447756,0.31564792481365894,0.008349494540969612
2019-12-02,5,25,-0.08038605495456558,-0.024012655108265314,0.008349494540969612
2019-12-02,6,59,0.024250487101779742,0.0673045707129221,0.008349494540969612
2019-12-02,8,1,-0.025405979073243636,-0.12491991069524586,0.008349494540969612
2019-12-02,9,59,0.027753862878604908,-0.019028989601439623,0.008349494540969612
2019-12-02,10,59,0.008058596622428638,-0.0056958421859801475,0.008349494540969612
2019-12-02,11,59,-0.009137820667817292,-0.045704050424247585,0.008349494540969612
2019-12-02,12,59,-0.035002789938302165,-0.07301930045273583,0.008349494540969612
2019-12-02,13,59,0.01734099869304303,0.027611493984567095,0.008349494540969612
2019-12-02,14,59,0.04432397497238787,0.04390003237929634,0.008349494540969612
2019-12-02,15,56,-0.054517590356695164,-0.09154544990968172,0.008349494540969612
2019-12-02,16,7,-0.04122629696962168,-0.13920983010858126,0.008349494540969612
2019-12-02,17,43,-0.04746811142656885,-0.01958834621178396,0.008349494540969612
2019-12-02,18,38,0.051028270268516716,0.01918797264665882,0.008349494540969612
2020-01-02,1,59,0.02092881846220858,0.0126151558966001,0.008349494540969612
2020-01-02,2,52,0.09501125267143296,0.24846031205718502,0.008349494540969612
2020-01-02,3,6,-0.03344760127158214,-0.050061680596443725,0.008349494540969612
2020-01-02,4,59,0.17983739018447756,0.31564792481365894,0.008349494540969612
2020-01-02,5,25,-0.08038605495456558,-0.024012655108265314,0.008349494540969612
2020-01-02,6,59,0.024250487101779742,0.0673045707129221,0.008349494540969612
2020-01-02,8,1,-0.025405979073243636,-0.12491991069524586,0.008349494540969612
2020-01-02,9,59,0.027753862878604908,-0.019028989601439623,0.008349494540969612
2020-01-02,10,59,0.008058596622428638,-0.0056958421859801475,0.008349494540969612
2020-01-02,11,59,-0.009137820667817292,-0.045704050424247585,0.008349494540969612
2020-01-02,12,59,-0.035002789938302165,-0.07301930045273583,0.008349494540969612
2020-01-02,13,59,0.01734099869304303,0.027611493984567095,0.008349494540969612
2020-01-02,14,59,0.04432397497238787,0.04390003237929634,0.008349494540969612
2020-01-02,15,56,-0.054517590356695164,-0.09154544990968172,0.008349494540969612
2020-01-02,16,7,-0.04122629696962168,-0.13920983010858126,0.008349494540969612
2020-01-02,17,43,-0.04746811142656885,-0.01958834621178396,0.008349494540969612
2020-01-02,18,38,0.051028270268516716,0.01918797264665882,0.008349494540969612
2020-02-03,1,59,0.02092881846220858,0.0126151558966001,0.008349494540969612
2020-02-03,2,52,0.09501125267143296,0.24846031205718502,0.008349494540969612
2020-02-03,3,6,-0.03344760127158214,-0.050061680596443725,0.008349494540969612
2020-02-03,4,59,0.17983739018447756,0.31564792481365894,0.008349494540969612
2020-02-03,5,25,-0.08038605495456558,-0.024012655108265314,0.008349494540969612
2020-02-03,6,59,0.024250487101779742,0.0673045707129221,0.008349494540969612
2020-02-03,8,1,-0.025405979073243636,-0.12491991069524586,0.008349494540969612
2020-02-03,9,59,0.027753862878604908,-0.019028989601439623,0.008349494540969612
2020-02-03,10,59,0.008058596622428638,-0.0056958421859801475,0.008349494540969612
2020-02-03,11,59,-0.009137820667817292,-0.045704050424247585,0.008349494540969612
2020-02-03,12,59,-0.035002789938302165,-0.07301930045273583,0.008349494540969612
2020-02-03,13,59,0.01734099869304303,0.027611493984567095,0.008349494540969612
2020-02-03,14,59,0.04432397497238787,0.04390003237929634,0.008349494540969612
2020-02-03,15,56,-0.054517590356695164,-0.09154544990968172,0.008349494540969612
2020-02-03,16,7,-0.04122629696962168,-0.13920983010858126,0.008349494540969612
2020-02-03,17,43,-0.04746811142656885,-0.01958834621178396,0.008349494540969612
2020-02-03,18,38,0.051028270268516716,0.01918797264665882,0.008349494540969612
2020-03-02,1,59,0.02092881846220858,0.0126151558966001,0.008349494540969612
2020-03-02,2,52,0.09501125267143296,0.24846031205718502,0.008349494540969612
2020-03-02,3,6,-0.03344760127158214,-0.050061680596443725,0.008349494540969612
2020-03-02,4,59,0.17983739018447756,0.31564792481365894,0.008349494540969612
2020-03-02,5,25,-0.08038605495456558,-0.024012655108265314,0.008349494540969612
2020-03-02,6,59,0.024250487101779742,0.0673045707129221,0.008349494540969612
2020-03-02,8,1,-0.025405979073243636,-0.12491991069524586,0.008349494540969612
2020-03-02,9,59,0.027753862878604908,-0.019028989601439623,0.008349494540969612
2020-03-02,10,59,0.008058596622428638,-0.0056958421859801475,0.008349494540969612
2020-03-02,11,59,-0.009137820667817292,-0.045704050424247585,0.008349494540969612
2020-03-02,12,59,-0.035002789938302165,-0.07301930045273583,0.008349494540969612
2020-03-02,13,59,0.01734099869304303,0.027611493984567095,0.008349494540969612
2020-03-02,14,59,0.04432397497238787,0.04390003237929634,0.008349494540969612
2020-03-02,15,56,-0.054517590356695164,-0.09154544990968172,0.008349494540969612
2020-03-02,16,7,-0.04122629696962168,-0.13920983010858126,0.008349494540969612
2020-03-02,17,43,-0.04746811142656885,-0.01958834621178396,0.008349494540969612
2020-03-02,18,38,0.051028270268516716,0.01918797264665882,0.008349494540969612
2020-04-01,1,59,0.02092881846220858,0.012031819825066294,0.004488338295533727
2020-04-01,2,52,0.09501125267143296,0.2487461286686594,0.004488338295533727
2020-04-01,3,6,-0.03344760127158214,-0.04888621977861955,0.004488338295533727
2020-04-01,4,59,0.17983739018447756,0.3161571516692453,0.004488338295533727
2020-04-01,5,25,-0.08038605495456558,-0.023900198245408878,0.004488338295533727
2020-04-01,6,59,0.024250487101779742,0.06938552933364127,0.004488338295533727
2020-04-01,8,1,-0.025405979073243636,-0.12133817012341783,0.004488338295533727
2020-04-01,9,59,0.027753862878604908,-0.01939055604641536,0.004488338295533727
2020-04-01,10,59,0.008058596622428638,-0.005965380386884206,0.004488338295533727
2020-04-01,11,59,-0.009137820667817292,-0.04710784729024741,0.004488338295533727
2020-04-01,12,59,-0.035002789938302165,-0.07345107451771594,0.004488338295533727
2020-04-01,13,59,0.01734099869304303,0.027742008872368697,0.004488338295533727
2020-04-01,14,59,0.04432397497238787,0.04367030053731703,0.004488338295533727
2020-04-01,15,56,-0.054517590356695164,-0.09284602628042465,0.004488338295533727
2020-04-01,16,7,-0.04122629696962168,-0.137618740305961,0.004488338295533727
2020-04-01,17,43,-0.04746811142656885,-0.02009944274219375,0.004488338295533727
2020-04-01,18,38,0.051028270268516716,0.020445186241844913,0.004488338295533727
2020-04-01,19,28,-0.061151317876876415,-0.06678438011124721,0.004488338295533727
2020-05-06,1,59,0.02092881846220858,0.012031819825066294,0.004488338295533727
2020-05-06,2,52,0.09501125267143296,0.2487461286686594,0.004488338295533727
2020-05-06,3,6,-0.03344760127158214,-0.04888621977861955,0.004488338295533727
2020-05-06,4,59,0.17983739018447756,0.3161571516692453,0.004488338295533727
2020-05-06,5,25,-0.08038605495456558,-0.023900198245408878,0.004488338295533727
2020-05-06,6,59,0.024250487101779742,0.06938552933364127,0.004488338295533727
2020-05-06,8,1,-0.025405979073243636,-0.12133817012341783,0.004488338295533727
2020-05-06,9,59,0.027753862878604908,-0.01939055604641536,0.004488338295533727
2020-05-06,10,59,0.008058596622428638,-0.005965380386884206,0.004488338295533727
2020-05-06,11,59,-0.009137820667817292,-0.04710784729024741,0.004488338295533727
2020-05-06,12,59,-0.035002789938302165,-0.07345107451771594,0.004488338295533727
2020-05-06,13,59,0.01734099869304303,0.027742008872368697,0.004488338295533727
2020-05-06,14,59,0.04432397497238787,0.04367030053731703,0.004488338295533727
2020-05-06,15,56,-0.054517590356695164,-0.09284602628042465,0.004488338295533727
2020-05-06,16,7,-0.04122629696962168,-0.137618740305961,0.004488338295533727
2020-05-06,17,43,-0.04746811142656885,-0.02009944274219375,0.004488338295533727
2020-05-06,18,38,0.051028270268516716,0.020445186241844913,0.004488338295533727
2020-05-06,19,28,-0.061151317876876415,-0.06678438011124721,0.004488338295533727
2020-06-01,1,59,0.02092881846220858,0.011771215994229652,0.004686170740688507
2020-06-01,2,52,0.09501125267143296,0.24940932703352137,0.004686170740688507
2020-06-01,3,6,-0.03344760127158214,-0.047374071739967744,0.004686170740688507
2020-06-01,4,59,0.17983739018447756,0.31680813639881555,0.004686170740688507
2020-06-01,5,25,-0.08038605495456558,-0.02351572516492964,0.004686170740688507
2020-06-01,6,59,0.024250487101779742,0.07273976986721546,0.004686170740688507
2020-06-01,8,1,-0.025405979073243636,-0.11730964672687783,0.004686170740688507
2020-06-01,9,59,0.027753862878604908,-0.018843443181632447,0.004686170740688507
2020-06-01,10,59,0.008058596622428638,-0.00560013923017217,0.004686170740688507
2020-06-01,11,59,-0.009137820667817292,-0.047127413247268934,0.004686170740688507
2020-06-01,12,59,-0.035002789938302165,-0.07348056081928184,0.004686170740688507
2020-06-01,13,59,0.01734099869304303,0.028046912082359647,0.004686170740688507
2020-06-01,14,59,0.04432397497238787,0.04345570857964304,0.004686170740688507
2020-06-01,15,56,-0.054517590356695164,-0.09310869008040239,0.004686170740688507
2020-06-01,16,7,-0.04122629696962168,-0.1348204293924886,0.004686170740688507
2020-06-01,17,43,-0.04746811142656885,-0.020112846445577027,0.004686170740688507
2020-06-01,18,38,0.051028270268516716,0.022269995709528024,0.004686170740688507
2020-06-01,19,28,-0.061151317876876415,-0.06367679877032723,0.004686170740688507
2020-06-01,20,42,0.008247154753474551,-0.010494056793305269,0.004686170740688507
2020-07-01,1,59,0.02092881846220858,0.011771215994229652,0.004686170740688507
2020-07-01,2,52,0.09501125267143296,0.24940932703352137,0.004686170740688507
2020-07-01,3,6,-0.03344760127158214,-0.047374071739967744,0.004686170740688507
2020-07-01,4,59,0.17983739018447756,0.31680813639881555,0.004686170740688507
2020-07-01,5,25,-0.08038605495456558,-0.02351572516492964,0.004686170740688507
2020-07-01,6,59,0.024250487101779742,0.07273976986721546,0.004686170740688507
2020-07-01,8,1,-0.025405979073243636,-0.11730964672687783,0.004686170740688507
2020-07-01,9,59,0.027753862878604908,-0.018843443181632447,0.004686170740688507
2020-07-01,10,59,0.008058596622428638,-0.00560013923017217,0.004686170740688507
2020-07-01,11,59,-0.009137820667817292,-0.047127413247268934,0.004686170740688507
2020-07-01,12,59,-0.035002789938302165,-0.07348056081928184,0.004686170740688507
2020-07-01,13,59,0.01734099869304303,0.028046912082359647,0.004686170740688507
2020-07-01,14,59,0.04432397497238787,0.04345570857964304,0.004686170740688507
2020-07-01,15,56,-0.054517590356695164,-0.09310869008040239,0.004686170740688507
2020-07-01,16,7,-0.04122629696962168,-0.1348204293924886,0.004686170740688507
2020-07-01,17,43,-0.04746811142656885,-0.020112846445577027,0.004686170740688507
2020-07-01,18,38,0.051028270268516716,0.022269995709528024,0.004686170740688507
2020-07-01,19,28,-0.061151317876876415,-0.06367679877032723,0.004686170740688507
2020-07-01,20,42,0.008247154753474551,-0.010494056793305269,0.004686170740688507
2020-08-03,1,59,0.02092881846220858,0.011771215994229652,0.004686170740688507
2020-08-03,2,52,0.09501125267143296,0.24940932703352137,0.004686170740688507
2020-08-03,3,6,-0.03344760127158214,-0.047374071739967744,0.004686170740688507
2020-08-03,4,59,0.17983739018447756,0.31680813639881555,0.004686170740688507
2020-08-03,5,25,-0.08038605495456558,-0.02351572516492964,0.004686170740688507
2020-08-03,6,59,0.024250487101779742,0.07273976986721546,0.004686170740688507
2020-08-03,8,1,-0.025405979073243636,-0.11730964672687783,0.004686170740688507
2020-08-03,9,59,0.027753862878604908,-0.018843443181632447,0.004686170740688507
2020-08-03,10,59,0.008058596622428638,-0.00560013923017217,0.004686170740688507
2020-08-03,11,59,-0.009137820667817292,-0.047127413247268934,0.004686170740688507
2020-08-03,12,59,-0.035002789938302165,-0.07348056081928184,0.004686170740688507
2020-08-03,13,59,0.01734099869304303,0.028046912082359647,0.004686170740688507
2020-08-03,14,59,0.04432397497238787,0.04345570857964304,0.004686170740688507
2020-08-03,15,56,-0.054517590356695164,-0.09310869008040239,0.004686170740688507
2020-08-03,16,7,-0.04122629696962168,-0.1348204293924886,0.004686170740688507
2020-08-03,17,43,-0.04746811142656885,-0.020112846445577027,0.004686170740688507
2020-08-03,18,38,0.051028270268516716,0.022269995709528024,0.004686170740688507
2020-08-03,19,28,-0.061151317876876415,-0.06367679877032723,0.004686170740688507
2020-08-03,20,42,0.008247154753474551,-0.010494056793305269,0.004686170740688507
2020-09-01,1,59,0.02092881846220858,0.011771215994229652,0.004686170740688507
2020-09-01,2,52,0.09501125267143296,0.24940932703352137,0.004686170740688507
2020-09-01,3,6,-0.03344760127158214,-0.047374071739967744,0.004686170740688507
2020-09-01,4,59,0.17983739018447756,0.31680813639881555,0.004686170740688507
2020-09-01,5,25,-0.08038605495456558,-0.02351572516492964,0.004686170740688507
2020-09-01,6,59,0.024250487101779742,0.07273976986721546,0.004686170740688507
2020-09-01,8,1,-0.025405979073243636,-0.11730964672687783,0.004686170740688507
2020-09-01,9,59,0.027753862878604908,-0.018843443181632447,0.004686170740688507
2020-09-01,10,59,0.008058596622428638,-0.00560013923017217,0.004686170740688507
2020-09-01,11,59,-0.009137820667817292,-0.047127413247268934,0.004686170740688507
2020-09-01,12,59,-0.035002789938302165,-0.07348056081928184,0.004686170740688507
2020-09-01,13,59,0.01734099869304303,0.028046912082359647,0.004686170740688507
2020-09-01,14,59,0.04432397497238787,0.04345570857964304,0.004686170740688507
2020-09-01,15,56,-0.054517590356695164,-0.09310869008040239,0.004686170740688507
2020-09-01,16,7,-0.04122629696962168,-0.1348204293924886,0.004686170740688507
2020-09-01,17,43,-0.04746811142656885,-0.020112846445577027,0.004686170740688507
2020-09-01,18,38,0.051028270268516716,0.022269995709528024,0.004686170740688507
2020-09-01,19,28,-0.061151317876876415,-0.06367679877032723,0.004686170740688507
2020-09-01,20,42,0.008247154753474551,-0.010494056793305269,0.004686170740688507
2020-10-09,1,59,0.02092881846220858,0.00880750422918102,0.004022991410046492
2020-10-09,2,52,0.09501125267143296,0.24381351963263678,0.004022991410046492
2020-10-09,3,6,-0.03344760127158214,-0.055572653999253506,0.004022991410046492
2020-10-09,4,59,0.17983739018447756,0.31232557253469817,0.004022991410046492
2020-10-09,5,25,-0.08038605495456558,-0.030257245408550938,0.004022991410046492
2020-10-09,6,59,0.024250487101779742,0.06924157226189073,0.004022991410046492
2020-10-09,8,1,-0.025405979073243636,-0.12087756020429816,0.004022991410046492
2020-10-09,9,59,0.027753862878604908,-0.021399114778139605,0.004022991410046492
2020-10-09,10,59,0.008058596622428638,-0.007711953985649837,0.004022991410046492
2020-10-09,11,59,-0.009137820667817292,-0.04965504667740361,0.004022991410046492
2020-10-09,12,59,-0.035002789938302165,-0.07517393116557552,0.004022991410046492
2020-10-09,13,59,0.01734099869304303,0.026060907605221194,0.004022991410046492
2020-10-09,14,59,0.04432397497238787,0.04179797603721715,0.004022991410046492
2020-10-09,15,56,-0.054517590356695164,-0.09634853331233464,0.004022991410046492
2020-10-09,16,7,-0.04122629696962168,-0.13896147913757997,0.004022991410046492
2020-10-09,17,43,-0.04746811142656885,-0.025691288755342535,0.004022991410046492
2020-10-09,18,38,0.051028270268516716,0.019472331139369817,0.004022991410046492
2020-10-09,19,28,-0.061151317876876415,-0.0675284821367202,0.004022991410046492
2020-10-09,20,42,0.008247154753474551,-0.012478446108037259,0.004022991410046492
2020-10-09,21,59,-0.008577415872151887,0.060596180429600785,0.004022991410046492
2020-11-02,1,59,0.02092881846220858,0.00880750422918102,0.004022991410046492
2020-11-02,2,52,0.09501125267143296,0.24381351963263678,0.004022991410046492
2020-11-02,3,6,-0.03344760127158214,-0.055572653999253506,0.004022991410046492
2020-11-02,4,59,0.17983739018447756,0.31232557253469817,0.004022991410046492
2020-11-02,5,25,-0.08038605495456558,-0.030257245408550938,0.004022991410046492
2020-11-02,6,59,0.024250487101779742,0.06924157226189073,0.004022991410046492
2020-11-02,8,1,-0.025405979073243636,-0.12087756020429816,0.004022991410046492
2020-11-02,9,59,0.027753862878604908,-0.021399114778139605,0.004022991410046492
2020-11-02,10,59,0.008058596622428638,-0.007711953985649837,0.004022991410046492
2020-11-02,11,59,-0.009137820667817292,-0.04965504667740361,0.004022991410046492
2020-11-02,12,59,-0.035002789938302165,-0.07517393116557552,0.004022991410046492
2020-11-02,13,59,0.01734099869304303,0.026060907605221194,0.004022991410046492
2020-11-02,14,59,0.04432397497238787,0.04179797603721715,0.004022991410046492
2020-11-02,15,56,-0.054517590356695164,-0.09634853331233464,0.004022991410046492
2020-11-02,16,7,-0.04122629696962168,-0.13896147913757997,0.004022991410046492
2020-11-02,17,43,-0.04746811142656885,-0.025691288755342535,0.004022991410046492
2020-11-02,18,38,0.051028270268516716,0.019472331139369817,0.004022991410046492
2020-11-02,19,28,-0.061151317876876415,-0.0675284821367202,0.004022991410046492
2020-11-02,20,42,0.008247154753474551,-0.012478446108037259,0.004022991410046492
2020-11-02,21,59,-0.008577415872151887,0.060596180429600785,0.004022991410046492
2020-12-01,1,59,0.02092881846220858,0.00880750422918102,0.004022991410046492
2020-12-01,2,52,0.09501125267143296,0.24381351963263678,0.004022991410046492
2020-12-01,3,6,-0.03344760127158214,-0.055572653999253506,0.004022991410046492
2020-12-01,4,59,0.17983739018447756,0.31232557253469817,0.004022991410046492
2020-12-01,5,25,-0.08038605495456558,-0.030257245408550938,0.004022991410046492
2020-12-01,6,59,0.024250487101779742,0.06924157226189073,0.004022991410046492
2020-12-01,8,1,-0.025405979073243636,-0.12087756020429816,0.004022991410046492
2020-12-01,9,59,0.027753862878604908,-0.021399114778139605,0.004022991410046492
2020-12-01,10,59,0.008058596622428638,-0.007711953985649837,0.004022991410046492
2020-12-01,11,59,-0.009137820667817292,-0.04965504667740361,0.004022991410046492
2020-12-01,12,59,-0.035002789938302165,-0.07517393116557552,0.004022991410046492
2020-12-01,13,59,0.01734099869304303,0.026060907605221194,0.004022991410046492
2020-12-01,14,59,0.04432397497238787,0.04179797603721715,0.004022991410046492
2020-12-01,15,56,-0.054517590356695164,-0.09634853331233464,0.004022991410046492
2020-12-01,16,7,-0.04122629696962168,-0.13896147913757997,0.004022991410046492
2020-12-01,17,43,-0.04746811142656885,-0.025691288755342535,0.004022991410046492
2020-12-01,18,38,0.051028270268516716,0.019472331139369817,0.004022991410046492
2020-12-01,19,28,-0.061151317876876415,-0.0675284821367202,0.004022991410046492
2020-12-01,20,42,0.008247154753474551,-0.012478446108037259,0.004022991410046492
2020-12-01,21,59,-0.008577415872151887,0.060596180429600785,0.004022991410046492
2021-01-04,1,59,0.02092881846220858,0.00880750422918102,0.004022991410046492
2021-01-04,2,52,0.09501125267143296,0.24381351963263678,0.004022991410046492
2021-01-04,3,6,-0.03344760127158214,-0.055572653999253506,0.004022991410046492
2021-01-04,4,59,0.17983739018447756,0.31232557253469817,0.004022991410046492
2021-01-04,5,25,-0.08038605495456558,-0.030257245408550938,0.004022991410046492
2021-01-04,6,59,0.024250487101779742,0.06924157226189073,0.004022991410046492
2021-01-04,8,1,-0.025405979073243636,-0.12087756020429816,0.004022991410046492
2021-01-04,9,59,0.027753862878604908,-0.021399114778139605,0.004022991410046492
2021-01-04,10,59,0.008058596622428638,-0.007711953985649837,0.004022991410046492
2021-01-04,11,59,-0.009137820667817292,-0.04965504667740361,0.004022991410046492
2021-01-04,12,59,-0.035002789938302165,-0.07517393116557552,0.004022991410046492
2021-01-04,13,59,0.01734099869304303,0.026060907605221194,0.004022991410046492
2021-01-04,14,59,0.04432397497238787,0.04179797603721715,0.004022991410046492
2021-01-04,15,56,-0.054517590356695164,-0.09634853331233464,0.004022991410046492
2021-01-04,16,7,-0.04122629696962168,-0.13896147913757997,0.004022991410046492
2021-01-04,17,43,-0.04746811142656885,-0.025691288755342535,0.004022991410046492
2021-01-04,18,38,0.051028270268516716,0.019472331139369817,0.004022991410046492
2021-01-04,19,28,-0.061151317876876415,-0.0675284821367202,0.004022991410046492
2021-01-04,20,42,0.008247154753474551,-0.012478446108037259,0.004022991410046492
2021-01-04,21,59,-0.008577415872151887,0.060596180429600785,0.004022991410046492
2021-02-01,1,59,0.02092881846220858,0.00880750422918102,0.004022991410046492
2021-02-01,2,52,0.09501125267143296,0.24381351963263678,0.004022991410046492
2021-02-01,3,6,-0.03344760127158214,-0.055572653999253506,0.004022991410046492
2021-02-01,4,59,0.17983739018447756,0.31232557253469817,0.004022991410046492
2021-02-01,5,25,-0.08038605495456558,-0.030257245408550938,0.004022991410046492
2021-02-01,6,59,0.024250487101779742,0.06924157226189073,0.004022991410046492
2021-02-01,8,1,-0.025405979073243636,-0.12087756020429816,0.004022991410046492
2021-02-01,9,59,0.027753862878604908,-0.021399114778139605,0.004022991410046492
2021-02-01,10,59,0.008058596622428638,-0.007711953985649837,0.004022991410046492
2021-02-01,11,59,-0.009137820667817292,-0.04965504667740361,0.004022991410046492
2021-02-01,12,59,-0.035002789938302165,-0.07517393116557552,0.004022991410046492
2021-02-01,13,59,0.01734099869304303,0.026060907605221194,0.004022991410046492
2021-02-01,14,59,0.04432397497238787,0.04179797603721715,0.004022991410046492
2021-02-01,15,56,-0.054517590356695164,-0.09634853331233464,0.004022991410046492
2021-02-01,16,7,-0.04122629696962168,-0.13896147913757997,0.004022991410046492
2021-02-01,17,43,-0.04746811142656885,-0.025691288755342535,0.004022991410046492
2021-02-01,18,38,0.051028270268516716,0.019472331139369817,0.004022991410046492
2021-02-01,19,28,-0.061151317876876415,-0.0675284821367202,0.004022991410046492
2021-02-01,20,42,0.008247154753474551,-0.012478446108037259,0.004022991410046492
2021-02-01,21,59,-0.008577415872151887,0.060596180429600785,0.004022991410046492
2021-03-01,2,52,0.09501125267143296,0.24298462649872515,0.0016895366652587237
2021-03-01,3,6,-0.03344760127158214,-0.056307194841853855,0.0016895366652587237
2021-03-01,4,59,0.17983739018447756,0.31144954621200066,0.0016895366652587237
2021-03-01,5,25,-0.08038605495456558,-0.031127657351663673,0.0016895366652587237
2021-03-01,6,59,0.024250487101779742,0.06852230004345902,0.0016895366652587237
2021-03-01,8,1,-0.025405979073243636,-0.12176901927855652,0.0016895366652587237
2021-03-01,9,59,0.027753862878604908,-0.022399492291336753,0.0016895366652587237
2021-03-01,10,59,0.008058596622428638,-0.008719143281392828,0.0016895366652587237
2021-03-01,11,59,-0.009137820667817292,-0.05068401760675168,0.0016895366652587237
2021-03-01,12,59,-0.035002789938302165,-0.07624225207901231,0.0016895366652587237
2021-03-01,13,59,0.01734099869304303,0.02505655290282857,0.0016895366652587237
2021-03-01,14,59,0.04432397497238787,0.040748688332149015,0.0016895366652587237
2021-03-01,15,56,-0.054517590356695164,-0.09740170891280968,0.0016895366652587237
2021-03-01,16,7,-0.04122629696962168,-0.13984719590694872,0.0016895366652587237
2021-03-01,17,43,-0.04746811142656885,-0.02667797197085661,0.0016895366652587237
2021-03-01,18,38,0.051028270268516716,0.018620689362214136,0.0016895366652587237
2021-03-01,19,28,-0.061151317876876415,-0.06826647200251591,0.0016895366652587237
2021-03-01,20,42,0.008247154753474551,-0.013313508686274187,0.0016895366652587237
2021-03-01,21,59,-0.008577415872151887,0.05970656762950964,0.0016895366652587237
2021-03-01,22,33,-0.02574027643354664,-0.02054260346573895,0.0016895366652587237
2021-04-01,2,52,0.09501125267143296,0.24298462649872515,0.0016895366652587237
2021-04-01,3,6,-0.03344760127158214,-0.056307194841853855,0.0016895366652587237
2021-04-01,4,59,0.17983739018447756,0.31144954621200066,0.0016895366652587237
2021-04-01,5,25,-0.08038605495456558,-0.031127657351663673,0.0016895366652587237
2021-04-01,6,59,0.024250487101779742,0.06852230004345902,0.0016895366652587237
2021-04-01,8,1,-0.025405979073243636,-0.12176901927855652,0.0016895366652587237
2021-04-01,9,59,0.027753862878604908,-0.022399492291336753,0.0016895366652587237
2021-04-01,10,59,0.008058596622428638,-0.008719143281392828,0.0016895366652587237
2021-04-01,11,59,-0.009137820667817292,-0.05068401760675168,0.0016895366652587237
2021-04-01,12,59,-0.035002789938302165,-0.07624225207901231,0.0016895366652587237
2021-04-01,13,59,0.01734099869304303,0.02505655290282857,0.0016895366652587237
2021-04-01,14,59,0.04432397497238787,0.040748688332149015,0.0016895366652587237
2021-04-01,15,56,-0.054517590356695164,-0.09740170891280968,0.0016895366652587237
2021-04-01,16,7,-0.04122629696962168,-0.13984719590694872,0.0016895366652587237
2021-04-01,17,43,-0.04746811142656885,-0.02667797197085661,0.0016895366652587237
2021-04-01,18,38,0.051028270268516716,0.018620689362214136,0.0016895366652587237
2021-04-01,19,28,-0.061151317876876415,-0.06826647200251591,0.0016895366652587237
2021-04-01,20,42,0.008247154753474551,-0.013313508686274187,0.0016895366652587237
2021-04-01,21,59,-0.008577415872151887,0.05970656762950964,0.0016895366652587237
2021-04-01,22,33,-0.02574027643354664,-0.02054260346573895,0.0016895366652587237
2021-05-06,2,52,0.09501125267143296,0.24298462649872515,0.0016895366652587237
2021-05-06,3,6,-0.03344760127158214,-0.056307194841853855,0.0016895366652587237
2021-05-06,4,59,0.17983739018447756,0.31144954621200066,0.0016895366652587237
2021-05-06,5,25,-0.08038605495456558,-0.031127657351663673,0.0016895366652587237
2021-05-06,6,59,0.024250487101779742,0.06852230004345902,0.0016895366652587237
2021-05-06,8,1,-0.025405979073243636,-0.12176901927855652,0.0016895366652587237
2021-05-06,9,59,0.027753862878604908,-0.022399492291336753,0.0016895366652587237
2021-05-06,10,59,0.008058596622428638,-0.008719143281392828,0.0016895366652587237
2021-05-06,11,59,-0.009137820667817292,-0.05068401760675168,0.0016895366652587237
2021-05-06,12,59,-0.035002789938302165,-0.07624225207901231,0.0016895366652587237
2021-05-06,13,59,0.01734099869304303,0.02505655290282857,0.0016895366652587237
2021-05-06,14,59,0.04432397497238787,0.040748688332149015,0.0016895366652587237
2021-05-06,15,56,-0.054517590356695164,-0.09740170891280968,0.0016895366652587237
2021-05-06,16,7,-0.04122629696962168,-0.13984719590694872,0.0016895366652587237
2021-05-06,17,43,-0.04746811142656885,-0.02667797197085661,0.0016895366652587237
2021-05-06,18,38,0.051028270268516716,0.018620689362214136,0.0016895366652587237
2021-05-06,19,28,-0.061151317876876415,-0.06826647200251591,0.0016895366652587237
2021-05-06,20,42,0.008247154753474551,-0.013313508686274187,0.0016895366652587237
2021-05-06,21,59,-0.008577415872151887,0.05970656762950964,0.0016895366652587237
2021-05-06,22,33,-0.02574027643354664,-0.02054260346573895,0.0016895366652587237
2021-06-01,2,52,0.09501125267143296,0.24298462649872515,0.0016895366652587237
2021-06-01,3,6,-0.03344760127158214,-0.056307194841853855,0.0016895366652587237
2021-06-01,4,59,0.17983739018447756,0.31144954621200066,0.0016895366652587237
2021-06-01,5,25,-0.08038605495456558,-0.031127657351663673,0.0016895366652587237
2021-06-01,6,59,0.024250487101779742,0.06852230004345902,0.0016895366652587237
2021-06-01,8,1,-0.025405979073243636,-0.12176901927855652,0.0016895366652587237
2021-06-01,9,59,0.027753862878604908,-0.022399492291336753,0.0016895366652587237
2021-06-01,10,59,0.008058596622428638,-0.008719143281392828,0.0016895366652587237
2021-06-01,11,59,-0.009137820667817292,-0.05068401760675168,0.0016895366652587237
2021-06-01,12,59,-0.035002789938302165,-0.07624225207901231,0.0016895366652587237
2021-06-01,13,59,0.01734099869304303,0.02505655290282857,0.0016895366652587237
2021-06-01,14,59,0.04432397497238787,0.040748688332149015,0.0016895366652587237
2021-06-01,15,56,-0.054517590356695164,-0.09740170891280968,0.0016895366652587237
2021-06-01,16,7,-0.04122629696962168,-0.13984719590694872,0.0016895366652587237
2021-06-01,17,43,-0.04746811142656885,-0.02667797197085661,0.0016895366652587237
2021-06-01,18,38,0.051028270268516716,0.018620689362214136,0.0016895366652587237
2021-06-01,19,28,-0.061151317876876415,-0.06826647200251591,0.0016895366652587237
2021-06-01,20,42,0.008247154753474551,-0.013313508686274187,0.0016895366652587237
2021-06-01,21,59,-0.008577415872151887,0.05970656762950964,0.0016895366652587237
2021-06-01,22,33,-0.02574027643354664,-0.02054260346573895,0.0016895366652587237
2021-07-01,2,52,0.09501125267143296,0.24298462649872515,0.0016895366652587237
2021-07-01,3,6,-0.03344760127158214,-0.056307194841853855,0.0016895366652587237
2021-07-01,4,59,0.17983739018447756,0.31144954621200066,0.0016895366652587237
2021-07-01,5,25,-0.08038605495456558,-0.031127657351663673,0.0016895366652587237
2021-07-01,6,59,0.024250487101779742,0.06852230004345902,0.0016895366652587237
2021-07-01,8,1,-0.025405979073243636,-0.12176901927855652,0.0016895366652587237
2021-07-01,9,59,0.027753862878604908,-0.022399492291336753,0.0016895366652587237
2021-07-01,10,59,0.008058596622428638,-0.008719143281392828,0.0016895366652587237
2021-07-01,11,59,-0.009137820667817292,-0.05068401760675168,0.0016895366652587237
2021-07-01,12,59,-0.035002789938302165,-0.07624225207901231,0.0016895366652587237
2021-07-01,13,59,0.01734099869304303,0.02505655290282857,0.0016895366652587237
2021-07-01,14,59,0.04432397497238787,0.040748688332149015,0.0016895366652587237
2021-07-01,15,56,-0.054517590356695164,-0.09740170891280968,0.0016895366652587237
2021-07-01,16,7,-0.04122629696962168,-0.13984719590694872,0.0016895366652587237
2021-07-01,17,43,-0.04746811142656885,-0.02667797197085661,0.0016895366652587237
2021-07-01,18,38,0.051028270268516716,0.018620689362214136,0.0016895366652587237
2021-07-01,19,28,-0.061151317876876415,-0.06826647200251591,0.0016895366652587237
2021-07-01,20,42,0.008247154753474551,-0.013313508686274187,0.0016895366652587237
2021-07-01,21,59,-0.008577415872151887,0.05970656762950964,0.0016895366652587237
2021-07-01,22,33,-0.02574027643354664,-0.02054260346573895,0.0016895366652587237
2021-08-02,3,6,-0.03344760127158214,-0.06180025068458667,-0.006688276790508291
2021-08-02,4,59,0.17983739018447756,0.3150363830632992,-0.006688276790508291
2021-08-02,5,25,-0.08038605495456558,-0.033269879595971864,-0.006688276790508291
2021-08-02,6,59,0.024250487101779742,0.08382572821667449,-0.006688276790508291
2021-08-02,8,1,-0.025405979073243636,-0.10610872218759365,-0.006688276790508291
2021-08-02,9,59,0.027753862878604908,-0.007778082444510823,-0.006688276790508291
2021-08-02,10,59,0.008058596622428638,0.005804041872810852,-0.006688276790508291
2021-08-02,11,59,-0.009137820667817292,-0.03635777913478673,-0.006688276790508291
2021-08-02,12,59,-0.035002789938302165,-0.060025464004432524,-0.006688276790508291
2021-08-02,13,59,0.01734099869304303,0.04040524531523983,-0.006688276790508291
2021-08-02,14,59,0.04432397497238787,0.05583310820755047,-0.006688276790508291
2021-08-02,15,56,-0.054517590356695164,-0.08586118581450797,-0.006688276790508291
2021-08-02,16,7,-0.04122629696962168,-0.12466182998237121,-0.006688276790508291
2021-08-02,17,43,-0.04746811142656885,-0.02276568106200338,-0.006688276790508291
2021-08-02,18,38,0.051028270268516716,0.03009604430584314,-0.006688276790508291
2021-08-02,19,28,-0.061151317876876415,-0.05763019543040464,-0.006688276790508291
2021-08-02,20,42,0.008247154753474551,0.0031924287457819967,-0.006688276790508291
2021-08-02,21,59,-0.008577415872151887,0.06663899675514898,-0.006688276790508291
2021-08-02,22,33,-0.02574027643354664,-0.011787134820426013,-0.006688276790508291
2021-08-02,23,34,-0.07175222090750691,-0.12655130713091925,-0.006688276790508291
2021-09-01,3,6,-0.03344760127158214,-0.06180025068458667,-0.006688276790508291
2021-09-01,4,59,0.17983739018447756,0.3150363830632992,-0.006688276790508291
2021-09-01,5,25,-0.08038605495456558,-0.033269879595971864,-0.006688276790508291
2021-09-01,6,59,0.024250487101779742,0.08382572821667449,-0.006688276790508291
2021-09-01,8,1,-0.025405979073243636,-0.10610872218759365,-0.006688276790508291
2021-09-01,9,59,0.027753862878604908,-0.007778082444510823,-0.006688276790508291
2021-09-01,10,59,0.008058596622428638,0.005804041872810852,-0.006688276790508291
2021-09-01,11,59,-0.009137820667817292,-0.03635777913478673,-0.006688276790508291
2021-09-01,12,59,-0.035002789938302165,-0.060025464004432524,-0.006688276790508291
2021-09-01,13,59,0.01734099869304303,0.04040524531523983,-0.006688276790508291
2021-09-01,14,59,0.04432397497238787,0.05583310820755047,-0.006688276790508291
2021-09-01,15,56,-0.054517590356695164,-0.08586118581450797,-0.006688276790508291
2021-09-01,16,7,-0.04122629696962168,-0.12466182998237121,-0.006688276790508291
2021-09-01,17,43,-0.04746811142656885,-0.02276568106200338,-0.006688276790508291
2021-09-01,18,38,0.051028270268516716,0.03009604430584314,-0.006688276790508291
2021-09-01,19,28,-0.061151317876876415,-0.05763019543040464,-0.006688276790508291
2021-09-01,20,42,0.008247154753474551,0.0031924287457819967,-0.006688276790508291
2021-09-01,21,59,-0.008577415872151887,0.06663899675514898,-0.006688276790508291
2021-09-01,22,33,-0.02574027643354664,-0.011787134820426013,-0.006688276790508291
2021-09-01,23,34,-0.07175222090750691,-0.12655130713091925,-0.006688276790508291
2021-10-08,3,6,-0.03344760127158214,-0.06180025068458667,-0.006688276790508291
2021-10-08,4,59,0.17983739018447756,0.3150363830632992,-0.006688276790508291
2021-10-08,5,25,-0.08038605495456558,-0.033269879595971864,-0.006688276790508291
2021-10-08,6,59,0.024250487101779742,0.08382572821667449,-0.006688276790508291
2021-10-08,8,1,-0.025405979073243636,-0.10610872218759365,-0.006688276790508291
2021-10-08,9,59,0.027753862878604908,-0.007778082444510823,-0.006688276790508291
2021-10-08,10,59,0.008058596622428638,0.005804041872810852,-0.006688276790508291
2021-10-08,11,59,-0.009137820667817292,-0.03635777913478673,-0.006688276790508291
2021-10-08,12,59,-0.035002789938302165,-0.060025464004432524,-0.006688276790508291
2021-10-08,13,59,0.01734099869304303,0.04040524531523983,-0.006688276790508291
2021-10-08,14,59,0.04432397497238787,0.05583310820755047,-0.006688276790508291
2021-10-08,15,56,-0.054517590356695164,-0.08586118581450797,-0.006688276790508291
2021-10-08,16,7,-0.04122629696962168,-0.12466182998237121,-0.006688276790508291
2021-10-08,17,43,-0.04746811142656885,-0.02276568106200338,-0.006688276790508291
2021-10-08,18,38,0.051028270268516716,0.03009604430584314,-0.006688276790508291
2021-10-08,19,28,-0.061151317876876415,-0.05763019543040464,-0.006688276790508291
2021-10-08,20,42,0.008247154753474551,0.0031924287457819967,-0.006688276790508291
2021-10-08,21,59,-0.008577415872151887,0.06663899675514898,-0.006688276790508291
2021-10-08,22,33,-0.02574027643354664,-0.011787134820426013,-0.006688276790508291
2021-10-08,23,34,-0.07175222090750691,-0.12655130713091925,-0.006688276790508291
2021-11-01,3,6,-0.03344760127158214,-0.06180025068458667,-0.006688276790508291
2021-11-01,4,59,0.17983739018447756,0.3150363830632992,-0.006688276790508291
2021-11-01,5,25,-0.08038605495456558,-0.033269879595971864,-0.006688276790508291
2021-11-01,6,59,0.024250487101779742,0.08382572821667449,-0.006688276790508291
2021-11-01,8,1,-0.025405979073243636,-0.10610872218759365,-0.006688276790508291
2021-11-01,9,59,0.027753862878604908,-0.007778082444510823,-0.006688276790508291
2021-11-01,10,59,0.008058596622428638,0.005804041872810852,-0.006688276790508291
2021-11-01,11,59,-0.009137820667817292,-0.03635777913478673,-0.006688276790508291
2021-11-01,12,59,-0.035002789938302165,-0.060025464004432524,-0.006688276790508291
2021-11-01,13,59,0.01734099869304303,0.04040524531523983,-0.006688276790508291
2021-11-01,14,59,0.04432397497238787,0.05583310820755047,-0.006688276790508291
2021-11-01,15,56,-0.054517590356695164,-0.08586118581450797,-0.006688276790508291
2021-11-01,16,7,-0.04122629696962168,-0.12466182998237121,-0.006688276790508291
2021-11-01,17,43,-0.04746811142656885,-0.02276568106200338,-0.006688276790508291
2021-11-01,18,38,0.051028270268516716,0.03009604430584314,-0.006688276790508291
2021-11-01,19,28,-0.061151317876876415,-0.05763019543040464,-0.006688276790508291
2021-11-01,20,42,0.008247154753474551,0.0031924287457819967,-0.006688276790508291
2021-11-01,21,59,-0.008577415872151887,0.06663899675514898,-0.006688276790508291
2021-11-01,22,33,-0.02574027643354664,-0.011787134820426013,-0.006688276790508291
2021-11-01,23,34,-0.07175222090750691,-0.12655130713091925,-0.006688276790508291
2021-12-01,3,6,-0.03344760127158214,-0.06180025068458667,-0.006688276790508291
2021-12-01,4,59,0.17983739018447756,0.3150363830632992,-0.006688276790508291
2021-12-01,5,25,-0.08038605495456558,-0.033269879595971864,-0.006688276790508291
2021-12-01,6,59,0.024250487101779742,0.08382572821667449,-0.006688276790508291
2021-12-01,8,1,-0.025405979073243636,-0.10610872218759365,-0.006688276790508291
2021-12-01,9,59,0.027753862878604908,-0.007778082444510823,-0.006688276790508291
2021-12-01,10,59,0.008058596622428638,0.005804041872810852,-0.006688276790508291
2021-12-01,11,59,-0.009137820667817292,-0.03635777913478673,-0.006688276790508291
2021-12-01,12,59,-0.035002789938302165,-0.060025464004432524,-0.006688276790508291
2021-12-01,13,59,0.01734099869304303,0.04040524531523983,-0.006688276790508291
2021-12-01,14,59,0.04432397497238787,0.05583310820755047,-0.006688276790508291
2021-12-01,15,56,-0.054517590356695164,-0.08586118581450797,-0.006688276790508291
2021-12-01,16,7,-0.04122629696962168,-0.12466182998237121,-0.006688276790508291
2021-12-01,17,43,-0.04746811142656885,-0.02276568106200338,-0.006688276790508291
2021-12-01,18,38,0.051028270268516716,0.03009604430584314,-0.006688276790508291
2021-12-01,19,28,-0.061151317876876415,-0.05763019543040464,-0.006688276790508291
2021-12-01,20,42,0.008247154753474551,0.0031924287457819967,-0.006688276790508291
2021-12-01,21,59,-0.008577415872151887,0.06663899675514898,-0.006688276790508291
2021-12-01,22,33,-0.02574027643354664,-0.011787134820426013,-0.006688276790508291
2021-12-01,23,34,-0.07175222090750691,-0.12655130713091925,-0.006688276790508291
2022-01-04,3,6,-0.03344760127158214,-0.06180025068458667,-0.006688276790508291
2022-01-04,4,59,0.17983739018447756,0.3150363830632992,-0.006688276790508291
2022-01-04,5,25,-0.08038605495456558,-0.033269879595971864,-0.006688276790508291
2022-01-04,6,59,0.024250487101779742,0.08382572821667449,-0.006688276790508291
2022-01-04,8,1,-0.025405979073243636,-0.10610872218759365,-0.006688276790508291
2022-01-04,9,59,0.027753862878604908,-0.007778082444510823,-0.006688276790508291
2022-01-04,10,59,0.008058596622428638,0.005804041872810852,-0.006688276790508291
2022-01-04,11,59,-0.009137820667817292,-0.03635777913478673,-0.006688276790508291
2022-01-04,12,59,-0.035002789938302165,-0.060025464004432524,-0.006688276790508291
2022-01-04,13,59,0.01734099869304303,0.04040524531523983,-0.006688276790508291
2022-01-04,14,59,0.04432397497238787,0.05583310820755047,-0.006688276790508291
2022-01-04,15,56,-0.054517590356695164,-0.08586118581450797,-0.006688276790508291
2022-01-04,16,7,-0.04122629696962168,-0.12466182998237121,-0.006688276790508291
2022-01-04,17,43,-0.04746811142656885,-0.02276568106200338,-0.006688276790508291
2022-01-04,18,38,0.051028270268516716,0.03009604430584314,-0.006688276790508291
2022-01-04,19,28,-0.061151317876876415,-0.05763019543040464,-0.006688276790508291
2022-01-04,20,42,0.008247154753474551,0.0031924287457819967,-0.006688276790508291
2022-01-04,21,59,-0.008577415872151887,0.06663899675514898,-0.006688276790508291
2022-01-04,22,33,-0.02574027643354664,-0.011787134820426013,-0.006688276790508291
2022-01-04,23,34,-0.07175222090750691,-0.12655130713091925,-0.006688276790508291
2022-02-07,4,59,0.17983739018447756,0.31576984557247956,-0.006785461429126491
2022-02-07,5,25,-0.08038605495456558,-0.03254940400404029,-0.006785461429126491
2022-02-07,6,59,0.024250487101779742,0.08283900803179713,-0.006785461429126491
2022-02-07,8,1,-0.025405979073243636,-0.10554584715345122,-0.006785461429126491
2022-02-07,9,59,0.027753862878604908,-0.007826882997804027,-0.006785461429126491
2022-02-07,10,59,0.008058596622428638,0.006274639888153571,-0.006785461429126491
2022-02-07,11,59,-0.009137820667817292,-0.03579260357152739,-0.006785461429126491
2022-02-07,12,59,-0.035002789938302165,-0.05969443126786543,-0.006785461429126491
2022-02-07,13,59,0.01734099869304303,0.04072075173285469,-0.006785461429126491
2022-02-07,14,59,0.04432397497238787,0.056458234652335515,-0.006785461429126491
2022-02-07,15,56,-0.054517590356695164,-0.08547074664419214,-0.006785461429126491
2022-02-07,16,7,-0.04122629696962168,-0.124813696195674,-0.006785461429126491
2022-02-07,17,43,-0.04746811142656885,-0.022634611213461078,-0.006785461429126491
2022-02-07,18,38,0.051028270268516716,0.030391944631225475,-0.006785461429126491
2022-02-07,19,28,-0.061151317876876415,-0.05785648490250429,-0.006785461429126491
2022-02-07,20,42,0.008247154753474551,0.0029873379932710354,-0.006785461429126491
2022-02-07,21,59,-0.008577415872151887,0.06713137492605,-0.006785461429126491
2022-02-07,22,33,-0.02574027643354664,-0.0114630205543156,-0.006785461429126491
2022-02-07,23,34,-0.07175222090750691,-0.12640388474931832,-0.006785461429126491
2022-02-07,24,54,-0.03518260027451616,-0.06823075275654304,-0.006785461429126491
2022-03-01,4,59,0.17983739018447756,0.31576984557247956,-0.006785461429126491
2022-03-01,5,25,-0.08038605495456558,-0.03254940400404029,-0.006785461429126491
2022-03-01,6,59,0.024250487101779742,0.08283900803179713,-0.006785461429126491
2022-03-01,8,1,-0.025405979073243636,-0.10554584715345122,-0.006785461429126491
2022-03-01,9,59,0.027753862878604908,-0.007826882997804027,-0.006785461429126491
2022-03-01,10,59,0.008058596622428638,0.006274639888153571,-0.006785461429126491
2022-03-01,11,59,-0.009137820667817292,-0.03579260357152739,-0.006785461429126491
2022-03-01,12,59,-0.035002789938302165,-0.05969443126786543,-0.006785461429126491
2022-03-01,13,59,0.01734099869304303,0.04072075173285469,-0.006785461429126491
2022-03-01,14,59,0.04432397497238787,0.056458234652335515,-0.006785461429126491
2022-03-01,15,56,-0.054517590356695164,-0.08547074664419214,-0.006785461429126491
2022-03-01,16,7,-0.04122629696962168,-0.124813696195674,-0.006785461429126491
2022-03-01,17,43,-0.04746811142656885,-0.022634611213461078,-0.006785461429126491
2022-03-01,18,38,0.051028270268516716,0.030391944631225475,-0.006785461429126491
2022-03-01,19,28,-0.061151317876876415,-0.05785648490250429,-0.006785461429126491
2022-03-01,20,42,0.008247154753474551,0.0029873379932710354,-0.006785461429126491
2022-03-01,21,59,-0.008577415872151887,0.06713137492605,-0.006785461429126491
2022-03-01,22,33,-0.02574027643354664,-0.0114630205543156,-0.006785461429126491
2022-03-01,23,34,-0.07175222090750691,-0.12640388474931832,-0.006785461429126491
2022-03-01,24,54,-0.03518260027451616,-0.06823075275654304,-0.006785461429126491
2022-04-01,4,59,0.17983739018447756,0.31576984557247956,-0.006785461429126491
2022-04-01,5,25,-0.08038605495456558,-0.03254940400404029,-0.006785461429126491
2022-04-01,6,59,0.024250487101779742,0.08283900803179713,-0.006785461429126491
2022-04-01,8,1,-0.025405979073243636,-0.10554584715345122,-0.006785461429126491
2022-04-01,9,59,0.027753862878604908,-0.007826882997804027,-0.006785461429126491
2022-04-01,10,59,0.008058596622428638,0.006274639888153571,-0.006785461429126491
2022-04-01,11,59,-0.009137820667817292,-0.03579260357152739,-0.006785461429126491
2022-04-01,12,59,-0.035002789938302165,-0.05969443126786543,-0.006785461429126491
2022-04-01,13,59,0.01734099869304303,0.04072075173285469,-0.006785461429126491
2022-04-01,14,59,0.04432397497238787,0.056458234652335515,-0.006785461429126491
2022-04-01,15,56,-0.054517590356695164,-0.08547074664419214,-0.006785461429126491
2022-04-01,16,7,-0.04122629696962168,-0.124813696195674,-0.006785461429126491
2022-04-01,17,43,-0.04746811142656885,-0.022634611213461078,-0.006785461429126491
2022-04-01,18,38,0.051028270268516716,0.030391944631225475,-0.006785461429126491
2022-04-01,19,28,-0.061151317876876415,-0.05785648490250429,-0.006785461429126491
2022-04-01,20,42,0.008247154753474551,0.0029873379932710354,-0.006785461429126491
2022-04-01,21,59,-0.008577415872151887,0.06713137492605,-0.006785461429126491
2022-04-01,22,33,-0.02574027643354664,-0.0114630205543156,-0.006785461429126491
2022-04-01,23,34,-0.07175222090750691,-0.12640388474931832,-0.006785461429126491
2022-04-01,24,54,-0.03518260027451616,-0.06823075275654304,-0.006785461429126491
2022-05-05,4,59,0.17983739018447756,0.31576984557247956,-0.006785461429126491
2022-05-05,5,25,-0.08038605495456558,-0.03254940400404029,-0.006785461429126491
2022-05-05,6,59,0.024250487101779742,0.08283900803179713,-0.006785461429126491
2022-05-05,8,1,-0.025405979073243636,-0.10554584715345122,-0.006785461429126491
2022-05-05,9,59,0.027753862878604908,-0.007826882997804027,-0.006785461429126491
2022-05-05,10,59,0.008058596622428638,0.006274639888153571,-0.006785461429126491
2022-05-05,11,59,-0.009137820667817292,-0.03579260357152739,-0.006785461429126491
2022-05-05,12,59,-0.035002789938302165,-0.05969443126786543,-0.006785461429126491
2022-05-05,13,59,0.01734099869304303,0.04072075173285469,-0.006785461429126491
2022-05-05,14,59,0.04432397497238787,0.056458234652335515,-0.006785461429126491
2022-05-05,15,56,-0.054517590356695164,-0.08547074664419214,-0.006785461429126491
2022-05-05,16,7,-0.04122629696962168,-0.124813696195674,-0.006785461429126491
2022-05-05,17,43,-0.04746811142656885,-0.022634611213461078,-0.006785461429126491
2022-05-05,18,38,0.051028270268516716,0.030391944631225475,-0.006785461429126491
2022-05-05,19,28,-0.061151317876876415,-0.05785648490250429,-0.006785461429126491
2022-05-05,20,42,0.008247154753474551,0.0029873379932710354,-0.006785461429126491
2022-05-05,21,59,-0.008577415872151887,0.06713137492605,-0.006785461429126491
2022-05-05,22,33,-0.02574027643354664,-0.0114630205543156,-0.006785461429126491
2022-05-05,23,34,-0.07175222090750691,-0.12640388474931832,-0.006785461429126491
2022-05-05,24,54,-0.03518260027451616,-0.06823075275654304,-0.006785461429126491
2022-06-01,4,59,0.17983739018447756,0.31576984557247956,-0.006785461429126491
2022-06-01,5,25,-0.08038605495456558,-0.03254940400404029,-0.006785461429126491
2022-06-01,6,59,0.024250487101779742,0.08283900803179713,-0.006785461429126491
2022-06-01,8,1,-0.025405979073243636,-0.10554584715345122,-0.006785461429126491
2022-06-01,9,59,0.027753862878604908,-0.007826882997804027,-0.006785461429126491
2022-06-01,10,59,0.008058596622428638,0.006274639888153571,-0.006785461429126491
2022-06-01,11,59,-0.009137820667817292,-0.03579260357152739,-0.006785461429126491
2022-06-01,12,59,-0.035002789938302165,-0.05969443126786543,-0.006785461429126491
2022-06-01,13,59,0.01734099869304303,0.04072075173285469,-0.006785461429126491
2022-06-01,14,59,0.04432397497238787,0.056458234652335515,-0.006785461429126491
2022-06-01,15,56,-0.054517590356695164,-0.08547074664419214,-0.006785461429126491
2022-06-01,16,7,-0.04122629696962168,-0.124813696195674,-0.006785461429126491
2022-06-01,17,43,-0.04746811142656885,-0.022634611213461078,-0.006785461429126491
2022-06-01,18,38,0.051028270268516716,0.030391944631225475,-0.006785461429126491
2022-06-01,19,28,-0.061151317876876415,-0.05785648490250429,-0.006785461429126491
2022-06-01,20,42,0.008247154753474551,0.0029873379932710354,-0.006785461429126491
2022-06-01,21,59,-0.008577415872151887,0.06713137492605,-0.006785461429126491
2022-06-01,22,33,-0.02574027643354664,-0.0114630205543156,-0.006785461429126491
2022-06-01,23,34,-0.07175222090750691,-0.12640388474931832,-0.006785461429126491
2022-06-01,24,54,-0.03518260027451616,-0.06823075275654304,-0.006785461429126491
2022-07-01,4,59,0.17983739018447756,0.31576984557247956,-0.006785461429126491
2022-07-01,5,25,-0.08038605495456558,-0.03254940400404029,-0.006785461429126491
2022-07-01,6,59,0.024250487101779742,0.08283900803179713,-0.006785461429126491
2022-07-01,8,1,-0.025405979073243636,-0.10554584715345122,-0.006785461429126491
2022-07-01,9,59,0.027753862878604908,-0.007826882997804027,-0.006785461429126491
2022-07-01,10,59,0.008058596622428638,0.006274639888153571,-0.006785461429126491
2022-07-01,11,59,-0.009137820667817292,-0.03579260357152739,-0.006785461429126491
2022-07-01,12,59,-0.035002789938302165,-0.05969443126786543,-0.006785461429126491
2022-07-01,13,59,0.01734099869304303,0.04072075173285469,-0.006785461429126491
2022-07-01,14,59,0.04432397497238787,0.056458234652335515,-0.006785461429126491
2022-07-01,15,56,-0.054517590356695164,-0.08547074664419214,-0.006785461429126491
2022-07-01,16,7,-0.04122629696962168,-0.124813696195674,-0.006785461429126491
2022-07-01,17,43,-0.04746811142656885,-0.022634611213461078,-0.006785461429126491
2022-07-01,18,38,0.051028270268516716,0.030391944631225475,-0.006785461429126491
2022-07-01,19,28,-0.061151317876876415,-0.05785648490250429,-0.006785461429126491
2022-07-01,20,42,0.008247154753474551,0.0029873379932710354,-0.006785461429126491
2022-07-01,21,59,-0.008577415872151887,0.06713137492605,-0.006785461429126491
2022-07-01,22,33,-0.02574027643354664,-0.0114630205543156,-0.006785461429126491
2022-07-01,23,34,-0.07175222090750691,-0.12640388474931832,-0.006785461429126491
2022-07-01,24,54,-0.03518260027451616,-0.06823075275654304,-0.006785461429126491
2022-08-01,4,59,0.17983739018447756,0.31576984557247956,-0.006785461429126491
2022-08-01,5,25,-0.08038605495456558,-0.03254940400404029,-0.006785461429126491
2022-08-01,6,59,0.024250487101779742,0.08283900803179713,-0.006785461429126491
2022-08-01,8,1,-0.025405979073243636,-0.10554584715345122,-0.006785461429126491
2022-08-01,9,59,0.027753862878604908,-0.007826882997804027,-0.006785461429126491
2022-08-01,10,59,0.008058596622428638,0.006274639888153571,-0.006785461429126491
2022-08-01,11,59,-0.009137820667817292,-0.03579260357152739,-0.006785461429126491
2022-08-01,12,59,-0.035002789938302165,-0.05969443126786543,-0.006785461429126491
2022-08-01,13,59,0.01734099869304303,0.04072075173285469,-0.006785461429126491
2022-08-01,14,59,0.04432397497238787,0.056458234652335515,-0.006785461429126491
2022-08-01,15,56,-0.054517590356695164,-0.08547074664419214,-0.006785461429126491
2022-08-01,16,7,-0.04122629696962168,-0.124813696195674,-0.006785461429126491
2022-08-01,17,43,-0.04746811142656885,-0.022634611213461078,-0.006785461429126491
2022-08-01,18,38,0.051028270268516716,0.030391944631225475,-0.006785461429126491
2022-08-01,19,28,-0.061151317876876415,-0.05785648490250429,-0.006785461429126491
2022-08-01,20,42,0.008247154753474551,0.0029873379932710354,-0.006785461429126491
2022-08-01,21,59,-0.008577415872151887,0.06713137492605,-0.006785461429126491
2022-08-01,22,33,-0.02574027643354664,-0.0114630205543156,-0.006785461429126491
2022-08-01,23,34,-0.07175222090750691,-0.12640388474931832,-0.006785461429126491
2022-08-01,24,54,-0.03518260027451616,-0.06823075275654304,-0.006785461429126491
2022-09-01,5,25,-0.08038605495456558,-0.029934471096221778,-0.01694517066786365
2022-09-01,6,59,0.024250487101779742,0.07213328495477438,-0.01694517066786365
2022-09-01,8,1,-0.025405979073243636,-0.09244018340152119,-0.01694517066786365
2022-09-01,9,59,0.027753862878604908,0.00403998899886766,-0.01694517066786365
2022-09-01,10,59,0.008058596622428638,0.01292393413481749,-0.01694517066786365
2022-09-01,11,59,-0.009137820667817292,-0.027842924281517953,-0.01694517066786365
2022-09-01,12,59,-0.035002789938302165,-0.04796354110974044,-0.01694517066786365
2022-09-01,13,59,0.01734099869304303,0.04395995710960077,-0.01694517066786365
2022-09-01,14,59,0.04432397497238787,0.0633334110633399,-0.01694517066786365
2022-09-01,15,56,-0.054517590356695164,-0.07405940485663355,-0.01694517066786365
2022-09-01,16,7,-0.04122629696962168,-0.11178979611881468,-0.01694517066786365
2022-09-01,17,43,-0.04746811142656885,-0.01826958822557919,-0.01694517066786365
2022-09-01,18,38,0.051028270268516716,0.04186307490613733,-0.01694517066786365
2022-09-01,19,28,-0.061151317876876415,-0.053510881999255897,-0.01694517066786365
2022-09-01,20,42,0.008247154753474551,0.009546742274029584,-0.01694517066786365
2022-09-01,21,59,-0.008577415872151887,0.05962433444339932,-0.01694517066786365
2022-09-01,22,33,-0.02574027643354664,-0.007749139899583382,-0.01694517066786365
2022-09-01,23,34,-0.07175222090750691,-0.11169724061526294,-0.01694517066786365
2022-09-01,24,54,-0.03518260027451616,-0.05662113578417939,-0.01694517066786365
2022-09-01,25,57,-0.024358283896096133,-0.014449833853929043,-0.01694517066786365
2022-10-10,6,59,0.024250487101779742,0.06654184380818641,-0.013593102466557308
2022-10-10,8,1,-0.025405979073243636,-0.08922562880299137,-0.013593102466557308
2022-10-10,9,59,0.027753862878604908,0.008373453990748157,-0.013593102466557308
2022-10-10,10,59,0.008058596622428638,0.018538824350584092,-0.013593102466557308
2022-10-10,11,59,-0.009137820667817292,-0.021931273974869332,-0.013593102466557308
2022-10-10,12,59,-0.035002789938302165,-0.04185742091088523,-0.013593102466557308
2022-10-10,13,59,0.01734099869304303,0.04878691801312412,-0.013593102466557308
2022-10-10,14,59,0.04432397497238787,0.0705272302144991,-0.013593102466557308
2022-10-10,15,56,-0.054517590356695164,-0.06704458226806036,-0.013593102466557308
2022-10-10,16,7,-0.04122629696962168,-0.11000790060647817,-0.013593102466557308
2022-10-10,17,43,-0.04746811142656885,-0.011300044751178698,-0.013593102466557308
2022-10-10,18,38,0.051028270268516716,0.04758066312935929,-0.013593102466557308
2022-10-10,19,28,-0.061151317876876415,-0.05187929458084504,-0.013593102466557308
2022-10-10,20,42,0.008247154753474551,0.011161020814563922,-0.013593102466557308
2022-10-10,21,59,-0.008577415872151887,0.06370637243256545,-0.013593102466557308
2022-10-10,22,33,-0.02574027643354664,-0.0010056496527827002,-0.013593102466557308
2022-10-10,23,34,-0.07175222090750691,-0.10600001777392906,-0.013593102466557308
2022-10-10,24,54,-0.03518260027451616,-0.05170740252157988,-0.013593102466557308
2022-10-10,25,57,-0.024358283896096133,-0.0136624125906782,-0.013593102466557308
2022-10-10,26,20,-0.013344690928438725,-0.04145674765049866,-0.013593102466557308
2022-11-01,6,59,0.024250487101779742,0.06654184380818641,-0.013593102466557308
2022-11-01,8,1,-0.025405979073243636,-0.08922562880299137,-0.013593102466557308
2022-11-01,9,59,0.027753862878604908,0.008373453990748157,-0.013593102466557308
2022-11-01,10,59,0.008058596622428638,0.018538824350584092,-0.013593102466557308
2022-11-01,11,59,-0.009137820667817292,-0.021931273974869332,-0.013593102466557308
2022-11-01,12,59,-0.035002789938302165,-0.04185742091088523,-0.013593102466557308
2022-11-01,13,59,0.01734099869304303,0.04878691801312412,-0.013593102466557308
2022-11-01,14,59,0.04432397497238787,0.0705272302144991,-0.013593102466557308
2022-11-01,15,56,-0.054517590356695164,-0.06704458226806036,-0.013593102466557308
2022-11-01,16,7,-0.04122629696962168,-0.11000790060647817,-0.013593102466557308
2022-11-01,17,43,-0.04746811142656885,-0.011300044751178698,-0.013593102466557308
2022-11-01,18,38,0.051028270268516716,0.04758066312935929,-0.013593102466557308
2022-11-01,19,28,-0.061151317876876415,-0.05187929458084504,-0.013593102466557308
2022-11-01,20,42,0.008247154753474551,0.011161020814563922,-0.013593102466557308
2022-11-01,21,59,-0.008577415872151887,0.06370637243256545,-0.013593102466557308
2022-11-01,22,33,-0.02574027643354664,-0.0010056496527827002,-0.013593102466557308
2022-11-01,23,34,-0.07175222090750691,-0.10600001777392906,-0.013593102466557308
2022-11-01,24,54,-0.03518260027451616,-0.05170740252157988,-0.013593102466557308
2022-11-01,25,57,-0.024358283896096133,-0.0136624125906782,-0.013593102466557308
2022-11-01,26,20,-0.013344690928438725,-0.04145674765049866,-0.013593102466557308
2022-12-01,6,59,0.024250487101779742,0.06654184380818641,-0.013593102466557308
2022-12-01,8,1,-0.025405979073243636,-0.08922562880299137,-0.013593102466557308
2022-12-01,9,59,0.027753862878604908,0.008373453990748157,-0.013593102466557308
2022-12-01,10,59,0.008058596622428638,0.018538824350584092,-0.013593102466557308
2022-12-01,11,59,-0.009137820667817292,-0.021931273974869332,-0.013593102466557308
2022-12-01,12,59,-0.035002789938302165,-0.04185742091088523,-0.013593102466557308
2022-12-01,13,59,0.01734099869304303,0.04878691801312412,-0.013593102466557308
2022-12-01,14,59,0.04432397497238787,0.0705272302144991,-0.013593102466557308
2022-12-01,15,56,-0.054517590356695164,-0.06704458226806036,-0.013593102466557308
2022-12-01,16,7,-0.04122629696962168,-0.11000790060647817,-0.013593102466557308
2022-12-01,17,43,-0.04746811142656885,-0.011300044751178698,-0.013593102466557308
2022-12-01,18,38,0.051028270268516716,0.04758066312935929,-0.013593102466557308
2022-12-01,19,28,-0.061151317876876415,-0.05187929458084504,-0.013593102466557308
2022-12-01,20,42,0.008247154753474551,0.011161020814563922,-0.013593102466557308
2022-12-01,21,59,-0.008577415872151887,0.06370637243256545,-0.013593102466557308
2022-12-01,22,33,-0.02574027643354664,-0.0010056496527827002,-0.013593102466557308
2022-12-01,23,34,-0.07175222090750691,-0.10600001777392906,-0.013593102466557308
2022-12-01,24,54,-0.03518260027451616,-0.05170740252157988,-0.013593102466557308
2022-12-01,25,57,-0.024358283896096133,-0.0136624125906782,-0.013593102466557308
2022-12-01,26,20,-0.013344690928438725,-0.04145674765049866,-0.013593102466557308
2023-01-03,6,59,0.024250487101779742,0.06654184380818641,-0.013593102466557308
2023-01-03,8,1,-0.025405979073243636,-0.08922562880299137,-0.013593102466557308
2023-01-03,9,59,0.027753862878604908,0.008373453990748157,-0.013593102466557308
2023-01-03,10,59,0.008058596622428638,0.018538824350584092,-0.013593102466557308
2023-01-03,11,59,-0.009137820667817292,-0.021931273974869332,-0.013593102466557308
2023-01-03,12,59,-0.035002789938302165,-0.04185742091088523,-0.013593102466557308
2023-01-03,13,59,0.01734099869304303,0.04878691801312412,-0.013593102466557308
2023-01-03,14,59,0.04432397497238787,0.0705272302144991,-0.013593102466557308
2023-01-03,15,56,-0.054517590356695164,-0.06704458226806036,-0.013593102466557308
2023-01-03,16,7,-0.04122629696962168,-0.11000790060647817,-0.013593102466557308
2023-01-03,17,43,-0.04746811142656885,-0.011300044751178698,-0.013593102466557308
2023-01-03,18,38,0.051028270268516716,0.04758066312935929,-0.013593102466557308
2023-01-03,19,28,-0.061151317876876415,-0.05187929458084504,-0.013593102466557308
2023-01-03,20,42,0.008247154753474551,0.011161020814563922,-0.013593102466557308
2023-01-03,21,59,-0.008577415872151887,0.06370637243256545,-0.013593102466557308
2023-01-03,22,33,-0.02574027643354664,-0.0010056496527827002,-0.013593102466557308
2023-01-03,23,34,-0.07175222090750691,-0.10600001777392906,-0.013593102466557308
2023-01-03,24,54,-0.03518260027451616,-0.05170740252157988,-0.013593102466557308
2023-01-03,25,57,-0.024358283896096133,-0.0136624125906782,-0.013593102466557308
2023-01-03,26,20,-0.013344690928438725,-0.04145674765049866,-0.013593102466557308
2023-02-01,6,59,0.024250487101779742,0.06654184380818641,-0.013593102466557308
2023-02-01,8,1,-0.025405979073243636,-0.08922562880299137,-0.013593102466557308
2023-02-01,9,59,0.027753862878604908,0.008373453990748157,-0.013593102466557308
2023-02-01,10,59,0.008058596622428638,0.018538824350584092,-0.013593102466557308
2023-02-01,11,59,-0.009137820667817292,-0.021931273974869332,-0.013593102466557308
2023-02-01,12,59,-0.035002789938302165,-0.04185742091088523,-0.013593102466557308
2023-02-01,13,59,0.01734099869304303,0.04878691801312412,-0.013593102466557308
2023-02-01,14,59,0.04432397497238787,0.0705272302144991,-0.013593102466557308
2023-02-01,15,56,-0.054517590356695164,-0.06704458226806036,-0.013593102466557308
2023-02-01,16,7,-0.04122629696962168,-0.11000790060647817,-0.013593102466557308
2023-02-01,17,43,-0.04746811142656885,-0.011300044751178698,-0.013593102466557308
2023-02-01,18,38,0.051028270268516716,0.04758066312935929,-0.013593102466557308
2023-02-01,19,28,-0.061151317876876415,-0.05187929458084504,-0.013593102466557308
2023-02-01,20,42,0.008247154753474551,0.011161020814563922,-0.013593102466557308
2023-02-01,21,59,-0.008577415872151887,0.06370637243256545,-0.013593102466557308
2023-02-01,22,33,-0.02574027643354664,-0.0010056496527827002,-0.013593102466557308
2023-02-01,23,34,-0.07175222090750691,-0.10600001777392906,-0.013593102466557308
2023-02-01,24,54,-0.03518260027451616,-0.05170740252157988,-0.013593102466557308
2023-02-01,25,57,-0.024358283896096133,-0.0136624125906782,-0.013593102466557308
2023-02-01,26,20,-0.013344690928438725,-0.04145674765049866,-0.013593102466557308
2023-03-01,6,59,0.024250487101779742,0.06654184380818641,-0.013593102466557308
2023-03-01,8,1,-0.025405979073243636,-0.08922562880299137,-0.013593102466557308
2023-03-01,9,59,0.027753862878604908,0.008373453990748157,-0.013593102466557308
2023-03-01,10,59,0.008058596622428638,0.018538824350584092,-0.013593102466557308
2023-03-01,11,59,-0.009137820667817292,-0.021931273974869332,-0.013593102466557308
2023-03-01,12,59,-0.035002789938302165,-0.04185742091088523,-0.013593102466557308
2023-03-01,13,59,0.01734099869304303,0.04878691801312412,-0.013593102466557308
2023-03-01,14,59,0.04432397497238787,0.0705272302144991,-0.013593102466557308
2023-03-01,15,56,-0.054517590356695164,-0.06704458226806036,-0.013593102466557308
2023-03-01,16,7,-0.04122629696962168,-0.11000790060647817,-0.013593102466557308
2023-03-01,17,43,-0.04746811142656885,-0.011300044751178698,-0.013593102466557308
2023-03-01,18,38,0.051028270268516716,0.04758066312935929,-0.013593102466557308
2023-03-01,19,28,-0.061151317876876415,-0.05187929458084504,-0.013593102466557308
2023-03-01,20,42,0.008247154753474551,0.011161020814563922,-0.013593102466557308
2023-03-01,21,59,-0.008577415872151887,0.06370637243256545,-0.013593102466557308
2023-03-01,22,33,-0.02574027643354664,-0.0010056496527827002,-0.013593102466557308
2023-03-01,23,34,-0.07175222090750691,-0.10600001777392906,-0.013593102466557308
2023-03-01,24,54,-0.03518260027451616,-0.05170740252157988,-0.013593102466557308
2023-03-01,25,57,-0.024358283896096133,-0.0136624125906782,-0.013593102466557308
2023-03-01,26,20,-0.013344690928438725,-0.04145674765049866,-0.013593102466557308
2023-04-03,6,59,0.024250487101779742,0.06654184380818641,-0.013593102466557308
2023-04-03,8,1,-0.025405979073243636,-0.08922562880299137,-0.013593102466557308
2023-04-03,9,59,0.027753862878604908,0.008373453990748157,-0.013593102466557308
2023-04-03,10,59,0.008058596622428638,0.018538824350584092,-0.013593102466557308
2023-04-03,11,59,-0.009137820667817292,-0.021931273974869332,-0.013593102466557308
2023-04-03,12,59,-0.035002789938302165,-0.04185742091088523,-0.013593102466557308
2023-04-03,13,59,0.01734099869304303,0.04878691801312412,-0.013593102466557308
2023-04-03,14,59,0.04432397497238787,0.0705272302144991,-0.013593102466557308
2023-04-03,15,56,-0.054517590356695164,-0.06704458226806036,-0.013593102466557308
2023-04-03,16,7,-0.04122629696962168,-0.11000790060647817,-0.013593102466557308
2023-04-03,17,43,-0.04746811142656885,-0.011300044751178698,-0.013593102466557308
2023-04-03,18,38,0.051028270268516716,0.04758066312935929,-0.013593102466557308
2023-04-03,19,28,-0.061151317876876415,-0.05187929458084504,-0.013593102466557308
2023-04-03,20,42,0.008247154753474551,0.011161020814563922,-0.013593102466557308
2023-04-03,21,59,-0.008577415872151887,0.06370637243256545,-0.013593102466557308
2023-04-03,22,33,-0.02574027643354664,-0.0010056496527827002,-0.013593102466557308
2023-04-03,23,34,-0.07175222090750691,-0.10600001777392906,-0.013593102466557308
2023-04-03,24,54,-0.03518260027451616,-0.05170740252157988,-0.013593102466557308
2023-04-03,25,57,-0.024358283896096133,-0.0136624125906782,-0.013593102466557308
2023-04-03,26,20,-0.013344690928438725,-0.04145674765049866,-0.013593102466557308
2023-05-04,6,59,0.024250487101779742,0.06654184380818641,-0.013593102466557308
2023-05-04,8,1,-0.025405979073243636,-0.08922562880299137,-0.013593102466557308
2023-05-04,9,59,0.027753862878604908,0.008373453990748157,-0.013593102466557308
2023-05-04,10,59,0.008058596622428638,0.018538824350584092,-0.013593102466557308
2023-05-04,11,59,-0.009137820667817292,-0.021931273974869332,-0.013593102466557308
2023-05-04,12,59,-0.035002789938302165,-0.04185742091088523,-0.013593102466557308
2023-05-04,13,59,0.01734099869304303,0.04878691801312412,-0.013593102466557308
2023-05-04,14,59,0.04432397497238787,0.0705272302144991,-0.013593102466557308
2023-05-04,15,56,-0.054517590356695164,-0.06704458226806036,-0.013593102466557308
2023-05-04,16,7,-0.04122629696962168,-0.11000790060647817,-0.013593102466557308
2023-05-04,17,43,-0.04746811142656885,-0.011300044751178698,-0.013593102466557308
2023-05-04,18,38,0.051028270268516716,0.04758066312935929,-0.013593102466557308
2023-05-04,19,28,-0.061151317876876415,-0.05187929458084504,-0.013593102466557308
2023-05-04,20,42,0.008247154753474551,0.011161020814563922,-0.013593102466557308
2023-05-04,21,59,-0.008577415872151887,0.06370637243256545,-0.013593102466557308
2023-05-04,22,33,-0.02574027643354664,-0.0010056496527827002,-0.013593102466557308
2023-05-04,23,34,-0.07175222090750691,-0.10600001777392906,-0.013593102466557308
2023-05-04,24,54,-0.03518260027451616,-0.05170740252157988,-0.013593102466557308
2023-05-04,25,57,-0.024358283896096133,-0.0136624125906782,-0.013593102466557308
2023-05-04,26,20,-0.013344690928438725,-0.04145674765049866,-0.013593102466557308
2023-06-01,6,59,0.024250487101779742,0.06654184380818641,-0.013593102466557308
2023-06-01,8,1,-0.025405979073243636,-0.08922562880299137,-0.013593102466557308
2023-06-01,9,59,0.027753862878604908,0.008373453990748157,-0.013593102466557308
2023-06-01,10,59,0.008058596622428638,0.018538824350584092,-0.013593102466557308
2023-06-01,11,59,-0.009137820667817292,-0.021931273974869332,-0.013593102466557308
2023-06-01,12,59,-0.035002789938302165,-0.04185742091088523,-0.013593102466557308
2023-06-01,13,59,0.01734099869304303,0.04878691801312412,-0.013593102466557308
2023-06-01,14,59,0.04432397497238787,0.0705272302144991,-0.013593102466557308
2023-06-01,15,56,-0.054517590356695164,-0.06704458226806036,-0.013593102466557308
2023-06-01,16,7,-0.04122629696962168,-0.11000790060647817,-0.013593102466557308
2023-06-01,17,43,-0.04746811142656885,-0.011300044751178698,-0.013593102466557308
2023-06-01,18,38,0.051028270268516716,0.04758066312935929,-0.013593102466557308
2023-06-01,19,28,-0.061151317876876415,-0.05187929458084504,-0.013593102466557308
2023-06-01,20,42,0.008247154753474551,0.011161020814563922,-0.013593102466557308
2023-06-01,21,59,-0.008577415872151887,0.06370637243256545,-0.013593102466557308
2023-06-01,22,33,-0.02574027643354664,-0.0010056496527827002,-0.013593102466557308
2023-06-01,23,34,-0.07175222090750691,-0.10600001777392906,-0.013593102466557308
2023-06-01,24,54,-0.03518260027451616,-0.05170740252157988,-0.013593102466557308
2023-06-01,25,57,-0.024358283896096133,-0.0136624125906782,-0.013593102466557308
2023-06-01,26,20,-0.013344690928438725,-0.04145674765049866,-0.013593102466557308
2023-07-03,6,59,0.024250487101779742,0.06654184380818641,-0.013593102466557308
2023-07-03,8,1,-0.025405979073243636,-0.08922562880299137,-0.013593102466557308
2023-07-03,9,59,0.027753862878604908,0.008373453990748157,-0.013593102466557308
2023-07-03,10,59,0.008058596622428638,0.018538824350584092,-0.013593102466557308
2023-07-03,11,59,-0.009137820667817292,-0.021931273974869332,-0.013593102466557308
2023-07-03,12,59,-0.035002789938302165,-0.04185742091088523,-0.013593102466557308
2023-07-03,13,59,0.01734099869304303,0.04878691801312412,-0.013593102466557308
2023-07-03,14,59,0.04432397497238787,0.0705272302144991,-0.013593102466557308
2023-07-03,15,56,-0.054517590356695164,-0.06704458226806036,-0.013593102466557308
2023-07-03,16,7,-0.04122629696962168,-0.11000790060647817,-0.013593102466557308
2023-07-03,17,43,-0.04746811142656885,-0.011300044751178698,-0.013593102466557308
2023-07-03,18,38,0.051028270268516716,0.04758066312935929,-0.013593102466557308
2023-07-03,19,28,-0.061151317876876415,-0.05187929458084504,-0.013593102466557308
2023-07-03,20,42,0.008247154753474551,0.011161020814563922,-0.013593102466557308
2023-07-03,21,59,-0.008577415872151887,0.06370637243256545,-0.013593102466557308
2023-07-03,22,33,-0.02574027643354664,-0.0010056496527827002,-0.013593102466557308
2023-07-03,23,34,-0.07175222090750691,-0.10600001777392906,-0.013593102466557308
2023-07-03,24,54,-0.03518260027451616,-0.05170740252157988,-0.013593102466557308
2023-07-03,25,57,-0.024358283896096133,-0.0136624125906782,-0.013593102466557308
2023-07-03,26,20,-0.013344690928438725,-0.04145674765049866,-0.013593102466557308
2023-08-01,6,59,0.024250487101779742,0.06654184380818641,-0.013593102466557308
2023-08-01,8,1,-0.025405979073243636,-0.08922562880299137,-0.013593102466557308
2023-08-01,9,59,0.027753862878604908,0.008373453990748157,-0.013593102466557308
2023-08-01,10,59,0.008058596622428638,0.018538824350584092,-0.013593102466557308
2023-08-01,11,59,-0.009137820667817292,-0.021931273974869332,-0.013593102466557308
2023-08-01,12,59,-0.035002789938302165,-0.04185742091088523,-0.013593102466557308
2023-08-01,13,59,0.01734099869304303,0.04878691801312412,-0.013593102466557308
2023-08-01,14,59,0.04432397497238787,0.0705272302144991,-0.013593102466557308
2023-08-01,15,56,-0.054517590356695164,-0.06704458226806036,-0.013593102466557308
2023-08-01,16,7,-0.04122629696962168,-0.11000790060647817,-0.013593102466557308
2023-08-01,17,43,-0.04746811142656885,-0.011300044751178698,-0.013593102466557308
2023-08-01,18,38,0.051028270268516716,0.04758066312935929,-0.013593102466557308
2023-08-01,19,28,-0.061151317876876415,-0.05187929458084504,-0.013593102466557308
2023-08-01,20,42,0.008247154753474551,0.011161020814563922,-0.013593102466557308
2023-08-01,21,59,-0.008577415872151887,0.06370637243256545,-0.013593102466557308
2023-08-01,22,33,-0.02574027643354664,-0.0010056496527827002,-0.013593102466557308
2023-08-01,23,34,-0.07175222090750691,-0.10600001777392906,-0.013593102466557308
2023-08-01,24,54,-0.03518260027451616,-0.05170740252157988,-0.013593102466557308
2023-08-01,25,57,-0.024358283896096133,-0.0136624125906782,-0.013593102466557308
2023-08-01,26,20,-0.013344690928438725,-0.04145674765049866,-0.013593102466557308
2023-09-01,6,59,0.024250487101779742,0.06654184380818641,-0.013593102466557308
2023-09-01,8,1,-0.025405979073243636,-0.08922562880299137,-0.013593102466557308
2023-09-01,9,59,0.027753862878604908,0.008373453990748157,-0.013593102466557308
2023-09-01,10,59,0.008058596622428638,0.018538824350584092,-0.013593102466557308
2023-09-01,11,59,-0.009137820667817292,-0.021931273974869332,-0.013593102466557308
2023-09-01,12,59,-0.035002789938302165,-0.04185742091088523,-0.013593102466557308
2023-09-01,13,59,0.01734099869304303,0.04878691801312412,-0.013593102466557308
2023-09-01,14,59,0.04432397497238787,0.0705272302144991,-0.013593102466557308
2023-09-01,15,56,-0.054517590356695164,-0.06704458226806036,-0.013593102466557308
2023-09-01,16,7,-0.04122629696962168,-0.11000790060647817,-0.013593102466557308
2023-09-01,17,43,-0.04746811142656885,-0.011300044751178698,-0.013593102466557308
2023-09-01,18,38,0.051028270268516716,0.04758066312935929,-0.013593102466557308
2023-09-01,19,28,-0.061151317876876415,-0.05187929458084504,-0.013593102466557308
2023-09-01,20,42,0.008247154753474551,0.011161020814563922,-0.013593102466557308
2023-09-01,21,59,-0.008577415872151887,0.06370637243256545,-0.013593102466557308
2023-09-01,22,33,-0.02574027643354664,-0.0010056496527827002,-0.013593102466557308
2023-09-01,23,34,-0.07175222090750691,-0.10600001777392906,-0.013593102466557308
2023-09-01,24,54,-0.03518260027451616,-0.05170740252157988,-0.013593102466557308
2023-09-01,25,57,-0.024358283896096133,-0.0136624125906782,-0.013593102466557308
2023-09-01,26,20,-0.013344690928438725,-0.04145674765049866,-0.013593102466557308
2023-10-09,6,59,0.024250487101779742,0.06654184380818641,-0.013593102466557308
2023-10-09,8,1,-0.025405979073243636,-0.08922562880299137,-0.013593102466557308
2023-10-09,9,59,0.027753862878604908,0.008373453990748157,-0.013593102466557308
2023-10-09,10,59,0.008058596622428638,0.018538824350584092,-0.013593102466557308
2023-10-09,11,59,-0.009137820667817292,-0.021931273974869332,-0.013593102466557308
2023-10-09,12,59,-0.035002789938302165,-0.04185742091088523,-0.013593102466557308
2023-10-09,13,59,0.01734099869304303,0.04878691801312412,-0.013593102466557308
2023-10-09,14,59,0.04432397497238787,0.0705272302144991,-0.013593102466557308
2023-10-09,15,56,-0.054517590356695164,-0.06704458226806036,-0.013593102466557308
2023-10-09,16,7,-0.04122629696962168,-0.11000790060647817,-0.013593102466557308
2023-10-09,17,43,-0.04746811142656885,-0.011300044751178698,-0.013593102466557308
2023-10-09,18,38,0.051028270268516716,0.04758066312935929,-0.013593102466557308
2023-10-09,19,28,-0.061151317876876415,-0.05187929458084504,-0.013593102466557308
2023-10-09,20,42,0.008247154753474551,0.011161020814563922,-0.013593102466557308
2023-10-09,21,59,-0.008577415872151887,0.06370637243256545,-0.013593102466557308
2023-10-09,22,33,-0.02574027643354664,-0.0010056496527827002,-0.013593102466557308
2023-10-09,23,34,-0.07175222090750691,-0.10600001777392906,-0.013593102466557308
2023-10-09,24,54,-0.03518260027451616,-0.05170740252157988,-0.013593102466557308
2023-10-09,25,57,-0.024358283896096133,-0.0136624125906782,-0.013593102466557308
2023-10-09,26,20,-0.013344690928438725,-0.04145674765049866,-0.013593102466557308
2023-11-01,6,59,0.024250487101779742,0.06654184380818641,-0.013593102466557308
2023-11-01,8,1,-0.025405979073243636,-0.08922562880299137,-0.013593102466557308
2023-11-01,9,59,0.027753862878604908,0.008373453990748157,-0.013593102466557308
2023-11-01,10,59,0.008058596622428638,0.018538824350584092,-0.013593102466557308
2023-11-01,11,59,-0.009137820667817292,-0.021931273974869332,-0.013593102466557308
2023-11-01,12,59,-0.035002789938302165,-0.04185742091088523,-0.013593102466557308
2023-11-01,13,59,0.01734099869304303,0.04878691801312412,-0.013593102466557308
2023-11-01,14,59,0.04432397497238787,0.0705272302144991,-0.013593102466557308
2023-11-01,15,56,-0.054517590356695164,-0.06704458226806036,-0.013593102466557308
2023-11-01,16,7,-0.04122629696962168,-0.11000790060647817,-0.013593102466557308
2023-11-01,17,43,-0.04746811142656885,-0.011300044751178698,-0.013593102466557308
2023-11-01,18,38,0.051028270268516716,0.04758066312935929,-0.013593102466557308
2023-11-01,19,28,-0.061151317876876415,-0.05187929458084504,-0.013593102466557308
2023-11-01,20,42,0.008247154753474551,0.011161020814563922,-0.013593102466557308
2023-11-01,21,59,-0.008577415872151887,0.06370637243256545,-0.013593102466557308
2023-11-01,22,33,-0.02574027643354664,-0.0010056496527827002,-0.013593102466557308
2023-11-01,23,34,-0.07175222090750691,-0.10600001777392906,-0.013593102466557308
2023-11-01,24,54,-0.03518260027451616,-0.05170740252157988,-0.013593102466557308
2023-11-01,25,57,-0.024358283896096133,-0.0136624125906782,-0.013593102466557308
2023-11-01,26,20,-0.013344690928438725,-0.04145674765049866,-0.013593102466557308
2023-12-01,6,59,0.024250487101779742,0.06654184380818641,-0.013593102466557308
2023-12-01,8,1,-0.025405979073243636,-0.08922562880299137,-0.013593102466557308
2023-12-01,9,59,0.027753862878604908,0.008373453990748157,-0.013593102466557308
2023-12-01,10,59,0.008058596622428638,0.018538824350584092,-0.013593102466557308
2023-12-01,11,59,-0.009137820667817292,-0.021931273974869332,-0.013593102466557308
2023-12-01,12,59,-0.035002789938302165,-0.04185742091088523,-0.013593102466557308
2023-12-01,13,59,0.01734099869304303,0.04878691801312412,-0.013593102466557308
2023-12-01,14,59,0.04432397497238787,0.0705272302144991,-0.013593102466557308
2023-12-01,15,56,-0.054517590356695164,-0.06704458226806036,-0.013593102466557308
2023-12-01,16,7,-0.04122629696962168,-0.11000790060647817,-0.013593102466557308
2023-12-01,17,43,-0.04746811142656885,-0.011300044751178698,-0.013593102466557308
2023-12-01,18,38,0.051028270268516716,0.04758066312935929,-0.013593102466557308
2023-12-01,19,28,-0.061151317876876415,-0.05187929458084504,-0.013593102466557308
2023-12-01,20,42,0.008247154753474551,0.011161020814563922,-0.013593102466557308
2023-12-01,21,59,-0.008577415872151887,0.06370637243256545,-0.013593102466557308
2023-12-01,22,33,-0.02574027643354664,-0.0010056496527827002,-0.013593102466557308
2023-12-01,23,34,-0.07175222090750691,-0.10600001777392906,-0.013593102466557308
2023-12-01,24,54,-0.03518260027451616,-0.05170740252157988,-0.013593102466557308
2023-12-01,25,57,-0.024358283896096133,-0.0136624125906782,-0.013593102466557308
2023-12-01,26,20,-0.013344690928438725,-0.04145674765049866,-0.013593102466557308
2024-01-02,6,59,0.024250487101779742,0.06654184380818641,-0.013593102466557308
2024-01-02,8,1,-0.025405979073243636,-0.08922562880299137,-0.013593102466557308
2024-01-02,9,59,0.027753862878604908,0.008373453990748157,-0.013593102466557308
2024-01-02,10,59,0.008058596622428638,0.018538824350584092,-0.013593102466557308
2024-01-02,11,59,-0.009137820667817292,-0.021931273974869332,-0.013593102466557308
2024-01-02,12,59,-0.035002789938302165,-0.04185742091088523,-0.013593102466557308
2024-01-02,13,59,0.01734099869304303,0.04878691801312412,-0.013593102466557308
2024-01-02,14,59,0.04432397497238787,0.0705272302144991,-0.013593102466557308
2024-01-02,15,56,-0.054517590356695164,-0.06704458226806036,-0.013593102466557308
2024-01-02,16,7,-0.04122629696962168,-0.11000790060647817,-0.013593102466557308
2024-01-02,17,43,-0.04746811142656885,-0.011300044751178698,-0.013593102466557308
2024-01-02,18,38,0.051028270268516716,0.04758066312935929,-0.013593102466557308
2024-01-02,19,28,-0.061151317876876415,-0.05187929458084504,-0.013593102466557308
2024-01-02,20,42,0.008247154753474551,0.011161020814563922,-0.013593102466557308
2024-01-02,21,59,-0.008577415872151887,0.06370637243256545,-0.013593102466557308
2024-01-02,22,33,-0.02574027643354664,-0.0010056496527827002,-0.013593102466557308
2024-01-02,23,34,-0.07175222090750691,-0.10600001777392906,-0.013593102466557308
2024-01-02,24,54,-0.03518260027451616,-0.05170740252157988,-0.013593102466557308
2024-01-02,25,57,-0.024358283896096133,-0.0136624125906782,-0.013593102466557308
2024-01-02,26,20,-0.013344690928438725,-0.04145674765049866,-0.013593102466557308
2024-02-01,6,59,0.024250487101779742,0.06654184380818641,-0.013593102466557308
2024-02-01,8,1,-0.025405979073243636,-0.08922562880299137,-0.013593102466557308
2024-02-01,9,59,0.027753862878604908,0.008373453990748157,-0.013593102466557308
2024-02-01,10,59,0.008058596622428638,0.018538824350584092,-0.013593102466557308
2024-02-01,11,59,-0.009137820667817292,-0.021931273974869332,-0.013593102466557308
2024-02-01,12,59,-0.035002789938302165,-0.04185742091088523,-0.013593102466557308
2024-02-01,13,59,0.01734099869304303,0.04878691801312412,-0.013593102466557308
2024-02-01,14,59,0.04432397497238787,0.0705272302144991,-0.013593102466557308
2024-02-01,15,56,-0.054517590356695164,-0.06704458226806036,-0.013593102466557308
2024-02-01,16,7,-0.04122629696962168,-0.11000790060647817,-0.013593102466557308
2024-02-01,17,43,-0.04746811142656885,-0.011300044751178698,-0.013593102466557308
2024-02-01,18,38,0.051028270268516716,0.04758066312935929,-0.013593102466557308
2024-02-01,19,28,-0.061151317876876415,-0.05187929458084504,-0.013593102466557308
2024-02-01,20,42,0.008247154753474551,0.011161020814563922,-0.013593102466557308
2024-02-01,21,59,-0.008577415872151887,0.06370637243256545,-0.013593102466557308
2024-02-01,22,33,-0.02574027643354664,-0.0010056496527827002,-0.013593102466557308
2024-02-01,23,34,-0.07175222090750691,-0.10600001777392906,-0.013593102466557308
2024-02-01,24,54,-0.03518260027451616,-0.05170740252157988,-0.013593102466557308
2024-02-01,25,57,-0.024358283896096133,-0.0136624125906782,-0.013593102466557308
2024-02-01,26,20,-0.013344690928438725,-0.04145674765049866,-0.013593102466557308
2024-03-01,6,59,0.024250487101779742,0.06654184380818641,-0.013593102466557308
2024-03-01,8,1,-0.025405979073243636,-0.08922562880299137,-0.013593102466557308
2024-03-01,9,59,0.027753862878604908,0.008373453990748157,-0.013593102466557308
2024-03-01,10,59,0.008058596622428638,0.018538824350584092,-0.013593102466557308
2024-03-01,11,59,-0.009137820667817292,-0.021931273974869332,-0.013593102466557308
2024-03-01,12,59,-0.035002789938302165,-0.04185742091088523,-0.013593102466557308
2024-03-01,13,59,0.01734099869304303,0.04878691801312412,-0.013593102466557308
2024-03-01,14,59,0.04432397497238787,0.0705272302144991,-0.013593102466557308
2024-03-01,15,56,-0.054517590356695164,-0.06704458226806036,-0.013593102466557308
2024-03-01,16,7,-0.04122629696962168,-0.11000790060647817,-0.013593102466557308
2024-03-01,17,43,-0.04746811142656885,-0.011300044751178698,-0.013593102466557308
2024-03-01,18,38,0.051028270268516716,0.04758066312935929,-0.013593102466557308
2024-03-01,19,28,-0.061151317876876415,-0.05187929458084504,-0.013593102466557308
2024-03-01,20,42,0.008247154753474551,0.011161020814563922,-0.013593102466557308
2024-03-01,21,59,-0.008577415872151887,0.06370637243256545,-0.013593102466557308
2024-03-01,22,33,-0.02574027643354664,-0.0010056496527827002,-0.013593102466557308
2024-03-01,23,34,-0.07175222090750691,-0.10600001777392906,-0.013593102466557308
2024-03-01,24,54,-0.03518260027451616,-0.05170740252157988,-0.013593102466557308
2024-03-01,25,57,-0.024358283896096133,-0.0136624125906782,-0.013593102466557308
2024-03-01,26,20,-0.013344690928438725,-0.04145674765049866,-0.013593102466557308
2024-04-01,6,59,0.024250487101779742,0.06654184380818641,-0.013593102466557308
2024-04-01,8,1,-0.025405979073243636,-0.08922562880299137,-0.013593102466557308
2024-04-01,9,59,0.027753862878604908,0.008373453990748157,-0.013593102466557308
2024-04-01,10,59,0.008058596622428638,0.018538824350584092,-0.013593102466557308
2024-04-01,11,59,-0.009137820667817292,-0.021931273974869332,-0.013593102466557308
2024-04-01,12,59,-0.035002789938302165,-0.04185742091088523,-0.013593102466557308
2024-04-01,13,59,0.01734099869304303,0.04878691801312412,-0.013593102466557308
2024-04-01,14,59,0.04432397497238787,0.0705272302144991,-0.013593102466557308
2024-04-01,15,56,-0.054517590356695164,-0.06704458226806036,-0.013593102466557308
2024-04-01,16,7,-0.04122629696962168,-0.11000790060647817,-0.013593102466557308
2024-04-01,17,43,-0.04746811142656885,-0.011300044751178698,-0.013593102466557308
2024-04-01,18,38,0.051028270268516716,0.04758066312935929,-0.013593102466557308
2024-04-01,19,28,-0.061151317876876415,-0.05187929458084504,-0.013593102466557308
2024-04-01,20,42,0.008247154753474551,0.011161020814563922,-0.013593102466557308
2024-04-01,21,59,-0.008577415872151887,0.06370637243256545,-0.013593102466557308
2024-04-01,22,33,-0.02574027643354664,-0.0010056496527827002,-0.013593102466557308
2024-04-01,23,34,-0.07175222090750691,-0.10600001777392906,-0.013593102466557308
2024-04-01,24,54,-0.03518260027451616,-0.05170740252157988,-0.013593102466557308
2024-04-01,25,57,-0.024358283896096133,-0.0136624125906782,-0.013593102466557308
2024-04-01,26,20,-0.013344690928438725,-0.04145674765049866,-0.013593102466557308
2024-05-06,6,59,0.024250487101779742,0.06654184380818641,-0.013593102466557308
2024-05-06,8,1,-0.025405979073243636,-0.08922562880299137,-0.013593102466557308
2024-05-06,9,59,0.027753862878604908,0.008373453990748157,-0.013593102466557308
2024-05-06,10,59,0.008058596622428638,0.018538824350584092,-0.013593102466557308
2024-05-06,11,59,-0.009137820667817292,-0.021931273974869332,-0.013593102466557308
2024-05-06,12,59,-0.035002789938302165,-0.04185742091088523,-0.013593102466557308
2024-05-06,13,59,0.01734099869304303,0.04878691801312412,-0.013593102466557308
2024-05-06,14,59,0.04432397497238787,0.0705272302144991,-0.013593102466557308
2024-05-06,15,56,-0.054517590356695164,-0.06704458226806036,-0.013593102466557308
2024-05-06,16,7,-0.04122629696962168,-0.11000790060647817,-0.013593102466557308
2024-05-06,17,43,-0.04746811142656885,-0.011300044751178698,-0.013593102466557308
2024-05-06,18,38,0.051028270268516716,0.04758066312935929,-0.013593102466557308
2024-05-06,19,28,-0.061151317876876415,-0.05187929458084504,-0.013593102466557308
2024-05-06,20,42,0.008247154753474551,0.011161020814563922,-0.013593102466557308
2024-05-06,21,59,-0.008577415872151887,0.06370637243256545,-0.013593102466557308
2024-05-06,22,33,-0.02574027643354664,-0.0010056496527827002,-0.013593102466557308
2024-05-06,23,34,-0.07175222090750691,-0.10600001777392906,-0.013593102466557308
2024-05-06,24,54,-0.03518260027451616,-0.05170740252157988,-0.013593102466557308
2024-05-06,25,57,-0.024358283896096133,-0.0136624125906782,-0.013593102466557308
2024-05-06,26,20,-0.013344690928438725,-0.04145674765049866,-0.013593102466557308
2024-06-03,8,1,-0.025405979073243636,-0.08565193763679808,-0.012810687119074755
2024-06-03,9,59,0.027753862878604908,0.009023752366991891,-0.012810687119074755
2024-06-03,10,59,0.008058596622428638,0.019537117115298555,-0.012810687119074755
2024-06-03,11,59,-0.009137820667817292,-0.021586103456248014,-0.012810687119074755
2024-06-03,12,59,-0.035002789938302165,-0.04170290137841584,-0.012810687119074755
2024-06-03,13,59,0.01734099869304303,0.05067557037261274,-0.012810687119074755
2024-06-03,14,59,0.04432397497238787,0.07091932477477728,-0.012810687119074755
2024-06-03,15,56,-0.054517590356695164,-0.06788746453010089,-0.012810687119074755
2024-06-03,16,7,-0.04122629696962168,-0.10712773586013166,-0.012810687119074755
2024-06-03,17,43,-0.04746811142656885,-0.011662372944608305,-0.012810687119074755
2024-06-03,18,38,0.051028270268516716,0.048312559583008306,-0.012810687119074755
2024-06-03,19,28,-0.061151317876876415,-0.048298221172485334,-0.012810687119074755
2024-06-03,20,42,0.008247154753474551,0.014663316300134486,-0.012810687119074755
2024-06-03,21,59,-0.008577415872151887,0.06673400020937607,-0.012810687119074755
2024-06-03,22,33,-0.02574027643354664,-0.0006200040451714191,-0.012810687119074755
2024-06-03,23,34,-0.07175222090750691,-0.10592098863092203,-0.012810687119074755
2024-06-03,24,54,-0.03518260027451616,-0.050955515091859555,-0.012810687119074755
2024-06-03,25,57,-0.024358283896096133,-0.00988479786747847,-0.012810687119074755
2024-06-03,26,20,-0.013344690928438725,-0.04046638217974226,-0.012810687119074755
2024-06-03,27,59,0.039898794051430694,0.055685041690267424,-0.012810687119074755
2024-07-01,8,1,-0.025405979073243636,-0.08565193763679808,-0.012810687119074755
2024-07-01,9,59,0.027753862878604908,0.009023752366991891,-0.012810687119074755
2024-07-01,10,59,0.008058596622428638,0.019537117115298555,-0.012810687119074755
2024-07-01,11,59,-0.009137820667817292,-0.021586103456248014,-0.012810687119074755
2024-07-01,12,59,-0.035002789938302165,-0.04170290137841584,-0.012810687119074755
2024-07-01,13,59,0.01734099869304303,0.05067557037261274,-0.012810687119074755
2024-07-01,14,59,0.04432397497238787,0.07091932477477728,-0.012810687119074755
2024-07-01,15,56,-0.054517590356695164,-0.06788746453010089,-0.012810687119074755
2024-07-01,16,7,-0.04122629696962168,-0.10712773586013166,-0.012810687119074755
2024-07-01,17,43,-0.04746811142656885,-0.011662372944608305,-0.012810687119074755
2024-07-01,18,38,0.051028270268516716,0.048312559583008306,-0.012810687119074755
2024-07-01,19,28,-0.061151317876876415,-0.048298221172485334,-0.012810687119074755
2024-07-01,20,42,0.008247154753474551,0.014663316300134486,-0.012810687119074755
2024-07-01,21,59,-0.008577415872151887,0.06673400020937607,-0.012810687119074755
2024-07-01,22,33,-0.02574027643354664,-0.0006200040451714191,-0.012810687119074755
2024-07-01,23,34,-0.07175222090750691,-0.10592098863092203,-0.012810687119074755
2024-07-01,24,54,-0.03518260027451616,-0.050955515091859555,-0.012810687119074755
2024-07-01,25,57,-0.024358283896096133,-0.00988479786747847,-0.012810687119074755
2024-07-01,26,20,-0.013344690928438725,-0.04046638217974226,-0.012810687119074755
2024-07-01,27,59,0.039898794051430694,0.055685041690267424,-0.012810687119074755
2024-08-01,9,59,0.027753862878604908,0.007444503462540206,-0.013159762734882743
2024-08-01,10,59,0.008058596622428638,0.018407837460344145,-0.013159762734882743
2024-08-01,11,59,-0.009137820667817292,-0.02297038189742965,-0.013159762734882743
2024-08-01,12,59,-0.035002789938302165,-0.0429931557262009,-0.013159762734882743
2024-08-01,13,59,0.01734099869304303,0.0495298999713772,-0.013159762734882743
2024-08-01,14,59,0.04432397497238787,0.07020087878958278,-0.013159762734882743
2024-08-01,15,56,-0.054517590356695164,-0.06857037249196231,-0.013159762734882743
2024-08-01,16,7,-0.04122629696962168,-0.10877251216942552,-0.013159762734882743
2024-08-01,17,43,-0.04746811142656885,-0.010786622255280556,-0.013159762734882743
2024-08-01,18,38,0.051028270268516716,0.0476387390258469,-0.013159762734882743
2024-08-01,19,28,-0.061151317876876415,-0.049378204544516885,-0.013159762734882743
2024-08-01,20,42,0.008247154753474551,0.01267890785336049,-0.013159762734882743
2024-08-01,21,59,-0.008577415872151887,0.06670928285165703,-0.013159762734882743
2024-08-01,22,33,-0.02574027643354664,-0.0005517535154367266,-0.013159762734882743
2024-08-01,23,34,-0.07175222090750691,-0.10726725186990885,-0.013159762734882743
2024-08-01,24,54,-0.03518260027451616,-0.0525717934216761,-0.013159762734882743
2024-08-01,25,57,-0.024358283896096133,-0.012097349305803902,-0.013159762734882743
2024-08-01,26,20,-0.013344690928438725,-0.04178891061357963,-0.013159762734882743
2024-08-01,27,59,0.039898794051430694,0.05428481056964857,-0.013159762734882743
2024-08-01,28,31,-0.03238830875487277,-0.07234180687079116,-0.013159762734882743
2024-09-02,9,59,0.027753862878604908,0.007444503462540206,-0.013159762734882743
2024-09-02,10,59,0.008058596622428638,0.018407837460344145,-0.013159762734882743
2024-09-02,11,59,-0.009137820667817292,-0.02297038189742965,-0.013159762734882743
2024-09-02,12,59,-0.035002789938302165,-0.0429931557262009,-0.013159762734882743
2024-09-02,13,59,0.01734099869304303,0.0495298999713772,-0.013159762734882743
2024-09-02,14,59,0.04432397497238787,0.07020087878958278,-0.013159762734882743
2024-09-02,15,56,-0.054517590356695164,-0.06857037249196231,-0.013159762734882743
2024-09-02,16,7,-0.04122629696962168,-0.10877251216942552,-0.013159762734882743
2024-09-02,17,43,-0.04746811142656885,-0.010786622255280556,-0.013159762734882743
2024-09-02,18,38,0.051028270268516716,0.0476387390258469,-0.013159762734882743
2024-09-02,19,28,-0.061151317876876415,-0.049378204544516885,-0.013159762734882743
2024-09-02,20,42,0.008247154753474551,0.01267890785336049,-0.013159762734882743
2024-09-02,21,59,-0.008577415872151887,0.06670928285165703,-0.013159762734882743
2024-09-02,22,33,-0.02574027643354664,-0.0005517535154367266,-0.013159762734882743
2024-09-02,23,34,-0.07175222090750691,-0.10726725186990885,-0.013159762734882743
2024-09-02,24,54,-0.03518260027451616,-0.0525717934216761,-0.013159762734882743
2024-09-02,25,57,-0.024358283896096133,-0.012097349305803902,-0.013159762734882743
2024-09-02,26,20,-0.013344690928438725,-0.04178891061357963,-0.013159762734882743
2024-09-02,27,59,0.039898794051430694,0.05428481056964857,-0.013159762734882743
2024-09-02,28,31,-0.03238830875487277,-0.07234180687079116,-0.013159762734882743
2024-10-08,10,59,0.008058596622428638,0.019498559239520787,-0.016511813271924032
2024-10-08,11,59,-0.009137820667817292,-0.02218891695059892,-0.016511813271924032
2024-10-08,12,59,-0.035002789938302165,-0.041701213927934085,-0.016511813271924032
2024-10-08,13,59,0.01734099869304303,0.05048641456731062,-0.016511813271924032
2024-10-08,14,59,0.04432397497238787,0.07182107207626516,-0.016511813271924032
2024-10-08,15,56,-0.054517590356695164,-0.06668529246348547,-0.016511813271924032
2024-10-08,16,7,-0.04122629696962168,-0.10873919207961158,-0.016511813271924032
2024-10-08,17,43,-0.04746811142656885,-0.007516278754597226,-0.016511813271924032
2024-10-08,18,38,0.051028270268516716,0.04939986271765523,-0.016511813271924032
2024-10-08,19,28,-0.061151317876876415,-0.04857115014723179,-0.016511813271924032
2024-10-08,20,42,0.008247154753474551,0.012794510043516776,-0.016511813271924032
2024-10-08,21,59,-0.008577415872151887,0.06815909670677227,-0.016511813271924032
2024-10-08,22,33,-0.02574027643354664,0.0015649842775299835,-0.016511813271924032
2024-10-08,23,34,-0.07175222090750691,-0.10609388745168444,-0.016511813271924032
2024-10-08,24,54,-0.03518260027451616,-0.05170392415103743,-0.016511813271924032
2024-10-08,25,57,-0.024358283896096133,-0.01242000520539124,-0.016511813271924032
2024-10-08,26,20,-0.013344690928438725,-0.04105915939845739,-0.016511813271924032
2024-10-08,27,59,0.039898794051430694,0.055173179333391394,-0.016511813271924032
2024-10-08,28,31,-0.03238830875487277,-0.07103924780823351,-0.016511813271924032
2024-10-08,29,40,-0.03928864767834166,-0.08141567606217981,-0.016511813271924032
2024-11-01,11,59,-0.009137820667817292,-0.027111564356751737,-0.015789926500945912
2024-11-01,12,59,-0.035002789938302165,-0.05034008069395382,-0.015789926500945912
2024-11-01,13,59,0.01734099869304303,0.04477639926337061,-0.015789926500945912
2024-11-01,14,59,0.04432397497238787,0.06504398651751092,-0.015789926500945912
2024-11-01,15,56,-0.054517590356695164,-0.06927706812350641,-0.015789926500945912
2024-11-01,16,7,-0.04122629696962168,-0.11734895593646788,-0.015789926500945912
2024-11-01,17,43,-0.04746811142656885,-4.401000436640018e-05,-0.015789926500945912
2024-11-01,18,38,0.051028270268516716,0.048135749866943404,-0.015789926500945912
2024-11-01,19,28,-0.061151317876876415,-0.046642655317977205,-0.015789926500945912
2024-11-01,20,42,0.008247154753474551,0.007179784637586534,-0.015789926500945912
2024-11-01,21,59,-0.008577415872151887,0.07455505466004865,-0.015789926500945912
2024-11-01,22,33,-0.02574027643354664,0.004146669179558284,-0.015789926500945912
2024-11-01,23,34,-0.07175222090750691,-0.11321907789942987,-0.015789926500945912
2024-11-01,24,54,-0.03518260027451616,-0.05993073325101341,-0.015789926500945912
2024-11-01,25,57,-0.024358283896096133,-0.016884465242383673,-0.015789926500945912
2024-11-01,26,20,-0.013344690928438725,-0.0487320820627869,-0.015789926500945912
2024-11-01,27,59,0.039898794051430694,0.05023792262335301,-0.015789926500945912
2024-11-01,28,31,-0.03238830875487277,-0.0793262302540953,-0.015789926500945912
2024-11-01,29,40,-0.03928864767834166,-0.08833649675392469,-0.015789926500945912
2024-11-01,30,5,0.022538853514825055,0.10731932312936766,-0.015789926500945912
2024-12-02,11,59,-0.009137820667817292,-0.027111564356751737,-0.015789926500945912
2024-12-02,12,59,-0.035002789938302165,-0.05034008069395382,-0.015789926500945912
2024-12-02,13,59,0.01734099869304303,0.04477639926337061,-0.015789926500945912
2024-12-02,14,59,0.04432397497238787,0.06504398651751092,-0.015789926500945912
2024-12-02,15,56,-0.054517590356695164,-0.06927706812350641,-0.015789926500945912
2024-12-02,16,7,-0.04122629696962168,-0.11734895593646788,-0.015789926500945912
2024-12-02,17,43,-0.04746811142656885,-4.401000436640018e-05,-0.015789926500945912
2024-12-02,18,38,0.051028270268516716,0.048135749866943404,-0.015789926500945912
2024-12-02,19,28,-0.061151317876876415,-0.046642655317977205,-0.015789926500945912
2024-12-02,20,42,0.008247154753474551,0.007179784637586534,-0.015789926500945912
2024-12-02,21,59,-0.008577415872151887,0.07455505466004865,-0.015789926500945912
2024-12-02,22,33,-0.02574027643354664,0.004146669179558284,-0.015789926500945912
2024-12-02,23,34,-0.07175222090750691,-0.11321907789942987,-0.015789926500945912
2024-12-02,24,54,-0.03518260027451616,-0.05993073325101341,-0.015789926500945912
2024-12-02,25,57,-0.024358283896096133,-0.016884465242383673,-0.015789926500945912
2024-12-02,26,20,-0.013344690928438725,-0.0487320820627869,-0.015789926500945912
2024-12-02,27,59,0.039898794051430694,0.05023792262335301,-0.015789926500945912
2024-12-02,28,31,-0.03238830875487277,-0.0793262302540953,-0.015789926500945912
2024-12-02,29,40,-0.03928864767834166,-0.08833649675392469,-0.015789926500945912
2024-12-02,30,5,0.022538853514825055,0.10731932312936766,-0.015789926500945912
2025-01-02,11,59,-0.009137820667817292,-0.027111564356751737,-0.015789926500945912
2025-01-02,12,59,-0.035002789938302165,-0.05034008069395382,-0.015789926500945912
2025-01-02,13,59,0.01734099869304303,0.04477639926337061,-0.015789926500945912
2025-01-02,14,59,0.04432397497238787,0.06504398651751092,-0.015789926500945912
2025-01-02,15,56,-0.054517590356695164,-0.06927706812350641,-0.015789926500945912
2025-01-02,16,7,-0.04122629696962168,-0.11734895593646788,-0.015789926500945912
2025-01-02,17,43,-0.04746811142656885,-4.401000436640018e-05,-0.015789926500945912
2025-01-02,18,38,0.051028270268516716,0.048135749866943404,-0.015789926500945912
2025-01-02,19,28,-0.061151317876876415,-0.046642655317977205,-0.015789926500945912
2025-01-02,20,42,0.008247154753474551,0.007179784637586534,-0.015789926500945912
2025-01-02,21,59,-0.008577415872151887,0.07455505466004865,-0.015789926500945912
2025-01-02,22,33,-0.02574027643354664,0.004146669179558284,-0.015789926500945912
2025-01-02,23,34,-0.07175222090750691,-0.11321907789942987,-0.015789926500945912
2025-01-02,24,54,-0.03518260027451616,-0.05993073325101341,-0.015789926500945912
2025-01-02,25,57,-0.024358283896096133,-0.016884465242383673,-0.015789926500945912
2025-01-02,26,20,-0.013344690928438725,-0.0487320820627869,-0.015789926500945912
2025-01-02,27,59,0.039898794051430694,0.05023792262335301,-0.015789926500945912
2025-01-02,28,31,-0.03238830875487277,-0.0793262302540953,-0.015789926500945912
2025-01-02,29,40,-0.03928864767834166,-0.08833649675392469,-0.015789926500945912
2025-01-02,30,5,0.022538853514825055,0.10731932312936766,-0.015789926500945912
2025-02-05,11,59,-0.009137820667817292,-0.027111564356751737,-0.015789926500945912
2025-02-05,12,59,-0.035002789938302165,-0.05034008069395382,-0.015789926500945912
2025-02-05,13,59,0.01734099869304303,0.04477639926337061,-0.015789926500945912
2025-02-05,14,59,0.04432397497238787,0.06504398651751092,-0.015789926500945912
2025-02-05,15,56,-0.054517590356695164,-0.06927706812350641,-0.015789926500945912
2025-02-05,16,7,-0.04122629696962168,-0.11734895593646788,-0.015789926500945912
2025-02-05,17,43,-0.04746811142656885,-4.401000436640018e-05,-0.015789926500945912
2025-02-05,18,38,0.051028270268516716,0.048135749866943404,-0.015789926500945912
2025-02-05,19,28,-0.061151317876876415,-0.046642655317977205,-0.015789926500945912
2025-02-05,20,42,0.008247154753474551,0.007179784637586534,-0.015789926500945912
2025-02-05,21,59,-0.008577415872151887,0.07455505466004865,-0.015789926500945912
2025-02-05,22,33,-0.02574027643354664,0.004146669179558284,-0.015789926500945912
2025-02-05,23,34,-0.07175222090750691,-0.11321907789942987,-0.015789926500945912
2025-02-05,24,54,-0.03518260027451616,-0.05993073325101341,-0.015789926500945912
2025-02-05,25,57,-0.024358283896096133,-0.016884465242383673,-0.015789926500945912
2025-02-05,26,20,-0.013344690928438725,-0.0487320820627869,-0.015789926500945912
2025-02-05,27,59,0.039898794051430694,0.05023792262335301,-0.015789926500945912
2025-02-05,28,31,-0.03238830875487277,-0.0793262302540953,-0.015789926500945912
2025-02-05,29,40,-0.03928864767834166,-0.08833649675392469,-0.015789926500945912
2025-02-05,30,5,0.022538853514825055,0.10731932312936766,-0.015789926500945912
2025-03-03,11,59,-0.009137820667817292,-0.027111564356751737,-0.015789926500945912
2025-03-03,12,59,-0.035002789938302165,-0.05034008069395382,-0.015789926500945912
2025-03-03,13,59,0.01734099869304303,0.04477639926337061,-0.015789926500945912
2025-03-03,14,59,0.04432397497238787,0.06504398651751092,-0.015789926500945912
2025-03-03,15,56,-0.054517590356695164,-0.06927706812350641,-0.015789926500945912
2025-03-03,16,7,-0.04122629696962168,-0.11734895593646788,-0.015789926500945912
2025-03-03,17,43,-0.04746811142656885,-4.401000436640018e-05,-0.015789926500945912
2025-03-03,18,38,0.051028270268516716,0.048135749866943404,-0.015789926500945912
2025-03-03,19,28,-0.061151317876876415,-0.046642655317977205,-0.015789926500945912
2025-03-03,20,42,0.008247154753474551,0.007179784637586534,-0.015789926500945912
2025-03-03,21,59,-0.008577415872151887,0.07455505466004865,-0.015789926500945912
2025-03-03,22,33,-0.02574027643354664,0.004146669179558284,-0.015789926500945912
2025-03-03,23,34,-0.07175222090750691,-0.11321907789942987,-0.015789926500945912
2025-03-03,24,54,-0.03518260027451616,-0.05993073325101341,-0.015789926500945912
2025-03-03,25,57,-0.024358283896096133,-0.016884465242383673,-0.015789926500945912
2025-03-03,26,20,-0.013344690928438725,-0.0487320820627869,-0.015789926500945912
2025-03-03,27,59,0.039898794051430694,0.05023792262335301,-0.015789926500945912
2025-03-03,28,31,-0.03238830875487277,-0.0793262302540953,-0.015789926500945912
2025-03-03,29,40,-0.03928864767834166,-0.08833649675392469,-0.015789926500945912
2025-03-03,30,5,0.022538853514825055,0.10731932312936766,-0.015789926500945912
2025-04-01,11,59,-0.009137820667817292,-0.027111564356751737,-0.015789926500945912
2025-04-01,12,59,-0.035002789938302165,-0.05034008069395382,-0.015789926500945912
2025-04-01,13,59,0.01734099869304303,0.04477639926337061,-0.015789926500945912
2025-04-01,14,59,0.04432397497238787,0.06504398651751092,-0.015789926500945912
2025-04-01,15,56,-0.054517590356695164,-0.06927706812350641,-0.015789926500945912
2025-04-01,16,7,-0.04122629696962168,-0.11734895593646788,-0.015789926500945912
2025-04-01,17,43,-0.04746811142656885,-4.401000436640018e-05,-0.015789926500945912
2025-04-01,18,38,0.051028270268516716,0.048135749866943404,-0.015789926500945912
2025-04-01,19,28,-0.061151317876876415,-0.046642655317977205,-0.015789926500945912
2025-04-01,20,42,0.008247154753474551,0.007179784637586534,-0.015789926500945912
2025-04-01,21,59,-0.008577415872151887,0.07455505466004865,-0.015789926500945912
2025-04-01,22,33,-0.02574027643354664,0.004146669179558284,-0.015789926500945912
2025-04-01,23,34,-0.07175222090750691,-0.11321907789942987,-0.015789926500945912
2025-04-01,24,54,-0.03518260027451616,-0.05993073325101341,-0.015789926500945912
2025-04-01,25,57,-0.024358283896096133,-0.016884465242383673,-0.015789926500945912
2025-04-01,26,20,-0.013344690928438725,-0.0487320820627869,-0.015789926500945912
2025-04-01,27,59,0.039898794051430694,0.05023792262335301,-0.015789926500945912
2025-04-01,28,31,-0.03238830875487277,-0.0793262302540953,-0.015789926500945912
2025-04-01,29,40,-0.03928864767834166,-0.08833649675392469,-0.015789926500945912
2025-04-01,30,5,0.022538853514825055,0.10731932312936766,-0.015789926500945912
2025-05-06,11,59,-0.009137820667817292,-0.027111564356751737,-0.015789926500945912
2025-05-06,12,59,-0.035002789938302165,-0.05034008069395382,-0.015789926500945912
2025-05-06,13,59,0.01734099869304303,0.04477639926337061,-0.015789926500945912
2025-05-06,14,59,0.04432397497238787,0.06504398651751092,-0.015789926500945912
2025-05-06,15,56,-0.054517590356695164,-0.06927706812350641,-0.015789926500945912
2025-05-06,16,7,-0.04122629696962168,-0.11734895593646788,-0.015789926500945912
2025-05-06,17,43,-0.04746811142656885,-4.401000436640018e-05,-0.015789926500945912
2025-05-06,18,38,0.051028270268516716,0.048135749866943404,-0.015789926500945912
2025-05-06,19,28,-0.061151317876876415,-0.046642655317977205,-0.015789926500945912
2025-05-06,20,42,0.008247154753474551,0.007179784637586534,-0.015789926500945912
2025-05-06,21,59,-0.008577415872151887,0.07455505466004865,-0.015789926500945912
2025-05-06,22,33,-0.02574027643354664,0.004146669179558284,-0.015789926500945912
2025-05-06,23,34,-0.07175222090750691,-0.11321907789942987,-0.015789926500945912
2025-05-06,24,54,-0.03518260027451616,-0.05993073325101341,-0.015789926500945912
2025-05-06,25,57,-0.024358283896096133,-0.016884465242383673,-0.015789926500945912
2025-05-06,26,20,-0.013344690928438725,-0.0487320820627869,-0.015789926500945912
2025-05-06,27,59,0.039898794051430694,0.05023792262335301,-0.015789926500945912
2025-05-06,28,31,-0.03238830875487277,-0.0793262302540953,-0.015789926500945912
2025-05-06,29,40,-0.03928864767834166,-0.08833649675392469,-0.015789926500945912
2025-05-06,30,5,0.022538853514825055,0.10731932312936766,-0.015789926500945912
2025-06-03,11,59,-0.009137820667817292,-0.027111564356751737,-0.015789926500945912
2025-06-03,12,59,-0.035002789938302165,-0.05034008069395382,-0.015789926500945912
2025-06-03,13,59,0.01734099869304303,0.04477639926337061,-0.015789926500945912
2025-06-03,14,59,0.04432397497238787,0.06504398651751092,-0.015789926500945912
2025-06-03,15,56,-0.054517590356695164,-0.06927706812350641,-0.015789926500945912
2025-06-03,16,7,-0.04122629696962168,-0.11734895593646788,-0.015789926500945912
2025-06-03,17,43,-0.04746811142656885,-4.401000436640018e-05,-0.015789926500945912
2025-06-03,18,38,0.051028270268516716,0.048135749866943404,-0.015789926500945912
2025-06-03,19,28,-0.061151317876876415,-0.046642655317977205,-0.015789926500945912
2025-06-03,20,42,0.008247154753474551,0.007179784637586534,-0.015789926500945912
2025-06-03,21,59,-0.008577415872151887,0.07455505466004865,-0.015789926500945912
2025-06-03,22,33,-0.02574027643354664,0.004146669179558284,-0.015789926500945912
2025-06-03,23,34,-0.07175222090750691,-0.11321907789942987,-0.015789926500945912
2025-06-03,24,54,-0.03518260027451616,-0.05993073325101341,-0.015789926500945912
2025-06-03,25,57,-0.024358283896096133,-0.016884465242383673,-0.015789926500945912
2025-06-03,26,20,-0.013344690928438725,-0.0487320820627869,-0.015789926500945912
2025-06-03,27,59,0.039898794051430694,0.05023792262335301,-0.015789926500945912
2025-06-03,28,31,-0.03238830875487277,-0.0793262302540953,-0.015789926500945912
2025-06-03,29,40,-0.03928864767834166,-0.08833649675392469,-0.015789926500945912
2025-06-03,30,5,0.022538853514825055,0.10731932312936766,-0.015789926500945912
2025-07-01,11,59,-0.009137820667817292,-0.027111564356751737,-0.015789926500945912
2025-07-01,12,59,-0.035002789938302165,-0.05034008069395382,-0.015789926500945912
2025-07-01,13,59,0.01734099869304303,0.04477639926337061,-0.015789926500945912
2025-07-01,14,59,0.04432397497238787,0.06504398651751092,-0.015789926500945912
2025-07-01,15,56,-0.054517590356695164,-0.06927706812350641,-0.015789926500945912
2025-07-01,16,7,-0.04122629696962168,-0.11734895593646788,-0.015789926500945912
2025-07-01,17,43,-0.04746811142656885,-4.401000436640018e-05,-0.015789926500945912
2025-07-01,18,38,0.051028270268516716,0.048135749866943404,-0.015789926500945912
2025-07-01,19,28,-0.061151317876876415,-0.046642655317977205,-0.015789926500945912
2025-07-01,20,42,0.008247154753474551,0.007179784637586534,-0.015789926500945912
2025-07-01,21,59,-0.008577415872151887,0.07455505466004865,-0.015789926500945912
2025-07-01,22,33,-0.02574027643354664,0.004146669179558284,-0.015789926500945912
2025-07-01,23,34,-0.07175222090750691,-0.11321907789942987,-0.015789926500945912
2025-07-01,24,54,-0.03518260027451616,-0.05993073325101341,-0.015789926500945912
2025-07-01,25,57,-0.024358283896096133,-0.016884465242383673,-0.015789926500945912
2025-07-01,26,20,-0.013344690928438725,-0.0487320820627869,-0.015789926500945912
2025-07-01,27,59,0.039898794051430694,0.05023792262335301,-0.015789926500945912
2025-07-01,28,31,-0.03238830875487277,-0.0793262302540953,-0.015789926500945912
2025-07-01,29,40,-0.03928864767834166,-0.08833649675392469,-0.015789926500945912
2025-07-01,30,5,0.022538853514825055,0.10731932312936766,-0.015789926500945912
2025-08-01,12,59,-0.035002789938302165,-0.05101170783515096,-0.013186031996604711
2025-08-01,13,59,0.01734099869304303,0.04407325050014002,-0.013186031996604711
2025-08-01,14,59,0.04432397497238787,0.06424962108428722,-0.013186031996604711
2025-08-01,15,56,-0.054517590356695164,-0.07007312067855172,-0.013186031996604711
2025-08-01,16,7,-0.04122629696962168,-0.11822270283826644,-0.013186031996604711
2025-08-01,17,43,-0.04746811142656885,-0.0014072209794351864,-0.013186031996604711
2025-08-01,18,38,0.051028270268516716,0.047073516565538875,-0.013186031996604711
2025-08-01,19,28,-0.061151317876876415,-0.04770026589982324,-0.013186031996604711
2025-08-01,20,42,0.008247154753474551,0.006477672072411896,-0.013186031996604711
2025-08-01,21,59,-0.008577415872151887,0.0735270546238261,-0.013186031996604711
2025-08-01,22,33,-0.02574027643354664,0.0031014657078229577,-0.013186031996604711
2025-08-01,23,34,-0.07175222090750691,-0.11394790239416693,-0.013186031996604711
2025-08-01,24,54,-0.03518260027451616,-0.06053995917544305,-0.013186031996604711
2025-08-01,25,57,-0.024358283896096133,-0.017341838591891284,-0.013186031996604711
2025-08-01,26,20,-0.013344690928438725,-0.04947751944588692,-0.013186031996604711
2025-08-01,27,59,0.039898794051430694,0.04956076721890048,-0.013186031996604711
2025-08-01,28,31,-0.03238830875487277,-0.07999207244705092,-0.013186031996604711
2025-08-01,29,40,-0.03928864767834166,-0.08876228637350773,-0.013186031996604711
2025-08-01,30,5,0.022538853514825055,0.10654787925861538,-0.013186031996604711
2025-08-01,31,59,0.042947398682464305,0.04014472969553729,-0.013186031996604711
2025-09-01,12,59,-0.035002789938302165,-0.05101170783515096,-0.013186031996604711
2025-09-01,13,59,0.01734099869304303,0.04407325050014002,-0.013186031996604711
2025-09-01,14,59,0.04432397497238787,0.06424962108428722,-0.013186031996604711
2025-09-01,15,56,-0.054517590356695164,-0.07007312067855172,-0.013186031996604711
2025-09-01,16,7,-0.04122629696962168,-0.11822270283826644,-0.013186031996604711
2025-09-01,17,43,-0.04746811142656885,-0.0014072209794351864,-0.013186031996604711
2025-09-01,18,38,0.051028270268516716,0.047073516565538875,-0.013186031996604711
2025-09-01,19,28,-0.061151317876876415,-0.04770026589982324,-0.013186031996604711
2025-09-01,20,42,0.008247154753474551,0.006477672072411896,-0.013186031996604711
2025-09-01,21,59,-0.008577415872151887,0.0735270546238261,-0.013186031996604711
2025-09-01,22,33,-0.02574027643354664,0.0031014657078229577,-0.013186031996604711
2025-09-01,23,34,-0.07175222090750691,-0.11394790239416693,-0.013186031996604711
2025-09-01,24,54,-0.03518260027451616,-0.06053995917544305,-0.013186031996604711
2025-09-01,25,57,-0.024358283896096133,-0.017341838591891284,-0.013186031996604711
2025-09-01,26,20,-0.013344690928438725,-0.04947751944588692,-0.013186031996604711
2025-09-01,27,59,0.039898794051430694,0.04956076721890048,-0.013186031996604711
2025-09-01,28,31,-0.03238830875487277,-0.07999207244705092,-0.013186031996604711
2025-09-01,29,40,-0.03928864767834166,-0.08876228637350773,-0.013186031996604711
2025-09-01,30,5,0.022538853514825055,0.10654787925861538,-0.013186031996604711
2025-09-01,31,59,0.042947398682464305,0.04014472969553729,-0.013186031996604711
2025-10-09,12,59,-0.035002789938302165,-0.05101170783515096,-0.013186031996604711
2025-10-09,13,59,0.01734099869304303,0.04407325050014002,-0.013186031996604711
2025-10-09,14,59,0.04432397497238787,0.06424962108428722,-0.013186031996604711
2025-10-09,15,56,-0.054517590356695164,-0.07007312067855172,-0.013186031996604711
2025-10-09,16,7,-0.04122629696962168,-0.11822270283826644,-0.013186031996604711
2025-10-09,17,43,-0.04746811142656885,-0.0014072209794351864,-0.013186031996604711
2025-10-09,18,38,0.051028270268516716,0.047073516565538875,-0.013186031996604711
2025-10-09,19,28,-0.061151317876876415,-0.04770026589982324,-0.013186031996604711
2025-10-09,20,42,0.008247154753474551,0.006477672072411896,-0.013186031996604711
2025-10-09,21,59,-0.008577415872151887,0.0735270546238261,-0.013186031996604711
2025-10-09,22,33,-0.02574027643354664,0.0031014657078229577,-0.013186031996604711
2025-10-09,23,34,-0.07175222090750691,-0.11394790239416693,-0.013186031996604711
2025-10-09,24,54,-0.03518260027451616,-0.06053995917544305,-0.013186031996604711
2025-10-09,25,57,-0.024358283896096133,-0.017341838591891284,-0.013186031996604711
2025-10-09,26,20,-0.013344690928438725,-0.04947751944588692,-0.013186031996604711
2025-10-09,27,59,0.039898794051430694,0.04956076721890048,-0.013186031996604711
2025-10-09,28,31,-0.03238830875487277,-0.07999207244705092,-0.013186031996604711
2025-10-09,29,40,-0.03928864767834166,-0.08876228637350773,-0.013186031996604711
2025-10-09,30,5,0.022538853514825055,0.10654787925861538,-0.013186031996604711
2025-10-09,31,59,0.042947398682464305,0.04014472969553729,-0.013186031996604711
2025-11-03,13,59,0.01734099869304303,0.04124705301291942,-0.007684258464876939
2025-11-03,14,59,0.04432397497238787,0.0608375337383603,-0.007684258464876939
2025-11-03,15,56,-0.054517590356695164,-0.07381983652459925,-0.007684258464876939
2025-11-03,16,7,-0.04122629696962168,-0.12119596003290381,-0.007684258464876939
2025-11-03,17,43,-0.04746811142656885,-0.0030105212898479117,-0.007684258464876939
2025-11-03,18,38,0.051028270268516716,0.04483839491283232,-0.007684258464876939
2025-11-03,19,28,-0.061151317876876415,-0.04849829130594472,-0.007684258464876939
2025-11-03,20,42,0.008247154753474551,0.004511063933980349,-0.007684258464876939
2025-11-03,21,59,-0.008577415872151887,0.07274626210666799,-0.007684258464876939
2025-11-03,22,33,-0.02574027643354664,0.0002511787080408598,-0.007684258464876939
2025-11-03,23,34,-0.07175222090750691,-0.11795999906922955,-0.007684258464876939
2025-11-03,24,54,-0.03518260027451616,-0.06419949245584401,-0.007684258464876939
2025-11-03,25,57,-0.024358283896096133,-0.01974888796734141,-0.007684258464876939
2025-11-03,26,20,-0.013344690928438725,-0.053596507631879106,-0.007684258464876939
2025-11-03,27,59,0.039898794051430694,0.04675352935301917,-0.007684258464876939
2025-11-03,28,31,-0.03238830875487277,-0.08512114608262547,-0.007684258464876939
2025-11-03,29,40,-0.03928864767834166,-0.09346501731304836,-0.007684258464876939
2025-11-03,30,5,0.022538853514825055,0.10297444621174033,-0.007684258464876939
2025-11-03,31,59,0.042947398682464305,0.03727463303364395,-0.007684258464876939
2025-11-03,32,59,0.07500341679500377,0.11549639536452011,-0.007684258464876939
2025-12-01,13,59,0.01734099869304303,0.04124705301291942,-0.007684258464876939
2025-12-01,14,59,0.04432397497238787,0.0608375337383603,-0.007684258464876939
2025-12-01,15,56,-0.054517590356695164,-0.07381983652459925,-0.007684258464876939
2025-12-01,16,7,-0.04122629696962168,-0.12119596003290381,-0.007684258464876939
2025-12-01,17,43,-0.04746811142656885,-0.0030105212898479117,-0.007684258464876939
2025-12-01,18,38,0.051028270268516716,0.04483839491283232,-0.007684258464876939
2025-12-01,19,28,-0.061151317876876415,-0.04849829130594472,-0.007684258464876939
2025-12-01,20,42,0.008247154753474551,0.004511063933980349,-0.007684258464876939
2025-12-01,21,59,-0.008577415872151887,0.07274626210666799,-0.007684258464876939
2025-12-01,22,33,-0.02574027643354664,0.0002511787080408598,-0.007684258464876939
2025-12-01,23,34,-0.07175222090750691,-0.11795999906922955,-0.007684258464876939
2025-12-01,24,54,-0.03518260027451616,-0.06419949245584401,-0.007684258464876939
2025-12-01,25,57,-0.024358283896096133,-0.01974888796734141,-0.007684258464876939
2025-12-01,26,20,-0.013344690928438725,-0.053596507631879106,-0.007684258464876939
2025-12-01,27,59,0.039898794051430694,0.04675352935301917,-0.007684258464876939
2025-12-01,28,31,-0.03238830875487277,-0.08512114608262547,-0.007684258464876939
2025-12-01,29,40,-0.03928864767834166,-0.09346501731304836,-0.007684258464876939
2025-12-01,30,5,0.022538853514825055,0.10297444621174033,-0.007684258464876939
2025-12-01,31,59,0.042947398682464305,0.03727463303364395,-0.007684258464876939
2025-12-01,32,59,0.07500341679500377,0.11549639536452011,-0.007684258464876939
2026-01-05,13,59,0.01734099869304303,0.04124705301291942,-0.007684258464876939
2026-01-05,14,59,0.04432397497238787,0.0608375337383603,-0.007684258464876939
2026-01-05,15,56,-0.054517590356695164,-0.07381983652459925,-0.007684258464876939
2026-01-05,16,7,-0.04122629696962168,-0.12119596003290381,-0.007684258464876939
2026-01-05,17,43,-0.04746811142656885,-0.0030105212898479117,-0.007684258464876939
2026-01-05,18,38,0.051028270268516716,0.04483839491283232,-0.007684258464876939
2026-01-05,19,28,-0.061151317876876415,-0.04849829130594472,-0.007684258464876939
2026-01-05,20,42,0.008247154753474551,0.004511063933980349,-0.007684258464876939
2026-01-05,21,59,-0.008577415872151887,0.07274626210666799,-0.007684258464876939
2026-01-05,22,33,-0.02574027643354664,0.0002511787080408598,-0.007684258464876939
2026-01-05,23,34,-0.07175222090750691,-0.11795999906922955,-0.007684258464876939
2026-01-05,24,54,-0.03518260027451616,-0.06419949245584401,-0.007684258464876939
2026-01-05,25,57,-0.024358283896096133,-0.01974888796734141,-0.007684258464876939
2026-01-05,26,20,-0.013344690928438725,-0.053596507631879106,-0.007684258464876939
2026-01-05,27,59,0.039898794051430694,0.04675352935301917,-0.007684258464876939
2026-01-05,28,31,-0.03238830875487277,-0.08512114608262547,-0.007684258464876939
2026-01-05,29,40,-0.03928864767834166,-0.09346501731304836,-0.007684258464876939
2026-01-05,30,5,0.022538853514825055,0.10297444621174033,-0.007684258464876939
2026-01-05,31,59,0.042947398682464305,0.03727463303364395,-0.007684258464876939
2026-01-05,32,59,0.07500341679500377,0.11549639536452011,-0.007684258464876939
2026-02-02,14,59,0.04432397497238787,0.062388406839143706,-0.006490954646528184
2026-02-02,15,56,-0.054517590356695164,-0.07214611144241054,-0.006490954646528184
2026-02-02,16,7,-0.04122629696962168,-0.1188102435822038,-0.006490954646528184
2026-02-02,17,43,-0.04746811142656885,-0.002159681708664353,-0.006490954646528184
2026-02-02,18,38,0.051028270268516716,0.04636089371684527,-0.006490954646528184
2026-02-02,19,28,-0.061151317876876415,-0.04689000302357076,-0.006490954646528184
2026-02-02,20,42,0.008247154753474551,0.006597155193779182,-0.006490954646528184
2026-02-02,21,59,-0.008577415872151887,0.07355352483245271,-0.006490954646528184
2026-02-02,22,33,-0.02574027643354664,0.001558420254751839,-0.006490954646528184
2026-02-02,23,34,-0.07175222090750691,-0.1158217059822867,-0.006490954646528184
2026-02-02,24,54,-0.03518260027451616,-0.06210842062726035,-0.006490954646528184
2026-02-02,25,57,-0.024358283896096133,-0.01756859229209444,-0.006490954646528184
2026-02-02,26,20,-0.013344690928438725,-0.05147658933069646,-0.006490954646528184
2026-02-02,27,59,0.039898794051430694,0.04863919882606001,-0.006490954646528184
2026-02-02,28,31,-0.03238830875487277,-0.08311358694480009,-0.006490954646528184
2026-02-02,29,40,-0.03928864767834166,-0.09116780233216565,-0.006490954646528184
2026-02-02,30,5,0.022538853514825055,0.1053677033532387,-0.006490954646528184
2026-02-02,31,59,0.042947398682464305,0.03926242768976761,-0.006490954646528184
2026-02-02,32,59,0.07500341679500377,0.1168639041181754,-0.006490954646528184
2026-02-02,33,59,0.0412059706625795,0.03085200951137507,-0.006490954646528184
2026-03-02,15,56,-0.054517590356695164,-0.06900462140488273,-0.009376234191685474
2026-03-02,16,7,-0.04122629696962168,-0.11604901466590625,-0.009376234191685474
2026-03-02,17,43,-0.04746811142656885,0.0013753270605940324,-0.009376234191685474
2026-03-02,18,38,0.051028270268516716,0.049120329286289975,-0.009376234191685474
2026-03-02,19,28,-0.061151317876876415,-0.04468105917618464,-0.009376234191685474
2026-03-02,20,42,0.008247154753474551,0.008184481826543478,-0.009376234191685474
2026-03-02,21,59,-0.008577415872151887,0.07623688396906322,-0.009376234191685474
2026-03-02,22,33,-0.02574027643354664,0.0048836250599667425,-0.009376234191685474
2026-03-02,23,34,-0.07175222090750691,-0.11307447558918085,-0.009376234191685474
2026-03-02,24,54,-0.03518260027451616,-0.05981492744475917,-0.009376234191685474
2026-03-02,25,57,-0.024358283896096133,-0.016002601555246264,-0.009376234191685474
2026-03-02,26,20,-0.013344690928438725,-0.04863215035891098,-0.009376234191685474
2026-03-02,27,59,0.039898794051430694,0.05070199723428853,-0.009376234191685474
2026-03-02,28,31,-0.03238830875487277,-0.07974871529635669,-0.009376234191685474
2026-03-02,29,40,-0.03928864767834166,-0.0883466915368641,-0.009376234191685474
2026-03-02,30,5,0.022538853514825055,0.10843464132111197,-0.009376234191685474
2026-03-02,31,59,0.042947398682464305,0.04117102236963155,-0.009376234191685474
2026-03-02,32,59,0.07500341679500377,0.11938905166488524,-0.009376234191685474
2026-03-02,33,59,0.0412059706625795,0.034007544667561077,-0.009376234191685474
2026-03-02,34,12,-0.013376247780343305,-0.045675331265353614,-0.009376234191685474
2026-04-01,15,56,-0.054517590356695164,-0.06900462140488273,-0.009376234191685474
2026-04-01,16,7,-0.04122629696962168,-0.11604901466590625,-0.009376234191685474
2026-04-01,17,43,-0.04746811142656885,0.0013753270605940324,-0.009376234191685474
2026-04-01,18,38,0.051028270268516716,0.049120329286289975,-0.009376234191685474
2026-04-01,19,28,-0.061151317876876415,-0.04468105917618464,-0.009376234191685474
2026-04-01,20,42,0.008247154753474551,0.008184481826543478,-0.009376234191685474
2026-04-01,21,59,-0.008577415872151887,0.07623688396906322,-0.009376234191685474
2026-04-01,22,33,-0.02574027643354664,0.0048836250599667425,-0.009376234191685474
2026-04-01,23,34,-0.07175222090750691,-0.11307447558918085,-0.009376234191685474
2026-04-01,24,54,-0.03518260027451616,-0.05981492744475917,-0.009376234191685474
2026-04-01,25,57,-0.024358283896096133,-0.016002601555246264,-0.009376234191685474
2026-04-01,26,20,-0.013344690928438725,-0.04863215035891098,-0.009376234191685474
2026-04-01,27,59,0.039898794051430694,0.05070199723428853,-0.009376234191685474
2026-04-01,28,31,-0.03238830875487277,-0.07974871529635669,-0.009376234191685474
2026-04-01,29,40,-0.03928864767834166,-0.0883466915368641,-0.009376234191685474
2026-04-01,30,5,0.022538853514825055,0.10843464132111197,-0.009376234191685474
2026-04-01,31,59,0.042947398682464305,0.04117102236963155,-0.009376234191685474
2026-04-01,32,59,0.07500341679500377,0.11938905166488524,-0.009376234191685474
2026-04-01,33,59,0.0412059706625795,0.034007544667561077,-0.009376234191685474
2026-04-01,34,12,-0.013376247780343305,-0.045675331265353614,-0.009376234191685474
2026-05-06,15,56,-0.054517590356695164,-0.06900462140488273,-0.009376234191685474
2026-05-06,16,7,-0.04122629696962168,-0.11604901466590625,-0.009376234191685474
2026-05-06,17,43,-0.04746811142656885,0.0013753270605940324,-0.009376234191685474
2026-05-06,18,38,0.051028270268516716,0.049120329286289975,-0.009376234191685474
2026-05-06,19,28,-0.061151317876876415,-0.04468105917618464,-0.009376234191685474
2026-05-06,20,42,0.008247154753474551,0.008184481826543478,-0.009376234191685474
2026-05-06,21,59,-0.008577415872151887,0.07623688396906322,-0.009376234191685474
2026-05-06,22,33,-0.02574027643354664,0.0048836250599667425,-0.009376234191685474
2026-05-06,23,34,-0.07175222090750691,-0.11307447558918085,-0.009376234191685474
2026-05-06,24,54,-0.03518260027451616,-0.05981492744475917,-0.009376234191685474
2026-05-06,25,57,-0.024358283896096133,-0.016002601555246264,-0.009376234191685474
2026-05-06,26,20,-0.013344690928438725,-0.04863215035891098,-0.009376234191685474
2026-05-06,27,59,0.039898794051430694,0.05070199723428853,-0.009376234191685474
2026-05-06,28,31,-0.03238830875487277,-0.07974871529635669,-0.009376234191685474
2026-05-06,29,40,-0.03928864767834166,-0.0883466915368641,-0.009376234191685474
2026-05-06,30,5,0.022538853514825055,0.10843464132111197,-0.009376234191685474
2026-05-06,31,59,0.042947398682464305,0.04117102236963155,-0.009376234191685474
2026-05-06,32,59,0.07500341679500377,0.11938905166488524,-0.009376234191685474
2026-05-06,33,59,0.0412059706625795,0.034007544667561077,-0.009376234191685474
2026-05-06,34,12,-0.013376247780343305,-0.045675331265353614,-0.009376234191685474
2026-06-01,15,56,-0.054517590356695164,-0.06900462140488273,-0.009376234191685474
2026-06-01,16,7,-0.04122629696962168,-0.11604901466590625,-0.009376234191685474
2026-06-01,17,43,-0.04746811142656885,0.0013753270605940324,-0.009376234191685474
2026-06-01,18,38,0.051028270268516716,0.049120329286289975,-0.009376234191685474
2026-06-01,19,28,-0.061151317876876415,-0.04468105917618464,-0.009376234191685474
2026-06-01,20,42,0.008247154753474551,0.008184481826543478,-0.009376234191685474
2026-06-01,21,59,-0.008577415872151887,0.07623688396906322,-0.009376234191685474
2026-06-01,22,33,-0.02574027643354664,0.0048836250599667425,-0.009376234191685474
2026-06-01,23,34,-0.07175222090750691,-0.11307447558918085,-0.009376234191685474
2026-06-01,24,54,-0.03518260027451616,-0.05981492744475917,-0.009376234191685474
2026-06-01,25,57,-0.024358283896096133,-0.016002601555246264,-0.009376234191685474
2026-06-01,26,20,-0.013344690928438725,-0.04863215035891098,-0.009376234191685474
2026-06-01,27,59,0.039898794051430694,0.05070199723428853,-0.009376234191685474
2026-06-01,28,31,-0.03238830875487277,-0.07974871529635669,-0.009376234191685474
2026-06-01,29,40,-0.03928864767834166,-0.0883466915368641,-0.009376234191685474
2026-06-01,30,5,0.022538853514825055,0.10843464132111197,-0.009376234191685474
2026-06-01,31,59,0.042947398682464305,0.04117102236963155,-0.009376234191685474
2026-06-01,32,59,0.07500341679500377,0.11938905166488524,-0.009376234191685474
2026-06-01,33,59,0.0412059706625795,0.034007544667561077,-0.009376234191685474
2026-06-01,34,12,-0.013376247780343305,-0.045675331265353614,-0.009376234191685474
2026-07-01,15,56,-0.054517590356695164,-0.06900462140488273,-0.009376234191685474
2026-07-01,16,7,-0.04122629696962168,-0.11604901466590625,-0.009376234191685474
2026-07-01,17,43,-0.04746811142656885,0.0013753270605940324,-0.009376234191685474
2026-07-01,18,38,0.051028270268516716,0.049120329286289975,-0.009376234191685474
2026-07-01,19,28,-0.061151317876876415,-0.04468105917618464,-0.009376234191685474
2026-07-01,20,42,0.008247154753474551,0.008184481826543478,-0.009376234191685474
2026-07-01,21,59,-0.008577415872151887,0.07623688396906322,-0.009376234191685474
2026-07-01,22,33,-0.02574027643354664,0.0048836250599667425,-0.009376234191685474
2026-07-01,23,34,-0.07175222090750691,-0.11307447558918085,-0.009376234191685474
2026-07-01,24,54,-0.03518260027451616,-0.05981492744475917,-0.009376234191685474
2026-07-01,25,57,-0.024358283896096133,-0.016002601555246264,-0.009376234191685474
2026-07-01,26,20,-0.013344690928438725,-0.04863215035891098,-0.009376234191685474
2026-07-01,27,59,0.039898794051430694,0.05070199723428853,-0.009376234191685474
2026-07-01,28,31,-0.03238830875487277,-0.07974871529635669,-0.009376234191685474
2026-07-01,29,40,-0.03928864767834166,-0.0883466915368641,-0.009376234191685474
2026-07-01,30,5,0.022538853514825055,0.10843464132111197,-0.009376234191685474
2026-07-01,31,59,0.042947398682464305,0.04117102236963155,-0.009376234191685474
2026-07-01,32,59,0.07500341679500377,0.11938905166488524,-0.009376234191685474
2026-07-01,33,59,0.0412059706625795,0.034007544667561077,-0.009376234191685474
2026-07-01,34,12,-0.013376247780343305,-0.045675331265353614,-0.009376234191685474
2026-08-03,16,7,-0.04122629696962168,-0.11640355751748616,-0.009294441778808393
2026-08-03,17,43,-0.04746811142656885,0.0008910768849081097,-0.009294441778808393
2026-08-03,18,38,0.051028270268516716,0.048723575297342024,-0.009294441778808393
2026-08-03,19,28,-0.061151317876876415,-0.04541402945489614,-0.009294441778808393
2026-08-03,20,42,0.008247154753474551,0.0076968434110111185,-0.009294441778808393
2026-08-03,21,59,-0.008577415872151887,0.07593271048668991,-0.009294441778808393
2026-08-03,22,33,-0.02574027643354664,0.0048364288895331,-0.009294441778808393
2026-08-03,23,34,-0.07175222090750691,-0.11312771662710461,-0.009294441778808393
2026-08-03,24,54,-0.03518260027451616,-0.05990219941754797,-0.009294441778808393
2026-08-03,25,57,-0.024358283896096133,-0.016291271872689,-0.009294441778808393
2026-08-03,26,20,-0.013344690928438725,-0.04848689134431798,-0.009294441778808393
2026-08-03,27,59,0.039898794051430694,0.05047808839395254,-0.009294441778808393
2026-08-03,28,31,-0.03238830875487277,-0.07932957193808271,-0.009294441778808393
2026-08-03,29,40,-0.03928864767834166,-0.08805759359956572,-0.009294441778808393
2026-08-03,30,5,0.022538853514825055,0.10879895774226861,-0.009294441778808393
2026-08-03,31,59,0.042947398682464305,0.04092875757206675,-0.009294441778808393
2026-08-03,32,59,0.07500341679500377,0.11931873999230508,-0.009294441778808393
2026-08-03,33,59,0.0412059706625795,0.03395222357392839,-0.009294441778808393
2026-08-03,34,12,-0.013376247780343305,-0.04521652981059915,-0.009294441778808393
2026-08-03,35,51,-0.05288537545663545,-0.06521687623788405,-0.009294441778808393
