date,panic_budget,learned_budget,panic_sd,learned_sd,reference_covariance,difference_variance,raw_panic_budget,risk_status,risk_update_scheduled,risk_attempt_origin,last_successful_risk_origin,risk_window_start,risk_window_observations,panic_state,learned_state,target,panic_reference_return,learned_reference_return
2012-05-28,,,,,,,,NO_VIEW_OUTSIDE_DECISION_PERIOD,False,,,,0,,,,,
2012-05-29,,,,,,,,NO_VIEW_OUTSIDE_DECISION_PERIOD,False,,,,0,,,,,
2012-05-30,,,,,,,,NO_VIEW_OUTSIDE_DECISION_PERIOD,False,,,,0,,,,,
2012-05-31,,,,,,,,NO_VIEW_OUTSIDE_DECISION_PERIOD,False,,,,0,,,,,
2012-06-01,,,,,,,,NO_VIEW_OUTSIDE_DECISION_PERIOD,False,,,,0,,,,,
2012-06-04,,,,,,,,NO_VIEW_OUTSIDE_DECISION_PERIOD,False,,,,0,,,,,
2012-06-05,,,,,,,,NO_VIEW_OUTSIDE_DECISION_PERIOD,False,,,,0,,,,,
2012-06-06,,,,,,,,NO_VIEW_OUTSIDE_DECISION_PERIOD,False,,,,0,,,,,
2012-06-07,,,,,,,,NO_VIEW_OUTSIDE_DECISION_PERIOD,False,,,,0,,,,,
2012-06-08,,,,,,,,NO_VIEW_OUTSIDE_DECISION_PERIOD,False,,,,0,,,,,
2012-06-11,,,,,,,,NO_VIEW_OUTSIDE_DECISION_PERIOD,False,,,,0,,,,,
2012-06-12,,,,,,,,NO_VIEW_OUTSIDE_DECISION_PERIOD,False,,,,0,,,,,
2012-06-13,,,,,,,,NO_VIEW_OUTSIDE_DECISION_PERIOD,False,,,,0,,,,,
2012-06-14,,,,,,,,NO_VIEW_OUTSIDE_DECISION_PERIOD,False,,,,0,,,,,
2012-06-15,,,,,,,,NO_VIEW_OUTSIDE_DECISION_PERIOD,False,,,,0,,,,,
2012-06-18,,,,,,,,NO_VIEW_OUTSIDE_DECISION_PERIOD,False,,,,0,,,,,
2012-06-19,,,,,,,,NO_VIEW_OUTSIDE_DECISION_PERIOD,False,,,,0,,,,,
2012-06-20,,,,,,,,NO_VIEW_OUTSIDE_DECISION_PERIOD,False,,,,0,,,,,
2012-06-21,,,,,,,,NO_VIEW_OUTSIDE_DECISION_PERIOD,False,,,,0,,,,,
2012-06-25,,,,,,,,NO_VIEW_OUTSIDE_DECISION_PERIOD,False,,,,0,,,,,
2012-06-26,,,,,,,,NO_VIEW_OUTSIDE_DECISION_PERIOD,False,,,,0,,,,,
2012-06-27,,,,,,,,NO_VIEW_OUTSIDE_DECISION_PERIOD,False,,,,0,,,,,
2012-06-28,,,,,,,,NO_VIEW_OUTSIDE_DECISION_PERIOD,False,,,,0,,,,,
2012-06-29,,,,,,,,NO_VIEW_OUTSIDE_DECISION_PERIOD,False,,,,0,,,,,
2012-07-02,,,,,,,,NO_VIEW_OUTSIDE_DECISION_PERIOD,False,,,,0,,,,,
2012-07-03,,,,,,,,NO_VIEW_OUTSIDE_DECISION_PERIOD,False,,,,0,,,,,
2012-07-04,,,,,,,,NO_VIEW_OUTSIDE_DECISION_PERIOD,False,,,,0,,,,,
2012-07-05,,,,,,,,NO_VIEW_OUTSIDE_DECISION_PERIOD,False,,,,0,,,,,
2012-07-06,,,,,,,,NO_VIEW_OUTSIDE_DECISION_PERIOD,False,,,,0,,,,,
2012-07-09,,,,,,,,NO_VIEW_OUTSIDE_DECISION_PERIOD,False,,,,0,,,,,
2012-07-10,,,,,,,,NO_VIEW_OUTSIDE_DECISION_PERIOD,False,,,,0,,,,,
2012-07-11,,,,,,,,NO_VIEW_OUTSIDE_DECISION_PERIOD,False,,,,0,,,,,
2012-07-12,,,,,,,,NO_VIEW_OUTSIDE_DECISION_PERIOD,False,,,,0,,,,,
2012-07-13,,,,,,,,NO_VIEW_OUTSIDE_DECISION_PERIOD,False,,,,0,,,,,
2012-07-16,,,,,,,,NO_VIEW_OUTSIDE_DECISION_PERIOD,False,,,,0,,,,,
2012-07-17,,,,,,,,NO_VIEW_OUTSIDE_DECISION_PERIOD,False,,,,0,,,,,
2012-07-18,,,,,,,,NO_VIEW_OUTSIDE_DECISION_PERIOD,False,,,,0,,,,,
2012-07-19,,,,,,,,NO_VIEW_OUTSIDE_DECISION_PERIOD,False,,,,0,,,,,
2012-07-20,,,,,,,,NO_VIEW_OUTSIDE_DECISION_PERIOD,False,,,,0,,,,,
2012-07-23,,,,,,,,NO_VIEW_OUTSIDE_DECISION_PERIOD,False,,,,0,,,,,
2012-07-24,,,,,,,,NO_VIEW_OUTSIDE_DECISION_PERIOD,False,,,,0,,,,,
2012-07-25,,,,,,,,NO_VIEW_OUTSIDE_DECISION_PERIOD,False,,,,0,,,,,
2012-07-26,,,,,,,,NO_VIEW_OUTSIDE_DECISION_PERIOD,False,,,,0,,,,,
2012-07-27,,,,,,,,NO_VIEW_OUTSIDE_DECISION_PERIOD,False,,,,0,,,,,
2012-07-30,,,,,,,,NO_VIEW_OUTSIDE_DECISION_PERIOD,False,,,,0,,,,,
2012-07-31,,,,,,,,NO_VIEW_OUTSIDE_DECISION_PERIOD,False,,,,0,,,,,
2012-08-01,,,,,,,,NO_VIEW_OUTSIDE_DECISION_PERIOD,False,,,,0,,,,,
2012-08-02,,,,,,,,NO_VIEW_OUTSIDE_DECISION_PERIOD,False,,,,0,,,,,
2012-08-03,,,,,,,,NO_VIEW_OUTSIDE_DECISION_PERIOD,False,,,,0,,,,,
2012-08-06,,,,,,,,NO_VIEW_OUTSIDE_DECISION_PERIOD,False,,,,0,,,,,
2012-08-07,,,,,,,,NO_VIEW_OUTSIDE_DECISION_PERIOD,False,,,,0,,,,,
2012-08-08,,,,,,,,NO_VIEW_OUTSIDE_DECISION_PERIOD,False,,,,0,,,,,
2012-08-09,,,,,,,,NO_VIEW_OUTSIDE_DECISION_PERIOD,False,,,,0,,,,,
2012-08-10,,,,,,,,NO_VIEW_OUTSIDE_DECISION_PERIOD,False,,,,0,,,,,
2012-08-13,,,,,,,,NO_VIEW_OUTSIDE_DECISION_PERIOD,False,,,,0,,,,,
2012-08-14,,,,,,,,NO_VIEW_OUTSIDE_DECISION_PERIOD,False,,,,0,,,,,
2012-08-15,,,,,,,,NO_VIEW_OUTSIDE_DECISION_PERIOD,False,,,,0,,,,,
2012-08-16,,,,,,,,NO_VIEW_OUTSIDE_DECISION_PERIOD,False,,,,0,,,,,
2012-08-17,,,,,,,,NO_VIEW_OUTSIDE_DECISION_PERIOD,False,,,,0,,,,,
2012-08-20,,,,,,,,NO_VIEW_OUTSIDE_DECISION_PERIOD,False,,,,0,,,,,
2012-08-21,,,,,,,,NO_VIEW_OUTSIDE_DECISION_PERIOD,False,,,,0,,,,,
2012-08-22,,,,,,,,NO_VIEW_OUTSIDE_DECISION_PERIOD,False,,,,0,,,,,
2012-08-23,,,,,,,,NO_VIEW_OUTSIDE_DECISION_PERIOD,False,,,,0,,,,,
2012-08-24,,,,,,,,NO_VIEW_OUTSIDE_DECISION_PERIOD,False,,,,0,,,,,
2012-08-27,,,,,,,,NO_VIEW_OUTSIDE_DECISION_PERIOD,False,,,,0,,,,,
2012-08-28,,,,,,,,NO_VIEW_OUTSIDE_DECISION_PERIOD,False,,,,0,,,,,
2012-08-29,,,,,,,,NO_VIEW_OUTSIDE_DECISION_PERIOD,False,,,,0,,,,,
2012-08-30,,,,,,,,NO_VIEW_OUTSIDE_DECISION_PERIOD,False,,,,0,,,,,
2012-08-31,,,,,,,,NO_VIEW_OUTSIDE_DECISION_PERIOD,False,,,,0,,,,,
2012-09-03,,,,,,,,NO_VIEW_OUTSIDE_DECISION_PERIOD,False,,,,0,,,,,
2012-09-04,,,,,,,,NO_VIEW_OUTSIDE_DECISION_PERIOD,False,,,,0,,,,,
2012-09-05,,,,,,,,NO_VIEW_OUTSIDE_DECISION_PERIOD,False,,,,0,,,,,
2012-09-06,,,,,,,,NO_VIEW_OUTSIDE_DECISION_PERIOD,False,,,,0,,,,,
2012-09-07,,,,,,,,NO_VIEW_OUTSIDE_DECISION_PERIOD,False,,,,0,,,,,
2012-09-10,,,,,,,,NO_VIEW_OUTSIDE_DECISION_PERIOD,False,,,,0,,,,,
2012-09-11,,,,,,,,NO_VIEW_OUTSIDE_DECISION_PERIOD,False,,,,0,,,,,
2012-09-12,,,,,,,,NO_VIEW_OUTSIDE_DECISION_PERIOD,False,,,,0,,,,,
2012-09-13,,,,,,,,NO_VIEW_OUTSIDE_DECISION_PERIOD,False,,,,0,,,,,
2012-09-14,,,,,,,,NO_VIEW_OUTSIDE_DECISION_PERIOD,False,,,,0,,,,,
2012-09-17,,,,,,,,NO_VIEW_OUTSIDE_DECISION_PERIOD,False,,,,0,,,,,
2012-09-18,,,,,,,,NO_VIEW_OUTSIDE_DECISION_PERIOD,False,,,,0,,,,,
2012-09-19,,,,,,,,NO_VIEW_OUTSIDE_DECISION_PERIOD,False,,,,0,,,,,
2012-09-20,,,,,,,,NO_VIEW_OUTSIDE_DECISION_PERIOD,False,,,,0,,,,,
2012-09-21,,,,,,,,NO_VIEW_OUTSIDE_DECISION_PERIOD,False,,,,0,,,,,
2012-09-24,,,,,,,,NO_VIEW_OUTSIDE_DECISION_PERIOD,False,,,,0,,,,,
2012-09-25,,,,,,,,NO_VIEW_OUTSIDE_DECISION_PERIOD,False,,,,0,,,,,
2012-09-26,,,,,,,,NO_VIEW_OUTSIDE_DECISION_PERIOD,False,,,,0,,,,,
2012-09-27,,,,,,,,NO_VIEW_OUTSIDE_DECISION_PERIOD,False,,,,0,,,,,
2012-09-28,,,,,,,,NO_VIEW_OUTSIDE_DECISION_PERIOD,False,,,,0,,,,,
2012-10-08,,,,,,,,NO_VIEW_OUTSIDE_DECISION_PERIOD,False,,,,0,,,,,
2012-10-09,,,,,,,,NO_VIEW_OUTSIDE_DECISION_PERIOD,False,,,,0,,,,,
2012-10-10,,,,,,,,NO_VIEW_OUTSIDE_DECISION_PERIOD,False,,,,0,,,,,
2012-10-11,,,,,,,,NO_VIEW_OUTSIDE_DECISION_PERIOD,False,,,,0,,,,,
2012-10-12,,,,,,,,NO_VIEW_OUTSIDE_DECISION_PERIOD,False,,,,0,,,,,
2012-10-15,,,,,,,,NO_VIEW_OUTSIDE_DECISION_PERIOD,False,,,,0,,,,,
2012-10-16,,,,,,,,NO_VIEW_OUTSIDE_DECISION_PERIOD,False,,,,0,,,,,
2012-10-17,,,,,,,,NO_VIEW_OUTSIDE_DECISION_PERIOD,False,,,,0,,,,,
2012-10-18,,,,,,,,NO_VIEW_OUTSIDE_DECISION_PERIOD,False,,,,0,,,,,
2012-10-19,,,,,,,,NO_VIEW_OUTSIDE_DECISION_PERIOD,False,,,,0,,,,,
2012-10-22,,,,,,,,NO_VIEW_OUTSIDE_DECISION_PERIOD,False,,,,0,,,,,
2012-10-23,,,,,,,,NO_VIEW_OUTSIDE_DECISION_PERIOD,False,,,,0,,,,,
2012-10-24,,,,,,,,NO_VIEW_OUTSIDE_DECISION_PERIOD,False,,,,0,,,,,
2012-10-25,,,,,,,,NO_VIEW_OUTSIDE_DECISION_PERIOD,False,,,,0,,,,,
2012-10-26,,,,,,,,NO_VIEW_OUTSIDE_DECISION_PERIOD,False,,,,0,,,,,
2012-10-29,,,,,,,,NO_VIEW_OUTSIDE_DECISION_PERIOD,False,,,,0,,,,,
2012-10-30,,,,,,,,NO_VIEW_OUTSIDE_DECISION_PERIOD,False,,,,0,,,,,
2012-10-31,,,,,,,,NO_VIEW_OUTSIDE_DECISION_PERIOD,False,,,,0,,,,,
2012-11-01,,,,,,,,NO_VIEW_OUTSIDE_DECISION_PERIOD,False,,,,0,,,,,
2012-11-02,,,,,,,,NO_VIEW_OUTSIDE_DECISION_PERIOD,False,,,,0,,,,,
2012-11-05,,,,,,,,NO_VIEW_OUTSIDE_DECISION_PERIOD,False,,,,0,,,,,
2012-11-06,,,,,,,,NO_VIEW_OUTSIDE_DECISION_PERIOD,False,,,,0,,,,,
2012-11-07,,,,,,,,NO_VIEW_OUTSIDE_DECISION_PERIOD,False,,,,0,,,,,
2012-11-08,,,,,,,,NO_VIEW_OUTSIDE_DECISION_PERIOD,False,,,,0,,,,,
2012-11-09,,,,,,,,NO_VIEW_OUTSIDE_DECISION_PERIOD,False,,,,0,,,,,
2012-11-12,,,,,,,,NO_VIEW_OUTSIDE_DECISION_PERIOD,False,,,,0,,,,,
2012-11-13,,,,,,,,NO_VIEW_OUTSIDE_DECISION_PERIOD,False,,,,0,,,,,
2012-11-14,,,,,,,,NO_VIEW_OUTSIDE_DECISION_PERIOD,False,,,,0,,,,,
2012-11-15,,,,,,,,NO_VIEW_OUTSIDE_DECISION_PERIOD,False,,,,0,,,,,
2012-11-16,,,,,,,,NO_VIEW_OUTSIDE_DECISION_PERIOD,False,,,,0,,,,,
2012-11-19,,,,,,,,NO_VIEW_OUTSIDE_DECISION_PERIOD,False,,,,0,,,,,
2012-11-20,,,,,,,,NO_VIEW_OUTSIDE_DECISION_PERIOD,False,,,,0,,,,,
2012-11-21,,,,,,,,NO_VIEW_OUTSIDE_DECISION_PERIOD,False,,,,0,,,,,
2012-11-22,,,,,,,,NO_VIEW_OUTSIDE_DECISION_PERIOD,False,,,,0,,,,,
2012-11-23,,,,,,,,NO_VIEW_OUTSIDE_DECISION_PERIOD,False,,,,0,,,,,
2012-11-26,,,,,,,,NO_VIEW_OUTSIDE_DECISION_PERIOD,False,,,,0,,,,,
2012-11-27,,,,,,,,NO_VIEW_OUTSIDE_DECISION_PERIOD,False,,,,0,,,,,
2012-11-28,,,,,,,,NO_VIEW_OUTSIDE_DECISION_PERIOD,False,,,,0,,,,,
2012-11-29,,,,,,,,NO_VIEW_OUTSIDE_DECISION_PERIOD,False,,,,0,,,,,
2012-11-30,,,,,,,,NO_VIEW_OUTSIDE_DECISION_PERIOD,False,,,,0,,,,,
2012-12-03,,,,,,,,NO_VIEW_OUTSIDE_DECISION_PERIOD,False,,,,0,,,,,
2012-12-04,,,,,,,,NO_VIEW_OUTSIDE_DECISION_PERIOD,False,,,,0,,,,,
2012-12-05,,,,,,,,NO_VIEW_OUTSIDE_DECISION_PERIOD,False,,,,0,,,,,
2012-12-06,,,,,,,,NO_VIEW_OUTSIDE_DECISION_PERIOD,False,,,,0,,,,,
2012-12-07,,,,,,,,NO_VIEW_OUTSIDE_DECISION_PERIOD,False,,,,0,,,,,
2012-12-10,,,,,,,,NO_VIEW_OUTSIDE_DECISION_PERIOD,False,,,,0,,,,,
2012-12-11,,,,,,,,NO_VIEW_OUTSIDE_DECISION_PERIOD,False,,,,0,,,,,
2012-12-12,,,,,,,,NO_VIEW_OUTSIDE_DECISION_PERIOD,False,,,,0,,,,,
2012-12-13,,,,,,,,NO_VIEW_OUTSIDE_DECISION_PERIOD,False,,,,0,,,,,
2012-12-14,,,,,,,,NO_VIEW_OUTSIDE_DECISION_PERIOD,False,,,,0,,,,,
2012-12-17,,,,,,,,NO_VIEW_OUTSIDE_DECISION_PERIOD,False,,,,0,,,,,
2012-12-18,,,,,,,,NO_VIEW_OUTSIDE_DECISION_PERIOD,False,,,,0,,,,,
2012-12-19,,,,,,,,NO_VIEW_OUTSIDE_DECISION_PERIOD,False,,,,0,,,,,
2012-12-20,,,,,,,,NO_VIEW_OUTSIDE_DECISION_PERIOD,False,,,,0,,,,,
2012-12-21,,,,,,,,NO_VIEW_OUTSIDE_DECISION_PERIOD,False,,,,0,,,,,
2012-12-24,,,,,,,,NO_VIEW_OUTSIDE_DECISION_PERIOD,False,,,,0,,,,,
2012-12-25,,,,,,,,NO_VIEW_OUTSIDE_DECISION_PERIOD,False,,,,0,,,,,
2012-12-26,,,,,,,,NO_VIEW_OUTSIDE_DECISION_PERIOD,False,,,,0,,,,,
2012-12-27,,,,,,,,NO_VIEW_OUTSIDE_DECISION_PERIOD,False,,,,0,,,,,
2012-12-28,,,,,,,,NO_VIEW_OUTSIDE_DECISION_PERIOD,False,,,,0,,,,,
2012-12-31,,,,,,,,NO_VIEW_OUTSIDE_DECISION_PERIOD,False,,,,0,,,,,
2013-01-04,,,,,,,,NO_VIEW_OUTSIDE_DECISION_PERIOD,False,,,,0,,,,,
2013-01-07,,,,,,,,NO_VIEW_OUTSIDE_DECISION_PERIOD,False,,,,0,,,,,
2013-01-08,,,,,,,,NO_VIEW_OUTSIDE_DECISION_PERIOD,False,,,,0,,,,,
2013-01-09,,,,,,,,NO_VIEW_OUTSIDE_DECISION_PERIOD,False,,,,0,,,,,
2013-01-10,,,,,,,,NO_VIEW_OUTSIDE_DECISION_PERIOD,False,,,,0,,,,,
2013-01-11,,,,,,,,NO_VIEW_OUTSIDE_DECISION_PERIOD,False,,,,0,,,,,
2013-01-14,,,,,,,,NO_VIEW_OUTSIDE_DECISION_PERIOD,False,,,,0,,,,,
2013-01-15,,,,,,,,NO_VIEW_OUTSIDE_DECISION_PERIOD,False,,,,0,,,,,
2013-01-16,,,,,,,,NO_VIEW_OUTSIDE_DECISION_PERIOD,False,,,,0,,,,,
2013-01-17,,,,,,,,NO_VIEW_OUTSIDE_DECISION_PERIOD,False,,,,0,,,,,
2013-01-18,,,,,,,,NO_VIEW_OUTSIDE_DECISION_PERIOD,False,,,,0,,,,,
2013-01-21,,,,,,,,NO_VIEW_OUTSIDE_DECISION_PERIOD,False,,,,0,,,,,
2013-01-22,,,,,,,,NO_VIEW_OUTSIDE_DECISION_PERIOD,False,,,,0,,,,,
2013-01-23,,,,,,,,NO_VIEW_OUTSIDE_DECISION_PERIOD,False,,,,0,,,,,
2013-01-24,,,,,,,,NO_VIEW_OUTSIDE_DECISION_PERIOD,False,,,,0,,,,,
2013-01-25,,,,,,,,NO_VIEW_OUTSIDE_DECISION_PERIOD,False,,,,0,,,,,
2013-01-28,,,,,,,,NO_VIEW_OUTSIDE_DECISION_PERIOD,False,,,,0,,,,,
2013-01-29,,,,,,,,NO_VIEW_OUTSIDE_DECISION_PERIOD,False,,,,0,,,,,
2013-01-30,,,,,,,,NO_VIEW_OUTSIDE_DECISION_PERIOD,False,,,,0,,,,,
2013-01-31,,,,,,,,NO_VIEW_OUTSIDE_DECISION_PERIOD,False,,,,0,,,,,
2013-02-01,,,,,,,,NO_VIEW_OUTSIDE_DECISION_PERIOD,False,,,,0,,,,,
2013-02-04,,,,,,,,NO_VIEW_OUTSIDE_DECISION_PERIOD,False,,,,0,,,,,
2013-02-05,,,,,,,,NO_VIEW_OUTSIDE_DECISION_PERIOD,False,,,,0,,,,,
2013-02-06,,,,,,,,NO_VIEW_OUTSIDE_DECISION_PERIOD,False,,,,0,,,,,
2013-02-07,,,,,,,,NO_VIEW_OUTSIDE_DECISION_PERIOD,False,,,,0,,,,,
2013-02-08,,,,,,,,NO_VIEW_OUTSIDE_DECISION_PERIOD,False,,,,0,,,,,
2013-02-18,,,,,,,,NO_VIEW_OUTSIDE_DECISION_PERIOD,False,,,,0,,,,,
2013-02-19,,,,,,,,NO_VIEW_OUTSIDE_DECISION_PERIOD,False,,,,0,,,,,
2013-02-20,,,,,,,,NO_VIEW_OUTSIDE_DECISION_PERIOD,False,,,,0,,,,,
2013-02-21,,,,,,,,NO_VIEW_OUTSIDE_DECISION_PERIOD,False,,,,0,,,,,
2013-02-22,,,,,,,,NO_VIEW_OUTSIDE_DECISION_PERIOD,False,,,,0,,,,,
2013-02-25,,,,,,,,NO_VIEW_OUTSIDE_DECISION_PERIOD,False,,,,0,,,,,
2013-02-26,,,,,,,,NO_VIEW_OUTSIDE_DECISION_PERIOD,False,,,,0,,,,,
2013-02-27,,,,,,,,NO_VIEW_OUTSIDE_DECISION_PERIOD,False,,,,0,,,,,
2013-02-28,,,,,,,,NO_VIEW_OUTSIDE_DECISION_PERIOD,False,,,,0,,,,,
2013-03-01,,,,,,,,NO_VIEW_OUTSIDE_DECISION_PERIOD,False,,,,0,,,,,
2013-03-04,,,,,,,,NO_VIEW_OUTSIDE_DECISION_PERIOD,False,,,,0,,,,,
2013-03-05,,,,,,,,NO_VIEW_OUTSIDE_DECISION_PERIOD,False,,,,0,,,,,
2013-03-06,,,,,,,,NO_VIEW_OUTSIDE_DECISION_PERIOD,False,,,,0,,,,,
2013-03-07,,,,,,,,NO_VIEW_OUTSIDE_DECISION_PERIOD,False,,,,0,,,,,
2013-03-08,,,,,,,,NO_VIEW_OUTSIDE_DECISION_PERIOD,False,,,,0,,,,,
2013-03-11,,,,,,,,NO_VIEW_OUTSIDE_DECISION_PERIOD,False,,,,0,,,,,
2013-03-12,,,,,,,,NO_VIEW_OUTSIDE_DECISION_PERIOD,False,,,,0,,,,,
2013-03-13,,,,,,,,NO_VIEW_OUTSIDE_DECISION_PERIOD,False,,,,0,,,,,
2013-03-14,,,,,,,,NO_VIEW_OUTSIDE_DECISION_PERIOD,False,,,,0,,,,,
2013-03-15,,,,,,,,NO_VIEW_OUTSIDE_DECISION_PERIOD,False,,,,0,,,,,
2013-03-18,,,,,,,,NO_VIEW_OUTSIDE_DECISION_PERIOD,False,,,,0,,,,,
2013-03-19,,,,,,,,NO_VIEW_OUTSIDE_DECISION_PERIOD,False,,,,0,,,,,
2013-03-20,,,,,,,,NO_VIEW_OUTSIDE_DECISION_PERIOD,False,,,,0,,,,,
2013-03-21,,,,,,,,NO_VIEW_OUTSIDE_DECISION_PERIOD,False,,,,0,,,,,
2013-03-22,,,,,,,,NO_VIEW_OUTSIDE_DECISION_PERIOD,False,,,,0,,,,,
2013-03-25,,,,,,,,NO_VIEW_OUTSIDE_DECISION_PERIOD,False,,,,0,,,,,
2013-03-26,,,,,,,,NO_VIEW_OUTSIDE_DECISION_PERIOD,False,,,,0,,,,,
2013-03-27,,,,,,,,NO_VIEW_OUTSIDE_DECISION_PERIOD,False,,,,0,,,,,
2013-03-28,,,,,,,,NO_VIEW_OUTSIDE_DECISION_PERIOD,False,,,,0,,,,,
2013-03-29,,,,,,,,NO_VIEW_OUTSIDE_DECISION_PERIOD,False,,,,0,,,,,
2013-04-01,,,,,,,,NO_VIEW_OUTSIDE_DECISION_PERIOD,False,,,,0,,,,,
2013-04-02,,,,,,,,NO_VIEW_OUTSIDE_DECISION_PERIOD,False,,,,0,,,,,
2013-04-03,,,,,,,,NO_VIEW_OUTSIDE_DECISION_PERIOD,False,,,,0,,,,,
2013-04-08,,,,,,,,NO_VIEW_OUTSIDE_DECISION_PERIOD,False,,,,0,,,,,
2013-04-09,,,,,,,,NO_VIEW_OUTSIDE_DECISION_PERIOD,False,,,,0,,,,,
2013-04-10,,,,,,,,NO_VIEW_OUTSIDE_DECISION_PERIOD,False,,,,0,,,,,
2013-04-11,,,,,,,,NO_VIEW_OUTSIDE_DECISION_PERIOD,False,,,,0,,,,,
2013-04-12,,,,,,,,NO_VIEW_OUTSIDE_DECISION_PERIOD,False,,,,0,,,,,
2013-04-15,,,,,,,,NO_VIEW_OUTSIDE_DECISION_PERIOD,False,,,,0,,,,,
2013-04-16,,,,,,,,NO_VIEW_OUTSIDE_DECISION_PERIOD,False,,,,0,,,,,
2013-04-17,,,,,,,,NO_VIEW_OUTSIDE_DECISION_PERIOD,False,,,,0,,,,,
2013-04-18,,,,,,,,NO_VIEW_OUTSIDE_DECISION_PERIOD,False,,,,0,,,,,
2013-04-19,,,,,,,,NO_VIEW_OUTSIDE_DECISION_PERIOD,False,,,,0,,,,,
2013-04-22,,,,,,,,NO_VIEW_OUTSIDE_DECISION_PERIOD,False,,,,0,,,,,
2013-04-23,,,,,,,,NO_VIEW_OUTSIDE_DECISION_PERIOD,False,,,,0,,,,,
2013-04-24,,,,,,,,NO_VIEW_OUTSIDE_DECISION_PERIOD,False,,,,0,,,,,
2013-04-25,,,,,,,,NO_VIEW_OUTSIDE_DECISION_PERIOD,False,,,,0,,,,,
2013-04-26,,,,,,,,NO_VIEW_OUTSIDE_DECISION_PERIOD,False,,,,0,,,,,
2013-05-02,,,,,,,,NO_VIEW_OUTSIDE_DECISION_PERIOD,False,,,,0,,,,,
2013-05-03,,,,,,,,NO_VIEW_OUTSIDE_DECISION_PERIOD,False,,,,0,,,,,
2013-05-06,,,,,,,,NO_VIEW_OUTSIDE_DECISION_PERIOD,False,,,,0,,,,,
2013-05-07,,,,,,,,NO_VIEW_OUTSIDE_DECISION_PERIOD,False,,,,0,,,,,
2013-05-08,,,,,,,,NO_VIEW_OUTSIDE_DECISION_PERIOD,False,,,,0,,,,,
2013-05-09,,,,,,,,NO_VIEW_OUTSIDE_DECISION_PERIOD,False,,,,0,,,,,
2013-05-10,,,,,,,,NO_VIEW_OUTSIDE_DECISION_PERIOD,False,,,,0,,,,,
2013-05-13,,,,,,,,NO_VIEW_OUTSIDE_DECISION_PERIOD,False,,,,0,,,,,
2013-05-14,,,,,,,,NO_VIEW_OUTSIDE_DECISION_PERIOD,False,,,,0,,,,,
2013-05-15,,,,,,,,NO_VIEW_OUTSIDE_DECISION_PERIOD,False,,,,0,,,,,
2013-05-16,,,,,,,,NO_VIEW_OUTSIDE_DECISION_PERIOD,False,,,,0,,,,,
2013-05-17,,,,,,,,NO_VIEW_OUTSIDE_DECISION_PERIOD,False,,,,0,,,,,
2013-05-20,,,,,,,,NO_VIEW_OUTSIDE_DECISION_PERIOD,False,,,,0,,,,,
2013-05-21,,,,,,,,NO_VIEW_OUTSIDE_DECISION_PERIOD,False,,,,0,,,,,
2013-05-22,,,,,,,,NO_VIEW_OUTSIDE_DECISION_PERIOD,False,,,,0,,,,,
2013-05-23,,,,,,,,NO_VIEW_OUTSIDE_DECISION_PERIOD,False,,,,0,,,,,
2013-05-24,,,,,,,,NO_VIEW_OUTSIDE_DECISION_PERIOD,False,,,,0,,,,,
2013-05-27,,,,,,,,NO_VIEW_OUTSIDE_DECISION_PERIOD,False,,,,0,,,,,
2013-05-28,,,,,,,,NO_VIEW_OUTSIDE_DECISION_PERIOD,False,,,,0,,,,,
2013-05-29,,,,,,,,NO_VIEW_OUTSIDE_DECISION_PERIOD,False,,,,0,,,,,
2013-05-30,,,,,,,,NO_VIEW_OUTSIDE_DECISION_PERIOD,False,,,,0,,,,,
2013-05-31,0.5,0.5,,,,,,INITIAL_EQUAL_BUDGET_NO_RISK_ESTIMATE,False,,,,0,0.0,0.0,0.0,,
2013-06-03,0.5,0.5,,,,,,NO_VIEW_WARMUP_KEEP_BUDGET,True,2013-06-03,,2013-06-03,1,0.0,0.0,0.0,0.0,0.0
2013-06-04,0.5,0.5,,,,,,NO_VIEW_WARMUP_KEEP_BUDGET,False,2013-06-03,,2013-06-03,1,0.0,0.0,0.0,0.0,0.0
2013-06-05,0.5,0.5,,,,,,NO_VIEW_WARMUP_KEEP_BUDGET,False,2013-06-03,,2013-06-03,1,0.0,0.0,0.0,0.0,0.0
2013-06-06,0.5,0.5,,,,,,NO_VIEW_WARMUP_KEEP_BUDGET,False,2013-06-03,,2013-06-03,1,0.0,0.0,0.0,0.0,0.0
2013-06-07,0.5,0.5,,,,,,NO_VIEW_WARMUP_KEEP_BUDGET,False,2013-06-03,,2013-06-03,1,0.0,0.0,0.0,0.0,0.0
2013-06-13,0.5,0.5,,,,,,NO_VIEW_WARMUP_KEEP_BUDGET,False,2013-06-03,,2013-06-03,1,0.0,0.0,0.0,0.0,0.0
2013-06-14,0.5,0.5,,,,,,NO_VIEW_WARMUP_KEEP_BUDGET,False,2013-06-03,,2013-06-03,1,0.0,0.0,0.0,0.0,0.0
2013-06-17,0.5,0.5,,,,,,NO_VIEW_WARMUP_KEEP_BUDGET,False,2013-06-03,,2013-06-03,1,0.0,0.0,0.0,0.0,0.0
2013-06-18,0.5,0.5,,,,,,NO_VIEW_WARMUP_KEEP_BUDGET,False,2013-06-03,,2013-06-03,1,0.0,0.0,0.0,0.0,0.0
2013-06-19,0.5,0.5,,,,,,NO_VIEW_WARMUP_KEEP_BUDGET,False,2013-06-03,,2013-06-03,1,0.0,0.0,0.0,0.0,0.0
2013-06-20,0.5,0.5,,,,,,NO_VIEW_WARMUP_KEEP_BUDGET,False,2013-06-03,,2013-06-03,1,0.0,0.0,0.0,0.0,0.0
2013-06-21,0.5,0.5,,,,,,NO_VIEW_WARMUP_KEEP_BUDGET,False,2013-06-03,,2013-06-03,1,0.0,0.0,0.0,0.0,0.0
2013-06-24,0.5,0.5,,,,,,NO_VIEW_WARMUP_KEEP_BUDGET,False,2013-06-03,,2013-06-03,1,0.0,0.0,0.0,0.0,0.0
2013-06-25,0.5,0.5,,,,,,NO_VIEW_WARMUP_KEEP_BUDGET,False,2013-06-03,,2013-06-03,1,1.0,0.0,0.5,0.0,0.0
2013-06-26,0.5,0.5,,,,,,NO_VIEW_WARMUP_KEEP_BUDGET,False,2013-06-03,,2013-06-03,1,1.0,0.0,0.5,-0.0033883734000000887,0.0
2013-06-27,0.5,0.5,,,,,,NO_VIEW_WARMUP_KEEP_BUDGET,False,2013-06-03,,2013-06-03,1,1.0,0.0,0.5,0.0004570486514934302,0.0
2013-06-28,0.5,0.5,,,,,,NO_VIEW_WARMUP_KEEP_BUDGET,False,2013-06-03,,2013-06-03,1,1.0,0.0,0.5,0.0182735941381702,0.0
2013-07-01,0.5,0.5,,,,,,NO_VIEW_WARMUP_KEEP_BUDGET,True,2013-07-01,,2013-06-03,18,1.0,0.0,0.5,0.004037774037112474,0.0
2013-07-02,0.5,0.5,,,,,,NO_VIEW_WARMUP_KEEP_BUDGET,False,2013-07-01,,2013-06-03,18,1.0,0.0,0.5,0.0031278613205225625,0.0
2013-07-03,0.5,0.5,,,,,,NO_VIEW_WARMUP_KEEP_BUDGET,False,2013-07-01,,2013-06-03,18,1.0,0.0,0.5,-0.0022272202215329884,0.0
2013-07-04,0.5,0.5,,,,,,NO_VIEW_WARMUP_KEEP_BUDGET,False,2013-07-01,,2013-06-03,18,1.0,0.0,0.5,0.007143013773624363,0.0
2013-07-05,0.5,0.5,,,,,,NO_VIEW_WARMUP_KEEP_BUDGET,False,2013-07-01,,2013-06-03,18,1.0,0.0,0.5,0.003546176499234388,0.0
2013-07-08,0.5,0.5,,,,,,NO_VIEW_WARMUP_KEEP_BUDGET,False,2013-07-01,,2013-06-03,18,1.0,0.0,0.5,-0.026944047458769993,0.0
2013-07-09,0.5,0.5,,,,,,NO_VIEW_WARMUP_KEEP_BUDGET,False,2013-07-01,,2013-06-03,18,0.0,0.0,0.0,-0.0022696829246654504,0.0
2013-07-10,0.5,0.5,,,,,,NO_VIEW_WARMUP_KEEP_BUDGET,False,2013-07-01,,2013-06-03,18,0.0,0.0,0.0,-0.0011096699295432,0.0
2013-07-11,0.5,0.5,,,,,,NO_VIEW_WARMUP_KEEP_BUDGET,False,2013-07-01,,2013-06-03,18,0.0,0.0,0.0,0.0,0.0
2013-07-12,0.5,0.5,,,,,,NO_VIEW_WARMUP_KEEP_BUDGET,False,2013-07-01,,2013-06-03,18,0.0,0.0,0.0,0.0,0.0
2013-07-15,0.5,0.5,,,,,,NO_VIEW_WARMUP_KEEP_BUDGET,False,2013-07-01,,2013-06-03,18,0.0,0.0,0.0,0.0,0.0
2013-07-16,0.5,0.5,,,,,,NO_VIEW_WARMUP_KEEP_BUDGET,False,2013-07-01,,2013-06-03,18,0.0,0.0,0.0,0.0,0.0
2013-07-17,0.5,0.5,,,,,,NO_VIEW_WARMUP_KEEP_BUDGET,False,2013-07-01,,2013-06-03,18,0.0,0.0,0.0,0.0,0.0
2013-07-18,0.5,0.5,,,,,,NO_VIEW_WARMUP_KEEP_BUDGET,False,2013-07-01,,2013-06-03,18,0.0,0.0,0.0,0.0,0.0
2013-07-19,0.5,0.5,,,,,,NO_VIEW_WARMUP_KEEP_BUDGET,False,2013-07-01,,2013-06-03,18,0.0,0.0,0.0,0.0,0.0
2013-07-22,0.5,0.5,,,,,,NO_VIEW_WARMUP_KEEP_BUDGET,False,2013-07-01,,2013-06-03,18,0.0,0.0,0.0,0.0,0.0
2013-07-23,0.5,0.5,,,,,,NO_VIEW_WARMUP_KEEP_BUDGET,False,2013-07-01,,2013-06-03,18,0.0,0.0,0.0,0.0,0.0
2013-07-24,0.5,0.5,,,,,,NO_VIEW_WARMUP_KEEP_BUDGET,False,2013-07-01,,2013-06-03,18,0.0,0.0,0.0,0.0,0.0
2013-07-25,0.5,0.5,,,,,,NO_VIEW_WARMUP_KEEP_BUDGET,False,2013-07-01,,2013-06-03,18,0.0,0.0,0.0,0.0,0.0
2013-07-26,0.5,0.5,,,,,,NO_VIEW_WARMUP_KEEP_BUDGET,False,2013-07-01,,2013-06-03,18,0.0,0.0,0.0,0.0,0.0
2013-07-29,0.5,0.5,,,,,,NO_VIEW_WARMUP_KEEP_BUDGET,False,2013-07-01,,2013-06-03,18,0.0,0.0,0.0,0.0,0.0
2013-07-30,0.5,0.5,,,,,,NO_VIEW_WARMUP_KEEP_BUDGET,False,2013-07-01,,2013-06-03,18,0.0,0.0,0.0,0.0,0.0
2013-07-31,0.5,0.5,,,,,,NO_VIEW_WARMUP_KEEP_BUDGET,False,2013-07-01,,2013-06-03,18,0.0,0.0,0.0,0.0,0.0
2013-08-01,0.5,0.5,,,,,,NO_VIEW_WARMUP_KEEP_BUDGET,True,2013-08-01,,2013-06-03,41,0.0,0.0,0.0,0.0,0.0
2013-08-02,0.5,0.5,,,,,,NO_VIEW_WARMUP_KEEP_BUDGET,False,2013-08-01,,2013-06-03,41,0.0,0.0,0.0,0.0,0.0
2013-08-05,0.5,0.5,,,,,,NO_VIEW_WARMUP_KEEP_BUDGET,False,2013-08-01,,2013-06-03,41,0.0,0.0,0.0,0.0,0.0
2013-08-06,0.5,0.5,,,,,,NO_VIEW_WARMUP_KEEP_BUDGET,False,2013-08-01,,2013-06-03,41,0.0,0.0,0.0,0.0,0.0
2013-08-07,0.5,0.5,,,,,,NO_VIEW_WARMUP_KEEP_BUDGET,False,2013-08-01,,2013-06-03,41,0.0,0.0,0.0,0.0,0.0
2013-08-08,0.5,0.5,,,,,,NO_VIEW_WARMUP_KEEP_BUDGET,False,2013-08-01,,2013-06-03,41,0.0,0.0,0.0,0.0,0.0
2013-08-09,0.5,0.5,,,,,,NO_VIEW_WARMUP_KEEP_BUDGET,False,2013-08-01,,2013-06-03,41,0.0,0.0,0.0,0.0,0.0
2013-08-12,0.5,0.5,,,,,,NO_VIEW_WARMUP_KEEP_BUDGET,False,2013-08-01,,2013-06-03,41,0.0,0.0,0.0,0.0,0.0
2013-08-13,0.5,0.5,,,,,,NO_VIEW_WARMUP_KEEP_BUDGET,False,2013-08-01,,2013-06-03,41,0.0,0.0,0.0,0.0,0.0
2013-08-14,0.5,0.5,,,,,,NO_VIEW_WARMUP_KEEP_BUDGET,False,2013-08-01,,2013-06-03,41,0.0,0.0,0.0,0.0,0.0
2013-08-15,0.5,0.5,,,,,,NO_VIEW_WARMUP_KEEP_BUDGET,False,2013-08-01,,2013-06-03,41,0.0,0.0,0.0,0.0,0.0
2013-08-16,0.5,0.5,,,,,,NO_VIEW_WARMUP_KEEP_BUDGET,False,2013-08-01,,2013-06-03,41,0.0,0.0,0.0,0.0,0.0
2013-08-19,0.5,0.5,,,,,,NO_VIEW_WARMUP_KEEP_BUDGET,False,2013-08-01,,2013-06-03,41,0.0,0.0,0.0,0.0,0.0
2013-08-20,0.5,0.5,,,,,,NO_VIEW_WARMUP_KEEP_BUDGET,False,2013-08-01,,2013-06-03,41,0.0,0.0,0.0,0.0,0.0
2013-08-21,0.5,0.5,,,,,,NO_VIEW_WARMUP_KEEP_BUDGET,False,2013-08-01,,2013-06-03,41,0.0,0.0,0.0,0.0,0.0
2013-08-22,0.5,0.5,,,,,,NO_VIEW_WARMUP_KEEP_BUDGET,False,2013-08-01,,2013-06-03,41,0.0,0.0,0.0,0.0,0.0
2013-08-23,0.5,0.5,,,,,,NO_VIEW_WARMUP_KEEP_BUDGET,False,2013-08-01,,2013-06-03,41,0.0,0.0,0.0,0.0,0.0
2013-08-26,0.5,0.5,,,,,,NO_VIEW_WARMUP_KEEP_BUDGET,False,2013-08-01,,2013-06-03,41,0.0,0.0,0.0,0.0,0.0
2013-08-27,0.5,0.5,,,,,,NO_VIEW_WARMUP_KEEP_BUDGET,False,2013-08-01,,2013-06-03,41,0.0,0.0,0.0,0.0,0.0
2013-08-28,0.5,0.5,,,,,,NO_VIEW_WARMUP_KEEP_BUDGET,False,2013-08-01,,2013-06-03,41,0.0,0.0,0.0,0.0,0.0
2013-08-29,0.5,0.5,,,,,,NO_VIEW_WARMUP_KEEP_BUDGET,False,2013-08-01,,2013-06-03,41,0.0,0.0,0.0,0.0,0.0
2013-08-30,0.5,0.5,,,,,,NO_VIEW_WARMUP_KEEP_BUDGET,False,2013-08-01,,2013-06-03,41,0.0,0.0,0.0,0.0,0.0
2013-09-02,0.5,0.5,,,,,,NO_VIEW_WARMUP_KEEP_BUDGET,True,2013-09-02,,2013-06-03,63,0.0,0.0,0.0,0.0,0.0
2013-09-03,0.5,0.5,,,,,,NO_VIEW_WARMUP_KEEP_BUDGET,False,2013-09-02,,2013-06-03,63,0.0,0.0,0.0,0.0,0.0
2013-09-04,0.5,0.5,,,,,,NO_VIEW_WARMUP_KEEP_BUDGET,False,2013-09-02,,2013-06-03,63,0.0,0.0,0.0,0.0,0.0
2013-09-05,0.5,0.5,,,,,,NO_VIEW_WARMUP_KEEP_BUDGET,False,2013-09-02,,2013-06-03,63,0.0,0.0,0.0,0.0,0.0
2013-09-06,0.5,0.5,,,,,,NO_VIEW_WARMUP_KEEP_BUDGET,False,2013-09-02,,2013-06-03,63,0.0,0.0,0.0,0.0,0.0
2013-09-09,0.5,0.5,,,,,,NO_VIEW_WARMUP_KEEP_BUDGET,False,2013-09-02,,2013-06-03,63,0.0,0.0,0.0,0.0,0.0
2013-09-10,0.5,0.5,,,,,,NO_VIEW_WARMUP_KEEP_BUDGET,False,2013-09-02,,2013-06-03,63,0.0,0.0,0.0,0.0,0.0
2013-09-11,0.5,0.5,,,,,,NO_VIEW_WARMUP_KEEP_BUDGET,False,2013-09-02,,2013-06-03,63,0.0,0.0,0.0,0.0,0.0
2013-09-12,0.5,0.5,,,,,,NO_VIEW_WARMUP_KEEP_BUDGET,False,2013-09-02,,2013-06-03,63,0.0,0.0,0.0,0.0,0.0
2013-09-13,0.5,0.5,,,,,,NO_VIEW_WARMUP_KEEP_BUDGET,False,2013-09-02,,2013-06-03,63,0.0,0.0,0.0,0.0,0.0
2013-09-16,0.5,0.5,,,,,,NO_VIEW_WARMUP_KEEP_BUDGET,False,2013-09-02,,2013-06-03,63,0.0,0.0,0.0,0.0,0.0
2013-09-17,0.5,0.5,,,,,,NO_VIEW_WARMUP_KEEP_BUDGET,False,2013-09-02,,2013-06-03,63,0.0,0.0,0.0,0.0,0.0
2013-09-18,0.5,0.5,,,,,,NO_VIEW_WARMUP_KEEP_BUDGET,False,2013-09-02,,2013-06-03,63,0.0,0.0,0.0,0.0,0.0
2013-09-23,0.5,0.5,,,,,,NO_VIEW_WARMUP_KEEP_BUDGET,False,2013-09-02,,2013-06-03,63,0.0,0.0,0.0,0.0,0.0
2013-09-24,0.5,0.5,,,,,,NO_VIEW_WARMUP_KEEP_BUDGET,False,2013-09-02,,2013-06-03,63,0.0,0.0,0.0,0.0,0.0
2013-09-25,0.5,0.5,,,,,,NO_VIEW_WARMUP_KEEP_BUDGET,False,2013-09-02,,2013-06-03,63,0.0,0.0,0.0,0.0,0.0
2013-09-26,0.5,0.5,,,,,,NO_VIEW_WARMUP_KEEP_BUDGET,False,2013-09-02,,2013-06-03,63,0.0,0.0,0.0,0.0,0.0
2013-09-27,0.5,0.5,,,,,,NO_VIEW_WARMUP_KEEP_BUDGET,False,2013-09-02,,2013-06-03,63,0.0,0.0,0.0,0.0,0.0
2013-09-30,0.5,0.5,,,,,,NO_VIEW_WARMUP_KEEP_BUDGET,False,2013-09-02,,2013-06-03,63,0.0,0.0,0.0,0.0,0.0
2013-10-08,0.5,0.5,,,,,,NO_VIEW_WARMUP_KEEP_BUDGET,True,2013-10-08,,2013-06-03,82,0.0,0.0,0.0,0.0,0.0
2013-10-09,0.5,0.5,,,,,,NO_VIEW_WARMUP_KEEP_BUDGET,False,2013-10-08,,2013-06-03,82,0.0,0.0,0.0,0.0,0.0
2013-10-10,0.5,0.5,,,,,,NO_VIEW_WARMUP_KEEP_BUDGET,False,2013-10-08,,2013-06-03,82,0.0,0.0,0.0,0.0,0.0
2013-10-11,0.5,0.5,,,,,,NO_VIEW_WARMUP_KEEP_BUDGET,False,2013-10-08,,2013-06-03,82,0.0,0.0,0.0,0.0,0.0
2013-10-14,0.5,0.5,,,,,,NO_VIEW_WARMUP_KEEP_BUDGET,False,2013-10-08,,2013-06-03,82,0.0,0.0,0.0,0.0,0.0
2013-10-15,0.5,0.5,,,,,,NO_VIEW_WARMUP_KEEP_BUDGET,False,2013-10-08,,2013-06-03,82,0.0,0.0,0.0,0.0,0.0
2013-10-16,0.5,0.5,,,,,,NO_VIEW_WARMUP_KEEP_BUDGET,False,2013-10-08,,2013-06-03,82,0.0,0.0,0.0,0.0,0.0
2013-10-17,0.5,0.5,,,,,,NO_VIEW_WARMUP_KEEP_BUDGET,False,2013-10-08,,2013-06-03,82,0.0,0.0,0.0,0.0,0.0
2013-10-18,0.5,0.5,,,,,,NO_VIEW_WARMUP_KEEP_BUDGET,False,2013-10-08,,2013-06-03,82,0.0,0.0,0.0,0.0,0.0
2013-10-21,0.5,0.5,,,,,,NO_VIEW_WARMUP_KEEP_BUDGET,False,2013-10-08,,2013-06-03,82,0.0,0.0,0.0,0.0,0.0
2013-10-22,0.5,0.5,,,,,,NO_VIEW_WARMUP_KEEP_BUDGET,False,2013-10-08,,2013-06-03,82,0.0,0.0,0.0,0.0,0.0
2013-10-23,0.5,0.5,,,,,,NO_VIEW_WARMUP_KEEP_BUDGET,False,2013-10-08,,2013-06-03,82,0.0,0.0,0.0,0.0,0.0
2013-10-24,0.5,0.5,,,,,,NO_VIEW_WARMUP_KEEP_BUDGET,False,2013-10-08,,2013-06-03,82,0.0,0.0,0.0,0.0,0.0
2013-10-25,0.5,0.5,,,,,,NO_VIEW_WARMUP_KEEP_BUDGET,False,2013-10-08,,2013-06-03,82,0.0,0.0,0.0,0.0,0.0
2013-10-28,0.5,0.5,,,,,,NO_VIEW_WARMUP_KEEP_BUDGET,False,2013-10-08,,2013-06-03,82,0.0,0.0,0.0,0.0,0.0
2013-10-29,0.5,0.5,,,,,,NO_VIEW_WARMUP_KEEP_BUDGET,False,2013-10-08,,2013-06-03,82,0.0,0.0,0.0,0.0,0.0
2013-10-30,0.5,0.5,,,,,,NO_VIEW_WARMUP_KEEP_BUDGET,False,2013-10-08,,2013-06-03,82,0.0,0.0,0.0,0.0,0.0
2013-10-31,0.5,0.5,,,,,,NO_VIEW_WARMUP_KEEP_BUDGET,False,2013-10-08,,2013-06-03,82,0.0,0.0,0.0,0.0,0.0
2013-11-01,0.5,0.5,,,,,,NO_VIEW_WARMUP_KEEP_BUDGET,True,2013-11-01,,2013-06-03,100,0.0,0.0,0.0,0.0,0.0
2013-11-04,0.5,0.5,,,,,,NO_VIEW_WARMUP_KEEP_BUDGET,False,2013-11-01,,2013-06-03,100,0.0,0.0,0.0,0.0,0.0
2013-11-05,0.5,0.5,,,,,,NO_VIEW_WARMUP_KEEP_BUDGET,False,2013-11-01,,2013-06-03,100,0.0,0.0,0.0,0.0,0.0
2013-11-06,0.5,0.5,,,,,,NO_VIEW_WARMUP_KEEP_BUDGET,False,2013-11-01,,2013-06-03,100,0.0,0.0,0.0,0.0,0.0
2013-11-07,0.5,0.5,,,,,,NO_VIEW_WARMUP_KEEP_BUDGET,False,2013-11-01,,2013-06-03,100,0.0,0.0,0.0,0.0,0.0
2013-11-08,0.5,0.5,,,,,,NO_VIEW_WARMUP_KEEP_BUDGET,False,2013-11-01,,2013-06-03,100,0.0,0.0,0.0,0.0,0.0
2013-11-11,0.5,0.5,,,,,,NO_VIEW_WARMUP_KEEP_BUDGET,False,2013-11-01,,2013-06-03,100,0.0,0.0,0.0,0.0,0.0
2013-11-12,0.5,0.5,,,,,,NO_VIEW_WARMUP_KEEP_BUDGET,False,2013-11-01,,2013-06-03,100,0.0,0.0,0.0,0.0,0.0
2013-11-13,0.5,0.5,,,,,,NO_VIEW_WARMUP_KEEP_BUDGET,False,2013-11-01,,2013-06-03,100,0.0,0.0,0.0,0.0,0.0
2013-11-14,0.5,0.5,,,,,,NO_VIEW_WARMUP_KEEP_BUDGET,False,2013-11-01,,2013-06-03,100,0.0,0.0,0.0,0.0,0.0
2013-11-15,0.5,0.5,,,,,,NO_VIEW_WARMUP_KEEP_BUDGET,False,2013-11-01,,2013-06-03,100,0.0,0.0,0.0,0.0,0.0
2013-11-18,0.5,0.5,,,,,,NO_VIEW_WARMUP_KEEP_BUDGET,False,2013-11-01,,2013-06-03,100,0.0,0.0,0.0,0.0,0.0
2013-11-19,0.5,0.5,,,,,,NO_VIEW_WARMUP_KEEP_BUDGET,False,2013-11-01,,2013-06-03,100,0.0,0.0,0.0,0.0,0.0
2013-11-20,0.5,0.5,,,,,,NO_VIEW_WARMUP_KEEP_BUDGET,False,2013-11-01,,2013-06-03,100,0.0,0.0,0.0,0.0,0.0
2013-11-21,0.5,0.5,,,,,,NO_VIEW_WARMUP_KEEP_BUDGET,False,2013-11-01,,2013-06-03,100,0.0,0.0,0.0,0.0,0.0
2013-11-22,0.5,0.5,,,,,,NO_VIEW_WARMUP_KEEP_BUDGET,False,2013-11-01,,2013-06-03,100,0.0,0.0,0.0,0.0,0.0
2013-11-25,0.5,0.5,,,,,,NO_VIEW_WARMUP_KEEP_BUDGET,False,2013-11-01,,2013-06-03,100,0.0,0.0,0.0,0.0,0.0
2013-11-26,0.5,0.5,,,,,,NO_VIEW_WARMUP_KEEP_BUDGET,False,2013-11-01,,2013-06-03,100,0.0,0.0,0.0,0.0,0.0
2013-11-27,0.5,0.5,,,,,,NO_VIEW_WARMUP_KEEP_BUDGET,False,2013-11-01,,2013-06-03,100,0.0,0.0,0.0,0.0,0.0
2013-11-28,0.5,0.5,,,,,,NO_VIEW_WARMUP_KEEP_BUDGET,False,2013-11-01,,2013-06-03,100,0.0,0.0,0.0,0.0,0.0
2013-11-29,0.5,0.5,,,,,,NO_VIEW_WARMUP_KEEP_BUDGET,False,2013-11-01,,2013-06-03,100,0.0,0.0,0.0,0.0,0.0
2013-12-02,0.5,0.5,,,,,,NO_VIEW_WARMUP_KEEP_BUDGET,True,2013-12-02,,2013-06-03,121,0.0,0.0,0.0,0.0,0.0
2013-12-03,0.5,0.5,,,,,,NO_VIEW_WARMUP_KEEP_BUDGET,False,2013-12-02,,2013-06-03,121,0.0,0.0,0.0,0.0,0.0
2013-12-04,0.5,0.5,,,,,,NO_VIEW_WARMUP_KEEP_BUDGET,False,2013-12-02,,2013-06-03,121,0.0,0.0,0.0,0.0,0.0
2013-12-05,0.5,0.5,,,,,,NO_VIEW_WARMUP_KEEP_BUDGET,False,2013-12-02,,2013-06-03,121,0.0,0.0,0.0,0.0,0.0
2013-12-06,0.5,0.5,,,,,,NO_VIEW_WARMUP_KEEP_BUDGET,False,2013-12-02,,2013-06-03,121,0.0,0.0,0.0,0.0,0.0
2013-12-09,0.5,0.5,,,,,,NO_VIEW_WARMUP_KEEP_BUDGET,False,2013-12-02,,2013-06-03,121,0.0,0.0,0.0,0.0,0.0
2013-12-10,0.5,0.5,,,,,,NO_VIEW_WARMUP_KEEP_BUDGET,False,2013-12-02,,2013-06-03,121,0.0,0.0,0.0,0.0,0.0
2013-12-11,0.5,0.5,,,,,,NO_VIEW_WARMUP_KEEP_BUDGET,False,2013-12-02,,2013-06-03,121,0.0,0.0,0.0,0.0,0.0
2013-12-12,0.5,0.5,,,,,,NO_VIEW_WARMUP_KEEP_BUDGET,False,2013-12-02,,2013-06-03,121,0.0,0.0,0.0,0.0,0.0
2013-12-13,0.5,0.5,,,,,,NO_VIEW_WARMUP_KEEP_BUDGET,False,2013-12-02,,2013-06-03,121,0.0,0.0,0.0,0.0,0.0
2013-12-16,0.5,0.5,,,,,,NO_VIEW_WARMUP_KEEP_BUDGET,False,2013-12-02,,2013-06-03,121,0.0,0.0,0.0,0.0,0.0
2013-12-17,0.5,0.5,,,,,,NO_VIEW_WARMUP_KEEP_BUDGET,False,2013-12-02,,2013-06-03,121,0.0,0.0,0.0,0.0,0.0
2013-12-18,0.5,0.5,,,,,,NO_VIEW_WARMUP_KEEP_BUDGET,False,2013-12-02,,2013-06-03,121,0.0,0.0,0.0,0.0,0.0
2013-12-19,0.5,0.5,,,,,,NO_VIEW_WARMUP_KEEP_BUDGET,False,2013-12-02,,2013-06-03,121,0.0,0.0,0.0,0.0,0.0
2013-12-20,0.5,0.5,,,,,,NO_VIEW_WARMUP_KEEP_BUDGET,False,2013-12-02,,2013-06-03,121,0.0,0.0,0.0,0.0,0.0
2013-12-23,0.5,0.5,,,,,,NO_VIEW_WARMUP_KEEP_BUDGET,False,2013-12-02,,2013-06-03,121,0.0,0.0,0.0,0.0,0.0
2013-12-24,0.5,0.5,,,,,,NO_VIEW_WARMUP_KEEP_BUDGET,False,2013-12-02,,2013-06-03,121,0.0,0.0,0.0,0.0,0.0
2013-12-25,0.5,0.5,,,,,,NO_VIEW_WARMUP_KEEP_BUDGET,False,2013-12-02,,2013-06-03,121,0.0,0.0,0.0,0.0,0.0
2013-12-26,0.5,0.5,,,,,,NO_VIEW_WARMUP_KEEP_BUDGET,False,2013-12-02,,2013-06-03,121,0.0,0.0,0.0,0.0,0.0
2013-12-27,0.5,0.5,,,,,,NO_VIEW_WARMUP_KEEP_BUDGET,False,2013-12-02,,2013-06-03,121,0.0,0.0,0.0,0.0,0.0
2013-12-30,0.5,0.5,,,,,,NO_VIEW_WARMUP_KEEP_BUDGET,False,2013-12-02,,2013-06-03,121,0.0,0.0,0.0,0.0,0.0
2013-12-31,0.5,0.5,,,,,,NO_VIEW_WARMUP_KEEP_BUDGET,False,2013-12-02,,2013-06-03,121,0.0,0.0,0.0,0.0,0.0
2014-01-02,0.5,0.5,,,,,,NO_VIEW_WARMUP_KEEP_BUDGET,True,2014-01-02,,2013-06-03,143,0.0,0.0,0.0,0.0,0.0
2014-01-03,0.5,0.5,,,,,,NO_VIEW_WARMUP_KEEP_BUDGET,False,2014-01-02,,2013-06-03,143,0.0,0.0,0.0,0.0,0.0
2014-01-06,0.5,0.5,,,,,,NO_VIEW_WARMUP_KEEP_BUDGET,False,2014-01-02,,2013-06-03,143,0.0,0.0,0.0,0.0,0.0
2014-01-07,0.5,0.5,,,,,,NO_VIEW_WARMUP_KEEP_BUDGET,False,2014-01-02,,2013-06-03,143,0.0,0.0,0.0,0.0,0.0
2014-01-08,0.5,0.5,,,,,,NO_VIEW_WARMUP_KEEP_BUDGET,False,2014-01-02,,2013-06-03,143,0.0,0.0,0.0,0.0,0.0
2014-01-09,0.5,0.5,,,,,,NO_VIEW_WARMUP_KEEP_BUDGET,False,2014-01-02,,2013-06-03,143,0.0,0.0,0.0,0.0,0.0
2014-01-10,0.5,0.5,,,,,,NO_VIEW_WARMUP_KEEP_BUDGET,False,2014-01-02,,2013-06-03,143,0.0,0.0,0.0,0.0,0.0
2014-01-13,0.5,0.5,,,,,,NO_VIEW_WARMUP_KEEP_BUDGET,False,2014-01-02,,2013-06-03,143,0.0,0.0,0.0,0.0,0.0
2014-01-14,0.5,0.5,,,,,,NO_VIEW_WARMUP_KEEP_BUDGET,False,2014-01-02,,2013-06-03,143,0.0,0.0,0.0,0.0,0.0
2014-01-15,0.5,0.5,,,,,,NO_VIEW_WARMUP_KEEP_BUDGET,False,2014-01-02,,2013-06-03,143,0.0,0.0,0.0,0.0,0.0
2014-01-16,0.5,0.5,,,,,,NO_VIEW_WARMUP_KEEP_BUDGET,False,2014-01-02,,2013-06-03,143,0.0,0.0,0.0,0.0,0.0
2014-01-17,0.5,0.5,,,,,,NO_VIEW_WARMUP_KEEP_BUDGET,False,2014-01-02,,2013-06-03,143,0.0,0.0,0.0,0.0,0.0
2014-01-20,0.5,0.5,,,,,,NO_VIEW_WARMUP_KEEP_BUDGET,False,2014-01-02,,2013-06-03,143,0.0,0.0,0.0,0.0,0.0
2014-01-21,0.5,0.5,,,,,,NO_VIEW_WARMUP_KEEP_BUDGET,False,2014-01-02,,2013-06-03,143,0.0,0.0,0.0,0.0,0.0
2014-01-22,0.5,0.5,,,,,,NO_VIEW_WARMUP_KEEP_BUDGET,False,2014-01-02,,2013-06-03,143,0.0,0.0,0.0,0.0,0.0
2014-01-23,0.5,0.5,,,,,,NO_VIEW_WARMUP_KEEP_BUDGET,False,2014-01-02,,2013-06-03,143,0.0,0.0,0.0,0.0,0.0
2014-01-24,0.5,0.5,,,,,,NO_VIEW_WARMUP_KEEP_BUDGET,False,2014-01-02,,2013-06-03,143,0.0,0.0,0.0,0.0,0.0
2014-01-27,0.5,0.5,,,,,,NO_VIEW_WARMUP_KEEP_BUDGET,False,2014-01-02,,2013-06-03,143,0.0,0.0,0.0,0.0,0.0
2014-01-28,0.5,0.5,,,,,,NO_VIEW_WARMUP_KEEP_BUDGET,False,2014-01-02,,2013-06-03,143,0.0,0.0,0.0,0.0,0.0
2014-01-29,0.5,0.5,,,,,,NO_VIEW_WARMUP_KEEP_BUDGET,False,2014-01-02,,2013-06-03,143,0.0,0.0,0.0,0.0,0.0
2014-01-30,0.5,0.5,,,,,,NO_VIEW_WARMUP_KEEP_BUDGET,False,2014-01-02,,2013-06-03,143,0.0,0.0,0.0,0.0,0.0
2014-02-07,0.5,0.5,,,,,,NO_VIEW_WARMUP_KEEP_BUDGET,True,2014-02-07,,2013-06-03,164,0.0,0.0,0.0,0.0,0.0
2014-02-10,0.5,0.5,,,,,,NO_VIEW_WARMUP_KEEP_BUDGET,False,2014-02-07,,2013-06-03,164,0.0,0.0,0.0,0.0,0.0
2014-02-11,0.5,0.5,,,,,,NO_VIEW_WARMUP_KEEP_BUDGET,False,2014-02-07,,2013-06-03,164,0.0,0.0,0.0,0.0,0.0
2014-02-12,0.5,0.5,,,,,,NO_VIEW_WARMUP_KEEP_BUDGET,False,2014-02-07,,2013-06-03,164,0.0,0.0,0.0,0.0,0.0
2014-02-13,0.5,0.5,,,,,,NO_VIEW_WARMUP_KEEP_BUDGET,False,2014-02-07,,2013-06-03,164,0.0,0.0,0.0,0.0,0.0
2014-02-14,0.5,0.5,,,,,,NO_VIEW_WARMUP_KEEP_BUDGET,False,2014-02-07,,2013-06-03,164,0.0,0.0,0.0,0.0,0.0
2014-02-17,0.5,0.5,,,,,,NO_VIEW_WARMUP_KEEP_BUDGET,False,2014-02-07,,2013-06-03,164,0.0,0.0,0.0,0.0,0.0
2014-02-18,0.5,0.5,,,,,,NO_VIEW_WARMUP_KEEP_BUDGET,False,2014-02-07,,2013-06-03,164,0.0,0.0,0.0,0.0,0.0
2014-02-19,0.5,0.5,,,,,,NO_VIEW_WARMUP_KEEP_BUDGET,False,2014-02-07,,2013-06-03,164,0.0,0.0,0.0,0.0,0.0
2014-02-20,0.5,0.5,,,,,,NO_VIEW_WARMUP_KEEP_BUDGET,False,2014-02-07,,2013-06-03,164,0.0,0.0,0.0,0.0,0.0
2014-02-21,0.5,0.5,,,,,,NO_VIEW_WARMUP_KEEP_BUDGET,False,2014-02-07,,2013-06-03,164,0.0,0.0,0.0,0.0,0.0
2014-02-24,0.5,0.5,,,,,,NO_VIEW_WARMUP_KEEP_BUDGET,False,2014-02-07,,2013-06-03,164,0.0,0.0,0.0,0.0,0.0
2014-02-25,0.5,0.5,,,,,,NO_VIEW_WARMUP_KEEP_BUDGET,False,2014-02-07,,2013-06-03,164,0.0,0.0,0.0,0.0,0.0
2014-02-26,0.5,0.5,,,,,,NO_VIEW_WARMUP_KEEP_BUDGET,False,2014-02-07,,2013-06-03,164,0.0,0.0,0.0,0.0,0.0
2014-02-27,0.5,0.5,,,,,,NO_VIEW_WARMUP_KEEP_BUDGET,False,2014-02-07,,2013-06-03,164,0.0,0.0,0.0,0.0,0.0
2014-02-28,0.5,0.5,,,,,,NO_VIEW_WARMUP_KEEP_BUDGET,False,2014-02-07,,2013-06-03,164,0.0,0.0,0.0,0.0,0.0
2014-03-03,0.5,0.5,,,,,,NO_VIEW_WARMUP_KEEP_BUDGET,True,2014-03-03,,2013-06-03,180,0.0,0.0,0.0,0.0,0.0
2014-03-04,0.5,0.5,,,,,,NO_VIEW_WARMUP_KEEP_BUDGET,False,2014-03-03,,2013-06-03,180,0.0,0.0,0.0,0.0,0.0
2014-03-05,0.5,0.5,,,,,,NO_VIEW_WARMUP_KEEP_BUDGET,False,2014-03-03,,2013-06-03,180,0.0,0.0,0.0,0.0,0.0
2014-03-06,0.5,0.5,,,,,,NO_VIEW_WARMUP_KEEP_BUDGET,False,2014-03-03,,2013-06-03,180,0.0,0.0,0.0,0.0,0.0
2014-03-07,0.5,0.5,,,,,,NO_VIEW_WARMUP_KEEP_BUDGET,False,2014-03-03,,2013-06-03,180,0.0,0.0,0.0,0.0,0.0
2014-03-10,0.5,0.5,,,,,,NO_VIEW_WARMUP_KEEP_BUDGET,False,2014-03-03,,2013-06-03,180,0.0,0.0,0.0,0.0,0.0
2014-03-11,0.5,0.5,,,,,,NO_VIEW_WARMUP_KEEP_BUDGET,False,2014-03-03,,2013-06-03,180,0.0,0.0,0.0,0.0,0.0
2014-03-12,0.5,0.5,,,,,,NO_VIEW_WARMUP_KEEP_BUDGET,False,2014-03-03,,2013-06-03,180,0.0,0.0,0.0,0.0,0.0
2014-03-13,0.5,0.5,,,,,,NO_VIEW_WARMUP_KEEP_BUDGET,False,2014-03-03,,2013-06-03,180,0.0,0.0,0.0,0.0,0.0
2014-03-14,0.5,0.5,,,,,,NO_VIEW_WARMUP_KEEP_BUDGET,False,2014-03-03,,2013-06-03,180,0.0,0.0,0.0,0.0,0.0
2014-03-17,0.5,0.5,,,,,,NO_VIEW_WARMUP_KEEP_BUDGET,False,2014-03-03,,2013-06-03,180,0.0,0.0,0.0,0.0,0.0
2014-03-18,0.5,0.5,,,,,,NO_VIEW_WARMUP_KEEP_BUDGET,False,2014-03-03,,2013-06-03,180,0.0,0.0,0.0,0.0,0.0
2014-03-19,0.5,0.5,,,,,,NO_VIEW_WARMUP_KEEP_BUDGET,False,2014-03-03,,2013-06-03,180,0.0,0.0,0.0,0.0,0.0
2014-03-20,0.5,0.5,,,,,,NO_VIEW_WARMUP_KEEP_BUDGET,False,2014-03-03,,2013-06-03,180,0.0,0.0,0.0,0.0,0.0
2014-03-21,0.5,0.5,,,,,,NO_VIEW_WARMUP_KEEP_BUDGET,False,2014-03-03,,2013-06-03,180,0.0,0.0,0.0,0.0,0.0
2014-03-24,0.5,0.5,,,,,,NO_VIEW_WARMUP_KEEP_BUDGET,False,2014-03-03,,2013-06-03,180,0.0,0.0,0.0,0.0,0.0
2014-03-25,0.5,0.5,,,,,,NO_VIEW_WARMUP_KEEP_BUDGET,False,2014-03-03,,2013-06-03,180,0.0,0.0,0.0,0.0,0.0
2014-03-26,0.5,0.5,,,,,,NO_VIEW_WARMUP_KEEP_BUDGET,False,2014-03-03,,2013-06-03,180,0.0,0.0,0.0,0.0,0.0
2014-03-27,0.5,0.5,,,,,,NO_VIEW_WARMUP_KEEP_BUDGET,False,2014-03-03,,2013-06-03,180,0.0,0.0,0.0,0.0,0.0
2014-03-28,0.5,0.5,,,,,,NO_VIEW_WARMUP_KEEP_BUDGET,False,2014-03-03,,2013-06-03,180,0.0,0.0,0.0,0.0,0.0
2014-03-31,0.5,0.5,,,,,,NO_VIEW_WARMUP_KEEP_BUDGET,False,2014-03-03,,2013-06-03,180,0.0,0.0,0.0,0.0,0.0
2014-04-01,0.5,0.5,,,,,,NO_VIEW_WARMUP_KEEP_BUDGET,True,2014-04-01,,2013-06-03,201,0.0,0.0,0.0,0.0,0.0
2014-04-02,0.5,0.5,,,,,,NO_VIEW_WARMUP_KEEP_BUDGET,False,2014-04-01,,2013-06-03,201,0.0,0.0,0.0,0.0,0.0
2014-04-03,0.5,0.5,,,,,,NO_VIEW_WARMUP_KEEP_BUDGET,False,2014-04-01,,2013-06-03,201,0.0,0.0,0.0,0.0,0.0
2014-04-04,0.5,0.5,,,,,,NO_VIEW_WARMUP_KEEP_BUDGET,False,2014-04-01,,2013-06-03,201,0.0,0.0,0.0,0.0,0.0
2014-04-08,0.5,0.5,,,,,,NO_VIEW_WARMUP_KEEP_BUDGET,False,2014-04-01,,2013-06-03,201,0.0,0.0,0.0,0.0,0.0
2014-04-09,0.5,0.5,,,,,,NO_VIEW_WARMUP_KEEP_BUDGET,False,2014-04-01,,2013-06-03,201,0.0,0.0,0.0,0.0,0.0
2014-04-10,0.5,0.5,,,,,,NO_VIEW_WARMUP_KEEP_BUDGET,False,2014-04-01,,2013-06-03,201,0.0,0.0,0.0,0.0,0.0
2014-04-11,0.5,0.5,,,,,,NO_VIEW_WARMUP_KEEP_BUDGET,False,2014-04-01,,2013-06-03,201,0.0,0.0,0.0,0.0,0.0
2014-04-14,0.5,0.5,,,,,,NO_VIEW_WARMUP_KEEP_BUDGET,False,2014-04-01,,2013-06-03,201,0.0,0.0,0.0,0.0,0.0
2014-04-15,0.5,0.5,,,,,,NO_VIEW_WARMUP_KEEP_BUDGET,False,2014-04-01,,2013-06-03,201,0.0,0.0,0.0,0.0,0.0
2014-04-16,0.5,0.5,,,,,,NO_VIEW_WARMUP_KEEP_BUDGET,False,2014-04-01,,2013-06-03,201,0.0,0.0,0.0,0.0,0.0
2014-04-17,0.5,0.5,,,,,,NO_VIEW_WARMUP_KEEP_BUDGET,False,2014-04-01,,2013-06-03,201,0.0,0.0,0.0,0.0,0.0
2014-04-18,0.5,0.5,,,,,,NO_VIEW_WARMUP_KEEP_BUDGET,False,2014-04-01,,2013-06-03,201,0.0,0.0,0.0,0.0,0.0
2014-04-21,0.5,0.5,,,,,,NO_VIEW_WARMUP_KEEP_BUDGET,False,2014-04-01,,2013-06-03,201,0.0,0.0,0.0,0.0,0.0
2014-04-22,0.5,0.5,,,,,,NO_VIEW_WARMUP_KEEP_BUDGET,False,2014-04-01,,2013-06-03,201,0.0,0.0,0.0,0.0,0.0
2014-04-23,0.5,0.5,,,,,,NO_VIEW_WARMUP_KEEP_BUDGET,False,2014-04-01,,2013-06-03,201,0.0,0.0,0.0,0.0,0.0
2014-04-24,0.5,0.5,,,,,,NO_VIEW_WARMUP_KEEP_BUDGET,False,2014-04-01,,2013-06-03,201,0.0,0.0,0.0,0.0,0.0
2014-04-25,0.5,0.5,,,,,,NO_VIEW_WARMUP_KEEP_BUDGET,False,2014-04-01,,2013-06-03,201,0.0,0.0,0.0,0.0,0.0
2014-04-28,0.5,0.5,,,,,,NO_VIEW_WARMUP_KEEP_BUDGET,False,2014-04-01,,2013-06-03,201,0.0,0.0,0.0,0.0,0.0
2014-04-29,0.5,0.5,,,,,,NO_VIEW_WARMUP_KEEP_BUDGET,False,2014-04-01,,2013-06-03,201,0.0,0.0,0.0,0.0,0.0
2014-04-30,0.5,0.5,,,,,,NO_VIEW_WARMUP_KEEP_BUDGET,False,2014-04-01,,2013-06-03,201,0.0,0.0,0.0,0.0,0.0
2014-05-05,0.5,0.5,,,,,,NO_VIEW_WARMUP_KEEP_BUDGET,True,2014-05-05,,2013-06-03,222,0.0,0.0,0.0,0.0,0.0
2014-05-06,0.5,0.5,,,,,,NO_VIEW_WARMUP_KEEP_BUDGET,False,2014-05-05,,2013-06-03,222,0.0,0.0,0.0,0.0,0.0
2014-05-07,0.5,0.5,,,,,,NO_VIEW_WARMUP_KEEP_BUDGET,False,2014-05-05,,2013-06-03,222,0.0,0.0,0.0,0.0,0.0
2014-05-08,0.5,0.5,,,,,,NO_VIEW_WARMUP_KEEP_BUDGET,False,2014-05-05,,2013-06-03,222,0.0,0.0,0.0,0.0,0.0
2014-05-09,0.5,0.5,,,,,,NO_VIEW_WARMUP_KEEP_BUDGET,False,2014-05-05,,2013-06-03,222,0.0,0.0,0.0,0.0,0.0
2014-05-12,0.5,0.5,,,,,,NO_VIEW_WARMUP_KEEP_BUDGET,False,2014-05-05,,2013-06-03,222,0.0,0.0,0.0,0.0,0.0
2014-05-13,0.5,0.5,,,,,,NO_VIEW_WARMUP_KEEP_BUDGET,False,2014-05-05,,2013-06-03,222,0.0,0.0,0.0,0.0,0.0
2014-05-14,0.5,0.5,,,,,,NO_VIEW_WARMUP_KEEP_BUDGET,False,2014-05-05,,2013-06-03,222,0.0,0.0,0.0,0.0,0.0
2014-05-15,0.5,0.5,,,,,,NO_VIEW_WARMUP_KEEP_BUDGET,False,2014-05-05,,2013-06-03,222,0.0,0.0,0.0,0.0,0.0
2014-05-16,0.5,0.5,,,,,,NO_VIEW_WARMUP_KEEP_BUDGET,False,2014-05-05,,2013-06-03,222,0.0,0.0,0.0,0.0,0.0
2014-05-19,0.5,0.5,,,,,,NO_VIEW_WARMUP_KEEP_BUDGET,False,2014-05-05,,2013-06-03,222,0.0,0.0,0.0,0.0,0.0
2014-05-20,0.5,0.5,,,,,,NO_VIEW_WARMUP_KEEP_BUDGET,False,2014-05-05,,2013-06-03,222,0.0,0.0,0.0,0.0,0.0
2014-05-21,0.5,0.5,,,,,,NO_VIEW_WARMUP_KEEP_BUDGET,False,2014-05-05,,2013-06-03,222,0.0,0.0,0.0,0.0,0.0
2014-05-22,0.5,0.5,,,,,,NO_VIEW_WARMUP_KEEP_BUDGET,False,2014-05-05,,2013-06-03,222,0.0,0.0,0.0,0.0,0.0
2014-05-23,0.5,0.5,,,,,,NO_VIEW_WARMUP_KEEP_BUDGET,False,2014-05-05,,2013-06-03,222,0.0,0.0,0.0,0.0,0.0
2014-05-26,0.5,0.5,,,,,,NO_VIEW_WARMUP_KEEP_BUDGET,False,2014-05-05,,2013-06-03,222,0.0,0.0,0.0,0.0,0.0
2014-05-27,0.5,0.5,,,,,,NO_VIEW_WARMUP_KEEP_BUDGET,False,2014-05-05,,2013-06-03,222,0.0,0.0,0.0,0.0,0.0
2014-05-28,0.5,0.5,,,,,,NO_VIEW_WARMUP_KEEP_BUDGET,False,2014-05-05,,2013-06-03,222,0.0,0.0,0.0,0.0,0.0
2014-05-29,0.5,0.5,,,,,,NO_VIEW_WARMUP_KEEP_BUDGET,False,2014-05-05,,2013-06-03,222,0.0,0.0,0.0,0.0,0.0
2014-05-30,0.5,0.5,,,,,,NO_VIEW_WARMUP_KEEP_BUDGET,False,2014-05-05,,2013-06-03,222,0.0,0.0,0.0,0.0,0.0
2014-06-03,0.5,0.5,0.0022058227959976338,0.0,,,,NO_VIEW_ZERO_OR_INVALID_RISK_KEEP_BUDGET,True,2014-06-03,,2013-06-03,242,0.0,0.0,0.0,0.0,0.0
2014-06-04,0.5,0.5,0.0022058227959976338,0.0,,,,NO_VIEW_ZERO_OR_INVALID_RISK_KEEP_BUDGET,False,2014-06-03,,2013-06-03,242,0.0,0.0,0.0,0.0,0.0
2014-06-05,0.5,0.5,0.0022058227959976338,0.0,,,,NO_VIEW_ZERO_OR_INVALID_RISK_KEEP_BUDGET,False,2014-06-03,,2013-06-03,242,0.0,0.0,0.0,0.0,0.0
2014-06-06,0.5,0.5,0.0022058227959976338,0.0,,,,NO_VIEW_ZERO_OR_INVALID_RISK_KEEP_BUDGET,False,2014-06-03,,2013-06-03,242,0.0,0.0,0.0,0.0,0.0
2014-06-09,0.5,0.5,0.0022058227959976338,0.0,,,,NO_VIEW_ZERO_OR_INVALID_RISK_KEEP_BUDGET,False,2014-06-03,,2013-06-03,242,0.0,0.0,0.0,0.0,0.0
2014-06-10,0.5,0.5,0.0022058227959976338,0.0,,,,NO_VIEW_ZERO_OR_INVALID_RISK_KEEP_BUDGET,False,2014-06-03,,2013-06-03,242,0.0,0.0,0.0,0.0,0.0
2014-06-11,0.5,0.5,0.0022058227959976338,0.0,,,,NO_VIEW_ZERO_OR_INVALID_RISK_KEEP_BUDGET,False,2014-06-03,,2013-06-03,242,0.0,0.0,0.0,0.0,0.0
2014-06-12,0.5,0.5,0.0022058227959976338,0.0,,,,NO_VIEW_ZERO_OR_INVALID_RISK_KEEP_BUDGET,False,2014-06-03,,2013-06-03,242,0.0,0.0,0.0,0.0,0.0
2014-06-13,0.5,0.5,0.0022058227959976338,0.0,,,,NO_VIEW_ZERO_OR_INVALID_RISK_KEEP_BUDGET,False,2014-06-03,,2013-06-03,242,0.0,0.0,0.0,0.0,0.0
2014-06-16,0.5,0.5,0.0022058227959976338,0.0,,,,NO_VIEW_ZERO_OR_INVALID_RISK_KEEP_BUDGET,False,2014-06-03,,2013-06-03,242,0.0,0.0,0.0,0.0,0.0
2014-06-17,0.5,0.5,0.0022058227959976338,0.0,,,,NO_VIEW_ZERO_OR_INVALID_RISK_KEEP_BUDGET,False,2014-06-03,,2013-06-03,242,0.0,0.0,0.0,0.0,0.0
2014-06-18,0.5,0.5,0.0022058227959976338,0.0,,,,NO_VIEW_ZERO_OR_INVALID_RISK_KEEP_BUDGET,False,2014-06-03,,2013-06-03,242,0.0,0.0,0.0,0.0,0.0
2014-06-19,0.5,0.5,0.0022058227959976338,0.0,,,,NO_VIEW_ZERO_OR_INVALID_RISK_KEEP_BUDGET,False,2014-06-03,,2013-06-03,242,0.0,0.0,0.0,0.0,0.0
2014-06-20,0.5,0.5,0.0022058227959976338,0.0,,,,NO_VIEW_ZERO_OR_INVALID_RISK_KEEP_BUDGET,False,2014-06-03,,2013-06-03,242,0.0,0.0,0.0,0.0,0.0
2014-06-23,0.5,0.5,0.0022058227959976338,0.0,,,,NO_VIEW_ZERO_OR_INVALID_RISK_KEEP_BUDGET,False,2014-06-03,,2013-06-03,242,0.0,0.0,0.0,0.0,0.0
2014-06-24,0.5,0.5,0.0022058227959976338,0.0,,,,NO_VIEW_ZERO_OR_INVALID_RISK_KEEP_BUDGET,False,2014-06-03,,2013-06-03,242,0.0,0.0,0.0,0.0,0.0
2014-06-25,0.5,0.5,0.0022058227959976338,0.0,,,,NO_VIEW_ZERO_OR_INVALID_RISK_KEEP_BUDGET,False,2014-06-03,,2013-06-03,242,0.0,0.0,0.0,0.0,0.0
2014-06-26,0.5,0.5,0.0022058227959976338,0.0,,,,NO_VIEW_ZERO_OR_INVALID_RISK_KEEP_BUDGET,False,2014-06-03,,2013-06-03,242,0.0,0.0,0.0,0.0,0.0
2014-06-27,0.5,0.5,0.0022058227959976338,0.0,,,,NO_VIEW_ZERO_OR_INVALID_RISK_KEEP_BUDGET,False,2014-06-03,,2013-06-03,242,0.0,0.0,0.0,0.0,0.0
2014-06-30,0.5,0.5,0.0022058227959976338,0.0,,,,NO_VIEW_ZERO_OR_INVALID_RISK_KEEP_BUDGET,False,2014-06-03,,2013-06-03,242,0.0,0.0,0.0,0.0,0.0
2014-07-01,0.5,0.5,0.0018155272551401477,0.0,,,,NO_VIEW_ZERO_OR_INVALID_RISK_KEEP_BUDGET,True,2014-07-01,,2013-07-04,242,0.0,0.0,0.0,0.0,0.0
2014-07-02,0.5,0.5,0.0018155272551401477,0.0,,,,NO_VIEW_ZERO_OR_INVALID_RISK_KEEP_BUDGET,False,2014-07-01,,2013-07-04,242,0.0,0.0,0.0,0.0,0.0
2014-07-03,0.5,0.5,0.0018155272551401477,0.0,,,,NO_VIEW_ZERO_OR_INVALID_RISK_KEEP_BUDGET,False,2014-07-01,,2013-07-04,242,0.0,0.0,0.0,0.0,0.0
2014-07-04,0.5,0.5,0.0018155272551401477,0.0,,,,NO_VIEW_ZERO_OR_INVALID_RISK_KEEP_BUDGET,False,2014-07-01,,2013-07-04,242,0.0,0.0,0.0,0.0,0.0
2014-07-07,0.5,0.5,0.0018155272551401477,0.0,,,,NO_VIEW_ZERO_OR_INVALID_RISK_KEEP_BUDGET,False,2014-07-01,,2013-07-04,242,0.0,0.0,0.0,0.0,0.0
2014-07-08,0.5,0.5,0.0018155272551401477,0.0,,,,NO_VIEW_ZERO_OR_INVALID_RISK_KEEP_BUDGET,False,2014-07-01,,2013-07-04,242,0.0,0.0,0.0,0.0,0.0
2014-07-09,0.5,0.5,0.0018155272551401477,0.0,,,,NO_VIEW_ZERO_OR_INVALID_RISK_KEEP_BUDGET,False,2014-07-01,,2013-07-04,242,0.0,0.0,0.0,0.0,0.0
2014-07-10,0.5,0.5,0.0018155272551401477,0.0,,,,NO_VIEW_ZERO_OR_INVALID_RISK_KEEP_BUDGET,False,2014-07-01,,2013-07-04,242,0.0,0.0,0.0,0.0,0.0
2014-07-11,0.5,0.5,0.0018155272551401477,0.0,,,,NO_VIEW_ZERO_OR_INVALID_RISK_KEEP_BUDGET,False,2014-07-01,,2013-07-04,242,0.0,0.0,0.0,0.0,0.0
2014-07-14,0.5,0.5,0.0018155272551401477,0.0,,,,NO_VIEW_ZERO_OR_INVALID_RISK_KEEP_BUDGET,False,2014-07-01,,2013-07-04,242,0.0,0.0,0.0,0.0,0.0
2014-07-15,0.5,0.5,0.0018155272551401477,0.0,,,,NO_VIEW_ZERO_OR_INVALID_RISK_KEEP_BUDGET,False,2014-07-01,,2013-07-04,242,0.0,0.0,0.0,0.0,0.0
2014-07-16,0.5,0.5,0.0018155272551401477,0.0,,,,NO_VIEW_ZERO_OR_INVALID_RISK_KEEP_BUDGET,False,2014-07-01,,2013-07-04,242,0.0,0.0,0.0,0.0,0.0
2014-07-17,0.5,0.5,0.0018155272551401477,0.0,,,,NO_VIEW_ZERO_OR_INVALID_RISK_KEEP_BUDGET,False,2014-07-01,,2013-07-04,242,0.0,0.0,0.0,0.0,0.0
2014-07-18,0.5,0.5,0.0018155272551401477,0.0,,,,NO_VIEW_ZERO_OR_INVALID_RISK_KEEP_BUDGET,False,2014-07-01,,2013-07-04,242,0.0,0.0,0.0,0.0,0.0
2014-07-21,0.5,0.5,0.0018155272551401477,0.0,,,,NO_VIEW_ZERO_OR_INVALID_RISK_KEEP_BUDGET,False,2014-07-01,,2013-07-04,242,0.0,0.0,0.0,0.0,0.0
2014-07-22,0.5,0.5,0.0018155272551401477,0.0,,,,NO_VIEW_ZERO_OR_INVALID_RISK_KEEP_BUDGET,False,2014-07-01,,2013-07-04,242,0.0,0.0,0.0,0.0,0.0
2014-07-23,0.5,0.5,0.0018155272551401477,0.0,,,,NO_VIEW_ZERO_OR_INVALID_RISK_KEEP_BUDGET,False,2014-07-01,,2013-07-04,242,0.0,0.0,0.0,0.0,0.0
2014-07-24,0.5,0.5,0.0018155272551401477,0.0,,,,NO_VIEW_ZERO_OR_INVALID_RISK_KEEP_BUDGET,False,2014-07-01,,2013-07-04,242,0.0,0.0,0.0,0.0,0.0
2014-07-25,0.5,0.5,0.0018155272551401477,0.0,,,,NO_VIEW_ZERO_OR_INVALID_RISK_KEEP_BUDGET,False,2014-07-01,,2013-07-04,242,0.0,0.0,0.0,0.0,0.0
2014-07-28,0.5,0.5,0.0018155272551401477,0.0,,,,NO_VIEW_ZERO_OR_INVALID_RISK_KEEP_BUDGET,False,2014-07-01,,2013-07-04,242,0.0,0.0,0.0,0.0,0.0
2014-07-29,0.5,0.5,0.0018155272551401477,0.0,,,,NO_VIEW_ZERO_OR_INVALID_RISK_KEEP_BUDGET,False,2014-07-01,,2013-07-04,242,0.0,1.0,0.5,0.0,0.0
2014-07-30,0.5,0.5,0.0018155272551401477,0.0,,,,NO_VIEW_ZERO_OR_INVALID_RISK_KEEP_BUDGET,False,2014-07-01,,2013-07-04,242,0.0,1.0,0.5,0.0,-0.0001989806000001204
2014-07-31,0.5,0.5,0.0018155272551401477,0.0,,,,NO_VIEW_ZERO_OR_INVALID_RISK_KEEP_BUDGET,False,2014-07-01,,2013-07-04,242,0.0,1.0,0.5,0.0,0.013458678015826786
2014-08-01,0.5,0.5,0.0,0.0011630719949945632,,,,NO_VIEW_ZERO_OR_INVALID_RISK_KEEP_BUDGET,True,2014-08-01,,2013-08-06,242,0.0,1.0,0.5,0.0,-0.012034952402521615
2014-08-04,0.5,0.5,0.0,0.0011630719949945632,,,,NO_VIEW_ZERO_OR_INVALID_RISK_KEEP_BUDGET,False,2014-08-01,,2013-08-06,242,0.0,1.0,0.5,0.0,0.021422737925353097
2014-08-05,0.5,0.5,0.0,0.0011630719949945632,,,,NO_VIEW_ZERO_OR_INVALID_RISK_KEEP_BUDGET,False,2014-08-01,,2013-08-06,242,0.0,1.0,0.5,0.0,-0.0028787060288556487
2014-08-06,0.5,0.5,0.0,0.0011630719949945632,,,,NO_VIEW_ZERO_OR_INVALID_RISK_KEEP_BUDGET,False,2014-08-01,,2013-08-06,242,0.0,1.0,0.5,0.0,-0.006186464789606161
2014-08-07,0.5,0.5,0.0,0.0011630719949945632,,,,NO_VIEW_ZERO_OR_INVALID_RISK_KEEP_BUDGET,False,2014-08-01,,2013-08-06,242,0.0,1.0,0.5,0.0,-0.01078995732639898
2014-08-08,0.5,0.5,0.0,0.0011630719949945632,,,,NO_VIEW_ZERO_OR_INVALID_RISK_KEEP_BUDGET,False,2014-08-01,,2013-08-06,242,0.0,1.0,0.5,0.0,0.000419525015724842
2014-08-11,0.5,0.5,0.0,0.0011630719949945632,,,,NO_VIEW_ZERO_OR_INVALID_RISK_KEEP_BUDGET,False,2014-08-01,,2013-08-06,242,0.0,1.0,0.5,0.0,0.013838519913629721
2014-08-12,0.5,0.5,0.0,0.0011630719949945632,,,,NO_VIEW_ZERO_OR_INVALID_RISK_KEEP_BUDGET,False,2014-08-01,,2013-08-06,242,0.0,1.0,0.5,0.0,-0.00413625128711359
2014-08-13,0.5,0.5,0.0,0.0011630719949945632,,,,NO_VIEW_ZERO_OR_INVALID_RISK_KEEP_BUDGET,False,2014-08-01,,2013-08-06,242,0.0,1.0,0.5,0.0,0.0029074016447747653
2014-08-14,0.5,0.5,0.0,0.0011630719949945632,,,,NO_VIEW_ZERO_OR_INVALID_RISK_KEEP_BUDGET,False,2014-08-01,,2013-08-06,242,0.0,1.0,0.5,0.0,-0.012010031685334321
2014-08-15,0.5,0.5,0.0,0.0011630719949945632,,,,NO_VIEW_ZERO_OR_INVALID_RISK_KEEP_BUDGET,False,2014-08-01,,2013-08-06,242,0.0,1.0,0.5,0.0,0.012575199250413505
2014-08-18,0.5,0.5,0.0,0.0011630719949945632,,,,NO_VIEW_ZERO_OR_INVALID_RISK_KEEP_BUDGET,False,2014-08-01,,2013-08-06,242,0.0,1.0,0.5,0.0,0.0033117406680109873
2014-08-19,0.5,0.5,0.0,0.0011630719949945632,,,,NO_VIEW_ZERO_OR_INVALID_RISK_KEEP_BUDGET,False,2014-08-01,,2013-08-06,242,0.0,1.0,0.5,0.0,0.0008252023109505124
2014-08-20,0.5,0.5,0.0,0.0011630719949945632,,,,NO_VIEW_ZERO_OR_INVALID_RISK_KEEP_BUDGET,False,2014-08-01,,2013-08-06,242,0.0,1.0,0.5,0.0,-0.003710348611028147
2014-08-21,0.5,0.5,0.0,0.0011630719949945632,,,,NO_VIEW_ZERO_OR_INVALID_RISK_KEEP_BUDGET,False,2014-08-01,,2013-08-06,242,0.0,1.0,0.5,0.0,-0.003724166567277809
2014-08-22,0.5,0.5,0.0,0.0011630719949945632,,,,NO_VIEW_ZERO_OR_INVALID_RISK_KEEP_BUDGET,False,2014-08-01,,2013-08-06,242,0.0,1.0,0.5,0.0,0.004984117105328201
2014-08-25,0.5,0.5,0.0,0.0011630719949945632,,,,NO_VIEW_ZERO_OR_INVALID_RISK_KEEP_BUDGET,False,2014-08-01,,2013-08-06,242,0.0,1.0,0.5,0.0,-0.008678948040937495
2014-08-26,0.5,0.5,0.0,0.0011630719949945632,,,,NO_VIEW_ZERO_OR_INVALID_RISK_KEEP_BUDGET,False,2014-08-01,,2013-08-06,242,0.0,1.0,0.5,0.0,-0.006253522598373973
2014-08-27,0.5,0.5,0.0,0.0011630719949945632,,,,NO_VIEW_ZERO_OR_INVALID_RISK_KEEP_BUDGET,False,2014-08-01,,2013-08-06,242,0.0,1.0,0.5,0.0,-0.00041952501572450895
2014-08-28,0.5,0.5,0.0,0.0011630719949945632,,,,NO_VIEW_ZERO_OR_INVALID_RISK_KEEP_BUDGET,False,2014-08-01,,2013-08-06,242,0.0,1.0,0.5,0.0,-0.004616711999145484
2014-08-29,0.5,0.5,0.0,0.0011630719949945632,,,,NO_VIEW_ZERO_OR_INVALID_RISK_KEEP_BUDGET,False,2014-08-01,,2013-08-06,242,0.0,1.0,0.5,0.0,0.009697897488825324
2014-09-01,0.5,0.5,0.0,0.0027193120449688934,,,,NO_VIEW_ZERO_OR_INVALID_RISK_KEEP_BUDGET,True,2014-09-01,,2013-09-04,242,0.0,1.0,0.5,0.0,0.004593576848575642
2014-09-02,0.5,0.5,0.0,0.0027193120449688934,,,,NO_VIEW_ZERO_OR_INVALID_RISK_KEEP_BUDGET,False,2014-09-01,,2013-09-04,242,0.0,1.0,0.5,0.0,0.014964782353936279
2014-09-03,0.5,0.5,0.0,0.0027193120449688934,,,,NO_VIEW_ZERO_OR_INVALID_RISK_KEEP_BUDGET,False,2014-09-01,,2013-09-04,242,0.0,1.0,0.5,0.0,0.009419866912423025
2014-09-04,0.5,0.5,0.0,0.0027193120449688934,,,,NO_VIEW_ZERO_OR_INVALID_RISK_KEEP_BUDGET,False,2014-09-01,,2013-09-04,242,0.0,1.0,0.5,0.0,0.009331961081008089
2014-09-05,0.5,0.5,0.0,0.0027193120449688934,,,,NO_VIEW_ZERO_OR_INVALID_RISK_KEEP_BUDGET,False,2014-09-01,,2013-09-04,242,0.0,1.0,0.5,0.0,0.009647666867581783
2014-09-09,0.5,0.5,0.0,0.0027193120449688934,,,,NO_VIEW_ZERO_OR_INVALID_RISK_KEEP_BUDGET,False,2014-09-01,,2013-09-04,242,0.0,1.0,0.5,0.0,-0.0023888696978603408
2014-09-10,0.5,0.5,0.0,0.0027193120449688934,,,,NO_VIEW_ZERO_OR_INVALID_RISK_KEEP_BUDGET,False,2014-09-01,,2013-09-04,242,0.0,1.0,0.5,0.0,-0.006385573497325825
2014-09-11,0.5,0.5,0.0,0.0027193120449688934,,,,NO_VIEW_ZERO_OR_INVALID_RISK_KEEP_BUDGET,False,2014-09-01,,2013-09-04,242,0.0,1.0,0.5,0.0,-0.005623284707959253
2014-09-12,0.5,0.5,0.0,0.0027193120449688934,,,,NO_VIEW_ZERO_OR_INVALID_RISK_KEEP_BUDGET,False,2014-09-01,,2013-09-04,242,0.0,1.0,0.5,0.0,0.008078692657393693
2014-09-15,0.5,0.5,0.0,0.0027193120449688934,,,,NO_VIEW_ZERO_OR_INVALID_RISK_KEEP_BUDGET,False,2014-09-01,,2013-09-04,242,0.0,1.0,0.5,0.0,-0.002804882645256801
2014-09-16,0.5,0.5,0.0,0.0027193120449688934,,,,NO_VIEW_ZERO_OR_INVALID_RISK_KEEP_BUDGET,False,2014-09-01,,2013-09-04,242,0.0,1.0,0.5,0.0,-0.01727845743769474
2014-09-17,0.5,0.5,0.0,0.0027193120449688934,,,,NO_VIEW_ZERO_OR_INVALID_RISK_KEEP_BUDGET,False,2014-09-01,,2013-09-04,242,0.0,1.0,0.5,0.0,0.0032711165812167042
2014-09-18,0.5,0.5,0.0,0.0027193120449688934,,,,NO_VIEW_ZERO_OR_INVALID_RISK_KEEP_BUDGET,False,2014-09-01,,2013-09-04,242,0.0,1.0,0.5,0.0,0.004075564081276628
2014-09-19,0.5,0.5,0.0,0.0027193120449688934,,,,NO_VIEW_ZERO_OR_INVALID_RISK_KEEP_BUDGET,False,2014-09-01,,2013-09-04,242,0.0,1.0,0.5,0.0,0.008118042559886351
2014-09-22,0.5,0.5,0.0,0.0027193120449688934,,,,NO_VIEW_ZERO_OR_INVALID_RISK_KEEP_BUDGET,False,2014-09-01,,2013-09-04,242,0.0,1.0,0.5,0.0,-0.020936943656030604
2014-09-23,0.5,0.5,0.0,0.0027193120449688934,,,,NO_VIEW_ZERO_OR_INVALID_RISK_KEEP_BUDGET,False,2014-09-01,,2013-09-04,242,0.0,1.0,0.5,0.0,0.010281092960198635
2014-09-24,0.5,0.5,0.0,0.0027193120449688934,,,,NO_VIEW_ZERO_OR_INVALID_RISK_KEEP_BUDGET,False,2014-09-01,,2013-09-04,242,0.0,1.0,0.5,0.0,0.019131759368612666
2014-09-25,0.5,0.5,0.0,0.0027193120449688934,,,,NO_VIEW_ZERO_OR_INVALID_RISK_KEEP_BUDGET,False,2014-09-01,,2013-09-04,242,0.0,1.0,0.5,0.0,-0.005192423041447292
2014-09-26,0.5,0.5,0.0,0.0027193120449688934,,,,NO_VIEW_ZERO_OR_INVALID_RISK_KEEP_BUDGET,False,2014-09-01,,2013-09-04,242,0.0,1.0,0.5,0.0,0.0004015019248804208
2014-09-29,0.5,0.5,0.0,0.0027193120449688934,,,,NO_VIEW_ZERO_OR_INVALID_RISK_KEEP_BUDGET,False,2014-09-01,,2013-09-04,242,0.0,1.0,0.5,0.0,0.004414748643605471
2014-09-30,0.5,0.5,0.0,0.0027193120449688934,,,,NO_VIEW_ZERO_OR_INVALID_RISK_KEEP_BUDGET,False,2014-09-01,,2013-09-04,242,0.0,1.0,0.5,0.0,0.0
2014-10-08,0.5,0.5,0.0,0.004009789289630505,,,,NO_VIEW_ZERO_OR_INVALID_RISK_KEEP_BUDGET,True,2014-10-08,,2013-10-14,242,0.0,1.0,0.5,0.0,0.010788572380837635
2014-10-09,0.5,0.5,0.0,0.004009789289630505,,,,NO_VIEW_ZERO_OR_INVALID_RISK_KEEP_BUDGET,False,2014-10-08,,2013-10-14,242,0.0,1.0,0.5,0.0,0.0003953119037591879
2014-10-10,0.5,0.5,0.0,0.004009789289630505,,,,NO_VIEW_ZERO_OR_INVALID_RISK_KEEP_BUDGET,False,2014-10-08,,2013-10-14,242,0.0,1.0,0.5,0.0,-0.004741868328113408
2014-10-13,0.5,0.5,0.0,0.004009789289630505,,,,NO_VIEW_ZERO_OR_INVALID_RISK_KEEP_BUDGET,False,2014-10-08,,2013-10-14,242,0.0,1.0,0.5,0.0,-0.005558537569383293
2014-10-14,0.5,0.5,0.0,0.004009789289630505,,,,NO_VIEW_ZERO_OR_INVALID_RISK_KEEP_BUDGET,False,2014-10-08,,2013-10-14,242,0.0,1.0,0.5,0.0,-0.0035933191799784048
2014-10-15,0.5,0.5,0.0,0.004009789289630505,,,,NO_VIEW_ZERO_OR_INVALID_RISK_KEEP_BUDGET,False,2014-10-08,,2013-10-14,242,0.0,1.0,0.5,0.0,0.0064111603320153865
2014-10-16,0.5,0.5,0.0,0.004009789289630505,,,,NO_VIEW_ZERO_OR_INVALID_RISK_KEEP_BUDGET,False,2014-10-08,,2013-10-14,242,0.0,1.0,0.5,0.0,-0.0035833045467906777
2014-10-17,0.5,0.5,0.0,0.004009789289630505,,,,NO_VIEW_ZERO_OR_INVALID_RISK_KEEP_BUDGET,False,2014-10-08,,2013-10-14,242,0.0,1.0,0.5,0.0,-0.004395344303304238
2014-10-20,0.5,0.5,0.0,0.004009789289630505,,,,NO_VIEW_ZERO_OR_INVALID_RISK_KEEP_BUDGET,False,2014-10-08,,2013-10-14,242,0.0,1.0,0.5,0.0,0.004414748643605471
2014-10-21,0.5,0.5,0.0,0.004009789289630505,,,,NO_VIEW_ZERO_OR_INVALID_RISK_KEEP_BUDGET,False,2014-10-08,,2013-10-14,242,0.0,1.0,0.5,0.0,-0.006393228077533508
2014-10-22,0.5,0.5,0.0,0.004009789289630505,,,,NO_VIEW_ZERO_OR_INVALID_RISK_KEEP_BUDGET,False,2014-10-08,,2013-10-14,242,0.0,1.0,0.5,0.0,-0.005630068882298667
2014-10-23,0.5,0.5,0.0,0.004009789289630505,,,,NO_VIEW_ZERO_OR_INVALID_RISK_KEEP_BUDGET,False,2014-10-08,,2013-10-14,242,0.0,1.0,0.5,0.0,-0.010515042624257731
2014-10-24,0.5,0.5,0.0,0.004009789289630505,,,,NO_VIEW_ZERO_OR_INVALID_RISK_KEEP_BUDGET,False,2014-10-08,,2013-10-14,242,0.0,1.0,0.5,0.0,-0.0008174449006081996
2014-10-27,0.5,0.5,0.0,0.004009789289630505,,,,NO_VIEW_ZERO_OR_INVALID_RISK_KEEP_BUDGET,False,2014-10-08,,2013-10-14,242,0.0,1.0,0.5,0.0,-0.00940830712967955
2014-10-28,0.5,0.5,0.0,0.004009789289630505,,,,NO_VIEW_ZERO_OR_INVALID_RISK_KEEP_BUDGET,False,2014-10-08,,2013-10-14,242,0.0,1.0,0.5,0.0,0.019821211972731678
2014-10-29,0.5,0.5,0.0,0.004009789289630505,,,,NO_VIEW_ZERO_OR_INVALID_RISK_KEEP_BUDGET,False,2014-10-08,,2013-10-14,242,0.0,0.0,0.0,0.0,0.012552395703059771
2014-10-30,0.5,0.5,0.0,0.004009789289630505,,,,NO_VIEW_ZERO_OR_INVALID_RISK_KEEP_BUDGET,False,2014-10-08,,2013-10-14,242,0.0,0.0,0.0,0.0,-0.0009987011030435644
2014-10-31,0.5,0.5,0.0,0.004009789289630505,,,,NO_VIEW_ZERO_OR_INVALID_RISK_KEEP_BUDGET,False,2014-10-08,,2013-10-14,242,0.0,0.0,0.0,0.0,0.0
2014-11-03,0.5,0.5,0.0,0.004492318275717223,,,,NO_VIEW_ZERO_OR_INVALID_RISK_KEEP_BUDGET,True,2014-11-03,,2013-11-07,242,0.0,0.0,0.0,0.0,0.0
2014-11-04,0.5,0.5,0.0,0.004492318275717223,,,,NO_VIEW_ZERO_OR_INVALID_RISK_KEEP_BUDGET,False,2014-11-03,,2013-11-07,242,0.0,0.0,0.0,0.0,0.0
2014-11-05,0.5,0.5,0.0,0.004492318275717223,,,,NO_VIEW_ZERO_OR_INVALID_RISK_KEEP_BUDGET,False,2014-11-03,,2013-11-07,242,0.0,0.0,0.0,0.0,0.0
2014-11-06,0.5,0.5,0.0,0.004492318275717223,,,,NO_VIEW_ZERO_OR_INVALID_RISK_KEEP_BUDGET,False,2014-11-03,,2013-11-07,242,0.0,0.0,0.0,0.0,0.0
2014-11-07,0.5,0.5,0.0,0.004492318275717223,,,,NO_VIEW_ZERO_OR_INVALID_RISK_KEEP_BUDGET,False,2014-11-03,,2013-11-07,242,0.0,0.0,0.0,0.0,0.0
2014-11-10,0.5,0.5,0.0,0.004492318275717223,,,,NO_VIEW_ZERO_OR_INVALID_RISK_KEEP_BUDGET,False,2014-11-03,,2013-11-07,242,0.0,1.0,0.5,0.0,0.0
2014-11-11,0.5,0.5,0.0,0.004492318275717223,,,,NO_VIEW_ZERO_OR_INVALID_RISK_KEEP_BUDGET,False,2014-11-03,,2013-11-07,242,0.0,1.0,0.5,0.0,-0.008979658803926038
2014-11-12,0.5,0.5,0.0,0.004492318275717223,,,,NO_VIEW_ZERO_OR_INVALID_RISK_KEEP_BUDGET,False,2014-11-03,,2013-11-07,242,0.0,1.0,0.5,0.0,0.014637293112309546
2014-11-13,0.5,0.5,0.0,0.004492318275717223,,,,NO_VIEW_ZERO_OR_INVALID_RISK_KEEP_BUDGET,False,2014-11-03,,2013-11-07,242,0.0,1.0,0.5,0.0,-0.005694526407953204
2014-11-14,0.5,0.5,0.0,0.004492318275717223,,,,NO_VIEW_ZERO_OR_INVALID_RISK_KEEP_BUDGET,False,2014-11-03,,2013-11-07,242,0.0,1.0,0.5,0.0,0.001145427951307676
2014-11-17,0.5,0.5,0.0,0.004492318275717223,,,,NO_VIEW_ZERO_OR_INVALID_RISK_KEEP_BUDGET,False,2014-11-03,,2013-11-07,242,0.0,1.0,0.5,0.0,-0.0041950973064152075
2014-11-18,0.5,0.5,0.0,0.004492318275717223,,,,NO_VIEW_ZERO_OR_INVALID_RISK_KEEP_BUDGET,False,2014-11-03,,2013-11-07,242,0.0,1.0,0.5,0.0,-0.010723415277786086
2014-11-19,0.5,0.5,0.0,0.004492318275717223,,,,NO_VIEW_ZERO_OR_INVALID_RISK_KEEP_BUDGET,False,2014-11-03,,2013-11-07,242,0.0,1.0,0.5,0.0,-0.0030970438235637943
2014-11-20,0.5,0.5,0.0,0.004492318275717223,,,,NO_VIEW_ZERO_OR_INVALID_RISK_KEEP_BUDGET,False,2014-11-03,,2013-11-07,242,0.0,1.0,0.5,0.0,0.0015533326510748235
2014-11-21,0.5,0.5,0.0,0.004492318275717223,,,,NO_VIEW_ZERO_OR_INVALID_RISK_KEEP_BUDGET,False,2014-11-03,,2013-11-07,242,0.0,1.0,0.5,0.0,0.01899881349832877
2014-11-24,0.5,0.5,0.0,0.004492318275717223,,,,NO_VIEW_ZERO_OR_INVALID_RISK_KEEP_BUDGET,False,2014-11-03,,2013-11-07,242,0.0,1.0,0.5,0.0,0.028537635367053005
2014-11-25,0.5,0.5,0.0,0.004492318275717223,,,,NO_VIEW_ZERO_OR_INVALID_RISK_KEEP_BUDGET,False,2014-11-03,,2013-11-07,242,0.0,1.0,0.5,0.0,0.010358445010357764
2014-11-26,0.5,0.5,0.0,0.004492318275717223,,,,NO_VIEW_ZERO_OR_INVALID_RISK_KEEP_BUDGET,False,2014-11-03,,2013-11-07,242,0.0,1.0,0.5,0.0,0.010984551071432147
2014-11-27,0.5,0.5,0.0,0.004492318275717223,,,,NO_VIEW_ZERO_OR_INVALID_RISK_KEEP_BUDGET,False,2014-11-03,,2013-11-07,242,0.0,1.0,0.5,0.0,0.009054334756970928
2014-11-28,0.5,0.5,0.0,0.004492318275717223,,,,NO_VIEW_ZERO_OR_INVALID_RISK_KEEP_BUDGET,False,2014-11-03,,2013-11-07,242,0.0,1.0,0.5,0.0,0.023688956020550433
2014-12-01,0.5,0.5,0.0,0.005509549787344483,,,,NO_VIEW_ZERO_OR_INVALID_RISK_KEEP_BUDGET,True,2014-12-01,,2013-12-05,242,0.0,1.0,0.5,0.0,0.0010518534188281858
2014-12-02,0.5,0.5,0.0,0.005509549787344483,,,,NO_VIEW_ZERO_OR_INVALID_RISK_KEEP_BUDGET,False,2014-12-01,,2013-12-05,242,0.0,1.0,0.5,0.0,0.03957818166349969
2014-12-03,0.5,0.5,0.0,0.005509549787344483,,,,NO_VIEW_ZERO_OR_INVALID_RISK_KEEP_BUDGET,False,2014-12-01,,2013-12-05,242,0.0,1.0,0.5,0.0,0.010781277296658898
2014-12-04,0.5,0.5,0.0,0.005509549787344483,,,,NO_VIEW_ZERO_OR_INVALID_RISK_KEEP_BUDGET,False,2014-12-01,,2013-12-05,242,0.0,1.0,0.5,0.0,0.06066447410734077
2014-12-05,0.5,0.5,0.0,0.005509549787344483,,,,NO_VIEW_ZERO_OR_INVALID_RISK_KEEP_BUDGET,False,2014-12-01,,2013-12-05,242,0.0,1.0,0.5,0.0,-0.005970883907568614
2014-12-08,0.5,0.5,0.0,0.005509549787344483,,,,NO_VIEW_ZERO_OR_INVALID_RISK_KEEP_BUDGET,False,2014-12-01,,2013-12-05,242,0.0,1.0,0.5,0.0,0.04805399609251282
2014-12-09,0.5,0.5,0.0,0.005509549787344483,,,,NO_VIEW_ZERO_OR_INVALID_RISK_KEEP_BUDGET,False,2014-12-01,,2013-12-05,242,0.0,1.0,0.5,0.0,-0.05520181436585969
2014-12-10,0.5,0.5,0.0,0.005509549787344483,,,,NO_VIEW_ZERO_OR_INVALID_RISK_KEEP_BUDGET,False,2014-12-01,,2013-12-05,242,0.0,1.0,0.5,0.0,0.036077933643461346
2014-12-11,0.5,0.5,0.0,0.005509549787344483,,,,NO_VIEW_ZERO_OR_INVALID_RISK_KEEP_BUDGET,False,2014-12-01,,2013-12-05,242,0.0,1.0,0.5,0.0,-0.0107854639638012
2014-12-12,0.5,0.5,0.0,0.005509549787344483,,,,NO_VIEW_ZERO_OR_INVALID_RISK_KEEP_BUDGET,False,2014-12-01,,2013-12-05,242,0.0,1.0,0.5,0.0,0.0031151595738398985
2014-12-15,0.5,0.5,0.0,0.005509549787344483,,,,NO_VIEW_ZERO_OR_INVALID_RISK_KEEP_BUDGET,False,2014-12-01,,2013-12-05,242,0.0,1.0,0.5,0.0,0.011490296316630344
2014-12-16,0.5,0.5,0.0,0.005509549787344483,,,,NO_VIEW_ZERO_OR_INVALID_RISK_KEEP_BUDGET,False,2014-12-01,,2013-12-05,242,0.0,1.0,0.5,0.0,0.02333357998332075
2014-12-17,0.5,0.5,0.0,0.005509549787344483,,,,NO_VIEW_ZERO_OR_INVALID_RISK_KEEP_BUDGET,False,2014-12-01,,2013-12-05,242,0.0,1.0,0.5,0.0,0.01710115384640809
2014-12-18,0.5,0.5,0.0,0.005509549787344483,,,,NO_VIEW_ZERO_OR_INVALID_RISK_KEEP_BUDGET,False,2014-12-01,,2013-12-05,242,0.0,1.0,0.5,0.0,-0.0011799032644288499
2014-12-19,0.5,0.5,0.0,0.005509549787344483,,,,NO_VIEW_ZERO_OR_INVALID_RISK_KEEP_BUDGET,False,2014-12-01,,2013-12-05,242,0.0,1.0,0.5,0.0,0.014766213508883519
2014-12-22,0.5,0.5,0.0,0.005509549787344483,,,,NO_VIEW_ZERO_OR_INVALID_RISK_KEEP_BUDGET,False,2014-12-01,,2013-12-05,242,0.0,1.0,0.5,0.0,-0.006984645714361859
2014-12-23,0.5,0.5,0.0,0.005509549787344483,,,,NO_VIEW_ZERO_OR_INVALID_RISK_KEEP_BUDGET,False,2014-12-01,,2013-12-05,242,0.0,1.0,0.5,0.0,-0.020222100637342533
2014-12-24,0.5,0.5,0.0,0.005509549787344483,,,,NO_VIEW_ZERO_OR_INVALID_RISK_KEEP_BUDGET,False,2014-12-01,,2013-12-05,242,0.0,1.0,0.5,0.0,-0.02781842169516202
2014-12-25,0.5,0.5,0.0,0.005509549787344483,,,,NO_VIEW_ZERO_OR_INVALID_RISK_KEEP_BUDGET,False,2014-12-01,,2013-12-05,242,0.0,1.0,0.5,0.0,0.036306481043252514
2014-12-26,0.5,0.5,0.0,0.005509549787344483,,,,NO_VIEW_ZERO_OR_INVALID_RISK_KEEP_BUDGET,False,2014-12-01,,2013-12-05,242,0.0,1.0,0.5,0.0,0.03889423480039267
2014-12-29,0.5,0.5,0.0,0.005509549787344483,,,,NO_VIEW_ZERO_OR_INVALID_RISK_KEEP_BUDGET,False,2014-12-01,,2013-12-05,242,0.0,1.0,0.5,0.0,-0.0048583804571298295
2014-12-30,0.5,0.5,0.0,0.005509549787344483,,,,NO_VIEW_ZERO_OR_INVALID_RISK_KEEP_BUDGET,False,2014-12-01,,2013-12-05,242,0.0,1.0,0.5,0.0,0.0
2014-12-31,0.5,0.5,0.0,0.005509549787344483,,,,NO_VIEW_ZERO_OR_INVALID_RISK_KEEP_BUDGET,False,2014-12-01,,2013-12-05,242,0.0,1.0,0.5,0.0,0.02699513871142467
2015-01-05,0.5,0.5,0.0,0.010370644389596513,,,,NO_VIEW_ZERO_OR_INVALID_RISK_KEEP_BUDGET,True,2015-01-05,,2014-01-08,242,0.0,1.0,0.5,0.0,0.031878228057484304
2015-01-06,0.5,0.5,0.0,0.010370644389596513,,,,NO_VIEW_ZERO_OR_INVALID_RISK_KEEP_BUDGET,False,2015-01-05,,2014-01-08,242,0.0,1.0,0.5,0.0,-0.006774868677528856
2015-01-07,0.5,0.5,0.0,0.010370644389596513,,,,NO_VIEW_ZERO_OR_INVALID_RISK_KEEP_BUDGET,False,2015-01-05,,2014-01-08,242,0.0,1.0,0.5,0.0,-0.00027284322411413875
2015-01-08,0.5,0.5,0.0,0.010370644389596513,,,,NO_VIEW_ZERO_OR_INVALID_RISK_KEEP_BUDGET,False,2015-01-05,,2014-01-08,242,0.0,1.0,0.5,0.0,-0.021833415028475467
2015-01-09,0.5,0.5,0.0,0.010370644389596513,,,,NO_VIEW_ZERO_OR_INVALID_RISK_KEEP_BUDGET,False,2015-01-05,,2014-01-08,242,0.0,1.0,0.5,0.0,-0.007254244822175071
2015-01-12,0.5,0.5,0.0,0.010370644389596513,,,,NO_VIEW_ZERO_OR_INVALID_RISK_KEEP_BUDGET,False,2015-01-05,,2014-01-08,242,0.0,1.0,0.5,0.0,-0.0030915302962568614
2015-01-13,0.5,0.5,0.0,0.010370644389596513,,,,NO_VIEW_ZERO_OR_INVALID_RISK_KEEP_BUDGET,False,2015-01-05,,2014-01-08,242,0.0,1.0,0.5,0.0,-0.0019734384058739396
2015-01-14,0.5,0.5,0.0,0.010370644389596513,,,,NO_VIEW_ZERO_OR_INVALID_RISK_KEEP_BUDGET,False,2015-01-05,,2014-01-08,242,0.0,1.0,0.5,0.0,-0.0022598177893573546
2015-01-15,0.5,0.5,0.0,0.010370644389596513,,,,NO_VIEW_ZERO_OR_INVALID_RISK_KEEP_BUDGET,False,2015-01-05,,2014-01-08,242,0.0,1.0,0.5,0.0,0.0283117016540122
2015-01-16,0.5,0.5,0.0,0.010370644389596513,,,,NO_VIEW_ZERO_OR_INVALID_RISK_KEEP_BUDGET,False,2015-01-05,,2014-01-08,242,0.0,1.0,0.5,0.0,0.008810309670415517
2015-01-19,0.5,0.5,0.0,0.010370644389596513,,,,NO_VIEW_ZERO_OR_INVALID_RISK_KEEP_BUDGET,False,2015-01-05,,2014-01-08,242,0.0,0.0,0.0,0.0,-0.09988787375527508
2015-01-20,0.5,0.5,0.0,0.010370644389596513,,,,NO_VIEW_ZERO_OR_INVALID_RISK_KEEP_BUDGET,False,2015-01-05,,2014-01-08,242,0.0,0.0,0.0,0.0,0.014049992904445752
2015-01-21,0.5,0.5,0.0,0.010370644389596513,,,,NO_VIEW_ZERO_OR_INVALID_RISK_KEEP_BUDGET,False,2015-01-05,,2014-01-08,242,0.0,0.0,0.0,0.0,0.0
2015-01-22,0.5,0.5,0.0,0.010370644389596513,,,,NO_VIEW_ZERO_OR_INVALID_RISK_KEEP_BUDGET,False,2015-01-05,,2014-01-08,242,0.0,0.0,0.0,0.0,0.0
2015-01-23,0.5,0.5,0.0,0.010370644389596513,,,,NO_VIEW_ZERO_OR_INVALID_RISK_KEEP_BUDGET,False,2015-01-05,,2014-01-08,242,0.0,0.0,0.0,0.0,0.0
2015-01-26,0.5,0.5,0.0,0.010370644389596513,,,,NO_VIEW_ZERO_OR_INVALID_RISK_KEEP_BUDGET,False,2015-01-05,,2014-01-08,242,0.0,0.0,0.0,0.0,0.0
2015-01-27,0.5,0.5,0.0,0.010370644389596513,,,,NO_VIEW_ZERO_OR_INVALID_RISK_KEEP_BUDGET,False,2015-01-05,,2014-01-08,242,0.0,0.0,0.0,0.0,0.0
2015-01-28,0.5,0.5,0.0,0.010370644389596513,,,,NO_VIEW_ZERO_OR_INVALID_RISK_KEEP_BUDGET,False,2015-01-05,,2014-01-08,242,0.0,0.0,0.0,0.0,0.0
2015-01-29,0.5,0.5,0.0,0.010370644389596513,,,,NO_VIEW_ZERO_OR_INVALID_RISK_KEEP_BUDGET,False,2015-01-05,,2014-01-08,242,0.0,0.0,0.0,0.0,0.0
2015-01-30,0.5,0.5,0.0,0.010370644389596513,,,,NO_VIEW_ZERO_OR_INVALID_RISK_KEEP_BUDGET,False,2015-01-05,,2014-01-08,242,0.0,0.0,0.0,0.0,0.0
2015-02-02,0.5,0.5,0.0,0.012530634715641524,,,,NO_VIEW_ZERO_OR_INVALID_RISK_KEEP_BUDGET,True,2015-02-02,,2014-02-12,242,0.0,0.0,0.0,0.0,0.0
2015-02-03,0.5,0.5,0.0,0.012530634715641524,,,,NO_VIEW_ZERO_OR_INVALID_RISK_KEEP_BUDGET,False,2015-02-02,,2014-02-12,242,0.0,0.0,0.0,0.0,0.0
2015-02-04,0.5,0.5,0.0,0.012530634715641524,,,,NO_VIEW_ZERO_OR_INVALID_RISK_KEEP_BUDGET,False,2015-02-02,,2014-02-12,242,0.0,0.0,0.0,0.0,0.0
2015-02-05,0.5,0.5,0.0,0.012530634715641524,,,,NO_VIEW_ZERO_OR_INVALID_RISK_KEEP_BUDGET,False,2015-02-02,,2014-02-12,242,0.0,0.0,0.0,0.0,0.0
2015-02-06,0.5,0.5,0.0,0.012530634715641524,,,,NO_VIEW_ZERO_OR_INVALID_RISK_KEEP_BUDGET,False,2015-02-02,,2014-02-12,242,0.0,0.0,0.0,0.0,0.0
2015-02-09,0.5,0.5,0.0,0.012530634715641524,,,,NO_VIEW_ZERO_OR_INVALID_RISK_KEEP_BUDGET,False,2015-02-02,,2014-02-12,242,0.0,0.0,0.0,0.0,0.0
2015-02-10,0.5,0.5,0.0,0.012530634715641524,,,,NO_VIEW_ZERO_OR_INVALID_RISK_KEEP_BUDGET,False,2015-02-02,,2014-02-12,242,0.0,1.0,0.5,0.0,0.0
2015-02-11,0.5,0.5,0.0,0.012530634715641524,,,,NO_VIEW_ZERO_OR_INVALID_RISK_KEEP_BUDGET,False,2015-02-02,,2014-02-12,242,0.0,1.0,0.5,0.0,0.004494759765719669
2015-02-12,0.5,0.5,0.0,0.012530634715641524,,,,NO_VIEW_ZERO_OR_INVALID_RISK_KEEP_BUDGET,False,2015-02-02,,2014-02-12,242,0.0,1.0,0.5,0.0,0.004089370207905896
2015-02-13,0.5,0.5,0.0,0.012530634715641524,,,,NO_VIEW_ZERO_OR_INVALID_RISK_KEEP_BUDGET,False,2015-02-02,,2014-02-12,242,0.0,1.0,0.5,0.0,0.006399981291029366
2015-02-16,0.5,0.5,0.0,0.012530634715641524,,,,NO_VIEW_ZERO_OR_INVALID_RISK_KEEP_BUDGET,False,2015-02-02,,2014-02-12,242,0.0,1.0,0.5,0.0,0.008382689915908514
2015-02-17,0.5,0.5,0.0,0.012530634715641524,,,,NO_VIEW_ZERO_OR_INVALID_RISK_KEEP_BUDGET,False,2015-02-02,,2014-02-12,242,0.0,1.0,0.5,0.0,0.008886315236708686
2015-02-25,0.5,0.5,0.0,0.012530634715641524,,,,NO_VIEW_ZERO_OR_INVALID_RISK_KEEP_BUDGET,False,2015-02-02,,2014-02-12,242,0.0,1.0,0.5,0.0,-0.015343044699792752
2015-02-26,0.5,0.5,0.0,0.012530634715641524,,,,NO_VIEW_ZERO_OR_INVALID_RISK_KEEP_BUDGET,False,2015-02-02,,2014-02-12,242,0.0,1.0,0.5,0.0,0.029721454720893714
2015-02-27,0.5,0.5,0.0,0.012530634715641524,,,,NO_VIEW_ZERO_OR_INVALID_RISK_KEEP_BUDGET,False,2015-02-02,,2014-02-12,242,0.0,1.0,0.5,0.0,-0.0019616029951683434
2015-03-02,0.5,0.5,0.0,0.012738249769374207,,,,NO_VIEW_ZERO_OR_INVALID_RISK_KEEP_BUDGET,True,2015-03-02,,2014-03-05,242,0.0,1.0,0.5,0.0,0.007861833777358163
2015-03-03,0.5,0.5,0.0,0.012738249769374207,,,,NO_VIEW_ZERO_OR_INVALID_RISK_KEEP_BUDGET,False,2015-03-02,,2014-03-05,242,0.0,1.0,0.5,0.0,-0.027301776194485594
2015-03-04,0.5,0.5,0.0,0.012738249769374207,,,,NO_VIEW_ZERO_OR_INVALID_RISK_KEEP_BUDGET,False,2015-03-02,,2014-03-05,242,0.0,1.0,0.5,0.0,0.008305861817589744
2015-03-05,0.5,0.5,0.0,0.012738249769374207,,,,NO_VIEW_ZERO_OR_INVALID_RISK_KEEP_BUDGET,False,2015-03-02,,2014-03-05,242,0.0,1.0,0.5,0.0,-0.008521492506543549
2015-03-06,0.5,0.5,0.0,0.012738249769374207,,,,NO_VIEW_ZERO_OR_INVALID_RISK_KEEP_BUDGET,False,2015-03-02,,2014-03-05,242,0.0,1.0,0.5,0.0,-0.006302803800151691
2015-03-09,0.5,0.5,0.0,0.012738249769374207,,,,NO_VIEW_ZERO_OR_INVALID_RISK_KEEP_BUDGET,False,2015-03-02,,2014-03-05,242,0.0,1.0,0.5,0.0,0.01960495977910326
2015-03-10,0.5,0.5,0.0,0.012738249769374207,,,,NO_VIEW_ZERO_OR_INVALID_RISK_KEEP_BUDGET,False,2015-03-02,,2014-03-05,242,0.0,1.0,0.5,0.0,-0.007069116065012482
2015-03-11,0.5,0.5,0.0,0.012738249769374207,,,,NO_VIEW_ZERO_OR_INVALID_RISK_KEEP_BUDGET,False,2015-03-02,,2014-03-05,242,0.0,1.0,0.5,0.0,0.001423888848536503
2015-03-12,0.5,0.5,0.0,0.012738249769374207,,,,NO_VIEW_ZERO_OR_INVALID_RISK_KEEP_BUDGET,False,2015-03-02,,2014-03-05,242,0.0,1.0,0.5,0.0,0.018199862679752377
2015-03-13,0.5,0.5,0.0,0.012738249769374207,,,,NO_VIEW_ZERO_OR_INVALID_RISK_KEEP_BUDGET,False,2015-03-02,,2014-03-05,242,0.0,1.0,0.5,0.0,0.00558579636070089
2015-03-16,0.5,0.5,0.0,0.012738249769374207,,,,NO_VIEW_ZERO_OR_INVALID_RISK_KEEP_BUDGET,False,2015-03-02,,2014-03-05,242,0.0,1.0,0.5,0.0,0.024718720068518607
2015-03-17,0.5,0.5,0.0,0.012738249769374207,,,,NO_VIEW_ZERO_OR_INVALID_RISK_KEEP_BUDGET,False,2015-03-02,,2014-03-05,242,0.0,1.0,0.5,0.0,0.012738818807493946
2015-03-18,0.5,0.5,0.0,0.012738249769374207,,,,NO_VIEW_ZERO_OR_INVALID_RISK_KEEP_BUDGET,False,2015-03-02,,2014-03-05,242,0.0,1.0,0.5,0.0,0.026495312124741544
2015-03-19,0.5,0.5,0.0,0.012738249769374207,,,,NO_VIEW_ZERO_OR_INVALID_RISK_KEEP_BUDGET,False,2015-03-02,,2014-03-05,242,0.0,1.0,0.5,0.0,-0.005214430348395083
2015-03-20,0.5,0.5,0.0,0.012738249769374207,,,,NO_VIEW_ZERO_OR_INVALID_RISK_KEEP_BUDGET,False,2015-03-02,,2014-03-05,242,0.0,1.0,0.5,0.0,0.01415276052466008
2015-03-23,0.5,0.5,0.0,0.012738249769374207,,,,NO_VIEW_ZERO_OR_INVALID_RISK_KEEP_BUDGET,False,2015-03-02,,2014-03-05,242,0.0,1.0,0.5,0.0,0.02015759075863688
2015-03-24,0.5,0.5,0.0,0.012738249769374207,,,,NO_VIEW_ZERO_OR_INVALID_RISK_KEEP_BUDGET,False,2015-03-02,,2014-03-05,242,0.0,1.0,0.5,0.0,-0.0010132969772231881
2015-03-25,0.5,0.5,0.0,0.012738249769374207,,,,NO_VIEW_ZERO_OR_INVALID_RISK_KEEP_BUDGET,False,2015-03-02,,2014-03-05,242,0.0,1.0,0.5,0.0,-0.006085948736797797
2015-03-26,0.5,0.5,0.0,0.012738249769374207,,,,NO_VIEW_ZERO_OR_INVALID_RISK_KEEP_BUDGET,False,2015-03-02,,2014-03-05,242,0.0,1.0,0.5,0.0,0.0007654017881455477
2015-03-27,0.5,0.5,0.0,0.012738249769374207,,,,NO_VIEW_ZERO_OR_INVALID_RISK_KEEP_BUDGET,False,2015-03-02,,2014-03-05,242,0.0,1.0,0.5,0.0,0.007648163963080767
2015-03-30,0.5,0.5,0.0,0.012738249769374207,,,,NO_VIEW_ZERO_OR_INVALID_RISK_KEEP_BUDGET,False,2015-03-02,,2014-03-05,242,0.0,1.0,0.5,0.0,0.03187847682727085
2015-03-31,0.5,0.5,0.0,0.012738249769374207,,,,NO_VIEW_ZERO_OR_INVALID_RISK_KEEP_BUDGET,False,2015-03-02,,2014-03-05,242,0.0,1.0,0.5,0.0,-0.011033441002142097
2015-04-01,0.5,0.5,0.0,0.013505473154245383,,,,NO_VIEW_ZERO_OR_INVALID_RISK_KEEP_BUDGET,True,2015-04-01,,2014-04-04,242,0.0,1.0,0.5,0.0,0.016362919442769908
2015-04-02,0.5,0.5,0.0,0.013505473154245383,,,,NO_VIEW_ZERO_OR_INVALID_RISK_KEEP_BUDGET,False,2015-04-01,,2014-04-04,242,0.0,1.0,0.5,0.0,-0.0014635895335265436
2015-04-03,0.5,0.5,0.0,0.013505473154245383,,,,NO_VIEW_ZERO_OR_INVALID_RISK_KEEP_BUDGET,False,2015-04-01,,2014-04-04,242,0.0,1.0,0.5,0.0,0.016123082443504133
2015-04-07,0.5,0.5,0.0,0.013505473154245383,,,,NO_VIEW_ZERO_OR_INVALID_RISK_KEEP_BUDGET,False,2015-04-01,,2014-04-04,242,0.0,1.0,0.5,0.0,0.017550143921682748
2015-04-08,0.5,0.5,0.0,0.013505473154245383,,,,NO_VIEW_ZERO_OR_INVALID_RISK_KEEP_BUDGET,False,2015-04-01,,2014-04-04,242,0.0,1.0,0.5,0.0,0.008033058305365826
2015-04-09,0.5,0.5,0.0,0.013505473154245383,,,,NO_VIEW_ZERO_OR_INVALID_RISK_KEEP_BUDGET,False,2015-04-01,,2014-04-04,242,0.0,1.0,0.5,0.0,-0.007265891711369932
2015-04-10,0.5,0.5,0.0,0.013505473154245383,,,,NO_VIEW_ZERO_OR_INVALID_RISK_KEEP_BUDGET,False,2015-04-01,,2014-04-04,242,0.0,1.0,0.5,0.0,0.023373808315769296
2015-04-13,0.5,0.5,0.0,0.013505473154245383,,,,NO_VIEW_ZERO_OR_INVALID_RISK_KEEP_BUDGET,False,2015-04-01,,2014-04-04,242,0.0,1.0,0.5,0.0,0.01661087393719418
2015-04-14,0.5,0.5,0.0,0.013505473154245383,,,,NO_VIEW_ZERO_OR_INVALID_RISK_KEEP_BUDGET,False,2015-04-01,,2014-04-04,242,0.0,1.0,0.5,0.0,0.00045387392241336144
2015-04-15,0.5,0.5,0.0,0.013505473154245383,,,,NO_VIEW_ZERO_OR_INVALID_RISK_KEEP_BUDGET,False,2015-04-01,,2014-04-04,242,0.0,1.0,0.5,0.0,-0.008392858265148018
2015-04-16,0.5,0.5,0.0,0.013505473154245383,,,,NO_VIEW_ZERO_OR_INVALID_RISK_KEEP_BUDGET,False,2015-04-01,,2014-04-04,242,0.0,1.0,0.5,0.0,0.03271180859792078
2015-04-17,0.5,0.5,0.0,0.013505473154245383,,,,NO_VIEW_ZERO_OR_INVALID_RISK_KEEP_BUDGET,False,2015-04-01,,2014-04-04,242,0.0,1.0,0.5,0.0,0.017277622412393612
2015-04-20,0.5,0.5,0.0,0.013505473154245383,,,,NO_VIEW_ZERO_OR_INVALID_RISK_KEEP_BUDGET,False,2015-04-01,,2014-04-04,242,0.0,1.0,0.5,0.0,-0.021774584908373695
2015-04-21,0.5,0.5,0.0,0.013505473154245383,,,,NO_VIEW_ZERO_OR_INVALID_RISK_KEEP_BUDGET,False,2015-04-01,,2014-04-04,242,0.0,1.0,0.5,0.0,0.02114630773625681
2015-04-22,0.5,0.5,0.0,0.013505473154245383,,,,NO_VIEW_ZERO_OR_INVALID_RISK_KEEP_BUDGET,False,2015-04-01,,2014-04-04,242,0.0,1.0,0.5,0.0,0.02724789671749961
2015-04-23,0.5,0.5,0.0,0.013505473154245383,,,,NO_VIEW_ZERO_OR_INVALID_RISK_KEEP_BUDGET,False,2015-04-01,,2014-04-04,242,0.0,1.0,0.5,0.0,-0.0010610056951031455
2015-04-24,0.5,0.5,0.0,0.013505473154245383,,,,NO_VIEW_ZERO_OR_INVALID_RISK_KEEP_BUDGET,False,2015-04-01,,2014-04-04,242,0.0,1.0,0.5,0.0,-0.003611250921144449
2015-04-27,0.5,0.5,0.0,0.013505473154245383,,,,NO_VIEW_ZERO_OR_INVALID_RISK_KEEP_BUDGET,False,2015-04-01,,2014-04-04,242,0.0,1.0,0.5,0.0,0.02068005376621329
2015-04-28,0.5,0.5,0.0,0.013505473154245383,,,,NO_VIEW_ZERO_OR_INVALID_RISK_KEEP_BUDGET,False,2015-04-01,,2014-04-04,242,0.0,1.0,0.5,0.0,-0.012950364462552488
2015-04-29,0.5,0.5,0.0,0.013505473154245383,,,,NO_VIEW_ZERO_OR_INVALID_RISK_KEEP_BUDGET,False,2015-04-01,,2014-04-04,242,0.0,1.0,0.5,0.0,0.005502051573595068
2015-04-30,0.5,0.5,0.0,0.013505473154245383,,,,NO_VIEW_ZERO_OR_INVALID_RISK_KEEP_BUDGET,False,2015-04-01,,2014-04-04,242,0.0,1.0,0.5,0.0,-0.002104594096889345
2015-05-04,0.5,0.5,0.0,0.014187790618070423,,,,NO_VIEW_ZERO_OR_INVALID_RISK_KEEP_BUDGET,True,2015-05-04,,2014-05-08,242,0.0,1.0,0.5,0.0,0.00548348516241548
2015-05-05,0.5,0.5,0.0,0.014187790618070423,,,,NO_VIEW_ZERO_OR_INVALID_RISK_KEEP_BUDGET,False,2015-05-04,,2014-05-08,242,0.0,1.0,0.5,0.0,-0.03796531064382935
2015-05-06,0.5,0.5,0.0,0.014187790618070423,,,,NO_VIEW_ZERO_OR_INVALID_RISK_KEEP_BUDGET,False,2015-05-04,,2014-05-08,242,0.0,1.0,0.5,0.0,-0.010465473636677936
2015-05-07,0.5,0.5,0.0,0.014187790618070423,,,,NO_VIEW_ZERO_OR_INVALID_RISK_KEEP_BUDGET,False,2015-05-04,,2014-05-08,242,0.0,1.0,0.5,0.0,-0.017406593606862586
2015-05-08,0.5,0.5,0.0,0.014187790618070423,,,,NO_VIEW_ZERO_OR_INVALID_RISK_KEEP_BUDGET,False,2015-05-04,,2014-05-08,242,0.0,1.0,0.5,0.0,0.015472551747849117
2015-05-11,0.5,0.5,0.0,0.014187790618070423,,,,NO_VIEW_ZERO_OR_INVALID_RISK_KEEP_BUDGET,False,2015-05-04,,2014-05-08,242,0.0,1.0,0.5,0.0,0.03290265416098981
2015-05-12,0.5,0.5,0.0,0.014187790618070423,,,,NO_VIEW_ZERO_OR_INVALID_RISK_KEEP_BUDGET,False,2015-05-04,,2014-05-08,242,0.0,1.0,0.5,0.0,0.011544603739319648
2015-05-13,0.5,0.5,0.0,0.014187790618070423,,,,NO_VIEW_ZERO_OR_INVALID_RISK_KEEP_BUDGET,False,2015-05-04,,2014-05-08,242,0.0,1.0,0.5,0.0,-0.00929935676903526
2015-05-14,0.5,0.5,0.0,0.014187790618070423,,,,NO_VIEW_ZERO_OR_INVALID_RISK_KEEP_BUDGET,False,2015-05-04,,2014-05-08,242,0.0,0.0,0.0,0.0,-0.0023466616360281467
2015-05-15,0.5,0.5,0.0,0.014187790618070423,,,,NO_VIEW_ZERO_OR_INVALID_RISK_KEEP_BUDGET,False,2015-05-04,,2014-05-08,242,0.0,0.0,0.0,0.0,-0.002124019813143363
2015-05-18,0.5,0.5,0.0,0.014187790618070423,,,,NO_VIEW_ZERO_OR_INVALID_RISK_KEEP_BUDGET,False,2015-05-04,,2014-05-08,242,0.0,0.0,0.0,0.0,0.0
2015-05-19,0.5,0.5,0.0,0.014187790618070423,,,,NO_VIEW_ZERO_OR_INVALID_RISK_KEEP_BUDGET,False,2015-05-04,,2014-05-08,242,0.0,0.0,0.0,0.0,0.0
2015-05-20,0.5,0.5,0.0,0.014187790618070423,,,,NO_VIEW_ZERO_OR_INVALID_RISK_KEEP_BUDGET,False,2015-05-04,,2014-05-08,242,0.0,0.0,0.0,0.0,0.0
2015-05-21,0.5,0.5,0.0,0.014187790618070423,,,,NO_VIEW_ZERO_OR_INVALID_RISK_KEEP_BUDGET,False,2015-05-04,,2014-05-08,242,0.0,0.0,0.0,0.0,0.0
2015-05-22,0.5,0.5,0.0,0.014187790618070423,,,,NO_VIEW_ZERO_OR_INVALID_RISK_KEEP_BUDGET,False,2015-05-04,,2014-05-08,242,0.0,0.0,0.0,0.0,0.0
2015-05-25,0.5,0.5,0.0,0.014187790618070423,,,,NO_VIEW_ZERO_OR_INVALID_RISK_KEEP_BUDGET,False,2015-05-04,,2014-05-08,242,0.0,0.0,0.0,0.0,0.0
2015-05-26,0.5,0.5,0.0,0.014187790618070423,,,,NO_VIEW_ZERO_OR_INVALID_RISK_KEEP_BUDGET,False,2015-05-04,,2014-05-08,242,0.0,0.0,0.0,0.0,0.0
2015-05-27,0.5,0.5,0.0,0.014187790618070423,,,,NO_VIEW_ZERO_OR_INVALID_RISK_KEEP_BUDGET,False,2015-05-04,,2014-05-08,242,0.0,0.0,0.0,0.0,0.0
2015-05-28,0.5,0.5,0.0,0.014187790618070423,,,,NO_VIEW_ZERO_OR_INVALID_RISK_KEEP_BUDGET,False,2015-05-04,,2014-05-08,242,0.0,0.0,0.0,0.0,0.0
2015-05-29,0.5,0.5,0.0,0.014187790618070423,,,,NO_VIEW_ZERO_OR_INVALID_RISK_KEEP_BUDGET,False,2015-05-04,,2014-05-08,242,0.0,0.0,0.0,0.0,0.0
2015-06-01,0.5,0.5,0.0,0.014692170253160886,,,,NO_VIEW_ZERO_OR_INVALID_RISK_KEEP_BUDGET,True,2015-06-01,,2014-06-06,242,0.0,0.0,0.0,0.0,0.0
2015-06-02,0.5,0.5,0.0,0.014692170253160886,,,,NO_VIEW_ZERO_OR_INVALID_RISK_KEEP_BUDGET,False,2015-06-01,,2014-06-06,242,0.0,1.0,0.5,0.0,0.0
2015-06-03,0.5,0.5,0.0,0.014692170253160886,,,,NO_VIEW_ZERO_OR_INVALID_RISK_KEEP_BUDGET,False,2015-06-01,,2014-06-06,242,0.0,1.0,0.5,0.0,-0.00910516935403427
2015-06-04,0.5,0.5,0.0,0.014692170253160886,,,,NO_VIEW_ZERO_OR_INVALID_RISK_KEEP_BUDGET,False,2015-06-01,,2014-06-06,242,0.0,1.0,0.5,0.0,0.011331746707580193
2015-06-05,0.5,0.5,0.0,0.014692170253160886,,,,NO_VIEW_ZERO_OR_INVALID_RISK_KEEP_BUDGET,False,2015-06-01,,2014-06-06,242,0.0,1.0,0.5,0.0,0.0015454864844908212
2015-06-08,0.5,0.5,0.0,0.014692170253160886,,,,NO_VIEW_ZERO_OR_INVALID_RISK_KEEP_BUDGET,False,2015-06-01,,2014-06-06,242,0.0,1.0,0.5,0.0,0.024496738562929554
2015-06-09,0.5,0.5,0.0,0.014692170253160886,,,,NO_VIEW_ZERO_OR_INVALID_RISK_KEEP_BUDGET,False,2015-06-01,,2014-06-06,242,0.0,1.0,0.5,0.0,-0.008095849417823153
2015-06-10,0.5,0.5,0.0,0.014692170253160886,,,,NO_VIEW_ZERO_OR_INVALID_RISK_KEEP_BUDGET,False,2015-06-01,,2014-06-06,242,0.0,1.0,0.5,0.0,-0.0009490612966275291
2015-06-11,0.5,0.5,0.0,0.014692170253160886,,,,NO_VIEW_ZERO_OR_INVALID_RISK_KEEP_BUDGET,False,2015-06-01,,2014-06-06,242,0.0,1.0,0.5,0.0,0.00018999257392415814
2015-06-12,0.5,0.5,0.0,0.014692170253160886,,,,NO_VIEW_ZERO_OR_INVALID_RISK_KEEP_BUDGET,False,2015-06-01,,2014-06-06,242,0.0,1.0,0.5,0.0,0.007408302860509641
2015-06-15,0.5,0.5,0.0,0.014692170253160886,,,,NO_VIEW_ZERO_OR_INVALID_RISK_KEEP_BUDGET,False,2015-06-01,,2014-06-06,242,0.0,1.0,0.5,0.0,-0.02394706629780252
2015-06-16,0.5,0.5,0.0,0.014692170253160886,,,,NO_VIEW_ZERO_OR_INVALID_RISK_KEEP_BUDGET,False,2015-06-01,,2014-06-06,242,0.0,1.0,0.5,0.0,-0.02627327023634507
2015-06-17,0.5,0.5,0.0,0.014692170253160886,,,,NO_VIEW_ZERO_OR_INVALID_RISK_KEEP_BUDGET,False,2015-06-01,,2014-06-06,242,0.0,1.0,0.5,0.0,0.01487987887075759
2015-06-18,0.5,0.5,0.0,0.014692170253160886,,,,NO_VIEW_ZERO_OR_INVALID_RISK_KEEP_BUDGET,False,2015-06-01,,2014-06-06,242,0.0,1.0,0.5,0.0,-0.03929339442417756
2015-06-19,0.5,0.5,0.0,0.014692170253160886,,,,NO_VIEW_ZERO_OR_INVALID_RISK_KEEP_BUDGET,False,2015-06-01,,2014-06-06,242,0.0,0.0,0.0,0.0,-0.06226645486699289
2015-06-23,0.5,0.5,0.0,0.014692170253160886,,,,NO_VIEW_ZERO_OR_INVALID_RISK_KEEP_BUDGET,False,2015-06-01,,2014-06-06,242,1.0,0.0,0.5,0.0,0.0019697664433069306
2015-06-24,0.5,0.5,0.0,0.014692170253160886,,,,NO_VIEW_ZERO_OR_INVALID_RISK_KEEP_BUDGET,False,2015-06-01,,2014-06-06,242,1.0,0.0,0.5,0.016062237842110916,0.0
2015-06-25,0.5,0.5,0.0,0.014692170253160886,,,,NO_VIEW_ZERO_OR_INVALID_RISK_KEEP_BUDGET,False,2015-06-01,,2014-06-06,242,1.0,0.0,0.5,-0.0359086951402261,0.0
2015-06-26,0.5,0.5,0.0,0.014692170253160886,,,,NO_VIEW_ZERO_OR_INVALID_RISK_KEEP_BUDGET,False,2015-06-01,,2014-06-06,242,0.0,0.0,0.0,-0.07449231200243778,0.0
2015-06-29,0.5,0.5,0.0,0.014692170253160886,,,,NO_VIEW_ZERO_OR_INVALID_RISK_KEEP_BUDGET,False,2015-06-01,,2014-06-06,242,0.0,0.0,0.0,0.021412581734087777,0.0
2015-06-30,0.5,0.5,0.0,0.014692170253160886,,,,NO_VIEW_ZERO_OR_INVALID_RISK_KEEP_BUDGET,False,2015-06-01,,2014-06-06,242,0.0,0.0,0.0,0.0,0.0
2015-07-01,0.8909150641960759,0.10908493580392409,0.005590840509764515,0.015829265408410193,6.585041245572761e-07,0.00028050613272640064,0.8909150641960759,MIN_VARIANCE_BUDGET_AVAILABLE,True,2015-07-01,2015-07-01,2014-07-07,242,0.0,0.0,0.0,0.0,0.0
2015-07-02,0.8909150641960759,0.10908493580392409,0.005590840509764515,0.015829265408410193,6.585041245572761e-07,0.00028050613272640064,0.8909150641960759,MIN_VARIANCE_BUDGET_AVAILABLE,False,2015-07-01,2015-07-01,2014-07-07,242,0.0,0.0,0.0,0.0,0.0
2015-07-03,0.8909150641960759,0.10908493580392409,0.005590840509764515,0.015829265408410193,6.585041245572761e-07,0.00028050613272640064,0.8909150641960759,MIN_VARIANCE_BUDGET_AVAILABLE,False,2015-07-01,2015-07-01,2014-07-07,242,0.0,0.0,0.0,0.0,0.0
2015-07-06,0.8909150641960759,0.10908493580392409,0.005590840509764515,0.015829265408410193,6.585041245572761e-07,0.00028050613272640064,0.8909150641960759,MIN_VARIANCE_BUDGET_AVAILABLE,False,2015-07-01,2015-07-01,2014-07-07,242,0.0,0.0,0.0,0.0,0.0
2015-07-07,0.8909150641960759,0.10908493580392409,0.005590840509764515,0.015829265408410193,6.585041245572761e-07,0.00028050613272640064,0.8909150641960759,MIN_VARIANCE_BUDGET_AVAILABLE,False,2015-07-01,2015-07-01,2014-07-07,242,0.0,0.0,0.0,0.0,0.0
2015-07-08,0.8909150641960759,0.10908493580392409,0.005590840509764515,0.015829265408410193,6.585041245572761e-07,0.00028050613272640064,0.8909150641960759,MIN_VARIANCE_BUDGET_AVAILABLE,False,2015-07-01,2015-07-01,2014-07-07,242,0.0,0.0,0.0,0.0,0.0
2015-07-09,0.8909150641960759,0.10908493580392409,0.005590840509764515,0.015829265408410193,6.585041245572761e-07,0.00028050613272640064,0.8909150641960759,MIN_VARIANCE_BUDGET_AVAILABLE,False,2015-07-01,2015-07-01,2014-07-07,242,1.0,0.0,0.8909150641960759,0.0,0.0
2015-07-10,0.8909150641960759,0.10908493580392409,0.005590840509764515,0.015829265408410193,6.585041245572761e-07,0.00028050613272640064,0.8909150641960759,MIN_VARIANCE_BUDGET_AVAILABLE,False,2015-07-01,2015-07-01,2014-07-07,242,0.0,0.0,0.0,0.06501688480086254,0.0
2015-07-13,0.8909150641960759,0.10908493580392409,0.005590840509764515,0.015829265408410193,6.585041245572761e-07,0.00028050613272640064,0.8909150641960759,MIN_VARIANCE_BUDGET_AVAILABLE,False,2015-07-01,2015-07-01,2014-07-07,242,0.0,0.0,0.0,-0.010204916970757205,0.0
2015-07-14,0.8909150641960759,0.10908493580392409,0.005590840509764515,0.015829265408410193,6.585041245572761e-07,0.00028050613272640064,0.8909150641960759,MIN_VARIANCE_BUDGET_AVAILABLE,False,2015-07-01,2015-07-01,2014-07-07,242,0.0,0.0,0.0,0.0,0.0
2015-07-15,0.8909150641960759,0.10908493580392409,0.005590840509764515,0.015829265408410193,6.585041245572761e-07,0.00028050613272640064,0.8909150641960759,MIN_VARIANCE_BUDGET_AVAILABLE,False,2015-07-01,2015-07-01,2014-07-07,242,0.0,0.0,0.0,0.0,0.0
2015-07-16,0.8909150641960759,0.10908493580392409,0.005590840509764515,0.015829265408410193,6.585041245572761e-07,0.00028050613272640064,0.8909150641960759,MIN_VARIANCE_BUDGET_AVAILABLE,False,2015-07-01,2015-07-01,2014-07-07,242,0.0,0.0,0.0,0.0,0.0
2015-07-17,0.8909150641960759,0.10908493580392409,0.005590840509764515,0.015829265408410193,6.585041245572761e-07,0.00028050613272640064,0.8909150641960759,MIN_VARIANCE_BUDGET_AVAILABLE,False,2015-07-01,2015-07-01,2014-07-07,242,0.0,0.0,0.0,0.0,0.0
2015-07-20,0.8909150641960759,0.10908493580392409,0.005590840509764515,0.015829265408410193,6.585041245572761e-07,0.00028050613272640064,0.8909150641960759,MIN_VARIANCE_BUDGET_AVAILABLE,False,2015-07-01,2015-07-01,2014-07-07,242,0.0,0.0,0.0,0.0,0.0
2015-07-21,0.8909150641960759,0.10908493580392409,0.005590840509764515,0.015829265408410193,6.585041245572761e-07,0.00028050613272640064,0.8909150641960759,MIN_VARIANCE_BUDGET_AVAILABLE,False,2015-07-01,2015-07-01,2014-07-07,242,0.0,0.0,0.0,0.0,0.0
2015-07-22,0.8909150641960759,0.10908493580392409,0.005590840509764515,0.015829265408410193,6.585041245572761e-07,0.00028050613272640064,0.8909150641960759,MIN_VARIANCE_BUDGET_AVAILABLE,False,2015-07-01,2015-07-01,2014-07-07,242,0.0,0.0,0.0,0.0,0.0
2015-07-23,0.8909150641960759,0.10908493580392409,0.005590840509764515,0.015829265408410193,6.585041245572761e-07,0.00028050613272640064,0.8909150641960759,MIN_VARIANCE_BUDGET_AVAILABLE,False,2015-07-01,2015-07-01,2014-07-07,242,0.0,0.0,0.0,0.0,0.0
2015-07-24,0.8909150641960759,0.10908493580392409,0.005590840509764515,0.015829265408410193,6.585041245572761e-07,0.00028050613272640064,0.8909150641960759,MIN_VARIANCE_BUDGET_AVAILABLE,False,2015-07-01,2015-07-01,2014-07-07,242,0.0,0.0,0.0,0.0,0.0
2015-07-27,0.8909150641960759,0.10908493580392409,0.005590840509764515,0.015829265408410193,6.585041245572761e-07,0.00028050613272640064,0.8909150641960759,MIN_VARIANCE_BUDGET_AVAILABLE,False,2015-07-01,2015-07-01,2014-07-07,242,0.0,0.0,0.0,0.0,0.0
2015-07-28,0.8909150641960759,0.10908493580392409,0.005590840509764515,0.015829265408410193,6.585041245572761e-07,0.00028050613272640064,0.8909150641960759,MIN_VARIANCE_BUDGET_AVAILABLE,False,2015-07-01,2015-07-01,2014-07-07,242,0.0,0.0,0.0,0.0,0.0
2015-07-29,0.8909150641960759,0.10908493580392409,0.005590840509764515,0.015829265408410193,6.585041245572761e-07,0.00028050613272640064,0.8909150641960759,MIN_VARIANCE_BUDGET_AVAILABLE,False,2015-07-01,2015-07-01,2014-07-07,242,0.0,0.0,0.0,0.0,0.0
2015-07-30,0.8909150641960759,0.10908493580392409,0.005590840509764515,0.015829265408410193,6.585041245572761e-07,0.00028050613272640064,0.8909150641960759,MIN_VARIANCE_BUDGET_AVAILABLE,False,2015-07-01,2015-07-01,2014-07-07,242,0.0,0.0,0.0,0.0,0.0
2015-07-31,0.8909150641960759,0.10908493580392409,0.005590840509764515,0.015829265408410193,6.585041245572761e-07,0.00028050613272640064,0.8909150641960759,MIN_VARIANCE_BUDGET_AVAILABLE,False,2015-07-01,2015-07-01,2014-07-07,242,0.0,0.0,0.0,0.0,0.0
2015-08-03,0.8341307398516258,0.16586926014837422,0.007022492856462704,0.015727603953285228,1.5934807012140173e-07,0.00029635423589021917,0.8341307398516258,MIN_VARIANCE_BUDGET_AVAILABLE,True,2015-08-03,2015-08-03,2014-08-07,242,0.0,0.0,0.0,0.0,0.0
2015-08-04,0.8341307398516258,0.16586926014837422,0.007022492856462704,0.015727603953285228,1.5934807012140173e-07,0.00029635423589021917,0.8341307398516258,MIN_VARIANCE_BUDGET_AVAILABLE,False,2015-08-03,2015-08-03,2014-08-07,242,0.0,0.0,0.0,0.0,0.0
2015-08-05,0.8341307398516258,0.16586926014837422,0.007022492856462704,0.015727603953285228,1.5934807012140173e-07,0.00029635423589021917,0.8341307398516258,MIN_VARIANCE_BUDGET_AVAILABLE,False,2015-08-03,2015-08-03,2014-08-07,242,0.0,0.0,0.0,0.0,0.0
2015-08-06,0.8341307398516258,0.16586926014837422,0.007022492856462704,0.015727603953285228,1.5934807012140173e-07,0.00029635423589021917,0.8341307398516258,MIN_VARIANCE_BUDGET_AVAILABLE,False,2015-08-03,2015-08-03,2014-08-07,242,0.0,0.0,0.0,0.0,0.0
2015-08-07,0.8341307398516258,0.16586926014837422,0.007022492856462704,0.015727603953285228,1.5934807012140173e-07,0.00029635423589021917,0.8341307398516258,MIN_VARIANCE_BUDGET_AVAILABLE,False,2015-08-03,2015-08-03,2014-08-07,242,0.0,0.0,0.0,0.0,0.0
2015-08-10,0.8341307398516258,0.16586926014837422,0.007022492856462704,0.015727603953285228,1.5934807012140173e-07,0.00029635423589021917,0.8341307398516258,MIN_VARIANCE_BUDGET_AVAILABLE,False,2015-08-03,2015-08-03,2014-08-07,242,0.0,0.0,0.0,0.0,0.0
2015-08-11,0.8341307398516258,0.16586926014837422,0.007022492856462704,0.015727603953285228,1.5934807012140173e-07,0.00029635423589021917,0.8341307398516258,MIN_VARIANCE_BUDGET_AVAILABLE,False,2015-08-03,2015-08-03,2014-08-07,242,0.0,0.0,0.0,0.0,0.0
2015-08-12,0.8341307398516258,0.16586926014837422,0.007022492856462704,0.015727603953285228,1.5934807012140173e-07,0.00029635423589021917,0.8341307398516258,MIN_VARIANCE_BUDGET_AVAILABLE,False,2015-08-03,2015-08-03,2014-08-07,242,0.0,0.0,0.0,0.0,0.0
2015-08-13,0.8341307398516258,0.16586926014837422,0.007022492856462704,0.015727603953285228,1.5934807012140173e-07,0.00029635423589021917,0.8341307398516258,MIN_VARIANCE_BUDGET_AVAILABLE,False,2015-08-03,2015-08-03,2014-08-07,242,0.0,0.0,0.0,0.0,0.0
2015-08-14,0.8341307398516258,0.16586926014837422,0.007022492856462704,0.015727603953285228,1.5934807012140173e-07,0.00029635423589021917,0.8341307398516258,MIN_VARIANCE_BUDGET_AVAILABLE,False,2015-08-03,2015-08-03,2014-08-07,242,0.0,0.0,0.0,0.0,0.0
2015-08-17,0.8341307398516258,0.16586926014837422,0.007022492856462704,0.015727603953285228,1.5934807012140173e-07,0.00029635423589021917,0.8341307398516258,MIN_VARIANCE_BUDGET_AVAILABLE,False,2015-08-03,2015-08-03,2014-08-07,242,0.0,0.0,0.0,0.0,0.0
2015-08-18,0.8341307398516258,0.16586926014837422,0.007022492856462704,0.015727603953285228,1.5934807012140173e-07,0.00029635423589021917,0.8341307398516258,MIN_VARIANCE_BUDGET_AVAILABLE,False,2015-08-03,2015-08-03,2014-08-07,242,0.0,0.0,0.0,0.0,0.0
2015-08-19,0.8341307398516258,0.16586926014837422,0.007022492856462704,0.015727603953285228,1.5934807012140173e-07,0.00029635423589021917,0.8341307398516258,MIN_VARIANCE_BUDGET_AVAILABLE,False,2015-08-03,2015-08-03,2014-08-07,242,0.0,0.0,0.0,0.0,0.0
2015-08-20,0.8341307398516258,0.16586926014837422,0.007022492856462704,0.015727603953285228,1.5934807012140173e-07,0.00029635423589021917,0.8341307398516258,MIN_VARIANCE_BUDGET_AVAILABLE,False,2015-08-03,2015-08-03,2014-08-07,242,0.0,0.0,0.0,0.0,0.0
2015-08-21,0.8341307398516258,0.16586926014837422,0.007022492856462704,0.015727603953285228,1.5934807012140173e-07,0.00029635423589021917,0.8341307398516258,MIN_VARIANCE_BUDGET_AVAILABLE,False,2015-08-03,2015-08-03,2014-08-07,242,0.0,0.0,0.0,0.0,0.0
2015-08-24,0.8341307398516258,0.16586926014837422,0.007022492856462704,0.015727603953285228,1.5934807012140173e-07,0.00029635423589021917,0.8341307398516258,MIN_VARIANCE_BUDGET_AVAILABLE,False,2015-08-03,2015-08-03,2014-08-07,242,0.0,0.0,0.0,0.0,0.0
2015-08-25,0.8341307398516258,0.16586926014837422,0.007022492856462704,0.015727603953285228,1.5934807012140173e-07,0.00029635423589021917,0.8341307398516258,MIN_VARIANCE_BUDGET_AVAILABLE,False,2015-08-03,2015-08-03,2014-08-07,242,0.0,0.0,0.0,0.0,0.0
2015-08-26,0.8341307398516258,0.16586926014837422,0.007022492856462704,0.015727603953285228,1.5934807012140173e-07,0.00029635423589021917,0.8341307398516258,MIN_VARIANCE_BUDGET_AVAILABLE,False,2015-08-03,2015-08-03,2014-08-07,242,0.0,0.0,0.0,0.0,0.0
2015-08-27,0.8341307398516258,0.16586926014837422,0.007022492856462704,0.015727603953285228,1.5934807012140173e-07,0.00029635423589021917,0.8341307398516258,MIN_VARIANCE_BUDGET_AVAILABLE,False,2015-08-03,2015-08-03,2014-08-07,242,1.0,0.0,0.8341307398516258,0.0,0.0
2015-08-28,0.8341307398516258,0.16586926014837422,0.007022492856462704,0.015727603953285228,1.5934807012140173e-07,0.00029635423589021917,0.8341307398516258,MIN_VARIANCE_BUDGET_AVAILABLE,False,2015-08-03,2015-08-03,2014-08-07,242,1.0,0.0,0.8341307398516258,0.0372841877618626,0.0
2015-08-31,0.8341307398516258,0.16586926014837422,0.007022492856462704,0.015727603953285228,1.5934807012140173e-07,0.00029635423589021917,0.8341307398516258,MIN_VARIANCE_BUDGET_AVAILABLE,False,2015-08-03,2015-08-03,2014-08-07,242,1.0,0.0,0.8341307398516258,-0.0020565609413211172,0.0
2015-09-01,0.8143235163188842,0.18567648368111578,0.007427275857662447,0.01556617772685239,-1.0946611914119866e-07,0.0002976892479280535,0.8143235163188842,MIN_VARIANCE_BUDGET_AVAILABLE,True,2015-09-01,2015-09-01,2014-09-05,242,1.0,0.0,0.8143235163188842,-0.003827198329051651,0.0
2015-09-02,0.8143235163188842,0.18567648368111578,0.007427275857662447,0.01556617772685239,-1.0946611914119866e-07,0.0002976892479280535,0.8143235163188842,MIN_VARIANCE_BUDGET_AVAILABLE,False,2015-09-01,2015-09-01,2014-09-05,242,1.0,0.0,0.8143235163188842,-0.002955309269352613,0.0
2015-09-07,0.8143235163188842,0.18567648368111578,0.007427275857662447,0.01556617772685239,-1.0946611914119866e-07,0.0002976892479280535,0.8143235163188842,MIN_VARIANCE_BUDGET_AVAILABLE,False,2015-09-01,2015-09-01,2014-09-05,242,1.0,0.0,0.8143235163188842,-0.02460177278277409,0.0
2015-09-08,0.8143235163188842,0.18567648368111578,0.007427275857662447,0.01556617772685239,-1.0946611914119866e-07,0.0002976892479280535,0.8143235163188842,MIN_VARIANCE_BUDGET_AVAILABLE,False,2015-09-01,2015-09-01,2014-09-05,242,1.0,0.0,0.8143235163188842,0.02704558348851993,0.0
2015-09-09,0.8143235163188842,0.18567648368111578,0.007427275857662447,0.01556617772685239,-1.0946611914119866e-07,0.0002976892479280535,0.8143235163188842,MIN_VARIANCE_BUDGET_AVAILABLE,False,2015-09-01,2015-09-01,2014-09-05,242,1.0,0.0,0.8143235163188842,0.01893636444921043,0.0
2015-09-10,0.8143235163188842,0.18567648368111578,0.007427275857662447,0.01556617772685239,-1.0946611914119866e-07,0.0002976892479280535,0.8143235163188842,MIN_VARIANCE_BUDGET_AVAILABLE,False,2015-09-01,2015-09-01,2014-09-05,242,1.0,0.0,0.8143235163188842,-0.01771329691958734,0.0
2015-09-11,0.8143235163188842,0.18567648368111578,0.007427275857662447,0.01556617772685239,-1.0946611914119866e-07,0.0002976892479280535,0.8143235163188842,MIN_VARIANCE_BUDGET_AVAILABLE,False,2015-09-01,2015-09-01,2014-09-05,242,1.0,0.0,0.8143235163188842,0.0020693280389803004,0.0
2015-09-14,0.8143235163188842,0.18567648368111578,0.007427275857662447,0.01556617772685239,-1.0946611914119866e-07,0.0002976892479280535,0.8143235163188842,MIN_VARIANCE_BUDGET_AVAILABLE,False,2015-09-01,2015-09-01,2014-09-05,242,0.0,0.0,0.0,-0.03510593097536352,0.0
2015-09-15,0.8143235163188842,0.18567648368111578,0.007427275857662447,0.01556617772685239,-1.0946611914119866e-07,0.0002976892479280535,0.8143235163188842,MIN_VARIANCE_BUDGET_AVAILABLE,False,2015-09-01,2015-09-01,2014-09-05,242,0.0,0.0,0.0,-0.010287333658218767,0.0
2015-09-16,0.8143235163188842,0.18567648368111578,0.007427275857662447,0.01556617772685239,-1.0946611914119866e-07,0.0002976892479280535,0.8143235163188842,MIN_VARIANCE_BUDGET_AVAILABLE,False,2015-09-01,2015-09-01,2014-09-05,242,0.0,0.0,0.0,0.0,0.0
2015-09-17,0.8143235163188842,0.18567648368111578,0.007427275857662447,0.01556617772685239,-1.0946611914119866e-07,0.0002976892479280535,0.8143235163188842,MIN_VARIANCE_BUDGET_AVAILABLE,False,2015-09-01,2015-09-01,2014-09-05,242,0.0,0.0,0.0,0.0,0.0
2015-09-18,0.8143235163188842,0.18567648368111578,0.007427275857662447,0.01556617772685239,-1.0946611914119866e-07,0.0002976892479280535,0.8143235163188842,MIN_VARIANCE_BUDGET_AVAILABLE,False,2015-09-01,2015-09-01,2014-09-05,242,0.0,0.0,0.0,0.0,0.0
2015-09-21,0.8143235163188842,0.18567648368111578,0.007427275857662447,0.01556617772685239,-1.0946611914119866e-07,0.0002976892479280535,0.8143235163188842,MIN_VARIANCE_BUDGET_AVAILABLE,False,2015-09-01,2015-09-01,2014-09-05,242,0.0,0.0,0.0,0.0,0.0
2015-09-22,0.8143235163188842,0.18567648368111578,0.007427275857662447,0.01556617772685239,-1.0946611914119866e-07,0.0002976892479280535,0.8143235163188842,MIN_VARIANCE_BUDGET_AVAILABLE,False,2015-09-01,2015-09-01,2014-09-05,242,0.0,0.0,0.0,0.0,0.0
2015-09-23,0.8143235163188842,0.18567648368111578,0.007427275857662447,0.01556617772685239,-1.0946611914119866e-07,0.0002976892479280535,0.8143235163188842,MIN_VARIANCE_BUDGET_AVAILABLE,False,2015-09-01,2015-09-01,2014-09-05,242,0.0,0.0,0.0,0.0,0.0
2015-09-24,0.8143235163188842,0.18567648368111578,0.007427275857662447,0.01556617772685239,-1.0946611914119866e-07,0.0002976892479280535,0.8143235163188842,MIN_VARIANCE_BUDGET_AVAILABLE,False,2015-09-01,2015-09-01,2014-09-05,242,0.0,0.0,0.0,0.0,0.0
2015-09-25,0.8143235163188842,0.18567648368111578,0.007427275857662447,0.01556617772685239,-1.0946611914119866e-07,0.0002976892479280535,0.8143235163188842,MIN_VARIANCE_BUDGET_AVAILABLE,False,2015-09-01,2015-09-01,2014-09-05,242,0.0,0.0,0.0,0.0,0.0
2015-09-28,0.8143235163188842,0.18567648368111578,0.007427275857662447,0.01556617772685239,-1.0946611914119866e-07,0.0002976892479280535,0.8143235163188842,MIN_VARIANCE_BUDGET_AVAILABLE,False,2015-09-01,2015-09-01,2014-09-05,242,0.0,1.0,0.18567648368111578,0.0,0.0
2015-09-29,0.8143235163188842,0.18567648368111578,0.007427275857662447,0.01556617772685239,-1.0946611914119866e-07,0.0002976892479280535,0.8143235163188842,MIN_VARIANCE_BUDGET_AVAILABLE,False,2015-09-01,2015-09-01,2014-09-05,242,0.0,1.0,0.18567648368111578,0.0,-0.008462814885557779
2015-09-30,0.8143235163188842,0.18567648368111578,0.007427275857662447,0.01556617772685239,-1.0946611914119866e-07,0.0002976892479280535,0.8143235163188842,MIN_VARIANCE_BUDGET_AVAILABLE,False,2015-09-01,2015-09-01,2014-09-05,242,0.0,1.0,0.18567648368111578,0.0,0.0067921736390050835
2015-10-08,0.7772784749120664,0.22272152508793364,0.008312399286312347,0.01550843043654764,2.5200363655091366e-07,0.00030910338922722247,0.7772784749120664,MIN_VARIANCE_BUDGET_AVAILABLE,True,2015-10-08,2015-10-08,2014-10-13,242,0.0,1.0,0.22272152508793364,0.0,0.03557167022667196
2015-10-09,0.7772784749120664,0.22272152508793364,0.008312399286312347,0.01550843043654764,2.5200363655091366e-07,0.00030910338922722247,0.7772784749120664,MIN_VARIANCE_BUDGET_AVAILABLE,False,2015-10-08,2015-10-08,2014-10-13,242,0.0,1.0,0.22272152508793364,0.0,0.01243699321928382
2015-10-12,0.7772784749120664,0.22272152508793364,0.008312399286312347,0.01550843043654764,2.5200363655091366e-07,0.00030910338922722247,0.7772784749120664,MIN_VARIANCE_BUDGET_AVAILABLE,False,2015-10-08,2015-10-08,2014-10-13,242,0.0,1.0,0.22272152508793364,0.0,0.041239863053294856
2015-10-13,0.7772784749120664,0.22272152508793364,0.008312399286312347,0.01550843043654764,2.5200363655091366e-07,0.00030910338922722247,0.7772784749120664,MIN_VARIANCE_BUDGET_AVAILABLE,False,2015-10-08,2015-10-08,2014-10-13,242,0.0,1.0,0.22272152508793364,0.0,-0.007022428467938546
2015-10-14,0.7772784749120664,0.22272152508793364,0.008312399286312347,0.01550843043654764,2.5200363655091366e-07,0.00030910338922722247,0.7772784749120664,MIN_VARIANCE_BUDGET_AVAILABLE,False,2015-10-08,2015-10-08,2014-10-13,242,0.0,1.0,0.22272152508793364,0.0,-0.010749579423830924
2015-10-15,0.7772784749120664,0.22272152508793364,0.008312399286312347,0.01550843043654764,2.5200363655091366e-07,0.00030910338922722247,0.7772784749120664,MIN_VARIANCE_BUDGET_AVAILABLE,False,2015-10-08,2015-10-08,2014-10-13,242,0.0,1.0,0.22272152508793364,0.0,0.025450225768541612
2015-10-16,0.7772784749120664,0.22272152508793364,0.008312399286312347,0.01550843043654764,2.5200363655091366e-07,0.00030910338922722247,0.7772784749120664,MIN_VARIANCE_BUDGET_AVAILABLE,False,2015-10-08,2015-10-08,2014-10-13,242,0.0,1.0,0.22272152508793364,0.0,0.013664165944126339
2015-10-19,0.7772784749120664,0.22272152508793364,0.008312399286312347,0.01550843043654764,2.5200363655091366e-07,0.00030910338922722247,0.7772784749120664,MIN_VARIANCE_BUDGET_AVAILABLE,False,2015-10-08,2015-10-08,2014-10-13,242,0.0,1.0,0.22272152508793364,0.0,-0.0016506089817956981
2015-10-20,0.7772784749120664,0.22272152508793364,0.008312399286312347,0.01550843043654764,2.5200363655091366e-07,0.00030910338922722247,0.7772784749120664,MIN_VARIANCE_BUDGET_AVAILABLE,False,2015-10-08,2015-10-08,2014-10-13,242,0.0,1.0,0.22272152508793364,0.0,0.012951147638015303
2015-10-21,0.7772784749120664,0.22272152508793364,0.008312399286312347,0.01550843043654764,2.5200363655091366e-07,0.00030910338922722247,0.7772784749120664,MIN_VARIANCE_BUDGET_AVAILABLE,False,2015-10-08,2015-10-08,2014-10-13,242,0.0,1.0,0.22272152508793364,0.0,-0.029651617787218254
2015-10-22,0.7772784749120664,0.22272152508793364,0.008312399286312347,0.01550843043654764,2.5200363655091366e-07,0.00030910338922722247,0.7772784749120664,MIN_VARIANCE_BUDGET_AVAILABLE,False,2015-10-08,2015-10-08,2014-10-13,242,0.0,1.0,0.22272152508793364,0.0,0.012615565508506954
2015-10-23,0.7772784749120664,0.22272152508793364,0.008312399286312347,0.01550843043654764,2.5200363655091366e-07,0.00030910338922722247,0.7772784749120664,MIN_VARIANCE_BUDGET_AVAILABLE,False,2015-10-08,2015-10-08,2014-10-13,242,0.0,1.0,0.22272152508793364,0.0,0.017441754120222752
2015-10-26,0.7772784749120664,0.22272152508793364,0.008312399286312347,0.01550843043654764,2.5200363655091366e-07,0.00030910338922722247,0.7772784749120664,MIN_VARIANCE_BUDGET_AVAILABLE,False,2015-10-08,2015-10-08,2014-10-13,242,0.0,1.0,0.22272152508793364,0.0,0.0016326432774105282
2015-10-27,0.7772784749120664,0.22272152508793364,0.008312399286312347,0.01550843043654764,2.5200363655091366e-07,0.00030910338922722247,0.7772784749120664,MIN_VARIANCE_BUDGET_AVAILABLE,False,2015-10-08,2015-10-08,2014-10-13,242,0.0,1.0,0.22272152508793364,0.0,0.0005433273660320204
2015-10-28,0.7772784749120664,0.22272152508793364,0.008312399286312347,0.01550843043654764,2.5200363655091366e-07,0.00030910338922722247,0.7772784749120664,MIN_VARIANCE_BUDGET_AVAILABLE,False,2015-10-08,2015-10-08,2014-10-13,242,0.0,1.0,0.22272152508793364,0.0,-0.01737703429474946
2015-10-29,0.7772784749120664,0.22272152508793364,0.008312399286312347,0.01550843043654764,2.5200363655091366e-07,0.00030910338922722247,0.7772784749120664,MIN_VARIANCE_BUDGET_AVAILABLE,False,2015-10-08,2015-10-08,2014-10-13,242,0.0,1.0,0.22272152508793364,0.0,0.0013815887188255438
2015-10-30,0.7772784749120664,0.22272152508793364,0.008312399286312347,0.01550843043654764,2.5200363655091366e-07,0.00030910338922722247,0.7772784749120664,MIN_VARIANCE_BUDGET_AVAILABLE,False,2015-10-08,2015-10-08,2014-10-13,242,0.0,1.0,0.22272152508793364,0.0,0.0002759365129916258
2015-11-02,0.787887573429179,0.21211242657082097,0.008312399286312343,0.015996370010398924,2.843478425704208e-07,0.0003244111397195361,0.787887573429179,MIN_VARIANCE_BUDGET_AVAILABLE,True,2015-11-02,2015-11-02,2014-11-05,242,0.0,1.0,0.21211242657082097,0.0,-0.016551623582203523
2015-11-03,0.787887573429179,0.21211242657082097,0.008312399286312343,0.015996370010398924,2.843478425704208e-07,0.0003244111397195361,0.787887573429179,MIN_VARIANCE_BUDGET_AVAILABLE,False,2015-11-02,2015-11-02,2014-11-05,242,0.0,1.0,0.21211242657082097,0.0,-0.007573585752535084
2015-11-04,0.787887573429179,0.21211242657082097,0.008312399286312343,0.015996370010398924,2.843478425704208e-07,0.0003244111397195361,0.787887573429179,MIN_VARIANCE_BUDGET_AVAILABLE,False,2015-11-02,2015-11-02,2014-11-05,242,0.0,1.0,0.21211242657082097,0.0,0.059355198651003915
2015-11-05,0.787887573429179,0.21211242657082097,0.008312399286312343,0.015996370010398924,2.843478425704208e-07,0.0003244111397195361,0.787887573429179,MIN_VARIANCE_BUDGET_AVAILABLE,False,2015-11-02,2015-11-02,2014-11-05,242,0.0,1.0,0.21211242657082097,0.0,0.01574163642575832
2015-11-06,0.787887573429179,0.21211242657082097,0.008312399286312343,0.015996370010398924,2.843478425704208e-07,0.0003244111397195361,0.787887573429179,MIN_VARIANCE_BUDGET_AVAILABLE,False,2015-11-02,2015-11-02,2014-11-05,242,0.0,1.0,0.21211242657082097,0.0,0.023640525181880534
2015-11-09,0.787887573429179,0.21211242657082097,0.008312399286312343,0.015996370010398924,2.843478425704208e-07,0.0003244111397195361,0.787887573429179,MIN_VARIANCE_BUDGET_AVAILABLE,False,2015-11-02,2015-11-02,2014-11-05,242,0.0,1.0,0.21211242657082097,0.0,0.010264247870578336
2015-11-10,0.787887573429179,0.21211242657082097,0.008312399286312343,0.015996370010398924,2.843478425704208e-07,0.0003244111397195361,0.787887573429179,MIN_VARIANCE_BUDGET_AVAILABLE,False,2015-11-02,2015-11-02,2014-11-05,242,0.0,1.0,0.21211242657082097,0.0,-0.0027939899589227712
2015-11-11,0.787887573429179,0.21211242657082097,0.008312399286312343,0.015996370010398924,2.843478425704208e-07,0.0003244111397195361,0.787887573429179,MIN_VARIANCE_BUDGET_AVAILABLE,False,2015-11-02,2015-11-02,2014-11-05,242,0.0,1.0,0.21211242657082097,0.0,-0.001273553732213939
2015-11-12,0.787887573429179,0.21211242657082097,0.008312399286312343,0.015996370010398924,2.843478425704208e-07,0.0003244111397195361,0.787887573429179,MIN_VARIANCE_BUDGET_AVAILABLE,False,2015-11-02,2015-11-02,2014-11-05,242,0.0,1.0,0.21211242657082097,0.0,-0.010201421916667286
2015-11-13,0.787887573429179,0.21211242657082097,0.008312399286312343,0.015996370010398924,2.843478425704208e-07,0.0003244111397195361,0.787887573429179,MIN_VARIANCE_BUDGET_AVAILABLE,False,2015-11-02,2015-11-02,2014-11-05,242,0.0,1.0,0.21211242657082097,0.0,-0.009533571255668893
2015-11-16,0.787887573429179,0.21211242657082097,0.008312399286312343,0.015996370010398924,2.843478425704208e-07,0.0003244111397195361,0.787887573429179,MIN_VARIANCE_BUDGET_AVAILABLE,False,2015-11-02,2015-11-02,2014-11-05,242,0.0,1.0,0.21211242657082097,0.0,0.005723172205835958
2015-11-17,0.787887573429179,0.21211242657082097,0.008312399286312343,0.015996370010398924,2.843478425704208e-07,0.0003244111397195361,0.787887573429179,MIN_VARIANCE_BUDGET_AVAILABLE,False,2015-11-02,2015-11-02,2014-11-05,242,0.0,1.0,0.21211242657082097,0.0,-0.003621293390757896
2015-11-18,0.787887573429179,0.21211242657082097,0.008312399286312343,0.015996370010398924,2.843478425704208e-07,0.0003244111397195361,0.787887573429179,MIN_VARIANCE_BUDGET_AVAILABLE,False,2015-11-02,2015-11-02,2014-11-05,242,0.0,1.0,0.21211242657082097,0.0,-0.008566929213784547
2015-11-19,0.787887573429179,0.21211242657082097,0.008312399286312343,0.015996370010398924,2.843478425704208e-07,0.0003244111397195361,0.787887573429179,MIN_VARIANCE_BUDGET_AVAILABLE,False,2015-11-02,2015-11-02,2014-11-05,242,0.0,1.0,0.21211242657082097,0.0,0.01492528706522922
2015-11-20,0.787887573429179,0.21211242657082097,0.008312399286312343,0.015996370010398924,2.843478425704208e-07,0.0003244111397195361,0.787887573429179,MIN_VARIANCE_BUDGET_AVAILABLE,False,2015-11-02,2015-11-02,2014-11-05,242,0.0,1.0,0.21211242657082097,0.0,-0.0028379611712863184
2015-11-23,0.787887573429179,0.21211242657082097,0.008312399286312343,0.015996370010398924,2.843478425704208e-07,0.0003244111397195361,0.787887573429179,MIN_VARIANCE_BUDGET_AVAILABLE,False,2015-11-02,2015-11-02,2014-11-05,242,0.0,1.0,0.21211242657082097,0.0,-0.004915884020193717
2015-11-24,0.787887573429179,0.21211242657082097,0.008312399286312343,0.015996370010398924,2.843478425704208e-07,0.0003244111397195361,0.787887573429179,MIN_VARIANCE_BUDGET_AVAILABLE,False,2015-11-02,2015-11-02,2014-11-05,242,0.0,1.0,0.21211242657082097,0.0,0.0007800267346751433
2015-11-25,0.787887573429179,0.21211242657082097,0.008312399286312343,0.015996370010398924,2.843478425704208e-07,0.0003244111397195361,0.787887573429179,MIN_VARIANCE_BUDGET_AVAILABLE,False,2015-11-02,2015-11-02,2014-11-05,242,0.0,1.0,0.21211242657082097,0.0,0.005975543881860501
2015-11-26,0.787887573429179,0.21211242657082097,0.008312399286312343,0.015996370010398924,2.843478425704208e-07,0.0003244111397195361,0.787887573429179,MIN_VARIANCE_BUDGET_AVAILABLE,False,2015-11-02,2015-11-02,2014-11-05,242,0.0,1.0,0.21211242657082097,0.0,-0.004648733889841328
2015-11-27,0.787887573429179,0.21211242657082097,0.008312399286312343,0.015996370010398924,2.843478425704208e-07,0.0003244111397195361,0.787887573429179,MIN_VARIANCE_BUDGET_AVAILABLE,False,2015-11-02,2015-11-02,2014-11-05,242,0.0,1.0,0.21211242657082097,0.0,-0.053450654608808934
2015-11-30,0.787887573429179,0.21211242657082097,0.008312399286312343,0.015996370010398924,2.843478425704208e-07,0.0003244111397195361,0.787887573429179,MIN_VARIANCE_BUDGET_AVAILABLE,False,2015-11-02,2015-11-02,2014-11-05,242,0.0,1.0,0.21211242657082097,0.0,0.0002741211521548603
2015-12-01,0.7988015649810155,0.2011984350189845,0.00831239928631234,0.016541915216367668,2.3268443940237352e-07,0.0003422655720417768,0.7988015649810155,MIN_VARIANCE_BUDGET_AVAILABLE,True,2015-12-01,2015-12-01,2014-12-04,242,0.0,1.0,0.2011984350189845,0.0,0.007673288849558091
2015-12-02,0.7988015649810155,0.2011984350189845,0.00831239928631234,0.016541915216367668,2.3268443940237352e-07,0.0003422655720417768,0.7988015649810155,MIN_VARIANCE_BUDGET_AVAILABLE,False,2015-12-01,2015-12-01,2014-12-04,242,0.0,1.0,0.2011984350189845,0.0,0.042425636569230374
2015-12-03,0.7988015649810155,0.2011984350189845,0.00831239928631234,0.016541915216367668,2.3268443940237352e-07,0.0003422655720417768,0.7988015649810155,MIN_VARIANCE_BUDGET_AVAILABLE,False,2015-12-01,2015-12-01,2014-12-04,242,0.0,1.0,0.2011984350189845,0.0,0.002087126020209329
2015-12-04,0.7988015649810155,0.2011984350189845,0.00831239928631234,0.016541915216367668,2.3268443940237352e-07,0.0003422655720417768,0.7988015649810155,MIN_VARIANCE_BUDGET_AVAILABLE,False,2015-12-01,2015-12-01,2014-12-04,242,0.0,1.0,0.2011984350189845,0.0,-0.018745010981715216
2015-12-07,0.7988015649810155,0.2011984350189845,0.00831239928631234,0.016541915216367668,2.3268443940237352e-07,0.0003422655720417768,0.7988015649810155,MIN_VARIANCE_BUDGET_AVAILABLE,False,2015-12-01,2015-12-01,2014-12-04,242,0.0,1.0,0.2011984350189845,0.0,0.0015919248981746126
2015-12-08,0.7988015649810155,0.2011984350189845,0.00831239928631234,0.016541915216367668,2.3268443940237352e-07,0.0003422655720417768,0.7988015649810155,MIN_VARIANCE_BUDGET_AVAILABLE,False,2015-12-01,2015-12-01,2014-12-04,242,0.0,1.0,0.2011984350189845,0.0,-0.014304552310591023
2015-12-09,0.7988015649810155,0.2011984350189845,0.00831239928631234,0.016541915216367668,2.3268443940237352e-07,0.0003422655720417768,0.7988015649810155,MIN_VARIANCE_BUDGET_AVAILABLE,False,2015-12-01,2015-12-01,2014-12-04,242,0.0,1.0,0.2011984350189845,0.0,0.0013437168523187104
2015-12-10,0.7988015649810155,0.2011984350189845,0.00831239928631234,0.016541915216367668,2.3268443940237352e-07,0.0003422655720417768,0.7988015649810155,MIN_VARIANCE_BUDGET_AVAILABLE,False,2015-12-01,2015-12-01,2014-12-04,242,0.0,1.0,0.2011984350189845,0.0,-0.0018786791803713232
2015-12-11,0.7988015649810155,0.2011984350189845,0.00831239928631234,0.016541915216367668,2.3268443940237352e-07,0.0003422655720417768,0.7988015649810155,MIN_VARIANCE_BUDGET_AVAILABLE,False,2015-12-01,2015-12-01,2014-12-04,242,0.0,1.0,0.2011984350189845,0.0,-0.004839982094549167
2015-12-14,0.7988015649810155,0.2011984350189845,0.00831239928631234,0.016541915216367668,2.3268443940237352e-07,0.0003422655720417768,0.7988015649810155,MIN_VARIANCE_BUDGET_AVAILABLE,False,2015-12-01,2015-12-01,2014-12-04,242,0.0,1.0,0.2011984350189845,0.0,0.03026191125247002
2015-12-15,0.7988015649810155,0.2011984350189845,0.00831239928631234,0.016541915216367668,2.3268443940237352e-07,0.0003422655720417768,0.7988015649810155,MIN_VARIANCE_BUDGET_AVAILABLE,False,2015-12-01,2015-12-01,2014-12-04,242,0.0,1.0,0.2011984350189845,0.0,-0.009441330205786858
2015-12-16,0.7988015649810155,0.2011984350189845,0.00831239928631234,0.016541915216367668,2.3268443940237352e-07,0.0003422655720417768,0.7988015649810155,MIN_VARIANCE_BUDGET_AVAILABLE,False,2015-12-01,2015-12-01,2014-12-04,242,0.0,1.0,0.2011984350189845,0.0,0.00026475884809262773
2015-12-17,0.7988015649810155,0.2011984350189845,0.00831239928631234,0.016541915216367668,2.3268443940237352e-07,0.0003422655720417768,0.7988015649810155,MIN_VARIANCE_BUDGET_AVAILABLE,False,2015-12-01,2015-12-01,2014-12-04,242,0.0,1.0,0.2011984350189845,0.0,0.018528213857931686
2015-12-18,0.7988015649810155,0.2011984350189845,0.00831239928631234,0.016541915216367668,2.3268443940237352e-07,0.0003422655720417768,0.7988015649810155,MIN_VARIANCE_BUDGET_AVAILABLE,False,2015-12-01,2015-12-01,2014-12-04,242,0.0,1.0,0.2011984350189845,0.0,0.00363823281590836
2015-12-21,0.7988015649810155,0.2011984350189845,0.00831239928631234,0.016541915216367668,2.3268443940237352e-07,0.0003422655720417768,0.7988015649810155,MIN_VARIANCE_BUDGET_AVAILABLE,False,2015-12-01,2015-12-01,2014-12-04,242,0.0,1.0,0.2011984350189845,0.0,0.025893171868886178
2015-12-22,0.7988015649810155,0.2011984350189845,0.00831239928631234,0.016541915216367668,2.3268443940237352e-07,0.0003422655720417768,0.7988015649810155,MIN_VARIANCE_BUDGET_AVAILABLE,False,2015-12-01,2015-12-01,2014-12-04,242,0.0,1.0,0.2011984350189845,0.0,0.0012619818797368065
2015-12-23,0.7988015649810155,0.2011984350189845,0.00831239928631234,0.016541915216367668,2.3268443940237352e-07,0.0003422655720417768,0.7988015649810155,MIN_VARIANCE_BUDGET_AVAILABLE,False,2015-12-01,2015-12-01,2014-12-04,242,0.0,1.0,0.2011984350189845,0.0,-0.0012603912887690916
2015-12-24,0.7988015649810155,0.2011984350189845,0.00831239928631234,0.016541915216367668,2.3268443940237352e-07,0.0003422655720417768,0.7988015649810155,MIN_VARIANCE_BUDGET_AVAILABLE,False,2015-12-01,2015-12-01,2014-12-04,242,0.0,1.0,0.2011984350189845,0.0,-0.011862629669526559
2015-12-25,0.7988015649810155,0.2011984350189845,0.00831239928631234,0.016541915216367668,2.3268443940237352e-07,0.0003422655720417768,0.7988015649810155,MIN_VARIANCE_BUDGET_AVAILABLE,False,2015-12-01,2015-12-01,2014-12-04,242,0.0,1.0,0.2011984350189845,0.0,0.005108528095905562
2015-12-28,0.7988015649810155,0.2011984350189845,0.00831239928631234,0.016541915216367668,2.3268443940237352e-07,0.0003422655720417768,0.7988015649810155,MIN_VARIANCE_BUDGET_AVAILABLE,False,2015-12-01,2015-12-01,2014-12-04,242,0.0,0.0,0.0,0.0,-0.029732997507902925
2015-12-29,0.7988015649810155,0.2011984350189845,0.00831239928631234,0.016541915216367668,2.3268443940237352e-07,0.0003422655720417768,0.7988015649810155,MIN_VARIANCE_BUDGET_AVAILABLE,False,2015-12-01,2015-12-01,2014-12-04,242,0.0,0.0,0.0,0.0,-0.002554673582691458
2015-12-30,0.7988015649810155,0.2011984350189845,0.00831239928631234,0.016541915216367668,2.3268443940237352e-07,0.0003422655720417768,0.7988015649810155,MIN_VARIANCE_BUDGET_AVAILABLE,False,2015-12-01,2015-12-01,2014-12-04,242,0.0,0.0,0.0,0.0,0.0
2015-12-31,0.7988015649810155,0.2011984350189845,0.00831239928631234,0.016541915216367668,2.3268443940237352e-07,0.0003422655720417768,0.7988015649810155,MIN_VARIANCE_BUDGET_AVAILABLE,False,2015-12-01,2015-12-01,2014-12-04,242,0.0,0.0,0.0,0.0,0.0
2016-01-04,0.7658917482426955,0.23410825175730454,0.008312399286312338,0.01502384828390321,1.4678939240726037e-07,0.00029451842036801244,0.7658917482426955,MIN_VARIANCE_BUDGET_AVAILABLE,True,2016-01-04,2016-01-04,2015-01-08,242,0.0,0.0,0.0,0.0,0.0
2016-01-05,0.7658917482426955,0.23410825175730454,0.008312399286312338,0.01502384828390321,1.4678939240726037e-07,0.00029451842036801244,0.7658917482426955,MIN_VARIANCE_BUDGET_AVAILABLE,False,2016-01-04,2016-01-04,2015-01-08,242,0.0,0.0,0.0,0.0,0.0
2016-01-06,0.7658917482426955,0.23410825175730454,0.008312399286312338,0.01502384828390321,1.4678939240726037e-07,0.00029451842036801244,0.7658917482426955,MIN_VARIANCE_BUDGET_AVAILABLE,False,2016-01-04,2016-01-04,2015-01-08,242,1.0,0.0,0.7658917482426955,0.0,0.0
2016-01-07,0.7658917482426955,0.23410825175730454,0.008312399286312338,0.01502384828390321,1.4678939240726037e-07,0.00029451842036801244,0.7658917482426955,MIN_VARIANCE_BUDGET_AVAILABLE,False,2016-01-04,2016-01-04,2015-01-08,242,1.0,0.0,0.7658917482426955,-0.016089391378331763,0.0
2016-01-08,0.7658917482426955,0.23410825175730454,0.008312399286312338,0.01502384828390321,1.4678939240726037e-07,0.00029451842036801244,0.7658917482426955,MIN_VARIANCE_BUDGET_AVAILABLE,False,2016-01-04,2016-01-04,2015-01-08,242,1.0,0.0,0.7658917482426955,-0.021535751781414647,0.0
2016-01-11,0.7658917482426955,0.23410825175730454,0.008312399286312338,0.01502384828390321,1.4678939240726037e-07,0.00029451842036801244,0.7658917482426955,MIN_VARIANCE_BUDGET_AVAILABLE,False,2016-01-04,2016-01-04,2015-01-08,242,0.0,0.0,0.0,-0.05068034138042388,0.0
2016-01-12,0.7658917482426955,0.23410825175730454,0.008312399286312338,0.01502384828390321,1.4678939240726037e-07,0.00029451842036801244,0.7658917482426955,MIN_VARIANCE_BUDGET_AVAILABLE,False,2016-01-04,2016-01-04,2015-01-08,242,0.0,0.0,0.0,0.007427786914030454,0.0
2016-01-13,0.7658917482426955,0.23410825175730454,0.008312399286312338,0.01502384828390321,1.4678939240726037e-07,0.00029451842036801244,0.7658917482426955,MIN_VARIANCE_BUDGET_AVAILABLE,False,2016-01-04,2016-01-04,2015-01-08,242,0.0,0.0,0.0,0.0,0.0
2016-01-14,0.7658917482426955,0.23410825175730454,0.008312399286312338,0.01502384828390321,1.4678939240726037e-07,0.00029451842036801244,0.7658917482426955,MIN_VARIANCE_BUDGET_AVAILABLE,False,2016-01-04,2016-01-04,2015-01-08,242,0.0,0.0,0.0,0.0,0.0
2016-01-15,0.7658917482426955,0.23410825175730454,0.008312399286312338,0.01502384828390321,1.4678939240726037e-07,0.00029451842036801244,0.7658917482426955,MIN_VARIANCE_BUDGET_AVAILABLE,False,2016-01-04,2016-01-04,2015-01-08,242,0.0,0.0,0.0,0.0,0.0
2016-01-18,0.7658917482426955,0.23410825175730454,0.008312399286312338,0.01502384828390321,1.4678939240726037e-07,0.00029451842036801244,0.7658917482426955,MIN_VARIANCE_BUDGET_AVAILABLE,False,2016-01-04,2016-01-04,2015-01-08,242,0.0,0.0,0.0,0.0,0.0
2016-01-19,0.7658917482426955,0.23410825175730454,0.008312399286312338,0.01502384828390321,1.4678939240726037e-07,0.00029451842036801244,0.7658917482426955,MIN_VARIANCE_BUDGET_AVAILABLE,False,2016-01-04,2016-01-04,2015-01-08,242,0.0,0.0,0.0,0.0,0.0
2016-01-20,0.7658917482426955,0.23410825175730454,0.008312399286312338,0.01502384828390321,1.4678939240726037e-07,0.00029451842036801244,0.7658917482426955,MIN_VARIANCE_BUDGET_AVAILABLE,False,2016-01-04,2016-01-04,2015-01-08,242,0.0,0.0,0.0,0.0,0.0
2016-01-21,0.7658917482426955,0.23410825175730454,0.008312399286312338,0.01502384828390321,1.4678939240726037e-07,0.00029451842036801244,0.7658917482426955,MIN_VARIANCE_BUDGET_AVAILABLE,False,2016-01-04,2016-01-04,2015-01-08,242,0.0,0.0,0.0,0.0,0.0
2016-01-22,0.7658917482426955,0.23410825175730454,0.008312399286312338,0.01502384828390321,1.4678939240726037e-07,0.00029451842036801244,0.7658917482426955,MIN_VARIANCE_BUDGET_AVAILABLE,False,2016-01-04,2016-01-04,2015-01-08,242,0.0,0.0,0.0,0.0,0.0
2016-01-25,0.7658917482426955,0.23410825175730454,0.008312399286312338,0.01502384828390321,1.4678939240726037e-07,0.00029451842036801244,0.7658917482426955,MIN_VARIANCE_BUDGET_AVAILABLE,False,2016-01-04,2016-01-04,2015-01-08,242,0.0,0.0,0.0,0.0,0.0
2016-01-26,0.7658917482426955,0.23410825175730454,0.008312399286312338,0.01502384828390321,1.4678939240726037e-07,0.00029451842036801244,0.7658917482426955,MIN_VARIANCE_BUDGET_AVAILABLE,False,2016-01-04,2016-01-04,2015-01-08,242,0.0,0.0,0.0,0.0,0.0
2016-01-27,0.7658917482426955,0.23410825175730454,0.008312399286312338,0.01502384828390321,1.4678939240726037e-07,0.00029451842036801244,0.7658917482426955,MIN_VARIANCE_BUDGET_AVAILABLE,False,2016-01-04,2016-01-04,2015-01-08,242,0.0,0.0,0.0,0.0,0.0
2016-01-28,0.7658917482426955,0.23410825175730454,0.008312399286312338,0.01502384828390321,1.4678939240726037e-07,0.00029451842036801244,0.7658917482426955,MIN_VARIANCE_BUDGET_AVAILABLE,False,2016-01-04,2016-01-04,2015-01-08,242,0.0,0.0,0.0,0.0,0.0
2016-01-29,0.7658917482426955,0.23410825175730454,0.008312399286312338,0.01502384828390321,1.4678939240726037e-07,0.00029451842036801244,0.7658917482426955,MIN_VARIANCE_BUDGET_AVAILABLE,False,2016-01-04,2016-01-04,2015-01-08,242,1.0,0.0,0.7658917482426955,0.0,0.0
2016-02-01,0.6806990897385812,0.3193009102614188,0.009124402555488572,0.013289029095962161,7.842246292362786e-07,0.0002582845670494624,0.6806990897385812,MIN_VARIANCE_BUDGET_AVAILABLE,True,2016-02-01,2016-02-01,2015-02-05,242,1.0,0.0,0.6806990897385812,-0.011098615071803986,0.0
2016-02-02,0.6806990897385812,0.3193009102614188,0.009124402555488572,0.013289029095962161,7.842246292362786e-07,0.0002582845670494624,0.6806990897385812,MIN_VARIANCE_BUDGET_AVAILABLE,False,2016-02-01,2016-02-01,2015-02-05,242,1.0,0.0,0.6806990897385812,0.021353862426659154,0.0
2016-02-03,0.6806990897385812,0.3193009102614188,0.009124402555488572,0.013289029095962161,7.842246292362786e-07,0.0002582845670494624,0.6806990897385812,MIN_VARIANCE_BUDGET_AVAILABLE,False,2016-02-01,2016-02-01,2015-02-05,242,1.0,0.0,0.6806990897385812,-0.004721027726215854,0.0
2016-02-04,0.6806990897385812,0.3193009102614188,0.009124402555488572,0.013289029095962161,7.842246292362786e-07,0.0002582845670494624,0.6806990897385812,MIN_VARIANCE_BUDGET_AVAILABLE,False,2016-02-01,2016-02-01,2015-02-05,242,1.0,0.0,0.6806990897385812,0.013213817177436749,0.0
2016-02-05,0.6806990897385812,0.3193009102614188,0.009124402555488572,0.013289029095962161,7.842246292362786e-07,0.0002582845670494624,0.6806990897385812,MIN_VARIANCE_BUDGET_AVAILABLE,False,2016-02-01,2016-02-01,2015-02-05,242,1.0,0.0,0.6806990897385812,-0.011703900673425416,0.0
2016-02-15,0.6806990897385812,0.3193009102614188,0.009124402555488572,0.013289029095962161,7.842246292362786e-07,0.0002582845670494624,0.6806990897385812,MIN_VARIANCE_BUDGET_AVAILABLE,False,2016-02-01,2016-02-01,2015-02-05,242,1.0,0.0,0.6806990897385812,-0.003721929880713848,0.0
2016-02-16,0.6806990897385812,0.3193009102614188,0.009124402555488572,0.013289029095962161,7.842246292362786e-07,0.0002582845670494624,0.6806990897385812,MIN_VARIANCE_BUDGET_AVAILABLE,False,2016-02-01,2016-02-01,2015-02-05,242,1.0,0.0,0.6806990897385812,0.0281885686121075,0.0
2016-02-17,0.6806990897385812,0.3193009102614188,0.009124402555488572,0.013289029095962161,7.842246292362786e-07,0.0002582845670494624,0.6806990897385812,MIN_VARIANCE_BUDGET_AVAILABLE,False,2016-02-01,2016-02-01,2015-02-05,242,0.0,0.0,0.0,0.010239620325850796,0.0
2016-02-18,0.6806990897385812,0.3193009102614188,0.009124402555488572,0.013289029095962161,7.842246292362786e-07,0.0002582845670494624,0.6806990897385812,MIN_VARIANCE_BUDGET_AVAILABLE,False,2016-02-01,2016-02-01,2015-02-05,242,0.0,0.0,0.0,0.0063382961846771835,0.0
2016-02-19,0.6806990897385812,0.3193009102614188,0.009124402555488572,0.013289029095962161,7.842246292362786e-07,0.0002582845670494624,0.6806990897385812,MIN_VARIANCE_BUDGET_AVAILABLE,False,2016-02-01,2016-02-01,2015-02-05,242,0.0,0.0,0.0,0.0,0.0
2016-02-22,0.6806990897385812,0.3193009102614188,0.009124402555488572,0.013289029095962161,7.842246292362786e-07,0.0002582845670494624,0.6806990897385812,MIN_VARIANCE_BUDGET_AVAILABLE,False,2016-02-01,2016-02-01,2015-02-05,242,0.0,0.0,0.0,0.0,0.0
2016-02-23,0.6806990897385812,0.3193009102614188,0.009124402555488572,0.013289029095962161,7.842246292362786e-07,0.0002582845670494624,0.6806990897385812,MIN_VARIANCE_BUDGET_AVAILABLE,False,2016-02-01,2016-02-01,2015-02-05,242,0.0,0.0,0.0,0.0,0.0
2016-02-24,0.6806990897385812,0.3193009102614188,0.009124402555488572,0.013289029095962161,7.842246292362786e-07,0.0002582845670494624,0.6806990897385812,MIN_VARIANCE_BUDGET_AVAILABLE,False,2016-02-01,2016-02-01,2015-02-05,242,0.0,0.0,0.0,0.0,0.0
2016-02-25,0.6806990897385812,0.3193009102614188,0.009124402555488572,0.013289029095962161,7.842246292362786e-07,0.0002582845670494624,0.6806990897385812,MIN_VARIANCE_BUDGET_AVAILABLE,False,2016-02-01,2016-02-01,2015-02-05,242,0.0,0.0,0.0,0.0,0.0
2016-02-26,0.6806990897385812,0.3193009102614188,0.009124402555488572,0.013289029095962161,7.842246292362786e-07,0.0002582845670494624,0.6806990897385812,MIN_VARIANCE_BUDGET_AVAILABLE,False,2016-02-01,2016-02-01,2015-02-05,242,0.0,0.0,0.0,0.0,0.0
2016-02-29,0.6806990897385812,0.3193009102614188,0.009124402555488572,0.013289029095962161,7.842246292362786e-07,0.0002582845670494624,0.6806990897385812,MIN_VARIANCE_BUDGET_AVAILABLE,False,2016-02-01,2016-02-01,2015-02-05,242,0.0,0.0,0.0,0.0,0.0
2016-03-01,0.6490466426957654,0.3509533573042346,0.009522321727735848,0.012937290446816532,3.7493542613131046e-07,0.000257298224339538,0.6490466426957654,MIN_VARIANCE_BUDGET_AVAILABLE,True,2016-03-01,2016-03-01,2015-03-06,242,1.0,0.0,0.6490466426957654,0.0,0.0
2016-03-02,0.6490466426957654,0.3509533573042346,0.009522321727735848,0.012937290446816532,3.7493542613131046e-07,0.000257298224339538,0.6490466426957654,MIN_VARIANCE_BUDGET_AVAILABLE,False,2016-03-01,2016-03-01,2015-03-06,242,0.0,0.0,0.0,0.042839206427014886,0.0
2016-03-03,0.6490466426957654,0.3509533573042346,0.009522321727735848,0.012937290446816532,3.7493542613131046e-07,0.000257298224339538,0.6490466426957654,MIN_VARIANCE_BUDGET_AVAILABLE,False,2016-03-01,2016-03-01,2015-03-06,242,0.0,0.0,0.0,-0.0011821814700049282,0.0
2016-03-04,0.6490466426957654,0.3509533573042346,0.009522321727735848,0.012937290446816532,3.7493542613131046e-07,0.000257298224339538,0.6490466426957654,MIN_VARIANCE_BUDGET_AVAILABLE,False,2016-03-01,2016-03-01,2015-03-06,242,0.0,0.0,0.0,0.0,0.0
2016-03-07,0.6490466426957654,0.3509533573042346,0.009522321727735848,0.012937290446816532,3.7493542613131046e-07,0.000257298224339538,0.6490466426957654,MIN_VARIANCE_BUDGET_AVAILABLE,False,2016-03-01,2016-03-01,2015-03-06,242,0.0,0.0,0.0,0.0,0.0
2016-03-08,0.6490466426957654,0.3509533573042346,0.009522321727735848,0.012937290446816532,3.7493542613131046e-07,0.000257298224339538,0.6490466426957654,MIN_VARIANCE_BUDGET_AVAILABLE,False,2016-03-01,2016-03-01,2015-03-06,242,0.0,0.0,0.0,0.0,0.0
2016-03-09,0.6490466426957654,0.3509533573042346,0.009522321727735848,0.012937290446816532,3.7493542613131046e-07,0.000257298224339538,0.6490466426957654,MIN_VARIANCE_BUDGET_AVAILABLE,False,2016-03-01,2016-03-01,2015-03-06,242,0.0,0.0,0.0,0.0,0.0
2016-03-10,0.6490466426957654,0.3509533573042346,0.009522321727735848,0.012937290446816532,3.7493542613131046e-07,0.000257298224339538,0.6490466426957654,MIN_VARIANCE_BUDGET_AVAILABLE,False,2016-03-01,2016-03-01,2015-03-06,242,0.0,0.0,0.0,0.0,0.0
2016-03-11,0.6490466426957654,0.3509533573042346,0.009522321727735848,0.012937290446816532,3.7493542613131046e-07,0.000257298224339538,0.6490466426957654,MIN_VARIANCE_BUDGET_AVAILABLE,False,2016-03-01,2016-03-01,2015-03-06,242,0.0,0.0,0.0,0.0,0.0
2016-03-14,0.6490466426957654,0.3509533573042346,0.009522321727735848,0.012937290446816532,3.7493542613131046e-07,0.000257298224339538,0.6490466426957654,MIN_VARIANCE_BUDGET_AVAILABLE,False,2016-03-01,2016-03-01,2015-03-06,242,0.0,0.0,0.0,0.0,0.0
2016-03-15,0.6490466426957654,0.3509533573042346,0.009522321727735848,0.012937290446816532,3.7493542613131046e-07,0.000257298224339538,0.6490466426957654,MIN_VARIANCE_BUDGET_AVAILABLE,False,2016-03-01,2016-03-01,2015-03-06,242,0.0,0.0,0.0,0.0,0.0
2016-03-16,0.6490466426957654,0.3509533573042346,0.009522321727735848,0.012937290446816532,3.7493542613131046e-07,0.000257298224339538,0.6490466426957654,MIN_VARIANCE_BUDGET_AVAILABLE,False,2016-03-01,2016-03-01,2015-03-06,242,0.0,0.0,0.0,0.0,0.0
2016-03-17,0.6490466426957654,0.3509533573042346,0.009522321727735848,0.012937290446816532,3.7493542613131046e-07,0.000257298224339538,0.6490466426957654,MIN_VARIANCE_BUDGET_AVAILABLE,False,2016-03-01,2016-03-01,2015-03-06,242,0.0,0.0,0.0,0.0,0.0
2016-03-18,0.6490466426957654,0.3509533573042346,0.009522321727735848,0.012937290446816532,3.7493542613131046e-07,0.000257298224339538,0.6490466426957654,MIN_VARIANCE_BUDGET_AVAILABLE,False,2016-03-01,2016-03-01,2015-03-06,242,0.0,0.0,0.0,0.0,0.0
2016-03-21,0.6490466426957654,0.3509533573042346,0.009522321727735848,0.012937290446816532,3.7493542613131046e-07,0.000257298224339538,0.6490466426957654,MIN_VARIANCE_BUDGET_AVAILABLE,False,2016-03-01,2016-03-01,2015-03-06,242,0.0,0.0,0.0,0.0,0.0
2016-03-22,0.6490466426957654,0.3509533573042346,0.009522321727735848,0.012937290446816532,3.7493542613131046e-07,0.000257298224339538,0.6490466426957654,MIN_VARIANCE_BUDGET_AVAILABLE,False,2016-03-01,2016-03-01,2015-03-06,242,0.0,0.0,0.0,0.0,0.0
2016-03-23,0.6490466426957654,0.3509533573042346,0.009522321727735848,0.012937290446816532,3.7493542613131046e-07,0.000257298224339538,0.6490466426957654,MIN_VARIANCE_BUDGET_AVAILABLE,False,2016-03-01,2016-03-01,2015-03-06,242,0.0,0.0,0.0,0.0,0.0
2016-03-24,0.6490466426957654,0.3509533573042346,0.009522321727735848,0.012937290446816532,3.7493542613131046e-07,0.000257298224339538,0.6490466426957654,MIN_VARIANCE_BUDGET_AVAILABLE,False,2016-03-01,2016-03-01,2015-03-06,242,0.0,0.0,0.0,0.0,0.0
2016-03-25,0.6490466426957654,0.3509533573042346,0.009522321727735848,0.012937290446816532,3.7493542613131046e-07,0.000257298224339538,0.6490466426957654,MIN_VARIANCE_BUDGET_AVAILABLE,False,2016-03-01,2016-03-01,2015-03-06,242,0.0,0.0,0.0,0.0,0.0
2016-03-28,0.6490466426957654,0.3509533573042346,0.009522321727735848,0.012937290446816532,3.7493542613131046e-07,0.000257298224339538,0.6490466426957654,MIN_VARIANCE_BUDGET_AVAILABLE,False,2016-03-01,2016-03-01,2015-03-06,242,0.0,0.0,0.0,0.0,0.0
2016-03-29,0.6490466426957654,0.3509533573042346,0.009522321727735848,0.012937290446816532,3.7493542613131046e-07,0.000257298224339538,0.6490466426957654,MIN_VARIANCE_BUDGET_AVAILABLE,False,2016-03-01,2016-03-01,2015-03-06,242,0.0,0.0,0.0,0.0,0.0
2016-03-30,0.6490466426957654,0.3509533573042346,0.009522321727735848,0.012937290446816532,3.7493542613131046e-07,0.000257298224339538,0.6490466426957654,MIN_VARIANCE_BUDGET_AVAILABLE,False,2016-03-01,2016-03-01,2015-03-06,242,0.0,0.0,0.0,0.0,0.0
2016-03-31,0.6490466426957654,0.3509533573042346,0.009522321727735848,0.012937290446816532,3.7493542613131046e-07,0.000257298224339538,0.6490466426957654,MIN_VARIANCE_BUDGET_AVAILABLE,False,2016-03-01,2016-03-01,2015-03-06,242,0.0,0.0,0.0,0.0,0.0
2016-04-01,0.6008338705034784,0.39916612949652164,0.009917374482980176,0.01216629649841418,5.2189986458147576e-08,0.0002462687071500746,0.6008338705034784,MIN_VARIANCE_BUDGET_AVAILABLE,True,2016-04-01,2016-04-01,2015-04-09,242,0.0,0.0,0.0,0.0,0.0
2016-04-05,0.6008338705034784,0.39916612949652164,0.009917374482980176,0.01216629649841418,5.2189986458147576e-08,0.0002462687071500746,0.6008338705034784,MIN_VARIANCE_BUDGET_AVAILABLE,False,2016-04-01,2016-04-01,2015-04-09,242,0.0,0.0,0.0,0.0,0.0
2016-04-06,0.6008338705034784,0.39916612949652164,0.009917374482980176,0.01216629649841418,5.2189986458147576e-08,0.0002462687071500746,0.6008338705034784,MIN_VARIANCE_BUDGET_AVAILABLE,False,2016-04-01,2016-04-01,2015-04-09,242,0.0,0.0,0.0,0.0,0.0
2016-04-07,0.6008338705034784,0.39916612949652164,0.009917374482980176,0.01216629649841418,5.2189986458147576e-08,0.0002462687071500746,0.6008338705034784,MIN_VARIANCE_BUDGET_AVAILABLE,False,2016-04-01,2016-04-01,2015-04-09,242,0.0,0.0,0.0,0.0,0.0
2016-04-08,0.6008338705034784,0.39916612949652164,0.009917374482980176,0.01216629649841418,5.2189986458147576e-08,0.0002462687071500746,0.6008338705034784,MIN_VARIANCE_BUDGET_AVAILABLE,False,2016-04-01,2016-04-01,2015-04-09,242,0.0,0.0,0.0,0.0,0.0
2016-04-11,0.6008338705034784,0.39916612949652164,0.009917374482980176,0.01216629649841418,5.2189986458147576e-08,0.0002462687071500746,0.6008338705034784,MIN_VARIANCE_BUDGET_AVAILABLE,False,2016-04-01,2016-04-01,2015-04-09,242,0.0,0.0,0.0,0.0,0.0
2016-04-12,0.6008338705034784,0.39916612949652164,0.009917374482980176,0.01216629649841418,5.2189986458147576e-08,0.0002462687071500746,0.6008338705034784,MIN_VARIANCE_BUDGET_AVAILABLE,False,2016-04-01,2016-04-01,2015-04-09,242,0.0,0.0,0.0,0.0,0.0
2016-04-13,0.6008338705034784,0.39916612949652164,0.009917374482980176,0.01216629649841418,5.2189986458147576e-08,0.0002462687071500746,0.6008338705034784,MIN_VARIANCE_BUDGET_AVAILABLE,False,2016-04-01,2016-04-01,2015-04-09,242,0.0,0.0,0.0,0.0,0.0
2016-04-14,0.6008338705034784,0.39916612949652164,0.009917374482980176,0.01216629649841418,5.2189986458147576e-08,0.0002462687071500746,0.6008338705034784,MIN_VARIANCE_BUDGET_AVAILABLE,False,2016-04-01,2016-04-01,2015-04-09,242,0.0,0.0,0.0,0.0,0.0
2016-04-15,0.6008338705034784,0.39916612949652164,0.009917374482980176,0.01216629649841418,5.2189986458147576e-08,0.0002462687071500746,0.6008338705034784,MIN_VARIANCE_BUDGET_AVAILABLE,False,2016-04-01,2016-04-01,2015-04-09,242,0.0,0.0,0.0,0.0,0.0
2016-04-18,0.6008338705034784,0.39916612949652164,0.009917374482980176,0.01216629649841418,5.2189986458147576e-08,0.0002462687071500746,0.6008338705034784,MIN_VARIANCE_BUDGET_AVAILABLE,False,2016-04-01,2016-04-01,2015-04-09,242,0.0,0.0,0.0,0.0,0.0
2016-04-19,0.6008338705034784,0.39916612949652164,0.009917374482980176,0.01216629649841418,5.2189986458147576e-08,0.0002462687071500746,0.6008338705034784,MIN_VARIANCE_BUDGET_AVAILABLE,False,2016-04-01,2016-04-01,2015-04-09,242,0.0,0.0,0.0,0.0,0.0
2016-04-20,0.6008338705034784,0.39916612949652164,0.009917374482980176,0.01216629649841418,5.2189986458147576e-08,0.0002462687071500746,0.6008338705034784,MIN_VARIANCE_BUDGET_AVAILABLE,False,2016-04-01,2016-04-01,2015-04-09,242,0.0,0.0,0.0,0.0,0.0
2016-04-21,0.6008338705034784,0.39916612949652164,0.009917374482980176,0.01216629649841418,5.2189986458147576e-08,0.0002462687071500746,0.6008338705034784,MIN_VARIANCE_BUDGET_AVAILABLE,False,2016-04-01,2016-04-01,2015-04-09,242,0.0,0.0,0.0,0.0,0.0
2016-04-22,0.6008338705034784,0.39916612949652164,0.009917374482980176,0.01216629649841418,5.2189986458147576e-08,0.0002462687071500746,0.6008338705034784,MIN_VARIANCE_BUDGET_AVAILABLE,False,2016-04-01,2016-04-01,2015-04-09,242,0.0,0.0,0.0,0.0,0.0
2016-04-25,0.6008338705034784,0.39916612949652164,0.009917374482980176,0.01216629649841418,5.2189986458147576e-08,0.0002462687071500746,0.6008338705034784,MIN_VARIANCE_BUDGET_AVAILABLE,False,2016-04-01,2016-04-01,2015-04-09,242,0.0,0.0,0.0,0.0,0.0
2016-04-26,0.6008338705034784,0.39916612949652164,0.009917374482980176,0.01216629649841418,5.2189986458147576e-08,0.0002462687071500746,0.6008338705034784,MIN_VARIANCE_BUDGET_AVAILABLE,False,2016-04-01,2016-04-01,2015-04-09,242,0.0,0.0,0.0,0.0,0.0
2016-04-27,0.6008338705034784,0.39916612949652164,0.009917374482980176,0.01216629649841418,5.2189986458147576e-08,0.0002462687071500746,0.6008338705034784,MIN_VARIANCE_BUDGET_AVAILABLE,False,2016-04-01,2016-04-01,2015-04-09,242,0.0,0.0,0.0,0.0,0.0
2016-04-28,0.6008338705034784,0.39916612949652164,0.009917374482980176,0.01216629649841418,5.2189986458147576e-08,0.0002462687071500746,0.6008338705034784,MIN_VARIANCE_BUDGET_AVAILABLE,False,2016-04-01,2016-04-01,2015-04-09,242,0.0,0.0,0.0,0.0,0.0
2016-04-29,0.6008338705034784,0.39916612949652164,0.009917374482980176,0.01216629649841418,5.2189986458147576e-08,0.0002462687071500746,0.6008338705034784,MIN_VARIANCE_BUDGET_AVAILABLE,False,2016-04-01,2016-04-01,2015-04-09,242,0.0,1.0,0.39916612949652164,0.0,0.0
2016-05-03,0.5543725191066194,0.44562748089338056,0.00991737448298018,0.011060980403909435,4.1454879476801855e-08,0.0002206166943723805,0.5543725191066194,MIN_VARIANCE_BUDGET_AVAILABLE,True,2016-05-03,2016-05-03,2015-05-08,242,0.0,1.0,0.44562748089338056,0.0,0.0168862458390886
2016-05-04,0.5543725191066194,0.44562748089338056,0.00991737448298018,0.011060980403909435,4.1454879476801855e-08,0.0002206166943723805,0.5543725191066194,MIN_VARIANCE_BUDGET_AVAILABLE,False,2016-05-03,2016-05-03,2015-05-08,242,0.0,1.0,0.44562748089338056,0.0,-0.0037338719948968313
2016-05-05,0.5543725191066194,0.44562748089338056,0.00991737448298018,0.011060980403909435,4.1454879476801855e-08,0.0002206166943723805,0.5543725191066194,MIN_VARIANCE_BUDGET_AVAILABLE,False,2016-05-03,2016-05-03,2015-05-08,242,0.0,1.0,0.44562748089338056,0.0,0.0
2016-05-06,0.5543725191066194,0.44562748089338056,0.00991737448298018,0.011060980403909435,4.1454879476801855e-08,0.0002206166943723805,0.5543725191066194,MIN_VARIANCE_BUDGET_AVAILABLE,False,2016-05-03,2016-05-03,2015-05-08,242,0.0,1.0,0.44562748089338056,0.0,-0.022799518452403245
2016-05-09,0.5543725191066194,0.44562748089338056,0.00991737448298018,0.011060980403909435,4.1454879476801855e-08,0.0002206166943723805,0.5543725191066194,MIN_VARIANCE_BUDGET_AVAILABLE,False,2016-05-03,2016-05-03,2015-05-08,242,0.0,1.0,0.44562748089338056,0.0,-0.02045498267205026
2016-05-10,0.5543725191066194,0.44562748089338056,0.00991737448298018,0.011060980403909435,4.1454879476801855e-08,0.0002206166943723805,0.5543725191066194,MIN_VARIANCE_BUDGET_AVAILABLE,False,2016-05-03,2016-05-03,2015-05-08,242,0.0,1.0,0.44562748089338056,0.0,-0.000978849665702941
2016-05-11,0.5543725191066194,0.44562748089338056,0.00991737448298018,0.011060980403909435,4.1454879476801855e-08,0.0002206166943723805,0.5543725191066194,MIN_VARIANCE_BUDGET_AVAILABLE,False,2016-05-03,2016-05-03,2015-05-08,242,0.0,1.0,0.44562748089338056,0.0,0.003919235004685495
2016-05-12,0.5543725191066194,0.44562748089338056,0.00991737448298018,0.011060980403909435,4.1454879476801855e-08,0.0002206166943723805,0.5543725191066194,MIN_VARIANCE_BUDGET_AVAILABLE,False,2016-05-03,2016-05-03,2015-05-08,242,0.0,1.0,0.44562748089338056,0.0,0.0035786066870326927
2016-05-13,0.5543725191066194,0.44562748089338056,0.00991737448298018,0.011060980403909435,4.1454879476801855e-08,0.0002206166943723805,0.5543725191066194,MIN_VARIANCE_BUDGET_AVAILABLE,False,2016-05-03,2016-05-03,2015-05-08,242,0.0,1.0,0.44562748089338056,0.0,-0.003565845926953637
2016-05-16,0.5543725191066194,0.44562748089338056,0.00991737448298018,0.011060980403909435,4.1454879476801855e-08,0.0002206166943723805,0.5543725191066194,MIN_VARIANCE_BUDGET_AVAILABLE,False,2016-05-03,2016-05-03,2015-05-08,242,0.0,1.0,0.44562748089338056,0.0,0.0039039345676719073
2016-05-17,0.5543725191066194,0.44562748089338056,0.00991737448298018,0.011060980403909435,4.1454879476801855e-08,0.0002206166943723805,0.5543725191066194,MIN_VARIANCE_BUDGET_AVAILABLE,False,2016-05-03,2016-05-03,2015-05-08,242,0.0,1.0,0.44562748089338056,0.0,-0.0016203138041261944
2016-05-18,0.5543725191066194,0.44562748089338056,0.00991737448298018,0.011060980403909435,4.1454879476801855e-08,0.0002206166943723805,0.5543725191066194,MIN_VARIANCE_BUDGET_AVAILABLE,False,2016-05-03,2016-05-03,2015-05-08,242,0.0,1.0,0.44562748089338056,0.0,-0.006491773927412847
2016-05-19,0.5543725191066194,0.44562748089338056,0.00991737448298018,0.011060980403909435,4.1454879476801855e-08,0.0002206166943723805,0.5543725191066194,MIN_VARIANCE_BUDGET_AVAILABLE,False,2016-05-03,2016-05-03,2015-05-08,242,0.0,1.0,0.44562748089338056,0.0,-0.0019602577282350486
2016-05-20,0.5543725191066194,0.44562748089338056,0.00991737448298018,0.011060980403909435,4.1454879476801855e-08,0.0002206166943723805,0.5543725191066194,MIN_VARIANCE_BUDGET_AVAILABLE,False,2016-05-03,2016-05-03,2015-05-08,242,0.0,1.0,0.44562748089338056,0.0,0.006547026286324753
2016-05-23,0.5543725191066194,0.44562748089338056,0.00991737448298018,0.011060980403909435,4.1454879476801855e-08,0.0002206166943723805,0.5543725191066194,MIN_VARIANCE_BUDGET_AVAILABLE,False,2016-05-03,2016-05-03,2015-05-08,242,0.0,1.0,0.44562748089338056,0.0,0.0016261103841519464
2016-05-24,0.5543725191066194,0.44562748089338056,0.00991737448298018,0.011060980403909435,4.1454879476801855e-08,0.0002206166943723805,0.5543725191066194,MIN_VARIANCE_BUDGET_AVAILABLE,False,2016-05-03,2016-05-03,2015-05-08,242,0.0,1.0,0.44562748089338056,0.0,-0.006169187679628818
2016-05-25,0.5543725191066194,0.44562748089338056,0.00991737448298018,0.011060980403909435,4.1454879476801855e-08,0.0002206166943723805,0.5543725191066194,MIN_VARIANCE_BUDGET_AVAILABLE,False,2016-05-03,2016-05-03,2015-05-08,242,0.0,1.0,0.44562748089338056,0.0,-0.0006534192427449792
2016-05-26,0.5543725191066194,0.44562748089338056,0.00991737448298018,0.011060980403909435,4.1454879476801855e-08,0.0002206166943723805,0.5543725191066194,MIN_VARIANCE_BUDGET_AVAILABLE,False,2016-05-03,2016-05-03,2015-05-08,242,0.0,1.0,0.44562748089338056,0.0,0.0
2016-05-27,0.5543725191066194,0.44562748089338056,0.00991737448298018,0.011060980403909435,4.1454879476801855e-08,0.0002206166943723805,0.5543725191066194,MIN_VARIANCE_BUDGET_AVAILABLE,False,2016-05-03,2016-05-03,2015-05-08,242,0.0,1.0,0.44562748089338056,0.0,0.0006538464786158826
2016-05-30,0.5543725191066194,0.44562748089338056,0.00991737448298018,0.011060980403909435,4.1454879476801855e-08,0.0002206166943723805,0.5543725191066194,MIN_VARIANCE_BUDGET_AVAILABLE,False,2016-05-03,2016-05-03,2015-05-08,242,0.0,1.0,0.44562748089338056,0.0,0.0006534192427449792
2016-05-31,0.5543725191066194,0.44562748089338056,0.00991737448298018,0.011060980403909435,4.1454879476801855e-08,0.0002206166943723805,0.5543725191066194,MIN_VARIANCE_BUDGET_AVAILABLE,False,2016-05-03,2016-05-03,2015-05-08,242,0.0,1.0,0.44562748089338056,0.0,0.0349351022188209
2016-06-01,0.559834203432185,0.44016579656781496,0.009917374482980182,0.011184324198370354,1.808115016087012e-08,0.00022340726210959728,0.559834203432185,MIN_VARIANCE_BUDGET_AVAILABLE,True,2016-06-01,2016-06-01,2015-06-08,242,0.0,1.0,0.44016579656781496,0.0,-0.00410117664609666
2016-06-02,0.559834203432185,0.44016579656781496,0.009917374482980182,0.011184324198370354,1.808115016087012e-08,0.00022340726210959728,0.559834203432185,MIN_VARIANCE_BUDGET_AVAILABLE,False,2016-06-01,2016-06-01,2015-06-08,242,0.0,1.0,0.44016579656781496,0.0,0.0009503228216305448
2016-06-03,0.559834203432185,0.44016579656781496,0.009917374482980182,0.011184324198370354,1.808115016087012e-08,0.00022340726210959728,0.559834203432185,MIN_VARIANCE_BUDGET_AVAILABLE,False,2016-06-01,2016-06-01,2015-06-08,242,0.0,1.0,0.44016579656781496,0.0,0.011709520309066468
2016-06-06,0.559834203432185,0.44016579656781496,0.009917374482980182,0.011184324198370354,1.808115016087012e-08,0.00022340726210959728,0.559834203432185,MIN_VARIANCE_BUDGET_AVAILABLE,False,2016-06-01,2016-06-01,2015-06-08,242,0.0,1.0,0.44016579656781496,0.0,-0.005943402522919472
2016-06-07,0.559834203432185,0.44016579656781496,0.009917374482980182,0.011184324198370354,1.808115016087012e-08,0.00022340726210959728,0.559834203432185,MIN_VARIANCE_BUDGET_AVAILABLE,False,2016-06-01,2016-06-01,2015-06-08,242,0.0,1.0,0.44016579656781496,0.0,0.0
2016-06-08,0.559834203432185,0.44016579656781496,0.009917374482980182,0.011184324198370354,1.808115016087012e-08,0.00022340726210959728,0.559834203432185,MIN_VARIANCE_BUDGET_AVAILABLE,False,2016-06-01,2016-06-01,2015-06-08,242,0.0,1.0,0.44016579656781496,0.0,-0.0012587237382456484
2016-06-13,0.559834203432185,0.44016579656781496,0.009917374482980182,0.011184324198370354,1.808115016087012e-08,0.00022340726210959728,0.559834203432185,MIN_VARIANCE_BUDGET_AVAILABLE,False,2016-06-01,2016-06-01,2015-06-08,242,0.0,1.0,0.44016579656781496,0.0,-0.03276806313330871
2016-06-14,0.559834203432185,0.44016579656781496,0.009917374482980182,0.011184324198370354,1.808115016087012e-08,0.00022340726210959728,0.559834203432185,MIN_VARIANCE_BUDGET_AVAILABLE,False,2016-06-01,2016-06-01,2015-06-08,242,0.0,1.0,0.44016579656781496,0.0,0.004234773207481446
2016-06-15,0.559834203432185,0.44016579656781496,0.009917374482980182,0.011184324198370354,1.808115016087012e-08,0.00022340726210959728,0.559834203432185,MIN_VARIANCE_BUDGET_AVAILABLE,False,2016-06-01,2016-06-01,2015-06-08,242,0.0,1.0,0.44016579656781496,0.0,0.013299502814634545
2016-06-16,0.559834203432185,0.44016579656781496,0.009917374482980182,0.011184324198370354,1.808115016087012e-08,0.00022340726210959728,0.559834203432185,MIN_VARIANCE_BUDGET_AVAILABLE,False,2016-06-01,2016-06-01,2015-06-08,242,0.0,1.0,0.44016579656781496,0.0,-0.006082292761471431
2016-06-17,0.559834203432185,0.44016579656781496,0.009917374482980182,0.011184324198370354,1.808115016087012e-08,0.00022340726210959728,0.559834203432185,MIN_VARIANCE_BUDGET_AVAILABLE,False,2016-06-01,2016-06-01,2015-06-08,242,0.0,1.0,0.44016579656781496,0.0,0.004187035507291048
2016-06-20,0.559834203432185,0.44016579656781496,0.009917374482980182,0.011184324198370354,1.808115016087012e-08,0.00022340726210959728,0.559834203432185,MIN_VARIANCE_BUDGET_AVAILABLE,False,2016-06-01,2016-06-01,2015-06-08,242,0.0,1.0,0.44016579656781496,0.0,0.0003207367183786225
2016-06-21,0.559834203432185,0.44016579656781496,0.009917374482980182,0.011184324198370354,1.808115016087012e-08,0.00022340726210959728,0.559834203432185,MIN_VARIANCE_BUDGET_AVAILABLE,False,2016-06-01,2016-06-01,2015-06-08,242,0.0,1.0,0.44016579656781496,0.0,-0.0022444371552426956
2016-06-22,0.559834203432185,0.44016579656781496,0.009917374482980182,0.011184324198370354,1.808115016087012e-08,0.00022340726210959728,0.559834203432185,MIN_VARIANCE_BUDGET_AVAILABLE,False,2016-06-01,2016-06-01,2015-06-08,242,0.0,1.0,0.44016579656781496,0.0,0.006105747674027828
2016-06-23,0.559834203432185,0.44016579656781496,0.009917374482980182,0.011184324198370354,1.808115016087012e-08,0.00022340726210959728,0.559834203432185,MIN_VARIANCE_BUDGET_AVAILABLE,False,2016-06-01,2016-06-01,2015-06-08,242,0.0,1.0,0.44016579656781496,0.0,-0.003194049348005823
2016-06-24,0.559834203432185,0.44016579656781496,0.009917374482980182,0.011184324198370354,1.808115016087012e-08,0.00022340726210959728,0.559834203432185,MIN_VARIANCE_BUDGET_AVAILABLE,False,2016-06-01,2016-06-01,2015-06-08,242,0.0,1.0,0.44016579656781496,0.0,-0.01057413716433453
2016-06-27,0.559834203432185,0.44016579656781496,0.009917374482980182,0.011184324198370354,1.808115016087012e-08,0.00022340726210959728,0.559834203432185,MIN_VARIANCE_BUDGET_AVAILABLE,False,2016-06-01,2016-06-01,2015-06-08,242,0.0,1.0,0.44016579656781496,0.0,0.012630261677246457
2016-06-28,0.559834203432185,0.44016579656781496,0.009917374482980182,0.011184324198370354,1.808115016087012e-08,0.00022340726210959728,0.559834203432185,MIN_VARIANCE_BUDGET_AVAILABLE,False,2016-06-01,2016-06-01,2015-06-08,242,0.0,1.0,0.44016579656781496,0.0,0.005117016558169762
2016-06-29,0.559834203432185,0.44016579656781496,0.009917374482980182,0.011184324198370354,1.808115016087012e-08,0.00022340726210959728,0.559834203432185,MIN_VARIANCE_BUDGET_AVAILABLE,False,2016-06-01,2016-06-01,2015-06-08,242,0.0,1.0,0.44016579656781496,0.0,0.004454595250740656
2016-06-30,0.559834203432185,0.44016579656781496,0.009917374482980182,0.011184324198370354,1.808115016087012e-08,0.00022340726210959728,0.559834203432185,MIN_VARIANCE_BUDGET_AVAILABLE,False,2016-06-01,2016-06-01,2015-06-08,242,0.0,1.0,0.44016579656781496,0.0,0.0015838713693845374
2016-07-01,0.60058101446714,0.39941898553286004,0.008183251572058377,0.01003826178418383,-1.4844346105216654e-07,0.00016802919286150553,0.60058101446714,MIN_VARIANCE_BUDGET_AVAILABLE,True,2016-07-01,2016-07-01,2015-07-07,242,0.0,1.0,0.39941898553286004,0.0,-0.0009488200127778512
2016-07-04,0.60058101446714,0.39941898553286004,0.008183251572058377,0.01003826178418383,-1.4844346105216654e-07,0.00016802919286150553,0.60058101446714,MIN_VARIANCE_BUDGET_AVAILABLE,False,2016-07-01,2016-07-01,2015-07-07,242,0.0,1.0,0.39941898553286004,0.0,0.016778406580354677
2016-07-05,0.60058101446714,0.39941898553286004,0.008183251572058377,0.01003826178418383,-1.4844346105216654e-07,0.00016802919286150553,0.60058101446714,MIN_VARIANCE_BUDGET_AVAILABLE,False,2016-07-01,2016-07-01,2015-07-07,242,0.0,1.0,0.39941898553286004,0.0,0.0024907980501120974
2016-07-06,0.60058101446714,0.39941898553286004,0.008183251572058377,0.01003826178418383,-1.4844346105216654e-07,0.00016802919286150553,0.60058101446714,MIN_VARIANCE_BUDGET_AVAILABLE,False,2016-07-01,2016-07-01,2015-07-07,242,0.0,1.0,0.39941898553286004,0.0,0.004969218779776963
2016-07-07,0.60058101446714,0.39941898553286004,0.008183251572058377,0.01003826178418383,-1.4844346105216654e-07,0.00016802919286150553,0.60058101446714,MIN_VARIANCE_BUDGET_AVAILABLE,False,2016-07-01,2016-07-01,2015-07-07,242,0.0,1.0,0.39941898553286004,0.0,0.001236161935837643
2016-07-08,0.60058101446714,0.39941898553286004,0.008183251572058377,0.01003826178418383,-1.4844346105216654e-07,0.00016802919286150553,0.60058101446714,MIN_VARIANCE_BUDGET_AVAILABLE,False,2016-07-01,2016-07-01,2015-07-07,242,0.0,1.0,0.39941898553286004,0.0,-0.003703907178445376
2016-07-11,0.60058101446714,0.39941898553286004,0.008183251572058377,0.01003826178418383,-1.4844346105216654e-07,0.00016802919286150553,0.60058101446714,MIN_VARIANCE_BUDGET_AVAILABLE,False,2016-07-01,2016-07-01,2015-07-07,242,0.0,1.0,0.39941898553286004,0.0,0.0024784514062519136
2016-07-12,0.60058101446714,0.39941898553286004,0.008183251572058377,0.01003826178418383,-1.4844346105216654e-07,0.00016802919286150553,0.60058101446714,MIN_VARIANCE_BUDGET_AVAILABLE,False,2016-07-01,2016-07-01,2015-07-07,242,0.0,1.0,0.39941898553286004,0.0,0.02534131968467479
2016-07-13,0.60058101446714,0.39941898553286004,0.008183251572058377,0.01003826178418383,-1.4844346105216654e-07,0.00016802919286150553,0.60058101446714,MIN_VARIANCE_BUDGET_AVAILABLE,False,2016-07-01,2016-07-01,2015-07-07,242,0.0,1.0,0.39941898553286004,0.0,0.002109817819866411
2016-07-14,0.60058101446714,0.39941898553286004,0.008183251572058377,0.01003826178418383,-1.4844346105216654e-07,0.00016802919286150553,0.60058101446714,MIN_VARIANCE_BUDGET_AVAILABLE,False,2016-07-01,2016-07-01,2015-07-07,242,0.0,1.0,0.39941898553286004,0.0,-0.0015038399002562652
2016-07-15,0.60058101446714,0.39941898553286004,0.008183251572058377,0.01003826178418383,-1.4844346105216654e-07,0.00016802919286150553,0.60058101446714,MIN_VARIANCE_BUDGET_AVAILABLE,False,2016-07-01,2016-07-01,2015-07-07,242,0.0,1.0,0.39941898553286004,0.0,0.0012048838726479438
2016-07-18,0.60058101446714,0.39941898553286004,0.008183251572058377,0.01003826178418383,-1.4844346105216654e-07,0.00016802919286150553,0.60058101446714,MIN_VARIANCE_BUDGET_AVAILABLE,False,2016-07-01,2016-07-01,2015-07-07,242,0.0,1.0,0.39941898553286004,0.0,-0.003610301623741763
2016-07-19,0.60058101446714,0.39941898553286004,0.008183251572058377,0.01003826178418383,-1.4844346105216654e-07,0.00016802919286150553,0.60058101446714,MIN_VARIANCE_BUDGET_AVAILABLE,False,2016-07-01,2016-07-01,2015-07-07,242,0.0,1.0,0.39941898553286004,0.0,-0.005133126100462793
2016-07-20,0.60058101446714,0.39941898553286004,0.008183251572058377,0.01003826178418383,-1.4844346105216654e-07,0.00016802919286150553,0.60058101446714,MIN_VARIANCE_BUDGET_AVAILABLE,False,2016-07-01,2016-07-01,2015-07-07,242,0.0,1.0,0.39941898553286004,0.0,-0.002124545720101678
2016-07-21,0.60058101446714,0.39941898553286004,0.008183251572058377,0.01003826178418383,-1.4844346105216654e-07,0.00016802919286150553,0.60058101446714,MIN_VARIANCE_BUDGET_AVAILABLE,False,2016-07-01,2016-07-01,2015-07-07,242,0.0,1.0,0.39941898553286004,0.0,0.005474748920363037
2016-07-22,0.60058101446714,0.39941898553286004,0.008183251572058377,0.01003826178418383,-1.4844346105216654e-07,0.00016802919286150553,0.60058101446714,MIN_VARIANCE_BUDGET_AVAILABLE,False,2016-07-01,2016-07-01,2015-07-07,242,0.0,1.0,0.39941898553286004,0.0,-0.008772402117120714
2016-07-25,0.60058101446714,0.39941898553286004,0.008183251572058377,0.01003826178418383,-1.4844346105216654e-07,0.00016802919286150553,0.60058101446714,MIN_VARIANCE_BUDGET_AVAILABLE,False,2016-07-01,2016-07-01,2015-07-07,242,0.0,1.0,0.39941898553286004,0.0,-0.0003051737314158087
2016-07-26,0.60058101446714,0.39941898553286004,0.008183251572058377,0.01003826178418383,-1.4844346105216654e-07,0.00016802919286150553,0.60058101446714,MIN_VARIANCE_BUDGET_AVAILABLE,False,2016-07-01,2016-07-01,2015-07-07,242,0.0,1.0,0.39941898553286004,0.0,0.012821209415784907
2016-07-27,0.60058101446714,0.39941898553286004,0.008183251572058377,0.01003826178418383,-1.4844346105216654e-07,0.00016802919286150553,0.60058101446714,MIN_VARIANCE_BUDGET_AVAILABLE,False,2016-07-01,2016-07-01,2015-07-07,242,0.0,0.0,0.0,0.0,-0.01838555528740793
2016-07-28,0.60058101446714,0.39941898553286004,0.008183251572058377,0.01003826178418383,-1.4844346105216654e-07,0.00016802919286150553,0.60058101446714,MIN_VARIANCE_BUDGET_AVAILABLE,False,2016-07-01,2016-07-01,2015-07-07,242,0.0,0.0,0.0,0.0,-0.004190772464009562
2016-07-29,0.60058101446714,0.39941898553286004,0.008183251572058377,0.01003826178418383,-1.4844346105216654e-07,0.00016802919286150553,0.60058101446714,MIN_VARIANCE_BUDGET_AVAILABLE,False,2016-07-01,2016-07-01,2015-07-07,242,0.0,0.0,0.0,0.0,0.0
2016-08-01,0.6866775192232758,0.3133224807767242,0.007002882743004238,0.0103666609659826,7.723618196066775e-09,0.00015649257905950203,0.6866775192232758,MIN_VARIANCE_BUDGET_AVAILABLE,True,2016-08-01,2016-08-01,2015-08-05,242,0.0,0.0,0.0,0.0,0.0
2016-08-02,0.6866775192232758,0.3133224807767242,0.007002882743004238,0.0103666609659826,7.723618196066775e-09,0.00015649257905950203,0.6866775192232758,MIN_VARIANCE_BUDGET_AVAILABLE,False,2016-08-01,2016-08-01,2015-08-05,242,0.0,0.0,0.0,0.0,0.0
2016-08-03,0.6866775192232758,0.3133224807767242,0.007002882743004238,0.0103666609659826,7.723618196066775e-09,0.00015649257905950203,0.6866775192232758,MIN_VARIANCE_BUDGET_AVAILABLE,False,2016-08-01,2016-08-01,2015-08-05,242,0.0,0.0,0.0,0.0,0.0
2016-08-04,0.6866775192232758,0.3133224807767242,0.007002882743004238,0.0103666609659826,7.723618196066775e-09,0.00015649257905950203,0.6866775192232758,MIN_VARIANCE_BUDGET_AVAILABLE,False,2016-08-01,2016-08-01,2015-08-05,242,0.0,0.0,0.0,0.0,0.0
2016-08-05,0.6866775192232758,0.3133224807767242,0.007002882743004238,0.0103666609659826,7.723618196066775e-09,0.00015649257905950203,0.6866775192232758,MIN_VARIANCE_BUDGET_AVAILABLE,False,2016-08-01,2016-08-01,2015-08-05,242,0.0,0.0,0.0,0.0,0.0
2016-08-08,0.6866775192232758,0.3133224807767242,0.007002882743004238,0.0103666609659826,7.723618196066775e-09,0.00015649257905950203,0.6866775192232758,MIN_VARIANCE_BUDGET_AVAILABLE,False,2016-08-01,2016-08-01,2015-08-05,242,0.0,0.0,0.0,0.0,0.0
2016-08-09,0.6866775192232758,0.3133224807767242,0.007002882743004238,0.0103666609659826,7.723618196066775e-09,0.00015649257905950203,0.6866775192232758,MIN_VARIANCE_BUDGET_AVAILABLE,False,2016-08-01,2016-08-01,2015-08-05,242,0.0,0.0,0.0,0.0,0.0
2016-08-10,0.6866775192232758,0.3133224807767242,0.007002882743004238,0.0103666609659826,7.723618196066775e-09,0.00015649257905950203,0.6866775192232758,MIN_VARIANCE_BUDGET_AVAILABLE,False,2016-08-01,2016-08-01,2015-08-05,242,0.0,0.0,0.0,0.0,0.0
2016-08-11,0.6866775192232758,0.3133224807767242,0.007002882743004238,0.0103666609659826,7.723618196066775e-09,0.00015649257905950203,0.6866775192232758,MIN_VARIANCE_BUDGET_AVAILABLE,False,2016-08-01,2016-08-01,2015-08-05,242,0.0,0.0,0.0,0.0,0.0
2016-08-12,0.6866775192232758,0.3133224807767242,0.007002882743004238,0.0103666609659826,7.723618196066775e-09,0.00015649257905950203,0.6866775192232758,MIN_VARIANCE_BUDGET_AVAILABLE,False,2016-08-01,2016-08-01,2015-08-05,242,0.0,0.0,0.0,0.0,0.0
2016-08-15,0.6866775192232758,0.3133224807767242,0.007002882743004238,0.0103666609659826,7.723618196066775e-09,0.00015649257905950203,0.6866775192232758,MIN_VARIANCE_BUDGET_AVAILABLE,False,2016-08-01,2016-08-01,2015-08-05,242,0.0,0.0,0.0,0.0,0.0
2016-08-16,0.6866775192232758,0.3133224807767242,0.007002882743004238,0.0103666609659826,7.723618196066775e-09,0.00015649257905950203,0.6866775192232758,MIN_VARIANCE_BUDGET_AVAILABLE,False,2016-08-01,2016-08-01,2015-08-05,242,0.0,0.0,0.0,0.0,0.0
2016-08-17,0.6866775192232758,0.3133224807767242,0.007002882743004238,0.0103666609659826,7.723618196066775e-09,0.00015649257905950203,0.6866775192232758,MIN_VARIANCE_BUDGET_AVAILABLE,False,2016-08-01,2016-08-01,2015-08-05,242,0.0,0.0,0.0,0.0,0.0
2016-08-18,0.6866775192232758,0.3133224807767242,0.007002882743004238,0.0103666609659826,7.723618196066775e-09,0.00015649257905950203,0.6866775192232758,MIN_VARIANCE_BUDGET_AVAILABLE,False,2016-08-01,2016-08-01,2015-08-05,242,0.0,0.0,0.0,0.0,0.0
2016-08-19,0.6866775192232758,0.3133224807767242,0.007002882743004238,0.0103666609659826,7.723618196066775e-09,0.00015649257905950203,0.6866775192232758,MIN_VARIANCE_BUDGET_AVAILABLE,False,2016-08-01,2016-08-01,2015-08-05,242,0.0,0.0,0.0,0.0,0.0
2016-08-22,0.6866775192232758,0.3133224807767242,0.007002882743004238,0.0103666609659826,7.723618196066775e-09,0.00015649257905950203,0.6866775192232758,MIN_VARIANCE_BUDGET_AVAILABLE,False,2016-08-01,2016-08-01,2015-08-05,242,0.0,0.0,0.0,0.0,0.0
2016-08-23,0.6866775192232758,0.3133224807767242,0.007002882743004238,0.0103666609659826,7.723618196066775e-09,0.00015649257905950203,0.6866775192232758,MIN_VARIANCE_BUDGET_AVAILABLE,False,2016-08-01,2016-08-01,2015-08-05,242,0.0,0.0,0.0,0.0,0.0
2016-08-24,0.6866775192232758,0.3133224807767242,0.007002882743004238,0.0103666609659826,7.723618196066775e-09,0.00015649257905950203,0.6866775192232758,MIN_VARIANCE_BUDGET_AVAILABLE,False,2016-08-01,2016-08-01,2015-08-05,242,0.0,0.0,0.0,0.0,0.0
2016-08-25,0.6866775192232758,0.3133224807767242,0.007002882743004238,0.0103666609659826,7.723618196066775e-09,0.00015649257905950203,0.6866775192232758,MIN_VARIANCE_BUDGET_AVAILABLE,False,2016-08-01,2016-08-01,2015-08-05,242,0.0,0.0,0.0,0.0,0.0
2016-08-26,0.6866775192232758,0.3133224807767242,0.007002882743004238,0.0103666609659826,7.723618196066775e-09,0.00015649257905950203,0.6866775192232758,MIN_VARIANCE_BUDGET_AVAILABLE,False,2016-08-01,2016-08-01,2015-08-05,242,0.0,0.0,0.0,0.0,0.0
2016-08-29,0.6866775192232758,0.3133224807767242,0.007002882743004238,0.0103666609659826,7.723618196066775e-09,0.00015649257905950203,0.6866775192232758,MIN_VARIANCE_BUDGET_AVAILABLE,False,2016-08-01,2016-08-01,2015-08-05,242,0.0,0.0,0.0,0.0,0.0
2016-08-30,0.6866775192232758,0.3133224807767242,0.007002882743004238,0.0103666609659826,7.723618196066775e-09,0.00015649257905950203,0.6866775192232758,MIN_VARIANCE_BUDGET_AVAILABLE,False,2016-08-01,2016-08-01,2015-08-05,242,0.0,0.0,0.0,0.0,0.0
2016-08-31,0.6866775192232758,0.3133224807767242,0.007002882743004238,0.0103666609659826,7.723618196066775e-09,0.00015649257905950203,0.6866775192232758,MIN_VARIANCE_BUDGET_AVAILABLE,False,2016-08-01,2016-08-01,2015-08-05,242,0.0,0.0,0.0,0.0,0.0
2016-09-01,0.74121388293565,0.25878611706434995,0.006131259657187169,0.010366660965982597,1.0950791856147524e-07,0.0001448409887303558,0.74121388293565,MIN_VARIANCE_BUDGET_AVAILABLE,True,2016-09-01,2016-09-01,2015-09-09,242,0.0,0.0,0.0,0.0,0.0
2016-09-02,0.74121388293565,0.25878611706434995,0.006131259657187169,0.010366660965982597,1.0950791856147524e-07,0.0001448409887303558,0.74121388293565,MIN_VARIANCE_BUDGET_AVAILABLE,False,2016-09-01,2016-09-01,2015-09-09,242,0.0,0.0,0.0,0.0,0.0
2016-09-05,0.74121388293565,0.25878611706434995,0.006131259657187169,0.010366660965982597,1.0950791856147524e-07,0.0001448409887303558,0.74121388293565,MIN_VARIANCE_BUDGET_AVAILABLE,False,2016-09-01,2016-09-01,2015-09-09,242,0.0,0.0,0.0,0.0,0.0
2016-09-06,0.74121388293565,0.25878611706434995,0.006131259657187169,0.010366660965982597,1.0950791856147524e-07,0.0001448409887303558,0.74121388293565,MIN_VARIANCE_BUDGET_AVAILABLE,False,2016-09-01,2016-09-01,2015-09-09,242,0.0,0.0,0.0,0.0,0.0
2016-09-07,0.74121388293565,0.25878611706434995,0.006131259657187169,0.010366660965982597,1.0950791856147524e-07,0.0001448409887303558,0.74121388293565,MIN_VARIANCE_BUDGET_AVAILABLE,False,2016-09-01,2016-09-01,2015-09-09,242,0.0,0.0,0.0,0.0,0.0
2016-09-08,0.74121388293565,0.25878611706434995,0.006131259657187169,0.010366660965982597,1.0950791856147524e-07,0.0001448409887303558,0.74121388293565,MIN_VARIANCE_BUDGET_AVAILABLE,False,2016-09-01,2016-09-01,2015-09-09,242,0.0,0.0,0.0,0.0,0.0
2016-09-09,0.74121388293565,0.25878611706434995,0.006131259657187169,0.010366660965982597,1.0950791856147524e-07,0.0001448409887303558,0.74121388293565,MIN_VARIANCE_BUDGET_AVAILABLE,False,2016-09-01,2016-09-01,2015-09-09,242,0.0,0.0,0.0,0.0,0.0
2016-09-12,0.74121388293565,0.25878611706434995,0.006131259657187169,0.010366660965982597,1.0950791856147524e-07,0.0001448409887303558,0.74121388293565,MIN_VARIANCE_BUDGET_AVAILABLE,False,2016-09-01,2016-09-01,2015-09-09,242,0.0,0.0,0.0,0.0,0.0
2016-09-13,0.74121388293565,0.25878611706434995,0.006131259657187169,0.010366660965982597,1.0950791856147524e-07,0.0001448409887303558,0.74121388293565,MIN_VARIANCE_BUDGET_AVAILABLE,False,2016-09-01,2016-09-01,2015-09-09,242,0.0,0.0,0.0,0.0,0.0
2016-09-14,0.74121388293565,0.25878611706434995,0.006131259657187169,0.010366660965982597,1.0950791856147524e-07,0.0001448409887303558,0.74121388293565,MIN_VARIANCE_BUDGET_AVAILABLE,False,2016-09-01,2016-09-01,2015-09-09,242,0.0,0.0,0.0,0.0,0.0
2016-09-19,0.74121388293565,0.25878611706434995,0.006131259657187169,0.010366660965982597,1.0950791856147524e-07,0.0001448409887303558,0.74121388293565,MIN_VARIANCE_BUDGET_AVAILABLE,False,2016-09-01,2016-09-01,2015-09-09,242,0.0,0.0,0.0,0.0,0.0
2016-09-20,0.74121388293565,0.25878611706434995,0.006131259657187169,0.010366660965982597,1.0950791856147524e-07,0.0001448409887303558,0.74121388293565,MIN_VARIANCE_BUDGET_AVAILABLE,False,2016-09-01,2016-09-01,2015-09-09,242,0.0,0.0,0.0,0.0,0.0
2016-09-21,0.74121388293565,0.25878611706434995,0.006131259657187169,0.010366660965982597,1.0950791856147524e-07,0.0001448409887303558,0.74121388293565,MIN_VARIANCE_BUDGET_AVAILABLE,False,2016-09-01,2016-09-01,2015-09-09,242,0.0,0.0,0.0,0.0,0.0
2016-09-22,0.74121388293565,0.25878611706434995,0.006131259657187169,0.010366660965982597,1.0950791856147524e-07,0.0001448409887303558,0.74121388293565,MIN_VARIANCE_BUDGET_AVAILABLE,False,2016-09-01,2016-09-01,2015-09-09,242,0.0,0.0,0.0,0.0,0.0
2016-09-23,0.74121388293565,0.25878611706434995,0.006131259657187169,0.010366660965982597,1.0950791856147524e-07,0.0001448409887303558,0.74121388293565,MIN_VARIANCE_BUDGET_AVAILABLE,False,2016-09-01,2016-09-01,2015-09-09,242,0.0,0.0,0.0,0.0,0.0
2016-09-26,0.74121388293565,0.25878611706434995,0.006131259657187169,0.010366660965982597,1.0950791856147524e-07,0.0001448409887303558,0.74121388293565,MIN_VARIANCE_BUDGET_AVAILABLE,False,2016-09-01,2016-09-01,2015-09-09,242,0.0,0.0,0.0,0.0,0.0
2016-09-27,0.74121388293565,0.25878611706434995,0.006131259657187169,0.010366660965982597,1.0950791856147524e-07,0.0001448409887303558,0.74121388293565,MIN_VARIANCE_BUDGET_AVAILABLE,False,2016-09-01,2016-09-01,2015-09-09,242,0.0,0.0,0.0,0.0,0.0
2016-09-28,0.74121388293565,0.25878611706434995,0.006131259657187169,0.010366660965982597,1.0950791856147524e-07,0.0001448409887303558,0.74121388293565,MIN_VARIANCE_BUDGET_AVAILABLE,False,2016-09-01,2016-09-01,2015-09-09,242,0.0,0.0,0.0,0.0,0.0
2016-09-29,0.74121388293565,0.25878611706434995,0.006131259657187169,0.010366660965982597,1.0950791856147524e-07,0.0001448409887303558,0.74121388293565,MIN_VARIANCE_BUDGET_AVAILABLE,False,2016-09-01,2016-09-01,2015-09-09,242,0.0,0.0,0.0,0.0,0.0
2016-09-30,0.74121388293565,0.25878611706434995,0.006131259657187169,0.010366660965982597,1.0950791856147524e-07,0.0001448409887303558,0.74121388293565,MIN_VARIANCE_BUDGET_AVAILABLE,False,2016-09-01,2016-09-01,2015-09-09,242,0.0,0.0,0.0,0.0,0.0
2016-10-10,0.7630793894754497,0.23692061052455027,0.0054082729679780835,0.009707980841161342,-1.6972960140719122e-08,0.00012352825442879956,0.7630793894754497,MIN_VARIANCE_BUDGET_AVAILABLE,True,2016-10-10,2016-10-10,2015-10-14,242,0.0,0.0,0.0,0.0,0.0
2016-10-11,0.7630793894754497,0.23692061052455027,0.0054082729679780835,0.009707980841161342,-1.6972960140719122e-08,0.00012352825442879956,0.7630793894754497,MIN_VARIANCE_BUDGET_AVAILABLE,False,2016-10-10,2016-10-10,2015-10-14,242,0.0,0.0,0.0,0.0,0.0
2016-10-12,0.7630793894754497,0.23692061052455027,0.0054082729679780835,0.009707980841161342,-1.6972960140719122e-08,0.00012352825442879956,0.7630793894754497,MIN_VARIANCE_BUDGET_AVAILABLE,False,2016-10-10,2016-10-10,2015-10-14,242,0.0,0.0,0.0,0.0,0.0
2016-10-13,0.7630793894754497,0.23692061052455027,0.0054082729679780835,0.009707980841161342,-1.6972960140719122e-08,0.00012352825442879956,0.7630793894754497,MIN_VARIANCE_BUDGET_AVAILABLE,False,2016-10-10,2016-10-10,2015-10-14,242,0.0,0.0,0.0,0.0,0.0
2016-10-14,0.7630793894754497,0.23692061052455027,0.0054082729679780835,0.009707980841161342,-1.6972960140719122e-08,0.00012352825442879956,0.7630793894754497,MIN_VARIANCE_BUDGET_AVAILABLE,False,2016-10-10,2016-10-10,2015-10-14,242,0.0,0.0,0.0,0.0,0.0
2016-10-17,0.7630793894754497,0.23692061052455027,0.0054082729679780835,0.009707980841161342,-1.6972960140719122e-08,0.00012352825442879956,0.7630793894754497,MIN_VARIANCE_BUDGET_AVAILABLE,False,2016-10-10,2016-10-10,2015-10-14,242,0.0,0.0,0.0,0.0,0.0
2016-10-18,0.7630793894754497,0.23692061052455027,0.0054082729679780835,0.009707980841161342,-1.6972960140719122e-08,0.00012352825442879956,0.7630793894754497,MIN_VARIANCE_BUDGET_AVAILABLE,False,2016-10-10,2016-10-10,2015-10-14,242,0.0,0.0,0.0,0.0,0.0
2016-10-19,0.7630793894754497,0.23692061052455027,0.0054082729679780835,0.009707980841161342,-1.6972960140719122e-08,0.00012352825442879956,0.7630793894754497,MIN_VARIANCE_BUDGET_AVAILABLE,False,2016-10-10,2016-10-10,2015-10-14,242,0.0,0.0,0.0,0.0,0.0
2016-10-20,0.7630793894754497,0.23692061052455027,0.0054082729679780835,0.009707980841161342,-1.6972960140719122e-08,0.00012352825442879956,0.7630793894754497,MIN_VARIANCE_BUDGET_AVAILABLE,False,2016-10-10,2016-10-10,2015-10-14,242,0.0,0.0,0.0,0.0,0.0
2016-10-21,0.7630793894754497,0.23692061052455027,0.0054082729679780835,0.009707980841161342,-1.6972960140719122e-08,0.00012352825442879956,0.7630793894754497,MIN_VARIANCE_BUDGET_AVAILABLE,False,2016-10-10,2016-10-10,2015-10-14,242,0.0,0.0,0.0,0.0,0.0
2016-10-24,0.7630793894754497,0.23692061052455027,0.0054082729679780835,0.009707980841161342,-1.6972960140719122e-08,0.00012352825442879956,0.7630793894754497,MIN_VARIANCE_BUDGET_AVAILABLE,False,2016-10-10,2016-10-10,2015-10-14,242,0.0,0.0,0.0,0.0,0.0
2016-10-25,0.7630793894754497,0.23692061052455027,0.0054082729679780835,0.009707980841161342,-1.6972960140719122e-08,0.00012352825442879956,0.7630793894754497,MIN_VARIANCE_BUDGET_AVAILABLE,False,2016-10-10,2016-10-10,2015-10-14,242,0.0,0.0,0.0,0.0,0.0
2016-10-26,0.7630793894754497,0.23692061052455027,0.0054082729679780835,0.009707980841161342,-1.6972960140719122e-08,0.00012352825442879956,0.7630793894754497,MIN_VARIANCE_BUDGET_AVAILABLE,False,2016-10-10,2016-10-10,2015-10-14,242,0.0,0.0,0.0,0.0,0.0
2016-10-27,0.7630793894754497,0.23692061052455027,0.0054082729679780835,0.009707980841161342,-1.6972960140719122e-08,0.00012352825442879956,0.7630793894754497,MIN_VARIANCE_BUDGET_AVAILABLE,False,2016-10-10,2016-10-10,2015-10-14,242,0.0,0.0,0.0,0.0,0.0
2016-10-28,0.7630793894754497,0.23692061052455027,0.0054082729679780835,0.009707980841161342,-1.6972960140719122e-08,0.00012352825442879956,0.7630793894754497,MIN_VARIANCE_BUDGET_AVAILABLE,False,2016-10-10,2016-10-10,2015-10-14,242,0.0,0.0,0.0,0.0,0.0
2016-10-31,0.7630793894754497,0.23692061052455027,0.0054082729679780835,0.009707980841161342,-1.6972960140719122e-08,0.00012352825442879956,0.7630793894754497,MIN_VARIANCE_BUDGET_AVAILABLE,False,2016-10-10,2016-10-10,2015-10-14,242,0.0,0.0,0.0,0.0,0.0
2016-11-01,0.6958537005249866,0.30414629947501337,0.005408272967978081,0.008181030115196362,-7.582563757444928e-09,9.619383536942716e-05,0.6958537005249866,MIN_VARIANCE_BUDGET_AVAILABLE,True,2016-11-01,2016-11-01,2015-11-05,242,0.0,0.0,0.0,0.0,0.0
2016-11-02,0.6958537005249866,0.30414629947501337,0.005408272967978081,0.008181030115196362,-7.582563757444928e-09,9.619383536942716e-05,0.6958537005249866,MIN_VARIANCE_BUDGET_AVAILABLE,False,2016-11-01,2016-11-01,2015-11-05,242,0.0,0.0,0.0,0.0,0.0
2016-11-03,0.6958537005249866,0.30414629947501337,0.005408272967978081,0.008181030115196362,-7.582563757444928e-09,9.619383536942716e-05,0.6958537005249866,MIN_VARIANCE_BUDGET_AVAILABLE,False,2016-11-01,2016-11-01,2015-11-05,242,0.0,0.0,0.0,0.0,0.0
2016-11-04,0.6958537005249866,0.30414629947501337,0.005408272967978081,0.008181030115196362,-7.582563757444928e-09,9.619383536942716e-05,0.6958537005249866,MIN_VARIANCE_BUDGET_AVAILABLE,False,2016-11-01,2016-11-01,2015-11-05,242,0.0,0.0,0.0,0.0,0.0
2016-11-07,0.6958537005249866,0.30414629947501337,0.005408272967978081,0.008181030115196362,-7.582563757444928e-09,9.619383536942716e-05,0.6958537005249866,MIN_VARIANCE_BUDGET_AVAILABLE,False,2016-11-01,2016-11-01,2015-11-05,242,0.0,0.0,0.0,0.0,0.0
2016-11-08,0.6958537005249866,0.30414629947501337,0.005408272967978081,0.008181030115196362,-7.582563757444928e-09,9.619383536942716e-05,0.6958537005249866,MIN_VARIANCE_BUDGET_AVAILABLE,False,2016-11-01,2016-11-01,2015-11-05,242,0.0,0.0,0.0,0.0,0.0
2016-11-09,0.6958537005249866,0.30414629947501337,0.005408272967978081,0.008181030115196362,-7.582563757444928e-09,9.619383536942716e-05,0.6958537005249866,MIN_VARIANCE_BUDGET_AVAILABLE,False,2016-11-01,2016-11-01,2015-11-05,242,0.0,0.0,0.0,0.0,0.0
2016-11-10,0.6958537005249866,0.30414629947501337,0.005408272967978081,0.008181030115196362,-7.582563757444928e-09,9.619383536942716e-05,0.6958537005249866,MIN_VARIANCE_BUDGET_AVAILABLE,False,2016-11-01,2016-11-01,2015-11-05,242,0.0,0.0,0.0,0.0,0.0
2016-11-11,0.6958537005249866,0.30414629947501337,0.005408272967978081,0.008181030115196362,-7.582563757444928e-09,9.619383536942716e-05,0.6958537005249866,MIN_VARIANCE_BUDGET_AVAILABLE,False,2016-11-01,2016-11-01,2015-11-05,242,0.0,0.0,0.0,0.0,0.0
2016-11-14,0.6958537005249866,0.30414629947501337,0.005408272967978081,0.008181030115196362,-7.582563757444928e-09,9.619383536942716e-05,0.6958537005249866,MIN_VARIANCE_BUDGET_AVAILABLE,False,2016-11-01,2016-11-01,2015-11-05,242,0.0,0.0,0.0,0.0,0.0
2016-11-15,0.6958537005249866,0.30414629947501337,0.005408272967978081,0.008181030115196362,-7.582563757444928e-09,9.619383536942716e-05,0.6958537005249866,MIN_VARIANCE_BUDGET_AVAILABLE,False,2016-11-01,2016-11-01,2015-11-05,242,0.0,0.0,0.0,0.0,0.0
2016-11-16,0.6958537005249866,0.30414629947501337,0.005408272967978081,0.008181030115196362,-7.582563757444928e-09,9.619383536942716e-05,0.6958537005249866,MIN_VARIANCE_BUDGET_AVAILABLE,False,2016-11-01,2016-11-01,2015-11-05,242,0.0,0.0,0.0,0.0,0.0
2016-11-17,0.6958537005249866,0.30414629947501337,0.005408272967978081,0.008181030115196362,-7.582563757444928e-09,9.619383536942716e-05,0.6958537005249866,MIN_VARIANCE_BUDGET_AVAILABLE,False,2016-11-01,2016-11-01,2015-11-05,242,0.0,0.0,0.0,0.0,0.0
2016-11-18,0.6958537005249866,0.30414629947501337,0.005408272967978081,0.008181030115196362,-7.582563757444928e-09,9.619383536942716e-05,0.6958537005249866,MIN_VARIANCE_BUDGET_AVAILABLE,False,2016-11-01,2016-11-01,2015-11-05,242,0.0,0.0,0.0,0.0,0.0
2016-11-21,0.6958537005249866,0.30414629947501337,0.005408272967978081,0.008181030115196362,-7.582563757444928e-09,9.619383536942716e-05,0.6958537005249866,MIN_VARIANCE_BUDGET_AVAILABLE,False,2016-11-01,2016-11-01,2015-11-05,242,0.0,0.0,0.0,0.0,0.0
2016-11-22,0.6958537005249866,0.30414629947501337,0.005408272967978081,0.008181030115196362,-7.582563757444928e-09,9.619383536942716e-05,0.6958537005249866,MIN_VARIANCE_BUDGET_AVAILABLE,False,2016-11-01,2016-11-01,2015-11-05,242,0.0,0.0,0.0,0.0,0.0
2016-11-23,0.6958537005249866,0.30414629947501337,0.005408272967978081,0.008181030115196362,-7.582563757444928e-09,9.619383536942716e-05,0.6958537005249866,MIN_VARIANCE_BUDGET_AVAILABLE,False,2016-11-01,2016-11-01,2015-11-05,242,0.0,0.0,0.0,0.0,0.0
2016-11-24,0.6958537005249866,0.30414629947501337,0.005408272967978081,0.008181030115196362,-7.582563757444928e-09,9.619383536942716e-05,0.6958537005249866,MIN_VARIANCE_BUDGET_AVAILABLE,False,2016-11-01,2016-11-01,2015-11-05,242,0.0,0.0,0.0,0.0,0.0
2016-11-25,0.6958537005249866,0.30414629947501337,0.005408272967978081,0.008181030115196362,-7.582563757444928e-09,9.619383536942716e-05,0.6958537005249866,MIN_VARIANCE_BUDGET_AVAILABLE,False,2016-11-01,2016-11-01,2015-11-05,242,0.0,0.0,0.0,0.0,0.0
2016-11-28,0.6958537005249866,0.30414629947501337,0.005408272967978081,0.008181030115196362,-7.582563757444928e-09,9.619383536942716e-05,0.6958537005249866,MIN_VARIANCE_BUDGET_AVAILABLE,False,2016-11-01,2016-11-01,2015-11-05,242,0.0,0.0,0.0,0.0,0.0
2016-11-29,0.6958537005249866,0.30414629947501337,0.005408272967978081,0.008181030115196362,-7.582563757444928e-09,9.619383536942716e-05,0.6958537005249866,MIN_VARIANCE_BUDGET_AVAILABLE,False,2016-11-01,2016-11-01,2015-11-05,242,0.0,0.0,0.0,0.0,0.0
2016-11-30,0.6958537005249866,0.30414629947501337,0.005408272967978081,0.008181030115196362,-7.582563757444928e-09,9.619383536942716e-05,0.6958537005249866,MIN_VARIANCE_BUDGET_AVAILABLE,False,2016-11-01,2016-11-01,2015-11-05,242,0.0,0.0,0.0,0.0,0.0
2016-12-01,0.5743729446709533,0.42562705532904666,0.0054082729679780775,0.006282795835647594,-6.226009026730071e-09,6.87353920266468e-05,0.5743729446709533,MIN_VARIANCE_BUDGET_AVAILABLE,True,2016-12-01,2016-12-01,2015-12-07,242,0.0,0.0,0.0,0.0,0.0
2016-12-02,0.5743729446709533,0.42562705532904666,0.0054082729679780775,0.006282795835647594,-6.226009026730071e-09,6.87353920266468e-05,0.5743729446709533,MIN_VARIANCE_BUDGET_AVAILABLE,False,2016-12-01,2016-12-01,2015-12-07,242,0.0,0.0,0.0,0.0,0.0
2016-12-05,0.5743729446709533,0.42562705532904666,0.0054082729679780775,0.006282795835647594,-6.226009026730071e-09,6.87353920266468e-05,0.5743729446709533,MIN_VARIANCE_BUDGET_AVAILABLE,False,2016-12-01,2016-12-01,2015-12-07,242,0.0,0.0,0.0,0.0,0.0
2016-12-06,0.5743729446709533,0.42562705532904666,0.0054082729679780775,0.006282795835647594,-6.226009026730071e-09,6.87353920266468e-05,0.5743729446709533,MIN_VARIANCE_BUDGET_AVAILABLE,False,2016-12-01,2016-12-01,2015-12-07,242,0.0,0.0,0.0,0.0,0.0
2016-12-07,0.5743729446709533,0.42562705532904666,0.0054082729679780775,0.006282795835647594,-6.226009026730071e-09,6.87353920266468e-05,0.5743729446709533,MIN_VARIANCE_BUDGET_AVAILABLE,False,2016-12-01,2016-12-01,2015-12-07,242,0.0,0.0,0.0,0.0,0.0
2016-12-08,0.5743729446709533,0.42562705532904666,0.0054082729679780775,0.006282795835647594,-6.226009026730071e-09,6.87353920266468e-05,0.5743729446709533,MIN_VARIANCE_BUDGET_AVAILABLE,False,2016-12-01,2016-12-01,2015-12-07,242,0.0,0.0,0.0,0.0,0.0
2016-12-09,0.5743729446709533,0.42562705532904666,0.0054082729679780775,0.006282795835647594,-6.226009026730071e-09,6.87353920266468e-05,0.5743729446709533,MIN_VARIANCE_BUDGET_AVAILABLE,False,2016-12-01,2016-12-01,2015-12-07,242,0.0,0.0,0.0,0.0,0.0
2016-12-12,0.5743729446709533,0.42562705532904666,0.0054082729679780775,0.006282795835647594,-6.226009026730071e-09,6.87353920266468e-05,0.5743729446709533,MIN_VARIANCE_BUDGET_AVAILABLE,False,2016-12-01,2016-12-01,2015-12-07,242,0.0,0.0,0.0,0.0,0.0
2016-12-13,0.5743729446709533,0.42562705532904666,0.0054082729679780775,0.006282795835647594,-6.226009026730071e-09,6.87353920266468e-05,0.5743729446709533,MIN_VARIANCE_BUDGET_AVAILABLE,False,2016-12-01,2016-12-01,2015-12-07,242,0.0,0.0,0.0,0.0,0.0
2016-12-14,0.5743729446709533,0.42562705532904666,0.0054082729679780775,0.006282795835647594,-6.226009026730071e-09,6.87353920266468e-05,0.5743729446709533,MIN_VARIANCE_BUDGET_AVAILABLE,False,2016-12-01,2016-12-01,2015-12-07,242,0.0,0.0,0.0,0.0,0.0
2016-12-15,0.5743729446709533,0.42562705532904666,0.0054082729679780775,0.006282795835647594,-6.226009026730071e-09,6.87353920266468e-05,0.5743729446709533,MIN_VARIANCE_BUDGET_AVAILABLE,False,2016-12-01,2016-12-01,2015-12-07,242,0.0,0.0,0.0,0.0,0.0
2016-12-16,0.5743729446709533,0.42562705532904666,0.0054082729679780775,0.006282795835647594,-6.226009026730071e-09,6.87353920266468e-05,0.5743729446709533,MIN_VARIANCE_BUDGET_AVAILABLE,False,2016-12-01,2016-12-01,2015-12-07,242,0.0,0.0,0.0,0.0,0.0
2016-12-19,0.5743729446709533,0.42562705532904666,0.0054082729679780775,0.006282795835647594,-6.226009026730071e-09,6.87353920266468e-05,0.5743729446709533,MIN_VARIANCE_BUDGET_AVAILABLE,False,2016-12-01,2016-12-01,2015-12-07,242,0.0,0.0,0.0,0.0,0.0
2016-12-20,0.5743729446709533,0.42562705532904666,0.0054082729679780775,0.006282795835647594,-6.226009026730071e-09,6.87353920266468e-05,0.5743729446709533,MIN_VARIANCE_BUDGET_AVAILABLE,False,2016-12-01,2016-12-01,2015-12-07,242,0.0,0.0,0.0,0.0,0.0
2016-12-21,0.5743729446709533,0.42562705532904666,0.0054082729679780775,0.006282795835647594,-6.226009026730071e-09,6.87353920266468e-05,0.5743729446709533,MIN_VARIANCE_BUDGET_AVAILABLE,False,2016-12-01,2016-12-01,2015-12-07,242,0.0,0.0,0.0,0.0,0.0
2016-12-22,0.5743729446709533,0.42562705532904666,0.0054082729679780775,0.006282795835647594,-6.226009026730071e-09,6.87353920266468e-05,0.5743729446709533,MIN_VARIANCE_BUDGET_AVAILABLE,False,2016-12-01,2016-12-01,2015-12-07,242,0.0,0.0,0.0,0.0,0.0
2016-12-23,0.5743729446709533,0.42562705532904666,0.0054082729679780775,0.006282795835647594,-6.226009026730071e-09,6.87353920266468e-05,0.5743729446709533,MIN_VARIANCE_BUDGET_AVAILABLE,False,2016-12-01,2016-12-01,2015-12-07,242,0.0,0.0,0.0,0.0,0.0
2016-12-26,0.5743729446709533,0.42562705532904666,0.0054082729679780775,0.006282795835647594,-6.226009026730071e-09,6.87353920266468e-05,0.5743729446709533,MIN_VARIANCE_BUDGET_AVAILABLE,False,2016-12-01,2016-12-01,2015-12-07,242,0.0,0.0,0.0,0.0,0.0
2016-12-27,0.5743729446709533,0.42562705532904666,0.0054082729679780775,0.006282795835647594,-6.226009026730071e-09,6.87353920266468e-05,0.5743729446709533,MIN_VARIANCE_BUDGET_AVAILABLE,False,2016-12-01,2016-12-01,2015-12-07,242,0.0,0.0,0.0,0.0,0.0
2016-12-28,0.5743729446709533,0.42562705532904666,0.0054082729679780775,0.006282795835647594,-6.226009026730071e-09,6.87353920266468e-05,0.5743729446709533,MIN_VARIANCE_BUDGET_AVAILABLE,False,2016-12-01,2016-12-01,2015-12-07,242,0.0,0.0,0.0,0.0,0.0
2016-12-29,0.5743729446709533,0.42562705532904666,0.0054082729679780775,0.006282795835647594,-6.226009026730071e-09,6.87353920266468e-05,0.5743729446709533,MIN_VARIANCE_BUDGET_AVAILABLE,False,2016-12-01,2016-12-01,2015-12-07,242,0.0,0.0,0.0,0.0,0.0
2016-12-30,0.5743729446709533,0.42562705532904666,0.0054082729679780775,0.006282795835647594,-6.226009026730071e-09,6.87353920266468e-05,0.5743729446709533,MIN_VARIANCE_BUDGET_AVAILABLE,False,2016-12-01,2016-12-01,2015-12-07,242,0.0,0.0,0.0,0.0,0.0
2017-01-03,0.46748355944920617,0.5325164405507938,0.005408272967978075,0.0050672312133182166,-4.398760397526787e-09,5.4935046186184206e-05,0.46748355944920617,MIN_VARIANCE_BUDGET_AVAILABLE,True,2017-01-03,2017-01-03,2016-01-07,242,0.0,0.0,0.0,0.0,0.0
2017-01-04,0.46748355944920617,0.5325164405507938,0.005408272967978075,0.0050672312133182166,-4.398760397526787e-09,5.4935046186184206e-05,0.46748355944920617,MIN_VARIANCE_BUDGET_AVAILABLE,False,2017-01-03,2017-01-03,2016-01-07,242,0.0,0.0,0.0,0.0,0.0
2017-01-05,0.46748355944920617,0.5325164405507938,0.005408272967978075,0.0050672312133182166,-4.398760397526787e-09,5.4935046186184206e-05,0.46748355944920617,MIN_VARIANCE_BUDGET_AVAILABLE,False,2017-01-03,2017-01-03,2016-01-07,242,0.0,0.0,0.0,0.0,0.0
2017-01-06,0.46748355944920617,0.5325164405507938,0.005408272967978075,0.0050672312133182166,-4.398760397526787e-09,5.4935046186184206e-05,0.46748355944920617,MIN_VARIANCE_BUDGET_AVAILABLE,False,2017-01-03,2017-01-03,2016-01-07,242,0.0,0.0,0.0,0.0,0.0
2017-01-09,0.46748355944920617,0.5325164405507938,0.005408272967978075,0.0050672312133182166,-4.398760397526787e-09,5.4935046186184206e-05,0.46748355944920617,MIN_VARIANCE_BUDGET_AVAILABLE,False,2017-01-03,2017-01-03,2016-01-07,242,0.0,0.0,0.0,0.0,0.0
2017-01-10,0.46748355944920617,0.5325164405507938,0.005408272967978075,0.0050672312133182166,-4.398760397526787e-09,5.4935046186184206e-05,0.46748355944920617,MIN_VARIANCE_BUDGET_AVAILABLE,False,2017-01-03,2017-01-03,2016-01-07,242,0.0,0.0,0.0,0.0,0.0
2017-01-11,0.46748355944920617,0.5325164405507938,0.005408272967978075,0.0050672312133182166,-4.398760397526787e-09,5.4935046186184206e-05,0.46748355944920617,MIN_VARIANCE_BUDGET_AVAILABLE,False,2017-01-03,2017-01-03,2016-01-07,242,0.0,0.0,0.0,0.0,0.0
2017-01-12,0.46748355944920617,0.5325164405507938,0.005408272967978075,0.0050672312133182166,-4.398760397526787e-09,5.4935046186184206e-05,0.46748355944920617,MIN_VARIANCE_BUDGET_AVAILABLE,False,2017-01-03,2017-01-03,2016-01-07,242,0.0,0.0,0.0,0.0,0.0
2017-01-13,0.46748355944920617,0.5325164405507938,0.005408272967978075,0.0050672312133182166,-4.398760397526787e-09,5.4935046186184206e-05,0.46748355944920617,MIN_VARIANCE_BUDGET_AVAILABLE,False,2017-01-03,2017-01-03,2016-01-07,242,0.0,0.0,0.0,0.0,0.0
2017-01-16,0.46748355944920617,0.5325164405507938,0.005408272967978075,0.0050672312133182166,-4.398760397526787e-09,5.4935046186184206e-05,0.46748355944920617,MIN_VARIANCE_BUDGET_AVAILABLE,False,2017-01-03,2017-01-03,2016-01-07,242,0.0,0.0,0.0,0.0,0.0
2017-01-17,0.46748355944920617,0.5325164405507938,0.005408272967978075,0.0050672312133182166,-4.398760397526787e-09,5.4935046186184206e-05,0.46748355944920617,MIN_VARIANCE_BUDGET_AVAILABLE,False,2017-01-03,2017-01-03,2016-01-07,242,0.0,0.0,0.0,0.0,0.0
2017-01-18,0.46748355944920617,0.5325164405507938,0.005408272967978075,0.0050672312133182166,-4.398760397526787e-09,5.4935046186184206e-05,0.46748355944920617,MIN_VARIANCE_BUDGET_AVAILABLE,False,2017-01-03,2017-01-03,2016-01-07,242,0.0,0.0,0.0,0.0,0.0
2017-01-19,0.46748355944920617,0.5325164405507938,0.005408272967978075,0.0050672312133182166,-4.398760397526787e-09,5.4935046186184206e-05,0.46748355944920617,MIN_VARIANCE_BUDGET_AVAILABLE,False,2017-01-03,2017-01-03,2016-01-07,242,0.0,0.0,0.0,0.0,0.0
2017-01-20,0.46748355944920617,0.5325164405507938,0.005408272967978075,0.0050672312133182166,-4.398760397526787e-09,5.4935046186184206e-05,0.46748355944920617,MIN_VARIANCE_BUDGET_AVAILABLE,False,2017-01-03,2017-01-03,2016-01-07,242,0.0,0.0,0.0,0.0,0.0
2017-01-23,0.46748355944920617,0.5325164405507938,0.005408272967978075,0.0050672312133182166,-4.398760397526787e-09,5.4935046186184206e-05,0.46748355944920617,MIN_VARIANCE_BUDGET_AVAILABLE,False,2017-01-03,2017-01-03,2016-01-07,242,0.0,0.0,0.0,0.0,0.0
2017-01-24,0.46748355944920617,0.5325164405507938,0.005408272967978075,0.0050672312133182166,-4.398760397526787e-09,5.4935046186184206e-05,0.46748355944920617,MIN_VARIANCE_BUDGET_AVAILABLE,False,2017-01-03,2017-01-03,2016-01-07,242,0.0,0.0,0.0,0.0,0.0
2017-01-25,0.46748355944920617,0.5325164405507938,0.005408272967978075,0.0050672312133182166,-4.398760397526787e-09,5.4935046186184206e-05,0.46748355944920617,MIN_VARIANCE_BUDGET_AVAILABLE,False,2017-01-03,2017-01-03,2016-01-07,242,0.0,0.0,0.0,0.0,0.0
2017-01-26,0.46748355944920617,0.5325164405507938,0.005408272967978075,0.0050672312133182166,-4.398760397526787e-09,5.4935046186184206e-05,0.46748355944920617,MIN_VARIANCE_BUDGET_AVAILABLE,False,2017-01-03,2017-01-03,2016-01-07,242,0.0,0.0,0.0,0.0,0.0
2017-02-03,0.6359063890961874,0.36409361090381265,0.0038314628312441814,0.005067231213318216,-5.002132562260457e-08,4.0456982247677265e-05,0.6359063890961874,MIN_VARIANCE_BUDGET_AVAILABLE,True,2017-02-03,2017-02-03,2016-02-02,242,0.0,0.0,0.0,0.0,0.0
2017-02-06,0.6359063890961874,0.36409361090381265,0.0038314628312441814,0.005067231213318216,-5.002132562260457e-08,4.0456982247677265e-05,0.6359063890961874,MIN_VARIANCE_BUDGET_AVAILABLE,False,2017-02-03,2017-02-03,2016-02-02,242,0.0,0.0,0.0,0.0,0.0
2017-02-07,0.6359063890961874,0.36409361090381265,0.0038314628312441814,0.005067231213318216,-5.002132562260457e-08,4.0456982247677265e-05,0.6359063890961874,MIN_VARIANCE_BUDGET_AVAILABLE,False,2017-02-03,2017-02-03,2016-02-02,242,0.0,0.0,0.0,0.0,0.0
2017-02-08,0.6359063890961874,0.36409361090381265,0.0038314628312441814,0.005067231213318216,-5.002132562260457e-08,4.0456982247677265e-05,0.6359063890961874,MIN_VARIANCE_BUDGET_AVAILABLE,False,2017-02-03,2017-02-03,2016-02-02,242,0.0,0.0,0.0,0.0,0.0
2017-02-09,0.6359063890961874,0.36409361090381265,0.0038314628312441814,0.005067231213318216,-5.002132562260457e-08,4.0456982247677265e-05,0.6359063890961874,MIN_VARIANCE_BUDGET_AVAILABLE,False,2017-02-03,2017-02-03,2016-02-02,242,0.0,0.0,0.0,0.0,0.0
2017-02-10,0.6359063890961874,0.36409361090381265,0.0038314628312441814,0.005067231213318216,-5.002132562260457e-08,4.0456982247677265e-05,0.6359063890961874,MIN_VARIANCE_BUDGET_AVAILABLE,False,2017-02-03,2017-02-03,2016-02-02,242,0.0,0.0,0.0,0.0,0.0
2017-02-13,0.6359063890961874,0.36409361090381265,0.0038314628312441814,0.005067231213318216,-5.002132562260457e-08,4.0456982247677265e-05,0.6359063890961874,MIN_VARIANCE_BUDGET_AVAILABLE,False,2017-02-03,2017-02-03,2016-02-02,242,0.0,0.0,0.0,0.0,0.0
2017-02-14,0.6359063890961874,0.36409361090381265,0.0038314628312441814,0.005067231213318216,-5.002132562260457e-08,4.0456982247677265e-05,0.6359063890961874,MIN_VARIANCE_BUDGET_AVAILABLE,False,2017-02-03,2017-02-03,2016-02-02,242,0.0,0.0,0.0,0.0,0.0
2017-02-15,0.6359063890961874,0.36409361090381265,0.0038314628312441814,0.005067231213318216,-5.002132562260457e-08,4.0456982247677265e-05,0.6359063890961874,MIN_VARIANCE_BUDGET_AVAILABLE,False,2017-02-03,2017-02-03,2016-02-02,242,0.0,0.0,0.0,0.0,0.0
2017-02-16,0.6359063890961874,0.36409361090381265,0.0038314628312441814,0.005067231213318216,-5.002132562260457e-08,4.0456982247677265e-05,0.6359063890961874,MIN_VARIANCE_BUDGET_AVAILABLE,False,2017-02-03,2017-02-03,2016-02-02,242,0.0,0.0,0.0,0.0,0.0
2017-02-17,0.6359063890961874,0.36409361090381265,0.0038314628312441814,0.005067231213318216,-5.002132562260457e-08,4.0456982247677265e-05,0.6359063890961874,MIN_VARIANCE_BUDGET_AVAILABLE,False,2017-02-03,2017-02-03,2016-02-02,242,0.0,0.0,0.0,0.0,0.0
2017-02-20,0.6359063890961874,0.36409361090381265,0.0038314628312441814,0.005067231213318216,-5.002132562260457e-08,4.0456982247677265e-05,0.6359063890961874,MIN_VARIANCE_BUDGET_AVAILABLE,False,2017-02-03,2017-02-03,2016-02-02,242,0.0,0.0,0.0,0.0,0.0
2017-02-21,0.6359063890961874,0.36409361090381265,0.0038314628312441814,0.005067231213318216,-5.002132562260457e-08,4.0456982247677265e-05,0.6359063890961874,MIN_VARIANCE_BUDGET_AVAILABLE,False,2017-02-03,2017-02-03,2016-02-02,242,0.0,0.0,0.0,0.0,0.0
2017-02-22,0.6359063890961874,0.36409361090381265,0.0038314628312441814,0.005067231213318216,-5.002132562260457e-08,4.0456982247677265e-05,0.6359063890961874,MIN_VARIANCE_BUDGET_AVAILABLE,False,2017-02-03,2017-02-03,2016-02-02,242,0.0,0.0,0.0,0.0,0.0
2017-02-23,0.6359063890961874,0.36409361090381265,0.0038314628312441814,0.005067231213318216,-5.002132562260457e-08,4.0456982247677265e-05,0.6359063890961874,MIN_VARIANCE_BUDGET_AVAILABLE,False,2017-02-03,2017-02-03,2016-02-02,242,0.0,0.0,0.0,0.0,0.0
2017-02-24,0.6359063890961874,0.36409361090381265,0.0038314628312441814,0.005067231213318216,-5.002132562260457e-08,4.0456982247677265e-05,0.6359063890961874,MIN_VARIANCE_BUDGET_AVAILABLE,False,2017-02-03,2017-02-03,2016-02-02,242,0.0,0.0,0.0,0.0,0.0
2017-02-27,0.6359063890961874,0.36409361090381265,0.0038314628312441814,0.005067231213318216,-5.002132562260457e-08,4.0456982247677265e-05,0.6359063890961874,MIN_VARIANCE_BUDGET_AVAILABLE,False,2017-02-03,2017-02-03,2016-02-02,242,0.0,0.0,0.0,0.0,0.0
2017-02-28,0.6359063890961874,0.36409361090381265,0.0038314628312441814,0.005067231213318216,-5.002132562260457e-08,4.0456982247677265e-05,0.6359063890961874,MIN_VARIANCE_BUDGET_AVAILABLE,False,2017-02-03,2017-02-03,2016-02-02,242,0.0,0.0,0.0,0.0,0.0
2017-03-01,0.6359063890961874,0.36409361090381265,0.0,0.005067231213318216,,,,NO_VIEW_ZERO_OR_INVALID_RISK_KEEP_BUDGET,True,2017-03-01,2017-02-03,2016-03-04,242,0.0,0.0,0.0,0.0,0.0
2017-03-02,0.6359063890961874,0.36409361090381265,0.0,0.005067231213318216,,,,NO_VIEW_ZERO_OR_INVALID_RISK_KEEP_BUDGET,False,2017-03-01,2017-02-03,2016-03-04,242,0.0,0.0,0.0,0.0,0.0
2017-03-03,0.6359063890961874,0.36409361090381265,0.0,0.005067231213318216,,,,NO_VIEW_ZERO_OR_INVALID_RISK_KEEP_BUDGET,False,2017-03-01,2017-02-03,2016-03-04,242,0.0,0.0,0.0,0.0,0.0
2017-03-06,0.6359063890961874,0.36409361090381265,0.0,0.005067231213318216,,,,NO_VIEW_ZERO_OR_INVALID_RISK_KEEP_BUDGET,False,2017-03-01,2017-02-03,2016-03-04,242,0.0,0.0,0.0,0.0,0.0
2017-03-07,0.6359063890961874,0.36409361090381265,0.0,0.005067231213318216,,,,NO_VIEW_ZERO_OR_INVALID_RISK_KEEP_BUDGET,False,2017-03-01,2017-02-03,2016-03-04,242,0.0,0.0,0.0,0.0,0.0
2017-03-08,0.6359063890961874,0.36409361090381265,0.0,0.005067231213318216,,,,NO_VIEW_ZERO_OR_INVALID_RISK_KEEP_BUDGET,False,2017-03-01,2017-02-03,2016-03-04,242,0.0,0.0,0.0,0.0,0.0
2017-03-09,0.6359063890961874,0.36409361090381265,0.0,0.005067231213318216,,,,NO_VIEW_ZERO_OR_INVALID_RISK_KEEP_BUDGET,False,2017-03-01,2017-02-03,2016-03-04,242,0.0,0.0,0.0,0.0,0.0
2017-03-10,0.6359063890961874,0.36409361090381265,0.0,0.005067231213318216,,,,NO_VIEW_ZERO_OR_INVALID_RISK_KEEP_BUDGET,False,2017-03-01,2017-02-03,2016-03-04,242,0.0,0.0,0.0,0.0,0.0
2017-03-13,0.6359063890961874,0.36409361090381265,0.0,0.005067231213318216,,,,NO_VIEW_ZERO_OR_INVALID_RISK_KEEP_BUDGET,False,2017-03-01,2017-02-03,2016-03-04,242,0.0,0.0,0.0,0.0,0.0
2017-03-14,0.6359063890961874,0.36409361090381265,0.0,0.005067231213318216,,,,NO_VIEW_ZERO_OR_INVALID_RISK_KEEP_BUDGET,False,2017-03-01,2017-02-03,2016-03-04,242,0.0,0.0,0.0,0.0,0.0
2017-03-15,0.6359063890961874,0.36409361090381265,0.0,0.005067231213318216,,,,NO_VIEW_ZERO_OR_INVALID_RISK_KEEP_BUDGET,False,2017-03-01,2017-02-03,2016-03-04,242,0.0,0.0,0.0,0.0,0.0
2017-03-16,0.6359063890961874,0.36409361090381265,0.0,0.005067231213318216,,,,NO_VIEW_ZERO_OR_INVALID_RISK_KEEP_BUDGET,False,2017-03-01,2017-02-03,2016-03-04,242,0.0,0.0,0.0,0.0,0.0
2017-03-17,0.6359063890961874,0.36409361090381265,0.0,0.005067231213318216,,,,NO_VIEW_ZERO_OR_INVALID_RISK_KEEP_BUDGET,False,2017-03-01,2017-02-03,2016-03-04,242,0.0,0.0,0.0,0.0,0.0
2017-03-20,0.6359063890961874,0.36409361090381265,0.0,0.005067231213318216,,,,NO_VIEW_ZERO_OR_INVALID_RISK_KEEP_BUDGET,False,2017-03-01,2017-02-03,2016-03-04,242,0.0,0.0,0.0,0.0,0.0
2017-03-21,0.6359063890961874,0.36409361090381265,0.0,0.005067231213318216,,,,NO_VIEW_ZERO_OR_INVALID_RISK_KEEP_BUDGET,False,2017-03-01,2017-02-03,2016-03-04,242,0.0,0.0,0.0,0.0,0.0
2017-03-22,0.6359063890961874,0.36409361090381265,0.0,0.005067231213318216,,,,NO_VIEW_ZERO_OR_INVALID_RISK_KEEP_BUDGET,False,2017-03-01,2017-02-03,2016-03-04,242,0.0,0.0,0.0,0.0,0.0
2017-03-23,0.6359063890961874,0.36409361090381265,0.0,0.005067231213318216,,,,NO_VIEW_ZERO_OR_INVALID_RISK_KEEP_BUDGET,False,2017-03-01,2017-02-03,2016-03-04,242,0.0,0.0,0.0,0.0,0.0
2017-03-24,0.6359063890961874,0.36409361090381265,0.0,0.005067231213318216,,,,NO_VIEW_ZERO_OR_INVALID_RISK_KEEP_BUDGET,False,2017-03-01,2017-02-03,2016-03-04,242,0.0,0.0,0.0,0.0,0.0
2017-03-27,0.6359063890961874,0.36409361090381265,0.0,0.005067231213318216,,,,NO_VIEW_ZERO_OR_INVALID_RISK_KEEP_BUDGET,False,2017-03-01,2017-02-03,2016-03-04,242,0.0,0.0,0.0,0.0,0.0
2017-03-28,0.6359063890961874,0.36409361090381265,0.0,0.005067231213318216,,,,NO_VIEW_ZERO_OR_INVALID_RISK_KEEP_BUDGET,False,2017-03-01,2017-02-03,2016-03-04,242,0.0,0.0,0.0,0.0,0.0
2017-03-29,0.6359063890961874,0.36409361090381265,0.0,0.005067231213318216,,,,NO_VIEW_ZERO_OR_INVALID_RISK_KEEP_BUDGET,False,2017-03-01,2017-02-03,2016-03-04,242,0.0,0.0,0.0,0.0,0.0
2017-03-30,0.6359063890961874,0.36409361090381265,0.0,0.005067231213318216,,,,NO_VIEW_ZERO_OR_INVALID_RISK_KEEP_BUDGET,False,2017-03-01,2017-02-03,2016-03-04,242,0.0,0.0,0.0,0.0,0.0
2017-03-31,0.6359063890961874,0.36409361090381265,0.0,0.005067231213318216,,,,NO_VIEW_ZERO_OR_INVALID_RISK_KEEP_BUDGET,False,2017-03-01,2017-02-03,2016-03-04,242,0.0,0.0,0.0,0.0,0.0
2017-04-05,0.6359063890961874,0.36409361090381265,0.0,0.005067231213318216,,,,NO_VIEW_ZERO_OR_INVALID_RISK_KEEP_BUDGET,True,2017-04-05,2017-02-03,2016-04-07,242,0.0,0.0,0.0,0.0,0.0
2017-04-06,0.6359063890961874,0.36409361090381265,0.0,0.005067231213318216,,,,NO_VIEW_ZERO_OR_INVALID_RISK_KEEP_BUDGET,False,2017-04-05,2017-02-03,2016-04-07,242,0.0,0.0,0.0,0.0,0.0
2017-04-07,0.6359063890961874,0.36409361090381265,0.0,0.005067231213318216,,,,NO_VIEW_ZERO_OR_INVALID_RISK_KEEP_BUDGET,False,2017-04-05,2017-02-03,2016-04-07,242,0.0,0.0,0.0,0.0,0.0
2017-04-10,0.6359063890961874,0.36409361090381265,0.0,0.005067231213318216,,,,NO_VIEW_ZERO_OR_INVALID_RISK_KEEP_BUDGET,False,2017-04-05,2017-02-03,2016-04-07,242,0.0,0.0,0.0,0.0,0.0
2017-04-11,0.6359063890961874,0.36409361090381265,0.0,0.005067231213318216,,,,NO_VIEW_ZERO_OR_INVALID_RISK_KEEP_BUDGET,False,2017-04-05,2017-02-03,2016-04-07,242,0.0,0.0,0.0,0.0,0.0
2017-04-12,0.6359063890961874,0.36409361090381265,0.0,0.005067231213318216,,,,NO_VIEW_ZERO_OR_INVALID_RISK_KEEP_BUDGET,False,2017-04-05,2017-02-03,2016-04-07,242,0.0,0.0,0.0,0.0,0.0
2017-04-13,0.6359063890961874,0.36409361090381265,0.0,0.005067231213318216,,,,NO_VIEW_ZERO_OR_INVALID_RISK_KEEP_BUDGET,False,2017-04-05,2017-02-03,2016-04-07,242,0.0,0.0,0.0,0.0,0.0
2017-04-14,0.6359063890961874,0.36409361090381265,0.0,0.005067231213318216,,,,NO_VIEW_ZERO_OR_INVALID_RISK_KEEP_BUDGET,False,2017-04-05,2017-02-03,2016-04-07,242,0.0,0.0,0.0,0.0,0.0
2017-04-17,0.6359063890961874,0.36409361090381265,0.0,0.005067231213318216,,,,NO_VIEW_ZERO_OR_INVALID_RISK_KEEP_BUDGET,False,2017-04-05,2017-02-03,2016-04-07,242,0.0,0.0,0.0,0.0,0.0
2017-04-18,0.6359063890961874,0.36409361090381265,0.0,0.005067231213318216,,,,NO_VIEW_ZERO_OR_INVALID_RISK_KEEP_BUDGET,False,2017-04-05,2017-02-03,2016-04-07,242,0.0,0.0,0.0,0.0,0.0
2017-04-19,0.6359063890961874,0.36409361090381265,0.0,0.005067231213318216,,,,NO_VIEW_ZERO_OR_INVALID_RISK_KEEP_BUDGET,False,2017-04-05,2017-02-03,2016-04-07,242,0.0,0.0,0.0,0.0,0.0
2017-04-20,0.6359063890961874,0.36409361090381265,0.0,0.005067231213318216,,,,NO_VIEW_ZERO_OR_INVALID_RISK_KEEP_BUDGET,False,2017-04-05,2017-02-03,2016-04-07,242,0.0,0.0,0.0,0.0,0.0
2017-04-21,0.6359063890961874,0.36409361090381265,0.0,0.005067231213318216,,,,NO_VIEW_ZERO_OR_INVALID_RISK_KEEP_BUDGET,False,2017-04-05,2017-02-03,2016-04-07,242,0.0,0.0,0.0,0.0,0.0
2017-04-24,0.6359063890961874,0.36409361090381265,0.0,0.005067231213318216,,,,NO_VIEW_ZERO_OR_INVALID_RISK_KEEP_BUDGET,False,2017-04-05,2017-02-03,2016-04-07,242,0.0,0.0,0.0,0.0,0.0
2017-04-25,0.6359063890961874,0.36409361090381265,0.0,0.005067231213318216,,,,NO_VIEW_ZERO_OR_INVALID_RISK_KEEP_BUDGET,False,2017-04-05,2017-02-03,2016-04-07,242,0.0,0.0,0.0,0.0,0.0
2017-04-26,0.6359063890961874,0.36409361090381265,0.0,0.005067231213318216,,,,NO_VIEW_ZERO_OR_INVALID_RISK_KEEP_BUDGET,False,2017-04-05,2017-02-03,2016-04-07,242,0.0,0.0,0.0,0.0,0.0
2017-04-27,0.6359063890961874,0.36409361090381265,0.0,0.005067231213318216,,,,NO_VIEW_ZERO_OR_INVALID_RISK_KEEP_BUDGET,False,2017-04-05,2017-02-03,2016-04-07,242,0.0,0.0,0.0,0.0,0.0
2017-04-28,0.6359063890961874,0.36409361090381265,0.0,0.005067231213318216,,,,NO_VIEW_ZERO_OR_INVALID_RISK_KEEP_BUDGET,False,2017-04-05,2017-02-03,2016-04-07,242,0.0,0.0,0.0,0.0,0.0
2017-05-02,0.6359063890961874,0.36409361090381265,0.0,0.0049503049913312246,,,,NO_VIEW_ZERO_OR_INVALID_RISK_KEEP_BUDGET,True,2017-05-02,2017-02-03,2016-05-04,242,0.0,0.0,0.0,0.0,0.0
2017-05-03,0.6359063890961874,0.36409361090381265,0.0,0.0049503049913312246,,,,NO_VIEW_ZERO_OR_INVALID_RISK_KEEP_BUDGET,False,2017-05-02,2017-02-03,2016-05-04,242,0.0,0.0,0.0,0.0,0.0
2017-05-04,0.6359063890961874,0.36409361090381265,0.0,0.0049503049913312246,,,,NO_VIEW_ZERO_OR_INVALID_RISK_KEEP_BUDGET,False,2017-05-02,2017-02-03,2016-05-04,242,0.0,0.0,0.0,0.0,0.0
2017-05-05,0.6359063890961874,0.36409361090381265,0.0,0.0049503049913312246,,,,NO_VIEW_ZERO_OR_INVALID_RISK_KEEP_BUDGET,False,2017-05-02,2017-02-03,2016-05-04,242,0.0,0.0,0.0,0.0,0.0
2017-05-08,0.6359063890961874,0.36409361090381265,0.0,0.0049503049913312246,,,,NO_VIEW_ZERO_OR_INVALID_RISK_KEEP_BUDGET,False,2017-05-02,2017-02-03,2016-05-04,242,0.0,0.0,0.0,0.0,0.0
2017-05-09,0.6359063890961874,0.36409361090381265,0.0,0.0049503049913312246,,,,NO_VIEW_ZERO_OR_INVALID_RISK_KEEP_BUDGET,False,2017-05-02,2017-02-03,2016-05-04,242,0.0,0.0,0.0,0.0,0.0
2017-05-10,0.6359063890961874,0.36409361090381265,0.0,0.0049503049913312246,,,,NO_VIEW_ZERO_OR_INVALID_RISK_KEEP_BUDGET,False,2017-05-02,2017-02-03,2016-05-04,242,0.0,0.0,0.0,0.0,0.0
2017-05-11,0.6359063890961874,0.36409361090381265,0.0,0.0049503049913312246,,,,NO_VIEW_ZERO_OR_INVALID_RISK_KEEP_BUDGET,False,2017-05-02,2017-02-03,2016-05-04,242,0.0,0.0,0.0,0.0,0.0
2017-05-12,0.6359063890961874,0.36409361090381265,0.0,0.0049503049913312246,,,,NO_VIEW_ZERO_OR_INVALID_RISK_KEEP_BUDGET,False,2017-05-02,2017-02-03,2016-05-04,242,0.0,0.0,0.0,0.0,0.0
2017-05-15,0.6359063890961874,0.36409361090381265,0.0,0.0049503049913312246,,,,NO_VIEW_ZERO_OR_INVALID_RISK_KEEP_BUDGET,False,2017-05-02,2017-02-03,2016-05-04,242,0.0,0.0,0.0,0.0,0.0
2017-05-16,0.6359063890961874,0.36409361090381265,0.0,0.0049503049913312246,,,,NO_VIEW_ZERO_OR_INVALID_RISK_KEEP_BUDGET,False,2017-05-02,2017-02-03,2016-05-04,242,0.0,0.0,0.0,0.0,0.0
2017-05-17,0.6359063890961874,0.36409361090381265,0.0,0.0049503049913312246,,,,NO_VIEW_ZERO_OR_INVALID_RISK_KEEP_BUDGET,False,2017-05-02,2017-02-03,2016-05-04,242,0.0,1.0,0.36409361090381265,0.0,0.0
2017-05-18,0.6359063890961874,0.36409361090381265,0.0,0.0049503049913312246,,,,NO_VIEW_ZERO_OR_INVALID_RISK_KEEP_BUDGET,False,2017-05-02,2017-02-03,2016-05-04,242,0.0,1.0,0.36409361090381265,0.0,-0.001663210254675862
2017-05-19,0.6359063890961874,0.36409361090381265,0.0,0.0049503049913312246,,,,NO_VIEW_ZERO_OR_INVALID_RISK_KEEP_BUDGET,False,2017-05-02,2017-02-03,2016-05-04,242,0.0,1.0,0.36409361090381265,0.0,0.0017597772595099315
2017-05-22,0.6359063890961874,0.36409361090381265,0.0,0.0049503049913312246,,,,NO_VIEW_ZERO_OR_INVALID_RISK_KEEP_BUDGET,False,2017-05-02,2017-02-03,2016-05-04,242,0.0,1.0,0.36409361090381265,0.0,0.0008783429418199873
2017-05-23,0.6359063890961874,0.36409361090381265,0.0,0.0049503049913312246,,,,NO_VIEW_ZERO_OR_INVALID_RISK_KEEP_BUDGET,False,2017-05-02,2017-02-03,2016-05-04,242,0.0,1.0,0.36409361090381265,0.0,0.0043878606626568395
2017-05-24,0.6359063890961874,0.36409361090381265,0.0,0.0049503049913312246,,,,NO_VIEW_ZERO_OR_INVALID_RISK_KEEP_BUDGET,False,2017-05-02,2017-02-03,2016-05-04,242,0.0,1.0,0.36409361090381265,0.0,0.0
2017-05-25,0.6359063890961874,0.36409361090381265,0.0,0.0049503049913312246,,,,NO_VIEW_ZERO_OR_INVALID_RISK_KEEP_BUDGET,False,2017-05-02,2017-02-03,2016-05-04,242,0.0,1.0,0.36409361090381265,0.0,0.021260965072637195
2017-05-26,0.6359063890961874,0.36409361090381265,0.0,0.0049503049913312246,,,,NO_VIEW_ZERO_OR_INVALID_RISK_KEEP_BUDGET,False,2017-05-02,2017-02-03,2016-05-04,242,0.0,1.0,0.36409361090381265,0.0,-0.0017110970075981946
2017-05-31,0.6359063890961874,0.36409361090381265,0.0,0.0049503049913312246,,,,NO_VIEW_ZERO_OR_INVALID_RISK_KEEP_BUDGET,False,2017-05-02,2017-02-03,2016-05-04,242,0.0,1.0,0.36409361090381265,0.0,0.0005713432929983497
2017-06-01,0.6359063890961874,0.36409361090381265,0.0,0.004083309846520026,,,,NO_VIEW_ZERO_OR_INVALID_RISK_KEEP_BUDGET,True,2017-06-01,2017-02-03,2016-06-01,242,0.0,1.0,0.36409361090381265,0.0,0.0022840681849551903
2017-06-02,0.6359063890961874,0.36409361090381265,0.0,0.004083309846520026,,,,NO_VIEW_ZERO_OR_INVALID_RISK_KEEP_BUDGET,False,2017-06-01,2017-02-03,2016-06-01,242,0.0,1.0,0.36409361090381265,0.0,-0.002563720994515961
2017-06-05,0.6359063890961874,0.36409361090381265,0.0,0.004083309846520026,,,,NO_VIEW_ZERO_OR_INVALID_RISK_KEEP_BUDGET,False,2017-06-01,2017-02-03,2016-06-01,242,0.0,1.0,0.36409361090381265,0.0,-0.006568571414869884
2017-06-06,0.6359063890961874,0.36409361090381265,0.0,0.004083309846520026,,,,NO_VIEW_ZERO_OR_INVALID_RISK_KEEP_BUDGET,False,2017-06-01,2017-02-03,2016-06-01,242,0.0,1.0,0.36409361090381265,0.0,0.00776191636288015
2017-06-07,0.6359063890961874,0.36409361090381265,0.0,0.004083309846520026,,,,NO_VIEW_ZERO_OR_INVALID_RISK_KEEP_BUDGET,False,2017-06-01,2017-02-03,2016-06-01,242,0.0,1.0,0.36409361090381265,0.0,0.013692680978360183
2017-06-08,0.6359063890961874,0.36409361090381265,0.0,0.004083309846520026,,,,NO_VIEW_ZERO_OR_INVALID_RISK_KEEP_BUDGET,False,2017-06-01,2017-02-03,2016-06-01,242,0.0,1.0,0.36409361090381265,0.0,0.007035272928424652
2017-06-09,0.6359063890961874,0.36409361090381265,0.0,0.004083309846520026,,,,NO_VIEW_ZERO_OR_INVALID_RISK_KEEP_BUDGET,False,2017-06-01,2017-02-03,2016-06-01,242,0.0,1.0,0.36409361090381265,0.0,0.006147788804865106
2017-06-12,0.6359063890961874,0.36409361090381265,0.0,0.004083309846520026,,,,NO_VIEW_ZERO_OR_INVALID_RISK_KEEP_BUDGET,False,2017-06-01,2017-02-03,2016-06-01,242,0.0,1.0,0.36409361090381265,0.0,-0.0019441623203817482
2017-06-13,0.6359063890961874,0.36409361090381265,0.0,0.004083309846520026,,,,NO_VIEW_ZERO_OR_INVALID_RISK_KEEP_BUDGET,False,2017-06-01,2017-02-03,2016-06-01,242,0.0,1.0,0.36409361090381265,0.0,0.0019479494503049644
2017-06-14,0.6359063890961874,0.36409361090381265,0.0,0.004083309846520026,,,,NO_VIEW_ZERO_OR_INVALID_RISK_KEEP_BUDGET,False,2017-06-01,2017-02-03,2016-06-01,242,0.0,1.0,0.36409361090381265,0.0,-0.009998549076248975
2017-06-15,0.6359063890961874,0.36409361090381265,0.0,0.004083309846520026,,,,NO_VIEW_ZERO_OR_INVALID_RISK_KEEP_BUDGET,False,2017-06-01,2017-02-03,2016-06-01,242,0.0,1.0,0.36409361090381265,0.0,-0.0033665099065998128
2017-06-16,0.6359063890961874,0.36409361090381265,0.0,0.004083309846520026,,,,NO_VIEW_ZERO_OR_INVALID_RISK_KEEP_BUDGET,False,2017-06-01,2017-02-03,2016-06-01,242,0.0,1.0,0.36409361090381265,0.0,-0.0016889407891984565
2017-06-19,0.6359063890961874,0.36409361090381265,0.0,0.004083309846520026,,,,NO_VIEW_ZERO_OR_INVALID_RISK_KEEP_BUDGET,False,2017-06-01,2017-02-03,2016-06-01,242,0.0,1.0,0.36409361090381265,0.0,0.011278654240516772
2017-06-20,0.6359063890961874,0.36409361090381265,0.0,0.004083309846520026,,,,NO_VIEW_ZERO_OR_INVALID_RISK_KEEP_BUDGET,False,2017-06-01,2017-02-03,2016-06-01,242,0.0,1.0,0.36409361090381265,0.0,-0.003067037856614774
2017-06-21,0.6359063890961874,0.36409361090381265,0.0,0.004083309846520026,,,,NO_VIEW_ZERO_OR_INVALID_RISK_KEEP_BUDGET,False,2017-06-01,2017-02-03,2016-06-01,242,0.0,1.0,0.36409361090381265,0.0,0.012585573480098367
2017-06-22,0.6359063890961874,0.36409361090381265,0.0,0.004083309846520026,,,,NO_VIEW_ZERO_OR_INVALID_RISK_KEEP_BUDGET,False,2017-06-01,2017-02-03,2016-06-01,242,0.0,1.0,0.36409361090381265,0.0,0.0011048129382591476
2017-06-23,0.6359063890961874,0.36409361090381265,0.0,0.004083309846520026,,,,NO_VIEW_ZERO_OR_INVALID_RISK_KEEP_BUDGET,False,2017-06-01,2017-02-03,2016-06-01,242,0.0,1.0,0.36409361090381265,0.0,0.009656444644786655
2017-06-26,0.6359063890961874,0.36409361090381265,0.0,0.004083309846520026,,,,NO_VIEW_ZERO_OR_INVALID_RISK_KEEP_BUDGET,False,2017-06-01,2017-02-03,2016-06-01,242,0.0,1.0,0.36409361090381265,0.0,0.012296686555969494
2017-06-27,0.6359063890961874,0.36409361090381265,0.0,0.004083309846520026,,,,NO_VIEW_ZERO_OR_INVALID_RISK_KEEP_BUDGET,False,2017-06-01,2017-02-03,2016-06-01,242,0.0,1.0,0.36409361090381265,0.0,0.0005398806592431526
2017-06-28,0.6359063890961874,0.36409361090381265,0.0,0.004083309846520026,,,,NO_VIEW_ZERO_OR_INVALID_RISK_KEEP_BUDGET,False,2017-06-01,2017-02-03,2016-06-01,242,0.0,1.0,0.36409361090381265,0.0,-0.006744866817396056
2017-06-29,0.6359063890961874,0.36409361090381265,0.0,0.004083309846520026,,,,NO_VIEW_ZERO_OR_INVALID_RISK_KEEP_BUDGET,False,2017-06-01,2017-02-03,2016-06-01,242,0.0,1.0,0.36409361090381265,0.0,0.005975788698206808
2017-06-30,0.6359063890961874,0.36409361090381265,0.0,0.004083309846520026,,,,NO_VIEW_ZERO_OR_INVALID_RISK_KEEP_BUDGET,False,2017-06-01,2017-02-03,2016-06-01,242,0.0,1.0,0.36409361090381265,0.0,-0.001620079302470545
2017-07-03,0.6359063890961874,0.36409361090381265,0.0,0.0035159084980802054,,,,NO_VIEW_ZERO_OR_INVALID_RISK_KEEP_BUDGET,True,2017-07-03,2017-02-03,2016-07-05,242,0.0,1.0,0.36409361090381265,0.0,-0.004327221915917834
2017-07-04,0.6359063890961874,0.36409361090381265,0.0,0.0035159084980802054,,,,NO_VIEW_ZERO_OR_INVALID_RISK_KEEP_BUDGET,False,2017-07-03,2017-02-03,2016-07-05,242,0.0,1.0,0.36409361090381265,0.0,-0.00814880277028196
2017-07-05,0.6359063890961874,0.36409361090381265,0.0,0.0035159084980802054,,,,NO_VIEW_ZERO_OR_INVALID_RISK_KEEP_BUDGET,False,2017-07-03,2017-02-03,2016-07-05,242,0.0,1.0,0.36409361090381265,0.0,0.01287134371476184
2017-07-06,0.6359063890961874,0.36409361090381265,0.0,0.0035159084980802054,,,,NO_VIEW_ZERO_OR_INVALID_RISK_KEEP_BUDGET,False,2017-07-03,2017-02-03,2016-07-05,242,0.0,1.0,0.36409361090381265,0.0,-0.0008111347367339983
2017-07-07,0.6359063890961874,0.36409361090381265,0.0,0.0035159084980802054,,,,NO_VIEW_ZERO_OR_INVALID_RISK_KEEP_BUDGET,False,2017-07-03,2017-02-03,2016-07-05,242,0.0,1.0,0.36409361090381265,0.0,-0.0005411954736039837
2017-07-10,0.6359063890961874,0.36409361090381265,0.0,0.0035159084980802054,,,,NO_VIEW_ZERO_OR_INVALID_RISK_KEEP_BUDGET,False,2017-07-03,2017-02-03,2016-07-05,242,0.0,1.0,0.36409361090381265,0.0,0.0010829770494851232
2017-07-11,0.6359063890961874,0.36409361090381265,0.0,0.0035159084980802054,,,,NO_VIEW_ZERO_OR_INVALID_RISK_KEEP_BUDGET,False,2017-07-03,2017-02-03,2016-07-05,242,0.0,1.0,0.36409361090381265,0.0,0.008113541092345855
2017-07-12,0.6359063890961874,0.36409361090381265,0.0,0.0035159084980802054,,,,NO_VIEW_ZERO_OR_INVALID_RISK_KEEP_BUDGET,False,2017-07-03,2017-02-03,2016-07-05,242,0.0,1.0,0.36409361090381265,0.0,-0.005902043660617751
2017-07-13,0.6359063890961874,0.36409361090381265,0.0,0.0035159084980802054,,,,NO_VIEW_ZERO_OR_INVALID_RISK_KEEP_BUDGET,False,2017-07-03,2017-02-03,2016-07-05,242,0.0,1.0,0.36409361090381265,0.0,0.010254964297178093
2017-07-14,0.6359063890961874,0.36409361090381265,0.0,0.0035159084980802054,,,,NO_VIEW_ZERO_OR_INVALID_RISK_KEEP_BUDGET,False,2017-07-03,2017-02-03,2016-07-05,242,0.0,1.0,0.36409361090381265,0.0,0.006678202311344972
2017-07-17,0.6359063890961874,0.36409361090381265,0.0,0.0035159084980802054,,,,NO_VIEW_ZERO_OR_INVALID_RISK_KEEP_BUDGET,False,2017-07-03,2017-02-03,2016-07-05,242,0.0,1.0,0.36409361090381265,0.0,-0.013533155564373844
2017-07-18,0.6359063890961874,0.36409361090381265,0.0,0.0035159084980802054,,,,NO_VIEW_ZERO_OR_INVALID_RISK_KEEP_BUDGET,False,2017-07-03,2017-02-03,2016-07-05,242,0.0,1.0,0.36409361090381265,0.0,0.0005379927221176306
2017-07-19,0.6359063890961874,0.36409361090381265,0.0,0.0035159084980802054,,,,NO_VIEW_ZERO_OR_INVALID_RISK_KEEP_BUDGET,False,2017-07-03,2017-02-03,2016-07-05,242,0.0,1.0,0.36409361090381265,0.0,0.02070158250080345
2017-07-20,0.6359063890961874,0.36409361090381265,0.0,0.0035159084980802054,,,,NO_VIEW_ZERO_OR_INVALID_RISK_KEEP_BUDGET,False,2017-07-03,2017-02-03,2016-07-05,242,0.0,1.0,0.36409361090381265,0.0,0.004741181024092267
2017-07-21,0.6359063890961874,0.36409361090381265,0.0,0.0035159084980802054,,,,NO_VIEW_ZERO_OR_INVALID_RISK_KEEP_BUDGET,False,2017-07-03,2017-02-03,2016-07-05,242,0.0,1.0,0.36409361090381265,0.0,-0.004980964316376735
2017-07-24,0.6359063890961874,0.36409361090381265,0.0,0.0035159084980802054,,,,NO_VIEW_ZERO_OR_INVALID_RISK_KEEP_BUDGET,False,2017-07-03,2017-02-03,2016-07-05,242,0.0,1.0,0.36409361090381265,0.0,0.005005898518267715
2017-07-25,0.6359063890961874,0.36409361090381265,0.0,0.0035159084980802054,,,,NO_VIEW_ZERO_OR_INVALID_RISK_KEEP_BUDGET,False,2017-07-03,2017-02-03,2016-07-05,242,0.0,1.0,0.36409361090381265,0.0,-0.007602524482890782
2017-07-26,0.6359063890961874,0.36409361090381265,0.0,0.0035159084980802054,,,,NO_VIEW_ZERO_OR_INVALID_RISK_KEEP_BUDGET,False,2017-07-03,2017-02-03,2016-07-05,242,0.0,1.0,0.36409361090381265,0.0,-0.005547450981584712
2017-07-27,0.6359063890961874,0.36409361090381265,0.0,0.0035159084980802054,,,,NO_VIEW_ZERO_OR_INVALID_RISK_KEEP_BUDGET,False,2017-07-03,2017-02-03,2016-07-05,242,0.0,1.0,0.36409361090381265,0.0,0.002922017405344146
2017-07-28,0.6359063890961874,0.36409361090381265,0.0,0.0035159084980802054,,,,NO_VIEW_ZERO_OR_INVALID_RISK_KEEP_BUDGET,False,2017-07-03,2017-02-03,2016-07-05,242,0.0,1.0,0.36409361090381265,0.0,0.003708096121756599
2017-07-31,0.6359063890961874,0.36409361090381265,0.0,0.0035159084980802054,,,,NO_VIEW_ZERO_OR_INVALID_RISK_KEEP_BUDGET,False,2017-07-03,2017-02-03,2016-07-05,242,0.0,1.0,0.36409361090381265,0.0,0.003694396942780953
2017-08-01,0.6359063890961874,0.36409361090381265,0.0,0.0034900462420073496,,,,NO_VIEW_ZERO_OR_INVALID_RISK_KEEP_BUDGET,True,2017-08-01,2017-02-03,2016-08-03,242,0.0,1.0,0.36409361090381265,0.0,0.007887425596378117
2017-08-02,0.6359063890961874,0.36409361090381265,0.0,0.0034900462420073496,,,,NO_VIEW_ZERO_OR_INVALID_RISK_KEEP_BUDGET,False,2017-08-01,2017-02-03,2016-08-03,242,0.0,1.0,0.36409361090381265,0.0,0.0
2017-08-03,0.6359063890961874,0.36409361090381265,0.0,0.0034900462420073496,,,,NO_VIEW_ZERO_OR_INVALID_RISK_KEEP_BUDGET,False,2017-08-01,2017-02-03,2016-08-03,242,0.0,1.0,0.36409361090381265,0.0,-0.009912554552244601
2017-08-04,0.6359063890961874,0.36409361090381265,0.0,0.0034900462420073496,,,,NO_VIEW_ZERO_OR_INVALID_RISK_KEEP_BUDGET,False,2017-08-01,2017-02-03,2016-08-03,242,0.0,1.0,0.36409361090381265,0.0,-0.006059771890534527
2017-08-07,0.6359063890961874,0.36409361090381265,0.0,0.0034900462420073496,,,,NO_VIEW_ZERO_OR_INVALID_RISK_KEEP_BUDGET,False,2017-08-01,2017-02-03,2016-08-03,242,0.0,1.0,0.36409361090381265,0.0,0.006096716602426389
2017-08-08,0.6359063890961874,0.36409361090381265,0.0,0.0034900462420073496,,,,NO_VIEW_ZERO_OR_INVALID_RISK_KEEP_BUDGET,False,2017-08-01,2017-02-03,2016-08-03,242,0.0,1.0,0.36409361090381265,0.0,0.0002634683430666751
2017-08-09,0.6359063890961874,0.36409361090381265,0.0,0.0034900462420073496,,,,NO_VIEW_ZERO_OR_INVALID_RISK_KEEP_BUDGET,False,2017-08-01,2017-02-03,2016-08-03,242,0.0,1.0,0.36409361090381265,0.0,-0.0007901968373487112
2017-08-10,0.6359063890961874,0.36409361090381265,0.0,0.0034900462420073496,,,,NO_VIEW_ZERO_OR_INVALID_RISK_KEEP_BUDGET,False,2017-08-01,2017-02-03,2016-08-03,242,0.0,1.0,0.36409361090381265,0.0,-0.002108857979168821
2017-08-11,0.6359063890961874,0.36409361090381265,0.0,0.0034900462420073496,,,,NO_VIEW_ZERO_OR_INVALID_RISK_KEEP_BUDGET,False,2017-08-01,2017-02-03,2016-08-03,242,0.0,0.0,0.0,0.0,-0.019019831936861853
2017-08-14,0.6359063890961874,0.36409361090381265,0.0,0.0034900462420073496,,,,NO_VIEW_ZERO_OR_INVALID_RISK_KEEP_BUDGET,False,2017-08-01,2017-02-03,2016-08-03,242,0.0,0.0,0.0,0.0,-0.00046850397242481634
2017-08-15,0.6359063890961874,0.36409361090381265,0.0,0.0034900462420073496,,,,NO_VIEW_ZERO_OR_INVALID_RISK_KEEP_BUDGET,False,2017-08-01,2017-02-03,2016-08-03,242,0.0,0.0,0.0,0.0,0.0
2017-08-16,0.6359063890961874,0.36409361090381265,0.0,0.0034900462420073496,,,,NO_VIEW_ZERO_OR_INVALID_RISK_KEEP_BUDGET,False,2017-08-01,2017-02-03,2016-08-03,242,0.0,0.0,0.0,0.0,0.0
2017-08-17,0.6359063890961874,0.36409361090381265,0.0,0.0034900462420073496,,,,NO_VIEW_ZERO_OR_INVALID_RISK_KEEP_BUDGET,False,2017-08-01,2017-02-03,2016-08-03,242,0.0,0.0,0.0,0.0,0.0
2017-08-18,0.6359063890961874,0.36409361090381265,0.0,0.0034900462420073496,,,,NO_VIEW_ZERO_OR_INVALID_RISK_KEEP_BUDGET,False,2017-08-01,2017-02-03,2016-08-03,242,0.0,0.0,0.0,0.0,0.0
2017-08-21,0.6359063890961874,0.36409361090381265,0.0,0.0034900462420073496,,,,NO_VIEW_ZERO_OR_INVALID_RISK_KEEP_BUDGET,False,2017-08-01,2017-02-03,2016-08-03,242,0.0,0.0,0.0,0.0,0.0
2017-08-22,0.6359063890961874,0.36409361090381265,0.0,0.0034900462420073496,,,,NO_VIEW_ZERO_OR_INVALID_RISK_KEEP_BUDGET,False,2017-08-01,2017-02-03,2016-08-03,242,0.0,0.0,0.0,0.0,0.0
2017-08-23,0.6359063890961874,0.36409361090381265,0.0,0.0034900462420073496,,,,NO_VIEW_ZERO_OR_INVALID_RISK_KEEP_BUDGET,False,2017-08-01,2017-02-03,2016-08-03,242,0.0,0.0,0.0,0.0,0.0
2017-08-24,0.6359063890961874,0.36409361090381265,0.0,0.0034900462420073496,,,,NO_VIEW_ZERO_OR_INVALID_RISK_KEEP_BUDGET,False,2017-08-01,2017-02-03,2016-08-03,242,0.0,0.0,0.0,0.0,0.0
2017-08-25,0.6359063890961874,0.36409361090381265,0.0,0.0034900462420073496,,,,NO_VIEW_ZERO_OR_INVALID_RISK_KEEP_BUDGET,False,2017-08-01,2017-02-03,2016-08-03,242,0.0,0.0,0.0,0.0,0.0
2017-08-28,0.6359063890961874,0.36409361090381265,0.0,0.0034900462420073496,,,,NO_VIEW_ZERO_OR_INVALID_RISK_KEEP_BUDGET,False,2017-08-01,2017-02-03,2016-08-03,242,0.0,0.0,0.0,0.0,0.0
2017-08-29,0.6359063890961874,0.36409361090381265,0.0,0.0034900462420073496,,,,NO_VIEW_ZERO_OR_INVALID_RISK_KEEP_BUDGET,False,2017-08-01,2017-02-03,2016-08-03,242,0.0,0.0,0.0,0.0,0.0
2017-08-30,0.6359063890961874,0.36409361090381265,0.0,0.0034900462420073496,,,,NO_VIEW_ZERO_OR_INVALID_RISK_KEEP_BUDGET,False,2017-08-01,2017-02-03,2016-08-03,242,0.0,0.0,0.0,0.0,0.0
2017-08-31,0.6359063890961874,0.36409361090381265,0.0,0.0034900462420073496,,,,NO_VIEW_ZERO_OR_INVALID_RISK_KEEP_BUDGET,False,2017-08-01,2017-02-03,2016-08-03,242,0.0,0.0,0.0,0.0,0.0
2017-09-01,0.6359063890961874,0.36409361090381265,0.0,0.003811679736675856,,,,NO_VIEW_ZERO_OR_INVALID_RISK_KEEP_BUDGET,True,2017-09-01,2017-02-03,2016-09-05,242,0.0,0.0,0.0,0.0,0.0
2017-09-04,0.6359063890961874,0.36409361090381265,0.0,0.003811679736675856,,,,NO_VIEW_ZERO_OR_INVALID_RISK_KEEP_BUDGET,False,2017-09-01,2017-02-03,2016-09-05,242,0.0,0.0,0.0,0.0,0.0
2017-09-05,0.6359063890961874,0.36409361090381265,0.0,0.003811679736675856,,,,NO_VIEW_ZERO_OR_INVALID_RISK_KEEP_BUDGET,False,2017-09-01,2017-02-03,2016-09-05,242,0.0,0.0,0.0,0.0,0.0
2017-09-06,0.6359063890961874,0.36409361090381265,0.0,0.003811679736675856,,,,NO_VIEW_ZERO_OR_INVALID_RISK_KEEP_BUDGET,False,2017-09-01,2017-02-03,2016-09-05,242,0.0,0.0,0.0,0.0,0.0
2017-09-07,0.6359063890961874,0.36409361090381265,0.0,0.003811679736675856,,,,NO_VIEW_ZERO_OR_INVALID_RISK_KEEP_BUDGET,False,2017-09-01,2017-02-03,2016-09-05,242,0.0,0.0,0.0,0.0,0.0
2017-09-08,0.6359063890961874,0.36409361090381265,0.0,0.003811679736675856,,,,NO_VIEW_ZERO_OR_INVALID_RISK_KEEP_BUDGET,False,2017-09-01,2017-02-03,2016-09-05,242,0.0,0.0,0.0,0.0,0.0
2017-09-11,0.6359063890961874,0.36409361090381265,0.0,0.003811679736675856,,,,NO_VIEW_ZERO_OR_INVALID_RISK_KEEP_BUDGET,False,2017-09-01,2017-02-03,2016-09-05,242,0.0,0.0,0.0,0.0,0.0
2017-09-12,0.6359063890961874,0.36409361090381265,0.0,0.003811679736675856,,,,NO_VIEW_ZERO_OR_INVALID_RISK_KEEP_BUDGET,False,2017-09-01,2017-02-03,2016-09-05,242,0.0,0.0,0.0,0.0,0.0
2017-09-13,0.6359063890961874,0.36409361090381265,0.0,0.003811679736675856,,,,NO_VIEW_ZERO_OR_INVALID_RISK_KEEP_BUDGET,False,2017-09-01,2017-02-03,2016-09-05,242,0.0,0.0,0.0,0.0,0.0
2017-09-14,0.6359063890961874,0.36409361090381265,0.0,0.003811679736675856,,,,NO_VIEW_ZERO_OR_INVALID_RISK_KEEP_BUDGET,False,2017-09-01,2017-02-03,2016-09-05,242,0.0,0.0,0.0,0.0,0.0
2017-09-15,0.6359063890961874,0.36409361090381265,0.0,0.003811679736675856,,,,NO_VIEW_ZERO_OR_INVALID_RISK_KEEP_BUDGET,False,2017-09-01,2017-02-03,2016-09-05,242,0.0,0.0,0.0,0.0,0.0
2017-09-18,0.6359063890961874,0.36409361090381265,0.0,0.003811679736675856,,,,NO_VIEW_ZERO_OR_INVALID_RISK_KEEP_BUDGET,False,2017-09-01,2017-02-03,2016-09-05,242,0.0,0.0,0.0,0.0,0.0
2017-09-19,0.6359063890961874,0.36409361090381265,0.0,0.003811679736675856,,,,NO_VIEW_ZERO_OR_INVALID_RISK_KEEP_BUDGET,False,2017-09-01,2017-02-03,2016-09-05,242,0.0,0.0,0.0,0.0,0.0
2017-09-20,0.6359063890961874,0.36409361090381265,0.0,0.003811679736675856,,,,NO_VIEW_ZERO_OR_INVALID_RISK_KEEP_BUDGET,False,2017-09-01,2017-02-03,2016-09-05,242,0.0,0.0,0.0,0.0,0.0
2017-09-21,0.6359063890961874,0.36409361090381265,0.0,0.003811679736675856,,,,NO_VIEW_ZERO_OR_INVALID_RISK_KEEP_BUDGET,False,2017-09-01,2017-02-03,2016-09-05,242,0.0,0.0,0.0,0.0,0.0
2017-09-22,0.6359063890961874,0.36409361090381265,0.0,0.003811679736675856,,,,NO_VIEW_ZERO_OR_INVALID_RISK_KEEP_BUDGET,False,2017-09-01,2017-02-03,2016-09-05,242,0.0,0.0,0.0,0.0,0.0
2017-09-25,0.6359063890961874,0.36409361090381265,0.0,0.003811679736675856,,,,NO_VIEW_ZERO_OR_INVALID_RISK_KEEP_BUDGET,False,2017-09-01,2017-02-03,2016-09-05,242,0.0,0.0,0.0,0.0,0.0
2017-09-26,0.6359063890961874,0.36409361090381265,0.0,0.003811679736675856,,,,NO_VIEW_ZERO_OR_INVALID_RISK_KEEP_BUDGET,False,2017-09-01,2017-02-03,2016-09-05,242,0.0,0.0,0.0,0.0,0.0
2017-09-27,0.6359063890961874,0.36409361090381265,0.0,0.003811679736675856,,,,NO_VIEW_ZERO_OR_INVALID_RISK_KEEP_BUDGET,False,2017-09-01,2017-02-03,2016-09-05,242,0.0,0.0,0.0,0.0,0.0
2017-09-28,0.6359063890961874,0.36409361090381265,0.0,0.003811679736675856,,,,NO_VIEW_ZERO_OR_INVALID_RISK_KEEP_BUDGET,False,2017-09-01,2017-02-03,2016-09-05,242,0.0,0.0,0.0,0.0,0.0
2017-09-29,0.6359063890961874,0.36409361090381265,0.0,0.003811679736675856,,,,NO_VIEW_ZERO_OR_INVALID_RISK_KEEP_BUDGET,False,2017-09-01,2017-02-03,2016-09-05,242,0.0,0.0,0.0,0.0,0.0
2017-10-09,0.6359063890961874,0.36409361090381265,0.0,0.0038116797366758554,,,,NO_VIEW_ZERO_OR_INVALID_RISK_KEEP_BUDGET,True,2017-10-09,2017-02-03,2016-10-13,242,0.0,0.0,0.0,0.0,0.0
2017-10-10,0.6359063890961874,0.36409361090381265,0.0,0.0038116797366758554,,,,NO_VIEW_ZERO_OR_INVALID_RISK_KEEP_BUDGET,False,2017-10-09,2017-02-03,2016-10-13,242,0.0,0.0,0.0,0.0,0.0
2017-10-11,0.6359063890961874,0.36409361090381265,0.0,0.0038116797366758554,,,,NO_VIEW_ZERO_OR_INVALID_RISK_KEEP_BUDGET,False,2017-10-09,2017-02-03,2016-10-13,242,0.0,0.0,0.0,0.0,0.0
2017-10-12,0.6359063890961874,0.36409361090381265,0.0,0.0038116797366758554,,,,NO_VIEW_ZERO_OR_INVALID_RISK_KEEP_BUDGET,False,2017-10-09,2017-02-03,2016-10-13,242,0.0,0.0,0.0,0.0,0.0
2017-10-13,0.6359063890961874,0.36409361090381265,0.0,0.0038116797366758554,,,,NO_VIEW_ZERO_OR_INVALID_RISK_KEEP_BUDGET,False,2017-10-09,2017-02-03,2016-10-13,242,0.0,0.0,0.0,0.0,0.0
2017-10-16,0.6359063890961874,0.36409361090381265,0.0,0.0038116797366758554,,,,NO_VIEW_ZERO_OR_INVALID_RISK_KEEP_BUDGET,False,2017-10-09,2017-02-03,2016-10-13,242,0.0,0.0,0.0,0.0,0.0
2017-10-17,0.6359063890961874,0.36409361090381265,0.0,0.0038116797366758554,,,,NO_VIEW_ZERO_OR_INVALID_RISK_KEEP_BUDGET,False,2017-10-09,2017-02-03,2016-10-13,242,0.0,0.0,0.0,0.0,0.0
2017-10-18,0.6359063890961874,0.36409361090381265,0.0,0.0038116797366758554,,,,NO_VIEW_ZERO_OR_INVALID_RISK_KEEP_BUDGET,False,2017-10-09,2017-02-03,2016-10-13,242,0.0,0.0,0.0,0.0,0.0
2017-10-19,0.6359063890961874,0.36409361090381265,0.0,0.0038116797366758554,,,,NO_VIEW_ZERO_OR_INVALID_RISK_KEEP_BUDGET,False,2017-10-09,2017-02-03,2016-10-13,242,0.0,0.0,0.0,0.0,0.0
2017-10-20,0.6359063890961874,0.36409361090381265,0.0,0.0038116797366758554,,,,NO_VIEW_ZERO_OR_INVALID_RISK_KEEP_BUDGET,False,2017-10-09,2017-02-03,2016-10-13,242,0.0,0.0,0.0,0.0,0.0
2017-10-23,0.6359063890961874,0.36409361090381265,0.0,0.0038116797366758554,,,,NO_VIEW_ZERO_OR_INVALID_RISK_KEEP_BUDGET,False,2017-10-09,2017-02-03,2016-10-13,242,0.0,0.0,0.0,0.0,0.0
2017-10-24,0.6359063890961874,0.36409361090381265,0.0,0.0038116797366758554,,,,NO_VIEW_ZERO_OR_INVALID_RISK_KEEP_BUDGET,False,2017-10-09,2017-02-03,2016-10-13,242,0.0,0.0,0.0,0.0,0.0
2017-10-25,0.6359063890961874,0.36409361090381265,0.0,0.0038116797366758554,,,,NO_VIEW_ZERO_OR_INVALID_RISK_KEEP_BUDGET,False,2017-10-09,2017-02-03,2016-10-13,242,0.0,0.0,0.0,0.0,0.0
2017-10-26,0.6359063890961874,0.36409361090381265,0.0,0.0038116797366758554,,,,NO_VIEW_ZERO_OR_INVALID_RISK_KEEP_BUDGET,False,2017-10-09,2017-02-03,2016-10-13,242,0.0,0.0,0.0,0.0,0.0
2017-10-27,0.6359063890961874,0.36409361090381265,0.0,0.0038116797366758554,,,,NO_VIEW_ZERO_OR_INVALID_RISK_KEEP_BUDGET,False,2017-10-09,2017-02-03,2016-10-13,242,0.0,0.0,0.0,0.0,0.0
2017-10-30,0.6359063890961874,0.36409361090381265,0.0,0.0038116797366758554,,,,NO_VIEW_ZERO_OR_INVALID_RISK_KEEP_BUDGET,False,2017-10-09,2017-02-03,2016-10-13,242,0.0,0.0,0.0,0.0,0.0
2017-10-31,0.6359063890961874,0.36409361090381265,0.0,0.0038116797366758554,,,,NO_VIEW_ZERO_OR_INVALID_RISK_KEEP_BUDGET,False,2017-10-09,2017-02-03,2016-10-13,242,0.0,0.0,0.0,0.0,0.0
2017-11-01,0.6359063890961874,0.36409361090381265,0.0,0.003811679736675855,,,,NO_VIEW_ZERO_OR_INVALID_RISK_KEEP_BUDGET,True,2017-11-01,2017-02-03,2016-11-07,242,0.0,0.0,0.0,0.0,0.0
2017-11-02,0.6359063890961874,0.36409361090381265,0.0,0.003811679736675855,,,,NO_VIEW_ZERO_OR_INVALID_RISK_KEEP_BUDGET,False,2017-11-01,2017-02-03,2016-11-07,242,0.0,0.0,0.0,0.0,0.0
2017-11-03,0.6359063890961874,0.36409361090381265,0.0,0.003811679736675855,,,,NO_VIEW_ZERO_OR_INVALID_RISK_KEEP_BUDGET,False,2017-11-01,2017-02-03,2016-11-07,242,0.0,0.0,0.0,0.0,0.0
2017-11-06,0.6359063890961874,0.36409361090381265,0.0,0.003811679736675855,,,,NO_VIEW_ZERO_OR_INVALID_RISK_KEEP_BUDGET,False,2017-11-01,2017-02-03,2016-11-07,242,0.0,0.0,0.0,0.0,0.0
2017-11-07,0.6359063890961874,0.36409361090381265,0.0,0.003811679736675855,,,,NO_VIEW_ZERO_OR_INVALID_RISK_KEEP_BUDGET,False,2017-11-01,2017-02-03,2016-11-07,242,0.0,0.0,0.0,0.0,0.0
2017-11-08,0.6359063890961874,0.36409361090381265,0.0,0.003811679736675855,,,,NO_VIEW_ZERO_OR_INVALID_RISK_KEEP_BUDGET,False,2017-11-01,2017-02-03,2016-11-07,242,0.0,0.0,0.0,0.0,0.0
2017-11-09,0.6359063890961874,0.36409361090381265,0.0,0.003811679736675855,,,,NO_VIEW_ZERO_OR_INVALID_RISK_KEEP_BUDGET,False,2017-11-01,2017-02-03,2016-11-07,242,0.0,0.0,0.0,0.0,0.0
2017-11-10,0.6359063890961874,0.36409361090381265,0.0,0.003811679736675855,,,,NO_VIEW_ZERO_OR_INVALID_RISK_KEEP_BUDGET,False,2017-11-01,2017-02-03,2016-11-07,242,0.0,0.0,0.0,0.0,0.0
2017-11-13,0.6359063890961874,0.36409361090381265,0.0,0.003811679736675855,,,,NO_VIEW_ZERO_OR_INVALID_RISK_KEEP_BUDGET,False,2017-11-01,2017-02-03,2016-11-07,242,0.0,0.0,0.0,0.0,0.0
2017-11-14,0.6359063890961874,0.36409361090381265,0.0,0.003811679736675855,,,,NO_VIEW_ZERO_OR_INVALID_RISK_KEEP_BUDGET,False,2017-11-01,2017-02-03,2016-11-07,242,0.0,0.0,0.0,0.0,0.0
2017-11-15,0.6359063890961874,0.36409361090381265,0.0,0.003811679736675855,,,,NO_VIEW_ZERO_OR_INVALID_RISK_KEEP_BUDGET,False,2017-11-01,2017-02-03,2016-11-07,242,0.0,0.0,0.0,0.0,0.0
2017-11-16,0.6359063890961874,0.36409361090381265,0.0,0.003811679736675855,,,,NO_VIEW_ZERO_OR_INVALID_RISK_KEEP_BUDGET,False,2017-11-01,2017-02-03,2016-11-07,242,0.0,0.0,0.0,0.0,0.0
2017-11-17,0.6359063890961874,0.36409361090381265,0.0,0.003811679736675855,,,,NO_VIEW_ZERO_OR_INVALID_RISK_KEEP_BUDGET,False,2017-11-01,2017-02-03,2016-11-07,242,0.0,0.0,0.0,0.0,0.0
2017-11-20,0.6359063890961874,0.36409361090381265,0.0,0.003811679736675855,,,,NO_VIEW_ZERO_OR_INVALID_RISK_KEEP_BUDGET,False,2017-11-01,2017-02-03,2016-11-07,242,0.0,0.0,0.0,0.0,0.0
2017-11-21,0.6359063890961874,0.36409361090381265,0.0,0.003811679736675855,,,,NO_VIEW_ZERO_OR_INVALID_RISK_KEEP_BUDGET,False,2017-11-01,2017-02-03,2016-11-07,242,0.0,0.0,0.0,0.0,0.0
2017-11-22,0.6359063890961874,0.36409361090381265,0.0,0.003811679736675855,,,,NO_VIEW_ZERO_OR_INVALID_RISK_KEEP_BUDGET,False,2017-11-01,2017-02-03,2016-11-07,242,0.0,0.0,0.0,0.0,0.0
2017-11-23,0.6359063890961874,0.36409361090381265,0.0,0.003811679736675855,,,,NO_VIEW_ZERO_OR_INVALID_RISK_KEEP_BUDGET,False,2017-11-01,2017-02-03,2016-11-07,242,0.0,0.0,0.0,0.0,0.0
2017-11-24,0.6359063890961874,0.36409361090381265,0.0,0.003811679736675855,,,,NO_VIEW_ZERO_OR_INVALID_RISK_KEEP_BUDGET,False,2017-11-01,2017-02-03,2016-11-07,242,0.0,0.0,0.0,0.0,0.0
2017-11-27,0.6359063890961874,0.36409361090381265,0.0,0.003811679736675855,,,,NO_VIEW_ZERO_OR_INVALID_RISK_KEEP_BUDGET,False,2017-11-01,2017-02-03,2016-11-07,242,0.0,0.0,0.0,0.0,0.0
2017-11-28,0.6359063890961874,0.36409361090381265,0.0,0.003811679736675855,,,,NO_VIEW_ZERO_OR_INVALID_RISK_KEEP_BUDGET,False,2017-11-01,2017-02-03,2016-11-07,242,0.0,0.0,0.0,0.0,0.0
2017-11-29,0.6359063890961874,0.36409361090381265,0.0,0.003811679736675855,,,,NO_VIEW_ZERO_OR_INVALID_RISK_KEEP_BUDGET,False,2017-11-01,2017-02-03,2016-11-07,242,0.0,0.0,0.0,0.0,0.0
2017-11-30,0.6359063890961874,0.36409361090381265,0.0,0.003811679736675855,,,,NO_VIEW_ZERO_OR_INVALID_RISK_KEEP_BUDGET,False,2017-11-01,2017-02-03,2016-11-07,242,0.0,0.0,0.0,0.0,0.0
2017-12-01,0.6359063890961874,0.36409361090381265,0.0,0.0038116797366758545,,,,NO_VIEW_ZERO_OR_INVALID_RISK_KEEP_BUDGET,True,2017-12-01,2017-02-03,2016-12-07,242,0.0,0.0,0.0,0.0,0.0
2017-12-04,0.6359063890961874,0.36409361090381265,0.0,0.0038116797366758545,,,,NO_VIEW_ZERO_OR_INVALID_RISK_KEEP_BUDGET,False,2017-12-01,2017-02-03,2016-12-07,242,0.0,0.0,0.0,0.0,0.0
2017-12-05,0.6359063890961874,0.36409361090381265,0.0,0.0038116797366758545,,,,NO_VIEW_ZERO_OR_INVALID_RISK_KEEP_BUDGET,False,2017-12-01,2017-02-03,2016-12-07,242,0.0,0.0,0.0,0.0,0.0
2017-12-06,0.6359063890961874,0.36409361090381265,0.0,0.0038116797366758545,,,,NO_VIEW_ZERO_OR_INVALID_RISK_KEEP_BUDGET,False,2017-12-01,2017-02-03,2016-12-07,242,0.0,0.0,0.0,0.0,0.0
2017-12-07,0.6359063890961874,0.36409361090381265,0.0,0.0038116797366758545,,,,NO_VIEW_ZERO_OR_INVALID_RISK_KEEP_BUDGET,False,2017-12-01,2017-02-03,2016-12-07,242,0.0,0.0,0.0,0.0,0.0
2017-12-08,0.6359063890961874,0.36409361090381265,0.0,0.0038116797366758545,,,,NO_VIEW_ZERO_OR_INVALID_RISK_KEEP_BUDGET,False,2017-12-01,2017-02-03,2016-12-07,242,0.0,0.0,0.0,0.0,0.0
2017-12-11,0.6359063890961874,0.36409361090381265,0.0,0.0038116797366758545,,,,NO_VIEW_ZERO_OR_INVALID_RISK_KEEP_BUDGET,False,2017-12-01,2017-02-03,2016-12-07,242,0.0,0.0,0.0,0.0,0.0
2017-12-12,0.6359063890961874,0.36409361090381265,0.0,0.0038116797366758545,,,,NO_VIEW_ZERO_OR_INVALID_RISK_KEEP_BUDGET,False,2017-12-01,2017-02-03,2016-12-07,242,0.0,0.0,0.0,0.0,0.0
2017-12-13,0.6359063890961874,0.36409361090381265,0.0,0.0038116797366758545,,,,NO_VIEW_ZERO_OR_INVALID_RISK_KEEP_BUDGET,False,2017-12-01,2017-02-03,2016-12-07,242,0.0,0.0,0.0,0.0,0.0
2017-12-14,0.6359063890961874,0.36409361090381265,0.0,0.0038116797366758545,,,,NO_VIEW_ZERO_OR_INVALID_RISK_KEEP_BUDGET,False,2017-12-01,2017-02-03,2016-12-07,242,0.0,0.0,0.0,0.0,0.0
2017-12-15,0.6359063890961874,0.36409361090381265,0.0,0.0038116797366758545,,,,NO_VIEW_ZERO_OR_INVALID_RISK_KEEP_BUDGET,False,2017-12-01,2017-02-03,2016-12-07,242,0.0,0.0,0.0,0.0,0.0
2017-12-18,0.6359063890961874,0.36409361090381265,0.0,0.0038116797366758545,,,,NO_VIEW_ZERO_OR_INVALID_RISK_KEEP_BUDGET,False,2017-12-01,2017-02-03,2016-12-07,242,0.0,0.0,0.0,0.0,0.0
2017-12-19,0.6359063890961874,0.36409361090381265,0.0,0.0038116797366758545,,,,NO_VIEW_ZERO_OR_INVALID_RISK_KEEP_BUDGET,False,2017-12-01,2017-02-03,2016-12-07,242,0.0,0.0,0.0,0.0,0.0
2017-12-20,0.6359063890961874,0.36409361090381265,0.0,0.0038116797366758545,,,,NO_VIEW_ZERO_OR_INVALID_RISK_KEEP_BUDGET,False,2017-12-01,2017-02-03,2016-12-07,242,0.0,0.0,0.0,0.0,0.0
2017-12-21,0.6359063890961874,0.36409361090381265,0.0,0.0038116797366758545,,,,NO_VIEW_ZERO_OR_INVALID_RISK_KEEP_BUDGET,False,2017-12-01,2017-02-03,2016-12-07,242,0.0,0.0,0.0,0.0,0.0
2017-12-22,0.6359063890961874,0.36409361090381265,0.0,0.0038116797366758545,,,,NO_VIEW_ZERO_OR_INVALID_RISK_KEEP_BUDGET,False,2017-12-01,2017-02-03,2016-12-07,242,0.0,0.0,0.0,0.0,0.0
2017-12-25,0.6359063890961874,0.36409361090381265,0.0,0.0038116797366758545,,,,NO_VIEW_ZERO_OR_INVALID_RISK_KEEP_BUDGET,False,2017-12-01,2017-02-03,2016-12-07,242,0.0,0.0,0.0,0.0,0.0
2017-12-26,0.6359063890961874,0.36409361090381265,0.0,0.0038116797366758545,,,,NO_VIEW_ZERO_OR_INVALID_RISK_KEEP_BUDGET,False,2017-12-01,2017-02-03,2016-12-07,242,0.0,0.0,0.0,0.0,0.0
2017-12-27,0.6359063890961874,0.36409361090381265,0.0,0.0038116797366758545,,,,NO_VIEW_ZERO_OR_INVALID_RISK_KEEP_BUDGET,False,2017-12-01,2017-02-03,2016-12-07,242,0.0,0.0,0.0,0.0,0.0
2017-12-28,0.6359063890961874,0.36409361090381265,0.0,0.0038116797366758545,,,,NO_VIEW_ZERO_OR_INVALID_RISK_KEEP_BUDGET,False,2017-12-01,2017-02-03,2016-12-07,242,0.0,0.0,0.0,0.0,0.0
2017-12-29,0.6359063890961874,0.36409361090381265,0.0,0.0038116797366758545,,,,NO_VIEW_ZERO_OR_INVALID_RISK_KEEP_BUDGET,False,2017-12-01,2017-02-03,2016-12-07,242,0.0,0.0,0.0,0.0,0.0
2018-01-02,0.6359063890961874,0.36409361090381265,0.0,0.003811679736675854,,,,NO_VIEW_ZERO_OR_INVALID_RISK_KEEP_BUDGET,True,2018-01-02,2017-02-03,2017-01-06,242,0.0,0.0,0.0,0.0,0.0
2018-01-03,0.6359063890961874,0.36409361090381265,0.0,0.003811679736675854,,,,NO_VIEW_ZERO_OR_INVALID_RISK_KEEP_BUDGET,False,2018-01-02,2017-02-03,2017-01-06,242,0.0,0.0,0.0,0.0,0.0
2018-01-04,0.6359063890961874,0.36409361090381265,0.0,0.003811679736675854,,,,NO_VIEW_ZERO_OR_INVALID_RISK_KEEP_BUDGET,False,2018-01-02,2017-02-03,2017-01-06,242,0.0,0.0,0.0,0.0,0.0
2018-01-05,0.6359063890961874,0.36409361090381265,0.0,0.003811679736675854,,,,NO_VIEW_ZERO_OR_INVALID_RISK_KEEP_BUDGET,False,2018-01-02,2017-02-03,2017-01-06,242,0.0,0.0,0.0,0.0,0.0
2018-01-08,0.6359063890961874,0.36409361090381265,0.0,0.003811679736675854,,,,NO_VIEW_ZERO_OR_INVALID_RISK_KEEP_BUDGET,False,2018-01-02,2017-02-03,2017-01-06,242,0.0,0.0,0.0,0.0,0.0
2018-01-09,0.6359063890961874,0.36409361090381265,0.0,0.003811679736675854,,,,NO_VIEW_ZERO_OR_INVALID_RISK_KEEP_BUDGET,False,2018-01-02,2017-02-03,2017-01-06,242,0.0,0.0,0.0,0.0,0.0
2018-01-10,0.6359063890961874,0.36409361090381265,0.0,0.003811679736675854,,,,NO_VIEW_ZERO_OR_INVALID_RISK_KEEP_BUDGET,False,2018-01-02,2017-02-03,2017-01-06,242,0.0,0.0,0.0,0.0,0.0
2018-01-11,0.6359063890961874,0.36409361090381265,0.0,0.003811679736675854,,,,NO_VIEW_ZERO_OR_INVALID_RISK_KEEP_BUDGET,False,2018-01-02,2017-02-03,2017-01-06,242,0.0,0.0,0.0,0.0,0.0
2018-01-12,0.6359063890961874,0.36409361090381265,0.0,0.003811679736675854,,,,NO_VIEW_ZERO_OR_INVALID_RISK_KEEP_BUDGET,False,2018-01-02,2017-02-03,2017-01-06,242,0.0,0.0,0.0,0.0,0.0
2018-01-15,0.6359063890961874,0.36409361090381265,0.0,0.003811679736675854,,,,NO_VIEW_ZERO_OR_INVALID_RISK_KEEP_BUDGET,False,2018-01-02,2017-02-03,2017-01-06,242,0.0,0.0,0.0,0.0,0.0
2018-01-16,0.6359063890961874,0.36409361090381265,0.0,0.003811679736675854,,,,NO_VIEW_ZERO_OR_INVALID_RISK_KEEP_BUDGET,False,2018-01-02,2017-02-03,2017-01-06,242,0.0,0.0,0.0,0.0,0.0
2018-01-17,0.6359063890961874,0.36409361090381265,0.0,0.003811679736675854,,,,NO_VIEW_ZERO_OR_INVALID_RISK_KEEP_BUDGET,False,2018-01-02,2017-02-03,2017-01-06,242,0.0,0.0,0.0,0.0,0.0
2018-01-18,0.6359063890961874,0.36409361090381265,0.0,0.003811679736675854,,,,NO_VIEW_ZERO_OR_INVALID_RISK_KEEP_BUDGET,False,2018-01-02,2017-02-03,2017-01-06,242,0.0,0.0,0.0,0.0,0.0
2018-01-19,0.6359063890961874,0.36409361090381265,0.0,0.003811679736675854,,,,NO_VIEW_ZERO_OR_INVALID_RISK_KEEP_BUDGET,False,2018-01-02,2017-02-03,2017-01-06,242,0.0,0.0,0.0,0.0,0.0
2018-01-22,0.6359063890961874,0.36409361090381265,0.0,0.003811679736675854,,,,NO_VIEW_ZERO_OR_INVALID_RISK_KEEP_BUDGET,False,2018-01-02,2017-02-03,2017-01-06,242,0.0,0.0,0.0,0.0,0.0
2018-01-23,0.6359063890961874,0.36409361090381265,0.0,0.003811679736675854,,,,NO_VIEW_ZERO_OR_INVALID_RISK_KEEP_BUDGET,False,2018-01-02,2017-02-03,2017-01-06,242,0.0,0.0,0.0,0.0,0.0
2018-01-24,0.6359063890961874,0.36409361090381265,0.0,0.003811679736675854,,,,NO_VIEW_ZERO_OR_INVALID_RISK_KEEP_BUDGET,False,2018-01-02,2017-02-03,2017-01-06,242,0.0,0.0,0.0,0.0,0.0
2018-01-25,0.6359063890961874,0.36409361090381265,0.0,0.003811679736675854,,,,NO_VIEW_ZERO_OR_INVALID_RISK_KEEP_BUDGET,False,2018-01-02,2017-02-03,2017-01-06,242,0.0,0.0,0.0,0.0,0.0
2018-01-26,0.6359063890961874,0.36409361090381265,0.0,0.003811679736675854,,,,NO_VIEW_ZERO_OR_INVALID_RISK_KEEP_BUDGET,False,2018-01-02,2017-02-03,2017-01-06,242,0.0,0.0,0.0,0.0,0.0
2018-01-29,0.6359063890961874,0.36409361090381265,0.0,0.003811679736675854,,,,NO_VIEW_ZERO_OR_INVALID_RISK_KEEP_BUDGET,False,2018-01-02,2017-02-03,2017-01-06,242,0.0,0.0,0.0,0.0,0.0
2018-01-30,0.6359063890961874,0.36409361090381265,0.0,0.003811679736675854,,,,NO_VIEW_ZERO_OR_INVALID_RISK_KEEP_BUDGET,False,2018-01-02,2017-02-03,2017-01-06,242,0.0,0.0,0.0,0.0,0.0
2018-01-31,0.6359063890961874,0.36409361090381265,0.0,0.003811679736675854,,,,NO_VIEW_ZERO_OR_INVALID_RISK_KEEP_BUDGET,False,2018-01-02,2017-02-03,2017-01-06,242,0.0,0.0,0.0,0.0,0.0
2018-02-01,0.6359063890961874,0.36409361090381265,0.0,0.0038116797366758537,,,,NO_VIEW_ZERO_OR_INVALID_RISK_KEEP_BUDGET,True,2018-02-01,2017-02-03,2017-02-14,242,0.0,0.0,0.0,0.0,0.0
2018-02-02,0.6359063890961874,0.36409361090381265,0.0,0.0038116797366758537,,,,NO_VIEW_ZERO_OR_INVALID_RISK_KEEP_BUDGET,False,2018-02-01,2017-02-03,2017-02-14,242,0.0,0.0,0.0,0.0,0.0
2018-02-05,0.6359063890961874,0.36409361090381265,0.0,0.0038116797366758537,,,,NO_VIEW_ZERO_OR_INVALID_RISK_KEEP_BUDGET,False,2018-02-01,2017-02-03,2017-02-14,242,0.0,0.0,0.0,0.0,0.0
2018-02-06,0.6359063890961874,0.36409361090381265,0.0,0.0038116797366758537,,,,NO_VIEW_ZERO_OR_INVALID_RISK_KEEP_BUDGET,False,2018-02-01,2017-02-03,2017-02-14,242,0.0,0.0,0.0,0.0,0.0
2018-02-07,0.6359063890961874,0.36409361090381265,0.0,0.0038116797366758537,,,,NO_VIEW_ZERO_OR_INVALID_RISK_KEEP_BUDGET,False,2018-02-01,2017-02-03,2017-02-14,242,0.0,0.0,0.0,0.0,0.0
2018-02-08,0.6359063890961874,0.36409361090381265,0.0,0.0038116797366758537,,,,NO_VIEW_ZERO_OR_INVALID_RISK_KEEP_BUDGET,False,2018-02-01,2017-02-03,2017-02-14,242,0.0,0.0,0.0,0.0,0.0
2018-02-09,0.6359063890961874,0.36409361090381265,0.0,0.0038116797366758537,,,,NO_VIEW_ZERO_OR_INVALID_RISK_KEEP_BUDGET,False,2018-02-01,2017-02-03,2017-02-14,242,0.0,0.0,0.0,0.0,0.0
2018-02-12,0.6359063890961874,0.36409361090381265,0.0,0.0038116797366758537,,,,NO_VIEW_ZERO_OR_INVALID_RISK_KEEP_BUDGET,False,2018-02-01,2017-02-03,2017-02-14,242,1.0,0.0,0.6359063890961874,0.0,0.0
2018-02-13,0.6359063890961874,0.36409361090381265,0.0,0.0038116797366758537,,,,NO_VIEW_ZERO_OR_INVALID_RISK_KEEP_BUDGET,False,2018-02-01,2017-02-03,2017-02-14,242,1.0,0.0,0.6359063890961874,0.002346453771558732,0.0
2018-02-14,0.6359063890961874,0.36409361090381265,0.0,0.0038116797366758537,,,,NO_VIEW_ZERO_OR_INVALID_RISK_KEEP_BUDGET,False,2018-02-01,2017-02-03,2017-02-14,242,1.0,0.0,0.6359063890961874,0.008890174750208812,0.0
2018-02-22,0.6359063890961874,0.36409361090381265,0.0,0.0038116797366758537,,,,NO_VIEW_ZERO_OR_INVALID_RISK_KEEP_BUDGET,False,2018-02-01,2017-02-03,2017-02-14,242,1.0,0.0,0.6359063890961874,0.020644872887112253,0.0
2018-02-23,0.6359063890961874,0.36409361090381265,0.0,0.0038116797366758537,,,,NO_VIEW_ZERO_OR_INVALID_RISK_KEEP_BUDGET,False,2018-02-01,2017-02-03,2017-02-14,242,1.0,0.0,0.6359063890961874,0.005426832077153998,0.0
2018-02-26,0.6359063890961874,0.36409361090381265,0.0,0.0038116797366758537,,,,NO_VIEW_ZERO_OR_INVALID_RISK_KEEP_BUDGET,False,2018-02-01,2017-02-03,2017-02-14,242,1.0,0.0,0.6359063890961874,0.012757823073420438,0.0
2018-02-27,0.6359063890961874,0.36409361090381265,0.0,0.0038116797366758537,,,,NO_VIEW_ZERO_OR_INVALID_RISK_KEEP_BUDGET,False,2018-02-01,2017-02-03,2017-02-14,242,1.0,0.0,0.6359063890961874,-0.014292876345675554,0.0
2018-02-28,0.6359063890961874,0.36409361090381265,0.0,0.0038116797366758537,,,,NO_VIEW_ZERO_OR_INVALID_RISK_KEEP_BUDGET,False,2018-02-01,2017-02-03,2017-02-14,242,1.0,0.0,0.6359063890961874,-0.01007635793755346,0.0
2018-03-01,0.7669134071865595,0.23308659281344046,0.0020934078513553393,0.0038116797366758532,-4.796397947485868e-08,1.9007186806051218e-05,0.7669134071865595,MIN_VARIANCE_BUDGET_AVAILABLE,True,2018-03-01,2018-03-01,2017-03-07,242,1.0,0.0,0.7669134071865595,0.007199727031230507,0.0
2018-03-02,0.7669134071865595,0.23308659281344046,0.0020934078513553393,0.0038116797366758532,-4.796397947485868e-08,1.9007186806051218e-05,0.7669134071865595,MIN_VARIANCE_BUDGET_AVAILABLE,False,2018-03-01,2018-03-01,2017-03-07,242,1.0,0.0,0.7669134071865595,-0.006655277947982374,0.0
2018-03-05,0.7669134071865595,0.23308659281344046,0.0020934078513553393,0.0038116797366758532,-4.796397947485868e-08,1.9007186806051218e-05,0.7669134071865595,MIN_VARIANCE_BUDGET_AVAILABLE,False,2018-03-01,2018-03-01,2017-03-07,242,0.0,0.0,0.0,-0.0022332891426433132,0.0
2018-03-06,0.7669134071865595,0.23308659281344046,0.0020934078513553393,0.0038116797366758532,-4.796397947485868e-08,1.9007186806051218e-05,0.7669134071865595,MIN_VARIANCE_BUDGET_AVAILABLE,False,2018-03-01,2018-03-01,2017-03-07,242,0.0,0.0,0.0,0.006265266233198563,0.0
2018-03-07,0.7669134071865595,0.23308659281344046,0.0020934078513553393,0.0038116797366758532,-4.796397947485868e-08,1.9007186806051218e-05,0.7669134071865595,MIN_VARIANCE_BUDGET_AVAILABLE,False,2018-03-01,2018-03-01,2017-03-07,242,0.0,0.0,0.0,0.0,0.0
2018-03-08,0.7669134071865595,0.23308659281344046,0.0020934078513553393,0.0038116797366758532,-4.796397947485868e-08,1.9007186806051218e-05,0.7669134071865595,MIN_VARIANCE_BUDGET_AVAILABLE,False,2018-03-01,2018-03-01,2017-03-07,242,0.0,0.0,0.0,0.0,0.0
2018-03-09,0.7669134071865595,0.23308659281344046,0.0020934078513553393,0.0038116797366758532,-4.796397947485868e-08,1.9007186806051218e-05,0.7669134071865595,MIN_VARIANCE_BUDGET_AVAILABLE,False,2018-03-01,2018-03-01,2017-03-07,242,0.0,0.0,0.0,0.0,0.0
2018-03-12,0.7669134071865595,0.23308659281344046,0.0020934078513553393,0.0038116797366758532,-4.796397947485868e-08,1.9007186806051218e-05,0.7669134071865595,MIN_VARIANCE_BUDGET_AVAILABLE,False,2018-03-01,2018-03-01,2017-03-07,242,0.0,0.0,0.0,0.0,0.0
2018-03-13,0.7669134071865595,0.23308659281344046,0.0020934078513553393,0.0038116797366758532,-4.796397947485868e-08,1.9007186806051218e-05,0.7669134071865595,MIN_VARIANCE_BUDGET_AVAILABLE,False,2018-03-01,2018-03-01,2017-03-07,242,0.0,0.0,0.0,0.0,0.0
2018-03-14,0.7669134071865595,0.23308659281344046,0.0020934078513553393,0.0038116797366758532,-4.796397947485868e-08,1.9007186806051218e-05,0.7669134071865595,MIN_VARIANCE_BUDGET_AVAILABLE,False,2018-03-01,2018-03-01,2017-03-07,242,0.0,0.0,0.0,0.0,0.0
2018-03-15,0.7669134071865595,0.23308659281344046,0.0020934078513553393,0.0038116797366758532,-4.796397947485868e-08,1.9007186806051218e-05,0.7669134071865595,MIN_VARIANCE_BUDGET_AVAILABLE,False,2018-03-01,2018-03-01,2017-03-07,242,0.0,0.0,0.0,0.0,0.0
2018-03-16,0.7669134071865595,0.23308659281344046,0.0020934078513553393,0.0038116797366758532,-4.796397947485868e-08,1.9007186806051218e-05,0.7669134071865595,MIN_VARIANCE_BUDGET_AVAILABLE,False,2018-03-01,2018-03-01,2017-03-07,242,0.0,0.0,0.0,0.0,0.0
2018-03-19,0.7669134071865595,0.23308659281344046,0.0020934078513553393,0.0038116797366758532,-4.796397947485868e-08,1.9007186806051218e-05,0.7669134071865595,MIN_VARIANCE_BUDGET_AVAILABLE,False,2018-03-01,2018-03-01,2017-03-07,242,0.0,0.0,0.0,0.0,0.0
2018-03-20,0.7669134071865595,0.23308659281344046,0.0020934078513553393,0.0038116797366758532,-4.796397947485868e-08,1.9007186806051218e-05,0.7669134071865595,MIN_VARIANCE_BUDGET_AVAILABLE,False,2018-03-01,2018-03-01,2017-03-07,242,0.0,0.0,0.0,0.0,0.0
2018-03-21,0.7669134071865595,0.23308659281344046,0.0020934078513553393,0.0038116797366758532,-4.796397947485868e-08,1.9007186806051218e-05,0.7669134071865595,MIN_VARIANCE_BUDGET_AVAILABLE,False,2018-03-01,2018-03-01,2017-03-07,242,0.0,0.0,0.0,0.0,0.0
2018-03-22,0.7669134071865595,0.23308659281344046,0.0020934078513553393,0.0038116797366758532,-4.796397947485868e-08,1.9007186806051218e-05,0.7669134071865595,MIN_VARIANCE_BUDGET_AVAILABLE,False,2018-03-01,2018-03-01,2017-03-07,242,0.0,0.0,0.0,0.0,0.0
2018-03-23,0.7669134071865595,0.23308659281344046,0.0020934078513553393,0.0038116797366758532,-4.796397947485868e-08,1.9007186806051218e-05,0.7669134071865595,MIN_VARIANCE_BUDGET_AVAILABLE,False,2018-03-01,2018-03-01,2017-03-07,242,0.0,0.0,0.0,0.0,0.0
2018-03-26,0.7669134071865595,0.23308659281344046,0.0020934078513553393,0.0038116797366758532,-4.796397947485868e-08,1.9007186806051218e-05,0.7669134071865595,MIN_VARIANCE_BUDGET_AVAILABLE,False,2018-03-01,2018-03-01,2017-03-07,242,0.0,0.0,0.0,0.0,0.0
2018-03-27,0.7669134071865595,0.23308659281344046,0.0020934078513553393,0.0038116797366758532,-4.796397947485868e-08,1.9007186806051218e-05,0.7669134071865595,MIN_VARIANCE_BUDGET_AVAILABLE,False,2018-03-01,2018-03-01,2017-03-07,242,0.0,0.0,0.0,0.0,0.0
2018-03-28,0.7669134071865595,0.23308659281344046,0.0020934078513553393,0.0038116797366758532,-4.796397947485868e-08,1.9007186806051218e-05,0.7669134071865595,MIN_VARIANCE_BUDGET_AVAILABLE,False,2018-03-01,2018-03-01,2017-03-07,242,0.0,0.0,0.0,0.0,0.0
2018-03-29,0.7669134071865595,0.23308659281344046,0.0020934078513553393,0.0038116797366758532,-4.796397947485868e-08,1.9007186806051218e-05,0.7669134071865595,MIN_VARIANCE_BUDGET_AVAILABLE,False,2018-03-01,2018-03-01,2017-03-07,242,0.0,0.0,0.0,0.0,0.0
2018-03-30,0.7669134071865595,0.23308659281344046,0.0020934078513553393,0.0038116797366758532,-4.796397947485868e-08,1.9007186806051218e-05,0.7669134071865595,MIN_VARIANCE_BUDGET_AVAILABLE,False,2018-03-01,2018-03-01,2017-03-07,242,0.0,0.0,0.0,0.0,0.0
2018-04-02,0.7523612786811028,0.2476387213188972,0.0021800362918032237,0.003811679736675853,-4.413915381234063e-08,1.936973895618915e-05,0.7523612786811028,MIN_VARIANCE_BUDGET_AVAILABLE,True,2018-04-02,2018-04-02,2017-04-10,242,0.0,0.0,0.0,0.0,0.0
2018-04-03,0.7523612786811028,0.2476387213188972,0.0021800362918032237,0.003811679736675853,-4.413915381234063e-08,1.936973895618915e-05,0.7523612786811028,MIN_VARIANCE_BUDGET_AVAILABLE,False,2018-04-02,2018-04-02,2017-04-10,242,0.0,0.0,0.0,0.0,0.0
2018-04-04,0.7523612786811028,0.2476387213188972,0.0021800362918032237,0.003811679736675853,-4.413915381234063e-08,1.936973895618915e-05,0.7523612786811028,MIN_VARIANCE_BUDGET_AVAILABLE,False,2018-04-02,2018-04-02,2017-04-10,242,0.0,0.0,0.0,0.0,0.0
2018-04-09,0.7523612786811028,0.2476387213188972,0.0021800362918032237,0.003811679736675853,-4.413915381234063e-08,1.936973895618915e-05,0.7523612786811028,MIN_VARIANCE_BUDGET_AVAILABLE,False,2018-04-02,2018-04-02,2017-04-10,242,0.0,0.0,0.0,0.0,0.0
2018-04-10,0.7523612786811028,0.2476387213188972,0.0021800362918032237,0.003811679736675853,-4.413915381234063e-08,1.936973895618915e-05,0.7523612786811028,MIN_VARIANCE_BUDGET_AVAILABLE,False,2018-04-02,2018-04-02,2017-04-10,242,0.0,0.0,0.0,0.0,0.0
2018-04-11,0.7523612786811028,0.2476387213188972,0.0021800362918032237,0.003811679736675853,-4.413915381234063e-08,1.936973895618915e-05,0.7523612786811028,MIN_VARIANCE_BUDGET_AVAILABLE,False,2018-04-02,2018-04-02,2017-04-10,242,0.0,0.0,0.0,0.0,0.0
2018-04-12,0.7523612786811028,0.2476387213188972,0.0021800362918032237,0.003811679736675853,-4.413915381234063e-08,1.936973895618915e-05,0.7523612786811028,MIN_VARIANCE_BUDGET_AVAILABLE,False,2018-04-02,2018-04-02,2017-04-10,242,0.0,0.0,0.0,0.0,0.0
2018-04-13,0.7523612786811028,0.2476387213188972,0.0021800362918032237,0.003811679736675853,-4.413915381234063e-08,1.936973895618915e-05,0.7523612786811028,MIN_VARIANCE_BUDGET_AVAILABLE,False,2018-04-02,2018-04-02,2017-04-10,242,0.0,0.0,0.0,0.0,0.0
2018-04-16,0.7523612786811028,0.2476387213188972,0.0021800362918032237,0.003811679736675853,-4.413915381234063e-08,1.936973895618915e-05,0.7523612786811028,MIN_VARIANCE_BUDGET_AVAILABLE,False,2018-04-02,2018-04-02,2017-04-10,242,0.0,0.0,0.0,0.0,0.0
2018-04-17,0.7523612786811028,0.2476387213188972,0.0021800362918032237,0.003811679736675853,-4.413915381234063e-08,1.936973895618915e-05,0.7523612786811028,MIN_VARIANCE_BUDGET_AVAILABLE,False,2018-04-02,2018-04-02,2017-04-10,242,0.0,0.0,0.0,0.0,0.0
2018-04-18,0.7523612786811028,0.2476387213188972,0.0021800362918032237,0.003811679736675853,-4.413915381234063e-08,1.936973895618915e-05,0.7523612786811028,MIN_VARIANCE_BUDGET_AVAILABLE,False,2018-04-02,2018-04-02,2017-04-10,242,0.0,0.0,0.0,0.0,0.0
2018-04-19,0.7523612786811028,0.2476387213188972,0.0021800362918032237,0.003811679736675853,-4.413915381234063e-08,1.936973895618915e-05,0.7523612786811028,MIN_VARIANCE_BUDGET_AVAILABLE,False,2018-04-02,2018-04-02,2017-04-10,242,0.0,0.0,0.0,0.0,0.0
2018-04-20,0.7523612786811028,0.2476387213188972,0.0021800362918032237,0.003811679736675853,-4.413915381234063e-08,1.936973895618915e-05,0.7523612786811028,MIN_VARIANCE_BUDGET_AVAILABLE,False,2018-04-02,2018-04-02,2017-04-10,242,0.0,0.0,0.0,0.0,0.0
2018-04-23,0.7523612786811028,0.2476387213188972,0.0021800362918032237,0.003811679736675853,-4.413915381234063e-08,1.936973895618915e-05,0.7523612786811028,MIN_VARIANCE_BUDGET_AVAILABLE,False,2018-04-02,2018-04-02,2017-04-10,242,0.0,0.0,0.0,0.0,0.0
2018-04-24,0.7523612786811028,0.2476387213188972,0.0021800362918032237,0.003811679736675853,-4.413915381234063e-08,1.936973895618915e-05,0.7523612786811028,MIN_VARIANCE_BUDGET_AVAILABLE,False,2018-04-02,2018-04-02,2017-04-10,242,0.0,0.0,0.0,0.0,0.0
2018-04-25,0.7523612786811028,0.2476387213188972,0.0021800362918032237,0.003811679736675853,-4.413915381234063e-08,1.936973895618915e-05,0.7523612786811028,MIN_VARIANCE_BUDGET_AVAILABLE,False,2018-04-02,2018-04-02,2017-04-10,242,0.0,0.0,0.0,0.0,0.0
2018-04-26,0.7523612786811028,0.2476387213188972,0.0021800362918032237,0.003811679736675853,-4.413915381234063e-08,1.936973895618915e-05,0.7523612786811028,MIN_VARIANCE_BUDGET_AVAILABLE,False,2018-04-02,2018-04-02,2017-04-10,242,0.0,0.0,0.0,0.0,0.0
2018-04-27,0.7523612786811028,0.2476387213188972,0.0021800362918032237,0.003811679736675853,-4.413915381234063e-08,1.936973895618915e-05,0.7523612786811028,MIN_VARIANCE_BUDGET_AVAILABLE,False,2018-04-02,2018-04-02,2017-04-10,242,0.0,0.0,0.0,0.0,0.0
2018-05-02,0.7523612786811026,0.24763872131889741,0.002180036291803224,0.0038116797366758524,-4.413915381234064e-08,1.936973895618915e-05,0.7523612786811026,MIN_VARIANCE_BUDGET_AVAILABLE,True,2018-05-02,2018-05-02,2017-05-05,242,0.0,0.0,0.0,0.0,0.0
2018-05-03,0.7523612786811026,0.24763872131889741,0.002180036291803224,0.0038116797366758524,-4.413915381234064e-08,1.936973895618915e-05,0.7523612786811026,MIN_VARIANCE_BUDGET_AVAILABLE,False,2018-05-02,2018-05-02,2017-05-05,242,0.0,0.0,0.0,0.0,0.0
2018-05-04,0.7523612786811026,0.24763872131889741,0.002180036291803224,0.0038116797366758524,-4.413915381234064e-08,1.936973895618915e-05,0.7523612786811026,MIN_VARIANCE_BUDGET_AVAILABLE,False,2018-05-02,2018-05-02,2017-05-05,242,0.0,0.0,0.0,0.0,0.0
2018-05-07,0.7523612786811026,0.24763872131889741,0.002180036291803224,0.0038116797366758524,-4.413915381234064e-08,1.936973895618915e-05,0.7523612786811026,MIN_VARIANCE_BUDGET_AVAILABLE,False,2018-05-02,2018-05-02,2017-05-05,242,0.0,0.0,0.0,0.0,0.0
2018-05-08,0.7523612786811026,0.24763872131889741,0.002180036291803224,0.0038116797366758524,-4.413915381234064e-08,1.936973895618915e-05,0.7523612786811026,MIN_VARIANCE_BUDGET_AVAILABLE,False,2018-05-02,2018-05-02,2017-05-05,242,0.0,0.0,0.0,0.0,0.0
2018-05-09,0.7523612786811026,0.24763872131889741,0.002180036291803224,0.0038116797366758524,-4.413915381234064e-08,1.936973895618915e-05,0.7523612786811026,MIN_VARIANCE_BUDGET_AVAILABLE,False,2018-05-02,2018-05-02,2017-05-05,242,0.0,0.0,0.0,0.0,0.0
2018-05-10,0.7523612786811026,0.24763872131889741,0.002180036291803224,0.0038116797366758524,-4.413915381234064e-08,1.936973895618915e-05,0.7523612786811026,MIN_VARIANCE_BUDGET_AVAILABLE,False,2018-05-02,2018-05-02,2017-05-05,242,0.0,0.0,0.0,0.0,0.0
2018-05-11,0.7523612786811026,0.24763872131889741,0.002180036291803224,0.0038116797366758524,-4.413915381234064e-08,1.936973895618915e-05,0.7523612786811026,MIN_VARIANCE_BUDGET_AVAILABLE,False,2018-05-02,2018-05-02,2017-05-05,242,0.0,0.0,0.0,0.0,0.0
2018-05-14,0.7523612786811026,0.24763872131889741,0.002180036291803224,0.0038116797366758524,-4.413915381234064e-08,1.936973895618915e-05,0.7523612786811026,MIN_VARIANCE_BUDGET_AVAILABLE,False,2018-05-02,2018-05-02,2017-05-05,242,0.0,0.0,0.0,0.0,0.0
2018-05-15,0.7523612786811026,0.24763872131889741,0.002180036291803224,0.0038116797366758524,-4.413915381234064e-08,1.936973895618915e-05,0.7523612786811026,MIN_VARIANCE_BUDGET_AVAILABLE,False,2018-05-02,2018-05-02,2017-05-05,242,0.0,0.0,0.0,0.0,0.0
2018-05-16,0.7523612786811026,0.24763872131889741,0.002180036291803224,0.0038116797366758524,-4.413915381234064e-08,1.936973895618915e-05,0.7523612786811026,MIN_VARIANCE_BUDGET_AVAILABLE,False,2018-05-02,2018-05-02,2017-05-05,242,0.0,0.0,0.0,0.0,0.0
2018-05-17,0.7523612786811026,0.24763872131889741,0.002180036291803224,0.0038116797366758524,-4.413915381234064e-08,1.936973895618915e-05,0.7523612786811026,MIN_VARIANCE_BUDGET_AVAILABLE,False,2018-05-02,2018-05-02,2017-05-05,242,0.0,0.0,0.0,0.0,0.0
2018-05-18,0.7523612786811026,0.24763872131889741,0.002180036291803224,0.0038116797366758524,-4.413915381234064e-08,1.936973895618915e-05,0.7523612786811026,MIN_VARIANCE_BUDGET_AVAILABLE,False,2018-05-02,2018-05-02,2017-05-05,242,0.0,0.0,0.0,0.0,0.0
2018-05-21,0.7523612786811026,0.24763872131889741,0.002180036291803224,0.0038116797366758524,-4.413915381234064e-08,1.936973895618915e-05,0.7523612786811026,MIN_VARIANCE_BUDGET_AVAILABLE,False,2018-05-02,2018-05-02,2017-05-05,242,0.0,0.0,0.0,0.0,0.0
2018-05-22,0.7523612786811026,0.24763872131889741,0.002180036291803224,0.0038116797366758524,-4.413915381234064e-08,1.936973895618915e-05,0.7523612786811026,MIN_VARIANCE_BUDGET_AVAILABLE,False,2018-05-02,2018-05-02,2017-05-05,242,0.0,0.0,0.0,0.0,0.0
2018-05-23,0.7523612786811026,0.24763872131889741,0.002180036291803224,0.0038116797366758524,-4.413915381234064e-08,1.936973895618915e-05,0.7523612786811026,MIN_VARIANCE_BUDGET_AVAILABLE,False,2018-05-02,2018-05-02,2017-05-05,242,0.0,0.0,0.0,0.0,0.0
2018-05-24,0.7523612786811026,0.24763872131889741,0.002180036291803224,0.0038116797366758524,-4.413915381234064e-08,1.936973895618915e-05,0.7523612786811026,MIN_VARIANCE_BUDGET_AVAILABLE,False,2018-05-02,2018-05-02,2017-05-05,242,0.0,0.0,0.0,0.0,0.0
2018-05-25,0.7523612786811026,0.24763872131889741,0.002180036291803224,0.0038116797366758524,-4.413915381234064e-08,1.936973895618915e-05,0.7523612786811026,MIN_VARIANCE_BUDGET_AVAILABLE,False,2018-05-02,2018-05-02,2017-05-05,242,0.0,0.0,0.0,0.0,0.0
2018-05-28,0.7523612786811026,0.24763872131889741,0.002180036291803224,0.0038116797366758524,-4.413915381234064e-08,1.936973895618915e-05,0.7523612786811026,MIN_VARIANCE_BUDGET_AVAILABLE,False,2018-05-02,2018-05-02,2017-05-05,242,0.0,0.0,0.0,0.0,0.0
2018-05-29,0.7523612786811026,0.24763872131889741,0.002180036291803224,0.0038116797366758524,-4.413915381234064e-08,1.936973895618915e-05,0.7523612786811026,MIN_VARIANCE_BUDGET_AVAILABLE,False,2018-05-02,2018-05-02,2017-05-05,242,0.0,0.0,0.0,0.0,0.0
2018-05-30,0.7523612786811026,0.24763872131889741,0.002180036291803224,0.0038116797366758524,-4.413915381234064e-08,1.936973895618915e-05,0.7523612786811026,MIN_VARIANCE_BUDGET_AVAILABLE,False,2018-05-02,2018-05-02,2017-05-05,242,0.0,0.0,0.0,0.0,0.0
2018-05-31,0.7523612786811026,0.24763872131889741,0.002180036291803224,0.0038116797366758524,-4.413915381234064e-08,1.936973895618915e-05,0.7523612786811026,MIN_VARIANCE_BUDGET_AVAILABLE,False,2018-05-02,2018-05-02,2017-05-05,242,0.0,0.0,0.0,0.0,0.0
2018-06-01,0.7045538892891814,0.2954461107108186,0.0021800362918032246,0.003371318309433239,-2.3329351525929162e-08,1.6165004080150784e-05,0.7045538892891814,MIN_VARIANCE_BUDGET_AVAILABLE,True,2018-06-01,2018-06-01,2017-06-08,242,0.0,0.0,0.0,0.0,0.0
2018-06-04,0.7045538892891814,0.2954461107108186,0.0021800362918032246,0.003371318309433239,-2.3329351525929162e-08,1.6165004080150784e-05,0.7045538892891814,MIN_VARIANCE_BUDGET_AVAILABLE,False,2018-06-01,2018-06-01,2017-06-08,242,0.0,0.0,0.0,0.0,0.0
2018-06-05,0.7045538892891814,0.2954461107108186,0.0021800362918032246,0.003371318309433239,-2.3329351525929162e-08,1.6165004080150784e-05,0.7045538892891814,MIN_VARIANCE_BUDGET_AVAILABLE,False,2018-06-01,2018-06-01,2017-06-08,242,0.0,0.0,0.0,0.0,0.0
2018-06-06,0.7045538892891814,0.2954461107108186,0.0021800362918032246,0.003371318309433239,-2.3329351525929162e-08,1.6165004080150784e-05,0.7045538892891814,MIN_VARIANCE_BUDGET_AVAILABLE,False,2018-06-01,2018-06-01,2017-06-08,242,0.0,0.0,0.0,0.0,0.0
2018-06-07,0.7045538892891814,0.2954461107108186,0.0021800362918032246,0.003371318309433239,-2.3329351525929162e-08,1.6165004080150784e-05,0.7045538892891814,MIN_VARIANCE_BUDGET_AVAILABLE,False,2018-06-01,2018-06-01,2017-06-08,242,0.0,0.0,0.0,0.0,0.0
2018-06-08,0.7045538892891814,0.2954461107108186,0.0021800362918032246,0.003371318309433239,-2.3329351525929162e-08,1.6165004080150784e-05,0.7045538892891814,MIN_VARIANCE_BUDGET_AVAILABLE,False,2018-06-01,2018-06-01,2017-06-08,242,0.0,0.0,0.0,0.0,0.0
2018-06-11,0.7045538892891814,0.2954461107108186,0.0021800362918032246,0.003371318309433239,-2.3329351525929162e-08,1.6165004080150784e-05,0.7045538892891814,MIN_VARIANCE_BUDGET_AVAILABLE,False,2018-06-01,2018-06-01,2017-06-08,242,0.0,0.0,0.0,0.0,0.0
2018-06-12,0.7045538892891814,0.2954461107108186,0.0021800362918032246,0.003371318309433239,-2.3329351525929162e-08,1.6165004080150784e-05,0.7045538892891814,MIN_VARIANCE_BUDGET_AVAILABLE,False,2018-06-01,2018-06-01,2017-06-08,242,0.0,0.0,0.0,0.0,0.0
2018-06-13,0.7045538892891814,0.2954461107108186,0.0021800362918032246,0.003371318309433239,-2.3329351525929162e-08,1.6165004080150784e-05,0.7045538892891814,MIN_VARIANCE_BUDGET_AVAILABLE,False,2018-06-01,2018-06-01,2017-06-08,242,0.0,0.0,0.0,0.0,0.0
2018-06-14,0.7045538892891814,0.2954461107108186,0.0021800362918032246,0.003371318309433239,-2.3329351525929162e-08,1.6165004080150784e-05,0.7045538892891814,MIN_VARIANCE_BUDGET_AVAILABLE,False,2018-06-01,2018-06-01,2017-06-08,242,0.0,0.0,0.0,0.0,0.0
2018-06-15,0.7045538892891814,0.2954461107108186,0.0021800362918032246,0.003371318309433239,-2.3329351525929162e-08,1.6165004080150784e-05,0.7045538892891814,MIN_VARIANCE_BUDGET_AVAILABLE,False,2018-06-01,2018-06-01,2017-06-08,242,0.0,0.0,0.0,0.0,0.0
2018-06-19,0.7045538892891814,0.2954461107108186,0.0021800362918032246,0.003371318309433239,-2.3329351525929162e-08,1.6165004080150784e-05,0.7045538892891814,MIN_VARIANCE_BUDGET_AVAILABLE,False,2018-06-01,2018-06-01,2017-06-08,242,0.0,0.0,0.0,0.0,0.0
2018-06-20,0.7045538892891814,0.2954461107108186,0.0021800362918032246,0.003371318309433239,-2.3329351525929162e-08,1.6165004080150784e-05,0.7045538892891814,MIN_VARIANCE_BUDGET_AVAILABLE,False,2018-06-01,2018-06-01,2017-06-08,242,0.0,0.0,0.0,0.0,0.0
2018-06-21,0.7045538892891814,0.2954461107108186,0.0021800362918032246,0.003371318309433239,-2.3329351525929162e-08,1.6165004080150784e-05,0.7045538892891814,MIN_VARIANCE_BUDGET_AVAILABLE,False,2018-06-01,2018-06-01,2017-06-08,242,0.0,0.0,0.0,0.0,0.0
2018-06-22,0.7045538892891814,0.2954461107108186,0.0021800362918032246,0.003371318309433239,-2.3329351525929162e-08,1.6165004080150784e-05,0.7045538892891814,MIN_VARIANCE_BUDGET_AVAILABLE,False,2018-06-01,2018-06-01,2017-06-08,242,0.0,0.0,0.0,0.0,0.0
2018-06-25,0.7045538892891814,0.2954461107108186,0.0021800362918032246,0.003371318309433239,-2.3329351525929162e-08,1.6165004080150784e-05,0.7045538892891814,MIN_VARIANCE_BUDGET_AVAILABLE,False,2018-06-01,2018-06-01,2017-06-08,242,0.0,0.0,0.0,0.0,0.0
2018-06-26,0.7045538892891814,0.2954461107108186,0.0021800362918032246,0.003371318309433239,-2.3329351525929162e-08,1.6165004080150784e-05,0.7045538892891814,MIN_VARIANCE_BUDGET_AVAILABLE,False,2018-06-01,2018-06-01,2017-06-08,242,0.0,0.0,0.0,0.0,0.0
2018-06-27,0.7045538892891814,0.2954461107108186,0.0021800362918032246,0.003371318309433239,-2.3329351525929162e-08,1.6165004080150784e-05,0.7045538892891814,MIN_VARIANCE_BUDGET_AVAILABLE,False,2018-06-01,2018-06-01,2017-06-08,242,0.0,0.0,0.0,0.0,0.0
2018-06-28,0.7045538892891814,0.2954461107108186,0.0021800362918032246,0.003371318309433239,-2.3329351525929162e-08,1.6165004080150784e-05,0.7045538892891814,MIN_VARIANCE_BUDGET_AVAILABLE,False,2018-06-01,2018-06-01,2017-06-08,242,0.0,0.0,0.0,0.0,0.0
2018-06-29,0.7045538892891814,0.2954461107108186,0.0021800362918032246,0.003371318309433239,-2.3329351525929162e-08,1.6165004080150784e-05,0.7045538892891814,MIN_VARIANCE_BUDGET_AVAILABLE,False,2018-06-01,2018-06-01,2017-06-08,242,0.0,0.0,0.0,0.0,0.0
2018-07-02,0.5920930179825173,0.40790698201748266,0.002180036291803225,0.002626701119657428,-2.2892521840775814e-09,1.1656695509956939e-05,0.5920930179825173,MIN_VARIANCE_BUDGET_AVAILABLE,True,2018-07-02,2018-07-02,2017-07-06,242,0.0,0.0,0.0,0.0,0.0
2018-07-03,0.5920930179825173,0.40790698201748266,0.002180036291803225,0.002626701119657428,-2.2892521840775814e-09,1.1656695509956939e-05,0.5920930179825173,MIN_VARIANCE_BUDGET_AVAILABLE,False,2018-07-02,2018-07-02,2017-07-06,242,0.0,0.0,0.0,0.0,0.0
2018-07-04,0.5920930179825173,0.40790698201748266,0.002180036291803225,0.002626701119657428,-2.2892521840775814e-09,1.1656695509956939e-05,0.5920930179825173,MIN_VARIANCE_BUDGET_AVAILABLE,False,2018-07-02,2018-07-02,2017-07-06,242,0.0,0.0,0.0,0.0,0.0
2018-07-05,0.5920930179825173,0.40790698201748266,0.002180036291803225,0.002626701119657428,-2.2892521840775814e-09,1.1656695509956939e-05,0.5920930179825173,MIN_VARIANCE_BUDGET_AVAILABLE,False,2018-07-02,2018-07-02,2017-07-06,242,0.0,0.0,0.0,0.0,0.0
2018-07-06,0.5920930179825173,0.40790698201748266,0.002180036291803225,0.002626701119657428,-2.2892521840775814e-09,1.1656695509956939e-05,0.5920930179825173,MIN_VARIANCE_BUDGET_AVAILABLE,False,2018-07-02,2018-07-02,2017-07-06,242,0.0,0.0,0.0,0.0,0.0
2018-07-09,0.5920930179825173,0.40790698201748266,0.002180036291803225,0.002626701119657428,-2.2892521840775814e-09,1.1656695509956939e-05,0.5920930179825173,MIN_VARIANCE_BUDGET_AVAILABLE,False,2018-07-02,2018-07-02,2017-07-06,242,0.0,0.0,0.0,0.0,0.0
2018-07-10,0.5920930179825173,0.40790698201748266,0.002180036291803225,0.002626701119657428,-2.2892521840775814e-09,1.1656695509956939e-05,0.5920930179825173,MIN_VARIANCE_BUDGET_AVAILABLE,False,2018-07-02,2018-07-02,2017-07-06,242,0.0,0.0,0.0,0.0,0.0
2018-07-11,0.5920930179825173,0.40790698201748266,0.002180036291803225,0.002626701119657428,-2.2892521840775814e-09,1.1656695509956939e-05,0.5920930179825173,MIN_VARIANCE_BUDGET_AVAILABLE,False,2018-07-02,2018-07-02,2017-07-06,242,0.0,0.0,0.0,0.0,0.0
2018-07-12,0.5920930179825173,0.40790698201748266,0.002180036291803225,0.002626701119657428,-2.2892521840775814e-09,1.1656695509956939e-05,0.5920930179825173,MIN_VARIANCE_BUDGET_AVAILABLE,False,2018-07-02,2018-07-02,2017-07-06,242,0.0,0.0,0.0,0.0,0.0
2018-07-13,0.5920930179825173,0.40790698201748266,0.002180036291803225,0.002626701119657428,-2.2892521840775814e-09,1.1656695509956939e-05,0.5920930179825173,MIN_VARIANCE_BUDGET_AVAILABLE,False,2018-07-02,2018-07-02,2017-07-06,242,0.0,0.0,0.0,0.0,0.0
2018-07-16,0.5920930179825173,0.40790698201748266,0.002180036291803225,0.002626701119657428,-2.2892521840775814e-09,1.1656695509956939e-05,0.5920930179825173,MIN_VARIANCE_BUDGET_AVAILABLE,False,2018-07-02,2018-07-02,2017-07-06,242,0.0,0.0,0.0,0.0,0.0
2018-07-17,0.5920930179825173,0.40790698201748266,0.002180036291803225,0.002626701119657428,-2.2892521840775814e-09,1.1656695509956939e-05,0.5920930179825173,MIN_VARIANCE_BUDGET_AVAILABLE,False,2018-07-02,2018-07-02,2017-07-06,242,0.0,0.0,0.0,0.0,0.0
2018-07-18,0.5920930179825173,0.40790698201748266,0.002180036291803225,0.002626701119657428,-2.2892521840775814e-09,1.1656695509956939e-05,0.5920930179825173,MIN_VARIANCE_BUDGET_AVAILABLE,False,2018-07-02,2018-07-02,2017-07-06,242,0.0,0.0,0.0,0.0,0.0
2018-07-19,0.5920930179825173,0.40790698201748266,0.002180036291803225,0.002626701119657428,-2.2892521840775814e-09,1.1656695509956939e-05,0.5920930179825173,MIN_VARIANCE_BUDGET_AVAILABLE,False,2018-07-02,2018-07-02,2017-07-06,242,0.0,0.0,0.0,0.0,0.0
2018-07-20,0.5920930179825173,0.40790698201748266,0.002180036291803225,0.002626701119657428,-2.2892521840775814e-09,1.1656695509956939e-05,0.5920930179825173,MIN_VARIANCE_BUDGET_AVAILABLE,False,2018-07-02,2018-07-02,2017-07-06,242,0.0,0.0,0.0,0.0,0.0
2018-07-23,0.5920930179825173,0.40790698201748266,0.002180036291803225,0.002626701119657428,-2.2892521840775814e-09,1.1656695509956939e-05,0.5920930179825173,MIN_VARIANCE_BUDGET_AVAILABLE,False,2018-07-02,2018-07-02,2017-07-06,242,0.0,0.0,0.0,0.0,0.0
2018-07-24,0.5920930179825173,0.40790698201748266,0.002180036291803225,0.002626701119657428,-2.2892521840775814e-09,1.1656695509956939e-05,0.5920930179825173,MIN_VARIANCE_BUDGET_AVAILABLE,False,2018-07-02,2018-07-02,2017-07-06,242,0.0,0.0,0.0,0.0,0.0
2018-07-25,0.5920930179825173,0.40790698201748266,0.002180036291803225,0.002626701119657428,-2.2892521840775814e-09,1.1656695509956939e-05,0.5920930179825173,MIN_VARIANCE_BUDGET_AVAILABLE,False,2018-07-02,2018-07-02,2017-07-06,242,0.0,0.0,0.0,0.0,0.0
2018-07-26,0.5920930179825173,0.40790698201748266,0.002180036291803225,0.002626701119657428,-2.2892521840775814e-09,1.1656695509956939e-05,0.5920930179825173,MIN_VARIANCE_BUDGET_AVAILABLE,False,2018-07-02,2018-07-02,2017-07-06,242,0.0,0.0,0.0,0.0,0.0
2018-07-27,0.5920930179825173,0.40790698201748266,0.002180036291803225,0.002626701119657428,-2.2892521840775814e-09,1.1656695509956939e-05,0.5920930179825173,MIN_VARIANCE_BUDGET_AVAILABLE,False,2018-07-02,2018-07-02,2017-07-06,242,0.0,0.0,0.0,0.0,0.0
2018-07-30,0.5920930179825173,0.40790698201748266,0.002180036291803225,0.002626701119657428,-2.2892521840775814e-09,1.1656695509956939e-05,0.5920930179825173,MIN_VARIANCE_BUDGET_AVAILABLE,False,2018-07-02,2018-07-02,2017-07-06,242,0.0,0.0,0.0,0.0,0.0
2018-07-31,0.5920930179825173,0.40790698201748266,0.002180036291803225,0.002626701119657428,-2.2892521840775814e-09,1.1656695509956939e-05,0.5920930179825173,MIN_VARIANCE_BUDGET_AVAILABLE,False,2018-07-02,2018-07-02,2017-07-06,242,0.0,0.0,0.0,0.0,0.0
2018-08-01,0.25975878885538456,0.7402412111446155,0.002180036291803226,0.001293493312841446,8.319282350873964e-09,6.4090446192429385e-06,0.25975878885538456,MIN_VARIANCE_BUDGET_AVAILABLE,True,2018-08-01,2018-08-01,2017-08-07,242,0.0,0.0,0.0,0.0,0.0
2018-08-02,0.25975878885538456,0.7402412111446155,0.002180036291803226,0.001293493312841446,8.319282350873964e-09,6.4090446192429385e-06,0.25975878885538456,MIN_VARIANCE_BUDGET_AVAILABLE,False,2018-08-01,2018-08-01,2017-08-07,242,0.0,0.0,0.0,0.0,0.0
2018-08-03,0.25975878885538456,0.7402412111446155,0.002180036291803226,0.001293493312841446,8.319282350873964e-09,6.4090446192429385e-06,0.25975878885538456,MIN_VARIANCE_BUDGET_AVAILABLE,False,2018-08-01,2018-08-01,2017-08-07,242,0.0,0.0,0.0,0.0,0.0
2018-08-06,0.25975878885538456,0.7402412111446155,0.002180036291803226,0.001293493312841446,8.319282350873964e-09,6.4090446192429385e-06,0.25975878885538456,MIN_VARIANCE_BUDGET_AVAILABLE,False,2018-08-01,2018-08-01,2017-08-07,242,0.0,0.0,0.0,0.0,0.0
2018-08-07,0.25975878885538456,0.7402412111446155,0.002180036291803226,0.001293493312841446,8.319282350873964e-09,6.4090446192429385e-06,0.25975878885538456,MIN_VARIANCE_BUDGET_AVAILABLE,False,2018-08-01,2018-08-01,2017-08-07,242,0.0,0.0,0.0,0.0,0.0
2018-08-08,0.25975878885538456,0.7402412111446155,0.002180036291803226,0.001293493312841446,8.319282350873964e-09,6.4090446192429385e-06,0.25975878885538456,MIN_VARIANCE_BUDGET_AVAILABLE,False,2018-08-01,2018-08-01,2017-08-07,242,0.0,0.0,0.0,0.0,0.0
2018-08-09,0.25975878885538456,0.7402412111446155,0.002180036291803226,0.001293493312841446,8.319282350873964e-09,6.4090446192429385e-06,0.25975878885538456,MIN_VARIANCE_BUDGET_AVAILABLE,False,2018-08-01,2018-08-01,2017-08-07,242,0.0,0.0,0.0,0.0,0.0
2018-08-10,0.25975878885538456,0.7402412111446155,0.002180036291803226,0.001293493312841446,8.319282350873964e-09,6.4090446192429385e-06,0.25975878885538456,MIN_VARIANCE_BUDGET_AVAILABLE,False,2018-08-01,2018-08-01,2017-08-07,242,0.0,0.0,0.0,0.0,0.0
2018-08-13,0.25975878885538456,0.7402412111446155,0.002180036291803226,0.001293493312841446,8.319282350873964e-09,6.4090446192429385e-06,0.25975878885538456,MIN_VARIANCE_BUDGET_AVAILABLE,False,2018-08-01,2018-08-01,2017-08-07,242,0.0,0.0,0.0,0.0,0.0
2018-08-14,0.25975878885538456,0.7402412111446155,0.002180036291803226,0.001293493312841446,8.319282350873964e-09,6.4090446192429385e-06,0.25975878885538456,MIN_VARIANCE_BUDGET_AVAILABLE,False,2018-08-01,2018-08-01,2017-08-07,242,0.0,0.0,0.0,0.0,0.0
2018-08-15,0.25975878885538456,0.7402412111446155,0.002180036291803226,0.001293493312841446,8.319282350873964e-09,6.4090446192429385e-06,0.25975878885538456,MIN_VARIANCE_BUDGET_AVAILABLE,False,2018-08-01,2018-08-01,2017-08-07,242,0.0,0.0,0.0,0.0,0.0
2018-08-16,0.25975878885538456,0.7402412111446155,0.002180036291803226,0.001293493312841446,8.319282350873964e-09,6.4090446192429385e-06,0.25975878885538456,MIN_VARIANCE_BUDGET_AVAILABLE,False,2018-08-01,2018-08-01,2017-08-07,242,0.0,0.0,0.0,0.0,0.0
2018-08-17,0.25975878885538456,0.7402412111446155,0.002180036291803226,0.001293493312841446,8.319282350873964e-09,6.4090446192429385e-06,0.25975878885538456,MIN_VARIANCE_BUDGET_AVAILABLE,False,2018-08-01,2018-08-01,2017-08-07,242,0.0,0.0,0.0,0.0,0.0
2018-08-20,0.25975878885538456,0.7402412111446155,0.002180036291803226,0.001293493312841446,8.319282350873964e-09,6.4090446192429385e-06,0.25975878885538456,MIN_VARIANCE_BUDGET_AVAILABLE,False,2018-08-01,2018-08-01,2017-08-07,242,0.0,0.0,0.0,0.0,0.0
2018-08-21,0.25975878885538456,0.7402412111446155,0.002180036291803226,0.001293493312841446,8.319282350873964e-09,6.4090446192429385e-06,0.25975878885538456,MIN_VARIANCE_BUDGET_AVAILABLE,False,2018-08-01,2018-08-01,2017-08-07,242,0.0,0.0,0.0,0.0,0.0
2018-08-22,0.25975878885538456,0.7402412111446155,0.002180036291803226,0.001293493312841446,8.319282350873964e-09,6.4090446192429385e-06,0.25975878885538456,MIN_VARIANCE_BUDGET_AVAILABLE,False,2018-08-01,2018-08-01,2017-08-07,242,0.0,0.0,0.0,0.0,0.0
2018-08-23,0.25975878885538456,0.7402412111446155,0.002180036291803226,0.001293493312841446,8.319282350873964e-09,6.4090446192429385e-06,0.25975878885538456,MIN_VARIANCE_BUDGET_AVAILABLE,False,2018-08-01,2018-08-01,2017-08-07,242,0.0,0.0,0.0,0.0,0.0
2018-08-24,0.25975878885538456,0.7402412111446155,0.002180036291803226,0.001293493312841446,8.319282350873964e-09,6.4090446192429385e-06,0.25975878885538456,MIN_VARIANCE_BUDGET_AVAILABLE,False,2018-08-01,2018-08-01,2017-08-07,242,0.0,0.0,0.0,0.0,0.0
2018-08-27,0.25975878885538456,0.7402412111446155,0.002180036291803226,0.001293493312841446,8.319282350873964e-09,6.4090446192429385e-06,0.25975878885538456,MIN_VARIANCE_BUDGET_AVAILABLE,False,2018-08-01,2018-08-01,2017-08-07,242,0.0,0.0,0.0,0.0,0.0
2018-08-28,0.25975878885538456,0.7402412111446155,0.002180036291803226,0.001293493312841446,8.319282350873964e-09,6.4090446192429385e-06,0.25975878885538456,MIN_VARIANCE_BUDGET_AVAILABLE,False,2018-08-01,2018-08-01,2017-08-07,242,0.0,0.0,0.0,0.0,0.0
2018-08-29,0.25975878885538456,0.7402412111446155,0.002180036291803226,0.001293493312841446,8.319282350873964e-09,6.4090446192429385e-06,0.25975878885538456,MIN_VARIANCE_BUDGET_AVAILABLE,False,2018-08-01,2018-08-01,2017-08-07,242,0.0,0.0,0.0,0.0,0.0
2018-08-30,0.25975878885538456,0.7402412111446155,0.002180036291803226,0.001293493312841446,8.319282350873964e-09,6.4090446192429385e-06,0.25975878885538456,MIN_VARIANCE_BUDGET_AVAILABLE,False,2018-08-01,2018-08-01,2017-08-07,242,0.0,0.0,0.0,0.0,0.0
2018-08-31,0.25975878885538456,0.7402412111446155,0.002180036291803226,0.001293493312841446,8.319282350873964e-09,6.4090446192429385e-06,0.25975878885538456,MIN_VARIANCE_BUDGET_AVAILABLE,False,2018-08-01,2018-08-01,2017-08-07,242,0.0,0.0,0.0,0.0,0.0
2018-09-03,0.25975878885538456,0.7402412111446155,0.0021800362918032263,0.0,,,,NO_VIEW_ZERO_OR_INVALID_RISK_KEEP_BUDGET,True,2018-09-03,2018-08-01,2017-09-07,242,0.0,0.0,0.0,0.0,0.0
2018-09-04,0.25975878885538456,0.7402412111446155,0.0021800362918032263,0.0,,,,NO_VIEW_ZERO_OR_INVALID_RISK_KEEP_BUDGET,False,2018-09-03,2018-08-01,2017-09-07,242,0.0,0.0,0.0,0.0,0.0
2018-09-05,0.25975878885538456,0.7402412111446155,0.0021800362918032263,0.0,,,,NO_VIEW_ZERO_OR_INVALID_RISK_KEEP_BUDGET,False,2018-09-03,2018-08-01,2017-09-07,242,0.0,0.0,0.0,0.0,0.0
2018-09-06,0.25975878885538456,0.7402412111446155,0.0021800362918032263,0.0,,,,NO_VIEW_ZERO_OR_INVALID_RISK_KEEP_BUDGET,False,2018-09-03,2018-08-01,2017-09-07,242,0.0,0.0,0.0,0.0,0.0
2018-09-07,0.25975878885538456,0.7402412111446155,0.0021800362918032263,0.0,,,,NO_VIEW_ZERO_OR_INVALID_RISK_KEEP_BUDGET,False,2018-09-03,2018-08-01,2017-09-07,242,0.0,0.0,0.0,0.0,0.0
2018-09-10,0.25975878885538456,0.7402412111446155,0.0021800362918032263,0.0,,,,NO_VIEW_ZERO_OR_INVALID_RISK_KEEP_BUDGET,False,2018-09-03,2018-08-01,2017-09-07,242,0.0,0.0,0.0,0.0,0.0
2018-09-11,0.25975878885538456,0.7402412111446155,0.0021800362918032263,0.0,,,,NO_VIEW_ZERO_OR_INVALID_RISK_KEEP_BUDGET,False,2018-09-03,2018-08-01,2017-09-07,242,0.0,0.0,0.0,0.0,0.0
2018-09-12,0.25975878885538456,0.7402412111446155,0.0021800362918032263,0.0,,,,NO_VIEW_ZERO_OR_INVALID_RISK_KEEP_BUDGET,False,2018-09-03,2018-08-01,2017-09-07,242,0.0,0.0,0.0,0.0,0.0
2018-09-13,0.25975878885538456,0.7402412111446155,0.0021800362918032263,0.0,,,,NO_VIEW_ZERO_OR_INVALID_RISK_KEEP_BUDGET,False,2018-09-03,2018-08-01,2017-09-07,242,0.0,0.0,0.0,0.0,0.0
2018-09-14,0.25975878885538456,0.7402412111446155,0.0021800362918032263,0.0,,,,NO_VIEW_ZERO_OR_INVALID_RISK_KEEP_BUDGET,False,2018-09-03,2018-08-01,2017-09-07,242,0.0,0.0,0.0,0.0,0.0
2018-09-17,0.25975878885538456,0.7402412111446155,0.0021800362918032263,0.0,,,,NO_VIEW_ZERO_OR_INVALID_RISK_KEEP_BUDGET,False,2018-09-03,2018-08-01,2017-09-07,242,0.0,0.0,0.0,0.0,0.0
2018-09-18,0.25975878885538456,0.7402412111446155,0.0021800362918032263,0.0,,,,NO_VIEW_ZERO_OR_INVALID_RISK_KEEP_BUDGET,False,2018-09-03,2018-08-01,2017-09-07,242,0.0,0.0,0.0,0.0,0.0
2018-09-19,0.25975878885538456,0.7402412111446155,0.0021800362918032263,0.0,,,,NO_VIEW_ZERO_OR_INVALID_RISK_KEEP_BUDGET,False,2018-09-03,2018-08-01,2017-09-07,242,0.0,0.0,0.0,0.0,0.0
2018-09-20,0.25975878885538456,0.7402412111446155,0.0021800362918032263,0.0,,,,NO_VIEW_ZERO_OR_INVALID_RISK_KEEP_BUDGET,False,2018-09-03,2018-08-01,2017-09-07,242,0.0,0.0,0.0,0.0,0.0
2018-09-21,0.25975878885538456,0.7402412111446155,0.0021800362918032263,0.0,,,,NO_VIEW_ZERO_OR_INVALID_RISK_KEEP_BUDGET,False,2018-09-03,2018-08-01,2017-09-07,242,0.0,0.0,0.0,0.0,0.0
2018-09-25,0.25975878885538456,0.7402412111446155,0.0021800362918032263,0.0,,,,NO_VIEW_ZERO_OR_INVALID_RISK_KEEP_BUDGET,False,2018-09-03,2018-08-01,2017-09-07,242,0.0,0.0,0.0,0.0,0.0
2018-09-26,0.25975878885538456,0.7402412111446155,0.0021800362918032263,0.0,,,,NO_VIEW_ZERO_OR_INVALID_RISK_KEEP_BUDGET,False,2018-09-03,2018-08-01,2017-09-07,242,0.0,0.0,0.0,0.0,0.0
2018-09-27,0.25975878885538456,0.7402412111446155,0.0021800362918032263,0.0,,,,NO_VIEW_ZERO_OR_INVALID_RISK_KEEP_BUDGET,False,2018-09-03,2018-08-01,2017-09-07,242,0.0,0.0,0.0,0.0,0.0
2018-09-28,0.25975878885538456,0.7402412111446155,0.0021800362918032263,0.0,,,,NO_VIEW_ZERO_OR_INVALID_RISK_KEEP_BUDGET,False,2018-09-03,2018-08-01,2017-09-07,242,0.0,0.0,0.0,0.0,0.0
2018-10-08,0.25975878885538456,0.7402412111446155,0.0021800362918032268,0.0,,,,NO_VIEW_ZERO_OR_INVALID_RISK_KEEP_BUDGET,True,2018-10-08,2018-08-01,2017-10-11,242,0.0,1.0,0.7402412111446155,0.0,0.0
2018-10-09,0.25975878885538456,0.7402412111446155,0.0021800362918032268,0.0,,,,NO_VIEW_ZERO_OR_INVALID_RISK_KEEP_BUDGET,False,2018-10-08,2018-08-01,2017-10-11,242,0.0,1.0,0.7402412111446155,0.0,-0.0007962680536292011
2018-10-10,0.25975878885538456,0.7402412111446155,0.0021800362918032268,0.0,,,,NO_VIEW_ZERO_OR_INVALID_RISK_KEEP_BUDGET,False,2018-10-08,2018-08-01,2017-10-11,242,0.0,1.0,0.7402412111446155,0.0,-0.0005969307877997654
2018-10-11,0.25975878885538456,0.7402412111446155,0.0021800362918032268,0.0,,,,NO_VIEW_ZERO_OR_INVALID_RISK_KEEP_BUDGET,False,2018-10-08,2018-08-01,2017-10-11,242,0.0,1.0,0.7402412111446155,0.0,-0.051366710121520165
2018-10-12,0.25975878885538456,0.7402412111446155,0.0021800362918032268,0.0,,,,NO_VIEW_ZERO_OR_INVALID_RISK_KEEP_BUDGET,False,2018-10-08,2018-08-01,2017-10-11,242,1.0,0.0,0.25975878885538456,0.0,0.018574064745917385
2018-10-15,0.25975878885538456,0.7402412111446155,0.0021800362918032268,0.0,,,,NO_VIEW_ZERO_OR_INVALID_RISK_KEEP_BUDGET,False,2018-10-08,2018-08-01,2017-10-11,242,1.0,0.0,0.25975878885538456,-0.01715695730095934,0.001036201150822258
2018-10-16,0.25975878885538456,0.7402412111446155,0.0021800362918032268,0.0,,,,NO_VIEW_ZERO_OR_INVALID_RISK_KEEP_BUDGET,False,2018-10-08,2018-08-01,2017-10-11,242,1.0,0.0,0.25975878885538456,-0.006587555334238049,0.0
2018-10-17,0.25975878885538456,0.7402412111446155,0.0021800362918032268,0.0,,,,NO_VIEW_ZERO_OR_INVALID_RISK_KEEP_BUDGET,False,2018-10-08,2018-08-01,2017-10-11,242,1.0,0.0,0.25975878885538456,0.003473506136574711,0.0
2018-10-18,0.25975878885538456,0.7402412111446155,0.0021800362918032268,0.0,,,,NO_VIEW_ZERO_OR_INVALID_RISK_KEEP_BUDGET,False,2018-10-08,2018-08-01,2017-10-11,242,0.0,0.0,0.0,-0.022027616897552726,0.0
2018-10-19,0.25975878885538456,0.7402412111446155,0.0021800362918032268,0.0,,,,NO_VIEW_ZERO_OR_INVALID_RISK_KEEP_BUDGET,False,2018-10-08,2018-08-01,2017-10-11,242,0.0,0.0,0.0,-0.005990548366595294,0.0
2018-10-22,0.25975878885538456,0.7402412111446155,0.0021800362918032268,0.0,,,,NO_VIEW_ZERO_OR_INVALID_RISK_KEEP_BUDGET,False,2018-10-08,2018-08-01,2017-10-11,242,0.0,0.0,0.0,0.0,0.0
2018-10-23,0.25975878885538456,0.7402412111446155,0.0021800362918032268,0.0,,,,NO_VIEW_ZERO_OR_INVALID_RISK_KEEP_BUDGET,False,2018-10-08,2018-08-01,2017-10-11,242,0.0,0.0,0.0,0.0,0.0
2018-10-24,0.25975878885538456,0.7402412111446155,0.0021800362918032268,0.0,,,,NO_VIEW_ZERO_OR_INVALID_RISK_KEEP_BUDGET,False,2018-10-08,2018-08-01,2017-10-11,242,0.0,0.0,0.0,0.0,0.0
2018-10-25,0.25975878885538456,0.7402412111446155,0.0021800362918032268,0.0,,,,NO_VIEW_ZERO_OR_INVALID_RISK_KEEP_BUDGET,False,2018-10-08,2018-08-01,2017-10-11,242,0.0,0.0,0.0,0.0,0.0
2018-10-26,0.25975878885538456,0.7402412111446155,0.0021800362918032268,0.0,,,,NO_VIEW_ZERO_OR_INVALID_RISK_KEEP_BUDGET,False,2018-10-08,2018-08-01,2017-10-11,242,0.0,0.0,0.0,0.0,0.0
2018-10-29,0.25975878885538456,0.7402412111446155,0.0021800362918032268,0.0,,,,NO_VIEW_ZERO_OR_INVALID_RISK_KEEP_BUDGET,False,2018-10-08,2018-08-01,2017-10-11,242,0.0,0.0,0.0,0.0,0.0
2018-10-30,0.25975878885538456,0.7402412111446155,0.0021800362918032268,0.0,,,,NO_VIEW_ZERO_OR_INVALID_RISK_KEEP_BUDGET,False,2018-10-08,2018-08-01,2017-10-11,242,0.0,0.0,0.0,0.0,0.0
2018-10-31,0.25975878885538456,0.7402412111446155,0.0021800362918032268,0.0,,,,NO_VIEW_ZERO_OR_INVALID_RISK_KEEP_BUDGET,False,2018-10-08,2018-08-01,2017-10-11,242,0.0,0.0,0.0,0.0,0.0
2018-11-01,0.5954628808983318,0.40453711910166823,0.0028942189593289913,0.003517034992056225,-8.400789352436475e-08,2.0914054306936034e-05,0.5954628808983318,MIN_VARIANCE_BUDGET_AVAILABLE,True,2018-11-01,2018-11-01,2017-11-06,242,0.0,0.0,0.0,0.0,0.0
2018-11-02,0.5954628808983318,0.40453711910166823,0.0028942189593289913,0.003517034992056225,-8.400789352436475e-08,2.0914054306936034e-05,0.5954628808983318,MIN_VARIANCE_BUDGET_AVAILABLE,False,2018-11-01,2018-11-01,2017-11-06,242,0.0,0.0,0.0,0.0,0.0
2018-11-05,0.5954628808983318,0.40453711910166823,0.0028942189593289913,0.003517034992056225,-8.400789352436475e-08,2.0914054306936034e-05,0.5954628808983318,MIN_VARIANCE_BUDGET_AVAILABLE,False,2018-11-01,2018-11-01,2017-11-06,242,0.0,0.0,0.0,0.0,0.0
2018-11-06,0.5954628808983318,0.40453711910166823,0.0028942189593289913,0.003517034992056225,-8.400789352436475e-08,2.0914054306936034e-05,0.5954628808983318,MIN_VARIANCE_BUDGET_AVAILABLE,False,2018-11-01,2018-11-01,2017-11-06,242,0.0,0.0,0.0,0.0,0.0
2018-11-07,0.5954628808983318,0.40453711910166823,0.0028942189593289913,0.003517034992056225,-8.400789352436475e-08,2.0914054306936034e-05,0.5954628808983318,MIN_VARIANCE_BUDGET_AVAILABLE,False,2018-11-01,2018-11-01,2017-11-06,242,0.0,0.0,0.0,0.0,0.0
2018-11-08,0.5954628808983318,0.40453711910166823,0.0028942189593289913,0.003517034992056225,-8.400789352436475e-08,2.0914054306936034e-05,0.5954628808983318,MIN_VARIANCE_BUDGET_AVAILABLE,False,2018-11-01,2018-11-01,2017-11-06,242,0.0,0.0,0.0,0.0,0.0
2018-11-09,0.5954628808983318,0.40453711910166823,0.0028942189593289913,0.003517034992056225,-8.400789352436475e-08,2.0914054306936034e-05,0.5954628808983318,MIN_VARIANCE_BUDGET_AVAILABLE,False,2018-11-01,2018-11-01,2017-11-06,242,0.0,0.0,0.0,0.0,0.0
2018-11-12,0.5954628808983318,0.40453711910166823,0.0028942189593289913,0.003517034992056225,-8.400789352436475e-08,2.0914054306936034e-05,0.5954628808983318,MIN_VARIANCE_BUDGET_AVAILABLE,False,2018-11-01,2018-11-01,2017-11-06,242,0.0,0.0,0.0,0.0,0.0
2018-11-13,0.5954628808983318,0.40453711910166823,0.0028942189593289913,0.003517034992056225,-8.400789352436475e-08,2.0914054306936034e-05,0.5954628808983318,MIN_VARIANCE_BUDGET_AVAILABLE,False,2018-11-01,2018-11-01,2017-11-06,242,0.0,0.0,0.0,0.0,0.0
2018-11-14,0.5954628808983318,0.40453711910166823,0.0028942189593289913,0.003517034992056225,-8.400789352436475e-08,2.0914054306936034e-05,0.5954628808983318,MIN_VARIANCE_BUDGET_AVAILABLE,False,2018-11-01,2018-11-01,2017-11-06,242,0.0,0.0,0.0,0.0,0.0
2018-11-15,0.5954628808983318,0.40453711910166823,0.0028942189593289913,0.003517034992056225,-8.400789352436475e-08,2.0914054306936034e-05,0.5954628808983318,MIN_VARIANCE_BUDGET_AVAILABLE,False,2018-11-01,2018-11-01,2017-11-06,242,0.0,0.0,0.0,0.0,0.0
2018-11-16,0.5954628808983318,0.40453711910166823,0.0028942189593289913,0.003517034992056225,-8.400789352436475e-08,2.0914054306936034e-05,0.5954628808983318,MIN_VARIANCE_BUDGET_AVAILABLE,False,2018-11-01,2018-11-01,2017-11-06,242,0.0,0.0,0.0,0.0,0.0
2018-11-19,0.5954628808983318,0.40453711910166823,0.0028942189593289913,0.003517034992056225,-8.400789352436475e-08,2.0914054306936034e-05,0.5954628808983318,MIN_VARIANCE_BUDGET_AVAILABLE,False,2018-11-01,2018-11-01,2017-11-06,242,0.0,0.0,0.0,0.0,0.0
2018-11-20,0.5954628808983318,0.40453711910166823,0.0028942189593289913,0.003517034992056225,-8.400789352436475e-08,2.0914054306936034e-05,0.5954628808983318,MIN_VARIANCE_BUDGET_AVAILABLE,False,2018-11-01,2018-11-01,2017-11-06,242,0.0,0.0,0.0,0.0,0.0
2018-11-21,0.5954628808983318,0.40453711910166823,0.0028942189593289913,0.003517034992056225,-8.400789352436475e-08,2.0914054306936034e-05,0.5954628808983318,MIN_VARIANCE_BUDGET_AVAILABLE,False,2018-11-01,2018-11-01,2017-11-06,242,0.0,0.0,0.0,0.0,0.0
2018-11-22,0.5954628808983318,0.40453711910166823,0.0028942189593289913,0.003517034992056225,-8.400789352436475e-08,2.0914054306936034e-05,0.5954628808983318,MIN_VARIANCE_BUDGET_AVAILABLE,False,2018-11-01,2018-11-01,2017-11-06,242,0.0,0.0,0.0,0.0,0.0
2018-11-23,0.5954628808983318,0.40453711910166823,0.0028942189593289913,0.003517034992056225,-8.400789352436475e-08,2.0914054306936034e-05,0.5954628808983318,MIN_VARIANCE_BUDGET_AVAILABLE,False,2018-11-01,2018-11-01,2017-11-06,242,0.0,0.0,0.0,0.0,0.0
2018-11-26,0.5954628808983318,0.40453711910166823,0.0028942189593289913,0.003517034992056225,-8.400789352436475e-08,2.0914054306936034e-05,0.5954628808983318,MIN_VARIANCE_BUDGET_AVAILABLE,False,2018-11-01,2018-11-01,2017-11-06,242,0.0,0.0,0.0,0.0,0.0
2018-11-27,0.5954628808983318,0.40453711910166823,0.0028942189593289913,0.003517034992056225,-8.400789352436475e-08,2.0914054306936034e-05,0.5954628808983318,MIN_VARIANCE_BUDGET_AVAILABLE,False,2018-11-01,2018-11-01,2017-11-06,242,0.0,0.0,0.0,0.0,0.0
2018-11-28,0.5954628808983318,0.40453711910166823,0.0028942189593289913,0.003517034992056225,-8.400789352436475e-08,2.0914054306936034e-05,0.5954628808983318,MIN_VARIANCE_BUDGET_AVAILABLE,False,2018-11-01,2018-11-01,2017-11-06,242,0.0,0.0,0.0,0.0,0.0
2018-11-29,0.5954628808983318,0.40453711910166823,0.0028942189593289913,0.003517034992056225,-8.400789352436475e-08,2.0914054306936034e-05,0.5954628808983318,MIN_VARIANCE_BUDGET_AVAILABLE,False,2018-11-01,2018-11-01,2017-11-06,242,0.0,0.0,0.0,0.0,0.0
2018-11-30,0.5954628808983318,0.40453711910166823,0.0028942189593289913,0.003517034992056225,-8.400789352436475e-08,2.0914054306936034e-05,0.5954628808983318,MIN_VARIANCE_BUDGET_AVAILABLE,False,2018-11-01,2018-11-01,2017-11-06,242,0.0,0.0,0.0,0.0,0.0
2018-12-03,0.5954628808983323,0.4045371191016677,0.0028942189593289887,0.0035170349920562263,-8.400789352436477e-08,2.0914054306936034e-05,0.5954628808983323,MIN_VARIANCE_BUDGET_AVAILABLE,True,2018-12-03,2018-12-03,2017-12-06,242,0.0,0.0,0.0,0.0,0.0
2018-12-04,0.5954628808983323,0.4045371191016677,0.0028942189593289887,0.0035170349920562263,-8.400789352436477e-08,2.0914054306936034e-05,0.5954628808983323,MIN_VARIANCE_BUDGET_AVAILABLE,False,2018-12-03,2018-12-03,2017-12-06,242,0.0,0.0,0.0,0.0,0.0
2018-12-05,0.5954628808983323,0.4045371191016677,0.0028942189593289887,0.0035170349920562263,-8.400789352436477e-08,2.0914054306936034e-05,0.5954628808983323,MIN_VARIANCE_BUDGET_AVAILABLE,False,2018-12-03,2018-12-03,2017-12-06,242,0.0,0.0,0.0,0.0,0.0
2018-12-06,0.5954628808983323,0.4045371191016677,0.0028942189593289887,0.0035170349920562263,-8.400789352436477e-08,2.0914054306936034e-05,0.5954628808983323,MIN_VARIANCE_BUDGET_AVAILABLE,False,2018-12-03,2018-12-03,2017-12-06,242,0.0,0.0,0.0,0.0,0.0
2018-12-07,0.5954628808983323,0.4045371191016677,0.0028942189593289887,0.0035170349920562263,-8.400789352436477e-08,2.0914054306936034e-05,0.5954628808983323,MIN_VARIANCE_BUDGET_AVAILABLE,False,2018-12-03,2018-12-03,2017-12-06,242,0.0,0.0,0.0,0.0,0.0
2018-12-10,0.5954628808983323,0.4045371191016677,0.0028942189593289887,0.0035170349920562263,-8.400789352436477e-08,2.0914054306936034e-05,0.5954628808983323,MIN_VARIANCE_BUDGET_AVAILABLE,False,2018-12-03,2018-12-03,2017-12-06,242,0.0,0.0,0.0,0.0,0.0
2018-12-11,0.5954628808983323,0.4045371191016677,0.0028942189593289887,0.0035170349920562263,-8.400789352436477e-08,2.0914054306936034e-05,0.5954628808983323,MIN_VARIANCE_BUDGET_AVAILABLE,False,2018-12-03,2018-12-03,2017-12-06,242,0.0,0.0,0.0,0.0,0.0
2018-12-12,0.5954628808983323,0.4045371191016677,0.0028942189593289887,0.0035170349920562263,-8.400789352436477e-08,2.0914054306936034e-05,0.5954628808983323,MIN_VARIANCE_BUDGET_AVAILABLE,False,2018-12-03,2018-12-03,2017-12-06,242,0.0,0.0,0.0,0.0,0.0
2018-12-13,0.5954628808983323,0.4045371191016677,0.0028942189593289887,0.0035170349920562263,-8.400789352436477e-08,2.0914054306936034e-05,0.5954628808983323,MIN_VARIANCE_BUDGET_AVAILABLE,False,2018-12-03,2018-12-03,2017-12-06,242,0.0,0.0,0.0,0.0,0.0
2018-12-14,0.5954628808983323,0.4045371191016677,0.0028942189593289887,0.0035170349920562263,-8.400789352436477e-08,2.0914054306936034e-05,0.5954628808983323,MIN_VARIANCE_BUDGET_AVAILABLE,False,2018-12-03,2018-12-03,2017-12-06,242,0.0,0.0,0.0,0.0,0.0
2018-12-17,0.5954628808983323,0.4045371191016677,0.0028942189593289887,0.0035170349920562263,-8.400789352436477e-08,2.0914054306936034e-05,0.5954628808983323,MIN_VARIANCE_BUDGET_AVAILABLE,False,2018-12-03,2018-12-03,2017-12-06,242,0.0,0.0,0.0,0.0,0.0
2018-12-18,0.5954628808983323,0.4045371191016677,0.0028942189593289887,0.0035170349920562263,-8.400789352436477e-08,2.0914054306936034e-05,0.5954628808983323,MIN_VARIANCE_BUDGET_AVAILABLE,False,2018-12-03,2018-12-03,2017-12-06,242,0.0,0.0,0.0,0.0,0.0
2018-12-19,0.5954628808983323,0.4045371191016677,0.0028942189593289887,0.0035170349920562263,-8.400789352436477e-08,2.0914054306936034e-05,0.5954628808983323,MIN_VARIANCE_BUDGET_AVAILABLE,False,2018-12-03,2018-12-03,2017-12-06,242,0.0,0.0,0.0,0.0,0.0
2018-12-20,0.5954628808983323,0.4045371191016677,0.0028942189593289887,0.0035170349920562263,-8.400789352436477e-08,2.0914054306936034e-05,0.5954628808983323,MIN_VARIANCE_BUDGET_AVAILABLE,False,2018-12-03,2018-12-03,2017-12-06,242,0.0,0.0,0.0,0.0,0.0
2018-12-21,0.5954628808983323,0.4045371191016677,0.0028942189593289887,0.0035170349920562263,-8.400789352436477e-08,2.0914054306936034e-05,0.5954628808983323,MIN_VARIANCE_BUDGET_AVAILABLE,False,2018-12-03,2018-12-03,2017-12-06,242,0.0,0.0,0.0,0.0,0.0
2018-12-24,0.5954628808983323,0.4045371191016677,0.0028942189593289887,0.0035170349920562263,-8.400789352436477e-08,2.0914054306936034e-05,0.5954628808983323,MIN_VARIANCE_BUDGET_AVAILABLE,False,2018-12-03,2018-12-03,2017-12-06,242,0.0,0.0,0.0,0.0,0.0
2018-12-25,0.5954628808983323,0.4045371191016677,0.0028942189593289887,0.0035170349920562263,-8.400789352436477e-08,2.0914054306936034e-05,0.5954628808983323,MIN_VARIANCE_BUDGET_AVAILABLE,False,2018-12-03,2018-12-03,2017-12-06,242,0.0,0.0,0.0,0.0,0.0
2018-12-26,0.5954628808983323,0.4045371191016677,0.0028942189593289887,0.0035170349920562263,-8.400789352436477e-08,2.0914054306936034e-05,0.5954628808983323,MIN_VARIANCE_BUDGET_AVAILABLE,False,2018-12-03,2018-12-03,2017-12-06,242,0.0,0.0,0.0,0.0,0.0
2018-12-27,0.5954628808983323,0.4045371191016677,0.0028942189593289887,0.0035170349920562263,-8.400789352436477e-08,2.0914054306936034e-05,0.5954628808983323,MIN_VARIANCE_BUDGET_AVAILABLE,False,2018-12-03,2018-12-03,2017-12-06,242,0.0,0.0,0.0,0.0,0.0
2018-12-28,0.5954628808983323,0.4045371191016677,0.0028942189593289887,0.0035170349920562263,-8.400789352436477e-08,2.0914054306936034e-05,0.5954628808983323,MIN_VARIANCE_BUDGET_AVAILABLE,False,2018-12-03,2018-12-03,2017-12-06,242,0.0,0.0,0.0,0.0,0.0
2019-01-02,0.595462880898333,0.404537119101667,0.0028942189593289857,0.003517034992056228,-8.400789352436477e-08,2.091405430693603e-05,0.595462880898333,MIN_VARIANCE_BUDGET_AVAILABLE,True,2019-01-02,2019-01-02,2018-01-04,242,0.0,0.0,0.0,0.0,0.0
2019-01-03,0.595462880898333,0.404537119101667,0.0028942189593289857,0.003517034992056228,-8.400789352436477e-08,2.091405430693603e-05,0.595462880898333,MIN_VARIANCE_BUDGET_AVAILABLE,False,2019-01-02,2019-01-02,2018-01-04,242,0.0,0.0,0.0,0.0,0.0
2019-01-04,0.595462880898333,0.404537119101667,0.0028942189593289857,0.003517034992056228,-8.400789352436477e-08,2.091405430693603e-05,0.595462880898333,MIN_VARIANCE_BUDGET_AVAILABLE,False,2019-01-02,2019-01-02,2018-01-04,242,0.0,0.0,0.0,0.0,0.0
2019-01-07,0.595462880898333,0.404537119101667,0.0028942189593289857,0.003517034992056228,-8.400789352436477e-08,2.091405430693603e-05,0.595462880898333,MIN_VARIANCE_BUDGET_AVAILABLE,False,2019-01-02,2019-01-02,2018-01-04,242,0.0,0.0,0.0,0.0,0.0
2019-01-08,0.595462880898333,0.404537119101667,0.0028942189593289857,0.003517034992056228,-8.400789352436477e-08,2.091405430693603e-05,0.595462880898333,MIN_VARIANCE_BUDGET_AVAILABLE,False,2019-01-02,2019-01-02,2018-01-04,242,0.0,0.0,0.0,0.0,0.0
2019-01-09,0.595462880898333,0.404537119101667,0.0028942189593289857,0.003517034992056228,-8.400789352436477e-08,2.091405430693603e-05,0.595462880898333,MIN_VARIANCE_BUDGET_AVAILABLE,False,2019-01-02,2019-01-02,2018-01-04,242,0.0,0.0,0.0,0.0,0.0
2019-01-10,0.595462880898333,0.404537119101667,0.0028942189593289857,0.003517034992056228,-8.400789352436477e-08,2.091405430693603e-05,0.595462880898333,MIN_VARIANCE_BUDGET_AVAILABLE,False,2019-01-02,2019-01-02,2018-01-04,242,0.0,0.0,0.0,0.0,0.0
2019-01-11,0.595462880898333,0.404537119101667,0.0028942189593289857,0.003517034992056228,-8.400789352436477e-08,2.091405430693603e-05,0.595462880898333,MIN_VARIANCE_BUDGET_AVAILABLE,False,2019-01-02,2019-01-02,2018-01-04,242,0.0,0.0,0.0,0.0,0.0
2019-01-14,0.595462880898333,0.404537119101667,0.0028942189593289857,0.003517034992056228,-8.400789352436477e-08,2.091405430693603e-05,0.595462880898333,MIN_VARIANCE_BUDGET_AVAILABLE,False,2019-01-02,2019-01-02,2018-01-04,242,0.0,0.0,0.0,0.0,0.0
2019-01-15,0.595462880898333,0.404537119101667,0.0028942189593289857,0.003517034992056228,-8.400789352436477e-08,2.091405430693603e-05,0.595462880898333,MIN_VARIANCE_BUDGET_AVAILABLE,False,2019-01-02,2019-01-02,2018-01-04,242,0.0,0.0,0.0,0.0,0.0
2019-01-16,0.595462880898333,0.404537119101667,0.0028942189593289857,0.003517034992056228,-8.400789352436477e-08,2.091405430693603e-05,0.595462880898333,MIN_VARIANCE_BUDGET_AVAILABLE,False,2019-01-02,2019-01-02,2018-01-04,242,0.0,0.0,0.0,0.0,0.0
2019-01-17,0.595462880898333,0.404537119101667,0.0028942189593289857,0.003517034992056228,-8.400789352436477e-08,2.091405430693603e-05,0.595462880898333,MIN_VARIANCE_BUDGET_AVAILABLE,False,2019-01-02,2019-01-02,2018-01-04,242,0.0,0.0,0.0,0.0,0.0
2019-01-18,0.595462880898333,0.404537119101667,0.0028942189593289857,0.003517034992056228,-8.400789352436477e-08,2.091405430693603e-05,0.595462880898333,MIN_VARIANCE_BUDGET_AVAILABLE,False,2019-01-02,2019-01-02,2018-01-04,242,0.0,0.0,0.0,0.0,0.0
2019-01-21,0.595462880898333,0.404537119101667,0.0028942189593289857,0.003517034992056228,-8.400789352436477e-08,2.091405430693603e-05,0.595462880898333,MIN_VARIANCE_BUDGET_AVAILABLE,False,2019-01-02,2019-01-02,2018-01-04,242,0.0,0.0,0.0,0.0,0.0
2019-01-22,0.595462880898333,0.404537119101667,0.0028942189593289857,0.003517034992056228,-8.400789352436477e-08,2.091405430693603e-05,0.595462880898333,MIN_VARIANCE_BUDGET_AVAILABLE,False,2019-01-02,2019-01-02,2018-01-04,242,0.0,0.0,0.0,0.0,0.0
2019-01-23,0.595462880898333,0.404537119101667,0.0028942189593289857,0.003517034992056228,-8.400789352436477e-08,2.091405430693603e-05,0.595462880898333,MIN_VARIANCE_BUDGET_AVAILABLE,False,2019-01-02,2019-01-02,2018-01-04,242,0.0,0.0,0.0,0.0,0.0
2019-01-24,0.595462880898333,0.404537119101667,0.0028942189593289857,0.003517034992056228,-8.400789352436477e-08,2.091405430693603e-05,0.595462880898333,MIN_VARIANCE_BUDGET_AVAILABLE,False,2019-01-02,2019-01-02,2018-01-04,242,0.0,0.0,0.0,0.0,0.0
2019-01-25,0.595462880898333,0.404537119101667,0.0028942189593289857,0.003517034992056228,-8.400789352436477e-08,2.091405430693603e-05,0.595462880898333,MIN_VARIANCE_BUDGET_AVAILABLE,False,2019-01-02,2019-01-02,2018-01-04,242,0.0,0.0,0.0,0.0,0.0
2019-01-28,0.595462880898333,0.404537119101667,0.0028942189593289857,0.003517034992056228,-8.400789352436477e-08,2.091405430693603e-05,0.595462880898333,MIN_VARIANCE_BUDGET_AVAILABLE,False,2019-01-02,2019-01-02,2018-01-04,242,0.0,0.0,0.0,0.0,0.0
2019-01-29,0.595462880898333,0.404537119101667,0.0028942189593289857,0.003517034992056228,-8.400789352436477e-08,2.091405430693603e-05,0.595462880898333,MIN_VARIANCE_BUDGET_AVAILABLE,False,2019-01-02,2019-01-02,2018-01-04,242,0.0,0.0,0.0,0.0,0.0
2019-01-30,0.595462880898333,0.404537119101667,0.0028942189593289857,0.003517034992056228,-8.400789352436477e-08,2.091405430693603e-05,0.595462880898333,MIN_VARIANCE_BUDGET_AVAILABLE,False,2019-01-02,2019-01-02,2018-01-04,242,0.0,0.0,0.0,0.0,0.0
2019-01-31,0.595462880898333,0.404537119101667,0.0028942189593289857,0.003517034992056228,-8.400789352436477e-08,2.091405430693603e-05,0.595462880898333,MIN_VARIANCE_BUDGET_AVAILABLE,False,2019-01-02,2019-01-02,2018-01-04,242,0.0,0.0,0.0,0.0,0.0
2019-02-01,0.5954628808983333,0.4045371191016667,0.002894218959328982,0.0035170349920562293,-8.400789352436477e-08,2.091405430693603e-05,0.5954628808983333,MIN_VARIANCE_BUDGET_AVAILABLE,True,2019-02-01,2019-02-01,2018-02-05,242,0.0,0.0,0.0,0.0,0.0
2019-02-11,0.5954628808983333,0.4045371191016667,0.002894218959328982,0.0035170349920562293,-8.400789352436477e-08,2.091405430693603e-05,0.5954628808983333,MIN_VARIANCE_BUDGET_AVAILABLE,False,2019-02-01,2019-02-01,2018-02-05,242,0.0,0.0,0.0,0.0,0.0
2019-02-12,0.5954628808983333,0.4045371191016667,0.002894218959328982,0.0035170349920562293,-8.400789352436477e-08,2.091405430693603e-05,0.5954628808983333,MIN_VARIANCE_BUDGET_AVAILABLE,False,2019-02-01,2019-02-01,2018-02-05,242,0.0,0.0,0.0,0.0,0.0
2019-02-13,0.5954628808983333,0.4045371191016667,0.002894218959328982,0.0035170349920562293,-8.400789352436477e-08,2.091405430693603e-05,0.5954628808983333,MIN_VARIANCE_BUDGET_AVAILABLE,False,2019-02-01,2019-02-01,2018-02-05,242,0.0,0.0,0.0,0.0,0.0
2019-02-14,0.5954628808983333,0.4045371191016667,0.002894218959328982,0.0035170349920562293,-8.400789352436477e-08,2.091405430693603e-05,0.5954628808983333,MIN_VARIANCE_BUDGET_AVAILABLE,False,2019-02-01,2019-02-01,2018-02-05,242,0.0,0.0,0.0,0.0,0.0
2019-02-15,0.5954628808983333,0.4045371191016667,0.002894218959328982,0.0035170349920562293,-8.400789352436477e-08,2.091405430693603e-05,0.5954628808983333,MIN_VARIANCE_BUDGET_AVAILABLE,False,2019-02-01,2019-02-01,2018-02-05,242,0.0,0.0,0.0,0.0,0.0
2019-02-18,0.5954628808983333,0.4045371191016667,0.002894218959328982,0.0035170349920562293,-8.400789352436477e-08,2.091405430693603e-05,0.5954628808983333,MIN_VARIANCE_BUDGET_AVAILABLE,False,2019-02-01,2019-02-01,2018-02-05,242,0.0,0.0,0.0,0.0,0.0
2019-02-19,0.5954628808983333,0.4045371191016667,0.002894218959328982,0.0035170349920562293,-8.400789352436477e-08,2.091405430693603e-05,0.5954628808983333,MIN_VARIANCE_BUDGET_AVAILABLE,False,2019-02-01,2019-02-01,2018-02-05,242,0.0,0.0,0.0,0.0,0.0
2019-02-20,0.5954628808983333,0.4045371191016667,0.002894218959328982,0.0035170349920562293,-8.400789352436477e-08,2.091405430693603e-05,0.5954628808983333,MIN_VARIANCE_BUDGET_AVAILABLE,False,2019-02-01,2019-02-01,2018-02-05,242,0.0,0.0,0.0,0.0,0.0
2019-02-21,0.5954628808983333,0.4045371191016667,0.002894218959328982,0.0035170349920562293,-8.400789352436477e-08,2.091405430693603e-05,0.5954628808983333,MIN_VARIANCE_BUDGET_AVAILABLE,False,2019-02-01,2019-02-01,2018-02-05,242,0.0,0.0,0.0,0.0,0.0
2019-02-22,0.5954628808983333,0.4045371191016667,0.002894218959328982,0.0035170349920562293,-8.400789352436477e-08,2.091405430693603e-05,0.5954628808983333,MIN_VARIANCE_BUDGET_AVAILABLE,False,2019-02-01,2019-02-01,2018-02-05,242,0.0,0.0,0.0,0.0,0.0
2019-02-25,0.5954628808983333,0.4045371191016667,0.002894218959328982,0.0035170349920562293,-8.400789352436477e-08,2.091405430693603e-05,0.5954628808983333,MIN_VARIANCE_BUDGET_AVAILABLE,False,2019-02-01,2019-02-01,2018-02-05,242,0.0,0.0,0.0,0.0,0.0
2019-02-26,0.5954628808983333,0.4045371191016667,0.002894218959328982,0.0035170349920562293,-8.400789352436477e-08,2.091405430693603e-05,0.5954628808983333,MIN_VARIANCE_BUDGET_AVAILABLE,False,2019-02-01,2019-02-01,2018-02-05,242,0.0,0.0,0.0,0.0,0.0
2019-02-27,0.5954628808983333,0.4045371191016667,0.002894218959328982,0.0035170349920562293,-8.400789352436477e-08,2.091405430693603e-05,0.5954628808983333,MIN_VARIANCE_BUDGET_AVAILABLE,False,2019-02-01,2019-02-01,2018-02-05,242,0.0,1.0,0.4045371191016667,0.0,0.0
2019-02-28,0.5954628808983333,0.4045371191016667,0.002894218959328982,0.0035170349920562293,-8.400789352436477e-08,2.091405430693603e-05,0.5954628808983333,MIN_VARIANCE_BUDGET_AVAILABLE,False,2019-02-01,2019-02-01,2018-02-05,242,0.0,1.0,0.4045371191016667,0.0,-0.0023768410080243774
2019-03-01,0.7870996533204222,0.2129003466795778,0.0019400477307257116,0.0037609349884174677,-8.520217461662329e-08,1.807882153382993e-05,0.7870996533204222,MIN_VARIANCE_BUDGET_AVAILABLE,True,2019-03-01,2019-03-01,2018-03-05,242,0.0,1.0,0.2129003466795778,0.0,0.02045840352454964
2019-03-04,0.7870996533204222,0.2129003466795778,0.0019400477307257116,0.0037609349884174677,-8.520217461662329e-08,1.807882153382993e-05,0.7870996533204222,MIN_VARIANCE_BUDGET_AVAILABLE,False,2019-03-01,2019-03-01,2018-03-05,242,0.0,1.0,0.2129003466795778,0.0,0.01042508915211271
2019-03-05,0.7870996533204222,0.2129003466795778,0.0019400477307257116,0.0037609349884174677,-8.520217461662329e-08,1.807882153382993e-05,0.7870996533204222,MIN_VARIANCE_BUDGET_AVAILABLE,False,2019-03-01,2019-03-01,2018-03-05,242,0.0,1.0,0.2129003466795778,0.0,0.008465664002341278
2019-03-06,0.7870996533204222,0.2129003466795778,0.0019400477307257116,0.0037609349884174677,-8.520217461662329e-08,1.807882153382993e-05,0.7870996533204222,MIN_VARIANCE_BUDGET_AVAILABLE,False,2019-03-01,2019-03-01,2018-03-05,242,0.0,1.0,0.2129003466795778,0.0,0.006820611000877941
2019-03-07,0.7870996533204222,0.2129003466795778,0.0019400477307257116,0.0037609349884174677,-8.520217461662329e-08,1.807882153382993e-05,0.7870996533204222,MIN_VARIANCE_BUDGET_AVAILABLE,False,2019-03-01,2019-03-01,2018-03-05,242,0.0,1.0,0.2129003466795778,0.0,-0.010943270288625295
2019-03-08,0.7870996533204222,0.2129003466795778,0.0019400477307257116,0.0037609349884174677,-8.520217461662329e-08,1.807882153382993e-05,0.7870996533204222,MIN_VARIANCE_BUDGET_AVAILABLE,False,2019-03-01,2019-03-01,2018-03-05,242,0.0,1.0,0.2129003466795778,0.0,-0.03477367289423272
2019-03-11,0.7870996533204222,0.2129003466795778,0.0019400477307257116,0.0037609349884174677,-8.520217461662329e-08,1.807882153382993e-05,0.7870996533204222,MIN_VARIANCE_BUDGET_AVAILABLE,False,2019-03-01,2019-03-01,2018-03-05,242,0.0,0.0,0.0,0.0,0.013373452955961485
2019-03-12,0.7870996533204222,0.2129003466795778,0.0019400477307257116,0.0037609349884174677,-8.520217461662329e-08,1.807882153382993e-05,0.7870996533204222,MIN_VARIANCE_BUDGET_AVAILABLE,False,2019-03-01,2019-03-01,2018-03-05,242,0.0,0.0,0.0,0.0,0.006801230448358453
2019-03-13,0.7870996533204222,0.2129003466795778,0.0019400477307257116,0.0037609349884174677,-8.520217461662329e-08,1.807882153382993e-05,0.7870996533204222,MIN_VARIANCE_BUDGET_AVAILABLE,False,2019-03-01,2019-03-01,2018-03-05,242,0.0,0.0,0.0,0.0,0.0
2019-03-14,0.7870996533204222,0.2129003466795778,0.0019400477307257116,0.0037609349884174677,-8.520217461662329e-08,1.807882153382993e-05,0.7870996533204222,MIN_VARIANCE_BUDGET_AVAILABLE,False,2019-03-01,2019-03-01,2018-03-05,242,0.0,0.0,0.0,0.0,0.0
2019-03-15,0.7870996533204222,0.2129003466795778,0.0019400477307257116,0.0037609349884174677,-8.520217461662329e-08,1.807882153382993e-05,0.7870996533204222,MIN_VARIANCE_BUDGET_AVAILABLE,False,2019-03-01,2019-03-01,2018-03-05,242,0.0,0.0,0.0,0.0,0.0
2019-03-18,0.7870996533204222,0.2129003466795778,0.0019400477307257116,0.0037609349884174677,-8.520217461662329e-08,1.807882153382993e-05,0.7870996533204222,MIN_VARIANCE_BUDGET_AVAILABLE,False,2019-03-01,2019-03-01,2018-03-05,242,0.0,0.0,0.0,0.0,0.0
2019-03-19,0.7870996533204222,0.2129003466795778,0.0019400477307257116,0.0037609349884174677,-8.520217461662329e-08,1.807882153382993e-05,0.7870996533204222,MIN_VARIANCE_BUDGET_AVAILABLE,False,2019-03-01,2019-03-01,2018-03-05,242,0.0,0.0,0.0,0.0,0.0
2019-03-20,0.7870996533204222,0.2129003466795778,0.0019400477307257116,0.0037609349884174677,-8.520217461662329e-08,1.807882153382993e-05,0.7870996533204222,MIN_VARIANCE_BUDGET_AVAILABLE,False,2019-03-01,2019-03-01,2018-03-05,242,0.0,0.0,0.0,0.0,0.0
2019-03-21,0.7870996533204222,0.2129003466795778,0.0019400477307257116,0.0037609349884174677,-8.520217461662329e-08,1.807882153382993e-05,0.7870996533204222,MIN_VARIANCE_BUDGET_AVAILABLE,False,2019-03-01,2019-03-01,2018-03-05,242,0.0,0.0,0.0,0.0,0.0
2019-03-22,0.7870996533204222,0.2129003466795778,0.0019400477307257116,0.0037609349884174677,-8.520217461662329e-08,1.807882153382993e-05,0.7870996533204222,MIN_VARIANCE_BUDGET_AVAILABLE,False,2019-03-01,2019-03-01,2018-03-05,242,0.0,0.0,0.0,0.0,0.0
2019-03-25,0.7870996533204222,0.2129003466795778,0.0019400477307257116,0.0037609349884174677,-8.520217461662329e-08,1.807882153382993e-05,0.7870996533204222,MIN_VARIANCE_BUDGET_AVAILABLE,False,2019-03-01,2019-03-01,2018-03-05,242,0.0,0.0,0.0,0.0,0.0
2019-03-26,0.7870996533204222,0.2129003466795778,0.0019400477307257116,0.0037609349884174677,-8.520217461662329e-08,1.807882153382993e-05,0.7870996533204222,MIN_VARIANCE_BUDGET_AVAILABLE,False,2019-03-01,2019-03-01,2018-03-05,242,0.0,0.0,0.0,0.0,0.0
2019-03-27,0.7870996533204222,0.2129003466795778,0.0019400477307257116,0.0037609349884174677,-8.520217461662329e-08,1.807882153382993e-05,0.7870996533204222,MIN_VARIANCE_BUDGET_AVAILABLE,False,2019-03-01,2019-03-01,2018-03-05,242,0.0,0.0,0.0,0.0,0.0
2019-03-28,0.7870996533204222,0.2129003466795778,0.0019400477307257116,0.0037609349884174677,-8.520217461662329e-08,1.807882153382993e-05,0.7870996533204222,MIN_VARIANCE_BUDGET_AVAILABLE,False,2019-03-01,2019-03-01,2018-03-05,242,0.0,0.0,0.0,0.0,0.0
2019-03-29,0.7870996533204222,0.2129003466795778,0.0019400477307257116,0.0037609349884174677,-8.520217461662329e-08,1.807882153382993e-05,0.7870996533204222,MIN_VARIANCE_BUDGET_AVAILABLE,False,2019-03-01,2019-03-01,2018-03-05,242,0.0,0.0,0.0,0.0,0.0
2019-04-01,0.8552278254163931,0.14477217458360692,0.0018904533808731599,0.004640529286068679,-8.61038625779095e-08,2.5280533765271676e-05,0.8552278254163931,MIN_VARIANCE_BUDGET_AVAILABLE,True,2019-04-01,2019-04-01,2018-04-03,242,0.0,0.0,0.0,0.0,0.0
2019-04-02,0.8552278254163931,0.14477217458360692,0.0018904533808731599,0.004640529286068679,-8.61038625779095e-08,2.5280533765271676e-05,0.8552278254163931,MIN_VARIANCE_BUDGET_AVAILABLE,False,2019-04-01,2019-04-01,2018-04-03,242,0.0,0.0,0.0,0.0,0.0
2019-04-03,0.8552278254163931,0.14477217458360692,0.0018904533808731599,0.004640529286068679,-8.61038625779095e-08,2.5280533765271676e-05,0.8552278254163931,MIN_VARIANCE_BUDGET_AVAILABLE,False,2019-04-01,2019-04-01,2018-04-03,242,0.0,0.0,0.0,0.0,0.0
2019-04-04,0.8552278254163931,0.14477217458360692,0.0018904533808731599,0.004640529286068679,-8.61038625779095e-08,2.5280533765271676e-05,0.8552278254163931,MIN_VARIANCE_BUDGET_AVAILABLE,False,2019-04-01,2019-04-01,2018-04-03,242,0.0,0.0,0.0,0.0,0.0
2019-04-08,0.8552278254163931,0.14477217458360692,0.0018904533808731599,0.004640529286068679,-8.61038625779095e-08,2.5280533765271676e-05,0.8552278254163931,MIN_VARIANCE_BUDGET_AVAILABLE,False,2019-04-01,2019-04-01,2018-04-03,242,0.0,0.0,0.0,0.0,0.0
2019-04-09,0.8552278254163931,0.14477217458360692,0.0018904533808731599,0.004640529286068679,-8.61038625779095e-08,2.5280533765271676e-05,0.8552278254163931,MIN_VARIANCE_BUDGET_AVAILABLE,False,2019-04-01,2019-04-01,2018-04-03,242,0.0,0.0,0.0,0.0,0.0
2019-04-10,0.8552278254163931,0.14477217458360692,0.0018904533808731599,0.004640529286068679,-8.61038625779095e-08,2.5280533765271676e-05,0.8552278254163931,MIN_VARIANCE_BUDGET_AVAILABLE,False,2019-04-01,2019-04-01,2018-04-03,242,0.0,0.0,0.0,0.0,0.0
2019-04-11,0.8552278254163931,0.14477217458360692,0.0018904533808731599,0.004640529286068679,-8.61038625779095e-08,2.5280533765271676e-05,0.8552278254163931,MIN_VARIANCE_BUDGET_AVAILABLE,False,2019-04-01,2019-04-01,2018-04-03,242,0.0,0.0,0.0,0.0,0.0
2019-04-12,0.8552278254163931,0.14477217458360692,0.0018904533808731599,0.004640529286068679,-8.61038625779095e-08,2.5280533765271676e-05,0.8552278254163931,MIN_VARIANCE_BUDGET_AVAILABLE,False,2019-04-01,2019-04-01,2018-04-03,242,0.0,0.0,0.0,0.0,0.0
2019-04-15,0.8552278254163931,0.14477217458360692,0.0018904533808731599,0.004640529286068679,-8.61038625779095e-08,2.5280533765271676e-05,0.8552278254163931,MIN_VARIANCE_BUDGET_AVAILABLE,False,2019-04-01,2019-04-01,2018-04-03,242,0.0,0.0,0.0,0.0,0.0
2019-04-16,0.8552278254163931,0.14477217458360692,0.0018904533808731599,0.004640529286068679,-8.61038625779095e-08,2.5280533765271676e-05,0.8552278254163931,MIN_VARIANCE_BUDGET_AVAILABLE,False,2019-04-01,2019-04-01,2018-04-03,242,0.0,0.0,0.0,0.0,0.0
2019-04-17,0.8552278254163931,0.14477217458360692,0.0018904533808731599,0.004640529286068679,-8.61038625779095e-08,2.5280533765271676e-05,0.8552278254163931,MIN_VARIANCE_BUDGET_AVAILABLE,False,2019-04-01,2019-04-01,2018-04-03,242,0.0,0.0,0.0,0.0,0.0
2019-04-18,0.8552278254163931,0.14477217458360692,0.0018904533808731599,0.004640529286068679,-8.61038625779095e-08,2.5280533765271676e-05,0.8552278254163931,MIN_VARIANCE_BUDGET_AVAILABLE,False,2019-04-01,2019-04-01,2018-04-03,242,0.0,0.0,0.0,0.0,0.0
2019-04-19,0.8552278254163931,0.14477217458360692,0.0018904533808731599,0.004640529286068679,-8.61038625779095e-08,2.5280533765271676e-05,0.8552278254163931,MIN_VARIANCE_BUDGET_AVAILABLE,False,2019-04-01,2019-04-01,2018-04-03,242,0.0,0.0,0.0,0.0,0.0
2019-04-22,0.8552278254163931,0.14477217458360692,0.0018904533808731599,0.004640529286068679,-8.61038625779095e-08,2.5280533765271676e-05,0.8552278254163931,MIN_VARIANCE_BUDGET_AVAILABLE,False,2019-04-01,2019-04-01,2018-04-03,242,0.0,0.0,0.0,0.0,0.0
2019-04-23,0.8552278254163931,0.14477217458360692,0.0018904533808731599,0.004640529286068679,-8.61038625779095e-08,2.5280533765271676e-05,0.8552278254163931,MIN_VARIANCE_BUDGET_AVAILABLE,False,2019-04-01,2019-04-01,2018-04-03,242,0.0,0.0,0.0,0.0,0.0
2019-04-24,0.8552278254163931,0.14477217458360692,0.0018904533808731599,0.004640529286068679,-8.61038625779095e-08,2.5280533765271676e-05,0.8552278254163931,MIN_VARIANCE_BUDGET_AVAILABLE,False,2019-04-01,2019-04-01,2018-04-03,242,0.0,0.0,0.0,0.0,0.0
2019-04-25,0.8552278254163931,0.14477217458360692,0.0018904533808731599,0.004640529286068679,-8.61038625779095e-08,2.5280533765271676e-05,0.8552278254163931,MIN_VARIANCE_BUDGET_AVAILABLE,False,2019-04-01,2019-04-01,2018-04-03,242,0.0,0.0,0.0,0.0,0.0
2019-04-26,0.8552278254163931,0.14477217458360692,0.0018904533808731599,0.004640529286068679,-8.61038625779095e-08,2.5280533765271676e-05,0.8552278254163931,MIN_VARIANCE_BUDGET_AVAILABLE,False,2019-04-01,2019-04-01,2018-04-03,242,0.0,0.0,0.0,0.0,0.0
2019-04-29,0.8552278254163931,0.14477217458360692,0.0018904533808731599,0.004640529286068679,-8.61038625779095e-08,2.5280533765271676e-05,0.8552278254163931,MIN_VARIANCE_BUDGET_AVAILABLE,False,2019-04-01,2019-04-01,2018-04-03,242,0.0,0.0,0.0,0.0,0.0
2019-04-30,0.8552278254163931,0.14477217458360692,0.0018904533808731599,0.004640529286068679,-8.61038625779095e-08,2.5280533765271676e-05,0.8552278254163931,MIN_VARIANCE_BUDGET_AVAILABLE,False,2019-04-01,2019-04-01,2018-04-03,242,0.0,0.0,0.0,0.0,0.0
2019-05-06,0.855227825416395,0.14477217458360503,0.0018904533808731605,0.0046405292860686835,-8.610386257790946e-08,2.528053376527167e-05,0.855227825416395,MIN_VARIANCE_BUDGET_AVAILABLE,True,2019-05-06,2019-05-06,2018-05-08,242,0.0,0.0,0.0,0.0,0.0
2019-05-07,0.855227825416395,0.14477217458360503,0.0018904533808731605,0.0046405292860686835,-8.610386257790946e-08,2.528053376527167e-05,0.855227825416395,MIN_VARIANCE_BUDGET_AVAILABLE,False,2019-05-06,2019-05-06,2018-05-08,242,0.0,0.0,0.0,0.0,0.0
2019-05-08,0.855227825416395,0.14477217458360503,0.0018904533808731605,0.0046405292860686835,-8.610386257790946e-08,2.528053376527167e-05,0.855227825416395,MIN_VARIANCE_BUDGET_AVAILABLE,False,2019-05-06,2019-05-06,2018-05-08,242,0.0,0.0,0.0,0.0,0.0
2019-05-09,0.855227825416395,0.14477217458360503,0.0018904533808731605,0.0046405292860686835,-8.610386257790946e-08,2.528053376527167e-05,0.855227825416395,MIN_VARIANCE_BUDGET_AVAILABLE,False,2019-05-06,2019-05-06,2018-05-08,242,0.0,0.0,0.0,0.0,0.0
2019-05-10,0.855227825416395,0.14477217458360503,0.0018904533808731605,0.0046405292860686835,-8.610386257790946e-08,2.528053376527167e-05,0.855227825416395,MIN_VARIANCE_BUDGET_AVAILABLE,False,2019-05-06,2019-05-06,2018-05-08,242,0.0,0.0,0.0,0.0,0.0
2019-05-13,0.855227825416395,0.14477217458360503,0.0018904533808731605,0.0046405292860686835,-8.610386257790946e-08,2.528053376527167e-05,0.855227825416395,MIN_VARIANCE_BUDGET_AVAILABLE,False,2019-05-06,2019-05-06,2018-05-08,242,0.0,0.0,0.0,0.0,0.0
2019-05-14,0.855227825416395,0.14477217458360503,0.0018904533808731605,0.0046405292860686835,-8.610386257790946e-08,2.528053376527167e-05,0.855227825416395,MIN_VARIANCE_BUDGET_AVAILABLE,False,2019-05-06,2019-05-06,2018-05-08,242,0.0,0.0,0.0,0.0,0.0
2019-05-15,0.855227825416395,0.14477217458360503,0.0018904533808731605,0.0046405292860686835,-8.610386257790946e-08,2.528053376527167e-05,0.855227825416395,MIN_VARIANCE_BUDGET_AVAILABLE,False,2019-05-06,2019-05-06,2018-05-08,242,0.0,0.0,0.0,0.0,0.0
2019-05-16,0.855227825416395,0.14477217458360503,0.0018904533808731605,0.0046405292860686835,-8.610386257790946e-08,2.528053376527167e-05,0.855227825416395,MIN_VARIANCE_BUDGET_AVAILABLE,False,2019-05-06,2019-05-06,2018-05-08,242,0.0,0.0,0.0,0.0,0.0
2019-05-17,0.855227825416395,0.14477217458360503,0.0018904533808731605,0.0046405292860686835,-8.610386257790946e-08,2.528053376527167e-05,0.855227825416395,MIN_VARIANCE_BUDGET_AVAILABLE,False,2019-05-06,2019-05-06,2018-05-08,242,0.0,0.0,0.0,0.0,0.0
2019-05-20,0.855227825416395,0.14477217458360503,0.0018904533808731605,0.0046405292860686835,-8.610386257790946e-08,2.528053376527167e-05,0.855227825416395,MIN_VARIANCE_BUDGET_AVAILABLE,False,2019-05-06,2019-05-06,2018-05-08,242,0.0,0.0,0.0,0.0,0.0
2019-05-21,0.855227825416395,0.14477217458360503,0.0018904533808731605,0.0046405292860686835,-8.610386257790946e-08,2.528053376527167e-05,0.855227825416395,MIN_VARIANCE_BUDGET_AVAILABLE,False,2019-05-06,2019-05-06,2018-05-08,242,0.0,0.0,0.0,0.0,0.0
2019-05-22,0.855227825416395,0.14477217458360503,0.0018904533808731605,0.0046405292860686835,-8.610386257790946e-08,2.528053376527167e-05,0.855227825416395,MIN_VARIANCE_BUDGET_AVAILABLE,False,2019-05-06,2019-05-06,2018-05-08,242,0.0,0.0,0.0,0.0,0.0
2019-05-23,0.855227825416395,0.14477217458360503,0.0018904533808731605,0.0046405292860686835,-8.610386257790946e-08,2.528053376527167e-05,0.855227825416395,MIN_VARIANCE_BUDGET_AVAILABLE,False,2019-05-06,2019-05-06,2018-05-08,242,0.0,0.0,0.0,0.0,0.0
2019-05-24,0.855227825416395,0.14477217458360503,0.0018904533808731605,0.0046405292860686835,-8.610386257790946e-08,2.528053376527167e-05,0.855227825416395,MIN_VARIANCE_BUDGET_AVAILABLE,False,2019-05-06,2019-05-06,2018-05-08,242,0.0,0.0,0.0,0.0,0.0
2019-05-27,0.855227825416395,0.14477217458360503,0.0018904533808731605,0.0046405292860686835,-8.610386257790946e-08,2.528053376527167e-05,0.855227825416395,MIN_VARIANCE_BUDGET_AVAILABLE,False,2019-05-06,2019-05-06,2018-05-08,242,0.0,0.0,0.0,0.0,0.0
2019-05-28,0.855227825416395,0.14477217458360503,0.0018904533808731605,0.0046405292860686835,-8.610386257790946e-08,2.528053376527167e-05,0.855227825416395,MIN_VARIANCE_BUDGET_AVAILABLE,False,2019-05-06,2019-05-06,2018-05-08,242,0.0,0.0,0.0,0.0,0.0
2019-05-29,0.855227825416395,0.14477217458360503,0.0018904533808731605,0.0046405292860686835,-8.610386257790946e-08,2.528053376527167e-05,0.855227825416395,MIN_VARIANCE_BUDGET_AVAILABLE,False,2019-05-06,2019-05-06,2018-05-08,242,0.0,0.0,0.0,0.0,0.0
2019-05-30,0.855227825416395,0.14477217458360503,0.0018904533808731605,0.0046405292860686835,-8.610386257790946e-08,2.528053376527167e-05,0.855227825416395,MIN_VARIANCE_BUDGET_AVAILABLE,False,2019-05-06,2019-05-06,2018-05-08,242,0.0,1.0,0.14477217458360503,0.0,0.0
2019-05-31,0.855227825416395,0.14477217458360503,0.0018904533808731605,0.0046405292860686835,-8.610386257790946e-08,2.528053376527167e-05,0.855227825416395,MIN_VARIANCE_BUDGET_AVAILABLE,False,2019-05-06,2019-05-06,2018-05-08,242,0.0,1.0,0.14477217458360503,0.0,-0.0034839403246094136
2019-06-03,0.8555960576674688,0.14440394233253118,0.001890453380873161,0.004648034473102813,-8.716917069022466e-08,2.535237678978743e-05,0.8555960576674688,MIN_VARIANCE_BUDGET_AVAILABLE,True,2019-06-03,2019-06-03,2018-06-05,242,0.0,1.0,0.14440394233253118,0.0,0.002197297844351631
2019-06-04,0.8555960576674688,0.14440394233253118,0.001890453380873161,0.004648034473102813,-8.716917069022466e-08,2.535237678978743e-05,0.8555960576674688,MIN_VARIANCE_BUDGET_AVAILABLE,False,2019-06-03,2019-06-03,2018-06-05,242,0.0,1.0,0.14440394233253118,0.0,-0.009043981287363612
2019-06-05,0.8555960576674688,0.14440394233253118,0.001890453380873161,0.004648034473102813,-8.716917069022466e-08,2.535237678978743e-05,0.8555960576674688,MIN_VARIANCE_BUDGET_AVAILABLE,False,2019-06-03,2019-06-03,2018-06-05,242,0.0,1.0,0.14440394233253118,0.0,-0.002212490030522707
2019-06-06,0.8555960576674688,0.14440394233253118,0.001890453380873161,0.004648034473102813,-8.716917069022466e-08,2.535237678978743e-05,0.8555960576674688,MIN_VARIANCE_BUDGET_AVAILABLE,False,2019-06-03,2019-06-03,2018-06-05,242,0.0,1.0,0.14440394233253118,0.0,-0.008592409488607067
2019-06-10,0.8555960576674688,0.14440394233253118,0.001890453380873161,0.004648034473102813,-8.716917069022466e-08,2.535237678978743e-05,0.8555960576674688,MIN_VARIANCE_BUDGET_AVAILABLE,False,2019-06-03,2019-06-03,2018-06-05,242,0.0,1.0,0.14440394233253118,0.0,0.012860529922428476
2019-06-11,0.8555960576674688,0.14440394233253118,0.001890453380873161,0.004648034473102813,-8.716917069022466e-08,2.535237678978743e-05,0.8555960576674688,MIN_VARIANCE_BUDGET_AVAILABLE,False,2019-06-03,2019-06-03,2018-06-05,242,0.0,1.0,0.14440394233253118,0.0,0.031191038052990727
2019-06-12,0.8555960576674688,0.14440394233253118,0.001890453380873161,0.004648034473102813,-8.716917069022466e-08,2.535237678978743e-05,0.8555960576674688,MIN_VARIANCE_BUDGET_AVAILABLE,False,2019-06-03,2019-06-03,2018-06-05,242,0.0,1.0,0.14440394233253118,0.0,-0.007494976688785404
2019-06-13,0.8555960576674688,0.14440394233253118,0.001890453380873161,0.004648034473102813,-8.716917069022466e-08,2.535237678978743e-05,0.8555960576674688,MIN_VARIANCE_BUDGET_AVAILABLE,False,2019-06-03,2019-06-03,2018-06-05,242,0.0,1.0,0.14440394233253118,0.0,-0.0018878938929144384
2019-06-14,0.8555960576674688,0.14440394233253118,0.001890453380873161,0.004648034473102813,-8.716917069022466e-08,2.535237678978743e-05,0.8555960576674688,MIN_VARIANCE_BUDGET_AVAILABLE,False,2019-06-03,2019-06-03,2018-06-05,242,0.0,1.0,0.14440394233253118,0.0,-0.00594460358711113
2019-06-17,0.8555960576674688,0.14440394233253118,0.001890453380873161,0.004648034473102813,-8.716917069022466e-08,2.535237678978743e-05,0.8555960576674688,MIN_VARIANCE_BUDGET_AVAILABLE,False,2019-06-03,2019-06-03,2018-06-05,242,0.0,1.0,0.14440394233253118,0.0,0.0008154754401052955
2019-06-18,0.8555960576674688,0.14440394233253118,0.001890453380873161,0.004648034473102813,-8.716917069022466e-08,2.535237678978743e-05,0.8555960576674688,MIN_VARIANCE_BUDGET_AVAILABLE,False,2019-06-03,2019-06-03,2018-06-05,242,0.0,1.0,0.14440394233253118,0.0,0.0021728292846967534
2019-06-19,0.8555960576674688,0.14440394233253118,0.001890453380873161,0.004648034473102813,-8.716917069022466e-08,2.535237678978743e-05,0.8555960576674688,MIN_VARIANCE_BUDGET_AVAILABLE,False,2019-06-03,2019-06-03,2018-06-05,242,0.0,1.0,0.14440394233253118,0.0,0.014634798752398037
2019-06-20,0.8555960576674688,0.14440394233253118,0.001890453380873161,0.004648034473102813,-8.716917069022466e-08,2.535237678978743e-05,0.8555960576674688,MIN_VARIANCE_BUDGET_AVAILABLE,False,2019-06-03,2019-06-03,2018-06-05,242,0.0,1.0,0.14440394233253118,0.0,0.028847421299551756
2019-06-21,0.8555960576674688,0.14440394233253118,0.001890453380873161,0.004648034473102813,-8.716917069022466e-08,2.535237678978743e-05,0.8555960576674688,MIN_VARIANCE_BUDGET_AVAILABLE,False,2019-06-03,2019-06-03,2018-06-05,242,0.0,1.0,0.14440394233253118,0.0,0.0018173154062568475
2019-06-24,0.8555960576674688,0.14440394233253118,0.001890453380873161,0.004648034473102813,-8.716917069022466e-08,2.535237678978743e-05,0.8555960576674688,MIN_VARIANCE_BUDGET_AVAILABLE,False,2019-06-03,2019-06-03,2018-06-05,242,0.0,1.0,0.14440394233253118,0.0,0.00155487322458292
2019-06-25,0.8555960576674688,0.14440394233253118,0.001890453380873161,0.004648034473102813,-8.716917069022466e-08,2.535237678978743e-05,0.8555960576674688,MIN_VARIANCE_BUDGET_AVAILABLE,False,2019-06-03,2019-06-03,2018-06-05,242,0.0,1.0,0.14440394233253118,0.0,-0.010090985756227244
2019-06-26,0.8555960576674688,0.14440394233253118,0.001890453380873161,0.004648034473102813,-8.716917069022466e-08,2.535237678978743e-05,0.8555960576674688,MIN_VARIANCE_BUDGET_AVAILABLE,False,2019-06-03,2019-06-03,2018-06-05,242,0.0,1.0,0.14440394233253118,0.0,0.00026138081459570195
2019-06-27,0.8555960576674688,0.14440394233253118,0.001890453380873161,0.004648034473102813,-8.716917069022466e-08,2.535237678978743e-05,0.8555960576674688,MIN_VARIANCE_BUDGET_AVAILABLE,False,2019-06-03,2019-06-03,2018-06-05,242,0.0,1.0,0.14440394233253118,0.0,0.010975125525768625
2019-06-28,0.8555960576674688,0.14440394233253118,0.001890453380873161,0.004648034473102813,-8.716917069022466e-08,2.535237678978743e-05,0.8555960576674688,MIN_VARIANCE_BUDGET_AVAILABLE,False,2019-06-03,2019-06-03,2018-06-05,242,0.0,1.0,0.14440394233253118,0.0,-0.0002584757091648182
2019-07-01,0.9072874754554341,0.09271252454456591,0.0018904533808731614,0.005926806903658559,-1.7481382805277038e-08,3.8735816824120076e-05,0.9072874754554341,MIN_VARIANCE_BUDGET_AVAILABLE,True,2019-07-01,2019-07-01,2018-07-03,242,0.0,1.0,0.09271252454456591,0.0,0.02456154093237184
2019-07-02,0.9072874754554341,0.09271252454456591,0.0018904533808731614,0.005926806903658559,-1.7481382805277038e-08,3.8735816824120076e-05,0.9072874754554341,MIN_VARIANCE_BUDGET_AVAILABLE,False,2019-07-01,2019-07-01,2018-07-03,242,0.0,1.0,0.09271252454456591,0.0,0.001514067388640905
2019-07-03,0.9072874754554341,0.09271252454456591,0.0018904533808731614,0.005926806903658559,-1.7481382805277038e-08,3.8735816824120076e-05,0.9072874754554341,MIN_VARIANCE_BUDGET_AVAILABLE,False,2019-07-01,2019-07-01,2018-07-03,242,0.0,1.0,0.09271252454456591,0.0,-0.008314781498015233
2019-07-04,0.9072874754554341,0.09271252454456591,0.0018904533808731614,0.005926806903658559,-1.7481382805277038e-08,3.8735816824120076e-05,0.9072874754554341,MIN_VARIANCE_BUDGET_AVAILABLE,False,2019-07-01,2019-07-01,2018-07-03,242,0.0,0.0,0.0,0.0,-0.006605967141497748
2019-07-05,0.9072874754554341,0.09271252454456591,0.0018904533808731614,0.005926806903658559,-1.7481382805277038e-08,3.8735816824120076e-05,0.9072874754554341,MIN_VARIANCE_BUDGET_AVAILABLE,False,2019-07-01,2019-07-01,2018-07-03,242,0.0,0.0,0.0,0.0,-0.0009666902861122928
2019-07-08,0.9072874754554341,0.09271252454456591,0.0018904533808731614,0.005926806903658559,-1.7481382805277038e-08,3.8735816824120076e-05,0.9072874754554341,MIN_VARIANCE_BUDGET_AVAILABLE,False,2019-07-01,2019-07-01,2018-07-03,242,0.0,0.0,0.0,0.0,0.0
2019-07-09,0.9072874754554341,0.09271252454456591,0.0018904533808731614,0.005926806903658559,-1.7481382805277038e-08,3.8735816824120076e-05,0.9072874754554341,MIN_VARIANCE_BUDGET_AVAILABLE,False,2019-07-01,2019-07-01,2018-07-03,242,0.0,0.0,0.0,0.0,0.0
2019-07-10,0.9072874754554341,0.09271252454456591,0.0018904533808731614,0.005926806903658559,-1.7481382805277038e-08,3.8735816824120076e-05,0.9072874754554341,MIN_VARIANCE_BUDGET_AVAILABLE,False,2019-07-01,2019-07-01,2018-07-03,242,0.0,0.0,0.0,0.0,0.0
2019-07-11,0.9072874754554341,0.09271252454456591,0.0018904533808731614,0.005926806903658559,-1.7481382805277038e-08,3.8735816824120076e-05,0.9072874754554341,MIN_VARIANCE_BUDGET_AVAILABLE,False,2019-07-01,2019-07-01,2018-07-03,242,0.0,0.0,0.0,0.0,0.0
2019-07-12,0.9072874754554341,0.09271252454456591,0.0018904533808731614,0.005926806903658559,-1.7481382805277038e-08,3.8735816824120076e-05,0.9072874754554341,MIN_VARIANCE_BUDGET_AVAILABLE,False,2019-07-01,2019-07-01,2018-07-03,242,0.0,0.0,0.0,0.0,0.0
2019-07-15,0.9072874754554341,0.09271252454456591,0.0018904533808731614,0.005926806903658559,-1.7481382805277038e-08,3.8735816824120076e-05,0.9072874754554341,MIN_VARIANCE_BUDGET_AVAILABLE,False,2019-07-01,2019-07-01,2018-07-03,242,0.0,0.0,0.0,0.0,0.0
2019-07-16,0.9072874754554341,0.09271252454456591,0.0018904533808731614,0.005926806903658559,-1.7481382805277038e-08,3.8735816824120076e-05,0.9072874754554341,MIN_VARIANCE_BUDGET_AVAILABLE,False,2019-07-01,2019-07-01,2018-07-03,242,0.0,0.0,0.0,0.0,0.0
2019-07-17,0.9072874754554341,0.09271252454456591,0.0018904533808731614,0.005926806903658559,-1.7481382805277038e-08,3.8735816824120076e-05,0.9072874754554341,MIN_VARIANCE_BUDGET_AVAILABLE,False,2019-07-01,2019-07-01,2018-07-03,242,0.0,0.0,0.0,0.0,0.0
2019-07-18,0.9072874754554341,0.09271252454456591,0.0018904533808731614,0.005926806903658559,-1.7481382805277038e-08,3.8735816824120076e-05,0.9072874754554341,MIN_VARIANCE_BUDGET_AVAILABLE,False,2019-07-01,2019-07-01,2018-07-03,242,0.0,0.0,0.0,0.0,0.0
2019-07-19,0.9072874754554341,0.09271252454456591,0.0018904533808731614,0.005926806903658559,-1.7481382805277038e-08,3.8735816824120076e-05,0.9072874754554341,MIN_VARIANCE_BUDGET_AVAILABLE,False,2019-07-01,2019-07-01,2018-07-03,242,0.0,0.0,0.0,0.0,0.0
2019-07-22,0.9072874754554341,0.09271252454456591,0.0018904533808731614,0.005926806903658559,-1.7481382805277038e-08,3.8735816824120076e-05,0.9072874754554341,MIN_VARIANCE_BUDGET_AVAILABLE,False,2019-07-01,2019-07-01,2018-07-03,242,0.0,0.0,0.0,0.0,0.0
2019-07-23,0.9072874754554341,0.09271252454456591,0.0018904533808731614,0.005926806903658559,-1.7481382805277038e-08,3.8735816824120076e-05,0.9072874754554341,MIN_VARIANCE_BUDGET_AVAILABLE,False,2019-07-01,2019-07-01,2018-07-03,242,0.0,0.0,0.0,0.0,0.0
2019-07-24,0.9072874754554341,0.09271252454456591,0.0018904533808731614,0.005926806903658559,-1.7481382805277038e-08,3.8735816824120076e-05,0.9072874754554341,MIN_VARIANCE_BUDGET_AVAILABLE,False,2019-07-01,2019-07-01,2018-07-03,242,0.0,0.0,0.0,0.0,0.0
2019-07-25,0.9072874754554341,0.09271252454456591,0.0018904533808731614,0.005926806903658559,-1.7481382805277038e-08,3.8735816824120076e-05,0.9072874754554341,MIN_VARIANCE_BUDGET_AVAILABLE,False,2019-07-01,2019-07-01,2018-07-03,242,0.0,0.0,0.0,0.0,0.0
2019-07-26,0.9072874754554341,0.09271252454456591,0.0018904533808731614,0.005926806903658559,-1.7481382805277038e-08,3.8735816824120076e-05,0.9072874754554341,MIN_VARIANCE_BUDGET_AVAILABLE,False,2019-07-01,2019-07-01,2018-07-03,242,0.0,0.0,0.0,0.0,0.0
2019-07-29,0.9072874754554341,0.09271252454456591,0.0018904533808731614,0.005926806903658559,-1.7481382805277038e-08,3.8735816824120076e-05,0.9072874754554341,MIN_VARIANCE_BUDGET_AVAILABLE,False,2019-07-01,2019-07-01,2018-07-03,242,0.0,0.0,0.0,0.0,0.0
2019-07-30,0.9072874754554341,0.09271252454456591,0.0018904533808731614,0.005926806903658559,-1.7481382805277038e-08,3.8735816824120076e-05,0.9072874754554341,MIN_VARIANCE_BUDGET_AVAILABLE,False,2019-07-01,2019-07-01,2018-07-03,242,0.0,0.0,0.0,0.0,0.0
2019-07-31,0.9072874754554341,0.09271252454456591,0.0018904533808731614,0.005926806903658559,-1.7481382805277038e-08,3.8735816824120076e-05,0.9072874754554341,MIN_VARIANCE_BUDGET_AVAILABLE,False,2019-07-01,2019-07-01,2018-07-03,242,0.0,0.0,0.0,0.0,0.0
2019-08-01,0.9082477198208289,0.09175228017917114,0.001890453380873162,0.005969785464022816,-2.9382178507748793e-08,3.927091682872826e-05,0.9082477198208289,MIN_VARIANCE_BUDGET_AVAILABLE,True,2019-08-01,2019-08-01,2018-08-03,242,0.0,0.0,0.0,0.0,0.0
2019-08-02,0.9082477198208289,0.09175228017917114,0.001890453380873162,0.005969785464022816,-2.9382178507748793e-08,3.927091682872826e-05,0.9082477198208289,MIN_VARIANCE_BUDGET_AVAILABLE,False,2019-08-01,2019-08-01,2018-08-03,242,0.0,0.0,0.0,0.0,0.0
2019-08-05,0.9082477198208289,0.09175228017917114,0.001890453380873162,0.005969785464022816,-2.9382178507748793e-08,3.927091682872826e-05,0.9082477198208289,MIN_VARIANCE_BUDGET_AVAILABLE,False,2019-08-01,2019-08-01,2018-08-03,242,0.0,0.0,0.0,0.0,0.0
2019-08-06,0.9082477198208289,0.09175228017917114,0.001890453380873162,0.005969785464022816,-2.9382178507748793e-08,3.927091682872826e-05,0.9082477198208289,MIN_VARIANCE_BUDGET_AVAILABLE,False,2019-08-01,2019-08-01,2018-08-03,242,0.0,0.0,0.0,0.0,0.0
2019-08-07,0.9082477198208289,0.09175228017917114,0.001890453380873162,0.005969785464022816,-2.9382178507748793e-08,3.927091682872826e-05,0.9082477198208289,MIN_VARIANCE_BUDGET_AVAILABLE,False,2019-08-01,2019-08-01,2018-08-03,242,0.0,0.0,0.0,0.0,0.0
2019-08-08,0.9082477198208289,0.09175228017917114,0.001890453380873162,0.005969785464022816,-2.9382178507748793e-08,3.927091682872826e-05,0.9082477198208289,MIN_VARIANCE_BUDGET_AVAILABLE,False,2019-08-01,2019-08-01,2018-08-03,242,0.0,0.0,0.0,0.0,0.0
2019-08-09,0.9082477198208289,0.09175228017917114,0.001890453380873162,0.005969785464022816,-2.9382178507748793e-08,3.927091682872826e-05,0.9082477198208289,MIN_VARIANCE_BUDGET_AVAILABLE,False,2019-08-01,2019-08-01,2018-08-03,242,0.0,0.0,0.0,0.0,0.0
2019-08-12,0.9082477198208289,0.09175228017917114,0.001890453380873162,0.005969785464022816,-2.9382178507748793e-08,3.927091682872826e-05,0.9082477198208289,MIN_VARIANCE_BUDGET_AVAILABLE,False,2019-08-01,2019-08-01,2018-08-03,242,0.0,0.0,0.0,0.0,0.0
2019-08-13,0.9082477198208289,0.09175228017917114,0.001890453380873162,0.005969785464022816,-2.9382178507748793e-08,3.927091682872826e-05,0.9082477198208289,MIN_VARIANCE_BUDGET_AVAILABLE,False,2019-08-01,2019-08-01,2018-08-03,242,0.0,0.0,0.0,0.0,0.0
2019-08-14,0.9082477198208289,0.09175228017917114,0.001890453380873162,0.005969785464022816,-2.9382178507748793e-08,3.927091682872826e-05,0.9082477198208289,MIN_VARIANCE_BUDGET_AVAILABLE,False,2019-08-01,2019-08-01,2018-08-03,242,0.0,0.0,0.0,0.0,0.0
2019-08-15,0.9082477198208289,0.09175228017917114,0.001890453380873162,0.005969785464022816,-2.9382178507748793e-08,3.927091682872826e-05,0.9082477198208289,MIN_VARIANCE_BUDGET_AVAILABLE,False,2019-08-01,2019-08-01,2018-08-03,242,0.0,0.0,0.0,0.0,0.0
2019-08-16,0.9082477198208289,0.09175228017917114,0.001890453380873162,0.005969785464022816,-2.9382178507748793e-08,3.927091682872826e-05,0.9082477198208289,MIN_VARIANCE_BUDGET_AVAILABLE,False,2019-08-01,2019-08-01,2018-08-03,242,0.0,0.0,0.0,0.0,0.0
2019-08-19,0.9082477198208289,0.09175228017917114,0.001890453380873162,0.005969785464022816,-2.9382178507748793e-08,3.927091682872826e-05,0.9082477198208289,MIN_VARIANCE_BUDGET_AVAILABLE,False,2019-08-01,2019-08-01,2018-08-03,242,0.0,0.0,0.0,0.0,0.0
2019-08-20,0.9082477198208289,0.09175228017917114,0.001890453380873162,0.005969785464022816,-2.9382178507748793e-08,3.927091682872826e-05,0.9082477198208289,MIN_VARIANCE_BUDGET_AVAILABLE,False,2019-08-01,2019-08-01,2018-08-03,242,0.0,0.0,0.0,0.0,0.0
2019-08-21,0.9082477198208289,0.09175228017917114,0.001890453380873162,0.005969785464022816,-2.9382178507748793e-08,3.927091682872826e-05,0.9082477198208289,MIN_VARIANCE_BUDGET_AVAILABLE,False,2019-08-01,2019-08-01,2018-08-03,242,0.0,0.0,0.0,0.0,0.0
2019-08-22,0.9082477198208289,0.09175228017917114,0.001890453380873162,0.005969785464022816,-2.9382178507748793e-08,3.927091682872826e-05,0.9082477198208289,MIN_VARIANCE_BUDGET_AVAILABLE,False,2019-08-01,2019-08-01,2018-08-03,242,0.0,0.0,0.0,0.0,0.0
2019-08-23,0.9082477198208289,0.09175228017917114,0.001890453380873162,0.005969785464022816,-2.9382178507748793e-08,3.927091682872826e-05,0.9082477198208289,MIN_VARIANCE_BUDGET_AVAILABLE,False,2019-08-01,2019-08-01,2018-08-03,242,0.0,0.0,0.0,0.0,0.0
2019-08-26,0.9082477198208289,0.09175228017917114,0.001890453380873162,0.005969785464022816,-2.9382178507748793e-08,3.927091682872826e-05,0.9082477198208289,MIN_VARIANCE_BUDGET_AVAILABLE,False,2019-08-01,2019-08-01,2018-08-03,242,0.0,0.0,0.0,0.0,0.0
2019-08-27,0.9082477198208289,0.09175228017917114,0.001890453380873162,0.005969785464022816,-2.9382178507748793e-08,3.927091682872826e-05,0.9082477198208289,MIN_VARIANCE_BUDGET_AVAILABLE,False,2019-08-01,2019-08-01,2018-08-03,242,0.0,0.0,0.0,0.0,0.0
2019-08-28,0.9082477198208289,0.09175228017917114,0.001890453380873162,0.005969785464022816,-2.9382178507748793e-08,3.927091682872826e-05,0.9082477198208289,MIN_VARIANCE_BUDGET_AVAILABLE,False,2019-08-01,2019-08-01,2018-08-03,242,0.0,0.0,0.0,0.0,0.0
2019-08-29,0.9082477198208289,0.09175228017917114,0.001890453380873162,0.005969785464022816,-2.9382178507748793e-08,3.927091682872826e-05,0.9082477198208289,MIN_VARIANCE_BUDGET_AVAILABLE,False,2019-08-01,2019-08-01,2018-08-03,242,0.0,0.0,0.0,0.0,0.0
2019-08-30,0.9082477198208289,0.09175228017917114,0.001890453380873162,0.005969785464022816,-2.9382178507748793e-08,3.927091682872826e-05,0.9082477198208289,MIN_VARIANCE_BUDGET_AVAILABLE,False,2019-08-01,2019-08-01,2018-08-03,242,0.0,0.0,0.0,0.0,0.0
2019-09-02,0.9082477198208289,0.09175228017917114,0.0018904533808731627,0.005969785464022817,-2.9382178507748783e-08,3.927091682872827e-05,0.9082477198208289,MIN_VARIANCE_BUDGET_AVAILABLE,True,2019-09-02,2019-09-02,2018-09-04,242,0.0,0.0,0.0,0.0,0.0
2019-09-03,0.9082477198208289,0.09175228017917114,0.0018904533808731627,0.005969785464022817,-2.9382178507748783e-08,3.927091682872827e-05,0.9082477198208289,MIN_VARIANCE_BUDGET_AVAILABLE,False,2019-09-02,2019-09-02,2018-09-04,242,0.0,0.0,0.0,0.0,0.0
2019-09-04,0.9082477198208289,0.09175228017917114,0.0018904533808731627,0.005969785464022817,-2.9382178507748783e-08,3.927091682872827e-05,0.9082477198208289,MIN_VARIANCE_BUDGET_AVAILABLE,False,2019-09-02,2019-09-02,2018-09-04,242,0.0,0.0,0.0,0.0,0.0
2019-09-05,0.9082477198208289,0.09175228017917114,0.0018904533808731627,0.005969785464022817,-2.9382178507748783e-08,3.927091682872827e-05,0.9082477198208289,MIN_VARIANCE_BUDGET_AVAILABLE,False,2019-09-02,2019-09-02,2018-09-04,242,0.0,0.0,0.0,0.0,0.0
2019-09-06,0.9082477198208289,0.09175228017917114,0.0018904533808731627,0.005969785464022817,-2.9382178507748783e-08,3.927091682872827e-05,0.9082477198208289,MIN_VARIANCE_BUDGET_AVAILABLE,False,2019-09-02,2019-09-02,2018-09-04,242,0.0,0.0,0.0,0.0,0.0
2019-09-09,0.9082477198208289,0.09175228017917114,0.0018904533808731627,0.005969785464022817,-2.9382178507748783e-08,3.927091682872827e-05,0.9082477198208289,MIN_VARIANCE_BUDGET_AVAILABLE,False,2019-09-02,2019-09-02,2018-09-04,242,0.0,0.0,0.0,0.0,0.0
2019-09-10,0.9082477198208289,0.09175228017917114,0.0018904533808731627,0.005969785464022817,-2.9382178507748783e-08,3.927091682872827e-05,0.9082477198208289,MIN_VARIANCE_BUDGET_AVAILABLE,False,2019-09-02,2019-09-02,2018-09-04,242,0.0,0.0,0.0,0.0,0.0
2019-09-11,0.9082477198208289,0.09175228017917114,0.0018904533808731627,0.005969785464022817,-2.9382178507748783e-08,3.927091682872827e-05,0.9082477198208289,MIN_VARIANCE_BUDGET_AVAILABLE,False,2019-09-02,2019-09-02,2018-09-04,242,0.0,0.0,0.0,0.0,0.0
2019-09-12,0.9082477198208289,0.09175228017917114,0.0018904533808731627,0.005969785464022817,-2.9382178507748783e-08,3.927091682872827e-05,0.9082477198208289,MIN_VARIANCE_BUDGET_AVAILABLE,False,2019-09-02,2019-09-02,2018-09-04,242,0.0,0.0,0.0,0.0,0.0
2019-09-16,0.9082477198208289,0.09175228017917114,0.0018904533808731627,0.005969785464022817,-2.9382178507748783e-08,3.927091682872827e-05,0.9082477198208289,MIN_VARIANCE_BUDGET_AVAILABLE,False,2019-09-02,2019-09-02,2018-09-04,242,0.0,0.0,0.0,0.0,0.0
2019-09-17,0.9082477198208289,0.09175228017917114,0.0018904533808731627,0.005969785464022817,-2.9382178507748783e-08,3.927091682872827e-05,0.9082477198208289,MIN_VARIANCE_BUDGET_AVAILABLE,False,2019-09-02,2019-09-02,2018-09-04,242,0.0,0.0,0.0,0.0,0.0
2019-09-18,0.9082477198208289,0.09175228017917114,0.0018904533808731627,0.005969785464022817,-2.9382178507748783e-08,3.927091682872827e-05,0.9082477198208289,MIN_VARIANCE_BUDGET_AVAILABLE,False,2019-09-02,2019-09-02,2018-09-04,242,0.0,0.0,0.0,0.0,0.0
2019-09-19,0.9082477198208289,0.09175228017917114,0.0018904533808731627,0.005969785464022817,-2.9382178507748783e-08,3.927091682872827e-05,0.9082477198208289,MIN_VARIANCE_BUDGET_AVAILABLE,False,2019-09-02,2019-09-02,2018-09-04,242,0.0,0.0,0.0,0.0,0.0
2019-09-20,0.9082477198208289,0.09175228017917114,0.0018904533808731627,0.005969785464022817,-2.9382178507748783e-08,3.927091682872827e-05,0.9082477198208289,MIN_VARIANCE_BUDGET_AVAILABLE,False,2019-09-02,2019-09-02,2018-09-04,242,0.0,0.0,0.0,0.0,0.0
2019-09-23,0.9082477198208289,0.09175228017917114,0.0018904533808731627,0.005969785464022817,-2.9382178507748783e-08,3.927091682872827e-05,0.9082477198208289,MIN_VARIANCE_BUDGET_AVAILABLE,False,2019-09-02,2019-09-02,2018-09-04,242,0.0,0.0,0.0,0.0,0.0
2019-09-24,0.9082477198208289,0.09175228017917114,0.0018904533808731627,0.005969785464022817,-2.9382178507748783e-08,3.927091682872827e-05,0.9082477198208289,MIN_VARIANCE_BUDGET_AVAILABLE,False,2019-09-02,2019-09-02,2018-09-04,242,0.0,0.0,0.0,0.0,0.0
2019-09-25,0.9082477198208289,0.09175228017917114,0.0018904533808731627,0.005969785464022817,-2.9382178507748783e-08,3.927091682872827e-05,0.9082477198208289,MIN_VARIANCE_BUDGET_AVAILABLE,False,2019-09-02,2019-09-02,2018-09-04,242,0.0,0.0,0.0,0.0,0.0
2019-09-26,0.9082477198208289,0.09175228017917114,0.0018904533808731627,0.005969785464022817,-2.9382178507748783e-08,3.927091682872827e-05,0.9082477198208289,MIN_VARIANCE_BUDGET_AVAILABLE,False,2019-09-02,2019-09-02,2018-09-04,242,0.0,0.0,0.0,0.0,0.0
2019-09-27,0.9082477198208289,0.09175228017917114,0.0018904533808731627,0.005969785464022817,-2.9382178507748783e-08,3.927091682872827e-05,0.9082477198208289,MIN_VARIANCE_BUDGET_AVAILABLE,False,2019-09-02,2019-09-02,2018-09-04,242,0.0,0.0,0.0,0.0,0.0
2019-09-30,0.9082477198208289,0.09175228017917114,0.0018904533808731627,0.005969785464022817,-2.9382178507748783e-08,3.927091682872827e-05,0.9082477198208289,MIN_VARIANCE_BUDGET_AVAILABLE,False,2019-09-02,2019-09-02,2018-09-04,242,0.0,0.0,0.0,0.0,0.0
2019-10-08,0.9082518357303324,0.09174816426966759,0.0018904533808731634,0.005969441592734514,-2.8722888277459816e-08,3.926549269087837e-05,0.9082518357303324,MIN_VARIANCE_BUDGET_AVAILABLE,True,2019-10-08,2019-10-08,2018-10-10,242,0.0,0.0,0.0,0.0,0.0
2019-10-09,0.9082518357303324,0.09174816426966759,0.0018904533808731634,0.005969441592734514,-2.8722888277459816e-08,3.926549269087837e-05,0.9082518357303324,MIN_VARIANCE_BUDGET_AVAILABLE,False,2019-10-08,2019-10-08,2018-10-10,242,0.0,0.0,0.0,0.0,0.0
2019-10-10,0.9082518357303324,0.09174816426966759,0.0018904533808731634,0.005969441592734514,-2.8722888277459816e-08,3.926549269087837e-05,0.9082518357303324,MIN_VARIANCE_BUDGET_AVAILABLE,False,2019-10-08,2019-10-08,2018-10-10,242,0.0,0.0,0.0,0.0,0.0
2019-10-11,0.9082518357303324,0.09174816426966759,0.0018904533808731634,0.005969441592734514,-2.8722888277459816e-08,3.926549269087837e-05,0.9082518357303324,MIN_VARIANCE_BUDGET_AVAILABLE,False,2019-10-08,2019-10-08,2018-10-10,242,0.0,0.0,0.0,0.0,0.0
2019-10-14,0.9082518357303324,0.09174816426966759,0.0018904533808731634,0.005969441592734514,-2.8722888277459816e-08,3.926549269087837e-05,0.9082518357303324,MIN_VARIANCE_BUDGET_AVAILABLE,False,2019-10-08,2019-10-08,2018-10-10,242,0.0,0.0,0.0,0.0,0.0
2019-10-15,0.9082518357303324,0.09174816426966759,0.0018904533808731634,0.005969441592734514,-2.8722888277459816e-08,3.926549269087837e-05,0.9082518357303324,MIN_VARIANCE_BUDGET_AVAILABLE,False,2019-10-08,2019-10-08,2018-10-10,242,0.0,0.0,0.0,0.0,0.0
2019-10-16,0.9082518357303324,0.09174816426966759,0.0018904533808731634,0.005969441592734514,-2.8722888277459816e-08,3.926549269087837e-05,0.9082518357303324,MIN_VARIANCE_BUDGET_AVAILABLE,False,2019-10-08,2019-10-08,2018-10-10,242,0.0,0.0,0.0,0.0,0.0
2019-10-17,0.9082518357303324,0.09174816426966759,0.0018904533808731634,0.005969441592734514,-2.8722888277459816e-08,3.926549269087837e-05,0.9082518357303324,MIN_VARIANCE_BUDGET_AVAILABLE,False,2019-10-08,2019-10-08,2018-10-10,242,0.0,0.0,0.0,0.0,0.0
2019-10-18,0.9082518357303324,0.09174816426966759,0.0018904533808731634,0.005969441592734514,-2.8722888277459816e-08,3.926549269087837e-05,0.9082518357303324,MIN_VARIANCE_BUDGET_AVAILABLE,False,2019-10-08,2019-10-08,2018-10-10,242,0.0,0.0,0.0,0.0,0.0
2019-10-21,0.9082518357303324,0.09174816426966759,0.0018904533808731634,0.005969441592734514,-2.8722888277459816e-08,3.926549269087837e-05,0.9082518357303324,MIN_VARIANCE_BUDGET_AVAILABLE,False,2019-10-08,2019-10-08,2018-10-10,242,0.0,0.0,0.0,0.0,0.0
2019-10-22,0.9082518357303324,0.09174816426966759,0.0018904533808731634,0.005969441592734514,-2.8722888277459816e-08,3.926549269087837e-05,0.9082518357303324,MIN_VARIANCE_BUDGET_AVAILABLE,False,2019-10-08,2019-10-08,2018-10-10,242,0.0,0.0,0.0,0.0,0.0
2019-10-23,0.9082518357303324,0.09174816426966759,0.0018904533808731634,0.005969441592734514,-2.8722888277459816e-08,3.926549269087837e-05,0.9082518357303324,MIN_VARIANCE_BUDGET_AVAILABLE,False,2019-10-08,2019-10-08,2018-10-10,242,0.0,0.0,0.0,0.0,0.0
2019-10-24,0.9082518357303324,0.09174816426966759,0.0018904533808731634,0.005969441592734514,-2.8722888277459816e-08,3.926549269087837e-05,0.9082518357303324,MIN_VARIANCE_BUDGET_AVAILABLE,False,2019-10-08,2019-10-08,2018-10-10,242,0.0,0.0,0.0,0.0,0.0
2019-10-25,0.9082518357303324,0.09174816426966759,0.0018904533808731634,0.005969441592734514,-2.8722888277459816e-08,3.926549269087837e-05,0.9082518357303324,MIN_VARIANCE_BUDGET_AVAILABLE,False,2019-10-08,2019-10-08,2018-10-10,242,0.0,0.0,0.0,0.0,0.0
2019-10-28,0.9082518357303324,0.09174816426966759,0.0018904533808731634,0.005969441592734514,-2.8722888277459816e-08,3.926549269087837e-05,0.9082518357303324,MIN_VARIANCE_BUDGET_AVAILABLE,False,2019-10-08,2019-10-08,2018-10-10,242,0.0,0.0,0.0,0.0,0.0
2019-10-29,0.9082518357303324,0.09174816426966759,0.0018904533808731634,0.005969441592734514,-2.8722888277459816e-08,3.926549269087837e-05,0.9082518357303324,MIN_VARIANCE_BUDGET_AVAILABLE,False,2019-10-08,2019-10-08,2018-10-10,242,0.0,0.0,0.0,0.0,0.0
2019-10-30,0.9082518357303324,0.09174816426966759,0.0018904533808731634,0.005969441592734514,-2.8722888277459816e-08,3.926549269087837e-05,0.9082518357303324,MIN_VARIANCE_BUDGET_AVAILABLE,False,2019-10-08,2019-10-08,2018-10-10,242,0.0,0.0,0.0,0.0,0.0
2019-10-31,0.9082518357303324,0.09174816426966759,0.0018904533808731634,0.005969441592734514,-2.8722888277459816e-08,3.926549269087837e-05,0.9082518357303324,MIN_VARIANCE_BUDGET_AVAILABLE,False,2019-10-08,2019-10-08,2018-10-10,242,0.0,0.0,0.0,0.0,0.0
2019-11-01,0.9082518357303324,0.09174816426966759,0.0,0.004813541267773262,,,,NO_VIEW_ZERO_OR_INVALID_RISK_KEEP_BUDGET,True,2019-11-01,2019-10-08,2018-11-05,242,0.0,0.0,0.0,0.0,0.0
2019-11-04,0.9082518357303324,0.09174816426966759,0.0,0.004813541267773262,,,,NO_VIEW_ZERO_OR_INVALID_RISK_KEEP_BUDGET,False,2019-11-01,2019-10-08,2018-11-05,242,0.0,0.0,0.0,0.0,0.0
2019-11-05,0.9082518357303324,0.09174816426966759,0.0,0.004813541267773262,,,,NO_VIEW_ZERO_OR_INVALID_RISK_KEEP_BUDGET,False,2019-11-01,2019-10-08,2018-11-05,242,0.0,0.0,0.0,0.0,0.0
2019-11-06,0.9082518357303324,0.09174816426966759,0.0,0.004813541267773262,,,,NO_VIEW_ZERO_OR_INVALID_RISK_KEEP_BUDGET,False,2019-11-01,2019-10-08,2018-11-05,242,0.0,0.0,0.0,0.0,0.0
2019-11-07,0.9082518357303324,0.09174816426966759,0.0,0.004813541267773262,,,,NO_VIEW_ZERO_OR_INVALID_RISK_KEEP_BUDGET,False,2019-11-01,2019-10-08,2018-11-05,242,0.0,0.0,0.0,0.0,0.0
2019-11-08,0.9082518357303324,0.09174816426966759,0.0,0.004813541267773262,,,,NO_VIEW_ZERO_OR_INVALID_RISK_KEEP_BUDGET,False,2019-11-01,2019-10-08,2018-11-05,242,0.0,0.0,0.0,0.0,0.0
2019-11-11,0.9082518357303324,0.09174816426966759,0.0,0.004813541267773262,,,,NO_VIEW_ZERO_OR_INVALID_RISK_KEEP_BUDGET,False,2019-11-01,2019-10-08,2018-11-05,242,0.0,0.0,0.0,0.0,0.0
2019-11-12,0.9082518357303324,0.09174816426966759,0.0,0.004813541267773262,,,,NO_VIEW_ZERO_OR_INVALID_RISK_KEEP_BUDGET,False,2019-11-01,2019-10-08,2018-11-05,242,0.0,0.0,0.0,0.0,0.0
2019-11-13,0.9082518357303324,0.09174816426966759,0.0,0.004813541267773262,,,,NO_VIEW_ZERO_OR_INVALID_RISK_KEEP_BUDGET,False,2019-11-01,2019-10-08,2018-11-05,242,0.0,0.0,0.0,0.0,0.0
2019-11-14,0.9082518357303324,0.09174816426966759,0.0,0.004813541267773262,,,,NO_VIEW_ZERO_OR_INVALID_RISK_KEEP_BUDGET,False,2019-11-01,2019-10-08,2018-11-05,242,0.0,0.0,0.0,0.0,0.0
2019-11-15,0.9082518357303324,0.09174816426966759,0.0,0.004813541267773262,,,,NO_VIEW_ZERO_OR_INVALID_RISK_KEEP_BUDGET,False,2019-11-01,2019-10-08,2018-11-05,242,0.0,0.0,0.0,0.0,0.0
2019-11-18,0.9082518357303324,0.09174816426966759,0.0,0.004813541267773262,,,,NO_VIEW_ZERO_OR_INVALID_RISK_KEEP_BUDGET,False,2019-11-01,2019-10-08,2018-11-05,242,0.0,0.0,0.0,0.0,0.0
2019-11-19,0.9082518357303324,0.09174816426966759,0.0,0.004813541267773262,,,,NO_VIEW_ZERO_OR_INVALID_RISK_KEEP_BUDGET,False,2019-11-01,2019-10-08,2018-11-05,242,0.0,0.0,0.0,0.0,0.0
2019-11-20,0.9082518357303324,0.09174816426966759,0.0,0.004813541267773262,,,,NO_VIEW_ZERO_OR_INVALID_RISK_KEEP_BUDGET,False,2019-11-01,2019-10-08,2018-11-05,242,0.0,0.0,0.0,0.0,0.0
2019-11-21,0.9082518357303324,0.09174816426966759,0.0,0.004813541267773262,,,,NO_VIEW_ZERO_OR_INVALID_RISK_KEEP_BUDGET,False,2019-11-01,2019-10-08,2018-11-05,242,0.0,0.0,0.0,0.0,0.0
2019-11-22,0.9082518357303324,0.09174816426966759,0.0,0.004813541267773262,,,,NO_VIEW_ZERO_OR_INVALID_RISK_KEEP_BUDGET,False,2019-11-01,2019-10-08,2018-11-05,242,0.0,0.0,0.0,0.0,0.0
2019-11-25,0.9082518357303324,0.09174816426966759,0.0,0.004813541267773262,,,,NO_VIEW_ZERO_OR_INVALID_RISK_KEEP_BUDGET,False,2019-11-01,2019-10-08,2018-11-05,242,0.0,0.0,0.0,0.0,0.0
2019-11-26,0.9082518357303324,0.09174816426966759,0.0,0.004813541267773262,,,,NO_VIEW_ZERO_OR_INVALID_RISK_KEEP_BUDGET,False,2019-11-01,2019-10-08,2018-11-05,242,0.0,0.0,0.0,0.0,0.0
2019-11-27,0.9082518357303324,0.09174816426966759,0.0,0.004813541267773262,,,,NO_VIEW_ZERO_OR_INVALID_RISK_KEEP_BUDGET,False,2019-11-01,2019-10-08,2018-11-05,242,0.0,0.0,0.0,0.0,0.0
2019-11-28,0.9082518357303324,0.09174816426966759,0.0,0.004813541267773262,,,,NO_VIEW_ZERO_OR_INVALID_RISK_KEEP_BUDGET,False,2019-11-01,2019-10-08,2018-11-05,242,0.0,0.0,0.0,0.0,0.0
2019-11-29,0.9082518357303324,0.09174816426966759,0.0,0.004813541267773262,,,,NO_VIEW_ZERO_OR_INVALID_RISK_KEEP_BUDGET,False,2019-11-01,2019-10-08,2018-11-05,242,0.0,0.0,0.0,0.0,0.0
2019-12-02,0.9082518357303324,0.09174816426966759,0.0,0.004813541267773265,,,,NO_VIEW_ZERO_OR_INVALID_RISK_KEEP_BUDGET,True,2019-12-02,2019-10-08,2018-12-04,242,0.0,0.0,0.0,0.0,0.0
2019-12-03,0.9082518357303324,0.09174816426966759,0.0,0.004813541267773265,,,,NO_VIEW_ZERO_OR_INVALID_RISK_KEEP_BUDGET,False,2019-12-02,2019-10-08,2018-12-04,242,0.0,0.0,0.0,0.0,0.0
2019-12-04,0.9082518357303324,0.09174816426966759,0.0,0.004813541267773265,,,,NO_VIEW_ZERO_OR_INVALID_RISK_KEEP_BUDGET,False,2019-12-02,2019-10-08,2018-12-04,242,0.0,0.0,0.0,0.0,0.0
2019-12-05,0.9082518357303324,0.09174816426966759,0.0,0.004813541267773265,,,,NO_VIEW_ZERO_OR_INVALID_RISK_KEEP_BUDGET,False,2019-12-02,2019-10-08,2018-12-04,242,0.0,0.0,0.0,0.0,0.0
2019-12-06,0.9082518357303324,0.09174816426966759,0.0,0.004813541267773265,,,,NO_VIEW_ZERO_OR_INVALID_RISK_KEEP_BUDGET,False,2019-12-02,2019-10-08,2018-12-04,242,0.0,0.0,0.0,0.0,0.0
2019-12-09,0.9082518357303324,0.09174816426966759,0.0,0.004813541267773265,,,,NO_VIEW_ZERO_OR_INVALID_RISK_KEEP_BUDGET,False,2019-12-02,2019-10-08,2018-12-04,242,0.0,0.0,0.0,0.0,0.0
2019-12-10,0.9082518357303324,0.09174816426966759,0.0,0.004813541267773265,,,,NO_VIEW_ZERO_OR_INVALID_RISK_KEEP_BUDGET,False,2019-12-02,2019-10-08,2018-12-04,242,0.0,0.0,0.0,0.0,0.0
2019-12-11,0.9082518357303324,0.09174816426966759,0.0,0.004813541267773265,,,,NO_VIEW_ZERO_OR_INVALID_RISK_KEEP_BUDGET,False,2019-12-02,2019-10-08,2018-12-04,242,0.0,0.0,0.0,0.0,0.0
2019-12-12,0.9082518357303324,0.09174816426966759,0.0,0.004813541267773265,,,,NO_VIEW_ZERO_OR_INVALID_RISK_KEEP_BUDGET,False,2019-12-02,2019-10-08,2018-12-04,242,0.0,0.0,0.0,0.0,0.0
2019-12-13,0.9082518357303324,0.09174816426966759,0.0,0.004813541267773265,,,,NO_VIEW_ZERO_OR_INVALID_RISK_KEEP_BUDGET,False,2019-12-02,2019-10-08,2018-12-04,242,0.0,0.0,0.0,0.0,0.0
2019-12-16,0.9082518357303324,0.09174816426966759,0.0,0.004813541267773265,,,,NO_VIEW_ZERO_OR_INVALID_RISK_KEEP_BUDGET,False,2019-12-02,2019-10-08,2018-12-04,242,0.0,0.0,0.0,0.0,0.0
2019-12-17,0.9082518357303324,0.09174816426966759,0.0,0.004813541267773265,,,,NO_VIEW_ZERO_OR_INVALID_RISK_KEEP_BUDGET,False,2019-12-02,2019-10-08,2018-12-04,242,0.0,0.0,0.0,0.0,0.0
2019-12-18,0.9082518357303324,0.09174816426966759,0.0,0.004813541267773265,,,,NO_VIEW_ZERO_OR_INVALID_RISK_KEEP_BUDGET,False,2019-12-02,2019-10-08,2018-12-04,242,0.0,0.0,0.0,0.0,0.0
2019-12-19,0.9082518357303324,0.09174816426966759,0.0,0.004813541267773265,,,,NO_VIEW_ZERO_OR_INVALID_RISK_KEEP_BUDGET,False,2019-12-02,2019-10-08,2018-12-04,242,0.0,0.0,0.0,0.0,0.0
2019-12-20,0.9082518357303324,0.09174816426966759,0.0,0.004813541267773265,,,,NO_VIEW_ZERO_OR_INVALID_RISK_KEEP_BUDGET,False,2019-12-02,2019-10-08,2018-12-04,242,0.0,0.0,0.0,0.0,0.0
2019-12-23,0.9082518357303324,0.09174816426966759,0.0,0.004813541267773265,,,,NO_VIEW_ZERO_OR_INVALID_RISK_KEEP_BUDGET,False,2019-12-02,2019-10-08,2018-12-04,242,0.0,0.0,0.0,0.0,0.0
2019-12-24,0.9082518357303324,0.09174816426966759,0.0,0.004813541267773265,,,,NO_VIEW_ZERO_OR_INVALID_RISK_KEEP_BUDGET,False,2019-12-02,2019-10-08,2018-12-04,242,0.0,0.0,0.0,0.0,0.0
2019-12-25,0.9082518357303324,0.09174816426966759,0.0,0.004813541267773265,,,,NO_VIEW_ZERO_OR_INVALID_RISK_KEEP_BUDGET,False,2019-12-02,2019-10-08,2018-12-04,242,0.0,0.0,0.0,0.0,0.0
2019-12-26,0.9082518357303324,0.09174816426966759,0.0,0.004813541267773265,,,,NO_VIEW_ZERO_OR_INVALID_RISK_KEEP_BUDGET,False,2019-12-02,2019-10-08,2018-12-04,242,0.0,0.0,0.0,0.0,0.0
2019-12-27,0.9082518357303324,0.09174816426966759,0.0,0.004813541267773265,,,,NO_VIEW_ZERO_OR_INVALID_RISK_KEEP_BUDGET,False,2019-12-02,2019-10-08,2018-12-04,242,0.0,0.0,0.0,0.0,0.0
2019-12-30,0.9082518357303324,0.09174816426966759,0.0,0.004813541267773265,,,,NO_VIEW_ZERO_OR_INVALID_RISK_KEEP_BUDGET,False,2019-12-02,2019-10-08,2018-12-04,242,0.0,0.0,0.0,0.0,0.0
2019-12-31,,,,,,,,NO_VIEW_OUTSIDE_DECISION_PERIOD,False,,,,0,,,,0.0,0.0
