{
  "status": "PASS",
  "checked_at": "2026-08-18T09:30:08.392618+08:00",
  "collector": {
    "collector_id": "510300_PRIMARY_SECONDARY_FORWARD_V1",
    "symbol": "510300.SH",
    "fund_code": "510300",
    "timezone": "Asia/Shanghai",
    "timeout_seconds": 15,
    "observation_interval_seconds": 60,
    "collection_start_time": "09:30:00",
    "collection_end_time": "15:00:00",
    "collection_sessions": [
      [
        "09:30:00",
        "11:30:00"
      ],
      [
        "13:00:00",
        "15:00:00"
      ]
    ],
    "evidence_scope": "仅从实际接入日起的前向数据，不回填历史IOPV"
  },
  "checks": {
    "same_fund_code": true,
    "same_trade_date": true,
    "iopv_publication_enabled": true,
    "positive_iopv": true,
    "positive_last_price": true,
    "positive_creation_unit": true,
    "snapshot_fresh_during_collection_session": true
  },
  "freshness": {
    "during_collection_session": true,
    "clock_delay_seconds": 0.392618,
    "maximum_allowed_seconds_during_session": 180.0
  },
  "latest_pcf": {
    "trading_day": "2026-08-18",
    "previous_trading_day": "2026-08-17",
    "fund_code": "510300",
    "fund_name": "华泰柏瑞沪深300交易型开放式指数证券投资基金",
    "fund_company": "华泰柏瑞基金管理有限公司",
    "file_id": "1465021",
    "etf_type": "8",
    "nav": 4.8038,
    "nav_per_creation_unit": 4323446.47,
    "previous_cash_component": 108343.47,
    "estimated_cash_component": 108377.47,
    "maximum_cash_ratio": 0.5,
    "creation_redemption_unit": 900000,
    "component_count": 300,
    "publish_iopv": true,
    "creation_redemption_status": "申购和赎回皆允许",
    "creation_redemption_mechanism": "1",
    "creation_limit": null,
    "redemption_limit": 3600000000.0,
    "net_creation_limit": null,
    "net_redemption_limit": null,
    "creation_limit_per_account": null,
    "redemption_limit_per_account": null,
    "net_creation_limit_per_account": null,
    "net_redemption_limit_per_account": null,
    "source": "sse.COMMON_SSE_CP_JJLB_ETFJJGK_GGSGSHQD_JBXX_C",
    "retrieved_at": "2026-08-18T09:30:05.929758+08:00"
  },
  "latest_iopv": {
    "exchange_timestamp": "2026-08-18 09:30:08",
    "trade_date": "2026-08-18",
    "fund_code": "510300",
    "name": "300ETF",
    "extended_name": "沪深300ETF华泰柏瑞",
    "last_price": 4.792,
    "iopv": 4.7953,
    "premium_discount_bps": -6.881738368820223,
    "change_rate_pct": -0.19,
    "change_cny": -0.009,
    "open": 4.794,
    "previous_close": 4.801,
    "high": 4.794,
    "low": 4.791,
    "volume_shares": 3199000.0,
    "amount_cny": 15333256.0,
    "trade_phase_raw": "T111    ",
    "post_close_volume_shares": 0.0,
    "post_close_amount_cny": 0.0,
    "post_close_phase_raw": "A1      ",
    "product_subtype": "EBS",
    "source": "sse.yunhq.sh1.snap",
    "retrieved_at": "2026-08-18T09:30:08.349440+08:00"
  },
  "account_feasibility": {
    "reference_account_cny": 20000.0,
    "creation_unit_notional_cny": 4312800.0,
    "can_directly_create_or_redeem": false,
    "intended_use": "只用PCF和IOPV观察一级市场吸收状态，在二级市场交易510300"
  },
  "storage": {
    "pcf": {
      "file": "data/raw/primary_market/510300_pcf_daily.parquet",
      "row_count": 4,
      "first_key": "2026-08-13",
      "last_key": "2026-08-18",
      "sha256": "829c810ec802ff72ad6532eb5255f25a98fef36cad8dec5db46c14c5e37dac65"
    },
    "iopv": {
      "file": "data/raw/primary_market/510300_iopv_snapshots.parquet",
      "row_count": 157,
      "first_key": "2026-08-13 16:29:06",
      "last_key": "2026-08-18 09:30:08",
      "sha256": "84c433776741a40b77b7149744d0b500f9c486370e0ff1feb058f62655efecd9"
    }
  },
  "raw_response_files": [
    "data/raw/primary_market/raw/pcf/20260818/20260818T093004_095562+0800.json",
    "data/raw/primary_market/raw/iopv/20260818/20260818T093004_095562+0800.json"
  ],
  "governance": {
    "use_as_trading_signal": false,
    "automatic_ordering_authorized": false,
    "note": "当前只采集和纸面验证；未通过前向门槛前不得映射实盘仓位。"
  }
}
{
  "status": "PASS",
  "checked_at": "2026-08-18T09:31:09.781956+08:00",
  "collector": {
    "collector_id": "510300_PRIMARY_SECONDARY_FORWARD_V1",
    "symbol": "510300.SH",
    "fund_code": "510300",
    "timezone": "Asia/Shanghai",
    "timeout_seconds": 15,
    "observation_interval_seconds": 60,
    "collection_start_time": "09:30:00",
    "collection_end_time": "15:00:00",
    "collection_sessions": [
      [
        "09:30:00",
        "11:30:00"
      ],
      [
        "13:00:00",
        "15:00:00"
      ]
    ],
    "evidence_scope": "仅从实际接入日起的前向数据，不回填历史IOPV"
  },
  "checks": {
    "same_fund_code": true,
    "same_trade_date": true,
    "iopv_publication_enabled": true,
    "positive_iopv": true,
    "positive_last_price": true,
    "positive_creation_unit": true,
    "snapshot_fresh_during_collection_session": true
  },
  "freshness": {
    "during_collection_session": true,
    "clock_delay_seconds": 0.781956,
    "maximum_allowed_seconds_during_session": 180.0
  },
  "latest_pcf": {
    "trading_day": "2026-08-18",
    "previous_trading_day": "2026-08-17",
    "fund_code": "510300",
    "fund_name": "华泰柏瑞沪深300交易型开放式指数证券投资基金",
    "fund_company": "华泰柏瑞基金管理有限公司",
    "file_id": "1465021",
    "etf_type": "8",
    "nav": 4.8038,
    "nav_per_creation_unit": 4323446.47,
    "previous_cash_component": 108343.47,
    "estimated_cash_component": 108377.47,
    "maximum_cash_ratio": 0.5,
    "creation_redemption_unit": 900000,
    "component_count": 300,
    "publish_iopv": true,
    "creation_redemption_status": "申购和赎回皆允许",
    "creation_redemption_mechanism": "1",
    "creation_limit": null,
    "redemption_limit": 3600000000.0,
    "net_creation_limit": null,
    "net_redemption_limit": null,
    "creation_limit_per_account": null,
    "redemption_limit_per_account": null,
    "net_creation_limit_per_account": null,
    "net_redemption_limit_per_account": null,
    "source": "sse.COMMON_SSE_CP_JJLB_ETFJJGK_GGSGSHQD_JBXX_C",
    "retrieved_at": "2026-08-18T09:30:05.929758+08:00"
  },
  "latest_iopv": {
    "exchange_timestamp": "2026-08-18 09:31:09",
    "trade_date": "2026-08-18",
    "fund_code": "510300",
    "name": "300ETF",
    "extended_name": "沪深300ETF华泰柏瑞",
    "last_price": 4.799,
    "iopv": 4.801,
    "premium_discount_bps": -4.165798791917474,
    "change_rate_pct": -0.04,
    "change_cny": -0.002,
    "open": 4.794,
    "previous_close": 4.801,
    "high": 4.799,
    "low": 4.787,
    "volume_shares": 17843619.0,
    "amount_cny": 85536414.0,
    "trade_phase_raw": "T111    ",
    "post_close_volume_shares": 0.0,
    "post_close_amount_cny": 0.0,
    "post_close_phase_raw": "A1      ",
    "product_subtype": "EBS",
    "source": "sse.yunhq.sh1.snap",
    "retrieved_at": "2026-08-18T09:31:09.757091+08:00"
  },
  "account_feasibility": {
    "reference_account_cny": 20000.0,
    "creation_unit_notional_cny": 4319100.0,
    "can_directly_create_or_redeem": false,
    "intended_use": "只用PCF和IOPV观察一级市场吸收状态，在二级市场交易510300"
  },
  "storage": {
    "pcf": {
      "file": "data/raw/primary_market/510300_pcf_daily.parquet",
      "row_count": 4,
      "first_key": "2026-08-13",
      "last_key": "2026-08-18",
      "sha256": "829c810ec802ff72ad6532eb5255f25a98fef36cad8dec5db46c14c5e37dac65"
    },
    "iopv": {
      "file": "data/raw/primary_market/510300_iopv_snapshots.parquet",
      "row_count": 158,
      "first_key": "2026-08-13 16:29:06",
      "last_key": "2026-08-18 09:31:09",
      "sha256": "be3a93d89f1bbe03cef209b485900b002dab98f8fc87a50205c15262abb7fda2"
    }
  },
  "raw_response_files": [
    "data/raw/primary_market/raw/iopv/20260818/20260818T093108_404782+0800.json"
  ],
  "governance": {
    "use_as_trading_signal": false,
    "automatic_ordering_authorized": false,
    "note": "当前只采集和纸面验证；未通过前向门槛前不得映射实盘仓位。"
  }
}
{
  "status": "PASS",
  "checked_at": "2026-08-18T09:32:11.233027+08:00",
  "collector": {
    "collector_id": "510300_PRIMARY_SECONDARY_FORWARD_V1",
    "symbol": "510300.SH",
    "fund_code": "510300",
    "timezone": "Asia/Shanghai",
    "timeout_seconds": 15,
    "observation_interval_seconds": 60,
    "collection_start_time": "09:30:00",
    "collection_end_time": "15:00:00",
    "collection_sessions": [
      [
        "09:30:00",
        "11:30:00"
      ],
      [
        "13:00:00",
        "15:00:00"
      ]
    ],
    "evidence_scope": "仅从实际接入日起的前向数据，不回填历史IOPV"
  },
  "checks": {
    "same_fund_code": true,
    "same_trade_date": true,
    "iopv_publication_enabled": true,
    "positive_iopv": true,
    "positive_last_price": true,
    "positive_creation_unit": true,
    "snapshot_fresh_during_collection_session": true
  },
  "freshness": {
    "during_collection_session": true,
    "clock_delay_seconds": 0.233027,
    "maximum_allowed_seconds_during_session": 180.0
  },
  "latest_pcf": {
    "trading_day": "2026-08-18",
    "previous_trading_day": "2026-08-17",
    "fund_code": "510300",
    "fund_name": "华泰柏瑞沪深300交易型开放式指数证券投资基金",
    "fund_company": "华泰柏瑞基金管理有限公司",
    "file_id": "1465021",
    "etf_type": "8",
    "nav": 4.8038,
    "nav_per_creation_unit": 4323446.47,
    "previous_cash_component": 108343.47,
    "estimated_cash_component": 108377.47,
    "maximum_cash_ratio": 0.5,
    "creation_redemption_unit": 900000,
    "component_count": 300,
    "publish_iopv": true,
    "creation_redemption_status": "申购和赎回皆允许",
    "creation_redemption_mechanism": "1",
    "creation_limit": null,
    "redemption_limit": 3600000000.0,
    "net_creation_limit": null,
    "net_redemption_limit": null,
    "creation_limit_per_account": null,
    "redemption_limit_per_account": null,
    "net_creation_limit_per_account": null,
    "net_redemption_limit_per_account": null,
    "source": "sse.COMMON_SSE_CP_JJLB_ETFJJGK_GGSGSHQD_JBXX_C",
    "retrieved_at": "2026-08-18T09:30:05.929758+08:00"
  },
  "latest_iopv": {
    "exchange_timestamp": "2026-08-18 09:32:11",
    "trade_date": "2026-08-18",
    "fund_code": "510300",
    "name": "300ETF",
    "extended_name": "沪深300ETF华泰柏瑞",
    "last_price": 4.797,
    "iopv": 4.8002,
    "premium_discount_bps": -6.666388900463671,
    "change_rate_pct": -0.08,
    "change_cny": -0.004,
    "open": 4.794,
    "previous_close": 4.801,
    "high": 4.8,
    "low": 4.787,
    "volume_shares": 25259119.0,
    "amount_cny": 121111103.0,
    "trade_phase_raw": "T111    ",
    "post_close_volume_shares": 0.0,
    "post_close_amount_cny": 0.0,
    "post_close_phase_raw": "A1      ",
    "product_subtype": "EBS",
    "source": "sse.yunhq.sh1.snap",
    "retrieved_at": "2026-08-18T09:32:11.195582+08:00"
  },
  "account_feasibility": {
    "reference_account_cny": 20000.0,
    "creation_unit_notional_cny": 4317300.0,
    "can_directly_create_or_redeem": false,
    "intended_use": "只用PCF和IOPV观察一级市场吸收状态，在二级市场交易510300"
  },
  "storage": {
    "pcf": {
      "file": "data/raw/primary_market/510300_pcf_daily.parquet",
      "row_count": 4,
      "first_key": "2026-08-13",
      "last_key": "2026-08-18",
      "sha256": "829c810ec802ff72ad6532eb5255f25a98fef36cad8dec5db46c14c5e37dac65"
    },
    "iopv": {
      "file": "data/raw/primary_market/510300_iopv_snapshots.parquet",
      "row_count": 159,
      "first_key": "2026-08-13 16:29:06",
      "last_key": "2026-08-18 09:32:11",
      "sha256": "668fe3e40a787d1b56ce1085b148a309a622c4519ee151ba0b35bd7b8b6e41d0"
    }
  },
  "raw_response_files": [
    "data/raw/primary_market/raw/iopv/20260818/20260818T093209_793921+0800.json"
  ],
  "governance": {
    "use_as_trading_signal": false,
    "automatic_ordering_authorized": false,
    "note": "当前只采集和纸面验证；未通过前向门槛前不得映射实盘仓位。"
  }
}
{
  "status": "PASS",
  "checked_at": "2026-08-18T09:33:12.501565+08:00",
  "collector": {
    "collector_id": "510300_PRIMARY_SECONDARY_FORWARD_V1",
    "symbol": "510300.SH",
    "fund_code": "510300",
    "timezone": "Asia/Shanghai",
    "timeout_seconds": 15,
    "observation_interval_seconds": 60,
    "collection_start_time": "09:30:00",
    "collection_end_time": "15:00:00",
    "collection_sessions": [
      [
        "09:30:00",
        "11:30:00"
      ],
      [
        "13:00:00",
        "15:00:00"
      ]
    ],
    "evidence_scope": "仅从实际接入日起的前向数据，不回填历史IOPV"
  },
  "checks": {
    "same_fund_code": true,
    "same_trade_date": true,
    "iopv_publication_enabled": true,
    "positive_iopv": true,
    "positive_last_price": true,
    "positive_creation_unit": true,
    "snapshot_fresh_during_collection_session": true
  },
  "freshness": {
    "during_collection_session": true,
    "clock_delay_seconds": 0.501565,
    "maximum_allowed_seconds_during_session": 180.0
  },
  "latest_pcf": {
    "trading_day": "2026-08-18",
    "previous_trading_day": "2026-08-17",
    "fund_code": "510300",
    "fund_name": "华泰柏瑞沪深300交易型开放式指数证券投资基金",
    "fund_company": "华泰柏瑞基金管理有限公司",
    "file_id": "1465021",
    "etf_type": "8",
    "nav": 4.8038,
    "nav_per_creation_unit": 4323446.47,
    "previous_cash_component": 108343.47,
    "estimated_cash_component": 108377.47,
    "maximum_cash_ratio": 0.5,
    "creation_redemption_unit": 900000,
    "component_count": 300,
    "publish_iopv": true,
    "creation_redemption_status": "申购和赎回皆允许",
    "creation_redemption_mechanism": "1",
    "creation_limit": null,
    "redemption_limit": 3600000000.0,
    "net_creation_limit": null,
    "net_redemption_limit": null,
    "creation_limit_per_account": null,
    "redemption_limit_per_account": null,
    "net_creation_limit_per_account": null,
    "net_redemption_limit_per_account": null,
    "source": "sse.COMMON_SSE_CP_JJLB_ETFJJGK_GGSGSHQD_JBXX_C",
    "retrieved_at": "2026-08-18T09:30:05.929758+08:00"
  },
  "latest_iopv": {
    "exchange_timestamp": "2026-08-18 09:33:12",
    "trade_date": "2026-08-18",
    "fund_code": "510300",
    "name": "300ETF",
    "extended_name": "沪深300ETF华泰柏瑞",
    "last_price": 4.797,
    "iopv": 4.8023,
    "premium_discount_bps": -11.036378402016211,
    "change_rate_pct": -0.08,
    "change_cny": -0.004,
    "open": 4.794,
    "previous_close": 4.801,
    "high": 4.8,
    "low": 4.787,
    "volume_shares": 38575219.0,
    "amount_cny": 184988667.0,
    "trade_phase_raw": "T111    ",
    "post_close_volume_shares": 0.0,
    "post_close_amount_cny": 0.0,
    "post_close_phase_raw": "A1      ",
    "product_subtype": "EBS",
    "source": "sse.yunhq.sh1.snap",
    "retrieved_at": "2026-08-18T09:33:12.464779+08:00"
  },
  "account_feasibility": {
    "reference_account_cny": 20000.0,
    "creation_unit_notional_cny": 4317300.0,
    "can_directly_create_or_redeem": false,
    "intended_use": "只用PCF和IOPV观察一级市场吸收状态，在二级市场交易510300"
  },
  "storage": {
    "pcf": {
      "file": "data/raw/primary_market/510300_pcf_daily.parquet",
      "row_count": 4,
      "first_key": "2026-08-13",
      "last_key": "2026-08-18",
      "sha256": "829c810ec802ff72ad6532eb5255f25a98fef36cad8dec5db46c14c5e37dac65"
    },
    "iopv": {
      "file": "data/raw/primary_market/510300_iopv_snapshots.parquet",
      "row_count": 160,
      "first_key": "2026-08-13 16:29:06",
      "last_key": "2026-08-18 09:33:12",
      "sha256": "bc60b853b6382262ffba3db1446b1de71f4676d7f600b4a805bccd0e94f9a404"
    }
  },
  "raw_response_files": [
    "data/raw/primary_market/raw/iopv/20260818/20260818T093311_243658+0800.json"
  ],
  "governance": {
    "use_as_trading_signal": false,
    "automatic_ordering_authorized": false,
    "note": "当前只采集和纸面验证；未通过前向门槛前不得映射实盘仓位。"
  }
}
{
  "status": "PASS",
  "checked_at": "2026-08-18T09:34:14.535018+08:00",
  "collector": {
    "collector_id": "510300_PRIMARY_SECONDARY_FORWARD_V1",
    "symbol": "510300.SH",
    "fund_code": "510300",
    "timezone": "Asia/Shanghai",
    "timeout_seconds": 15,
    "observation_interval_seconds": 60,
    "collection_start_time": "09:30:00",
    "collection_end_time": "15:00:00",
    "collection_sessions": [
      [
        "09:30:00",
        "11:30:00"
      ],
      [
        "13:00:00",
        "15:00:00"
      ]
    ],
    "evidence_scope": "仅从实际接入日起的前向数据，不回填历史IOPV"
  },
  "checks": {
    "same_fund_code": true,
    "same_trade_date": true,
    "iopv_publication_enabled": true,
    "positive_iopv": true,
    "positive_last_price": true,
    "positive_creation_unit": true,
    "snapshot_fresh_during_collection_session": true
  },
  "freshness": {
    "during_collection_session": true,
    "clock_delay_seconds": 0.535018,
    "maximum_allowed_seconds_during_session": 180.0
  },
  "latest_pcf": {
    "trading_day": "2026-08-18",
    "previous_trading_day": "2026-08-17",
    "fund_code": "510300",
    "fund_name": "华泰柏瑞沪深300交易型开放式指数证券投资基金",
    "fund_company": "华泰柏瑞基金管理有限公司",
    "file_id": "1465021",
    "etf_type": "8",
    "nav": 4.8038,
    "nav_per_creation_unit": 4323446.47,
    "previous_cash_component": 108343.47,
    "estimated_cash_component": 108377.47,
    "maximum_cash_ratio": 0.5,
    "creation_redemption_unit": 900000,
    "component_count": 300,
    "publish_iopv": true,
    "creation_redemption_status": "申购和赎回皆允许",
    "creation_redemption_mechanism": "1",
    "creation_limit": null,
    "redemption_limit": 3600000000.0,
    "net_creation_limit": null,
    "net_redemption_limit": null,
    "creation_limit_per_account": null,
    "redemption_limit_per_account": null,
    "net_creation_limit_per_account": null,
    "net_redemption_limit_per_account": null,
    "source": "sse.COMMON_SSE_CP_JJLB_ETFJJGK_GGSGSHQD_JBXX_C",
    "retrieved_at": "2026-08-18T09:30:05.929758+08:00"
  },
  "latest_iopv": {
    "exchange_timestamp": "2026-08-18 09:34:14",
    "trade_date": "2026-08-18",
    "fund_code": "510300",
    "name": "300ETF",
    "extended_name": "沪深300ETF华泰柏瑞",
    "last_price": 4.792,
    "iopv": 4.7958,
    "premium_discount_bps": -7.923599816506144,
    "change_rate_pct": -0.19,
    "change_cny": -0.009,
    "open": 4.794,
    "previous_close": 4.801,
    "high": 4.8,
    "low": 4.787,
    "volume_shares": 47643019.0,
    "amount_cny": 228469862.0,
    "trade_phase_raw": "T111    ",
    "post_close_volume_shares": 0.0,
    "post_close_amount_cny": 0.0,
    "post_close_phase_raw": "A1      ",
    "product_subtype": "EBS",
    "source": "sse.yunhq.sh1.snap",
    "retrieved_at": "2026-08-18T09:34:14.497893+08:00"
  },
  "account_feasibility": {
    "reference_account_cny": 20000.0,
    "creation_unit_notional_cny": 4312800.0,
    "can_directly_create_or_redeem": false,
    "intended_use": "只用PCF和IOPV观察一级市场吸收状态，在二级市场交易510300"
  },
  "storage": {
    "pcf": {
      "file": "data/raw/primary_market/510300_pcf_daily.parquet",
      "row_count": 4,
      "first_key": "2026-08-13",
      "last_key": "2026-08-18",
      "sha256": "829c810ec802ff72ad6532eb5255f25a98fef36cad8dec5db46c14c5e37dac65"
    },
    "iopv": {
      "file": "data/raw/primary_market/510300_iopv_snapshots.parquet",
      "row_count": 161,
      "first_key": "2026-08-13 16:29:06",
      "last_key": "2026-08-18 09:34:14",
      "sha256": "386dd93e0339d9e1bfa8aef46daafbe1f00b30194d58abbbdcd42cef5caaceab"
    }
  },
  "raw_response_files": [
    "data/raw/primary_market/raw/iopv/20260818/20260818T093412_512890+0800.json"
  ],
  "governance": {
    "use_as_trading_signal": false,
    "automatic_ordering_authorized": false,
    "note": "当前只采集和纸面验证；未通过前向门槛前不得映射实盘仓位。"
  }
}
{
  "status": "PASS",
  "checked_at": "2026-08-18T09:35:15.816175+08:00",
  "collector": {
    "collector_id": "510300_PRIMARY_SECONDARY_FORWARD_V1",
    "symbol": "510300.SH",
    "fund_code": "510300",
    "timezone": "Asia/Shanghai",
    "timeout_seconds": 15,
    "observation_interval_seconds": 60,
    "collection_start_time": "09:30:00",
    "collection_end_time": "15:00:00",
    "collection_sessions": [
      [
        "09:30:00",
        "11:30:00"
      ],
      [
        "13:00:00",
        "15:00:00"
      ]
    ],
    "evidence_scope": "仅从实际接入日起的前向数据，不回填历史IOPV"
  },
  "checks": {
    "same_fund_code": true,
    "same_trade_date": true,
    "iopv_publication_enabled": true,
    "positive_iopv": true,
    "positive_last_price": true,
    "positive_creation_unit": true,
    "snapshot_fresh_during_collection_session": true
  },
  "freshness": {
    "during_collection_session": true,
    "clock_delay_seconds": 0.816175,
    "maximum_allowed_seconds_during_session": 180.0
  },
  "latest_pcf": {
    "trading_day": "2026-08-18",
    "previous_trading_day": "2026-08-17",
    "fund_code": "510300",
    "fund_name": "华泰柏瑞沪深300交易型开放式指数证券投资基金",
    "fund_company": "华泰柏瑞基金管理有限公司",
    "file_id": "1465021",
    "etf_type": "8",
    "nav": 4.8038,
    "nav_per_creation_unit": 4323446.47,
    "previous_cash_component": 108343.47,
    "estimated_cash_component": 108377.47,
    "maximum_cash_ratio": 0.5,
    "creation_redemption_unit": 900000,
    "component_count": 300,
    "publish_iopv": true,
    "creation_redemption_status": "申购和赎回皆允许",
    "creation_redemption_mechanism": "1",
    "creation_limit": null,
    "redemption_limit": 3600000000.0,
    "net_creation_limit": null,
    "net_redemption_limit": null,
    "creation_limit_per_account": null,
    "redemption_limit_per_account": null,
    "net_creation_limit_per_account": null,
    "net_redemption_limit_per_account": null,
    "source": "sse.COMMON_SSE_CP_JJLB_ETFJJGK_GGSGSHQD_JBXX_C",
    "retrieved_at": "2026-08-18T09:30:05.929758+08:00"
  },
  "latest_iopv": {
    "exchange_timestamp": "2026-08-18 09:35:15",
    "trade_date": "2026-08-18",
    "fund_code": "510300",
    "name": "300ETF",
    "extended_name": "沪深300ETF华泰柏瑞",
    "last_price": 4.794,
    "iopv": 4.7984,
    "premium_discount_bps": -9.169723241081451,
    "change_rate_pct": -0.15,
    "change_cny": -0.007,
    "open": 4.794,
    "previous_close": 4.801,
    "high": 4.8,
    "low": 4.787,
    "volume_shares": 65382919.0,
    "amount_cny": 313502441.0,
    "trade_phase_raw": "T111    ",
    "post_close_volume_shares": 0.0,
    "post_close_amount_cny": 0.0,
    "post_close_phase_raw": "A1      ",
    "product_subtype": "EBS",
    "source": "sse.yunhq.sh1.snap",
    "retrieved_at": "2026-08-18T09:35:15.772150+08:00"
  },
  "account_feasibility": {
    "reference_account_cny": 20000.0,
    "creation_unit_notional_cny": 4314600.0,
    "can_directly_create_or_redeem": false,
    "intended_use": "只用PCF和IOPV观察一级市场吸收状态，在二级市场交易510300"
  },
  "storage": {
    "pcf": {
      "file": "data/raw/primary_market/510300_pcf_daily.parquet",
      "row_count": 4,
      "first_key": "2026-08-13",
      "last_key": "2026-08-18",
      "sha256": "829c810ec802ff72ad6532eb5255f25a98fef36cad8dec5db46c14c5e37dac65"
    },
    "iopv": {
      "file": "data/raw/primary_market/510300_iopv_snapshots.parquet",
      "row_count": 162,
      "first_key": "2026-08-13 16:29:06",
      "last_key": "2026-08-18 09:35:15",
      "sha256": "f71171328c4e74624a92de16600824bbf1c660974545c46961060ebaa620e7d5"
    }
  },
  "raw_response_files": [
    "data/raw/primary_market/raw/iopv/20260818/20260818T093514_548578+0800.json"
  ],
  "governance": {
    "use_as_trading_signal": false,
    "automatic_ordering_authorized": false,
    "note": "当前只采集和纸面验证；未通过前向门槛前不得映射实盘仓位。"
  }
}
{
  "status": "PASS",
  "checked_at": "2026-08-18T09:36:17.149319+08:00",
  "collector": {
    "collector_id": "510300_PRIMARY_SECONDARY_FORWARD_V1",
    "symbol": "510300.SH",
    "fund_code": "510300",
    "timezone": "Asia/Shanghai",
    "timeout_seconds": 15,
    "observation_interval_seconds": 60,
    "collection_start_time": "09:30:00",
    "collection_end_time": "15:00:00",
    "collection_sessions": [
      [
        "09:30:00",
        "11:30:00"
      ],
      [
        "13:00:00",
        "15:00:00"
      ]
    ],
    "evidence_scope": "仅从实际接入日起的前向数据，不回填历史IOPV"
  },
  "checks": {
    "same_fund_code": true,
    "same_trade_date": true,
    "iopv_publication_enabled": true,
    "positive_iopv": true,
    "positive_last_price": true,
    "positive_creation_unit": true,
    "snapshot_fresh_during_collection_session": true
  },
  "freshness": {
    "during_collection_session": true,
    "clock_delay_seconds": 0.149319,
    "maximum_allowed_seconds_during_session": 180.0
  },
  "latest_pcf": {
    "trading_day": "2026-08-18",
    "previous_trading_day": "2026-08-17",
    "fund_code": "510300",
    "fund_name": "华泰柏瑞沪深300交易型开放式指数证券投资基金",
    "fund_company": "华泰柏瑞基金管理有限公司",
    "file_id": "1465021",
    "etf_type": "8",
    "nav": 4.8038,
    "nav_per_creation_unit": 4323446.47,
    "previous_cash_component": 108343.47,
    "estimated_cash_component": 108377.47,
    "maximum_cash_ratio": 0.5,
    "creation_redemption_unit": 900000,
    "component_count": 300,
    "publish_iopv": true,
    "creation_redemption_status": "申购和赎回皆允许",
    "creation_redemption_mechanism": "1",
    "creation_limit": null,
    "redemption_limit": 3600000000.0,
    "net_creation_limit": null,
    "net_redemption_limit": null,
    "creation_limit_per_account": null,
    "redemption_limit_per_account": null,
    "net_creation_limit_per_account": null,
    "net_redemption_limit_per_account": null,
    "source": "sse.COMMON_SSE_CP_JJLB_ETFJJGK_GGSGSHQD_JBXX_C",
    "retrieved_at": "2026-08-18T09:30:05.929758+08:00"
  },
  "latest_iopv": {
    "exchange_timestamp": "2026-08-18 09:36:17",
    "trade_date": "2026-08-18",
    "fund_code": "510300",
    "name": "300ETF",
    "extended_name": "沪深300ETF华泰柏瑞",
    "last_price": 4.793,
    "iopv": 4.7977,
    "premium_discount_bps": -9.79636075619461,
    "change_rate_pct": -0.17,
    "change_cny": -0.008,
    "open": 4.794,
    "previous_close": 4.801,
    "high": 4.8,
    "low": 4.787,
    "volume_shares": 75948619.0,
    "amount_cny": 364165379.0,
    "trade_phase_raw": "T111    ",
    "post_close_volume_shares": 0.0,
    "post_close_amount_cny": 0.0,
    "post_close_phase_raw": "A1      ",
    "product_subtype": "EBS",
    "source": "sse.yunhq.sh1.snap",
    "retrieved_at": "2026-08-18T09:36:17.112950+08:00"
  },
  "account_feasibility": {
    "reference_account_cny": 20000.0,
    "creation_unit_notional_cny": 4313700.0,
    "can_directly_create_or_redeem": false,
    "intended_use": "只用PCF和IOPV观察一级市场吸收状态，在二级市场交易510300"
  },
  "storage": {
    "pcf": {
      "file": "data/raw/primary_market/510300_pcf_daily.parquet",
      "row_count": 4,
      "first_key": "2026-08-13",
      "last_key": "2026-08-18",
      "sha256": "829c810ec802ff72ad6532eb5255f25a98fef36cad8dec5db46c14c5e37dac65"
    },
    "iopv": {
      "file": "data/raw/primary_market/510300_iopv_snapshots.parquet",
      "row_count": 163,
      "first_key": "2026-08-13 16:29:06",
      "last_key": "2026-08-18 09:36:17",
      "sha256": "a20ab25694f4ff278eda25a97c43ee0aed523e64bb93d1b5935ddcd595b479d7"
    }
  },
  "raw_response_files": [
    "data/raw/primary_market/raw/iopv/20260818/20260818T093615_828209+0800.json"
  ],
  "governance": {
    "use_as_trading_signal": false,
    "automatic_ordering_authorized": false,
    "note": "当前只采集和纸面验证；未通过前向门槛前不得映射实盘仓位。"
  }
}
{
  "status": "PASS",
  "checked_at": "2026-08-18T09:37:18.627117+08:00",
  "collector": {
    "collector_id": "510300_PRIMARY_SECONDARY_FORWARD_V1",
    "symbol": "510300.SH",
    "fund_code": "510300",
    "timezone": "Asia/Shanghai",
    "timeout_seconds": 15,
    "observation_interval_seconds": 60,
    "collection_start_time": "09:30:00",
    "collection_end_time": "15:00:00",
    "collection_sessions": [
      [
        "09:30:00",
        "11:30:00"
      ],
      [
        "13:00:00",
        "15:00:00"
      ]
    ],
    "evidence_scope": "仅从实际接入日起的前向数据，不回填历史IOPV"
  },
  "checks": {
    "same_fund_code": true,
    "same_trade_date": true,
    "iopv_publication_enabled": true,
    "positive_iopv": true,
    "positive_last_price": true,
    "positive_creation_unit": true,
    "snapshot_fresh_during_collection_session": true
  },
  "freshness": {
    "during_collection_session": true,
    "clock_delay_seconds": 0.627117,
    "maximum_allowed_seconds_during_session": 180.0
  },
  "latest_pcf": {
    "trading_day": "2026-08-18",
    "previous_trading_day": "2026-08-17",
    "fund_code": "510300",
    "fund_name": "华泰柏瑞沪深300交易型开放式指数证券投资基金",
    "fund_company": "华泰柏瑞基金管理有限公司",
    "file_id": "1465021",
    "etf_type": "8",
    "nav": 4.8038,
    "nav_per_creation_unit": 4323446.47,
    "previous_cash_component": 108343.47,
    "estimated_cash_component": 108377.47,
    "maximum_cash_ratio": 0.5,
    "creation_redemption_unit": 900000,
    "component_count": 300,
    "publish_iopv": true,
    "creation_redemption_status": "申购和赎回皆允许",
    "creation_redemption_mechanism": "1",
    "creation_limit": null,
    "redemption_limit": 3600000000.0,
    "net_creation_limit": null,
    "net_redemption_limit": null,
    "creation_limit_per_account": null,
    "redemption_limit_per_account": null,
    "net_creation_limit_per_account": null,
    "net_redemption_limit_per_account": null,
    "source": "sse.COMMON_SSE_CP_JJLB_ETFJJGK_GGSGSHQD_JBXX_C",
    "retrieved_at": "2026-08-18T09:30:05.929758+08:00"
  },
  "latest_iopv": {
    "exchange_timestamp": "2026-08-18 09:37:18",
    "trade_date": "2026-08-18",
    "fund_code": "510300",
    "name": "300ETF",
    "extended_name": "沪深300ETF华泰柏瑞",
    "last_price": 4.794,
    "iopv": 4.7977,
    "premium_discount_bps": -7.712028680409988,
    "change_rate_pct": -0.15,
    "change_cny": -0.007,
    "open": 4.794,
    "previous_close": 4.801,
    "high": 4.8,
    "low": 4.787,
    "volume_shares": 96216519.0,
    "amount_cny": 461337595.0,
    "trade_phase_raw": "T111    ",
    "post_close_volume_shares": 0.0,
    "post_close_amount_cny": 0.0,
    "post_close_phase_raw": "A1      ",
    "product_subtype": "EBS",
    "source": "sse.yunhq.sh1.snap",
    "retrieved_at": "2026-08-18T09:37:18.591557+08:00"
  },
  "account_feasibility": {
    "reference_account_cny": 20000.0,
    "creation_unit_notional_cny": 4314600.0,
    "can_directly_create_or_redeem": false,
    "intended_use": "只用PCF和IOPV观察一级市场吸收状态，在二级市场交易510300"
  },
  "storage": {
    "pcf": {
      "file": "data/raw/primary_market/510300_pcf_daily.parquet",
      "row_count": 4,
      "first_key": "2026-08-13",
      "last_key": "2026-08-18",
      "sha256": "829c810ec802ff72ad6532eb5255f25a98fef36cad8dec5db46c14c5e37dac65"
    },
    "iopv": {
      "file": "data/raw/primary_market/510300_iopv_snapshots.parquet",
      "row_count": 164,
      "first_key": "2026-08-13 16:29:06",
      "last_key": "2026-08-18 09:37:18",
      "sha256": "434320929ce79d769b128e853871564f50cd56153c87da7a20c9777b62bd61b6"
    }
  },
  "raw_response_files": [
    "data/raw/primary_market/raw/iopv/20260818/20260818T093717_160254+0800.json"
  ],
  "governance": {
    "use_as_trading_signal": false,
    "automatic_ordering_authorized": false,
    "note": "当前只采集和纸面验证；未通过前向门槛前不得映射实盘仓位。"
  }
}
{
  "status": "PASS",
  "checked_at": "2026-08-18T09:38:19.966922+08:00",
  "collector": {
    "collector_id": "510300_PRIMARY_SECONDARY_FORWARD_V1",
    "symbol": "510300.SH",
    "fund_code": "510300",
    "timezone": "Asia/Shanghai",
    "timeout_seconds": 15,
    "observation_interval_seconds": 60,
    "collection_start_time": "09:30:00",
    "collection_end_time": "15:00:00",
    "collection_sessions": [
      [
        "09:30:00",
        "11:30:00"
      ],
      [
        "13:00:00",
        "15:00:00"
      ]
    ],
    "evidence_scope": "仅从实际接入日起的前向数据，不回填历史IOPV"
  },
  "checks": {
    "same_fund_code": true,
    "same_trade_date": true,
    "iopv_publication_enabled": true,
    "positive_iopv": true,
    "positive_last_price": true,
    "positive_creation_unit": true,
    "snapshot_fresh_during_collection_session": true
  },
  "freshness": {
    "during_collection_session": true,
    "clock_delay_seconds": 0.966922,
    "maximum_allowed_seconds_during_session": 180.0
  },
  "latest_pcf": {
    "trading_day": "2026-08-18",
    "previous_trading_day": "2026-08-17",
    "fund_code": "510300",
    "fund_name": "华泰柏瑞沪深300交易型开放式指数证券投资基金",
    "fund_company": "华泰柏瑞基金管理有限公司",
    "file_id": "1465021",
    "etf_type": "8",
    "nav": 4.8038,
    "nav_per_creation_unit": 4323446.47,
    "previous_cash_component": 108343.47,
    "estimated_cash_component": 108377.47,
    "maximum_cash_ratio": 0.5,
    "creation_redemption_unit": 900000,
    "component_count": 300,
    "publish_iopv": true,
    "creation_redemption_status": "申购和赎回皆允许",
    "creation_redemption_mechanism": "1",
    "creation_limit": null,
    "redemption_limit": 3600000000.0,
    "net_creation_limit": null,
    "net_redemption_limit": null,
    "creation_limit_per_account": null,
    "redemption_limit_per_account": null,
    "net_creation_limit_per_account": null,
    "net_redemption_limit_per_account": null,
    "source": "sse.COMMON_SSE_CP_JJLB_ETFJJGK_GGSGSHQD_JBXX_C",
    "retrieved_at": "2026-08-18T09:30:05.929758+08:00"
  },
  "latest_iopv": {
    "exchange_timestamp": "2026-08-18 09:38:19",
    "trade_date": "2026-08-18",
    "fund_code": "510300",
    "name": "300ETF",
    "extended_name": "沪深300ETF华泰柏瑞",
    "last_price": 4.799,
    "iopv": 4.8014,
    "premium_discount_bps": -4.998542091889657,
    "change_rate_pct": -0.04,
    "change_cny": -0.002,
    "open": 4.794,
    "previous_close": 4.801,
    "high": 4.8,
    "low": 4.787,
    "volume_shares": 108826419.0,
    "amount_cny": 521812343.0,
    "trade_phase_raw": "T111    ",
    "post_close_volume_shares": 0.0,
    "post_close_amount_cny": 0.0,
    "post_close_phase_raw": "A1      ",
    "product_subtype": "EBS",
    "source": "sse.yunhq.sh1.snap",
    "retrieved_at": "2026-08-18T09:38:19.939996+08:00"
  },
  "account_feasibility": {
    "reference_account_cny": 20000.0,
    "creation_unit_notional_cny": 4319100.0,
    "can_directly_create_or_redeem": false,
    "intended_use": "只用PCF和IOPV观察一级市场吸收状态，在二级市场交易510300"
  },
  "storage": {
    "pcf": {
      "file": "data/raw/primary_market/510300_pcf_daily.parquet",
      "row_count": 4,
      "first_key": "2026-08-13",
      "last_key": "2026-08-18",
      "sha256": "829c810ec802ff72ad6532eb5255f25a98fef36cad8dec5db46c14c5e37dac65"
    },
    "iopv": {
      "file": "data/raw/primary_market/510300_iopv_snapshots.parquet",
      "row_count": 165,
      "first_key": "2026-08-13 16:29:06",
      "last_key": "2026-08-18 09:38:19",
      "sha256": "b5b23892f0313b3dee8eb118a44cb246686b3f3a3554c3c0c096516dd765b655"
    }
  },
  "raw_response_files": [
    "data/raw/primary_market/raw/iopv/20260818/20260818T093818_638909+0800.json"
  ],
  "governance": {
    "use_as_trading_signal": false,
    "automatic_ordering_authorized": false,
    "note": "当前只采集和纸面验证；未通过前向门槛前不得映射实盘仓位。"
  }
}
{
  "status": "PASS",
  "checked_at": "2026-08-18T09:39:21.240900+08:00",
  "collector": {
    "collector_id": "510300_PRIMARY_SECONDARY_FORWARD_V1",
    "symbol": "510300.SH",
    "fund_code": "510300",
    "timezone": "Asia/Shanghai",
    "timeout_seconds": 15,
    "observation_interval_seconds": 60,
    "collection_start_time": "09:30:00",
    "collection_end_time": "15:00:00",
    "collection_sessions": [
      [
        "09:30:00",
        "11:30:00"
      ],
      [
        "13:00:00",
        "15:00:00"
      ]
    ],
    "evidence_scope": "仅从实际接入日起的前向数据，不回填历史IOPV"
  },
  "checks": {
    "same_fund_code": true,
    "same_trade_date": true,
    "iopv_publication_enabled": true,
    "positive_iopv": true,
    "positive_last_price": true,
    "positive_creation_unit": true,
    "snapshot_fresh_during_collection_session": true
  },
  "freshness": {
    "during_collection_session": true,
    "clock_delay_seconds": 0.2409,
    "maximum_allowed_seconds_during_session": 180.0
  },
  "latest_pcf": {
    "trading_day": "2026-08-18",
    "previous_trading_day": "2026-08-17",
    "fund_code": "510300",
    "fund_name": "华泰柏瑞沪深300交易型开放式指数证券投资基金",
    "fund_company": "华泰柏瑞基金管理有限公司",
    "file_id": "1465021",
    "etf_type": "8",
    "nav": 4.8038,
    "nav_per_creation_unit": 4323446.47,
    "previous_cash_component": 108343.47,
    "estimated_cash_component": 108377.47,
    "maximum_cash_ratio": 0.5,
    "creation_redemption_unit": 900000,
    "component_count": 300,
    "publish_iopv": true,
    "creation_redemption_status": "申购和赎回皆允许",
    "creation_redemption_mechanism": "1",
    "creation_limit": null,
    "redemption_limit": 3600000000.0,
    "net_creation_limit": null,
    "net_redemption_limit": null,
    "creation_limit_per_account": null,
    "redemption_limit_per_account": null,
    "net_creation_limit_per_account": null,
    "net_redemption_limit_per_account": null,
    "source": "sse.COMMON_SSE_CP_JJLB_ETFJJGK_GGSGSHQD_JBXX_C",
    "retrieved_at": "2026-08-18T09:30:05.929758+08:00"
  },
  "latest_iopv": {
    "exchange_timestamp": "2026-08-18 09:39:21",
    "trade_date": "2026-08-18",
    "fund_code": "510300",
    "name": "300ETF",
    "extended_name": "沪深300ETF华泰柏瑞",
    "last_price": 4.8,
    "iopv": 4.8033,
    "premium_discount_bps": -6.870276684779464,
    "change_rate_pct": -0.02,
    "change_cny": -0.001,
    "open": 4.794,
    "previous_close": 4.801,
    "high": 4.802,
    "low": 4.787,
    "volume_shares": 130931319.0,
    "amount_cny": 627915421.0,
    "trade_phase_raw": "T111    ",
    "post_close_volume_shares": 0.0,
    "post_close_amount_cny": 0.0,
    "post_close_phase_raw": "A1      ",
    "product_subtype": "EBS",
    "source": "sse.yunhq.sh1.snap",
    "retrieved_at": "2026-08-18T09:39:21.200995+08:00"
  },
  "account_feasibility": {
    "reference_account_cny": 20000.0,
    "creation_unit_notional_cny": 4320000.0,
    "can_directly_create_or_redeem": false,
    "intended_use": "只用PCF和IOPV观察一级市场吸收状态，在二级市场交易510300"
  },
  "storage": {
    "pcf": {
      "file": "data/raw/primary_market/510300_pcf_daily.parquet",
      "row_count": 4,
      "first_key": "2026-08-13",
      "last_key": "2026-08-18",
      "sha256": "829c810ec802ff72ad6532eb5255f25a98fef36cad8dec5db46c14c5e37dac65"
    },
    "iopv": {
      "file": "data/raw/primary_market/510300_iopv_snapshots.parquet",
      "row_count": 166,
      "first_key": "2026-08-13 16:29:06",
      "last_key": "2026-08-18 09:39:21",
      "sha256": "404417a66a57e95d5eb25236b0ae19fb4cf0dc31ff7ad9b6ea439b22811a6480"
    }
  },
  "raw_response_files": [
    "data/raw/primary_market/raw/iopv/20260818/20260818T093919_977647+0800.json"
  ],
  "governance": {
    "use_as_trading_signal": false,
    "automatic_ordering_authorized": false,
    "note": "当前只采集和纸面验证；未通过前向门槛前不得映射实盘仓位。"
  }
}
{
  "status": "PASS",
  "checked_at": "2026-08-18T09:40:22.513201+08:00",
  "collector": {
    "collector_id": "510300_PRIMARY_SECONDARY_FORWARD_V1",
    "symbol": "510300.SH",
    "fund_code": "510300",
    "timezone": "Asia/Shanghai",
    "timeout_seconds": 15,
    "observation_interval_seconds": 60,
    "collection_start_time": "09:30:00",
    "collection_end_time": "15:00:00",
    "collection_sessions": [
      [
        "09:30:00",
        "11:30:00"
      ],
      [
        "13:00:00",
        "15:00:00"
      ]
    ],
    "evidence_scope": "仅从实际接入日起的前向数据，不回填历史IOPV"
  },
  "checks": {
    "same_fund_code": true,
    "same_trade_date": true,
    "iopv_publication_enabled": true,
    "positive_iopv": true,
    "positive_last_price": true,
    "positive_creation_unit": true,
    "snapshot_fresh_during_collection_session": true
  },
  "freshness": {
    "during_collection_session": true,
    "clock_delay_seconds": 0.513201,
    "maximum_allowed_seconds_during_session": 180.0
  },
  "latest_pcf": {
    "trading_day": "2026-08-18",
    "previous_trading_day": "2026-08-17",
    "fund_code": "510300",
    "fund_name": "华泰柏瑞沪深300交易型开放式指数证券投资基金",
    "fund_company": "华泰柏瑞基金管理有限公司",
    "file_id": "1465021",
    "etf_type": "8",
    "nav": 4.8038,
    "nav_per_creation_unit": 4323446.47,
    "previous_cash_component": 108343.47,
    "estimated_cash_component": 108377.47,
    "maximum_cash_ratio": 0.5,
    "creation_redemption_unit": 900000,
    "component_count": 300,
    "publish_iopv": true,
    "creation_redemption_status": "申购和赎回皆允许",
    "creation_redemption_mechanism": "1",
    "creation_limit": null,
    "redemption_limit": 3600000000.0,
    "net_creation_limit": null,
    "net_redemption_limit": null,
    "creation_limit_per_account": null,
    "redemption_limit_per_account": null,
    "net_creation_limit_per_account": null,
    "net_redemption_limit_per_account": null,
    "source": "sse.COMMON_SSE_CP_JJLB_ETFJJGK_GGSGSHQD_JBXX_C",
    "retrieved_at": "2026-08-18T09:30:05.929758+08:00"
  },
  "latest_iopv": {
    "exchange_timestamp": "2026-08-18 09:40:22",
    "trade_date": "2026-08-18",
    "fund_code": "510300",
    "name": "300ETF",
    "extended_name": "沪深300ETF华泰柏瑞",
    "last_price": 4.801,
    "iopv": 4.8035,
    "premium_discount_bps": -5.2045383574461646,
    "change_rate_pct": 0.0,
    "change_cny": 0.0,
    "open": 4.794,
    "previous_close": 4.801,
    "high": 4.803,
    "low": 4.787,
    "volume_shares": 143912019.0,
    "amount_cny": 690237380.0,
    "trade_phase_raw": "T111    ",
    "post_close_volume_shares": 0.0,
    "post_close_amount_cny": 0.0,
    "post_close_phase_raw": "A1      ",
    "product_subtype": "EBS",
    "source": "sse.yunhq.sh1.snap",
    "retrieved_at": "2026-08-18T09:40:22.463359+08:00"
  },
  "account_feasibility": {
    "reference_account_cny": 20000.0,
    "creation_unit_notional_cny": 4320900.0,
    "can_directly_create_or_redeem": false,
    "intended_use": "只用PCF和IOPV观察一级市场吸收状态，在二级市场交易510300"
  },
  "storage": {
    "pcf": {
      "file": "data/raw/primary_market/510300_pcf_daily.parquet",
      "row_count": 4,
      "first_key": "2026-08-13",
      "last_key": "2026-08-18",
      "sha256": "829c810ec802ff72ad6532eb5255f25a98fef36cad8dec5db46c14c5e37dac65"
    },
    "iopv": {
      "file": "data/raw/primary_market/510300_iopv_snapshots.parquet",
      "row_count": 167,
      "first_key": "2026-08-13 16:29:06",
      "last_key": "2026-08-18 09:40:22",
      "sha256": "18e43d765523d436acdcd70c50c0ecae0016dc4a6b74dcb2ab4bf593abb46871"
    }
  },
  "raw_response_files": [
    "data/raw/primary_market/raw/iopv/20260818/20260818T094021_249826+0800.json"
  ],
  "governance": {
    "use_as_trading_signal": false,
    "automatic_ordering_authorized": false,
    "note": "当前只采集和纸面验证；未通过前向门槛前不得映射实盘仓位。"
  }
}
{
  "status": "PASS",
  "checked_at": "2026-08-18T09:41:23.893536+08:00",
  "collector": {
    "collector_id": "510300_PRIMARY_SECONDARY_FORWARD_V1",
    "symbol": "510300.SH",
    "fund_code": "510300",
    "timezone": "Asia/Shanghai",
    "timeout_seconds": 15,
    "observation_interval_seconds": 60,
    "collection_start_time": "09:30:00",
    "collection_end_time": "15:00:00",
    "collection_sessions": [
      [
        "09:30:00",
        "11:30:00"
      ],
      [
        "13:00:00",
        "15:00:00"
      ]
    ],
    "evidence_scope": "仅从实际接入日起的前向数据，不回填历史IOPV"
  },
  "checks": {
    "same_fund_code": true,
    "same_trade_date": true,
    "iopv_publication_enabled": true,
    "positive_iopv": true,
    "positive_last_price": true,
    "positive_creation_unit": true,
    "snapshot_fresh_during_collection_session": true
  },
  "freshness": {
    "during_collection_session": true,
    "clock_delay_seconds": 0.893536,
    "maximum_allowed_seconds_during_session": 180.0
  },
  "latest_pcf": {
    "trading_day": "2026-08-18",
    "previous_trading_day": "2026-08-17",
    "fund_code": "510300",
    "fund_name": "华泰柏瑞沪深300交易型开放式指数证券投资基金",
    "fund_company": "华泰柏瑞基金管理有限公司",
    "file_id": "1465021",
    "etf_type": "8",
    "nav": 4.8038,
    "nav_per_creation_unit": 4323446.47,
    "previous_cash_component": 108343.47,
    "estimated_cash_component": 108377.47,
    "maximum_cash_ratio": 0.5,
    "creation_redemption_unit": 900000,
    "component_count": 300,
    "publish_iopv": true,
    "creation_redemption_status": "申购和赎回皆允许",
    "creation_redemption_mechanism": "1",
    "creation_limit": null,
    "redemption_limit": 3600000000.0,
    "net_creation_limit": null,
    "net_redemption_limit": null,
    "creation_limit_per_account": null,
    "redemption_limit_per_account": null,
    "net_creation_limit_per_account": null,
    "net_redemption_limit_per_account": null,
    "source": "sse.COMMON_SSE_CP_JJLB_ETFJJGK_GGSGSHQD_JBXX_C",
    "retrieved_at": "2026-08-18T09:30:05.929758+08:00"
  },
  "latest_iopv": {
    "exchange_timestamp": "2026-08-18 09:41:23",
    "trade_date": "2026-08-18",
    "fund_code": "510300",
    "name": "300ETF",
    "extended_name": "沪深300ETF华泰柏瑞",
    "last_price": 4.8,
    "iopv": 4.8037,
    "premium_discount_bps": -7.702396069696471,
    "change_rate_pct": -0.02,
    "change_cny": -0.001,
    "open": 4.794,
    "previous_close": 4.801,
    "high": 4.803,
    "low": 4.787,
    "volume_shares": 149664219.0,
    "amount_cny": 717851697.0,
    "trade_phase_raw": "T111    ",
    "post_close_volume_shares": 0.0,
    "post_close_amount_cny": 0.0,
    "post_close_phase_raw": "A1      ",
    "product_subtype": "EBS",
    "source": "sse.yunhq.sh1.snap",
    "retrieved_at": "2026-08-18T09:41:23.854178+08:00"
  },
  "account_feasibility": {
    "reference_account_cny": 20000.0,
    "creation_unit_notional_cny": 4320000.0,
    "can_directly_create_or_redeem": false,
    "intended_use": "只用PCF和IOPV观察一级市场吸收状态，在二级市场交易510300"
  },
  "storage": {
    "pcf": {
      "file": "data/raw/primary_market/510300_pcf_daily.parquet",
      "row_count": 4,
      "first_key": "2026-08-13",
      "last_key": "2026-08-18",
      "sha256": "829c810ec802ff72ad6532eb5255f25a98fef36cad8dec5db46c14c5e37dac65"
    },
    "iopv": {
      "file": "data/raw/primary_market/510300_iopv_snapshots.parquet",
      "row_count": 168,
      "first_key": "2026-08-13 16:29:06",
      "last_key": "2026-08-18 09:41:23",
      "sha256": "dc238c036749f9f126ddef9dd908fa74d0913c4e3401ae568710642861393d00"
    }
  },
  "raw_response_files": [
    "data/raw/primary_market/raw/iopv/20260818/20260818T094122_522054+0800.json"
  ],
  "governance": {
    "use_as_trading_signal": false,
    "automatic_ordering_authorized": false,
    "note": "当前只采集和纸面验证；未通过前向门槛前不得映射实盘仓位。"
  }
}
{
  "status": "PASS",
  "checked_at": "2026-08-18T09:42:25.230294+08:00",
  "collector": {
    "collector_id": "510300_PRIMARY_SECONDARY_FORWARD_V1",
    "symbol": "510300.SH",
    "fund_code": "510300",
    "timezone": "Asia/Shanghai",
    "timeout_seconds": 15,
    "observation_interval_seconds": 60,
    "collection_start_time": "09:30:00",
    "collection_end_time": "15:00:00",
    "collection_sessions": [
      [
        "09:30:00",
        "11:30:00"
      ],
      [
        "13:00:00",
        "15:00:00"
      ]
    ],
    "evidence_scope": "仅从实际接入日起的前向数据，不回填历史IOPV"
  },
  "checks": {
    "same_fund_code": true,
    "same_trade_date": true,
    "iopv_publication_enabled": true,
    "positive_iopv": true,
    "positive_last_price": true,
    "positive_creation_unit": true,
    "snapshot_fresh_during_collection_session": true
  },
  "freshness": {
    "during_collection_session": true,
    "clock_delay_seconds": 0.230294,
    "maximum_allowed_seconds_during_session": 180.0
  },
  "latest_pcf": {
    "trading_day": "2026-08-18",
    "previous_trading_day": "2026-08-17",
    "fund_code": "510300",
    "fund_name": "华泰柏瑞沪深300交易型开放式指数证券投资基金",
    "fund_company": "华泰柏瑞基金管理有限公司",
    "file_id": "1465021",
    "etf_type": "8",
    "nav": 4.8038,
    "nav_per_creation_unit": 4323446.47,
    "previous_cash_component": 108343.47,
    "estimated_cash_component": 108377.47,
    "maximum_cash_ratio": 0.5,
    "creation_redemption_unit": 900000,
    "component_count": 300,
    "publish_iopv": true,
    "creation_redemption_status": "申购和赎回皆允许",
    "creation_redemption_mechanism": "1",
    "creation_limit": null,
    "redemption_limit": 3600000000.0,
    "net_creation_limit": null,
    "net_redemption_limit": null,
    "creation_limit_per_account": null,
    "redemption_limit_per_account": null,
    "net_creation_limit_per_account": null,
    "net_redemption_limit_per_account": null,
    "source": "sse.COMMON_SSE_CP_JJLB_ETFJJGK_GGSGSHQD_JBXX_C",
    "retrieved_at": "2026-08-18T09:30:05.929758+08:00"
  },
  "latest_iopv": {
    "exchange_timestamp": "2026-08-18 09:42:25",
    "trade_date": "2026-08-18",
    "fund_code": "510300",
    "name": "300ETF",
    "extended_name": "沪深300ETF华泰柏瑞",
    "last_price": 4.797,
    "iopv": 4.8018,
    "premium_discount_bps": -9.99625140572391,
    "change_rate_pct": -0.08,
    "change_cny": -0.004,
    "open": 4.794,
    "previous_close": 4.801,
    "high": 4.803,
    "low": 4.787,
    "volume_shares": 154660319.0,
    "amount_cny": 741830663.0,
    "trade_phase_raw": "T111    ",
    "post_close_volume_shares": 0.0,
    "post_close_amount_cny": 0.0,
    "post_close_phase_raw": "A1      ",
    "product_subtype": "EBS",
    "source": "sse.yunhq.sh1.snap",
    "retrieved_at": "2026-08-18T09:42:25.192077+08:00"
  },
  "account_feasibility": {
    "reference_account_cny": 20000.0,
    "creation_unit_notional_cny": 4317300.0,
    "can_directly_create_or_redeem": false,
    "intended_use": "只用PCF和IOPV观察一级市场吸收状态，在二级市场交易510300"
  },
  "storage": {
    "pcf": {
      "file": "data/raw/primary_market/510300_pcf_daily.parquet",
      "row_count": 4,
      "first_key": "2026-08-13",
      "last_key": "2026-08-18",
      "sha256": "829c810ec802ff72ad6532eb5255f25a98fef36cad8dec5db46c14c5e37dac65"
    },
    "iopv": {
      "file": "data/raw/primary_market/510300_iopv_snapshots.parquet",
      "row_count": 169,
      "first_key": "2026-08-13 16:29:06",
      "last_key": "2026-08-18 09:42:25",
      "sha256": "c2e28e607b11d8b59dabcc7dbffc74bc7d88dd67f2d88131e3d6fb4972b1de87"
    }
  },
  "raw_response_files": [
    "data/raw/primary_market/raw/iopv/20260818/20260818T094223_902723+0800.json"
  ],
  "governance": {
    "use_as_trading_signal": false,
    "automatic_ordering_authorized": false,
    "note": "当前只采集和纸面验证；未通过前向门槛前不得映射实盘仓位。"
  }
}
{
  "status": "PASS",
  "checked_at": "2026-08-18T09:43:26.447396+08:00",
  "collector": {
    "collector_id": "510300_PRIMARY_SECONDARY_FORWARD_V1",
    "symbol": "510300.SH",
    "fund_code": "510300",
    "timezone": "Asia/Shanghai",
    "timeout_seconds": 15,
    "observation_interval_seconds": 60,
    "collection_start_time": "09:30:00",
    "collection_end_time": "15:00:00",
    "collection_sessions": [
      [
        "09:30:00",
        "11:30:00"
      ],
      [
        "13:00:00",
        "15:00:00"
      ]
    ],
    "evidence_scope": "仅从实际接入日起的前向数据，不回填历史IOPV"
  },
  "checks": {
    "same_fund_code": true,
    "same_trade_date": true,
    "iopv_publication_enabled": true,
    "positive_iopv": true,
    "positive_last_price": true,
    "positive_creation_unit": true,
    "snapshot_fresh_during_collection_session": true
  },
  "freshness": {
    "during_collection_session": true,
    "clock_delay_seconds": 0.447396,
    "maximum_allowed_seconds_during_session": 180.0
  },
  "latest_pcf": {
    "trading_day": "2026-08-18",
    "previous_trading_day": "2026-08-17",
    "fund_code": "510300",
    "fund_name": "华泰柏瑞沪深300交易型开放式指数证券投资基金",
    "fund_company": "华泰柏瑞基金管理有限公司",
    "file_id": "1465021",
    "etf_type": "8",
    "nav": 4.8038,
    "nav_per_creation_unit": 4323446.47,
    "previous_cash_component": 108343.47,
    "estimated_cash_component": 108377.47,
    "maximum_cash_ratio": 0.5,
    "creation_redemption_unit": 900000,
    "component_count": 300,
    "publish_iopv": true,
    "creation_redemption_status": "申购和赎回皆允许",
    "creation_redemption_mechanism": "1",
    "creation_limit": null,
    "redemption_limit": 3600000000.0,
    "net_creation_limit": null,
    "net_redemption_limit": null,
    "creation_limit_per_account": null,
    "redemption_limit_per_account": null,
    "net_creation_limit_per_account": null,
    "net_redemption_limit_per_account": null,
    "source": "sse.COMMON_SSE_CP_JJLB_ETFJJGK_GGSGSHQD_JBXX_C",
    "retrieved_at": "2026-08-18T09:30:05.929758+08:00"
  },
  "latest_iopv": {
    "exchange_timestamp": "2026-08-18 09:43:26",
    "trade_date": "2026-08-18",
    "fund_code": "510300",
    "name": "300ETF",
    "extended_name": "沪深300ETF华泰柏瑞",
    "last_price": 4.792,
    "iopv": 4.7968,
    "premium_discount_bps": -10.006671114076715,
    "change_rate_pct": -0.19,
    "change_cny": -0.009,
    "open": 4.794,
    "previous_close": 4.801,
    "high": 4.803,
    "low": 4.787,
    "volume_shares": 160652819.0,
    "amount_cny": 770560083.0,
    "trade_phase_raw": "T111    ",
    "post_close_volume_shares": 0.0,
    "post_close_amount_cny": 0.0,
    "post_close_phase_raw": "A1      ",
    "product_subtype": "EBS",
    "source": "sse.yunhq.sh1.snap",
    "retrieved_at": "2026-08-18T09:43:26.410812+08:00"
  },
  "account_feasibility": {
    "reference_account_cny": 20000.0,
    "creation_unit_notional_cny": 4312800.0,
    "can_directly_create_or_redeem": false,
    "intended_use": "只用PCF和IOPV观察一级市场吸收状态，在二级市场交易510300"
  },
  "storage": {
    "pcf": {
      "file": "data/raw/primary_market/510300_pcf_daily.parquet",
      "row_count": 4,
      "first_key": "2026-08-13",
      "last_key": "2026-08-18",
      "sha256": "829c810ec802ff72ad6532eb5255f25a98fef36cad8dec5db46c14c5e37dac65"
    },
    "iopv": {
      "file": "data/raw/primary_market/510300_iopv_snapshots.parquet",
      "row_count": 170,
      "first_key": "2026-08-13 16:29:06",
      "last_key": "2026-08-18 09:43:26",
      "sha256": "098fe6e1b553571b5b6e9feb0223d9fdfdb6872ba566977f6bbd9c12cb3e2201"
    }
  },
  "raw_response_files": [
    "data/raw/primary_market/raw/iopv/20260818/20260818T094325_238535+0800.json"
  ],
  "governance": {
    "use_as_trading_signal": false,
    "automatic_ordering_authorized": false,
    "note": "当前只采集和纸面验证；未通过前向门槛前不得映射实盘仓位。"
  }
}
{
  "status": "PASS",
  "checked_at": "2026-08-18T09:44:28.052431+08:00",
  "collector": {
    "collector_id": "510300_PRIMARY_SECONDARY_FORWARD_V1",
    "symbol": "510300.SH",
    "fund_code": "510300",
    "timezone": "Asia/Shanghai",
    "timeout_seconds": 15,
    "observation_interval_seconds": 60,
    "collection_start_time": "09:30:00",
    "collection_end_time": "15:00:00",
    "collection_sessions": [
      [
        "09:30:00",
        "11:30:00"
      ],
      [
        "13:00:00",
        "15:00:00"
      ]
    ],
    "evidence_scope": "仅从实际接入日起的前向数据，不回填历史IOPV"
  },
  "checks": {
    "same_fund_code": true,
    "same_trade_date": true,
    "iopv_publication_enabled": true,
    "positive_iopv": true,
    "positive_last_price": true,
    "positive_creation_unit": true,
    "snapshot_fresh_during_collection_session": true
  },
  "freshness": {
    "during_collection_session": true,
    "clock_delay_seconds": 0.052431,
    "maximum_allowed_seconds_during_session": 180.0
  },
  "latest_pcf": {
    "trading_day": "2026-08-18",
    "previous_trading_day": "2026-08-17",
    "fund_code": "510300",
    "fund_name": "华泰柏瑞沪深300交易型开放式指数证券投资基金",
    "fund_company": "华泰柏瑞基金管理有限公司",
    "file_id": "1465021",
    "etf_type": "8",
    "nav": 4.8038,
    "nav_per_creation_unit": 4323446.47,
    "previous_cash_component": 108343.47,
    "estimated_cash_component": 108377.47,
    "maximum_cash_ratio": 0.5,
    "creation_redemption_unit": 900000,
    "component_count": 300,
    "publish_iopv": true,
    "creation_redemption_status": "申购和赎回皆允许",
    "creation_redemption_mechanism": "1",
    "creation_limit": null,
    "redemption_limit": 3600000000.0,
    "net_creation_limit": null,
    "net_redemption_limit": null,
    "creation_limit_per_account": null,
    "redemption_limit_per_account": null,
    "net_creation_limit_per_account": null,
    "net_redemption_limit_per_account": null,
    "source": "sse.COMMON_SSE_CP_JJLB_ETFJJGK_GGSGSHQD_JBXX_C",
    "retrieved_at": "2026-08-18T09:30:05.929758+08:00"
  },
  "latest_iopv": {
    "exchange_timestamp": "2026-08-18 09:44:28",
    "trade_date": "2026-08-18",
    "fund_code": "510300",
    "name": "300ETF",
    "extended_name": "沪深300ETF华泰柏瑞",
    "last_price": 4.795,
    "iopv": 4.7998,
    "premium_discount_bps": -10.000416684029512,
    "change_rate_pct": -0.12,
    "change_cny": -0.006,
    "open": 4.794,
    "previous_close": 4.801,
    "high": 4.803,
    "low": 4.787,
    "volume_shares": 168966419.0,
    "amount_cny": 810406036.0,
    "trade_phase_raw": "T111    ",
    "post_close_volume_shares": 0.0,
    "post_close_amount_cny": 0.0,
    "post_close_phase_raw": "A1      ",
    "product_subtype": "EBS",
    "source": "sse.yunhq.sh1.snap",
    "retrieved_at": "2026-08-18T09:44:28.016792+08:00"
  },
  "account_feasibility": {
    "reference_account_cny": 20000.0,
    "creation_unit_notional_cny": 4315500.0,
    "can_directly_create_or_redeem": false,
    "intended_use": "只用PCF和IOPV观察一级市场吸收状态，在二级市场交易510300"
  },
  "storage": {
    "pcf": {
      "file": "data/raw/primary_market/510300_pcf_daily.parquet",
      "row_count": 4,
      "first_key": "2026-08-13",
      "last_key": "2026-08-18",
      "sha256": "829c810ec802ff72ad6532eb5255f25a98fef36cad8dec5db46c14c5e37dac65"
    },
    "iopv": {
      "file": "data/raw/primary_market/510300_iopv_snapshots.parquet",
      "row_count": 171,
      "first_key": "2026-08-13 16:29:06",
      "last_key": "2026-08-18 09:44:28",
      "sha256": "cc992b01ff2d1206716ddab03bc247e2a0f835518b599e23b779f3c412ad32f1"
    }
  },
  "raw_response_files": [
    "data/raw/primary_market/raw/iopv/20260818/20260818T094426_455967+0800.json"
  ],
  "governance": {
    "use_as_trading_signal": false,
    "automatic_ordering_authorized": false,
    "note": "当前只采集和纸面验证；未通过前向门槛前不得映射实盘仓位。"
  }
}
{
  "status": "PASS",
  "checked_at": "2026-08-18T09:45:29.342070+08:00",
  "collector": {
    "collector_id": "510300_PRIMARY_SECONDARY_FORWARD_V1",
    "symbol": "510300.SH",
    "fund_code": "510300",
    "timezone": "Asia/Shanghai",
    "timeout_seconds": 15,
    "observation_interval_seconds": 60,
    "collection_start_time": "09:30:00",
    "collection_end_time": "15:00:00",
    "collection_sessions": [
      [
        "09:30:00",
        "11:30:00"
      ],
      [
        "13:00:00",
        "15:00:00"
      ]
    ],
    "evidence_scope": "仅从实际接入日起的前向数据，不回填历史IOPV"
  },
  "checks": {
    "same_fund_code": true,
    "same_trade_date": true,
    "iopv_publication_enabled": true,
    "positive_iopv": true,
    "positive_last_price": true,
    "positive_creation_unit": true,
    "snapshot_fresh_during_collection_session": true
  },
  "freshness": {
    "during_collection_session": true,
    "clock_delay_seconds": 0.34207,
    "maximum_allowed_seconds_during_session": 180.0
  },
  "latest_pcf": {
    "trading_day": "2026-08-18",
    "previous_trading_day": "2026-08-17",
    "fund_code": "510300",
    "fund_name": "华泰柏瑞沪深300交易型开放式指数证券投资基金",
    "fund_company": "华泰柏瑞基金管理有限公司",
    "file_id": "1465021",
    "etf_type": "8",
    "nav": 4.8038,
    "nav_per_creation_unit": 4323446.47,
    "previous_cash_component": 108343.47,
    "estimated_cash_component": 108377.47,
    "maximum_cash_ratio": 0.5,
    "creation_redemption_unit": 900000,
    "component_count": 300,
    "publish_iopv": true,
    "creation_redemption_status": "申购和赎回皆允许",
    "creation_redemption_mechanism": "1",
    "creation_limit": null,
    "redemption_limit": 3600000000.0,
    "net_creation_limit": null,
    "net_redemption_limit": null,
    "creation_limit_per_account": null,
    "redemption_limit_per_account": null,
    "net_creation_limit_per_account": null,
    "net_redemption_limit_per_account": null,
    "source": "sse.COMMON_SSE_CP_JJLB_ETFJJGK_GGSGSHQD_JBXX_C",
    "retrieved_at": "2026-08-18T09:30:05.929758+08:00"
  },
  "latest_iopv": {
    "exchange_timestamp": "2026-08-18 09:45:29",
    "trade_date": "2026-08-18",
    "fund_code": "510300",
    "name": "300ETF",
    "extended_name": "沪深300ETF华泰柏瑞",
    "last_price": 4.79,
    "iopv": 4.7942,
    "premium_discount_bps": -8.760585707729973,
    "change_rate_pct": -0.23,
    "change_cny": -0.011,
    "open": 4.794,
    "previous_close": 4.801,
    "high": 4.803,
    "low": 4.787,
    "volume_shares": 176627819.0,
    "amount_cny": 847125325.0,
    "trade_phase_raw": "T111    ",
    "post_close_volume_shares": 0.0,
    "post_close_amount_cny": 0.0,
    "post_close_phase_raw": "A1      ",
    "product_subtype": "EBS",
    "source": "sse.yunhq.sh1.snap",
    "retrieved_at": "2026-08-18T09:45:29.303690+08:00"
  },
  "account_feasibility": {
    "reference_account_cny": 20000.0,
    "creation_unit_notional_cny": 4311000.0,
    "can_directly_create_or_redeem": false,
    "intended_use": "只用PCF和IOPV观察一级市场吸收状态，在二级市场交易510300"
  },
  "storage": {
    "pcf": {
      "file": "data/raw/primary_market/510300_pcf_daily.parquet",
      "row_count": 4,
      "first_key": "2026-08-13",
      "last_key": "2026-08-18",
      "sha256": "829c810ec802ff72ad6532eb5255f25a98fef36cad8dec5db46c14c5e37dac65"
    },
    "iopv": {
      "file": "data/raw/primary_market/510300_iopv_snapshots.parquet",
      "row_count": 172,
      "first_key": "2026-08-13 16:29:06",
      "last_key": "2026-08-18 09:45:29",
      "sha256": "5267290fe3542dce8f46232eb44038207375196cbf9cc2763025ea1b3ca0652b"
    }
  },
  "raw_response_files": [
    "data/raw/primary_market/raw/iopv/20260818/20260818T094528_061184+0800.json"
  ],
  "governance": {
    "use_as_trading_signal": false,
    "automatic_ordering_authorized": false,
    "note": "当前只采集和纸面验证；未通过前向门槛前不得映射实盘仓位。"
  }
}
{
  "status": "PASS",
  "checked_at": "2026-08-18T09:46:30.633620+08:00",
  "collector": {
    "collector_id": "510300_PRIMARY_SECONDARY_FORWARD_V1",
    "symbol": "510300.SH",
    "fund_code": "510300",
    "timezone": "Asia/Shanghai",
    "timeout_seconds": 15,
    "observation_interval_seconds": 60,
    "collection_start_time": "09:30:00",
    "collection_end_time": "15:00:00",
    "collection_sessions": [
      [
        "09:30:00",
        "11:30:00"
      ],
      [
        "13:00:00",
        "15:00:00"
      ]
    ],
    "evidence_scope": "仅从实际接入日起的前向数据，不回填历史IOPV"
  },
  "checks": {
    "same_fund_code": true,
    "same_trade_date": true,
    "iopv_publication_enabled": true,
    "positive_iopv": true,
    "positive_last_price": true,
    "positive_creation_unit": true,
    "snapshot_fresh_during_collection_session": true
  },
  "freshness": {
    "during_collection_session": true,
    "clock_delay_seconds": 0.63362,
    "maximum_allowed_seconds_during_session": 180.0
  },
  "latest_pcf": {
    "trading_day": "2026-08-18",
    "previous_trading_day": "2026-08-17",
    "fund_code": "510300",
    "fund_name": "华泰柏瑞沪深300交易型开放式指数证券投资基金",
    "fund_company": "华泰柏瑞基金管理有限公司",
    "file_id": "1465021",
    "etf_type": "8",
    "nav": 4.8038,
    "nav_per_creation_unit": 4323446.47,
    "previous_cash_component": 108343.47,
    "estimated_cash_component": 108377.47,
    "maximum_cash_ratio": 0.5,
    "creation_redemption_unit": 900000,
    "component_count": 300,
    "publish_iopv": true,
    "creation_redemption_status": "申购和赎回皆允许",
    "creation_redemption_mechanism": "1",
    "creation_limit": null,
    "redemption_limit": 3600000000.0,
    "net_creation_limit": null,
    "net_redemption_limit": null,
    "creation_limit_per_account": null,
    "redemption_limit_per_account": null,
    "net_creation_limit_per_account": null,
    "net_redemption_limit_per_account": null,
    "source": "sse.COMMON_SSE_CP_JJLB_ETFJJGK_GGSGSHQD_JBXX_C",
    "retrieved_at": "2026-08-18T09:30:05.929758+08:00"
  },
  "latest_iopv": {
    "exchange_timestamp": "2026-08-18 09:46:30",
    "trade_date": "2026-08-18",
    "fund_code": "510300",
    "name": "300ETF",
    "extended_name": "沪深300ETF华泰柏瑞",
    "last_price": 4.79,
    "iopv": 4.794,
    "premium_discount_bps": -8.343763037128582,
    "change_rate_pct": -0.23,
    "change_cny": -0.011,
    "open": 4.794,
    "previous_close": 4.801,
    "high": 4.803,
    "low": 4.787,
    "volume_shares": 180903514.0,
    "amount_cny": 867609029.0,
    "trade_phase_raw": "T111    ",
    "post_close_volume_shares": 0.0,
    "post_close_amount_cny": 0.0,
    "post_close_phase_raw": "A1      ",
    "product_subtype": "EBS",
    "source": "sse.yunhq.sh1.snap",
    "retrieved_at": "2026-08-18T09:46:30.597487+08:00"
  },
  "account_feasibility": {
    "reference_account_cny": 20000.0,
    "creation_unit_notional_cny": 4311000.0,
    "can_directly_create_or_redeem": false,
    "intended_use": "只用PCF和IOPV观察一级市场吸收状态，在二级市场交易510300"
  },
  "storage": {
    "pcf": {
      "file": "data/raw/primary_market/510300_pcf_daily.parquet",
      "row_count": 4,
      "first_key": "2026-08-13",
      "last_key": "2026-08-18",
      "sha256": "829c810ec802ff72ad6532eb5255f25a98fef36cad8dec5db46c14c5e37dac65"
    },
    "iopv": {
      "file": "data/raw/primary_market/510300_iopv_snapshots.parquet",
      "row_count": 173,
      "first_key": "2026-08-13 16:29:06",
      "last_key": "2026-08-18 09:46:30",
      "sha256": "3b2f1551a820c799f2f90b15737e98edb74777ffd586d3a077df14db1b496409"
    }
  },
  "raw_response_files": [
    "data/raw/primary_market/raw/iopv/20260818/20260818T094629_350544+0800.json"
  ],
  "governance": {
    "use_as_trading_signal": false,
    "automatic_ordering_authorized": false,
    "note": "当前只采集和纸面验证；未通过前向门槛前不得映射实盘仓位。"
  }
}
{
  "status": "PASS",
  "checked_at": "2026-08-18T09:47:31.971618+08:00",
  "collector": {
    "collector_id": "510300_PRIMARY_SECONDARY_FORWARD_V1",
    "symbol": "510300.SH",
    "fund_code": "510300",
    "timezone": "Asia/Shanghai",
    "timeout_seconds": 15,
    "observation_interval_seconds": 60,
    "collection_start_time": "09:30:00",
    "collection_end_time": "15:00:00",
    "collection_sessions": [
      [
        "09:30:00",
        "11:30:00"
      ],
      [
        "13:00:00",
        "15:00:00"
      ]
    ],
    "evidence_scope": "仅从实际接入日起的前向数据，不回填历史IOPV"
  },
  "checks": {
    "same_fund_code": true,
    "same_trade_date": true,
    "iopv_publication_enabled": true,
    "positive_iopv": true,
    "positive_last_price": true,
    "positive_creation_unit": true,
    "snapshot_fresh_during_collection_session": true
  },
  "freshness": {
    "during_collection_session": true,
    "clock_delay_seconds": 0.971618,
    "maximum_allowed_seconds_during_session": 180.0
  },
  "latest_pcf": {
    "trading_day": "2026-08-18",
    "previous_trading_day": "2026-08-17",
    "fund_code": "510300",
    "fund_name": "华泰柏瑞沪深300交易型开放式指数证券投资基金",
    "fund_company": "华泰柏瑞基金管理有限公司",
    "file_id": "1465021",
    "etf_type": "8",
    "nav": 4.8038,
    "nav_per_creation_unit": 4323446.47,
    "previous_cash_component": 108343.47,
    "estimated_cash_component": 108377.47,
    "maximum_cash_ratio": 0.5,
    "creation_redemption_unit": 900000,
    "component_count": 300,
    "publish_iopv": true,
    "creation_redemption_status": "申购和赎回皆允许",
    "creation_redemption_mechanism": "1",
    "creation_limit": null,
    "redemption_limit": 3600000000.0,
    "net_creation_limit": null,
    "net_redemption_limit": null,
    "creation_limit_per_account": null,
    "redemption_limit_per_account": null,
    "net_creation_limit_per_account": null,
    "net_redemption_limit_per_account": null,
    "source": "sse.COMMON_SSE_CP_JJLB_ETFJJGK_GGSGSHQD_JBXX_C",
    "retrieved_at": "2026-08-18T09:30:05.929758+08:00"
  },
  "latest_iopv": {
    "exchange_timestamp": "2026-08-18 09:47:31",
    "trade_date": "2026-08-18",
    "fund_code": "510300",
    "name": "300ETF",
    "extended_name": "沪深300ETF华泰柏瑞",
    "last_price": 4.786,
    "iopv": 4.7908,
    "premium_discount_bps": -10.019203473324856,
    "change_rate_pct": -0.31,
    "change_cny": -0.015,
    "open": 4.794,
    "previous_close": 4.801,
    "high": 4.803,
    "low": 4.785,
    "volume_shares": 188532314.0,
    "amount_cny": 904128284.0,
    "trade_phase_raw": "T111    ",
    "post_close_volume_shares": 0.0,
    "post_close_amount_cny": 0.0,
    "post_close_phase_raw": "A1      ",
    "product_subtype": "EBS",
    "source": "sse.yunhq.sh1.snap",
    "retrieved_at": "2026-08-18T09:47:31.937076+08:00"
  },
  "account_feasibility": {
    "reference_account_cny": 20000.0,
    "creation_unit_notional_cny": 4307400.0,
    "can_directly_create_or_redeem": false,
    "intended_use": "只用PCF和IOPV观察一级市场吸收状态，在二级市场交易510300"
  },
  "storage": {
    "pcf": {
      "file": "data/raw/primary_market/510300_pcf_daily.parquet",
      "row_count": 4,
      "first_key": "2026-08-13",
      "last_key": "2026-08-18",
      "sha256": "829c810ec802ff72ad6532eb5255f25a98fef36cad8dec5db46c14c5e37dac65"
    },
    "iopv": {
      "file": "data/raw/primary_market/510300_iopv_snapshots.parquet",
      "row_count": 174,
      "first_key": "2026-08-13 16:29:06",
      "last_key": "2026-08-18 09:47:31",
      "sha256": "a8a9594d1bc5e134e3c16e2e8e0c00d2eb843449d88a39437103cd5df21f76fd"
    }
  },
  "raw_response_files": [
    "data/raw/primary_market/raw/iopv/20260818/20260818T094730_641573+0800.json"
  ],
  "governance": {
    "use_as_trading_signal": false,
    "automatic_ordering_authorized": false,
    "note": "当前只采集和纸面验证；未通过前向门槛前不得映射实盘仓位。"
  }
}
{
  "status": "PASS",
  "checked_at": "2026-08-18T09:48:33.203034+08:00",
  "collector": {
    "collector_id": "510300_PRIMARY_SECONDARY_FORWARD_V1",
    "symbol": "510300.SH",
    "fund_code": "510300",
    "timezone": "Asia/Shanghai",
    "timeout_seconds": 15,
    "observation_interval_seconds": 60,
    "collection_start_time": "09:30:00",
    "collection_end_time": "15:00:00",
    "collection_sessions": [
      [
        "09:30:00",
        "11:30:00"
      ],
      [
        "13:00:00",
        "15:00:00"
      ]
    ],
    "evidence_scope": "仅从实际接入日起的前向数据，不回填历史IOPV"
  },
  "checks": {
    "same_fund_code": true,
    "same_trade_date": true,
    "iopv_publication_enabled": true,
    "positive_iopv": true,
    "positive_last_price": true,
    "positive_creation_unit": true,
    "snapshot_fresh_during_collection_session": true
  },
  "freshness": {
    "during_collection_session": true,
    "clock_delay_seconds": 0.203034,
    "maximum_allowed_seconds_during_session": 180.0
  },
  "latest_pcf": {
    "trading_day": "2026-08-18",
    "previous_trading_day": "2026-08-17",
    "fund_code": "510300",
    "fund_name": "华泰柏瑞沪深300交易型开放式指数证券投资基金",
    "fund_company": "华泰柏瑞基金管理有限公司",
    "file_id": "1465021",
    "etf_type": "8",
    "nav": 4.8038,
    "nav_per_creation_unit": 4323446.47,
    "previous_cash_component": 108343.47,
    "estimated_cash_component": 108377.47,
    "maximum_cash_ratio": 0.5,
    "creation_redemption_unit": 900000,
    "component_count": 300,
    "publish_iopv": true,
    "creation_redemption_status": "申购和赎回皆允许",
    "creation_redemption_mechanism": "1",
    "creation_limit": null,
    "redemption_limit": 3600000000.0,
    "net_creation_limit": null,
    "net_redemption_limit": null,
    "creation_limit_per_account": null,
    "redemption_limit_per_account": null,
    "net_creation_limit_per_account": null,
    "net_redemption_limit_per_account": null,
    "source": "sse.COMMON_SSE_CP_JJLB_ETFJJGK_GGSGSHQD_JBXX_C",
    "retrieved_at": "2026-08-18T09:30:05.929758+08:00"
  },
  "latest_iopv": {
    "exchange_timestamp": "2026-08-18 09:48:33",
    "trade_date": "2026-08-18",
    "fund_code": "510300",
    "name": "300ETF",
    "extended_name": "沪深300ETF华泰柏瑞",
    "last_price": 4.789,
    "iopv": 4.7941,
    "premium_discount_bps": -10.638075968378846,
    "change_rate_pct": -0.25,
    "change_cny": -0.012,
    "open": 4.794,
    "previous_close": 4.801,
    "high": 4.803,
    "low": 4.785,
    "volume_shares": 192647214.0,
    "amount_cny": 923830848.0,
    "trade_phase_raw": "T111    ",
    "post_close_volume_shares": 0.0,
    "post_close_amount_cny": 0.0,
    "post_close_phase_raw": "A1      ",
    "product_subtype": "EBS",
    "source": "sse.yunhq.sh1.snap",
    "retrieved_at": "2026-08-18T09:48:33.166965+08:00"
  },
  "account_feasibility": {
    "reference_account_cny": 20000.0,
    "creation_unit_notional_cny": 4310100.0,
    "can_directly_create_or_redeem": false,
    "intended_use": "只用PCF和IOPV观察一级市场吸收状态，在二级市场交易510300"
  },
  "storage": {
    "pcf": {
      "file": "data/raw/primary_market/510300_pcf_daily.parquet",
      "row_count": 4,
      "first_key": "2026-08-13",
      "last_key": "2026-08-18",
      "sha256": "829c810ec802ff72ad6532eb5255f25a98fef36cad8dec5db46c14c5e37dac65"
    },
    "iopv": {
      "file": "data/raw/primary_market/510300_iopv_snapshots.parquet",
      "row_count": 175,
      "first_key": "2026-08-13 16:29:06",
      "last_key": "2026-08-18 09:48:33",
      "sha256": "594ba0cc0e5a403a323a566de57d9a0c14d20a93f29c9501ccb428b78f417486"
    }
  },
  "raw_response_files": [
    "data/raw/primary_market/raw/iopv/20260818/20260818T094831_980039+0800.json"
  ],
  "governance": {
    "use_as_trading_signal": false,
    "automatic_ordering_authorized": false,
    "note": "当前只采集和纸面验证；未通过前向门槛前不得映射实盘仓位。"
  }
}
{
  "status": "PASS",
  "checked_at": "2026-08-18T09:49:34.386867+08:00",
  "collector": {
    "collector_id": "510300_PRIMARY_SECONDARY_FORWARD_V1",
    "symbol": "510300.SH",
    "fund_code": "510300",
    "timezone": "Asia/Shanghai",
    "timeout_seconds": 15,
    "observation_interval_seconds": 60,
    "collection_start_time": "09:30:00",
    "collection_end_time": "15:00:00",
    "collection_sessions": [
      [
        "09:30:00",
        "11:30:00"
      ],
      [
        "13:00:00",
        "15:00:00"
      ]
    ],
    "evidence_scope": "仅从实际接入日起的前向数据，不回填历史IOPV"
  },
  "checks": {
    "same_fund_code": true,
    "same_trade_date": true,
    "iopv_publication_enabled": true,
    "positive_iopv": true,
    "positive_last_price": true,
    "positive_creation_unit": true,
    "snapshot_fresh_during_collection_session": true
  },
  "freshness": {
    "during_collection_session": true,
    "clock_delay_seconds": 0.386867,
    "maximum_allowed_seconds_during_session": 180.0
  },
  "latest_pcf": {
    "trading_day": "2026-08-18",
    "previous_trading_day": "2026-08-17",
    "fund_code": "510300",
    "fund_name": "华泰柏瑞沪深300交易型开放式指数证券投资基金",
    "fund_company": "华泰柏瑞基金管理有限公司",
    "file_id": "1465021",
    "etf_type": "8",
    "nav": 4.8038,
    "nav_per_creation_unit": 4323446.47,
    "previous_cash_component": 108343.47,
    "estimated_cash_component": 108377.47,
    "maximum_cash_ratio": 0.5,
    "creation_redemption_unit": 900000,
    "component_count": 300,
    "publish_iopv": true,
    "creation_redemption_status": "申购和赎回皆允许",
    "creation_redemption_mechanism": "1",
    "creation_limit": null,
    "redemption_limit": 3600000000.0,
    "net_creation_limit": null,
    "net_redemption_limit": null,
    "creation_limit_per_account": null,
    "redemption_limit_per_account": null,
    "net_creation_limit_per_account": null,
    "net_redemption_limit_per_account": null,
    "source": "sse.COMMON_SSE_CP_JJLB_ETFJJGK_GGSGSHQD_JBXX_C",
    "retrieved_at": "2026-08-18T09:30:05.929758+08:00"
  },
  "latest_iopv": {
    "exchange_timestamp": "2026-08-18 09:49:34",
    "trade_date": "2026-08-18",
    "fund_code": "510300",
    "name": "300ETF",
    "extended_name": "沪深300ETF华泰柏瑞",
    "last_price": 4.785,
    "iopv": 4.7898,
    "premium_discount_bps": -10.021295252410356,
    "change_rate_pct": -0.33,
    "change_cny": -0.016,
    "open": 4.794,
    "previous_close": 4.801,
    "high": 4.803,
    "low": 4.784,
    "volume_shares": 198010214.0,
    "amount_cny": 949501815.0,
    "trade_phase_raw": "T111    ",
    "post_close_volume_shares": 0.0,
    "post_close_amount_cny": 0.0,
    "post_close_phase_raw": "A1      ",
    "product_subtype": "EBS",
    "source": "sse.yunhq.sh1.snap",
    "retrieved_at": "2026-08-18T09:49:34.351203+08:00"
  },
  "account_feasibility": {
    "reference_account_cny": 20000.0,
    "creation_unit_notional_cny": 4306500.0,
    "can_directly_create_or_redeem": false,
    "intended_use": "只用PCF和IOPV观察一级市场吸收状态，在二级市场交易510300"
  },
  "storage": {
    "pcf": {
      "file": "data/raw/primary_market/510300_pcf_daily.parquet",
      "row_count": 4,
      "first_key": "2026-08-13",
      "last_key": "2026-08-18",
      "sha256": "829c810ec802ff72ad6532eb5255f25a98fef36cad8dec5db46c14c5e37dac65"
    },
    "iopv": {
      "file": "data/raw/primary_market/510300_iopv_snapshots.parquet",
      "row_count": 176,
      "first_key": "2026-08-13 16:29:06",
      "last_key": "2026-08-18 09:49:34",
      "sha256": "1984b7efbee294eaa635c3a6cf6e7ffe460671004d37838a18c4578ae3087813"
    }
  },
  "raw_response_files": [
    "data/raw/primary_market/raw/iopv/20260818/20260818T094933_210962+0800.json"
  ],
  "governance": {
    "use_as_trading_signal": false,
    "automatic_ordering_authorized": false,
    "note": "当前只采集和纸面验证；未通过前向门槛前不得映射实盘仓位。"
  }
}
{
  "status": "PASS",
  "checked_at": "2026-08-18T09:50:35.710616+08:00",
  "collector": {
    "collector_id": "510300_PRIMARY_SECONDARY_FORWARD_V1",
    "symbol": "510300.SH",
    "fund_code": "510300",
    "timezone": "Asia/Shanghai",
    "timeout_seconds": 15,
    "observation_interval_seconds": 60,
    "collection_start_time": "09:30:00",
    "collection_end_time": "15:00:00",
    "collection_sessions": [
      [
        "09:30:00",
        "11:30:00"
      ],
      [
        "13:00:00",
        "15:00:00"
      ]
    ],
    "evidence_scope": "仅从实际接入日起的前向数据，不回填历史IOPV"
  },
  "checks": {
    "same_fund_code": true,
    "same_trade_date": true,
    "iopv_publication_enabled": true,
    "positive_iopv": true,
    "positive_last_price": true,
    "positive_creation_unit": true,
    "snapshot_fresh_during_collection_session": true
  },
  "freshness": {
    "during_collection_session": true,
    "clock_delay_seconds": 0.710616,
    "maximum_allowed_seconds_during_session": 180.0
  },
  "latest_pcf": {
    "trading_day": "2026-08-18",
    "previous_trading_day": "2026-08-17",
    "fund_code": "510300",
    "fund_name": "华泰柏瑞沪深300交易型开放式指数证券投资基金",
    "fund_company": "华泰柏瑞基金管理有限公司",
    "file_id": "1465021",
    "etf_type": "8",
    "nav": 4.8038,
    "nav_per_creation_unit": 4323446.47,
    "previous_cash_component": 108343.47,
    "estimated_cash_component": 108377.47,
    "maximum_cash_ratio": 0.5,
    "creation_redemption_unit": 900000,
    "component_count": 300,
    "publish_iopv": true,
    "creation_redemption_status": "申购和赎回皆允许",
    "creation_redemption_mechanism": "1",
    "creation_limit": null,
    "redemption_limit": 3600000000.0,
    "net_creation_limit": null,
    "net_redemption_limit": null,
    "creation_limit_per_account": null,
    "redemption_limit_per_account": null,
    "net_creation_limit_per_account": null,
    "net_redemption_limit_per_account": null,
    "source": "sse.COMMON_SSE_CP_JJLB_ETFJJGK_GGSGSHQD_JBXX_C",
    "retrieved_at": "2026-08-18T09:30:05.929758+08:00"
  },
  "latest_iopv": {
    "exchange_timestamp": "2026-08-18 09:50:35",
    "trade_date": "2026-08-18",
    "fund_code": "510300",
    "name": "300ETF",
    "extended_name": "沪深300ETF华泰柏瑞",
    "last_price": 4.782,
    "iopv": 4.7857,
    "premium_discount_bps": -7.731366362287995,
    "change_rate_pct": -0.4,
    "change_cny": -0.019,
    "open": 4.794,
    "previous_close": 4.801,
    "high": 4.803,
    "low": 4.781,
    "volume_shares": 203666514.0,
    "amount_cny": 976559232.0,
    "trade_phase_raw": "T111    ",
    "post_close_volume_shares": 0.0,
    "post_close_amount_cny": 0.0,
    "post_close_phase_raw": "A1      ",
    "product_subtype": "EBS",
    "source": "sse.yunhq.sh1.snap",
    "retrieved_at": "2026-08-18T09:50:35.675794+08:00"
  },
  "account_feasibility": {
    "reference_account_cny": 20000.0,
    "creation_unit_notional_cny": 4303800.0,
    "can_directly_create_or_redeem": false,
    "intended_use": "只用PCF和IOPV观察一级市场吸收状态，在二级市场交易510300"
  },
  "storage": {
    "pcf": {
      "file": "data/raw/primary_market/510300_pcf_daily.parquet",
      "row_count": 4,
      "first_key": "2026-08-13",
      "last_key": "2026-08-18",
      "sha256": "829c810ec802ff72ad6532eb5255f25a98fef36cad8dec5db46c14c5e37dac65"
    },
    "iopv": {
      "file": "data/raw/primary_market/510300_iopv_snapshots.parquet",
      "row_count": 177,
      "first_key": "2026-08-13 16:29:06",
      "last_key": "2026-08-18 09:50:35",
      "sha256": "df837ffdb2da30fce9df006ad9a2995440aac43c9891beb5f4d75b85a5388f66"
    }
  },
  "raw_response_files": [
    "data/raw/primary_market/raw/iopv/20260818/20260818T095034_395177+0800.json"
  ],
  "governance": {
    "use_as_trading_signal": false,
    "automatic_ordering_authorized": false,
    "note": "当前只采集和纸面验证；未通过前向门槛前不得映射实盘仓位。"
  }
}
{
  "status": "PASS",
  "checked_at": "2026-08-18T09:51:37.016714+08:00",
  "collector": {
    "collector_id": "510300_PRIMARY_SECONDARY_FORWARD_V1",
    "symbol": "510300.SH",
    "fund_code": "510300",
    "timezone": "Asia/Shanghai",
    "timeout_seconds": 15,
    "observation_interval_seconds": 60,
    "collection_start_time": "09:30:00",
    "collection_end_time": "15:00:00",
    "collection_sessions": [
      [
        "09:30:00",
        "11:30:00"
      ],
      [
        "13:00:00",
        "15:00:00"
      ]
    ],
    "evidence_scope": "仅从实际接入日起的前向数据，不回填历史IOPV"
  },
  "checks": {
    "same_fund_code": true,
    "same_trade_date": true,
    "iopv_publication_enabled": true,
    "positive_iopv": true,
    "positive_last_price": true,
    "positive_creation_unit": true,
    "snapshot_fresh_during_collection_session": true
  },
  "freshness": {
    "during_collection_session": true,
    "clock_delay_seconds": 0.016714,
    "maximum_allowed_seconds_during_session": 180.0
  },
  "latest_pcf": {
    "trading_day": "2026-08-18",
    "previous_trading_day": "2026-08-17",
    "fund_code": "510300",
    "fund_name": "华泰柏瑞沪深300交易型开放式指数证券投资基金",
    "fund_company": "华泰柏瑞基金管理有限公司",
    "file_id": "1465021",
    "etf_type": "8",
    "nav": 4.8038,
    "nav_per_creation_unit": 4323446.47,
    "previous_cash_component": 108343.47,
    "estimated_cash_component": 108377.47,
    "maximum_cash_ratio": 0.5,
    "creation_redemption_unit": 900000,
    "component_count": 300,
    "publish_iopv": true,
    "creation_redemption_status": "申购和赎回皆允许",
    "creation_redemption_mechanism": "1",
    "creation_limit": null,
    "redemption_limit": 3600000000.0,
    "net_creation_limit": null,
    "net_redemption_limit": null,
    "creation_limit_per_account": null,
    "redemption_limit_per_account": null,
    "net_creation_limit_per_account": null,
    "net_redemption_limit_per_account": null,
    "source": "sse.COMMON_SSE_CP_JJLB_ETFJJGK_GGSGSHQD_JBXX_C",
    "retrieved_at": "2026-08-18T09:30:05.929758+08:00"
  },
  "latest_iopv": {
    "exchange_timestamp": "2026-08-18 09:51:37",
    "trade_date": "2026-08-18",
    "fund_code": "510300",
    "name": "300ETF",
    "extended_name": "沪深300ETF华泰柏瑞",
    "last_price": 4.78,
    "iopv": 4.7837,
    "premium_discount_bps": -7.734598741558907,
    "change_rate_pct": -0.44,
    "change_cny": -0.021,
    "open": 4.794,
    "previous_close": 4.801,
    "high": 4.803,
    "low": 4.779,
    "volume_shares": 210296714.0,
    "amount_cny": 1008257686.0,
    "trade_phase_raw": "T111    ",
    "post_close_volume_shares": 0.0,
    "post_close_amount_cny": 0.0,
    "post_close_phase_raw": "A1      ",
    "product_subtype": "EBS",
    "source": "sse.yunhq.sh1.snap",
    "retrieved_at": "2026-08-18T09:51:36.978346+08:00"
  },
  "account_feasibility": {
    "reference_account_cny": 20000.0,
    "creation_unit_notional_cny": 4302000.0,
    "can_directly_create_or_redeem": false,
    "intended_use": "只用PCF和IOPV观察一级市场吸收状态，在二级市场交易510300"
  },
  "storage": {
    "pcf": {
      "file": "data/raw/primary_market/510300_pcf_daily.parquet",
      "row_count": 4,
      "first_key": "2026-08-13",
      "last_key": "2026-08-18",
      "sha256": "829c810ec802ff72ad6532eb5255f25a98fef36cad8dec5db46c14c5e37dac65"
    },
    "iopv": {
      "file": "data/raw/primary_market/510300_iopv_snapshots.parquet",
      "row_count": 178,
      "first_key": "2026-08-13 16:29:06",
      "last_key": "2026-08-18 09:51:37",
      "sha256": "5f42a9f14ad760f14b123df8d2698a3834f5f2bb81eac958481fc7df81a2bf5d"
    }
  },
  "raw_response_files": [
    "data/raw/primary_market/raw/iopv/20260818/20260818T095135_719609+0800.json"
  ],
  "governance": {
    "use_as_trading_signal": false,
    "automatic_ordering_authorized": false,
    "note": "当前只采集和纸面验证；未通过前向门槛前不得映射实盘仓位。"
  }
}
{
  "status": "PASS",
  "checked_at": "2026-08-18T09:52:38.405391+08:00",
  "collector": {
    "collector_id": "510300_PRIMARY_SECONDARY_FORWARD_V1",
    "symbol": "510300.SH",
    "fund_code": "510300",
    "timezone": "Asia/Shanghai",
    "timeout_seconds": 15,
    "observation_interval_seconds": 60,
    "collection_start_time": "09:30:00",
    "collection_end_time": "15:00:00",
    "collection_sessions": [
      [
        "09:30:00",
        "11:30:00"
      ],
      [
        "13:00:00",
        "15:00:00"
      ]
    ],
    "evidence_scope": "仅从实际接入日起的前向数据，不回填历史IOPV"
  },
  "checks": {
    "same_fund_code": true,
    "same_trade_date": true,
    "iopv_publication_enabled": true,
    "positive_iopv": true,
    "positive_last_price": true,
    "positive_creation_unit": true,
    "snapshot_fresh_during_collection_session": true
  },
  "freshness": {
    "during_collection_session": true,
    "clock_delay_seconds": 0.405391,
    "maximum_allowed_seconds_during_session": 180.0
  },
  "latest_pcf": {
    "trading_day": "2026-08-18",
    "previous_trading_day": "2026-08-17",
    "fund_code": "510300",
    "fund_name": "华泰柏瑞沪深300交易型开放式指数证券投资基金",
    "fund_company": "华泰柏瑞基金管理有限公司",
    "file_id": "1465021",
    "etf_type": "8",
    "nav": 4.8038,
    "nav_per_creation_unit": 4323446.47,
    "previous_cash_component": 108343.47,
    "estimated_cash_component": 108377.47,
    "maximum_cash_ratio": 0.5,
    "creation_redemption_unit": 900000,
    "component_count": 300,
    "publish_iopv": true,
    "creation_redemption_status": "申购和赎回皆允许",
    "creation_redemption_mechanism": "1",
    "creation_limit": null,
    "redemption_limit": 3600000000.0,
    "net_creation_limit": null,
    "net_redemption_limit": null,
    "creation_limit_per_account": null,
    "redemption_limit_per_account": null,
    "net_creation_limit_per_account": null,
    "net_redemption_limit_per_account": null,
    "source": "sse.COMMON_SSE_CP_JJLB_ETFJJGK_GGSGSHQD_JBXX_C",
    "retrieved_at": "2026-08-18T09:30:05.929758+08:00"
  },
  "latest_iopv": {
    "exchange_timestamp": "2026-08-18 09:52:38",
    "trade_date": "2026-08-18",
    "fund_code": "510300",
    "name": "300ETF",
    "extended_name": "沪深300ETF华泰柏瑞",
    "last_price": 4.784,
    "iopv": 4.7862,
    "premium_discount_bps": -4.596548410013002,
    "change_rate_pct": -0.35,
    "change_cny": -0.017,
    "open": 4.794,
    "previous_close": 4.801,
    "high": 4.803,
    "low": 4.778,
    "volume_shares": 214816014.0,
    "amount_cny": 1029860840.0,
    "trade_phase_raw": "T111    ",
    "post_close_volume_shares": 0.0,
    "post_close_amount_cny": 0.0,
    "post_close_phase_raw": "A1      ",
    "product_subtype": "EBS",
    "source": "sse.yunhq.sh1.snap",
    "retrieved_at": "2026-08-18T09:52:38.371386+08:00"
  },
  "account_feasibility": {
    "reference_account_cny": 20000.0,
    "creation_unit_notional_cny": 4305600.0,
    "can_directly_create_or_redeem": false,
    "intended_use": "只用PCF和IOPV观察一级市场吸收状态，在二级市场交易510300"
  },
  "storage": {
    "pcf": {
      "file": "data/raw/primary_market/510300_pcf_daily.parquet",
      "row_count": 4,
      "first_key": "2026-08-13",
      "last_key": "2026-08-18",
      "sha256": "829c810ec802ff72ad6532eb5255f25a98fef36cad8dec5db46c14c5e37dac65"
    },
    "iopv": {
      "file": "data/raw/primary_market/510300_iopv_snapshots.parquet",
      "row_count": 179,
      "first_key": "2026-08-13 16:29:06",
      "last_key": "2026-08-18 09:52:38",
      "sha256": "eafd33853d5592e762d955c85f53ecf34e3c416672a05c41df99124c747894b1"
    }
  },
  "raw_response_files": [
    "data/raw/primary_market/raw/iopv/20260818/20260818T095237_026262+0800.json"
  ],
  "governance": {
    "use_as_trading_signal": false,
    "automatic_ordering_authorized": false,
    "note": "当前只采集和纸面验证；未通过前向门槛前不得映射实盘仓位。"
  }
}
{
  "status": "PASS",
  "checked_at": "2026-08-18T09:53:39.639816+08:00",
  "collector": {
    "collector_id": "510300_PRIMARY_SECONDARY_FORWARD_V1",
    "symbol": "510300.SH",
    "fund_code": "510300",
    "timezone": "Asia/Shanghai",
    "timeout_seconds": 15,
    "observation_interval_seconds": 60,
    "collection_start_time": "09:30:00",
    "collection_end_time": "15:00:00",
    "collection_sessions": [
      [
        "09:30:00",
        "11:30:00"
      ],
      [
        "13:00:00",
        "15:00:00"
      ]
    ],
    "evidence_scope": "仅从实际接入日起的前向数据，不回填历史IOPV"
  },
  "checks": {
    "same_fund_code": true,
    "same_trade_date": true,
    "iopv_publication_enabled": true,
    "positive_iopv": true,
    "positive_last_price": true,
    "positive_creation_unit": true,
    "snapshot_fresh_during_collection_session": true
  },
  "freshness": {
    "during_collection_session": true,
    "clock_delay_seconds": 0.639816,
    "maximum_allowed_seconds_during_session": 180.0
  },
  "latest_pcf": {
    "trading_day": "2026-08-18",
    "previous_trading_day": "2026-08-17",
    "fund_code": "510300",
    "fund_name": "华泰柏瑞沪深300交易型开放式指数证券投资基金",
    "fund_company": "华泰柏瑞基金管理有限公司",
    "file_id": "1465021",
    "etf_type": "8",
    "nav": 4.8038,
    "nav_per_creation_unit": 4323446.47,
    "previous_cash_component": 108343.47,
    "estimated_cash_component": 108377.47,
    "maximum_cash_ratio": 0.5,
    "creation_redemption_unit": 900000,
    "component_count": 300,
    "publish_iopv": true,
    "creation_redemption_status": "申购和赎回皆允许",
    "creation_redemption_mechanism": "1",
    "creation_limit": null,
    "redemption_limit": 3600000000.0,
    "net_creation_limit": null,
    "net_redemption_limit": null,
    "creation_limit_per_account": null,
    "redemption_limit_per_account": null,
    "net_creation_limit_per_account": null,
    "net_redemption_limit_per_account": null,
    "source": "sse.COMMON_SSE_CP_JJLB_ETFJJGK_GGSGSHQD_JBXX_C",
    "retrieved_at": "2026-08-18T09:30:05.929758+08:00"
  },
  "latest_iopv": {
    "exchange_timestamp": "2026-08-18 09:53:39",
    "trade_date": "2026-08-18",
    "fund_code": "510300",
    "name": "300ETF",
    "extended_name": "沪深300ETF华泰柏瑞",
    "last_price": 4.788,
    "iopv": 4.7915,
    "premium_discount_bps": -7.304601899196239,
    "change_rate_pct": -0.27,
    "change_cny": -0.013,
    "open": 4.794,
    "previous_close": 4.801,
    "high": 4.803,
    "low": 4.778,
    "volume_shares": 232615338.0,
    "amount_cny": 1115026453.0,
    "trade_phase_raw": "T111    ",
    "post_close_volume_shares": 0.0,
    "post_close_amount_cny": 0.0,
    "post_close_phase_raw": "A1      ",
    "product_subtype": "EBS",
    "source": "sse.yunhq.sh1.snap",
    "retrieved_at": "2026-08-18T09:53:39.601343+08:00"
  },
  "account_feasibility": {
    "reference_account_cny": 20000.0,
    "creation_unit_notional_cny": 4309200.0,
    "can_directly_create_or_redeem": false,
    "intended_use": "只用PCF和IOPV观察一级市场吸收状态，在二级市场交易510300"
  },
  "storage": {
    "pcf": {
      "file": "data/raw/primary_market/510300_pcf_daily.parquet",
      "row_count": 4,
      "first_key": "2026-08-13",
      "last_key": "2026-08-18",
      "sha256": "829c810ec802ff72ad6532eb5255f25a98fef36cad8dec5db46c14c5e37dac65"
    },
    "iopv": {
      "file": "data/raw/primary_market/510300_iopv_snapshots.parquet",
      "row_count": 180,
      "first_key": "2026-08-13 16:29:06",
      "last_key": "2026-08-18 09:53:39",
      "sha256": "a7a08d35396baf717d7f1c5a105675873e75cb3f4624e09db91d2bd21c7f77b5"
    }
  },
  "raw_response_files": [
    "data/raw/primary_market/raw/iopv/20260818/20260818T095338_414157+0800.json"
  ],
  "governance": {
    "use_as_trading_signal": false,
    "automatic_ordering_authorized": false,
    "note": "当前只采集和纸面验证；未通过前向门槛前不得映射实盘仓位。"
  }
}
{
  "status": "PASS",
  "checked_at": "2026-08-18T09:54:41.370791+08:00",
  "collector": {
    "collector_id": "510300_PRIMARY_SECONDARY_FORWARD_V1",
    "symbol": "510300.SH",
    "fund_code": "510300",
    "timezone": "Asia/Shanghai",
    "timeout_seconds": 15,
    "observation_interval_seconds": 60,
    "collection_start_time": "09:30:00",
    "collection_end_time": "15:00:00",
    "collection_sessions": [
      [
        "09:30:00",
        "11:30:00"
      ],
      [
        "13:00:00",
        "15:00:00"
      ]
    ],
    "evidence_scope": "仅从实际接入日起的前向数据，不回填历史IOPV"
  },
  "checks": {
    "same_fund_code": true,
    "same_trade_date": true,
    "iopv_publication_enabled": true,
    "positive_iopv": true,
    "positive_last_price": true,
    "positive_creation_unit": true,
    "snapshot_fresh_during_collection_session": true
  },
  "freshness": {
    "during_collection_session": true,
    "clock_delay_seconds": 0.370791,
    "maximum_allowed_seconds_during_session": 180.0
  },
  "latest_pcf": {
    "trading_day": "2026-08-18",
    "previous_trading_day": "2026-08-17",
    "fund_code": "510300",
    "fund_name": "华泰柏瑞沪深300交易型开放式指数证券投资基金",
    "fund_company": "华泰柏瑞基金管理有限公司",
    "file_id": "1465021",
    "etf_type": "8",
    "nav": 4.8038,
    "nav_per_creation_unit": 4323446.47,
    "previous_cash_component": 108343.47,
    "estimated_cash_component": 108377.47,
    "maximum_cash_ratio": 0.5,
    "creation_redemption_unit": 900000,
    "component_count": 300,
    "publish_iopv": true,
    "creation_redemption_status": "申购和赎回皆允许",
    "creation_redemption_mechanism": "1",
    "creation_limit": null,
    "redemption_limit": 3600000000.0,
    "net_creation_limit": null,
    "net_redemption_limit": null,
    "creation_limit_per_account": null,
    "redemption_limit_per_account": null,
    "net_creation_limit_per_account": null,
    "net_redemption_limit_per_account": null,
    "source": "sse.COMMON_SSE_CP_JJLB_ETFJJGK_GGSGSHQD_JBXX_C",
    "retrieved_at": "2026-08-18T09:30:05.929758+08:00"
  },
  "latest_iopv": {
    "exchange_timestamp": "2026-08-18 09:54:41",
    "trade_date": "2026-08-18",
    "fund_code": "510300",
    "name": "300ETF",
    "extended_name": "沪深300ETF华泰柏瑞",
    "last_price": 4.782,
    "iopv": 4.7863,
    "premium_discount_bps": -8.983975095584462,
    "change_rate_pct": -0.4,
    "change_cny": -0.019,
    "open": 4.794,
    "previous_close": 4.801,
    "high": 4.803,
    "low": 4.778,
    "volume_shares": 237014638.0,
    "amount_cny": 1136079440.0,
    "trade_phase_raw": "T111    ",
    "post_close_volume_shares": 0.0,
    "post_close_amount_cny": 0.0,
    "post_close_phase_raw": "A1      ",
    "product_subtype": "EBS",
    "source": "sse.yunhq.sh1.snap",
    "retrieved_at": "2026-08-18T09:54:41.347678+08:00"
  },
  "account_feasibility": {
    "reference_account_cny": 20000.0,
    "creation_unit_notional_cny": 4303800.0,
    "can_directly_create_or_redeem": false,
    "intended_use": "只用PCF和IOPV观察一级市场吸收状态，在二级市场交易510300"
  },
  "storage": {
    "pcf": {
      "file": "data/raw/primary_market/510300_pcf_daily.parquet",
      "row_count": 4,
      "first_key": "2026-08-13",
      "last_key": "2026-08-18",
      "sha256": "829c810ec802ff72ad6532eb5255f25a98fef36cad8dec5db46c14c5e37dac65"
    },
    "iopv": {
      "file": "data/raw/primary_market/510300_iopv_snapshots.parquet",
      "row_count": 181,
      "first_key": "2026-08-13 16:29:06",
      "last_key": "2026-08-18 09:54:41",
      "sha256": "34389d8a2c53ec44d339f87e394955e5cf5a8aef12195711b309d1ba1770ff9c"
    }
  },
  "raw_response_files": [
    "data/raw/primary_market/raw/iopv/20260818/20260818T095439_649008+0800.json"
  ],
  "governance": {
    "use_as_trading_signal": false,
    "automatic_ordering_authorized": false,
    "note": "当前只采集和纸面验证；未通过前向门槛前不得映射实盘仓位。"
  }
}
{
  "status": "PASS",
  "checked_at": "2026-08-18T09:55:43.881300+08:00",
  "collector": {
    "collector_id": "510300_PRIMARY_SECONDARY_FORWARD_V1",
    "symbol": "510300.SH",
    "fund_code": "510300",
    "timezone": "Asia/Shanghai",
    "timeout_seconds": 15,
    "observation_interval_seconds": 60,
    "collection_start_time": "09:30:00",
    "collection_end_time": "15:00:00",
    "collection_sessions": [
      [
        "09:30:00",
        "11:30:00"
      ],
      [
        "13:00:00",
        "15:00:00"
      ]
    ],
    "evidence_scope": "仅从实际接入日起的前向数据，不回填历史IOPV"
  },
  "checks": {
    "same_fund_code": true,
    "same_trade_date": true,
    "iopv_publication_enabled": true,
    "positive_iopv": true,
    "positive_last_price": true,
    "positive_creation_unit": true,
    "snapshot_fresh_during_collection_session": true
  },
  "freshness": {
    "during_collection_session": true,
    "clock_delay_seconds": 0.8813,
    "maximum_allowed_seconds_during_session": 180.0
  },
  "latest_pcf": {
    "trading_day": "2026-08-18",
    "previous_trading_day": "2026-08-17",
    "fund_code": "510300",
    "fund_name": "华泰柏瑞沪深300交易型开放式指数证券投资基金",
    "fund_company": "华泰柏瑞基金管理有限公司",
    "file_id": "1465021",
    "etf_type": "8",
    "nav": 4.8038,
    "nav_per_creation_unit": 4323446.47,
    "previous_cash_component": 108343.47,
    "estimated_cash_component": 108377.47,
    "maximum_cash_ratio": 0.5,
    "creation_redemption_unit": 900000,
    "component_count": 300,
    "publish_iopv": true,
    "creation_redemption_status": "申购和赎回皆允许",
    "creation_redemption_mechanism": "1",
    "creation_limit": null,
    "redemption_limit": 3600000000.0,
    "net_creation_limit": null,
    "net_redemption_limit": null,
    "creation_limit_per_account": null,
    "redemption_limit_per_account": null,
    "net_creation_limit_per_account": null,
    "net_redemption_limit_per_account": null,
    "source": "sse.COMMON_SSE_CP_JJLB_ETFJJGK_GGSGSHQD_JBXX_C",
    "retrieved_at": "2026-08-18T09:30:05.929758+08:00"
  },
  "latest_iopv": {
    "exchange_timestamp": "2026-08-18 09:55:43",
    "trade_date": "2026-08-18",
    "fund_code": "510300",
    "name": "300ETF",
    "extended_name": "沪深300ETF华泰柏瑞",
    "last_price": 4.785,
    "iopv": 4.789,
    "premium_discount_bps": -8.35247442054654,
    "change_rate_pct": -0.33,
    "change_cny": -0.016,
    "open": 4.794,
    "previous_close": 4.801,
    "high": 4.803,
    "low": 4.778,
    "volume_shares": 242089838.0,
    "amount_cny": 1160365866.0,
    "trade_phase_raw": "T111    ",
    "post_close_volume_shares": 0.0,
    "post_close_amount_cny": 0.0,
    "post_close_phase_raw": "A1      ",
    "product_subtype": "EBS",
    "source": "sse.yunhq.sh1.snap",
    "retrieved_at": "2026-08-18T09:55:43.843480+08:00"
  },
  "account_feasibility": {
    "reference_account_cny": 20000.0,
    "creation_unit_notional_cny": 4306500.0,
    "can_directly_create_or_redeem": false,
    "intended_use": "只用PCF和IOPV观察一级市场吸收状态，在二级市场交易510300"
  },
  "storage": {
    "pcf": {
      "file": "data/raw/primary_market/510300_pcf_daily.parquet",
      "row_count": 4,
      "first_key": "2026-08-13",
      "last_key": "2026-08-18",
      "sha256": "829c810ec802ff72ad6532eb5255f25a98fef36cad8dec5db46c14c5e37dac65"
    },
    "iopv": {
      "file": "data/raw/primary_market/510300_iopv_snapshots.parquet",
      "row_count": 182,
      "first_key": "2026-08-13 16:29:06",
      "last_key": "2026-08-18 09:55:43",
      "sha256": "57ee20a569c2c24d1000e1c98b0feac7194b774ebb0c3e663063cedbdb2f749f"
    }
  },
  "raw_response_files": [
    "data/raw/primary_market/raw/iopv/20260818/20260818T095541_378979+0800.json"
  ],
  "governance": {
    "use_as_trading_signal": false,
    "automatic_ordering_authorized": false,
    "note": "当前只采集和纸面验证；未通过前向门槛前不得映射实盘仓位。"
  }
}
{
  "status": "PASS",
  "checked_at": "2026-08-18T09:56:45.164714+08:00",
  "collector": {
    "collector_id": "510300_PRIMARY_SECONDARY_FORWARD_V1",
    "symbol": "510300.SH",
    "fund_code": "510300",
    "timezone": "Asia/Shanghai",
    "timeout_seconds": 15,
    "observation_interval_seconds": 60,
    "collection_start_time": "09:30:00",
    "collection_end_time": "15:00:00",
    "collection_sessions": [
      [
        "09:30:00",
        "11:30:00"
      ],
      [
        "13:00:00",
        "15:00:00"
      ]
    ],
    "evidence_scope": "仅从实际接入日起的前向数据，不回填历史IOPV"
  },
  "checks": {
    "same_fund_code": true,
    "same_trade_date": true,
    "iopv_publication_enabled": true,
    "positive_iopv": true,
    "positive_last_price": true,
    "positive_creation_unit": true,
    "snapshot_fresh_during_collection_session": true
  },
  "freshness": {
    "during_collection_session": true,
    "clock_delay_seconds": 0.164714,
    "maximum_allowed_seconds_during_session": 180.0
  },
  "latest_pcf": {
    "trading_day": "2026-08-18",
    "previous_trading_day": "2026-08-17",
    "fund_code": "510300",
    "fund_name": "华泰柏瑞沪深300交易型开放式指数证券投资基金",
    "fund_company": "华泰柏瑞基金管理有限公司",
    "file_id": "1465021",
    "etf_type": "8",
    "nav": 4.8038,
    "nav_per_creation_unit": 4323446.47,
    "previous_cash_component": 108343.47,
    "estimated_cash_component": 108377.47,
    "maximum_cash_ratio": 0.5,
    "creation_redemption_unit": 900000,
    "component_count": 300,
    "publish_iopv": true,
    "creation_redemption_status": "申购和赎回皆允许",
    "creation_redemption_mechanism": "1",
    "creation_limit": null,
    "redemption_limit": 3600000000.0,
    "net_creation_limit": null,
    "net_redemption_limit": null,
    "creation_limit_per_account": null,
    "redemption_limit_per_account": null,
    "net_creation_limit_per_account": null,
    "net_redemption_limit_per_account": null,
    "source": "sse.COMMON_SSE_CP_JJLB_ETFJJGK_GGSGSHQD_JBXX_C",
    "retrieved_at": "2026-08-18T09:30:05.929758+08:00"
  },
  "latest_iopv": {
    "exchange_timestamp": "2026-08-18 09:56:45",
    "trade_date": "2026-08-18",
    "fund_code": "510300",
    "name": "300ETF",
    "extended_name": "沪深300ETF华泰柏瑞",
    "last_price": 4.78,
    "iopv": 4.7842,
    "premium_discount_bps": -8.778897203294278,
    "change_rate_pct": -0.44,
    "change_cny": -0.021,
    "open": 4.794,
    "previous_close": 4.801,
    "high": 4.803,
    "low": 4.778,
    "volume_shares": 245453138.0,
    "amount_cny": 1176453449.0,
    "trade_phase_raw": "T111    ",
    "post_close_volume_shares": 0.0,
    "post_close_amount_cny": 0.0,
    "post_close_phase_raw": "A1      ",
    "product_subtype": "EBS",
    "source": "sse.yunhq.sh1.snap",
    "retrieved_at": "2026-08-18T09:56:45.133226+08:00"
  },
  "account_feasibility": {
    "reference_account_cny": 20000.0,
    "creation_unit_notional_cny": 4302000.0,
    "can_directly_create_or_redeem": false,
    "intended_use": "只用PCF和IOPV观察一级市场吸收状态，在二级市场交易510300"
  },
  "storage": {
    "pcf": {
      "file": "data/raw/primary_market/510300_pcf_daily.parquet",
      "row_count": 4,
      "first_key": "2026-08-13",
      "last_key": "2026-08-18",
      "sha256": "829c810ec802ff72ad6532eb5255f25a98fef36cad8dec5db46c14c5e37dac65"
    },
    "iopv": {
      "file": "data/raw/primary_market/510300_iopv_snapshots.parquet",
      "row_count": 183,
      "first_key": "2026-08-13 16:29:06",
      "last_key": "2026-08-18 09:56:45",
      "sha256": "72edc68c95616417193238c18781fc4405f2ff18bdbe424b4f506a7e2dfdb8ea"
    }
  },
  "raw_response_files": [
    "data/raw/primary_market/raw/iopv/20260818/20260818T095643_889284+0800.json"
  ],
  "governance": {
    "use_as_trading_signal": false,
    "automatic_ordering_authorized": false,
    "note": "当前只采集和纸面验证；未通过前向门槛前不得映射实盘仓位。"
  }
}
{
  "status": "PASS",
  "checked_at": "2026-08-18T09:57:46.379741+08:00",
  "collector": {
    "collector_id": "510300_PRIMARY_SECONDARY_FORWARD_V1",
    "symbol": "510300.SH",
    "fund_code": "510300",
    "timezone": "Asia/Shanghai",
    "timeout_seconds": 15,
    "observation_interval_seconds": 60,
    "collection_start_time": "09:30:00",
    "collection_end_time": "15:00:00",
    "collection_sessions": [
      [
        "09:30:00",
        "11:30:00"
      ],
      [
        "13:00:00",
        "15:00:00"
      ]
    ],
    "evidence_scope": "仅从实际接入日起的前向数据，不回填历史IOPV"
  },
  "checks": {
    "same_fund_code": true,
    "same_trade_date": true,
    "iopv_publication_enabled": true,
    "positive_iopv": true,
    "positive_last_price": true,
    "positive_creation_unit": true,
    "snapshot_fresh_during_collection_session": true
  },
  "freshness": {
    "during_collection_session": true,
    "clock_delay_seconds": 0.379741,
    "maximum_allowed_seconds_during_session": 180.0
  },
  "latest_pcf": {
    "trading_day": "2026-08-18",
    "previous_trading_day": "2026-08-17",
    "fund_code": "510300",
    "fund_name": "华泰柏瑞沪深300交易型开放式指数证券投资基金",
    "fund_company": "华泰柏瑞基金管理有限公司",
    "file_id": "1465021",
    "etf_type": "8",
    "nav": 4.8038,
    "nav_per_creation_unit": 4323446.47,
    "previous_cash_component": 108343.47,
    "estimated_cash_component": 108377.47,
    "maximum_cash_ratio": 0.5,
    "creation_redemption_unit": 900000,
    "component_count": 300,
    "publish_iopv": true,
    "creation_redemption_status": "申购和赎回皆允许",
    "creation_redemption_mechanism": "1",
    "creation_limit": null,
    "redemption_limit": 3600000000.0,
    "net_creation_limit": null,
    "net_redemption_limit": null,
    "creation_limit_per_account": null,
    "redemption_limit_per_account": null,
    "net_creation_limit_per_account": null,
    "net_redemption_limit_per_account": null,
    "source": "sse.COMMON_SSE_CP_JJLB_ETFJJGK_GGSGSHQD_JBXX_C",
    "retrieved_at": "2026-08-18T09:30:05.929758+08:00"
  },
  "latest_iopv": {
    "exchange_timestamp": "2026-08-18 09:57:46",
    "trade_date": "2026-08-18",
    "fund_code": "510300",
    "name": "300ETF",
    "extended_name": "沪深300ETF华泰柏瑞",
    "last_price": 4.779,
    "iopv": 4.7827,
    "premium_discount_bps": -7.736215944968983,
    "change_rate_pct": -0.46,
    "change_cny": -0.022,
    "open": 4.794,
    "previous_close": 4.801,
    "high": 4.803,
    "low": 4.778,
    "volume_shares": 247687943.0,
    "amount_cny": 1187136379.0,
    "trade_phase_raw": "T111    ",
    "post_close_volume_shares": 0.0,
    "post_close_amount_cny": 0.0,
    "post_close_phase_raw": "A1      ",
    "product_subtype": "EBS",
    "source": "sse.yunhq.sh1.snap",
    "retrieved_at": "2026-08-18T09:57:46.345933+08:00"
  },
  "account_feasibility": {
    "reference_account_cny": 20000.0,
    "creation_unit_notional_cny": 4301100.0,
    "can_directly_create_or_redeem": false,
    "intended_use": "只用PCF和IOPV观察一级市场吸收状态，在二级市场交易510300"
  },
  "storage": {
    "pcf": {
      "file": "data/raw/primary_market/510300_pcf_daily.parquet",
      "row_count": 4,
      "first_key": "2026-08-13",
      "last_key": "2026-08-18",
      "sha256": "829c810ec802ff72ad6532eb5255f25a98fef36cad8dec5db46c14c5e37dac65"
    },
    "iopv": {
      "file": "data/raw/primary_market/510300_iopv_snapshots.parquet",
      "row_count": 184,
      "first_key": "2026-08-13 16:29:06",
      "last_key": "2026-08-18 09:57:46",
      "sha256": "23eea885b47a35ce7d692717b91d2225af61b29b851a6ddab98645737044d202"
    }
  },
  "raw_response_files": [
    "data/raw/primary_market/raw/iopv/20260818/20260818T095745_171563+0800.json"
  ],
  "governance": {
    "use_as_trading_signal": false,
    "automatic_ordering_authorized": false,
    "note": "当前只采集和纸面验证；未通过前向门槛前不得映射实盘仓位。"
  }
}
{
  "status": "PASS",
  "checked_at": "2026-08-18T09:58:48.387555+08:00",
  "collector": {
    "collector_id": "510300_PRIMARY_SECONDARY_FORWARD_V1",
    "symbol": "510300.SH",
    "fund_code": "510300",
    "timezone": "Asia/Shanghai",
    "timeout_seconds": 15,
    "observation_interval_seconds": 60,
    "collection_start_time": "09:30:00",
    "collection_end_time": "15:00:00",
    "collection_sessions": [
      [
        "09:30:00",
        "11:30:00"
      ],
      [
        "13:00:00",
        "15:00:00"
      ]
    ],
    "evidence_scope": "仅从实际接入日起的前向数据，不回填历史IOPV"
  },
  "checks": {
    "same_fund_code": true,
    "same_trade_date": true,
    "iopv_publication_enabled": true,
    "positive_iopv": true,
    "positive_last_price": true,
    "positive_creation_unit": true,
    "snapshot_fresh_during_collection_session": true
  },
  "freshness": {
    "during_collection_session": true,
    "clock_delay_seconds": 0.387555,
    "maximum_allowed_seconds_during_session": 180.0
  },
  "latest_pcf": {
    "trading_day": "2026-08-18",
    "previous_trading_day": "2026-08-17",
    "fund_code": "510300",
    "fund_name": "华泰柏瑞沪深300交易型开放式指数证券投资基金",
    "fund_company": "华泰柏瑞基金管理有限公司",
    "file_id": "1465021",
    "etf_type": "8",
    "nav": 4.8038,
    "nav_per_creation_unit": 4323446.47,
    "previous_cash_component": 108343.47,
    "estimated_cash_component": 108377.47,
    "maximum_cash_ratio": 0.5,
    "creation_redemption_unit": 900000,
    "component_count": 300,
    "publish_iopv": true,
    "creation_redemption_status": "申购和赎回皆允许",
    "creation_redemption_mechanism": "1",
    "creation_limit": null,
    "redemption_limit": 3600000000.0,
    "net_creation_limit": null,
    "net_redemption_limit": null,
    "creation_limit_per_account": null,
    "redemption_limit_per_account": null,
    "net_creation_limit_per_account": null,
    "net_redemption_limit_per_account": null,
    "source": "sse.COMMON_SSE_CP_JJLB_ETFJJGK_GGSGSHQD_JBXX_C",
    "retrieved_at": "2026-08-18T09:30:05.929758+08:00"
  },
  "latest_iopv": {
    "exchange_timestamp": "2026-08-18 09:58:48",
    "trade_date": "2026-08-18",
    "fund_code": "510300",
    "name": "300ETF",
    "extended_name": "沪深300ETF华泰柏瑞",
    "last_price": 4.782,
    "iopv": 4.7858,
    "premium_discount_bps": -7.940156295708212,
    "change_rate_pct": -0.4,
    "change_cny": -0.019,
    "open": 4.794,
    "previous_close": 4.801,
    "high": 4.803,
    "low": 4.778,
    "volume_shares": 251268543.0,
    "amount_cny": 1204252903.0,
    "trade_phase_raw": "T111    ",
    "post_close_volume_shares": 0.0,
    "post_close_amount_cny": 0.0,
    "post_close_phase_raw": "A1      ",
    "product_subtype": "EBS",
    "source": "sse.yunhq.sh1.snap",
    "retrieved_at": "2026-08-18T09:58:48.359681+08:00"
  },
  "account_feasibility": {
    "reference_account_cny": 20000.0,
    "creation_unit_notional_cny": 4303800.0,
    "can_directly_create_or_redeem": false,
    "intended_use": "只用PCF和IOPV观察一级市场吸收状态，在二级市场交易510300"
  },
  "storage": {
    "pcf": {
      "file": "data/raw/primary_market/510300_pcf_daily.parquet",
      "row_count": 4,
      "first_key": "2026-08-13",
      "last_key": "2026-08-18",
      "sha256": "829c810ec802ff72ad6532eb5255f25a98fef36cad8dec5db46c14c5e37dac65"
    },
    "iopv": {
      "file": "data/raw/primary_market/510300_iopv_snapshots.parquet",
      "row_count": 185,
      "first_key": "2026-08-13 16:29:06",
      "last_key": "2026-08-18 09:58:48",
      "sha256": "a3ed444a49805d0ff50f0a58ebfedbbf47ff097bee5ebb144ae07f3ce368a9da"
    }
  },
  "raw_response_files": [
    "data/raw/primary_market/raw/iopv/20260818/20260818T095846_386460+0800.json"
  ],
  "governance": {
    "use_as_trading_signal": false,
    "automatic_ordering_authorized": false,
    "note": "当前只采集和纸面验证；未通过前向门槛前不得映射实盘仓位。"
  }
}
{
  "status": "PASS",
  "checked_at": "2026-08-18T09:59:49.574218+08:00",
  "collector": {
    "collector_id": "510300_PRIMARY_SECONDARY_FORWARD_V1",
    "symbol": "510300.SH",
    "fund_code": "510300",
    "timezone": "Asia/Shanghai",
    "timeout_seconds": 15,
    "observation_interval_seconds": 60,
    "collection_start_time": "09:30:00",
    "collection_end_time": "15:00:00",
    "collection_sessions": [
      [
        "09:30:00",
        "11:30:00"
      ],
      [
        "13:00:00",
        "15:00:00"
      ]
    ],
    "evidence_scope": "仅从实际接入日起的前向数据，不回填历史IOPV"
  },
  "checks": {
    "same_fund_code": true,
    "same_trade_date": true,
    "iopv_publication_enabled": true,
    "positive_iopv": true,
    "positive_last_price": true,
    "positive_creation_unit": true,
    "snapshot_fresh_during_collection_session": true
  },
  "freshness": {
    "during_collection_session": true,
    "clock_delay_seconds": 0.574218,
    "maximum_allowed_seconds_during_session": 180.0
  },
  "latest_pcf": {
    "trading_day": "2026-08-18",
    "previous_trading_day": "2026-08-17",
    "fund_code": "510300",
    "fund_name": "华泰柏瑞沪深300交易型开放式指数证券投资基金",
    "fund_company": "华泰柏瑞基金管理有限公司",
    "file_id": "1465021",
    "etf_type": "8",
    "nav": 4.8038,
    "nav_per_creation_unit": 4323446.47,
    "previous_cash_component": 108343.47,
    "estimated_cash_component": 108377.47,
    "maximum_cash_ratio": 0.5,
    "creation_redemption_unit": 900000,
    "component_count": 300,
    "publish_iopv": true,
    "creation_redemption_status": "申购和赎回皆允许",
    "creation_redemption_mechanism": "1",
    "creation_limit": null,
    "redemption_limit": 3600000000.0,
    "net_creation_limit": null,
    "net_redemption_limit": null,
    "creation_limit_per_account": null,
    "redemption_limit_per_account": null,
    "net_creation_limit_per_account": null,
    "net_redemption_limit_per_account": null,
    "source": "sse.COMMON_SSE_CP_JJLB_ETFJJGK_GGSGSHQD_JBXX_C",
    "retrieved_at": "2026-08-18T09:30:05.929758+08:00"
  },
  "latest_iopv": {
    "exchange_timestamp": "2026-08-18 09:59:49",
    "trade_date": "2026-08-18",
    "fund_code": "510300",
    "name": "300ETF",
    "extended_name": "沪深300ETF华泰柏瑞",
    "last_price": 4.781,
    "iopv": 4.7844,
    "premium_discount_bps": -7.106429228325162,
    "change_rate_pct": -0.42,
    "change_cny": -0.02,
    "open": 4.794,
    "previous_close": 4.801,
    "high": 4.803,
    "low": 4.778,
    "volume_shares": 255246743.0,
    "amount_cny": 1223270654.0,
    "trade_phase_raw": "T111    ",
    "post_close_volume_shares": 0.0,
    "post_close_amount_cny": 0.0,
    "post_close_phase_raw": "A1      ",
    "product_subtype": "EBS",
    "source": "sse.yunhq.sh1.snap",
    "retrieved_at": "2026-08-18T09:59:49.537457+08:00"
  },
  "account_feasibility": {
    "reference_account_cny": 20000.0,
    "creation_unit_notional_cny": 4302900.0,
    "can_directly_create_or_redeem": false,
    "intended_use": "只用PCF和IOPV观察一级市场吸收状态，在二级市场交易510300"
  },
  "storage": {
    "pcf": {
      "file": "data/raw/primary_market/510300_pcf_daily.parquet",
      "row_count": 4,
      "first_key": "2026-08-13",
      "last_key": "2026-08-18",
      "sha256": "829c810ec802ff72ad6532eb5255f25a98fef36cad8dec5db46c14c5e37dac65"
    },
    "iopv": {
      "file": "data/raw/primary_market/510300_iopv_snapshots.parquet",
      "row_count": 186,
      "first_key": "2026-08-13 16:29:06",
      "last_key": "2026-08-18 09:59:49",
      "sha256": "601b3e421092dd4c7b1018c934e49d6bf7bbda8aecf23326dc3e45b0bfb2728b"
    }
  },
  "raw_response_files": [
    "data/raw/primary_market/raw/iopv/20260818/20260818T095948_393949+0800.json"
  ],
  "governance": {
    "use_as_trading_signal": false,
    "automatic_ordering_authorized": false,
    "note": "当前只采集和纸面验证；未通过前向门槛前不得映射实盘仓位。"
  }
}
{
  "status": "PASS",
  "checked_at": "2026-08-18T10:00:50.864451+08:00",
  "collector": {
    "collector_id": "510300_PRIMARY_SECONDARY_FORWARD_V1",
    "symbol": "510300.SH",
    "fund_code": "510300",
    "timezone": "Asia/Shanghai",
    "timeout_seconds": 15,
    "observation_interval_seconds": 60,
    "collection_start_time": "09:30:00",
    "collection_end_time": "15:00:00",
    "collection_sessions": [
      [
        "09:30:00",
        "11:30:00"
      ],
      [
        "13:00:00",
        "15:00:00"
      ]
    ],
    "evidence_scope": "仅从实际接入日起的前向数据，不回填历史IOPV"
  },
  "checks": {
    "same_fund_code": true,
    "same_trade_date": true,
    "iopv_publication_enabled": true,
    "positive_iopv": true,
    "positive_last_price": true,
    "positive_creation_unit": true,
    "snapshot_fresh_during_collection_session": true
  },
  "freshness": {
    "during_collection_session": true,
    "clock_delay_seconds": 0.864451,
    "maximum_allowed_seconds_during_session": 180.0
  },
  "latest_pcf": {
    "trading_day": "2026-08-18",
    "previous_trading_day": "2026-08-17",
    "fund_code": "510300",
    "fund_name": "华泰柏瑞沪深300交易型开放式指数证券投资基金",
    "fund_company": "华泰柏瑞基金管理有限公司",
    "file_id": "1465021",
    "etf_type": "8",
    "nav": 4.8038,
    "nav_per_creation_unit": 4323446.47,
    "previous_cash_component": 108343.47,
    "estimated_cash_component": 108377.47,
    "maximum_cash_ratio": 0.5,
    "creation_redemption_unit": 900000,
    "component_count": 300,
    "publish_iopv": true,
    "creation_redemption_status": "申购和赎回皆允许",
    "creation_redemption_mechanism": "1",
    "creation_limit": null,
    "redemption_limit": 3600000000.0,
    "net_creation_limit": null,
    "net_redemption_limit": null,
    "creation_limit_per_account": null,
    "redemption_limit_per_account": null,
    "net_creation_limit_per_account": null,
    "net_redemption_limit_per_account": null,
    "source": "sse.COMMON_SSE_CP_JJLB_ETFJJGK_GGSGSHQD_JBXX_C",
    "retrieved_at": "2026-08-18T09:30:05.929758+08:00"
  },
  "latest_iopv": {
    "exchange_timestamp": "2026-08-18 10:00:50",
    "trade_date": "2026-08-18",
    "fund_code": "510300",
    "name": "300ETF",
    "extended_name": "沪深300ETF华泰柏瑞",
    "last_price": 4.783,
    "iopv": 4.7863,
    "premium_discount_bps": -6.89467856172743,
    "change_rate_pct": -0.37,
    "change_cny": -0.018,
    "open": 4.794,
    "previous_close": 4.801,
    "high": 4.803,
    "low": 4.778,
    "volume_shares": 262994243.0,
    "amount_cny": 1260318483.0,
    "trade_phase_raw": "T111    ",
    "post_close_volume_shares": 0.0,
    "post_close_amount_cny": 0.0,
    "post_close_phase_raw": "A1      ",
    "product_subtype": "EBS",
    "source": "sse.yunhq.sh1.snap",
    "retrieved_at": "2026-08-18T10:00:50.828406+08:00"
  },
  "account_feasibility": {
    "reference_account_cny": 20000.0,
    "creation_unit_notional_cny": 4304700.0,
    "can_directly_create_or_redeem": false,
    "intended_use": "只用PCF和IOPV观察一级市场吸收状态，在二级市场交易510300"
  },
  "storage": {
    "pcf": {
      "file": "data/raw/primary_market/510300_pcf_daily.parquet",
      "row_count": 4,
      "first_key": "2026-08-13",
      "last_key": "2026-08-18",
      "sha256": "829c810ec802ff72ad6532eb5255f25a98fef36cad8dec5db46c14c5e37dac65"
    },
    "iopv": {
      "file": "data/raw/primary_market/510300_iopv_snapshots.parquet",
      "row_count": 187,
      "first_key": "2026-08-13 16:29:06",
      "last_key": "2026-08-18 10:00:50",
      "sha256": "bf55a2e7dd233c89a8f239fe89574df4be1fe8235389d7190ca504cde4bdc2c9"
    }
  },
  "raw_response_files": [
    "data/raw/primary_market/raw/iopv/20260818/20260818T100049_581363+0800.json"
  ],
  "governance": {
    "use_as_trading_signal": false,
    "automatic_ordering_authorized": false,
    "note": "当前只采集和纸面验证；未通过前向门槛前不得映射实盘仓位。"
  }
}
{
  "status": "PASS",
  "checked_at": "2026-08-18T10:01:53.030420+08:00",
  "collector": {
    "collector_id": "510300_PRIMARY_SECONDARY_FORWARD_V1",
    "symbol": "510300.SH",
    "fund_code": "510300",
    "timezone": "Asia/Shanghai",
    "timeout_seconds": 15,
    "observation_interval_seconds": 60,
    "collection_start_time": "09:30:00",
    "collection_end_time": "15:00:00",
    "collection_sessions": [
      [
        "09:30:00",
        "11:30:00"
      ],
      [
        "13:00:00",
        "15:00:00"
      ]
    ],
    "evidence_scope": "仅从实际接入日起的前向数据，不回填历史IOPV"
  },
  "checks": {
    "same_fund_code": true,
    "same_trade_date": true,
    "iopv_publication_enabled": true,
    "positive_iopv": true,
    "positive_last_price": true,
    "positive_creation_unit": true,
    "snapshot_fresh_during_collection_session": true
  },
  "freshness": {
    "during_collection_session": true,
    "clock_delay_seconds": 1.03042,
    "maximum_allowed_seconds_during_session": 180.0
  },
  "latest_pcf": {
    "trading_day": "2026-08-18",
    "previous_trading_day": "2026-08-17",
    "fund_code": "510300",
    "fund_name": "华泰柏瑞沪深300交易型开放式指数证券投资基金",
    "fund_company": "华泰柏瑞基金管理有限公司",
    "file_id": "1465021",
    "etf_type": "8",
    "nav": 4.8038,
    "nav_per_creation_unit": 4323446.47,
    "previous_cash_component": 108343.47,
    "estimated_cash_component": 108377.47,
    "maximum_cash_ratio": 0.5,
    "creation_redemption_unit": 900000,
    "component_count": 300,
    "publish_iopv": true,
    "creation_redemption_status": "申购和赎回皆允许",
    "creation_redemption_mechanism": "1",
    "creation_limit": null,
    "redemption_limit": 3600000000.0,
    "net_creation_limit": null,
    "net_redemption_limit": null,
    "creation_limit_per_account": null,
    "redemption_limit_per_account": null,
    "net_creation_limit_per_account": null,
    "net_redemption_limit_per_account": null,
    "source": "sse.COMMON_SSE_CP_JJLB_ETFJJGK_GGSGSHQD_JBXX_C",
    "retrieved_at": "2026-08-18T09:30:05.929758+08:00"
  },
  "latest_iopv": {
    "exchange_timestamp": "2026-08-18 10:01:52",
    "trade_date": "2026-08-18",
    "fund_code": "510300",
    "name": "300ETF",
    "extended_name": "沪深300ETF华泰柏瑞",
    "last_price": 4.784,
    "iopv": 4.7882,
    "premium_discount_bps": -8.771563426757112,
    "change_rate_pct": -0.35,
    "change_cny": -0.017,
    "open": 4.794,
    "previous_close": 4.801,
    "high": 4.803,
    "low": 4.778,
    "volume_shares": 265852643.0,
    "amount_cny": 1273992332.0,
    "trade_phase_raw": "T111    ",
    "post_close_volume_shares": 0.0,
    "post_close_amount_cny": 0.0,
    "post_close_phase_raw": "A1      ",
    "product_subtype": "EBS",
    "source": "sse.yunhq.sh1.snap",
    "retrieved_at": "2026-08-18T10:01:52.933500+08:00"
  },
  "account_feasibility": {
    "reference_account_cny": 20000.0,
    "creation_unit_notional_cny": 4305600.0,
    "can_directly_create_or_redeem": false,
    "intended_use": "只用PCF和IOPV观察一级市场吸收状态，在二级市场交易510300"
  },
  "storage": {
    "pcf": {
      "file": "data/raw/primary_market/510300_pcf_daily.parquet",
      "row_count": 4,
      "first_key": "2026-08-13",
      "last_key": "2026-08-18",
      "sha256": "829c810ec802ff72ad6532eb5255f25a98fef36cad8dec5db46c14c5e37dac65"
    },
    "iopv": {
      "file": "data/raw/primary_market/510300_iopv_snapshots.parquet",
      "row_count": 188,
      "first_key": "2026-08-13 16:29:06",
      "last_key": "2026-08-18 10:01:52",
      "sha256": "6c1f6af8185739f8ea4662b843c98fc4080e449c980f0bcdbdcf3e37a10b2542"
    }
  },
  "raw_response_files": [
    "data/raw/primary_market/raw/iopv/20260818/20260818T100150_873381+0800.json"
  ],
  "governance": {
    "use_as_trading_signal": false,
    "automatic_ordering_authorized": false,
    "note": "当前只采集和纸面验证；未通过前向门槛前不得映射实盘仓位。"
  }
}
{
  "status": "PASS",
  "checked_at": "2026-08-18T10:02:55.648513+08:00",
  "collector": {
    "collector_id": "510300_PRIMARY_SECONDARY_FORWARD_V1",
    "symbol": "510300.SH",
    "fund_code": "510300",
    "timezone": "Asia/Shanghai",
    "timeout_seconds": 15,
    "observation_interval_seconds": 60,
    "collection_start_time": "09:30:00",
    "collection_end_time": "15:00:00",
    "collection_sessions": [
      [
        "09:30:00",
        "11:30:00"
      ],
      [
        "13:00:00",
        "15:00:00"
      ]
    ],
    "evidence_scope": "仅从实际接入日起的前向数据，不回填历史IOPV"
  },
  "checks": {
    "same_fund_code": true,
    "same_trade_date": true,
    "iopv_publication_enabled": true,
    "positive_iopv": true,
    "positive_last_price": true,
    "positive_creation_unit": true,
    "snapshot_fresh_during_collection_session": true
  },
  "freshness": {
    "during_collection_session": true,
    "clock_delay_seconds": 0.648513,
    "maximum_allowed_seconds_during_session": 180.0
  },
  "latest_pcf": {
    "trading_day": "2026-08-18",
    "previous_trading_day": "2026-08-17",
    "fund_code": "510300",
    "fund_name": "华泰柏瑞沪深300交易型开放式指数证券投资基金",
    "fund_company": "华泰柏瑞基金管理有限公司",
    "file_id": "1465021",
    "etf_type": "8",
    "nav": 4.8038,
    "nav_per_creation_unit": 4323446.47,
    "previous_cash_component": 108343.47,
    "estimated_cash_component": 108377.47,
    "maximum_cash_ratio": 0.5,
    "creation_redemption_unit": 900000,
    "component_count": 300,
    "publish_iopv": true,
    "creation_redemption_status": "申购和赎回皆允许",
    "creation_redemption_mechanism": "1",
    "creation_limit": null,
    "redemption_limit": 3600000000.0,
    "net_creation_limit": null,
    "net_redemption_limit": null,
    "creation_limit_per_account": null,
    "redemption_limit_per_account": null,
    "net_creation_limit_per_account": null,
    "net_redemption_limit_per_account": null,
    "source": "sse.COMMON_SSE_CP_JJLB_ETFJJGK_GGSGSHQD_JBXX_C",
    "retrieved_at": "2026-08-18T09:30:05.929758+08:00"
  },
  "latest_iopv": {
    "exchange_timestamp": "2026-08-18 10:02:55",
    "trade_date": "2026-08-18",
    "fund_code": "510300",
    "name": "300ETF",
    "extended_name": "沪深300ETF华泰柏瑞",
    "last_price": 4.784,
    "iopv": 4.7885,
    "premium_discount_bps": -9.397514879398994,
    "change_rate_pct": -0.35,
    "change_cny": -0.017,
    "open": 4.794,
    "previous_close": 4.801,
    "high": 4.803,
    "low": 4.778,
    "volume_shares": 271876943.0,
    "amount_cny": 1302815881.0,
    "trade_phase_raw": "T111    ",
    "post_close_volume_shares": 0.0,
    "post_close_amount_cny": 0.0,
    "post_close_phase_raw": "A1      ",
    "product_subtype": "EBS",
    "source": "sse.yunhq.sh1.snap",
    "retrieved_at": "2026-08-18T10:02:55.611627+08:00"
  },
  "account_feasibility": {
    "reference_account_cny": 20000.0,
    "creation_unit_notional_cny": 4305600.0,
    "can_directly_create_or_redeem": false,
    "intended_use": "只用PCF和IOPV观察一级市场吸收状态，在二级市场交易510300"
  },
  "storage": {
    "pcf": {
      "file": "data/raw/primary_market/510300_pcf_daily.parquet",
      "row_count": 4,
      "first_key": "2026-08-13",
      "last_key": "2026-08-18",
      "sha256": "829c810ec802ff72ad6532eb5255f25a98fef36cad8dec5db46c14c5e37dac65"
    },
    "iopv": {
      "file": "data/raw/primary_market/510300_iopv_snapshots.parquet",
      "row_count": 189,
      "first_key": "2026-08-13 16:29:06",
      "last_key": "2026-08-18 10:02:55",
      "sha256": "74c17066fa49cb8c35c2fa689be59e5161f996080179dc2bbb76f01420813c25"
    }
  },
  "raw_response_files": [
    "data/raw/primary_market/raw/iopv/20260818/20260818T100253_039149+0800.json"
  ],
  "governance": {
    "use_as_trading_signal": false,
    "automatic_ordering_authorized": false,
    "note": "当前只采集和纸面验证；未通过前向门槛前不得映射实盘仓位。"
  }
}
{
  "status": "PASS",
  "checked_at": "2026-08-18T10:03:57.710816+08:00",
  "collector": {
    "collector_id": "510300_PRIMARY_SECONDARY_FORWARD_V1",
    "symbol": "510300.SH",
    "fund_code": "510300",
    "timezone": "Asia/Shanghai",
    "timeout_seconds": 15,
    "observation_interval_seconds": 60,
    "collection_start_time": "09:30:00",
    "collection_end_time": "15:00:00",
    "collection_sessions": [
      [
        "09:30:00",
        "11:30:00"
      ],
      [
        "13:00:00",
        "15:00:00"
      ]
    ],
    "evidence_scope": "仅从实际接入日起的前向数据，不回填历史IOPV"
  },
  "checks": {
    "same_fund_code": true,
    "same_trade_date": true,
    "iopv_publication_enabled": true,
    "positive_iopv": true,
    "positive_last_price": true,
    "positive_creation_unit": true,
    "snapshot_fresh_during_collection_session": true
  },
  "freshness": {
    "during_collection_session": true,
    "clock_delay_seconds": 0.710816,
    "maximum_allowed_seconds_during_session": 180.0
  },
  "latest_pcf": {
    "trading_day": "2026-08-18",
    "previous_trading_day": "2026-08-17",
    "fund_code": "510300",
    "fund_name": "华泰柏瑞沪深300交易型开放式指数证券投资基金",
    "fund_company": "华泰柏瑞基金管理有限公司",
    "file_id": "1465021",
    "etf_type": "8",
    "nav": 4.8038,
    "nav_per_creation_unit": 4323446.47,
    "previous_cash_component": 108343.47,
    "estimated_cash_component": 108377.47,
    "maximum_cash_ratio": 0.5,
    "creation_redemption_unit": 900000,
    "component_count": 300,
    "publish_iopv": true,
    "creation_redemption_status": "申购和赎回皆允许",
    "creation_redemption_mechanism": "1",
    "creation_limit": null,
    "redemption_limit": 3600000000.0,
    "net_creation_limit": null,
    "net_redemption_limit": null,
    "creation_limit_per_account": null,
    "redemption_limit_per_account": null,
    "net_creation_limit_per_account": null,
    "net_redemption_limit_per_account": null,
    "source": "sse.COMMON_SSE_CP_JJLB_ETFJJGK_GGSGSHQD_JBXX_C",
    "retrieved_at": "2026-08-18T09:30:05.929758+08:00"
  },
  "latest_iopv": {
    "exchange_timestamp": "2026-08-18 10:03:57",
    "trade_date": "2026-08-18",
    "fund_code": "510300",
    "name": "300ETF",
    "extended_name": "沪深300ETF华泰柏瑞",
    "last_price": 4.786,
    "iopv": 4.7896,
    "premium_discount_bps": -7.516285284784319,
    "change_rate_pct": -0.31,
    "change_cny": -0.015,
    "open": 4.794,
    "previous_close": 4.801,
    "high": 4.803,
    "low": 4.778,
    "volume_shares": 283564343.0,
    "amount_cny": 1358736281.0,
    "trade_phase_raw": "T111    ",
    "post_close_volume_shares": 0.0,
    "post_close_amount_cny": 0.0,
    "post_close_phase_raw": "A1      ",
    "product_subtype": "EBS",
    "source": "sse.yunhq.sh1.snap",
    "retrieved_at": "2026-08-18T10:03:57.672530+08:00"
  },
  "account_feasibility": {
    "reference_account_cny": 20000.0,
    "creation_unit_notional_cny": 4307400.0,
    "can_directly_create_or_redeem": false,
    "intended_use": "只用PCF和IOPV观察一级市场吸收状态，在二级市场交易510300"
  },
  "storage": {
    "pcf": {
      "file": "data/raw/primary_market/510300_pcf_daily.parquet",
      "row_count": 4,
      "first_key": "2026-08-13",
      "last_key": "2026-08-18",
      "sha256": "829c810ec802ff72ad6532eb5255f25a98fef36cad8dec5db46c14c5e37dac65"
    },
    "iopv": {
      "file": "data/raw/primary_market/510300_iopv_snapshots.parquet",
      "row_count": 190,
      "first_key": "2026-08-13 16:29:06",
      "last_key": "2026-08-18 10:03:57",
      "sha256": "26f302092314eb0cf240ed5019c1e54183f7da5d0d489a8a372726004718a5ef"
    }
  },
  "raw_response_files": [
    "data/raw/primary_market/raw/iopv/20260818/20260818T100355_654883+0800.json"
  ],
  "governance": {
    "use_as_trading_signal": false,
    "automatic_ordering_authorized": false,
    "note": "当前只采集和纸面验证；未通过前向门槛前不得映射实盘仓位。"
  }
}
{
  "status": "PASS",
  "checked_at": "2026-08-18T10:04:59.079649+08:00",
  "collector": {
    "collector_id": "510300_PRIMARY_SECONDARY_FORWARD_V1",
    "symbol": "510300.SH",
    "fund_code": "510300",
    "timezone": "Asia/Shanghai",
    "timeout_seconds": 15,
    "observation_interval_seconds": 60,
    "collection_start_time": "09:30:00",
    "collection_end_time": "15:00:00",
    "collection_sessions": [
      [
        "09:30:00",
        "11:30:00"
      ],
      [
        "13:00:00",
        "15:00:00"
      ]
    ],
    "evidence_scope": "仅从实际接入日起的前向数据，不回填历史IOPV"
  },
  "checks": {
    "same_fund_code": true,
    "same_trade_date": true,
    "iopv_publication_enabled": true,
    "positive_iopv": true,
    "positive_last_price": true,
    "positive_creation_unit": true,
    "snapshot_fresh_during_collection_session": true
  },
  "freshness": {
    "during_collection_session": true,
    "clock_delay_seconds": 1.079649,
    "maximum_allowed_seconds_during_session": 180.0
  },
  "latest_pcf": {
    "trading_day": "2026-08-18",
    "previous_trading_day": "2026-08-17",
    "fund_code": "510300",
    "fund_name": "华泰柏瑞沪深300交易型开放式指数证券投资基金",
    "fund_company": "华泰柏瑞基金管理有限公司",
    "file_id": "1465021",
    "etf_type": "8",
    "nav": 4.8038,
    "nav_per_creation_unit": 4323446.47,
    "previous_cash_component": 108343.47,
    "estimated_cash_component": 108377.47,
    "maximum_cash_ratio": 0.5,
    "creation_redemption_unit": 900000,
    "component_count": 300,
    "publish_iopv": true,
    "creation_redemption_status": "申购和赎回皆允许",
    "creation_redemption_mechanism": "1",
    "creation_limit": null,
    "redemption_limit": 3600000000.0,
    "net_creation_limit": null,
    "net_redemption_limit": null,
    "creation_limit_per_account": null,
    "redemption_limit_per_account": null,
    "net_creation_limit_per_account": null,
    "net_redemption_limit_per_account": null,
    "source": "sse.COMMON_SSE_CP_JJLB_ETFJJGK_GGSGSHQD_JBXX_C",
    "retrieved_at": "2026-08-18T09:30:05.929758+08:00"
  },
  "latest_iopv": {
    "exchange_timestamp": "2026-08-18 10:04:58",
    "trade_date": "2026-08-18",
    "fund_code": "510300",
    "name": "300ETF",
    "extended_name": "沪深300ETF华泰柏瑞",
    "last_price": 4.786,
    "iopv": 4.7894,
    "premium_discount_bps": -7.099010314444154,
    "change_rate_pct": -0.31,
    "change_cny": -0.015,
    "open": 4.794,
    "previous_close": 4.801,
    "high": 4.803,
    "low": 4.778,
    "volume_shares": 287600843.0,
    "amount_cny": 1378049284.0,
    "trade_phase_raw": "T111    ",
    "post_close_volume_shares": 0.0,
    "post_close_amount_cny": 0.0,
    "post_close_phase_raw": "A1      ",
    "product_subtype": "EBS",
    "source": "sse.yunhq.sh1.snap",
    "retrieved_at": "2026-08-18T10:04:59.054739+08:00"
  },
  "account_feasibility": {
    "reference_account_cny": 20000.0,
    "creation_unit_notional_cny": 4307400.0,
    "can_directly_create_or_redeem": false,
    "intended_use": "只用PCF和IOPV观察一级市场吸收状态，在二级市场交易510300"
  },
  "storage": {
    "pcf": {
      "file": "data/raw/primary_market/510300_pcf_daily.parquet",
      "row_count": 4,
      "first_key": "2026-08-13",
      "last_key": "2026-08-18",
      "sha256": "829c810ec802ff72ad6532eb5255f25a98fef36cad8dec5db46c14c5e37dac65"
    },
    "iopv": {
      "file": "data/raw/primary_market/510300_iopv_snapshots.parquet",
      "row_count": 191,
      "first_key": "2026-08-13 16:29:06",
      "last_key": "2026-08-18 10:04:58",
      "sha256": "dbb295c67158ae5fb91f7f14106920e1b322a33e208479b2f735e21e73cf757b"
    }
  },
  "raw_response_files": [
    "data/raw/primary_market/raw/iopv/20260818/20260818T100457_718062+0800.json"
  ],
  "governance": {
    "use_as_trading_signal": false,
    "automatic_ordering_authorized": false,
    "note": "当前只采集和纸面验证；未通过前向门槛前不得映射实盘仓位。"
  }
}
{
  "status": "PASS",
  "checked_at": "2026-08-18T10:06:00.306376+08:00",
  "collector": {
    "collector_id": "510300_PRIMARY_SECONDARY_FORWARD_V1",
    "symbol": "510300.SH",
    "fund_code": "510300",
    "timezone": "Asia/Shanghai",
    "timeout_seconds": 15,
    "observation_interval_seconds": 60,
    "collection_start_time": "09:30:00",
    "collection_end_time": "15:00:00",
    "collection_sessions": [
      [
        "09:30:00",
        "11:30:00"
      ],
      [
        "13:00:00",
        "15:00:00"
      ]
    ],
    "evidence_scope": "仅从实际接入日起的前向数据，不回填历史IOPV"
  },
  "checks": {
    "same_fund_code": true,
    "same_trade_date": true,
    "iopv_publication_enabled": true,
    "positive_iopv": true,
    "positive_last_price": true,
    "positive_creation_unit": true,
    "snapshot_fresh_during_collection_session": true
  },
  "freshness": {
    "during_collection_session": true,
    "clock_delay_seconds": 0.306376,
    "maximum_allowed_seconds_during_session": 180.0
  },
  "latest_pcf": {
    "trading_day": "2026-08-18",
    "previous_trading_day": "2026-08-17",
    "fund_code": "510300",
    "fund_name": "华泰柏瑞沪深300交易型开放式指数证券投资基金",
    "fund_company": "华泰柏瑞基金管理有限公司",
    "file_id": "1465021",
    "etf_type": "8",
    "nav": 4.8038,
    "nav_per_creation_unit": 4323446.47,
    "previous_cash_component": 108343.47,
    "estimated_cash_component": 108377.47,
    "maximum_cash_ratio": 0.5,
    "creation_redemption_unit": 900000,
    "component_count": 300,
    "publish_iopv": true,
    "creation_redemption_status": "申购和赎回皆允许",
    "creation_redemption_mechanism": "1",
    "creation_limit": null,
    "redemption_limit": 3600000000.0,
    "net_creation_limit": null,
    "net_redemption_limit": null,
    "creation_limit_per_account": null,
    "redemption_limit_per_account": null,
    "net_creation_limit_per_account": null,
    "net_redemption_limit_per_account": null,
    "source": "sse.COMMON_SSE_CP_JJLB_ETFJJGK_GGSGSHQD_JBXX_C",
    "retrieved_at": "2026-08-18T09:30:05.929758+08:00"
  },
  "latest_iopv": {
    "exchange_timestamp": "2026-08-18 10:06:00",
    "trade_date": "2026-08-18",
    "fund_code": "510300",
    "name": "300ETF",
    "extended_name": "沪深300ETF华泰柏瑞",
    "last_price": 4.783,
    "iopv": 4.786,
    "premium_discount_bps": -6.268282490595745,
    "change_rate_pct": -0.37,
    "change_cny": -0.018,
    "open": 4.794,
    "previous_close": 4.801,
    "high": 4.803,
    "low": 4.778,
    "volume_shares": 291956843.0,
    "amount_cny": 1398890071.0,
    "trade_phase_raw": "T111    ",
    "post_close_volume_shares": 0.0,
    "post_close_amount_cny": 0.0,
    "post_close_phase_raw": "A1      ",
    "product_subtype": "EBS",
    "source": "sse.yunhq.sh1.snap",
    "retrieved_at": "2026-08-18T10:06:00.281525+08:00"
  },
  "account_feasibility": {
    "reference_account_cny": 20000.0,
    "creation_unit_notional_cny": 4304700.0,
    "can_directly_create_or_redeem": false,
    "intended_use": "只用PCF和IOPV观察一级市场吸收状态，在二级市场交易510300"
  },
  "storage": {
    "pcf": {
      "file": "data/raw/primary_market/510300_pcf_daily.parquet",
      "row_count": 4,
      "first_key": "2026-08-13",
      "last_key": "2026-08-18",
      "sha256": "829c810ec802ff72ad6532eb5255f25a98fef36cad8dec5db46c14c5e37dac65"
    },
    "iopv": {
      "file": "data/raw/primary_market/510300_iopv_snapshots.parquet",
      "row_count": 192,
      "first_key": "2026-08-13 16:29:06",
      "last_key": "2026-08-18 10:06:00",
      "sha256": "80fb59d6e15647c5f400b37257d2d4de92bc71cdc9fe4642547931e57483ac21"
    }
  },
  "raw_response_files": [
    "data/raw/primary_market/raw/iopv/20260818/20260818T100559_085897+0800.json"
  ],
  "governance": {
    "use_as_trading_signal": false,
    "automatic_ordering_authorized": false,
    "note": "当前只采集和纸面验证；未通过前向门槛前不得映射实盘仓位。"
  }
}
{
  "status": "PASS",
  "checked_at": "2026-08-18T10:07:02.169998+08:00",
  "collector": {
    "collector_id": "510300_PRIMARY_SECONDARY_FORWARD_V1",
    "symbol": "510300.SH",
    "fund_code": "510300",
    "timezone": "Asia/Shanghai",
    "timeout_seconds": 15,
    "observation_interval_seconds": 60,
    "collection_start_time": "09:30:00",
    "collection_end_time": "15:00:00",
    "collection_sessions": [
      [
        "09:30:00",
        "11:30:00"
      ],
      [
        "13:00:00",
        "15:00:00"
      ]
    ],
    "evidence_scope": "仅从实际接入日起的前向数据，不回填历史IOPV"
  },
  "checks": {
    "same_fund_code": true,
    "same_trade_date": true,
    "iopv_publication_enabled": true,
    "positive_iopv": true,
    "positive_last_price": true,
    "positive_creation_unit": true,
    "snapshot_fresh_during_collection_session": true
  },
  "freshness": {
    "during_collection_session": true,
    "clock_delay_seconds": 0.169998,
    "maximum_allowed_seconds_during_session": 180.0
  },
  "latest_pcf": {
    "trading_day": "2026-08-18",
    "previous_trading_day": "2026-08-17",
    "fund_code": "510300",
    "fund_name": "华泰柏瑞沪深300交易型开放式指数证券投资基金",
    "fund_company": "华泰柏瑞基金管理有限公司",
    "file_id": "1465021",
    "etf_type": "8",
    "nav": 4.8038,
    "nav_per_creation_unit": 4323446.47,
    "previous_cash_component": 108343.47,
    "estimated_cash_component": 108377.47,
    "maximum_cash_ratio": 0.5,
    "creation_redemption_unit": 900000,
    "component_count": 300,
    "publish_iopv": true,
    "creation_redemption_status": "申购和赎回皆允许",
    "creation_redemption_mechanism": "1",
    "creation_limit": null,
    "redemption_limit": 3600000000.0,
    "net_creation_limit": null,
    "net_redemption_limit": null,
    "creation_limit_per_account": null,
    "redemption_limit_per_account": null,
    "net_creation_limit_per_account": null,
    "net_redemption_limit_per_account": null,
    "source": "sse.COMMON_SSE_CP_JJLB_ETFJJGK_GGSGSHQD_JBXX_C",
    "retrieved_at": "2026-08-18T09:30:05.929758+08:00"
  },
  "latest_iopv": {
    "exchange_timestamp": "2026-08-18 10:07:02",
    "trade_date": "2026-08-18",
    "fund_code": "510300",
    "name": "300ETF",
    "extended_name": "沪深300ETF华泰柏瑞",
    "last_price": 4.782,
    "iopv": 4.7868,
    "premium_discount_bps": -10.0275758335433,
    "change_rate_pct": -0.4,
    "change_cny": -0.019,
    "open": 4.794,
    "previous_close": 4.801,
    "high": 4.803,
    "low": 4.778,
    "volume_shares": 294417643.0,
    "amount_cny": 1410656034.0,
    "trade_phase_raw": "T111    ",
    "post_close_volume_shares": 0.0,
    "post_close_amount_cny": 0.0,
    "post_close_phase_raw": "A1      ",
    "product_subtype": "EBS",
    "source": "sse.yunhq.sh1.snap",
    "retrieved_at": "2026-08-18T10:07:02.130324+08:00"
  },
  "account_feasibility": {
    "reference_account_cny": 20000.0,
    "creation_unit_notional_cny": 4303800.0,
    "can_directly_create_or_redeem": false,
    "intended_use": "只用PCF和IOPV观察一级市场吸收状态，在二级市场交易510300"
  },
  "storage": {
    "pcf": {
      "file": "data/raw/primary_market/510300_pcf_daily.parquet",
      "row_count": 4,
      "first_key": "2026-08-13",
      "last_key": "2026-08-18",
      "sha256": "829c810ec802ff72ad6532eb5255f25a98fef36cad8dec5db46c14c5e37dac65"
    },
    "iopv": {
      "file": "data/raw/primary_market/510300_iopv_snapshots.parquet",
      "row_count": 193,
      "first_key": "2026-08-13 16:29:06",
      "last_key": "2026-08-18 10:07:02",
      "sha256": "c0946de9a48ed43686bfb9190d86df06e90fdda9110115849d224733da558e30"
    }
  },
  "raw_response_files": [
    "data/raw/primary_market/raw/iopv/20260818/20260818T100700_313476+0800.json"
  ],
  "governance": {
    "use_as_trading_signal": false,
    "automatic_ordering_authorized": false,
    "note": "当前只采集和纸面验证；未通过前向门槛前不得映射实盘仓位。"
  }
}
{
  "status": "PASS",
  "checked_at": "2026-08-18T10:08:03.471571+08:00",
  "collector": {
    "collector_id": "510300_PRIMARY_SECONDARY_FORWARD_V1",
    "symbol": "510300.SH",
    "fund_code": "510300",
    "timezone": "Asia/Shanghai",
    "timeout_seconds": 15,
    "observation_interval_seconds": 60,
    "collection_start_time": "09:30:00",
    "collection_end_time": "15:00:00",
    "collection_sessions": [
      [
        "09:30:00",
        "11:30:00"
      ],
      [
        "13:00:00",
        "15:00:00"
      ]
    ],
    "evidence_scope": "仅从实际接入日起的前向数据，不回填历史IOPV"
  },
  "checks": {
    "same_fund_code": true,
    "same_trade_date": true,
    "iopv_publication_enabled": true,
    "positive_iopv": true,
    "positive_last_price": true,
    "positive_creation_unit": true,
    "snapshot_fresh_during_collection_session": true
  },
  "freshness": {
    "during_collection_session": true,
    "clock_delay_seconds": 0.471571,
    "maximum_allowed_seconds_during_session": 180.0
  },
  "latest_pcf": {
    "trading_day": "2026-08-18",
    "previous_trading_day": "2026-08-17",
    "fund_code": "510300",
    "fund_name": "华泰柏瑞沪深300交易型开放式指数证券投资基金",
    "fund_company": "华泰柏瑞基金管理有限公司",
    "file_id": "1465021",
    "etf_type": "8",
    "nav": 4.8038,
    "nav_per_creation_unit": 4323446.47,
    "previous_cash_component": 108343.47,
    "estimated_cash_component": 108377.47,
    "maximum_cash_ratio": 0.5,
    "creation_redemption_unit": 900000,
    "component_count": 300,
    "publish_iopv": true,
    "creation_redemption_status": "申购和赎回皆允许",
    "creation_redemption_mechanism": "1",
    "creation_limit": null,
    "redemption_limit": 3600000000.0,
    "net_creation_limit": null,
    "net_redemption_limit": null,
    "creation_limit_per_account": null,
    "redemption_limit_per_account": null,
    "net_creation_limit_per_account": null,
    "net_redemption_limit_per_account": null,
    "source": "sse.COMMON_SSE_CP_JJLB_ETFJJGK_GGSGSHQD_JBXX_C",
    "retrieved_at": "2026-08-18T09:30:05.929758+08:00"
  },
  "latest_iopv": {
    "exchange_timestamp": "2026-08-18 10:08:03",
    "trade_date": "2026-08-18",
    "fund_code": "510300",
    "name": "300ETF",
    "extended_name": "沪深300ETF华泰柏瑞",
    "last_price": 4.784,
    "iopv": 4.7892,
    "premium_discount_bps": -10.857763300761158,
    "change_rate_pct": -0.35,
    "change_cny": -0.017,
    "open": 4.794,
    "previous_close": 4.801,
    "high": 4.803,
    "low": 4.778,
    "volume_shares": 298120143.0,
    "amount_cny": 1428364301.0,
    "trade_phase_raw": "T111    ",
    "post_close_volume_shares": 0.0,
    "post_close_amount_cny": 0.0,
    "post_close_phase_raw": "A1      ",
    "product_subtype": "EBS",
    "source": "sse.yunhq.sh1.snap",
    "retrieved_at": "2026-08-18T10:08:03.434764+08:00"
  },
  "account_feasibility": {
    "reference_account_cny": 20000.0,
    "creation_unit_notional_cny": 4305600.0,
    "can_directly_create_or_redeem": false,
    "intended_use": "只用PCF和IOPV观察一级市场吸收状态，在二级市场交易510300"
  },
  "storage": {
    "pcf": {
      "file": "data/raw/primary_market/510300_pcf_daily.parquet",
      "row_count": 4,
      "first_key": "2026-08-13",
      "last_key": "2026-08-18",
      "sha256": "829c810ec802ff72ad6532eb5255f25a98fef36cad8dec5db46c14c5e37dac65"
    },
    "iopv": {
      "file": "data/raw/primary_market/510300_iopv_snapshots.parquet",
      "row_count": 194,
      "first_key": "2026-08-13 16:29:06",
      "last_key": "2026-08-18 10:08:03",
      "sha256": "02bef7222a805625ef1b03a2e973644275bb240434821bcd36575ef50227fd5e"
    }
  },
  "raw_response_files": [
    "data/raw/primary_market/raw/iopv/20260818/20260818T100802_176829+0800.json"
  ],
  "governance": {
    "use_as_trading_signal": false,
    "automatic_ordering_authorized": false,
    "note": "当前只采集和纸面验证；未通过前向门槛前不得映射实盘仓位。"
  }
}
{
  "status": "PASS",
  "checked_at": "2026-08-18T10:09:05.696187+08:00",
  "collector": {
    "collector_id": "510300_PRIMARY_SECONDARY_FORWARD_V1",
    "symbol": "510300.SH",
    "fund_code": "510300",
    "timezone": "Asia/Shanghai",
    "timeout_seconds": 15,
    "observation_interval_seconds": 60,
    "collection_start_time": "09:30:00",
    "collection_end_time": "15:00:00",
    "collection_sessions": [
      [
        "09:30:00",
        "11:30:00"
      ],
      [
        "13:00:00",
        "15:00:00"
      ]
    ],
    "evidence_scope": "仅从实际接入日起的前向数据，不回填历史IOPV"
  },
  "checks": {
    "same_fund_code": true,
    "same_trade_date": true,
    "iopv_publication_enabled": true,
    "positive_iopv": true,
    "positive_last_price": true,
    "positive_creation_unit": true,
    "snapshot_fresh_during_collection_session": true
  },
  "freshness": {
    "during_collection_session": true,
    "clock_delay_seconds": 0.696187,
    "maximum_allowed_seconds_during_session": 180.0
  },
  "latest_pcf": {
    "trading_day": "2026-08-18",
    "previous_trading_day": "2026-08-17",
    "fund_code": "510300",
    "fund_name": "华泰柏瑞沪深300交易型开放式指数证券投资基金",
    "fund_company": "华泰柏瑞基金管理有限公司",
    "file_id": "1465021",
    "etf_type": "8",
    "nav": 4.8038,
    "nav_per_creation_unit": 4323446.47,
    "previous_cash_component": 108343.47,
    "estimated_cash_component": 108377.47,
    "maximum_cash_ratio": 0.5,
    "creation_redemption_unit": 900000,
    "component_count": 300,
    "publish_iopv": true,
    "creation_redemption_status": "申购和赎回皆允许",
    "creation_redemption_mechanism": "1",
    "creation_limit": null,
    "redemption_limit": 3600000000.0,
    "net_creation_limit": null,
    "net_redemption_limit": null,
    "creation_limit_per_account": null,
    "redemption_limit_per_account": null,
    "net_creation_limit_per_account": null,
    "net_redemption_limit_per_account": null,
    "source": "sse.COMMON_SSE_CP_JJLB_ETFJJGK_GGSGSHQD_JBXX_C",
    "retrieved_at": "2026-08-18T09:30:05.929758+08:00"
  },
  "latest_iopv": {
    "exchange_timestamp": "2026-08-18 10:09:05",
    "trade_date": "2026-08-18",
    "fund_code": "510300",
    "name": "300ETF",
    "extended_name": "沪深300ETF华泰柏瑞",
    "last_price": 4.785,
    "iopv": 4.7896,
    "premium_discount_bps": -9.60414230833484,
    "change_rate_pct": -0.33,
    "change_cny": -0.016,
    "open": 4.794,
    "previous_close": 4.801,
    "high": 4.803,
    "low": 4.778,
    "volume_shares": 301712443.0,
    "amount_cny": 1445551929.0,
    "trade_phase_raw": "T111    ",
    "post_close_volume_shares": 0.0,
    "post_close_amount_cny": 0.0,
    "post_close_phase_raw": "A1      ",
    "product_subtype": "EBS",
    "source": "sse.yunhq.sh1.snap",
    "retrieved_at": "2026-08-18T10:09:05.656698+08:00"
  },
  "account_feasibility": {
    "reference_account_cny": 20000.0,
    "creation_unit_notional_cny": 4306500.0,
    "can_directly_create_or_redeem": false,
    "intended_use": "只用PCF和IOPV观察一级市场吸收状态，在二级市场交易510300"
  },
  "storage": {
    "pcf": {
      "file": "data/raw/primary_market/510300_pcf_daily.parquet",
      "row_count": 4,
      "first_key": "2026-08-13",
      "last_key": "2026-08-18",
      "sha256": "829c810ec802ff72ad6532eb5255f25a98fef36cad8dec5db46c14c5e37dac65"
    },
    "iopv": {
      "file": "data/raw/primary_market/510300_iopv_snapshots.parquet",
      "row_count": 195,
      "first_key": "2026-08-13 16:29:06",
      "last_key": "2026-08-18 10:09:05",
      "sha256": "0d47f6ed65d632847500a7e85ec1c5fa1b1224701cc63faef2167b7fbf1e554d"
    }
  },
  "raw_response_files": [
    "data/raw/primary_market/raw/iopv/20260818/20260818T100903_478529+0800.json"
  ],
  "governance": {
    "use_as_trading_signal": false,
    "automatic_ordering_authorized": false,
    "note": "当前只采集和纸面验证；未通过前向门槛前不得映射实盘仓位。"
  }
}
{
  "status": "PASS",
  "checked_at": "2026-08-18T10:10:07.924549+08:00",
  "collector": {
    "collector_id": "510300_PRIMARY_SECONDARY_FORWARD_V1",
    "symbol": "510300.SH",
    "fund_code": "510300",
    "timezone": "Asia/Shanghai",
    "timeout_seconds": 15,
    "observation_interval_seconds": 60,
    "collection_start_time": "09:30:00",
    "collection_end_time": "15:00:00",
    "collection_sessions": [
      [
        "09:30:00",
        "11:30:00"
      ],
      [
        "13:00:00",
        "15:00:00"
      ]
    ],
    "evidence_scope": "仅从实际接入日起的前向数据，不回填历史IOPV"
  },
  "checks": {
    "same_fund_code": true,
    "same_trade_date": true,
    "iopv_publication_enabled": true,
    "positive_iopv": true,
    "positive_last_price": true,
    "positive_creation_unit": true,
    "snapshot_fresh_during_collection_session": true
  },
  "freshness": {
    "during_collection_session": true,
    "clock_delay_seconds": 0.924549,
    "maximum_allowed_seconds_during_session": 180.0
  },
  "latest_pcf": {
    "trading_day": "2026-08-18",
    "previous_trading_day": "2026-08-17",
    "fund_code": "510300",
    "fund_name": "华泰柏瑞沪深300交易型开放式指数证券投资基金",
    "fund_company": "华泰柏瑞基金管理有限公司",
    "file_id": "1465021",
    "etf_type": "8",
    "nav": 4.8038,
    "nav_per_creation_unit": 4323446.47,
    "previous_cash_component": 108343.47,
    "estimated_cash_component": 108377.47,
    "maximum_cash_ratio": 0.5,
    "creation_redemption_unit": 900000,
    "component_count": 300,
    "publish_iopv": true,
    "creation_redemption_status": "申购和赎回皆允许",
    "creation_redemption_mechanism": "1",
    "creation_limit": null,
    "redemption_limit": 3600000000.0,
    "net_creation_limit": null,
    "net_redemption_limit": null,
    "creation_limit_per_account": null,
    "redemption_limit_per_account": null,
    "net_creation_limit_per_account": null,
    "net_redemption_limit_per_account": null,
    "source": "sse.COMMON_SSE_CP_JJLB_ETFJJGK_GGSGSHQD_JBXX_C",
    "retrieved_at": "2026-08-18T09:30:05.929758+08:00"
  },
  "latest_iopv": {
    "exchange_timestamp": "2026-08-18 10:10:07",
    "trade_date": "2026-08-18",
    "fund_code": "510300",
    "name": "300ETF",
    "extended_name": "沪深300ETF华泰柏瑞",
    "last_price": 4.784,
    "iopv": 4.7888,
    "premium_discount_bps": -10.02338790511259,
    "change_rate_pct": -0.35,
    "change_cny": -0.017,
    "open": 4.794,
    "previous_close": 4.801,
    "high": 4.803,
    "low": 4.778,
    "volume_shares": 308560643.0,
    "amount_cny": 1478318054.0,
    "trade_phase_raw": "T111    ",
    "post_close_volume_shares": 0.0,
    "post_close_amount_cny": 0.0,
    "post_close_phase_raw": "A1      ",
    "product_subtype": "EBS",
    "source": "sse.yunhq.sh1.snap",
    "retrieved_at": "2026-08-18T10:10:07.889160+08:00"
  },
  "account_feasibility": {
    "reference_account_cny": 20000.0,
    "creation_unit_notional_cny": 4305600.0,
    "can_directly_create_or_redeem": false,
    "intended_use": "只用PCF和IOPV观察一级市场吸收状态，在二级市场交易510300"
  },
  "storage": {
    "pcf": {
      "file": "data/raw/primary_market/510300_pcf_daily.parquet",
      "row_count": 4,
      "first_key": "2026-08-13",
      "last_key": "2026-08-18",
      "sha256": "829c810ec802ff72ad6532eb5255f25a98fef36cad8dec5db46c14c5e37dac65"
    },
    "iopv": {
      "file": "data/raw/primary_market/510300_iopv_snapshots.parquet",
      "row_count": 196,
      "first_key": "2026-08-13 16:29:06",
      "last_key": "2026-08-18 10:10:07",
      "sha256": "f86ceafa4e07893bb413880bcc3be2caa4300d9e94e21bd2f84c0201bc52cf1b"
    }
  },
  "raw_response_files": [
    "data/raw/primary_market/raw/iopv/20260818/20260818T101005_703169+0800.json"
  ],
  "governance": {
    "use_as_trading_signal": false,
    "automatic_ordering_authorized": false,
    "note": "当前只采集和纸面验证；未通过前向门槛前不得映射实盘仓位。"
  }
}
{
  "status": "PASS",
  "checked_at": "2026-08-18T10:11:09.196999+08:00",
  "collector": {
    "collector_id": "510300_PRIMARY_SECONDARY_FORWARD_V1",
    "symbol": "510300.SH",
    "fund_code": "510300",
    "timezone": "Asia/Shanghai",
    "timeout_seconds": 15,
    "observation_interval_seconds": 60,
    "collection_start_time": "09:30:00",
    "collection_end_time": "15:00:00",
    "collection_sessions": [
      [
        "09:30:00",
        "11:30:00"
      ],
      [
        "13:00:00",
        "15:00:00"
      ]
    ],
    "evidence_scope": "仅从实际接入日起的前向数据，不回填历史IOPV"
  },
  "checks": {
    "same_fund_code": true,
    "same_trade_date": true,
    "iopv_publication_enabled": true,
    "positive_iopv": true,
    "positive_last_price": true,
    "positive_creation_unit": true,
    "snapshot_fresh_during_collection_session": true
  },
  "freshness": {
    "during_collection_session": true,
    "clock_delay_seconds": 0.196999,
    "maximum_allowed_seconds_during_session": 180.0
  },
  "latest_pcf": {
    "trading_day": "2026-08-18",
    "previous_trading_day": "2026-08-17",
    "fund_code": "510300",
    "fund_name": "华泰柏瑞沪深300交易型开放式指数证券投资基金",
    "fund_company": "华泰柏瑞基金管理有限公司",
    "file_id": "1465021",
    "etf_type": "8",
    "nav": 4.8038,
    "nav_per_creation_unit": 4323446.47,
    "previous_cash_component": 108343.47,
    "estimated_cash_component": 108377.47,
    "maximum_cash_ratio": 0.5,
    "creation_redemption_unit": 900000,
    "component_count": 300,
    "publish_iopv": true,
    "creation_redemption_status": "申购和赎回皆允许",
    "creation_redemption_mechanism": "1",
    "creation_limit": null,
    "redemption_limit": 3600000000.0,
    "net_creation_limit": null,
    "net_redemption_limit": null,
    "creation_limit_per_account": null,
    "redemption_limit_per_account": null,
    "net_creation_limit_per_account": null,
    "net_redemption_limit_per_account": null,
    "source": "sse.COMMON_SSE_CP_JJLB_ETFJJGK_GGSGSHQD_JBXX_C",
    "retrieved_at": "2026-08-18T09:30:05.929758+08:00"
  },
  "latest_iopv": {
    "exchange_timestamp": "2026-08-18 10:11:09",
    "trade_date": "2026-08-18",
    "fund_code": "510300",
    "name": "300ETF",
    "extended_name": "沪深300ETF华泰柏瑞",
    "last_price": 4.783,
    "iopv": 4.7867,
    "premium_discount_bps": -7.729751185575617,
    "change_rate_pct": -0.37,
    "change_cny": -0.018,
    "open": 4.794,
    "previous_close": 4.801,
    "high": 4.803,
    "low": 4.778,
    "volume_shares": 312495843.0,
    "amount_cny": 1497133540.0,
    "trade_phase_raw": "T111    ",
    "post_close_volume_shares": 0.0,
    "post_close_amount_cny": 0.0,
    "post_close_phase_raw": "A1      ",
    "product_subtype": "EBS",
    "source": "sse.yunhq.sh1.snap",
    "retrieved_at": "2026-08-18T10:11:09.160978+08:00"
  },
  "account_feasibility": {
    "reference_account_cny": 20000.0,
    "creation_unit_notional_cny": 4304700.0,
    "can_directly_create_or_redeem": false,
    "intended_use": "只用PCF和IOPV观察一级市场吸收状态，在二级市场交易510300"
  },
  "storage": {
    "pcf": {
      "file": "data/raw/primary_market/510300_pcf_daily.parquet",
      "row_count": 4,
      "first_key": "2026-08-13",
      "last_key": "2026-08-18",
      "sha256": "829c810ec802ff72ad6532eb5255f25a98fef36cad8dec5db46c14c5e37dac65"
    },
    "iopv": {
      "file": "data/raw/primary_market/510300_iopv_snapshots.parquet",
      "row_count": 197,
      "first_key": "2026-08-13 16:29:06",
      "last_key": "2026-08-18 10:11:09",
      "sha256": "284ce8e2ce6df89ad699892ac73fb06294c8fd976139f57244904986b41eebf8"
    }
  },
  "raw_response_files": [
    "data/raw/primary_market/raw/iopv/20260818/20260818T101107_942990+0800.json"
  ],
  "governance": {
    "use_as_trading_signal": false,
    "automatic_ordering_authorized": false,
    "note": "当前只采集和纸面验证；未通过前向门槛前不得映射实盘仓位。"
  }
}
{
  "status": "PASS",
  "checked_at": "2026-08-18T10:12:10.455990+08:00",
  "collector": {
    "collector_id": "510300_PRIMARY_SECONDARY_FORWARD_V1",
    "symbol": "510300.SH",
    "fund_code": "510300",
    "timezone": "Asia/Shanghai",
    "timeout_seconds": 15,
    "observation_interval_seconds": 60,
    "collection_start_time": "09:30:00",
    "collection_end_time": "15:00:00",
    "collection_sessions": [
      [
        "09:30:00",
        "11:30:00"
      ],
      [
        "13:00:00",
        "15:00:00"
      ]
    ],
    "evidence_scope": "仅从实际接入日起的前向数据，不回填历史IOPV"
  },
  "checks": {
    "same_fund_code": true,
    "same_trade_date": true,
    "iopv_publication_enabled": true,
    "positive_iopv": true,
    "positive_last_price": true,
    "positive_creation_unit": true,
    "snapshot_fresh_during_collection_session": true
  },
  "freshness": {
    "during_collection_session": true,
    "clock_delay_seconds": 0.45599,
    "maximum_allowed_seconds_during_session": 180.0
  },
  "latest_pcf": {
    "trading_day": "2026-08-18",
    "previous_trading_day": "2026-08-17",
    "fund_code": "510300",
    "fund_name": "华泰柏瑞沪深300交易型开放式指数证券投资基金",
    "fund_company": "华泰柏瑞基金管理有限公司",
    "file_id": "1465021",
    "etf_type": "8",
    "nav": 4.8038,
    "nav_per_creation_unit": 4323446.47,
    "previous_cash_component": 108343.47,
    "estimated_cash_component": 108377.47,
    "maximum_cash_ratio": 0.5,
    "creation_redemption_unit": 900000,
    "component_count": 300,
    "publish_iopv": true,
    "creation_redemption_status": "申购和赎回皆允许",
    "creation_redemption_mechanism": "1",
    "creation_limit": null,
    "redemption_limit": 3600000000.0,
    "net_creation_limit": null,
    "net_redemption_limit": null,
    "creation_limit_per_account": null,
    "redemption_limit_per_account": null,
    "net_creation_limit_per_account": null,
    "net_redemption_limit_per_account": null,
    "source": "sse.COMMON_SSE_CP_JJLB_ETFJJGK_GGSGSHQD_JBXX_C",
    "retrieved_at": "2026-08-18T09:30:05.929758+08:00"
  },
  "latest_iopv": {
    "exchange_timestamp": "2026-08-18 10:12:10",
    "trade_date": "2026-08-18",
    "fund_code": "510300",
    "name": "300ETF",
    "extended_name": "沪深300ETF华泰柏瑞",
    "last_price": 4.784,
    "iopv": 4.7883,
    "premium_discount_bps": -8.980222625983858,
    "change_rate_pct": -0.35,
    "change_cny": -0.017,
    "open": 4.794,
    "previous_close": 4.801,
    "high": 4.803,
    "low": 4.778,
    "volume_shares": 314449943.0,
    "amount_cny": 1506479981.0,
    "trade_phase_raw": "T111    ",
    "post_close_volume_shares": 0.0,
    "post_close_amount_cny": 0.0,
    "post_close_phase_raw": "A1      ",
    "product_subtype": "EBS",
    "source": "sse.yunhq.sh1.snap",
    "retrieved_at": "2026-08-18T10:12:10.418959+08:00"
  },
  "account_feasibility": {
    "reference_account_cny": 20000.0,
    "creation_unit_notional_cny": 4305600.0,
    "can_directly_create_or_redeem": false,
    "intended_use": "只用PCF和IOPV观察一级市场吸收状态，在二级市场交易510300"
  },
  "storage": {
    "pcf": {
      "file": "data/raw/primary_market/510300_pcf_daily.parquet",
      "row_count": 4,
      "first_key": "2026-08-13",
      "last_key": "2026-08-18",
      "sha256": "829c810ec802ff72ad6532eb5255f25a98fef36cad8dec5db46c14c5e37dac65"
    },
    "iopv": {
      "file": "data/raw/primary_market/510300_iopv_snapshots.parquet",
      "row_count": 198,
      "first_key": "2026-08-13 16:29:06",
      "last_key": "2026-08-18 10:12:10",
      "sha256": "0acb05d4d22d2d4b904db9f4af5ae8453d954c23b106dd58f8a694bae9115523"
    }
  },
  "raw_response_files": [
    "data/raw/primary_market/raw/iopv/20260818/20260818T101209_203830+0800.json"
  ],
  "governance": {
    "use_as_trading_signal": false,
    "automatic_ordering_authorized": false,
    "note": "当前只采集和纸面验证；未通过前向门槛前不得映射实盘仓位。"
  }
}
{
  "status": "PASS",
  "checked_at": "2026-08-18T10:13:11.763816+08:00",
  "collector": {
    "collector_id": "510300_PRIMARY_SECONDARY_FORWARD_V1",
    "symbol": "510300.SH",
    "fund_code": "510300",
    "timezone": "Asia/Shanghai",
    "timeout_seconds": 15,
    "observation_interval_seconds": 60,
    "collection_start_time": "09:30:00",
    "collection_end_time": "15:00:00",
    "collection_sessions": [
      [
        "09:30:00",
        "11:30:00"
      ],
      [
        "13:00:00",
        "15:00:00"
      ]
    ],
    "evidence_scope": "仅从实际接入日起的前向数据，不回填历史IOPV"
  },
  "checks": {
    "same_fund_code": true,
    "same_trade_date": true,
    "iopv_publication_enabled": true,
    "positive_iopv": true,
    "positive_last_price": true,
    "positive_creation_unit": true,
    "snapshot_fresh_during_collection_session": true
  },
  "freshness": {
    "during_collection_session": true,
    "clock_delay_seconds": 0.763816,
    "maximum_allowed_seconds_during_session": 180.0
  },
  "latest_pcf": {
    "trading_day": "2026-08-18",
    "previous_trading_day": "2026-08-17",
    "fund_code": "510300",
    "fund_name": "华泰柏瑞沪深300交易型开放式指数证券投资基金",
    "fund_company": "华泰柏瑞基金管理有限公司",
    "file_id": "1465021",
    "etf_type": "8",
    "nav": 4.8038,
    "nav_per_creation_unit": 4323446.47,
    "previous_cash_component": 108343.47,
    "estimated_cash_component": 108377.47,
    "maximum_cash_ratio": 0.5,
    "creation_redemption_unit": 900000,
    "component_count": 300,
    "publish_iopv": true,
    "creation_redemption_status": "申购和赎回皆允许",
    "creation_redemption_mechanism": "1",
    "creation_limit": null,
    "redemption_limit": 3600000000.0,
    "net_creation_limit": null,
    "net_redemption_limit": null,
    "creation_limit_per_account": null,
    "redemption_limit_per_account": null,
    "net_creation_limit_per_account": null,
    "net_redemption_limit_per_account": null,
    "source": "sse.COMMON_SSE_CP_JJLB_ETFJJGK_GGSGSHQD_JBXX_C",
    "retrieved_at": "2026-08-18T09:30:05.929758+08:00"
  },
  "latest_iopv": {
    "exchange_timestamp": "2026-08-18 10:13:11",
    "trade_date": "2026-08-18",
    "fund_code": "510300",
    "name": "300ETF",
    "extended_name": "沪深300ETF华泰柏瑞",
    "last_price": 4.782,
    "iopv": 4.787,
    "premium_discount_bps": -10.44495508669252,
    "change_rate_pct": -0.4,
    "change_cny": -0.019,
    "open": 4.794,
    "previous_close": 4.801,
    "high": 4.803,
    "low": 4.778,
    "volume_shares": 316238343.0,
    "amount_cny": 1515031867.0,
    "trade_phase_raw": "T111    ",
    "post_close_volume_shares": 0.0,
    "post_close_amount_cny": 0.0,
    "post_close_phase_raw": "A1      ",
    "product_subtype": "EBS",
    "source": "sse.yunhq.sh1.snap",
    "retrieved_at": "2026-08-18T10:13:11.734544+08:00"
  },
  "account_feasibility": {
    "reference_account_cny": 20000.0,
    "creation_unit_notional_cny": 4303800.0,
    "can_directly_create_or_redeem": false,
    "intended_use": "只用PCF和IOPV观察一级市场吸收状态，在二级市场交易510300"
  },
  "storage": {
    "pcf": {
      "file": "data/raw/primary_market/510300_pcf_daily.parquet",
      "row_count": 4,
      "first_key": "2026-08-13",
      "last_key": "2026-08-18",
      "sha256": "829c810ec802ff72ad6532eb5255f25a98fef36cad8dec5db46c14c5e37dac65"
    },
    "iopv": {
      "file": "data/raw/primary_market/510300_iopv_snapshots.parquet",
      "row_count": 199,
      "first_key": "2026-08-13 16:29:06",
      "last_key": "2026-08-18 10:13:11",
      "sha256": "5d42db22d0ab6dba71464ce79f4c5a4453c2b7780547cbcf88cdf4695a3913a8"
    }
  },
  "raw_response_files": [
    "data/raw/primary_market/raw/iopv/20260818/20260818T101310_463529+0800.json"
  ],
  "governance": {
    "use_as_trading_signal": false,
    "automatic_ordering_authorized": false,
    "note": "当前只采集和纸面验证；未通过前向门槛前不得映射实盘仓位。"
  }
}
{
  "status": "PASS",
  "checked_at": "2026-08-18T10:14:13.576728+08:00",
  "collector": {
    "collector_id": "510300_PRIMARY_SECONDARY_FORWARD_V1",
    "symbol": "510300.SH",
    "fund_code": "510300",
    "timezone": "Asia/Shanghai",
    "timeout_seconds": 15,
    "observation_interval_seconds": 60,
    "collection_start_time": "09:30:00",
    "collection_end_time": "15:00:00",
    "collection_sessions": [
      [
        "09:30:00",
        "11:30:00"
      ],
      [
        "13:00:00",
        "15:00:00"
      ]
    ],
    "evidence_scope": "仅从实际接入日起的前向数据，不回填历史IOPV"
  },
  "checks": {
    "same_fund_code": true,
    "same_trade_date": true,
    "iopv_publication_enabled": true,
    "positive_iopv": true,
    "positive_last_price": true,
    "positive_creation_unit": true,
    "snapshot_fresh_during_collection_session": true
  },
  "freshness": {
    "during_collection_session": true,
    "clock_delay_seconds": 0.576728,
    "maximum_allowed_seconds_during_session": 180.0
  },
  "latest_pcf": {
    "trading_day": "2026-08-18",
    "previous_trading_day": "2026-08-17",
    "fund_code": "510300",
    "fund_name": "华泰柏瑞沪深300交易型开放式指数证券投资基金",
    "fund_company": "华泰柏瑞基金管理有限公司",
    "file_id": "1465021",
    "etf_type": "8",
    "nav": 4.8038,
    "nav_per_creation_unit": 4323446.47,
    "previous_cash_component": 108343.47,
    "estimated_cash_component": 108377.47,
    "maximum_cash_ratio": 0.5,
    "creation_redemption_unit": 900000,
    "component_count": 300,
    "publish_iopv": true,
    "creation_redemption_status": "申购和赎回皆允许",
    "creation_redemption_mechanism": "1",
    "creation_limit": null,
    "redemption_limit": 3600000000.0,
    "net_creation_limit": null,
    "net_redemption_limit": null,
    "creation_limit_per_account": null,
    "redemption_limit_per_account": null,
    "net_creation_limit_per_account": null,
    "net_redemption_limit_per_account": null,
    "source": "sse.COMMON_SSE_CP_JJLB_ETFJJGK_GGSGSHQD_JBXX_C",
    "retrieved_at": "2026-08-18T09:30:05.929758+08:00"
  },
  "latest_iopv": {
    "exchange_timestamp": "2026-08-18 10:14:13",
    "trade_date": "2026-08-18",
    "fund_code": "510300",
    "name": "300ETF",
    "extended_name": "沪深300ETF华泰柏瑞",
    "last_price": 4.783,
    "iopv": 4.7872,
    "premium_discount_bps": -8.773395721924926,
    "change_rate_pct": -0.37,
    "change_cny": -0.018,
    "open": 4.794,
    "previous_close": 4.801,
    "high": 4.803,
    "low": 4.778,
    "volume_shares": 318797543.0,
    "amount_cny": 1527269986.0,
    "trade_phase_raw": "T111    ",
    "post_close_volume_shares": 0.0,
    "post_close_amount_cny": 0.0,
    "post_close_phase_raw": "A1      ",
    "product_subtype": "EBS",
    "source": "sse.yunhq.sh1.snap",
    "retrieved_at": "2026-08-18T10:14:13.540313+08:00"
  },
  "account_feasibility": {
    "reference_account_cny": 20000.0,
    "creation_unit_notional_cny": 4304700.0,
    "can_directly_create_or_redeem": false,
    "intended_use": "只用PCF和IOPV观察一级市场吸收状态，在二级市场交易510300"
  },
  "storage": {
    "pcf": {
      "file": "data/raw/primary_market/510300_pcf_daily.parquet",
      "row_count": 4,
      "first_key": "2026-08-13",
      "last_key": "2026-08-18",
      "sha256": "829c810ec802ff72ad6532eb5255f25a98fef36cad8dec5db46c14c5e37dac65"
    },
    "iopv": {
      "file": "data/raw/primary_market/510300_iopv_snapshots.parquet",
      "row_count": 200,
      "first_key": "2026-08-13 16:29:06",
      "last_key": "2026-08-18 10:14:13",
      "sha256": "1d43f76d971cae7ec1b8a6890abd227ed557460dad79be439a8ff3cb475b5009"
    }
  },
  "raw_response_files": [
    "data/raw/primary_market/raw/iopv/20260818/20260818T101411_770396+0800.json"
  ],
  "governance": {
    "use_as_trading_signal": false,
    "automatic_ordering_authorized": false,
    "note": "当前只采集和纸面验证；未通过前向门槛前不得映射实盘仓位。"
  }
}
{
  "status": "PASS",
  "checked_at": "2026-08-18T10:15:14.802639+08:00",
  "collector": {
    "collector_id": "510300_PRIMARY_SECONDARY_FORWARD_V1",
    "symbol": "510300.SH",
    "fund_code": "510300",
    "timezone": "Asia/Shanghai",
    "timeout_seconds": 15,
    "observation_interval_seconds": 60,
    "collection_start_time": "09:30:00",
    "collection_end_time": "15:00:00",
    "collection_sessions": [
      [
        "09:30:00",
        "11:30:00"
      ],
      [
        "13:00:00",
        "15:00:00"
      ]
    ],
    "evidence_scope": "仅从实际接入日起的前向数据，不回填历史IOPV"
  },
  "checks": {
    "same_fund_code": true,
    "same_trade_date": true,
    "iopv_publication_enabled": true,
    "positive_iopv": true,
    "positive_last_price": true,
    "positive_creation_unit": true,
    "snapshot_fresh_during_collection_session": true
  },
  "freshness": {
    "during_collection_session": true,
    "clock_delay_seconds": 0.802639,
    "maximum_allowed_seconds_during_session": 180.0
  },
  "latest_pcf": {
    "trading_day": "2026-08-18",
    "previous_trading_day": "2026-08-17",
    "fund_code": "510300",
    "fund_name": "华泰柏瑞沪深300交易型开放式指数证券投资基金",
    "fund_company": "华泰柏瑞基金管理有限公司",
    "file_id": "1465021",
    "etf_type": "8",
    "nav": 4.8038,
    "nav_per_creation_unit": 4323446.47,
    "previous_cash_component": 108343.47,
    "estimated_cash_component": 108377.47,
    "maximum_cash_ratio": 0.5,
    "creation_redemption_unit": 900000,
    "component_count": 300,
    "publish_iopv": true,
    "creation_redemption_status": "申购和赎回皆允许",
    "creation_redemption_mechanism": "1",
    "creation_limit": null,
    "redemption_limit": 3600000000.0,
    "net_creation_limit": null,
    "net_redemption_limit": null,
    "creation_limit_per_account": null,
    "redemption_limit_per_account": null,
    "net_creation_limit_per_account": null,
    "net_redemption_limit_per_account": null,
    "source": "sse.COMMON_SSE_CP_JJLB_ETFJJGK_GGSGSHQD_JBXX_C",
    "retrieved_at": "2026-08-18T09:30:05.929758+08:00"
  },
  "latest_iopv": {
    "exchange_timestamp": "2026-08-18 10:15:14",
    "trade_date": "2026-08-18",
    "fund_code": "510300",
    "name": "300ETF",
    "extended_name": "沪深300ETF华泰柏瑞",
    "last_price": 4.783,
    "iopv": 4.7872,
    "premium_discount_bps": -8.773395721924926,
    "change_rate_pct": -0.37,
    "change_cny": -0.018,
    "open": 4.794,
    "previous_close": 4.801,
    "high": 4.803,
    "low": 4.778,
    "volume_shares": 321457843.0,
    "amount_cny": 1539989134.0,
    "trade_phase_raw": "T111    ",
    "post_close_volume_shares": 0.0,
    "post_close_amount_cny": 0.0,
    "post_close_phase_raw": "A1      ",
    "product_subtype": "EBS",
    "source": "sse.yunhq.sh1.snap",
    "retrieved_at": "2026-08-18T10:15:14.761219+08:00"
  },
  "account_feasibility": {
    "reference_account_cny": 20000.0,
    "creation_unit_notional_cny": 4304700.0,
    "can_directly_create_or_redeem": false,
    "intended_use": "只用PCF和IOPV观察一级市场吸收状态，在二级市场交易510300"
  },
  "storage": {
    "pcf": {
      "file": "data/raw/primary_market/510300_pcf_daily.parquet",
      "row_count": 4,
      "first_key": "2026-08-13",
      "last_key": "2026-08-18",
      "sha256": "829c810ec802ff72ad6532eb5255f25a98fef36cad8dec5db46c14c5e37dac65"
    },
    "iopv": {
      "file": "data/raw/primary_market/510300_iopv_snapshots.parquet",
      "row_count": 201,
      "first_key": "2026-08-13 16:29:06",
      "last_key": "2026-08-18 10:15:14",
      "sha256": "ca6e2d5133f8c29cce8979defa7feeca9697a5453e88f99a2ec4c07a315f356f"
    }
  },
  "raw_response_files": [
    "data/raw/primary_market/raw/iopv/20260818/20260818T101513_582215+0800.json"
  ],
  "governance": {
    "use_as_trading_signal": false,
    "automatic_ordering_authorized": false,
    "note": "当前只采集和纸面验证；未通过前向门槛前不得映射实盘仓位。"
  }
}
{
  "status": "PASS",
  "checked_at": "2026-08-18T10:16:16.670354+08:00",
  "collector": {
    "collector_id": "510300_PRIMARY_SECONDARY_FORWARD_V1",
    "symbol": "510300.SH",
    "fund_code": "510300",
    "timezone": "Asia/Shanghai",
    "timeout_seconds": 15,
    "observation_interval_seconds": 60,
    "collection_start_time": "09:30:00",
    "collection_end_time": "15:00:00",
    "collection_sessions": [
      [
        "09:30:00",
        "11:30:00"
      ],
      [
        "13:00:00",
        "15:00:00"
      ]
    ],
    "evidence_scope": "仅从实际接入日起的前向数据，不回填历史IOPV"
  },
  "checks": {
    "same_fund_code": true,
    "same_trade_date": true,
    "iopv_publication_enabled": true,
    "positive_iopv": true,
    "positive_last_price": true,
    "positive_creation_unit": true,
    "snapshot_fresh_during_collection_session": true
  },
  "freshness": {
    "during_collection_session": true,
    "clock_delay_seconds": 0.670354,
    "maximum_allowed_seconds_during_session": 180.0
  },
  "latest_pcf": {
    "trading_day": "2026-08-18",
    "previous_trading_day": "2026-08-17",
    "fund_code": "510300",
    "fund_name": "华泰柏瑞沪深300交易型开放式指数证券投资基金",
    "fund_company": "华泰柏瑞基金管理有限公司",
    "file_id": "1465021",
    "etf_type": "8",
    "nav": 4.8038,
    "nav_per_creation_unit": 4323446.47,
    "previous_cash_component": 108343.47,
    "estimated_cash_component": 108377.47,
    "maximum_cash_ratio": 0.5,
    "creation_redemption_unit": 900000,
    "component_count": 300,
    "publish_iopv": true,
    "creation_redemption_status": "申购和赎回皆允许",
    "creation_redemption_mechanism": "1",
    "creation_limit": null,
    "redemption_limit": 3600000000.0,
    "net_creation_limit": null,
    "net_redemption_limit": null,
    "creation_limit_per_account": null,
    "redemption_limit_per_account": null,
    "net_creation_limit_per_account": null,
    "net_redemption_limit_per_account": null,
    "source": "sse.COMMON_SSE_CP_JJLB_ETFJJGK_GGSGSHQD_JBXX_C",
    "retrieved_at": "2026-08-18T09:30:05.929758+08:00"
  },
  "latest_iopv": {
    "exchange_timestamp": "2026-08-18 10:16:16",
    "trade_date": "2026-08-18",
    "fund_code": "510300",
    "name": "300ETF",
    "extended_name": "沪深300ETF华泰柏瑞",
    "last_price": 4.78,
    "iopv": 4.7854,
    "premium_discount_bps": -11.284323149579611,
    "change_rate_pct": -0.44,
    "change_cny": -0.021,
    "open": 4.794,
    "previous_close": 4.801,
    "high": 4.803,
    "low": 4.778,
    "volume_shares": 327265143.0,
    "amount_cny": 1567749766.0,
    "trade_phase_raw": "T111    ",
    "post_close_volume_shares": 0.0,
    "post_close_amount_cny": 0.0,
    "post_close_phase_raw": "A1      ",
    "product_subtype": "EBS",
    "source": "sse.yunhq.sh1.snap",
    "retrieved_at": "2026-08-18T10:16:16.631101+08:00"
  },
  "account_feasibility": {
    "reference_account_cny": 20000.0,
    "creation_unit_notional_cny": 4302000.0,
    "can_directly_create_or_redeem": false,
    "intended_use": "只用PCF和IOPV观察一级市场吸收状态，在二级市场交易510300"
  },
  "storage": {
    "pcf": {
      "file": "data/raw/primary_market/510300_pcf_daily.parquet",
      "row_count": 4,
      "first_key": "2026-08-13",
      "last_key": "2026-08-18",
      "sha256": "829c810ec802ff72ad6532eb5255f25a98fef36cad8dec5db46c14c5e37dac65"
    },
    "iopv": {
      "file": "data/raw/primary_market/510300_iopv_snapshots.parquet",
      "row_count": 202,
      "first_key": "2026-08-13 16:29:06",
      "last_key": "2026-08-18 10:16:16",
      "sha256": "a1df2b9e01c66922a2344156ae718984f460e474984ec405f9141ccb627f728d"
    }
  },
  "raw_response_files": [
    "data/raw/primary_market/raw/iopv/20260818/20260818T101614_808464+0800.json"
  ],
  "governance": {
    "use_as_trading_signal": false,
    "automatic_ordering_authorized": false,
    "note": "当前只采集和纸面验证；未通过前向门槛前不得映射实盘仓位。"
  }
}
{
  "status": "PASS",
  "checked_at": "2026-08-18T10:17:17.940721+08:00",
  "collector": {
    "collector_id": "510300_PRIMARY_SECONDARY_FORWARD_V1",
    "symbol": "510300.SH",
    "fund_code": "510300",
    "timezone": "Asia/Shanghai",
    "timeout_seconds": 15,
    "observation_interval_seconds": 60,
    "collection_start_time": "09:30:00",
    "collection_end_time": "15:00:00",
    "collection_sessions": [
      [
        "09:30:00",
        "11:30:00"
      ],
      [
        "13:00:00",
        "15:00:00"
      ]
    ],
    "evidence_scope": "仅从实际接入日起的前向数据，不回填历史IOPV"
  },
  "checks": {
    "same_fund_code": true,
    "same_trade_date": true,
    "iopv_publication_enabled": true,
    "positive_iopv": true,
    "positive_last_price": true,
    "positive_creation_unit": true,
    "snapshot_fresh_during_collection_session": true
  },
  "freshness": {
    "during_collection_session": true,
    "clock_delay_seconds": 0.940721,
    "maximum_allowed_seconds_during_session": 180.0
  },
  "latest_pcf": {
    "trading_day": "2026-08-18",
    "previous_trading_day": "2026-08-17",
    "fund_code": "510300",
    "fund_name": "华泰柏瑞沪深300交易型开放式指数证券投资基金",
    "fund_company": "华泰柏瑞基金管理有限公司",
    "file_id": "1465021",
    "etf_type": "8",
    "nav": 4.8038,
    "nav_per_creation_unit": 4323446.47,
    "previous_cash_component": 108343.47,
    "estimated_cash_component": 108377.47,
    "maximum_cash_ratio": 0.5,
    "creation_redemption_unit": 900000,
    "component_count": 300,
    "publish_iopv": true,
    "creation_redemption_status": "申购和赎回皆允许",
    "creation_redemption_mechanism": "1",
    "creation_limit": null,
    "redemption_limit": 3600000000.0,
    "net_creation_limit": null,
    "net_redemption_limit": null,
    "creation_limit_per_account": null,
    "redemption_limit_per_account": null,
    "net_creation_limit_per_account": null,
    "net_redemption_limit_per_account": null,
    "source": "sse.COMMON_SSE_CP_JJLB_ETFJJGK_GGSGSHQD_JBXX_C",
    "retrieved_at": "2026-08-18T09:30:05.929758+08:00"
  },
  "latest_iopv": {
    "exchange_timestamp": "2026-08-18 10:17:17",
    "trade_date": "2026-08-18",
    "fund_code": "510300",
    "name": "300ETF",
    "extended_name": "沪深300ETF华泰柏瑞",
    "last_price": 4.778,
    "iopv": 4.7836,
    "premium_discount_bps": -11.706664436826886,
    "change_rate_pct": -0.48,
    "change_cny": -0.023,
    "open": 4.794,
    "previous_close": 4.801,
    "high": 4.803,
    "low": 4.778,
    "volume_shares": 330711843.0,
    "amount_cny": 1584223068.0,
    "trade_phase_raw": "T111    ",
    "post_close_volume_shares": 0.0,
    "post_close_amount_cny": 0.0,
    "post_close_phase_raw": "A1      ",
    "product_subtype": "EBS",
    "source": "sse.yunhq.sh1.snap",
    "retrieved_at": "2026-08-18T10:17:17.901204+08:00"
  },
  "account_feasibility": {
    "reference_account_cny": 20000.0,
    "creation_unit_notional_cny": 4300200.0,
    "can_directly_create_or_redeem": false,
    "intended_use": "只用PCF和IOPV观察一级市场吸收状态，在二级市场交易510300"
  },
  "storage": {
    "pcf": {
      "file": "data/raw/primary_market/510300_pcf_daily.parquet",
      "row_count": 4,
      "first_key": "2026-08-13",
      "last_key": "2026-08-18",
      "sha256": "829c810ec802ff72ad6532eb5255f25a98fef36cad8dec5db46c14c5e37dac65"
    },
    "iopv": {
      "file": "data/raw/primary_market/510300_iopv_snapshots.parquet",
      "row_count": 203,
      "first_key": "2026-08-13 16:29:06",
      "last_key": "2026-08-18 10:17:17",
      "sha256": "4eff44b359add3b86e9fc131057e72ac3f00717e78c0466640001bb0fe73ca64"
    }
  },
  "raw_response_files": [
    "data/raw/primary_market/raw/iopv/20260818/20260818T101716_676757+0800.json"
  ],
  "governance": {
    "use_as_trading_signal": false,
    "automatic_ordering_authorized": false,
    "note": "当前只采集和纸面验证；未通过前向门槛前不得映射实盘仓位。"
  }
}
{
  "status": "PASS",
  "checked_at": "2026-08-18T10:18:19.243026+08:00",
  "collector": {
    "collector_id": "510300_PRIMARY_SECONDARY_FORWARD_V1",
    "symbol": "510300.SH",
    "fund_code": "510300",
    "timezone": "Asia/Shanghai",
    "timeout_seconds": 15,
    "observation_interval_seconds": 60,
    "collection_start_time": "09:30:00",
    "collection_end_time": "15:00:00",
    "collection_sessions": [
      [
        "09:30:00",
        "11:30:00"
      ],
      [
        "13:00:00",
        "15:00:00"
      ]
    ],
    "evidence_scope": "仅从实际接入日起的前向数据，不回填历史IOPV"
  },
  "checks": {
    "same_fund_code": true,
    "same_trade_date": true,
    "iopv_publication_enabled": true,
    "positive_iopv": true,
    "positive_last_price": true,
    "positive_creation_unit": true,
    "snapshot_fresh_during_collection_session": true
  },
  "freshness": {
    "during_collection_session": true,
    "clock_delay_seconds": 0.243026,
    "maximum_allowed_seconds_during_session": 180.0
  },
  "latest_pcf": {
    "trading_day": "2026-08-18",
    "previous_trading_day": "2026-08-17",
    "fund_code": "510300",
    "fund_name": "华泰柏瑞沪深300交易型开放式指数证券投资基金",
    "fund_company": "华泰柏瑞基金管理有限公司",
    "file_id": "1465021",
    "etf_type": "8",
    "nav": 4.8038,
    "nav_per_creation_unit": 4323446.47,
    "previous_cash_component": 108343.47,
    "estimated_cash_component": 108377.47,
    "maximum_cash_ratio": 0.5,
    "creation_redemption_unit": 900000,
    "component_count": 300,
    "publish_iopv": true,
    "creation_redemption_status": "申购和赎回皆允许",
    "creation_redemption_mechanism": "1",
    "creation_limit": null,
    "redemption_limit": 3600000000.0,
    "net_creation_limit": null,
    "net_redemption_limit": null,
    "creation_limit_per_account": null,
    "redemption_limit_per_account": null,
    "net_creation_limit_per_account": null,
    "net_redemption_limit_per_account": null,
    "source": "sse.COMMON_SSE_CP_JJLB_ETFJJGK_GGSGSHQD_JBXX_C",
    "retrieved_at": "2026-08-18T09:30:05.929758+08:00"
  },
  "latest_iopv": {
    "exchange_timestamp": "2026-08-18 10:18:19",
    "trade_date": "2026-08-18",
    "fund_code": "510300",
    "name": "300ETF",
    "extended_name": "沪深300ETF华泰柏瑞",
    "last_price": 4.778,
    "iopv": 4.7821,
    "premium_discount_bps": -8.573639196169935,
    "change_rate_pct": -0.48,
    "change_cny": -0.023,
    "open": 4.794,
    "previous_close": 4.801,
    "high": 4.803,
    "low": 4.777,
    "volume_shares": 333073243.0,
    "amount_cny": 1595505815.0,
    "trade_phase_raw": "T111    ",
    "post_close_volume_shares": 0.0,
    "post_close_amount_cny": 0.0,
    "post_close_phase_raw": "A1      ",
    "product_subtype": "EBS",
    "source": "sse.yunhq.sh1.snap",
    "retrieved_at": "2026-08-18T10:18:19.203709+08:00"
  },
  "account_feasibility": {
    "reference_account_cny": 20000.0,
    "creation_unit_notional_cny": 4300200.0,
    "can_directly_create_or_redeem": false,
    "intended_use": "只用PCF和IOPV观察一级市场吸收状态，在二级市场交易510300"
  },
  "storage": {
    "pcf": {
      "file": "data/raw/primary_market/510300_pcf_daily.parquet",
      "row_count": 4,
      "first_key": "2026-08-13",
      "last_key": "2026-08-18",
      "sha256": "829c810ec802ff72ad6532eb5255f25a98fef36cad8dec5db46c14c5e37dac65"
    },
    "iopv": {
      "file": "data/raw/primary_market/510300_iopv_snapshots.parquet",
      "row_count": 204,
      "first_key": "2026-08-13 16:29:06",
      "last_key": "2026-08-18 10:18:19",
      "sha256": "ae4bb0ef9c2820a20900e9387179bfa88eddd7aee8c0b4e00df7a4a36dd85ef8"
    }
  },
  "raw_response_files": [
    "data/raw/primary_market/raw/iopv/20260818/20260818T101817_945685+0800.json"
  ],
  "governance": {
    "use_as_trading_signal": false,
    "automatic_ordering_authorized": false,
    "note": "当前只采集和纸面验证；未通过前向门槛前不得映射实盘仓位。"
  }
}
{
  "status": "PASS",
  "checked_at": "2026-08-18T10:19:20.478955+08:00",
  "collector": {
    "collector_id": "510300_PRIMARY_SECONDARY_FORWARD_V1",
    "symbol": "510300.SH",
    "fund_code": "510300",
    "timezone": "Asia/Shanghai",
    "timeout_seconds": 15,
    "observation_interval_seconds": 60,
    "collection_start_time": "09:30:00",
    "collection_end_time": "15:00:00",
    "collection_sessions": [
      [
        "09:30:00",
        "11:30:00"
      ],
      [
        "13:00:00",
        "15:00:00"
      ]
    ],
    "evidence_scope": "仅从实际接入日起的前向数据，不回填历史IOPV"
  },
  "checks": {
    "same_fund_code": true,
    "same_trade_date": true,
    "iopv_publication_enabled": true,
    "positive_iopv": true,
    "positive_last_price": true,
    "positive_creation_unit": true,
    "snapshot_fresh_during_collection_session": true
  },
  "freshness": {
    "during_collection_session": true,
    "clock_delay_seconds": 0.478955,
    "maximum_allowed_seconds_during_session": 180.0
  },
  "latest_pcf": {
    "trading_day": "2026-08-18",
    "previous_trading_day": "2026-08-17",
    "fund_code": "510300",
    "fund_name": "华泰柏瑞沪深300交易型开放式指数证券投资基金",
    "fund_company": "华泰柏瑞基金管理有限公司",
    "file_id": "1465021",
    "etf_type": "8",
    "nav": 4.8038,
    "nav_per_creation_unit": 4323446.47,
    "previous_cash_component": 108343.47,
    "estimated_cash_component": 108377.47,
    "maximum_cash_ratio": 0.5,
    "creation_redemption_unit": 900000,
    "component_count": 300,
    "publish_iopv": true,
    "creation_redemption_status": "申购和赎回皆允许",
    "creation_redemption_mechanism": "1",
    "creation_limit": null,
    "redemption_limit": 3600000000.0,
    "net_creation_limit": null,
    "net_redemption_limit": null,
    "creation_limit_per_account": null,
    "redemption_limit_per_account": null,
    "net_creation_limit_per_account": null,
    "net_redemption_limit_per_account": null,
    "source": "sse.COMMON_SSE_CP_JJLB_ETFJJGK_GGSGSHQD_JBXX_C",
    "retrieved_at": "2026-08-18T09:30:05.929758+08:00"
  },
  "latest_iopv": {
    "exchange_timestamp": "2026-08-18 10:19:20",
    "trade_date": "2026-08-18",
    "fund_code": "510300",
    "name": "300ETF",
    "extended_name": "沪深300ETF华泰柏瑞",
    "last_price": 4.78,
    "iopv": 4.7828,
    "premium_discount_bps": -5.8543112820930165,
    "change_rate_pct": -0.44,
    "change_cny": -0.021,
    "open": 4.794,
    "previous_close": 4.801,
    "high": 4.803,
    "low": 4.776,
    "volume_shares": 337182243.0,
    "amount_cny": 1615138915.0,
    "trade_phase_raw": "T111    ",
    "post_close_volume_shares": 0.0,
    "post_close_amount_cny": 0.0,
    "post_close_phase_raw": "A1      ",
    "product_subtype": "EBS",
    "source": "sse.yunhq.sh1.snap",
    "retrieved_at": "2026-08-18T10:19:20.440951+08:00"
  },
  "account_feasibility": {
    "reference_account_cny": 20000.0,
    "creation_unit_notional_cny": 4302000.0,
    "can_directly_create_or_redeem": false,
    "intended_use": "只用PCF和IOPV观察一级市场吸收状态，在二级市场交易510300"
  },
  "storage": {
    "pcf": {
      "file": "data/raw/primary_market/510300_pcf_daily.parquet",
      "row_count": 4,
      "first_key": "2026-08-13",
      "last_key": "2026-08-18",
      "sha256": "829c810ec802ff72ad6532eb5255f25a98fef36cad8dec5db46c14c5e37dac65"
    },
    "iopv": {
      "file": "data/raw/primary_market/510300_iopv_snapshots.parquet",
      "row_count": 205,
      "first_key": "2026-08-13 16:29:06",
      "last_key": "2026-08-18 10:19:20",
      "sha256": "e7f1571cfc07f3400780bd849fe03c198c3a029fc88fe982d5763be6d234f478"
    }
  },
  "raw_response_files": [
    "data/raw/primary_market/raw/iopv/20260818/20260818T101919_249152+0800.json"
  ],
  "governance": {
    "use_as_trading_signal": false,
    "automatic_ordering_authorized": false,
    "note": "当前只采集和纸面验证；未通过前向门槛前不得映射实盘仓位。"
  }
}
{
  "status": "PASS",
  "checked_at": "2026-08-18T10:20:21.759487+08:00",
  "collector": {
    "collector_id": "510300_PRIMARY_SECONDARY_FORWARD_V1",
    "symbol": "510300.SH",
    "fund_code": "510300",
    "timezone": "Asia/Shanghai",
    "timeout_seconds": 15,
    "observation_interval_seconds": 60,
    "collection_start_time": "09:30:00",
    "collection_end_time": "15:00:00",
    "collection_sessions": [
      [
        "09:30:00",
        "11:30:00"
      ],
      [
        "13:00:00",
        "15:00:00"
      ]
    ],
    "evidence_scope": "仅从实际接入日起的前向数据，不回填历史IOPV"
  },
  "checks": {
    "same_fund_code": true,
    "same_trade_date": true,
    "iopv_publication_enabled": true,
    "positive_iopv": true,
    "positive_last_price": true,
    "positive_creation_unit": true,
    "snapshot_fresh_during_collection_session": true
  },
  "freshness": {
    "during_collection_session": true,
    "clock_delay_seconds": 0.759487,
    "maximum_allowed_seconds_during_session": 180.0
  },
  "latest_pcf": {
    "trading_day": "2026-08-18",
    "previous_trading_day": "2026-08-17",
    "fund_code": "510300",
    "fund_name": "华泰柏瑞沪深300交易型开放式指数证券投资基金",
    "fund_company": "华泰柏瑞基金管理有限公司",
    "file_id": "1465021",
    "etf_type": "8",
    "nav": 4.8038,
    "nav_per_creation_unit": 4323446.47,
    "previous_cash_component": 108343.47,
    "estimated_cash_component": 108377.47,
    "maximum_cash_ratio": 0.5,
    "creation_redemption_unit": 900000,
    "component_count": 300,
    "publish_iopv": true,
    "creation_redemption_status": "申购和赎回皆允许",
    "creation_redemption_mechanism": "1",
    "creation_limit": null,
    "redemption_limit": 3600000000.0,
    "net_creation_limit": null,
    "net_redemption_limit": null,
    "creation_limit_per_account": null,
    "redemption_limit_per_account": null,
    "net_creation_limit_per_account": null,
    "net_redemption_limit_per_account": null,
    "source": "sse.COMMON_SSE_CP_JJLB_ETFJJGK_GGSGSHQD_JBXX_C",
    "retrieved_at": "2026-08-18T09:30:05.929758+08:00"
  },
  "latest_iopv": {
    "exchange_timestamp": "2026-08-18 10:20:21",
    "trade_date": "2026-08-18",
    "fund_code": "510300",
    "name": "300ETF",
    "extended_name": "沪深300ETF华泰柏瑞",
    "last_price": 4.78,
    "iopv": 4.7843,
    "premium_discount_bps": -8.98773070250547,
    "change_rate_pct": -0.44,
    "change_cny": -0.021,
    "open": 4.794,
    "previous_close": 4.801,
    "high": 4.803,
    "low": 4.776,
    "volume_shares": 340414643.0,
    "amount_cny": 1630588447.0,
    "trade_phase_raw": "T111    ",
    "post_close_volume_shares": 0.0,
    "post_close_amount_cny": 0.0,
    "post_close_phase_raw": "A1      ",
    "product_subtype": "EBS",
    "source": "sse.yunhq.sh1.snap",
    "retrieved_at": "2026-08-18T10:20:21.724501+08:00"
  },
  "account_feasibility": {
    "reference_account_cny": 20000.0,
    "creation_unit_notional_cny": 4302000.0,
    "can_directly_create_or_redeem": false,
    "intended_use": "只用PCF和IOPV观察一级市场吸收状态，在二级市场交易510300"
  },
  "storage": {
    "pcf": {
      "file": "data/raw/primary_market/510300_pcf_daily.parquet",
      "row_count": 4,
      "first_key": "2026-08-13",
      "last_key": "2026-08-18",
      "sha256": "829c810ec802ff72ad6532eb5255f25a98fef36cad8dec5db46c14c5e37dac65"
    },
    "iopv": {
      "file": "data/raw/primary_market/510300_iopv_snapshots.parquet",
      "row_count": 206,
      "first_key": "2026-08-13 16:29:06",
      "last_key": "2026-08-18 10:20:21",
      "sha256": "f14141593d6b44c516d2010a2e9c0975a37a539381b1459e240fe78d7808bd75"
    }
  },
  "raw_response_files": [
    "data/raw/primary_market/raw/iopv/20260818/20260818T102020_484455+0800.json"
  ],
  "governance": {
    "use_as_trading_signal": false,
    "automatic_ordering_authorized": false,
    "note": "当前只采集和纸面验证；未通过前向门槛前不得映射实盘仓位。"
  }
}
{
  "status": "PASS",
  "checked_at": "2026-08-18T10:21:23.029942+08:00",
  "collector": {
    "collector_id": "510300_PRIMARY_SECONDARY_FORWARD_V1",
    "symbol": "510300.SH",
    "fund_code": "510300",
    "timezone": "Asia/Shanghai",
    "timeout_seconds": 15,
    "observation_interval_seconds": 60,
    "collection_start_time": "09:30:00",
    "collection_end_time": "15:00:00",
    "collection_sessions": [
      [
        "09:30:00",
        "11:30:00"
      ],
      [
        "13:00:00",
        "15:00:00"
      ]
    ],
    "evidence_scope": "仅从实际接入日起的前向数据，不回填历史IOPV"
  },
  "checks": {
    "same_fund_code": true,
    "same_trade_date": true,
    "iopv_publication_enabled": true,
    "positive_iopv": true,
    "positive_last_price": true,
    "positive_creation_unit": true,
    "snapshot_fresh_during_collection_session": true
  },
  "freshness": {
    "during_collection_session": true,
    "clock_delay_seconds": 1.029942,
    "maximum_allowed_seconds_during_session": 180.0
  },
  "latest_pcf": {
    "trading_day": "2026-08-18",
    "previous_trading_day": "2026-08-17",
    "fund_code": "510300",
    "fund_name": "华泰柏瑞沪深300交易型开放式指数证券投资基金",
    "fund_company": "华泰柏瑞基金管理有限公司",
    "file_id": "1465021",
    "etf_type": "8",
    "nav": 4.8038,
    "nav_per_creation_unit": 4323446.47,
    "previous_cash_component": 108343.47,
    "estimated_cash_component": 108377.47,
    "maximum_cash_ratio": 0.5,
    "creation_redemption_unit": 900000,
    "component_count": 300,
    "publish_iopv": true,
    "creation_redemption_status": "申购和赎回皆允许",
    "creation_redemption_mechanism": "1",
    "creation_limit": null,
    "redemption_limit": 3600000000.0,
    "net_creation_limit": null,
    "net_redemption_limit": null,
    "creation_limit_per_account": null,
    "redemption_limit_per_account": null,
    "net_creation_limit_per_account": null,
    "net_redemption_limit_per_account": null,
    "source": "sse.COMMON_SSE_CP_JJLB_ETFJJGK_GGSGSHQD_JBXX_C",
    "retrieved_at": "2026-08-18T09:30:05.929758+08:00"
  },
  "latest_iopv": {
    "exchange_timestamp": "2026-08-18 10:21:22",
    "trade_date": "2026-08-18",
    "fund_code": "510300",
    "name": "300ETF",
    "extended_name": "沪深300ETF华泰柏瑞",
    "last_price": 4.776,
    "iopv": 4.7812,
    "premium_discount_bps": -10.875930728687644,
    "change_rate_pct": -0.52,
    "change_cny": -0.025,
    "open": 4.794,
    "previous_close": 4.801,
    "high": 4.803,
    "low": 4.776,
    "volume_shares": 342397543.0,
    "amount_cny": 1640061526.0,
    "trade_phase_raw": "T111    ",
    "post_close_volume_shares": 0.0,
    "post_close_amount_cny": 0.0,
    "post_close_phase_raw": "A1      ",
    "product_subtype": "EBS",
    "source": "sse.yunhq.sh1.snap",
    "retrieved_at": "2026-08-18T10:21:22.990812+08:00"
  },
  "account_feasibility": {
    "reference_account_cny": 20000.0,
    "creation_unit_notional_cny": 4298400.0,
    "can_directly_create_or_redeem": false,
    "intended_use": "只用PCF和IOPV观察一级市场吸收状态，在二级市场交易510300"
  },
  "storage": {
    "pcf": {
      "file": "data/raw/primary_market/510300_pcf_daily.parquet",
      "row_count": 4,
      "first_key": "2026-08-13",
      "last_key": "2026-08-18",
      "sha256": "829c810ec802ff72ad6532eb5255f25a98fef36cad8dec5db46c14c5e37dac65"
    },
    "iopv": {
      "file": "data/raw/primary_market/510300_iopv_snapshots.parquet",
      "row_count": 207,
      "first_key": "2026-08-13 16:29:06",
      "last_key": "2026-08-18 10:21:22",
      "sha256": "100509b4c1ec51bd3e6f9e784146ed50701134900314cff2d0a0c9a5810d7af0"
    }
  },
  "raw_response_files": [
    "data/raw/primary_market/raw/iopv/20260818/20260818T102121_765135+0800.json"
  ],
  "governance": {
    "use_as_trading_signal": false,
    "automatic_ordering_authorized": false,
    "note": "当前只采集和纸面验证；未通过前向门槛前不得映射实盘仓位。"
  }
}
{
  "status": "PASS",
  "checked_at": "2026-08-18T10:22:24.313316+08:00",
  "collector": {
    "collector_id": "510300_PRIMARY_SECONDARY_FORWARD_V1",
    "symbol": "510300.SH",
    "fund_code": "510300",
    "timezone": "Asia/Shanghai",
    "timeout_seconds": 15,
    "observation_interval_seconds": 60,
    "collection_start_time": "09:30:00",
    "collection_end_time": "15:00:00",
    "collection_sessions": [
      [
        "09:30:00",
        "11:30:00"
      ],
      [
        "13:00:00",
        "15:00:00"
      ]
    ],
    "evidence_scope": "仅从实际接入日起的前向数据，不回填历史IOPV"
  },
  "checks": {
    "same_fund_code": true,
    "same_trade_date": true,
    "iopv_publication_enabled": true,
    "positive_iopv": true,
    "positive_last_price": true,
    "positive_creation_unit": true,
    "snapshot_fresh_during_collection_session": true
  },
  "freshness": {
    "during_collection_session": true,
    "clock_delay_seconds": 0.313316,
    "maximum_allowed_seconds_during_session": 180.0
  },
  "latest_pcf": {
    "trading_day": "2026-08-18",
    "previous_trading_day": "2026-08-17",
    "fund_code": "510300",
    "fund_name": "华泰柏瑞沪深300交易型开放式指数证券投资基金",
    "fund_company": "华泰柏瑞基金管理有限公司",
    "file_id": "1465021",
    "etf_type": "8",
    "nav": 4.8038,
    "nav_per_creation_unit": 4323446.47,
    "previous_cash_component": 108343.47,
    "estimated_cash_component": 108377.47,
    "maximum_cash_ratio": 0.5,
    "creation_redemption_unit": 900000,
    "component_count": 300,
    "publish_iopv": true,
    "creation_redemption_status": "申购和赎回皆允许",
    "creation_redemption_mechanism": "1",
    "creation_limit": null,
    "redemption_limit": 3600000000.0,
    "net_creation_limit": null,
    "net_redemption_limit": null,
    "creation_limit_per_account": null,
    "redemption_limit_per_account": null,
    "net_creation_limit_per_account": null,
    "net_redemption_limit_per_account": null,
    "source": "sse.COMMON_SSE_CP_JJLB_ETFJJGK_GGSGSHQD_JBXX_C",
    "retrieved_at": "2026-08-18T09:30:05.929758+08:00"
  },
  "latest_iopv": {
    "exchange_timestamp": "2026-08-18 10:22:24",
    "trade_date": "2026-08-18",
    "fund_code": "510300",
    "name": "300ETF",
    "extended_name": "沪深300ETF华泰柏瑞",
    "last_price": 4.776,
    "iopv": 4.7791,
    "premium_discount_bps": -6.486576970559099,
    "change_rate_pct": -0.52,
    "change_cny": -0.025,
    "open": 4.794,
    "previous_close": 4.801,
    "high": 4.803,
    "low": 4.774,
    "volume_shares": 344680543.0,
    "amount_cny": 1650962815.0,
    "trade_phase_raw": "T111    ",
    "post_close_volume_shares": 0.0,
    "post_close_amount_cny": 0.0,
    "post_close_phase_raw": "A1      ",
    "product_subtype": "EBS",
    "source": "sse.yunhq.sh1.snap",
    "retrieved_at": "2026-08-18T10:22:24.284340+08:00"
  },
  "account_feasibility": {
    "reference_account_cny": 20000.0,
    "creation_unit_notional_cny": 4298400.0,
    "can_directly_create_or_redeem": false,
    "intended_use": "只用PCF和IOPV观察一级市场吸收状态，在二级市场交易510300"
  },
  "storage": {
    "pcf": {
      "file": "data/raw/primary_market/510300_pcf_daily.parquet",
      "row_count": 4,
      "first_key": "2026-08-13",
      "last_key": "2026-08-18",
      "sha256": "829c810ec802ff72ad6532eb5255f25a98fef36cad8dec5db46c14c5e37dac65"
    },
    "iopv": {
      "file": "data/raw/primary_market/510300_iopv_snapshots.parquet",
      "row_count": 208,
      "first_key": "2026-08-13 16:29:06",
      "last_key": "2026-08-18 10:22:24",
      "sha256": "35f43717147a16f29775000e5bdd2ac5433de60c9b1479120b2b0e08381ad56d"
    }
  },
  "raw_response_files": [
    "data/raw/primary_market/raw/iopv/20260818/20260818T102223_035704+0800.json"
  ],
  "governance": {
    "use_as_trading_signal": false,
    "automatic_ordering_authorized": false,
    "note": "当前只采集和纸面验证；未通过前向门槛前不得映射实盘仓位。"
  }
}
{
  "status": "PASS",
  "checked_at": "2026-08-18T10:23:25.604126+08:00",
  "collector": {
    "collector_id": "510300_PRIMARY_SECONDARY_FORWARD_V1",
    "symbol": "510300.SH",
    "fund_code": "510300",
    "timezone": "Asia/Shanghai",
    "timeout_seconds": 15,
    "observation_interval_seconds": 60,
    "collection_start_time": "09:30:00",
    "collection_end_time": "15:00:00",
    "collection_sessions": [
      [
        "09:30:00",
        "11:30:00"
      ],
      [
        "13:00:00",
        "15:00:00"
      ]
    ],
    "evidence_scope": "仅从实际接入日起的前向数据，不回填历史IOPV"
  },
  "checks": {
    "same_fund_code": true,
    "same_trade_date": true,
    "iopv_publication_enabled": true,
    "positive_iopv": true,
    "positive_last_price": true,
    "positive_creation_unit": true,
    "snapshot_fresh_during_collection_session": true
  },
  "freshness": {
    "during_collection_session": true,
    "clock_delay_seconds": 0.604126,
    "maximum_allowed_seconds_during_session": 180.0
  },
  "latest_pcf": {
    "trading_day": "2026-08-18",
    "previous_trading_day": "2026-08-17",
    "fund_code": "510300",
    "fund_name": "华泰柏瑞沪深300交易型开放式指数证券投资基金",
    "fund_company": "华泰柏瑞基金管理有限公司",
    "file_id": "1465021",
    "etf_type": "8",
    "nav": 4.8038,
    "nav_per_creation_unit": 4323446.47,
    "previous_cash_component": 108343.47,
    "estimated_cash_component": 108377.47,
    "maximum_cash_ratio": 0.5,
    "creation_redemption_unit": 900000,
    "component_count": 300,
    "publish_iopv": true,
    "creation_redemption_status": "申购和赎回皆允许",
    "creation_redemption_mechanism": "1",
    "creation_limit": null,
    "redemption_limit": 3600000000.0,
    "net_creation_limit": null,
    "net_redemption_limit": null,
    "creation_limit_per_account": null,
    "redemption_limit_per_account": null,
    "net_creation_limit_per_account": null,
    "net_redemption_limit_per_account": null,
    "source": "sse.COMMON_SSE_CP_JJLB_ETFJJGK_GGSGSHQD_JBXX_C",
    "retrieved_at": "2026-08-18T09:30:05.929758+08:00"
  },
  "latest_iopv": {
    "exchange_timestamp": "2026-08-18 10:23:25",
    "trade_date": "2026-08-18",
    "fund_code": "510300",
    "name": "300ETF",
    "extended_name": "沪深300ETF华泰柏瑞",
    "last_price": 4.775,
    "iopv": 4.7793,
    "premium_discount_bps": -8.997133471427832,
    "change_rate_pct": -0.54,
    "change_cny": -0.026,
    "open": 4.794,
    "previous_close": 4.801,
    "high": 4.803,
    "low": 4.774,
    "volume_shares": 349862243.0,
    "amount_cny": 1675706425.0,
    "trade_phase_raw": "T111    ",
    "post_close_volume_shares": 0.0,
    "post_close_amount_cny": 0.0,
    "post_close_phase_raw": "A1      ",
    "product_subtype": "EBS",
    "source": "sse.yunhq.sh1.snap",
    "retrieved_at": "2026-08-18T10:23:25.577783+08:00"
  },
  "account_feasibility": {
    "reference_account_cny": 20000.0,
    "creation_unit_notional_cny": 4297500.0,
    "can_directly_create_or_redeem": false,
    "intended_use": "只用PCF和IOPV观察一级市场吸收状态，在二级市场交易510300"
  },
  "storage": {
    "pcf": {
      "file": "data/raw/primary_market/510300_pcf_daily.parquet",
      "row_count": 4,
      "first_key": "2026-08-13",
      "last_key": "2026-08-18",
      "sha256": "829c810ec802ff72ad6532eb5255f25a98fef36cad8dec5db46c14c5e37dac65"
    },
    "iopv": {
      "file": "data/raw/primary_market/510300_iopv_snapshots.parquet",
      "row_count": 209,
      "first_key": "2026-08-13 16:29:06",
      "last_key": "2026-08-18 10:23:25",
      "sha256": "f38750a3588a268ab05c2dc515c1b43f7bf4054a3e8f7466546f0bba230ab0f3"
    }
  },
  "raw_response_files": [
    "data/raw/primary_market/raw/iopv/20260818/20260818T102324_318889+0800.json"
  ],
  "governance": {
    "use_as_trading_signal": false,
    "automatic_ordering_authorized": false,
    "note": "当前只采集和纸面验证；未通过前向门槛前不得映射实盘仓位。"
  }
}
{
  "status": "PASS",
  "checked_at": "2026-08-18T10:24:28.036655+08:00",
  "collector": {
    "collector_id": "510300_PRIMARY_SECONDARY_FORWARD_V1",
    "symbol": "510300.SH",
    "fund_code": "510300",
    "timezone": "Asia/Shanghai",
    "timeout_seconds": 15,
    "observation_interval_seconds": 60,
    "collection_start_time": "09:30:00",
    "collection_end_time": "15:00:00",
    "collection_sessions": [
      [
        "09:30:00",
        "11:30:00"
      ],
      [
        "13:00:00",
        "15:00:00"
      ]
    ],
    "evidence_scope": "仅从实际接入日起的前向数据，不回填历史IOPV"
  },
  "checks": {
    "same_fund_code": true,
    "same_trade_date": true,
    "iopv_publication_enabled": true,
    "positive_iopv": true,
    "positive_last_price": true,
    "positive_creation_unit": true,
    "snapshot_fresh_during_collection_session": true
  },
  "freshness": {
    "during_collection_session": true,
    "clock_delay_seconds": 1.036655,
    "maximum_allowed_seconds_during_session": 180.0
  },
  "latest_pcf": {
    "trading_day": "2026-08-18",
    "previous_trading_day": "2026-08-17",
    "fund_code": "510300",
    "fund_name": "华泰柏瑞沪深300交易型开放式指数证券投资基金",
    "fund_company": "华泰柏瑞基金管理有限公司",
    "file_id": "1465021",
    "etf_type": "8",
    "nav": 4.8038,
    "nav_per_creation_unit": 4323446.47,
    "previous_cash_component": 108343.47,
    "estimated_cash_component": 108377.47,
    "maximum_cash_ratio": 0.5,
    "creation_redemption_unit": 900000,
    "component_count": 300,
    "publish_iopv": true,
    "creation_redemption_status": "申购和赎回皆允许",
    "creation_redemption_mechanism": "1",
    "creation_limit": null,
    "redemption_limit": 3600000000.0,
    "net_creation_limit": null,
    "net_redemption_limit": null,
    "creation_limit_per_account": null,
    "redemption_limit_per_account": null,
    "net_creation_limit_per_account": null,
    "net_redemption_limit_per_account": null,
    "source": "sse.COMMON_SSE_CP_JJLB_ETFJJGK_GGSGSHQD_JBXX_C",
    "retrieved_at": "2026-08-18T09:30:05.929758+08:00"
  },
  "latest_iopv": {
    "exchange_timestamp": "2026-08-18 10:24:27",
    "trade_date": "2026-08-18",
    "fund_code": "510300",
    "name": "300ETF",
    "extended_name": "沪深300ETF华泰柏瑞",
    "last_price": 4.773,
    "iopv": 4.7766,
    "premium_discount_bps": -7.536741615375986,
    "change_rate_pct": -0.58,
    "change_cny": -0.028,
    "open": 4.794,
    "previous_close": 4.801,
    "high": 4.803,
    "low": 4.773,
    "volume_shares": 352866643.0,
    "amount_cny": 1690048360.0,
    "trade_phase_raw": "T111    ",
    "post_close_volume_shares": 0.0,
    "post_close_amount_cny": 0.0,
    "post_close_phase_raw": "A1      ",
    "product_subtype": "EBS",
    "source": "sse.yunhq.sh1.snap",
    "retrieved_at": "2026-08-18T10:24:27.998313+08:00"
  },
  "account_feasibility": {
    "reference_account_cny": 20000.0,
    "creation_unit_notional_cny": 4295700.0,
    "can_directly_create_or_redeem": false,
    "intended_use": "只用PCF和IOPV观察一级市场吸收状态，在二级市场交易510300"
  },
  "storage": {
    "pcf": {
      "file": "data/raw/primary_market/510300_pcf_daily.parquet",
      "row_count": 4,
      "first_key": "2026-08-13",
      "last_key": "2026-08-18",
      "sha256": "829c810ec802ff72ad6532eb5255f25a98fef36cad8dec5db46c14c5e37dac65"
    },
    "iopv": {
      "file": "data/raw/primary_market/510300_iopv_snapshots.parquet",
      "row_count": 210,
      "first_key": "2026-08-13 16:29:06",
      "last_key": "2026-08-18 10:24:27",
      "sha256": "566465a86ce947a1e02c7fd9d9ca02763b97ffddba71959eaacb3f29bb09c50b"
    }
  },
  "raw_response_files": [
    "data/raw/primary_market/raw/iopv/20260818/20260818T102425_609418+0800.json"
  ],
  "governance": {
    "use_as_trading_signal": false,
    "automatic_ordering_authorized": false,
    "note": "当前只采集和纸面验证；未通过前向门槛前不得映射实盘仓位。"
  }
}
{
  "status": "PASS",
  "checked_at": "2026-08-18T10:25:29.332688+08:00",
  "collector": {
    "collector_id": "510300_PRIMARY_SECONDARY_FORWARD_V1",
    "symbol": "510300.SH",
    "fund_code": "510300",
    "timezone": "Asia/Shanghai",
    "timeout_seconds": 15,
    "observation_interval_seconds": 60,
    "collection_start_time": "09:30:00",
    "collection_end_time": "15:00:00",
    "collection_sessions": [
      [
        "09:30:00",
        "11:30:00"
      ],
      [
        "13:00:00",
        "15:00:00"
      ]
    ],
    "evidence_scope": "仅从实际接入日起的前向数据，不回填历史IOPV"
  },
  "checks": {
    "same_fund_code": true,
    "same_trade_date": true,
    "iopv_publication_enabled": true,
    "positive_iopv": true,
    "positive_last_price": true,
    "positive_creation_unit": true,
    "snapshot_fresh_during_collection_session": true
  },
  "freshness": {
    "during_collection_session": true,
    "clock_delay_seconds": 0.332688,
    "maximum_allowed_seconds_during_session": 180.0
  },
  "latest_pcf": {
    "trading_day": "2026-08-18",
    "previous_trading_day": "2026-08-17",
    "fund_code": "510300",
    "fund_name": "华泰柏瑞沪深300交易型开放式指数证券投资基金",
    "fund_company": "华泰柏瑞基金管理有限公司",
    "file_id": "1465021",
    "etf_type": "8",
    "nav": 4.8038,
    "nav_per_creation_unit": 4323446.47,
    "previous_cash_component": 108343.47,
    "estimated_cash_component": 108377.47,
    "maximum_cash_ratio": 0.5,
    "creation_redemption_unit": 900000,
    "component_count": 300,
    "publish_iopv": true,
    "creation_redemption_status": "申购和赎回皆允许",
    "creation_redemption_mechanism": "1",
    "creation_limit": null,
    "redemption_limit": 3600000000.0,
    "net_creation_limit": null,
    "net_redemption_limit": null,
    "creation_limit_per_account": null,
    "redemption_limit_per_account": null,
    "net_creation_limit_per_account": null,
    "net_redemption_limit_per_account": null,
    "source": "sse.COMMON_SSE_CP_JJLB_ETFJJGK_GGSGSHQD_JBXX_C",
    "retrieved_at": "2026-08-18T09:30:05.929758+08:00"
  },
  "latest_iopv": {
    "exchange_timestamp": "2026-08-18 10:25:29",
    "trade_date": "2026-08-18",
    "fund_code": "510300",
    "name": "300ETF",
    "extended_name": "沪深300ETF华泰柏瑞",
    "last_price": 4.772,
    "iopv": 4.7765,
    "premium_discount_bps": -9.421124254160862,
    "change_rate_pct": -0.6,
    "change_cny": -0.029,
    "open": 4.794,
    "previous_close": 4.801,
    "high": 4.803,
    "low": 4.771,
    "volume_shares": 355818943.0,
    "amount_cny": 1704137083.0,
    "trade_phase_raw": "T111    ",
    "post_close_volume_shares": 0.0,
    "post_close_amount_cny": 0.0,
    "post_close_phase_raw": "A1      ",
    "product_subtype": "EBS",
    "source": "sse.yunhq.sh1.snap",
    "retrieved_at": "2026-08-18T10:25:29.290617+08:00"
  },
  "account_feasibility": {
    "reference_account_cny": 20000.0,
    "creation_unit_notional_cny": 4294800.0,
    "can_directly_create_or_redeem": false,
    "intended_use": "只用PCF和IOPV观察一级市场吸收状态，在二级市场交易510300"
  },
  "storage": {
    "pcf": {
      "file": "data/raw/primary_market/510300_pcf_daily.parquet",
      "row_count": 4,
      "first_key": "2026-08-13",
      "last_key": "2026-08-18",
      "sha256": "829c810ec802ff72ad6532eb5255f25a98fef36cad8dec5db46c14c5e37dac65"
    },
    "iopv": {
      "file": "data/raw/primary_market/510300_iopv_snapshots.parquet",
      "row_count": 211,
      "first_key": "2026-08-13 16:29:06",
      "last_key": "2026-08-18 10:25:29",
      "sha256": "c2a65249222299b68d364cc82643ffefacee75c3ab0706dbc36af9018441d892"
    }
  },
  "raw_response_files": [
    "data/raw/primary_market/raw/iopv/20260818/20260818T102528_043182+0800.json"
  ],
  "governance": {
    "use_as_trading_signal": false,
    "automatic_ordering_authorized": false,
    "note": "当前只采集和纸面验证；未通过前向门槛前不得映射实盘仓位。"
  }
}
{
  "status": "PASS",
  "checked_at": "2026-08-18T10:26:30.593259+08:00",
  "collector": {
    "collector_id": "510300_PRIMARY_SECONDARY_FORWARD_V1",
    "symbol": "510300.SH",
    "fund_code": "510300",
    "timezone": "Asia/Shanghai",
    "timeout_seconds": 15,
    "observation_interval_seconds": 60,
    "collection_start_time": "09:30:00",
    "collection_end_time": "15:00:00",
    "collection_sessions": [
      [
        "09:30:00",
        "11:30:00"
      ],
      [
        "13:00:00",
        "15:00:00"
      ]
    ],
    "evidence_scope": "仅从实际接入日起的前向数据，不回填历史IOPV"
  },
  "checks": {
    "same_fund_code": true,
    "same_trade_date": true,
    "iopv_publication_enabled": true,
    "positive_iopv": true,
    "positive_last_price": true,
    "positive_creation_unit": true,
    "snapshot_fresh_during_collection_session": true
  },
  "freshness": {
    "during_collection_session": true,
    "clock_delay_seconds": 0.593259,
    "maximum_allowed_seconds_during_session": 180.0
  },
  "latest_pcf": {
    "trading_day": "2026-08-18",
    "previous_trading_day": "2026-08-17",
    "fund_code": "510300",
    "fund_name": "华泰柏瑞沪深300交易型开放式指数证券投资基金",
    "fund_company": "华泰柏瑞基金管理有限公司",
    "file_id": "1465021",
    "etf_type": "8",
    "nav": 4.8038,
    "nav_per_creation_unit": 4323446.47,
    "previous_cash_component": 108343.47,
    "estimated_cash_component": 108377.47,
    "maximum_cash_ratio": 0.5,
    "creation_redemption_unit": 900000,
    "component_count": 300,
    "publish_iopv": true,
    "creation_redemption_status": "申购和赎回皆允许",
    "creation_redemption_mechanism": "1",
    "creation_limit": null,
    "redemption_limit": 3600000000.0,
    "net_creation_limit": null,
    "net_redemption_limit": null,
    "creation_limit_per_account": null,
    "redemption_limit_per_account": null,
    "net_creation_limit_per_account": null,
    "net_redemption_limit_per_account": null,
    "source": "sse.COMMON_SSE_CP_JJLB_ETFJJGK_GGSGSHQD_JBXX_C",
    "retrieved_at": "2026-08-18T09:30:05.929758+08:00"
  },
  "latest_iopv": {
    "exchange_timestamp": "2026-08-18 10:26:30",
    "trade_date": "2026-08-18",
    "fund_code": "510300",
    "name": "300ETF",
    "extended_name": "沪深300ETF华泰柏瑞",
    "last_price": 4.775,
    "iopv": 4.7781,
    "premium_discount_bps": -6.487934534646911,
    "change_rate_pct": -0.54,
    "change_cny": -0.026,
    "open": 4.794,
    "previous_close": 4.801,
    "high": 4.803,
    "low": 4.771,
    "volume_shares": 358251843.0,
    "amount_cny": 1715750199.0,
    "trade_phase_raw": "T111    ",
    "post_close_volume_shares": 0.0,
    "post_close_amount_cny": 0.0,
    "post_close_phase_raw": "A1      ",
    "product_subtype": "EBS",
    "source": "sse.yunhq.sh1.snap",
    "retrieved_at": "2026-08-18T10:26:30.559711+08:00"
  },
  "account_feasibility": {
    "reference_account_cny": 20000.0,
    "creation_unit_notional_cny": 4297500.0,
    "can_directly_create_or_redeem": false,
    "intended_use": "只用PCF和IOPV观察一级市场吸收状态，在二级市场交易510300"
  },
  "storage": {
    "pcf": {
      "file": "data/raw/primary_market/510300_pcf_daily.parquet",
      "row_count": 4,
      "first_key": "2026-08-13",
      "last_key": "2026-08-18",
      "sha256": "829c810ec802ff72ad6532eb5255f25a98fef36cad8dec5db46c14c5e37dac65"
    },
    "iopv": {
      "file": "data/raw/primary_market/510300_iopv_snapshots.parquet",
      "row_count": 212,
      "first_key": "2026-08-13 16:29:06",
      "last_key": "2026-08-18 10:26:30",
      "sha256": "be45262b36c5668a9462099c8e7613bc0dcfebb9e0e3755e7f9f82b7fa9ba52c"
    }
  },
  "raw_response_files": [
    "data/raw/primary_market/raw/iopv/20260818/20260818T102629_338255+0800.json"
  ],
  "governance": {
    "use_as_trading_signal": false,
    "automatic_ordering_authorized": false,
    "note": "当前只采集和纸面验证；未通过前向门槛前不得映射实盘仓位。"
  }
}
{
  "status": "PASS",
  "checked_at": "2026-08-18T10:27:31.929107+08:00",
  "collector": {
    "collector_id": "510300_PRIMARY_SECONDARY_FORWARD_V1",
    "symbol": "510300.SH",
    "fund_code": "510300",
    "timezone": "Asia/Shanghai",
    "timeout_seconds": 15,
    "observation_interval_seconds": 60,
    "collection_start_time": "09:30:00",
    "collection_end_time": "15:00:00",
    "collection_sessions": [
      [
        "09:30:00",
        "11:30:00"
      ],
      [
        "13:00:00",
        "15:00:00"
      ]
    ],
    "evidence_scope": "仅从实际接入日起的前向数据，不回填历史IOPV"
  },
  "checks": {
    "same_fund_code": true,
    "same_trade_date": true,
    "iopv_publication_enabled": true,
    "positive_iopv": true,
    "positive_last_price": true,
    "positive_creation_unit": true,
    "snapshot_fresh_during_collection_session": true
  },
  "freshness": {
    "during_collection_session": true,
    "clock_delay_seconds": 0.929107,
    "maximum_allowed_seconds_during_session": 180.0
  },
  "latest_pcf": {
    "trading_day": "2026-08-18",
    "previous_trading_day": "2026-08-17",
    "fund_code": "510300",
    "fund_name": "华泰柏瑞沪深300交易型开放式指数证券投资基金",
    "fund_company": "华泰柏瑞基金管理有限公司",
    "file_id": "1465021",
    "etf_type": "8",
    "nav": 4.8038,
    "nav_per_creation_unit": 4323446.47,
    "previous_cash_component": 108343.47,
    "estimated_cash_component": 108377.47,
    "maximum_cash_ratio": 0.5,
    "creation_redemption_unit": 900000,
    "component_count": 300,
    "publish_iopv": true,
    "creation_redemption_status": "申购和赎回皆允许",
    "creation_redemption_mechanism": "1",
    "creation_limit": null,
    "redemption_limit": 3600000000.0,
    "net_creation_limit": null,
    "net_redemption_limit": null,
    "creation_limit_per_account": null,
    "redemption_limit_per_account": null,
    "net_creation_limit_per_account": null,
    "net_redemption_limit_per_account": null,
    "source": "sse.COMMON_SSE_CP_JJLB_ETFJJGK_GGSGSHQD_JBXX_C",
    "retrieved_at": "2026-08-18T09:30:05.929758+08:00"
  },
  "latest_iopv": {
    "exchange_timestamp": "2026-08-18 10:27:31",
    "trade_date": "2026-08-18",
    "fund_code": "510300",
    "name": "300ETF",
    "extended_name": "沪深300ETF华泰柏瑞",
    "last_price": 4.771,
    "iopv": 4.7747,
    "premium_discount_bps": -7.7491779588256815,
    "change_rate_pct": -0.62,
    "change_cny": -0.03,
    "open": 4.794,
    "previous_close": 4.801,
    "high": 4.803,
    "low": 4.771,
    "volume_shares": 361045043.0,
    "amount_cny": 1729081836.0,
    "trade_phase_raw": "T111    ",
    "post_close_volume_shares": 0.0,
    "post_close_amount_cny": 0.0,
    "post_close_phase_raw": "A1      ",
    "product_subtype": "EBS",
    "source": "sse.yunhq.sh1.snap",
    "retrieved_at": "2026-08-18T10:27:31.899344+08:00"
  },
  "account_feasibility": {
    "reference_account_cny": 20000.0,
    "creation_unit_notional_cny": 4293900.0,
    "can_directly_create_or_redeem": false,
    "intended_use": "只用PCF和IOPV观察一级市场吸收状态，在二级市场交易510300"
  },
  "storage": {
    "pcf": {
      "file": "data/raw/primary_market/510300_pcf_daily.parquet",
      "row_count": 4,
      "first_key": "2026-08-13",
      "last_key": "2026-08-18",
      "sha256": "829c810ec802ff72ad6532eb5255f25a98fef36cad8dec5db46c14c5e37dac65"
    },
    "iopv": {
      "file": "data/raw/primary_market/510300_iopv_snapshots.parquet",
      "row_count": 213,
      "first_key": "2026-08-13 16:29:06",
      "last_key": "2026-08-18 10:27:31",
      "sha256": "3a025c484bd84c0383c410a9dacc7070cf18a66538790665af9cdba2efcf2a73"
    }
  },
  "raw_response_files": [
    "data/raw/primary_market/raw/iopv/20260818/20260818T102730_599643+0800.json"
  ],
  "governance": {
    "use_as_trading_signal": false,
    "automatic_ordering_authorized": false,
    "note": "当前只采集和纸面验证；未通过前向门槛前不得映射实盘仓位。"
  }
}
{
  "status": "PASS",
  "checked_at": "2026-08-18T10:28:33.211380+08:00",
  "collector": {
    "collector_id": "510300_PRIMARY_SECONDARY_FORWARD_V1",
    "symbol": "510300.SH",
    "fund_code": "510300",
    "timezone": "Asia/Shanghai",
    "timeout_seconds": 15,
    "observation_interval_seconds": 60,
    "collection_start_time": "09:30:00",
    "collection_end_time": "15:00:00",
    "collection_sessions": [
      [
        "09:30:00",
        "11:30:00"
      ],
      [
        "13:00:00",
        "15:00:00"
      ]
    ],
    "evidence_scope": "仅从实际接入日起的前向数据，不回填历史IOPV"
  },
  "checks": {
    "same_fund_code": true,
    "same_trade_date": true,
    "iopv_publication_enabled": true,
    "positive_iopv": true,
    "positive_last_price": true,
    "positive_creation_unit": true,
    "snapshot_fresh_during_collection_session": true
  },
  "freshness": {
    "during_collection_session": true,
    "clock_delay_seconds": 0.21138,
    "maximum_allowed_seconds_during_session": 180.0
  },
  "latest_pcf": {
    "trading_day": "2026-08-18",
    "previous_trading_day": "2026-08-17",
    "fund_code": "510300",
    "fund_name": "华泰柏瑞沪深300交易型开放式指数证券投资基金",
    "fund_company": "华泰柏瑞基金管理有限公司",
    "file_id": "1465021",
    "etf_type": "8",
    "nav": 4.8038,
    "nav_per_creation_unit": 4323446.47,
    "previous_cash_component": 108343.47,
    "estimated_cash_component": 108377.47,
    "maximum_cash_ratio": 0.5,
    "creation_redemption_unit": 900000,
    "component_count": 300,
    "publish_iopv": true,
    "creation_redemption_status": "申购和赎回皆允许",
    "creation_redemption_mechanism": "1",
    "creation_limit": null,
    "redemption_limit": 3600000000.0,
    "net_creation_limit": null,
    "net_redemption_limit": null,
    "creation_limit_per_account": null,
    "redemption_limit_per_account": null,
    "net_creation_limit_per_account": null,
    "net_redemption_limit_per_account": null,
    "source": "sse.COMMON_SSE_CP_JJLB_ETFJJGK_GGSGSHQD_JBXX_C",
    "retrieved_at": "2026-08-18T09:30:05.929758+08:00"
  },
  "latest_iopv": {
    "exchange_timestamp": "2026-08-18 10:28:33",
    "trade_date": "2026-08-18",
    "fund_code": "510300",
    "name": "300ETF",
    "extended_name": "沪深300ETF华泰柏瑞",
    "last_price": 4.771,
    "iopv": 4.7755,
    "premium_discount_bps": -9.42309705790012,
    "change_rate_pct": -0.62,
    "change_cny": -0.03,
    "open": 4.794,
    "previous_close": 4.801,
    "high": 4.803,
    "low": 4.77,
    "volume_shares": 365182043.0,
    "amount_cny": 1748819569.0,
    "trade_phase_raw": "T111    ",
    "post_close_volume_shares": 0.0,
    "post_close_amount_cny": 0.0,
    "post_close_phase_raw": "A1      ",
    "product_subtype": "EBS",
    "source": "sse.yunhq.sh1.snap",
    "retrieved_at": "2026-08-18T10:28:33.173325+08:00"
  },
  "account_feasibility": {
    "reference_account_cny": 20000.0,
    "creation_unit_notional_cny": 4293900.0,
    "can_directly_create_or_redeem": false,
    "intended_use": "只用PCF和IOPV观察一级市场吸收状态，在二级市场交易510300"
  },
  "storage": {
    "pcf": {
      "file": "data/raw/primary_market/510300_pcf_daily.parquet",
      "row_count": 4,
      "first_key": "2026-08-13",
      "last_key": "2026-08-18",
      "sha256": "829c810ec802ff72ad6532eb5255f25a98fef36cad8dec5db46c14c5e37dac65"
    },
    "iopv": {
      "file": "data/raw/primary_market/510300_iopv_snapshots.parquet",
      "row_count": 214,
      "first_key": "2026-08-13 16:29:06",
      "last_key": "2026-08-18 10:28:33",
      "sha256": "b4090ba6ecef1d6b2541fe50b4f031ccd7cabd6860757f857bfcd72593196f6f"
    }
  },
  "raw_response_files": [
    "data/raw/primary_market/raw/iopv/20260818/20260818T102831_934083+0800.json"
  ],
  "governance": {
    "use_as_trading_signal": false,
    "automatic_ordering_authorized": false,
    "note": "当前只采集和纸面验证；未通过前向门槛前不得映射实盘仓位。"
  }
}
{
  "status": "PASS",
  "checked_at": "2026-08-18T10:29:34.562926+08:00",
  "collector": {
    "collector_id": "510300_PRIMARY_SECONDARY_FORWARD_V1",
    "symbol": "510300.SH",
    "fund_code": "510300",
    "timezone": "Asia/Shanghai",
    "timeout_seconds": 15,
    "observation_interval_seconds": 60,
    "collection_start_time": "09:30:00",
    "collection_end_time": "15:00:00",
    "collection_sessions": [
      [
        "09:30:00",
        "11:30:00"
      ],
      [
        "13:00:00",
        "15:00:00"
      ]
    ],
    "evidence_scope": "仅从实际接入日起的前向数据，不回填历史IOPV"
  },
  "checks": {
    "same_fund_code": true,
    "same_trade_date": true,
    "iopv_publication_enabled": true,
    "positive_iopv": true,
    "positive_last_price": true,
    "positive_creation_unit": true,
    "snapshot_fresh_during_collection_session": true
  },
  "freshness": {
    "during_collection_session": true,
    "clock_delay_seconds": 0.562926,
    "maximum_allowed_seconds_during_session": 180.0
  },
  "latest_pcf": {
    "trading_day": "2026-08-18",
    "previous_trading_day": "2026-08-17",
    "fund_code": "510300",
    "fund_name": "华泰柏瑞沪深300交易型开放式指数证券投资基金",
    "fund_company": "华泰柏瑞基金管理有限公司",
    "file_id": "1465021",
    "etf_type": "8",
    "nav": 4.8038,
    "nav_per_creation_unit": 4323446.47,
    "previous_cash_component": 108343.47,
    "estimated_cash_component": 108377.47,
    "maximum_cash_ratio": 0.5,
    "creation_redemption_unit": 900000,
    "component_count": 300,
    "publish_iopv": true,
    "creation_redemption_status": "申购和赎回皆允许",
    "creation_redemption_mechanism": "1",
    "creation_limit": null,
    "redemption_limit": 3600000000.0,
    "net_creation_limit": null,
    "net_redemption_limit": null,
    "creation_limit_per_account": null,
    "redemption_limit_per_account": null,
    "net_creation_limit_per_account": null,
    "net_redemption_limit_per_account": null,
    "source": "sse.COMMON_SSE_CP_JJLB_ETFJJGK_GGSGSHQD_JBXX_C",
    "retrieved_at": "2026-08-18T09:30:05.929758+08:00"
  },
  "latest_iopv": {
    "exchange_timestamp": "2026-08-18 10:29:34",
    "trade_date": "2026-08-18",
    "fund_code": "510300",
    "name": "300ETF",
    "extended_name": "沪深300ETF华泰柏瑞",
    "last_price": 4.771,
    "iopv": 4.7745,
    "premium_discount_bps": -7.330610535134507,
    "change_rate_pct": -0.62,
    "change_cny": -0.03,
    "open": 4.794,
    "previous_close": 4.801,
    "high": 4.803,
    "low": 4.77,
    "volume_shares": 367772043.0,
    "amount_cny": 1761174870.0,
    "trade_phase_raw": "T111    ",
    "post_close_volume_shares": 0.0,
    "post_close_amount_cny": 0.0,
    "post_close_phase_raw": "A1      ",
    "product_subtype": "EBS",
    "source": "sse.yunhq.sh1.snap",
    "retrieved_at": "2026-08-18T10:29:34.527231+08:00"
  },
  "account_feasibility": {
    "reference_account_cny": 20000.0,
    "creation_unit_notional_cny": 4293900.0,
    "can_directly_create_or_redeem": false,
    "intended_use": "只用PCF和IOPV观察一级市场吸收状态，在二级市场交易510300"
  },
  "storage": {
    "pcf": {
      "file": "data/raw/primary_market/510300_pcf_daily.parquet",
      "row_count": 4,
      "first_key": "2026-08-13",
      "last_key": "2026-08-18",
      "sha256": "829c810ec802ff72ad6532eb5255f25a98fef36cad8dec5db46c14c5e37dac65"
    },
    "iopv": {
      "file": "data/raw/primary_market/510300_iopv_snapshots.parquet",
      "row_count": 215,
      "first_key": "2026-08-13 16:29:06",
      "last_key": "2026-08-18 10:29:34",
      "sha256": "708eb0681f3bcab38d259330085bd522cadcf6bd3d1fa4b8679e3ce885021a98"
    }
  },
  "raw_response_files": [
    "data/raw/primary_market/raw/iopv/20260818/20260818T102933_217575+0800.json"
  ],
  "governance": {
    "use_as_trading_signal": false,
    "automatic_ordering_authorized": false,
    "note": "当前只采集和纸面验证；未通过前向门槛前不得映射实盘仓位。"
  }
}
{
  "status": "PASS",
  "checked_at": "2026-08-18T10:30:35.800061+08:00",
  "collector": {
    "collector_id": "510300_PRIMARY_SECONDARY_FORWARD_V1",
    "symbol": "510300.SH",
    "fund_code": "510300",
    "timezone": "Asia/Shanghai",
    "timeout_seconds": 15,
    "observation_interval_seconds": 60,
    "collection_start_time": "09:30:00",
    "collection_end_time": "15:00:00",
    "collection_sessions": [
      [
        "09:30:00",
        "11:30:00"
      ],
      [
        "13:00:00",
        "15:00:00"
      ]
    ],
    "evidence_scope": "仅从实际接入日起的前向数据，不回填历史IOPV"
  },
  "checks": {
    "same_fund_code": true,
    "same_trade_date": true,
    "iopv_publication_enabled": true,
    "positive_iopv": true,
    "positive_last_price": true,
    "positive_creation_unit": true,
    "snapshot_fresh_during_collection_session": true
  },
  "freshness": {
    "during_collection_session": true,
    "clock_delay_seconds": 0.800061,
    "maximum_allowed_seconds_during_session": 180.0
  },
  "latest_pcf": {
    "trading_day": "2026-08-18",
    "previous_trading_day": "2026-08-17",
    "fund_code": "510300",
    "fund_name": "华泰柏瑞沪深300交易型开放式指数证券投资基金",
    "fund_company": "华泰柏瑞基金管理有限公司",
    "file_id": "1465021",
    "etf_type": "8",
    "nav": 4.8038,
    "nav_per_creation_unit": 4323446.47,
    "previous_cash_component": 108343.47,
    "estimated_cash_component": 108377.47,
    "maximum_cash_ratio": 0.5,
    "creation_redemption_unit": 900000,
    "component_count": 300,
    "publish_iopv": true,
    "creation_redemption_status": "申购和赎回皆允许",
    "creation_redemption_mechanism": "1",
    "creation_limit": null,
    "redemption_limit": 3600000000.0,
    "net_creation_limit": null,
    "net_redemption_limit": null,
    "creation_limit_per_account": null,
    "redemption_limit_per_account": null,
    "net_creation_limit_per_account": null,
    "net_redemption_limit_per_account": null,
    "source": "sse.COMMON_SSE_CP_JJLB_ETFJJGK_GGSGSHQD_JBXX_C",
    "retrieved_at": "2026-08-18T09:30:05.929758+08:00"
  },
  "latest_iopv": {
    "exchange_timestamp": "2026-08-18 10:30:35",
    "trade_date": "2026-08-18",
    "fund_code": "510300",
    "name": "300ETF",
    "extended_name": "沪深300ETF华泰柏瑞",
    "last_price": 4.772,
    "iopv": 4.7749,
    "premium_discount_bps": -6.073425621477835,
    "change_rate_pct": -0.6,
    "change_cny": -0.029,
    "open": 4.794,
    "previous_close": 4.801,
    "high": 4.803,
    "low": 4.769,
    "volume_shares": 369912643.0,
    "amount_cny": 1771386222.0,
    "trade_phase_raw": "T111    ",
    "post_close_volume_shares": 0.0,
    "post_close_amount_cny": 0.0,
    "post_close_phase_raw": "A1      ",
    "product_subtype": "EBS",
    "source": "sse.yunhq.sh1.snap",
    "retrieved_at": "2026-08-18T10:30:35.770924+08:00"
  },
  "account_feasibility": {
    "reference_account_cny": 20000.0,
    "creation_unit_notional_cny": 4294800.0,
    "can_directly_create_or_redeem": false,
    "intended_use": "只用PCF和IOPV观察一级市场吸收状态，在二级市场交易510300"
  },
  "storage": {
    "pcf": {
      "file": "data/raw/primary_market/510300_pcf_daily.parquet",
      "row_count": 4,
      "first_key": "2026-08-13",
      "last_key": "2026-08-18",
      "sha256": "829c810ec802ff72ad6532eb5255f25a98fef36cad8dec5db46c14c5e37dac65"
    },
    "iopv": {
      "file": "data/raw/primary_market/510300_iopv_snapshots.parquet",
      "row_count": 216,
      "first_key": "2026-08-13 16:29:06",
      "last_key": "2026-08-18 10:30:35",
      "sha256": "e42146ceca9d15eef7344a64d288c141810c731067d12ceee6c22bf733f9fe09"
    }
  },
  "raw_response_files": [
    "data/raw/primary_market/raw/iopv/20260818/20260818T103034_567934+0800.json"
  ],
  "governance": {
    "use_as_trading_signal": false,
    "automatic_ordering_authorized": false,
    "note": "当前只采集和纸面验证；未通过前向门槛前不得映射实盘仓位。"
  }
}
{
  "status": "PASS",
  "checked_at": "2026-08-18T10:31:37.065599+08:00",
  "collector": {
    "collector_id": "510300_PRIMARY_SECONDARY_FORWARD_V1",
    "symbol": "510300.SH",
    "fund_code": "510300",
    "timezone": "Asia/Shanghai",
    "timeout_seconds": 15,
    "observation_interval_seconds": 60,
    "collection_start_time": "09:30:00",
    "collection_end_time": "15:00:00",
    "collection_sessions": [
      [
        "09:30:00",
        "11:30:00"
      ],
      [
        "13:00:00",
        "15:00:00"
      ]
    ],
    "evidence_scope": "仅从实际接入日起的前向数据，不回填历史IOPV"
  },
  "checks": {
    "same_fund_code": true,
    "same_trade_date": true,
    "iopv_publication_enabled": true,
    "positive_iopv": true,
    "positive_last_price": true,
    "positive_creation_unit": true,
    "snapshot_fresh_during_collection_session": true
  },
  "freshness": {
    "during_collection_session": true,
    "clock_delay_seconds": 1.065599,
    "maximum_allowed_seconds_during_session": 180.0
  },
  "latest_pcf": {
    "trading_day": "2026-08-18",
    "previous_trading_day": "2026-08-17",
    "fund_code": "510300",
    "fund_name": "华泰柏瑞沪深300交易型开放式指数证券投资基金",
    "fund_company": "华泰柏瑞基金管理有限公司",
    "file_id": "1465021",
    "etf_type": "8",
    "nav": 4.8038,
    "nav_per_creation_unit": 4323446.47,
    "previous_cash_component": 108343.47,
    "estimated_cash_component": 108377.47,
    "maximum_cash_ratio": 0.5,
    "creation_redemption_unit": 900000,
    "component_count": 300,
    "publish_iopv": true,
    "creation_redemption_status": "申购和赎回皆允许",
    "creation_redemption_mechanism": "1",
    "creation_limit": null,
    "redemption_limit": 3600000000.0,
    "net_creation_limit": null,
    "net_redemption_limit": null,
    "creation_limit_per_account": null,
    "redemption_limit_per_account": null,
    "net_creation_limit_per_account": null,
    "net_redemption_limit_per_account": null,
    "source": "sse.COMMON_SSE_CP_JJLB_ETFJJGK_GGSGSHQD_JBXX_C",
    "retrieved_at": "2026-08-18T09:30:05.929758+08:00"
  },
  "latest_iopv": {
    "exchange_timestamp": "2026-08-18 10:31:36",
    "trade_date": "2026-08-18",
    "fund_code": "510300",
    "name": "300ETF",
    "extended_name": "沪深300ETF华泰柏瑞",
    "last_price": 4.773,
    "iopv": 4.7767,
    "premium_discount_bps": -7.745933384973869,
    "change_rate_pct": -0.58,
    "change_cny": -0.028,
    "open": 4.794,
    "previous_close": 4.801,
    "high": 4.803,
    "low": 4.769,
    "volume_shares": 370940043.0,
    "amount_cny": 1776288121.0,
    "trade_phase_raw": "T111    ",
    "post_close_volume_shares": 0.0,
    "post_close_amount_cny": 0.0,
    "post_close_phase_raw": "A1      ",
    "product_subtype": "EBS",
    "source": "sse.yunhq.sh1.snap",
    "retrieved_at": "2026-08-18T10:31:37.028466+08:00"
  },
  "account_feasibility": {
    "reference_account_cny": 20000.0,
    "creation_unit_notional_cny": 4295700.0,
    "can_directly_create_or_redeem": false,
    "intended_use": "只用PCF和IOPV观察一级市场吸收状态，在二级市场交易510300"
  },
  "storage": {
    "pcf": {
      "file": "data/raw/primary_market/510300_pcf_daily.parquet",
      "row_count": 4,
      "first_key": "2026-08-13",
      "last_key": "2026-08-18",
      "sha256": "829c810ec802ff72ad6532eb5255f25a98fef36cad8dec5db46c14c5e37dac65"
    },
    "iopv": {
      "file": "data/raw/primary_market/510300_iopv_snapshots.parquet",
      "row_count": 217,
      "first_key": "2026-08-13 16:29:06",
      "last_key": "2026-08-18 10:31:36",
      "sha256": "686ebbbb2d740228ca77f3660824f501317601a05709ab3ac405b26bf75852fd"
    }
  },
  "raw_response_files": [
    "data/raw/primary_market/raw/iopv/20260818/20260818T103135_805013+0800.json"
  ],
  "governance": {
    "use_as_trading_signal": false,
    "automatic_ordering_authorized": false,
    "note": "当前只采集和纸面验证；未通过前向门槛前不得映射实盘仓位。"
  }
}
{
  "status": "PASS",
  "checked_at": "2026-08-18T10:32:38.355154+08:00",
  "collector": {
    "collector_id": "510300_PRIMARY_SECONDARY_FORWARD_V1",
    "symbol": "510300.SH",
    "fund_code": "510300",
    "timezone": "Asia/Shanghai",
    "timeout_seconds": 15,
    "observation_interval_seconds": 60,
    "collection_start_time": "09:30:00",
    "collection_end_time": "15:00:00",
    "collection_sessions": [
      [
        "09:30:00",
        "11:30:00"
      ],
      [
        "13:00:00",
        "15:00:00"
      ]
    ],
    "evidence_scope": "仅从实际接入日起的前向数据，不回填历史IOPV"
  },
  "checks": {
    "same_fund_code": true,
    "same_trade_date": true,
    "iopv_publication_enabled": true,
    "positive_iopv": true,
    "positive_last_price": true,
    "positive_creation_unit": true,
    "snapshot_fresh_during_collection_session": true
  },
  "freshness": {
    "during_collection_session": true,
    "clock_delay_seconds": 0.355154,
    "maximum_allowed_seconds_during_session": 180.0
  },
  "latest_pcf": {
    "trading_day": "2026-08-18",
    "previous_trading_day": "2026-08-17",
    "fund_code": "510300",
    "fund_name": "华泰柏瑞沪深300交易型开放式指数证券投资基金",
    "fund_company": "华泰柏瑞基金管理有限公司",
    "file_id": "1465021",
    "etf_type": "8",
    "nav": 4.8038,
    "nav_per_creation_unit": 4323446.47,
    "previous_cash_component": 108343.47,
    "estimated_cash_component": 108377.47,
    "maximum_cash_ratio": 0.5,
    "creation_redemption_unit": 900000,
    "component_count": 300,
    "publish_iopv": true,
    "creation_redemption_status": "申购和赎回皆允许",
    "creation_redemption_mechanism": "1",
    "creation_limit": null,
    "redemption_limit": 3600000000.0,
    "net_creation_limit": null,
    "net_redemption_limit": null,
    "creation_limit_per_account": null,
    "redemption_limit_per_account": null,
    "net_creation_limit_per_account": null,
    "net_redemption_limit_per_account": null,
    "source": "sse.COMMON_SSE_CP_JJLB_ETFJJGK_GGSGSHQD_JBXX_C",
    "retrieved_at": "2026-08-18T09:30:05.929758+08:00"
  },
  "latest_iopv": {
    "exchange_timestamp": "2026-08-18 10:32:38",
    "trade_date": "2026-08-18",
    "fund_code": "510300",
    "name": "300ETF",
    "extended_name": "沪深300ETF华泰柏瑞",
    "last_price": 4.77,
    "iopv": 4.7736,
    "premium_discount_bps": -7.541478129714507,
    "change_rate_pct": -0.65,
    "change_cny": -0.031,
    "open": 4.794,
    "previous_close": 4.801,
    "high": 4.803,
    "low": 4.769,
    "volume_shares": 372895343.0,
    "amount_cny": 1785617163.0,
    "trade_phase_raw": "T111    ",
    "post_close_volume_shares": 0.0,
    "post_close_amount_cny": 0.0,
    "post_close_phase_raw": "A1      ",
    "product_subtype": "EBS",
    "source": "sse.yunhq.sh1.snap",
    "retrieved_at": "2026-08-18T10:32:38.316580+08:00"
  },
  "account_feasibility": {
    "reference_account_cny": 20000.0,
    "creation_unit_notional_cny": 4293000.0,
    "can_directly_create_or_redeem": false,
    "intended_use": "只用PCF和IOPV观察一级市场吸收状态，在二级市场交易510300"
  },
  "storage": {
    "pcf": {
      "file": "data/raw/primary_market/510300_pcf_daily.parquet",
      "row_count": 4,
      "first_key": "2026-08-13",
      "last_key": "2026-08-18",
      "sha256": "829c810ec802ff72ad6532eb5255f25a98fef36cad8dec5db46c14c5e37dac65"
    },
    "iopv": {
      "file": "data/raw/primary_market/510300_iopv_snapshots.parquet",
      "row_count": 218,
      "first_key": "2026-08-13 16:29:06",
      "last_key": "2026-08-18 10:32:38",
      "sha256": "24a3ee09b782ad9bd70a321ed9c067bad2002758ff81fea3b83f3ebded7ae2e9"
    }
  },
  "raw_response_files": [
    "data/raw/primary_market/raw/iopv/20260818/20260818T103237_070182+0800.json"
  ],
  "governance": {
    "use_as_trading_signal": false,
    "automatic_ordering_authorized": false,
    "note": "当前只采集和纸面验证；未通过前向门槛前不得映射实盘仓位。"
  }
}
{
  "status": "PASS",
  "checked_at": "2026-08-18T10:33:39.801915+08:00",
  "collector": {
    "collector_id": "510300_PRIMARY_SECONDARY_FORWARD_V1",
    "symbol": "510300.SH",
    "fund_code": "510300",
    "timezone": "Asia/Shanghai",
    "timeout_seconds": 15,
    "observation_interval_seconds": 60,
    "collection_start_time": "09:30:00",
    "collection_end_time": "15:00:00",
    "collection_sessions": [
      [
        "09:30:00",
        "11:30:00"
      ],
      [
        "13:00:00",
        "15:00:00"
      ]
    ],
    "evidence_scope": "仅从实际接入日起的前向数据，不回填历史IOPV"
  },
  "checks": {
    "same_fund_code": true,
    "same_trade_date": true,
    "iopv_publication_enabled": true,
    "positive_iopv": true,
    "positive_last_price": true,
    "positive_creation_unit": true,
    "snapshot_fresh_during_collection_session": true
  },
  "freshness": {
    "during_collection_session": true,
    "clock_delay_seconds": 0.801915,
    "maximum_allowed_seconds_during_session": 180.0
  },
  "latest_pcf": {
    "trading_day": "2026-08-18",
    "previous_trading_day": "2026-08-17",
    "fund_code": "510300",
    "fund_name": "华泰柏瑞沪深300交易型开放式指数证券投资基金",
    "fund_company": "华泰柏瑞基金管理有限公司",
    "file_id": "1465021",
    "etf_type": "8",
    "nav": 4.8038,
    "nav_per_creation_unit": 4323446.47,
    "previous_cash_component": 108343.47,
    "estimated_cash_component": 108377.47,
    "maximum_cash_ratio": 0.5,
    "creation_redemption_unit": 900000,
    "component_count": 300,
    "publish_iopv": true,
    "creation_redemption_status": "申购和赎回皆允许",
    "creation_redemption_mechanism": "1",
    "creation_limit": null,
    "redemption_limit": 3600000000.0,
    "net_creation_limit": null,
    "net_redemption_limit": null,
    "creation_limit_per_account": null,
    "redemption_limit_per_account": null,
    "net_creation_limit_per_account": null,
    "net_redemption_limit_per_account": null,
    "source": "sse.COMMON_SSE_CP_JJLB_ETFJJGK_GGSGSHQD_JBXX_C",
    "retrieved_at": "2026-08-18T09:30:05.929758+08:00"
  },
  "latest_iopv": {
    "exchange_timestamp": "2026-08-18 10:33:39",
    "trade_date": "2026-08-18",
    "fund_code": "510300",
    "name": "300ETF",
    "extended_name": "沪深300ETF华泰柏瑞",
    "last_price": 4.769,
    "iopv": 4.7747,
    "premium_discount_bps": -11.937922801432688,
    "change_rate_pct": -0.67,
    "change_cny": -0.032,
    "open": 4.794,
    "previous_close": 4.801,
    "high": 4.803,
    "low": 4.769,
    "volume_shares": 374175743.0,
    "amount_cny": 1791724220.0,
    "trade_phase_raw": "T111    ",
    "post_close_volume_shares": 0.0,
    "post_close_amount_cny": 0.0,
    "post_close_phase_raw": "A1      ",
    "product_subtype": "EBS",
    "source": "sse.yunhq.sh1.snap",
    "retrieved_at": "2026-08-18T10:33:39.774578+08:00"
  },
  "account_feasibility": {
    "reference_account_cny": 20000.0,
    "creation_unit_notional_cny": 4292100.0,
    "can_directly_create_or_redeem": false,
    "intended_use": "只用PCF和IOPV观察一级市场吸收状态，在二级市场交易510300"
  },
  "storage": {
    "pcf": {
      "file": "data/raw/primary_market/510300_pcf_daily.parquet",
      "row_count": 4,
      "first_key": "2026-08-13",
      "last_key": "2026-08-18",
      "sha256": "829c810ec802ff72ad6532eb5255f25a98fef36cad8dec5db46c14c5e37dac65"
    },
    "iopv": {
      "file": "data/raw/primary_market/510300_iopv_snapshots.parquet",
      "row_count": 219,
      "first_key": "2026-08-13 16:29:06",
      "last_key": "2026-08-18 10:33:39",
      "sha256": "149526976f7e8545500b44604350617778835ce45b61493bef7e29d79213d46b"
    }
  },
  "raw_response_files": [
    "data/raw/primary_market/raw/iopv/20260818/20260818T103338_360138+0800.json"
  ],
  "governance": {
    "use_as_trading_signal": false,
    "automatic_ordering_authorized": false,
    "note": "当前只采集和纸面验证；未通过前向门槛前不得映射实盘仓位。"
  }
}
{
  "status": "PASS",
  "checked_at": "2026-08-18T10:34:41.341675+08:00",
  "collector": {
    "collector_id": "510300_PRIMARY_SECONDARY_FORWARD_V1",
    "symbol": "510300.SH",
    "fund_code": "510300",
    "timezone": "Asia/Shanghai",
    "timeout_seconds": 15,
    "observation_interval_seconds": 60,
    "collection_start_time": "09:30:00",
    "collection_end_time": "15:00:00",
    "collection_sessions": [
      [
        "09:30:00",
        "11:30:00"
      ],
      [
        "13:00:00",
        "15:00:00"
      ]
    ],
    "evidence_scope": "仅从实际接入日起的前向数据，不回填历史IOPV"
  },
  "checks": {
    "same_fund_code": true,
    "same_trade_date": true,
    "iopv_publication_enabled": true,
    "positive_iopv": true,
    "positive_last_price": true,
    "positive_creation_unit": true,
    "snapshot_fresh_during_collection_session": true
  },
  "freshness": {
    "during_collection_session": true,
    "clock_delay_seconds": 0.341675,
    "maximum_allowed_seconds_during_session": 180.0
  },
  "latest_pcf": {
    "trading_day": "2026-08-18",
    "previous_trading_day": "2026-08-17",
    "fund_code": "510300",
    "fund_name": "华泰柏瑞沪深300交易型开放式指数证券投资基金",
    "fund_company": "华泰柏瑞基金管理有限公司",
    "file_id": "1465021",
    "etf_type": "8",
    "nav": 4.8038,
    "nav_per_creation_unit": 4323446.47,
    "previous_cash_component": 108343.47,
    "estimated_cash_component": 108377.47,
    "maximum_cash_ratio": 0.5,
    "creation_redemption_unit": 900000,
    "component_count": 300,
    "publish_iopv": true,
    "creation_redemption_status": "申购和赎回皆允许",
    "creation_redemption_mechanism": "1",
    "creation_limit": null,
    "redemption_limit": 3600000000.0,
    "net_creation_limit": null,
    "net_redemption_limit": null,
    "creation_limit_per_account": null,
    "redemption_limit_per_account": null,
    "net_creation_limit_per_account": null,
    "net_redemption_limit_per_account": null,
    "source": "sse.COMMON_SSE_CP_JJLB_ETFJJGK_GGSGSHQD_JBXX_C",
    "retrieved_at": "2026-08-18T09:30:05.929758+08:00"
  },
  "latest_iopv": {
    "exchange_timestamp": "2026-08-18 10:34:41",
    "trade_date": "2026-08-18",
    "fund_code": "510300",
    "name": "300ETF",
    "extended_name": "沪深300ETF华泰柏瑞",
    "last_price": 4.772,
    "iopv": 4.7753,
    "premium_discount_bps": -6.910560593050841,
    "change_rate_pct": -0.6,
    "change_cny": -0.029,
    "open": 4.794,
    "previous_close": 4.801,
    "high": 4.803,
    "low": 4.769,
    "volume_shares": 375864543.0,
    "amount_cny": 1799780792.0,
    "trade_phase_raw": "T111    ",
    "post_close_volume_shares": 0.0,
    "post_close_amount_cny": 0.0,
    "post_close_phase_raw": "A1      ",
    "product_subtype": "EBS",
    "source": "sse.yunhq.sh1.snap",
    "retrieved_at": "2026-08-18T10:34:41.258193+08:00"
  },
  "account_feasibility": {
    "reference_account_cny": 20000.0,
    "creation_unit_notional_cny": 4294800.0,
    "can_directly_create_or_redeem": false,
    "intended_use": "只用PCF和IOPV观察一级市场吸收状态，在二级市场交易510300"
  },
  "storage": {
    "pcf": {
      "file": "data/raw/primary_market/510300_pcf_daily.parquet",
      "row_count": 4,
      "first_key": "2026-08-13",
      "last_key": "2026-08-18",
      "sha256": "829c810ec802ff72ad6532eb5255f25a98fef36cad8dec5db46c14c5e37dac65"
    },
    "iopv": {
      "file": "data/raw/primary_market/510300_iopv_snapshots.parquet",
      "row_count": 220,
      "first_key": "2026-08-13 16:29:06",
      "last_key": "2026-08-18 10:34:41",
      "sha256": "08245dccc555b8ac6c381af0fa665f0700fb8d0a9df231588f5ac18c6291d143"
    }
  },
  "raw_response_files": [
    "data/raw/primary_market/raw/iopv/20260818/20260818T103439_806419+0800.json"
  ],
  "governance": {
    "use_as_trading_signal": false,
    "automatic_ordering_authorized": false,
    "note": "当前只采集和纸面验证；未通过前向门槛前不得映射实盘仓位。"
  }
}
{
  "status": "PASS",
  "checked_at": "2026-08-18T10:35:43.024764+08:00",
  "collector": {
    "collector_id": "510300_PRIMARY_SECONDARY_FORWARD_V1",
    "symbol": "510300.SH",
    "fund_code": "510300",
    "timezone": "Asia/Shanghai",
    "timeout_seconds": 15,
    "observation_interval_seconds": 60,
    "collection_start_time": "09:30:00",
    "collection_end_time": "15:00:00",
    "collection_sessions": [
      [
        "09:30:00",
        "11:30:00"
      ],
      [
        "13:00:00",
        "15:00:00"
      ]
    ],
    "evidence_scope": "仅从实际接入日起的前向数据，不回填历史IOPV"
  },
  "checks": {
    "same_fund_code": true,
    "same_trade_date": true,
    "iopv_publication_enabled": true,
    "positive_iopv": true,
    "positive_last_price": true,
    "positive_creation_unit": true,
    "snapshot_fresh_during_collection_session": true
  },
  "freshness": {
    "during_collection_session": true,
    "clock_delay_seconds": 1.024764,
    "maximum_allowed_seconds_during_session": 180.0
  },
  "latest_pcf": {
    "trading_day": "2026-08-18",
    "previous_trading_day": "2026-08-17",
    "fund_code": "510300",
    "fund_name": "华泰柏瑞沪深300交易型开放式指数证券投资基金",
    "fund_company": "华泰柏瑞基金管理有限公司",
    "file_id": "1465021",
    "etf_type": "8",
    "nav": 4.8038,
    "nav_per_creation_unit": 4323446.47,
    "previous_cash_component": 108343.47,
    "estimated_cash_component": 108377.47,
    "maximum_cash_ratio": 0.5,
    "creation_redemption_unit": 900000,
    "component_count": 300,
    "publish_iopv": true,
    "creation_redemption_status": "申购和赎回皆允许",
    "creation_redemption_mechanism": "1",
    "creation_limit": null,
    "redemption_limit": 3600000000.0,
    "net_creation_limit": null,
    "net_redemption_limit": null,
    "creation_limit_per_account": null,
    "redemption_limit_per_account": null,
    "net_creation_limit_per_account": null,
    "net_redemption_limit_per_account": null,
    "source": "sse.COMMON_SSE_CP_JJLB_ETFJJGK_GGSGSHQD_JBXX_C",
    "retrieved_at": "2026-08-18T09:30:05.929758+08:00"
  },
  "latest_iopv": {
    "exchange_timestamp": "2026-08-18 10:35:42",
    "trade_date": "2026-08-18",
    "fund_code": "510300",
    "name": "300ETF",
    "extended_name": "沪深300ETF华泰柏瑞",
    "last_price": 4.774,
    "iopv": 4.7764,
    "premium_discount_bps": -5.0247047985929605,
    "change_rate_pct": -0.56,
    "change_cny": -0.027,
    "open": 4.794,
    "previous_close": 4.801,
    "high": 4.803,
    "low": 4.769,
    "volume_shares": 378522243.0,
    "amount_cny": 1812467461.0,
    "trade_phase_raw": "T111    ",
    "post_close_volume_shares": 0.0,
    "post_close_amount_cny": 0.0,
    "post_close_phase_raw": "A1      ",
    "product_subtype": "EBS",
    "source": "sse.yunhq.sh1.snap",
    "retrieved_at": "2026-08-18T10:35:42.937905+08:00"
  },
  "account_feasibility": {
    "reference_account_cny": 20000.0,
    "creation_unit_notional_cny": 4296600.0,
    "can_directly_create_or_redeem": false,
    "intended_use": "只用PCF和IOPV观察一级市场吸收状态，在二级市场交易510300"
  },
  "storage": {
    "pcf": {
      "file": "data/raw/primary_market/510300_pcf_daily.parquet",
      "row_count": 4,
      "first_key": "2026-08-13",
      "last_key": "2026-08-18",
      "sha256": "829c810ec802ff72ad6532eb5255f25a98fef36cad8dec5db46c14c5e37dac65"
    },
    "iopv": {
      "file": "data/raw/primary_market/510300_iopv_snapshots.parquet",
      "row_count": 221,
      "first_key": "2026-08-13 16:29:06",
      "last_key": "2026-08-18 10:35:42",
      "sha256": "973a88c520efc2395e19e697655268d3a3f15893762c2fd21b3e9f4a70d9ef4c"
    }
  },
  "raw_response_files": [
    "data/raw/primary_market/raw/iopv/20260818/20260818T103541_375525+0800.json"
  ],
  "governance": {
    "use_as_trading_signal": false,
    "automatic_ordering_authorized": false,
    "note": "当前只采集和纸面验证；未通过前向门槛前不得映射实盘仓位。"
  }
}
{
  "status": "PASS",
  "checked_at": "2026-08-18T10:36:45.549890+08:00",
  "collector": {
    "collector_id": "510300_PRIMARY_SECONDARY_FORWARD_V1",
    "symbol": "510300.SH",
    "fund_code": "510300",
    "timezone": "Asia/Shanghai",
    "timeout_seconds": 15,
    "observation_interval_seconds": 60,
    "collection_start_time": "09:30:00",
    "collection_end_time": "15:00:00",
    "collection_sessions": [
      [
        "09:30:00",
        "11:30:00"
      ],
      [
        "13:00:00",
        "15:00:00"
      ]
    ],
    "evidence_scope": "仅从实际接入日起的前向数据，不回填历史IOPV"
  },
  "checks": {
    "same_fund_code": true,
    "same_trade_date": true,
    "iopv_publication_enabled": true,
    "positive_iopv": true,
    "positive_last_price": true,
    "positive_creation_unit": true,
    "snapshot_fresh_during_collection_session": true
  },
  "freshness": {
    "during_collection_session": true,
    "clock_delay_seconds": 0.54989,
    "maximum_allowed_seconds_during_session": 180.0
  },
  "latest_pcf": {
    "trading_day": "2026-08-18",
    "previous_trading_day": "2026-08-17",
    "fund_code": "510300",
    "fund_name": "华泰柏瑞沪深300交易型开放式指数证券投资基金",
    "fund_company": "华泰柏瑞基金管理有限公司",
    "file_id": "1465021",
    "etf_type": "8",
    "nav": 4.8038,
    "nav_per_creation_unit": 4323446.47,
    "previous_cash_component": 108343.47,
    "estimated_cash_component": 108377.47,
    "maximum_cash_ratio": 0.5,
    "creation_redemption_unit": 900000,
    "component_count": 300,
    "publish_iopv": true,
    "creation_redemption_status": "申购和赎回皆允许",
    "creation_redemption_mechanism": "1",
    "creation_limit": null,
    "redemption_limit": 3600000000.0,
    "net_creation_limit": null,
    "net_redemption_limit": null,
    "creation_limit_per_account": null,
    "redemption_limit_per_account": null,
    "net_creation_limit_per_account": null,
    "net_redemption_limit_per_account": null,
    "source": "sse.COMMON_SSE_CP_JJLB_ETFJJGK_GGSGSHQD_JBXX_C",
    "retrieved_at": "2026-08-18T09:30:05.929758+08:00"
  },
  "latest_iopv": {
    "exchange_timestamp": "2026-08-18 10:36:45",
    "trade_date": "2026-08-18",
    "fund_code": "510300",
    "name": "300ETF",
    "extended_name": "沪深300ETF华泰柏瑞",
    "last_price": 4.772,
    "iopv": 4.7752,
    "premium_discount_bps": -6.701289998324311,
    "change_rate_pct": -0.6,
    "change_cny": -0.029,
    "open": 4.794,
    "previous_close": 4.801,
    "high": 4.803,
    "low": 4.769,
    "volume_shares": 380931943.0,
    "amount_cny": 1823966850.0,
    "trade_phase_raw": "T111    ",
    "post_close_volume_shares": 0.0,
    "post_close_amount_cny": 0.0,
    "post_close_phase_raw": "A1      ",
    "product_subtype": "EBS",
    "source": "sse.yunhq.sh1.snap",
    "retrieved_at": "2026-08-18T10:36:45.525376+08:00"
  },
  "account_feasibility": {
    "reference_account_cny": 20000.0,
    "creation_unit_notional_cny": 4294800.0,
    "can_directly_create_or_redeem": false,
    "intended_use": "只用PCF和IOPV观察一级市场吸收状态，在二级市场交易510300"
  },
  "storage": {
    "pcf": {
      "file": "data/raw/primary_market/510300_pcf_daily.parquet",
      "row_count": 4,
      "first_key": "2026-08-13",
      "last_key": "2026-08-18",
      "sha256": "829c810ec802ff72ad6532eb5255f25a98fef36cad8dec5db46c14c5e37dac65"
    },
    "iopv": {
      "file": "data/raw/primary_market/510300_iopv_snapshots.parquet",
      "row_count": 222,
      "first_key": "2026-08-13 16:29:06",
      "last_key": "2026-08-18 10:36:45",
      "sha256": "8f052d7c643d25a451d57b3f5bcee4a108835921db37b843b2abbe074fa4b39a"
    }
  },
  "raw_response_files": [
    "data/raw/primary_market/raw/iopv/20260818/20260818T103643_031389+0800.json"
  ],
  "governance": {
    "use_as_trading_signal": false,
    "automatic_ordering_authorized": false,
    "note": "当前只采集和纸面验证；未通过前向门槛前不得映射实盘仓位。"
  }
}
{
  "status": "PASS",
  "checked_at": "2026-08-18T10:37:47.996927+08:00",
  "collector": {
    "collector_id": "510300_PRIMARY_SECONDARY_FORWARD_V1",
    "symbol": "510300.SH",
    "fund_code": "510300",
    "timezone": "Asia/Shanghai",
    "timeout_seconds": 15,
    "observation_interval_seconds": 60,
    "collection_start_time": "09:30:00",
    "collection_end_time": "15:00:00",
    "collection_sessions": [
      [
        "09:30:00",
        "11:30:00"
      ],
      [
        "13:00:00",
        "15:00:00"
      ]
    ],
    "evidence_scope": "仅从实际接入日起的前向数据，不回填历史IOPV"
  },
  "checks": {
    "same_fund_code": true,
    "same_trade_date": true,
    "iopv_publication_enabled": true,
    "positive_iopv": true,
    "positive_last_price": true,
    "positive_creation_unit": true,
    "snapshot_fresh_during_collection_session": true
  },
  "freshness": {
    "during_collection_session": true,
    "clock_delay_seconds": 0.996927,
    "maximum_allowed_seconds_during_session": 180.0
  },
  "latest_pcf": {
    "trading_day": "2026-08-18",
    "previous_trading_day": "2026-08-17",
    "fund_code": "510300",
    "fund_name": "华泰柏瑞沪深300交易型开放式指数证券投资基金",
    "fund_company": "华泰柏瑞基金管理有限公司",
    "file_id": "1465021",
    "etf_type": "8",
    "nav": 4.8038,
    "nav_per_creation_unit": 4323446.47,
    "previous_cash_component": 108343.47,
    "estimated_cash_component": 108377.47,
    "maximum_cash_ratio": 0.5,
    "creation_redemption_unit": 900000,
    "component_count": 300,
    "publish_iopv": true,
    "creation_redemption_status": "申购和赎回皆允许",
    "creation_redemption_mechanism": "1",
    "creation_limit": null,
    "redemption_limit": 3600000000.0,
    "net_creation_limit": null,
    "net_redemption_limit": null,
    "creation_limit_per_account": null,
    "redemption_limit_per_account": null,
    "net_creation_limit_per_account": null,
    "net_redemption_limit_per_account": null,
    "source": "sse.COMMON_SSE_CP_JJLB_ETFJJGK_GGSGSHQD_JBXX_C",
    "retrieved_at": "2026-08-18T09:30:05.929758+08:00"
  },
  "latest_iopv": {
    "exchange_timestamp": "2026-08-18 10:37:47",
    "trade_date": "2026-08-18",
    "fund_code": "510300",
    "name": "300ETF",
    "extended_name": "沪深300ETF华泰柏瑞",
    "last_price": 4.773,
    "iopv": 4.7774,
    "premium_discount_bps": -9.210030560556914,
    "change_rate_pct": -0.58,
    "change_cny": -0.028,
    "open": 4.794,
    "previous_close": 4.801,
    "high": 4.803,
    "low": 4.769,
    "volume_shares": 384949443.0,
    "amount_cny": 1843141582.0,
    "trade_phase_raw": "T111    ",
    "post_close_volume_shares": 0.0,
    "post_close_amount_cny": 0.0,
    "post_close_phase_raw": "A1      ",
    "product_subtype": "EBS",
    "source": "sse.yunhq.sh1.snap",
    "retrieved_at": "2026-08-18T10:37:47.959767+08:00"
  },
  "account_feasibility": {
    "reference_account_cny": 20000.0,
    "creation_unit_notional_cny": 4295700.0,
    "can_directly_create_or_redeem": false,
    "intended_use": "只用PCF和IOPV观察一级市场吸收状态，在二级市场交易510300"
  },
  "storage": {
    "pcf": {
      "file": "data/raw/primary_market/510300_pcf_daily.parquet",
      "row_count": 4,
      "first_key": "2026-08-13",
      "last_key": "2026-08-18",
      "sha256": "829c810ec802ff72ad6532eb5255f25a98fef36cad8dec5db46c14c5e37dac65"
    },
    "iopv": {
      "file": "data/raw/primary_market/510300_iopv_snapshots.parquet",
      "row_count": 223,
      "first_key": "2026-08-13 16:29:06",
      "last_key": "2026-08-18 10:37:47",
      "sha256": "2899be974629f1f1a4967e0ad785f87bd451af5ab3edf1326927f88c5b1bd251"
    }
  },
  "raw_response_files": [
    "data/raw/primary_market/raw/iopv/20260818/20260818T103745_554926+0800.json"
  ],
  "governance": {
    "use_as_trading_signal": false,
    "automatic_ordering_authorized": false,
    "note": "当前只采集和纸面验证；未通过前向门槛前不得映射实盘仓位。"
  }
}
{
  "status": "PASS",
  "checked_at": "2026-08-18T10:38:49.459381+08:00",
  "collector": {
    "collector_id": "510300_PRIMARY_SECONDARY_FORWARD_V1",
    "symbol": "510300.SH",
    "fund_code": "510300",
    "timezone": "Asia/Shanghai",
    "timeout_seconds": 15,
    "observation_interval_seconds": 60,
    "collection_start_time": "09:30:00",
    "collection_end_time": "15:00:00",
    "collection_sessions": [
      [
        "09:30:00",
        "11:30:00"
      ],
      [
        "13:00:00",
        "15:00:00"
      ]
    ],
    "evidence_scope": "仅从实际接入日起的前向数据，不回填历史IOPV"
  },
  "checks": {
    "same_fund_code": true,
    "same_trade_date": true,
    "iopv_publication_enabled": true,
    "positive_iopv": true,
    "positive_last_price": true,
    "positive_creation_unit": true,
    "snapshot_fresh_during_collection_session": true
  },
  "freshness": {
    "during_collection_session": true,
    "clock_delay_seconds": 0.459381,
    "maximum_allowed_seconds_during_session": 180.0
  },
  "latest_pcf": {
    "trading_day": "2026-08-18",
    "previous_trading_day": "2026-08-17",
    "fund_code": "510300",
    "fund_name": "华泰柏瑞沪深300交易型开放式指数证券投资基金",
    "fund_company": "华泰柏瑞基金管理有限公司",
    "file_id": "1465021",
    "etf_type": "8",
    "nav": 4.8038,
    "nav_per_creation_unit": 4323446.47,
    "previous_cash_component": 108343.47,
    "estimated_cash_component": 108377.47,
    "maximum_cash_ratio": 0.5,
    "creation_redemption_unit": 900000,
    "component_count": 300,
    "publish_iopv": true,
    "creation_redemption_status": "申购和赎回皆允许",
    "creation_redemption_mechanism": "1",
    "creation_limit": null,
    "redemption_limit": 3600000000.0,
    "net_creation_limit": null,
    "net_redemption_limit": null,
    "creation_limit_per_account": null,
    "redemption_limit_per_account": null,
    "net_creation_limit_per_account": null,
    "net_redemption_limit_per_account": null,
    "source": "sse.COMMON_SSE_CP_JJLB_ETFJJGK_GGSGSHQD_JBXX_C",
    "retrieved_at": "2026-08-18T09:30:05.929758+08:00"
  },
  "latest_iopv": {
    "exchange_timestamp": "2026-08-18 10:38:49",
    "trade_date": "2026-08-18",
    "fund_code": "510300",
    "name": "300ETF",
    "extended_name": "沪深300ETF华泰柏瑞",
    "last_price": 4.772,
    "iopv": 4.7742,
    "premium_discount_bps": -4.608101880944071,
    "change_rate_pct": -0.6,
    "change_cny": -0.029,
    "open": 4.794,
    "previous_close": 4.801,
    "high": 4.803,
    "low": 4.769,
    "volume_shares": 387751143.0,
    "amount_cny": 1856511805.0,
    "trade_phase_raw": "T111    ",
    "post_close_volume_shares": 0.0,
    "post_close_amount_cny": 0.0,
    "post_close_phase_raw": "A1      ",
    "product_subtype": "EBS",
    "source": "sse.yunhq.sh1.snap",
    "retrieved_at": "2026-08-18T10:38:49.433250+08:00"
  },
  "account_feasibility": {
    "reference_account_cny": 20000.0,
    "creation_unit_notional_cny": 4294800.0,
    "can_directly_create_or_redeem": false,
    "intended_use": "只用PCF和IOPV观察一级市场吸收状态，在二级市场交易510300"
  },
  "storage": {
    "pcf": {
      "file": "data/raw/primary_market/510300_pcf_daily.parquet",
      "row_count": 4,
      "first_key": "2026-08-13",
      "last_key": "2026-08-18",
      "sha256": "829c810ec802ff72ad6532eb5255f25a98fef36cad8dec5db46c14c5e37dac65"
    },
    "iopv": {
      "file": "data/raw/primary_market/510300_iopv_snapshots.parquet",
      "row_count": 224,
      "first_key": "2026-08-13 16:29:06",
      "last_key": "2026-08-18 10:38:49",
      "sha256": "42529b3ffd8aa9eb31e25e670556678f922d6cd10fa8f62c6f1aee8e843c4d1c"
    }
  },
  "raw_response_files": [
    "data/raw/primary_market/raw/iopv/20260818/20260818T103848_001451+0800.json"
  ],
  "governance": {
    "use_as_trading_signal": false,
    "automatic_ordering_authorized": false,
    "note": "当前只采集和纸面验证；未通过前向门槛前不得映射实盘仓位。"
  }
}
{
  "status": "PASS",
  "checked_at": "2026-08-18T10:39:51.372964+08:00",
  "collector": {
    "collector_id": "510300_PRIMARY_SECONDARY_FORWARD_V1",
    "symbol": "510300.SH",
    "fund_code": "510300",
    "timezone": "Asia/Shanghai",
    "timeout_seconds": 15,
    "observation_interval_seconds": 60,
    "collection_start_time": "09:30:00",
    "collection_end_time": "15:00:00",
    "collection_sessions": [
      [
        "09:30:00",
        "11:30:00"
      ],
      [
        "13:00:00",
        "15:00:00"
      ]
    ],
    "evidence_scope": "仅从实际接入日起的前向数据，不回填历史IOPV"
  },
  "checks": {
    "same_fund_code": true,
    "same_trade_date": true,
    "iopv_publication_enabled": true,
    "positive_iopv": true,
    "positive_last_price": true,
    "positive_creation_unit": true,
    "snapshot_fresh_during_collection_session": true
  },
  "freshness": {
    "during_collection_session": true,
    "clock_delay_seconds": 0.372964,
    "maximum_allowed_seconds_during_session": 180.0
  },
  "latest_pcf": {
    "trading_day": "2026-08-18",
    "previous_trading_day": "2026-08-17",
    "fund_code": "510300",
    "fund_name": "华泰柏瑞沪深300交易型开放式指数证券投资基金",
    "fund_company": "华泰柏瑞基金管理有限公司",
    "file_id": "1465021",
    "etf_type": "8",
    "nav": 4.8038,
    "nav_per_creation_unit": 4323446.47,
    "previous_cash_component": 108343.47,
    "estimated_cash_component": 108377.47,
    "maximum_cash_ratio": 0.5,
    "creation_redemption_unit": 900000,
    "component_count": 300,
    "publish_iopv": true,
    "creation_redemption_status": "申购和赎回皆允许",
    "creation_redemption_mechanism": "1",
    "creation_limit": null,
    "redemption_limit": 3600000000.0,
    "net_creation_limit": null,
    "net_redemption_limit": null,
    "creation_limit_per_account": null,
    "redemption_limit_per_account": null,
    "net_creation_limit_per_account": null,
    "net_redemption_limit_per_account": null,
    "source": "sse.COMMON_SSE_CP_JJLB_ETFJJGK_GGSGSHQD_JBXX_C",
    "retrieved_at": "2026-08-18T09:30:05.929758+08:00"
  },
  "latest_iopv": {
    "exchange_timestamp": "2026-08-18 10:39:51",
    "trade_date": "2026-08-18",
    "fund_code": "510300",
    "name": "300ETF",
    "extended_name": "沪深300ETF华泰柏瑞",
    "last_price": 4.771,
    "iopv": 4.7744,
    "premium_discount_bps": -7.121313672922014,
    "change_rate_pct": -0.62,
    "change_cny": -0.03,
    "open": 4.794,
    "previous_close": 4.801,
    "high": 4.803,
    "low": 4.769,
    "volume_shares": 388300943.0,
    "amount_cny": 1859135120.0,
    "trade_phase_raw": "T111    ",
    "post_close_volume_shares": 0.0,
    "post_close_amount_cny": 0.0,
    "post_close_phase_raw": "A1      ",
    "product_subtype": "EBS",
    "source": "sse.yunhq.sh1.snap",
    "retrieved_at": "2026-08-18T10:39:51.342400+08:00"
  },
  "account_feasibility": {
    "reference_account_cny": 20000.0,
    "creation_unit_notional_cny": 4293900.0,
    "can_directly_create_or_redeem": false,
    "intended_use": "只用PCF和IOPV观察一级市场吸收状态，在二级市场交易510300"
  },
  "storage": {
    "pcf": {
      "file": "data/raw/primary_market/510300_pcf_daily.parquet",
      "row_count": 4,
      "first_key": "2026-08-13",
      "last_key": "2026-08-18",
      "sha256": "829c810ec802ff72ad6532eb5255f25a98fef36cad8dec5db46c14c5e37dac65"
    },
    "iopv": {
      "file": "data/raw/primary_market/510300_iopv_snapshots.parquet",
      "row_count": 225,
      "first_key": "2026-08-13 16:29:06",
      "last_key": "2026-08-18 10:39:51",
      "sha256": "3f78be45e285152c16574566e373162b6694b756e7ca7243cfabeaa2e8968f35"
    }
  },
  "raw_response_files": [
    "data/raw/primary_market/raw/iopv/20260818/20260818T103949_465150+0800.json"
  ],
  "governance": {
    "use_as_trading_signal": false,
    "automatic_ordering_authorized": false,
    "note": "当前只采集和纸面验证；未通过前向门槛前不得映射实盘仓位。"
  }
}
{
  "status": "PASS",
  "checked_at": "2026-08-18T10:40:53.122008+08:00",
  "collector": {
    "collector_id": "510300_PRIMARY_SECONDARY_FORWARD_V1",
    "symbol": "510300.SH",
    "fund_code": "510300",
    "timezone": "Asia/Shanghai",
    "timeout_seconds": 15,
    "observation_interval_seconds": 60,
    "collection_start_time": "09:30:00",
    "collection_end_time": "15:00:00",
    "collection_sessions": [
      [
        "09:30:00",
        "11:30:00"
      ],
      [
        "13:00:00",
        "15:00:00"
      ]
    ],
    "evidence_scope": "仅从实际接入日起的前向数据，不回填历史IOPV"
  },
  "checks": {
    "same_fund_code": true,
    "same_trade_date": true,
    "iopv_publication_enabled": true,
    "positive_iopv": true,
    "positive_last_price": true,
    "positive_creation_unit": true,
    "snapshot_fresh_during_collection_session": true
  },
  "freshness": {
    "during_collection_session": true,
    "clock_delay_seconds": 1.122008,
    "maximum_allowed_seconds_during_session": 180.0
  },
  "latest_pcf": {
    "trading_day": "2026-08-18",
    "previous_trading_day": "2026-08-17",
    "fund_code": "510300",
    "fund_name": "华泰柏瑞沪深300交易型开放式指数证券投资基金",
    "fund_company": "华泰柏瑞基金管理有限公司",
    "file_id": "1465021",
    "etf_type": "8",
    "nav": 4.8038,
    "nav_per_creation_unit": 4323446.47,
    "previous_cash_component": 108343.47,
    "estimated_cash_component": 108377.47,
    "maximum_cash_ratio": 0.5,
    "creation_redemption_unit": 900000,
    "component_count": 300,
    "publish_iopv": true,
    "creation_redemption_status": "申购和赎回皆允许",
    "creation_redemption_mechanism": "1",
    "creation_limit": null,
    "redemption_limit": 3600000000.0,
    "net_creation_limit": null,
    "net_redemption_limit": null,
    "creation_limit_per_account": null,
    "redemption_limit_per_account": null,
    "net_creation_limit_per_account": null,
    "net_redemption_limit_per_account": null,
    "source": "sse.COMMON_SSE_CP_JJLB_ETFJJGK_GGSGSHQD_JBXX_C",
    "retrieved_at": "2026-08-18T09:30:05.929758+08:00"
  },
  "latest_iopv": {
    "exchange_timestamp": "2026-08-18 10:40:52",
    "trade_date": "2026-08-18",
    "fund_code": "510300",
    "name": "300ETF",
    "extended_name": "沪深300ETF华泰柏瑞",
    "last_price": 4.772,
    "iopv": 4.7748,
    "premium_discount_bps": -5.8641199631392915,
    "change_rate_pct": -0.6,
    "change_cny": -0.029,
    "open": 4.794,
    "previous_close": 4.801,
    "high": 4.803,
    "low": 4.769,
    "volume_shares": 388694143.0,
    "amount_cny": 1861011292.0,
    "trade_phase_raw": "T111    ",
    "post_close_volume_shares": 0.0,
    "post_close_amount_cny": 0.0,
    "post_close_phase_raw": "A1      ",
    "product_subtype": "EBS",
    "source": "sse.yunhq.sh1.snap",
    "retrieved_at": "2026-08-18T10:40:53.085612+08:00"
  },
  "account_feasibility": {
    "reference_account_cny": 20000.0,
    "creation_unit_notional_cny": 4294800.0,
    "can_directly_create_or_redeem": false,
    "intended_use": "只用PCF和IOPV观察一级市场吸收状态，在二级市场交易510300"
  },
  "storage": {
    "pcf": {
      "file": "data/raw/primary_market/510300_pcf_daily.parquet",
      "row_count": 4,
      "first_key": "2026-08-13",
      "last_key": "2026-08-18",
      "sha256": "829c810ec802ff72ad6532eb5255f25a98fef36cad8dec5db46c14c5e37dac65"
    },
    "iopv": {
      "file": "data/raw/primary_market/510300_iopv_snapshots.parquet",
      "row_count": 226,
      "first_key": "2026-08-13 16:29:06",
      "last_key": "2026-08-18 10:40:52",
      "sha256": "753d46bcbe3a62531fa4320ce45ab4c1f42a8c417e7cf794d0f901253b56e646"
    }
  },
  "raw_response_files": [
    "data/raw/primary_market/raw/iopv/20260818/20260818T104051_377574+0800.json"
  ],
  "governance": {
    "use_as_trading_signal": false,
    "automatic_ordering_authorized": false,
    "note": "当前只采集和纸面验证；未通过前向门槛前不得映射实盘仓位。"
  }
}
{
  "status": "PASS",
  "checked_at": "2026-08-18T10:41:54.849351+08:00",
  "collector": {
    "collector_id": "510300_PRIMARY_SECONDARY_FORWARD_V1",
    "symbol": "510300.SH",
    "fund_code": "510300",
    "timezone": "Asia/Shanghai",
    "timeout_seconds": 15,
    "observation_interval_seconds": 60,
    "collection_start_time": "09:30:00",
    "collection_end_time": "15:00:00",
    "collection_sessions": [
      [
        "09:30:00",
        "11:30:00"
      ],
      [
        "13:00:00",
        "15:00:00"
      ]
    ],
    "evidence_scope": "仅从实际接入日起的前向数据，不回填历史IOPV"
  },
  "checks": {
    "same_fund_code": true,
    "same_trade_date": true,
    "iopv_publication_enabled": true,
    "positive_iopv": true,
    "positive_last_price": true,
    "positive_creation_unit": true,
    "snapshot_fresh_during_collection_session": true
  },
  "freshness": {
    "during_collection_session": true,
    "clock_delay_seconds": 0.849351,
    "maximum_allowed_seconds_during_session": 180.0
  },
  "latest_pcf": {
    "trading_day": "2026-08-18",
    "previous_trading_day": "2026-08-17",
    "fund_code": "510300",
    "fund_name": "华泰柏瑞沪深300交易型开放式指数证券投资基金",
    "fund_company": "华泰柏瑞基金管理有限公司",
    "file_id": "1465021",
    "etf_type": "8",
    "nav": 4.8038,
    "nav_per_creation_unit": 4323446.47,
    "previous_cash_component": 108343.47,
    "estimated_cash_component": 108377.47,
    "maximum_cash_ratio": 0.5,
    "creation_redemption_unit": 900000,
    "component_count": 300,
    "publish_iopv": true,
    "creation_redemption_status": "申购和赎回皆允许",
    "creation_redemption_mechanism": "1",
    "creation_limit": null,
    "redemption_limit": 3600000000.0,
    "net_creation_limit": null,
    "net_redemption_limit": null,
    "creation_limit_per_account": null,
    "redemption_limit_per_account": null,
    "net_creation_limit_per_account": null,
    "net_redemption_limit_per_account": null,
    "source": "sse.COMMON_SSE_CP_JJLB_ETFJJGK_GGSGSHQD_JBXX_C",
    "retrieved_at": "2026-08-18T09:30:05.929758+08:00"
  },
  "latest_iopv": {
    "exchange_timestamp": "2026-08-18 10:41:54",
    "trade_date": "2026-08-18",
    "fund_code": "510300",
    "name": "300ETF",
    "extended_name": "沪深300ETF华泰柏瑞",
    "last_price": 4.771,
    "iopv": 4.772,
    "premium_discount_bps": -2.095557418273497,
    "change_rate_pct": -0.62,
    "change_cny": -0.03,
    "open": 4.794,
    "previous_close": 4.801,
    "high": 4.803,
    "low": 4.769,
    "volume_shares": 389855543.0,
    "amount_cny": 1866551432.0,
    "trade_phase_raw": "T111    ",
    "post_close_volume_shares": 0.0,
    "post_close_amount_cny": 0.0,
    "post_close_phase_raw": "A1      ",
    "product_subtype": "EBS",
    "source": "sse.yunhq.sh1.snap",
    "retrieved_at": "2026-08-18T10:41:54.811505+08:00"
  },
  "account_feasibility": {
    "reference_account_cny": 20000.0,
    "creation_unit_notional_cny": 4293900.0,
    "can_directly_create_or_redeem": false,
    "intended_use": "只用PCF和IOPV观察一级市场吸收状态，在二级市场交易510300"
  },
  "storage": {
    "pcf": {
      "file": "data/raw/primary_market/510300_pcf_daily.parquet",
      "row_count": 4,
      "first_key": "2026-08-13",
      "last_key": "2026-08-18",
      "sha256": "829c810ec802ff72ad6532eb5255f25a98fef36cad8dec5db46c14c5e37dac65"
    },
    "iopv": {
      "file": "data/raw/primary_market/510300_iopv_snapshots.parquet",
      "row_count": 227,
      "first_key": "2026-08-13 16:29:06",
      "last_key": "2026-08-18 10:41:54",
      "sha256": "77799d4eb544c63de85743bcf379dd106f965e129e3aefa7521a36b527fdce04"
    }
  },
  "raw_response_files": [
    "data/raw/primary_market/raw/iopv/20260818/20260818T104153_127302+0800.json"
  ],
  "governance": {
    "use_as_trading_signal": false,
    "automatic_ordering_authorized": false,
    "note": "当前只采集和纸面验证；未通过前向门槛前不得映射实盘仓位。"
  }
}
{
  "status": "PASS",
  "checked_at": "2026-08-18T10:43:01.417909+08:00",
  "collector": {
    "collector_id": "510300_PRIMARY_SECONDARY_FORWARD_V1",
    "symbol": "510300.SH",
    "fund_code": "510300",
    "timezone": "Asia/Shanghai",
    "timeout_seconds": 15,
    "observation_interval_seconds": 60,
    "collection_start_time": "09:30:00",
    "collection_end_time": "15:00:00",
    "collection_sessions": [
      [
        "09:30:00",
        "11:30:00"
      ],
      [
        "13:00:00",
        "15:00:00"
      ]
    ],
    "evidence_scope": "仅从实际接入日起的前向数据，不回填历史IOPV"
  },
  "checks": {
    "same_fund_code": true,
    "same_trade_date": true,
    "iopv_publication_enabled": true,
    "positive_iopv": true,
    "positive_last_price": true,
    "positive_creation_unit": true,
    "snapshot_fresh_during_collection_session": true
  },
  "freshness": {
    "during_collection_session": true,
    "clock_delay_seconds": 0.417909,
    "maximum_allowed_seconds_during_session": 180.0
  },
  "latest_pcf": {
    "trading_day": "2026-08-18",
    "previous_trading_day": "2026-08-17",
    "fund_code": "510300",
    "fund_name": "华泰柏瑞沪深300交易型开放式指数证券投资基金",
    "fund_company": "华泰柏瑞基金管理有限公司",
    "file_id": "1465021",
    "etf_type": "8",
    "nav": 4.8038,
    "nav_per_creation_unit": 4323446.47,
    "previous_cash_component": 108343.47,
    "estimated_cash_component": 108377.47,
    "maximum_cash_ratio": 0.5,
    "creation_redemption_unit": 900000,
    "component_count": 300,
    "publish_iopv": true,
    "creation_redemption_status": "申购和赎回皆允许",
    "creation_redemption_mechanism": "1",
    "creation_limit": null,
    "redemption_limit": 3600000000.0,
    "net_creation_limit": null,
    "net_redemption_limit": null,
    "creation_limit_per_account": null,
    "redemption_limit_per_account": null,
    "net_creation_limit_per_account": null,
    "net_redemption_limit_per_account": null,
    "source": "sse.COMMON_SSE_CP_JJLB_ETFJJGK_GGSGSHQD_JBXX_C",
    "retrieved_at": "2026-08-18T09:30:05.929758+08:00"
  },
  "latest_iopv": {
    "exchange_timestamp": "2026-08-18 10:43:01",
    "trade_date": "2026-08-18",
    "fund_code": "510300",
    "name": "300ETF",
    "extended_name": "沪深300ETF华泰柏瑞",
    "last_price": 4.771,
    "iopv": 4.7747,
    "premium_discount_bps": -7.7491779588256815,
    "change_rate_pct": -0.62,
    "change_cny": -0.03,
    "open": 4.794,
    "previous_close": 4.801,
    "high": 4.803,
    "low": 4.769,
    "volume_shares": 392195143.0,
    "amount_cny": 1877712989.0,
    "trade_phase_raw": "T111    ",
    "post_close_volume_shares": 0.0,
    "post_close_amount_cny": 0.0,
    "post_close_phase_raw": "A1      ",
    "product_subtype": "EBS",
    "source": "sse.yunhq.sh1.snap",
    "retrieved_at": "2026-08-18T10:43:01.382071+08:00"
  },
  "account_feasibility": {
    "reference_account_cny": 20000.0,
    "creation_unit_notional_cny": 4293900.0,
    "can_directly_create_or_redeem": false,
    "intended_use": "只用PCF和IOPV观察一级市场吸收状态，在二级市场交易510300"
  },
  "storage": {
    "pcf": {
      "file": "data/raw/primary_market/510300_pcf_daily.parquet",
      "row_count": 4,
      "first_key": "2026-08-13",
      "last_key": "2026-08-18",
      "sha256": "829c810ec802ff72ad6532eb5255f25a98fef36cad8dec5db46c14c5e37dac65"
    },
    "iopv": {
      "file": "data/raw/primary_market/510300_iopv_snapshots.parquet",
      "row_count": 228,
      "first_key": "2026-08-13 16:29:06",
      "last_key": "2026-08-18 10:43:01",
      "sha256": "9900554c086dd6092b02aca06eec3ab12ff239ff36a5a165cc06ee7dda43fffa"
    }
  },
  "raw_response_files": [
    "data/raw/primary_market/raw/iopv/20260818/20260818T104254_854037+0800.json"
  ],
  "governance": {
    "use_as_trading_signal": false,
    "automatic_ordering_authorized": false,
    "note": "当前只采集和纸面验证；未通过前向门槛前不得映射实盘仓位。"
  }
}
{
  "status": "PASS",
  "checked_at": "2026-08-18T10:44:03.476746+08:00",
  "collector": {
    "collector_id": "510300_PRIMARY_SECONDARY_FORWARD_V1",
    "symbol": "510300.SH",
    "fund_code": "510300",
    "timezone": "Asia/Shanghai",
    "timeout_seconds": 15,
    "observation_interval_seconds": 60,
    "collection_start_time": "09:30:00",
    "collection_end_time": "15:00:00",
    "collection_sessions": [
      [
        "09:30:00",
        "11:30:00"
      ],
      [
        "13:00:00",
        "15:00:00"
      ]
    ],
    "evidence_scope": "仅从实际接入日起的前向数据，不回填历史IOPV"
  },
  "checks": {
    "same_fund_code": true,
    "same_trade_date": true,
    "iopv_publication_enabled": true,
    "positive_iopv": true,
    "positive_last_price": true,
    "positive_creation_unit": true,
    "snapshot_fresh_during_collection_session": true
  },
  "freshness": {
    "during_collection_session": true,
    "clock_delay_seconds": 0.476746,
    "maximum_allowed_seconds_during_session": 180.0
  },
  "latest_pcf": {
    "trading_day": "2026-08-18",
    "previous_trading_day": "2026-08-17",
    "fund_code": "510300",
    "fund_name": "华泰柏瑞沪深300交易型开放式指数证券投资基金",
    "fund_company": "华泰柏瑞基金管理有限公司",
    "file_id": "1465021",
    "etf_type": "8",
    "nav": 4.8038,
    "nav_per_creation_unit": 4323446.47,
    "previous_cash_component": 108343.47,
    "estimated_cash_component": 108377.47,
    "maximum_cash_ratio": 0.5,
    "creation_redemption_unit": 900000,
    "component_count": 300,
    "publish_iopv": true,
    "creation_redemption_status": "申购和赎回皆允许",
    "creation_redemption_mechanism": "1",
    "creation_limit": null,
    "redemption_limit": 3600000000.0,
    "net_creation_limit": null,
    "net_redemption_limit": null,
    "creation_limit_per_account": null,
    "redemption_limit_per_account": null,
    "net_creation_limit_per_account": null,
    "net_redemption_limit_per_account": null,
    "source": "sse.COMMON_SSE_CP_JJLB_ETFJJGK_GGSGSHQD_JBXX_C",
    "retrieved_at": "2026-08-18T09:30:05.929758+08:00"
  },
  "latest_iopv": {
    "exchange_timestamp": "2026-08-18 10:44:03",
    "trade_date": "2026-08-18",
    "fund_code": "510300",
    "name": "300ETF",
    "extended_name": "沪深300ETF华泰柏瑞",
    "last_price": 4.771,
    "iopv": 4.7748,
    "premium_discount_bps": -7.958448521404593,
    "change_rate_pct": -0.62,
    "change_cny": -0.03,
    "open": 4.794,
    "previous_close": 4.801,
    "high": 4.803,
    "low": 4.769,
    "volume_shares": 392739643.0,
    "amount_cny": 1880310943.0,
    "trade_phase_raw": "T111    ",
    "post_close_volume_shares": 0.0,
    "post_close_amount_cny": 0.0,
    "post_close_phase_raw": "A1      ",
    "product_subtype": "EBS",
    "source": "sse.yunhq.sh1.snap",
    "retrieved_at": "2026-08-18T10:44:03.452273+08:00"
  },
  "account_feasibility": {
    "reference_account_cny": 20000.0,
    "creation_unit_notional_cny": 4293900.0,
    "can_directly_create_or_redeem": false,
    "intended_use": "只用PCF和IOPV观察一级市场吸收状态，在二级市场交易510300"
  },
  "storage": {
    "pcf": {
      "file": "data/raw/primary_market/510300_pcf_daily.parquet",
      "row_count": 4,
      "first_key": "2026-08-13",
      "last_key": "2026-08-18",
      "sha256": "829c810ec802ff72ad6532eb5255f25a98fef36cad8dec5db46c14c5e37dac65"
    },
    "iopv": {
      "file": "data/raw/primary_market/510300_iopv_snapshots.parquet",
      "row_count": 229,
      "first_key": "2026-08-13 16:29:06",
      "last_key": "2026-08-18 10:44:03",
      "sha256": "e1ca9b315bfc43b75ad9584bb8699652d9e81317ee7b3d2728ab1268f99014da"
    }
  },
  "raw_response_files": [
    "data/raw/primary_market/raw/iopv/20260818/20260818T104401_422547+0800.json"
  ],
  "governance": {
    "use_as_trading_signal": false,
    "automatic_ordering_authorized": false,
    "note": "当前只采集和纸面验证；未通过前向门槛前不得映射实盘仓位。"
  }
}
{
  "status": "PASS",
  "checked_at": "2026-08-18T10:45:06.181916+08:00",
  "collector": {
    "collector_id": "510300_PRIMARY_SECONDARY_FORWARD_V1",
    "symbol": "510300.SH",
    "fund_code": "510300",
    "timezone": "Asia/Shanghai",
    "timeout_seconds": 15,
    "observation_interval_seconds": 60,
    "collection_start_time": "09:30:00",
    "collection_end_time": "15:00:00",
    "collection_sessions": [
      [
        "09:30:00",
        "11:30:00"
      ],
      [
        "13:00:00",
        "15:00:00"
      ]
    ],
    "evidence_scope": "仅从实际接入日起的前向数据，不回填历史IOPV"
  },
  "checks": {
    "same_fund_code": true,
    "same_trade_date": true,
    "iopv_publication_enabled": true,
    "positive_iopv": true,
    "positive_last_price": true,
    "positive_creation_unit": true,
    "snapshot_fresh_during_collection_session": true
  },
  "freshness": {
    "during_collection_session": true,
    "clock_delay_seconds": 1.181916,
    "maximum_allowed_seconds_during_session": 180.0
  },
  "latest_pcf": {
    "trading_day": "2026-08-18",
    "previous_trading_day": "2026-08-17",
    "fund_code": "510300",
    "fund_name": "华泰柏瑞沪深300交易型开放式指数证券投资基金",
    "fund_company": "华泰柏瑞基金管理有限公司",
    "file_id": "1465021",
    "etf_type": "8",
    "nav": 4.8038,
    "nav_per_creation_unit": 4323446.47,
    "previous_cash_component": 108343.47,
    "estimated_cash_component": 108377.47,
    "maximum_cash_ratio": 0.5,
    "creation_redemption_unit": 900000,
    "component_count": 300,
    "publish_iopv": true,
    "creation_redemption_status": "申购和赎回皆允许",
    "creation_redemption_mechanism": "1",
    "creation_limit": null,
    "redemption_limit": 3600000000.0,
    "net_creation_limit": null,
    "net_redemption_limit": null,
    "creation_limit_per_account": null,
    "redemption_limit_per_account": null,
    "net_creation_limit_per_account": null,
    "net_redemption_limit_per_account": null,
    "source": "sse.COMMON_SSE_CP_JJLB_ETFJJGK_GGSGSHQD_JBXX_C",
    "retrieved_at": "2026-08-18T09:30:05.929758+08:00"
  },
  "latest_iopv": {
    "exchange_timestamp": "2026-08-18 10:45:05",
    "trade_date": "2026-08-18",
    "fund_code": "510300",
    "name": "300ETF",
    "extended_name": "沪深300ETF华泰柏瑞",
    "last_price": 4.77,
    "iopv": 4.7735,
    "premium_discount_bps": -7.332146223946179,
    "change_rate_pct": -0.65,
    "change_cny": -0.031,
    "open": 4.794,
    "previous_close": 4.801,
    "high": 4.803,
    "low": 4.769,
    "volume_shares": 394330243.0,
    "amount_cny": 1887899033.0,
    "trade_phase_raw": "T111    ",
    "post_close_volume_shares": 0.0,
    "post_close_amount_cny": 0.0,
    "post_close_phase_raw": "A1      ",
    "product_subtype": "EBS",
    "source": "sse.yunhq.sh1.snap",
    "retrieved_at": "2026-08-18T10:45:06.145385+08:00"
  },
  "account_feasibility": {
    "reference_account_cny": 20000.0,
    "creation_unit_notional_cny": 4293000.0,
    "can_directly_create_or_redeem": false,
    "intended_use": "只用PCF和IOPV观察一级市场吸收状态，在二级市场交易510300"
  },
  "storage": {
    "pcf": {
      "file": "data/raw/primary_market/510300_pcf_daily.parquet",
      "row_count": 4,
      "first_key": "2026-08-13",
      "last_key": "2026-08-18",
      "sha256": "829c810ec802ff72ad6532eb5255f25a98fef36cad8dec5db46c14c5e37dac65"
    },
    "iopv": {
      "file": "data/raw/primary_market/510300_iopv_snapshots.parquet",
      "row_count": 230,
      "first_key": "2026-08-13 16:29:06",
      "last_key": "2026-08-18 10:45:05",
      "sha256": "f2d934039df0140dc864bd0d12c18086eafd086fb247b14a97db4a749c16da35"
    }
  },
  "raw_response_files": [
    "data/raw/primary_market/raw/iopv/20260818/20260818T104503_480984+0800.json"
  ],
  "governance": {
    "use_as_trading_signal": false,
    "automatic_ordering_authorized": false,
    "note": "当前只采集和纸面验证；未通过前向门槛前不得映射实盘仓位。"
  }
}
{
  "status": "PASS",
  "checked_at": "2026-08-18T10:46:09.127495+08:00",
  "collector": {
    "collector_id": "510300_PRIMARY_SECONDARY_FORWARD_V1",
    "symbol": "510300.SH",
    "fund_code": "510300",
    "timezone": "Asia/Shanghai",
    "timeout_seconds": 15,
    "observation_interval_seconds": 60,
    "collection_start_time": "09:30:00",
    "collection_end_time": "15:00:00",
    "collection_sessions": [
      [
        "09:30:00",
        "11:30:00"
      ],
      [
        "13:00:00",
        "15:00:00"
      ]
    ],
    "evidence_scope": "仅从实际接入日起的前向数据，不回填历史IOPV"
  },
  "checks": {
    "same_fund_code": true,
    "same_trade_date": true,
    "iopv_publication_enabled": true,
    "positive_iopv": true,
    "positive_last_price": true,
    "positive_creation_unit": true,
    "snapshot_fresh_during_collection_session": true
  },
  "freshness": {
    "during_collection_session": true,
    "clock_delay_seconds": 2.127495,
    "maximum_allowed_seconds_during_session": 180.0
  },
  "latest_pcf": {
    "trading_day": "2026-08-18",
    "previous_trading_day": "2026-08-17",
    "fund_code": "510300",
    "fund_name": "华泰柏瑞沪深300交易型开放式指数证券投资基金",
    "fund_company": "华泰柏瑞基金管理有限公司",
    "file_id": "1465021",
    "etf_type": "8",
    "nav": 4.8038,
    "nav_per_creation_unit": 4323446.47,
    "previous_cash_component": 108343.47,
    "estimated_cash_component": 108377.47,
    "maximum_cash_ratio": 0.5,
    "creation_redemption_unit": 900000,
    "component_count": 300,
    "publish_iopv": true,
    "creation_redemption_status": "申购和赎回皆允许",
    "creation_redemption_mechanism": "1",
    "creation_limit": null,
    "redemption_limit": 3600000000.0,
    "net_creation_limit": null,
    "net_redemption_limit": null,
    "creation_limit_per_account": null,
    "redemption_limit_per_account": null,
    "net_creation_limit_per_account": null,
    "net_redemption_limit_per_account": null,
    "source": "sse.COMMON_SSE_CP_JJLB_ETFJJGK_GGSGSHQD_JBXX_C",
    "retrieved_at": "2026-08-18T09:30:05.929758+08:00"
  },
  "latest_iopv": {
    "exchange_timestamp": "2026-08-18 10:46:07",
    "trade_date": "2026-08-18",
    "fund_code": "510300",
    "name": "300ETF",
    "extended_name": "沪深300ETF华泰柏瑞",
    "last_price": 4.767,
    "iopv": 4.7691,
    "premium_discount_bps": -4.403346543372377,
    "change_rate_pct": -0.71,
    "change_cny": -0.034,
    "open": 4.794,
    "previous_close": 4.801,
    "high": 4.803,
    "low": 4.766,
    "volume_shares": 397864443.0,
    "amount_cny": 1904750226.0,
    "trade_phase_raw": "T111    ",
    "post_close_volume_shares": 0.0,
    "post_close_amount_cny": 0.0,
    "post_close_phase_raw": "A1      ",
    "product_subtype": "EBS",
    "source": "sse.yunhq.sh1.snap",
    "retrieved_at": "2026-08-18T10:46:09.092428+08:00"
  },
  "account_feasibility": {
    "reference_account_cny": 20000.0,
    "creation_unit_notional_cny": 4290300.0,
    "can_directly_create_or_redeem": false,
    "intended_use": "只用PCF和IOPV观察一级市场吸收状态，在二级市场交易510300"
  },
  "storage": {
    "pcf": {
      "file": "data/raw/primary_market/510300_pcf_daily.parquet",
      "row_count": 4,
      "first_key": "2026-08-13",
      "last_key": "2026-08-18",
      "sha256": "829c810ec802ff72ad6532eb5255f25a98fef36cad8dec5db46c14c5e37dac65"
    },
    "iopv": {
      "file": "data/raw/primary_market/510300_iopv_snapshots.parquet",
      "row_count": 231,
      "first_key": "2026-08-13 16:29:06",
      "last_key": "2026-08-18 10:46:07",
      "sha256": "4e2301bc22719b0f3e9e82fec9dbc9ff322e1eeda75accca24b09b2b686f698f"
    }
  },
  "raw_response_files": [
    "data/raw/primary_market/raw/iopv/20260818/20260818T104606_186559+0800.json"
  ],
  "governance": {
    "use_as_trading_signal": false,
    "automatic_ordering_authorized": false,
    "note": "当前只采集和纸面验证；未通过前向门槛前不得映射实盘仓位。"
  }
}
{
  "status": "PASS",
  "checked_at": "2026-08-18T10:47:11.155226+08:00",
  "collector": {
    "collector_id": "510300_PRIMARY_SECONDARY_FORWARD_V1",
    "symbol": "510300.SH",
    "fund_code": "510300",
    "timezone": "Asia/Shanghai",
    "timeout_seconds": 15,
    "observation_interval_seconds": 60,
    "collection_start_time": "09:30:00",
    "collection_end_time": "15:00:00",
    "collection_sessions": [
      [
        "09:30:00",
        "11:30:00"
      ],
      [
        "13:00:00",
        "15:00:00"
      ]
    ],
    "evidence_scope": "仅从实际接入日起的前向数据，不回填历史IOPV"
  },
  "checks": {
    "same_fund_code": true,
    "same_trade_date": true,
    "iopv_publication_enabled": true,
    "positive_iopv": true,
    "positive_last_price": true,
    "positive_creation_unit": true,
    "snapshot_fresh_during_collection_session": true
  },
  "freshness": {
    "during_collection_session": true,
    "clock_delay_seconds": 1.155226,
    "maximum_allowed_seconds_during_session": 180.0
  },
  "latest_pcf": {
    "trading_day": "2026-08-18",
    "previous_trading_day": "2026-08-17",
    "fund_code": "510300",
    "fund_name": "华泰柏瑞沪深300交易型开放式指数证券投资基金",
    "fund_company": "华泰柏瑞基金管理有限公司",
    "file_id": "1465021",
    "etf_type": "8",
    "nav": 4.8038,
    "nav_per_creation_unit": 4323446.47,
    "previous_cash_component": 108343.47,
    "estimated_cash_component": 108377.47,
    "maximum_cash_ratio": 0.5,
    "creation_redemption_unit": 900000,
    "component_count": 300,
    "publish_iopv": true,
    "creation_redemption_status": "申购和赎回皆允许",
    "creation_redemption_mechanism": "1",
    "creation_limit": null,
    "redemption_limit": 3600000000.0,
    "net_creation_limit": null,
    "net_redemption_limit": null,
    "creation_limit_per_account": null,
    "redemption_limit_per_account": null,
    "net_creation_limit_per_account": null,
    "net_redemption_limit_per_account": null,
    "source": "sse.COMMON_SSE_CP_JJLB_ETFJJGK_GGSGSHQD_JBXX_C",
    "retrieved_at": "2026-08-18T09:30:05.929758+08:00"
  },
  "latest_iopv": {
    "exchange_timestamp": "2026-08-18 10:47:10",
    "trade_date": "2026-08-18",
    "fund_code": "510300",
    "name": "300ETF",
    "extended_name": "沪深300ETF华泰柏瑞",
    "last_price": 4.765,
    "iopv": 4.7671,
    "premium_discount_bps": -4.405193933419982,
    "change_rate_pct": -0.75,
    "change_cny": -0.036,
    "open": 4.794,
    "previous_close": 4.801,
    "high": 4.803,
    "low": 4.765,
    "volume_shares": 399153343.0,
    "amount_cny": 1910893321.0,
    "trade_phase_raw": "T111    ",
    "post_close_volume_shares": 0.0,
    "post_close_amount_cny": 0.0,
    "post_close_phase_raw": "A1      ",
    "product_subtype": "EBS",
    "source": "sse.yunhq.sh1.snap",
    "retrieved_at": "2026-08-18T10:47:11.118947+08:00"
  },
  "account_feasibility": {
    "reference_account_cny": 20000.0,
    "creation_unit_notional_cny": 4288500.0,
    "can_directly_create_or_redeem": false,
    "intended_use": "只用PCF和IOPV观察一级市场吸收状态，在二级市场交易510300"
  },
  "storage": {
    "pcf": {
      "file": "data/raw/primary_market/510300_pcf_daily.parquet",
      "row_count": 4,
      "first_key": "2026-08-13",
      "last_key": "2026-08-18",
      "sha256": "829c810ec802ff72ad6532eb5255f25a98fef36cad8dec5db46c14c5e37dac65"
    },
    "iopv": {
      "file": "data/raw/primary_market/510300_iopv_snapshots.parquet",
      "row_count": 232,
      "first_key": "2026-08-13 16:29:06",
      "last_key": "2026-08-18 10:47:10",
      "sha256": "a34c51ec4c82db72ed231d73d957c948825aa8042595297cdb31461cbeea40f8"
    }
  },
  "raw_response_files": [
    "data/raw/primary_market/raw/iopv/20260818/20260818T104709_131697+0800.json"
  ],
  "governance": {
    "use_as_trading_signal": false,
    "automatic_ordering_authorized": false,
    "note": "当前只采集和纸面验证；未通过前向门槛前不得映射实盘仓位。"
  }
}
{
  "status": "PASS",
  "checked_at": "2026-08-18T10:48:12.482650+08:00",
  "collector": {
    "collector_id": "510300_PRIMARY_SECONDARY_FORWARD_V1",
    "symbol": "510300.SH",
    "fund_code": "510300",
    "timezone": "Asia/Shanghai",
    "timeout_seconds": 15,
    "observation_interval_seconds": 60,
    "collection_start_time": "09:30:00",
    "collection_end_time": "15:00:00",
    "collection_sessions": [
      [
        "09:30:00",
        "11:30:00"
      ],
      [
        "13:00:00",
        "15:00:00"
      ]
    ],
    "evidence_scope": "仅从实际接入日起的前向数据，不回填历史IOPV"
  },
  "checks": {
    "same_fund_code": true,
    "same_trade_date": true,
    "iopv_publication_enabled": true,
    "positive_iopv": true,
    "positive_last_price": true,
    "positive_creation_unit": true,
    "snapshot_fresh_during_collection_session": true
  },
  "freshness": {
    "during_collection_session": true,
    "clock_delay_seconds": 0.48265,
    "maximum_allowed_seconds_during_session": 180.0
  },
  "latest_pcf": {
    "trading_day": "2026-08-18",
    "previous_trading_day": "2026-08-17",
    "fund_code": "510300",
    "fund_name": "华泰柏瑞沪深300交易型开放式指数证券投资基金",
    "fund_company": "华泰柏瑞基金管理有限公司",
    "file_id": "1465021",
    "etf_type": "8",
    "nav": 4.8038,
    "nav_per_creation_unit": 4323446.47,
    "previous_cash_component": 108343.47,
    "estimated_cash_component": 108377.47,
    "maximum_cash_ratio": 0.5,
    "creation_redemption_unit": 900000,
    "component_count": 300,
    "publish_iopv": true,
    "creation_redemption_status": "申购和赎回皆允许",
    "creation_redemption_mechanism": "1",
    "creation_limit": null,
    "redemption_limit": 3600000000.0,
    "net_creation_limit": null,
    "net_redemption_limit": null,
    "creation_limit_per_account": null,
    "redemption_limit_per_account": null,
    "net_creation_limit_per_account": null,
    "net_redemption_limit_per_account": null,
    "source": "sse.COMMON_SSE_CP_JJLB_ETFJJGK_GGSGSHQD_JBXX_C",
    "retrieved_at": "2026-08-18T09:30:05.929758+08:00"
  },
  "latest_iopv": {
    "exchange_timestamp": "2026-08-18 10:48:12",
    "trade_date": "2026-08-18",
    "fund_code": "510300",
    "name": "300ETF",
    "extended_name": "沪深300ETF华泰柏瑞",
    "last_price": 4.764,
    "iopv": 4.766,
    "premium_discount_bps": -4.196391103650221,
    "change_rate_pct": -0.77,
    "change_cny": -0.037,
    "open": 4.794,
    "previous_close": 4.801,
    "high": 4.803,
    "low": 4.764,
    "volume_shares": 403781843.0,
    "amount_cny": 1932948258.0,
    "trade_phase_raw": "T111    ",
    "post_close_volume_shares": 0.0,
    "post_close_amount_cny": 0.0,
    "post_close_phase_raw": "A1      ",
    "product_subtype": "EBS",
    "source": "sse.yunhq.sh1.snap",
    "retrieved_at": "2026-08-18T10:48:12.448708+08:00"
  },
  "account_feasibility": {
    "reference_account_cny": 20000.0,
    "creation_unit_notional_cny": 4287600.0,
    "can_directly_create_or_redeem": false,
    "intended_use": "只用PCF和IOPV观察一级市场吸收状态，在二级市场交易510300"
  },
  "storage": {
    "pcf": {
      "file": "data/raw/primary_market/510300_pcf_daily.parquet",
      "row_count": 4,
      "first_key": "2026-08-13",
      "last_key": "2026-08-18",
      "sha256": "829c810ec802ff72ad6532eb5255f25a98fef36cad8dec5db46c14c5e37dac65"
    },
    "iopv": {
      "file": "data/raw/primary_market/510300_iopv_snapshots.parquet",
      "row_count": 233,
      "first_key": "2026-08-13 16:29:06",
      "last_key": "2026-08-18 10:48:12",
      "sha256": "75a0080a63c831345cee72522db4fb4cc6edef648b54e8f58f879ea2fa980347"
    }
  },
  "raw_response_files": [
    "data/raw/primary_market/raw/iopv/20260818/20260818T104811_159577+0800.json"
  ],
  "governance": {
    "use_as_trading_signal": false,
    "automatic_ordering_authorized": false,
    "note": "当前只采集和纸面验证；未通过前向门槛前不得映射实盘仓位。"
  }
}
{
  "status": "PASS",
  "checked_at": "2026-08-18T10:49:14.857842+08:00",
  "collector": {
    "collector_id": "510300_PRIMARY_SECONDARY_FORWARD_V1",
    "symbol": "510300.SH",
    "fund_code": "510300",
    "timezone": "Asia/Shanghai",
    "timeout_seconds": 15,
    "observation_interval_seconds": 60,
    "collection_start_time": "09:30:00",
    "collection_end_time": "15:00:00",
    "collection_sessions": [
      [
        "09:30:00",
        "11:30:00"
      ],
      [
        "13:00:00",
        "15:00:00"
      ]
    ],
    "evidence_scope": "仅从实际接入日起的前向数据，不回填历史IOPV"
  },
  "checks": {
    "same_fund_code": true,
    "same_trade_date": true,
    "iopv_publication_enabled": true,
    "positive_iopv": true,
    "positive_last_price": true,
    "positive_creation_unit": true,
    "snapshot_fresh_during_collection_session": true
  },
  "freshness": {
    "during_collection_session": true,
    "clock_delay_seconds": 0.857842,
    "maximum_allowed_seconds_during_session": 180.0
  },
  "latest_pcf": {
    "trading_day": "2026-08-18",
    "previous_trading_day": "2026-08-17",
    "fund_code": "510300",
    "fund_name": "华泰柏瑞沪深300交易型开放式指数证券投资基金",
    "fund_company": "华泰柏瑞基金管理有限公司",
    "file_id": "1465021",
    "etf_type": "8",
    "nav": 4.8038,
    "nav_per_creation_unit": 4323446.47,
    "previous_cash_component": 108343.47,
    "estimated_cash_component": 108377.47,
    "maximum_cash_ratio": 0.5,
    "creation_redemption_unit": 900000,
    "component_count": 300,
    "publish_iopv": true,
    "creation_redemption_status": "申购和赎回皆允许",
    "creation_redemption_mechanism": "1",
    "creation_limit": null,
    "redemption_limit": 3600000000.0,
    "net_creation_limit": null,
    "net_redemption_limit": null,
    "creation_limit_per_account": null,
    "redemption_limit_per_account": null,
    "net_creation_limit_per_account": null,
    "net_redemption_limit_per_account": null,
    "source": "sse.COMMON_SSE_CP_JJLB_ETFJJGK_GGSGSHQD_JBXX_C",
    "retrieved_at": "2026-08-18T09:30:05.929758+08:00"
  },
  "latest_iopv": {
    "exchange_timestamp": "2026-08-18 10:49:14",
    "trade_date": "2026-08-18",
    "fund_code": "510300",
    "name": "300ETF",
    "extended_name": "沪深300ETF华泰柏瑞",
    "last_price": 4.765,
    "iopv": 4.7663,
    "premium_discount_bps": -2.7274825336220943,
    "change_rate_pct": -0.75,
    "change_cny": -0.036,
    "open": 4.794,
    "previous_close": 4.801,
    "high": 4.803,
    "low": 4.764,
    "volume_shares": 405554443.0,
    "amount_cny": 1941393675.0,
    "trade_phase_raw": "T111    ",
    "post_close_volume_shares": 0.0,
    "post_close_amount_cny": 0.0,
    "post_close_phase_raw": "A1      ",
    "product_subtype": "EBS",
    "source": "sse.yunhq.sh1.snap",
    "retrieved_at": "2026-08-18T10:49:14.819034+08:00"
  },
  "account_feasibility": {
    "reference_account_cny": 20000.0,
    "creation_unit_notional_cny": 4288500.0,
    "can_directly_create_or_redeem": false,
    "intended_use": "只用PCF和IOPV观察一级市场吸收状态，在二级市场交易510300"
  },
  "storage": {
    "pcf": {
      "file": "data/raw/primary_market/510300_pcf_daily.parquet",
      "row_count": 4,
      "first_key": "2026-08-13",
      "last_key": "2026-08-18",
      "sha256": "829c810ec802ff72ad6532eb5255f25a98fef36cad8dec5db46c14c5e37dac65"
    },
    "iopv": {
      "file": "data/raw/primary_market/510300_iopv_snapshots.parquet",
      "row_count": 234,
      "first_key": "2026-08-13 16:29:06",
      "last_key": "2026-08-18 10:49:14",
      "sha256": "0165d86c6a2e3245c2e25e2afd3ec8869f7b8759e27f2cd592f5d48106b53c02"
    }
  },
  "raw_response_files": [
    "data/raw/primary_market/raw/iopv/20260818/20260818T104912_486614+0800.json"
  ],
  "governance": {
    "use_as_trading_signal": false,
    "automatic_ordering_authorized": false,
    "note": "当前只采集和纸面验证；未通过前向门槛前不得映射实盘仓位。"
  }
}
{
  "status": "PASS",
  "checked_at": "2026-08-18T10:50:16.427823+08:00",
  "collector": {
    "collector_id": "510300_PRIMARY_SECONDARY_FORWARD_V1",
    "symbol": "510300.SH",
    "fund_code": "510300",
    "timezone": "Asia/Shanghai",
    "timeout_seconds": 15,
    "observation_interval_seconds": 60,
    "collection_start_time": "09:30:00",
    "collection_end_time": "15:00:00",
    "collection_sessions": [
      [
        "09:30:00",
        "11:30:00"
      ],
      [
        "13:00:00",
        "15:00:00"
      ]
    ],
    "evidence_scope": "仅从实际接入日起的前向数据，不回填历史IOPV"
  },
  "checks": {
    "same_fund_code": true,
    "same_trade_date": true,
    "iopv_publication_enabled": true,
    "positive_iopv": true,
    "positive_last_price": true,
    "positive_creation_unit": true,
    "snapshot_fresh_during_collection_session": true
  },
  "freshness": {
    "during_collection_session": true,
    "clock_delay_seconds": 0.427823,
    "maximum_allowed_seconds_during_session": 180.0
  },
  "latest_pcf": {
    "trading_day": "2026-08-18",
    "previous_trading_day": "2026-08-17",
    "fund_code": "510300",
    "fund_name": "华泰柏瑞沪深300交易型开放式指数证券投资基金",
    "fund_company": "华泰柏瑞基金管理有限公司",
    "file_id": "1465021",
    "etf_type": "8",
    "nav": 4.8038,
    "nav_per_creation_unit": 4323446.47,
    "previous_cash_component": 108343.47,
    "estimated_cash_component": 108377.47,
    "maximum_cash_ratio": 0.5,
    "creation_redemption_unit": 900000,
    "component_count": 300,
    "publish_iopv": true,
    "creation_redemption_status": "申购和赎回皆允许",
    "creation_redemption_mechanism": "1",
    "creation_limit": null,
    "redemption_limit": 3600000000.0,
    "net_creation_limit": null,
    "net_redemption_limit": null,
    "creation_limit_per_account": null,
    "redemption_limit_per_account": null,
    "net_creation_limit_per_account": null,
    "net_redemption_limit_per_account": null,
    "source": "sse.COMMON_SSE_CP_JJLB_ETFJJGK_GGSGSHQD_JBXX_C",
    "retrieved_at": "2026-08-18T09:30:05.929758+08:00"
  },
  "latest_iopv": {
    "exchange_timestamp": "2026-08-18 10:50:16",
    "trade_date": "2026-08-18",
    "fund_code": "510300",
    "name": "300ETF",
    "extended_name": "沪深300ETF华泰柏瑞",
    "last_price": 4.765,
    "iopv": 4.7675,
    "premium_discount_bps": -5.243838489775721,
    "change_rate_pct": -0.75,
    "change_cny": -0.036,
    "open": 4.794,
    "previous_close": 4.801,
    "high": 4.803,
    "low": 4.764,
    "volume_shares": 406348643.0,
    "amount_cny": 1945177883.0,
    "trade_phase_raw": "T111    ",
    "post_close_volume_shares": 0.0,
    "post_close_amount_cny": 0.0,
    "post_close_phase_raw": "A1      ",
    "product_subtype": "EBS",
    "source": "sse.yunhq.sh1.snap",
    "retrieved_at": "2026-08-18T10:50:16.388775+08:00"
  },
  "account_feasibility": {
    "reference_account_cny": 20000.0,
    "creation_unit_notional_cny": 4288500.0,
    "can_directly_create_or_redeem": false,
    "intended_use": "只用PCF和IOPV观察一级市场吸收状态，在二级市场交易510300"
  },
  "storage": {
    "pcf": {
      "file": "data/raw/primary_market/510300_pcf_daily.parquet",
      "row_count": 4,
      "first_key": "2026-08-13",
      "last_key": "2026-08-18",
      "sha256": "829c810ec802ff72ad6532eb5255f25a98fef36cad8dec5db46c14c5e37dac65"
    },
    "iopv": {
      "file": "data/raw/primary_market/510300_iopv_snapshots.parquet",
      "row_count": 235,
      "first_key": "2026-08-13 16:29:06",
      "last_key": "2026-08-18 10:50:16",
      "sha256": "dbfa8a199155d39210ff75578868d77ea8a2fed6fe35781e91db0163eee5c171"
    }
  },
  "raw_response_files": [
    "data/raw/primary_market/raw/iopv/20260818/20260818T105014_863021+0800.json"
  ],
  "governance": {
    "use_as_trading_signal": false,
    "automatic_ordering_authorized": false,
    "note": "当前只采集和纸面验证；未通过前向门槛前不得映射实盘仓位。"
  }
}
{
  "status": "PASS",
  "checked_at": "2026-08-18T10:51:18.129845+08:00",
  "collector": {
    "collector_id": "510300_PRIMARY_SECONDARY_FORWARD_V1",
    "symbol": "510300.SH",
    "fund_code": "510300",
    "timezone": "Asia/Shanghai",
    "timeout_seconds": 15,
    "observation_interval_seconds": 60,
    "collection_start_time": "09:30:00",
    "collection_end_time": "15:00:00",
    "collection_sessions": [
      [
        "09:30:00",
        "11:30:00"
      ],
      [
        "13:00:00",
        "15:00:00"
      ]
    ],
    "evidence_scope": "仅从实际接入日起的前向数据，不回填历史IOPV"
  },
  "checks": {
    "same_fund_code": true,
    "same_trade_date": true,
    "iopv_publication_enabled": true,
    "positive_iopv": true,
    "positive_last_price": true,
    "positive_creation_unit": true,
    "snapshot_fresh_during_collection_session": true
  },
  "freshness": {
    "during_collection_session": true,
    "clock_delay_seconds": 1.129845,
    "maximum_allowed_seconds_during_session": 180.0
  },
  "latest_pcf": {
    "trading_day": "2026-08-18",
    "previous_trading_day": "2026-08-17",
    "fund_code": "510300",
    "fund_name": "华泰柏瑞沪深300交易型开放式指数证券投资基金",
    "fund_company": "华泰柏瑞基金管理有限公司",
    "file_id": "1465021",
    "etf_type": "8",
    "nav": 4.8038,
    "nav_per_creation_unit": 4323446.47,
    "previous_cash_component": 108343.47,
    "estimated_cash_component": 108377.47,
    "maximum_cash_ratio": 0.5,
    "creation_redemption_unit": 900000,
    "component_count": 300,
    "publish_iopv": true,
    "creation_redemption_status": "申购和赎回皆允许",
    "creation_redemption_mechanism": "1",
    "creation_limit": null,
    "redemption_limit": 3600000000.0,
    "net_creation_limit": null,
    "net_redemption_limit": null,
    "creation_limit_per_account": null,
    "redemption_limit_per_account": null,
    "net_creation_limit_per_account": null,
    "net_redemption_limit_per_account": null,
    "source": "sse.COMMON_SSE_CP_JJLB_ETFJJGK_GGSGSHQD_JBXX_C",
    "retrieved_at": "2026-08-18T09:30:05.929758+08:00"
  },
  "latest_iopv": {
    "exchange_timestamp": "2026-08-18 10:51:17",
    "trade_date": "2026-08-18",
    "fund_code": "510300",
    "name": "300ETF",
    "extended_name": "沪深300ETF华泰柏瑞",
    "last_price": 4.762,
    "iopv": 4.7643,
    "premium_discount_bps": -4.827571731420566,
    "change_rate_pct": -0.81,
    "change_cny": -0.039,
    "open": 4.794,
    "previous_close": 4.801,
    "high": 4.803,
    "low": 4.762,
    "volume_shares": 411059443.0,
    "amount_cny": 1967615383.0,
    "trade_phase_raw": "T111    ",
    "post_close_volume_shares": 0.0,
    "post_close_amount_cny": 0.0,
    "post_close_phase_raw": "A1      ",
    "product_subtype": "EBS",
    "source": "sse.yunhq.sh1.snap",
    "retrieved_at": "2026-08-18T10:51:18.090626+08:00"
  },
  "account_feasibility": {
    "reference_account_cny": 20000.0,
    "creation_unit_notional_cny": 4285800.0,
    "can_directly_create_or_redeem": false,
    "intended_use": "只用PCF和IOPV观察一级市场吸收状态，在二级市场交易510300"
  },
  "storage": {
    "pcf": {
      "file": "data/raw/primary_market/510300_pcf_daily.parquet",
      "row_count": 4,
      "first_key": "2026-08-13",
      "last_key": "2026-08-18",
      "sha256": "829c810ec802ff72ad6532eb5255f25a98fef36cad8dec5db46c14c5e37dac65"
    },
    "iopv": {
      "file": "data/raw/primary_market/510300_iopv_snapshots.parquet",
      "row_count": 236,
      "first_key": "2026-08-13 16:29:06",
      "last_key": "2026-08-18 10:51:17",
      "sha256": "46275b50807304860bbc207187ece9037dced1104b7fce41911a73f27f8a0731"
    }
  },
  "raw_response_files": [
    "data/raw/primary_market/raw/iopv/20260818/20260818T105116_431779+0800.json"
  ],
  "governance": {
    "use_as_trading_signal": false,
    "automatic_ordering_authorized": false,
    "note": "当前只采集和纸面验证；未通过前向门槛前不得映射实盘仓位。"
  }
}
{
  "status": "PASS",
  "checked_at": "2026-08-18T10:52:19.709950+08:00",
  "collector": {
    "collector_id": "510300_PRIMARY_SECONDARY_FORWARD_V1",
    "symbol": "510300.SH",
    "fund_code": "510300",
    "timezone": "Asia/Shanghai",
    "timeout_seconds": 15,
    "observation_interval_seconds": 60,
    "collection_start_time": "09:30:00",
    "collection_end_time": "15:00:00",
    "collection_sessions": [
      [
        "09:30:00",
        "11:30:00"
      ],
      [
        "13:00:00",
        "15:00:00"
      ]
    ],
    "evidence_scope": "仅从实际接入日起的前向数据，不回填历史IOPV"
  },
  "checks": {
    "same_fund_code": true,
    "same_trade_date": true,
    "iopv_publication_enabled": true,
    "positive_iopv": true,
    "positive_last_price": true,
    "positive_creation_unit": true,
    "snapshot_fresh_during_collection_session": true
  },
  "freshness": {
    "during_collection_session": true,
    "clock_delay_seconds": 0.70995,
    "maximum_allowed_seconds_during_session": 180.0
  },
  "latest_pcf": {
    "trading_day": "2026-08-18",
    "previous_trading_day": "2026-08-17",
    "fund_code": "510300",
    "fund_name": "华泰柏瑞沪深300交易型开放式指数证券投资基金",
    "fund_company": "华泰柏瑞基金管理有限公司",
    "file_id": "1465021",
    "etf_type": "8",
    "nav": 4.8038,
    "nav_per_creation_unit": 4323446.47,
    "previous_cash_component": 108343.47,
    "estimated_cash_component": 108377.47,
    "maximum_cash_ratio": 0.5,
    "creation_redemption_unit": 900000,
    "component_count": 300,
    "publish_iopv": true,
    "creation_redemption_status": "申购和赎回皆允许",
    "creation_redemption_mechanism": "1",
    "creation_limit": null,
    "redemption_limit": 3600000000.0,
    "net_creation_limit": null,
    "net_redemption_limit": null,
    "creation_limit_per_account": null,
    "redemption_limit_per_account": null,
    "net_creation_limit_per_account": null,
    "net_redemption_limit_per_account": null,
    "source": "sse.COMMON_SSE_CP_JJLB_ETFJJGK_GGSGSHQD_JBXX_C",
    "retrieved_at": "2026-08-18T09:30:05.929758+08:00"
  },
  "latest_iopv": {
    "exchange_timestamp": "2026-08-18 10:52:19",
    "trade_date": "2026-08-18",
    "fund_code": "510300",
    "name": "300ETF",
    "extended_name": "沪深300ETF华泰柏瑞",
    "last_price": 4.762,
    "iopv": 4.7623,
    "premium_discount_bps": -0.6299477143401067,
    "change_rate_pct": -0.81,
    "change_cny": -0.039,
    "open": 4.794,
    "previous_close": 4.801,
    "high": 4.803,
    "low": 4.762,
    "volume_shares": 415133843.0,
    "amount_cny": 1987018480.0,
    "trade_phase_raw": "T111    ",
    "post_close_volume_shares": 0.0,
    "post_close_amount_cny": 0.0,
    "post_close_phase_raw": "A1      ",
    "product_subtype": "EBS",
    "source": "sse.yunhq.sh1.snap",
    "retrieved_at": "2026-08-18T10:52:19.667147+08:00"
  },
  "account_feasibility": {
    "reference_account_cny": 20000.0,
    "creation_unit_notional_cny": 4285800.0,
    "can_directly_create_or_redeem": false,
    "intended_use": "只用PCF和IOPV观察一级市场吸收状态，在二级市场交易510300"
  },
  "storage": {
    "pcf": {
      "file": "data/raw/primary_market/510300_pcf_daily.parquet",
      "row_count": 4,
      "first_key": "2026-08-13",
      "last_key": "2026-08-18",
      "sha256": "829c810ec802ff72ad6532eb5255f25a98fef36cad8dec5db46c14c5e37dac65"
    },
    "iopv": {
      "file": "data/raw/primary_market/510300_iopv_snapshots.parquet",
      "row_count": 237,
      "first_key": "2026-08-13 16:29:06",
      "last_key": "2026-08-18 10:52:19",
      "sha256": "e28321777f694a89eb3bf081802636d773430c87673fcb37c8f8d1dec43022ee"
    }
  },
  "raw_response_files": [
    "data/raw/primary_market/raw/iopv/20260818/20260818T105218_134378+0800.json"
  ],
  "governance": {
    "use_as_trading_signal": false,
    "automatic_ordering_authorized": false,
    "note": "当前只采集和纸面验证；未通过前向门槛前不得映射实盘仓位。"
  }
}
{
  "status": "PASS",
  "checked_at": "2026-08-18T10:53:21.042541+08:00",
  "collector": {
    "collector_id": "510300_PRIMARY_SECONDARY_FORWARD_V1",
    "symbol": "510300.SH",
    "fund_code": "510300",
    "timezone": "Asia/Shanghai",
    "timeout_seconds": 15,
    "observation_interval_seconds": 60,
    "collection_start_time": "09:30:00",
    "collection_end_time": "15:00:00",
    "collection_sessions": [
      [
        "09:30:00",
        "11:30:00"
      ],
      [
        "13:00:00",
        "15:00:00"
      ]
    ],
    "evidence_scope": "仅从实际接入日起的前向数据，不回填历史IOPV"
  },
  "checks": {
    "same_fund_code": true,
    "same_trade_date": true,
    "iopv_publication_enabled": true,
    "positive_iopv": true,
    "positive_last_price": true,
    "positive_creation_unit": true,
    "snapshot_fresh_during_collection_session": true
  },
  "freshness": {
    "during_collection_session": true,
    "clock_delay_seconds": 1.042541,
    "maximum_allowed_seconds_during_session": 180.0
  },
  "latest_pcf": {
    "trading_day": "2026-08-18",
    "previous_trading_day": "2026-08-17",
    "fund_code": "510300",
    "fund_name": "华泰柏瑞沪深300交易型开放式指数证券投资基金",
    "fund_company": "华泰柏瑞基金管理有限公司",
    "file_id": "1465021",
    "etf_type": "8",
    "nav": 4.8038,
    "nav_per_creation_unit": 4323446.47,
    "previous_cash_component": 108343.47,
    "estimated_cash_component": 108377.47,
    "maximum_cash_ratio": 0.5,
    "creation_redemption_unit": 900000,
    "component_count": 300,
    "publish_iopv": true,
    "creation_redemption_status": "申购和赎回皆允许",
    "creation_redemption_mechanism": "1",
    "creation_limit": null,
    "redemption_limit": 3600000000.0,
    "net_creation_limit": null,
    "net_redemption_limit": null,
    "creation_limit_per_account": null,
    "redemption_limit_per_account": null,
    "net_creation_limit_per_account": null,
    "net_redemption_limit_per_account": null,
    "source": "sse.COMMON_SSE_CP_JJLB_ETFJJGK_GGSGSHQD_JBXX_C",
    "retrieved_at": "2026-08-18T09:30:05.929758+08:00"
  },
  "latest_iopv": {
    "exchange_timestamp": "2026-08-18 10:53:20",
    "trade_date": "2026-08-18",
    "fund_code": "510300",
    "name": "300ETF",
    "extended_name": "沪深300ETF华泰柏瑞",
    "last_price": 4.763,
    "iopv": 4.7631,
    "premium_discount_bps": -0.20994730322687616,
    "change_rate_pct": -0.79,
    "change_cny": -0.038,
    "open": 4.794,
    "previous_close": 4.801,
    "high": 4.803,
    "low": 4.761,
    "volume_shares": 416597443.0,
    "amount_cny": 1993989210.0,
    "trade_phase_raw": "T111    ",
    "post_close_volume_shares": 0.0,
    "post_close_amount_cny": 0.0,
    "post_close_phase_raw": "A1      ",
    "product_subtype": "EBS",
    "source": "sse.yunhq.sh1.snap",
    "retrieved_at": "2026-08-18T10:53:21.004137+08:00"
  },
  "account_feasibility": {
    "reference_account_cny": 20000.0,
    "creation_unit_notional_cny": 4286700.0,
    "can_directly_create_or_redeem": false,
    "intended_use": "只用PCF和IOPV观察一级市场吸收状态，在二级市场交易510300"
  },
  "storage": {
    "pcf": {
      "file": "data/raw/primary_market/510300_pcf_daily.parquet",
      "row_count": 4,
      "first_key": "2026-08-13",
      "last_key": "2026-08-18",
      "sha256": "829c810ec802ff72ad6532eb5255f25a98fef36cad8dec5db46c14c5e37dac65"
    },
    "iopv": {
      "file": "data/raw/primary_market/510300_iopv_snapshots.parquet",
      "row_count": 238,
      "first_key": "2026-08-13 16:29:06",
      "last_key": "2026-08-18 10:53:20",
      "sha256": "dabe677a544441e33f480f74307962c081621189b2e7e11769dc57810fc7817c"
    }
  },
  "raw_response_files": [
    "data/raw/primary_market/raw/iopv/20260818/20260818T105319_713837+0800.json"
  ],
  "governance": {
    "use_as_trading_signal": false,
    "automatic_ordering_authorized": false,
    "note": "当前只采集和纸面验证；未通过前向门槛前不得映射实盘仓位。"
  }
}
{
  "status": "PASS",
  "checked_at": "2026-08-18T10:54:22.369240+08:00",
  "collector": {
    "collector_id": "510300_PRIMARY_SECONDARY_FORWARD_V1",
    "symbol": "510300.SH",
    "fund_code": "510300",
    "timezone": "Asia/Shanghai",
    "timeout_seconds": 15,
    "observation_interval_seconds": 60,
    "collection_start_time": "09:30:00",
    "collection_end_time": "15:00:00",
    "collection_sessions": [
      [
        "09:30:00",
        "11:30:00"
      ],
      [
        "13:00:00",
        "15:00:00"
      ]
    ],
    "evidence_scope": "仅从实际接入日起的前向数据，不回填历史IOPV"
  },
  "checks": {
    "same_fund_code": true,
    "same_trade_date": true,
    "iopv_publication_enabled": true,
    "positive_iopv": true,
    "positive_last_price": true,
    "positive_creation_unit": true,
    "snapshot_fresh_during_collection_session": true
  },
  "freshness": {
    "during_collection_session": true,
    "clock_delay_seconds": 0.36924,
    "maximum_allowed_seconds_during_session": 180.0
  },
  "latest_pcf": {
    "trading_day": "2026-08-18",
    "previous_trading_day": "2026-08-17",
    "fund_code": "510300",
    "fund_name": "华泰柏瑞沪深300交易型开放式指数证券投资基金",
    "fund_company": "华泰柏瑞基金管理有限公司",
    "file_id": "1465021",
    "etf_type": "8",
    "nav": 4.8038,
    "nav_per_creation_unit": 4323446.47,
    "previous_cash_component": 108343.47,
    "estimated_cash_component": 108377.47,
    "maximum_cash_ratio": 0.5,
    "creation_redemption_unit": 900000,
    "component_count": 300,
    "publish_iopv": true,
    "creation_redemption_status": "申购和赎回皆允许",
    "creation_redemption_mechanism": "1",
    "creation_limit": null,
    "redemption_limit": 3600000000.0,
    "net_creation_limit": null,
    "net_redemption_limit": null,
    "creation_limit_per_account": null,
    "redemption_limit_per_account": null,
    "net_creation_limit_per_account": null,
    "net_redemption_limit_per_account": null,
    "source": "sse.COMMON_SSE_CP_JJLB_ETFJJGK_GGSGSHQD_JBXX_C",
    "retrieved_at": "2026-08-18T09:30:05.929758+08:00"
  },
  "latest_iopv": {
    "exchange_timestamp": "2026-08-18 10:54:22",
    "trade_date": "2026-08-18",
    "fund_code": "510300",
    "name": "300ETF",
    "extended_name": "沪深300ETF华泰柏瑞",
    "last_price": 4.762,
    "iopv": 4.7612,
    "premium_discount_bps": 1.6802486768030533,
    "change_rate_pct": -0.81,
    "change_cny": -0.039,
    "open": 4.794,
    "previous_close": 4.801,
    "high": 4.803,
    "low": 4.761,
    "volume_shares": 417381843.0,
    "amount_cny": 1997724215.0,
    "trade_phase_raw": "T111    ",
    "post_close_volume_shares": 0.0,
    "post_close_amount_cny": 0.0,
    "post_close_phase_raw": "A1      ",
    "product_subtype": "EBS",
    "source": "sse.yunhq.sh1.snap",
    "retrieved_at": "2026-08-18T10:54:22.335463+08:00"
  },
  "account_feasibility": {
    "reference_account_cny": 20000.0,
    "creation_unit_notional_cny": 4285800.0,
    "can_directly_create_or_redeem": false,
    "intended_use": "只用PCF和IOPV观察一级市场吸收状态，在二级市场交易510300"
  },
  "storage": {
    "pcf": {
      "file": "data/raw/primary_market/510300_pcf_daily.parquet",
      "row_count": 4,
      "first_key": "2026-08-13",
      "last_key": "2026-08-18",
      "sha256": "829c810ec802ff72ad6532eb5255f25a98fef36cad8dec5db46c14c5e37dac65"
    },
    "iopv": {
      "file": "data/raw/primary_market/510300_iopv_snapshots.parquet",
      "row_count": 239,
      "first_key": "2026-08-13 16:29:06",
      "last_key": "2026-08-18 10:54:22",
      "sha256": "4ea393d273ec4665afa57352a484072648f0083f70b08edb294892c508a7b5f6"
    }
  },
  "raw_response_files": [
    "data/raw/primary_market/raw/iopv/20260818/20260818T105421_046595+0800.json"
  ],
  "governance": {
    "use_as_trading_signal": false,
    "automatic_ordering_authorized": false,
    "note": "当前只采集和纸面验证；未通过前向门槛前不得映射实盘仓位。"
  }
}
{
  "status": "PASS",
  "checked_at": "2026-08-18T10:55:23.589311+08:00",
  "collector": {
    "collector_id": "510300_PRIMARY_SECONDARY_FORWARD_V1",
    "symbol": "510300.SH",
    "fund_code": "510300",
    "timezone": "Asia/Shanghai",
    "timeout_seconds": 15,
    "observation_interval_seconds": 60,
    "collection_start_time": "09:30:00",
    "collection_end_time": "15:00:00",
    "collection_sessions": [
      [
        "09:30:00",
        "11:30:00"
      ],
      [
        "13:00:00",
        "15:00:00"
      ]
    ],
    "evidence_scope": "仅从实际接入日起的前向数据，不回填历史IOPV"
  },
  "checks": {
    "same_fund_code": true,
    "same_trade_date": true,
    "iopv_publication_enabled": true,
    "positive_iopv": true,
    "positive_last_price": true,
    "positive_creation_unit": true,
    "snapshot_fresh_during_collection_session": true
  },
  "freshness": {
    "during_collection_session": true,
    "clock_delay_seconds": 0.589311,
    "maximum_allowed_seconds_during_session": 180.0
  },
  "latest_pcf": {
    "trading_day": "2026-08-18",
    "previous_trading_day": "2026-08-17",
    "fund_code": "510300",
    "fund_name": "华泰柏瑞沪深300交易型开放式指数证券投资基金",
    "fund_company": "华泰柏瑞基金管理有限公司",
    "file_id": "1465021",
    "etf_type": "8",
    "nav": 4.8038,
    "nav_per_creation_unit": 4323446.47,
    "previous_cash_component": 108343.47,
    "estimated_cash_component": 108377.47,
    "maximum_cash_ratio": 0.5,
    "creation_redemption_unit": 900000,
    "component_count": 300,
    "publish_iopv": true,
    "creation_redemption_status": "申购和赎回皆允许",
    "creation_redemption_mechanism": "1",
    "creation_limit": null,
    "redemption_limit": 3600000000.0,
    "net_creation_limit": null,
    "net_redemption_limit": null,
    "creation_limit_per_account": null,
    "redemption_limit_per_account": null,
    "net_creation_limit_per_account": null,
    "net_redemption_limit_per_account": null,
    "source": "sse.COMMON_SSE_CP_JJLB_ETFJJGK_GGSGSHQD_JBXX_C",
    "retrieved_at": "2026-08-18T09:30:05.929758+08:00"
  },
  "latest_iopv": {
    "exchange_timestamp": "2026-08-18 10:55:23",
    "trade_date": "2026-08-18",
    "fund_code": "510300",
    "name": "300ETF",
    "extended_name": "沪深300ETF华泰柏瑞",
    "last_price": 4.761,
    "iopv": 4.7598,
    "premium_discount_bps": 2.5211143325343244,
    "change_rate_pct": -0.83,
    "change_cny": -0.04,
    "open": 4.794,
    "previous_close": 4.801,
    "high": 4.803,
    "low": 4.76,
    "volume_shares": 422999443.0,
    "amount_cny": 2024468147.0,
    "trade_phase_raw": "T111    ",
    "post_close_volume_shares": 0.0,
    "post_close_amount_cny": 0.0,
    "post_close_phase_raw": "A1      ",
    "product_subtype": "EBS",
    "source": "sse.yunhq.sh1.snap",
    "retrieved_at": "2026-08-18T10:55:23.553111+08:00"
  },
  "account_feasibility": {
    "reference_account_cny": 20000.0,
    "creation_unit_notional_cny": 4284900.0,
    "can_directly_create_or_redeem": false,
    "intended_use": "只用PCF和IOPV观察一级市场吸收状态，在二级市场交易510300"
  },
  "storage": {
    "pcf": {
      "file": "data/raw/primary_market/510300_pcf_daily.parquet",
      "row_count": 4,
      "first_key": "2026-08-13",
      "last_key": "2026-08-18",
      "sha256": "829c810ec802ff72ad6532eb5255f25a98fef36cad8dec5db46c14c5e37dac65"
    },
    "iopv": {
      "file": "data/raw/primary_market/510300_iopv_snapshots.parquet",
      "row_count": 240,
      "first_key": "2026-08-13 16:29:06",
      "last_key": "2026-08-18 10:55:23",
      "sha256": "c4a2a9d088353c7db14930a9a893fcef930546168a10f4523f61f700c6e3c0f3"
    }
  },
  "raw_response_files": [
    "data/raw/primary_market/raw/iopv/20260818/20260818T105522_372690+0800.json"
  ],
  "governance": {
    "use_as_trading_signal": false,
    "automatic_ordering_authorized": false,
    "note": "当前只采集和纸面验证；未通过前向门槛前不得映射实盘仓位。"
  }
}
{
  "status": "PASS",
  "checked_at": "2026-08-18T10:56:25.479890+08:00",
  "collector": {
    "collector_id": "510300_PRIMARY_SECONDARY_FORWARD_V1",
    "symbol": "510300.SH",
    "fund_code": "510300",
    "timezone": "Asia/Shanghai",
    "timeout_seconds": 15,
    "observation_interval_seconds": 60,
    "collection_start_time": "09:30:00",
    "collection_end_time": "15:00:00",
    "collection_sessions": [
      [
        "09:30:00",
        "11:30:00"
      ],
      [
        "13:00:00",
        "15:00:00"
      ]
    ],
    "evidence_scope": "仅从实际接入日起的前向数据，不回填历史IOPV"
  },
  "checks": {
    "same_fund_code": true,
    "same_trade_date": true,
    "iopv_publication_enabled": true,
    "positive_iopv": true,
    "positive_last_price": true,
    "positive_creation_unit": true,
    "snapshot_fresh_during_collection_session": true
  },
  "freshness": {
    "during_collection_session": true,
    "clock_delay_seconds": 0.47989,
    "maximum_allowed_seconds_during_session": 180.0
  },
  "latest_pcf": {
    "trading_day": "2026-08-18",
    "previous_trading_day": "2026-08-17",
    "fund_code": "510300",
    "fund_name": "华泰柏瑞沪深300交易型开放式指数证券投资基金",
    "fund_company": "华泰柏瑞基金管理有限公司",
    "file_id": "1465021",
    "etf_type": "8",
    "nav": 4.8038,
    "nav_per_creation_unit": 4323446.47,
    "previous_cash_component": 108343.47,
    "estimated_cash_component": 108377.47,
    "maximum_cash_ratio": 0.5,
    "creation_redemption_unit": 900000,
    "component_count": 300,
    "publish_iopv": true,
    "creation_redemption_status": "申购和赎回皆允许",
    "creation_redemption_mechanism": "1",
    "creation_limit": null,
    "redemption_limit": 3600000000.0,
    "net_creation_limit": null,
    "net_redemption_limit": null,
    "creation_limit_per_account": null,
    "redemption_limit_per_account": null,
    "net_creation_limit_per_account": null,
    "net_redemption_limit_per_account": null,
    "source": "sse.COMMON_SSE_CP_JJLB_ETFJJGK_GGSGSHQD_JBXX_C",
    "retrieved_at": "2026-08-18T09:30:05.929758+08:00"
  },
  "latest_iopv": {
    "exchange_timestamp": "2026-08-18 10:56:25",
    "trade_date": "2026-08-18",
    "fund_code": "510300",
    "name": "300ETF",
    "extended_name": "沪深300ETF华泰柏瑞",
    "last_price": 4.759,
    "iopv": 4.7575,
    "premium_discount_bps": 3.152916447715093,
    "change_rate_pct": -0.87,
    "change_cny": -0.042,
    "open": 4.794,
    "previous_close": 4.801,
    "high": 4.803,
    "low": 4.758,
    "volume_shares": 429650143.0,
    "amount_cny": 2056124542.0,
    "trade_phase_raw": "T111    ",
    "post_close_volume_shares": 0.0,
    "post_close_amount_cny": 0.0,
    "post_close_phase_raw": "A1      ",
    "product_subtype": "EBS",
    "source": "sse.yunhq.sh1.snap",
    "retrieved_at": "2026-08-18T10:56:25.439535+08:00"
  },
  "account_feasibility": {
    "reference_account_cny": 20000.0,
    "creation_unit_notional_cny": 4283100.0,
    "can_directly_create_or_redeem": false,
    "intended_use": "只用PCF和IOPV观察一级市场吸收状态，在二级市场交易510300"
  },
  "storage": {
    "pcf": {
      "file": "data/raw/primary_market/510300_pcf_daily.parquet",
      "row_count": 4,
      "first_key": "2026-08-13",
      "last_key": "2026-08-18",
      "sha256": "829c810ec802ff72ad6532eb5255f25a98fef36cad8dec5db46c14c5e37dac65"
    },
    "iopv": {
      "file": "data/raw/primary_market/510300_iopv_snapshots.parquet",
      "row_count": 241,
      "first_key": "2026-08-13 16:29:06",
      "last_key": "2026-08-18 10:56:25",
      "sha256": "5a3e9e7e59e5a89c3ec3b67329b1ff56fb30cd1f3e315b568fadb5fe5b2a33d9"
    }
  },
  "raw_response_files": [
    "data/raw/primary_market/raw/iopv/20260818/20260818T105623_593507+0800.json"
  ],
  "governance": {
    "use_as_trading_signal": false,
    "automatic_ordering_authorized": false,
    "note": "当前只采集和纸面验证；未通过前向门槛前不得映射实盘仓位。"
  }
}
{
  "status": "PASS",
  "checked_at": "2026-08-18T10:57:27.627885+08:00",
  "collector": {
    "collector_id": "510300_PRIMARY_SECONDARY_FORWARD_V1",
    "symbol": "510300.SH",
    "fund_code": "510300",
    "timezone": "Asia/Shanghai",
    "timeout_seconds": 15,
    "observation_interval_seconds": 60,
    "collection_start_time": "09:30:00",
    "collection_end_time": "15:00:00",
    "collection_sessions": [
      [
        "09:30:00",
        "11:30:00"
      ],
      [
        "13:00:00",
        "15:00:00"
      ]
    ],
    "evidence_scope": "仅从实际接入日起的前向数据，不回填历史IOPV"
  },
  "checks": {
    "same_fund_code": true,
    "same_trade_date": true,
    "iopv_publication_enabled": true,
    "positive_iopv": true,
    "positive_last_price": true,
    "positive_creation_unit": true,
    "snapshot_fresh_during_collection_session": true
  },
  "freshness": {
    "during_collection_session": true,
    "clock_delay_seconds": 0.627885,
    "maximum_allowed_seconds_during_session": 180.0
  },
  "latest_pcf": {
    "trading_day": "2026-08-18",
    "previous_trading_day": "2026-08-17",
    "fund_code": "510300",
    "fund_name": "华泰柏瑞沪深300交易型开放式指数证券投资基金",
    "fund_company": "华泰柏瑞基金管理有限公司",
    "file_id": "1465021",
    "etf_type": "8",
    "nav": 4.8038,
    "nav_per_creation_unit": 4323446.47,
    "previous_cash_component": 108343.47,
    "estimated_cash_component": 108377.47,
    "maximum_cash_ratio": 0.5,
    "creation_redemption_unit": 900000,
    "component_count": 300,
    "publish_iopv": true,
    "creation_redemption_status": "申购和赎回皆允许",
    "creation_redemption_mechanism": "1",
    "creation_limit": null,
    "redemption_limit": 3600000000.0,
    "net_creation_limit": null,
    "net_redemption_limit": null,
    "creation_limit_per_account": null,
    "redemption_limit_per_account": null,
    "net_creation_limit_per_account": null,
    "net_redemption_limit_per_account": null,
    "source": "sse.COMMON_SSE_CP_JJLB_ETFJJGK_GGSGSHQD_JBXX_C",
    "retrieved_at": "2026-08-18T09:30:05.929758+08:00"
  },
  "latest_iopv": {
    "exchange_timestamp": "2026-08-18 10:57:27",
    "trade_date": "2026-08-18",
    "fund_code": "510300",
    "name": "300ETF",
    "extended_name": "沪深300ETF华泰柏瑞",
    "last_price": 4.757,
    "iopv": 4.7565,
    "premium_discount_bps": 1.0511931041734535,
    "change_rate_pct": -0.92,
    "change_cny": -0.044,
    "open": 4.794,
    "previous_close": 4.801,
    "high": 4.803,
    "low": 4.757,
    "volume_shares": 431593043.0,
    "amount_cny": 2065368606.0,
    "trade_phase_raw": "T111    ",
    "post_close_volume_shares": 0.0,
    "post_close_amount_cny": 0.0,
    "post_close_phase_raw": "A1      ",
    "product_subtype": "EBS",
    "source": "sse.yunhq.sh1.snap",
    "retrieved_at": "2026-08-18T10:57:27.590571+08:00"
  },
  "account_feasibility": {
    "reference_account_cny": 20000.0,
    "creation_unit_notional_cny": 4281300.0,
    "can_directly_create_or_redeem": false,
    "intended_use": "只用PCF和IOPV观察一级市场吸收状态，在二级市场交易510300"
  },
  "storage": {
    "pcf": {
      "file": "data/raw/primary_market/510300_pcf_daily.parquet",
      "row_count": 4,
      "first_key": "2026-08-13",
      "last_key": "2026-08-18",
      "sha256": "829c810ec802ff72ad6532eb5255f25a98fef36cad8dec5db46c14c5e37dac65"
    },
    "iopv": {
      "file": "data/raw/primary_market/510300_iopv_snapshots.parquet",
      "row_count": 242,
      "first_key": "2026-08-13 16:29:06",
      "last_key": "2026-08-18 10:57:27",
      "sha256": "bd9474cb478fa66c1d1a8a0af3365acc715c3668bbf8240eee8f64581192bbbd"
    }
  },
  "raw_response_files": [
    "data/raw/primary_market/raw/iopv/20260818/20260818T105725_483872+0800.json"
  ],
  "governance": {
    "use_as_trading_signal": false,
    "automatic_ordering_authorized": false,
    "note": "当前只采集和纸面验证；未通过前向门槛前不得映射实盘仓位。"
  }
}
{
  "status": "PASS",
  "checked_at": "2026-08-18T10:58:29.013643+08:00",
  "collector": {
    "collector_id": "510300_PRIMARY_SECONDARY_FORWARD_V1",
    "symbol": "510300.SH",
    "fund_code": "510300",
    "timezone": "Asia/Shanghai",
    "timeout_seconds": 15,
    "observation_interval_seconds": 60,
    "collection_start_time": "09:30:00",
    "collection_end_time": "15:00:00",
    "collection_sessions": [
      [
        "09:30:00",
        "11:30:00"
      ],
      [
        "13:00:00",
        "15:00:00"
      ]
    ],
    "evidence_scope": "仅从实际接入日起的前向数据，不回填历史IOPV"
  },
  "checks": {
    "same_fund_code": true,
    "same_trade_date": true,
    "iopv_publication_enabled": true,
    "positive_iopv": true,
    "positive_last_price": true,
    "positive_creation_unit": true,
    "snapshot_fresh_during_collection_session": true
  },
  "freshness": {
    "during_collection_session": true,
    "clock_delay_seconds": 1.013643,
    "maximum_allowed_seconds_during_session": 180.0
  },
  "latest_pcf": {
    "trading_day": "2026-08-18",
    "previous_trading_day": "2026-08-17",
    "fund_code": "510300",
    "fund_name": "华泰柏瑞沪深300交易型开放式指数证券投资基金",
    "fund_company": "华泰柏瑞基金管理有限公司",
    "file_id": "1465021",
    "etf_type": "8",
    "nav": 4.8038,
    "nav_per_creation_unit": 4323446.47,
    "previous_cash_component": 108343.47,
    "estimated_cash_component": 108377.47,
    "maximum_cash_ratio": 0.5,
    "creation_redemption_unit": 900000,
    "component_count": 300,
    "publish_iopv": true,
    "creation_redemption_status": "申购和赎回皆允许",
    "creation_redemption_mechanism": "1",
    "creation_limit": null,
    "redemption_limit": 3600000000.0,
    "net_creation_limit": null,
    "net_redemption_limit": null,
    "creation_limit_per_account": null,
    "redemption_limit_per_account": null,
    "net_creation_limit_per_account": null,
    "net_redemption_limit_per_account": null,
    "source": "sse.COMMON_SSE_CP_JJLB_ETFJJGK_GGSGSHQD_JBXX_C",
    "retrieved_at": "2026-08-18T09:30:05.929758+08:00"
  },
  "latest_iopv": {
    "exchange_timestamp": "2026-08-18 10:58:28",
    "trade_date": "2026-08-18",
    "fund_code": "510300",
    "name": "300ETF",
    "extended_name": "沪深300ETF华泰柏瑞",
    "last_price": 4.756,
    "iopv": 4.7554,
    "premium_discount_bps": 1.261723514320856,
    "change_rate_pct": -0.94,
    "change_cny": -0.045,
    "open": 4.794,
    "previous_close": 4.801,
    "high": 4.803,
    "low": 4.756,
    "volume_shares": 432620843.0,
    "amount_cny": 2070257438.0,
    "trade_phase_raw": "T111    ",
    "post_close_volume_shares": 0.0,
    "post_close_amount_cny": 0.0,
    "post_close_phase_raw": "A1      ",
    "product_subtype": "EBS",
    "source": "sse.yunhq.sh1.snap",
    "retrieved_at": "2026-08-18T10:58:28.975909+08:00"
  },
  "account_feasibility": {
    "reference_account_cny": 20000.0,
    "creation_unit_notional_cny": 4280400.0,
    "can_directly_create_or_redeem": false,
    "intended_use": "只用PCF和IOPV观察一级市场吸收状态，在二级市场交易510300"
  },
  "storage": {
    "pcf": {
      "file": "data/raw/primary_market/510300_pcf_daily.parquet",
      "row_count": 4,
      "first_key": "2026-08-13",
      "last_key": "2026-08-18",
      "sha256": "829c810ec802ff72ad6532eb5255f25a98fef36cad8dec5db46c14c5e37dac65"
    },
    "iopv": {
      "file": "data/raw/primary_market/510300_iopv_snapshots.parquet",
      "row_count": 243,
      "first_key": "2026-08-13 16:29:06",
      "last_key": "2026-08-18 10:58:28",
      "sha256": "a6286c2cefd344ac7466a830a22c81ab95cf54d7474f2ef01176bf52a90a1301"
    }
  },
  "raw_response_files": [
    "data/raw/primary_market/raw/iopv/20260818/20260818T105827_631991+0800.json"
  ],
  "governance": {
    "use_as_trading_signal": false,
    "automatic_ordering_authorized": false,
    "note": "当前只采集和纸面验证；未通过前向门槛前不得映射实盘仓位。"
  }
}
{
  "status": "PASS",
  "checked_at": "2026-08-18T10:59:30.262053+08:00",
  "collector": {
    "collector_id": "510300_PRIMARY_SECONDARY_FORWARD_V1",
    "symbol": "510300.SH",
    "fund_code": "510300",
    "timezone": "Asia/Shanghai",
    "timeout_seconds": 15,
    "observation_interval_seconds": 60,
    "collection_start_time": "09:30:00",
    "collection_end_time": "15:00:00",
    "collection_sessions": [
      [
        "09:30:00",
        "11:30:00"
      ],
      [
        "13:00:00",
        "15:00:00"
      ]
    ],
    "evidence_scope": "仅从实际接入日起的前向数据，不回填历史IOPV"
  },
  "checks": {
    "same_fund_code": true,
    "same_trade_date": true,
    "iopv_publication_enabled": true,
    "positive_iopv": true,
    "positive_last_price": true,
    "positive_creation_unit": true,
    "snapshot_fresh_during_collection_session": true
  },
  "freshness": {
    "during_collection_session": true,
    "clock_delay_seconds": 0.262053,
    "maximum_allowed_seconds_during_session": 180.0
  },
  "latest_pcf": {
    "trading_day": "2026-08-18",
    "previous_trading_day": "2026-08-17",
    "fund_code": "510300",
    "fund_name": "华泰柏瑞沪深300交易型开放式指数证券投资基金",
    "fund_company": "华泰柏瑞基金管理有限公司",
    "file_id": "1465021",
    "etf_type": "8",
    "nav": 4.8038,
    "nav_per_creation_unit": 4323446.47,
    "previous_cash_component": 108343.47,
    "estimated_cash_component": 108377.47,
    "maximum_cash_ratio": 0.5,
    "creation_redemption_unit": 900000,
    "component_count": 300,
    "publish_iopv": true,
    "creation_redemption_status": "申购和赎回皆允许",
    "creation_redemption_mechanism": "1",
    "creation_limit": null,
    "redemption_limit": 3600000000.0,
    "net_creation_limit": null,
    "net_redemption_limit": null,
    "creation_limit_per_account": null,
    "redemption_limit_per_account": null,
    "net_creation_limit_per_account": null,
    "net_redemption_limit_per_account": null,
    "source": "sse.COMMON_SSE_CP_JJLB_ETFJJGK_GGSGSHQD_JBXX_C",
    "retrieved_at": "2026-08-18T09:30:05.929758+08:00"
  },
  "latest_iopv": {
    "exchange_timestamp": "2026-08-18 10:59:30",
    "trade_date": "2026-08-18",
    "fund_code": "510300",
    "name": "300ETF",
    "extended_name": "沪深300ETF华泰柏瑞",
    "last_price": 4.758,
    "iopv": 4.7582,
    "premium_discount_bps": -0.4203270144176319,
    "change_rate_pct": -0.9,
    "change_cny": -0.043,
    "open": 4.794,
    "previous_close": 4.801,
    "high": 4.803,
    "low": 4.756,
    "volume_shares": 435151243.0,
    "amount_cny": 2082296090.0,
    "trade_phase_raw": "T111    ",
    "post_close_volume_shares": 0.0,
    "post_close_amount_cny": 0.0,
    "post_close_phase_raw": "A1      ",
    "product_subtype": "EBS",
    "source": "sse.yunhq.sh1.snap",
    "retrieved_at": "2026-08-18T10:59:30.225570+08:00"
  },
  "account_feasibility": {
    "reference_account_cny": 20000.0,
    "creation_unit_notional_cny": 4282200.0,
    "can_directly_create_or_redeem": false,
    "intended_use": "只用PCF和IOPV观察一级市场吸收状态，在二级市场交易510300"
  },
  "storage": {
    "pcf": {
      "file": "data/raw/primary_market/510300_pcf_daily.parquet",
      "row_count": 4,
      "first_key": "2026-08-13",
      "last_key": "2026-08-18",
      "sha256": "829c810ec802ff72ad6532eb5255f25a98fef36cad8dec5db46c14c5e37dac65"
    },
    "iopv": {
      "file": "data/raw/primary_market/510300_iopv_snapshots.parquet",
      "row_count": 244,
      "first_key": "2026-08-13 16:29:06",
      "last_key": "2026-08-18 10:59:30",
      "sha256": "c0bb65887a42edc3c4250b2498639fa2064644ac1adc14cf77386dcf95101243"
    }
  },
  "raw_response_files": [
    "data/raw/primary_market/raw/iopv/20260818/20260818T105929_017517+0800.json"
  ],
  "governance": {
    "use_as_trading_signal": false,
    "automatic_ordering_authorized": false,
    "note": "当前只采集和纸面验证；未通过前向门槛前不得映射实盘仓位。"
  }
}
{
  "status": "PASS",
  "checked_at": "2026-08-18T11:00:31.710788+08:00",
  "collector": {
    "collector_id": "510300_PRIMARY_SECONDARY_FORWARD_V1",
    "symbol": "510300.SH",
    "fund_code": "510300",
    "timezone": "Asia/Shanghai",
    "timeout_seconds": 15,
    "observation_interval_seconds": 60,
    "collection_start_time": "09:30:00",
    "collection_end_time": "15:00:00",
    "collection_sessions": [
      [
        "09:30:00",
        "11:30:00"
      ],
      [
        "13:00:00",
        "15:00:00"
      ]
    ],
    "evidence_scope": "仅从实际接入日起的前向数据，不回填历史IOPV"
  },
  "checks": {
    "same_fund_code": true,
    "same_trade_date": true,
    "iopv_publication_enabled": true,
    "positive_iopv": true,
    "positive_last_price": true,
    "positive_creation_unit": true,
    "snapshot_fresh_during_collection_session": true
  },
  "freshness": {
    "during_collection_session": true,
    "clock_delay_seconds": 0.710788,
    "maximum_allowed_seconds_during_session": 180.0
  },
  "latest_pcf": {
    "trading_day": "2026-08-18",
    "previous_trading_day": "2026-08-17",
    "fund_code": "510300",
    "fund_name": "华泰柏瑞沪深300交易型开放式指数证券投资基金",
    "fund_company": "华泰柏瑞基金管理有限公司",
    "file_id": "1465021",
    "etf_type": "8",
    "nav": 4.8038,
    "nav_per_creation_unit": 4323446.47,
    "previous_cash_component": 108343.47,
    "estimated_cash_component": 108377.47,
    "maximum_cash_ratio": 0.5,
    "creation_redemption_unit": 900000,
    "component_count": 300,
    "publish_iopv": true,
    "creation_redemption_status": "申购和赎回皆允许",
    "creation_redemption_mechanism": "1",
    "creation_limit": null,
    "redemption_limit": 3600000000.0,
    "net_creation_limit": null,
    "net_redemption_limit": null,
    "creation_limit_per_account": null,
    "redemption_limit_per_account": null,
    "net_creation_limit_per_account": null,
    "net_redemption_limit_per_account": null,
    "source": "sse.COMMON_SSE_CP_JJLB_ETFJJGK_GGSGSHQD_JBXX_C",
    "retrieved_at": "2026-08-18T09:30:05.929758+08:00"
  },
  "latest_iopv": {
    "exchange_timestamp": "2026-08-18 11:00:31",
    "trade_date": "2026-08-18",
    "fund_code": "510300",
    "name": "300ETF",
    "extended_name": "沪深300ETF华泰柏瑞",
    "last_price": 4.759,
    "iopv": 4.7617,
    "premium_discount_bps": -5.670243820483645,
    "change_rate_pct": -0.87,
    "change_cny": -0.042,
    "open": 4.794,
    "previous_close": 4.801,
    "high": 4.803,
    "low": 4.756,
    "volume_shares": 437197443.0,
    "amount_cny": 2092032218.0,
    "trade_phase_raw": "T111    ",
    "post_close_volume_shares": 0.0,
    "post_close_amount_cny": 0.0,
    "post_close_phase_raw": "A1      ",
    "product_subtype": "EBS",
    "source": "sse.yunhq.sh1.snap",
    "retrieved_at": "2026-08-18T11:00:31.686440+08:00"
  },
  "account_feasibility": {
    "reference_account_cny": 20000.0,
    "creation_unit_notional_cny": 4283100.0,
    "can_directly_create_or_redeem": false,
    "intended_use": "只用PCF和IOPV观察一级市场吸收状态，在二级市场交易510300"
  },
  "storage": {
    "pcf": {
      "file": "data/raw/primary_market/510300_pcf_daily.parquet",
      "row_count": 4,
      "first_key": "2026-08-13",
      "last_key": "2026-08-18",
      "sha256": "829c810ec802ff72ad6532eb5255f25a98fef36cad8dec5db46c14c5e37dac65"
    },
    "iopv": {
      "file": "data/raw/primary_market/510300_iopv_snapshots.parquet",
      "row_count": 245,
      "first_key": "2026-08-13 16:29:06",
      "last_key": "2026-08-18 11:00:31",
      "sha256": "5fc03b7b39c6f731b0fa00ad5bc7fc56e4b191b4db134586196d9bed44ad5509"
    }
  },
  "raw_response_files": [
    "data/raw/primary_market/raw/iopv/20260818/20260818T110030_266095+0800.json"
  ],
  "governance": {
    "use_as_trading_signal": false,
    "automatic_ordering_authorized": false,
    "note": "当前只采集和纸面验证；未通过前向门槛前不得映射实盘仓位。"
  }
}
{
  "status": "PASS",
  "checked_at": "2026-08-18T11:01:32.954281+08:00",
  "collector": {
    "collector_id": "510300_PRIMARY_SECONDARY_FORWARD_V1",
    "symbol": "510300.SH",
    "fund_code": "510300",
    "timezone": "Asia/Shanghai",
    "timeout_seconds": 15,
    "observation_interval_seconds": 60,
    "collection_start_time": "09:30:00",
    "collection_end_time": "15:00:00",
    "collection_sessions": [
      [
        "09:30:00",
        "11:30:00"
      ],
      [
        "13:00:00",
        "15:00:00"
      ]
    ],
    "evidence_scope": "仅从实际接入日起的前向数据，不回填历史IOPV"
  },
  "checks": {
    "same_fund_code": true,
    "same_trade_date": true,
    "iopv_publication_enabled": true,
    "positive_iopv": true,
    "positive_last_price": true,
    "positive_creation_unit": true,
    "snapshot_fresh_during_collection_session": true
  },
  "freshness": {
    "during_collection_session": true,
    "clock_delay_seconds": 0.954281,
    "maximum_allowed_seconds_during_session": 180.0
  },
  "latest_pcf": {
    "trading_day": "2026-08-18",
    "previous_trading_day": "2026-08-17",
    "fund_code": "510300",
    "fund_name": "华泰柏瑞沪深300交易型开放式指数证券投资基金",
    "fund_company": "华泰柏瑞基金管理有限公司",
    "file_id": "1465021",
    "etf_type": "8",
    "nav": 4.8038,
    "nav_per_creation_unit": 4323446.47,
    "previous_cash_component": 108343.47,
    "estimated_cash_component": 108377.47,
    "maximum_cash_ratio": 0.5,
    "creation_redemption_unit": 900000,
    "component_count": 300,
    "publish_iopv": true,
    "creation_redemption_status": "申购和赎回皆允许",
    "creation_redemption_mechanism": "1",
    "creation_limit": null,
    "redemption_limit": 3600000000.0,
    "net_creation_limit": null,
    "net_redemption_limit": null,
    "creation_limit_per_account": null,
    "redemption_limit_per_account": null,
    "net_creation_limit_per_account": null,
    "net_redemption_limit_per_account": null,
    "source": "sse.COMMON_SSE_CP_JJLB_ETFJJGK_GGSGSHQD_JBXX_C",
    "retrieved_at": "2026-08-18T09:30:05.929758+08:00"
  },
  "latest_iopv": {
    "exchange_timestamp": "2026-08-18 11:01:32",
    "trade_date": "2026-08-18",
    "fund_code": "510300",
    "name": "300ETF",
    "extended_name": "沪深300ETF华泰柏瑞",
    "last_price": 4.763,
    "iopv": 4.7657,
    "premium_discount_bps": -5.665484608766702,
    "change_rate_pct": -0.79,
    "change_cny": -0.038,
    "open": 4.794,
    "previous_close": 4.801,
    "high": 4.803,
    "low": 4.756,
    "volume_shares": 439442243.0,
    "amount_cny": 2102719647.0,
    "trade_phase_raw": "T111    ",
    "post_close_volume_shares": 0.0,
    "post_close_amount_cny": 0.0,
    "post_close_phase_raw": "A1      ",
    "product_subtype": "EBS",
    "source": "sse.yunhq.sh1.snap",
    "retrieved_at": "2026-08-18T11:01:32.923768+08:00"
  },
  "account_feasibility": {
    "reference_account_cny": 20000.0,
    "creation_unit_notional_cny": 4286700.0,
    "can_directly_create_or_redeem": false,
    "intended_use": "只用PCF和IOPV观察一级市场吸收状态，在二级市场交易510300"
  },
  "storage": {
    "pcf": {
      "file": "data/raw/primary_market/510300_pcf_daily.parquet",
      "row_count": 4,
      "first_key": "2026-08-13",
      "last_key": "2026-08-18",
      "sha256": "829c810ec802ff72ad6532eb5255f25a98fef36cad8dec5db46c14c5e37dac65"
    },
    "iopv": {
      "file": "data/raw/primary_market/510300_iopv_snapshots.parquet",
      "row_count": 246,
      "first_key": "2026-08-13 16:29:06",
      "last_key": "2026-08-18 11:01:32",
      "sha256": "28298e268047208bb6627f152e1f633ceb57e59f54612337cd2d9798f117c3c4"
    }
  },
  "raw_response_files": [
    "data/raw/primary_market/raw/iopv/20260818/20260818T110131_714619+0800.json"
  ],
  "governance": {
    "use_as_trading_signal": false,
    "automatic_ordering_authorized": false,
    "note": "当前只采集和纸面验证；未通过前向门槛前不得映射实盘仓位。"
  }
}
{
  "status": "PASS",
  "checked_at": "2026-08-18T11:02:34.196552+08:00",
  "collector": {
    "collector_id": "510300_PRIMARY_SECONDARY_FORWARD_V1",
    "symbol": "510300.SH",
    "fund_code": "510300",
    "timezone": "Asia/Shanghai",
    "timeout_seconds": 15,
    "observation_interval_seconds": 60,
    "collection_start_time": "09:30:00",
    "collection_end_time": "15:00:00",
    "collection_sessions": [
      [
        "09:30:00",
        "11:30:00"
      ],
      [
        "13:00:00",
        "15:00:00"
      ]
    ],
    "evidence_scope": "仅从实际接入日起的前向数据，不回填历史IOPV"
  },
  "checks": {
    "same_fund_code": true,
    "same_trade_date": true,
    "iopv_publication_enabled": true,
    "positive_iopv": true,
    "positive_last_price": true,
    "positive_creation_unit": true,
    "snapshot_fresh_during_collection_session": true
  },
  "freshness": {
    "during_collection_session": true,
    "clock_delay_seconds": 1.196552,
    "maximum_allowed_seconds_during_session": 180.0
  },
  "latest_pcf": {
    "trading_day": "2026-08-18",
    "previous_trading_day": "2026-08-17",
    "fund_code": "510300",
    "fund_name": "华泰柏瑞沪深300交易型开放式指数证券投资基金",
    "fund_company": "华泰柏瑞基金管理有限公司",
    "file_id": "1465021",
    "etf_type": "8",
    "nav": 4.8038,
    "nav_per_creation_unit": 4323446.47,
    "previous_cash_component": 108343.47,
    "estimated_cash_component": 108377.47,
    "maximum_cash_ratio": 0.5,
    "creation_redemption_unit": 900000,
    "component_count": 300,
    "publish_iopv": true,
    "creation_redemption_status": "申购和赎回皆允许",
    "creation_redemption_mechanism": "1",
    "creation_limit": null,
    "redemption_limit": 3600000000.0,
    "net_creation_limit": null,
    "net_redemption_limit": null,
    "creation_limit_per_account": null,
    "redemption_limit_per_account": null,
    "net_creation_limit_per_account": null,
    "net_redemption_limit_per_account": null,
    "source": "sse.COMMON_SSE_CP_JJLB_ETFJJGK_GGSGSHQD_JBXX_C",
    "retrieved_at": "2026-08-18T09:30:05.929758+08:00"
  },
  "latest_iopv": {
    "exchange_timestamp": "2026-08-18 11:02:33",
    "trade_date": "2026-08-18",
    "fund_code": "510300",
    "name": "300ETF",
    "extended_name": "沪深300ETF华泰柏瑞",
    "last_price": 4.763,
    "iopv": 4.7632,
    "premium_discount_bps": -0.4198857910653331,
    "change_rate_pct": -0.79,
    "change_cny": -0.038,
    "open": 4.794,
    "previous_close": 4.801,
    "high": 4.803,
    "low": 4.756,
    "volume_shares": 441355843.0,
    "amount_cny": 2111833015.0,
    "trade_phase_raw": "T111    ",
    "post_close_volume_shares": 0.0,
    "post_close_amount_cny": 0.0,
    "post_close_phase_raw": "A1      ",
    "product_subtype": "EBS",
    "source": "sse.yunhq.sh1.snap",
    "retrieved_at": "2026-08-18T11:02:34.159565+08:00"
  },
  "account_feasibility": {
    "reference_account_cny": 20000.0,
    "creation_unit_notional_cny": 4286700.0,
    "can_directly_create_or_redeem": false,
    "intended_use": "只用PCF和IOPV观察一级市场吸收状态，在二级市场交易510300"
  },
  "storage": {
    "pcf": {
      "file": "data/raw/primary_market/510300_pcf_daily.parquet",
      "row_count": 4,
      "first_key": "2026-08-13",
      "last_key": "2026-08-18",
      "sha256": "829c810ec802ff72ad6532eb5255f25a98fef36cad8dec5db46c14c5e37dac65"
    },
    "iopv": {
      "file": "data/raw/primary_market/510300_iopv_snapshots.parquet",
      "row_count": 247,
      "first_key": "2026-08-13 16:29:06",
      "last_key": "2026-08-18 11:02:33",
      "sha256": "b0c223898e0594615885bc55285a801e173f83e3e18a2c23fecad9ac262cb930"
    }
  },
  "raw_response_files": [
    "data/raw/primary_market/raw/iopv/20260818/20260818T110232_958889+0800.json"
  ],
  "governance": {
    "use_as_trading_signal": false,
    "automatic_ordering_authorized": false,
    "note": "当前只采集和纸面验证；未通过前向门槛前不得映射实盘仓位。"
  }
}
{
  "status": "PASS",
  "checked_at": "2026-08-18T11:03:35.896597+08:00",
  "collector": {
    "collector_id": "510300_PRIMARY_SECONDARY_FORWARD_V1",
    "symbol": "510300.SH",
    "fund_code": "510300",
    "timezone": "Asia/Shanghai",
    "timeout_seconds": 15,
    "observation_interval_seconds": 60,
    "collection_start_time": "09:30:00",
    "collection_end_time": "15:00:00",
    "collection_sessions": [
      [
        "09:30:00",
        "11:30:00"
      ],
      [
        "13:00:00",
        "15:00:00"
      ]
    ],
    "evidence_scope": "仅从实际接入日起的前向数据，不回填历史IOPV"
  },
  "checks": {
    "same_fund_code": true,
    "same_trade_date": true,
    "iopv_publication_enabled": true,
    "positive_iopv": true,
    "positive_last_price": true,
    "positive_creation_unit": true,
    "snapshot_fresh_during_collection_session": true
  },
  "freshness": {
    "during_collection_session": true,
    "clock_delay_seconds": 0.896597,
    "maximum_allowed_seconds_during_session": 180.0
  },
  "latest_pcf": {
    "trading_day": "2026-08-18",
    "previous_trading_day": "2026-08-17",
    "fund_code": "510300",
    "fund_name": "华泰柏瑞沪深300交易型开放式指数证券投资基金",
    "fund_company": "华泰柏瑞基金管理有限公司",
    "file_id": "1465021",
    "etf_type": "8",
    "nav": 4.8038,
    "nav_per_creation_unit": 4323446.47,
    "previous_cash_component": 108343.47,
    "estimated_cash_component": 108377.47,
    "maximum_cash_ratio": 0.5,
    "creation_redemption_unit": 900000,
    "component_count": 300,
    "publish_iopv": true,
    "creation_redemption_status": "申购和赎回皆允许",
    "creation_redemption_mechanism": "1",
    "creation_limit": null,
    "redemption_limit": 3600000000.0,
    "net_creation_limit": null,
    "net_redemption_limit": null,
    "creation_limit_per_account": null,
    "redemption_limit_per_account": null,
    "net_creation_limit_per_account": null,
    "net_redemption_limit_per_account": null,
    "source": "sse.COMMON_SSE_CP_JJLB_ETFJJGK_GGSGSHQD_JBXX_C",
    "retrieved_at": "2026-08-18T09:30:05.929758+08:00"
  },
  "latest_iopv": {
    "exchange_timestamp": "2026-08-18 11:03:35",
    "trade_date": "2026-08-18",
    "fund_code": "510300",
    "name": "300ETF",
    "extended_name": "沪深300ETF华泰柏瑞",
    "last_price": 4.76,
    "iopv": 4.7623,
    "premium_discount_bps": -4.82959914327119,
    "change_rate_pct": -0.85,
    "change_cny": -0.041,
    "open": 4.794,
    "previous_close": 4.801,
    "high": 4.803,
    "low": 4.756,
    "volume_shares": 443393143.0,
    "amount_cny": 2121531533.0,
    "trade_phase_raw": "T111    ",
    "post_close_volume_shares": 0.0,
    "post_close_amount_cny": 0.0,
    "post_close_phase_raw": "A1      ",
    "product_subtype": "EBS",
    "source": "sse.yunhq.sh1.snap",
    "retrieved_at": "2026-08-18T11:03:35.859138+08:00"
  },
  "account_feasibility": {
    "reference_account_cny": 20000.0,
    "creation_unit_notional_cny": 4284000.0,
    "can_directly_create_or_redeem": false,
    "intended_use": "只用PCF和IOPV观察一级市场吸收状态，在二级市场交易510300"
  },
  "storage": {
    "pcf": {
      "file": "data/raw/primary_market/510300_pcf_daily.parquet",
      "row_count": 4,
      "first_key": "2026-08-13",
      "last_key": "2026-08-18",
      "sha256": "829c810ec802ff72ad6532eb5255f25a98fef36cad8dec5db46c14c5e37dac65"
    },
    "iopv": {
      "file": "data/raw/primary_market/510300_iopv_snapshots.parquet",
      "row_count": 248,
      "first_key": "2026-08-13 16:29:06",
      "last_key": "2026-08-18 11:03:35",
      "sha256": "ca6add84186c07bb931628471923b8db8751b760d75f0f2e8a7001938b5ee859"
    }
  },
  "raw_response_files": [
    "data/raw/primary_market/raw/iopv/20260818/20260818T110334_200202+0800.json"
  ],
  "governance": {
    "use_as_trading_signal": false,
    "automatic_ordering_authorized": false,
    "note": "当前只采集和纸面验证；未通过前向门槛前不得映射实盘仓位。"
  }
}
{
  "status": "PASS",
  "checked_at": "2026-08-18T11:04:37.158202+08:00",
  "collector": {
    "collector_id": "510300_PRIMARY_SECONDARY_FORWARD_V1",
    "symbol": "510300.SH",
    "fund_code": "510300",
    "timezone": "Asia/Shanghai",
    "timeout_seconds": 15,
    "observation_interval_seconds": 60,
    "collection_start_time": "09:30:00",
    "collection_end_time": "15:00:00",
    "collection_sessions": [
      [
        "09:30:00",
        "11:30:00"
      ],
      [
        "13:00:00",
        "15:00:00"
      ]
    ],
    "evidence_scope": "仅从实际接入日起的前向数据，不回填历史IOPV"
  },
  "checks": {
    "same_fund_code": true,
    "same_trade_date": true,
    "iopv_publication_enabled": true,
    "positive_iopv": true,
    "positive_last_price": true,
    "positive_creation_unit": true,
    "snapshot_fresh_during_collection_session": true
  },
  "freshness": {
    "during_collection_session": true,
    "clock_delay_seconds": 1.158202,
    "maximum_allowed_seconds_during_session": 180.0
  },
  "latest_pcf": {
    "trading_day": "2026-08-18",
    "previous_trading_day": "2026-08-17",
    "fund_code": "510300",
    "fund_name": "华泰柏瑞沪深300交易型开放式指数证券投资基金",
    "fund_company": "华泰柏瑞基金管理有限公司",
    "file_id": "1465021",
    "etf_type": "8",
    "nav": 4.8038,
    "nav_per_creation_unit": 4323446.47,
    "previous_cash_component": 108343.47,
    "estimated_cash_component": 108377.47,
    "maximum_cash_ratio": 0.5,
    "creation_redemption_unit": 900000,
    "component_count": 300,
    "publish_iopv": true,
    "creation_redemption_status": "申购和赎回皆允许",
    "creation_redemption_mechanism": "1",
    "creation_limit": null,
    "redemption_limit": 3600000000.0,
    "net_creation_limit": null,
    "net_redemption_limit": null,
    "creation_limit_per_account": null,
    "redemption_limit_per_account": null,
    "net_creation_limit_per_account": null,
    "net_redemption_limit_per_account": null,
    "source": "sse.COMMON_SSE_CP_JJLB_ETFJJGK_GGSGSHQD_JBXX_C",
    "retrieved_at": "2026-08-18T09:30:05.929758+08:00"
  },
  "latest_iopv": {
    "exchange_timestamp": "2026-08-18 11:04:36",
    "trade_date": "2026-08-18",
    "fund_code": "510300",
    "name": "300ETF",
    "extended_name": "沪深300ETF华泰柏瑞",
    "last_price": 4.761,
    "iopv": 4.761,
    "premium_discount_bps": 0.0,
    "change_rate_pct": -0.83,
    "change_cny": -0.04,
    "open": 4.794,
    "previous_close": 4.801,
    "high": 4.803,
    "low": 4.756,
    "volume_shares": 444301543.0,
    "amount_cny": 2125855522.0,
    "trade_phase_raw": "T111    ",
    "post_close_volume_shares": 0.0,
    "post_close_amount_cny": 0.0,
    "post_close_phase_raw": "A1      ",
    "product_subtype": "EBS",
    "source": "sse.yunhq.sh1.snap",
    "retrieved_at": "2026-08-18T11:04:37.119892+08:00"
  },
  "account_feasibility": {
    "reference_account_cny": 20000.0,
    "creation_unit_notional_cny": 4284900.0,
    "can_directly_create_or_redeem": false,
    "intended_use": "只用PCF和IOPV观察一级市场吸收状态，在二级市场交易510300"
  },
  "storage": {
    "pcf": {
      "file": "data/raw/primary_market/510300_pcf_daily.parquet",
      "row_count": 4,
      "first_key": "2026-08-13",
      "last_key": "2026-08-18",
      "sha256": "829c810ec802ff72ad6532eb5255f25a98fef36cad8dec5db46c14c5e37dac65"
    },
    "iopv": {
      "file": "data/raw/primary_market/510300_iopv_snapshots.parquet",
      "row_count": 249,
      "first_key": "2026-08-13 16:29:06",
      "last_key": "2026-08-18 11:04:36",
      "sha256": "366d7f3747bc56a358fbb53ce323857fa69ffbbbd8be536466c56a8c443b844c"
    }
  },
  "raw_response_files": [
    "data/raw/primary_market/raw/iopv/20260818/20260818T110435_901576+0800.json"
  ],
  "governance": {
    "use_as_trading_signal": false,
    "automatic_ordering_authorized": false,
    "note": "当前只采集和纸面验证；未通过前向门槛前不得映射实盘仓位。"
  }
}
{
  "status": "PASS",
  "checked_at": "2026-08-18T11:05:38.963612+08:00",
  "collector": {
    "collector_id": "510300_PRIMARY_SECONDARY_FORWARD_V1",
    "symbol": "510300.SH",
    "fund_code": "510300",
    "timezone": "Asia/Shanghai",
    "timeout_seconds": 15,
    "observation_interval_seconds": 60,
    "collection_start_time": "09:30:00",
    "collection_end_time": "15:00:00",
    "collection_sessions": [
      [
        "09:30:00",
        "11:30:00"
      ],
      [
        "13:00:00",
        "15:00:00"
      ]
    ],
    "evidence_scope": "仅从实际接入日起的前向数据，不回填历史IOPV"
  },
  "checks": {
    "same_fund_code": true,
    "same_trade_date": true,
    "iopv_publication_enabled": true,
    "positive_iopv": true,
    "positive_last_price": true,
    "positive_creation_unit": true,
    "snapshot_fresh_during_collection_session": true
  },
  "freshness": {
    "during_collection_session": true,
    "clock_delay_seconds": 0.963612,
    "maximum_allowed_seconds_during_session": 180.0
  },
  "latest_pcf": {
    "trading_day": "2026-08-18",
    "previous_trading_day": "2026-08-17",
    "fund_code": "510300",
    "fund_name": "华泰柏瑞沪深300交易型开放式指数证券投资基金",
    "fund_company": "华泰柏瑞基金管理有限公司",
    "file_id": "1465021",
    "etf_type": "8",
    "nav": 4.8038,
    "nav_per_creation_unit": 4323446.47,
    "previous_cash_component": 108343.47,
    "estimated_cash_component": 108377.47,
    "maximum_cash_ratio": 0.5,
    "creation_redemption_unit": 900000,
    "component_count": 300,
    "publish_iopv": true,
    "creation_redemption_status": "申购和赎回皆允许",
    "creation_redemption_mechanism": "1",
    "creation_limit": null,
    "redemption_limit": 3600000000.0,
    "net_creation_limit": null,
    "net_redemption_limit": null,
    "creation_limit_per_account": null,
    "redemption_limit_per_account": null,
    "net_creation_limit_per_account": null,
    "net_redemption_limit_per_account": null,
    "source": "sse.COMMON_SSE_CP_JJLB_ETFJJGK_GGSGSHQD_JBXX_C",
    "retrieved_at": "2026-08-18T09:30:05.929758+08:00"
  },
  "latest_iopv": {
    "exchange_timestamp": "2026-08-18 11:05:38",
    "trade_date": "2026-08-18",
    "fund_code": "510300",
    "name": "300ETF",
    "extended_name": "沪深300ETF华泰柏瑞",
    "last_price": 4.756,
    "iopv": 4.7578,
    "premium_discount_bps": -3.7832611711285935,
    "change_rate_pct": -0.94,
    "change_cny": -0.045,
    "open": 4.794,
    "previous_close": 4.801,
    "high": 4.803,
    "low": 4.756,
    "volume_shares": 445976443.0,
    "amount_cny": 2133825272.0,
    "trade_phase_raw": "T111    ",
    "post_close_volume_shares": 0.0,
    "post_close_amount_cny": 0.0,
    "post_close_phase_raw": "A1      ",
    "product_subtype": "EBS",
    "source": "sse.yunhq.sh1.snap",
    "retrieved_at": "2026-08-18T11:05:38.924552+08:00"
  },
  "account_feasibility": {
    "reference_account_cny": 20000.0,
    "creation_unit_notional_cny": 4280400.0,
    "can_directly_create_or_redeem": false,
    "intended_use": "只用PCF和IOPV观察一级市场吸收状态，在二级市场交易510300"
  },
  "storage": {
    "pcf": {
      "file": "data/raw/primary_market/510300_pcf_daily.parquet",
      "row_count": 4,
      "first_key": "2026-08-13",
      "last_key": "2026-08-18",
      "sha256": "829c810ec802ff72ad6532eb5255f25a98fef36cad8dec5db46c14c5e37dac65"
    },
    "iopv": {
      "file": "data/raw/primary_market/510300_iopv_snapshots.parquet",
      "row_count": 250,
      "first_key": "2026-08-13 16:29:06",
      "last_key": "2026-08-18 11:05:38",
      "sha256": "63c3211ac57cbe7d47812eab41fa030f40172672c60a0e377017201accc649f9"
    }
  },
  "raw_response_files": [
    "data/raw/primary_market/raw/iopv/20260818/20260818T110537_161323+0800.json"
  ],
  "governance": {
    "use_as_trading_signal": false,
    "automatic_ordering_authorized": false,
    "note": "当前只采集和纸面验证；未通过前向门槛前不得映射实盘仓位。"
  }
}
{
  "status": "PASS",
  "checked_at": "2026-08-18T11:06:40.352193+08:00",
  "collector": {
    "collector_id": "510300_PRIMARY_SECONDARY_FORWARD_V1",
    "symbol": "510300.SH",
    "fund_code": "510300",
    "timezone": "Asia/Shanghai",
    "timeout_seconds": 15,
    "observation_interval_seconds": 60,
    "collection_start_time": "09:30:00",
    "collection_end_time": "15:00:00",
    "collection_sessions": [
      [
        "09:30:00",
        "11:30:00"
      ],
      [
        "13:00:00",
        "15:00:00"
      ]
    ],
    "evidence_scope": "仅从实际接入日起的前向数据，不回填历史IOPV"
  },
  "checks": {
    "same_fund_code": true,
    "same_trade_date": true,
    "iopv_publication_enabled": true,
    "positive_iopv": true,
    "positive_last_price": true,
    "positive_creation_unit": true,
    "snapshot_fresh_during_collection_session": true
  },
  "freshness": {
    "during_collection_session": true,
    "clock_delay_seconds": 0.352193,
    "maximum_allowed_seconds_during_session": 180.0
  },
  "latest_pcf": {
    "trading_day": "2026-08-18",
    "previous_trading_day": "2026-08-17",
    "fund_code": "510300",
    "fund_name": "华泰柏瑞沪深300交易型开放式指数证券投资基金",
    "fund_company": "华泰柏瑞基金管理有限公司",
    "file_id": "1465021",
    "etf_type": "8",
    "nav": 4.8038,
    "nav_per_creation_unit": 4323446.47,
    "previous_cash_component": 108343.47,
    "estimated_cash_component": 108377.47,
    "maximum_cash_ratio": 0.5,
    "creation_redemption_unit": 900000,
    "component_count": 300,
    "publish_iopv": true,
    "creation_redemption_status": "申购和赎回皆允许",
    "creation_redemption_mechanism": "1",
    "creation_limit": null,
    "redemption_limit": 3600000000.0,
    "net_creation_limit": null,
    "net_redemption_limit": null,
    "creation_limit_per_account": null,
    "redemption_limit_per_account": null,
    "net_creation_limit_per_account": null,
    "net_redemption_limit_per_account": null,
    "source": "sse.COMMON_SSE_CP_JJLB_ETFJJGK_GGSGSHQD_JBXX_C",
    "retrieved_at": "2026-08-18T09:30:05.929758+08:00"
  },
  "latest_iopv": {
    "exchange_timestamp": "2026-08-18 11:06:40",
    "trade_date": "2026-08-18",
    "fund_code": "510300",
    "name": "300ETF",
    "extended_name": "沪深300ETF华泰柏瑞",
    "last_price": 4.757,
    "iopv": 4.7558,
    "premium_discount_bps": 2.5232347869974525,
    "change_rate_pct": -0.92,
    "change_cny": -0.044,
    "open": 4.794,
    "previous_close": 4.801,
    "high": 4.803,
    "low": 4.756,
    "volume_shares": 448221143.0,
    "amount_cny": 2144502520.0,
    "trade_phase_raw": "T111    ",
    "post_close_volume_shares": 0.0,
    "post_close_amount_cny": 0.0,
    "post_close_phase_raw": "A1      ",
    "product_subtype": "EBS",
    "source": "sse.yunhq.sh1.snap",
    "retrieved_at": "2026-08-18T11:06:40.323343+08:00"
  },
  "account_feasibility": {
    "reference_account_cny": 20000.0,
    "creation_unit_notional_cny": 4281300.0,
    "can_directly_create_or_redeem": false,
    "intended_use": "只用PCF和IOPV观察一级市场吸收状态，在二级市场交易510300"
  },
  "storage": {
    "pcf": {
      "file": "data/raw/primary_market/510300_pcf_daily.parquet",
      "row_count": 4,
      "first_key": "2026-08-13",
      "last_key": "2026-08-18",
      "sha256": "829c810ec802ff72ad6532eb5255f25a98fef36cad8dec5db46c14c5e37dac65"
    },
    "iopv": {
      "file": "data/raw/primary_market/510300_iopv_snapshots.parquet",
      "row_count": 251,
      "first_key": "2026-08-13 16:29:06",
      "last_key": "2026-08-18 11:06:40",
      "sha256": "2c5b4688962d722fecf80cfc72a2825b520eb2cfd4b82edcf020093ccbcd48a9"
    }
  },
  "raw_response_files": [
    "data/raw/primary_market/raw/iopv/20260818/20260818T110638_967848+0800.json"
  ],
  "governance": {
    "use_as_trading_signal": false,
    "automatic_ordering_authorized": false,
    "note": "当前只采集和纸面验证；未通过前向门槛前不得映射实盘仓位。"
  }
}
{
  "status": "PASS",
  "checked_at": "2026-08-18T11:07:43.503888+08:00",
  "collector": {
    "collector_id": "510300_PRIMARY_SECONDARY_FORWARD_V1",
    "symbol": "510300.SH",
    "fund_code": "510300",
    "timezone": "Asia/Shanghai",
    "timeout_seconds": 15,
    "observation_interval_seconds": 60,
    "collection_start_time": "09:30:00",
    "collection_end_time": "15:00:00",
    "collection_sessions": [
      [
        "09:30:00",
        "11:30:00"
      ],
      [
        "13:00:00",
        "15:00:00"
      ]
    ],
    "evidence_scope": "仅从实际接入日起的前向数据，不回填历史IOPV"
  },
  "checks": {
    "same_fund_code": true,
    "same_trade_date": true,
    "iopv_publication_enabled": true,
    "positive_iopv": true,
    "positive_last_price": true,
    "positive_creation_unit": true,
    "snapshot_fresh_during_collection_session": true
  },
  "freshness": {
    "during_collection_session": true,
    "clock_delay_seconds": 0.503888,
    "maximum_allowed_seconds_during_session": 180.0
  },
  "latest_pcf": {
    "trading_day": "2026-08-18",
    "previous_trading_day": "2026-08-17",
    "fund_code": "510300",
    "fund_name": "华泰柏瑞沪深300交易型开放式指数证券投资基金",
    "fund_company": "华泰柏瑞基金管理有限公司",
    "file_id": "1465021",
    "etf_type": "8",
    "nav": 4.8038,
    "nav_per_creation_unit": 4323446.47,
    "previous_cash_component": 108343.47,
    "estimated_cash_component": 108377.47,
    "maximum_cash_ratio": 0.5,
    "creation_redemption_unit": 900000,
    "component_count": 300,
    "publish_iopv": true,
    "creation_redemption_status": "申购和赎回皆允许",
    "creation_redemption_mechanism": "1",
    "creation_limit": null,
    "redemption_limit": 3600000000.0,
    "net_creation_limit": null,
    "net_redemption_limit": null,
    "creation_limit_per_account": null,
    "redemption_limit_per_account": null,
    "net_creation_limit_per_account": null,
    "net_redemption_limit_per_account": null,
    "source": "sse.COMMON_SSE_CP_JJLB_ETFJJGK_GGSGSHQD_JBXX_C",
    "retrieved_at": "2026-08-18T09:30:05.929758+08:00"
  },
  "latest_iopv": {
    "exchange_timestamp": "2026-08-18 11:07:43",
    "trade_date": "2026-08-18",
    "fund_code": "510300",
    "name": "300ETF",
    "extended_name": "沪深300ETF华泰柏瑞",
    "last_price": 4.757,
    "iopv": 4.7559,
    "premium_discount_bps": 2.312916587816627,
    "change_rate_pct": -0.92,
    "change_cny": -0.044,
    "open": 4.794,
    "previous_close": 4.801,
    "high": 4.803,
    "low": 4.756,
    "volume_shares": 449350143.0,
    "amount_cny": 2149873045.0,
    "trade_phase_raw": "T111    ",
    "post_close_volume_shares": 0.0,
    "post_close_amount_cny": 0.0,
    "post_close_phase_raw": "A1      ",
    "product_subtype": "EBS",
    "source": "sse.yunhq.sh1.snap",
    "retrieved_at": "2026-08-18T11:07:43.459361+08:00"
  },
  "account_feasibility": {
    "reference_account_cny": 20000.0,
    "creation_unit_notional_cny": 4281300.0,
    "can_directly_create_or_redeem": false,
    "intended_use": "只用PCF和IOPV观察一级市场吸收状态，在二级市场交易510300"
  },
  "storage": {
    "pcf": {
      "file": "data/raw/primary_market/510300_pcf_daily.parquet",
      "row_count": 4,
      "first_key": "2026-08-13",
      "last_key": "2026-08-18",
      "sha256": "829c810ec802ff72ad6532eb5255f25a98fef36cad8dec5db46c14c5e37dac65"
    },
    "iopv": {
      "file": "data/raw/primary_market/510300_iopv_snapshots.parquet",
      "row_count": 252,
      "first_key": "2026-08-13 16:29:06",
      "last_key": "2026-08-18 11:07:43",
      "sha256": "6d799fc5e545e20d4383b3ea9f6b607e344b67681940cba2a5b5b81fbad0eed9"
    }
  },
  "raw_response_files": [
    "data/raw/primary_market/raw/iopv/20260818/20260818T110740_356208+0800.json"
  ],
  "governance": {
    "use_as_trading_signal": false,
    "automatic_ordering_authorized": false,
    "note": "当前只采集和纸面验证；未通过前向门槛前不得映射实盘仓位。"
  }
}
{
  "status": "PASS",
  "checked_at": "2026-08-18T11:08:44.858729+08:00",
  "collector": {
    "collector_id": "510300_PRIMARY_SECONDARY_FORWARD_V1",
    "symbol": "510300.SH",
    "fund_code": "510300",
    "timezone": "Asia/Shanghai",
    "timeout_seconds": 15,
    "observation_interval_seconds": 60,
    "collection_start_time": "09:30:00",
    "collection_end_time": "15:00:00",
    "collection_sessions": [
      [
        "09:30:00",
        "11:30:00"
      ],
      [
        "13:00:00",
        "15:00:00"
      ]
    ],
    "evidence_scope": "仅从实际接入日起的前向数据，不回填历史IOPV"
  },
  "checks": {
    "same_fund_code": true,
    "same_trade_date": true,
    "iopv_publication_enabled": true,
    "positive_iopv": true,
    "positive_last_price": true,
    "positive_creation_unit": true,
    "snapshot_fresh_during_collection_session": true
  },
  "freshness": {
    "during_collection_session": true,
    "clock_delay_seconds": 0.858729,
    "maximum_allowed_seconds_during_session": 180.0
  },
  "latest_pcf": {
    "trading_day": "2026-08-18",
    "previous_trading_day": "2026-08-17",
    "fund_code": "510300",
    "fund_name": "华泰柏瑞沪深300交易型开放式指数证券投资基金",
    "fund_company": "华泰柏瑞基金管理有限公司",
    "file_id": "1465021",
    "etf_type": "8",
    "nav": 4.8038,
    "nav_per_creation_unit": 4323446.47,
    "previous_cash_component": 108343.47,
    "estimated_cash_component": 108377.47,
    "maximum_cash_ratio": 0.5,
    "creation_redemption_unit": 900000,
    "component_count": 300,
    "publish_iopv": true,
    "creation_redemption_status": "申购和赎回皆允许",
    "creation_redemption_mechanism": "1",
    "creation_limit": null,
    "redemption_limit": 3600000000.0,
    "net_creation_limit": null,
    "net_redemption_limit": null,
    "creation_limit_per_account": null,
    "redemption_limit_per_account": null,
    "net_creation_limit_per_account": null,
    "net_redemption_limit_per_account": null,
    "source": "sse.COMMON_SSE_CP_JJLB_ETFJJGK_GGSGSHQD_JBXX_C",
    "retrieved_at": "2026-08-18T09:30:05.929758+08:00"
  },
  "latest_iopv": {
    "exchange_timestamp": "2026-08-18 11:08:44",
    "trade_date": "2026-08-18",
    "fund_code": "510300",
    "name": "300ETF",
    "extended_name": "沪深300ETF华泰柏瑞",
    "last_price": 4.755,
    "iopv": 4.7535,
    "premium_discount_bps": 3.1555695803087147,
    "change_rate_pct": -0.96,
    "change_cny": -0.046,
    "open": 4.794,
    "previous_close": 4.801,
    "high": 4.803,
    "low": 4.754,
    "volume_shares": 453008243.0,
    "amount_cny": 2167267608.0,
    "trade_phase_raw": "T111    ",
    "post_close_volume_shares": 0.0,
    "post_close_amount_cny": 0.0,
    "post_close_phase_raw": "A1      ",
    "product_subtype": "EBS",
    "source": "sse.yunhq.sh1.snap",
    "retrieved_at": "2026-08-18T11:08:44.821420+08:00"
  },
  "account_feasibility": {
    "reference_account_cny": 20000.0,
    "creation_unit_notional_cny": 4279500.0,
    "can_directly_create_or_redeem": false,
    "intended_use": "只用PCF和IOPV观察一级市场吸收状态，在二级市场交易510300"
  },
  "storage": {
    "pcf": {
      "file": "data/raw/primary_market/510300_pcf_daily.parquet",
      "row_count": 4,
      "first_key": "2026-08-13",
      "last_key": "2026-08-18",
      "sha256": "829c810ec802ff72ad6532eb5255f25a98fef36cad8dec5db46c14c5e37dac65"
    },
    "iopv": {
      "file": "data/raw/primary_market/510300_iopv_snapshots.parquet",
      "row_count": 253,
      "first_key": "2026-08-13 16:29:06",
      "last_key": "2026-08-18 11:08:44",
      "sha256": "c92be4c5cf76317729294d2b79a6f90616e32c8523d72be60929d35f5d0792b9"
    }
  },
  "raw_response_files": [
    "data/raw/primary_market/raw/iopv/20260818/20260818T110843_507629+0800.json"
  ],
  "governance": {
    "use_as_trading_signal": false,
    "automatic_ordering_authorized": false,
    "note": "当前只采集和纸面验证；未通过前向门槛前不得映射实盘仓位。"
  }
}
{
  "status": "PASS",
  "checked_at": "2026-08-18T11:09:46.215875+08:00",
  "collector": {
    "collector_id": "510300_PRIMARY_SECONDARY_FORWARD_V1",
    "symbol": "510300.SH",
    "fund_code": "510300",
    "timezone": "Asia/Shanghai",
    "timeout_seconds": 15,
    "observation_interval_seconds": 60,
    "collection_start_time": "09:30:00",
    "collection_end_time": "15:00:00",
    "collection_sessions": [
      [
        "09:30:00",
        "11:30:00"
      ],
      [
        "13:00:00",
        "15:00:00"
      ]
    ],
    "evidence_scope": "仅从实际接入日起的前向数据，不回填历史IOPV"
  },
  "checks": {
    "same_fund_code": true,
    "same_trade_date": true,
    "iopv_publication_enabled": true,
    "positive_iopv": true,
    "positive_last_price": true,
    "positive_creation_unit": true,
    "snapshot_fresh_during_collection_session": true
  },
  "freshness": {
    "during_collection_session": true,
    "clock_delay_seconds": 1.215875,
    "maximum_allowed_seconds_during_session": 180.0
  },
  "latest_pcf": {
    "trading_day": "2026-08-18",
    "previous_trading_day": "2026-08-17",
    "fund_code": "510300",
    "fund_name": "华泰柏瑞沪深300交易型开放式指数证券投资基金",
    "fund_company": "华泰柏瑞基金管理有限公司",
    "file_id": "1465021",
    "etf_type": "8",
    "nav": 4.8038,
    "nav_per_creation_unit": 4323446.47,
    "previous_cash_component": 108343.47,
    "estimated_cash_component": 108377.47,
    "maximum_cash_ratio": 0.5,
    "creation_redemption_unit": 900000,
    "component_count": 300,
    "publish_iopv": true,
    "creation_redemption_status": "申购和赎回皆允许",
    "creation_redemption_mechanism": "1",
    "creation_limit": null,
    "redemption_limit": 3600000000.0,
    "net_creation_limit": null,
    "net_redemption_limit": null,
    "creation_limit_per_account": null,
    "redemption_limit_per_account": null,
    "net_creation_limit_per_account": null,
    "net_redemption_limit_per_account": null,
    "source": "sse.COMMON_SSE_CP_JJLB_ETFJJGK_GGSGSHQD_JBXX_C",
    "retrieved_at": "2026-08-18T09:30:05.929758+08:00"
  },
  "latest_iopv": {
    "exchange_timestamp": "2026-08-18 11:09:45",
    "trade_date": "2026-08-18",
    "fund_code": "510300",
    "name": "300ETF",
    "extended_name": "沪深300ETF华泰柏瑞",
    "last_price": 4.752,
    "iopv": 4.7514,
    "premium_discount_bps": 1.262785705264946,
    "change_rate_pct": -1.02,
    "change_cny": -0.049,
    "open": 4.794,
    "previous_close": 4.801,
    "high": 4.803,
    "low": 4.752,
    "volume_shares": 455459243.0,
    "amount_cny": 2178918322.0,
    "trade_phase_raw": "T111    ",
    "post_close_volume_shares": 0.0,
    "post_close_amount_cny": 0.0,
    "post_close_phase_raw": "A1      ",
    "product_subtype": "EBS",
    "source": "sse.yunhq.sh1.snap",
    "retrieved_at": "2026-08-18T11:09:46.174043+08:00"
  },
  "account_feasibility": {
    "reference_account_cny": 20000.0,
    "creation_unit_notional_cny": 4276800.0,
    "can_directly_create_or_redeem": false,
    "intended_use": "只用PCF和IOPV观察一级市场吸收状态，在二级市场交易510300"
  },
  "storage": {
    "pcf": {
      "file": "data/raw/primary_market/510300_pcf_daily.parquet",
      "row_count": 4,
      "first_key": "2026-08-13",
      "last_key": "2026-08-18",
      "sha256": "829c810ec802ff72ad6532eb5255f25a98fef36cad8dec5db46c14c5e37dac65"
    },
    "iopv": {
      "file": "data/raw/primary_market/510300_iopv_snapshots.parquet",
      "row_count": 254,
      "first_key": "2026-08-13 16:29:06",
      "last_key": "2026-08-18 11:09:45",
      "sha256": "e1853cd3dfc2e44b73585a595497da5fc42137a6e2f6bc08ab7fc758c7dcc29b"
    }
  },
  "raw_response_files": [
    "data/raw/primary_market/raw/iopv/20260818/20260818T110944_862377+0800.json"
  ],
  "governance": {
    "use_as_trading_signal": false,
    "automatic_ordering_authorized": false,
    "note": "当前只采集和纸面验证；未通过前向门槛前不得映射实盘仓位。"
  }
}
{
  "status": "PASS",
  "checked_at": "2026-08-18T11:10:47.859679+08:00",
  "collector": {
    "collector_id": "510300_PRIMARY_SECONDARY_FORWARD_V1",
    "symbol": "510300.SH",
    "fund_code": "510300",
    "timezone": "Asia/Shanghai",
    "timeout_seconds": 15,
    "observation_interval_seconds": 60,
    "collection_start_time": "09:30:00",
    "collection_end_time": "15:00:00",
    "collection_sessions": [
      [
        "09:30:00",
        "11:30:00"
      ],
      [
        "13:00:00",
        "15:00:00"
      ]
    ],
    "evidence_scope": "仅从实际接入日起的前向数据，不回填历史IOPV"
  },
  "checks": {
    "same_fund_code": true,
    "same_trade_date": true,
    "iopv_publication_enabled": true,
    "positive_iopv": true,
    "positive_last_price": true,
    "positive_creation_unit": true,
    "snapshot_fresh_during_collection_session": true
  },
  "freshness": {
    "during_collection_session": true,
    "clock_delay_seconds": 0.859679,
    "maximum_allowed_seconds_during_session": 180.0
  },
  "latest_pcf": {
    "trading_day": "2026-08-18",
    "previous_trading_day": "2026-08-17",
    "fund_code": "510300",
    "fund_name": "华泰柏瑞沪深300交易型开放式指数证券投资基金",
    "fund_company": "华泰柏瑞基金管理有限公司",
    "file_id": "1465021",
    "etf_type": "8",
    "nav": 4.8038,
    "nav_per_creation_unit": 4323446.47,
    "previous_cash_component": 108343.47,
    "estimated_cash_component": 108377.47,
    "maximum_cash_ratio": 0.5,
    "creation_redemption_unit": 900000,
    "component_count": 300,
    "publish_iopv": true,
    "creation_redemption_status": "申购和赎回皆允许",
    "creation_redemption_mechanism": "1",
    "creation_limit": null,
    "redemption_limit": 3600000000.0,
    "net_creation_limit": null,
    "net_redemption_limit": null,
    "creation_limit_per_account": null,
    "redemption_limit_per_account": null,
    "net_creation_limit_per_account": null,
    "net_redemption_limit_per_account": null,
    "source": "sse.COMMON_SSE_CP_JJLB_ETFJJGK_GGSGSHQD_JBXX_C",
    "retrieved_at": "2026-08-18T09:30:05.929758+08:00"
  },
  "latest_iopv": {
    "exchange_timestamp": "2026-08-18 11:10:47",
    "trade_date": "2026-08-18",
    "fund_code": "510300",
    "name": "300ETF",
    "extended_name": "沪深300ETF华泰柏瑞",
    "last_price": 4.752,
    "iopv": 4.7516,
    "premium_discount_bps": 0.8418217021644026,
    "change_rate_pct": -1.02,
    "change_cny": -0.049,
    "open": 4.794,
    "previous_close": 4.801,
    "high": 4.803,
    "low": 4.751,
    "volume_shares": 460387943.0,
    "amount_cny": 2202339093.0,
    "trade_phase_raw": "T111    ",
    "post_close_volume_shares": 0.0,
    "post_close_amount_cny": 0.0,
    "post_close_phase_raw": "A1      ",
    "product_subtype": "EBS",
    "source": "sse.yunhq.sh1.snap",
    "retrieved_at": "2026-08-18T11:10:47.822697+08:00"
  },
  "account_feasibility": {
    "reference_account_cny": 20000.0,
    "creation_unit_notional_cny": 4276800.0,
    "can_directly_create_or_redeem": false,
    "intended_use": "只用PCF和IOPV观察一级市场吸收状态，在二级市场交易510300"
  },
  "storage": {
    "pcf": {
      "file": "data/raw/primary_market/510300_pcf_daily.parquet",
      "row_count": 4,
      "first_key": "2026-08-13",
      "last_key": "2026-08-18",
      "sha256": "829c810ec802ff72ad6532eb5255f25a98fef36cad8dec5db46c14c5e37dac65"
    },
    "iopv": {
      "file": "data/raw/primary_market/510300_iopv_snapshots.parquet",
      "row_count": 255,
      "first_key": "2026-08-13 16:29:06",
      "last_key": "2026-08-18 11:10:47",
      "sha256": "d901535e2fb160936ed3edc07f00aed37f09bd7ac6f2c5b5e5ef406a3d1d9d7c"
    }
  },
  "raw_response_files": [
    "data/raw/primary_market/raw/iopv/20260818/20260818T111046_219580+0800.json"
  ],
  "governance": {
    "use_as_trading_signal": false,
    "automatic_ordering_authorized": false,
    "note": "当前只采集和纸面验证；未通过前向门槛前不得映射实盘仓位。"
  }
}
{
  "status": "PASS",
  "checked_at": "2026-08-18T11:11:49.174044+08:00",
  "collector": {
    "collector_id": "510300_PRIMARY_SECONDARY_FORWARD_V1",
    "symbol": "510300.SH",
    "fund_code": "510300",
    "timezone": "Asia/Shanghai",
    "timeout_seconds": 15,
    "observation_interval_seconds": 60,
    "collection_start_time": "09:30:00",
    "collection_end_time": "15:00:00",
    "collection_sessions": [
      [
        "09:30:00",
        "11:30:00"
      ],
      [
        "13:00:00",
        "15:00:00"
      ]
    ],
    "evidence_scope": "仅从实际接入日起的前向数据，不回填历史IOPV"
  },
  "checks": {
    "same_fund_code": true,
    "same_trade_date": true,
    "iopv_publication_enabled": true,
    "positive_iopv": true,
    "positive_last_price": true,
    "positive_creation_unit": true,
    "snapshot_fresh_during_collection_session": true
  },
  "freshness": {
    "during_collection_session": true,
    "clock_delay_seconds": 1.174044,
    "maximum_allowed_seconds_during_session": 180.0
  },
  "latest_pcf": {
    "trading_day": "2026-08-18",
    "previous_trading_day": "2026-08-17",
    "fund_code": "510300",
    "fund_name": "华泰柏瑞沪深300交易型开放式指数证券投资基金",
    "fund_company": "华泰柏瑞基金管理有限公司",
    "file_id": "1465021",
    "etf_type": "8",
    "nav": 4.8038,
    "nav_per_creation_unit": 4323446.47,
    "previous_cash_component": 108343.47,
    "estimated_cash_component": 108377.47,
    "maximum_cash_ratio": 0.5,
    "creation_redemption_unit": 900000,
    "component_count": 300,
    "publish_iopv": true,
    "creation_redemption_status": "申购和赎回皆允许",
    "creation_redemption_mechanism": "1",
    "creation_limit": null,
    "redemption_limit": 3600000000.0,
    "net_creation_limit": null,
    "net_redemption_limit": null,
    "creation_limit_per_account": null,
    "redemption_limit_per_account": null,
    "net_creation_limit_per_account": null,
    "net_redemption_limit_per_account": null,
    "source": "sse.COMMON_SSE_CP_JJLB_ETFJJGK_GGSGSHQD_JBXX_C",
    "retrieved_at": "2026-08-18T09:30:05.929758+08:00"
  },
  "latest_iopv": {
    "exchange_timestamp": "2026-08-18 11:11:48",
    "trade_date": "2026-08-18",
    "fund_code": "510300",
    "name": "300ETF",
    "extended_name": "沪深300ETF华泰柏瑞",
    "last_price": 4.754,
    "iopv": 4.7541,
    "premium_discount_bps": -0.21034475505499195,
    "change_rate_pct": -0.98,
    "change_cny": -0.047,
    "open": 4.794,
    "previous_close": 4.801,
    "high": 4.803,
    "low": 4.751,
    "volume_shares": 462279643.0,
    "amount_cny": 2211330190.0,
    "trade_phase_raw": "T111    ",
    "post_close_volume_shares": 0.0,
    "post_close_amount_cny": 0.0,
    "post_close_phase_raw": "A1      ",
    "product_subtype": "EBS",
    "source": "sse.yunhq.sh1.snap",
    "retrieved_at": "2026-08-18T11:11:49.138018+08:00"
  },
  "account_feasibility": {
    "reference_account_cny": 20000.0,
    "creation_unit_notional_cny": 4278600.0,
    "can_directly_create_or_redeem": false,
    "intended_use": "只用PCF和IOPV观察一级市场吸收状态，在二级市场交易510300"
  },
  "storage": {
    "pcf": {
      "file": "data/raw/primary_market/510300_pcf_daily.parquet",
      "row_count": 4,
      "first_key": "2026-08-13",
      "last_key": "2026-08-18",
      "sha256": "829c810ec802ff72ad6532eb5255f25a98fef36cad8dec5db46c14c5e37dac65"
    },
    "iopv": {
      "file": "data/raw/primary_market/510300_iopv_snapshots.parquet",
      "row_count": 256,
      "first_key": "2026-08-13 16:29:06",
      "last_key": "2026-08-18 11:11:48",
      "sha256": "405cf046c0cdbce3816da82151f53c409e59b390ed213f65ac84e8fced543d68"
    }
  },
  "raw_response_files": [
    "data/raw/primary_market/raw/iopv/20260818/20260818T111147_862756+0800.json"
  ],
  "governance": {
    "use_as_trading_signal": false,
    "automatic_ordering_authorized": false,
    "note": "当前只采集和纸面验证；未通过前向门槛前不得映射实盘仓位。"
  }
}
{
  "status": "PASS",
  "checked_at": "2026-08-18T11:12:50.489827+08:00",
  "collector": {
    "collector_id": "510300_PRIMARY_SECONDARY_FORWARD_V1",
    "symbol": "510300.SH",
    "fund_code": "510300",
    "timezone": "Asia/Shanghai",
    "timeout_seconds": 15,
    "observation_interval_seconds": 60,
    "collection_start_time": "09:30:00",
    "collection_end_time": "15:00:00",
    "collection_sessions": [
      [
        "09:30:00",
        "11:30:00"
      ],
      [
        "13:00:00",
        "15:00:00"
      ]
    ],
    "evidence_scope": "仅从实际接入日起的前向数据，不回填历史IOPV"
  },
  "checks": {
    "same_fund_code": true,
    "same_trade_date": true,
    "iopv_publication_enabled": true,
    "positive_iopv": true,
    "positive_last_price": true,
    "positive_creation_unit": true,
    "snapshot_fresh_during_collection_session": true
  },
  "freshness": {
    "during_collection_session": true,
    "clock_delay_seconds": 0.489827,
    "maximum_allowed_seconds_during_session": 180.0
  },
  "latest_pcf": {
    "trading_day": "2026-08-18",
    "previous_trading_day": "2026-08-17",
    "fund_code": "510300",
    "fund_name": "华泰柏瑞沪深300交易型开放式指数证券投资基金",
    "fund_company": "华泰柏瑞基金管理有限公司",
    "file_id": "1465021",
    "etf_type": "8",
    "nav": 4.8038,
    "nav_per_creation_unit": 4323446.47,
    "previous_cash_component": 108343.47,
    "estimated_cash_component": 108377.47,
    "maximum_cash_ratio": 0.5,
    "creation_redemption_unit": 900000,
    "component_count": 300,
    "publish_iopv": true,
    "creation_redemption_status": "申购和赎回皆允许",
    "creation_redemption_mechanism": "1",
    "creation_limit": null,
    "redemption_limit": 3600000000.0,
    "net_creation_limit": null,
    "net_redemption_limit": null,
    "creation_limit_per_account": null,
    "redemption_limit_per_account": null,
    "net_creation_limit_per_account": null,
    "net_redemption_limit_per_account": null,
    "source": "sse.COMMON_SSE_CP_JJLB_ETFJJGK_GGSGSHQD_JBXX_C",
    "retrieved_at": "2026-08-18T09:30:05.929758+08:00"
  },
  "latest_iopv": {
    "exchange_timestamp": "2026-08-18 11:12:50",
    "trade_date": "2026-08-18",
    "fund_code": "510300",
    "name": "300ETF",
    "extended_name": "沪深300ETF华泰柏瑞",
    "last_price": 4.756,
    "iopv": 4.7562,
    "premium_discount_bps": -0.42050376350744045,
    "change_rate_pct": -0.94,
    "change_cny": -0.045,
    "open": 4.794,
    "previous_close": 4.801,
    "high": 4.803,
    "low": 4.751,
    "volume_shares": 463292943.0,
    "amount_cny": 2216147975.0,
    "trade_phase_raw": "T111    ",
    "post_close_volume_shares": 0.0,
    "post_close_amount_cny": 0.0,
    "post_close_phase_raw": "A1      ",
    "product_subtype": "EBS",
    "source": "sse.yunhq.sh1.snap",
    "retrieved_at": "2026-08-18T11:12:50.452231+08:00"
  },
  "account_feasibility": {
    "reference_account_cny": 20000.0,
    "creation_unit_notional_cny": 4280400.0,
    "can_directly_create_or_redeem": false,
    "intended_use": "只用PCF和IOPV观察一级市场吸收状态，在二级市场交易510300"
  },
  "storage": {
    "pcf": {
      "file": "data/raw/primary_market/510300_pcf_daily.parquet",
      "row_count": 4,
      "first_key": "2026-08-13",
      "last_key": "2026-08-18",
      "sha256": "829c810ec802ff72ad6532eb5255f25a98fef36cad8dec5db46c14c5e37dac65"
    },
    "iopv": {
      "file": "data/raw/primary_market/510300_iopv_snapshots.parquet",
      "row_count": 257,
      "first_key": "2026-08-13 16:29:06",
      "last_key": "2026-08-18 11:12:50",
      "sha256": "07ba697dad54bd923335344cb03484e293ae2fa9e1a8d97b3b848a24021b324e"
    }
  },
  "raw_response_files": [
    "data/raw/primary_market/raw/iopv/20260818/20260818T111249_177493+0800.json"
  ],
  "governance": {
    "use_as_trading_signal": false,
    "automatic_ordering_authorized": false,
    "note": "当前只采集和纸面验证；未通过前向门槛前不得映射实盘仓位。"
  }
}
{
  "status": "PASS",
  "checked_at": "2026-08-18T11:13:52.056151+08:00",
  "collector": {
    "collector_id": "510300_PRIMARY_SECONDARY_FORWARD_V1",
    "symbol": "510300.SH",
    "fund_code": "510300",
    "timezone": "Asia/Shanghai",
    "timeout_seconds": 15,
    "observation_interval_seconds": 60,
    "collection_start_time": "09:30:00",
    "collection_end_time": "15:00:00",
    "collection_sessions": [
      [
        "09:30:00",
        "11:30:00"
      ],
      [
        "13:00:00",
        "15:00:00"
      ]
    ],
    "evidence_scope": "仅从实际接入日起的前向数据，不回填历史IOPV"
  },
  "checks": {
    "same_fund_code": true,
    "same_trade_date": true,
    "iopv_publication_enabled": true,
    "positive_iopv": true,
    "positive_last_price": true,
    "positive_creation_unit": true,
    "snapshot_fresh_during_collection_session": true
  },
  "freshness": {
    "during_collection_session": true,
    "clock_delay_seconds": 1.056151,
    "maximum_allowed_seconds_during_session": 180.0
  },
  "latest_pcf": {
    "trading_day": "2026-08-18",
    "previous_trading_day": "2026-08-17",
    "fund_code": "510300",
    "fund_name": "华泰柏瑞沪深300交易型开放式指数证券投资基金",
    "fund_company": "华泰柏瑞基金管理有限公司",
    "file_id": "1465021",
    "etf_type": "8",
    "nav": 4.8038,
    "nav_per_creation_unit": 4323446.47,
    "previous_cash_component": 108343.47,
    "estimated_cash_component": 108377.47,
    "maximum_cash_ratio": 0.5,
    "creation_redemption_unit": 900000,
    "component_count": 300,
    "publish_iopv": true,
    "creation_redemption_status": "申购和赎回皆允许",
    "creation_redemption_mechanism": "1",
    "creation_limit": null,
    "redemption_limit": 3600000000.0,
    "net_creation_limit": null,
    "net_redemption_limit": null,
    "creation_limit_per_account": null,
    "redemption_limit_per_account": null,
    "net_creation_limit_per_account": null,
    "net_redemption_limit_per_account": null,
    "source": "sse.COMMON_SSE_CP_JJLB_ETFJJGK_GGSGSHQD_JBXX_C",
    "retrieved_at": "2026-08-18T09:30:05.929758+08:00"
  },
  "latest_iopv": {
    "exchange_timestamp": "2026-08-18 11:13:51",
    "trade_date": "2026-08-18",
    "fund_code": "510300",
    "name": "300ETF",
    "extended_name": "沪深300ETF华泰柏瑞",
    "last_price": 4.754,
    "iopv": 4.7553,
    "premium_discount_bps": -2.733791769184979,
    "change_rate_pct": -0.98,
    "change_cny": -0.047,
    "open": 4.794,
    "previous_close": 4.801,
    "high": 4.803,
    "low": 4.751,
    "volume_shares": 464341143.0,
    "amount_cny": 2221132217.0,
    "trade_phase_raw": "T111    ",
    "post_close_volume_shares": 0.0,
    "post_close_amount_cny": 0.0,
    "post_close_phase_raw": "A1      ",
    "product_subtype": "EBS",
    "source": "sse.yunhq.sh1.snap",
    "retrieved_at": "2026-08-18T11:13:52.014006+08:00"
  },
  "account_feasibility": {
    "reference_account_cny": 20000.0,
    "creation_unit_notional_cny": 4278600.0,
    "can_directly_create_or_redeem": false,
    "intended_use": "只用PCF和IOPV观察一级市场吸收状态，在二级市场交易510300"
  },
  "storage": {
    "pcf": {
      "file": "data/raw/primary_market/510300_pcf_daily.parquet",
      "row_count": 4,
      "first_key": "2026-08-13",
      "last_key": "2026-08-18",
      "sha256": "829c810ec802ff72ad6532eb5255f25a98fef36cad8dec5db46c14c5e37dac65"
    },
    "iopv": {
      "file": "data/raw/primary_market/510300_iopv_snapshots.parquet",
      "row_count": 258,
      "first_key": "2026-08-13 16:29:06",
      "last_key": "2026-08-18 11:13:51",
      "sha256": "59da36e46140bc1ac6bd5ef2c069332f7fafdc038bc94ffedda62c0fc7e6898b"
    }
  },
  "raw_response_files": [
    "data/raw/primary_market/raw/iopv/20260818/20260818T111350_492783+0800.json"
  ],
  "governance": {
    "use_as_trading_signal": false,
    "automatic_ordering_authorized": false,
    "note": "当前只采集和纸面验证；未通过前向门槛前不得映射实盘仓位。"
  }
}
{
  "status": "PASS",
  "checked_at": "2026-08-18T11:14:53.306359+08:00",
  "collector": {
    "collector_id": "510300_PRIMARY_SECONDARY_FORWARD_V1",
    "symbol": "510300.SH",
    "fund_code": "510300",
    "timezone": "Asia/Shanghai",
    "timeout_seconds": 15,
    "observation_interval_seconds": 60,
    "collection_start_time": "09:30:00",
    "collection_end_time": "15:00:00",
    "collection_sessions": [
      [
        "09:30:00",
        "11:30:00"
      ],
      [
        "13:00:00",
        "15:00:00"
      ]
    ],
    "evidence_scope": "仅从实际接入日起的前向数据，不回填历史IOPV"
  },
  "checks": {
    "same_fund_code": true,
    "same_trade_date": true,
    "iopv_publication_enabled": true,
    "positive_iopv": true,
    "positive_last_price": true,
    "positive_creation_unit": true,
    "snapshot_fresh_during_collection_session": true
  },
  "freshness": {
    "during_collection_session": true,
    "clock_delay_seconds": 0.306359,
    "maximum_allowed_seconds_during_session": 180.0
  },
  "latest_pcf": {
    "trading_day": "2026-08-18",
    "previous_trading_day": "2026-08-17",
    "fund_code": "510300",
    "fund_name": "华泰柏瑞沪深300交易型开放式指数证券投资基金",
    "fund_company": "华泰柏瑞基金管理有限公司",
    "file_id": "1465021",
    "etf_type": "8",
    "nav": 4.8038,
    "nav_per_creation_unit": 4323446.47,
    "previous_cash_component": 108343.47,
    "estimated_cash_component": 108377.47,
    "maximum_cash_ratio": 0.5,
    "creation_redemption_unit": 900000,
    "component_count": 300,
    "publish_iopv": true,
    "creation_redemption_status": "申购和赎回皆允许",
    "creation_redemption_mechanism": "1",
    "creation_limit": null,
    "redemption_limit": 3600000000.0,
    "net_creation_limit": null,
    "net_redemption_limit": null,
    "creation_limit_per_account": null,
    "redemption_limit_per_account": null,
    "net_creation_limit_per_account": null,
    "net_redemption_limit_per_account": null,
    "source": "sse.COMMON_SSE_CP_JJLB_ETFJJGK_GGSGSHQD_JBXX_C",
    "retrieved_at": "2026-08-18T09:30:05.929758+08:00"
  },
  "latest_iopv": {
    "exchange_timestamp": "2026-08-18 11:14:53",
    "trade_date": "2026-08-18",
    "fund_code": "510300",
    "name": "300ETF",
    "extended_name": "沪深300ETF华泰柏瑞",
    "last_price": 4.756,
    "iopv": 4.7588,
    "premium_discount_bps": -5.8838362612412265,
    "change_rate_pct": -0.94,
    "change_cny": -0.045,
    "open": 4.794,
    "previous_close": 4.801,
    "high": 4.803,
    "low": 4.751,
    "volume_shares": 465269543.0,
    "amount_cny": 2225546704.0,
    "trade_phase_raw": "T111    ",
    "post_close_volume_shares": 0.0,
    "post_close_amount_cny": 0.0,
    "post_close_phase_raw": "A1      ",
    "product_subtype": "EBS",
    "source": "sse.yunhq.sh1.snap",
    "retrieved_at": "2026-08-18T11:14:53.270474+08:00"
  },
  "account_feasibility": {
    "reference_account_cny": 20000.0,
    "creation_unit_notional_cny": 4280400.0,
    "can_directly_create_or_redeem": false,
    "intended_use": "只用PCF和IOPV观察一级市场吸收状态，在二级市场交易510300"
  },
  "storage": {
    "pcf": {
      "file": "data/raw/primary_market/510300_pcf_daily.parquet",
      "row_count": 4,
      "first_key": "2026-08-13",
      "last_key": "2026-08-18",
      "sha256": "829c810ec802ff72ad6532eb5255f25a98fef36cad8dec5db46c14c5e37dac65"
    },
    "iopv": {
      "file": "data/raw/primary_market/510300_iopv_snapshots.parquet",
      "row_count": 259,
      "first_key": "2026-08-13 16:29:06",
      "last_key": "2026-08-18 11:14:53",
      "sha256": "83aced4089eb6f113d0ed7519c77595591ce4d1cd0734a271d46179f0a9dddbc"
    }
  },
  "raw_response_files": [
    "data/raw/primary_market/raw/iopv/20260818/20260818T111452_059562+0800.json"
  ],
  "governance": {
    "use_as_trading_signal": false,
    "automatic_ordering_authorized": false,
    "note": "当前只采集和纸面验证；未通过前向门槛前不得映射实盘仓位。"
  }
}
{
  "status": "PASS",
  "checked_at": "2026-08-18T11:15:55.055996+08:00",
  "collector": {
    "collector_id": "510300_PRIMARY_SECONDARY_FORWARD_V1",
    "symbol": "510300.SH",
    "fund_code": "510300",
    "timezone": "Asia/Shanghai",
    "timeout_seconds": 15,
    "observation_interval_seconds": 60,
    "collection_start_time": "09:30:00",
    "collection_end_time": "15:00:00",
    "collection_sessions": [
      [
        "09:30:00",
        "11:30:00"
      ],
      [
        "13:00:00",
        "15:00:00"
      ]
    ],
    "evidence_scope": "仅从实际接入日起的前向数据，不回填历史IOPV"
  },
  "checks": {
    "same_fund_code": true,
    "same_trade_date": true,
    "iopv_publication_enabled": true,
    "positive_iopv": true,
    "positive_last_price": true,
    "positive_creation_unit": true,
    "snapshot_fresh_during_collection_session": true
  },
  "freshness": {
    "during_collection_session": true,
    "clock_delay_seconds": 1.055996,
    "maximum_allowed_seconds_during_session": 180.0
  },
  "latest_pcf": {
    "trading_day": "2026-08-18",
    "previous_trading_day": "2026-08-17",
    "fund_code": "510300",
    "fund_name": "华泰柏瑞沪深300交易型开放式指数证券投资基金",
    "fund_company": "华泰柏瑞基金管理有限公司",
    "file_id": "1465021",
    "etf_type": "8",
    "nav": 4.8038,
    "nav_per_creation_unit": 4323446.47,
    "previous_cash_component": 108343.47,
    "estimated_cash_component": 108377.47,
    "maximum_cash_ratio": 0.5,
    "creation_redemption_unit": 900000,
    "component_count": 300,
    "publish_iopv": true,
    "creation_redemption_status": "申购和赎回皆允许",
    "creation_redemption_mechanism": "1",
    "creation_limit": null,
    "redemption_limit": 3600000000.0,
    "net_creation_limit": null,
    "net_redemption_limit": null,
    "creation_limit_per_account": null,
    "redemption_limit_per_account": null,
    "net_creation_limit_per_account": null,
    "net_redemption_limit_per_account": null,
    "source": "sse.COMMON_SSE_CP_JJLB_ETFJJGK_GGSGSHQD_JBXX_C",
    "retrieved_at": "2026-08-18T09:30:05.929758+08:00"
  },
  "latest_iopv": {
    "exchange_timestamp": "2026-08-18 11:15:54",
    "trade_date": "2026-08-18",
    "fund_code": "510300",
    "name": "300ETF",
    "extended_name": "沪深300ETF华泰柏瑞",
    "last_price": 4.758,
    "iopv": 4.7599,
    "premium_discount_bps": -3.991680497489325,
    "change_rate_pct": -0.9,
    "change_cny": -0.043,
    "open": 4.794,
    "previous_close": 4.801,
    "high": 4.803,
    "low": 4.751,
    "volume_shares": 471585643.0,
    "amount_cny": 2255590033.0,
    "trade_phase_raw": "T111    ",
    "post_close_volume_shares": 0.0,
    "post_close_amount_cny": 0.0,
    "post_close_phase_raw": "A1      ",
    "product_subtype": "EBS",
    "source": "sse.yunhq.sh1.snap",
    "retrieved_at": "2026-08-18T11:15:55.017167+08:00"
  },
  "account_feasibility": {
    "reference_account_cny": 20000.0,
    "creation_unit_notional_cny": 4282200.0,
    "can_directly_create_or_redeem": false,
    "intended_use": "只用PCF和IOPV观察一级市场吸收状态，在二级市场交易510300"
  },
  "storage": {
    "pcf": {
      "file": "data/raw/primary_market/510300_pcf_daily.parquet",
      "row_count": 4,
      "first_key": "2026-08-13",
      "last_key": "2026-08-18",
      "sha256": "829c810ec802ff72ad6532eb5255f25a98fef36cad8dec5db46c14c5e37dac65"
    },
    "iopv": {
      "file": "data/raw/primary_market/510300_iopv_snapshots.parquet",
      "row_count": 260,
      "first_key": "2026-08-13 16:29:06",
      "last_key": "2026-08-18 11:15:54",
      "sha256": "ef1387ec8fcba1438911c49a82f92fb967d78a32d012a17fb366bf7158fe94fa"
    }
  },
  "raw_response_files": [
    "data/raw/primary_market/raw/iopv/20260818/20260818T111553_309629+0800.json"
  ],
  "governance": {
    "use_as_trading_signal": false,
    "automatic_ordering_authorized": false,
    "note": "当前只采集和纸面验证；未通过前向门槛前不得映射实盘仓位。"
  }
}
{
  "status": "PASS",
  "checked_at": "2026-08-18T11:16:56.324675+08:00",
  "collector": {
    "collector_id": "510300_PRIMARY_SECONDARY_FORWARD_V1",
    "symbol": "510300.SH",
    "fund_code": "510300",
    "timezone": "Asia/Shanghai",
    "timeout_seconds": 15,
    "observation_interval_seconds": 60,
    "collection_start_time": "09:30:00",
    "collection_end_time": "15:00:00",
    "collection_sessions": [
      [
        "09:30:00",
        "11:30:00"
      ],
      [
        "13:00:00",
        "15:00:00"
      ]
    ],
    "evidence_scope": "仅从实际接入日起的前向数据，不回填历史IOPV"
  },
  "checks": {
    "same_fund_code": true,
    "same_trade_date": true,
    "iopv_publication_enabled": true,
    "positive_iopv": true,
    "positive_last_price": true,
    "positive_creation_unit": true,
    "snapshot_fresh_during_collection_session": true
  },
  "freshness": {
    "during_collection_session": true,
    "clock_delay_seconds": 0.324675,
    "maximum_allowed_seconds_during_session": 180.0
  },
  "latest_pcf": {
    "trading_day": "2026-08-18",
    "previous_trading_day": "2026-08-17",
    "fund_code": "510300",
    "fund_name": "华泰柏瑞沪深300交易型开放式指数证券投资基金",
    "fund_company": "华泰柏瑞基金管理有限公司",
    "file_id": "1465021",
    "etf_type": "8",
    "nav": 4.8038,
    "nav_per_creation_unit": 4323446.47,
    "previous_cash_component": 108343.47,
    "estimated_cash_component": 108377.47,
    "maximum_cash_ratio": 0.5,
    "creation_redemption_unit": 900000,
    "component_count": 300,
    "publish_iopv": true,
    "creation_redemption_status": "申购和赎回皆允许",
    "creation_redemption_mechanism": "1",
    "creation_limit": null,
    "redemption_limit": 3600000000.0,
    "net_creation_limit": null,
    "net_redemption_limit": null,
    "creation_limit_per_account": null,
    "redemption_limit_per_account": null,
    "net_creation_limit_per_account": null,
    "net_redemption_limit_per_account": null,
    "source": "sse.COMMON_SSE_CP_JJLB_ETFJJGK_GGSGSHQD_JBXX_C",
    "retrieved_at": "2026-08-18T09:30:05.929758+08:00"
  },
  "latest_iopv": {
    "exchange_timestamp": "2026-08-18 11:16:56",
    "trade_date": "2026-08-18",
    "fund_code": "510300",
    "name": "300ETF",
    "extended_name": "沪深300ETF华泰柏瑞",
    "last_price": 4.758,
    "iopv": 4.7581,
    "premium_discount_bps": -0.21016792417061225,
    "change_rate_pct": -0.9,
    "change_cny": -0.043,
    "open": 4.794,
    "previous_close": 4.801,
    "high": 4.803,
    "low": 4.751,
    "volume_shares": 472771543.0,
    "amount_cny": 2261232187.0,
    "trade_phase_raw": "T111    ",
    "post_close_volume_shares": 0.0,
    "post_close_amount_cny": 0.0,
    "post_close_phase_raw": "A1      ",
    "product_subtype": "EBS",
    "source": "sse.yunhq.sh1.snap",
    "retrieved_at": "2026-08-18T11:16:56.288900+08:00"
  },
  "account_feasibility": {
    "reference_account_cny": 20000.0,
    "creation_unit_notional_cny": 4282200.0,
    "can_directly_create_or_redeem": false,
    "intended_use": "只用PCF和IOPV观察一级市场吸收状态，在二级市场交易510300"
  },
  "storage": {
    "pcf": {
      "file": "data/raw/primary_market/510300_pcf_daily.parquet",
      "row_count": 4,
      "first_key": "2026-08-13",
      "last_key": "2026-08-18",
      "sha256": "829c810ec802ff72ad6532eb5255f25a98fef36cad8dec5db46c14c5e37dac65"
    },
    "iopv": {
      "file": "data/raw/primary_market/510300_iopv_snapshots.parquet",
      "row_count": 261,
      "first_key": "2026-08-13 16:29:06",
      "last_key": "2026-08-18 11:16:56",
      "sha256": "a1fe4981d5394033e82eed9ae2579b50ab44d5cac4bbbb8a7ca38bfa89a1d030"
    }
  },
  "raw_response_files": [
    "data/raw/primary_market/raw/iopv/20260818/20260818T111655_059914+0800.json"
  ],
  "governance": {
    "use_as_trading_signal": false,
    "automatic_ordering_authorized": false,
    "note": "当前只采集和纸面验证；未通过前向门槛前不得映射实盘仓位。"
  }
}
{
  "status": "PASS",
  "checked_at": "2026-08-18T11:17:57.630687+08:00",
  "collector": {
    "collector_id": "510300_PRIMARY_SECONDARY_FORWARD_V1",
    "symbol": "510300.SH",
    "fund_code": "510300",
    "timezone": "Asia/Shanghai",
    "timeout_seconds": 15,
    "observation_interval_seconds": 60,
    "collection_start_time": "09:30:00",
    "collection_end_time": "15:00:00",
    "collection_sessions": [
      [
        "09:30:00",
        "11:30:00"
      ],
      [
        "13:00:00",
        "15:00:00"
      ]
    ],
    "evidence_scope": "仅从实际接入日起的前向数据，不回填历史IOPV"
  },
  "checks": {
    "same_fund_code": true,
    "same_trade_date": true,
    "iopv_publication_enabled": true,
    "positive_iopv": true,
    "positive_last_price": true,
    "positive_creation_unit": true,
    "snapshot_fresh_during_collection_session": true
  },
  "freshness": {
    "during_collection_session": true,
    "clock_delay_seconds": 0.630687,
    "maximum_allowed_seconds_during_session": 180.0
  },
  "latest_pcf": {
    "trading_day": "2026-08-18",
    "previous_trading_day": "2026-08-17",
    "fund_code": "510300",
    "fund_name": "华泰柏瑞沪深300交易型开放式指数证券投资基金",
    "fund_company": "华泰柏瑞基金管理有限公司",
    "file_id": "1465021",
    "etf_type": "8",
    "nav": 4.8038,
    "nav_per_creation_unit": 4323446.47,
    "previous_cash_component": 108343.47,
    "estimated_cash_component": 108377.47,
    "maximum_cash_ratio": 0.5,
    "creation_redemption_unit": 900000,
    "component_count": 300,
    "publish_iopv": true,
    "creation_redemption_status": "申购和赎回皆允许",
    "creation_redemption_mechanism": "1",
    "creation_limit": null,
    "redemption_limit": 3600000000.0,
    "net_creation_limit": null,
    "net_redemption_limit": null,
    "creation_limit_per_account": null,
    "redemption_limit_per_account": null,
    "net_creation_limit_per_account": null,
    "net_redemption_limit_per_account": null,
    "source": "sse.COMMON_SSE_CP_JJLB_ETFJJGK_GGSGSHQD_JBXX_C",
    "retrieved_at": "2026-08-18T09:30:05.929758+08:00"
  },
  "latest_iopv": {
    "exchange_timestamp": "2026-08-18 11:17:57",
    "trade_date": "2026-08-18",
    "fund_code": "510300",
    "name": "300ETF",
    "extended_name": "沪深300ETF华泰柏瑞",
    "last_price": 4.759,
    "iopv": 4.7626,
    "premium_discount_bps": -7.558896401124171,
    "change_rate_pct": -0.87,
    "change_cny": -0.042,
    "open": 4.794,
    "previous_close": 4.801,
    "high": 4.803,
    "low": 4.751,
    "volume_shares": 475387743.0,
    "amount_cny": 2273677665.0,
    "trade_phase_raw": "T111    ",
    "post_close_volume_shares": 0.0,
    "post_close_amount_cny": 0.0,
    "post_close_phase_raw": "A1      ",
    "product_subtype": "EBS",
    "source": "sse.yunhq.sh1.snap",
    "retrieved_at": "2026-08-18T11:17:57.593636+08:00"
  },
  "account_feasibility": {
    "reference_account_cny": 20000.0,
    "creation_unit_notional_cny": 4283100.0,
    "can_directly_create_or_redeem": false,
    "intended_use": "只用PCF和IOPV观察一级市场吸收状态，在二级市场交易510300"
  },
  "storage": {
    "pcf": {
      "file": "data/raw/primary_market/510300_pcf_daily.parquet",
      "row_count": 4,
      "first_key": "2026-08-13",
      "last_key": "2026-08-18",
      "sha256": "829c810ec802ff72ad6532eb5255f25a98fef36cad8dec5db46c14c5e37dac65"
    },
    "iopv": {
      "file": "data/raw/primary_market/510300_iopv_snapshots.parquet",
      "row_count": 262,
      "first_key": "2026-08-13 16:29:06",
      "last_key": "2026-08-18 11:17:57",
      "sha256": "a6c81174e63d19cf8005723432eae6e398f57944b20a7253b3658980c7405ec9"
    }
  },
  "raw_response_files": [
    "data/raw/primary_market/raw/iopv/20260818/20260818T111756_328440+0800.json"
  ],
  "governance": {
    "use_as_trading_signal": false,
    "automatic_ordering_authorized": false,
    "note": "当前只采集和纸面验证；未通过前向门槛前不得映射实盘仓位。"
  }
}
{
  "status": "PASS",
  "checked_at": "2026-08-18T11:18:58.861554+08:00",
  "collector": {
    "collector_id": "510300_PRIMARY_SECONDARY_FORWARD_V1",
    "symbol": "510300.SH",
    "fund_code": "510300",
    "timezone": "Asia/Shanghai",
    "timeout_seconds": 15,
    "observation_interval_seconds": 60,
    "collection_start_time": "09:30:00",
    "collection_end_time": "15:00:00",
    "collection_sessions": [
      [
        "09:30:00",
        "11:30:00"
      ],
      [
        "13:00:00",
        "15:00:00"
      ]
    ],
    "evidence_scope": "仅从实际接入日起的前向数据，不回填历史IOPV"
  },
  "checks": {
    "same_fund_code": true,
    "same_trade_date": true,
    "iopv_publication_enabled": true,
    "positive_iopv": true,
    "positive_last_price": true,
    "positive_creation_unit": true,
    "snapshot_fresh_during_collection_session": true
  },
  "freshness": {
    "during_collection_session": true,
    "clock_delay_seconds": 0.861554,
    "maximum_allowed_seconds_during_session": 180.0
  },
  "latest_pcf": {
    "trading_day": "2026-08-18",
    "previous_trading_day": "2026-08-17",
    "fund_code": "510300",
    "fund_name": "华泰柏瑞沪深300交易型开放式指数证券投资基金",
    "fund_company": "华泰柏瑞基金管理有限公司",
    "file_id": "1465021",
    "etf_type": "8",
    "nav": 4.8038,
    "nav_per_creation_unit": 4323446.47,
    "previous_cash_component": 108343.47,
    "estimated_cash_component": 108377.47,
    "maximum_cash_ratio": 0.5,
    "creation_redemption_unit": 900000,
    "component_count": 300,
    "publish_iopv": true,
    "creation_redemption_status": "申购和赎回皆允许",
    "creation_redemption_mechanism": "1",
    "creation_limit": null,
    "redemption_limit": 3600000000.0,
    "net_creation_limit": null,
    "net_redemption_limit": null,
    "creation_limit_per_account": null,
    "redemption_limit_per_account": null,
    "net_creation_limit_per_account": null,
    "net_redemption_limit_per_account": null,
    "source": "sse.COMMON_SSE_CP_JJLB_ETFJJGK_GGSGSHQD_JBXX_C",
    "retrieved_at": "2026-08-18T09:30:05.929758+08:00"
  },
  "latest_iopv": {
    "exchange_timestamp": "2026-08-18 11:18:58",
    "trade_date": "2026-08-18",
    "fund_code": "510300",
    "name": "300ETF",
    "extended_name": "沪深300ETF华泰柏瑞",
    "last_price": 4.759,
    "iopv": 4.7619,
    "premium_discount_bps": -6.090006090004874,
    "change_rate_pct": -0.87,
    "change_cny": -0.042,
    "open": 4.794,
    "previous_close": 4.801,
    "high": 4.803,
    "low": 4.751,
    "volume_shares": 476423543.0,
    "amount_cny": 2278606585.0,
    "trade_phase_raw": "T111    ",
    "post_close_volume_shares": 0.0,
    "post_close_amount_cny": 0.0,
    "post_close_phase_raw": "A1      ",
    "product_subtype": "EBS",
    "source": "sse.yunhq.sh1.snap",
    "retrieved_at": "2026-08-18T11:18:58.830459+08:00"
  },
  "account_feasibility": {
    "reference_account_cny": 20000.0,
    "creation_unit_notional_cny": 4283100.0,
    "can_directly_create_or_redeem": false,
    "intended_use": "只用PCF和IOPV观察一级市场吸收状态，在二级市场交易510300"
  },
  "storage": {
    "pcf": {
      "file": "data/raw/primary_market/510300_pcf_daily.parquet",
      "row_count": 4,
      "first_key": "2026-08-13",
      "last_key": "2026-08-18",
      "sha256": "829c810ec802ff72ad6532eb5255f25a98fef36cad8dec5db46c14c5e37dac65"
    },
    "iopv": {
      "file": "data/raw/primary_market/510300_iopv_snapshots.parquet",
      "row_count": 263,
      "first_key": "2026-08-13 16:29:06",
      "last_key": "2026-08-18 11:18:58",
      "sha256": "ace8b0758668d4f7fb6d8b8dc84fbe13a0b0d79bb7795db1636452dd7f940e2c"
    }
  },
  "raw_response_files": [
    "data/raw/primary_market/raw/iopv/20260818/20260818T111857_634407+0800.json"
  ],
  "governance": {
    "use_as_trading_signal": false,
    "automatic_ordering_authorized": false,
    "note": "当前只采集和纸面验证；未通过前向门槛前不得映射实盘仓位。"
  }
}
{
  "status": "PASS",
  "checked_at": "2026-08-18T11:20:00.233213+08:00",
  "collector": {
    "collector_id": "510300_PRIMARY_SECONDARY_FORWARD_V1",
    "symbol": "510300.SH",
    "fund_code": "510300",
    "timezone": "Asia/Shanghai",
    "timeout_seconds": 15,
    "observation_interval_seconds": 60,
    "collection_start_time": "09:30:00",
    "collection_end_time": "15:00:00",
    "collection_sessions": [
      [
        "09:30:00",
        "11:30:00"
      ],
      [
        "13:00:00",
        "15:00:00"
      ]
    ],
    "evidence_scope": "仅从实际接入日起的前向数据，不回填历史IOPV"
  },
  "checks": {
    "same_fund_code": true,
    "same_trade_date": true,
    "iopv_publication_enabled": true,
    "positive_iopv": true,
    "positive_last_price": true,
    "positive_creation_unit": true,
    "snapshot_fresh_during_collection_session": true
  },
  "freshness": {
    "during_collection_session": true,
    "clock_delay_seconds": 1.233213,
    "maximum_allowed_seconds_during_session": 180.0
  },
  "latest_pcf": {
    "trading_day": "2026-08-18",
    "previous_trading_day": "2026-08-17",
    "fund_code": "510300",
    "fund_name": "华泰柏瑞沪深300交易型开放式指数证券投资基金",
    "fund_company": "华泰柏瑞基金管理有限公司",
    "file_id": "1465021",
    "etf_type": "8",
    "nav": 4.8038,
    "nav_per_creation_unit": 4323446.47,
    "previous_cash_component": 108343.47,
    "estimated_cash_component": 108377.47,
    "maximum_cash_ratio": 0.5,
    "creation_redemption_unit": 900000,
    "component_count": 300,
    "publish_iopv": true,
    "creation_redemption_status": "申购和赎回皆允许",
    "creation_redemption_mechanism": "1",
    "creation_limit": null,
    "redemption_limit": 3600000000.0,
    "net_creation_limit": null,
    "net_redemption_limit": null,
    "creation_limit_per_account": null,
    "redemption_limit_per_account": null,
    "net_creation_limit_per_account": null,
    "net_redemption_limit_per_account": null,
    "source": "sse.COMMON_SSE_CP_JJLB_ETFJJGK_GGSGSHQD_JBXX_C",
    "retrieved_at": "2026-08-18T09:30:05.929758+08:00"
  },
  "latest_iopv": {
    "exchange_timestamp": "2026-08-18 11:19:59",
    "trade_date": "2026-08-18",
    "fund_code": "510300",
    "name": "300ETF",
    "extended_name": "沪深300ETF华泰柏瑞",
    "last_price": 4.76,
    "iopv": 4.763,
    "premium_discount_bps": -6.29855133319368,
    "change_rate_pct": -0.85,
    "change_cny": -0.041,
    "open": 4.794,
    "previous_close": 4.801,
    "high": 4.803,
    "low": 4.751,
    "volume_shares": 477175143.0,
    "amount_cny": 2282184172.0,
    "trade_phase_raw": "T111    ",
    "post_close_volume_shares": 0.0,
    "post_close_amount_cny": 0.0,
    "post_close_phase_raw": "A1      ",
    "product_subtype": "EBS",
    "source": "sse.yunhq.sh1.snap",
    "retrieved_at": "2026-08-18T11:20:00.192167+08:00"
  },
  "account_feasibility": {
    "reference_account_cny": 20000.0,
    "creation_unit_notional_cny": 4284000.0,
    "can_directly_create_or_redeem": false,
    "intended_use": "只用PCF和IOPV观察一级市场吸收状态，在二级市场交易510300"
  },
  "storage": {
    "pcf": {
      "file": "data/raw/primary_market/510300_pcf_daily.parquet",
      "row_count": 4,
      "first_key": "2026-08-13",
      "last_key": "2026-08-18",
      "sha256": "829c810ec802ff72ad6532eb5255f25a98fef36cad8dec5db46c14c5e37dac65"
    },
    "iopv": {
      "file": "data/raw/primary_market/510300_iopv_snapshots.parquet",
      "row_count": 264,
      "first_key": "2026-08-13 16:29:06",
      "last_key": "2026-08-18 11:19:59",
      "sha256": "349e42ef33ae3c85aefe8551b8f0b5df7f78811dd54e1e77dbd08586902186d5"
    }
  },
  "raw_response_files": [
    "data/raw/primary_market/raw/iopv/20260818/20260818T111958_864644+0800.json"
  ],
  "governance": {
    "use_as_trading_signal": false,
    "automatic_ordering_authorized": false,
    "note": "当前只采集和纸面验证；未通过前向门槛前不得映射实盘仓位。"
  }
}
{
  "status": "PASS",
  "checked_at": "2026-08-18T11:21:01.524620+08:00",
  "collector": {
    "collector_id": "510300_PRIMARY_SECONDARY_FORWARD_V1",
    "symbol": "510300.SH",
    "fund_code": "510300",
    "timezone": "Asia/Shanghai",
    "timeout_seconds": 15,
    "observation_interval_seconds": 60,
    "collection_start_time": "09:30:00",
    "collection_end_time": "15:00:00",
    "collection_sessions": [
      [
        "09:30:00",
        "11:30:00"
      ],
      [
        "13:00:00",
        "15:00:00"
      ]
    ],
    "evidence_scope": "仅从实际接入日起的前向数据，不回填历史IOPV"
  },
  "checks": {
    "same_fund_code": true,
    "same_trade_date": true,
    "iopv_publication_enabled": true,
    "positive_iopv": true,
    "positive_last_price": true,
    "positive_creation_unit": true,
    "snapshot_fresh_during_collection_session": true
  },
  "freshness": {
    "during_collection_session": true,
    "clock_delay_seconds": 0.52462,
    "maximum_allowed_seconds_during_session": 180.0
  },
  "latest_pcf": {
    "trading_day": "2026-08-18",
    "previous_trading_day": "2026-08-17",
    "fund_code": "510300",
    "fund_name": "华泰柏瑞沪深300交易型开放式指数证券投资基金",
    "fund_company": "华泰柏瑞基金管理有限公司",
    "file_id": "1465021",
    "etf_type": "8",
    "nav": 4.8038,
    "nav_per_creation_unit": 4323446.47,
    "previous_cash_component": 108343.47,
    "estimated_cash_component": 108377.47,
    "maximum_cash_ratio": 0.5,
    "creation_redemption_unit": 900000,
    "component_count": 300,
    "publish_iopv": true,
    "creation_redemption_status": "申购和赎回皆允许",
    "creation_redemption_mechanism": "1",
    "creation_limit": null,
    "redemption_limit": 3600000000.0,
    "net_creation_limit": null,
    "net_redemption_limit": null,
    "creation_limit_per_account": null,
    "redemption_limit_per_account": null,
    "net_creation_limit_per_account": null,
    "net_redemption_limit_per_account": null,
    "source": "sse.COMMON_SSE_CP_JJLB_ETFJJGK_GGSGSHQD_JBXX_C",
    "retrieved_at": "2026-08-18T09:30:05.929758+08:00"
  },
  "latest_iopv": {
    "exchange_timestamp": "2026-08-18 11:21:01",
    "trade_date": "2026-08-18",
    "fund_code": "510300",
    "name": "300ETF",
    "extended_name": "沪深300ETF华泰柏瑞",
    "last_price": 4.76,
    "iopv": 4.7612,
    "premium_discount_bps": -2.5203730152056902,
    "change_rate_pct": -0.85,
    "change_cny": -0.041,
    "open": 4.794,
    "previous_close": 4.801,
    "high": 4.803,
    "low": 4.751,
    "volume_shares": 477664843.0,
    "amount_cny": 2284514936.0,
    "trade_phase_raw": "T111    ",
    "post_close_volume_shares": 0.0,
    "post_close_amount_cny": 0.0,
    "post_close_phase_raw": "A1      ",
    "product_subtype": "EBS",
    "source": "sse.yunhq.sh1.snap",
    "retrieved_at": "2026-08-18T11:21:01.487552+08:00"
  },
  "account_feasibility": {
    "reference_account_cny": 20000.0,
    "creation_unit_notional_cny": 4284000.0,
    "can_directly_create_or_redeem": false,
    "intended_use": "只用PCF和IOPV观察一级市场吸收状态，在二级市场交易510300"
  },
  "storage": {
    "pcf": {
      "file": "data/raw/primary_market/510300_pcf_daily.parquet",
      "row_count": 4,
      "first_key": "2026-08-13",
      "last_key": "2026-08-18",
      "sha256": "829c810ec802ff72ad6532eb5255f25a98fef36cad8dec5db46c14c5e37dac65"
    },
    "iopv": {
      "file": "data/raw/primary_market/510300_iopv_snapshots.parquet",
      "row_count": 265,
      "first_key": "2026-08-13 16:29:06",
      "last_key": "2026-08-18 11:21:01",
      "sha256": "4be4679d04a03895eef661216b1171adb23e0885497af576ea257034d46979c4"
    }
  },
  "raw_response_files": [
    "data/raw/primary_market/raw/iopv/20260818/20260818T112100_237303+0800.json"
  ],
  "governance": {
    "use_as_trading_signal": false,
    "automatic_ordering_authorized": false,
    "note": "当前只采集和纸面验证；未通过前向门槛前不得映射实盘仓位。"
  }
}
{
  "status": "PASS",
  "checked_at": "2026-08-18T11:22:02.767422+08:00",
  "collector": {
    "collector_id": "510300_PRIMARY_SECONDARY_FORWARD_V1",
    "symbol": "510300.SH",
    "fund_code": "510300",
    "timezone": "Asia/Shanghai",
    "timeout_seconds": 15,
    "observation_interval_seconds": 60,
    "collection_start_time": "09:30:00",
    "collection_end_time": "15:00:00",
    "collection_sessions": [
      [
        "09:30:00",
        "11:30:00"
      ],
      [
        "13:00:00",
        "15:00:00"
      ]
    ],
    "evidence_scope": "仅从实际接入日起的前向数据，不回填历史IOPV"
  },
  "checks": {
    "same_fund_code": true,
    "same_trade_date": true,
    "iopv_publication_enabled": true,
    "positive_iopv": true,
    "positive_last_price": true,
    "positive_creation_unit": true,
    "snapshot_fresh_during_collection_session": true
  },
  "freshness": {
    "during_collection_session": true,
    "clock_delay_seconds": 0.767422,
    "maximum_allowed_seconds_during_session": 180.0
  },
  "latest_pcf": {
    "trading_day": "2026-08-18",
    "previous_trading_day": "2026-08-17",
    "fund_code": "510300",
    "fund_name": "华泰柏瑞沪深300交易型开放式指数证券投资基金",
    "fund_company": "华泰柏瑞基金管理有限公司",
    "file_id": "1465021",
    "etf_type": "8",
    "nav": 4.8038,
    "nav_per_creation_unit": 4323446.47,
    "previous_cash_component": 108343.47,
    "estimated_cash_component": 108377.47,
    "maximum_cash_ratio": 0.5,
    "creation_redemption_unit": 900000,
    "component_count": 300,
    "publish_iopv": true,
    "creation_redemption_status": "申购和赎回皆允许",
    "creation_redemption_mechanism": "1",
    "creation_limit": null,
    "redemption_limit": 3600000000.0,
    "net_creation_limit": null,
    "net_redemption_limit": null,
    "creation_limit_per_account": null,
    "redemption_limit_per_account": null,
    "net_creation_limit_per_account": null,
    "net_redemption_limit_per_account": null,
    "source": "sse.COMMON_SSE_CP_JJLB_ETFJJGK_GGSGSHQD_JBXX_C",
    "retrieved_at": "2026-08-18T09:30:05.929758+08:00"
  },
  "latest_iopv": {
    "exchange_timestamp": "2026-08-18 11:22:02",
    "trade_date": "2026-08-18",
    "fund_code": "510300",
    "name": "300ETF",
    "extended_name": "沪深300ETF华泰柏瑞",
    "last_price": 4.759,
    "iopv": 4.7625,
    "premium_discount_bps": -7.349081364829146,
    "change_rate_pct": -0.87,
    "change_cny": -0.042,
    "open": 4.794,
    "previous_close": 4.801,
    "high": 4.803,
    "low": 4.751,
    "volume_shares": 478090943.0,
    "amount_cny": 2286542899.0,
    "trade_phase_raw": "T111    ",
    "post_close_volume_shares": 0.0,
    "post_close_amount_cny": 0.0,
    "post_close_phase_raw": "A1      ",
    "product_subtype": "EBS",
    "source": "sse.yunhq.sh1.snap",
    "retrieved_at": "2026-08-18T11:22:02.723828+08:00"
  },
  "account_feasibility": {
    "reference_account_cny": 20000.0,
    "creation_unit_notional_cny": 4283100.0,
    "can_directly_create_or_redeem": false,
    "intended_use": "只用PCF和IOPV观察一级市场吸收状态，在二级市场交易510300"
  },
  "storage": {
    "pcf": {
      "file": "data/raw/primary_market/510300_pcf_daily.parquet",
      "row_count": 4,
      "first_key": "2026-08-13",
      "last_key": "2026-08-18",
      "sha256": "829c810ec802ff72ad6532eb5255f25a98fef36cad8dec5db46c14c5e37dac65"
    },
    "iopv": {
      "file": "data/raw/primary_market/510300_iopv_snapshots.parquet",
      "row_count": 266,
      "first_key": "2026-08-13 16:29:06",
      "last_key": "2026-08-18 11:22:02",
      "sha256": "8428286cc748c0e254d1b56cb9ad5ccfb353e53ff57590201b6dae5aee5338e0"
    }
  },
  "raw_response_files": [
    "data/raw/primary_market/raw/iopv/20260818/20260818T112201_527791+0800.json"
  ],
  "governance": {
    "use_as_trading_signal": false,
    "automatic_ordering_authorized": false,
    "note": "当前只采集和纸面验证；未通过前向门槛前不得映射实盘仓位。"
  }
}
{
  "status": "PASS",
  "checked_at": "2026-08-18T11:23:04.094347+08:00",
  "collector": {
    "collector_id": "510300_PRIMARY_SECONDARY_FORWARD_V1",
    "symbol": "510300.SH",
    "fund_code": "510300",
    "timezone": "Asia/Shanghai",
    "timeout_seconds": 15,
    "observation_interval_seconds": 60,
    "collection_start_time": "09:30:00",
    "collection_end_time": "15:00:00",
    "collection_sessions": [
      [
        "09:30:00",
        "11:30:00"
      ],
      [
        "13:00:00",
        "15:00:00"
      ]
    ],
    "evidence_scope": "仅从实际接入日起的前向数据，不回填历史IOPV"
  },
  "checks": {
    "same_fund_code": true,
    "same_trade_date": true,
    "iopv_publication_enabled": true,
    "positive_iopv": true,
    "positive_last_price": true,
    "positive_creation_unit": true,
    "snapshot_fresh_during_collection_session": true
  },
  "freshness": {
    "during_collection_session": true,
    "clock_delay_seconds": 1.094347,
    "maximum_allowed_seconds_during_session": 180.0
  },
  "latest_pcf": {
    "trading_day": "2026-08-18",
    "previous_trading_day": "2026-08-17",
    "fund_code": "510300",
    "fund_name": "华泰柏瑞沪深300交易型开放式指数证券投资基金",
    "fund_company": "华泰柏瑞基金管理有限公司",
    "file_id": "1465021",
    "etf_type": "8",
    "nav": 4.8038,
    "nav_per_creation_unit": 4323446.47,
    "previous_cash_component": 108343.47,
    "estimated_cash_component": 108377.47,
    "maximum_cash_ratio": 0.5,
    "creation_redemption_unit": 900000,
    "component_count": 300,
    "publish_iopv": true,
    "creation_redemption_status": "申购和赎回皆允许",
    "creation_redemption_mechanism": "1",
    "creation_limit": null,
    "redemption_limit": 3600000000.0,
    "net_creation_limit": null,
    "net_redemption_limit": null,
    "creation_limit_per_account": null,
    "redemption_limit_per_account": null,
    "net_creation_limit_per_account": null,
    "net_redemption_limit_per_account": null,
    "source": "sse.COMMON_SSE_CP_JJLB_ETFJJGK_GGSGSHQD_JBXX_C",
    "retrieved_at": "2026-08-18T09:30:05.929758+08:00"
  },
  "latest_iopv": {
    "exchange_timestamp": "2026-08-18 11:23:03",
    "trade_date": "2026-08-18",
    "fund_code": "510300",
    "name": "300ETF",
    "extended_name": "沪深300ETF华泰柏瑞",
    "last_price": 4.762,
    "iopv": 4.7636,
    "premium_discount_bps": -3.358804265682913,
    "change_rate_pct": -0.81,
    "change_cny": -0.039,
    "open": 4.794,
    "previous_close": 4.801,
    "high": 4.803,
    "low": 4.751,
    "volume_shares": 478402543.0,
    "amount_cny": 2288026398.0,
    "trade_phase_raw": "T111    ",
    "post_close_volume_shares": 0.0,
    "post_close_amount_cny": 0.0,
    "post_close_phase_raw": "A1      ",
    "product_subtype": "EBS",
    "source": "sse.yunhq.sh1.snap",
    "retrieved_at": "2026-08-18T11:23:04.067221+08:00"
  },
  "account_feasibility": {
    "reference_account_cny": 20000.0,
    "creation_unit_notional_cny": 4285800.0,
    "can_directly_create_or_redeem": false,
    "intended_use": "只用PCF和IOPV观察一级市场吸收状态，在二级市场交易510300"
  },
  "storage": {
    "pcf": {
      "file": "data/raw/primary_market/510300_pcf_daily.parquet",
      "row_count": 4,
      "first_key": "2026-08-13",
      "last_key": "2026-08-18",
      "sha256": "829c810ec802ff72ad6532eb5255f25a98fef36cad8dec5db46c14c5e37dac65"
    },
    "iopv": {
      "file": "data/raw/primary_market/510300_iopv_snapshots.parquet",
      "row_count": 267,
      "first_key": "2026-08-13 16:29:06",
      "last_key": "2026-08-18 11:23:03",
      "sha256": "d4f85ce6794dc83653947ccaa6fd013a385ea05779290d7a63c2ed560b85bf8c"
    }
  },
  "raw_response_files": [
    "data/raw/primary_market/raw/iopv/20260818/20260818T112302_770938+0800.json"
  ],
  "governance": {
    "use_as_trading_signal": false,
    "automatic_ordering_authorized": false,
    "note": "当前只采集和纸面验证；未通过前向门槛前不得映射实盘仓位。"
  }
}
{
  "status": "PASS",
  "checked_at": "2026-08-18T11:24:05.334083+08:00",
  "collector": {
    "collector_id": "510300_PRIMARY_SECONDARY_FORWARD_V1",
    "symbol": "510300.SH",
    "fund_code": "510300",
    "timezone": "Asia/Shanghai",
    "timeout_seconds": 15,
    "observation_interval_seconds": 60,
    "collection_start_time": "09:30:00",
    "collection_end_time": "15:00:00",
    "collection_sessions": [
      [
        "09:30:00",
        "11:30:00"
      ],
      [
        "13:00:00",
        "15:00:00"
      ]
    ],
    "evidence_scope": "仅从实际接入日起的前向数据，不回填历史IOPV"
  },
  "checks": {
    "same_fund_code": true,
    "same_trade_date": true,
    "iopv_publication_enabled": true,
    "positive_iopv": true,
    "positive_last_price": true,
    "positive_creation_unit": true,
    "snapshot_fresh_during_collection_session": true
  },
  "freshness": {
    "during_collection_session": true,
    "clock_delay_seconds": 0.334083,
    "maximum_allowed_seconds_during_session": 180.0
  },
  "latest_pcf": {
    "trading_day": "2026-08-18",
    "previous_trading_day": "2026-08-17",
    "fund_code": "510300",
    "fund_name": "华泰柏瑞沪深300交易型开放式指数证券投资基金",
    "fund_company": "华泰柏瑞基金管理有限公司",
    "file_id": "1465021",
    "etf_type": "8",
    "nav": 4.8038,
    "nav_per_creation_unit": 4323446.47,
    "previous_cash_component": 108343.47,
    "estimated_cash_component": 108377.47,
    "maximum_cash_ratio": 0.5,
    "creation_redemption_unit": 900000,
    "component_count": 300,
    "publish_iopv": true,
    "creation_redemption_status": "申购和赎回皆允许",
    "creation_redemption_mechanism": "1",
    "creation_limit": null,
    "redemption_limit": 3600000000.0,
    "net_creation_limit": null,
    "net_redemption_limit": null,
    "creation_limit_per_account": null,
    "redemption_limit_per_account": null,
    "net_creation_limit_per_account": null,
    "net_redemption_limit_per_account": null,
    "source": "sse.COMMON_SSE_CP_JJLB_ETFJJGK_GGSGSHQD_JBXX_C",
    "retrieved_at": "2026-08-18T09:30:05.929758+08:00"
  },
  "latest_iopv": {
    "exchange_timestamp": "2026-08-18 11:24:05",
    "trade_date": "2026-08-18",
    "fund_code": "510300",
    "name": "300ETF",
    "extended_name": "沪深300ETF华泰柏瑞",
    "last_price": 4.76,
    "iopv": 4.7628,
    "premium_discount_bps": -5.8788947677845815,
    "change_rate_pct": -0.85,
    "change_cny": -0.041,
    "open": 4.794,
    "previous_close": 4.801,
    "high": 4.803,
    "low": 4.751,
    "volume_shares": 478869343.0,
    "amount_cny": 2290248648.0,
    "trade_phase_raw": "T111    ",
    "post_close_volume_shares": 0.0,
    "post_close_amount_cny": 0.0,
    "post_close_phase_raw": "A1      ",
    "product_subtype": "EBS",
    "source": "sse.yunhq.sh1.snap",
    "retrieved_at": "2026-08-18T11:24:05.290536+08:00"
  },
  "account_feasibility": {
    "reference_account_cny": 20000.0,
    "creation_unit_notional_cny": 4284000.0,
    "can_directly_create_or_redeem": false,
    "intended_use": "只用PCF和IOPV观察一级市场吸收状态，在二级市场交易510300"
  },
  "storage": {
    "pcf": {
      "file": "data/raw/primary_market/510300_pcf_daily.parquet",
      "row_count": 4,
      "first_key": "2026-08-13",
      "last_key": "2026-08-18",
      "sha256": "829c810ec802ff72ad6532eb5255f25a98fef36cad8dec5db46c14c5e37dac65"
    },
    "iopv": {
      "file": "data/raw/primary_market/510300_iopv_snapshots.parquet",
      "row_count": 268,
      "first_key": "2026-08-13 16:29:06",
      "last_key": "2026-08-18 11:24:05",
      "sha256": "0ffe2244f5138062ba3db7d081c89f2b545dde798cdae34902bdc55c72c9c549"
    }
  },
  "raw_response_files": [
    "data/raw/primary_market/raw/iopv/20260818/20260818T112404_096841+0800.json"
  ],
  "governance": {
    "use_as_trading_signal": false,
    "automatic_ordering_authorized": false,
    "note": "当前只采集和纸面验证；未通过前向门槛前不得映射实盘仓位。"
  }
}
{
  "status": "PASS",
  "checked_at": "2026-08-18T11:25:07.747669+08:00",
  "collector": {
    "collector_id": "510300_PRIMARY_SECONDARY_FORWARD_V1",
    "symbol": "510300.SH",
    "fund_code": "510300",
    "timezone": "Asia/Shanghai",
    "timeout_seconds": 15,
    "observation_interval_seconds": 60,
    "collection_start_time": "09:30:00",
    "collection_end_time": "15:00:00",
    "collection_sessions": [
      [
        "09:30:00",
        "11:30:00"
      ],
      [
        "13:00:00",
        "15:00:00"
      ]
    ],
    "evidence_scope": "仅从实际接入日起的前向数据，不回填历史IOPV"
  },
  "checks": {
    "same_fund_code": true,
    "same_trade_date": true,
    "iopv_publication_enabled": true,
    "positive_iopv": true,
    "positive_last_price": true,
    "positive_creation_unit": true,
    "snapshot_fresh_during_collection_session": true
  },
  "freshness": {
    "during_collection_session": true,
    "clock_delay_seconds": 0.747669,
    "maximum_allowed_seconds_during_session": 180.0
  },
  "latest_pcf": {
    "trading_day": "2026-08-18",
    "previous_trading_day": "2026-08-17",
    "fund_code": "510300",
    "fund_name": "华泰柏瑞沪深300交易型开放式指数证券投资基金",
    "fund_company": "华泰柏瑞基金管理有限公司",
    "file_id": "1465021",
    "etf_type": "8",
    "nav": 4.8038,
    "nav_per_creation_unit": 4323446.47,
    "previous_cash_component": 108343.47,
    "estimated_cash_component": 108377.47,
    "maximum_cash_ratio": 0.5,
    "creation_redemption_unit": 900000,
    "component_count": 300,
    "publish_iopv": true,
    "creation_redemption_status": "申购和赎回皆允许",
    "creation_redemption_mechanism": "1",
    "creation_limit": null,
    "redemption_limit": 3600000000.0,
    "net_creation_limit": null,
    "net_redemption_limit": null,
    "creation_limit_per_account": null,
    "redemption_limit_per_account": null,
    "net_creation_limit_per_account": null,
    "net_redemption_limit_per_account": null,
    "source": "sse.COMMON_SSE_CP_JJLB_ETFJJGK_GGSGSHQD_JBXX_C",
    "retrieved_at": "2026-08-18T09:30:05.929758+08:00"
  },
  "latest_iopv": {
    "exchange_timestamp": "2026-08-18 11:25:07",
    "trade_date": "2026-08-18",
    "fund_code": "510300",
    "name": "300ETF",
    "extended_name": "沪深300ETF华泰柏瑞",
    "last_price": 4.762,
    "iopv": 4.7658,
    "premium_discount_bps": -7.97347769524559,
    "change_rate_pct": -0.81,
    "change_cny": -0.039,
    "open": 4.794,
    "previous_close": 4.801,
    "high": 4.803,
    "low": 4.751,
    "volume_shares": 479590843.0,
    "amount_cny": 2293684201.0,
    "trade_phase_raw": "T111    ",
    "post_close_volume_shares": 0.0,
    "post_close_amount_cny": 0.0,
    "post_close_phase_raw": "A1      ",
    "product_subtype": "EBS",
    "source": "sse.yunhq.sh1.snap",
    "retrieved_at": "2026-08-18T11:25:07.708959+08:00"
  },
  "account_feasibility": {
    "reference_account_cny": 20000.0,
    "creation_unit_notional_cny": 4285800.0,
    "can_directly_create_or_redeem": false,
    "intended_use": "只用PCF和IOPV观察一级市场吸收状态，在二级市场交易510300"
  },
  "storage": {
    "pcf": {
      "file": "data/raw/primary_market/510300_pcf_daily.parquet",
      "row_count": 4,
      "first_key": "2026-08-13",
      "last_key": "2026-08-18",
      "sha256": "829c810ec802ff72ad6532eb5255f25a98fef36cad8dec5db46c14c5e37dac65"
    },
    "iopv": {
      "file": "data/raw/primary_market/510300_iopv_snapshots.parquet",
      "row_count": 269,
      "first_key": "2026-08-13 16:29:06",
      "last_key": "2026-08-18 11:25:07",
      "sha256": "c7d1c2b39f27a02c6465c5c1a433850a347e7039de6a9e3fe1887603be0a2e33"
    }
  },
  "raw_response_files": [
    "data/raw/primary_market/raw/iopv/20260818/20260818T112505_338093+0800.json"
  ],
  "governance": {
    "use_as_trading_signal": false,
    "automatic_ordering_authorized": false,
    "note": "当前只采集和纸面验证；未通过前向门槛前不得映射实盘仓位。"
  }
}
{
  "status": "PASS",
  "checked_at": "2026-08-18T11:26:09.022360+08:00",
  "collector": {
    "collector_id": "510300_PRIMARY_SECONDARY_FORWARD_V1",
    "symbol": "510300.SH",
    "fund_code": "510300",
    "timezone": "Asia/Shanghai",
    "timeout_seconds": 15,
    "observation_interval_seconds": 60,
    "collection_start_time": "09:30:00",
    "collection_end_time": "15:00:00",
    "collection_sessions": [
      [
        "09:30:00",
        "11:30:00"
      ],
      [
        "13:00:00",
        "15:00:00"
      ]
    ],
    "evidence_scope": "仅从实际接入日起的前向数据，不回填历史IOPV"
  },
  "checks": {
    "same_fund_code": true,
    "same_trade_date": true,
    "iopv_publication_enabled": true,
    "positive_iopv": true,
    "positive_last_price": true,
    "positive_creation_unit": true,
    "snapshot_fresh_during_collection_session": true
  },
  "freshness": {
    "during_collection_session": true,
    "clock_delay_seconds": 1.02236,
    "maximum_allowed_seconds_during_session": 180.0
  },
  "latest_pcf": {
    "trading_day": "2026-08-18",
    "previous_trading_day": "2026-08-17",
    "fund_code": "510300",
    "fund_name": "华泰柏瑞沪深300交易型开放式指数证券投资基金",
    "fund_company": "华泰柏瑞基金管理有限公司",
    "file_id": "1465021",
    "etf_type": "8",
    "nav": 4.8038,
    "nav_per_creation_unit": 4323446.47,
    "previous_cash_component": 108343.47,
    "estimated_cash_component": 108377.47,
    "maximum_cash_ratio": 0.5,
    "creation_redemption_unit": 900000,
    "component_count": 300,
    "publish_iopv": true,
    "creation_redemption_status": "申购和赎回皆允许",
    "creation_redemption_mechanism": "1",
    "creation_limit": null,
    "redemption_limit": 3600000000.0,
    "net_creation_limit": null,
    "net_redemption_limit": null,
    "creation_limit_per_account": null,
    "redemption_limit_per_account": null,
    "net_creation_limit_per_account": null,
    "net_redemption_limit_per_account": null,
    "source": "sse.COMMON_SSE_CP_JJLB_ETFJJGK_GGSGSHQD_JBXX_C",
    "retrieved_at": "2026-08-18T09:30:05.929758+08:00"
  },
  "latest_iopv": {
    "exchange_timestamp": "2026-08-18 11:26:08",
    "trade_date": "2026-08-18",
    "fund_code": "510300",
    "name": "300ETF",
    "extended_name": "沪深300ETF华泰柏瑞",
    "last_price": 4.765,
    "iopv": 4.7673,
    "premium_discount_bps": -4.82453380320047,
    "change_rate_pct": -0.75,
    "change_cny": -0.036,
    "open": 4.794,
    "previous_close": 4.801,
    "high": 4.803,
    "low": 4.751,
    "volume_shares": 481081543.0,
    "amount_cny": 2300785422.0,
    "trade_phase_raw": "T111    ",
    "post_close_volume_shares": 0.0,
    "post_close_amount_cny": 0.0,
    "post_close_phase_raw": "A1      ",
    "product_subtype": "EBS",
    "source": "sse.yunhq.sh1.snap",
    "retrieved_at": "2026-08-18T11:26:08.981424+08:00"
  },
  "account_feasibility": {
    "reference_account_cny": 20000.0,
    "creation_unit_notional_cny": 4288500.0,
    "can_directly_create_or_redeem": false,
    "intended_use": "只用PCF和IOPV观察一级市场吸收状态，在二级市场交易510300"
  },
  "storage": {
    "pcf": {
      "file": "data/raw/primary_market/510300_pcf_daily.parquet",
      "row_count": 4,
      "first_key": "2026-08-13",
      "last_key": "2026-08-18",
      "sha256": "829c810ec802ff72ad6532eb5255f25a98fef36cad8dec5db46c14c5e37dac65"
    },
    "iopv": {
      "file": "data/raw/primary_market/510300_iopv_snapshots.parquet",
      "row_count": 270,
      "first_key": "2026-08-13 16:29:06",
      "last_key": "2026-08-18 11:26:08",
      "sha256": "7f1b90065d0ffe5a69ef6c111d6f2f7c8f91ef9318ee3606f89e11a6fea3aa8e"
    }
  },
  "raw_response_files": [
    "data/raw/primary_market/raw/iopv/20260818/20260818T112607_750507+0800.json"
  ],
  "governance": {
    "use_as_trading_signal": false,
    "automatic_ordering_authorized": false,
    "note": "当前只采集和纸面验证；未通过前向门槛前不得映射实盘仓位。"
  }
}
{
  "status": "PASS",
  "checked_at": "2026-08-18T11:27:10.208772+08:00",
  "collector": {
    "collector_id": "510300_PRIMARY_SECONDARY_FORWARD_V1",
    "symbol": "510300.SH",
    "fund_code": "510300",
    "timezone": "Asia/Shanghai",
    "timeout_seconds": 15,
    "observation_interval_seconds": 60,
    "collection_start_time": "09:30:00",
    "collection_end_time": "15:00:00",
    "collection_sessions": [
      [
        "09:30:00",
        "11:30:00"
      ],
      [
        "13:00:00",
        "15:00:00"
      ]
    ],
    "evidence_scope": "仅从实际接入日起的前向数据，不回填历史IOPV"
  },
  "checks": {
    "same_fund_code": true,
    "same_trade_date": true,
    "iopv_publication_enabled": true,
    "positive_iopv": true,
    "positive_last_price": true,
    "positive_creation_unit": true,
    "snapshot_fresh_during_collection_session": true
  },
  "freshness": {
    "during_collection_session": true,
    "clock_delay_seconds": 0.208772,
    "maximum_allowed_seconds_during_session": 180.0
  },
  "latest_pcf": {
    "trading_day": "2026-08-18",
    "previous_trading_day": "2026-08-17",
    "fund_code": "510300",
    "fund_name": "华泰柏瑞沪深300交易型开放式指数证券投资基金",
    "fund_company": "华泰柏瑞基金管理有限公司",
    "file_id": "1465021",
    "etf_type": "8",
    "nav": 4.8038,
    "nav_per_creation_unit": 4323446.47,
    "previous_cash_component": 108343.47,
    "estimated_cash_component": 108377.47,
    "maximum_cash_ratio": 0.5,
    "creation_redemption_unit": 900000,
    "component_count": 300,
    "publish_iopv": true,
    "creation_redemption_status": "申购和赎回皆允许",
    "creation_redemption_mechanism": "1",
    "creation_limit": null,
    "redemption_limit": 3600000000.0,
    "net_creation_limit": null,
    "net_redemption_limit": null,
    "creation_limit_per_account": null,
    "redemption_limit_per_account": null,
    "net_creation_limit_per_account": null,
    "net_redemption_limit_per_account": null,
    "source": "sse.COMMON_SSE_CP_JJLB_ETFJJGK_GGSGSHQD_JBXX_C",
    "retrieved_at": "2026-08-18T09:30:05.929758+08:00"
  },
  "latest_iopv": {
    "exchange_timestamp": "2026-08-18 11:27:10",
    "trade_date": "2026-08-18",
    "fund_code": "510300",
    "name": "300ETF",
    "extended_name": "沪深300ETF华泰柏瑞",
    "last_price": 4.764,
    "iopv": 4.767,
    "premium_discount_bps": -6.293266205160686,
    "change_rate_pct": -0.77,
    "change_cny": -0.037,
    "open": 4.794,
    "previous_close": 4.801,
    "high": 4.803,
    "low": 4.751,
    "volume_shares": 481500443.0,
    "amount_cny": 2302780997.0,
    "trade_phase_raw": "T111    ",
    "post_close_volume_shares": 0.0,
    "post_close_amount_cny": 0.0,
    "post_close_phase_raw": "A1      ",
    "product_subtype": "EBS",
    "source": "sse.yunhq.sh1.snap",
    "retrieved_at": "2026-08-18T11:27:10.180030+08:00"
  },
  "account_feasibility": {
    "reference_account_cny": 20000.0,
    "creation_unit_notional_cny": 4287600.0,
    "can_directly_create_or_redeem": false,
    "intended_use": "只用PCF和IOPV观察一级市场吸收状态，在二级市场交易510300"
  },
  "storage": {
    "pcf": {
      "file": "data/raw/primary_market/510300_pcf_daily.parquet",
      "row_count": 4,
      "first_key": "2026-08-13",
      "last_key": "2026-08-18",
      "sha256": "829c810ec802ff72ad6532eb5255f25a98fef36cad8dec5db46c14c5e37dac65"
    },
    "iopv": {
      "file": "data/raw/primary_market/510300_iopv_snapshots.parquet",
      "row_count": 271,
      "first_key": "2026-08-13 16:29:06",
      "last_key": "2026-08-18 11:27:10",
      "sha256": "8a4dfacdd11f301a9d09c0bf0e1d31df6bb451b7f06668ab84a3360d3b8eef7d"
    }
  },
  "raw_response_files": [
    "data/raw/primary_market/raw/iopv/20260818/20260818T112709_026652+0800.json"
  ],
  "governance": {
    "use_as_trading_signal": false,
    "automatic_ordering_authorized": false,
    "note": "当前只采集和纸面验证；未通过前向门槛前不得映射实盘仓位。"
  }
}
{
  "status": "PASS",
  "checked_at": "2026-08-18T11:28:11.648962+08:00",
  "collector": {
    "collector_id": "510300_PRIMARY_SECONDARY_FORWARD_V1",
    "symbol": "510300.SH",
    "fund_code": "510300",
    "timezone": "Asia/Shanghai",
    "timeout_seconds": 15,
    "observation_interval_seconds": 60,
    "collection_start_time": "09:30:00",
    "collection_end_time": "15:00:00",
    "collection_sessions": [
      [
        "09:30:00",
        "11:30:00"
      ],
      [
        "13:00:00",
        "15:00:00"
      ]
    ],
    "evidence_scope": "仅从实际接入日起的前向数据，不回填历史IOPV"
  },
  "checks": {
    "same_fund_code": true,
    "same_trade_date": true,
    "iopv_publication_enabled": true,
    "positive_iopv": true,
    "positive_last_price": true,
    "positive_creation_unit": true,
    "snapshot_fresh_during_collection_session": true
  },
  "freshness": {
    "during_collection_session": true,
    "clock_delay_seconds": 0.648962,
    "maximum_allowed_seconds_during_session": 180.0
  },
  "latest_pcf": {
    "trading_day": "2026-08-18",
    "previous_trading_day": "2026-08-17",
    "fund_code": "510300",
    "fund_name": "华泰柏瑞沪深300交易型开放式指数证券投资基金",
    "fund_company": "华泰柏瑞基金管理有限公司",
    "file_id": "1465021",
    "etf_type": "8",
    "nav": 4.8038,
    "nav_per_creation_unit": 4323446.47,
    "previous_cash_component": 108343.47,
    "estimated_cash_component": 108377.47,
    "maximum_cash_ratio": 0.5,
    "creation_redemption_unit": 900000,
    "component_count": 300,
    "publish_iopv": true,
    "creation_redemption_status": "申购和赎回皆允许",
    "creation_redemption_mechanism": "1",
    "creation_limit": null,
    "redemption_limit": 3600000000.0,
    "net_creation_limit": null,
    "net_redemption_limit": null,
    "creation_limit_per_account": null,
    "redemption_limit_per_account": null,
    "net_creation_limit_per_account": null,
    "net_redemption_limit_per_account": null,
    "source": "sse.COMMON_SSE_CP_JJLB_ETFJJGK_GGSGSHQD_JBXX_C",
    "retrieved_at": "2026-08-18T09:30:05.929758+08:00"
  },
  "latest_iopv": {
    "exchange_timestamp": "2026-08-18 11:28:11",
    "trade_date": "2026-08-18",
    "fund_code": "510300",
    "name": "300ETF",
    "extended_name": "沪深300ETF华泰柏瑞",
    "last_price": 4.766,
    "iopv": 4.7685,
    "premium_discount_bps": -5.2427388067533,
    "change_rate_pct": -0.73,
    "change_cny": -0.035,
    "open": 4.794,
    "previous_close": 4.801,
    "high": 4.803,
    "low": 4.751,
    "volume_shares": 481725643.0,
    "amount_cny": 2303853950.0,
    "trade_phase_raw": "T111    ",
    "post_close_volume_shares": 0.0,
    "post_close_amount_cny": 0.0,
    "post_close_phase_raw": "A1      ",
    "product_subtype": "EBS",
    "source": "sse.yunhq.sh1.snap",
    "retrieved_at": "2026-08-18T11:28:11.622462+08:00"
  },
  "account_feasibility": {
    "reference_account_cny": 20000.0,
    "creation_unit_notional_cny": 4289400.0,
    "can_directly_create_or_redeem": false,
    "intended_use": "只用PCF和IOPV观察一级市场吸收状态，在二级市场交易510300"
  },
  "storage": {
    "pcf": {
      "file": "data/raw/primary_market/510300_pcf_daily.parquet",
      "row_count": 4,
      "first_key": "2026-08-13",
      "last_key": "2026-08-18",
      "sha256": "829c810ec802ff72ad6532eb5255f25a98fef36cad8dec5db46c14c5e37dac65"
    },
    "iopv": {
      "file": "data/raw/primary_market/510300_iopv_snapshots.parquet",
      "row_count": 272,
      "first_key": "2026-08-13 16:29:06",
      "last_key": "2026-08-18 11:28:11",
      "sha256": "d1075e24f5fc12bf7a85827be70c18ea08395d51edc937cfe2103a2aa72660ad"
    }
  },
  "raw_response_files": [
    "data/raw/primary_market/raw/iopv/20260818/20260818T112810_211945+0800.json"
  ],
  "governance": {
    "use_as_trading_signal": false,
    "automatic_ordering_authorized": false,
    "note": "当前只采集和纸面验证；未通过前向门槛前不得映射实盘仓位。"
  }
}
{
  "status": "PASS",
  "checked_at": "2026-08-18T11:29:12.864503+08:00",
  "collector": {
    "collector_id": "510300_PRIMARY_SECONDARY_FORWARD_V1",
    "symbol": "510300.SH",
    "fund_code": "510300",
    "timezone": "Asia/Shanghai",
    "timeout_seconds": 15,
    "observation_interval_seconds": 60,
    "collection_start_time": "09:30:00",
    "collection_end_time": "15:00:00",
    "collection_sessions": [
      [
        "09:30:00",
        "11:30:00"
      ],
      [
        "13:00:00",
        "15:00:00"
      ]
    ],
    "evidence_scope": "仅从实际接入日起的前向数据，不回填历史IOPV"
  },
  "checks": {
    "same_fund_code": true,
    "same_trade_date": true,
    "iopv_publication_enabled": true,
    "positive_iopv": true,
    "positive_last_price": true,
    "positive_creation_unit": true,
    "snapshot_fresh_during_collection_session": true
  },
  "freshness": {
    "during_collection_session": true,
    "clock_delay_seconds": 0.864503,
    "maximum_allowed_seconds_during_session": 180.0
  },
  "latest_pcf": {
    "trading_day": "2026-08-18",
    "previous_trading_day": "2026-08-17",
    "fund_code": "510300",
    "fund_name": "华泰柏瑞沪深300交易型开放式指数证券投资基金",
    "fund_company": "华泰柏瑞基金管理有限公司",
    "file_id": "1465021",
    "etf_type": "8",
    "nav": 4.8038,
    "nav_per_creation_unit": 4323446.47,
    "previous_cash_component": 108343.47,
    "estimated_cash_component": 108377.47,
    "maximum_cash_ratio": 0.5,
    "creation_redemption_unit": 900000,
    "component_count": 300,
    "publish_iopv": true,
    "creation_redemption_status": "申购和赎回皆允许",
    "creation_redemption_mechanism": "1",
    "creation_limit": null,
    "redemption_limit": 3600000000.0,
    "net_creation_limit": null,
    "net_redemption_limit": null,
    "creation_limit_per_account": null,
    "redemption_limit_per_account": null,
    "net_creation_limit_per_account": null,
    "net_redemption_limit_per_account": null,
    "source": "sse.COMMON_SSE_CP_JJLB_ETFJJGK_GGSGSHQD_JBXX_C",
    "retrieved_at": "2026-08-18T09:30:05.929758+08:00"
  },
  "latest_iopv": {
    "exchange_timestamp": "2026-08-18 11:29:12",
    "trade_date": "2026-08-18",
    "fund_code": "510300",
    "name": "300ETF",
    "extended_name": "沪深300ETF华泰柏瑞",
    "last_price": 4.764,
    "iopv": 4.7669,
    "premium_discount_bps": -6.0836182844181685,
    "change_rate_pct": -0.77,
    "change_cny": -0.037,
    "open": 4.794,
    "previous_close": 4.801,
    "high": 4.803,
    "low": 4.751,
    "volume_shares": 482494943.0,
    "amount_cny": 2307519720.0,
    "trade_phase_raw": "T111    ",
    "post_close_volume_shares": 0.0,
    "post_close_amount_cny": 0.0,
    "post_close_phase_raw": "A1      ",
    "product_subtype": "EBS",
    "source": "sse.yunhq.sh1.snap",
    "retrieved_at": "2026-08-18T11:29:12.830215+08:00"
  },
  "account_feasibility": {
    "reference_account_cny": 20000.0,
    "creation_unit_notional_cny": 4287600.0,
    "can_directly_create_or_redeem": false,
    "intended_use": "只用PCF和IOPV观察一级市场吸收状态，在二级市场交易510300"
  },
  "storage": {
    "pcf": {
      "file": "data/raw/primary_market/510300_pcf_daily.parquet",
      "row_count": 4,
      "first_key": "2026-08-13",
      "last_key": "2026-08-18",
      "sha256": "829c810ec802ff72ad6532eb5255f25a98fef36cad8dec5db46c14c5e37dac65"
    },
    "iopv": {
      "file": "data/raw/primary_market/510300_iopv_snapshots.parquet",
      "row_count": 273,
      "first_key": "2026-08-13 16:29:06",
      "last_key": "2026-08-18 11:29:12",
      "sha256": "d855b2b5c588215e6c35061f5e2ebb93ab369d74745f9a73f6aaa5ca332ab956"
    }
  },
  "raw_response_files": [
    "data/raw/primary_market/raw/iopv/20260818/20260818T112911_652387+0800.json"
  ],
  "governance": {
    "use_as_trading_signal": false,
    "automatic_ordering_authorized": false,
    "note": "当前只采集和纸面验证；未通过前向门槛前不得映射实盘仓位。"
  }
}
{
  "status": "PASS",
  "checked_at": "2026-08-18T13:00:16.210126+08:00",
  "collector": {
    "collector_id": "510300_PRIMARY_SECONDARY_FORWARD_V1",
    "symbol": "510300.SH",
    "fund_code": "510300",
    "timezone": "Asia/Shanghai",
    "timeout_seconds": 15,
    "observation_interval_seconds": 60,
    "collection_start_time": "09:30:00",
    "collection_end_time": "15:00:00",
    "collection_sessions": [
      [
        "09:30:00",
        "11:30:00"
      ],
      [
        "13:00:00",
        "15:00:00"
      ]
    ],
    "evidence_scope": "仅从实际接入日起的前向数据，不回填历史IOPV"
  },
  "checks": {
    "same_fund_code": true,
    "same_trade_date": true,
    "iopv_publication_enabled": true,
    "positive_iopv": true,
    "positive_last_price": true,
    "positive_creation_unit": true,
    "snapshot_fresh_during_collection_session": true
  },
  "freshness": {
    "during_collection_session": true,
    "clock_delay_seconds": 1.210126,
    "maximum_allowed_seconds_during_session": 180.0
  },
  "latest_pcf": {
    "trading_day": "2026-08-18",
    "previous_trading_day": "2026-08-17",
    "fund_code": "510300",
    "fund_name": "华泰柏瑞沪深300交易型开放式指数证券投资基金",
    "fund_company": "华泰柏瑞基金管理有限公司",
    "file_id": "1465021",
    "etf_type": "8",
    "nav": 4.8038,
    "nav_per_creation_unit": 4323446.47,
    "previous_cash_component": 108343.47,
    "estimated_cash_component": 108377.47,
    "maximum_cash_ratio": 0.5,
    "creation_redemption_unit": 900000,
    "component_count": 300,
    "publish_iopv": true,
    "creation_redemption_status": "申购和赎回皆允许",
    "creation_redemption_mechanism": "1",
    "creation_limit": null,
    "redemption_limit": 3600000000.0,
    "net_creation_limit": null,
    "net_redemption_limit": null,
    "creation_limit_per_account": null,
    "redemption_limit_per_account": null,
    "net_creation_limit_per_account": null,
    "net_redemption_limit_per_account": null,
    "source": "sse.COMMON_SSE_CP_JJLB_ETFJJGK_GGSGSHQD_JBXX_C",
    "retrieved_at": "2026-08-18T09:30:05.929758+08:00"
  },
  "latest_iopv": {
    "exchange_timestamp": "2026-08-18 13:00:15",
    "trade_date": "2026-08-18",
    "fund_code": "510300",
    "name": "300ETF",
    "extended_name": "沪深300ETF华泰柏瑞",
    "last_price": 4.762,
    "iopv": 4.7647,
    "premium_discount_bps": -5.666673662562127,
    "change_rate_pct": -0.81,
    "change_cny": -0.039,
    "open": 4.794,
    "previous_close": 4.801,
    "high": 4.803,
    "low": 4.751,
    "volume_shares": 485243643.0,
    "amount_cny": 2320614768.0,
    "trade_phase_raw": "T111    ",
    "post_close_volume_shares": 0.0,
    "post_close_amount_cny": 0.0,
    "post_close_phase_raw": "A1      ",
    "product_subtype": "EBS",
    "source": "sse.yunhq.sh1.snap",
    "retrieved_at": "2026-08-18T13:00:15.919710+08:00"
  },
  "account_feasibility": {
    "reference_account_cny": 20000.0,
    "creation_unit_notional_cny": 4285800.0,
    "can_directly_create_or_redeem": false,
    "intended_use": "只用PCF和IOPV观察一级市场吸收状态，在二级市场交易510300"
  },
  "storage": {
    "pcf": {
      "file": "data/raw/primary_market/510300_pcf_daily.parquet",
      "row_count": 4,
      "first_key": "2026-08-13",
      "last_key": "2026-08-18",
      "sha256": "829c810ec802ff72ad6532eb5255f25a98fef36cad8dec5db46c14c5e37dac65"
    },
    "iopv": {
      "file": "data/raw/primary_market/510300_iopv_snapshots.parquet",
      "row_count": 274,
      "first_key": "2026-08-13 16:29:06",
      "last_key": "2026-08-18 13:00:15",
      "sha256": "a9bcc8d4e75effa99f98ddca073481fe48858f1f94060eac8376f2ec676dc2c8"
    }
  },
  "raw_response_files": [
    "data/raw/primary_market/raw/iopv/20260818/20260818T130013_020494+0800.json"
  ],
  "governance": {
    "use_as_trading_signal": false,
    "automatic_ordering_authorized": false,
    "note": "当前只采集和纸面验证；未通过前向门槛前不得映射实盘仓位。"
  }
}
{
  "status": "PASS",
  "checked_at": "2026-08-18T13:01:17.752766+08:00",
  "collector": {
    "collector_id": "510300_PRIMARY_SECONDARY_FORWARD_V1",
    "symbol": "510300.SH",
    "fund_code": "510300",
    "timezone": "Asia/Shanghai",
    "timeout_seconds": 15,
    "observation_interval_seconds": 60,
    "collection_start_time": "09:30:00",
    "collection_end_time": "15:00:00",
    "collection_sessions": [
      [
        "09:30:00",
        "11:30:00"
      ],
      [
        "13:00:00",
        "15:00:00"
      ]
    ],
    "evidence_scope": "仅从实际接入日起的前向数据，不回填历史IOPV"
  },
  "checks": {
    "same_fund_code": true,
    "same_trade_date": true,
    "iopv_publication_enabled": true,
    "positive_iopv": true,
    "positive_last_price": true,
    "positive_creation_unit": true,
    "snapshot_fresh_during_collection_session": true
  },
  "freshness": {
    "during_collection_session": true,
    "clock_delay_seconds": 0.752766,
    "maximum_allowed_seconds_during_session": 180.0
  },
  "latest_pcf": {
    "trading_day": "2026-08-18",
    "previous_trading_day": "2026-08-17",
    "fund_code": "510300",
    "fund_name": "华泰柏瑞沪深300交易型开放式指数证券投资基金",
    "fund_company": "华泰柏瑞基金管理有限公司",
    "file_id": "1465021",
    "etf_type": "8",
    "nav": 4.8038,
    "nav_per_creation_unit": 4323446.47,
    "previous_cash_component": 108343.47,
    "estimated_cash_component": 108377.47,
    "maximum_cash_ratio": 0.5,
    "creation_redemption_unit": 900000,
    "component_count": 300,
    "publish_iopv": true,
    "creation_redemption_status": "申购和赎回皆允许",
    "creation_redemption_mechanism": "1",
    "creation_limit": null,
    "redemption_limit": 3600000000.0,
    "net_creation_limit": null,
    "net_redemption_limit": null,
    "creation_limit_per_account": null,
    "redemption_limit_per_account": null,
    "net_creation_limit_per_account": null,
    "net_redemption_limit_per_account": null,
    "source": "sse.COMMON_SSE_CP_JJLB_ETFJJGK_GGSGSHQD_JBXX_C",
    "retrieved_at": "2026-08-18T09:30:05.929758+08:00"
  },
  "latest_iopv": {
    "exchange_timestamp": "2026-08-18 13:01:17",
    "trade_date": "2026-08-18",
    "fund_code": "510300",
    "name": "300ETF",
    "extended_name": "沪深300ETF华泰柏瑞",
    "last_price": 4.761,
    "iopv": 4.7617,
    "premium_discount_bps": -1.4700632127184754,
    "change_rate_pct": -0.83,
    "change_cny": -0.04,
    "open": 4.794,
    "previous_close": 4.801,
    "high": 4.803,
    "low": 4.751,
    "volume_shares": 486247843.0,
    "amount_cny": 2325396088.0,
    "trade_phase_raw": "T111    ",
    "post_close_volume_shares": 0.0,
    "post_close_amount_cny": 0.0,
    "post_close_phase_raw": "A1      ",
    "product_subtype": "EBS",
    "source": "sse.yunhq.sh1.snap",
    "retrieved_at": "2026-08-18T13:01:17.713687+08:00"
  },
  "account_feasibility": {
    "reference_account_cny": 20000.0,
    "creation_unit_notional_cny": 4284900.0,
    "can_directly_create_or_redeem": false,
    "intended_use": "只用PCF和IOPV观察一级市场吸收状态，在二级市场交易510300"
  },
  "storage": {
    "pcf": {
      "file": "data/raw/primary_market/510300_pcf_daily.parquet",
      "row_count": 4,
      "first_key": "2026-08-13",
      "last_key": "2026-08-18",
      "sha256": "829c810ec802ff72ad6532eb5255f25a98fef36cad8dec5db46c14c5e37dac65"
    },
    "iopv": {
      "file": "data/raw/primary_market/510300_iopv_snapshots.parquet",
      "row_count": 275,
      "first_key": "2026-08-13 16:29:06",
      "last_key": "2026-08-18 13:01:17",
      "sha256": "0bfe0b1e796631e013f4df82ee91fcc2558ed3ea0c640029e20ca08bf58a40fe"
    }
  },
  "raw_response_files": [
    "data/raw/primary_market/raw/iopv/20260818/20260818T130116_218154+0800.json"
  ],
  "governance": {
    "use_as_trading_signal": false,
    "automatic_ordering_authorized": false,
    "note": "当前只采集和纸面验证；未通过前向门槛前不得映射实盘仓位。"
  }
}
{
  "status": "PASS",
  "checked_at": "2026-08-18T13:02:19.226857+08:00",
  "collector": {
    "collector_id": "510300_PRIMARY_SECONDARY_FORWARD_V1",
    "symbol": "510300.SH",
    "fund_code": "510300",
    "timezone": "Asia/Shanghai",
    "timeout_seconds": 15,
    "observation_interval_seconds": 60,
    "collection_start_time": "09:30:00",
    "collection_end_time": "15:00:00",
    "collection_sessions": [
      [
        "09:30:00",
        "11:30:00"
      ],
      [
        "13:00:00",
        "15:00:00"
      ]
    ],
    "evidence_scope": "仅从实际接入日起的前向数据，不回填历史IOPV"
  },
  "checks": {
    "same_fund_code": true,
    "same_trade_date": true,
    "iopv_publication_enabled": true,
    "positive_iopv": true,
    "positive_last_price": true,
    "positive_creation_unit": true,
    "snapshot_fresh_during_collection_session": true
  },
  "freshness": {
    "during_collection_session": true,
    "clock_delay_seconds": 1.226857,
    "maximum_allowed_seconds_during_session": 180.0
  },
  "latest_pcf": {
    "trading_day": "2026-08-18",
    "previous_trading_day": "2026-08-17",
    "fund_code": "510300",
    "fund_name": "华泰柏瑞沪深300交易型开放式指数证券投资基金",
    "fund_company": "华泰柏瑞基金管理有限公司",
    "file_id": "1465021",
    "etf_type": "8",
    "nav": 4.8038,
    "nav_per_creation_unit": 4323446.47,
    "previous_cash_component": 108343.47,
    "estimated_cash_component": 108377.47,
    "maximum_cash_ratio": 0.5,
    "creation_redemption_unit": 900000,
    "component_count": 300,
    "publish_iopv": true,
    "creation_redemption_status": "申购和赎回皆允许",
    "creation_redemption_mechanism": "1",
    "creation_limit": null,
    "redemption_limit": 3600000000.0,
    "net_creation_limit": null,
    "net_redemption_limit": null,
    "creation_limit_per_account": null,
    "redemption_limit_per_account": null,
    "net_creation_limit_per_account": null,
    "net_redemption_limit_per_account": null,
    "source": "sse.COMMON_SSE_CP_JJLB_ETFJJGK_GGSGSHQD_JBXX_C",
    "retrieved_at": "2026-08-18T09:30:05.929758+08:00"
  },
  "latest_iopv": {
    "exchange_timestamp": "2026-08-18 13:02:18",
    "trade_date": "2026-08-18",
    "fund_code": "510300",
    "name": "300ETF",
    "extended_name": "沪深300ETF华泰柏瑞",
    "last_price": 4.76,
    "iopv": 4.761,
    "premium_discount_bps": -2.1003990758250435,
    "change_rate_pct": -0.85,
    "change_cny": -0.041,
    "open": 4.794,
    "previous_close": 4.801,
    "high": 4.803,
    "low": 4.751,
    "volume_shares": 486974143.0,
    "amount_cny": 2328853474.0,
    "trade_phase_raw": "T111    ",
    "post_close_volume_shares": 0.0,
    "post_close_amount_cny": 0.0,
    "post_close_phase_raw": "A1      ",
    "product_subtype": "EBS",
    "source": "sse.yunhq.sh1.snap",
    "retrieved_at": "2026-08-18T13:02:19.197675+08:00"
  },
  "account_feasibility": {
    "reference_account_cny": 20000.0,
    "creation_unit_notional_cny": 4284000.0,
    "can_directly_create_or_redeem": false,
    "intended_use": "只用PCF和IOPV观察一级市场吸收状态，在二级市场交易510300"
  },
  "storage": {
    "pcf": {
      "file": "data/raw/primary_market/510300_pcf_daily.parquet",
      "row_count": 4,
      "first_key": "2026-08-13",
      "last_key": "2026-08-18",
      "sha256": "829c810ec802ff72ad6532eb5255f25a98fef36cad8dec5db46c14c5e37dac65"
    },
    "iopv": {
      "file": "data/raw/primary_market/510300_iopv_snapshots.parquet",
      "row_count": 276,
      "first_key": "2026-08-13 16:29:06",
      "last_key": "2026-08-18 13:02:18",
      "sha256": "a70a2be1b2a2245c50434f932d1d7932b0b05c4c3760fba75cbbc839258ec26d"
    }
  },
  "raw_response_files": [
    "data/raw/primary_market/raw/iopv/20260818/20260818T130217_756213+0800.json"
  ],
  "governance": {
    "use_as_trading_signal": false,
    "automatic_ordering_authorized": false,
    "note": "当前只采集和纸面验证；未通过前向门槛前不得映射实盘仓位。"
  }
}
{
  "status": "PASS",
  "checked_at": "2026-08-18T13:03:21.294869+08:00",
  "collector": {
    "collector_id": "510300_PRIMARY_SECONDARY_FORWARD_V1",
    "symbol": "510300.SH",
    "fund_code": "510300",
    "timezone": "Asia/Shanghai",
    "timeout_seconds": 15,
    "observation_interval_seconds": 60,
    "collection_start_time": "09:30:00",
    "collection_end_time": "15:00:00",
    "collection_sessions": [
      [
        "09:30:00",
        "11:30:00"
      ],
      [
        "13:00:00",
        "15:00:00"
      ]
    ],
    "evidence_scope": "仅从实际接入日起的前向数据，不回填历史IOPV"
  },
  "checks": {
    "same_fund_code": true,
    "same_trade_date": true,
    "iopv_publication_enabled": true,
    "positive_iopv": true,
    "positive_last_price": true,
    "positive_creation_unit": true,
    "snapshot_fresh_during_collection_session": true
  },
  "freshness": {
    "during_collection_session": true,
    "clock_delay_seconds": 1.294869,
    "maximum_allowed_seconds_during_session": 180.0
  },
  "latest_pcf": {
    "trading_day": "2026-08-18",
    "previous_trading_day": "2026-08-17",
    "fund_code": "510300",
    "fund_name": "华泰柏瑞沪深300交易型开放式指数证券投资基金",
    "fund_company": "华泰柏瑞基金管理有限公司",
    "file_id": "1465021",
    "etf_type": "8",
    "nav": 4.8038,
    "nav_per_creation_unit": 4323446.47,
    "previous_cash_component": 108343.47,
    "estimated_cash_component": 108377.47,
    "maximum_cash_ratio": 0.5,
    "creation_redemption_unit": 900000,
    "component_count": 300,
    "publish_iopv": true,
    "creation_redemption_status": "申购和赎回皆允许",
    "creation_redemption_mechanism": "1",
    "creation_limit": null,
    "redemption_limit": 3600000000.0,
    "net_creation_limit": null,
    "net_redemption_limit": null,
    "creation_limit_per_account": null,
    "redemption_limit_per_account": null,
    "net_creation_limit_per_account": null,
    "net_redemption_limit_per_account": null,
    "source": "sse.COMMON_SSE_CP_JJLB_ETFJJGK_GGSGSHQD_JBXX_C",
    "retrieved_at": "2026-08-18T09:30:05.929758+08:00"
  },
  "latest_iopv": {
    "exchange_timestamp": "2026-08-18 13:03:20",
    "trade_date": "2026-08-18",
    "fund_code": "510300",
    "name": "300ETF",
    "extended_name": "沪深300ETF华泰柏瑞",
    "last_price": 4.76,
    "iopv": 4.7596,
    "premium_discount_bps": 0.8404067568701379,
    "change_rate_pct": -0.85,
    "change_cny": -0.041,
    "open": 4.794,
    "previous_close": 4.801,
    "high": 4.803,
    "low": 4.751,
    "volume_shares": 487895343.0,
    "amount_cny": 2333237830.0,
    "trade_phase_raw": "T111    ",
    "post_close_volume_shares": 0.0,
    "post_close_amount_cny": 0.0,
    "post_close_phase_raw": "A1      ",
    "product_subtype": "EBS",
    "source": "sse.yunhq.sh1.snap",
    "retrieved_at": "2026-08-18T13:03:21.255935+08:00"
  },
  "account_feasibility": {
    "reference_account_cny": 20000.0,
    "creation_unit_notional_cny": 4284000.0,
    "can_directly_create_or_redeem": false,
    "intended_use": "只用PCF和IOPV观察一级市场吸收状态，在二级市场交易510300"
  },
  "storage": {
    "pcf": {
      "file": "data/raw/primary_market/510300_pcf_daily.parquet",
      "row_count": 4,
      "first_key": "2026-08-13",
      "last_key": "2026-08-18",
      "sha256": "829c810ec802ff72ad6532eb5255f25a98fef36cad8dec5db46c14c5e37dac65"
    },
    "iopv": {
      "file": "data/raw/primary_market/510300_iopv_snapshots.parquet",
      "row_count": 277,
      "first_key": "2026-08-13 16:29:06",
      "last_key": "2026-08-18 13:03:20",
      "sha256": "753a4c24db6647213ff4fc47239710992ea5697e74c8e52907535e3bfc2e1637"
    }
  },
  "raw_response_files": [
    "data/raw/primary_market/raw/iopv/20260818/20260818T130319_230130+0800.json"
  ],
  "governance": {
    "use_as_trading_signal": false,
    "automatic_ordering_authorized": false,
    "note": "当前只采集和纸面验证；未通过前向门槛前不得映射实盘仓位。"
  }
}
{
  "status": "PASS",
  "checked_at": "2026-08-18T13:04:23.450604+08:00",
  "collector": {
    "collector_id": "510300_PRIMARY_SECONDARY_FORWARD_V1",
    "symbol": "510300.SH",
    "fund_code": "510300",
    "timezone": "Asia/Shanghai",
    "timeout_seconds": 15,
    "observation_interval_seconds": 60,
    "collection_start_time": "09:30:00",
    "collection_end_time": "15:00:00",
    "collection_sessions": [
      [
        "09:30:00",
        "11:30:00"
      ],
      [
        "13:00:00",
        "15:00:00"
      ]
    ],
    "evidence_scope": "仅从实际接入日起的前向数据，不回填历史IOPV"
  },
  "checks": {
    "same_fund_code": true,
    "same_trade_date": true,
    "iopv_publication_enabled": true,
    "positive_iopv": true,
    "positive_last_price": true,
    "positive_creation_unit": true,
    "snapshot_fresh_during_collection_session": true
  },
  "freshness": {
    "during_collection_session": true,
    "clock_delay_seconds": 0.450604,
    "maximum_allowed_seconds_during_session": 180.0
  },
  "latest_pcf": {
    "trading_day": "2026-08-18",
    "previous_trading_day": "2026-08-17",
    "fund_code": "510300",
    "fund_name": "华泰柏瑞沪深300交易型开放式指数证券投资基金",
    "fund_company": "华泰柏瑞基金管理有限公司",
    "file_id": "1465021",
    "etf_type": "8",
    "nav": 4.8038,
    "nav_per_creation_unit": 4323446.47,
    "previous_cash_component": 108343.47,
    "estimated_cash_component": 108377.47,
    "maximum_cash_ratio": 0.5,
    "creation_redemption_unit": 900000,
    "component_count": 300,
    "publish_iopv": true,
    "creation_redemption_status": "申购和赎回皆允许",
    "creation_redemption_mechanism": "1",
    "creation_limit": null,
    "redemption_limit": 3600000000.0,
    "net_creation_limit": null,
    "net_redemption_limit": null,
    "creation_limit_per_account": null,
    "redemption_limit_per_account": null,
    "net_creation_limit_per_account": null,
    "net_redemption_limit_per_account": null,
    "source": "sse.COMMON_SSE_CP_JJLB_ETFJJGK_GGSGSHQD_JBXX_C",
    "retrieved_at": "2026-08-18T09:30:05.929758+08:00"
  },
  "latest_iopv": {
    "exchange_timestamp": "2026-08-18 13:04:23",
    "trade_date": "2026-08-18",
    "fund_code": "510300",
    "name": "300ETF",
    "extended_name": "沪深300ETF华泰柏瑞",
    "last_price": 4.758,
    "iopv": 4.76,
    "premium_discount_bps": -4.201680672268893,
    "change_rate_pct": -0.9,
    "change_cny": -0.043,
    "open": 4.794,
    "previous_close": 4.801,
    "high": 4.803,
    "low": 4.751,
    "volume_shares": 489252043.0,
    "amount_cny": 2339694930.0,
    "trade_phase_raw": "T111    ",
    "post_close_volume_shares": 0.0,
    "post_close_amount_cny": 0.0,
    "post_close_phase_raw": "A1      ",
    "product_subtype": "EBS",
    "source": "sse.yunhq.sh1.snap",
    "retrieved_at": "2026-08-18T13:04:23.412474+08:00"
  },
  "account_feasibility": {
    "reference_account_cny": 20000.0,
    "creation_unit_notional_cny": 4282200.0,
    "can_directly_create_or_redeem": false,
    "intended_use": "只用PCF和IOPV观察一级市场吸收状态，在二级市场交易510300"
  },
  "storage": {
    "pcf": {
      "file": "data/raw/primary_market/510300_pcf_daily.parquet",
      "row_count": 4,
      "first_key": "2026-08-13",
      "last_key": "2026-08-18",
      "sha256": "829c810ec802ff72ad6532eb5255f25a98fef36cad8dec5db46c14c5e37dac65"
    },
    "iopv": {
      "file": "data/raw/primary_market/510300_iopv_snapshots.parquet",
      "row_count": 278,
      "first_key": "2026-08-13 16:29:06",
      "last_key": "2026-08-18 13:04:23",
      "sha256": "3fb792d02d1c3a57d567c6200d9784340eeeab33df2ed526d379389b3863eba6"
    }
  },
  "raw_response_files": [
    "data/raw/primary_market/raw/iopv/20260818/20260818T130421_297108+0800.json"
  ],
  "governance": {
    "use_as_trading_signal": false,
    "automatic_ordering_authorized": false,
    "note": "当前只采集和纸面验证；未通过前向门槛前不得映射实盘仓位。"
  }
}
{
  "status": "PASS",
  "checked_at": "2026-08-18T13:05:24.962756+08:00",
  "collector": {
    "collector_id": "510300_PRIMARY_SECONDARY_FORWARD_V1",
    "symbol": "510300.SH",
    "fund_code": "510300",
    "timezone": "Asia/Shanghai",
    "timeout_seconds": 15,
    "observation_interval_seconds": 60,
    "collection_start_time": "09:30:00",
    "collection_end_time": "15:00:00",
    "collection_sessions": [
      [
        "09:30:00",
        "11:30:00"
      ],
      [
        "13:00:00",
        "15:00:00"
      ]
    ],
    "evidence_scope": "仅从实际接入日起的前向数据，不回填历史IOPV"
  },
  "checks": {
    "same_fund_code": true,
    "same_trade_date": true,
    "iopv_publication_enabled": true,
    "positive_iopv": true,
    "positive_last_price": true,
    "positive_creation_unit": true,
    "snapshot_fresh_during_collection_session": true
  },
  "freshness": {
    "during_collection_session": true,
    "clock_delay_seconds": 0.962756,
    "maximum_allowed_seconds_during_session": 180.0
  },
  "latest_pcf": {
    "trading_day": "2026-08-18",
    "previous_trading_day": "2026-08-17",
    "fund_code": "510300",
    "fund_name": "华泰柏瑞沪深300交易型开放式指数证券投资基金",
    "fund_company": "华泰柏瑞基金管理有限公司",
    "file_id": "1465021",
    "etf_type": "8",
    "nav": 4.8038,
    "nav_per_creation_unit": 4323446.47,
    "previous_cash_component": 108343.47,
    "estimated_cash_component": 108377.47,
    "maximum_cash_ratio": 0.5,
    "creation_redemption_unit": 900000,
    "component_count": 300,
    "publish_iopv": true,
    "creation_redemption_status": "申购和赎回皆允许",
    "creation_redemption_mechanism": "1",
    "creation_limit": null,
    "redemption_limit": 3600000000.0,
    "net_creation_limit": null,
    "net_redemption_limit": null,
    "creation_limit_per_account": null,
    "redemption_limit_per_account": null,
    "net_creation_limit_per_account": null,
    "net_redemption_limit_per_account": null,
    "source": "sse.COMMON_SSE_CP_JJLB_ETFJJGK_GGSGSHQD_JBXX_C",
    "retrieved_at": "2026-08-18T09:30:05.929758+08:00"
  },
  "latest_iopv": {
    "exchange_timestamp": "2026-08-18 13:05:24",
    "trade_date": "2026-08-18",
    "fund_code": "510300",
    "name": "300ETF",
    "extended_name": "沪深300ETF华泰柏瑞",
    "last_price": 4.758,
    "iopv": 4.7611,
    "premium_discount_bps": -6.511100375963252,
    "change_rate_pct": -0.9,
    "change_cny": -0.043,
    "open": 4.794,
    "previous_close": 4.801,
    "high": 4.803,
    "low": 4.751,
    "volume_shares": 489756943.0,
    "amount_cny": 2342097379.0,
    "trade_phase_raw": "T111    ",
    "post_close_volume_shares": 0.0,
    "post_close_amount_cny": 0.0,
    "post_close_phase_raw": "A1      ",
    "product_subtype": "EBS",
    "source": "sse.yunhq.sh1.snap",
    "retrieved_at": "2026-08-18T13:05:24.923812+08:00"
  },
  "account_feasibility": {
    "reference_account_cny": 20000.0,
    "creation_unit_notional_cny": 4282200.0,
    "can_directly_create_or_redeem": false,
    "intended_use": "只用PCF和IOPV观察一级市场吸收状态，在二级市场交易510300"
  },
  "storage": {
    "pcf": {
      "file": "data/raw/primary_market/510300_pcf_daily.parquet",
      "row_count": 4,
      "first_key": "2026-08-13",
      "last_key": "2026-08-18",
      "sha256": "829c810ec802ff72ad6532eb5255f25a98fef36cad8dec5db46c14c5e37dac65"
    },
    "iopv": {
      "file": "data/raw/primary_market/510300_iopv_snapshots.parquet",
      "row_count": 279,
      "first_key": "2026-08-13 16:29:06",
      "last_key": "2026-08-18 13:05:24",
      "sha256": "f74f5355297335ecbca979914bd346d69a46587d2a40f2effd05915966a545db"
    }
  },
  "raw_response_files": [
    "data/raw/primary_market/raw/iopv/20260818/20260818T130523_455258+0800.json"
  ],
  "governance": {
    "use_as_trading_signal": false,
    "automatic_ordering_authorized": false,
    "note": "当前只采集和纸面验证；未通过前向门槛前不得映射实盘仓位。"
  }
}
{
  "status": "PASS",
  "checked_at": "2026-08-18T13:06:28.598465+08:00",
  "collector": {
    "collector_id": "510300_PRIMARY_SECONDARY_FORWARD_V1",
    "symbol": "510300.SH",
    "fund_code": "510300",
    "timezone": "Asia/Shanghai",
    "timeout_seconds": 15,
    "observation_interval_seconds": 60,
    "collection_start_time": "09:30:00",
    "collection_end_time": "15:00:00",
    "collection_sessions": [
      [
        "09:30:00",
        "11:30:00"
      ],
      [
        "13:00:00",
        "15:00:00"
      ]
    ],
    "evidence_scope": "仅从实际接入日起的前向数据，不回填历史IOPV"
  },
  "checks": {
    "same_fund_code": true,
    "same_trade_date": true,
    "iopv_publication_enabled": true,
    "positive_iopv": true,
    "positive_last_price": true,
    "positive_creation_unit": true,
    "snapshot_fresh_during_collection_session": true
  },
  "freshness": {
    "during_collection_session": true,
    "clock_delay_seconds": 0.598465,
    "maximum_allowed_seconds_during_session": 180.0
  },
  "latest_pcf": {
    "trading_day": "2026-08-18",
    "previous_trading_day": "2026-08-17",
    "fund_code": "510300",
    "fund_name": "华泰柏瑞沪深300交易型开放式指数证券投资基金",
    "fund_company": "华泰柏瑞基金管理有限公司",
    "file_id": "1465021",
    "etf_type": "8",
    "nav": 4.8038,
    "nav_per_creation_unit": 4323446.47,
    "previous_cash_component": 108343.47,
    "estimated_cash_component": 108377.47,
    "maximum_cash_ratio": 0.5,
    "creation_redemption_unit": 900000,
    "component_count": 300,
    "publish_iopv": true,
    "creation_redemption_status": "申购和赎回皆允许",
    "creation_redemption_mechanism": "1",
    "creation_limit": null,
    "redemption_limit": 3600000000.0,
    "net_creation_limit": null,
    "net_redemption_limit": null,
    "creation_limit_per_account": null,
    "redemption_limit_per_account": null,
    "net_creation_limit_per_account": null,
    "net_redemption_limit_per_account": null,
    "source": "sse.COMMON_SSE_CP_JJLB_ETFJJGK_GGSGSHQD_JBXX_C",
    "retrieved_at": "2026-08-18T09:30:05.929758+08:00"
  },
  "latest_iopv": {
    "exchange_timestamp": "2026-08-18 13:06:28",
    "trade_date": "2026-08-18",
    "fund_code": "510300",
    "name": "300ETF",
    "extended_name": "沪深300ETF华泰柏瑞",
    "last_price": 4.761,
    "iopv": 4.7646,
    "premium_discount_bps": -7.55572346052058,
    "change_rate_pct": -0.83,
    "change_cny": -0.04,
    "open": 4.794,
    "previous_close": 4.801,
    "high": 4.803,
    "low": 4.751,
    "volume_shares": 491903343.0,
    "amount_cny": 2352312658.0,
    "trade_phase_raw": "T111    ",
    "post_close_volume_shares": 0.0,
    "post_close_amount_cny": 0.0,
    "post_close_phase_raw": "A1      ",
    "product_subtype": "EBS",
    "source": "sse.yunhq.sh1.snap",
    "retrieved_at": "2026-08-18T13:06:28.560341+08:00"
  },
  "account_feasibility": {
    "reference_account_cny": 20000.0,
    "creation_unit_notional_cny": 4284900.0,
    "can_directly_create_or_redeem": false,
    "intended_use": "只用PCF和IOPV观察一级市场吸收状态，在二级市场交易510300"
  },
  "storage": {
    "pcf": {
      "file": "data/raw/primary_market/510300_pcf_daily.parquet",
      "row_count": 4,
      "first_key": "2026-08-13",
      "last_key": "2026-08-18",
      "sha256": "829c810ec802ff72ad6532eb5255f25a98fef36cad8dec5db46c14c5e37dac65"
    },
    "iopv": {
      "file": "data/raw/primary_market/510300_iopv_snapshots.parquet",
      "row_count": 280,
      "first_key": "2026-08-13 16:29:06",
      "last_key": "2026-08-18 13:06:28",
      "sha256": "074b60cff3b9b20ad7e017d00a5b9ebca4758a4449f71ead3964a1d1800e7484"
    }
  },
  "raw_response_files": [
    "data/raw/primary_market/raw/iopv/20260818/20260818T130624_965192+0800.json"
  ],
  "governance": {
    "use_as_trading_signal": false,
    "automatic_ordering_authorized": false,
    "note": "当前只采集和纸面验证；未通过前向门槛前不得映射实盘仓位。"
  }
}
{
  "status": "PASS",
  "checked_at": "2026-08-18T13:07:30.946611+08:00",
  "collector": {
    "collector_id": "510300_PRIMARY_SECONDARY_FORWARD_V1",
    "symbol": "510300.SH",
    "fund_code": "510300",
    "timezone": "Asia/Shanghai",
    "timeout_seconds": 15,
    "observation_interval_seconds": 60,
    "collection_start_time": "09:30:00",
    "collection_end_time": "15:00:00",
    "collection_sessions": [
      [
        "09:30:00",
        "11:30:00"
      ],
      [
        "13:00:00",
        "15:00:00"
      ]
    ],
    "evidence_scope": "仅从实际接入日起的前向数据，不回填历史IOPV"
  },
  "checks": {
    "same_fund_code": true,
    "same_trade_date": true,
    "iopv_publication_enabled": true,
    "positive_iopv": true,
    "positive_last_price": true,
    "positive_creation_unit": true,
    "snapshot_fresh_during_collection_session": true
  },
  "freshness": {
    "during_collection_session": true,
    "clock_delay_seconds": 0.946611,
    "maximum_allowed_seconds_during_session": 180.0
  },
  "latest_pcf": {
    "trading_day": "2026-08-18",
    "previous_trading_day": "2026-08-17",
    "fund_code": "510300",
    "fund_name": "华泰柏瑞沪深300交易型开放式指数证券投资基金",
    "fund_company": "华泰柏瑞基金管理有限公司",
    "file_id": "1465021",
    "etf_type": "8",
    "nav": 4.8038,
    "nav_per_creation_unit": 4323446.47,
    "previous_cash_component": 108343.47,
    "estimated_cash_component": 108377.47,
    "maximum_cash_ratio": 0.5,
    "creation_redemption_unit": 900000,
    "component_count": 300,
    "publish_iopv": true,
    "creation_redemption_status": "申购和赎回皆允许",
    "creation_redemption_mechanism": "1",
    "creation_limit": null,
    "redemption_limit": 3600000000.0,
    "net_creation_limit": null,
    "net_redemption_limit": null,
    "creation_limit_per_account": null,
    "redemption_limit_per_account": null,
    "net_creation_limit_per_account": null,
    "net_redemption_limit_per_account": null,
    "source": "sse.COMMON_SSE_CP_JJLB_ETFJJGK_GGSGSHQD_JBXX_C",
    "retrieved_at": "2026-08-18T09:30:05.929758+08:00"
  },
  "latest_iopv": {
    "exchange_timestamp": "2026-08-18 13:07:30",
    "trade_date": "2026-08-18",
    "fund_code": "510300",
    "name": "300ETF",
    "extended_name": "沪深300ETF华泰柏瑞",
    "last_price": 4.761,
    "iopv": 4.7648,
    "premium_discount_bps": -7.975151108126077,
    "change_rate_pct": -0.83,
    "change_cny": -0.04,
    "open": 4.794,
    "previous_close": 4.801,
    "high": 4.803,
    "low": 4.751,
    "volume_shares": 493003943.0,
    "amount_cny": 2357551258.0,
    "trade_phase_raw": "T111    ",
    "post_close_volume_shares": 0.0,
    "post_close_amount_cny": 0.0,
    "post_close_phase_raw": "A1      ",
    "product_subtype": "EBS",
    "source": "sse.yunhq.sh1.snap",
    "retrieved_at": "2026-08-18T13:07:30.919408+08:00"
  },
  "account_feasibility": {
    "reference_account_cny": 20000.0,
    "creation_unit_notional_cny": 4284900.0,
    "can_directly_create_or_redeem": false,
    "intended_use": "只用PCF和IOPV观察一级市场吸收状态，在二级市场交易510300"
  },
  "storage": {
    "pcf": {
      "file": "data/raw/primary_market/510300_pcf_daily.parquet",
      "row_count": 4,
      "first_key": "2026-08-13",
      "last_key": "2026-08-18",
      "sha256": "829c810ec802ff72ad6532eb5255f25a98fef36cad8dec5db46c14c5e37dac65"
    },
    "iopv": {
      "file": "data/raw/primary_market/510300_iopv_snapshots.parquet",
      "row_count": 281,
      "first_key": "2026-08-13 16:29:06",
      "last_key": "2026-08-18 13:07:30",
      "sha256": "4159807e70d70123df9714c7287679095d337fe8461adb61260edcf5e1a5a13b"
    }
  },
  "raw_response_files": [
    "data/raw/primary_market/raw/iopv/20260818/20260818T130728_601629+0800.json"
  ],
  "governance": {
    "use_as_trading_signal": false,
    "automatic_ordering_authorized": false,
    "note": "当前只采集和纸面验证；未通过前向门槛前不得映射实盘仓位。"
  }
}
{
  "status": "PASS",
  "checked_at": "2026-08-18T13:08:34.423098+08:00",
  "collector": {
    "collector_id": "510300_PRIMARY_SECONDARY_FORWARD_V1",
    "symbol": "510300.SH",
    "fund_code": "510300",
    "timezone": "Asia/Shanghai",
    "timeout_seconds": 15,
    "observation_interval_seconds": 60,
    "collection_start_time": "09:30:00",
    "collection_end_time": "15:00:00",
    "collection_sessions": [
      [
        "09:30:00",
        "11:30:00"
      ],
      [
        "13:00:00",
        "15:00:00"
      ]
    ],
    "evidence_scope": "仅从实际接入日起的前向数据，不回填历史IOPV"
  },
  "checks": {
    "same_fund_code": true,
    "same_trade_date": true,
    "iopv_publication_enabled": true,
    "positive_iopv": true,
    "positive_last_price": true,
    "positive_creation_unit": true,
    "snapshot_fresh_during_collection_session": true
  },
  "freshness": {
    "during_collection_session": true,
    "clock_delay_seconds": 0.423098,
    "maximum_allowed_seconds_during_session": 180.0
  },
  "latest_pcf": {
    "trading_day": "2026-08-18",
    "previous_trading_day": "2026-08-17",
    "fund_code": "510300",
    "fund_name": "华泰柏瑞沪深300交易型开放式指数证券投资基金",
    "fund_company": "华泰柏瑞基金管理有限公司",
    "file_id": "1465021",
    "etf_type": "8",
    "nav": 4.8038,
    "nav_per_creation_unit": 4323446.47,
    "previous_cash_component": 108343.47,
    "estimated_cash_component": 108377.47,
    "maximum_cash_ratio": 0.5,
    "creation_redemption_unit": 900000,
    "component_count": 300,
    "publish_iopv": true,
    "creation_redemption_status": "申购和赎回皆允许",
    "creation_redemption_mechanism": "1",
    "creation_limit": null,
    "redemption_limit": 3600000000.0,
    "net_creation_limit": null,
    "net_redemption_limit": null,
    "creation_limit_per_account": null,
    "redemption_limit_per_account": null,
    "net_creation_limit_per_account": null,
    "net_redemption_limit_per_account": null,
    "source": "sse.COMMON_SSE_CP_JJLB_ETFJJGK_GGSGSHQD_JBXX_C",
    "retrieved_at": "2026-08-18T09:30:05.929758+08:00"
  },
  "latest_iopv": {
    "exchange_timestamp": "2026-08-18 13:08:34",
    "trade_date": "2026-08-18",
    "fund_code": "510300",
    "name": "300ETF",
    "extended_name": "沪深300ETF华泰柏瑞",
    "last_price": 4.761,
    "iopv": 4.7635,
    "premium_discount_bps": -5.248241838983203,
    "change_rate_pct": -0.83,
    "change_cny": -0.04,
    "open": 4.794,
    "previous_close": 4.801,
    "high": 4.803,
    "low": 4.751,
    "volume_shares": 494977943.0,
    "amount_cny": 2366950926.0,
    "trade_phase_raw": "T111    ",
    "post_close_volume_shares": 0.0,
    "post_close_amount_cny": 0.0,
    "post_close_phase_raw": "A1      ",
    "product_subtype": "EBS",
    "source": "sse.yunhq.sh1.snap",
    "retrieved_at": "2026-08-18T13:08:34.384718+08:00"
  },
  "account_feasibility": {
    "reference_account_cny": 20000.0,
    "creation_unit_notional_cny": 4284900.0,
    "can_directly_create_or_redeem": false,
    "intended_use": "只用PCF和IOPV观察一级市场吸收状态，在二级市场交易510300"
  },
  "storage": {
    "pcf": {
      "file": "data/raw/primary_market/510300_pcf_daily.parquet",
      "row_count": 4,
      "first_key": "2026-08-13",
      "last_key": "2026-08-18",
      "sha256": "829c810ec802ff72ad6532eb5255f25a98fef36cad8dec5db46c14c5e37dac65"
    },
    "iopv": {
      "file": "data/raw/primary_market/510300_iopv_snapshots.parquet",
      "row_count": 282,
      "first_key": "2026-08-13 16:29:06",
      "last_key": "2026-08-18 13:08:34",
      "sha256": "f8bb3b07b9749e7ede5c063eed9a3f2af1bbe8b7ae05aa8fdf4fb8ed7e536f74"
    }
  },
  "raw_response_files": [
    "data/raw/primary_market/raw/iopv/20260818/20260818T130830_948701+0800.json"
  ],
  "governance": {
    "use_as_trading_signal": false,
    "automatic_ordering_authorized": false,
    "note": "当前只采集和纸面验证；未通过前向门槛前不得映射实盘仓位。"
  }
}
{
  "status": "PASS",
  "checked_at": "2026-08-18T13:09:35.775923+08:00",
  "collector": {
    "collector_id": "510300_PRIMARY_SECONDARY_FORWARD_V1",
    "symbol": "510300.SH",
    "fund_code": "510300",
    "timezone": "Asia/Shanghai",
    "timeout_seconds": 15,
    "observation_interval_seconds": 60,
    "collection_start_time": "09:30:00",
    "collection_end_time": "15:00:00",
    "collection_sessions": [
      [
        "09:30:00",
        "11:30:00"
      ],
      [
        "13:00:00",
        "15:00:00"
      ]
    ],
    "evidence_scope": "仅从实际接入日起的前向数据，不回填历史IOPV"
  },
  "checks": {
    "same_fund_code": true,
    "same_trade_date": true,
    "iopv_publication_enabled": true,
    "positive_iopv": true,
    "positive_last_price": true,
    "positive_creation_unit": true,
    "snapshot_fresh_during_collection_session": true
  },
  "freshness": {
    "during_collection_session": true,
    "clock_delay_seconds": 0.775923,
    "maximum_allowed_seconds_during_session": 180.0
  },
  "latest_pcf": {
    "trading_day": "2026-08-18",
    "previous_trading_day": "2026-08-17",
    "fund_code": "510300",
    "fund_name": "华泰柏瑞沪深300交易型开放式指数证券投资基金",
    "fund_company": "华泰柏瑞基金管理有限公司",
    "file_id": "1465021",
    "etf_type": "8",
    "nav": 4.8038,
    "nav_per_creation_unit": 4323446.47,
    "previous_cash_component": 108343.47,
    "estimated_cash_component": 108377.47,
    "maximum_cash_ratio": 0.5,
    "creation_redemption_unit": 900000,
    "component_count": 300,
    "publish_iopv": true,
    "creation_redemption_status": "申购和赎回皆允许",
    "creation_redemption_mechanism": "1",
    "creation_limit": null,
    "redemption_limit": 3600000000.0,
    "net_creation_limit": null,
    "net_redemption_limit": null,
    "creation_limit_per_account": null,
    "redemption_limit_per_account": null,
    "net_creation_limit_per_account": null,
    "net_redemption_limit_per_account": null,
    "source": "sse.COMMON_SSE_CP_JJLB_ETFJJGK_GGSGSHQD_JBXX_C",
    "retrieved_at": "2026-08-18T09:30:05.929758+08:00"
  },
  "latest_iopv": {
    "exchange_timestamp": "2026-08-18 13:09:35",
    "trade_date": "2026-08-18",
    "fund_code": "510300",
    "name": "300ETF",
    "extended_name": "沪深300ETF华泰柏瑞",
    "last_price": 4.761,
    "iopv": 4.7641,
    "premium_discount_bps": -6.507000272873986,
    "change_rate_pct": -0.83,
    "change_cny": -0.04,
    "open": 4.794,
    "previous_close": 4.801,
    "high": 4.803,
    "low": 4.751,
    "volume_shares": 495380243.0,
    "amount_cny": 2368866009.0,
    "trade_phase_raw": "T111    ",
    "post_close_volume_shares": 0.0,
    "post_close_amount_cny": 0.0,
    "post_close_phase_raw": "A1      ",
    "product_subtype": "EBS",
    "source": "sse.yunhq.sh1.snap",
    "retrieved_at": "2026-08-18T13:09:35.736521+08:00"
  },
  "account_feasibility": {
    "reference_account_cny": 20000.0,
    "creation_unit_notional_cny": 4284900.0,
    "can_directly_create_or_redeem": false,
    "intended_use": "只用PCF和IOPV观察一级市场吸收状态，在二级市场交易510300"
  },
  "storage": {
    "pcf": {
      "file": "data/raw/primary_market/510300_pcf_daily.parquet",
      "row_count": 4,
      "first_key": "2026-08-13",
      "last_key": "2026-08-18",
      "sha256": "829c810ec802ff72ad6532eb5255f25a98fef36cad8dec5db46c14c5e37dac65"
    },
    "iopv": {
      "file": "data/raw/primary_market/510300_iopv_snapshots.parquet",
      "row_count": 283,
      "first_key": "2026-08-13 16:29:06",
      "last_key": "2026-08-18 13:09:35",
      "sha256": "1fde5715167f4a8d603f938b3c8da6f718105383ec08cdebe90078871f855a89"
    }
  },
  "raw_response_files": [
    "data/raw/primary_market/raw/iopv/20260818/20260818T130934_425944+0800.json"
  ],
  "governance": {
    "use_as_trading_signal": false,
    "automatic_ordering_authorized": false,
    "note": "当前只采集和纸面验证；未通过前向门槛前不得映射实盘仓位。"
  }
}
{
  "status": "PASS",
  "checked_at": "2026-08-18T13:10:37.959263+08:00",
  "collector": {
    "collector_id": "510300_PRIMARY_SECONDARY_FORWARD_V1",
    "symbol": "510300.SH",
    "fund_code": "510300",
    "timezone": "Asia/Shanghai",
    "timeout_seconds": 15,
    "observation_interval_seconds": 60,
    "collection_start_time": "09:30:00",
    "collection_end_time": "15:00:00",
    "collection_sessions": [
      [
        "09:30:00",
        "11:30:00"
      ],
      [
        "13:00:00",
        "15:00:00"
      ]
    ],
    "evidence_scope": "仅从实际接入日起的前向数据，不回填历史IOPV"
  },
  "checks": {
    "same_fund_code": true,
    "same_trade_date": true,
    "iopv_publication_enabled": true,
    "positive_iopv": true,
    "positive_last_price": true,
    "positive_creation_unit": true,
    "snapshot_fresh_during_collection_session": true
  },
  "freshness": {
    "during_collection_session": true,
    "clock_delay_seconds": 0.959263,
    "maximum_allowed_seconds_during_session": 180.0
  },
  "latest_pcf": {
    "trading_day": "2026-08-18",
    "previous_trading_day": "2026-08-17",
    "fund_code": "510300",
    "fund_name": "华泰柏瑞沪深300交易型开放式指数证券投资基金",
    "fund_company": "华泰柏瑞基金管理有限公司",
    "file_id": "1465021",
    "etf_type": "8",
    "nav": 4.8038,
    "nav_per_creation_unit": 4323446.47,
    "previous_cash_component": 108343.47,
    "estimated_cash_component": 108377.47,
    "maximum_cash_ratio": 0.5,
    "creation_redemption_unit": 900000,
    "component_count": 300,
    "publish_iopv": true,
    "creation_redemption_status": "申购和赎回皆允许",
    "creation_redemption_mechanism": "1",
    "creation_limit": null,
    "redemption_limit": 3600000000.0,
    "net_creation_limit": null,
    "net_redemption_limit": null,
    "creation_limit_per_account": null,
    "redemption_limit_per_account": null,
    "net_creation_limit_per_account": null,
    "net_redemption_limit_per_account": null,
    "source": "sse.COMMON_SSE_CP_JJLB_ETFJJGK_GGSGSHQD_JBXX_C",
    "retrieved_at": "2026-08-18T09:30:05.929758+08:00"
  },
  "latest_iopv": {
    "exchange_timestamp": "2026-08-18 13:10:37",
    "trade_date": "2026-08-18",
    "fund_code": "510300",
    "name": "300ETF",
    "extended_name": "沪深300ETF华泰柏瑞",
    "last_price": 4.759,
    "iopv": 4.7611,
    "premium_discount_bps": -4.410745415974748,
    "change_rate_pct": -0.87,
    "change_cny": -0.042,
    "open": 4.794,
    "previous_close": 4.801,
    "high": 4.803,
    "low": 4.751,
    "volume_shares": 497204143.0,
    "amount_cny": 2377546902.0,
    "trade_phase_raw": "T111    ",
    "post_close_volume_shares": 0.0,
    "post_close_amount_cny": 0.0,
    "post_close_phase_raw": "A1      ",
    "product_subtype": "EBS",
    "source": "sse.yunhq.sh1.snap",
    "retrieved_at": "2026-08-18T13:10:37.922236+08:00"
  },
  "account_feasibility": {
    "reference_account_cny": 20000.0,
    "creation_unit_notional_cny": 4283100.0,
    "can_directly_create_or_redeem": false,
    "intended_use": "只用PCF和IOPV观察一级市场吸收状态，在二级市场交易510300"
  },
  "storage": {
    "pcf": {
      "file": "data/raw/primary_market/510300_pcf_daily.parquet",
      "row_count": 4,
      "first_key": "2026-08-13",
      "last_key": "2026-08-18",
      "sha256": "829c810ec802ff72ad6532eb5255f25a98fef36cad8dec5db46c14c5e37dac65"
    },
    "iopv": {
      "file": "data/raw/primary_market/510300_iopv_snapshots.parquet",
      "row_count": 284,
      "first_key": "2026-08-13 16:29:06",
      "last_key": "2026-08-18 13:10:37",
      "sha256": "c9639cdcee77c8c7a05a0ffa923e2ced8f147bc4da23afe5dc6b93d2e2d44beb"
    }
  },
  "raw_response_files": [
    "data/raw/primary_market/raw/iopv/20260818/20260818T131035_778216+0800.json"
  ],
  "governance": {
    "use_as_trading_signal": false,
    "automatic_ordering_authorized": false,
    "note": "当前只采集和纸面验证；未通过前向门槛前不得映射实盘仓位。"
  }
}
{
  "status": "PASS",
  "checked_at": "2026-08-18T13:11:39.202644+08:00",
  "collector": {
    "collector_id": "510300_PRIMARY_SECONDARY_FORWARD_V1",
    "symbol": "510300.SH",
    "fund_code": "510300",
    "timezone": "Asia/Shanghai",
    "timeout_seconds": 15,
    "observation_interval_seconds": 60,
    "collection_start_time": "09:30:00",
    "collection_end_time": "15:00:00",
    "collection_sessions": [
      [
        "09:30:00",
        "11:30:00"
      ],
      [
        "13:00:00",
        "15:00:00"
      ]
    ],
    "evidence_scope": "仅从实际接入日起的前向数据，不回填历史IOPV"
  },
  "checks": {
    "same_fund_code": true,
    "same_trade_date": true,
    "iopv_publication_enabled": true,
    "positive_iopv": true,
    "positive_last_price": true,
    "positive_creation_unit": true,
    "snapshot_fresh_during_collection_session": true
  },
  "freshness": {
    "during_collection_session": true,
    "clock_delay_seconds": 1.202644,
    "maximum_allowed_seconds_during_session": 180.0
  },
  "latest_pcf": {
    "trading_day": "2026-08-18",
    "previous_trading_day": "2026-08-17",
    "fund_code": "510300",
    "fund_name": "华泰柏瑞沪深300交易型开放式指数证券投资基金",
    "fund_company": "华泰柏瑞基金管理有限公司",
    "file_id": "1465021",
    "etf_type": "8",
    "nav": 4.8038,
    "nav_per_creation_unit": 4323446.47,
    "previous_cash_component": 108343.47,
    "estimated_cash_component": 108377.47,
    "maximum_cash_ratio": 0.5,
    "creation_redemption_unit": 900000,
    "component_count": 300,
    "publish_iopv": true,
    "creation_redemption_status": "申购和赎回皆允许",
    "creation_redemption_mechanism": "1",
    "creation_limit": null,
    "redemption_limit": 3600000000.0,
    "net_creation_limit": null,
    "net_redemption_limit": null,
    "creation_limit_per_account": null,
    "redemption_limit_per_account": null,
    "net_creation_limit_per_account": null,
    "net_redemption_limit_per_account": null,
    "source": "sse.COMMON_SSE_CP_JJLB_ETFJJGK_GGSGSHQD_JBXX_C",
    "retrieved_at": "2026-08-18T09:30:05.929758+08:00"
  },
  "latest_iopv": {
    "exchange_timestamp": "2026-08-18 13:11:38",
    "trade_date": "2026-08-18",
    "fund_code": "510300",
    "name": "300ETF",
    "extended_name": "沪深300ETF华泰柏瑞",
    "last_price": 4.756,
    "iopv": 4.7588,
    "premium_discount_bps": -5.8838362612412265,
    "change_rate_pct": -0.94,
    "change_cny": -0.045,
    "open": 4.794,
    "previous_close": 4.801,
    "high": 4.803,
    "low": 4.751,
    "volume_shares": 499062243.0,
    "amount_cny": 2386385652.0,
    "trade_phase_raw": "T111    ",
    "post_close_volume_shares": 0.0,
    "post_close_amount_cny": 0.0,
    "post_close_phase_raw": "A1      ",
    "product_subtype": "EBS",
    "source": "sse.yunhq.sh1.snap",
    "retrieved_at": "2026-08-18T13:11:39.175920+08:00"
  },
  "account_feasibility": {
    "reference_account_cny": 20000.0,
    "creation_unit_notional_cny": 4280400.0,
    "can_directly_create_or_redeem": false,
    "intended_use": "只用PCF和IOPV观察一级市场吸收状态，在二级市场交易510300"
  },
  "storage": {
    "pcf": {
      "file": "data/raw/primary_market/510300_pcf_daily.parquet",
      "row_count": 4,
      "first_key": "2026-08-13",
      "last_key": "2026-08-18",
      "sha256": "829c810ec802ff72ad6532eb5255f25a98fef36cad8dec5db46c14c5e37dac65"
    },
    "iopv": {
      "file": "data/raw/primary_market/510300_iopv_snapshots.parquet",
      "row_count": 285,
      "first_key": "2026-08-13 16:29:06",
      "last_key": "2026-08-18 13:11:38",
      "sha256": "2990230caa7ac463db7815886c1680537a5b370099f1ba8a528a326d0e65b556"
    }
  },
  "raw_response_files": [
    "data/raw/primary_market/raw/iopv/20260818/20260818T131137_961933+0800.json"
  ],
  "governance": {
    "use_as_trading_signal": false,
    "automatic_ordering_authorized": false,
    "note": "当前只采集和纸面验证；未通过前向门槛前不得映射实盘仓位。"
  }
}
{
  "status": "PASS",
  "checked_at": "2026-08-18T13:12:41.626753+08:00",
  "collector": {
    "collector_id": "510300_PRIMARY_SECONDARY_FORWARD_V1",
    "symbol": "510300.SH",
    "fund_code": "510300",
    "timezone": "Asia/Shanghai",
    "timeout_seconds": 15,
    "observation_interval_seconds": 60,
    "collection_start_time": "09:30:00",
    "collection_end_time": "15:00:00",
    "collection_sessions": [
      [
        "09:30:00",
        "11:30:00"
      ],
      [
        "13:00:00",
        "15:00:00"
      ]
    ],
    "evidence_scope": "仅从实际接入日起的前向数据，不回填历史IOPV"
  },
  "checks": {
    "same_fund_code": true,
    "same_trade_date": true,
    "iopv_publication_enabled": true,
    "positive_iopv": true,
    "positive_last_price": true,
    "positive_creation_unit": true,
    "snapshot_fresh_during_collection_session": true
  },
  "freshness": {
    "during_collection_session": true,
    "clock_delay_seconds": 0.626753,
    "maximum_allowed_seconds_during_session": 180.0
  },
  "latest_pcf": {
    "trading_day": "2026-08-18",
    "previous_trading_day": "2026-08-17",
    "fund_code": "510300",
    "fund_name": "华泰柏瑞沪深300交易型开放式指数证券投资基金",
    "fund_company": "华泰柏瑞基金管理有限公司",
    "file_id": "1465021",
    "etf_type": "8",
    "nav": 4.8038,
    "nav_per_creation_unit": 4323446.47,
    "previous_cash_component": 108343.47,
    "estimated_cash_component": 108377.47,
    "maximum_cash_ratio": 0.5,
    "creation_redemption_unit": 900000,
    "component_count": 300,
    "publish_iopv": true,
    "creation_redemption_status": "申购和赎回皆允许",
    "creation_redemption_mechanism": "1",
    "creation_limit": null,
    "redemption_limit": 3600000000.0,
    "net_creation_limit": null,
    "net_redemption_limit": null,
    "creation_limit_per_account": null,
    "redemption_limit_per_account": null,
    "net_creation_limit_per_account": null,
    "net_redemption_limit_per_account": null,
    "source": "sse.COMMON_SSE_CP_JJLB_ETFJJGK_GGSGSHQD_JBXX_C",
    "retrieved_at": "2026-08-18T09:30:05.929758+08:00"
  },
  "latest_iopv": {
    "exchange_timestamp": "2026-08-18 13:12:41",
    "trade_date": "2026-08-18",
    "fund_code": "510300",
    "name": "300ETF",
    "extended_name": "沪深300ETF华泰柏瑞",
    "last_price": 4.756,
    "iopv": 4.7588,
    "premium_discount_bps": -5.8838362612412265,
    "change_rate_pct": -0.94,
    "change_cny": -0.045,
    "open": 4.794,
    "previous_close": 4.801,
    "high": 4.803,
    "low": 4.751,
    "volume_shares": 499541543.0,
    "amount_cny": 2388664887.0,
    "trade_phase_raw": "T111    ",
    "post_close_volume_shares": 0.0,
    "post_close_amount_cny": 0.0,
    "post_close_phase_raw": "A1      ",
    "product_subtype": "EBS",
    "source": "sse.yunhq.sh1.snap",
    "retrieved_at": "2026-08-18T13:12:41.591410+08:00"
  },
  "account_feasibility": {
    "reference_account_cny": 20000.0,
    "creation_unit_notional_cny": 4280400.0,
    "can_directly_create_or_redeem": false,
    "intended_use": "只用PCF和IOPV观察一级市场吸收状态，在二级市场交易510300"
  },
  "storage": {
    "pcf": {
      "file": "data/raw/primary_market/510300_pcf_daily.parquet",
      "row_count": 4,
      "first_key": "2026-08-13",
      "last_key": "2026-08-18",
      "sha256": "829c810ec802ff72ad6532eb5255f25a98fef36cad8dec5db46c14c5e37dac65"
    },
    "iopv": {
      "file": "data/raw/primary_market/510300_iopv_snapshots.parquet",
      "row_count": 286,
      "first_key": "2026-08-13 16:29:06",
      "last_key": "2026-08-18 13:12:41",
      "sha256": "98c2f4c967a7f2431976d654942c64a9559aa66cc60e594d9ea0190c4d9f256b"
    }
  },
  "raw_response_files": [
    "data/raw/primary_market/raw/iopv/20260818/20260818T131239_204951+0800.json"
  ],
  "governance": {
    "use_as_trading_signal": false,
    "automatic_ordering_authorized": false,
    "note": "当前只采集和纸面验证；未通过前向门槛前不得映射实盘仓位。"
  }
}
{
  "status": "PASS",
  "checked_at": "2026-08-18T13:13:42.912093+08:00",
  "collector": {
    "collector_id": "510300_PRIMARY_SECONDARY_FORWARD_V1",
    "symbol": "510300.SH",
    "fund_code": "510300",
    "timezone": "Asia/Shanghai",
    "timeout_seconds": 15,
    "observation_interval_seconds": 60,
    "collection_start_time": "09:30:00",
    "collection_end_time": "15:00:00",
    "collection_sessions": [
      [
        "09:30:00",
        "11:30:00"
      ],
      [
        "13:00:00",
        "15:00:00"
      ]
    ],
    "evidence_scope": "仅从实际接入日起的前向数据，不回填历史IOPV"
  },
  "checks": {
    "same_fund_code": true,
    "same_trade_date": true,
    "iopv_publication_enabled": true,
    "positive_iopv": true,
    "positive_last_price": true,
    "positive_creation_unit": true,
    "snapshot_fresh_during_collection_session": true
  },
  "freshness": {
    "during_collection_session": true,
    "clock_delay_seconds": 0.912093,
    "maximum_allowed_seconds_during_session": 180.0
  },
  "latest_pcf": {
    "trading_day": "2026-08-18",
    "previous_trading_day": "2026-08-17",
    "fund_code": "510300",
    "fund_name": "华泰柏瑞沪深300交易型开放式指数证券投资基金",
    "fund_company": "华泰柏瑞基金管理有限公司",
    "file_id": "1465021",
    "etf_type": "8",
    "nav": 4.8038,
    "nav_per_creation_unit": 4323446.47,
    "previous_cash_component": 108343.47,
    "estimated_cash_component": 108377.47,
    "maximum_cash_ratio": 0.5,
    "creation_redemption_unit": 900000,
    "component_count": 300,
    "publish_iopv": true,
    "creation_redemption_status": "申购和赎回皆允许",
    "creation_redemption_mechanism": "1",
    "creation_limit": null,
    "redemption_limit": 3600000000.0,
    "net_creation_limit": null,
    "net_redemption_limit": null,
    "creation_limit_per_account": null,
    "redemption_limit_per_account": null,
    "net_creation_limit_per_account": null,
    "net_redemption_limit_per_account": null,
    "source": "sse.COMMON_SSE_CP_JJLB_ETFJJGK_GGSGSHQD_JBXX_C",
    "retrieved_at": "2026-08-18T09:30:05.929758+08:00"
  },
  "latest_iopv": {
    "exchange_timestamp": "2026-08-18 13:13:42",
    "trade_date": "2026-08-18",
    "fund_code": "510300",
    "name": "300ETF",
    "extended_name": "沪深300ETF华泰柏瑞",
    "last_price": 4.756,
    "iopv": 4.7582,
    "premium_discount_bps": -4.62359715858951,
    "change_rate_pct": -0.94,
    "change_cny": -0.045,
    "open": 4.794,
    "previous_close": 4.801,
    "high": 4.803,
    "low": 4.751,
    "volume_shares": 500141743.0,
    "amount_cny": 2391518894.0,
    "trade_phase_raw": "T111    ",
    "post_close_volume_shares": 0.0,
    "post_close_amount_cny": 0.0,
    "post_close_phase_raw": "A1      ",
    "product_subtype": "EBS",
    "source": "sse.yunhq.sh1.snap",
    "retrieved_at": "2026-08-18T13:13:42.871839+08:00"
  },
  "account_feasibility": {
    "reference_account_cny": 20000.0,
    "creation_unit_notional_cny": 4280400.0,
    "can_directly_create_or_redeem": false,
    "intended_use": "只用PCF和IOPV观察一级市场吸收状态，在二级市场交易510300"
  },
  "storage": {
    "pcf": {
      "file": "data/raw/primary_market/510300_pcf_daily.parquet",
      "row_count": 4,
      "first_key": "2026-08-13",
      "last_key": "2026-08-18",
      "sha256": "829c810ec802ff72ad6532eb5255f25a98fef36cad8dec5db46c14c5e37dac65"
    },
    "iopv": {
      "file": "data/raw/primary_market/510300_iopv_snapshots.parquet",
      "row_count": 287,
      "first_key": "2026-08-13 16:29:06",
      "last_key": "2026-08-18 13:13:42",
      "sha256": "a69eb14689d3a0553d796fcf1d9b24cbce3b98c5b97c07f5ee1729eeefce8f42"
    }
  },
  "raw_response_files": [
    "data/raw/primary_market/raw/iopv/20260818/20260818T131341_630005+0800.json"
  ],
  "governance": {
    "use_as_trading_signal": false,
    "automatic_ordering_authorized": false,
    "note": "当前只采集和纸面验证；未通过前向门槛前不得映射实盘仓位。"
  }
}
{
  "status": "PASS",
  "checked_at": "2026-08-18T13:14:45.508180+08:00",
  "collector": {
    "collector_id": "510300_PRIMARY_SECONDARY_FORWARD_V1",
    "symbol": "510300.SH",
    "fund_code": "510300",
    "timezone": "Asia/Shanghai",
    "timeout_seconds": 15,
    "observation_interval_seconds": 60,
    "collection_start_time": "09:30:00",
    "collection_end_time": "15:00:00",
    "collection_sessions": [
      [
        "09:30:00",
        "11:30:00"
      ],
      [
        "13:00:00",
        "15:00:00"
      ]
    ],
    "evidence_scope": "仅从实际接入日起的前向数据，不回填历史IOPV"
  },
  "checks": {
    "same_fund_code": true,
    "same_trade_date": true,
    "iopv_publication_enabled": true,
    "positive_iopv": true,
    "positive_last_price": true,
    "positive_creation_unit": true,
    "snapshot_fresh_during_collection_session": true
  },
  "freshness": {
    "during_collection_session": true,
    "clock_delay_seconds": 0.50818,
    "maximum_allowed_seconds_during_session": 180.0
  },
  "latest_pcf": {
    "trading_day": "2026-08-18",
    "previous_trading_day": "2026-08-17",
    "fund_code": "510300",
    "fund_name": "华泰柏瑞沪深300交易型开放式指数证券投资基金",
    "fund_company": "华泰柏瑞基金管理有限公司",
    "file_id": "1465021",
    "etf_type": "8",
    "nav": 4.8038,
    "nav_per_creation_unit": 4323446.47,
    "previous_cash_component": 108343.47,
    "estimated_cash_component": 108377.47,
    "maximum_cash_ratio": 0.5,
    "creation_redemption_unit": 900000,
    "component_count": 300,
    "publish_iopv": true,
    "creation_redemption_status": "申购和赎回皆允许",
    "creation_redemption_mechanism": "1",
    "creation_limit": null,
    "redemption_limit": 3600000000.0,
    "net_creation_limit": null,
    "net_redemption_limit": null,
    "creation_limit_per_account": null,
    "redemption_limit_per_account": null,
    "net_creation_limit_per_account": null,
    "net_redemption_limit_per_account": null,
    "source": "sse.COMMON_SSE_CP_JJLB_ETFJJGK_GGSGSHQD_JBXX_C",
    "retrieved_at": "2026-08-18T09:30:05.929758+08:00"
  },
  "latest_iopv": {
    "exchange_timestamp": "2026-08-18 13:14:45",
    "trade_date": "2026-08-18",
    "fund_code": "510300",
    "name": "300ETF",
    "extended_name": "沪深300ETF华泰柏瑞",
    "last_price": 4.754,
    "iopv": 4.7579,
    "premium_discount_bps": -8.196893587508747,
    "change_rate_pct": -0.98,
    "change_cny": -0.047,
    "open": 4.794,
    "previous_close": 4.801,
    "high": 4.803,
    "low": 4.751,
    "volume_shares": 501195343.0,
    "amount_cny": 2396528216.0,
    "trade_phase_raw": "T111    ",
    "post_close_volume_shares": 0.0,
    "post_close_amount_cny": 0.0,
    "post_close_phase_raw": "A1      ",
    "product_subtype": "EBS",
    "source": "sse.yunhq.sh1.snap",
    "retrieved_at": "2026-08-18T13:14:45.470176+08:00"
  },
  "account_feasibility": {
    "reference_account_cny": 20000.0,
    "creation_unit_notional_cny": 4278600.0,
    "can_directly_create_or_redeem": false,
    "intended_use": "只用PCF和IOPV观察一级市场吸收状态，在二级市场交易510300"
  },
  "storage": {
    "pcf": {
      "file": "data/raw/primary_market/510300_pcf_daily.parquet",
      "row_count": 4,
      "first_key": "2026-08-13",
      "last_key": "2026-08-18",
      "sha256": "829c810ec802ff72ad6532eb5255f25a98fef36cad8dec5db46c14c5e37dac65"
    },
    "iopv": {
      "file": "data/raw/primary_market/510300_iopv_snapshots.parquet",
      "row_count": 288,
      "first_key": "2026-08-13 16:29:06",
      "last_key": "2026-08-18 13:14:45",
      "sha256": "28a57021598e3ebd293e31f0e33c246b99f8656e45fe80e33d84255782280ec5"
    }
  },
  "raw_response_files": [
    "data/raw/primary_market/raw/iopv/20260818/20260818T131442_914217+0800.json"
  ],
  "governance": {
    "use_as_trading_signal": false,
    "automatic_ordering_authorized": false,
    "note": "当前只采集和纸面验证；未通过前向门槛前不得映射实盘仓位。"
  }
}
{
  "status": "PASS",
  "checked_at": "2026-08-18T13:15:47.412957+08:00",
  "collector": {
    "collector_id": "510300_PRIMARY_SECONDARY_FORWARD_V1",
    "symbol": "510300.SH",
    "fund_code": "510300",
    "timezone": "Asia/Shanghai",
    "timeout_seconds": 15,
    "observation_interval_seconds": 60,
    "collection_start_time": "09:30:00",
    "collection_end_time": "15:00:00",
    "collection_sessions": [
      [
        "09:30:00",
        "11:30:00"
      ],
      [
        "13:00:00",
        "15:00:00"
      ]
    ],
    "evidence_scope": "仅从实际接入日起的前向数据，不回填历史IOPV"
  },
  "checks": {
    "same_fund_code": true,
    "same_trade_date": true,
    "iopv_publication_enabled": true,
    "positive_iopv": true,
    "positive_last_price": true,
    "positive_creation_unit": true,
    "snapshot_fresh_during_collection_session": true
  },
  "freshness": {
    "during_collection_session": true,
    "clock_delay_seconds": 0.412957,
    "maximum_allowed_seconds_during_session": 180.0
  },
  "latest_pcf": {
    "trading_day": "2026-08-18",
    "previous_trading_day": "2026-08-17",
    "fund_code": "510300",
    "fund_name": "华泰柏瑞沪深300交易型开放式指数证券投资基金",
    "fund_company": "华泰柏瑞基金管理有限公司",
    "file_id": "1465021",
    "etf_type": "8",
    "nav": 4.8038,
    "nav_per_creation_unit": 4323446.47,
    "previous_cash_component": 108343.47,
    "estimated_cash_component": 108377.47,
    "maximum_cash_ratio": 0.5,
    "creation_redemption_unit": 900000,
    "component_count": 300,
    "publish_iopv": true,
    "creation_redemption_status": "申购和赎回皆允许",
    "creation_redemption_mechanism": "1",
    "creation_limit": null,
    "redemption_limit": 3600000000.0,
    "net_creation_limit": null,
    "net_redemption_limit": null,
    "creation_limit_per_account": null,
    "redemption_limit_per_account": null,
    "net_creation_limit_per_account": null,
    "net_redemption_limit_per_account": null,
    "source": "sse.COMMON_SSE_CP_JJLB_ETFJJGK_GGSGSHQD_JBXX_C",
    "retrieved_at": "2026-08-18T09:30:05.929758+08:00"
  },
  "latest_iopv": {
    "exchange_timestamp": "2026-08-18 13:15:47",
    "trade_date": "2026-08-18",
    "fund_code": "510300",
    "name": "300ETF",
    "extended_name": "沪深300ETF华泰柏瑞",
    "last_price": 4.755,
    "iopv": 4.7581,
    "premium_discount_bps": -6.515205649313405,
    "change_rate_pct": -0.96,
    "change_cny": -0.046,
    "open": 4.794,
    "previous_close": 4.801,
    "high": 4.803,
    "low": 4.751,
    "volume_shares": 503332043.0,
    "amount_cny": 2406685672.0,
    "trade_phase_raw": "T111    ",
    "post_close_volume_shares": 0.0,
    "post_close_amount_cny": 0.0,
    "post_close_phase_raw": "A1      ",
    "product_subtype": "EBS",
    "source": "sse.yunhq.sh1.snap",
    "retrieved_at": "2026-08-18T13:15:47.378655+08:00"
  },
  "account_feasibility": {
    "reference_account_cny": 20000.0,
    "creation_unit_notional_cny": 4279500.0,
    "can_directly_create_or_redeem": false,
    "intended_use": "只用PCF和IOPV观察一级市场吸收状态，在二级市场交易510300"
  },
  "storage": {
    "pcf": {
      "file": "data/raw/primary_market/510300_pcf_daily.parquet",
      "row_count": 4,
      "first_key": "2026-08-13",
      "last_key": "2026-08-18",
      "sha256": "829c810ec802ff72ad6532eb5255f25a98fef36cad8dec5db46c14c5e37dac65"
    },
    "iopv": {
      "file": "data/raw/primary_market/510300_iopv_snapshots.parquet",
      "row_count": 289,
      "first_key": "2026-08-13 16:29:06",
      "last_key": "2026-08-18 13:15:47",
      "sha256": "fcc4381f29c93f0e38f7cfde583f9f711c15e9c37245e89e52ead6008fbb050a"
    }
  },
  "raw_response_files": [
    "data/raw/primary_market/raw/iopv/20260818/20260818T131545_510504+0800.json"
  ],
  "governance": {
    "use_as_trading_signal": false,
    "automatic_ordering_authorized": false,
    "note": "当前只采集和纸面验证；未通过前向门槛前不得映射实盘仓位。"
  }
}
{
  "status": "PASS",
  "checked_at": "2026-08-18T13:16:53.872348+08:00",
  "collector": {
    "collector_id": "510300_PRIMARY_SECONDARY_FORWARD_V1",
    "symbol": "510300.SH",
    "fund_code": "510300",
    "timezone": "Asia/Shanghai",
    "timeout_seconds": 15,
    "observation_interval_seconds": 60,
    "collection_start_time": "09:30:00",
    "collection_end_time": "15:00:00",
    "collection_sessions": [
      [
        "09:30:00",
        "11:30:00"
      ],
      [
        "13:00:00",
        "15:00:00"
      ]
    ],
    "evidence_scope": "仅从实际接入日起的前向数据，不回填历史IOPV"
  },
  "checks": {
    "same_fund_code": true,
    "same_trade_date": true,
    "iopv_publication_enabled": true,
    "positive_iopv": true,
    "positive_last_price": true,
    "positive_creation_unit": true,
    "snapshot_fresh_during_collection_session": true
  },
  "freshness": {
    "during_collection_session": true,
    "clock_delay_seconds": 0.872348,
    "maximum_allowed_seconds_during_session": 180.0
  },
  "latest_pcf": {
    "trading_day": "2026-08-18",
    "previous_trading_day": "2026-08-17",
    "fund_code": "510300",
    "fund_name": "华泰柏瑞沪深300交易型开放式指数证券投资基金",
    "fund_company": "华泰柏瑞基金管理有限公司",
    "file_id": "1465021",
    "etf_type": "8",
    "nav": 4.8038,
    "nav_per_creation_unit": 4323446.47,
    "previous_cash_component": 108343.47,
    "estimated_cash_component": 108377.47,
    "maximum_cash_ratio": 0.5,
    "creation_redemption_unit": 900000,
    "component_count": 300,
    "publish_iopv": true,
    "creation_redemption_status": "申购和赎回皆允许",
    "creation_redemption_mechanism": "1",
    "creation_limit": null,
    "redemption_limit": 3600000000.0,
    "net_creation_limit": null,
    "net_redemption_limit": null,
    "creation_limit_per_account": null,
    "redemption_limit_per_account": null,
    "net_creation_limit_per_account": null,
    "net_redemption_limit_per_account": null,
    "source": "sse.COMMON_SSE_CP_JJLB_ETFJJGK_GGSGSHQD_JBXX_C",
    "retrieved_at": "2026-08-18T09:30:05.929758+08:00"
  },
  "latest_iopv": {
    "exchange_timestamp": "2026-08-18 13:16:53",
    "trade_date": "2026-08-18",
    "fund_code": "510300",
    "name": "300ETF",
    "extended_name": "沪深300ETF华泰柏瑞",
    "last_price": 4.759,
    "iopv": 4.762,
    "premium_discount_bps": -6.299874002518857,
    "change_rate_pct": -0.87,
    "change_cny": -0.042,
    "open": 4.794,
    "previous_close": 4.801,
    "high": 4.803,
    "low": 4.751,
    "volume_shares": 504313943.0,
    "amount_cny": 2411355797.0,
    "trade_phase_raw": "T111    ",
    "post_close_volume_shares": 0.0,
    "post_close_amount_cny": 0.0,
    "post_close_phase_raw": "A1      ",
    "product_subtype": "EBS",
    "source": "sse.yunhq.sh1.snap",
    "retrieved_at": "2026-08-18T13:16:53.830822+08:00"
  },
  "account_feasibility": {
    "reference_account_cny": 20000.0,
    "creation_unit_notional_cny": 4283100.0,
    "can_directly_create_or_redeem": false,
    "intended_use": "只用PCF和IOPV观察一级市场吸收状态，在二级市场交易510300"
  },
  "storage": {
    "pcf": {
      "file": "data/raw/primary_market/510300_pcf_daily.parquet",
      "row_count": 4,
      "first_key": "2026-08-13",
      "last_key": "2026-08-18",
      "sha256": "829c810ec802ff72ad6532eb5255f25a98fef36cad8dec5db46c14c5e37dac65"
    },
    "iopv": {
      "file": "data/raw/primary_market/510300_iopv_snapshots.parquet",
      "row_count": 290,
      "first_key": "2026-08-13 16:29:06",
      "last_key": "2026-08-18 13:16:53",
      "sha256": "0c915373ee856696f83e4b80ed17a3b2caa45e627a998aa8f0548da56989edcf"
    }
  },
  "raw_response_files": [
    "data/raw/primary_market/raw/iopv/20260818/20260818T131647_414935+0800.json"
  ],
  "governance": {
    "use_as_trading_signal": false,
    "automatic_ordering_authorized": false,
    "note": "当前只采集和纸面验证；未通过前向门槛前不得映射实盘仓位。"
  }
}
{
  "status": "PASS",
  "checked_at": "2026-08-18T13:17:55.162666+08:00",
  "collector": {
    "collector_id": "510300_PRIMARY_SECONDARY_FORWARD_V1",
    "symbol": "510300.SH",
    "fund_code": "510300",
    "timezone": "Asia/Shanghai",
    "timeout_seconds": 15,
    "observation_interval_seconds": 60,
    "collection_start_time": "09:30:00",
    "collection_end_time": "15:00:00",
    "collection_sessions": [
      [
        "09:30:00",
        "11:30:00"
      ],
      [
        "13:00:00",
        "15:00:00"
      ]
    ],
    "evidence_scope": "仅从实际接入日起的前向数据，不回填历史IOPV"
  },
  "checks": {
    "same_fund_code": true,
    "same_trade_date": true,
    "iopv_publication_enabled": true,
    "positive_iopv": true,
    "positive_last_price": true,
    "positive_creation_unit": true,
    "snapshot_fresh_during_collection_session": true
  },
  "freshness": {
    "during_collection_session": true,
    "clock_delay_seconds": 1.162666,
    "maximum_allowed_seconds_during_session": 180.0
  },
  "latest_pcf": {
    "trading_day": "2026-08-18",
    "previous_trading_day": "2026-08-17",
    "fund_code": "510300",
    "fund_name": "华泰柏瑞沪深300交易型开放式指数证券投资基金",
    "fund_company": "华泰柏瑞基金管理有限公司",
    "file_id": "1465021",
    "etf_type": "8",
    "nav": 4.8038,
    "nav_per_creation_unit": 4323446.47,
    "previous_cash_component": 108343.47,
    "estimated_cash_component": 108377.47,
    "maximum_cash_ratio": 0.5,
    "creation_redemption_unit": 900000,
    "component_count": 300,
    "publish_iopv": true,
    "creation_redemption_status": "申购和赎回皆允许",
    "creation_redemption_mechanism": "1",
    "creation_limit": null,
    "redemption_limit": 3600000000.0,
    "net_creation_limit": null,
    "net_redemption_limit": null,
    "creation_limit_per_account": null,
    "redemption_limit_per_account": null,
    "net_creation_limit_per_account": null,
    "net_redemption_limit_per_account": null,
    "source": "sse.COMMON_SSE_CP_JJLB_ETFJJGK_GGSGSHQD_JBXX_C",
    "retrieved_at": "2026-08-18T09:30:05.929758+08:00"
  },
  "latest_iopv": {
    "exchange_timestamp": "2026-08-18 13:17:54",
    "trade_date": "2026-08-18",
    "fund_code": "510300",
    "name": "300ETF",
    "extended_name": "沪深300ETF华泰柏瑞",
    "last_price": 4.761,
    "iopv": 4.7655,
    "premium_discount_bps": -9.44287063267324,
    "change_rate_pct": -0.83,
    "change_cny": -0.04,
    "open": 4.794,
    "previous_close": 4.801,
    "high": 4.803,
    "low": 4.751,
    "volume_shares": 505679443.0,
    "amount_cny": 2417855250.0,
    "trade_phase_raw": "T111    ",
    "post_close_volume_shares": 0.0,
    "post_close_amount_cny": 0.0,
    "post_close_phase_raw": "A1      ",
    "product_subtype": "EBS",
    "source": "sse.yunhq.sh1.snap",
    "retrieved_at": "2026-08-18T13:17:55.123854+08:00"
  },
  "account_feasibility": {
    "reference_account_cny": 20000.0,
    "creation_unit_notional_cny": 4284900.0,
    "can_directly_create_or_redeem": false,
    "intended_use": "只用PCF和IOPV观察一级市场吸收状态，在二级市场交易510300"
  },
  "storage": {
    "pcf": {
      "file": "data/raw/primary_market/510300_pcf_daily.parquet",
      "row_count": 4,
      "first_key": "2026-08-13",
      "last_key": "2026-08-18",
      "sha256": "829c810ec802ff72ad6532eb5255f25a98fef36cad8dec5db46c14c5e37dac65"
    },
    "iopv": {
      "file": "data/raw/primary_market/510300_iopv_snapshots.parquet",
      "row_count": 291,
      "first_key": "2026-08-13 16:29:06",
      "last_key": "2026-08-18 13:17:54",
      "sha256": "483aac5adcb892d4c1dd251aec6024234e9a1fd14eeafa107d1319f721bd6197"
    }
  },
  "raw_response_files": [
    "data/raw/primary_market/raw/iopv/20260818/20260818T131753_874488+0800.json"
  ],
  "governance": {
    "use_as_trading_signal": false,
    "automatic_ordering_authorized": false,
    "note": "当前只采集和纸面验证；未通过前向门槛前不得映射实盘仓位。"
  }
}
{
  "status": "PASS",
  "checked_at": "2026-08-18T13:18:56.458766+08:00",
  "collector": {
    "collector_id": "510300_PRIMARY_SECONDARY_FORWARD_V1",
    "symbol": "510300.SH",
    "fund_code": "510300",
    "timezone": "Asia/Shanghai",
    "timeout_seconds": 15,
    "observation_interval_seconds": 60,
    "collection_start_time": "09:30:00",
    "collection_end_time": "15:00:00",
    "collection_sessions": [
      [
        "09:30:00",
        "11:30:00"
      ],
      [
        "13:00:00",
        "15:00:00"
      ]
    ],
    "evidence_scope": "仅从实际接入日起的前向数据，不回填历史IOPV"
  },
  "checks": {
    "same_fund_code": true,
    "same_trade_date": true,
    "iopv_publication_enabled": true,
    "positive_iopv": true,
    "positive_last_price": true,
    "positive_creation_unit": true,
    "snapshot_fresh_during_collection_session": true
  },
  "freshness": {
    "during_collection_session": true,
    "clock_delay_seconds": 0.458766,
    "maximum_allowed_seconds_during_session": 180.0
  },
  "latest_pcf": {
    "trading_day": "2026-08-18",
    "previous_trading_day": "2026-08-17",
    "fund_code": "510300",
    "fund_name": "华泰柏瑞沪深300交易型开放式指数证券投资基金",
    "fund_company": "华泰柏瑞基金管理有限公司",
    "file_id": "1465021",
    "etf_type": "8",
    "nav": 4.8038,
    "nav_per_creation_unit": 4323446.47,
    "previous_cash_component": 108343.47,
    "estimated_cash_component": 108377.47,
    "maximum_cash_ratio": 0.5,
    "creation_redemption_unit": 900000,
    "component_count": 300,
    "publish_iopv": true,
    "creation_redemption_status": "申购和赎回皆允许",
    "creation_redemption_mechanism": "1",
    "creation_limit": null,
    "redemption_limit": 3600000000.0,
    "net_creation_limit": null,
    "net_redemption_limit": null,
    "creation_limit_per_account": null,
    "redemption_limit_per_account": null,
    "net_creation_limit_per_account": null,
    "net_redemption_limit_per_account": null,
    "source": "sse.COMMON_SSE_CP_JJLB_ETFJJGK_GGSGSHQD_JBXX_C",
    "retrieved_at": "2026-08-18T09:30:05.929758+08:00"
  },
  "latest_iopv": {
    "exchange_timestamp": "2026-08-18 13:18:56",
    "trade_date": "2026-08-18",
    "fund_code": "510300",
    "name": "300ETF",
    "extended_name": "沪深300ETF华泰柏瑞",
    "last_price": 4.762,
    "iopv": 4.7651,
    "premium_discount_bps": -6.505634719105036,
    "change_rate_pct": -0.81,
    "change_cny": -0.039,
    "open": 4.794,
    "previous_close": 4.801,
    "high": 4.803,
    "low": 4.751,
    "volume_shares": 506932243.0,
    "amount_cny": 2423819594.0,
    "trade_phase_raw": "T111    ",
    "post_close_volume_shares": 0.0,
    "post_close_amount_cny": 0.0,
    "post_close_phase_raw": "A1      ",
    "product_subtype": "EBS",
    "source": "sse.yunhq.sh1.snap",
    "retrieved_at": "2026-08-18T13:18:56.418623+08:00"
  },
  "account_feasibility": {
    "reference_account_cny": 20000.0,
    "creation_unit_notional_cny": 4285800.0,
    "can_directly_create_or_redeem": false,
    "intended_use": "只用PCF和IOPV观察一级市场吸收状态，在二级市场交易510300"
  },
  "storage": {
    "pcf": {
      "file": "data/raw/primary_market/510300_pcf_daily.parquet",
      "row_count": 4,
      "first_key": "2026-08-13",
      "last_key": "2026-08-18",
      "sha256": "829c810ec802ff72ad6532eb5255f25a98fef36cad8dec5db46c14c5e37dac65"
    },
    "iopv": {
      "file": "data/raw/primary_market/510300_iopv_snapshots.parquet",
      "row_count": 292,
      "first_key": "2026-08-13 16:29:06",
      "last_key": "2026-08-18 13:18:56",
      "sha256": "d5c666b6d79842c6998defaa5aa59af126ef63780cee9ad2f27153c60b7663ba"
    }
  },
  "raw_response_files": [
    "data/raw/primary_market/raw/iopv/20260818/20260818T131855_165115+0800.json"
  ],
  "governance": {
    "use_as_trading_signal": false,
    "automatic_ordering_authorized": false,
    "note": "当前只采集和纸面验证；未通过前向门槛前不得映射实盘仓位。"
  }
}
{
  "status": "PASS",
  "checked_at": "2026-08-18T13:19:58.399098+08:00",
  "collector": {
    "collector_id": "510300_PRIMARY_SECONDARY_FORWARD_V1",
    "symbol": "510300.SH",
    "fund_code": "510300",
    "timezone": "Asia/Shanghai",
    "timeout_seconds": 15,
    "observation_interval_seconds": 60,
    "collection_start_time": "09:30:00",
    "collection_end_time": "15:00:00",
    "collection_sessions": [
      [
        "09:30:00",
        "11:30:00"
      ],
      [
        "13:00:00",
        "15:00:00"
      ]
    ],
    "evidence_scope": "仅从实际接入日起的前向数据，不回填历史IOPV"
  },
  "checks": {
    "same_fund_code": true,
    "same_trade_date": true,
    "iopv_publication_enabled": true,
    "positive_iopv": true,
    "positive_last_price": true,
    "positive_creation_unit": true,
    "snapshot_fresh_during_collection_session": true
  },
  "freshness": {
    "during_collection_session": true,
    "clock_delay_seconds": 0.399098,
    "maximum_allowed_seconds_during_session": 180.0
  },
  "latest_pcf": {
    "trading_day": "2026-08-18",
    "previous_trading_day": "2026-08-17",
    "fund_code": "510300",
    "fund_name": "华泰柏瑞沪深300交易型开放式指数证券投资基金",
    "fund_company": "华泰柏瑞基金管理有限公司",
    "file_id": "1465021",
    "etf_type": "8",
    "nav": 4.8038,
    "nav_per_creation_unit": 4323446.47,
    "previous_cash_component": 108343.47,
    "estimated_cash_component": 108377.47,
    "maximum_cash_ratio": 0.5,
    "creation_redemption_unit": 900000,
    "component_count": 300,
    "publish_iopv": true,
    "creation_redemption_status": "申购和赎回皆允许",
    "creation_redemption_mechanism": "1",
    "creation_limit": null,
    "redemption_limit": 3600000000.0,
    "net_creation_limit": null,
    "net_redemption_limit": null,
    "creation_limit_per_account": null,
    "redemption_limit_per_account": null,
    "net_creation_limit_per_account": null,
    "net_redemption_limit_per_account": null,
    "source": "sse.COMMON_SSE_CP_JJLB_ETFJJGK_GGSGSHQD_JBXX_C",
    "retrieved_at": "2026-08-18T09:30:05.929758+08:00"
  },
  "latest_iopv": {
    "exchange_timestamp": "2026-08-18 13:19:58",
    "trade_date": "2026-08-18",
    "fund_code": "510300",
    "name": "300ETF",
    "extended_name": "沪深300ETF华泰柏瑞",
    "last_price": 4.763,
    "iopv": 4.7671,
    "premium_discount_bps": -8.600616727151289,
    "change_rate_pct": -0.79,
    "change_cny": -0.038,
    "open": 4.794,
    "previous_close": 4.801,
    "high": 4.803,
    "low": 4.751,
    "volume_shares": 507852743.0,
    "amount_cny": 2428203025.0,
    "trade_phase_raw": "T111    ",
    "post_close_volume_shares": 0.0,
    "post_close_amount_cny": 0.0,
    "post_close_phase_raw": "A1      ",
    "product_subtype": "EBS",
    "source": "sse.yunhq.sh1.snap",
    "retrieved_at": "2026-08-18T13:19:58.359811+08:00"
  },
  "account_feasibility": {
    "reference_account_cny": 20000.0,
    "creation_unit_notional_cny": 4286700.0,
    "can_directly_create_or_redeem": false,
    "intended_use": "只用PCF和IOPV观察一级市场吸收状态，在二级市场交易510300"
  },
  "storage": {
    "pcf": {
      "file": "data/raw/primary_market/510300_pcf_daily.parquet",
      "row_count": 4,
      "first_key": "2026-08-13",
      "last_key": "2026-08-18",
      "sha256": "829c810ec802ff72ad6532eb5255f25a98fef36cad8dec5db46c14c5e37dac65"
    },
    "iopv": {
      "file": "data/raw/primary_market/510300_iopv_snapshots.parquet",
      "row_count": 293,
      "first_key": "2026-08-13 16:29:06",
      "last_key": "2026-08-18 13:19:58",
      "sha256": "07b3ac909fdea7be3e6691b63096fb735a7f5d8beb8c407a40511b6792f3111a"
    }
  },
  "raw_response_files": [
    "data/raw/primary_market/raw/iopv/20260818/20260818T131956_461505+0800.json"
  ],
  "governance": {
    "use_as_trading_signal": false,
    "automatic_ordering_authorized": false,
    "note": "当前只采集和纸面验证；未通过前向门槛前不得映射实盘仓位。"
  }
}
{
  "status": "PASS",
  "checked_at": "2026-08-18T13:21:00.046707+08:00",
  "collector": {
    "collector_id": "510300_PRIMARY_SECONDARY_FORWARD_V1",
    "symbol": "510300.SH",
    "fund_code": "510300",
    "timezone": "Asia/Shanghai",
    "timeout_seconds": 15,
    "observation_interval_seconds": 60,
    "collection_start_time": "09:30:00",
    "collection_end_time": "15:00:00",
    "collection_sessions": [
      [
        "09:30:00",
        "11:30:00"
      ],
      [
        "13:00:00",
        "15:00:00"
      ]
    ],
    "evidence_scope": "仅从实际接入日起的前向数据，不回填历史IOPV"
  },
  "checks": {
    "same_fund_code": true,
    "same_trade_date": true,
    "iopv_publication_enabled": true,
    "positive_iopv": true,
    "positive_last_price": true,
    "positive_creation_unit": true,
    "snapshot_fresh_during_collection_session": true
  },
  "freshness": {
    "during_collection_session": true,
    "clock_delay_seconds": 1.046707,
    "maximum_allowed_seconds_during_session": 180.0
  },
  "latest_pcf": {
    "trading_day": "2026-08-18",
    "previous_trading_day": "2026-08-17",
    "fund_code": "510300",
    "fund_name": "华泰柏瑞沪深300交易型开放式指数证券投资基金",
    "fund_company": "华泰柏瑞基金管理有限公司",
    "file_id": "1465021",
    "etf_type": "8",
    "nav": 4.8038,
    "nav_per_creation_unit": 4323446.47,
    "previous_cash_component": 108343.47,
    "estimated_cash_component": 108377.47,
    "maximum_cash_ratio": 0.5,
    "creation_redemption_unit": 900000,
    "component_count": 300,
    "publish_iopv": true,
    "creation_redemption_status": "申购和赎回皆允许",
    "creation_redemption_mechanism": "1",
    "creation_limit": null,
    "redemption_limit": 3600000000.0,
    "net_creation_limit": null,
    "net_redemption_limit": null,
    "creation_limit_per_account": null,
    "redemption_limit_per_account": null,
    "net_creation_limit_per_account": null,
    "net_redemption_limit_per_account": null,
    "source": "sse.COMMON_SSE_CP_JJLB_ETFJJGK_GGSGSHQD_JBXX_C",
    "retrieved_at": "2026-08-18T09:30:05.929758+08:00"
  },
  "latest_iopv": {
    "exchange_timestamp": "2026-08-18 13:20:59",
    "trade_date": "2026-08-18",
    "fund_code": "510300",
    "name": "300ETF",
    "extended_name": "沪深300ETF华泰柏瑞",
    "last_price": 4.765,
    "iopv": 4.7691,
    "premium_discount_bps": -8.597009918014376,
    "change_rate_pct": -0.75,
    "change_cny": -0.036,
    "open": 4.794,
    "previous_close": 4.801,
    "high": 4.803,
    "low": 4.751,
    "volume_shares": 512102443.0,
    "amount_cny": 2448448716.0,
    "trade_phase_raw": "T111    ",
    "post_close_volume_shares": 0.0,
    "post_close_amount_cny": 0.0,
    "post_close_phase_raw": "A1      ",
    "product_subtype": "EBS",
    "source": "sse.yunhq.sh1.snap",
    "retrieved_at": "2026-08-18T13:21:00.016946+08:00"
  },
  "account_feasibility": {
    "reference_account_cny": 20000.0,
    "creation_unit_notional_cny": 4288500.0,
    "can_directly_create_or_redeem": false,
    "intended_use": "只用PCF和IOPV观察一级市场吸收状态，在二级市场交易510300"
  },
  "storage": {
    "pcf": {
      "file": "data/raw/primary_market/510300_pcf_daily.parquet",
      "row_count": 4,
      "first_key": "2026-08-13",
      "last_key": "2026-08-18",
      "sha256": "829c810ec802ff72ad6532eb5255f25a98fef36cad8dec5db46c14c5e37dac65"
    },
    "iopv": {
      "file": "data/raw/primary_market/510300_iopv_snapshots.parquet",
      "row_count": 294,
      "first_key": "2026-08-13 16:29:06",
      "last_key": "2026-08-18 13:20:59",
      "sha256": "c453e94a758faa67baf5d7fa150f1e95c54bd85a427e13dcaa2d47a724ed8567"
    }
  },
  "raw_response_files": [
    "data/raw/primary_market/raw/iopv/20260818/20260818T132058_401397+0800.json"
  ],
  "governance": {
    "use_as_trading_signal": false,
    "automatic_ordering_authorized": false,
    "note": "当前只采集和纸面验证；未通过前向门槛前不得映射实盘仓位。"
  }
}
{
  "status": "PASS",
  "checked_at": "2026-08-18T13:22:01.540650+08:00",
  "collector": {
    "collector_id": "510300_PRIMARY_SECONDARY_FORWARD_V1",
    "symbol": "510300.SH",
    "fund_code": "510300",
    "timezone": "Asia/Shanghai",
    "timeout_seconds": 15,
    "observation_interval_seconds": 60,
    "collection_start_time": "09:30:00",
    "collection_end_time": "15:00:00",
    "collection_sessions": [
      [
        "09:30:00",
        "11:30:00"
      ],
      [
        "13:00:00",
        "15:00:00"
      ]
    ],
    "evidence_scope": "仅从实际接入日起的前向数据，不回填历史IOPV"
  },
  "checks": {
    "same_fund_code": true,
    "same_trade_date": true,
    "iopv_publication_enabled": true,
    "positive_iopv": true,
    "positive_last_price": true,
    "positive_creation_unit": true,
    "snapshot_fresh_during_collection_session": true
  },
  "freshness": {
    "during_collection_session": true,
    "clock_delay_seconds": 0.54065,
    "maximum_allowed_seconds_during_session": 180.0
  },
  "latest_pcf": {
    "trading_day": "2026-08-18",
    "previous_trading_day": "2026-08-17",
    "fund_code": "510300",
    "fund_name": "华泰柏瑞沪深300交易型开放式指数证券投资基金",
    "fund_company": "华泰柏瑞基金管理有限公司",
    "file_id": "1465021",
    "etf_type": "8",
    "nav": 4.8038,
    "nav_per_creation_unit": 4323446.47,
    "previous_cash_component": 108343.47,
    "estimated_cash_component": 108377.47,
    "maximum_cash_ratio": 0.5,
    "creation_redemption_unit": 900000,
    "component_count": 300,
    "publish_iopv": true,
    "creation_redemption_status": "申购和赎回皆允许",
    "creation_redemption_mechanism": "1",
    "creation_limit": null,
    "redemption_limit": 3600000000.0,
    "net_creation_limit": null,
    "net_redemption_limit": null,
    "creation_limit_per_account": null,
    "redemption_limit_per_account": null,
    "net_creation_limit_per_account": null,
    "net_redemption_limit_per_account": null,
    "source": "sse.COMMON_SSE_CP_JJLB_ETFJJGK_GGSGSHQD_JBXX_C",
    "retrieved_at": "2026-08-18T09:30:05.929758+08:00"
  },
  "latest_iopv": {
    "exchange_timestamp": "2026-08-18 13:22:01",
    "trade_date": "2026-08-18",
    "fund_code": "510300",
    "name": "300ETF",
    "extended_name": "沪深300ETF华泰柏瑞",
    "last_price": 4.761,
    "iopv": 4.7647,
    "premium_discount_bps": -7.7654416857309005,
    "change_rate_pct": -0.83,
    "change_cny": -0.04,
    "open": 4.794,
    "previous_close": 4.801,
    "high": 4.803,
    "low": 4.751,
    "volume_shares": 513436943.0,
    "amount_cny": 2454804489.0,
    "trade_phase_raw": "T111    ",
    "post_close_volume_shares": 0.0,
    "post_close_amount_cny": 0.0,
    "post_close_phase_raw": "A1      ",
    "product_subtype": "EBS",
    "source": "sse.yunhq.sh1.snap",
    "retrieved_at": "2026-08-18T13:22:01.504172+08:00"
  },
  "account_feasibility": {
    "reference_account_cny": 20000.0,
    "creation_unit_notional_cny": 4284900.0,
    "can_directly_create_or_redeem": false,
    "intended_use": "只用PCF和IOPV观察一级市场吸收状态，在二级市场交易510300"
  },
  "storage": {
    "pcf": {
      "file": "data/raw/primary_market/510300_pcf_daily.parquet",
      "row_count": 4,
      "first_key": "2026-08-13",
      "last_key": "2026-08-18",
      "sha256": "829c810ec802ff72ad6532eb5255f25a98fef36cad8dec5db46c14c5e37dac65"
    },
    "iopv": {
      "file": "data/raw/primary_market/510300_iopv_snapshots.parquet",
      "row_count": 295,
      "first_key": "2026-08-13 16:29:06",
      "last_key": "2026-08-18 13:22:01",
      "sha256": "420cb0a868ef0cc2f6a2a5fd8ba5a116e408ed05855f92663d22a53b35aa14f4"
    }
  },
  "raw_response_files": [
    "data/raw/primary_market/raw/iopv/20260818/20260818T132200_049609+0800.json"
  ],
  "governance": {
    "use_as_trading_signal": false,
    "automatic_ordering_authorized": false,
    "note": "当前只采集和纸面验证；未通过前向门槛前不得映射实盘仓位。"
  }
}
{
  "status": "PASS",
  "checked_at": "2026-08-18T13:23:02.849946+08:00",
  "collector": {
    "collector_id": "510300_PRIMARY_SECONDARY_FORWARD_V1",
    "symbol": "510300.SH",
    "fund_code": "510300",
    "timezone": "Asia/Shanghai",
    "timeout_seconds": 15,
    "observation_interval_seconds": 60,
    "collection_start_time": "09:30:00",
    "collection_end_time": "15:00:00",
    "collection_sessions": [
      [
        "09:30:00",
        "11:30:00"
      ],
      [
        "13:00:00",
        "15:00:00"
      ]
    ],
    "evidence_scope": "仅从实际接入日起的前向数据，不回填历史IOPV"
  },
  "checks": {
    "same_fund_code": true,
    "same_trade_date": true,
    "iopv_publication_enabled": true,
    "positive_iopv": true,
    "positive_last_price": true,
    "positive_creation_unit": true,
    "snapshot_fresh_during_collection_session": true
  },
  "freshness": {
    "during_collection_session": true,
    "clock_delay_seconds": 0.849946,
    "maximum_allowed_seconds_during_session": 180.0
  },
  "latest_pcf": {
    "trading_day": "2026-08-18",
    "previous_trading_day": "2026-08-17",
    "fund_code": "510300",
    "fund_name": "华泰柏瑞沪深300交易型开放式指数证券投资基金",
    "fund_company": "华泰柏瑞基金管理有限公司",
    "file_id": "1465021",
    "etf_type": "8",
    "nav": 4.8038,
    "nav_per_creation_unit": 4323446.47,
    "previous_cash_component": 108343.47,
    "estimated_cash_component": 108377.47,
    "maximum_cash_ratio": 0.5,
    "creation_redemption_unit": 900000,
    "component_count": 300,
    "publish_iopv": true,
    "creation_redemption_status": "申购和赎回皆允许",
    "creation_redemption_mechanism": "1",
    "creation_limit": null,
    "redemption_limit": 3600000000.0,
    "net_creation_limit": null,
    "net_redemption_limit": null,
    "creation_limit_per_account": null,
    "redemption_limit_per_account": null,
    "net_creation_limit_per_account": null,
    "net_redemption_limit_per_account": null,
    "source": "sse.COMMON_SSE_CP_JJLB_ETFJJGK_GGSGSHQD_JBXX_C",
    "retrieved_at": "2026-08-18T09:30:05.929758+08:00"
  },
  "latest_iopv": {
    "exchange_timestamp": "2026-08-18 13:23:02",
    "trade_date": "2026-08-18",
    "fund_code": "510300",
    "name": "300ETF",
    "extended_name": "沪深300ETF华泰柏瑞",
    "last_price": 4.758,
    "iopv": 4.762,
    "premium_discount_bps": -8.399832003358476,
    "change_rate_pct": -0.9,
    "change_cny": -0.043,
    "open": 4.794,
    "previous_close": 4.801,
    "high": 4.803,
    "low": 4.751,
    "volume_shares": 515110843.0,
    "amount_cny": 2462770884.0,
    "trade_phase_raw": "T111    ",
    "post_close_volume_shares": 0.0,
    "post_close_amount_cny": 0.0,
    "post_close_phase_raw": "A1      ",
    "product_subtype": "EBS",
    "source": "sse.yunhq.sh1.snap",
    "retrieved_at": "2026-08-18T13:23:02.809587+08:00"
  },
  "account_feasibility": {
    "reference_account_cny": 20000.0,
    "creation_unit_notional_cny": 4282200.0,
    "can_directly_create_or_redeem": false,
    "intended_use": "只用PCF和IOPV观察一级市场吸收状态，在二级市场交易510300"
  },
  "storage": {
    "pcf": {
      "file": "data/raw/primary_market/510300_pcf_daily.parquet",
      "row_count": 4,
      "first_key": "2026-08-13",
      "last_key": "2026-08-18",
      "sha256": "829c810ec802ff72ad6532eb5255f25a98fef36cad8dec5db46c14c5e37dac65"
    },
    "iopv": {
      "file": "data/raw/primary_market/510300_iopv_snapshots.parquet",
      "row_count": 296,
      "first_key": "2026-08-13 16:29:06",
      "last_key": "2026-08-18 13:23:02",
      "sha256": "9cf038a07e21c41a331dbc2f4cb888bd4d9c194c47eda6accc05d4b8d1df4103"
    }
  },
  "raw_response_files": [
    "data/raw/primary_market/raw/iopv/20260818/20260818T132301_542995+0800.json"
  ],
  "governance": {
    "use_as_trading_signal": false,
    "automatic_ordering_authorized": false,
    "note": "当前只采集和纸面验证；未通过前向门槛前不得映射实盘仓位。"
  }
}
{
  "status": "PASS",
  "checked_at": "2026-08-18T13:24:04.346861+08:00",
  "collector": {
    "collector_id": "510300_PRIMARY_SECONDARY_FORWARD_V1",
    "symbol": "510300.SH",
    "fund_code": "510300",
    "timezone": "Asia/Shanghai",
    "timeout_seconds": 15,
    "observation_interval_seconds": 60,
    "collection_start_time": "09:30:00",
    "collection_end_time": "15:00:00",
    "collection_sessions": [
      [
        "09:30:00",
        "11:30:00"
      ],
      [
        "13:00:00",
        "15:00:00"
      ]
    ],
    "evidence_scope": "仅从实际接入日起的前向数据，不回填历史IOPV"
  },
  "checks": {
    "same_fund_code": true,
    "same_trade_date": true,
    "iopv_publication_enabled": true,
    "positive_iopv": true,
    "positive_last_price": true,
    "positive_creation_unit": true,
    "snapshot_fresh_during_collection_session": true
  },
  "freshness": {
    "during_collection_session": true,
    "clock_delay_seconds": 0.346861,
    "maximum_allowed_seconds_during_session": 180.0
  },
  "latest_pcf": {
    "trading_day": "2026-08-18",
    "previous_trading_day": "2026-08-17",
    "fund_code": "510300",
    "fund_name": "华泰柏瑞沪深300交易型开放式指数证券投资基金",
    "fund_company": "华泰柏瑞基金管理有限公司",
    "file_id": "1465021",
    "etf_type": "8",
    "nav": 4.8038,
    "nav_per_creation_unit": 4323446.47,
    "previous_cash_component": 108343.47,
    "estimated_cash_component": 108377.47,
    "maximum_cash_ratio": 0.5,
    "creation_redemption_unit": 900000,
    "component_count": 300,
    "publish_iopv": true,
    "creation_redemption_status": "申购和赎回皆允许",
    "creation_redemption_mechanism": "1",
    "creation_limit": null,
    "redemption_limit": 3600000000.0,
    "net_creation_limit": null,
    "net_redemption_limit": null,
    "creation_limit_per_account": null,
    "redemption_limit_per_account": null,
    "net_creation_limit_per_account": null,
    "net_redemption_limit_per_account": null,
    "source": "sse.COMMON_SSE_CP_JJLB_ETFJJGK_GGSGSHQD_JBXX_C",
    "retrieved_at": "2026-08-18T09:30:05.929758+08:00"
  },
  "latest_iopv": {
    "exchange_timestamp": "2026-08-18 13:24:04",
    "trade_date": "2026-08-18",
    "fund_code": "510300",
    "name": "300ETF",
    "extended_name": "沪深300ETF华泰柏瑞",
    "last_price": 4.759,
    "iopv": 4.7628,
    "premium_discount_bps": -7.978500041991854,
    "change_rate_pct": -0.87,
    "change_cny": -0.042,
    "open": 4.794,
    "previous_close": 4.801,
    "high": 4.803,
    "low": 4.751,
    "volume_shares": 516044343.0,
    "amount_cny": 2467212629.0,
    "trade_phase_raw": "T111    ",
    "post_close_volume_shares": 0.0,
    "post_close_amount_cny": 0.0,
    "post_close_phase_raw": "A1      ",
    "product_subtype": "EBS",
    "source": "sse.yunhq.sh1.snap",
    "retrieved_at": "2026-08-18T13:24:04.312753+08:00"
  },
  "account_feasibility": {
    "reference_account_cny": 20000.0,
    "creation_unit_notional_cny": 4283100.0,
    "can_directly_create_or_redeem": false,
    "intended_use": "只用PCF和IOPV观察一级市场吸收状态，在二级市场交易510300"
  },
  "storage": {
    "pcf": {
      "file": "data/raw/primary_market/510300_pcf_daily.parquet",
      "row_count": 4,
      "first_key": "2026-08-13",
      "last_key": "2026-08-18",
      "sha256": "829c810ec802ff72ad6532eb5255f25a98fef36cad8dec5db46c14c5e37dac65"
    },
    "iopv": {
      "file": "data/raw/primary_market/510300_iopv_snapshots.parquet",
      "row_count": 297,
      "first_key": "2026-08-13 16:29:06",
      "last_key": "2026-08-18 13:24:04",
      "sha256": "51b3428409139d7fc7bf758fb3e41a2a3a1beba13b4adca0974ae234888ac142"
    }
  },
  "raw_response_files": [
    "data/raw/primary_market/raw/iopv/20260818/20260818T132402_852526+0800.json"
  ],
  "governance": {
    "use_as_trading_signal": false,
    "automatic_ordering_authorized": false,
    "note": "当前只采集和纸面验证；未通过前向门槛前不得映射实盘仓位。"
  }
}
{
  "status": "PASS",
  "checked_at": "2026-08-18T13:25:05.904412+08:00",
  "collector": {
    "collector_id": "510300_PRIMARY_SECONDARY_FORWARD_V1",
    "symbol": "510300.SH",
    "fund_code": "510300",
    "timezone": "Asia/Shanghai",
    "timeout_seconds": 15,
    "observation_interval_seconds": 60,
    "collection_start_time": "09:30:00",
    "collection_end_time": "15:00:00",
    "collection_sessions": [
      [
        "09:30:00",
        "11:30:00"
      ],
      [
        "13:00:00",
        "15:00:00"
      ]
    ],
    "evidence_scope": "仅从实际接入日起的前向数据，不回填历史IOPV"
  },
  "checks": {
    "same_fund_code": true,
    "same_trade_date": true,
    "iopv_publication_enabled": true,
    "positive_iopv": true,
    "positive_last_price": true,
    "positive_creation_unit": true,
    "snapshot_fresh_during_collection_session": true
  },
  "freshness": {
    "during_collection_session": true,
    "clock_delay_seconds": 0.904412,
    "maximum_allowed_seconds_during_session": 180.0
  },
  "latest_pcf": {
    "trading_day": "2026-08-18",
    "previous_trading_day": "2026-08-17",
    "fund_code": "510300",
    "fund_name": "华泰柏瑞沪深300交易型开放式指数证券投资基金",
    "fund_company": "华泰柏瑞基金管理有限公司",
    "file_id": "1465021",
    "etf_type": "8",
    "nav": 4.8038,
    "nav_per_creation_unit": 4323446.47,
    "previous_cash_component": 108343.47,
    "estimated_cash_component": 108377.47,
    "maximum_cash_ratio": 0.5,
    "creation_redemption_unit": 900000,
    "component_count": 300,
    "publish_iopv": true,
    "creation_redemption_status": "申购和赎回皆允许",
    "creation_redemption_mechanism": "1",
    "creation_limit": null,
    "redemption_limit": 3600000000.0,
    "net_creation_limit": null,
    "net_redemption_limit": null,
    "creation_limit_per_account": null,
    "redemption_limit_per_account": null,
    "net_creation_limit_per_account": null,
    "net_redemption_limit_per_account": null,
    "source": "sse.COMMON_SSE_CP_JJLB_ETFJJGK_GGSGSHQD_JBXX_C",
    "retrieved_at": "2026-08-18T09:30:05.929758+08:00"
  },
  "latest_iopv": {
    "exchange_timestamp": "2026-08-18 13:25:05",
    "trade_date": "2026-08-18",
    "fund_code": "510300",
    "name": "300ETF",
    "extended_name": "沪深300ETF华泰柏瑞",
    "last_price": 4.759,
    "iopv": 4.7622,
    "premium_discount_bps": -6.71958338582912,
    "change_rate_pct": -0.87,
    "change_cny": -0.042,
    "open": 4.794,
    "previous_close": 4.801,
    "high": 4.803,
    "low": 4.751,
    "volume_shares": 516586243.0,
    "amount_cny": 2469791243.0,
    "trade_phase_raw": "T111    ",
    "post_close_volume_shares": 0.0,
    "post_close_amount_cny": 0.0,
    "post_close_phase_raw": "A1      ",
    "product_subtype": "EBS",
    "source": "sse.yunhq.sh1.snap",
    "retrieved_at": "2026-08-18T13:25:05.866747+08:00"
  },
  "account_feasibility": {
    "reference_account_cny": 20000.0,
    "creation_unit_notional_cny": 4283100.0,
    "can_directly_create_or_redeem": false,
    "intended_use": "只用PCF和IOPV观察一级市场吸收状态，在二级市场交易510300"
  },
  "storage": {
    "pcf": {
      "file": "data/raw/primary_market/510300_pcf_daily.parquet",
      "row_count": 4,
      "first_key": "2026-08-13",
      "last_key": "2026-08-18",
      "sha256": "829c810ec802ff72ad6532eb5255f25a98fef36cad8dec5db46c14c5e37dac65"
    },
    "iopv": {
      "file": "data/raw/primary_market/510300_iopv_snapshots.parquet",
      "row_count": 298,
      "first_key": "2026-08-13 16:29:06",
      "last_key": "2026-08-18 13:25:05",
      "sha256": "df469d3a339526b3c4aee11652184ce6811bfe39e400913382c8044d0cbd028f"
    }
  },
  "raw_response_files": [
    "data/raw/primary_market/raw/iopv/20260818/20260818T132504_349274+0800.json"
  ],
  "governance": {
    "use_as_trading_signal": false,
    "automatic_ordering_authorized": false,
    "note": "当前只采集和纸面验证；未通过前向门槛前不得映射实盘仓位。"
  }
}
{
  "status": "PASS",
  "checked_at": "2026-08-18T13:26:07.145400+08:00",
  "collector": {
    "collector_id": "510300_PRIMARY_SECONDARY_FORWARD_V1",
    "symbol": "510300.SH",
    "fund_code": "510300",
    "timezone": "Asia/Shanghai",
    "timeout_seconds": 15,
    "observation_interval_seconds": 60,
    "collection_start_time": "09:30:00",
    "collection_end_time": "15:00:00",
    "collection_sessions": [
      [
        "09:30:00",
        "11:30:00"
      ],
      [
        "13:00:00",
        "15:00:00"
      ]
    ],
    "evidence_scope": "仅从实际接入日起的前向数据，不回填历史IOPV"
  },
  "checks": {
    "same_fund_code": true,
    "same_trade_date": true,
    "iopv_publication_enabled": true,
    "positive_iopv": true,
    "positive_last_price": true,
    "positive_creation_unit": true,
    "snapshot_fresh_during_collection_session": true
  },
  "freshness": {
    "during_collection_session": true,
    "clock_delay_seconds": 1.1454,
    "maximum_allowed_seconds_during_session": 180.0
  },
  "latest_pcf": {
    "trading_day": "2026-08-18",
    "previous_trading_day": "2026-08-17",
    "fund_code": "510300",
    "fund_name": "华泰柏瑞沪深300交易型开放式指数证券投资基金",
    "fund_company": "华泰柏瑞基金管理有限公司",
    "file_id": "1465021",
    "etf_type": "8",
    "nav": 4.8038,
    "nav_per_creation_unit": 4323446.47,
    "previous_cash_component": 108343.47,
    "estimated_cash_component": 108377.47,
    "maximum_cash_ratio": 0.5,
    "creation_redemption_unit": 900000,
    "component_count": 300,
    "publish_iopv": true,
    "creation_redemption_status": "申购和赎回皆允许",
    "creation_redemption_mechanism": "1",
    "creation_limit": null,
    "redemption_limit": 3600000000.0,
    "net_creation_limit": null,
    "net_redemption_limit": null,
    "creation_limit_per_account": null,
    "redemption_limit_per_account": null,
    "net_creation_limit_per_account": null,
    "net_redemption_limit_per_account": null,
    "source": "sse.COMMON_SSE_CP_JJLB_ETFJJGK_GGSGSHQD_JBXX_C",
    "retrieved_at": "2026-08-18T09:30:05.929758+08:00"
  },
  "latest_iopv": {
    "exchange_timestamp": "2026-08-18 13:26:06",
    "trade_date": "2026-08-18",
    "fund_code": "510300",
    "name": "300ETF",
    "extended_name": "沪深300ETF华泰柏瑞",
    "last_price": 4.759,
    "iopv": 4.7617,
    "premium_discount_bps": -5.670243820483645,
    "change_rate_pct": -0.87,
    "change_cny": -0.042,
    "open": 4.794,
    "previous_close": 4.801,
    "high": 4.803,
    "low": 4.751,
    "volume_shares": 517236543.0,
    "amount_cny": 2472885567.0,
    "trade_phase_raw": "T111    ",
    "post_close_volume_shares": 0.0,
    "post_close_amount_cny": 0.0,
    "post_close_phase_raw": "A1      ",
    "product_subtype": "EBS",
    "source": "sse.yunhq.sh1.snap",
    "retrieved_at": "2026-08-18T13:26:07.105567+08:00"
  },
  "account_feasibility": {
    "reference_account_cny": 20000.0,
    "creation_unit_notional_cny": 4283100.0,
    "can_directly_create_or_redeem": false,
    "intended_use": "只用PCF和IOPV观察一级市场吸收状态，在二级市场交易510300"
  },
  "storage": {
    "pcf": {
      "file": "data/raw/primary_market/510300_pcf_daily.parquet",
      "row_count": 4,
      "first_key": "2026-08-13",
      "last_key": "2026-08-18",
      "sha256": "829c810ec802ff72ad6532eb5255f25a98fef36cad8dec5db46c14c5e37dac65"
    },
    "iopv": {
      "file": "data/raw/primary_market/510300_iopv_snapshots.parquet",
      "row_count": 299,
      "first_key": "2026-08-13 16:29:06",
      "last_key": "2026-08-18 13:26:06",
      "sha256": "3d321251c17f145ded387242a716c304d31933f5837f04516fb4faf8da7faaa1"
    }
  },
  "raw_response_files": [
    "data/raw/primary_market/raw/iopv/20260818/20260818T132605_907126+0800.json"
  ],
  "governance": {
    "use_as_trading_signal": false,
    "automatic_ordering_authorized": false,
    "note": "当前只采集和纸面验证；未通过前向门槛前不得映射实盘仓位。"
  }
}
{
  "status": "PASS",
  "checked_at": "2026-08-18T13:27:08.580540+08:00",
  "collector": {
    "collector_id": "510300_PRIMARY_SECONDARY_FORWARD_V1",
    "symbol": "510300.SH",
    "fund_code": "510300",
    "timezone": "Asia/Shanghai",
    "timeout_seconds": 15,
    "observation_interval_seconds": 60,
    "collection_start_time": "09:30:00",
    "collection_end_time": "15:00:00",
    "collection_sessions": [
      [
        "09:30:00",
        "11:30:00"
      ],
      [
        "13:00:00",
        "15:00:00"
      ]
    ],
    "evidence_scope": "仅从实际接入日起的前向数据，不回填历史IOPV"
  },
  "checks": {
    "same_fund_code": true,
    "same_trade_date": true,
    "iopv_publication_enabled": true,
    "positive_iopv": true,
    "positive_last_price": true,
    "positive_creation_unit": true,
    "snapshot_fresh_during_collection_session": true
  },
  "freshness": {
    "during_collection_session": true,
    "clock_delay_seconds": 0.58054,
    "maximum_allowed_seconds_during_session": 180.0
  },
  "latest_pcf": {
    "trading_day": "2026-08-18",
    "previous_trading_day": "2026-08-17",
    "fund_code": "510300",
    "fund_name": "华泰柏瑞沪深300交易型开放式指数证券投资基金",
    "fund_company": "华泰柏瑞基金管理有限公司",
    "file_id": "1465021",
    "etf_type": "8",
    "nav": 4.8038,
    "nav_per_creation_unit": 4323446.47,
    "previous_cash_component": 108343.47,
    "estimated_cash_component": 108377.47,
    "maximum_cash_ratio": 0.5,
    "creation_redemption_unit": 900000,
    "component_count": 300,
    "publish_iopv": true,
    "creation_redemption_status": "申购和赎回皆允许",
    "creation_redemption_mechanism": "1",
    "creation_limit": null,
    "redemption_limit": 3600000000.0,
    "net_creation_limit": null,
    "net_redemption_limit": null,
    "creation_limit_per_account": null,
    "redemption_limit_per_account": null,
    "net_creation_limit_per_account": null,
    "net_redemption_limit_per_account": null,
    "source": "sse.COMMON_SSE_CP_JJLB_ETFJJGK_GGSGSHQD_JBXX_C",
    "retrieved_at": "2026-08-18T09:30:05.929758+08:00"
  },
  "latest_iopv": {
    "exchange_timestamp": "2026-08-18 13:27:08",
    "trade_date": "2026-08-18",
    "fund_code": "510300",
    "name": "300ETF",
    "extended_name": "沪深300ETF华泰柏瑞",
    "last_price": 4.761,
    "iopv": 4.7646,
    "premium_discount_bps": -7.55572346052058,
    "change_rate_pct": -0.83,
    "change_cny": -0.04,
    "open": 4.794,
    "previous_close": 4.801,
    "high": 4.803,
    "low": 4.751,
    "volume_shares": 518906543.0,
    "amount_cny": 2480832644.0,
    "trade_phase_raw": "T111    ",
    "post_close_volume_shares": 0.0,
    "post_close_amount_cny": 0.0,
    "post_close_phase_raw": "A1      ",
    "product_subtype": "EBS",
    "source": "sse.yunhq.sh1.snap",
    "retrieved_at": "2026-08-18T13:27:08.541311+08:00"
  },
  "account_feasibility": {
    "reference_account_cny": 20000.0,
    "creation_unit_notional_cny": 4284900.0,
    "can_directly_create_or_redeem": false,
    "intended_use": "只用PCF和IOPV观察一级市场吸收状态，在二级市场交易510300"
  },
  "storage": {
    "pcf": {
      "file": "data/raw/primary_market/510300_pcf_daily.parquet",
      "row_count": 4,
      "first_key": "2026-08-13",
      "last_key": "2026-08-18",
      "sha256": "829c810ec802ff72ad6532eb5255f25a98fef36cad8dec5db46c14c5e37dac65"
    },
    "iopv": {
      "file": "data/raw/primary_market/510300_iopv_snapshots.parquet",
      "row_count": 300,
      "first_key": "2026-08-13 16:29:06",
      "last_key": "2026-08-18 13:27:08",
      "sha256": "234b9f41e03478e7554aaf3f8e01d3c7e6cd920c4059cce678c6d9e6c7418821"
    }
  },
  "raw_response_files": [
    "data/raw/primary_market/raw/iopv/20260818/20260818T132707_147491+0800.json"
  ],
  "governance": {
    "use_as_trading_signal": false,
    "automatic_ordering_authorized": false,
    "note": "当前只采集和纸面验证；未通过前向门槛前不得映射实盘仓位。"
  }
}
{
  "status": "PASS",
  "checked_at": "2026-08-18T13:28:10.553979+08:00",
  "collector": {
    "collector_id": "510300_PRIMARY_SECONDARY_FORWARD_V1",
    "symbol": "510300.SH",
    "fund_code": "510300",
    "timezone": "Asia/Shanghai",
    "timeout_seconds": 15,
    "observation_interval_seconds": 60,
    "collection_start_time": "09:30:00",
    "collection_end_time": "15:00:00",
    "collection_sessions": [
      [
        "09:30:00",
        "11:30:00"
      ],
      [
        "13:00:00",
        "15:00:00"
      ]
    ],
    "evidence_scope": "仅从实际接入日起的前向数据，不回填历史IOPV"
  },
  "checks": {
    "same_fund_code": true,
    "same_trade_date": true,
    "iopv_publication_enabled": true,
    "positive_iopv": true,
    "positive_last_price": true,
    "positive_creation_unit": true,
    "snapshot_fresh_during_collection_session": true
  },
  "freshness": {
    "during_collection_session": true,
    "clock_delay_seconds": 0.553979,
    "maximum_allowed_seconds_during_session": 180.0
  },
  "latest_pcf": {
    "trading_day": "2026-08-18",
    "previous_trading_day": "2026-08-17",
    "fund_code": "510300",
    "fund_name": "华泰柏瑞沪深300交易型开放式指数证券投资基金",
    "fund_company": "华泰柏瑞基金管理有限公司",
    "file_id": "1465021",
    "etf_type": "8",
    "nav": 4.8038,
    "nav_per_creation_unit": 4323446.47,
    "previous_cash_component": 108343.47,
    "estimated_cash_component": 108377.47,
    "maximum_cash_ratio": 0.5,
    "creation_redemption_unit": 900000,
    "component_count": 300,
    "publish_iopv": true,
    "creation_redemption_status": "申购和赎回皆允许",
    "creation_redemption_mechanism": "1",
    "creation_limit": null,
    "redemption_limit": 3600000000.0,
    "net_creation_limit": null,
    "net_redemption_limit": null,
    "creation_limit_per_account": null,
    "redemption_limit_per_account": null,
    "net_creation_limit_per_account": null,
    "net_redemption_limit_per_account": null,
    "source": "sse.COMMON_SSE_CP_JJLB_ETFJJGK_GGSGSHQD_JBXX_C",
    "retrieved_at": "2026-08-18T09:30:05.929758+08:00"
  },
  "latest_iopv": {
    "exchange_timestamp": "2026-08-18 13:28:10",
    "trade_date": "2026-08-18",
    "fund_code": "510300",
    "name": "300ETF",
    "extended_name": "沪深300ETF华泰柏瑞",
    "last_price": 4.758,
    "iopv": 4.7635,
    "premium_discount_bps": -11.546132045764379,
    "change_rate_pct": -0.9,
    "change_cny": -0.043,
    "open": 4.794,
    "previous_close": 4.801,
    "high": 4.803,
    "low": 4.751,
    "volume_shares": 521860443.0,
    "amount_cny": 2494893249.0,
    "trade_phase_raw": "T111    ",
    "post_close_volume_shares": 0.0,
    "post_close_amount_cny": 0.0,
    "post_close_phase_raw": "A1      ",
    "product_subtype": "EBS",
    "source": "sse.yunhq.sh1.snap",
    "retrieved_at": "2026-08-18T13:28:10.528839+08:00"
  },
  "account_feasibility": {
    "reference_account_cny": 20000.0,
    "creation_unit_notional_cny": 4282200.0,
    "can_directly_create_or_redeem": false,
    "intended_use": "只用PCF和IOPV观察一级市场吸收状态，在二级市场交易510300"
  },
  "storage": {
    "pcf": {
      "file": "data/raw/primary_market/510300_pcf_daily.parquet",
      "row_count": 4,
      "first_key": "2026-08-13",
      "last_key": "2026-08-18",
      "sha256": "829c810ec802ff72ad6532eb5255f25a98fef36cad8dec5db46c14c5e37dac65"
    },
    "iopv": {
      "file": "data/raw/primary_market/510300_iopv_snapshots.parquet",
      "row_count": 301,
      "first_key": "2026-08-13 16:29:06",
      "last_key": "2026-08-18 13:28:10",
      "sha256": "185f37e101a00e2eebc07a875f14f7aeae03727c9f2dff5149da87331361104c"
    }
  },
  "raw_response_files": [
    "data/raw/primary_market/raw/iopv/20260818/20260818T132808_582976+0800.json"
  ],
  "governance": {
    "use_as_trading_signal": false,
    "automatic_ordering_authorized": false,
    "note": "当前只采集和纸面验证；未通过前向门槛前不得映射实盘仓位。"
  }
}
{
  "status": "PASS",
  "checked_at": "2026-08-18T13:29:11.853743+08:00",
  "collector": {
    "collector_id": "510300_PRIMARY_SECONDARY_FORWARD_V1",
    "symbol": "510300.SH",
    "fund_code": "510300",
    "timezone": "Asia/Shanghai",
    "timeout_seconds": 15,
    "observation_interval_seconds": 60,
    "collection_start_time": "09:30:00",
    "collection_end_time": "15:00:00",
    "collection_sessions": [
      [
        "09:30:00",
        "11:30:00"
      ],
      [
        "13:00:00",
        "15:00:00"
      ]
    ],
    "evidence_scope": "仅从实际接入日起的前向数据，不回填历史IOPV"
  },
  "checks": {
    "same_fund_code": true,
    "same_trade_date": true,
    "iopv_publication_enabled": true,
    "positive_iopv": true,
    "positive_last_price": true,
    "positive_creation_unit": true,
    "snapshot_fresh_during_collection_session": true
  },
  "freshness": {
    "during_collection_session": true,
    "clock_delay_seconds": 0.853743,
    "maximum_allowed_seconds_during_session": 180.0
  },
  "latest_pcf": {
    "trading_day": "2026-08-18",
    "previous_trading_day": "2026-08-17",
    "fund_code": "510300",
    "fund_name": "华泰柏瑞沪深300交易型开放式指数证券投资基金",
    "fund_company": "华泰柏瑞基金管理有限公司",
    "file_id": "1465021",
    "etf_type": "8",
    "nav": 4.8038,
    "nav_per_creation_unit": 4323446.47,
    "previous_cash_component": 108343.47,
    "estimated_cash_component": 108377.47,
    "maximum_cash_ratio": 0.5,
    "creation_redemption_unit": 900000,
    "component_count": 300,
    "publish_iopv": true,
    "creation_redemption_status": "申购和赎回皆允许",
    "creation_redemption_mechanism": "1",
    "creation_limit": null,
    "redemption_limit": 3600000000.0,
    "net_creation_limit": null,
    "net_redemption_limit": null,
    "creation_limit_per_account": null,
    "redemption_limit_per_account": null,
    "net_creation_limit_per_account": null,
    "net_redemption_limit_per_account": null,
    "source": "sse.COMMON_SSE_CP_JJLB_ETFJJGK_GGSGSHQD_JBXX_C",
    "retrieved_at": "2026-08-18T09:30:05.929758+08:00"
  },
  "latest_iopv": {
    "exchange_timestamp": "2026-08-18 13:29:11",
    "trade_date": "2026-08-18",
    "fund_code": "510300",
    "name": "300ETF",
    "extended_name": "沪深300ETF华泰柏瑞",
    "last_price": 4.758,
    "iopv": 4.7613,
    "premium_discount_bps": -6.930880221789337,
    "change_rate_pct": -0.9,
    "change_cny": -0.043,
    "open": 4.794,
    "previous_close": 4.801,
    "high": 4.803,
    "low": 4.751,
    "volume_shares": 522703643.0,
    "amount_cny": 2498904811.0,
    "trade_phase_raw": "T111    ",
    "post_close_volume_shares": 0.0,
    "post_close_amount_cny": 0.0,
    "post_close_phase_raw": "A1      ",
    "product_subtype": "EBS",
    "source": "sse.yunhq.sh1.snap",
    "retrieved_at": "2026-08-18T13:29:11.816201+08:00"
  },
  "account_feasibility": {
    "reference_account_cny": 20000.0,
    "creation_unit_notional_cny": 4282200.0,
    "can_directly_create_or_redeem": false,
    "intended_use": "只用PCF和IOPV观察一级市场吸收状态，在二级市场交易510300"
  },
  "storage": {
    "pcf": {
      "file": "data/raw/primary_market/510300_pcf_daily.parquet",
      "row_count": 4,
      "first_key": "2026-08-13",
      "last_key": "2026-08-18",
      "sha256": "829c810ec802ff72ad6532eb5255f25a98fef36cad8dec5db46c14c5e37dac65"
    },
    "iopv": {
      "file": "data/raw/primary_market/510300_iopv_snapshots.parquet",
      "row_count": 302,
      "first_key": "2026-08-13 16:29:06",
      "last_key": "2026-08-18 13:29:11",
      "sha256": "8ac392c3b2d1ac56535ca8c0c2fa664909d2428761e503be5ff1a394bad7d320"
    }
  },
  "raw_response_files": [
    "data/raw/primary_market/raw/iopv/20260818/20260818T132910_556180+0800.json"
  ],
  "governance": {
    "use_as_trading_signal": false,
    "automatic_ordering_authorized": false,
    "note": "当前只采集和纸面验证；未通过前向门槛前不得映射实盘仓位。"
  }
}
{
  "status": "PASS",
  "checked_at": "2026-08-18T13:30:14.690331+08:00",
  "collector": {
    "collector_id": "510300_PRIMARY_SECONDARY_FORWARD_V1",
    "symbol": "510300.SH",
    "fund_code": "510300",
    "timezone": "Asia/Shanghai",
    "timeout_seconds": 15,
    "observation_interval_seconds": 60,
    "collection_start_time": "09:30:00",
    "collection_end_time": "15:00:00",
    "collection_sessions": [
      [
        "09:30:00",
        "11:30:00"
      ],
      [
        "13:00:00",
        "15:00:00"
      ]
    ],
    "evidence_scope": "仅从实际接入日起的前向数据，不回填历史IOPV"
  },
  "checks": {
    "same_fund_code": true,
    "same_trade_date": true,
    "iopv_publication_enabled": true,
    "positive_iopv": true,
    "positive_last_price": true,
    "positive_creation_unit": true,
    "snapshot_fresh_during_collection_session": true
  },
  "freshness": {
    "during_collection_session": true,
    "clock_delay_seconds": 0.690331,
    "maximum_allowed_seconds_during_session": 180.0
  },
  "latest_pcf": {
    "trading_day": "2026-08-18",
    "previous_trading_day": "2026-08-17",
    "fund_code": "510300",
    "fund_name": "华泰柏瑞沪深300交易型开放式指数证券投资基金",
    "fund_company": "华泰柏瑞基金管理有限公司",
    "file_id": "1465021",
    "etf_type": "8",
    "nav": 4.8038,
    "nav_per_creation_unit": 4323446.47,
    "previous_cash_component": 108343.47,
    "estimated_cash_component": 108377.47,
    "maximum_cash_ratio": 0.5,
    "creation_redemption_unit": 900000,
    "component_count": 300,
    "publish_iopv": true,
    "creation_redemption_status": "申购和赎回皆允许",
    "creation_redemption_mechanism": "1",
    "creation_limit": null,
    "redemption_limit": 3600000000.0,
    "net_creation_limit": null,
    "net_redemption_limit": null,
    "creation_limit_per_account": null,
    "redemption_limit_per_account": null,
    "net_creation_limit_per_account": null,
    "net_redemption_limit_per_account": null,
    "source": "sse.COMMON_SSE_CP_JJLB_ETFJJGK_GGSGSHQD_JBXX_C",
    "retrieved_at": "2026-08-18T09:30:05.929758+08:00"
  },
  "latest_iopv": {
    "exchange_timestamp": "2026-08-18 13:30:14",
    "trade_date": "2026-08-18",
    "fund_code": "510300",
    "name": "300ETF",
    "extended_name": "沪深300ETF华泰柏瑞",
    "last_price": 4.758,
    "iopv": 4.7625,
    "premium_discount_bps": -9.448818897638267,
    "change_rate_pct": -0.9,
    "change_cny": -0.043,
    "open": 4.794,
    "previous_close": 4.801,
    "high": 4.803,
    "low": 4.751,
    "volume_shares": 524120043.0,
    "amount_cny": 2505643899.0,
    "trade_phase_raw": "T111    ",
    "post_close_volume_shares": 0.0,
    "post_close_amount_cny": 0.0,
    "post_close_phase_raw": "A1      ",
    "product_subtype": "EBS",
    "source": "sse.yunhq.sh1.snap",
    "retrieved_at": "2026-08-18T13:30:14.652011+08:00"
  },
  "account_feasibility": {
    "reference_account_cny": 20000.0,
    "creation_unit_notional_cny": 4282200.0,
    "can_directly_create_or_redeem": false,
    "intended_use": "只用PCF和IOPV观察一级市场吸收状态，在二级市场交易510300"
  },
  "storage": {
    "pcf": {
      "file": "data/raw/primary_market/510300_pcf_daily.parquet",
      "row_count": 4,
      "first_key": "2026-08-13",
      "last_key": "2026-08-18",
      "sha256": "829c810ec802ff72ad6532eb5255f25a98fef36cad8dec5db46c14c5e37dac65"
    },
    "iopv": {
      "file": "data/raw/primary_market/510300_iopv_snapshots.parquet",
      "row_count": 303,
      "first_key": "2026-08-13 16:29:06",
      "last_key": "2026-08-18 13:30:14",
      "sha256": "d797ac47826862f11b6e3ffa4c5ed0b724804b10ed5f1ec23035a5fd4f0f344b"
    }
  },
  "raw_response_files": [
    "data/raw/primary_market/raw/iopv/20260818/20260818T133011_856138+0800.json"
  ],
  "governance": {
    "use_as_trading_signal": false,
    "automatic_ordering_authorized": false,
    "note": "当前只采集和纸面验证；未通过前向门槛前不得映射实盘仓位。"
  }
}
{
  "status": "PASS",
  "checked_at": "2026-08-18T13:31:16.207442+08:00",
  "collector": {
    "collector_id": "510300_PRIMARY_SECONDARY_FORWARD_V1",
    "symbol": "510300.SH",
    "fund_code": "510300",
    "timezone": "Asia/Shanghai",
    "timeout_seconds": 15,
    "observation_interval_seconds": 60,
    "collection_start_time": "09:30:00",
    "collection_end_time": "15:00:00",
    "collection_sessions": [
      [
        "09:30:00",
        "11:30:00"
      ],
      [
        "13:00:00",
        "15:00:00"
      ]
    ],
    "evidence_scope": "仅从实际接入日起的前向数据，不回填历史IOPV"
  },
  "checks": {
    "same_fund_code": true,
    "same_trade_date": true,
    "iopv_publication_enabled": true,
    "positive_iopv": true,
    "positive_last_price": true,
    "positive_creation_unit": true,
    "snapshot_fresh_during_collection_session": true
  },
  "freshness": {
    "during_collection_session": true,
    "clock_delay_seconds": 1.207442,
    "maximum_allowed_seconds_during_session": 180.0
  },
  "latest_pcf": {
    "trading_day": "2026-08-18",
    "previous_trading_day": "2026-08-17",
    "fund_code": "510300",
    "fund_name": "华泰柏瑞沪深300交易型开放式指数证券投资基金",
    "fund_company": "华泰柏瑞基金管理有限公司",
    "file_id": "1465021",
    "etf_type": "8",
    "nav": 4.8038,
    "nav_per_creation_unit": 4323446.47,
    "previous_cash_component": 108343.47,
    "estimated_cash_component": 108377.47,
    "maximum_cash_ratio": 0.5,
    "creation_redemption_unit": 900000,
    "component_count": 300,
    "publish_iopv": true,
    "creation_redemption_status": "申购和赎回皆允许",
    "creation_redemption_mechanism": "1",
    "creation_limit": null,
    "redemption_limit": 3600000000.0,
    "net_creation_limit": null,
    "net_redemption_limit": null,
    "creation_limit_per_account": null,
    "redemption_limit_per_account": null,
    "net_creation_limit_per_account": null,
    "net_redemption_limit_per_account": null,
    "source": "sse.COMMON_SSE_CP_JJLB_ETFJJGK_GGSGSHQD_JBXX_C",
    "retrieved_at": "2026-08-18T09:30:05.929758+08:00"
  },
  "latest_iopv": {
    "exchange_timestamp": "2026-08-18 13:31:15",
    "trade_date": "2026-08-18",
    "fund_code": "510300",
    "name": "300ETF",
    "extended_name": "沪深300ETF华泰柏瑞",
    "last_price": 4.757,
    "iopv": 4.7615,
    "premium_discount_bps": -9.450803318282741,
    "change_rate_pct": -0.92,
    "change_cny": -0.044,
    "open": 4.794,
    "previous_close": 4.801,
    "high": 4.803,
    "low": 4.751,
    "volume_shares": 525306443.0,
    "amount_cny": 2511287836.0,
    "trade_phase_raw": "T111    ",
    "post_close_volume_shares": 0.0,
    "post_close_amount_cny": 0.0,
    "post_close_phase_raw": "A1      ",
    "product_subtype": "EBS",
    "source": "sse.yunhq.sh1.snap",
    "retrieved_at": "2026-08-18T13:31:16.170645+08:00"
  },
  "account_feasibility": {
    "reference_account_cny": 20000.0,
    "creation_unit_notional_cny": 4281300.0,
    "can_directly_create_or_redeem": false,
    "intended_use": "只用PCF和IOPV观察一级市场吸收状态，在二级市场交易510300"
  },
  "storage": {
    "pcf": {
      "file": "data/raw/primary_market/510300_pcf_daily.parquet",
      "row_count": 4,
      "first_key": "2026-08-13",
      "last_key": "2026-08-18",
      "sha256": "829c810ec802ff72ad6532eb5255f25a98fef36cad8dec5db46c14c5e37dac65"
    },
    "iopv": {
      "file": "data/raw/primary_market/510300_iopv_snapshots.parquet",
      "row_count": 304,
      "first_key": "2026-08-13 16:29:06",
      "last_key": "2026-08-18 13:31:15",
      "sha256": "74cc6e3bd5fe7e6e4c35c09fd257f310ceceed844633123215ec55af6b4fbe26"
    }
  },
  "raw_response_files": [
    "data/raw/primary_market/raw/iopv/20260818/20260818T133114_692644+0800.json"
  ],
  "governance": {
    "use_as_trading_signal": false,
    "automatic_ordering_authorized": false,
    "note": "当前只采集和纸面验证；未通过前向门槛前不得映射实盘仓位。"
  }
}
{
  "status": "PASS",
  "checked_at": "2026-08-18T13:32:17.751503+08:00",
  "collector": {
    "collector_id": "510300_PRIMARY_SECONDARY_FORWARD_V1",
    "symbol": "510300.SH",
    "fund_code": "510300",
    "timezone": "Asia/Shanghai",
    "timeout_seconds": 15,
    "observation_interval_seconds": 60,
    "collection_start_time": "09:30:00",
    "collection_end_time": "15:00:00",
    "collection_sessions": [
      [
        "09:30:00",
        "11:30:00"
      ],
      [
        "13:00:00",
        "15:00:00"
      ]
    ],
    "evidence_scope": "仅从实际接入日起的前向数据，不回填历史IOPV"
  },
  "checks": {
    "same_fund_code": true,
    "same_trade_date": true,
    "iopv_publication_enabled": true,
    "positive_iopv": true,
    "positive_last_price": true,
    "positive_creation_unit": true,
    "snapshot_fresh_during_collection_session": true
  },
  "freshness": {
    "during_collection_session": true,
    "clock_delay_seconds": 0.751503,
    "maximum_allowed_seconds_during_session": 180.0
  },
  "latest_pcf": {
    "trading_day": "2026-08-18",
    "previous_trading_day": "2026-08-17",
    "fund_code": "510300",
    "fund_name": "华泰柏瑞沪深300交易型开放式指数证券投资基金",
    "fund_company": "华泰柏瑞基金管理有限公司",
    "file_id": "1465021",
    "etf_type": "8",
    "nav": 4.8038,
    "nav_per_creation_unit": 4323446.47,
    "previous_cash_component": 108343.47,
    "estimated_cash_component": 108377.47,
    "maximum_cash_ratio": 0.5,
    "creation_redemption_unit": 900000,
    "component_count": 300,
    "publish_iopv": true,
    "creation_redemption_status": "申购和赎回皆允许",
    "creation_redemption_mechanism": "1",
    "creation_limit": null,
    "redemption_limit": 3600000000.0,
    "net_creation_limit": null,
    "net_redemption_limit": null,
    "creation_limit_per_account": null,
    "redemption_limit_per_account": null,
    "net_creation_limit_per_account": null,
    "net_redemption_limit_per_account": null,
    "source": "sse.COMMON_SSE_CP_JJLB_ETFJJGK_GGSGSHQD_JBXX_C",
    "retrieved_at": "2026-08-18T09:30:05.929758+08:00"
  },
  "latest_iopv": {
    "exchange_timestamp": "2026-08-18 13:32:17",
    "trade_date": "2026-08-18",
    "fund_code": "510300",
    "name": "300ETF",
    "extended_name": "沪深300ETF华泰柏瑞",
    "last_price": 4.757,
    "iopv": 4.7604,
    "premium_discount_bps": -7.14225695319759,
    "change_rate_pct": -0.92,
    "change_cny": -0.044,
    "open": 4.794,
    "previous_close": 4.801,
    "high": 4.803,
    "low": 4.751,
    "volume_shares": 526443043.0,
    "amount_cny": 2516694830.0,
    "trade_phase_raw": "T111    ",
    "post_close_volume_shares": 0.0,
    "post_close_amount_cny": 0.0,
    "post_close_phase_raw": "A1      ",
    "product_subtype": "EBS",
    "source": "sse.yunhq.sh1.snap",
    "retrieved_at": "2026-08-18T13:32:17.717137+08:00"
  },
  "account_feasibility": {
    "reference_account_cny": 20000.0,
    "creation_unit_notional_cny": 4281300.0,
    "can_directly_create_or_redeem": false,
    "intended_use": "只用PCF和IOPV观察一级市场吸收状态，在二级市场交易510300"
  },
  "storage": {
    "pcf": {
      "file": "data/raw/primary_market/510300_pcf_daily.parquet",
      "row_count": 4,
      "first_key": "2026-08-13",
      "last_key": "2026-08-18",
      "sha256": "829c810ec802ff72ad6532eb5255f25a98fef36cad8dec5db46c14c5e37dac65"
    },
    "iopv": {
      "file": "data/raw/primary_market/510300_iopv_snapshots.parquet",
      "row_count": 305,
      "first_key": "2026-08-13 16:29:06",
      "last_key": "2026-08-18 13:32:17",
      "sha256": "62885f2d7eb43918c2b3a2bb850cae8ebee9276231733d5e7c8de7b9083115a1"
    }
  },
  "raw_response_files": [
    "data/raw/primary_market/raw/iopv/20260818/20260818T133216_210051+0800.json"
  ],
  "governance": {
    "use_as_trading_signal": false,
    "automatic_ordering_authorized": false,
    "note": "当前只采集和纸面验证；未通过前向门槛前不得映射实盘仓位。"
  }
}
{
  "status": "PASS",
  "checked_at": "2026-08-18T13:33:19.541035+08:00",
  "collector": {
    "collector_id": "510300_PRIMARY_SECONDARY_FORWARD_V1",
    "symbol": "510300.SH",
    "fund_code": "510300",
    "timezone": "Asia/Shanghai",
    "timeout_seconds": 15,
    "observation_interval_seconds": 60,
    "collection_start_time": "09:30:00",
    "collection_end_time": "15:00:00",
    "collection_sessions": [
      [
        "09:30:00",
        "11:30:00"
      ],
      [
        "13:00:00",
        "15:00:00"
      ]
    ],
    "evidence_scope": "仅从实际接入日起的前向数据，不回填历史IOPV"
  },
  "checks": {
    "same_fund_code": true,
    "same_trade_date": true,
    "iopv_publication_enabled": true,
    "positive_iopv": true,
    "positive_last_price": true,
    "positive_creation_unit": true,
    "snapshot_fresh_during_collection_session": true
  },
  "freshness": {
    "during_collection_session": true,
    "clock_delay_seconds": 0.541035,
    "maximum_allowed_seconds_during_session": 180.0
  },
  "latest_pcf": {
    "trading_day": "2026-08-18",
    "previous_trading_day": "2026-08-17",
    "fund_code": "510300",
    "fund_name": "华泰柏瑞沪深300交易型开放式指数证券投资基金",
    "fund_company": "华泰柏瑞基金管理有限公司",
    "file_id": "1465021",
    "etf_type": "8",
    "nav": 4.8038,
    "nav_per_creation_unit": 4323446.47,
    "previous_cash_component": 108343.47,
    "estimated_cash_component": 108377.47,
    "maximum_cash_ratio": 0.5,
    "creation_redemption_unit": 900000,
    "component_count": 300,
    "publish_iopv": true,
    "creation_redemption_status": "申购和赎回皆允许",
    "creation_redemption_mechanism": "1",
    "creation_limit": null,
    "redemption_limit": 3600000000.0,
    "net_creation_limit": null,
    "net_redemption_limit": null,
    "creation_limit_per_account": null,
    "redemption_limit_per_account": null,
    "net_creation_limit_per_account": null,
    "net_redemption_limit_per_account": null,
    "source": "sse.COMMON_SSE_CP_JJLB_ETFJJGK_GGSGSHQD_JBXX_C",
    "retrieved_at": "2026-08-18T09:30:05.929758+08:00"
  },
  "latest_iopv": {
    "exchange_timestamp": "2026-08-18 13:33:19",
    "trade_date": "2026-08-18",
    "fund_code": "510300",
    "name": "300ETF",
    "extended_name": "沪深300ETF华泰柏瑞",
    "last_price": 4.759,
    "iopv": 4.7625,
    "premium_discount_bps": -7.349081364829146,
    "change_rate_pct": -0.87,
    "change_cny": -0.042,
    "open": 4.794,
    "previous_close": 4.801,
    "high": 4.803,
    "low": 4.751,
    "volume_shares": 528002643.0,
    "amount_cny": 2524115639.0,
    "trade_phase_raw": "T111    ",
    "post_close_volume_shares": 0.0,
    "post_close_amount_cny": 0.0,
    "post_close_phase_raw": "A1      ",
    "product_subtype": "EBS",
    "source": "sse.yunhq.sh1.snap",
    "retrieved_at": "2026-08-18T13:33:19.503705+08:00"
  },
  "account_feasibility": {
    "reference_account_cny": 20000.0,
    "creation_unit_notional_cny": 4283100.0,
    "can_directly_create_or_redeem": false,
    "intended_use": "只用PCF和IOPV观察一级市场吸收状态，在二级市场交易510300"
  },
  "storage": {
    "pcf": {
      "file": "data/raw/primary_market/510300_pcf_daily.parquet",
      "row_count": 4,
      "first_key": "2026-08-13",
      "last_key": "2026-08-18",
      "sha256": "829c810ec802ff72ad6532eb5255f25a98fef36cad8dec5db46c14c5e37dac65"
    },
    "iopv": {
      "file": "data/raw/primary_market/510300_iopv_snapshots.parquet",
      "row_count": 306,
      "first_key": "2026-08-13 16:29:06",
      "last_key": "2026-08-18 13:33:19",
      "sha256": "c090e4add4d2697e2ca374144e3ca55a8ac4f32a4a8ed715b7daa8cf4721effb"
    }
  },
  "raw_response_files": [
    "data/raw/primary_market/raw/iopv/20260818/20260818T133317_753839+0800.json"
  ],
  "governance": {
    "use_as_trading_signal": false,
    "automatic_ordering_authorized": false,
    "note": "当前只采集和纸面验证；未通过前向门槛前不得映射实盘仓位。"
  }
}
{
  "status": "PASS",
  "checked_at": "2026-08-18T13:34:21.259471+08:00",
  "collector": {
    "collector_id": "510300_PRIMARY_SECONDARY_FORWARD_V1",
    "symbol": "510300.SH",
    "fund_code": "510300",
    "timezone": "Asia/Shanghai",
    "timeout_seconds": 15,
    "observation_interval_seconds": 60,
    "collection_start_time": "09:30:00",
    "collection_end_time": "15:00:00",
    "collection_sessions": [
      [
        "09:30:00",
        "11:30:00"
      ],
      [
        "13:00:00",
        "15:00:00"
      ]
    ],
    "evidence_scope": "仅从实际接入日起的前向数据，不回填历史IOPV"
  },
  "checks": {
    "same_fund_code": true,
    "same_trade_date": true,
    "iopv_publication_enabled": true,
    "positive_iopv": true,
    "positive_last_price": true,
    "positive_creation_unit": true,
    "snapshot_fresh_during_collection_session": true
  },
  "freshness": {
    "during_collection_session": true,
    "clock_delay_seconds": 1.259471,
    "maximum_allowed_seconds_during_session": 180.0
  },
  "latest_pcf": {
    "trading_day": "2026-08-18",
    "previous_trading_day": "2026-08-17",
    "fund_code": "510300",
    "fund_name": "华泰柏瑞沪深300交易型开放式指数证券投资基金",
    "fund_company": "华泰柏瑞基金管理有限公司",
    "file_id": "1465021",
    "etf_type": "8",
    "nav": 4.8038,
    "nav_per_creation_unit": 4323446.47,
    "previous_cash_component": 108343.47,
    "estimated_cash_component": 108377.47,
    "maximum_cash_ratio": 0.5,
    "creation_redemption_unit": 900000,
    "component_count": 300,
    "publish_iopv": true,
    "creation_redemption_status": "申购和赎回皆允许",
    "creation_redemption_mechanism": "1",
    "creation_limit": null,
    "redemption_limit": 3600000000.0,
    "net_creation_limit": null,
    "net_redemption_limit": null,
    "creation_limit_per_account": null,
    "redemption_limit_per_account": null,
    "net_creation_limit_per_account": null,
    "net_redemption_limit_per_account": null,
    "source": "sse.COMMON_SSE_CP_JJLB_ETFJJGK_GGSGSHQD_JBXX_C",
    "retrieved_at": "2026-08-18T09:30:05.929758+08:00"
  },
  "latest_iopv": {
    "exchange_timestamp": "2026-08-18 13:34:20",
    "trade_date": "2026-08-18",
    "fund_code": "510300",
    "name": "300ETF",
    "extended_name": "沪深300ETF华泰柏瑞",
    "last_price": 4.764,
    "iopv": 4.767,
    "premium_discount_bps": -6.293266205160686,
    "change_rate_pct": -0.77,
    "change_cny": -0.037,
    "open": 4.794,
    "previous_close": 4.801,
    "high": 4.803,
    "low": 4.751,
    "volume_shares": 531236343.0,
    "amount_cny": 2539513269.0,
    "trade_phase_raw": "T111    ",
    "post_close_volume_shares": 0.0,
    "post_close_amount_cny": 0.0,
    "post_close_phase_raw": "A1      ",
    "product_subtype": "EBS",
    "source": "sse.yunhq.sh1.snap",
    "retrieved_at": "2026-08-18T13:34:21.218445+08:00"
  },
  "account_feasibility": {
    "reference_account_cny": 20000.0,
    "creation_unit_notional_cny": 4287600.0,
    "can_directly_create_or_redeem": false,
    "intended_use": "只用PCF和IOPV观察一级市场吸收状态，在二级市场交易510300"
  },
  "storage": {
    "pcf": {
      "file": "data/raw/primary_market/510300_pcf_daily.parquet",
      "row_count": 4,
      "first_key": "2026-08-13",
      "last_key": "2026-08-18",
      "sha256": "829c810ec802ff72ad6532eb5255f25a98fef36cad8dec5db46c14c5e37dac65"
    },
    "iopv": {
      "file": "data/raw/primary_market/510300_iopv_snapshots.parquet",
      "row_count": 307,
      "first_key": "2026-08-13 16:29:06",
      "last_key": "2026-08-18 13:34:20",
      "sha256": "0079223d3ef9910c63bd07d0756d247a0dc7ebf58ba84960f6595d3f79c9a966"
    }
  },
  "raw_response_files": [
    "data/raw/primary_market/raw/iopv/20260818/20260818T133419_543711+0800.json"
  ],
  "governance": {
    "use_as_trading_signal": false,
    "automatic_ordering_authorized": false,
    "note": "当前只采集和纸面验证；未通过前向门槛前不得映射实盘仓位。"
  }
}
{
  "status": "PASS",
  "checked_at": "2026-08-18T13:35:22.575335+08:00",
  "collector": {
    "collector_id": "510300_PRIMARY_SECONDARY_FORWARD_V1",
    "symbol": "510300.SH",
    "fund_code": "510300",
    "timezone": "Asia/Shanghai",
    "timeout_seconds": 15,
    "observation_interval_seconds": 60,
    "collection_start_time": "09:30:00",
    "collection_end_time": "15:00:00",
    "collection_sessions": [
      [
        "09:30:00",
        "11:30:00"
      ],
      [
        "13:00:00",
        "15:00:00"
      ]
    ],
    "evidence_scope": "仅从实际接入日起的前向数据，不回填历史IOPV"
  },
  "checks": {
    "same_fund_code": true,
    "same_trade_date": true,
    "iopv_publication_enabled": true,
    "positive_iopv": true,
    "positive_last_price": true,
    "positive_creation_unit": true,
    "snapshot_fresh_during_collection_session": true
  },
  "freshness": {
    "during_collection_session": true,
    "clock_delay_seconds": 0.575335,
    "maximum_allowed_seconds_during_session": 180.0
  },
  "latest_pcf": {
    "trading_day": "2026-08-18",
    "previous_trading_day": "2026-08-17",
    "fund_code": "510300",
    "fund_name": "华泰柏瑞沪深300交易型开放式指数证券投资基金",
    "fund_company": "华泰柏瑞基金管理有限公司",
    "file_id": "1465021",
    "etf_type": "8",
    "nav": 4.8038,
    "nav_per_creation_unit": 4323446.47,
    "previous_cash_component": 108343.47,
    "estimated_cash_component": 108377.47,
    "maximum_cash_ratio": 0.5,
    "creation_redemption_unit": 900000,
    "component_count": 300,
    "publish_iopv": true,
    "creation_redemption_status": "申购和赎回皆允许",
    "creation_redemption_mechanism": "1",
    "creation_limit": null,
    "redemption_limit": 3600000000.0,
    "net_creation_limit": null,
    "net_redemption_limit": null,
    "creation_limit_per_account": null,
    "redemption_limit_per_account": null,
    "net_creation_limit_per_account": null,
    "net_redemption_limit_per_account": null,
    "source": "sse.COMMON_SSE_CP_JJLB_ETFJJGK_GGSGSHQD_JBXX_C",
    "retrieved_at": "2026-08-18T09:30:05.929758+08:00"
  },
  "latest_iopv": {
    "exchange_timestamp": "2026-08-18 13:35:22",
    "trade_date": "2026-08-18",
    "fund_code": "510300",
    "name": "300ETF",
    "extended_name": "沪深300ETF华泰柏瑞",
    "last_price": 4.766,
    "iopv": 4.7687,
    "premium_discount_bps": -5.6619204395325085,
    "change_rate_pct": -0.73,
    "change_cny": -0.035,
    "open": 4.794,
    "previous_close": 4.801,
    "high": 4.803,
    "low": 4.751,
    "volume_shares": 533896043.0,
    "amount_cny": 2552185525.0,
    "trade_phase_raw": "T111    ",
    "post_close_volume_shares": 0.0,
    "post_close_amount_cny": 0.0,
    "post_close_phase_raw": "A1      ",
    "product_subtype": "EBS",
    "source": "sse.yunhq.sh1.snap",
    "retrieved_at": "2026-08-18T13:35:22.524565+08:00"
  },
  "account_feasibility": {
    "reference_account_cny": 20000.0,
    "creation_unit_notional_cny": 4289400.0,
    "can_directly_create_or_redeem": false,
    "intended_use": "只用PCF和IOPV观察一级市场吸收状态，在二级市场交易510300"
  },
  "storage": {
    "pcf": {
      "file": "data/raw/primary_market/510300_pcf_daily.parquet",
      "row_count": 4,
      "first_key": "2026-08-13",
      "last_key": "2026-08-18",
      "sha256": "829c810ec802ff72ad6532eb5255f25a98fef36cad8dec5db46c14c5e37dac65"
    },
    "iopv": {
      "file": "data/raw/primary_market/510300_iopv_snapshots.parquet",
      "row_count": 308,
      "first_key": "2026-08-13 16:29:06",
      "last_key": "2026-08-18 13:35:22",
      "sha256": "da6da9567633d672be9078305881acd86e8cdbc01a2e1c69239d17b7faa08115"
    }
  },
  "raw_response_files": [
    "data/raw/primary_market/raw/iopv/20260818/20260818T133521_263274+0800.json"
  ],
  "governance": {
    "use_as_trading_signal": false,
    "automatic_ordering_authorized": false,
    "note": "当前只采集和纸面验证；未通过前向门槛前不得映射实盘仓位。"
  }
}
{
  "status": "PASS",
  "checked_at": "2026-08-18T13:36:23.834453+08:00",
  "collector": {
    "collector_id": "510300_PRIMARY_SECONDARY_FORWARD_V1",
    "symbol": "510300.SH",
    "fund_code": "510300",
    "timezone": "Asia/Shanghai",
    "timeout_seconds": 15,
    "observation_interval_seconds": 60,
    "collection_start_time": "09:30:00",
    "collection_end_time": "15:00:00",
    "collection_sessions": [
      [
        "09:30:00",
        "11:30:00"
      ],
      [
        "13:00:00",
        "15:00:00"
      ]
    ],
    "evidence_scope": "仅从实际接入日起的前向数据，不回填历史IOPV"
  },
  "checks": {
    "same_fund_code": true,
    "same_trade_date": true,
    "iopv_publication_enabled": true,
    "positive_iopv": true,
    "positive_last_price": true,
    "positive_creation_unit": true,
    "snapshot_fresh_during_collection_session": true
  },
  "freshness": {
    "during_collection_session": true,
    "clock_delay_seconds": 0.834453,
    "maximum_allowed_seconds_during_session": 180.0
  },
  "latest_pcf": {
    "trading_day": "2026-08-18",
    "previous_trading_day": "2026-08-17",
    "fund_code": "510300",
    "fund_name": "华泰柏瑞沪深300交易型开放式指数证券投资基金",
    "fund_company": "华泰柏瑞基金管理有限公司",
    "file_id": "1465021",
    "etf_type": "8",
    "nav": 4.8038,
    "nav_per_creation_unit": 4323446.47,
    "previous_cash_component": 108343.47,
    "estimated_cash_component": 108377.47,
    "maximum_cash_ratio": 0.5,
    "creation_redemption_unit": 900000,
    "component_count": 300,
    "publish_iopv": true,
    "creation_redemption_status": "申购和赎回皆允许",
    "creation_redemption_mechanism": "1",
    "creation_limit": null,
    "redemption_limit": 3600000000.0,
    "net_creation_limit": null,
    "net_redemption_limit": null,
    "creation_limit_per_account": null,
    "redemption_limit_per_account": null,
    "net_creation_limit_per_account": null,
    "net_redemption_limit_per_account": null,
    "source": "sse.COMMON_SSE_CP_JJLB_ETFJJGK_GGSGSHQD_JBXX_C",
    "retrieved_at": "2026-08-18T09:30:05.929758+08:00"
  },
  "latest_iopv": {
    "exchange_timestamp": "2026-08-18 13:36:23",
    "trade_date": "2026-08-18",
    "fund_code": "510300",
    "name": "300ETF",
    "extended_name": "沪深300ETF华泰柏瑞",
    "last_price": 4.762,
    "iopv": 4.7669,
    "premium_discount_bps": -10.279217101261118,
    "change_rate_pct": -0.81,
    "change_cny": -0.039,
    "open": 4.794,
    "previous_close": 4.801,
    "high": 4.803,
    "low": 4.751,
    "volume_shares": 535730343.0,
    "amount_cny": 2560925786.0,
    "trade_phase_raw": "T111    ",
    "post_close_volume_shares": 0.0,
    "post_close_amount_cny": 0.0,
    "post_close_phase_raw": "A1      ",
    "product_subtype": "EBS",
    "source": "sse.yunhq.sh1.snap",
    "retrieved_at": "2026-08-18T13:36:23.795331+08:00"
  },
  "account_feasibility": {
    "reference_account_cny": 20000.0,
    "creation_unit_notional_cny": 4285800.0,
    "can_directly_create_or_redeem": false,
    "intended_use": "只用PCF和IOPV观察一级市场吸收状态，在二级市场交易510300"
  },
  "storage": {
    "pcf": {
      "file": "data/raw/primary_market/510300_pcf_daily.parquet",
      "row_count": 4,
      "first_key": "2026-08-13",
      "last_key": "2026-08-18",
      "sha256": "829c810ec802ff72ad6532eb5255f25a98fef36cad8dec5db46c14c5e37dac65"
    },
    "iopv": {
      "file": "data/raw/primary_market/510300_iopv_snapshots.parquet",
      "row_count": 309,
      "first_key": "2026-08-13 16:29:06",
      "last_key": "2026-08-18 13:36:23",
      "sha256": "e984a1b0447505f38180dc2583ba20627a049d62349aaf15a120dabe0e0ddaae"
    }
  },
  "raw_response_files": [
    "data/raw/primary_market/raw/iopv/20260818/20260818T133622_578345+0800.json"
  ],
  "governance": {
    "use_as_trading_signal": false,
    "automatic_ordering_authorized": false,
    "note": "当前只采集和纸面验证；未通过前向门槛前不得映射实盘仓位。"
  }
}
{
  "status": "PASS",
  "checked_at": "2026-08-18T13:37:26.496924+08:00",
  "collector": {
    "collector_id": "510300_PRIMARY_SECONDARY_FORWARD_V1",
    "symbol": "510300.SH",
    "fund_code": "510300",
    "timezone": "Asia/Shanghai",
    "timeout_seconds": 15,
    "observation_interval_seconds": 60,
    "collection_start_time": "09:30:00",
    "collection_end_time": "15:00:00",
    "collection_sessions": [
      [
        "09:30:00",
        "11:30:00"
      ],
      [
        "13:00:00",
        "15:00:00"
      ]
    ],
    "evidence_scope": "仅从实际接入日起的前向数据，不回填历史IOPV"
  },
  "checks": {
    "same_fund_code": true,
    "same_trade_date": true,
    "iopv_publication_enabled": true,
    "positive_iopv": true,
    "positive_last_price": true,
    "positive_creation_unit": true,
    "snapshot_fresh_during_collection_session": true
  },
  "freshness": {
    "during_collection_session": true,
    "clock_delay_seconds": 0.496924,
    "maximum_allowed_seconds_during_session": 180.0
  },
  "latest_pcf": {
    "trading_day": "2026-08-18",
    "previous_trading_day": "2026-08-17",
    "fund_code": "510300",
    "fund_name": "华泰柏瑞沪深300交易型开放式指数证券投资基金",
    "fund_company": "华泰柏瑞基金管理有限公司",
    "file_id": "1465021",
    "etf_type": "8",
    "nav": 4.8038,
    "nav_per_creation_unit": 4323446.47,
    "previous_cash_component": 108343.47,
    "estimated_cash_component": 108377.47,
    "maximum_cash_ratio": 0.5,
    "creation_redemption_unit": 900000,
    "component_count": 300,
    "publish_iopv": true,
    "creation_redemption_status": "申购和赎回皆允许",
    "creation_redemption_mechanism": "1",
    "creation_limit": null,
    "redemption_limit": 3600000000.0,
    "net_creation_limit": null,
    "net_redemption_limit": null,
    "creation_limit_per_account": null,
    "redemption_limit_per_account": null,
    "net_creation_limit_per_account": null,
    "net_redemption_limit_per_account": null,
    "source": "sse.COMMON_SSE_CP_JJLB_ETFJJGK_GGSGSHQD_JBXX_C",
    "retrieved_at": "2026-08-18T09:30:05.929758+08:00"
  },
  "latest_iopv": {
    "exchange_timestamp": "2026-08-18 13:37:26",
    "trade_date": "2026-08-18",
    "fund_code": "510300",
    "name": "300ETF",
    "extended_name": "沪深300ETF华泰柏瑞",
    "last_price": 4.761,
    "iopv": 4.7637,
    "premium_discount_bps": -5.667863215567115,
    "change_rate_pct": -0.83,
    "change_cny": -0.04,
    "open": 4.794,
    "previous_close": 4.801,
    "high": 4.803,
    "low": 4.751,
    "volume_shares": 537352043.0,
    "amount_cny": 2568647910.0,
    "trade_phase_raw": "T111    ",
    "post_close_volume_shares": 0.0,
    "post_close_amount_cny": 0.0,
    "post_close_phase_raw": "A1      ",
    "product_subtype": "EBS",
    "source": "sse.yunhq.sh1.snap",
    "retrieved_at": "2026-08-18T13:37:26.458008+08:00"
  },
  "account_feasibility": {
    "reference_account_cny": 20000.0,
    "creation_unit_notional_cny": 4284900.0,
    "can_directly_create_or_redeem": false,
    "intended_use": "只用PCF和IOPV观察一级市场吸收状态，在二级市场交易510300"
  },
  "storage": {
    "pcf": {
      "file": "data/raw/primary_market/510300_pcf_daily.parquet",
      "row_count": 4,
      "first_key": "2026-08-13",
      "last_key": "2026-08-18",
      "sha256": "829c810ec802ff72ad6532eb5255f25a98fef36cad8dec5db46c14c5e37dac65"
    },
    "iopv": {
      "file": "data/raw/primary_market/510300_iopv_snapshots.parquet",
      "row_count": 310,
      "first_key": "2026-08-13 16:29:06",
      "last_key": "2026-08-18 13:37:26",
      "sha256": "632791205078e034ab467c357fa5eca3ca71767b7a0e53894fe471f7fa4db07a"
    }
  },
  "raw_response_files": [
    "data/raw/primary_market/raw/iopv/20260818/20260818T133723_836347+0800.json"
  ],
  "governance": {
    "use_as_trading_signal": false,
    "automatic_ordering_authorized": false,
    "note": "当前只采集和纸面验证；未通过前向门槛前不得映射实盘仓位。"
  }
}
{
  "status": "PASS",
  "checked_at": "2026-08-18T13:38:27.777226+08:00",
  "collector": {
    "collector_id": "510300_PRIMARY_SECONDARY_FORWARD_V1",
    "symbol": "510300.SH",
    "fund_code": "510300",
    "timezone": "Asia/Shanghai",
    "timeout_seconds": 15,
    "observation_interval_seconds": 60,
    "collection_start_time": "09:30:00",
    "collection_end_time": "15:00:00",
    "collection_sessions": [
      [
        "09:30:00",
        "11:30:00"
      ],
      [
        "13:00:00",
        "15:00:00"
      ]
    ],
    "evidence_scope": "仅从实际接入日起的前向数据，不回填历史IOPV"
  },
  "checks": {
    "same_fund_code": true,
    "same_trade_date": true,
    "iopv_publication_enabled": true,
    "positive_iopv": true,
    "positive_last_price": true,
    "positive_creation_unit": true,
    "snapshot_fresh_during_collection_session": true
  },
  "freshness": {
    "during_collection_session": true,
    "clock_delay_seconds": 0.777226,
    "maximum_allowed_seconds_during_session": 180.0
  },
  "latest_pcf": {
    "trading_day": "2026-08-18",
    "previous_trading_day": "2026-08-17",
    "fund_code": "510300",
    "fund_name": "华泰柏瑞沪深300交易型开放式指数证券投资基金",
    "fund_company": "华泰柏瑞基金管理有限公司",
    "file_id": "1465021",
    "etf_type": "8",
    "nav": 4.8038,
    "nav_per_creation_unit": 4323446.47,
    "previous_cash_component": 108343.47,
    "estimated_cash_component": 108377.47,
    "maximum_cash_ratio": 0.5,
    "creation_redemption_unit": 900000,
    "component_count": 300,
    "publish_iopv": true,
    "creation_redemption_status": "申购和赎回皆允许",
    "creation_redemption_mechanism": "1",
    "creation_limit": null,
    "redemption_limit": 3600000000.0,
    "net_creation_limit": null,
    "net_redemption_limit": null,
    "creation_limit_per_account": null,
    "redemption_limit_per_account": null,
    "net_creation_limit_per_account": null,
    "net_redemption_limit_per_account": null,
    "source": "sse.COMMON_SSE_CP_JJLB_ETFJJGK_GGSGSHQD_JBXX_C",
    "retrieved_at": "2026-08-18T09:30:05.929758+08:00"
  },
  "latest_iopv": {
    "exchange_timestamp": "2026-08-18 13:38:27",
    "trade_date": "2026-08-18",
    "fund_code": "510300",
    "name": "300ETF",
    "extended_name": "沪深300ETF华泰柏瑞",
    "last_price": 4.764,
    "iopv": 4.7662,
    "premium_discount_bps": -4.6158365154636005,
    "change_rate_pct": -0.77,
    "change_cny": -0.037,
    "open": 4.794,
    "previous_close": 4.801,
    "high": 4.803,
    "low": 4.751,
    "volume_shares": 538270843.0,
    "amount_cny": 2573022735.0,
    "trade_phase_raw": "T111    ",
    "post_close_volume_shares": 0.0,
    "post_close_amount_cny": 0.0,
    "post_close_phase_raw": "A1      ",
    "product_subtype": "EBS",
    "source": "sse.yunhq.sh1.snap",
    "retrieved_at": "2026-08-18T13:38:27.738562+08:00"
  },
  "account_feasibility": {
    "reference_account_cny": 20000.0,
    "creation_unit_notional_cny": 4287600.0,
    "can_directly_create_or_redeem": false,
    "intended_use": "只用PCF和IOPV观察一级市场吸收状态，在二级市场交易510300"
  },
  "storage": {
    "pcf": {
      "file": "data/raw/primary_market/510300_pcf_daily.parquet",
      "row_count": 4,
      "first_key": "2026-08-13",
      "last_key": "2026-08-18",
      "sha256": "829c810ec802ff72ad6532eb5255f25a98fef36cad8dec5db46c14c5e37dac65"
    },
    "iopv": {
      "file": "data/raw/primary_market/510300_iopv_snapshots.parquet",
      "row_count": 311,
      "first_key": "2026-08-13 16:29:06",
      "last_key": "2026-08-18 13:38:27",
      "sha256": "fe0878b84a3b37f4b96759bf8b3a171de18685a15b80cf4cf547d6eafc4e93a5"
    }
  },
  "raw_response_files": [
    "data/raw/primary_market/raw/iopv/20260818/20260818T133826_499365+0800.json"
  ],
  "governance": {
    "use_as_trading_signal": false,
    "automatic_ordering_authorized": false,
    "note": "当前只采集和纸面验证；未通过前向门槛前不得映射实盘仓位。"
  }
}
{
  "status": "PASS",
  "checked_at": "2026-08-18T13:39:29.691557+08:00",
  "collector": {
    "collector_id": "510300_PRIMARY_SECONDARY_FORWARD_V1",
    "symbol": "510300.SH",
    "fund_code": "510300",
    "timezone": "Asia/Shanghai",
    "timeout_seconds": 15,
    "observation_interval_seconds": 60,
    "collection_start_time": "09:30:00",
    "collection_end_time": "15:00:00",
    "collection_sessions": [
      [
        "09:30:00",
        "11:30:00"
      ],
      [
        "13:00:00",
        "15:00:00"
      ]
    ],
    "evidence_scope": "仅从实际接入日起的前向数据，不回填历史IOPV"
  },
  "checks": {
    "same_fund_code": true,
    "same_trade_date": true,
    "iopv_publication_enabled": true,
    "positive_iopv": true,
    "positive_last_price": true,
    "positive_creation_unit": true,
    "snapshot_fresh_during_collection_session": true
  },
  "freshness": {
    "during_collection_session": true,
    "clock_delay_seconds": 0.691557,
    "maximum_allowed_seconds_during_session": 180.0
  },
  "latest_pcf": {
    "trading_day": "2026-08-18",
    "previous_trading_day": "2026-08-17",
    "fund_code": "510300",
    "fund_name": "华泰柏瑞沪深300交易型开放式指数证券投资基金",
    "fund_company": "华泰柏瑞基金管理有限公司",
    "file_id": "1465021",
    "etf_type": "8",
    "nav": 4.8038,
    "nav_per_creation_unit": 4323446.47,
    "previous_cash_component": 108343.47,
    "estimated_cash_component": 108377.47,
    "maximum_cash_ratio": 0.5,
    "creation_redemption_unit": 900000,
    "component_count": 300,
    "publish_iopv": true,
    "creation_redemption_status": "申购和赎回皆允许",
    "creation_redemption_mechanism": "1",
    "creation_limit": null,
    "redemption_limit": 3600000000.0,
    "net_creation_limit": null,
    "net_redemption_limit": null,
    "creation_limit_per_account": null,
    "redemption_limit_per_account": null,
    "net_creation_limit_per_account": null,
    "net_redemption_limit_per_account": null,
    "source": "sse.COMMON_SSE_CP_JJLB_ETFJJGK_GGSGSHQD_JBXX_C",
    "retrieved_at": "2026-08-18T09:30:05.929758+08:00"
  },
  "latest_iopv": {
    "exchange_timestamp": "2026-08-18 13:39:29",
    "trade_date": "2026-08-18",
    "fund_code": "510300",
    "name": "300ETF",
    "extended_name": "沪深300ETF华泰柏瑞",
    "last_price": 4.764,
    "iopv": 4.7678,
    "premium_discount_bps": -7.9701329753767425,
    "change_rate_pct": -0.77,
    "change_cny": -0.037,
    "open": 4.794,
    "previous_close": 4.801,
    "high": 4.803,
    "low": 4.751,
    "volume_shares": 539693143.0,
    "amount_cny": 2579797241.0,
    "trade_phase_raw": "T111    ",
    "post_close_volume_shares": 0.0,
    "post_close_amount_cny": 0.0,
    "post_close_phase_raw": "A1      ",
    "product_subtype": "EBS",
    "source": "sse.yunhq.sh1.snap",
    "retrieved_at": "2026-08-18T13:39:29.655116+08:00"
  },
  "account_feasibility": {
    "reference_account_cny": 20000.0,
    "creation_unit_notional_cny": 4287600.0,
    "can_directly_create_or_redeem": false,
    "intended_use": "只用PCF和IOPV观察一级市场吸收状态，在二级市场交易510300"
  },
  "storage": {
    "pcf": {
      "file": "data/raw/primary_market/510300_pcf_daily.parquet",
      "row_count": 4,
      "first_key": "2026-08-13",
      "last_key": "2026-08-18",
      "sha256": "829c810ec802ff72ad6532eb5255f25a98fef36cad8dec5db46c14c5e37dac65"
    },
    "iopv": {
      "file": "data/raw/primary_market/510300_iopv_snapshots.parquet",
      "row_count": 312,
      "first_key": "2026-08-13 16:29:06",
      "last_key": "2026-08-18 13:39:29",
      "sha256": "bce4aada8b52efa943fdc37a8508e44e221436c26f63e29940feb090f483b86e"
    }
  },
  "raw_response_files": [
    "data/raw/primary_market/raw/iopv/20260818/20260818T133927_779281+0800.json"
  ],
  "governance": {
    "use_as_trading_signal": false,
    "automatic_ordering_authorized": false,
    "note": "当前只采集和纸面验证；未通过前向门槛前不得映射实盘仓位。"
  }
}
{
  "status": "PASS",
  "checked_at": "2026-08-18T13:40:31.099514+08:00",
  "collector": {
    "collector_id": "510300_PRIMARY_SECONDARY_FORWARD_V1",
    "symbol": "510300.SH",
    "fund_code": "510300",
    "timezone": "Asia/Shanghai",
    "timeout_seconds": 15,
    "observation_interval_seconds": 60,
    "collection_start_time": "09:30:00",
    "collection_end_time": "15:00:00",
    "collection_sessions": [
      [
        "09:30:00",
        "11:30:00"
      ],
      [
        "13:00:00",
        "15:00:00"
      ]
    ],
    "evidence_scope": "仅从实际接入日起的前向数据，不回填历史IOPV"
  },
  "checks": {
    "same_fund_code": true,
    "same_trade_date": true,
    "iopv_publication_enabled": true,
    "positive_iopv": true,
    "positive_last_price": true,
    "positive_creation_unit": true,
    "snapshot_fresh_during_collection_session": true
  },
  "freshness": {
    "during_collection_session": true,
    "clock_delay_seconds": 1.099514,
    "maximum_allowed_seconds_during_session": 180.0
  },
  "latest_pcf": {
    "trading_day": "2026-08-18",
    "previous_trading_day": "2026-08-17",
    "fund_code": "510300",
    "fund_name": "华泰柏瑞沪深300交易型开放式指数证券投资基金",
    "fund_company": "华泰柏瑞基金管理有限公司",
    "file_id": "1465021",
    "etf_type": "8",
    "nav": 4.8038,
    "nav_per_creation_unit": 4323446.47,
    "previous_cash_component": 108343.47,
    "estimated_cash_component": 108377.47,
    "maximum_cash_ratio": 0.5,
    "creation_redemption_unit": 900000,
    "component_count": 300,
    "publish_iopv": true,
    "creation_redemption_status": "申购和赎回皆允许",
    "creation_redemption_mechanism": "1",
    "creation_limit": null,
    "redemption_limit": 3600000000.0,
    "net_creation_limit": null,
    "net_redemption_limit": null,
    "creation_limit_per_account": null,
    "redemption_limit_per_account": null,
    "net_creation_limit_per_account": null,
    "net_redemption_limit_per_account": null,
    "source": "sse.COMMON_SSE_CP_JJLB_ETFJJGK_GGSGSHQD_JBXX_C",
    "retrieved_at": "2026-08-18T09:30:05.929758+08:00"
  },
  "latest_iopv": {
    "exchange_timestamp": "2026-08-18 13:40:30",
    "trade_date": "2026-08-18",
    "fund_code": "510300",
    "name": "300ETF",
    "extended_name": "沪深300ETF华泰柏瑞",
    "last_price": 4.762,
    "iopv": 4.7654,
    "premium_discount_bps": -7.134763083896933,
    "change_rate_pct": -0.81,
    "change_cny": -0.039,
    "open": 4.794,
    "previous_close": 4.801,
    "high": 4.803,
    "low": 4.751,
    "volume_shares": 540315143.0,
    "amount_cny": 2582759602.0,
    "trade_phase_raw": "T111    ",
    "post_close_volume_shares": 0.0,
    "post_close_amount_cny": 0.0,
    "post_close_phase_raw": "A1      ",
    "product_subtype": "EBS",
    "source": "sse.yunhq.sh1.snap",
    "retrieved_at": "2026-08-18T13:40:31.060591+08:00"
  },
  "account_feasibility": {
    "reference_account_cny": 20000.0,
    "creation_unit_notional_cny": 4285800.0,
    "can_directly_create_or_redeem": false,
    "intended_use": "只用PCF和IOPV观察一级市场吸收状态，在二级市场交易510300"
  },
  "storage": {
    "pcf": {
      "file": "data/raw/primary_market/510300_pcf_daily.parquet",
      "row_count": 4,
      "first_key": "2026-08-13",
      "last_key": "2026-08-18",
      "sha256": "829c810ec802ff72ad6532eb5255f25a98fef36cad8dec5db46c14c5e37dac65"
    },
    "iopv": {
      "file": "data/raw/primary_market/510300_iopv_snapshots.parquet",
      "row_count": 313,
      "first_key": "2026-08-13 16:29:06",
      "last_key": "2026-08-18 13:40:30",
      "sha256": "f4492fb2a3be4ed9b9e73478e3af64a1e4a852d85523645c83861e2e4dfac3f7"
    }
  },
  "raw_response_files": [
    "data/raw/primary_market/raw/iopv/20260818/20260818T134029_694159+0800.json"
  ],
  "governance": {
    "use_as_trading_signal": false,
    "automatic_ordering_authorized": false,
    "note": "当前只采集和纸面验证；未通过前向门槛前不得映射实盘仓位。"
  }
}
{
  "status": "PASS",
  "checked_at": "2026-08-18T13:41:32.500408+08:00",
  "collector": {
    "collector_id": "510300_PRIMARY_SECONDARY_FORWARD_V1",
    "symbol": "510300.SH",
    "fund_code": "510300",
    "timezone": "Asia/Shanghai",
    "timeout_seconds": 15,
    "observation_interval_seconds": 60,
    "collection_start_time": "09:30:00",
    "collection_end_time": "15:00:00",
    "collection_sessions": [
      [
        "09:30:00",
        "11:30:00"
      ],
      [
        "13:00:00",
        "15:00:00"
      ]
    ],
    "evidence_scope": "仅从实际接入日起的前向数据，不回填历史IOPV"
  },
  "checks": {
    "same_fund_code": true,
    "same_trade_date": true,
    "iopv_publication_enabled": true,
    "positive_iopv": true,
    "positive_last_price": true,
    "positive_creation_unit": true,
    "snapshot_fresh_during_collection_session": true
  },
  "freshness": {
    "during_collection_session": true,
    "clock_delay_seconds": 0.500408,
    "maximum_allowed_seconds_during_session": 180.0
  },
  "latest_pcf": {
    "trading_day": "2026-08-18",
    "previous_trading_day": "2026-08-17",
    "fund_code": "510300",
    "fund_name": "华泰柏瑞沪深300交易型开放式指数证券投资基金",
    "fund_company": "华泰柏瑞基金管理有限公司",
    "file_id": "1465021",
    "etf_type": "8",
    "nav": 4.8038,
    "nav_per_creation_unit": 4323446.47,
    "previous_cash_component": 108343.47,
    "estimated_cash_component": 108377.47,
    "maximum_cash_ratio": 0.5,
    "creation_redemption_unit": 900000,
    "component_count": 300,
    "publish_iopv": true,
    "creation_redemption_status": "申购和赎回皆允许",
    "creation_redemption_mechanism": "1",
    "creation_limit": null,
    "redemption_limit": 3600000000.0,
    "net_creation_limit": null,
    "net_redemption_limit": null,
    "creation_limit_per_account": null,
    "redemption_limit_per_account": null,
    "net_creation_limit_per_account": null,
    "net_redemption_limit_per_account": null,
    "source": "sse.COMMON_SSE_CP_JJLB_ETFJJGK_GGSGSHQD_JBXX_C",
    "retrieved_at": "2026-08-18T09:30:05.929758+08:00"
  },
  "latest_iopv": {
    "exchange_timestamp": "2026-08-18 13:41:32",
    "trade_date": "2026-08-18",
    "fund_code": "510300",
    "name": "300ETF",
    "extended_name": "沪深300ETF华泰柏瑞",
    "last_price": 4.765,
    "iopv": 4.7684,
    "premium_discount_bps": -7.130274305846562,
    "change_rate_pct": -0.75,
    "change_cny": -0.036,
    "open": 4.794,
    "previous_close": 4.801,
    "high": 4.803,
    "low": 4.751,
    "volume_shares": 544797743.0,
    "amount_cny": 2604107465.0,
    "trade_phase_raw": "T111    ",
    "post_close_volume_shares": 0.0,
    "post_close_amount_cny": 0.0,
    "post_close_phase_raw": "A1      ",
    "product_subtype": "EBS",
    "source": "sse.yunhq.sh1.snap",
    "retrieved_at": "2026-08-18T13:41:32.462197+08:00"
  },
  "account_feasibility": {
    "reference_account_cny": 20000.0,
    "creation_unit_notional_cny": 4288500.0,
    "can_directly_create_or_redeem": false,
    "intended_use": "只用PCF和IOPV观察一级市场吸收状态，在二级市场交易510300"
  },
  "storage": {
    "pcf": {
      "file": "data/raw/primary_market/510300_pcf_daily.parquet",
      "row_count": 4,
      "first_key": "2026-08-13",
      "last_key": "2026-08-18",
      "sha256": "829c810ec802ff72ad6532eb5255f25a98fef36cad8dec5db46c14c5e37dac65"
    },
    "iopv": {
      "file": "data/raw/primary_market/510300_iopv_snapshots.parquet",
      "row_count": 314,
      "first_key": "2026-08-13 16:29:06",
      "last_key": "2026-08-18 13:41:32",
      "sha256": "d0afb1232aca611bf8b9e7f04bddcc6c25574b9b15bc13264af891e4afce449a"
    }
  },
  "raw_response_files": [
    "data/raw/primary_market/raw/iopv/20260818/20260818T134131_101945+0800.json"
  ],
  "governance": {
    "use_as_trading_signal": false,
    "automatic_ordering_authorized": false,
    "note": "当前只采集和纸面验证；未通过前向门槛前不得映射实盘仓位。"
  }
}
{
  "status": "PASS",
  "checked_at": "2026-08-18T13:42:33.961786+08:00",
  "collector": {
    "collector_id": "510300_PRIMARY_SECONDARY_FORWARD_V1",
    "symbol": "510300.SH",
    "fund_code": "510300",
    "timezone": "Asia/Shanghai",
    "timeout_seconds": 15,
    "observation_interval_seconds": 60,
    "collection_start_time": "09:30:00",
    "collection_end_time": "15:00:00",
    "collection_sessions": [
      [
        "09:30:00",
        "11:30:00"
      ],
      [
        "13:00:00",
        "15:00:00"
      ]
    ],
    "evidence_scope": "仅从实际接入日起的前向数据，不回填历史IOPV"
  },
  "checks": {
    "same_fund_code": true,
    "same_trade_date": true,
    "iopv_publication_enabled": true,
    "positive_iopv": true,
    "positive_last_price": true,
    "positive_creation_unit": true,
    "snapshot_fresh_during_collection_session": true
  },
  "freshness": {
    "during_collection_session": true,
    "clock_delay_seconds": 0.961786,
    "maximum_allowed_seconds_during_session": 180.0
  },
  "latest_pcf": {
    "trading_day": "2026-08-18",
    "previous_trading_day": "2026-08-17",
    "fund_code": "510300",
    "fund_name": "华泰柏瑞沪深300交易型开放式指数证券投资基金",
    "fund_company": "华泰柏瑞基金管理有限公司",
    "file_id": "1465021",
    "etf_type": "8",
    "nav": 4.8038,
    "nav_per_creation_unit": 4323446.47,
    "previous_cash_component": 108343.47,
    "estimated_cash_component": 108377.47,
    "maximum_cash_ratio": 0.5,
    "creation_redemption_unit": 900000,
    "component_count": 300,
    "publish_iopv": true,
    "creation_redemption_status": "申购和赎回皆允许",
    "creation_redemption_mechanism": "1",
    "creation_limit": null,
    "redemption_limit": 3600000000.0,
    "net_creation_limit": null,
    "net_redemption_limit": null,
    "creation_limit_per_account": null,
    "redemption_limit_per_account": null,
    "net_creation_limit_per_account": null,
    "net_redemption_limit_per_account": null,
    "source": "sse.COMMON_SSE_CP_JJLB_ETFJJGK_GGSGSHQD_JBXX_C",
    "retrieved_at": "2026-08-18T09:30:05.929758+08:00"
  },
  "latest_iopv": {
    "exchange_timestamp": "2026-08-18 13:42:33",
    "trade_date": "2026-08-18",
    "fund_code": "510300",
    "name": "300ETF",
    "extended_name": "沪深300ETF华泰柏瑞",
    "last_price": 4.767,
    "iopv": 4.7709,
    "premium_discount_bps": -8.17455825944724,
    "change_rate_pct": -0.71,
    "change_cny": -0.034,
    "open": 4.794,
    "previous_close": 4.801,
    "high": 4.803,
    "low": 4.751,
    "volume_shares": 546494643.0,
    "amount_cny": 2612194096.0,
    "trade_phase_raw": "T111    ",
    "post_close_volume_shares": 0.0,
    "post_close_amount_cny": 0.0,
    "post_close_phase_raw": "A1      ",
    "product_subtype": "EBS",
    "source": "sse.yunhq.sh1.snap",
    "retrieved_at": "2026-08-18T13:42:33.925975+08:00"
  },
  "account_feasibility": {
    "reference_account_cny": 20000.0,
    "creation_unit_notional_cny": 4290300.0,
    "can_directly_create_or_redeem": false,
    "intended_use": "只用PCF和IOPV观察一级市场吸收状态，在二级市场交易510300"
  },
  "storage": {
    "pcf": {
      "file": "data/raw/primary_market/510300_pcf_daily.parquet",
      "row_count": 4,
      "first_key": "2026-08-13",
      "last_key": "2026-08-18",
      "sha256": "829c810ec802ff72ad6532eb5255f25a98fef36cad8dec5db46c14c5e37dac65"
    },
    "iopv": {
      "file": "data/raw/primary_market/510300_iopv_snapshots.parquet",
      "row_count": 315,
      "first_key": "2026-08-13 16:29:06",
      "last_key": "2026-08-18 13:42:33",
      "sha256": "06ea9d6ee4dc0ed7f6a449e30f99ab7f1496a3b23c1b66d417fc02973b36f57f"
    }
  },
  "raw_response_files": [
    "data/raw/primary_market/raw/iopv/20260818/20260818T134232_503062+0800.json"
  ],
  "governance": {
    "use_as_trading_signal": false,
    "automatic_ordering_authorized": false,
    "note": "当前只采集和纸面验证；未通过前向门槛前不得映射实盘仓位。"
  }
}
{
  "status": "PASS",
  "checked_at": "2026-08-18T13:43:35.924644+08:00",
  "collector": {
    "collector_id": "510300_PRIMARY_SECONDARY_FORWARD_V1",
    "symbol": "510300.SH",
    "fund_code": "510300",
    "timezone": "Asia/Shanghai",
    "timeout_seconds": 15,
    "observation_interval_seconds": 60,
    "collection_start_time": "09:30:00",
    "collection_end_time": "15:00:00",
    "collection_sessions": [
      [
        "09:30:00",
        "11:30:00"
      ],
      [
        "13:00:00",
        "15:00:00"
      ]
    ],
    "evidence_scope": "仅从实际接入日起的前向数据，不回填历史IOPV"
  },
  "checks": {
    "same_fund_code": true,
    "same_trade_date": true,
    "iopv_publication_enabled": true,
    "positive_iopv": true,
    "positive_last_price": true,
    "positive_creation_unit": true,
    "snapshot_fresh_during_collection_session": true
  },
  "freshness": {
    "during_collection_session": true,
    "clock_delay_seconds": 0.924644,
    "maximum_allowed_seconds_during_session": 180.0
  },
  "latest_pcf": {
    "trading_day": "2026-08-18",
    "previous_trading_day": "2026-08-17",
    "fund_code": "510300",
    "fund_name": "华泰柏瑞沪深300交易型开放式指数证券投资基金",
    "fund_company": "华泰柏瑞基金管理有限公司",
    "file_id": "1465021",
    "etf_type": "8",
    "nav": 4.8038,
    "nav_per_creation_unit": 4323446.47,
    "previous_cash_component": 108343.47,
    "estimated_cash_component": 108377.47,
    "maximum_cash_ratio": 0.5,
    "creation_redemption_unit": 900000,
    "component_count": 300,
    "publish_iopv": true,
    "creation_redemption_status": "申购和赎回皆允许",
    "creation_redemption_mechanism": "1",
    "creation_limit": null,
    "redemption_limit": 3600000000.0,
    "net_creation_limit": null,
    "net_redemption_limit": null,
    "creation_limit_per_account": null,
    "redemption_limit_per_account": null,
    "net_creation_limit_per_account": null,
    "net_redemption_limit_per_account": null,
    "source": "sse.COMMON_SSE_CP_JJLB_ETFJJGK_GGSGSHQD_JBXX_C",
    "retrieved_at": "2026-08-18T09:30:05.929758+08:00"
  },
  "latest_iopv": {
    "exchange_timestamp": "2026-08-18 13:43:35",
    "trade_date": "2026-08-18",
    "fund_code": "510300",
    "name": "300ETF",
    "extended_name": "沪深300ETF华泰柏瑞",
    "last_price": 4.765,
    "iopv": 4.768,
    "premium_discount_bps": -6.291946308725205,
    "change_rate_pct": -0.75,
    "change_cny": -0.036,
    "open": 4.794,
    "previous_close": 4.801,
    "high": 4.803,
    "low": 4.751,
    "volume_shares": 547451543.0,
    "amount_cny": 2616754783.0,
    "trade_phase_raw": "T111    ",
    "post_close_volume_shares": 0.0,
    "post_close_amount_cny": 0.0,
    "post_close_phase_raw": "A1      ",
    "product_subtype": "EBS",
    "source": "sse.yunhq.sh1.snap",
    "retrieved_at": "2026-08-18T13:43:35.886443+08:00"
  },
  "account_feasibility": {
    "reference_account_cny": 20000.0,
    "creation_unit_notional_cny": 4288500.0,
    "can_directly_create_or_redeem": false,
    "intended_use": "只用PCF和IOPV观察一级市场吸收状态，在二级市场交易510300"
  },
  "storage": {
    "pcf": {
      "file": "data/raw/primary_market/510300_pcf_daily.parquet",
      "row_count": 4,
      "first_key": "2026-08-13",
      "last_key": "2026-08-18",
      "sha256": "829c810ec802ff72ad6532eb5255f25a98fef36cad8dec5db46c14c5e37dac65"
    },
    "iopv": {
      "file": "data/raw/primary_market/510300_iopv_snapshots.parquet",
      "row_count": 316,
      "first_key": "2026-08-13 16:29:06",
      "last_key": "2026-08-18 13:43:35",
      "sha256": "c699f65323d693c4a258069df2fbd3922d1f38e29f625fee0ae6ab5eeb8624ae"
    }
  },
  "raw_response_files": [
    "data/raw/primary_market/raw/iopv/20260818/20260818T134333_964011+0800.json"
  ],
  "governance": {
    "use_as_trading_signal": false,
    "automatic_ordering_authorized": false,
    "note": "当前只采集和纸面验证；未通过前向门槛前不得映射实盘仓位。"
  }
}
{
  "status": "PASS",
  "checked_at": "2026-08-18T13:44:39.861842+08:00",
  "collector": {
    "collector_id": "510300_PRIMARY_SECONDARY_FORWARD_V1",
    "symbol": "510300.SH",
    "fund_code": "510300",
    "timezone": "Asia/Shanghai",
    "timeout_seconds": 15,
    "observation_interval_seconds": 60,
    "collection_start_time": "09:30:00",
    "collection_end_time": "15:00:00",
    "collection_sessions": [
      [
        "09:30:00",
        "11:30:00"
      ],
      [
        "13:00:00",
        "15:00:00"
      ]
    ],
    "evidence_scope": "仅从实际接入日起的前向数据，不回填历史IOPV"
  },
  "checks": {
    "same_fund_code": true,
    "same_trade_date": true,
    "iopv_publication_enabled": true,
    "positive_iopv": true,
    "positive_last_price": true,
    "positive_creation_unit": true,
    "snapshot_fresh_during_collection_session": true
  },
  "freshness": {
    "during_collection_session": true,
    "clock_delay_seconds": 0.861842,
    "maximum_allowed_seconds_during_session": 180.0
  },
  "latest_pcf": {
    "trading_day": "2026-08-18",
    "previous_trading_day": "2026-08-17",
    "fund_code": "510300",
    "fund_name": "华泰柏瑞沪深300交易型开放式指数证券投资基金",
    "fund_company": "华泰柏瑞基金管理有限公司",
    "file_id": "1465021",
    "etf_type": "8",
    "nav": 4.8038,
    "nav_per_creation_unit": 4323446.47,
    "previous_cash_component": 108343.47,
    "estimated_cash_component": 108377.47,
    "maximum_cash_ratio": 0.5,
    "creation_redemption_unit": 900000,
    "component_count": 300,
    "publish_iopv": true,
    "creation_redemption_status": "申购和赎回皆允许",
    "creation_redemption_mechanism": "1",
    "creation_limit": null,
    "redemption_limit": 3600000000.0,
    "net_creation_limit": null,
    "net_redemption_limit": null,
    "creation_limit_per_account": null,
    "redemption_limit_per_account": null,
    "net_creation_limit_per_account": null,
    "net_redemption_limit_per_account": null,
    "source": "sse.COMMON_SSE_CP_JJLB_ETFJJGK_GGSGSHQD_JBXX_C",
    "retrieved_at": "2026-08-18T09:30:05.929758+08:00"
  },
  "latest_iopv": {
    "exchange_timestamp": "2026-08-18 13:44:39",
    "trade_date": "2026-08-18",
    "fund_code": "510300",
    "name": "300ETF",
    "extended_name": "沪深300ETF华泰柏瑞",
    "last_price": 4.766,
    "iopv": 4.7678,
    "premium_discount_bps": -3.775326146231439,
    "change_rate_pct": -0.73,
    "change_cny": -0.035,
    "open": 4.794,
    "previous_close": 4.801,
    "high": 4.803,
    "low": 4.751,
    "volume_shares": 548119043.0,
    "amount_cny": 2619935436.0,
    "trade_phase_raw": "T111    ",
    "post_close_volume_shares": 0.0,
    "post_close_amount_cny": 0.0,
    "post_close_phase_raw": "A1      ",
    "product_subtype": "EBS",
    "source": "sse.yunhq.sh1.snap",
    "retrieved_at": "2026-08-18T13:44:39.834382+08:00"
  },
  "account_feasibility": {
    "reference_account_cny": 20000.0,
    "creation_unit_notional_cny": 4289400.0,
    "can_directly_create_or_redeem": false,
    "intended_use": "只用PCF和IOPV观察一级市场吸收状态，在二级市场交易510300"
  },
  "storage": {
    "pcf": {
      "file": "data/raw/primary_market/510300_pcf_daily.parquet",
      "row_count": 4,
      "first_key": "2026-08-13",
      "last_key": "2026-08-18",
      "sha256": "829c810ec802ff72ad6532eb5255f25a98fef36cad8dec5db46c14c5e37dac65"
    },
    "iopv": {
      "file": "data/raw/primary_market/510300_iopv_snapshots.parquet",
      "row_count": 317,
      "first_key": "2026-08-13 16:29:06",
      "last_key": "2026-08-18 13:44:39",
      "sha256": "b46421d0ba12bf84dfc0ce731d5a612ac9b9f03382e1297851905d98f6a23e24"
    }
  },
  "raw_response_files": [
    "data/raw/primary_market/raw/iopv/20260818/20260818T134435_927281+0800.json"
  ],
  "governance": {
    "use_as_trading_signal": false,
    "automatic_ordering_authorized": false,
    "note": "当前只采集和纸面验证；未通过前向门槛前不得映射实盘仓位。"
  }
}
{
  "status": "PASS",
  "checked_at": "2026-08-18T13:45:42.236436+08:00",
  "collector": {
    "collector_id": "510300_PRIMARY_SECONDARY_FORWARD_V1",
    "symbol": "510300.SH",
    "fund_code": "510300",
    "timezone": "Asia/Shanghai",
    "timeout_seconds": 15,
    "observation_interval_seconds": 60,
    "collection_start_time": "09:30:00",
    "collection_end_time": "15:00:00",
    "collection_sessions": [
      [
        "09:30:00",
        "11:30:00"
      ],
      [
        "13:00:00",
        "15:00:00"
      ]
    ],
    "evidence_scope": "仅从实际接入日起的前向数据，不回填历史IOPV"
  },
  "checks": {
    "same_fund_code": true,
    "same_trade_date": true,
    "iopv_publication_enabled": true,
    "positive_iopv": true,
    "positive_last_price": true,
    "positive_creation_unit": true,
    "snapshot_fresh_during_collection_session": true
  },
  "freshness": {
    "during_collection_session": true,
    "clock_delay_seconds": 1.236436,
    "maximum_allowed_seconds_during_session": 180.0
  },
  "latest_pcf": {
    "trading_day": "2026-08-18",
    "previous_trading_day": "2026-08-17",
    "fund_code": "510300",
    "fund_name": "华泰柏瑞沪深300交易型开放式指数证券投资基金",
    "fund_company": "华泰柏瑞基金管理有限公司",
    "file_id": "1465021",
    "etf_type": "8",
    "nav": 4.8038,
    "nav_per_creation_unit": 4323446.47,
    "previous_cash_component": 108343.47,
    "estimated_cash_component": 108377.47,
    "maximum_cash_ratio": 0.5,
    "creation_redemption_unit": 900000,
    "component_count": 300,
    "publish_iopv": true,
    "creation_redemption_status": "申购和赎回皆允许",
    "creation_redemption_mechanism": "1",
    "creation_limit": null,
    "redemption_limit": 3600000000.0,
    "net_creation_limit": null,
    "net_redemption_limit": null,
    "creation_limit_per_account": null,
    "redemption_limit_per_account": null,
    "net_creation_limit_per_account": null,
    "net_redemption_limit_per_account": null,
    "source": "sse.COMMON_SSE_CP_JJLB_ETFJJGK_GGSGSHQD_JBXX_C",
    "retrieved_at": "2026-08-18T09:30:05.929758+08:00"
  },
  "latest_iopv": {
    "exchange_timestamp": "2026-08-18 13:45:41",
    "trade_date": "2026-08-18",
    "fund_code": "510300",
    "name": "300ETF",
    "extended_name": "沪深300ETF华泰柏瑞",
    "last_price": 4.766,
    "iopv": 4.7689,
    "premium_discount_bps": -6.08106691270649,
    "change_rate_pct": -0.73,
    "change_cny": -0.035,
    "open": 4.794,
    "previous_close": 4.801,
    "high": 4.803,
    "low": 4.751,
    "volume_shares": 548721943.0,
    "amount_cny": 2622809138.0,
    "trade_phase_raw": "T111    ",
    "post_close_volume_shares": 0.0,
    "post_close_amount_cny": 0.0,
    "post_close_phase_raw": "A1      ",
    "product_subtype": "EBS",
    "source": "sse.yunhq.sh1.snap",
    "retrieved_at": "2026-08-18T13:45:42.203725+08:00"
  },
  "account_feasibility": {
    "reference_account_cny": 20000.0,
    "creation_unit_notional_cny": 4289400.0,
    "can_directly_create_or_redeem": false,
    "intended_use": "只用PCF和IOPV观察一级市场吸收状态，在二级市场交易510300"
  },
  "storage": {
    "pcf": {
      "file": "data/raw/primary_market/510300_pcf_daily.parquet",
      "row_count": 4,
      "first_key": "2026-08-13",
      "last_key": "2026-08-18",
      "sha256": "829c810ec802ff72ad6532eb5255f25a98fef36cad8dec5db46c14c5e37dac65"
    },
    "iopv": {
      "file": "data/raw/primary_market/510300_iopv_snapshots.parquet",
      "row_count": 318,
      "first_key": "2026-08-13 16:29:06",
      "last_key": "2026-08-18 13:45:41",
      "sha256": "bf7e97a293bd2692594438d594bf570fa5e101ead5c488020fc4e319accd3da0"
    }
  },
  "raw_response_files": [
    "data/raw/primary_market/raw/iopv/20260818/20260818T134539_864001+0800.json"
  ],
  "governance": {
    "use_as_trading_signal": false,
    "automatic_ordering_authorized": false,
    "note": "当前只采集和纸面验证；未通过前向门槛前不得映射实盘仓位。"
  }
}
{
  "status": "PASS",
  "checked_at": "2026-08-18T13:46:43.654607+08:00",
  "collector": {
    "collector_id": "510300_PRIMARY_SECONDARY_FORWARD_V1",
    "symbol": "510300.SH",
    "fund_code": "510300",
    "timezone": "Asia/Shanghai",
    "timeout_seconds": 15,
    "observation_interval_seconds": 60,
    "collection_start_time": "09:30:00",
    "collection_end_time": "15:00:00",
    "collection_sessions": [
      [
        "09:30:00",
        "11:30:00"
      ],
      [
        "13:00:00",
        "15:00:00"
      ]
    ],
    "evidence_scope": "仅从实际接入日起的前向数据，不回填历史IOPV"
  },
  "checks": {
    "same_fund_code": true,
    "same_trade_date": true,
    "iopv_publication_enabled": true,
    "positive_iopv": true,
    "positive_last_price": true,
    "positive_creation_unit": true,
    "snapshot_fresh_during_collection_session": true
  },
  "freshness": {
    "during_collection_session": true,
    "clock_delay_seconds": 0.654607,
    "maximum_allowed_seconds_during_session": 180.0
  },
  "latest_pcf": {
    "trading_day": "2026-08-18",
    "previous_trading_day": "2026-08-17",
    "fund_code": "510300",
    "fund_name": "华泰柏瑞沪深300交易型开放式指数证券投资基金",
    "fund_company": "华泰柏瑞基金管理有限公司",
    "file_id": "1465021",
    "etf_type": "8",
    "nav": 4.8038,
    "nav_per_creation_unit": 4323446.47,
    "previous_cash_component": 108343.47,
    "estimated_cash_component": 108377.47,
    "maximum_cash_ratio": 0.5,
    "creation_redemption_unit": 900000,
    "component_count": 300,
    "publish_iopv": true,
    "creation_redemption_status": "申购和赎回皆允许",
    "creation_redemption_mechanism": "1",
    "creation_limit": null,
    "redemption_limit": 3600000000.0,
    "net_creation_limit": null,
    "net_redemption_limit": null,
    "creation_limit_per_account": null,
    "redemption_limit_per_account": null,
    "net_creation_limit_per_account": null,
    "net_redemption_limit_per_account": null,
    "source": "sse.COMMON_SSE_CP_JJLB_ETFJJGK_GGSGSHQD_JBXX_C",
    "retrieved_at": "2026-08-18T09:30:05.929758+08:00"
  },
  "latest_iopv": {
    "exchange_timestamp": "2026-08-18 13:46:43",
    "trade_date": "2026-08-18",
    "fund_code": "510300",
    "name": "300ETF",
    "extended_name": "沪深300ETF华泰柏瑞",
    "last_price": 4.767,
    "iopv": 4.7694,
    "premium_discount_bps": -5.032079506855913,
    "change_rate_pct": -0.71,
    "change_cny": -0.034,
    "open": 4.794,
    "previous_close": 4.801,
    "high": 4.803,
    "low": 4.751,
    "volume_shares": 549184443.0,
    "amount_cny": 2625013587.0,
    "trade_phase_raw": "T111    ",
    "post_close_volume_shares": 0.0,
    "post_close_amount_cny": 0.0,
    "post_close_phase_raw": "A1      ",
    "product_subtype": "EBS",
    "source": "sse.yunhq.sh1.snap",
    "retrieved_at": "2026-08-18T13:46:43.616988+08:00"
  },
  "account_feasibility": {
    "reference_account_cny": 20000.0,
    "creation_unit_notional_cny": 4290300.0,
    "can_directly_create_or_redeem": false,
    "intended_use": "只用PCF和IOPV观察一级市场吸收状态，在二级市场交易510300"
  },
  "storage": {
    "pcf": {
      "file": "data/raw/primary_market/510300_pcf_daily.parquet",
      "row_count": 4,
      "first_key": "2026-08-13",
      "last_key": "2026-08-18",
      "sha256": "829c810ec802ff72ad6532eb5255f25a98fef36cad8dec5db46c14c5e37dac65"
    },
    "iopv": {
      "file": "data/raw/primary_market/510300_iopv_snapshots.parquet",
      "row_count": 319,
      "first_key": "2026-08-13 16:29:06",
      "last_key": "2026-08-18 13:46:43",
      "sha256": "faffefbe337a7a58ce0080917b28ee9af9348a66d3d67053a66ee17ca65a9af0"
    }
  },
  "raw_response_files": [
    "data/raw/primary_market/raw/iopv/20260818/20260818T134642_239221+0800.json"
  ],
  "governance": {
    "use_as_trading_signal": false,
    "automatic_ordering_authorized": false,
    "note": "当前只采集和纸面验证；未通过前向门槛前不得映射实盘仓位。"
  }
}
{
  "status": "PASS",
  "checked_at": "2026-08-18T13:47:45.925391+08:00",
  "collector": {
    "collector_id": "510300_PRIMARY_SECONDARY_FORWARD_V1",
    "symbol": "510300.SH",
    "fund_code": "510300",
    "timezone": "Asia/Shanghai",
    "timeout_seconds": 15,
    "observation_interval_seconds": 60,
    "collection_start_time": "09:30:00",
    "collection_end_time": "15:00:00",
    "collection_sessions": [
      [
        "09:30:00",
        "11:30:00"
      ],
      [
        "13:00:00",
        "15:00:00"
      ]
    ],
    "evidence_scope": "仅从实际接入日起的前向数据，不回填历史IOPV"
  },
  "checks": {
    "same_fund_code": true,
    "same_trade_date": true,
    "iopv_publication_enabled": true,
    "positive_iopv": true,
    "positive_last_price": true,
    "positive_creation_unit": true,
    "snapshot_fresh_during_collection_session": true
  },
  "freshness": {
    "during_collection_session": true,
    "clock_delay_seconds": 0.925391,
    "maximum_allowed_seconds_during_session": 180.0
  },
  "latest_pcf": {
    "trading_day": "2026-08-18",
    "previous_trading_day": "2026-08-17",
    "fund_code": "510300",
    "fund_name": "华泰柏瑞沪深300交易型开放式指数证券投资基金",
    "fund_company": "华泰柏瑞基金管理有限公司",
    "file_id": "1465021",
    "etf_type": "8",
    "nav": 4.8038,
    "nav_per_creation_unit": 4323446.47,
    "previous_cash_component": 108343.47,
    "estimated_cash_component": 108377.47,
    "maximum_cash_ratio": 0.5,
    "creation_redemption_unit": 900000,
    "component_count": 300,
    "publish_iopv": true,
    "creation_redemption_status": "申购和赎回皆允许",
    "creation_redemption_mechanism": "1",
    "creation_limit": null,
    "redemption_limit": 3600000000.0,
    "net_creation_limit": null,
    "net_redemption_limit": null,
    "creation_limit_per_account": null,
    "redemption_limit_per_account": null,
    "net_creation_limit_per_account": null,
    "net_redemption_limit_per_account": null,
    "source": "sse.COMMON_SSE_CP_JJLB_ETFJJGK_GGSGSHQD_JBXX_C",
    "retrieved_at": "2026-08-18T09:30:05.929758+08:00"
  },
  "latest_iopv": {
    "exchange_timestamp": "2026-08-18 13:47:45",
    "trade_date": "2026-08-18",
    "fund_code": "510300",
    "name": "300ETF",
    "extended_name": "沪深300ETF华泰柏瑞",
    "last_price": 4.766,
    "iopv": 4.7685,
    "premium_discount_bps": -5.2427388067533,
    "change_rate_pct": -0.73,
    "change_cny": -0.035,
    "open": 4.794,
    "previous_close": 4.801,
    "high": 4.803,
    "low": 4.751,
    "volume_shares": 549444543.0,
    "amount_cny": 2626253272.0,
    "trade_phase_raw": "T111    ",
    "post_close_volume_shares": 0.0,
    "post_close_amount_cny": 0.0,
    "post_close_phase_raw": "A1      ",
    "product_subtype": "EBS",
    "source": "sse.yunhq.sh1.snap",
    "retrieved_at": "2026-08-18T13:47:45.884911+08:00"
  },
  "account_feasibility": {
    "reference_account_cny": 20000.0,
    "creation_unit_notional_cny": 4289400.0,
    "can_directly_create_or_redeem": false,
    "intended_use": "只用PCF和IOPV观察一级市场吸收状态，在二级市场交易510300"
  },
  "storage": {
    "pcf": {
      "file": "data/raw/primary_market/510300_pcf_daily.parquet",
      "row_count": 4,
      "first_key": "2026-08-13",
      "last_key": "2026-08-18",
      "sha256": "829c810ec802ff72ad6532eb5255f25a98fef36cad8dec5db46c14c5e37dac65"
    },
    "iopv": {
      "file": "data/raw/primary_market/510300_iopv_snapshots.parquet",
      "row_count": 320,
      "first_key": "2026-08-13 16:29:06",
      "last_key": "2026-08-18 13:47:45",
      "sha256": "dfd91ffd0c4e16d8a1976cc3d799569e54a07c540565b57361dae8386e99eac7"
    }
  },
  "raw_response_files": [
    "data/raw/primary_market/raw/iopv/20260818/20260818T134743_657263+0800.json"
  ],
  "governance": {
    "use_as_trading_signal": false,
    "automatic_ordering_authorized": false,
    "note": "当前只采集和纸面验证；未通过前向门槛前不得映射实盘仓位。"
  }
}
{
  "status": "PASS",
  "checked_at": "2026-08-18T13:48:48.270871+08:00",
  "collector": {
    "collector_id": "510300_PRIMARY_SECONDARY_FORWARD_V1",
    "symbol": "510300.SH",
    "fund_code": "510300",
    "timezone": "Asia/Shanghai",
    "timeout_seconds": 15,
    "observation_interval_seconds": 60,
    "collection_start_time": "09:30:00",
    "collection_end_time": "15:00:00",
    "collection_sessions": [
      [
        "09:30:00",
        "11:30:00"
      ],
      [
        "13:00:00",
        "15:00:00"
      ]
    ],
    "evidence_scope": "仅从实际接入日起的前向数据，不回填历史IOPV"
  },
  "checks": {
    "same_fund_code": true,
    "same_trade_date": true,
    "iopv_publication_enabled": true,
    "positive_iopv": true,
    "positive_last_price": true,
    "positive_creation_unit": true,
    "snapshot_fresh_during_collection_session": true
  },
  "freshness": {
    "during_collection_session": true,
    "clock_delay_seconds": 1.270871,
    "maximum_allowed_seconds_during_session": 180.0
  },
  "latest_pcf": {
    "trading_day": "2026-08-18",
    "previous_trading_day": "2026-08-17",
    "fund_code": "510300",
    "fund_name": "华泰柏瑞沪深300交易型开放式指数证券投资基金",
    "fund_company": "华泰柏瑞基金管理有限公司",
    "file_id": "1465021",
    "etf_type": "8",
    "nav": 4.8038,
    "nav_per_creation_unit": 4323446.47,
    "previous_cash_component": 108343.47,
    "estimated_cash_component": 108377.47,
    "maximum_cash_ratio": 0.5,
    "creation_redemption_unit": 900000,
    "component_count": 300,
    "publish_iopv": true,
    "creation_redemption_status": "申购和赎回皆允许",
    "creation_redemption_mechanism": "1",
    "creation_limit": null,
    "redemption_limit": 3600000000.0,
    "net_creation_limit": null,
    "net_redemption_limit": null,
    "creation_limit_per_account": null,
    "redemption_limit_per_account": null,
    "net_creation_limit_per_account": null,
    "net_redemption_limit_per_account": null,
    "source": "sse.COMMON_SSE_CP_JJLB_ETFJJGK_GGSGSHQD_JBXX_C",
    "retrieved_at": "2026-08-18T09:30:05.929758+08:00"
  },
  "latest_iopv": {
    "exchange_timestamp": "2026-08-18 13:48:47",
    "trade_date": "2026-08-18",
    "fund_code": "510300",
    "name": "300ETF",
    "extended_name": "沪深300ETF华泰柏瑞",
    "last_price": 4.766,
    "iopv": 4.7691,
    "premium_discount_bps": -6.500178230692821,
    "change_rate_pct": -0.73,
    "change_cny": -0.035,
    "open": 4.794,
    "previous_close": 4.801,
    "high": 4.803,
    "low": 4.751,
    "volume_shares": 550406043.0,
    "amount_cny": 2630836562.0,
    "trade_phase_raw": "T111    ",
    "post_close_volume_shares": 0.0,
    "post_close_amount_cny": 0.0,
    "post_close_phase_raw": "A1      ",
    "product_subtype": "EBS",
    "source": "sse.yunhq.sh1.snap",
    "retrieved_at": "2026-08-18T13:48:48.113531+08:00"
  },
  "account_feasibility": {
    "reference_account_cny": 20000.0,
    "creation_unit_notional_cny": 4289400.0,
    "can_directly_create_or_redeem": false,
    "intended_use": "只用PCF和IOPV观察一级市场吸收状态，在二级市场交易510300"
  },
  "storage": {
    "pcf": {
      "file": "data/raw/primary_market/510300_pcf_daily.parquet",
      "row_count": 4,
      "first_key": "2026-08-13",
      "last_key": "2026-08-18",
      "sha256": "829c810ec802ff72ad6532eb5255f25a98fef36cad8dec5db46c14c5e37dac65"
    },
    "iopv": {
      "file": "data/raw/primary_market/510300_iopv_snapshots.parquet",
      "row_count": 321,
      "first_key": "2026-08-13 16:29:06",
      "last_key": "2026-08-18 13:48:47",
      "sha256": "a1634a09058b8bdc959a35d21ff09197f5163b503711def2114c891f6879e4ba"
    }
  },
  "raw_response_files": [
    "data/raw/primary_market/raw/iopv/20260818/20260818T134845_955700+0800.json"
  ],
  "governance": {
    "use_as_trading_signal": false,
    "automatic_ordering_authorized": false,
    "note": "当前只采集和纸面验证；未通过前向门槛前不得映射实盘仓位。"
  }
}
{
  "status": "PASS",
  "checked_at": "2026-08-18T13:49:50.016409+08:00",
  "collector": {
    "collector_id": "510300_PRIMARY_SECONDARY_FORWARD_V1",
    "symbol": "510300.SH",
    "fund_code": "510300",
    "timezone": "Asia/Shanghai",
    "timeout_seconds": 15,
    "observation_interval_seconds": 60,
    "collection_start_time": "09:30:00",
    "collection_end_time": "15:00:00",
    "collection_sessions": [
      [
        "09:30:00",
        "11:30:00"
      ],
      [
        "13:00:00",
        "15:00:00"
      ]
    ],
    "evidence_scope": "仅从实际接入日起的前向数据，不回填历史IOPV"
  },
  "checks": {
    "same_fund_code": true,
    "same_trade_date": true,
    "iopv_publication_enabled": true,
    "positive_iopv": true,
    "positive_last_price": true,
    "positive_creation_unit": true,
    "snapshot_fresh_during_collection_session": true
  },
  "freshness": {
    "during_collection_session": true,
    "clock_delay_seconds": 1.016409,
    "maximum_allowed_seconds_during_session": 180.0
  },
  "latest_pcf": {
    "trading_day": "2026-08-18",
    "previous_trading_day": "2026-08-17",
    "fund_code": "510300",
    "fund_name": "华泰柏瑞沪深300交易型开放式指数证券投资基金",
    "fund_company": "华泰柏瑞基金管理有限公司",
    "file_id": "1465021",
    "etf_type": "8",
    "nav": 4.8038,
    "nav_per_creation_unit": 4323446.47,
    "previous_cash_component": 108343.47,
    "estimated_cash_component": 108377.47,
    "maximum_cash_ratio": 0.5,
    "creation_redemption_unit": 900000,
    "component_count": 300,
    "publish_iopv": true,
    "creation_redemption_status": "申购和赎回皆允许",
    "creation_redemption_mechanism": "1",
    "creation_limit": null,
    "redemption_limit": 3600000000.0,
    "net_creation_limit": null,
    "net_redemption_limit": null,
    "creation_limit_per_account": null,
    "redemption_limit_per_account": null,
    "net_creation_limit_per_account": null,
    "net_redemption_limit_per_account": null,
    "source": "sse.COMMON_SSE_CP_JJLB_ETFJJGK_GGSGSHQD_JBXX_C",
    "retrieved_at": "2026-08-18T09:30:05.929758+08:00"
  },
  "latest_iopv": {
    "exchange_timestamp": "2026-08-18 13:49:49",
    "trade_date": "2026-08-18",
    "fund_code": "510300",
    "name": "300ETF",
    "extended_name": "沪深300ETF华泰柏瑞",
    "last_price": 4.769,
    "iopv": 4.7721,
    "premium_discount_bps": -6.496091867311815,
    "change_rate_pct": -0.67,
    "change_cny": -0.032,
    "open": 4.794,
    "previous_close": 4.801,
    "high": 4.803,
    "low": 4.751,
    "volume_shares": 552649043.0,
    "amount_cny": 2641530431.0,
    "trade_phase_raw": "T111    ",
    "post_close_volume_shares": 0.0,
    "post_close_amount_cny": 0.0,
    "post_close_phase_raw": "A1      ",
    "product_subtype": "EBS",
    "source": "sse.yunhq.sh1.snap",
    "retrieved_at": "2026-08-18T13:49:49.977668+08:00"
  },
  "account_feasibility": {
    "reference_account_cny": 20000.0,
    "creation_unit_notional_cny": 4292100.0,
    "can_directly_create_or_redeem": false,
    "intended_use": "只用PCF和IOPV观察一级市场吸收状态，在二级市场交易510300"
  },
  "storage": {
    "pcf": {
      "file": "data/raw/primary_market/510300_pcf_daily.parquet",
      "row_count": 4,
      "first_key": "2026-08-13",
      "last_key": "2026-08-18",
      "sha256": "829c810ec802ff72ad6532eb5255f25a98fef36cad8dec5db46c14c5e37dac65"
    },
    "iopv": {
      "file": "data/raw/primary_market/510300_iopv_snapshots.parquet",
      "row_count": 322,
      "first_key": "2026-08-13 16:29:06",
      "last_key": "2026-08-18 13:49:49",
      "sha256": "069abaf865995aa09206aff76a3337e6fd7527f5e02ec30d34a9c43aa009f9c9"
    }
  },
  "raw_response_files": [
    "data/raw/primary_market/raw/iopv/20260818/20260818T134948_275007+0800.json"
  ],
  "governance": {
    "use_as_trading_signal": false,
    "automatic_ordering_authorized": false,
    "note": "当前只采集和纸面验证；未通过前向门槛前不得映射实盘仓位。"
  }
}
{
  "status": "PASS",
  "checked_at": "2026-08-18T13:50:51.366933+08:00",
  "collector": {
    "collector_id": "510300_PRIMARY_SECONDARY_FORWARD_V1",
    "symbol": "510300.SH",
    "fund_code": "510300",
    "timezone": "Asia/Shanghai",
    "timeout_seconds": 15,
    "observation_interval_seconds": 60,
    "collection_start_time": "09:30:00",
    "collection_end_time": "15:00:00",
    "collection_sessions": [
      [
        "09:30:00",
        "11:30:00"
      ],
      [
        "13:00:00",
        "15:00:00"
      ]
    ],
    "evidence_scope": "仅从实际接入日起的前向数据，不回填历史IOPV"
  },
  "checks": {
    "same_fund_code": true,
    "same_trade_date": true,
    "iopv_publication_enabled": true,
    "positive_iopv": true,
    "positive_last_price": true,
    "positive_creation_unit": true,
    "snapshot_fresh_during_collection_session": true
  },
  "freshness": {
    "during_collection_session": true,
    "clock_delay_seconds": 0.366933,
    "maximum_allowed_seconds_during_session": 180.0
  },
  "latest_pcf": {
    "trading_day": "2026-08-18",
    "previous_trading_day": "2026-08-17",
    "fund_code": "510300",
    "fund_name": "华泰柏瑞沪深300交易型开放式指数证券投资基金",
    "fund_company": "华泰柏瑞基金管理有限公司",
    "file_id": "1465021",
    "etf_type": "8",
    "nav": 4.8038,
    "nav_per_creation_unit": 4323446.47,
    "previous_cash_component": 108343.47,
    "estimated_cash_component": 108377.47,
    "maximum_cash_ratio": 0.5,
    "creation_redemption_unit": 900000,
    "component_count": 300,
    "publish_iopv": true,
    "creation_redemption_status": "申购和赎回皆允许",
    "creation_redemption_mechanism": "1",
    "creation_limit": null,
    "redemption_limit": 3600000000.0,
    "net_creation_limit": null,
    "net_redemption_limit": null,
    "creation_limit_per_account": null,
    "redemption_limit_per_account": null,
    "net_creation_limit_per_account": null,
    "net_redemption_limit_per_account": null,
    "source": "sse.COMMON_SSE_CP_JJLB_ETFJJGK_GGSGSHQD_JBXX_C",
    "retrieved_at": "2026-08-18T09:30:05.929758+08:00"
  },
  "latest_iopv": {
    "exchange_timestamp": "2026-08-18 13:50:51",
    "trade_date": "2026-08-18",
    "fund_code": "510300",
    "name": "300ETF",
    "extended_name": "沪深300ETF华泰柏瑞",
    "last_price": 4.771,
    "iopv": 4.7742,
    "premium_discount_bps": -6.702693645009861,
    "change_rate_pct": -0.62,
    "change_cny": -0.03,
    "open": 4.794,
    "previous_close": 4.801,
    "high": 4.803,
    "low": 4.751,
    "volume_shares": 555178143.0,
    "amount_cny": 2653593270.0,
    "trade_phase_raw": "T111    ",
    "post_close_volume_shares": 0.0,
    "post_close_amount_cny": 0.0,
    "post_close_phase_raw": "A1      ",
    "product_subtype": "EBS",
    "source": "sse.yunhq.sh1.snap",
    "retrieved_at": "2026-08-18T13:50:51.328532+08:00"
  },
  "account_feasibility": {
    "reference_account_cny": 20000.0,
    "creation_unit_notional_cny": 4293900.0,
    "can_directly_create_or_redeem": false,
    "intended_use": "只用PCF和IOPV观察一级市场吸收状态，在二级市场交易510300"
  },
  "storage": {
    "pcf": {
      "file": "data/raw/primary_market/510300_pcf_daily.parquet",
      "row_count": 4,
      "first_key": "2026-08-13",
      "last_key": "2026-08-18",
      "sha256": "829c810ec802ff72ad6532eb5255f25a98fef36cad8dec5db46c14c5e37dac65"
    },
    "iopv": {
      "file": "data/raw/primary_market/510300_iopv_snapshots.parquet",
      "row_count": 323,
      "first_key": "2026-08-13 16:29:06",
      "last_key": "2026-08-18 13:50:51",
      "sha256": "b2d477a0a7affb29b51c28dbb8ef5d4fcb44520f11f81328c881ad72eebde154"
    }
  },
  "raw_response_files": [
    "data/raw/primary_market/raw/iopv/20260818/20260818T135050_019344+0800.json"
  ],
  "governance": {
    "use_as_trading_signal": false,
    "automatic_ordering_authorized": false,
    "note": "当前只采集和纸面验证；未通过前向门槛前不得映射实盘仓位。"
  }
}
{
  "status": "PASS",
  "checked_at": "2026-08-18T13:51:53.932290+08:00",
  "collector": {
    "collector_id": "510300_PRIMARY_SECONDARY_FORWARD_V1",
    "symbol": "510300.SH",
    "fund_code": "510300",
    "timezone": "Asia/Shanghai",
    "timeout_seconds": 15,
    "observation_interval_seconds": 60,
    "collection_start_time": "09:30:00",
    "collection_end_time": "15:00:00",
    "collection_sessions": [
      [
        "09:30:00",
        "11:30:00"
      ],
      [
        "13:00:00",
        "15:00:00"
      ]
    ],
    "evidence_scope": "仅从实际接入日起的前向数据，不回填历史IOPV"
  },
  "checks": {
    "same_fund_code": true,
    "same_trade_date": true,
    "iopv_publication_enabled": true,
    "positive_iopv": true,
    "positive_last_price": true,
    "positive_creation_unit": true,
    "snapshot_fresh_during_collection_session": true
  },
  "freshness": {
    "during_collection_session": true,
    "clock_delay_seconds": 0.93229,
    "maximum_allowed_seconds_during_session": 180.0
  },
  "latest_pcf": {
    "trading_day": "2026-08-18",
    "previous_trading_day": "2026-08-17",
    "fund_code": "510300",
    "fund_name": "华泰柏瑞沪深300交易型开放式指数证券投资基金",
    "fund_company": "华泰柏瑞基金管理有限公司",
    "file_id": "1465021",
    "etf_type": "8",
    "nav": 4.8038,
    "nav_per_creation_unit": 4323446.47,
    "previous_cash_component": 108343.47,
    "estimated_cash_component": 108377.47,
    "maximum_cash_ratio": 0.5,
    "creation_redemption_unit": 900000,
    "component_count": 300,
    "publish_iopv": true,
    "creation_redemption_status": "申购和赎回皆允许",
    "creation_redemption_mechanism": "1",
    "creation_limit": null,
    "redemption_limit": 3600000000.0,
    "net_creation_limit": null,
    "net_redemption_limit": null,
    "creation_limit_per_account": null,
    "redemption_limit_per_account": null,
    "net_creation_limit_per_account": null,
    "net_redemption_limit_per_account": null,
    "source": "sse.COMMON_SSE_CP_JJLB_ETFJJGK_GGSGSHQD_JBXX_C",
    "retrieved_at": "2026-08-18T09:30:05.929758+08:00"
  },
  "latest_iopv": {
    "exchange_timestamp": "2026-08-18 13:51:53",
    "trade_date": "2026-08-18",
    "fund_code": "510300",
    "name": "300ETF",
    "extended_name": "沪深300ETF华泰柏瑞",
    "last_price": 4.773,
    "iopv": 4.7771,
    "premium_discount_bps": -8.582612882293006,
    "change_rate_pct": -0.58,
    "change_cny": -0.028,
    "open": 4.794,
    "previous_close": 4.801,
    "high": 4.803,
    "low": 4.751,
    "volume_shares": 556082343.0,
    "amount_cny": 2657908022.0,
    "trade_phase_raw": "T111    ",
    "post_close_volume_shares": 0.0,
    "post_close_amount_cny": 0.0,
    "post_close_phase_raw": "A1      ",
    "product_subtype": "EBS",
    "source": "sse.yunhq.sh1.snap",
    "retrieved_at": "2026-08-18T13:51:53.860778+08:00"
  },
  "account_feasibility": {
    "reference_account_cny": 20000.0,
    "creation_unit_notional_cny": 4295700.0,
    "can_directly_create_or_redeem": false,
    "intended_use": "只用PCF和IOPV观察一级市场吸收状态，在二级市场交易510300"
  },
  "storage": {
    "pcf": {
      "file": "data/raw/primary_market/510300_pcf_daily.parquet",
      "row_count": 4,
      "first_key": "2026-08-13",
      "last_key": "2026-08-18",
      "sha256": "829c810ec802ff72ad6532eb5255f25a98fef36cad8dec5db46c14c5e37dac65"
    },
    "iopv": {
      "file": "data/raw/primary_market/510300_iopv_snapshots.parquet",
      "row_count": 324,
      "first_key": "2026-08-13 16:29:06",
      "last_key": "2026-08-18 13:51:53",
      "sha256": "555fc2cded4a90da7a17681c26d9f938289c6295f782ed8afe2b5f31623f6e4f"
    }
  },
  "raw_response_files": [
    "data/raw/primary_market/raw/iopv/20260818/20260818T135151_397535+0800.json"
  ],
  "governance": {
    "use_as_trading_signal": false,
    "automatic_ordering_authorized": false,
    "note": "当前只采集和纸面验证；未通过前向门槛前不得映射实盘仓位。"
  }
}
{
  "status": "PASS",
  "checked_at": "2026-08-18T13:52:56.369001+08:00",
  "collector": {
    "collector_id": "510300_PRIMARY_SECONDARY_FORWARD_V1",
    "symbol": "510300.SH",
    "fund_code": "510300",
    "timezone": "Asia/Shanghai",
    "timeout_seconds": 15,
    "observation_interval_seconds": 60,
    "collection_start_time": "09:30:00",
    "collection_end_time": "15:00:00",
    "collection_sessions": [
      [
        "09:30:00",
        "11:30:00"
      ],
      [
        "13:00:00",
        "15:00:00"
      ]
    ],
    "evidence_scope": "仅从实际接入日起的前向数据，不回填历史IOPV"
  },
  "checks": {
    "same_fund_code": true,
    "same_trade_date": true,
    "iopv_publication_enabled": true,
    "positive_iopv": true,
    "positive_last_price": true,
    "positive_creation_unit": true,
    "snapshot_fresh_during_collection_session": true
  },
  "freshness": {
    "during_collection_session": true,
    "clock_delay_seconds": 0.369001,
    "maximum_allowed_seconds_during_session": 180.0
  },
  "latest_pcf": {
    "trading_day": "2026-08-18",
    "previous_trading_day": "2026-08-17",
    "fund_code": "510300",
    "fund_name": "华泰柏瑞沪深300交易型开放式指数证券投资基金",
    "fund_company": "华泰柏瑞基金管理有限公司",
    "file_id": "1465021",
    "etf_type": "8",
    "nav": 4.8038,
    "nav_per_creation_unit": 4323446.47,
    "previous_cash_component": 108343.47,
    "estimated_cash_component": 108377.47,
    "maximum_cash_ratio": 0.5,
    "creation_redemption_unit": 900000,
    "component_count": 300,
    "publish_iopv": true,
    "creation_redemption_status": "申购和赎回皆允许",
    "creation_redemption_mechanism": "1",
    "creation_limit": null,
    "redemption_limit": 3600000000.0,
    "net_creation_limit": null,
    "net_redemption_limit": null,
    "creation_limit_per_account": null,
    "redemption_limit_per_account": null,
    "net_creation_limit_per_account": null,
    "net_redemption_limit_per_account": null,
    "source": "sse.COMMON_SSE_CP_JJLB_ETFJJGK_GGSGSHQD_JBXX_C",
    "retrieved_at": "2026-08-18T09:30:05.929758+08:00"
  },
  "latest_iopv": {
    "exchange_timestamp": "2026-08-18 13:52:56",
    "trade_date": "2026-08-18",
    "fund_code": "510300",
    "name": "300ETF",
    "extended_name": "沪深300ETF华泰柏瑞",
    "last_price": 4.773,
    "iopv": 4.7762,
    "premium_discount_bps": -6.699886939408595,
    "change_rate_pct": -0.58,
    "change_cny": -0.028,
    "open": 4.794,
    "previous_close": 4.801,
    "high": 4.803,
    "low": 4.751,
    "volume_shares": 556879743.0,
    "amount_cny": 2661714122.0,
    "trade_phase_raw": "T111    ",
    "post_close_volume_shares": 0.0,
    "post_close_amount_cny": 0.0,
    "post_close_phase_raw": "A1      ",
    "product_subtype": "EBS",
    "source": "sse.yunhq.sh1.snap",
    "retrieved_at": "2026-08-18T13:52:56.331087+08:00"
  },
  "account_feasibility": {
    "reference_account_cny": 20000.0,
    "creation_unit_notional_cny": 4295700.0,
    "can_directly_create_or_redeem": false,
    "intended_use": "只用PCF和IOPV观察一级市场吸收状态，在二级市场交易510300"
  },
  "storage": {
    "pcf": {
      "file": "data/raw/primary_market/510300_pcf_daily.parquet",
      "row_count": 4,
      "first_key": "2026-08-13",
      "last_key": "2026-08-18",
      "sha256": "829c810ec802ff72ad6532eb5255f25a98fef36cad8dec5db46c14c5e37dac65"
    },
    "iopv": {
      "file": "data/raw/primary_market/510300_iopv_snapshots.parquet",
      "row_count": 325,
      "first_key": "2026-08-13 16:29:06",
      "last_key": "2026-08-18 13:52:56",
      "sha256": "10d5b685d31a450522a620673cbb027f5b0b644f2794c871000149dc426e8514"
    }
  },
  "raw_response_files": [
    "data/raw/primary_market/raw/iopv/20260818/20260818T135253_937727+0800.json"
  ],
  "governance": {
    "use_as_trading_signal": false,
    "automatic_ordering_authorized": false,
    "note": "当前只采集和纸面验证；未通过前向门槛前不得映射实盘仓位。"
  }
}
{
  "status": "PASS",
  "checked_at": "2026-08-18T13:53:57.856433+08:00",
  "collector": {
    "collector_id": "510300_PRIMARY_SECONDARY_FORWARD_V1",
    "symbol": "510300.SH",
    "fund_code": "510300",
    "timezone": "Asia/Shanghai",
    "timeout_seconds": 15,
    "observation_interval_seconds": 60,
    "collection_start_time": "09:30:00",
    "collection_end_time": "15:00:00",
    "collection_sessions": [
      [
        "09:30:00",
        "11:30:00"
      ],
      [
        "13:00:00",
        "15:00:00"
      ]
    ],
    "evidence_scope": "仅从实际接入日起的前向数据，不回填历史IOPV"
  },
  "checks": {
    "same_fund_code": true,
    "same_trade_date": true,
    "iopv_publication_enabled": true,
    "positive_iopv": true,
    "positive_last_price": true,
    "positive_creation_unit": true,
    "snapshot_fresh_during_collection_session": true
  },
  "freshness": {
    "during_collection_session": true,
    "clock_delay_seconds": 0.856433,
    "maximum_allowed_seconds_during_session": 180.0
  },
  "latest_pcf": {
    "trading_day": "2026-08-18",
    "previous_trading_day": "2026-08-17",
    "fund_code": "510300",
    "fund_name": "华泰柏瑞沪深300交易型开放式指数证券投资基金",
    "fund_company": "华泰柏瑞基金管理有限公司",
    "file_id": "1465021",
    "etf_type": "8",
    "nav": 4.8038,
    "nav_per_creation_unit": 4323446.47,
    "previous_cash_component": 108343.47,
    "estimated_cash_component": 108377.47,
    "maximum_cash_ratio": 0.5,
    "creation_redemption_unit": 900000,
    "component_count": 300,
    "publish_iopv": true,
    "creation_redemption_status": "申购和赎回皆允许",
    "creation_redemption_mechanism": "1",
    "creation_limit": null,
    "redemption_limit": 3600000000.0,
    "net_creation_limit": null,
    "net_redemption_limit": null,
    "creation_limit_per_account": null,
    "redemption_limit_per_account": null,
    "net_creation_limit_per_account": null,
    "net_redemption_limit_per_account": null,
    "source": "sse.COMMON_SSE_CP_JJLB_ETFJJGK_GGSGSHQD_JBXX_C",
    "retrieved_at": "2026-08-18T09:30:05.929758+08:00"
  },
  "latest_iopv": {
    "exchange_timestamp": "2026-08-18 13:53:57",
    "trade_date": "2026-08-18",
    "fund_code": "510300",
    "name": "300ETF",
    "extended_name": "沪深300ETF华泰柏瑞",
    "last_price": 4.773,
    "iopv": 4.7772,
    "premium_discount_bps": -8.791760864104159,
    "change_rate_pct": -0.58,
    "change_cny": -0.028,
    "open": 4.794,
    "previous_close": 4.801,
    "high": 4.803,
    "low": 4.751,
    "volume_shares": 557690743.0,
    "amount_cny": 2665585356.0,
    "trade_phase_raw": "T111    ",
    "post_close_volume_shares": 0.0,
    "post_close_amount_cny": 0.0,
    "post_close_phase_raw": "A1      ",
    "product_subtype": "EBS",
    "source": "sse.yunhq.sh1.snap",
    "retrieved_at": "2026-08-18T13:53:57.808541+08:00"
  },
  "account_feasibility": {
    "reference_account_cny": 20000.0,
    "creation_unit_notional_cny": 4295700.0,
    "can_directly_create_or_redeem": false,
    "intended_use": "只用PCF和IOPV观察一级市场吸收状态，在二级市场交易510300"
  },
  "storage": {
    "pcf": {
      "file": "data/raw/primary_market/510300_pcf_daily.parquet",
      "row_count": 4,
      "first_key": "2026-08-13",
      "last_key": "2026-08-18",
      "sha256": "829c810ec802ff72ad6532eb5255f25a98fef36cad8dec5db46c14c5e37dac65"
    },
    "iopv": {
      "file": "data/raw/primary_market/510300_iopv_snapshots.parquet",
      "row_count": 326,
      "first_key": "2026-08-13 16:29:06",
      "last_key": "2026-08-18 13:53:57",
      "sha256": "e38c0d2a71d6becf20cdf821c2adf339415530851e8e8789a26abcb04ccd2501"
    }
  },
  "raw_response_files": [
    "data/raw/primary_market/raw/iopv/20260818/20260818T135356_371540+0800.json"
  ],
  "governance": {
    "use_as_trading_signal": false,
    "automatic_ordering_authorized": false,
    "note": "当前只采集和纸面验证；未通过前向门槛前不得映射实盘仓位。"
  }
}
{
  "status": "PASS",
  "checked_at": "2026-08-18T13:54:59.185827+08:00",
  "collector": {
    "collector_id": "510300_PRIMARY_SECONDARY_FORWARD_V1",
    "symbol": "510300.SH",
    "fund_code": "510300",
    "timezone": "Asia/Shanghai",
    "timeout_seconds": 15,
    "observation_interval_seconds": 60,
    "collection_start_time": "09:30:00",
    "collection_end_time": "15:00:00",
    "collection_sessions": [
      [
        "09:30:00",
        "11:30:00"
      ],
      [
        "13:00:00",
        "15:00:00"
      ]
    ],
    "evidence_scope": "仅从实际接入日起的前向数据，不回填历史IOPV"
  },
  "checks": {
    "same_fund_code": true,
    "same_trade_date": true,
    "iopv_publication_enabled": true,
    "positive_iopv": true,
    "positive_last_price": true,
    "positive_creation_unit": true,
    "snapshot_fresh_during_collection_session": true
  },
  "freshness": {
    "during_collection_session": true,
    "clock_delay_seconds": 1.185827,
    "maximum_allowed_seconds_during_session": 180.0
  },
  "latest_pcf": {
    "trading_day": "2026-08-18",
    "previous_trading_day": "2026-08-17",
    "fund_code": "510300",
    "fund_name": "华泰柏瑞沪深300交易型开放式指数证券投资基金",
    "fund_company": "华泰柏瑞基金管理有限公司",
    "file_id": "1465021",
    "etf_type": "8",
    "nav": 4.8038,
    "nav_per_creation_unit": 4323446.47,
    "previous_cash_component": 108343.47,
    "estimated_cash_component": 108377.47,
    "maximum_cash_ratio": 0.5,
    "creation_redemption_unit": 900000,
    "component_count": 300,
    "publish_iopv": true,
    "creation_redemption_status": "申购和赎回皆允许",
    "creation_redemption_mechanism": "1",
    "creation_limit": null,
    "redemption_limit": 3600000000.0,
    "net_creation_limit": null,
    "net_redemption_limit": null,
    "creation_limit_per_account": null,
    "redemption_limit_per_account": null,
    "net_creation_limit_per_account": null,
    "net_redemption_limit_per_account": null,
    "source": "sse.COMMON_SSE_CP_JJLB_ETFJJGK_GGSGSHQD_JBXX_C",
    "retrieved_at": "2026-08-18T09:30:05.929758+08:00"
  },
  "latest_iopv": {
    "exchange_timestamp": "2026-08-18 13:54:58",
    "trade_date": "2026-08-18",
    "fund_code": "510300",
    "name": "300ETF",
    "extended_name": "沪深300ETF华泰柏瑞",
    "last_price": 4.771,
    "iopv": 4.7732,
    "premium_discount_bps": -4.60906729238264,
    "change_rate_pct": -0.62,
    "change_cny": -0.03,
    "open": 4.794,
    "previous_close": 4.801,
    "high": 4.803,
    "low": 4.751,
    "volume_shares": 559659243.0,
    "amount_cny": 2674978718.0,
    "trade_phase_raw": "T111    ",
    "post_close_volume_shares": 0.0,
    "post_close_amount_cny": 0.0,
    "post_close_phase_raw": "A1      ",
    "product_subtype": "EBS",
    "source": "sse.yunhq.sh1.snap",
    "retrieved_at": "2026-08-18T13:54:59.139317+08:00"
  },
  "account_feasibility": {
    "reference_account_cny": 20000.0,
    "creation_unit_notional_cny": 4293900.0,
    "can_directly_create_or_redeem": false,
    "intended_use": "只用PCF和IOPV观察一级市场吸收状态，在二级市场交易510300"
  },
  "storage": {
    "pcf": {
      "file": "data/raw/primary_market/510300_pcf_daily.parquet",
      "row_count": 4,
      "first_key": "2026-08-13",
      "last_key": "2026-08-18",
      "sha256": "829c810ec802ff72ad6532eb5255f25a98fef36cad8dec5db46c14c5e37dac65"
    },
    "iopv": {
      "file": "data/raw/primary_market/510300_iopv_snapshots.parquet",
      "row_count": 327,
      "first_key": "2026-08-13 16:29:06",
      "last_key": "2026-08-18 13:54:58",
      "sha256": "4b156bf3e79629e2276abc8f154fcd3dbf0c273e6d15b8fcc11cfce937b474dd"
    }
  },
  "raw_response_files": [
    "data/raw/primary_market/raw/iopv/20260818/20260818T135457_860504+0800.json"
  ],
  "governance": {
    "use_as_trading_signal": false,
    "automatic_ordering_authorized": false,
    "note": "当前只采集和纸面验证；未通过前向门槛前不得映射实盘仓位。"
  }
}
{
  "status": "PASS",
  "checked_at": "2026-08-18T13:56:00.821206+08:00",
  "collector": {
    "collector_id": "510300_PRIMARY_SECONDARY_FORWARD_V1",
    "symbol": "510300.SH",
    "fund_code": "510300",
    "timezone": "Asia/Shanghai",
    "timeout_seconds": 15,
    "observation_interval_seconds": 60,
    "collection_start_time": "09:30:00",
    "collection_end_time": "15:00:00",
    "collection_sessions": [
      [
        "09:30:00",
        "11:30:00"
      ],
      [
        "13:00:00",
        "15:00:00"
      ]
    ],
    "evidence_scope": "仅从实际接入日起的前向数据，不回填历史IOPV"
  },
  "checks": {
    "same_fund_code": true,
    "same_trade_date": true,
    "iopv_publication_enabled": true,
    "positive_iopv": true,
    "positive_last_price": true,
    "positive_creation_unit": true,
    "snapshot_fresh_during_collection_session": true
  },
  "freshness": {
    "during_collection_session": true,
    "clock_delay_seconds": 0.821206,
    "maximum_allowed_seconds_during_session": 180.0
  },
  "latest_pcf": {
    "trading_day": "2026-08-18",
    "previous_trading_day": "2026-08-17",
    "fund_code": "510300",
    "fund_name": "华泰柏瑞沪深300交易型开放式指数证券投资基金",
    "fund_company": "华泰柏瑞基金管理有限公司",
    "file_id": "1465021",
    "etf_type": "8",
    "nav": 4.8038,
    "nav_per_creation_unit": 4323446.47,
    "previous_cash_component": 108343.47,
    "estimated_cash_component": 108377.47,
    "maximum_cash_ratio": 0.5,
    "creation_redemption_unit": 900000,
    "component_count": 300,
    "publish_iopv": true,
    "creation_redemption_status": "申购和赎回皆允许",
    "creation_redemption_mechanism": "1",
    "creation_limit": null,
    "redemption_limit": 3600000000.0,
    "net_creation_limit": null,
    "net_redemption_limit": null,
    "creation_limit_per_account": null,
    "redemption_limit_per_account": null,
    "net_creation_limit_per_account": null,
    "net_redemption_limit_per_account": null,
    "source": "sse.COMMON_SSE_CP_JJLB_ETFJJGK_GGSGSHQD_JBXX_C",
    "retrieved_at": "2026-08-18T09:30:05.929758+08:00"
  },
  "latest_iopv": {
    "exchange_timestamp": "2026-08-18 13:56:00",
    "trade_date": "2026-08-18",
    "fund_code": "510300",
    "name": "300ETF",
    "extended_name": "沪深300ETF华泰柏瑞",
    "last_price": 4.774,
    "iopv": 4.7782,
    "premium_discount_bps": -8.789920890711622,
    "change_rate_pct": -0.56,
    "change_cny": -0.027,
    "open": 4.794,
    "previous_close": 4.801,
    "high": 4.803,
    "low": 4.751,
    "volume_shares": 560857343.0,
    "amount_cny": 2680696363.0,
    "trade_phase_raw": "T111    ",
    "post_close_volume_shares": 0.0,
    "post_close_amount_cny": 0.0,
    "post_close_phase_raw": "A1      ",
    "product_subtype": "EBS",
    "source": "sse.yunhq.sh1.snap",
    "retrieved_at": "2026-08-18T13:56:00.782227+08:00"
  },
  "account_feasibility": {
    "reference_account_cny": 20000.0,
    "creation_unit_notional_cny": 4296600.0,
    "can_directly_create_or_redeem": false,
    "intended_use": "只用PCF和IOPV观察一级市场吸收状态，在二级市场交易510300"
  },
  "storage": {
    "pcf": {
      "file": "data/raw/primary_market/510300_pcf_daily.parquet",
      "row_count": 4,
      "first_key": "2026-08-13",
      "last_key": "2026-08-18",
      "sha256": "829c810ec802ff72ad6532eb5255f25a98fef36cad8dec5db46c14c5e37dac65"
    },
    "iopv": {
      "file": "data/raw/primary_market/510300_iopv_snapshots.parquet",
      "row_count": 328,
      "first_key": "2026-08-13 16:29:06",
      "last_key": "2026-08-18 13:56:00",
      "sha256": "12099b8c4b8be3ad4f6bfd19640e2e00cc64463017b55ca1e67917921811132d"
    }
  },
  "raw_response_files": [
    "data/raw/primary_market/raw/iopv/20260818/20260818T135559_189907+0800.json"
  ],
  "governance": {
    "use_as_trading_signal": false,
    "automatic_ordering_authorized": false,
    "note": "当前只采集和纸面验证；未通过前向门槛前不得映射实盘仓位。"
  }
}
{
  "status": "PASS",
  "checked_at": "2026-08-18T13:57:02.741264+08:00",
  "collector": {
    "collector_id": "510300_PRIMARY_SECONDARY_FORWARD_V1",
    "symbol": "510300.SH",
    "fund_code": "510300",
    "timezone": "Asia/Shanghai",
    "timeout_seconds": 15,
    "observation_interval_seconds": 60,
    "collection_start_time": "09:30:00",
    "collection_end_time": "15:00:00",
    "collection_sessions": [
      [
        "09:30:00",
        "11:30:00"
      ],
      [
        "13:00:00",
        "15:00:00"
      ]
    ],
    "evidence_scope": "仅从实际接入日起的前向数据，不回填历史IOPV"
  },
  "checks": {
    "same_fund_code": true,
    "same_trade_date": true,
    "iopv_publication_enabled": true,
    "positive_iopv": true,
    "positive_last_price": true,
    "positive_creation_unit": true,
    "snapshot_fresh_during_collection_session": true
  },
  "freshness": {
    "during_collection_session": true,
    "clock_delay_seconds": 0.741264,
    "maximum_allowed_seconds_during_session": 180.0
  },
  "latest_pcf": {
    "trading_day": "2026-08-18",
    "previous_trading_day": "2026-08-17",
    "fund_code": "510300",
    "fund_name": "华泰柏瑞沪深300交易型开放式指数证券投资基金",
    "fund_company": "华泰柏瑞基金管理有限公司",
    "file_id": "1465021",
    "etf_type": "8",
    "nav": 4.8038,
    "nav_per_creation_unit": 4323446.47,
    "previous_cash_component": 108343.47,
    "estimated_cash_component": 108377.47,
    "maximum_cash_ratio": 0.5,
    "creation_redemption_unit": 900000,
    "component_count": 300,
    "publish_iopv": true,
    "creation_redemption_status": "申购和赎回皆允许",
    "creation_redemption_mechanism": "1",
    "creation_limit": null,
    "redemption_limit": 3600000000.0,
    "net_creation_limit": null,
    "net_redemption_limit": null,
    "creation_limit_per_account": null,
    "redemption_limit_per_account": null,
    "net_creation_limit_per_account": null,
    "net_redemption_limit_per_account": null,
    "source": "sse.COMMON_SSE_CP_JJLB_ETFJJGK_GGSGSHQD_JBXX_C",
    "retrieved_at": "2026-08-18T09:30:05.929758+08:00"
  },
  "latest_iopv": {
    "exchange_timestamp": "2026-08-18 13:57:02",
    "trade_date": "2026-08-18",
    "fund_code": "510300",
    "name": "300ETF",
    "extended_name": "沪深300ETF华泰柏瑞",
    "last_price": 4.776,
    "iopv": 4.7787,
    "premium_discount_bps": -5.650072195366729,
    "change_rate_pct": -0.52,
    "change_cny": -0.025,
    "open": 4.794,
    "previous_close": 4.801,
    "high": 4.803,
    "low": 4.751,
    "volume_shares": 563078343.0,
    "amount_cny": 2691301736.0,
    "trade_phase_raw": "T111    ",
    "post_close_volume_shares": 0.0,
    "post_close_amount_cny": 0.0,
    "post_close_phase_raw": "A1      ",
    "product_subtype": "EBS",
    "source": "sse.yunhq.sh1.snap",
    "retrieved_at": "2026-08-18T13:57:02.712897+08:00"
  },
  "account_feasibility": {
    "reference_account_cny": 20000.0,
    "creation_unit_notional_cny": 4298400.0,
    "can_directly_create_or_redeem": false,
    "intended_use": "只用PCF和IOPV观察一级市场吸收状态，在二级市场交易510300"
  },
  "storage": {
    "pcf": {
      "file": "data/raw/primary_market/510300_pcf_daily.parquet",
      "row_count": 4,
      "first_key": "2026-08-13",
      "last_key": "2026-08-18",
      "sha256": "829c810ec802ff72ad6532eb5255f25a98fef36cad8dec5db46c14c5e37dac65"
    },
    "iopv": {
      "file": "data/raw/primary_market/510300_iopv_snapshots.parquet",
      "row_count": 329,
      "first_key": "2026-08-13 16:29:06",
      "last_key": "2026-08-18 13:57:02",
      "sha256": "05493b083220cf5703eb5abfaa5b6a19ac8892e5c4396adcf846351c67b1a05c"
    }
  },
  "raw_response_files": [
    "data/raw/primary_market/raw/iopv/20260818/20260818T135700_824068+0800.json"
  ],
  "governance": {
    "use_as_trading_signal": false,
    "automatic_ordering_authorized": false,
    "note": "当前只采集和纸面验证；未通过前向门槛前不得映射实盘仓位。"
  }
}
{
  "status": "PASS",
  "checked_at": "2026-08-18T13:58:04.041710+08:00",
  "collector": {
    "collector_id": "510300_PRIMARY_SECONDARY_FORWARD_V1",
    "symbol": "510300.SH",
    "fund_code": "510300",
    "timezone": "Asia/Shanghai",
    "timeout_seconds": 15,
    "observation_interval_seconds": 60,
    "collection_start_time": "09:30:00",
    "collection_end_time": "15:00:00",
    "collection_sessions": [
      [
        "09:30:00",
        "11:30:00"
      ],
      [
        "13:00:00",
        "15:00:00"
      ]
    ],
    "evidence_scope": "仅从实际接入日起的前向数据，不回填历史IOPV"
  },
  "checks": {
    "same_fund_code": true,
    "same_trade_date": true,
    "iopv_publication_enabled": true,
    "positive_iopv": true,
    "positive_last_price": true,
    "positive_creation_unit": true,
    "snapshot_fresh_during_collection_session": true
  },
  "freshness": {
    "during_collection_session": true,
    "clock_delay_seconds": 1.04171,
    "maximum_allowed_seconds_during_session": 180.0
  },
  "latest_pcf": {
    "trading_day": "2026-08-18",
    "previous_trading_day": "2026-08-17",
    "fund_code": "510300",
    "fund_name": "华泰柏瑞沪深300交易型开放式指数证券投资基金",
    "fund_company": "华泰柏瑞基金管理有限公司",
    "file_id": "1465021",
    "etf_type": "8",
    "nav": 4.8038,
    "nav_per_creation_unit": 4323446.47,
    "previous_cash_component": 108343.47,
    "estimated_cash_component": 108377.47,
    "maximum_cash_ratio": 0.5,
    "creation_redemption_unit": 900000,
    "component_count": 300,
    "publish_iopv": true,
    "creation_redemption_status": "申购和赎回皆允许",
    "creation_redemption_mechanism": "1",
    "creation_limit": null,
    "redemption_limit": 3600000000.0,
    "net_creation_limit": null,
    "net_redemption_limit": null,
    "creation_limit_per_account": null,
    "redemption_limit_per_account": null,
    "net_creation_limit_per_account": null,
    "net_redemption_limit_per_account": null,
    "source": "sse.COMMON_SSE_CP_JJLB_ETFJJGK_GGSGSHQD_JBXX_C",
    "retrieved_at": "2026-08-18T09:30:05.929758+08:00"
  },
  "latest_iopv": {
    "exchange_timestamp": "2026-08-18 13:58:03",
    "trade_date": "2026-08-18",
    "fund_code": "510300",
    "name": "300ETF",
    "extended_name": "沪深300ETF华泰柏瑞",
    "last_price": 4.772,
    "iopv": 4.7747,
    "premium_discount_bps": -5.654805537520513,
    "change_rate_pct": -0.6,
    "change_cny": -0.029,
    "open": 4.794,
    "previous_close": 4.801,
    "high": 4.803,
    "low": 4.751,
    "volume_shares": 564795643.0,
    "amount_cny": 2699497983.0,
    "trade_phase_raw": "T111    ",
    "post_close_volume_shares": 0.0,
    "post_close_amount_cny": 0.0,
    "post_close_phase_raw": "A1      ",
    "product_subtype": "EBS",
    "source": "sse.yunhq.sh1.snap",
    "retrieved_at": "2026-08-18T13:58:04.014906+08:00"
  },
  "account_feasibility": {
    "reference_account_cny": 20000.0,
    "creation_unit_notional_cny": 4294800.0,
    "can_directly_create_or_redeem": false,
    "intended_use": "只用PCF和IOPV观察一级市场吸收状态，在二级市场交易510300"
  },
  "storage": {
    "pcf": {
      "file": "data/raw/primary_market/510300_pcf_daily.parquet",
      "row_count": 4,
      "first_key": "2026-08-13",
      "last_key": "2026-08-18",
      "sha256": "829c810ec802ff72ad6532eb5255f25a98fef36cad8dec5db46c14c5e37dac65"
    },
    "iopv": {
      "file": "data/raw/primary_market/510300_iopv_snapshots.parquet",
      "row_count": 330,
      "first_key": "2026-08-13 16:29:06",
      "last_key": "2026-08-18 13:58:03",
      "sha256": "ef2b4ed47b4238986fa8e5ad926ce7627eaa96551ef8594453fb7a2b51a03eea"
    }
  },
  "raw_response_files": [
    "data/raw/primary_market/raw/iopv/20260818/20260818T135802_743443+0800.json"
  ],
  "governance": {
    "use_as_trading_signal": false,
    "automatic_ordering_authorized": false,
    "note": "当前只采集和纸面验证；未通过前向门槛前不得映射实盘仓位。"
  }
}
{
  "status": "PASS",
  "checked_at": "2026-08-18T13:59:05.343217+08:00",
  "collector": {
    "collector_id": "510300_PRIMARY_SECONDARY_FORWARD_V1",
    "symbol": "510300.SH",
    "fund_code": "510300",
    "timezone": "Asia/Shanghai",
    "timeout_seconds": 15,
    "observation_interval_seconds": 60,
    "collection_start_time": "09:30:00",
    "collection_end_time": "15:00:00",
    "collection_sessions": [
      [
        "09:30:00",
        "11:30:00"
      ],
      [
        "13:00:00",
        "15:00:00"
      ]
    ],
    "evidence_scope": "仅从实际接入日起的前向数据，不回填历史IOPV"
  },
  "checks": {
    "same_fund_code": true,
    "same_trade_date": true,
    "iopv_publication_enabled": true,
    "positive_iopv": true,
    "positive_last_price": true,
    "positive_creation_unit": true,
    "snapshot_fresh_during_collection_session": true
  },
  "freshness": {
    "during_collection_session": true,
    "clock_delay_seconds": 0.343217,
    "maximum_allowed_seconds_during_session": 180.0
  },
  "latest_pcf": {
    "trading_day": "2026-08-18",
    "previous_trading_day": "2026-08-17",
    "fund_code": "510300",
    "fund_name": "华泰柏瑞沪深300交易型开放式指数证券投资基金",
    "fund_company": "华泰柏瑞基金管理有限公司",
    "file_id": "1465021",
    "etf_type": "8",
    "nav": 4.8038,
    "nav_per_creation_unit": 4323446.47,
    "previous_cash_component": 108343.47,
    "estimated_cash_component": 108377.47,
    "maximum_cash_ratio": 0.5,
    "creation_redemption_unit": 900000,
    "component_count": 300,
    "publish_iopv": true,
    "creation_redemption_status": "申购和赎回皆允许",
    "creation_redemption_mechanism": "1",
    "creation_limit": null,
    "redemption_limit": 3600000000.0,
    "net_creation_limit": null,
    "net_redemption_limit": null,
    "creation_limit_per_account": null,
    "redemption_limit_per_account": null,
    "net_creation_limit_per_account": null,
    "net_redemption_limit_per_account": null,
    "source": "sse.COMMON_SSE_CP_JJLB_ETFJJGK_GGSGSHQD_JBXX_C",
    "retrieved_at": "2026-08-18T09:30:05.929758+08:00"
  },
  "latest_iopv": {
    "exchange_timestamp": "2026-08-18 13:59:05",
    "trade_date": "2026-08-18",
    "fund_code": "510300",
    "name": "300ETF",
    "extended_name": "沪深300ETF华泰柏瑞",
    "last_price": 4.769,
    "iopv": 4.7736,
    "premium_discount_bps": -9.636333165744526,
    "change_rate_pct": -0.67,
    "change_cny": -0.032,
    "open": 4.794,
    "previous_close": 4.801,
    "high": 4.803,
    "low": 4.751,
    "volume_shares": 565563243.0,
    "amount_cny": 2703159586.0,
    "trade_phase_raw": "T111    ",
    "post_close_volume_shares": 0.0,
    "post_close_amount_cny": 0.0,
    "post_close_phase_raw": "A1      ",
    "product_subtype": "EBS",
    "source": "sse.yunhq.sh1.snap",
    "retrieved_at": "2026-08-18T13:59:05.300947+08:00"
  },
  "account_feasibility": {
    "reference_account_cny": 20000.0,
    "creation_unit_notional_cny": 4292100.0,
    "can_directly_create_or_redeem": false,
    "intended_use": "只用PCF和IOPV观察一级市场吸收状态，在二级市场交易510300"
  },
  "storage": {
    "pcf": {
      "file": "data/raw/primary_market/510300_pcf_daily.parquet",
      "row_count": 4,
      "first_key": "2026-08-13",
      "last_key": "2026-08-18",
      "sha256": "829c810ec802ff72ad6532eb5255f25a98fef36cad8dec5db46c14c5e37dac65"
    },
    "iopv": {
      "file": "data/raw/primary_market/510300_iopv_snapshots.parquet",
      "row_count": 331,
      "first_key": "2026-08-13 16:29:06",
      "last_key": "2026-08-18 13:59:05",
      "sha256": "a630ed2ab13c5a21fccbafbcfd1d62e98eeb58999e64b2fa42e5f6a345e9d759"
    }
  },
  "raw_response_files": [
    "data/raw/primary_market/raw/iopv/20260818/20260818T135904_045456+0800.json"
  ],
  "governance": {
    "use_as_trading_signal": false,
    "automatic_ordering_authorized": false,
    "note": "当前只采集和纸面验证；未通过前向门槛前不得映射实盘仓位。"
  }
}
{
  "status": "PASS",
  "checked_at": "2026-08-18T14:00:07.759835+08:00",
  "collector": {
    "collector_id": "510300_PRIMARY_SECONDARY_FORWARD_V1",
    "symbol": "510300.SH",
    "fund_code": "510300",
    "timezone": "Asia/Shanghai",
    "timeout_seconds": 15,
    "observation_interval_seconds": 60,
    "collection_start_time": "09:30:00",
    "collection_end_time": "15:00:00",
    "collection_sessions": [
      [
        "09:30:00",
        "11:30:00"
      ],
      [
        "13:00:00",
        "15:00:00"
      ]
    ],
    "evidence_scope": "仅从实际接入日起的前向数据，不回填历史IOPV"
  },
  "checks": {
    "same_fund_code": true,
    "same_trade_date": true,
    "iopv_publication_enabled": true,
    "positive_iopv": true,
    "positive_last_price": true,
    "positive_creation_unit": true,
    "snapshot_fresh_during_collection_session": true
  },
  "freshness": {
    "during_collection_session": true,
    "clock_delay_seconds": 1.759835,
    "maximum_allowed_seconds_during_session": 180.0
  },
  "latest_pcf": {
    "trading_day": "2026-08-18",
    "previous_trading_day": "2026-08-17",
    "fund_code": "510300",
    "fund_name": "华泰柏瑞沪深300交易型开放式指数证券投资基金",
    "fund_company": "华泰柏瑞基金管理有限公司",
    "file_id": "1465021",
    "etf_type": "8",
    "nav": 4.8038,
    "nav_per_creation_unit": 4323446.47,
    "previous_cash_component": 108343.47,
    "estimated_cash_component": 108377.47,
    "maximum_cash_ratio": 0.5,
    "creation_redemption_unit": 900000,
    "component_count": 300,
    "publish_iopv": true,
    "creation_redemption_status": "申购和赎回皆允许",
    "creation_redemption_mechanism": "1",
    "creation_limit": null,
    "redemption_limit": 3600000000.0,
    "net_creation_limit": null,
    "net_redemption_limit": null,
    "creation_limit_per_account": null,
    "redemption_limit_per_account": null,
    "net_creation_limit_per_account": null,
    "net_redemption_limit_per_account": null,
    "source": "sse.COMMON_SSE_CP_JJLB_ETFJJGK_GGSGSHQD_JBXX_C",
    "retrieved_at": "2026-08-18T09:30:05.929758+08:00"
  },
  "latest_iopv": {
    "exchange_timestamp": "2026-08-18 14:00:06",
    "trade_date": "2026-08-18",
    "fund_code": "510300",
    "name": "300ETF",
    "extended_name": "沪深300ETF华泰柏瑞",
    "last_price": 4.768,
    "iopv": 4.7714,
    "premium_discount_bps": -7.125791172402085,
    "change_rate_pct": -0.69,
    "change_cny": -0.033,
    "open": 4.794,
    "previous_close": 4.801,
    "high": 4.803,
    "low": 4.751,
    "volume_shares": 566304843.0,
    "amount_cny": 2706695721.0,
    "trade_phase_raw": "T111    ",
    "post_close_volume_shares": 0.0,
    "post_close_amount_cny": 0.0,
    "post_close_phase_raw": "A1      ",
    "product_subtype": "EBS",
    "source": "sse.yunhq.sh1.snap",
    "retrieved_at": "2026-08-18T14:00:07.716764+08:00"
  },
  "account_feasibility": {
    "reference_account_cny": 20000.0,
    "creation_unit_notional_cny": 4291200.0,
    "can_directly_create_or_redeem": false,
    "intended_use": "只用PCF和IOPV观察一级市场吸收状态，在二级市场交易510300"
  },
  "storage": {
    "pcf": {
      "file": "data/raw/primary_market/510300_pcf_daily.parquet",
      "row_count": 4,
      "first_key": "2026-08-13",
      "last_key": "2026-08-18",
      "sha256": "829c810ec802ff72ad6532eb5255f25a98fef36cad8dec5db46c14c5e37dac65"
    },
    "iopv": {
      "file": "data/raw/primary_market/510300_iopv_snapshots.parquet",
      "row_count": 332,
      "first_key": "2026-08-13 16:29:06",
      "last_key": "2026-08-18 14:00:06",
      "sha256": "50506a706b97e57500457404c54cddf9b29a6d123b5a462f25c8d1b53ee34c3f"
    }
  },
  "raw_response_files": [
    "data/raw/primary_market/raw/iopv/20260818/20260818T140005_344960+0800.json"
  ],
  "governance": {
    "use_as_trading_signal": false,
    "automatic_ordering_authorized": false,
    "note": "当前只采集和纸面验证；未通过前向门槛前不得映射实盘仓位。"
  }
}
{
  "status": "PASS",
  "checked_at": "2026-08-18T14:01:09.370159+08:00",
  "collector": {
    "collector_id": "510300_PRIMARY_SECONDARY_FORWARD_V1",
    "symbol": "510300.SH",
    "fund_code": "510300",
    "timezone": "Asia/Shanghai",
    "timeout_seconds": 15,
    "observation_interval_seconds": 60,
    "collection_start_time": "09:30:00",
    "collection_end_time": "15:00:00",
    "collection_sessions": [
      [
        "09:30:00",
        "11:30:00"
      ],
      [
        "13:00:00",
        "15:00:00"
      ]
    ],
    "evidence_scope": "仅从实际接入日起的前向数据，不回填历史IOPV"
  },
  "checks": {
    "same_fund_code": true,
    "same_trade_date": true,
    "iopv_publication_enabled": true,
    "positive_iopv": true,
    "positive_last_price": true,
    "positive_creation_unit": true,
    "snapshot_fresh_during_collection_session": true
  },
  "freshness": {
    "during_collection_session": true,
    "clock_delay_seconds": 0.370159,
    "maximum_allowed_seconds_during_session": 180.0
  },
  "latest_pcf": {
    "trading_day": "2026-08-18",
    "previous_trading_day": "2026-08-17",
    "fund_code": "510300",
    "fund_name": "华泰柏瑞沪深300交易型开放式指数证券投资基金",
    "fund_company": "华泰柏瑞基金管理有限公司",
    "file_id": "1465021",
    "etf_type": "8",
    "nav": 4.8038,
    "nav_per_creation_unit": 4323446.47,
    "previous_cash_component": 108343.47,
    "estimated_cash_component": 108377.47,
    "maximum_cash_ratio": 0.5,
    "creation_redemption_unit": 900000,
    "component_count": 300,
    "publish_iopv": true,
    "creation_redemption_status": "申购和赎回皆允许",
    "creation_redemption_mechanism": "1",
    "creation_limit": null,
    "redemption_limit": 3600000000.0,
    "net_creation_limit": null,
    "net_redemption_limit": null,
    "creation_limit_per_account": null,
    "redemption_limit_per_account": null,
    "net_creation_limit_per_account": null,
    "net_redemption_limit_per_account": null,
    "source": "sse.COMMON_SSE_CP_JJLB_ETFJJGK_GGSGSHQD_JBXX_C",
    "retrieved_at": "2026-08-18T09:30:05.929758+08:00"
  },
  "latest_iopv": {
    "exchange_timestamp": "2026-08-18 14:01:09",
    "trade_date": "2026-08-18",
    "fund_code": "510300",
    "name": "300ETF",
    "extended_name": "沪深300ETF华泰柏瑞",
    "last_price": 4.769,
    "iopv": 4.7713,
    "premium_discount_bps": -4.820489174858222,
    "change_rate_pct": -0.67,
    "change_cny": -0.032,
    "open": 4.794,
    "previous_close": 4.801,
    "high": 4.803,
    "low": 4.751,
    "volume_shares": 567638243.0,
    "amount_cny": 2713053373.0,
    "trade_phase_raw": "T111    ",
    "post_close_volume_shares": 0.0,
    "post_close_amount_cny": 0.0,
    "post_close_phase_raw": "A1      ",
    "product_subtype": "EBS",
    "source": "sse.yunhq.sh1.snap",
    "retrieved_at": "2026-08-18T14:01:09.329696+08:00"
  },
  "account_feasibility": {
    "reference_account_cny": 20000.0,
    "creation_unit_notional_cny": 4292100.0,
    "can_directly_create_or_redeem": false,
    "intended_use": "只用PCF和IOPV观察一级市场吸收状态，在二级市场交易510300"
  },
  "storage": {
    "pcf": {
      "file": "data/raw/primary_market/510300_pcf_daily.parquet",
      "row_count": 4,
      "first_key": "2026-08-13",
      "last_key": "2026-08-18",
      "sha256": "829c810ec802ff72ad6532eb5255f25a98fef36cad8dec5db46c14c5e37dac65"
    },
    "iopv": {
      "file": "data/raw/primary_market/510300_iopv_snapshots.parquet",
      "row_count": 333,
      "first_key": "2026-08-13 16:29:06",
      "last_key": "2026-08-18 14:01:09",
      "sha256": "a07657f8c8b605b284695587341ff1390caa53e9d739b59f0b49e55d504ed62f"
    }
  },
  "raw_response_files": [
    "data/raw/primary_market/raw/iopv/20260818/20260818T140107_762649+0800.json"
  ],
  "governance": {
    "use_as_trading_signal": false,
    "automatic_ordering_authorized": false,
    "note": "当前只采集和纸面验证；未通过前向门槛前不得映射实盘仓位。"
  }
}
{
  "status": "PASS",
  "checked_at": "2026-08-18T14:02:11.768051+08:00",
  "collector": {
    "collector_id": "510300_PRIMARY_SECONDARY_FORWARD_V1",
    "symbol": "510300.SH",
    "fund_code": "510300",
    "timezone": "Asia/Shanghai",
    "timeout_seconds": 15,
    "observation_interval_seconds": 60,
    "collection_start_time": "09:30:00",
    "collection_end_time": "15:00:00",
    "collection_sessions": [
      [
        "09:30:00",
        "11:30:00"
      ],
      [
        "13:00:00",
        "15:00:00"
      ]
    ],
    "evidence_scope": "仅从实际接入日起的前向数据，不回填历史IOPV"
  },
  "checks": {
    "same_fund_code": true,
    "same_trade_date": true,
    "iopv_publication_enabled": true,
    "positive_iopv": true,
    "positive_last_price": true,
    "positive_creation_unit": true,
    "snapshot_fresh_during_collection_session": true
  },
  "freshness": {
    "during_collection_session": true,
    "clock_delay_seconds": 0.768051,
    "maximum_allowed_seconds_during_session": 180.0
  },
  "latest_pcf": {
    "trading_day": "2026-08-18",
    "previous_trading_day": "2026-08-17",
    "fund_code": "510300",
    "fund_name": "华泰柏瑞沪深300交易型开放式指数证券投资基金",
    "fund_company": "华泰柏瑞基金管理有限公司",
    "file_id": "1465021",
    "etf_type": "8",
    "nav": 4.8038,
    "nav_per_creation_unit": 4323446.47,
    "previous_cash_component": 108343.47,
    "estimated_cash_component": 108377.47,
    "maximum_cash_ratio": 0.5,
    "creation_redemption_unit": 900000,
    "component_count": 300,
    "publish_iopv": true,
    "creation_redemption_status": "申购和赎回皆允许",
    "creation_redemption_mechanism": "1",
    "creation_limit": null,
    "redemption_limit": 3600000000.0,
    "net_creation_limit": null,
    "net_redemption_limit": null,
    "creation_limit_per_account": null,
    "redemption_limit_per_account": null,
    "net_creation_limit_per_account": null,
    "net_redemption_limit_per_account": null,
    "source": "sse.COMMON_SSE_CP_JJLB_ETFJJGK_GGSGSHQD_JBXX_C",
    "retrieved_at": "2026-08-18T09:30:05.929758+08:00"
  },
  "latest_iopv": {
    "exchange_timestamp": "2026-08-18 14:02:11",
    "trade_date": "2026-08-18",
    "fund_code": "510300",
    "name": "300ETF",
    "extended_name": "沪深300ETF华泰柏瑞",
    "last_price": 4.768,
    "iopv": 4.7713,
    "premium_discount_bps": -6.9163540334926665,
    "change_rate_pct": -0.69,
    "change_cny": -0.033,
    "open": 4.794,
    "previous_close": 4.801,
    "high": 4.803,
    "low": 4.751,
    "volume_shares": 569223543.0,
    "amount_cny": 2720614708.0,
    "trade_phase_raw": "T111    ",
    "post_close_volume_shares": 0.0,
    "post_close_amount_cny": 0.0,
    "post_close_phase_raw": "A1      ",
    "product_subtype": "EBS",
    "source": "sse.yunhq.sh1.snap",
    "retrieved_at": "2026-08-18T14:02:11.730610+08:00"
  },
  "account_feasibility": {
    "reference_account_cny": 20000.0,
    "creation_unit_notional_cny": 4291200.0,
    "can_directly_create_or_redeem": false,
    "intended_use": "只用PCF和IOPV观察一级市场吸收状态，在二级市场交易510300"
  },
  "storage": {
    "pcf": {
      "file": "data/raw/primary_market/510300_pcf_daily.parquet",
      "row_count": 4,
      "first_key": "2026-08-13",
      "last_key": "2026-08-18",
      "sha256": "829c810ec802ff72ad6532eb5255f25a98fef36cad8dec5db46c14c5e37dac65"
    },
    "iopv": {
      "file": "data/raw/primary_market/510300_iopv_snapshots.parquet",
      "row_count": 334,
      "first_key": "2026-08-13 16:29:06",
      "last_key": "2026-08-18 14:02:11",
      "sha256": "baa19b0081c9da190a0b1c73b4b08f44ea528e0879b0698a6c8801a54ebe6cad"
    }
  },
  "raw_response_files": [
    "data/raw/primary_market/raw/iopv/20260818/20260818T140209_372673+0800.json"
  ],
  "governance": {
    "use_as_trading_signal": false,
    "automatic_ordering_authorized": false,
    "note": "当前只采集和纸面验证；未通过前向门槛前不得映射实盘仓位。"
  }
}
{
  "status": "PASS",
  "checked_at": "2026-08-18T14:03:13.283559+08:00",
  "collector": {
    "collector_id": "510300_PRIMARY_SECONDARY_FORWARD_V1",
    "symbol": "510300.SH",
    "fund_code": "510300",
    "timezone": "Asia/Shanghai",
    "timeout_seconds": 15,
    "observation_interval_seconds": 60,
    "collection_start_time": "09:30:00",
    "collection_end_time": "15:00:00",
    "collection_sessions": [
      [
        "09:30:00",
        "11:30:00"
      ],
      [
        "13:00:00",
        "15:00:00"
      ]
    ],
    "evidence_scope": "仅从实际接入日起的前向数据，不回填历史IOPV"
  },
  "checks": {
    "same_fund_code": true,
    "same_trade_date": true,
    "iopv_publication_enabled": true,
    "positive_iopv": true,
    "positive_last_price": true,
    "positive_creation_unit": true,
    "snapshot_fresh_during_collection_session": true
  },
  "freshness": {
    "during_collection_session": true,
    "clock_delay_seconds": 0.283559,
    "maximum_allowed_seconds_during_session": 180.0
  },
  "latest_pcf": {
    "trading_day": "2026-08-18",
    "previous_trading_day": "2026-08-17",
    "fund_code": "510300",
    "fund_name": "华泰柏瑞沪深300交易型开放式指数证券投资基金",
    "fund_company": "华泰柏瑞基金管理有限公司",
    "file_id": "1465021",
    "etf_type": "8",
    "nav": 4.8038,
    "nav_per_creation_unit": 4323446.47,
    "previous_cash_component": 108343.47,
    "estimated_cash_component": 108377.47,
    "maximum_cash_ratio": 0.5,
    "creation_redemption_unit": 900000,
    "component_count": 300,
    "publish_iopv": true,
    "creation_redemption_status": "申购和赎回皆允许",
    "creation_redemption_mechanism": "1",
    "creation_limit": null,
    "redemption_limit": 3600000000.0,
    "net_creation_limit": null,
    "net_redemption_limit": null,
    "creation_limit_per_account": null,
    "redemption_limit_per_account": null,
    "net_creation_limit_per_account": null,
    "net_redemption_limit_per_account": null,
    "source": "sse.COMMON_SSE_CP_JJLB_ETFJJGK_GGSGSHQD_JBXX_C",
    "retrieved_at": "2026-08-18T09:30:05.929758+08:00"
  },
  "latest_iopv": {
    "exchange_timestamp": "2026-08-18 14:03:13",
    "trade_date": "2026-08-18",
    "fund_code": "510300",
    "name": "300ETF",
    "extended_name": "沪深300ETF华泰柏瑞",
    "last_price": 4.771,
    "iopv": 4.7746,
    "premium_discount_bps": -7.539898630253283,
    "change_rate_pct": -0.62,
    "change_cny": -0.03,
    "open": 4.794,
    "previous_close": 4.801,
    "high": 4.803,
    "low": 4.751,
    "volume_shares": 569696643.0,
    "amount_cny": 2722871246.0,
    "trade_phase_raw": "T111    ",
    "post_close_volume_shares": 0.0,
    "post_close_amount_cny": 0.0,
    "post_close_phase_raw": "A1      ",
    "product_subtype": "EBS",
    "source": "sse.yunhq.sh1.snap",
    "retrieved_at": "2026-08-18T14:03:13.244504+08:00"
  },
  "account_feasibility": {
    "reference_account_cny": 20000.0,
    "creation_unit_notional_cny": 4293900.0,
    "can_directly_create_or_redeem": false,
    "intended_use": "只用PCF和IOPV观察一级市场吸收状态，在二级市场交易510300"
  },
  "storage": {
    "pcf": {
      "file": "data/raw/primary_market/510300_pcf_daily.parquet",
      "row_count": 4,
      "first_key": "2026-08-13",
      "last_key": "2026-08-18",
      "sha256": "829c810ec802ff72ad6532eb5255f25a98fef36cad8dec5db46c14c5e37dac65"
    },
    "iopv": {
      "file": "data/raw/primary_market/510300_iopv_snapshots.parquet",
      "row_count": 335,
      "first_key": "2026-08-13 16:29:06",
      "last_key": "2026-08-18 14:03:13",
      "sha256": "a54cf1665ad8bf4695f621af6aac2bfeb579190e4fd1cf845a0640dadba3a7e1"
    }
  },
  "raw_response_files": [
    "data/raw/primary_market/raw/iopv/20260818/20260818T140311_771197+0800.json"
  ],
  "governance": {
    "use_as_trading_signal": false,
    "automatic_ordering_authorized": false,
    "note": "当前只采集和纸面验证；未通过前向门槛前不得映射实盘仓位。"
  }
}
{
  "status": "PASS",
  "checked_at": "2026-08-18T14:04:14.931037+08:00",
  "collector": {
    "collector_id": "510300_PRIMARY_SECONDARY_FORWARD_V1",
    "symbol": "510300.SH",
    "fund_code": "510300",
    "timezone": "Asia/Shanghai",
    "timeout_seconds": 15,
    "observation_interval_seconds": 60,
    "collection_start_time": "09:30:00",
    "collection_end_time": "15:00:00",
    "collection_sessions": [
      [
        "09:30:00",
        "11:30:00"
      ],
      [
        "13:00:00",
        "15:00:00"
      ]
    ],
    "evidence_scope": "仅从实际接入日起的前向数据，不回填历史IOPV"
  },
  "checks": {
    "same_fund_code": true,
    "same_trade_date": true,
    "iopv_publication_enabled": true,
    "positive_iopv": true,
    "positive_last_price": true,
    "positive_creation_unit": true,
    "snapshot_fresh_during_collection_session": true
  },
  "freshness": {
    "during_collection_session": true,
    "clock_delay_seconds": 0.931037,
    "maximum_allowed_seconds_during_session": 180.0
  },
  "latest_pcf": {
    "trading_day": "2026-08-18",
    "previous_trading_day": "2026-08-17",
    "fund_code": "510300",
    "fund_name": "华泰柏瑞沪深300交易型开放式指数证券投资基金",
    "fund_company": "华泰柏瑞基金管理有限公司",
    "file_id": "1465021",
    "etf_type": "8",
    "nav": 4.8038,
    "nav_per_creation_unit": 4323446.47,
    "previous_cash_component": 108343.47,
    "estimated_cash_component": 108377.47,
    "maximum_cash_ratio": 0.5,
    "creation_redemption_unit": 900000,
    "component_count": 300,
    "publish_iopv": true,
    "creation_redemption_status": "申购和赎回皆允许",
    "creation_redemption_mechanism": "1",
    "creation_limit": null,
    "redemption_limit": 3600000000.0,
    "net_creation_limit": null,
    "net_redemption_limit": null,
    "creation_limit_per_account": null,
    "redemption_limit_per_account": null,
    "net_creation_limit_per_account": null,
    "net_redemption_limit_per_account": null,
    "source": "sse.COMMON_SSE_CP_JJLB_ETFJJGK_GGSGSHQD_JBXX_C",
    "retrieved_at": "2026-08-18T09:30:05.929758+08:00"
  },
  "latest_iopv": {
    "exchange_timestamp": "2026-08-18 14:04:14",
    "trade_date": "2026-08-18",
    "fund_code": "510300",
    "name": "300ETF",
    "extended_name": "沪深300ETF华泰柏瑞",
    "last_price": 4.771,
    "iopv": 4.7744,
    "premium_discount_bps": -7.121313672922014,
    "change_rate_pct": -0.62,
    "change_cny": -0.03,
    "open": 4.794,
    "previous_close": 4.801,
    "high": 4.803,
    "low": 4.751,
    "volume_shares": 570246943.0,
    "amount_cny": 2725496139.0,
    "trade_phase_raw": "T111    ",
    "post_close_volume_shares": 0.0,
    "post_close_amount_cny": 0.0,
    "post_close_phase_raw": "A1      ",
    "product_subtype": "EBS",
    "source": "sse.yunhq.sh1.snap",
    "retrieved_at": "2026-08-18T14:04:14.889351+08:00"
  },
  "account_feasibility": {
    "reference_account_cny": 20000.0,
    "creation_unit_notional_cny": 4293900.0,
    "can_directly_create_or_redeem": false,
    "intended_use": "只用PCF和IOPV观察一级市场吸收状态，在二级市场交易510300"
  },
  "storage": {
    "pcf": {
      "file": "data/raw/primary_market/510300_pcf_daily.parquet",
      "row_count": 4,
      "first_key": "2026-08-13",
      "last_key": "2026-08-18",
      "sha256": "829c810ec802ff72ad6532eb5255f25a98fef36cad8dec5db46c14c5e37dac65"
    },
    "iopv": {
      "file": "data/raw/primary_market/510300_iopv_snapshots.parquet",
      "row_count": 336,
      "first_key": "2026-08-13 16:29:06",
      "last_key": "2026-08-18 14:04:14",
      "sha256": "0d3846842d0429d02e3b1dbae12feefe3db10c4e5f311011aa252aa3dc8369fd"
    }
  },
  "raw_response_files": [
    "data/raw/primary_market/raw/iopv/20260818/20260818T140413_285671+0800.json"
  ],
  "governance": {
    "use_as_trading_signal": false,
    "automatic_ordering_authorized": false,
    "note": "当前只采集和纸面验证；未通过前向门槛前不得映射实盘仓位。"
  }
}
{
  "status": "PASS",
  "checked_at": "2026-08-18T14:05:16.722809+08:00",
  "collector": {
    "collector_id": "510300_PRIMARY_SECONDARY_FORWARD_V1",
    "symbol": "510300.SH",
    "fund_code": "510300",
    "timezone": "Asia/Shanghai",
    "timeout_seconds": 15,
    "observation_interval_seconds": 60,
    "collection_start_time": "09:30:00",
    "collection_end_time": "15:00:00",
    "collection_sessions": [
      [
        "09:30:00",
        "11:30:00"
      ],
      [
        "13:00:00",
        "15:00:00"
      ]
    ],
    "evidence_scope": "仅从实际接入日起的前向数据，不回填历史IOPV"
  },
  "checks": {
    "same_fund_code": true,
    "same_trade_date": true,
    "iopv_publication_enabled": true,
    "positive_iopv": true,
    "positive_last_price": true,
    "positive_creation_unit": true,
    "snapshot_fresh_during_collection_session": true
  },
  "freshness": {
    "during_collection_session": true,
    "clock_delay_seconds": 0.722809,
    "maximum_allowed_seconds_during_session": 180.0
  },
  "latest_pcf": {
    "trading_day": "2026-08-18",
    "previous_trading_day": "2026-08-17",
    "fund_code": "510300",
    "fund_name": "华泰柏瑞沪深300交易型开放式指数证券投资基金",
    "fund_company": "华泰柏瑞基金管理有限公司",
    "file_id": "1465021",
    "etf_type": "8",
    "nav": 4.8038,
    "nav_per_creation_unit": 4323446.47,
    "previous_cash_component": 108343.47,
    "estimated_cash_component": 108377.47,
    "maximum_cash_ratio": 0.5,
    "creation_redemption_unit": 900000,
    "component_count": 300,
    "publish_iopv": true,
    "creation_redemption_status": "申购和赎回皆允许",
    "creation_redemption_mechanism": "1",
    "creation_limit": null,
    "redemption_limit": 3600000000.0,
    "net_creation_limit": null,
    "net_redemption_limit": null,
    "creation_limit_per_account": null,
    "redemption_limit_per_account": null,
    "net_creation_limit_per_account": null,
    "net_redemption_limit_per_account": null,
    "source": "sse.COMMON_SSE_CP_JJLB_ETFJJGK_GGSGSHQD_JBXX_C",
    "retrieved_at": "2026-08-18T09:30:05.929758+08:00"
  },
  "latest_iopv": {
    "exchange_timestamp": "2026-08-18 14:05:16",
    "trade_date": "2026-08-18",
    "fund_code": "510300",
    "name": "300ETF",
    "extended_name": "沪深300ETF华泰柏瑞",
    "last_price": 4.771,
    "iopv": 4.7743,
    "premium_discount_bps": -6.912008043064022,
    "change_rate_pct": -0.62,
    "change_cny": -0.03,
    "open": 4.794,
    "previous_close": 4.801,
    "high": 4.803,
    "low": 4.751,
    "volume_shares": 570502143.0,
    "amount_cny": 2726713745.0,
    "trade_phase_raw": "T111    ",
    "post_close_volume_shares": 0.0,
    "post_close_amount_cny": 0.0,
    "post_close_phase_raw": "A1      ",
    "product_subtype": "EBS",
    "source": "sse.yunhq.sh1.snap",
    "retrieved_at": "2026-08-18T14:05:16.684166+08:00"
  },
  "account_feasibility": {
    "reference_account_cny": 20000.0,
    "creation_unit_notional_cny": 4293900.0,
    "can_directly_create_or_redeem": false,
    "intended_use": "只用PCF和IOPV观察一级市场吸收状态，在二级市场交易510300"
  },
  "storage": {
    "pcf": {
      "file": "data/raw/primary_market/510300_pcf_daily.parquet",
      "row_count": 4,
      "first_key": "2026-08-13",
      "last_key": "2026-08-18",
      "sha256": "829c810ec802ff72ad6532eb5255f25a98fef36cad8dec5db46c14c5e37dac65"
    },
    "iopv": {
      "file": "data/raw/primary_market/510300_iopv_snapshots.parquet",
      "row_count": 337,
      "first_key": "2026-08-13 16:29:06",
      "last_key": "2026-08-18 14:05:16",
      "sha256": "d68f58398f5b8e7fc3f7c26e0e7c5fb8f78542ab6461246bcfe65f70a6c12ac7"
    }
  },
  "raw_response_files": [
    "data/raw/primary_market/raw/iopv/20260818/20260818T140514_933518+0800.json"
  ],
  "governance": {
    "use_as_trading_signal": false,
    "automatic_ordering_authorized": false,
    "note": "当前只采集和纸面验证；未通过前向门槛前不得映射实盘仓位。"
  }
}
{
  "status": "PASS",
  "checked_at": "2026-08-18T14:06:18.226091+08:00",
  "collector": {
    "collector_id": "510300_PRIMARY_SECONDARY_FORWARD_V1",
    "symbol": "510300.SH",
    "fund_code": "510300",
    "timezone": "Asia/Shanghai",
    "timeout_seconds": 15,
    "observation_interval_seconds": 60,
    "collection_start_time": "09:30:00",
    "collection_end_time": "15:00:00",
    "collection_sessions": [
      [
        "09:30:00",
        "11:30:00"
      ],
      [
        "13:00:00",
        "15:00:00"
      ]
    ],
    "evidence_scope": "仅从实际接入日起的前向数据，不回填历史IOPV"
  },
  "checks": {
    "same_fund_code": true,
    "same_trade_date": true,
    "iopv_publication_enabled": true,
    "positive_iopv": true,
    "positive_last_price": true,
    "positive_creation_unit": true,
    "snapshot_fresh_during_collection_session": true
  },
  "freshness": {
    "during_collection_session": true,
    "clock_delay_seconds": 1.226091,
    "maximum_allowed_seconds_during_session": 180.0
  },
  "latest_pcf": {
    "trading_day": "2026-08-18",
    "previous_trading_day": "2026-08-17",
    "fund_code": "510300",
    "fund_name": "华泰柏瑞沪深300交易型开放式指数证券投资基金",
    "fund_company": "华泰柏瑞基金管理有限公司",
    "file_id": "1465021",
    "etf_type": "8",
    "nav": 4.8038,
    "nav_per_creation_unit": 4323446.47,
    "previous_cash_component": 108343.47,
    "estimated_cash_component": 108377.47,
    "maximum_cash_ratio": 0.5,
    "creation_redemption_unit": 900000,
    "component_count": 300,
    "publish_iopv": true,
    "creation_redemption_status": "申购和赎回皆允许",
    "creation_redemption_mechanism": "1",
    "creation_limit": null,
    "redemption_limit": 3600000000.0,
    "net_creation_limit": null,
    "net_redemption_limit": null,
    "creation_limit_per_account": null,
    "redemption_limit_per_account": null,
    "net_creation_limit_per_account": null,
    "net_redemption_limit_per_account": null,
    "source": "sse.COMMON_SSE_CP_JJLB_ETFJJGK_GGSGSHQD_JBXX_C",
    "retrieved_at": "2026-08-18T09:30:05.929758+08:00"
  },
  "latest_iopv": {
    "exchange_timestamp": "2026-08-18 14:06:17",
    "trade_date": "2026-08-18",
    "fund_code": "510300",
    "name": "300ETF",
    "extended_name": "沪深300ETF华泰柏瑞",
    "last_price": 4.77,
    "iopv": 4.7727,
    "premium_discount_bps": -5.657175183859664,
    "change_rate_pct": -0.65,
    "change_cny": -0.031,
    "open": 4.794,
    "previous_close": 4.801,
    "high": 4.803,
    "low": 4.751,
    "volume_shares": 570982843.0,
    "amount_cny": 2729007055.0,
    "trade_phase_raw": "T111    ",
    "post_close_volume_shares": 0.0,
    "post_close_amount_cny": 0.0,
    "post_close_phase_raw": "A1      ",
    "product_subtype": "EBS",
    "source": "sse.yunhq.sh1.snap",
    "retrieved_at": "2026-08-18T14:06:18.186951+08:00"
  },
  "account_feasibility": {
    "reference_account_cny": 20000.0,
    "creation_unit_notional_cny": 4293000.0,
    "can_directly_create_or_redeem": false,
    "intended_use": "只用PCF和IOPV观察一级市场吸收状态，在二级市场交易510300"
  },
  "storage": {
    "pcf": {
      "file": "data/raw/primary_market/510300_pcf_daily.parquet",
      "row_count": 4,
      "first_key": "2026-08-13",
      "last_key": "2026-08-18",
      "sha256": "829c810ec802ff72ad6532eb5255f25a98fef36cad8dec5db46c14c5e37dac65"
    },
    "iopv": {
      "file": "data/raw/primary_market/510300_iopv_snapshots.parquet",
      "row_count": 338,
      "first_key": "2026-08-13 16:29:06",
      "last_key": "2026-08-18 14:06:17",
      "sha256": "39583c5d0cf72f137b2695e8b956dd61461fd162dabf57368e3381ea35684576"
    }
  },
  "raw_response_files": [
    "data/raw/primary_market/raw/iopv/20260818/20260818T140616_724642+0800.json"
  ],
  "governance": {
    "use_as_trading_signal": false,
    "automatic_ordering_authorized": false,
    "note": "当前只采集和纸面验证；未通过前向门槛前不得映射实盘仓位。"
  }
}
{
  "status": "PASS",
  "checked_at": "2026-08-18T14:07:19.881107+08:00",
  "collector": {
    "collector_id": "510300_PRIMARY_SECONDARY_FORWARD_V1",
    "symbol": "510300.SH",
    "fund_code": "510300",
    "timezone": "Asia/Shanghai",
    "timeout_seconds": 15,
    "observation_interval_seconds": 60,
    "collection_start_time": "09:30:00",
    "collection_end_time": "15:00:00",
    "collection_sessions": [
      [
        "09:30:00",
        "11:30:00"
      ],
      [
        "13:00:00",
        "15:00:00"
      ]
    ],
    "evidence_scope": "仅从实际接入日起的前向数据，不回填历史IOPV"
  },
  "checks": {
    "same_fund_code": true,
    "same_trade_date": true,
    "iopv_publication_enabled": true,
    "positive_iopv": true,
    "positive_last_price": true,
    "positive_creation_unit": true,
    "snapshot_fresh_during_collection_session": true
  },
  "freshness": {
    "during_collection_session": true,
    "clock_delay_seconds": 0.881107,
    "maximum_allowed_seconds_during_session": 180.0
  },
  "latest_pcf": {
    "trading_day": "2026-08-18",
    "previous_trading_day": "2026-08-17",
    "fund_code": "510300",
    "fund_name": "华泰柏瑞沪深300交易型开放式指数证券投资基金",
    "fund_company": "华泰柏瑞基金管理有限公司",
    "file_id": "1465021",
    "etf_type": "8",
    "nav": 4.8038,
    "nav_per_creation_unit": 4323446.47,
    "previous_cash_component": 108343.47,
    "estimated_cash_component": 108377.47,
    "maximum_cash_ratio": 0.5,
    "creation_redemption_unit": 900000,
    "component_count": 300,
    "publish_iopv": true,
    "creation_redemption_status": "申购和赎回皆允许",
    "creation_redemption_mechanism": "1",
    "creation_limit": null,
    "redemption_limit": 3600000000.0,
    "net_creation_limit": null,
    "net_redemption_limit": null,
    "creation_limit_per_account": null,
    "redemption_limit_per_account": null,
    "net_creation_limit_per_account": null,
    "net_redemption_limit_per_account": null,
    "source": "sse.COMMON_SSE_CP_JJLB_ETFJJGK_GGSGSHQD_JBXX_C",
    "retrieved_at": "2026-08-18T09:30:05.929758+08:00"
  },
  "latest_iopv": {
    "exchange_timestamp": "2026-08-18 14:07:19",
    "trade_date": "2026-08-18",
    "fund_code": "510300",
    "name": "300ETF",
    "extended_name": "沪深300ETF华泰柏瑞",
    "last_price": 4.77,
    "iopv": 4.7699,
    "premium_discount_bps": 0.20964800100609082,
    "change_rate_pct": -0.65,
    "change_cny": -0.031,
    "open": 4.794,
    "previous_close": 4.801,
    "high": 4.803,
    "low": 4.751,
    "volume_shares": 571529142.0,
    "amount_cny": 2731612466.0,
    "trade_phase_raw": "T111    ",
    "post_close_volume_shares": 0.0,
    "post_close_amount_cny": 0.0,
    "post_close_phase_raw": "A1      ",
    "product_subtype": "EBS",
    "source": "sse.yunhq.sh1.snap",
    "retrieved_at": "2026-08-18T14:07:19.840103+08:00"
  },
  "account_feasibility": {
    "reference_account_cny": 20000.0,
    "creation_unit_notional_cny": 4293000.0,
    "can_directly_create_or_redeem": false,
    "intended_use": "只用PCF和IOPV观察一级市场吸收状态，在二级市场交易510300"
  },
  "storage": {
    "pcf": {
      "file": "data/raw/primary_market/510300_pcf_daily.parquet",
      "row_count": 4,
      "first_key": "2026-08-13",
      "last_key": "2026-08-18",
      "sha256": "829c810ec802ff72ad6532eb5255f25a98fef36cad8dec5db46c14c5e37dac65"
    },
    "iopv": {
      "file": "data/raw/primary_market/510300_iopv_snapshots.parquet",
      "row_count": 339,
      "first_key": "2026-08-13 16:29:06",
      "last_key": "2026-08-18 14:07:19",
      "sha256": "466661229e442b1884ba3d11646685b044243bd64317dbbfcb6021114759b136"
    }
  },
  "raw_response_files": [
    "data/raw/primary_market/raw/iopv/20260818/20260818T140718_228271+0800.json"
  ],
  "governance": {
    "use_as_trading_signal": false,
    "automatic_ordering_authorized": false,
    "note": "当前只采集和纸面验证；未通过前向门槛前不得映射实盘仓位。"
  }
}
{
  "status": "PASS",
  "checked_at": "2026-08-18T14:08:21.112407+08:00",
  "collector": {
    "collector_id": "510300_PRIMARY_SECONDARY_FORWARD_V1",
    "symbol": "510300.SH",
    "fund_code": "510300",
    "timezone": "Asia/Shanghai",
    "timeout_seconds": 15,
    "observation_interval_seconds": 60,
    "collection_start_time": "09:30:00",
    "collection_end_time": "15:00:00",
    "collection_sessions": [
      [
        "09:30:00",
        "11:30:00"
      ],
      [
        "13:00:00",
        "15:00:00"
      ]
    ],
    "evidence_scope": "仅从实际接入日起的前向数据，不回填历史IOPV"
  },
  "checks": {
    "same_fund_code": true,
    "same_trade_date": true,
    "iopv_publication_enabled": true,
    "positive_iopv": true,
    "positive_last_price": true,
    "positive_creation_unit": true,
    "snapshot_fresh_during_collection_session": true
  },
  "freshness": {
    "during_collection_session": true,
    "clock_delay_seconds": 1.112407,
    "maximum_allowed_seconds_during_session": 180.0
  },
  "latest_pcf": {
    "trading_day": "2026-08-18",
    "previous_trading_day": "2026-08-17",
    "fund_code": "510300",
    "fund_name": "华泰柏瑞沪深300交易型开放式指数证券投资基金",
    "fund_company": "华泰柏瑞基金管理有限公司",
    "file_id": "1465021",
    "etf_type": "8",
    "nav": 4.8038,
    "nav_per_creation_unit": 4323446.47,
    "previous_cash_component": 108343.47,
    "estimated_cash_component": 108377.47,
    "maximum_cash_ratio": 0.5,
    "creation_redemption_unit": 900000,
    "component_count": 300,
    "publish_iopv": true,
    "creation_redemption_status": "申购和赎回皆允许",
    "creation_redemption_mechanism": "1",
    "creation_limit": null,
    "redemption_limit": 3600000000.0,
    "net_creation_limit": null,
    "net_redemption_limit": null,
    "creation_limit_per_account": null,
    "redemption_limit_per_account": null,
    "net_creation_limit_per_account": null,
    "net_redemption_limit_per_account": null,
    "source": "sse.COMMON_SSE_CP_JJLB_ETFJJGK_GGSGSHQD_JBXX_C",
    "retrieved_at": "2026-08-18T09:30:05.929758+08:00"
  },
  "latest_iopv": {
    "exchange_timestamp": "2026-08-18 14:08:20",
    "trade_date": "2026-08-18",
    "fund_code": "510300",
    "name": "300ETF",
    "extended_name": "沪深300ETF华泰柏瑞",
    "last_price": 4.767,
    "iopv": 4.7675,
    "premium_discount_bps": -1.048767697954256,
    "change_rate_pct": -0.71,
    "change_cny": -0.034,
    "open": 4.794,
    "previous_close": 4.801,
    "high": 4.803,
    "low": 4.751,
    "volume_shares": 571975143.0,
    "amount_cny": 2733738853.0,
    "trade_phase_raw": "T111    ",
    "post_close_volume_shares": 0.0,
    "post_close_amount_cny": 0.0,
    "post_close_phase_raw": "A1      ",
    "product_subtype": "EBS",
    "source": "sse.yunhq.sh1.snap",
    "retrieved_at": "2026-08-18T14:08:21.070672+08:00"
  },
  "account_feasibility": {
    "reference_account_cny": 20000.0,
    "creation_unit_notional_cny": 4290300.0,
    "can_directly_create_or_redeem": false,
    "intended_use": "只用PCF和IOPV观察一级市场吸收状态，在二级市场交易510300"
  },
  "storage": {
    "pcf": {
      "file": "data/raw/primary_market/510300_pcf_daily.parquet",
      "row_count": 4,
      "first_key": "2026-08-13",
      "last_key": "2026-08-18",
      "sha256": "829c810ec802ff72ad6532eb5255f25a98fef36cad8dec5db46c14c5e37dac65"
    },
    "iopv": {
      "file": "data/raw/primary_market/510300_iopv_snapshots.parquet",
      "row_count": 340,
      "first_key": "2026-08-13 16:29:06",
      "last_key": "2026-08-18 14:08:20",
      "sha256": "bcd05ab1b990c1a03f466b5d7478e894b74b6dd038272482b6a09a24ca575d50"
    }
  },
  "raw_response_files": [
    "data/raw/primary_market/raw/iopv/20260818/20260818T140819_883787+0800.json"
  ],
  "governance": {
    "use_as_trading_signal": false,
    "automatic_ordering_authorized": false,
    "note": "当前只采集和纸面验证；未通过前向门槛前不得映射实盘仓位。"
  }
}
{
  "status": "PASS",
  "checked_at": "2026-08-18T14:09:23.535573+08:00",
  "collector": {
    "collector_id": "510300_PRIMARY_SECONDARY_FORWARD_V1",
    "symbol": "510300.SH",
    "fund_code": "510300",
    "timezone": "Asia/Shanghai",
    "timeout_seconds": 15,
    "observation_interval_seconds": 60,
    "collection_start_time": "09:30:00",
    "collection_end_time": "15:00:00",
    "collection_sessions": [
      [
        "09:30:00",
        "11:30:00"
      ],
      [
        "13:00:00",
        "15:00:00"
      ]
    ],
    "evidence_scope": "仅从实际接入日起的前向数据，不回填历史IOPV"
  },
  "checks": {
    "same_fund_code": true,
    "same_trade_date": true,
    "iopv_publication_enabled": true,
    "positive_iopv": true,
    "positive_last_price": true,
    "positive_creation_unit": true,
    "snapshot_fresh_during_collection_session": true
  },
  "freshness": {
    "during_collection_session": true,
    "clock_delay_seconds": 0.535573,
    "maximum_allowed_seconds_during_session": 180.0
  },
  "latest_pcf": {
    "trading_day": "2026-08-18",
    "previous_trading_day": "2026-08-17",
    "fund_code": "510300",
    "fund_name": "华泰柏瑞沪深300交易型开放式指数证券投资基金",
    "fund_company": "华泰柏瑞基金管理有限公司",
    "file_id": "1465021",
    "etf_type": "8",
    "nav": 4.8038,
    "nav_per_creation_unit": 4323446.47,
    "previous_cash_component": 108343.47,
    "estimated_cash_component": 108377.47,
    "maximum_cash_ratio": 0.5,
    "creation_redemption_unit": 900000,
    "component_count": 300,
    "publish_iopv": true,
    "creation_redemption_status": "申购和赎回皆允许",
    "creation_redemption_mechanism": "1",
    "creation_limit": null,
    "redemption_limit": 3600000000.0,
    "net_creation_limit": null,
    "net_redemption_limit": null,
    "creation_limit_per_account": null,
    "redemption_limit_per_account": null,
    "net_creation_limit_per_account": null,
    "net_redemption_limit_per_account": null,
    "source": "sse.COMMON_SSE_CP_JJLB_ETFJJGK_GGSGSHQD_JBXX_C",
    "retrieved_at": "2026-08-18T09:30:05.929758+08:00"
  },
  "latest_iopv": {
    "exchange_timestamp": "2026-08-18 14:09:23",
    "trade_date": "2026-08-18",
    "fund_code": "510300",
    "name": "300ETF",
    "extended_name": "沪深300ETF华泰柏瑞",
    "last_price": 4.765,
    "iopv": 4.7671,
    "premium_discount_bps": -4.405193933419982,
    "change_rate_pct": -0.75,
    "change_cny": -0.036,
    "open": 4.794,
    "previous_close": 4.801,
    "high": 4.803,
    "low": 4.751,
    "volume_shares": 572688343.0,
    "amount_cny": 2737137647.0,
    "trade_phase_raw": "T111    ",
    "post_close_volume_shares": 0.0,
    "post_close_amount_cny": 0.0,
    "post_close_phase_raw": "A1      ",
    "product_subtype": "EBS",
    "source": "sse.yunhq.sh1.snap",
    "retrieved_at": "2026-08-18T14:09:23.499350+08:00"
  },
  "account_feasibility": {
    "reference_account_cny": 20000.0,
    "creation_unit_notional_cny": 4288500.0,
    "can_directly_create_or_redeem": false,
    "intended_use": "只用PCF和IOPV观察一级市场吸收状态，在二级市场交易510300"
  },
  "storage": {
    "pcf": {
      "file": "data/raw/primary_market/510300_pcf_daily.parquet",
      "row_count": 4,
      "first_key": "2026-08-13",
      "last_key": "2026-08-18",
      "sha256": "829c810ec802ff72ad6532eb5255f25a98fef36cad8dec5db46c14c5e37dac65"
    },
    "iopv": {
      "file": "data/raw/primary_market/510300_iopv_snapshots.parquet",
      "row_count": 341,
      "first_key": "2026-08-13 16:29:06",
      "last_key": "2026-08-18 14:09:23",
      "sha256": "8ed4832bbd30cde64e86f3ecbbd84741c70bb9611f4dd2eb3b0fd44cd45446bc"
    }
  },
  "raw_response_files": [
    "data/raw/primary_market/raw/iopv/20260818/20260818T140921_115149+0800.json"
  ],
  "governance": {
    "use_as_trading_signal": false,
    "automatic_ordering_authorized": false,
    "note": "当前只采集和纸面验证；未通过前向门槛前不得映射实盘仓位。"
  }
}
{
  "status": "PASS",
  "checked_at": "2026-08-18T14:10:25.965095+08:00",
  "collector": {
    "collector_id": "510300_PRIMARY_SECONDARY_FORWARD_V1",
    "symbol": "510300.SH",
    "fund_code": "510300",
    "timezone": "Asia/Shanghai",
    "timeout_seconds": 15,
    "observation_interval_seconds": 60,
    "collection_start_time": "09:30:00",
    "collection_end_time": "15:00:00",
    "collection_sessions": [
      [
        "09:30:00",
        "11:30:00"
      ],
      [
        "13:00:00",
        "15:00:00"
      ]
    ],
    "evidence_scope": "仅从实际接入日起的前向数据，不回填历史IOPV"
  },
  "checks": {
    "same_fund_code": true,
    "same_trade_date": true,
    "iopv_publication_enabled": true,
    "positive_iopv": true,
    "positive_last_price": true,
    "positive_creation_unit": true,
    "snapshot_fresh_during_collection_session": true
  },
  "freshness": {
    "during_collection_session": true,
    "clock_delay_seconds": 0.965095,
    "maximum_allowed_seconds_during_session": 180.0
  },
  "latest_pcf": {
    "trading_day": "2026-08-18",
    "previous_trading_day": "2026-08-17",
    "fund_code": "510300",
    "fund_name": "华泰柏瑞沪深300交易型开放式指数证券投资基金",
    "fund_company": "华泰柏瑞基金管理有限公司",
    "file_id": "1465021",
    "etf_type": "8",
    "nav": 4.8038,
    "nav_per_creation_unit": 4323446.47,
    "previous_cash_component": 108343.47,
    "estimated_cash_component": 108377.47,
    "maximum_cash_ratio": 0.5,
    "creation_redemption_unit": 900000,
    "component_count": 300,
    "publish_iopv": true,
    "creation_redemption_status": "申购和赎回皆允许",
    "creation_redemption_mechanism": "1",
    "creation_limit": null,
    "redemption_limit": 3600000000.0,
    "net_creation_limit": null,
    "net_redemption_limit": null,
    "creation_limit_per_account": null,
    "redemption_limit_per_account": null,
    "net_creation_limit_per_account": null,
    "net_redemption_limit_per_account": null,
    "source": "sse.COMMON_SSE_CP_JJLB_ETFJJGK_GGSGSHQD_JBXX_C",
    "retrieved_at": "2026-08-18T09:30:05.929758+08:00"
  },
  "latest_iopv": {
    "exchange_timestamp": "2026-08-18 14:10:25",
    "trade_date": "2026-08-18",
    "fund_code": "510300",
    "name": "300ETF",
    "extended_name": "沪深300ETF华泰柏瑞",
    "last_price": 4.763,
    "iopv": 4.7661,
    "premium_discount_bps": -6.504269738359936,
    "change_rate_pct": -0.79,
    "change_cny": -0.038,
    "open": 4.794,
    "previous_close": 4.801,
    "high": 4.803,
    "low": 4.751,
    "volume_shares": 573362343.0,
    "amount_cny": 2740348307.0,
    "trade_phase_raw": "T111    ",
    "post_close_volume_shares": 0.0,
    "post_close_amount_cny": 0.0,
    "post_close_phase_raw": "A1      ",
    "product_subtype": "EBS",
    "source": "sse.yunhq.sh1.snap",
    "retrieved_at": "2026-08-18T14:10:25.935136+08:00"
  },
  "account_feasibility": {
    "reference_account_cny": 20000.0,
    "creation_unit_notional_cny": 4286700.0,
    "can_directly_create_or_redeem": false,
    "intended_use": "只用PCF和IOPV观察一级市场吸收状态，在二级市场交易510300"
  },
  "storage": {
    "pcf": {
      "file": "data/raw/primary_market/510300_pcf_daily.parquet",
      "row_count": 4,
      "first_key": "2026-08-13",
      "last_key": "2026-08-18",
      "sha256": "829c810ec802ff72ad6532eb5255f25a98fef36cad8dec5db46c14c5e37dac65"
    },
    "iopv": {
      "file": "data/raw/primary_market/510300_iopv_snapshots.parquet",
      "row_count": 342,
      "first_key": "2026-08-13 16:29:06",
      "last_key": "2026-08-18 14:10:25",
      "sha256": "a7b3e4cbba8dd95fdc7784b901ed3a76d0b6f6f23837f1bf5855de69840030b7"
    }
  },
  "raw_response_files": [
    "data/raw/primary_market/raw/iopv/20260818/20260818T141023_538035+0800.json"
  ],
  "governance": {
    "use_as_trading_signal": false,
    "automatic_ordering_authorized": false,
    "note": "当前只采集和纸面验证；未通过前向门槛前不得映射实盘仓位。"
  }
}
{
  "status": "PASS",
  "checked_at": "2026-08-18T14:11:27.245316+08:00",
  "collector": {
    "collector_id": "510300_PRIMARY_SECONDARY_FORWARD_V1",
    "symbol": "510300.SH",
    "fund_code": "510300",
    "timezone": "Asia/Shanghai",
    "timeout_seconds": 15,
    "observation_interval_seconds": 60,
    "collection_start_time": "09:30:00",
    "collection_end_time": "15:00:00",
    "collection_sessions": [
      [
        "09:30:00",
        "11:30:00"
      ],
      [
        "13:00:00",
        "15:00:00"
      ]
    ],
    "evidence_scope": "仅从实际接入日起的前向数据，不回填历史IOPV"
  },
  "checks": {
    "same_fund_code": true,
    "same_trade_date": true,
    "iopv_publication_enabled": true,
    "positive_iopv": true,
    "positive_last_price": true,
    "positive_creation_unit": true,
    "snapshot_fresh_during_collection_session": true
  },
  "freshness": {
    "during_collection_session": true,
    "clock_delay_seconds": 0.245316,
    "maximum_allowed_seconds_during_session": 180.0
  },
  "latest_pcf": {
    "trading_day": "2026-08-18",
    "previous_trading_day": "2026-08-17",
    "fund_code": "510300",
    "fund_name": "华泰柏瑞沪深300交易型开放式指数证券投资基金",
    "fund_company": "华泰柏瑞基金管理有限公司",
    "file_id": "1465021",
    "etf_type": "8",
    "nav": 4.8038,
    "nav_per_creation_unit": 4323446.47,
    "previous_cash_component": 108343.47,
    "estimated_cash_component": 108377.47,
    "maximum_cash_ratio": 0.5,
    "creation_redemption_unit": 900000,
    "component_count": 300,
    "publish_iopv": true,
    "creation_redemption_status": "申购和赎回皆允许",
    "creation_redemption_mechanism": "1",
    "creation_limit": null,
    "redemption_limit": 3600000000.0,
    "net_creation_limit": null,
    "net_redemption_limit": null,
    "creation_limit_per_account": null,
    "redemption_limit_per_account": null,
    "net_creation_limit_per_account": null,
    "net_redemption_limit_per_account": null,
    "source": "sse.COMMON_SSE_CP_JJLB_ETFJJGK_GGSGSHQD_JBXX_C",
    "retrieved_at": "2026-08-18T09:30:05.929758+08:00"
  },
  "latest_iopv": {
    "exchange_timestamp": "2026-08-18 14:11:27",
    "trade_date": "2026-08-18",
    "fund_code": "510300",
    "name": "300ETF",
    "extended_name": "沪深300ETF华泰柏瑞",
    "last_price": 4.764,
    "iopv": 4.7667,
    "premium_discount_bps": -5.664296053873308,
    "change_rate_pct": -0.77,
    "change_cny": -0.037,
    "open": 4.794,
    "previous_close": 4.801,
    "high": 4.803,
    "low": 4.751,
    "volume_shares": 573981343.0,
    "amount_cny": 2743296680.0,
    "trade_phase_raw": "T111    ",
    "post_close_volume_shares": 0.0,
    "post_close_amount_cny": 0.0,
    "post_close_phase_raw": "A1      ",
    "product_subtype": "EBS",
    "source": "sse.yunhq.sh1.snap",
    "retrieved_at": "2026-08-18T14:11:27.206700+08:00"
  },
  "account_feasibility": {
    "reference_account_cny": 20000.0,
    "creation_unit_notional_cny": 4287600.0,
    "can_directly_create_or_redeem": false,
    "intended_use": "只用PCF和IOPV观察一级市场吸收状态，在二级市场交易510300"
  },
  "storage": {
    "pcf": {
      "file": "data/raw/primary_market/510300_pcf_daily.parquet",
      "row_count": 4,
      "first_key": "2026-08-13",
      "last_key": "2026-08-18",
      "sha256": "829c810ec802ff72ad6532eb5255f25a98fef36cad8dec5db46c14c5e37dac65"
    },
    "iopv": {
      "file": "data/raw/primary_market/510300_iopv_snapshots.parquet",
      "row_count": 343,
      "first_key": "2026-08-13 16:29:06",
      "last_key": "2026-08-18 14:11:27",
      "sha256": "80072a06b52f717dbea71b7c1869de1899ea07aeac16c398fc847629aca42d39"
    }
  },
  "raw_response_files": [
    "data/raw/primary_market/raw/iopv/20260818/20260818T141125_967863+0800.json"
  ],
  "governance": {
    "use_as_trading_signal": false,
    "automatic_ordering_authorized": false,
    "note": "当前只采集和纸面验证；未通过前向门槛前不得映射实盘仓位。"
  }
}
{
  "status": "PASS",
  "checked_at": "2026-08-18T14:12:28.825430+08:00",
  "collector": {
    "collector_id": "510300_PRIMARY_SECONDARY_FORWARD_V1",
    "symbol": "510300.SH",
    "fund_code": "510300",
    "timezone": "Asia/Shanghai",
    "timeout_seconds": 15,
    "observation_interval_seconds": 60,
    "collection_start_time": "09:30:00",
    "collection_end_time": "15:00:00",
    "collection_sessions": [
      [
        "09:30:00",
        "11:30:00"
      ],
      [
        "13:00:00",
        "15:00:00"
      ]
    ],
    "evidence_scope": "仅从实际接入日起的前向数据，不回填历史IOPV"
  },
  "checks": {
    "same_fund_code": true,
    "same_trade_date": true,
    "iopv_publication_enabled": true,
    "positive_iopv": true,
    "positive_last_price": true,
    "positive_creation_unit": true,
    "snapshot_fresh_during_collection_session": true
  },
  "freshness": {
    "during_collection_session": true,
    "clock_delay_seconds": 0.82543,
    "maximum_allowed_seconds_during_session": 180.0
  },
  "latest_pcf": {
    "trading_day": "2026-08-18",
    "previous_trading_day": "2026-08-17",
    "fund_code": "510300",
    "fund_name": "华泰柏瑞沪深300交易型开放式指数证券投资基金",
    "fund_company": "华泰柏瑞基金管理有限公司",
    "file_id": "1465021",
    "etf_type": "8",
    "nav": 4.8038,
    "nav_per_creation_unit": 4323446.47,
    "previous_cash_component": 108343.47,
    "estimated_cash_component": 108377.47,
    "maximum_cash_ratio": 0.5,
    "creation_redemption_unit": 900000,
    "component_count": 300,
    "publish_iopv": true,
    "creation_redemption_status": "申购和赎回皆允许",
    "creation_redemption_mechanism": "1",
    "creation_limit": null,
    "redemption_limit": 3600000000.0,
    "net_creation_limit": null,
    "net_redemption_limit": null,
    "creation_limit_per_account": null,
    "redemption_limit_per_account": null,
    "net_creation_limit_per_account": null,
    "net_redemption_limit_per_account": null,
    "source": "sse.COMMON_SSE_CP_JJLB_ETFJJGK_GGSGSHQD_JBXX_C",
    "retrieved_at": "2026-08-18T09:30:05.929758+08:00"
  },
  "latest_iopv": {
    "exchange_timestamp": "2026-08-18 14:12:28",
    "trade_date": "2026-08-18",
    "fund_code": "510300",
    "name": "300ETF",
    "extended_name": "沪深300ETF华泰柏瑞",
    "last_price": 4.764,
    "iopv": 4.7688,
    "premium_discount_bps": -10.065425264216277,
    "change_rate_pct": -0.77,
    "change_cny": -0.037,
    "open": 4.794,
    "previous_close": 4.801,
    "high": 4.803,
    "low": 4.751,
    "volume_shares": 575273243.0,
    "amount_cny": 2749452063.0,
    "trade_phase_raw": "T111    ",
    "post_close_volume_shares": 0.0,
    "post_close_amount_cny": 0.0,
    "post_close_phase_raw": "A1      ",
    "product_subtype": "EBS",
    "source": "sse.yunhq.sh1.snap",
    "retrieved_at": "2026-08-18T14:12:28.785410+08:00"
  },
  "account_feasibility": {
    "reference_account_cny": 20000.0,
    "creation_unit_notional_cny": 4287600.0,
    "can_directly_create_or_redeem": false,
    "intended_use": "只用PCF和IOPV观察一级市场吸收状态，在二级市场交易510300"
  },
  "storage": {
    "pcf": {
      "file": "data/raw/primary_market/510300_pcf_daily.parquet",
      "row_count": 4,
      "first_key": "2026-08-13",
      "last_key": "2026-08-18",
      "sha256": "829c810ec802ff72ad6532eb5255f25a98fef36cad8dec5db46c14c5e37dac65"
    },
    "iopv": {
      "file": "data/raw/primary_market/510300_iopv_snapshots.parquet",
      "row_count": 344,
      "first_key": "2026-08-13 16:29:06",
      "last_key": "2026-08-18 14:12:28",
      "sha256": "47e3ae82f2977cfddde425c39b543bc756c4073b46b74d6ce60e83633f5ff95e"
    }
  },
  "raw_response_files": [
    "data/raw/primary_market/raw/iopv/20260818/20260818T141227_247186+0800.json"
  ],
  "governance": {
    "use_as_trading_signal": false,
    "automatic_ordering_authorized": false,
    "note": "当前只采集和纸面验证；未通过前向门槛前不得映射实盘仓位。"
  }
}
{
  "status": "PASS",
  "checked_at": "2026-08-18T14:13:31.175856+08:00",
  "collector": {
    "collector_id": "510300_PRIMARY_SECONDARY_FORWARD_V1",
    "symbol": "510300.SH",
    "fund_code": "510300",
    "timezone": "Asia/Shanghai",
    "timeout_seconds": 15,
    "observation_interval_seconds": 60,
    "collection_start_time": "09:30:00",
    "collection_end_time": "15:00:00",
    "collection_sessions": [
      [
        "09:30:00",
        "11:30:00"
      ],
      [
        "13:00:00",
        "15:00:00"
      ]
    ],
    "evidence_scope": "仅从实际接入日起的前向数据，不回填历史IOPV"
  },
  "checks": {
    "same_fund_code": true,
    "same_trade_date": true,
    "iopv_publication_enabled": true,
    "positive_iopv": true,
    "positive_last_price": true,
    "positive_creation_unit": true,
    "snapshot_fresh_during_collection_session": true
  },
  "freshness": {
    "during_collection_session": true,
    "clock_delay_seconds": 1.175856,
    "maximum_allowed_seconds_during_session": 180.0
  },
  "latest_pcf": {
    "trading_day": "2026-08-18",
    "previous_trading_day": "2026-08-17",
    "fund_code": "510300",
    "fund_name": "华泰柏瑞沪深300交易型开放式指数证券投资基金",
    "fund_company": "华泰柏瑞基金管理有限公司",
    "file_id": "1465021",
    "etf_type": "8",
    "nav": 4.8038,
    "nav_per_creation_unit": 4323446.47,
    "previous_cash_component": 108343.47,
    "estimated_cash_component": 108377.47,
    "maximum_cash_ratio": 0.5,
    "creation_redemption_unit": 900000,
    "component_count": 300,
    "publish_iopv": true,
    "creation_redemption_status": "申购和赎回皆允许",
    "creation_redemption_mechanism": "1",
    "creation_limit": null,
    "redemption_limit": 3600000000.0,
    "net_creation_limit": null,
    "net_redemption_limit": null,
    "creation_limit_per_account": null,
    "redemption_limit_per_account": null,
    "net_creation_limit_per_account": null,
    "net_redemption_limit_per_account": null,
    "source": "sse.COMMON_SSE_CP_JJLB_ETFJJGK_GGSGSHQD_JBXX_C",
    "retrieved_at": "2026-08-18T09:30:05.929758+08:00"
  },
  "latest_iopv": {
    "exchange_timestamp": "2026-08-18 14:13:30",
    "trade_date": "2026-08-18",
    "fund_code": "510300",
    "name": "300ETF",
    "extended_name": "沪深300ETF华泰柏瑞",
    "last_price": 4.767,
    "iopv": 4.7693,
    "premium_discount_bps": -4.822510640974942,
    "change_rate_pct": -0.71,
    "change_cny": -0.034,
    "open": 4.794,
    "previous_close": 4.801,
    "high": 4.803,
    "low": 4.751,
    "volume_shares": 576800043.0,
    "amount_cny": 2756727491.0,
    "trade_phase_raw": "T111    ",
    "post_close_volume_shares": 0.0,
    "post_close_amount_cny": 0.0,
    "post_close_phase_raw": "A1      ",
    "product_subtype": "EBS",
    "source": "sse.yunhq.sh1.snap",
    "retrieved_at": "2026-08-18T14:13:31.134661+08:00"
  },
  "account_feasibility": {
    "reference_account_cny": 20000.0,
    "creation_unit_notional_cny": 4290300.0,
    "can_directly_create_or_redeem": false,
    "intended_use": "只用PCF和IOPV观察一级市场吸收状态，在二级市场交易510300"
  },
  "storage": {
    "pcf": {
      "file": "data/raw/primary_market/510300_pcf_daily.parquet",
      "row_count": 4,
      "first_key": "2026-08-13",
      "last_key": "2026-08-18",
      "sha256": "829c810ec802ff72ad6532eb5255f25a98fef36cad8dec5db46c14c5e37dac65"
    },
    "iopv": {
      "file": "data/raw/primary_market/510300_iopv_snapshots.parquet",
      "row_count": 345,
      "first_key": "2026-08-13 16:29:06",
      "last_key": "2026-08-18 14:13:30",
      "sha256": "c37355daa3552f6399df80d192ea9cb030c9ccc5f45dba358a5c361cbe03f7a1"
    }
  },
  "raw_response_files": [
    "data/raw/primary_market/raw/iopv/20260818/20260818T141328_828498+0800.json"
  ],
  "governance": {
    "use_as_trading_signal": false,
    "automatic_ordering_authorized": false,
    "note": "当前只采集和纸面验证；未通过前向门槛前不得映射实盘仓位。"
  }
}
{
  "status": "PASS",
  "checked_at": "2026-08-18T14:14:32.695177+08:00",
  "collector": {
    "collector_id": "510300_PRIMARY_SECONDARY_FORWARD_V1",
    "symbol": "510300.SH",
    "fund_code": "510300",
    "timezone": "Asia/Shanghai",
    "timeout_seconds": 15,
    "observation_interval_seconds": 60,
    "collection_start_time": "09:30:00",
    "collection_end_time": "15:00:00",
    "collection_sessions": [
      [
        "09:30:00",
        "11:30:00"
      ],
      [
        "13:00:00",
        "15:00:00"
      ]
    ],
    "evidence_scope": "仅从实际接入日起的前向数据，不回填历史IOPV"
  },
  "checks": {
    "same_fund_code": true,
    "same_trade_date": true,
    "iopv_publication_enabled": true,
    "positive_iopv": true,
    "positive_last_price": true,
    "positive_creation_unit": true,
    "snapshot_fresh_during_collection_session": true
  },
  "freshness": {
    "during_collection_session": true,
    "clock_delay_seconds": 0.695177,
    "maximum_allowed_seconds_during_session": 180.0
  },
  "latest_pcf": {
    "trading_day": "2026-08-18",
    "previous_trading_day": "2026-08-17",
    "fund_code": "510300",
    "fund_name": "华泰柏瑞沪深300交易型开放式指数证券投资基金",
    "fund_company": "华泰柏瑞基金管理有限公司",
    "file_id": "1465021",
    "etf_type": "8",
    "nav": 4.8038,
    "nav_per_creation_unit": 4323446.47,
    "previous_cash_component": 108343.47,
    "estimated_cash_component": 108377.47,
    "maximum_cash_ratio": 0.5,
    "creation_redemption_unit": 900000,
    "component_count": 300,
    "publish_iopv": true,
    "creation_redemption_status": "申购和赎回皆允许",
    "creation_redemption_mechanism": "1",
    "creation_limit": null,
    "redemption_limit": 3600000000.0,
    "net_creation_limit": null,
    "net_redemption_limit": null,
    "creation_limit_per_account": null,
    "redemption_limit_per_account": null,
    "net_creation_limit_per_account": null,
    "net_redemption_limit_per_account": null,
    "source": "sse.COMMON_SSE_CP_JJLB_ETFJJGK_GGSGSHQD_JBXX_C",
    "retrieved_at": "2026-08-18T09:30:05.929758+08:00"
  },
  "latest_iopv": {
    "exchange_timestamp": "2026-08-18 14:14:32",
    "trade_date": "2026-08-18",
    "fund_code": "510300",
    "name": "300ETF",
    "extended_name": "沪深300ETF华泰柏瑞",
    "last_price": 4.768,
    "iopv": 4.7702,
    "premium_discount_bps": -4.611965955306774,
    "change_rate_pct": -0.69,
    "change_cny": -0.033,
    "open": 4.794,
    "previous_close": 4.801,
    "high": 4.803,
    "low": 4.751,
    "volume_shares": 577352843.0,
    "amount_cny": 2759362336.0,
    "trade_phase_raw": "T111    ",
    "post_close_volume_shares": 0.0,
    "post_close_amount_cny": 0.0,
    "post_close_phase_raw": "A1      ",
    "product_subtype": "EBS",
    "source": "sse.yunhq.sh1.snap",
    "retrieved_at": "2026-08-18T14:14:32.656745+08:00"
  },
  "account_feasibility": {
    "reference_account_cny": 20000.0,
    "creation_unit_notional_cny": 4291200.0,
    "can_directly_create_or_redeem": false,
    "intended_use": "只用PCF和IOPV观察一级市场吸收状态，在二级市场交易510300"
  },
  "storage": {
    "pcf": {
      "file": "data/raw/primary_market/510300_pcf_daily.parquet",
      "row_count": 4,
      "first_key": "2026-08-13",
      "last_key": "2026-08-18",
      "sha256": "829c810ec802ff72ad6532eb5255f25a98fef36cad8dec5db46c14c5e37dac65"
    },
    "iopv": {
      "file": "data/raw/primary_market/510300_iopv_snapshots.parquet",
      "row_count": 346,
      "first_key": "2026-08-13 16:29:06",
      "last_key": "2026-08-18 14:14:32",
      "sha256": "e586c4b5f474e7a5c5e43d4bcf42d6857851d6225c815941c4dc83299ea056b5"
    }
  },
  "raw_response_files": [
    "data/raw/primary_market/raw/iopv/20260818/20260818T141431_178574+0800.json"
  ],
  "governance": {
    "use_as_trading_signal": false,
    "automatic_ordering_authorized": false,
    "note": "当前只采集和纸面验证；未通过前向门槛前不得映射实盘仓位。"
  }
}
{
  "status": "PASS",
  "checked_at": "2026-08-18T14:15:34.254579+08:00",
  "collector": {
    "collector_id": "510300_PRIMARY_SECONDARY_FORWARD_V1",
    "symbol": "510300.SH",
    "fund_code": "510300",
    "timezone": "Asia/Shanghai",
    "timeout_seconds": 15,
    "observation_interval_seconds": 60,
    "collection_start_time": "09:30:00",
    "collection_end_time": "15:00:00",
    "collection_sessions": [
      [
        "09:30:00",
        "11:30:00"
      ],
      [
        "13:00:00",
        "15:00:00"
      ]
    ],
    "evidence_scope": "仅从实际接入日起的前向数据，不回填历史IOPV"
  },
  "checks": {
    "same_fund_code": true,
    "same_trade_date": true,
    "iopv_publication_enabled": true,
    "positive_iopv": true,
    "positive_last_price": true,
    "positive_creation_unit": true,
    "snapshot_fresh_during_collection_session": true
  },
  "freshness": {
    "during_collection_session": true,
    "clock_delay_seconds": 0.254579,
    "maximum_allowed_seconds_during_session": 180.0
  },
  "latest_pcf": {
    "trading_day": "2026-08-18",
    "previous_trading_day": "2026-08-17",
    "fund_code": "510300",
    "fund_name": "华泰柏瑞沪深300交易型开放式指数证券投资基金",
    "fund_company": "华泰柏瑞基金管理有限公司",
    "file_id": "1465021",
    "etf_type": "8",
    "nav": 4.8038,
    "nav_per_creation_unit": 4323446.47,
    "previous_cash_component": 108343.47,
    "estimated_cash_component": 108377.47,
    "maximum_cash_ratio": 0.5,
    "creation_redemption_unit": 900000,
    "component_count": 300,
    "publish_iopv": true,
    "creation_redemption_status": "申购和赎回皆允许",
    "creation_redemption_mechanism": "1",
    "creation_limit": null,
    "redemption_limit": 3600000000.0,
    "net_creation_limit": null,
    "net_redemption_limit": null,
    "creation_limit_per_account": null,
    "redemption_limit_per_account": null,
    "net_creation_limit_per_account": null,
    "net_redemption_limit_per_account": null,
    "source": "sse.COMMON_SSE_CP_JJLB_ETFJJGK_GGSGSHQD_JBXX_C",
    "retrieved_at": "2026-08-18T09:30:05.929758+08:00"
  },
  "latest_iopv": {
    "exchange_timestamp": "2026-08-18 14:15:34",
    "trade_date": "2026-08-18",
    "fund_code": "510300",
    "name": "300ETF",
    "extended_name": "沪深300ETF华泰柏瑞",
    "last_price": 4.767,
    "iopv": 4.7694,
    "premium_discount_bps": -5.032079506855913,
    "change_rate_pct": -0.71,
    "change_cny": -0.034,
    "open": 4.794,
    "previous_close": 4.801,
    "high": 4.803,
    "low": 4.751,
    "volume_shares": 577722143.0,
    "amount_cny": 2761122833.0,
    "trade_phase_raw": "T111    ",
    "post_close_volume_shares": 0.0,
    "post_close_amount_cny": 0.0,
    "post_close_phase_raw": "A1      ",
    "product_subtype": "EBS",
    "source": "sse.yunhq.sh1.snap",
    "retrieved_at": "2026-08-18T14:15:34.218401+08:00"
  },
  "account_feasibility": {
    "reference_account_cny": 20000.0,
    "creation_unit_notional_cny": 4290300.0,
    "can_directly_create_or_redeem": false,
    "intended_use": "只用PCF和IOPV观察一级市场吸收状态，在二级市场交易510300"
  },
  "storage": {
    "pcf": {
      "file": "data/raw/primary_market/510300_pcf_daily.parquet",
      "row_count": 4,
      "first_key": "2026-08-13",
      "last_key": "2026-08-18",
      "sha256": "829c810ec802ff72ad6532eb5255f25a98fef36cad8dec5db46c14c5e37dac65"
    },
    "iopv": {
      "file": "data/raw/primary_market/510300_iopv_snapshots.parquet",
      "row_count": 347,
      "first_key": "2026-08-13 16:29:06",
      "last_key": "2026-08-18 14:15:34",
      "sha256": "036cb048cf75d4e7e35b528293f3b41c0b2b9f475fa41894054538db38a87c13"
    }
  },
  "raw_response_files": [
    "data/raw/primary_market/raw/iopv/20260818/20260818T141532_698244+0800.json"
  ],
  "governance": {
    "use_as_trading_signal": false,
    "automatic_ordering_authorized": false,
    "note": "当前只采集和纸面验证；未通过前向门槛前不得映射实盘仓位。"
  }
}
{
  "status": "PASS",
  "checked_at": "2026-08-18T14:16:37.840339+08:00",
  "collector": {
    "collector_id": "510300_PRIMARY_SECONDARY_FORWARD_V1",
    "symbol": "510300.SH",
    "fund_code": "510300",
    "timezone": "Asia/Shanghai",
    "timeout_seconds": 15,
    "observation_interval_seconds": 60,
    "collection_start_time": "09:30:00",
    "collection_end_time": "15:00:00",
    "collection_sessions": [
      [
        "09:30:00",
        "11:30:00"
      ],
      [
        "13:00:00",
        "15:00:00"
      ]
    ],
    "evidence_scope": "仅从实际接入日起的前向数据，不回填历史IOPV"
  },
  "checks": {
    "same_fund_code": true,
    "same_trade_date": true,
    "iopv_publication_enabled": true,
    "positive_iopv": true,
    "positive_last_price": true,
    "positive_creation_unit": true,
    "snapshot_fresh_during_collection_session": true
  },
  "freshness": {
    "during_collection_session": true,
    "clock_delay_seconds": 0.840339,
    "maximum_allowed_seconds_during_session": 180.0
  },
  "latest_pcf": {
    "trading_day": "2026-08-18",
    "previous_trading_day": "2026-08-17",
    "fund_code": "510300",
    "fund_name": "华泰柏瑞沪深300交易型开放式指数证券投资基金",
    "fund_company": "华泰柏瑞基金管理有限公司",
    "file_id": "1465021",
    "etf_type": "8",
    "nav": 4.8038,
    "nav_per_creation_unit": 4323446.47,
    "previous_cash_component": 108343.47,
    "estimated_cash_component": 108377.47,
    "maximum_cash_ratio": 0.5,
    "creation_redemption_unit": 900000,
    "component_count": 300,
    "publish_iopv": true,
    "creation_redemption_status": "申购和赎回皆允许",
    "creation_redemption_mechanism": "1",
    "creation_limit": null,
    "redemption_limit": 3600000000.0,
    "net_creation_limit": null,
    "net_redemption_limit": null,
    "creation_limit_per_account": null,
    "redemption_limit_per_account": null,
    "net_creation_limit_per_account": null,
    "net_redemption_limit_per_account": null,
    "source": "sse.COMMON_SSE_CP_JJLB_ETFJJGK_GGSGSHQD_JBXX_C",
    "retrieved_at": "2026-08-18T09:30:05.929758+08:00"
  },
  "latest_iopv": {
    "exchange_timestamp": "2026-08-18 14:16:37",
    "trade_date": "2026-08-18",
    "fund_code": "510300",
    "name": "300ETF",
    "extended_name": "沪深300ETF华泰柏瑞",
    "last_price": 4.766,
    "iopv": 4.768,
    "premium_discount_bps": -4.19463087248273,
    "change_rate_pct": -0.73,
    "change_cny": -0.035,
    "open": 4.794,
    "previous_close": 4.801,
    "high": 4.803,
    "low": 4.751,
    "volume_shares": 578394843.0,
    "amount_cny": 2764328726.0,
    "trade_phase_raw": "T111    ",
    "post_close_volume_shares": 0.0,
    "post_close_amount_cny": 0.0,
    "post_close_phase_raw": "A1      ",
    "product_subtype": "EBS",
    "source": "sse.yunhq.sh1.snap",
    "retrieved_at": "2026-08-18T14:16:37.802989+08:00"
  },
  "account_feasibility": {
    "reference_account_cny": 20000.0,
    "creation_unit_notional_cny": 4289400.0,
    "can_directly_create_or_redeem": false,
    "intended_use": "只用PCF和IOPV观察一级市场吸收状态，在二级市场交易510300"
  },
  "storage": {
    "pcf": {
      "file": "data/raw/primary_market/510300_pcf_daily.parquet",
      "row_count": 4,
      "first_key": "2026-08-13",
      "last_key": "2026-08-18",
      "sha256": "829c810ec802ff72ad6532eb5255f25a98fef36cad8dec5db46c14c5e37dac65"
    },
    "iopv": {
      "file": "data/raw/primary_market/510300_iopv_snapshots.parquet",
      "row_count": 348,
      "first_key": "2026-08-13 16:29:06",
      "last_key": "2026-08-18 14:16:37",
      "sha256": "d583c6a2124312a4513a402e6e0ea4a44a001e22d54aeb8e59dc325fcab84fff"
    }
  },
  "raw_response_files": [
    "data/raw/primary_market/raw/iopv/20260818/20260818T141634_257493+0800.json"
  ],
  "governance": {
    "use_as_trading_signal": false,
    "automatic_ordering_authorized": false,
    "note": "当前只采集和纸面验证；未通过前向门槛前不得映射实盘仓位。"
  }
}
{
  "status": "PASS",
  "checked_at": "2026-08-18T14:17:39.673054+08:00",
  "collector": {
    "collector_id": "510300_PRIMARY_SECONDARY_FORWARD_V1",
    "symbol": "510300.SH",
    "fund_code": "510300",
    "timezone": "Asia/Shanghai",
    "timeout_seconds": 15,
    "observation_interval_seconds": 60,
    "collection_start_time": "09:30:00",
    "collection_end_time": "15:00:00",
    "collection_sessions": [
      [
        "09:30:00",
        "11:30:00"
      ],
      [
        "13:00:00",
        "15:00:00"
      ]
    ],
    "evidence_scope": "仅从实际接入日起的前向数据，不回填历史IOPV"
  },
  "checks": {
    "same_fund_code": true,
    "same_trade_date": true,
    "iopv_publication_enabled": true,
    "positive_iopv": true,
    "positive_last_price": true,
    "positive_creation_unit": true,
    "snapshot_fresh_during_collection_session": true
  },
  "freshness": {
    "during_collection_session": true,
    "clock_delay_seconds": 0.673054,
    "maximum_allowed_seconds_during_session": 180.0
  },
  "latest_pcf": {
    "trading_day": "2026-08-18",
    "previous_trading_day": "2026-08-17",
    "fund_code": "510300",
    "fund_name": "华泰柏瑞沪深300交易型开放式指数证券投资基金",
    "fund_company": "华泰柏瑞基金管理有限公司",
    "file_id": "1465021",
    "etf_type": "8",
    "nav": 4.8038,
    "nav_per_creation_unit": 4323446.47,
    "previous_cash_component": 108343.47,
    "estimated_cash_component": 108377.47,
    "maximum_cash_ratio": 0.5,
    "creation_redemption_unit": 900000,
    "component_count": 300,
    "publish_iopv": true,
    "creation_redemption_status": "申购和赎回皆允许",
    "creation_redemption_mechanism": "1",
    "creation_limit": null,
    "redemption_limit": 3600000000.0,
    "net_creation_limit": null,
    "net_redemption_limit": null,
    "creation_limit_per_account": null,
    "redemption_limit_per_account": null,
    "net_creation_limit_per_account": null,
    "net_redemption_limit_per_account": null,
    "source": "sse.COMMON_SSE_CP_JJLB_ETFJJGK_GGSGSHQD_JBXX_C",
    "retrieved_at": "2026-08-18T09:30:05.929758+08:00"
  },
  "latest_iopv": {
    "exchange_timestamp": "2026-08-18 14:17:39",
    "trade_date": "2026-08-18",
    "fund_code": "510300",
    "name": "300ETF",
    "extended_name": "沪深300ETF华泰柏瑞",
    "last_price": 4.765,
    "iopv": 4.7691,
    "premium_discount_bps": -8.597009918014376,
    "change_rate_pct": -0.75,
    "change_cny": -0.036,
    "open": 4.794,
    "previous_close": 4.801,
    "high": 4.803,
    "low": 4.751,
    "volume_shares": 578801543.0,
    "amount_cny": 2766266664.0,
    "trade_phase_raw": "T111    ",
    "post_close_volume_shares": 0.0,
    "post_close_amount_cny": 0.0,
    "post_close_phase_raw": "A1      ",
    "product_subtype": "EBS",
    "source": "sse.yunhq.sh1.snap",
    "retrieved_at": "2026-08-18T14:17:39.635500+08:00"
  },
  "account_feasibility": {
    "reference_account_cny": 20000.0,
    "creation_unit_notional_cny": 4288500.0,
    "can_directly_create_or_redeem": false,
    "intended_use": "只用PCF和IOPV观察一级市场吸收状态，在二级市场交易510300"
  },
  "storage": {
    "pcf": {
      "file": "data/raw/primary_market/510300_pcf_daily.parquet",
      "row_count": 4,
      "first_key": "2026-08-13",
      "last_key": "2026-08-18",
      "sha256": "829c810ec802ff72ad6532eb5255f25a98fef36cad8dec5db46c14c5e37dac65"
    },
    "iopv": {
      "file": "data/raw/primary_market/510300_iopv_snapshots.parquet",
      "row_count": 349,
      "first_key": "2026-08-13 16:29:06",
      "last_key": "2026-08-18 14:17:39",
      "sha256": "96c2404329de072b963e19e7df39bb3dc845dec9e5a414c4aeb7c155d114d958"
    }
  },
  "raw_response_files": [
    "data/raw/primary_market/raw/iopv/20260818/20260818T141737_843705+0800.json"
  ],
  "governance": {
    "use_as_trading_signal": false,
    "automatic_ordering_authorized": false,
    "note": "当前只采集和纸面验证；未通过前向门槛前不得映射实盘仓位。"
  }
}
{
  "status": "PASS",
  "checked_at": "2026-08-18T14:18:41.134559+08:00",
  "collector": {
    "collector_id": "510300_PRIMARY_SECONDARY_FORWARD_V1",
    "symbol": "510300.SH",
    "fund_code": "510300",
    "timezone": "Asia/Shanghai",
    "timeout_seconds": 15,
    "observation_interval_seconds": 60,
    "collection_start_time": "09:30:00",
    "collection_end_time": "15:00:00",
    "collection_sessions": [
      [
        "09:30:00",
        "11:30:00"
      ],
      [
        "13:00:00",
        "15:00:00"
      ]
    ],
    "evidence_scope": "仅从实际接入日起的前向数据，不回填历史IOPV"
  },
  "checks": {
    "same_fund_code": true,
    "same_trade_date": true,
    "iopv_publication_enabled": true,
    "positive_iopv": true,
    "positive_last_price": true,
    "positive_creation_unit": true,
    "snapshot_fresh_during_collection_session": true
  },
  "freshness": {
    "during_collection_session": true,
    "clock_delay_seconds": 1.134559,
    "maximum_allowed_seconds_during_session": 180.0
  },
  "latest_pcf": {
    "trading_day": "2026-08-18",
    "previous_trading_day": "2026-08-17",
    "fund_code": "510300",
    "fund_name": "华泰柏瑞沪深300交易型开放式指数证券投资基金",
    "fund_company": "华泰柏瑞基金管理有限公司",
    "file_id": "1465021",
    "etf_type": "8",
    "nav": 4.8038,
    "nav_per_creation_unit": 4323446.47,
    "previous_cash_component": 108343.47,
    "estimated_cash_component": 108377.47,
    "maximum_cash_ratio": 0.5,
    "creation_redemption_unit": 900000,
    "component_count": 300,
    "publish_iopv": true,
    "creation_redemption_status": "申购和赎回皆允许",
    "creation_redemption_mechanism": "1",
    "creation_limit": null,
    "redemption_limit": 3600000000.0,
    "net_creation_limit": null,
    "net_redemption_limit": null,
    "creation_limit_per_account": null,
    "redemption_limit_per_account": null,
    "net_creation_limit_per_account": null,
    "net_redemption_limit_per_account": null,
    "source": "sse.COMMON_SSE_CP_JJLB_ETFJJGK_GGSGSHQD_JBXX_C",
    "retrieved_at": "2026-08-18T09:30:05.929758+08:00"
  },
  "latest_iopv": {
    "exchange_timestamp": "2026-08-18 14:18:40",
    "trade_date": "2026-08-18",
    "fund_code": "510300",
    "name": "300ETF",
    "extended_name": "沪深300ETF华泰柏瑞",
    "last_price": 4.767,
    "iopv": 4.7691,
    "premium_discount_bps": -4.403346543372377,
    "change_rate_pct": -0.71,
    "change_cny": -0.034,
    "open": 4.794,
    "previous_close": 4.801,
    "high": 4.803,
    "low": 4.751,
    "volume_shares": 579424843.0,
    "amount_cny": 2769237280.0,
    "trade_phase_raw": "T111    ",
    "post_close_volume_shares": 0.0,
    "post_close_amount_cny": 0.0,
    "post_close_phase_raw": "A1      ",
    "product_subtype": "EBS",
    "source": "sse.yunhq.sh1.snap",
    "retrieved_at": "2026-08-18T14:18:41.094088+08:00"
  },
  "account_feasibility": {
    "reference_account_cny": 20000.0,
    "creation_unit_notional_cny": 4290300.0,
    "can_directly_create_or_redeem": false,
    "intended_use": "只用PCF和IOPV观察一级市场吸收状态，在二级市场交易510300"
  },
  "storage": {
    "pcf": {
      "file": "data/raw/primary_market/510300_pcf_daily.parquet",
      "row_count": 4,
      "first_key": "2026-08-13",
      "last_key": "2026-08-18",
      "sha256": "829c810ec802ff72ad6532eb5255f25a98fef36cad8dec5db46c14c5e37dac65"
    },
    "iopv": {
      "file": "data/raw/primary_market/510300_iopv_snapshots.parquet",
      "row_count": 350,
      "first_key": "2026-08-13 16:29:06",
      "last_key": "2026-08-18 14:18:40",
      "sha256": "d624fc5c3331445aa92ce23cf3a6ebcaf87b24088ad3fd16d6054fae1923d515"
    }
  },
  "raw_response_files": [
    "data/raw/primary_market/raw/iopv/20260818/20260818T141839_675266+0800.json"
  ],
  "governance": {
    "use_as_trading_signal": false,
    "automatic_ordering_authorized": false,
    "note": "当前只采集和纸面验证；未通过前向门槛前不得映射实盘仓位。"
  }
}
{
  "status": "PASS",
  "checked_at": "2026-08-18T14:19:43.478694+08:00",
  "collector": {
    "collector_id": "510300_PRIMARY_SECONDARY_FORWARD_V1",
    "symbol": "510300.SH",
    "fund_code": "510300",
    "timezone": "Asia/Shanghai",
    "timeout_seconds": 15,
    "observation_interval_seconds": 60,
    "collection_start_time": "09:30:00",
    "collection_end_time": "15:00:00",
    "collection_sessions": [
      [
        "09:30:00",
        "11:30:00"
      ],
      [
        "13:00:00",
        "15:00:00"
      ]
    ],
    "evidence_scope": "仅从实际接入日起的前向数据，不回填历史IOPV"
  },
  "checks": {
    "same_fund_code": true,
    "same_trade_date": true,
    "iopv_publication_enabled": true,
    "positive_iopv": true,
    "positive_last_price": true,
    "positive_creation_unit": true,
    "snapshot_fresh_during_collection_session": true
  },
  "freshness": {
    "during_collection_session": true,
    "clock_delay_seconds": 0.478694,
    "maximum_allowed_seconds_during_session": 180.0
  },
  "latest_pcf": {
    "trading_day": "2026-08-18",
    "previous_trading_day": "2026-08-17",
    "fund_code": "510300",
    "fund_name": "华泰柏瑞沪深300交易型开放式指数证券投资基金",
    "fund_company": "华泰柏瑞基金管理有限公司",
    "file_id": "1465021",
    "etf_type": "8",
    "nav": 4.8038,
    "nav_per_creation_unit": 4323446.47,
    "previous_cash_component": 108343.47,
    "estimated_cash_component": 108377.47,
    "maximum_cash_ratio": 0.5,
    "creation_redemption_unit": 900000,
    "component_count": 300,
    "publish_iopv": true,
    "creation_redemption_status": "申购和赎回皆允许",
    "creation_redemption_mechanism": "1",
    "creation_limit": null,
    "redemption_limit": 3600000000.0,
    "net_creation_limit": null,
    "net_redemption_limit": null,
    "creation_limit_per_account": null,
    "redemption_limit_per_account": null,
    "net_creation_limit_per_account": null,
    "net_redemption_limit_per_account": null,
    "source": "sse.COMMON_SSE_CP_JJLB_ETFJJGK_GGSGSHQD_JBXX_C",
    "retrieved_at": "2026-08-18T09:30:05.929758+08:00"
  },
  "latest_iopv": {
    "exchange_timestamp": "2026-08-18 14:19:43",
    "trade_date": "2026-08-18",
    "fund_code": "510300",
    "name": "300ETF",
    "extended_name": "沪深300ETF华泰柏瑞",
    "last_price": 4.768,
    "iopv": 4.771,
    "premium_discount_bps": -6.287989939216532,
    "change_rate_pct": -0.69,
    "change_cny": -0.033,
    "open": 4.794,
    "previous_close": 4.801,
    "high": 4.803,
    "low": 4.751,
    "volume_shares": 579879543.0,
    "amount_cny": 2771404766.0,
    "trade_phase_raw": "T111    ",
    "post_close_volume_shares": 0.0,
    "post_close_amount_cny": 0.0,
    "post_close_phase_raw": "A1      ",
    "product_subtype": "EBS",
    "source": "sse.yunhq.sh1.snap",
    "retrieved_at": "2026-08-18T14:19:43.440778+08:00"
  },
  "account_feasibility": {
    "reference_account_cny": 20000.0,
    "creation_unit_notional_cny": 4291200.0,
    "can_directly_create_or_redeem": false,
    "intended_use": "只用PCF和IOPV观察一级市场吸收状态，在二级市场交易510300"
  },
  "storage": {
    "pcf": {
      "file": "data/raw/primary_market/510300_pcf_daily.parquet",
      "row_count": 4,
      "first_key": "2026-08-13",
      "last_key": "2026-08-18",
      "sha256": "829c810ec802ff72ad6532eb5255f25a98fef36cad8dec5db46c14c5e37dac65"
    },
    "iopv": {
      "file": "data/raw/primary_market/510300_iopv_snapshots.parquet",
      "row_count": 351,
      "first_key": "2026-08-13 16:29:06",
      "last_key": "2026-08-18 14:19:43",
      "sha256": "bc896ea9cda9bb7abf399f55853fcfd1bb0e3016e0c736c150368ff7456b9239"
    }
  },
  "raw_response_files": [
    "data/raw/primary_market/raw/iopv/20260818/20260818T141941_137488+0800.json"
  ],
  "governance": {
    "use_as_trading_signal": false,
    "automatic_ordering_authorized": false,
    "note": "当前只采集和纸面验证；未通过前向门槛前不得映射实盘仓位。"
  }
}
{
  "status": "PASS",
  "checked_at": "2026-08-18T14:20:44.833748+08:00",
  "collector": {
    "collector_id": "510300_PRIMARY_SECONDARY_FORWARD_V1",
    "symbol": "510300.SH",
    "fund_code": "510300",
    "timezone": "Asia/Shanghai",
    "timeout_seconds": 15,
    "observation_interval_seconds": 60,
    "collection_start_time": "09:30:00",
    "collection_end_time": "15:00:00",
    "collection_sessions": [
      [
        "09:30:00",
        "11:30:00"
      ],
      [
        "13:00:00",
        "15:00:00"
      ]
    ],
    "evidence_scope": "仅从实际接入日起的前向数据，不回填历史IOPV"
  },
  "checks": {
    "same_fund_code": true,
    "same_trade_date": true,
    "iopv_publication_enabled": true,
    "positive_iopv": true,
    "positive_last_price": true,
    "positive_creation_unit": true,
    "snapshot_fresh_during_collection_session": true
  },
  "freshness": {
    "during_collection_session": true,
    "clock_delay_seconds": 0.833748,
    "maximum_allowed_seconds_during_session": 180.0
  },
  "latest_pcf": {
    "trading_day": "2026-08-18",
    "previous_trading_day": "2026-08-17",
    "fund_code": "510300",
    "fund_name": "华泰柏瑞沪深300交易型开放式指数证券投资基金",
    "fund_company": "华泰柏瑞基金管理有限公司",
    "file_id": "1465021",
    "etf_type": "8",
    "nav": 4.8038,
    "nav_per_creation_unit": 4323446.47,
    "previous_cash_component": 108343.47,
    "estimated_cash_component": 108377.47,
    "maximum_cash_ratio": 0.5,
    "creation_redemption_unit": 900000,
    "component_count": 300,
    "publish_iopv": true,
    "creation_redemption_status": "申购和赎回皆允许",
    "creation_redemption_mechanism": "1",
    "creation_limit": null,
    "redemption_limit": 3600000000.0,
    "net_creation_limit": null,
    "net_redemption_limit": null,
    "creation_limit_per_account": null,
    "redemption_limit_per_account": null,
    "net_creation_limit_per_account": null,
    "net_redemption_limit_per_account": null,
    "source": "sse.COMMON_SSE_CP_JJLB_ETFJJGK_GGSGSHQD_JBXX_C",
    "retrieved_at": "2026-08-18T09:30:05.929758+08:00"
  },
  "latest_iopv": {
    "exchange_timestamp": "2026-08-18 14:20:44",
    "trade_date": "2026-08-18",
    "fund_code": "510300",
    "name": "300ETF",
    "extended_name": "沪深300ETF华泰柏瑞",
    "last_price": 4.77,
    "iopv": 4.7729,
    "premium_discount_bps": -6.075970583921952,
    "change_rate_pct": -0.65,
    "change_cny": -0.031,
    "open": 4.794,
    "previous_close": 4.801,
    "high": 4.803,
    "low": 4.751,
    "volume_shares": 580990542.0,
    "amount_cny": 2776703340.0,
    "trade_phase_raw": "T111    ",
    "post_close_volume_shares": 0.0,
    "post_close_amount_cny": 0.0,
    "post_close_phase_raw": "A1      ",
    "product_subtype": "EBS",
    "source": "sse.yunhq.sh1.snap",
    "retrieved_at": "2026-08-18T14:20:44.797823+08:00"
  },
  "account_feasibility": {
    "reference_account_cny": 20000.0,
    "creation_unit_notional_cny": 4293000.0,
    "can_directly_create_or_redeem": false,
    "intended_use": "只用PCF和IOPV观察一级市场吸收状态，在二级市场交易510300"
  },
  "storage": {
    "pcf": {
      "file": "data/raw/primary_market/510300_pcf_daily.parquet",
      "row_count": 4,
      "first_key": "2026-08-13",
      "last_key": "2026-08-18",
      "sha256": "829c810ec802ff72ad6532eb5255f25a98fef36cad8dec5db46c14c5e37dac65"
    },
    "iopv": {
      "file": "data/raw/primary_market/510300_iopv_snapshots.parquet",
      "row_count": 352,
      "first_key": "2026-08-13 16:29:06",
      "last_key": "2026-08-18 14:20:44",
      "sha256": "447dc1727f0c6f7759c6981e5dbc08b818357add0539bfeb86c23f5fef611c0a"
    }
  },
  "raw_response_files": [
    "data/raw/primary_market/raw/iopv/20260818/20260818T142043_480540+0800.json"
  ],
  "governance": {
    "use_as_trading_signal": false,
    "automatic_ordering_authorized": false,
    "note": "当前只采集和纸面验证；未通过前向门槛前不得映射实盘仓位。"
  }
}
{
  "status": "PASS",
  "checked_at": "2026-08-18T14:21:47.379217+08:00",
  "collector": {
    "collector_id": "510300_PRIMARY_SECONDARY_FORWARD_V1",
    "symbol": "510300.SH",
    "fund_code": "510300",
    "timezone": "Asia/Shanghai",
    "timeout_seconds": 15,
    "observation_interval_seconds": 60,
    "collection_start_time": "09:30:00",
    "collection_end_time": "15:00:00",
    "collection_sessions": [
      [
        "09:30:00",
        "11:30:00"
      ],
      [
        "13:00:00",
        "15:00:00"
      ]
    ],
    "evidence_scope": "仅从实际接入日起的前向数据，不回填历史IOPV"
  },
  "checks": {
    "same_fund_code": true,
    "same_trade_date": true,
    "iopv_publication_enabled": true,
    "positive_iopv": true,
    "positive_last_price": true,
    "positive_creation_unit": true,
    "snapshot_fresh_during_collection_session": true
  },
  "freshness": {
    "during_collection_session": true,
    "clock_delay_seconds": 0.379217,
    "maximum_allowed_seconds_during_session": 180.0
  },
  "latest_pcf": {
    "trading_day": "2026-08-18",
    "previous_trading_day": "2026-08-17",
    "fund_code": "510300",
    "fund_name": "华泰柏瑞沪深300交易型开放式指数证券投资基金",
    "fund_company": "华泰柏瑞基金管理有限公司",
    "file_id": "1465021",
    "etf_type": "8",
    "nav": 4.8038,
    "nav_per_creation_unit": 4323446.47,
    "previous_cash_component": 108343.47,
    "estimated_cash_component": 108377.47,
    "maximum_cash_ratio": 0.5,
    "creation_redemption_unit": 900000,
    "component_count": 300,
    "publish_iopv": true,
    "creation_redemption_status": "申购和赎回皆允许",
    "creation_redemption_mechanism": "1",
    "creation_limit": null,
    "redemption_limit": 3600000000.0,
    "net_creation_limit": null,
    "net_redemption_limit": null,
    "creation_limit_per_account": null,
    "redemption_limit_per_account": null,
    "net_creation_limit_per_account": null,
    "net_redemption_limit_per_account": null,
    "source": "sse.COMMON_SSE_CP_JJLB_ETFJJGK_GGSGSHQD_JBXX_C",
    "retrieved_at": "2026-08-18T09:30:05.929758+08:00"
  },
  "latest_iopv": {
    "exchange_timestamp": "2026-08-18 14:21:47",
    "trade_date": "2026-08-18",
    "fund_code": "510300",
    "name": "300ETF",
    "extended_name": "沪深300ETF华泰柏瑞",
    "last_price": 4.773,
    "iopv": 4.7761,
    "premium_discount_bps": -6.490651368270539,
    "change_rate_pct": -0.58,
    "change_cny": -0.028,
    "open": 4.794,
    "previous_close": 4.801,
    "high": 4.803,
    "low": 4.751,
    "volume_shares": 582020142.0,
    "amount_cny": 2781615960.0,
    "trade_phase_raw": "T111    ",
    "post_close_volume_shares": 0.0,
    "post_close_amount_cny": 0.0,
    "post_close_phase_raw": "A1      ",
    "product_subtype": "EBS",
    "source": "sse.yunhq.sh1.snap",
    "retrieved_at": "2026-08-18T14:21:47.349318+08:00"
  },
  "account_feasibility": {
    "reference_account_cny": 20000.0,
    "creation_unit_notional_cny": 4295700.0,
    "can_directly_create_or_redeem": false,
    "intended_use": "只用PCF和IOPV观察一级市场吸收状态，在二级市场交易510300"
  },
  "storage": {
    "pcf": {
      "file": "data/raw/primary_market/510300_pcf_daily.parquet",
      "row_count": 4,
      "first_key": "2026-08-13",
      "last_key": "2026-08-18",
      "sha256": "829c810ec802ff72ad6532eb5255f25a98fef36cad8dec5db46c14c5e37dac65"
    },
    "iopv": {
      "file": "data/raw/primary_market/510300_iopv_snapshots.parquet",
      "row_count": 353,
      "first_key": "2026-08-13 16:29:06",
      "last_key": "2026-08-18 14:21:47",
      "sha256": "7e6f51c9c5a1794812b99a5c800c070af546f93d806a97b7f0436edc2826bc99"
    }
  },
  "raw_response_files": [
    "data/raw/primary_market/raw/iopv/20260818/20260818T142144_836248+0800.json"
  ],
  "governance": {
    "use_as_trading_signal": false,
    "automatic_ordering_authorized": false,
    "note": "当前只采集和纸面验证；未通过前向门槛前不得映射实盘仓位。"
  }
}
{
  "status": "PASS",
  "checked_at": "2026-08-18T14:22:48.846675+08:00",
  "collector": {
    "collector_id": "510300_PRIMARY_SECONDARY_FORWARD_V1",
    "symbol": "510300.SH",
    "fund_code": "510300",
    "timezone": "Asia/Shanghai",
    "timeout_seconds": 15,
    "observation_interval_seconds": 60,
    "collection_start_time": "09:30:00",
    "collection_end_time": "15:00:00",
    "collection_sessions": [
      [
        "09:30:00",
        "11:30:00"
      ],
      [
        "13:00:00",
        "15:00:00"
      ]
    ],
    "evidence_scope": "仅从实际接入日起的前向数据，不回填历史IOPV"
  },
  "checks": {
    "same_fund_code": true,
    "same_trade_date": true,
    "iopv_publication_enabled": true,
    "positive_iopv": true,
    "positive_last_price": true,
    "positive_creation_unit": true,
    "snapshot_fresh_during_collection_session": true
  },
  "freshness": {
    "during_collection_session": true,
    "clock_delay_seconds": 0.846675,
    "maximum_allowed_seconds_during_session": 180.0
  },
  "latest_pcf": {
    "trading_day": "2026-08-18",
    "previous_trading_day": "2026-08-17",
    "fund_code": "510300",
    "fund_name": "华泰柏瑞沪深300交易型开放式指数证券投资基金",
    "fund_company": "华泰柏瑞基金管理有限公司",
    "file_id": "1465021",
    "etf_type": "8",
    "nav": 4.8038,
    "nav_per_creation_unit": 4323446.47,
    "previous_cash_component": 108343.47,
    "estimated_cash_component": 108377.47,
    "maximum_cash_ratio": 0.5,
    "creation_redemption_unit": 900000,
    "component_count": 300,
    "publish_iopv": true,
    "creation_redemption_status": "申购和赎回皆允许",
    "creation_redemption_mechanism": "1",
    "creation_limit": null,
    "redemption_limit": 3600000000.0,
    "net_creation_limit": null,
    "net_redemption_limit": null,
    "creation_limit_per_account": null,
    "redemption_limit_per_account": null,
    "net_creation_limit_per_account": null,
    "net_redemption_limit_per_account": null,
    "source": "sse.COMMON_SSE_CP_JJLB_ETFJJGK_GGSGSHQD_JBXX_C",
    "retrieved_at": "2026-08-18T09:30:05.929758+08:00"
  },
  "latest_iopv": {
    "exchange_timestamp": "2026-08-18 14:22:48",
    "trade_date": "2026-08-18",
    "fund_code": "510300",
    "name": "300ETF",
    "extended_name": "沪深300ETF华泰柏瑞",
    "last_price": 4.775,
    "iopv": 4.778,
    "premium_discount_bps": -6.278777731266727,
    "change_rate_pct": -0.54,
    "change_cny": -0.026,
    "open": 4.794,
    "previous_close": 4.801,
    "high": 4.803,
    "low": 4.751,
    "volume_shares": 583620442.0,
    "amount_cny": 2789255525.0,
    "trade_phase_raw": "T111    ",
    "post_close_volume_shares": 0.0,
    "post_close_amount_cny": 0.0,
    "post_close_phase_raw": "A1      ",
    "product_subtype": "EBS",
    "source": "sse.yunhq.sh1.snap",
    "retrieved_at": "2026-08-18T14:22:48.804756+08:00"
  },
  "account_feasibility": {
    "reference_account_cny": 20000.0,
    "creation_unit_notional_cny": 4297500.0,
    "can_directly_create_or_redeem": false,
    "intended_use": "只用PCF和IOPV观察一级市场吸收状态，在二级市场交易510300"
  },
  "storage": {
    "pcf": {
      "file": "data/raw/primary_market/510300_pcf_daily.parquet",
      "row_count": 4,
      "first_key": "2026-08-13",
      "last_key": "2026-08-18",
      "sha256": "829c810ec802ff72ad6532eb5255f25a98fef36cad8dec5db46c14c5e37dac65"
    },
    "iopv": {
      "file": "data/raw/primary_market/510300_iopv_snapshots.parquet",
      "row_count": 354,
      "first_key": "2026-08-13 16:29:06",
      "last_key": "2026-08-18 14:22:48",
      "sha256": "cd08c943728e1a848dd8ba237c81cfe77e6aa44241e6c58ff9f490fa19b6d0d3"
    }
  },
  "raw_response_files": [
    "data/raw/primary_market/raw/iopv/20260818/20260818T142247_381133+0800.json"
  ],
  "governance": {
    "use_as_trading_signal": false,
    "automatic_ordering_authorized": false,
    "note": "当前只采集和纸面验证；未通过前向门槛前不得映射实盘仓位。"
  }
}
{
  "status": "PASS",
  "checked_at": "2026-08-18T14:23:50.450603+08:00",
  "collector": {
    "collector_id": "510300_PRIMARY_SECONDARY_FORWARD_V1",
    "symbol": "510300.SH",
    "fund_code": "510300",
    "timezone": "Asia/Shanghai",
    "timeout_seconds": 15,
    "observation_interval_seconds": 60,
    "collection_start_time": "09:30:00",
    "collection_end_time": "15:00:00",
    "collection_sessions": [
      [
        "09:30:00",
        "11:30:00"
      ],
      [
        "13:00:00",
        "15:00:00"
      ]
    ],
    "evidence_scope": "仅从实际接入日起的前向数据，不回填历史IOPV"
  },
  "checks": {
    "same_fund_code": true,
    "same_trade_date": true,
    "iopv_publication_enabled": true,
    "positive_iopv": true,
    "positive_last_price": true,
    "positive_creation_unit": true,
    "snapshot_fresh_during_collection_session": true
  },
  "freshness": {
    "during_collection_session": true,
    "clock_delay_seconds": 0.450603,
    "maximum_allowed_seconds_during_session": 180.0
  },
  "latest_pcf": {
    "trading_day": "2026-08-18",
    "previous_trading_day": "2026-08-17",
    "fund_code": "510300",
    "fund_name": "华泰柏瑞沪深300交易型开放式指数证券投资基金",
    "fund_company": "华泰柏瑞基金管理有限公司",
    "file_id": "1465021",
    "etf_type": "8",
    "nav": 4.8038,
    "nav_per_creation_unit": 4323446.47,
    "previous_cash_component": 108343.47,
    "estimated_cash_component": 108377.47,
    "maximum_cash_ratio": 0.5,
    "creation_redemption_unit": 900000,
    "component_count": 300,
    "publish_iopv": true,
    "creation_redemption_status": "申购和赎回皆允许",
    "creation_redemption_mechanism": "1",
    "creation_limit": null,
    "redemption_limit": 3600000000.0,
    "net_creation_limit": null,
    "net_redemption_limit": null,
    "creation_limit_per_account": null,
    "redemption_limit_per_account": null,
    "net_creation_limit_per_account": null,
    "net_redemption_limit_per_account": null,
    "source": "sse.COMMON_SSE_CP_JJLB_ETFJJGK_GGSGSHQD_JBXX_C",
    "retrieved_at": "2026-08-18T09:30:05.929758+08:00"
  },
  "latest_iopv": {
    "exchange_timestamp": "2026-08-18 14:23:50",
    "trade_date": "2026-08-18",
    "fund_code": "510300",
    "name": "300ETF",
    "extended_name": "沪深300ETF华泰柏瑞",
    "last_price": 4.777,
    "iopv": 4.7796,
    "premium_discount_bps": -5.439785756130577,
    "change_rate_pct": -0.5,
    "change_cny": -0.024,
    "open": 4.794,
    "previous_close": 4.801,
    "high": 4.803,
    "low": 4.751,
    "volume_shares": 585912442.0,
    "amount_cny": 2800201701.0,
    "trade_phase_raw": "T111    ",
    "post_close_volume_shares": 0.0,
    "post_close_amount_cny": 0.0,
    "post_close_phase_raw": "A1      ",
    "product_subtype": "EBS",
    "source": "sse.yunhq.sh1.snap",
    "retrieved_at": "2026-08-18T14:23:50.413880+08:00"
  },
  "account_feasibility": {
    "reference_account_cny": 20000.0,
    "creation_unit_notional_cny": 4299300.0,
    "can_directly_create_or_redeem": false,
    "intended_use": "只用PCF和IOPV观察一级市场吸收状态，在二级市场交易510300"
  },
  "storage": {
    "pcf": {
      "file": "data/raw/primary_market/510300_pcf_daily.parquet",
      "row_count": 4,
      "first_key": "2026-08-13",
      "last_key": "2026-08-18",
      "sha256": "829c810ec802ff72ad6532eb5255f25a98fef36cad8dec5db46c14c5e37dac65"
    },
    "iopv": {
      "file": "data/raw/primary_market/510300_iopv_snapshots.parquet",
      "row_count": 355,
      "first_key": "2026-08-13 16:29:06",
      "last_key": "2026-08-18 14:23:50",
      "sha256": "272c6ab71c86f6941c756a42ad986b7e4ff8c579ab03419c04b25a0f03b50c0d"
    }
  },
  "raw_response_files": [
    "data/raw/primary_market/raw/iopv/20260818/20260818T142348_848974+0800.json"
  ],
  "governance": {
    "use_as_trading_signal": false,
    "automatic_ordering_authorized": false,
    "note": "当前只采集和纸面验证；未通过前向门槛前不得映射实盘仓位。"
  }
}
{
  "status": "PASS",
  "checked_at": "2026-08-18T14:24:51.674497+08:00",
  "collector": {
    "collector_id": "510300_PRIMARY_SECONDARY_FORWARD_V1",
    "symbol": "510300.SH",
    "fund_code": "510300",
    "timezone": "Asia/Shanghai",
    "timeout_seconds": 15,
    "observation_interval_seconds": 60,
    "collection_start_time": "09:30:00",
    "collection_end_time": "15:00:00",
    "collection_sessions": [
      [
        "09:30:00",
        "11:30:00"
      ],
      [
        "13:00:00",
        "15:00:00"
      ]
    ],
    "evidence_scope": "仅从实际接入日起的前向数据，不回填历史IOPV"
  },
  "checks": {
    "same_fund_code": true,
    "same_trade_date": true,
    "iopv_publication_enabled": true,
    "positive_iopv": true,
    "positive_last_price": true,
    "positive_creation_unit": true,
    "snapshot_fresh_during_collection_session": true
  },
  "freshness": {
    "during_collection_session": true,
    "clock_delay_seconds": 0.674497,
    "maximum_allowed_seconds_during_session": 180.0
  },
  "latest_pcf": {
    "trading_day": "2026-08-18",
    "previous_trading_day": "2026-08-17",
    "fund_code": "510300",
    "fund_name": "华泰柏瑞沪深300交易型开放式指数证券投资基金",
    "fund_company": "华泰柏瑞基金管理有限公司",
    "file_id": "1465021",
    "etf_type": "8",
    "nav": 4.8038,
    "nav_per_creation_unit": 4323446.47,
    "previous_cash_component": 108343.47,
    "estimated_cash_component": 108377.47,
    "maximum_cash_ratio": 0.5,
    "creation_redemption_unit": 900000,
    "component_count": 300,
    "publish_iopv": true,
    "creation_redemption_status": "申购和赎回皆允许",
    "creation_redemption_mechanism": "1",
    "creation_limit": null,
    "redemption_limit": 3600000000.0,
    "net_creation_limit": null,
    "net_redemption_limit": null,
    "creation_limit_per_account": null,
    "redemption_limit_per_account": null,
    "net_creation_limit_per_account": null,
    "net_redemption_limit_per_account": null,
    "source": "sse.COMMON_SSE_CP_JJLB_ETFJJGK_GGSGSHQD_JBXX_C",
    "retrieved_at": "2026-08-18T09:30:05.929758+08:00"
  },
  "latest_iopv": {
    "exchange_timestamp": "2026-08-18 14:24:51",
    "trade_date": "2026-08-18",
    "fund_code": "510300",
    "name": "300ETF",
    "extended_name": "沪深300ETF华泰柏瑞",
    "last_price": 4.776,
    "iopv": 4.7788,
    "premium_discount_bps": -5.8592115175371,
    "change_rate_pct": -0.52,
    "change_cny": -0.025,
    "open": 4.794,
    "previous_close": 4.801,
    "high": 4.803,
    "low": 4.751,
    "volume_shares": 586773742.0,
    "amount_cny": 2804314968.0,
    "trade_phase_raw": "T111    ",
    "post_close_volume_shares": 0.0,
    "post_close_amount_cny": 0.0,
    "post_close_phase_raw": "A1      ",
    "product_subtype": "EBS",
    "source": "sse.yunhq.sh1.snap",
    "retrieved_at": "2026-08-18T14:24:51.638643+08:00"
  },
  "account_feasibility": {
    "reference_account_cny": 20000.0,
    "creation_unit_notional_cny": 4298400.0,
    "can_directly_create_or_redeem": false,
    "intended_use": "只用PCF和IOPV观察一级市场吸收状态，在二级市场交易510300"
  },
  "storage": {
    "pcf": {
      "file": "data/raw/primary_market/510300_pcf_daily.parquet",
      "row_count": 4,
      "first_key": "2026-08-13",
      "last_key": "2026-08-18",
      "sha256": "829c810ec802ff72ad6532eb5255f25a98fef36cad8dec5db46c14c5e37dac65"
    },
    "iopv": {
      "file": "data/raw/primary_market/510300_iopv_snapshots.parquet",
      "row_count": 356,
      "first_key": "2026-08-13 16:29:06",
      "last_key": "2026-08-18 14:24:51",
      "sha256": "a2d4cbffe8000ac88144f0b30807e1c8852102c6be6cadb6eef8fcd17cd5824d"
    }
  },
  "raw_response_files": [
    "data/raw/primary_market/raw/iopv/20260818/20260818T142450_452540+0800.json"
  ],
  "governance": {
    "use_as_trading_signal": false,
    "automatic_ordering_authorized": false,
    "note": "当前只采集和纸面验证；未通过前向门槛前不得映射实盘仓位。"
  }
}
{
  "status": "PASS",
  "checked_at": "2026-08-18T14:25:53.029953+08:00",
  "collector": {
    "collector_id": "510300_PRIMARY_SECONDARY_FORWARD_V1",
    "symbol": "510300.SH",
    "fund_code": "510300",
    "timezone": "Asia/Shanghai",
    "timeout_seconds": 15,
    "observation_interval_seconds": 60,
    "collection_start_time": "09:30:00",
    "collection_end_time": "15:00:00",
    "collection_sessions": [
      [
        "09:30:00",
        "11:30:00"
      ],
      [
        "13:00:00",
        "15:00:00"
      ]
    ],
    "evidence_scope": "仅从实际接入日起的前向数据，不回填历史IOPV"
  },
  "checks": {
    "same_fund_code": true,
    "same_trade_date": true,
    "iopv_publication_enabled": true,
    "positive_iopv": true,
    "positive_last_price": true,
    "positive_creation_unit": true,
    "snapshot_fresh_during_collection_session": true
  },
  "freshness": {
    "during_collection_session": true,
    "clock_delay_seconds": 1.029953,
    "maximum_allowed_seconds_during_session": 180.0
  },
  "latest_pcf": {
    "trading_day": "2026-08-18",
    "previous_trading_day": "2026-08-17",
    "fund_code": "510300",
    "fund_name": "华泰柏瑞沪深300交易型开放式指数证券投资基金",
    "fund_company": "华泰柏瑞基金管理有限公司",
    "file_id": "1465021",
    "etf_type": "8",
    "nav": 4.8038,
    "nav_per_creation_unit": 4323446.47,
    "previous_cash_component": 108343.47,
    "estimated_cash_component": 108377.47,
    "maximum_cash_ratio": 0.5,
    "creation_redemption_unit": 900000,
    "component_count": 300,
    "publish_iopv": true,
    "creation_redemption_status": "申购和赎回皆允许",
    "creation_redemption_mechanism": "1",
    "creation_limit": null,
    "redemption_limit": 3600000000.0,
    "net_creation_limit": null,
    "net_redemption_limit": null,
    "creation_limit_per_account": null,
    "redemption_limit_per_account": null,
    "net_creation_limit_per_account": null,
    "net_redemption_limit_per_account": null,
    "source": "sse.COMMON_SSE_CP_JJLB_ETFJJGK_GGSGSHQD_JBXX_C",
    "retrieved_at": "2026-08-18T09:30:05.929758+08:00"
  },
  "latest_iopv": {
    "exchange_timestamp": "2026-08-18 14:25:52",
    "trade_date": "2026-08-18",
    "fund_code": "510300",
    "name": "300ETF",
    "extended_name": "沪深300ETF华泰柏瑞",
    "last_price": 4.777,
    "iopv": 4.7811,
    "premium_discount_bps": -8.575432431867647,
    "change_rate_pct": -0.5,
    "change_cny": -0.024,
    "open": 4.794,
    "previous_close": 4.801,
    "high": 4.803,
    "low": 4.751,
    "volume_shares": 588327742.0,
    "amount_cny": 2811737561.0,
    "trade_phase_raw": "T111    ",
    "post_close_volume_shares": 0.0,
    "post_close_amount_cny": 0.0,
    "post_close_phase_raw": "A1      ",
    "product_subtype": "EBS",
    "source": "sse.yunhq.sh1.snap",
    "retrieved_at": "2026-08-18T14:25:52.993119+08:00"
  },
  "account_feasibility": {
    "reference_account_cny": 20000.0,
    "creation_unit_notional_cny": 4299300.0,
    "can_directly_create_or_redeem": false,
    "intended_use": "只用PCF和IOPV观察一级市场吸收状态，在二级市场交易510300"
  },
  "storage": {
    "pcf": {
      "file": "data/raw/primary_market/510300_pcf_daily.parquet",
      "row_count": 4,
      "first_key": "2026-08-13",
      "last_key": "2026-08-18",
      "sha256": "829c810ec802ff72ad6532eb5255f25a98fef36cad8dec5db46c14c5e37dac65"
    },
    "iopv": {
      "file": "data/raw/primary_market/510300_iopv_snapshots.parquet",
      "row_count": 357,
      "first_key": "2026-08-13 16:29:06",
      "last_key": "2026-08-18 14:25:52",
      "sha256": "3f3696cf2f2d21353f32c7aeffbd7c71939aff0a408e9175c09402a713b5af60"
    }
  },
  "raw_response_files": [
    "data/raw/primary_market/raw/iopv/20260818/20260818T142551_677075+0800.json"
  ],
  "governance": {
    "use_as_trading_signal": false,
    "automatic_ordering_authorized": false,
    "note": "当前只采集和纸面验证；未通过前向门槛前不得映射实盘仓位。"
  }
}
{
  "status": "PASS",
  "checked_at": "2026-08-18T14:26:55.723220+08:00",
  "collector": {
    "collector_id": "510300_PRIMARY_SECONDARY_FORWARD_V1",
    "symbol": "510300.SH",
    "fund_code": "510300",
    "timezone": "Asia/Shanghai",
    "timeout_seconds": 15,
    "observation_interval_seconds": 60,
    "collection_start_time": "09:30:00",
    "collection_end_time": "15:00:00",
    "collection_sessions": [
      [
        "09:30:00",
        "11:30:00"
      ],
      [
        "13:00:00",
        "15:00:00"
      ]
    ],
    "evidence_scope": "仅从实际接入日起的前向数据，不回填历史IOPV"
  },
  "checks": {
    "same_fund_code": true,
    "same_trade_date": true,
    "iopv_publication_enabled": true,
    "positive_iopv": true,
    "positive_last_price": true,
    "positive_creation_unit": true,
    "snapshot_fresh_during_collection_session": true
  },
  "freshness": {
    "during_collection_session": true,
    "clock_delay_seconds": 0.72322,
    "maximum_allowed_seconds_during_session": 180.0
  },
  "latest_pcf": {
    "trading_day": "2026-08-18",
    "previous_trading_day": "2026-08-17",
    "fund_code": "510300",
    "fund_name": "华泰柏瑞沪深300交易型开放式指数证券投资基金",
    "fund_company": "华泰柏瑞基金管理有限公司",
    "file_id": "1465021",
    "etf_type": "8",
    "nav": 4.8038,
    "nav_per_creation_unit": 4323446.47,
    "previous_cash_component": 108343.47,
    "estimated_cash_component": 108377.47,
    "maximum_cash_ratio": 0.5,
    "creation_redemption_unit": 900000,
    "component_count": 300,
    "publish_iopv": true,
    "creation_redemption_status": "申购和赎回皆允许",
    "creation_redemption_mechanism": "1",
    "creation_limit": null,
    "redemption_limit": 3600000000.0,
    "net_creation_limit": null,
    "net_redemption_limit": null,
    "creation_limit_per_account": null,
    "redemption_limit_per_account": null,
    "net_creation_limit_per_account": null,
    "net_redemption_limit_per_account": null,
    "source": "sse.COMMON_SSE_CP_JJLB_ETFJJGK_GGSGSHQD_JBXX_C",
    "retrieved_at": "2026-08-18T09:30:05.929758+08:00"
  },
  "latest_iopv": {
    "exchange_timestamp": "2026-08-18 14:26:55",
    "trade_date": "2026-08-18",
    "fund_code": "510300",
    "name": "300ETF",
    "extended_name": "沪深300ETF华泰柏瑞",
    "last_price": 4.779,
    "iopv": 4.7825,
    "premium_discount_bps": -7.318348144275122,
    "change_rate_pct": -0.46,
    "change_cny": -0.022,
    "open": 4.794,
    "previous_close": 4.801,
    "high": 4.803,
    "low": 4.751,
    "volume_shares": 589957105.0,
    "amount_cny": 2819522956.0,
    "trade_phase_raw": "T111    ",
    "post_close_volume_shares": 0.0,
    "post_close_amount_cny": 0.0,
    "post_close_phase_raw": "A1      ",
    "product_subtype": "EBS",
    "source": "sse.yunhq.sh1.snap",
    "retrieved_at": "2026-08-18T14:26:55.687435+08:00"
  },
  "account_feasibility": {
    "reference_account_cny": 20000.0,
    "creation_unit_notional_cny": 4301100.0,
    "can_directly_create_or_redeem": false,
    "intended_use": "只用PCF和IOPV观察一级市场吸收状态，在二级市场交易510300"
  },
  "storage": {
    "pcf": {
      "file": "data/raw/primary_market/510300_pcf_daily.parquet",
      "row_count": 4,
      "first_key": "2026-08-13",
      "last_key": "2026-08-18",
      "sha256": "829c810ec802ff72ad6532eb5255f25a98fef36cad8dec5db46c14c5e37dac65"
    },
    "iopv": {
      "file": "data/raw/primary_market/510300_iopv_snapshots.parquet",
      "row_count": 358,
      "first_key": "2026-08-13 16:29:06",
      "last_key": "2026-08-18 14:26:55",
      "sha256": "31c65ada0d61e0c9260602dcd4492985754eddedffa5382997d15b59fad4cc07"
    }
  },
  "raw_response_files": [
    "data/raw/primary_market/raw/iopv/20260818/20260818T142653_031982+0800.json"
  ],
  "governance": {
    "use_as_trading_signal": false,
    "automatic_ordering_authorized": false,
    "note": "当前只采集和纸面验证；未通过前向门槛前不得映射实盘仓位。"
  }
}
{
  "status": "PASS",
  "checked_at": "2026-08-18T14:27:58.064456+08:00",
  "collector": {
    "collector_id": "510300_PRIMARY_SECONDARY_FORWARD_V1",
    "symbol": "510300.SH",
    "fund_code": "510300",
    "timezone": "Asia/Shanghai",
    "timeout_seconds": 15,
    "observation_interval_seconds": 60,
    "collection_start_time": "09:30:00",
    "collection_end_time": "15:00:00",
    "collection_sessions": [
      [
        "09:30:00",
        "11:30:00"
      ],
      [
        "13:00:00",
        "15:00:00"
      ]
    ],
    "evidence_scope": "仅从实际接入日起的前向数据，不回填历史IOPV"
  },
  "checks": {
    "same_fund_code": true,
    "same_trade_date": true,
    "iopv_publication_enabled": true,
    "positive_iopv": true,
    "positive_last_price": true,
    "positive_creation_unit": true,
    "snapshot_fresh_during_collection_session": true
  },
  "freshness": {
    "during_collection_session": true,
    "clock_delay_seconds": 1.064456,
    "maximum_allowed_seconds_during_session": 180.0
  },
  "latest_pcf": {
    "trading_day": "2026-08-18",
    "previous_trading_day": "2026-08-17",
    "fund_code": "510300",
    "fund_name": "华泰柏瑞沪深300交易型开放式指数证券投资基金",
    "fund_company": "华泰柏瑞基金管理有限公司",
    "file_id": "1465021",
    "etf_type": "8",
    "nav": 4.8038,
    "nav_per_creation_unit": 4323446.47,
    "previous_cash_component": 108343.47,
    "estimated_cash_component": 108377.47,
    "maximum_cash_ratio": 0.5,
    "creation_redemption_unit": 900000,
    "component_count": 300,
    "publish_iopv": true,
    "creation_redemption_status": "申购和赎回皆允许",
    "creation_redemption_mechanism": "1",
    "creation_limit": null,
    "redemption_limit": 3600000000.0,
    "net_creation_limit": null,
    "net_redemption_limit": null,
    "creation_limit_per_account": null,
    "redemption_limit_per_account": null,
    "net_creation_limit_per_account": null,
    "net_redemption_limit_per_account": null,
    "source": "sse.COMMON_SSE_CP_JJLB_ETFJJGK_GGSGSHQD_JBXX_C",
    "retrieved_at": "2026-08-18T09:30:05.929758+08:00"
  },
  "latest_iopv": {
    "exchange_timestamp": "2026-08-18 14:27:57",
    "trade_date": "2026-08-18",
    "fund_code": "510300",
    "name": "300ETF",
    "extended_name": "沪深300ETF华泰柏瑞",
    "last_price": 4.779,
    "iopv": 4.7809,
    "premium_discount_bps": -3.9741471271104167,
    "change_rate_pct": -0.46,
    "change_cny": -0.022,
    "open": 4.794,
    "previous_close": 4.801,
    "high": 4.803,
    "low": 4.751,
    "volume_shares": 591353505.0,
    "amount_cny": 2826196340.0,
    "trade_phase_raw": "T111    ",
    "post_close_volume_shares": 0.0,
    "post_close_amount_cny": 0.0,
    "post_close_phase_raw": "A1      ",
    "product_subtype": "EBS",
    "source": "sse.yunhq.sh1.snap",
    "retrieved_at": "2026-08-18T14:27:58.026096+08:00"
  },
  "account_feasibility": {
    "reference_account_cny": 20000.0,
    "creation_unit_notional_cny": 4301100.0,
    "can_directly_create_or_redeem": false,
    "intended_use": "只用PCF和IOPV观察一级市场吸收状态，在二级市场交易510300"
  },
  "storage": {
    "pcf": {
      "file": "data/raw/primary_market/510300_pcf_daily.parquet",
      "row_count": 4,
      "first_key": "2026-08-13",
      "last_key": "2026-08-18",
      "sha256": "829c810ec802ff72ad6532eb5255f25a98fef36cad8dec5db46c14c5e37dac65"
    },
    "iopv": {
      "file": "data/raw/primary_market/510300_iopv_snapshots.parquet",
      "row_count": 359,
      "first_key": "2026-08-13 16:29:06",
      "last_key": "2026-08-18 14:27:57",
      "sha256": "fa8070206edea8d3fde8cdf4e06099d23baa6596dd5df51a051a3340ca3ced2c"
    }
  },
  "raw_response_files": [
    "data/raw/primary_market/raw/iopv/20260818/20260818T142755_725646+0800.json"
  ],
  "governance": {
    "use_as_trading_signal": false,
    "automatic_ordering_authorized": false,
    "note": "当前只采集和纸面验证；未通过前向门槛前不得映射实盘仓位。"
  }
}
{
  "status": "PASS",
  "checked_at": "2026-08-18T14:28:59.684359+08:00",
  "collector": {
    "collector_id": "510300_PRIMARY_SECONDARY_FORWARD_V1",
    "symbol": "510300.SH",
    "fund_code": "510300",
    "timezone": "Asia/Shanghai",
    "timeout_seconds": 15,
    "observation_interval_seconds": 60,
    "collection_start_time": "09:30:00",
    "collection_end_time": "15:00:00",
    "collection_sessions": [
      [
        "09:30:00",
        "11:30:00"
      ],
      [
        "13:00:00",
        "15:00:00"
      ]
    ],
    "evidence_scope": "仅从实际接入日起的前向数据，不回填历史IOPV"
  },
  "checks": {
    "same_fund_code": true,
    "same_trade_date": true,
    "iopv_publication_enabled": true,
    "positive_iopv": true,
    "positive_last_price": true,
    "positive_creation_unit": true,
    "snapshot_fresh_during_collection_session": true
  },
  "freshness": {
    "during_collection_session": true,
    "clock_delay_seconds": 0.684359,
    "maximum_allowed_seconds_during_session": 180.0
  },
  "latest_pcf": {
    "trading_day": "2026-08-18",
    "previous_trading_day": "2026-08-17",
    "fund_code": "510300",
    "fund_name": "华泰柏瑞沪深300交易型开放式指数证券投资基金",
    "fund_company": "华泰柏瑞基金管理有限公司",
    "file_id": "1465021",
    "etf_type": "8",
    "nav": 4.8038,
    "nav_per_creation_unit": 4323446.47,
    "previous_cash_component": 108343.47,
    "estimated_cash_component": 108377.47,
    "maximum_cash_ratio": 0.5,
    "creation_redemption_unit": 900000,
    "component_count": 300,
    "publish_iopv": true,
    "creation_redemption_status": "申购和赎回皆允许",
    "creation_redemption_mechanism": "1",
    "creation_limit": null,
    "redemption_limit": 3600000000.0,
    "net_creation_limit": null,
    "net_redemption_limit": null,
    "creation_limit_per_account": null,
    "redemption_limit_per_account": null,
    "net_creation_limit_per_account": null,
    "net_redemption_limit_per_account": null,
    "source": "sse.COMMON_SSE_CP_JJLB_ETFJJGK_GGSGSHQD_JBXX_C",
    "retrieved_at": "2026-08-18T09:30:05.929758+08:00"
  },
  "latest_iopv": {
    "exchange_timestamp": "2026-08-18 14:28:59",
    "trade_date": "2026-08-18",
    "fund_code": "510300",
    "name": "300ETF",
    "extended_name": "沪深300ETF华泰柏瑞",
    "last_price": 4.781,
    "iopv": 4.784,
    "premium_discount_bps": -6.270903010033857,
    "change_rate_pct": -0.42,
    "change_cny": -0.02,
    "open": 4.794,
    "previous_close": 4.801,
    "high": 4.803,
    "low": 4.751,
    "volume_shares": 598601605.0,
    "amount_cny": 2860838815.0,
    "trade_phase_raw": "T111    ",
    "post_close_volume_shares": 0.0,
    "post_close_amount_cny": 0.0,
    "post_close_phase_raw": "A1      ",
    "product_subtype": "EBS",
    "source": "sse.yunhq.sh1.snap",
    "retrieved_at": "2026-08-18T14:28:59.644570+08:00"
  },
  "account_feasibility": {
    "reference_account_cny": 20000.0,
    "creation_unit_notional_cny": 4302900.0,
    "can_directly_create_or_redeem": false,
    "intended_use": "只用PCF和IOPV观察一级市场吸收状态，在二级市场交易510300"
  },
  "storage": {
    "pcf": {
      "file": "data/raw/primary_market/510300_pcf_daily.parquet",
      "row_count": 4,
      "first_key": "2026-08-13",
      "last_key": "2026-08-18",
      "sha256": "829c810ec802ff72ad6532eb5255f25a98fef36cad8dec5db46c14c5e37dac65"
    },
    "iopv": {
      "file": "data/raw/primary_market/510300_iopv_snapshots.parquet",
      "row_count": 360,
      "first_key": "2026-08-13 16:29:06",
      "last_key": "2026-08-18 14:28:59",
      "sha256": "5a9e386e207ccffa43096c5a31f6f7613b3fe8472507c47079ea26b9bb8aa500"
    }
  },
  "raw_response_files": [
    "data/raw/primary_market/raw/iopv/20260818/20260818T142858_066603+0800.json"
  ],
  "governance": {
    "use_as_trading_signal": false,
    "automatic_ordering_authorized": false,
    "note": "当前只采集和纸面验证；未通过前向门槛前不得映射实盘仓位。"
  }
}
{
  "status": "PASS",
  "checked_at": "2026-08-18T14:30:00.942542+08:00",
  "collector": {
    "collector_id": "510300_PRIMARY_SECONDARY_FORWARD_V1",
    "symbol": "510300.SH",
    "fund_code": "510300",
    "timezone": "Asia/Shanghai",
    "timeout_seconds": 15,
    "observation_interval_seconds": 60,
    "collection_start_time": "09:30:00",
    "collection_end_time": "15:00:00",
    "collection_sessions": [
      [
        "09:30:00",
        "11:30:00"
      ],
      [
        "13:00:00",
        "15:00:00"
      ]
    ],
    "evidence_scope": "仅从实际接入日起的前向数据，不回填历史IOPV"
  },
  "checks": {
    "same_fund_code": true,
    "same_trade_date": true,
    "iopv_publication_enabled": true,
    "positive_iopv": true,
    "positive_last_price": true,
    "positive_creation_unit": true,
    "snapshot_fresh_during_collection_session": true
  },
  "freshness": {
    "during_collection_session": true,
    "clock_delay_seconds": 0.942542,
    "maximum_allowed_seconds_during_session": 180.0
  },
  "latest_pcf": {
    "trading_day": "2026-08-18",
    "previous_trading_day": "2026-08-17",
    "fund_code": "510300",
    "fund_name": "华泰柏瑞沪深300交易型开放式指数证券投资基金",
    "fund_company": "华泰柏瑞基金管理有限公司",
    "file_id": "1465021",
    "etf_type": "8",
    "nav": 4.8038,
    "nav_per_creation_unit": 4323446.47,
    "previous_cash_component": 108343.47,
    "estimated_cash_component": 108377.47,
    "maximum_cash_ratio": 0.5,
    "creation_redemption_unit": 900000,
    "component_count": 300,
    "publish_iopv": true,
    "creation_redemption_status": "申购和赎回皆允许",
    "creation_redemption_mechanism": "1",
    "creation_limit": null,
    "redemption_limit": 3600000000.0,
    "net_creation_limit": null,
    "net_redemption_limit": null,
    "creation_limit_per_account": null,
    "redemption_limit_per_account": null,
    "net_creation_limit_per_account": null,
    "net_redemption_limit_per_account": null,
    "source": "sse.COMMON_SSE_CP_JJLB_ETFJJGK_GGSGSHQD_JBXX_C",
    "retrieved_at": "2026-08-18T09:30:05.929758+08:00"
  },
  "latest_iopv": {
    "exchange_timestamp": "2026-08-18 14:30:00",
    "trade_date": "2026-08-18",
    "fund_code": "510300",
    "name": "300ETF",
    "extended_name": "沪深300ETF华泰柏瑞",
    "last_price": 4.781,
    "iopv": 4.7832,
    "premium_discount_bps": -4.599431343034199,
    "change_rate_pct": -0.42,
    "change_cny": -0.02,
    "open": 4.794,
    "previous_close": 4.801,
    "high": 4.803,
    "low": 4.751,
    "volume_shares": 599666205.0,
    "amount_cny": 2865928132.0,
    "trade_phase_raw": "T111    ",
    "post_close_volume_shares": 0.0,
    "post_close_amount_cny": 0.0,
    "post_close_phase_raw": "A1      ",
    "product_subtype": "EBS",
    "source": "sse.yunhq.sh1.snap",
    "retrieved_at": "2026-08-18T14:30:00.915322+08:00"
  },
  "account_feasibility": {
    "reference_account_cny": 20000.0,
    "creation_unit_notional_cny": 4302900.0,
    "can_directly_create_or_redeem": false,
    "intended_use": "只用PCF和IOPV观察一级市场吸收状态，在二级市场交易510300"
  },
  "storage": {
    "pcf": {
      "file": "data/raw/primary_market/510300_pcf_daily.parquet",
      "row_count": 4,
      "first_key": "2026-08-13",
      "last_key": "2026-08-18",
      "sha256": "829c810ec802ff72ad6532eb5255f25a98fef36cad8dec5db46c14c5e37dac65"
    },
    "iopv": {
      "file": "data/raw/primary_market/510300_iopv_snapshots.parquet",
      "row_count": 361,
      "first_key": "2026-08-13 16:29:06",
      "last_key": "2026-08-18 14:30:00",
      "sha256": "86784e972e06fa547ee389c7a61a4c70e16780a14baa6556b1744ddacc9a05d6"
    }
  },
  "raw_response_files": [
    "data/raw/primary_market/raw/iopv/20260818/20260818T142959_687419+0800.json"
  ],
  "governance": {
    "use_as_trading_signal": false,
    "automatic_ordering_authorized": false,
    "note": "当前只采集和纸面验证；未通过前向门槛前不得映射实盘仓位。"
  }
}
{
  "status": "PASS",
  "checked_at": "2026-08-18T14:31:03.423235+08:00",
  "collector": {
    "collector_id": "510300_PRIMARY_SECONDARY_FORWARD_V1",
    "symbol": "510300.SH",
    "fund_code": "510300",
    "timezone": "Asia/Shanghai",
    "timeout_seconds": 15,
    "observation_interval_seconds": 60,
    "collection_start_time": "09:30:00",
    "collection_end_time": "15:00:00",
    "collection_sessions": [
      [
        "09:30:00",
        "11:30:00"
      ],
      [
        "13:00:00",
        "15:00:00"
      ]
    ],
    "evidence_scope": "仅从实际接入日起的前向数据，不回填历史IOPV"
  },
  "checks": {
    "same_fund_code": true,
    "same_trade_date": true,
    "iopv_publication_enabled": true,
    "positive_iopv": true,
    "positive_last_price": true,
    "positive_creation_unit": true,
    "snapshot_fresh_during_collection_session": true
  },
  "freshness": {
    "during_collection_session": true,
    "clock_delay_seconds": 0.423235,
    "maximum_allowed_seconds_during_session": 180.0
  },
  "latest_pcf": {
    "trading_day": "2026-08-18",
    "previous_trading_day": "2026-08-17",
    "fund_code": "510300",
    "fund_name": "华泰柏瑞沪深300交易型开放式指数证券投资基金",
    "fund_company": "华泰柏瑞基金管理有限公司",
    "file_id": "1465021",
    "etf_type": "8",
    "nav": 4.8038,
    "nav_per_creation_unit": 4323446.47,
    "previous_cash_component": 108343.47,
    "estimated_cash_component": 108377.47,
    "maximum_cash_ratio": 0.5,
    "creation_redemption_unit": 900000,
    "component_count": 300,
    "publish_iopv": true,
    "creation_redemption_status": "申购和赎回皆允许",
    "creation_redemption_mechanism": "1",
    "creation_limit": null,
    "redemption_limit": 3600000000.0,
    "net_creation_limit": null,
    "net_redemption_limit": null,
    "creation_limit_per_account": null,
    "redemption_limit_per_account": null,
    "net_creation_limit_per_account": null,
    "net_redemption_limit_per_account": null,
    "source": "sse.COMMON_SSE_CP_JJLB_ETFJJGK_GGSGSHQD_JBXX_C",
    "retrieved_at": "2026-08-18T09:30:05.929758+08:00"
  },
  "latest_iopv": {
    "exchange_timestamp": "2026-08-18 14:31:03",
    "trade_date": "2026-08-18",
    "fund_code": "510300",
    "name": "300ETF",
    "extended_name": "沪深300ETF华泰柏瑞",
    "last_price": 4.781,
    "iopv": 4.7831,
    "premium_discount_bps": -4.3904580711262575,
    "change_rate_pct": -0.42,
    "change_cny": -0.02,
    "open": 4.794,
    "previous_close": 4.801,
    "high": 4.803,
    "low": 4.751,
    "volume_shares": 600606505.0,
    "amount_cny": 2870423103.0,
    "trade_phase_raw": "T111    ",
    "post_close_volume_shares": 0.0,
    "post_close_amount_cny": 0.0,
    "post_close_phase_raw": "A1      ",
    "product_subtype": "EBS",
    "source": "sse.yunhq.sh1.snap",
    "retrieved_at": "2026-08-18T14:31:03.381768+08:00"
  },
  "account_feasibility": {
    "reference_account_cny": 20000.0,
    "creation_unit_notional_cny": 4302900.0,
    "can_directly_create_or_redeem": false,
    "intended_use": "只用PCF和IOPV观察一级市场吸收状态，在二级市场交易510300"
  },
  "storage": {
    "pcf": {
      "file": "data/raw/primary_market/510300_pcf_daily.parquet",
      "row_count": 4,
      "first_key": "2026-08-13",
      "last_key": "2026-08-18",
      "sha256": "829c810ec802ff72ad6532eb5255f25a98fef36cad8dec5db46c14c5e37dac65"
    },
    "iopv": {
      "file": "data/raw/primary_market/510300_iopv_snapshots.parquet",
      "row_count": 362,
      "first_key": "2026-08-13 16:29:06",
      "last_key": "2026-08-18 14:31:03",
      "sha256": "1bda564310217543f545573a26ebf9d24fee1d9eec8bb52c57657126384a219a"
    }
  },
  "raw_response_files": [
    "data/raw/primary_market/raw/iopv/20260818/20260818T143100_944801+0800.json"
  ],
  "governance": {
    "use_as_trading_signal": false,
    "automatic_ordering_authorized": false,
    "note": "当前只采集和纸面验证；未通过前向门槛前不得映射实盘仓位。"
  }
}
{
  "status": "PASS",
  "checked_at": "2026-08-18T14:32:04.741191+08:00",
  "collector": {
    "collector_id": "510300_PRIMARY_SECONDARY_FORWARD_V1",
    "symbol": "510300.SH",
    "fund_code": "510300",
    "timezone": "Asia/Shanghai",
    "timeout_seconds": 15,
    "observation_interval_seconds": 60,
    "collection_start_time": "09:30:00",
    "collection_end_time": "15:00:00",
    "collection_sessions": [
      [
        "09:30:00",
        "11:30:00"
      ],
      [
        "13:00:00",
        "15:00:00"
      ]
    ],
    "evidence_scope": "仅从实际接入日起的前向数据，不回填历史IOPV"
  },
  "checks": {
    "same_fund_code": true,
    "same_trade_date": true,
    "iopv_publication_enabled": true,
    "positive_iopv": true,
    "positive_last_price": true,
    "positive_creation_unit": true,
    "snapshot_fresh_during_collection_session": true
  },
  "freshness": {
    "during_collection_session": true,
    "clock_delay_seconds": 0.741191,
    "maximum_allowed_seconds_during_session": 180.0
  },
  "latest_pcf": {
    "trading_day": "2026-08-18",
    "previous_trading_day": "2026-08-17",
    "fund_code": "510300",
    "fund_name": "华泰柏瑞沪深300交易型开放式指数证券投资基金",
    "fund_company": "华泰柏瑞基金管理有限公司",
    "file_id": "1465021",
    "etf_type": "8",
    "nav": 4.8038,
    "nav_per_creation_unit": 4323446.47,
    "previous_cash_component": 108343.47,
    "estimated_cash_component": 108377.47,
    "maximum_cash_ratio": 0.5,
    "creation_redemption_unit": 900000,
    "component_count": 300,
    "publish_iopv": true,
    "creation_redemption_status": "申购和赎回皆允许",
    "creation_redemption_mechanism": "1",
    "creation_limit": null,
    "redemption_limit": 3600000000.0,
    "net_creation_limit": null,
    "net_redemption_limit": null,
    "creation_limit_per_account": null,
    "redemption_limit_per_account": null,
    "net_creation_limit_per_account": null,
    "net_redemption_limit_per_account": null,
    "source": "sse.COMMON_SSE_CP_JJLB_ETFJJGK_GGSGSHQD_JBXX_C",
    "retrieved_at": "2026-08-18T09:30:05.929758+08:00"
  },
  "latest_iopv": {
    "exchange_timestamp": "2026-08-18 14:32:04",
    "trade_date": "2026-08-18",
    "fund_code": "510300",
    "name": "300ETF",
    "extended_name": "沪深300ETF华泰柏瑞",
    "last_price": 4.782,
    "iopv": 4.7862,
    "premium_discount_bps": -8.775228782750277,
    "change_rate_pct": -0.4,
    "change_cny": -0.019,
    "open": 4.794,
    "previous_close": 4.801,
    "high": 4.803,
    "low": 4.751,
    "volume_shares": 602294205.0,
    "amount_cny": 2878492945.0,
    "trade_phase_raw": "T111    ",
    "post_close_volume_shares": 0.0,
    "post_close_amount_cny": 0.0,
    "post_close_phase_raw": "A1      ",
    "product_subtype": "EBS",
    "source": "sse.yunhq.sh1.snap",
    "retrieved_at": "2026-08-18T14:32:04.701653+08:00"
  },
  "account_feasibility": {
    "reference_account_cny": 20000.0,
    "creation_unit_notional_cny": 4303800.0,
    "can_directly_create_or_redeem": false,
    "intended_use": "只用PCF和IOPV观察一级市场吸收状态，在二级市场交易510300"
  },
  "storage": {
    "pcf": {
      "file": "data/raw/primary_market/510300_pcf_daily.parquet",
      "row_count": 4,
      "first_key": "2026-08-13",
      "last_key": "2026-08-18",
      "sha256": "829c810ec802ff72ad6532eb5255f25a98fef36cad8dec5db46c14c5e37dac65"
    },
    "iopv": {
      "file": "data/raw/primary_market/510300_iopv_snapshots.parquet",
      "row_count": 363,
      "first_key": "2026-08-13 16:29:06",
      "last_key": "2026-08-18 14:32:04",
      "sha256": "ce0cb2a66c5c54af9eba7cafd240a0bb9d1a26b00feda4d46d63bac396d41d1c"
    }
  },
  "raw_response_files": [
    "data/raw/primary_market/raw/iopv/20260818/20260818T143203_426330+0800.json"
  ],
  "governance": {
    "use_as_trading_signal": false,
    "automatic_ordering_authorized": false,
    "note": "当前只采集和纸面验证；未通过前向门槛前不得映射实盘仓位。"
  }
}
{
  "status": "PASS",
  "checked_at": "2026-08-18T14:33:06.177804+08:00",
  "collector": {
    "collector_id": "510300_PRIMARY_SECONDARY_FORWARD_V1",
    "symbol": "510300.SH",
    "fund_code": "510300",
    "timezone": "Asia/Shanghai",
    "timeout_seconds": 15,
    "observation_interval_seconds": 60,
    "collection_start_time": "09:30:00",
    "collection_end_time": "15:00:00",
    "collection_sessions": [
      [
        "09:30:00",
        "11:30:00"
      ],
      [
        "13:00:00",
        "15:00:00"
      ]
    ],
    "evidence_scope": "仅从实际接入日起的前向数据，不回填历史IOPV"
  },
  "checks": {
    "same_fund_code": true,
    "same_trade_date": true,
    "iopv_publication_enabled": true,
    "positive_iopv": true,
    "positive_last_price": true,
    "positive_creation_unit": true,
    "snapshot_fresh_during_collection_session": true
  },
  "freshness": {
    "during_collection_session": true,
    "clock_delay_seconds": 1.177804,
    "maximum_allowed_seconds_during_session": 180.0
  },
  "latest_pcf": {
    "trading_day": "2026-08-18",
    "previous_trading_day": "2026-08-17",
    "fund_code": "510300",
    "fund_name": "华泰柏瑞沪深300交易型开放式指数证券投资基金",
    "fund_company": "华泰柏瑞基金管理有限公司",
    "file_id": "1465021",
    "etf_type": "8",
    "nav": 4.8038,
    "nav_per_creation_unit": 4323446.47,
    "previous_cash_component": 108343.47,
    "estimated_cash_component": 108377.47,
    "maximum_cash_ratio": 0.5,
    "creation_redemption_unit": 900000,
    "component_count": 300,
    "publish_iopv": true,
    "creation_redemption_status": "申购和赎回皆允许",
    "creation_redemption_mechanism": "1",
    "creation_limit": null,
    "redemption_limit": 3600000000.0,
    "net_creation_limit": null,
    "net_redemption_limit": null,
    "creation_limit_per_account": null,
    "redemption_limit_per_account": null,
    "net_creation_limit_per_account": null,
    "net_redemption_limit_per_account": null,
    "source": "sse.COMMON_SSE_CP_JJLB_ETFJJGK_GGSGSHQD_JBXX_C",
    "retrieved_at": "2026-08-18T09:30:05.929758+08:00"
  },
  "latest_iopv": {
    "exchange_timestamp": "2026-08-18 14:33:05",
    "trade_date": "2026-08-18",
    "fund_code": "510300",
    "name": "300ETF",
    "extended_name": "沪深300ETF华泰柏瑞",
    "last_price": 4.785,
    "iopv": 4.7891,
    "premium_discount_bps": -8.561107514982735,
    "change_rate_pct": -0.33,
    "change_cny": -0.016,
    "open": 4.794,
    "previous_close": 4.801,
    "high": 4.803,
    "low": 4.751,
    "volume_shares": 606528005.0,
    "amount_cny": 2898749013.0,
    "trade_phase_raw": "T111    ",
    "post_close_volume_shares": 0.0,
    "post_close_amount_cny": 0.0,
    "post_close_phase_raw": "A1      ",
    "product_subtype": "EBS",
    "source": "sse.yunhq.sh1.snap",
    "retrieved_at": "2026-08-18T14:33:06.139153+08:00"
  },
  "account_feasibility": {
    "reference_account_cny": 20000.0,
    "creation_unit_notional_cny": 4306500.0,
    "can_directly_create_or_redeem": false,
    "intended_use": "只用PCF和IOPV观察一级市场吸收状态，在二级市场交易510300"
  },
  "storage": {
    "pcf": {
      "file": "data/raw/primary_market/510300_pcf_daily.parquet",
      "row_count": 4,
      "first_key": "2026-08-13",
      "last_key": "2026-08-18",
      "sha256": "829c810ec802ff72ad6532eb5255f25a98fef36cad8dec5db46c14c5e37dac65"
    },
    "iopv": {
      "file": "data/raw/primary_market/510300_iopv_snapshots.parquet",
      "row_count": 364,
      "first_key": "2026-08-13 16:29:06",
      "last_key": "2026-08-18 14:33:05",
      "sha256": "f98dad6c0cf8bed1c41f3477b6d9a12bbcd501891e8caa9ec5c67dedbe386efb"
    }
  },
  "raw_response_files": [
    "data/raw/primary_market/raw/iopv/20260818/20260818T143304_743650+0800.json"
  ],
  "governance": {
    "use_as_trading_signal": false,
    "automatic_ordering_authorized": false,
    "note": "当前只采集和纸面验证；未通过前向门槛前不得映射实盘仓位。"
  }
}
{
  "status": "PASS",
  "checked_at": "2026-08-18T14:34:08.094657+08:00",
  "collector": {
    "collector_id": "510300_PRIMARY_SECONDARY_FORWARD_V1",
    "symbol": "510300.SH",
    "fund_code": "510300",
    "timezone": "Asia/Shanghai",
    "timeout_seconds": 15,
    "observation_interval_seconds": 60,
    "collection_start_time": "09:30:00",
    "collection_end_time": "15:00:00",
    "collection_sessions": [
      [
        "09:30:00",
        "11:30:00"
      ],
      [
        "13:00:00",
        "15:00:00"
      ]
    ],
    "evidence_scope": "仅从实际接入日起的前向数据，不回填历史IOPV"
  },
  "checks": {
    "same_fund_code": true,
    "same_trade_date": true,
    "iopv_publication_enabled": true,
    "positive_iopv": true,
    "positive_last_price": true,
    "positive_creation_unit": true,
    "snapshot_fresh_during_collection_session": true
  },
  "freshness": {
    "during_collection_session": true,
    "clock_delay_seconds": 1.094657,
    "maximum_allowed_seconds_during_session": 180.0
  },
  "latest_pcf": {
    "trading_day": "2026-08-18",
    "previous_trading_day": "2026-08-17",
    "fund_code": "510300",
    "fund_name": "华泰柏瑞沪深300交易型开放式指数证券投资基金",
    "fund_company": "华泰柏瑞基金管理有限公司",
    "file_id": "1465021",
    "etf_type": "8",
    "nav": 4.8038,
    "nav_per_creation_unit": 4323446.47,
    "previous_cash_component": 108343.47,
    "estimated_cash_component": 108377.47,
    "maximum_cash_ratio": 0.5,
    "creation_redemption_unit": 900000,
    "component_count": 300,
    "publish_iopv": true,
    "creation_redemption_status": "申购和赎回皆允许",
    "creation_redemption_mechanism": "1",
    "creation_limit": null,
    "redemption_limit": 3600000000.0,
    "net_creation_limit": null,
    "net_redemption_limit": null,
    "creation_limit_per_account": null,
    "redemption_limit_per_account": null,
    "net_creation_limit_per_account": null,
    "net_redemption_limit_per_account": null,
    "source": "sse.COMMON_SSE_CP_JJLB_ETFJJGK_GGSGSHQD_JBXX_C",
    "retrieved_at": "2026-08-18T09:30:05.929758+08:00"
  },
  "latest_iopv": {
    "exchange_timestamp": "2026-08-18 14:34:07",
    "trade_date": "2026-08-18",
    "fund_code": "510300",
    "name": "300ETF",
    "extended_name": "沪深300ETF华泰柏瑞",
    "last_price": 4.785,
    "iopv": 4.789,
    "premium_discount_bps": -8.35247442054654,
    "change_rate_pct": -0.33,
    "change_cny": -0.016,
    "open": 4.794,
    "previous_close": 4.801,
    "high": 4.803,
    "low": 4.751,
    "volume_shares": 610229605.0,
    "amount_cny": 2916465430.0,
    "trade_phase_raw": "T111    ",
    "post_close_volume_shares": 0.0,
    "post_close_amount_cny": 0.0,
    "post_close_phase_raw": "A1      ",
    "product_subtype": "EBS",
    "source": "sse.yunhq.sh1.snap",
    "retrieved_at": "2026-08-18T14:34:08.066605+08:00"
  },
  "account_feasibility": {
    "reference_account_cny": 20000.0,
    "creation_unit_notional_cny": 4306500.0,
    "can_directly_create_or_redeem": false,
    "intended_use": "只用PCF和IOPV观察一级市场吸收状态，在二级市场交易510300"
  },
  "storage": {
    "pcf": {
      "file": "data/raw/primary_market/510300_pcf_daily.parquet",
      "row_count": 4,
      "first_key": "2026-08-13",
      "last_key": "2026-08-18",
      "sha256": "829c810ec802ff72ad6532eb5255f25a98fef36cad8dec5db46c14c5e37dac65"
    },
    "iopv": {
      "file": "data/raw/primary_market/510300_iopv_snapshots.parquet",
      "row_count": 365,
      "first_key": "2026-08-13 16:29:06",
      "last_key": "2026-08-18 14:34:07",
      "sha256": "71b8d161c7c242a20b826cdb6efbf3852cd72caceeec126264723e4d5efd060b"
    }
  },
  "raw_response_files": [
    "data/raw/primary_market/raw/iopv/20260818/20260818T143406_180764+0800.json"
  ],
  "governance": {
    "use_as_trading_signal": false,
    "automatic_ordering_authorized": false,
    "note": "当前只采集和纸面验证；未通过前向门槛前不得映射实盘仓位。"
  }
}
{
  "status": "PASS",
  "checked_at": "2026-08-18T14:35:10.686718+08:00",
  "collector": {
    "collector_id": "510300_PRIMARY_SECONDARY_FORWARD_V1",
    "symbol": "510300.SH",
    "fund_code": "510300",
    "timezone": "Asia/Shanghai",
    "timeout_seconds": 15,
    "observation_interval_seconds": 60,
    "collection_start_time": "09:30:00",
    "collection_end_time": "15:00:00",
    "collection_sessions": [
      [
        "09:30:00",
        "11:30:00"
      ],
      [
        "13:00:00",
        "15:00:00"
      ]
    ],
    "evidence_scope": "仅从实际接入日起的前向数据，不回填历史IOPV"
  },
  "checks": {
    "same_fund_code": true,
    "same_trade_date": true,
    "iopv_publication_enabled": true,
    "positive_iopv": true,
    "positive_last_price": true,
    "positive_creation_unit": true,
    "snapshot_fresh_during_collection_session": true
  },
  "freshness": {
    "during_collection_session": true,
    "clock_delay_seconds": 0.686718,
    "maximum_allowed_seconds_during_session": 180.0
  },
  "latest_pcf": {
    "trading_day": "2026-08-18",
    "previous_trading_day": "2026-08-17",
    "fund_code": "510300",
    "fund_name": "华泰柏瑞沪深300交易型开放式指数证券投资基金",
    "fund_company": "华泰柏瑞基金管理有限公司",
    "file_id": "1465021",
    "etf_type": "8",
    "nav": 4.8038,
    "nav_per_creation_unit": 4323446.47,
    "previous_cash_component": 108343.47,
    "estimated_cash_component": 108377.47,
    "maximum_cash_ratio": 0.5,
    "creation_redemption_unit": 900000,
    "component_count": 300,
    "publish_iopv": true,
    "creation_redemption_status": "申购和赎回皆允许",
    "creation_redemption_mechanism": "1",
    "creation_limit": null,
    "redemption_limit": 3600000000.0,
    "net_creation_limit": null,
    "net_redemption_limit": null,
    "creation_limit_per_account": null,
    "redemption_limit_per_account": null,
    "net_creation_limit_per_account": null,
    "net_redemption_limit_per_account": null,
    "source": "sse.COMMON_SSE_CP_JJLB_ETFJJGK_GGSGSHQD_JBXX_C",
    "retrieved_at": "2026-08-18T09:30:05.929758+08:00"
  },
  "latest_iopv": {
    "exchange_timestamp": "2026-08-18 14:35:10",
    "trade_date": "2026-08-18",
    "fund_code": "510300",
    "name": "300ETF",
    "extended_name": "沪深300ETF华泰柏瑞",
    "last_price": 4.788,
    "iopv": 4.7913,
    "premium_discount_bps": -6.887483563958741,
    "change_rate_pct": -0.27,
    "change_cny": -0.013,
    "open": 4.794,
    "previous_close": 4.801,
    "high": 4.803,
    "low": 4.751,
    "volume_shares": 612690705.0,
    "amount_cny": 2928246121.0,
    "trade_phase_raw": "T111    ",
    "post_close_volume_shares": 0.0,
    "post_close_amount_cny": 0.0,
    "post_close_phase_raw": "A1      ",
    "product_subtype": "EBS",
    "source": "sse.yunhq.sh1.snap",
    "retrieved_at": "2026-08-18T14:35:10.574170+08:00"
  },
  "account_feasibility": {
    "reference_account_cny": 20000.0,
    "creation_unit_notional_cny": 4309200.0,
    "can_directly_create_or_redeem": false,
    "intended_use": "只用PCF和IOPV观察一级市场吸收状态，在二级市场交易510300"
  },
  "storage": {
    "pcf": {
      "file": "data/raw/primary_market/510300_pcf_daily.parquet",
      "row_count": 4,
      "first_key": "2026-08-13",
      "last_key": "2026-08-18",
      "sha256": "829c810ec802ff72ad6532eb5255f25a98fef36cad8dec5db46c14c5e37dac65"
    },
    "iopv": {
      "file": "data/raw/primary_market/510300_iopv_snapshots.parquet",
      "row_count": 366,
      "first_key": "2026-08-13 16:29:06",
      "last_key": "2026-08-18 14:35:10",
      "sha256": "c146dcf88defe5256c6df8da43f80a99e80250c3ba577f9a23e737b811177b8b"
    }
  },
  "raw_response_files": [
    "data/raw/primary_market/raw/iopv/20260818/20260818T143508_121276+0800.json"
  ],
  "governance": {
    "use_as_trading_signal": false,
    "automatic_ordering_authorized": false,
    "note": "当前只采集和纸面验证；未通过前向门槛前不得映射实盘仓位。"
  }
}
{
  "status": "PASS",
  "checked_at": "2026-08-18T14:36:12.957901+08:00",
  "collector": {
    "collector_id": "510300_PRIMARY_SECONDARY_FORWARD_V1",
    "symbol": "510300.SH",
    "fund_code": "510300",
    "timezone": "Asia/Shanghai",
    "timeout_seconds": 15,
    "observation_interval_seconds": 60,
    "collection_start_time": "09:30:00",
    "collection_end_time": "15:00:00",
    "collection_sessions": [
      [
        "09:30:00",
        "11:30:00"
      ],
      [
        "13:00:00",
        "15:00:00"
      ]
    ],
    "evidence_scope": "仅从实际接入日起的前向数据，不回填历史IOPV"
  },
  "checks": {
    "same_fund_code": true,
    "same_trade_date": true,
    "iopv_publication_enabled": true,
    "positive_iopv": true,
    "positive_last_price": true,
    "positive_creation_unit": true,
    "snapshot_fresh_during_collection_session": true
  },
  "freshness": {
    "during_collection_session": true,
    "clock_delay_seconds": 0.957901,
    "maximum_allowed_seconds_during_session": 180.0
  },
  "latest_pcf": {
    "trading_day": "2026-08-18",
    "previous_trading_day": "2026-08-17",
    "fund_code": "510300",
    "fund_name": "华泰柏瑞沪深300交易型开放式指数证券投资基金",
    "fund_company": "华泰柏瑞基金管理有限公司",
    "file_id": "1465021",
    "etf_type": "8",
    "nav": 4.8038,
    "nav_per_creation_unit": 4323446.47,
    "previous_cash_component": 108343.47,
    "estimated_cash_component": 108377.47,
    "maximum_cash_ratio": 0.5,
    "creation_redemption_unit": 900000,
    "component_count": 300,
    "publish_iopv": true,
    "creation_redemption_status": "申购和赎回皆允许",
    "creation_redemption_mechanism": "1",
    "creation_limit": null,
    "redemption_limit": 3600000000.0,
    "net_creation_limit": null,
    "net_redemption_limit": null,
    "creation_limit_per_account": null,
    "redemption_limit_per_account": null,
    "net_creation_limit_per_account": null,
    "net_redemption_limit_per_account": null,
    "source": "sse.COMMON_SSE_CP_JJLB_ETFJJGK_GGSGSHQD_JBXX_C",
    "retrieved_at": "2026-08-18T09:30:05.929758+08:00"
  },
  "latest_iopv": {
    "exchange_timestamp": "2026-08-18 14:36:12",
    "trade_date": "2026-08-18",
    "fund_code": "510300",
    "name": "300ETF",
    "extended_name": "沪深300ETF华泰柏瑞",
    "last_price": 4.789,
    "iopv": 4.7913,
    "premium_discount_bps": -4.800367332457034,
    "change_rate_pct": -0.25,
    "change_cny": -0.012,
    "open": 4.794,
    "previous_close": 4.801,
    "high": 4.803,
    "low": 4.751,
    "volume_shares": 615515305.0,
    "amount_cny": 2941772744.0,
    "trade_phase_raw": "T111    ",
    "post_close_volume_shares": 0.0,
    "post_close_amount_cny": 0.0,
    "post_close_phase_raw": "A1      ",
    "product_subtype": "EBS",
    "source": "sse.yunhq.sh1.snap",
    "retrieved_at": "2026-08-18T14:36:12.931006+08:00"
  },
  "account_feasibility": {
    "reference_account_cny": 20000.0,
    "creation_unit_notional_cny": 4310100.0,
    "can_directly_create_or_redeem": false,
    "intended_use": "只用PCF和IOPV观察一级市场吸收状态，在二级市场交易510300"
  },
  "storage": {
    "pcf": {
      "file": "data/raw/primary_market/510300_pcf_daily.parquet",
      "row_count": 4,
      "first_key": "2026-08-13",
      "last_key": "2026-08-18",
      "sha256": "829c810ec802ff72ad6532eb5255f25a98fef36cad8dec5db46c14c5e37dac65"
    },
    "iopv": {
      "file": "data/raw/primary_market/510300_iopv_snapshots.parquet",
      "row_count": 367,
      "first_key": "2026-08-13 16:29:06",
      "last_key": "2026-08-18 14:36:12",
      "sha256": "adabb068f274c28bbcaeca88674dd6f1c175d6fb7e645fc338d2548ba11b7084"
    }
  },
  "raw_response_files": [
    "data/raw/primary_market/raw/iopv/20260818/20260818T143610_690780+0800.json"
  ],
  "governance": {
    "use_as_trading_signal": false,
    "automatic_ordering_authorized": false,
    "note": "当前只采集和纸面验证；未通过前向门槛前不得映射实盘仓位。"
  }
}
{
  "status": "PASS",
  "checked_at": "2026-08-18T14:37:14.610020+08:00",
  "collector": {
    "collector_id": "510300_PRIMARY_SECONDARY_FORWARD_V1",
    "symbol": "510300.SH",
    "fund_code": "510300",
    "timezone": "Asia/Shanghai",
    "timeout_seconds": 15,
    "observation_interval_seconds": 60,
    "collection_start_time": "09:30:00",
    "collection_end_time": "15:00:00",
    "collection_sessions": [
      [
        "09:30:00",
        "11:30:00"
      ],
      [
        "13:00:00",
        "15:00:00"
      ]
    ],
    "evidence_scope": "仅从实际接入日起的前向数据，不回填历史IOPV"
  },
  "checks": {
    "same_fund_code": true,
    "same_trade_date": true,
    "iopv_publication_enabled": true,
    "positive_iopv": true,
    "positive_last_price": true,
    "positive_creation_unit": true,
    "snapshot_fresh_during_collection_session": true
  },
  "freshness": {
    "during_collection_session": true,
    "clock_delay_seconds": 0.61002,
    "maximum_allowed_seconds_during_session": 180.0
  },
  "latest_pcf": {
    "trading_day": "2026-08-18",
    "previous_trading_day": "2026-08-17",
    "fund_code": "510300",
    "fund_name": "华泰柏瑞沪深300交易型开放式指数证券投资基金",
    "fund_company": "华泰柏瑞基金管理有限公司",
    "file_id": "1465021",
    "etf_type": "8",
    "nav": 4.8038,
    "nav_per_creation_unit": 4323446.47,
    "previous_cash_component": 108343.47,
    "estimated_cash_component": 108377.47,
    "maximum_cash_ratio": 0.5,
    "creation_redemption_unit": 900000,
    "component_count": 300,
    "publish_iopv": true,
    "creation_redemption_status": "申购和赎回皆允许",
    "creation_redemption_mechanism": "1",
    "creation_limit": null,
    "redemption_limit": 3600000000.0,
    "net_creation_limit": null,
    "net_redemption_limit": null,
    "creation_limit_per_account": null,
    "redemption_limit_per_account": null,
    "net_creation_limit_per_account": null,
    "net_redemption_limit_per_account": null,
    "source": "sse.COMMON_SSE_CP_JJLB_ETFJJGK_GGSGSHQD_JBXX_C",
    "retrieved_at": "2026-08-18T09:30:05.929758+08:00"
  },
  "latest_iopv": {
    "exchange_timestamp": "2026-08-18 14:37:14",
    "trade_date": "2026-08-18",
    "fund_code": "510300",
    "name": "300ETF",
    "extended_name": "沪深300ETF华泰柏瑞",
    "last_price": 4.788,
    "iopv": 4.7911,
    "premium_discount_bps": -6.470330404291236,
    "change_rate_pct": -0.27,
    "change_cny": -0.013,
    "open": 4.794,
    "previous_close": 4.801,
    "high": 4.803,
    "low": 4.751,
    "volume_shares": 617159705.0,
    "amount_cny": 2949646397.0,
    "trade_phase_raw": "T111    ",
    "post_close_volume_shares": 0.0,
    "post_close_amount_cny": 0.0,
    "post_close_phase_raw": "A1      ",
    "product_subtype": "EBS",
    "source": "sse.yunhq.sh1.snap",
    "retrieved_at": "2026-08-18T14:37:14.583375+08:00"
  },
  "account_feasibility": {
    "reference_account_cny": 20000.0,
    "creation_unit_notional_cny": 4309200.0,
    "can_directly_create_or_redeem": false,
    "intended_use": "只用PCF和IOPV观察一级市场吸收状态，在二级市场交易510300"
  },
  "storage": {
    "pcf": {
      "file": "data/raw/primary_market/510300_pcf_daily.parquet",
      "row_count": 4,
      "first_key": "2026-08-13",
      "last_key": "2026-08-18",
      "sha256": "829c810ec802ff72ad6532eb5255f25a98fef36cad8dec5db46c14c5e37dac65"
    },
    "iopv": {
      "file": "data/raw/primary_market/510300_iopv_snapshots.parquet",
      "row_count": 368,
      "first_key": "2026-08-13 16:29:06",
      "last_key": "2026-08-18 14:37:14",
      "sha256": "63ae93f0a57ed1d387ab2c550c1f7a4e2abae5d5732de45b46d17a1495e4275b"
    }
  },
  "raw_response_files": [
    "data/raw/primary_market/raw/iopv/20260818/20260818T143712_959837+0800.json"
  ],
  "governance": {
    "use_as_trading_signal": false,
    "automatic_ordering_authorized": false,
    "note": "当前只采集和纸面验证；未通过前向门槛前不得映射实盘仓位。"
  }
}
{
  "status": "PASS",
  "checked_at": "2026-08-18T14:38:15.895341+08:00",
  "collector": {
    "collector_id": "510300_PRIMARY_SECONDARY_FORWARD_V1",
    "symbol": "510300.SH",
    "fund_code": "510300",
    "timezone": "Asia/Shanghai",
    "timeout_seconds": 15,
    "observation_interval_seconds": 60,
    "collection_start_time": "09:30:00",
    "collection_end_time": "15:00:00",
    "collection_sessions": [
      [
        "09:30:00",
        "11:30:00"
      ],
      [
        "13:00:00",
        "15:00:00"
      ]
    ],
    "evidence_scope": "仅从实际接入日起的前向数据，不回填历史IOPV"
  },
  "checks": {
    "same_fund_code": true,
    "same_trade_date": true,
    "iopv_publication_enabled": true,
    "positive_iopv": true,
    "positive_last_price": true,
    "positive_creation_unit": true,
    "snapshot_fresh_during_collection_session": true
  },
  "freshness": {
    "during_collection_session": true,
    "clock_delay_seconds": 0.895341,
    "maximum_allowed_seconds_during_session": 180.0
  },
  "latest_pcf": {
    "trading_day": "2026-08-18",
    "previous_trading_day": "2026-08-17",
    "fund_code": "510300",
    "fund_name": "华泰柏瑞沪深300交易型开放式指数证券投资基金",
    "fund_company": "华泰柏瑞基金管理有限公司",
    "file_id": "1465021",
    "etf_type": "8",
    "nav": 4.8038,
    "nav_per_creation_unit": 4323446.47,
    "previous_cash_component": 108343.47,
    "estimated_cash_component": 108377.47,
    "maximum_cash_ratio": 0.5,
    "creation_redemption_unit": 900000,
    "component_count": 300,
    "publish_iopv": true,
    "creation_redemption_status": "申购和赎回皆允许",
    "creation_redemption_mechanism": "1",
    "creation_limit": null,
    "redemption_limit": 3600000000.0,
    "net_creation_limit": null,
    "net_redemption_limit": null,
    "creation_limit_per_account": null,
    "redemption_limit_per_account": null,
    "net_creation_limit_per_account": null,
    "net_redemption_limit_per_account": null,
    "source": "sse.COMMON_SSE_CP_JJLB_ETFJJGK_GGSGSHQD_JBXX_C",
    "retrieved_at": "2026-08-18T09:30:05.929758+08:00"
  },
  "latest_iopv": {
    "exchange_timestamp": "2026-08-18 14:38:15",
    "trade_date": "2026-08-18",
    "fund_code": "510300",
    "name": "300ETF",
    "extended_name": "沪深300ETF华泰柏瑞",
    "last_price": 4.787,
    "iopv": 4.7895,
    "premium_discount_bps": -5.219751539827788,
    "change_rate_pct": -0.29,
    "change_cny": -0.014,
    "open": 4.794,
    "previous_close": 4.801,
    "high": 4.803,
    "low": 4.751,
    "volume_shares": 619710605.0,
    "amount_cny": 2961857063.0,
    "trade_phase_raw": "T111    ",
    "post_close_volume_shares": 0.0,
    "post_close_amount_cny": 0.0,
    "post_close_phase_raw": "A1      ",
    "product_subtype": "EBS",
    "source": "sse.yunhq.sh1.snap",
    "retrieved_at": "2026-08-18T14:38:15.854703+08:00"
  },
  "account_feasibility": {
    "reference_account_cny": 20000.0,
    "creation_unit_notional_cny": 4308300.0,
    "can_directly_create_or_redeem": false,
    "intended_use": "只用PCF和IOPV观察一级市场吸收状态，在二级市场交易510300"
  },
  "storage": {
    "pcf": {
      "file": "data/raw/primary_market/510300_pcf_daily.parquet",
      "row_count": 4,
      "first_key": "2026-08-13",
      "last_key": "2026-08-18",
      "sha256": "829c810ec802ff72ad6532eb5255f25a98fef36cad8dec5db46c14c5e37dac65"
    },
    "iopv": {
      "file": "data/raw/primary_market/510300_iopv_snapshots.parquet",
      "row_count": 369,
      "first_key": "2026-08-13 16:29:06",
      "last_key": "2026-08-18 14:38:15",
      "sha256": "efc28e8b3c7b5c1583c336dcffcc3c4879474d3f0ee42204ad9e306037cde0b4"
    }
  },
  "raw_response_files": [
    "data/raw/primary_market/raw/iopv/20260818/20260818T143814_612267+0800.json"
  ],
  "governance": {
    "use_as_trading_signal": false,
    "automatic_ordering_authorized": false,
    "note": "当前只采集和纸面验证；未通过前向门槛前不得映射实盘仓位。"
  }
}
{
  "status": "PASS",
  "checked_at": "2026-08-18T14:39:17.272902+08:00",
  "collector": {
    "collector_id": "510300_PRIMARY_SECONDARY_FORWARD_V1",
    "symbol": "510300.SH",
    "fund_code": "510300",
    "timezone": "Asia/Shanghai",
    "timeout_seconds": 15,
    "observation_interval_seconds": 60,
    "collection_start_time": "09:30:00",
    "collection_end_time": "15:00:00",
    "collection_sessions": [
      [
        "09:30:00",
        "11:30:00"
      ],
      [
        "13:00:00",
        "15:00:00"
      ]
    ],
    "evidence_scope": "仅从实际接入日起的前向数据，不回填历史IOPV"
  },
  "checks": {
    "same_fund_code": true,
    "same_trade_date": true,
    "iopv_publication_enabled": true,
    "positive_iopv": true,
    "positive_last_price": true,
    "positive_creation_unit": true,
    "snapshot_fresh_during_collection_session": true
  },
  "freshness": {
    "during_collection_session": true,
    "clock_delay_seconds": 1.272902,
    "maximum_allowed_seconds_during_session": 180.0
  },
  "latest_pcf": {
    "trading_day": "2026-08-18",
    "previous_trading_day": "2026-08-17",
    "fund_code": "510300",
    "fund_name": "华泰柏瑞沪深300交易型开放式指数证券投资基金",
    "fund_company": "华泰柏瑞基金管理有限公司",
    "file_id": "1465021",
    "etf_type": "8",
    "nav": 4.8038,
    "nav_per_creation_unit": 4323446.47,
    "previous_cash_component": 108343.47,
    "estimated_cash_component": 108377.47,
    "maximum_cash_ratio": 0.5,
    "creation_redemption_unit": 900000,
    "component_count": 300,
    "publish_iopv": true,
    "creation_redemption_status": "申购和赎回皆允许",
    "creation_redemption_mechanism": "1",
    "creation_limit": null,
    "redemption_limit": 3600000000.0,
    "net_creation_limit": null,
    "net_redemption_limit": null,
    "creation_limit_per_account": null,
    "redemption_limit_per_account": null,
    "net_creation_limit_per_account": null,
    "net_redemption_limit_per_account": null,
    "source": "sse.COMMON_SSE_CP_JJLB_ETFJJGK_GGSGSHQD_JBXX_C",
    "retrieved_at": "2026-08-18T09:30:05.929758+08:00"
  },
  "latest_iopv": {
    "exchange_timestamp": "2026-08-18 14:39:16",
    "trade_date": "2026-08-18",
    "fund_code": "510300",
    "name": "300ETF",
    "extended_name": "沪深300ETF华泰柏瑞",
    "last_price": 4.786,
    "iopv": 4.7894,
    "premium_discount_bps": -7.099010314444154,
    "change_rate_pct": -0.31,
    "change_cny": -0.015,
    "open": 4.794,
    "previous_close": 4.801,
    "high": 4.803,
    "low": 4.751,
    "volume_shares": 623882805.0,
    "amount_cny": 2981829931.0,
    "trade_phase_raw": "T111    ",
    "post_close_volume_shares": 0.0,
    "post_close_amount_cny": 0.0,
    "post_close_phase_raw": "A1      ",
    "product_subtype": "EBS",
    "source": "sse.yunhq.sh1.snap",
    "retrieved_at": "2026-08-18T14:39:17.233473+08:00"
  },
  "account_feasibility": {
    "reference_account_cny": 20000.0,
    "creation_unit_notional_cny": 4307400.0,
    "can_directly_create_or_redeem": false,
    "intended_use": "只用PCF和IOPV观察一级市场吸收状态，在二级市场交易510300"
  },
  "storage": {
    "pcf": {
      "file": "data/raw/primary_market/510300_pcf_daily.parquet",
      "row_count": 4,
      "first_key": "2026-08-13",
      "last_key": "2026-08-18",
      "sha256": "829c810ec802ff72ad6532eb5255f25a98fef36cad8dec5db46c14c5e37dac65"
    },
    "iopv": {
      "file": "data/raw/primary_market/510300_iopv_snapshots.parquet",
      "row_count": 370,
      "first_key": "2026-08-13 16:29:06",
      "last_key": "2026-08-18 14:39:16",
      "sha256": "2baa34e04233cb6db0ae5d3b444ecb90802ba2e3e0b0c44e30cc3da1e9ca9c80"
    }
  },
  "raw_response_files": [
    "data/raw/primary_market/raw/iopv/20260818/20260818T143915_897389+0800.json"
  ],
  "governance": {
    "use_as_trading_signal": false,
    "automatic_ordering_authorized": false,
    "note": "当前只采集和纸面验证；未通过前向门槛前不得映射实盘仓位。"
  }
}
{
  "status": "PASS",
  "checked_at": "2026-08-18T14:40:20.532867+08:00",
  "collector": {
    "collector_id": "510300_PRIMARY_SECONDARY_FORWARD_V1",
    "symbol": "510300.SH",
    "fund_code": "510300",
    "timezone": "Asia/Shanghai",
    "timeout_seconds": 15,
    "observation_interval_seconds": 60,
    "collection_start_time": "09:30:00",
    "collection_end_time": "15:00:00",
    "collection_sessions": [
      [
        "09:30:00",
        "11:30:00"
      ],
      [
        "13:00:00",
        "15:00:00"
      ]
    ],
    "evidence_scope": "仅从实际接入日起的前向数据，不回填历史IOPV"
  },
  "checks": {
    "same_fund_code": true,
    "same_trade_date": true,
    "iopv_publication_enabled": true,
    "positive_iopv": true,
    "positive_last_price": true,
    "positive_creation_unit": true,
    "snapshot_fresh_during_collection_session": true
  },
  "freshness": {
    "during_collection_session": true,
    "clock_delay_seconds": 0.532867,
    "maximum_allowed_seconds_during_session": 180.0
  },
  "latest_pcf": {
    "trading_day": "2026-08-18",
    "previous_trading_day": "2026-08-17",
    "fund_code": "510300",
    "fund_name": "华泰柏瑞沪深300交易型开放式指数证券投资基金",
    "fund_company": "华泰柏瑞基金管理有限公司",
    "file_id": "1465021",
    "etf_type": "8",
    "nav": 4.8038,
    "nav_per_creation_unit": 4323446.47,
    "previous_cash_component": 108343.47,
    "estimated_cash_component": 108377.47,
    "maximum_cash_ratio": 0.5,
    "creation_redemption_unit": 900000,
    "component_count": 300,
    "publish_iopv": true,
    "creation_redemption_status": "申购和赎回皆允许",
    "creation_redemption_mechanism": "1",
    "creation_limit": null,
    "redemption_limit": 3600000000.0,
    "net_creation_limit": null,
    "net_redemption_limit": null,
    "creation_limit_per_account": null,
    "redemption_limit_per_account": null,
    "net_creation_limit_per_account": null,
    "net_redemption_limit_per_account": null,
    "source": "sse.COMMON_SSE_CP_JJLB_ETFJJGK_GGSGSHQD_JBXX_C",
    "retrieved_at": "2026-08-18T09:30:05.929758+08:00"
  },
  "latest_iopv": {
    "exchange_timestamp": "2026-08-18 14:40:20",
    "trade_date": "2026-08-18",
    "fund_code": "510300",
    "name": "300ETF",
    "extended_name": "沪深300ETF华泰柏瑞",
    "last_price": 4.787,
    "iopv": 4.7895,
    "premium_discount_bps": -5.219751539827788,
    "change_rate_pct": -0.29,
    "change_cny": -0.014,
    "open": 4.794,
    "previous_close": 4.801,
    "high": 4.803,
    "low": 4.751,
    "volume_shares": 628037905.0,
    "amount_cny": 3001717240.0,
    "trade_phase_raw": "T111    ",
    "post_close_volume_shares": 0.0,
    "post_close_amount_cny": 0.0,
    "post_close_phase_raw": "A1      ",
    "product_subtype": "EBS",
    "source": "sse.yunhq.sh1.snap",
    "retrieved_at": "2026-08-18T14:40:20.494172+08:00"
  },
  "account_feasibility": {
    "reference_account_cny": 20000.0,
    "creation_unit_notional_cny": 4308300.0,
    "can_directly_create_or_redeem": false,
    "intended_use": "只用PCF和IOPV观察一级市场吸收状态，在二级市场交易510300"
  },
  "storage": {
    "pcf": {
      "file": "data/raw/primary_market/510300_pcf_daily.parquet",
      "row_count": 4,
      "first_key": "2026-08-13",
      "last_key": "2026-08-18",
      "sha256": "829c810ec802ff72ad6532eb5255f25a98fef36cad8dec5db46c14c5e37dac65"
    },
    "iopv": {
      "file": "data/raw/primary_market/510300_iopv_snapshots.parquet",
      "row_count": 371,
      "first_key": "2026-08-13 16:29:06",
      "last_key": "2026-08-18 14:40:20",
      "sha256": "02dc73952f3d95db75b741155a3f9c58fc896a21ab165209ca1f437eb83db63a"
    }
  },
  "raw_response_files": [
    "data/raw/primary_market/raw/iopv/20260818/20260818T144017_275239+0800.json"
  ],
  "governance": {
    "use_as_trading_signal": false,
    "automatic_ordering_authorized": false,
    "note": "当前只采集和纸面验证；未通过前向门槛前不得映射实盘仓位。"
  }
}
{
  "status": "PASS",
  "checked_at": "2026-08-18T14:41:22.365634+08:00",
  "collector": {
    "collector_id": "510300_PRIMARY_SECONDARY_FORWARD_V1",
    "symbol": "510300.SH",
    "fund_code": "510300",
    "timezone": "Asia/Shanghai",
    "timeout_seconds": 15,
    "observation_interval_seconds": 60,
    "collection_start_time": "09:30:00",
    "collection_end_time": "15:00:00",
    "collection_sessions": [
      [
        "09:30:00",
        "11:30:00"
      ],
      [
        "13:00:00",
        "15:00:00"
      ]
    ],
    "evidence_scope": "仅从实际接入日起的前向数据，不回填历史IOPV"
  },
  "checks": {
    "same_fund_code": true,
    "same_trade_date": true,
    "iopv_publication_enabled": true,
    "positive_iopv": true,
    "positive_last_price": true,
    "positive_creation_unit": true,
    "snapshot_fresh_during_collection_session": true
  },
  "freshness": {
    "during_collection_session": true,
    "clock_delay_seconds": 0.365634,
    "maximum_allowed_seconds_during_session": 180.0
  },
  "latest_pcf": {
    "trading_day": "2026-08-18",
    "previous_trading_day": "2026-08-17",
    "fund_code": "510300",
    "fund_name": "华泰柏瑞沪深300交易型开放式指数证券投资基金",
    "fund_company": "华泰柏瑞基金管理有限公司",
    "file_id": "1465021",
    "etf_type": "8",
    "nav": 4.8038,
    "nav_per_creation_unit": 4323446.47,
    "previous_cash_component": 108343.47,
    "estimated_cash_component": 108377.47,
    "maximum_cash_ratio": 0.5,
    "creation_redemption_unit": 900000,
    "component_count": 300,
    "publish_iopv": true,
    "creation_redemption_status": "申购和赎回皆允许",
    "creation_redemption_mechanism": "1",
    "creation_limit": null,
    "redemption_limit": 3600000000.0,
    "net_creation_limit": null,
    "net_redemption_limit": null,
    "creation_limit_per_account": null,
    "redemption_limit_per_account": null,
    "net_creation_limit_per_account": null,
    "net_redemption_limit_per_account": null,
    "source": "sse.COMMON_SSE_CP_JJLB_ETFJJGK_GGSGSHQD_JBXX_C",
    "retrieved_at": "2026-08-18T09:30:05.929758+08:00"
  },
  "latest_iopv": {
    "exchange_timestamp": "2026-08-18 14:41:22",
    "trade_date": "2026-08-18",
    "fund_code": "510300",
    "name": "300ETF",
    "extended_name": "沪深300ETF华泰柏瑞",
    "last_price": 4.785,
    "iopv": 4.788,
    "premium_discount_bps": -6.265664160400863,
    "change_rate_pct": -0.33,
    "change_cny": -0.016,
    "open": 4.794,
    "previous_close": 4.801,
    "high": 4.803,
    "low": 4.751,
    "volume_shares": 629925605.0,
    "amount_cny": 3010752008.0,
    "trade_phase_raw": "T111    ",
    "post_close_volume_shares": 0.0,
    "post_close_amount_cny": 0.0,
    "post_close_phase_raw": "A1      ",
    "product_subtype": "EBS",
    "source": "sse.yunhq.sh1.snap",
    "retrieved_at": "2026-08-18T14:41:22.336676+08:00"
  },
  "account_feasibility": {
    "reference_account_cny": 20000.0,
    "creation_unit_notional_cny": 4306500.0,
    "can_directly_create_or_redeem": false,
    "intended_use": "只用PCF和IOPV观察一级市场吸收状态，在二级市场交易510300"
  },
  "storage": {
    "pcf": {
      "file": "data/raw/primary_market/510300_pcf_daily.parquet",
      "row_count": 4,
      "first_key": "2026-08-13",
      "last_key": "2026-08-18",
      "sha256": "829c810ec802ff72ad6532eb5255f25a98fef36cad8dec5db46c14c5e37dac65"
    },
    "iopv": {
      "file": "data/raw/primary_market/510300_iopv_snapshots.parquet",
      "row_count": 372,
      "first_key": "2026-08-13 16:29:06",
      "last_key": "2026-08-18 14:41:22",
      "sha256": "ac24dd836f313502e8ebe3fd03e480dd8b742487b87ef770f62571e8a103ffb6"
    }
  },
  "raw_response_files": [
    "data/raw/primary_market/raw/iopv/20260818/20260818T144120_546152+0800.json"
  ],
  "governance": {
    "use_as_trading_signal": false,
    "automatic_ordering_authorized": false,
    "note": "当前只采集和纸面验证；未通过前向门槛前不得映射实盘仓位。"
  }
}
{
  "status": "PASS",
  "checked_at": "2026-08-18T14:42:23.859251+08:00",
  "collector": {
    "collector_id": "510300_PRIMARY_SECONDARY_FORWARD_V1",
    "symbol": "510300.SH",
    "fund_code": "510300",
    "timezone": "Asia/Shanghai",
    "timeout_seconds": 15,
    "observation_interval_seconds": 60,
    "collection_start_time": "09:30:00",
    "collection_end_time": "15:00:00",
    "collection_sessions": [
      [
        "09:30:00",
        "11:30:00"
      ],
      [
        "13:00:00",
        "15:00:00"
      ]
    ],
    "evidence_scope": "仅从实际接入日起的前向数据，不回填历史IOPV"
  },
  "checks": {
    "same_fund_code": true,
    "same_trade_date": true,
    "iopv_publication_enabled": true,
    "positive_iopv": true,
    "positive_last_price": true,
    "positive_creation_unit": true,
    "snapshot_fresh_during_collection_session": true
  },
  "freshness": {
    "during_collection_session": true,
    "clock_delay_seconds": 0.859251,
    "maximum_allowed_seconds_during_session": 180.0
  },
  "latest_pcf": {
    "trading_day": "2026-08-18",
    "previous_trading_day": "2026-08-17",
    "fund_code": "510300",
    "fund_name": "华泰柏瑞沪深300交易型开放式指数证券投资基金",
    "fund_company": "华泰柏瑞基金管理有限公司",
    "file_id": "1465021",
    "etf_type": "8",
    "nav": 4.8038,
    "nav_per_creation_unit": 4323446.47,
    "previous_cash_component": 108343.47,
    "estimated_cash_component": 108377.47,
    "maximum_cash_ratio": 0.5,
    "creation_redemption_unit": 900000,
    "component_count": 300,
    "publish_iopv": true,
    "creation_redemption_status": "申购和赎回皆允许",
    "creation_redemption_mechanism": "1",
    "creation_limit": null,
    "redemption_limit": 3600000000.0,
    "net_creation_limit": null,
    "net_redemption_limit": null,
    "creation_limit_per_account": null,
    "redemption_limit_per_account": null,
    "net_creation_limit_per_account": null,
    "net_redemption_limit_per_account": null,
    "source": "sse.COMMON_SSE_CP_JJLB_ETFJJGK_GGSGSHQD_JBXX_C",
    "retrieved_at": "2026-08-18T09:30:05.929758+08:00"
  },
  "latest_iopv": {
    "exchange_timestamp": "2026-08-18 14:42:23",
    "trade_date": "2026-08-18",
    "fund_code": "510300",
    "name": "300ETF",
    "extended_name": "沪深300ETF华泰柏瑞",
    "last_price": 4.784,
    "iopv": 4.7874,
    "premium_discount_bps": -7.101976020387202,
    "change_rate_pct": -0.35,
    "change_cny": -0.017,
    "open": 4.794,
    "previous_close": 4.801,
    "high": 4.803,
    "low": 4.751,
    "volume_shares": 631896805.0,
    "amount_cny": 3020183912.0,
    "trade_phase_raw": "T111    ",
    "post_close_volume_shares": 0.0,
    "post_close_amount_cny": 0.0,
    "post_close_phase_raw": "A1      ",
    "product_subtype": "EBS",
    "source": "sse.yunhq.sh1.snap",
    "retrieved_at": "2026-08-18T14:42:23.823122+08:00"
  },
  "account_feasibility": {
    "reference_account_cny": 20000.0,
    "creation_unit_notional_cny": 4305600.0,
    "can_directly_create_or_redeem": false,
    "intended_use": "只用PCF和IOPV观察一级市场吸收状态，在二级市场交易510300"
  },
  "storage": {
    "pcf": {
      "file": "data/raw/primary_market/510300_pcf_daily.parquet",
      "row_count": 4,
      "first_key": "2026-08-13",
      "last_key": "2026-08-18",
      "sha256": "829c810ec802ff72ad6532eb5255f25a98fef36cad8dec5db46c14c5e37dac65"
    },
    "iopv": {
      "file": "data/raw/primary_market/510300_iopv_snapshots.parquet",
      "row_count": 373,
      "first_key": "2026-08-13 16:29:06",
      "last_key": "2026-08-18 14:42:23",
      "sha256": "ae058f5a49910dcf0feb0d77686040b6d93cb0a61ff39f60df084f91453aad5a"
    }
  },
  "raw_response_files": [
    "data/raw/primary_market/raw/iopv/20260818/20260818T144222_368538+0800.json"
  ],
  "governance": {
    "use_as_trading_signal": false,
    "automatic_ordering_authorized": false,
    "note": "当前只采集和纸面验证；未通过前向门槛前不得映射实盘仓位。"
  }
}
{
  "status": "PASS",
  "checked_at": "2026-08-18T14:43:25.177482+08:00",
  "collector": {
    "collector_id": "510300_PRIMARY_SECONDARY_FORWARD_V1",
    "symbol": "510300.SH",
    "fund_code": "510300",
    "timezone": "Asia/Shanghai",
    "timeout_seconds": 15,
    "observation_interval_seconds": 60,
    "collection_start_time": "09:30:00",
    "collection_end_time": "15:00:00",
    "collection_sessions": [
      [
        "09:30:00",
        "11:30:00"
      ],
      [
        "13:00:00",
        "15:00:00"
      ]
    ],
    "evidence_scope": "仅从实际接入日起的前向数据，不回填历史IOPV"
  },
  "checks": {
    "same_fund_code": true,
    "same_trade_date": true,
    "iopv_publication_enabled": true,
    "positive_iopv": true,
    "positive_last_price": true,
    "positive_creation_unit": true,
    "snapshot_fresh_during_collection_session": true
  },
  "freshness": {
    "during_collection_session": true,
    "clock_delay_seconds": 1.177482,
    "maximum_allowed_seconds_during_session": 180.0
  },
  "latest_pcf": {
    "trading_day": "2026-08-18",
    "previous_trading_day": "2026-08-17",
    "fund_code": "510300",
    "fund_name": "华泰柏瑞沪深300交易型开放式指数证券投资基金",
    "fund_company": "华泰柏瑞基金管理有限公司",
    "file_id": "1465021",
    "etf_type": "8",
    "nav": 4.8038,
    "nav_per_creation_unit": 4323446.47,
    "previous_cash_component": 108343.47,
    "estimated_cash_component": 108377.47,
    "maximum_cash_ratio": 0.5,
    "creation_redemption_unit": 900000,
    "component_count": 300,
    "publish_iopv": true,
    "creation_redemption_status": "申购和赎回皆允许",
    "creation_redemption_mechanism": "1",
    "creation_limit": null,
    "redemption_limit": 3600000000.0,
    "net_creation_limit": null,
    "net_redemption_limit": null,
    "creation_limit_per_account": null,
    "redemption_limit_per_account": null,
    "net_creation_limit_per_account": null,
    "net_redemption_limit_per_account": null,
    "source": "sse.COMMON_SSE_CP_JJLB_ETFJJGK_GGSGSHQD_JBXX_C",
    "retrieved_at": "2026-08-18T09:30:05.929758+08:00"
  },
  "latest_iopv": {
    "exchange_timestamp": "2026-08-18 14:43:24",
    "trade_date": "2026-08-18",
    "fund_code": "510300",
    "name": "300ETF",
    "extended_name": "沪深300ETF华泰柏瑞",
    "last_price": 4.785,
    "iopv": 4.7876,
    "premium_discount_bps": -5.4306959645755715,
    "change_rate_pct": -0.33,
    "change_cny": -0.016,
    "open": 4.794,
    "previous_close": 4.801,
    "high": 4.803,
    "low": 4.751,
    "volume_shares": 632902505.0,
    "amount_cny": 3024996830.0,
    "trade_phase_raw": "T111    ",
    "post_close_volume_shares": 0.0,
    "post_close_amount_cny": 0.0,
    "post_close_phase_raw": "A1      ",
    "product_subtype": "EBS",
    "source": "sse.yunhq.sh1.snap",
    "retrieved_at": "2026-08-18T14:43:25.143012+08:00"
  },
  "account_feasibility": {
    "reference_account_cny": 20000.0,
    "creation_unit_notional_cny": 4306500.0,
    "can_directly_create_or_redeem": false,
    "intended_use": "只用PCF和IOPV观察一级市场吸收状态，在二级市场交易510300"
  },
  "storage": {
    "pcf": {
      "file": "data/raw/primary_market/510300_pcf_daily.parquet",
      "row_count": 4,
      "first_key": "2026-08-13",
      "last_key": "2026-08-18",
      "sha256": "829c810ec802ff72ad6532eb5255f25a98fef36cad8dec5db46c14c5e37dac65"
    },
    "iopv": {
      "file": "data/raw/primary_market/510300_iopv_snapshots.parquet",
      "row_count": 374,
      "first_key": "2026-08-13 16:29:06",
      "last_key": "2026-08-18 14:43:24",
      "sha256": "cf934e5cf45b8e6320e84c7f5cdf0acce2f4f65636147ce1811788a01dbcdbec"
    }
  },
  "raw_response_files": [
    "data/raw/primary_market/raw/iopv/20260818/20260818T144323_861930+0800.json"
  ],
  "governance": {
    "use_as_trading_signal": false,
    "automatic_ordering_authorized": false,
    "note": "当前只采集和纸面验证；未通过前向门槛前不得映射实盘仓位。"
  }
}
{
  "status": "PASS",
  "checked_at": "2026-08-18T14:44:26.456107+08:00",
  "collector": {
    "collector_id": "510300_PRIMARY_SECONDARY_FORWARD_V1",
    "symbol": "510300.SH",
    "fund_code": "510300",
    "timezone": "Asia/Shanghai",
    "timeout_seconds": 15,
    "observation_interval_seconds": 60,
    "collection_start_time": "09:30:00",
    "collection_end_time": "15:00:00",
    "collection_sessions": [
      [
        "09:30:00",
        "11:30:00"
      ],
      [
        "13:00:00",
        "15:00:00"
      ]
    ],
    "evidence_scope": "仅从实际接入日起的前向数据，不回填历史IOPV"
  },
  "checks": {
    "same_fund_code": true,
    "same_trade_date": true,
    "iopv_publication_enabled": true,
    "positive_iopv": true,
    "positive_last_price": true,
    "positive_creation_unit": true,
    "snapshot_fresh_during_collection_session": true
  },
  "freshness": {
    "during_collection_session": true,
    "clock_delay_seconds": 0.456107,
    "maximum_allowed_seconds_during_session": 180.0
  },
  "latest_pcf": {
    "trading_day": "2026-08-18",
    "previous_trading_day": "2026-08-17",
    "fund_code": "510300",
    "fund_name": "华泰柏瑞沪深300交易型开放式指数证券投资基金",
    "fund_company": "华泰柏瑞基金管理有限公司",
    "file_id": "1465021",
    "etf_type": "8",
    "nav": 4.8038,
    "nav_per_creation_unit": 4323446.47,
    "previous_cash_component": 108343.47,
    "estimated_cash_component": 108377.47,
    "maximum_cash_ratio": 0.5,
    "creation_redemption_unit": 900000,
    "component_count": 300,
    "publish_iopv": true,
    "creation_redemption_status": "申购和赎回皆允许",
    "creation_redemption_mechanism": "1",
    "creation_limit": null,
    "redemption_limit": 3600000000.0,
    "net_creation_limit": null,
    "net_redemption_limit": null,
    "creation_limit_per_account": null,
    "redemption_limit_per_account": null,
    "net_creation_limit_per_account": null,
    "net_redemption_limit_per_account": null,
    "source": "sse.COMMON_SSE_CP_JJLB_ETFJJGK_GGSGSHQD_JBXX_C",
    "retrieved_at": "2026-08-18T09:30:05.929758+08:00"
  },
  "latest_iopv": {
    "exchange_timestamp": "2026-08-18 14:44:26",
    "trade_date": "2026-08-18",
    "fund_code": "510300",
    "name": "300ETF",
    "extended_name": "沪深300ETF华泰柏瑞",
    "last_price": 4.788,
    "iopv": 4.7889,
    "premium_discount_bps": -1.8793459875954266,
    "change_rate_pct": -0.27,
    "change_cny": -0.013,
    "open": 4.794,
    "previous_close": 4.801,
    "high": 4.803,
    "low": 4.751,
    "volume_shares": 634821294.0,
    "amount_cny": 3034181350.0,
    "trade_phase_raw": "T111    ",
    "post_close_volume_shares": 0.0,
    "post_close_amount_cny": 0.0,
    "post_close_phase_raw": "A1      ",
    "product_subtype": "EBS",
    "source": "sse.yunhq.sh1.snap",
    "retrieved_at": "2026-08-18T14:44:26.420737+08:00"
  },
  "account_feasibility": {
    "reference_account_cny": 20000.0,
    "creation_unit_notional_cny": 4309200.0,
    "can_directly_create_or_redeem": false,
    "intended_use": "只用PCF和IOPV观察一级市场吸收状态，在二级市场交易510300"
  },
  "storage": {
    "pcf": {
      "file": "data/raw/primary_market/510300_pcf_daily.parquet",
      "row_count": 4,
      "first_key": "2026-08-13",
      "last_key": "2026-08-18",
      "sha256": "829c810ec802ff72ad6532eb5255f25a98fef36cad8dec5db46c14c5e37dac65"
    },
    "iopv": {
      "file": "data/raw/primary_market/510300_iopv_snapshots.parquet",
      "row_count": 375,
      "first_key": "2026-08-13 16:29:06",
      "last_key": "2026-08-18 14:44:26",
      "sha256": "52af43a123e7386933108bf5198cd54253d50af15d31bbca773b24c189b817ec"
    }
  },
  "raw_response_files": [
    "data/raw/primary_market/raw/iopv/20260818/20260818T144425_179989+0800.json"
  ],
  "governance": {
    "use_as_trading_signal": false,
    "automatic_ordering_authorized": false,
    "note": "当前只采集和纸面验证；未通过前向门槛前不得映射实盘仓位。"
  }
}
{
  "status": "PASS",
  "checked_at": "2026-08-18T14:45:27.894240+08:00",
  "collector": {
    "collector_id": "510300_PRIMARY_SECONDARY_FORWARD_V1",
    "symbol": "510300.SH",
    "fund_code": "510300",
    "timezone": "Asia/Shanghai",
    "timeout_seconds": 15,
    "observation_interval_seconds": 60,
    "collection_start_time": "09:30:00",
    "collection_end_time": "15:00:00",
    "collection_sessions": [
      [
        "09:30:00",
        "11:30:00"
      ],
      [
        "13:00:00",
        "15:00:00"
      ]
    ],
    "evidence_scope": "仅从实际接入日起的前向数据，不回填历史IOPV"
  },
  "checks": {
    "same_fund_code": true,
    "same_trade_date": true,
    "iopv_publication_enabled": true,
    "positive_iopv": true,
    "positive_last_price": true,
    "positive_creation_unit": true,
    "snapshot_fresh_during_collection_session": true
  },
  "freshness": {
    "during_collection_session": true,
    "clock_delay_seconds": 0.89424,
    "maximum_allowed_seconds_during_session": 180.0
  },
  "latest_pcf": {
    "trading_day": "2026-08-18",
    "previous_trading_day": "2026-08-17",
    "fund_code": "510300",
    "fund_name": "华泰柏瑞沪深300交易型开放式指数证券投资基金",
    "fund_company": "华泰柏瑞基金管理有限公司",
    "file_id": "1465021",
    "etf_type": "8",
    "nav": 4.8038,
    "nav_per_creation_unit": 4323446.47,
    "previous_cash_component": 108343.47,
    "estimated_cash_component": 108377.47,
    "maximum_cash_ratio": 0.5,
    "creation_redemption_unit": 900000,
    "component_count": 300,
    "publish_iopv": true,
    "creation_redemption_status": "申购和赎回皆允许",
    "creation_redemption_mechanism": "1",
    "creation_limit": null,
    "redemption_limit": 3600000000.0,
    "net_creation_limit": null,
    "net_redemption_limit": null,
    "creation_limit_per_account": null,
    "redemption_limit_per_account": null,
    "net_creation_limit_per_account": null,
    "net_redemption_limit_per_account": null,
    "source": "sse.COMMON_SSE_CP_JJLB_ETFJJGK_GGSGSHQD_JBXX_C",
    "retrieved_at": "2026-08-18T09:30:05.929758+08:00"
  },
  "latest_iopv": {
    "exchange_timestamp": "2026-08-18 14:45:27",
    "trade_date": "2026-08-18",
    "fund_code": "510300",
    "name": "300ETF",
    "extended_name": "沪深300ETF华泰柏瑞",
    "last_price": 4.788,
    "iopv": 4.7897,
    "premium_discount_bps": -3.5492828360850215,
    "change_rate_pct": -0.27,
    "change_cny": -0.013,
    "open": 4.794,
    "previous_close": 4.801,
    "high": 4.803,
    "low": 4.751,
    "volume_shares": 635872105.0,
    "amount_cny": 3039212182.0,
    "trade_phase_raw": "T111    ",
    "post_close_volume_shares": 0.0,
    "post_close_amount_cny": 0.0,
    "post_close_phase_raw": "A1      ",
    "product_subtype": "EBS",
    "source": "sse.yunhq.sh1.snap",
    "retrieved_at": "2026-08-18T14:45:27.866843+08:00"
  },
  "account_feasibility": {
    "reference_account_cny": 20000.0,
    "creation_unit_notional_cny": 4309200.0,
    "can_directly_create_or_redeem": false,
    "intended_use": "只用PCF和IOPV观察一级市场吸收状态，在二级市场交易510300"
  },
  "storage": {
    "pcf": {
      "file": "data/raw/primary_market/510300_pcf_daily.parquet",
      "row_count": 4,
      "first_key": "2026-08-13",
      "last_key": "2026-08-18",
      "sha256": "829c810ec802ff72ad6532eb5255f25a98fef36cad8dec5db46c14c5e37dac65"
    },
    "iopv": {
      "file": "data/raw/primary_market/510300_iopv_snapshots.parquet",
      "row_count": 376,
      "first_key": "2026-08-13 16:29:06",
      "last_key": "2026-08-18 14:45:27",
      "sha256": "cce1a4e80e0713d26bb21400d504ee22c6cfb5ecacf687517c7be50724355c26"
    }
  },
  "raw_response_files": [
    "data/raw/primary_market/raw/iopv/20260818/20260818T144526_458094+0800.json"
  ],
  "governance": {
    "use_as_trading_signal": false,
    "automatic_ordering_authorized": false,
    "note": "当前只采集和纸面验证；未通过前向门槛前不得映射实盘仓位。"
  }
}
{
  "status": "PASS",
  "checked_at": "2026-08-18T14:46:30.122940+08:00",
  "collector": {
    "collector_id": "510300_PRIMARY_SECONDARY_FORWARD_V1",
    "symbol": "510300.SH",
    "fund_code": "510300",
    "timezone": "Asia/Shanghai",
    "timeout_seconds": 15,
    "observation_interval_seconds": 60,
    "collection_start_time": "09:30:00",
    "collection_end_time": "15:00:00",
    "collection_sessions": [
      [
        "09:30:00",
        "11:30:00"
      ],
      [
        "13:00:00",
        "15:00:00"
      ]
    ],
    "evidence_scope": "仅从实际接入日起的前向数据，不回填历史IOPV"
  },
  "checks": {
    "same_fund_code": true,
    "same_trade_date": true,
    "iopv_publication_enabled": true,
    "positive_iopv": true,
    "positive_last_price": true,
    "positive_creation_unit": true,
    "snapshot_fresh_during_collection_session": true
  },
  "freshness": {
    "during_collection_session": true,
    "clock_delay_seconds": 1.12294,
    "maximum_allowed_seconds_during_session": 180.0
  },
  "latest_pcf": {
    "trading_day": "2026-08-18",
    "previous_trading_day": "2026-08-17",
    "fund_code": "510300",
    "fund_name": "华泰柏瑞沪深300交易型开放式指数证券投资基金",
    "fund_company": "华泰柏瑞基金管理有限公司",
    "file_id": "1465021",
    "etf_type": "8",
    "nav": 4.8038,
    "nav_per_creation_unit": 4323446.47,
    "previous_cash_component": 108343.47,
    "estimated_cash_component": 108377.47,
    "maximum_cash_ratio": 0.5,
    "creation_redemption_unit": 900000,
    "component_count": 300,
    "publish_iopv": true,
    "creation_redemption_status": "申购和赎回皆允许",
    "creation_redemption_mechanism": "1",
    "creation_limit": null,
    "redemption_limit": 3600000000.0,
    "net_creation_limit": null,
    "net_redemption_limit": null,
    "creation_limit_per_account": null,
    "redemption_limit_per_account": null,
    "net_creation_limit_per_account": null,
    "net_redemption_limit_per_account": null,
    "source": "sse.COMMON_SSE_CP_JJLB_ETFJJGK_GGSGSHQD_JBXX_C",
    "retrieved_at": "2026-08-18T09:30:05.929758+08:00"
  },
  "latest_iopv": {
    "exchange_timestamp": "2026-08-18 14:46:29",
    "trade_date": "2026-08-18",
    "fund_code": "510300",
    "name": "300ETF",
    "extended_name": "沪深300ETF华泰柏瑞",
    "last_price": 4.787,
    "iopv": 4.7899,
    "premium_discount_bps": -6.0544061462664,
    "change_rate_pct": -0.29,
    "change_cny": -0.014,
    "open": 4.794,
    "previous_close": 4.801,
    "high": 4.803,
    "low": 4.751,
    "volume_shares": 637992605.0,
    "amount_cny": 3049363410.0,
    "trade_phase_raw": "T111    ",
    "post_close_volume_shares": 0.0,
    "post_close_amount_cny": 0.0,
    "post_close_phase_raw": "A1      ",
    "product_subtype": "EBS",
    "source": "sse.yunhq.sh1.snap",
    "retrieved_at": "2026-08-18T14:46:30.085865+08:00"
  },
  "account_feasibility": {
    "reference_account_cny": 20000.0,
    "creation_unit_notional_cny": 4308300.0,
    "can_directly_create_or_redeem": false,
    "intended_use": "只用PCF和IOPV观察一级市场吸收状态，在二级市场交易510300"
  },
  "storage": {
    "pcf": {
      "file": "data/raw/primary_market/510300_pcf_daily.parquet",
      "row_count": 4,
      "first_key": "2026-08-13",
      "last_key": "2026-08-18",
      "sha256": "829c810ec802ff72ad6532eb5255f25a98fef36cad8dec5db46c14c5e37dac65"
    },
    "iopv": {
      "file": "data/raw/primary_market/510300_iopv_snapshots.parquet",
      "row_count": 377,
      "first_key": "2026-08-13 16:29:06",
      "last_key": "2026-08-18 14:46:29",
      "sha256": "843ae5851b1862fe75565263cc98b0a908cb27de1fc61582246fa55a153261c5"
    }
  },
  "raw_response_files": [
    "data/raw/primary_market/raw/iopv/20260818/20260818T144627_897709+0800.json"
  ],
  "governance": {
    "use_as_trading_signal": false,
    "automatic_ordering_authorized": false,
    "note": "当前只采集和纸面验证；未通过前向门槛前不得映射实盘仓位。"
  }
}
{
  "status": "PASS",
  "checked_at": "2026-08-18T14:47:31.414593+08:00",
  "collector": {
    "collector_id": "510300_PRIMARY_SECONDARY_FORWARD_V1",
    "symbol": "510300.SH",
    "fund_code": "510300",
    "timezone": "Asia/Shanghai",
    "timeout_seconds": 15,
    "observation_interval_seconds": 60,
    "collection_start_time": "09:30:00",
    "collection_end_time": "15:00:00",
    "collection_sessions": [
      [
        "09:30:00",
        "11:30:00"
      ],
      [
        "13:00:00",
        "15:00:00"
      ]
    ],
    "evidence_scope": "仅从实际接入日起的前向数据，不回填历史IOPV"
  },
  "checks": {
    "same_fund_code": true,
    "same_trade_date": true,
    "iopv_publication_enabled": true,
    "positive_iopv": true,
    "positive_last_price": true,
    "positive_creation_unit": true,
    "snapshot_fresh_during_collection_session": true
  },
  "freshness": {
    "during_collection_session": true,
    "clock_delay_seconds": 0.414593,
    "maximum_allowed_seconds_during_session": 180.0
  },
  "latest_pcf": {
    "trading_day": "2026-08-18",
    "previous_trading_day": "2026-08-17",
    "fund_code": "510300",
    "fund_name": "华泰柏瑞沪深300交易型开放式指数证券投资基金",
    "fund_company": "华泰柏瑞基金管理有限公司",
    "file_id": "1465021",
    "etf_type": "8",
    "nav": 4.8038,
    "nav_per_creation_unit": 4323446.47,
    "previous_cash_component": 108343.47,
    "estimated_cash_component": 108377.47,
    "maximum_cash_ratio": 0.5,
    "creation_redemption_unit": 900000,
    "component_count": 300,
    "publish_iopv": true,
    "creation_redemption_status": "申购和赎回皆允许",
    "creation_redemption_mechanism": "1",
    "creation_limit": null,
    "redemption_limit": 3600000000.0,
    "net_creation_limit": null,
    "net_redemption_limit": null,
    "creation_limit_per_account": null,
    "redemption_limit_per_account": null,
    "net_creation_limit_per_account": null,
    "net_redemption_limit_per_account": null,
    "source": "sse.COMMON_SSE_CP_JJLB_ETFJJGK_GGSGSHQD_JBXX_C",
    "retrieved_at": "2026-08-18T09:30:05.929758+08:00"
  },
  "latest_iopv": {
    "exchange_timestamp": "2026-08-18 14:47:31",
    "trade_date": "2026-08-18",
    "fund_code": "510300",
    "name": "300ETF",
    "extended_name": "沪深300ETF华泰柏瑞",
    "last_price": 4.784,
    "iopv": 4.7872,
    "premium_discount_bps": -6.6844919786102075,
    "change_rate_pct": -0.35,
    "change_cny": -0.017,
    "open": 4.794,
    "previous_close": 4.801,
    "high": 4.803,
    "low": 4.751,
    "volume_shares": 641303005.0,
    "amount_cny": 3065207677.0,
    "trade_phase_raw": "T111    ",
    "post_close_volume_shares": 0.0,
    "post_close_amount_cny": 0.0,
    "post_close_phase_raw": "A1      ",
    "product_subtype": "EBS",
    "source": "sse.yunhq.sh1.snap",
    "retrieved_at": "2026-08-18T14:47:31.378219+08:00"
  },
  "account_feasibility": {
    "reference_account_cny": 20000.0,
    "creation_unit_notional_cny": 4305600.0,
    "can_directly_create_or_redeem": false,
    "intended_use": "只用PCF和IOPV观察一级市场吸收状态，在二级市场交易510300"
  },
  "storage": {
    "pcf": {
      "file": "data/raw/primary_market/510300_pcf_daily.parquet",
      "row_count": 4,
      "first_key": "2026-08-13",
      "last_key": "2026-08-18",
      "sha256": "829c810ec802ff72ad6532eb5255f25a98fef36cad8dec5db46c14c5e37dac65"
    },
    "iopv": {
      "file": "data/raw/primary_market/510300_iopv_snapshots.parquet",
      "row_count": 378,
      "first_key": "2026-08-13 16:29:06",
      "last_key": "2026-08-18 14:47:31",
      "sha256": "da7eb5fb2ebf852a20a86a5ff766caf450b5bf3ab7e8792436deea719fd92588"
    }
  },
  "raw_response_files": [
    "data/raw/primary_market/raw/iopv/20260818/20260818T144730_125290+0800.json"
  ],
  "governance": {
    "use_as_trading_signal": false,
    "automatic_ordering_authorized": false,
    "note": "当前只采集和纸面验证；未通过前向门槛前不得映射实盘仓位。"
  }
}
{
  "status": "PASS",
  "checked_at": "2026-08-18T14:48:33.763040+08:00",
  "collector": {
    "collector_id": "510300_PRIMARY_SECONDARY_FORWARD_V1",
    "symbol": "510300.SH",
    "fund_code": "510300",
    "timezone": "Asia/Shanghai",
    "timeout_seconds": 15,
    "observation_interval_seconds": 60,
    "collection_start_time": "09:30:00",
    "collection_end_time": "15:00:00",
    "collection_sessions": [
      [
        "09:30:00",
        "11:30:00"
      ],
      [
        "13:00:00",
        "15:00:00"
      ]
    ],
    "evidence_scope": "仅从实际接入日起的前向数据，不回填历史IOPV"
  },
  "checks": {
    "same_fund_code": true,
    "same_trade_date": true,
    "iopv_publication_enabled": true,
    "positive_iopv": true,
    "positive_last_price": true,
    "positive_creation_unit": true,
    "snapshot_fresh_during_collection_session": true
  },
  "freshness": {
    "during_collection_session": true,
    "clock_delay_seconds": 0.76304,
    "maximum_allowed_seconds_during_session": 180.0
  },
  "latest_pcf": {
    "trading_day": "2026-08-18",
    "previous_trading_day": "2026-08-17",
    "fund_code": "510300",
    "fund_name": "华泰柏瑞沪深300交易型开放式指数证券投资基金",
    "fund_company": "华泰柏瑞基金管理有限公司",
    "file_id": "1465021",
    "etf_type": "8",
    "nav": 4.8038,
    "nav_per_creation_unit": 4323446.47,
    "previous_cash_component": 108343.47,
    "estimated_cash_component": 108377.47,
    "maximum_cash_ratio": 0.5,
    "creation_redemption_unit": 900000,
    "component_count": 300,
    "publish_iopv": true,
    "creation_redemption_status": "申购和赎回皆允许",
    "creation_redemption_mechanism": "1",
    "creation_limit": null,
    "redemption_limit": 3600000000.0,
    "net_creation_limit": null,
    "net_redemption_limit": null,
    "creation_limit_per_account": null,
    "redemption_limit_per_account": null,
    "net_creation_limit_per_account": null,
    "net_redemption_limit_per_account": null,
    "source": "sse.COMMON_SSE_CP_JJLB_ETFJJGK_GGSGSHQD_JBXX_C",
    "retrieved_at": "2026-08-18T09:30:05.929758+08:00"
  },
  "latest_iopv": {
    "exchange_timestamp": "2026-08-18 14:48:33",
    "trade_date": "2026-08-18",
    "fund_code": "510300",
    "name": "300ETF",
    "extended_name": "沪深300ETF华泰柏瑞",
    "last_price": 4.785,
    "iopv": 4.7875,
    "premium_discount_bps": -5.221932114881644,
    "change_rate_pct": -0.33,
    "change_cny": -0.016,
    "open": 4.794,
    "previous_close": 4.801,
    "high": 4.803,
    "low": 4.751,
    "volume_shares": 642502605.0,
    "amount_cny": 3070946956.0,
    "trade_phase_raw": "T111    ",
    "post_close_volume_shares": 0.0,
    "post_close_amount_cny": 0.0,
    "post_close_phase_raw": "A1      ",
    "product_subtype": "EBS",
    "source": "sse.yunhq.sh1.snap",
    "retrieved_at": "2026-08-18T14:48:33.720870+08:00"
  },
  "account_feasibility": {
    "reference_account_cny": 20000.0,
    "creation_unit_notional_cny": 4306500.0,
    "can_directly_create_or_redeem": false,
    "intended_use": "只用PCF和IOPV观察一级市场吸收状态，在二级市场交易510300"
  },
  "storage": {
    "pcf": {
      "file": "data/raw/primary_market/510300_pcf_daily.parquet",
      "row_count": 4,
      "first_key": "2026-08-13",
      "last_key": "2026-08-18",
      "sha256": "829c810ec802ff72ad6532eb5255f25a98fef36cad8dec5db46c14c5e37dac65"
    },
    "iopv": {
      "file": "data/raw/primary_market/510300_iopv_snapshots.parquet",
      "row_count": 379,
      "first_key": "2026-08-13 16:29:06",
      "last_key": "2026-08-18 14:48:33",
      "sha256": "0e3e47e3c44e90cd9f9414757ad0b94d505a25337c46eb6a4dc1366d60f4a4f7"
    }
  },
  "raw_response_files": [
    "data/raw/primary_market/raw/iopv/20260818/20260818T144831_417371+0800.json"
  ],
  "governance": {
    "use_as_trading_signal": false,
    "automatic_ordering_authorized": false,
    "note": "当前只采集和纸面验证；未通过前向门槛前不得映射实盘仓位。"
  }
}
{
  "status": "PASS",
  "checked_at": "2026-08-18T14:49:35.034172+08:00",
  "collector": {
    "collector_id": "510300_PRIMARY_SECONDARY_FORWARD_V1",
    "symbol": "510300.SH",
    "fund_code": "510300",
    "timezone": "Asia/Shanghai",
    "timeout_seconds": 15,
    "observation_interval_seconds": 60,
    "collection_start_time": "09:30:00",
    "collection_end_time": "15:00:00",
    "collection_sessions": [
      [
        "09:30:00",
        "11:30:00"
      ],
      [
        "13:00:00",
        "15:00:00"
      ]
    ],
    "evidence_scope": "仅从实际接入日起的前向数据，不回填历史IOPV"
  },
  "checks": {
    "same_fund_code": true,
    "same_trade_date": true,
    "iopv_publication_enabled": true,
    "positive_iopv": true,
    "positive_last_price": true,
    "positive_creation_unit": true,
    "snapshot_fresh_during_collection_session": true
  },
  "freshness": {
    "during_collection_session": true,
    "clock_delay_seconds": 1.034172,
    "maximum_allowed_seconds_during_session": 180.0
  },
  "latest_pcf": {
    "trading_day": "2026-08-18",
    "previous_trading_day": "2026-08-17",
    "fund_code": "510300",
    "fund_name": "华泰柏瑞沪深300交易型开放式指数证券投资基金",
    "fund_company": "华泰柏瑞基金管理有限公司",
    "file_id": "1465021",
    "etf_type": "8",
    "nav": 4.8038,
    "nav_per_creation_unit": 4323446.47,
    "previous_cash_component": 108343.47,
    "estimated_cash_component": 108377.47,
    "maximum_cash_ratio": 0.5,
    "creation_redemption_unit": 900000,
    "component_count": 300,
    "publish_iopv": true,
    "creation_redemption_status": "申购和赎回皆允许",
    "creation_redemption_mechanism": "1",
    "creation_limit": null,
    "redemption_limit": 3600000000.0,
    "net_creation_limit": null,
    "net_redemption_limit": null,
    "creation_limit_per_account": null,
    "redemption_limit_per_account": null,
    "net_creation_limit_per_account": null,
    "net_redemption_limit_per_account": null,
    "source": "sse.COMMON_SSE_CP_JJLB_ETFJJGK_GGSGSHQD_JBXX_C",
    "retrieved_at": "2026-08-18T09:30:05.929758+08:00"
  },
  "latest_iopv": {
    "exchange_timestamp": "2026-08-18 14:49:34",
    "trade_date": "2026-08-18",
    "fund_code": "510300",
    "name": "300ETF",
    "extended_name": "沪深300ETF华泰柏瑞",
    "last_price": 4.785,
    "iopv": 4.787,
    "premium_discount_bps": -4.177982034676564,
    "change_rate_pct": -0.33,
    "change_cny": -0.016,
    "open": 4.794,
    "previous_close": 4.801,
    "high": 4.803,
    "low": 4.751,
    "volume_shares": 643205305.0,
    "amount_cny": 3074309256.0,
    "trade_phase_raw": "T111    ",
    "post_close_volume_shares": 0.0,
    "post_close_amount_cny": 0.0,
    "post_close_phase_raw": "A1      ",
    "product_subtype": "EBS",
    "source": "sse.yunhq.sh1.snap",
    "retrieved_at": "2026-08-18T14:49:34.991833+08:00"
  },
  "account_feasibility": {
    "reference_account_cny": 20000.0,
    "creation_unit_notional_cny": 4306500.0,
    "can_directly_create_or_redeem": false,
    "intended_use": "只用PCF和IOPV观察一级市场吸收状态，在二级市场交易510300"
  },
  "storage": {
    "pcf": {
      "file": "data/raw/primary_market/510300_pcf_daily.parquet",
      "row_count": 4,
      "first_key": "2026-08-13",
      "last_key": "2026-08-18",
      "sha256": "829c810ec802ff72ad6532eb5255f25a98fef36cad8dec5db46c14c5e37dac65"
    },
    "iopv": {
      "file": "data/raw/primary_market/510300_iopv_snapshots.parquet",
      "row_count": 380,
      "first_key": "2026-08-13 16:29:06",
      "last_key": "2026-08-18 14:49:34",
      "sha256": "f776d910c47cbe37722d07c737c68fe989081e598a46a35f850128b3097e549d"
    }
  },
  "raw_response_files": [
    "data/raw/primary_market/raw/iopv/20260818/20260818T144933_765617+0800.json"
  ],
  "governance": {
    "use_as_trading_signal": false,
    "automatic_ordering_authorized": false,
    "note": "当前只采集和纸面验证；未通过前向门槛前不得映射实盘仓位。"
  }
}
{
  "status": "PASS",
  "checked_at": "2026-08-18T14:50:37.475066+08:00",
  "collector": {
    "collector_id": "510300_PRIMARY_SECONDARY_FORWARD_V1",
    "symbol": "510300.SH",
    "fund_code": "510300",
    "timezone": "Asia/Shanghai",
    "timeout_seconds": 15,
    "observation_interval_seconds": 60,
    "collection_start_time": "09:30:00",
    "collection_end_time": "15:00:00",
    "collection_sessions": [
      [
        "09:30:00",
        "11:30:00"
      ],
      [
        "13:00:00",
        "15:00:00"
      ]
    ],
    "evidence_scope": "仅从实际接入日起的前向数据，不回填历史IOPV"
  },
  "checks": {
    "same_fund_code": true,
    "same_trade_date": true,
    "iopv_publication_enabled": true,
    "positive_iopv": true,
    "positive_last_price": true,
    "positive_creation_unit": true,
    "snapshot_fresh_during_collection_session": true
  },
  "freshness": {
    "during_collection_session": true,
    "clock_delay_seconds": 0.475066,
    "maximum_allowed_seconds_during_session": 180.0
  },
  "latest_pcf": {
    "trading_day": "2026-08-18",
    "previous_trading_day": "2026-08-17",
    "fund_code": "510300",
    "fund_name": "华泰柏瑞沪深300交易型开放式指数证券投资基金",
    "fund_company": "华泰柏瑞基金管理有限公司",
    "file_id": "1465021",
    "etf_type": "8",
    "nav": 4.8038,
    "nav_per_creation_unit": 4323446.47,
    "previous_cash_component": 108343.47,
    "estimated_cash_component": 108377.47,
    "maximum_cash_ratio": 0.5,
    "creation_redemption_unit": 900000,
    "component_count": 300,
    "publish_iopv": true,
    "creation_redemption_status": "申购和赎回皆允许",
    "creation_redemption_mechanism": "1",
    "creation_limit": null,
    "redemption_limit": 3600000000.0,
    "net_creation_limit": null,
    "net_redemption_limit": null,
    "creation_limit_per_account": null,
    "redemption_limit_per_account": null,
    "net_creation_limit_per_account": null,
    "net_redemption_limit_per_account": null,
    "source": "sse.COMMON_SSE_CP_JJLB_ETFJJGK_GGSGSHQD_JBXX_C",
    "retrieved_at": "2026-08-18T09:30:05.929758+08:00"
  },
  "latest_iopv": {
    "exchange_timestamp": "2026-08-18 14:50:37",
    "trade_date": "2026-08-18",
    "fund_code": "510300",
    "name": "300ETF",
    "extended_name": "沪深300ETF华泰柏瑞",
    "last_price": 4.785,
    "iopv": 4.786,
    "premium_discount_bps": -2.089427496865248,
    "change_rate_pct": -0.33,
    "change_cny": -0.016,
    "open": 4.794,
    "previous_close": 4.801,
    "high": 4.803,
    "low": 4.751,
    "volume_shares": 644330405.0,
    "amount_cny": 3079692040.0,
    "trade_phase_raw": "T111    ",
    "post_close_volume_shares": 0.0,
    "post_close_amount_cny": 0.0,
    "post_close_phase_raw": "A1      ",
    "product_subtype": "EBS",
    "source": "sse.yunhq.sh1.snap",
    "retrieved_at": "2026-08-18T14:50:37.439640+08:00"
  },
  "account_feasibility": {
    "reference_account_cny": 20000.0,
    "creation_unit_notional_cny": 4306500.0,
    "can_directly_create_or_redeem": false,
    "intended_use": "只用PCF和IOPV观察一级市场吸收状态，在二级市场交易510300"
  },
  "storage": {
    "pcf": {
      "file": "data/raw/primary_market/510300_pcf_daily.parquet",
      "row_count": 4,
      "first_key": "2026-08-13",
      "last_key": "2026-08-18",
      "sha256": "829c810ec802ff72ad6532eb5255f25a98fef36cad8dec5db46c14c5e37dac65"
    },
    "iopv": {
      "file": "data/raw/primary_market/510300_iopv_snapshots.parquet",
      "row_count": 381,
      "first_key": "2026-08-13 16:29:06",
      "last_key": "2026-08-18 14:50:37",
      "sha256": "1c570b3d9d42cdc939d8650aa705306fae51a89fc739832989f5c818e1a7c6dd"
    }
  },
  "raw_response_files": [
    "data/raw/primary_market/raw/iopv/20260818/20260818T145035_036645+0800.json"
  ],
  "governance": {
    "use_as_trading_signal": false,
    "automatic_ordering_authorized": false,
    "note": "当前只采集和纸面验证；未通过前向门槛前不得映射实盘仓位。"
  }
}
{
  "status": "PASS",
  "checked_at": "2026-08-18T14:51:40.304287+08:00",
  "collector": {
    "collector_id": "510300_PRIMARY_SECONDARY_FORWARD_V1",
    "symbol": "510300.SH",
    "fund_code": "510300",
    "timezone": "Asia/Shanghai",
    "timeout_seconds": 15,
    "observation_interval_seconds": 60,
    "collection_start_time": "09:30:00",
    "collection_end_time": "15:00:00",
    "collection_sessions": [
      [
        "09:30:00",
        "11:30:00"
      ],
      [
        "13:00:00",
        "15:00:00"
      ]
    ],
    "evidence_scope": "仅从实际接入日起的前向数据，不回填历史IOPV"
  },
  "checks": {
    "same_fund_code": true,
    "same_trade_date": true,
    "iopv_publication_enabled": true,
    "positive_iopv": true,
    "positive_last_price": true,
    "positive_creation_unit": true,
    "snapshot_fresh_during_collection_session": true
  },
  "freshness": {
    "during_collection_session": true,
    "clock_delay_seconds": 1.304287,
    "maximum_allowed_seconds_during_session": 180.0
  },
  "latest_pcf": {
    "trading_day": "2026-08-18",
    "previous_trading_day": "2026-08-17",
    "fund_code": "510300",
    "fund_name": "华泰柏瑞沪深300交易型开放式指数证券投资基金",
    "fund_company": "华泰柏瑞基金管理有限公司",
    "file_id": "1465021",
    "etf_type": "8",
    "nav": 4.8038,
    "nav_per_creation_unit": 4323446.47,
    "previous_cash_component": 108343.47,
    "estimated_cash_component": 108377.47,
    "maximum_cash_ratio": 0.5,
    "creation_redemption_unit": 900000,
    "component_count": 300,
    "publish_iopv": true,
    "creation_redemption_status": "申购和赎回皆允许",
    "creation_redemption_mechanism": "1",
    "creation_limit": null,
    "redemption_limit": 3600000000.0,
    "net_creation_limit": null,
    "net_redemption_limit": null,
    "creation_limit_per_account": null,
    "redemption_limit_per_account": null,
    "net_creation_limit_per_account": null,
    "net_redemption_limit_per_account": null,
    "source": "sse.COMMON_SSE_CP_JJLB_ETFJJGK_GGSGSHQD_JBXX_C",
    "retrieved_at": "2026-08-18T09:30:05.929758+08:00"
  },
  "latest_iopv": {
    "exchange_timestamp": "2026-08-18 14:51:39",
    "trade_date": "2026-08-18",
    "fund_code": "510300",
    "name": "300ETF",
    "extended_name": "沪深300ETF华泰柏瑞",
    "last_price": 4.784,
    "iopv": 4.7858,
    "premium_discount_bps": -3.7611266663883924,
    "change_rate_pct": -0.35,
    "change_cny": -0.017,
    "open": 4.794,
    "previous_close": 4.801,
    "high": 4.803,
    "low": 4.751,
    "volume_shares": 645316805.0,
    "amount_cny": 3084411122.0,
    "trade_phase_raw": "T111    ",
    "post_close_volume_shares": 0.0,
    "post_close_amount_cny": 0.0,
    "post_close_phase_raw": "A1      ",
    "product_subtype": "EBS",
    "source": "sse.yunhq.sh1.snap",
    "retrieved_at": "2026-08-18T14:51:40.270227+08:00"
  },
  "account_feasibility": {
    "reference_account_cny": 20000.0,
    "creation_unit_notional_cny": 4305600.0,
    "can_directly_create_or_redeem": false,
    "intended_use": "只用PCF和IOPV观察一级市场吸收状态，在二级市场交易510300"
  },
  "storage": {
    "pcf": {
      "file": "data/raw/primary_market/510300_pcf_daily.parquet",
      "row_count": 4,
      "first_key": "2026-08-13",
      "last_key": "2026-08-18",
      "sha256": "829c810ec802ff72ad6532eb5255f25a98fef36cad8dec5db46c14c5e37dac65"
    },
    "iopv": {
      "file": "data/raw/primary_market/510300_iopv_snapshots.parquet",
      "row_count": 382,
      "first_key": "2026-08-13 16:29:06",
      "last_key": "2026-08-18 14:51:39",
      "sha256": "2f76c167f9724980ad38ce70b0c2c5bcca9a8e0c850ae2d2d41360d209bd059d"
    }
  },
  "raw_response_files": [
    "data/raw/primary_market/raw/iopv/20260818/20260818T145137_477508+0800.json"
  ],
  "governance": {
    "use_as_trading_signal": false,
    "automatic_ordering_authorized": false,
    "note": "当前只采集和纸面验证；未通过前向门槛前不得映射实盘仓位。"
  }
}
{
  "status": "PASS",
  "checked_at": "2026-08-18T14:52:41.515134+08:00",
  "collector": {
    "collector_id": "510300_PRIMARY_SECONDARY_FORWARD_V1",
    "symbol": "510300.SH",
    "fund_code": "510300",
    "timezone": "Asia/Shanghai",
    "timeout_seconds": 15,
    "observation_interval_seconds": 60,
    "collection_start_time": "09:30:00",
    "collection_end_time": "15:00:00",
    "collection_sessions": [
      [
        "09:30:00",
        "11:30:00"
      ],
      [
        "13:00:00",
        "15:00:00"
      ]
    ],
    "evidence_scope": "仅从实际接入日起的前向数据，不回填历史IOPV"
  },
  "checks": {
    "same_fund_code": true,
    "same_trade_date": true,
    "iopv_publication_enabled": true,
    "positive_iopv": true,
    "positive_last_price": true,
    "positive_creation_unit": true,
    "snapshot_fresh_during_collection_session": true
  },
  "freshness": {
    "during_collection_session": true,
    "clock_delay_seconds": 0.515134,
    "maximum_allowed_seconds_during_session": 180.0
  },
  "latest_pcf": {
    "trading_day": "2026-08-18",
    "previous_trading_day": "2026-08-17",
    "fund_code": "510300",
    "fund_name": "华泰柏瑞沪深300交易型开放式指数证券投资基金",
    "fund_company": "华泰柏瑞基金管理有限公司",
    "file_id": "1465021",
    "etf_type": "8",
    "nav": 4.8038,
    "nav_per_creation_unit": 4323446.47,
    "previous_cash_component": 108343.47,
    "estimated_cash_component": 108377.47,
    "maximum_cash_ratio": 0.5,
    "creation_redemption_unit": 900000,
    "component_count": 300,
    "publish_iopv": true,
    "creation_redemption_status": "申购和赎回皆允许",
    "creation_redemption_mechanism": "1",
    "creation_limit": null,
    "redemption_limit": 3600000000.0,
    "net_creation_limit": null,
    "net_redemption_limit": null,
    "creation_limit_per_account": null,
    "redemption_limit_per_account": null,
    "net_creation_limit_per_account": null,
    "net_redemption_limit_per_account": null,
    "source": "sse.COMMON_SSE_CP_JJLB_ETFJJGK_GGSGSHQD_JBXX_C",
    "retrieved_at": "2026-08-18T09:30:05.929758+08:00"
  },
  "latest_iopv": {
    "exchange_timestamp": "2026-08-18 14:52:41",
    "trade_date": "2026-08-18",
    "fund_code": "510300",
    "name": "300ETF",
    "extended_name": "沪深300ETF华泰柏瑞",
    "last_price": 4.785,
    "iopv": 4.7869,
    "premium_discount_bps": -3.969165848461964,
    "change_rate_pct": -0.33,
    "change_cny": -0.016,
    "open": 4.794,
    "previous_close": 4.801,
    "high": 4.803,
    "low": 4.751,
    "volume_shares": 647232205.0,
    "amount_cny": 3093575859.0,
    "trade_phase_raw": "T111    ",
    "post_close_volume_shares": 0.0,
    "post_close_amount_cny": 0.0,
    "post_close_phase_raw": "A1      ",
    "product_subtype": "EBS",
    "source": "sse.yunhq.sh1.snap",
    "retrieved_at": "2026-08-18T14:52:41.476441+08:00"
  },
  "account_feasibility": {
    "reference_account_cny": 20000.0,
    "creation_unit_notional_cny": 4306500.0,
    "can_directly_create_or_redeem": false,
    "intended_use": "只用PCF和IOPV观察一级市场吸收状态，在二级市场交易510300"
  },
  "storage": {
    "pcf": {
      "file": "data/raw/primary_market/510300_pcf_daily.parquet",
      "row_count": 4,
      "first_key": "2026-08-13",
      "last_key": "2026-08-18",
      "sha256": "829c810ec802ff72ad6532eb5255f25a98fef36cad8dec5db46c14c5e37dac65"
    },
    "iopv": {
      "file": "data/raw/primary_market/510300_iopv_snapshots.parquet",
      "row_count": 383,
      "first_key": "2026-08-13 16:29:06",
      "last_key": "2026-08-18 14:52:41",
      "sha256": "b45cd3aa3ef76e9f2d92d403fc43176a10088a41a5b64bbdc5842280559cf221"
    }
  },
  "raw_response_files": [
    "data/raw/primary_market/raw/iopv/20260818/20260818T145240_306865+0800.json"
  ],
  "governance": {
    "use_as_trading_signal": false,
    "automatic_ordering_authorized": false,
    "note": "当前只采集和纸面验证；未通过前向门槛前不得映射实盘仓位。"
  }
}
{
  "status": "PASS",
  "checked_at": "2026-08-18T14:53:42.824111+08:00",
  "collector": {
    "collector_id": "510300_PRIMARY_SECONDARY_FORWARD_V1",
    "symbol": "510300.SH",
    "fund_code": "510300",
    "timezone": "Asia/Shanghai",
    "timeout_seconds": 15,
    "observation_interval_seconds": 60,
    "collection_start_time": "09:30:00",
    "collection_end_time": "15:00:00",
    "collection_sessions": [
      [
        "09:30:00",
        "11:30:00"
      ],
      [
        "13:00:00",
        "15:00:00"
      ]
    ],
    "evidence_scope": "仅从实际接入日起的前向数据，不回填历史IOPV"
  },
  "checks": {
    "same_fund_code": true,
    "same_trade_date": true,
    "iopv_publication_enabled": true,
    "positive_iopv": true,
    "positive_last_price": true,
    "positive_creation_unit": true,
    "snapshot_fresh_during_collection_session": true
  },
  "freshness": {
    "during_collection_session": true,
    "clock_delay_seconds": 0.824111,
    "maximum_allowed_seconds_during_session": 180.0
  },
  "latest_pcf": {
    "trading_day": "2026-08-18",
    "previous_trading_day": "2026-08-17",
    "fund_code": "510300",
    "fund_name": "华泰柏瑞沪深300交易型开放式指数证券投资基金",
    "fund_company": "华泰柏瑞基金管理有限公司",
    "file_id": "1465021",
    "etf_type": "8",
    "nav": 4.8038,
    "nav_per_creation_unit": 4323446.47,
    "previous_cash_component": 108343.47,
    "estimated_cash_component": 108377.47,
    "maximum_cash_ratio": 0.5,
    "creation_redemption_unit": 900000,
    "component_count": 300,
    "publish_iopv": true,
    "creation_redemption_status": "申购和赎回皆允许",
    "creation_redemption_mechanism": "1",
    "creation_limit": null,
    "redemption_limit": 3600000000.0,
    "net_creation_limit": null,
    "net_redemption_limit": null,
    "creation_limit_per_account": null,
    "redemption_limit_per_account": null,
    "net_creation_limit_per_account": null,
    "net_redemption_limit_per_account": null,
    "source": "sse.COMMON_SSE_CP_JJLB_ETFJJGK_GGSGSHQD_JBXX_C",
    "retrieved_at": "2026-08-18T09:30:05.929758+08:00"
  },
  "latest_iopv": {
    "exchange_timestamp": "2026-08-18 14:53:42",
    "trade_date": "2026-08-18",
    "fund_code": "510300",
    "name": "300ETF",
    "extended_name": "沪深300ETF华泰柏瑞",
    "last_price": 4.785,
    "iopv": 4.7872,
    "premium_discount_bps": -4.595588235294379,
    "change_rate_pct": -0.33,
    "change_cny": -0.016,
    "open": 4.794,
    "previous_close": 4.801,
    "high": 4.803,
    "low": 4.751,
    "volume_shares": 648546405.0,
    "amount_cny": 3099864927.0,
    "trade_phase_raw": "T111    ",
    "post_close_volume_shares": 0.0,
    "post_close_amount_cny": 0.0,
    "post_close_phase_raw": "A1      ",
    "product_subtype": "EBS",
    "source": "sse.yunhq.sh1.snap",
    "retrieved_at": "2026-08-18T14:53:42.787439+08:00"
  },
  "account_feasibility": {
    "reference_account_cny": 20000.0,
    "creation_unit_notional_cny": 4306500.0,
    "can_directly_create_or_redeem": false,
    "intended_use": "只用PCF和IOPV观察一级市场吸收状态，在二级市场交易510300"
  },
  "storage": {
    "pcf": {
      "file": "data/raw/primary_market/510300_pcf_daily.parquet",
      "row_count": 4,
      "first_key": "2026-08-13",
      "last_key": "2026-08-18",
      "sha256": "829c810ec802ff72ad6532eb5255f25a98fef36cad8dec5db46c14c5e37dac65"
    },
    "iopv": {
      "file": "data/raw/primary_market/510300_iopv_snapshots.parquet",
      "row_count": 384,
      "first_key": "2026-08-13 16:29:06",
      "last_key": "2026-08-18 14:53:42",
      "sha256": "8545eb864df5e4d89a946a9f6db8ed938c2d383b6b3a0a95e045de8f7754407d"
    }
  },
  "raw_response_files": [
    "data/raw/primary_market/raw/iopv/20260818/20260818T145341_517267+0800.json"
  ],
  "governance": {
    "use_as_trading_signal": false,
    "automatic_ordering_authorized": false,
    "note": "当前只采集和纸面验证；未通过前向门槛前不得映射实盘仓位。"
  }
}
{
  "status": "PASS",
  "checked_at": "2026-08-18T14:54:44.017152+08:00",
  "collector": {
    "collector_id": "510300_PRIMARY_SECONDARY_FORWARD_V1",
    "symbol": "510300.SH",
    "fund_code": "510300",
    "timezone": "Asia/Shanghai",
    "timeout_seconds": 15,
    "observation_interval_seconds": 60,
    "collection_start_time": "09:30:00",
    "collection_end_time": "15:00:00",
    "collection_sessions": [
      [
        "09:30:00",
        "11:30:00"
      ],
      [
        "13:00:00",
        "15:00:00"
      ]
    ],
    "evidence_scope": "仅从实际接入日起的前向数据，不回填历史IOPV"
  },
  "checks": {
    "same_fund_code": true,
    "same_trade_date": true,
    "iopv_publication_enabled": true,
    "positive_iopv": true,
    "positive_last_price": true,
    "positive_creation_unit": true,
    "snapshot_fresh_during_collection_session": true
  },
  "freshness": {
    "during_collection_session": true,
    "clock_delay_seconds": 1.017152,
    "maximum_allowed_seconds_during_session": 180.0
  },
  "latest_pcf": {
    "trading_day": "2026-08-18",
    "previous_trading_day": "2026-08-17",
    "fund_code": "510300",
    "fund_name": "华泰柏瑞沪深300交易型开放式指数证券投资基金",
    "fund_company": "华泰柏瑞基金管理有限公司",
    "file_id": "1465021",
    "etf_type": "8",
    "nav": 4.8038,
    "nav_per_creation_unit": 4323446.47,
    "previous_cash_component": 108343.47,
    "estimated_cash_component": 108377.47,
    "maximum_cash_ratio": 0.5,
    "creation_redemption_unit": 900000,
    "component_count": 300,
    "publish_iopv": true,
    "creation_redemption_status": "申购和赎回皆允许",
    "creation_redemption_mechanism": "1",
    "creation_limit": null,
    "redemption_limit": 3600000000.0,
    "net_creation_limit": null,
    "net_redemption_limit": null,
    "creation_limit_per_account": null,
    "redemption_limit_per_account": null,
    "net_creation_limit_per_account": null,
    "net_redemption_limit_per_account": null,
    "source": "sse.COMMON_SSE_CP_JJLB_ETFJJGK_GGSGSHQD_JBXX_C",
    "retrieved_at": "2026-08-18T09:30:05.929758+08:00"
  },
  "latest_iopv": {
    "exchange_timestamp": "2026-08-18 14:54:43",
    "trade_date": "2026-08-18",
    "fund_code": "510300",
    "name": "300ETF",
    "extended_name": "沪深300ETF华泰柏瑞",
    "last_price": 4.785,
    "iopv": 4.7879,
    "premium_discount_bps": -6.056935190792423,
    "change_rate_pct": -0.33,
    "change_cny": -0.016,
    "open": 4.794,
    "previous_close": 4.801,
    "high": 4.803,
    "low": 4.751,
    "volume_shares": 649605605.0,
    "amount_cny": 3104933625.0,
    "trade_phase_raw": "T111    ",
    "post_close_volume_shares": 0.0,
    "post_close_amount_cny": 0.0,
    "post_close_phase_raw": "A1      ",
    "product_subtype": "EBS",
    "source": "sse.yunhq.sh1.snap",
    "retrieved_at": "2026-08-18T14:54:43.978970+08:00"
  },
  "account_feasibility": {
    "reference_account_cny": 20000.0,
    "creation_unit_notional_cny": 4306500.0,
    "can_directly_create_or_redeem": false,
    "intended_use": "只用PCF和IOPV观察一级市场吸收状态，在二级市场交易510300"
  },
  "storage": {
    "pcf": {
      "file": "data/raw/primary_market/510300_pcf_daily.parquet",
      "row_count": 4,
      "first_key": "2026-08-13",
      "last_key": "2026-08-18",
      "sha256": "829c810ec802ff72ad6532eb5255f25a98fef36cad8dec5db46c14c5e37dac65"
    },
    "iopv": {
      "file": "data/raw/primary_market/510300_iopv_snapshots.parquet",
      "row_count": 385,
      "first_key": "2026-08-13 16:29:06",
      "last_key": "2026-08-18 14:54:43",
      "sha256": "fc88742c3e4846f3bde57c38fa144b9eadcea9c323457ef7241636cd633b90c6"
    }
  },
  "raw_response_files": [
    "data/raw/primary_market/raw/iopv/20260818/20260818T145442_826537+0800.json"
  ],
  "governance": {
    "use_as_trading_signal": false,
    "automatic_ordering_authorized": false,
    "note": "当前只采集和纸面验证；未通过前向门槛前不得映射实盘仓位。"
  }
}
{
  "status": "PASS",
  "checked_at": "2026-08-18T14:55:45.429628+08:00",
  "collector": {
    "collector_id": "510300_PRIMARY_SECONDARY_FORWARD_V1",
    "symbol": "510300.SH",
    "fund_code": "510300",
    "timezone": "Asia/Shanghai",
    "timeout_seconds": 15,
    "observation_interval_seconds": 60,
    "collection_start_time": "09:30:00",
    "collection_end_time": "15:00:00",
    "collection_sessions": [
      [
        "09:30:00",
        "11:30:00"
      ],
      [
        "13:00:00",
        "15:00:00"
      ]
    ],
    "evidence_scope": "仅从实际接入日起的前向数据，不回填历史IOPV"
  },
  "checks": {
    "same_fund_code": true,
    "same_trade_date": true,
    "iopv_publication_enabled": true,
    "positive_iopv": true,
    "positive_last_price": true,
    "positive_creation_unit": true,
    "snapshot_fresh_during_collection_session": true
  },
  "freshness": {
    "during_collection_session": true,
    "clock_delay_seconds": 0.429628,
    "maximum_allowed_seconds_during_session": 180.0
  },
  "latest_pcf": {
    "trading_day": "2026-08-18",
    "previous_trading_day": "2026-08-17",
    "fund_code": "510300",
    "fund_name": "华泰柏瑞沪深300交易型开放式指数证券投资基金",
    "fund_company": "华泰柏瑞基金管理有限公司",
    "file_id": "1465021",
    "etf_type": "8",
    "nav": 4.8038,
    "nav_per_creation_unit": 4323446.47,
    "previous_cash_component": 108343.47,
    "estimated_cash_component": 108377.47,
    "maximum_cash_ratio": 0.5,
    "creation_redemption_unit": 900000,
    "component_count": 300,
    "publish_iopv": true,
    "creation_redemption_status": "申购和赎回皆允许",
    "creation_redemption_mechanism": "1",
    "creation_limit": null,
    "redemption_limit": 3600000000.0,
    "net_creation_limit": null,
    "net_redemption_limit": null,
    "creation_limit_per_account": null,
    "redemption_limit_per_account": null,
    "net_creation_limit_per_account": null,
    "net_redemption_limit_per_account": null,
    "source": "sse.COMMON_SSE_CP_JJLB_ETFJJGK_GGSGSHQD_JBXX_C",
    "retrieved_at": "2026-08-18T09:30:05.929758+08:00"
  },
  "latest_iopv": {
    "exchange_timestamp": "2026-08-18 14:55:45",
    "trade_date": "2026-08-18",
    "fund_code": "510300",
    "name": "300ETF",
    "extended_name": "沪深300ETF华泰柏瑞",
    "last_price": 4.787,
    "iopv": 4.7886,
    "premium_discount_bps": -3.3412688468437146,
    "change_rate_pct": -0.29,
    "change_cny": -0.014,
    "open": 4.794,
    "previous_close": 4.801,
    "high": 4.803,
    "low": 4.751,
    "volume_shares": 652486905.0,
    "amount_cny": 3118724179.0,
    "trade_phase_raw": "T111    ",
    "post_close_volume_shares": 0.0,
    "post_close_amount_cny": 0.0,
    "post_close_phase_raw": "A1      ",
    "product_subtype": "EBS",
    "source": "sse.yunhq.sh1.snap",
    "retrieved_at": "2026-08-18T14:55:45.389320+08:00"
  },
  "account_feasibility": {
    "reference_account_cny": 20000.0,
    "creation_unit_notional_cny": 4308300.0,
    "can_directly_create_or_redeem": false,
    "intended_use": "只用PCF和IOPV观察一级市场吸收状态，在二级市场交易510300"
  },
  "storage": {
    "pcf": {
      "file": "data/raw/primary_market/510300_pcf_daily.parquet",
      "row_count": 4,
      "first_key": "2026-08-13",
      "last_key": "2026-08-18",
      "sha256": "829c810ec802ff72ad6532eb5255f25a98fef36cad8dec5db46c14c5e37dac65"
    },
    "iopv": {
      "file": "data/raw/primary_market/510300_iopv_snapshots.parquet",
      "row_count": 386,
      "first_key": "2026-08-13 16:29:06",
      "last_key": "2026-08-18 14:55:45",
      "sha256": "3759f5d790921619c046f846291fd056d2eadca5867b78accc14cd79e050eaa5"
    }
  },
  "raw_response_files": [
    "data/raw/primary_market/raw/iopv/20260818/20260818T145544_019199+0800.json"
  ],
  "governance": {
    "use_as_trading_signal": false,
    "automatic_ordering_authorized": false,
    "note": "当前只采集和纸面验证；未通过前向门槛前不得映射实盘仓位。"
  }
}
{
  "status": "PASS",
  "checked_at": "2026-08-18T14:56:47.468276+08:00",
  "collector": {
    "collector_id": "510300_PRIMARY_SECONDARY_FORWARD_V1",
    "symbol": "510300.SH",
    "fund_code": "510300",
    "timezone": "Asia/Shanghai",
    "timeout_seconds": 15,
    "observation_interval_seconds": 60,
    "collection_start_time": "09:30:00",
    "collection_end_time": "15:00:00",
    "collection_sessions": [
      [
        "09:30:00",
        "11:30:00"
      ],
      [
        "13:00:00",
        "15:00:00"
      ]
    ],
    "evidence_scope": "仅从实际接入日起的前向数据，不回填历史IOPV"
  },
  "checks": {
    "same_fund_code": true,
    "same_trade_date": true,
    "iopv_publication_enabled": true,
    "positive_iopv": true,
    "positive_last_price": true,
    "positive_creation_unit": true,
    "snapshot_fresh_during_collection_session": true
  },
  "freshness": {
    "during_collection_session": true,
    "clock_delay_seconds": 0.468276,
    "maximum_allowed_seconds_during_session": 180.0
  },
  "latest_pcf": {
    "trading_day": "2026-08-18",
    "previous_trading_day": "2026-08-17",
    "fund_code": "510300",
    "fund_name": "华泰柏瑞沪深300交易型开放式指数证券投资基金",
    "fund_company": "华泰柏瑞基金管理有限公司",
    "file_id": "1465021",
    "etf_type": "8",
    "nav": 4.8038,
    "nav_per_creation_unit": 4323446.47,
    "previous_cash_component": 108343.47,
    "estimated_cash_component": 108377.47,
    "maximum_cash_ratio": 0.5,
    "creation_redemption_unit": 900000,
    "component_count": 300,
    "publish_iopv": true,
    "creation_redemption_status": "申购和赎回皆允许",
    "creation_redemption_mechanism": "1",
    "creation_limit": null,
    "redemption_limit": 3600000000.0,
    "net_creation_limit": null,
    "net_redemption_limit": null,
    "creation_limit_per_account": null,
    "redemption_limit_per_account": null,
    "net_creation_limit_per_account": null,
    "net_redemption_limit_per_account": null,
    "source": "sse.COMMON_SSE_CP_JJLB_ETFJJGK_GGSGSHQD_JBXX_C",
    "retrieved_at": "2026-08-18T09:30:05.929758+08:00"
  },
  "latest_iopv": {
    "exchange_timestamp": "2026-08-18 14:56:47",
    "trade_date": "2026-08-18",
    "fund_code": "510300",
    "name": "300ETF",
    "extended_name": "沪深300ETF华泰柏瑞",
    "last_price": 4.787,
    "iopv": 4.7884,
    "premium_discount_bps": -2.923732353187214,
    "change_rate_pct": -0.29,
    "change_cny": -0.014,
    "open": 4.794,
    "previous_close": 4.801,
    "high": 4.803,
    "low": 4.751,
    "volume_shares": 654165705.0,
    "amount_cny": 3126760699.0,
    "trade_phase_raw": "T111    ",
    "post_close_volume_shares": 0.0,
    "post_close_amount_cny": 0.0,
    "post_close_phase_raw": "A1      ",
    "product_subtype": "EBS",
    "source": "sse.yunhq.sh1.snap",
    "retrieved_at": "2026-08-18T14:56:47.434878+08:00"
  },
  "account_feasibility": {
    "reference_account_cny": 20000.0,
    "creation_unit_notional_cny": 4308300.0,
    "can_directly_create_or_redeem": false,
    "intended_use": "只用PCF和IOPV观察一级市场吸收状态，在二级市场交易510300"
  },
  "storage": {
    "pcf": {
      "file": "data/raw/primary_market/510300_pcf_daily.parquet",
      "row_count": 4,
      "first_key": "2026-08-13",
      "last_key": "2026-08-18",
      "sha256": "829c810ec802ff72ad6532eb5255f25a98fef36cad8dec5db46c14c5e37dac65"
    },
    "iopv": {
      "file": "data/raw/primary_market/510300_iopv_snapshots.parquet",
      "row_count": 387,
      "first_key": "2026-08-13 16:29:06",
      "last_key": "2026-08-18 14:56:47",
      "sha256": "0d280e6068aee228ffd44ad0367473a540df141b1727817698cae4bd531d62d4"
    }
  },
  "raw_response_files": [
    "data/raw/primary_market/raw/iopv/20260818/20260818T145645_432464+0800.json"
  ],
  "governance": {
    "use_as_trading_signal": false,
    "automatic_ordering_authorized": false,
    "note": "当前只采集和纸面验证；未通过前向门槛前不得映射实盘仓位。"
  }
}
{
  "status": "PASS",
  "checked_at": "2026-08-18T14:57:48.812504+08:00",
  "collector": {
    "collector_id": "510300_PRIMARY_SECONDARY_FORWARD_V1",
    "symbol": "510300.SH",
    "fund_code": "510300",
    "timezone": "Asia/Shanghai",
    "timeout_seconds": 15,
    "observation_interval_seconds": 60,
    "collection_start_time": "09:30:00",
    "collection_end_time": "15:00:00",
    "collection_sessions": [
      [
        "09:30:00",
        "11:30:00"
      ],
      [
        "13:00:00",
        "15:00:00"
      ]
    ],
    "evidence_scope": "仅从实际接入日起的前向数据，不回填历史IOPV"
  },
  "checks": {
    "same_fund_code": true,
    "same_trade_date": true,
    "iopv_publication_enabled": true,
    "positive_iopv": true,
    "positive_last_price": true,
    "positive_creation_unit": true,
    "snapshot_fresh_during_collection_session": true
  },
  "freshness": {
    "during_collection_session": true,
    "clock_delay_seconds": 0.812504,
    "maximum_allowed_seconds_during_session": 180.0
  },
  "latest_pcf": {
    "trading_day": "2026-08-18",
    "previous_trading_day": "2026-08-17",
    "fund_code": "510300",
    "fund_name": "华泰柏瑞沪深300交易型开放式指数证券投资基金",
    "fund_company": "华泰柏瑞基金管理有限公司",
    "file_id": "1465021",
    "etf_type": "8",
    "nav": 4.8038,
    "nav_per_creation_unit": 4323446.47,
    "previous_cash_component": 108343.47,
    "estimated_cash_component": 108377.47,
    "maximum_cash_ratio": 0.5,
    "creation_redemption_unit": 900000,
    "component_count": 300,
    "publish_iopv": true,
    "creation_redemption_status": "申购和赎回皆允许",
    "creation_redemption_mechanism": "1",
    "creation_limit": null,
    "redemption_limit": 3600000000.0,
    "net_creation_limit": null,
    "net_redemption_limit": null,
    "creation_limit_per_account": null,
    "redemption_limit_per_account": null,
    "net_creation_limit_per_account": null,
    "net_redemption_limit_per_account": null,
    "source": "sse.COMMON_SSE_CP_JJLB_ETFJJGK_GGSGSHQD_JBXX_C",
    "retrieved_at": "2026-08-18T09:30:05.929758+08:00"
  },
  "latest_iopv": {
    "exchange_timestamp": "2026-08-18 14:57:48",
    "trade_date": "2026-08-18",
    "fund_code": "510300",
    "name": "300ETF",
    "extended_name": "沪深300ETF华泰柏瑞",
    "last_price": 4.787,
    "iopv": 4.7889,
    "premium_discount_bps": -3.96750819603664,
    "change_rate_pct": -0.29,
    "change_cny": -0.014,
    "open": 4.794,
    "previous_close": 4.801,
    "high": 4.803,
    "low": 4.751,
    "volume_shares": 654667905.0,
    "amount_cny": 3129165099.0,
    "trade_phase_raw": "U111    ",
    "post_close_volume_shares": 0.0,
    "post_close_amount_cny": 0.0,
    "post_close_phase_raw": "A1      ",
    "product_subtype": "EBS",
    "source": "sse.yunhq.sh1.snap",
    "retrieved_at": "2026-08-18T14:57:48.777478+08:00"
  },
  "account_feasibility": {
    "reference_account_cny": 20000.0,
    "creation_unit_notional_cny": 4308300.0,
    "can_directly_create_or_redeem": false,
    "intended_use": "只用PCF和IOPV观察一级市场吸收状态，在二级市场交易510300"
  },
  "storage": {
    "pcf": {
      "file": "data/raw/primary_market/510300_pcf_daily.parquet",
      "row_count": 4,
      "first_key": "2026-08-13",
      "last_key": "2026-08-18",
      "sha256": "829c810ec802ff72ad6532eb5255f25a98fef36cad8dec5db46c14c5e37dac65"
    },
    "iopv": {
      "file": "data/raw/primary_market/510300_iopv_snapshots.parquet",
      "row_count": 388,
      "first_key": "2026-08-13 16:29:06",
      "last_key": "2026-08-18 14:57:48",
      "sha256": "0c4f36395f6fc6342f03288cec0e1ee0a86ebbdbaadb95fc6e5ff025aff98031"
    }
  },
  "raw_response_files": [
    "data/raw/primary_market/raw/iopv/20260818/20260818T145747_470630+0800.json"
  ],
  "governance": {
    "use_as_trading_signal": false,
    "automatic_ordering_authorized": false,
    "note": "当前只采集和纸面验证；未通过前向门槛前不得映射实盘仓位。"
  }
}
{
  "status": "PASS",
  "checked_at": "2026-08-18T14:58:51.422248+08:00",
  "collector": {
    "collector_id": "510300_PRIMARY_SECONDARY_FORWARD_V1",
    "symbol": "510300.SH",
    "fund_code": "510300",
    "timezone": "Asia/Shanghai",
    "timeout_seconds": 15,
    "observation_interval_seconds": 60,
    "collection_start_time": "09:30:00",
    "collection_end_time": "15:00:00",
    "collection_sessions": [
      [
        "09:30:00",
        "11:30:00"
      ],
      [
        "13:00:00",
        "15:00:00"
      ]
    ],
    "evidence_scope": "仅从实际接入日起的前向数据，不回填历史IOPV"
  },
  "checks": {
    "same_fund_code": true,
    "same_trade_date": true,
    "iopv_publication_enabled": true,
    "positive_iopv": true,
    "positive_last_price": true,
    "positive_creation_unit": true,
    "snapshot_fresh_during_collection_session": true
  },
  "freshness": {
    "during_collection_session": true,
    "clock_delay_seconds": 0.422248,
    "maximum_allowed_seconds_during_session": 180.0
  },
  "latest_pcf": {
    "trading_day": "2026-08-18",
    "previous_trading_day": "2026-08-17",
    "fund_code": "510300",
    "fund_name": "华泰柏瑞沪深300交易型开放式指数证券投资基金",
    "fund_company": "华泰柏瑞基金管理有限公司",
    "file_id": "1465021",
    "etf_type": "8",
    "nav": 4.8038,
    "nav_per_creation_unit": 4323446.47,
    "previous_cash_component": 108343.47,
    "estimated_cash_component": 108377.47,
    "maximum_cash_ratio": 0.5,
    "creation_redemption_unit": 900000,
    "component_count": 300,
    "publish_iopv": true,
    "creation_redemption_status": "申购和赎回皆允许",
    "creation_redemption_mechanism": "1",
    "creation_limit": null,
    "redemption_limit": 3600000000.0,
    "net_creation_limit": null,
    "net_redemption_limit": null,
    "creation_limit_per_account": null,
    "redemption_limit_per_account": null,
    "net_creation_limit_per_account": null,
    "net_redemption_limit_per_account": null,
    "source": "sse.COMMON_SSE_CP_JJLB_ETFJJGK_GGSGSHQD_JBXX_C",
    "retrieved_at": "2026-08-18T09:30:05.929758+08:00"
  },
  "latest_iopv": {
    "exchange_timestamp": "2026-08-18 14:58:51",
    "trade_date": "2026-08-18",
    "fund_code": "510300",
    "name": "300ETF",
    "extended_name": "沪深300ETF华泰柏瑞",
    "last_price": 4.787,
    "iopv": 4.7889,
    "premium_discount_bps": -3.96750819603664,
    "change_rate_pct": -0.29,
    "change_cny": -0.014,
    "open": 4.794,
    "previous_close": 4.801,
    "high": 4.803,
    "low": 4.751,
    "volume_shares": 654667905.0,
    "amount_cny": 3129165099.0,
    "trade_phase_raw": "U111    ",
    "post_close_volume_shares": 0.0,
    "post_close_amount_cny": 0.0,
    "post_close_phase_raw": "A1      ",
    "product_subtype": "EBS",
    "source": "sse.yunhq.sh1.snap",
    "retrieved_at": "2026-08-18T14:58:51.386154+08:00"
  },
  "account_feasibility": {
    "reference_account_cny": 20000.0,
    "creation_unit_notional_cny": 4308300.0,
    "can_directly_create_or_redeem": false,
    "intended_use": "只用PCF和IOPV观察一级市场吸收状态，在二级市场交易510300"
  },
  "storage": {
    "pcf": {
      "file": "data/raw/primary_market/510300_pcf_daily.parquet",
      "row_count": 4,
      "first_key": "2026-08-13",
      "last_key": "2026-08-18",
      "sha256": "829c810ec802ff72ad6532eb5255f25a98fef36cad8dec5db46c14c5e37dac65"
    },
    "iopv": {
      "file": "data/raw/primary_market/510300_iopv_snapshots.parquet",
      "row_count": 389,
      "first_key": "2026-08-13 16:29:06",
      "last_key": "2026-08-18 14:58:51",
      "sha256": "62ad24119758bd77fcfd5b99159a84a4c5c12be5b319a56c96b4f452477822f0"
    }
  },
  "raw_response_files": [
    "data/raw/primary_market/raw/iopv/20260818/20260818T145848_816650+0800.json"
  ],
  "governance": {
    "use_as_trading_signal": false,
    "automatic_ordering_authorized": false,
    "note": "当前只采集和纸面验证；未通过前向门槛前不得映射实盘仓位。"
  }
}
{
  "status": "PASS",
  "checked_at": "2026-08-18T14:59:54.922257+08:00",
  "collector": {
    "collector_id": "510300_PRIMARY_SECONDARY_FORWARD_V1",
    "symbol": "510300.SH",
    "fund_code": "510300",
    "timezone": "Asia/Shanghai",
    "timeout_seconds": 15,
    "observation_interval_seconds": 60,
    "collection_start_time": "09:30:00",
    "collection_end_time": "15:00:00",
    "collection_sessions": [
      [
        "09:30:00",
        "11:30:00"
      ],
      [
        "13:00:00",
        "15:00:00"
      ]
    ],
    "evidence_scope": "仅从实际接入日起的前向数据，不回填历史IOPV"
  },
  "checks": {
    "same_fund_code": true,
    "same_trade_date": true,
    "iopv_publication_enabled": true,
    "positive_iopv": true,
    "positive_last_price": true,
    "positive_creation_unit": true,
    "snapshot_fresh_during_collection_session": true
  },
  "freshness": {
    "during_collection_session": true,
    "clock_delay_seconds": 1.922257,
    "maximum_allowed_seconds_during_session": 180.0
  },
  "latest_pcf": {
    "trading_day": "2026-08-18",
    "previous_trading_day": "2026-08-17",
    "fund_code": "510300",
    "fund_name": "华泰柏瑞沪深300交易型开放式指数证券投资基金",
    "fund_company": "华泰柏瑞基金管理有限公司",
    "file_id": "1465021",
    "etf_type": "8",
    "nav": 4.8038,
    "nav_per_creation_unit": 4323446.47,
    "previous_cash_component": 108343.47,
    "estimated_cash_component": 108377.47,
    "maximum_cash_ratio": 0.5,
    "creation_redemption_unit": 900000,
    "component_count": 300,
    "publish_iopv": true,
    "creation_redemption_status": "申购和赎回皆允许",
    "creation_redemption_mechanism": "1",
    "creation_limit": null,
    "redemption_limit": 3600000000.0,
    "net_creation_limit": null,
    "net_redemption_limit": null,
    "creation_limit_per_account": null,
    "redemption_limit_per_account": null,
    "net_creation_limit_per_account": null,
    "net_redemption_limit_per_account": null,
    "source": "sse.COMMON_SSE_CP_JJLB_ETFJJGK_GGSGSHQD_JBXX_C",
    "retrieved_at": "2026-08-18T09:30:05.929758+08:00"
  },
  "latest_iopv": {
    "exchange_timestamp": "2026-08-18 14:59:53",
    "trade_date": "2026-08-18",
    "fund_code": "510300",
    "name": "300ETF",
    "extended_name": "沪深300ETF华泰柏瑞",
    "last_price": 4.787,
    "iopv": 4.7889,
    "premium_discount_bps": -3.96750819603664,
    "change_rate_pct": -0.29,
    "change_cny": -0.014,
    "open": 4.794,
    "previous_close": 4.801,
    "high": 4.803,
    "low": 4.751,
    "volume_shares": 654667905.0,
    "amount_cny": 3129165099.0,
    "trade_phase_raw": "U111    ",
    "post_close_volume_shares": 0.0,
    "post_close_amount_cny": 0.0,
    "post_close_phase_raw": "A1      ",
    "product_subtype": "EBS",
    "source": "sse.yunhq.sh1.snap",
    "retrieved_at": "2026-08-18T14:59:54.883928+08:00"
  },
  "account_feasibility": {
    "reference_account_cny": 20000.0,
    "creation_unit_notional_cny": 4308300.0,
    "can_directly_create_or_redeem": false,
    "intended_use": "只用PCF和IOPV观察一级市场吸收状态，在二级市场交易510300"
  },
  "storage": {
    "pcf": {
      "file": "data/raw/primary_market/510300_pcf_daily.parquet",
      "row_count": 4,
      "first_key": "2026-08-13",
      "last_key": "2026-08-18",
      "sha256": "829c810ec802ff72ad6532eb5255f25a98fef36cad8dec5db46c14c5e37dac65"
    },
    "iopv": {
      "file": "data/raw/primary_market/510300_iopv_snapshots.parquet",
      "row_count": 390,
      "first_key": "2026-08-13 16:29:06",
      "last_key": "2026-08-18 14:59:53",
      "sha256": "519016d232c5b2cd7436f2d106f6bbf3b2e89bc522a1465242cf161cce75e568"
    }
  },
  "raw_response_files": [
    "data/raw/primary_market/raw/iopv/20260818/20260818T145951_424093+0800.json"
  ],
  "governance": {
    "use_as_trading_signal": false,
    "automatic_ordering_authorized": false,
    "note": "当前只采集和纸面验证；未通过前向门槛前不得映射实盘仓位。"
  }
}
已超过当日采集结束时间，连续采集正常结束
{
  "generated_at": "2026-08-18T15:01:00.111590+08:00",
  "collector_id": "510300_PRIMARY_SECONDARY_FORWARD_V1",
  "status": "COLLECTING",
  "observed_trading_days": 4,
  "full_coverage_days": 2,
  "minimum_full_coverage_days": 20,
  "recommended_full_coverage_days": 40,
  "minimum_snapshots_per_day": 120,
  "minimum_progress": 0.1,
  "recommended_progress": 0.05,
  "first_observed_trade_date": "2026-08-13",
  "last_observed_trade_date": "2026-08-18",
  "daily_snapshot_counts": {
    "2026-08-13": 1,
    "2026-08-14": 1,
    "2026-08-17": 154,
    "2026-08-18": 234
  },
  "eligible_for_research_evaluation": false,
  "eligible_for_position_mapping": false,
  "position_mapping_block_reason": "达到样本数只代表可以开始研究评估；仍须通过时序稳定性、样本外增益和成本后收益门槛",
  "governance": {
    "automatic_position_mapping_authorized": false,
    "automatic_ordering_authorized": false
  }
}
