{
  "status": "PASS",
  "checked_at": "2026-08-17T09:30:11.547979+08:00",
  "collector": {
    "collector_id": "510300_PRIMARY_SECONDARY_FORWARD_V1",
    "symbol": "510300.SH",
    "fund_code": "510300",
    "timezone": "Asia/Shanghai",
    "timeout_seconds": 15,
    "observation_interval_seconds": 60,
    "collection_start_time": "09:30:00",
    "collection_end_time": "15:00:00",
    "collection_sessions": [
      [
        "09:30:00",
        "11:30:00"
      ],
      [
        "13:00:00",
        "15:00:00"
      ]
    ],
    "evidence_scope": "仅从实际接入日起的前向数据，不回填历史IOPV"
  },
  "checks": {
    "same_fund_code": true,
    "same_trade_date": true,
    "iopv_publication_enabled": true,
    "positive_iopv": true,
    "positive_last_price": true,
    "positive_creation_unit": true,
    "snapshot_fresh_during_collection_session": true
  },
  "freshness": {
    "during_collection_session": true,
    "clock_delay_seconds": 0.547979,
    "maximum_allowed_seconds_during_session": 180.0
  },
  "latest_pcf": {
    "trading_day": "2026-08-17",
    "previous_trading_day": "2026-08-14",
    "fund_code": "510300",
    "fund_name": "华泰柏瑞沪深300交易型开放式指数证券投资基金",
    "fund_company": "华泰柏瑞基金管理有限公司",
    "file_id": "1463187",
    "etf_type": "8",
    "nav": 4.7282,
    "nav_per_creation_unit": 4255390.17,
    "previous_cash_component": 105384.17,
    "estimated_cash_component": 107458.17,
    "maximum_cash_ratio": 0.5,
    "creation_redemption_unit": 900000,
    "component_count": 300,
    "publish_iopv": true,
    "creation_redemption_status": "申购和赎回皆允许",
    "creation_redemption_mechanism": "1",
    "creation_limit": null,
    "redemption_limit": 3600000000.0,
    "net_creation_limit": null,
    "net_redemption_limit": null,
    "creation_limit_per_account": null,
    "redemption_limit_per_account": null,
    "net_creation_limit_per_account": null,
    "net_redemption_limit_per_account": null,
    "source": "sse.COMMON_SSE_CP_JJLB_ETFJJGK_GGSGSHQD_JBXX_C",
    "retrieved_at": "2026-08-17T09:30:09.574575+08:00"
  },
  "latest_iopv": {
    "exchange_timestamp": "2026-08-17 09:30:11",
    "trade_date": "2026-08-17",
    "fund_code": "510300",
    "name": "300ETF",
    "extended_name": "沪深300ETF华泰柏瑞",
    "last_price": 4.73,
    "iopv": 4.7343,
    "premium_discount_bps": -9.082652134422275,
    "change_rate_pct": 0.08,
    "change_cny": 0.004,
    "open": 4.73,
    "previous_close": 4.726,
    "high": 4.731,
    "low": 4.728,
    "volume_shares": 4192180.0,
    "amount_cny": 19828581.0,
    "trade_phase_raw": "T111    ",
    "post_close_volume_shares": 0.0,
    "post_close_amount_cny": 0.0,
    "post_close_phase_raw": "A1      ",
    "product_subtype": "EBS",
    "source": "sse.yunhq.sh1.snap",
    "retrieved_at": "2026-08-17T09:30:11.501471+08:00"
  },
  "account_feasibility": {
    "reference_account_cny": 20000.0,
    "creation_unit_notional_cny": 4257000.0,
    "can_directly_create_or_redeem": false,
    "intended_use": "只用PCF和IOPV观察一级市场吸收状态，在二级市场交易510300"
  },
  "storage": {
    "pcf": {
      "file": "data/raw/primary_market/510300_pcf_daily.parquet",
      "row_count": 3,
      "first_key": "2026-08-13",
      "last_key": "2026-08-17",
      "sha256": "5b07ef24cc244d40afc8eb241ee183f2181026aa2f7b920cc6f9b3813ac40302"
    },
    "iopv": {
      "file": "data/raw/primary_market/510300_iopv_snapshots.parquet",
      "row_count": 3,
      "first_key": "2026-08-13 16:29:06",
      "last_key": "2026-08-17 09:30:11",
      "sha256": "90130b2025c8f03bed3d7b9564110cb172410b76b520880378ef6a85e8466cba"
    }
  },
  "raw_response_files": [
    "data/raw/primary_market/raw/pcf/20260817/20260817T093007_776460+0800.json",
    "data/raw/primary_market/raw/iopv/20260817/20260817T093007_776460+0800.json"
  ],
  "governance": {
    "use_as_trading_signal": false,
    "automatic_ordering_authorized": false,
    "note": "当前只采集和纸面验证；未通过前向门槛前不得映射实盘仓位。"
  }
}
{
  "status": "PASS",
  "checked_at": "2026-08-17T09:31:12.778769+08:00",
  "collector": {
    "collector_id": "510300_PRIMARY_SECONDARY_FORWARD_V1",
    "symbol": "510300.SH",
    "fund_code": "510300",
    "timezone": "Asia/Shanghai",
    "timeout_seconds": 15,
    "observation_interval_seconds": 60,
    "collection_start_time": "09:30:00",
    "collection_end_time": "15:00:00",
    "collection_sessions": [
      [
        "09:30:00",
        "11:30:00"
      ],
      [
        "13:00:00",
        "15:00:00"
      ]
    ],
    "evidence_scope": "仅从实际接入日起的前向数据，不回填历史IOPV"
  },
  "checks": {
    "same_fund_code": true,
    "same_trade_date": true,
    "iopv_publication_enabled": true,
    "positive_iopv": true,
    "positive_last_price": true,
    "positive_creation_unit": true,
    "snapshot_fresh_during_collection_session": true
  },
  "freshness": {
    "during_collection_session": true,
    "clock_delay_seconds": 0.778769,
    "maximum_allowed_seconds_during_session": 180.0
  },
  "latest_pcf": {
    "trading_day": "2026-08-17",
    "previous_trading_day": "2026-08-14",
    "fund_code": "510300",
    "fund_name": "华泰柏瑞沪深300交易型开放式指数证券投资基金",
    "fund_company": "华泰柏瑞基金管理有限公司",
    "file_id": "1463187",
    "etf_type": "8",
    "nav": 4.7282,
    "nav_per_creation_unit": 4255390.17,
    "previous_cash_component": 105384.17,
    "estimated_cash_component": 107458.17,
    "maximum_cash_ratio": 0.5,
    "creation_redemption_unit": 900000,
    "component_count": 300,
    "publish_iopv": true,
    "creation_redemption_status": "申购和赎回皆允许",
    "creation_redemption_mechanism": "1",
    "creation_limit": null,
    "redemption_limit": 3600000000.0,
    "net_creation_limit": null,
    "net_redemption_limit": null,
    "creation_limit_per_account": null,
    "redemption_limit_per_account": null,
    "net_creation_limit_per_account": null,
    "net_redemption_limit_per_account": null,
    "source": "sse.COMMON_SSE_CP_JJLB_ETFJJGK_GGSGSHQD_JBXX_C",
    "retrieved_at": "2026-08-17T09:30:09.574575+08:00"
  },
  "latest_iopv": {
    "exchange_timestamp": "2026-08-17 09:31:12",
    "trade_date": "2026-08-17",
    "fund_code": "510300",
    "name": "300ETF",
    "extended_name": "沪深300ETF华泰柏瑞",
    "last_price": 4.733,
    "iopv": 4.732,
    "premium_discount_bps": 2.1132713440397133,
    "change_rate_pct": 0.15,
    "change_cny": 0.007,
    "open": 4.73,
    "previous_close": 4.726,
    "high": 4.734,
    "low": 4.726,
    "volume_shares": 13121800.0,
    "amount_cny": 62063365.0,
    "trade_phase_raw": "T111    ",
    "post_close_volume_shares": 0.0,
    "post_close_amount_cny": 0.0,
    "post_close_phase_raw": "A1      ",
    "product_subtype": "EBS",
    "source": "sse.yunhq.sh1.snap",
    "retrieved_at": "2026-08-17T09:31:12.739286+08:00"
  },
  "account_feasibility": {
    "reference_account_cny": 20000.0,
    "creation_unit_notional_cny": 4259700.0,
    "can_directly_create_or_redeem": false,
    "intended_use": "只用PCF和IOPV观察一级市场吸收状态，在二级市场交易510300"
  },
  "storage": {
    "pcf": {
      "file": "data/raw/primary_market/510300_pcf_daily.parquet",
      "row_count": 3,
      "first_key": "2026-08-13",
      "last_key": "2026-08-17",
      "sha256": "5b07ef24cc244d40afc8eb241ee183f2181026aa2f7b920cc6f9b3813ac40302"
    },
    "iopv": {
      "file": "data/raw/primary_market/510300_iopv_snapshots.parquet",
      "row_count": 4,
      "first_key": "2026-08-13 16:29:06",
      "last_key": "2026-08-17 09:31:12",
      "sha256": "6c8ddeb788a7f9a00a72941d98762d6c22b052b6c15203576c3a8e85dc609d10"
    }
  },
  "raw_response_files": [
    "data/raw/primary_market/raw/iopv/20260817/20260817T093111_550792+0800.json"
  ],
  "governance": {
    "use_as_trading_signal": false,
    "automatic_ordering_authorized": false,
    "note": "当前只采集和纸面验证；未通过前向门槛前不得映射实盘仓位。"
  }
}
{
  "status": "PASS",
  "checked_at": "2026-08-17T09:32:14.537149+08:00",
  "collector": {
    "collector_id": "510300_PRIMARY_SECONDARY_FORWARD_V1",
    "symbol": "510300.SH",
    "fund_code": "510300",
    "timezone": "Asia/Shanghai",
    "timeout_seconds": 15,
    "observation_interval_seconds": 60,
    "collection_start_time": "09:30:00",
    "collection_end_time": "15:00:00",
    "collection_sessions": [
      [
        "09:30:00",
        "11:30:00"
      ],
      [
        "13:00:00",
        "15:00:00"
      ]
    ],
    "evidence_scope": "仅从实际接入日起的前向数据，不回填历史IOPV"
  },
  "checks": {
    "same_fund_code": true,
    "same_trade_date": true,
    "iopv_publication_enabled": true,
    "positive_iopv": true,
    "positive_last_price": true,
    "positive_creation_unit": true,
    "snapshot_fresh_during_collection_session": true
  },
  "freshness": {
    "during_collection_session": true,
    "clock_delay_seconds": 0.537149,
    "maximum_allowed_seconds_during_session": 180.0
  },
  "latest_pcf": {
    "trading_day": "2026-08-17",
    "previous_trading_day": "2026-08-14",
    "fund_code": "510300",
    "fund_name": "华泰柏瑞沪深300交易型开放式指数证券投资基金",
    "fund_company": "华泰柏瑞基金管理有限公司",
    "file_id": "1463187",
    "etf_type": "8",
    "nav": 4.7282,
    "nav_per_creation_unit": 4255390.17,
    "previous_cash_component": 105384.17,
    "estimated_cash_component": 107458.17,
    "maximum_cash_ratio": 0.5,
    "creation_redemption_unit": 900000,
    "component_count": 300,
    "publish_iopv": true,
    "creation_redemption_status": "申购和赎回皆允许",
    "creation_redemption_mechanism": "1",
    "creation_limit": null,
    "redemption_limit": 3600000000.0,
    "net_creation_limit": null,
    "net_redemption_limit": null,
    "creation_limit_per_account": null,
    "redemption_limit_per_account": null,
    "net_creation_limit_per_account": null,
    "net_redemption_limit_per_account": null,
    "source": "sse.COMMON_SSE_CP_JJLB_ETFJJGK_GGSGSHQD_JBXX_C",
    "retrieved_at": "2026-08-17T09:30:09.574575+08:00"
  },
  "latest_iopv": {
    "exchange_timestamp": "2026-08-17 09:32:14",
    "trade_date": "2026-08-17",
    "fund_code": "510300",
    "name": "300ETF",
    "extended_name": "沪深300ETF华泰柏瑞",
    "last_price": 4.733,
    "iopv": 4.7314,
    "premium_discount_bps": 3.381662932746554,
    "change_rate_pct": 0.15,
    "change_cny": 0.007,
    "open": 4.73,
    "previous_close": 4.726,
    "high": 4.739,
    "low": 4.726,
    "volume_shares": 19004700.0,
    "amount_cny": 89910855.0,
    "trade_phase_raw": "T111    ",
    "post_close_volume_shares": 0.0,
    "post_close_amount_cny": 0.0,
    "post_close_phase_raw": "A1      ",
    "product_subtype": "EBS",
    "source": "sse.yunhq.sh1.snap",
    "retrieved_at": "2026-08-17T09:32:14.505573+08:00"
  },
  "account_feasibility": {
    "reference_account_cny": 20000.0,
    "creation_unit_notional_cny": 4259700.0,
    "can_directly_create_or_redeem": false,
    "intended_use": "只用PCF和IOPV观察一级市场吸收状态，在二级市场交易510300"
  },
  "storage": {
    "pcf": {
      "file": "data/raw/primary_market/510300_pcf_daily.parquet",
      "row_count": 3,
      "first_key": "2026-08-13",
      "last_key": "2026-08-17",
      "sha256": "5b07ef24cc244d40afc8eb241ee183f2181026aa2f7b920cc6f9b3813ac40302"
    },
    "iopv": {
      "file": "data/raw/primary_market/510300_iopv_snapshots.parquet",
      "row_count": 5,
      "first_key": "2026-08-13 16:29:06",
      "last_key": "2026-08-17 09:32:14",
      "sha256": "2d7516e01e1b61b863324c6d86a537d70d1635c2cea7036033be76abbb4615e3"
    }
  },
  "raw_response_files": [
    "data/raw/primary_market/raw/iopv/20260817/20260817T093212_782254+0800.json"
  ],
  "governance": {
    "use_as_trading_signal": false,
    "automatic_ordering_authorized": false,
    "note": "当前只采集和纸面验证；未通过前向门槛前不得映射实盘仓位。"
  }
}
{
  "status": "PASS",
  "checked_at": "2026-08-17T09:33:15.681396+08:00",
  "collector": {
    "collector_id": "510300_PRIMARY_SECONDARY_FORWARD_V1",
    "symbol": "510300.SH",
    "fund_code": "510300",
    "timezone": "Asia/Shanghai",
    "timeout_seconds": 15,
    "observation_interval_seconds": 60,
    "collection_start_time": "09:30:00",
    "collection_end_time": "15:00:00",
    "collection_sessions": [
      [
        "09:30:00",
        "11:30:00"
      ],
      [
        "13:00:00",
        "15:00:00"
      ]
    ],
    "evidence_scope": "仅从实际接入日起的前向数据，不回填历史IOPV"
  },
  "checks": {
    "same_fund_code": true,
    "same_trade_date": true,
    "iopv_publication_enabled": true,
    "positive_iopv": true,
    "positive_last_price": true,
    "positive_creation_unit": true,
    "snapshot_fresh_during_collection_session": true
  },
  "freshness": {
    "during_collection_session": true,
    "clock_delay_seconds": 0.681396,
    "maximum_allowed_seconds_during_session": 180.0
  },
  "latest_pcf": {
    "trading_day": "2026-08-17",
    "previous_trading_day": "2026-08-14",
    "fund_code": "510300",
    "fund_name": "华泰柏瑞沪深300交易型开放式指数证券投资基金",
    "fund_company": "华泰柏瑞基金管理有限公司",
    "file_id": "1463187",
    "etf_type": "8",
    "nav": 4.7282,
    "nav_per_creation_unit": 4255390.17,
    "previous_cash_component": 105384.17,
    "estimated_cash_component": 107458.17,
    "maximum_cash_ratio": 0.5,
    "creation_redemption_unit": 900000,
    "component_count": 300,
    "publish_iopv": true,
    "creation_redemption_status": "申购和赎回皆允许",
    "creation_redemption_mechanism": "1",
    "creation_limit": null,
    "redemption_limit": 3600000000.0,
    "net_creation_limit": null,
    "net_redemption_limit": null,
    "creation_limit_per_account": null,
    "redemption_limit_per_account": null,
    "net_creation_limit_per_account": null,
    "net_redemption_limit_per_account": null,
    "source": "sse.COMMON_SSE_CP_JJLB_ETFJJGK_GGSGSHQD_JBXX_C",
    "retrieved_at": "2026-08-17T09:30:09.574575+08:00"
  },
  "latest_iopv": {
    "exchange_timestamp": "2026-08-17 09:33:15",
    "trade_date": "2026-08-17",
    "fund_code": "510300",
    "name": "300ETF",
    "extended_name": "沪深300ETF华泰柏瑞",
    "last_price": 4.727,
    "iopv": 4.7284,
    "premium_discount_bps": -2.9608324168839406,
    "change_rate_pct": 0.02,
    "change_cny": 0.001,
    "open": 4.73,
    "previous_close": 4.726,
    "high": 4.739,
    "low": 4.726,
    "volume_shares": 22108500.0,
    "amount_cny": 104596058.0,
    "trade_phase_raw": "T111    ",
    "post_close_volume_shares": 0.0,
    "post_close_amount_cny": 0.0,
    "post_close_phase_raw": "A1      ",
    "product_subtype": "EBS",
    "source": "sse.yunhq.sh1.snap",
    "retrieved_at": "2026-08-17T09:33:15.641785+08:00"
  },
  "account_feasibility": {
    "reference_account_cny": 20000.0,
    "creation_unit_notional_cny": 4254300.0,
    "can_directly_create_or_redeem": false,
    "intended_use": "只用PCF和IOPV观察一级市场吸收状态，在二级市场交易510300"
  },
  "storage": {
    "pcf": {
      "file": "data/raw/primary_market/510300_pcf_daily.parquet",
      "row_count": 3,
      "first_key": "2026-08-13",
      "last_key": "2026-08-17",
      "sha256": "5b07ef24cc244d40afc8eb241ee183f2181026aa2f7b920cc6f9b3813ac40302"
    },
    "iopv": {
      "file": "data/raw/primary_market/510300_iopv_snapshots.parquet",
      "row_count": 6,
      "first_key": "2026-08-13 16:29:06",
      "last_key": "2026-08-17 09:33:15",
      "sha256": "c77dd216788d8544c699dd55c167a032bde592dd54fcafbfc4cb22742e597fcd"
    }
  },
  "raw_response_files": [
    "data/raw/primary_market/raw/iopv/20260817/20260817T093314_539524+0800.json"
  ],
  "governance": {
    "use_as_trading_signal": false,
    "automatic_ordering_authorized": false,
    "note": "当前只采集和纸面验证；未通过前向门槛前不得映射实盘仓位。"
  }
}
{
  "status": "PASS",
  "checked_at": "2026-08-17T09:34:16.896020+08:00",
  "collector": {
    "collector_id": "510300_PRIMARY_SECONDARY_FORWARD_V1",
    "symbol": "510300.SH",
    "fund_code": "510300",
    "timezone": "Asia/Shanghai",
    "timeout_seconds": 15,
    "observation_interval_seconds": 60,
    "collection_start_time": "09:30:00",
    "collection_end_time": "15:00:00",
    "collection_sessions": [
      [
        "09:30:00",
        "11:30:00"
      ],
      [
        "13:00:00",
        "15:00:00"
      ]
    ],
    "evidence_scope": "仅从实际接入日起的前向数据，不回填历史IOPV"
  },
  "checks": {
    "same_fund_code": true,
    "same_trade_date": true,
    "iopv_publication_enabled": true,
    "positive_iopv": true,
    "positive_last_price": true,
    "positive_creation_unit": true,
    "snapshot_fresh_during_collection_session": true
  },
  "freshness": {
    "during_collection_session": true,
    "clock_delay_seconds": 0.89602,
    "maximum_allowed_seconds_during_session": 180.0
  },
  "latest_pcf": {
    "trading_day": "2026-08-17",
    "previous_trading_day": "2026-08-14",
    "fund_code": "510300",
    "fund_name": "华泰柏瑞沪深300交易型开放式指数证券投资基金",
    "fund_company": "华泰柏瑞基金管理有限公司",
    "file_id": "1463187",
    "etf_type": "8",
    "nav": 4.7282,
    "nav_per_creation_unit": 4255390.17,
    "previous_cash_component": 105384.17,
    "estimated_cash_component": 107458.17,
    "maximum_cash_ratio": 0.5,
    "creation_redemption_unit": 900000,
    "component_count": 300,
    "publish_iopv": true,
    "creation_redemption_status": "申购和赎回皆允许",
    "creation_redemption_mechanism": "1",
    "creation_limit": null,
    "redemption_limit": 3600000000.0,
    "net_creation_limit": null,
    "net_redemption_limit": null,
    "creation_limit_per_account": null,
    "redemption_limit_per_account": null,
    "net_creation_limit_per_account": null,
    "net_redemption_limit_per_account": null,
    "source": "sse.COMMON_SSE_CP_JJLB_ETFJJGK_GGSGSHQD_JBXX_C",
    "retrieved_at": "2026-08-17T09:30:09.574575+08:00"
  },
  "latest_iopv": {
    "exchange_timestamp": "2026-08-17 09:34:16",
    "trade_date": "2026-08-17",
    "fund_code": "510300",
    "name": "300ETF",
    "extended_name": "沪深300ETF华泰柏瑞",
    "last_price": 4.729,
    "iopv": 4.7285,
    "premium_discount_bps": 1.0574177857658462,
    "change_rate_pct": 0.06,
    "change_cny": 0.003,
    "open": 4.73,
    "previous_close": 4.726,
    "high": 4.739,
    "low": 4.726,
    "volume_shares": 24977500.0,
    "amount_cny": 118158349.0,
    "trade_phase_raw": "T111    ",
    "post_close_volume_shares": 0.0,
    "post_close_amount_cny": 0.0,
    "post_close_phase_raw": "A1      ",
    "product_subtype": "EBS",
    "source": "sse.yunhq.sh1.snap",
    "retrieved_at": "2026-08-17T09:34:16.860425+08:00"
  },
  "account_feasibility": {
    "reference_account_cny": 20000.0,
    "creation_unit_notional_cny": 4256100.0,
    "can_directly_create_or_redeem": false,
    "intended_use": "只用PCF和IOPV观察一级市场吸收状态，在二级市场交易510300"
  },
  "storage": {
    "pcf": {
      "file": "data/raw/primary_market/510300_pcf_daily.parquet",
      "row_count": 3,
      "first_key": "2026-08-13",
      "last_key": "2026-08-17",
      "sha256": "5b07ef24cc244d40afc8eb241ee183f2181026aa2f7b920cc6f9b3813ac40302"
    },
    "iopv": {
      "file": "data/raw/primary_market/510300_iopv_snapshots.parquet",
      "row_count": 7,
      "first_key": "2026-08-13 16:29:06",
      "last_key": "2026-08-17 09:34:16",
      "sha256": "943cf9dd8d0c3a3cc06bb1d44f55f9bf6fa89624095a578ac93c3e7800199436"
    }
  },
  "raw_response_files": [
    "data/raw/primary_market/raw/iopv/20260817/20260817T093415_684542+0800.json"
  ],
  "governance": {
    "use_as_trading_signal": false,
    "automatic_ordering_authorized": false,
    "note": "当前只采集和纸面验证；未通过前向门槛前不得映射实盘仓位。"
  }
}
{
  "status": "PASS",
  "checked_at": "2026-08-17T09:35:18.104604+08:00",
  "collector": {
    "collector_id": "510300_PRIMARY_SECONDARY_FORWARD_V1",
    "symbol": "510300.SH",
    "fund_code": "510300",
    "timezone": "Asia/Shanghai",
    "timeout_seconds": 15,
    "observation_interval_seconds": 60,
    "collection_start_time": "09:30:00",
    "collection_end_time": "15:00:00",
    "collection_sessions": [
      [
        "09:30:00",
        "11:30:00"
      ],
      [
        "13:00:00",
        "15:00:00"
      ]
    ],
    "evidence_scope": "仅从实际接入日起的前向数据，不回填历史IOPV"
  },
  "checks": {
    "same_fund_code": true,
    "same_trade_date": true,
    "iopv_publication_enabled": true,
    "positive_iopv": true,
    "positive_last_price": true,
    "positive_creation_unit": true,
    "snapshot_fresh_during_collection_session": true
  },
  "freshness": {
    "during_collection_session": true,
    "clock_delay_seconds": 0.104604,
    "maximum_allowed_seconds_during_session": 180.0
  },
  "latest_pcf": {
    "trading_day": "2026-08-17",
    "previous_trading_day": "2026-08-14",
    "fund_code": "510300",
    "fund_name": "华泰柏瑞沪深300交易型开放式指数证券投资基金",
    "fund_company": "华泰柏瑞基金管理有限公司",
    "file_id": "1463187",
    "etf_type": "8",
    "nav": 4.7282,
    "nav_per_creation_unit": 4255390.17,
    "previous_cash_component": 105384.17,
    "estimated_cash_component": 107458.17,
    "maximum_cash_ratio": 0.5,
    "creation_redemption_unit": 900000,
    "component_count": 300,
    "publish_iopv": true,
    "creation_redemption_status": "申购和赎回皆允许",
    "creation_redemption_mechanism": "1",
    "creation_limit": null,
    "redemption_limit": 3600000000.0,
    "net_creation_limit": null,
    "net_redemption_limit": null,
    "creation_limit_per_account": null,
    "redemption_limit_per_account": null,
    "net_creation_limit_per_account": null,
    "net_redemption_limit_per_account": null,
    "source": "sse.COMMON_SSE_CP_JJLB_ETFJJGK_GGSGSHQD_JBXX_C",
    "retrieved_at": "2026-08-17T09:30:09.574575+08:00"
  },
  "latest_iopv": {
    "exchange_timestamp": "2026-08-17 09:35:18",
    "trade_date": "2026-08-17",
    "fund_code": "510300",
    "name": "300ETF",
    "extended_name": "沪深300ETF华泰柏瑞",
    "last_price": 4.735,
    "iopv": 4.7343,
    "premium_discount_bps": 1.4785712776976823,
    "change_rate_pct": 0.19,
    "change_cny": 0.009,
    "open": 4.73,
    "previous_close": 4.726,
    "high": 4.739,
    "low": 4.726,
    "volume_shares": 28551700.0,
    "amount_cny": 135078659.0,
    "trade_phase_raw": "T111    ",
    "post_close_volume_shares": 0.0,
    "post_close_amount_cny": 0.0,
    "post_close_phase_raw": "A1      ",
    "product_subtype": "EBS",
    "source": "sse.yunhq.sh1.snap",
    "retrieved_at": "2026-08-17T09:35:18.070123+08:00"
  },
  "account_feasibility": {
    "reference_account_cny": 20000.0,
    "creation_unit_notional_cny": 4261500.0,
    "can_directly_create_or_redeem": false,
    "intended_use": "只用PCF和IOPV观察一级市场吸收状态，在二级市场交易510300"
  },
  "storage": {
    "pcf": {
      "file": "data/raw/primary_market/510300_pcf_daily.parquet",
      "row_count": 3,
      "first_key": "2026-08-13",
      "last_key": "2026-08-17",
      "sha256": "5b07ef24cc244d40afc8eb241ee183f2181026aa2f7b920cc6f9b3813ac40302"
    },
    "iopv": {
      "file": "data/raw/primary_market/510300_iopv_snapshots.parquet",
      "row_count": 8,
      "first_key": "2026-08-13 16:29:06",
      "last_key": "2026-08-17 09:35:18",
      "sha256": "91fd852d1aa6d3b3debb2d619512c868b67a485b0271ecc3897cadc2e4cccd6d"
    }
  },
  "raw_response_files": [
    "data/raw/primary_market/raw/iopv/20260817/20260817T093516_897596+0800.json"
  ],
  "governance": {
    "use_as_trading_signal": false,
    "automatic_ordering_authorized": false,
    "note": "当前只采集和纸面验证；未通过前向门槛前不得映射实盘仓位。"
  }
}
{
  "status": "PASS",
  "checked_at": "2026-08-17T09:36:19.335066+08:00",
  "collector": {
    "collector_id": "510300_PRIMARY_SECONDARY_FORWARD_V1",
    "symbol": "510300.SH",
    "fund_code": "510300",
    "timezone": "Asia/Shanghai",
    "timeout_seconds": 15,
    "observation_interval_seconds": 60,
    "collection_start_time": "09:30:00",
    "collection_end_time": "15:00:00",
    "collection_sessions": [
      [
        "09:30:00",
        "11:30:00"
      ],
      [
        "13:00:00",
        "15:00:00"
      ]
    ],
    "evidence_scope": "仅从实际接入日起的前向数据，不回填历史IOPV"
  },
  "checks": {
    "same_fund_code": true,
    "same_trade_date": true,
    "iopv_publication_enabled": true,
    "positive_iopv": true,
    "positive_last_price": true,
    "positive_creation_unit": true,
    "snapshot_fresh_during_collection_session": true
  },
  "freshness": {
    "during_collection_session": true,
    "clock_delay_seconds": 0.335066,
    "maximum_allowed_seconds_during_session": 180.0
  },
  "latest_pcf": {
    "trading_day": "2026-08-17",
    "previous_trading_day": "2026-08-14",
    "fund_code": "510300",
    "fund_name": "华泰柏瑞沪深300交易型开放式指数证券投资基金",
    "fund_company": "华泰柏瑞基金管理有限公司",
    "file_id": "1463187",
    "etf_type": "8",
    "nav": 4.7282,
    "nav_per_creation_unit": 4255390.17,
    "previous_cash_component": 105384.17,
    "estimated_cash_component": 107458.17,
    "maximum_cash_ratio": 0.5,
    "creation_redemption_unit": 900000,
    "component_count": 300,
    "publish_iopv": true,
    "creation_redemption_status": "申购和赎回皆允许",
    "creation_redemption_mechanism": "1",
    "creation_limit": null,
    "redemption_limit": 3600000000.0,
    "net_creation_limit": null,
    "net_redemption_limit": null,
    "creation_limit_per_account": null,
    "redemption_limit_per_account": null,
    "net_creation_limit_per_account": null,
    "net_redemption_limit_per_account": null,
    "source": "sse.COMMON_SSE_CP_JJLB_ETFJJGK_GGSGSHQD_JBXX_C",
    "retrieved_at": "2026-08-17T09:30:09.574575+08:00"
  },
  "latest_iopv": {
    "exchange_timestamp": "2026-08-17 09:36:19",
    "trade_date": "2026-08-17",
    "fund_code": "510300",
    "name": "300ETF",
    "extended_name": "沪深300ETF华泰柏瑞",
    "last_price": 4.736,
    "iopv": 4.7352,
    "premium_discount_bps": 1.6894745734075123,
    "change_rate_pct": 0.21,
    "change_cny": 0.01,
    "open": 4.73,
    "previous_close": 4.726,
    "high": 4.739,
    "low": 4.726,
    "volume_shares": 34445100.0,
    "amount_cny": 162994065.0,
    "trade_phase_raw": "T111    ",
    "post_close_volume_shares": 0.0,
    "post_close_amount_cny": 0.0,
    "post_close_phase_raw": "A1      ",
    "product_subtype": "EBS",
    "source": "sse.yunhq.sh1.snap",
    "retrieved_at": "2026-08-17T09:36:19.296302+08:00"
  },
  "account_feasibility": {
    "reference_account_cny": 20000.0,
    "creation_unit_notional_cny": 4262400.0,
    "can_directly_create_or_redeem": false,
    "intended_use": "只用PCF和IOPV观察一级市场吸收状态，在二级市场交易510300"
  },
  "storage": {
    "pcf": {
      "file": "data/raw/primary_market/510300_pcf_daily.parquet",
      "row_count": 3,
      "first_key": "2026-08-13",
      "last_key": "2026-08-17",
      "sha256": "5b07ef24cc244d40afc8eb241ee183f2181026aa2f7b920cc6f9b3813ac40302"
    },
    "iopv": {
      "file": "data/raw/primary_market/510300_iopv_snapshots.parquet",
      "row_count": 9,
      "first_key": "2026-08-13 16:29:06",
      "last_key": "2026-08-17 09:36:19",
      "sha256": "a6413aa25fd78e3fee517e3cea3b4fd83056761ecf15784832ae589c6d30c598"
    }
  },
  "raw_response_files": [
    "data/raw/primary_market/raw/iopv/20260817/20260817T093618_106724+0800.json"
  ],
  "governance": {
    "use_as_trading_signal": false,
    "automatic_ordering_authorized": false,
    "note": "当前只采集和纸面验证；未通过前向门槛前不得映射实盘仓位。"
  }
}
{
  "status": "PASS",
  "checked_at": "2026-08-17T09:37:20.727897+08:00",
  "collector": {
    "collector_id": "510300_PRIMARY_SECONDARY_FORWARD_V1",
    "symbol": "510300.SH",
    "fund_code": "510300",
    "timezone": "Asia/Shanghai",
    "timeout_seconds": 15,
    "observation_interval_seconds": 60,
    "collection_start_time": "09:30:00",
    "collection_end_time": "15:00:00",
    "collection_sessions": [
      [
        "09:30:00",
        "11:30:00"
      ],
      [
        "13:00:00",
        "15:00:00"
      ]
    ],
    "evidence_scope": "仅从实际接入日起的前向数据，不回填历史IOPV"
  },
  "checks": {
    "same_fund_code": true,
    "same_trade_date": true,
    "iopv_publication_enabled": true,
    "positive_iopv": true,
    "positive_last_price": true,
    "positive_creation_unit": true,
    "snapshot_fresh_during_collection_session": true
  },
  "freshness": {
    "during_collection_session": true,
    "clock_delay_seconds": 0.727897,
    "maximum_allowed_seconds_during_session": 180.0
  },
  "latest_pcf": {
    "trading_day": "2026-08-17",
    "previous_trading_day": "2026-08-14",
    "fund_code": "510300",
    "fund_name": "华泰柏瑞沪深300交易型开放式指数证券投资基金",
    "fund_company": "华泰柏瑞基金管理有限公司",
    "file_id": "1463187",
    "etf_type": "8",
    "nav": 4.7282,
    "nav_per_creation_unit": 4255390.17,
    "previous_cash_component": 105384.17,
    "estimated_cash_component": 107458.17,
    "maximum_cash_ratio": 0.5,
    "creation_redemption_unit": 900000,
    "component_count": 300,
    "publish_iopv": true,
    "creation_redemption_status": "申购和赎回皆允许",
    "creation_redemption_mechanism": "1",
    "creation_limit": null,
    "redemption_limit": 3600000000.0,
    "net_creation_limit": null,
    "net_redemption_limit": null,
    "creation_limit_per_account": null,
    "redemption_limit_per_account": null,
    "net_creation_limit_per_account": null,
    "net_redemption_limit_per_account": null,
    "source": "sse.COMMON_SSE_CP_JJLB_ETFJJGK_GGSGSHQD_JBXX_C",
    "retrieved_at": "2026-08-17T09:30:09.574575+08:00"
  },
  "latest_iopv": {
    "exchange_timestamp": "2026-08-17 09:37:20",
    "trade_date": "2026-08-17",
    "fund_code": "510300",
    "name": "300ETF",
    "extended_name": "沪深300ETF华泰柏瑞",
    "last_price": 4.739,
    "iopv": 4.7387,
    "premium_discount_bps": 0.6330850233182694,
    "change_rate_pct": 0.28,
    "change_cny": 0.013,
    "open": 4.73,
    "previous_close": 4.726,
    "high": 4.74,
    "low": 4.726,
    "volume_shares": 42745499.0,
    "amount_cny": 202323477.0,
    "trade_phase_raw": "T111    ",
    "post_close_volume_shares": 0.0,
    "post_close_amount_cny": 0.0,
    "post_close_phase_raw": "A1      ",
    "product_subtype": "EBS",
    "source": "sse.yunhq.sh1.snap",
    "retrieved_at": "2026-08-17T09:37:20.692278+08:00"
  },
  "account_feasibility": {
    "reference_account_cny": 20000.0,
    "creation_unit_notional_cny": 4265100.0,
    "can_directly_create_or_redeem": false,
    "intended_use": "只用PCF和IOPV观察一级市场吸收状态，在二级市场交易510300"
  },
  "storage": {
    "pcf": {
      "file": "data/raw/primary_market/510300_pcf_daily.parquet",
      "row_count": 3,
      "first_key": "2026-08-13",
      "last_key": "2026-08-17",
      "sha256": "5b07ef24cc244d40afc8eb241ee183f2181026aa2f7b920cc6f9b3813ac40302"
    },
    "iopv": {
      "file": "data/raw/primary_market/510300_iopv_snapshots.parquet",
      "row_count": 10,
      "first_key": "2026-08-13 16:29:06",
      "last_key": "2026-08-17 09:37:20",
      "sha256": "3ccf80bad2ad8360517a54dc876431d9095ac28b255c3a90a93b9432ecb13379"
    }
  },
  "raw_response_files": [
    "data/raw/primary_market/raw/iopv/20260817/20260817T093719_337521+0800.json"
  ],
  "governance": {
    "use_as_trading_signal": false,
    "automatic_ordering_authorized": false,
    "note": "当前只采集和纸面验证；未通过前向门槛前不得映射实盘仓位。"
  }
}
{
  "status": "PASS",
  "checked_at": "2026-08-17T09:38:21.957892+08:00",
  "collector": {
    "collector_id": "510300_PRIMARY_SECONDARY_FORWARD_V1",
    "symbol": "510300.SH",
    "fund_code": "510300",
    "timezone": "Asia/Shanghai",
    "timeout_seconds": 15,
    "observation_interval_seconds": 60,
    "collection_start_time": "09:30:00",
    "collection_end_time": "15:00:00",
    "collection_sessions": [
      [
        "09:30:00",
        "11:30:00"
      ],
      [
        "13:00:00",
        "15:00:00"
      ]
    ],
    "evidence_scope": "仅从实际接入日起的前向数据，不回填历史IOPV"
  },
  "checks": {
    "same_fund_code": true,
    "same_trade_date": true,
    "iopv_publication_enabled": true,
    "positive_iopv": true,
    "positive_last_price": true,
    "positive_creation_unit": true,
    "snapshot_fresh_during_collection_session": true
  },
  "freshness": {
    "during_collection_session": true,
    "clock_delay_seconds": 0.957892,
    "maximum_allowed_seconds_during_session": 180.0
  },
  "latest_pcf": {
    "trading_day": "2026-08-17",
    "previous_trading_day": "2026-08-14",
    "fund_code": "510300",
    "fund_name": "华泰柏瑞沪深300交易型开放式指数证券投资基金",
    "fund_company": "华泰柏瑞基金管理有限公司",
    "file_id": "1463187",
    "etf_type": "8",
    "nav": 4.7282,
    "nav_per_creation_unit": 4255390.17,
    "previous_cash_component": 105384.17,
    "estimated_cash_component": 107458.17,
    "maximum_cash_ratio": 0.5,
    "creation_redemption_unit": 900000,
    "component_count": 300,
    "publish_iopv": true,
    "creation_redemption_status": "申购和赎回皆允许",
    "creation_redemption_mechanism": "1",
    "creation_limit": null,
    "redemption_limit": 3600000000.0,
    "net_creation_limit": null,
    "net_redemption_limit": null,
    "creation_limit_per_account": null,
    "redemption_limit_per_account": null,
    "net_creation_limit_per_account": null,
    "net_redemption_limit_per_account": null,
    "source": "sse.COMMON_SSE_CP_JJLB_ETFJJGK_GGSGSHQD_JBXX_C",
    "retrieved_at": "2026-08-17T09:30:09.574575+08:00"
  },
  "latest_iopv": {
    "exchange_timestamp": "2026-08-17 09:38:21",
    "trade_date": "2026-08-17",
    "fund_code": "510300",
    "name": "300ETF",
    "extended_name": "沪深300ETF华泰柏瑞",
    "last_price": 4.738,
    "iopv": 4.7357,
    "premium_discount_bps": 4.856726566295766,
    "change_rate_pct": 0.25,
    "change_cny": 0.012,
    "open": 4.73,
    "previous_close": 4.726,
    "high": 4.74,
    "low": 4.726,
    "volume_shares": 47553799.0,
    "amount_cny": 225106029.0,
    "trade_phase_raw": "T111    ",
    "post_close_volume_shares": 0.0,
    "post_close_amount_cny": 0.0,
    "post_close_phase_raw": "A1      ",
    "product_subtype": "EBS",
    "source": "sse.yunhq.sh1.snap",
    "retrieved_at": "2026-08-17T09:38:21.917503+08:00"
  },
  "account_feasibility": {
    "reference_account_cny": 20000.0,
    "creation_unit_notional_cny": 4264200.0,
    "can_directly_create_or_redeem": false,
    "intended_use": "只用PCF和IOPV观察一级市场吸收状态，在二级市场交易510300"
  },
  "storage": {
    "pcf": {
      "file": "data/raw/primary_market/510300_pcf_daily.parquet",
      "row_count": 3,
      "first_key": "2026-08-13",
      "last_key": "2026-08-17",
      "sha256": "5b07ef24cc244d40afc8eb241ee183f2181026aa2f7b920cc6f9b3813ac40302"
    },
    "iopv": {
      "file": "data/raw/primary_market/510300_iopv_snapshots.parquet",
      "row_count": 11,
      "first_key": "2026-08-13 16:29:06",
      "last_key": "2026-08-17 09:38:21",
      "sha256": "c1d427c1d9a4b95bdc0e67a79d2c65a1f056b7e8a08687e979d951c5dcc948f4"
    }
  },
  "raw_response_files": [
    "data/raw/primary_market/raw/iopv/20260817/20260817T093820_730449+0800.json"
  ],
  "governance": {
    "use_as_trading_signal": false,
    "automatic_ordering_authorized": false,
    "note": "当前只采集和纸面验证；未通过前向门槛前不得映射实盘仓位。"
  }
}
{
  "status": "PASS",
  "checked_at": "2026-08-17T09:39:23.209443+08:00",
  "collector": {
    "collector_id": "510300_PRIMARY_SECONDARY_FORWARD_V1",
    "symbol": "510300.SH",
    "fund_code": "510300",
    "timezone": "Asia/Shanghai",
    "timeout_seconds": 15,
    "observation_interval_seconds": 60,
    "collection_start_time": "09:30:00",
    "collection_end_time": "15:00:00",
    "collection_sessions": [
      [
        "09:30:00",
        "11:30:00"
      ],
      [
        "13:00:00",
        "15:00:00"
      ]
    ],
    "evidence_scope": "仅从实际接入日起的前向数据，不回填历史IOPV"
  },
  "checks": {
    "same_fund_code": true,
    "same_trade_date": true,
    "iopv_publication_enabled": true,
    "positive_iopv": true,
    "positive_last_price": true,
    "positive_creation_unit": true,
    "snapshot_fresh_during_collection_session": true
  },
  "freshness": {
    "during_collection_session": true,
    "clock_delay_seconds": 0.209443,
    "maximum_allowed_seconds_during_session": 180.0
  },
  "latest_pcf": {
    "trading_day": "2026-08-17",
    "previous_trading_day": "2026-08-14",
    "fund_code": "510300",
    "fund_name": "华泰柏瑞沪深300交易型开放式指数证券投资基金",
    "fund_company": "华泰柏瑞基金管理有限公司",
    "file_id": "1463187",
    "etf_type": "8",
    "nav": 4.7282,
    "nav_per_creation_unit": 4255390.17,
    "previous_cash_component": 105384.17,
    "estimated_cash_component": 107458.17,
    "maximum_cash_ratio": 0.5,
    "creation_redemption_unit": 900000,
    "component_count": 300,
    "publish_iopv": true,
    "creation_redemption_status": "申购和赎回皆允许",
    "creation_redemption_mechanism": "1",
    "creation_limit": null,
    "redemption_limit": 3600000000.0,
    "net_creation_limit": null,
    "net_redemption_limit": null,
    "creation_limit_per_account": null,
    "redemption_limit_per_account": null,
    "net_creation_limit_per_account": null,
    "net_redemption_limit_per_account": null,
    "source": "sse.COMMON_SSE_CP_JJLB_ETFJJGK_GGSGSHQD_JBXX_C",
    "retrieved_at": "2026-08-17T09:30:09.574575+08:00"
  },
  "latest_iopv": {
    "exchange_timestamp": "2026-08-17 09:39:23",
    "trade_date": "2026-08-17",
    "fund_code": "510300",
    "name": "300ETF",
    "extended_name": "沪深300ETF华泰柏瑞",
    "last_price": 4.73,
    "iopv": 4.7305,
    "premium_discount_bps": -1.0569707219099111,
    "change_rate_pct": 0.08,
    "change_cny": 0.004,
    "open": 4.73,
    "previous_close": 4.726,
    "high": 4.74,
    "low": 4.726,
    "volume_shares": 50443599.0,
    "amount_cny": 238786851.0,
    "trade_phase_raw": "T111    ",
    "post_close_volume_shares": 0.0,
    "post_close_amount_cny": 0.0,
    "post_close_phase_raw": "A1      ",
    "product_subtype": "EBS",
    "source": "sse.yunhq.sh1.snap",
    "retrieved_at": "2026-08-17T09:39:23.172437+08:00"
  },
  "account_feasibility": {
    "reference_account_cny": 20000.0,
    "creation_unit_notional_cny": 4257000.0,
    "can_directly_create_or_redeem": false,
    "intended_use": "只用PCF和IOPV观察一级市场吸收状态，在二级市场交易510300"
  },
  "storage": {
    "pcf": {
      "file": "data/raw/primary_market/510300_pcf_daily.parquet",
      "row_count": 3,
      "first_key": "2026-08-13",
      "last_key": "2026-08-17",
      "sha256": "5b07ef24cc244d40afc8eb241ee183f2181026aa2f7b920cc6f9b3813ac40302"
    },
    "iopv": {
      "file": "data/raw/primary_market/510300_iopv_snapshots.parquet",
      "row_count": 12,
      "first_key": "2026-08-13 16:29:06",
      "last_key": "2026-08-17 09:39:23",
      "sha256": "c0c49b405032464a02757185f382a38b04db7f86e1d838c3086c22fc10b65309"
    }
  },
  "raw_response_files": [
    "data/raw/primary_market/raw/iopv/20260817/20260817T093921_959628+0800.json"
  ],
  "governance": {
    "use_as_trading_signal": false,
    "automatic_ordering_authorized": false,
    "note": "当前只采集和纸面验证；未通过前向门槛前不得映射实盘仓位。"
  }
}
{
  "status": "PASS",
  "checked_at": "2026-08-17T09:40:24.552998+08:00",
  "collector": {
    "collector_id": "510300_PRIMARY_SECONDARY_FORWARD_V1",
    "symbol": "510300.SH",
    "fund_code": "510300",
    "timezone": "Asia/Shanghai",
    "timeout_seconds": 15,
    "observation_interval_seconds": 60,
    "collection_start_time": "09:30:00",
    "collection_end_time": "15:00:00",
    "collection_sessions": [
      [
        "09:30:00",
        "11:30:00"
      ],
      [
        "13:00:00",
        "15:00:00"
      ]
    ],
    "evidence_scope": "仅从实际接入日起的前向数据，不回填历史IOPV"
  },
  "checks": {
    "same_fund_code": true,
    "same_trade_date": true,
    "iopv_publication_enabled": true,
    "positive_iopv": true,
    "positive_last_price": true,
    "positive_creation_unit": true,
    "snapshot_fresh_during_collection_session": true
  },
  "freshness": {
    "during_collection_session": true,
    "clock_delay_seconds": 0.552998,
    "maximum_allowed_seconds_during_session": 180.0
  },
  "latest_pcf": {
    "trading_day": "2026-08-17",
    "previous_trading_day": "2026-08-14",
    "fund_code": "510300",
    "fund_name": "华泰柏瑞沪深300交易型开放式指数证券投资基金",
    "fund_company": "华泰柏瑞基金管理有限公司",
    "file_id": "1463187",
    "etf_type": "8",
    "nav": 4.7282,
    "nav_per_creation_unit": 4255390.17,
    "previous_cash_component": 105384.17,
    "estimated_cash_component": 107458.17,
    "maximum_cash_ratio": 0.5,
    "creation_redemption_unit": 900000,
    "component_count": 300,
    "publish_iopv": true,
    "creation_redemption_status": "申购和赎回皆允许",
    "creation_redemption_mechanism": "1",
    "creation_limit": null,
    "redemption_limit": 3600000000.0,
    "net_creation_limit": null,
    "net_redemption_limit": null,
    "creation_limit_per_account": null,
    "redemption_limit_per_account": null,
    "net_creation_limit_per_account": null,
    "net_redemption_limit_per_account": null,
    "source": "sse.COMMON_SSE_CP_JJLB_ETFJJGK_GGSGSHQD_JBXX_C",
    "retrieved_at": "2026-08-17T09:30:09.574575+08:00"
  },
  "latest_iopv": {
    "exchange_timestamp": "2026-08-17 09:40:24",
    "trade_date": "2026-08-17",
    "fund_code": "510300",
    "name": "300ETF",
    "extended_name": "沪深300ETF华泰柏瑞",
    "last_price": 4.733,
    "iopv": 4.7331,
    "premium_discount_bps": -0.21127802074860647,
    "change_rate_pct": 0.15,
    "change_cny": 0.007,
    "open": 4.73,
    "previous_close": 4.726,
    "high": 4.74,
    "low": 4.726,
    "volume_shares": 53044999.0,
    "amount_cny": 251096373.0,
    "trade_phase_raw": "T111    ",
    "post_close_volume_shares": 0.0,
    "post_close_amount_cny": 0.0,
    "post_close_phase_raw": "A1      ",
    "product_subtype": "EBS",
    "source": "sse.yunhq.sh1.snap",
    "retrieved_at": "2026-08-17T09:40:24.512491+08:00"
  },
  "account_feasibility": {
    "reference_account_cny": 20000.0,
    "creation_unit_notional_cny": 4259700.0,
    "can_directly_create_or_redeem": false,
    "intended_use": "只用PCF和IOPV观察一级市场吸收状态，在二级市场交易510300"
  },
  "storage": {
    "pcf": {
      "file": "data/raw/primary_market/510300_pcf_daily.parquet",
      "row_count": 3,
      "first_key": "2026-08-13",
      "last_key": "2026-08-17",
      "sha256": "5b07ef24cc244d40afc8eb241ee183f2181026aa2f7b920cc6f9b3813ac40302"
    },
    "iopv": {
      "file": "data/raw/primary_market/510300_iopv_snapshots.parquet",
      "row_count": 13,
      "first_key": "2026-08-13 16:29:06",
      "last_key": "2026-08-17 09:40:24",
      "sha256": "a05f7d114cb0b2531df29db766a423f5e148b54ff0095a90b64230bbe9dfb2b0"
    }
  },
  "raw_response_files": [
    "data/raw/primary_market/raw/iopv/20260817/20260817T094023_212858+0800.json"
  ],
  "governance": {
    "use_as_trading_signal": false,
    "automatic_ordering_authorized": false,
    "note": "当前只采集和纸面验证；未通过前向门槛前不得映射实盘仓位。"
  }
}
{
  "status": "PASS",
  "checked_at": "2026-08-17T09:41:26.798579+08:00",
  "collector": {
    "collector_id": "510300_PRIMARY_SECONDARY_FORWARD_V1",
    "symbol": "510300.SH",
    "fund_code": "510300",
    "timezone": "Asia/Shanghai",
    "timeout_seconds": 15,
    "observation_interval_seconds": 60,
    "collection_start_time": "09:30:00",
    "collection_end_time": "15:00:00",
    "collection_sessions": [
      [
        "09:30:00",
        "11:30:00"
      ],
      [
        "13:00:00",
        "15:00:00"
      ]
    ],
    "evidence_scope": "仅从实际接入日起的前向数据，不回填历史IOPV"
  },
  "checks": {
    "same_fund_code": true,
    "same_trade_date": true,
    "iopv_publication_enabled": true,
    "positive_iopv": true,
    "positive_last_price": true,
    "positive_creation_unit": true,
    "snapshot_fresh_during_collection_session": true
  },
  "freshness": {
    "during_collection_session": true,
    "clock_delay_seconds": 0.798579,
    "maximum_allowed_seconds_during_session": 180.0
  },
  "latest_pcf": {
    "trading_day": "2026-08-17",
    "previous_trading_day": "2026-08-14",
    "fund_code": "510300",
    "fund_name": "华泰柏瑞沪深300交易型开放式指数证券投资基金",
    "fund_company": "华泰柏瑞基金管理有限公司",
    "file_id": "1463187",
    "etf_type": "8",
    "nav": 4.7282,
    "nav_per_creation_unit": 4255390.17,
    "previous_cash_component": 105384.17,
    "estimated_cash_component": 107458.17,
    "maximum_cash_ratio": 0.5,
    "creation_redemption_unit": 900000,
    "component_count": 300,
    "publish_iopv": true,
    "creation_redemption_status": "申购和赎回皆允许",
    "creation_redemption_mechanism": "1",
    "creation_limit": null,
    "redemption_limit": 3600000000.0,
    "net_creation_limit": null,
    "net_redemption_limit": null,
    "creation_limit_per_account": null,
    "redemption_limit_per_account": null,
    "net_creation_limit_per_account": null,
    "net_redemption_limit_per_account": null,
    "source": "sse.COMMON_SSE_CP_JJLB_ETFJJGK_GGSGSHQD_JBXX_C",
    "retrieved_at": "2026-08-17T09:30:09.574575+08:00"
  },
  "latest_iopv": {
    "exchange_timestamp": "2026-08-17 09:41:26",
    "trade_date": "2026-08-17",
    "fund_code": "510300",
    "name": "300ETF",
    "extended_name": "沪深300ETF华泰柏瑞",
    "last_price": 4.737,
    "iopv": 4.7376,
    "premium_discount_bps": -1.2664640324200338,
    "change_rate_pct": 0.23,
    "change_cny": 0.011,
    "open": 4.73,
    "previous_close": 4.726,
    "high": 4.74,
    "low": 4.726,
    "volume_shares": 54769299.0,
    "amount_cny": 259260307.0,
    "trade_phase_raw": "T111    ",
    "post_close_volume_shares": 0.0,
    "post_close_amount_cny": 0.0,
    "post_close_phase_raw": "A1      ",
    "product_subtype": "EBS",
    "source": "sse.yunhq.sh1.snap",
    "retrieved_at": "2026-08-17T09:41:26.762736+08:00"
  },
  "account_feasibility": {
    "reference_account_cny": 20000.0,
    "creation_unit_notional_cny": 4263300.0,
    "can_directly_create_or_redeem": false,
    "intended_use": "只用PCF和IOPV观察一级市场吸收状态，在二级市场交易510300"
  },
  "storage": {
    "pcf": {
      "file": "data/raw/primary_market/510300_pcf_daily.parquet",
      "row_count": 3,
      "first_key": "2026-08-13",
      "last_key": "2026-08-17",
      "sha256": "5b07ef24cc244d40afc8eb241ee183f2181026aa2f7b920cc6f9b3813ac40302"
    },
    "iopv": {
      "file": "data/raw/primary_market/510300_iopv_snapshots.parquet",
      "row_count": 14,
      "first_key": "2026-08-13 16:29:06",
      "last_key": "2026-08-17 09:41:26",
      "sha256": "a42b575a7ee8c6e8fb7ecf426a66341dff08ac10e38782f8be1abee09dcfc5a0"
    }
  },
  "raw_response_files": [
    "data/raw/primary_market/raw/iopv/20260817/20260817T094124_555111+0800.json"
  ],
  "governance": {
    "use_as_trading_signal": false,
    "automatic_ordering_authorized": false,
    "note": "当前只采集和纸面验证；未通过前向门槛前不得映射实盘仓位。"
  }
}
{
  "status": "PASS",
  "checked_at": "2026-08-17T09:42:28.028057+08:00",
  "collector": {
    "collector_id": "510300_PRIMARY_SECONDARY_FORWARD_V1",
    "symbol": "510300.SH",
    "fund_code": "510300",
    "timezone": "Asia/Shanghai",
    "timeout_seconds": 15,
    "observation_interval_seconds": 60,
    "collection_start_time": "09:30:00",
    "collection_end_time": "15:00:00",
    "collection_sessions": [
      [
        "09:30:00",
        "11:30:00"
      ],
      [
        "13:00:00",
        "15:00:00"
      ]
    ],
    "evidence_scope": "仅从实际接入日起的前向数据，不回填历史IOPV"
  },
  "checks": {
    "same_fund_code": true,
    "same_trade_date": true,
    "iopv_publication_enabled": true,
    "positive_iopv": true,
    "positive_last_price": true,
    "positive_creation_unit": true,
    "snapshot_fresh_during_collection_session": true
  },
  "freshness": {
    "during_collection_session": true,
    "clock_delay_seconds": 1.028057,
    "maximum_allowed_seconds_during_session": 180.0
  },
  "latest_pcf": {
    "trading_day": "2026-08-17",
    "previous_trading_day": "2026-08-14",
    "fund_code": "510300",
    "fund_name": "华泰柏瑞沪深300交易型开放式指数证券投资基金",
    "fund_company": "华泰柏瑞基金管理有限公司",
    "file_id": "1463187",
    "etf_type": "8",
    "nav": 4.7282,
    "nav_per_creation_unit": 4255390.17,
    "previous_cash_component": 105384.17,
    "estimated_cash_component": 107458.17,
    "maximum_cash_ratio": 0.5,
    "creation_redemption_unit": 900000,
    "component_count": 300,
    "publish_iopv": true,
    "creation_redemption_status": "申购和赎回皆允许",
    "creation_redemption_mechanism": "1",
    "creation_limit": null,
    "redemption_limit": 3600000000.0,
    "net_creation_limit": null,
    "net_redemption_limit": null,
    "creation_limit_per_account": null,
    "redemption_limit_per_account": null,
    "net_creation_limit_per_account": null,
    "net_redemption_limit_per_account": null,
    "source": "sse.COMMON_SSE_CP_JJLB_ETFJJGK_GGSGSHQD_JBXX_C",
    "retrieved_at": "2026-08-17T09:30:09.574575+08:00"
  },
  "latest_iopv": {
    "exchange_timestamp": "2026-08-17 09:42:27",
    "trade_date": "2026-08-17",
    "fund_code": "510300",
    "name": "300ETF",
    "extended_name": "沪深300ETF华泰柏瑞",
    "last_price": 4.737,
    "iopv": 4.7371,
    "premium_discount_bps": -0.2110996179094382,
    "change_rate_pct": 0.23,
    "change_cny": 0.011,
    "open": 4.73,
    "previous_close": 4.726,
    "high": 4.74,
    "low": 4.726,
    "volume_shares": 56406299.0,
    "amount_cny": 267014373.0,
    "trade_phase_raw": "T111    ",
    "post_close_volume_shares": 0.0,
    "post_close_amount_cny": 0.0,
    "post_close_phase_raw": "A1      ",
    "product_subtype": "EBS",
    "source": "sse.yunhq.sh1.snap",
    "retrieved_at": "2026-08-17T09:42:27.989797+08:00"
  },
  "account_feasibility": {
    "reference_account_cny": 20000.0,
    "creation_unit_notional_cny": 4263300.0,
    "can_directly_create_or_redeem": false,
    "intended_use": "只用PCF和IOPV观察一级市场吸收状态，在二级市场交易510300"
  },
  "storage": {
    "pcf": {
      "file": "data/raw/primary_market/510300_pcf_daily.parquet",
      "row_count": 3,
      "first_key": "2026-08-13",
      "last_key": "2026-08-17",
      "sha256": "5b07ef24cc244d40afc8eb241ee183f2181026aa2f7b920cc6f9b3813ac40302"
    },
    "iopv": {
      "file": "data/raw/primary_market/510300_iopv_snapshots.parquet",
      "row_count": 15,
      "first_key": "2026-08-13 16:29:06",
      "last_key": "2026-08-17 09:42:27",
      "sha256": "9cc9a9f383744c2385db3a6b84950fd8fb8c862b2eb47b412e8733cf126fb961"
    }
  },
  "raw_response_files": [
    "data/raw/primary_market/raw/iopv/20260817/20260817T094226_801133+0800.json"
  ],
  "governance": {
    "use_as_trading_signal": false,
    "automatic_ordering_authorized": false,
    "note": "当前只采集和纸面验证；未通过前向门槛前不得映射实盘仓位。"
  }
}
{
  "status": "PASS",
  "checked_at": "2026-08-17T09:43:29.275357+08:00",
  "collector": {
    "collector_id": "510300_PRIMARY_SECONDARY_FORWARD_V1",
    "symbol": "510300.SH",
    "fund_code": "510300",
    "timezone": "Asia/Shanghai",
    "timeout_seconds": 15,
    "observation_interval_seconds": 60,
    "collection_start_time": "09:30:00",
    "collection_end_time": "15:00:00",
    "collection_sessions": [
      [
        "09:30:00",
        "11:30:00"
      ],
      [
        "13:00:00",
        "15:00:00"
      ]
    ],
    "evidence_scope": "仅从实际接入日起的前向数据，不回填历史IOPV"
  },
  "checks": {
    "same_fund_code": true,
    "same_trade_date": true,
    "iopv_publication_enabled": true,
    "positive_iopv": true,
    "positive_last_price": true,
    "positive_creation_unit": true,
    "snapshot_fresh_during_collection_session": true
  },
  "freshness": {
    "during_collection_session": true,
    "clock_delay_seconds": 0.275357,
    "maximum_allowed_seconds_during_session": 180.0
  },
  "latest_pcf": {
    "trading_day": "2026-08-17",
    "previous_trading_day": "2026-08-14",
    "fund_code": "510300",
    "fund_name": "华泰柏瑞沪深300交易型开放式指数证券投资基金",
    "fund_company": "华泰柏瑞基金管理有限公司",
    "file_id": "1463187",
    "etf_type": "8",
    "nav": 4.7282,
    "nav_per_creation_unit": 4255390.17,
    "previous_cash_component": 105384.17,
    "estimated_cash_component": 107458.17,
    "maximum_cash_ratio": 0.5,
    "creation_redemption_unit": 900000,
    "component_count": 300,
    "publish_iopv": true,
    "creation_redemption_status": "申购和赎回皆允许",
    "creation_redemption_mechanism": "1",
    "creation_limit": null,
    "redemption_limit": 3600000000.0,
    "net_creation_limit": null,
    "net_redemption_limit": null,
    "creation_limit_per_account": null,
    "redemption_limit_per_account": null,
    "net_creation_limit_per_account": null,
    "net_redemption_limit_per_account": null,
    "source": "sse.COMMON_SSE_CP_JJLB_ETFJJGK_GGSGSHQD_JBXX_C",
    "retrieved_at": "2026-08-17T09:30:09.574575+08:00"
  },
  "latest_iopv": {
    "exchange_timestamp": "2026-08-17 09:43:29",
    "trade_date": "2026-08-17",
    "fund_code": "510300",
    "name": "300ETF",
    "extended_name": "沪深300ETF华泰柏瑞",
    "last_price": 4.733,
    "iopv": 4.7332,
    "premium_discount_bps": -0.4225471140040238,
    "change_rate_pct": 0.15,
    "change_cny": 0.007,
    "open": 4.73,
    "previous_close": 4.726,
    "high": 4.74,
    "low": 4.726,
    "volume_shares": 57876499.0,
    "amount_cny": 273976309.0,
    "trade_phase_raw": "T111    ",
    "post_close_volume_shares": 0.0,
    "post_close_amount_cny": 0.0,
    "post_close_phase_raw": "A1      ",
    "product_subtype": "EBS",
    "source": "sse.yunhq.sh1.snap",
    "retrieved_at": "2026-08-17T09:43:29.237520+08:00"
  },
  "account_feasibility": {
    "reference_account_cny": 20000.0,
    "creation_unit_notional_cny": 4259700.0,
    "can_directly_create_or_redeem": false,
    "intended_use": "只用PCF和IOPV观察一级市场吸收状态，在二级市场交易510300"
  },
  "storage": {
    "pcf": {
      "file": "data/raw/primary_market/510300_pcf_daily.parquet",
      "row_count": 3,
      "first_key": "2026-08-13",
      "last_key": "2026-08-17",
      "sha256": "5b07ef24cc244d40afc8eb241ee183f2181026aa2f7b920cc6f9b3813ac40302"
    },
    "iopv": {
      "file": "data/raw/primary_market/510300_iopv_snapshots.parquet",
      "row_count": 16,
      "first_key": "2026-08-13 16:29:06",
      "last_key": "2026-08-17 09:43:29",
      "sha256": "ae4f0d3683a58ac063ee81e0c3f1dffafcc2b2a555ce3573bc8ac7190ba30534"
    }
  },
  "raw_response_files": [
    "data/raw/primary_market/raw/iopv/20260817/20260817T094328_029973+0800.json"
  ],
  "governance": {
    "use_as_trading_signal": false,
    "automatic_ordering_authorized": false,
    "note": "当前只采集和纸面验证；未通过前向门槛前不得映射实盘仓位。"
  }
}
{
  "status": "PASS",
  "checked_at": "2026-08-17T09:44:30.505195+08:00",
  "collector": {
    "collector_id": "510300_PRIMARY_SECONDARY_FORWARD_V1",
    "symbol": "510300.SH",
    "fund_code": "510300",
    "timezone": "Asia/Shanghai",
    "timeout_seconds": 15,
    "observation_interval_seconds": 60,
    "collection_start_time": "09:30:00",
    "collection_end_time": "15:00:00",
    "collection_sessions": [
      [
        "09:30:00",
        "11:30:00"
      ],
      [
        "13:00:00",
        "15:00:00"
      ]
    ],
    "evidence_scope": "仅从实际接入日起的前向数据，不回填历史IOPV"
  },
  "checks": {
    "same_fund_code": true,
    "same_trade_date": true,
    "iopv_publication_enabled": true,
    "positive_iopv": true,
    "positive_last_price": true,
    "positive_creation_unit": true,
    "snapshot_fresh_during_collection_session": true
  },
  "freshness": {
    "during_collection_session": true,
    "clock_delay_seconds": 0.505195,
    "maximum_allowed_seconds_during_session": 180.0
  },
  "latest_pcf": {
    "trading_day": "2026-08-17",
    "previous_trading_day": "2026-08-14",
    "fund_code": "510300",
    "fund_name": "华泰柏瑞沪深300交易型开放式指数证券投资基金",
    "fund_company": "华泰柏瑞基金管理有限公司",
    "file_id": "1463187",
    "etf_type": "8",
    "nav": 4.7282,
    "nav_per_creation_unit": 4255390.17,
    "previous_cash_component": 105384.17,
    "estimated_cash_component": 107458.17,
    "maximum_cash_ratio": 0.5,
    "creation_redemption_unit": 900000,
    "component_count": 300,
    "publish_iopv": true,
    "creation_redemption_status": "申购和赎回皆允许",
    "creation_redemption_mechanism": "1",
    "creation_limit": null,
    "redemption_limit": 3600000000.0,
    "net_creation_limit": null,
    "net_redemption_limit": null,
    "creation_limit_per_account": null,
    "redemption_limit_per_account": null,
    "net_creation_limit_per_account": null,
    "net_redemption_limit_per_account": null,
    "source": "sse.COMMON_SSE_CP_JJLB_ETFJJGK_GGSGSHQD_JBXX_C",
    "retrieved_at": "2026-08-17T09:30:09.574575+08:00"
  },
  "latest_iopv": {
    "exchange_timestamp": "2026-08-17 09:44:30",
    "trade_date": "2026-08-17",
    "fund_code": "510300",
    "name": "300ETF",
    "extended_name": "沪深300ETF华泰柏瑞",
    "last_price": 4.732,
    "iopv": 4.7337,
    "premium_discount_bps": -3.5912710987173746,
    "change_rate_pct": 0.13,
    "change_cny": 0.006,
    "open": 4.73,
    "previous_close": 4.726,
    "high": 4.74,
    "low": 4.726,
    "volume_shares": 59508899.0,
    "amount_cny": 281702691.0,
    "trade_phase_raw": "T111    ",
    "post_close_volume_shares": 0.0,
    "post_close_amount_cny": 0.0,
    "post_close_phase_raw": "A1      ",
    "product_subtype": "EBS",
    "source": "sse.yunhq.sh1.snap",
    "retrieved_at": "2026-08-17T09:44:30.471390+08:00"
  },
  "account_feasibility": {
    "reference_account_cny": 20000.0,
    "creation_unit_notional_cny": 4258800.0,
    "can_directly_create_or_redeem": false,
    "intended_use": "只用PCF和IOPV观察一级市场吸收状态，在二级市场交易510300"
  },
  "storage": {
    "pcf": {
      "file": "data/raw/primary_market/510300_pcf_daily.parquet",
      "row_count": 3,
      "first_key": "2026-08-13",
      "last_key": "2026-08-17",
      "sha256": "5b07ef24cc244d40afc8eb241ee183f2181026aa2f7b920cc6f9b3813ac40302"
    },
    "iopv": {
      "file": "data/raw/primary_market/510300_iopv_snapshots.parquet",
      "row_count": 17,
      "first_key": "2026-08-13 16:29:06",
      "last_key": "2026-08-17 09:44:30",
      "sha256": "c9e8a339e58d5025d5bb7db311c4ddde2151be53e764e6acfff198c52e880bb3"
    }
  },
  "raw_response_files": [
    "data/raw/primary_market/raw/iopv/20260817/20260817T094429_277865+0800.json"
  ],
  "governance": {
    "use_as_trading_signal": false,
    "automatic_ordering_authorized": false,
    "note": "当前只采集和纸面验证；未通过前向门槛前不得映射实盘仓位。"
  }
}
{
  "status": "PASS",
  "checked_at": "2026-08-17T09:45:32.899759+08:00",
  "collector": {
    "collector_id": "510300_PRIMARY_SECONDARY_FORWARD_V1",
    "symbol": "510300.SH",
    "fund_code": "510300",
    "timezone": "Asia/Shanghai",
    "timeout_seconds": 15,
    "observation_interval_seconds": 60,
    "collection_start_time": "09:30:00",
    "collection_end_time": "15:00:00",
    "collection_sessions": [
      [
        "09:30:00",
        "11:30:00"
      ],
      [
        "13:00:00",
        "15:00:00"
      ]
    ],
    "evidence_scope": "仅从实际接入日起的前向数据，不回填历史IOPV"
  },
  "checks": {
    "same_fund_code": true,
    "same_trade_date": true,
    "iopv_publication_enabled": true,
    "positive_iopv": true,
    "positive_last_price": true,
    "positive_creation_unit": true,
    "snapshot_fresh_during_collection_session": true
  },
  "freshness": {
    "during_collection_session": true,
    "clock_delay_seconds": 0.899759,
    "maximum_allowed_seconds_during_session": 180.0
  },
  "latest_pcf": {
    "trading_day": "2026-08-17",
    "previous_trading_day": "2026-08-14",
    "fund_code": "510300",
    "fund_name": "华泰柏瑞沪深300交易型开放式指数证券投资基金",
    "fund_company": "华泰柏瑞基金管理有限公司",
    "file_id": "1463187",
    "etf_type": "8",
    "nav": 4.7282,
    "nav_per_creation_unit": 4255390.17,
    "previous_cash_component": 105384.17,
    "estimated_cash_component": 107458.17,
    "maximum_cash_ratio": 0.5,
    "creation_redemption_unit": 900000,
    "component_count": 300,
    "publish_iopv": true,
    "creation_redemption_status": "申购和赎回皆允许",
    "creation_redemption_mechanism": "1",
    "creation_limit": null,
    "redemption_limit": 3600000000.0,
    "net_creation_limit": null,
    "net_redemption_limit": null,
    "creation_limit_per_account": null,
    "redemption_limit_per_account": null,
    "net_creation_limit_per_account": null,
    "net_redemption_limit_per_account": null,
    "source": "sse.COMMON_SSE_CP_JJLB_ETFJJGK_GGSGSHQD_JBXX_C",
    "retrieved_at": "2026-08-17T09:30:09.574575+08:00"
  },
  "latest_iopv": {
    "exchange_timestamp": "2026-08-17 09:45:32",
    "trade_date": "2026-08-17",
    "fund_code": "510300",
    "name": "300ETF",
    "extended_name": "沪深300ETF华泰柏瑞",
    "last_price": 4.738,
    "iopv": 4.7397,
    "premium_discount_bps": -3.5867248981991118,
    "change_rate_pct": 0.25,
    "change_cny": 0.012,
    "open": 4.73,
    "previous_close": 4.726,
    "high": 4.74,
    "low": 4.726,
    "volume_shares": 61778399.0,
    "amount_cny": 292452049.0,
    "trade_phase_raw": "T111    ",
    "post_close_volume_shares": 0.0,
    "post_close_amount_cny": 0.0,
    "post_close_phase_raw": "A1      ",
    "product_subtype": "EBS",
    "source": "sse.yunhq.sh1.snap",
    "retrieved_at": "2026-08-17T09:45:32.865019+08:00"
  },
  "account_feasibility": {
    "reference_account_cny": 20000.0,
    "creation_unit_notional_cny": 4264200.0,
    "can_directly_create_or_redeem": false,
    "intended_use": "只用PCF和IOPV观察一级市场吸收状态，在二级市场交易510300"
  },
  "storage": {
    "pcf": {
      "file": "data/raw/primary_market/510300_pcf_daily.parquet",
      "row_count": 3,
      "first_key": "2026-08-13",
      "last_key": "2026-08-17",
      "sha256": "5b07ef24cc244d40afc8eb241ee183f2181026aa2f7b920cc6f9b3813ac40302"
    },
    "iopv": {
      "file": "data/raw/primary_market/510300_iopv_snapshots.parquet",
      "row_count": 18,
      "first_key": "2026-08-13 16:29:06",
      "last_key": "2026-08-17 09:45:32",
      "sha256": "2d58efa62801d63d88b4f4d0bab9f9e91d299da2e37f0feb6f2cbf725847c880"
    }
  },
  "raw_response_files": [
    "data/raw/primary_market/raw/iopv/20260817/20260817T094530_506714+0800.json"
  ],
  "governance": {
    "use_as_trading_signal": false,
    "automatic_ordering_authorized": false,
    "note": "当前只采集和纸面验证；未通过前向门槛前不得映射实盘仓位。"
  }
}
{
  "status": "PASS",
  "checked_at": "2026-08-17T09:46:34.093141+08:00",
  "collector": {
    "collector_id": "510300_PRIMARY_SECONDARY_FORWARD_V1",
    "symbol": "510300.SH",
    "fund_code": "510300",
    "timezone": "Asia/Shanghai",
    "timeout_seconds": 15,
    "observation_interval_seconds": 60,
    "collection_start_time": "09:30:00",
    "collection_end_time": "15:00:00",
    "collection_sessions": [
      [
        "09:30:00",
        "11:30:00"
      ],
      [
        "13:00:00",
        "15:00:00"
      ]
    ],
    "evidence_scope": "仅从实际接入日起的前向数据，不回填历史IOPV"
  },
  "checks": {
    "same_fund_code": true,
    "same_trade_date": true,
    "iopv_publication_enabled": true,
    "positive_iopv": true,
    "positive_last_price": true,
    "positive_creation_unit": true,
    "snapshot_fresh_during_collection_session": true
  },
  "freshness": {
    "during_collection_session": true,
    "clock_delay_seconds": 0.093141,
    "maximum_allowed_seconds_during_session": 180.0
  },
  "latest_pcf": {
    "trading_day": "2026-08-17",
    "previous_trading_day": "2026-08-14",
    "fund_code": "510300",
    "fund_name": "华泰柏瑞沪深300交易型开放式指数证券投资基金",
    "fund_company": "华泰柏瑞基金管理有限公司",
    "file_id": "1463187",
    "etf_type": "8",
    "nav": 4.7282,
    "nav_per_creation_unit": 4255390.17,
    "previous_cash_component": 105384.17,
    "estimated_cash_component": 107458.17,
    "maximum_cash_ratio": 0.5,
    "creation_redemption_unit": 900000,
    "component_count": 300,
    "publish_iopv": true,
    "creation_redemption_status": "申购和赎回皆允许",
    "creation_redemption_mechanism": "1",
    "creation_limit": null,
    "redemption_limit": 3600000000.0,
    "net_creation_limit": null,
    "net_redemption_limit": null,
    "creation_limit_per_account": null,
    "redemption_limit_per_account": null,
    "net_creation_limit_per_account": null,
    "net_redemption_limit_per_account": null,
    "source": "sse.COMMON_SSE_CP_JJLB_ETFJJGK_GGSGSHQD_JBXX_C",
    "retrieved_at": "2026-08-17T09:30:09.574575+08:00"
  },
  "latest_iopv": {
    "exchange_timestamp": "2026-08-17 09:46:34",
    "trade_date": "2026-08-17",
    "fund_code": "510300",
    "name": "300ETF",
    "extended_name": "沪深300ETF华泰柏瑞",
    "last_price": 4.739,
    "iopv": 4.7423,
    "premium_discount_bps": -6.9586487569328614,
    "change_rate_pct": 0.28,
    "change_cny": 0.013,
    "open": 4.73,
    "previous_close": 4.726,
    "high": 4.74,
    "low": 4.726,
    "volume_shares": 66017399.0,
    "amount_cny": 312539533.0,
    "trade_phase_raw": "T111    ",
    "post_close_volume_shares": 0.0,
    "post_close_amount_cny": 0.0,
    "post_close_phase_raw": "A1      ",
    "product_subtype": "EBS",
    "source": "sse.yunhq.sh1.snap",
    "retrieved_at": "2026-08-17T09:46:34.066388+08:00"
  },
  "account_feasibility": {
    "reference_account_cny": 20000.0,
    "creation_unit_notional_cny": 4265100.0,
    "can_directly_create_or_redeem": false,
    "intended_use": "只用PCF和IOPV观察一级市场吸收状态，在二级市场交易510300"
  },
  "storage": {
    "pcf": {
      "file": "data/raw/primary_market/510300_pcf_daily.parquet",
      "row_count": 3,
      "first_key": "2026-08-13",
      "last_key": "2026-08-17",
      "sha256": "5b07ef24cc244d40afc8eb241ee183f2181026aa2f7b920cc6f9b3813ac40302"
    },
    "iopv": {
      "file": "data/raw/primary_market/510300_iopv_snapshots.parquet",
      "row_count": 19,
      "first_key": "2026-08-13 16:29:06",
      "last_key": "2026-08-17 09:46:34",
      "sha256": "82fce83af06d390df4de6dd1d94af0537fc586705463b670e965afd8d927a313"
    }
  },
  "raw_response_files": [
    "data/raw/primary_market/raw/iopv/20260817/20260817T094632_901523+0800.json"
  ],
  "governance": {
    "use_as_trading_signal": false,
    "automatic_ordering_authorized": false,
    "note": "当前只采集和纸面验证；未通过前向门槛前不得映射实盘仓位。"
  }
}
{
  "status": "PASS",
  "checked_at": "2026-08-17T09:47:35.858833+08:00",
  "collector": {
    "collector_id": "510300_PRIMARY_SECONDARY_FORWARD_V1",
    "symbol": "510300.SH",
    "fund_code": "510300",
    "timezone": "Asia/Shanghai",
    "timeout_seconds": 15,
    "observation_interval_seconds": 60,
    "collection_start_time": "09:30:00",
    "collection_end_time": "15:00:00",
    "collection_sessions": [
      [
        "09:30:00",
        "11:30:00"
      ],
      [
        "13:00:00",
        "15:00:00"
      ]
    ],
    "evidence_scope": "仅从实际接入日起的前向数据，不回填历史IOPV"
  },
  "checks": {
    "same_fund_code": true,
    "same_trade_date": true,
    "iopv_publication_enabled": true,
    "positive_iopv": true,
    "positive_last_price": true,
    "positive_creation_unit": true,
    "snapshot_fresh_during_collection_session": true
  },
  "freshness": {
    "during_collection_session": true,
    "clock_delay_seconds": 0.858833,
    "maximum_allowed_seconds_during_session": 180.0
  },
  "latest_pcf": {
    "trading_day": "2026-08-17",
    "previous_trading_day": "2026-08-14",
    "fund_code": "510300",
    "fund_name": "华泰柏瑞沪深300交易型开放式指数证券投资基金",
    "fund_company": "华泰柏瑞基金管理有限公司",
    "file_id": "1463187",
    "etf_type": "8",
    "nav": 4.7282,
    "nav_per_creation_unit": 4255390.17,
    "previous_cash_component": 105384.17,
    "estimated_cash_component": 107458.17,
    "maximum_cash_ratio": 0.5,
    "creation_redemption_unit": 900000,
    "component_count": 300,
    "publish_iopv": true,
    "creation_redemption_status": "申购和赎回皆允许",
    "creation_redemption_mechanism": "1",
    "creation_limit": null,
    "redemption_limit": 3600000000.0,
    "net_creation_limit": null,
    "net_redemption_limit": null,
    "creation_limit_per_account": null,
    "redemption_limit_per_account": null,
    "net_creation_limit_per_account": null,
    "net_redemption_limit_per_account": null,
    "source": "sse.COMMON_SSE_CP_JJLB_ETFJJGK_GGSGSHQD_JBXX_C",
    "retrieved_at": "2026-08-17T09:30:09.574575+08:00"
  },
  "latest_iopv": {
    "exchange_timestamp": "2026-08-17 09:47:35",
    "trade_date": "2026-08-17",
    "fund_code": "510300",
    "name": "300ETF",
    "extended_name": "沪深300ETF华泰柏瑞",
    "last_price": 4.743,
    "iopv": 4.7437,
    "premium_discount_bps": -1.4756413769823062,
    "change_rate_pct": 0.36,
    "change_cny": 0.017,
    "open": 4.73,
    "previous_close": 4.726,
    "high": 4.744,
    "low": 4.726,
    "volume_shares": 74641999.0,
    "amount_cny": 353426083.0,
    "trade_phase_raw": "T111    ",
    "post_close_volume_shares": 0.0,
    "post_close_amount_cny": 0.0,
    "post_close_phase_raw": "A1      ",
    "product_subtype": "EBS",
    "source": "sse.yunhq.sh1.snap",
    "retrieved_at": "2026-08-17T09:47:35.827873+08:00"
  },
  "account_feasibility": {
    "reference_account_cny": 20000.0,
    "creation_unit_notional_cny": 4268700.0,
    "can_directly_create_or_redeem": false,
    "intended_use": "只用PCF和IOPV观察一级市场吸收状态，在二级市场交易510300"
  },
  "storage": {
    "pcf": {
      "file": "data/raw/primary_market/510300_pcf_daily.parquet",
      "row_count": 3,
      "first_key": "2026-08-13",
      "last_key": "2026-08-17",
      "sha256": "5b07ef24cc244d40afc8eb241ee183f2181026aa2f7b920cc6f9b3813ac40302"
    },
    "iopv": {
      "file": "data/raw/primary_market/510300_iopv_snapshots.parquet",
      "row_count": 20,
      "first_key": "2026-08-13 16:29:06",
      "last_key": "2026-08-17 09:47:35",
      "sha256": "4ac1f0ef0c9fbd67e5e7bf0cae89c8ad6b1936695cc3e8f47ee56107d4dd168d"
    }
  },
  "raw_response_files": [
    "data/raw/primary_market/raw/iopv/20260817/20260817T094734_094828+0800.json"
  ],
  "governance": {
    "use_as_trading_signal": false,
    "automatic_ordering_authorized": false,
    "note": "当前只采集和纸面验证；未通过前向门槛前不得映射实盘仓位。"
  }
}
{
  "status": "PASS",
  "checked_at": "2026-08-17T09:48:37.232559+08:00",
  "collector": {
    "collector_id": "510300_PRIMARY_SECONDARY_FORWARD_V1",
    "symbol": "510300.SH",
    "fund_code": "510300",
    "timezone": "Asia/Shanghai",
    "timeout_seconds": 15,
    "observation_interval_seconds": 60,
    "collection_start_time": "09:30:00",
    "collection_end_time": "15:00:00",
    "collection_sessions": [
      [
        "09:30:00",
        "11:30:00"
      ],
      [
        "13:00:00",
        "15:00:00"
      ]
    ],
    "evidence_scope": "仅从实际接入日起的前向数据，不回填历史IOPV"
  },
  "checks": {
    "same_fund_code": true,
    "same_trade_date": true,
    "iopv_publication_enabled": true,
    "positive_iopv": true,
    "positive_last_price": true,
    "positive_creation_unit": true,
    "snapshot_fresh_during_collection_session": true
  },
  "freshness": {
    "during_collection_session": true,
    "clock_delay_seconds": 0.232559,
    "maximum_allowed_seconds_during_session": 180.0
  },
  "latest_pcf": {
    "trading_day": "2026-08-17",
    "previous_trading_day": "2026-08-14",
    "fund_code": "510300",
    "fund_name": "华泰柏瑞沪深300交易型开放式指数证券投资基金",
    "fund_company": "华泰柏瑞基金管理有限公司",
    "file_id": "1463187",
    "etf_type": "8",
    "nav": 4.7282,
    "nav_per_creation_unit": 4255390.17,
    "previous_cash_component": 105384.17,
    "estimated_cash_component": 107458.17,
    "maximum_cash_ratio": 0.5,
    "creation_redemption_unit": 900000,
    "component_count": 300,
    "publish_iopv": true,
    "creation_redemption_status": "申购和赎回皆允许",
    "creation_redemption_mechanism": "1",
    "creation_limit": null,
    "redemption_limit": 3600000000.0,
    "net_creation_limit": null,
    "net_redemption_limit": null,
    "creation_limit_per_account": null,
    "redemption_limit_per_account": null,
    "net_creation_limit_per_account": null,
    "net_redemption_limit_per_account": null,
    "source": "sse.COMMON_SSE_CP_JJLB_ETFJJGK_GGSGSHQD_JBXX_C",
    "retrieved_at": "2026-08-17T09:30:09.574575+08:00"
  },
  "latest_iopv": {
    "exchange_timestamp": "2026-08-17 09:48:37",
    "trade_date": "2026-08-17",
    "fund_code": "510300",
    "name": "300ETF",
    "extended_name": "沪深300ETF华泰柏瑞",
    "last_price": 4.743,
    "iopv": 4.7433,
    "premium_discount_bps": -0.6324710644478593,
    "change_rate_pct": 0.36,
    "change_cny": 0.017,
    "open": 4.73,
    "previous_close": 4.726,
    "high": 4.744,
    "low": 4.726,
    "volume_shares": 78266999.0,
    "amount_cny": 370618534.0,
    "trade_phase_raw": "T111    ",
    "post_close_volume_shares": 0.0,
    "post_close_amount_cny": 0.0,
    "post_close_phase_raw": "A1      ",
    "product_subtype": "EBS",
    "source": "sse.yunhq.sh1.snap",
    "retrieved_at": "2026-08-17T09:48:37.196338+08:00"
  },
  "account_feasibility": {
    "reference_account_cny": 20000.0,
    "creation_unit_notional_cny": 4268700.0,
    "can_directly_create_or_redeem": false,
    "intended_use": "只用PCF和IOPV观察一级市场吸收状态，在二级市场交易510300"
  },
  "storage": {
    "pcf": {
      "file": "data/raw/primary_market/510300_pcf_daily.parquet",
      "row_count": 3,
      "first_key": "2026-08-13",
      "last_key": "2026-08-17",
      "sha256": "5b07ef24cc244d40afc8eb241ee183f2181026aa2f7b920cc6f9b3813ac40302"
    },
    "iopv": {
      "file": "data/raw/primary_market/510300_iopv_snapshots.parquet",
      "row_count": 21,
      "first_key": "2026-08-13 16:29:06",
      "last_key": "2026-08-17 09:48:37",
      "sha256": "1e4afdb553d727200470089cd69a91f9b7ec12d8c4c741d523d076a1a91f4fa8"
    }
  },
  "raw_response_files": [
    "data/raw/primary_market/raw/iopv/20260817/20260817T094835_861276+0800.json"
  ],
  "governance": {
    "use_as_trading_signal": false,
    "automatic_ordering_authorized": false,
    "note": "当前只采集和纸面验证；未通过前向门槛前不得映射实盘仓位。"
  }
}
{
  "status": "PASS",
  "checked_at": "2026-08-17T09:49:38.499502+08:00",
  "collector": {
    "collector_id": "510300_PRIMARY_SECONDARY_FORWARD_V1",
    "symbol": "510300.SH",
    "fund_code": "510300",
    "timezone": "Asia/Shanghai",
    "timeout_seconds": 15,
    "observation_interval_seconds": 60,
    "collection_start_time": "09:30:00",
    "collection_end_time": "15:00:00",
    "collection_sessions": [
      [
        "09:30:00",
        "11:30:00"
      ],
      [
        "13:00:00",
        "15:00:00"
      ]
    ],
    "evidence_scope": "仅从实际接入日起的前向数据，不回填历史IOPV"
  },
  "checks": {
    "same_fund_code": true,
    "same_trade_date": true,
    "iopv_publication_enabled": true,
    "positive_iopv": true,
    "positive_last_price": true,
    "positive_creation_unit": true,
    "snapshot_fresh_during_collection_session": true
  },
  "freshness": {
    "during_collection_session": true,
    "clock_delay_seconds": 0.499502,
    "maximum_allowed_seconds_during_session": 180.0
  },
  "latest_pcf": {
    "trading_day": "2026-08-17",
    "previous_trading_day": "2026-08-14",
    "fund_code": "510300",
    "fund_name": "华泰柏瑞沪深300交易型开放式指数证券投资基金",
    "fund_company": "华泰柏瑞基金管理有限公司",
    "file_id": "1463187",
    "etf_type": "8",
    "nav": 4.7282,
    "nav_per_creation_unit": 4255390.17,
    "previous_cash_component": 105384.17,
    "estimated_cash_component": 107458.17,
    "maximum_cash_ratio": 0.5,
    "creation_redemption_unit": 900000,
    "component_count": 300,
    "publish_iopv": true,
    "creation_redemption_status": "申购和赎回皆允许",
    "creation_redemption_mechanism": "1",
    "creation_limit": null,
    "redemption_limit": 3600000000.0,
    "net_creation_limit": null,
    "net_redemption_limit": null,
    "creation_limit_per_account": null,
    "redemption_limit_per_account": null,
    "net_creation_limit_per_account": null,
    "net_redemption_limit_per_account": null,
    "source": "sse.COMMON_SSE_CP_JJLB_ETFJJGK_GGSGSHQD_JBXX_C",
    "retrieved_at": "2026-08-17T09:30:09.574575+08:00"
  },
  "latest_iopv": {
    "exchange_timestamp": "2026-08-17 09:49:38",
    "trade_date": "2026-08-17",
    "fund_code": "510300",
    "name": "300ETF",
    "extended_name": "沪深300ETF华泰柏瑞",
    "last_price": 4.74,
    "iopv": 4.7431,
    "premium_discount_bps": -6.535809913347235,
    "change_rate_pct": 0.3,
    "change_cny": 0.014,
    "open": 4.73,
    "previous_close": 4.726,
    "high": 4.744,
    "low": 4.726,
    "volume_shares": 80554199.0,
    "amount_cny": 381461338.0,
    "trade_phase_raw": "T111    ",
    "post_close_volume_shares": 0.0,
    "post_close_amount_cny": 0.0,
    "post_close_phase_raw": "A1      ",
    "product_subtype": "EBS",
    "source": "sse.yunhq.sh1.snap",
    "retrieved_at": "2026-08-17T09:49:38.460902+08:00"
  },
  "account_feasibility": {
    "reference_account_cny": 20000.0,
    "creation_unit_notional_cny": 4266000.0,
    "can_directly_create_or_redeem": false,
    "intended_use": "只用PCF和IOPV观察一级市场吸收状态，在二级市场交易510300"
  },
  "storage": {
    "pcf": {
      "file": "data/raw/primary_market/510300_pcf_daily.parquet",
      "row_count": 3,
      "first_key": "2026-08-13",
      "last_key": "2026-08-17",
      "sha256": "5b07ef24cc244d40afc8eb241ee183f2181026aa2f7b920cc6f9b3813ac40302"
    },
    "iopv": {
      "file": "data/raw/primary_market/510300_iopv_snapshots.parquet",
      "row_count": 22,
      "first_key": "2026-08-13 16:29:06",
      "last_key": "2026-08-17 09:49:38",
      "sha256": "b44c32e4b4539c46ea1926fa3605a163b49b2cde0c75e18a1569d6fbff655294"
    }
  },
  "raw_response_files": [
    "data/raw/primary_market/raw/iopv/20260817/20260817T094937_233876+0800.json"
  ],
  "governance": {
    "use_as_trading_signal": false,
    "automatic_ordering_authorized": false,
    "note": "当前只采集和纸面验证；未通过前向门槛前不得映射实盘仓位。"
  }
}
{
  "status": "PASS",
  "checked_at": "2026-08-17T09:50:39.803487+08:00",
  "collector": {
    "collector_id": "510300_PRIMARY_SECONDARY_FORWARD_V1",
    "symbol": "510300.SH",
    "fund_code": "510300",
    "timezone": "Asia/Shanghai",
    "timeout_seconds": 15,
    "observation_interval_seconds": 60,
    "collection_start_time": "09:30:00",
    "collection_end_time": "15:00:00",
    "collection_sessions": [
      [
        "09:30:00",
        "11:30:00"
      ],
      [
        "13:00:00",
        "15:00:00"
      ]
    ],
    "evidence_scope": "仅从实际接入日起的前向数据，不回填历史IOPV"
  },
  "checks": {
    "same_fund_code": true,
    "same_trade_date": true,
    "iopv_publication_enabled": true,
    "positive_iopv": true,
    "positive_last_price": true,
    "positive_creation_unit": true,
    "snapshot_fresh_during_collection_session": true
  },
  "freshness": {
    "during_collection_session": true,
    "clock_delay_seconds": 0.803487,
    "maximum_allowed_seconds_during_session": 180.0
  },
  "latest_pcf": {
    "trading_day": "2026-08-17",
    "previous_trading_day": "2026-08-14",
    "fund_code": "510300",
    "fund_name": "华泰柏瑞沪深300交易型开放式指数证券投资基金",
    "fund_company": "华泰柏瑞基金管理有限公司",
    "file_id": "1463187",
    "etf_type": "8",
    "nav": 4.7282,
    "nav_per_creation_unit": 4255390.17,
    "previous_cash_component": 105384.17,
    "estimated_cash_component": 107458.17,
    "maximum_cash_ratio": 0.5,
    "creation_redemption_unit": 900000,
    "component_count": 300,
    "publish_iopv": true,
    "creation_redemption_status": "申购和赎回皆允许",
    "creation_redemption_mechanism": "1",
    "creation_limit": null,
    "redemption_limit": 3600000000.0,
    "net_creation_limit": null,
    "net_redemption_limit": null,
    "creation_limit_per_account": null,
    "redemption_limit_per_account": null,
    "net_creation_limit_per_account": null,
    "net_redemption_limit_per_account": null,
    "source": "sse.COMMON_SSE_CP_JJLB_ETFJJGK_GGSGSHQD_JBXX_C",
    "retrieved_at": "2026-08-17T09:30:09.574575+08:00"
  },
  "latest_iopv": {
    "exchange_timestamp": "2026-08-17 09:50:39",
    "trade_date": "2026-08-17",
    "fund_code": "510300",
    "name": "300ETF",
    "extended_name": "沪深300ETF华泰柏瑞",
    "last_price": 4.738,
    "iopv": 4.739,
    "premium_discount_bps": -2.11014982063662,
    "change_rate_pct": 0.25,
    "change_cny": 0.012,
    "open": 4.73,
    "previous_close": 4.726,
    "high": 4.744,
    "low": 4.726,
    "volume_shares": 83153899.0,
    "amount_cny": 393779894.0,
    "trade_phase_raw": "T111    ",
    "post_close_volume_shares": 0.0,
    "post_close_amount_cny": 0.0,
    "post_close_phase_raw": "A1      ",
    "product_subtype": "EBS",
    "source": "sse.yunhq.sh1.snap",
    "retrieved_at": "2026-08-17T09:50:39.763877+08:00"
  },
  "account_feasibility": {
    "reference_account_cny": 20000.0,
    "creation_unit_notional_cny": 4264200.0,
    "can_directly_create_or_redeem": false,
    "intended_use": "只用PCF和IOPV观察一级市场吸收状态，在二级市场交易510300"
  },
  "storage": {
    "pcf": {
      "file": "data/raw/primary_market/510300_pcf_daily.parquet",
      "row_count": 3,
      "first_key": "2026-08-13",
      "last_key": "2026-08-17",
      "sha256": "5b07ef24cc244d40afc8eb241ee183f2181026aa2f7b920cc6f9b3813ac40302"
    },
    "iopv": {
      "file": "data/raw/primary_market/510300_iopv_snapshots.parquet",
      "row_count": 23,
      "first_key": "2026-08-13 16:29:06",
      "last_key": "2026-08-17 09:50:39",
      "sha256": "27ab33aaa943c59a6a9eccb31b2a570bd71d55ca0bc8665ae3973a181df2fca7"
    }
  },
  "raw_response_files": [
    "data/raw/primary_market/raw/iopv/20260817/20260817T095038_502918+0800.json"
  ],
  "governance": {
    "use_as_trading_signal": false,
    "automatic_ordering_authorized": false,
    "note": "当前只采集和纸面验证；未通过前向门槛前不得映射实盘仓位。"
  }
}
{
  "status": "PASS",
  "checked_at": "2026-08-17T09:51:41.279293+08:00",
  "collector": {
    "collector_id": "510300_PRIMARY_SECONDARY_FORWARD_V1",
    "symbol": "510300.SH",
    "fund_code": "510300",
    "timezone": "Asia/Shanghai",
    "timeout_seconds": 15,
    "observation_interval_seconds": 60,
    "collection_start_time": "09:30:00",
    "collection_end_time": "15:00:00",
    "collection_sessions": [
      [
        "09:30:00",
        "11:30:00"
      ],
      [
        "13:00:00",
        "15:00:00"
      ]
    ],
    "evidence_scope": "仅从实际接入日起的前向数据，不回填历史IOPV"
  },
  "checks": {
    "same_fund_code": true,
    "same_trade_date": true,
    "iopv_publication_enabled": true,
    "positive_iopv": true,
    "positive_last_price": true,
    "positive_creation_unit": true,
    "snapshot_fresh_during_collection_session": true
  },
  "freshness": {
    "during_collection_session": true,
    "clock_delay_seconds": 0.279293,
    "maximum_allowed_seconds_during_session": 180.0
  },
  "latest_pcf": {
    "trading_day": "2026-08-17",
    "previous_trading_day": "2026-08-14",
    "fund_code": "510300",
    "fund_name": "华泰柏瑞沪深300交易型开放式指数证券投资基金",
    "fund_company": "华泰柏瑞基金管理有限公司",
    "file_id": "1463187",
    "etf_type": "8",
    "nav": 4.7282,
    "nav_per_creation_unit": 4255390.17,
    "previous_cash_component": 105384.17,
    "estimated_cash_component": 107458.17,
    "maximum_cash_ratio": 0.5,
    "creation_redemption_unit": 900000,
    "component_count": 300,
    "publish_iopv": true,
    "creation_redemption_status": "申购和赎回皆允许",
    "creation_redemption_mechanism": "1",
    "creation_limit": null,
    "redemption_limit": 3600000000.0,
    "net_creation_limit": null,
    "net_redemption_limit": null,
    "creation_limit_per_account": null,
    "redemption_limit_per_account": null,
    "net_creation_limit_per_account": null,
    "net_redemption_limit_per_account": null,
    "source": "sse.COMMON_SSE_CP_JJLB_ETFJJGK_GGSGSHQD_JBXX_C",
    "retrieved_at": "2026-08-17T09:30:09.574575+08:00"
  },
  "latest_iopv": {
    "exchange_timestamp": "2026-08-17 09:51:41",
    "trade_date": "2026-08-17",
    "fund_code": "510300",
    "name": "300ETF",
    "extended_name": "沪深300ETF华泰柏瑞",
    "last_price": 4.736,
    "iopv": 4.7362,
    "premium_discount_bps": -0.4222794645503125,
    "change_rate_pct": 0.21,
    "change_cny": 0.01,
    "open": 4.73,
    "previous_close": 4.726,
    "high": 4.744,
    "low": 4.726,
    "volume_shares": 84373099.0,
    "amount_cny": 399555475.0,
    "trade_phase_raw": "T111    ",
    "post_close_volume_shares": 0.0,
    "post_close_amount_cny": 0.0,
    "post_close_phase_raw": "A1      ",
    "product_subtype": "EBS",
    "source": "sse.yunhq.sh1.snap",
    "retrieved_at": "2026-08-17T09:51:41.239119+08:00"
  },
  "account_feasibility": {
    "reference_account_cny": 20000.0,
    "creation_unit_notional_cny": 4262400.0,
    "can_directly_create_or_redeem": false,
    "intended_use": "只用PCF和IOPV观察一级市场吸收状态，在二级市场交易510300"
  },
  "storage": {
    "pcf": {
      "file": "data/raw/primary_market/510300_pcf_daily.parquet",
      "row_count": 3,
      "first_key": "2026-08-13",
      "last_key": "2026-08-17",
      "sha256": "5b07ef24cc244d40afc8eb241ee183f2181026aa2f7b920cc6f9b3813ac40302"
    },
    "iopv": {
      "file": "data/raw/primary_market/510300_iopv_snapshots.parquet",
      "row_count": 24,
      "first_key": "2026-08-13 16:29:06",
      "last_key": "2026-08-17 09:51:41",
      "sha256": "9a3ddc15650682ce450eab620d884da20cb0326b46d66fcf96691f341e6d5319"
    }
  },
  "raw_response_files": [
    "data/raw/primary_market/raw/iopv/20260817/20260817T095139_805777+0800.json"
  ],
  "governance": {
    "use_as_trading_signal": false,
    "automatic_ordering_authorized": false,
    "note": "当前只采集和纸面验证；未通过前向门槛前不得映射实盘仓位。"
  }
}
{
  "status": "PASS",
  "checked_at": "2026-08-17T09:52:42.558451+08:00",
  "collector": {
    "collector_id": "510300_PRIMARY_SECONDARY_FORWARD_V1",
    "symbol": "510300.SH",
    "fund_code": "510300",
    "timezone": "Asia/Shanghai",
    "timeout_seconds": 15,
    "observation_interval_seconds": 60,
    "collection_start_time": "09:30:00",
    "collection_end_time": "15:00:00",
    "collection_sessions": [
      [
        "09:30:00",
        "11:30:00"
      ],
      [
        "13:00:00",
        "15:00:00"
      ]
    ],
    "evidence_scope": "仅从实际接入日起的前向数据，不回填历史IOPV"
  },
  "checks": {
    "same_fund_code": true,
    "same_trade_date": true,
    "iopv_publication_enabled": true,
    "positive_iopv": true,
    "positive_last_price": true,
    "positive_creation_unit": true,
    "snapshot_fresh_during_collection_session": true
  },
  "freshness": {
    "during_collection_session": true,
    "clock_delay_seconds": 0.558451,
    "maximum_allowed_seconds_during_session": 180.0
  },
  "latest_pcf": {
    "trading_day": "2026-08-17",
    "previous_trading_day": "2026-08-14",
    "fund_code": "510300",
    "fund_name": "华泰柏瑞沪深300交易型开放式指数证券投资基金",
    "fund_company": "华泰柏瑞基金管理有限公司",
    "file_id": "1463187",
    "etf_type": "8",
    "nav": 4.7282,
    "nav_per_creation_unit": 4255390.17,
    "previous_cash_component": 105384.17,
    "estimated_cash_component": 107458.17,
    "maximum_cash_ratio": 0.5,
    "creation_redemption_unit": 900000,
    "component_count": 300,
    "publish_iopv": true,
    "creation_redemption_status": "申购和赎回皆允许",
    "creation_redemption_mechanism": "1",
    "creation_limit": null,
    "redemption_limit": 3600000000.0,
    "net_creation_limit": null,
    "net_redemption_limit": null,
    "creation_limit_per_account": null,
    "redemption_limit_per_account": null,
    "net_creation_limit_per_account": null,
    "net_redemption_limit_per_account": null,
    "source": "sse.COMMON_SSE_CP_JJLB_ETFJJGK_GGSGSHQD_JBXX_C",
    "retrieved_at": "2026-08-17T09:30:09.574575+08:00"
  },
  "latest_iopv": {
    "exchange_timestamp": "2026-08-17 09:52:42",
    "trade_date": "2026-08-17",
    "fund_code": "510300",
    "name": "300ETF",
    "extended_name": "沪深300ETF华泰柏瑞",
    "last_price": 4.733,
    "iopv": 4.7325,
    "premium_discount_bps": 1.056524035920603,
    "change_rate_pct": 0.15,
    "change_cny": 0.007,
    "open": 4.73,
    "previous_close": 4.726,
    "high": 4.744,
    "low": 4.726,
    "volume_shares": 86381299.0,
    "amount_cny": 409062812.0,
    "trade_phase_raw": "T111    ",
    "post_close_volume_shares": 0.0,
    "post_close_amount_cny": 0.0,
    "post_close_phase_raw": "A1      ",
    "product_subtype": "EBS",
    "source": "sse.yunhq.sh1.snap",
    "retrieved_at": "2026-08-17T09:52:42.530467+08:00"
  },
  "account_feasibility": {
    "reference_account_cny": 20000.0,
    "creation_unit_notional_cny": 4259700.0,
    "can_directly_create_or_redeem": false,
    "intended_use": "只用PCF和IOPV观察一级市场吸收状态，在二级市场交易510300"
  },
  "storage": {
    "pcf": {
      "file": "data/raw/primary_market/510300_pcf_daily.parquet",
      "row_count": 3,
      "first_key": "2026-08-13",
      "last_key": "2026-08-17",
      "sha256": "5b07ef24cc244d40afc8eb241ee183f2181026aa2f7b920cc6f9b3813ac40302"
    },
    "iopv": {
      "file": "data/raw/primary_market/510300_iopv_snapshots.parquet",
      "row_count": 25,
      "first_key": "2026-08-13 16:29:06",
      "last_key": "2026-08-17 09:52:42",
      "sha256": "b8fc2776ccfe54a9bd33ced4ab55050a2c8051ad2e047bd30df1ebb81f4e4dd6"
    }
  },
  "raw_response_files": [
    "data/raw/primary_market/raw/iopv/20260817/20260817T095241_281093+0800.json"
  ],
  "governance": {
    "use_as_trading_signal": false,
    "automatic_ordering_authorized": false,
    "note": "当前只采集和纸面验证；未通过前向门槛前不得映射实盘仓位。"
  }
}
{
  "status": "PASS",
  "checked_at": "2026-08-17T09:53:43.738911+08:00",
  "collector": {
    "collector_id": "510300_PRIMARY_SECONDARY_FORWARD_V1",
    "symbol": "510300.SH",
    "fund_code": "510300",
    "timezone": "Asia/Shanghai",
    "timeout_seconds": 15,
    "observation_interval_seconds": 60,
    "collection_start_time": "09:30:00",
    "collection_end_time": "15:00:00",
    "collection_sessions": [
      [
        "09:30:00",
        "11:30:00"
      ],
      [
        "13:00:00",
        "15:00:00"
      ]
    ],
    "evidence_scope": "仅从实际接入日起的前向数据，不回填历史IOPV"
  },
  "checks": {
    "same_fund_code": true,
    "same_trade_date": true,
    "iopv_publication_enabled": true,
    "positive_iopv": true,
    "positive_last_price": true,
    "positive_creation_unit": true,
    "snapshot_fresh_during_collection_session": true
  },
  "freshness": {
    "during_collection_session": true,
    "clock_delay_seconds": 0.738911,
    "maximum_allowed_seconds_during_session": 180.0
  },
  "latest_pcf": {
    "trading_day": "2026-08-17",
    "previous_trading_day": "2026-08-14",
    "fund_code": "510300",
    "fund_name": "华泰柏瑞沪深300交易型开放式指数证券投资基金",
    "fund_company": "华泰柏瑞基金管理有限公司",
    "file_id": "1463187",
    "etf_type": "8",
    "nav": 4.7282,
    "nav_per_creation_unit": 4255390.17,
    "previous_cash_component": 105384.17,
    "estimated_cash_component": 107458.17,
    "maximum_cash_ratio": 0.5,
    "creation_redemption_unit": 900000,
    "component_count": 300,
    "publish_iopv": true,
    "creation_redemption_status": "申购和赎回皆允许",
    "creation_redemption_mechanism": "1",
    "creation_limit": null,
    "redemption_limit": 3600000000.0,
    "net_creation_limit": null,
    "net_redemption_limit": null,
    "creation_limit_per_account": null,
    "redemption_limit_per_account": null,
    "net_creation_limit_per_account": null,
    "net_redemption_limit_per_account": null,
    "source": "sse.COMMON_SSE_CP_JJLB_ETFJJGK_GGSGSHQD_JBXX_C",
    "retrieved_at": "2026-08-17T09:30:09.574575+08:00"
  },
  "latest_iopv": {
    "exchange_timestamp": "2026-08-17 09:53:43",
    "trade_date": "2026-08-17",
    "fund_code": "510300",
    "name": "300ETF",
    "extended_name": "沪深300ETF华泰柏瑞",
    "last_price": 4.736,
    "iopv": 4.7389,
    "premium_discount_bps": -6.119563611809431,
    "change_rate_pct": 0.21,
    "change_cny": 0.01,
    "open": 4.73,
    "previous_close": 4.726,
    "high": 4.744,
    "low": 4.726,
    "volume_shares": 89195299.0,
    "amount_cny": 422382209.0,
    "trade_phase_raw": "T111    ",
    "post_close_volume_shares": 0.0,
    "post_close_amount_cny": 0.0,
    "post_close_phase_raw": "A1      ",
    "product_subtype": "EBS",
    "source": "sse.yunhq.sh1.snap",
    "retrieved_at": "2026-08-17T09:53:43.699531+08:00"
  },
  "account_feasibility": {
    "reference_account_cny": 20000.0,
    "creation_unit_notional_cny": 4262400.0,
    "can_directly_create_or_redeem": false,
    "intended_use": "只用PCF和IOPV观察一级市场吸收状态，在二级市场交易510300"
  },
  "storage": {
    "pcf": {
      "file": "data/raw/primary_market/510300_pcf_daily.parquet",
      "row_count": 3,
      "first_key": "2026-08-13",
      "last_key": "2026-08-17",
      "sha256": "5b07ef24cc244d40afc8eb241ee183f2181026aa2f7b920cc6f9b3813ac40302"
    },
    "iopv": {
      "file": "data/raw/primary_market/510300_iopv_snapshots.parquet",
      "row_count": 26,
      "first_key": "2026-08-13 16:29:06",
      "last_key": "2026-08-17 09:53:43",
      "sha256": "4ac4820901b7fbbfa5a6b334acd24f4f57b099cbfb5c600ccae13ee0336694dc"
    }
  },
  "raw_response_files": [
    "data/raw/primary_market/raw/iopv/20260817/20260817T095342_560021+0800.json"
  ],
  "governance": {
    "use_as_trading_signal": false,
    "automatic_ordering_authorized": false,
    "note": "当前只采集和纸面验证；未通过前向门槛前不得映射实盘仓位。"
  }
}
{
  "status": "PASS",
  "checked_at": "2026-08-17T09:54:45.468716+08:00",
  "collector": {
    "collector_id": "510300_PRIMARY_SECONDARY_FORWARD_V1",
    "symbol": "510300.SH",
    "fund_code": "510300",
    "timezone": "Asia/Shanghai",
    "timeout_seconds": 15,
    "observation_interval_seconds": 60,
    "collection_start_time": "09:30:00",
    "collection_end_time": "15:00:00",
    "collection_sessions": [
      [
        "09:30:00",
        "11:30:00"
      ],
      [
        "13:00:00",
        "15:00:00"
      ]
    ],
    "evidence_scope": "仅从实际接入日起的前向数据，不回填历史IOPV"
  },
  "checks": {
    "same_fund_code": true,
    "same_trade_date": true,
    "iopv_publication_enabled": true,
    "positive_iopv": true,
    "positive_last_price": true,
    "positive_creation_unit": true,
    "snapshot_fresh_during_collection_session": true
  },
  "freshness": {
    "during_collection_session": true,
    "clock_delay_seconds": 0.468716,
    "maximum_allowed_seconds_during_session": 180.0
  },
  "latest_pcf": {
    "trading_day": "2026-08-17",
    "previous_trading_day": "2026-08-14",
    "fund_code": "510300",
    "fund_name": "华泰柏瑞沪深300交易型开放式指数证券投资基金",
    "fund_company": "华泰柏瑞基金管理有限公司",
    "file_id": "1463187",
    "etf_type": "8",
    "nav": 4.7282,
    "nav_per_creation_unit": 4255390.17,
    "previous_cash_component": 105384.17,
    "estimated_cash_component": 107458.17,
    "maximum_cash_ratio": 0.5,
    "creation_redemption_unit": 900000,
    "component_count": 300,
    "publish_iopv": true,
    "creation_redemption_status": "申购和赎回皆允许",
    "creation_redemption_mechanism": "1",
    "creation_limit": null,
    "redemption_limit": 3600000000.0,
    "net_creation_limit": null,
    "net_redemption_limit": null,
    "creation_limit_per_account": null,
    "redemption_limit_per_account": null,
    "net_creation_limit_per_account": null,
    "net_redemption_limit_per_account": null,
    "source": "sse.COMMON_SSE_CP_JJLB_ETFJJGK_GGSGSHQD_JBXX_C",
    "retrieved_at": "2026-08-17T09:30:09.574575+08:00"
  },
  "latest_iopv": {
    "exchange_timestamp": "2026-08-17 09:54:45",
    "trade_date": "2026-08-17",
    "fund_code": "510300",
    "name": "300ETF",
    "extended_name": "沪深300ETF华泰柏瑞",
    "last_price": 4.736,
    "iopv": 4.7397,
    "premium_discount_bps": -7.8064012490242085,
    "change_rate_pct": 0.21,
    "change_cny": 0.01,
    "open": 4.73,
    "previous_close": 4.726,
    "high": 4.744,
    "low": 4.726,
    "volume_shares": 92186599.0,
    "amount_cny": 436545740.0,
    "trade_phase_raw": "T111    ",
    "post_close_volume_shares": 0.0,
    "post_close_amount_cny": 0.0,
    "post_close_phase_raw": "A1      ",
    "product_subtype": "EBS",
    "source": "sse.yunhq.sh1.snap",
    "retrieved_at": "2026-08-17T09:54:45.431560+08:00"
  },
  "account_feasibility": {
    "reference_account_cny": 20000.0,
    "creation_unit_notional_cny": 4262400.0,
    "can_directly_create_or_redeem": false,
    "intended_use": "只用PCF和IOPV观察一级市场吸收状态，在二级市场交易510300"
  },
  "storage": {
    "pcf": {
      "file": "data/raw/primary_market/510300_pcf_daily.parquet",
      "row_count": 3,
      "first_key": "2026-08-13",
      "last_key": "2026-08-17",
      "sha256": "5b07ef24cc244d40afc8eb241ee183f2181026aa2f7b920cc6f9b3813ac40302"
    },
    "iopv": {
      "file": "data/raw/primary_market/510300_iopv_snapshots.parquet",
      "row_count": 27,
      "first_key": "2026-08-13 16:29:06",
      "last_key": "2026-08-17 09:54:45",
      "sha256": "e76668556fb93deabe5d5c4c7dc2b2a0f82ab628eead7837cae01377cee6648a"
    }
  },
  "raw_response_files": [
    "data/raw/primary_market/raw/iopv/20260817/20260817T095443_741344+0800.json"
  ],
  "governance": {
    "use_as_trading_signal": false,
    "automatic_ordering_authorized": false,
    "note": "当前只采集和纸面验证；未通过前向门槛前不得映射实盘仓位。"
  }
}
{
  "status": "PASS",
  "checked_at": "2026-08-17T09:55:46.756902+08:00",
  "collector": {
    "collector_id": "510300_PRIMARY_SECONDARY_FORWARD_V1",
    "symbol": "510300.SH",
    "fund_code": "510300",
    "timezone": "Asia/Shanghai",
    "timeout_seconds": 15,
    "observation_interval_seconds": 60,
    "collection_start_time": "09:30:00",
    "collection_end_time": "15:00:00",
    "collection_sessions": [
      [
        "09:30:00",
        "11:30:00"
      ],
      [
        "13:00:00",
        "15:00:00"
      ]
    ],
    "evidence_scope": "仅从实际接入日起的前向数据，不回填历史IOPV"
  },
  "checks": {
    "same_fund_code": true,
    "same_trade_date": true,
    "iopv_publication_enabled": true,
    "positive_iopv": true,
    "positive_last_price": true,
    "positive_creation_unit": true,
    "snapshot_fresh_during_collection_session": true
  },
  "freshness": {
    "during_collection_session": true,
    "clock_delay_seconds": 0.756902,
    "maximum_allowed_seconds_during_session": 180.0
  },
  "latest_pcf": {
    "trading_day": "2026-08-17",
    "previous_trading_day": "2026-08-14",
    "fund_code": "510300",
    "fund_name": "华泰柏瑞沪深300交易型开放式指数证券投资基金",
    "fund_company": "华泰柏瑞基金管理有限公司",
    "file_id": "1463187",
    "etf_type": "8",
    "nav": 4.7282,
    "nav_per_creation_unit": 4255390.17,
    "previous_cash_component": 105384.17,
    "estimated_cash_component": 107458.17,
    "maximum_cash_ratio": 0.5,
    "creation_redemption_unit": 900000,
    "component_count": 300,
    "publish_iopv": true,
    "creation_redemption_status": "申购和赎回皆允许",
    "creation_redemption_mechanism": "1",
    "creation_limit": null,
    "redemption_limit": 3600000000.0,
    "net_creation_limit": null,
    "net_redemption_limit": null,
    "creation_limit_per_account": null,
    "redemption_limit_per_account": null,
    "net_creation_limit_per_account": null,
    "net_redemption_limit_per_account": null,
    "source": "sse.COMMON_SSE_CP_JJLB_ETFJJGK_GGSGSHQD_JBXX_C",
    "retrieved_at": "2026-08-17T09:30:09.574575+08:00"
  },
  "latest_iopv": {
    "exchange_timestamp": "2026-08-17 09:55:46",
    "trade_date": "2026-08-17",
    "fund_code": "510300",
    "name": "300ETF",
    "extended_name": "沪深300ETF华泰柏瑞",
    "last_price": 4.733,
    "iopv": 4.7354,
    "premium_discount_bps": -5.06820965494037,
    "change_rate_pct": 0.15,
    "change_cny": 0.007,
    "open": 4.73,
    "previous_close": 4.726,
    "high": 4.744,
    "low": 4.726,
    "volume_shares": 95821799.0,
    "amount_cny": 453753405.0,
    "trade_phase_raw": "T111    ",
    "post_close_volume_shares": 0.0,
    "post_close_amount_cny": 0.0,
    "post_close_phase_raw": "A1      ",
    "product_subtype": "EBS",
    "source": "sse.yunhq.sh1.snap",
    "retrieved_at": "2026-08-17T09:55:46.719462+08:00"
  },
  "account_feasibility": {
    "reference_account_cny": 20000.0,
    "creation_unit_notional_cny": 4259700.0,
    "can_directly_create_or_redeem": false,
    "intended_use": "只用PCF和IOPV观察一级市场吸收状态，在二级市场交易510300"
  },
  "storage": {
    "pcf": {
      "file": "data/raw/primary_market/510300_pcf_daily.parquet",
      "row_count": 3,
      "first_key": "2026-08-13",
      "last_key": "2026-08-17",
      "sha256": "5b07ef24cc244d40afc8eb241ee183f2181026aa2f7b920cc6f9b3813ac40302"
    },
    "iopv": {
      "file": "data/raw/primary_market/510300_iopv_snapshots.parquet",
      "row_count": 28,
      "first_key": "2026-08-13 16:29:06",
      "last_key": "2026-08-17 09:55:46",
      "sha256": "152d598e2dd63e85e2d11f439736912b49a6f6f070b028c80829e78cfffb7d94"
    }
  },
  "raw_response_files": [
    "data/raw/primary_market/raw/iopv/20260817/20260817T095545_470614+0800.json"
  ],
  "governance": {
    "use_as_trading_signal": false,
    "automatic_ordering_authorized": false,
    "note": "当前只采集和纸面验证；未通过前向门槛前不得映射实盘仓位。"
  }
}
{
  "status": "PASS",
  "checked_at": "2026-08-17T09:56:48.033751+08:00",
  "collector": {
    "collector_id": "510300_PRIMARY_SECONDARY_FORWARD_V1",
    "symbol": "510300.SH",
    "fund_code": "510300",
    "timezone": "Asia/Shanghai",
    "timeout_seconds": 15,
    "observation_interval_seconds": 60,
    "collection_start_time": "09:30:00",
    "collection_end_time": "15:00:00",
    "collection_sessions": [
      [
        "09:30:00",
        "11:30:00"
      ],
      [
        "13:00:00",
        "15:00:00"
      ]
    ],
    "evidence_scope": "仅从实际接入日起的前向数据，不回填历史IOPV"
  },
  "checks": {
    "same_fund_code": true,
    "same_trade_date": true,
    "iopv_publication_enabled": true,
    "positive_iopv": true,
    "positive_last_price": true,
    "positive_creation_unit": true,
    "snapshot_fresh_during_collection_session": true
  },
  "freshness": {
    "during_collection_session": true,
    "clock_delay_seconds": 1.033751,
    "maximum_allowed_seconds_during_session": 180.0
  },
  "latest_pcf": {
    "trading_day": "2026-08-17",
    "previous_trading_day": "2026-08-14",
    "fund_code": "510300",
    "fund_name": "华泰柏瑞沪深300交易型开放式指数证券投资基金",
    "fund_company": "华泰柏瑞基金管理有限公司",
    "file_id": "1463187",
    "etf_type": "8",
    "nav": 4.7282,
    "nav_per_creation_unit": 4255390.17,
    "previous_cash_component": 105384.17,
    "estimated_cash_component": 107458.17,
    "maximum_cash_ratio": 0.5,
    "creation_redemption_unit": 900000,
    "component_count": 300,
    "publish_iopv": true,
    "creation_redemption_status": "申购和赎回皆允许",
    "creation_redemption_mechanism": "1",
    "creation_limit": null,
    "redemption_limit": 3600000000.0,
    "net_creation_limit": null,
    "net_redemption_limit": null,
    "creation_limit_per_account": null,
    "redemption_limit_per_account": null,
    "net_creation_limit_per_account": null,
    "net_redemption_limit_per_account": null,
    "source": "sse.COMMON_SSE_CP_JJLB_ETFJJGK_GGSGSHQD_JBXX_C",
    "retrieved_at": "2026-08-17T09:30:09.574575+08:00"
  },
  "latest_iopv": {
    "exchange_timestamp": "2026-08-17 09:56:47",
    "trade_date": "2026-08-17",
    "fund_code": "510300",
    "name": "300ETF",
    "extended_name": "沪深300ETF华泰柏瑞",
    "last_price": 4.733,
    "iopv": 4.7368,
    "premium_discount_bps": -8.022293531497748,
    "change_rate_pct": 0.15,
    "change_cny": 0.007,
    "open": 4.73,
    "previous_close": 4.726,
    "high": 4.744,
    "low": 4.726,
    "volume_shares": 99415399.0,
    "amount_cny": 470766211.0,
    "trade_phase_raw": "T111    ",
    "post_close_volume_shares": 0.0,
    "post_close_amount_cny": 0.0,
    "post_close_phase_raw": "A1      ",
    "product_subtype": "EBS",
    "source": "sse.yunhq.sh1.snap",
    "retrieved_at": "2026-08-17T09:56:47.992676+08:00"
  },
  "account_feasibility": {
    "reference_account_cny": 20000.0,
    "creation_unit_notional_cny": 4259700.0,
    "can_directly_create_or_redeem": false,
    "intended_use": "只用PCF和IOPV观察一级市场吸收状态，在二级市场交易510300"
  },
  "storage": {
    "pcf": {
      "file": "data/raw/primary_market/510300_pcf_daily.parquet",
      "row_count": 3,
      "first_key": "2026-08-13",
      "last_key": "2026-08-17",
      "sha256": "5b07ef24cc244d40afc8eb241ee183f2181026aa2f7b920cc6f9b3813ac40302"
    },
    "iopv": {
      "file": "data/raw/primary_market/510300_iopv_snapshots.parquet",
      "row_count": 29,
      "first_key": "2026-08-13 16:29:06",
      "last_key": "2026-08-17 09:56:47",
      "sha256": "0093f8e3e3b7afd93e97c95abbcb5999900ead4450feebf9dece94a9c080d22c"
    }
  },
  "raw_response_files": [
    "data/raw/primary_market/raw/iopv/20260817/20260817T095646_759472+0800.json"
  ],
  "governance": {
    "use_as_trading_signal": false,
    "automatic_ordering_authorized": false,
    "note": "当前只采集和纸面验证；未通过前向门槛前不得映射实盘仓位。"
  }
}
{
  "status": "PASS",
  "checked_at": "2026-08-17T09:57:49.254604+08:00",
  "collector": {
    "collector_id": "510300_PRIMARY_SECONDARY_FORWARD_V1",
    "symbol": "510300.SH",
    "fund_code": "510300",
    "timezone": "Asia/Shanghai",
    "timeout_seconds": 15,
    "observation_interval_seconds": 60,
    "collection_start_time": "09:30:00",
    "collection_end_time": "15:00:00",
    "collection_sessions": [
      [
        "09:30:00",
        "11:30:00"
      ],
      [
        "13:00:00",
        "15:00:00"
      ]
    ],
    "evidence_scope": "仅从实际接入日起的前向数据，不回填历史IOPV"
  },
  "checks": {
    "same_fund_code": true,
    "same_trade_date": true,
    "iopv_publication_enabled": true,
    "positive_iopv": true,
    "positive_last_price": true,
    "positive_creation_unit": true,
    "snapshot_fresh_during_collection_session": true
  },
  "freshness": {
    "during_collection_session": true,
    "clock_delay_seconds": 0.254604,
    "maximum_allowed_seconds_during_session": 180.0
  },
  "latest_pcf": {
    "trading_day": "2026-08-17",
    "previous_trading_day": "2026-08-14",
    "fund_code": "510300",
    "fund_name": "华泰柏瑞沪深300交易型开放式指数证券投资基金",
    "fund_company": "华泰柏瑞基金管理有限公司",
    "file_id": "1463187",
    "etf_type": "8",
    "nav": 4.7282,
    "nav_per_creation_unit": 4255390.17,
    "previous_cash_component": 105384.17,
    "estimated_cash_component": 107458.17,
    "maximum_cash_ratio": 0.5,
    "creation_redemption_unit": 900000,
    "component_count": 300,
    "publish_iopv": true,
    "creation_redemption_status": "申购和赎回皆允许",
    "creation_redemption_mechanism": "1",
    "creation_limit": null,
    "redemption_limit": 3600000000.0,
    "net_creation_limit": null,
    "net_redemption_limit": null,
    "creation_limit_per_account": null,
    "redemption_limit_per_account": null,
    "net_creation_limit_per_account": null,
    "net_redemption_limit_per_account": null,
    "source": "sse.COMMON_SSE_CP_JJLB_ETFJJGK_GGSGSHQD_JBXX_C",
    "retrieved_at": "2026-08-17T09:30:09.574575+08:00"
  },
  "latest_iopv": {
    "exchange_timestamp": "2026-08-17 09:57:49",
    "trade_date": "2026-08-17",
    "fund_code": "510300",
    "name": "300ETF",
    "extended_name": "沪深300ETF华泰柏瑞",
    "last_price": 4.73,
    "iopv": 4.7311,
    "premium_discount_bps": -2.325040688210267,
    "change_rate_pct": 0.08,
    "change_cny": 0.004,
    "open": 4.73,
    "previous_close": 4.726,
    "high": 4.744,
    "low": 4.726,
    "volume_shares": 100535799.0,
    "amount_cny": 476067872.0,
    "trade_phase_raw": "T111    ",
    "post_close_volume_shares": 0.0,
    "post_close_amount_cny": 0.0,
    "post_close_phase_raw": "A1      ",
    "product_subtype": "EBS",
    "source": "sse.yunhq.sh1.snap",
    "retrieved_at": "2026-08-17T09:57:49.219451+08:00"
  },
  "account_feasibility": {
    "reference_account_cny": 20000.0,
    "creation_unit_notional_cny": 4257000.0,
    "can_directly_create_or_redeem": false,
    "intended_use": "只用PCF和IOPV观察一级市场吸收状态，在二级市场交易510300"
  },
  "storage": {
    "pcf": {
      "file": "data/raw/primary_market/510300_pcf_daily.parquet",
      "row_count": 3,
      "first_key": "2026-08-13",
      "last_key": "2026-08-17",
      "sha256": "5b07ef24cc244d40afc8eb241ee183f2181026aa2f7b920cc6f9b3813ac40302"
    },
    "iopv": {
      "file": "data/raw/primary_market/510300_iopv_snapshots.parquet",
      "row_count": 30,
      "first_key": "2026-08-13 16:29:06",
      "last_key": "2026-08-17 09:57:49",
      "sha256": "204e2fec2a82a7e67841000b7b211335915ae9ba9f43f40736566db254ed3702"
    }
  },
  "raw_response_files": [
    "data/raw/primary_market/raw/iopv/20260817/20260817T095748_035499+0800.json"
  ],
  "governance": {
    "use_as_trading_signal": false,
    "automatic_ordering_authorized": false,
    "note": "当前只采集和纸面验证；未通过前向门槛前不得映射实盘仓位。"
  }
}
{
  "status": "PASS",
  "checked_at": "2026-08-17T09:58:50.586265+08:00",
  "collector": {
    "collector_id": "510300_PRIMARY_SECONDARY_FORWARD_V1",
    "symbol": "510300.SH",
    "fund_code": "510300",
    "timezone": "Asia/Shanghai",
    "timeout_seconds": 15,
    "observation_interval_seconds": 60,
    "collection_start_time": "09:30:00",
    "collection_end_time": "15:00:00",
    "collection_sessions": [
      [
        "09:30:00",
        "11:30:00"
      ],
      [
        "13:00:00",
        "15:00:00"
      ]
    ],
    "evidence_scope": "仅从实际接入日起的前向数据，不回填历史IOPV"
  },
  "checks": {
    "same_fund_code": true,
    "same_trade_date": true,
    "iopv_publication_enabled": true,
    "positive_iopv": true,
    "positive_last_price": true,
    "positive_creation_unit": true,
    "snapshot_fresh_during_collection_session": true
  },
  "freshness": {
    "during_collection_session": true,
    "clock_delay_seconds": 0.586265,
    "maximum_allowed_seconds_during_session": 180.0
  },
  "latest_pcf": {
    "trading_day": "2026-08-17",
    "previous_trading_day": "2026-08-14",
    "fund_code": "510300",
    "fund_name": "华泰柏瑞沪深300交易型开放式指数证券投资基金",
    "fund_company": "华泰柏瑞基金管理有限公司",
    "file_id": "1463187",
    "etf_type": "8",
    "nav": 4.7282,
    "nav_per_creation_unit": 4255390.17,
    "previous_cash_component": 105384.17,
    "estimated_cash_component": 107458.17,
    "maximum_cash_ratio": 0.5,
    "creation_redemption_unit": 900000,
    "component_count": 300,
    "publish_iopv": true,
    "creation_redemption_status": "申购和赎回皆允许",
    "creation_redemption_mechanism": "1",
    "creation_limit": null,
    "redemption_limit": 3600000000.0,
    "net_creation_limit": null,
    "net_redemption_limit": null,
    "creation_limit_per_account": null,
    "redemption_limit_per_account": null,
    "net_creation_limit_per_account": null,
    "net_redemption_limit_per_account": null,
    "source": "sse.COMMON_SSE_CP_JJLB_ETFJJGK_GGSGSHQD_JBXX_C",
    "retrieved_at": "2026-08-17T09:30:09.574575+08:00"
  },
  "latest_iopv": {
    "exchange_timestamp": "2026-08-17 09:58:50",
    "trade_date": "2026-08-17",
    "fund_code": "510300",
    "name": "300ETF",
    "extended_name": "沪深300ETF华泰柏瑞",
    "last_price": 4.727,
    "iopv": 4.7297,
    "premium_discount_bps": -5.7086073112455615,
    "change_rate_pct": 0.02,
    "change_cny": 0.001,
    "open": 4.73,
    "previous_close": 4.726,
    "high": 4.744,
    "low": 4.725,
    "volume_shares": 104520199.0,
    "amount_cny": 494904852.0,
    "trade_phase_raw": "T111    ",
    "post_close_volume_shares": 0.0,
    "post_close_amount_cny": 0.0,
    "post_close_phase_raw": "A1      ",
    "product_subtype": "EBS",
    "source": "sse.yunhq.sh1.snap",
    "retrieved_at": "2026-08-17T09:58:50.547089+08:00"
  },
  "account_feasibility": {
    "reference_account_cny": 20000.0,
    "creation_unit_notional_cny": 4254300.0,
    "can_directly_create_or_redeem": false,
    "intended_use": "只用PCF和IOPV观察一级市场吸收状态，在二级市场交易510300"
  },
  "storage": {
    "pcf": {
      "file": "data/raw/primary_market/510300_pcf_daily.parquet",
      "row_count": 3,
      "first_key": "2026-08-13",
      "last_key": "2026-08-17",
      "sha256": "5b07ef24cc244d40afc8eb241ee183f2181026aa2f7b920cc6f9b3813ac40302"
    },
    "iopv": {
      "file": "data/raw/primary_market/510300_iopv_snapshots.parquet",
      "row_count": 31,
      "first_key": "2026-08-13 16:29:06",
      "last_key": "2026-08-17 09:58:50",
      "sha256": "ae8ce37a5214d41409e29902ffcb263c6f9e11fedb1a82ec031be17b2ad608d0"
    }
  },
  "raw_response_files": [
    "data/raw/primary_market/raw/iopv/20260817/20260817T095849_257077+0800.json"
  ],
  "governance": {
    "use_as_trading_signal": false,
    "automatic_ordering_authorized": false,
    "note": "当前只采集和纸面验证；未通过前向门槛前不得映射实盘仓位。"
  }
}
{
  "status": "PASS",
  "checked_at": "2026-08-17T09:59:51.775259+08:00",
  "collector": {
    "collector_id": "510300_PRIMARY_SECONDARY_FORWARD_V1",
    "symbol": "510300.SH",
    "fund_code": "510300",
    "timezone": "Asia/Shanghai",
    "timeout_seconds": 15,
    "observation_interval_seconds": 60,
    "collection_start_time": "09:30:00",
    "collection_end_time": "15:00:00",
    "collection_sessions": [
      [
        "09:30:00",
        "11:30:00"
      ],
      [
        "13:00:00",
        "15:00:00"
      ]
    ],
    "evidence_scope": "仅从实际接入日起的前向数据，不回填历史IOPV"
  },
  "checks": {
    "same_fund_code": true,
    "same_trade_date": true,
    "iopv_publication_enabled": true,
    "positive_iopv": true,
    "positive_last_price": true,
    "positive_creation_unit": true,
    "snapshot_fresh_during_collection_session": true
  },
  "freshness": {
    "during_collection_session": true,
    "clock_delay_seconds": 0.775259,
    "maximum_allowed_seconds_during_session": 180.0
  },
  "latest_pcf": {
    "trading_day": "2026-08-17",
    "previous_trading_day": "2026-08-14",
    "fund_code": "510300",
    "fund_name": "华泰柏瑞沪深300交易型开放式指数证券投资基金",
    "fund_company": "华泰柏瑞基金管理有限公司",
    "file_id": "1463187",
    "etf_type": "8",
    "nav": 4.7282,
    "nav_per_creation_unit": 4255390.17,
    "previous_cash_component": 105384.17,
    "estimated_cash_component": 107458.17,
    "maximum_cash_ratio": 0.5,
    "creation_redemption_unit": 900000,
    "component_count": 300,
    "publish_iopv": true,
    "creation_redemption_status": "申购和赎回皆允许",
    "creation_redemption_mechanism": "1",
    "creation_limit": null,
    "redemption_limit": 3600000000.0,
    "net_creation_limit": null,
    "net_redemption_limit": null,
    "creation_limit_per_account": null,
    "redemption_limit_per_account": null,
    "net_creation_limit_per_account": null,
    "net_redemption_limit_per_account": null,
    "source": "sse.COMMON_SSE_CP_JJLB_ETFJJGK_GGSGSHQD_JBXX_C",
    "retrieved_at": "2026-08-17T09:30:09.574575+08:00"
  },
  "latest_iopv": {
    "exchange_timestamp": "2026-08-17 09:59:51",
    "trade_date": "2026-08-17",
    "fund_code": "510300",
    "name": "300ETF",
    "extended_name": "沪深300ETF华泰柏瑞",
    "last_price": 4.73,
    "iopv": 4.7319,
    "premium_discount_bps": -4.015300407870237,
    "change_rate_pct": 0.08,
    "change_cny": 0.004,
    "open": 4.73,
    "previous_close": 4.726,
    "high": 4.744,
    "low": 4.725,
    "volume_shares": 110277599.0,
    "amount_cny": 522125453.0,
    "trade_phase_raw": "T111    ",
    "post_close_volume_shares": 0.0,
    "post_close_amount_cny": 0.0,
    "post_close_phase_raw": "A1      ",
    "product_subtype": "EBS",
    "source": "sse.yunhq.sh1.snap",
    "retrieved_at": "2026-08-17T09:59:51.750289+08:00"
  },
  "account_feasibility": {
    "reference_account_cny": 20000.0,
    "creation_unit_notional_cny": 4257000.0,
    "can_directly_create_or_redeem": false,
    "intended_use": "只用PCF和IOPV观察一级市场吸收状态，在二级市场交易510300"
  },
  "storage": {
    "pcf": {
      "file": "data/raw/primary_market/510300_pcf_daily.parquet",
      "row_count": 3,
      "first_key": "2026-08-13",
      "last_key": "2026-08-17",
      "sha256": "5b07ef24cc244d40afc8eb241ee183f2181026aa2f7b920cc6f9b3813ac40302"
    },
    "iopv": {
      "file": "data/raw/primary_market/510300_iopv_snapshots.parquet",
      "row_count": 32,
      "first_key": "2026-08-13 16:29:06",
      "last_key": "2026-08-17 09:59:51",
      "sha256": "66b686b1bc4cd743f57e0bb991c99c680c14ffe515fac05d9d002e880cae4c38"
    }
  },
  "raw_response_files": [
    "data/raw/primary_market/raw/iopv/20260817/20260817T095950_588308+0800.json"
  ],
  "governance": {
    "use_as_trading_signal": false,
    "automatic_ordering_authorized": false,
    "note": "当前只采集和纸面验证；未通过前向门槛前不得映射实盘仓位。"
  }
}
{
  "status": "PASS",
  "checked_at": "2026-08-17T10:00:53.044559+08:00",
  "collector": {
    "collector_id": "510300_PRIMARY_SECONDARY_FORWARD_V1",
    "symbol": "510300.SH",
    "fund_code": "510300",
    "timezone": "Asia/Shanghai",
    "timeout_seconds": 15,
    "observation_interval_seconds": 60,
    "collection_start_time": "09:30:00",
    "collection_end_time": "15:00:00",
    "collection_sessions": [
      [
        "09:30:00",
        "11:30:00"
      ],
      [
        "13:00:00",
        "15:00:00"
      ]
    ],
    "evidence_scope": "仅从实际接入日起的前向数据，不回填历史IOPV"
  },
  "checks": {
    "same_fund_code": true,
    "same_trade_date": true,
    "iopv_publication_enabled": true,
    "positive_iopv": true,
    "positive_last_price": true,
    "positive_creation_unit": true,
    "snapshot_fresh_during_collection_session": true
  },
  "freshness": {
    "during_collection_session": true,
    "clock_delay_seconds": 1.044559,
    "maximum_allowed_seconds_during_session": 180.0
  },
  "latest_pcf": {
    "trading_day": "2026-08-17",
    "previous_trading_day": "2026-08-14",
    "fund_code": "510300",
    "fund_name": "华泰柏瑞沪深300交易型开放式指数证券投资基金",
    "fund_company": "华泰柏瑞基金管理有限公司",
    "file_id": "1463187",
    "etf_type": "8",
    "nav": 4.7282,
    "nav_per_creation_unit": 4255390.17,
    "previous_cash_component": 105384.17,
    "estimated_cash_component": 107458.17,
    "maximum_cash_ratio": 0.5,
    "creation_redemption_unit": 900000,
    "component_count": 300,
    "publish_iopv": true,
    "creation_redemption_status": "申购和赎回皆允许",
    "creation_redemption_mechanism": "1",
    "creation_limit": null,
    "redemption_limit": 3600000000.0,
    "net_creation_limit": null,
    "net_redemption_limit": null,
    "creation_limit_per_account": null,
    "redemption_limit_per_account": null,
    "net_creation_limit_per_account": null,
    "net_redemption_limit_per_account": null,
    "source": "sse.COMMON_SSE_CP_JJLB_ETFJJGK_GGSGSHQD_JBXX_C",
    "retrieved_at": "2026-08-17T09:30:09.574575+08:00"
  },
  "latest_iopv": {
    "exchange_timestamp": "2026-08-17 10:00:52",
    "trade_date": "2026-08-17",
    "fund_code": "510300",
    "name": "300ETF",
    "extended_name": "沪深300ETF华泰柏瑞",
    "last_price": 4.73,
    "iopv": 4.7329,
    "premium_discount_bps": -6.127321515349005,
    "change_rate_pct": 0.08,
    "change_cny": 0.004,
    "open": 4.73,
    "previous_close": 4.726,
    "high": 4.744,
    "low": 4.725,
    "volume_shares": 111234799.0,
    "amount_cny": 526652249.0,
    "trade_phase_raw": "T111    ",
    "post_close_volume_shares": 0.0,
    "post_close_amount_cny": 0.0,
    "post_close_phase_raw": "A1      ",
    "product_subtype": "EBS",
    "source": "sse.yunhq.sh1.snap",
    "retrieved_at": "2026-08-17T10:00:53.004497+08:00"
  },
  "account_feasibility": {
    "reference_account_cny": 20000.0,
    "creation_unit_notional_cny": 4257000.0,
    "can_directly_create_or_redeem": false,
    "intended_use": "只用PCF和IOPV观察一级市场吸收状态，在二级市场交易510300"
  },
  "storage": {
    "pcf": {
      "file": "data/raw/primary_market/510300_pcf_daily.parquet",
      "row_count": 3,
      "first_key": "2026-08-13",
      "last_key": "2026-08-17",
      "sha256": "5b07ef24cc244d40afc8eb241ee183f2181026aa2f7b920cc6f9b3813ac40302"
    },
    "iopv": {
      "file": "data/raw/primary_market/510300_iopv_snapshots.parquet",
      "row_count": 33,
      "first_key": "2026-08-13 16:29:06",
      "last_key": "2026-08-17 10:00:52",
      "sha256": "854edffe7294434b9f97f20d5b30ce7c24aa7d5ebb3b2073f175963c80283a1b"
    }
  },
  "raw_response_files": [
    "data/raw/primary_market/raw/iopv/20260817/20260817T100051_777143+0800.json"
  ],
  "governance": {
    "use_as_trading_signal": false,
    "automatic_ordering_authorized": false,
    "note": "当前只采集和纸面验证；未通过前向门槛前不得映射实盘仓位。"
  }
}
{
  "status": "PASS",
  "checked_at": "2026-08-17T10:01:54.269495+08:00",
  "collector": {
    "collector_id": "510300_PRIMARY_SECONDARY_FORWARD_V1",
    "symbol": "510300.SH",
    "fund_code": "510300",
    "timezone": "Asia/Shanghai",
    "timeout_seconds": 15,
    "observation_interval_seconds": 60,
    "collection_start_time": "09:30:00",
    "collection_end_time": "15:00:00",
    "collection_sessions": [
      [
        "09:30:00",
        "11:30:00"
      ],
      [
        "13:00:00",
        "15:00:00"
      ]
    ],
    "evidence_scope": "仅从实际接入日起的前向数据，不回填历史IOPV"
  },
  "checks": {
    "same_fund_code": true,
    "same_trade_date": true,
    "iopv_publication_enabled": true,
    "positive_iopv": true,
    "positive_last_price": true,
    "positive_creation_unit": true,
    "snapshot_fresh_during_collection_session": true
  },
  "freshness": {
    "during_collection_session": true,
    "clock_delay_seconds": 0.269495,
    "maximum_allowed_seconds_during_session": 180.0
  },
  "latest_pcf": {
    "trading_day": "2026-08-17",
    "previous_trading_day": "2026-08-14",
    "fund_code": "510300",
    "fund_name": "华泰柏瑞沪深300交易型开放式指数证券投资基金",
    "fund_company": "华泰柏瑞基金管理有限公司",
    "file_id": "1463187",
    "etf_type": "8",
    "nav": 4.7282,
    "nav_per_creation_unit": 4255390.17,
    "previous_cash_component": 105384.17,
    "estimated_cash_component": 107458.17,
    "maximum_cash_ratio": 0.5,
    "creation_redemption_unit": 900000,
    "component_count": 300,
    "publish_iopv": true,
    "creation_redemption_status": "申购和赎回皆允许",
    "creation_redemption_mechanism": "1",
    "creation_limit": null,
    "redemption_limit": 3600000000.0,
    "net_creation_limit": null,
    "net_redemption_limit": null,
    "creation_limit_per_account": null,
    "redemption_limit_per_account": null,
    "net_creation_limit_per_account": null,
    "net_redemption_limit_per_account": null,
    "source": "sse.COMMON_SSE_CP_JJLB_ETFJJGK_GGSGSHQD_JBXX_C",
    "retrieved_at": "2026-08-17T09:30:09.574575+08:00"
  },
  "latest_iopv": {
    "exchange_timestamp": "2026-08-17 10:01:54",
    "trade_date": "2026-08-17",
    "fund_code": "510300",
    "name": "300ETF",
    "extended_name": "沪深300ETF华泰柏瑞",
    "last_price": 4.728,
    "iopv": 4.7295,
    "premium_discount_bps": -3.1715826197276087,
    "change_rate_pct": 0.04,
    "change_cny": 0.002,
    "open": 4.73,
    "previous_close": 4.726,
    "high": 4.744,
    "low": 4.725,
    "volume_shares": 113814599.0,
    "amount_cny": 538850224.0,
    "trade_phase_raw": "T111    ",
    "post_close_volume_shares": 0.0,
    "post_close_amount_cny": 0.0,
    "post_close_phase_raw": "A1      ",
    "product_subtype": "EBS",
    "source": "sse.yunhq.sh1.snap",
    "retrieved_at": "2026-08-17T10:01:54.226352+08:00"
  },
  "account_feasibility": {
    "reference_account_cny": 20000.0,
    "creation_unit_notional_cny": 4255200.0,
    "can_directly_create_or_redeem": false,
    "intended_use": "只用PCF和IOPV观察一级市场吸收状态，在二级市场交易510300"
  },
  "storage": {
    "pcf": {
      "file": "data/raw/primary_market/510300_pcf_daily.parquet",
      "row_count": 3,
      "first_key": "2026-08-13",
      "last_key": "2026-08-17",
      "sha256": "5b07ef24cc244d40afc8eb241ee183f2181026aa2f7b920cc6f9b3813ac40302"
    },
    "iopv": {
      "file": "data/raw/primary_market/510300_iopv_snapshots.parquet",
      "row_count": 34,
      "first_key": "2026-08-13 16:29:06",
      "last_key": "2026-08-17 10:01:54",
      "sha256": "02e9f29ce47e435bb4acc9222a6eaa4d362214fb6b8eef2c448b3a6d58f39652"
    }
  },
  "raw_response_files": [
    "data/raw/primary_market/raw/iopv/20260817/20260817T100153_046122+0800.json"
  ],
  "governance": {
    "use_as_trading_signal": false,
    "automatic_ordering_authorized": false,
    "note": "当前只采集和纸面验证；未通过前向门槛前不得映射实盘仓位。"
  }
}
{
  "status": "PASS",
  "checked_at": "2026-08-17T10:02:55.737094+08:00",
  "collector": {
    "collector_id": "510300_PRIMARY_SECONDARY_FORWARD_V1",
    "symbol": "510300.SH",
    "fund_code": "510300",
    "timezone": "Asia/Shanghai",
    "timeout_seconds": 15,
    "observation_interval_seconds": 60,
    "collection_start_time": "09:30:00",
    "collection_end_time": "15:00:00",
    "collection_sessions": [
      [
        "09:30:00",
        "11:30:00"
      ],
      [
        "13:00:00",
        "15:00:00"
      ]
    ],
    "evidence_scope": "仅从实际接入日起的前向数据，不回填历史IOPV"
  },
  "checks": {
    "same_fund_code": true,
    "same_trade_date": true,
    "iopv_publication_enabled": true,
    "positive_iopv": true,
    "positive_last_price": true,
    "positive_creation_unit": true,
    "snapshot_fresh_during_collection_session": true
  },
  "freshness": {
    "during_collection_session": true,
    "clock_delay_seconds": 0.737094,
    "maximum_allowed_seconds_during_session": 180.0
  },
  "latest_pcf": {
    "trading_day": "2026-08-17",
    "previous_trading_day": "2026-08-14",
    "fund_code": "510300",
    "fund_name": "华泰柏瑞沪深300交易型开放式指数证券投资基金",
    "fund_company": "华泰柏瑞基金管理有限公司",
    "file_id": "1463187",
    "etf_type": "8",
    "nav": 4.7282,
    "nav_per_creation_unit": 4255390.17,
    "previous_cash_component": 105384.17,
    "estimated_cash_component": 107458.17,
    "maximum_cash_ratio": 0.5,
    "creation_redemption_unit": 900000,
    "component_count": 300,
    "publish_iopv": true,
    "creation_redemption_status": "申购和赎回皆允许",
    "creation_redemption_mechanism": "1",
    "creation_limit": null,
    "redemption_limit": 3600000000.0,
    "net_creation_limit": null,
    "net_redemption_limit": null,
    "creation_limit_per_account": null,
    "redemption_limit_per_account": null,
    "net_creation_limit_per_account": null,
    "net_redemption_limit_per_account": null,
    "source": "sse.COMMON_SSE_CP_JJLB_ETFJJGK_GGSGSHQD_JBXX_C",
    "retrieved_at": "2026-08-17T09:30:09.574575+08:00"
  },
  "latest_iopv": {
    "exchange_timestamp": "2026-08-17 10:02:55",
    "trade_date": "2026-08-17",
    "fund_code": "510300",
    "name": "300ETF",
    "extended_name": "沪深300ETF华泰柏瑞",
    "last_price": 4.73,
    "iopv": 4.7312,
    "premium_discount_bps": -2.53635441325617,
    "change_rate_pct": 0.08,
    "change_cny": 0.004,
    "open": 4.73,
    "previous_close": 4.726,
    "high": 4.744,
    "low": 4.725,
    "volume_shares": 115190099.0,
    "amount_cny": 545354561.0,
    "trade_phase_raw": "T111    ",
    "post_close_volume_shares": 0.0,
    "post_close_amount_cny": 0.0,
    "post_close_phase_raw": "A1      ",
    "product_subtype": "EBS",
    "source": "sse.yunhq.sh1.snap",
    "retrieved_at": "2026-08-17T10:02:55.699047+08:00"
  },
  "account_feasibility": {
    "reference_account_cny": 20000.0,
    "creation_unit_notional_cny": 4257000.0,
    "can_directly_create_or_redeem": false,
    "intended_use": "只用PCF和IOPV观察一级市场吸收状态，在二级市场交易510300"
  },
  "storage": {
    "pcf": {
      "file": "data/raw/primary_market/510300_pcf_daily.parquet",
      "row_count": 3,
      "first_key": "2026-08-13",
      "last_key": "2026-08-17",
      "sha256": "5b07ef24cc244d40afc8eb241ee183f2181026aa2f7b920cc6f9b3813ac40302"
    },
    "iopv": {
      "file": "data/raw/primary_market/510300_iopv_snapshots.parquet",
      "row_count": 35,
      "first_key": "2026-08-13 16:29:06",
      "last_key": "2026-08-17 10:02:55",
      "sha256": "9e83a3ada4e48936e578be853abdebea5536cbc27b56ec9ac461d58db2cace20"
    }
  },
  "raw_response_files": [
    "data/raw/primary_market/raw/iopv/20260817/20260817T100254_271883+0800.json"
  ],
  "governance": {
    "use_as_trading_signal": false,
    "automatic_ordering_authorized": false,
    "note": "当前只采集和纸面验证；未通过前向门槛前不得映射实盘仓位。"
  }
}
{
  "status": "PASS",
  "checked_at": "2026-08-17T10:03:57.130316+08:00",
  "collector": {
    "collector_id": "510300_PRIMARY_SECONDARY_FORWARD_V1",
    "symbol": "510300.SH",
    "fund_code": "510300",
    "timezone": "Asia/Shanghai",
    "timeout_seconds": 15,
    "observation_interval_seconds": 60,
    "collection_start_time": "09:30:00",
    "collection_end_time": "15:00:00",
    "collection_sessions": [
      [
        "09:30:00",
        "11:30:00"
      ],
      [
        "13:00:00",
        "15:00:00"
      ]
    ],
    "evidence_scope": "仅从实际接入日起的前向数据，不回填历史IOPV"
  },
  "checks": {
    "same_fund_code": true,
    "same_trade_date": true,
    "iopv_publication_enabled": true,
    "positive_iopv": true,
    "positive_last_price": true,
    "positive_creation_unit": true,
    "snapshot_fresh_during_collection_session": true
  },
  "freshness": {
    "during_collection_session": true,
    "clock_delay_seconds": 0.130316,
    "maximum_allowed_seconds_during_session": 180.0
  },
  "latest_pcf": {
    "trading_day": "2026-08-17",
    "previous_trading_day": "2026-08-14",
    "fund_code": "510300",
    "fund_name": "华泰柏瑞沪深300交易型开放式指数证券投资基金",
    "fund_company": "华泰柏瑞基金管理有限公司",
    "file_id": "1463187",
    "etf_type": "8",
    "nav": 4.7282,
    "nav_per_creation_unit": 4255390.17,
    "previous_cash_component": 105384.17,
    "estimated_cash_component": 107458.17,
    "maximum_cash_ratio": 0.5,
    "creation_redemption_unit": 900000,
    "component_count": 300,
    "publish_iopv": true,
    "creation_redemption_status": "申购和赎回皆允许",
    "creation_redemption_mechanism": "1",
    "creation_limit": null,
    "redemption_limit": 3600000000.0,
    "net_creation_limit": null,
    "net_redemption_limit": null,
    "creation_limit_per_account": null,
    "redemption_limit_per_account": null,
    "net_creation_limit_per_account": null,
    "net_redemption_limit_per_account": null,
    "source": "sse.COMMON_SSE_CP_JJLB_ETFJJGK_GGSGSHQD_JBXX_C",
    "retrieved_at": "2026-08-17T09:30:09.574575+08:00"
  },
  "latest_iopv": {
    "exchange_timestamp": "2026-08-17 10:03:57",
    "trade_date": "2026-08-17",
    "fund_code": "510300",
    "name": "300ETF",
    "extended_name": "沪深300ETF华泰柏瑞",
    "last_price": 4.73,
    "iopv": 4.7325,
    "premium_discount_bps": -5.282620179608566,
    "change_rate_pct": 0.08,
    "change_cny": 0.004,
    "open": 4.73,
    "previous_close": 4.726,
    "high": 4.744,
    "low": 4.725,
    "volume_shares": 116315999.0,
    "amount_cny": 550679059.0,
    "trade_phase_raw": "T111    ",
    "post_close_volume_shares": 0.0,
    "post_close_amount_cny": 0.0,
    "post_close_phase_raw": "A1      ",
    "product_subtype": "EBS",
    "source": "sse.yunhq.sh1.snap",
    "retrieved_at": "2026-08-17T10:03:57.093189+08:00"
  },
  "account_feasibility": {
    "reference_account_cny": 20000.0,
    "creation_unit_notional_cny": 4257000.0,
    "can_directly_create_or_redeem": false,
    "intended_use": "只用PCF和IOPV观察一级市场吸收状态，在二级市场交易510300"
  },
  "storage": {
    "pcf": {
      "file": "data/raw/primary_market/510300_pcf_daily.parquet",
      "row_count": 3,
      "first_key": "2026-08-13",
      "last_key": "2026-08-17",
      "sha256": "5b07ef24cc244d40afc8eb241ee183f2181026aa2f7b920cc6f9b3813ac40302"
    },
    "iopv": {
      "file": "data/raw/primary_market/510300_iopv_snapshots.parquet",
      "row_count": 36,
      "first_key": "2026-08-13 16:29:06",
      "last_key": "2026-08-17 10:03:57",
      "sha256": "a9aa830f6233c5844771f61cc09be2c6abf491255d9bf8233bf89f349551fb7f"
    }
  },
  "raw_response_files": [
    "data/raw/primary_market/raw/iopv/20260817/20260817T100355_738209+0800.json"
  ],
  "governance": {
    "use_as_trading_signal": false,
    "automatic_ordering_authorized": false,
    "note": "当前只采集和纸面验证；未通过前向门槛前不得映射实盘仓位。"
  }
}
{
  "status": "PASS",
  "checked_at": "2026-08-17T10:04:58.341732+08:00",
  "collector": {
    "collector_id": "510300_PRIMARY_SECONDARY_FORWARD_V1",
    "symbol": "510300.SH",
    "fund_code": "510300",
    "timezone": "Asia/Shanghai",
    "timeout_seconds": 15,
    "observation_interval_seconds": 60,
    "collection_start_time": "09:30:00",
    "collection_end_time": "15:00:00",
    "collection_sessions": [
      [
        "09:30:00",
        "11:30:00"
      ],
      [
        "13:00:00",
        "15:00:00"
      ]
    ],
    "evidence_scope": "仅从实际接入日起的前向数据，不回填历史IOPV"
  },
  "checks": {
    "same_fund_code": true,
    "same_trade_date": true,
    "iopv_publication_enabled": true,
    "positive_iopv": true,
    "positive_last_price": true,
    "positive_creation_unit": true,
    "snapshot_fresh_during_collection_session": true
  },
  "freshness": {
    "during_collection_session": true,
    "clock_delay_seconds": 0.341732,
    "maximum_allowed_seconds_during_session": 180.0
  },
  "latest_pcf": {
    "trading_day": "2026-08-17",
    "previous_trading_day": "2026-08-14",
    "fund_code": "510300",
    "fund_name": "华泰柏瑞沪深300交易型开放式指数证券投资基金",
    "fund_company": "华泰柏瑞基金管理有限公司",
    "file_id": "1463187",
    "etf_type": "8",
    "nav": 4.7282,
    "nav_per_creation_unit": 4255390.17,
    "previous_cash_component": 105384.17,
    "estimated_cash_component": 107458.17,
    "maximum_cash_ratio": 0.5,
    "creation_redemption_unit": 900000,
    "component_count": 300,
    "publish_iopv": true,
    "creation_redemption_status": "申购和赎回皆允许",
    "creation_redemption_mechanism": "1",
    "creation_limit": null,
    "redemption_limit": 3600000000.0,
    "net_creation_limit": null,
    "net_redemption_limit": null,
    "creation_limit_per_account": null,
    "redemption_limit_per_account": null,
    "net_creation_limit_per_account": null,
    "net_redemption_limit_per_account": null,
    "source": "sse.COMMON_SSE_CP_JJLB_ETFJJGK_GGSGSHQD_JBXX_C",
    "retrieved_at": "2026-08-17T09:30:09.574575+08:00"
  },
  "latest_iopv": {
    "exchange_timestamp": "2026-08-17 10:04:58",
    "trade_date": "2026-08-17",
    "fund_code": "510300",
    "name": "300ETF",
    "extended_name": "沪深300ETF华泰柏瑞",
    "last_price": 4.731,
    "iopv": 4.7351,
    "premium_discount_bps": -8.65874004772893,
    "change_rate_pct": 0.11,
    "change_cny": 0.005,
    "open": 4.73,
    "previous_close": 4.726,
    "high": 4.744,
    "low": 4.725,
    "volume_shares": 119841099.0,
    "amount_cny": 567353918.0,
    "trade_phase_raw": "T111    ",
    "post_close_volume_shares": 0.0,
    "post_close_amount_cny": 0.0,
    "post_close_phase_raw": "A1      ",
    "product_subtype": "EBS",
    "source": "sse.yunhq.sh1.snap",
    "retrieved_at": "2026-08-17T10:04:58.313348+08:00"
  },
  "account_feasibility": {
    "reference_account_cny": 20000.0,
    "creation_unit_notional_cny": 4257900.0,
    "can_directly_create_or_redeem": false,
    "intended_use": "只用PCF和IOPV观察一级市场吸收状态，在二级市场交易510300"
  },
  "storage": {
    "pcf": {
      "file": "data/raw/primary_market/510300_pcf_daily.parquet",
      "row_count": 3,
      "first_key": "2026-08-13",
      "last_key": "2026-08-17",
      "sha256": "5b07ef24cc244d40afc8eb241ee183f2181026aa2f7b920cc6f9b3813ac40302"
    },
    "iopv": {
      "file": "data/raw/primary_market/510300_iopv_snapshots.parquet",
      "row_count": 37,
      "first_key": "2026-08-13 16:29:06",
      "last_key": "2026-08-17 10:04:58",
      "sha256": "8f49590de0ffa3c51de63c6b847a39199c2d8c4f55a190b12405ac6101fe7d90"
    }
  },
  "raw_response_files": [
    "data/raw/primary_market/raw/iopv/20260817/20260817T100457_132289+0800.json"
  ],
  "governance": {
    "use_as_trading_signal": false,
    "automatic_ordering_authorized": false,
    "note": "当前只采集和纸面验证；未通过前向门槛前不得映射实盘仓位。"
  }
}
{
  "status": "PASS",
  "checked_at": "2026-08-17T10:06:00.687318+08:00",
  "collector": {
    "collector_id": "510300_PRIMARY_SECONDARY_FORWARD_V1",
    "symbol": "510300.SH",
    "fund_code": "510300",
    "timezone": "Asia/Shanghai",
    "timeout_seconds": 15,
    "observation_interval_seconds": 60,
    "collection_start_time": "09:30:00",
    "collection_end_time": "15:00:00",
    "collection_sessions": [
      [
        "09:30:00",
        "11:30:00"
      ],
      [
        "13:00:00",
        "15:00:00"
      ]
    ],
    "evidence_scope": "仅从实际接入日起的前向数据，不回填历史IOPV"
  },
  "checks": {
    "same_fund_code": true,
    "same_trade_date": true,
    "iopv_publication_enabled": true,
    "positive_iopv": true,
    "positive_last_price": true,
    "positive_creation_unit": true,
    "snapshot_fresh_during_collection_session": true
  },
  "freshness": {
    "during_collection_session": true,
    "clock_delay_seconds": 0.687318,
    "maximum_allowed_seconds_during_session": 180.0
  },
  "latest_pcf": {
    "trading_day": "2026-08-17",
    "previous_trading_day": "2026-08-14",
    "fund_code": "510300",
    "fund_name": "华泰柏瑞沪深300交易型开放式指数证券投资基金",
    "fund_company": "华泰柏瑞基金管理有限公司",
    "file_id": "1463187",
    "etf_type": "8",
    "nav": 4.7282,
    "nav_per_creation_unit": 4255390.17,
    "previous_cash_component": 105384.17,
    "estimated_cash_component": 107458.17,
    "maximum_cash_ratio": 0.5,
    "creation_redemption_unit": 900000,
    "component_count": 300,
    "publish_iopv": true,
    "creation_redemption_status": "申购和赎回皆允许",
    "creation_redemption_mechanism": "1",
    "creation_limit": null,
    "redemption_limit": 3600000000.0,
    "net_creation_limit": null,
    "net_redemption_limit": null,
    "creation_limit_per_account": null,
    "redemption_limit_per_account": null,
    "net_creation_limit_per_account": null,
    "net_redemption_limit_per_account": null,
    "source": "sse.COMMON_SSE_CP_JJLB_ETFJJGK_GGSGSHQD_JBXX_C",
    "retrieved_at": "2026-08-17T09:30:09.574575+08:00"
  },
  "latest_iopv": {
    "exchange_timestamp": "2026-08-17 10:06:00",
    "trade_date": "2026-08-17",
    "fund_code": "510300",
    "name": "300ETF",
    "extended_name": "沪深300ETF华泰柏瑞",
    "last_price": 4.735,
    "iopv": 4.7392,
    "premium_discount_bps": -8.862255232950922,
    "change_rate_pct": 0.19,
    "change_cny": 0.009,
    "open": 4.73,
    "previous_close": 4.726,
    "high": 4.744,
    "low": 4.725,
    "volume_shares": 125586999.0,
    "amount_cny": 594551208.0,
    "trade_phase_raw": "T111    ",
    "post_close_volume_shares": 0.0,
    "post_close_amount_cny": 0.0,
    "post_close_phase_raw": "A1      ",
    "product_subtype": "EBS",
    "source": "sse.yunhq.sh1.snap",
    "retrieved_at": "2026-08-17T10:06:00.651125+08:00"
  },
  "account_feasibility": {
    "reference_account_cny": 20000.0,
    "creation_unit_notional_cny": 4261500.0,
    "can_directly_create_or_redeem": false,
    "intended_use": "只用PCF和IOPV观察一级市场吸收状态，在二级市场交易510300"
  },
  "storage": {
    "pcf": {
      "file": "data/raw/primary_market/510300_pcf_daily.parquet",
      "row_count": 3,
      "first_key": "2026-08-13",
      "last_key": "2026-08-17",
      "sha256": "5b07ef24cc244d40afc8eb241ee183f2181026aa2f7b920cc6f9b3813ac40302"
    },
    "iopv": {
      "file": "data/raw/primary_market/510300_iopv_snapshots.parquet",
      "row_count": 38,
      "first_key": "2026-08-13 16:29:06",
      "last_key": "2026-08-17 10:06:00",
      "sha256": "f2b53e73216f92b76f6d80257aa317f08107698d530f0187a2696fe229d93959"
    }
  },
  "raw_response_files": [
    "data/raw/primary_market/raw/iopv/20260817/20260817T100558_344014+0800.json"
  ],
  "governance": {
    "use_as_trading_signal": false,
    "automatic_ordering_authorized": false,
    "note": "当前只采集和纸面验证；未通过前向门槛前不得映射实盘仓位。"
  }
}
{
  "status": "PASS",
  "checked_at": "2026-08-17T10:07:01.917356+08:00",
  "collector": {
    "collector_id": "510300_PRIMARY_SECONDARY_FORWARD_V1",
    "symbol": "510300.SH",
    "fund_code": "510300",
    "timezone": "Asia/Shanghai",
    "timeout_seconds": 15,
    "observation_interval_seconds": 60,
    "collection_start_time": "09:30:00",
    "collection_end_time": "15:00:00",
    "collection_sessions": [
      [
        "09:30:00",
        "11:30:00"
      ],
      [
        "13:00:00",
        "15:00:00"
      ]
    ],
    "evidence_scope": "仅从实际接入日起的前向数据，不回填历史IOPV"
  },
  "checks": {
    "same_fund_code": true,
    "same_trade_date": true,
    "iopv_publication_enabled": true,
    "positive_iopv": true,
    "positive_last_price": true,
    "positive_creation_unit": true,
    "snapshot_fresh_during_collection_session": true
  },
  "freshness": {
    "during_collection_session": true,
    "clock_delay_seconds": 0.917356,
    "maximum_allowed_seconds_during_session": 180.0
  },
  "latest_pcf": {
    "trading_day": "2026-08-17",
    "previous_trading_day": "2026-08-14",
    "fund_code": "510300",
    "fund_name": "华泰柏瑞沪深300交易型开放式指数证券投资基金",
    "fund_company": "华泰柏瑞基金管理有限公司",
    "file_id": "1463187",
    "etf_type": "8",
    "nav": 4.7282,
    "nav_per_creation_unit": 4255390.17,
    "previous_cash_component": 105384.17,
    "estimated_cash_component": 107458.17,
    "maximum_cash_ratio": 0.5,
    "creation_redemption_unit": 900000,
    "component_count": 300,
    "publish_iopv": true,
    "creation_redemption_status": "申购和赎回皆允许",
    "creation_redemption_mechanism": "1",
    "creation_limit": null,
    "redemption_limit": 3600000000.0,
    "net_creation_limit": null,
    "net_redemption_limit": null,
    "creation_limit_per_account": null,
    "redemption_limit_per_account": null,
    "net_creation_limit_per_account": null,
    "net_redemption_limit_per_account": null,
    "source": "sse.COMMON_SSE_CP_JJLB_ETFJJGK_GGSGSHQD_JBXX_C",
    "retrieved_at": "2026-08-17T09:30:09.574575+08:00"
  },
  "latest_iopv": {
    "exchange_timestamp": "2026-08-17 10:07:01",
    "trade_date": "2026-08-17",
    "fund_code": "510300",
    "name": "300ETF",
    "extended_name": "沪深300ETF华泰柏瑞",
    "last_price": 4.735,
    "iopv": 4.7382,
    "premium_discount_bps": -6.753619517959608,
    "change_rate_pct": 0.19,
    "change_cny": 0.009,
    "open": 4.73,
    "previous_close": 4.726,
    "high": 4.744,
    "low": 4.725,
    "volume_shares": 126506699.0,
    "amount_cny": 598906205.0,
    "trade_phase_raw": "T111    ",
    "post_close_volume_shares": 0.0,
    "post_close_amount_cny": 0.0,
    "post_close_phase_raw": "A1      ",
    "product_subtype": "EBS",
    "source": "sse.yunhq.sh1.snap",
    "retrieved_at": "2026-08-17T10:07:01.877310+08:00"
  },
  "account_feasibility": {
    "reference_account_cny": 20000.0,
    "creation_unit_notional_cny": 4261500.0,
    "can_directly_create_or_redeem": false,
    "intended_use": "只用PCF和IOPV观察一级市场吸收状态，在二级市场交易510300"
  },
  "storage": {
    "pcf": {
      "file": "data/raw/primary_market/510300_pcf_daily.parquet",
      "row_count": 3,
      "first_key": "2026-08-13",
      "last_key": "2026-08-17",
      "sha256": "5b07ef24cc244d40afc8eb241ee183f2181026aa2f7b920cc6f9b3813ac40302"
    },
    "iopv": {
      "file": "data/raw/primary_market/510300_iopv_snapshots.parquet",
      "row_count": 39,
      "first_key": "2026-08-13 16:29:06",
      "last_key": "2026-08-17 10:07:01",
      "sha256": "b87a1d28b87554085a19c5857b0bb4fcbf57c6c9cab04e3fae4106bc0d6cc01e"
    }
  },
  "raw_response_files": [
    "data/raw/primary_market/raw/iopv/20260817/20260817T100700_689324+0800.json"
  ],
  "governance": {
    "use_as_trading_signal": false,
    "automatic_ordering_authorized": false,
    "note": "当前只采集和纸面验证；未通过前向门槛前不得映射实盘仓位。"
  }
}
{
  "status": "PASS",
  "checked_at": "2026-08-17T10:08:03.282214+08:00",
  "collector": {
    "collector_id": "510300_PRIMARY_SECONDARY_FORWARD_V1",
    "symbol": "510300.SH",
    "fund_code": "510300",
    "timezone": "Asia/Shanghai",
    "timeout_seconds": 15,
    "observation_interval_seconds": 60,
    "collection_start_time": "09:30:00",
    "collection_end_time": "15:00:00",
    "collection_sessions": [
      [
        "09:30:00",
        "11:30:00"
      ],
      [
        "13:00:00",
        "15:00:00"
      ]
    ],
    "evidence_scope": "仅从实际接入日起的前向数据，不回填历史IOPV"
  },
  "checks": {
    "same_fund_code": true,
    "same_trade_date": true,
    "iopv_publication_enabled": true,
    "positive_iopv": true,
    "positive_last_price": true,
    "positive_creation_unit": true,
    "snapshot_fresh_during_collection_session": true
  },
  "freshness": {
    "during_collection_session": true,
    "clock_delay_seconds": 0.282214,
    "maximum_allowed_seconds_during_session": 180.0
  },
  "latest_pcf": {
    "trading_day": "2026-08-17",
    "previous_trading_day": "2026-08-14",
    "fund_code": "510300",
    "fund_name": "华泰柏瑞沪深300交易型开放式指数证券投资基金",
    "fund_company": "华泰柏瑞基金管理有限公司",
    "file_id": "1463187",
    "etf_type": "8",
    "nav": 4.7282,
    "nav_per_creation_unit": 4255390.17,
    "previous_cash_component": 105384.17,
    "estimated_cash_component": 107458.17,
    "maximum_cash_ratio": 0.5,
    "creation_redemption_unit": 900000,
    "component_count": 300,
    "publish_iopv": true,
    "creation_redemption_status": "申购和赎回皆允许",
    "creation_redemption_mechanism": "1",
    "creation_limit": null,
    "redemption_limit": 3600000000.0,
    "net_creation_limit": null,
    "net_redemption_limit": null,
    "creation_limit_per_account": null,
    "redemption_limit_per_account": null,
    "net_creation_limit_per_account": null,
    "net_redemption_limit_per_account": null,
    "source": "sse.COMMON_SSE_CP_JJLB_ETFJJGK_GGSGSHQD_JBXX_C",
    "retrieved_at": "2026-08-17T09:30:09.574575+08:00"
  },
  "latest_iopv": {
    "exchange_timestamp": "2026-08-17 10:08:03",
    "trade_date": "2026-08-17",
    "fund_code": "510300",
    "name": "300ETF",
    "extended_name": "沪深300ETF华泰柏瑞",
    "last_price": 4.736,
    "iopv": 4.7402,
    "premium_discount_bps": -8.860385637736723,
    "change_rate_pct": 0.21,
    "change_cny": 0.01,
    "open": 4.73,
    "previous_close": 4.726,
    "high": 4.744,
    "low": 4.725,
    "volume_shares": 126820099.0,
    "amount_cny": 600390589.0,
    "trade_phase_raw": "T111    ",
    "post_close_volume_shares": 0.0,
    "post_close_amount_cny": 0.0,
    "post_close_phase_raw": "A1      ",
    "product_subtype": "EBS",
    "source": "sse.yunhq.sh1.snap",
    "retrieved_at": "2026-08-17T10:08:03.239083+08:00"
  },
  "account_feasibility": {
    "reference_account_cny": 20000.0,
    "creation_unit_notional_cny": 4262400.0,
    "can_directly_create_or_redeem": false,
    "intended_use": "只用PCF和IOPV观察一级市场吸收状态，在二级市场交易510300"
  },
  "storage": {
    "pcf": {
      "file": "data/raw/primary_market/510300_pcf_daily.parquet",
      "row_count": 3,
      "first_key": "2026-08-13",
      "last_key": "2026-08-17",
      "sha256": "5b07ef24cc244d40afc8eb241ee183f2181026aa2f7b920cc6f9b3813ac40302"
    },
    "iopv": {
      "file": "data/raw/primary_market/510300_iopv_snapshots.parquet",
      "row_count": 40,
      "first_key": "2026-08-13 16:29:06",
      "last_key": "2026-08-17 10:08:03",
      "sha256": "1e552f5503773a8714002e3138f1d6dd3250977b69c8b798c107655d3cdb53c4"
    }
  },
  "raw_response_files": [
    "data/raw/primary_market/raw/iopv/20260817/20260817T100801_919238+0800.json"
  ],
  "governance": {
    "use_as_trading_signal": false,
    "automatic_ordering_authorized": false,
    "note": "当前只采集和纸面验证；未通过前向门槛前不得映射实盘仓位。"
  }
}
{
  "status": "PASS",
  "checked_at": "2026-08-17T10:09:04.484272+08:00",
  "collector": {
    "collector_id": "510300_PRIMARY_SECONDARY_FORWARD_V1",
    "symbol": "510300.SH",
    "fund_code": "510300",
    "timezone": "Asia/Shanghai",
    "timeout_seconds": 15,
    "observation_interval_seconds": 60,
    "collection_start_time": "09:30:00",
    "collection_end_time": "15:00:00",
    "collection_sessions": [
      [
        "09:30:00",
        "11:30:00"
      ],
      [
        "13:00:00",
        "15:00:00"
      ]
    ],
    "evidence_scope": "仅从实际接入日起的前向数据，不回填历史IOPV"
  },
  "checks": {
    "same_fund_code": true,
    "same_trade_date": true,
    "iopv_publication_enabled": true,
    "positive_iopv": true,
    "positive_last_price": true,
    "positive_creation_unit": true,
    "snapshot_fresh_during_collection_session": true
  },
  "freshness": {
    "during_collection_session": true,
    "clock_delay_seconds": 0.484272,
    "maximum_allowed_seconds_during_session": 180.0
  },
  "latest_pcf": {
    "trading_day": "2026-08-17",
    "previous_trading_day": "2026-08-14",
    "fund_code": "510300",
    "fund_name": "华泰柏瑞沪深300交易型开放式指数证券投资基金",
    "fund_company": "华泰柏瑞基金管理有限公司",
    "file_id": "1463187",
    "etf_type": "8",
    "nav": 4.7282,
    "nav_per_creation_unit": 4255390.17,
    "previous_cash_component": 105384.17,
    "estimated_cash_component": 107458.17,
    "maximum_cash_ratio": 0.5,
    "creation_redemption_unit": 900000,
    "component_count": 300,
    "publish_iopv": true,
    "creation_redemption_status": "申购和赎回皆允许",
    "creation_redemption_mechanism": "1",
    "creation_limit": null,
    "redemption_limit": 3600000000.0,
    "net_creation_limit": null,
    "net_redemption_limit": null,
    "creation_limit_per_account": null,
    "redemption_limit_per_account": null,
    "net_creation_limit_per_account": null,
    "net_redemption_limit_per_account": null,
    "source": "sse.COMMON_SSE_CP_JJLB_ETFJJGK_GGSGSHQD_JBXX_C",
    "retrieved_at": "2026-08-17T09:30:09.574575+08:00"
  },
  "latest_iopv": {
    "exchange_timestamp": "2026-08-17 10:09:04",
    "trade_date": "2026-08-17",
    "fund_code": "510300",
    "name": "300ETF",
    "extended_name": "沪深300ETF华泰柏瑞",
    "last_price": 4.737,
    "iopv": 4.742,
    "premium_discount_bps": -10.54407423028203,
    "change_rate_pct": 0.23,
    "change_cny": 0.011,
    "open": 4.73,
    "previous_close": 4.726,
    "high": 4.744,
    "low": 4.725,
    "volume_shares": 131088699.0,
    "amount_cny": 620610140.0,
    "trade_phase_raw": "T111    ",
    "post_close_volume_shares": 0.0,
    "post_close_amount_cny": 0.0,
    "post_close_phase_raw": "A1      ",
    "product_subtype": "EBS",
    "source": "sse.yunhq.sh1.snap",
    "retrieved_at": "2026-08-17T10:09:04.445631+08:00"
  },
  "account_feasibility": {
    "reference_account_cny": 20000.0,
    "creation_unit_notional_cny": 4263300.0,
    "can_directly_create_or_redeem": false,
    "intended_use": "只用PCF和IOPV观察一级市场吸收状态，在二级市场交易510300"
  },
  "storage": {
    "pcf": {
      "file": "data/raw/primary_market/510300_pcf_daily.parquet",
      "row_count": 3,
      "first_key": "2026-08-13",
      "last_key": "2026-08-17",
      "sha256": "5b07ef24cc244d40afc8eb241ee183f2181026aa2f7b920cc6f9b3813ac40302"
    },
    "iopv": {
      "file": "data/raw/primary_market/510300_iopv_snapshots.parquet",
      "row_count": 41,
      "first_key": "2026-08-13 16:29:06",
      "last_key": "2026-08-17 10:09:04",
      "sha256": "365c9c816faf7f1ff6dfc94a4d310d03c4672d2301ea88b3e594f2b7a94a51fe"
    }
  },
  "raw_response_files": [
    "data/raw/primary_market/raw/iopv/20260817/20260817T100903_284683+0800.json"
  ],
  "governance": {
    "use_as_trading_signal": false,
    "automatic_ordering_authorized": false,
    "note": "当前只采集和纸面验证；未通过前向门槛前不得映射实盘仓位。"
  }
}
{
  "status": "PASS",
  "checked_at": "2026-08-17T10:10:05.839003+08:00",
  "collector": {
    "collector_id": "510300_PRIMARY_SECONDARY_FORWARD_V1",
    "symbol": "510300.SH",
    "fund_code": "510300",
    "timezone": "Asia/Shanghai",
    "timeout_seconds": 15,
    "observation_interval_seconds": 60,
    "collection_start_time": "09:30:00",
    "collection_end_time": "15:00:00",
    "collection_sessions": [
      [
        "09:30:00",
        "11:30:00"
      ],
      [
        "13:00:00",
        "15:00:00"
      ]
    ],
    "evidence_scope": "仅从实际接入日起的前向数据，不回填历史IOPV"
  },
  "checks": {
    "same_fund_code": true,
    "same_trade_date": true,
    "iopv_publication_enabled": true,
    "positive_iopv": true,
    "positive_last_price": true,
    "positive_creation_unit": true,
    "snapshot_fresh_during_collection_session": true
  },
  "freshness": {
    "during_collection_session": true,
    "clock_delay_seconds": 0.839003,
    "maximum_allowed_seconds_during_session": 180.0
  },
  "latest_pcf": {
    "trading_day": "2026-08-17",
    "previous_trading_day": "2026-08-14",
    "fund_code": "510300",
    "fund_name": "华泰柏瑞沪深300交易型开放式指数证券投资基金",
    "fund_company": "华泰柏瑞基金管理有限公司",
    "file_id": "1463187",
    "etf_type": "8",
    "nav": 4.7282,
    "nav_per_creation_unit": 4255390.17,
    "previous_cash_component": 105384.17,
    "estimated_cash_component": 107458.17,
    "maximum_cash_ratio": 0.5,
    "creation_redemption_unit": 900000,
    "component_count": 300,
    "publish_iopv": true,
    "creation_redemption_status": "申购和赎回皆允许",
    "creation_redemption_mechanism": "1",
    "creation_limit": null,
    "redemption_limit": 3600000000.0,
    "net_creation_limit": null,
    "net_redemption_limit": null,
    "creation_limit_per_account": null,
    "redemption_limit_per_account": null,
    "net_creation_limit_per_account": null,
    "net_redemption_limit_per_account": null,
    "source": "sse.COMMON_SSE_CP_JJLB_ETFJJGK_GGSGSHQD_JBXX_C",
    "retrieved_at": "2026-08-17T09:30:09.574575+08:00"
  },
  "latest_iopv": {
    "exchange_timestamp": "2026-08-17 10:10:05",
    "trade_date": "2026-08-17",
    "fund_code": "510300",
    "name": "300ETF",
    "extended_name": "沪深300ETF华泰柏瑞",
    "last_price": 4.736,
    "iopv": 4.7405,
    "premium_discount_bps": -9.492669549625576,
    "change_rate_pct": 0.21,
    "change_cny": 0.01,
    "open": 4.73,
    "previous_close": 4.726,
    "high": 4.744,
    "low": 4.725,
    "volume_shares": 131761999.0,
    "amount_cny": 623799726.0,
    "trade_phase_raw": "T111    ",
    "post_close_volume_shares": 0.0,
    "post_close_amount_cny": 0.0,
    "post_close_phase_raw": "A1      ",
    "product_subtype": "EBS",
    "source": "sse.yunhq.sh1.snap",
    "retrieved_at": "2026-08-17T10:10:05.803178+08:00"
  },
  "account_feasibility": {
    "reference_account_cny": 20000.0,
    "creation_unit_notional_cny": 4262400.0,
    "can_directly_create_or_redeem": false,
    "intended_use": "只用PCF和IOPV观察一级市场吸收状态，在二级市场交易510300"
  },
  "storage": {
    "pcf": {
      "file": "data/raw/primary_market/510300_pcf_daily.parquet",
      "row_count": 3,
      "first_key": "2026-08-13",
      "last_key": "2026-08-17",
      "sha256": "5b07ef24cc244d40afc8eb241ee183f2181026aa2f7b920cc6f9b3813ac40302"
    },
    "iopv": {
      "file": "data/raw/primary_market/510300_iopv_snapshots.parquet",
      "row_count": 42,
      "first_key": "2026-08-13 16:29:06",
      "last_key": "2026-08-17 10:10:05",
      "sha256": "e806b4a3cda6e2113d128404e9b72db1fe16bbb1cf05c93c00e00985c973d894"
    }
  },
  "raw_response_files": [
    "data/raw/primary_market/raw/iopv/20260817/20260817T101004_486459+0800.json"
  ],
  "governance": {
    "use_as_trading_signal": false,
    "automatic_ordering_authorized": false,
    "note": "当前只采集和纸面验证；未通过前向门槛前不得映射实盘仓位。"
  }
}
{
  "status": "PASS",
  "checked_at": "2026-08-17T10:11:07.116675+08:00",
  "collector": {
    "collector_id": "510300_PRIMARY_SECONDARY_FORWARD_V1",
    "symbol": "510300.SH",
    "fund_code": "510300",
    "timezone": "Asia/Shanghai",
    "timeout_seconds": 15,
    "observation_interval_seconds": 60,
    "collection_start_time": "09:30:00",
    "collection_end_time": "15:00:00",
    "collection_sessions": [
      [
        "09:30:00",
        "11:30:00"
      ],
      [
        "13:00:00",
        "15:00:00"
      ]
    ],
    "evidence_scope": "仅从实际接入日起的前向数据，不回填历史IOPV"
  },
  "checks": {
    "same_fund_code": true,
    "same_trade_date": true,
    "iopv_publication_enabled": true,
    "positive_iopv": true,
    "positive_last_price": true,
    "positive_creation_unit": true,
    "snapshot_fresh_during_collection_session": true
  },
  "freshness": {
    "during_collection_session": true,
    "clock_delay_seconds": 0.116675,
    "maximum_allowed_seconds_during_session": 180.0
  },
  "latest_pcf": {
    "trading_day": "2026-08-17",
    "previous_trading_day": "2026-08-14",
    "fund_code": "510300",
    "fund_name": "华泰柏瑞沪深300交易型开放式指数证券投资基金",
    "fund_company": "华泰柏瑞基金管理有限公司",
    "file_id": "1463187",
    "etf_type": "8",
    "nav": 4.7282,
    "nav_per_creation_unit": 4255390.17,
    "previous_cash_component": 105384.17,
    "estimated_cash_component": 107458.17,
    "maximum_cash_ratio": 0.5,
    "creation_redemption_unit": 900000,
    "component_count": 300,
    "publish_iopv": true,
    "creation_redemption_status": "申购和赎回皆允许",
    "creation_redemption_mechanism": "1",
    "creation_limit": null,
    "redemption_limit": 3600000000.0,
    "net_creation_limit": null,
    "net_redemption_limit": null,
    "creation_limit_per_account": null,
    "redemption_limit_per_account": null,
    "net_creation_limit_per_account": null,
    "net_redemption_limit_per_account": null,
    "source": "sse.COMMON_SSE_CP_JJLB_ETFJJGK_GGSGSHQD_JBXX_C",
    "retrieved_at": "2026-08-17T09:30:09.574575+08:00"
  },
  "latest_iopv": {
    "exchange_timestamp": "2026-08-17 10:11:07",
    "trade_date": "2026-08-17",
    "fund_code": "510300",
    "name": "300ETF",
    "extended_name": "沪深300ETF华泰柏瑞",
    "last_price": 4.736,
    "iopv": 4.7394,
    "premium_discount_bps": -7.173903869688303,
    "change_rate_pct": 0.21,
    "change_cny": 0.01,
    "open": 4.73,
    "previous_close": 4.726,
    "high": 4.744,
    "low": 4.725,
    "volume_shares": 133757599.0,
    "amount_cny": 633251484.0,
    "trade_phase_raw": "T111    ",
    "post_close_volume_shares": 0.0,
    "post_close_amount_cny": 0.0,
    "post_close_phase_raw": "A1      ",
    "product_subtype": "EBS",
    "source": "sse.yunhq.sh1.snap",
    "retrieved_at": "2026-08-17T10:11:07.076129+08:00"
  },
  "account_feasibility": {
    "reference_account_cny": 20000.0,
    "creation_unit_notional_cny": 4262400.0,
    "can_directly_create_or_redeem": false,
    "intended_use": "只用PCF和IOPV观察一级市场吸收状态，在二级市场交易510300"
  },
  "storage": {
    "pcf": {
      "file": "data/raw/primary_market/510300_pcf_daily.parquet",
      "row_count": 3,
      "first_key": "2026-08-13",
      "last_key": "2026-08-17",
      "sha256": "5b07ef24cc244d40afc8eb241ee183f2181026aa2f7b920cc6f9b3813ac40302"
    },
    "iopv": {
      "file": "data/raw/primary_market/510300_iopv_snapshots.parquet",
      "row_count": 43,
      "first_key": "2026-08-13 16:29:06",
      "last_key": "2026-08-17 10:11:07",
      "sha256": "f174770aec78b73736f32ca1c6035964c725835d79bf863ee742bd84b1a47049"
    }
  },
  "raw_response_files": [
    "data/raw/primary_market/raw/iopv/20260817/20260817T101105_841181+0800.json"
  ],
  "governance": {
    "use_as_trading_signal": false,
    "automatic_ordering_authorized": false,
    "note": "当前只采集和纸面验证；未通过前向门槛前不得映射实盘仓位。"
  }
}
{
  "status": "PASS",
  "checked_at": "2026-08-17T10:12:08.416198+08:00",
  "collector": {
    "collector_id": "510300_PRIMARY_SECONDARY_FORWARD_V1",
    "symbol": "510300.SH",
    "fund_code": "510300",
    "timezone": "Asia/Shanghai",
    "timeout_seconds": 15,
    "observation_interval_seconds": 60,
    "collection_start_time": "09:30:00",
    "collection_end_time": "15:00:00",
    "collection_sessions": [
      [
        "09:30:00",
        "11:30:00"
      ],
      [
        "13:00:00",
        "15:00:00"
      ]
    ],
    "evidence_scope": "仅从实际接入日起的前向数据，不回填历史IOPV"
  },
  "checks": {
    "same_fund_code": true,
    "same_trade_date": true,
    "iopv_publication_enabled": true,
    "positive_iopv": true,
    "positive_last_price": true,
    "positive_creation_unit": true,
    "snapshot_fresh_during_collection_session": true
  },
  "freshness": {
    "during_collection_session": true,
    "clock_delay_seconds": 0.416198,
    "maximum_allowed_seconds_during_session": 180.0
  },
  "latest_pcf": {
    "trading_day": "2026-08-17",
    "previous_trading_day": "2026-08-14",
    "fund_code": "510300",
    "fund_name": "华泰柏瑞沪深300交易型开放式指数证券投资基金",
    "fund_company": "华泰柏瑞基金管理有限公司",
    "file_id": "1463187",
    "etf_type": "8",
    "nav": 4.7282,
    "nav_per_creation_unit": 4255390.17,
    "previous_cash_component": 105384.17,
    "estimated_cash_component": 107458.17,
    "maximum_cash_ratio": 0.5,
    "creation_redemption_unit": 900000,
    "component_count": 300,
    "publish_iopv": true,
    "creation_redemption_status": "申购和赎回皆允许",
    "creation_redemption_mechanism": "1",
    "creation_limit": null,
    "redemption_limit": 3600000000.0,
    "net_creation_limit": null,
    "net_redemption_limit": null,
    "creation_limit_per_account": null,
    "redemption_limit_per_account": null,
    "net_creation_limit_per_account": null,
    "net_redemption_limit_per_account": null,
    "source": "sse.COMMON_SSE_CP_JJLB_ETFJJGK_GGSGSHQD_JBXX_C",
    "retrieved_at": "2026-08-17T09:30:09.574575+08:00"
  },
  "latest_iopv": {
    "exchange_timestamp": "2026-08-17 10:12:08",
    "trade_date": "2026-08-17",
    "fund_code": "510300",
    "name": "300ETF",
    "extended_name": "沪深300ETF华泰柏瑞",
    "last_price": 4.737,
    "iopv": 4.7402,
    "premium_discount_bps": -6.750770009703588,
    "change_rate_pct": 0.23,
    "change_cny": 0.011,
    "open": 4.73,
    "previous_close": 4.726,
    "high": 4.744,
    "low": 4.725,
    "volume_shares": 134231299.0,
    "amount_cny": 635495093.0,
    "trade_phase_raw": "T111    ",
    "post_close_volume_shares": 0.0,
    "post_close_amount_cny": 0.0,
    "post_close_phase_raw": "A1      ",
    "product_subtype": "EBS",
    "source": "sse.yunhq.sh1.snap",
    "retrieved_at": "2026-08-17T10:12:08.386272+08:00"
  },
  "account_feasibility": {
    "reference_account_cny": 20000.0,
    "creation_unit_notional_cny": 4263300.0,
    "can_directly_create_or_redeem": false,
    "intended_use": "只用PCF和IOPV观察一级市场吸收状态，在二级市场交易510300"
  },
  "storage": {
    "pcf": {
      "file": "data/raw/primary_market/510300_pcf_daily.parquet",
      "row_count": 3,
      "first_key": "2026-08-13",
      "last_key": "2026-08-17",
      "sha256": "5b07ef24cc244d40afc8eb241ee183f2181026aa2f7b920cc6f9b3813ac40302"
    },
    "iopv": {
      "file": "data/raw/primary_market/510300_iopv_snapshots.parquet",
      "row_count": 44,
      "first_key": "2026-08-13 16:29:06",
      "last_key": "2026-08-17 10:12:08",
      "sha256": "8f80fcb42cbb787c662742fb81d3aefda9e81cab952c6987d37b783adc090442"
    }
  },
  "raw_response_files": [
    "data/raw/primary_market/raw/iopv/20260817/20260817T101207_118531+0800.json"
  ],
  "governance": {
    "use_as_trading_signal": false,
    "automatic_ordering_authorized": false,
    "note": "当前只采集和纸面验证；未通过前向门槛前不得映射实盘仓位。"
  }
}
{
  "status": "PASS",
  "checked_at": "2026-08-17T10:13:09.814153+08:00",
  "collector": {
    "collector_id": "510300_PRIMARY_SECONDARY_FORWARD_V1",
    "symbol": "510300.SH",
    "fund_code": "510300",
    "timezone": "Asia/Shanghai",
    "timeout_seconds": 15,
    "observation_interval_seconds": 60,
    "collection_start_time": "09:30:00",
    "collection_end_time": "15:00:00",
    "collection_sessions": [
      [
        "09:30:00",
        "11:30:00"
      ],
      [
        "13:00:00",
        "15:00:00"
      ]
    ],
    "evidence_scope": "仅从实际接入日起的前向数据，不回填历史IOPV"
  },
  "checks": {
    "same_fund_code": true,
    "same_trade_date": true,
    "iopv_publication_enabled": true,
    "positive_iopv": true,
    "positive_last_price": true,
    "positive_creation_unit": true,
    "snapshot_fresh_during_collection_session": true
  },
  "freshness": {
    "during_collection_session": true,
    "clock_delay_seconds": 0.814153,
    "maximum_allowed_seconds_during_session": 180.0
  },
  "latest_pcf": {
    "trading_day": "2026-08-17",
    "previous_trading_day": "2026-08-14",
    "fund_code": "510300",
    "fund_name": "华泰柏瑞沪深300交易型开放式指数证券投资基金",
    "fund_company": "华泰柏瑞基金管理有限公司",
    "file_id": "1463187",
    "etf_type": "8",
    "nav": 4.7282,
    "nav_per_creation_unit": 4255390.17,
    "previous_cash_component": 105384.17,
    "estimated_cash_component": 107458.17,
    "maximum_cash_ratio": 0.5,
    "creation_redemption_unit": 900000,
    "component_count": 300,
    "publish_iopv": true,
    "creation_redemption_status": "申购和赎回皆允许",
    "creation_redemption_mechanism": "1",
    "creation_limit": null,
    "redemption_limit": 3600000000.0,
    "net_creation_limit": null,
    "net_redemption_limit": null,
    "creation_limit_per_account": null,
    "redemption_limit_per_account": null,
    "net_creation_limit_per_account": null,
    "net_redemption_limit_per_account": null,
    "source": "sse.COMMON_SSE_CP_JJLB_ETFJJGK_GGSGSHQD_JBXX_C",
    "retrieved_at": "2026-08-17T09:30:09.574575+08:00"
  },
  "latest_iopv": {
    "exchange_timestamp": "2026-08-17 10:13:09",
    "trade_date": "2026-08-17",
    "fund_code": "510300",
    "name": "300ETF",
    "extended_name": "沪深300ETF华泰柏瑞",
    "last_price": 4.738,
    "iopv": 4.742,
    "premium_discount_bps": -8.43525938422518,
    "change_rate_pct": 0.25,
    "change_cny": 0.012,
    "open": 4.73,
    "previous_close": 4.726,
    "high": 4.744,
    "low": 4.725,
    "volume_shares": 136960186.0,
    "amount_cny": 648423240.0,
    "trade_phase_raw": "T111    ",
    "post_close_volume_shares": 0.0,
    "post_close_amount_cny": 0.0,
    "post_close_phase_raw": "A1      ",
    "product_subtype": "EBS",
    "source": "sse.yunhq.sh1.snap",
    "retrieved_at": "2026-08-17T10:13:09.774994+08:00"
  },
  "account_feasibility": {
    "reference_account_cny": 20000.0,
    "creation_unit_notional_cny": 4264200.0,
    "can_directly_create_or_redeem": false,
    "intended_use": "只用PCF和IOPV观察一级市场吸收状态，在二级市场交易510300"
  },
  "storage": {
    "pcf": {
      "file": "data/raw/primary_market/510300_pcf_daily.parquet",
      "row_count": 3,
      "first_key": "2026-08-13",
      "last_key": "2026-08-17",
      "sha256": "5b07ef24cc244d40afc8eb241ee183f2181026aa2f7b920cc6f9b3813ac40302"
    },
    "iopv": {
      "file": "data/raw/primary_market/510300_iopv_snapshots.parquet",
      "row_count": 45,
      "first_key": "2026-08-13 16:29:06",
      "last_key": "2026-08-17 10:13:09",
      "sha256": "6d3f43b773ab7eac90bc7bef815a438ad695eb8aee43fdc8ac6f5fdc0eb2eb84"
    }
  },
  "raw_response_files": [
    "data/raw/primary_market/raw/iopv/20260817/20260817T101308_418738+0800.json"
  ],
  "governance": {
    "use_as_trading_signal": false,
    "automatic_ordering_authorized": false,
    "note": "当前只采集和纸面验证；未通过前向门槛前不得映射实盘仓位。"
  }
}
{
  "status": "PASS",
  "checked_at": "2026-08-17T10:14:12.372108+08:00",
  "collector": {
    "collector_id": "510300_PRIMARY_SECONDARY_FORWARD_V1",
    "symbol": "510300.SH",
    "fund_code": "510300",
    "timezone": "Asia/Shanghai",
    "timeout_seconds": 15,
    "observation_interval_seconds": 60,
    "collection_start_time": "09:30:00",
    "collection_end_time": "15:00:00",
    "collection_sessions": [
      [
        "09:30:00",
        "11:30:00"
      ],
      [
        "13:00:00",
        "15:00:00"
      ]
    ],
    "evidence_scope": "仅从实际接入日起的前向数据，不回填历史IOPV"
  },
  "checks": {
    "same_fund_code": true,
    "same_trade_date": true,
    "iopv_publication_enabled": true,
    "positive_iopv": true,
    "positive_last_price": true,
    "positive_creation_unit": true,
    "snapshot_fresh_during_collection_session": true
  },
  "freshness": {
    "during_collection_session": true,
    "clock_delay_seconds": 0.372108,
    "maximum_allowed_seconds_during_session": 180.0
  },
  "latest_pcf": {
    "trading_day": "2026-08-17",
    "previous_trading_day": "2026-08-14",
    "fund_code": "510300",
    "fund_name": "华泰柏瑞沪深300交易型开放式指数证券投资基金",
    "fund_company": "华泰柏瑞基金管理有限公司",
    "file_id": "1463187",
    "etf_type": "8",
    "nav": 4.7282,
    "nav_per_creation_unit": 4255390.17,
    "previous_cash_component": 105384.17,
    "estimated_cash_component": 107458.17,
    "maximum_cash_ratio": 0.5,
    "creation_redemption_unit": 900000,
    "component_count": 300,
    "publish_iopv": true,
    "creation_redemption_status": "申购和赎回皆允许",
    "creation_redemption_mechanism": "1",
    "creation_limit": null,
    "redemption_limit": 3600000000.0,
    "net_creation_limit": null,
    "net_redemption_limit": null,
    "creation_limit_per_account": null,
    "redemption_limit_per_account": null,
    "net_creation_limit_per_account": null,
    "net_redemption_limit_per_account": null,
    "source": "sse.COMMON_SSE_CP_JJLB_ETFJJGK_GGSGSHQD_JBXX_C",
    "retrieved_at": "2026-08-17T09:30:09.574575+08:00"
  },
  "latest_iopv": {
    "exchange_timestamp": "2026-08-17 10:14:12",
    "trade_date": "2026-08-17",
    "fund_code": "510300",
    "name": "300ETF",
    "extended_name": "沪深300ETF华泰柏瑞",
    "last_price": 4.737,
    "iopv": 4.7397,
    "premium_discount_bps": -5.69656307361166,
    "change_rate_pct": 0.23,
    "change_cny": 0.011,
    "open": 4.73,
    "previous_close": 4.726,
    "high": 4.744,
    "low": 4.725,
    "volume_shares": 137704386.0,
    "amount_cny": 651948289.0,
    "trade_phase_raw": "T111    ",
    "post_close_volume_shares": 0.0,
    "post_close_amount_cny": 0.0,
    "post_close_phase_raw": "A1      ",
    "product_subtype": "EBS",
    "source": "sse.yunhq.sh1.snap",
    "retrieved_at": "2026-08-17T10:14:12.331280+08:00"
  },
  "account_feasibility": {
    "reference_account_cny": 20000.0,
    "creation_unit_notional_cny": 4263300.0,
    "can_directly_create_or_redeem": false,
    "intended_use": "只用PCF和IOPV观察一级市场吸收状态，在二级市场交易510300"
  },
  "storage": {
    "pcf": {
      "file": "data/raw/primary_market/510300_pcf_daily.parquet",
      "row_count": 3,
      "first_key": "2026-08-13",
      "last_key": "2026-08-17",
      "sha256": "5b07ef24cc244d40afc8eb241ee183f2181026aa2f7b920cc6f9b3813ac40302"
    },
    "iopv": {
      "file": "data/raw/primary_market/510300_iopv_snapshots.parquet",
      "row_count": 46,
      "first_key": "2026-08-13 16:29:06",
      "last_key": "2026-08-17 10:14:12",
      "sha256": "2621cef0404499af469e66ad57c1b11cf361790af4c16ff6c851b061b5552479"
    }
  },
  "raw_response_files": [
    "data/raw/primary_market/raw/iopv/20260817/20260817T101409_826110+0800.json"
  ],
  "governance": {
    "use_as_trading_signal": false,
    "automatic_ordering_authorized": false,
    "note": "当前只采集和纸面验证；未通过前向门槛前不得映射实盘仓位。"
  }
}
{
  "status": "PASS",
  "checked_at": "2026-08-17T10:15:15.291892+08:00",
  "collector": {
    "collector_id": "510300_PRIMARY_SECONDARY_FORWARD_V1",
    "symbol": "510300.SH",
    "fund_code": "510300",
    "timezone": "Asia/Shanghai",
    "timeout_seconds": 15,
    "observation_interval_seconds": 60,
    "collection_start_time": "09:30:00",
    "collection_end_time": "15:00:00",
    "collection_sessions": [
      [
        "09:30:00",
        "11:30:00"
      ],
      [
        "13:00:00",
        "15:00:00"
      ]
    ],
    "evidence_scope": "仅从实际接入日起的前向数据，不回填历史IOPV"
  },
  "checks": {
    "same_fund_code": true,
    "same_trade_date": true,
    "iopv_publication_enabled": true,
    "positive_iopv": true,
    "positive_last_price": true,
    "positive_creation_unit": true,
    "snapshot_fresh_during_collection_session": true
  },
  "freshness": {
    "during_collection_session": true,
    "clock_delay_seconds": 2.291892,
    "maximum_allowed_seconds_during_session": 180.0
  },
  "latest_pcf": {
    "trading_day": "2026-08-17",
    "previous_trading_day": "2026-08-14",
    "fund_code": "510300",
    "fund_name": "华泰柏瑞沪深300交易型开放式指数证券投资基金",
    "fund_company": "华泰柏瑞基金管理有限公司",
    "file_id": "1463187",
    "etf_type": "8",
    "nav": 4.7282,
    "nav_per_creation_unit": 4255390.17,
    "previous_cash_component": 105384.17,
    "estimated_cash_component": 107458.17,
    "maximum_cash_ratio": 0.5,
    "creation_redemption_unit": 900000,
    "component_count": 300,
    "publish_iopv": true,
    "creation_redemption_status": "申购和赎回皆允许",
    "creation_redemption_mechanism": "1",
    "creation_limit": null,
    "redemption_limit": 3600000000.0,
    "net_creation_limit": null,
    "net_redemption_limit": null,
    "creation_limit_per_account": null,
    "redemption_limit_per_account": null,
    "net_creation_limit_per_account": null,
    "net_redemption_limit_per_account": null,
    "source": "sse.COMMON_SSE_CP_JJLB_ETFJJGK_GGSGSHQD_JBXX_C",
    "retrieved_at": "2026-08-17T09:30:09.574575+08:00"
  },
  "latest_iopv": {
    "exchange_timestamp": "2026-08-17 10:15:13",
    "trade_date": "2026-08-17",
    "fund_code": "510300",
    "name": "300ETF",
    "extended_name": "沪深300ETF华泰柏瑞",
    "last_price": 4.739,
    "iopv": 4.7419,
    "premium_discount_bps": -6.115692022186092,
    "change_rate_pct": 0.28,
    "change_cny": 0.013,
    "open": 4.73,
    "previous_close": 4.726,
    "high": 4.744,
    "low": 4.725,
    "volume_shares": 141507386.0,
    "amount_cny": 669969767.0,
    "trade_phase_raw": "T111    ",
    "post_close_volume_shares": 0.0,
    "post_close_amount_cny": 0.0,
    "post_close_phase_raw": "A1      ",
    "product_subtype": "EBS",
    "source": "sse.yunhq.sh1.snap",
    "retrieved_at": "2026-08-17T10:15:15.245544+08:00"
  },
  "account_feasibility": {
    "reference_account_cny": 20000.0,
    "creation_unit_notional_cny": 4265100.0,
    "can_directly_create_or_redeem": false,
    "intended_use": "只用PCF和IOPV观察一级市场吸收状态，在二级市场交易510300"
  },
  "storage": {
    "pcf": {
      "file": "data/raw/primary_market/510300_pcf_daily.parquet",
      "row_count": 3,
      "first_key": "2026-08-13",
      "last_key": "2026-08-17",
      "sha256": "5b07ef24cc244d40afc8eb241ee183f2181026aa2f7b920cc6f9b3813ac40302"
    },
    "iopv": {
      "file": "data/raw/primary_market/510300_iopv_snapshots.parquet",
      "row_count": 47,
      "first_key": "2026-08-13 16:29:06",
      "last_key": "2026-08-17 10:15:13",
      "sha256": "9c13a1ecef1804c123a87a311ffc594dd58fb3f8b978aa5bf19a7d96ee3fda59"
    }
  },
  "raw_response_files": [
    "data/raw/primary_market/raw/iopv/20260817/20260817T101512_373985+0800.json"
  ],
  "governance": {
    "use_as_trading_signal": false,
    "automatic_ordering_authorized": false,
    "note": "当前只采集和纸面验证；未通过前向门槛前不得映射实盘仓位。"
  }
}
{
  "status": "PASS",
  "checked_at": "2026-08-17T10:16:16.551896+08:00",
  "collector": {
    "collector_id": "510300_PRIMARY_SECONDARY_FORWARD_V1",
    "symbol": "510300.SH",
    "fund_code": "510300",
    "timezone": "Asia/Shanghai",
    "timeout_seconds": 15,
    "observation_interval_seconds": 60,
    "collection_start_time": "09:30:00",
    "collection_end_time": "15:00:00",
    "collection_sessions": [
      [
        "09:30:00",
        "11:30:00"
      ],
      [
        "13:00:00",
        "15:00:00"
      ]
    ],
    "evidence_scope": "仅从实际接入日起的前向数据，不回填历史IOPV"
  },
  "checks": {
    "same_fund_code": true,
    "same_trade_date": true,
    "iopv_publication_enabled": true,
    "positive_iopv": true,
    "positive_last_price": true,
    "positive_creation_unit": true,
    "snapshot_fresh_during_collection_session": true
  },
  "freshness": {
    "during_collection_session": true,
    "clock_delay_seconds": 0.551896,
    "maximum_allowed_seconds_during_session": 180.0
  },
  "latest_pcf": {
    "trading_day": "2026-08-17",
    "previous_trading_day": "2026-08-14",
    "fund_code": "510300",
    "fund_name": "华泰柏瑞沪深300交易型开放式指数证券投资基金",
    "fund_company": "华泰柏瑞基金管理有限公司",
    "file_id": "1463187",
    "etf_type": "8",
    "nav": 4.7282,
    "nav_per_creation_unit": 4255390.17,
    "previous_cash_component": 105384.17,
    "estimated_cash_component": 107458.17,
    "maximum_cash_ratio": 0.5,
    "creation_redemption_unit": 900000,
    "component_count": 300,
    "publish_iopv": true,
    "creation_redemption_status": "申购和赎回皆允许",
    "creation_redemption_mechanism": "1",
    "creation_limit": null,
    "redemption_limit": 3600000000.0,
    "net_creation_limit": null,
    "net_redemption_limit": null,
    "creation_limit_per_account": null,
    "redemption_limit_per_account": null,
    "net_creation_limit_per_account": null,
    "net_redemption_limit_per_account": null,
    "source": "sse.COMMON_SSE_CP_JJLB_ETFJJGK_GGSGSHQD_JBXX_C",
    "retrieved_at": "2026-08-17T09:30:09.574575+08:00"
  },
  "latest_iopv": {
    "exchange_timestamp": "2026-08-17 10:16:16",
    "trade_date": "2026-08-17",
    "fund_code": "510300",
    "name": "300ETF",
    "extended_name": "沪深300ETF华泰柏瑞",
    "last_price": 4.738,
    "iopv": 4.7396,
    "premium_discount_bps": -3.3758123048355237,
    "change_rate_pct": 0.25,
    "change_cny": 0.012,
    "open": 4.73,
    "previous_close": 4.726,
    "high": 4.744,
    "low": 4.725,
    "volume_shares": 142475586.0,
    "amount_cny": 674557215.0,
    "trade_phase_raw": "T111    ",
    "post_close_volume_shares": 0.0,
    "post_close_amount_cny": 0.0,
    "post_close_phase_raw": "A1      ",
    "product_subtype": "EBS",
    "source": "sse.yunhq.sh1.snap",
    "retrieved_at": "2026-08-17T10:16:16.525262+08:00"
  },
  "account_feasibility": {
    "reference_account_cny": 20000.0,
    "creation_unit_notional_cny": 4264200.0,
    "can_directly_create_or_redeem": false,
    "intended_use": "只用PCF和IOPV观察一级市场吸收状态，在二级市场交易510300"
  },
  "storage": {
    "pcf": {
      "file": "data/raw/primary_market/510300_pcf_daily.parquet",
      "row_count": 3,
      "first_key": "2026-08-13",
      "last_key": "2026-08-17",
      "sha256": "5b07ef24cc244d40afc8eb241ee183f2181026aa2f7b920cc6f9b3813ac40302"
    },
    "iopv": {
      "file": "data/raw/primary_market/510300_iopv_snapshots.parquet",
      "row_count": 48,
      "first_key": "2026-08-13 16:29:06",
      "last_key": "2026-08-17 10:16:16",
      "sha256": "c6c8caf1485bfd0b332353c6c88aa2e9d339b7792637d9a1b78b279b1b485a96"
    }
  },
  "raw_response_files": [
    "data/raw/primary_market/raw/iopv/20260817/20260817T101615_293867+0800.json"
  ],
  "governance": {
    "use_as_trading_signal": false,
    "automatic_ordering_authorized": false,
    "note": "当前只采集和纸面验证；未通过前向门槛前不得映射实盘仓位。"
  }
}
{
  "status": "PASS",
  "checked_at": "2026-08-17T10:17:18.087202+08:00",
  "collector": {
    "collector_id": "510300_PRIMARY_SECONDARY_FORWARD_V1",
    "symbol": "510300.SH",
    "fund_code": "510300",
    "timezone": "Asia/Shanghai",
    "timeout_seconds": 15,
    "observation_interval_seconds": 60,
    "collection_start_time": "09:30:00",
    "collection_end_time": "15:00:00",
    "collection_sessions": [
      [
        "09:30:00",
        "11:30:00"
      ],
      [
        "13:00:00",
        "15:00:00"
      ]
    ],
    "evidence_scope": "仅从实际接入日起的前向数据，不回填历史IOPV"
  },
  "checks": {
    "same_fund_code": true,
    "same_trade_date": true,
    "iopv_publication_enabled": true,
    "positive_iopv": true,
    "positive_last_price": true,
    "positive_creation_unit": true,
    "snapshot_fresh_during_collection_session": true
  },
  "freshness": {
    "during_collection_session": true,
    "clock_delay_seconds": 1.087202,
    "maximum_allowed_seconds_during_session": 180.0
  },
  "latest_pcf": {
    "trading_day": "2026-08-17",
    "previous_trading_day": "2026-08-14",
    "fund_code": "510300",
    "fund_name": "华泰柏瑞沪深300交易型开放式指数证券投资基金",
    "fund_company": "华泰柏瑞基金管理有限公司",
    "file_id": "1463187",
    "etf_type": "8",
    "nav": 4.7282,
    "nav_per_creation_unit": 4255390.17,
    "previous_cash_component": 105384.17,
    "estimated_cash_component": 107458.17,
    "maximum_cash_ratio": 0.5,
    "creation_redemption_unit": 900000,
    "component_count": 300,
    "publish_iopv": true,
    "creation_redemption_status": "申购和赎回皆允许",
    "creation_redemption_mechanism": "1",
    "creation_limit": null,
    "redemption_limit": 3600000000.0,
    "net_creation_limit": null,
    "net_redemption_limit": null,
    "creation_limit_per_account": null,
    "redemption_limit_per_account": null,
    "net_creation_limit_per_account": null,
    "net_redemption_limit_per_account": null,
    "source": "sse.COMMON_SSE_CP_JJLB_ETFJJGK_GGSGSHQD_JBXX_C",
    "retrieved_at": "2026-08-17T09:30:09.574575+08:00"
  },
  "latest_iopv": {
    "exchange_timestamp": "2026-08-17 10:17:17",
    "trade_date": "2026-08-17",
    "fund_code": "510300",
    "name": "300ETF",
    "extended_name": "沪深300ETF华泰柏瑞",
    "last_price": 4.739,
    "iopv": 4.7392,
    "premium_discount_bps": -0.42201215395110125,
    "change_rate_pct": 0.28,
    "change_cny": 0.013,
    "open": 4.73,
    "previous_close": 4.726,
    "high": 4.744,
    "low": 4.725,
    "volume_shares": 143152886.0,
    "amount_cny": 677765972.0,
    "trade_phase_raw": "T111    ",
    "post_close_volume_shares": 0.0,
    "post_close_amount_cny": 0.0,
    "post_close_phase_raw": "A1      ",
    "product_subtype": "EBS",
    "source": "sse.yunhq.sh1.snap",
    "retrieved_at": "2026-08-17T10:17:18.047172+08:00"
  },
  "account_feasibility": {
    "reference_account_cny": 20000.0,
    "creation_unit_notional_cny": 4265100.0,
    "can_directly_create_or_redeem": false,
    "intended_use": "只用PCF和IOPV观察一级市场吸收状态，在二级市场交易510300"
  },
  "storage": {
    "pcf": {
      "file": "data/raw/primary_market/510300_pcf_daily.parquet",
      "row_count": 3,
      "first_key": "2026-08-13",
      "last_key": "2026-08-17",
      "sha256": "5b07ef24cc244d40afc8eb241ee183f2181026aa2f7b920cc6f9b3813ac40302"
    },
    "iopv": {
      "file": "data/raw/primary_market/510300_iopv_snapshots.parquet",
      "row_count": 49,
      "first_key": "2026-08-13 16:29:06",
      "last_key": "2026-08-17 10:17:17",
      "sha256": "5cb2dcb463dfab7abef2ce4af7ddaeebe7f57b33f6f55f9b2885e927dbbc3fa7"
    }
  },
  "raw_response_files": [
    "data/raw/primary_market/raw/iopv/20260817/20260817T101716_554529+0800.json"
  ],
  "governance": {
    "use_as_trading_signal": false,
    "automatic_ordering_authorized": false,
    "note": "当前只采集和纸面验证；未通过前向门槛前不得映射实盘仓位。"
  }
}
{
  "status": "PASS",
  "checked_at": "2026-08-17T10:18:19.323586+08:00",
  "collector": {
    "collector_id": "510300_PRIMARY_SECONDARY_FORWARD_V1",
    "symbol": "510300.SH",
    "fund_code": "510300",
    "timezone": "Asia/Shanghai",
    "timeout_seconds": 15,
    "observation_interval_seconds": 60,
    "collection_start_time": "09:30:00",
    "collection_end_time": "15:00:00",
    "collection_sessions": [
      [
        "09:30:00",
        "11:30:00"
      ],
      [
        "13:00:00",
        "15:00:00"
      ]
    ],
    "evidence_scope": "仅从实际接入日起的前向数据，不回填历史IOPV"
  },
  "checks": {
    "same_fund_code": true,
    "same_trade_date": true,
    "iopv_publication_enabled": true,
    "positive_iopv": true,
    "positive_last_price": true,
    "positive_creation_unit": true,
    "snapshot_fresh_during_collection_session": true
  },
  "freshness": {
    "during_collection_session": true,
    "clock_delay_seconds": 0.323586,
    "maximum_allowed_seconds_during_session": 180.0
  },
  "latest_pcf": {
    "trading_day": "2026-08-17",
    "previous_trading_day": "2026-08-14",
    "fund_code": "510300",
    "fund_name": "华泰柏瑞沪深300交易型开放式指数证券投资基金",
    "fund_company": "华泰柏瑞基金管理有限公司",
    "file_id": "1463187",
    "etf_type": "8",
    "nav": 4.7282,
    "nav_per_creation_unit": 4255390.17,
    "previous_cash_component": 105384.17,
    "estimated_cash_component": 107458.17,
    "maximum_cash_ratio": 0.5,
    "creation_redemption_unit": 900000,
    "component_count": 300,
    "publish_iopv": true,
    "creation_redemption_status": "申购和赎回皆允许",
    "creation_redemption_mechanism": "1",
    "creation_limit": null,
    "redemption_limit": 3600000000.0,
    "net_creation_limit": null,
    "net_redemption_limit": null,
    "creation_limit_per_account": null,
    "redemption_limit_per_account": null,
    "net_creation_limit_per_account": null,
    "net_redemption_limit_per_account": null,
    "source": "sse.COMMON_SSE_CP_JJLB_ETFJJGK_GGSGSHQD_JBXX_C",
    "retrieved_at": "2026-08-17T09:30:09.574575+08:00"
  },
  "latest_iopv": {
    "exchange_timestamp": "2026-08-17 10:18:19",
    "trade_date": "2026-08-17",
    "fund_code": "510300",
    "name": "300ETF",
    "extended_name": "沪深300ETF华泰柏瑞",
    "last_price": 4.74,
    "iopv": 4.7433,
    "premium_discount_bps": -6.957181708935334,
    "change_rate_pct": 0.3,
    "change_cny": 0.014,
    "open": 4.73,
    "previous_close": 4.726,
    "high": 4.744,
    "low": 4.725,
    "volume_shares": 148472286.0,
    "amount_cny": 702975376.0,
    "trade_phase_raw": "T111    ",
    "post_close_volume_shares": 0.0,
    "post_close_amount_cny": 0.0,
    "post_close_phase_raw": "A1      ",
    "product_subtype": "EBS",
    "source": "sse.yunhq.sh1.snap",
    "retrieved_at": "2026-08-17T10:18:19.286219+08:00"
  },
  "account_feasibility": {
    "reference_account_cny": 20000.0,
    "creation_unit_notional_cny": 4266000.0,
    "can_directly_create_or_redeem": false,
    "intended_use": "只用PCF和IOPV观察一级市场吸收状态，在二级市场交易510300"
  },
  "storage": {
    "pcf": {
      "file": "data/raw/primary_market/510300_pcf_daily.parquet",
      "row_count": 3,
      "first_key": "2026-08-13",
      "last_key": "2026-08-17",
      "sha256": "5b07ef24cc244d40afc8eb241ee183f2181026aa2f7b920cc6f9b3813ac40302"
    },
    "iopv": {
      "file": "data/raw/primary_market/510300_iopv_snapshots.parquet",
      "row_count": 50,
      "first_key": "2026-08-13 16:29:06",
      "last_key": "2026-08-17 10:18:19",
      "sha256": "af3dd7bb5efe8d7b763dd25ab8e1d712fc66314575fa7d2d54bdaad6bf4f393f"
    }
  },
  "raw_response_files": [
    "data/raw/primary_market/raw/iopv/20260817/20260817T101818_089316+0800.json"
  ],
  "governance": {
    "use_as_trading_signal": false,
    "automatic_ordering_authorized": false,
    "note": "当前只采集和纸面验证；未通过前向门槛前不得映射实盘仓位。"
  }
}
{
  "status": "PASS",
  "checked_at": "2026-08-17T10:19:20.696879+08:00",
  "collector": {
    "collector_id": "510300_PRIMARY_SECONDARY_FORWARD_V1",
    "symbol": "510300.SH",
    "fund_code": "510300",
    "timezone": "Asia/Shanghai",
    "timeout_seconds": 15,
    "observation_interval_seconds": 60,
    "collection_start_time": "09:30:00",
    "collection_end_time": "15:00:00",
    "collection_sessions": [
      [
        "09:30:00",
        "11:30:00"
      ],
      [
        "13:00:00",
        "15:00:00"
      ]
    ],
    "evidence_scope": "仅从实际接入日起的前向数据，不回填历史IOPV"
  },
  "checks": {
    "same_fund_code": true,
    "same_trade_date": true,
    "iopv_publication_enabled": true,
    "positive_iopv": true,
    "positive_last_price": true,
    "positive_creation_unit": true,
    "snapshot_fresh_during_collection_session": true
  },
  "freshness": {
    "during_collection_session": true,
    "clock_delay_seconds": 0.696879,
    "maximum_allowed_seconds_during_session": 180.0
  },
  "latest_pcf": {
    "trading_day": "2026-08-17",
    "previous_trading_day": "2026-08-14",
    "fund_code": "510300",
    "fund_name": "华泰柏瑞沪深300交易型开放式指数证券投资基金",
    "fund_company": "华泰柏瑞基金管理有限公司",
    "file_id": "1463187",
    "etf_type": "8",
    "nav": 4.7282,
    "nav_per_creation_unit": 4255390.17,
    "previous_cash_component": 105384.17,
    "estimated_cash_component": 107458.17,
    "maximum_cash_ratio": 0.5,
    "creation_redemption_unit": 900000,
    "component_count": 300,
    "publish_iopv": true,
    "creation_redemption_status": "申购和赎回皆允许",
    "creation_redemption_mechanism": "1",
    "creation_limit": null,
    "redemption_limit": 3600000000.0,
    "net_creation_limit": null,
    "net_redemption_limit": null,
    "creation_limit_per_account": null,
    "redemption_limit_per_account": null,
    "net_creation_limit_per_account": null,
    "net_redemption_limit_per_account": null,
    "source": "sse.COMMON_SSE_CP_JJLB_ETFJJGK_GGSGSHQD_JBXX_C",
    "retrieved_at": "2026-08-17T09:30:09.574575+08:00"
  },
  "latest_iopv": {
    "exchange_timestamp": "2026-08-17 10:19:20",
    "trade_date": "2026-08-17",
    "fund_code": "510300",
    "name": "300ETF",
    "extended_name": "沪深300ETF华泰柏瑞",
    "last_price": 4.739,
    "iopv": 4.7413,
    "premium_discount_bps": -4.850990234746,
    "change_rate_pct": 0.28,
    "change_cny": 0.013,
    "open": 4.73,
    "previous_close": 4.726,
    "high": 4.744,
    "low": 4.725,
    "volume_shares": 148962486.0,
    "amount_cny": 705298608.0,
    "trade_phase_raw": "T111    ",
    "post_close_volume_shares": 0.0,
    "post_close_amount_cny": 0.0,
    "post_close_phase_raw": "A1      ",
    "product_subtype": "EBS",
    "source": "sse.yunhq.sh1.snap",
    "retrieved_at": "2026-08-17T10:19:20.671762+08:00"
  },
  "account_feasibility": {
    "reference_account_cny": 20000.0,
    "creation_unit_notional_cny": 4265100.0,
    "can_directly_create_or_redeem": false,
    "intended_use": "只用PCF和IOPV观察一级市场吸收状态，在二级市场交易510300"
  },
  "storage": {
    "pcf": {
      "file": "data/raw/primary_market/510300_pcf_daily.parquet",
      "row_count": 3,
      "first_key": "2026-08-13",
      "last_key": "2026-08-17",
      "sha256": "5b07ef24cc244d40afc8eb241ee183f2181026aa2f7b920cc6f9b3813ac40302"
    },
    "iopv": {
      "file": "data/raw/primary_market/510300_iopv_snapshots.parquet",
      "row_count": 51,
      "first_key": "2026-08-13 16:29:06",
      "last_key": "2026-08-17 10:19:20",
      "sha256": "a41c3d4f03617ffaf362c33728bd74cd7fc4f8accc84fa94c4ace6aaef0b25b7"
    }
  },
  "raw_response_files": [
    "data/raw/primary_market/raw/iopv/20260817/20260817T101919_326385+0800.json"
  ],
  "governance": {
    "use_as_trading_signal": false,
    "automatic_ordering_authorized": false,
    "note": "当前只采集和纸面验证；未通过前向门槛前不得映射实盘仓位。"
  }
}
{
  "status": "PASS",
  "checked_at": "2026-08-17T10:20:23.901867+08:00",
  "collector": {
    "collector_id": "510300_PRIMARY_SECONDARY_FORWARD_V1",
    "symbol": "510300.SH",
    "fund_code": "510300",
    "timezone": "Asia/Shanghai",
    "timeout_seconds": 15,
    "observation_interval_seconds": 60,
    "collection_start_time": "09:30:00",
    "collection_end_time": "15:00:00",
    "collection_sessions": [
      [
        "09:30:00",
        "11:30:00"
      ],
      [
        "13:00:00",
        "15:00:00"
      ]
    ],
    "evidence_scope": "仅从实际接入日起的前向数据，不回填历史IOPV"
  },
  "checks": {
    "same_fund_code": true,
    "same_trade_date": true,
    "iopv_publication_enabled": true,
    "positive_iopv": true,
    "positive_last_price": true,
    "positive_creation_unit": true,
    "snapshot_fresh_during_collection_session": true
  },
  "freshness": {
    "during_collection_session": true,
    "clock_delay_seconds": 0.901867,
    "maximum_allowed_seconds_during_session": 180.0
  },
  "latest_pcf": {
    "trading_day": "2026-08-17",
    "previous_trading_day": "2026-08-14",
    "fund_code": "510300",
    "fund_name": "华泰柏瑞沪深300交易型开放式指数证券投资基金",
    "fund_company": "华泰柏瑞基金管理有限公司",
    "file_id": "1463187",
    "etf_type": "8",
    "nav": 4.7282,
    "nav_per_creation_unit": 4255390.17,
    "previous_cash_component": 105384.17,
    "estimated_cash_component": 107458.17,
    "maximum_cash_ratio": 0.5,
    "creation_redemption_unit": 900000,
    "component_count": 300,
    "publish_iopv": true,
    "creation_redemption_status": "申购和赎回皆允许",
    "creation_redemption_mechanism": "1",
    "creation_limit": null,
    "redemption_limit": 3600000000.0,
    "net_creation_limit": null,
    "net_redemption_limit": null,
    "creation_limit_per_account": null,
    "redemption_limit_per_account": null,
    "net_creation_limit_per_account": null,
    "net_redemption_limit_per_account": null,
    "source": "sse.COMMON_SSE_CP_JJLB_ETFJJGK_GGSGSHQD_JBXX_C",
    "retrieved_at": "2026-08-17T09:30:09.574575+08:00"
  },
  "latest_iopv": {
    "exchange_timestamp": "2026-08-17 10:20:23",
    "trade_date": "2026-08-17",
    "fund_code": "510300",
    "name": "300ETF",
    "extended_name": "沪深300ETF华泰柏瑞",
    "last_price": 4.739,
    "iopv": 4.7405,
    "premium_discount_bps": -3.1642231832085255,
    "change_rate_pct": 0.28,
    "change_cny": 0.013,
    "open": 4.73,
    "previous_close": 4.726,
    "high": 4.744,
    "low": 4.725,
    "volume_shares": 150869586.0,
    "amount_cny": 714332937.0,
    "trade_phase_raw": "T111    ",
    "post_close_volume_shares": 0.0,
    "post_close_amount_cny": 0.0,
    "post_close_phase_raw": "A1      ",
    "product_subtype": "EBS",
    "source": "sse.yunhq.sh1.snap",
    "retrieved_at": "2026-08-17T10:20:23.873002+08:00"
  },
  "account_feasibility": {
    "reference_account_cny": 20000.0,
    "creation_unit_notional_cny": 4265100.0,
    "can_directly_create_or_redeem": false,
    "intended_use": "只用PCF和IOPV观察一级市场吸收状态，在二级市场交易510300"
  },
  "storage": {
    "pcf": {
      "file": "data/raw/primary_market/510300_pcf_daily.parquet",
      "row_count": 3,
      "first_key": "2026-08-13",
      "last_key": "2026-08-17",
      "sha256": "5b07ef24cc244d40afc8eb241ee183f2181026aa2f7b920cc6f9b3813ac40302"
    },
    "iopv": {
      "file": "data/raw/primary_market/510300_iopv_snapshots.parquet",
      "row_count": 52,
      "first_key": "2026-08-13 16:29:06",
      "last_key": "2026-08-17 10:20:23",
      "sha256": "3fbff9273e29247cc505d8a43a6de8f18394d17f10ca2be1293043edd4795c92"
    }
  },
  "raw_response_files": [
    "data/raw/primary_market/raw/iopv/20260817/20260817T102020_698796+0800.json"
  ],
  "governance": {
    "use_as_trading_signal": false,
    "automatic_ordering_authorized": false,
    "note": "当前只采集和纸面验证；未通过前向门槛前不得映射实盘仓位。"
  }
}
{
  "status": "PASS",
  "checked_at": "2026-08-17T10:21:25.145039+08:00",
  "collector": {
    "collector_id": "510300_PRIMARY_SECONDARY_FORWARD_V1",
    "symbol": "510300.SH",
    "fund_code": "510300",
    "timezone": "Asia/Shanghai",
    "timeout_seconds": 15,
    "observation_interval_seconds": 60,
    "collection_start_time": "09:30:00",
    "collection_end_time": "15:00:00",
    "collection_sessions": [
      [
        "09:30:00",
        "11:30:00"
      ],
      [
        "13:00:00",
        "15:00:00"
      ]
    ],
    "evidence_scope": "仅从实际接入日起的前向数据，不回填历史IOPV"
  },
  "checks": {
    "same_fund_code": true,
    "same_trade_date": true,
    "iopv_publication_enabled": true,
    "positive_iopv": true,
    "positive_last_price": true,
    "positive_creation_unit": true,
    "snapshot_fresh_during_collection_session": true
  },
  "freshness": {
    "during_collection_session": true,
    "clock_delay_seconds": 0.145039,
    "maximum_allowed_seconds_during_session": 180.0
  },
  "latest_pcf": {
    "trading_day": "2026-08-17",
    "previous_trading_day": "2026-08-14",
    "fund_code": "510300",
    "fund_name": "华泰柏瑞沪深300交易型开放式指数证券投资基金",
    "fund_company": "华泰柏瑞基金管理有限公司",
    "file_id": "1463187",
    "etf_type": "8",
    "nav": 4.7282,
    "nav_per_creation_unit": 4255390.17,
    "previous_cash_component": 105384.17,
    "estimated_cash_component": 107458.17,
    "maximum_cash_ratio": 0.5,
    "creation_redemption_unit": 900000,
    "component_count": 300,
    "publish_iopv": true,
    "creation_redemption_status": "申购和赎回皆允许",
    "creation_redemption_mechanism": "1",
    "creation_limit": null,
    "redemption_limit": 3600000000.0,
    "net_creation_limit": null,
    "net_redemption_limit": null,
    "creation_limit_per_account": null,
    "redemption_limit_per_account": null,
    "net_creation_limit_per_account": null,
    "net_redemption_limit_per_account": null,
    "source": "sse.COMMON_SSE_CP_JJLB_ETFJJGK_GGSGSHQD_JBXX_C",
    "retrieved_at": "2026-08-17T09:30:09.574575+08:00"
  },
  "latest_iopv": {
    "exchange_timestamp": "2026-08-17 10:21:25",
    "trade_date": "2026-08-17",
    "fund_code": "510300",
    "name": "300ETF",
    "extended_name": "沪深300ETF华泰柏瑞",
    "last_price": 4.738,
    "iopv": 4.7404,
    "premium_discount_bps": -5.062863893341429,
    "change_rate_pct": 0.25,
    "change_cny": 0.012,
    "open": 4.73,
    "previous_close": 4.726,
    "high": 4.744,
    "low": 4.725,
    "volume_shares": 151156886.0,
    "amount_cny": 715694161.0,
    "trade_phase_raw": "T111    ",
    "post_close_volume_shares": 0.0,
    "post_close_amount_cny": 0.0,
    "post_close_phase_raw": "A1      ",
    "product_subtype": "EBS",
    "source": "sse.yunhq.sh1.snap",
    "retrieved_at": "2026-08-17T10:21:25.119737+08:00"
  },
  "account_feasibility": {
    "reference_account_cny": 20000.0,
    "creation_unit_notional_cny": 4264200.0,
    "can_directly_create_or_redeem": false,
    "intended_use": "只用PCF和IOPV观察一级市场吸收状态，在二级市场交易510300"
  },
  "storage": {
    "pcf": {
      "file": "data/raw/primary_market/510300_pcf_daily.parquet",
      "row_count": 3,
      "first_key": "2026-08-13",
      "last_key": "2026-08-17",
      "sha256": "5b07ef24cc244d40afc8eb241ee183f2181026aa2f7b920cc6f9b3813ac40302"
    },
    "iopv": {
      "file": "data/raw/primary_market/510300_iopv_snapshots.parquet",
      "row_count": 53,
      "first_key": "2026-08-13 16:29:06",
      "last_key": "2026-08-17 10:21:25",
      "sha256": "ea0fa8175d930c06cd3ec966914b338dc452128f352bb21d0b4c8e948f6cf202"
    }
  },
  "raw_response_files": [
    "data/raw/primary_market/raw/iopv/20260817/20260817T102123_904234+0800.json"
  ],
  "governance": {
    "use_as_trading_signal": false,
    "automatic_ordering_authorized": false,
    "note": "当前只采集和纸面验证；未通过前向门槛前不得映射实盘仓位。"
  }
}
{
  "status": "PASS",
  "checked_at": "2026-08-17T10:22:27.517138+08:00",
  "collector": {
    "collector_id": "510300_PRIMARY_SECONDARY_FORWARD_V1",
    "symbol": "510300.SH",
    "fund_code": "510300",
    "timezone": "Asia/Shanghai",
    "timeout_seconds": 15,
    "observation_interval_seconds": 60,
    "collection_start_time": "09:30:00",
    "collection_end_time": "15:00:00",
    "collection_sessions": [
      [
        "09:30:00",
        "11:30:00"
      ],
      [
        "13:00:00",
        "15:00:00"
      ]
    ],
    "evidence_scope": "仅从实际接入日起的前向数据，不回填历史IOPV"
  },
  "checks": {
    "same_fund_code": true,
    "same_trade_date": true,
    "iopv_publication_enabled": true,
    "positive_iopv": true,
    "positive_last_price": true,
    "positive_creation_unit": true,
    "snapshot_fresh_during_collection_session": true
  },
  "freshness": {
    "during_collection_session": true,
    "clock_delay_seconds": 0.517138,
    "maximum_allowed_seconds_during_session": 180.0
  },
  "latest_pcf": {
    "trading_day": "2026-08-17",
    "previous_trading_day": "2026-08-14",
    "fund_code": "510300",
    "fund_name": "华泰柏瑞沪深300交易型开放式指数证券投资基金",
    "fund_company": "华泰柏瑞基金管理有限公司",
    "file_id": "1463187",
    "etf_type": "8",
    "nav": 4.7282,
    "nav_per_creation_unit": 4255390.17,
    "previous_cash_component": 105384.17,
    "estimated_cash_component": 107458.17,
    "maximum_cash_ratio": 0.5,
    "creation_redemption_unit": 900000,
    "component_count": 300,
    "publish_iopv": true,
    "creation_redemption_status": "申购和赎回皆允许",
    "creation_redemption_mechanism": "1",
    "creation_limit": null,
    "redemption_limit": 3600000000.0,
    "net_creation_limit": null,
    "net_redemption_limit": null,
    "creation_limit_per_account": null,
    "redemption_limit_per_account": null,
    "net_creation_limit_per_account": null,
    "net_redemption_limit_per_account": null,
    "source": "sse.COMMON_SSE_CP_JJLB_ETFJJGK_GGSGSHQD_JBXX_C",
    "retrieved_at": "2026-08-17T09:30:09.574575+08:00"
  },
  "latest_iopv": {
    "exchange_timestamp": "2026-08-17 10:22:27",
    "trade_date": "2026-08-17",
    "fund_code": "510300",
    "name": "300ETF",
    "extended_name": "沪深300ETF华泰柏瑞",
    "last_price": 4.738,
    "iopv": 4.7419,
    "premium_discount_bps": -8.224551340180186,
    "change_rate_pct": 0.25,
    "change_cny": 0.012,
    "open": 4.73,
    "previous_close": 4.726,
    "high": 4.744,
    "low": 4.725,
    "volume_shares": 153612886.0,
    "amount_cny": 727329777.0,
    "trade_phase_raw": "T111    ",
    "post_close_volume_shares": 0.0,
    "post_close_amount_cny": 0.0,
    "post_close_phase_raw": "A1      ",
    "product_subtype": "EBS",
    "source": "sse.yunhq.sh1.snap",
    "retrieved_at": "2026-08-17T10:22:27.478966+08:00"
  },
  "account_feasibility": {
    "reference_account_cny": 20000.0,
    "creation_unit_notional_cny": 4264200.0,
    "can_directly_create_or_redeem": false,
    "intended_use": "只用PCF和IOPV观察一级市场吸收状态，在二级市场交易510300"
  },
  "storage": {
    "pcf": {
      "file": "data/raw/primary_market/510300_pcf_daily.parquet",
      "row_count": 3,
      "first_key": "2026-08-13",
      "last_key": "2026-08-17",
      "sha256": "5b07ef24cc244d40afc8eb241ee183f2181026aa2f7b920cc6f9b3813ac40302"
    },
    "iopv": {
      "file": "data/raw/primary_market/510300_iopv_snapshots.parquet",
      "row_count": 54,
      "first_key": "2026-08-13 16:29:06",
      "last_key": "2026-08-17 10:22:27",
      "sha256": "0692ea9dc1a4bb4ca7bff65d71457d4ddaf2eef0081fce623c6630d66aeb9140"
    }
  },
  "raw_response_files": [
    "data/raw/primary_market/raw/iopv/20260817/20260817T102225_146737+0800.json"
  ],
  "governance": {
    "use_as_trading_signal": false,
    "automatic_ordering_authorized": false,
    "note": "当前只采集和纸面验证；未通过前向门槛前不得映射实盘仓位。"
  }
}
{
  "status": "PASS",
  "checked_at": "2026-08-17T10:23:28.853220+08:00",
  "collector": {
    "collector_id": "510300_PRIMARY_SECONDARY_FORWARD_V1",
    "symbol": "510300.SH",
    "fund_code": "510300",
    "timezone": "Asia/Shanghai",
    "timeout_seconds": 15,
    "observation_interval_seconds": 60,
    "collection_start_time": "09:30:00",
    "collection_end_time": "15:00:00",
    "collection_sessions": [
      [
        "09:30:00",
        "11:30:00"
      ],
      [
        "13:00:00",
        "15:00:00"
      ]
    ],
    "evidence_scope": "仅从实际接入日起的前向数据，不回填历史IOPV"
  },
  "checks": {
    "same_fund_code": true,
    "same_trade_date": true,
    "iopv_publication_enabled": true,
    "positive_iopv": true,
    "positive_last_price": true,
    "positive_creation_unit": true,
    "snapshot_fresh_during_collection_session": true
  },
  "freshness": {
    "during_collection_session": true,
    "clock_delay_seconds": 0.85322,
    "maximum_allowed_seconds_during_session": 180.0
  },
  "latest_pcf": {
    "trading_day": "2026-08-17",
    "previous_trading_day": "2026-08-14",
    "fund_code": "510300",
    "fund_name": "华泰柏瑞沪深300交易型开放式指数证券投资基金",
    "fund_company": "华泰柏瑞基金管理有限公司",
    "file_id": "1463187",
    "etf_type": "8",
    "nav": 4.7282,
    "nav_per_creation_unit": 4255390.17,
    "previous_cash_component": 105384.17,
    "estimated_cash_component": 107458.17,
    "maximum_cash_ratio": 0.5,
    "creation_redemption_unit": 900000,
    "component_count": 300,
    "publish_iopv": true,
    "creation_redemption_status": "申购和赎回皆允许",
    "creation_redemption_mechanism": "1",
    "creation_limit": null,
    "redemption_limit": 3600000000.0,
    "net_creation_limit": null,
    "net_redemption_limit": null,
    "creation_limit_per_account": null,
    "redemption_limit_per_account": null,
    "net_creation_limit_per_account": null,
    "net_redemption_limit_per_account": null,
    "source": "sse.COMMON_SSE_CP_JJLB_ETFJJGK_GGSGSHQD_JBXX_C",
    "retrieved_at": "2026-08-17T09:30:09.574575+08:00"
  },
  "latest_iopv": {
    "exchange_timestamp": "2026-08-17 10:23:28",
    "trade_date": "2026-08-17",
    "fund_code": "510300",
    "name": "300ETF",
    "extended_name": "沪深300ETF华泰柏瑞",
    "last_price": 4.737,
    "iopv": 4.7413,
    "premium_discount_bps": -9.069242612784745,
    "change_rate_pct": 0.23,
    "change_cny": 0.011,
    "open": 4.73,
    "previous_close": 4.726,
    "high": 4.744,
    "low": 4.725,
    "volume_shares": 154410986.0,
    "amount_cny": 731110821.0,
    "trade_phase_raw": "T111    ",
    "post_close_volume_shares": 0.0,
    "post_close_amount_cny": 0.0,
    "post_close_phase_raw": "A1      ",
    "product_subtype": "EBS",
    "source": "sse.yunhq.sh1.snap",
    "retrieved_at": "2026-08-17T10:23:28.800178+08:00"
  },
  "account_feasibility": {
    "reference_account_cny": 20000.0,
    "creation_unit_notional_cny": 4263300.0,
    "can_directly_create_or_redeem": false,
    "intended_use": "只用PCF和IOPV观察一级市场吸收状态，在二级市场交易510300"
  },
  "storage": {
    "pcf": {
      "file": "data/raw/primary_market/510300_pcf_daily.parquet",
      "row_count": 3,
      "first_key": "2026-08-13",
      "last_key": "2026-08-17",
      "sha256": "5b07ef24cc244d40afc8eb241ee183f2181026aa2f7b920cc6f9b3813ac40302"
    },
    "iopv": {
      "file": "data/raw/primary_market/510300_iopv_snapshots.parquet",
      "row_count": 55,
      "first_key": "2026-08-13 16:29:06",
      "last_key": "2026-08-17 10:23:28",
      "sha256": "39593107d49320cccf6c370b67befe3c7120388028027b63415637e65b201da2"
    }
  },
  "raw_response_files": [
    "data/raw/primary_market/raw/iopv/20260817/20260817T102327_518893+0800.json"
  ],
  "governance": {
    "use_as_trading_signal": false,
    "automatic_ordering_authorized": false,
    "note": "当前只采集和纸面验证；未通过前向门槛前不得映射实盘仓位。"
  }
}
{
  "status": "PASS",
  "checked_at": "2026-08-17T10:24:30.049656+08:00",
  "collector": {
    "collector_id": "510300_PRIMARY_SECONDARY_FORWARD_V1",
    "symbol": "510300.SH",
    "fund_code": "510300",
    "timezone": "Asia/Shanghai",
    "timeout_seconds": 15,
    "observation_interval_seconds": 60,
    "collection_start_time": "09:30:00",
    "collection_end_time": "15:00:00",
    "collection_sessions": [
      [
        "09:30:00",
        "11:30:00"
      ],
      [
        "13:00:00",
        "15:00:00"
      ]
    ],
    "evidence_scope": "仅从实际接入日起的前向数据，不回填历史IOPV"
  },
  "checks": {
    "same_fund_code": true,
    "same_trade_date": true,
    "iopv_publication_enabled": true,
    "positive_iopv": true,
    "positive_last_price": true,
    "positive_creation_unit": true,
    "snapshot_fresh_during_collection_session": true
  },
  "freshness": {
    "during_collection_session": true,
    "clock_delay_seconds": 1.049656,
    "maximum_allowed_seconds_during_session": 180.0
  },
  "latest_pcf": {
    "trading_day": "2026-08-17",
    "previous_trading_day": "2026-08-14",
    "fund_code": "510300",
    "fund_name": "华泰柏瑞沪深300交易型开放式指数证券投资基金",
    "fund_company": "华泰柏瑞基金管理有限公司",
    "file_id": "1463187",
    "etf_type": "8",
    "nav": 4.7282,
    "nav_per_creation_unit": 4255390.17,
    "previous_cash_component": 105384.17,
    "estimated_cash_component": 107458.17,
    "maximum_cash_ratio": 0.5,
    "creation_redemption_unit": 900000,
    "component_count": 300,
    "publish_iopv": true,
    "creation_redemption_status": "申购和赎回皆允许",
    "creation_redemption_mechanism": "1",
    "creation_limit": null,
    "redemption_limit": 3600000000.0,
    "net_creation_limit": null,
    "net_redemption_limit": null,
    "creation_limit_per_account": null,
    "redemption_limit_per_account": null,
    "net_creation_limit_per_account": null,
    "net_redemption_limit_per_account": null,
    "source": "sse.COMMON_SSE_CP_JJLB_ETFJJGK_GGSGSHQD_JBXX_C",
    "retrieved_at": "2026-08-17T09:30:09.574575+08:00"
  },
  "latest_iopv": {
    "exchange_timestamp": "2026-08-17 10:24:29",
    "trade_date": "2026-08-17",
    "fund_code": "510300",
    "name": "300ETF",
    "extended_name": "沪深300ETF华泰柏瑞",
    "last_price": 4.738,
    "iopv": 4.741,
    "premium_discount_bps": -6.32777894958747,
    "change_rate_pct": 0.25,
    "change_cny": 0.012,
    "open": 4.73,
    "previous_close": 4.726,
    "high": 4.744,
    "low": 4.725,
    "volume_shares": 155132086.0,
    "amount_cny": 734526814.0,
    "trade_phase_raw": "T111    ",
    "post_close_volume_shares": 0.0,
    "post_close_amount_cny": 0.0,
    "post_close_phase_raw": "A1      ",
    "product_subtype": "EBS",
    "source": "sse.yunhq.sh1.snap",
    "retrieved_at": "2026-08-17T10:24:30.009199+08:00"
  },
  "account_feasibility": {
    "reference_account_cny": 20000.0,
    "creation_unit_notional_cny": 4264200.0,
    "can_directly_create_or_redeem": false,
    "intended_use": "只用PCF和IOPV观察一级市场吸收状态，在二级市场交易510300"
  },
  "storage": {
    "pcf": {
      "file": "data/raw/primary_market/510300_pcf_daily.parquet",
      "row_count": 3,
      "first_key": "2026-08-13",
      "last_key": "2026-08-17",
      "sha256": "5b07ef24cc244d40afc8eb241ee183f2181026aa2f7b920cc6f9b3813ac40302"
    },
    "iopv": {
      "file": "data/raw/primary_market/510300_iopv_snapshots.parquet",
      "row_count": 56,
      "first_key": "2026-08-13 16:29:06",
      "last_key": "2026-08-17 10:24:29",
      "sha256": "d9ccdd5079c8d77c7b4ff2baa77133e99f7ccb01807d9c71cd2adbde763802ec"
    }
  },
  "raw_response_files": [
    "data/raw/primary_market/raw/iopv/20260817/20260817T102428_855633+0800.json"
  ],
  "governance": {
    "use_as_trading_signal": false,
    "automatic_ordering_authorized": false,
    "note": "当前只采集和纸面验证；未通过前向门槛前不得映射实盘仓位。"
  }
}
{
  "status": "PASS",
  "checked_at": "2026-08-17T10:25:31.239913+08:00",
  "collector": {
    "collector_id": "510300_PRIMARY_SECONDARY_FORWARD_V1",
    "symbol": "510300.SH",
    "fund_code": "510300",
    "timezone": "Asia/Shanghai",
    "timeout_seconds": 15,
    "observation_interval_seconds": 60,
    "collection_start_time": "09:30:00",
    "collection_end_time": "15:00:00",
    "collection_sessions": [
      [
        "09:30:00",
        "11:30:00"
      ],
      [
        "13:00:00",
        "15:00:00"
      ]
    ],
    "evidence_scope": "仅从实际接入日起的前向数据，不回填历史IOPV"
  },
  "checks": {
    "same_fund_code": true,
    "same_trade_date": true,
    "iopv_publication_enabled": true,
    "positive_iopv": true,
    "positive_last_price": true,
    "positive_creation_unit": true,
    "snapshot_fresh_during_collection_session": true
  },
  "freshness": {
    "during_collection_session": true,
    "clock_delay_seconds": 0.239913,
    "maximum_allowed_seconds_during_session": 180.0
  },
  "latest_pcf": {
    "trading_day": "2026-08-17",
    "previous_trading_day": "2026-08-14",
    "fund_code": "510300",
    "fund_name": "华泰柏瑞沪深300交易型开放式指数证券投资基金",
    "fund_company": "华泰柏瑞基金管理有限公司",
    "file_id": "1463187",
    "etf_type": "8",
    "nav": 4.7282,
    "nav_per_creation_unit": 4255390.17,
    "previous_cash_component": 105384.17,
    "estimated_cash_component": 107458.17,
    "maximum_cash_ratio": 0.5,
    "creation_redemption_unit": 900000,
    "component_count": 300,
    "publish_iopv": true,
    "creation_redemption_status": "申购和赎回皆允许",
    "creation_redemption_mechanism": "1",
    "creation_limit": null,
    "redemption_limit": 3600000000.0,
    "net_creation_limit": null,
    "net_redemption_limit": null,
    "creation_limit_per_account": null,
    "redemption_limit_per_account": null,
    "net_creation_limit_per_account": null,
    "net_redemption_limit_per_account": null,
    "source": "sse.COMMON_SSE_CP_JJLB_ETFJJGK_GGSGSHQD_JBXX_C",
    "retrieved_at": "2026-08-17T09:30:09.574575+08:00"
  },
  "latest_iopv": {
    "exchange_timestamp": "2026-08-17 10:25:31",
    "trade_date": "2026-08-17",
    "fund_code": "510300",
    "name": "300ETF",
    "extended_name": "沪深300ETF华泰柏瑞",
    "last_price": 4.734,
    "iopv": 4.7382,
    "premium_discount_bps": -8.864125617322749,
    "change_rate_pct": 0.17,
    "change_cny": 0.008,
    "open": 4.73,
    "previous_close": 4.726,
    "high": 4.744,
    "low": 4.725,
    "volume_shares": 157602486.0,
    "amount_cny": 746226052.0,
    "trade_phase_raw": "T111    ",
    "post_close_volume_shares": 0.0,
    "post_close_amount_cny": 0.0,
    "post_close_phase_raw": "A1      ",
    "product_subtype": "EBS",
    "source": "sse.yunhq.sh1.snap",
    "retrieved_at": "2026-08-17T10:25:31.212438+08:00"
  },
  "account_feasibility": {
    "reference_account_cny": 20000.0,
    "creation_unit_notional_cny": 4260600.0,
    "can_directly_create_or_redeem": false,
    "intended_use": "只用PCF和IOPV观察一级市场吸收状态，在二级市场交易510300"
  },
  "storage": {
    "pcf": {
      "file": "data/raw/primary_market/510300_pcf_daily.parquet",
      "row_count": 3,
      "first_key": "2026-08-13",
      "last_key": "2026-08-17",
      "sha256": "5b07ef24cc244d40afc8eb241ee183f2181026aa2f7b920cc6f9b3813ac40302"
    },
    "iopv": {
      "file": "data/raw/primary_market/510300_iopv_snapshots.parquet",
      "row_count": 57,
      "first_key": "2026-08-13 16:29:06",
      "last_key": "2026-08-17 10:25:31",
      "sha256": "84c00d113e9b4c8622bc07dbe4303c4add1207deb9c4ac05730c849a4095c733"
    }
  },
  "raw_response_files": [
    "data/raw/primary_market/raw/iopv/20260817/20260817T102530_053063+0800.json"
  ],
  "governance": {
    "use_as_trading_signal": false,
    "automatic_ordering_authorized": false,
    "note": "当前只采集和纸面验证；未通过前向门槛前不得映射实盘仓位。"
  }
}
{
  "status": "PASS",
  "checked_at": "2026-08-17T10:26:32.524615+08:00",
  "collector": {
    "collector_id": "510300_PRIMARY_SECONDARY_FORWARD_V1",
    "symbol": "510300.SH",
    "fund_code": "510300",
    "timezone": "Asia/Shanghai",
    "timeout_seconds": 15,
    "observation_interval_seconds": 60,
    "collection_start_time": "09:30:00",
    "collection_end_time": "15:00:00",
    "collection_sessions": [
      [
        "09:30:00",
        "11:30:00"
      ],
      [
        "13:00:00",
        "15:00:00"
      ]
    ],
    "evidence_scope": "仅从实际接入日起的前向数据，不回填历史IOPV"
  },
  "checks": {
    "same_fund_code": true,
    "same_trade_date": true,
    "iopv_publication_enabled": true,
    "positive_iopv": true,
    "positive_last_price": true,
    "positive_creation_unit": true,
    "snapshot_fresh_during_collection_session": true
  },
  "freshness": {
    "during_collection_session": true,
    "clock_delay_seconds": 0.524615,
    "maximum_allowed_seconds_during_session": 180.0
  },
  "latest_pcf": {
    "trading_day": "2026-08-17",
    "previous_trading_day": "2026-08-14",
    "fund_code": "510300",
    "fund_name": "华泰柏瑞沪深300交易型开放式指数证券投资基金",
    "fund_company": "华泰柏瑞基金管理有限公司",
    "file_id": "1463187",
    "etf_type": "8",
    "nav": 4.7282,
    "nav_per_creation_unit": 4255390.17,
    "previous_cash_component": 105384.17,
    "estimated_cash_component": 107458.17,
    "maximum_cash_ratio": 0.5,
    "creation_redemption_unit": 900000,
    "component_count": 300,
    "publish_iopv": true,
    "creation_redemption_status": "申购和赎回皆允许",
    "creation_redemption_mechanism": "1",
    "creation_limit": null,
    "redemption_limit": 3600000000.0,
    "net_creation_limit": null,
    "net_redemption_limit": null,
    "creation_limit_per_account": null,
    "redemption_limit_per_account": null,
    "net_creation_limit_per_account": null,
    "net_redemption_limit_per_account": null,
    "source": "sse.COMMON_SSE_CP_JJLB_ETFJJGK_GGSGSHQD_JBXX_C",
    "retrieved_at": "2026-08-17T09:30:09.574575+08:00"
  },
  "latest_iopv": {
    "exchange_timestamp": "2026-08-17 10:26:32",
    "trade_date": "2026-08-17",
    "fund_code": "510300",
    "name": "300ETF",
    "extended_name": "沪深300ETF华泰柏瑞",
    "last_price": 4.735,
    "iopv": 4.7383,
    "premium_discount_bps": -6.964523141209655,
    "change_rate_pct": 0.19,
    "change_cny": 0.009,
    "open": 4.73,
    "previous_close": 4.726,
    "high": 4.744,
    "low": 4.725,
    "volume_shares": 158625286.0,
    "amount_cny": 751068790.0,
    "trade_phase_raw": "T111    ",
    "post_close_volume_shares": 0.0,
    "post_close_amount_cny": 0.0,
    "post_close_phase_raw": "A1      ",
    "product_subtype": "EBS",
    "source": "sse.yunhq.sh1.snap",
    "retrieved_at": "2026-08-17T10:26:32.484395+08:00"
  },
  "account_feasibility": {
    "reference_account_cny": 20000.0,
    "creation_unit_notional_cny": 4261500.0,
    "can_directly_create_or_redeem": false,
    "intended_use": "只用PCF和IOPV观察一级市场吸收状态，在二级市场交易510300"
  },
  "storage": {
    "pcf": {
      "file": "data/raw/primary_market/510300_pcf_daily.parquet",
      "row_count": 3,
      "first_key": "2026-08-13",
      "last_key": "2026-08-17",
      "sha256": "5b07ef24cc244d40afc8eb241ee183f2181026aa2f7b920cc6f9b3813ac40302"
    },
    "iopv": {
      "file": "data/raw/primary_market/510300_iopv_snapshots.parquet",
      "row_count": 58,
      "first_key": "2026-08-13 16:29:06",
      "last_key": "2026-08-17 10:26:32",
      "sha256": "826905882638c0a63a756e8e9080c7d130c6a28a1f74376ff32e2501bec53009"
    }
  },
  "raw_response_files": [
    "data/raw/primary_market/raw/iopv/20260817/20260817T102631_241854+0800.json"
  ],
  "governance": {
    "use_as_trading_signal": false,
    "automatic_ordering_authorized": false,
    "note": "当前只采集和纸面验证；未通过前向门槛前不得映射实盘仓位。"
  }
}
{
  "status": "PASS",
  "checked_at": "2026-08-17T10:27:33.948195+08:00",
  "collector": {
    "collector_id": "510300_PRIMARY_SECONDARY_FORWARD_V1",
    "symbol": "510300.SH",
    "fund_code": "510300",
    "timezone": "Asia/Shanghai",
    "timeout_seconds": 15,
    "observation_interval_seconds": 60,
    "collection_start_time": "09:30:00",
    "collection_end_time": "15:00:00",
    "collection_sessions": [
      [
        "09:30:00",
        "11:30:00"
      ],
      [
        "13:00:00",
        "15:00:00"
      ]
    ],
    "evidence_scope": "仅从实际接入日起的前向数据，不回填历史IOPV"
  },
  "checks": {
    "same_fund_code": true,
    "same_trade_date": true,
    "iopv_publication_enabled": true,
    "positive_iopv": true,
    "positive_last_price": true,
    "positive_creation_unit": true,
    "snapshot_fresh_during_collection_session": true
  },
  "freshness": {
    "during_collection_session": true,
    "clock_delay_seconds": 0.948195,
    "maximum_allowed_seconds_during_session": 180.0
  },
  "latest_pcf": {
    "trading_day": "2026-08-17",
    "previous_trading_day": "2026-08-14",
    "fund_code": "510300",
    "fund_name": "华泰柏瑞沪深300交易型开放式指数证券投资基金",
    "fund_company": "华泰柏瑞基金管理有限公司",
    "file_id": "1463187",
    "etf_type": "8",
    "nav": 4.7282,
    "nav_per_creation_unit": 4255390.17,
    "previous_cash_component": 105384.17,
    "estimated_cash_component": 107458.17,
    "maximum_cash_ratio": 0.5,
    "creation_redemption_unit": 900000,
    "component_count": 300,
    "publish_iopv": true,
    "creation_redemption_status": "申购和赎回皆允许",
    "creation_redemption_mechanism": "1",
    "creation_limit": null,
    "redemption_limit": 3600000000.0,
    "net_creation_limit": null,
    "net_redemption_limit": null,
    "creation_limit_per_account": null,
    "redemption_limit_per_account": null,
    "net_creation_limit_per_account": null,
    "net_redemption_limit_per_account": null,
    "source": "sse.COMMON_SSE_CP_JJLB_ETFJJGK_GGSGSHQD_JBXX_C",
    "retrieved_at": "2026-08-17T09:30:09.574575+08:00"
  },
  "latest_iopv": {
    "exchange_timestamp": "2026-08-17 10:27:33",
    "trade_date": "2026-08-17",
    "fund_code": "510300",
    "name": "300ETF",
    "extended_name": "沪深300ETF华泰柏瑞",
    "last_price": 4.734,
    "iopv": 4.737,
    "premium_discount_bps": -6.333122229259525,
    "change_rate_pct": 0.17,
    "change_cny": 0.008,
    "open": 4.73,
    "previous_close": 4.726,
    "high": 4.744,
    "low": 4.725,
    "volume_shares": 159096286.0,
    "amount_cny": 753298535.0,
    "trade_phase_raw": "T111    ",
    "post_close_volume_shares": 0.0,
    "post_close_amount_cny": 0.0,
    "post_close_phase_raw": "A1      ",
    "product_subtype": "EBS",
    "source": "sse.yunhq.sh1.snap",
    "retrieved_at": "2026-08-17T10:27:33.909504+08:00"
  },
  "account_feasibility": {
    "reference_account_cny": 20000.0,
    "creation_unit_notional_cny": 4260600.0,
    "can_directly_create_or_redeem": false,
    "intended_use": "只用PCF和IOPV观察一级市场吸收状态，在二级市场交易510300"
  },
  "storage": {
    "pcf": {
      "file": "data/raw/primary_market/510300_pcf_daily.parquet",
      "row_count": 3,
      "first_key": "2026-08-13",
      "last_key": "2026-08-17",
      "sha256": "5b07ef24cc244d40afc8eb241ee183f2181026aa2f7b920cc6f9b3813ac40302"
    },
    "iopv": {
      "file": "data/raw/primary_market/510300_iopv_snapshots.parquet",
      "row_count": 59,
      "first_key": "2026-08-13 16:29:06",
      "last_key": "2026-08-17 10:27:33",
      "sha256": "c5aec137a60b37e41ebb0ee478d6da8eb989a0d50da5ffe604a00ee0c946a288"
    }
  },
  "raw_response_files": [
    "data/raw/primary_market/raw/iopv/20260817/20260817T102732_527128+0800.json"
  ],
  "governance": {
    "use_as_trading_signal": false,
    "automatic_ordering_authorized": false,
    "note": "当前只采集和纸面验证；未通过前向门槛前不得映射实盘仓位。"
  }
}
{
  "status": "PASS",
  "checked_at": "2026-08-17T10:28:35.172015+08:00",
  "collector": {
    "collector_id": "510300_PRIMARY_SECONDARY_FORWARD_V1",
    "symbol": "510300.SH",
    "fund_code": "510300",
    "timezone": "Asia/Shanghai",
    "timeout_seconds": 15,
    "observation_interval_seconds": 60,
    "collection_start_time": "09:30:00",
    "collection_end_time": "15:00:00",
    "collection_sessions": [
      [
        "09:30:00",
        "11:30:00"
      ],
      [
        "13:00:00",
        "15:00:00"
      ]
    ],
    "evidence_scope": "仅从实际接入日起的前向数据，不回填历史IOPV"
  },
  "checks": {
    "same_fund_code": true,
    "same_trade_date": true,
    "iopv_publication_enabled": true,
    "positive_iopv": true,
    "positive_last_price": true,
    "positive_creation_unit": true,
    "snapshot_fresh_during_collection_session": true
  },
  "freshness": {
    "during_collection_session": true,
    "clock_delay_seconds": 0.172015,
    "maximum_allowed_seconds_during_session": 180.0
  },
  "latest_pcf": {
    "trading_day": "2026-08-17",
    "previous_trading_day": "2026-08-14",
    "fund_code": "510300",
    "fund_name": "华泰柏瑞沪深300交易型开放式指数证券投资基金",
    "fund_company": "华泰柏瑞基金管理有限公司",
    "file_id": "1463187",
    "etf_type": "8",
    "nav": 4.7282,
    "nav_per_creation_unit": 4255390.17,
    "previous_cash_component": 105384.17,
    "estimated_cash_component": 107458.17,
    "maximum_cash_ratio": 0.5,
    "creation_redemption_unit": 900000,
    "component_count": 300,
    "publish_iopv": true,
    "creation_redemption_status": "申购和赎回皆允许",
    "creation_redemption_mechanism": "1",
    "creation_limit": null,
    "redemption_limit": 3600000000.0,
    "net_creation_limit": null,
    "net_redemption_limit": null,
    "creation_limit_per_account": null,
    "redemption_limit_per_account": null,
    "net_creation_limit_per_account": null,
    "net_redemption_limit_per_account": null,
    "source": "sse.COMMON_SSE_CP_JJLB_ETFJJGK_GGSGSHQD_JBXX_C",
    "retrieved_at": "2026-08-17T09:30:09.574575+08:00"
  },
  "latest_iopv": {
    "exchange_timestamp": "2026-08-17 10:28:35",
    "trade_date": "2026-08-17",
    "fund_code": "510300",
    "name": "300ETF",
    "extended_name": "沪深300ETF华泰柏瑞",
    "last_price": 4.735,
    "iopv": 4.737,
    "premium_discount_bps": -4.222081486172646,
    "change_rate_pct": 0.19,
    "change_cny": 0.009,
    "open": 4.73,
    "previous_close": 4.726,
    "high": 4.744,
    "low": 4.725,
    "volume_shares": 161123986.0,
    "amount_cny": 762899608.0,
    "trade_phase_raw": "T111    ",
    "post_close_volume_shares": 0.0,
    "post_close_amount_cny": 0.0,
    "post_close_phase_raw": "A1      ",
    "product_subtype": "EBS",
    "source": "sse.yunhq.sh1.snap",
    "retrieved_at": "2026-08-17T10:28:35.129333+08:00"
  },
  "account_feasibility": {
    "reference_account_cny": 20000.0,
    "creation_unit_notional_cny": 4261500.0,
    "can_directly_create_or_redeem": false,
    "intended_use": "只用PCF和IOPV观察一级市场吸收状态，在二级市场交易510300"
  },
  "storage": {
    "pcf": {
      "file": "data/raw/primary_market/510300_pcf_daily.parquet",
      "row_count": 3,
      "first_key": "2026-08-13",
      "last_key": "2026-08-17",
      "sha256": "5b07ef24cc244d40afc8eb241ee183f2181026aa2f7b920cc6f9b3813ac40302"
    },
    "iopv": {
      "file": "data/raw/primary_market/510300_iopv_snapshots.parquet",
      "row_count": 60,
      "first_key": "2026-08-13 16:29:06",
      "last_key": "2026-08-17 10:28:35",
      "sha256": "d396e764df0b6c581578aa3bbaaf9bfa6efbe5c0f8021a6737af9c51f3a0a408"
    }
  },
  "raw_response_files": [
    "data/raw/primary_market/raw/iopv/20260817/20260817T102833_949580+0800.json"
  ],
  "governance": {
    "use_as_trading_signal": false,
    "automatic_ordering_authorized": false,
    "note": "当前只采集和纸面验证；未通过前向门槛前不得映射实盘仓位。"
  }
}
{
  "status": "PASS",
  "checked_at": "2026-08-17T10:29:37.510375+08:00",
  "collector": {
    "collector_id": "510300_PRIMARY_SECONDARY_FORWARD_V1",
    "symbol": "510300.SH",
    "fund_code": "510300",
    "timezone": "Asia/Shanghai",
    "timeout_seconds": 15,
    "observation_interval_seconds": 60,
    "collection_start_time": "09:30:00",
    "collection_end_time": "15:00:00",
    "collection_sessions": [
      [
        "09:30:00",
        "11:30:00"
      ],
      [
        "13:00:00",
        "15:00:00"
      ]
    ],
    "evidence_scope": "仅从实际接入日起的前向数据，不回填历史IOPV"
  },
  "checks": {
    "same_fund_code": true,
    "same_trade_date": true,
    "iopv_publication_enabled": true,
    "positive_iopv": true,
    "positive_last_price": true,
    "positive_creation_unit": true,
    "snapshot_fresh_during_collection_session": true
  },
  "freshness": {
    "during_collection_session": true,
    "clock_delay_seconds": 0.510375,
    "maximum_allowed_seconds_during_session": 180.0
  },
  "latest_pcf": {
    "trading_day": "2026-08-17",
    "previous_trading_day": "2026-08-14",
    "fund_code": "510300",
    "fund_name": "华泰柏瑞沪深300交易型开放式指数证券投资基金",
    "fund_company": "华泰柏瑞基金管理有限公司",
    "file_id": "1463187",
    "etf_type": "8",
    "nav": 4.7282,
    "nav_per_creation_unit": 4255390.17,
    "previous_cash_component": 105384.17,
    "estimated_cash_component": 107458.17,
    "maximum_cash_ratio": 0.5,
    "creation_redemption_unit": 900000,
    "component_count": 300,
    "publish_iopv": true,
    "creation_redemption_status": "申购和赎回皆允许",
    "creation_redemption_mechanism": "1",
    "creation_limit": null,
    "redemption_limit": 3600000000.0,
    "net_creation_limit": null,
    "net_redemption_limit": null,
    "creation_limit_per_account": null,
    "redemption_limit_per_account": null,
    "net_creation_limit_per_account": null,
    "net_redemption_limit_per_account": null,
    "source": "sse.COMMON_SSE_CP_JJLB_ETFJJGK_GGSGSHQD_JBXX_C",
    "retrieved_at": "2026-08-17T09:30:09.574575+08:00"
  },
  "latest_iopv": {
    "exchange_timestamp": "2026-08-17 10:29:37",
    "trade_date": "2026-08-17",
    "fund_code": "510300",
    "name": "300ETF",
    "extended_name": "沪深300ETF华泰柏瑞",
    "last_price": 4.733,
    "iopv": 4.7367,
    "premium_discount_bps": -7.811345451474994,
    "change_rate_pct": 0.15,
    "change_cny": 0.007,
    "open": 4.73,
    "previous_close": 4.726,
    "high": 4.744,
    "low": 4.725,
    "volume_shares": 161447086.0,
    "amount_cny": 764429087.0,
    "trade_phase_raw": "T111    ",
    "post_close_volume_shares": 0.0,
    "post_close_amount_cny": 0.0,
    "post_close_phase_raw": "A1      ",
    "product_subtype": "EBS",
    "source": "sse.yunhq.sh1.snap",
    "retrieved_at": "2026-08-17T10:29:37.472998+08:00"
  },
  "account_feasibility": {
    "reference_account_cny": 20000.0,
    "creation_unit_notional_cny": 4259700.0,
    "can_directly_create_or_redeem": false,
    "intended_use": "只用PCF和IOPV观察一级市场吸收状态，在二级市场交易510300"
  },
  "storage": {
    "pcf": {
      "file": "data/raw/primary_market/510300_pcf_daily.parquet",
      "row_count": 3,
      "first_key": "2026-08-13",
      "last_key": "2026-08-17",
      "sha256": "5b07ef24cc244d40afc8eb241ee183f2181026aa2f7b920cc6f9b3813ac40302"
    },
    "iopv": {
      "file": "data/raw/primary_market/510300_iopv_snapshots.parquet",
      "row_count": 61,
      "first_key": "2026-08-13 16:29:06",
      "last_key": "2026-08-17 10:29:37",
      "sha256": "42bfbb0ed187bb8a16cf1ffaca5c67a09d896ae2b74e7a69158c4a0d42790df3"
    }
  },
  "raw_response_files": [
    "data/raw/primary_market/raw/iopv/20260817/20260817T102935_174368+0800.json"
  ],
  "governance": {
    "use_as_trading_signal": false,
    "automatic_ordering_authorized": false,
    "note": "当前只采集和纸面验证；未通过前向门槛前不得映射实盘仓位。"
  }
}
{
  "status": "PASS",
  "checked_at": "2026-08-17T10:30:38.751682+08:00",
  "collector": {
    "collector_id": "510300_PRIMARY_SECONDARY_FORWARD_V1",
    "symbol": "510300.SH",
    "fund_code": "510300",
    "timezone": "Asia/Shanghai",
    "timeout_seconds": 15,
    "observation_interval_seconds": 60,
    "collection_start_time": "09:30:00",
    "collection_end_time": "15:00:00",
    "collection_sessions": [
      [
        "09:30:00",
        "11:30:00"
      ],
      [
        "13:00:00",
        "15:00:00"
      ]
    ],
    "evidence_scope": "仅从实际接入日起的前向数据，不回填历史IOPV"
  },
  "checks": {
    "same_fund_code": true,
    "same_trade_date": true,
    "iopv_publication_enabled": true,
    "positive_iopv": true,
    "positive_last_price": true,
    "positive_creation_unit": true,
    "snapshot_fresh_during_collection_session": true
  },
  "freshness": {
    "during_collection_session": true,
    "clock_delay_seconds": 0.751682,
    "maximum_allowed_seconds_during_session": 180.0
  },
  "latest_pcf": {
    "trading_day": "2026-08-17",
    "previous_trading_day": "2026-08-14",
    "fund_code": "510300",
    "fund_name": "华泰柏瑞沪深300交易型开放式指数证券投资基金",
    "fund_company": "华泰柏瑞基金管理有限公司",
    "file_id": "1463187",
    "etf_type": "8",
    "nav": 4.7282,
    "nav_per_creation_unit": 4255390.17,
    "previous_cash_component": 105384.17,
    "estimated_cash_component": 107458.17,
    "maximum_cash_ratio": 0.5,
    "creation_redemption_unit": 900000,
    "component_count": 300,
    "publish_iopv": true,
    "creation_redemption_status": "申购和赎回皆允许",
    "creation_redemption_mechanism": "1",
    "creation_limit": null,
    "redemption_limit": 3600000000.0,
    "net_creation_limit": null,
    "net_redemption_limit": null,
    "creation_limit_per_account": null,
    "redemption_limit_per_account": null,
    "net_creation_limit_per_account": null,
    "net_redemption_limit_per_account": null,
    "source": "sse.COMMON_SSE_CP_JJLB_ETFJJGK_GGSGSHQD_JBXX_C",
    "retrieved_at": "2026-08-17T09:30:09.574575+08:00"
  },
  "latest_iopv": {
    "exchange_timestamp": "2026-08-17 10:30:38",
    "trade_date": "2026-08-17",
    "fund_code": "510300",
    "name": "300ETF",
    "extended_name": "沪深300ETF华泰柏瑞",
    "last_price": 4.735,
    "iopv": 4.7374,
    "premium_discount_bps": -5.066069996200184,
    "change_rate_pct": 0.19,
    "change_cny": 0.009,
    "open": 4.73,
    "previous_close": 4.726,
    "high": 4.744,
    "low": 4.725,
    "volume_shares": 163819486.0,
    "amount_cny": 775657300.0,
    "trade_phase_raw": "T111    ",
    "post_close_volume_shares": 0.0,
    "post_close_amount_cny": 0.0,
    "post_close_phase_raw": "A1      ",
    "product_subtype": "EBS",
    "source": "sse.yunhq.sh1.snap",
    "retrieved_at": "2026-08-17T10:30:38.709784+08:00"
  },
  "account_feasibility": {
    "reference_account_cny": 20000.0,
    "creation_unit_notional_cny": 4261500.0,
    "can_directly_create_or_redeem": false,
    "intended_use": "只用PCF和IOPV观察一级市场吸收状态，在二级市场交易510300"
  },
  "storage": {
    "pcf": {
      "file": "data/raw/primary_market/510300_pcf_daily.parquet",
      "row_count": 3,
      "first_key": "2026-08-13",
      "last_key": "2026-08-17",
      "sha256": "5b07ef24cc244d40afc8eb241ee183f2181026aa2f7b920cc6f9b3813ac40302"
    },
    "iopv": {
      "file": "data/raw/primary_market/510300_iopv_snapshots.parquet",
      "row_count": 62,
      "first_key": "2026-08-13 16:29:06",
      "last_key": "2026-08-17 10:30:38",
      "sha256": "208ace7d859ff7d0f01ddaf2aee4278f8546a669821c38edbc81e2326f992764"
    }
  },
  "raw_response_files": [
    "data/raw/primary_market/raw/iopv/20260817/20260817T103037_512005+0800.json"
  ],
  "governance": {
    "use_as_trading_signal": false,
    "automatic_ordering_authorized": false,
    "note": "当前只采集和纸面验证；未通过前向门槛前不得映射实盘仓位。"
  }
}
{
  "status": "PASS",
  "checked_at": "2026-08-17T10:31:40.585619+08:00",
  "collector": {
    "collector_id": "510300_PRIMARY_SECONDARY_FORWARD_V1",
    "symbol": "510300.SH",
    "fund_code": "510300",
    "timezone": "Asia/Shanghai",
    "timeout_seconds": 15,
    "observation_interval_seconds": 60,
    "collection_start_time": "09:30:00",
    "collection_end_time": "15:00:00",
    "collection_sessions": [
      [
        "09:30:00",
        "11:30:00"
      ],
      [
        "13:00:00",
        "15:00:00"
      ]
    ],
    "evidence_scope": "仅从实际接入日起的前向数据，不回填历史IOPV"
  },
  "checks": {
    "same_fund_code": true,
    "same_trade_date": true,
    "iopv_publication_enabled": true,
    "positive_iopv": true,
    "positive_last_price": true,
    "positive_creation_unit": true,
    "snapshot_fresh_during_collection_session": true
  },
  "freshness": {
    "during_collection_session": true,
    "clock_delay_seconds": 0.585619,
    "maximum_allowed_seconds_during_session": 180.0
  },
  "latest_pcf": {
    "trading_day": "2026-08-17",
    "previous_trading_day": "2026-08-14",
    "fund_code": "510300",
    "fund_name": "华泰柏瑞沪深300交易型开放式指数证券投资基金",
    "fund_company": "华泰柏瑞基金管理有限公司",
    "file_id": "1463187",
    "etf_type": "8",
    "nav": 4.7282,
    "nav_per_creation_unit": 4255390.17,
    "previous_cash_component": 105384.17,
    "estimated_cash_component": 107458.17,
    "maximum_cash_ratio": 0.5,
    "creation_redemption_unit": 900000,
    "component_count": 300,
    "publish_iopv": true,
    "creation_redemption_status": "申购和赎回皆允许",
    "creation_redemption_mechanism": "1",
    "creation_limit": null,
    "redemption_limit": 3600000000.0,
    "net_creation_limit": null,
    "net_redemption_limit": null,
    "creation_limit_per_account": null,
    "redemption_limit_per_account": null,
    "net_creation_limit_per_account": null,
    "net_redemption_limit_per_account": null,
    "source": "sse.COMMON_SSE_CP_JJLB_ETFJJGK_GGSGSHQD_JBXX_C",
    "retrieved_at": "2026-08-17T09:30:09.574575+08:00"
  },
  "latest_iopv": {
    "exchange_timestamp": "2026-08-17 10:31:40",
    "trade_date": "2026-08-17",
    "fund_code": "510300",
    "name": "300ETF",
    "extended_name": "沪深300ETF华泰柏瑞",
    "last_price": 4.735,
    "iopv": 4.7386,
    "premium_discount_bps": -7.597180601864872,
    "change_rate_pct": 0.19,
    "change_cny": 0.009,
    "open": 4.73,
    "previous_close": 4.726,
    "high": 4.744,
    "low": 4.725,
    "volume_shares": 164096486.0,
    "amount_cny": 776968786.0,
    "trade_phase_raw": "T111    ",
    "post_close_volume_shares": 0.0,
    "post_close_amount_cny": 0.0,
    "post_close_phase_raw": "A1      ",
    "product_subtype": "EBS",
    "source": "sse.yunhq.sh1.snap",
    "retrieved_at": "2026-08-17T10:31:40.540380+08:00"
  },
  "account_feasibility": {
    "reference_account_cny": 20000.0,
    "creation_unit_notional_cny": 4261500.0,
    "can_directly_create_or_redeem": false,
    "intended_use": "只用PCF和IOPV观察一级市场吸收状态，在二级市场交易510300"
  },
  "storage": {
    "pcf": {
      "file": "data/raw/primary_market/510300_pcf_daily.parquet",
      "row_count": 3,
      "first_key": "2026-08-13",
      "last_key": "2026-08-17",
      "sha256": "5b07ef24cc244d40afc8eb241ee183f2181026aa2f7b920cc6f9b3813ac40302"
    },
    "iopv": {
      "file": "data/raw/primary_market/510300_iopv_snapshots.parquet",
      "row_count": 63,
      "first_key": "2026-08-13 16:29:06",
      "last_key": "2026-08-17 10:31:40",
      "sha256": "c5d27a5a775455b0c02c29d6947b6e68ba0df73c0c1ca841f5f03a7b455ba489"
    }
  },
  "raw_response_files": [
    "data/raw/primary_market/raw/iopv/20260817/20260817T103138_754718+0800.json"
  ],
  "governance": {
    "use_as_trading_signal": false,
    "automatic_ordering_authorized": false,
    "note": "当前只采集和纸面验证；未通过前向门槛前不得映射实盘仓位。"
  }
}
{
  "status": "PASS",
  "checked_at": "2026-08-17T10:32:41.955103+08:00",
  "collector": {
    "collector_id": "510300_PRIMARY_SECONDARY_FORWARD_V1",
    "symbol": "510300.SH",
    "fund_code": "510300",
    "timezone": "Asia/Shanghai",
    "timeout_seconds": 15,
    "observation_interval_seconds": 60,
    "collection_start_time": "09:30:00",
    "collection_end_time": "15:00:00",
    "collection_sessions": [
      [
        "09:30:00",
        "11:30:00"
      ],
      [
        "13:00:00",
        "15:00:00"
      ]
    ],
    "evidence_scope": "仅从实际接入日起的前向数据，不回填历史IOPV"
  },
  "checks": {
    "same_fund_code": true,
    "same_trade_date": true,
    "iopv_publication_enabled": true,
    "positive_iopv": true,
    "positive_last_price": true,
    "positive_creation_unit": true,
    "snapshot_fresh_during_collection_session": true
  },
  "freshness": {
    "during_collection_session": true,
    "clock_delay_seconds": 0.955103,
    "maximum_allowed_seconds_during_session": 180.0
  },
  "latest_pcf": {
    "trading_day": "2026-08-17",
    "previous_trading_day": "2026-08-14",
    "fund_code": "510300",
    "fund_name": "华泰柏瑞沪深300交易型开放式指数证券投资基金",
    "fund_company": "华泰柏瑞基金管理有限公司",
    "file_id": "1463187",
    "etf_type": "8",
    "nav": 4.7282,
    "nav_per_creation_unit": 4255390.17,
    "previous_cash_component": 105384.17,
    "estimated_cash_component": 107458.17,
    "maximum_cash_ratio": 0.5,
    "creation_redemption_unit": 900000,
    "component_count": 300,
    "publish_iopv": true,
    "creation_redemption_status": "申购和赎回皆允许",
    "creation_redemption_mechanism": "1",
    "creation_limit": null,
    "redemption_limit": 3600000000.0,
    "net_creation_limit": null,
    "net_redemption_limit": null,
    "creation_limit_per_account": null,
    "redemption_limit_per_account": null,
    "net_creation_limit_per_account": null,
    "net_redemption_limit_per_account": null,
    "source": "sse.COMMON_SSE_CP_JJLB_ETFJJGK_GGSGSHQD_JBXX_C",
    "retrieved_at": "2026-08-17T09:30:09.574575+08:00"
  },
  "latest_iopv": {
    "exchange_timestamp": "2026-08-17 10:32:41",
    "trade_date": "2026-08-17",
    "fund_code": "510300",
    "name": "300ETF",
    "extended_name": "沪深300ETF华泰柏瑞",
    "last_price": 4.738,
    "iopv": 4.7414,
    "premium_discount_bps": -7.170877799804742,
    "change_rate_pct": 0.25,
    "change_cny": 0.012,
    "open": 4.73,
    "previous_close": 4.726,
    "high": 4.744,
    "low": 4.725,
    "volume_shares": 165030686.0,
    "amount_cny": 781393761.0,
    "trade_phase_raw": "T111    ",
    "post_close_volume_shares": 0.0,
    "post_close_amount_cny": 0.0,
    "post_close_phase_raw": "A1      ",
    "product_subtype": "EBS",
    "source": "sse.yunhq.sh1.snap",
    "retrieved_at": "2026-08-17T10:32:41.915178+08:00"
  },
  "account_feasibility": {
    "reference_account_cny": 20000.0,
    "creation_unit_notional_cny": 4264200.0,
    "can_directly_create_or_redeem": false,
    "intended_use": "只用PCF和IOPV观察一级市场吸收状态，在二级市场交易510300"
  },
  "storage": {
    "pcf": {
      "file": "data/raw/primary_market/510300_pcf_daily.parquet",
      "row_count": 3,
      "first_key": "2026-08-13",
      "last_key": "2026-08-17",
      "sha256": "5b07ef24cc244d40afc8eb241ee183f2181026aa2f7b920cc6f9b3813ac40302"
    },
    "iopv": {
      "file": "data/raw/primary_market/510300_iopv_snapshots.parquet",
      "row_count": 64,
      "first_key": "2026-08-13 16:29:06",
      "last_key": "2026-08-17 10:32:41",
      "sha256": "9969d94db0486ca55d4c95666204136c76607d8b6b72eb025d7b97627b098fae"
    }
  },
  "raw_response_files": [
    "data/raw/primary_market/raw/iopv/20260817/20260817T103240_587395+0800.json"
  ],
  "governance": {
    "use_as_trading_signal": false,
    "automatic_ordering_authorized": false,
    "note": "当前只采集和纸面验证；未通过前向门槛前不得映射实盘仓位。"
  }
}
{
  "status": "PASS",
  "checked_at": "2026-08-17T10:33:43.768219+08:00",
  "collector": {
    "collector_id": "510300_PRIMARY_SECONDARY_FORWARD_V1",
    "symbol": "510300.SH",
    "fund_code": "510300",
    "timezone": "Asia/Shanghai",
    "timeout_seconds": 15,
    "observation_interval_seconds": 60,
    "collection_start_time": "09:30:00",
    "collection_end_time": "15:00:00",
    "collection_sessions": [
      [
        "09:30:00",
        "11:30:00"
      ],
      [
        "13:00:00",
        "15:00:00"
      ]
    ],
    "evidence_scope": "仅从实际接入日起的前向数据，不回填历史IOPV"
  },
  "checks": {
    "same_fund_code": true,
    "same_trade_date": true,
    "iopv_publication_enabled": true,
    "positive_iopv": true,
    "positive_last_price": true,
    "positive_creation_unit": true,
    "snapshot_fresh_during_collection_session": true
  },
  "freshness": {
    "during_collection_session": true,
    "clock_delay_seconds": 0.768219,
    "maximum_allowed_seconds_during_session": 180.0
  },
  "latest_pcf": {
    "trading_day": "2026-08-17",
    "previous_trading_day": "2026-08-14",
    "fund_code": "510300",
    "fund_name": "华泰柏瑞沪深300交易型开放式指数证券投资基金",
    "fund_company": "华泰柏瑞基金管理有限公司",
    "file_id": "1463187",
    "etf_type": "8",
    "nav": 4.7282,
    "nav_per_creation_unit": 4255390.17,
    "previous_cash_component": 105384.17,
    "estimated_cash_component": 107458.17,
    "maximum_cash_ratio": 0.5,
    "creation_redemption_unit": 900000,
    "component_count": 300,
    "publish_iopv": true,
    "creation_redemption_status": "申购和赎回皆允许",
    "creation_redemption_mechanism": "1",
    "creation_limit": null,
    "redemption_limit": 3600000000.0,
    "net_creation_limit": null,
    "net_redemption_limit": null,
    "creation_limit_per_account": null,
    "redemption_limit_per_account": null,
    "net_creation_limit_per_account": null,
    "net_redemption_limit_per_account": null,
    "source": "sse.COMMON_SSE_CP_JJLB_ETFJJGK_GGSGSHQD_JBXX_C",
    "retrieved_at": "2026-08-17T09:30:09.574575+08:00"
  },
  "latest_iopv": {
    "exchange_timestamp": "2026-08-17 10:33:43",
    "trade_date": "2026-08-17",
    "fund_code": "510300",
    "name": "300ETF",
    "extended_name": "沪深300ETF华泰柏瑞",
    "last_price": 4.739,
    "iopv": 4.7418,
    "premium_discount_bps": -5.90493061706443,
    "change_rate_pct": 0.28,
    "change_cny": 0.013,
    "open": 4.73,
    "previous_close": 4.726,
    "high": 4.744,
    "low": 4.725,
    "volume_shares": 165940686.0,
    "amount_cny": 785706244.0,
    "trade_phase_raw": "T111    ",
    "post_close_volume_shares": 0.0,
    "post_close_amount_cny": 0.0,
    "post_close_phase_raw": "A1      ",
    "product_subtype": "EBS",
    "source": "sse.yunhq.sh1.snap",
    "retrieved_at": "2026-08-17T10:33:43.729384+08:00"
  },
  "account_feasibility": {
    "reference_account_cny": 20000.0,
    "creation_unit_notional_cny": 4265100.0,
    "can_directly_create_or_redeem": false,
    "intended_use": "只用PCF和IOPV观察一级市场吸收状态，在二级市场交易510300"
  },
  "storage": {
    "pcf": {
      "file": "data/raw/primary_market/510300_pcf_daily.parquet",
      "row_count": 3,
      "first_key": "2026-08-13",
      "last_key": "2026-08-17",
      "sha256": "5b07ef24cc244d40afc8eb241ee183f2181026aa2f7b920cc6f9b3813ac40302"
    },
    "iopv": {
      "file": "data/raw/primary_market/510300_iopv_snapshots.parquet",
      "row_count": 65,
      "first_key": "2026-08-13 16:29:06",
      "last_key": "2026-08-17 10:33:43",
      "sha256": "07c7a9471233c9a9339b31f5b6f5e7e64dcd1edeb85b74cad563a9c6d474ee7f"
    }
  },
  "raw_response_files": [
    "data/raw/primary_market/raw/iopv/20260817/20260817T103341_957397+0800.json"
  ],
  "governance": {
    "use_as_trading_signal": false,
    "automatic_ordering_authorized": false,
    "note": "当前只采集和纸面验证；未通过前向门槛前不得映射实盘仓位。"
  }
}
{
  "status": "PASS",
  "checked_at": "2026-08-17T10:34:45.109023+08:00",
  "collector": {
    "collector_id": "510300_PRIMARY_SECONDARY_FORWARD_V1",
    "symbol": "510300.SH",
    "fund_code": "510300",
    "timezone": "Asia/Shanghai",
    "timeout_seconds": 15,
    "observation_interval_seconds": 60,
    "collection_start_time": "09:30:00",
    "collection_end_time": "15:00:00",
    "collection_sessions": [
      [
        "09:30:00",
        "11:30:00"
      ],
      [
        "13:00:00",
        "15:00:00"
      ]
    ],
    "evidence_scope": "仅从实际接入日起的前向数据，不回填历史IOPV"
  },
  "checks": {
    "same_fund_code": true,
    "same_trade_date": true,
    "iopv_publication_enabled": true,
    "positive_iopv": true,
    "positive_last_price": true,
    "positive_creation_unit": true,
    "snapshot_fresh_during_collection_session": true
  },
  "freshness": {
    "during_collection_session": true,
    "clock_delay_seconds": 1.109023,
    "maximum_allowed_seconds_during_session": 180.0
  },
  "latest_pcf": {
    "trading_day": "2026-08-17",
    "previous_trading_day": "2026-08-14",
    "fund_code": "510300",
    "fund_name": "华泰柏瑞沪深300交易型开放式指数证券投资基金",
    "fund_company": "华泰柏瑞基金管理有限公司",
    "file_id": "1463187",
    "etf_type": "8",
    "nav": 4.7282,
    "nav_per_creation_unit": 4255390.17,
    "previous_cash_component": 105384.17,
    "estimated_cash_component": 107458.17,
    "maximum_cash_ratio": 0.5,
    "creation_redemption_unit": 900000,
    "component_count": 300,
    "publish_iopv": true,
    "creation_redemption_status": "申购和赎回皆允许",
    "creation_redemption_mechanism": "1",
    "creation_limit": null,
    "redemption_limit": 3600000000.0,
    "net_creation_limit": null,
    "net_redemption_limit": null,
    "creation_limit_per_account": null,
    "redemption_limit_per_account": null,
    "net_creation_limit_per_account": null,
    "net_redemption_limit_per_account": null,
    "source": "sse.COMMON_SSE_CP_JJLB_ETFJJGK_GGSGSHQD_JBXX_C",
    "retrieved_at": "2026-08-17T09:30:09.574575+08:00"
  },
  "latest_iopv": {
    "exchange_timestamp": "2026-08-17 10:34:44",
    "trade_date": "2026-08-17",
    "fund_code": "510300",
    "name": "300ETF",
    "extended_name": "沪深300ETF华泰柏瑞",
    "last_price": 4.739,
    "iopv": 4.742,
    "premium_discount_bps": -6.32644453816944,
    "change_rate_pct": 0.28,
    "change_cny": 0.013,
    "open": 4.73,
    "previous_close": 4.726,
    "high": 4.744,
    "low": 4.725,
    "volume_shares": 168241986.0,
    "amount_cny": 796609739.0,
    "trade_phase_raw": "T111    ",
    "post_close_volume_shares": 0.0,
    "post_close_amount_cny": 0.0,
    "post_close_phase_raw": "A1      ",
    "product_subtype": "EBS",
    "source": "sse.yunhq.sh1.snap",
    "retrieved_at": "2026-08-17T10:34:45.073803+08:00"
  },
  "account_feasibility": {
    "reference_account_cny": 20000.0,
    "creation_unit_notional_cny": 4265100.0,
    "can_directly_create_or_redeem": false,
    "intended_use": "只用PCF和IOPV观察一级市场吸收状态，在二级市场交易510300"
  },
  "storage": {
    "pcf": {
      "file": "data/raw/primary_market/510300_pcf_daily.parquet",
      "row_count": 3,
      "first_key": "2026-08-13",
      "last_key": "2026-08-17",
      "sha256": "5b07ef24cc244d40afc8eb241ee183f2181026aa2f7b920cc6f9b3813ac40302"
    },
    "iopv": {
      "file": "data/raw/primary_market/510300_iopv_snapshots.parquet",
      "row_count": 66,
      "first_key": "2026-08-13 16:29:06",
      "last_key": "2026-08-17 10:34:44",
      "sha256": "f7f4ced2597605c321212ee84ded26377223f270677c4fb3de5a771347f528d0"
    }
  },
  "raw_response_files": [
    "data/raw/primary_market/raw/iopv/20260817/20260817T103443_770472+0800.json"
  ],
  "governance": {
    "use_as_trading_signal": false,
    "automatic_ordering_authorized": false,
    "note": "当前只采集和纸面验证；未通过前向门槛前不得映射实盘仓位。"
  }
}
{
  "status": "PASS",
  "checked_at": "2026-08-17T10:35:46.356508+08:00",
  "collector": {
    "collector_id": "510300_PRIMARY_SECONDARY_FORWARD_V1",
    "symbol": "510300.SH",
    "fund_code": "510300",
    "timezone": "Asia/Shanghai",
    "timeout_seconds": 15,
    "observation_interval_seconds": 60,
    "collection_start_time": "09:30:00",
    "collection_end_time": "15:00:00",
    "collection_sessions": [
      [
        "09:30:00",
        "11:30:00"
      ],
      [
        "13:00:00",
        "15:00:00"
      ]
    ],
    "evidence_scope": "仅从实际接入日起的前向数据，不回填历史IOPV"
  },
  "checks": {
    "same_fund_code": true,
    "same_trade_date": true,
    "iopv_publication_enabled": true,
    "positive_iopv": true,
    "positive_last_price": true,
    "positive_creation_unit": true,
    "snapshot_fresh_during_collection_session": true
  },
  "freshness": {
    "during_collection_session": true,
    "clock_delay_seconds": 0.356508,
    "maximum_allowed_seconds_during_session": 180.0
  },
  "latest_pcf": {
    "trading_day": "2026-08-17",
    "previous_trading_day": "2026-08-14",
    "fund_code": "510300",
    "fund_name": "华泰柏瑞沪深300交易型开放式指数证券投资基金",
    "fund_company": "华泰柏瑞基金管理有限公司",
    "file_id": "1463187",
    "etf_type": "8",
    "nav": 4.7282,
    "nav_per_creation_unit": 4255390.17,
    "previous_cash_component": 105384.17,
    "estimated_cash_component": 107458.17,
    "maximum_cash_ratio": 0.5,
    "creation_redemption_unit": 900000,
    "component_count": 300,
    "publish_iopv": true,
    "creation_redemption_status": "申购和赎回皆允许",
    "creation_redemption_mechanism": "1",
    "creation_limit": null,
    "redemption_limit": 3600000000.0,
    "net_creation_limit": null,
    "net_redemption_limit": null,
    "creation_limit_per_account": null,
    "redemption_limit_per_account": null,
    "net_creation_limit_per_account": null,
    "net_redemption_limit_per_account": null,
    "source": "sse.COMMON_SSE_CP_JJLB_ETFJJGK_GGSGSHQD_JBXX_C",
    "retrieved_at": "2026-08-17T09:30:09.574575+08:00"
  },
  "latest_iopv": {
    "exchange_timestamp": "2026-08-17 10:35:46",
    "trade_date": "2026-08-17",
    "fund_code": "510300",
    "name": "300ETF",
    "extended_name": "沪深300ETF华泰柏瑞",
    "last_price": 4.737,
    "iopv": 4.7416,
    "premium_discount_bps": -9.701366627298258,
    "change_rate_pct": 0.23,
    "change_cny": 0.011,
    "open": 4.73,
    "previous_close": 4.726,
    "high": 4.744,
    "low": 4.725,
    "volume_shares": 170031286.0,
    "amount_cny": 805086092.0,
    "trade_phase_raw": "T111    ",
    "post_close_volume_shares": 0.0,
    "post_close_amount_cny": 0.0,
    "post_close_phase_raw": "A1      ",
    "product_subtype": "EBS",
    "source": "sse.yunhq.sh1.snap",
    "retrieved_at": "2026-08-17T10:35:46.309118+08:00"
  },
  "account_feasibility": {
    "reference_account_cny": 20000.0,
    "creation_unit_notional_cny": 4263300.0,
    "can_directly_create_or_redeem": false,
    "intended_use": "只用PCF和IOPV观察一级市场吸收状态，在二级市场交易510300"
  },
  "storage": {
    "pcf": {
      "file": "data/raw/primary_market/510300_pcf_daily.parquet",
      "row_count": 3,
      "first_key": "2026-08-13",
      "last_key": "2026-08-17",
      "sha256": "5b07ef24cc244d40afc8eb241ee183f2181026aa2f7b920cc6f9b3813ac40302"
    },
    "iopv": {
      "file": "data/raw/primary_market/510300_iopv_snapshots.parquet",
      "row_count": 67,
      "first_key": "2026-08-13 16:29:06",
      "last_key": "2026-08-17 10:35:46",
      "sha256": "69ccdd4895f33f7781b6eabc41f245f784cec7f9c4dda985ea7b45d645f7bb4c"
    }
  },
  "raw_response_files": [
    "data/raw/primary_market/raw/iopv/20260817/20260817T103545_110891+0800.json"
  ],
  "governance": {
    "use_as_trading_signal": false,
    "automatic_ordering_authorized": false,
    "note": "当前只采集和纸面验证；未通过前向门槛前不得映射实盘仓位。"
  }
}
{
  "status": "PASS",
  "checked_at": "2026-08-17T10:36:47.562671+08:00",
  "collector": {
    "collector_id": "510300_PRIMARY_SECONDARY_FORWARD_V1",
    "symbol": "510300.SH",
    "fund_code": "510300",
    "timezone": "Asia/Shanghai",
    "timeout_seconds": 15,
    "observation_interval_seconds": 60,
    "collection_start_time": "09:30:00",
    "collection_end_time": "15:00:00",
    "collection_sessions": [
      [
        "09:30:00",
        "11:30:00"
      ],
      [
        "13:00:00",
        "15:00:00"
      ]
    ],
    "evidence_scope": "仅从实际接入日起的前向数据，不回填历史IOPV"
  },
  "checks": {
    "same_fund_code": true,
    "same_trade_date": true,
    "iopv_publication_enabled": true,
    "positive_iopv": true,
    "positive_last_price": true,
    "positive_creation_unit": true,
    "snapshot_fresh_during_collection_session": true
  },
  "freshness": {
    "during_collection_session": true,
    "clock_delay_seconds": 0.562671,
    "maximum_allowed_seconds_during_session": 180.0
  },
  "latest_pcf": {
    "trading_day": "2026-08-17",
    "previous_trading_day": "2026-08-14",
    "fund_code": "510300",
    "fund_name": "华泰柏瑞沪深300交易型开放式指数证券投资基金",
    "fund_company": "华泰柏瑞基金管理有限公司",
    "file_id": "1463187",
    "etf_type": "8",
    "nav": 4.7282,
    "nav_per_creation_unit": 4255390.17,
    "previous_cash_component": 105384.17,
    "estimated_cash_component": 107458.17,
    "maximum_cash_ratio": 0.5,
    "creation_redemption_unit": 900000,
    "component_count": 300,
    "publish_iopv": true,
    "creation_redemption_status": "申购和赎回皆允许",
    "creation_redemption_mechanism": "1",
    "creation_limit": null,
    "redemption_limit": 3600000000.0,
    "net_creation_limit": null,
    "net_redemption_limit": null,
    "creation_limit_per_account": null,
    "redemption_limit_per_account": null,
    "net_creation_limit_per_account": null,
    "net_redemption_limit_per_account": null,
    "source": "sse.COMMON_SSE_CP_JJLB_ETFJJGK_GGSGSHQD_JBXX_C",
    "retrieved_at": "2026-08-17T09:30:09.574575+08:00"
  },
  "latest_iopv": {
    "exchange_timestamp": "2026-08-17 10:36:47",
    "trade_date": "2026-08-17",
    "fund_code": "510300",
    "name": "300ETF",
    "extended_name": "沪深300ETF华泰柏瑞",
    "last_price": 4.739,
    "iopv": 4.7419,
    "premium_discount_bps": -6.115692022186092,
    "change_rate_pct": 0.28,
    "change_cny": 0.013,
    "open": 4.73,
    "previous_close": 4.726,
    "high": 4.744,
    "low": 4.725,
    "volume_shares": 171005186.0,
    "amount_cny": 809701377.0,
    "trade_phase_raw": "T111    ",
    "post_close_volume_shares": 0.0,
    "post_close_amount_cny": 0.0,
    "post_close_phase_raw": "A1      ",
    "product_subtype": "EBS",
    "source": "sse.yunhq.sh1.snap",
    "retrieved_at": "2026-08-17T10:36:47.516986+08:00"
  },
  "account_feasibility": {
    "reference_account_cny": 20000.0,
    "creation_unit_notional_cny": 4265100.0,
    "can_directly_create_or_redeem": false,
    "intended_use": "只用PCF和IOPV观察一级市场吸收状态，在二级市场交易510300"
  },
  "storage": {
    "pcf": {
      "file": "data/raw/primary_market/510300_pcf_daily.parquet",
      "row_count": 3,
      "first_key": "2026-08-13",
      "last_key": "2026-08-17",
      "sha256": "5b07ef24cc244d40afc8eb241ee183f2181026aa2f7b920cc6f9b3813ac40302"
    },
    "iopv": {
      "file": "data/raw/primary_market/510300_iopv_snapshots.parquet",
      "row_count": 68,
      "first_key": "2026-08-13 16:29:06",
      "last_key": "2026-08-17 10:36:47",
      "sha256": "8816329ae3d9501007c083d86c5308088bd55c593b77b90fcc930f14698126bf"
    }
  },
  "raw_response_files": [
    "data/raw/primary_market/raw/iopv/20260817/20260817T103646_358576+0800.json"
  ],
  "governance": {
    "use_as_trading_signal": false,
    "automatic_ordering_authorized": false,
    "note": "当前只采集和纸面验证；未通过前向门槛前不得映射实盘仓位。"
  }
}
{
  "status": "PASS",
  "checked_at": "2026-08-17T10:37:49.468251+08:00",
  "collector": {
    "collector_id": "510300_PRIMARY_SECONDARY_FORWARD_V1",
    "symbol": "510300.SH",
    "fund_code": "510300",
    "timezone": "Asia/Shanghai",
    "timeout_seconds": 15,
    "observation_interval_seconds": 60,
    "collection_start_time": "09:30:00",
    "collection_end_time": "15:00:00",
    "collection_sessions": [
      [
        "09:30:00",
        "11:30:00"
      ],
      [
        "13:00:00",
        "15:00:00"
      ]
    ],
    "evidence_scope": "仅从实际接入日起的前向数据，不回填历史IOPV"
  },
  "checks": {
    "same_fund_code": true,
    "same_trade_date": true,
    "iopv_publication_enabled": true,
    "positive_iopv": true,
    "positive_last_price": true,
    "positive_creation_unit": true,
    "snapshot_fresh_during_collection_session": true
  },
  "freshness": {
    "during_collection_session": true,
    "clock_delay_seconds": 0.468251,
    "maximum_allowed_seconds_during_session": 180.0
  },
  "latest_pcf": {
    "trading_day": "2026-08-17",
    "previous_trading_day": "2026-08-14",
    "fund_code": "510300",
    "fund_name": "华泰柏瑞沪深300交易型开放式指数证券投资基金",
    "fund_company": "华泰柏瑞基金管理有限公司",
    "file_id": "1463187",
    "etf_type": "8",
    "nav": 4.7282,
    "nav_per_creation_unit": 4255390.17,
    "previous_cash_component": 105384.17,
    "estimated_cash_component": 107458.17,
    "maximum_cash_ratio": 0.5,
    "creation_redemption_unit": 900000,
    "component_count": 300,
    "publish_iopv": true,
    "creation_redemption_status": "申购和赎回皆允许",
    "creation_redemption_mechanism": "1",
    "creation_limit": null,
    "redemption_limit": 3600000000.0,
    "net_creation_limit": null,
    "net_redemption_limit": null,
    "creation_limit_per_account": null,
    "redemption_limit_per_account": null,
    "net_creation_limit_per_account": null,
    "net_redemption_limit_per_account": null,
    "source": "sse.COMMON_SSE_CP_JJLB_ETFJJGK_GGSGSHQD_JBXX_C",
    "retrieved_at": "2026-08-17T09:30:09.574575+08:00"
  },
  "latest_iopv": {
    "exchange_timestamp": "2026-08-17 10:37:49",
    "trade_date": "2026-08-17",
    "fund_code": "510300",
    "name": "300ETF",
    "extended_name": "沪深300ETF华泰柏瑞",
    "last_price": 4.737,
    "iopv": 4.7415,
    "premium_discount_bps": -9.49066751028238,
    "change_rate_pct": 0.23,
    "change_cny": 0.011,
    "open": 4.73,
    "previous_close": 4.726,
    "high": 4.744,
    "low": 4.725,
    "volume_shares": 171449986.0,
    "amount_cny": 811808875.0,
    "trade_phase_raw": "T111    ",
    "post_close_volume_shares": 0.0,
    "post_close_amount_cny": 0.0,
    "post_close_phase_raw": "A1      ",
    "product_subtype": "EBS",
    "source": "sse.yunhq.sh1.snap",
    "retrieved_at": "2026-08-17T10:37:49.430100+08:00"
  },
  "account_feasibility": {
    "reference_account_cny": 20000.0,
    "creation_unit_notional_cny": 4263300.0,
    "can_directly_create_or_redeem": false,
    "intended_use": "只用PCF和IOPV观察一级市场吸收状态，在二级市场交易510300"
  },
  "storage": {
    "pcf": {
      "file": "data/raw/primary_market/510300_pcf_daily.parquet",
      "row_count": 3,
      "first_key": "2026-08-13",
      "last_key": "2026-08-17",
      "sha256": "5b07ef24cc244d40afc8eb241ee183f2181026aa2f7b920cc6f9b3813ac40302"
    },
    "iopv": {
      "file": "data/raw/primary_market/510300_iopv_snapshots.parquet",
      "row_count": 69,
      "first_key": "2026-08-13 16:29:06",
      "last_key": "2026-08-17 10:37:49",
      "sha256": "faa13ed0ad996a057d12dfb8f681dbadf7cbfac085b9bb4b8b4c8b5f8202a164"
    }
  },
  "raw_response_files": [
    "data/raw/primary_market/raw/iopv/20260817/20260817T103747_565102+0800.json"
  ],
  "governance": {
    "use_as_trading_signal": false,
    "automatic_ordering_authorized": false,
    "note": "当前只采集和纸面验证；未通过前向门槛前不得映射实盘仓位。"
  }
}
{
  "status": "PASS",
  "checked_at": "2026-08-17T10:38:50.798576+08:00",
  "collector": {
    "collector_id": "510300_PRIMARY_SECONDARY_FORWARD_V1",
    "symbol": "510300.SH",
    "fund_code": "510300",
    "timezone": "Asia/Shanghai",
    "timeout_seconds": 15,
    "observation_interval_seconds": 60,
    "collection_start_time": "09:30:00",
    "collection_end_time": "15:00:00",
    "collection_sessions": [
      [
        "09:30:00",
        "11:30:00"
      ],
      [
        "13:00:00",
        "15:00:00"
      ]
    ],
    "evidence_scope": "仅从实际接入日起的前向数据，不回填历史IOPV"
  },
  "checks": {
    "same_fund_code": true,
    "same_trade_date": true,
    "iopv_publication_enabled": true,
    "positive_iopv": true,
    "positive_last_price": true,
    "positive_creation_unit": true,
    "snapshot_fresh_during_collection_session": true
  },
  "freshness": {
    "during_collection_session": true,
    "clock_delay_seconds": 0.798576,
    "maximum_allowed_seconds_during_session": 180.0
  },
  "latest_pcf": {
    "trading_day": "2026-08-17",
    "previous_trading_day": "2026-08-14",
    "fund_code": "510300",
    "fund_name": "华泰柏瑞沪深300交易型开放式指数证券投资基金",
    "fund_company": "华泰柏瑞基金管理有限公司",
    "file_id": "1463187",
    "etf_type": "8",
    "nav": 4.7282,
    "nav_per_creation_unit": 4255390.17,
    "previous_cash_component": 105384.17,
    "estimated_cash_component": 107458.17,
    "maximum_cash_ratio": 0.5,
    "creation_redemption_unit": 900000,
    "component_count": 300,
    "publish_iopv": true,
    "creation_redemption_status": "申购和赎回皆允许",
    "creation_redemption_mechanism": "1",
    "creation_limit": null,
    "redemption_limit": 3600000000.0,
    "net_creation_limit": null,
    "net_redemption_limit": null,
    "creation_limit_per_account": null,
    "redemption_limit_per_account": null,
    "net_creation_limit_per_account": null,
    "net_redemption_limit_per_account": null,
    "source": "sse.COMMON_SSE_CP_JJLB_ETFJJGK_GGSGSHQD_JBXX_C",
    "retrieved_at": "2026-08-17T09:30:09.574575+08:00"
  },
  "latest_iopv": {
    "exchange_timestamp": "2026-08-17 10:38:50",
    "trade_date": "2026-08-17",
    "fund_code": "510300",
    "name": "300ETF",
    "extended_name": "沪深300ETF华泰柏瑞",
    "last_price": 4.74,
    "iopv": 4.7448,
    "premium_discount_bps": -10.11633788568389,
    "change_rate_pct": 0.3,
    "change_cny": 0.014,
    "open": 4.73,
    "previous_close": 4.726,
    "high": 4.744,
    "low": 4.725,
    "volume_shares": 175290686.0,
    "amount_cny": 830013277.0,
    "trade_phase_raw": "T111    ",
    "post_close_volume_shares": 0.0,
    "post_close_amount_cny": 0.0,
    "post_close_phase_raw": "A1      ",
    "product_subtype": "EBS",
    "source": "sse.yunhq.sh1.snap",
    "retrieved_at": "2026-08-17T10:38:50.757142+08:00"
  },
  "account_feasibility": {
    "reference_account_cny": 20000.0,
    "creation_unit_notional_cny": 4266000.0,
    "can_directly_create_or_redeem": false,
    "intended_use": "只用PCF和IOPV观察一级市场吸收状态，在二级市场交易510300"
  },
  "storage": {
    "pcf": {
      "file": "data/raw/primary_market/510300_pcf_daily.parquet",
      "row_count": 3,
      "first_key": "2026-08-13",
      "last_key": "2026-08-17",
      "sha256": "5b07ef24cc244d40afc8eb241ee183f2181026aa2f7b920cc6f9b3813ac40302"
    },
    "iopv": {
      "file": "data/raw/primary_market/510300_iopv_snapshots.parquet",
      "row_count": 70,
      "first_key": "2026-08-13 16:29:06",
      "last_key": "2026-08-17 10:38:50",
      "sha256": "4f3e69cc4779090232882df1c20cf74ae0ebc1ce833cbd21197a11d8548f6593"
    }
  },
  "raw_response_files": [
    "data/raw/primary_market/raw/iopv/20260817/20260817T103849_471029+0800.json"
  ],
  "governance": {
    "use_as_trading_signal": false,
    "automatic_ordering_authorized": false,
    "note": "当前只采集和纸面验证；未通过前向门槛前不得映射实盘仓位。"
  }
}
{
  "status": "PASS",
  "checked_at": "2026-08-17T10:39:52.035564+08:00",
  "collector": {
    "collector_id": "510300_PRIMARY_SECONDARY_FORWARD_V1",
    "symbol": "510300.SH",
    "fund_code": "510300",
    "timezone": "Asia/Shanghai",
    "timeout_seconds": 15,
    "observation_interval_seconds": 60,
    "collection_start_time": "09:30:00",
    "collection_end_time": "15:00:00",
    "collection_sessions": [
      [
        "09:30:00",
        "11:30:00"
      ],
      [
        "13:00:00",
        "15:00:00"
      ]
    ],
    "evidence_scope": "仅从实际接入日起的前向数据，不回填历史IOPV"
  },
  "checks": {
    "same_fund_code": true,
    "same_trade_date": true,
    "iopv_publication_enabled": true,
    "positive_iopv": true,
    "positive_last_price": true,
    "positive_creation_unit": true,
    "snapshot_fresh_during_collection_session": true
  },
  "freshness": {
    "during_collection_session": true,
    "clock_delay_seconds": 1.035564,
    "maximum_allowed_seconds_during_session": 180.0
  },
  "latest_pcf": {
    "trading_day": "2026-08-17",
    "previous_trading_day": "2026-08-14",
    "fund_code": "510300",
    "fund_name": "华泰柏瑞沪深300交易型开放式指数证券投资基金",
    "fund_company": "华泰柏瑞基金管理有限公司",
    "file_id": "1463187",
    "etf_type": "8",
    "nav": 4.7282,
    "nav_per_creation_unit": 4255390.17,
    "previous_cash_component": 105384.17,
    "estimated_cash_component": 107458.17,
    "maximum_cash_ratio": 0.5,
    "creation_redemption_unit": 900000,
    "component_count": 300,
    "publish_iopv": true,
    "creation_redemption_status": "申购和赎回皆允许",
    "creation_redemption_mechanism": "1",
    "creation_limit": null,
    "redemption_limit": 3600000000.0,
    "net_creation_limit": null,
    "net_redemption_limit": null,
    "creation_limit_per_account": null,
    "redemption_limit_per_account": null,
    "net_creation_limit_per_account": null,
    "net_redemption_limit_per_account": null,
    "source": "sse.COMMON_SSE_CP_JJLB_ETFJJGK_GGSGSHQD_JBXX_C",
    "retrieved_at": "2026-08-17T09:30:09.574575+08:00"
  },
  "latest_iopv": {
    "exchange_timestamp": "2026-08-17 10:39:51",
    "trade_date": "2026-08-17",
    "fund_code": "510300",
    "name": "300ETF",
    "extended_name": "沪深300ETF华泰柏瑞",
    "last_price": 4.742,
    "iopv": 4.7455,
    "premium_discount_bps": -7.375408281529161,
    "change_rate_pct": 0.34,
    "change_cny": 0.016,
    "open": 4.73,
    "previous_close": 4.726,
    "high": 4.744,
    "low": 4.725,
    "volume_shares": 177256586.0,
    "amount_cny": 839333504.0,
    "trade_phase_raw": "T111    ",
    "post_close_volume_shares": 0.0,
    "post_close_amount_cny": 0.0,
    "post_close_phase_raw": "A1      ",
    "product_subtype": "EBS",
    "source": "sse.yunhq.sh1.snap",
    "retrieved_at": "2026-08-17T10:39:51.998429+08:00"
  },
  "account_feasibility": {
    "reference_account_cny": 20000.0,
    "creation_unit_notional_cny": 4267800.0,
    "can_directly_create_or_redeem": false,
    "intended_use": "只用PCF和IOPV观察一级市场吸收状态，在二级市场交易510300"
  },
  "storage": {
    "pcf": {
      "file": "data/raw/primary_market/510300_pcf_daily.parquet",
      "row_count": 3,
      "first_key": "2026-08-13",
      "last_key": "2026-08-17",
      "sha256": "5b07ef24cc244d40afc8eb241ee183f2181026aa2f7b920cc6f9b3813ac40302"
    },
    "iopv": {
      "file": "data/raw/primary_market/510300_iopv_snapshots.parquet",
      "row_count": 71,
      "first_key": "2026-08-13 16:29:06",
      "last_key": "2026-08-17 10:39:51",
      "sha256": "9a20162e8adcbe9ed5a1d3cb7c1f43b2417decfb6d78bae197cab5dc7d770eb3"
    }
  },
  "raw_response_files": [
    "data/raw/primary_market/raw/iopv/20260817/20260817T103950_800571+0800.json"
  ],
  "governance": {
    "use_as_trading_signal": false,
    "automatic_ordering_authorized": false,
    "note": "当前只采集和纸面验证；未通过前向门槛前不得映射实盘仓位。"
  }
}
{
  "status": "PASS",
  "checked_at": "2026-08-17T10:40:53.289422+08:00",
  "collector": {
    "collector_id": "510300_PRIMARY_SECONDARY_FORWARD_V1",
    "symbol": "510300.SH",
    "fund_code": "510300",
    "timezone": "Asia/Shanghai",
    "timeout_seconds": 15,
    "observation_interval_seconds": 60,
    "collection_start_time": "09:30:00",
    "collection_end_time": "15:00:00",
    "collection_sessions": [
      [
        "09:30:00",
        "11:30:00"
      ],
      [
        "13:00:00",
        "15:00:00"
      ]
    ],
    "evidence_scope": "仅从实际接入日起的前向数据，不回填历史IOPV"
  },
  "checks": {
    "same_fund_code": true,
    "same_trade_date": true,
    "iopv_publication_enabled": true,
    "positive_iopv": true,
    "positive_last_price": true,
    "positive_creation_unit": true,
    "snapshot_fresh_during_collection_session": true
  },
  "freshness": {
    "during_collection_session": true,
    "clock_delay_seconds": 0.289422,
    "maximum_allowed_seconds_during_session": 180.0
  },
  "latest_pcf": {
    "trading_day": "2026-08-17",
    "previous_trading_day": "2026-08-14",
    "fund_code": "510300",
    "fund_name": "华泰柏瑞沪深300交易型开放式指数证券投资基金",
    "fund_company": "华泰柏瑞基金管理有限公司",
    "file_id": "1463187",
    "etf_type": "8",
    "nav": 4.7282,
    "nav_per_creation_unit": 4255390.17,
    "previous_cash_component": 105384.17,
    "estimated_cash_component": 107458.17,
    "maximum_cash_ratio": 0.5,
    "creation_redemption_unit": 900000,
    "component_count": 300,
    "publish_iopv": true,
    "creation_redemption_status": "申购和赎回皆允许",
    "creation_redemption_mechanism": "1",
    "creation_limit": null,
    "redemption_limit": 3600000000.0,
    "net_creation_limit": null,
    "net_redemption_limit": null,
    "creation_limit_per_account": null,
    "redemption_limit_per_account": null,
    "net_creation_limit_per_account": null,
    "net_redemption_limit_per_account": null,
    "source": "sse.COMMON_SSE_CP_JJLB_ETFJJGK_GGSGSHQD_JBXX_C",
    "retrieved_at": "2026-08-17T09:30:09.574575+08:00"
  },
  "latest_iopv": {
    "exchange_timestamp": "2026-08-17 10:40:53",
    "trade_date": "2026-08-17",
    "fund_code": "510300",
    "name": "300ETF",
    "extended_name": "沪深300ETF华泰柏瑞",
    "last_price": 4.742,
    "iopv": 4.7454,
    "premium_discount_bps": -7.164833312260921,
    "change_rate_pct": 0.34,
    "change_cny": 0.016,
    "open": 4.73,
    "previous_close": 4.726,
    "high": 4.744,
    "low": 4.725,
    "volume_shares": 179322686.0,
    "amount_cny": 849131222.0,
    "trade_phase_raw": "T111    ",
    "post_close_volume_shares": 0.0,
    "post_close_amount_cny": 0.0,
    "post_close_phase_raw": "A1      ",
    "product_subtype": "EBS",
    "source": "sse.yunhq.sh1.snap",
    "retrieved_at": "2026-08-17T10:40:53.252436+08:00"
  },
  "account_feasibility": {
    "reference_account_cny": 20000.0,
    "creation_unit_notional_cny": 4267800.0,
    "can_directly_create_or_redeem": false,
    "intended_use": "只用PCF和IOPV观察一级市场吸收状态，在二级市场交易510300"
  },
  "storage": {
    "pcf": {
      "file": "data/raw/primary_market/510300_pcf_daily.parquet",
      "row_count": 3,
      "first_key": "2026-08-13",
      "last_key": "2026-08-17",
      "sha256": "5b07ef24cc244d40afc8eb241ee183f2181026aa2f7b920cc6f9b3813ac40302"
    },
    "iopv": {
      "file": "data/raw/primary_market/510300_iopv_snapshots.parquet",
      "row_count": 72,
      "first_key": "2026-08-13 16:29:06",
      "last_key": "2026-08-17 10:40:53",
      "sha256": "ac00023a044add2fc6e103613ccc3e57efd72632dac0ff9322930bca14109bd5"
    }
  },
  "raw_response_files": [
    "data/raw/primary_market/raw/iopv/20260817/20260817T104052_037639+0800.json"
  ],
  "governance": {
    "use_as_trading_signal": false,
    "automatic_ordering_authorized": false,
    "note": "当前只采集和纸面验证；未通过前向门槛前不得映射实盘仓位。"
  }
}
{
  "status": "PASS",
  "checked_at": "2026-08-17T10:41:54.511833+08:00",
  "collector": {
    "collector_id": "510300_PRIMARY_SECONDARY_FORWARD_V1",
    "symbol": "510300.SH",
    "fund_code": "510300",
    "timezone": "Asia/Shanghai",
    "timeout_seconds": 15,
    "observation_interval_seconds": 60,
    "collection_start_time": "09:30:00",
    "collection_end_time": "15:00:00",
    "collection_sessions": [
      [
        "09:30:00",
        "11:30:00"
      ],
      [
        "13:00:00",
        "15:00:00"
      ]
    ],
    "evidence_scope": "仅从实际接入日起的前向数据，不回填历史IOPV"
  },
  "checks": {
    "same_fund_code": true,
    "same_trade_date": true,
    "iopv_publication_enabled": true,
    "positive_iopv": true,
    "positive_last_price": true,
    "positive_creation_unit": true,
    "snapshot_fresh_during_collection_session": true
  },
  "freshness": {
    "during_collection_session": true,
    "clock_delay_seconds": 0.511833,
    "maximum_allowed_seconds_during_session": 180.0
  },
  "latest_pcf": {
    "trading_day": "2026-08-17",
    "previous_trading_day": "2026-08-14",
    "fund_code": "510300",
    "fund_name": "华泰柏瑞沪深300交易型开放式指数证券投资基金",
    "fund_company": "华泰柏瑞基金管理有限公司",
    "file_id": "1463187",
    "etf_type": "8",
    "nav": 4.7282,
    "nav_per_creation_unit": 4255390.17,
    "previous_cash_component": 105384.17,
    "estimated_cash_component": 107458.17,
    "maximum_cash_ratio": 0.5,
    "creation_redemption_unit": 900000,
    "component_count": 300,
    "publish_iopv": true,
    "creation_redemption_status": "申购和赎回皆允许",
    "creation_redemption_mechanism": "1",
    "creation_limit": null,
    "redemption_limit": 3600000000.0,
    "net_creation_limit": null,
    "net_redemption_limit": null,
    "creation_limit_per_account": null,
    "redemption_limit_per_account": null,
    "net_creation_limit_per_account": null,
    "net_redemption_limit_per_account": null,
    "source": "sse.COMMON_SSE_CP_JJLB_ETFJJGK_GGSGSHQD_JBXX_C",
    "retrieved_at": "2026-08-17T09:30:09.574575+08:00"
  },
  "latest_iopv": {
    "exchange_timestamp": "2026-08-17 10:41:54",
    "trade_date": "2026-08-17",
    "fund_code": "510300",
    "name": "300ETF",
    "extended_name": "沪深300ETF华泰柏瑞",
    "last_price": 4.741,
    "iopv": 4.7443,
    "premium_discount_bps": -6.955715279388652,
    "change_rate_pct": 0.32,
    "change_cny": 0.015,
    "open": 4.73,
    "previous_close": 4.726,
    "high": 4.744,
    "low": 4.725,
    "volume_shares": 181600986.0,
    "amount_cny": 859933500.0,
    "trade_phase_raw": "T111    ",
    "post_close_volume_shares": 0.0,
    "post_close_amount_cny": 0.0,
    "post_close_phase_raw": "A1      ",
    "product_subtype": "EBS",
    "source": "sse.yunhq.sh1.snap",
    "retrieved_at": "2026-08-17T10:41:54.471219+08:00"
  },
  "account_feasibility": {
    "reference_account_cny": 20000.0,
    "creation_unit_notional_cny": 4266900.0,
    "can_directly_create_or_redeem": false,
    "intended_use": "只用PCF和IOPV观察一级市场吸收状态，在二级市场交易510300"
  },
  "storage": {
    "pcf": {
      "file": "data/raw/primary_market/510300_pcf_daily.parquet",
      "row_count": 3,
      "first_key": "2026-08-13",
      "last_key": "2026-08-17",
      "sha256": "5b07ef24cc244d40afc8eb241ee183f2181026aa2f7b920cc6f9b3813ac40302"
    },
    "iopv": {
      "file": "data/raw/primary_market/510300_iopv_snapshots.parquet",
      "row_count": 73,
      "first_key": "2026-08-13 16:29:06",
      "last_key": "2026-08-17 10:41:54",
      "sha256": "9b921205c87fad942334fb17c293aae7fa023f0363d9955bcc55130bca0e2837"
    }
  },
  "raw_response_files": [
    "data/raw/primary_market/raw/iopv/20260817/20260817T104153_291664+0800.json"
  ],
  "governance": {
    "use_as_trading_signal": false,
    "automatic_ordering_authorized": false,
    "note": "当前只采集和纸面验证；未通过前向门槛前不得映射实盘仓位。"
  }
}
{
  "status": "PASS",
  "checked_at": "2026-08-17T10:42:57.166697+08:00",
  "collector": {
    "collector_id": "510300_PRIMARY_SECONDARY_FORWARD_V1",
    "symbol": "510300.SH",
    "fund_code": "510300",
    "timezone": "Asia/Shanghai",
    "timeout_seconds": 15,
    "observation_interval_seconds": 60,
    "collection_start_time": "09:30:00",
    "collection_end_time": "15:00:00",
    "collection_sessions": [
      [
        "09:30:00",
        "11:30:00"
      ],
      [
        "13:00:00",
        "15:00:00"
      ]
    ],
    "evidence_scope": "仅从实际接入日起的前向数据，不回填历史IOPV"
  },
  "checks": {
    "same_fund_code": true,
    "same_trade_date": true,
    "iopv_publication_enabled": true,
    "positive_iopv": true,
    "positive_last_price": true,
    "positive_creation_unit": true,
    "snapshot_fresh_during_collection_session": true
  },
  "freshness": {
    "during_collection_session": true,
    "clock_delay_seconds": 0.166697,
    "maximum_allowed_seconds_during_session": 180.0
  },
  "latest_pcf": {
    "trading_day": "2026-08-17",
    "previous_trading_day": "2026-08-14",
    "fund_code": "510300",
    "fund_name": "华泰柏瑞沪深300交易型开放式指数证券投资基金",
    "fund_company": "华泰柏瑞基金管理有限公司",
    "file_id": "1463187",
    "etf_type": "8",
    "nav": 4.7282,
    "nav_per_creation_unit": 4255390.17,
    "previous_cash_component": 105384.17,
    "estimated_cash_component": 107458.17,
    "maximum_cash_ratio": 0.5,
    "creation_redemption_unit": 900000,
    "component_count": 300,
    "publish_iopv": true,
    "creation_redemption_status": "申购和赎回皆允许",
    "creation_redemption_mechanism": "1",
    "creation_limit": null,
    "redemption_limit": 3600000000.0,
    "net_creation_limit": null,
    "net_redemption_limit": null,
    "creation_limit_per_account": null,
    "redemption_limit_per_account": null,
    "net_creation_limit_per_account": null,
    "net_redemption_limit_per_account": null,
    "source": "sse.COMMON_SSE_CP_JJLB_ETFJJGK_GGSGSHQD_JBXX_C",
    "retrieved_at": "2026-08-17T09:30:09.574575+08:00"
  },
  "latest_iopv": {
    "exchange_timestamp": "2026-08-17 10:42:57",
    "trade_date": "2026-08-17",
    "fund_code": "510300",
    "name": "300ETF",
    "extended_name": "沪深300ETF华泰柏瑞",
    "last_price": 4.741,
    "iopv": 4.7453,
    "premium_discount_bps": -9.061597791499842,
    "change_rate_pct": 0.32,
    "change_cny": 0.015,
    "open": 4.73,
    "previous_close": 4.726,
    "high": 4.744,
    "low": 4.725,
    "volume_shares": 182483486.0,
    "amount_cny": 864118023.0,
    "trade_phase_raw": "T111    ",
    "post_close_volume_shares": 0.0,
    "post_close_amount_cny": 0.0,
    "post_close_phase_raw": "A1      ",
    "product_subtype": "EBS",
    "source": "sse.yunhq.sh1.snap",
    "retrieved_at": "2026-08-17T10:42:57.131653+08:00"
  },
  "account_feasibility": {
    "reference_account_cny": 20000.0,
    "creation_unit_notional_cny": 4266900.0,
    "can_directly_create_or_redeem": false,
    "intended_use": "只用PCF和IOPV观察一级市场吸收状态，在二级市场交易510300"
  },
  "storage": {
    "pcf": {
      "file": "data/raw/primary_market/510300_pcf_daily.parquet",
      "row_count": 3,
      "first_key": "2026-08-13",
      "last_key": "2026-08-17",
      "sha256": "5b07ef24cc244d40afc8eb241ee183f2181026aa2f7b920cc6f9b3813ac40302"
    },
    "iopv": {
      "file": "data/raw/primary_market/510300_iopv_snapshots.parquet",
      "row_count": 74,
      "first_key": "2026-08-13 16:29:06",
      "last_key": "2026-08-17 10:42:57",
      "sha256": "2e72acab961505225ac60a027865d6fedc0893627f8274e9985ee8c762b07187"
    }
  },
  "raw_response_files": [
    "data/raw/primary_market/raw/iopv/20260817/20260817T104254_513433+0800.json"
  ],
  "governance": {
    "use_as_trading_signal": false,
    "automatic_ordering_authorized": false,
    "note": "当前只采集和纸面验证；未通过前向门槛前不得映射实盘仓位。"
  }
}
{
  "status": "PASS",
  "checked_at": "2026-08-17T10:43:59.089582+08:00",
  "collector": {
    "collector_id": "510300_PRIMARY_SECONDARY_FORWARD_V1",
    "symbol": "510300.SH",
    "fund_code": "510300",
    "timezone": "Asia/Shanghai",
    "timeout_seconds": 15,
    "observation_interval_seconds": 60,
    "collection_start_time": "09:30:00",
    "collection_end_time": "15:00:00",
    "collection_sessions": [
      [
        "09:30:00",
        "11:30:00"
      ],
      [
        "13:00:00",
        "15:00:00"
      ]
    ],
    "evidence_scope": "仅从实际接入日起的前向数据，不回填历史IOPV"
  },
  "checks": {
    "same_fund_code": true,
    "same_trade_date": true,
    "iopv_publication_enabled": true,
    "positive_iopv": true,
    "positive_last_price": true,
    "positive_creation_unit": true,
    "snapshot_fresh_during_collection_session": true
  },
  "freshness": {
    "during_collection_session": true,
    "clock_delay_seconds": 0.089582,
    "maximum_allowed_seconds_during_session": 180.0
  },
  "latest_pcf": {
    "trading_day": "2026-08-17",
    "previous_trading_day": "2026-08-14",
    "fund_code": "510300",
    "fund_name": "华泰柏瑞沪深300交易型开放式指数证券投资基金",
    "fund_company": "华泰柏瑞基金管理有限公司",
    "file_id": "1463187",
    "etf_type": "8",
    "nav": 4.7282,
    "nav_per_creation_unit": 4255390.17,
    "previous_cash_component": 105384.17,
    "estimated_cash_component": 107458.17,
    "maximum_cash_ratio": 0.5,
    "creation_redemption_unit": 900000,
    "component_count": 300,
    "publish_iopv": true,
    "creation_redemption_status": "申购和赎回皆允许",
    "creation_redemption_mechanism": "1",
    "creation_limit": null,
    "redemption_limit": 3600000000.0,
    "net_creation_limit": null,
    "net_redemption_limit": null,
    "creation_limit_per_account": null,
    "redemption_limit_per_account": null,
    "net_creation_limit_per_account": null,
    "net_redemption_limit_per_account": null,
    "source": "sse.COMMON_SSE_CP_JJLB_ETFJJGK_GGSGSHQD_JBXX_C",
    "retrieved_at": "2026-08-17T09:30:09.574575+08:00"
  },
  "latest_iopv": {
    "exchange_timestamp": "2026-08-17 10:43:59",
    "trade_date": "2026-08-17",
    "fund_code": "510300",
    "name": "300ETF",
    "extended_name": "沪深300ETF华泰柏瑞",
    "last_price": 4.743,
    "iopv": 4.7453,
    "premium_discount_bps": -4.846901144289761,
    "change_rate_pct": 0.36,
    "change_cny": 0.017,
    "open": 4.73,
    "previous_close": 4.726,
    "high": 4.744,
    "low": 4.725,
    "volume_shares": 183522886.0,
    "amount_cny": 869047418.0,
    "trade_phase_raw": "T111    ",
    "post_close_volume_shares": 0.0,
    "post_close_amount_cny": 0.0,
    "post_close_phase_raw": "A1      ",
    "product_subtype": "EBS",
    "source": "sse.yunhq.sh1.snap",
    "retrieved_at": "2026-08-17T10:43:59.052778+08:00"
  },
  "account_feasibility": {
    "reference_account_cny": 20000.0,
    "creation_unit_notional_cny": 4268700.0,
    "can_directly_create_or_redeem": false,
    "intended_use": "只用PCF和IOPV观察一级市场吸收状态，在二级市场交易510300"
  },
  "storage": {
    "pcf": {
      "file": "data/raw/primary_market/510300_pcf_daily.parquet",
      "row_count": 3,
      "first_key": "2026-08-13",
      "last_key": "2026-08-17",
      "sha256": "5b07ef24cc244d40afc8eb241ee183f2181026aa2f7b920cc6f9b3813ac40302"
    },
    "iopv": {
      "file": "data/raw/primary_market/510300_iopv_snapshots.parquet",
      "row_count": 75,
      "first_key": "2026-08-13 16:29:06",
      "last_key": "2026-08-17 10:43:59",
      "sha256": "490fb4d42a5c755784e1565d0b6fc603aaaa4f0a041e0eef32e8cccbcb170de0"
    }
  },
  "raw_response_files": [
    "data/raw/primary_market/raw/iopv/20260817/20260817T104357_168936+0800.json"
  ],
  "governance": {
    "use_as_trading_signal": false,
    "automatic_ordering_authorized": false,
    "note": "当前只采集和纸面验证；未通过前向门槛前不得映射实盘仓位。"
  }
}
{
  "status": "PASS",
  "checked_at": "2026-08-17T10:45:00.417667+08:00",
  "collector": {
    "collector_id": "510300_PRIMARY_SECONDARY_FORWARD_V1",
    "symbol": "510300.SH",
    "fund_code": "510300",
    "timezone": "Asia/Shanghai",
    "timeout_seconds": 15,
    "observation_interval_seconds": 60,
    "collection_start_time": "09:30:00",
    "collection_end_time": "15:00:00",
    "collection_sessions": [
      [
        "09:30:00",
        "11:30:00"
      ],
      [
        "13:00:00",
        "15:00:00"
      ]
    ],
    "evidence_scope": "仅从实际接入日起的前向数据，不回填历史IOPV"
  },
  "checks": {
    "same_fund_code": true,
    "same_trade_date": true,
    "iopv_publication_enabled": true,
    "positive_iopv": true,
    "positive_last_price": true,
    "positive_creation_unit": true,
    "snapshot_fresh_during_collection_session": true
  },
  "freshness": {
    "during_collection_session": true,
    "clock_delay_seconds": 0.417667,
    "maximum_allowed_seconds_during_session": 180.0
  },
  "latest_pcf": {
    "trading_day": "2026-08-17",
    "previous_trading_day": "2026-08-14",
    "fund_code": "510300",
    "fund_name": "华泰柏瑞沪深300交易型开放式指数证券投资基金",
    "fund_company": "华泰柏瑞基金管理有限公司",
    "file_id": "1463187",
    "etf_type": "8",
    "nav": 4.7282,
    "nav_per_creation_unit": 4255390.17,
    "previous_cash_component": 105384.17,
    "estimated_cash_component": 107458.17,
    "maximum_cash_ratio": 0.5,
    "creation_redemption_unit": 900000,
    "component_count": 300,
    "publish_iopv": true,
    "creation_redemption_status": "申购和赎回皆允许",
    "creation_redemption_mechanism": "1",
    "creation_limit": null,
    "redemption_limit": 3600000000.0,
    "net_creation_limit": null,
    "net_redemption_limit": null,
    "creation_limit_per_account": null,
    "redemption_limit_per_account": null,
    "net_creation_limit_per_account": null,
    "net_redemption_limit_per_account": null,
    "source": "sse.COMMON_SSE_CP_JJLB_ETFJJGK_GGSGSHQD_JBXX_C",
    "retrieved_at": "2026-08-17T09:30:09.574575+08:00"
  },
  "latest_iopv": {
    "exchange_timestamp": "2026-08-17 10:45:00",
    "trade_date": "2026-08-17",
    "fund_code": "510300",
    "name": "300ETF",
    "extended_name": "沪深300ETF华泰柏瑞",
    "last_price": 4.746,
    "iopv": 4.7481,
    "premium_discount_bps": -4.422821760282636,
    "change_rate_pct": 0.42,
    "change_cny": 0.02,
    "open": 4.73,
    "previous_close": 4.726,
    "high": 4.747,
    "low": 4.725,
    "volume_shares": 194322286.0,
    "amount_cny": 920281754.0,
    "trade_phase_raw": "T111    ",
    "post_close_volume_shares": 0.0,
    "post_close_amount_cny": 0.0,
    "post_close_phase_raw": "A1      ",
    "product_subtype": "EBS",
    "source": "sse.yunhq.sh1.snap",
    "retrieved_at": "2026-08-17T10:45:00.379389+08:00"
  },
  "account_feasibility": {
    "reference_account_cny": 20000.0,
    "creation_unit_notional_cny": 4271400.0,
    "can_directly_create_or_redeem": false,
    "intended_use": "只用PCF和IOPV观察一级市场吸收状态，在二级市场交易510300"
  },
  "storage": {
    "pcf": {
      "file": "data/raw/primary_market/510300_pcf_daily.parquet",
      "row_count": 3,
      "first_key": "2026-08-13",
      "last_key": "2026-08-17",
      "sha256": "5b07ef24cc244d40afc8eb241ee183f2181026aa2f7b920cc6f9b3813ac40302"
    },
    "iopv": {
      "file": "data/raw/primary_market/510300_iopv_snapshots.parquet",
      "row_count": 76,
      "first_key": "2026-08-13 16:29:06",
      "last_key": "2026-08-17 10:45:00",
      "sha256": "f1e6aad4d1cf77d37d9b5f18d9cba4fa51d2bff777f352c6b0b0c7016617c3b6"
    }
  },
  "raw_response_files": [
    "data/raw/primary_market/raw/iopv/20260817/20260817T104459_090924+0800.json"
  ],
  "governance": {
    "use_as_trading_signal": false,
    "automatic_ordering_authorized": false,
    "note": "当前只采集和纸面验证；未通过前向门槛前不得映射实盘仓位。"
  }
}
{
  "status": "PASS",
  "checked_at": "2026-08-17T10:46:01.676042+08:00",
  "collector": {
    "collector_id": "510300_PRIMARY_SECONDARY_FORWARD_V1",
    "symbol": "510300.SH",
    "fund_code": "510300",
    "timezone": "Asia/Shanghai",
    "timeout_seconds": 15,
    "observation_interval_seconds": 60,
    "collection_start_time": "09:30:00",
    "collection_end_time": "15:00:00",
    "collection_sessions": [
      [
        "09:30:00",
        "11:30:00"
      ],
      [
        "13:00:00",
        "15:00:00"
      ]
    ],
    "evidence_scope": "仅从实际接入日起的前向数据，不回填历史IOPV"
  },
  "checks": {
    "same_fund_code": true,
    "same_trade_date": true,
    "iopv_publication_enabled": true,
    "positive_iopv": true,
    "positive_last_price": true,
    "positive_creation_unit": true,
    "snapshot_fresh_during_collection_session": true
  },
  "freshness": {
    "during_collection_session": true,
    "clock_delay_seconds": 0.676042,
    "maximum_allowed_seconds_during_session": 180.0
  },
  "latest_pcf": {
    "trading_day": "2026-08-17",
    "previous_trading_day": "2026-08-14",
    "fund_code": "510300",
    "fund_name": "华泰柏瑞沪深300交易型开放式指数证券投资基金",
    "fund_company": "华泰柏瑞基金管理有限公司",
    "file_id": "1463187",
    "etf_type": "8",
    "nav": 4.7282,
    "nav_per_creation_unit": 4255390.17,
    "previous_cash_component": 105384.17,
    "estimated_cash_component": 107458.17,
    "maximum_cash_ratio": 0.5,
    "creation_redemption_unit": 900000,
    "component_count": 300,
    "publish_iopv": true,
    "creation_redemption_status": "申购和赎回皆允许",
    "creation_redemption_mechanism": "1",
    "creation_limit": null,
    "redemption_limit": 3600000000.0,
    "net_creation_limit": null,
    "net_redemption_limit": null,
    "creation_limit_per_account": null,
    "redemption_limit_per_account": null,
    "net_creation_limit_per_account": null,
    "net_redemption_limit_per_account": null,
    "source": "sse.COMMON_SSE_CP_JJLB_ETFJJGK_GGSGSHQD_JBXX_C",
    "retrieved_at": "2026-08-17T09:30:09.574575+08:00"
  },
  "latest_iopv": {
    "exchange_timestamp": "2026-08-17 10:46:01",
    "trade_date": "2026-08-17",
    "fund_code": "510300",
    "name": "300ETF",
    "extended_name": "沪深300ETF华泰柏瑞",
    "last_price": 4.746,
    "iopv": 4.7476,
    "premium_discount_bps": -3.3701238520511545,
    "change_rate_pct": 0.42,
    "change_cny": 0.02,
    "open": 4.73,
    "previous_close": 4.726,
    "high": 4.747,
    "low": 4.725,
    "volume_shares": 195688386.0,
    "amount_cny": 926765071.0,
    "trade_phase_raw": "T111    ",
    "post_close_volume_shares": 0.0,
    "post_close_amount_cny": 0.0,
    "post_close_phase_raw": "A1      ",
    "product_subtype": "EBS",
    "source": "sse.yunhq.sh1.snap",
    "retrieved_at": "2026-08-17T10:46:01.647738+08:00"
  },
  "account_feasibility": {
    "reference_account_cny": 20000.0,
    "creation_unit_notional_cny": 4271400.0,
    "can_directly_create_or_redeem": false,
    "intended_use": "只用PCF和IOPV观察一级市场吸收状态，在二级市场交易510300"
  },
  "storage": {
    "pcf": {
      "file": "data/raw/primary_market/510300_pcf_daily.parquet",
      "row_count": 3,
      "first_key": "2026-08-13",
      "last_key": "2026-08-17",
      "sha256": "5b07ef24cc244d40afc8eb241ee183f2181026aa2f7b920cc6f9b3813ac40302"
    },
    "iopv": {
      "file": "data/raw/primary_market/510300_iopv_snapshots.parquet",
      "row_count": 77,
      "first_key": "2026-08-13 16:29:06",
      "last_key": "2026-08-17 10:46:01",
      "sha256": "22351961bb441e516447bb177d08c97ebf30f1a658a1c8bebbed181bdb9f1e0f"
    }
  },
  "raw_response_files": [
    "data/raw/primary_market/raw/iopv/20260817/20260817T104600_419754+0800.json"
  ],
  "governance": {
    "use_as_trading_signal": false,
    "automatic_ordering_authorized": false,
    "note": "当前只采集和纸面验证；未通过前向门槛前不得映射实盘仓位。"
  }
}
{
  "status": "PASS",
  "checked_at": "2026-08-17T10:47:02.866160+08:00",
  "collector": {
    "collector_id": "510300_PRIMARY_SECONDARY_FORWARD_V1",
    "symbol": "510300.SH",
    "fund_code": "510300",
    "timezone": "Asia/Shanghai",
    "timeout_seconds": 15,
    "observation_interval_seconds": 60,
    "collection_start_time": "09:30:00",
    "collection_end_time": "15:00:00",
    "collection_sessions": [
      [
        "09:30:00",
        "11:30:00"
      ],
      [
        "13:00:00",
        "15:00:00"
      ]
    ],
    "evidence_scope": "仅从实际接入日起的前向数据，不回填历史IOPV"
  },
  "checks": {
    "same_fund_code": true,
    "same_trade_date": true,
    "iopv_publication_enabled": true,
    "positive_iopv": true,
    "positive_last_price": true,
    "positive_creation_unit": true,
    "snapshot_fresh_during_collection_session": true
  },
  "freshness": {
    "during_collection_session": true,
    "clock_delay_seconds": 0.86616,
    "maximum_allowed_seconds_during_session": 180.0
  },
  "latest_pcf": {
    "trading_day": "2026-08-17",
    "previous_trading_day": "2026-08-14",
    "fund_code": "510300",
    "fund_name": "华泰柏瑞沪深300交易型开放式指数证券投资基金",
    "fund_company": "华泰柏瑞基金管理有限公司",
    "file_id": "1463187",
    "etf_type": "8",
    "nav": 4.7282,
    "nav_per_creation_unit": 4255390.17,
    "previous_cash_component": 105384.17,
    "estimated_cash_component": 107458.17,
    "maximum_cash_ratio": 0.5,
    "creation_redemption_unit": 900000,
    "component_count": 300,
    "publish_iopv": true,
    "creation_redemption_status": "申购和赎回皆允许",
    "creation_redemption_mechanism": "1",
    "creation_limit": null,
    "redemption_limit": 3600000000.0,
    "net_creation_limit": null,
    "net_redemption_limit": null,
    "creation_limit_per_account": null,
    "redemption_limit_per_account": null,
    "net_creation_limit_per_account": null,
    "net_redemption_limit_per_account": null,
    "source": "sse.COMMON_SSE_CP_JJLB_ETFJJGK_GGSGSHQD_JBXX_C",
    "retrieved_at": "2026-08-17T09:30:09.574575+08:00"
  },
  "latest_iopv": {
    "exchange_timestamp": "2026-08-17 10:47:02",
    "trade_date": "2026-08-17",
    "fund_code": "510300",
    "name": "300ETF",
    "extended_name": "沪深300ETF华泰柏瑞",
    "last_price": 4.748,
    "iopv": 4.7501,
    "premium_discount_bps": -4.420959558745219,
    "change_rate_pct": 0.47,
    "change_cny": 0.022,
    "open": 4.73,
    "previous_close": 4.726,
    "high": 4.749,
    "low": 4.725,
    "volume_shares": 201892086.0,
    "amount_cny": 956217030.0,
    "trade_phase_raw": "T111    ",
    "post_close_volume_shares": 0.0,
    "post_close_amount_cny": 0.0,
    "post_close_phase_raw": "A1      ",
    "product_subtype": "EBS",
    "source": "sse.yunhq.sh1.snap",
    "retrieved_at": "2026-08-17T10:47:02.833484+08:00"
  },
  "account_feasibility": {
    "reference_account_cny": 20000.0,
    "creation_unit_notional_cny": 4273200.0,
    "can_directly_create_or_redeem": false,
    "intended_use": "只用PCF和IOPV观察一级市场吸收状态，在二级市场交易510300"
  },
  "storage": {
    "pcf": {
      "file": "data/raw/primary_market/510300_pcf_daily.parquet",
      "row_count": 3,
      "first_key": "2026-08-13",
      "last_key": "2026-08-17",
      "sha256": "5b07ef24cc244d40afc8eb241ee183f2181026aa2f7b920cc6f9b3813ac40302"
    },
    "iopv": {
      "file": "data/raw/primary_market/510300_iopv_snapshots.parquet",
      "row_count": 78,
      "first_key": "2026-08-13 16:29:06",
      "last_key": "2026-08-17 10:47:02",
      "sha256": "00fd437a2307802e40193959ed239af2303b53ff866a294b690f115c5798babe"
    }
  },
  "raw_response_files": [
    "data/raw/primary_market/raw/iopv/20260817/20260817T104701_678146+0800.json"
  ],
  "governance": {
    "use_as_trading_signal": false,
    "automatic_ordering_authorized": false,
    "note": "当前只采集和纸面验证；未通过前向门槛前不得映射实盘仓位。"
  }
}
{
  "status": "PASS",
  "checked_at": "2026-08-17T10:48:04.231215+08:00",
  "collector": {
    "collector_id": "510300_PRIMARY_SECONDARY_FORWARD_V1",
    "symbol": "510300.SH",
    "fund_code": "510300",
    "timezone": "Asia/Shanghai",
    "timeout_seconds": 15,
    "observation_interval_seconds": 60,
    "collection_start_time": "09:30:00",
    "collection_end_time": "15:00:00",
    "collection_sessions": [
      [
        "09:30:00",
        "11:30:00"
      ],
      [
        "13:00:00",
        "15:00:00"
      ]
    ],
    "evidence_scope": "仅从实际接入日起的前向数据，不回填历史IOPV"
  },
  "checks": {
    "same_fund_code": true,
    "same_trade_date": true,
    "iopv_publication_enabled": true,
    "positive_iopv": true,
    "positive_last_price": true,
    "positive_creation_unit": true,
    "snapshot_fresh_during_collection_session": true
  },
  "freshness": {
    "during_collection_session": true,
    "clock_delay_seconds": 0.231215,
    "maximum_allowed_seconds_during_session": 180.0
  },
  "latest_pcf": {
    "trading_day": "2026-08-17",
    "previous_trading_day": "2026-08-14",
    "fund_code": "510300",
    "fund_name": "华泰柏瑞沪深300交易型开放式指数证券投资基金",
    "fund_company": "华泰柏瑞基金管理有限公司",
    "file_id": "1463187",
    "etf_type": "8",
    "nav": 4.7282,
    "nav_per_creation_unit": 4255390.17,
    "previous_cash_component": 105384.17,
    "estimated_cash_component": 107458.17,
    "maximum_cash_ratio": 0.5,
    "creation_redemption_unit": 900000,
    "component_count": 300,
    "publish_iopv": true,
    "creation_redemption_status": "申购和赎回皆允许",
    "creation_redemption_mechanism": "1",
    "creation_limit": null,
    "redemption_limit": 3600000000.0,
    "net_creation_limit": null,
    "net_redemption_limit": null,
    "creation_limit_per_account": null,
    "redemption_limit_per_account": null,
    "net_creation_limit_per_account": null,
    "net_redemption_limit_per_account": null,
    "source": "sse.COMMON_SSE_CP_JJLB_ETFJJGK_GGSGSHQD_JBXX_C",
    "retrieved_at": "2026-08-17T09:30:09.574575+08:00"
  },
  "latest_iopv": {
    "exchange_timestamp": "2026-08-17 10:48:04",
    "trade_date": "2026-08-17",
    "fund_code": "510300",
    "name": "300ETF",
    "extended_name": "沪深300ETF华泰柏瑞",
    "last_price": 4.749,
    "iopv": 4.7523,
    "premium_discount_bps": -6.944006060224384,
    "change_rate_pct": 0.49,
    "change_cny": 0.023,
    "open": 4.73,
    "previous_close": 4.726,
    "high": 4.75,
    "low": 4.725,
    "volume_shares": 206093486.0,
    "amount_cny": 976169578.0,
    "trade_phase_raw": "T111    ",
    "post_close_volume_shares": 0.0,
    "post_close_amount_cny": 0.0,
    "post_close_phase_raw": "A1      ",
    "product_subtype": "EBS",
    "source": "sse.yunhq.sh1.snap",
    "retrieved_at": "2026-08-17T10:48:04.191919+08:00"
  },
  "account_feasibility": {
    "reference_account_cny": 20000.0,
    "creation_unit_notional_cny": 4274100.0,
    "can_directly_create_or_redeem": false,
    "intended_use": "只用PCF和IOPV观察一级市场吸收状态，在二级市场交易510300"
  },
  "storage": {
    "pcf": {
      "file": "data/raw/primary_market/510300_pcf_daily.parquet",
      "row_count": 3,
      "first_key": "2026-08-13",
      "last_key": "2026-08-17",
      "sha256": "5b07ef24cc244d40afc8eb241ee183f2181026aa2f7b920cc6f9b3813ac40302"
    },
    "iopv": {
      "file": "data/raw/primary_market/510300_iopv_snapshots.parquet",
      "row_count": 79,
      "first_key": "2026-08-13 16:29:06",
      "last_key": "2026-08-17 10:48:04",
      "sha256": "48bbff1202b23a54fb73adc2dfc43e0a5ed9f50f562301e8b8f839019a131d5c"
    }
  },
  "raw_response_files": [
    "data/raw/primary_market/raw/iopv/20260817/20260817T104802_868165+0800.json"
  ],
  "governance": {
    "use_as_trading_signal": false,
    "automatic_ordering_authorized": false,
    "note": "当前只采集和纸面验证；未通过前向门槛前不得映射实盘仓位。"
  }
}
{
  "status": "PASS",
  "checked_at": "2026-08-17T10:49:05.548008+08:00",
  "collector": {
    "collector_id": "510300_PRIMARY_SECONDARY_FORWARD_V1",
    "symbol": "510300.SH",
    "fund_code": "510300",
    "timezone": "Asia/Shanghai",
    "timeout_seconds": 15,
    "observation_interval_seconds": 60,
    "collection_start_time": "09:30:00",
    "collection_end_time": "15:00:00",
    "collection_sessions": [
      [
        "09:30:00",
        "11:30:00"
      ],
      [
        "13:00:00",
        "15:00:00"
      ]
    ],
    "evidence_scope": "仅从实际接入日起的前向数据，不回填历史IOPV"
  },
  "checks": {
    "same_fund_code": true,
    "same_trade_date": true,
    "iopv_publication_enabled": true,
    "positive_iopv": true,
    "positive_last_price": true,
    "positive_creation_unit": true,
    "snapshot_fresh_during_collection_session": true
  },
  "freshness": {
    "during_collection_session": true,
    "clock_delay_seconds": 0.548008,
    "maximum_allowed_seconds_during_session": 180.0
  },
  "latest_pcf": {
    "trading_day": "2026-08-17",
    "previous_trading_day": "2026-08-14",
    "fund_code": "510300",
    "fund_name": "华泰柏瑞沪深300交易型开放式指数证券投资基金",
    "fund_company": "华泰柏瑞基金管理有限公司",
    "file_id": "1463187",
    "etf_type": "8",
    "nav": 4.7282,
    "nav_per_creation_unit": 4255390.17,
    "previous_cash_component": 105384.17,
    "estimated_cash_component": 107458.17,
    "maximum_cash_ratio": 0.5,
    "creation_redemption_unit": 900000,
    "component_count": 300,
    "publish_iopv": true,
    "creation_redemption_status": "申购和赎回皆允许",
    "creation_redemption_mechanism": "1",
    "creation_limit": null,
    "redemption_limit": 3600000000.0,
    "net_creation_limit": null,
    "net_redemption_limit": null,
    "creation_limit_per_account": null,
    "redemption_limit_per_account": null,
    "net_creation_limit_per_account": null,
    "net_redemption_limit_per_account": null,
    "source": "sse.COMMON_SSE_CP_JJLB_ETFJJGK_GGSGSHQD_JBXX_C",
    "retrieved_at": "2026-08-17T09:30:09.574575+08:00"
  },
  "latest_iopv": {
    "exchange_timestamp": "2026-08-17 10:49:05",
    "trade_date": "2026-08-17",
    "fund_code": "510300",
    "name": "300ETF",
    "extended_name": "沪深300ETF华泰柏瑞",
    "last_price": 4.748,
    "iopv": 4.7511,
    "premium_discount_bps": -6.5248047820498645,
    "change_rate_pct": 0.47,
    "change_cny": 0.022,
    "open": 4.73,
    "previous_close": 4.726,
    "high": 4.751,
    "low": 4.725,
    "volume_shares": 210424886.0,
    "amount_cny": 996743509.0,
    "trade_phase_raw": "T111    ",
    "post_close_volume_shares": 0.0,
    "post_close_amount_cny": 0.0,
    "post_close_phase_raw": "A1      ",
    "product_subtype": "EBS",
    "source": "sse.yunhq.sh1.snap",
    "retrieved_at": "2026-08-17T10:49:05.510732+08:00"
  },
  "account_feasibility": {
    "reference_account_cny": 20000.0,
    "creation_unit_notional_cny": 4273200.0,
    "can_directly_create_or_redeem": false,
    "intended_use": "只用PCF和IOPV观察一级市场吸收状态，在二级市场交易510300"
  },
  "storage": {
    "pcf": {
      "file": "data/raw/primary_market/510300_pcf_daily.parquet",
      "row_count": 3,
      "first_key": "2026-08-13",
      "last_key": "2026-08-17",
      "sha256": "5b07ef24cc244d40afc8eb241ee183f2181026aa2f7b920cc6f9b3813ac40302"
    },
    "iopv": {
      "file": "data/raw/primary_market/510300_iopv_snapshots.parquet",
      "row_count": 80,
      "first_key": "2026-08-13 16:29:06",
      "last_key": "2026-08-17 10:49:05",
      "sha256": "ab772612db1925f67fedf2b3b82ceba40196f68f83362e55b4ce56c8a94f69da"
    }
  },
  "raw_response_files": [
    "data/raw/primary_market/raw/iopv/20260817/20260817T104904_232946+0800.json"
  ],
  "governance": {
    "use_as_trading_signal": false,
    "automatic_ordering_authorized": false,
    "note": "当前只采集和纸面验证；未通过前向门槛前不得映射实盘仓位。"
  }
}
{
  "status": "PASS",
  "checked_at": "2026-08-17T10:50:06.807058+08:00",
  "collector": {
    "collector_id": "510300_PRIMARY_SECONDARY_FORWARD_V1",
    "symbol": "510300.SH",
    "fund_code": "510300",
    "timezone": "Asia/Shanghai",
    "timeout_seconds": 15,
    "observation_interval_seconds": 60,
    "collection_start_time": "09:30:00",
    "collection_end_time": "15:00:00",
    "collection_sessions": [
      [
        "09:30:00",
        "11:30:00"
      ],
      [
        "13:00:00",
        "15:00:00"
      ]
    ],
    "evidence_scope": "仅从实际接入日起的前向数据，不回填历史IOPV"
  },
  "checks": {
    "same_fund_code": true,
    "same_trade_date": true,
    "iopv_publication_enabled": true,
    "positive_iopv": true,
    "positive_last_price": true,
    "positive_creation_unit": true,
    "snapshot_fresh_during_collection_session": true
  },
  "freshness": {
    "during_collection_session": true,
    "clock_delay_seconds": 0.807058,
    "maximum_allowed_seconds_during_session": 180.0
  },
  "latest_pcf": {
    "trading_day": "2026-08-17",
    "previous_trading_day": "2026-08-14",
    "fund_code": "510300",
    "fund_name": "华泰柏瑞沪深300交易型开放式指数证券投资基金",
    "fund_company": "华泰柏瑞基金管理有限公司",
    "file_id": "1463187",
    "etf_type": "8",
    "nav": 4.7282,
    "nav_per_creation_unit": 4255390.17,
    "previous_cash_component": 105384.17,
    "estimated_cash_component": 107458.17,
    "maximum_cash_ratio": 0.5,
    "creation_redemption_unit": 900000,
    "component_count": 300,
    "publish_iopv": true,
    "creation_redemption_status": "申购和赎回皆允许",
    "creation_redemption_mechanism": "1",
    "creation_limit": null,
    "redemption_limit": 3600000000.0,
    "net_creation_limit": null,
    "net_redemption_limit": null,
    "creation_limit_per_account": null,
    "redemption_limit_per_account": null,
    "net_creation_limit_per_account": null,
    "net_redemption_limit_per_account": null,
    "source": "sse.COMMON_SSE_CP_JJLB_ETFJJGK_GGSGSHQD_JBXX_C",
    "retrieved_at": "2026-08-17T09:30:09.574575+08:00"
  },
  "latest_iopv": {
    "exchange_timestamp": "2026-08-17 10:50:06",
    "trade_date": "2026-08-17",
    "fund_code": "510300",
    "name": "300ETF",
    "extended_name": "沪深300ETF华泰柏瑞",
    "last_price": 4.748,
    "iopv": 4.7498,
    "premium_discount_bps": -3.789633247713864,
    "change_rate_pct": 0.47,
    "change_cny": 0.022,
    "open": 4.73,
    "previous_close": 4.726,
    "high": 4.751,
    "low": 4.725,
    "volume_shares": 212600686.0,
    "amount_cny": 1007074443.0,
    "trade_phase_raw": "T111    ",
    "post_close_volume_shares": 0.0,
    "post_close_amount_cny": 0.0,
    "post_close_phase_raw": "A1      ",
    "product_subtype": "EBS",
    "source": "sse.yunhq.sh1.snap",
    "retrieved_at": "2026-08-17T10:50:06.770788+08:00"
  },
  "account_feasibility": {
    "reference_account_cny": 20000.0,
    "creation_unit_notional_cny": 4273200.0,
    "can_directly_create_or_redeem": false,
    "intended_use": "只用PCF和IOPV观察一级市场吸收状态，在二级市场交易510300"
  },
  "storage": {
    "pcf": {
      "file": "data/raw/primary_market/510300_pcf_daily.parquet",
      "row_count": 3,
      "first_key": "2026-08-13",
      "last_key": "2026-08-17",
      "sha256": "5b07ef24cc244d40afc8eb241ee183f2181026aa2f7b920cc6f9b3813ac40302"
    },
    "iopv": {
      "file": "data/raw/primary_market/510300_iopv_snapshots.parquet",
      "row_count": 81,
      "first_key": "2026-08-13 16:29:06",
      "last_key": "2026-08-17 10:50:06",
      "sha256": "7db436d906cc3dc00aef91b2dc12488945212e4d1bd2d1a2ca9ec4127559ccc7"
    }
  },
  "raw_response_files": [
    "data/raw/primary_market/raw/iopv/20260817/20260817T105005_549870+0800.json"
  ],
  "governance": {
    "use_as_trading_signal": false,
    "automatic_ordering_authorized": false,
    "note": "当前只采集和纸面验证；未通过前向门槛前不得映射实盘仓位。"
  }
}
{
  "status": "PASS",
  "checked_at": "2026-08-17T10:51:08.032754+08:00",
  "collector": {
    "collector_id": "510300_PRIMARY_SECONDARY_FORWARD_V1",
    "symbol": "510300.SH",
    "fund_code": "510300",
    "timezone": "Asia/Shanghai",
    "timeout_seconds": 15,
    "observation_interval_seconds": 60,
    "collection_start_time": "09:30:00",
    "collection_end_time": "15:00:00",
    "collection_sessions": [
      [
        "09:30:00",
        "11:30:00"
      ],
      [
        "13:00:00",
        "15:00:00"
      ]
    ],
    "evidence_scope": "仅从实际接入日起的前向数据，不回填历史IOPV"
  },
  "checks": {
    "same_fund_code": true,
    "same_trade_date": true,
    "iopv_publication_enabled": true,
    "positive_iopv": true,
    "positive_last_price": true,
    "positive_creation_unit": true,
    "snapshot_fresh_during_collection_session": true
  },
  "freshness": {
    "during_collection_session": true,
    "clock_delay_seconds": 1.032754,
    "maximum_allowed_seconds_during_session": 180.0
  },
  "latest_pcf": {
    "trading_day": "2026-08-17",
    "previous_trading_day": "2026-08-14",
    "fund_code": "510300",
    "fund_name": "华泰柏瑞沪深300交易型开放式指数证券投资基金",
    "fund_company": "华泰柏瑞基金管理有限公司",
    "file_id": "1463187",
    "etf_type": "8",
    "nav": 4.7282,
    "nav_per_creation_unit": 4255390.17,
    "previous_cash_component": 105384.17,
    "estimated_cash_component": 107458.17,
    "maximum_cash_ratio": 0.5,
    "creation_redemption_unit": 900000,
    "component_count": 300,
    "publish_iopv": true,
    "creation_redemption_status": "申购和赎回皆允许",
    "creation_redemption_mechanism": "1",
    "creation_limit": null,
    "redemption_limit": 3600000000.0,
    "net_creation_limit": null,
    "net_redemption_limit": null,
    "creation_limit_per_account": null,
    "redemption_limit_per_account": null,
    "net_creation_limit_per_account": null,
    "net_redemption_limit_per_account": null,
    "source": "sse.COMMON_SSE_CP_JJLB_ETFJJGK_GGSGSHQD_JBXX_C",
    "retrieved_at": "2026-08-17T09:30:09.574575+08:00"
  },
  "latest_iopv": {
    "exchange_timestamp": "2026-08-17 10:51:07",
    "trade_date": "2026-08-17",
    "fund_code": "510300",
    "name": "300ETF",
    "extended_name": "沪深300ETF华泰柏瑞",
    "last_price": 4.75,
    "iopv": 4.7512,
    "premium_discount_bps": -2.5256777235227457,
    "change_rate_pct": 0.51,
    "change_cny": 0.024,
    "open": 4.73,
    "previous_close": 4.726,
    "high": 4.751,
    "low": 4.725,
    "volume_shares": 215648786.0,
    "amount_cny": 1021551634.0,
    "trade_phase_raw": "T111    ",
    "post_close_volume_shares": 0.0,
    "post_close_amount_cny": 0.0,
    "post_close_phase_raw": "A1      ",
    "product_subtype": "EBS",
    "source": "sse.yunhq.sh1.snap",
    "retrieved_at": "2026-08-17T10:51:07.995516+08:00"
  },
  "account_feasibility": {
    "reference_account_cny": 20000.0,
    "creation_unit_notional_cny": 4275000.0,
    "can_directly_create_or_redeem": false,
    "intended_use": "只用PCF和IOPV观察一级市场吸收状态，在二级市场交易510300"
  },
  "storage": {
    "pcf": {
      "file": "data/raw/primary_market/510300_pcf_daily.parquet",
      "row_count": 3,
      "first_key": "2026-08-13",
      "last_key": "2026-08-17",
      "sha256": "5b07ef24cc244d40afc8eb241ee183f2181026aa2f7b920cc6f9b3813ac40302"
    },
    "iopv": {
      "file": "data/raw/primary_market/510300_iopv_snapshots.parquet",
      "row_count": 82,
      "first_key": "2026-08-13 16:29:06",
      "last_key": "2026-08-17 10:51:07",
      "sha256": "fb910ca684bd077af0faa3126820053dfc4ddd45a47d892ec8d5fafc38afe23e"
    }
  },
  "raw_response_files": [
    "data/raw/primary_market/raw/iopv/20260817/20260817T105106_808936+0800.json"
  ],
  "governance": {
    "use_as_trading_signal": false,
    "automatic_ordering_authorized": false,
    "note": "当前只采集和纸面验证；未通过前向门槛前不得映射实盘仓位。"
  }
}
{
  "status": "PASS",
  "checked_at": "2026-08-17T10:52:09.283019+08:00",
  "collector": {
    "collector_id": "510300_PRIMARY_SECONDARY_FORWARD_V1",
    "symbol": "510300.SH",
    "fund_code": "510300",
    "timezone": "Asia/Shanghai",
    "timeout_seconds": 15,
    "observation_interval_seconds": 60,
    "collection_start_time": "09:30:00",
    "collection_end_time": "15:00:00",
    "collection_sessions": [
      [
        "09:30:00",
        "11:30:00"
      ],
      [
        "13:00:00",
        "15:00:00"
      ]
    ],
    "evidence_scope": "仅从实际接入日起的前向数据，不回填历史IOPV"
  },
  "checks": {
    "same_fund_code": true,
    "same_trade_date": true,
    "iopv_publication_enabled": true,
    "positive_iopv": true,
    "positive_last_price": true,
    "positive_creation_unit": true,
    "snapshot_fresh_during_collection_session": true
  },
  "freshness": {
    "during_collection_session": true,
    "clock_delay_seconds": 0.283019,
    "maximum_allowed_seconds_during_session": 180.0
  },
  "latest_pcf": {
    "trading_day": "2026-08-17",
    "previous_trading_day": "2026-08-14",
    "fund_code": "510300",
    "fund_name": "华泰柏瑞沪深300交易型开放式指数证券投资基金",
    "fund_company": "华泰柏瑞基金管理有限公司",
    "file_id": "1463187",
    "etf_type": "8",
    "nav": 4.7282,
    "nav_per_creation_unit": 4255390.17,
    "previous_cash_component": 105384.17,
    "estimated_cash_component": 107458.17,
    "maximum_cash_ratio": 0.5,
    "creation_redemption_unit": 900000,
    "component_count": 300,
    "publish_iopv": true,
    "creation_redemption_status": "申购和赎回皆允许",
    "creation_redemption_mechanism": "1",
    "creation_limit": null,
    "redemption_limit": 3600000000.0,
    "net_creation_limit": null,
    "net_redemption_limit": null,
    "creation_limit_per_account": null,
    "redemption_limit_per_account": null,
    "net_creation_limit_per_account": null,
    "net_redemption_limit_per_account": null,
    "source": "sse.COMMON_SSE_CP_JJLB_ETFJJGK_GGSGSHQD_JBXX_C",
    "retrieved_at": "2026-08-17T09:30:09.574575+08:00"
  },
  "latest_iopv": {
    "exchange_timestamp": "2026-08-17 10:52:09",
    "trade_date": "2026-08-17",
    "fund_code": "510300",
    "name": "300ETF",
    "extended_name": "沪深300ETF华泰柏瑞",
    "last_price": 4.752,
    "iopv": 4.7543,
    "premium_discount_bps": -4.8377258481790975,
    "change_rate_pct": 0.55,
    "change_cny": 0.026,
    "open": 4.73,
    "previous_close": 4.726,
    "high": 4.752,
    "low": 4.725,
    "volume_shares": 218611886.0,
    "amount_cny": 1035630765.0,
    "trade_phase_raw": "T111    ",
    "post_close_volume_shares": 0.0,
    "post_close_amount_cny": 0.0,
    "post_close_phase_raw": "A1      ",
    "product_subtype": "EBS",
    "source": "sse.yunhq.sh1.snap",
    "retrieved_at": "2026-08-17T10:52:09.242808+08:00"
  },
  "account_feasibility": {
    "reference_account_cny": 20000.0,
    "creation_unit_notional_cny": 4276800.0,
    "can_directly_create_or_redeem": false,
    "intended_use": "只用PCF和IOPV观察一级市场吸收状态，在二级市场交易510300"
  },
  "storage": {
    "pcf": {
      "file": "data/raw/primary_market/510300_pcf_daily.parquet",
      "row_count": 3,
      "first_key": "2026-08-13",
      "last_key": "2026-08-17",
      "sha256": "5b07ef24cc244d40afc8eb241ee183f2181026aa2f7b920cc6f9b3813ac40302"
    },
    "iopv": {
      "file": "data/raw/primary_market/510300_iopv_snapshots.parquet",
      "row_count": 83,
      "first_key": "2026-08-13 16:29:06",
      "last_key": "2026-08-17 10:52:09",
      "sha256": "cfbba905f1b8b0942faf3621d333bc17b3dfb85807fe806c3419ba7648dd404a"
    }
  },
  "raw_response_files": [
    "data/raw/primary_market/raw/iopv/20260817/20260817T105208_035722+0800.json"
  ],
  "governance": {
    "use_as_trading_signal": false,
    "automatic_ordering_authorized": false,
    "note": "当前只采集和纸面验证；未通过前向门槛前不得映射实盘仓位。"
  }
}
{
  "status": "PASS",
  "checked_at": "2026-08-17T10:53:10.566078+08:00",
  "collector": {
    "collector_id": "510300_PRIMARY_SECONDARY_FORWARD_V1",
    "symbol": "510300.SH",
    "fund_code": "510300",
    "timezone": "Asia/Shanghai",
    "timeout_seconds": 15,
    "observation_interval_seconds": 60,
    "collection_start_time": "09:30:00",
    "collection_end_time": "15:00:00",
    "collection_sessions": [
      [
        "09:30:00",
        "11:30:00"
      ],
      [
        "13:00:00",
        "15:00:00"
      ]
    ],
    "evidence_scope": "仅从实际接入日起的前向数据，不回填历史IOPV"
  },
  "checks": {
    "same_fund_code": true,
    "same_trade_date": true,
    "iopv_publication_enabled": true,
    "positive_iopv": true,
    "positive_last_price": true,
    "positive_creation_unit": true,
    "snapshot_fresh_during_collection_session": true
  },
  "freshness": {
    "during_collection_session": true,
    "clock_delay_seconds": 0.566078,
    "maximum_allowed_seconds_during_session": 180.0
  },
  "latest_pcf": {
    "trading_day": "2026-08-17",
    "previous_trading_day": "2026-08-14",
    "fund_code": "510300",
    "fund_name": "华泰柏瑞沪深300交易型开放式指数证券投资基金",
    "fund_company": "华泰柏瑞基金管理有限公司",
    "file_id": "1463187",
    "etf_type": "8",
    "nav": 4.7282,
    "nav_per_creation_unit": 4255390.17,
    "previous_cash_component": 105384.17,
    "estimated_cash_component": 107458.17,
    "maximum_cash_ratio": 0.5,
    "creation_redemption_unit": 900000,
    "component_count": 300,
    "publish_iopv": true,
    "creation_redemption_status": "申购和赎回皆允许",
    "creation_redemption_mechanism": "1",
    "creation_limit": null,
    "redemption_limit": 3600000000.0,
    "net_creation_limit": null,
    "net_redemption_limit": null,
    "creation_limit_per_account": null,
    "redemption_limit_per_account": null,
    "net_creation_limit_per_account": null,
    "net_redemption_limit_per_account": null,
    "source": "sse.COMMON_SSE_CP_JJLB_ETFJJGK_GGSGSHQD_JBXX_C",
    "retrieved_at": "2026-08-17T09:30:09.574575+08:00"
  },
  "latest_iopv": {
    "exchange_timestamp": "2026-08-17 10:53:10",
    "trade_date": "2026-08-17",
    "fund_code": "510300",
    "name": "300ETF",
    "extended_name": "沪深300ETF华泰柏瑞",
    "last_price": 4.751,
    "iopv": 4.7533,
    "premium_discount_bps": -4.8387436097030445,
    "change_rate_pct": 0.53,
    "change_cny": 0.025,
    "open": 4.73,
    "previous_close": 4.726,
    "high": 4.752,
    "low": 4.725,
    "volume_shares": 221173786.0,
    "amount_cny": 1047802729.0,
    "trade_phase_raw": "T111    ",
    "post_close_volume_shares": 0.0,
    "post_close_amount_cny": 0.0,
    "post_close_phase_raw": "A1      ",
    "product_subtype": "EBS",
    "source": "sse.yunhq.sh1.snap",
    "retrieved_at": "2026-08-17T10:53:10.539519+08:00"
  },
  "account_feasibility": {
    "reference_account_cny": 20000.0,
    "creation_unit_notional_cny": 4275900.0,
    "can_directly_create_or_redeem": false,
    "intended_use": "只用PCF和IOPV观察一级市场吸收状态，在二级市场交易510300"
  },
  "storage": {
    "pcf": {
      "file": "data/raw/primary_market/510300_pcf_daily.parquet",
      "row_count": 3,
      "first_key": "2026-08-13",
      "last_key": "2026-08-17",
      "sha256": "5b07ef24cc244d40afc8eb241ee183f2181026aa2f7b920cc6f9b3813ac40302"
    },
    "iopv": {
      "file": "data/raw/primary_market/510300_iopv_snapshots.parquet",
      "row_count": 84,
      "first_key": "2026-08-13 16:29:06",
      "last_key": "2026-08-17 10:53:10",
      "sha256": "961888721821a00e6251e4a2983f477cbd6de5694cf81ad8fec4e1bc5bee8db2"
    }
  },
  "raw_response_files": [
    "data/raw/primary_market/raw/iopv/20260817/20260817T105309_284640+0800.json"
  ],
  "governance": {
    "use_as_trading_signal": false,
    "automatic_ordering_authorized": false,
    "note": "当前只采集和纸面验证；未通过前向门槛前不得映射实盘仓位。"
  }
}
{
  "status": "PASS",
  "checked_at": "2026-08-17T10:54:11.796113+08:00",
  "collector": {
    "collector_id": "510300_PRIMARY_SECONDARY_FORWARD_V1",
    "symbol": "510300.SH",
    "fund_code": "510300",
    "timezone": "Asia/Shanghai",
    "timeout_seconds": 15,
    "observation_interval_seconds": 60,
    "collection_start_time": "09:30:00",
    "collection_end_time": "15:00:00",
    "collection_sessions": [
      [
        "09:30:00",
        "11:30:00"
      ],
      [
        "13:00:00",
        "15:00:00"
      ]
    ],
    "evidence_scope": "仅从实际接入日起的前向数据，不回填历史IOPV"
  },
  "checks": {
    "same_fund_code": true,
    "same_trade_date": true,
    "iopv_publication_enabled": true,
    "positive_iopv": true,
    "positive_last_price": true,
    "positive_creation_unit": true,
    "snapshot_fresh_during_collection_session": true
  },
  "freshness": {
    "during_collection_session": true,
    "clock_delay_seconds": 0.796113,
    "maximum_allowed_seconds_during_session": 180.0
  },
  "latest_pcf": {
    "trading_day": "2026-08-17",
    "previous_trading_day": "2026-08-14",
    "fund_code": "510300",
    "fund_name": "华泰柏瑞沪深300交易型开放式指数证券投资基金",
    "fund_company": "华泰柏瑞基金管理有限公司",
    "file_id": "1463187",
    "etf_type": "8",
    "nav": 4.7282,
    "nav_per_creation_unit": 4255390.17,
    "previous_cash_component": 105384.17,
    "estimated_cash_component": 107458.17,
    "maximum_cash_ratio": 0.5,
    "creation_redemption_unit": 900000,
    "component_count": 300,
    "publish_iopv": true,
    "creation_redemption_status": "申购和赎回皆允许",
    "creation_redemption_mechanism": "1",
    "creation_limit": null,
    "redemption_limit": 3600000000.0,
    "net_creation_limit": null,
    "net_redemption_limit": null,
    "creation_limit_per_account": null,
    "redemption_limit_per_account": null,
    "net_creation_limit_per_account": null,
    "net_redemption_limit_per_account": null,
    "source": "sse.COMMON_SSE_CP_JJLB_ETFJJGK_GGSGSHQD_JBXX_C",
    "retrieved_at": "2026-08-17T09:30:09.574575+08:00"
  },
  "latest_iopv": {
    "exchange_timestamp": "2026-08-17 10:54:11",
    "trade_date": "2026-08-17",
    "fund_code": "510300",
    "name": "300ETF",
    "extended_name": "沪深300ETF华泰柏瑞",
    "last_price": 4.753,
    "iopv": 4.7546,
    "premium_discount_bps": -3.3651621587516,
    "change_rate_pct": 0.57,
    "change_cny": 0.027,
    "open": 4.73,
    "previous_close": 4.726,
    "high": 4.755,
    "low": 4.725,
    "volume_shares": 226880486.0,
    "amount_cny": 1074928205.0,
    "trade_phase_raw": "T111    ",
    "post_close_volume_shares": 0.0,
    "post_close_amount_cny": 0.0,
    "post_close_phase_raw": "A1      ",
    "product_subtype": "EBS",
    "source": "sse.yunhq.sh1.snap",
    "retrieved_at": "2026-08-17T10:54:11.765397+08:00"
  },
  "account_feasibility": {
    "reference_account_cny": 20000.0,
    "creation_unit_notional_cny": 4277700.0,
    "can_directly_create_or_redeem": false,
    "intended_use": "只用PCF和IOPV观察一级市场吸收状态，在二级市场交易510300"
  },
  "storage": {
    "pcf": {
      "file": "data/raw/primary_market/510300_pcf_daily.parquet",
      "row_count": 3,
      "first_key": "2026-08-13",
      "last_key": "2026-08-17",
      "sha256": "5b07ef24cc244d40afc8eb241ee183f2181026aa2f7b920cc6f9b3813ac40302"
    },
    "iopv": {
      "file": "data/raw/primary_market/510300_iopv_snapshots.parquet",
      "row_count": 85,
      "first_key": "2026-08-13 16:29:06",
      "last_key": "2026-08-17 10:54:11",
      "sha256": "9236e9c1a7075c82facecbbed3e5bd0317bc77427d194fba70f9bbd2143b8463"
    }
  },
  "raw_response_files": [
    "data/raw/primary_market/raw/iopv/20260817/20260817T105410_567938+0800.json"
  ],
  "governance": {
    "use_as_trading_signal": false,
    "automatic_ordering_authorized": false,
    "note": "当前只采集和纸面验证；未通过前向门槛前不得映射实盘仓位。"
  }
}
{
  "status": "PASS",
  "checked_at": "2026-08-17T10:55:13.052703+08:00",
  "collector": {
    "collector_id": "510300_PRIMARY_SECONDARY_FORWARD_V1",
    "symbol": "510300.SH",
    "fund_code": "510300",
    "timezone": "Asia/Shanghai",
    "timeout_seconds": 15,
    "observation_interval_seconds": 60,
    "collection_start_time": "09:30:00",
    "collection_end_time": "15:00:00",
    "collection_sessions": [
      [
        "09:30:00",
        "11:30:00"
      ],
      [
        "13:00:00",
        "15:00:00"
      ]
    ],
    "evidence_scope": "仅从实际接入日起的前向数据，不回填历史IOPV"
  },
  "checks": {
    "same_fund_code": true,
    "same_trade_date": true,
    "iopv_publication_enabled": true,
    "positive_iopv": true,
    "positive_last_price": true,
    "positive_creation_unit": true,
    "snapshot_fresh_during_collection_session": true
  },
  "freshness": {
    "during_collection_session": true,
    "clock_delay_seconds": 0.052703,
    "maximum_allowed_seconds_during_session": 180.0
  },
  "latest_pcf": {
    "trading_day": "2026-08-17",
    "previous_trading_day": "2026-08-14",
    "fund_code": "510300",
    "fund_name": "华泰柏瑞沪深300交易型开放式指数证券投资基金",
    "fund_company": "华泰柏瑞基金管理有限公司",
    "file_id": "1463187",
    "etf_type": "8",
    "nav": 4.7282,
    "nav_per_creation_unit": 4255390.17,
    "previous_cash_component": 105384.17,
    "estimated_cash_component": 107458.17,
    "maximum_cash_ratio": 0.5,
    "creation_redemption_unit": 900000,
    "component_count": 300,
    "publish_iopv": true,
    "creation_redemption_status": "申购和赎回皆允许",
    "creation_redemption_mechanism": "1",
    "creation_limit": null,
    "redemption_limit": 3600000000.0,
    "net_creation_limit": null,
    "net_redemption_limit": null,
    "creation_limit_per_account": null,
    "redemption_limit_per_account": null,
    "net_creation_limit_per_account": null,
    "net_redemption_limit_per_account": null,
    "source": "sse.COMMON_SSE_CP_JJLB_ETFJJGK_GGSGSHQD_JBXX_C",
    "retrieved_at": "2026-08-17T09:30:09.574575+08:00"
  },
  "latest_iopv": {
    "exchange_timestamp": "2026-08-17 10:55:13",
    "trade_date": "2026-08-17",
    "fund_code": "510300",
    "name": "300ETF",
    "extended_name": "沪深300ETF华泰柏瑞",
    "last_price": 4.75,
    "iopv": 4.7531,
    "premium_discount_bps": -6.522059287622506,
    "change_rate_pct": 0.51,
    "change_cny": 0.024,
    "open": 4.73,
    "previous_close": 4.726,
    "high": 4.755,
    "low": 4.725,
    "volume_shares": 229058086.0,
    "amount_cny": 1085276228.0,
    "trade_phase_raw": "T111    ",
    "post_close_volume_shares": 0.0,
    "post_close_amount_cny": 0.0,
    "post_close_phase_raw": "A1      ",
    "product_subtype": "EBS",
    "source": "sse.yunhq.sh1.snap",
    "retrieved_at": "2026-08-17T10:55:13.024818+08:00"
  },
  "account_feasibility": {
    "reference_account_cny": 20000.0,
    "creation_unit_notional_cny": 4275000.0,
    "can_directly_create_or_redeem": false,
    "intended_use": "只用PCF和IOPV观察一级市场吸收状态，在二级市场交易510300"
  },
  "storage": {
    "pcf": {
      "file": "data/raw/primary_market/510300_pcf_daily.parquet",
      "row_count": 3,
      "first_key": "2026-08-13",
      "last_key": "2026-08-17",
      "sha256": "5b07ef24cc244d40afc8eb241ee183f2181026aa2f7b920cc6f9b3813ac40302"
    },
    "iopv": {
      "file": "data/raw/primary_market/510300_iopv_snapshots.parquet",
      "row_count": 86,
      "first_key": "2026-08-13 16:29:06",
      "last_key": "2026-08-17 10:55:13",
      "sha256": "8e635bdb95ff96d97e7024e1781d49b01fbfc1380a62c39bc1a17c0ce47412f2"
    }
  },
  "raw_response_files": [
    "data/raw/primary_market/raw/iopv/20260817/20260817T105511_798198+0800.json"
  ],
  "governance": {
    "use_as_trading_signal": false,
    "automatic_ordering_authorized": false,
    "note": "当前只采集和纸面验证；未通过前向门槛前不得映射实盘仓位。"
  }
}
{
  "status": "PASS",
  "checked_at": "2026-08-17T10:56:14.452131+08:00",
  "collector": {
    "collector_id": "510300_PRIMARY_SECONDARY_FORWARD_V1",
    "symbol": "510300.SH",
    "fund_code": "510300",
    "timezone": "Asia/Shanghai",
    "timeout_seconds": 15,
    "observation_interval_seconds": 60,
    "collection_start_time": "09:30:00",
    "collection_end_time": "15:00:00",
    "collection_sessions": [
      [
        "09:30:00",
        "11:30:00"
      ],
      [
        "13:00:00",
        "15:00:00"
      ]
    ],
    "evidence_scope": "仅从实际接入日起的前向数据，不回填历史IOPV"
  },
  "checks": {
    "same_fund_code": true,
    "same_trade_date": true,
    "iopv_publication_enabled": true,
    "positive_iopv": true,
    "positive_last_price": true,
    "positive_creation_unit": true,
    "snapshot_fresh_during_collection_session": true
  },
  "freshness": {
    "during_collection_session": true,
    "clock_delay_seconds": 0.452131,
    "maximum_allowed_seconds_during_session": 180.0
  },
  "latest_pcf": {
    "trading_day": "2026-08-17",
    "previous_trading_day": "2026-08-14",
    "fund_code": "510300",
    "fund_name": "华泰柏瑞沪深300交易型开放式指数证券投资基金",
    "fund_company": "华泰柏瑞基金管理有限公司",
    "file_id": "1463187",
    "etf_type": "8",
    "nav": 4.7282,
    "nav_per_creation_unit": 4255390.17,
    "previous_cash_component": 105384.17,
    "estimated_cash_component": 107458.17,
    "maximum_cash_ratio": 0.5,
    "creation_redemption_unit": 900000,
    "component_count": 300,
    "publish_iopv": true,
    "creation_redemption_status": "申购和赎回皆允许",
    "creation_redemption_mechanism": "1",
    "creation_limit": null,
    "redemption_limit": 3600000000.0,
    "net_creation_limit": null,
    "net_redemption_limit": null,
    "creation_limit_per_account": null,
    "redemption_limit_per_account": null,
    "net_creation_limit_per_account": null,
    "net_redemption_limit_per_account": null,
    "source": "sse.COMMON_SSE_CP_JJLB_ETFJJGK_GGSGSHQD_JBXX_C",
    "retrieved_at": "2026-08-17T09:30:09.574575+08:00"
  },
  "latest_iopv": {
    "exchange_timestamp": "2026-08-17 10:56:14",
    "trade_date": "2026-08-17",
    "fund_code": "510300",
    "name": "300ETF",
    "extended_name": "沪深300ETF华泰柏瑞",
    "last_price": 4.751,
    "iopv": 4.7521,
    "premium_discount_bps": -2.3147661034073064,
    "change_rate_pct": 0.53,
    "change_cny": 0.025,
    "open": 4.73,
    "previous_close": 4.726,
    "high": 4.755,
    "low": 4.725,
    "volume_shares": 231881986.0,
    "amount_cny": 1098692255.0,
    "trade_phase_raw": "T111    ",
    "post_close_volume_shares": 0.0,
    "post_close_amount_cny": 0.0,
    "post_close_phase_raw": "A1      ",
    "product_subtype": "EBS",
    "source": "sse.yunhq.sh1.snap",
    "retrieved_at": "2026-08-17T10:56:14.425058+08:00"
  },
  "account_feasibility": {
    "reference_account_cny": 20000.0,
    "creation_unit_notional_cny": 4275900.0,
    "can_directly_create_or_redeem": false,
    "intended_use": "只用PCF和IOPV观察一级市场吸收状态，在二级市场交易510300"
  },
  "storage": {
    "pcf": {
      "file": "data/raw/primary_market/510300_pcf_daily.parquet",
      "row_count": 3,
      "first_key": "2026-08-13",
      "last_key": "2026-08-17",
      "sha256": "5b07ef24cc244d40afc8eb241ee183f2181026aa2f7b920cc6f9b3813ac40302"
    },
    "iopv": {
      "file": "data/raw/primary_market/510300_iopv_snapshots.parquet",
      "row_count": 87,
      "first_key": "2026-08-13 16:29:06",
      "last_key": "2026-08-17 10:56:14",
      "sha256": "231426290538c19745d3e68af88b649943c822d4de18d360ead7eb43bb61eb37"
    }
  },
  "raw_response_files": [
    "data/raw/primary_market/raw/iopv/20260817/20260817T105613_054714+0800.json"
  ],
  "governance": {
    "use_as_trading_signal": false,
    "automatic_ordering_authorized": false,
    "note": "当前只采集和纸面验证；未通过前向门槛前不得映射实盘仓位。"
  }
}
{
  "status": "PASS",
  "checked_at": "2026-08-17T10:57:15.635023+08:00",
  "collector": {
    "collector_id": "510300_PRIMARY_SECONDARY_FORWARD_V1",
    "symbol": "510300.SH",
    "fund_code": "510300",
    "timezone": "Asia/Shanghai",
    "timeout_seconds": 15,
    "observation_interval_seconds": 60,
    "collection_start_time": "09:30:00",
    "collection_end_time": "15:00:00",
    "collection_sessions": [
      [
        "09:30:00",
        "11:30:00"
      ],
      [
        "13:00:00",
        "15:00:00"
      ]
    ],
    "evidence_scope": "仅从实际接入日起的前向数据，不回填历史IOPV"
  },
  "checks": {
    "same_fund_code": true,
    "same_trade_date": true,
    "iopv_publication_enabled": true,
    "positive_iopv": true,
    "positive_last_price": true,
    "positive_creation_unit": true,
    "snapshot_fresh_during_collection_session": true
  },
  "freshness": {
    "during_collection_session": true,
    "clock_delay_seconds": 0.635023,
    "maximum_allowed_seconds_during_session": 180.0
  },
  "latest_pcf": {
    "trading_day": "2026-08-17",
    "previous_trading_day": "2026-08-14",
    "fund_code": "510300",
    "fund_name": "华泰柏瑞沪深300交易型开放式指数证券投资基金",
    "fund_company": "华泰柏瑞基金管理有限公司",
    "file_id": "1463187",
    "etf_type": "8",
    "nav": 4.7282,
    "nav_per_creation_unit": 4255390.17,
    "previous_cash_component": 105384.17,
    "estimated_cash_component": 107458.17,
    "maximum_cash_ratio": 0.5,
    "creation_redemption_unit": 900000,
    "component_count": 300,
    "publish_iopv": true,
    "creation_redemption_status": "申购和赎回皆允许",
    "creation_redemption_mechanism": "1",
    "creation_limit": null,
    "redemption_limit": 3600000000.0,
    "net_creation_limit": null,
    "net_redemption_limit": null,
    "creation_limit_per_account": null,
    "redemption_limit_per_account": null,
    "net_creation_limit_per_account": null,
    "net_redemption_limit_per_account": null,
    "source": "sse.COMMON_SSE_CP_JJLB_ETFJJGK_GGSGSHQD_JBXX_C",
    "retrieved_at": "2026-08-17T09:30:09.574575+08:00"
  },
  "latest_iopv": {
    "exchange_timestamp": "2026-08-17 10:57:15",
    "trade_date": "2026-08-17",
    "fund_code": "510300",
    "name": "300ETF",
    "extended_name": "沪深300ETF华泰柏瑞",
    "last_price": 4.755,
    "iopv": 4.7555,
    "premium_discount_bps": -1.0514141520334697,
    "change_rate_pct": 0.61,
    "change_cny": 0.029,
    "open": 4.73,
    "previous_close": 4.726,
    "high": 4.756,
    "low": 4.725,
    "volume_shares": 236344586.0,
    "amount_cny": 1119908632.0,
    "trade_phase_raw": "T111    ",
    "post_close_volume_shares": 0.0,
    "post_close_amount_cny": 0.0,
    "post_close_phase_raw": "A1      ",
    "product_subtype": "EBS",
    "source": "sse.yunhq.sh1.snap",
    "retrieved_at": "2026-08-17T10:57:15.598039+08:00"
  },
  "account_feasibility": {
    "reference_account_cny": 20000.0,
    "creation_unit_notional_cny": 4279500.0,
    "can_directly_create_or_redeem": false,
    "intended_use": "只用PCF和IOPV观察一级市场吸收状态，在二级市场交易510300"
  },
  "storage": {
    "pcf": {
      "file": "data/raw/primary_market/510300_pcf_daily.parquet",
      "row_count": 3,
      "first_key": "2026-08-13",
      "last_key": "2026-08-17",
      "sha256": "5b07ef24cc244d40afc8eb241ee183f2181026aa2f7b920cc6f9b3813ac40302"
    },
    "iopv": {
      "file": "data/raw/primary_market/510300_iopv_snapshots.parquet",
      "row_count": 88,
      "first_key": "2026-08-13 16:29:06",
      "last_key": "2026-08-17 10:57:15",
      "sha256": "2c3a6402ce10b97b0774edfc0f855cd2cd057b31bc474d25790d9dc043f264f4"
    }
  },
  "raw_response_files": [
    "data/raw/primary_market/raw/iopv/20260817/20260817T105714_464279+0800.json"
  ],
  "governance": {
    "use_as_trading_signal": false,
    "automatic_ordering_authorized": false,
    "note": "当前只采集和纸面验证；未通过前向门槛前不得映射实盘仓位。"
  }
}
{
  "status": "PASS",
  "checked_at": "2026-08-17T10:58:17.023661+08:00",
  "collector": {
    "collector_id": "510300_PRIMARY_SECONDARY_FORWARD_V1",
    "symbol": "510300.SH",
    "fund_code": "510300",
    "timezone": "Asia/Shanghai",
    "timeout_seconds": 15,
    "observation_interval_seconds": 60,
    "collection_start_time": "09:30:00",
    "collection_end_time": "15:00:00",
    "collection_sessions": [
      [
        "09:30:00",
        "11:30:00"
      ],
      [
        "13:00:00",
        "15:00:00"
      ]
    ],
    "evidence_scope": "仅从实际接入日起的前向数据，不回填历史IOPV"
  },
  "checks": {
    "same_fund_code": true,
    "same_trade_date": true,
    "iopv_publication_enabled": true,
    "positive_iopv": true,
    "positive_last_price": true,
    "positive_creation_unit": true,
    "snapshot_fresh_during_collection_session": true
  },
  "freshness": {
    "during_collection_session": true,
    "clock_delay_seconds": 1.023661,
    "maximum_allowed_seconds_during_session": 180.0
  },
  "latest_pcf": {
    "trading_day": "2026-08-17",
    "previous_trading_day": "2026-08-14",
    "fund_code": "510300",
    "fund_name": "华泰柏瑞沪深300交易型开放式指数证券投资基金",
    "fund_company": "华泰柏瑞基金管理有限公司",
    "file_id": "1463187",
    "etf_type": "8",
    "nav": 4.7282,
    "nav_per_creation_unit": 4255390.17,
    "previous_cash_component": 105384.17,
    "estimated_cash_component": 107458.17,
    "maximum_cash_ratio": 0.5,
    "creation_redemption_unit": 900000,
    "component_count": 300,
    "publish_iopv": true,
    "creation_redemption_status": "申购和赎回皆允许",
    "creation_redemption_mechanism": "1",
    "creation_limit": null,
    "redemption_limit": 3600000000.0,
    "net_creation_limit": null,
    "net_redemption_limit": null,
    "creation_limit_per_account": null,
    "redemption_limit_per_account": null,
    "net_creation_limit_per_account": null,
    "net_redemption_limit_per_account": null,
    "source": "sse.COMMON_SSE_CP_JJLB_ETFJJGK_GGSGSHQD_JBXX_C",
    "retrieved_at": "2026-08-17T09:30:09.574575+08:00"
  },
  "latest_iopv": {
    "exchange_timestamp": "2026-08-17 10:58:16",
    "trade_date": "2026-08-17",
    "fund_code": "510300",
    "name": "300ETF",
    "extended_name": "沪深300ETF华泰柏瑞",
    "last_price": 4.753,
    "iopv": 4.755,
    "premium_discount_bps": -4.206098843322348,
    "change_rate_pct": 0.57,
    "change_cny": 0.027,
    "open": 4.73,
    "previous_close": 4.726,
    "high": 4.756,
    "low": 4.725,
    "volume_shares": 238903186.0,
    "amount_cny": 1132069417.0,
    "trade_phase_raw": "T111    ",
    "post_close_volume_shares": 0.0,
    "post_close_amount_cny": 0.0,
    "post_close_phase_raw": "A1      ",
    "product_subtype": "EBS",
    "source": "sse.yunhq.sh1.snap",
    "retrieved_at": "2026-08-17T10:58:16.982193+08:00"
  },
  "account_feasibility": {
    "reference_account_cny": 20000.0,
    "creation_unit_notional_cny": 4277700.0,
    "can_directly_create_or_redeem": false,
    "intended_use": "只用PCF和IOPV观察一级市场吸收状态，在二级市场交易510300"
  },
  "storage": {
    "pcf": {
      "file": "data/raw/primary_market/510300_pcf_daily.parquet",
      "row_count": 3,
      "first_key": "2026-08-13",
      "last_key": "2026-08-17",
      "sha256": "5b07ef24cc244d40afc8eb241ee183f2181026aa2f7b920cc6f9b3813ac40302"
    },
    "iopv": {
      "file": "data/raw/primary_market/510300_iopv_snapshots.parquet",
      "row_count": 89,
      "first_key": "2026-08-13 16:29:06",
      "last_key": "2026-08-17 10:58:16",
      "sha256": "ff406e973c111c6037c37ca31f5309e1738af96841f3ccb6416ba52663e60f68"
    }
  },
  "raw_response_files": [
    "data/raw/primary_market/raw/iopv/20260817/20260817T105815_637036+0800.json"
  ],
  "governance": {
    "use_as_trading_signal": false,
    "automatic_ordering_authorized": false,
    "note": "当前只采集和纸面验证；未通过前向门槛前不得映射实盘仓位。"
  }
}
{
  "status": "PASS",
  "checked_at": "2026-08-17T10:59:18.287652+08:00",
  "collector": {
    "collector_id": "510300_PRIMARY_SECONDARY_FORWARD_V1",
    "symbol": "510300.SH",
    "fund_code": "510300",
    "timezone": "Asia/Shanghai",
    "timeout_seconds": 15,
    "observation_interval_seconds": 60,
    "collection_start_time": "09:30:00",
    "collection_end_time": "15:00:00",
    "collection_sessions": [
      [
        "09:30:00",
        "11:30:00"
      ],
      [
        "13:00:00",
        "15:00:00"
      ]
    ],
    "evidence_scope": "仅从实际接入日起的前向数据，不回填历史IOPV"
  },
  "checks": {
    "same_fund_code": true,
    "same_trade_date": true,
    "iopv_publication_enabled": true,
    "positive_iopv": true,
    "positive_last_price": true,
    "positive_creation_unit": true,
    "snapshot_fresh_during_collection_session": true
  },
  "freshness": {
    "during_collection_session": true,
    "clock_delay_seconds": 0.287652,
    "maximum_allowed_seconds_during_session": 180.0
  },
  "latest_pcf": {
    "trading_day": "2026-08-17",
    "previous_trading_day": "2026-08-14",
    "fund_code": "510300",
    "fund_name": "华泰柏瑞沪深300交易型开放式指数证券投资基金",
    "fund_company": "华泰柏瑞基金管理有限公司",
    "file_id": "1463187",
    "etf_type": "8",
    "nav": 4.7282,
    "nav_per_creation_unit": 4255390.17,
    "previous_cash_component": 105384.17,
    "estimated_cash_component": 107458.17,
    "maximum_cash_ratio": 0.5,
    "creation_redemption_unit": 900000,
    "component_count": 300,
    "publish_iopv": true,
    "creation_redemption_status": "申购和赎回皆允许",
    "creation_redemption_mechanism": "1",
    "creation_limit": null,
    "redemption_limit": 3600000000.0,
    "net_creation_limit": null,
    "net_redemption_limit": null,
    "creation_limit_per_account": null,
    "redemption_limit_per_account": null,
    "net_creation_limit_per_account": null,
    "net_redemption_limit_per_account": null,
    "source": "sse.COMMON_SSE_CP_JJLB_ETFJJGK_GGSGSHQD_JBXX_C",
    "retrieved_at": "2026-08-17T09:30:09.574575+08:00"
  },
  "latest_iopv": {
    "exchange_timestamp": "2026-08-17 10:59:18",
    "trade_date": "2026-08-17",
    "fund_code": "510300",
    "name": "300ETF",
    "extended_name": "沪深300ETF华泰柏瑞",
    "last_price": 4.754,
    "iopv": 4.7568,
    "premium_discount_bps": -5.886310124454397,
    "change_rate_pct": 0.59,
    "change_cny": 0.028,
    "open": 4.73,
    "previous_close": 4.726,
    "high": 4.756,
    "low": 4.725,
    "volume_shares": 239890886.0,
    "amount_cny": 1136764953.0,
    "trade_phase_raw": "T111    ",
    "post_close_volume_shares": 0.0,
    "post_close_amount_cny": 0.0,
    "post_close_phase_raw": "A1      ",
    "product_subtype": "EBS",
    "source": "sse.yunhq.sh1.snap",
    "retrieved_at": "2026-08-17T10:59:18.246768+08:00"
  },
  "account_feasibility": {
    "reference_account_cny": 20000.0,
    "creation_unit_notional_cny": 4278600.0,
    "can_directly_create_or_redeem": false,
    "intended_use": "只用PCF和IOPV观察一级市场吸收状态，在二级市场交易510300"
  },
  "storage": {
    "pcf": {
      "file": "data/raw/primary_market/510300_pcf_daily.parquet",
      "row_count": 3,
      "first_key": "2026-08-13",
      "last_key": "2026-08-17",
      "sha256": "5b07ef24cc244d40afc8eb241ee183f2181026aa2f7b920cc6f9b3813ac40302"
    },
    "iopv": {
      "file": "data/raw/primary_market/510300_iopv_snapshots.parquet",
      "row_count": 90,
      "first_key": "2026-08-13 16:29:06",
      "last_key": "2026-08-17 10:59:18",
      "sha256": "4d9bce6675ac196535bc08b563d8a3f5008a687b6e04023cf660450fc64849ff"
    }
  },
  "raw_response_files": [
    "data/raw/primary_market/raw/iopv/20260817/20260817T105917_025304+0800.json"
  ],
  "governance": {
    "use_as_trading_signal": false,
    "automatic_ordering_authorized": false,
    "note": "当前只采集和纸面验证；未通过前向门槛前不得映射实盘仓位。"
  }
}
{
  "status": "PASS",
  "checked_at": "2026-08-17T11:00:19.588161+08:00",
  "collector": {
    "collector_id": "510300_PRIMARY_SECONDARY_FORWARD_V1",
    "symbol": "510300.SH",
    "fund_code": "510300",
    "timezone": "Asia/Shanghai",
    "timeout_seconds": 15,
    "observation_interval_seconds": 60,
    "collection_start_time": "09:30:00",
    "collection_end_time": "15:00:00",
    "collection_sessions": [
      [
        "09:30:00",
        "11:30:00"
      ],
      [
        "13:00:00",
        "15:00:00"
      ]
    ],
    "evidence_scope": "仅从实际接入日起的前向数据，不回填历史IOPV"
  },
  "checks": {
    "same_fund_code": true,
    "same_trade_date": true,
    "iopv_publication_enabled": true,
    "positive_iopv": true,
    "positive_last_price": true,
    "positive_creation_unit": true,
    "snapshot_fresh_during_collection_session": true
  },
  "freshness": {
    "during_collection_session": true,
    "clock_delay_seconds": 0.588161,
    "maximum_allowed_seconds_during_session": 180.0
  },
  "latest_pcf": {
    "trading_day": "2026-08-17",
    "previous_trading_day": "2026-08-14",
    "fund_code": "510300",
    "fund_name": "华泰柏瑞沪深300交易型开放式指数证券投资基金",
    "fund_company": "华泰柏瑞基金管理有限公司",
    "file_id": "1463187",
    "etf_type": "8",
    "nav": 4.7282,
    "nav_per_creation_unit": 4255390.17,
    "previous_cash_component": 105384.17,
    "estimated_cash_component": 107458.17,
    "maximum_cash_ratio": 0.5,
    "creation_redemption_unit": 900000,
    "component_count": 300,
    "publish_iopv": true,
    "creation_redemption_status": "申购和赎回皆允许",
    "creation_redemption_mechanism": "1",
    "creation_limit": null,
    "redemption_limit": 3600000000.0,
    "net_creation_limit": null,
    "net_redemption_limit": null,
    "creation_limit_per_account": null,
    "redemption_limit_per_account": null,
    "net_creation_limit_per_account": null,
    "net_redemption_limit_per_account": null,
    "source": "sse.COMMON_SSE_CP_JJLB_ETFJJGK_GGSGSHQD_JBXX_C",
    "retrieved_at": "2026-08-17T09:30:09.574575+08:00"
  },
  "latest_iopv": {
    "exchange_timestamp": "2026-08-17 11:00:19",
    "trade_date": "2026-08-17",
    "fund_code": "510300",
    "name": "300ETF",
    "extended_name": "沪深300ETF华泰柏瑞",
    "last_price": 4.759,
    "iopv": 4.7598,
    "premium_discount_bps": -1.6807428883569564,
    "change_rate_pct": 0.7,
    "change_cny": 0.033,
    "open": 4.73,
    "previous_close": 4.726,
    "high": 4.759,
    "low": 4.725,
    "volume_shares": 247722486.0,
    "amount_cny": 1174020691.0,
    "trade_phase_raw": "T111    ",
    "post_close_volume_shares": 0.0,
    "post_close_amount_cny": 0.0,
    "post_close_phase_raw": "A1      ",
    "product_subtype": "EBS",
    "source": "sse.yunhq.sh1.snap",
    "retrieved_at": "2026-08-17T11:00:19.553786+08:00"
  },
  "account_feasibility": {
    "reference_account_cny": 20000.0,
    "creation_unit_notional_cny": 4283100.0,
    "can_directly_create_or_redeem": false,
    "intended_use": "只用PCF和IOPV观察一级市场吸收状态，在二级市场交易510300"
  },
  "storage": {
    "pcf": {
      "file": "data/raw/primary_market/510300_pcf_daily.parquet",
      "row_count": 3,
      "first_key": "2026-08-13",
      "last_key": "2026-08-17",
      "sha256": "5b07ef24cc244d40afc8eb241ee183f2181026aa2f7b920cc6f9b3813ac40302"
    },
    "iopv": {
      "file": "data/raw/primary_market/510300_iopv_snapshots.parquet",
      "row_count": 91,
      "first_key": "2026-08-13 16:29:06",
      "last_key": "2026-08-17 11:00:19",
      "sha256": "9ebc3665b78c3f510bebbc6a1b41ecca51db67a0f34be644e328f3a235c57e67"
    }
  },
  "raw_response_files": [
    "data/raw/primary_market/raw/iopv/20260817/20260817T110018_290028+0800.json"
  ],
  "governance": {
    "use_as_trading_signal": false,
    "automatic_ordering_authorized": false,
    "note": "当前只采集和纸面验证；未通过前向门槛前不得映射实盘仓位。"
  }
}
{
  "status": "PASS",
  "checked_at": "2026-08-17T11:01:20.876711+08:00",
  "collector": {
    "collector_id": "510300_PRIMARY_SECONDARY_FORWARD_V1",
    "symbol": "510300.SH",
    "fund_code": "510300",
    "timezone": "Asia/Shanghai",
    "timeout_seconds": 15,
    "observation_interval_seconds": 60,
    "collection_start_time": "09:30:00",
    "collection_end_time": "15:00:00",
    "collection_sessions": [
      [
        "09:30:00",
        "11:30:00"
      ],
      [
        "13:00:00",
        "15:00:00"
      ]
    ],
    "evidence_scope": "仅从实际接入日起的前向数据，不回填历史IOPV"
  },
  "checks": {
    "same_fund_code": true,
    "same_trade_date": true,
    "iopv_publication_enabled": true,
    "positive_iopv": true,
    "positive_last_price": true,
    "positive_creation_unit": true,
    "snapshot_fresh_during_collection_session": true
  },
  "freshness": {
    "during_collection_session": true,
    "clock_delay_seconds": 0.876711,
    "maximum_allowed_seconds_during_session": 180.0
  },
  "latest_pcf": {
    "trading_day": "2026-08-17",
    "previous_trading_day": "2026-08-14",
    "fund_code": "510300",
    "fund_name": "华泰柏瑞沪深300交易型开放式指数证券投资基金",
    "fund_company": "华泰柏瑞基金管理有限公司",
    "file_id": "1463187",
    "etf_type": "8",
    "nav": 4.7282,
    "nav_per_creation_unit": 4255390.17,
    "previous_cash_component": 105384.17,
    "estimated_cash_component": 107458.17,
    "maximum_cash_ratio": 0.5,
    "creation_redemption_unit": 900000,
    "component_count": 300,
    "publish_iopv": true,
    "creation_redemption_status": "申购和赎回皆允许",
    "creation_redemption_mechanism": "1",
    "creation_limit": null,
    "redemption_limit": 3600000000.0,
    "net_creation_limit": null,
    "net_redemption_limit": null,
    "creation_limit_per_account": null,
    "redemption_limit_per_account": null,
    "net_creation_limit_per_account": null,
    "net_redemption_limit_per_account": null,
    "source": "sse.COMMON_SSE_CP_JJLB_ETFJJGK_GGSGSHQD_JBXX_C",
    "retrieved_at": "2026-08-17T09:30:09.574575+08:00"
  },
  "latest_iopv": {
    "exchange_timestamp": "2026-08-17 11:01:20",
    "trade_date": "2026-08-17",
    "fund_code": "510300",
    "name": "300ETF",
    "extended_name": "沪深300ETF华泰柏瑞",
    "last_price": 4.76,
    "iopv": 4.7612,
    "premium_discount_bps": -2.5203730152056902,
    "change_rate_pct": 0.72,
    "change_cny": 0.034,
    "open": 4.73,
    "previous_close": 4.726,
    "high": 4.762,
    "low": 4.725,
    "volume_shares": 254598786.0,
    "amount_cny": 1206753248.0,
    "trade_phase_raw": "T111    ",
    "post_close_volume_shares": 0.0,
    "post_close_amount_cny": 0.0,
    "post_close_phase_raw": "A1      ",
    "product_subtype": "EBS",
    "source": "sse.yunhq.sh1.snap",
    "retrieved_at": "2026-08-17T11:01:20.849024+08:00"
  },
  "account_feasibility": {
    "reference_account_cny": 20000.0,
    "creation_unit_notional_cny": 4284000.0,
    "can_directly_create_or_redeem": false,
    "intended_use": "只用PCF和IOPV观察一级市场吸收状态，在二级市场交易510300"
  },
  "storage": {
    "pcf": {
      "file": "data/raw/primary_market/510300_pcf_daily.parquet",
      "row_count": 3,
      "first_key": "2026-08-13",
      "last_key": "2026-08-17",
      "sha256": "5b07ef24cc244d40afc8eb241ee183f2181026aa2f7b920cc6f9b3813ac40302"
    },
    "iopv": {
      "file": "data/raw/primary_market/510300_iopv_snapshots.parquet",
      "row_count": 92,
      "first_key": "2026-08-13 16:29:06",
      "last_key": "2026-08-17 11:01:20",
      "sha256": "0d32dbea43fe892bb50af03817fac35e228c7fc238d63c25af060f1b15cb6f5a"
    }
  },
  "raw_response_files": [
    "data/raw/primary_market/raw/iopv/20260817/20260817T110119_589969+0800.json"
  ],
  "governance": {
    "use_as_trading_signal": false,
    "automatic_ordering_authorized": false,
    "note": "当前只采集和纸面验证；未通过前向门槛前不得映射实盘仓位。"
  }
}
{
  "status": "PASS",
  "checked_at": "2026-08-17T11:02:22.581366+08:00",
  "collector": {
    "collector_id": "510300_PRIMARY_SECONDARY_FORWARD_V1",
    "symbol": "510300.SH",
    "fund_code": "510300",
    "timezone": "Asia/Shanghai",
    "timeout_seconds": 15,
    "observation_interval_seconds": 60,
    "collection_start_time": "09:30:00",
    "collection_end_time": "15:00:00",
    "collection_sessions": [
      [
        "09:30:00",
        "11:30:00"
      ],
      [
        "13:00:00",
        "15:00:00"
      ]
    ],
    "evidence_scope": "仅从实际接入日起的前向数据，不回填历史IOPV"
  },
  "checks": {
    "same_fund_code": true,
    "same_trade_date": true,
    "iopv_publication_enabled": true,
    "positive_iopv": true,
    "positive_last_price": true,
    "positive_creation_unit": true,
    "snapshot_fresh_during_collection_session": true
  },
  "freshness": {
    "during_collection_session": true,
    "clock_delay_seconds": 0.581366,
    "maximum_allowed_seconds_during_session": 180.0
  },
  "latest_pcf": {
    "trading_day": "2026-08-17",
    "previous_trading_day": "2026-08-14",
    "fund_code": "510300",
    "fund_name": "华泰柏瑞沪深300交易型开放式指数证券投资基金",
    "fund_company": "华泰柏瑞基金管理有限公司",
    "file_id": "1463187",
    "etf_type": "8",
    "nav": 4.7282,
    "nav_per_creation_unit": 4255390.17,
    "previous_cash_component": 105384.17,
    "estimated_cash_component": 107458.17,
    "maximum_cash_ratio": 0.5,
    "creation_redemption_unit": 900000,
    "component_count": 300,
    "publish_iopv": true,
    "creation_redemption_status": "申购和赎回皆允许",
    "creation_redemption_mechanism": "1",
    "creation_limit": null,
    "redemption_limit": 3600000000.0,
    "net_creation_limit": null,
    "net_redemption_limit": null,
    "creation_limit_per_account": null,
    "redemption_limit_per_account": null,
    "net_creation_limit_per_account": null,
    "net_redemption_limit_per_account": null,
    "source": "sse.COMMON_SSE_CP_JJLB_ETFJJGK_GGSGSHQD_JBXX_C",
    "retrieved_at": "2026-08-17T09:30:09.574575+08:00"
  },
  "latest_iopv": {
    "exchange_timestamp": "2026-08-17 11:02:22",
    "trade_date": "2026-08-17",
    "fund_code": "510300",
    "name": "300ETF",
    "extended_name": "沪深300ETF华泰柏瑞",
    "last_price": 4.761,
    "iopv": 4.7618,
    "premium_discount_bps": -1.6800369608127586,
    "change_rate_pct": 0.74,
    "change_cny": 0.035,
    "open": 4.73,
    "previous_close": 4.726,
    "high": 4.762,
    "low": 4.725,
    "volume_shares": 258099986.0,
    "amount_cny": 1223422526.0,
    "trade_phase_raw": "T111    ",
    "post_close_volume_shares": 0.0,
    "post_close_amount_cny": 0.0,
    "post_close_phase_raw": "A1      ",
    "product_subtype": "EBS",
    "source": "sse.yunhq.sh1.snap",
    "retrieved_at": "2026-08-17T11:02:22.543652+08:00"
  },
  "account_feasibility": {
    "reference_account_cny": 20000.0,
    "creation_unit_notional_cny": 4284900.0,
    "can_directly_create_or_redeem": false,
    "intended_use": "只用PCF和IOPV观察一级市场吸收状态，在二级市场交易510300"
  },
  "storage": {
    "pcf": {
      "file": "data/raw/primary_market/510300_pcf_daily.parquet",
      "row_count": 3,
      "first_key": "2026-08-13",
      "last_key": "2026-08-17",
      "sha256": "5b07ef24cc244d40afc8eb241ee183f2181026aa2f7b920cc6f9b3813ac40302"
    },
    "iopv": {
      "file": "data/raw/primary_market/510300_iopv_snapshots.parquet",
      "row_count": 93,
      "first_key": "2026-08-13 16:29:06",
      "last_key": "2026-08-17 11:02:22",
      "sha256": "d5ac5bd39b04cddbd7661f594efb90b583ca54f41d702349cf9edac1a1a97916"
    }
  },
  "raw_response_files": [
    "data/raw/primary_market/raw/iopv/20260817/20260817T110220_879584+0800.json"
  ],
  "governance": {
    "use_as_trading_signal": false,
    "automatic_ordering_authorized": false,
    "note": "当前只采集和纸面验证；未通过前向门槛前不得映射实盘仓位。"
  }
}
{
  "status": "PASS",
  "checked_at": "2026-08-17T11:03:23.816000+08:00",
  "collector": {
    "collector_id": "510300_PRIMARY_SECONDARY_FORWARD_V1",
    "symbol": "510300.SH",
    "fund_code": "510300",
    "timezone": "Asia/Shanghai",
    "timeout_seconds": 15,
    "observation_interval_seconds": 60,
    "collection_start_time": "09:30:00",
    "collection_end_time": "15:00:00",
    "collection_sessions": [
      [
        "09:30:00",
        "11:30:00"
      ],
      [
        "13:00:00",
        "15:00:00"
      ]
    ],
    "evidence_scope": "仅从实际接入日起的前向数据，不回填历史IOPV"
  },
  "checks": {
    "same_fund_code": true,
    "same_trade_date": true,
    "iopv_publication_enabled": true,
    "positive_iopv": true,
    "positive_last_price": true,
    "positive_creation_unit": true,
    "snapshot_fresh_during_collection_session": true
  },
  "freshness": {
    "during_collection_session": true,
    "clock_delay_seconds": 0.816,
    "maximum_allowed_seconds_during_session": 180.0
  },
  "latest_pcf": {
    "trading_day": "2026-08-17",
    "previous_trading_day": "2026-08-14",
    "fund_code": "510300",
    "fund_name": "华泰柏瑞沪深300交易型开放式指数证券投资基金",
    "fund_company": "华泰柏瑞基金管理有限公司",
    "file_id": "1463187",
    "etf_type": "8",
    "nav": 4.7282,
    "nav_per_creation_unit": 4255390.17,
    "previous_cash_component": 105384.17,
    "estimated_cash_component": 107458.17,
    "maximum_cash_ratio": 0.5,
    "creation_redemption_unit": 900000,
    "component_count": 300,
    "publish_iopv": true,
    "creation_redemption_status": "申购和赎回皆允许",
    "creation_redemption_mechanism": "1",
    "creation_limit": null,
    "redemption_limit": 3600000000.0,
    "net_creation_limit": null,
    "net_redemption_limit": null,
    "creation_limit_per_account": null,
    "redemption_limit_per_account": null,
    "net_creation_limit_per_account": null,
    "net_redemption_limit_per_account": null,
    "source": "sse.COMMON_SSE_CP_JJLB_ETFJJGK_GGSGSHQD_JBXX_C",
    "retrieved_at": "2026-08-17T09:30:09.574575+08:00"
  },
  "latest_iopv": {
    "exchange_timestamp": "2026-08-17 11:03:23",
    "trade_date": "2026-08-17",
    "fund_code": "510300",
    "name": "300ETF",
    "extended_name": "沪深300ETF华泰柏瑞",
    "last_price": 4.763,
    "iopv": 4.7642,
    "premium_discount_bps": -2.5187859451736294,
    "change_rate_pct": 0.78,
    "change_cny": 0.037,
    "open": 4.73,
    "previous_close": 4.726,
    "high": 4.765,
    "low": 4.725,
    "volume_shares": 266292386.0,
    "amount_cny": 1262444765.0,
    "trade_phase_raw": "T111    ",
    "post_close_volume_shares": 0.0,
    "post_close_amount_cny": 0.0,
    "post_close_phase_raw": "A1      ",
    "product_subtype": "EBS",
    "source": "sse.yunhq.sh1.snap",
    "retrieved_at": "2026-08-17T11:03:23.785379+08:00"
  },
  "account_feasibility": {
    "reference_account_cny": 20000.0,
    "creation_unit_notional_cny": 4286700.0,
    "can_directly_create_or_redeem": false,
    "intended_use": "只用PCF和IOPV观察一级市场吸收状态，在二级市场交易510300"
  },
  "storage": {
    "pcf": {
      "file": "data/raw/primary_market/510300_pcf_daily.parquet",
      "row_count": 3,
      "first_key": "2026-08-13",
      "last_key": "2026-08-17",
      "sha256": "5b07ef24cc244d40afc8eb241ee183f2181026aa2f7b920cc6f9b3813ac40302"
    },
    "iopv": {
      "file": "data/raw/primary_market/510300_iopv_snapshots.parquet",
      "row_count": 94,
      "first_key": "2026-08-13 16:29:06",
      "last_key": "2026-08-17 11:03:23",
      "sha256": "b52740f6584f1e0bee308542a6ac555e0ec41b81006676851ed2f4391bfffb9c"
    }
  },
  "raw_response_files": [
    "data/raw/primary_market/raw/iopv/20260817/20260817T110322_583116+0800.json"
  ],
  "governance": {
    "use_as_trading_signal": false,
    "automatic_ordering_authorized": false,
    "note": "当前只采集和纸面验证；未通过前向门槛前不得映射实盘仓位。"
  }
}
{
  "status": "PASS",
  "checked_at": "2026-08-17T11:04:24.986721+08:00",
  "collector": {
    "collector_id": "510300_PRIMARY_SECONDARY_FORWARD_V1",
    "symbol": "510300.SH",
    "fund_code": "510300",
    "timezone": "Asia/Shanghai",
    "timeout_seconds": 15,
    "observation_interval_seconds": 60,
    "collection_start_time": "09:30:00",
    "collection_end_time": "15:00:00",
    "collection_sessions": [
      [
        "09:30:00",
        "11:30:00"
      ],
      [
        "13:00:00",
        "15:00:00"
      ]
    ],
    "evidence_scope": "仅从实际接入日起的前向数据，不回填历史IOPV"
  },
  "checks": {
    "same_fund_code": true,
    "same_trade_date": true,
    "iopv_publication_enabled": true,
    "positive_iopv": true,
    "positive_last_price": true,
    "positive_creation_unit": true,
    "snapshot_fresh_during_collection_session": true
  },
  "freshness": {
    "during_collection_session": true,
    "clock_delay_seconds": 0.986721,
    "maximum_allowed_seconds_during_session": 180.0
  },
  "latest_pcf": {
    "trading_day": "2026-08-17",
    "previous_trading_day": "2026-08-14",
    "fund_code": "510300",
    "fund_name": "华泰柏瑞沪深300交易型开放式指数证券投资基金",
    "fund_company": "华泰柏瑞基金管理有限公司",
    "file_id": "1463187",
    "etf_type": "8",
    "nav": 4.7282,
    "nav_per_creation_unit": 4255390.17,
    "previous_cash_component": 105384.17,
    "estimated_cash_component": 107458.17,
    "maximum_cash_ratio": 0.5,
    "creation_redemption_unit": 900000,
    "component_count": 300,
    "publish_iopv": true,
    "creation_redemption_status": "申购和赎回皆允许",
    "creation_redemption_mechanism": "1",
    "creation_limit": null,
    "redemption_limit": 3600000000.0,
    "net_creation_limit": null,
    "net_redemption_limit": null,
    "creation_limit_per_account": null,
    "redemption_limit_per_account": null,
    "net_creation_limit_per_account": null,
    "net_redemption_limit_per_account": null,
    "source": "sse.COMMON_SSE_CP_JJLB_ETFJJGK_GGSGSHQD_JBXX_C",
    "retrieved_at": "2026-08-17T09:30:09.574575+08:00"
  },
  "latest_iopv": {
    "exchange_timestamp": "2026-08-17 11:04:24",
    "trade_date": "2026-08-17",
    "fund_code": "510300",
    "name": "300ETF",
    "extended_name": "沪深300ETF华泰柏瑞",
    "last_price": 4.763,
    "iopv": 4.7637,
    "premium_discount_bps": -1.4694460188513503,
    "change_rate_pct": 0.78,
    "change_cny": 0.037,
    "open": 4.73,
    "previous_close": 4.726,
    "high": 4.765,
    "low": 4.725,
    "volume_shares": 270771986.0,
    "amount_cny": 1283778548.0,
    "trade_phase_raw": "T111    ",
    "post_close_volume_shares": 0.0,
    "post_close_amount_cny": 0.0,
    "post_close_phase_raw": "A1      ",
    "product_subtype": "EBS",
    "source": "sse.yunhq.sh1.snap",
    "retrieved_at": "2026-08-17T11:04:24.959623+08:00"
  },
  "account_feasibility": {
    "reference_account_cny": 20000.0,
    "creation_unit_notional_cny": 4286700.0,
    "can_directly_create_or_redeem": false,
    "intended_use": "只用PCF和IOPV观察一级市场吸收状态，在二级市场交易510300"
  },
  "storage": {
    "pcf": {
      "file": "data/raw/primary_market/510300_pcf_daily.parquet",
      "row_count": 3,
      "first_key": "2026-08-13",
      "last_key": "2026-08-17",
      "sha256": "5b07ef24cc244d40afc8eb241ee183f2181026aa2f7b920cc6f9b3813ac40302"
    },
    "iopv": {
      "file": "data/raw/primary_market/510300_iopv_snapshots.parquet",
      "row_count": 95,
      "first_key": "2026-08-13 16:29:06",
      "last_key": "2026-08-17 11:04:24",
      "sha256": "f78f6c13555f424abc7a87bbecfa5a0a1ccd2b1115703744284c8eda9e5c7c77"
    }
  },
  "raw_response_files": [
    "data/raw/primary_market/raw/iopv/20260817/20260817T110423_817830+0800.json"
  ],
  "governance": {
    "use_as_trading_signal": false,
    "automatic_ordering_authorized": false,
    "note": "当前只采集和纸面验证；未通过前向门槛前不得映射实盘仓位。"
  }
}
{
  "status": "PASS",
  "checked_at": "2026-08-17T11:05:26.234874+08:00",
  "collector": {
    "collector_id": "510300_PRIMARY_SECONDARY_FORWARD_V1",
    "symbol": "510300.SH",
    "fund_code": "510300",
    "timezone": "Asia/Shanghai",
    "timeout_seconds": 15,
    "observation_interval_seconds": 60,
    "collection_start_time": "09:30:00",
    "collection_end_time": "15:00:00",
    "collection_sessions": [
      [
        "09:30:00",
        "11:30:00"
      ],
      [
        "13:00:00",
        "15:00:00"
      ]
    ],
    "evidence_scope": "仅从实际接入日起的前向数据，不回填历史IOPV"
  },
  "checks": {
    "same_fund_code": true,
    "same_trade_date": true,
    "iopv_publication_enabled": true,
    "positive_iopv": true,
    "positive_last_price": true,
    "positive_creation_unit": true,
    "snapshot_fresh_during_collection_session": true
  },
  "freshness": {
    "during_collection_session": true,
    "clock_delay_seconds": 0.234874,
    "maximum_allowed_seconds_during_session": 180.0
  },
  "latest_pcf": {
    "trading_day": "2026-08-17",
    "previous_trading_day": "2026-08-14",
    "fund_code": "510300",
    "fund_name": "华泰柏瑞沪深300交易型开放式指数证券投资基金",
    "fund_company": "华泰柏瑞基金管理有限公司",
    "file_id": "1463187",
    "etf_type": "8",
    "nav": 4.7282,
    "nav_per_creation_unit": 4255390.17,
    "previous_cash_component": 105384.17,
    "estimated_cash_component": 107458.17,
    "maximum_cash_ratio": 0.5,
    "creation_redemption_unit": 900000,
    "component_count": 300,
    "publish_iopv": true,
    "creation_redemption_status": "申购和赎回皆允许",
    "creation_redemption_mechanism": "1",
    "creation_limit": null,
    "redemption_limit": 3600000000.0,
    "net_creation_limit": null,
    "net_redemption_limit": null,
    "creation_limit_per_account": null,
    "redemption_limit_per_account": null,
    "net_creation_limit_per_account": null,
    "net_redemption_limit_per_account": null,
    "source": "sse.COMMON_SSE_CP_JJLB_ETFJJGK_GGSGSHQD_JBXX_C",
    "retrieved_at": "2026-08-17T09:30:09.574575+08:00"
  },
  "latest_iopv": {
    "exchange_timestamp": "2026-08-17 11:05:26",
    "trade_date": "2026-08-17",
    "fund_code": "510300",
    "name": "300ETF",
    "extended_name": "沪深300ETF华泰柏瑞",
    "last_price": 4.762,
    "iopv": 4.7622,
    "premium_discount_bps": -0.41997396161508327,
    "change_rate_pct": 0.76,
    "change_cny": 0.036,
    "open": 4.73,
    "previous_close": 4.726,
    "high": 4.765,
    "low": 4.725,
    "volume_shares": 273478386.0,
    "amount_cny": 1296667548.0,
    "trade_phase_raw": "T111    ",
    "post_close_volume_shares": 0.0,
    "post_close_amount_cny": 0.0,
    "post_close_phase_raw": "A1      ",
    "product_subtype": "EBS",
    "source": "sse.yunhq.sh1.snap",
    "retrieved_at": "2026-08-17T11:05:26.209627+08:00"
  },
  "account_feasibility": {
    "reference_account_cny": 20000.0,
    "creation_unit_notional_cny": 4285800.0,
    "can_directly_create_or_redeem": false,
    "intended_use": "只用PCF和IOPV观察一级市场吸收状态，在二级市场交易510300"
  },
  "storage": {
    "pcf": {
      "file": "data/raw/primary_market/510300_pcf_daily.parquet",
      "row_count": 3,
      "first_key": "2026-08-13",
      "last_key": "2026-08-17",
      "sha256": "5b07ef24cc244d40afc8eb241ee183f2181026aa2f7b920cc6f9b3813ac40302"
    },
    "iopv": {
      "file": "data/raw/primary_market/510300_iopv_snapshots.parquet",
      "row_count": 96,
      "first_key": "2026-08-13 16:29:06",
      "last_key": "2026-08-17 11:05:26",
      "sha256": "e6d9de2846b829859c3e7a4e2499c8e2e408d81b61ea32839a18cb71bdeab6c9"
    }
  },
  "raw_response_files": [
    "data/raw/primary_market/raw/iopv/20260817/20260817T110524_989406+0800.json"
  ],
  "governance": {
    "use_as_trading_signal": false,
    "automatic_ordering_authorized": false,
    "note": "当前只采集和纸面验证；未通过前向门槛前不得映射实盘仓位。"
  }
}
{
  "status": "PASS",
  "checked_at": "2026-08-17T11:06:27.438826+08:00",
  "collector": {
    "collector_id": "510300_PRIMARY_SECONDARY_FORWARD_V1",
    "symbol": "510300.SH",
    "fund_code": "510300",
    "timezone": "Asia/Shanghai",
    "timeout_seconds": 15,
    "observation_interval_seconds": 60,
    "collection_start_time": "09:30:00",
    "collection_end_time": "15:00:00",
    "collection_sessions": [
      [
        "09:30:00",
        "11:30:00"
      ],
      [
        "13:00:00",
        "15:00:00"
      ]
    ],
    "evidence_scope": "仅从实际接入日起的前向数据，不回填历史IOPV"
  },
  "checks": {
    "same_fund_code": true,
    "same_trade_date": true,
    "iopv_publication_enabled": true,
    "positive_iopv": true,
    "positive_last_price": true,
    "positive_creation_unit": true,
    "snapshot_fresh_during_collection_session": true
  },
  "freshness": {
    "during_collection_session": true,
    "clock_delay_seconds": 0.438826,
    "maximum_allowed_seconds_during_session": 180.0
  },
  "latest_pcf": {
    "trading_day": "2026-08-17",
    "previous_trading_day": "2026-08-14",
    "fund_code": "510300",
    "fund_name": "华泰柏瑞沪深300交易型开放式指数证券投资基金",
    "fund_company": "华泰柏瑞基金管理有限公司",
    "file_id": "1463187",
    "etf_type": "8",
    "nav": 4.7282,
    "nav_per_creation_unit": 4255390.17,
    "previous_cash_component": 105384.17,
    "estimated_cash_component": 107458.17,
    "maximum_cash_ratio": 0.5,
    "creation_redemption_unit": 900000,
    "component_count": 300,
    "publish_iopv": true,
    "creation_redemption_status": "申购和赎回皆允许",
    "creation_redemption_mechanism": "1",
    "creation_limit": null,
    "redemption_limit": 3600000000.0,
    "net_creation_limit": null,
    "net_redemption_limit": null,
    "creation_limit_per_account": null,
    "redemption_limit_per_account": null,
    "net_creation_limit_per_account": null,
    "net_redemption_limit_per_account": null,
    "source": "sse.COMMON_SSE_CP_JJLB_ETFJJGK_GGSGSHQD_JBXX_C",
    "retrieved_at": "2026-08-17T09:30:09.574575+08:00"
  },
  "latest_iopv": {
    "exchange_timestamp": "2026-08-17 11:06:27",
    "trade_date": "2026-08-17",
    "fund_code": "510300",
    "name": "300ETF",
    "extended_name": "沪深300ETF华泰柏瑞",
    "last_price": 4.761,
    "iopv": 4.7617,
    "premium_discount_bps": -1.4700632127184754,
    "change_rate_pct": 0.74,
    "change_cny": 0.035,
    "open": 4.73,
    "previous_close": 4.726,
    "high": 4.765,
    "low": 4.725,
    "volume_shares": 276104086.0,
    "amount_cny": 1309171676.0,
    "trade_phase_raw": "T111    ",
    "post_close_volume_shares": 0.0,
    "post_close_amount_cny": 0.0,
    "post_close_phase_raw": "A1      ",
    "product_subtype": "EBS",
    "source": "sse.yunhq.sh1.snap",
    "retrieved_at": "2026-08-17T11:06:27.403398+08:00"
  },
  "account_feasibility": {
    "reference_account_cny": 20000.0,
    "creation_unit_notional_cny": 4284900.0,
    "can_directly_create_or_redeem": false,
    "intended_use": "只用PCF和IOPV观察一级市场吸收状态，在二级市场交易510300"
  },
  "storage": {
    "pcf": {
      "file": "data/raw/primary_market/510300_pcf_daily.parquet",
      "row_count": 3,
      "first_key": "2026-08-13",
      "last_key": "2026-08-17",
      "sha256": "5b07ef24cc244d40afc8eb241ee183f2181026aa2f7b920cc6f9b3813ac40302"
    },
    "iopv": {
      "file": "data/raw/primary_market/510300_iopv_snapshots.parquet",
      "row_count": 97,
      "first_key": "2026-08-13 16:29:06",
      "last_key": "2026-08-17 11:06:27",
      "sha256": "37870fc6bf26741c344f8589a6bf82eb29edc50ed919dee2d4cff12559cf5823"
    }
  },
  "raw_response_files": [
    "data/raw/primary_market/raw/iopv/20260817/20260817T110626_237173+0800.json"
  ],
  "governance": {
    "use_as_trading_signal": false,
    "automatic_ordering_authorized": false,
    "note": "当前只采集和纸面验证；未通过前向门槛前不得映射实盘仓位。"
  }
}
{
  "status": "PASS",
  "checked_at": "2026-08-17T11:07:29.310965+08:00",
  "collector": {
    "collector_id": "510300_PRIMARY_SECONDARY_FORWARD_V1",
    "symbol": "510300.SH",
    "fund_code": "510300",
    "timezone": "Asia/Shanghai",
    "timeout_seconds": 15,
    "observation_interval_seconds": 60,
    "collection_start_time": "09:30:00",
    "collection_end_time": "15:00:00",
    "collection_sessions": [
      [
        "09:30:00",
        "11:30:00"
      ],
      [
        "13:00:00",
        "15:00:00"
      ]
    ],
    "evidence_scope": "仅从实际接入日起的前向数据，不回填历史IOPV"
  },
  "checks": {
    "same_fund_code": true,
    "same_trade_date": true,
    "iopv_publication_enabled": true,
    "positive_iopv": true,
    "positive_last_price": true,
    "positive_creation_unit": true,
    "snapshot_fresh_during_collection_session": true
  },
  "freshness": {
    "during_collection_session": true,
    "clock_delay_seconds": 0.310965,
    "maximum_allowed_seconds_during_session": 180.0
  },
  "latest_pcf": {
    "trading_day": "2026-08-17",
    "previous_trading_day": "2026-08-14",
    "fund_code": "510300",
    "fund_name": "华泰柏瑞沪深300交易型开放式指数证券投资基金",
    "fund_company": "华泰柏瑞基金管理有限公司",
    "file_id": "1463187",
    "etf_type": "8",
    "nav": 4.7282,
    "nav_per_creation_unit": 4255390.17,
    "previous_cash_component": 105384.17,
    "estimated_cash_component": 107458.17,
    "maximum_cash_ratio": 0.5,
    "creation_redemption_unit": 900000,
    "component_count": 300,
    "publish_iopv": true,
    "creation_redemption_status": "申购和赎回皆允许",
    "creation_redemption_mechanism": "1",
    "creation_limit": null,
    "redemption_limit": 3600000000.0,
    "net_creation_limit": null,
    "net_redemption_limit": null,
    "creation_limit_per_account": null,
    "redemption_limit_per_account": null,
    "net_creation_limit_per_account": null,
    "net_redemption_limit_per_account": null,
    "source": "sse.COMMON_SSE_CP_JJLB_ETFJJGK_GGSGSHQD_JBXX_C",
    "retrieved_at": "2026-08-17T09:30:09.574575+08:00"
  },
  "latest_iopv": {
    "exchange_timestamp": "2026-08-17 11:07:29",
    "trade_date": "2026-08-17",
    "fund_code": "510300",
    "name": "300ETF",
    "extended_name": "沪深300ETF华泰柏瑞",
    "last_price": 4.758,
    "iopv": 4.76,
    "premium_discount_bps": -4.201680672268893,
    "change_rate_pct": 0.68,
    "change_cny": 0.032,
    "open": 4.73,
    "previous_close": 4.726,
    "high": 4.765,
    "low": 4.725,
    "volume_shares": 277513886.0,
    "amount_cny": 1315880889.0,
    "trade_phase_raw": "T111    ",
    "post_close_volume_shares": 0.0,
    "post_close_amount_cny": 0.0,
    "post_close_phase_raw": "A1      ",
    "product_subtype": "EBS",
    "source": "sse.yunhq.sh1.snap",
    "retrieved_at": "2026-08-17T11:07:29.274678+08:00"
  },
  "account_feasibility": {
    "reference_account_cny": 20000.0,
    "creation_unit_notional_cny": 4282200.0,
    "can_directly_create_or_redeem": false,
    "intended_use": "只用PCF和IOPV观察一级市场吸收状态，在二级市场交易510300"
  },
  "storage": {
    "pcf": {
      "file": "data/raw/primary_market/510300_pcf_daily.parquet",
      "row_count": 3,
      "first_key": "2026-08-13",
      "last_key": "2026-08-17",
      "sha256": "5b07ef24cc244d40afc8eb241ee183f2181026aa2f7b920cc6f9b3813ac40302"
    },
    "iopv": {
      "file": "data/raw/primary_market/510300_iopv_snapshots.parquet",
      "row_count": 98,
      "first_key": "2026-08-13 16:29:06",
      "last_key": "2026-08-17 11:07:29",
      "sha256": "469efabfdc4d8d495e488913f2b596a5d33ce4cebdf8ea2f8757746199310ba0"
    }
  },
  "raw_response_files": [
    "data/raw/primary_market/raw/iopv/20260817/20260817T110727_440535+0800.json"
  ],
  "governance": {
    "use_as_trading_signal": false,
    "automatic_ordering_authorized": false,
    "note": "当前只采集和纸面验证；未通过前向门槛前不得映射实盘仓位。"
  }
}
{
  "status": "PASS",
  "checked_at": "2026-08-17T11:08:30.506291+08:00",
  "collector": {
    "collector_id": "510300_PRIMARY_SECONDARY_FORWARD_V1",
    "symbol": "510300.SH",
    "fund_code": "510300",
    "timezone": "Asia/Shanghai",
    "timeout_seconds": 15,
    "observation_interval_seconds": 60,
    "collection_start_time": "09:30:00",
    "collection_end_time": "15:00:00",
    "collection_sessions": [
      [
        "09:30:00",
        "11:30:00"
      ],
      [
        "13:00:00",
        "15:00:00"
      ]
    ],
    "evidence_scope": "仅从实际接入日起的前向数据，不回填历史IOPV"
  },
  "checks": {
    "same_fund_code": true,
    "same_trade_date": true,
    "iopv_publication_enabled": true,
    "positive_iopv": true,
    "positive_last_price": true,
    "positive_creation_unit": true,
    "snapshot_fresh_during_collection_session": true
  },
  "freshness": {
    "during_collection_session": true,
    "clock_delay_seconds": 0.506291,
    "maximum_allowed_seconds_during_session": 180.0
  },
  "latest_pcf": {
    "trading_day": "2026-08-17",
    "previous_trading_day": "2026-08-14",
    "fund_code": "510300",
    "fund_name": "华泰柏瑞沪深300交易型开放式指数证券投资基金",
    "fund_company": "华泰柏瑞基金管理有限公司",
    "file_id": "1463187",
    "etf_type": "8",
    "nav": 4.7282,
    "nav_per_creation_unit": 4255390.17,
    "previous_cash_component": 105384.17,
    "estimated_cash_component": 107458.17,
    "maximum_cash_ratio": 0.5,
    "creation_redemption_unit": 900000,
    "component_count": 300,
    "publish_iopv": true,
    "creation_redemption_status": "申购和赎回皆允许",
    "creation_redemption_mechanism": "1",
    "creation_limit": null,
    "redemption_limit": 3600000000.0,
    "net_creation_limit": null,
    "net_redemption_limit": null,
    "creation_limit_per_account": null,
    "redemption_limit_per_account": null,
    "net_creation_limit_per_account": null,
    "net_redemption_limit_per_account": null,
    "source": "sse.COMMON_SSE_CP_JJLB_ETFJJGK_GGSGSHQD_JBXX_C",
    "retrieved_at": "2026-08-17T09:30:09.574575+08:00"
  },
  "latest_iopv": {
    "exchange_timestamp": "2026-08-17 11:08:30",
    "trade_date": "2026-08-17",
    "fund_code": "510300",
    "name": "300ETF",
    "extended_name": "沪深300ETF华泰柏瑞",
    "last_price": 4.761,
    "iopv": 4.7624,
    "premium_discount_bps": -2.9396942717963004,
    "change_rate_pct": 0.74,
    "change_cny": 0.035,
    "open": 4.73,
    "previous_close": 4.726,
    "high": 4.765,
    "low": 4.725,
    "volume_shares": 281795076.0,
    "amount_cny": 1336260333.0,
    "trade_phase_raw": "T111    ",
    "post_close_volume_shares": 0.0,
    "post_close_amount_cny": 0.0,
    "post_close_phase_raw": "A1      ",
    "product_subtype": "EBS",
    "source": "sse.yunhq.sh1.snap",
    "retrieved_at": "2026-08-17T11:08:30.467464+08:00"
  },
  "account_feasibility": {
    "reference_account_cny": 20000.0,
    "creation_unit_notional_cny": 4284900.0,
    "can_directly_create_or_redeem": false,
    "intended_use": "只用PCF和IOPV观察一级市场吸收状态，在二级市场交易510300"
  },
  "storage": {
    "pcf": {
      "file": "data/raw/primary_market/510300_pcf_daily.parquet",
      "row_count": 3,
      "first_key": "2026-08-13",
      "last_key": "2026-08-17",
      "sha256": "5b07ef24cc244d40afc8eb241ee183f2181026aa2f7b920cc6f9b3813ac40302"
    },
    "iopv": {
      "file": "data/raw/primary_market/510300_iopv_snapshots.parquet",
      "row_count": 99,
      "first_key": "2026-08-13 16:29:06",
      "last_key": "2026-08-17 11:08:30",
      "sha256": "b6876d1ff86f9bb32796c5cb715aa990b6ecdd6330b0464827e63ef47973471e"
    }
  },
  "raw_response_files": [
    "data/raw/primary_market/raw/iopv/20260817/20260817T110829_313707+0800.json"
  ],
  "governance": {
    "use_as_trading_signal": false,
    "automatic_ordering_authorized": false,
    "note": "当前只采集和纸面验证；未通过前向门槛前不得映射实盘仓位。"
  }
}
{
  "status": "PASS",
  "checked_at": "2026-08-17T11:09:31.767236+08:00",
  "collector": {
    "collector_id": "510300_PRIMARY_SECONDARY_FORWARD_V1",
    "symbol": "510300.SH",
    "fund_code": "510300",
    "timezone": "Asia/Shanghai",
    "timeout_seconds": 15,
    "observation_interval_seconds": 60,
    "collection_start_time": "09:30:00",
    "collection_end_time": "15:00:00",
    "collection_sessions": [
      [
        "09:30:00",
        "11:30:00"
      ],
      [
        "13:00:00",
        "15:00:00"
      ]
    ],
    "evidence_scope": "仅从实际接入日起的前向数据，不回填历史IOPV"
  },
  "checks": {
    "same_fund_code": true,
    "same_trade_date": true,
    "iopv_publication_enabled": true,
    "positive_iopv": true,
    "positive_last_price": true,
    "positive_creation_unit": true,
    "snapshot_fresh_during_collection_session": true
  },
  "freshness": {
    "during_collection_session": true,
    "clock_delay_seconds": 0.767236,
    "maximum_allowed_seconds_during_session": 180.0
  },
  "latest_pcf": {
    "trading_day": "2026-08-17",
    "previous_trading_day": "2026-08-14",
    "fund_code": "510300",
    "fund_name": "华泰柏瑞沪深300交易型开放式指数证券投资基金",
    "fund_company": "华泰柏瑞基金管理有限公司",
    "file_id": "1463187",
    "etf_type": "8",
    "nav": 4.7282,
    "nav_per_creation_unit": 4255390.17,
    "previous_cash_component": 105384.17,
    "estimated_cash_component": 107458.17,
    "maximum_cash_ratio": 0.5,
    "creation_redemption_unit": 900000,
    "component_count": 300,
    "publish_iopv": true,
    "creation_redemption_status": "申购和赎回皆允许",
    "creation_redemption_mechanism": "1",
    "creation_limit": null,
    "redemption_limit": 3600000000.0,
    "net_creation_limit": null,
    "net_redemption_limit": null,
    "creation_limit_per_account": null,
    "redemption_limit_per_account": null,
    "net_creation_limit_per_account": null,
    "net_redemption_limit_per_account": null,
    "source": "sse.COMMON_SSE_CP_JJLB_ETFJJGK_GGSGSHQD_JBXX_C",
    "retrieved_at": "2026-08-17T09:30:09.574575+08:00"
  },
  "latest_iopv": {
    "exchange_timestamp": "2026-08-17 11:09:31",
    "trade_date": "2026-08-17",
    "fund_code": "510300",
    "name": "300ETF",
    "extended_name": "沪深300ETF华泰柏瑞",
    "last_price": 4.763,
    "iopv": 4.7639,
    "premium_discount_bps": -1.8892084216703964,
    "change_rate_pct": 0.78,
    "change_cny": 0.037,
    "open": 4.73,
    "previous_close": 4.726,
    "high": 4.765,
    "low": 4.725,
    "volume_shares": 284201576.0,
    "amount_cny": 1347723533.0,
    "trade_phase_raw": "T111    ",
    "post_close_volume_shares": 0.0,
    "post_close_amount_cny": 0.0,
    "post_close_phase_raw": "A1      ",
    "product_subtype": "EBS",
    "source": "sse.yunhq.sh1.snap",
    "retrieved_at": "2026-08-17T11:09:31.731059+08:00"
  },
  "account_feasibility": {
    "reference_account_cny": 20000.0,
    "creation_unit_notional_cny": 4286700.0,
    "can_directly_create_or_redeem": false,
    "intended_use": "只用PCF和IOPV观察一级市场吸收状态，在二级市场交易510300"
  },
  "storage": {
    "pcf": {
      "file": "data/raw/primary_market/510300_pcf_daily.parquet",
      "row_count": 3,
      "first_key": "2026-08-13",
      "last_key": "2026-08-17",
      "sha256": "5b07ef24cc244d40afc8eb241ee183f2181026aa2f7b920cc6f9b3813ac40302"
    },
    "iopv": {
      "file": "data/raw/primary_market/510300_iopv_snapshots.parquet",
      "row_count": 100,
      "first_key": "2026-08-13 16:29:06",
      "last_key": "2026-08-17 11:09:31",
      "sha256": "e29733366d8e486820753d0da05b73856ef4e21c976590cb99591ded8099541d"
    }
  },
  "raw_response_files": [
    "data/raw/primary_market/raw/iopv/20260817/20260817T110930_508094+0800.json"
  ],
  "governance": {
    "use_as_trading_signal": false,
    "automatic_ordering_authorized": false,
    "note": "当前只采集和纸面验证；未通过前向门槛前不得映射实盘仓位。"
  }
}
{
  "status": "PASS",
  "checked_at": "2026-08-17T11:10:33.201209+08:00",
  "collector": {
    "collector_id": "510300_PRIMARY_SECONDARY_FORWARD_V1",
    "symbol": "510300.SH",
    "fund_code": "510300",
    "timezone": "Asia/Shanghai",
    "timeout_seconds": 15,
    "observation_interval_seconds": 60,
    "collection_start_time": "09:30:00",
    "collection_end_time": "15:00:00",
    "collection_sessions": [
      [
        "09:30:00",
        "11:30:00"
      ],
      [
        "13:00:00",
        "15:00:00"
      ]
    ],
    "evidence_scope": "仅从实际接入日起的前向数据，不回填历史IOPV"
  },
  "checks": {
    "same_fund_code": true,
    "same_trade_date": true,
    "iopv_publication_enabled": true,
    "positive_iopv": true,
    "positive_last_price": true,
    "positive_creation_unit": true,
    "snapshot_fresh_during_collection_session": true
  },
  "freshness": {
    "during_collection_session": true,
    "clock_delay_seconds": 0.201209,
    "maximum_allowed_seconds_during_session": 180.0
  },
  "latest_pcf": {
    "trading_day": "2026-08-17",
    "previous_trading_day": "2026-08-14",
    "fund_code": "510300",
    "fund_name": "华泰柏瑞沪深300交易型开放式指数证券投资基金",
    "fund_company": "华泰柏瑞基金管理有限公司",
    "file_id": "1463187",
    "etf_type": "8",
    "nav": 4.7282,
    "nav_per_creation_unit": 4255390.17,
    "previous_cash_component": 105384.17,
    "estimated_cash_component": 107458.17,
    "maximum_cash_ratio": 0.5,
    "creation_redemption_unit": 900000,
    "component_count": 300,
    "publish_iopv": true,
    "creation_redemption_status": "申购和赎回皆允许",
    "creation_redemption_mechanism": "1",
    "creation_limit": null,
    "redemption_limit": 3600000000.0,
    "net_creation_limit": null,
    "net_redemption_limit": null,
    "creation_limit_per_account": null,
    "redemption_limit_per_account": null,
    "net_creation_limit_per_account": null,
    "net_redemption_limit_per_account": null,
    "source": "sse.COMMON_SSE_CP_JJLB_ETFJJGK_GGSGSHQD_JBXX_C",
    "retrieved_at": "2026-08-17T09:30:09.574575+08:00"
  },
  "latest_iopv": {
    "exchange_timestamp": "2026-08-17 11:10:33",
    "trade_date": "2026-08-17",
    "fund_code": "510300",
    "name": "300ETF",
    "extended_name": "沪深300ETF华泰柏瑞",
    "last_price": 4.761,
    "iopv": 4.7623,
    "premium_discount_bps": -2.7297734288045383,
    "change_rate_pct": 0.74,
    "change_cny": 0.035,
    "open": 4.73,
    "previous_close": 4.726,
    "high": 4.765,
    "low": 4.725,
    "volume_shares": 287665776.0,
    "amount_cny": 1364220547.0,
    "trade_phase_raw": "T111    ",
    "post_close_volume_shares": 0.0,
    "post_close_amount_cny": 0.0,
    "post_close_phase_raw": "A1      ",
    "product_subtype": "EBS",
    "source": "sse.yunhq.sh1.snap",
    "retrieved_at": "2026-08-17T11:10:33.160452+08:00"
  },
  "account_feasibility": {
    "reference_account_cny": 20000.0,
    "creation_unit_notional_cny": 4284900.0,
    "can_directly_create_or_redeem": false,
    "intended_use": "只用PCF和IOPV观察一级市场吸收状态，在二级市场交易510300"
  },
  "storage": {
    "pcf": {
      "file": "data/raw/primary_market/510300_pcf_daily.parquet",
      "row_count": 3,
      "first_key": "2026-08-13",
      "last_key": "2026-08-17",
      "sha256": "5b07ef24cc244d40afc8eb241ee183f2181026aa2f7b920cc6f9b3813ac40302"
    },
    "iopv": {
      "file": "data/raw/primary_market/510300_iopv_snapshots.parquet",
      "row_count": 101,
      "first_key": "2026-08-13 16:29:06",
      "last_key": "2026-08-17 11:10:33",
      "sha256": "ca4fd10b8e4ff26a422753a1a8bc22bb0a329f9e106ab3eefefc43d59160368d"
    }
  },
  "raw_response_files": [
    "data/raw/primary_market/raw/iopv/20260817/20260817T111031_768992+0800.json"
  ],
  "governance": {
    "use_as_trading_signal": false,
    "automatic_ordering_authorized": false,
    "note": "当前只采集和纸面验证；未通过前向门槛前不得映射实盘仓位。"
  }
}
{
  "status": "PASS",
  "checked_at": "2026-08-17T11:11:34.967101+08:00",
  "collector": {
    "collector_id": "510300_PRIMARY_SECONDARY_FORWARD_V1",
    "symbol": "510300.SH",
    "fund_code": "510300",
    "timezone": "Asia/Shanghai",
    "timeout_seconds": 15,
    "observation_interval_seconds": 60,
    "collection_start_time": "09:30:00",
    "collection_end_time": "15:00:00",
    "collection_sessions": [
      [
        "09:30:00",
        "11:30:00"
      ],
      [
        "13:00:00",
        "15:00:00"
      ]
    ],
    "evidence_scope": "仅从实际接入日起的前向数据，不回填历史IOPV"
  },
  "checks": {
    "same_fund_code": true,
    "same_trade_date": true,
    "iopv_publication_enabled": true,
    "positive_iopv": true,
    "positive_last_price": true,
    "positive_creation_unit": true,
    "snapshot_fresh_during_collection_session": true
  },
  "freshness": {
    "during_collection_session": true,
    "clock_delay_seconds": 0.967101,
    "maximum_allowed_seconds_during_session": 180.0
  },
  "latest_pcf": {
    "trading_day": "2026-08-17",
    "previous_trading_day": "2026-08-14",
    "fund_code": "510300",
    "fund_name": "华泰柏瑞沪深300交易型开放式指数证券投资基金",
    "fund_company": "华泰柏瑞基金管理有限公司",
    "file_id": "1463187",
    "etf_type": "8",
    "nav": 4.7282,
    "nav_per_creation_unit": 4255390.17,
    "previous_cash_component": 105384.17,
    "estimated_cash_component": 107458.17,
    "maximum_cash_ratio": 0.5,
    "creation_redemption_unit": 900000,
    "component_count": 300,
    "publish_iopv": true,
    "creation_redemption_status": "申购和赎回皆允许",
    "creation_redemption_mechanism": "1",
    "creation_limit": null,
    "redemption_limit": 3600000000.0,
    "net_creation_limit": null,
    "net_redemption_limit": null,
    "creation_limit_per_account": null,
    "redemption_limit_per_account": null,
    "net_creation_limit_per_account": null,
    "net_redemption_limit_per_account": null,
    "source": "sse.COMMON_SSE_CP_JJLB_ETFJJGK_GGSGSHQD_JBXX_C",
    "retrieved_at": "2026-08-17T09:30:09.574575+08:00"
  },
  "latest_iopv": {
    "exchange_timestamp": "2026-08-17 11:11:34",
    "trade_date": "2026-08-17",
    "fund_code": "510300",
    "name": "300ETF",
    "extended_name": "沪深300ETF华泰柏瑞",
    "last_price": 4.759,
    "iopv": 4.7615,
    "premium_discount_bps": -5.2504462879332525,
    "change_rate_pct": 0.7,
    "change_cny": 0.033,
    "open": 4.73,
    "previous_close": 4.726,
    "high": 4.765,
    "low": 4.725,
    "volume_shares": 288755076.0,
    "amount_cny": 1369405566.0,
    "trade_phase_raw": "T111    ",
    "post_close_volume_shares": 0.0,
    "post_close_amount_cny": 0.0,
    "post_close_phase_raw": "A1      ",
    "product_subtype": "EBS",
    "source": "sse.yunhq.sh1.snap",
    "retrieved_at": "2026-08-17T11:11:34.929996+08:00"
  },
  "account_feasibility": {
    "reference_account_cny": 20000.0,
    "creation_unit_notional_cny": 4283100.0,
    "can_directly_create_or_redeem": false,
    "intended_use": "只用PCF和IOPV观察一级市场吸收状态，在二级市场交易510300"
  },
  "storage": {
    "pcf": {
      "file": "data/raw/primary_market/510300_pcf_daily.parquet",
      "row_count": 3,
      "first_key": "2026-08-13",
      "last_key": "2026-08-17",
      "sha256": "5b07ef24cc244d40afc8eb241ee183f2181026aa2f7b920cc6f9b3813ac40302"
    },
    "iopv": {
      "file": "data/raw/primary_market/510300_iopv_snapshots.parquet",
      "row_count": 102,
      "first_key": "2026-08-13 16:29:06",
      "last_key": "2026-08-17 11:11:34",
      "sha256": "14099f8f493bae4e45ea60c5bd2dfa8ea420592def6bf8142cb05f8485c7d311"
    }
  },
  "raw_response_files": [
    "data/raw/primary_market/raw/iopv/20260817/20260817T111133_203466+0800.json"
  ],
  "governance": {
    "use_as_trading_signal": false,
    "automatic_ordering_authorized": false,
    "note": "当前只采集和纸面验证；未通过前向门槛前不得映射实盘仓位。"
  }
}
{
  "status": "PASS",
  "checked_at": "2026-08-17T11:12:36.177443+08:00",
  "collector": {
    "collector_id": "510300_PRIMARY_SECONDARY_FORWARD_V1",
    "symbol": "510300.SH",
    "fund_code": "510300",
    "timezone": "Asia/Shanghai",
    "timeout_seconds": 15,
    "observation_interval_seconds": 60,
    "collection_start_time": "09:30:00",
    "collection_end_time": "15:00:00",
    "collection_sessions": [
      [
        "09:30:00",
        "11:30:00"
      ],
      [
        "13:00:00",
        "15:00:00"
      ]
    ],
    "evidence_scope": "仅从实际接入日起的前向数据，不回填历史IOPV"
  },
  "checks": {
    "same_fund_code": true,
    "same_trade_date": true,
    "iopv_publication_enabled": true,
    "positive_iopv": true,
    "positive_last_price": true,
    "positive_creation_unit": true,
    "snapshot_fresh_during_collection_session": true
  },
  "freshness": {
    "during_collection_session": true,
    "clock_delay_seconds": 0.177443,
    "maximum_allowed_seconds_during_session": 180.0
  },
  "latest_pcf": {
    "trading_day": "2026-08-17",
    "previous_trading_day": "2026-08-14",
    "fund_code": "510300",
    "fund_name": "华泰柏瑞沪深300交易型开放式指数证券投资基金",
    "fund_company": "华泰柏瑞基金管理有限公司",
    "file_id": "1463187",
    "etf_type": "8",
    "nav": 4.7282,
    "nav_per_creation_unit": 4255390.17,
    "previous_cash_component": 105384.17,
    "estimated_cash_component": 107458.17,
    "maximum_cash_ratio": 0.5,
    "creation_redemption_unit": 900000,
    "component_count": 300,
    "publish_iopv": true,
    "creation_redemption_status": "申购和赎回皆允许",
    "creation_redemption_mechanism": "1",
    "creation_limit": null,
    "redemption_limit": 3600000000.0,
    "net_creation_limit": null,
    "net_redemption_limit": null,
    "creation_limit_per_account": null,
    "redemption_limit_per_account": null,
    "net_creation_limit_per_account": null,
    "net_redemption_limit_per_account": null,
    "source": "sse.COMMON_SSE_CP_JJLB_ETFJJGK_GGSGSHQD_JBXX_C",
    "retrieved_at": "2026-08-17T09:30:09.574575+08:00"
  },
  "latest_iopv": {
    "exchange_timestamp": "2026-08-17 11:12:36",
    "trade_date": "2026-08-17",
    "fund_code": "510300",
    "name": "300ETF",
    "extended_name": "沪深300ETF华泰柏瑞",
    "last_price": 4.758,
    "iopv": 4.76,
    "premium_discount_bps": -4.201680672268893,
    "change_rate_pct": 0.68,
    "change_cny": 0.032,
    "open": 4.73,
    "previous_close": 4.726,
    "high": 4.765,
    "low": 4.725,
    "volume_shares": 290438886.0,
    "amount_cny": 1377417482.0,
    "trade_phase_raw": "T111    ",
    "post_close_volume_shares": 0.0,
    "post_close_amount_cny": 0.0,
    "post_close_phase_raw": "A1      ",
    "product_subtype": "EBS",
    "source": "sse.yunhq.sh1.snap",
    "retrieved_at": "2026-08-17T11:12:36.146998+08:00"
  },
  "account_feasibility": {
    "reference_account_cny": 20000.0,
    "creation_unit_notional_cny": 4282200.0,
    "can_directly_create_or_redeem": false,
    "intended_use": "只用PCF和IOPV观察一级市场吸收状态，在二级市场交易510300"
  },
  "storage": {
    "pcf": {
      "file": "data/raw/primary_market/510300_pcf_daily.parquet",
      "row_count": 3,
      "first_key": "2026-08-13",
      "last_key": "2026-08-17",
      "sha256": "5b07ef24cc244d40afc8eb241ee183f2181026aa2f7b920cc6f9b3813ac40302"
    },
    "iopv": {
      "file": "data/raw/primary_market/510300_iopv_snapshots.parquet",
      "row_count": 103,
      "first_key": "2026-08-13 16:29:06",
      "last_key": "2026-08-17 11:12:36",
      "sha256": "5f5f71875af86fe7965903cbe3271a8e7513fed03c23698e3fdf5a3db67f48b3"
    }
  },
  "raw_response_files": [
    "data/raw/primary_market/raw/iopv/20260817/20260817T111234_968889+0800.json"
  ],
  "governance": {
    "use_as_trading_signal": false,
    "automatic_ordering_authorized": false,
    "note": "当前只采集和纸面验证；未通过前向门槛前不得映射实盘仓位。"
  }
}
{
  "status": "PASS",
  "checked_at": "2026-08-17T11:13:38.733434+08:00",
  "collector": {
    "collector_id": "510300_PRIMARY_SECONDARY_FORWARD_V1",
    "symbol": "510300.SH",
    "fund_code": "510300",
    "timezone": "Asia/Shanghai",
    "timeout_seconds": 15,
    "observation_interval_seconds": 60,
    "collection_start_time": "09:30:00",
    "collection_end_time": "15:00:00",
    "collection_sessions": [
      [
        "09:30:00",
        "11:30:00"
      ],
      [
        "13:00:00",
        "15:00:00"
      ]
    ],
    "evidence_scope": "仅从实际接入日起的前向数据，不回填历史IOPV"
  },
  "checks": {
    "same_fund_code": true,
    "same_trade_date": true,
    "iopv_publication_enabled": true,
    "positive_iopv": true,
    "positive_last_price": true,
    "positive_creation_unit": true,
    "snapshot_fresh_during_collection_session": true
  },
  "freshness": {
    "during_collection_session": true,
    "clock_delay_seconds": 0.733434,
    "maximum_allowed_seconds_during_session": 180.0
  },
  "latest_pcf": {
    "trading_day": "2026-08-17",
    "previous_trading_day": "2026-08-14",
    "fund_code": "510300",
    "fund_name": "华泰柏瑞沪深300交易型开放式指数证券投资基金",
    "fund_company": "华泰柏瑞基金管理有限公司",
    "file_id": "1463187",
    "etf_type": "8",
    "nav": 4.7282,
    "nav_per_creation_unit": 4255390.17,
    "previous_cash_component": 105384.17,
    "estimated_cash_component": 107458.17,
    "maximum_cash_ratio": 0.5,
    "creation_redemption_unit": 900000,
    "component_count": 300,
    "publish_iopv": true,
    "creation_redemption_status": "申购和赎回皆允许",
    "creation_redemption_mechanism": "1",
    "creation_limit": null,
    "redemption_limit": 3600000000.0,
    "net_creation_limit": null,
    "net_redemption_limit": null,
    "creation_limit_per_account": null,
    "redemption_limit_per_account": null,
    "net_creation_limit_per_account": null,
    "net_redemption_limit_per_account": null,
    "source": "sse.COMMON_SSE_CP_JJLB_ETFJJGK_GGSGSHQD_JBXX_C",
    "retrieved_at": "2026-08-17T09:30:09.574575+08:00"
  },
  "latest_iopv": {
    "exchange_timestamp": "2026-08-17 11:13:38",
    "trade_date": "2026-08-17",
    "fund_code": "510300",
    "name": "300ETF",
    "extended_name": "沪深300ETF华泰柏瑞",
    "last_price": 4.76,
    "iopv": 4.7612,
    "premium_discount_bps": -2.5203730152056902,
    "change_rate_pct": 0.72,
    "change_cny": 0.034,
    "open": 4.73,
    "previous_close": 4.726,
    "high": 4.765,
    "low": 4.725,
    "volume_shares": 291878286.0,
    "amount_cny": 1384267424.0,
    "trade_phase_raw": "T111    ",
    "post_close_volume_shares": 0.0,
    "post_close_amount_cny": 0.0,
    "post_close_phase_raw": "A1      ",
    "product_subtype": "EBS",
    "source": "sse.yunhq.sh1.snap",
    "retrieved_at": "2026-08-17T11:13:38.707780+08:00"
  },
  "account_feasibility": {
    "reference_account_cny": 20000.0,
    "creation_unit_notional_cny": 4284000.0,
    "can_directly_create_or_redeem": false,
    "intended_use": "只用PCF和IOPV观察一级市场吸收状态，在二级市场交易510300"
  },
  "storage": {
    "pcf": {
      "file": "data/raw/primary_market/510300_pcf_daily.parquet",
      "row_count": 3,
      "first_key": "2026-08-13",
      "last_key": "2026-08-17",
      "sha256": "5b07ef24cc244d40afc8eb241ee183f2181026aa2f7b920cc6f9b3813ac40302"
    },
    "iopv": {
      "file": "data/raw/primary_market/510300_iopv_snapshots.parquet",
      "row_count": 104,
      "first_key": "2026-08-13 16:29:06",
      "last_key": "2026-08-17 11:13:38",
      "sha256": "107227bdc6482134a51aa31b7f5421dce6abcec27e8b8ced22b429ad939a045a"
    }
  },
  "raw_response_files": [
    "data/raw/primary_market/raw/iopv/20260817/20260817T111336_179337+0800.json"
  ],
  "governance": {
    "use_as_trading_signal": false,
    "automatic_ordering_authorized": false,
    "note": "当前只采集和纸面验证；未通过前向门槛前不得映射实盘仓位。"
  }
}
{
  "status": "PASS",
  "checked_at": "2026-08-17T11:14:40.145329+08:00",
  "collector": {
    "collector_id": "510300_PRIMARY_SECONDARY_FORWARD_V1",
    "symbol": "510300.SH",
    "fund_code": "510300",
    "timezone": "Asia/Shanghai",
    "timeout_seconds": 15,
    "observation_interval_seconds": 60,
    "collection_start_time": "09:30:00",
    "collection_end_time": "15:00:00",
    "collection_sessions": [
      [
        "09:30:00",
        "11:30:00"
      ],
      [
        "13:00:00",
        "15:00:00"
      ]
    ],
    "evidence_scope": "仅从实际接入日起的前向数据，不回填历史IOPV"
  },
  "checks": {
    "same_fund_code": true,
    "same_trade_date": true,
    "iopv_publication_enabled": true,
    "positive_iopv": true,
    "positive_last_price": true,
    "positive_creation_unit": true,
    "snapshot_fresh_during_collection_session": true
  },
  "freshness": {
    "during_collection_session": true,
    "clock_delay_seconds": 0.145329,
    "maximum_allowed_seconds_during_session": 180.0
  },
  "latest_pcf": {
    "trading_day": "2026-08-17",
    "previous_trading_day": "2026-08-14",
    "fund_code": "510300",
    "fund_name": "华泰柏瑞沪深300交易型开放式指数证券投资基金",
    "fund_company": "华泰柏瑞基金管理有限公司",
    "file_id": "1463187",
    "etf_type": "8",
    "nav": 4.7282,
    "nav_per_creation_unit": 4255390.17,
    "previous_cash_component": 105384.17,
    "estimated_cash_component": 107458.17,
    "maximum_cash_ratio": 0.5,
    "creation_redemption_unit": 900000,
    "component_count": 300,
    "publish_iopv": true,
    "creation_redemption_status": "申购和赎回皆允许",
    "creation_redemption_mechanism": "1",
    "creation_limit": null,
    "redemption_limit": 3600000000.0,
    "net_creation_limit": null,
    "net_redemption_limit": null,
    "creation_limit_per_account": null,
    "redemption_limit_per_account": null,
    "net_creation_limit_per_account": null,
    "net_redemption_limit_per_account": null,
    "source": "sse.COMMON_SSE_CP_JJLB_ETFJJGK_GGSGSHQD_JBXX_C",
    "retrieved_at": "2026-08-17T09:30:09.574575+08:00"
  },
  "latest_iopv": {
    "exchange_timestamp": "2026-08-17 11:14:40",
    "trade_date": "2026-08-17",
    "fund_code": "510300",
    "name": "300ETF",
    "extended_name": "沪深300ETF华泰柏瑞",
    "last_price": 4.757,
    "iopv": 4.7582,
    "premium_discount_bps": -2.521962086504681,
    "change_rate_pct": 0.66,
    "change_cny": 0.031,
    "open": 4.73,
    "previous_close": 4.726,
    "high": 4.765,
    "low": 4.725,
    "volume_shares": 292426386.0,
    "amount_cny": 1386874554.0,
    "trade_phase_raw": "T111    ",
    "post_close_volume_shares": 0.0,
    "post_close_amount_cny": 0.0,
    "post_close_phase_raw": "A1      ",
    "product_subtype": "EBS",
    "source": "sse.yunhq.sh1.snap",
    "retrieved_at": "2026-08-17T11:14:40.109281+08:00"
  },
  "account_feasibility": {
    "reference_account_cny": 20000.0,
    "creation_unit_notional_cny": 4281300.0,
    "can_directly_create_or_redeem": false,
    "intended_use": "只用PCF和IOPV观察一级市场吸收状态，在二级市场交易510300"
  },
  "storage": {
    "pcf": {
      "file": "data/raw/primary_market/510300_pcf_daily.parquet",
      "row_count": 3,
      "first_key": "2026-08-13",
      "last_key": "2026-08-17",
      "sha256": "5b07ef24cc244d40afc8eb241ee183f2181026aa2f7b920cc6f9b3813ac40302"
    },
    "iopv": {
      "file": "data/raw/primary_market/510300_iopv_snapshots.parquet",
      "row_count": 105,
      "first_key": "2026-08-13 16:29:06",
      "last_key": "2026-08-17 11:14:40",
      "sha256": "c66a04622f9be6f82984f45d3fcac86aebf4a13ad4b3f23536fba7625597ab25"
    }
  },
  "raw_response_files": [
    "data/raw/primary_market/raw/iopv/20260817/20260817T111438_735529+0800.json"
  ],
  "governance": {
    "use_as_trading_signal": false,
    "automatic_ordering_authorized": false,
    "note": "当前只采集和纸面验证；未通过前向门槛前不得映射实盘仓位。"
  }
}
{
  "status": "PASS",
  "checked_at": "2026-08-17T11:15:41.998281+08:00",
  "collector": {
    "collector_id": "510300_PRIMARY_SECONDARY_FORWARD_V1",
    "symbol": "510300.SH",
    "fund_code": "510300",
    "timezone": "Asia/Shanghai",
    "timeout_seconds": 15,
    "observation_interval_seconds": 60,
    "collection_start_time": "09:30:00",
    "collection_end_time": "15:00:00",
    "collection_sessions": [
      [
        "09:30:00",
        "11:30:00"
      ],
      [
        "13:00:00",
        "15:00:00"
      ]
    ],
    "evidence_scope": "仅从实际接入日起的前向数据，不回填历史IOPV"
  },
  "checks": {
    "same_fund_code": true,
    "same_trade_date": true,
    "iopv_publication_enabled": true,
    "positive_iopv": true,
    "positive_last_price": true,
    "positive_creation_unit": true,
    "snapshot_fresh_during_collection_session": true
  },
  "freshness": {
    "during_collection_session": true,
    "clock_delay_seconds": 0.998281,
    "maximum_allowed_seconds_during_session": 180.0
  },
  "latest_pcf": {
    "trading_day": "2026-08-17",
    "previous_trading_day": "2026-08-14",
    "fund_code": "510300",
    "fund_name": "华泰柏瑞沪深300交易型开放式指数证券投资基金",
    "fund_company": "华泰柏瑞基金管理有限公司",
    "file_id": "1463187",
    "etf_type": "8",
    "nav": 4.7282,
    "nav_per_creation_unit": 4255390.17,
    "previous_cash_component": 105384.17,
    "estimated_cash_component": 107458.17,
    "maximum_cash_ratio": 0.5,
    "creation_redemption_unit": 900000,
    "component_count": 300,
    "publish_iopv": true,
    "creation_redemption_status": "申购和赎回皆允许",
    "creation_redemption_mechanism": "1",
    "creation_limit": null,
    "redemption_limit": 3600000000.0,
    "net_creation_limit": null,
    "net_redemption_limit": null,
    "creation_limit_per_account": null,
    "redemption_limit_per_account": null,
    "net_creation_limit_per_account": null,
    "net_redemption_limit_per_account": null,
    "source": "sse.COMMON_SSE_CP_JJLB_ETFJJGK_GGSGSHQD_JBXX_C",
    "retrieved_at": "2026-08-17T09:30:09.574575+08:00"
  },
  "latest_iopv": {
    "exchange_timestamp": "2026-08-17 11:15:41",
    "trade_date": "2026-08-17",
    "fund_code": "510300",
    "name": "300ETF",
    "extended_name": "沪深300ETF华泰柏瑞",
    "last_price": 4.759,
    "iopv": 4.7583,
    "premium_discount_bps": 1.4711136330203267,
    "change_rate_pct": 0.7,
    "change_cny": 0.033,
    "open": 4.73,
    "previous_close": 4.726,
    "high": 4.765,
    "low": 4.725,
    "volume_shares": 294822186.0,
    "amount_cny": 1398268645.0,
    "trade_phase_raw": "T111    ",
    "post_close_volume_shares": 0.0,
    "post_close_amount_cny": 0.0,
    "post_close_phase_raw": "A1      ",
    "product_subtype": "EBS",
    "source": "sse.yunhq.sh1.snap",
    "retrieved_at": "2026-08-17T11:15:41.960638+08:00"
  },
  "account_feasibility": {
    "reference_account_cny": 20000.0,
    "creation_unit_notional_cny": 4283100.0,
    "can_directly_create_or_redeem": false,
    "intended_use": "只用PCF和IOPV观察一级市场吸收状态，在二级市场交易510300"
  },
  "storage": {
    "pcf": {
      "file": "data/raw/primary_market/510300_pcf_daily.parquet",
      "row_count": 3,
      "first_key": "2026-08-13",
      "last_key": "2026-08-17",
      "sha256": "5b07ef24cc244d40afc8eb241ee183f2181026aa2f7b920cc6f9b3813ac40302"
    },
    "iopv": {
      "file": "data/raw/primary_market/510300_iopv_snapshots.parquet",
      "row_count": 106,
      "first_key": "2026-08-13 16:29:06",
      "last_key": "2026-08-17 11:15:41",
      "sha256": "4bb310c4bf338c11051f1fffe9a811f3071b661f2dac94de08c8b9796da13020"
    }
  },
  "raw_response_files": [
    "data/raw/primary_market/raw/iopv/20260817/20260817T111540_147181+0800.json"
  ],
  "governance": {
    "use_as_trading_signal": false,
    "automatic_ordering_authorized": false,
    "note": "当前只采集和纸面验证；未通过前向门槛前不得映射实盘仓位。"
  }
}
{
  "status": "PASS",
  "checked_at": "2026-08-17T11:16:43.197047+08:00",
  "collector": {
    "collector_id": "510300_PRIMARY_SECONDARY_FORWARD_V1",
    "symbol": "510300.SH",
    "fund_code": "510300",
    "timezone": "Asia/Shanghai",
    "timeout_seconds": 15,
    "observation_interval_seconds": 60,
    "collection_start_time": "09:30:00",
    "collection_end_time": "15:00:00",
    "collection_sessions": [
      [
        "09:30:00",
        "11:30:00"
      ],
      [
        "13:00:00",
        "15:00:00"
      ]
    ],
    "evidence_scope": "仅从实际接入日起的前向数据，不回填历史IOPV"
  },
  "checks": {
    "same_fund_code": true,
    "same_trade_date": true,
    "iopv_publication_enabled": true,
    "positive_iopv": true,
    "positive_last_price": true,
    "positive_creation_unit": true,
    "snapshot_fresh_during_collection_session": true
  },
  "freshness": {
    "during_collection_session": true,
    "clock_delay_seconds": 0.197047,
    "maximum_allowed_seconds_during_session": 180.0
  },
  "latest_pcf": {
    "trading_day": "2026-08-17",
    "previous_trading_day": "2026-08-14",
    "fund_code": "510300",
    "fund_name": "华泰柏瑞沪深300交易型开放式指数证券投资基金",
    "fund_company": "华泰柏瑞基金管理有限公司",
    "file_id": "1463187",
    "etf_type": "8",
    "nav": 4.7282,
    "nav_per_creation_unit": 4255390.17,
    "previous_cash_component": 105384.17,
    "estimated_cash_component": 107458.17,
    "maximum_cash_ratio": 0.5,
    "creation_redemption_unit": 900000,
    "component_count": 300,
    "publish_iopv": true,
    "creation_redemption_status": "申购和赎回皆允许",
    "creation_redemption_mechanism": "1",
    "creation_limit": null,
    "redemption_limit": 3600000000.0,
    "net_creation_limit": null,
    "net_redemption_limit": null,
    "creation_limit_per_account": null,
    "redemption_limit_per_account": null,
    "net_creation_limit_per_account": null,
    "net_redemption_limit_per_account": null,
    "source": "sse.COMMON_SSE_CP_JJLB_ETFJJGK_GGSGSHQD_JBXX_C",
    "retrieved_at": "2026-08-17T09:30:09.574575+08:00"
  },
  "latest_iopv": {
    "exchange_timestamp": "2026-08-17 11:16:43",
    "trade_date": "2026-08-17",
    "fund_code": "510300",
    "name": "300ETF",
    "extended_name": "沪深300ETF华泰柏瑞",
    "last_price": 4.757,
    "iopv": 4.7597,
    "premium_discount_bps": -5.672626426035388,
    "change_rate_pct": 0.66,
    "change_cny": 0.031,
    "open": 4.73,
    "previous_close": 4.726,
    "high": 4.765,
    "low": 4.725,
    "volume_shares": 296186286.0,
    "amount_cny": 1404757475.0,
    "trade_phase_raw": "T111    ",
    "post_close_volume_shares": 0.0,
    "post_close_amount_cny": 0.0,
    "post_close_phase_raw": "A1      ",
    "product_subtype": "EBS",
    "source": "sse.yunhq.sh1.snap",
    "retrieved_at": "2026-08-17T11:16:43.158085+08:00"
  },
  "account_feasibility": {
    "reference_account_cny": 20000.0,
    "creation_unit_notional_cny": 4281300.0,
    "can_directly_create_or_redeem": false,
    "intended_use": "只用PCF和IOPV观察一级市场吸收状态，在二级市场交易510300"
  },
  "storage": {
    "pcf": {
      "file": "data/raw/primary_market/510300_pcf_daily.parquet",
      "row_count": 3,
      "first_key": "2026-08-13",
      "last_key": "2026-08-17",
      "sha256": "5b07ef24cc244d40afc8eb241ee183f2181026aa2f7b920cc6f9b3813ac40302"
    },
    "iopv": {
      "file": "data/raw/primary_market/510300_iopv_snapshots.parquet",
      "row_count": 107,
      "first_key": "2026-08-13 16:29:06",
      "last_key": "2026-08-17 11:16:43",
      "sha256": "62f4f38a2ada5339f9f5d527b2e6d3b5722fa26dc39664de377e6a165dee96f2"
    }
  },
  "raw_response_files": [
    "data/raw/primary_market/raw/iopv/20260817/20260817T111642_000509+0800.json"
  ],
  "governance": {
    "use_as_trading_signal": false,
    "automatic_ordering_authorized": false,
    "note": "当前只采集和纸面验证；未通过前向门槛前不得映射实盘仓位。"
  }
}
{
  "status": "PASS",
  "checked_at": "2026-08-17T11:17:44.439015+08:00",
  "collector": {
    "collector_id": "510300_PRIMARY_SECONDARY_FORWARD_V1",
    "symbol": "510300.SH",
    "fund_code": "510300",
    "timezone": "Asia/Shanghai",
    "timeout_seconds": 15,
    "observation_interval_seconds": 60,
    "collection_start_time": "09:30:00",
    "collection_end_time": "15:00:00",
    "collection_sessions": [
      [
        "09:30:00",
        "11:30:00"
      ],
      [
        "13:00:00",
        "15:00:00"
      ]
    ],
    "evidence_scope": "仅从实际接入日起的前向数据，不回填历史IOPV"
  },
  "checks": {
    "same_fund_code": true,
    "same_trade_date": true,
    "iopv_publication_enabled": true,
    "positive_iopv": true,
    "positive_last_price": true,
    "positive_creation_unit": true,
    "snapshot_fresh_during_collection_session": true
  },
  "freshness": {
    "during_collection_session": true,
    "clock_delay_seconds": 0.439015,
    "maximum_allowed_seconds_during_session": 180.0
  },
  "latest_pcf": {
    "trading_day": "2026-08-17",
    "previous_trading_day": "2026-08-14",
    "fund_code": "510300",
    "fund_name": "华泰柏瑞沪深300交易型开放式指数证券投资基金",
    "fund_company": "华泰柏瑞基金管理有限公司",
    "file_id": "1463187",
    "etf_type": "8",
    "nav": 4.7282,
    "nav_per_creation_unit": 4255390.17,
    "previous_cash_component": 105384.17,
    "estimated_cash_component": 107458.17,
    "maximum_cash_ratio": 0.5,
    "creation_redemption_unit": 900000,
    "component_count": 300,
    "publish_iopv": true,
    "creation_redemption_status": "申购和赎回皆允许",
    "creation_redemption_mechanism": "1",
    "creation_limit": null,
    "redemption_limit": 3600000000.0,
    "net_creation_limit": null,
    "net_redemption_limit": null,
    "creation_limit_per_account": null,
    "redemption_limit_per_account": null,
    "net_creation_limit_per_account": null,
    "net_redemption_limit_per_account": null,
    "source": "sse.COMMON_SSE_CP_JJLB_ETFJJGK_GGSGSHQD_JBXX_C",
    "retrieved_at": "2026-08-17T09:30:09.574575+08:00"
  },
  "latest_iopv": {
    "exchange_timestamp": "2026-08-17 11:17:44",
    "trade_date": "2026-08-17",
    "fund_code": "510300",
    "name": "300ETF",
    "extended_name": "沪深300ETF华泰柏瑞",
    "last_price": 4.759,
    "iopv": 4.7618,
    "premium_discount_bps": -5.88012936284521,
    "change_rate_pct": 0.7,
    "change_cny": 0.033,
    "open": 4.73,
    "previous_close": 4.726,
    "high": 4.765,
    "low": 4.725,
    "volume_shares": 299105086.0,
    "amount_cny": 1418644807.0,
    "trade_phase_raw": "T111    ",
    "post_close_volume_shares": 0.0,
    "post_close_amount_cny": 0.0,
    "post_close_phase_raw": "A1      ",
    "product_subtype": "EBS",
    "source": "sse.yunhq.sh1.snap",
    "retrieved_at": "2026-08-17T11:17:44.400334+08:00"
  },
  "account_feasibility": {
    "reference_account_cny": 20000.0,
    "creation_unit_notional_cny": 4283100.0,
    "can_directly_create_or_redeem": false,
    "intended_use": "只用PCF和IOPV观察一级市场吸收状态，在二级市场交易510300"
  },
  "storage": {
    "pcf": {
      "file": "data/raw/primary_market/510300_pcf_daily.parquet",
      "row_count": 3,
      "first_key": "2026-08-13",
      "last_key": "2026-08-17",
      "sha256": "5b07ef24cc244d40afc8eb241ee183f2181026aa2f7b920cc6f9b3813ac40302"
    },
    "iopv": {
      "file": "data/raw/primary_market/510300_iopv_snapshots.parquet",
      "row_count": 108,
      "first_key": "2026-08-13 16:29:06",
      "last_key": "2026-08-17 11:17:44",
      "sha256": "aee15788e6e84d4cd87f144dbc44cae3a6d8aa6fd8366505b6dcd52edc1d84a4"
    }
  },
  "raw_response_files": [
    "data/raw/primary_market/raw/iopv/20260817/20260817T111743_198978+0800.json"
  ],
  "governance": {
    "use_as_trading_signal": false,
    "automatic_ordering_authorized": false,
    "note": "当前只采集和纸面验证；未通过前向门槛前不得映射实盘仓位。"
  }
}
{
  "status": "PASS",
  "checked_at": "2026-08-17T11:18:45.744402+08:00",
  "collector": {
    "collector_id": "510300_PRIMARY_SECONDARY_FORWARD_V1",
    "symbol": "510300.SH",
    "fund_code": "510300",
    "timezone": "Asia/Shanghai",
    "timeout_seconds": 15,
    "observation_interval_seconds": 60,
    "collection_start_time": "09:30:00",
    "collection_end_time": "15:00:00",
    "collection_sessions": [
      [
        "09:30:00",
        "11:30:00"
      ],
      [
        "13:00:00",
        "15:00:00"
      ]
    ],
    "evidence_scope": "仅从实际接入日起的前向数据，不回填历史IOPV"
  },
  "checks": {
    "same_fund_code": true,
    "same_trade_date": true,
    "iopv_publication_enabled": true,
    "positive_iopv": true,
    "positive_last_price": true,
    "positive_creation_unit": true,
    "snapshot_fresh_during_collection_session": true
  },
  "freshness": {
    "during_collection_session": true,
    "clock_delay_seconds": 0.744402,
    "maximum_allowed_seconds_during_session": 180.0
  },
  "latest_pcf": {
    "trading_day": "2026-08-17",
    "previous_trading_day": "2026-08-14",
    "fund_code": "510300",
    "fund_name": "华泰柏瑞沪深300交易型开放式指数证券投资基金",
    "fund_company": "华泰柏瑞基金管理有限公司",
    "file_id": "1463187",
    "etf_type": "8",
    "nav": 4.7282,
    "nav_per_creation_unit": 4255390.17,
    "previous_cash_component": 105384.17,
    "estimated_cash_component": 107458.17,
    "maximum_cash_ratio": 0.5,
    "creation_redemption_unit": 900000,
    "component_count": 300,
    "publish_iopv": true,
    "creation_redemption_status": "申购和赎回皆允许",
    "creation_redemption_mechanism": "1",
    "creation_limit": null,
    "redemption_limit": 3600000000.0,
    "net_creation_limit": null,
    "net_redemption_limit": null,
    "creation_limit_per_account": null,
    "redemption_limit_per_account": null,
    "net_creation_limit_per_account": null,
    "net_redemption_limit_per_account": null,
    "source": "sse.COMMON_SSE_CP_JJLB_ETFJJGK_GGSGSHQD_JBXX_C",
    "retrieved_at": "2026-08-17T09:30:09.574575+08:00"
  },
  "latest_iopv": {
    "exchange_timestamp": "2026-08-17 11:18:45",
    "trade_date": "2026-08-17",
    "fund_code": "510300",
    "name": "300ETF",
    "extended_name": "沪深300ETF华泰柏瑞",
    "last_price": 4.76,
    "iopv": 4.7633,
    "premium_discount_bps": -6.927970104759762,
    "change_rate_pct": 0.72,
    "change_cny": 0.034,
    "open": 4.73,
    "previous_close": 4.726,
    "high": 4.765,
    "low": 4.725,
    "volume_shares": 301814086.0,
    "amount_cny": 1431538405.0,
    "trade_phase_raw": "T111    ",
    "post_close_volume_shares": 0.0,
    "post_close_amount_cny": 0.0,
    "post_close_phase_raw": "A1      ",
    "product_subtype": "EBS",
    "source": "sse.yunhq.sh1.snap",
    "retrieved_at": "2026-08-17T11:18:45.701025+08:00"
  },
  "account_feasibility": {
    "reference_account_cny": 20000.0,
    "creation_unit_notional_cny": 4284000.0,
    "can_directly_create_or_redeem": false,
    "intended_use": "只用PCF和IOPV观察一级市场吸收状态，在二级市场交易510300"
  },
  "storage": {
    "pcf": {
      "file": "data/raw/primary_market/510300_pcf_daily.parquet",
      "row_count": 3,
      "first_key": "2026-08-13",
      "last_key": "2026-08-17",
      "sha256": "5b07ef24cc244d40afc8eb241ee183f2181026aa2f7b920cc6f9b3813ac40302"
    },
    "iopv": {
      "file": "data/raw/primary_market/510300_iopv_snapshots.parquet",
      "row_count": 109,
      "first_key": "2026-08-13 16:29:06",
      "last_key": "2026-08-17 11:18:45",
      "sha256": "58c6b77045e0fe3759bbee30c4feddf4a543a6f845b43be808ed48af5172fc10"
    }
  },
  "raw_response_files": [
    "data/raw/primary_market/raw/iopv/20260817/20260817T111844_442311+0800.json"
  ],
  "governance": {
    "use_as_trading_signal": false,
    "automatic_ordering_authorized": false,
    "note": "当前只采集和纸面验证；未通过前向门槛前不得映射实盘仓位。"
  }
}
{
  "status": "PASS",
  "checked_at": "2026-08-17T11:19:47.038222+08:00",
  "collector": {
    "collector_id": "510300_PRIMARY_SECONDARY_FORWARD_V1",
    "symbol": "510300.SH",
    "fund_code": "510300",
    "timezone": "Asia/Shanghai",
    "timeout_seconds": 15,
    "observation_interval_seconds": 60,
    "collection_start_time": "09:30:00",
    "collection_end_time": "15:00:00",
    "collection_sessions": [
      [
        "09:30:00",
        "11:30:00"
      ],
      [
        "13:00:00",
        "15:00:00"
      ]
    ],
    "evidence_scope": "仅从实际接入日起的前向数据，不回填历史IOPV"
  },
  "checks": {
    "same_fund_code": true,
    "same_trade_date": true,
    "iopv_publication_enabled": true,
    "positive_iopv": true,
    "positive_last_price": true,
    "positive_creation_unit": true,
    "snapshot_fresh_during_collection_session": true
  },
  "freshness": {
    "during_collection_session": true,
    "clock_delay_seconds": 0.038222,
    "maximum_allowed_seconds_during_session": 180.0
  },
  "latest_pcf": {
    "trading_day": "2026-08-17",
    "previous_trading_day": "2026-08-14",
    "fund_code": "510300",
    "fund_name": "华泰柏瑞沪深300交易型开放式指数证券投资基金",
    "fund_company": "华泰柏瑞基金管理有限公司",
    "file_id": "1463187",
    "etf_type": "8",
    "nav": 4.7282,
    "nav_per_creation_unit": 4255390.17,
    "previous_cash_component": 105384.17,
    "estimated_cash_component": 107458.17,
    "maximum_cash_ratio": 0.5,
    "creation_redemption_unit": 900000,
    "component_count": 300,
    "publish_iopv": true,
    "creation_redemption_status": "申购和赎回皆允许",
    "creation_redemption_mechanism": "1",
    "creation_limit": null,
    "redemption_limit": 3600000000.0,
    "net_creation_limit": null,
    "net_redemption_limit": null,
    "creation_limit_per_account": null,
    "redemption_limit_per_account": null,
    "net_creation_limit_per_account": null,
    "net_redemption_limit_per_account": null,
    "source": "sse.COMMON_SSE_CP_JJLB_ETFJJGK_GGSGSHQD_JBXX_C",
    "retrieved_at": "2026-08-17T09:30:09.574575+08:00"
  },
  "latest_iopv": {
    "exchange_timestamp": "2026-08-17 11:19:47",
    "trade_date": "2026-08-17",
    "fund_code": "510300",
    "name": "300ETF",
    "extended_name": "沪深300ETF华泰柏瑞",
    "last_price": 4.761,
    "iopv": 4.7637,
    "premium_discount_bps": -5.667863215567115,
    "change_rate_pct": 0.74,
    "change_cny": 0.035,
    "open": 4.73,
    "previous_close": 4.726,
    "high": 4.765,
    "low": 4.725,
    "volume_shares": 304007086.0,
    "amount_cny": 1441979496.0,
    "trade_phase_raw": "T111    ",
    "post_close_volume_shares": 0.0,
    "post_close_amount_cny": 0.0,
    "post_close_phase_raw": "A1      ",
    "product_subtype": "EBS",
    "source": "sse.yunhq.sh1.snap",
    "retrieved_at": "2026-08-17T11:19:47.010149+08:00"
  },
  "account_feasibility": {
    "reference_account_cny": 20000.0,
    "creation_unit_notional_cny": 4284900.0,
    "can_directly_create_or_redeem": false,
    "intended_use": "只用PCF和IOPV观察一级市场吸收状态，在二级市场交易510300"
  },
  "storage": {
    "pcf": {
      "file": "data/raw/primary_market/510300_pcf_daily.parquet",
      "row_count": 3,
      "first_key": "2026-08-13",
      "last_key": "2026-08-17",
      "sha256": "5b07ef24cc244d40afc8eb241ee183f2181026aa2f7b920cc6f9b3813ac40302"
    },
    "iopv": {
      "file": "data/raw/primary_market/510300_iopv_snapshots.parquet",
      "row_count": 110,
      "first_key": "2026-08-13 16:29:06",
      "last_key": "2026-08-17 11:19:47",
      "sha256": "46e1369453a163e372f143609186df5ee2530379cac098adf15d50ea66dbcf14"
    }
  },
  "raw_response_files": [
    "data/raw/primary_market/raw/iopv/20260817/20260817T111945_746500+0800.json"
  ],
  "governance": {
    "use_as_trading_signal": false,
    "automatic_ordering_authorized": false,
    "note": "当前只采集和纸面验证；未通过前向门槛前不得映射实盘仓位。"
  }
}
{
  "status": "PASS",
  "checked_at": "2026-08-17T11:20:48.225297+08:00",
  "collector": {
    "collector_id": "510300_PRIMARY_SECONDARY_FORWARD_V1",
    "symbol": "510300.SH",
    "fund_code": "510300",
    "timezone": "Asia/Shanghai",
    "timeout_seconds": 15,
    "observation_interval_seconds": 60,
    "collection_start_time": "09:30:00",
    "collection_end_time": "15:00:00",
    "collection_sessions": [
      [
        "09:30:00",
        "11:30:00"
      ],
      [
        "13:00:00",
        "15:00:00"
      ]
    ],
    "evidence_scope": "仅从实际接入日起的前向数据，不回填历史IOPV"
  },
  "checks": {
    "same_fund_code": true,
    "same_trade_date": true,
    "iopv_publication_enabled": true,
    "positive_iopv": true,
    "positive_last_price": true,
    "positive_creation_unit": true,
    "snapshot_fresh_during_collection_session": true
  },
  "freshness": {
    "during_collection_session": true,
    "clock_delay_seconds": 0.225297,
    "maximum_allowed_seconds_during_session": 180.0
  },
  "latest_pcf": {
    "trading_day": "2026-08-17",
    "previous_trading_day": "2026-08-14",
    "fund_code": "510300",
    "fund_name": "华泰柏瑞沪深300交易型开放式指数证券投资基金",
    "fund_company": "华泰柏瑞基金管理有限公司",
    "file_id": "1463187",
    "etf_type": "8",
    "nav": 4.7282,
    "nav_per_creation_unit": 4255390.17,
    "previous_cash_component": 105384.17,
    "estimated_cash_component": 107458.17,
    "maximum_cash_ratio": 0.5,
    "creation_redemption_unit": 900000,
    "component_count": 300,
    "publish_iopv": true,
    "creation_redemption_status": "申购和赎回皆允许",
    "creation_redemption_mechanism": "1",
    "creation_limit": null,
    "redemption_limit": 3600000000.0,
    "net_creation_limit": null,
    "net_redemption_limit": null,
    "creation_limit_per_account": null,
    "redemption_limit_per_account": null,
    "net_creation_limit_per_account": null,
    "net_redemption_limit_per_account": null,
    "source": "sse.COMMON_SSE_CP_JJLB_ETFJJGK_GGSGSHQD_JBXX_C",
    "retrieved_at": "2026-08-17T09:30:09.574575+08:00"
  },
  "latest_iopv": {
    "exchange_timestamp": "2026-08-17 11:20:48",
    "trade_date": "2026-08-17",
    "fund_code": "510300",
    "name": "300ETF",
    "extended_name": "沪深300ETF华泰柏瑞",
    "last_price": 4.761,
    "iopv": 4.7627,
    "premium_discount_bps": -3.569403909545743,
    "change_rate_pct": 0.74,
    "change_cny": 0.035,
    "open": 4.73,
    "previous_close": 4.726,
    "high": 4.765,
    "low": 4.725,
    "volume_shares": 305131886.0,
    "amount_cny": 1447336024.0,
    "trade_phase_raw": "T111    ",
    "post_close_volume_shares": 0.0,
    "post_close_amount_cny": 0.0,
    "post_close_phase_raw": "A1      ",
    "product_subtype": "EBS",
    "source": "sse.yunhq.sh1.snap",
    "retrieved_at": "2026-08-17T11:20:48.185533+08:00"
  },
  "account_feasibility": {
    "reference_account_cny": 20000.0,
    "creation_unit_notional_cny": 4284900.0,
    "can_directly_create_or_redeem": false,
    "intended_use": "只用PCF和IOPV观察一级市场吸收状态，在二级市场交易510300"
  },
  "storage": {
    "pcf": {
      "file": "data/raw/primary_market/510300_pcf_daily.parquet",
      "row_count": 3,
      "first_key": "2026-08-13",
      "last_key": "2026-08-17",
      "sha256": "5b07ef24cc244d40afc8eb241ee183f2181026aa2f7b920cc6f9b3813ac40302"
    },
    "iopv": {
      "file": "data/raw/primary_market/510300_iopv_snapshots.parquet",
      "row_count": 111,
      "first_key": "2026-08-13 16:29:06",
      "last_key": "2026-08-17 11:20:48",
      "sha256": "67a8ab62f86a7866ecf2528bf74dfc22802ad1f428b30c862781d0bd5c99817b"
    }
  },
  "raw_response_files": [
    "data/raw/primary_market/raw/iopv/20260817/20260817T112047_040208+0800.json"
  ],
  "governance": {
    "use_as_trading_signal": false,
    "automatic_ordering_authorized": false,
    "note": "当前只采集和纸面验证；未通过前向门槛前不得映射实盘仓位。"
  }
}
{
  "status": "PASS",
  "checked_at": "2026-08-17T11:21:49.593857+08:00",
  "collector": {
    "collector_id": "510300_PRIMARY_SECONDARY_FORWARD_V1",
    "symbol": "510300.SH",
    "fund_code": "510300",
    "timezone": "Asia/Shanghai",
    "timeout_seconds": 15,
    "observation_interval_seconds": 60,
    "collection_start_time": "09:30:00",
    "collection_end_time": "15:00:00",
    "collection_sessions": [
      [
        "09:30:00",
        "11:30:00"
      ],
      [
        "13:00:00",
        "15:00:00"
      ]
    ],
    "evidence_scope": "仅从实际接入日起的前向数据，不回填历史IOPV"
  },
  "checks": {
    "same_fund_code": true,
    "same_trade_date": true,
    "iopv_publication_enabled": true,
    "positive_iopv": true,
    "positive_last_price": true,
    "positive_creation_unit": true,
    "snapshot_fresh_during_collection_session": true
  },
  "freshness": {
    "during_collection_session": true,
    "clock_delay_seconds": 0.593857,
    "maximum_allowed_seconds_during_session": 180.0
  },
  "latest_pcf": {
    "trading_day": "2026-08-17",
    "previous_trading_day": "2026-08-14",
    "fund_code": "510300",
    "fund_name": "华泰柏瑞沪深300交易型开放式指数证券投资基金",
    "fund_company": "华泰柏瑞基金管理有限公司",
    "file_id": "1463187",
    "etf_type": "8",
    "nav": 4.7282,
    "nav_per_creation_unit": 4255390.17,
    "previous_cash_component": 105384.17,
    "estimated_cash_component": 107458.17,
    "maximum_cash_ratio": 0.5,
    "creation_redemption_unit": 900000,
    "component_count": 300,
    "publish_iopv": true,
    "creation_redemption_status": "申购和赎回皆允许",
    "creation_redemption_mechanism": "1",
    "creation_limit": null,
    "redemption_limit": 3600000000.0,
    "net_creation_limit": null,
    "net_redemption_limit": null,
    "creation_limit_per_account": null,
    "redemption_limit_per_account": null,
    "net_creation_limit_per_account": null,
    "net_redemption_limit_per_account": null,
    "source": "sse.COMMON_SSE_CP_JJLB_ETFJJGK_GGSGSHQD_JBXX_C",
    "retrieved_at": "2026-08-17T09:30:09.574575+08:00"
  },
  "latest_iopv": {
    "exchange_timestamp": "2026-08-17 11:21:49",
    "trade_date": "2026-08-17",
    "fund_code": "510300",
    "name": "300ETF",
    "extended_name": "沪深300ETF华泰柏瑞",
    "last_price": 4.76,
    "iopv": 4.7605,
    "premium_discount_bps": -1.0503098414049727,
    "change_rate_pct": 0.72,
    "change_cny": 0.034,
    "open": 4.73,
    "previous_close": 4.726,
    "high": 4.765,
    "low": 4.725,
    "volume_shares": 306517586.0,
    "amount_cny": 1453933883.0,
    "trade_phase_raw": "T111    ",
    "post_close_volume_shares": 0.0,
    "post_close_amount_cny": 0.0,
    "post_close_phase_raw": "A1      ",
    "product_subtype": "EBS",
    "source": "sse.yunhq.sh1.snap",
    "retrieved_at": "2026-08-17T11:21:49.558638+08:00"
  },
  "account_feasibility": {
    "reference_account_cny": 20000.0,
    "creation_unit_notional_cny": 4284000.0,
    "can_directly_create_or_redeem": false,
    "intended_use": "只用PCF和IOPV观察一级市场吸收状态，在二级市场交易510300"
  },
  "storage": {
    "pcf": {
      "file": "data/raw/primary_market/510300_pcf_daily.parquet",
      "row_count": 3,
      "first_key": "2026-08-13",
      "last_key": "2026-08-17",
      "sha256": "5b07ef24cc244d40afc8eb241ee183f2181026aa2f7b920cc6f9b3813ac40302"
    },
    "iopv": {
      "file": "data/raw/primary_market/510300_iopv_snapshots.parquet",
      "row_count": 112,
      "first_key": "2026-08-13 16:29:06",
      "last_key": "2026-08-17 11:21:49",
      "sha256": "49e87b6c68d71c63a53cbaa6dfd5fec3116a934b214d3ca6b6e92d6370883d60"
    }
  },
  "raw_response_files": [
    "data/raw/primary_market/raw/iopv/20260817/20260817T112148_227155+0800.json"
  ],
  "governance": {
    "use_as_trading_signal": false,
    "automatic_ordering_authorized": false,
    "note": "当前只采集和纸面验证；未通过前向门槛前不得映射实盘仓位。"
  }
}
{
  "status": "PASS",
  "checked_at": "2026-08-17T11:22:50.820692+08:00",
  "collector": {
    "collector_id": "510300_PRIMARY_SECONDARY_FORWARD_V1",
    "symbol": "510300.SH",
    "fund_code": "510300",
    "timezone": "Asia/Shanghai",
    "timeout_seconds": 15,
    "observation_interval_seconds": 60,
    "collection_start_time": "09:30:00",
    "collection_end_time": "15:00:00",
    "collection_sessions": [
      [
        "09:30:00",
        "11:30:00"
      ],
      [
        "13:00:00",
        "15:00:00"
      ]
    ],
    "evidence_scope": "仅从实际接入日起的前向数据，不回填历史IOPV"
  },
  "checks": {
    "same_fund_code": true,
    "same_trade_date": true,
    "iopv_publication_enabled": true,
    "positive_iopv": true,
    "positive_last_price": true,
    "positive_creation_unit": true,
    "snapshot_fresh_during_collection_session": true
  },
  "freshness": {
    "during_collection_session": true,
    "clock_delay_seconds": 0.820692,
    "maximum_allowed_seconds_during_session": 180.0
  },
  "latest_pcf": {
    "trading_day": "2026-08-17",
    "previous_trading_day": "2026-08-14",
    "fund_code": "510300",
    "fund_name": "华泰柏瑞沪深300交易型开放式指数证券投资基金",
    "fund_company": "华泰柏瑞基金管理有限公司",
    "file_id": "1463187",
    "etf_type": "8",
    "nav": 4.7282,
    "nav_per_creation_unit": 4255390.17,
    "previous_cash_component": 105384.17,
    "estimated_cash_component": 107458.17,
    "maximum_cash_ratio": 0.5,
    "creation_redemption_unit": 900000,
    "component_count": 300,
    "publish_iopv": true,
    "creation_redemption_status": "申购和赎回皆允许",
    "creation_redemption_mechanism": "1",
    "creation_limit": null,
    "redemption_limit": 3600000000.0,
    "net_creation_limit": null,
    "net_redemption_limit": null,
    "creation_limit_per_account": null,
    "redemption_limit_per_account": null,
    "net_creation_limit_per_account": null,
    "net_redemption_limit_per_account": null,
    "source": "sse.COMMON_SSE_CP_JJLB_ETFJJGK_GGSGSHQD_JBXX_C",
    "retrieved_at": "2026-08-17T09:30:09.574575+08:00"
  },
  "latest_iopv": {
    "exchange_timestamp": "2026-08-17 11:22:50",
    "trade_date": "2026-08-17",
    "fund_code": "510300",
    "name": "300ETF",
    "extended_name": "沪深300ETF华泰柏瑞",
    "last_price": 4.762,
    "iopv": 4.7622,
    "premium_discount_bps": -0.41997396161508327,
    "change_rate_pct": 0.76,
    "change_cny": 0.036,
    "open": 4.73,
    "previous_close": 4.726,
    "high": 4.765,
    "low": 4.725,
    "volume_shares": 309612886.0,
    "amount_cny": 1468669168.0,
    "trade_phase_raw": "T111    ",
    "post_close_volume_shares": 0.0,
    "post_close_amount_cny": 0.0,
    "post_close_phase_raw": "A1      ",
    "product_subtype": "EBS",
    "source": "sse.yunhq.sh1.snap",
    "retrieved_at": "2026-08-17T11:22:50.793402+08:00"
  },
  "account_feasibility": {
    "reference_account_cny": 20000.0,
    "creation_unit_notional_cny": 4285800.0,
    "can_directly_create_or_redeem": false,
    "intended_use": "只用PCF和IOPV观察一级市场吸收状态，在二级市场交易510300"
  },
  "storage": {
    "pcf": {
      "file": "data/raw/primary_market/510300_pcf_daily.parquet",
      "row_count": 3,
      "first_key": "2026-08-13",
      "last_key": "2026-08-17",
      "sha256": "5b07ef24cc244d40afc8eb241ee183f2181026aa2f7b920cc6f9b3813ac40302"
    },
    "iopv": {
      "file": "data/raw/primary_market/510300_iopv_snapshots.parquet",
      "row_count": 113,
      "first_key": "2026-08-13 16:29:06",
      "last_key": "2026-08-17 11:22:50",
      "sha256": "dbdd029b499fe775fde1bde29df882aca87f1978e32063ad8920aedc0c5d063e"
    }
  },
  "raw_response_files": [
    "data/raw/primary_market/raw/iopv/20260817/20260817T112249_595922+0800.json"
  ],
  "governance": {
    "use_as_trading_signal": false,
    "automatic_ordering_authorized": false,
    "note": "当前只采集和纸面验证；未通过前向门槛前不得映射实盘仓位。"
  }
}
{
  "status": "PASS",
  "checked_at": "2026-08-17T11:23:52.529129+08:00",
  "collector": {
    "collector_id": "510300_PRIMARY_SECONDARY_FORWARD_V1",
    "symbol": "510300.SH",
    "fund_code": "510300",
    "timezone": "Asia/Shanghai",
    "timeout_seconds": 15,
    "observation_interval_seconds": 60,
    "collection_start_time": "09:30:00",
    "collection_end_time": "15:00:00",
    "collection_sessions": [
      [
        "09:30:00",
        "11:30:00"
      ],
      [
        "13:00:00",
        "15:00:00"
      ]
    ],
    "evidence_scope": "仅从实际接入日起的前向数据，不回填历史IOPV"
  },
  "checks": {
    "same_fund_code": true,
    "same_trade_date": true,
    "iopv_publication_enabled": true,
    "positive_iopv": true,
    "positive_last_price": true,
    "positive_creation_unit": true,
    "snapshot_fresh_during_collection_session": true
  },
  "freshness": {
    "during_collection_session": true,
    "clock_delay_seconds": 0.529129,
    "maximum_allowed_seconds_during_session": 180.0
  },
  "latest_pcf": {
    "trading_day": "2026-08-17",
    "previous_trading_day": "2026-08-14",
    "fund_code": "510300",
    "fund_name": "华泰柏瑞沪深300交易型开放式指数证券投资基金",
    "fund_company": "华泰柏瑞基金管理有限公司",
    "file_id": "1463187",
    "etf_type": "8",
    "nav": 4.7282,
    "nav_per_creation_unit": 4255390.17,
    "previous_cash_component": 105384.17,
    "estimated_cash_component": 107458.17,
    "maximum_cash_ratio": 0.5,
    "creation_redemption_unit": 900000,
    "component_count": 300,
    "publish_iopv": true,
    "creation_redemption_status": "申购和赎回皆允许",
    "creation_redemption_mechanism": "1",
    "creation_limit": null,
    "redemption_limit": 3600000000.0,
    "net_creation_limit": null,
    "net_redemption_limit": null,
    "creation_limit_per_account": null,
    "redemption_limit_per_account": null,
    "net_creation_limit_per_account": null,
    "net_redemption_limit_per_account": null,
    "source": "sse.COMMON_SSE_CP_JJLB_ETFJJGK_GGSGSHQD_JBXX_C",
    "retrieved_at": "2026-08-17T09:30:09.574575+08:00"
  },
  "latest_iopv": {
    "exchange_timestamp": "2026-08-17 11:23:52",
    "trade_date": "2026-08-17",
    "fund_code": "510300",
    "name": "300ETF",
    "extended_name": "沪深300ETF华泰柏瑞",
    "last_price": 4.762,
    "iopv": 4.7638,
    "premium_discount_bps": -3.778496158529654,
    "change_rate_pct": 0.76,
    "change_cny": 0.036,
    "open": 4.73,
    "previous_close": 4.726,
    "high": 4.765,
    "low": 4.725,
    "volume_shares": 310411286.0,
    "amount_cny": 1472471103.0,
    "trade_phase_raw": "T111    ",
    "post_close_volume_shares": 0.0,
    "post_close_amount_cny": 0.0,
    "post_close_phase_raw": "A1      ",
    "product_subtype": "EBS",
    "source": "sse.yunhq.sh1.snap",
    "retrieved_at": "2026-08-17T11:23:52.491575+08:00"
  },
  "account_feasibility": {
    "reference_account_cny": 20000.0,
    "creation_unit_notional_cny": 4285800.0,
    "can_directly_create_or_redeem": false,
    "intended_use": "只用PCF和IOPV观察一级市场吸收状态，在二级市场交易510300"
  },
  "storage": {
    "pcf": {
      "file": "data/raw/primary_market/510300_pcf_daily.parquet",
      "row_count": 3,
      "first_key": "2026-08-13",
      "last_key": "2026-08-17",
      "sha256": "5b07ef24cc244d40afc8eb241ee183f2181026aa2f7b920cc6f9b3813ac40302"
    },
    "iopv": {
      "file": "data/raw/primary_market/510300_iopv_snapshots.parquet",
      "row_count": 114,
      "first_key": "2026-08-13 16:29:06",
      "last_key": "2026-08-17 11:23:52",
      "sha256": "e96deeee9c3cb1438544e3a410c275900d941e1b2dcd0a21a06c727b4ce3c49b"
    }
  },
  "raw_response_files": [
    "data/raw/primary_market/raw/iopv/20260817/20260817T112350_822304+0800.json"
  ],
  "governance": {
    "use_as_trading_signal": false,
    "automatic_ordering_authorized": false,
    "note": "当前只采集和纸面验证；未通过前向门槛前不得映射实盘仓位。"
  }
}
{
  "status": "PASS",
  "checked_at": "2026-08-17T11:24:53.840689+08:00",
  "collector": {
    "collector_id": "510300_PRIMARY_SECONDARY_FORWARD_V1",
    "symbol": "510300.SH",
    "fund_code": "510300",
    "timezone": "Asia/Shanghai",
    "timeout_seconds": 15,
    "observation_interval_seconds": 60,
    "collection_start_time": "09:30:00",
    "collection_end_time": "15:00:00",
    "collection_sessions": [
      [
        "09:30:00",
        "11:30:00"
      ],
      [
        "13:00:00",
        "15:00:00"
      ]
    ],
    "evidence_scope": "仅从实际接入日起的前向数据，不回填历史IOPV"
  },
  "checks": {
    "same_fund_code": true,
    "same_trade_date": true,
    "iopv_publication_enabled": true,
    "positive_iopv": true,
    "positive_last_price": true,
    "positive_creation_unit": true,
    "snapshot_fresh_during_collection_session": true
  },
  "freshness": {
    "during_collection_session": true,
    "clock_delay_seconds": 0.840689,
    "maximum_allowed_seconds_during_session": 180.0
  },
  "latest_pcf": {
    "trading_day": "2026-08-17",
    "previous_trading_day": "2026-08-14",
    "fund_code": "510300",
    "fund_name": "华泰柏瑞沪深300交易型开放式指数证券投资基金",
    "fund_company": "华泰柏瑞基金管理有限公司",
    "file_id": "1463187",
    "etf_type": "8",
    "nav": 4.7282,
    "nav_per_creation_unit": 4255390.17,
    "previous_cash_component": 105384.17,
    "estimated_cash_component": 107458.17,
    "maximum_cash_ratio": 0.5,
    "creation_redemption_unit": 900000,
    "component_count": 300,
    "publish_iopv": true,
    "creation_redemption_status": "申购和赎回皆允许",
    "creation_redemption_mechanism": "1",
    "creation_limit": null,
    "redemption_limit": 3600000000.0,
    "net_creation_limit": null,
    "net_redemption_limit": null,
    "creation_limit_per_account": null,
    "redemption_limit_per_account": null,
    "net_creation_limit_per_account": null,
    "net_redemption_limit_per_account": null,
    "source": "sse.COMMON_SSE_CP_JJLB_ETFJJGK_GGSGSHQD_JBXX_C",
    "retrieved_at": "2026-08-17T09:30:09.574575+08:00"
  },
  "latest_iopv": {
    "exchange_timestamp": "2026-08-17 11:24:53",
    "trade_date": "2026-08-17",
    "fund_code": "510300",
    "name": "300ETF",
    "extended_name": "沪深300ETF华泰柏瑞",
    "last_price": 4.762,
    "iopv": 4.7638,
    "premium_discount_bps": -3.778496158529654,
    "change_rate_pct": 0.76,
    "change_cny": 0.036,
    "open": 4.73,
    "previous_close": 4.726,
    "high": 4.765,
    "low": 4.725,
    "volume_shares": 311985786.0,
    "amount_cny": 1479969255.0,
    "trade_phase_raw": "T111    ",
    "post_close_volume_shares": 0.0,
    "post_close_amount_cny": 0.0,
    "post_close_phase_raw": "A1      ",
    "product_subtype": "EBS",
    "source": "sse.yunhq.sh1.snap",
    "retrieved_at": "2026-08-17T11:24:53.802945+08:00"
  },
  "account_feasibility": {
    "reference_account_cny": 20000.0,
    "creation_unit_notional_cny": 4285800.0,
    "can_directly_create_or_redeem": false,
    "intended_use": "只用PCF和IOPV观察一级市场吸收状态，在二级市场交易510300"
  },
  "storage": {
    "pcf": {
      "file": "data/raw/primary_market/510300_pcf_daily.parquet",
      "row_count": 3,
      "first_key": "2026-08-13",
      "last_key": "2026-08-17",
      "sha256": "5b07ef24cc244d40afc8eb241ee183f2181026aa2f7b920cc6f9b3813ac40302"
    },
    "iopv": {
      "file": "data/raw/primary_market/510300_iopv_snapshots.parquet",
      "row_count": 115,
      "first_key": "2026-08-13 16:29:06",
      "last_key": "2026-08-17 11:24:53",
      "sha256": "ef69d459bac76b37d2d4702e04a76ee348073314d831ad08f2812701702c63bb"
    }
  },
  "raw_response_files": [
    "data/raw/primary_market/raw/iopv/20260817/20260817T112452_532068+0800.json"
  ],
  "governance": {
    "use_as_trading_signal": false,
    "automatic_ordering_authorized": false,
    "note": "当前只采集和纸面验证；未通过前向门槛前不得映射实盘仓位。"
  }
}
{
  "status": "PASS",
  "checked_at": "2026-08-17T11:25:55.690094+08:00",
  "collector": {
    "collector_id": "510300_PRIMARY_SECONDARY_FORWARD_V1",
    "symbol": "510300.SH",
    "fund_code": "510300",
    "timezone": "Asia/Shanghai",
    "timeout_seconds": 15,
    "observation_interval_seconds": 60,
    "collection_start_time": "09:30:00",
    "collection_end_time": "15:00:00",
    "collection_sessions": [
      [
        "09:30:00",
        "11:30:00"
      ],
      [
        "13:00:00",
        "15:00:00"
      ]
    ],
    "evidence_scope": "仅从实际接入日起的前向数据，不回填历史IOPV"
  },
  "checks": {
    "same_fund_code": true,
    "same_trade_date": true,
    "iopv_publication_enabled": true,
    "positive_iopv": true,
    "positive_last_price": true,
    "positive_creation_unit": true,
    "snapshot_fresh_during_collection_session": true
  },
  "freshness": {
    "during_collection_session": true,
    "clock_delay_seconds": 0.690094,
    "maximum_allowed_seconds_during_session": 180.0
  },
  "latest_pcf": {
    "trading_day": "2026-08-17",
    "previous_trading_day": "2026-08-14",
    "fund_code": "510300",
    "fund_name": "华泰柏瑞沪深300交易型开放式指数证券投资基金",
    "fund_company": "华泰柏瑞基金管理有限公司",
    "file_id": "1463187",
    "etf_type": "8",
    "nav": 4.7282,
    "nav_per_creation_unit": 4255390.17,
    "previous_cash_component": 105384.17,
    "estimated_cash_component": 107458.17,
    "maximum_cash_ratio": 0.5,
    "creation_redemption_unit": 900000,
    "component_count": 300,
    "publish_iopv": true,
    "creation_redemption_status": "申购和赎回皆允许",
    "creation_redemption_mechanism": "1",
    "creation_limit": null,
    "redemption_limit": 3600000000.0,
    "net_creation_limit": null,
    "net_redemption_limit": null,
    "creation_limit_per_account": null,
    "redemption_limit_per_account": null,
    "net_creation_limit_per_account": null,
    "net_redemption_limit_per_account": null,
    "source": "sse.COMMON_SSE_CP_JJLB_ETFJJGK_GGSGSHQD_JBXX_C",
    "retrieved_at": "2026-08-17T09:30:09.574575+08:00"
  },
  "latest_iopv": {
    "exchange_timestamp": "2026-08-17 11:25:55",
    "trade_date": "2026-08-17",
    "fund_code": "510300",
    "name": "300ETF",
    "extended_name": "沪深300ETF华泰柏瑞",
    "last_price": 4.761,
    "iopv": 4.7629,
    "premium_discount_bps": -3.989166264251054,
    "change_rate_pct": 0.74,
    "change_cny": 0.035,
    "open": 4.73,
    "previous_close": 4.726,
    "high": 4.765,
    "low": 4.725,
    "volume_shares": 314295286.0,
    "amount_cny": 1490968994.0,
    "trade_phase_raw": "T111    ",
    "post_close_volume_shares": 0.0,
    "post_close_amount_cny": 0.0,
    "post_close_phase_raw": "A1      ",
    "product_subtype": "EBS",
    "source": "sse.yunhq.sh1.snap",
    "retrieved_at": "2026-08-17T11:25:55.644572+08:00"
  },
  "account_feasibility": {
    "reference_account_cny": 20000.0,
    "creation_unit_notional_cny": 4284900.0,
    "can_directly_create_or_redeem": false,
    "intended_use": "只用PCF和IOPV观察一级市场吸收状态，在二级市场交易510300"
  },
  "storage": {
    "pcf": {
      "file": "data/raw/primary_market/510300_pcf_daily.parquet",
      "row_count": 3,
      "first_key": "2026-08-13",
      "last_key": "2026-08-17",
      "sha256": "5b07ef24cc244d40afc8eb241ee183f2181026aa2f7b920cc6f9b3813ac40302"
    },
    "iopv": {
      "file": "data/raw/primary_market/510300_iopv_snapshots.parquet",
      "row_count": 116,
      "first_key": "2026-08-13 16:29:06",
      "last_key": "2026-08-17 11:25:55",
      "sha256": "0303ef0b1fec76c0f04e6a56296a64652910a5be7310b522c108dea5740c6139"
    }
  },
  "raw_response_files": [
    "data/raw/primary_market/raw/iopv/20260817/20260817T112553_842359+0800.json"
  ],
  "governance": {
    "use_as_trading_signal": false,
    "automatic_ordering_authorized": false,
    "note": "当前只采集和纸面验证；未通过前向门槛前不得映射实盘仓位。"
  }
}
{
  "status": "PASS",
  "checked_at": "2026-08-17T11:26:57.353882+08:00",
  "collector": {
    "collector_id": "510300_PRIMARY_SECONDARY_FORWARD_V1",
    "symbol": "510300.SH",
    "fund_code": "510300",
    "timezone": "Asia/Shanghai",
    "timeout_seconds": 15,
    "observation_interval_seconds": 60,
    "collection_start_time": "09:30:00",
    "collection_end_time": "15:00:00",
    "collection_sessions": [
      [
        "09:30:00",
        "11:30:00"
      ],
      [
        "13:00:00",
        "15:00:00"
      ]
    ],
    "evidence_scope": "仅从实际接入日起的前向数据，不回填历史IOPV"
  },
  "checks": {
    "same_fund_code": true,
    "same_trade_date": true,
    "iopv_publication_enabled": true,
    "positive_iopv": true,
    "positive_last_price": true,
    "positive_creation_unit": true,
    "snapshot_fresh_during_collection_session": true
  },
  "freshness": {
    "during_collection_session": true,
    "clock_delay_seconds": 0.353882,
    "maximum_allowed_seconds_during_session": 180.0
  },
  "latest_pcf": {
    "trading_day": "2026-08-17",
    "previous_trading_day": "2026-08-14",
    "fund_code": "510300",
    "fund_name": "华泰柏瑞沪深300交易型开放式指数证券投资基金",
    "fund_company": "华泰柏瑞基金管理有限公司",
    "file_id": "1463187",
    "etf_type": "8",
    "nav": 4.7282,
    "nav_per_creation_unit": 4255390.17,
    "previous_cash_component": 105384.17,
    "estimated_cash_component": 107458.17,
    "maximum_cash_ratio": 0.5,
    "creation_redemption_unit": 900000,
    "component_count": 300,
    "publish_iopv": true,
    "creation_redemption_status": "申购和赎回皆允许",
    "creation_redemption_mechanism": "1",
    "creation_limit": null,
    "redemption_limit": 3600000000.0,
    "net_creation_limit": null,
    "net_redemption_limit": null,
    "creation_limit_per_account": null,
    "redemption_limit_per_account": null,
    "net_creation_limit_per_account": null,
    "net_redemption_limit_per_account": null,
    "source": "sse.COMMON_SSE_CP_JJLB_ETFJJGK_GGSGSHQD_JBXX_C",
    "retrieved_at": "2026-08-17T09:30:09.574575+08:00"
  },
  "latest_iopv": {
    "exchange_timestamp": "2026-08-17 11:26:57",
    "trade_date": "2026-08-17",
    "fund_code": "510300",
    "name": "300ETF",
    "extended_name": "沪深300ETF华泰柏瑞",
    "last_price": 4.762,
    "iopv": 4.7641,
    "premium_discount_bps": -4.407967926787215,
    "change_rate_pct": 0.76,
    "change_cny": 0.036,
    "open": 4.73,
    "previous_close": 4.726,
    "high": 4.765,
    "low": 4.725,
    "volume_shares": 316896386.0,
    "amount_cny": 1503353775.0,
    "trade_phase_raw": "T111    ",
    "post_close_volume_shares": 0.0,
    "post_close_amount_cny": 0.0,
    "post_close_phase_raw": "A1      ",
    "product_subtype": "EBS",
    "source": "sse.yunhq.sh1.snap",
    "retrieved_at": "2026-08-17T11:26:57.327767+08:00"
  },
  "account_feasibility": {
    "reference_account_cny": 20000.0,
    "creation_unit_notional_cny": 4285800.0,
    "can_directly_create_or_redeem": false,
    "intended_use": "只用PCF和IOPV观察一级市场吸收状态，在二级市场交易510300"
  },
  "storage": {
    "pcf": {
      "file": "data/raw/primary_market/510300_pcf_daily.parquet",
      "row_count": 3,
      "first_key": "2026-08-13",
      "last_key": "2026-08-17",
      "sha256": "5b07ef24cc244d40afc8eb241ee183f2181026aa2f7b920cc6f9b3813ac40302"
    },
    "iopv": {
      "file": "data/raw/primary_market/510300_iopv_snapshots.parquet",
      "row_count": 117,
      "first_key": "2026-08-13 16:29:06",
      "last_key": "2026-08-17 11:26:57",
      "sha256": "897dde4110878c4e2636542f4e8883f9fb7ad1dd9ef936df725b204cb06dfbcf"
    }
  },
  "raw_response_files": [
    "data/raw/primary_market/raw/iopv/20260817/20260817T112655_692991+0800.json"
  ],
  "governance": {
    "use_as_trading_signal": false,
    "automatic_ordering_authorized": false,
    "note": "当前只采集和纸面验证；未通过前向门槛前不得映射实盘仓位。"
  }
}
{
  "status": "PASS",
  "checked_at": "2026-08-17T11:27:58.547132+08:00",
  "collector": {
    "collector_id": "510300_PRIMARY_SECONDARY_FORWARD_V1",
    "symbol": "510300.SH",
    "fund_code": "510300",
    "timezone": "Asia/Shanghai",
    "timeout_seconds": 15,
    "observation_interval_seconds": 60,
    "collection_start_time": "09:30:00",
    "collection_end_time": "15:00:00",
    "collection_sessions": [
      [
        "09:30:00",
        "11:30:00"
      ],
      [
        "13:00:00",
        "15:00:00"
      ]
    ],
    "evidence_scope": "仅从实际接入日起的前向数据，不回填历史IOPV"
  },
  "checks": {
    "same_fund_code": true,
    "same_trade_date": true,
    "iopv_publication_enabled": true,
    "positive_iopv": true,
    "positive_last_price": true,
    "positive_creation_unit": true,
    "snapshot_fresh_during_collection_session": true
  },
  "freshness": {
    "during_collection_session": true,
    "clock_delay_seconds": 0.547132,
    "maximum_allowed_seconds_during_session": 180.0
  },
  "latest_pcf": {
    "trading_day": "2026-08-17",
    "previous_trading_day": "2026-08-14",
    "fund_code": "510300",
    "fund_name": "华泰柏瑞沪深300交易型开放式指数证券投资基金",
    "fund_company": "华泰柏瑞基金管理有限公司",
    "file_id": "1463187",
    "etf_type": "8",
    "nav": 4.7282,
    "nav_per_creation_unit": 4255390.17,
    "previous_cash_component": 105384.17,
    "estimated_cash_component": 107458.17,
    "maximum_cash_ratio": 0.5,
    "creation_redemption_unit": 900000,
    "component_count": 300,
    "publish_iopv": true,
    "creation_redemption_status": "申购和赎回皆允许",
    "creation_redemption_mechanism": "1",
    "creation_limit": null,
    "redemption_limit": 3600000000.0,
    "net_creation_limit": null,
    "net_redemption_limit": null,
    "creation_limit_per_account": null,
    "redemption_limit_per_account": null,
    "net_creation_limit_per_account": null,
    "net_redemption_limit_per_account": null,
    "source": "sse.COMMON_SSE_CP_JJLB_ETFJJGK_GGSGSHQD_JBXX_C",
    "retrieved_at": "2026-08-17T09:30:09.574575+08:00"
  },
  "latest_iopv": {
    "exchange_timestamp": "2026-08-17 11:27:58",
    "trade_date": "2026-08-17",
    "fund_code": "510300",
    "name": "300ETF",
    "extended_name": "沪深300ETF华泰柏瑞",
    "last_price": 4.762,
    "iopv": 4.7646,
    "premium_discount_bps": -5.456911388154184,
    "change_rate_pct": 0.76,
    "change_cny": 0.036,
    "open": 4.73,
    "previous_close": 4.726,
    "high": 4.765,
    "low": 4.725,
    "volume_shares": 317642786.0,
    "amount_cny": 1506908305.0,
    "trade_phase_raw": "T111    ",
    "post_close_volume_shares": 0.0,
    "post_close_amount_cny": 0.0,
    "post_close_phase_raw": "A1      ",
    "product_subtype": "EBS",
    "source": "sse.yunhq.sh1.snap",
    "retrieved_at": "2026-08-17T11:27:58.502827+08:00"
  },
  "account_feasibility": {
    "reference_account_cny": 20000.0,
    "creation_unit_notional_cny": 4285800.0,
    "can_directly_create_or_redeem": false,
    "intended_use": "只用PCF和IOPV观察一级市场吸收状态，在二级市场交易510300"
  },
  "storage": {
    "pcf": {
      "file": "data/raw/primary_market/510300_pcf_daily.parquet",
      "row_count": 3,
      "first_key": "2026-08-13",
      "last_key": "2026-08-17",
      "sha256": "5b07ef24cc244d40afc8eb241ee183f2181026aa2f7b920cc6f9b3813ac40302"
    },
    "iopv": {
      "file": "data/raw/primary_market/510300_iopv_snapshots.parquet",
      "row_count": 118,
      "first_key": "2026-08-13 16:29:06",
      "last_key": "2026-08-17 11:27:58",
      "sha256": "0ee366c7a283d49aac7f76307f808211a000182f24ec7d64eb78e2db13069e38"
    }
  },
  "raw_response_files": [
    "data/raw/primary_market/raw/iopv/20260817/20260817T112757_355277+0800.json"
  ],
  "governance": {
    "use_as_trading_signal": false,
    "automatic_ordering_authorized": false,
    "note": "当前只采集和纸面验证；未通过前向门槛前不得映射实盘仓位。"
  }
}
{
  "status": "PASS",
  "checked_at": "2026-08-17T11:28:59.802499+08:00",
  "collector": {
    "collector_id": "510300_PRIMARY_SECONDARY_FORWARD_V1",
    "symbol": "510300.SH",
    "fund_code": "510300",
    "timezone": "Asia/Shanghai",
    "timeout_seconds": 15,
    "observation_interval_seconds": 60,
    "collection_start_time": "09:30:00",
    "collection_end_time": "15:00:00",
    "collection_sessions": [
      [
        "09:30:00",
        "11:30:00"
      ],
      [
        "13:00:00",
        "15:00:00"
      ]
    ],
    "evidence_scope": "仅从实际接入日起的前向数据，不回填历史IOPV"
  },
  "checks": {
    "same_fund_code": true,
    "same_trade_date": true,
    "iopv_publication_enabled": true,
    "positive_iopv": true,
    "positive_last_price": true,
    "positive_creation_unit": true,
    "snapshot_fresh_during_collection_session": true
  },
  "freshness": {
    "during_collection_session": true,
    "clock_delay_seconds": 0.802499,
    "maximum_allowed_seconds_during_session": 180.0
  },
  "latest_pcf": {
    "trading_day": "2026-08-17",
    "previous_trading_day": "2026-08-14",
    "fund_code": "510300",
    "fund_name": "华泰柏瑞沪深300交易型开放式指数证券投资基金",
    "fund_company": "华泰柏瑞基金管理有限公司",
    "file_id": "1463187",
    "etf_type": "8",
    "nav": 4.7282,
    "nav_per_creation_unit": 4255390.17,
    "previous_cash_component": 105384.17,
    "estimated_cash_component": 107458.17,
    "maximum_cash_ratio": 0.5,
    "creation_redemption_unit": 900000,
    "component_count": 300,
    "publish_iopv": true,
    "creation_redemption_status": "申购和赎回皆允许",
    "creation_redemption_mechanism": "1",
    "creation_limit": null,
    "redemption_limit": 3600000000.0,
    "net_creation_limit": null,
    "net_redemption_limit": null,
    "creation_limit_per_account": null,
    "redemption_limit_per_account": null,
    "net_creation_limit_per_account": null,
    "net_redemption_limit_per_account": null,
    "source": "sse.COMMON_SSE_CP_JJLB_ETFJJGK_GGSGSHQD_JBXX_C",
    "retrieved_at": "2026-08-17T09:30:09.574575+08:00"
  },
  "latest_iopv": {
    "exchange_timestamp": "2026-08-17 11:28:59",
    "trade_date": "2026-08-17",
    "fund_code": "510300",
    "name": "300ETF",
    "extended_name": "沪深300ETF华泰柏瑞",
    "last_price": 4.761,
    "iopv": 4.7648,
    "premium_discount_bps": -7.975151108126077,
    "change_rate_pct": 0.74,
    "change_cny": 0.035,
    "open": 4.73,
    "previous_close": 4.726,
    "high": 4.765,
    "low": 4.725,
    "volume_shares": 319835986.0,
    "amount_cny": 1517349686.0,
    "trade_phase_raw": "T111    ",
    "post_close_volume_shares": 0.0,
    "post_close_amount_cny": 0.0,
    "post_close_phase_raw": "A1      ",
    "product_subtype": "EBS",
    "source": "sse.yunhq.sh1.snap",
    "retrieved_at": "2026-08-17T11:28:59.763891+08:00"
  },
  "account_feasibility": {
    "reference_account_cny": 20000.0,
    "creation_unit_notional_cny": 4284900.0,
    "can_directly_create_or_redeem": false,
    "intended_use": "只用PCF和IOPV观察一级市场吸收状态，在二级市场交易510300"
  },
  "storage": {
    "pcf": {
      "file": "data/raw/primary_market/510300_pcf_daily.parquet",
      "row_count": 3,
      "first_key": "2026-08-13",
      "last_key": "2026-08-17",
      "sha256": "5b07ef24cc244d40afc8eb241ee183f2181026aa2f7b920cc6f9b3813ac40302"
    },
    "iopv": {
      "file": "data/raw/primary_market/510300_iopv_snapshots.parquet",
      "row_count": 119,
      "first_key": "2026-08-13 16:29:06",
      "last_key": "2026-08-17 11:28:59",
      "sha256": "f3d39918ea0aa71a121d54ab6ff30b5b2605e8fed3eb99d51172f479df166852"
    }
  },
  "raw_response_files": [
    "data/raw/primary_market/raw/iopv/20260817/20260817T112858_550190+0800.json"
  ],
  "governance": {
    "use_as_trading_signal": false,
    "automatic_ordering_authorized": false,
    "note": "当前只采集和纸面验证；未通过前向门槛前不得映射实盘仓位。"
  }
}
{
  "status": "PASS",
  "checked_at": "2026-08-17T11:30:01.059143+08:00",
  "collector": {
    "collector_id": "510300_PRIMARY_SECONDARY_FORWARD_V1",
    "symbol": "510300.SH",
    "fund_code": "510300",
    "timezone": "Asia/Shanghai",
    "timeout_seconds": 15,
    "observation_interval_seconds": 60,
    "collection_start_time": "09:30:00",
    "collection_end_time": "15:00:00",
    "collection_sessions": [
      [
        "09:30:00",
        "11:30:00"
      ],
      [
        "13:00:00",
        "15:00:00"
      ]
    ],
    "evidence_scope": "仅从实际接入日起的前向数据，不回填历史IOPV"
  },
  "checks": {
    "same_fund_code": true,
    "same_trade_date": true,
    "iopv_publication_enabled": true,
    "positive_iopv": true,
    "positive_last_price": true,
    "positive_creation_unit": true,
    "snapshot_fresh_during_collection_session": true
  },
  "freshness": {
    "during_collection_session": true,
    "clock_delay_seconds": 0.059143,
    "maximum_allowed_seconds_during_session": 180.0
  },
  "latest_pcf": {
    "trading_day": "2026-08-17",
    "previous_trading_day": "2026-08-14",
    "fund_code": "510300",
    "fund_name": "华泰柏瑞沪深300交易型开放式指数证券投资基金",
    "fund_company": "华泰柏瑞基金管理有限公司",
    "file_id": "1463187",
    "etf_type": "8",
    "nav": 4.7282,
    "nav_per_creation_unit": 4255390.17,
    "previous_cash_component": 105384.17,
    "estimated_cash_component": 107458.17,
    "maximum_cash_ratio": 0.5,
    "creation_redemption_unit": 900000,
    "component_count": 300,
    "publish_iopv": true,
    "creation_redemption_status": "申购和赎回皆允许",
    "creation_redemption_mechanism": "1",
    "creation_limit": null,
    "redemption_limit": 3600000000.0,
    "net_creation_limit": null,
    "net_redemption_limit": null,
    "creation_limit_per_account": null,
    "redemption_limit_per_account": null,
    "net_creation_limit_per_account": null,
    "net_redemption_limit_per_account": null,
    "source": "sse.COMMON_SSE_CP_JJLB_ETFJJGK_GGSGSHQD_JBXX_C",
    "retrieved_at": "2026-08-17T09:30:09.574575+08:00"
  },
  "latest_iopv": {
    "exchange_timestamp": "2026-08-17 11:30:01",
    "trade_date": "2026-08-17",
    "fund_code": "510300",
    "name": "300ETF",
    "extended_name": "沪深300ETF华泰柏瑞",
    "last_price": 4.761,
    "iopv": 4.764,
    "premium_discount_bps": -6.297229219144329,
    "change_rate_pct": 0.74,
    "change_cny": 0.035,
    "open": 4.73,
    "previous_close": 4.726,
    "high": 4.765,
    "low": 4.725,
    "volume_shares": 323491586.0,
    "amount_cny": 1534752188.0,
    "trade_phase_raw": "T111    ",
    "post_close_volume_shares": 0.0,
    "post_close_amount_cny": 0.0,
    "post_close_phase_raw": "A1      ",
    "product_subtype": "EBS",
    "source": "sse.yunhq.sh1.snap",
    "retrieved_at": "2026-08-17T11:30:01.019114+08:00"
  },
  "account_feasibility": {
    "reference_account_cny": 20000.0,
    "creation_unit_notional_cny": 4284900.0,
    "can_directly_create_or_redeem": false,
    "intended_use": "只用PCF和IOPV观察一级市场吸收状态，在二级市场交易510300"
  },
  "storage": {
    "pcf": {
      "file": "data/raw/primary_market/510300_pcf_daily.parquet",
      "row_count": 3,
      "first_key": "2026-08-13",
      "last_key": "2026-08-17",
      "sha256": "5b07ef24cc244d40afc8eb241ee183f2181026aa2f7b920cc6f9b3813ac40302"
    },
    "iopv": {
      "file": "data/raw/primary_market/510300_iopv_snapshots.parquet",
      "row_count": 120,
      "first_key": "2026-08-13 16:29:06",
      "last_key": "2026-08-17 11:30:01",
      "sha256": "4efff7ae8a5dce456b7d8ff4f99ddf90d439200b775123c43781e76d8615838c"
    }
  },
  "raw_response_files": [
    "data/raw/primary_market/raw/iopv/20260817/20260817T112959_803887+0800.json"
  ],
  "governance": {
    "use_as_trading_signal": false,
    "automatic_ordering_authorized": false,
    "note": "当前只采集和纸面验证；未通过前向门槛前不得映射实盘仓位。"
  }
}
{
  "status": "PASS",
  "checked_at": "2026-08-17T13:00:03.507013+08:00",
  "collector": {
    "collector_id": "510300_PRIMARY_SECONDARY_FORWARD_V1",
    "symbol": "510300.SH",
    "fund_code": "510300",
    "timezone": "Asia/Shanghai",
    "timeout_seconds": 15,
    "observation_interval_seconds": 60,
    "collection_start_time": "09:30:00",
    "collection_end_time": "15:00:00",
    "collection_sessions": [
      [
        "09:30:00",
        "11:30:00"
      ],
      [
        "13:00:00",
        "15:00:00"
      ]
    ],
    "evidence_scope": "仅从实际接入日起的前向数据，不回填历史IOPV"
  },
  "checks": {
    "same_fund_code": true,
    "same_trade_date": true,
    "iopv_publication_enabled": true,
    "positive_iopv": true,
    "positive_last_price": true,
    "positive_creation_unit": true,
    "snapshot_fresh_during_collection_session": true
  },
  "freshness": {
    "during_collection_session": true,
    "clock_delay_seconds": 0.507013,
    "maximum_allowed_seconds_during_session": 180.0
  },
  "latest_pcf": {
    "trading_day": "2026-08-17",
    "previous_trading_day": "2026-08-14",
    "fund_code": "510300",
    "fund_name": "华泰柏瑞沪深300交易型开放式指数证券投资基金",
    "fund_company": "华泰柏瑞基金管理有限公司",
    "file_id": "1463187",
    "etf_type": "8",
    "nav": 4.7282,
    "nav_per_creation_unit": 4255390.17,
    "previous_cash_component": 105384.17,
    "estimated_cash_component": 107458.17,
    "maximum_cash_ratio": 0.5,
    "creation_redemption_unit": 900000,
    "component_count": 300,
    "publish_iopv": true,
    "creation_redemption_status": "申购和赎回皆允许",
    "creation_redemption_mechanism": "1",
    "creation_limit": null,
    "redemption_limit": 3600000000.0,
    "net_creation_limit": null,
    "net_redemption_limit": null,
    "creation_limit_per_account": null,
    "redemption_limit_per_account": null,
    "net_creation_limit_per_account": null,
    "net_redemption_limit_per_account": null,
    "source": "sse.COMMON_SSE_CP_JJLB_ETFJJGK_GGSGSHQD_JBXX_C",
    "retrieved_at": "2026-08-17T09:30:09.574575+08:00"
  },
  "latest_iopv": {
    "exchange_timestamp": "2026-08-17 13:00:03",
    "trade_date": "2026-08-17",
    "fund_code": "510300",
    "name": "300ETF",
    "extended_name": "沪深300ETF华泰柏瑞",
    "last_price": 4.759,
    "iopv": 4.7634,
    "premium_discount_bps": -9.237099550739591,
    "change_rate_pct": 0.7,
    "change_cny": 0.033,
    "open": 4.73,
    "previous_close": 4.726,
    "high": 4.765,
    "low": 4.725,
    "volume_shares": 327377475.0,
    "amount_cny": 1553254424.0,
    "trade_phase_raw": "T111    ",
    "post_close_volume_shares": 0.0,
    "post_close_amount_cny": 0.0,
    "post_close_phase_raw": "A1      ",
    "product_subtype": "EBS",
    "source": "sse.yunhq.sh1.snap",
    "retrieved_at": "2026-08-17T13:00:03.255963+08:00"
  },
  "account_feasibility": {
    "reference_account_cny": 20000.0,
    "creation_unit_notional_cny": 4283100.0,
    "can_directly_create_or_redeem": false,
    "intended_use": "只用PCF和IOPV观察一级市场吸收状态，在二级市场交易510300"
  },
  "storage": {
    "pcf": {
      "file": "data/raw/primary_market/510300_pcf_daily.parquet",
      "row_count": 3,
      "first_key": "2026-08-13",
      "last_key": "2026-08-17",
      "sha256": "5b07ef24cc244d40afc8eb241ee183f2181026aa2f7b920cc6f9b3813ac40302"
    },
    "iopv": {
      "file": "data/raw/primary_market/510300_iopv_snapshots.parquet",
      "row_count": 121,
      "first_key": "2026-08-13 16:29:06",
      "last_key": "2026-08-17 13:00:03",
      "sha256": "d4f12ba3c45171dc337591e2245ecf474d68a1978f42345e6864c9683d6e9183"
    }
  },
  "raw_response_files": [
    "data/raw/primary_market/raw/iopv/20260817/20260817T130001_167813+0800.json"
  ],
  "governance": {
    "use_as_trading_signal": false,
    "automatic_ordering_authorized": false,
    "note": "当前只采集和纸面验证；未通过前向门槛前不得映射实盘仓位。"
  }
}
{
  "status": "PASS",
  "checked_at": "2026-08-17T13:01:05.658941+08:00",
  "collector": {
    "collector_id": "510300_PRIMARY_SECONDARY_FORWARD_V1",
    "symbol": "510300.SH",
    "fund_code": "510300",
    "timezone": "Asia/Shanghai",
    "timeout_seconds": 15,
    "observation_interval_seconds": 60,
    "collection_start_time": "09:30:00",
    "collection_end_time": "15:00:00",
    "collection_sessions": [
      [
        "09:30:00",
        "11:30:00"
      ],
      [
        "13:00:00",
        "15:00:00"
      ]
    ],
    "evidence_scope": "仅从实际接入日起的前向数据，不回填历史IOPV"
  },
  "checks": {
    "same_fund_code": true,
    "same_trade_date": true,
    "iopv_publication_enabled": true,
    "positive_iopv": true,
    "positive_last_price": true,
    "positive_creation_unit": true,
    "snapshot_fresh_during_collection_session": true
  },
  "freshness": {
    "during_collection_session": true,
    "clock_delay_seconds": 0.658941,
    "maximum_allowed_seconds_during_session": 180.0
  },
  "latest_pcf": {
    "trading_day": "2026-08-17",
    "previous_trading_day": "2026-08-14",
    "fund_code": "510300",
    "fund_name": "华泰柏瑞沪深300交易型开放式指数证券投资基金",
    "fund_company": "华泰柏瑞基金管理有限公司",
    "file_id": "1463187",
    "etf_type": "8",
    "nav": 4.7282,
    "nav_per_creation_unit": 4255390.17,
    "previous_cash_component": 105384.17,
    "estimated_cash_component": 107458.17,
    "maximum_cash_ratio": 0.5,
    "creation_redemption_unit": 900000,
    "component_count": 300,
    "publish_iopv": true,
    "creation_redemption_status": "申购和赎回皆允许",
    "creation_redemption_mechanism": "1",
    "creation_limit": null,
    "redemption_limit": 3600000000.0,
    "net_creation_limit": null,
    "net_redemption_limit": null,
    "creation_limit_per_account": null,
    "redemption_limit_per_account": null,
    "net_creation_limit_per_account": null,
    "net_redemption_limit_per_account": null,
    "source": "sse.COMMON_SSE_CP_JJLB_ETFJJGK_GGSGSHQD_JBXX_C",
    "retrieved_at": "2026-08-17T09:30:09.574575+08:00"
  },
  "latest_iopv": {
    "exchange_timestamp": "2026-08-17 13:01:05",
    "trade_date": "2026-08-17",
    "fund_code": "510300",
    "name": "300ETF",
    "extended_name": "沪深300ETF华泰柏瑞",
    "last_price": 4.763,
    "iopv": 4.7652,
    "premium_discount_bps": -4.616805170821747,
    "change_rate_pct": 0.78,
    "change_cny": 0.037,
    "open": 4.73,
    "previous_close": 4.726,
    "high": 4.765,
    "low": 4.725,
    "volume_shares": 337432775.0,
    "amount_cny": 1601117654.0,
    "trade_phase_raw": "T111    ",
    "post_close_volume_shares": 0.0,
    "post_close_amount_cny": 0.0,
    "post_close_phase_raw": "A1      ",
    "product_subtype": "EBS",
    "source": "sse.yunhq.sh1.snap",
    "retrieved_at": "2026-08-17T13:01:05.612277+08:00"
  },
  "account_feasibility": {
    "reference_account_cny": 20000.0,
    "creation_unit_notional_cny": 4286700.0,
    "can_directly_create_or_redeem": false,
    "intended_use": "只用PCF和IOPV观察一级市场吸收状态，在二级市场交易510300"
  },
  "storage": {
    "pcf": {
      "file": "data/raw/primary_market/510300_pcf_daily.parquet",
      "row_count": 3,
      "first_key": "2026-08-13",
      "last_key": "2026-08-17",
      "sha256": "5b07ef24cc244d40afc8eb241ee183f2181026aa2f7b920cc6f9b3813ac40302"
    },
    "iopv": {
      "file": "data/raw/primary_market/510300_iopv_snapshots.parquet",
      "row_count": 122,
      "first_key": "2026-08-13 16:29:06",
      "last_key": "2026-08-17 13:01:05",
      "sha256": "47438de642534240ed93bab9b99221c947d3fe467d576ffb18e167f225319e56"
    }
  },
  "raw_response_files": [
    "data/raw/primary_market/raw/iopv/20260817/20260817T130103_510958+0800.json"
  ],
  "governance": {
    "use_as_trading_signal": false,
    "automatic_ordering_authorized": false,
    "note": "当前只采集和纸面验证；未通过前向门槛前不得映射实盘仓位。"
  }
}
{
  "status": "PASS",
  "checked_at": "2026-08-17T13:02:08.389448+08:00",
  "collector": {
    "collector_id": "510300_PRIMARY_SECONDARY_FORWARD_V1",
    "symbol": "510300.SH",
    "fund_code": "510300",
    "timezone": "Asia/Shanghai",
    "timeout_seconds": 15,
    "observation_interval_seconds": 60,
    "collection_start_time": "09:30:00",
    "collection_end_time": "15:00:00",
    "collection_sessions": [
      [
        "09:30:00",
        "11:30:00"
      ],
      [
        "13:00:00",
        "15:00:00"
      ]
    ],
    "evidence_scope": "仅从实际接入日起的前向数据，不回填历史IOPV"
  },
  "checks": {
    "same_fund_code": true,
    "same_trade_date": true,
    "iopv_publication_enabled": true,
    "positive_iopv": true,
    "positive_last_price": true,
    "positive_creation_unit": true,
    "snapshot_fresh_during_collection_session": true
  },
  "freshness": {
    "during_collection_session": true,
    "clock_delay_seconds": 0.389448,
    "maximum_allowed_seconds_during_session": 180.0
  },
  "latest_pcf": {
    "trading_day": "2026-08-17",
    "previous_trading_day": "2026-08-14",
    "fund_code": "510300",
    "fund_name": "华泰柏瑞沪深300交易型开放式指数证券投资基金",
    "fund_company": "华泰柏瑞基金管理有限公司",
    "file_id": "1463187",
    "etf_type": "8",
    "nav": 4.7282,
    "nav_per_creation_unit": 4255390.17,
    "previous_cash_component": 105384.17,
    "estimated_cash_component": 107458.17,
    "maximum_cash_ratio": 0.5,
    "creation_redemption_unit": 900000,
    "component_count": 300,
    "publish_iopv": true,
    "creation_redemption_status": "申购和赎回皆允许",
    "creation_redemption_mechanism": "1",
    "creation_limit": null,
    "redemption_limit": 3600000000.0,
    "net_creation_limit": null,
    "net_redemption_limit": null,
    "creation_limit_per_account": null,
    "redemption_limit_per_account": null,
    "net_creation_limit_per_account": null,
    "net_redemption_limit_per_account": null,
    "source": "sse.COMMON_SSE_CP_JJLB_ETFJJGK_GGSGSHQD_JBXX_C",
    "retrieved_at": "2026-08-17T09:30:09.574575+08:00"
  },
  "latest_iopv": {
    "exchange_timestamp": "2026-08-17 13:02:08",
    "trade_date": "2026-08-17",
    "fund_code": "510300",
    "name": "300ETF",
    "extended_name": "沪深300ETF华泰柏瑞",
    "last_price": 4.764,
    "iopv": 4.7665,
    "premium_discount_bps": -5.2449386342168225,
    "change_rate_pct": 0.8,
    "change_cny": 0.038,
    "open": 4.73,
    "previous_close": 4.726,
    "high": 4.765,
    "low": 4.725,
    "volume_shares": 346736375.0,
    "amount_cny": 1645438666.0,
    "trade_phase_raw": "T111    ",
    "post_close_volume_shares": 0.0,
    "post_close_amount_cny": 0.0,
    "post_close_phase_raw": "A1      ",
    "product_subtype": "EBS",
    "source": "sse.yunhq.sh1.snap",
    "retrieved_at": "2026-08-17T13:02:08.347424+08:00"
  },
  "account_feasibility": {
    "reference_account_cny": 20000.0,
    "creation_unit_notional_cny": 4287600.0,
    "can_directly_create_or_redeem": false,
    "intended_use": "只用PCF和IOPV观察一级市场吸收状态，在二级市场交易510300"
  },
  "storage": {
    "pcf": {
      "file": "data/raw/primary_market/510300_pcf_daily.parquet",
      "row_count": 3,
      "first_key": "2026-08-13",
      "last_key": "2026-08-17",
      "sha256": "5b07ef24cc244d40afc8eb241ee183f2181026aa2f7b920cc6f9b3813ac40302"
    },
    "iopv": {
      "file": "data/raw/primary_market/510300_iopv_snapshots.parquet",
      "row_count": 123,
      "first_key": "2026-08-13 16:29:06",
      "last_key": "2026-08-17 13:02:08",
      "sha256": "5b8c5c17f4f2cf68c25985002fef7f78791c9b975418e2170a98112916f57c4c"
    }
  },
  "raw_response_files": [
    "data/raw/primary_market/raw/iopv/20260817/20260817T130205_662117+0800.json"
  ],
  "governance": {
    "use_as_trading_signal": false,
    "automatic_ordering_authorized": false,
    "note": "当前只采集和纸面验证；未通过前向门槛前不得映射实盘仓位。"
  }
}
{
  "status": "PASS",
  "checked_at": "2026-08-17T13:03:10.178480+08:00",
  "collector": {
    "collector_id": "510300_PRIMARY_SECONDARY_FORWARD_V1",
    "symbol": "510300.SH",
    "fund_code": "510300",
    "timezone": "Asia/Shanghai",
    "timeout_seconds": 15,
    "observation_interval_seconds": 60,
    "collection_start_time": "09:30:00",
    "collection_end_time": "15:00:00",
    "collection_sessions": [
      [
        "09:30:00",
        "11:30:00"
      ],
      [
        "13:00:00",
        "15:00:00"
      ]
    ],
    "evidence_scope": "仅从实际接入日起的前向数据，不回填历史IOPV"
  },
  "checks": {
    "same_fund_code": true,
    "same_trade_date": true,
    "iopv_publication_enabled": true,
    "positive_iopv": true,
    "positive_last_price": true,
    "positive_creation_unit": true,
    "snapshot_fresh_during_collection_session": true
  },
  "freshness": {
    "during_collection_session": true,
    "clock_delay_seconds": 0.17848,
    "maximum_allowed_seconds_during_session": 180.0
  },
  "latest_pcf": {
    "trading_day": "2026-08-17",
    "previous_trading_day": "2026-08-14",
    "fund_code": "510300",
    "fund_name": "华泰柏瑞沪深300交易型开放式指数证券投资基金",
    "fund_company": "华泰柏瑞基金管理有限公司",
    "file_id": "1463187",
    "etf_type": "8",
    "nav": 4.7282,
    "nav_per_creation_unit": 4255390.17,
    "previous_cash_component": 105384.17,
    "estimated_cash_component": 107458.17,
    "maximum_cash_ratio": 0.5,
    "creation_redemption_unit": 900000,
    "component_count": 300,
    "publish_iopv": true,
    "creation_redemption_status": "申购和赎回皆允许",
    "creation_redemption_mechanism": "1",
    "creation_limit": null,
    "redemption_limit": 3600000000.0,
    "net_creation_limit": null,
    "net_redemption_limit": null,
    "creation_limit_per_account": null,
    "redemption_limit_per_account": null,
    "net_creation_limit_per_account": null,
    "net_redemption_limit_per_account": null,
    "source": "sse.COMMON_SSE_CP_JJLB_ETFJJGK_GGSGSHQD_JBXX_C",
    "retrieved_at": "2026-08-17T09:30:09.574575+08:00"
  },
  "latest_iopv": {
    "exchange_timestamp": "2026-08-17 13:03:10",
    "trade_date": "2026-08-17",
    "fund_code": "510300",
    "name": "300ETF",
    "extended_name": "沪深300ETF华泰柏瑞",
    "last_price": 4.764,
    "iopv": 4.7675,
    "premium_discount_bps": -7.3413738856842325,
    "change_rate_pct": 0.8,
    "change_cny": 0.038,
    "open": 4.73,
    "previous_close": 4.726,
    "high": 4.765,
    "low": 4.725,
    "volume_shares": 351050575.0,
    "amount_cny": 1665987672.0,
    "trade_phase_raw": "T111    ",
    "post_close_volume_shares": 0.0,
    "post_close_amount_cny": 0.0,
    "post_close_phase_raw": "A1      ",
    "product_subtype": "EBS",
    "source": "sse.yunhq.sh1.snap",
    "retrieved_at": "2026-08-17T13:03:10.129198+08:00"
  },
  "account_feasibility": {
    "reference_account_cny": 20000.0,
    "creation_unit_notional_cny": 4287600.0,
    "can_directly_create_or_redeem": false,
    "intended_use": "只用PCF和IOPV观察一级市场吸收状态，在二级市场交易510300"
  },
  "storage": {
    "pcf": {
      "file": "data/raw/primary_market/510300_pcf_daily.parquet",
      "row_count": 3,
      "first_key": "2026-08-13",
      "last_key": "2026-08-17",
      "sha256": "5b07ef24cc244d40afc8eb241ee183f2181026aa2f7b920cc6f9b3813ac40302"
    },
    "iopv": {
      "file": "data/raw/primary_market/510300_iopv_snapshots.parquet",
      "row_count": 124,
      "first_key": "2026-08-13 16:29:06",
      "last_key": "2026-08-17 13:03:10",
      "sha256": "e7f2f473114e66263c9109d4240e4527e367ceb98557fdc33d0a6934e64679f9"
    }
  },
  "raw_response_files": [
    "data/raw/primary_market/raw/iopv/20260817/20260817T130308_391295+0800.json"
  ],
  "governance": {
    "use_as_trading_signal": false,
    "automatic_ordering_authorized": false,
    "note": "当前只采集和纸面验证；未通过前向门槛前不得映射实盘仓位。"
  }
}
{
  "status": "PASS",
  "checked_at": "2026-08-17T13:04:11.578299+08:00",
  "collector": {
    "collector_id": "510300_PRIMARY_SECONDARY_FORWARD_V1",
    "symbol": "510300.SH",
    "fund_code": "510300",
    "timezone": "Asia/Shanghai",
    "timeout_seconds": 15,
    "observation_interval_seconds": 60,
    "collection_start_time": "09:30:00",
    "collection_end_time": "15:00:00",
    "collection_sessions": [
      [
        "09:30:00",
        "11:30:00"
      ],
      [
        "13:00:00",
        "15:00:00"
      ]
    ],
    "evidence_scope": "仅从实际接入日起的前向数据，不回填历史IOPV"
  },
  "checks": {
    "same_fund_code": true,
    "same_trade_date": true,
    "iopv_publication_enabled": true,
    "positive_iopv": true,
    "positive_last_price": true,
    "positive_creation_unit": true,
    "snapshot_fresh_during_collection_session": true
  },
  "freshness": {
    "during_collection_session": true,
    "clock_delay_seconds": 0.578299,
    "maximum_allowed_seconds_during_session": 180.0
  },
  "latest_pcf": {
    "trading_day": "2026-08-17",
    "previous_trading_day": "2026-08-14",
    "fund_code": "510300",
    "fund_name": "华泰柏瑞沪深300交易型开放式指数证券投资基金",
    "fund_company": "华泰柏瑞基金管理有限公司",
    "file_id": "1463187",
    "etf_type": "8",
    "nav": 4.7282,
    "nav_per_creation_unit": 4255390.17,
    "previous_cash_component": 105384.17,
    "estimated_cash_component": 107458.17,
    "maximum_cash_ratio": 0.5,
    "creation_redemption_unit": 900000,
    "component_count": 300,
    "publish_iopv": true,
    "creation_redemption_status": "申购和赎回皆允许",
    "creation_redemption_mechanism": "1",
    "creation_limit": null,
    "redemption_limit": 3600000000.0,
    "net_creation_limit": null,
    "net_redemption_limit": null,
    "creation_limit_per_account": null,
    "redemption_limit_per_account": null,
    "net_creation_limit_per_account": null,
    "net_redemption_limit_per_account": null,
    "source": "sse.COMMON_SSE_CP_JJLB_ETFJJGK_GGSGSHQD_JBXX_C",
    "retrieved_at": "2026-08-17T09:30:09.574575+08:00"
  },
  "latest_iopv": {
    "exchange_timestamp": "2026-08-17 13:04:11",
    "trade_date": "2026-08-17",
    "fund_code": "510300",
    "name": "300ETF",
    "extended_name": "沪深300ETF华泰柏瑞",
    "last_price": 4.768,
    "iopv": 4.7722,
    "premium_discount_bps": -8.800972297892118,
    "change_rate_pct": 0.89,
    "change_cny": 0.042,
    "open": 4.73,
    "previous_close": 4.726,
    "high": 4.769,
    "low": 4.725,
    "volume_shares": 365073175.0,
    "amount_cny": 1732815557.0,
    "trade_phase_raw": "T111    ",
    "post_close_volume_shares": 0.0,
    "post_close_amount_cny": 0.0,
    "post_close_phase_raw": "A1      ",
    "product_subtype": "EBS",
    "source": "sse.yunhq.sh1.snap",
    "retrieved_at": "2026-08-17T13:04:11.538917+08:00"
  },
  "account_feasibility": {
    "reference_account_cny": 20000.0,
    "creation_unit_notional_cny": 4291200.0,
    "can_directly_create_or_redeem": false,
    "intended_use": "只用PCF和IOPV观察一级市场吸收状态，在二级市场交易510300"
  },
  "storage": {
    "pcf": {
      "file": "data/raw/primary_market/510300_pcf_daily.parquet",
      "row_count": 3,
      "first_key": "2026-08-13",
      "last_key": "2026-08-17",
      "sha256": "5b07ef24cc244d40afc8eb241ee183f2181026aa2f7b920cc6f9b3813ac40302"
    },
    "iopv": {
      "file": "data/raw/primary_market/510300_iopv_snapshots.parquet",
      "row_count": 125,
      "first_key": "2026-08-13 16:29:06",
      "last_key": "2026-08-17 13:04:11",
      "sha256": "f60bcc9619e606dc555127cf7b894a6b33926cead473b86129b1425f12680bd5"
    }
  },
  "raw_response_files": [
    "data/raw/primary_market/raw/iopv/20260817/20260817T130410_180837+0800.json"
  ],
  "governance": {
    "use_as_trading_signal": false,
    "automatic_ordering_authorized": false,
    "note": "当前只采集和纸面验证；未通过前向门槛前不得映射实盘仓位。"
  }
}
{
  "status": "PASS",
  "checked_at": "2026-08-17T13:05:13.006455+08:00",
  "collector": {
    "collector_id": "510300_PRIMARY_SECONDARY_FORWARD_V1",
    "symbol": "510300.SH",
    "fund_code": "510300",
    "timezone": "Asia/Shanghai",
    "timeout_seconds": 15,
    "observation_interval_seconds": 60,
    "collection_start_time": "09:30:00",
    "collection_end_time": "15:00:00",
    "collection_sessions": [
      [
        "09:30:00",
        "11:30:00"
      ],
      [
        "13:00:00",
        "15:00:00"
      ]
    ],
    "evidence_scope": "仅从实际接入日起的前向数据，不回填历史IOPV"
  },
  "checks": {
    "same_fund_code": true,
    "same_trade_date": true,
    "iopv_publication_enabled": true,
    "positive_iopv": true,
    "positive_last_price": true,
    "positive_creation_unit": true,
    "snapshot_fresh_during_collection_session": true
  },
  "freshness": {
    "during_collection_session": true,
    "clock_delay_seconds": 1.006455,
    "maximum_allowed_seconds_during_session": 180.0
  },
  "latest_pcf": {
    "trading_day": "2026-08-17",
    "previous_trading_day": "2026-08-14",
    "fund_code": "510300",
    "fund_name": "华泰柏瑞沪深300交易型开放式指数证券投资基金",
    "fund_company": "华泰柏瑞基金管理有限公司",
    "file_id": "1463187",
    "etf_type": "8",
    "nav": 4.7282,
    "nav_per_creation_unit": 4255390.17,
    "previous_cash_component": 105384.17,
    "estimated_cash_component": 107458.17,
    "maximum_cash_ratio": 0.5,
    "creation_redemption_unit": 900000,
    "component_count": 300,
    "publish_iopv": true,
    "creation_redemption_status": "申购和赎回皆允许",
    "creation_redemption_mechanism": "1",
    "creation_limit": null,
    "redemption_limit": 3600000000.0,
    "net_creation_limit": null,
    "net_redemption_limit": null,
    "creation_limit_per_account": null,
    "redemption_limit_per_account": null,
    "net_creation_limit_per_account": null,
    "net_redemption_limit_per_account": null,
    "source": "sse.COMMON_SSE_CP_JJLB_ETFJJGK_GGSGSHQD_JBXX_C",
    "retrieved_at": "2026-08-17T09:30:09.574575+08:00"
  },
  "latest_iopv": {
    "exchange_timestamp": "2026-08-17 13:05:12",
    "trade_date": "2026-08-17",
    "fund_code": "510300",
    "name": "300ETF",
    "extended_name": "沪深300ETF华泰柏瑞",
    "last_price": 4.772,
    "iopv": 4.7749,
    "premium_discount_bps": -6.073425621477835,
    "change_rate_pct": 0.97,
    "change_cny": 0.046,
    "open": 4.73,
    "previous_close": 4.726,
    "high": 4.773,
    "low": 4.725,
    "volume_shares": 377176475.0,
    "amount_cny": 1790547469.0,
    "trade_phase_raw": "T111    ",
    "post_close_volume_shares": 0.0,
    "post_close_amount_cny": 0.0,
    "post_close_phase_raw": "A1      ",
    "product_subtype": "EBS",
    "source": "sse.yunhq.sh1.snap",
    "retrieved_at": "2026-08-17T13:05:12.968882+08:00"
  },
  "account_feasibility": {
    "reference_account_cny": 20000.0,
    "creation_unit_notional_cny": 4294800.0,
    "can_directly_create_or_redeem": false,
    "intended_use": "只用PCF和IOPV观察一级市场吸收状态，在二级市场交易510300"
  },
  "storage": {
    "pcf": {
      "file": "data/raw/primary_market/510300_pcf_daily.parquet",
      "row_count": 3,
      "first_key": "2026-08-13",
      "last_key": "2026-08-17",
      "sha256": "5b07ef24cc244d40afc8eb241ee183f2181026aa2f7b920cc6f9b3813ac40302"
    },
    "iopv": {
      "file": "data/raw/primary_market/510300_iopv_snapshots.parquet",
      "row_count": 126,
      "first_key": "2026-08-13 16:29:06",
      "last_key": "2026-08-17 13:05:12",
      "sha256": "d0cdc8d40070fd919c6dd77386c70116b57d4d69de05841341bffe276afc25fa"
    }
  },
  "raw_response_files": [
    "data/raw/primary_market/raw/iopv/20260817/20260817T130511_580813+0800.json"
  ],
  "governance": {
    "use_as_trading_signal": false,
    "automatic_ordering_authorized": false,
    "note": "当前只采集和纸面验证；未通过前向门槛前不得映射实盘仓位。"
  }
}
{
  "status": "PASS",
  "checked_at": "2026-08-17T13:06:15.119560+08:00",
  "collector": {
    "collector_id": "510300_PRIMARY_SECONDARY_FORWARD_V1",
    "symbol": "510300.SH",
    "fund_code": "510300",
    "timezone": "Asia/Shanghai",
    "timeout_seconds": 15,
    "observation_interval_seconds": 60,
    "collection_start_time": "09:30:00",
    "collection_end_time": "15:00:00",
    "collection_sessions": [
      [
        "09:30:00",
        "11:30:00"
      ],
      [
        "13:00:00",
        "15:00:00"
      ]
    ],
    "evidence_scope": "仅从实际接入日起的前向数据，不回填历史IOPV"
  },
  "checks": {
    "same_fund_code": true,
    "same_trade_date": true,
    "iopv_publication_enabled": true,
    "positive_iopv": true,
    "positive_last_price": true,
    "positive_creation_unit": true,
    "snapshot_fresh_during_collection_session": true
  },
  "freshness": {
    "during_collection_session": true,
    "clock_delay_seconds": 0.11956,
    "maximum_allowed_seconds_during_session": 180.0
  },
  "latest_pcf": {
    "trading_day": "2026-08-17",
    "previous_trading_day": "2026-08-14",
    "fund_code": "510300",
    "fund_name": "华泰柏瑞沪深300交易型开放式指数证券投资基金",
    "fund_company": "华泰柏瑞基金管理有限公司",
    "file_id": "1463187",
    "etf_type": "8",
    "nav": 4.7282,
    "nav_per_creation_unit": 4255390.17,
    "previous_cash_component": 105384.17,
    "estimated_cash_component": 107458.17,
    "maximum_cash_ratio": 0.5,
    "creation_redemption_unit": 900000,
    "component_count": 300,
    "publish_iopv": true,
    "creation_redemption_status": "申购和赎回皆允许",
    "creation_redemption_mechanism": "1",
    "creation_limit": null,
    "redemption_limit": 3600000000.0,
    "net_creation_limit": null,
    "net_redemption_limit": null,
    "creation_limit_per_account": null,
    "redemption_limit_per_account": null,
    "net_creation_limit_per_account": null,
    "net_redemption_limit_per_account": null,
    "source": "sse.COMMON_SSE_CP_JJLB_ETFJJGK_GGSGSHQD_JBXX_C",
    "retrieved_at": "2026-08-17T09:30:09.574575+08:00"
  },
  "latest_iopv": {
    "exchange_timestamp": "2026-08-17 13:06:15",
    "trade_date": "2026-08-17",
    "fund_code": "510300",
    "name": "300ETF",
    "extended_name": "沪深300ETF华泰柏瑞",
    "last_price": 4.771,
    "iopv": 4.7743,
    "premium_discount_bps": -6.912008043064022,
    "change_rate_pct": 0.95,
    "change_cny": 0.045,
    "open": 4.73,
    "previous_close": 4.726,
    "high": 4.773,
    "low": 4.725,
    "volume_shares": 379674175.0,
    "amount_cny": 1802466025.0,
    "trade_phase_raw": "T111    ",
    "post_close_volume_shares": 0.0,
    "post_close_amount_cny": 0.0,
    "post_close_phase_raw": "A1      ",
    "product_subtype": "EBS",
    "source": "sse.yunhq.sh1.snap",
    "retrieved_at": "2026-08-17T13:06:15.073149+08:00"
  },
  "account_feasibility": {
    "reference_account_cny": 20000.0,
    "creation_unit_notional_cny": 4293900.0,
    "can_directly_create_or_redeem": false,
    "intended_use": "只用PCF和IOPV观察一级市场吸收状态，在二级市场交易510300"
  },
  "storage": {
    "pcf": {
      "file": "data/raw/primary_market/510300_pcf_daily.parquet",
      "row_count": 3,
      "first_key": "2026-08-13",
      "last_key": "2026-08-17",
      "sha256": "5b07ef24cc244d40afc8eb241ee183f2181026aa2f7b920cc6f9b3813ac40302"
    },
    "iopv": {
      "file": "data/raw/primary_market/510300_iopv_snapshots.parquet",
      "row_count": 127,
      "first_key": "2026-08-13 16:29:06",
      "last_key": "2026-08-17 13:06:15",
      "sha256": "7c8ad53247ed2b2ce16d3ddf6d85b5de0224e3e8347469f00d36b80ce378b952"
    }
  },
  "raw_response_files": [
    "data/raw/primary_market/raw/iopv/20260817/20260817T130613_008311+0800.json"
  ],
  "governance": {
    "use_as_trading_signal": false,
    "automatic_ordering_authorized": false,
    "note": "当前只采集和纸面验证；未通过前向门槛前不得映射实盘仓位。"
  }
}
{
  "status": "PASS",
  "checked_at": "2026-08-17T13:07:17.001496+08:00",
  "collector": {
    "collector_id": "510300_PRIMARY_SECONDARY_FORWARD_V1",
    "symbol": "510300.SH",
    "fund_code": "510300",
    "timezone": "Asia/Shanghai",
    "timeout_seconds": 15,
    "observation_interval_seconds": 60,
    "collection_start_time": "09:30:00",
    "collection_end_time": "15:00:00",
    "collection_sessions": [
      [
        "09:30:00",
        "11:30:00"
      ],
      [
        "13:00:00",
        "15:00:00"
      ]
    ],
    "evidence_scope": "仅从实际接入日起的前向数据，不回填历史IOPV"
  },
  "checks": {
    "same_fund_code": true,
    "same_trade_date": true,
    "iopv_publication_enabled": true,
    "positive_iopv": true,
    "positive_last_price": true,
    "positive_creation_unit": true,
    "snapshot_fresh_during_collection_session": true
  },
  "freshness": {
    "during_collection_session": true,
    "clock_delay_seconds": 0.001496,
    "maximum_allowed_seconds_during_session": 180.0
  },
  "latest_pcf": {
    "trading_day": "2026-08-17",
    "previous_trading_day": "2026-08-14",
    "fund_code": "510300",
    "fund_name": "华泰柏瑞沪深300交易型开放式指数证券投资基金",
    "fund_company": "华泰柏瑞基金管理有限公司",
    "file_id": "1463187",
    "etf_type": "8",
    "nav": 4.7282,
    "nav_per_creation_unit": 4255390.17,
    "previous_cash_component": 105384.17,
    "estimated_cash_component": 107458.17,
    "maximum_cash_ratio": 0.5,
    "creation_redemption_unit": 900000,
    "component_count": 300,
    "publish_iopv": true,
    "creation_redemption_status": "申购和赎回皆允许",
    "creation_redemption_mechanism": "1",
    "creation_limit": null,
    "redemption_limit": 3600000000.0,
    "net_creation_limit": null,
    "net_redemption_limit": null,
    "creation_limit_per_account": null,
    "redemption_limit_per_account": null,
    "net_creation_limit_per_account": null,
    "net_redemption_limit_per_account": null,
    "source": "sse.COMMON_SSE_CP_JJLB_ETFJJGK_GGSGSHQD_JBXX_C",
    "retrieved_at": "2026-08-17T09:30:09.574575+08:00"
  },
  "latest_iopv": {
    "exchange_timestamp": "2026-08-17 13:07:17",
    "trade_date": "2026-08-17",
    "fund_code": "510300",
    "name": "300ETF",
    "extended_name": "沪深300ETF华泰柏瑞",
    "last_price": 4.773,
    "iopv": 4.7761,
    "premium_discount_bps": -6.490651368270539,
    "change_rate_pct": 0.99,
    "change_cny": 0.047,
    "open": 4.73,
    "previous_close": 4.726,
    "high": 4.773,
    "low": 4.725,
    "volume_shares": 385116575.0,
    "amount_cny": 1828435586.0,
    "trade_phase_raw": "T111    ",
    "post_close_volume_shares": 0.0,
    "post_close_amount_cny": 0.0,
    "post_close_phase_raw": "A1      ",
    "product_subtype": "EBS",
    "source": "sse.yunhq.sh1.snap",
    "retrieved_at": "2026-08-17T13:07:16.955634+08:00"
  },
  "account_feasibility": {
    "reference_account_cny": 20000.0,
    "creation_unit_notional_cny": 4295700.0,
    "can_directly_create_or_redeem": false,
    "intended_use": "只用PCF和IOPV观察一级市场吸收状态，在二级市场交易510300"
  },
  "storage": {
    "pcf": {
      "file": "data/raw/primary_market/510300_pcf_daily.parquet",
      "row_count": 3,
      "first_key": "2026-08-13",
      "last_key": "2026-08-17",
      "sha256": "5b07ef24cc244d40afc8eb241ee183f2181026aa2f7b920cc6f9b3813ac40302"
    },
    "iopv": {
      "file": "data/raw/primary_market/510300_iopv_snapshots.parquet",
      "row_count": 128,
      "first_key": "2026-08-13 16:29:06",
      "last_key": "2026-08-17 13:07:17",
      "sha256": "26fbe429608c69a3ab438bf2a8a8e51d908a519c38678771785f42f7a086d6aa"
    }
  },
  "raw_response_files": [
    "data/raw/primary_market/raw/iopv/20260817/20260817T130715_121294+0800.json"
  ],
  "governance": {
    "use_as_trading_signal": false,
    "automatic_ordering_authorized": false,
    "note": "当前只采集和纸面验证；未通过前向门槛前不得映射实盘仓位。"
  }
}
{
  "status": "PASS",
  "checked_at": "2026-08-17T13:08:18.253048+08:00",
  "collector": {
    "collector_id": "510300_PRIMARY_SECONDARY_FORWARD_V1",
    "symbol": "510300.SH",
    "fund_code": "510300",
    "timezone": "Asia/Shanghai",
    "timeout_seconds": 15,
    "observation_interval_seconds": 60,
    "collection_start_time": "09:30:00",
    "collection_end_time": "15:00:00",
    "collection_sessions": [
      [
        "09:30:00",
        "11:30:00"
      ],
      [
        "13:00:00",
        "15:00:00"
      ]
    ],
    "evidence_scope": "仅从实际接入日起的前向数据，不回填历史IOPV"
  },
  "checks": {
    "same_fund_code": true,
    "same_trade_date": true,
    "iopv_publication_enabled": true,
    "positive_iopv": true,
    "positive_last_price": true,
    "positive_creation_unit": true,
    "snapshot_fresh_during_collection_session": true
  },
  "freshness": {
    "during_collection_session": true,
    "clock_delay_seconds": 0.253048,
    "maximum_allowed_seconds_during_session": 180.0
  },
  "latest_pcf": {
    "trading_day": "2026-08-17",
    "previous_trading_day": "2026-08-14",
    "fund_code": "510300",
    "fund_name": "华泰柏瑞沪深300交易型开放式指数证券投资基金",
    "fund_company": "华泰柏瑞基金管理有限公司",
    "file_id": "1463187",
    "etf_type": "8",
    "nav": 4.7282,
    "nav_per_creation_unit": 4255390.17,
    "previous_cash_component": 105384.17,
    "estimated_cash_component": 107458.17,
    "maximum_cash_ratio": 0.5,
    "creation_redemption_unit": 900000,
    "component_count": 300,
    "publish_iopv": true,
    "creation_redemption_status": "申购和赎回皆允许",
    "creation_redemption_mechanism": "1",
    "creation_limit": null,
    "redemption_limit": 3600000000.0,
    "net_creation_limit": null,
    "net_redemption_limit": null,
    "creation_limit_per_account": null,
    "redemption_limit_per_account": null,
    "net_creation_limit_per_account": null,
    "net_redemption_limit_per_account": null,
    "source": "sse.COMMON_SSE_CP_JJLB_ETFJJGK_GGSGSHQD_JBXX_C",
    "retrieved_at": "2026-08-17T09:30:09.574575+08:00"
  },
  "latest_iopv": {
    "exchange_timestamp": "2026-08-17 13:08:18",
    "trade_date": "2026-08-17",
    "fund_code": "510300",
    "name": "300ETF",
    "extended_name": "沪深300ETF华泰柏瑞",
    "last_price": 4.778,
    "iopv": 4.781,
    "premium_discount_bps": -6.274837900021035,
    "change_rate_pct": 1.1,
    "change_cny": 0.052,
    "open": 4.73,
    "previous_close": 4.726,
    "high": 4.779,
    "low": 4.725,
    "volume_shares": 394039975.0,
    "amount_cny": 1871049471.0,
    "trade_phase_raw": "T111    ",
    "post_close_volume_shares": 0.0,
    "post_close_amount_cny": 0.0,
    "post_close_phase_raw": "A1      ",
    "product_subtype": "EBS",
    "source": "sse.yunhq.sh1.snap",
    "retrieved_at": "2026-08-17T13:08:18.188230+08:00"
  },
  "account_feasibility": {
    "reference_account_cny": 20000.0,
    "creation_unit_notional_cny": 4300200.0,
    "can_directly_create_or_redeem": false,
    "intended_use": "只用PCF和IOPV观察一级市场吸收状态，在二级市场交易510300"
  },
  "storage": {
    "pcf": {
      "file": "data/raw/primary_market/510300_pcf_daily.parquet",
      "row_count": 3,
      "first_key": "2026-08-13",
      "last_key": "2026-08-17",
      "sha256": "5b07ef24cc244d40afc8eb241ee183f2181026aa2f7b920cc6f9b3813ac40302"
    },
    "iopv": {
      "file": "data/raw/primary_market/510300_iopv_snapshots.parquet",
      "row_count": 129,
      "first_key": "2026-08-13 16:29:06",
      "last_key": "2026-08-17 13:08:18",
      "sha256": "fbe8877e3d581bcc4d813aaf1c380c6e759d59e4edfa73fcc054001d9358d4be"
    }
  },
  "raw_response_files": [
    "data/raw/primary_market/raw/iopv/20260817/20260817T130817_005448+0800.json"
  ],
  "governance": {
    "use_as_trading_signal": false,
    "automatic_ordering_authorized": false,
    "note": "当前只采集和纸面验证；未通过前向门槛前不得映射实盘仓位。"
  }
}
{
  "status": "PASS",
  "checked_at": "2026-08-17T13:09:21.129971+08:00",
  "collector": {
    "collector_id": "510300_PRIMARY_SECONDARY_FORWARD_V1",
    "symbol": "510300.SH",
    "fund_code": "510300",
    "timezone": "Asia/Shanghai",
    "timeout_seconds": 15,
    "observation_interval_seconds": 60,
    "collection_start_time": "09:30:00",
    "collection_end_time": "15:00:00",
    "collection_sessions": [
      [
        "09:30:00",
        "11:30:00"
      ],
      [
        "13:00:00",
        "15:00:00"
      ]
    ],
    "evidence_scope": "仅从实际接入日起的前向数据，不回填历史IOPV"
  },
  "checks": {
    "same_fund_code": true,
    "same_trade_date": true,
    "iopv_publication_enabled": true,
    "positive_iopv": true,
    "positive_last_price": true,
    "positive_creation_unit": true,
    "snapshot_fresh_during_collection_session": true
  },
  "freshness": {
    "during_collection_session": true,
    "clock_delay_seconds": 0.129971,
    "maximum_allowed_seconds_during_session": 180.0
  },
  "latest_pcf": {
    "trading_day": "2026-08-17",
    "previous_trading_day": "2026-08-14",
    "fund_code": "510300",
    "fund_name": "华泰柏瑞沪深300交易型开放式指数证券投资基金",
    "fund_company": "华泰柏瑞基金管理有限公司",
    "file_id": "1463187",
    "etf_type": "8",
    "nav": 4.7282,
    "nav_per_creation_unit": 4255390.17,
    "previous_cash_component": 105384.17,
    "estimated_cash_component": 107458.17,
    "maximum_cash_ratio": 0.5,
    "creation_redemption_unit": 900000,
    "component_count": 300,
    "publish_iopv": true,
    "creation_redemption_status": "申购和赎回皆允许",
    "creation_redemption_mechanism": "1",
    "creation_limit": null,
    "redemption_limit": 3600000000.0,
    "net_creation_limit": null,
    "net_redemption_limit": null,
    "creation_limit_per_account": null,
    "redemption_limit_per_account": null,
    "net_creation_limit_per_account": null,
    "net_redemption_limit_per_account": null,
    "source": "sse.COMMON_SSE_CP_JJLB_ETFJJGK_GGSGSHQD_JBXX_C",
    "retrieved_at": "2026-08-17T09:30:09.574575+08:00"
  },
  "latest_iopv": {
    "exchange_timestamp": "2026-08-17 13:09:21",
    "trade_date": "2026-08-17",
    "fund_code": "510300",
    "name": "300ETF",
    "extended_name": "沪深300ETF华泰柏瑞",
    "last_price": 4.779,
    "iopv": 4.7829,
    "premium_discount_bps": -8.154048798845182,
    "change_rate_pct": 1.12,
    "change_cny": 0.053,
    "open": 4.73,
    "previous_close": 4.726,
    "high": 4.78,
    "low": 4.725,
    "volume_shares": 403238975.0,
    "amount_cny": 1915006070.0,
    "trade_phase_raw": "T111    ",
    "post_close_volume_shares": 0.0,
    "post_close_amount_cny": 0.0,
    "post_close_phase_raw": "A1      ",
    "product_subtype": "EBS",
    "source": "sse.yunhq.sh1.snap",
    "retrieved_at": "2026-08-17T13:09:21.100887+08:00"
  },
  "account_feasibility": {
    "reference_account_cny": 20000.0,
    "creation_unit_notional_cny": 4301100.0,
    "can_directly_create_or_redeem": false,
    "intended_use": "只用PCF和IOPV观察一级市场吸收状态，在二级市场交易510300"
  },
  "storage": {
    "pcf": {
      "file": "data/raw/primary_market/510300_pcf_daily.parquet",
      "row_count": 3,
      "first_key": "2026-08-13",
      "last_key": "2026-08-17",
      "sha256": "5b07ef24cc244d40afc8eb241ee183f2181026aa2f7b920cc6f9b3813ac40302"
    },
    "iopv": {
      "file": "data/raw/primary_market/510300_iopv_snapshots.parquet",
      "row_count": 130,
      "first_key": "2026-08-13 16:29:06",
      "last_key": "2026-08-17 13:09:21",
      "sha256": "241a29a096053c244fa8dbf254ed1ea4d655fda3915812526ee9fe791cec1723"
    }
  },
  "raw_response_files": [
    "data/raw/primary_market/raw/iopv/20260817/20260817T130918_255604+0800.json"
  ],
  "governance": {
    "use_as_trading_signal": false,
    "automatic_ordering_authorized": false,
    "note": "当前只采集和纸面验证；未通过前向门槛前不得映射实盘仓位。"
  }
}
{
  "status": "PASS",
  "checked_at": "2026-08-17T13:10:22.348487+08:00",
  "collector": {
    "collector_id": "510300_PRIMARY_SECONDARY_FORWARD_V1",
    "symbol": "510300.SH",
    "fund_code": "510300",
    "timezone": "Asia/Shanghai",
    "timeout_seconds": 15,
    "observation_interval_seconds": 60,
    "collection_start_time": "09:30:00",
    "collection_end_time": "15:00:00",
    "collection_sessions": [
      [
        "09:30:00",
        "11:30:00"
      ],
      [
        "13:00:00",
        "15:00:00"
      ]
    ],
    "evidence_scope": "仅从实际接入日起的前向数据，不回填历史IOPV"
  },
  "checks": {
    "same_fund_code": true,
    "same_trade_date": true,
    "iopv_publication_enabled": true,
    "positive_iopv": true,
    "positive_last_price": true,
    "positive_creation_unit": true,
    "snapshot_fresh_during_collection_session": true
  },
  "freshness": {
    "during_collection_session": true,
    "clock_delay_seconds": 0.348487,
    "maximum_allowed_seconds_during_session": 180.0
  },
  "latest_pcf": {
    "trading_day": "2026-08-17",
    "previous_trading_day": "2026-08-14",
    "fund_code": "510300",
    "fund_name": "华泰柏瑞沪深300交易型开放式指数证券投资基金",
    "fund_company": "华泰柏瑞基金管理有限公司",
    "file_id": "1463187",
    "etf_type": "8",
    "nav": 4.7282,
    "nav_per_creation_unit": 4255390.17,
    "previous_cash_component": 105384.17,
    "estimated_cash_component": 107458.17,
    "maximum_cash_ratio": 0.5,
    "creation_redemption_unit": 900000,
    "component_count": 300,
    "publish_iopv": true,
    "creation_redemption_status": "申购和赎回皆允许",
    "creation_redemption_mechanism": "1",
    "creation_limit": null,
    "redemption_limit": 3600000000.0,
    "net_creation_limit": null,
    "net_redemption_limit": null,
    "creation_limit_per_account": null,
    "redemption_limit_per_account": null,
    "net_creation_limit_per_account": null,
    "net_redemption_limit_per_account": null,
    "source": "sse.COMMON_SSE_CP_JJLB_ETFJJGK_GGSGSHQD_JBXX_C",
    "retrieved_at": "2026-08-17T09:30:09.574575+08:00"
  },
  "latest_iopv": {
    "exchange_timestamp": "2026-08-17 13:10:22",
    "trade_date": "2026-08-17",
    "fund_code": "510300",
    "name": "300ETF",
    "extended_name": "沪深300ETF华泰柏瑞",
    "last_price": 4.777,
    "iopv": 4.7797,
    "premium_discount_bps": -5.648890097704751,
    "change_rate_pct": 1.08,
    "change_cny": 0.051,
    "open": 4.73,
    "previous_close": 4.726,
    "high": 4.783,
    "low": 4.725,
    "volume_shares": 410978775.0,
    "amount_cny": 1952006147.0,
    "trade_phase_raw": "T111    ",
    "post_close_volume_shares": 0.0,
    "post_close_amount_cny": 0.0,
    "post_close_phase_raw": "A1      ",
    "product_subtype": "EBS",
    "source": "sse.yunhq.sh1.snap",
    "retrieved_at": "2026-08-17T13:10:22.308811+08:00"
  },
  "account_feasibility": {
    "reference_account_cny": 20000.0,
    "creation_unit_notional_cny": 4299300.0,
    "can_directly_create_or_redeem": false,
    "intended_use": "只用PCF和IOPV观察一级市场吸收状态，在二级市场交易510300"
  },
  "storage": {
    "pcf": {
      "file": "data/raw/primary_market/510300_pcf_daily.parquet",
      "row_count": 3,
      "first_key": "2026-08-13",
      "last_key": "2026-08-17",
      "sha256": "5b07ef24cc244d40afc8eb241ee183f2181026aa2f7b920cc6f9b3813ac40302"
    },
    "iopv": {
      "file": "data/raw/primary_market/510300_iopv_snapshots.parquet",
      "row_count": 131,
      "first_key": "2026-08-13 16:29:06",
      "last_key": "2026-08-17 13:10:22",
      "sha256": "804b71e83d3b154bdc4b4f1b78bb4817a7c6d83e173085f0823bf1d915cd9cc2"
    }
  },
  "raw_response_files": [
    "data/raw/primary_market/raw/iopv/20260817/20260817T131021_132223+0800.json"
  ],
  "governance": {
    "use_as_trading_signal": false,
    "automatic_ordering_authorized": false,
    "note": "当前只采集和纸面验证；未通过前向门槛前不得映射实盘仓位。"
  }
}
{
  "status": "PASS",
  "checked_at": "2026-08-17T13:11:24.730994+08:00",
  "collector": {
    "collector_id": "510300_PRIMARY_SECONDARY_FORWARD_V1",
    "symbol": "510300.SH",
    "fund_code": "510300",
    "timezone": "Asia/Shanghai",
    "timeout_seconds": 15,
    "observation_interval_seconds": 60,
    "collection_start_time": "09:30:00",
    "collection_end_time": "15:00:00",
    "collection_sessions": [
      [
        "09:30:00",
        "11:30:00"
      ],
      [
        "13:00:00",
        "15:00:00"
      ]
    ],
    "evidence_scope": "仅从实际接入日起的前向数据，不回填历史IOPV"
  },
  "checks": {
    "same_fund_code": true,
    "same_trade_date": true,
    "iopv_publication_enabled": true,
    "positive_iopv": true,
    "positive_last_price": true,
    "positive_creation_unit": true,
    "snapshot_fresh_during_collection_session": true
  },
  "freshness": {
    "during_collection_session": true,
    "clock_delay_seconds": 0.730994,
    "maximum_allowed_seconds_during_session": 180.0
  },
  "latest_pcf": {
    "trading_day": "2026-08-17",
    "previous_trading_day": "2026-08-14",
    "fund_code": "510300",
    "fund_name": "华泰柏瑞沪深300交易型开放式指数证券投资基金",
    "fund_company": "华泰柏瑞基金管理有限公司",
    "file_id": "1463187",
    "etf_type": "8",
    "nav": 4.7282,
    "nav_per_creation_unit": 4255390.17,
    "previous_cash_component": 105384.17,
    "estimated_cash_component": 107458.17,
    "maximum_cash_ratio": 0.5,
    "creation_redemption_unit": 900000,
    "component_count": 300,
    "publish_iopv": true,
    "creation_redemption_status": "申购和赎回皆允许",
    "creation_redemption_mechanism": "1",
    "creation_limit": null,
    "redemption_limit": 3600000000.0,
    "net_creation_limit": null,
    "net_redemption_limit": null,
    "creation_limit_per_account": null,
    "redemption_limit_per_account": null,
    "net_creation_limit_per_account": null,
    "net_redemption_limit_per_account": null,
    "source": "sse.COMMON_SSE_CP_JJLB_ETFJJGK_GGSGSHQD_JBXX_C",
    "retrieved_at": "2026-08-17T09:30:09.574575+08:00"
  },
  "latest_iopv": {
    "exchange_timestamp": "2026-08-17 13:11:24",
    "trade_date": "2026-08-17",
    "fund_code": "510300",
    "name": "300ETF",
    "extended_name": "沪深300ETF华泰柏瑞",
    "last_price": 4.779,
    "iopv": 4.7804,
    "premium_discount_bps": -2.9286252196469853,
    "change_rate_pct": 1.12,
    "change_cny": 0.053,
    "open": 4.73,
    "previous_close": 4.726,
    "high": 4.783,
    "low": 4.725,
    "volume_shares": 414570175.0,
    "amount_cny": 1969167573.0,
    "trade_phase_raw": "T111    ",
    "post_close_volume_shares": 0.0,
    "post_close_amount_cny": 0.0,
    "post_close_phase_raw": "A1      ",
    "product_subtype": "EBS",
    "source": "sse.yunhq.sh1.snap",
    "retrieved_at": "2026-08-17T13:11:24.687893+08:00"
  },
  "account_feasibility": {
    "reference_account_cny": 20000.0,
    "creation_unit_notional_cny": 4301100.0,
    "can_directly_create_or_redeem": false,
    "intended_use": "只用PCF和IOPV观察一级市场吸收状态，在二级市场交易510300"
  },
  "storage": {
    "pcf": {
      "file": "data/raw/primary_market/510300_pcf_daily.parquet",
      "row_count": 3,
      "first_key": "2026-08-13",
      "last_key": "2026-08-17",
      "sha256": "5b07ef24cc244d40afc8eb241ee183f2181026aa2f7b920cc6f9b3813ac40302"
    },
    "iopv": {
      "file": "data/raw/primary_market/510300_iopv_snapshots.parquet",
      "row_count": 132,
      "first_key": "2026-08-13 16:29:06",
      "last_key": "2026-08-17 13:11:24",
      "sha256": "21b41cd8b3ce1582ce2a156d27562fbe5bc0ab600896fa4906388e20ce8f48ac"
    }
  },
  "raw_response_files": [
    "data/raw/primary_market/raw/iopv/20260817/20260817T131122_350739+0800.json"
  ],
  "governance": {
    "use_as_trading_signal": false,
    "automatic_ordering_authorized": false,
    "note": "当前只采集和纸面验证；未通过前向门槛前不得映射实盘仓位。"
  }
}
{
  "status": "PASS",
  "checked_at": "2026-08-17T13:12:26.567814+08:00",
  "collector": {
    "collector_id": "510300_PRIMARY_SECONDARY_FORWARD_V1",
    "symbol": "510300.SH",
    "fund_code": "510300",
    "timezone": "Asia/Shanghai",
    "timeout_seconds": 15,
    "observation_interval_seconds": 60,
    "collection_start_time": "09:30:00",
    "collection_end_time": "15:00:00",
    "collection_sessions": [
      [
        "09:30:00",
        "11:30:00"
      ],
      [
        "13:00:00",
        "15:00:00"
      ]
    ],
    "evidence_scope": "仅从实际接入日起的前向数据，不回填历史IOPV"
  },
  "checks": {
    "same_fund_code": true,
    "same_trade_date": true,
    "iopv_publication_enabled": true,
    "positive_iopv": true,
    "positive_last_price": true,
    "positive_creation_unit": true,
    "snapshot_fresh_during_collection_session": true
  },
  "freshness": {
    "during_collection_session": true,
    "clock_delay_seconds": 0.567814,
    "maximum_allowed_seconds_during_session": 180.0
  },
  "latest_pcf": {
    "trading_day": "2026-08-17",
    "previous_trading_day": "2026-08-14",
    "fund_code": "510300",
    "fund_name": "华泰柏瑞沪深300交易型开放式指数证券投资基金",
    "fund_company": "华泰柏瑞基金管理有限公司",
    "file_id": "1463187",
    "etf_type": "8",
    "nav": 4.7282,
    "nav_per_creation_unit": 4255390.17,
    "previous_cash_component": 105384.17,
    "estimated_cash_component": 107458.17,
    "maximum_cash_ratio": 0.5,
    "creation_redemption_unit": 900000,
    "component_count": 300,
    "publish_iopv": true,
    "creation_redemption_status": "申购和赎回皆允许",
    "creation_redemption_mechanism": "1",
    "creation_limit": null,
    "redemption_limit": 3600000000.0,
    "net_creation_limit": null,
    "net_redemption_limit": null,
    "creation_limit_per_account": null,
    "redemption_limit_per_account": null,
    "net_creation_limit_per_account": null,
    "net_redemption_limit_per_account": null,
    "source": "sse.COMMON_SSE_CP_JJLB_ETFJJGK_GGSGSHQD_JBXX_C",
    "retrieved_at": "2026-08-17T09:30:09.574575+08:00"
  },
  "latest_iopv": {
    "exchange_timestamp": "2026-08-17 13:12:26",
    "trade_date": "2026-08-17",
    "fund_code": "510300",
    "name": "300ETF",
    "extended_name": "沪深300ETF华泰柏瑞",
    "last_price": 4.781,
    "iopv": 4.7834,
    "premium_discount_bps": -5.017351674542203,
    "change_rate_pct": 1.16,
    "change_cny": 0.055,
    "open": 4.73,
    "previous_close": 4.726,
    "high": 4.783,
    "low": 4.725,
    "volume_shares": 418041975.0,
    "amount_cny": 1985766183.0,
    "trade_phase_raw": "T111    ",
    "post_close_volume_shares": 0.0,
    "post_close_amount_cny": 0.0,
    "post_close_phase_raw": "A1      ",
    "product_subtype": "EBS",
    "source": "sse.yunhq.sh1.snap",
    "retrieved_at": "2026-08-17T13:12:26.529044+08:00"
  },
  "account_feasibility": {
    "reference_account_cny": 20000.0,
    "creation_unit_notional_cny": 4302900.0,
    "can_directly_create_or_redeem": false,
    "intended_use": "只用PCF和IOPV观察一级市场吸收状态，在二级市场交易510300"
  },
  "storage": {
    "pcf": {
      "file": "data/raw/primary_market/510300_pcf_daily.parquet",
      "row_count": 3,
      "first_key": "2026-08-13",
      "last_key": "2026-08-17",
      "sha256": "5b07ef24cc244d40afc8eb241ee183f2181026aa2f7b920cc6f9b3813ac40302"
    },
    "iopv": {
      "file": "data/raw/primary_market/510300_iopv_snapshots.parquet",
      "row_count": 133,
      "first_key": "2026-08-13 16:29:06",
      "last_key": "2026-08-17 13:12:26",
      "sha256": "47f82d4cc512844f34e6c5f65ccecc5b40d1642ba93406f7eaa146fb51c37b69"
    }
  },
  "raw_response_files": [
    "data/raw/primary_market/raw/iopv/20260817/20260817T131224_733441+0800.json"
  ],
  "governance": {
    "use_as_trading_signal": false,
    "automatic_ordering_authorized": false,
    "note": "当前只采集和纸面验证；未通过前向门槛前不得映射实盘仓位。"
  }
}
{
  "status": "PASS",
  "checked_at": "2026-08-17T13:13:28.296863+08:00",
  "collector": {
    "collector_id": "510300_PRIMARY_SECONDARY_FORWARD_V1",
    "symbol": "510300.SH",
    "fund_code": "510300",
    "timezone": "Asia/Shanghai",
    "timeout_seconds": 15,
    "observation_interval_seconds": 60,
    "collection_start_time": "09:30:00",
    "collection_end_time": "15:00:00",
    "collection_sessions": [
      [
        "09:30:00",
        "11:30:00"
      ],
      [
        "13:00:00",
        "15:00:00"
      ]
    ],
    "evidence_scope": "仅从实际接入日起的前向数据，不回填历史IOPV"
  },
  "checks": {
    "same_fund_code": true,
    "same_trade_date": true,
    "iopv_publication_enabled": true,
    "positive_iopv": true,
    "positive_last_price": true,
    "positive_creation_unit": true,
    "snapshot_fresh_during_collection_session": true
  },
  "freshness": {
    "during_collection_session": true,
    "clock_delay_seconds": 0.296863,
    "maximum_allowed_seconds_during_session": 180.0
  },
  "latest_pcf": {
    "trading_day": "2026-08-17",
    "previous_trading_day": "2026-08-14",
    "fund_code": "510300",
    "fund_name": "华泰柏瑞沪深300交易型开放式指数证券投资基金",
    "fund_company": "华泰柏瑞基金管理有限公司",
    "file_id": "1463187",
    "etf_type": "8",
    "nav": 4.7282,
    "nav_per_creation_unit": 4255390.17,
    "previous_cash_component": 105384.17,
    "estimated_cash_component": 107458.17,
    "maximum_cash_ratio": 0.5,
    "creation_redemption_unit": 900000,
    "component_count": 300,
    "publish_iopv": true,
    "creation_redemption_status": "申购和赎回皆允许",
    "creation_redemption_mechanism": "1",
    "creation_limit": null,
    "redemption_limit": 3600000000.0,
    "net_creation_limit": null,
    "net_redemption_limit": null,
    "creation_limit_per_account": null,
    "redemption_limit_per_account": null,
    "net_creation_limit_per_account": null,
    "net_redemption_limit_per_account": null,
    "source": "sse.COMMON_SSE_CP_JJLB_ETFJJGK_GGSGSHQD_JBXX_C",
    "retrieved_at": "2026-08-17T09:30:09.574575+08:00"
  },
  "latest_iopv": {
    "exchange_timestamp": "2026-08-17 13:13:28",
    "trade_date": "2026-08-17",
    "fund_code": "510300",
    "name": "300ETF",
    "extended_name": "沪深300ETF华泰柏瑞",
    "last_price": 4.78,
    "iopv": 4.7821,
    "premium_discount_bps": -4.391376173646933,
    "change_rate_pct": 1.14,
    "change_cny": 0.054,
    "open": 4.73,
    "previous_close": 4.726,
    "high": 4.783,
    "low": 4.725,
    "volume_shares": 420027875.0,
    "amount_cny": 1995259255.0,
    "trade_phase_raw": "T111    ",
    "post_close_volume_shares": 0.0,
    "post_close_amount_cny": 0.0,
    "post_close_phase_raw": "A1      ",
    "product_subtype": "EBS",
    "source": "sse.yunhq.sh1.snap",
    "retrieved_at": "2026-08-17T13:13:28.262014+08:00"
  },
  "account_feasibility": {
    "reference_account_cny": 20000.0,
    "creation_unit_notional_cny": 4302000.0,
    "can_directly_create_or_redeem": false,
    "intended_use": "只用PCF和IOPV观察一级市场吸收状态，在二级市场交易510300"
  },
  "storage": {
    "pcf": {
      "file": "data/raw/primary_market/510300_pcf_daily.parquet",
      "row_count": 3,
      "first_key": "2026-08-13",
      "last_key": "2026-08-17",
      "sha256": "5b07ef24cc244d40afc8eb241ee183f2181026aa2f7b920cc6f9b3813ac40302"
    },
    "iopv": {
      "file": "data/raw/primary_market/510300_iopv_snapshots.parquet",
      "row_count": 134,
      "first_key": "2026-08-13 16:29:06",
      "last_key": "2026-08-17 13:13:28",
      "sha256": "729c0d65c791eb8c4a182ee71e96343643e5132a18dde80821be5b2c8af3e71f"
    }
  },
  "raw_response_files": [
    "data/raw/primary_market/raw/iopv/20260817/20260817T131326_569280+0800.json"
  ],
  "governance": {
    "use_as_trading_signal": false,
    "automatic_ordering_authorized": false,
    "note": "当前只采集和纸面验证；未通过前向门槛前不得映射实盘仓位。"
  }
}
{
  "status": "PASS",
  "checked_at": "2026-08-17T13:14:30.575764+08:00",
  "collector": {
    "collector_id": "510300_PRIMARY_SECONDARY_FORWARD_V1",
    "symbol": "510300.SH",
    "fund_code": "510300",
    "timezone": "Asia/Shanghai",
    "timeout_seconds": 15,
    "observation_interval_seconds": 60,
    "collection_start_time": "09:30:00",
    "collection_end_time": "15:00:00",
    "collection_sessions": [
      [
        "09:30:00",
        "11:30:00"
      ],
      [
        "13:00:00",
        "15:00:00"
      ]
    ],
    "evidence_scope": "仅从实际接入日起的前向数据，不回填历史IOPV"
  },
  "checks": {
    "same_fund_code": true,
    "same_trade_date": true,
    "iopv_publication_enabled": true,
    "positive_iopv": true,
    "positive_last_price": true,
    "positive_creation_unit": true,
    "snapshot_fresh_during_collection_session": true
  },
  "freshness": {
    "during_collection_session": true,
    "clock_delay_seconds": 0.575764,
    "maximum_allowed_seconds_during_session": 180.0
  },
  "latest_pcf": {
    "trading_day": "2026-08-17",
    "previous_trading_day": "2026-08-14",
    "fund_code": "510300",
    "fund_name": "华泰柏瑞沪深300交易型开放式指数证券投资基金",
    "fund_company": "华泰柏瑞基金管理有限公司",
    "file_id": "1463187",
    "etf_type": "8",
    "nav": 4.7282,
    "nav_per_creation_unit": 4255390.17,
    "previous_cash_component": 105384.17,
    "estimated_cash_component": 107458.17,
    "maximum_cash_ratio": 0.5,
    "creation_redemption_unit": 900000,
    "component_count": 300,
    "publish_iopv": true,
    "creation_redemption_status": "申购和赎回皆允许",
    "creation_redemption_mechanism": "1",
    "creation_limit": null,
    "redemption_limit": 3600000000.0,
    "net_creation_limit": null,
    "net_redemption_limit": null,
    "creation_limit_per_account": null,
    "redemption_limit_per_account": null,
    "net_creation_limit_per_account": null,
    "net_redemption_limit_per_account": null,
    "source": "sse.COMMON_SSE_CP_JJLB_ETFJJGK_GGSGSHQD_JBXX_C",
    "retrieved_at": "2026-08-17T09:30:09.574575+08:00"
  },
  "latest_iopv": {
    "exchange_timestamp": "2026-08-17 13:14:30",
    "trade_date": "2026-08-17",
    "fund_code": "510300",
    "name": "300ETF",
    "extended_name": "沪深300ETF华泰柏瑞",
    "last_price": 4.781,
    "iopv": 4.7839,
    "premium_discount_bps": -6.061999623738767,
    "change_rate_pct": 1.16,
    "change_cny": 0.055,
    "open": 4.73,
    "previous_close": 4.726,
    "high": 4.783,
    "low": 4.725,
    "volume_shares": 423727875.0,
    "amount_cny": 2012944825.0,
    "trade_phase_raw": "T111    ",
    "post_close_volume_shares": 0.0,
    "post_close_amount_cny": 0.0,
    "post_close_phase_raw": "A1      ",
    "product_subtype": "EBS",
    "source": "sse.yunhq.sh1.snap",
    "retrieved_at": "2026-08-17T13:14:30.532564+08:00"
  },
  "account_feasibility": {
    "reference_account_cny": 20000.0,
    "creation_unit_notional_cny": 4302900.0,
    "can_directly_create_or_redeem": false,
    "intended_use": "只用PCF和IOPV观察一级市场吸收状态，在二级市场交易510300"
  },
  "storage": {
    "pcf": {
      "file": "data/raw/primary_market/510300_pcf_daily.parquet",
      "row_count": 3,
      "first_key": "2026-08-13",
      "last_key": "2026-08-17",
      "sha256": "5b07ef24cc244d40afc8eb241ee183f2181026aa2f7b920cc6f9b3813ac40302"
    },
    "iopv": {
      "file": "data/raw/primary_market/510300_iopv_snapshots.parquet",
      "row_count": 135,
      "first_key": "2026-08-13 16:29:06",
      "last_key": "2026-08-17 13:14:30",
      "sha256": "e59ca111895f00c931c4589d6b7318dd280f2bd60a1977ae03c929d63a28d50a"
    }
  },
  "raw_response_files": [
    "data/raw/primary_market/raw/iopv/20260817/20260817T131428_299004+0800.json"
  ],
  "governance": {
    "use_as_trading_signal": false,
    "automatic_ordering_authorized": false,
    "note": "当前只采集和纸面验证；未通过前向门槛前不得映射实盘仓位。"
  }
}
{
  "status": "PASS",
  "checked_at": "2026-08-17T13:15:31.820091+08:00",
  "collector": {
    "collector_id": "510300_PRIMARY_SECONDARY_FORWARD_V1",
    "symbol": "510300.SH",
    "fund_code": "510300",
    "timezone": "Asia/Shanghai",
    "timeout_seconds": 15,
    "observation_interval_seconds": 60,
    "collection_start_time": "09:30:00",
    "collection_end_time": "15:00:00",
    "collection_sessions": [
      [
        "09:30:00",
        "11:30:00"
      ],
      [
        "13:00:00",
        "15:00:00"
      ]
    ],
    "evidence_scope": "仅从实际接入日起的前向数据，不回填历史IOPV"
  },
  "checks": {
    "same_fund_code": true,
    "same_trade_date": true,
    "iopv_publication_enabled": true,
    "positive_iopv": true,
    "positive_last_price": true,
    "positive_creation_unit": true,
    "snapshot_fresh_during_collection_session": true
  },
  "freshness": {
    "during_collection_session": true,
    "clock_delay_seconds": 0.820091,
    "maximum_allowed_seconds_during_session": 180.0
  },
  "latest_pcf": {
    "trading_day": "2026-08-17",
    "previous_trading_day": "2026-08-14",
    "fund_code": "510300",
    "fund_name": "华泰柏瑞沪深300交易型开放式指数证券投资基金",
    "fund_company": "华泰柏瑞基金管理有限公司",
    "file_id": "1463187",
    "etf_type": "8",
    "nav": 4.7282,
    "nav_per_creation_unit": 4255390.17,
    "previous_cash_component": 105384.17,
    "estimated_cash_component": 107458.17,
    "maximum_cash_ratio": 0.5,
    "creation_redemption_unit": 900000,
    "component_count": 300,
    "publish_iopv": true,
    "creation_redemption_status": "申购和赎回皆允许",
    "creation_redemption_mechanism": "1",
    "creation_limit": null,
    "redemption_limit": 3600000000.0,
    "net_creation_limit": null,
    "net_redemption_limit": null,
    "creation_limit_per_account": null,
    "redemption_limit_per_account": null,
    "net_creation_limit_per_account": null,
    "net_redemption_limit_per_account": null,
    "source": "sse.COMMON_SSE_CP_JJLB_ETFJJGK_GGSGSHQD_JBXX_C",
    "retrieved_at": "2026-08-17T09:30:09.574575+08:00"
  },
  "latest_iopv": {
    "exchange_timestamp": "2026-08-17 13:15:31",
    "trade_date": "2026-08-17",
    "fund_code": "510300",
    "name": "300ETF",
    "extended_name": "沪深300ETF华泰柏瑞",
    "last_price": 4.782,
    "iopv": 4.7842,
    "premium_discount_bps": -4.598469963630336,
    "change_rate_pct": 1.18,
    "change_cny": 0.056,
    "open": 4.73,
    "previous_close": 4.726,
    "high": 4.783,
    "low": 4.725,
    "volume_shares": 426577375.0,
    "amount_cny": 2026570667.0,
    "trade_phase_raw": "T111    ",
    "post_close_volume_shares": 0.0,
    "post_close_amount_cny": 0.0,
    "post_close_phase_raw": "A1      ",
    "product_subtype": "EBS",
    "source": "sse.yunhq.sh1.snap",
    "retrieved_at": "2026-08-17T13:15:31.754679+08:00"
  },
  "account_feasibility": {
    "reference_account_cny": 20000.0,
    "creation_unit_notional_cny": 4303800.0,
    "can_directly_create_or_redeem": false,
    "intended_use": "只用PCF和IOPV观察一级市场吸收状态，在二级市场交易510300"
  },
  "storage": {
    "pcf": {
      "file": "data/raw/primary_market/510300_pcf_daily.parquet",
      "row_count": 3,
      "first_key": "2026-08-13",
      "last_key": "2026-08-17",
      "sha256": "5b07ef24cc244d40afc8eb241ee183f2181026aa2f7b920cc6f9b3813ac40302"
    },
    "iopv": {
      "file": "data/raw/primary_market/510300_iopv_snapshots.parquet",
      "row_count": 136,
      "first_key": "2026-08-13 16:29:06",
      "last_key": "2026-08-17 13:15:31",
      "sha256": "ae0c210ddc69efb85fd1ecbfd369a78d91f2bfdbf6087e56280cc4f8ef918314"
    }
  },
  "raw_response_files": [
    "data/raw/primary_market/raw/iopv/20260817/20260817T131530_577461+0800.json"
  ],
  "governance": {
    "use_as_trading_signal": false,
    "automatic_ordering_authorized": false,
    "note": "当前只采集和纸面验证；未通过前向门槛前不得映射实盘仓位。"
  }
}
{
  "status": "PASS",
  "checked_at": "2026-08-17T13:16:33.010994+08:00",
  "collector": {
    "collector_id": "510300_PRIMARY_SECONDARY_FORWARD_V1",
    "symbol": "510300.SH",
    "fund_code": "510300",
    "timezone": "Asia/Shanghai",
    "timeout_seconds": 15,
    "observation_interval_seconds": 60,
    "collection_start_time": "09:30:00",
    "collection_end_time": "15:00:00",
    "collection_sessions": [
      [
        "09:30:00",
        "11:30:00"
      ],
      [
        "13:00:00",
        "15:00:00"
      ]
    ],
    "evidence_scope": "仅从实际接入日起的前向数据，不回填历史IOPV"
  },
  "checks": {
    "same_fund_code": true,
    "same_trade_date": true,
    "iopv_publication_enabled": true,
    "positive_iopv": true,
    "positive_last_price": true,
    "positive_creation_unit": true,
    "snapshot_fresh_during_collection_session": true
  },
  "freshness": {
    "during_collection_session": true,
    "clock_delay_seconds": 0.010994,
    "maximum_allowed_seconds_during_session": 180.0
  },
  "latest_pcf": {
    "trading_day": "2026-08-17",
    "previous_trading_day": "2026-08-14",
    "fund_code": "510300",
    "fund_name": "华泰柏瑞沪深300交易型开放式指数证券投资基金",
    "fund_company": "华泰柏瑞基金管理有限公司",
    "file_id": "1463187",
    "etf_type": "8",
    "nav": 4.7282,
    "nav_per_creation_unit": 4255390.17,
    "previous_cash_component": 105384.17,
    "estimated_cash_component": 107458.17,
    "maximum_cash_ratio": 0.5,
    "creation_redemption_unit": 900000,
    "component_count": 300,
    "publish_iopv": true,
    "creation_redemption_status": "申购和赎回皆允许",
    "creation_redemption_mechanism": "1",
    "creation_limit": null,
    "redemption_limit": 3600000000.0,
    "net_creation_limit": null,
    "net_redemption_limit": null,
    "creation_limit_per_account": null,
    "redemption_limit_per_account": null,
    "net_creation_limit_per_account": null,
    "net_redemption_limit_per_account": null,
    "source": "sse.COMMON_SSE_CP_JJLB_ETFJJGK_GGSGSHQD_JBXX_C",
    "retrieved_at": "2026-08-17T09:30:09.574575+08:00"
  },
  "latest_iopv": {
    "exchange_timestamp": "2026-08-17 13:16:33",
    "trade_date": "2026-08-17",
    "fund_code": "510300",
    "name": "300ETF",
    "extended_name": "沪深300ETF华泰柏瑞",
    "last_price": 4.784,
    "iopv": 4.7876,
    "premium_discount_bps": -7.519425181720107,
    "change_rate_pct": 1.23,
    "change_cny": 0.058,
    "open": 4.73,
    "previous_close": 4.726,
    "high": 4.785,
    "low": 4.725,
    "volume_shares": 433818975.0,
    "amount_cny": 2061213358.0,
    "trade_phase_raw": "T111    ",
    "post_close_volume_shares": 0.0,
    "post_close_amount_cny": 0.0,
    "post_close_phase_raw": "A1      ",
    "product_subtype": "EBS",
    "source": "sse.yunhq.sh1.snap",
    "retrieved_at": "2026-08-17T13:16:32.981583+08:00"
  },
  "account_feasibility": {
    "reference_account_cny": 20000.0,
    "creation_unit_notional_cny": 4305600.0,
    "can_directly_create_or_redeem": false,
    "intended_use": "只用PCF和IOPV观察一级市场吸收状态，在二级市场交易510300"
  },
  "storage": {
    "pcf": {
      "file": "data/raw/primary_market/510300_pcf_daily.parquet",
      "row_count": 3,
      "first_key": "2026-08-13",
      "last_key": "2026-08-17",
      "sha256": "5b07ef24cc244d40afc8eb241ee183f2181026aa2f7b920cc6f9b3813ac40302"
    },
    "iopv": {
      "file": "data/raw/primary_market/510300_iopv_snapshots.parquet",
      "row_count": 137,
      "first_key": "2026-08-13 16:29:06",
      "last_key": "2026-08-17 13:16:33",
      "sha256": "20e5d8596a61294232bfe7242a887cd35ebd1ccba9701e162b51f0065127f07e"
    }
  },
  "raw_response_files": [
    "data/raw/primary_market/raw/iopv/20260817/20260817T131631_822279+0800.json"
  ],
  "governance": {
    "use_as_trading_signal": false,
    "automatic_ordering_authorized": false,
    "note": "当前只采集和纸面验证；未通过前向门槛前不得映射实盘仓位。"
  }
}
{
  "status": "PASS",
  "checked_at": "2026-08-17T13:17:34.808070+08:00",
  "collector": {
    "collector_id": "510300_PRIMARY_SECONDARY_FORWARD_V1",
    "symbol": "510300.SH",
    "fund_code": "510300",
    "timezone": "Asia/Shanghai",
    "timeout_seconds": 15,
    "observation_interval_seconds": 60,
    "collection_start_time": "09:30:00",
    "collection_end_time": "15:00:00",
    "collection_sessions": [
      [
        "09:30:00",
        "11:30:00"
      ],
      [
        "13:00:00",
        "15:00:00"
      ]
    ],
    "evidence_scope": "仅从实际接入日起的前向数据，不回填历史IOPV"
  },
  "checks": {
    "same_fund_code": true,
    "same_trade_date": true,
    "iopv_publication_enabled": true,
    "positive_iopv": true,
    "positive_last_price": true,
    "positive_creation_unit": true,
    "snapshot_fresh_during_collection_session": true
  },
  "freshness": {
    "during_collection_session": true,
    "clock_delay_seconds": 0.80807,
    "maximum_allowed_seconds_during_session": 180.0
  },
  "latest_pcf": {
    "trading_day": "2026-08-17",
    "previous_trading_day": "2026-08-14",
    "fund_code": "510300",
    "fund_name": "华泰柏瑞沪深300交易型开放式指数证券投资基金",
    "fund_company": "华泰柏瑞基金管理有限公司",
    "file_id": "1463187",
    "etf_type": "8",
    "nav": 4.7282,
    "nav_per_creation_unit": 4255390.17,
    "previous_cash_component": 105384.17,
    "estimated_cash_component": 107458.17,
    "maximum_cash_ratio": 0.5,
    "creation_redemption_unit": 900000,
    "component_count": 300,
    "publish_iopv": true,
    "creation_redemption_status": "申购和赎回皆允许",
    "creation_redemption_mechanism": "1",
    "creation_limit": null,
    "redemption_limit": 3600000000.0,
    "net_creation_limit": null,
    "net_redemption_limit": null,
    "creation_limit_per_account": null,
    "redemption_limit_per_account": null,
    "net_creation_limit_per_account": null,
    "net_redemption_limit_per_account": null,
    "source": "sse.COMMON_SSE_CP_JJLB_ETFJJGK_GGSGSHQD_JBXX_C",
    "retrieved_at": "2026-08-17T09:30:09.574575+08:00"
  },
  "latest_iopv": {
    "exchange_timestamp": "2026-08-17 13:17:34",
    "trade_date": "2026-08-17",
    "fund_code": "510300",
    "name": "300ETF",
    "extended_name": "沪深300ETF华泰柏瑞",
    "last_price": 4.782,
    "iopv": 4.7848,
    "premium_discount_bps": -5.851864236748883,
    "change_rate_pct": 1.18,
    "change_cny": 0.056,
    "open": 4.73,
    "previous_close": 4.726,
    "high": 4.785,
    "low": 4.725,
    "volume_shares": 435593875.0,
    "amount_cny": 2069704155.0,
    "trade_phase_raw": "T111    ",
    "post_close_volume_shares": 0.0,
    "post_close_amount_cny": 0.0,
    "post_close_phase_raw": "A1      ",
    "product_subtype": "EBS",
    "source": "sse.yunhq.sh1.snap",
    "retrieved_at": "2026-08-17T13:17:34.772528+08:00"
  },
  "account_feasibility": {
    "reference_account_cny": 20000.0,
    "creation_unit_notional_cny": 4303800.0,
    "can_directly_create_or_redeem": false,
    "intended_use": "只用PCF和IOPV观察一级市场吸收状态，在二级市场交易510300"
  },
  "storage": {
    "pcf": {
      "file": "data/raw/primary_market/510300_pcf_daily.parquet",
      "row_count": 3,
      "first_key": "2026-08-13",
      "last_key": "2026-08-17",
      "sha256": "5b07ef24cc244d40afc8eb241ee183f2181026aa2f7b920cc6f9b3813ac40302"
    },
    "iopv": {
      "file": "data/raw/primary_market/510300_iopv_snapshots.parquet",
      "row_count": 138,
      "first_key": "2026-08-13 16:29:06",
      "last_key": "2026-08-17 13:17:34",
      "sha256": "bab339d0d2cadb2443b41dcc25048f8965780d706d8a6f4fec331c44852925df"
    }
  },
  "raw_response_files": [
    "data/raw/primary_market/raw/iopv/20260817/20260817T131733_012396+0800.json"
  ],
  "governance": {
    "use_as_trading_signal": false,
    "automatic_ordering_authorized": false,
    "note": "当前只采集和纸面验证；未通过前向门槛前不得映射实盘仓位。"
  }
}
{
  "status": "PASS",
  "checked_at": "2026-08-17T13:18:37.313654+08:00",
  "collector": {
    "collector_id": "510300_PRIMARY_SECONDARY_FORWARD_V1",
    "symbol": "510300.SH",
    "fund_code": "510300",
    "timezone": "Asia/Shanghai",
    "timeout_seconds": 15,
    "observation_interval_seconds": 60,
    "collection_start_time": "09:30:00",
    "collection_end_time": "15:00:00",
    "collection_sessions": [
      [
        "09:30:00",
        "11:30:00"
      ],
      [
        "13:00:00",
        "15:00:00"
      ]
    ],
    "evidence_scope": "仅从实际接入日起的前向数据，不回填历史IOPV"
  },
  "checks": {
    "same_fund_code": true,
    "same_trade_date": true,
    "iopv_publication_enabled": true,
    "positive_iopv": true,
    "positive_last_price": true,
    "positive_creation_unit": true,
    "snapshot_fresh_during_collection_session": true
  },
  "freshness": {
    "during_collection_session": true,
    "clock_delay_seconds": 0.313654,
    "maximum_allowed_seconds_during_session": 180.0
  },
  "latest_pcf": {
    "trading_day": "2026-08-17",
    "previous_trading_day": "2026-08-14",
    "fund_code": "510300",
    "fund_name": "华泰柏瑞沪深300交易型开放式指数证券投资基金",
    "fund_company": "华泰柏瑞基金管理有限公司",
    "file_id": "1463187",
    "etf_type": "8",
    "nav": 4.7282,
    "nav_per_creation_unit": 4255390.17,
    "previous_cash_component": 105384.17,
    "estimated_cash_component": 107458.17,
    "maximum_cash_ratio": 0.5,
    "creation_redemption_unit": 900000,
    "component_count": 300,
    "publish_iopv": true,
    "creation_redemption_status": "申购和赎回皆允许",
    "creation_redemption_mechanism": "1",
    "creation_limit": null,
    "redemption_limit": 3600000000.0,
    "net_creation_limit": null,
    "net_redemption_limit": null,
    "creation_limit_per_account": null,
    "redemption_limit_per_account": null,
    "net_creation_limit_per_account": null,
    "net_redemption_limit_per_account": null,
    "source": "sse.COMMON_SSE_CP_JJLB_ETFJJGK_GGSGSHQD_JBXX_C",
    "retrieved_at": "2026-08-17T09:30:09.574575+08:00"
  },
  "latest_iopv": {
    "exchange_timestamp": "2026-08-17 13:18:37",
    "trade_date": "2026-08-17",
    "fund_code": "510300",
    "name": "300ETF",
    "extended_name": "沪深300ETF华泰柏瑞",
    "last_price": 4.781,
    "iopv": 4.7845,
    "premium_discount_bps": -7.3152889539152,
    "change_rate_pct": 1.16,
    "change_cny": 0.055,
    "open": 4.73,
    "previous_close": 4.726,
    "high": 4.785,
    "low": 4.725,
    "volume_shares": 437900175.0,
    "amount_cny": 2080734209.0,
    "trade_phase_raw": "T111    ",
    "post_close_volume_shares": 0.0,
    "post_close_amount_cny": 0.0,
    "post_close_phase_raw": "A1      ",
    "product_subtype": "EBS",
    "source": "sse.yunhq.sh1.snap",
    "retrieved_at": "2026-08-17T13:18:37.273598+08:00"
  },
  "account_feasibility": {
    "reference_account_cny": 20000.0,
    "creation_unit_notional_cny": 4302900.0,
    "can_directly_create_or_redeem": false,
    "intended_use": "只用PCF和IOPV观察一级市场吸收状态，在二级市场交易510300"
  },
  "storage": {
    "pcf": {
      "file": "data/raw/primary_market/510300_pcf_daily.parquet",
      "row_count": 3,
      "first_key": "2026-08-13",
      "last_key": "2026-08-17",
      "sha256": "5b07ef24cc244d40afc8eb241ee183f2181026aa2f7b920cc6f9b3813ac40302"
    },
    "iopv": {
      "file": "data/raw/primary_market/510300_iopv_snapshots.parquet",
      "row_count": 139,
      "first_key": "2026-08-13 16:29:06",
      "last_key": "2026-08-17 13:18:37",
      "sha256": "658e4a1eda3c91f444892f076b3cf18917036ad20586a7d855e9f4174aa07a96"
    }
  },
  "raw_response_files": [
    "data/raw/primary_market/raw/iopv/20260817/20260817T131834_809837+0800.json"
  ],
  "governance": {
    "use_as_trading_signal": false,
    "automatic_ordering_authorized": false,
    "note": "当前只采集和纸面验证；未通过前向门槛前不得映射实盘仓位。"
  }
}
{
  "status": "PASS",
  "checked_at": "2026-08-17T13:19:38.676926+08:00",
  "collector": {
    "collector_id": "510300_PRIMARY_SECONDARY_FORWARD_V1",
    "symbol": "510300.SH",
    "fund_code": "510300",
    "timezone": "Asia/Shanghai",
    "timeout_seconds": 15,
    "observation_interval_seconds": 60,
    "collection_start_time": "09:30:00",
    "collection_end_time": "15:00:00",
    "collection_sessions": [
      [
        "09:30:00",
        "11:30:00"
      ],
      [
        "13:00:00",
        "15:00:00"
      ]
    ],
    "evidence_scope": "仅从实际接入日起的前向数据，不回填历史IOPV"
  },
  "checks": {
    "same_fund_code": true,
    "same_trade_date": true,
    "iopv_publication_enabled": true,
    "positive_iopv": true,
    "positive_last_price": true,
    "positive_creation_unit": true,
    "snapshot_fresh_during_collection_session": true
  },
  "freshness": {
    "during_collection_session": true,
    "clock_delay_seconds": 0.676926,
    "maximum_allowed_seconds_during_session": 180.0
  },
  "latest_pcf": {
    "trading_day": "2026-08-17",
    "previous_trading_day": "2026-08-14",
    "fund_code": "510300",
    "fund_name": "华泰柏瑞沪深300交易型开放式指数证券投资基金",
    "fund_company": "华泰柏瑞基金管理有限公司",
    "file_id": "1463187",
    "etf_type": "8",
    "nav": 4.7282,
    "nav_per_creation_unit": 4255390.17,
    "previous_cash_component": 105384.17,
    "estimated_cash_component": 107458.17,
    "maximum_cash_ratio": 0.5,
    "creation_redemption_unit": 900000,
    "component_count": 300,
    "publish_iopv": true,
    "creation_redemption_status": "申购和赎回皆允许",
    "creation_redemption_mechanism": "1",
    "creation_limit": null,
    "redemption_limit": 3600000000.0,
    "net_creation_limit": null,
    "net_redemption_limit": null,
    "creation_limit_per_account": null,
    "redemption_limit_per_account": null,
    "net_creation_limit_per_account": null,
    "net_redemption_limit_per_account": null,
    "source": "sse.COMMON_SSE_CP_JJLB_ETFJJGK_GGSGSHQD_JBXX_C",
    "retrieved_at": "2026-08-17T09:30:09.574575+08:00"
  },
  "latest_iopv": {
    "exchange_timestamp": "2026-08-17 13:19:38",
    "trade_date": "2026-08-17",
    "fund_code": "510300",
    "name": "300ETF",
    "extended_name": "沪深300ETF华泰柏瑞",
    "last_price": 4.781,
    "iopv": 4.7851,
    "premium_discount_bps": -8.56826398612398,
    "change_rate_pct": 1.16,
    "change_cny": 0.055,
    "open": 4.73,
    "previous_close": 4.726,
    "high": 4.785,
    "low": 4.725,
    "volume_shares": 441996375.0,
    "amount_cny": 2100323844.0,
    "trade_phase_raw": "T111    ",
    "post_close_volume_shares": 0.0,
    "post_close_amount_cny": 0.0,
    "post_close_phase_raw": "A1      ",
    "product_subtype": "EBS",
    "source": "sse.yunhq.sh1.snap",
    "retrieved_at": "2026-08-17T13:19:38.634758+08:00"
  },
  "account_feasibility": {
    "reference_account_cny": 20000.0,
    "creation_unit_notional_cny": 4302900.0,
    "can_directly_create_or_redeem": false,
    "intended_use": "只用PCF和IOPV观察一级市场吸收状态，在二级市场交易510300"
  },
  "storage": {
    "pcf": {
      "file": "data/raw/primary_market/510300_pcf_daily.parquet",
      "row_count": 3,
      "first_key": "2026-08-13",
      "last_key": "2026-08-17",
      "sha256": "5b07ef24cc244d40afc8eb241ee183f2181026aa2f7b920cc6f9b3813ac40302"
    },
    "iopv": {
      "file": "data/raw/primary_market/510300_iopv_snapshots.parquet",
      "row_count": 140,
      "first_key": "2026-08-13 16:29:06",
      "last_key": "2026-08-17 13:19:38",
      "sha256": "de2442eb209cd295417cb82d6cb455638c703c4745a1c72b2d2d7faf38053ec9"
    }
  },
  "raw_response_files": [
    "data/raw/primary_market/raw/iopv/20260817/20260817T131937_315050+0800.json"
  ],
  "governance": {
    "use_as_trading_signal": false,
    "automatic_ordering_authorized": false,
    "note": "当前只采集和纸面验证；未通过前向门槛前不得映射实盘仓位。"
  }
}
{
  "status": "PASS",
  "checked_at": "2026-08-17T13:20:40.643799+08:00",
  "collector": {
    "collector_id": "510300_PRIMARY_SECONDARY_FORWARD_V1",
    "symbol": "510300.SH",
    "fund_code": "510300",
    "timezone": "Asia/Shanghai",
    "timeout_seconds": 15,
    "observation_interval_seconds": 60,
    "collection_start_time": "09:30:00",
    "collection_end_time": "15:00:00",
    "collection_sessions": [
      [
        "09:30:00",
        "11:30:00"
      ],
      [
        "13:00:00",
        "15:00:00"
      ]
    ],
    "evidence_scope": "仅从实际接入日起的前向数据，不回填历史IOPV"
  },
  "checks": {
    "same_fund_code": true,
    "same_trade_date": true,
    "iopv_publication_enabled": true,
    "positive_iopv": true,
    "positive_last_price": true,
    "positive_creation_unit": true,
    "snapshot_fresh_during_collection_session": true
  },
  "freshness": {
    "during_collection_session": true,
    "clock_delay_seconds": 0.643799,
    "maximum_allowed_seconds_during_session": 180.0
  },
  "latest_pcf": {
    "trading_day": "2026-08-17",
    "previous_trading_day": "2026-08-14",
    "fund_code": "510300",
    "fund_name": "华泰柏瑞沪深300交易型开放式指数证券投资基金",
    "fund_company": "华泰柏瑞基金管理有限公司",
    "file_id": "1463187",
    "etf_type": "8",
    "nav": 4.7282,
    "nav_per_creation_unit": 4255390.17,
    "previous_cash_component": 105384.17,
    "estimated_cash_component": 107458.17,
    "maximum_cash_ratio": 0.5,
    "creation_redemption_unit": 900000,
    "component_count": 300,
    "publish_iopv": true,
    "creation_redemption_status": "申购和赎回皆允许",
    "creation_redemption_mechanism": "1",
    "creation_limit": null,
    "redemption_limit": 3600000000.0,
    "net_creation_limit": null,
    "net_redemption_limit": null,
    "creation_limit_per_account": null,
    "redemption_limit_per_account": null,
    "net_creation_limit_per_account": null,
    "net_redemption_limit_per_account": null,
    "source": "sse.COMMON_SSE_CP_JJLB_ETFJJGK_GGSGSHQD_JBXX_C",
    "retrieved_at": "2026-08-17T09:30:09.574575+08:00"
  },
  "latest_iopv": {
    "exchange_timestamp": "2026-08-17 13:20:40",
    "trade_date": "2026-08-17",
    "fund_code": "510300",
    "name": "300ETF",
    "extended_name": "沪深300ETF华泰柏瑞",
    "last_price": 4.782,
    "iopv": 4.7856,
    "premium_discount_bps": -7.522567703108773,
    "change_rate_pct": 1.18,
    "change_cny": 0.056,
    "open": 4.73,
    "previous_close": 4.726,
    "high": 4.785,
    "low": 4.725,
    "volume_shares": 444038475.0,
    "amount_cny": 2110089165.0,
    "trade_phase_raw": "T111    ",
    "post_close_volume_shares": 0.0,
    "post_close_amount_cny": 0.0,
    "post_close_phase_raw": "A1      ",
    "product_subtype": "EBS",
    "source": "sse.yunhq.sh1.snap",
    "retrieved_at": "2026-08-17T13:20:40.617005+08:00"
  },
  "account_feasibility": {
    "reference_account_cny": 20000.0,
    "creation_unit_notional_cny": 4303800.0,
    "can_directly_create_or_redeem": false,
    "intended_use": "只用PCF和IOPV观察一级市场吸收状态，在二级市场交易510300"
  },
  "storage": {
    "pcf": {
      "file": "data/raw/primary_market/510300_pcf_daily.parquet",
      "row_count": 3,
      "first_key": "2026-08-13",
      "last_key": "2026-08-17",
      "sha256": "5b07ef24cc244d40afc8eb241ee183f2181026aa2f7b920cc6f9b3813ac40302"
    },
    "iopv": {
      "file": "data/raw/primary_market/510300_iopv_snapshots.parquet",
      "row_count": 141,
      "first_key": "2026-08-13 16:29:06",
      "last_key": "2026-08-17 13:20:40",
      "sha256": "4d5f61720e31b7b639c9f715dcfdc87912a85cd58801bf9f445fd8f5e62810ff"
    }
  },
  "raw_response_files": [
    "data/raw/primary_market/raw/iopv/20260817/20260817T132038_679526+0800.json"
  ],
  "governance": {
    "use_as_trading_signal": false,
    "automatic_ordering_authorized": false,
    "note": "当前只采集和纸面验证；未通过前向门槛前不得映射实盘仓位。"
  }
}
{
  "status": "PASS",
  "checked_at": "2026-08-17T13:21:42.347497+08:00",
  "collector": {
    "collector_id": "510300_PRIMARY_SECONDARY_FORWARD_V1",
    "symbol": "510300.SH",
    "fund_code": "510300",
    "timezone": "Asia/Shanghai",
    "timeout_seconds": 15,
    "observation_interval_seconds": 60,
    "collection_start_time": "09:30:00",
    "collection_end_time": "15:00:00",
    "collection_sessions": [
      [
        "09:30:00",
        "11:30:00"
      ],
      [
        "13:00:00",
        "15:00:00"
      ]
    ],
    "evidence_scope": "仅从实际接入日起的前向数据，不回填历史IOPV"
  },
  "checks": {
    "same_fund_code": true,
    "same_trade_date": true,
    "iopv_publication_enabled": true,
    "positive_iopv": true,
    "positive_last_price": true,
    "positive_creation_unit": true,
    "snapshot_fresh_during_collection_session": true
  },
  "freshness": {
    "during_collection_session": true,
    "clock_delay_seconds": 0.347497,
    "maximum_allowed_seconds_during_session": 180.0
  },
  "latest_pcf": {
    "trading_day": "2026-08-17",
    "previous_trading_day": "2026-08-14",
    "fund_code": "510300",
    "fund_name": "华泰柏瑞沪深300交易型开放式指数证券投资基金",
    "fund_company": "华泰柏瑞基金管理有限公司",
    "file_id": "1463187",
    "etf_type": "8",
    "nav": 4.7282,
    "nav_per_creation_unit": 4255390.17,
    "previous_cash_component": 105384.17,
    "estimated_cash_component": 107458.17,
    "maximum_cash_ratio": 0.5,
    "creation_redemption_unit": 900000,
    "component_count": 300,
    "publish_iopv": true,
    "creation_redemption_status": "申购和赎回皆允许",
    "creation_redemption_mechanism": "1",
    "creation_limit": null,
    "redemption_limit": 3600000000.0,
    "net_creation_limit": null,
    "net_redemption_limit": null,
    "creation_limit_per_account": null,
    "redemption_limit_per_account": null,
    "net_creation_limit_per_account": null,
    "net_redemption_limit_per_account": null,
    "source": "sse.COMMON_SSE_CP_JJLB_ETFJJGK_GGSGSHQD_JBXX_C",
    "retrieved_at": "2026-08-17T09:30:09.574575+08:00"
  },
  "latest_iopv": {
    "exchange_timestamp": "2026-08-17 13:21:42",
    "trade_date": "2026-08-17",
    "fund_code": "510300",
    "name": "300ETF",
    "extended_name": "沪深300ETF华泰柏瑞",
    "last_price": 4.781,
    "iopv": 4.7847,
    "premium_discount_bps": -7.732982214141426,
    "change_rate_pct": 1.16,
    "change_cny": 0.055,
    "open": 4.73,
    "previous_close": 4.726,
    "high": 4.785,
    "low": 4.725,
    "volume_shares": 447075475.0,
    "amount_cny": 2124611099.0,
    "trade_phase_raw": "T111    ",
    "post_close_volume_shares": 0.0,
    "post_close_amount_cny": 0.0,
    "post_close_phase_raw": "A1      ",
    "product_subtype": "EBS",
    "source": "sse.yunhq.sh1.snap",
    "retrieved_at": "2026-08-17T13:21:42.298731+08:00"
  },
  "account_feasibility": {
    "reference_account_cny": 20000.0,
    "creation_unit_notional_cny": 4302900.0,
    "can_directly_create_or_redeem": false,
    "intended_use": "只用PCF和IOPV观察一级市场吸收状态，在二级市场交易510300"
  },
  "storage": {
    "pcf": {
      "file": "data/raw/primary_market/510300_pcf_daily.parquet",
      "row_count": 3,
      "first_key": "2026-08-13",
      "last_key": "2026-08-17",
      "sha256": "5b07ef24cc244d40afc8eb241ee183f2181026aa2f7b920cc6f9b3813ac40302"
    },
    "iopv": {
      "file": "data/raw/primary_market/510300_iopv_snapshots.parquet",
      "row_count": 142,
      "first_key": "2026-08-13 16:29:06",
      "last_key": "2026-08-17 13:21:42",
      "sha256": "8329c54f86c91cba35d268c628042973e485b1f4032d2d6a4987b64bc499c212"
    }
  },
  "raw_response_files": [
    "data/raw/primary_market/raw/iopv/20260817/20260817T132140_645502+0800.json"
  ],
  "governance": {
    "use_as_trading_signal": false,
    "automatic_ordering_authorized": false,
    "note": "当前只采集和纸面验证；未通过前向门槛前不得映射实盘仓位。"
  }
}
{
  "status": "PASS",
  "checked_at": "2026-08-17T13:22:47.757321+08:00",
  "collector": {
    "collector_id": "510300_PRIMARY_SECONDARY_FORWARD_V1",
    "symbol": "510300.SH",
    "fund_code": "510300",
    "timezone": "Asia/Shanghai",
    "timeout_seconds": 15,
    "observation_interval_seconds": 60,
    "collection_start_time": "09:30:00",
    "collection_end_time": "15:00:00",
    "collection_sessions": [
      [
        "09:30:00",
        "11:30:00"
      ],
      [
        "13:00:00",
        "15:00:00"
      ]
    ],
    "evidence_scope": "仅从实际接入日起的前向数据，不回填历史IOPV"
  },
  "checks": {
    "same_fund_code": true,
    "same_trade_date": true,
    "iopv_publication_enabled": true,
    "positive_iopv": true,
    "positive_last_price": true,
    "positive_creation_unit": true,
    "snapshot_fresh_during_collection_session": true
  },
  "freshness": {
    "during_collection_session": true,
    "clock_delay_seconds": 0.757321,
    "maximum_allowed_seconds_during_session": 180.0
  },
  "latest_pcf": {
    "trading_day": "2026-08-17",
    "previous_trading_day": "2026-08-14",
    "fund_code": "510300",
    "fund_name": "华泰柏瑞沪深300交易型开放式指数证券投资基金",
    "fund_company": "华泰柏瑞基金管理有限公司",
    "file_id": "1463187",
    "etf_type": "8",
    "nav": 4.7282,
    "nav_per_creation_unit": 4255390.17,
    "previous_cash_component": 105384.17,
    "estimated_cash_component": 107458.17,
    "maximum_cash_ratio": 0.5,
    "creation_redemption_unit": 900000,
    "component_count": 300,
    "publish_iopv": true,
    "creation_redemption_status": "申购和赎回皆允许",
    "creation_redemption_mechanism": "1",
    "creation_limit": null,
    "redemption_limit": 3600000000.0,
    "net_creation_limit": null,
    "net_redemption_limit": null,
    "creation_limit_per_account": null,
    "redemption_limit_per_account": null,
    "net_creation_limit_per_account": null,
    "net_redemption_limit_per_account": null,
    "source": "sse.COMMON_SSE_CP_JJLB_ETFJJGK_GGSGSHQD_JBXX_C",
    "retrieved_at": "2026-08-17T09:30:09.574575+08:00"
  },
  "latest_iopv": {
    "exchange_timestamp": "2026-08-17 13:22:47",
    "trade_date": "2026-08-17",
    "fund_code": "510300",
    "name": "300ETF",
    "extended_name": "沪深300ETF华泰柏瑞",
    "last_price": 4.779,
    "iopv": 4.7823,
    "premium_discount_bps": -6.90044539238488,
    "change_rate_pct": 1.12,
    "change_cny": 0.053,
    "open": 4.73,
    "previous_close": 4.726,
    "high": 4.785,
    "low": 4.725,
    "volume_shares": 448957975.0,
    "amount_cny": 2133608524.0,
    "trade_phase_raw": "T111    ",
    "post_close_volume_shares": 0.0,
    "post_close_amount_cny": 0.0,
    "post_close_phase_raw": "A1      ",
    "product_subtype": "EBS",
    "source": "sse.yunhq.sh1.snap",
    "retrieved_at": "2026-08-17T13:22:47.219380+08:00"
  },
  "account_feasibility": {
    "reference_account_cny": 20000.0,
    "creation_unit_notional_cny": 4301100.0,
    "can_directly_create_or_redeem": false,
    "intended_use": "只用PCF和IOPV观察一级市场吸收状态，在二级市场交易510300"
  },
  "storage": {
    "pcf": {
      "file": "data/raw/primary_market/510300_pcf_daily.parquet",
      "row_count": 3,
      "first_key": "2026-08-13",
      "last_key": "2026-08-17",
      "sha256": "5b07ef24cc244d40afc8eb241ee183f2181026aa2f7b920cc6f9b3813ac40302"
    },
    "iopv": {
      "file": "data/raw/primary_market/510300_iopv_snapshots.parquet",
      "row_count": 143,
      "first_key": "2026-08-13 16:29:06",
      "last_key": "2026-08-17 13:22:47",
      "sha256": "5d1ed8566f1de5fb72e585a1e25c0c3167dcc6a839b407bdb8f4c1a17e14879b"
    }
  },
  "raw_response_files": [
    "data/raw/primary_market/raw/iopv/20260817/20260817T132243_261620+0800.json"
  ],
  "governance": {
    "use_as_trading_signal": false,
    "automatic_ordering_authorized": false,
    "note": "当前只采集和纸面验证；未通过前向门槛前不得映射实盘仓位。"
  }
}
{
  "status": "PASS",
  "checked_at": "2026-08-17T13:23:50.115547+08:00",
  "collector": {
    "collector_id": "510300_PRIMARY_SECONDARY_FORWARD_V1",
    "symbol": "510300.SH",
    "fund_code": "510300",
    "timezone": "Asia/Shanghai",
    "timeout_seconds": 15,
    "observation_interval_seconds": 60,
    "collection_start_time": "09:30:00",
    "collection_end_time": "15:00:00",
    "collection_sessions": [
      [
        "09:30:00",
        "11:30:00"
      ],
      [
        "13:00:00",
        "15:00:00"
      ]
    ],
    "evidence_scope": "仅从实际接入日起的前向数据，不回填历史IOPV"
  },
  "checks": {
    "same_fund_code": true,
    "same_trade_date": true,
    "iopv_publication_enabled": true,
    "positive_iopv": true,
    "positive_last_price": true,
    "positive_creation_unit": true,
    "snapshot_fresh_during_collection_session": true
  },
  "freshness": {
    "during_collection_session": true,
    "clock_delay_seconds": 0.115547,
    "maximum_allowed_seconds_during_session": 180.0
  },
  "latest_pcf": {
    "trading_day": "2026-08-17",
    "previous_trading_day": "2026-08-14",
    "fund_code": "510300",
    "fund_name": "华泰柏瑞沪深300交易型开放式指数证券投资基金",
    "fund_company": "华泰柏瑞基金管理有限公司",
    "file_id": "1463187",
    "etf_type": "8",
    "nav": 4.7282,
    "nav_per_creation_unit": 4255390.17,
    "previous_cash_component": 105384.17,
    "estimated_cash_component": 107458.17,
    "maximum_cash_ratio": 0.5,
    "creation_redemption_unit": 900000,
    "component_count": 300,
    "publish_iopv": true,
    "creation_redemption_status": "申购和赎回皆允许",
    "creation_redemption_mechanism": "1",
    "creation_limit": null,
    "redemption_limit": 3600000000.0,
    "net_creation_limit": null,
    "net_redemption_limit": null,
    "creation_limit_per_account": null,
    "redemption_limit_per_account": null,
    "net_creation_limit_per_account": null,
    "net_redemption_limit_per_account": null,
    "source": "sse.COMMON_SSE_CP_JJLB_ETFJJGK_GGSGSHQD_JBXX_C",
    "retrieved_at": "2026-08-17T09:30:09.574575+08:00"
  },
  "latest_iopv": {
    "exchange_timestamp": "2026-08-17 13:23:50",
    "trade_date": "2026-08-17",
    "fund_code": "510300",
    "name": "300ETF",
    "extended_name": "沪深300ETF华泰柏瑞",
    "last_price": 4.779,
    "iopv": 4.7823,
    "premium_discount_bps": -6.90044539238488,
    "change_rate_pct": 1.12,
    "change_cny": 0.053,
    "open": 4.73,
    "previous_close": 4.726,
    "high": 4.785,
    "low": 4.725,
    "volume_shares": 451745975.0,
    "amount_cny": 2146933256.0,
    "trade_phase_raw": "T111    ",
    "post_close_volume_shares": 0.0,
    "post_close_amount_cny": 0.0,
    "post_close_phase_raw": "A1      ",
    "product_subtype": "EBS",
    "source": "sse.yunhq.sh1.snap",
    "retrieved_at": "2026-08-17T13:23:50.031075+08:00"
  },
  "account_feasibility": {
    "reference_account_cny": 20000.0,
    "creation_unit_notional_cny": 4301100.0,
    "can_directly_create_or_redeem": false,
    "intended_use": "只用PCF和IOPV观察一级市场吸收状态，在二级市场交易510300"
  },
  "storage": {
    "pcf": {
      "file": "data/raw/primary_market/510300_pcf_daily.parquet",
      "row_count": 3,
      "first_key": "2026-08-13",
      "last_key": "2026-08-17",
      "sha256": "5b07ef24cc244d40afc8eb241ee183f2181026aa2f7b920cc6f9b3813ac40302"
    },
    "iopv": {
      "file": "data/raw/primary_market/510300_iopv_snapshots.parquet",
      "row_count": 144,
      "first_key": "2026-08-13 16:29:06",
      "last_key": "2026-08-17 13:23:50",
      "sha256": "530307cd6c244836b9ef19eef9d996f9a5a158c32f2673094dc9a4867a7d87c5"
    }
  },
  "raw_response_files": [
    "data/raw/primary_market/raw/iopv/20260817/20260817T132347_762312+0800.json"
  ],
  "governance": {
    "use_as_trading_signal": false,
    "automatic_ordering_authorized": false,
    "note": "当前只采集和纸面验证；未通过前向门槛前不得映射实盘仓位。"
  }
}
{
  "status": "PASS",
  "checked_at": "2026-08-17T13:24:52.788236+08:00",
  "collector": {
    "collector_id": "510300_PRIMARY_SECONDARY_FORWARD_V1",
    "symbol": "510300.SH",
    "fund_code": "510300",
    "timezone": "Asia/Shanghai",
    "timeout_seconds": 15,
    "observation_interval_seconds": 60,
    "collection_start_time": "09:30:00",
    "collection_end_time": "15:00:00",
    "collection_sessions": [
      [
        "09:30:00",
        "11:30:00"
      ],
      [
        "13:00:00",
        "15:00:00"
      ]
    ],
    "evidence_scope": "仅从实际接入日起的前向数据，不回填历史IOPV"
  },
  "checks": {
    "same_fund_code": true,
    "same_trade_date": true,
    "iopv_publication_enabled": true,
    "positive_iopv": true,
    "positive_last_price": true,
    "positive_creation_unit": true,
    "snapshot_fresh_during_collection_session": true
  },
  "freshness": {
    "during_collection_session": true,
    "clock_delay_seconds": 0.788236,
    "maximum_allowed_seconds_during_session": 180.0
  },
  "latest_pcf": {
    "trading_day": "2026-08-17",
    "previous_trading_day": "2026-08-14",
    "fund_code": "510300",
    "fund_name": "华泰柏瑞沪深300交易型开放式指数证券投资基金",
    "fund_company": "华泰柏瑞基金管理有限公司",
    "file_id": "1463187",
    "etf_type": "8",
    "nav": 4.7282,
    "nav_per_creation_unit": 4255390.17,
    "previous_cash_component": 105384.17,
    "estimated_cash_component": 107458.17,
    "maximum_cash_ratio": 0.5,
    "creation_redemption_unit": 900000,
    "component_count": 300,
    "publish_iopv": true,
    "creation_redemption_status": "申购和赎回皆允许",
    "creation_redemption_mechanism": "1",
    "creation_limit": null,
    "redemption_limit": 3600000000.0,
    "net_creation_limit": null,
    "net_redemption_limit": null,
    "creation_limit_per_account": null,
    "redemption_limit_per_account": null,
    "net_creation_limit_per_account": null,
    "net_redemption_limit_per_account": null,
    "source": "sse.COMMON_SSE_CP_JJLB_ETFJJGK_GGSGSHQD_JBXX_C",
    "retrieved_at": "2026-08-17T09:30:09.574575+08:00"
  },
  "latest_iopv": {
    "exchange_timestamp": "2026-08-17 13:24:52",
    "trade_date": "2026-08-17",
    "fund_code": "510300",
    "name": "300ETF",
    "extended_name": "沪深300ETF华泰柏瑞",
    "last_price": 4.779,
    "iopv": 4.7822,
    "premium_discount_bps": -6.691480908367353,
    "change_rate_pct": 1.12,
    "change_cny": 0.053,
    "open": 4.73,
    "previous_close": 4.726,
    "high": 4.785,
    "low": 4.725,
    "volume_shares": 455467775.0,
    "amount_cny": 2164716454.0,
    "trade_phase_raw": "T111    ",
    "post_close_volume_shares": 0.0,
    "post_close_amount_cny": 0.0,
    "post_close_phase_raw": "A1      ",
    "product_subtype": "EBS",
    "source": "sse.yunhq.sh1.snap",
    "retrieved_at": "2026-08-17T13:24:52.751021+08:00"
  },
  "account_feasibility": {
    "reference_account_cny": 20000.0,
    "creation_unit_notional_cny": 4301100.0,
    "can_directly_create_or_redeem": false,
    "intended_use": "只用PCF和IOPV观察一级市场吸收状态，在二级市场交易510300"
  },
  "storage": {
    "pcf": {
      "file": "data/raw/primary_market/510300_pcf_daily.parquet",
      "row_count": 3,
      "first_key": "2026-08-13",
      "last_key": "2026-08-17",
      "sha256": "5b07ef24cc244d40afc8eb241ee183f2181026aa2f7b920cc6f9b3813ac40302"
    },
    "iopv": {
      "file": "data/raw/primary_market/510300_iopv_snapshots.parquet",
      "row_count": 145,
      "first_key": "2026-08-13 16:29:06",
      "last_key": "2026-08-17 13:24:52",
      "sha256": "3a06ebfbb8e7367a0743965a174124a2d7fe269f06577a0fd727cd6569e6745b"
    }
  },
  "raw_response_files": [
    "data/raw/primary_market/raw/iopv/20260817/20260817T132450_129390+0800.json"
  ],
  "governance": {
    "use_as_trading_signal": false,
    "automatic_ordering_authorized": false,
    "note": "当前只采集和纸面验证；未通过前向门槛前不得映射实盘仓位。"
  }
}
{
  "status": "PASS",
  "checked_at": "2026-08-17T13:25:54.597902+08:00",
  "collector": {
    "collector_id": "510300_PRIMARY_SECONDARY_FORWARD_V1",
    "symbol": "510300.SH",
    "fund_code": "510300",
    "timezone": "Asia/Shanghai",
    "timeout_seconds": 15,
    "observation_interval_seconds": 60,
    "collection_start_time": "09:30:00",
    "collection_end_time": "15:00:00",
    "collection_sessions": [
      [
        "09:30:00",
        "11:30:00"
      ],
      [
        "13:00:00",
        "15:00:00"
      ]
    ],
    "evidence_scope": "仅从实际接入日起的前向数据，不回填历史IOPV"
  },
  "checks": {
    "same_fund_code": true,
    "same_trade_date": true,
    "iopv_publication_enabled": true,
    "positive_iopv": true,
    "positive_last_price": true,
    "positive_creation_unit": true,
    "snapshot_fresh_during_collection_session": true
  },
  "freshness": {
    "during_collection_session": true,
    "clock_delay_seconds": 0.597902,
    "maximum_allowed_seconds_during_session": 180.0
  },
  "latest_pcf": {
    "trading_day": "2026-08-17",
    "previous_trading_day": "2026-08-14",
    "fund_code": "510300",
    "fund_name": "华泰柏瑞沪深300交易型开放式指数证券投资基金",
    "fund_company": "华泰柏瑞基金管理有限公司",
    "file_id": "1463187",
    "etf_type": "8",
    "nav": 4.7282,
    "nav_per_creation_unit": 4255390.17,
    "previous_cash_component": 105384.17,
    "estimated_cash_component": 107458.17,
    "maximum_cash_ratio": 0.5,
    "creation_redemption_unit": 900000,
    "component_count": 300,
    "publish_iopv": true,
    "creation_redemption_status": "申购和赎回皆允许",
    "creation_redemption_mechanism": "1",
    "creation_limit": null,
    "redemption_limit": 3600000000.0,
    "net_creation_limit": null,
    "net_redemption_limit": null,
    "creation_limit_per_account": null,
    "redemption_limit_per_account": null,
    "net_creation_limit_per_account": null,
    "net_redemption_limit_per_account": null,
    "source": "sse.COMMON_SSE_CP_JJLB_ETFJJGK_GGSGSHQD_JBXX_C",
    "retrieved_at": "2026-08-17T09:30:09.574575+08:00"
  },
  "latest_iopv": {
    "exchange_timestamp": "2026-08-17 13:25:54",
    "trade_date": "2026-08-17",
    "fund_code": "510300",
    "name": "300ETF",
    "extended_name": "沪深300ETF华泰柏瑞",
    "last_price": 4.776,
    "iopv": 4.7791,
    "premium_discount_bps": -6.486576970559099,
    "change_rate_pct": 1.06,
    "change_cny": 0.05,
    "open": 4.73,
    "previous_close": 4.726,
    "high": 4.785,
    "low": 4.725,
    "volume_shares": 457718575.0,
    "amount_cny": 2175468567.0,
    "trade_phase_raw": "T111    ",
    "post_close_volume_shares": 0.0,
    "post_close_amount_cny": 0.0,
    "post_close_phase_raw": "A1      ",
    "product_subtype": "EBS",
    "source": "sse.yunhq.sh1.snap",
    "retrieved_at": "2026-08-17T13:25:54.547549+08:00"
  },
  "account_feasibility": {
    "reference_account_cny": 20000.0,
    "creation_unit_notional_cny": 4298400.0,
    "can_directly_create_or_redeem": false,
    "intended_use": "只用PCF和IOPV观察一级市场吸收状态，在二级市场交易510300"
  },
  "storage": {
    "pcf": {
      "file": "data/raw/primary_market/510300_pcf_daily.parquet",
      "row_count": 3,
      "first_key": "2026-08-13",
      "last_key": "2026-08-17",
      "sha256": "5b07ef24cc244d40afc8eb241ee183f2181026aa2f7b920cc6f9b3813ac40302"
    },
    "iopv": {
      "file": "data/raw/primary_market/510300_iopv_snapshots.parquet",
      "row_count": 146,
      "first_key": "2026-08-13 16:29:06",
      "last_key": "2026-08-17 13:25:54",
      "sha256": "29c64d2e3bea2eb6545f051dc6dfc8993d56f6f4175276207e236a8f1f8d0835"
    }
  },
  "raw_response_files": [
    "data/raw/primary_market/raw/iopv/20260817/20260817T132552_791059+0800.json"
  ],
  "governance": {
    "use_as_trading_signal": false,
    "automatic_ordering_authorized": false,
    "note": "当前只采集和纸面验证；未通过前向门槛前不得映射实盘仓位。"
  }
}
{
  "status": "PASS",
  "checked_at": "2026-08-17T13:26:55.912602+08:00",
  "collector": {
    "collector_id": "510300_PRIMARY_SECONDARY_FORWARD_V1",
    "symbol": "510300.SH",
    "fund_code": "510300",
    "timezone": "Asia/Shanghai",
    "timeout_seconds": 15,
    "observation_interval_seconds": 60,
    "collection_start_time": "09:30:00",
    "collection_end_time": "15:00:00",
    "collection_sessions": [
      [
        "09:30:00",
        "11:30:00"
      ],
      [
        "13:00:00",
        "15:00:00"
      ]
    ],
    "evidence_scope": "仅从实际接入日起的前向数据，不回填历史IOPV"
  },
  "checks": {
    "same_fund_code": true,
    "same_trade_date": true,
    "iopv_publication_enabled": true,
    "positive_iopv": true,
    "positive_last_price": true,
    "positive_creation_unit": true,
    "snapshot_fresh_during_collection_session": true
  },
  "freshness": {
    "during_collection_session": true,
    "clock_delay_seconds": 0.912602,
    "maximum_allowed_seconds_during_session": 180.0
  },
  "latest_pcf": {
    "trading_day": "2026-08-17",
    "previous_trading_day": "2026-08-14",
    "fund_code": "510300",
    "fund_name": "华泰柏瑞沪深300交易型开放式指数证券投资基金",
    "fund_company": "华泰柏瑞基金管理有限公司",
    "file_id": "1463187",
    "etf_type": "8",
    "nav": 4.7282,
    "nav_per_creation_unit": 4255390.17,
    "previous_cash_component": 105384.17,
    "estimated_cash_component": 107458.17,
    "maximum_cash_ratio": 0.5,
    "creation_redemption_unit": 900000,
    "component_count": 300,
    "publish_iopv": true,
    "creation_redemption_status": "申购和赎回皆允许",
    "creation_redemption_mechanism": "1",
    "creation_limit": null,
    "redemption_limit": 3600000000.0,
    "net_creation_limit": null,
    "net_redemption_limit": null,
    "creation_limit_per_account": null,
    "redemption_limit_per_account": null,
    "net_creation_limit_per_account": null,
    "net_redemption_limit_per_account": null,
    "source": "sse.COMMON_SSE_CP_JJLB_ETFJJGK_GGSGSHQD_JBXX_C",
    "retrieved_at": "2026-08-17T09:30:09.574575+08:00"
  },
  "latest_iopv": {
    "exchange_timestamp": "2026-08-17 13:26:55",
    "trade_date": "2026-08-17",
    "fund_code": "510300",
    "name": "300ETF",
    "extended_name": "沪深300ETF华泰柏瑞",
    "last_price": 4.778,
    "iopv": 4.7819,
    "premium_discount_bps": -8.155753989002035,
    "change_rate_pct": 1.1,
    "change_cny": 0.052,
    "open": 4.73,
    "previous_close": 4.726,
    "high": 4.785,
    "low": 4.725,
    "volume_shares": 460991475.0,
    "amount_cny": 2191102030.0,
    "trade_phase_raw": "T111    ",
    "post_close_volume_shares": 0.0,
    "post_close_amount_cny": 0.0,
    "post_close_phase_raw": "A1      ",
    "product_subtype": "EBS",
    "source": "sse.yunhq.sh1.snap",
    "retrieved_at": "2026-08-17T13:26:55.861819+08:00"
  },
  "account_feasibility": {
    "reference_account_cny": 20000.0,
    "creation_unit_notional_cny": 4300200.0,
    "can_directly_create_or_redeem": false,
    "intended_use": "只用PCF和IOPV观察一级市场吸收状态，在二级市场交易510300"
  },
  "storage": {
    "pcf": {
      "file": "data/raw/primary_market/510300_pcf_daily.parquet",
      "row_count": 3,
      "first_key": "2026-08-13",
      "last_key": "2026-08-17",
      "sha256": "5b07ef24cc244d40afc8eb241ee183f2181026aa2f7b920cc6f9b3813ac40302"
    },
    "iopv": {
      "file": "data/raw/primary_market/510300_iopv_snapshots.parquet",
      "row_count": 147,
      "first_key": "2026-08-13 16:29:06",
      "last_key": "2026-08-17 13:26:55",
      "sha256": "ff7b3996393f6f15c935ec399e662506015f46e76e17d29268355c2e083f2802"
    }
  },
  "raw_response_files": [
    "data/raw/primary_market/raw/iopv/20260817/20260817T132654_600451+0800.json"
  ],
  "governance": {
    "use_as_trading_signal": false,
    "automatic_ordering_authorized": false,
    "note": "当前只采集和纸面验证；未通过前向门槛前不得映射实盘仓位。"
  }
}
{
  "status": "PASS",
  "checked_at": "2026-08-17T13:27:58.158649+08:00",
  "collector": {
    "collector_id": "510300_PRIMARY_SECONDARY_FORWARD_V1",
    "symbol": "510300.SH",
    "fund_code": "510300",
    "timezone": "Asia/Shanghai",
    "timeout_seconds": 15,
    "observation_interval_seconds": 60,
    "collection_start_time": "09:30:00",
    "collection_end_time": "15:00:00",
    "collection_sessions": [
      [
        "09:30:00",
        "11:30:00"
      ],
      [
        "13:00:00",
        "15:00:00"
      ]
    ],
    "evidence_scope": "仅从实际接入日起的前向数据，不回填历史IOPV"
  },
  "checks": {
    "same_fund_code": true,
    "same_trade_date": true,
    "iopv_publication_enabled": true,
    "positive_iopv": true,
    "positive_last_price": true,
    "positive_creation_unit": true,
    "snapshot_fresh_during_collection_session": true
  },
  "freshness": {
    "during_collection_session": true,
    "clock_delay_seconds": 0.158649,
    "maximum_allowed_seconds_during_session": 180.0
  },
  "latest_pcf": {
    "trading_day": "2026-08-17",
    "previous_trading_day": "2026-08-14",
    "fund_code": "510300",
    "fund_name": "华泰柏瑞沪深300交易型开放式指数证券投资基金",
    "fund_company": "华泰柏瑞基金管理有限公司",
    "file_id": "1463187",
    "etf_type": "8",
    "nav": 4.7282,
    "nav_per_creation_unit": 4255390.17,
    "previous_cash_component": 105384.17,
    "estimated_cash_component": 107458.17,
    "maximum_cash_ratio": 0.5,
    "creation_redemption_unit": 900000,
    "component_count": 300,
    "publish_iopv": true,
    "creation_redemption_status": "申购和赎回皆允许",
    "creation_redemption_mechanism": "1",
    "creation_limit": null,
    "redemption_limit": 3600000000.0,
    "net_creation_limit": null,
    "net_redemption_limit": null,
    "creation_limit_per_account": null,
    "redemption_limit_per_account": null,
    "net_creation_limit_per_account": null,
    "net_redemption_limit_per_account": null,
    "source": "sse.COMMON_SSE_CP_JJLB_ETFJJGK_GGSGSHQD_JBXX_C",
    "retrieved_at": "2026-08-17T09:30:09.574575+08:00"
  },
  "latest_iopv": {
    "exchange_timestamp": "2026-08-17 13:27:58",
    "trade_date": "2026-08-17",
    "fund_code": "510300",
    "name": "300ETF",
    "extended_name": "沪深300ETF华泰柏瑞",
    "last_price": 4.777,
    "iopv": 4.7791,
    "premium_discount_bps": -4.394132786507132,
    "change_rate_pct": 1.08,
    "change_cny": 0.051,
    "open": 4.73,
    "previous_close": 4.726,
    "high": 4.785,
    "low": 4.725,
    "volume_shares": 462101975.0,
    "amount_cny": 2196407933.0,
    "trade_phase_raw": "T111    ",
    "post_close_volume_shares": 0.0,
    "post_close_amount_cny": 0.0,
    "post_close_phase_raw": "A1      ",
    "product_subtype": "EBS",
    "source": "sse.yunhq.sh1.snap",
    "retrieved_at": "2026-08-17T13:27:58.120073+08:00"
  },
  "account_feasibility": {
    "reference_account_cny": 20000.0,
    "creation_unit_notional_cny": 4299300.0,
    "can_directly_create_or_redeem": false,
    "intended_use": "只用PCF和IOPV观察一级市场吸收状态，在二级市场交易510300"
  },
  "storage": {
    "pcf": {
      "file": "data/raw/primary_market/510300_pcf_daily.parquet",
      "row_count": 3,
      "first_key": "2026-08-13",
      "last_key": "2026-08-17",
      "sha256": "5b07ef24cc244d40afc8eb241ee183f2181026aa2f7b920cc6f9b3813ac40302"
    },
    "iopv": {
      "file": "data/raw/primary_market/510300_iopv_snapshots.parquet",
      "row_count": 148,
      "first_key": "2026-08-13 16:29:06",
      "last_key": "2026-08-17 13:27:58",
      "sha256": "a43be342dfcf4da8d3b151bb3d882c04092c4aa9af785c95a71b9ac27d022056"
    }
  },
  "raw_response_files": [
    "data/raw/primary_market/raw/iopv/20260817/20260817T132755_914860+0800.json"
  ],
  "governance": {
    "use_as_trading_signal": false,
    "automatic_ordering_authorized": false,
    "note": "当前只采集和纸面验证；未通过前向门槛前不得映射实盘仓位。"
  }
}
{
  "status": "PASS",
  "checked_at": "2026-08-17T13:28:59.536836+08:00",
  "collector": {
    "collector_id": "510300_PRIMARY_SECONDARY_FORWARD_V1",
    "symbol": "510300.SH",
    "fund_code": "510300",
    "timezone": "Asia/Shanghai",
    "timeout_seconds": 15,
    "observation_interval_seconds": 60,
    "collection_start_time": "09:30:00",
    "collection_end_time": "15:00:00",
    "collection_sessions": [
      [
        "09:30:00",
        "11:30:00"
      ],
      [
        "13:00:00",
        "15:00:00"
      ]
    ],
    "evidence_scope": "仅从实际接入日起的前向数据，不回填历史IOPV"
  },
  "checks": {
    "same_fund_code": true,
    "same_trade_date": true,
    "iopv_publication_enabled": true,
    "positive_iopv": true,
    "positive_last_price": true,
    "positive_creation_unit": true,
    "snapshot_fresh_during_collection_session": true
  },
  "freshness": {
    "during_collection_session": true,
    "clock_delay_seconds": 0.536836,
    "maximum_allowed_seconds_during_session": 180.0
  },
  "latest_pcf": {
    "trading_day": "2026-08-17",
    "previous_trading_day": "2026-08-14",
    "fund_code": "510300",
    "fund_name": "华泰柏瑞沪深300交易型开放式指数证券投资基金",
    "fund_company": "华泰柏瑞基金管理有限公司",
    "file_id": "1463187",
    "etf_type": "8",
    "nav": 4.7282,
    "nav_per_creation_unit": 4255390.17,
    "previous_cash_component": 105384.17,
    "estimated_cash_component": 107458.17,
    "maximum_cash_ratio": 0.5,
    "creation_redemption_unit": 900000,
    "component_count": 300,
    "publish_iopv": true,
    "creation_redemption_status": "申购和赎回皆允许",
    "creation_redemption_mechanism": "1",
    "creation_limit": null,
    "redemption_limit": 3600000000.0,
    "net_creation_limit": null,
    "net_redemption_limit": null,
    "creation_limit_per_account": null,
    "redemption_limit_per_account": null,
    "net_creation_limit_per_account": null,
    "net_redemption_limit_per_account": null,
    "source": "sse.COMMON_SSE_CP_JJLB_ETFJJGK_GGSGSHQD_JBXX_C",
    "retrieved_at": "2026-08-17T09:30:09.574575+08:00"
  },
  "latest_iopv": {
    "exchange_timestamp": "2026-08-17 13:28:59",
    "trade_date": "2026-08-17",
    "fund_code": "510300",
    "name": "300ETF",
    "extended_name": "沪深300ETF华泰柏瑞",
    "last_price": 4.773,
    "iopv": 4.7751,
    "premium_discount_bps": -4.3978136583533445,
    "change_rate_pct": 0.99,
    "change_cny": 0.047,
    "open": 4.73,
    "previous_close": 4.726,
    "high": 4.785,
    "low": 4.725,
    "volume_shares": 465640575.0,
    "amount_cny": 2213301352.0,
    "trade_phase_raw": "T111    ",
    "post_close_volume_shares": 0.0,
    "post_close_amount_cny": 0.0,
    "post_close_phase_raw": "A1      ",
    "product_subtype": "EBS",
    "source": "sse.yunhq.sh1.snap",
    "retrieved_at": "2026-08-17T13:28:59.475828+08:00"
  },
  "account_feasibility": {
    "reference_account_cny": 20000.0,
    "creation_unit_notional_cny": 4295700.0,
    "can_directly_create_or_redeem": false,
    "intended_use": "只用PCF和IOPV观察一级市场吸收状态，在二级市场交易510300"
  },
  "storage": {
    "pcf": {
      "file": "data/raw/primary_market/510300_pcf_daily.parquet",
      "row_count": 3,
      "first_key": "2026-08-13",
      "last_key": "2026-08-17",
      "sha256": "5b07ef24cc244d40afc8eb241ee183f2181026aa2f7b920cc6f9b3813ac40302"
    },
    "iopv": {
      "file": "data/raw/primary_market/510300_iopv_snapshots.parquet",
      "row_count": 149,
      "first_key": "2026-08-13 16:29:06",
      "last_key": "2026-08-17 13:28:59",
      "sha256": "3801eda975a9022bdf765361a55eaf55d00700a9ecb1731e22dafdc23481c85b"
    }
  },
  "raw_response_files": [
    "data/raw/primary_market/raw/iopv/20260817/20260817T132858_160672+0800.json"
  ],
  "governance": {
    "use_as_trading_signal": false,
    "automatic_ordering_authorized": false,
    "note": "当前只采集和纸面验证；未通过前向门槛前不得映射实盘仓位。"
  }
}
{
  "status": "PASS",
  "checked_at": "2026-08-17T13:30:01.804237+08:00",
  "collector": {
    "collector_id": "510300_PRIMARY_SECONDARY_FORWARD_V1",
    "symbol": "510300.SH",
    "fund_code": "510300",
    "timezone": "Asia/Shanghai",
    "timeout_seconds": 15,
    "observation_interval_seconds": 60,
    "collection_start_time": "09:30:00",
    "collection_end_time": "15:00:00",
    "collection_sessions": [
      [
        "09:30:00",
        "11:30:00"
      ],
      [
        "13:00:00",
        "15:00:00"
      ]
    ],
    "evidence_scope": "仅从实际接入日起的前向数据，不回填历史IOPV"
  },
  "checks": {
    "same_fund_code": true,
    "same_trade_date": true,
    "iopv_publication_enabled": true,
    "positive_iopv": true,
    "positive_last_price": true,
    "positive_creation_unit": true,
    "snapshot_fresh_during_collection_session": true
  },
  "freshness": {
    "during_collection_session": true,
    "clock_delay_seconds": 0.804237,
    "maximum_allowed_seconds_during_session": 180.0
  },
  "latest_pcf": {
    "trading_day": "2026-08-17",
    "previous_trading_day": "2026-08-14",
    "fund_code": "510300",
    "fund_name": "华泰柏瑞沪深300交易型开放式指数证券投资基金",
    "fund_company": "华泰柏瑞基金管理有限公司",
    "file_id": "1463187",
    "etf_type": "8",
    "nav": 4.7282,
    "nav_per_creation_unit": 4255390.17,
    "previous_cash_component": 105384.17,
    "estimated_cash_component": 107458.17,
    "maximum_cash_ratio": 0.5,
    "creation_redemption_unit": 900000,
    "component_count": 300,
    "publish_iopv": true,
    "creation_redemption_status": "申购和赎回皆允许",
    "creation_redemption_mechanism": "1",
    "creation_limit": null,
    "redemption_limit": 3600000000.0,
    "net_creation_limit": null,
    "net_redemption_limit": null,
    "creation_limit_per_account": null,
    "redemption_limit_per_account": null,
    "net_creation_limit_per_account": null,
    "net_redemption_limit_per_account": null,
    "source": "sse.COMMON_SSE_CP_JJLB_ETFJJGK_GGSGSHQD_JBXX_C",
    "retrieved_at": "2026-08-17T09:30:09.574575+08:00"
  },
  "latest_iopv": {
    "exchange_timestamp": "2026-08-17 13:30:01",
    "trade_date": "2026-08-17",
    "fund_code": "510300",
    "name": "300ETF",
    "extended_name": "沪深300ETF华泰柏瑞",
    "last_price": 4.774,
    "iopv": 4.7783,
    "premium_discount_bps": -8.999016386580516,
    "change_rate_pct": 1.02,
    "change_cny": 0.048,
    "open": 4.73,
    "previous_close": 4.726,
    "high": 4.785,
    "low": 4.725,
    "volume_shares": 471015375.0,
    "amount_cny": 2238955961.0,
    "trade_phase_raw": "T111    ",
    "post_close_volume_shares": 0.0,
    "post_close_amount_cny": 0.0,
    "post_close_phase_raw": "A1      ",
    "product_subtype": "EBS",
    "source": "sse.yunhq.sh1.snap",
    "retrieved_at": "2026-08-17T13:30:01.729507+08:00"
  },
  "account_feasibility": {
    "reference_account_cny": 20000.0,
    "creation_unit_notional_cny": 4296600.0,
    "can_directly_create_or_redeem": false,
    "intended_use": "只用PCF和IOPV观察一级市场吸收状态，在二级市场交易510300"
  },
  "storage": {
    "pcf": {
      "file": "data/raw/primary_market/510300_pcf_daily.parquet",
      "row_count": 3,
      "first_key": "2026-08-13",
      "last_key": "2026-08-17",
      "sha256": "5b07ef24cc244d40afc8eb241ee183f2181026aa2f7b920cc6f9b3813ac40302"
    },
    "iopv": {
      "file": "data/raw/primary_market/510300_iopv_snapshots.parquet",
      "row_count": 150,
      "first_key": "2026-08-13 16:29:06",
      "last_key": "2026-08-17 13:30:01",
      "sha256": "2b7cb1bd3b69cc5242368633f87ba2aeb965e1af99f0d8e99e34a9d92f5a6678"
    }
  },
  "raw_response_files": [
    "data/raw/primary_market/raw/iopv/20260817/20260817T132959_538691+0800.json"
  ],
  "governance": {
    "use_as_trading_signal": false,
    "automatic_ordering_authorized": false,
    "note": "当前只采集和纸面验证；未通过前向门槛前不得映射实盘仓位。"
  }
}
{
  "status": "PASS",
  "checked_at": "2026-08-17T13:31:03.094199+08:00",
  "collector": {
    "collector_id": "510300_PRIMARY_SECONDARY_FORWARD_V1",
    "symbol": "510300.SH",
    "fund_code": "510300",
    "timezone": "Asia/Shanghai",
    "timeout_seconds": 15,
    "observation_interval_seconds": 60,
    "collection_start_time": "09:30:00",
    "collection_end_time": "15:00:00",
    "collection_sessions": [
      [
        "09:30:00",
        "11:30:00"
      ],
      [
        "13:00:00",
        "15:00:00"
      ]
    ],
    "evidence_scope": "仅从实际接入日起的前向数据，不回填历史IOPV"
  },
  "checks": {
    "same_fund_code": true,
    "same_trade_date": true,
    "iopv_publication_enabled": true,
    "positive_iopv": true,
    "positive_last_price": true,
    "positive_creation_unit": true,
    "snapshot_fresh_during_collection_session": true
  },
  "freshness": {
    "during_collection_session": true,
    "clock_delay_seconds": 0.094199,
    "maximum_allowed_seconds_during_session": 180.0
  },
  "latest_pcf": {
    "trading_day": "2026-08-17",
    "previous_trading_day": "2026-08-14",
    "fund_code": "510300",
    "fund_name": "华泰柏瑞沪深300交易型开放式指数证券投资基金",
    "fund_company": "华泰柏瑞基金管理有限公司",
    "file_id": "1463187",
    "etf_type": "8",
    "nav": 4.7282,
    "nav_per_creation_unit": 4255390.17,
    "previous_cash_component": 105384.17,
    "estimated_cash_component": 107458.17,
    "maximum_cash_ratio": 0.5,
    "creation_redemption_unit": 900000,
    "component_count": 300,
    "publish_iopv": true,
    "creation_redemption_status": "申购和赎回皆允许",
    "creation_redemption_mechanism": "1",
    "creation_limit": null,
    "redemption_limit": 3600000000.0,
    "net_creation_limit": null,
    "net_redemption_limit": null,
    "creation_limit_per_account": null,
    "redemption_limit_per_account": null,
    "net_creation_limit_per_account": null,
    "net_redemption_limit_per_account": null,
    "source": "sse.COMMON_SSE_CP_JJLB_ETFJJGK_GGSGSHQD_JBXX_C",
    "retrieved_at": "2026-08-17T09:30:09.574575+08:00"
  },
  "latest_iopv": {
    "exchange_timestamp": "2026-08-17 13:31:03",
    "trade_date": "2026-08-17",
    "fund_code": "510300",
    "name": "300ETF",
    "extended_name": "沪深300ETF华泰柏瑞",
    "last_price": 4.774,
    "iopv": 4.7777,
    "premium_discount_bps": -7.744312116709784,
    "change_rate_pct": 1.02,
    "change_cny": 0.048,
    "open": 4.73,
    "previous_close": 4.726,
    "high": 4.785,
    "low": 4.725,
    "volume_shares": 474639775.0,
    "amount_cny": 2256265098.0,
    "trade_phase_raw": "T111    ",
    "post_close_volume_shares": 0.0,
    "post_close_amount_cny": 0.0,
    "post_close_phase_raw": "A1      ",
    "product_subtype": "EBS",
    "source": "sse.yunhq.sh1.snap",
    "retrieved_at": "2026-08-17T13:31:03.061028+08:00"
  },
  "account_feasibility": {
    "reference_account_cny": 20000.0,
    "creation_unit_notional_cny": 4296600.0,
    "can_directly_create_or_redeem": false,
    "intended_use": "只用PCF和IOPV观察一级市场吸收状态，在二级市场交易510300"
  },
  "storage": {
    "pcf": {
      "file": "data/raw/primary_market/510300_pcf_daily.parquet",
      "row_count": 3,
      "first_key": "2026-08-13",
      "last_key": "2026-08-17",
      "sha256": "5b07ef24cc244d40afc8eb241ee183f2181026aa2f7b920cc6f9b3813ac40302"
    },
    "iopv": {
      "file": "data/raw/primary_market/510300_iopv_snapshots.parquet",
      "row_count": 151,
      "first_key": "2026-08-13 16:29:06",
      "last_key": "2026-08-17 13:31:03",
      "sha256": "1487a194206c481bdd0ddc4e7e855879a4402215d2b276391098daf347ba0947"
    }
  },
  "raw_response_files": [
    "data/raw/primary_market/raw/iopv/20260817/20260817T133101_808160+0800.json"
  ],
  "governance": {
    "use_as_trading_signal": false,
    "automatic_ordering_authorized": false,
    "note": "当前只采集和纸面验证；未通过前向门槛前不得映射实盘仓位。"
  }
}
{
  "status": "PASS",
  "checked_at": "2026-08-17T13:32:06.094203+08:00",
  "collector": {
    "collector_id": "510300_PRIMARY_SECONDARY_FORWARD_V1",
    "symbol": "510300.SH",
    "fund_code": "510300",
    "timezone": "Asia/Shanghai",
    "timeout_seconds": 15,
    "observation_interval_seconds": 60,
    "collection_start_time": "09:30:00",
    "collection_end_time": "15:00:00",
    "collection_sessions": [
      [
        "09:30:00",
        "11:30:00"
      ],
      [
        "13:00:00",
        "15:00:00"
      ]
    ],
    "evidence_scope": "仅从实际接入日起的前向数据，不回填历史IOPV"
  },
  "checks": {
    "same_fund_code": true,
    "same_trade_date": true,
    "iopv_publication_enabled": true,
    "positive_iopv": true,
    "positive_last_price": true,
    "positive_creation_unit": true,
    "snapshot_fresh_during_collection_session": true
  },
  "freshness": {
    "during_collection_session": true,
    "clock_delay_seconds": 0.094203,
    "maximum_allowed_seconds_during_session": 180.0
  },
  "latest_pcf": {
    "trading_day": "2026-08-17",
    "previous_trading_day": "2026-08-14",
    "fund_code": "510300",
    "fund_name": "华泰柏瑞沪深300交易型开放式指数证券投资基金",
    "fund_company": "华泰柏瑞基金管理有限公司",
    "file_id": "1463187",
    "etf_type": "8",
    "nav": 4.7282,
    "nav_per_creation_unit": 4255390.17,
    "previous_cash_component": 105384.17,
    "estimated_cash_component": 107458.17,
    "maximum_cash_ratio": 0.5,
    "creation_redemption_unit": 900000,
    "component_count": 300,
    "publish_iopv": true,
    "creation_redemption_status": "申购和赎回皆允许",
    "creation_redemption_mechanism": "1",
    "creation_limit": null,
    "redemption_limit": 3600000000.0,
    "net_creation_limit": null,
    "net_redemption_limit": null,
    "creation_limit_per_account": null,
    "redemption_limit_per_account": null,
    "net_creation_limit_per_account": null,
    "net_redemption_limit_per_account": null,
    "source": "sse.COMMON_SSE_CP_JJLB_ETFJJGK_GGSGSHQD_JBXX_C",
    "retrieved_at": "2026-08-17T09:30:09.574575+08:00"
  },
  "latest_iopv": {
    "exchange_timestamp": "2026-08-17 13:32:06",
    "trade_date": "2026-08-17",
    "fund_code": "510300",
    "name": "300ETF",
    "extended_name": "沪深300ETF华泰柏瑞",
    "last_price": 4.777,
    "iopv": 4.7801,
    "premium_discount_bps": -6.48521997447693,
    "change_rate_pct": 1.08,
    "change_cny": 0.051,
    "open": 4.73,
    "previous_close": 4.726,
    "high": 4.785,
    "low": 4.725,
    "volume_shares": 475981975.0,
    "amount_cny": 2262675757.0,
    "trade_phase_raw": "T111    ",
    "post_close_volume_shares": 0.0,
    "post_close_amount_cny": 0.0,
    "post_close_phase_raw": "A1      ",
    "product_subtype": "EBS",
    "source": "sse.yunhq.sh1.snap",
    "retrieved_at": "2026-08-17T13:32:06.048504+08:00"
  },
  "account_feasibility": {
    "reference_account_cny": 20000.0,
    "creation_unit_notional_cny": 4299300.0,
    "can_directly_create_or_redeem": false,
    "intended_use": "只用PCF和IOPV观察一级市场吸收状态，在二级市场交易510300"
  },
  "storage": {
    "pcf": {
      "file": "data/raw/primary_market/510300_pcf_daily.parquet",
      "row_count": 3,
      "first_key": "2026-08-13",
      "last_key": "2026-08-17",
      "sha256": "5b07ef24cc244d40afc8eb241ee183f2181026aa2f7b920cc6f9b3813ac40302"
    },
    "iopv": {
      "file": "data/raw/primary_market/510300_iopv_snapshots.parquet",
      "row_count": 152,
      "first_key": "2026-08-13 16:29:06",
      "last_key": "2026-08-17 13:32:06",
      "sha256": "2f096211e8b6098265cba71e6035338ce882bd233cb2567995c9e1fb5e7d03d8"
    }
  },
  "raw_response_files": [
    "data/raw/primary_market/raw/iopv/20260817/20260817T133203_096398+0800.json"
  ],
  "governance": {
    "use_as_trading_signal": false,
    "automatic_ordering_authorized": false,
    "note": "当前只采集和纸面验证；未通过前向门槛前不得映射实盘仓位。"
  }
}
{
  "status": "PASS",
  "checked_at": "2026-08-17T13:33:08.843001+08:00",
  "collector": {
    "collector_id": "510300_PRIMARY_SECONDARY_FORWARD_V1",
    "symbol": "510300.SH",
    "fund_code": "510300",
    "timezone": "Asia/Shanghai",
    "timeout_seconds": 15,
    "observation_interval_seconds": 60,
    "collection_start_time": "09:30:00",
    "collection_end_time": "15:00:00",
    "collection_sessions": [
      [
        "09:30:00",
        "11:30:00"
      ],
      [
        "13:00:00",
        "15:00:00"
      ]
    ],
    "evidence_scope": "仅从实际接入日起的前向数据，不回填历史IOPV"
  },
  "checks": {
    "same_fund_code": true,
    "same_trade_date": true,
    "iopv_publication_enabled": true,
    "positive_iopv": true,
    "positive_last_price": true,
    "positive_creation_unit": true,
    "snapshot_fresh_during_collection_session": true
  },
  "freshness": {
    "during_collection_session": true,
    "clock_delay_seconds": 0.843001,
    "maximum_allowed_seconds_during_session": 180.0
  },
  "latest_pcf": {
    "trading_day": "2026-08-17",
    "previous_trading_day": "2026-08-14",
    "fund_code": "510300",
    "fund_name": "华泰柏瑞沪深300交易型开放式指数证券投资基金",
    "fund_company": "华泰柏瑞基金管理有限公司",
    "file_id": "1463187",
    "etf_type": "8",
    "nav": 4.7282,
    "nav_per_creation_unit": 4255390.17,
    "previous_cash_component": 105384.17,
    "estimated_cash_component": 107458.17,
    "maximum_cash_ratio": 0.5,
    "creation_redemption_unit": 900000,
    "component_count": 300,
    "publish_iopv": true,
    "creation_redemption_status": "申购和赎回皆允许",
    "creation_redemption_mechanism": "1",
    "creation_limit": null,
    "redemption_limit": 3600000000.0,
    "net_creation_limit": null,
    "net_redemption_limit": null,
    "creation_limit_per_account": null,
    "redemption_limit_per_account": null,
    "net_creation_limit_per_account": null,
    "net_redemption_limit_per_account": null,
    "source": "sse.COMMON_SSE_CP_JJLB_ETFJJGK_GGSGSHQD_JBXX_C",
    "retrieved_at": "2026-08-17T09:30:09.574575+08:00"
  },
  "latest_iopv": {
    "exchange_timestamp": "2026-08-17 13:33:08",
    "trade_date": "2026-08-17",
    "fund_code": "510300",
    "name": "300ETF",
    "extended_name": "沪深300ETF华泰柏瑞",
    "last_price": 4.778,
    "iopv": 4.7817,
    "premium_discount_bps": -7.737833824791318,
    "change_rate_pct": 1.1,
    "change_cny": 0.052,
    "open": 4.73,
    "previous_close": 4.726,
    "high": 4.785,
    "low": 4.725,
    "volume_shares": 479072075.0,
    "amount_cny": 2277439272.0,
    "trade_phase_raw": "T111    ",
    "post_close_volume_shares": 0.0,
    "post_close_amount_cny": 0.0,
    "post_close_phase_raw": "A1      ",
    "product_subtype": "EBS",
    "source": "sse.yunhq.sh1.snap",
    "retrieved_at": "2026-08-17T13:33:08.808571+08:00"
  },
  "account_feasibility": {
    "reference_account_cny": 20000.0,
    "creation_unit_notional_cny": 4300200.0,
    "can_directly_create_or_redeem": false,
    "intended_use": "只用PCF和IOPV观察一级市场吸收状态，在二级市场交易510300"
  },
  "storage": {
    "pcf": {
      "file": "data/raw/primary_market/510300_pcf_daily.parquet",
      "row_count": 3,
      "first_key": "2026-08-13",
      "last_key": "2026-08-17",
      "sha256": "5b07ef24cc244d40afc8eb241ee183f2181026aa2f7b920cc6f9b3813ac40302"
    },
    "iopv": {
      "file": "data/raw/primary_market/510300_iopv_snapshots.parquet",
      "row_count": 153,
      "first_key": "2026-08-13 16:29:06",
      "last_key": "2026-08-17 13:33:08",
      "sha256": "3413a45e953ab177873300fe2e3116ce7a8f8e579f69a8a760aeb2c61fdbbf6a"
    }
  },
  "raw_response_files": [
    "data/raw/primary_market/raw/iopv/20260817/20260817T133306_096960+0800.json"
  ],
  "governance": {
    "use_as_trading_signal": false,
    "automatic_ordering_authorized": false,
    "note": "当前只采集和纸面验证；未通过前向门槛前不得映射实盘仓位。"
  }
}
{
  "status": "PASS",
  "checked_at": "2026-08-17T13:34:10.589476+08:00",
  "collector": {
    "collector_id": "510300_PRIMARY_SECONDARY_FORWARD_V1",
    "symbol": "510300.SH",
    "fund_code": "510300",
    "timezone": "Asia/Shanghai",
    "timeout_seconds": 15,
    "observation_interval_seconds": 60,
    "collection_start_time": "09:30:00",
    "collection_end_time": "15:00:00",
    "collection_sessions": [
      [
        "09:30:00",
        "11:30:00"
      ],
      [
        "13:00:00",
        "15:00:00"
      ]
    ],
    "evidence_scope": "仅从实际接入日起的前向数据，不回填历史IOPV"
  },
  "checks": {
    "same_fund_code": true,
    "same_trade_date": true,
    "iopv_publication_enabled": true,
    "positive_iopv": true,
    "positive_last_price": true,
    "positive_creation_unit": true,
    "snapshot_fresh_during_collection_session": true
  },
  "freshness": {
    "during_collection_session": true,
    "clock_delay_seconds": 0.589476,
    "maximum_allowed_seconds_during_session": 180.0
  },
  "latest_pcf": {
    "trading_day": "2026-08-17",
    "previous_trading_day": "2026-08-14",
    "fund_code": "510300",
    "fund_name": "华泰柏瑞沪深300交易型开放式指数证券投资基金",
    "fund_company": "华泰柏瑞基金管理有限公司",
    "file_id": "1463187",
    "etf_type": "8",
    "nav": 4.7282,
    "nav_per_creation_unit": 4255390.17,
    "previous_cash_component": 105384.17,
    "estimated_cash_component": 107458.17,
    "maximum_cash_ratio": 0.5,
    "creation_redemption_unit": 900000,
    "component_count": 300,
    "publish_iopv": true,
    "creation_redemption_status": "申购和赎回皆允许",
    "creation_redemption_mechanism": "1",
    "creation_limit": null,
    "redemption_limit": 3600000000.0,
    "net_creation_limit": null,
    "net_redemption_limit": null,
    "creation_limit_per_account": null,
    "redemption_limit_per_account": null,
    "net_creation_limit_per_account": null,
    "net_redemption_limit_per_account": null,
    "source": "sse.COMMON_SSE_CP_JJLB_ETFJJGK_GGSGSHQD_JBXX_C",
    "retrieved_at": "2026-08-17T09:30:09.574575+08:00"
  },
  "latest_iopv": {
    "exchange_timestamp": "2026-08-17 13:34:10",
    "trade_date": "2026-08-17",
    "fund_code": "510300",
    "name": "300ETF",
    "extended_name": "沪深300ETF华泰柏瑞",
    "last_price": 4.781,
    "iopv": 4.7844,
    "premium_discount_bps": -7.106429228325162,
    "change_rate_pct": 1.16,
    "change_cny": 0.055,
    "open": 4.73,
    "previous_close": 4.726,
    "high": 4.785,
    "low": 4.725,
    "volume_shares": 482962775.0,
    "amount_cny": 2296036702.0,
    "trade_phase_raw": "T111    ",
    "post_close_volume_shares": 0.0,
    "post_close_amount_cny": 0.0,
    "post_close_phase_raw": "A1      ",
    "product_subtype": "EBS",
    "source": "sse.yunhq.sh1.snap",
    "retrieved_at": "2026-08-17T13:34:10.545798+08:00"
  },
  "account_feasibility": {
    "reference_account_cny": 20000.0,
    "creation_unit_notional_cny": 4302900.0,
    "can_directly_create_or_redeem": false,
    "intended_use": "只用PCF和IOPV观察一级市场吸收状态，在二级市场交易510300"
  },
  "storage": {
    "pcf": {
      "file": "data/raw/primary_market/510300_pcf_daily.parquet",
      "row_count": 3,
      "first_key": "2026-08-13",
      "last_key": "2026-08-17",
      "sha256": "5b07ef24cc244d40afc8eb241ee183f2181026aa2f7b920cc6f9b3813ac40302"
    },
    "iopv": {
      "file": "data/raw/primary_market/510300_iopv_snapshots.parquet",
      "row_count": 154,
      "first_key": "2026-08-13 16:29:06",
      "last_key": "2026-08-17 13:34:10",
      "sha256": "89ae885a4c72c7115afe37f6ce37d8cc1087df4dcd52acd428845376fa7d1416"
    }
  },
  "raw_response_files": [
    "data/raw/primary_market/raw/iopv/20260817/20260817T133408_844517+0800.json"
  ],
  "governance": {
    "use_as_trading_signal": false,
    "automatic_ordering_authorized": false,
    "note": "当前只采集和纸面验证；未通过前向门槛前不得映射实盘仓位。"
  }
}
{
  "status": "PASS",
  "checked_at": "2026-08-17T13:35:12.786421+08:00",
  "collector": {
    "collector_id": "510300_PRIMARY_SECONDARY_FORWARD_V1",
    "symbol": "510300.SH",
    "fund_code": "510300",
    "timezone": "Asia/Shanghai",
    "timeout_seconds": 15,
    "observation_interval_seconds": 60,
    "collection_start_time": "09:30:00",
    "collection_end_time": "15:00:00",
    "collection_sessions": [
      [
        "09:30:00",
        "11:30:00"
      ],
      [
        "13:00:00",
        "15:00:00"
      ]
    ],
    "evidence_scope": "仅从实际接入日起的前向数据，不回填历史IOPV"
  },
  "checks": {
    "same_fund_code": true,
    "same_trade_date": true,
    "iopv_publication_enabled": true,
    "positive_iopv": true,
    "positive_last_price": true,
    "positive_creation_unit": true,
    "snapshot_fresh_during_collection_session": true
  },
  "freshness": {
    "during_collection_session": true,
    "clock_delay_seconds": 0.786421,
    "maximum_allowed_seconds_during_session": 180.0
  },
  "latest_pcf": {
    "trading_day": "2026-08-17",
    "previous_trading_day": "2026-08-14",
    "fund_code": "510300",
    "fund_name": "华泰柏瑞沪深300交易型开放式指数证券投资基金",
    "fund_company": "华泰柏瑞基金管理有限公司",
    "file_id": "1463187",
    "etf_type": "8",
    "nav": 4.7282,
    "nav_per_creation_unit": 4255390.17,
    "previous_cash_component": 105384.17,
    "estimated_cash_component": 107458.17,
    "maximum_cash_ratio": 0.5,
    "creation_redemption_unit": 900000,
    "component_count": 300,
    "publish_iopv": true,
    "creation_redemption_status": "申购和赎回皆允许",
    "creation_redemption_mechanism": "1",
    "creation_limit": null,
    "redemption_limit": 3600000000.0,
    "net_creation_limit": null,
    "net_redemption_limit": null,
    "creation_limit_per_account": null,
    "redemption_limit_per_account": null,
    "net_creation_limit_per_account": null,
    "net_redemption_limit_per_account": null,
    "source": "sse.COMMON_SSE_CP_JJLB_ETFJJGK_GGSGSHQD_JBXX_C",
    "retrieved_at": "2026-08-17T09:30:09.574575+08:00"
  },
  "latest_iopv": {
    "exchange_timestamp": "2026-08-17 13:35:12",
    "trade_date": "2026-08-17",
    "fund_code": "510300",
    "name": "300ETF",
    "extended_name": "沪深300ETF华泰柏瑞",
    "last_price": 4.782,
    "iopv": 4.7856,
    "premium_discount_bps": -7.522567703108773,
    "change_rate_pct": 1.18,
    "change_cny": 0.056,
    "open": 4.73,
    "previous_close": 4.726,
    "high": 4.785,
    "low": 4.725,
    "volume_shares": 486390675.0,
    "amount_cny": 2312427356.0,
    "trade_phase_raw": "T111    ",
    "post_close_volume_shares": 0.0,
    "post_close_amount_cny": 0.0,
    "post_close_phase_raw": "A1      ",
    "product_subtype": "EBS",
    "source": "sse.yunhq.sh1.snap",
    "retrieved_at": "2026-08-17T13:35:12.725174+08:00"
  },
  "account_feasibility": {
    "reference_account_cny": 20000.0,
    "creation_unit_notional_cny": 4303800.0,
    "can_directly_create_or_redeem": false,
    "intended_use": "只用PCF和IOPV观察一级市场吸收状态，在二级市场交易510300"
  },
  "storage": {
    "pcf": {
      "file": "data/raw/primary_market/510300_pcf_daily.parquet",
      "row_count": 3,
      "first_key": "2026-08-13",
      "last_key": "2026-08-17",
      "sha256": "5b07ef24cc244d40afc8eb241ee183f2181026aa2f7b920cc6f9b3813ac40302"
    },
    "iopv": {
      "file": "data/raw/primary_market/510300_iopv_snapshots.parquet",
      "row_count": 155,
      "first_key": "2026-08-13 16:29:06",
      "last_key": "2026-08-17 13:35:12",
      "sha256": "7350eff6729dd93e2d94d849a1c0020073b70c185106f6aeaece649e39d89aa5"
    }
  },
  "raw_response_files": [
    "data/raw/primary_market/raw/iopv/20260817/20260817T133510_593491+0800.json"
  ],
  "governance": {
    "use_as_trading_signal": false,
    "automatic_ordering_authorized": false,
    "note": "当前只采集和纸面验证；未通过前向门槛前不得映射实盘仓位。"
  }
}
{
  "status": "PASS",
  "checked_at": "2026-08-17T13:37:40.414476+08:00",
  "collector": {
    "collector_id": "510300_PRIMARY_SECONDARY_FORWARD_V1",
    "symbol": "510300.SH",
    "fund_code": "510300",
    "timezone": "Asia/Shanghai",
    "timeout_seconds": 15,
    "observation_interval_seconds": 60,
    "collection_start_time": "09:30:00",
    "collection_end_time": "15:00:00",
    "collection_sessions": [
      [
        "09:30:00",
        "11:30:00"
      ],
      [
        "13:00:00",
        "15:00:00"
      ]
    ],
    "evidence_scope": "仅从实际接入日起的前向数据，不回填历史IOPV"
  },
  "checks": {
    "same_fund_code": true,
    "same_trade_date": true,
    "iopv_publication_enabled": true,
    "positive_iopv": true,
    "positive_last_price": true,
    "positive_creation_unit": true,
    "snapshot_fresh_during_collection_session": true
  },
  "freshness": {
    "during_collection_session": true,
    "clock_delay_seconds": 0.414476,
    "maximum_allowed_seconds_during_session": 180.0
  },
  "latest_pcf": {
    "trading_day": "2026-08-17",
    "previous_trading_day": "2026-08-14",
    "fund_code": "510300",
    "fund_name": "华泰柏瑞沪深300交易型开放式指数证券投资基金",
    "fund_company": "华泰柏瑞基金管理有限公司",
    "file_id": "1463187",
    "etf_type": "8",
    "nav": 4.7282,
    "nav_per_creation_unit": 4255390.17,
    "previous_cash_component": 105384.17,
    "estimated_cash_component": 107458.17,
    "maximum_cash_ratio": 0.5,
    "creation_redemption_unit": 900000,
    "component_count": 300,
    "publish_iopv": true,
    "creation_redemption_status": "申购和赎回皆允许",
    "creation_redemption_mechanism": "1",
    "creation_limit": null,
    "redemption_limit": 3600000000.0,
    "net_creation_limit": null,
    "net_redemption_limit": null,
    "creation_limit_per_account": null,
    "redemption_limit_per_account": null,
    "net_creation_limit_per_account": null,
    "net_redemption_limit_per_account": null,
    "source": "sse.COMMON_SSE_CP_JJLB_ETFJJGK_GGSGSHQD_JBXX_C",
    "retrieved_at": "2026-08-17T09:30:09.574575+08:00"
  },
  "latest_iopv": {
    "exchange_timestamp": "2026-08-17 13:37:40",
    "trade_date": "2026-08-17",
    "fund_code": "510300",
    "name": "300ETF",
    "extended_name": "沪深300ETF华泰柏瑞",
    "last_price": 4.783,
    "iopv": 4.7862,
    "premium_discount_bps": -6.685888596380529,
    "change_rate_pct": 1.21,
    "change_cny": 0.057,
    "open": 4.73,
    "previous_close": 4.726,
    "high": 4.785,
    "low": 4.725,
    "volume_shares": 495040775.0,
    "amount_cny": 2353806913.0,
    "trade_phase_raw": "T111    ",
    "post_close_volume_shares": 0.0,
    "post_close_amount_cny": 0.0,
    "post_close_phase_raw": "A1      ",
    "product_subtype": "EBS",
    "source": "sse.yunhq.sh1.snap",
    "retrieved_at": "2026-08-17T13:37:40.277921+08:00"
  },
  "account_feasibility": {
    "reference_account_cny": 20000.0,
    "creation_unit_notional_cny": 4304700.0,
    "can_directly_create_or_redeem": false,
    "intended_use": "只用PCF和IOPV观察一级市场吸收状态，在二级市场交易510300"
  },
  "storage": {
    "pcf": {
      "file": "data/raw/primary_market/510300_pcf_daily.parquet",
      "row_count": 3,
      "first_key": "2026-08-13",
      "last_key": "2026-08-17",
      "sha256": "5b07ef24cc244d40afc8eb241ee183f2181026aa2f7b920cc6f9b3813ac40302"
    },
    "iopv": {
      "file": "data/raw/primary_market/510300_iopv_snapshots.parquet",
      "row_count": 156,
      "first_key": "2026-08-13 16:29:06",
      "last_key": "2026-08-17 13:37:40",
      "sha256": "981cdcc3691dbb03217de9246eb34d12094477be5ce4ff4051e4f6b2edf956c4"
    }
  },
  "raw_response_files": [
    "data/raw/primary_market/raw/iopv/20260817/20260817T133736_821451+0800.json"
  ],
  "governance": {
    "use_as_trading_signal": false,
    "automatic_ordering_authorized": false,
    "note": "当前只采集和纸面验证；未通过前向门槛前不得映射实盘仓位。"
  }
}
