cycle_id,source,event_id,entry_origin,entry_date,entry_idx,entry_raw,entry_price,entry_quantity,entry_equity,buy_debit,entry_fee,sell_net_cny,sell_fees,dividend_cny,exit_date,status,stop_index,entry_stop_index,trailing_structural_stop,target_index,entry_net_reward_risk,exit_idx,exit_reason,holding_sessions,net_pnl,net_return,period,cost,entry_known_date,entry_known_origin_index,entry_known_known_cash_adjusted_close,entry_known_structure_known,entry_known_structure_status,entry_known_structure_active,entry_known_old_rising_structure_onset,entry_known_old_rising_structure_rule_exit,entry_known_confirmed_sequence_length,entry_known_confirmed_low_today,entry_known_confirmed_high_today,entry_known_pivot_update_action,entry_known_two_highs_rising,entry_known_two_lows_rising,entry_known_latest_confirmed_low_price,entry_known_H1_index,entry_known_H1_confirmation_index,entry_known_H1_date,entry_known_H1_confirmation_date,entry_known_H1_price,entry_known_H2_index,entry_known_H2_confirmation_index,entry_known_H2_date,entry_known_H2_confirmation_date,entry_known_H2_price,entry_known_L1_index,entry_known_L1_confirmation_index,entry_known_L1_date,entry_known_L1_confirmation_date,entry_known_L1_price,entry_known_L2_index,entry_known_L2_confirmation_index,entry_known_L2_date,entry_known_L2_confirmation_date,entry_known_L2_price,entry_known_break_status,entry_known_prior_and_current_known,entry_known_prior_complete_downtrend,entry_known_break_candidate,entry_known_break_event,entry_known_break_anchor_id,entry_known_anchor_consumed_before_today,entry_known_initial_broken_high_stop,entry_known_previous_cash_adjusted_close,entry_known_consumed_anchor_count,entry_known_prior_H1_index,entry_known_prior_H1_confirmation_index,entry_known_prior_H1_date,entry_known_prior_H1_confirmation_date,entry_known_prior_H1_price,entry_known_prior_H2_index,entry_known_prior_H2_confirmation_index,entry_known_prior_H2_date,entry_known_prior_H2_confirmation_date,entry_known_prior_H2_price,entry_known_prior_L1_index,entry_known_prior_L1_confirmation_index,entry_known_prior_L1_date,entry_known_prior_L1_confirmation_date,entry_known_prior_L1_price,entry_known_prior_L2_index,entry_known_prior_L2_confirmation_index,entry_known_prior_L2_date,entry_known_prior_L2_confirmation_date,entry_known_prior_L2_price,entry_known_close,entry_known_cash_shift,entry_known_ema20,entry_known_daily_dif,entry_known_daily_hist,entry_known_weekly_hist,entry_known_weekly_last_date,entry_known_relative_volume,entry_known_up_volume_balance5,entry_known_rv_ratio,entry_known_breakout20,entry_known_A_shares,entry_known_A_exposure,entry_known_A_known_target,final_exit_raw,final_exit_fill
1,DOWNTREND_BREAK,FIRST_CONFIRMED_DOWNTREND_BREAK_661,2015-02-12,2015-02-13,662,3.443,3.4450000000000003,25500,200000.0,87865.0695,17.5695,109517.52897999999,100.87102,0.0,2015-05-06,COMPLETE,3.539,3.539,4.803999999999999,,,713.0,DOWNTREND_BREAK_STRUCTURAL_STOP_FAILED_CLOSE,51.0,21652.45947999999,0.24642852504657714,2015_2019,BASE,2015-02-12,661,3.551,True,NONRISING_CONFIRMED_STRUCTURE,False,False,True,137,False,False,NO_NEW_PIVOT,False,False,3.41,648,650,2015-01-26,2015-01-28,3.71,654,656,2015-02-03,2015-02-05,3.539,653,655,2015-02-02,2015-02-04,3.46,657,659,2015-02-06,2015-02-10,3.41,NEW_BROKEN_DOWNTREND_EVENT,True,True,True,True,H_654_C_656,False,3.539,3.537,12,648,650,2015-01-26,2015-01-28,3.71,654,656,2015-02-03,2015-02-05,3.539,653,655,2015-02-02,2015-02-04,3.46,657,659,2015-02-06,2015-02-10,3.41,3.435,0.116,3.535111949009481,-0.0026089528426092023,-0.02865918368261084,0.0581583293310487,2015-02-06,0.6427687666319697,0.5519469925491631,2.8103609780887986,False,12000,0.21449762946898843,0.21918469626288717,4.59,4.587
2,DOWNTREND_BREAK,FIRST_CONFIRMED_DOWNTREND_BREAK_723,2015-05-20,2015-05-21,724,4.745,4.748,19500,221652.45948000005,92604.5172,18.517200000000003,99336.22111999999,21.87888,0.0,2015-06-16,COMPLETE,4.845,4.845,5.374,,,742.0,DOWNTREND_BREAK_STRUCTURAL_STOP_FAILED_CLOSE,18.0,6731.703919999985,0.07269304050753136,2015_2019,BASE,2015-05-20,723,4.848999999999999,True,NONRISING_CONFIRMED_STRUCTURE,False,False,True,149,True,False,APPENDED_ALTERNATING,False,True,4.67,707,709,2015-04-27,2015-04-29,4.901,717,719,2015-05-12,2015-05-14,4.845,714,716,2015-05-07,2015-05-11,4.5729999999999995,721,723,2015-05-18,2015-05-20,4.67,NEW_BROKEN_DOWNTREND_EVENT,True,True,True,True,H_717_C_719,False,4.845,4.827,13,707,709,2015-04-27,2015-04-29,4.901,717,719,2015-05-12,2015-05-14,4.845,706,708,2015-04-24,2015-04-28,4.803999999999999,714,716,2015-05-07,2015-05-11,4.5729999999999995,4.733,0.116,4.718109977663414,0.09401795792422707,-0.04515587523239009,0.1107949367343245,2015-05-15,2.123050808552519,0.24444366849908236,1.666620578806561,False,0,0.0,0.0,5.149,5.146
3,DOWNTREND_BREAK,FIRST_CONFIRMED_DOWNTREND_BREAK_780,2015-08-10,2015-08-11,781,4.135,4.138,9700,228384.16340000005,40146.62772,8.02772,36784.74158,7.35842,0.0,2015-08-19,COMPLETE,4.1209999999999996,4.1209999999999996,4.173,,,787.0,DOWNTREND_BREAK_STRUCTURAL_STOP_FAILED_CLOSE,6.0,-3361.886139999995,-0.08374018768020187,2015_2019,BASE,2015-08-10,780,4.263999999999999,True,NONRISING_CONFIRMED_STRUCTURE,False,False,True,163,True,False,APPENDED_ALTERNATING,False,True,3.9890000000000003,768,770,2015-07-23,2015-07-27,4.4239999999999995,776,778,2015-08-04,2015-08-06,4.1209999999999996,770,772,2015-07-27,2015-07-29,3.919,778,780,2015-08-06,2015-08-10,3.9890000000000003,NEW_BROKEN_DOWNTREND_EVENT,True,True,True,True,H_776_C_778,False,4.1209999999999996,4.069,15,768,770,2015-07-23,2015-07-27,4.4239999999999995,776,778,2015-08-04,2015-08-06,4.1209999999999996,762,764,2015-07-15,2015-07-17,4.061,770,772,2015-07-27,2015-07-29,3.919,4.148,0.116,4.1512405032758,-0.09662141409808722,0.06342893039221742,-0.3007168313225804,2015-08-07,0.7756842991110658,0.34277958733165925,2.3575482874764817,False,0,0.0,0.0,3.795,3.793
4,DOWNTREND_BREAK,FIRST_CONFIRMED_DOWNTREND_BREAK_903,2016-02-16,2016-02-17,904,3.023,3.025,18700,225022.27726000006,56578.8135,11.313500000000001,54667.864239999995,10.93576,0.0,2016-02-26,COMPLETE,3.1519999999999997,3.1519999999999997,3.2079999999999997,,,911.0,DOWNTREND_BREAK_STRUCTURAL_STOP_FAILED_CLOSE,7.0,-1910.9492600000012,-0.03377499706670239,2015_2019,BASE,2016-02-16,903,3.1889999999999996,True,NONRISING_CONFIRMED_STRUCTURE,False,False,True,200,False,False,NO_NEW_PIVOT,False,False,3.016,892,894,2016-01-25,2016-01-27,3.287,900,902,2016-02-04,2016-02-15,3.1519999999999997,890,892,2016-01-21,2016-01-25,3.2449999999999997,895,897,2016-01-28,2016-02-01,3.016,NEW_BROKEN_DOWNTREND_EVENT,True,True,True,True,H_900_C_902,False,3.1519999999999997,3.106,18,892,894,2016-01-25,2016-01-27,3.287,900,902,2016-02-04,2016-02-15,3.1519999999999997,890,892,2016-01-21,2016-01-25,3.2449999999999997,895,897,2016-01-28,2016-02-01,3.016,3.022,0.167,3.234799795428877,-0.12924515710714823,0.04337196019943679,-0.13813368926699005,2016-02-05,1.0266312079139213,-0.139499944750009,1.022897957577384,False,0,0.0,0.0,2.926,2.924
5,DOWNTREND_BREAK,FIRST_CONFIRMED_DOWNTREND_BREAK_956,2016-05-03,2016-05-04,957,3.198,3.2,22900,223111.32800000007,73294.656,14.656,71387.91956,14.28044,0.0,2016-05-09,COMPLETE,3.34,3.34,3.34,,,960.0,DOWNTREND_BREAK_STRUCTURAL_STOP_FAILED_CLOSE,3.0,-1906.7364400000079,-0.02601467206558699,2015_2019,BASE,2016-05-03,956,3.38,True,NONRISING_CONFIRMED_STRUCTURE,False,False,True,214,False,False,NO_NEW_PIVOT,False,False,3.3179999999999996,945,947,2016-04-15,2016-04-19,3.4309999999999996,952,954,2016-04-26,2016-04-28,3.34,940,942,2016-04-08,2016-04-12,3.344,949,951,2016-04-21,2016-04-25,3.3179999999999996,NEW_BROKEN_DOWNTREND_EVENT,True,True,True,True,H_952_C_954,False,3.34,3.319,19,945,947,2016-04-15,2016-04-19,3.4309999999999996,952,954,2016-04-26,2016-04-28,3.34,940,942,2016-04-08,2016-04-12,3.344,949,951,2016-04-21,2016-04-25,3.3179999999999996,3.213,0.167,3.3484231449112856,0.0027801256898682958,-0.013355939111430341,0.05148420759977801,2016-04-29,0.9541772287214594,-0.050347619942071584,0.4135330629630448,False,27200,0.4109955516311709,0.6992468731723283,3.12,3.118
6,DOWNTREND_BREAK,FIRST_CONFIRMED_DOWNTREND_BREAK_976,2016-05-31,2016-06-01,977,3.17,3.172,20200,221204.5915600001,64087.21488,12.81488,61864.58674,17.31326,0.0,2016-06-14,COMPLETE,3.246,3.246,3.246,,,984.0,DOWNTREND_BREAK_STRUCTURAL_STOP_FAILED_CLOSE,7.0,-2222.6281400000007,-0.034681303348284946,2015_2019,BASE,2016-05-31,976,3.336,True,NONRISING_CONFIRMED_STRUCTURE,False,False,True,220,False,False,NO_NEW_PIVOT,False,False,3.2209999999999996,965,967,2016-05-16,2016-05-18,3.252,970,972,2016-05-23,2016-05-25,3.246,961,963,2016-05-10,2016-05-12,3.2279999999999998,968,970,2016-05-19,2016-05-23,3.2209999999999996,NEW_BROKEN_DOWNTREND_EVENT,True,True,True,True,H_970_C_972,False,3.246,3.2289999999999996,20,965,967,2016-05-16,2016-05-18,3.252,970,972,2016-05-23,2016-05-25,3.246,961,963,2016-05-10,2016-05-12,3.2279999999999998,968,970,2016-05-19,2016-05-23,3.2209999999999996,3.169,0.167,3.2633805963992435,-0.016734743348070236,0.015668333541005643,0.027458885909058595,2016-05-27,4.400131881190118,0.6499702305174366,0.4987690822745232,False,24000,0.360350119883457,0.5772164748195276,3.065,3.063
7,DOWNTREND_BREAK,FIRST_CONFIRMED_DOWNTREND_BREAK_1044,2016-09-06,2016-09-07,1045,3.407,3.4090000000000003,15700,218981.9634200001,53532.00426,10.704260000000001,52396.11868,10.48132,0.0,2016-09-12,COMPLETE,3.5559999999999996,3.5559999999999996,3.5559999999999996,,,1048.0,DOWNTREND_BREAK_STRUCTURAL_STOP_FAILED_CLOSE,3.0,-1135.885580000002,-0.021218812852272645,2015_2019,BASE,2016-09-06,1044,3.5709999999999997,True,NONRISING_CONFIRMED_STRUCTURE,False,False,True,235,False,False,NO_NEW_PIVOT,False,False,3.52,1028,1030,2016-08-15,2016-08-17,3.614,1040,1042,2016-08-31,2016-09-02,3.5559999999999996,1038,1040,2016-08-29,2016-08-31,3.528,1041,1043,2016-09-01,2016-09-05,3.52,NEW_BROKEN_DOWNTREND_EVENT,True,True,True,True,H_1040_C_1042,False,3.5559999999999996,3.542,21,1028,1030,2016-08-15,2016-08-17,3.614,1040,1042,2016-08-31,2016-09-02,3.5559999999999996,1038,1040,2016-08-29,2016-08-31,3.528,1041,1043,2016-09-01,2016-09-05,3.52,3.404,0.167,3.5318089471645293,0.022725816127240783,-0.010388545620919822,0.07202685479578427,2016-09-02,1.130630347281316,0.6947917188941641,0.5092658069334212,False,0,0.0,0.7214865228474336,3.34,3.338
8,DOWNTREND_BREAK,FIRST_CONFIRMED_DOWNTREND_BREAK_1061,2016-10-10,2016-10-11,1062,3.362,3.364,14300,217846.0778400001,48114.821039999995,9.62104,47709.55618000001,9.543820000000002,0.0,2016-10-18,COMPLETE,3.516,3.516,3.516,,,1067.0,DOWNTREND_BREAK_STRUCTURAL_STOP_FAILED_CLOSE,5.0,-405.2648599999884,-0.008422869528353305,2015_2019,BASE,2016-10-10,1061,3.5269999999999997,True,NONRISING_CONFIRMED_STRUCTURE,False,False,True,239,False,False,NO_NEW_PIVOT,False,False,3.452,1045,1047,2016-09-07,2016-09-09,3.573,1054,1056,2016-09-22,2016-09-26,3.516,1050,1052,2016-09-14,2016-09-20,3.464,1056,1058,2016-09-26,2016-09-28,3.452,NEW_BROKEN_DOWNTREND_EVENT,True,True,True,True,H_1054_C_1056,False,3.516,3.489,22,1045,1047,2016-09-07,2016-09-09,3.573,1054,1056,2016-09-22,2016-09-26,3.516,1050,1052,2016-09-14,2016-09-20,3.464,1056,1058,2016-09-26,2016-09-28,3.452,3.36,0.167,3.5001850428054304,-0.006564024741865904,-0.0014149297099309444,0.03074988823100809,2016-09-30,1.566027373679431,0.8225302143747752,0.6023831517113166,False,0,0.0,0.0,3.339,3.337
9,DOWNTREND_BREAK,FIRST_CONFIRMED_DOWNTREND_BREAK_1122,2017-01-04,2017-01-05,1123,3.425,3.427,13400,217440.8129800001,45930.98436,9.184360000000002,45333.298559999996,14.00144,0.0,2017-01-12,COMPLETE,3.5639999999999996,3.5639999999999996,3.5749999999999997,,,1128.0,DOWNTREND_BREAK_STRUCTURAL_STOP_FAILED_CLOSE,5.0,-597.6858000000066,-0.013012693029076778,2015_2019,BASE,2017-01-04,1122,3.593,True,NONRISING_CONFIRMED_STRUCTURE,False,False,True,253,False,False,NO_NEW_PIVOT,False,False,3.52,1105,1107,2016-12-09,2016-12-13,3.7239999999999998,1113,1115,2016-12-21,2016-12-23,3.5639999999999996,1112,1114,2016-12-20,2016-12-22,3.5269999999999997,1118,1120,2016-12-28,2016-12-30,3.52,NEW_BROKEN_DOWNTREND_EVENT,True,True,True,True,H_1113_C_1115,False,3.5639999999999996,3.5629999999999997,23,1105,1107,2016-12-09,2016-12-13,3.7239999999999998,1113,1115,2016-12-21,2016-12-23,3.5639999999999996,1112,1114,2016-12-20,2016-12-22,3.5269999999999997,1118,1120,2016-12-28,2016-12-30,3.52,3.426,0.167,3.579736595828944,-0.028208715504872917,0.002730580191849123,-0.018861918366963895,2016-12-30,1.0103202442517485,0.5846899451171322,0.8821721518925006,False,0,0.0,0.0,3.386,3.384
10,DOWNTREND_BREAK,FIRST_CONFIRMED_DOWNTREND_BREAK_1137,2017-01-25,2017-01-26,1138,3.373,3.375,12800,216843.1271800001,43208.64,8.64,42961.00608000001,8.593920000000002,0.0,2017-02-08,COMPLETE,3.5869999999999997,3.5869999999999997,3.5869999999999997,,,1142.0,DOWNTREND_BREAK_STRUCTURAL_STOP_FAILED_CLOSE,4.0,-247.63391999999294,-0.005731120442577987,2015_2019,BASE,2017-01-25,1137,3.595,True,NONRISING_CONFIRMED_STRUCTURE,False,False,True,257,False,False,NO_NEW_PIVOT,False,False,3.536,1122,1124,2017-01-04,2017-01-06,3.593,1125,1127,2017-01-09,2017-01-11,3.5869999999999997,1124,1126,2017-01-06,2017-01-10,3.5749999999999997,1128,1130,2017-01-12,2017-01-16,3.536,NEW_BROKEN_DOWNTREND_EVENT,True,True,True,True,H_1125_C_1127,False,3.5869999999999997,3.585,24,1122,1124,2017-01-04,2017-01-06,3.593,1125,1127,2017-01-09,2017-01-11,3.5869999999999997,1124,1126,2017-01-06,2017-01-10,3.5749999999999997,1128,1130,2017-01-12,2017-01-16,3.536,3.373,0.222,3.571544006850691,-0.004073915602562206,0.015559768456256794,-0.02677590256647877,2017-01-20,0.6924810685071776,0.6499952900963546,0.5523943647146752,True,0,0.0,0.0,3.359,3.357
11,DOWNTREND_BREAK,FIRST_CONFIRMED_DOWNTREND_BREAK_1305,2017-10-09,2017-10-10,1306,3.94,3.942,10700,216595.49326000013,42187.83588,8.435880000000001,43625.873080000005,8.726920000000002,0.0,2017-11-28,COMPLETE,4.127,4.127,4.348000000000001,,,1341.0,DOWNTREND_BREAK_STRUCTURAL_STOP_FAILED_CLOSE,35.0,1438.0372000000061,0.03408653632033628,2015_2019,BASE,2017-10-09,1305,4.165,True,NONRISING_CONFIRMED_STRUCTURE,False,False,True,295,False,False,NO_NEW_PIVOT,False,False,4.1000000000000005,1295,1297,2017-09-18,2017-09-20,4.133,1298,1300,2017-09-21,2017-09-25,4.127,1296,1298,2017-09-19,2017-09-21,4.1080000000000005,1300,1302,2017-09-25,2017-09-27,4.1000000000000005,NEW_BROKEN_DOWNTREND_EVENT,True,True,True,True,H_1298_C_1300,False,4.127,4.1240000000000006,26,1295,1297,2017-09-18,2017-09-20,4.133,1298,1300,2017-09-21,2017-09-25,4.127,1296,1298,2017-09-19,2017-09-21,4.1080000000000005,1300,1302,2017-09-25,2017-09-27,4.1000000000000005,3.943,0.222,4.111707720358834,0.01824337532358644,-0.004048772443857013,0.021783902608139144,2017-09-29,2.2795069543851967,1.0,0.578681420517102,True,0,0.0,0.0,4.081,4.078
12,DOWNTREND_BREAK,FIRST_CONFIRMED_DOWNTREND_BREAK_1350,2017-12-11,2017-12-12,1351,4.124,4.127,11800,218033.53046000015,48708.339719999996,9.73972,47898.41840000001,9.581600000000002,0.0,2017-12-13,COMPLETE,4.321000000000001,4.321000000000001,4.321000000000001,,,1352.0,DOWNTREND_BREAK_STRUCTURAL_STOP_FAILED_CLOSE,1.0,-809.9213199999867,-0.01662798043735059,2015_2019,BASE,2017-12-11,1350,4.3500000000000005,True,NONRISING_CONFIRMED_STRUCTURE,False,False,True,307,True,False,APPENDED_ALTERNATING,False,False,4.244000000000001,1336,1338,2017-11-21,2017-11-23,4.508,1346,1348,2017-12-05,2017-12-07,4.321000000000001,1343,1345,2017-11-30,2017-12-04,4.276000000000001,1348,1350,2017-12-07,2017-12-11,4.244000000000001,NEW_BROKEN_DOWNTREND_EVENT,True,True,True,True,H_1346_C_1348,False,4.321000000000001,4.283,27,1336,1338,2017-11-21,2017-11-23,4.508,1346,1348,2017-12-05,2017-12-07,4.321000000000001,1332,1334,2017-11-15,2017-11-17,4.348000000000001,1343,1345,2017-11-30,2017-12-04,4.276000000000001,4.128,0.222,4.320818186235734,-0.0026850230550641285,-0.021835526694194536,0.000914024445335393,2017-12-08,0.7314855043277441,0.1951560638049686,1.8609564245142667,False,0,0.0,0.5417721536852698,4.063,4.0600000000000005
13,DOWNTREND_BREAK,FIRST_CONFIRMED_DOWNTREND_BREAK_1428,2018-04-10,2018-04-11,1429,3.938,3.94,11400,217223.6091400002,44924.9832,8.9832,44599.278360000004,8.921640000000002,0.0,2018-04-13,COMPLETE,4.179,4.179,4.179,,,1431.0,DOWNTREND_BREAK_STRUCTURAL_STOP_FAILED_CLOSE,2.0,-325.7048399999985,-0.007249971325531814,2015_2019,BASE,2018-04-10,1428,4.196,True,NONRISING_CONFIRMED_STRUCTURE,False,False,True,319,True,False,IGNORED_SAME_KIND_LESS_EXTREME,False,False,4.1,1409,1411,2018-03-12,2018-03-14,4.391,1420,1422,2018-03-27,2018-03-29,4.179,1413,1415,2018-03-16,2018-03-20,4.318,1421,1423,2018-03-28,2018-03-30,4.1,NEW_BROKEN_DOWNTREND_EVENT,True,True,True,True,H_1420_C_1422,False,4.179,4.121,28,1409,1411,2018-03-12,2018-03-14,4.391,1420,1422,2018-03-27,2018-03-29,4.179,1413,1415,2018-03-16,2018-03-20,4.318,1421,1423,2018-03-28,2018-03-30,4.1,3.928,0.268,4.210233841941941,-0.05475411326484814,-0.0049930895690194765,-0.09468077236897224,2018-04-04,1.2725687637599,-0.20452906811779467,1.6039746381511941,False,0,0.0,0.0,3.915,3.9130000000000003
14,DOWNTREND_BREAK,FIRST_CONFIRMED_DOWNTREND_BREAK_1438,2018-04-24,2018-04-25,1439,3.829,3.831,11300,216897.90430000017,43298.958060000004,8.65806,42524.693360000005,8.50664,0.0,2018-04-27,COMPLETE,4.077,4.077,4.077,,,1441.0,DOWNTREND_BREAK_STRUCTURAL_STOP_FAILED_CLOSE,2.0,-774.2646999999997,-0.01788183214309891,2015_2019,BASE,2018-04-24,1438,4.113,True,NONRISING_CONFIRMED_STRUCTURE,False,False,True,323,True,False,APPENDED_ALTERNATING,False,True,4.018,1429,1431,2018-04-11,2018-04-13,4.201,1435,1437,2018-04-19,2018-04-23,4.077,1433,1435,2018-04-17,2018-04-19,4.016,1436,1438,2018-04-20,2018-04-24,4.018,NEW_BROKEN_DOWNTREND_EVENT,True,True,True,True,H_1435_C_1437,False,4.077,4.034,29,1429,1431,2018-04-11,2018-04-13,4.201,1435,1437,2018-04-19,2018-04-23,4.077,1421,1423,2018-03-28,2018-03-30,4.1,1433,1435,2018-04-17,2018-04-19,4.016,3.845,0.268,4.124925120568296,-0.05769197125441128,0.001674937842533697,-0.10428887229044735,2018-04-20,1.2853298265318733,0.6082796334518807,1.6464758926778797,False,0,0.0,0.0,3.766,3.7640000000000002
15,DOWNTREND_BREAK,FIRST_CONFIRMED_DOWNTREND_BREAK_1524,2018-08-27,2018-08-28,1525,3.474,3.476,11400,216123.63960000017,39634.325280000005,7.925280000000001,39401.91804,7.881959999999999,0.0,2018-08-29,COMPLETE,3.732,3.732,3.732,,,1526.0,DOWNTREND_BREAK_STRUCTURAL_STOP_FAILED_CLOSE,1.0,-232.40724000000773,-0.005863786966427392,2015_2019,BASE,2018-08-27,1524,3.7409999999999997,True,NONRISING_CONFIRMED_STRUCTURE,False,False,True,339,False,False,NO_NEW_PIVOT,False,False,3.5549999999999997,1500,1502,2018-07-24,2018-07-26,3.907,1513,1515,2018-08-10,2018-08-14,3.732,1509,1511,2018-08-06,2018-08-08,3.6020000000000003,1518,1520,2018-08-17,2018-08-21,3.5549999999999997,NEW_BROKEN_DOWNTREND_EVENT,True,True,True,True,H_1513_C_1515,False,3.732,3.6559999999999997,31,1500,1502,2018-07-24,2018-07-26,3.907,1513,1515,2018-08-10,2018-08-14,3.732,1509,1511,2018-08-06,2018-08-08,3.6020000000000003,1518,1520,2018-08-17,2018-08-21,3.5549999999999997,3.473,0.268,3.6841767656917073,-0.03318368198915156,0.02175103208465831,-0.057564369389413395,2018-08-24,1.1186969311407196,0.7717169996717246,1.519588354042727,False,0,0.0,0.0,3.459,3.457
16,DOWNTREND_BREAK,FIRST_CONFIRMED_DOWNTREND_BREAK_1620,2019-01-18,2019-01-21,1621,3.166,3.168,12100,215891.23236000017,38340.46656,7.666560000000001,44097.864760000004,18.635240000000003,0.0,2019-03-11,COMPLETE,3.4560000000000004,3.4560000000000004,3.9899999999999998,,,1651.0,DOWNTREND_BREAK_STRUCTURAL_STOP_FAILED_CLOSE,30.0,5757.398200000003,0.15016505318186726,2015_2019,BASE,2019-01-18,1620,3.493,True,NONRISING_CONFIRMED_STRUCTURE,False,False,True,354,False,False,NO_NEW_PIVOT,False,False,3.3970000000000002,1596,1598,2018-12-13,2018-12-17,3.5519999999999996,1617,1619,2019-01-15,2019-01-17,3.4560000000000004,1593,1595,2018-12-10,2018-12-12,3.473,1616,1618,2019-01-14,2019-01-16,3.3970000000000002,NEW_BROKEN_DOWNTREND_EVENT,True,True,True,True,H_1617_C_1619,False,3.4560000000000004,3.439,32,1596,1598,2018-12-13,2018-12-17,3.5519999999999996,1617,1619,2019-01-15,2019-01-17,3.4560000000000004,1593,1595,2018-12-10,2018-12-12,3.473,1616,1618,2019-01-14,2019-01-16,3.3970000000000002,3.166,0.327,3.417174278292703,0.0008786989091884578,0.03880879408128,0.003061732217766844,2019-01-11,1.3912129374594666,0.21794844075130027,0.8043945964291427,True,0,0.0,0.0,3.661,3.6590000000000003
17,DOWNTREND_BREAK,FIRST_CONFIRMED_DOWNTREND_BREAK_1656,2019-03-18,2019-03-19,1657,3.852,3.854,17300,221648.6305600002,66687.53484,13.33484,64816.13852,17.66148,0.0,2019-03-26,COMPLETE,4.062,4.062,4.062,,,1662.0,DOWNTREND_BREAK_STRUCTURAL_STOP_FAILED_CLOSE,5.0,-1871.3963199999926,-0.028062160709492988,2015_2019,BASE,2019-03-18,1656,4.1770000000000005,True,NONRISING_CONFIRMED_STRUCTURE,False,False,True,363,True,False,APPENDED_ALTERNATING,False,True,4.013,1648,1650,2019-03-06,2019-03-08,4.162,1652,1654,2019-03-12,2019-03-14,4.062,1650,1652,2019-03-08,2019-03-12,3.988,1654,1656,2019-03-14,2019-03-18,4.013,NEW_BROKEN_DOWNTREND_EVENT,True,True,True,True,H_1652_C_1654,False,4.062,4.062,33,1648,1650,2019-03-06,2019-03-08,4.162,1652,1654,2019-03-12,2019-03-14,4.062,1644,1646,2019-02-28,2019-03-04,3.9899999999999998,1650,1652,2019-03-08,2019-03-12,3.988,3.85,0.327,3.9861058779224305,0.11185818111663748,-0.02202857445320683,0.17604233607363043,2019-03-15,0.9745984400079294,0.2757860565157646,1.686174265233628,True,0,0.0,0.0,3.748,3.746
18,DOWNTREND_BREAK,FIRST_CONFIRMED_DOWNTREND_BREAK_1695,2019-05-16,2019-05-17,1696,3.73,3.732,15400,219777.2342400002,57484.29456,11.494560000000002,55921.61344,11.186560000000002,0.0,2019-05-20,COMPLETE,4.047000000000001,4.047000000000001,4.047000000000001,,,1697.0,DOWNTREND_BREAK_STRUCTURAL_STOP_FAILED_CLOSE,1.0,-1562.681120000001,-0.027184488075589618,2015_2019,BASE,2019-05-16,1695,4.057,True,NONRISING_CONFIRMED_STRUCTURE,False,False,True,373,True,False,APPENDED_ALTERNATING,False,True,3.961,1686,1688,2019-04-30,2019-05-07,4.223,1691,1693,2019-05-10,2019-05-14,4.047000000000001,1690,1692,2019-05-09,2019-05-13,3.934,1693,1695,2019-05-14,2019-05-16,3.961,NEW_BROKEN_DOWNTREND_EVENT,True,True,True,True,H_1691_C_1693,False,4.047000000000001,4.039000000000001,34,1686,1688,2019-04-30,2019-05-07,4.223,1691,1693,2019-05-10,2019-05-14,4.047000000000001,1684,1686,2019-04-26,2019-04-30,4.206,1690,1692,2019-05-09,2019-05-13,3.934,3.73,0.327,4.11755231768522,-0.060181591818158076,-0.04640319676209048,0.05818044551812451,2019-05-10,0.5273065810531508,0.28156562583814043,1.4507187257003167,False,0,0.0,0.0,3.634,3.632
19,DOWNTREND_BREAK,FIRST_CONFIRMED_DOWNTREND_BREAK_1760,2019-08-16,2019-08-19,1761,3.798,3.8000000000000003,13100,218214.55312000017,49789.956,9.956000000000001,50385.620859999995,10.07914,0.0,2019-08-27,COMPLETE,4.083,4.083,4.1690000000000005,,,1767.0,DOWNTREND_BREAK_STRUCTURAL_STOP_FAILED_CLOSE,6.0,595.6648599999971,0.011963554657489498,2015_2019,BASE,2019-08-16,1760,4.096,True,NONRISING_CONFIRMED_STRUCTURE,False,False,True,390,False,False,NO_NEW_PIVOT,False,False,3.999,1747,1749,2019-07-30,2019-08-01,4.251,1756,1758,2019-08-12,2019-08-14,4.083,1739,1741,2019-07-18,2019-07-22,4.149,1753,1755,2019-08-07,2019-08-09,3.999,NEW_BROKEN_DOWNTREND_EVENT,True,True,True,True,H_1756_C_1758,False,4.083,4.08,36,1747,1749,2019-07-30,2019-08-01,4.251,1756,1758,2019-08-12,2019-08-14,4.083,1739,1741,2019-07-18,2019-07-22,4.149,1753,1755,2019-08-07,2019-08-09,3.999,3.769,0.327,4.106366115980861,-0.026285840630590585,-0.009920256571637101,-0.03415665629998468,2019-08-09,0.9793444753529763,0.6986100715864283,0.6906321909761637,False,0,0.0,0.0,3.849,3.847
20,DOWNTREND_BREAK,FIRST_CONFIRMED_DOWNTREND_BREAK_1795,2019-10-14,2019-10-15,1796,4.009,4.0120000000000005,13100,218810.21798000016,52567.71144000001,10.511440000000002,52193.0593,10.4407,0.0,2019-10-17,COMPLETE,4.32,4.32,4.32,,,1798.0,DOWNTREND_BREAK_STRUCTURAL_STOP_FAILED_CLOSE,2.0,-374.6521400000056,-0.007127039198341893,2015_2019,BASE,2019-10-14,1795,4.337,True,NONRISING_CONFIRMED_STRUCTURE,False,False,True,399,False,False,NO_NEW_PIVOT,False,False,4.196000000000001,1779,1781,2019-09-12,2019-09-17,4.365,1784,1786,2019-09-20,2019-09-24,4.32,1781,1783,2019-09-17,2019-09-19,4.2780000000000005,1790,1792,2019-09-30,2019-10-09,4.196000000000001,NEW_BROKEN_DOWNTREND_EVENT,True,True,True,True,H_1784_C_1786,False,4.32,4.308,38,1779,1781,2019-09-12,2019-09-17,4.365,1784,1786,2019-09-20,2019-09-24,4.32,1781,1783,2019-09-17,2019-09-19,4.2780000000000005,1790,1792,2019-09-30,2019-10-09,4.196000000000001,4.01,0.327,4.268979056109643,0.012406191211758788,-0.0028110768421506713,-0.004602658199982512,2019-10-11,1.5392784216186322,1.0,0.6250139186818242,False,0,0.0,0.0,3.987,3.985
21,DOWNTREND_BREAK,FIRST_CONFIRMED_DOWNTREND_BREAK_1834,2019-12-06,2019-12-09,1835,3.966,3.968,12800,218435.56584000014,50800.55808,10.15808,0.0,0.0,793.6,,RIGHT_CENSORED,4.269,4.269,4.353,,,,,,,,2015_2019,BASE,2019-12-06,1834,4.293,True,NONRISING_CONFIRMED_STRUCTURE,False,False,True,411,False,False,NO_NEW_PIVOT,False,False,4.214,1821,1823,2019-11-19,2019-11-21,4.338,1826,1828,2019-11-26,2019-11-28,4.269,1824,1826,2019-11-22,2019-11-26,4.235,1829,1831,2019-11-29,2019-12-03,4.214,NEW_BROKEN_DOWNTREND_EVENT,True,True,True,True,H_1826_C_1828,False,4.269,4.269,39,1821,1823,2019-11-19,2019-11-21,4.338,1826,1828,2019-11-26,2019-11-28,4.269,1824,1826,2019-11-22,2019-11-26,4.235,1829,1831,2019-11-29,2019-12-03,4.214,3.966,0.327,4.270247079251389,-0.011295573277714688,0.0011168091691105657,-0.031782322255573675,2019-11-29,0.894385612361768,1.0,0.6515809040287942,False,15300,0.2793524544199776,0.0,,
1,DOWNTREND_BREAK,FIRST_CONFIRMED_DOWNTREND_BREAK_661,2015-02-12,2015-02-13,662,3.443,3.447,25500,200000.0,87933.6594,35.159400000000005,109429.4718,116.7282,0.0,2015-05-06,COMPLETE,3.539,3.539,4.803999999999999,,,713.0,DOWNTREND_BREAK_STRUCTURAL_STOP_FAILED_CLOSE,51.0,21495.812399999995,0.24445488276813365,2015_2019,STRESS,2015-02-12,661,3.551,True,NONRISING_CONFIRMED_STRUCTURE,False,False,True,137,False,False,NO_NEW_PIVOT,False,False,3.41,648,650,2015-01-26,2015-01-28,3.71,654,656,2015-02-03,2015-02-05,3.539,653,655,2015-02-02,2015-02-04,3.46,657,659,2015-02-06,2015-02-10,3.41,NEW_BROKEN_DOWNTREND_EVENT,True,True,True,True,H_654_C_656,False,3.539,3.537,12,648,650,2015-01-26,2015-01-28,3.71,654,656,2015-02-03,2015-02-05,3.539,653,655,2015-02-02,2015-02-04,3.46,657,659,2015-02-06,2015-02-10,3.41,3.435,0.116,3.535111949009481,-0.0026089528426092023,-0.02865918368261084,0.0581583293310487,2015-02-06,0.6427687666319697,0.5519469925491631,2.8103609780887986,False,12000,0.21449762946898843,0.21918469626288717,4.59,4.585
2,DOWNTREND_BREAK,FIRST_CONFIRMED_DOWNTREND_BREAK_723,2015-05-20,2015-05-21,724,4.745,4.75,19400,221495.8124,92186.86,36.86,98812.45920000001,39.540800000000004,0.0,2015-06-16,COMPLETE,4.845,4.845,5.374,,,742.0,DOWNTREND_BREAK_STRUCTURAL_STOP_FAILED_CLOSE,18.0,6625.5992000000115,0.07187140553436804,2015_2019,STRESS,2015-05-20,723,4.848999999999999,True,NONRISING_CONFIRMED_STRUCTURE,False,False,True,149,True,False,APPENDED_ALTERNATING,False,True,4.67,707,709,2015-04-27,2015-04-29,4.901,717,719,2015-05-12,2015-05-14,4.845,714,716,2015-05-07,2015-05-11,4.5729999999999995,721,723,2015-05-18,2015-05-20,4.67,NEW_BROKEN_DOWNTREND_EVENT,True,True,True,True,H_717_C_719,False,4.845,4.827,13,707,709,2015-04-27,2015-04-29,4.901,717,719,2015-05-12,2015-05-14,4.845,706,708,2015-04-24,2015-04-28,4.803999999999999,714,716,2015-05-07,2015-05-11,4.5729999999999995,4.733,0.116,4.718109977663414,0.09401795792422707,-0.04515587523239009,0.1107949367343245,2015-05-15,2.123050808552519,0.24444366849908236,1.666620578806561,False,0,0.0,0.0,5.149,5.143
3,DOWNTREND_BREAK,FIRST_CONFIRMED_DOWNTREND_BREAK_780,2015-08-10,2015-08-11,781,4.135,4.14,9700,228121.4116,40174.0632,16.063200000000002,36757.99092,14.70908,0.0,2015-08-19,COMPLETE,4.1209999999999996,4.1209999999999996,4.173,,,787.0,DOWNTREND_BREAK_STRUCTURAL_STOP_FAILED_CLOSE,6.0,-3416.0722800000003,-0.08503178438769421,2015_2019,STRESS,2015-08-10,780,4.263999999999999,True,NONRISING_CONFIRMED_STRUCTURE,False,False,True,163,True,False,APPENDED_ALTERNATING,False,True,3.9890000000000003,768,770,2015-07-23,2015-07-27,4.4239999999999995,776,778,2015-08-04,2015-08-06,4.1209999999999996,770,772,2015-07-27,2015-07-29,3.919,778,780,2015-08-06,2015-08-10,3.9890000000000003,NEW_BROKEN_DOWNTREND_EVENT,True,True,True,True,H_776_C_778,False,4.1209999999999996,4.069,15,768,770,2015-07-23,2015-07-27,4.4239999999999995,776,778,2015-08-04,2015-08-06,4.1209999999999996,762,764,2015-07-15,2015-07-17,4.061,770,772,2015-07-27,2015-07-29,3.919,4.148,0.116,4.1512405032758,-0.09662141409808722,0.06342893039221742,-0.3007168313225804,2015-08-07,0.7756842991110658,0.34277958733165925,2.3575482874764817,False,0,0.0,0.0,3.795,3.791
4,DOWNTREND_BREAK,FIRST_CONFIRMED_DOWNTREND_BREAK_903,2016-02-16,2016-02-17,904,3.023,3.027,18700,224705.33931999997,56627.54196,22.64196,54638.23596,21.86404,0.0,2016-02-26,COMPLETE,3.1519999999999997,3.1519999999999997,3.2079999999999997,,,911.0,DOWNTREND_BREAK_STRUCTURAL_STOP_FAILED_CLOSE,7.0,-1989.3060000000041,-0.0351296547783266,2015_2019,STRESS,2016-02-16,903,3.1889999999999996,True,NONRISING_CONFIRMED_STRUCTURE,False,False,True,200,False,False,NO_NEW_PIVOT,False,False,3.016,892,894,2016-01-25,2016-01-27,3.287,900,902,2016-02-04,2016-02-15,3.1519999999999997,890,892,2016-01-21,2016-01-25,3.2449999999999997,895,897,2016-01-28,2016-02-01,3.016,NEW_BROKEN_DOWNTREND_EVENT,True,True,True,True,H_900_C_902,False,3.1519999999999997,3.106,18,892,894,2016-01-25,2016-01-27,3.287,900,902,2016-02-04,2016-02-15,3.1519999999999997,890,892,2016-01-21,2016-01-25,3.2449999999999997,895,897,2016-01-28,2016-02-01,3.016,3.022,0.167,3.234799795428877,-0.12924515710714823,0.04337196019943679,-0.13813368926699005,2016-02-05,1.0266312079139213,-0.139499944750009,1.022897957577384,False,0,0.0,0.0,2.926,2.923
5,DOWNTREND_BREAK,FIRST_CONFIRMED_DOWNTREND_BREAK_956,2016-05-03,2016-05-04,957,3.198,3.202,22600,222716.03331999996,72394.14607999999,28.94608,70393.43136,28.168640000000003,0.0,2016-05-09,COMPLETE,3.34,3.34,3.34,,,960.0,DOWNTREND_BREAK_STRUCTURAL_STOP_FAILED_CLOSE,3.0,-2000.714719999989,-0.027636415764737056,2015_2019,STRESS,2016-05-03,956,3.38,True,NONRISING_CONFIRMED_STRUCTURE,False,False,True,214,False,False,NO_NEW_PIVOT,False,False,3.3179999999999996,945,947,2016-04-15,2016-04-19,3.4309999999999996,952,954,2016-04-26,2016-04-28,3.34,940,942,2016-04-08,2016-04-12,3.344,949,951,2016-04-21,2016-04-25,3.3179999999999996,NEW_BROKEN_DOWNTREND_EVENT,True,True,True,True,H_952_C_954,False,3.34,3.319,19,945,947,2016-04-15,2016-04-19,3.4309999999999996,952,954,2016-04-26,2016-04-28,3.34,940,942,2016-04-08,2016-04-12,3.344,949,951,2016-04-21,2016-04-25,3.3179999999999996,3.213,0.167,3.3484231449112856,0.0027801256898682958,-0.013355939111430341,0.05148420759977801,2016-04-29,0.9541772287214594,-0.050347619942071584,0.4135330629630448,False,27200,0.4109955516311709,0.6992468731723283,3.12,3.116
6,DOWNTREND_BREAK,FIRST_CONFIRMED_DOWNTREND_BREAK_976,2016-05-31,2016-06-01,977,3.17,3.174,19700,220715.31859999994,62552.81112,25.01112,60291.4242,28.8758,0.0,2016-06-14,COMPLETE,3.246,3.246,3.246,,,984.0,DOWNTREND_BREAK_STRUCTURAL_STOP_FAILED_CLOSE,7.0,-2261.386919999997,-0.0361516433795725,2015_2019,STRESS,2016-05-31,976,3.336,True,NONRISING_CONFIRMED_STRUCTURE,False,False,True,220,False,False,NO_NEW_PIVOT,False,False,3.2209999999999996,965,967,2016-05-16,2016-05-18,3.252,970,972,2016-05-23,2016-05-25,3.246,961,963,2016-05-10,2016-05-12,3.2279999999999998,968,970,2016-05-19,2016-05-23,3.2209999999999996,NEW_BROKEN_DOWNTREND_EVENT,True,True,True,True,H_970_C_972,False,3.246,3.2289999999999996,20,965,967,2016-05-16,2016-05-18,3.252,970,972,2016-05-23,2016-05-25,3.246,961,963,2016-05-10,2016-05-12,3.2279999999999998,968,970,2016-05-19,2016-05-23,3.2209999999999996,3.169,0.167,3.2633805963992435,-0.016734743348070236,0.015668333541005643,0.027458885909058595,2016-05-27,4.400131881190118,0.6499702305174366,0.4987690822745232,False,24000,0.360350119883457,0.5772164748195276,3.065,3.061
7,DOWNTREND_BREAK,FIRST_CONFIRMED_DOWNTREND_BREAK_1044,2016-09-06,2016-09-07,1045,3.407,3.411,15200,218453.93167999992,51867.938879999994,20.738879999999998,50686.91712,20.28288,0.0,2016-09-12,COMPLETE,3.5559999999999996,3.5559999999999996,3.5559999999999996,,,1048.0,DOWNTREND_BREAK_STRUCTURAL_STOP_FAILED_CLOSE,3.0,-1181.021759999996,-0.022769783907017595,2015_2019,STRESS,2016-09-06,1044,3.5709999999999997,True,NONRISING_CONFIRMED_STRUCTURE,False,False,True,235,False,False,NO_NEW_PIVOT,False,False,3.52,1028,1030,2016-08-15,2016-08-17,3.614,1040,1042,2016-08-31,2016-09-02,3.5559999999999996,1038,1040,2016-08-29,2016-08-31,3.528,1041,1043,2016-09-01,2016-09-05,3.52,NEW_BROKEN_DOWNTREND_EVENT,True,True,True,True,H_1040_C_1042,False,3.5559999999999996,3.542,21,1028,1030,2016-08-15,2016-08-17,3.614,1040,1042,2016-08-31,2016-09-02,3.5559999999999996,1038,1040,2016-08-29,2016-08-31,3.528,1041,1043,2016-09-01,2016-09-05,3.52,3.404,0.167,3.5318089471645293,0.022725816127240783,-0.010388545620919822,0.07202685479578427,2016-09-02,1.130630347281316,0.6947917188941641,0.5092658069334212,False,0,0.0,0.7214865228474336,3.34,3.336
8,DOWNTREND_BREAK,FIRST_CONFIRMED_DOWNTREND_BREAK_1061,2016-10-10,2016-10-11,1062,3.362,3.366,13700,217272.90991999992,46132.64568,18.445680000000003,45671.2242,18.2758,0.0,2016-10-18,COMPLETE,3.516,3.516,3.516,,,1067.0,DOWNTREND_BREAK_STRUCTURAL_STOP_FAILED_CLOSE,5.0,-461.4214800000045,-0.010002059782147845,2015_2019,STRESS,2016-10-10,1061,3.5269999999999997,True,NONRISING_CONFIRMED_STRUCTURE,False,False,True,239,False,False,NO_NEW_PIVOT,False,False,3.452,1045,1047,2016-09-07,2016-09-09,3.573,1054,1056,2016-09-22,2016-09-26,3.516,1050,1052,2016-09-14,2016-09-20,3.464,1056,1058,2016-09-26,2016-09-28,3.452,NEW_BROKEN_DOWNTREND_EVENT,True,True,True,True,H_1054_C_1056,False,3.516,3.489,22,1045,1047,2016-09-07,2016-09-09,3.573,1054,1056,2016-09-22,2016-09-26,3.516,1050,1052,2016-09-14,2016-09-20,3.464,1056,1058,2016-09-26,2016-09-28,3.452,3.36,0.167,3.5001850428054304,-0.006564024741865904,-0.0014149297099309444,0.03074988823100809,2016-09-30,1.566027373679431,0.8225302143747752,0.6023831517113166,False,0,0.0,0.0,3.339,3.335
9,DOWNTREND_BREAK,FIRST_CONFIRMED_DOWNTREND_BREAK_1122,2017-01-04,2017-01-05,1123,3.425,3.4290000000000003,12800,216811.48843999993,43908.756480000004,17.556480000000004,43270.95472000001,22.04528,0.0,2017-01-12,COMPLETE,3.5639999999999996,3.5639999999999996,3.5749999999999997,,,1128.0,DOWNTREND_BREAK_STRUCTURAL_STOP_FAILED_CLOSE,5.0,-637.8017599999948,-0.014525616554194768,2015_2019,STRESS,2017-01-04,1122,3.593,True,NONRISING_CONFIRMED_STRUCTURE,False,False,True,253,False,False,NO_NEW_PIVOT,False,False,3.52,1105,1107,2016-12-09,2016-12-13,3.7239999999999998,1113,1115,2016-12-21,2016-12-23,3.5639999999999996,1112,1114,2016-12-20,2016-12-22,3.5269999999999997,1118,1120,2016-12-28,2016-12-30,3.52,NEW_BROKEN_DOWNTREND_EVENT,True,True,True,True,H_1113_C_1115,False,3.5639999999999996,3.5629999999999997,23,1105,1107,2016-12-09,2016-12-13,3.7239999999999998,1113,1115,2016-12-21,2016-12-23,3.5639999999999996,1112,1114,2016-12-20,2016-12-22,3.5269999999999997,1118,1120,2016-12-28,2016-12-30,3.52,3.426,0.167,3.579736595828944,-0.028208715504872917,0.002730580191849123,-0.018861918366963895,2016-12-30,1.0103202442517485,0.5846899451171322,0.8821721518925006,False,0,0.0,0.0,3.386,3.382
10,DOWNTREND_BREAK,FIRST_CONFIRMED_DOWNTREND_BREAK_1137,2017-01-25,2017-01-26,1138,3.373,3.3770000000000002,12000,216173.68667999993,40540.2096,16.209600000000002,40243.896,16.104,0.0,2017-02-08,COMPLETE,3.5869999999999997,3.5869999999999997,3.5869999999999997,,,1142.0,DOWNTREND_BREAK_STRUCTURAL_STOP_FAILED_CLOSE,4.0,-296.3136000000013,-0.007309128465877525,2015_2019,STRESS,2017-01-25,1137,3.595,True,NONRISING_CONFIRMED_STRUCTURE,False,False,True,257,False,False,NO_NEW_PIVOT,False,False,3.536,1122,1124,2017-01-04,2017-01-06,3.593,1125,1127,2017-01-09,2017-01-11,3.5869999999999997,1124,1126,2017-01-06,2017-01-10,3.5749999999999997,1128,1130,2017-01-12,2017-01-16,3.536,NEW_BROKEN_DOWNTREND_EVENT,True,True,True,True,H_1125_C_1127,False,3.5869999999999997,3.585,24,1122,1124,2017-01-04,2017-01-06,3.593,1125,1127,2017-01-09,2017-01-11,3.5869999999999997,1124,1126,2017-01-06,2017-01-10,3.5749999999999997,1128,1130,2017-01-12,2017-01-16,3.536,3.373,0.222,3.571544006850691,-0.004073915602562206,0.015559768456256794,-0.02677590256647877,2017-01-20,0.6924810685071776,0.6499952900963546,0.5523943647146752,True,0,0.0,0.0,3.359,3.355
11,DOWNTREND_BREAK,FIRST_CONFIRMED_DOWNTREND_BREAK_1305,2017-10-09,2017-10-10,1306,3.94,3.944,10000,215877.37307999993,39455.776,15.776000000000002,40743.69600000001,16.304000000000002,0.0,2017-11-28,COMPLETE,4.127,4.127,4.348000000000001,,,1341.0,DOWNTREND_BREAK_STRUCTURAL_STOP_FAILED_CLOSE,35.0,1287.9200000000128,0.0326421155675664,2015_2019,STRESS,2017-10-09,1305,4.165,True,NONRISING_CONFIRMED_STRUCTURE,False,False,True,295,False,False,NO_NEW_PIVOT,False,False,4.1000000000000005,1295,1297,2017-09-18,2017-09-20,4.133,1298,1300,2017-09-21,2017-09-25,4.127,1296,1298,2017-09-19,2017-09-21,4.1080000000000005,1300,1302,2017-09-25,2017-09-27,4.1000000000000005,NEW_BROKEN_DOWNTREND_EVENT,True,True,True,True,H_1298_C_1300,False,4.127,4.1240000000000006,26,1295,1297,2017-09-18,2017-09-20,4.133,1298,1300,2017-09-21,2017-09-25,4.127,1296,1298,2017-09-19,2017-09-21,4.1080000000000005,1300,1302,2017-09-25,2017-09-27,4.1000000000000005,3.943,0.222,4.111707720358834,0.01824337532358644,-0.004048772443857013,0.021783902608139144,2017-09-29,2.2795069543851967,1.0,0.578681420517102,True,0,0.0,0.0,4.081,4.0760000000000005
12,DOWNTREND_BREAK,FIRST_CONFIRMED_DOWNTREND_BREAK_1350,2017-12-11,2017-12-12,1351,4.124,4.1290000000000004,11000,217165.29307999992,45437.16760000001,18.167600000000004,44620.1448,17.8552,0.0,2017-12-13,COMPLETE,4.321000000000001,4.321000000000001,4.321000000000001,,,1352.0,DOWNTREND_BREAK_STRUCTURAL_STOP_FAILED_CLOSE,1.0,-817.0228000000061,-0.017981376110248692,2015_2019,STRESS,2017-12-11,1350,4.3500000000000005,True,NONRISING_CONFIRMED_STRUCTURE,False,False,True,307,True,False,APPENDED_ALTERNATING,False,False,4.244000000000001,1336,1338,2017-11-21,2017-11-23,4.508,1346,1348,2017-12-05,2017-12-07,4.321000000000001,1343,1345,2017-11-30,2017-12-04,4.276000000000001,1348,1350,2017-12-07,2017-12-11,4.244000000000001,NEW_BROKEN_DOWNTREND_EVENT,True,True,True,True,H_1346_C_1348,False,4.321000000000001,4.283,27,1336,1338,2017-11-21,2017-11-23,4.508,1346,1348,2017-12-05,2017-12-07,4.321000000000001,1332,1334,2017-11-15,2017-11-17,4.348000000000001,1343,1345,2017-11-30,2017-12-04,4.276000000000001,4.128,0.222,4.320818186235734,-0.0026850230550641285,-0.021835526694194536,0.000914024445335393,2017-12-08,0.7314855043277441,0.1951560638049686,1.8609564245142667,False,0,0.0,0.5417721536852698,4.063,4.058
13,DOWNTREND_BREAK,FIRST_CONFIRMED_DOWNTREND_BREAK_1428,2018-04-10,2018-04-11,1429,3.938,3.942,10600,216348.2702799999,41801.91408,16.714080000000003,41440.01736,16.58264,0.0,2018-04-13,COMPLETE,4.179,4.179,4.179,,,1431.0,DOWNTREND_BREAK_STRUCTURAL_STOP_FAILED_CLOSE,2.0,-361.8967200000043,-0.00865741983267586,2015_2019,STRESS,2018-04-10,1428,4.196,True,NONRISING_CONFIRMED_STRUCTURE,False,False,True,319,True,False,IGNORED_SAME_KIND_LESS_EXTREME,False,False,4.1,1409,1411,2018-03-12,2018-03-14,4.391,1420,1422,2018-03-27,2018-03-29,4.179,1413,1415,2018-03-16,2018-03-20,4.318,1421,1423,2018-03-28,2018-03-30,4.1,NEW_BROKEN_DOWNTREND_EVENT,True,True,True,True,H_1420_C_1422,False,4.179,4.121,28,1409,1411,2018-03-12,2018-03-14,4.391,1420,1422,2018-03-27,2018-03-29,4.179,1413,1415,2018-03-16,2018-03-20,4.318,1421,1423,2018-03-28,2018-03-30,4.1,3.928,0.268,4.210233841941941,-0.05475411326484814,-0.0049930895690194765,-0.09468077236897224,2018-04-04,1.2725687637599,-0.20452906811779467,1.6039746381511941,False,0,0.0,0.0,3.915,3.911
14,DOWNTREND_BREAK,FIRST_CONFIRMED_DOWNTREND_BREAK_1438,2018-04-24,2018-04-25,1439,3.829,3.833,10400,215986.37355999992,39879.145280000004,15.945280000000002,39109.15008,15.649920000000002,0.0,2018-04-27,COMPLETE,4.077,4.077,4.077,,,1441.0,DOWNTREND_BREAK_STRUCTURAL_STOP_FAILED_CLOSE,2.0,-769.9952000000048,-0.019308217229674907,2015_2019,STRESS,2018-04-24,1438,4.113,True,NONRISING_CONFIRMED_STRUCTURE,False,False,True,323,True,False,APPENDED_ALTERNATING,False,True,4.018,1429,1431,2018-04-11,2018-04-13,4.201,1435,1437,2018-04-19,2018-04-23,4.077,1433,1435,2018-04-17,2018-04-19,4.016,1436,1438,2018-04-20,2018-04-24,4.018,NEW_BROKEN_DOWNTREND_EVENT,True,True,True,True,H_1435_C_1437,False,4.077,4.034,29,1429,1431,2018-04-11,2018-04-13,4.201,1435,1437,2018-04-19,2018-04-23,4.077,1421,1423,2018-03-28,2018-03-30,4.1,1433,1435,2018-04-17,2018-04-19,4.016,3.845,0.268,4.124925120568296,-0.05769197125441128,0.001674937842533697,-0.10428887229044735,2018-04-20,1.2853298265318733,0.6082796334518807,1.6464758926778797,False,0,0.0,0.0,3.766,3.762
15,DOWNTREND_BREAK,FIRST_CONFIRMED_DOWNTREND_BREAK_1524,2018-08-27,2018-08-28,1525,3.474,3.478,10400,215216.37835999992,36185.66848000001,14.468480000000003,35917.6272,14.372800000000002,0.0,2018-08-29,COMPLETE,3.732,3.732,3.732,,,1526.0,DOWNTREND_BREAK_STRUCTURAL_STOP_FAILED_CLOSE,1.0,-268.0412800000049,-0.007407387821179886,2015_2019,STRESS,2018-08-27,1524,3.7409999999999997,True,NONRISING_CONFIRMED_STRUCTURE,False,False,True,339,False,False,NO_NEW_PIVOT,False,False,3.5549999999999997,1500,1502,2018-07-24,2018-07-26,3.907,1513,1515,2018-08-10,2018-08-14,3.732,1509,1511,2018-08-06,2018-08-08,3.6020000000000003,1518,1520,2018-08-17,2018-08-21,3.5549999999999997,NEW_BROKEN_DOWNTREND_EVENT,True,True,True,True,H_1513_C_1515,False,3.732,3.6559999999999997,31,1500,1502,2018-07-24,2018-07-26,3.907,1513,1515,2018-08-10,2018-08-14,3.732,1509,1511,2018-08-06,2018-08-08,3.6020000000000003,1518,1520,2018-08-17,2018-08-21,3.5549999999999997,3.473,0.268,3.6841767656917073,-0.03318368198915156,0.02175103208465831,-0.057564369389413395,2018-08-24,1.1186969311407196,0.7717169996717246,1.519588354042727,False,0,0.0,0.0,3.459,3.455
16,DOWNTREND_BREAK,FIRST_CONFIRMED_DOWNTREND_BREAK_1620,2019-01-18,2019-01-21,1621,3.166,3.17,10900,214948.3370799999,34566.8212,13.821200000000001,39678.39431999999,25.505679999999998,0.0,2019-03-11,COMPLETE,3.4560000000000004,3.4560000000000004,3.9899999999999998,,,1651.0,DOWNTREND_BREAK_STRUCTURAL_STOP_FAILED_CLOSE,30.0,5111.573119999994,0.14787512830366925,2015_2019,STRESS,2019-01-18,1620,3.493,True,NONRISING_CONFIRMED_STRUCTURE,False,False,True,354,False,False,NO_NEW_PIVOT,False,False,3.3970000000000002,1596,1598,2018-12-13,2018-12-17,3.5519999999999996,1617,1619,2019-01-15,2019-01-17,3.4560000000000004,1593,1595,2018-12-10,2018-12-12,3.473,1616,1618,2019-01-14,2019-01-16,3.3970000000000002,NEW_BROKEN_DOWNTREND_EVENT,True,True,True,True,H_1617_C_1619,False,3.4560000000000004,3.439,32,1596,1598,2018-12-13,2018-12-17,3.5519999999999996,1617,1619,2019-01-15,2019-01-17,3.4560000000000004,1593,1595,2018-12-10,2018-12-12,3.473,1616,1618,2019-01-14,2019-01-16,3.3970000000000002,3.166,0.327,3.417174278292703,0.0008786989091884578,0.03880879408128,0.003061732217766844,2019-01-11,1.3912129374594666,0.21794844075130027,0.8043945964291427,True,0,0.0,0.0,3.661,3.657
17,DOWNTREND_BREAK,FIRST_CONFIRMED_DOWNTREND_BREAK_1656,2019-03-18,2019-03-19,1657,3.852,3.856,15500,220059.91019999993,59791.9072,23.9072,58032.38624,27.613760000000003,0.0,2019-03-26,COMPLETE,4.062,4.062,4.062,,,1662.0,DOWNTREND_BREAK_STRUCTURAL_STOP_FAILED_CLOSE,5.0,-1759.5209600000017,-0.02942740986860512,2015_2019,STRESS,2019-03-18,1656,4.1770000000000005,True,NONRISING_CONFIRMED_STRUCTURE,False,False,True,363,True,False,APPENDED_ALTERNATING,False,True,4.013,1648,1650,2019-03-06,2019-03-08,4.162,1652,1654,2019-03-12,2019-03-14,4.062,1650,1652,2019-03-08,2019-03-12,3.988,1654,1656,2019-03-14,2019-03-18,4.013,NEW_BROKEN_DOWNTREND_EVENT,True,True,True,True,H_1652_C_1654,False,4.062,4.062,33,1648,1650,2019-03-06,2019-03-08,4.162,1652,1654,2019-03-12,2019-03-14,4.062,1644,1646,2019-02-28,2019-03-04,3.9899999999999998,1650,1652,2019-03-08,2019-03-12,3.988,3.85,0.327,3.9861058779224305,0.11185818111663748,-0.02202857445320683,0.17604233607363043,2019-03-15,0.9745984400079294,0.2757860565157646,1.686174265233628,True,0,0.0,0.0,3.748,3.744
18,DOWNTREND_BREAK,FIRST_CONFIRMED_DOWNTREND_BREAK_1695,2019-05-16,2019-05-17,1696,3.73,3.734,13700,218300.38923999993,51176.26232,20.462320000000002,49711.1076,19.892400000000002,0.0,2019-05-20,COMPLETE,4.047000000000001,4.047000000000001,4.047000000000001,,,1697.0,DOWNTREND_BREAK_STRUCTURAL_STOP_FAILED_CLOSE,1.0,-1465.1547199999986,-0.028629576557165002,2015_2019,STRESS,2019-05-16,1695,4.057,True,NONRISING_CONFIRMED_STRUCTURE,False,False,True,373,True,False,APPENDED_ALTERNATING,False,True,3.961,1686,1688,2019-04-30,2019-05-07,4.223,1691,1693,2019-05-10,2019-05-14,4.047000000000001,1690,1692,2019-05-09,2019-05-13,3.934,1693,1695,2019-05-14,2019-05-16,3.961,NEW_BROKEN_DOWNTREND_EVENT,True,True,True,True,H_1691_C_1693,False,4.047000000000001,4.039000000000001,34,1686,1688,2019-04-30,2019-05-07,4.223,1691,1693,2019-05-10,2019-05-14,4.047000000000001,1684,1686,2019-04-26,2019-04-30,4.206,1690,1692,2019-05-09,2019-05-13,3.934,3.73,0.327,4.11755231768522,-0.060181591818158076,-0.04640319676209048,0.05818044551812451,2019-05-10,0.5273065810531508,0.28156562583814043,1.4507187257003167,False,0,0.0,0.0,3.634,3.63
19,DOWNTREND_BREAK,FIRST_CONFIRMED_DOWNTREND_BREAK_1760,2019-08-16,2019-08-19,1761,3.798,3.802,11600,216835.23451999994,44120.84128,17.64128,44584.1592,17.8408,0.0,2019-08-27,COMPLETE,4.083,4.083,4.1690000000000005,,,1767.0,DOWNTREND_BREAK_STRUCTURAL_STOP_FAILED_CLOSE,6.0,463.3179200000013,0.010501112548142268,2015_2019,STRESS,2019-08-16,1760,4.096,True,NONRISING_CONFIRMED_STRUCTURE,False,False,True,390,False,False,NO_NEW_PIVOT,False,False,3.999,1747,1749,2019-07-30,2019-08-01,4.251,1756,1758,2019-08-12,2019-08-14,4.083,1739,1741,2019-07-18,2019-07-22,4.149,1753,1755,2019-08-07,2019-08-09,3.999,NEW_BROKEN_DOWNTREND_EVENT,True,True,True,True,H_1756_C_1758,False,4.083,4.08,36,1747,1749,2019-07-30,2019-08-01,4.251,1756,1758,2019-08-12,2019-08-14,4.083,1739,1741,2019-07-18,2019-07-22,4.149,1753,1755,2019-08-07,2019-08-09,3.999,3.769,0.327,4.106366115980861,-0.026285840630590585,-0.009920256571637101,-0.03415665629998468,2019-08-09,0.9793444753529763,0.6986100715864283,0.6906321909761637,False,0,0.0,0.0,3.849,3.845
20,DOWNTREND_BREAK,FIRST_CONFIRMED_DOWNTREND_BREAK_1795,2019-10-14,2019-10-15,1796,4.009,4.014,11500,217298.55243999994,46179.4644,18.4644,45786.1782,18.3218,0.0,2019-10-17,COMPLETE,4.32,4.32,4.32,,,1798.0,DOWNTREND_BREAK_STRUCTURAL_STOP_FAILED_CLOSE,2.0,-393.286199999995,-0.008516473829003418,2015_2019,STRESS,2019-10-14,1795,4.337,True,NONRISING_CONFIRMED_STRUCTURE,False,False,True,399,False,False,NO_NEW_PIVOT,False,False,4.196000000000001,1779,1781,2019-09-12,2019-09-17,4.365,1784,1786,2019-09-20,2019-09-24,4.32,1781,1783,2019-09-17,2019-09-19,4.2780000000000005,1790,1792,2019-09-30,2019-10-09,4.196000000000001,NEW_BROKEN_DOWNTREND_EVENT,True,True,True,True,H_1784_C_1786,False,4.32,4.308,38,1779,1781,2019-09-12,2019-09-17,4.365,1784,1786,2019-09-20,2019-09-24,4.32,1781,1783,2019-09-17,2019-09-19,4.2780000000000005,1790,1792,2019-09-30,2019-10-09,4.196000000000001,4.01,0.327,4.268979056109643,0.012406191211758788,-0.0028110768421506713,-0.004602658199982512,2019-10-11,1.5392784216186322,1.0,0.6250139186818242,False,0,0.0,0.0,3.987,3.983
21,DOWNTREND_BREAK,FIRST_CONFIRMED_DOWNTREND_BREAK_1834,2019-12-06,2019-12-09,1835,3.966,3.97,11200,216905.26623999994,44481.7856,17.785600000000002,389.20000000000005,5.0,688.2,,RIGHT_CENSORED,4.269,4.269,4.353,,,,,,,,2015_2019,STRESS,2019-12-06,1834,4.293,True,NONRISING_CONFIRMED_STRUCTURE,False,False,True,411,False,False,NO_NEW_PIVOT,False,False,4.214,1821,1823,2019-11-19,2019-11-21,4.338,1826,1828,2019-11-26,2019-11-28,4.269,1824,1826,2019-11-22,2019-11-26,4.235,1829,1831,2019-11-29,2019-12-03,4.214,NEW_BROKEN_DOWNTREND_EVENT,True,True,True,True,H_1826_C_1828,False,4.269,4.269,39,1821,1823,2019-11-19,2019-11-21,4.338,1826,1828,2019-11-26,2019-11-28,4.269,1824,1826,2019-11-22,2019-11-26,4.235,1829,1831,2019-11-29,2019-12-03,4.214,3.966,0.327,4.270247079251389,-0.011295573277714688,0.0011168091691105657,-0.031782322255573675,2019-11-29,0.894385612361768,1.0,0.6515809040287942,False,15300,0.2793524544199776,0.0,,
1,DOWNTREND_BREAK,FIRST_CONFIRMED_DOWNTREND_BREAK_1881,2020-02-20,2020-02-21,1882,4.123,4.126,18200,200000.0,75108.21864,15.018640000000003,71802.83656,14.36344,0.0,2020-03-02,COMPLETE,4.453,4.453,4.453,,,1888.0,DOWNTREND_BREAK_STRUCTURAL_STOP_FAILED_CLOSE,6.0,-3305.3820800000103,-0.044008260878120195,2020_2026,BASE,2020-02-20,1881,4.5200000000000005,True,NONRISING_CONFIRMED_STRUCTURE,False,False,True,422,False,False,NO_NEW_PIVOT,False,False,4.048,1864,1866,2020-01-20,2020-01-22,4.57,1878,1880,2020-02-17,2020-02-19,4.453,1862,1864,2020-01-16,2020-01-20,4.535,1868,1870,2020-02-03,2020-02-05,4.048,NEW_BROKEN_DOWNTREND_EVENT,True,True,True,True,H_1878_C_1880,False,4.453,4.429,40,1864,1866,2020-01-20,2020-01-22,4.57,1878,1880,2020-02-17,2020-02-19,4.453,1862,1864,2020-01-16,2020-01-20,4.535,1868,1870,2020-02-03,2020-02-05,4.048,4.131,0.389,4.39500333757128,0.004346000040787779,0.0416194494192825,-0.021231573799956438,2020-02-14,1.403236293493182,0.4643271625157801,2.4368811693383683,False,8600,0.17210909545185643,0.17424815250836231,3.948,3.946
2,DOWNTREND_BREAK,FIRST_CONFIRMED_DOWNTREND_BREAK_1948,2020-05-29,2020-06-01,1949,3.898,3.9,15500,196694.61792,60462.09,12.09,71068.434,27.366,0.0,2020-07-27,COMPLETE,4.252,4.252,4.945,,,1987.0,DOWNTREND_BREAK_STRUCTURAL_STOP_FAILED_CLOSE,38.0,10606.343999999997,0.1754213921483693,2020_2026,BASE,2020-05-29,1948,4.255,True,NONRISING_CONFIRMED_STRUCTURE,False,False,True,438,False,False,NO_NEW_PIVOT,False,False,4.204,1940,1942,2020-05-19,2020-05-21,4.332,1945,1947,2020-05-26,2020-05-28,4.252,1938,1940,2020-05-15,2020-05-19,4.291,1943,1945,2020-05-22,2020-05-26,4.204,NEW_BROKEN_DOWNTREND_EVENT,True,True,True,True,H_1945_C_1947,False,4.252,4.239,41,1940,1942,2020-05-19,2020-05-21,4.332,1945,1947,2020-05-26,2020-05-28,4.252,1938,1940,2020-05-15,2020-05-19,4.291,1943,1945,2020-05-22,2020-05-26,4.204,3.866,0.389,4.259195190953496,0.003780100265228903,-0.021343930816705495,-0.012292742354913302,2020-05-22,0.8332987052396216,0.6900525059385528,0.9098190732230256,False,0,0.0,0.0,4.583,4.58
3,DOWNTREND_BREAK,FIRST_CONFIRMED_DOWNTREND_BREAK_1992,2020-08-03,2020-08-04,1993,4.849,4.852,14200,207300.96192,68912.17968000002,13.779680000000003,67161.756,18.244,0.0,2020-08-10,COMPLETE,5.181,5.181,5.181,,,1997.0,DOWNTREND_BREAK_STRUCTURAL_STOP_FAILED_CLOSE,4.0,-1750.4236800000217,-0.025400788193440892,2020_2026,BASE,2020-08-03,1992,5.214,True,NONRISING_CONFIRMED_STRUCTURE,False,False,True,443,False,False,NO_NEW_PIVOT,False,False,4.9430000000000005,1977,1979,2020-07-13,2020-07-15,5.274,1984,1986,2020-07-22,2020-07-24,5.181,1980,1982,2020-07-16,2020-07-20,4.945,1986,1988,2020-07-24,2020-07-28,4.9430000000000005,NEW_BROKEN_DOWNTREND_EVENT,True,True,True,True,H_1984_C_1986,False,5.181,5.139,42,1977,1979,2020-07-13,2020-07-15,5.274,1984,1986,2020-07-22,2020-07-24,5.181,1980,1982,2020-07-16,2020-07-20,4.945,1986,1988,2020-07-24,2020-07-28,4.9430000000000005,4.825,0.389,5.040365923887947,0.10731224360433345,-0.0356562356359203,0.17264164706783067,2020-07-31,0.6628492977813698,0.7184387241464153,2.3560514880820955,False,0,0.0,0.0,4.733,4.73
4,DOWNTREND_BREAK,FIRST_CONFIRMED_DOWNTREND_BREAK_2026,2020-09-18,2020-09-21,2027,4.815,4.8180000000000005,15400,205550.53823999997,74212.03944000001,14.839440000000003,72376.582,18.818,0.0,2020-09-23,COMPLETE,5.136,5.136,5.136,,,2029.0,DOWNTREND_BREAK_STRUCTURAL_STOP_FAILED_CLOSE,2.0,-1835.4574400000129,-0.024732610151267563,2020_2026,BASE,2020-09-18,2026,5.2,True,NONRISING_CONFIRMED_STRUCTURE,False,False,True,452,False,False,NO_NEW_PIVOT,False,False,5.034,2011,2013,2020-08-28,2020-09-01,5.306,2023,2025,2020-09-15,2020-09-17,5.136,2009,2011,2020-08-26,2020-08-28,5.152,2019,2021,2020-09-09,2020-09-11,5.034,NEW_BROKEN_DOWNTREND_EVENT,True,True,True,True,H_2023_C_2025,False,5.136,5.079000000000001,43,2011,2013,2020-08-28,2020-09-01,5.306,2023,2025,2020-09-15,2020-09-17,5.136,2009,2011,2020-08-26,2020-08-28,5.152,2019,2021,2020-09-09,2020-09-11,5.034,4.811,0.389,5.145551218049834,-0.006251393207895362,-0.01715390649775687,0.06553518463502006,2020-09-11,2.460321949411949,0.4109039483267016,1.3473760832347488,False,15800,0.3485216050673987,0.3831716501262896,4.703,4.7
5,DOWNTREND_BREAK,FIRST_CONFIRMED_DOWNTREND_BREAK_2120,2021-02-08,2021-02-09,2121,5.575,5.578,11600,203715.08079999994,64717.74096,12.94096,63555.12928,17.27072,0.0,2021-02-25,COMPLETE,5.952,5.952,5.952,,,2128.0,DOWNTREND_BREAK_STRUCTURAL_STOP_FAILED_CLOSE,7.0,-1162.6116800000018,-0.01796434274055665,2020_2026,BASE,2021-02-08,2120,6.015000000000001,True,NONRISING_CONFIRMED_STRUCTURE,False,False,True,479,True,False,APPENDED_ALTERNATING,False,True,5.9350000000000005,2110,2112,2021-01-25,2021-01-27,6.0920000000000005,2116,2118,2021-02-02,2021-02-04,5.952,2114,2116,2021-01-29,2021-02-02,5.809,2118,2120,2021-02-04,2021-02-08,5.9350000000000005,NEW_BROKEN_DOWNTREND_EVENT,True,True,True,True,H_2116_C_2118,False,5.952,5.9430000000000005,44,2110,2112,2021-01-25,2021-01-27,6.0920000000000005,2116,2118,2021-02-02,2021-02-04,5.952,2106,2108,2021-01-19,2021-01-21,5.899,2114,2116,2021-01-29,2021-02-02,5.809,5.554,0.461,5.911526329942449,0.061451792581272535,-0.03013564462238766,0.058834138412326153,2021-02-05,0.8928364720282951,0.46849864582693246,1.1498086307495183,False,7600,0.1879786632007899,0.21279274600600742,5.481,5.478
6,DOWNTREND_BREAK,FIRST_CONFIRMED_DOWNTREND_BREAK_2154,2021-04-02,2021-04-06,2155,5.173,5.176,11400,202552.46911999994,59018.20128,11.80128,58527.2922,11.7078,0.0,2021-04-07,COMPLETE,5.597,5.597,5.597,,,2156.0,DOWNTREND_BREAK_STRUCTURAL_STOP_FAILED_CLOSE,1.0,-490.90907999999763,-0.008317926831944236,2020_2026,BASE,2021-04-02,2154,5.622,True,NONRISING_CONFIRMED_STRUCTURE,False,False,True,487,False,False,NO_NEW_PIVOT,False,False,5.390000000000001,2139,2141,2021-03-12,2021-03-16,5.603000000000001,2143,2145,2021-03-18,2021-03-22,5.597,2140,2142,2021-03-15,2021-03-17,5.501,2148,2150,2021-03-25,2021-03-29,5.390000000000001,NEW_BROKEN_DOWNTREND_EVENT,True,True,True,True,H_2143_C_2145,False,5.597,5.573,45,2139,2141,2021-03-12,2021-03-16,5.603000000000001,2143,2145,2021-03-18,2021-03-22,5.597,2140,2142,2021-03-15,2021-03-17,5.501,2148,2150,2021-03-25,2021-03-29,5.390000000000001,5.161,0.461,5.573465126612159,-0.06268323943297194,0.05184924473414351,-0.15583148234732275,2021-03-26,0.5965580644743306,0.7349546523875486,1.3407435365857236,False,0,0.0,0.0,5.138,5.135
7,DOWNTREND_BREAK,FIRST_CONFIRMED_DOWNTREND_BREAK_2223,2021-07-15,2021-07-16,2224,5.2,5.203,10900,202061.56003999992,56724.04254,11.342540000000001,56058.38608,11.21392,0.0,2021-07-19,COMPLETE,5.641,5.641,5.641,,,2225.0,DOWNTREND_BREAK_STRUCTURAL_STOP_FAILED_CLOSE,1.0,-665.6564600000056,-0.011734996840724208,2020_2026,BASE,2021-07-15,2223,5.668,True,NONRISING_CONFIRMED_STRUCTURE,False,False,True,499,False,False,NO_NEW_PIVOT,False,False,5.573,2210,2212,2021-06-28,2021-06-30,5.74,2217,2219,2021-07-07,2021-07-09,5.641,2214,2216,2021-07-02,2021-07-06,5.574000000000001,2219,2221,2021-07-09,2021-07-13,5.573,NEW_BROKEN_DOWNTREND_EVENT,True,True,True,True,H_2217_C_2219,False,5.641,5.6000000000000005,46,2210,2212,2021-06-28,2021-06-30,5.74,2217,2219,2021-07-07,2021-07-09,5.641,2214,2216,2021-07-02,2021-07-06,5.574000000000001,2219,2221,2021-07-09,2021-07-13,5.573,5.207,0.461,5.640414154381418,-0.008887803003570838,0.0012340870554328962,-0.040223043137381134,2021-07-09,0.8786599497221742,0.2324112708178771,0.8605888005857745,False,2500,0.057678838698881255,0.0005976177844403407,5.147,5.144
8,DOWNTREND_BREAK,FIRST_CONFIRMED_DOWNTREND_BREAK_2277,2021-10-08,2021-10-11,2278,5.014,5.017,10700,201395.90357999993,53692.63638,10.73638,52868.824120000005,10.575880000000002,0.0,2021-10-13,COMPLETE,5.424,5.424,5.424,,,2280.0,DOWNTREND_BREAK_STRUCTURAL_STOP_FAILED_CLOSE,2.0,-823.8122599999988,-0.0153431143550042,2020_2026,BASE,2021-10-08,2277,5.4670000000000005,True,NONRISING_CONFIRMED_STRUCTURE,False,False,True,515,True,False,APPENDED_ALTERNATING,False,True,5.382000000000001,2264,2266,2021-09-10,2021-09-14,5.5520000000000005,2273,2275,2021-09-27,2021-09-29,5.424,2268,2270,2021-09-16,2021-09-22,5.3500000000000005,2275,2277,2021-09-29,2021-10-08,5.382000000000001,NEW_BROKEN_DOWNTREND_EVENT,True,True,True,True,H_2273_C_2275,False,5.424,5.396,48,2264,2266,2021-09-10,2021-09-14,5.5520000000000005,2273,2275,2021-09-27,2021-09-29,5.424,2263,2265,2021-09-09,2021-09-13,5.503,2268,2270,2021-09-16,2021-09-22,5.3500000000000005,5.006,0.461,5.42061010448321,-0.008863532933667706,0.005842227794639766,-0.03225972271082514,2021-09-30,0.6907740919552348,0.03472535937277369,0.7961509804885176,False,0,0.0,0.0,4.945,4.942
9,DOWNTREND_BREAK,FIRST_CONFIRMED_DOWNTREND_BREAK_2301,2021-11-11,2021-11-12,2302,4.976,4.979,10000,200572.09131999992,49799.958,9.958,49060.186,9.814,0.0,2021-11-19,COMPLETE,5.401000000000001,5.401000000000001,5.401000000000001,,,2307.0,DOWNTREND_BREAK_STRUCTURAL_STOP_FAILED_CLOSE,5.0,-739.7719999999972,-0.01485487196595622,2020_2026,BASE,2021-11-11,2301,5.433000000000001,True,NONRISING_CONFIRMED_STRUCTURE,False,False,True,524,False,False,NO_NEW_PIVOT,False,False,5.354,2292,2294,2021-10-29,2021-11-02,5.442,2296,2298,2021-11-04,2021-11-08,5.401000000000001,2291,2293,2021-10-28,2021-11-01,5.41,2295,2297,2021-11-03,2021-11-05,5.354,NEW_BROKEN_DOWNTREND_EVENT,True,True,True,True,H_2296_C_2298,False,5.401000000000001,5.353000000000001,49,2292,2294,2021-10-29,2021-11-02,5.442,2296,2298,2021-11-04,2021-11-08,5.401000000000001,2291,2293,2021-10-28,2021-11-01,5.41,2295,2297,2021-11-03,2021-11-05,5.354,4.972,0.461,5.41169416944506,-0.01446557671406179,-0.007385808427062882,-0.0010856440912882237,2021-11-05,1.2961622080823263,-0.5811952717659238,0.7246958536267725,False,6600,0.1436084768978155,0.14444871473995666,4.91,4.907
10,DOWNTREND_BREAK,FIRST_CONFIRMED_DOWNTREND_BREAK_2484,2022-08-11,2022-08-12,2485,4.252,4.255,10800,199832.3193199999,45963.1908,9.190800000000001,45318.53448,9.06552,0.0,2022-08-22,COMPLETE,4.754,4.754,4.771000000000001,,,2491.0,DOWNTREND_BREAK_STRUCTURAL_STOP_FAILED_CLOSE,6.0,-644.6563199999946,-0.014025491024004248,2020_2026,BASE,2022-08-11,2484,4.789999999999999,True,NONRISING_CONFIRMED_STRUCTURE,False,False,True,568,False,False,NO_NEW_PIVOT,False,False,4.6579999999999995,2472,2474,2022-07-26,2022-07-28,4.836,2480,2482,2022-08-05,2022-08-09,4.754,2471,2473,2022-07-25,2022-07-27,4.807,2478,2480,2022-08-03,2022-08-05,4.6579999999999995,NEW_BROKEN_DOWNTREND_EVENT,True,True,True,True,H_2480_C_2482,False,4.754,4.702,52,2472,2474,2022-07-26,2022-07-28,4.836,2480,2482,2022-08-05,2022-08-09,4.754,2471,2473,2022-07-25,2022-07-27,4.807,2478,2480,2022-08-03,2022-08-05,4.6579999999999995,4.254,0.536,4.7812620267843995,-0.034907172123437746,-0.00412605634135399,0.06677636327370545,2022-08-05,1.0856501622851644,0.4628519166977049,1.008586323425101,False,18400,0.3384007925094633,0.34828309885549696,4.2,4.197
11,DOWNTREND_BREAK,FIRST_CONFIRMED_DOWNTREND_BREAK_2537,2022-11-02,2022-11-03,2538,3.717,3.719,11600,199187.6629999999,43149.028080000004,8.62808,42946.20904,8.59096,0.0,2022-11-04,COMPLETE,4.252000000000001,4.252000000000001,4.252000000000001,,,2539.0,DOWNTREND_BREAK_STRUCTURAL_STOP_FAILED_CLOSE,1.0,-202.81904000000213,-0.00470043125013077,2020_2026,BASE,2022-11-02,2537,4.273,True,NONRISING_CONFIRMED_STRUCTURE,False,False,True,579,True,False,APPENDED_ALTERNATING,False,False,4.101,2524,2526,2022-10-14,2022-10-18,4.439,2532,2534,2022-10-26,2022-10-28,4.252000000000001,2531,2533,2022-10-25,2022-10-27,4.224,2535,2537,2022-10-31,2022-11-02,4.101,NEW_BROKEN_DOWNTREND_EVENT,True,True,True,True,H_2532_C_2534,False,4.252000000000001,4.239,53,2524,2526,2022-10-14,2022-10-18,4.439,2532,2534,2022-10-26,2022-10-28,4.252000000000001,2521,2523,2022-10-11,2022-10-13,4.322,2531,2533,2022-10-25,2022-10-27,4.224,3.737,0.536,4.3118503594563045,-0.08705095718928568,-0.0011732379529345582,-0.08592597567867727,2022-10-28,1.333015838192125,-0.007464465815663844,1.5705755800595347,False,0,0.0,0.0,3.705,3.7030000000000003
12,DOWNTREND_BREAK,FIRST_CONFIRMED_DOWNTREND_BREAK_2580,2023-01-03,2023-01-04,2581,3.948,3.95,10700,198984.8439599999,42273.453,8.453000000000001,43861.225999999995,8.774,684.8000000000001,2023-02-06,COMPLETE,4.4830000000000005,4.4830000000000005,4.759,,,2599.0,DOWNTREND_BREAK_STRUCTURAL_STOP_FAILED_CLOSE,18.0,2272.5729999999967,0.053758868479468584,2020_2026,BASE,2023-01-03,2580,4.484999999999999,True,NONRISING_CONFIRMED_STRUCTURE,False,False,True,587,True,False,APPENDED_ALTERNATING,False,True,4.458,2569,2571,2022-12-16,2022-12-20,4.553000000000001,2576,2578,2022-12-27,2022-12-29,4.4830000000000005,2574,2576,2022-12-23,2022-12-27,4.427,2578,2580,2022-12-29,2023-01-03,4.458,NEW_BROKEN_DOWNTREND_EVENT,True,True,True,True,H_2576_C_2578,False,4.4830000000000005,4.474,54,2569,2571,2022-12-16,2022-12-20,4.553000000000001,2576,2578,2022-12-27,2022-12-29,4.4830000000000005,2566,2568,2022-12-13,2022-12-15,4.541,2574,2576,2022-12-23,2022-12-27,4.427,3.949,0.536,4.4720899661259645,0.00555774917692986,-0.012925028834351607,0.0491935419201511,2022-12-30,1.0093496701662716,0.15375994629414075,0.66260512454348,False,0,0.0,0.0,4.103,4.1
13,DOWNTREND_BREAK,FIRST_CONFIRMED_DOWNTREND_BREAK_2637,2023-03-30,2023-03-31,2638,4.045,4.048,13100,201257.4169599999,53039.40576,10.605760000000002,52730.05188,10.54812,0.0,2023-04-24,COMPLETE,4.631,4.631,4.663,,,2653.0,DOWNTREND_BREAK_STRUCTURAL_STOP_FAILED_CLOSE,15.0,-309.3538800000024,-0.005832529146344689,2020_2026,BASE,2023-03-30,2637,4.640000000000001,True,NONRISING_CONFIRMED_STRUCTURE,False,False,True,598,False,False,NO_NEW_PIVOT,False,False,4.532,2618,2620,2023-03-03,2023-03-07,4.724,2632,2634,2023-03-23,2023-03-27,4.631,2614,2616,2023-02-27,2023-03-01,4.645,2629,2631,2023-03-20,2023-03-22,4.532,NEW_BROKEN_DOWNTREND_EVENT,True,True,True,True,H_2632_C_2634,False,4.631,4.5969999999999995,55,2618,2620,2023-03-03,2023-03-07,4.724,2632,2634,2023-03-23,2023-03-27,4.631,2614,2616,2023-02-27,2023-03-01,4.645,2629,2631,2023-03-20,2023-03-22,4.532,4.04,0.6000000000000001,4.6141543489175865,-0.013462408446158314,0.013575177842125682,0.023645057403102115,2023-03-24,1.1263901861415213,-0.2868471160298285,0.7715717630446186,False,28200,0.4870118703914553,0.821589032039885,4.029,4.026
14,DOWNTREND_BREAK,FIRST_CONFIRMED_DOWNTREND_BREAK_2686,2023-06-13,2023-06-14,2687,3.879,3.8810000000000002,13300,200948.06307999988,51627.62346,10.32346,51061.7856,10.214400000000001,0.0,2023-06-27,COMPLETE,4.463,4.463,4.463,,,2694.0,DOWNTREND_BREAK_STRUCTURAL_STOP_FAILED_CLOSE,7.0,-565.8378599999996,-0.010959982700702831,2020_2026,BASE,2023-06-13,2686,4.477,True,NONRISING_CONFIRMED_STRUCTURE,False,False,True,607,False,False,NO_NEW_PIVOT,False,False,4.396,2665,2667,2023-05-15,2023-05-17,4.595000000000001,2679,2681,2023-06-02,2023-06-06,4.463,2677,2679,2023-05-31,2023-06-02,4.402,2682,2684,2023-06-07,2023-06-09,4.396,NEW_BROKEN_DOWNTREND_EVENT,True,True,True,True,H_2679_C_2681,False,4.463,4.448,57,2665,2667,2023-05-15,2023-05-17,4.595000000000001,2679,2681,2023-06-02,2023-06-06,4.463,2677,2679,2023-05-31,2023-06-02,4.402,2682,2684,2023-06-07,2023-06-09,4.396,3.877,0.6000000000000001,4.470245386672155,-0.036668699332100374,0.0163694973290152,-0.0442587411887832,2023-06-09,0.7062619684402426,0.6443234784536681,0.7763516893873628,False,0,0.0,0.0,3.842,3.84
15,DOWNTREND_BREAK,FIRST_CONFIRMED_DOWNTREND_BREAK_2742,2023-09-01,2023-09-04,2743,3.89,3.892,12600,200382.22521999988,49049.00784,9.80784,48034.19124,9.60876,0.0,2023-09-08,COMPLETE,4.459,4.459,4.459,,,2747.0,DOWNTREND_BREAK_STRUCTURAL_STOP_FAILED_CLOSE,4.0,-1014.8165999999983,-0.0206898496970698,2020_2026,BASE,2023-09-01,2742,4.462,True,NONRISING_CONFIRMED_STRUCTURE,False,False,True,620,False,False,NO_NEW_PIVOT,False,False,4.368,2722,2724,2023-08-04,2023-08-08,4.694000000000001,2739,2741,2023-08-29,2023-08-31,4.459,2720,2722,2023-08-02,2023-08-04,4.6370000000000005,2735,2737,2023-08-23,2023-08-25,4.368,NEW_BROKEN_DOWNTREND_EVENT,True,True,True,True,H_2739_C_2741,False,4.459,4.439,58,2722,2724,2023-08-04,2023-08-08,4.694000000000001,2739,2741,2023-08-29,2023-08-31,4.459,2720,2722,2023-08-02,2023-08-04,4.6370000000000005,2735,2737,2023-08-23,2023-08-25,4.368,3.862,0.6000000000000001,4.477136630994776,-0.033738786449935,-0.001589008061458827,-0.014229828973198154,2023-08-25,0.6975785581056332,0.5120359776612963,1.033422947407268,False,0,0.0,0.0,3.815,3.813
16,DOWNTREND_BREAK,FIRST_CONFIRMED_DOWNTREND_BREAK_2781,2023-11-03,2023-11-06,2782,3.675,3.677,11900,199367.4086199999,43765.05126,8.75126,43445.68128,13.61872,0.0,2023-11-14,COMPLETE,4.252000000000001,4.252000000000001,4.252000000000001,,,2788.0,DOWNTREND_BREAK_STRUCTURAL_STOP_FAILED_CLOSE,6.0,-319.3699800000031,-0.007297374750064514,2020_2026,BASE,2023-11-03,2781,4.253,True,NONRISING_CONFIRMED_STRUCTURE,False,False,True,630,False,False,NO_NEW_PIVOT,False,False,4.144,2765,2767,2023-10-12,2023-10-16,4.371,2777,2779,2023-10-30,2023-11-01,4.252000000000001,2763,2765,2023-10-10,2023-10-12,4.327,2772,2774,2023-10-23,2023-10-25,4.144,NEW_BROKEN_DOWNTREND_EVENT,True,True,True,True,H_2777_C_2779,False,4.252000000000001,4.225,59,2765,2767,2023-10-12,2023-10-16,4.371,2777,2779,2023-10-30,2023-11-01,4.252000000000001,2763,2765,2023-10-10,2023-10-12,4.327,2772,2774,2023-10-23,2023-10-25,4.144,3.653,0.6000000000000001,4.25936042945054,-0.03980408242682287,0.019729683675216686,-0.053658985113630236,2023-10-27,0.9634112969608856,-0.14912848985783567,0.988155243257918,False,0,0.0,0.0,3.654,3.652
17,DOWNTREND_BREAK,FIRST_CONFIRMED_DOWNTREND_BREAK_2820,2023-12-28,2023-12-29,2821,3.488,3.49,12100,199048.0386399999,42237.4458,8.4458,41166.50736,17.89264,0.0,2024-01-05,COMPLETE,4.015000000000001,4.015000000000001,4.015000000000001,,,2825.0,DOWNTREND_BREAK_STRUCTURAL_STOP_FAILED_CLOSE,4.0,-1070.938439999998,-0.025355189446611803,2020_2026,BASE,2023-12-28,2820,4.089,True,NONRISING_CONFIRMED_STRUCTURE,False,False,True,639,True,False,APPENDED_ALTERNATING,False,True,3.995,2808,2810,2023-12-12,2023-12-14,4.093,2817,2819,2023-12-25,2023-12-27,4.015000000000001,2814,2816,2023-12-20,2023-12-22,3.9690000000000003,2818,2820,2023-12-26,2023-12-28,3.995,NEW_BROKEN_DOWNTREND_EVENT,True,True,True,True,H_2817_C_2819,False,4.015000000000001,4.005,60,2808,2810,2023-12-12,2023-12-14,4.093,2817,2819,2023-12-25,2023-12-27,4.015000000000001,2805,2807,2023-12-07,2023-12-11,4.054,2814,2816,2023-12-20,2023-12-22,3.9690000000000003,3.489,0.6000000000000001,4.0541372702698855,-0.04273560110245178,0.020570543639434863,-0.056027066738649656,2023-12-22,2.7076100709986655,0.7803773258945736,1.1200430812115245,False,0,0.0,0.0,3.404,3.402
18,DOWNTREND_BREAK,FIRST_CONFIRMED_DOWNTREND_BREAK_2947,2024-07-11,2024-07-12,2948,3.511,3.513,10600,197977.1001999999,37245.247559999996,7.447559999999999,37018.39483999999,7.4051599999999995,0.0,2024-07-24,COMPLETE,4.17,4.17,4.17,,,2956.0,DOWNTREND_BREAK_STRUCTURAL_STOP_FAILED_CLOSE,8.0,-226.8527200000026,-0.006090782982031617,2020_2026,BASE,2024-07-11,2947,4.178,True,NONRISING_CONFIRMED_STRUCTURE,False,False,True,667,False,False,NO_NEW_PIVOT,False,False,4.103,2930,2932,2024-06-18,2024-06-20,4.224,2939,2941,2024-07-01,2024-07-03,4.17,2935,2937,2024-06-25,2024-06-27,4.147,2944,2946,2024-07-08,2024-07-10,4.103,NEW_BROKEN_DOWNTREND_EVENT,True,True,True,True,H_2939_C_2941,False,4.17,4.132,63,2930,2932,2024-06-18,2024-06-20,4.224,2939,2941,2024-07-01,2024-07-03,4.17,2935,2937,2024-06-25,2024-06-27,4.147,2944,2946,2024-07-08,2024-07-10,4.103,3.509,0.669,4.169519146691586,-0.026009432302052993,0.004678678695608882,-0.01248471158131045,2024-07-05,1.1718299392221998,-0.19640762362932207,0.6970445863133771,False,27000,0.39825847328099573,0.35457425190383834,3.495,3.493
19,DOWNTREND_BREAK,FIRST_CONFIRMED_DOWNTREND_BREAK_2998,2024-09-24,2024-09-25,2999,3.489,3.491,10300,197750.2474799999,35964.491460000005,7.191460000000001,40851.92798,8.17202,0.0,2024-10-31,COMPLETE,4.063000000000001,4.063000000000001,4.68,,,3020.0,DOWNTREND_BREAK_STRUCTURAL_STOP_FAILED_CLOSE,21.0,4887.436519999996,0.13589616651290182,2020_2026,BASE,2024-09-24,2998,4.096,True,NONRISING_CONFIRMED_STRUCTURE,False,False,True,675,False,False,NO_NEW_PIVOT,False,False,3.8970000000000002,2974,2976,2024-08-19,2024-08-21,4.088,2979,2981,2024-08-26,2024-08-28,4.063000000000001,2977,2979,2024-08-22,2024-08-26,4.048,2993,2995,2024-09-13,2024-09-19,3.8970000000000002,NEW_BROKEN_DOWNTREND_EVENT,True,True,True,True,H_2979_C_2981,False,4.063000000000001,3.952,64,2974,2976,2024-08-19,2024-08-21,4.088,2979,2981,2024-08-26,2024-08-28,4.063000000000001,2977,2979,2024-08-22,2024-08-26,4.048,2993,2995,2024-09-13,2024-09-19,3.8970000000000002,3.427,0.669,3.9846375461238845,-0.026018650938682608,0.026645282398940554,-0.05395937409051266,2024-09-20,3.338421146757299,1.0,1.5744703370970667,True,0,0.0,0.3191876984547226,3.969,3.967
20,DOWNTREND_BREAK,FIRST_CONFIRMED_DOWNTREND_BREAK_3046,2024-12-06,2024-12-09,3047,4.054,4.057,14700,202637.68399999992,59649.82758000001,11.927580000000003,59008.69589999999,11.804099999999998,0.0,2024-12-16,COMPLETE,4.704000000000001,4.704000000000001,4.704000000000001,,,3052.0,DOWNTREND_BREAK_STRUCTURAL_STOP_FAILED_CLOSE,5.0,-641.1316800000204,-0.010748257053051154,2020_2026,BASE,2024-12-06,3046,4.726000000000001,True,NONRISING_CONFIRMED_STRUCTURE,False,False,True,684,False,False,NO_NEW_PIVOT,False,False,4.5920000000000005,3035,3037,2024-11-21,2024-11-25,4.742000000000001,3043,3045,2024-12-03,2024-12-05,4.704000000000001,3032,3034,2024-11-18,2024-11-20,4.707000000000001,3038,3040,2024-11-26,2024-11-28,4.5920000000000005,NEW_BROKEN_DOWNTREND_EVENT,True,True,True,True,H_3043_C_3045,False,4.704000000000001,4.676,65,3035,3037,2024-11-21,2024-11-25,4.742000000000001,3043,3045,2024-12-03,2024-12-05,4.704000000000001,3032,3034,2024-11-18,2024-11-20,4.707000000000001,3038,3040,2024-11-26,2024-11-28,4.5920000000000005,4.057,0.669,4.691838091413686,0.007004889196480235,-0.0127464717270389,0.07145157809704344,2024-11-29,1.1631406646475595,0.41592286224022507,1.3078836615135543,False,0,0.0,0.0,4.018,4.015
21,DOWNTREND_BREAK,FIRST_CONFIRMED_DOWNTREND_BREAK_3058,2024-12-24,2024-12-25,3059,4.072,4.075,13900,201996.5523199999,56653.8285,11.3285,55825.13274,11.16726,0.0,2025-01-02,COMPLETE,4.699,4.699,4.699,,,3064.0,DOWNTREND_BREAK_STRUCTURAL_STOP_FAILED_CLOSE,5.0,-828.6957600000023,-0.014627356737241548,2020_2026,BASE,2024-12-24,3058,4.7379999999999995,True,NONRISING_CONFIRMED_STRUCTURE,False,False,True,689,True,False,APPENDED_ALTERNATING,False,True,4.686999999999999,3050,3052,2024-12-12,2024-12-16,4.786,3055,3057,2024-12-19,2024-12-23,4.699,3052,3054,2024-12-16,2024-12-18,4.665,3056,3058,2024-12-20,2024-12-24,4.686999999999999,NEW_BROKEN_DOWNTREND_EVENT,True,True,True,True,H_3055_C_3057,False,4.699,4.691000000000001,66,3050,3052,2024-12-12,2024-12-16,4.786,3055,3057,2024-12-19,2024-12-23,4.699,3045,3047,2024-12-05,2024-12-09,4.676,3052,3054,2024-12-16,2024-12-18,4.665,4.069,0.669,4.703121804973102,0.005661973153156197,-0.00306997194203267,0.02500660895809348,2024-12-20,1.162686742087299,0.6001810706138557,1.026090022448111,False,0,0.0,0.0,4.02,4.017
22,DOWNTREND_BREAK,FIRST_CONFIRMED_DOWNTREND_BREAK_3072,2025-01-14,2025-01-15,3073,3.896,3.898,13500,201167.8565599999,52633.5246,10.524600000000001,53894.7189,10.7811,0.0,2025-03-03,COMPLETE,4.5489999999999995,4.5489999999999995,4.6899999999999995,,,3100.0,DOWNTREND_BREAK_STRUCTURAL_STOP_FAILED_CLOSE,27.0,1261.1943000000028,0.023961805894336836,2020_2026,BASE,2025-01-14,3072,4.575,True,NONRISING_CONFIRMED_STRUCTURE,False,False,True,692,False,False,NO_NEW_PIVOT,False,False,4.522,3062,3064,2024-12-30,2025-01-02,4.755000000000001,3067,3069,2025-01-07,2025-01-09,4.5489999999999995,3056,3058,2024-12-20,2024-12-24,4.686999999999999,3066,3068,2025-01-06,2025-01-08,4.522,NEW_BROKEN_DOWNTREND_EVENT,True,True,True,True,H_3067_C_3069,False,4.5489999999999995,4.477,67,3062,3064,2024-12-30,2025-01-02,4.755000000000001,3067,3069,2025-01-07,2025-01-09,4.5489999999999995,3056,3058,2024-12-20,2024-12-24,4.686999999999999,3066,3068,2025-01-06,2025-01-08,4.522,3.906,0.669,4.605866431912707,-0.04832656623780007,-0.02838482115010013,-0.043592488752187436,2025-01-10,1.3042969508152098,-0.416452621789927,1.2081934974129458,False,0,0.0,0.0,3.995,3.993
23,DOWNTREND_BREAK,FIRST_CONFIRMED_DOWNTREND_BREAK_3148,2025-05-14,2025-05-15,3149,4.038,4.041,14500,202429.0508599999,58606.21890000001,11.718900000000001,57973.9029,11.597100000000001,0.0,2025-05-16,COMPLETE,4.698,4.698,4.698,,,3150.0,DOWNTREND_BREAK_STRUCTURAL_STOP_FAILED_CLOSE,1.0,-632.3160000000062,-0.010789230424145415,2020_2026,BASE,2025-05-14,3148,4.714,True,NONRISING_CONFIRMED_STRUCTURE,False,False,True,709,False,False,NO_NEW_PIVOT,False,False,4.364,3112,3114,2025-03-19,2025-03-21,4.7780000000000005,3116,3118,2025-03-25,2025-03-27,4.698,3114,3116,2025-03-21,2025-03-25,4.679,3124,3126,2025-04-07,2025-04-09,4.364,NEW_BROKEN_DOWNTREND_EVENT,True,True,True,True,H_3116_C_3118,False,4.698,4.663,68,3112,3114,2025-03-19,2025-03-21,4.7780000000000005,3116,3118,2025-03-25,2025-03-27,4.698,3114,3116,2025-03-21,2025-03-25,4.679,3124,3126,2025-04-07,2025-04-09,4.364,4.045,0.669,4.5987532734025525,0.018612215343165595,0.04394445424688556,-0.04984066547241353,2025-05-09,1.583769434042606,0.6789984782086655,0.4780891578329158,True,0,0.0,0.0,4.002,3.999
24,DOWNTREND_BREAK,FIRST_CONFIRMED_DOWNTREND_BREAK_3162,2025-06-04,2025-06-05,3163,3.978,3.98,14000,201796.7348599999,55731.144,11.144,54169.164,10.836,1232.0,2025-06-20,COMPLETE,4.635,4.635,4.649,,,3174.0,DOWNTREND_BREAK_STRUCTURAL_STOP_FAILED_CLOSE,11.0,-329.9800000000032,-0.005920926367490378,2020_2026,BASE,2025-06-04,3162,4.643000000000001,True,NONRISING_CONFIRMED_STRUCTURE,False,False,True,714,False,False,NO_NEW_PIVOT,False,False,4.611000000000001,3153,3155,2025-05-21,2025-05-23,4.688000000000001,3159,3161,2025-05-29,2025-06-03,4.635,3151,3153,2025-05-19,2025-05-21,4.652,3158,3160,2025-05-28,2025-05-30,4.611000000000001,NEW_BROKEN_DOWNTREND_EVENT,True,True,True,True,H_3159_C_3161,False,4.635,4.6259999999999994,69,3153,3155,2025-05-21,2025-05-23,4.688000000000001,3159,3161,2025-05-29,2025-06-03,4.635,3151,3153,2025-05-19,2025-05-21,4.652,3158,3160,2025-05-28,2025-05-30,4.611000000000001,3.974,0.669,4.63180959180811,0.00901387621522165,-0.009153682147417758,-0.020979272921674084,2025-05-30,0.633188534379834,-0.1604532326479703,0.6736670362412978,False,3700,0.05933355436394464,0.07616332616120185,3.872,3.87
25,DOWNTREND_BREAK,FIRST_CONFIRMED_DOWNTREND_BREAK_3176,2025-06-24,2025-06-25,3177,3.939,3.9410000000000003,13700,201466.7548599999,54002.498340000006,10.798340000000001,60911.71522,12.184780000000002,0.0,2025-09-05,COMPLETE,4.661,4.661,5.231999999999999,,,3229.0,DOWNTREND_BREAK_STRUCTURAL_STOP_FAILED_CLOSE,52.0,6909.216879999993,0.12794254140798317,2020_2026,BASE,2025-06-24,3176,4.693,True,NONRISING_CONFIRMED_STRUCTURE,False,False,True,719,False,False,NO_NEW_PIVOT,False,False,4.63,3168,3170,2025-06-12,2025-06-16,4.675000000000001,3172,3174,2025-06-18,2025-06-20,4.661,3169,3171,2025-06-13,2025-06-17,4.649,3173,3175,2025-06-19,2025-06-23,4.63,NEW_BROKEN_DOWNTREND_EVENT,True,True,True,True,H_3172_C_3174,False,4.661,4.648,70,3168,3170,2025-06-12,2025-06-16,4.675000000000001,3172,3174,2025-06-18,2025-06-20,4.661,3169,3171,2025-06-13,2025-06-17,4.649,3173,3175,2025-06-19,2025-06-23,4.63,3.936,0.757,4.650757583661209,0.00848729170869067,-0.0004473926112282742,-0.01099932394255665,2025-06-20,2.0450568885697775,0.6545639356009878,0.5527747861886456,True,400,0.006364033346821372,0.2251698950724231,4.45,4.447
26,DOWNTREND_BREAK,FIRST_CONFIRMED_DOWNTREND_BREAK_3233,2025-09-11,2025-09-12,3234,4.662,4.665,18800,208375.9717399999,87719.5404,17.5404,87316.86016,26.63984,0.0,2025-10-20,COMPLETE,5.311999999999999,5.311999999999999,5.401999999999999,,,3254.0,DOWNTREND_BREAK_STRUCTURAL_STOP_FAILED_CLOSE,20.0,-402.6802400000015,-0.004590542063533218,2020_2026,BASE,2025-09-11,3233,5.417,True,NONRISING_CONFIRMED_STRUCTURE,False,False,True,733,True,False,APPENDED_ALTERNATING,False,True,5.284999999999999,3225,3227,2025-09-01,2025-09-03,5.372999999999999,3230,3232,2025-09-08,2025-09-10,5.311999999999999,3228,3230,2025-09-04,2025-09-08,5.213,3231,3233,2025-09-09,2025-09-11,5.284999999999999,NEW_BROKEN_DOWNTREND_EVENT,True,True,True,True,H_3230_C_3232,False,5.311999999999999,5.295,71,3225,3227,2025-09-01,2025-09-03,5.372999999999999,3230,3232,2025-09-08,2025-09-10,5.311999999999999,3222,3224,2025-08-27,2025-08-29,5.231999999999999,3228,3230,2025-09-04,2025-09-08,5.213,4.66,0.757,5.244543675833247,0.09005454709120286,-0.008457425744894498,0.11835970437515692,2025-09-05,0.9176974295853991,0.6880330569918374,1.49363637384169,True,27000,0.4848062304579789,0.4878465688375388,4.651,4.648
27,DOWNTREND_BREAK,FIRST_CONFIRMED_DOWNTREND_BREAK_3258,2025-10-24,2025-10-27,3259,4.808,4.811,17800,207973.29149999988,85652.92716,17.12716,84112.71728000001,25.882720000000003,0.0,2025-11-17,COMPLETE,5.478,5.478,5.52,,,3274.0,DOWNTREND_BREAK_STRUCTURAL_STOP_FAILED_CLOSE,15.0,-1540.2098799999949,-0.01798198766894302,2020_2026,BASE,2025-10-24,3258,5.526999999999999,True,NONRISING_CONFIRMED_STRUCTURE,False,False,True,739,False,False,NO_NEW_PIVOT,False,False,5.380999999999999,3247,3249,2025-10-09,2025-10-13,5.5729999999999995,3252,3254,2025-10-16,2025-10-20,5.478,3250,3252,2025-10-14,2025-10-16,5.401999999999999,3253,3255,2025-10-17,2025-10-21,5.380999999999999,NEW_BROKEN_DOWNTREND_EVENT,True,True,True,True,H_3252_C_3254,False,5.478,5.47,72,3247,3249,2025-10-09,2025-10-13,5.5729999999999995,3252,3254,2025-10-16,2025-10-20,5.478,3250,3252,2025-10-14,2025-10-16,5.401999999999999,3253,3255,2025-10-17,2025-10-21,5.380999999999999,4.77,0.757,5.434369603440233,0.04405733344794438,-0.01165022600445785,0.06085831126365393,2025-10-17,0.9962343024667513,0.7114628983838587,1.1606515557380426,False,0,0.0,0.0,4.73,4.727
28,DOWNTREND_BREAK,FIRST_CONFIRMED_DOWNTREND_BREAK_3288,2025-12-05,2025-12-08,3289,4.711,4.714,16600,206433.0816199999,78268.05048,15.650480000000002,77589.479,15.521,0.0,2025-12-12,COMPLETE,5.444,5.444,5.444,,,3293.0,DOWNTREND_BREAK_STRUCTURAL_STOP_FAILED_CLOSE,4.0,-678.5714799999987,-0.008669840066776615,2020_2026,BASE,2025-12-05,3288,5.455,True,NONRISING_CONFIRMED_STRUCTURE,False,False,True,747,True,False,APPENDED_ALTERNATING,False,True,5.401999999999999,3272,3274,2025-11-13,2025-11-17,5.569,3284,3286,2025-12-01,2025-12-03,5.444,3279,3281,2025-11-24,2025-11-26,5.314,3286,3288,2025-12-03,2025-12-05,5.401999999999999,NEW_BROKEN_DOWNTREND_EVENT,True,True,True,True,H_3284_C_3286,False,5.444,5.414,73,3272,3274,2025-11-13,2025-11-17,5.569,3284,3286,2025-12-01,2025-12-03,5.444,3270,3272,2025-11-11,2025-11-13,5.52,3279,3281,2025-11-24,2025-11-26,5.314,4.698,0.757,5.431270997313205,-0.014968575632299697,0.004919594751265237,-0.03630921907244877,2025-11-28,1.2019345852230374,0.36362401330229743,0.9534998348932398,False,0,0.0,0.0,4.678,4.675
29,DOWNTREND_BREAK,FIRST_CONFIRMED_DOWNTREND_BREAK_3299,2025-12-22,2025-12-23,3300,4.735,4.738,15800,205754.5101399999,74875.37208000002,14.972080000000002,74782.24055999999,14.95944,1943.3999999999999,2026-01-19,COMPLETE,5.4559999999999995,5.4559999999999995,5.62,,,3317.0,DOWNTREND_BREAK_STRUCTURAL_STOP_FAILED_CLOSE,17.0,1850.2684799999697,0.024711309321081766,2020_2026,BASE,2025-12-22,3299,5.487,True,NONRISING_CONFIRMED_STRUCTURE,False,False,True,750,False,False,NO_NEW_PIVOT,False,False,5.377,3289,3291,2025-12-08,2025-12-10,5.489,3296,3298,2025-12-17,2025-12-19,5.4559999999999995,3286,3288,2025-12-03,2025-12-05,5.401999999999999,3295,3297,2025-12-16,2025-12-18,5.377,NEW_BROKEN_DOWNTREND_EVENT,True,True,True,True,H_3296_C_3298,False,5.4559999999999995,5.444999999999999,74,3289,3291,2025-12-08,2025-12-10,5.489,3296,3298,2025-12-17,2025-12-19,5.4559999999999995,3286,3288,2025-12-03,2025-12-05,5.401999999999999,3295,3297,2025-12-16,2025-12-18,5.377,4.73,0.757,5.44037962474001,0.0006372203936617638,0.01095360753104804,-0.049950142694140665,2025-12-19,1.2141100853564146,0.3110856902448782,0.8271306351647318,False,23900,0.43589222926660964,0.8213261090294472,4.737,4.734
30,DOWNTREND_BREAK,FIRST_CONFIRMED_DOWNTREND_BREAK_3332,2026-02-09,2026-02-10,3333,4.733,4.736,17700,207604.77861999988,83843.96544,16.76544,83562.68412,16.715880000000002,0.0,2026-02-24,COMPLETE,5.587,5.587,5.587,,,3337.0,DOWNTREND_BREAK_STRUCTURAL_STOP_FAILED_CLOSE,4.0,-281.2813199999946,-0.0033548189010845835,2020_2026,BASE,2026-02-09,3332,5.607,True,NONRISING_CONFIRMED_STRUCTURE,False,False,True,758,False,False,NO_NEW_PIVOT,False,False,5.4799999999999995,3325,3327,2026-01-29,2026-02-02,5.648,3329,3331,2026-02-04,2026-02-06,5.587,3321,3323,2026-01-23,2026-01-27,5.584,3327,3329,2026-02-02,2026-02-04,5.4799999999999995,NEW_BROKEN_DOWNTREND_EVENT,True,True,True,True,H_3329_C_3331,False,5.587,5.529,75,3325,3327,2026-01-29,2026-02-02,5.648,3329,3331,2026-02-04,2026-02-06,5.587,3321,3323,2026-01-23,2026-01-27,5.584,3327,3329,2026-02-02,2026-02-04,5.4799999999999995,4.727,0.88,5.577646723279415,0.002211310323231075,-0.015380404460755805,-0.035196205264619085,2026-02-06,0.2417567806391119,0.21438010107720706,1.0813154593682943,False,0,0.0,0.0,4.725,4.722
31,DOWNTREND_BREAK,FIRST_CONFIRMED_DOWNTREND_BREAK_3415,2026-06-18,2026-06-22,3416,4.983,4.986,16600,207323.49729999987,82784.15351999999,16.55352,81755.24568,16.35432,0.0,2026-06-24,COMPLETE,5.845,5.845,5.845,,,3418.0,DOWNTREND_BREAK_STRUCTURAL_STOP_FAILED_CLOSE,2.0,-1028.9078399999853,-0.012428801844925664,2020_2026,BASE,2026-06-18,3415,5.864,True,NONRISING_CONFIRMED_STRUCTURE,False,False,True,779,False,False,NO_NEW_PIVOT,False,False,5.619,3398,3400,2026-05-26,2026-05-28,5.852,3404,3406,2026-06-03,2026-06-05,5.845,3402,3404,2026-06-01,2026-06-03,5.748,3407,3409,2026-06-08,2026-06-10,5.619,NEW_BROKEN_DOWNTREND_EVENT,True,True,True,True,H_3404_C_3406,False,5.845,5.838,76,3398,3400,2026-05-26,2026-05-28,5.852,3404,3406,2026-06-03,2026-06-05,5.845,3402,3404,2026-06-01,2026-06-03,5.748,3407,3409,2026-06-08,2026-06-10,5.619,4.984,0.88,5.761148285684144,0.019185822070103775,0.015206371404804912,0.0052387246121263775,2026-06-12,1.7945580447241696,0.6970177880736724,1.3520341052695135,True,19800,0.37746469936194743,0.22746475128910365,4.929,4.926
32,DOWNTREND_BREAK,FIRST_CONFIRMED_DOWNTREND_BREAK_3429,2026-07-09,2026-07-10,3430,4.918,4.921,15800,206294.58945999987,77767.35036,15.550360000000001,75809.03516000001,15.164840000000003,0.0,2026-07-13,COMPLETE,5.757,5.757,5.757,,,3431.0,DOWNTREND_BREAK_STRUCTURAL_STOP_FAILED_CLOSE,1.0,-1958.3151999999827,-0.025181714317571137,2020_2026,BASE,2026-07-09,3429,5.796,True,NONRISING_CONFIRMED_STRUCTURE,False,False,True,786,False,False,NO_NEW_PIVOT,False,False,5.7299999999999995,3422,3424,2026-06-30,2026-07-02,5.899,3426,3428,2026-07-06,2026-07-08,5.757,3420,3422,2026-06-26,2026-06-30,5.787,3424,3426,2026-07-02,2026-07-06,5.7299999999999995,NEW_BROKEN_DOWNTREND_EVENT,True,True,True,True,H_3426_C_3428,False,5.757,5.678,77,3422,3424,2026-06-30,2026-07-02,5.899,3426,3428,2026-07-06,2026-07-08,5.757,3420,3422,2026-06-26,2026-06-30,5.787,3424,3426,2026-07-02,2026-07-06,5.7299999999999995,4.916,0.88,5.7832782863386,-0.004057279918232126,-0.030262093031173644,0.0024434120553241123,2026-07-03,0.7180172402162524,0.5023169919296073,1.768277006807542,False,0,0.0,0.0,4.802,4.799
1,DOWNTREND_BREAK,FIRST_CONFIRMED_DOWNTREND_BREAK_1881,2020-02-20,2020-02-21,1882,4.123,4.128,18200,200000.0,75159.65184,30.051840000000002,71752.08768,28.712320000000002,0.0,2020-03-02,COMPLETE,4.453,4.453,4.453,,,1888.0,DOWNTREND_BREAK_STRUCTURAL_STOP_FAILED_CLOSE,6.0,-3407.564160000009,-0.04533767888193571,2020_2026,STRESS,2020-02-20,1881,4.5200000000000005,True,NONRISING_CONFIRMED_STRUCTURE,False,False,True,422,False,False,NO_NEW_PIVOT,False,False,4.048,1864,1866,2020-01-20,2020-01-22,4.57,1878,1880,2020-02-17,2020-02-19,4.453,1862,1864,2020-01-16,2020-01-20,4.535,1868,1870,2020-02-03,2020-02-05,4.048,NEW_BROKEN_DOWNTREND_EVENT,True,True,True,True,H_1878_C_1880,False,4.453,4.429,40,1864,1866,2020-01-20,2020-01-22,4.57,1878,1880,2020-02-17,2020-02-19,4.453,1862,1864,2020-01-16,2020-01-20,4.535,1868,1870,2020-02-03,2020-02-05,4.048,4.131,0.389,4.39500333757128,0.004346000040787779,0.0416194494192825,-0.021231573799956438,2020-02-14,1.403236293493182,0.4643271625157801,2.4368811693383683,False,8600,0.17210909545185643,0.17424815250836231,3.948,3.944
2,DOWNTREND_BREAK,FIRST_CONFIRMED_DOWNTREND_BREAK_1948,2020-05-29,2020-06-01,1949,3.898,3.902,15500,196592.43584,60505.1924,24.192400000000003,71008.0788,44.7212,0.0,2020-07-27,COMPLETE,4.252,4.252,4.945,,,1987.0,DOWNTREND_BREAK_STRUCTURAL_STOP_FAILED_CLOSE,38.0,10502.886400000003,0.17358653007109523,2020_2026,STRESS,2020-05-29,1948,4.255,True,NONRISING_CONFIRMED_STRUCTURE,False,False,True,438,False,False,NO_NEW_PIVOT,False,False,4.204,1940,1942,2020-05-19,2020-05-21,4.332,1945,1947,2020-05-26,2020-05-28,4.252,1938,1940,2020-05-15,2020-05-19,4.291,1943,1945,2020-05-22,2020-05-26,4.204,NEW_BROKEN_DOWNTREND_EVENT,True,True,True,True,H_1945_C_1947,False,4.252,4.239,41,1940,1942,2020-05-19,2020-05-21,4.332,1945,1947,2020-05-26,2020-05-28,4.252,1938,1940,2020-05-15,2020-05-19,4.291,1943,1945,2020-05-22,2020-05-26,4.204,3.866,0.389,4.259195190953496,0.003780100265228903,-0.021343930816705495,-0.012292742354913302,2020-05-22,0.8332987052396216,0.6900525059385528,0.9098190732230256,False,0,0.0,0.0,4.583,4.578
3,DOWNTREND_BREAK,FIRST_CONFIRMED_DOWNTREND_BREAK_1992,2020-08-03,2020-08-04,1993,4.849,4.854,14200,207095.32223999998,68954.37072,27.57072,67120.1232,31.4768,0.0,2020-08-10,COMPLETE,5.181,5.181,5.181,,,1997.0,DOWNTREND_BREAK_STRUCTURAL_STOP_FAILED_CLOSE,4.0,-1834.2475200000044,-0.026600888396882818,2020_2026,STRESS,2020-08-03,1992,5.214,True,NONRISING_CONFIRMED_STRUCTURE,False,False,True,443,False,False,NO_NEW_PIVOT,False,False,4.9430000000000005,1977,1979,2020-07-13,2020-07-15,5.274,1984,1986,2020-07-22,2020-07-24,5.181,1980,1982,2020-07-16,2020-07-20,4.945,1986,1988,2020-07-24,2020-07-28,4.9430000000000005,NEW_BROKEN_DOWNTREND_EVENT,True,True,True,True,H_1984_C_1986,False,5.181,5.139,42,1977,1979,2020-07-13,2020-07-15,5.274,1984,1986,2020-07-22,2020-07-24,5.181,1980,1982,2020-07-16,2020-07-20,4.945,1986,1988,2020-07-24,2020-07-28,4.9430000000000005,4.825,0.389,5.040365923887947,0.10731224360433345,-0.0356562356359203,0.17264164706783067,2020-07-31,0.6628492977813698,0.7184387241464153,2.3560514880820955,False,0,0.0,0.0,4.733,4.728
4,DOWNTREND_BREAK,FIRST_CONFIRMED_DOWNTREND_BREAK_2026,2020-09-18,2020-09-21,2027,4.815,4.82,15200,205261.07471999998,73293.3056,29.305600000000002,71390.36368000001,32.43632,0.0,2020-09-23,COMPLETE,5.136,5.136,5.136,,,2029.0,DOWNTREND_BREAK_STRUCTURAL_STOP_FAILED_CLOSE,2.0,-1902.9419199999975,-0.02596337966233027,2020_2026,STRESS,2020-09-18,2026,5.2,True,NONRISING_CONFIRMED_STRUCTURE,False,False,True,452,False,False,NO_NEW_PIVOT,False,False,5.034,2011,2013,2020-08-28,2020-09-01,5.306,2023,2025,2020-09-15,2020-09-17,5.136,2009,2011,2020-08-26,2020-08-28,5.152,2019,2021,2020-09-09,2020-09-11,5.034,NEW_BROKEN_DOWNTREND_EVENT,True,True,True,True,H_2023_C_2025,False,5.136,5.079000000000001,43,2011,2013,2020-08-28,2020-09-01,5.306,2023,2025,2020-09-15,2020-09-17,5.136,2009,2011,2020-08-26,2020-08-28,5.152,2019,2021,2020-09-09,2020-09-11,5.034,4.811,0.389,5.145551218049834,-0.006251393207895362,-0.01715390649775687,0.06553518463502006,2020-09-11,2.460321949411949,0.4109039483267016,1.3473760832347488,False,15800,0.3485216050673987,0.3831716501262896,4.703,4.698
5,DOWNTREND_BREAK,FIRST_CONFIRMED_DOWNTREND_BREAK_2120,2021-02-08,2021-02-09,2121,5.575,5.581,11500,203358.13279999996,64207.172600000005,25.672600000000003,62953.672000000006,29.528000000000006,0.0,2021-02-25,COMPLETE,5.952,5.952,5.952,,,2128.0,DOWNTREND_BREAK_STRUCTURAL_STOP_FAILED_CLOSE,7.0,-1253.5005999999994,-0.019522750328987377,2020_2026,STRESS,2021-02-08,2120,6.015000000000001,True,NONRISING_CONFIRMED_STRUCTURE,False,False,True,479,True,False,APPENDED_ALTERNATING,False,True,5.9350000000000005,2110,2112,2021-01-25,2021-01-27,6.0920000000000005,2116,2118,2021-02-02,2021-02-04,5.952,2114,2116,2021-01-29,2021-02-02,5.809,2118,2120,2021-02-04,2021-02-08,5.9350000000000005,NEW_BROKEN_DOWNTREND_EVENT,True,True,True,True,H_2116_C_2118,False,5.952,5.9430000000000005,44,2110,2112,2021-01-25,2021-01-27,6.0920000000000005,2116,2118,2021-02-02,2021-02-04,5.952,2106,2108,2021-01-19,2021-01-21,5.899,2114,2116,2021-01-29,2021-02-02,5.809,5.554,0.461,5.911526329942449,0.061451792581272535,-0.03013564462238766,0.058834138412326153,2021-02-05,0.8928364720282951,0.46849864582693246,1.1498086307495183,False,7600,0.1879786632007899,0.21279274600600742,5.481,5.4750000000000005
6,DOWNTREND_BREAK,FIRST_CONFIRMED_DOWNTREND_BREAK_2154,2021-04-02,2021-04-06,2155,5.173,5.179,11200,202104.6322,58028.00192,23.20192,57455.408639999994,22.99136,0.0,2021-04-07,COMPLETE,5.597,5.597,5.597,,,2156.0,DOWNTREND_BREAK_STRUCTURAL_STOP_FAILED_CLOSE,1.0,-572.5932800000082,-0.009867533967297563,2020_2026,STRESS,2021-04-02,2154,5.622,True,NONRISING_CONFIRMED_STRUCTURE,False,False,True,487,False,False,NO_NEW_PIVOT,False,False,5.390000000000001,2139,2141,2021-03-12,2021-03-16,5.603000000000001,2143,2145,2021-03-18,2021-03-22,5.597,2140,2142,2021-03-15,2021-03-17,5.501,2148,2150,2021-03-25,2021-03-29,5.390000000000001,NEW_BROKEN_DOWNTREND_EVENT,True,True,True,True,H_2143_C_2145,False,5.597,5.573,45,2139,2141,2021-03-12,2021-03-16,5.603000000000001,2143,2145,2021-03-18,2021-03-22,5.597,2140,2142,2021-03-15,2021-03-17,5.501,2148,2150,2021-03-25,2021-03-29,5.390000000000001,5.161,0.461,5.573465126612159,-0.06268323943297194,0.05184924473414351,-0.15583148234732275,2021-03-26,0.5965580644743306,0.7349546523875486,1.3407435365857236,False,0,0.0,0.0,5.138,5.132
7,DOWNTREND_BREAK,FIRST_CONFIRMED_DOWNTREND_BREAK_2223,2021-07-15,2021-07-16,2224,5.2,5.206,10600,201532.03891999996,55205.673440000006,22.073440000000005,54472.80216,21.79784,0.0,2021-07-19,COMPLETE,5.641,5.641,5.641,,,2225.0,DOWNTREND_BREAK_STRUCTURAL_STOP_FAILED_CLOSE,1.0,-732.8712800000067,-0.013275289192813197,2020_2026,STRESS,2021-07-15,2223,5.668,True,NONRISING_CONFIRMED_STRUCTURE,False,False,True,499,False,False,NO_NEW_PIVOT,False,False,5.573,2210,2212,2021-06-28,2021-06-30,5.74,2217,2219,2021-07-07,2021-07-09,5.641,2214,2216,2021-07-02,2021-07-06,5.574000000000001,2219,2221,2021-07-09,2021-07-13,5.573,NEW_BROKEN_DOWNTREND_EVENT,True,True,True,True,H_2217_C_2219,False,5.641,5.6000000000000005,46,2210,2212,2021-06-28,2021-06-30,5.74,2217,2219,2021-07-07,2021-07-09,5.641,2214,2216,2021-07-02,2021-07-06,5.574000000000001,2219,2221,2021-07-09,2021-07-13,5.573,5.207,0.461,5.640414154381418,-0.008887803003570838,0.0012340870554328962,-0.040223043137381134,2021-07-09,0.8786599497221742,0.2324112708178771,0.8605888005857745,False,2500,0.057678838698881255,0.0005976177844403407,5.147,5.141
8,DOWNTREND_BREAK,FIRST_CONFIRMED_DOWNTREND_BREAK_2277,2021-10-08,2021-10-11,2278,5.014,5.0200000000000005,10300,200799.16763999994,51726.682400000005,20.682400000000005,50861.64720000001,20.352800000000006,0.0,2021-10-13,COMPLETE,5.424,5.424,5.424,,,2280.0,DOWNTREND_BREAK_STRUCTURAL_STOP_FAILED_CLOSE,2.0,-865.0351999999984,-0.016723191201606976,2020_2026,STRESS,2021-10-08,2277,5.4670000000000005,True,NONRISING_CONFIRMED_STRUCTURE,False,False,True,515,True,False,APPENDED_ALTERNATING,False,True,5.382000000000001,2264,2266,2021-09-10,2021-09-14,5.5520000000000005,2273,2275,2021-09-27,2021-09-29,5.424,2268,2270,2021-09-16,2021-09-22,5.3500000000000005,2275,2277,2021-09-29,2021-10-08,5.382000000000001,NEW_BROKEN_DOWNTREND_EVENT,True,True,True,True,H_2273_C_2275,False,5.424,5.396,48,2264,2266,2021-09-10,2021-09-14,5.5520000000000005,2273,2275,2021-09-27,2021-09-29,5.424,2263,2265,2021-09-09,2021-09-13,5.503,2268,2270,2021-09-16,2021-09-22,5.3500000000000005,5.006,0.461,5.42061010448321,-0.008863532933667706,0.005842227794639766,-0.03225972271082514,2021-09-30,0.6907740919552348,0.03472535937277369,0.7961509804885176,False,0,0.0,0.0,4.945,4.94
9,DOWNTREND_BREAK,FIRST_CONFIRMED_DOWNTREND_BREAK_2301,2021-11-11,2021-11-12,2302,4.976,4.981,9500,199934.13243999996,47338.4278,18.9278,46578.861,18.639,0.0,2021-11-19,COMPLETE,5.401000000000001,5.401000000000001,5.401000000000001,,,2307.0,DOWNTREND_BREAK_STRUCTURAL_STOP_FAILED_CLOSE,5.0,-759.5668000000005,-0.016045458949526005,2020_2026,STRESS,2021-11-11,2301,5.433000000000001,True,NONRISING_CONFIRMED_STRUCTURE,False,False,True,524,False,False,NO_NEW_PIVOT,False,False,5.354,2292,2294,2021-10-29,2021-11-02,5.442,2296,2298,2021-11-04,2021-11-08,5.401000000000001,2291,2293,2021-10-28,2021-11-01,5.41,2295,2297,2021-11-03,2021-11-05,5.354,NEW_BROKEN_DOWNTREND_EVENT,True,True,True,True,H_2296_C_2298,False,5.401000000000001,5.353000000000001,49,2292,2294,2021-10-29,2021-11-02,5.442,2296,2298,2021-11-04,2021-11-08,5.401000000000001,2291,2293,2021-10-28,2021-11-01,5.41,2295,2297,2021-11-03,2021-11-05,5.354,4.972,0.461,5.41169416944506,-0.01446557671406179,-0.007385808427062882,-0.0010856440912882237,2021-11-05,1.2961622080823263,-0.5811952717659238,0.7246958536267725,False,6600,0.1436084768978155,0.14444871473995666,4.91,4.905
10,DOWNTREND_BREAK,FIRST_CONFIRMED_DOWNTREND_BREAK_2484,2022-08-11,2022-08-12,2485,4.252,4.257,10300,199174.56563999996,43864.63884,17.53884,43189.9844,22.1156,0.0,2022-08-22,COMPLETE,4.754,4.754,4.771000000000001,,,2491.0,DOWNTREND_BREAK_STRUCTURAL_STOP_FAILED_CLOSE,6.0,-674.6544399999984,-0.015380371475549083,2020_2026,STRESS,2022-08-11,2484,4.789999999999999,True,NONRISING_CONFIRMED_STRUCTURE,False,False,True,568,False,False,NO_NEW_PIVOT,False,False,4.6579999999999995,2472,2474,2022-07-26,2022-07-28,4.836,2480,2482,2022-08-05,2022-08-09,4.754,2471,2473,2022-07-25,2022-07-27,4.807,2478,2480,2022-08-03,2022-08-05,4.6579999999999995,NEW_BROKEN_DOWNTREND_EVENT,True,True,True,True,H_2480_C_2482,False,4.754,4.702,52,2472,2474,2022-07-26,2022-07-28,4.836,2480,2482,2022-08-05,2022-08-09,4.754,2471,2473,2022-07-25,2022-07-27,4.807,2478,2480,2022-08-03,2022-08-05,4.6579999999999995,4.254,0.536,4.7812620267843995,-0.034907172123437746,-0.00412605634135399,0.06677636327370545,2022-08-05,1.0856501622851644,0.4628519166977049,1.008586323425101,False,18400,0.3384007925094633,0.34828309885549696,4.2,4.195
11,DOWNTREND_BREAK,FIRST_CONFIRMED_DOWNTREND_BREAK_2537,2022-11-02,2022-11-03,2538,3.717,3.721,10900,198499.91119999997,40575.12356,16.223560000000003,40324.763640000005,16.13636,0.0,2022-11-04,COMPLETE,4.252000000000001,4.252000000000001,4.252000000000001,,,2539.0,DOWNTREND_BREAK_STRUCTURAL_STOP_FAILED_CLOSE,1.0,-250.35991999999533,-0.006170281148491845,2020_2026,STRESS,2022-11-02,2537,4.273,True,NONRISING_CONFIRMED_STRUCTURE,False,False,True,579,True,False,APPENDED_ALTERNATING,False,False,4.101,2524,2526,2022-10-14,2022-10-18,4.439,2532,2534,2022-10-26,2022-10-28,4.252000000000001,2531,2533,2022-10-25,2022-10-27,4.224,2535,2537,2022-10-31,2022-11-02,4.101,NEW_BROKEN_DOWNTREND_EVENT,True,True,True,True,H_2532_C_2534,False,4.252000000000001,4.239,53,2524,2526,2022-10-14,2022-10-18,4.439,2532,2534,2022-10-26,2022-10-28,4.252000000000001,2521,2523,2022-10-11,2022-10-13,4.322,2531,2533,2022-10-25,2022-10-27,4.224,3.737,0.536,4.3118503594563045,-0.08705095718928568,-0.0011732379529345582,-0.08592597567867727,2022-10-28,1.333015838192125,-0.007464465815663844,1.5705755800595347,False,0,0.0,0.0,3.705,3.701
12,DOWNTREND_BREAK,FIRST_CONFIRMED_DOWNTREND_BREAK_2580,2023-01-03,2023-01-04,2581,3.948,3.952,9900,198249.55127999996,39140.44992000001,15.649920000000002,40553.971919999996,16.22808,633.6,2023-02-06,COMPLETE,4.4830000000000005,4.4830000000000005,4.759,,,2599.0,DOWNTREND_BREAK_STRUCTURAL_STOP_FAILED_CLOSE,18.0,2047.1219999999885,0.05230195371244185,2020_2026,STRESS,2023-01-03,2580,4.484999999999999,True,NONRISING_CONFIRMED_STRUCTURE,False,False,True,587,True,False,APPENDED_ALTERNATING,False,True,4.458,2569,2571,2022-12-16,2022-12-20,4.553000000000001,2576,2578,2022-12-27,2022-12-29,4.4830000000000005,2574,2576,2022-12-23,2022-12-27,4.427,2578,2580,2022-12-29,2023-01-03,4.458,NEW_BROKEN_DOWNTREND_EVENT,True,True,True,True,H_2576_C_2578,False,4.4830000000000005,4.474,54,2569,2571,2022-12-16,2022-12-20,4.553000000000001,2576,2578,2022-12-27,2022-12-29,4.4830000000000005,2566,2568,2022-12-13,2022-12-15,4.541,2574,2576,2022-12-23,2022-12-27,4.427,3.949,0.536,4.4720899661259645,0.00555774917692986,-0.012925028834351607,0.0491935419201511,2022-12-30,1.0093496701662716,0.15375994629414075,0.66260512454348,False,0,0.0,0.0,4.103,4.098
13,DOWNTREND_BREAK,FIRST_CONFIRMED_DOWNTREND_BREAK_2637,2023-03-30,2023-03-31,2638,4.045,4.05,12100,200296.67327999993,49024.602,19.602,48670.92384,19.47616,0.0,2023-04-24,COMPLETE,4.631,4.631,4.663,,,2653.0,DOWNTREND_BREAK_STRUCTURAL_STOP_FAILED_CLOSE,15.0,-353.67815999999584,-0.007214299465398941,2020_2026,STRESS,2023-03-30,2637,4.640000000000001,True,NONRISING_CONFIRMED_STRUCTURE,False,False,True,598,False,False,NO_NEW_PIVOT,False,False,4.532,2618,2620,2023-03-03,2023-03-07,4.724,2632,2634,2023-03-23,2023-03-27,4.631,2614,2616,2023-02-27,2023-03-01,4.645,2629,2631,2023-03-20,2023-03-22,4.532,NEW_BROKEN_DOWNTREND_EVENT,True,True,True,True,H_2632_C_2634,False,4.631,4.5969999999999995,55,2618,2620,2023-03-03,2023-03-07,4.724,2632,2634,2023-03-23,2023-03-27,4.631,2614,2616,2023-02-27,2023-03-01,4.645,2629,2631,2023-03-20,2023-03-22,4.532,4.04,0.6000000000000001,4.6141543489175865,-0.013462408446158314,0.013575177842125682,0.023645057403102115,2023-03-24,1.1263901861415213,-0.2868471160298285,0.7715717630446186,False,28200,0.4870118703914553,0.821589032039885,4.029,4.024
14,DOWNTREND_BREAK,FIRST_CONFIRMED_DOWNTREND_BREAK_2686,2023-06-13,2023-06-14,2687,3.879,3.883,12200,199942.99511999992,47391.54904,18.94904,46804.870559999996,18.72944,0.0,2023-06-27,COMPLETE,4.463,4.463,4.463,,,2694.0,DOWNTREND_BREAK_STRUCTURAL_STOP_FAILED_CLOSE,7.0,-586.6784800000023,-0.012379390247506507,2020_2026,STRESS,2023-06-13,2686,4.477,True,NONRISING_CONFIRMED_STRUCTURE,False,False,True,607,False,False,NO_NEW_PIVOT,False,False,4.396,2665,2667,2023-05-15,2023-05-17,4.595000000000001,2679,2681,2023-06-02,2023-06-06,4.463,2677,2679,2023-05-31,2023-06-02,4.402,2682,2684,2023-06-07,2023-06-09,4.396,NEW_BROKEN_DOWNTREND_EVENT,True,True,True,True,H_2679_C_2681,False,4.463,4.448,57,2665,2667,2023-05-15,2023-05-17,4.595000000000001,2679,2681,2023-06-02,2023-06-06,4.463,2677,2679,2023-05-31,2023-06-02,4.402,2682,2684,2023-06-07,2023-06-09,4.396,3.877,0.6000000000000001,4.470245386672155,-0.036668699332100374,0.0163694973290152,-0.0442587411887832,2023-06-09,0.7062619684402426,0.6443234784536681,0.7763516893873628,False,0,0.0,0.0,3.842,3.838
15,DOWNTREND_BREAK,FIRST_CONFIRMED_DOWNTREND_BREAK_2742,2023-09-01,2023-09-04,2743,3.89,3.894,11500,199356.31663999992,44798.9124,17.9124,43808.9694,17.5306,0.0,2023-09-08,COMPLETE,4.459,4.459,4.459,,,2747.0,DOWNTREND_BREAK_STRUCTURAL_STOP_FAILED_CLOSE,4.0,-989.9429999999993,-0.022097478420034126,2020_2026,STRESS,2023-09-01,2742,4.462,True,NONRISING_CONFIRMED_STRUCTURE,False,False,True,620,False,False,NO_NEW_PIVOT,False,False,4.368,2722,2724,2023-08-04,2023-08-08,4.694000000000001,2739,2741,2023-08-29,2023-08-31,4.459,2720,2722,2023-08-02,2023-08-04,4.6370000000000005,2735,2737,2023-08-23,2023-08-25,4.368,NEW_BROKEN_DOWNTREND_EVENT,True,True,True,True,H_2739_C_2741,False,4.459,4.439,58,2722,2724,2023-08-04,2023-08-08,4.694000000000001,2739,2741,2023-08-29,2023-08-31,4.459,2720,2722,2023-08-02,2023-08-04,4.6370000000000005,2735,2737,2023-08-23,2023-08-25,4.368,3.862,0.6000000000000001,4.477136630994776,-0.033738786449935,-0.001589008061458827,-0.014229828973198154,2023-08-25,0.6975785581056332,0.5120359776612963,1.033422947407268,False,0,0.0,0.0,3.815,3.811
16,DOWNTREND_BREAK,FIRST_CONFIRMED_DOWNTREND_BREAK_2781,2023-11-03,2023-11-06,2782,3.675,3.6790000000000003,10800,198366.37363999992,39749.09328,15.893280000000003,39399.878,20.622,0.0,2023-11-14,COMPLETE,4.252000000000001,4.252000000000001,4.252000000000001,,,2788.0,DOWNTREND_BREAK_STRUCTURAL_STOP_FAILED_CLOSE,6.0,-349.215280000004,-0.008785490464903605,2020_2026,STRESS,2023-11-03,2781,4.253,True,NONRISING_CONFIRMED_STRUCTURE,False,False,True,630,False,False,NO_NEW_PIVOT,False,False,4.144,2765,2767,2023-10-12,2023-10-16,4.371,2777,2779,2023-10-30,2023-11-01,4.252000000000001,2763,2765,2023-10-10,2023-10-12,4.327,2772,2774,2023-10-23,2023-10-25,4.144,NEW_BROKEN_DOWNTREND_EVENT,True,True,True,True,H_2777_C_2779,False,4.252000000000001,4.225,59,2765,2767,2023-10-12,2023-10-16,4.371,2777,2779,2023-10-30,2023-11-01,4.252000000000001,2763,2765,2023-10-10,2023-10-12,4.327,2772,2774,2023-10-23,2023-10-25,4.144,3.653,0.6000000000000001,4.25936042945054,-0.03980408242682287,0.019729683675216686,-0.053658985113630236,2023-10-27,0.9634112969608856,-0.14912848985783567,0.988155243257918,False,0,0.0,0.0,3.654,3.65
17,DOWNTREND_BREAK,FIRST_CONFIRMED_DOWNTREND_BREAK_2820,2023-12-28,2023-12-29,2821,3.488,3.492,10900,198017.1583599999,38078.025120000006,15.225120000000002,37056.456,24.144,0.0,2024-01-05,COMPLETE,4.015000000000001,4.015000000000001,4.015000000000001,,,2825.0,DOWNTREND_BREAK_STRUCTURAL_STOP_FAILED_CLOSE,4.0,-1021.5691200000074,-0.026828311520374543,2020_2026,STRESS,2023-12-28,2820,4.089,True,NONRISING_CONFIRMED_STRUCTURE,False,False,True,639,True,False,APPENDED_ALTERNATING,False,True,3.995,2808,2810,2023-12-12,2023-12-14,4.093,2817,2819,2023-12-25,2023-12-27,4.015000000000001,2814,2816,2023-12-20,2023-12-22,3.9690000000000003,2818,2820,2023-12-26,2023-12-28,3.995,NEW_BROKEN_DOWNTREND_EVENT,True,True,True,True,H_2817_C_2819,False,4.015000000000001,4.005,60,2808,2810,2023-12-12,2023-12-14,4.093,2817,2819,2023-12-25,2023-12-27,4.015000000000001,2805,2807,2023-12-07,2023-12-11,4.054,2814,2816,2023-12-20,2023-12-22,3.9690000000000003,3.489,0.6000000000000001,4.0541372702698855,-0.04273560110245178,0.020570543639434863,-0.056027066738649656,2023-12-22,2.7076100709986655,0.7803773258945736,1.1200430812115245,False,0,0.0,0.0,3.404,3.4
18,DOWNTREND_BREAK,FIRST_CONFIRMED_DOWNTREND_BREAK_2947,2024-07-11,2024-07-12,2948,3.511,3.515,9400,196995.58923999988,33054.2164,13.2164,32802.27384,13.12616,0.0,2024-07-24,COMPLETE,4.17,4.17,4.17,,,2956.0,DOWNTREND_BREAK_STRUCTURAL_STOP_FAILED_CLOSE,8.0,-251.94255999999586,-0.007622100519678206,2020_2026,STRESS,2024-07-11,2947,4.178,True,NONRISING_CONFIRMED_STRUCTURE,False,False,True,667,False,False,NO_NEW_PIVOT,False,False,4.103,2930,2932,2024-06-18,2024-06-20,4.224,2939,2941,2024-07-01,2024-07-03,4.17,2935,2937,2024-06-25,2024-06-27,4.147,2944,2946,2024-07-08,2024-07-10,4.103,NEW_BROKEN_DOWNTREND_EVENT,True,True,True,True,H_2939_C_2941,False,4.17,4.132,63,2930,2932,2024-06-18,2024-06-20,4.224,2939,2941,2024-07-01,2024-07-03,4.17,2935,2937,2024-06-25,2024-06-27,4.147,2944,2946,2024-07-08,2024-07-10,4.103,3.509,0.669,4.169519146691586,-0.026009432302052993,0.004678678695608882,-0.01248471158131045,2024-07-05,1.1718299392221998,-0.19640762362932207,0.6970445863133771,False,27000,0.39825847328099573,0.35457425190383834,3.495,3.491
19,DOWNTREND_BREAK,FIRST_CONFIRMED_DOWNTREND_BREAK_2998,2024-09-24,2024-09-25,2999,3.489,3.493,9100,196743.6466799999,31799.01452,12.71452,36012.126000000004,19.274,0.0,2024-10-31,COMPLETE,4.063000000000001,4.063000000000001,4.68,,,3020.0,DOWNTREND_BREAK_STRUCTURAL_STOP_FAILED_CLOSE,21.0,4213.111480000003,0.13249188830522296,2020_2026,STRESS,2024-09-24,2998,4.096,True,NONRISING_CONFIRMED_STRUCTURE,False,False,True,675,False,False,NO_NEW_PIVOT,False,False,3.8970000000000002,2974,2976,2024-08-19,2024-08-21,4.088,2979,2981,2024-08-26,2024-08-28,4.063000000000001,2977,2979,2024-08-22,2024-08-26,4.048,2993,2995,2024-09-13,2024-09-19,3.8970000000000002,NEW_BROKEN_DOWNTREND_EVENT,True,True,True,True,H_2979_C_2981,False,4.063000000000001,3.952,64,2974,2976,2024-08-19,2024-08-21,4.088,2979,2981,2024-08-26,2024-08-28,4.063000000000001,2977,2979,2024-08-22,2024-08-26,4.048,2993,2995,2024-09-13,2024-09-19,3.8970000000000002,3.427,0.669,3.9846375461238845,-0.026018650938682608,0.026645282398940554,-0.05395937409051266,2024-09-20,3.338421146757299,1.0,1.5744703370970667,True,0,0.0,0.3191876984547226,3.969,3.9650000000000003
20,DOWNTREND_BREAK,FIRST_CONFIRMED_DOWNTREND_BREAK_3046,2024-12-06,2024-12-09,3047,4.054,4.059,12900,200956.75815999988,52382.04444,20.94444,51746.99292,20.70708,0.0,2024-12-16,COMPLETE,4.704000000000001,4.704000000000001,4.704000000000001,,,3052.0,DOWNTREND_BREAK_STRUCTURAL_STOP_FAILED_CLOSE,5.0,-635.0515200000009,-0.012123458081660184,2020_2026,STRESS,2024-12-06,3046,4.726000000000001,True,NONRISING_CONFIRMED_STRUCTURE,False,False,True,684,False,False,NO_NEW_PIVOT,False,False,4.5920000000000005,3035,3037,2024-11-21,2024-11-25,4.742000000000001,3043,3045,2024-12-03,2024-12-05,4.704000000000001,3032,3034,2024-11-18,2024-11-20,4.707000000000001,3038,3040,2024-11-26,2024-11-28,4.5920000000000005,NEW_BROKEN_DOWNTREND_EVENT,True,True,True,True,H_3043_C_3045,False,4.704000000000001,4.676,65,3035,3037,2024-11-21,2024-11-25,4.742000000000001,3043,3045,2024-12-03,2024-12-05,4.704000000000001,3032,3034,2024-11-18,2024-11-20,4.707000000000001,3038,3040,2024-11-26,2024-11-28,4.5920000000000005,4.057,0.669,4.691838091413686,0.007004889196480235,-0.0127464717270389,0.07145157809704344,2024-11-29,1.1631406646475595,0.41592286224022507,1.3078836615135543,False,0,0.0,0.0,4.018,4.013
21,DOWNTREND_BREAK,FIRST_CONFIRMED_DOWNTREND_BREAK_3058,2024-12-24,2024-12-25,3059,4.072,4.077,12100,200321.70663999987,49351.43268,19.73268,48562.06739999999,19.432599999999997,0.0,2025-01-02,COMPLETE,4.699,4.699,4.699,,,3064.0,DOWNTREND_BREAK_STRUCTURAL_STOP_FAILED_CLOSE,5.0,-789.3652800000054,-0.015994779424506982,2020_2026,STRESS,2024-12-24,3058,4.7379999999999995,True,NONRISING_CONFIRMED_STRUCTURE,False,False,True,689,True,False,APPENDED_ALTERNATING,False,True,4.686999999999999,3050,3052,2024-12-12,2024-12-16,4.786,3055,3057,2024-12-19,2024-12-23,4.699,3052,3054,2024-12-16,2024-12-18,4.665,3056,3058,2024-12-20,2024-12-24,4.686999999999999,NEW_BROKEN_DOWNTREND_EVENT,True,True,True,True,H_3055_C_3057,False,4.699,4.691000000000001,66,3050,3052,2024-12-12,2024-12-16,4.786,3055,3057,2024-12-19,2024-12-23,4.699,3045,3047,2024-12-05,2024-12-09,4.676,3052,3054,2024-12-16,2024-12-18,4.665,4.069,0.669,4.703121804973102,0.005661973153156197,-0.00306997194203267,0.02500660895809348,2024-12-20,1.162686742087299,0.6001810706138557,1.026090022448111,False,0,0.0,0.0,4.02,4.015
22,DOWNTREND_BREAK,FIRST_CONFIRMED_DOWNTREND_BREAK_3072,2025-01-14,2025-01-15,3073,3.896,3.9,11700,199532.34135999987,45648.252,18.252000000000002,46661.28176,23.51824,0.0,2025-03-03,COMPLETE,4.5489999999999995,4.5489999999999995,4.6899999999999995,,,3100.0,DOWNTREND_BREAK_STRUCTURAL_STOP_FAILED_CLOSE,27.0,1013.0297599999976,0.02219208218531561,2020_2026,STRESS,2025-01-14,3072,4.575,True,NONRISING_CONFIRMED_STRUCTURE,False,False,True,692,False,False,NO_NEW_PIVOT,False,False,4.522,3062,3064,2024-12-30,2025-01-02,4.755000000000001,3067,3069,2025-01-07,2025-01-09,4.5489999999999995,3056,3058,2024-12-20,2024-12-24,4.686999999999999,3066,3068,2025-01-06,2025-01-08,4.522,NEW_BROKEN_DOWNTREND_EVENT,True,True,True,True,H_3067_C_3069,False,4.5489999999999995,4.477,67,3062,3064,2024-12-30,2025-01-02,4.755000000000001,3067,3069,2025-01-07,2025-01-09,4.5489999999999995,3056,3058,2024-12-20,2024-12-24,4.686999999999999,3066,3068,2025-01-06,2025-01-08,4.522,3.906,0.669,4.605866431912707,-0.04832656623780007,-0.02838482115010013,-0.043592488752187436,2025-01-10,1.3042969508152098,-0.416452621789927,1.2081934974129458,False,0,0.0,0.0,3.995,3.991
23,DOWNTREND_BREAK,FIRST_CONFIRMED_DOWNTREND_BREAK_3148,2025-05-14,2025-05-15,3149,4.038,4.043,12400,200545.37111999988,50153.253280000004,20.053280000000004,49542.974879999994,19.82512,0.0,2025-05-16,COMPLETE,4.698,4.698,4.698,,,3150.0,DOWNTREND_BREAK_STRUCTURAL_STOP_FAILED_CLOSE,1.0,-610.2784000000102,-0.012168271449768056,2020_2026,STRESS,2025-05-14,3148,4.714,True,NONRISING_CONFIRMED_STRUCTURE,False,False,True,709,False,False,NO_NEW_PIVOT,False,False,4.364,3112,3114,2025-03-19,2025-03-21,4.7780000000000005,3116,3118,2025-03-25,2025-03-27,4.698,3114,3116,2025-03-21,2025-03-25,4.679,3124,3126,2025-04-07,2025-04-09,4.364,NEW_BROKEN_DOWNTREND_EVENT,True,True,True,True,H_3116_C_3118,False,4.698,4.663,68,3112,3114,2025-03-19,2025-03-21,4.7780000000000005,3116,3118,2025-03-25,2025-03-27,4.698,3114,3116,2025-03-21,2025-03-25,4.679,3124,3126,2025-04-07,2025-04-09,4.364,4.045,0.669,4.5987532734025525,0.018612215343165595,0.04394445424688556,-0.04984066547241353,2025-05-09,1.583769434042606,0.6789984782086655,0.4780891578329158,True,0,0.0,0.0,4.002,3.997
24,DOWNTREND_BREAK,FIRST_CONFIRMED_DOWNTREND_BREAK_3162,2025-06-04,2025-06-05,3163,3.978,3.982,11900,199935.09271999987,47404.75432,18.954320000000003,46010.78832,18.41168,1047.2,2025-06-20,COMPLETE,4.635,4.635,4.649,,,3174.0,DOWNTREND_BREAK_STRUCTURAL_STOP_FAILED_CLOSE,11.0,-346.76600000000326,-0.007315004686222014,2020_2026,STRESS,2025-06-04,3162,4.643000000000001,True,NONRISING_CONFIRMED_STRUCTURE,False,False,True,714,False,False,NO_NEW_PIVOT,False,False,4.611000000000001,3153,3155,2025-05-21,2025-05-23,4.688000000000001,3159,3161,2025-05-29,2025-06-03,4.635,3151,3153,2025-05-19,2025-05-21,4.652,3158,3160,2025-05-28,2025-05-30,4.611000000000001,NEW_BROKEN_DOWNTREND_EVENT,True,True,True,True,H_3159_C_3161,False,4.635,4.6259999999999994,69,3153,3155,2025-05-21,2025-05-23,4.688000000000001,3159,3161,2025-05-29,2025-06-03,4.635,3151,3153,2025-05-19,2025-05-21,4.652,3158,3160,2025-05-28,2025-05-30,4.611000000000001,3.974,0.669,4.63180959180811,0.00901387621522165,-0.009153682147417758,-0.020979272921674084,2025-05-30,0.633188534379834,-0.1604532326479703,0.6736670362412978,False,3700,0.05933355436394464,0.07616332616120185,3.872,3.868
25,DOWNTREND_BREAK,FIRST_CONFIRMED_DOWNTREND_BREAK_3176,2025-06-24,2025-06-25,3177,3.939,3.943,11600,199588.32671999987,45757.09552,18.295520000000003,51541.3752,20.6248,0.0,2025-09-05,COMPLETE,4.661,4.661,5.231999999999999,,,3229.0,DOWNTREND_BREAK_STRUCTURAL_STOP_FAILED_CLOSE,52.0,5784.27968,0.1264127369594896,2020_2026,STRESS,2025-06-24,3176,4.693,True,NONRISING_CONFIRMED_STRUCTURE,False,False,True,719,False,False,NO_NEW_PIVOT,False,False,4.63,3168,3170,2025-06-12,2025-06-16,4.675000000000001,3172,3174,2025-06-18,2025-06-20,4.661,3169,3171,2025-06-13,2025-06-17,4.649,3173,3175,2025-06-19,2025-06-23,4.63,NEW_BROKEN_DOWNTREND_EVENT,True,True,True,True,H_3172_C_3174,False,4.661,4.648,70,3168,3170,2025-06-12,2025-06-16,4.675000000000001,3172,3174,2025-06-18,2025-06-20,4.661,3169,3171,2025-06-13,2025-06-17,4.649,3173,3175,2025-06-19,2025-06-23,4.63,3.936,0.757,4.650757583661209,0.00848729170869067,-0.0004473926112282742,-0.01099932394255665,2025-06-20,2.0450568885697775,0.6545639356009878,0.5527747861886456,True,400,0.006364033346821372,0.2251698950724231,4.45,4.445
26,DOWNTREND_BREAK,FIRST_CONFIRMED_DOWNTREND_BREAK_3233,2025-09-11,2025-09-12,3234,4.662,4.667,15800,205372.60639999987,73768.09543999999,29.49544,73332.924,37.876000000000005,0.0,2025-10-20,COMPLETE,5.311999999999999,5.311999999999999,5.401999999999999,,,3254.0,DOWNTREND_BREAK_STRUCTURAL_STOP_FAILED_CLOSE,20.0,-435.171439999991,-0.005899182260357284,2020_2026,STRESS,2025-09-11,3233,5.417,True,NONRISING_CONFIRMED_STRUCTURE,False,False,True,733,True,False,APPENDED_ALTERNATING,False,True,5.284999999999999,3225,3227,2025-09-01,2025-09-03,5.372999999999999,3230,3232,2025-09-08,2025-09-10,5.311999999999999,3228,3230,2025-09-04,2025-09-08,5.213,3231,3233,2025-09-09,2025-09-11,5.284999999999999,NEW_BROKEN_DOWNTREND_EVENT,True,True,True,True,H_3230_C_3232,False,5.311999999999999,5.295,71,3225,3227,2025-09-01,2025-09-03,5.372999999999999,3230,3232,2025-09-08,2025-09-10,5.311999999999999,3222,3224,2025-08-27,2025-08-29,5.231999999999999,3228,3230,2025-09-04,2025-09-08,5.213,4.66,0.757,5.244543675833247,0.09005454709120286,-0.008457425744894498,0.11835970437515692,2025-09-05,0.9176974295853991,0.6880330569918374,1.49363637384169,True,27000,0.4848062304579789,0.4878465688375388,4.651,4.646
27,DOWNTREND_BREAK,FIRST_CONFIRMED_DOWNTREND_BREAK_3258,2025-10-24,2025-10-27,3259,4.808,4.813,14900,204937.43495999987,71742.38548,28.685480000000002,70361.84000000001,36.46000000000001,0.0,2025-11-17,COMPLETE,5.478,5.478,5.52,,,3274.0,DOWNTREND_BREAK_STRUCTURAL_STOP_FAILED_CLOSE,15.0,-1380.5454799999861,-0.019243094173176722,2020_2026,STRESS,2025-10-24,3258,5.526999999999999,True,NONRISING_CONFIRMED_STRUCTURE,False,False,True,739,False,False,NO_NEW_PIVOT,False,False,5.380999999999999,3247,3249,2025-10-09,2025-10-13,5.5729999999999995,3252,3254,2025-10-16,2025-10-20,5.478,3250,3252,2025-10-14,2025-10-16,5.401999999999999,3253,3255,2025-10-17,2025-10-21,5.380999999999999,NEW_BROKEN_DOWNTREND_EVENT,True,True,True,True,H_3252_C_3254,False,5.478,5.47,72,3247,3249,2025-10-09,2025-10-13,5.5729999999999995,3252,3254,2025-10-16,2025-10-20,5.478,3250,3252,2025-10-14,2025-10-16,5.401999999999999,3253,3255,2025-10-17,2025-10-21,5.380999999999999,4.77,0.757,5.434369603440233,0.04405733344794438,-0.01165022600445785,0.06085831126365393,2025-10-17,0.9962343024667513,0.7114628983838587,1.1606515557380426,False,0,0.0,0.0,4.73,4.7250000000000005
28,DOWNTREND_BREAK,FIRST_CONFIRMED_DOWNTREND_BREAK_3288,2025-12-05,2025-12-08,3289,4.711,4.716,13800,203556.88947999987,65106.83232,26.032320000000002,64461.60504,25.794960000000003,0.0,2025-12-12,COMPLETE,5.444,5.444,5.444,,,3293.0,DOWNTREND_BREAK_STRUCTURAL_STOP_FAILED_CLOSE,4.0,-645.2272799999992,-0.009910285249767763,2020_2026,STRESS,2025-12-05,3288,5.455,True,NONRISING_CONFIRMED_STRUCTURE,False,False,True,747,True,False,APPENDED_ALTERNATING,False,True,5.401999999999999,3272,3274,2025-11-13,2025-11-17,5.569,3284,3286,2025-12-01,2025-12-03,5.444,3279,3281,2025-11-24,2025-11-26,5.314,3286,3288,2025-12-03,2025-12-05,5.401999999999999,NEW_BROKEN_DOWNTREND_EVENT,True,True,True,True,H_3284_C_3286,False,5.444,5.414,73,3272,3274,2025-11-13,2025-11-17,5.569,3284,3286,2025-12-01,2025-12-03,5.444,3270,3272,2025-11-11,2025-11-13,5.52,3279,3281,2025-11-24,2025-11-26,5.314,4.698,0.757,5.431270997313205,-0.014968575632299697,0.004919594751265237,-0.03630921907244877,2025-11-28,1.2019345852230374,0.36362401330229743,0.9534998348932398,False,0,0.0,0.0,4.678,4.673
29,DOWNTREND_BREAK,FIRST_CONFIRMED_DOWNTREND_BREAK_3299,2025-12-22,2025-12-23,3300,4.735,4.74,13100,202911.66219999985,62118.8376,24.837600000000002,61964.40432,24.795680000000004,1611.3,2026-01-19,COMPLETE,5.4559999999999995,5.4559999999999995,5.62,,,3317.0,DOWNTREND_BREAK_STRUCTURAL_STOP_FAILED_CLOSE,17.0,1456.8667200000054,0.023452897322083912,2020_2026,STRESS,2025-12-22,3299,5.487,True,NONRISING_CONFIRMED_STRUCTURE,False,False,True,750,False,False,NO_NEW_PIVOT,False,False,5.377,3289,3291,2025-12-08,2025-12-10,5.489,3296,3298,2025-12-17,2025-12-19,5.4559999999999995,3286,3288,2025-12-03,2025-12-05,5.401999999999999,3295,3297,2025-12-16,2025-12-18,5.377,NEW_BROKEN_DOWNTREND_EVENT,True,True,True,True,H_3296_C_3298,False,5.4559999999999995,5.444999999999999,74,3289,3291,2025-12-08,2025-12-10,5.489,3296,3298,2025-12-17,2025-12-19,5.4559999999999995,3286,3288,2025-12-03,2025-12-05,5.401999999999999,3295,3297,2025-12-16,2025-12-18,5.377,4.73,0.757,5.44037962474001,0.0006372203936617638,0.01095360753104804,-0.049950142694140665,2025-12-19,1.2141100853564146,0.3110856902448782,0.8271306351647318,False,23900,0.43589222926660964,0.8213261090294472,4.737,4.732
30,DOWNTREND_BREAK,FIRST_CONFIRMED_DOWNTREND_BREAK_3332,2026-02-09,2026-02-10,3333,4.733,4.738,14600,204368.52891999984,69202.46992,27.66992,68880.02399999999,32.376000000000005,0.0,2026-02-24,COMPLETE,5.587,5.587,5.587,,,3337.0,DOWNTREND_BREAK_STRUCTURAL_STOP_FAILED_CLOSE,4.0,-322.44592000001285,-0.0046594568137924754,2020_2026,STRESS,2026-02-09,3332,5.607,True,NONRISING_CONFIRMED_STRUCTURE,False,False,True,758,False,False,NO_NEW_PIVOT,False,False,5.4799999999999995,3325,3327,2026-01-29,2026-02-02,5.648,3329,3331,2026-02-04,2026-02-06,5.587,3321,3323,2026-01-23,2026-01-27,5.584,3327,3329,2026-02-02,2026-02-04,5.4799999999999995,NEW_BROKEN_DOWNTREND_EVENT,True,True,True,True,H_3329_C_3331,False,5.587,5.529,75,3325,3327,2026-01-29,2026-02-02,5.648,3329,3331,2026-02-04,2026-02-06,5.587,3321,3323,2026-01-23,2026-01-27,5.584,3327,3329,2026-02-02,2026-02-04,5.4799999999999995,4.727,0.88,5.577646723279415,0.002211310323231075,-0.015380404460755805,-0.035196205264619085,2026-02-06,0.2417567806391119,0.21438010107720706,1.0813154593682943,False,0,0.0,0.0,4.725,4.72
31,DOWNTREND_BREAK,FIRST_CONFIRMED_DOWNTREND_BREAK_3415,2026-06-18,2026-06-22,3416,4.983,4.988,13500,204046.0829999998,67364.9352,26.935200000000002,66447.4104,26.5896,0.0,2026-06-24,COMPLETE,5.845,5.845,5.845,,,3418.0,DOWNTREND_BREAK_STRUCTURAL_STOP_FAILED_CLOSE,2.0,-917.5248000000138,-0.013620213502409984,2020_2026,STRESS,2026-06-18,3415,5.864,True,NONRISING_CONFIRMED_STRUCTURE,False,False,True,779,False,False,NO_NEW_PIVOT,False,False,5.619,3398,3400,2026-05-26,2026-05-28,5.852,3404,3406,2026-06-03,2026-06-05,5.845,3402,3404,2026-06-01,2026-06-03,5.748,3407,3409,2026-06-08,2026-06-10,5.619,NEW_BROKEN_DOWNTREND_EVENT,True,True,True,True,H_3404_C_3406,False,5.845,5.838,76,3398,3400,2026-05-26,2026-05-28,5.852,3404,3406,2026-06-03,2026-06-05,5.845,3402,3404,2026-06-01,2026-06-03,5.748,3407,3409,2026-06-08,2026-06-10,5.619,4.984,0.88,5.761148285684144,0.019185822070103775,0.015206371404804912,0.0052387246121263775,2026-06-12,1.7945580447241696,0.6970177880736724,1.3520341052695135,True,19800,0.37746469936194743,0.22746475128910365,4.929,4.924
32,DOWNTREND_BREAK,FIRST_CONFIRMED_DOWNTREND_BREAK_3429,2026-07-09,2026-07-10,3430,4.918,4.923,12800,203128.5581999998,63039.60576,25.20576,61377.039359999995,24.56064,0.0,2026-07-13,COMPLETE,5.757,5.757,5.757,,,3431.0,DOWNTREND_BREAK_STRUCTURAL_STOP_FAILED_CLOSE,1.0,-1662.5664000000033,-0.02637336290346755,2020_2026,STRESS,2026-07-09,3429,5.796,True,NONRISING_CONFIRMED_STRUCTURE,False,False,True,786,False,False,NO_NEW_PIVOT,False,False,5.7299999999999995,3422,3424,2026-06-30,2026-07-02,5.899,3426,3428,2026-07-06,2026-07-08,5.757,3420,3422,2026-06-26,2026-06-30,5.787,3424,3426,2026-07-02,2026-07-06,5.7299999999999995,NEW_BROKEN_DOWNTREND_EVENT,True,True,True,True,H_3426_C_3428,False,5.757,5.678,77,3422,3424,2026-06-30,2026-07-02,5.899,3426,3428,2026-07-06,2026-07-08,5.757,3420,3422,2026-06-26,2026-06-30,5.787,3424,3426,2026-07-02,2026-07-06,5.7299999999999995,4.916,0.88,5.7832782863386,-0.004057279918232126,-0.030262093031173644,0.0024434120553241123,2026-07-03,0.7180172402162524,0.5023169919296073,1.768277006807542,False,0,0.0,0.0,4.802,4.797
