date,risk_status,risk_update_scheduled,risk_attempt_origin,last_successful_risk_origin,risk_window_start,risk_window_observations,estimated_portfolio_variance,minimum_scaled_eigenvalue,active_strategies,target,panic_budget,panic_sd,panic_state,learned_budget,learned_sd,learned_state,breakout_budget,breakout_sd,breakout_state,panic_learned_covariance,panic_breakout_covariance,learned_breakout_covariance,panic_reference_return,learned_reference_return,breakout_reference_return
2012-05-28,NO_VIEW_OUTSIDE_DECISION_PERIOD,False,,,,0,,,,,,,,,,,,,,,,,,,
2012-05-29,NO_VIEW_OUTSIDE_DECISION_PERIOD,False,,,,0,,,,,,,,,,,,,,,,,,,
2012-05-30,NO_VIEW_OUTSIDE_DECISION_PERIOD,False,,,,0,,,,,,,,,,,,,,,,,,,
2012-05-31,NO_VIEW_OUTSIDE_DECISION_PERIOD,False,,,,0,,,,,,,,,,,,,,,,,,,
2012-06-01,NO_VIEW_OUTSIDE_DECISION_PERIOD,False,,,,0,,,,,,,,,,,,,,,,,,,
2012-06-04,NO_VIEW_OUTSIDE_DECISION_PERIOD,False,,,,0,,,,,,,,,,,,,,,,,,,
2012-06-05,NO_VIEW_OUTSIDE_DECISION_PERIOD,False,,,,0,,,,,,,,,,,,,,,,,,,
2012-06-06,NO_VIEW_OUTSIDE_DECISION_PERIOD,False,,,,0,,,,,,,,,,,,,,,,,,,
2012-06-07,NO_VIEW_OUTSIDE_DECISION_PERIOD,False,,,,0,,,,,,,,,,,,,,,,,,,
2012-06-08,NO_VIEW_OUTSIDE_DECISION_PERIOD,False,,,,0,,,,,,,,,,,,,,,,,,,
2012-06-11,NO_VIEW_OUTSIDE_DECISION_PERIOD,False,,,,0,,,,,,,,,,,,,,,,,,,
2012-06-12,NO_VIEW_OUTSIDE_DECISION_PERIOD,False,,,,0,,,,,,,,,,,,,,,,,,,
2012-06-13,NO_VIEW_OUTSIDE_DECISION_PERIOD,False,,,,0,,,,,,,,,,,,,,,,,,,
2012-06-14,NO_VIEW_OUTSIDE_DECISION_PERIOD,False,,,,0,,,,,,,,,,,,,,,,,,,
2012-06-15,NO_VIEW_OUTSIDE_DECISION_PERIOD,False,,,,0,,,,,,,,,,,,,,,,,,,
2012-06-18,NO_VIEW_OUTSIDE_DECISION_PERIOD,False,,,,0,,,,,,,,,,,,,,,,,,,
2012-06-19,NO_VIEW_OUTSIDE_DECISION_PERIOD,False,,,,0,,,,,,,,,,,,,,,,,,,
2012-06-20,NO_VIEW_OUTSIDE_DECISION_PERIOD,False,,,,0,,,,,,,,,,,,,,,,,,,
2012-06-21,NO_VIEW_OUTSIDE_DECISION_PERIOD,False,,,,0,,,,,,,,,,,,,,,,,,,
2012-06-25,NO_VIEW_OUTSIDE_DECISION_PERIOD,False,,,,0,,,,,,,,,,,,,,,,,,,
2012-06-26,NO_VIEW_OUTSIDE_DECISION_PERIOD,False,,,,0,,,,,,,,,,,,,,,,,,,
2012-06-27,NO_VIEW_OUTSIDE_DECISION_PERIOD,False,,,,0,,,,,,,,,,,,,,,,,,,
2012-06-28,NO_VIEW_OUTSIDE_DECISION_PERIOD,False,,,,0,,,,,,,,,,,,,,,,,,,
2012-06-29,NO_VIEW_OUTSIDE_DECISION_PERIOD,False,,,,0,,,,,,,,,,,,,,,,,,,
2012-07-02,NO_VIEW_OUTSIDE_DECISION_PERIOD,False,,,,0,,,,,,,,,,,,,,,,,,,
2012-07-03,NO_VIEW_OUTSIDE_DECISION_PERIOD,False,,,,0,,,,,,,,,,,,,,,,,,,
2012-07-04,NO_VIEW_OUTSIDE_DECISION_PERIOD,False,,,,0,,,,,,,,,,,,,,,,,,,
2012-07-05,NO_VIEW_OUTSIDE_DECISION_PERIOD,False,,,,0,,,,,,,,,,,,,,,,,,,
2012-07-06,NO_VIEW_OUTSIDE_DECISION_PERIOD,False,,,,0,,,,,,,,,,,,,,,,,,,
2012-07-09,NO_VIEW_OUTSIDE_DECISION_PERIOD,False,,,,0,,,,,,,,,,,,,,,,,,,
2012-07-10,NO_VIEW_OUTSIDE_DECISION_PERIOD,False,,,,0,,,,,,,,,,,,,,,,,,,
2012-07-11,NO_VIEW_OUTSIDE_DECISION_PERIOD,False,,,,0,,,,,,,,,,,,,,,,,,,
2012-07-12,NO_VIEW_OUTSIDE_DECISION_PERIOD,False,,,,0,,,,,,,,,,,,,,,,,,,
2012-07-13,NO_VIEW_OUTSIDE_DECISION_PERIOD,False,,,,0,,,,,,,,,,,,,,,,,,,
2012-07-16,NO_VIEW_OUTSIDE_DECISION_PERIOD,False,,,,0,,,,,,,,,,,,,,,,,,,
2012-07-17,NO_VIEW_OUTSIDE_DECISION_PERIOD,False,,,,0,,,,,,,,,,,,,,,,,,,
2012-07-18,NO_VIEW_OUTSIDE_DECISION_PERIOD,False,,,,0,,,,,,,,,,,,,,,,,,,
2012-07-19,NO_VIEW_OUTSIDE_DECISION_PERIOD,False,,,,0,,,,,,,,,,,,,,,,,,,
2012-07-20,NO_VIEW_OUTSIDE_DECISION_PERIOD,False,,,,0,,,,,,,,,,,,,,,,,,,
2012-07-23,NO_VIEW_OUTSIDE_DECISION_PERIOD,False,,,,0,,,,,,,,,,,,,,,,,,,
2012-07-24,NO_VIEW_OUTSIDE_DECISION_PERIOD,False,,,,0,,,,,,,,,,,,,,,,,,,
2012-07-25,NO_VIEW_OUTSIDE_DECISION_PERIOD,False,,,,0,,,,,,,,,,,,,,,,,,,
2012-07-26,NO_VIEW_OUTSIDE_DECISION_PERIOD,False,,,,0,,,,,,,,,,,,,,,,,,,
2012-07-27,NO_VIEW_OUTSIDE_DECISION_PERIOD,False,,,,0,,,,,,,,,,,,,,,,,,,
2012-07-30,NO_VIEW_OUTSIDE_DECISION_PERIOD,False,,,,0,,,,,,,,,,,,,,,,,,,
2012-07-31,NO_VIEW_OUTSIDE_DECISION_PERIOD,False,,,,0,,,,,,,,,,,,,,,,,,,
2012-08-01,NO_VIEW_OUTSIDE_DECISION_PERIOD,False,,,,0,,,,,,,,,,,,,,,,,,,
2012-08-02,NO_VIEW_OUTSIDE_DECISION_PERIOD,False,,,,0,,,,,,,,,,,,,,,,,,,
2012-08-03,NO_VIEW_OUTSIDE_DECISION_PERIOD,False,,,,0,,,,,,,,,,,,,,,,,,,
2012-08-06,NO_VIEW_OUTSIDE_DECISION_PERIOD,False,,,,0,,,,,,,,,,,,,,,,,,,
2012-08-07,NO_VIEW_OUTSIDE_DECISION_PERIOD,False,,,,0,,,,,,,,,,,,,,,,,,,
2012-08-08,NO_VIEW_OUTSIDE_DECISION_PERIOD,False,,,,0,,,,,,,,,,,,,,,,,,,
2012-08-09,NO_VIEW_OUTSIDE_DECISION_PERIOD,False,,,,0,,,,,,,,,,,,,,,,,,,
2012-08-10,NO_VIEW_OUTSIDE_DECISION_PERIOD,False,,,,0,,,,,,,,,,,,,,,,,,,
2012-08-13,NO_VIEW_OUTSIDE_DECISION_PERIOD,False,,,,0,,,,,,,,,,,,,,,,,,,
2012-08-14,NO_VIEW_OUTSIDE_DECISION_PERIOD,False,,,,0,,,,,,,,,,,,,,,,,,,
2012-08-15,NO_VIEW_OUTSIDE_DECISION_PERIOD,False,,,,0,,,,,,,,,,,,,,,,,,,
2012-08-16,NO_VIEW_OUTSIDE_DECISION_PERIOD,False,,,,0,,,,,,,,,,,,,,,,,,,
2012-08-17,NO_VIEW_OUTSIDE_DECISION_PERIOD,False,,,,0,,,,,,,,,,,,,,,,,,,
2012-08-20,NO_VIEW_OUTSIDE_DECISION_PERIOD,False,,,,0,,,,,,,,,,,,,,,,,,,
2012-08-21,NO_VIEW_OUTSIDE_DECISION_PERIOD,False,,,,0,,,,,,,,,,,,,,,,,,,
2012-08-22,NO_VIEW_OUTSIDE_DECISION_PERIOD,False,,,,0,,,,,,,,,,,,,,,,,,,
2012-08-23,NO_VIEW_OUTSIDE_DECISION_PERIOD,False,,,,0,,,,,,,,,,,,,,,,,,,
2012-08-24,NO_VIEW_OUTSIDE_DECISION_PERIOD,False,,,,0,,,,,,,,,,,,,,,,,,,
2012-08-27,NO_VIEW_OUTSIDE_DECISION_PERIOD,False,,,,0,,,,,,,,,,,,,,,,,,,
2012-08-28,NO_VIEW_OUTSIDE_DECISION_PERIOD,False,,,,0,,,,,,,,,,,,,,,,,,,
2012-08-29,NO_VIEW_OUTSIDE_DECISION_PERIOD,False,,,,0,,,,,,,,,,,,,,,,,,,
2012-08-30,NO_VIEW_OUTSIDE_DECISION_PERIOD,False,,,,0,,,,,,,,,,,,,,,,,,,
2012-08-31,NO_VIEW_OUTSIDE_DECISION_PERIOD,False,,,,0,,,,,,,,,,,,,,,,,,,
2012-09-03,NO_VIEW_OUTSIDE_DECISION_PERIOD,False,,,,0,,,,,,,,,,,,,,,,,,,
2012-09-04,NO_VIEW_OUTSIDE_DECISION_PERIOD,False,,,,0,,,,,,,,,,,,,,,,,,,
2012-09-05,NO_VIEW_OUTSIDE_DECISION_PERIOD,False,,,,0,,,,,,,,,,,,,,,,,,,
2012-09-06,NO_VIEW_OUTSIDE_DECISION_PERIOD,False,,,,0,,,,,,,,,,,,,,,,,,,
2012-09-07,NO_VIEW_OUTSIDE_DECISION_PERIOD,False,,,,0,,,,,,,,,,,,,,,,,,,
2012-09-10,NO_VIEW_OUTSIDE_DECISION_PERIOD,False,,,,0,,,,,,,,,,,,,,,,,,,
2012-09-11,NO_VIEW_OUTSIDE_DECISION_PERIOD,False,,,,0,,,,,,,,,,,,,,,,,,,
2012-09-12,NO_VIEW_OUTSIDE_DECISION_PERIOD,False,,,,0,,,,,,,,,,,,,,,,,,,
2012-09-13,NO_VIEW_OUTSIDE_DECISION_PERIOD,False,,,,0,,,,,,,,,,,,,,,,,,,
2012-09-14,NO_VIEW_OUTSIDE_DECISION_PERIOD,False,,,,0,,,,,,,,,,,,,,,,,,,
2012-09-17,NO_VIEW_OUTSIDE_DECISION_PERIOD,False,,,,0,,,,,,,,,,,,,,,,,,,
2012-09-18,NO_VIEW_OUTSIDE_DECISION_PERIOD,False,,,,0,,,,,,,,,,,,,,,,,,,
2012-09-19,NO_VIEW_OUTSIDE_DECISION_PERIOD,False,,,,0,,,,,,,,,,,,,,,,,,,
2012-09-20,NO_VIEW_OUTSIDE_DECISION_PERIOD,False,,,,0,,,,,,,,,,,,,,,,,,,
2012-09-21,NO_VIEW_OUTSIDE_DECISION_PERIOD,False,,,,0,,,,,,,,,,,,,,,,,,,
2012-09-24,NO_VIEW_OUTSIDE_DECISION_PERIOD,False,,,,0,,,,,,,,,,,,,,,,,,,
2012-09-25,NO_VIEW_OUTSIDE_DECISION_PERIOD,False,,,,0,,,,,,,,,,,,,,,,,,,
2012-09-26,NO_VIEW_OUTSIDE_DECISION_PERIOD,False,,,,0,,,,,,,,,,,,,,,,,,,
2012-09-27,NO_VIEW_OUTSIDE_DECISION_PERIOD,False,,,,0,,,,,,,,,,,,,,,,,,,
2012-09-28,NO_VIEW_OUTSIDE_DECISION_PERIOD,False,,,,0,,,,,,,,,,,,,,,,,,,
2012-10-08,NO_VIEW_OUTSIDE_DECISION_PERIOD,False,,,,0,,,,,,,,,,,,,,,,,,,
2012-10-09,NO_VIEW_OUTSIDE_DECISION_PERIOD,False,,,,0,,,,,,,,,,,,,,,,,,,
2012-10-10,NO_VIEW_OUTSIDE_DECISION_PERIOD,False,,,,0,,,,,,,,,,,,,,,,,,,
2012-10-11,NO_VIEW_OUTSIDE_DECISION_PERIOD,False,,,,0,,,,,,,,,,,,,,,,,,,
2012-10-12,NO_VIEW_OUTSIDE_DECISION_PERIOD,False,,,,0,,,,,,,,,,,,,,,,,,,
2012-10-15,NO_VIEW_OUTSIDE_DECISION_PERIOD,False,,,,0,,,,,,,,,,,,,,,,,,,
2012-10-16,NO_VIEW_OUTSIDE_DECISION_PERIOD,False,,,,0,,,,,,,,,,,,,,,,,,,
2012-10-17,NO_VIEW_OUTSIDE_DECISION_PERIOD,False,,,,0,,,,,,,,,,,,,,,,,,,
2012-10-18,NO_VIEW_OUTSIDE_DECISION_PERIOD,False,,,,0,,,,,,,,,,,,,,,,,,,
2012-10-19,NO_VIEW_OUTSIDE_DECISION_PERIOD,False,,,,0,,,,,,,,,,,,,,,,,,,
2012-10-22,NO_VIEW_OUTSIDE_DECISION_PERIOD,False,,,,0,,,,,,,,,,,,,,,,,,,
2012-10-23,NO_VIEW_OUTSIDE_DECISION_PERIOD,False,,,,0,,,,,,,,,,,,,,,,,,,
2012-10-24,NO_VIEW_OUTSIDE_DECISION_PERIOD,False,,,,0,,,,,,,,,,,,,,,,,,,
2012-10-25,NO_VIEW_OUTSIDE_DECISION_PERIOD,False,,,,0,,,,,,,,,,,,,,,,,,,
2012-10-26,NO_VIEW_OUTSIDE_DECISION_PERIOD,False,,,,0,,,,,,,,,,,,,,,,,,,
2012-10-29,NO_VIEW_OUTSIDE_DECISION_PERIOD,False,,,,0,,,,,,,,,,,,,,,,,,,
2012-10-30,NO_VIEW_OUTSIDE_DECISION_PERIOD,False,,,,0,,,,,,,,,,,,,,,,,,,
2012-10-31,NO_VIEW_OUTSIDE_DECISION_PERIOD,False,,,,0,,,,,,,,,,,,,,,,,,,
2012-11-01,NO_VIEW_OUTSIDE_DECISION_PERIOD,False,,,,0,,,,,,,,,,,,,,,,,,,
2012-11-02,NO_VIEW_OUTSIDE_DECISION_PERIOD,False,,,,0,,,,,,,,,,,,,,,,,,,
2012-11-05,NO_VIEW_OUTSIDE_DECISION_PERIOD,False,,,,0,,,,,,,,,,,,,,,,,,,
2012-11-06,NO_VIEW_OUTSIDE_DECISION_PERIOD,False,,,,0,,,,,,,,,,,,,,,,,,,
2012-11-07,NO_VIEW_OUTSIDE_DECISION_PERIOD,False,,,,0,,,,,,,,,,,,,,,,,,,
2012-11-08,NO_VIEW_OUTSIDE_DECISION_PERIOD,False,,,,0,,,,,,,,,,,,,,,,,,,
2012-11-09,NO_VIEW_OUTSIDE_DECISION_PERIOD,False,,,,0,,,,,,,,,,,,,,,,,,,
2012-11-12,NO_VIEW_OUTSIDE_DECISION_PERIOD,False,,,,0,,,,,,,,,,,,,,,,,,,
2012-11-13,NO_VIEW_OUTSIDE_DECISION_PERIOD,False,,,,0,,,,,,,,,,,,,,,,,,,
2012-11-14,NO_VIEW_OUTSIDE_DECISION_PERIOD,False,,,,0,,,,,,,,,,,,,,,,,,,
2012-11-15,NO_VIEW_OUTSIDE_DECISION_PERIOD,False,,,,0,,,,,,,,,,,,,,,,,,,
2012-11-16,NO_VIEW_OUTSIDE_DECISION_PERIOD,False,,,,0,,,,,,,,,,,,,,,,,,,
2012-11-19,NO_VIEW_OUTSIDE_DECISION_PERIOD,False,,,,0,,,,,,,,,,,,,,,,,,,
2012-11-20,NO_VIEW_OUTSIDE_DECISION_PERIOD,False,,,,0,,,,,,,,,,,,,,,,,,,
2012-11-21,NO_VIEW_OUTSIDE_DECISION_PERIOD,False,,,,0,,,,,,,,,,,,,,,,,,,
2012-11-22,NO_VIEW_OUTSIDE_DECISION_PERIOD,False,,,,0,,,,,,,,,,,,,,,,,,,
2012-11-23,NO_VIEW_OUTSIDE_DECISION_PERIOD,False,,,,0,,,,,,,,,,,,,,,,,,,
2012-11-26,NO_VIEW_OUTSIDE_DECISION_PERIOD,False,,,,0,,,,,,,,,,,,,,,,,,,
2012-11-27,NO_VIEW_OUTSIDE_DECISION_PERIOD,False,,,,0,,,,,,,,,,,,,,,,,,,
2012-11-28,NO_VIEW_OUTSIDE_DECISION_PERIOD,False,,,,0,,,,,,,,,,,,,,,,,,,
2012-11-29,NO_VIEW_OUTSIDE_DECISION_PERIOD,False,,,,0,,,,,,,,,,,,,,,,,,,
2012-11-30,NO_VIEW_OUTSIDE_DECISION_PERIOD,False,,,,0,,,,,,,,,,,,,,,,,,,
2012-12-03,NO_VIEW_OUTSIDE_DECISION_PERIOD,False,,,,0,,,,,,,,,,,,,,,,,,,
2012-12-04,NO_VIEW_OUTSIDE_DECISION_PERIOD,False,,,,0,,,,,,,,,,,,,,,,,,,
2012-12-05,NO_VIEW_OUTSIDE_DECISION_PERIOD,False,,,,0,,,,,,,,,,,,,,,,,,,
2012-12-06,NO_VIEW_OUTSIDE_DECISION_PERIOD,False,,,,0,,,,,,,,,,,,,,,,,,,
2012-12-07,NO_VIEW_OUTSIDE_DECISION_PERIOD,False,,,,0,,,,,,,,,,,,,,,,,,,
2012-12-10,NO_VIEW_OUTSIDE_DECISION_PERIOD,False,,,,0,,,,,,,,,,,,,,,,,,,
2012-12-11,NO_VIEW_OUTSIDE_DECISION_PERIOD,False,,,,0,,,,,,,,,,,,,,,,,,,
2012-12-12,NO_VIEW_OUTSIDE_DECISION_PERIOD,False,,,,0,,,,,,,,,,,,,,,,,,,
2012-12-13,NO_VIEW_OUTSIDE_DECISION_PERIOD,False,,,,0,,,,,,,,,,,,,,,,,,,
2012-12-14,NO_VIEW_OUTSIDE_DECISION_PERIOD,False,,,,0,,,,,,,,,,,,,,,,,,,
2012-12-17,NO_VIEW_OUTSIDE_DECISION_PERIOD,False,,,,0,,,,,,,,,,,,,,,,,,,
2012-12-18,NO_VIEW_OUTSIDE_DECISION_PERIOD,False,,,,0,,,,,,,,,,,,,,,,,,,
2012-12-19,NO_VIEW_OUTSIDE_DECISION_PERIOD,False,,,,0,,,,,,,,,,,,,,,,,,,
2012-12-20,NO_VIEW_OUTSIDE_DECISION_PERIOD,False,,,,0,,,,,,,,,,,,,,,,,,,
2012-12-21,NO_VIEW_OUTSIDE_DECISION_PERIOD,False,,,,0,,,,,,,,,,,,,,,,,,,
2012-12-24,NO_VIEW_OUTSIDE_DECISION_PERIOD,False,,,,0,,,,,,,,,,,,,,,,,,,
2012-12-25,NO_VIEW_OUTSIDE_DECISION_PERIOD,False,,,,0,,,,,,,,,,,,,,,,,,,
2012-12-26,NO_VIEW_OUTSIDE_DECISION_PERIOD,False,,,,0,,,,,,,,,,,,,,,,,,,
2012-12-27,NO_VIEW_OUTSIDE_DECISION_PERIOD,False,,,,0,,,,,,,,,,,,,,,,,,,
2012-12-28,NO_VIEW_OUTSIDE_DECISION_PERIOD,False,,,,0,,,,,,,,,,,,,,,,,,,
2012-12-31,NO_VIEW_OUTSIDE_DECISION_PERIOD,False,,,,0,,,,,,,,,,,,,,,,,,,
2013-01-04,NO_VIEW_OUTSIDE_DECISION_PERIOD,False,,,,0,,,,,,,,,,,,,,,,,,,
2013-01-07,NO_VIEW_OUTSIDE_DECISION_PERIOD,False,,,,0,,,,,,,,,,,,,,,,,,,
2013-01-08,NO_VIEW_OUTSIDE_DECISION_PERIOD,False,,,,0,,,,,,,,,,,,,,,,,,,
2013-01-09,NO_VIEW_OUTSIDE_DECISION_PERIOD,False,,,,0,,,,,,,,,,,,,,,,,,,
2013-01-10,NO_VIEW_OUTSIDE_DECISION_PERIOD,False,,,,0,,,,,,,,,,,,,,,,,,,
2013-01-11,NO_VIEW_OUTSIDE_DECISION_PERIOD,False,,,,0,,,,,,,,,,,,,,,,,,,
2013-01-14,NO_VIEW_OUTSIDE_DECISION_PERIOD,False,,,,0,,,,,,,,,,,,,,,,,,,
2013-01-15,NO_VIEW_OUTSIDE_DECISION_PERIOD,False,,,,0,,,,,,,,,,,,,,,,,,,
2013-01-16,NO_VIEW_OUTSIDE_DECISION_PERIOD,False,,,,0,,,,,,,,,,,,,,,,,,,
2013-01-17,NO_VIEW_OUTSIDE_DECISION_PERIOD,False,,,,0,,,,,,,,,,,,,,,,,,,
2013-01-18,NO_VIEW_OUTSIDE_DECISION_PERIOD,False,,,,0,,,,,,,,,,,,,,,,,,,
2013-01-21,NO_VIEW_OUTSIDE_DECISION_PERIOD,False,,,,0,,,,,,,,,,,,,,,,,,,
2013-01-22,NO_VIEW_OUTSIDE_DECISION_PERIOD,False,,,,0,,,,,,,,,,,,,,,,,,,
2013-01-23,NO_VIEW_OUTSIDE_DECISION_PERIOD,False,,,,0,,,,,,,,,,,,,,,,,,,
2013-01-24,NO_VIEW_OUTSIDE_DECISION_PERIOD,False,,,,0,,,,,,,,,,,,,,,,,,,
2013-01-25,NO_VIEW_OUTSIDE_DECISION_PERIOD,False,,,,0,,,,,,,,,,,,,,,,,,,
2013-01-28,NO_VIEW_OUTSIDE_DECISION_PERIOD,False,,,,0,,,,,,,,,,,,,,,,,,,
2013-01-29,NO_VIEW_OUTSIDE_DECISION_PERIOD,False,,,,0,,,,,,,,,,,,,,,,,,,
2013-01-30,NO_VIEW_OUTSIDE_DECISION_PERIOD,False,,,,0,,,,,,,,,,,,,,,,,,,
2013-01-31,NO_VIEW_OUTSIDE_DECISION_PERIOD,False,,,,0,,,,,,,,,,,,,,,,,,,
2013-02-01,NO_VIEW_OUTSIDE_DECISION_PERIOD,False,,,,0,,,,,,,,,,,,,,,,,,,
2013-02-04,NO_VIEW_OUTSIDE_DECISION_PERIOD,False,,,,0,,,,,,,,,,,,,,,,,,,
2013-02-05,NO_VIEW_OUTSIDE_DECISION_PERIOD,False,,,,0,,,,,,,,,,,,,,,,,,,
2013-02-06,NO_VIEW_OUTSIDE_DECISION_PERIOD,False,,,,0,,,,,,,,,,,,,,,,,,,
2013-02-07,NO_VIEW_OUTSIDE_DECISION_PERIOD,False,,,,0,,,,,,,,,,,,,,,,,,,
2013-02-08,NO_VIEW_OUTSIDE_DECISION_PERIOD,False,,,,0,,,,,,,,,,,,,,,,,,,
2013-02-18,NO_VIEW_OUTSIDE_DECISION_PERIOD,False,,,,0,,,,,,,,,,,,,,,,,,,
2013-02-19,NO_VIEW_OUTSIDE_DECISION_PERIOD,False,,,,0,,,,,,,,,,,,,,,,,,,
2013-02-20,NO_VIEW_OUTSIDE_DECISION_PERIOD,False,,,,0,,,,,,,,,,,,,,,,,,,
2013-02-21,NO_VIEW_OUTSIDE_DECISION_PERIOD,False,,,,0,,,,,,,,,,,,,,,,,,,
2013-02-22,NO_VIEW_OUTSIDE_DECISION_PERIOD,False,,,,0,,,,,,,,,,,,,,,,,,,
2013-02-25,NO_VIEW_OUTSIDE_DECISION_PERIOD,False,,,,0,,,,,,,,,,,,,,,,,,,
2013-02-26,NO_VIEW_OUTSIDE_DECISION_PERIOD,False,,,,0,,,,,,,,,,,,,,,,,,,
2013-02-27,NO_VIEW_OUTSIDE_DECISION_PERIOD,False,,,,0,,,,,,,,,,,,,,,,,,,
2013-02-28,NO_VIEW_OUTSIDE_DECISION_PERIOD,False,,,,0,,,,,,,,,,,,,,,,,,,
2013-03-01,NO_VIEW_OUTSIDE_DECISION_PERIOD,False,,,,0,,,,,,,,,,,,,,,,,,,
2013-03-04,NO_VIEW_OUTSIDE_DECISION_PERIOD,False,,,,0,,,,,,,,,,,,,,,,,,,
2013-03-05,NO_VIEW_OUTSIDE_DECISION_PERIOD,False,,,,0,,,,,,,,,,,,,,,,,,,
2013-03-06,NO_VIEW_OUTSIDE_DECISION_PERIOD,False,,,,0,,,,,,,,,,,,,,,,,,,
2013-03-07,NO_VIEW_OUTSIDE_DECISION_PERIOD,False,,,,0,,,,,,,,,,,,,,,,,,,
2013-03-08,NO_VIEW_OUTSIDE_DECISION_PERIOD,False,,,,0,,,,,,,,,,,,,,,,,,,
2013-03-11,NO_VIEW_OUTSIDE_DECISION_PERIOD,False,,,,0,,,,,,,,,,,,,,,,,,,
2013-03-12,NO_VIEW_OUTSIDE_DECISION_PERIOD,False,,,,0,,,,,,,,,,,,,,,,,,,
2013-03-13,NO_VIEW_OUTSIDE_DECISION_PERIOD,False,,,,0,,,,,,,,,,,,,,,,,,,
2013-03-14,NO_VIEW_OUTSIDE_DECISION_PERIOD,False,,,,0,,,,,,,,,,,,,,,,,,,
2013-03-15,NO_VIEW_OUTSIDE_DECISION_PERIOD,False,,,,0,,,,,,,,,,,,,,,,,,,
2013-03-18,NO_VIEW_OUTSIDE_DECISION_PERIOD,False,,,,0,,,,,,,,,,,,,,,,,,,
2013-03-19,NO_VIEW_OUTSIDE_DECISION_PERIOD,False,,,,0,,,,,,,,,,,,,,,,,,,
2013-03-20,NO_VIEW_OUTSIDE_DECISION_PERIOD,False,,,,0,,,,,,,,,,,,,,,,,,,
2013-03-21,NO_VIEW_OUTSIDE_DECISION_PERIOD,False,,,,0,,,,,,,,,,,,,,,,,,,
2013-03-22,NO_VIEW_OUTSIDE_DECISION_PERIOD,False,,,,0,,,,,,,,,,,,,,,,,,,
2013-03-25,NO_VIEW_OUTSIDE_DECISION_PERIOD,False,,,,0,,,,,,,,,,,,,,,,,,,
2013-03-26,NO_VIEW_OUTSIDE_DECISION_PERIOD,False,,,,0,,,,,,,,,,,,,,,,,,,
2013-03-27,NO_VIEW_OUTSIDE_DECISION_PERIOD,False,,,,0,,,,,,,,,,,,,,,,,,,
2013-03-28,NO_VIEW_OUTSIDE_DECISION_PERIOD,False,,,,0,,,,,,,,,,,,,,,,,,,
2013-03-29,NO_VIEW_OUTSIDE_DECISION_PERIOD,False,,,,0,,,,,,,,,,,,,,,,,,,
2013-04-01,NO_VIEW_OUTSIDE_DECISION_PERIOD,False,,,,0,,,,,,,,,,,,,,,,,,,
2013-04-02,NO_VIEW_OUTSIDE_DECISION_PERIOD,False,,,,0,,,,,,,,,,,,,,,,,,,
2013-04-03,NO_VIEW_OUTSIDE_DECISION_PERIOD,False,,,,0,,,,,,,,,,,,,,,,,,,
2013-04-08,NO_VIEW_OUTSIDE_DECISION_PERIOD,False,,,,0,,,,,,,,,,,,,,,,,,,
2013-04-09,NO_VIEW_OUTSIDE_DECISION_PERIOD,False,,,,0,,,,,,,,,,,,,,,,,,,
2013-04-10,NO_VIEW_OUTSIDE_DECISION_PERIOD,False,,,,0,,,,,,,,,,,,,,,,,,,
2013-04-11,NO_VIEW_OUTSIDE_DECISION_PERIOD,False,,,,0,,,,,,,,,,,,,,,,,,,
2013-04-12,NO_VIEW_OUTSIDE_DECISION_PERIOD,False,,,,0,,,,,,,,,,,,,,,,,,,
2013-04-15,NO_VIEW_OUTSIDE_DECISION_PERIOD,False,,,,0,,,,,,,,,,,,,,,,,,,
2013-04-16,NO_VIEW_OUTSIDE_DECISION_PERIOD,False,,,,0,,,,,,,,,,,,,,,,,,,
2013-04-17,NO_VIEW_OUTSIDE_DECISION_PERIOD,False,,,,0,,,,,,,,,,,,,,,,,,,
2013-04-18,NO_VIEW_OUTSIDE_DECISION_PERIOD,False,,,,0,,,,,,,,,,,,,,,,,,,
2013-04-19,NO_VIEW_OUTSIDE_DECISION_PERIOD,False,,,,0,,,,,,,,,,,,,,,,,,,
2013-04-22,NO_VIEW_OUTSIDE_DECISION_PERIOD,False,,,,0,,,,,,,,,,,,,,,,,,,
2013-04-23,NO_VIEW_OUTSIDE_DECISION_PERIOD,False,,,,0,,,,,,,,,,,,,,,,,,,
2013-04-24,NO_VIEW_OUTSIDE_DECISION_PERIOD,False,,,,0,,,,,,,,,,,,,,,,,,,
2013-04-25,NO_VIEW_OUTSIDE_DECISION_PERIOD,False,,,,0,,,,,,,,,,,,,,,,,,,
2013-04-26,NO_VIEW_OUTSIDE_DECISION_PERIOD,False,,,,0,,,,,,,,,,,,,,,,,,,
2013-05-02,NO_VIEW_OUTSIDE_DECISION_PERIOD,False,,,,0,,,,,,,,,,,,,,,,,,,
2013-05-03,NO_VIEW_OUTSIDE_DECISION_PERIOD,False,,,,0,,,,,,,,,,,,,,,,,,,
2013-05-06,NO_VIEW_OUTSIDE_DECISION_PERIOD,False,,,,0,,,,,,,,,,,,,,,,,,,
2013-05-07,NO_VIEW_OUTSIDE_DECISION_PERIOD,False,,,,0,,,,,,,,,,,,,,,,,,,
2013-05-08,NO_VIEW_OUTSIDE_DECISION_PERIOD,False,,,,0,,,,,,,,,,,,,,,,,,,
2013-05-09,NO_VIEW_OUTSIDE_DECISION_PERIOD,False,,,,0,,,,,,,,,,,,,,,,,,,
2013-05-10,NO_VIEW_OUTSIDE_DECISION_PERIOD,False,,,,0,,,,,,,,,,,,,,,,,,,
2013-05-13,NO_VIEW_OUTSIDE_DECISION_PERIOD,False,,,,0,,,,,,,,,,,,,,,,,,,
2013-05-14,NO_VIEW_OUTSIDE_DECISION_PERIOD,False,,,,0,,,,,,,,,,,,,,,,,,,
2013-05-15,NO_VIEW_OUTSIDE_DECISION_PERIOD,False,,,,0,,,,,,,,,,,,,,,,,,,
2013-05-16,NO_VIEW_OUTSIDE_DECISION_PERIOD,False,,,,0,,,,,,,,,,,,,,,,,,,
2013-05-17,NO_VIEW_OUTSIDE_DECISION_PERIOD,False,,,,0,,,,,,,,,,,,,,,,,,,
2013-05-20,NO_VIEW_OUTSIDE_DECISION_PERIOD,False,,,,0,,,,,,,,,,,,,,,,,,,
2013-05-21,NO_VIEW_OUTSIDE_DECISION_PERIOD,False,,,,0,,,,,,,,,,,,,,,,,,,
2013-05-22,NO_VIEW_OUTSIDE_DECISION_PERIOD,False,,,,0,,,,,,,,,,,,,,,,,,,
2013-05-23,NO_VIEW_OUTSIDE_DECISION_PERIOD,False,,,,0,,,,,,,,,,,,,,,,,,,
2013-05-24,NO_VIEW_OUTSIDE_DECISION_PERIOD,False,,,,0,,,,,,,,,,,,,,,,,,,
2013-05-27,NO_VIEW_OUTSIDE_DECISION_PERIOD,False,,,,0,,,,,,,,,,,,,,,,,,,
2013-05-28,NO_VIEW_OUTSIDE_DECISION_PERIOD,False,,,,0,,,,,,,,,,,,,,,,,,,
2013-05-29,NO_VIEW_OUTSIDE_DECISION_PERIOD,False,,,,0,,,,,,,,,,,,,,,,,,,
2013-05-30,NO_VIEW_OUTSIDE_DECISION_PERIOD,False,,,,0,,,,,,,,,,,,,,,,,,,
2013-05-31,NO_VIEW_OUTSIDE_DECISION_PERIOD,False,,,,0,,,,,,,,,,,,,,,,,,,
2013-06-03,NO_VIEW_OUTSIDE_DECISION_PERIOD,False,,,,0,,,,,,,,,,,,,,,,,,,
2013-06-04,NO_VIEW_OUTSIDE_DECISION_PERIOD,False,,,,0,,,,,,,,,,,,,,,,,,,
2013-06-05,NO_VIEW_OUTSIDE_DECISION_PERIOD,False,,,,0,,,,,,,,,,,,,,,,,,,
2013-06-06,NO_VIEW_OUTSIDE_DECISION_PERIOD,False,,,,0,,,,,,,,,,,,,,,,,,,
2013-06-07,NO_VIEW_OUTSIDE_DECISION_PERIOD,False,,,,0,,,,,,,,,,,,,,,,,,,
2013-06-13,NO_VIEW_OUTSIDE_DECISION_PERIOD,False,,,,0,,,,,,,,,,,,,,,,,,,
2013-06-14,NO_VIEW_OUTSIDE_DECISION_PERIOD,False,,,,0,,,,,,,,,,,,,,,,,,,
2013-06-17,NO_VIEW_OUTSIDE_DECISION_PERIOD,False,,,,0,,,,,,,,,,,,,,,,,,,
2013-06-18,NO_VIEW_OUTSIDE_DECISION_PERIOD,False,,,,0,,,,,,,,,,,,,,,,,,,
2013-06-19,NO_VIEW_OUTSIDE_DECISION_PERIOD,False,,,,0,,,,,,,,,,,,,,,,,,,
2013-06-20,NO_VIEW_OUTSIDE_DECISION_PERIOD,False,,,,0,,,,,,,,,,,,,,,,,,,
2013-06-21,NO_VIEW_OUTSIDE_DECISION_PERIOD,False,,,,0,,,,,,,,,,,,,,,,,,,
2013-06-24,NO_VIEW_OUTSIDE_DECISION_PERIOD,False,,,,0,,,,,,,,,,,,,,,,,,,
2013-06-25,NO_VIEW_OUTSIDE_DECISION_PERIOD,False,,,,0,,,,,,,,,,,,,,,,,,,
2013-06-26,NO_VIEW_OUTSIDE_DECISION_PERIOD,False,,,,0,,,,,,,,,,,,,,,,,,,
2013-06-27,NO_VIEW_OUTSIDE_DECISION_PERIOD,False,,,,0,,,,,,,,,,,,,,,,,,,
2013-06-28,NO_VIEW_OUTSIDE_DECISION_PERIOD,False,,,,0,,,,,,,,,,,,,,,,,,,
2013-07-01,NO_VIEW_OUTSIDE_DECISION_PERIOD,False,,,,0,,,,,,,,,,,,,,,,,,,
2013-07-02,NO_VIEW_OUTSIDE_DECISION_PERIOD,False,,,,0,,,,,,,,,,,,,,,,,,,
2013-07-03,NO_VIEW_OUTSIDE_DECISION_PERIOD,False,,,,0,,,,,,,,,,,,,,,,,,,
2013-07-04,NO_VIEW_OUTSIDE_DECISION_PERIOD,False,,,,0,,,,,,,,,,,,,,,,,,,
2013-07-05,NO_VIEW_OUTSIDE_DECISION_PERIOD,False,,,,0,,,,,,,,,,,,,,,,,,,
2013-07-08,NO_VIEW_OUTSIDE_DECISION_PERIOD,False,,,,0,,,,,,,,,,,,,,,,,,,
2013-07-09,NO_VIEW_OUTSIDE_DECISION_PERIOD,False,,,,0,,,,,,,,,,,,,,,,,,,
2013-07-10,NO_VIEW_OUTSIDE_DECISION_PERIOD,False,,,,0,,,,,,,,,,,,,,,,,,,
2013-07-11,NO_VIEW_OUTSIDE_DECISION_PERIOD,False,,,,0,,,,,,,,,,,,,,,,,,,
2013-07-12,NO_VIEW_OUTSIDE_DECISION_PERIOD,False,,,,0,,,,,,,,,,,,,,,,,,,
2013-07-15,NO_VIEW_OUTSIDE_DECISION_PERIOD,False,,,,0,,,,,,,,,,,,,,,,,,,
2013-07-16,NO_VIEW_OUTSIDE_DECISION_PERIOD,False,,,,0,,,,,,,,,,,,,,,,,,,
2013-07-17,NO_VIEW_OUTSIDE_DECISION_PERIOD,False,,,,0,,,,,,,,,,,,,,,,,,,
2013-07-18,NO_VIEW_OUTSIDE_DECISION_PERIOD,False,,,,0,,,,,,,,,,,,,,,,,,,
2013-07-19,NO_VIEW_OUTSIDE_DECISION_PERIOD,False,,,,0,,,,,,,,,,,,,,,,,,,
2013-07-22,NO_VIEW_OUTSIDE_DECISION_PERIOD,False,,,,0,,,,,,,,,,,,,,,,,,,
2013-07-23,NO_VIEW_OUTSIDE_DECISION_PERIOD,False,,,,0,,,,,,,,,,,,,,,,,,,
2013-07-24,NO_VIEW_OUTSIDE_DECISION_PERIOD,False,,,,0,,,,,,,,,,,,,,,,,,,
2013-07-25,NO_VIEW_OUTSIDE_DECISION_PERIOD,False,,,,0,,,,,,,,,,,,,,,,,,,
2013-07-26,NO_VIEW_OUTSIDE_DECISION_PERIOD,False,,,,0,,,,,,,,,,,,,,,,,,,
2013-07-29,NO_VIEW_OUTSIDE_DECISION_PERIOD,False,,,,0,,,,,,,,,,,,,,,,,,,
2013-07-30,NO_VIEW_OUTSIDE_DECISION_PERIOD,False,,,,0,,,,,,,,,,,,,,,,,,,
2013-07-31,NO_VIEW_OUTSIDE_DECISION_PERIOD,False,,,,0,,,,,,,,,,,,,,,,,,,
2013-08-01,NO_VIEW_OUTSIDE_DECISION_PERIOD,False,,,,0,,,,,,,,,,,,,,,,,,,
2013-08-02,NO_VIEW_OUTSIDE_DECISION_PERIOD,False,,,,0,,,,,,,,,,,,,,,,,,,
2013-08-05,NO_VIEW_OUTSIDE_DECISION_PERIOD,False,,,,0,,,,,,,,,,,,,,,,,,,
2013-08-06,NO_VIEW_OUTSIDE_DECISION_PERIOD,False,,,,0,,,,,,,,,,,,,,,,,,,
2013-08-07,NO_VIEW_OUTSIDE_DECISION_PERIOD,False,,,,0,,,,,,,,,,,,,,,,,,,
2013-08-08,NO_VIEW_OUTSIDE_DECISION_PERIOD,False,,,,0,,,,,,,,,,,,,,,,,,,
2013-08-09,NO_VIEW_OUTSIDE_DECISION_PERIOD,False,,,,0,,,,,,,,,,,,,,,,,,,
2013-08-12,NO_VIEW_OUTSIDE_DECISION_PERIOD,False,,,,0,,,,,,,,,,,,,,,,,,,
2013-08-13,NO_VIEW_OUTSIDE_DECISION_PERIOD,False,,,,0,,,,,,,,,,,,,,,,,,,
2013-08-14,NO_VIEW_OUTSIDE_DECISION_PERIOD,False,,,,0,,,,,,,,,,,,,,,,,,,
2013-08-15,NO_VIEW_OUTSIDE_DECISION_PERIOD,False,,,,0,,,,,,,,,,,,,,,,,,,
2013-08-16,NO_VIEW_OUTSIDE_DECISION_PERIOD,False,,,,0,,,,,,,,,,,,,,,,,,,
2013-08-19,NO_VIEW_OUTSIDE_DECISION_PERIOD,False,,,,0,,,,,,,,,,,,,,,,,,,
2013-08-20,NO_VIEW_OUTSIDE_DECISION_PERIOD,False,,,,0,,,,,,,,,,,,,,,,,,,
2013-08-21,NO_VIEW_OUTSIDE_DECISION_PERIOD,False,,,,0,,,,,,,,,,,,,,,,,,,
2013-08-22,NO_VIEW_OUTSIDE_DECISION_PERIOD,False,,,,0,,,,,,,,,,,,,,,,,,,
2013-08-23,NO_VIEW_OUTSIDE_DECISION_PERIOD,False,,,,0,,,,,,,,,,,,,,,,,,,
2013-08-26,NO_VIEW_OUTSIDE_DECISION_PERIOD,False,,,,0,,,,,,,,,,,,,,,,,,,
2013-08-27,NO_VIEW_OUTSIDE_DECISION_PERIOD,False,,,,0,,,,,,,,,,,,,,,,,,,
2013-08-28,NO_VIEW_OUTSIDE_DECISION_PERIOD,False,,,,0,,,,,,,,,,,,,,,,,,,
2013-08-29,NO_VIEW_OUTSIDE_DECISION_PERIOD,False,,,,0,,,,,,,,,,,,,,,,,,,
2013-08-30,NO_VIEW_OUTSIDE_DECISION_PERIOD,False,,,,0,,,,,,,,,,,,,,,,,,,
2013-09-02,NO_VIEW_OUTSIDE_DECISION_PERIOD,False,,,,0,,,,,,,,,,,,,,,,,,,
2013-09-03,NO_VIEW_OUTSIDE_DECISION_PERIOD,False,,,,0,,,,,,,,,,,,,,,,,,,
2013-09-04,NO_VIEW_OUTSIDE_DECISION_PERIOD,False,,,,0,,,,,,,,,,,,,,,,,,,
2013-09-05,NO_VIEW_OUTSIDE_DECISION_PERIOD,False,,,,0,,,,,,,,,,,,,,,,,,,
2013-09-06,NO_VIEW_OUTSIDE_DECISION_PERIOD,False,,,,0,,,,,,,,,,,,,,,,,,,
2013-09-09,NO_VIEW_OUTSIDE_DECISION_PERIOD,False,,,,0,,,,,,,,,,,,,,,,,,,
2013-09-10,NO_VIEW_OUTSIDE_DECISION_PERIOD,False,,,,0,,,,,,,,,,,,,,,,,,,
2013-09-11,NO_VIEW_OUTSIDE_DECISION_PERIOD,False,,,,0,,,,,,,,,,,,,,,,,,,
2013-09-12,NO_VIEW_OUTSIDE_DECISION_PERIOD,False,,,,0,,,,,,,,,,,,,,,,,,,
2013-09-13,NO_VIEW_OUTSIDE_DECISION_PERIOD,False,,,,0,,,,,,,,,,,,,,,,,,,
2013-09-16,NO_VIEW_OUTSIDE_DECISION_PERIOD,False,,,,0,,,,,,,,,,,,,,,,,,,
2013-09-17,NO_VIEW_OUTSIDE_DECISION_PERIOD,False,,,,0,,,,,,,,,,,,,,,,,,,
2013-09-18,NO_VIEW_OUTSIDE_DECISION_PERIOD,False,,,,0,,,,,,,,,,,,,,,,,,,
2013-09-23,NO_VIEW_OUTSIDE_DECISION_PERIOD,False,,,,0,,,,,,,,,,,,,,,,,,,
2013-09-24,NO_VIEW_OUTSIDE_DECISION_PERIOD,False,,,,0,,,,,,,,,,,,,,,,,,,
2013-09-25,NO_VIEW_OUTSIDE_DECISION_PERIOD,False,,,,0,,,,,,,,,,,,,,,,,,,
2013-09-26,NO_VIEW_OUTSIDE_DECISION_PERIOD,False,,,,0,,,,,,,,,,,,,,,,,,,
2013-09-27,NO_VIEW_OUTSIDE_DECISION_PERIOD,False,,,,0,,,,,,,,,,,,,,,,,,,
2013-09-30,NO_VIEW_OUTSIDE_DECISION_PERIOD,False,,,,0,,,,,,,,,,,,,,,,,,,
2013-10-08,NO_VIEW_OUTSIDE_DECISION_PERIOD,False,,,,0,,,,,,,,,,,,,,,,,,,
2013-10-09,NO_VIEW_OUTSIDE_DECISION_PERIOD,False,,,,0,,,,,,,,,,,,,,,,,,,
2013-10-10,NO_VIEW_OUTSIDE_DECISION_PERIOD,False,,,,0,,,,,,,,,,,,,,,,,,,
2013-10-11,NO_VIEW_OUTSIDE_DECISION_PERIOD,False,,,,0,,,,,,,,,,,,,,,,,,,
2013-10-14,NO_VIEW_OUTSIDE_DECISION_PERIOD,False,,,,0,,,,,,,,,,,,,,,,,,,
2013-10-15,NO_VIEW_OUTSIDE_DECISION_PERIOD,False,,,,0,,,,,,,,,,,,,,,,,,,
2013-10-16,NO_VIEW_OUTSIDE_DECISION_PERIOD,False,,,,0,,,,,,,,,,,,,,,,,,,
2013-10-17,NO_VIEW_OUTSIDE_DECISION_PERIOD,False,,,,0,,,,,,,,,,,,,,,,,,,
2013-10-18,NO_VIEW_OUTSIDE_DECISION_PERIOD,False,,,,0,,,,,,,,,,,,,,,,,,,
2013-10-21,NO_VIEW_OUTSIDE_DECISION_PERIOD,False,,,,0,,,,,,,,,,,,,,,,,,,
2013-10-22,NO_VIEW_OUTSIDE_DECISION_PERIOD,False,,,,0,,,,,,,,,,,,,,,,,,,
2013-10-23,NO_VIEW_OUTSIDE_DECISION_PERIOD,False,,,,0,,,,,,,,,,,,,,,,,,,
2013-10-24,NO_VIEW_OUTSIDE_DECISION_PERIOD,False,,,,0,,,,,,,,,,,,,,,,,,,
2013-10-25,NO_VIEW_OUTSIDE_DECISION_PERIOD,False,,,,0,,,,,,,,,,,,,,,,,,,
2013-10-28,NO_VIEW_OUTSIDE_DECISION_PERIOD,False,,,,0,,,,,,,,,,,,,,,,,,,
2013-10-29,NO_VIEW_OUTSIDE_DECISION_PERIOD,False,,,,0,,,,,,,,,,,,,,,,,,,
2013-10-30,NO_VIEW_OUTSIDE_DECISION_PERIOD,False,,,,0,,,,,,,,,,,,,,,,,,,
2013-10-31,NO_VIEW_OUTSIDE_DECISION_PERIOD,False,,,,0,,,,,,,,,,,,,,,,,,,
2013-11-01,NO_VIEW_OUTSIDE_DECISION_PERIOD,False,,,,0,,,,,,,,,,,,,,,,,,,
2013-11-04,NO_VIEW_OUTSIDE_DECISION_PERIOD,False,,,,0,,,,,,,,,,,,,,,,,,,
2013-11-05,NO_VIEW_OUTSIDE_DECISION_PERIOD,False,,,,0,,,,,,,,,,,,,,,,,,,
2013-11-06,NO_VIEW_OUTSIDE_DECISION_PERIOD,False,,,,0,,,,,,,,,,,,,,,,,,,
2013-11-07,NO_VIEW_OUTSIDE_DECISION_PERIOD,False,,,,0,,,,,,,,,,,,,,,,,,,
2013-11-08,NO_VIEW_OUTSIDE_DECISION_PERIOD,False,,,,0,,,,,,,,,,,,,,,,,,,
2013-11-11,NO_VIEW_OUTSIDE_DECISION_PERIOD,False,,,,0,,,,,,,,,,,,,,,,,,,
2013-11-12,NO_VIEW_OUTSIDE_DECISION_PERIOD,False,,,,0,,,,,,,,,,,,,,,,,,,
2013-11-13,NO_VIEW_OUTSIDE_DECISION_PERIOD,False,,,,0,,,,,,,,,,,,,,,,,,,
2013-11-14,NO_VIEW_OUTSIDE_DECISION_PERIOD,False,,,,0,,,,,,,,,,,,,,,,,,,
2013-11-15,NO_VIEW_OUTSIDE_DECISION_PERIOD,False,,,,0,,,,,,,,,,,,,,,,,,,
2013-11-18,NO_VIEW_OUTSIDE_DECISION_PERIOD,False,,,,0,,,,,,,,,,,,,,,,,,,
2013-11-19,NO_VIEW_OUTSIDE_DECISION_PERIOD,False,,,,0,,,,,,,,,,,,,,,,,,,
2013-11-20,NO_VIEW_OUTSIDE_DECISION_PERIOD,False,,,,0,,,,,,,,,,,,,,,,,,,
2013-11-21,NO_VIEW_OUTSIDE_DECISION_PERIOD,False,,,,0,,,,,,,,,,,,,,,,,,,
2013-11-22,NO_VIEW_OUTSIDE_DECISION_PERIOD,False,,,,0,,,,,,,,,,,,,,,,,,,
2013-11-25,NO_VIEW_OUTSIDE_DECISION_PERIOD,False,,,,0,,,,,,,,,,,,,,,,,,,
2013-11-26,NO_VIEW_OUTSIDE_DECISION_PERIOD,False,,,,0,,,,,,,,,,,,,,,,,,,
2013-11-27,NO_VIEW_OUTSIDE_DECISION_PERIOD,False,,,,0,,,,,,,,,,,,,,,,,,,
2013-11-28,NO_VIEW_OUTSIDE_DECISION_PERIOD,False,,,,0,,,,,,,,,,,,,,,,,,,
2013-11-29,NO_VIEW_OUTSIDE_DECISION_PERIOD,False,,,,0,,,,,,,,,,,,,,,,,,,
2013-12-02,NO_VIEW_OUTSIDE_DECISION_PERIOD,False,,,,0,,,,,,,,,,,,,,,,,,,
2013-12-03,NO_VIEW_OUTSIDE_DECISION_PERIOD,False,,,,0,,,,,,,,,,,,,,,,,,,
2013-12-04,NO_VIEW_OUTSIDE_DECISION_PERIOD,False,,,,0,,,,,,,,,,,,,,,,,,,
2013-12-05,NO_VIEW_OUTSIDE_DECISION_PERIOD,False,,,,0,,,,,,,,,,,,,,,,,,,
2013-12-06,NO_VIEW_OUTSIDE_DECISION_PERIOD,False,,,,0,,,,,,,,,,,,,,,,,,,
2013-12-09,NO_VIEW_OUTSIDE_DECISION_PERIOD,False,,,,0,,,,,,,,,,,,,,,,,,,
2013-12-10,NO_VIEW_OUTSIDE_DECISION_PERIOD,False,,,,0,,,,,,,,,,,,,,,,,,,
2013-12-11,NO_VIEW_OUTSIDE_DECISION_PERIOD,False,,,,0,,,,,,,,,,,,,,,,,,,
2013-12-12,NO_VIEW_OUTSIDE_DECISION_PERIOD,False,,,,0,,,,,,,,,,,,,,,,,,,
2013-12-13,NO_VIEW_OUTSIDE_DECISION_PERIOD,False,,,,0,,,,,,,,,,,,,,,,,,,
2013-12-16,NO_VIEW_OUTSIDE_DECISION_PERIOD,False,,,,0,,,,,,,,,,,,,,,,,,,
2013-12-17,NO_VIEW_OUTSIDE_DECISION_PERIOD,False,,,,0,,,,,,,,,,,,,,,,,,,
2013-12-18,NO_VIEW_OUTSIDE_DECISION_PERIOD,False,,,,0,,,,,,,,,,,,,,,,,,,
2013-12-19,NO_VIEW_OUTSIDE_DECISION_PERIOD,False,,,,0,,,,,,,,,,,,,,,,,,,
2013-12-20,NO_VIEW_OUTSIDE_DECISION_PERIOD,False,,,,0,,,,,,,,,,,,,,,,,,,
2013-12-23,NO_VIEW_OUTSIDE_DECISION_PERIOD,False,,,,0,,,,,,,,,,,,,,,,,,,
2013-12-24,NO_VIEW_OUTSIDE_DECISION_PERIOD,False,,,,0,,,,,,,,,,,,,,,,,,,
2013-12-25,NO_VIEW_OUTSIDE_DECISION_PERIOD,False,,,,0,,,,,,,,,,,,,,,,,,,
2013-12-26,NO_VIEW_OUTSIDE_DECISION_PERIOD,False,,,,0,,,,,,,,,,,,,,,,,,,
2013-12-27,NO_VIEW_OUTSIDE_DECISION_PERIOD,False,,,,0,,,,,,,,,,,,,,,,,,,
2013-12-30,NO_VIEW_OUTSIDE_DECISION_PERIOD,False,,,,0,,,,,,,,,,,,,,,,,,,
2013-12-31,NO_VIEW_OUTSIDE_DECISION_PERIOD,False,,,,0,,,,,,,,,,,,,,,,,,,
2014-01-02,NO_VIEW_OUTSIDE_DECISION_PERIOD,False,,,,0,,,,,,,,,,,,,,,,,,,
2014-01-03,NO_VIEW_OUTSIDE_DECISION_PERIOD,False,,,,0,,,,,,,,,,,,,,,,,,,
2014-01-06,NO_VIEW_OUTSIDE_DECISION_PERIOD,False,,,,0,,,,,,,,,,,,,,,,,,,
2014-01-07,NO_VIEW_OUTSIDE_DECISION_PERIOD,False,,,,0,,,,,,,,,,,,,,,,,,,
2014-01-08,NO_VIEW_OUTSIDE_DECISION_PERIOD,False,,,,0,,,,,,,,,,,,,,,,,,,
2014-01-09,NO_VIEW_OUTSIDE_DECISION_PERIOD,False,,,,0,,,,,,,,,,,,,,,,,,,
2014-01-10,NO_VIEW_OUTSIDE_DECISION_PERIOD,False,,,,0,,,,,,,,,,,,,,,,,,,
2014-01-13,NO_VIEW_OUTSIDE_DECISION_PERIOD,False,,,,0,,,,,,,,,,,,,,,,,,,
2014-01-14,NO_VIEW_OUTSIDE_DECISION_PERIOD,False,,,,0,,,,,,,,,,,,,,,,,,,
2014-01-15,NO_VIEW_OUTSIDE_DECISION_PERIOD,False,,,,0,,,,,,,,,,,,,,,,,,,
2014-01-16,NO_VIEW_OUTSIDE_DECISION_PERIOD,False,,,,0,,,,,,,,,,,,,,,,,,,
2014-01-17,NO_VIEW_OUTSIDE_DECISION_PERIOD,False,,,,0,,,,,,,,,,,,,,,,,,,
2014-01-20,NO_VIEW_OUTSIDE_DECISION_PERIOD,False,,,,0,,,,,,,,,,,,,,,,,,,
2014-01-21,NO_VIEW_OUTSIDE_DECISION_PERIOD,False,,,,0,,,,,,,,,,,,,,,,,,,
2014-01-22,NO_VIEW_OUTSIDE_DECISION_PERIOD,False,,,,0,,,,,,,,,,,,,,,,,,,
2014-01-23,NO_VIEW_OUTSIDE_DECISION_PERIOD,False,,,,0,,,,,,,,,,,,,,,,,,,
2014-01-24,NO_VIEW_OUTSIDE_DECISION_PERIOD,False,,,,0,,,,,,,,,,,,,,,,,,,
2014-01-27,NO_VIEW_OUTSIDE_DECISION_PERIOD,False,,,,0,,,,,,,,,,,,,,,,,,,
2014-01-28,NO_VIEW_OUTSIDE_DECISION_PERIOD,False,,,,0,,,,,,,,,,,,,,,,,,,
2014-01-29,NO_VIEW_OUTSIDE_DECISION_PERIOD,False,,,,0,,,,,,,,,,,,,,,,,,,
2014-01-30,NO_VIEW_OUTSIDE_DECISION_PERIOD,False,,,,0,,,,,,,,,,,,,,,,,,,
2014-02-07,NO_VIEW_OUTSIDE_DECISION_PERIOD,False,,,,0,,,,,,,,,,,,,,,,,,,
2014-02-10,NO_VIEW_OUTSIDE_DECISION_PERIOD,False,,,,0,,,,,,,,,,,,,,,,,,,
2014-02-11,NO_VIEW_OUTSIDE_DECISION_PERIOD,False,,,,0,,,,,,,,,,,,,,,,,,,
2014-02-12,NO_VIEW_OUTSIDE_DECISION_PERIOD,False,,,,0,,,,,,,,,,,,,,,,,,,
2014-02-13,NO_VIEW_OUTSIDE_DECISION_PERIOD,False,,,,0,,,,,,,,,,,,,,,,,,,
2014-02-14,NO_VIEW_OUTSIDE_DECISION_PERIOD,False,,,,0,,,,,,,,,,,,,,,,,,,
2014-02-17,NO_VIEW_OUTSIDE_DECISION_PERIOD,False,,,,0,,,,,,,,,,,,,,,,,,,
2014-02-18,NO_VIEW_OUTSIDE_DECISION_PERIOD,False,,,,0,,,,,,,,,,,,,,,,,,,
2014-02-19,NO_VIEW_OUTSIDE_DECISION_PERIOD,False,,,,0,,,,,,,,,,,,,,,,,,,
2014-02-20,NO_VIEW_OUTSIDE_DECISION_PERIOD,False,,,,0,,,,,,,,,,,,,,,,,,,
2014-02-21,NO_VIEW_OUTSIDE_DECISION_PERIOD,False,,,,0,,,,,,,,,,,,,,,,,,,
2014-02-24,NO_VIEW_OUTSIDE_DECISION_PERIOD,False,,,,0,,,,,,,,,,,,,,,,,,,
2014-02-25,NO_VIEW_OUTSIDE_DECISION_PERIOD,False,,,,0,,,,,,,,,,,,,,,,,,,
2014-02-26,NO_VIEW_OUTSIDE_DECISION_PERIOD,False,,,,0,,,,,,,,,,,,,,,,,,,
2014-02-27,NO_VIEW_OUTSIDE_DECISION_PERIOD,False,,,,0,,,,,,,,,,,,,,,,,,,
2014-02-28,NO_VIEW_OUTSIDE_DECISION_PERIOD,False,,,,0,,,,,,,,,,,,,,,,,,,
2014-03-03,NO_VIEW_OUTSIDE_DECISION_PERIOD,False,,,,0,,,,,,,,,,,,,,,,,,,
2014-03-04,NO_VIEW_OUTSIDE_DECISION_PERIOD,False,,,,0,,,,,,,,,,,,,,,,,,,
2014-03-05,NO_VIEW_OUTSIDE_DECISION_PERIOD,False,,,,0,,,,,,,,,,,,,,,,,,,
2014-03-06,NO_VIEW_OUTSIDE_DECISION_PERIOD,False,,,,0,,,,,,,,,,,,,,,,,,,
2014-03-07,NO_VIEW_OUTSIDE_DECISION_PERIOD,False,,,,0,,,,,,,,,,,,,,,,,,,
2014-03-10,NO_VIEW_OUTSIDE_DECISION_PERIOD,False,,,,0,,,,,,,,,,,,,,,,,,,
2014-03-11,NO_VIEW_OUTSIDE_DECISION_PERIOD,False,,,,0,,,,,,,,,,,,,,,,,,,
2014-03-12,NO_VIEW_OUTSIDE_DECISION_PERIOD,False,,,,0,,,,,,,,,,,,,,,,,,,
2014-03-13,NO_VIEW_OUTSIDE_DECISION_PERIOD,False,,,,0,,,,,,,,,,,,,,,,,,,
2014-03-14,NO_VIEW_OUTSIDE_DECISION_PERIOD,False,,,,0,,,,,,,,,,,,,,,,,,,
2014-03-17,NO_VIEW_OUTSIDE_DECISION_PERIOD,False,,,,0,,,,,,,,,,,,,,,,,,,
2014-03-18,NO_VIEW_OUTSIDE_DECISION_PERIOD,False,,,,0,,,,,,,,,,,,,,,,,,,
2014-03-19,NO_VIEW_OUTSIDE_DECISION_PERIOD,False,,,,0,,,,,,,,,,,,,,,,,,,
2014-03-20,NO_VIEW_OUTSIDE_DECISION_PERIOD,False,,,,0,,,,,,,,,,,,,,,,,,,
2014-03-21,NO_VIEW_OUTSIDE_DECISION_PERIOD,False,,,,0,,,,,,,,,,,,,,,,,,,
2014-03-24,NO_VIEW_OUTSIDE_DECISION_PERIOD,False,,,,0,,,,,,,,,,,,,,,,,,,
2014-03-25,NO_VIEW_OUTSIDE_DECISION_PERIOD,False,,,,0,,,,,,,,,,,,,,,,,,,
2014-03-26,NO_VIEW_OUTSIDE_DECISION_PERIOD,False,,,,0,,,,,,,,,,,,,,,,,,,
2014-03-27,NO_VIEW_OUTSIDE_DECISION_PERIOD,False,,,,0,,,,,,,,,,,,,,,,,,,
2014-03-28,NO_VIEW_OUTSIDE_DECISION_PERIOD,False,,,,0,,,,,,,,,,,,,,,,,,,
2014-03-31,NO_VIEW_OUTSIDE_DECISION_PERIOD,False,,,,0,,,,,,,,,,,,,,,,,,,
2014-04-01,NO_VIEW_OUTSIDE_DECISION_PERIOD,False,,,,0,,,,,,,,,,,,,,,,,,,
2014-04-02,NO_VIEW_OUTSIDE_DECISION_PERIOD,False,,,,0,,,,,,,,,,,,,,,,,,,
2014-04-03,NO_VIEW_OUTSIDE_DECISION_PERIOD,False,,,,0,,,,,,,,,,,,,,,,,,,
2014-04-04,NO_VIEW_OUTSIDE_DECISION_PERIOD,False,,,,0,,,,,,,,,,,,,,,,,,,
2014-04-08,NO_VIEW_OUTSIDE_DECISION_PERIOD,False,,,,0,,,,,,,,,,,,,,,,,,,
2014-04-09,NO_VIEW_OUTSIDE_DECISION_PERIOD,False,,,,0,,,,,,,,,,,,,,,,,,,
2014-04-10,NO_VIEW_OUTSIDE_DECISION_PERIOD,False,,,,0,,,,,,,,,,,,,,,,,,,
2014-04-11,NO_VIEW_OUTSIDE_DECISION_PERIOD,False,,,,0,,,,,,,,,,,,,,,,,,,
2014-04-14,NO_VIEW_OUTSIDE_DECISION_PERIOD,False,,,,0,,,,,,,,,,,,,,,,,,,
2014-04-15,NO_VIEW_OUTSIDE_DECISION_PERIOD,False,,,,0,,,,,,,,,,,,,,,,,,,
2014-04-16,NO_VIEW_OUTSIDE_DECISION_PERIOD,False,,,,0,,,,,,,,,,,,,,,,,,,
2014-04-17,NO_VIEW_OUTSIDE_DECISION_PERIOD,False,,,,0,,,,,,,,,,,,,,,,,,,
2014-04-18,NO_VIEW_OUTSIDE_DECISION_PERIOD,False,,,,0,,,,,,,,,,,,,,,,,,,
2014-04-21,NO_VIEW_OUTSIDE_DECISION_PERIOD,False,,,,0,,,,,,,,,,,,,,,,,,,
2014-04-22,NO_VIEW_OUTSIDE_DECISION_PERIOD,False,,,,0,,,,,,,,,,,,,,,,,,,
2014-04-23,NO_VIEW_OUTSIDE_DECISION_PERIOD,False,,,,0,,,,,,,,,,,,,,,,,,,
2014-04-24,NO_VIEW_OUTSIDE_DECISION_PERIOD,False,,,,0,,,,,,,,,,,,,,,,,,,
2014-04-25,NO_VIEW_OUTSIDE_DECISION_PERIOD,False,,,,0,,,,,,,,,,,,,,,,,,,
2014-04-28,NO_VIEW_OUTSIDE_DECISION_PERIOD,False,,,,0,,,,,,,,,,,,,,,,,,,
2014-04-29,NO_VIEW_OUTSIDE_DECISION_PERIOD,False,,,,0,,,,,,,,,,,,,,,,,,,
2014-04-30,NO_VIEW_OUTSIDE_DECISION_PERIOD,False,,,,0,,,,,,,,,,,,,,,,,,,
2014-05-05,NO_VIEW_OUTSIDE_DECISION_PERIOD,False,,,,0,,,,,,,,,,,,,,,,,,,
2014-05-06,NO_VIEW_OUTSIDE_DECISION_PERIOD,False,,,,0,,,,,,,,,,,,,,,,,,,
2014-05-07,NO_VIEW_OUTSIDE_DECISION_PERIOD,False,,,,0,,,,,,,,,,,,,,,,,,,
2014-05-08,NO_VIEW_OUTSIDE_DECISION_PERIOD,False,,,,0,,,,,,,,,,,,,,,,,,,
2014-05-09,NO_VIEW_OUTSIDE_DECISION_PERIOD,False,,,,0,,,,,,,,,,,,,,,,,,,
2014-05-12,NO_VIEW_OUTSIDE_DECISION_PERIOD,False,,,,0,,,,,,,,,,,,,,,,,,,
2014-05-13,NO_VIEW_OUTSIDE_DECISION_PERIOD,False,,,,0,,,,,,,,,,,,,,,,,,,
2014-05-14,NO_VIEW_OUTSIDE_DECISION_PERIOD,False,,,,0,,,,,,,,,,,,,,,,,,,
2014-05-15,NO_VIEW_OUTSIDE_DECISION_PERIOD,False,,,,0,,,,,,,,,,,,,,,,,,,
2014-05-16,NO_VIEW_OUTSIDE_DECISION_PERIOD,False,,,,0,,,,,,,,,,,,,,,,,,,
2014-05-19,NO_VIEW_OUTSIDE_DECISION_PERIOD,False,,,,0,,,,,,,,,,,,,,,,,,,
2014-05-20,NO_VIEW_OUTSIDE_DECISION_PERIOD,False,,,,0,,,,,,,,,,,,,,,,,,,
2014-05-21,NO_VIEW_OUTSIDE_DECISION_PERIOD,False,,,,0,,,,,,,,,,,,,,,,,,,
2014-05-22,NO_VIEW_OUTSIDE_DECISION_PERIOD,False,,,,0,,,,,,,,,,,,,,,,,,,
2014-05-23,NO_VIEW_OUTSIDE_DECISION_PERIOD,False,,,,0,,,,,,,,,,,,,,,,,,,
2014-05-26,NO_VIEW_OUTSIDE_DECISION_PERIOD,False,,,,0,,,,,,,,,,,,,,,,,,,
2014-05-27,NO_VIEW_OUTSIDE_DECISION_PERIOD,False,,,,0,,,,,,,,,,,,,,,,,,,
2014-05-28,NO_VIEW_OUTSIDE_DECISION_PERIOD,False,,,,0,,,,,,,,,,,,,,,,,,,
2014-05-29,NO_VIEW_OUTSIDE_DECISION_PERIOD,False,,,,0,,,,,,,,,,,,,,,,,,,
2014-05-30,NO_VIEW_OUTSIDE_DECISION_PERIOD,False,,,,0,,,,,,,,,,,,,,,,,,,
2014-06-03,NO_VIEW_OUTSIDE_DECISION_PERIOD,False,,,,0,,,,,,,,,,,,,,,,,,,
2014-06-04,NO_VIEW_OUTSIDE_DECISION_PERIOD,False,,,,0,,,,,,,,,,,,,,,,,,,
2014-06-05,NO_VIEW_OUTSIDE_DECISION_PERIOD,False,,,,0,,,,,,,,,,,,,,,,,,,
2014-06-06,NO_VIEW_OUTSIDE_DECISION_PERIOD,False,,,,0,,,,,,,,,,,,,,,,,,,
2014-06-09,NO_VIEW_OUTSIDE_DECISION_PERIOD,False,,,,0,,,,,,,,,,,,,,,,,,,
2014-06-10,NO_VIEW_OUTSIDE_DECISION_PERIOD,False,,,,0,,,,,,,,,,,,,,,,,,,
2014-06-11,NO_VIEW_OUTSIDE_DECISION_PERIOD,False,,,,0,,,,,,,,,,,,,,,,,,,
2014-06-12,NO_VIEW_OUTSIDE_DECISION_PERIOD,False,,,,0,,,,,,,,,,,,,,,,,,,
2014-06-13,NO_VIEW_OUTSIDE_DECISION_PERIOD,False,,,,0,,,,,,,,,,,,,,,,,,,
2014-06-16,NO_VIEW_OUTSIDE_DECISION_PERIOD,False,,,,0,,,,,,,,,,,,,,,,,,,
2014-06-17,NO_VIEW_OUTSIDE_DECISION_PERIOD,False,,,,0,,,,,,,,,,,,,,,,,,,
2014-06-18,NO_VIEW_OUTSIDE_DECISION_PERIOD,False,,,,0,,,,,,,,,,,,,,,,,,,
2014-06-19,NO_VIEW_OUTSIDE_DECISION_PERIOD,False,,,,0,,,,,,,,,,,,,,,,,,,
2014-06-20,NO_VIEW_OUTSIDE_DECISION_PERIOD,False,,,,0,,,,,,,,,,,,,,,,,,,
2014-06-23,NO_VIEW_OUTSIDE_DECISION_PERIOD,False,,,,0,,,,,,,,,,,,,,,,,,,
2014-06-24,NO_VIEW_OUTSIDE_DECISION_PERIOD,False,,,,0,,,,,,,,,,,,,,,,,,,
2014-06-25,NO_VIEW_OUTSIDE_DECISION_PERIOD,False,,,,0,,,,,,,,,,,,,,,,,,,
2014-06-26,NO_VIEW_OUTSIDE_DECISION_PERIOD,False,,,,0,,,,,,,,,,,,,,,,,,,
2014-06-27,NO_VIEW_OUTSIDE_DECISION_PERIOD,False,,,,0,,,,,,,,,,,,,,,,,,,
2014-06-30,NO_VIEW_OUTSIDE_DECISION_PERIOD,False,,,,0,,,,,,,,,,,,,,,,,,,
2014-07-01,NO_VIEW_OUTSIDE_DECISION_PERIOD,False,,,,0,,,,,,,,,,,,,,,,,,,
2014-07-02,NO_VIEW_OUTSIDE_DECISION_PERIOD,False,,,,0,,,,,,,,,,,,,,,,,,,
2014-07-03,NO_VIEW_OUTSIDE_DECISION_PERIOD,False,,,,0,,,,,,,,,,,,,,,,,,,
2014-07-04,NO_VIEW_OUTSIDE_DECISION_PERIOD,False,,,,0,,,,,,,,,,,,,,,,,,,
2014-07-07,NO_VIEW_OUTSIDE_DECISION_PERIOD,False,,,,0,,,,,,,,,,,,,,,,,,,
2014-07-08,NO_VIEW_OUTSIDE_DECISION_PERIOD,False,,,,0,,,,,,,,,,,,,,,,,,,
2014-07-09,NO_VIEW_OUTSIDE_DECISION_PERIOD,False,,,,0,,,,,,,,,,,,,,,,,,,
2014-07-10,NO_VIEW_OUTSIDE_DECISION_PERIOD,False,,,,0,,,,,,,,,,,,,,,,,,,
2014-07-11,NO_VIEW_OUTSIDE_DECISION_PERIOD,False,,,,0,,,,,,,,,,,,,,,,,,,
2014-07-14,NO_VIEW_OUTSIDE_DECISION_PERIOD,False,,,,0,,,,,,,,,,,,,,,,,,,
2014-07-15,NO_VIEW_OUTSIDE_DECISION_PERIOD,False,,,,0,,,,,,,,,,,,,,,,,,,
2014-07-16,NO_VIEW_OUTSIDE_DECISION_PERIOD,False,,,,0,,,,,,,,,,,,,,,,,,,
2014-07-17,NO_VIEW_OUTSIDE_DECISION_PERIOD,False,,,,0,,,,,,,,,,,,,,,,,,,
2014-07-18,NO_VIEW_OUTSIDE_DECISION_PERIOD,False,,,,0,,,,,,,,,,,,,,,,,,,
2014-07-21,NO_VIEW_OUTSIDE_DECISION_PERIOD,False,,,,0,,,,,,,,,,,,,,,,,,,
2014-07-22,NO_VIEW_OUTSIDE_DECISION_PERIOD,False,,,,0,,,,,,,,,,,,,,,,,,,
2014-07-23,NO_VIEW_OUTSIDE_DECISION_PERIOD,False,,,,0,,,,,,,,,,,,,,,,,,,
2014-07-24,NO_VIEW_OUTSIDE_DECISION_PERIOD,False,,,,0,,,,,,,,,,,,,,,,,,,
2014-07-25,NO_VIEW_OUTSIDE_DECISION_PERIOD,False,,,,0,,,,,,,,,,,,,,,,,,,
2014-07-28,NO_VIEW_OUTSIDE_DECISION_PERIOD,False,,,,0,,,,,,,,,,,,,,,,,,,
2014-07-29,NO_VIEW_OUTSIDE_DECISION_PERIOD,False,,,,0,,,,,,,,,,,,,,,,,,,
2014-07-30,NO_VIEW_OUTSIDE_DECISION_PERIOD,False,,,,0,,,,,,,,,,,,,,,,,,,
2014-07-31,NO_VIEW_OUTSIDE_DECISION_PERIOD,False,,,,0,,,,,,,,,,,,,,,,,,,
2014-08-01,NO_VIEW_OUTSIDE_DECISION_PERIOD,False,,,,0,,,,,,,,,,,,,,,,,,,
2014-08-04,NO_VIEW_OUTSIDE_DECISION_PERIOD,False,,,,0,,,,,,,,,,,,,,,,,,,
2014-08-05,NO_VIEW_OUTSIDE_DECISION_PERIOD,False,,,,0,,,,,,,,,,,,,,,,,,,
2014-08-06,NO_VIEW_OUTSIDE_DECISION_PERIOD,False,,,,0,,,,,,,,,,,,,,,,,,,
2014-08-07,NO_VIEW_OUTSIDE_DECISION_PERIOD,False,,,,0,,,,,,,,,,,,,,,,,,,
2014-08-08,NO_VIEW_OUTSIDE_DECISION_PERIOD,False,,,,0,,,,,,,,,,,,,,,,,,,
2014-08-11,NO_VIEW_OUTSIDE_DECISION_PERIOD,False,,,,0,,,,,,,,,,,,,,,,,,,
2014-08-12,NO_VIEW_OUTSIDE_DECISION_PERIOD,False,,,,0,,,,,,,,,,,,,,,,,,,
2014-08-13,NO_VIEW_OUTSIDE_DECISION_PERIOD,False,,,,0,,,,,,,,,,,,,,,,,,,
2014-08-14,NO_VIEW_OUTSIDE_DECISION_PERIOD,False,,,,0,,,,,,,,,,,,,,,,,,,
2014-08-15,NO_VIEW_OUTSIDE_DECISION_PERIOD,False,,,,0,,,,,,,,,,,,,,,,,,,
2014-08-18,NO_VIEW_OUTSIDE_DECISION_PERIOD,False,,,,0,,,,,,,,,,,,,,,,,,,
2014-08-19,NO_VIEW_OUTSIDE_DECISION_PERIOD,False,,,,0,,,,,,,,,,,,,,,,,,,
2014-08-20,NO_VIEW_OUTSIDE_DECISION_PERIOD,False,,,,0,,,,,,,,,,,,,,,,,,,
2014-08-21,NO_VIEW_OUTSIDE_DECISION_PERIOD,False,,,,0,,,,,,,,,,,,,,,,,,,
2014-08-22,NO_VIEW_OUTSIDE_DECISION_PERIOD,False,,,,0,,,,,,,,,,,,,,,,,,,
2014-08-25,NO_VIEW_OUTSIDE_DECISION_PERIOD,False,,,,0,,,,,,,,,,,,,,,,,,,
2014-08-26,NO_VIEW_OUTSIDE_DECISION_PERIOD,False,,,,0,,,,,,,,,,,,,,,,,,,
2014-08-27,NO_VIEW_OUTSIDE_DECISION_PERIOD,False,,,,0,,,,,,,,,,,,,,,,,,,
2014-08-28,NO_VIEW_OUTSIDE_DECISION_PERIOD,False,,,,0,,,,,,,,,,,,,,,,,,,
2014-08-29,NO_VIEW_OUTSIDE_DECISION_PERIOD,False,,,,0,,,,,,,,,,,,,,,,,,,
2014-09-01,NO_VIEW_OUTSIDE_DECISION_PERIOD,False,,,,0,,,,,,,,,,,,,,,,,,,
2014-09-02,NO_VIEW_OUTSIDE_DECISION_PERIOD,False,,,,0,,,,,,,,,,,,,,,,,,,
2014-09-03,NO_VIEW_OUTSIDE_DECISION_PERIOD,False,,,,0,,,,,,,,,,,,,,,,,,,
2014-09-04,NO_VIEW_OUTSIDE_DECISION_PERIOD,False,,,,0,,,,,,,,,,,,,,,,,,,
2014-09-05,NO_VIEW_OUTSIDE_DECISION_PERIOD,False,,,,0,,,,,,,,,,,,,,,,,,,
2014-09-09,NO_VIEW_OUTSIDE_DECISION_PERIOD,False,,,,0,,,,,,,,,,,,,,,,,,,
2014-09-10,NO_VIEW_OUTSIDE_DECISION_PERIOD,False,,,,0,,,,,,,,,,,,,,,,,,,
2014-09-11,NO_VIEW_OUTSIDE_DECISION_PERIOD,False,,,,0,,,,,,,,,,,,,,,,,,,
2014-09-12,NO_VIEW_OUTSIDE_DECISION_PERIOD,False,,,,0,,,,,,,,,,,,,,,,,,,
2014-09-15,NO_VIEW_OUTSIDE_DECISION_PERIOD,False,,,,0,,,,,,,,,,,,,,,,,,,
2014-09-16,NO_VIEW_OUTSIDE_DECISION_PERIOD,False,,,,0,,,,,,,,,,,,,,,,,,,
2014-09-17,NO_VIEW_OUTSIDE_DECISION_PERIOD,False,,,,0,,,,,,,,,,,,,,,,,,,
2014-09-18,NO_VIEW_OUTSIDE_DECISION_PERIOD,False,,,,0,,,,,,,,,,,,,,,,,,,
2014-09-19,NO_VIEW_OUTSIDE_DECISION_PERIOD,False,,,,0,,,,,,,,,,,,,,,,,,,
2014-09-22,NO_VIEW_OUTSIDE_DECISION_PERIOD,False,,,,0,,,,,,,,,,,,,,,,,,,
2014-09-23,NO_VIEW_OUTSIDE_DECISION_PERIOD,False,,,,0,,,,,,,,,,,,,,,,,,,
2014-09-24,NO_VIEW_OUTSIDE_DECISION_PERIOD,False,,,,0,,,,,,,,,,,,,,,,,,,
2014-09-25,NO_VIEW_OUTSIDE_DECISION_PERIOD,False,,,,0,,,,,,,,,,,,,,,,,,,
2014-09-26,NO_VIEW_OUTSIDE_DECISION_PERIOD,False,,,,0,,,,,,,,,,,,,,,,,,,
2014-09-29,NO_VIEW_OUTSIDE_DECISION_PERIOD,False,,,,0,,,,,,,,,,,,,,,,,,,
2014-09-30,NO_VIEW_OUTSIDE_DECISION_PERIOD,False,,,,0,,,,,,,,,,,,,,,,,,,
2014-10-08,NO_VIEW_OUTSIDE_DECISION_PERIOD,False,,,,0,,,,,,,,,,,,,,,,,,,
2014-10-09,NO_VIEW_OUTSIDE_DECISION_PERIOD,False,,,,0,,,,,,,,,,,,,,,,,,,
2014-10-10,NO_VIEW_OUTSIDE_DECISION_PERIOD,False,,,,0,,,,,,,,,,,,,,,,,,,
2014-10-13,NO_VIEW_OUTSIDE_DECISION_PERIOD,False,,,,0,,,,,,,,,,,,,,,,,,,
2014-10-14,NO_VIEW_OUTSIDE_DECISION_PERIOD,False,,,,0,,,,,,,,,,,,,,,,,,,
2014-10-15,NO_VIEW_OUTSIDE_DECISION_PERIOD,False,,,,0,,,,,,,,,,,,,,,,,,,
2014-10-16,NO_VIEW_OUTSIDE_DECISION_PERIOD,False,,,,0,,,,,,,,,,,,,,,,,,,
2014-10-17,NO_VIEW_OUTSIDE_DECISION_PERIOD,False,,,,0,,,,,,,,,,,,,,,,,,,
2014-10-20,NO_VIEW_OUTSIDE_DECISION_PERIOD,False,,,,0,,,,,,,,,,,,,,,,,,,
2014-10-21,NO_VIEW_OUTSIDE_DECISION_PERIOD,False,,,,0,,,,,,,,,,,,,,,,,,,
2014-10-22,NO_VIEW_OUTSIDE_DECISION_PERIOD,False,,,,0,,,,,,,,,,,,,,,,,,,
2014-10-23,NO_VIEW_OUTSIDE_DECISION_PERIOD,False,,,,0,,,,,,,,,,,,,,,,,,,
2014-10-24,NO_VIEW_OUTSIDE_DECISION_PERIOD,False,,,,0,,,,,,,,,,,,,,,,,,,
2014-10-27,NO_VIEW_OUTSIDE_DECISION_PERIOD,False,,,,0,,,,,,,,,,,,,,,,,,,
2014-10-28,NO_VIEW_OUTSIDE_DECISION_PERIOD,False,,,,0,,,,,,,,,,,,,,,,,,,
2014-10-29,NO_VIEW_OUTSIDE_DECISION_PERIOD,False,,,,0,,,,,,,,,,,,,,,,,,,
2014-10-30,NO_VIEW_OUTSIDE_DECISION_PERIOD,False,,,,0,,,,,,,,,,,,,,,,,,,
2014-10-31,NO_VIEW_OUTSIDE_DECISION_PERIOD,False,,,,0,,,,,,,,,,,,,,,,,,,
2014-11-03,NO_VIEW_OUTSIDE_DECISION_PERIOD,False,,,,0,,,,,,,,,,,,,,,,,,,
2014-11-04,NO_VIEW_OUTSIDE_DECISION_PERIOD,False,,,,0,,,,,,,,,,,,,,,,,,,
2014-11-05,NO_VIEW_OUTSIDE_DECISION_PERIOD,False,,,,0,,,,,,,,,,,,,,,,,,,
2014-11-06,NO_VIEW_OUTSIDE_DECISION_PERIOD,False,,,,0,,,,,,,,,,,,,,,,,,,
2014-11-07,NO_VIEW_OUTSIDE_DECISION_PERIOD,False,,,,0,,,,,,,,,,,,,,,,,,,
2014-11-10,NO_VIEW_OUTSIDE_DECISION_PERIOD,False,,,,0,,,,,,,,,,,,,,,,,,,
2014-11-11,NO_VIEW_OUTSIDE_DECISION_PERIOD,False,,,,0,,,,,,,,,,,,,,,,,,,
2014-11-12,NO_VIEW_OUTSIDE_DECISION_PERIOD,False,,,,0,,,,,,,,,,,,,,,,,,,
2014-11-13,NO_VIEW_OUTSIDE_DECISION_PERIOD,False,,,,0,,,,,,,,,,,,,,,,,,,
2014-11-14,NO_VIEW_OUTSIDE_DECISION_PERIOD,False,,,,0,,,,,,,,,,,,,,,,,,,
2014-11-17,NO_VIEW_OUTSIDE_DECISION_PERIOD,False,,,,0,,,,,,,,,,,,,,,,,,,
2014-11-18,NO_VIEW_OUTSIDE_DECISION_PERIOD,False,,,,0,,,,,,,,,,,,,,,,,,,
2014-11-19,NO_VIEW_OUTSIDE_DECISION_PERIOD,False,,,,0,,,,,,,,,,,,,,,,,,,
2014-11-20,NO_VIEW_OUTSIDE_DECISION_PERIOD,False,,,,0,,,,,,,,,,,,,,,,,,,
2014-11-21,NO_VIEW_OUTSIDE_DECISION_PERIOD,False,,,,0,,,,,,,,,,,,,,,,,,,
2014-11-24,NO_VIEW_OUTSIDE_DECISION_PERIOD,False,,,,0,,,,,,,,,,,,,,,,,,,
2014-11-25,NO_VIEW_OUTSIDE_DECISION_PERIOD,False,,,,0,,,,,,,,,,,,,,,,,,,
2014-11-26,NO_VIEW_OUTSIDE_DECISION_PERIOD,False,,,,0,,,,,,,,,,,,,,,,,,,
2014-11-27,NO_VIEW_OUTSIDE_DECISION_PERIOD,False,,,,0,,,,,,,,,,,,,,,,,,,
2014-11-28,NO_VIEW_OUTSIDE_DECISION_PERIOD,False,,,,0,,,,,,,,,,,,,,,,,,,
2014-12-01,NO_VIEW_OUTSIDE_DECISION_PERIOD,False,,,,0,,,,,,,,,,,,,,,,,,,
2014-12-02,NO_VIEW_OUTSIDE_DECISION_PERIOD,False,,,,0,,,,,,,,,,,,,,,,,,,
2014-12-03,NO_VIEW_OUTSIDE_DECISION_PERIOD,False,,,,0,,,,,,,,,,,,,,,,,,,
2014-12-04,NO_VIEW_OUTSIDE_DECISION_PERIOD,False,,,,0,,,,,,,,,,,,,,,,,,,
2014-12-05,NO_VIEW_OUTSIDE_DECISION_PERIOD,False,,,,0,,,,,,,,,,,,,,,,,,,
2014-12-08,NO_VIEW_OUTSIDE_DECISION_PERIOD,False,,,,0,,,,,,,,,,,,,,,,,,,
2014-12-09,NO_VIEW_OUTSIDE_DECISION_PERIOD,False,,,,0,,,,,,,,,,,,,,,,,,,
2014-12-10,NO_VIEW_OUTSIDE_DECISION_PERIOD,False,,,,0,,,,,,,,,,,,,,,,,,,
2014-12-11,NO_VIEW_OUTSIDE_DECISION_PERIOD,False,,,,0,,,,,,,,,,,,,,,,,,,
2014-12-12,NO_VIEW_OUTSIDE_DECISION_PERIOD,False,,,,0,,,,,,,,,,,,,,,,,,,
2014-12-15,NO_VIEW_OUTSIDE_DECISION_PERIOD,False,,,,0,,,,,,,,,,,,,,,,,,,
2014-12-16,NO_VIEW_OUTSIDE_DECISION_PERIOD,False,,,,0,,,,,,,,,,,,,,,,,,,
2014-12-17,NO_VIEW_OUTSIDE_DECISION_PERIOD,False,,,,0,,,,,,,,,,,,,,,,,,,
2014-12-18,NO_VIEW_OUTSIDE_DECISION_PERIOD,False,,,,0,,,,,,,,,,,,,,,,,,,
2014-12-19,NO_VIEW_OUTSIDE_DECISION_PERIOD,False,,,,0,,,,,,,,,,,,,,,,,,,
2014-12-22,NO_VIEW_OUTSIDE_DECISION_PERIOD,False,,,,0,,,,,,,,,,,,,,,,,,,
2014-12-23,NO_VIEW_OUTSIDE_DECISION_PERIOD,False,,,,0,,,,,,,,,,,,,,,,,,,
2014-12-24,NO_VIEW_OUTSIDE_DECISION_PERIOD,False,,,,0,,,,,,,,,,,,,,,,,,,
2014-12-25,NO_VIEW_OUTSIDE_DECISION_PERIOD,False,,,,0,,,,,,,,,,,,,,,,,,,
2014-12-26,NO_VIEW_OUTSIDE_DECISION_PERIOD,False,,,,0,,,,,,,,,,,,,,,,,,,
2014-12-29,NO_VIEW_OUTSIDE_DECISION_PERIOD,False,,,,0,,,,,,,,,,,,,,,,,,,
2014-12-30,NO_VIEW_OUTSIDE_DECISION_PERIOD,False,,,,0,,,,,,,,,,,,,,,,,,,
2014-12-31,INITIAL_EQUAL_BUDGET_NO_RISK_ESTIMATE,False,,,,0,,,,0.3333333333333333,0.3333333333333333,,0.0,0.3333333333333333,,1.0,0.3333333333333333,,0.0,,,,,,
2015-01-05,NO_VIEW_WARMUP_KEEP_BUDGET,True,2015-01-05,,2015-01-05,1,,,,0.3333333333333333,0.3333333333333333,,0.0,0.3333333333333333,,1.0,0.3333333333333333,,0.0,,,,0.0,0.022514227600000103,0.0
2015-01-06,NO_VIEW_WARMUP_KEEP_BUDGET,False,2015-01-05,,2015-01-05,1,,,,0.3333333333333333,0.3333333333333333,,0.0,0.3333333333333333,,1.0,0.3333333333333333,,0.0,,,,0.0,-0.0067725219005061454,0.0
2015-01-07,NO_VIEW_WARMUP_KEEP_BUDGET,False,2015-01-05,,2015-01-05,1,,,,0.3333333333333333,0.3333333333333333,,0.0,0.3333333333333333,,1.0,0.3333333333333333,,0.0,,,,0.0,-0.0002727480682860328,0.0
2015-01-08,NO_VIEW_WARMUP_KEEP_BUDGET,False,2015-01-05,,2015-01-05,1,,,,0.3333333333333333,0.3333333333333333,,0.0,0.3333333333333333,,1.0,0.3333333333333333,,0.0,,,,0.0,-0.02182579840723664,0.0
2015-01-09,NO_VIEW_WARMUP_KEEP_BUDGET,False,2015-01-05,,2015-01-05,1,,,,0.3333333333333333,0.3333333333333333,,0.0,0.3333333333333333,,1.0,0.3333333333333333,,0.0,,,,0.0,-0.0072516577014623,0.0
2015-01-12,NO_VIEW_WARMUP_KEEP_BUDGET,False,2015-01-05,,2015-01-05,1,,,,0.3333333333333333,0.3333333333333333,,0.0,0.3333333333333333,,1.0,0.3333333333333333,,0.0,,,,0.0,-0.0030904196933114747,0.0
2015-01-13,NO_VIEW_WARMUP_KEEP_BUDGET,False,2015-01-05,,2015-01-05,1,,,,0.3333333333333333,0.3333333333333333,,0.0,0.3333333333333333,,1.0,0.3333333333333333,,0.0,,,,0.0,-0.001972727269127672,0.0
2015-01-14,NO_VIEW_WARMUP_KEEP_BUDGET,False,2015-01-05,,2015-01-05,1,,,,0.3333333333333333,0.3333333333333333,,0.0,0.3333333333333333,,1.0,0.3333333333333333,,0.0,,,,0.0,-0.002259001844971964,0.0
2015-01-15,NO_VIEW_WARMUP_KEEP_BUDGET,False,2015-01-05,,2015-01-05,1,,,,0.3333333333333333,0.3333333333333333,,0.0,0.3333333333333333,,1.0,0.3333333333333333,,0.0,,,,0.0,0.028301456103704492,0.0
2015-01-16,NO_VIEW_WARMUP_KEEP_BUDGET,False,2015-01-05,,2015-01-05,1,,,,0.3333333333333333,0.3333333333333333,,0.0,0.3333333333333333,,1.0,0.3333333333333333,,0.0,,,,0.0,0.008807209111130643,0.0
2015-01-19,NO_VIEW_WARMUP_KEEP_BUDGET,False,2015-01-05,,2015-01-05,1,,,,0.0,0.3333333333333333,,0.0,0.3333333333333333,,0.0,0.3333333333333333,,0.0,,,,0.0,-0.09985302771310778,0.0
2015-01-20,NO_VIEW_WARMUP_KEEP_BUDGET,False,2015-01-05,,2015-01-05,1,,,,0.0,0.3333333333333333,,0.0,0.3333333333333333,,0.0,0.3333333333333333,,0.0,,,,0.0,0.014044547835677879,0.0
2015-01-21,NO_VIEW_WARMUP_KEEP_BUDGET,False,2015-01-05,,2015-01-05,1,,,,0.0,0.3333333333333333,,0.0,0.3333333333333333,,0.0,0.3333333333333333,,0.0,,,,0.0,0.0,0.0
2015-01-22,NO_VIEW_WARMUP_KEEP_BUDGET,False,2015-01-05,,2015-01-05,1,,,,0.0,0.3333333333333333,,0.0,0.3333333333333333,,0.0,0.3333333333333333,,0.0,,,,0.0,0.0,0.0
2015-01-23,NO_VIEW_WARMUP_KEEP_BUDGET,False,2015-01-05,,2015-01-05,1,,,,0.0,0.3333333333333333,,0.0,0.3333333333333333,,0.0,0.3333333333333333,,0.0,,,,0.0,0.0,0.0
2015-01-26,NO_VIEW_WARMUP_KEEP_BUDGET,False,2015-01-05,,2015-01-05,1,,,,0.0,0.3333333333333333,,0.0,0.3333333333333333,,0.0,0.3333333333333333,,0.0,,,,0.0,0.0,0.0
2015-01-27,NO_VIEW_WARMUP_KEEP_BUDGET,False,2015-01-05,,2015-01-05,1,,,,0.0,0.3333333333333333,,0.0,0.3333333333333333,,0.0,0.3333333333333333,,0.0,,,,0.0,0.0,0.0
2015-01-28,NO_VIEW_WARMUP_KEEP_BUDGET,False,2015-01-05,,2015-01-05,1,,,,0.0,0.3333333333333333,,0.0,0.3333333333333333,,0.0,0.3333333333333333,,0.0,,,,0.0,0.0,0.0
2015-01-29,NO_VIEW_WARMUP_KEEP_BUDGET,False,2015-01-05,,2015-01-05,1,,,,0.0,0.3333333333333333,,0.0,0.3333333333333333,,0.0,0.3333333333333333,,0.0,,,,0.0,0.0,0.0
2015-01-30,NO_VIEW_WARMUP_KEEP_BUDGET,False,2015-01-05,,2015-01-05,1,,,,0.0,0.3333333333333333,,0.0,0.3333333333333333,,0.0,0.3333333333333333,,0.0,,,,0.0,0.0,0.0
2015-02-02,NO_VIEW_WARMUP_KEEP_BUDGET,True,2015-02-02,,2015-01-05,21,,,,0.0,0.3333333333333333,,0.0,0.3333333333333333,,0.0,0.3333333333333333,,0.0,,,,0.0,0.0,0.0
2015-02-03,NO_VIEW_WARMUP_KEEP_BUDGET,False,2015-02-02,,2015-01-05,21,,,,0.0,0.3333333333333333,,0.0,0.3333333333333333,,0.0,0.3333333333333333,,0.0,,,,0.0,0.0,0.0
2015-02-04,NO_VIEW_WARMUP_KEEP_BUDGET,False,2015-02-02,,2015-01-05,21,,,,0.0,0.3333333333333333,,0.0,0.3333333333333333,,0.0,0.3333333333333333,,0.0,,,,0.0,0.0,0.0
2015-02-05,NO_VIEW_WARMUP_KEEP_BUDGET,False,2015-02-02,,2015-01-05,21,,,,0.0,0.3333333333333333,,0.0,0.3333333333333333,,0.0,0.3333333333333333,,0.0,,,,0.0,0.0,0.0
2015-02-06,NO_VIEW_WARMUP_KEEP_BUDGET,False,2015-02-02,,2015-01-05,21,,,,0.0,0.3333333333333333,,0.0,0.3333333333333333,,0.0,0.3333333333333333,,0.0,,,,0.0,0.0,0.0
2015-02-09,NO_VIEW_WARMUP_KEEP_BUDGET,False,2015-02-02,,2015-01-05,21,,,,0.0,0.3333333333333333,,0.0,0.3333333333333333,,0.0,0.3333333333333333,,0.0,,,,0.0,0.0,0.0
2015-02-10,NO_VIEW_WARMUP_KEEP_BUDGET,False,2015-02-02,,2015-01-05,21,,,,0.3333333333333333,0.3333333333333333,,0.0,0.3333333333333333,,1.0,0.3333333333333333,,0.0,,,,0.0,0.0,0.0
2015-02-11,NO_VIEW_WARMUP_KEEP_BUDGET,False,2015-02-02,,2015-01-05,21,,,,0.3333333333333333,0.3333333333333333,,0.0,0.3333333333333333,,1.0,0.3333333333333333,,0.0,,,,0.0,0.004496030454352873,0.0
2015-02-12,NO_VIEW_WARMUP_KEEP_BUDGET,False,2015-02-02,,2015-01-05,21,,,,0.3333333333333333,0.3333333333333333,,0.0,0.3333333333333333,,1.0,0.3333333333333333,,0.0,,,,0.0,0.0040905211165824795,0.0
2015-02-13,NO_VIEW_WARMUP_KEEP_BUDGET,False,2015-02-02,,2015-01-05,21,,,,0.3333333333333333,0.3333333333333333,,0.0,0.3333333333333333,,1.0,0.3333333333333333,,0.0,,,,0.0,0.006401775158161538,0.0
2015-02-16,NO_VIEW_WARMUP_KEEP_BUDGET,False,2015-02-02,,2015-01-05,21,,,,0.3333333333333333,0.3333333333333333,,0.0,0.3333333333333333,,1.0,0.3333333333333333,,0.0,,,,0.0,0.00838502457554835,0.0
2015-02-17,NO_VIEW_WARMUP_KEEP_BUDGET,False,2015-02-02,,2015-01-05,21,,,,0.3333333333333333,0.3333333333333333,,0.0,0.3333333333333333,,1.0,0.3333333333333333,,0.0,,,,0.0,0.00888876958109841,0.0
2015-02-25,NO_VIEW_WARMUP_KEEP_BUDGET,False,2015-02-02,,2015-01-05,21,,,,0.3333333333333333,0.3333333333333333,,0.0,0.3333333333333333,,1.0,0.3333333333333333,,0.0,,,,0.0,-0.015347245016611222,0.0
2015-02-26,NO_VIEW_WARMUP_KEEP_BUDGET,False,2015-02-02,,2015-01-05,21,,,,0.3333333333333333,0.3333333333333333,,0.0,0.3333333333333333,,1.0,0.3333333333333333,,0.0,,,,0.0,0.02972971809587288,0.0
2015-02-27,NO_VIEW_WARMUP_KEEP_BUDGET,False,2015-02-02,,2015-01-05,21,,,,0.3333333333333333,0.3333333333333333,,0.0,0.3333333333333333,,1.0,0.3333333333333333,,0.0,,,,0.0,-0.0019621326284496865,0.0
2015-03-02,NO_VIEW_WARMUP_KEEP_BUDGET,True,2015-03-02,,2015-01-05,36,,,,0.3333333333333333,0.3333333333333333,,0.0,0.3333333333333333,,1.0,0.3333333333333333,,0.0,,,,0.0,0.007863960647574553,0.0
2015-03-03,NO_VIEW_WARMUP_KEEP_BUDGET,False,2015-03-02,,2015-01-05,36,,,,0.3333333333333333,0.3333333333333333,,0.0,0.3333333333333333,,1.0,0.3333333333333333,,0.0,,,,0.0,-0.02730910454306379,0.0
2015-03-04,NO_VIEW_WARMUP_KEEP_BUDGET,False,2015-03-02,,2015-01-05,36,,,,0.3333333333333333,0.3333333333333333,,0.0,0.3333333333333333,,1.0,0.3333333333333333,,0.0,,,,0.0,0.008308153872761181,0.0
2015-03-05,NO_VIEW_WARMUP_KEEP_BUDGET,False,2015-03-02,,2015-01-05,36,,,,0.3333333333333333,0.3333333333333333,,0.0,0.3333333333333333,,1.0,0.3333333333333333,,0.0,,,,0.0,-0.008523824690228388,0.0
2015-03-06,NO_VIEW_WARMUP_KEEP_BUDGET,False,2015-03-02,,2015-01-05,36,,,,0.3333333333333333,0.3333333333333333,,0.0,0.3333333333333333,,1.0,0.3333333333333333,,0.0,,,,0.0,-0.006304543597208667,0.0
2015-03-09,NO_VIEW_WARMUP_KEEP_BUDGET,False,2015-03-02,,2015-01-05,36,,,,0.3333333333333333,0.3333333333333333,,0.0,0.3333333333333333,,1.0,0.3333333333333333,,0.0,,,,0.0,0.019610405776823825,0.0
2015-03-10,NO_VIEW_WARMUP_KEEP_BUDGET,False,2015-03-02,,2015-01-05,36,,,,0.3333333333333333,0.3333333333333333,,0.0,0.3333333333333333,,1.0,0.3333333333333333,,0.0,,,,0.0,-0.007071042003236716,0.0
2015-03-11,NO_VIEW_WARMUP_KEEP_BUDGET,False,2015-03-02,,2015-01-05,36,,,,0.3333333333333333,0.3333333333333333,,0.0,0.3333333333333333,,1.0,0.3333333333333333,,0.0,,,,0.0,0.0014242795411067988,0.0
2015-03-12,NO_VIEW_WARMUP_KEEP_BUDGET,False,2015-03-02,,2015-01-05,36,,,,0.3333333333333333,0.3333333333333333,,0.0,0.3333333333333333,,1.0,0.3333333333333333,,0.0,,,,0.0,0.018204849331716177,0.0
2015-03-13,NO_VIEW_WARMUP_KEEP_BUDGET,False,2015-03-02,,2015-01-05,36,,,,0.3333333333333333,0.3333333333333333,,0.0,0.3333333333333333,,1.0,0.3333333333333333,,0.0,,,,0.0,0.0055872994711183566,0.0
2015-03-16,NO_VIEW_WARMUP_KEEP_BUDGET,False,2015-03-02,,2015-01-05,36,,,,0.3333333333333333,0.3333333333333333,,0.0,0.3333333333333333,,1.0,0.3333333333333333,,0.0,,,,0.0,0.024725334796445564,0.0
2015-03-17,NO_VIEW_WARMUP_KEEP_BUDGET,False,2015-03-02,,2015-01-05,36,,,,0.3333333333333333,0.3333333333333333,,0.0,0.3333333333333333,,1.0,0.3333333333333333,,0.0,,,,0.0,0.012742145461955623,0.0
2015-03-18,NO_VIEW_WARMUP_KEEP_BUDGET,False,2015-03-02,,2015-01-05,36,,,,0.3333333333333333,0.3333333333333333,,0.0,0.3333333333333333,,1.0,0.3333333333333333,,0.0,,,,0.0,0.026502144137823036,0.0
2015-03-19,NO_VIEW_WARMUP_KEEP_BUDGET,False,2015-03-02,,2015-01-05,36,,,,0.3333333333333333,0.3333333333333333,,0.0,0.3333333333333333,,1.0,0.3333333333333333,,0.0,,,,0.0,-0.005215740213761033,0.0
2015-03-20,NO_VIEW_WARMUP_KEEP_BUDGET,False,2015-03-02,,2015-01-05,36,,,,0.3333333333333333,0.3333333333333333,,0.0,0.3333333333333333,,1.0,0.3333333333333333,,0.0,,,,0.0,0.014156334339448184,0.0
2015-03-23,NO_VIEW_WARMUP_KEEP_BUDGET,False,2015-03-02,,2015-01-05,36,,,,0.3333333333333333,0.3333333333333333,,0.0,0.3333333333333333,,1.0,0.3333333333333333,,0.0,,,,0.0,0.020162609844204038,0.0
2015-03-24,NO_VIEW_WARMUP_KEEP_BUDGET,False,2015-03-02,,2015-01-05,36,,,,0.3333333333333333,0.3333333333333333,,0.0,0.3333333333333333,,1.0,0.3333333333333333,,0.0,,,,0.0,-0.0010135442938536965,0.0
2015-03-25,NO_VIEW_WARMUP_KEEP_BUDGET,False,2015-03-02,,2015-01-05,36,,,,0.3333333333333333,0.3333333333333333,,0.0,0.3333333333333333,,1.0,0.3333333333333333,,0.0,,,,0.0,-0.006087435648788109,0.0
2015-03-26,NO_VIEW_WARMUP_KEEP_BUDGET,False,2015-03-02,,2015-01-05,36,,,,0.3333333333333333,0.3333333333333333,,0.0,0.3333333333333333,,1.0,0.3333333333333333,,0.0,,,,0.0,0.0007655899355647477,0.0
2015-03-27,NO_VIEW_WARMUP_KEEP_BUDGET,False,2015-03-02,,2015-01-05,36,,,,0.3333333333333333,0.3333333333333333,,0.0,0.3333333333333333,,1.0,0.3333333333333333,,0.0,,,,0.0,0.0076500425600556365,0.0
2015-03-30,NO_VIEW_WARMUP_KEEP_BUDGET,False,2015-03-02,,2015-01-05,36,,,,0.3333333333333333,0.3333333333333333,,0.0,0.3333333333333333,,1.0,0.3333333333333333,,0.0,,,,0.0,0.03188624760100489,0.0
2015-03-31,NO_VIEW_WARMUP_KEEP_BUDGET,False,2015-03-02,,2015-01-05,36,,,,0.3333333333333333,0.3333333333333333,,0.0,0.3333333333333333,,1.0,0.3333333333333333,,0.0,,,,0.0,-0.011036047430870166,0.0
2015-04-01,NO_VIEW_WARMUP_KEEP_BUDGET,True,2015-04-01,,2015-01-05,58,,,,0.3333333333333333,0.3333333333333333,,0.0,0.3333333333333333,,1.0,0.3333333333333333,,0.0,,,,0.0,0.01636682798858491,0.0
2015-04-02,NO_VIEW_WARMUP_KEEP_BUDGET,False,2015-04-01,,2015-01-05,58,,,,0.3333333333333333,0.3333333333333333,,0.0,0.3333333333333333,,1.0,0.3333333333333333,,0.0,,,,0.0,-0.0014639335056342295,0.0
2015-04-03,NO_VIEW_WARMUP_KEEP_BUDGET,False,2015-04-01,,2015-01-05,58,,,,0.3333333333333333,0.3333333333333333,,0.0,0.3333333333333333,,1.0,0.3333333333333333,,0.0,,,,0.0,0.016126877237906623,0.0
2015-04-07,NO_VIEW_WARMUP_KEEP_BUDGET,False,2015-04-01,,2015-01-05,58,,,,0.3333333333333333,0.3333333333333333,,0.0,0.3333333333333333,,1.0,0.3333333333333333,,0.0,,,,0.0,0.017554209037468516,0.0
2015-04-08,NO_VIEW_WARMUP_KEEP_BUDGET,False,2015-04-01,,2015-01-05,58,,,,0.3333333333333333,0.3333333333333333,,0.0,0.3333333333333333,,1.0,0.3333333333333333,,0.0,,,,0.0,0.008034886892255955,0.0
2015-04-09,NO_VIEW_WARMUP_KEEP_BUDGET,False,2015-04-01,,2015-01-05,58,,,,0.3333333333333333,0.3333333333333333,,0.0,0.3333333333333333,,1.0,0.3333333333333333,,0.0,,,,0.0,-0.007267532482632122,0.0
2015-04-10,NO_VIEW_WARMUP_KEEP_BUDGET,False,2015-04-01,,2015-01-05,58,,,,0.3333333333333333,0.3333333333333333,,0.0,0.3333333333333333,,1.0,0.3333333333333333,,0.0,,,,0.0,0.023379125189815442,0.0
2015-04-13,NO_VIEW_WARMUP_KEEP_BUDGET,False,2015-04-01,,2015-01-05,58,,,,0.3333333333333333,0.3333333333333333,,0.0,0.3333333333333333,,1.0,0.3333333333333333,,0.0,,,,0.0,0.01661456611682799,0.0
2015-04-14,NO_VIEW_WARMUP_KEEP_BUDGET,False,2015-04-01,,2015-01-05,58,,,,0.3333333333333333,0.3333333333333333,,0.0,0.3333333333333333,,1.0,0.3333333333333333,,0.0,,,,0.0,0.0004539731584116691,0.0
2015-04-15,NO_VIEW_WARMUP_KEEP_BUDGET,False,2015-04-01,,2015-01-05,58,,,,0.3333333333333333,0.3333333333333333,,0.0,0.3333333333333333,,1.0,0.3333333333333333,,0.0,,,,0.0,-0.00839469246556479,0.0
2015-04-16,NO_VIEW_WARMUP_KEEP_BUDGET,False,2015-04-01,,2015-01-05,58,,,,0.3333333333333333,0.3333333333333333,,0.0,0.3333333333333333,,1.0,0.3333333333333333,,0.0,,,,0.0,0.03271901805586119,0.0
2015-04-17,NO_VIEW_WARMUP_KEEP_BUDGET,False,2015-04-01,,2015-01-05,58,,,,0.3333333333333333,0.3333333333333333,,0.0,0.3333333333333333,,1.0,0.3333333333333333,,0.0,,,,0.0,0.017281309639263,0.0
2015-04-20,NO_VIEW_WARMUP_KEEP_BUDGET,False,2015-04-01,,2015-01-05,58,,,,0.3333333333333333,0.3333333333333333,,0.0,0.3333333333333333,,1.0,0.3333333333333333,,0.0,,,,0.0,-0.021779152893705245,0.0
2015-04-21,NO_VIEW_WARMUP_KEEP_BUDGET,False,2015-04-01,,2015-01-05,58,,,,0.3333333333333333,0.3333333333333333,,0.0,0.3333333333333333,,1.0,0.3333333333333333,,0.0,,,,0.0,0.021150842685702553,0.0
2015-04-22,NO_VIEW_WARMUP_KEEP_BUDGET,False,2015-04-01,,2015-01-05,58,,,,0.3333333333333333,0.3333333333333333,,0.0,0.3333333333333333,,1.0,0.3333333333333333,,0.0,,,,0.0,0.027253619154054665,0.0
2015-04-23,NO_VIEW_WARMUP_KEEP_BUDGET,False,2015-04-01,,2015-01-05,58,,,,0.3333333333333333,0.3333333333333333,,0.0,0.3333333333333333,,1.0,0.3333333333333333,,0.0,,,,0.0,-0.0010612226093298371,0.0
2015-04-24,NO_VIEW_WARMUP_KEEP_BUDGET,False,2015-04-01,,2015-01-05,58,,,,0.3333333333333333,0.3333333333333333,,0.0,0.3333333333333333,,1.0,0.3333333333333333,,0.0,,,,0.0,-0.003611989997171161,0.0
2015-04-27,NO_VIEW_WARMUP_KEEP_BUDGET,False,2015-04-01,,2015-01-05,58,,,,0.3333333333333333,0.3333333333333333,,0.0,0.3333333333333333,,1.0,0.3333333333333333,,0.0,,,,0.0,0.020684301473880895,0.0
2015-04-28,NO_VIEW_WARMUP_KEEP_BUDGET,False,2015-04-01,,2015-01-05,58,,,,0.3333333333333333,0.3333333333333333,,0.0,0.3333333333333333,,1.0,0.3333333333333333,,0.0,,,,0.0,-0.012952970577172818,0.0
2015-04-29,NO_VIEW_WARMUP_KEEP_BUDGET,False,2015-04-01,,2015-01-05,58,,,,0.3333333333333333,0.3333333333333333,,0.0,0.3333333333333333,,1.0,0.3333333333333333,,0.0,,,,0.0,0.005503173329418409,0.0
2015-04-30,NO_VIEW_WARMUP_KEEP_BUDGET,False,2015-04-01,,2015-01-05,58,,,,0.3333333333333333,0.3333333333333333,,0.0,0.3333333333333333,,1.0,0.3333333333333333,,0.0,,,,0.0,-0.002105020832197657,0.0
2015-05-04,NO_VIEW_WARMUP_KEEP_BUDGET,True,2015-05-04,,2015-01-05,79,,,,0.3333333333333333,0.3333333333333333,,0.0,0.3333333333333333,,1.0,0.3333333333333333,,0.0,,,,0.0,0.005484599359622422,0.0
2015-05-05,NO_VIEW_WARMUP_KEEP_BUDGET,False,2015-05-04,,2015-01-05,79,,,,0.3333333333333333,0.3333333333333333,,0.0,0.3333333333333333,,1.0,0.3333333333333333,,0.0,,,,0.0,-0.03797298279104311,0.0
2015-05-06,NO_VIEW_WARMUP_KEEP_BUDGET,False,2015-05-04,,2015-01-05,79,,,,0.3333333333333333,0.3333333333333333,,0.0,0.3333333333333333,,1.0,0.3333333333333333,,0.0,,,,0.0,-0.01046767201072829,0.0
2015-05-07,NO_VIEW_WARMUP_KEEP_BUDGET,False,2015-05-04,,2015-01-05,79,,,,0.3333333333333333,0.3333333333333333,,0.0,0.3333333333333333,,1.0,0.3333333333333333,,0.0,,,,0.0,-0.017410288709479804,0.0
2015-05-08,NO_VIEW_WARMUP_KEEP_BUDGET,False,2015-05-04,,2015-01-05,79,,,,0.3333333333333333,0.3333333333333333,,0.0,0.3333333333333333,,1.0,0.3333333333333333,,0.0,,,,0.0,0.01547589448667197,0.0
2015-05-11,NO_VIEW_WARMUP_KEEP_BUDGET,False,2015-05-04,,2015-01-05,79,,,,0.3333333333333333,0.3333333333333333,,0.0,0.3333333333333333,,1.0,0.3333333333333333,,0.0,,,,0.0,0.03290965422184566,0.0
2015-05-12,NO_VIEW_WARMUP_KEEP_BUDGET,False,2015-05-04,,2015-01-05,79,,,,0.3333333333333333,0.3333333333333333,,0.0,0.3333333333333333,,1.0,0.3333333333333333,,0.0,,,,0.0,0.011546981606413986,0.0
2015-05-13,NO_VIEW_WARMUP_KEEP_BUDGET,False,2015-05-04,,2015-01-05,79,,,,0.3333333333333333,0.3333333333333333,,0.0,0.3333333333333333,,1.0,0.3333333333333333,,0.0,,,,0.0,-0.009301250313019316,0.0
2015-05-14,NO_VIEW_WARMUP_KEEP_BUDGET,False,2015-05-04,,2015-01-05,79,,,,0.0,0.3333333333333333,,0.0,0.3333333333333333,,0.0,0.3333333333333333,,0.0,,,,0.0,-0.0023471439516696835,0.0
2015-05-15,NO_VIEW_WARMUP_KEEP_BUDGET,False,2015-05-04,,2015-01-05,79,,,,0.0,0.3333333333333333,,0.0,0.3333333333333333,,0.0,0.3333333333333333,,0.0,,,,0.0,-0.002124457395685009,0.0
2015-05-18,NO_VIEW_WARMUP_KEEP_BUDGET,False,2015-05-04,,2015-01-05,79,,,,0.0,0.3333333333333333,,0.0,0.3333333333333333,,0.0,0.3333333333333333,,0.0,,,,0.0,0.0,0.0
2015-05-19,NO_VIEW_WARMUP_KEEP_BUDGET,False,2015-05-04,,2015-01-05,79,,,,0.0,0.3333333333333333,,0.0,0.3333333333333333,,0.0,0.3333333333333333,,0.0,,,,0.0,0.0,0.0
2015-05-20,NO_VIEW_WARMUP_KEEP_BUDGET,False,2015-05-04,,2015-01-05,79,,,,0.0,0.3333333333333333,,0.0,0.3333333333333333,,0.0,0.3333333333333333,,0.0,,,,0.0,0.0,0.0
2015-05-21,NO_VIEW_WARMUP_KEEP_BUDGET,False,2015-05-04,,2015-01-05,79,,,,0.0,0.3333333333333333,,0.0,0.3333333333333333,,0.0,0.3333333333333333,,0.0,,,,0.0,0.0,0.0
2015-05-22,NO_VIEW_WARMUP_KEEP_BUDGET,False,2015-05-04,,2015-01-05,79,,,,0.0,0.3333333333333333,,0.0,0.3333333333333333,,0.0,0.3333333333333333,,0.0,,,,0.0,0.0,0.0
2015-05-25,NO_VIEW_WARMUP_KEEP_BUDGET,False,2015-05-04,,2015-01-05,79,,,,0.0,0.3333333333333333,,0.0,0.3333333333333333,,0.0,0.3333333333333333,,0.0,,,,0.0,0.0,0.0
2015-05-26,NO_VIEW_WARMUP_KEEP_BUDGET,False,2015-05-04,,2015-01-05,79,,,,0.0,0.3333333333333333,,0.0,0.3333333333333333,,0.0,0.3333333333333333,,0.0,,,,0.0,0.0,0.0
2015-05-27,NO_VIEW_WARMUP_KEEP_BUDGET,False,2015-05-04,,2015-01-05,79,,,,0.0,0.3333333333333333,,0.0,0.3333333333333333,,0.0,0.3333333333333333,,0.0,,,,0.0,0.0,0.0
2015-05-28,NO_VIEW_WARMUP_KEEP_BUDGET,False,2015-05-04,,2015-01-05,79,,,,0.0,0.3333333333333333,,0.0,0.3333333333333333,,0.0,0.3333333333333333,,0.0,,,,0.0,0.0,0.0
2015-05-29,NO_VIEW_WARMUP_KEEP_BUDGET,False,2015-05-04,,2015-01-05,79,,,,0.0,0.3333333333333333,,0.0,0.3333333333333333,,0.0,0.3333333333333333,,0.0,,,,0.0,0.0,0.0
2015-06-01,NO_VIEW_WARMUP_KEEP_BUDGET,True,2015-06-01,,2015-01-05,99,,,,0.0,0.3333333333333333,,0.0,0.3333333333333333,,0.0,0.3333333333333333,,0.0,,,,0.0,0.0,0.0
2015-06-02,NO_VIEW_WARMUP_KEEP_BUDGET,False,2015-06-01,,2015-01-05,99,,,,0.3333333333333333,0.3333333333333333,,0.0,0.3333333333333333,,1.0,0.3333333333333333,,0.0,,,,0.0,0.0,0.0
2015-06-03,NO_VIEW_WARMUP_KEEP_BUDGET,False,2015-06-01,,2015-01-05,99,,,,0.3333333333333333,0.3333333333333333,,0.0,0.3333333333333333,,1.0,0.3333333333333333,,0.0,,,,0.0,-0.009098407936578012,0.0
2015-06-04,NO_VIEW_WARMUP_KEEP_BUDGET,False,2015-06-01,,2015-01-05,99,,,,0.3333333333333333,0.3333333333333333,,0.0,0.3333333333333333,,1.0,0.3333333333333333,,0.0,,,,0.0,0.011323254588903486,0.0
2015-06-05,NO_VIEW_WARMUP_KEEP_BUDGET,False,2015-06-01,,2015-01-05,99,,,,0.3333333333333333,0.3333333333333333,,0.0,0.3333333333333333,,1.0,0.3333333333333333,,0.0,,,,0.0,0.001544341250013126,0.0
2015-06-08,NO_VIEW_WARMUP_KEEP_BUDGET,False,2015-06-01,,2015-01-05,99,,,,0.3333333333333333,0.3333333333333333,,0.0,0.3333333333333333,,1.0,0.3333333333333333,,0.0,,,,0.0,0.024478614010597477,0.0
2015-06-09,NO_VIEW_WARMUP_KEEP_BUDGET,False,2015-06-01,,2015-01-05,99,,,,0.3333333333333333,0.3333333333333333,,0.0,0.3333333333333333,,1.0,0.3333333333333333,,0.0,,,,0.0,-0.008090002613680536,0.0
2015-06-10,NO_VIEW_WARMUP_KEEP_BUDGET,False,2015-06-01,,2015-01-05,99,,,,0.3333333333333333,0.3333333333333333,,0.0,0.3333333333333333,,1.0,0.3333333333333333,,0.0,,,,0.0,-0.0009483702965125129,0.0
2015-06-11,NO_VIEW_WARMUP_KEEP_BUDGET,False,2015-06-01,,2015-01-05,99,,,,0.3333333333333333,0.3333333333333333,,0.0,0.3333333333333333,,1.0,0.3333333333333333,,0.0,,,,0.0,0.00018985411130256757,0.0
2015-06-12,NO_VIEW_WARMUP_KEEP_BUDGET,False,2015-06-01,,2015-01-05,99,,,,0.3333333333333333,0.3333333333333333,,0.0,0.3333333333333333,,1.0,0.3333333333333333,,0.0,,,,0.0,0.007402904868865523,0.0
2015-06-15,NO_VIEW_WARMUP_KEEP_BUDGET,False,2015-06-01,,2015-01-05,99,,,,0.3333333333333333,0.3333333333333333,,0.0,0.3333333333333333,,1.0,0.3333333333333333,,0.0,,,,0.0,-0.02392974571116746,0.0
2015-06-16,NO_VIEW_WARMUP_KEEP_BUDGET,False,2015-06-01,,2015-01-05,99,,,,0.3333333333333333,0.3333333333333333,,0.0,0.3333333333333333,,1.0,0.3333333333333333,,0.0,,,,0.0,-0.02625380125022203,0.0
2015-06-17,NO_VIEW_WARMUP_KEEP_BUDGET,False,2015-06-01,,2015-01-05,99,,,,0.3333333333333333,0.3333333333333333,,0.0,0.3333333333333333,,1.0,0.3333333333333333,,0.0,,,,0.0,0.014868555314990317,0.0
2015-06-18,NO_VIEW_WARMUP_KEEP_BUDGET,False,2015-06-01,,2015-01-05,99,,,,0.3333333333333333,0.3333333333333333,,0.0,0.3333333333333333,,1.0,0.3333333333333333,,0.0,,,,0.0,-0.03926393032426345,0.0
2015-06-19,NO_VIEW_WARMUP_KEEP_BUDGET,False,2015-06-01,,2015-01-05,99,,,,0.0,0.3333333333333333,,0.0,0.3333333333333333,,0.0,0.3333333333333333,,0.0,,,,0.0,-0.06221785627637022,0.0
2015-06-23,NO_VIEW_WARMUP_KEEP_BUDGET,False,2015-06-01,,2015-01-05,99,,,,0.3333333333333333,0.3333333333333333,,1.0,0.3333333333333333,,0.0,0.3333333333333333,,0.0,,,,0.0,0.0019681270531988204,0.0
2015-06-24,NO_VIEW_WARMUP_KEEP_BUDGET,False,2015-06-01,,2015-01-05,99,,,,0.3333333333333333,0.3333333333333333,,1.0,0.3333333333333333,,0.0,0.3333333333333333,,0.0,,,,0.01606313189999997,0.0,0.0
2015-06-25,NO_VIEW_WARMUP_KEEP_BUDGET,False,2015-06-01,,2015-01-05,99,,,,0.3333333333333333,0.3333333333333333,,1.0,0.3333333333333333,,0.0,0.3333333333333333,,0.0,,,,-0.03591066229494011,0.0,0.0
2015-06-26,NO_VIEW_WARMUP_KEEP_BUDGET,False,2015-06-01,,2015-01-05,99,,,,0.0,0.3333333333333333,,0.0,0.3333333333333333,,0.0,0.3333333333333333,,0.0,,,,-0.07449654485428192,0.0,0.0
2015-06-29,NO_VIEW_WARMUP_KEEP_BUDGET,False,2015-06-01,,2015-01-05,99,,,,0.0,0.3333333333333333,,0.0,0.3333333333333333,,0.0,0.3333333333333333,,0.0,,,,0.021413896391527576,0.0,0.0
2015-06-30,NO_VIEW_WARMUP_KEEP_BUDGET,False,2015-06-01,,2015-01-05,99,,,,0.0,0.3333333333333333,,0.0,0.3333333333333333,,0.0,0.3333333333333333,,0.0,,,,0.0,0.0,0.0
2015-07-01,NO_VIEW_WARMUP_KEEP_BUDGET,True,2015-07-01,,2015-01-05,120,,,,0.0,0.3333333333333333,,0.0,0.3333333333333333,,0.0,0.3333333333333333,,0.0,,,,0.0,0.0,0.0
2015-07-02,NO_VIEW_WARMUP_KEEP_BUDGET,False,2015-07-01,,2015-01-05,120,,,,0.0,0.3333333333333333,,0.0,0.3333333333333333,,0.0,0.3333333333333333,,0.0,,,,0.0,0.0,0.0
2015-07-03,NO_VIEW_WARMUP_KEEP_BUDGET,False,2015-07-01,,2015-01-05,120,,,,0.0,0.3333333333333333,,0.0,0.3333333333333333,,0.0,0.3333333333333333,,0.0,,,,0.0,0.0,0.0
2015-07-06,NO_VIEW_WARMUP_KEEP_BUDGET,False,2015-07-01,,2015-01-05,120,,,,0.0,0.3333333333333333,,0.0,0.3333333333333333,,0.0,0.3333333333333333,,0.0,,,,0.0,0.0,0.0
2015-07-07,NO_VIEW_WARMUP_KEEP_BUDGET,False,2015-07-01,,2015-01-05,120,,,,0.0,0.3333333333333333,,0.0,0.3333333333333333,,0.0,0.3333333333333333,,0.0,,,,0.0,0.0,0.0
2015-07-08,NO_VIEW_WARMUP_KEEP_BUDGET,False,2015-07-01,,2015-01-05,120,,,,0.0,0.3333333333333333,,0.0,0.3333333333333333,,0.0,0.3333333333333333,,0.0,,,,0.0,0.0,0.0
2015-07-09,NO_VIEW_WARMUP_KEEP_BUDGET,False,2015-07-01,,2015-01-05,120,,,,0.3333333333333333,0.3333333333333333,,1.0,0.3333333333333333,,0.0,0.3333333333333333,,0.0,,,,0.0,0.0,0.0
2015-07-10,NO_VIEW_WARMUP_KEEP_BUDGET,False,2015-07-01,,2015-01-05,120,,,,0.0,0.3333333333333333,,0.0,0.3333333333333333,,0.0,0.3333333333333333,,0.0,,,,0.06502079292153073,0.0,0.0
2015-07-13,NO_VIEW_WARMUP_KEEP_BUDGET,False,2015-07-01,,2015-01-05,120,,,,0.0,0.3333333333333333,,0.0,0.3333333333333333,,0.0,0.3333333333333333,,0.0,,,,-0.010205492931915416,0.0,0.0
2015-07-14,NO_VIEW_WARMUP_KEEP_BUDGET,False,2015-07-01,,2015-01-05,120,,,,0.0,0.3333333333333333,,0.0,0.3333333333333333,,0.0,0.3333333333333333,,0.0,,,,0.0,0.0,0.0
2015-07-15,NO_VIEW_WARMUP_KEEP_BUDGET,False,2015-07-01,,2015-01-05,120,,,,0.0,0.3333333333333333,,0.0,0.3333333333333333,,0.0,0.3333333333333333,,0.0,,,,0.0,0.0,0.0
2015-07-16,NO_VIEW_WARMUP_KEEP_BUDGET,False,2015-07-01,,2015-01-05,120,,,,0.0,0.3333333333333333,,0.0,0.3333333333333333,,0.0,0.3333333333333333,,0.0,,,,0.0,0.0,0.0
2015-07-17,NO_VIEW_WARMUP_KEEP_BUDGET,False,2015-07-01,,2015-01-05,120,,,,0.0,0.3333333333333333,,0.0,0.3333333333333333,,0.0,0.3333333333333333,,0.0,,,,0.0,0.0,0.0
2015-07-20,NO_VIEW_WARMUP_KEEP_BUDGET,False,2015-07-01,,2015-01-05,120,,,,0.0,0.3333333333333333,,0.0,0.3333333333333333,,0.0,0.3333333333333333,,0.0,,,,0.0,0.0,0.0
2015-07-21,NO_VIEW_WARMUP_KEEP_BUDGET,False,2015-07-01,,2015-01-05,120,,,,0.0,0.3333333333333333,,0.0,0.3333333333333333,,0.0,0.3333333333333333,,0.0,,,,0.0,0.0,0.0
2015-07-22,NO_VIEW_WARMUP_KEEP_BUDGET,False,2015-07-01,,2015-01-05,120,,,,0.0,0.3333333333333333,,0.0,0.3333333333333333,,0.0,0.3333333333333333,,0.0,,,,0.0,0.0,0.0
2015-07-23,NO_VIEW_WARMUP_KEEP_BUDGET,False,2015-07-01,,2015-01-05,120,,,,0.0,0.3333333333333333,,0.0,0.3333333333333333,,0.0,0.3333333333333333,,0.0,,,,0.0,0.0,0.0
2015-07-24,NO_VIEW_WARMUP_KEEP_BUDGET,False,2015-07-01,,2015-01-05,120,,,,0.0,0.3333333333333333,,0.0,0.3333333333333333,,0.0,0.3333333333333333,,0.0,,,,0.0,0.0,0.0
2015-07-27,NO_VIEW_WARMUP_KEEP_BUDGET,False,2015-07-01,,2015-01-05,120,,,,0.0,0.3333333333333333,,0.0,0.3333333333333333,,0.0,0.3333333333333333,,0.0,,,,0.0,0.0,0.0
2015-07-28,NO_VIEW_WARMUP_KEEP_BUDGET,False,2015-07-01,,2015-01-05,120,,,,0.0,0.3333333333333333,,0.0,0.3333333333333333,,0.0,0.3333333333333333,,0.0,,,,0.0,0.0,0.0
2015-07-29,NO_VIEW_WARMUP_KEEP_BUDGET,False,2015-07-01,,2015-01-05,120,,,,0.0,0.3333333333333333,,0.0,0.3333333333333333,,0.0,0.3333333333333333,,0.0,,,,0.0,0.0,0.0
2015-07-30,NO_VIEW_WARMUP_KEEP_BUDGET,False,2015-07-01,,2015-01-05,120,,,,0.0,0.3333333333333333,,0.0,0.3333333333333333,,0.0,0.3333333333333333,,0.0,,,,0.0,0.0,0.0
2015-07-31,NO_VIEW_WARMUP_KEEP_BUDGET,False,2015-07-01,,2015-01-05,120,,,,0.0,0.3333333333333333,,0.0,0.3333333333333333,,0.0,0.3333333333333333,,0.0,,,,0.0,0.0,0.0
2015-08-03,NO_VIEW_WARMUP_KEEP_BUDGET,True,2015-08-03,,2015-01-05,143,,,,0.0,0.3333333333333333,,0.0,0.3333333333333333,,0.0,0.3333333333333333,,0.0,,,,0.0,0.0,0.0
2015-08-04,NO_VIEW_WARMUP_KEEP_BUDGET,False,2015-08-03,,2015-01-05,143,,,,0.0,0.3333333333333333,,0.0,0.3333333333333333,,0.0,0.3333333333333333,,0.0,,,,0.0,0.0,0.0
2015-08-05,NO_VIEW_WARMUP_KEEP_BUDGET,False,2015-08-03,,2015-01-05,143,,,,0.0,0.3333333333333333,,0.0,0.3333333333333333,,0.0,0.3333333333333333,,0.0,,,,0.0,0.0,0.0
2015-08-06,NO_VIEW_WARMUP_KEEP_BUDGET,False,2015-08-03,,2015-01-05,143,,,,0.0,0.3333333333333333,,0.0,0.3333333333333333,,0.0,0.3333333333333333,,0.0,,,,0.0,0.0,0.0
2015-08-07,NO_VIEW_WARMUP_KEEP_BUDGET,False,2015-08-03,,2015-01-05,143,,,,0.0,0.3333333333333333,,0.0,0.3333333333333333,,0.0,0.3333333333333333,,0.0,,,,0.0,0.0,0.0
2015-08-10,NO_VIEW_WARMUP_KEEP_BUDGET,False,2015-08-03,,2015-01-05,143,,,,0.0,0.3333333333333333,,0.0,0.3333333333333333,,0.0,0.3333333333333333,,0.0,,,,0.0,0.0,0.0
2015-08-11,NO_VIEW_WARMUP_KEEP_BUDGET,False,2015-08-03,,2015-01-05,143,,,,0.0,0.3333333333333333,,0.0,0.3333333333333333,,0.0,0.3333333333333333,,0.0,,,,0.0,0.0,0.0
2015-08-12,NO_VIEW_WARMUP_KEEP_BUDGET,False,2015-08-03,,2015-01-05,143,,,,0.0,0.3333333333333333,,0.0,0.3333333333333333,,0.0,0.3333333333333333,,0.0,,,,0.0,0.0,0.0
2015-08-13,NO_VIEW_WARMUP_KEEP_BUDGET,False,2015-08-03,,2015-01-05,143,,,,0.0,0.3333333333333333,,0.0,0.3333333333333333,,0.0,0.3333333333333333,,0.0,,,,0.0,0.0,0.0
2015-08-14,NO_VIEW_WARMUP_KEEP_BUDGET,False,2015-08-03,,2015-01-05,143,,,,0.0,0.3333333333333333,,0.0,0.3333333333333333,,0.0,0.3333333333333333,,0.0,,,,0.0,0.0,0.0
2015-08-17,NO_VIEW_WARMUP_KEEP_BUDGET,False,2015-08-03,,2015-01-05,143,,,,0.0,0.3333333333333333,,0.0,0.3333333333333333,,0.0,0.3333333333333333,,0.0,,,,0.0,0.0,0.0
2015-08-18,NO_VIEW_WARMUP_KEEP_BUDGET,False,2015-08-03,,2015-01-05,143,,,,0.0,0.3333333333333333,,0.0,0.3333333333333333,,0.0,0.3333333333333333,,0.0,,,,0.0,0.0,0.0
2015-08-19,NO_VIEW_WARMUP_KEEP_BUDGET,False,2015-08-03,,2015-01-05,143,,,,0.0,0.3333333333333333,,0.0,0.3333333333333333,,0.0,0.3333333333333333,,0.0,,,,0.0,0.0,0.0
2015-08-20,NO_VIEW_WARMUP_KEEP_BUDGET,False,2015-08-03,,2015-01-05,143,,,,0.0,0.3333333333333333,,0.0,0.3333333333333333,,0.0,0.3333333333333333,,0.0,,,,0.0,0.0,0.0
2015-08-21,NO_VIEW_WARMUP_KEEP_BUDGET,False,2015-08-03,,2015-01-05,143,,,,0.0,0.3333333333333333,,0.0,0.3333333333333333,,0.0,0.3333333333333333,,0.0,,,,0.0,0.0,0.0
2015-08-24,NO_VIEW_WARMUP_KEEP_BUDGET,False,2015-08-03,,2015-01-05,143,,,,0.0,0.3333333333333333,,0.0,0.3333333333333333,,0.0,0.3333333333333333,,0.0,,,,0.0,0.0,0.0
2015-08-25,NO_VIEW_WARMUP_KEEP_BUDGET,False,2015-08-03,,2015-01-05,143,,,,0.0,0.3333333333333333,,0.0,0.3333333333333333,,0.0,0.3333333333333333,,0.0,,,,0.0,0.0,0.0
2015-08-26,NO_VIEW_WARMUP_KEEP_BUDGET,False,2015-08-03,,2015-01-05,143,,,,0.0,0.3333333333333333,,0.0,0.3333333333333333,,0.0,0.3333333333333333,,0.0,,,,0.0,0.0,0.0
2015-08-27,NO_VIEW_WARMUP_KEEP_BUDGET,False,2015-08-03,,2015-01-05,143,,,,0.3333333333333333,0.3333333333333333,,1.0,0.3333333333333333,,0.0,0.3333333333333333,,0.0,,,,0.0,0.0,0.0
2015-08-28,NO_VIEW_WARMUP_KEEP_BUDGET,False,2015-08-03,,2015-01-05,143,,,,0.3333333333333333,0.3333333333333333,,1.0,0.3333333333333333,,0.0,0.3333333333333333,,0.0,,,,0.03728631376238978,0.0,0.0
2015-08-31,NO_VIEW_WARMUP_KEEP_BUDGET,False,2015-08-03,,2015-01-05,143,,,,0.3333333333333333,0.3333333333333333,,1.0,0.3333333333333333,,0.0,0.3333333333333333,,0.0,,,,-0.002056673994197622,0.0,0.0
2015-09-01,NO_VIEW_WARMUP_KEEP_BUDGET,True,2015-09-01,,2015-01-05,164,,,,0.3333333333333333,0.3333333333333333,,1.0,0.3333333333333333,,0.0,0.3333333333333333,,0.0,,,,-0.003827409150660932,0.0,0.0
2015-09-02,NO_VIEW_WARMUP_KEEP_BUDGET,False,2015-09-01,,2015-01-05,164,,,,0.3333333333333333,0.3333333333333333,,1.0,0.3333333333333333,,0.0,0.3333333333333333,,0.0,,,,-0.0029554726883356253,0.0,0.0
2015-09-07,NO_VIEW_WARMUP_KEEP_BUDGET,False,2015-09-01,,2015-01-05,164,,,,0.3333333333333333,0.3333333333333333,,1.0,0.3333333333333333,,0.0,0.3333333333333333,,0.0,,,,-0.02460313721326679,0.0,0.0
2015-09-08,NO_VIEW_WARMUP_KEEP_BUDGET,False,2015-09-01,,2015-01-05,164,,,,0.3333333333333333,0.3333333333333333,,1.0,0.3333333333333333,,0.0,0.3333333333333333,,0.0,,,,0.027047121289079268,0.0,0.0
2015-09-09,NO_VIEW_WARMUP_KEEP_BUDGET,False,2015-09-01,,2015-01-05,164,,,,0.3333333333333333,0.3333333333333333,,1.0,0.3333333333333333,,0.0,0.3333333333333333,,0.0,,,,0.018937412807884524,0.0,0.0
2015-09-10,NO_VIEW_WARMUP_KEEP_BUDGET,False,2015-09-01,,2015-01-05,164,,,,0.3333333333333333,0.3333333333333333,,1.0,0.3333333333333333,,0.0,0.3333333333333333,,0.0,,,,-0.017714259340792404,0.0,0.0
2015-09-11,NO_VIEW_WARMUP_KEEP_BUDGET,False,2015-09-01,,2015-01-05,164,,,,0.3333333333333333,0.3333333333333333,,1.0,0.3333333333333333,,0.0,0.3333333333333333,,0.0,,,,0.0020694424999136984,0.0,0.0
2015-09-14,NO_VIEW_WARMUP_KEEP_BUDGET,False,2015-09-01,,2015-01-05,164,,,,0.0,0.3333333333333333,,0.0,0.3333333333333333,,0.0,0.3333333333333333,,0.0,,,,-0.03510786878279393,0.0,0.0
2015-09-15,NO_VIEW_WARMUP_KEEP_BUDGET,False,2015-09-01,,2015-01-05,164,,,,0.0,0.3333333333333333,,0.0,0.3333333333333333,,0.0,0.3333333333333333,,0.0,,,,-0.010287922168675023,0.0,0.0
2015-09-16,NO_VIEW_WARMUP_KEEP_BUDGET,False,2015-09-01,,2015-01-05,164,,,,0.0,0.3333333333333333,,0.0,0.3333333333333333,,0.0,0.3333333333333333,,0.0,,,,0.0,0.0,0.0
2015-09-17,NO_VIEW_WARMUP_KEEP_BUDGET,False,2015-09-01,,2015-01-05,164,,,,0.0,0.3333333333333333,,0.0,0.3333333333333333,,0.0,0.3333333333333333,,0.0,,,,0.0,0.0,0.0
2015-09-18,NO_VIEW_WARMUP_KEEP_BUDGET,False,2015-09-01,,2015-01-05,164,,,,0.0,0.3333333333333333,,0.0,0.3333333333333333,,0.0,0.3333333333333333,,0.0,,,,0.0,0.0,0.0
2015-09-21,NO_VIEW_WARMUP_KEEP_BUDGET,False,2015-09-01,,2015-01-05,164,,,,0.0,0.3333333333333333,,0.0,0.3333333333333333,,0.0,0.3333333333333333,,0.0,,,,0.0,0.0,0.0
2015-09-22,NO_VIEW_WARMUP_KEEP_BUDGET,False,2015-09-01,,2015-01-05,164,,,,0.0,0.3333333333333333,,0.0,0.3333333333333333,,0.0,0.3333333333333333,,0.0,,,,0.0,0.0,0.0
2015-09-23,NO_VIEW_WARMUP_KEEP_BUDGET,False,2015-09-01,,2015-01-05,164,,,,0.0,0.3333333333333333,,0.0,0.3333333333333333,,0.0,0.3333333333333333,,0.0,,,,0.0,0.0,0.0
2015-09-24,NO_VIEW_WARMUP_KEEP_BUDGET,False,2015-09-01,,2015-01-05,164,,,,0.0,0.3333333333333333,,0.0,0.3333333333333333,,0.0,0.3333333333333333,,0.0,,,,0.0,0.0,0.0
2015-09-25,NO_VIEW_WARMUP_KEEP_BUDGET,False,2015-09-01,,2015-01-05,164,,,,0.0,0.3333333333333333,,0.0,0.3333333333333333,,0.0,0.3333333333333333,,0.0,,,,0.0,0.0,0.0
2015-09-28,NO_VIEW_WARMUP_KEEP_BUDGET,False,2015-09-01,,2015-01-05,164,,,,0.3333333333333333,0.3333333333333333,,0.0,0.3333333333333333,,1.0,0.3333333333333333,,0.0,,,,0.0,0.0,0.0
2015-09-29,NO_VIEW_WARMUP_KEEP_BUDGET,False,2015-09-01,,2015-01-05,164,,,,0.3333333333333333,0.3333333333333333,,0.0,0.3333333333333333,,1.0,0.3333333333333333,,0.0,,,,0.0,-0.008467609076315274,0.0
2015-09-30,NO_VIEW_WARMUP_KEEP_BUDGET,False,2015-09-01,,2015-01-05,164,,,,0.3333333333333333,0.3333333333333333,,0.0,0.3333333333333333,,1.0,0.3333333333333333,,0.0,,,,0.0,0.006796054269953,0.0
2015-10-08,NO_VIEW_WARMUP_KEEP_BUDGET,True,2015-10-08,,2015-01-05,184,,,,0.3333333333333333,0.3333333333333333,,0.0,0.3333333333333333,,1.0,0.3333333333333333,,0.0,,,,0.0,0.0355918565077209,0.0
2015-10-09,NO_VIEW_WARMUP_KEEP_BUDGET,False,2015-10-08,,2015-01-05,184,,,,0.3333333333333333,0.3333333333333333,,0.0,0.3333333333333333,,1.0,0.3333333333333333,,0.0,,,,0.0,0.01244380842279491,0.0
2015-10-12,NO_VIEW_WARMUP_KEEP_BUDGET,False,2015-10-08,,2015-01-05,184,,,,0.3333333333333333,0.3333333333333333,,0.0,0.3333333333333333,,1.0,0.3333333333333333,,0.0,,,,0.0,0.041262183851288325,0.0
2015-10-13,NO_VIEW_WARMUP_KEEP_BUDGET,False,2015-10-08,,2015-01-05,184,,,,0.3333333333333333,0.3333333333333333,,0.0,0.3333333333333333,,1.0,0.3333333333333333,,0.0,,,,0.0,-0.0070260786937399455,0.0
2015-10-14,NO_VIEW_WARMUP_KEEP_BUDGET,False,2015-10-08,,2015-01-05,184,,,,0.3333333333333333,0.3333333333333333,,0.0,0.3333333333333333,,1.0,0.3333333333333333,,0.0,,,,0.0,-0.010755206542016338,0.0
2015-10-15,NO_VIEW_WARMUP_KEEP_BUDGET,False,2015-10-08,,2015-01-05,184,,,,0.3333333333333333,0.3333333333333333,,0.0,0.3333333333333333,,1.0,0.3333333333333333,,0.0,,,,0.0,0.025463693127313558,0.0
2015-10-16,NO_VIEW_WARMUP_KEEP_BUDGET,False,2015-10-08,,2015-01-05,184,,,,0.3333333333333333,0.3333333333333333,,0.0,0.3333333333333333,,1.0,0.3333333333333333,,0.0,,,,0.0,0.01367121699145235,0.0
2015-10-19,NO_VIEW_WARMUP_KEEP_BUDGET,False,2015-10-08,,2015-01-05,184,,,,0.3333333333333333,0.3333333333333333,,0.0,0.3333333333333333,,1.0,0.3333333333333333,,0.0,,,,0.0,-0.0016514492493437949,0.0
2015-10-20,NO_VIEW_WARMUP_KEEP_BUDGET,False,2015-10-08,,2015-01-05,184,,,,0.3333333333333333,0.3333333333333333,,0.0,0.3333333333333333,,1.0,0.3333333333333333,,0.0,,,,0.0,0.012957751522217453,0.0
2015-10-21,NO_VIEW_WARMUP_KEEP_BUDGET,False,2015-10-08,,2015-01-05,184,,,,0.3333333333333333,0.3333333333333333,,0.0,0.3333333333333333,,1.0,0.3333333333333333,,0.0,,,,0.0,-0.029666543952844626,0.0
2015-10-22,NO_VIEW_WARMUP_KEEP_BUDGET,False,2015-10-08,,2015-01-05,184,,,,0.3333333333333333,0.3333333333333333,,0.0,0.3333333333333333,,1.0,0.3333333333333333,,0.0,,,,0.0,0.012622110145765753,0.0
2015-10-23,NO_VIEW_WARMUP_KEEP_BUDGET,False,2015-10-08,,2015-01-05,184,,,,0.3333333333333333,0.3333333333333333,,0.0,0.3333333333333333,,1.0,0.3333333333333333,,0.0,,,,0.0,0.01745068967685115,0.0
2015-10-26,NO_VIEW_WARMUP_KEEP_BUDGET,False,2015-10-08,,2015-01-05,184,,,,0.3333333333333333,0.3333333333333333,,0.0,0.3333333333333333,,1.0,0.3333333333333333,,0.0,,,,0.0,0.0016334653485197137,0.0
2015-10-27,NO_VIEW_WARMUP_KEEP_BUDGET,False,2015-10-08,,2015-01-05,184,,,,0.3333333333333333,0.3333333333333333,,0.0,0.3333333333333333,,1.0,0.3333333333333333,,0.0,,,,0.0,0.0005436004969312513,0.0
2015-10-28,NO_VIEW_WARMUP_KEEP_BUDGET,False,2015-10-08,,2015-01-05,184,,,,0.3333333333333333,0.3333333333333333,,0.0,0.3333333333333333,,1.0,0.3333333333333333,,0.0,,,,0.0,-0.0173857649913135,0.0
2015-10-29,NO_VIEW_WARMUP_KEEP_BUDGET,False,2015-10-08,,2015-01-05,184,,,,0.3333333333333333,0.3333333333333333,,0.0,0.3333333333333333,,1.0,0.3333333333333333,,0.0,,,,0.0,0.0013822951485475965,0.0
2015-10-30,NO_VIEW_WARMUP_KEEP_BUDGET,False,2015-10-08,,2015-01-05,184,,,,0.3333333333333333,0.3333333333333333,,0.0,0.3333333333333333,,1.0,0.3333333333333333,,0.0,,,,0.0,0.00027607740924606716,0.0
2015-11-02,NO_VIEW_WARMUP_KEEP_BUDGET,True,2015-11-02,,2015-01-05,201,,,,0.3333333333333333,0.3333333333333333,,0.0,0.3333333333333333,,1.0,0.3333333333333333,,0.0,,,,0.0,-0.016560072692800354,0.0
2015-11-03,NO_VIEW_WARMUP_KEEP_BUDGET,False,2015-11-02,,2015-01-05,201,,,,0.3333333333333333,0.3333333333333333,,0.0,0.3333333333333333,,1.0,0.3333333333333333,,0.0,,,,0.0,-0.007577516943169882,0.0
2015-11-04,NO_VIEW_WARMUP_KEEP_BUDGET,False,2015-11-02,,2015-01-05,201,,,,0.3333333333333333,0.3333333333333333,,0.0,0.3333333333333333,,1.0,0.3333333333333333,,0.0,,,,0.0,0.0593862431550205,0.0
2015-11-05,NO_VIEW_WARMUP_KEEP_BUDGET,False,2015-11-02,,2015-01-05,201,,,,0.3333333333333333,0.3333333333333333,,0.0,0.3333333333333333,,1.0,0.3333333333333333,,0.0,,,,0.0,0.015749408223888484,0.0
2015-11-06,NO_VIEW_WARMUP_KEEP_BUDGET,False,2015-11-02,,2015-01-05,201,,,,0.3333333333333333,0.3333333333333333,,0.0,0.3333333333333333,,1.0,0.3333333333333333,,0.0,,,,0.0,0.023652015767845258,0.0
2015-11-09,NO_VIEW_WARMUP_KEEP_BUDGET,False,2015-11-02,,2015-01-05,201,,,,0.3333333333333333,0.3333333333333333,,0.0,0.3333333333333333,,1.0,0.3333333333333333,,0.0,,,,0.0,0.010269121582343832,0.0
2015-11-10,NO_VIEW_WARMUP_KEEP_BUDGET,False,2015-11-02,,2015-01-05,201,,,,0.3333333333333333,0.3333333333333333,,0.0,0.3333333333333333,,1.0,0.3333333333333333,,0.0,,,,0.0,-0.0027953031274690066,0.0
2015-11-11,NO_VIEW_WARMUP_KEEP_BUDGET,False,2015-11-02,,2015-01-05,201,,,,0.3333333333333333,0.3333333333333333,,0.0,0.3333333333333333,,1.0,0.3333333333333333,,0.0,,,,0.0,-0.0012741539772652688,0.0
2015-11-12,NO_VIEW_WARMUP_KEEP_BUDGET,False,2015-11-02,,2015-01-05,201,,,,0.3333333333333333,0.3333333333333333,,0.0,0.3333333333333333,,1.0,0.3333333333333333,,0.0,,,,0.0,-0.010206236134485902,0.0
2015-11-13,NO_VIEW_WARMUP_KEEP_BUDGET,False,2015-11-02,,2015-01-05,201,,,,0.3333333333333333,0.3333333333333333,,0.0,0.3333333333333333,,1.0,0.3333333333333333,,0.0,,,,0.0,-0.009538116695673726,0.0
2015-11-16,NO_VIEW_WARMUP_KEEP_BUDGET,False,2015-11-02,,2015-01-05,201,,,,0.3333333333333333,0.3333333333333333,,0.0,0.3333333333333333,,1.0,0.3333333333333333,,0.0,,,,0.0,0.005725927191604585,0.0
2015-11-17,NO_VIEW_WARMUP_KEEP_BUDGET,False,2015-11-02,,2015-01-05,201,,,,0.3333333333333333,0.3333333333333333,,0.0,0.3333333333333333,,1.0,0.3333333333333333,,0.0,,,,0.0,-0.0036230266623211715,0.0
2015-11-18,NO_VIEW_WARMUP_KEEP_BUDGET,False,2015-11-02,,2015-01-05,201,,,,0.3333333333333333,0.3333333333333333,,0.0,0.3333333333333333,,1.0,0.3333333333333333,,0.0,,,,0.0,-0.008571044541225259,0.0
2015-11-19,NO_VIEW_WARMUP_KEEP_BUDGET,False,2015-11-02,,2015-01-05,201,,,,0.3333333333333333,0.3333333333333333,,0.0,0.3333333333333333,,1.0,0.3333333333333333,,0.0,,,,0.0,0.014932518763734803,0.0
2015-11-20,NO_VIEW_WARMUP_KEEP_BUDGET,False,2015-11-02,,2015-01-05,201,,,,0.3333333333333333,0.3333333333333333,,0.0,0.3333333333333333,,1.0,0.3333333333333333,,0.0,,,,0.0,-0.0028393160078243884,0.0
2015-11-23,NO_VIEW_WARMUP_KEEP_BUDGET,False,2015-11-02,,2015-01-05,201,,,,0.3333333333333333,0.3333333333333333,,0.0,0.3333333333333333,,1.0,0.3333333333333333,,0.0,,,,0.0,-0.004918237534987435,0.0
2015-11-24,NO_VIEW_WARMUP_KEEP_BUDGET,False,2015-11-02,,2015-01-05,201,,,,0.3333333333333333,0.3333333333333333,,0.0,0.3333333333333333,,1.0,0.3333333333333333,,0.0,,,,0.0,0.0007804020238397769,0.0
2015-11-25,NO_VIEW_WARMUP_KEEP_BUDGET,False,2015-11-02,,2015-01-05,201,,,,0.3333333333333333,0.3333333333333333,,0.0,0.3333333333333333,,1.0,0.3333333333333333,,0.0,,,,0.0,0.005978416614346838,0.0
2015-11-26,NO_VIEW_WARMUP_KEEP_BUDGET,False,2015-11-02,,2015-01-05,201,,,,0.3333333333333333,0.3333333333333333,,0.0,0.3333333333333333,,1.0,0.3333333333333333,,0.0,,,,0.0,-0.004650955479110319,0.0
2015-11-27,NO_VIEW_WARMUP_KEEP_BUDGET,False,2015-11-02,,2015-01-05,201,,,,0.3333333333333333,0.3333333333333333,,0.0,0.3333333333333333,,1.0,0.3333333333333333,,0.0,,,,0.0,-0.053476317566451104,0.0
2015-11-30,NO_VIEW_WARMUP_KEEP_BUDGET,False,2015-11-02,,2015-01-05,201,,,,0.3333333333333333,0.3333333333333333,,0.0,0.3333333333333333,,1.0,0.3333333333333333,,0.0,,,,0.0,0.0002742602001537531,0.0
2015-12-01,NO_VIEW_WARMUP_KEEP_BUDGET,True,2015-12-01,,2015-01-05,222,,,,0.3333333333333333,0.3333333333333333,,0.0,0.3333333333333333,,1.0,0.3333333333333333,,0.0,,,,0.0,0.007677180059363353,0.0
2015-12-02,NO_VIEW_WARMUP_KEEP_BUDGET,False,2015-12-01,,2015-01-05,222,,,,0.3333333333333333,0.3333333333333333,,0.0,0.3333333333333333,,1.0,0.3333333333333333,,0.0,,,,0.0,0.042446987167277905,0.0
2015-12-03,NO_VIEW_WARMUP_KEEP_BUDGET,False,2015-12-01,,2015-01-05,222,,,,0.3333333333333333,0.3333333333333333,,0.0,0.3333333333333333,,1.0,0.3333333333333333,,0.0,,,,0.0,0.0020881335928610856,0.0
2015-12-04,NO_VIEW_WARMUP_KEEP_BUDGET,False,2015-12-01,,2015-01-05,222,,,,0.3333333333333333,0.3333333333333333,,0.0,0.3333333333333333,,1.0,0.3333333333333333,,0.0,,,,0.0,-0.018754041391918275,0.0
2015-12-07,NO_VIEW_WARMUP_KEEP_BUDGET,False,2015-12-01,,2015-01-05,222,,,,0.3333333333333333,0.3333333333333333,,0.0,0.3333333333333333,,1.0,0.3333333333333333,,0.0,,,,0.0,0.0015927064656415801,0.0
2015-12-08,NO_VIEW_WARMUP_KEEP_BUDGET,False,2015-12-01,,2015-01-05,222,,,,0.3333333333333333,0.3333333333333333,,0.0,0.3333333333333333,,1.0,0.3333333333333333,,0.0,,,,0.0,-0.01431156407014711,0.0
2015-12-09,NO_VIEW_WARMUP_KEEP_BUDGET,False,2015-12-01,,2015-01-05,222,,,,0.3333333333333333,0.3333333333333333,,0.0,0.3333333333333333,,1.0,0.3333333333333333,,0.0,,,,0.0,0.0013443850744376817,0.0
2015-12-10,NO_VIEW_WARMUP_KEEP_BUDGET,False,2015-12-01,,2015-01-05,222,,,,0.3333333333333333,0.3333333333333333,,0.0,0.3333333333333333,,1.0,0.3333333333333333,,0.0,,,,0.0,-0.0018796121816500033,0.0
2015-12-11,NO_VIEW_WARMUP_KEEP_BUDGET,False,2015-12-01,,2015-01-05,222,,,,0.3333333333333333,0.3333333333333333,,0.0,0.3333333333333333,,1.0,0.3333333333333333,,0.0,,,,0.0,-0.00484239028286404,0.0
2015-12-14,NO_VIEW_WARMUP_KEEP_BUDGET,False,2015-12-01,,2015-01-05,222,,,,0.3333333333333333,0.3333333333333333,,0.0,0.3333333333333333,,1.0,0.3333333333333333,,0.0,,,,0.0,0.030277041679130257,0.0
2015-12-15,NO_VIEW_WARMUP_KEEP_BUDGET,False,2015-12-01,,2015-01-05,222,,,,0.3333333333333333,0.3333333333333333,,0.0,0.3333333333333333,,1.0,0.3333333333333333,,0.0,,,,0.0,-0.009445911983193556,0.0
2015-12-16,NO_VIEW_WARMUP_KEEP_BUDGET,False,2015-12-01,,2015-01-05,222,,,,0.3333333333333333,0.3333333333333333,,0.0,0.3333333333333333,,1.0,0.3333333333333333,,0.0,,,,0.0,0.00026488855798167954,0.0
2015-12-17,NO_VIEW_WARMUP_KEEP_BUDGET,False,2015-12-01,,2015-01-05,222,,,,0.3333333333333333,0.3333333333333333,,0.0,0.3333333333333333,,1.0,0.3333333333333333,,0.0,,,,0.0,0.01853728874303151,0.0
2015-12-18,NO_VIEW_WARMUP_KEEP_BUDGET,False,2015-12-01,,2015-01-05,222,,,,0.3333333333333333,0.3333333333333333,,0.0,0.3333333333333333,,1.0,0.3333333333333333,,0.0,,,,0.0,0.003639982344860071,0.0
2015-12-21,NO_VIEW_WARMUP_KEEP_BUDGET,False,2015-12-01,,2015-01-05,222,,,,0.3333333333333333,0.3333333333333333,,0.0,0.3333333333333333,,1.0,0.3333333333333333,,0.0,,,,0.0,0.025905578045140043,0.0
2015-12-22,NO_VIEW_WARMUP_KEEP_BUDGET,False,2015-12-01,,2015-01-05,222,,,,0.3333333333333333,0.3333333333333333,,0.0,0.3333333333333333,,1.0,0.3333333333333333,,0.0,,,,0.0,0.0012625712638438813,0.0
2015-12-23,NO_VIEW_WARMUP_KEEP_BUDGET,False,2015-12-01,,2015-01-05,222,,,,0.3333333333333333,0.3333333333333333,,0.0,0.3333333333333333,,1.0,0.3333333333333333,,0.0,,,,0.0,-0.0012609791877571386,0.0
2015-12-24,NO_VIEW_WARMUP_KEEP_BUDGET,False,2015-12-01,,2015-01-05,222,,,,0.3333333333333333,0.3333333333333333,,0.0,0.3333333333333333,,1.0,0.3333333333333333,,0.0,,,,0.0,-0.011868169880133062,0.0
2015-12-25,NO_VIEW_WARMUP_KEEP_BUDGET,False,2015-12-01,,2015-01-05,222,,,,0.3333333333333333,0.3333333333333333,,0.0,0.3333333333333333,,1.0,0.3333333333333333,,0.0,,,,0.0,0.005110942590284884,0.0
2015-12-28,NO_VIEW_WARMUP_KEEP_BUDGET,False,2015-12-01,,2015-01-05,222,,,,0.0,0.3333333333333333,,0.0,0.3333333333333333,,0.0,0.3333333333333333,,0.0,,,,0.0,-0.02974697905100243,0.0
2015-12-29,NO_VIEW_WARMUP_KEEP_BUDGET,False,2015-12-01,,2015-01-05,222,,,,0.0,0.3333333333333333,,0.0,0.3333333333333333,,0.0,0.3333333333333333,,0.0,,,,0.0,-0.0025559117143393317,0.0
2015-12-30,NO_VIEW_WARMUP_KEEP_BUDGET,False,2015-12-01,,2015-01-05,222,,,,0.0,0.3333333333333333,,0.0,0.3333333333333333,,0.0,0.3333333333333333,,0.0,,,,0.0,0.0,0.0
2015-12-31,NO_VIEW_WARMUP_KEEP_BUDGET,False,2015-12-01,,2015-01-05,222,,,,0.0,0.3333333333333333,,0.0,0.3333333333333333,,0.0,0.3333333333333333,,0.0,,,,0.0,0.0,0.0
2016-01-04,NO_VIEW_ZERO_OR_INVALID_RISK_KEEP_BUDGET,True,2016-01-04,,2015-01-08,242,,,,0.0,0.3333333333333333,0.008312876231658772,0.0,0.3333333333333333,0.015024771814203003,0.0,0.3333333333333333,0.0,0.0,,,,0.0,0.0,0.0
2016-01-05,NO_VIEW_ZERO_OR_INVALID_RISK_KEEP_BUDGET,False,2016-01-04,,2015-01-08,242,,,,0.0,0.3333333333333333,0.008312876231658772,0.0,0.3333333333333333,0.015024771814203003,0.0,0.3333333333333333,0.0,0.0,,,,0.0,0.0,0.0
2016-01-06,NO_VIEW_ZERO_OR_INVALID_RISK_KEEP_BUDGET,False,2016-01-04,,2015-01-08,242,,,,0.3333333333333333,0.3333333333333333,0.008312876231658772,1.0,0.3333333333333333,0.015024771814203003,0.0,0.3333333333333333,0.0,0.0,,,,0.0,0.0,0.0
2016-01-07,NO_VIEW_ZERO_OR_INVALID_RISK_KEEP_BUDGET,False,2016-01-04,,2015-01-08,242,,,,0.3333333333333333,0.3333333333333333,0.008312876231658772,1.0,0.3333333333333333,0.015024771814203003,0.0,0.3333333333333333,0.0,0.0,,,,-0.01609032137652222,0.0,0.0
2016-01-08,NO_VIEW_ZERO_OR_INVALID_RISK_KEEP_BUDGET,False,2016-01-04,,2015-01-08,242,,,,0.3333333333333333,0.3333333333333333,0.008312876231658772,1.0,0.3333333333333333,0.015024771814203003,0.0,0.3333333333333333,0.0,0.0,,,,-0.021537016946772125,0.0,0.0
2016-01-11,NO_VIEW_ZERO_OR_INVALID_RISK_KEEP_BUDGET,False,2016-01-04,,2015-01-08,242,,,,0.0,0.3333333333333333,0.008312876231658772,0.0,0.3333333333333333,0.015024771814203003,0.0,0.3333333333333333,0.0,0.0,,,,-0.05068338424333074,0.0,0.0
2016-01-12,NO_VIEW_ZERO_OR_INVALID_RISK_KEEP_BUDGET,False,2016-01-04,,2015-01-08,242,,,,0.0,0.3333333333333333,0.008312876231658772,0.0,0.3333333333333333,0.015024771814203003,0.0,0.3333333333333333,0.0,0.0,,,,0.007428256690444446,0.0,0.0
2016-01-13,NO_VIEW_ZERO_OR_INVALID_RISK_KEEP_BUDGET,False,2016-01-04,,2015-01-08,242,,,,0.0,0.3333333333333333,0.008312876231658772,0.0,0.3333333333333333,0.015024771814203003,0.0,0.3333333333333333,0.0,0.0,,,,0.0,0.0,0.0
2016-01-14,NO_VIEW_ZERO_OR_INVALID_RISK_KEEP_BUDGET,False,2016-01-04,,2015-01-08,242,,,,0.0,0.3333333333333333,0.008312876231658772,0.0,0.3333333333333333,0.015024771814203003,0.0,0.3333333333333333,0.0,0.0,,,,0.0,0.0,0.0
2016-01-15,NO_VIEW_ZERO_OR_INVALID_RISK_KEEP_BUDGET,False,2016-01-04,,2015-01-08,242,,,,0.0,0.3333333333333333,0.008312876231658772,0.0,0.3333333333333333,0.015024771814203003,0.0,0.3333333333333333,0.0,0.0,,,,0.0,0.0,0.0
2016-01-18,NO_VIEW_ZERO_OR_INVALID_RISK_KEEP_BUDGET,False,2016-01-04,,2015-01-08,242,,,,0.0,0.3333333333333333,0.008312876231658772,0.0,0.3333333333333333,0.015024771814203003,0.0,0.3333333333333333,0.0,0.0,,,,0.0,0.0,0.0
2016-01-19,NO_VIEW_ZERO_OR_INVALID_RISK_KEEP_BUDGET,False,2016-01-04,,2015-01-08,242,,,,0.0,0.3333333333333333,0.008312876231658772,0.0,0.3333333333333333,0.015024771814203003,0.0,0.3333333333333333,0.0,0.0,,,,0.0,0.0,0.0
2016-01-20,NO_VIEW_ZERO_OR_INVALID_RISK_KEEP_BUDGET,False,2016-01-04,,2015-01-08,242,,,,0.0,0.3333333333333333,0.008312876231658772,0.0,0.3333333333333333,0.015024771814203003,0.0,0.3333333333333333,0.0,0.0,,,,0.0,0.0,0.0
2016-01-21,NO_VIEW_ZERO_OR_INVALID_RISK_KEEP_BUDGET,False,2016-01-04,,2015-01-08,242,,,,0.0,0.3333333333333333,0.008312876231658772,0.0,0.3333333333333333,0.015024771814203003,0.0,0.3333333333333333,0.0,0.0,,,,0.0,0.0,0.0
2016-01-22,NO_VIEW_ZERO_OR_INVALID_RISK_KEEP_BUDGET,False,2016-01-04,,2015-01-08,242,,,,0.0,0.3333333333333333,0.008312876231658772,0.0,0.3333333333333333,0.015024771814203003,0.0,0.3333333333333333,0.0,0.0,,,,0.0,0.0,0.0
2016-01-25,NO_VIEW_ZERO_OR_INVALID_RISK_KEEP_BUDGET,False,2016-01-04,,2015-01-08,242,,,,0.0,0.3333333333333333,0.008312876231658772,0.0,0.3333333333333333,0.015024771814203003,0.0,0.3333333333333333,0.0,0.0,,,,0.0,0.0,0.0
2016-01-26,NO_VIEW_ZERO_OR_INVALID_RISK_KEEP_BUDGET,False,2016-01-04,,2015-01-08,242,,,,0.0,0.3333333333333333,0.008312876231658772,0.0,0.3333333333333333,0.015024771814203003,0.0,0.3333333333333333,0.0,0.0,,,,0.0,0.0,0.0
2016-01-27,NO_VIEW_ZERO_OR_INVALID_RISK_KEEP_BUDGET,False,2016-01-04,,2015-01-08,242,,,,0.0,0.3333333333333333,0.008312876231658772,0.0,0.3333333333333333,0.015024771814203003,0.0,0.3333333333333333,0.0,0.0,,,,0.0,0.0,0.0
2016-01-28,NO_VIEW_ZERO_OR_INVALID_RISK_KEEP_BUDGET,False,2016-01-04,,2015-01-08,242,,,,0.0,0.3333333333333333,0.008312876231658772,0.0,0.3333333333333333,0.015024771814203003,0.0,0.3333333333333333,0.0,0.0,,,,0.0,0.0,0.0
2016-01-29,NO_VIEW_ZERO_OR_INVALID_RISK_KEEP_BUDGET,False,2016-01-04,,2015-01-08,242,,,,0.3333333333333333,0.3333333333333333,0.008312876231658772,1.0,0.3333333333333333,0.015024771814203003,0.0,0.3333333333333333,0.0,0.0,,,,0.0,0.0,0.0
2016-02-01,NO_VIEW_ZERO_OR_INVALID_RISK_KEEP_BUDGET,True,2016-02-01,,2015-02-05,242,,,,0.3333333333333333,0.3333333333333333,0.009124930035763805,1.0,0.3333333333333333,0.013291325664382167,0.0,0.3333333333333333,0.0,0.0,,,,-0.011099311836974768,0.0,0.0
2016-02-02,NO_VIEW_ZERO_OR_INVALID_RISK_KEEP_BUDGET,False,2016-02-01,,2015-02-05,242,,,,0.3333333333333333,0.3333333333333333,0.009124930035763805,1.0,0.3333333333333333,0.013291325664382167,0.0,0.3333333333333333,0.0,0.0,,,,0.021355218057390823,0.0,0.0
2016-02-03,NO_VIEW_ZERO_OR_INVALID_RISK_KEEP_BUDGET,False,2016-02-01,,2015-02-05,242,,,,0.3333333333333333,0.3333333333333333,0.009124930035763805,1.0,0.3333333333333333,0.013291325664382167,0.0,0.3333333333333333,0.0,0.0,,,,-0.004721321169857795,0.0,0.0
2016-02-04,NO_VIEW_ZERO_OR_INVALID_RISK_KEEP_BUDGET,False,2016-02-01,,2015-02-05,242,,,,0.3333333333333333,0.3333333333333333,0.009124930035763805,1.0,0.3333333333333333,0.013291325664382167,0.0,0.3333333333333333,0.0,0.0,,,,0.013214642401239374,0.0,0.0
2016-02-05,NO_VIEW_ZERO_OR_INVALID_RISK_KEEP_BUDGET,False,2016-02-01,,2015-02-05,242,,,,0.3333333333333333,0.3333333333333333,0.009124930035763805,1.0,0.3333333333333333,0.013291325664382167,0.0,0.3333333333333333,0.0,0.0,,,,-0.011704622067586046,0.0,0.0
2016-02-15,NO_VIEW_ZERO_OR_INVALID_RISK_KEEP_BUDGET,False,2016-02-01,,2015-02-05,242,,,,0.3333333333333333,0.3333333333333333,0.009124930035763805,1.0,0.3333333333333333,0.013291325664382167,0.0,0.3333333333333333,0.0,0.0,,,,-0.0037221620065162053,0.0,0.0
2016-02-16,NO_VIEW_ZERO_OR_INVALID_RISK_KEEP_BUDGET,False,2016-02-01,,2015-02-05,242,,,,0.3333333333333333,0.3333333333333333,0.009124930035763805,1.0,0.3333333333333333,0.013291325664382167,0.0,0.3333333333333333,0.0,0.0,,,,0.028190333218242047,0.0,0.0
2016-02-17,NO_VIEW_ZERO_OR_INVALID_RISK_KEEP_BUDGET,False,2016-02-01,,2015-02-05,242,,,,0.0,0.3333333333333333,0.009124930035763805,0.0,0.3333333333333333,0.013291325664382167,0.0,0.3333333333333333,0.0,0.0,,,,0.010240243752120737,0.0,0.0
2016-02-18,NO_VIEW_ZERO_OR_INVALID_RISK_KEEP_BUDGET,False,2016-02-01,,2015-02-05,242,,,,0.0,0.3333333333333333,0.009124930035763805,0.0,0.3333333333333333,0.013291325664382167,0.0,0.3333333333333333,0.0,0.0,,,,0.0063386781721401775,0.0,0.0
2016-02-19,NO_VIEW_ZERO_OR_INVALID_RISK_KEEP_BUDGET,False,2016-02-01,,2015-02-05,242,,,,0.0,0.3333333333333333,0.009124930035763805,0.0,0.3333333333333333,0.013291325664382167,0.0,0.3333333333333333,0.0,0.0,,,,0.0,0.0,0.0
2016-02-22,NO_VIEW_ZERO_OR_INVALID_RISK_KEEP_BUDGET,False,2016-02-01,,2015-02-05,242,,,,0.0,0.3333333333333333,0.009124930035763805,0.0,0.3333333333333333,0.013291325664382167,0.0,0.3333333333333333,0.0,0.0,,,,0.0,0.0,0.0
2016-02-23,NO_VIEW_ZERO_OR_INVALID_RISK_KEEP_BUDGET,False,2016-02-01,,2015-02-05,242,,,,0.0,0.3333333333333333,0.009124930035763805,0.0,0.3333333333333333,0.013291325664382167,0.0,0.3333333333333333,0.0,0.0,,,,0.0,0.0,0.0
2016-02-24,NO_VIEW_ZERO_OR_INVALID_RISK_KEEP_BUDGET,False,2016-02-01,,2015-02-05,242,,,,0.0,0.3333333333333333,0.009124930035763805,0.0,0.3333333333333333,0.013291325664382167,0.0,0.3333333333333333,0.0,0.0,,,,0.0,0.0,0.0
2016-02-25,NO_VIEW_ZERO_OR_INVALID_RISK_KEEP_BUDGET,False,2016-02-01,,2015-02-05,242,,,,0.0,0.3333333333333333,0.009124930035763805,0.0,0.3333333333333333,0.013291325664382167,0.0,0.3333333333333333,0.0,0.0,,,,0.0,0.0,0.0
2016-02-26,NO_VIEW_ZERO_OR_INVALID_RISK_KEEP_BUDGET,False,2016-02-01,,2015-02-05,242,,,,0.0,0.3333333333333333,0.009124930035763805,0.0,0.3333333333333333,0.013291325664382167,0.0,0.3333333333333333,0.0,0.0,,,,0.0,0.0,0.0
2016-02-29,NO_VIEW_ZERO_OR_INVALID_RISK_KEEP_BUDGET,False,2016-02-01,,2015-02-05,242,,,,0.0,0.3333333333333333,0.009124930035763805,0.0,0.3333333333333333,0.013291325664382167,0.0,0.3333333333333333,0.0,0.0,,,,0.0,0.0,0.0
2016-03-01,NO_VIEW_ZERO_OR_INVALID_RISK_KEEP_BUDGET,True,2016-03-01,,2015-03-06,242,,,,0.3333333333333333,0.3333333333333333,0.009522875824176746,1.0,0.3333333333333333,0.012939459133960138,0.0,0.3333333333333333,0.0,0.0,,,,0.0,0.0,0.0
2016-03-02,NO_VIEW_ZERO_OR_INVALID_RISK_KEEP_BUDGET,False,2016-03-01,,2015-03-06,242,,,,0.0,0.3333333333333333,0.009522875824176746,0.0,0.3333333333333333,0.012939459133960138,0.0,0.3333333333333333,0.0,0.0,,,,0.042841771937725426,0.0,0.0
2016-03-03,NO_VIEW_ZERO_OR_INVALID_RISK_KEEP_BUDGET,False,2016-03-01,,2015-03-06,242,,,,0.0,0.3333333333333333,0.009522875824176746,0.0,0.3333333333333333,0.012939459133960138,0.0,0.3333333333333333,0.0,0.0,,,,-0.0011822493588067307,0.0,0.0
2016-03-04,NO_VIEW_ZERO_OR_INVALID_RISK_KEEP_BUDGET,False,2016-03-01,,2015-03-06,242,,,,0.0,0.3333333333333333,0.009522875824176746,0.0,0.3333333333333333,0.012939459133960138,0.0,0.3333333333333333,0.0,0.0,,,,0.0,0.0,0.0
2016-03-07,NO_VIEW_ZERO_OR_INVALID_RISK_KEEP_BUDGET,False,2016-03-01,,2015-03-06,242,,,,0.0,0.3333333333333333,0.009522875824176746,0.0,0.3333333333333333,0.012939459133960138,0.0,0.3333333333333333,0.0,0.0,,,,0.0,0.0,0.0
2016-03-08,NO_VIEW_ZERO_OR_INVALID_RISK_KEEP_BUDGET,False,2016-03-01,,2015-03-06,242,,,,0.0,0.3333333333333333,0.009522875824176746,0.0,0.3333333333333333,0.012939459133960138,0.0,0.3333333333333333,0.0,0.0,,,,0.0,0.0,0.0
2016-03-09,NO_VIEW_ZERO_OR_INVALID_RISK_KEEP_BUDGET,False,2016-03-01,,2015-03-06,242,,,,0.0,0.3333333333333333,0.009522875824176746,0.0,0.3333333333333333,0.012939459133960138,0.0,0.3333333333333333,0.0,0.0,,,,0.0,0.0,0.0
2016-03-10,NO_VIEW_ZERO_OR_INVALID_RISK_KEEP_BUDGET,False,2016-03-01,,2015-03-06,242,,,,0.0,0.3333333333333333,0.009522875824176746,0.0,0.3333333333333333,0.012939459133960138,0.0,0.3333333333333333,0.0,0.0,,,,0.0,0.0,0.0
2016-03-11,NO_VIEW_ZERO_OR_INVALID_RISK_KEEP_BUDGET,False,2016-03-01,,2015-03-06,242,,,,0.0,0.3333333333333333,0.009522875824176746,0.0,0.3333333333333333,0.012939459133960138,0.0,0.3333333333333333,0.0,0.0,,,,0.0,0.0,0.0
2016-03-14,NO_VIEW_ZERO_OR_INVALID_RISK_KEEP_BUDGET,False,2016-03-01,,2015-03-06,242,,,,0.0,0.3333333333333333,0.009522875824176746,0.0,0.3333333333333333,0.012939459133960138,0.0,0.3333333333333333,0.0,0.0,,,,0.0,0.0,0.0
2016-03-15,NO_VIEW_ZERO_OR_INVALID_RISK_KEEP_BUDGET,False,2016-03-01,,2015-03-06,242,,,,0.0,0.3333333333333333,0.009522875824176746,0.0,0.3333333333333333,0.012939459133960138,0.0,0.3333333333333333,0.0,0.0,,,,0.0,0.0,0.0
2016-03-16,NO_VIEW_ZERO_OR_INVALID_RISK_KEEP_BUDGET,False,2016-03-01,,2015-03-06,242,,,,0.0,0.3333333333333333,0.009522875824176746,0.0,0.3333333333333333,0.012939459133960138,0.0,0.3333333333333333,0.0,0.0,,,,0.0,0.0,0.0
2016-03-17,NO_VIEW_ZERO_OR_INVALID_RISK_KEEP_BUDGET,False,2016-03-01,,2015-03-06,242,,,,0.0,0.3333333333333333,0.009522875824176746,0.0,0.3333333333333333,0.012939459133960138,0.0,0.3333333333333333,0.0,0.0,,,,0.0,0.0,0.0
2016-03-18,NO_VIEW_ZERO_OR_INVALID_RISK_KEEP_BUDGET,False,2016-03-01,,2015-03-06,242,,,,0.0,0.3333333333333333,0.009522875824176746,0.0,0.3333333333333333,0.012939459133960138,0.0,0.3333333333333333,0.0,0.0,,,,0.0,0.0,0.0
2016-03-21,NO_VIEW_ZERO_OR_INVALID_RISK_KEEP_BUDGET,False,2016-03-01,,2015-03-06,242,,,,0.0,0.3333333333333333,0.009522875824176746,0.0,0.3333333333333333,0.012939459133960138,0.0,0.3333333333333333,0.0,0.0,,,,0.0,0.0,0.0
2016-03-22,NO_VIEW_ZERO_OR_INVALID_RISK_KEEP_BUDGET,False,2016-03-01,,2015-03-06,242,,,,0.0,0.3333333333333333,0.009522875824176746,0.0,0.3333333333333333,0.012939459133960138,0.0,0.3333333333333333,0.0,0.0,,,,0.0,0.0,0.0
2016-03-23,NO_VIEW_ZERO_OR_INVALID_RISK_KEEP_BUDGET,False,2016-03-01,,2015-03-06,242,,,,0.0,0.3333333333333333,0.009522875824176746,0.0,0.3333333333333333,0.012939459133960138,0.0,0.3333333333333333,0.0,0.0,,,,0.0,0.0,0.0
2016-03-24,NO_VIEW_ZERO_OR_INVALID_RISK_KEEP_BUDGET,False,2016-03-01,,2015-03-06,242,,,,0.0,0.3333333333333333,0.009522875824176746,0.0,0.3333333333333333,0.012939459133960138,0.0,0.3333333333333333,0.0,0.0,,,,0.0,0.0,0.0
2016-03-25,NO_VIEW_ZERO_OR_INVALID_RISK_KEEP_BUDGET,False,2016-03-01,,2015-03-06,242,,,,0.0,0.3333333333333333,0.009522875824176746,0.0,0.3333333333333333,0.012939459133960138,0.0,0.3333333333333333,0.0,0.0,,,,0.0,0.0,0.0
2016-03-28,NO_VIEW_ZERO_OR_INVALID_RISK_KEEP_BUDGET,False,2016-03-01,,2015-03-06,242,,,,0.0,0.3333333333333333,0.009522875824176746,0.0,0.3333333333333333,0.012939459133960138,0.0,0.3333333333333333,0.0,0.0,,,,0.0,0.0,0.0
2016-03-29,NO_VIEW_ZERO_OR_INVALID_RISK_KEEP_BUDGET,False,2016-03-01,,2015-03-06,242,,,,0.0,0.3333333333333333,0.009522875824176746,0.0,0.3333333333333333,0.012939459133960138,0.0,0.3333333333333333,0.0,0.0,,,,0.0,0.0,0.0
2016-03-30,NO_VIEW_ZERO_OR_INVALID_RISK_KEEP_BUDGET,False,2016-03-01,,2015-03-06,242,,,,0.0,0.3333333333333333,0.009522875824176746,0.0,0.3333333333333333,0.012939459133960138,0.0,0.3333333333333333,0.0,0.0,,,,0.0,0.0,0.0
2016-03-31,NO_VIEW_ZERO_OR_INVALID_RISK_KEEP_BUDGET,False,2016-03-01,,2015-03-06,242,,,,0.0,0.3333333333333333,0.009522875824176746,0.0,0.3333333333333333,0.012939459133960138,0.0,0.3333333333333333,0.0,0.0,,,,0.0,0.0,0.0
2016-04-01,NO_VIEW_ZERO_OR_INVALID_RISK_KEEP_BUDGET,True,2016-04-01,,2015-04-09,242,,,,0.0,0.3333333333333333,0.009917952823997015,0.0,0.3333333333333333,0.012168244117278453,0.0,0.3333333333333333,0.0,0.0,,,,0.0,0.0,0.0
2016-04-05,NO_VIEW_ZERO_OR_INVALID_RISK_KEEP_BUDGET,False,2016-04-01,,2015-04-09,242,,,,0.0,0.3333333333333333,0.009917952823997015,0.0,0.3333333333333333,0.012168244117278453,0.0,0.3333333333333333,0.0,0.0,,,,0.0,0.0,0.0
2016-04-06,NO_VIEW_ZERO_OR_INVALID_RISK_KEEP_BUDGET,False,2016-04-01,,2015-04-09,242,,,,0.0,0.3333333333333333,0.009917952823997015,0.0,0.3333333333333333,0.012168244117278453,0.0,0.3333333333333333,0.0,0.0,,,,0.0,0.0,0.0
2016-04-07,NO_VIEW_ZERO_OR_INVALID_RISK_KEEP_BUDGET,False,2016-04-01,,2015-04-09,242,,,,0.0,0.3333333333333333,0.009917952823997015,0.0,0.3333333333333333,0.012168244117278453,0.0,0.3333333333333333,0.0,0.0,,,,0.0,0.0,0.0
2016-04-08,NO_VIEW_ZERO_OR_INVALID_RISK_KEEP_BUDGET,False,2016-04-01,,2015-04-09,242,,,,0.0,0.3333333333333333,0.009917952823997015,0.0,0.3333333333333333,0.012168244117278453,0.0,0.3333333333333333,0.0,0.0,,,,0.0,0.0,0.0
2016-04-11,NO_VIEW_ZERO_OR_INVALID_RISK_KEEP_BUDGET,False,2016-04-01,,2015-04-09,242,,,,0.0,0.3333333333333333,0.009917952823997015,0.0,0.3333333333333333,0.012168244117278453,0.0,0.3333333333333333,0.0,0.0,,,,0.0,0.0,0.0
2016-04-12,NO_VIEW_ZERO_OR_INVALID_RISK_KEEP_BUDGET,False,2016-04-01,,2015-04-09,242,,,,0.0,0.3333333333333333,0.009917952823997015,0.0,0.3333333333333333,0.012168244117278453,0.0,0.3333333333333333,0.0,0.0,,,,0.0,0.0,0.0
2016-04-13,NO_VIEW_ZERO_OR_INVALID_RISK_KEEP_BUDGET,False,2016-04-01,,2015-04-09,242,,,,0.0,0.3333333333333333,0.009917952823997015,0.0,0.3333333333333333,0.012168244117278453,0.0,0.3333333333333333,0.0,0.0,,,,0.0,0.0,0.0
2016-04-14,NO_VIEW_ZERO_OR_INVALID_RISK_KEEP_BUDGET,False,2016-04-01,,2015-04-09,242,,,,0.0,0.3333333333333333,0.009917952823997015,0.0,0.3333333333333333,0.012168244117278453,0.0,0.3333333333333333,0.0,0.0,,,,0.0,0.0,0.0
2016-04-15,NO_VIEW_ZERO_OR_INVALID_RISK_KEEP_BUDGET,False,2016-04-01,,2015-04-09,242,,,,0.0,0.3333333333333333,0.009917952823997015,0.0,0.3333333333333333,0.012168244117278453,0.0,0.3333333333333333,0.0,0.0,,,,0.0,0.0,0.0
2016-04-18,NO_VIEW_ZERO_OR_INVALID_RISK_KEEP_BUDGET,False,2016-04-01,,2015-04-09,242,,,,0.0,0.3333333333333333,0.009917952823997015,0.0,0.3333333333333333,0.012168244117278453,0.0,0.3333333333333333,0.0,0.0,,,,0.0,0.0,0.0
2016-04-19,NO_VIEW_ZERO_OR_INVALID_RISK_KEEP_BUDGET,False,2016-04-01,,2015-04-09,242,,,,0.0,0.3333333333333333,0.009917952823997015,0.0,0.3333333333333333,0.012168244117278453,0.0,0.3333333333333333,0.0,0.0,,,,0.0,0.0,0.0
2016-04-20,NO_VIEW_ZERO_OR_INVALID_RISK_KEEP_BUDGET,False,2016-04-01,,2015-04-09,242,,,,0.0,0.3333333333333333,0.009917952823997015,0.0,0.3333333333333333,0.012168244117278453,0.0,0.3333333333333333,0.0,0.0,,,,0.0,0.0,0.0
2016-04-21,NO_VIEW_ZERO_OR_INVALID_RISK_KEEP_BUDGET,False,2016-04-01,,2015-04-09,242,,,,0.0,0.3333333333333333,0.009917952823997015,0.0,0.3333333333333333,0.012168244117278453,0.0,0.3333333333333333,0.0,0.0,,,,0.0,0.0,0.0
2016-04-22,NO_VIEW_ZERO_OR_INVALID_RISK_KEEP_BUDGET,False,2016-04-01,,2015-04-09,242,,,,0.0,0.3333333333333333,0.009917952823997015,0.0,0.3333333333333333,0.012168244117278453,0.0,0.3333333333333333,0.0,0.0,,,,0.0,0.0,0.0
2016-04-25,NO_VIEW_ZERO_OR_INVALID_RISK_KEEP_BUDGET,False,2016-04-01,,2015-04-09,242,,,,0.0,0.3333333333333333,0.009917952823997015,0.0,0.3333333333333333,0.012168244117278453,0.0,0.3333333333333333,0.0,0.0,,,,0.0,0.0,0.0
2016-04-26,NO_VIEW_ZERO_OR_INVALID_RISK_KEEP_BUDGET,False,2016-04-01,,2015-04-09,242,,,,0.0,0.3333333333333333,0.009917952823997015,0.0,0.3333333333333333,0.012168244117278453,0.0,0.3333333333333333,0.0,0.0,,,,0.0,0.0,0.0
2016-04-27,NO_VIEW_ZERO_OR_INVALID_RISK_KEEP_BUDGET,False,2016-04-01,,2015-04-09,242,,,,0.0,0.3333333333333333,0.009917952823997015,0.0,0.3333333333333333,0.012168244117278453,0.0,0.3333333333333333,0.0,0.0,,,,0.0,0.0,0.0
2016-04-28,NO_VIEW_ZERO_OR_INVALID_RISK_KEEP_BUDGET,False,2016-04-01,,2015-04-09,242,,,,0.0,0.3333333333333333,0.009917952823997015,0.0,0.3333333333333333,0.012168244117278453,0.0,0.3333333333333333,0.0,0.0,,,,0.0,0.0,0.0
2016-04-29,NO_VIEW_ZERO_OR_INVALID_RISK_KEEP_BUDGET,False,2016-04-01,,2015-04-09,242,,,,0.3333333333333333,0.3333333333333333,0.009917952823997015,0.0,0.3333333333333333,0.012168244117278453,1.0,0.3333333333333333,0.0,0.0,,,,0.0,0.0,0.0
2016-05-03,NO_VIEW_ZERO_OR_INVALID_RISK_KEEP_BUDGET,True,2016-05-03,,2015-05-08,242,,,,0.3333333333333333,0.3333333333333333,0.009917952823997014,0.0,0.3333333333333333,0.011062609825396556,1.0,0.3333333333333333,0.0,0.0,,,,0.0,0.016885217148883136,0.0
2016-05-04,NO_VIEW_ZERO_OR_INVALID_RISK_KEEP_BUDGET,False,2016-05-03,,2015-05-08,242,,,,0.3333333333333333,0.3333333333333333,0.009917952823997014,0.0,0.3333333333333333,0.011062609825396556,1.0,0.3333333333333333,0.0,0.0,,,,0.0,-0.0037336483088016292,0.0
2016-05-05,NO_VIEW_ZERO_OR_INVALID_RISK_KEEP_BUDGET,False,2016-05-03,,2015-05-08,242,,,,0.3333333333333333,0.3333333333333333,0.009917952823997014,0.0,0.3333333333333333,0.011062609825396556,1.0,0.3333333333333333,0.0,0.0,,,,0.0,0.0,0.0
2016-05-06,NO_VIEW_ZERO_OR_INVALID_RISK_KEEP_BUDGET,False,2016-05-03,,2015-05-08,242,,,,0.3333333333333333,0.3333333333333333,0.009917952823997014,0.0,0.3333333333333333,0.011062609825396556,1.0,0.3333333333333333,0.0,0.0,,,,0.0,-0.022798147476646213,0.0
2016-05-09,NO_VIEW_ZERO_OR_INVALID_RISK_KEEP_BUDGET,False,2016-05-03,,2015-05-08,242,,,,0.3333333333333333,0.3333333333333333,0.009917952823997014,0.0,0.3333333333333333,0.011062609825396556,1.0,0.3333333333333333,0.0,0.0,,,,0.0,-0.020453723981606053,0.0
2016-05-10,NO_VIEW_ZERO_OR_INVALID_RISK_KEEP_BUDGET,False,2016-05-03,,2015-05-08,242,,,,0.3333333333333333,0.3333333333333333,0.009917952823997014,0.0,0.3333333333333333,0.011062609825396556,1.0,0.3333333333333333,0.0,0.0,,,,0.0,-0.0009787881748017924,0.0
2016-05-11,NO_VIEW_ZERO_OR_INVALID_RISK_KEEP_BUDGET,False,2016-05-03,,2015-05-08,242,,,,0.3333333333333333,0.3333333333333333,0.009917952823997014,0.0,0.3333333333333333,0.011062609825396556,1.0,0.3333333333333333,0.0,0.0,,,,0.0,0.0039189885588652995,0.0
2016-05-12,NO_VIEW_ZERO_OR_INVALID_RISK_KEEP_BUDGET,False,2016-05-03,,2015-05-08,242,,,,0.3333333333333333,0.3333333333333333,0.009917952823997014,0.0,0.3333333333333333,0.011062609825396556,1.0,0.3333333333333333,0.0,0.0,,,,0.0,0.0035783825387312174,0.0
2016-05-13,NO_VIEW_ZERO_OR_INVALID_RISK_KEEP_BUDGET,False,2016-05-03,,2015-05-08,242,,,,0.3333333333333333,0.3333333333333333,0.009917952823997014,0.0,0.3333333333333333,0.011062609825396556,1.0,0.3333333333333333,0.0,0.0,,,,0.0,-0.0035656233743088794,0.0
2016-05-16,NO_VIEW_ZERO_OR_INVALID_RISK_KEEP_BUDGET,False,2016-05-03,,2015-05-08,242,,,,0.3333333333333333,0.3333333333333333,0.009917952823997014,0.0,0.3333333333333333,0.011062609825396556,1.0,0.3333333333333333,0.0,0.0,,,,0.0,0.003903690042252217,0.0
2016-05-17,NO_VIEW_ZERO_OR_INVALID_RISK_KEEP_BUDGET,False,2016-05-03,,2015-05-08,242,,,,0.3333333333333333,0.3333333333333333,0.009917952823997014,0.0,0.3333333333333333,0.011062609825396556,1.0,0.3333333333333333,0.0,0.0,,,,0.0,-0.0016202127093851715,0.0
2016-05-18,NO_VIEW_ZERO_OR_INVALID_RISK_KEEP_BUDGET,False,2016-05-03,,2015-05-08,242,,,,0.3333333333333333,0.3333333333333333,0.009917952823997014,0.0,0.3333333333333333,0.011062609825396556,1.0,0.3333333333333333,0.0,0.0,,,,0.0,-0.006491368234855965,0.0
2016-05-19,NO_VIEW_ZERO_OR_INVALID_RISK_KEEP_BUDGET,False,2016-05-03,,2015-05-08,242,,,,0.3333333333333333,0.3333333333333333,0.009917952823997014,0.0,0.3333333333333333,0.011062609825396556,1.0,0.3333333333333333,0.0,0.0,,,,0.0,-0.0019601344247980323,0.0
2016-05-20,NO_VIEW_ZERO_OR_INVALID_RISK_KEEP_BUDGET,False,2016-05-03,,2015-05-08,242,,,,0.3333333333333333,0.3333333333333333,0.009917952823997014,0.0,0.3333333333333333,0.011062609825396556,1.0,0.3333333333333333,0.0,0.0,,,,0.0,0.006546613658791722,0.0
2016-05-23,NO_VIEW_ZERO_OR_INVALID_RISK_KEEP_BUDGET,False,2016-05-03,,2015-05-08,242,,,,0.3333333333333333,0.3333333333333333,0.009917952823997014,0.0,0.3333333333333333,0.011062609825396556,1.0,0.3333333333333333,0.0,0.0,,,,0.0,0.0016260085648183153,0.0
2016-05-24,NO_VIEW_ZERO_OR_INVALID_RISK_KEEP_BUDGET,False,2016-05-03,,2015-05-08,242,,,,0.3333333333333333,0.3333333333333333,0.009917952823997014,0.0,0.3333333333333333,0.011062609825396556,1.0,0.3333333333333333,0.0,0.0,,,,0.0,-0.006168802021387698,0.0
2016-05-25,NO_VIEW_ZERO_OR_INVALID_RISK_KEEP_BUDGET,False,2016-05-03,,2015-05-08,242,,,,0.3333333333333333,0.3333333333333333,0.009917952823997014,0.0,0.3333333333333333,0.011062609825396556,1.0,0.3333333333333333,0.0,0.0,,,,0.0,-0.0006533781415993811,0.0
2016-05-26,NO_VIEW_ZERO_OR_INVALID_RISK_KEEP_BUDGET,False,2016-05-03,,2015-05-08,242,,,,0.3333333333333333,0.3333333333333333,0.009917952823997014,0.0,0.3333333333333333,0.011062609825396556,1.0,0.3333333333333333,0.0,0.0,,,,0.0,0.0,0.0
2016-05-27,NO_VIEW_ZERO_OR_INVALID_RISK_KEEP_BUDGET,False,2016-05-03,,2015-05-08,242,,,,0.3333333333333333,0.3333333333333333,0.009917952823997014,0.0,0.3333333333333333,0.011062609825396556,1.0,0.3333333333333333,0.0,0.0,,,,0.0,0.0006538053237068464,0.0
2016-05-30,NO_VIEW_ZERO_OR_INVALID_RISK_KEEP_BUDGET,False,2016-05-03,,2015-05-08,242,,,,0.3333333333333333,0.3333333333333333,0.009917952823997014,0.0,0.3333333333333333,0.011062609825396556,1.0,0.3333333333333333,0.0,0.0,,,,0.0,0.0006533781415993811,0.0
2016-05-31,NO_VIEW_ZERO_OR_INVALID_RISK_KEEP_BUDGET,False,2016-05-03,,2015-05-08,242,,,,0.3333333333333333,0.3333333333333333,0.009917952823997014,0.0,0.3333333333333333,0.011062609825396556,1.0,0.3333333333333333,0.0,0.0,,,,0.0,0.03493290617824418,0.0
2016-06-01,NO_VIEW_ZERO_OR_INVALID_RISK_KEEP_BUDGET,True,2016-06-01,,2015-06-08,242,,,,0.3333333333333333,0.3333333333333333,0.009917952823997012,0.0,0.3333333333333333,0.01118583698412648,1.0,0.3333333333333333,0.0,0.0,,,,0.0,-0.004100927545583555,0.0
2016-06-02,NO_VIEW_ZERO_OR_INVALID_RISK_KEEP_BUDGET,False,2016-06-01,,2015-06-08,242,,,,0.3333333333333333,0.3333333333333333,0.009917952823997012,0.0,0.3333333333333333,0.01118583698412648,1.0,0.3333333333333333,0.0,0.0,,,,0.0,0.0009502648624848398,0.0
2016-06-03,NO_VIEW_ZERO_OR_INVALID_RISK_KEEP_BUDGET,False,2016-06-01,,2015-06-08,242,,,,0.3333333333333333,0.3333333333333333,0.009917952823997012,0.0,0.3333333333333333,0.01118583698412648,1.0,0.3333333333333333,0.0,0.0,,,,0.0,0.011708806836261854,0.0
2016-06-06,NO_VIEW_ZERO_OR_INVALID_RISK_KEEP_BUDGET,False,2016-06-01,,2015-06-08,242,,,,0.3333333333333333,0.3333333333333333,0.009917952823997012,0.0,0.3333333333333333,0.01118583698412648,1.0,0.3333333333333333,0.0,0.0,,,,0.0,-0.005943044576573464,0.0
2016-06-07,NO_VIEW_ZERO_OR_INVALID_RISK_KEEP_BUDGET,False,2016-06-01,,2015-06-08,242,,,,0.3333333333333333,0.3333333333333333,0.009917952823997012,0.0,0.3333333333333333,0.01118583698412648,1.0,0.3333333333333333,0.0,0.0,,,,0.0,0.0,0.0
2016-06-08,NO_VIEW_ZERO_OR_INVALID_RISK_KEEP_BUDGET,False,2016-06-01,,2015-06-08,242,,,,0.3333333333333333,0.3333333333333333,0.009917952823997012,0.0,0.3333333333333333,0.01118583698412648,1.0,0.3333333333333333,0.0,0.0,,,,0.0,-0.0012586474773428336,0.0
2016-06-13,NO_VIEW_ZERO_OR_INVALID_RISK_KEEP_BUDGET,False,2016-06-01,,2015-06-08,242,,,,0.3333333333333333,0.3333333333333333,0.009917952823997012,0.0,0.3333333333333333,0.01118583698412648,1.0,0.3333333333333333,0.0,0.0,,,,0.0,-0.032766075348989676,0.0
2016-06-14,NO_VIEW_ZERO_OR_INVALID_RISK_KEEP_BUDGET,False,2016-06-01,,2015-06-08,242,,,,0.3333333333333333,0.3333333333333333,0.009917952823997012,0.0,0.3333333333333333,0.01118583698412648,1.0,0.3333333333333333,0.0,0.0,,,,0.0,0.004234507614175653,0.0
2016-06-15,NO_VIEW_ZERO_OR_INVALID_RISK_KEEP_BUDGET,False,2016-06-01,,2015-06-08,242,,,,0.3333333333333333,0.3333333333333333,0.009917952823997012,0.0,0.3333333333333333,0.01118583698412648,1.0,0.3333333333333333,0.0,0.0,,,,0.0,0.013298672223610808,0.0
2016-06-16,NO_VIEW_ZERO_OR_INVALID_RISK_KEEP_BUDGET,False,2016-06-01,,2015-06-08,242,,,,0.3333333333333333,0.3333333333333333,0.009917952823997012,0.0,0.3333333333333333,0.01118583698412648,1.0,0.3333333333333333,0.0,0.0,,,,0.0,-0.006081917890618405,0.0
2016-06-17,NO_VIEW_ZERO_OR_INVALID_RISK_KEEP_BUDGET,False,2016-06-01,,2015-06-08,242,,,,0.3333333333333333,0.3333333333333333,0.009917952823997012,0.0,0.3333333333333333,0.01118583698412648,1.0,0.3333333333333333,0.0,0.0,,,,0.0,0.004186775868004977,0.0
2016-06-20,NO_VIEW_ZERO_OR_INVALID_RISK_KEEP_BUDGET,False,2016-06-01,,2015-06-08,242,,,,0.3333333333333333,0.3333333333333333,0.009917952823997012,0.0,0.3333333333333333,0.01118583698412648,1.0,0.3333333333333333,0.0,0.0,,,,0.0,0.00032071691232515853,0.0
2016-06-21,NO_VIEW_ZERO_OR_INVALID_RISK_KEEP_BUDGET,False,2016-06-01,,2015-06-08,242,,,,0.3333333333333333,0.3333333333333333,0.009917952823997012,0.0,0.3333333333333333,0.01118583698412648,1.0,0.3333333333333333,0.0,0.0,,,,0.0,-0.0022442986017587874,0.0
2016-06-22,NO_VIEW_ZERO_OR_INVALID_RISK_KEEP_BUDGET,False,2016-06-01,,2015-06-08,242,,,,0.3333333333333333,0.3333333333333333,0.009917952823997012,0.0,0.3333333333333333,0.01118583698412648,1.0,0.3333333333333333,0.0,0.0,,,,0.0,0.00610536990648991,0.0
2016-06-23,NO_VIEW_ZERO_OR_INVALID_RISK_KEEP_BUDGET,False,2016-06-01,,2015-06-08,242,,,,0.3333333333333333,0.3333333333333333,0.009917952823997012,0.0,0.3333333333333333,0.01118583698412648,1.0,0.3333333333333333,0.0,0.0,,,,0.0,-0.003193852928805807,0.0
2016-06-24,NO_VIEW_ZERO_OR_INVALID_RISK_KEEP_BUDGET,False,2016-06-01,,2015-06-08,242,,,,0.3333333333333333,0.3333333333333333,0.009917952823997012,0.0,0.3333333333333333,0.01118583698412648,1.0,0.3333333333333333,0.0,0.0,,,,0.0,-0.010573484820520895,0.0
2016-06-27,NO_VIEW_ZERO_OR_INVALID_RISK_KEEP_BUDGET,False,2016-06-01,,2015-06-08,242,,,,0.3333333333333333,0.3333333333333333,0.009917952823997012,0.0,0.3333333333333333,0.01118583698412648,1.0,0.3333333333333333,0.0,0.0,,,,0.0,0.012629474159385534,0.0
2016-06-28,NO_VIEW_ZERO_OR_INVALID_RISK_KEEP_BUDGET,False,2016-06-01,,2015-06-08,242,,,,0.3333333333333333,0.3333333333333333,0.009917952823997012,0.0,0.3333333333333333,0.01118583698412648,1.0,0.3333333333333333,0.0,0.0,,,,0.0,0.005116701482896113,0.0
2016-06-29,NO_VIEW_ZERO_OR_INVALID_RISK_KEEP_BUDGET,False,2016-06-01,,2015-06-08,242,,,,0.3333333333333333,0.3333333333333333,0.009917952823997012,0.0,0.3333333333333333,0.01118583698412648,1.0,0.3333333333333333,0.0,0.0,,,,0.0,0.004454322359711105,0.0
2016-06-30,NO_VIEW_ZERO_OR_INVALID_RISK_KEEP_BUDGET,False,2016-06-01,,2015-06-08,242,,,,0.3333333333333333,0.3333333333333333,0.009917952823997012,0.0,0.3333333333333333,0.01118583698412648,1.0,0.3333333333333333,0.0,0.0,,,,0.0,0.0015837747708080663,0.0
2016-07-01,NO_VIEW_ZERO_OR_INVALID_RISK_KEEP_BUDGET,True,2016-07-01,,2015-07-07,242,,,,0.3333333333333333,0.3333333333333333,0.008183734842294794,0.0,0.3333333333333333,0.010042291550162724,1.0,0.3333333333333333,0.0,0.0,,,,0.0,-0.0009487622367908566,0.0
2016-07-04,NO_VIEW_ZERO_OR_INVALID_RISK_KEEP_BUDGET,False,2016-07-01,,2015-07-07,242,,,,0.6666666666666666,0.3333333333333333,0.008183734842294794,0.0,0.3333333333333333,0.010042291550162724,1.0,0.3333333333333333,0.0,1.0,,,,0.0,0.016777383931609657,0.0
2016-07-05,NO_VIEW_ZERO_OR_INVALID_RISK_KEEP_BUDGET,False,2016-07-01,,2015-07-07,242,,,,0.6666666666666666,0.3333333333333333,0.008183734842294794,0.0,0.3333333333333333,0.010042291550162724,1.0,0.3333333333333333,0.0,1.0,,,,0.0,0.002490648740277157,0.0016661514000000377
2016-07-06,NO_VIEW_ZERO_OR_INVALID_RISK_KEEP_BUDGET,False,2016-07-01,,2015-07-07,242,,,,0.6666666666666666,0.3333333333333333,0.008183734842294794,0.0,0.3333333333333333,0.010042291550162724,1.0,0.3333333333333333,0.0,1.0,,,,0.0,0.004968921642126034,0.0049677230213331924
2016-07-07,NO_VIEW_ZERO_OR_INVALID_RISK_KEEP_BUDGET,False,2016-07-01,,2015-07-07,242,,,,0.6666666666666666,0.3333333333333333,0.008183734842294794,0.0,0.3333333333333333,0.010042291550162724,1.0,0.3333333333333333,0.0,1.0,,,,0.0,0.0012360883842075232,0.0012357916845324723
2016-07-08,NO_VIEW_ZERO_OR_INVALID_RISK_KEEP_BUDGET,False,2016-07-01,,2015-07-07,242,,,,0.6666666666666666,0.3333333333333333,0.008183734842294794,0.0,0.3333333333333333,0.010042291550162724,1.0,0.3333333333333333,0.0,1.0,,,,0.0,-0.003703687068059347,-0.003702799165179571
2016-07-11,NO_VIEW_ZERO_OR_INVALID_RISK_KEEP_BUDGET,False,2016-07-01,,2015-07-07,242,,,,0.6666666666666666,0.3333333333333333,0.008183734842294794,0.0,0.3333333333333333,0.010042291550162724,1.0,0.3333333333333333,0.0,1.0,,,,0.0,0.002478303572933438,0.0024777072290456115
2016-07-12,NO_VIEW_ZERO_OR_INVALID_RISK_KEEP_BUDGET,False,2016-07-01,,2015-07-07,242,,,,0.6666666666666666,0.3333333333333333,0.008183734842294794,0.0,0.3333333333333333,0.010042291550162724,1.0,0.3333333333333333,0.0,1.0,,,,0.0,0.025339811876256002,0.025333729532915905
2016-07-13,NO_VIEW_ZERO_OR_INVALID_RISK_KEEP_BUDGET,False,2016-07-01,,2015-07-07,242,,,,0.6666666666666666,0.3333333333333333,0.008183734842294794,0.0,0.3333333333333333,0.010042291550162724,1.0,0.3333333333333333,0.0,1.0,,,,0.0,0.0021096953881121205,0.0021092015074124504
2016-07-14,NO_VIEW_ZERO_OR_INVALID_RISK_KEEP_BUDGET,False,2016-07-01,,2015-07-07,242,,,,0.6666666666666666,0.3333333333333333,0.008183734842294794,0.0,0.3333333333333333,0.010042291550162724,1.0,0.3333333333333333,0.0,1.0,,,,0.0,-0.0015037528168405645,-0.0015034015285245728
2016-07-15,NO_VIEW_ZERO_OR_INVALID_RISK_KEEP_BUDGET,False,2016-07-01,,2015-07-07,242,,,,0.6666666666666666,0.3333333333333333,0.008183734842294794,0.0,0.3333333333333333,0.010042291550162724,1.0,0.3333333333333333,0.0,1.0,,,,0.0,0.0012048139959124349,0.0012045321182474478
2016-07-18,NO_VIEW_ZERO_OR_INVALID_RISK_KEEP_BUDGET,False,2016-07-01,,2015-07-07,242,,,,0.6666666666666666,0.3333333333333333,0.008183734842294794,0.0,0.3333333333333333,0.010042291550162724,1.0,0.3333333333333333,0.0,1.0,,,,0.0,-0.003610092497769779,-0.0036092488985211
2016-07-19,NO_VIEW_ZERO_OR_INVALID_RISK_KEEP_BUDGET,False,2016-07-01,,2015-07-07,242,,,,0.6666666666666666,0.3333333333333333,0.008183734842294794,0.0,0.3333333333333333,0.010042291550162724,1.0,0.3333333333333333,0.0,1.0,,,,0.0,-0.005132827687902464,-0.005131623914197969
2016-07-20,NO_VIEW_ZERO_OR_INVALID_RISK_KEEP_BUDGET,False,2016-07-01,,2015-07-07,242,,,,0.6666666666666666,0.3333333333333333,0.008183734842294794,0.0,0.3333333333333333,0.010042291550162724,1.0,0.3333333333333333,0.0,1.0,,,,0.0,-0.0021244215731253124,-0.0021239207743661837
2016-07-21,NO_VIEW_ZERO_OR_INVALID_RISK_KEEP_BUDGET,False,2016-07-01,,2015-07-07,242,,,,0.6666666666666666,0.3333333333333333,0.008183734842294794,0.0,0.3333333333333333,0.010042291550162724,1.0,0.3333333333333333,0.0,1.0,,,,0.0,0.0054744283245267145,0.00547313506792757
2016-07-22,NO_VIEW_ZERO_OR_INVALID_RISK_KEEP_BUDGET,False,2016-07-01,,2015-07-07,242,,,,0.6666666666666666,0.3333333333333333,0.008183734842294794,0.0,0.3333333333333333,0.010042291550162724,1.0,0.3333333333333333,0.0,1.0,,,,0.0,-0.008771891210921479,-0.008769830255041522
2016-07-25,NO_VIEW_ZERO_OR_INVALID_RISK_KEEP_BUDGET,False,2016-07-01,,2015-07-07,242,,,,0.6666666666666666,0.3333333333333333,0.008183734842294794,0.0,0.3333333333333333,0.010042291550162724,1.0,0.3333333333333333,0.0,1.0,,,,0.0,-0.0003051558007598487,-0.00030508347007507375
2016-07-26,NO_VIEW_ZERO_OR_INVALID_RISK_KEEP_BUDGET,False,2016-07-01,,2015-07-07,242,,,,0.6666666666666666,0.3333333333333333,0.008183734842294794,0.0,0.3333333333333333,0.010042291550162724,1.0,0.3333333333333333,0.0,1.0,,,,0.0,0.012820455868388425,0.012817416124947023
2016-07-27,NO_VIEW_ZERO_OR_INVALID_RISK_KEEP_BUDGET,False,2016-07-01,,2015-07-07,242,,,,0.0,0.3333333333333333,0.008183734842294794,0.0,0.3333333333333333,0.010042291550162724,0.0,0.3333333333333333,0.0,0.0,,,,0.0,-0.018384488382122144,-0.01838018456459589
2016-07-28,NO_VIEW_ZERO_OR_INVALID_RISK_KEEP_BUDGET,False,2016-07-01,,2015-07-07,242,,,,0.0,0.3333333333333333,0.008183734842294794,0.0,0.3333333333333333,0.010042291550162724,0.0,0.3333333333333333,0.0,0.0,,,,0.0,-0.004190524720785738,-0.004189525348292644
2016-07-29,NO_VIEW_ZERO_OR_INVALID_RISK_KEEP_BUDGET,False,2016-07-01,,2015-07-07,242,,,,0.0,0.3333333333333333,0.008183734842294794,0.0,0.3333333333333333,0.010042291550162724,0.0,0.3333333333333333,0.0,0.0,,,,0.0,0.0,0.0
2016-08-01,MIN_VARIANCE_BUDGET_AVAILABLE,True,2016-08-01,2016-08-01,2015-08-05,242,5.090641309660966e-06,0.04990264667279801,panic+learned+breakout,0.0,0.10378587910211018,0.007003293889271877,0.0,0.0001941706995496198,0.0103705203648652,0.0,0.8960199501983402,0.002383300723796364,0.0,7.726444437612887e-09,3.845658230967305e-10,5.65719189845733e-06,0.0,0.0,0.0
2016-08-02,MIN_VARIANCE_BUDGET_AVAILABLE,False,2016-08-01,2016-08-01,2015-08-05,242,5.090641309660966e-06,0.04990264667279801,panic+learned+breakout,0.0,0.10378587910211018,0.007003293889271877,0.0,0.0001941706995496198,0.0103705203648652,0.0,0.8960199501983402,0.002383300723796364,0.0,7.726444437612887e-09,3.845658230967305e-10,5.65719189845733e-06,0.0,0.0,0.0
2016-08-03,MIN_VARIANCE_BUDGET_AVAILABLE,False,2016-08-01,2016-08-01,2015-08-05,242,5.090641309660966e-06,0.04990264667279801,panic+learned+breakout,0.0,0.10378587910211018,0.007003293889271877,0.0,0.0001941706995496198,0.0103705203648652,0.0,0.8960199501983402,0.002383300723796364,0.0,7.726444437612887e-09,3.845658230967305e-10,5.65719189845733e-06,0.0,0.0,0.0
2016-08-04,MIN_VARIANCE_BUDGET_AVAILABLE,False,2016-08-01,2016-08-01,2015-08-05,242,5.090641309660966e-06,0.04990264667279801,panic+learned+breakout,0.0,0.10378587910211018,0.007003293889271877,0.0,0.0001941706995496198,0.0103705203648652,0.0,0.8960199501983402,0.002383300723796364,0.0,7.726444437612887e-09,3.845658230967305e-10,5.65719189845733e-06,0.0,0.0,0.0
2016-08-05,MIN_VARIANCE_BUDGET_AVAILABLE,False,2016-08-01,2016-08-01,2015-08-05,242,5.090641309660966e-06,0.04990264667279801,panic+learned+breakout,0.0,0.10378587910211018,0.007003293889271877,0.0,0.0001941706995496198,0.0103705203648652,0.0,0.8960199501983402,0.002383300723796364,0.0,7.726444437612887e-09,3.845658230967305e-10,5.65719189845733e-06,0.0,0.0,0.0
2016-08-08,MIN_VARIANCE_BUDGET_AVAILABLE,False,2016-08-01,2016-08-01,2015-08-05,242,5.090641309660966e-06,0.04990264667279801,panic+learned+breakout,0.0,0.10378587910211018,0.007003293889271877,0.0,0.0001941706995496198,0.0103705203648652,0.0,0.8960199501983402,0.002383300723796364,0.0,7.726444437612887e-09,3.845658230967305e-10,5.65719189845733e-06,0.0,0.0,0.0
2016-08-09,MIN_VARIANCE_BUDGET_AVAILABLE,False,2016-08-01,2016-08-01,2015-08-05,242,5.090641309660966e-06,0.04990264667279801,panic+learned+breakout,0.0,0.10378587910211018,0.007003293889271877,0.0,0.0001941706995496198,0.0103705203648652,0.0,0.8960199501983402,0.002383300723796364,0.0,7.726444437612887e-09,3.845658230967305e-10,5.65719189845733e-06,0.0,0.0,0.0
2016-08-10,MIN_VARIANCE_BUDGET_AVAILABLE,False,2016-08-01,2016-08-01,2015-08-05,242,5.090641309660966e-06,0.04990264667279801,panic+learned+breakout,0.0,0.10378587910211018,0.007003293889271877,0.0,0.0001941706995496198,0.0103705203648652,0.0,0.8960199501983402,0.002383300723796364,0.0,7.726444437612887e-09,3.845658230967305e-10,5.65719189845733e-06,0.0,0.0,0.0
2016-08-11,MIN_VARIANCE_BUDGET_AVAILABLE,False,2016-08-01,2016-08-01,2015-08-05,242,5.090641309660966e-06,0.04990264667279801,panic+learned+breakout,0.0,0.10378587910211018,0.007003293889271877,0.0,0.0001941706995496198,0.0103705203648652,0.0,0.8960199501983402,0.002383300723796364,0.0,7.726444437612887e-09,3.845658230967305e-10,5.65719189845733e-06,0.0,0.0,0.0
2016-08-12,MIN_VARIANCE_BUDGET_AVAILABLE,False,2016-08-01,2016-08-01,2015-08-05,242,5.090641309660966e-06,0.04990264667279801,panic+learned+breakout,0.0,0.10378587910211018,0.007003293889271877,0.0,0.0001941706995496198,0.0103705203648652,0.0,0.8960199501983402,0.002383300723796364,0.0,7.726444437612887e-09,3.845658230967305e-10,5.65719189845733e-06,0.0,0.0,0.0
2016-08-15,MIN_VARIANCE_BUDGET_AVAILABLE,False,2016-08-01,2016-08-01,2015-08-05,242,5.090641309660966e-06,0.04990264667279801,panic+learned+breakout,0.0,0.10378587910211018,0.007003293889271877,0.0,0.0001941706995496198,0.0103705203648652,0.0,0.8960199501983402,0.002383300723796364,0.0,7.726444437612887e-09,3.845658230967305e-10,5.65719189845733e-06,0.0,0.0,0.0
2016-08-16,MIN_VARIANCE_BUDGET_AVAILABLE,False,2016-08-01,2016-08-01,2015-08-05,242,5.090641309660966e-06,0.04990264667279801,panic+learned+breakout,0.0,0.10378587910211018,0.007003293889271877,0.0,0.0001941706995496198,0.0103705203648652,0.0,0.8960199501983402,0.002383300723796364,0.0,7.726444437612887e-09,3.845658230967305e-10,5.65719189845733e-06,0.0,0.0,0.0
2016-08-17,MIN_VARIANCE_BUDGET_AVAILABLE,False,2016-08-01,2016-08-01,2015-08-05,242,5.090641309660966e-06,0.04990264667279801,panic+learned+breakout,0.0,0.10378587910211018,0.007003293889271877,0.0,0.0001941706995496198,0.0103705203648652,0.0,0.8960199501983402,0.002383300723796364,0.0,7.726444437612887e-09,3.845658230967305e-10,5.65719189845733e-06,0.0,0.0,0.0
2016-08-18,MIN_VARIANCE_BUDGET_AVAILABLE,False,2016-08-01,2016-08-01,2015-08-05,242,5.090641309660966e-06,0.04990264667279801,panic+learned+breakout,0.0,0.10378587910211018,0.007003293889271877,0.0,0.0001941706995496198,0.0103705203648652,0.0,0.8960199501983402,0.002383300723796364,0.0,7.726444437612887e-09,3.845658230967305e-10,5.65719189845733e-06,0.0,0.0,0.0
2016-08-19,MIN_VARIANCE_BUDGET_AVAILABLE,False,2016-08-01,2016-08-01,2015-08-05,242,5.090641309660966e-06,0.04990264667279801,panic+learned+breakout,0.0,0.10378587910211018,0.007003293889271877,0.0,0.0001941706995496198,0.0103705203648652,0.0,0.8960199501983402,0.002383300723796364,0.0,7.726444437612887e-09,3.845658230967305e-10,5.65719189845733e-06,0.0,0.0,0.0
2016-08-22,MIN_VARIANCE_BUDGET_AVAILABLE,False,2016-08-01,2016-08-01,2015-08-05,242,5.090641309660966e-06,0.04990264667279801,panic+learned+breakout,0.0,0.10378587910211018,0.007003293889271877,0.0,0.0001941706995496198,0.0103705203648652,0.0,0.8960199501983402,0.002383300723796364,0.0,7.726444437612887e-09,3.845658230967305e-10,5.65719189845733e-06,0.0,0.0,0.0
2016-08-23,MIN_VARIANCE_BUDGET_AVAILABLE,False,2016-08-01,2016-08-01,2015-08-05,242,5.090641309660966e-06,0.04990264667279801,panic+learned+breakout,0.0,0.10378587910211018,0.007003293889271877,0.0,0.0001941706995496198,0.0103705203648652,0.0,0.8960199501983402,0.002383300723796364,0.0,7.726444437612887e-09,3.845658230967305e-10,5.65719189845733e-06,0.0,0.0,0.0
2016-08-24,MIN_VARIANCE_BUDGET_AVAILABLE,False,2016-08-01,2016-08-01,2015-08-05,242,5.090641309660966e-06,0.04990264667279801,panic+learned+breakout,0.0,0.10378587910211018,0.007003293889271877,0.0,0.0001941706995496198,0.0103705203648652,0.0,0.8960199501983402,0.002383300723796364,0.0,7.726444437612887e-09,3.845658230967305e-10,5.65719189845733e-06,0.0,0.0,0.0
2016-08-25,MIN_VARIANCE_BUDGET_AVAILABLE,False,2016-08-01,2016-08-01,2015-08-05,242,5.090641309660966e-06,0.04990264667279801,panic+learned+breakout,0.0,0.10378587910211018,0.007003293889271877,0.0,0.0001941706995496198,0.0103705203648652,0.0,0.8960199501983402,0.002383300723796364,0.0,7.726444437612887e-09,3.845658230967305e-10,5.65719189845733e-06,0.0,0.0,0.0
2016-08-26,MIN_VARIANCE_BUDGET_AVAILABLE,False,2016-08-01,2016-08-01,2015-08-05,242,5.090641309660966e-06,0.04990264667279801,panic+learned+breakout,0.0,0.10378587910211018,0.007003293889271877,0.0,0.0001941706995496198,0.0103705203648652,0.0,0.8960199501983402,0.002383300723796364,0.0,7.726444437612887e-09,3.845658230967305e-10,5.65719189845733e-06,0.0,0.0,0.0
2016-08-29,MIN_VARIANCE_BUDGET_AVAILABLE,False,2016-08-01,2016-08-01,2015-08-05,242,5.090641309660966e-06,0.04990264667279801,panic+learned+breakout,0.0,0.10378587910211018,0.007003293889271877,0.0,0.0001941706995496198,0.0103705203648652,0.0,0.8960199501983402,0.002383300723796364,0.0,7.726444437612887e-09,3.845658230967305e-10,5.65719189845733e-06,0.0,0.0,0.0
2016-08-30,MIN_VARIANCE_BUDGET_AVAILABLE,False,2016-08-01,2016-08-01,2015-08-05,242,5.090641309660966e-06,0.04990264667279801,panic+learned+breakout,0.0,0.10378587910211018,0.007003293889271877,0.0,0.0001941706995496198,0.0103705203648652,0.0,0.8960199501983402,0.002383300723796364,0.0,7.726444437612887e-09,3.845658230967305e-10,5.65719189845733e-06,0.0,0.0,0.0
2016-08-31,MIN_VARIANCE_BUDGET_AVAILABLE,False,2016-08-01,2016-08-01,2015-08-05,242,5.090641309660966e-06,0.04990264667279801,panic+learned+breakout,0.0,0.10378587910211018,0.007003293889271877,0.0,0.0001941706995496198,0.0103705203648652,0.0,0.8960199501983402,0.002383300723796364,0.0,7.726444437612887e-09,3.845658230967305e-10,5.65719189845733e-06,0.0,0.0,0.0
2016-09-01,MIN_VARIANCE_BUDGET_AVAILABLE,True,2016-09-01,2016-09-01,2015-09-09,242,4.935845810989559e-06,0.04990264656523531,panic+learned+breakout,0.0,0.13115744905714827,0.006131623564948681,0.0,6.150409964531076e-05,0.0103705203648652,0.0,0.8687810468432065,0.0023833007237963662,0.0,1.0956363785322364e-07,5.4532755541972495e-09,5.657191898457339e-06,0.0,0.0,0.0
2016-09-02,MIN_VARIANCE_BUDGET_AVAILABLE,False,2016-09-01,2016-09-01,2015-09-09,242,4.935845810989559e-06,0.04990264656523531,panic+learned+breakout,0.0,0.13115744905714827,0.006131623564948681,0.0,6.150409964531076e-05,0.0103705203648652,0.0,0.8687810468432065,0.0023833007237963662,0.0,1.0956363785322364e-07,5.4532755541972495e-09,5.657191898457339e-06,0.0,0.0,0.0
2016-09-05,MIN_VARIANCE_BUDGET_AVAILABLE,False,2016-09-01,2016-09-01,2015-09-09,242,4.935845810989559e-06,0.04990264656523531,panic+learned+breakout,0.0,0.13115744905714827,0.006131623564948681,0.0,6.150409964531076e-05,0.0103705203648652,0.0,0.8687810468432065,0.0023833007237963662,0.0,1.0956363785322364e-07,5.4532755541972495e-09,5.657191898457339e-06,0.0,0.0,0.0
2016-09-06,MIN_VARIANCE_BUDGET_AVAILABLE,False,2016-09-01,2016-09-01,2015-09-09,242,4.935845810989559e-06,0.04990264656523531,panic+learned+breakout,0.0,0.13115744905714827,0.006131623564948681,0.0,6.150409964531076e-05,0.0103705203648652,0.0,0.8687810468432065,0.0023833007237963662,0.0,1.0956363785322364e-07,5.4532755541972495e-09,5.657191898457339e-06,0.0,0.0,0.0
2016-09-07,MIN_VARIANCE_BUDGET_AVAILABLE,False,2016-09-01,2016-09-01,2015-09-09,242,4.935845810989559e-06,0.04990264656523531,panic+learned+breakout,0.0,0.13115744905714827,0.006131623564948681,0.0,6.150409964531076e-05,0.0103705203648652,0.0,0.8687810468432065,0.0023833007237963662,0.0,1.0956363785322364e-07,5.4532755541972495e-09,5.657191898457339e-06,0.0,0.0,0.0
2016-09-08,MIN_VARIANCE_BUDGET_AVAILABLE,False,2016-09-01,2016-09-01,2015-09-09,242,4.935845810989559e-06,0.04990264656523531,panic+learned+breakout,0.0,0.13115744905714827,0.006131623564948681,0.0,6.150409964531076e-05,0.0103705203648652,0.0,0.8687810468432065,0.0023833007237963662,0.0,1.0956363785322364e-07,5.4532755541972495e-09,5.657191898457339e-06,0.0,0.0,0.0
2016-09-09,MIN_VARIANCE_BUDGET_AVAILABLE,False,2016-09-01,2016-09-01,2015-09-09,242,4.935845810989559e-06,0.04990264656523531,panic+learned+breakout,0.0,0.13115744905714827,0.006131623564948681,0.0,6.150409964531076e-05,0.0103705203648652,0.0,0.8687810468432065,0.0023833007237963662,0.0,1.0956363785322364e-07,5.4532755541972495e-09,5.657191898457339e-06,0.0,0.0,0.0
2016-09-12,MIN_VARIANCE_BUDGET_AVAILABLE,False,2016-09-01,2016-09-01,2015-09-09,242,4.935845810989559e-06,0.04990264656523531,panic+learned+breakout,0.0,0.13115744905714827,0.006131623564948681,0.0,6.150409964531076e-05,0.0103705203648652,0.0,0.8687810468432065,0.0023833007237963662,0.0,1.0956363785322364e-07,5.4532755541972495e-09,5.657191898457339e-06,0.0,0.0,0.0
2016-09-13,MIN_VARIANCE_BUDGET_AVAILABLE,False,2016-09-01,2016-09-01,2015-09-09,242,4.935845810989559e-06,0.04990264656523531,panic+learned+breakout,0.0,0.13115744905714827,0.006131623564948681,0.0,6.150409964531076e-05,0.0103705203648652,0.0,0.8687810468432065,0.0023833007237963662,0.0,1.0956363785322364e-07,5.4532755541972495e-09,5.657191898457339e-06,0.0,0.0,0.0
2016-09-14,MIN_VARIANCE_BUDGET_AVAILABLE,False,2016-09-01,2016-09-01,2015-09-09,242,4.935845810989559e-06,0.04990264656523531,panic+learned+breakout,0.0,0.13115744905714827,0.006131623564948681,0.0,6.150409964531076e-05,0.0103705203648652,0.0,0.8687810468432065,0.0023833007237963662,0.0,1.0956363785322364e-07,5.4532755541972495e-09,5.657191898457339e-06,0.0,0.0,0.0
2016-09-19,MIN_VARIANCE_BUDGET_AVAILABLE,False,2016-09-01,2016-09-01,2015-09-09,242,4.935845810989559e-06,0.04990264656523531,panic+learned+breakout,0.0,0.13115744905714827,0.006131623564948681,0.0,6.150409964531076e-05,0.0103705203648652,0.0,0.8687810468432065,0.0023833007237963662,0.0,1.0956363785322364e-07,5.4532755541972495e-09,5.657191898457339e-06,0.0,0.0,0.0
2016-09-20,MIN_VARIANCE_BUDGET_AVAILABLE,False,2016-09-01,2016-09-01,2015-09-09,242,4.935845810989559e-06,0.04990264656523531,panic+learned+breakout,0.0,0.13115744905714827,0.006131623564948681,0.0,6.150409964531076e-05,0.0103705203648652,0.0,0.8687810468432065,0.0023833007237963662,0.0,1.0956363785322364e-07,5.4532755541972495e-09,5.657191898457339e-06,0.0,0.0,0.0
2016-09-21,MIN_VARIANCE_BUDGET_AVAILABLE,False,2016-09-01,2016-09-01,2015-09-09,242,4.935845810989559e-06,0.04990264656523531,panic+learned+breakout,0.0,0.13115744905714827,0.006131623564948681,0.0,6.150409964531076e-05,0.0103705203648652,0.0,0.8687810468432065,0.0023833007237963662,0.0,1.0956363785322364e-07,5.4532755541972495e-09,5.657191898457339e-06,0.0,0.0,0.0
2016-09-22,MIN_VARIANCE_BUDGET_AVAILABLE,False,2016-09-01,2016-09-01,2015-09-09,242,4.935845810989559e-06,0.04990264656523531,panic+learned+breakout,0.0,0.13115744905714827,0.006131623564948681,0.0,6.150409964531076e-05,0.0103705203648652,0.0,0.8687810468432065,0.0023833007237963662,0.0,1.0956363785322364e-07,5.4532755541972495e-09,5.657191898457339e-06,0.0,0.0,0.0
2016-09-23,MIN_VARIANCE_BUDGET_AVAILABLE,False,2016-09-01,2016-09-01,2015-09-09,242,4.935845810989559e-06,0.04990264656523531,panic+learned+breakout,0.0,0.13115744905714827,0.006131623564948681,0.0,6.150409964531076e-05,0.0103705203648652,0.0,0.8687810468432065,0.0023833007237963662,0.0,1.0956363785322364e-07,5.4532755541972495e-09,5.657191898457339e-06,0.0,0.0,0.0
2016-09-26,MIN_VARIANCE_BUDGET_AVAILABLE,False,2016-09-01,2016-09-01,2015-09-09,242,4.935845810989559e-06,0.04990264656523531,panic+learned+breakout,0.0,0.13115744905714827,0.006131623564948681,0.0,6.150409964531076e-05,0.0103705203648652,0.0,0.8687810468432065,0.0023833007237963662,0.0,1.0956363785322364e-07,5.4532755541972495e-09,5.657191898457339e-06,0.0,0.0,0.0
2016-09-27,MIN_VARIANCE_BUDGET_AVAILABLE,False,2016-09-01,2016-09-01,2015-09-09,242,4.935845810989559e-06,0.04990264656523531,panic+learned+breakout,0.0,0.13115744905714827,0.006131623564948681,0.0,6.150409964531076e-05,0.0103705203648652,0.0,0.8687810468432065,0.0023833007237963662,0.0,1.0956363785322364e-07,5.4532755541972495e-09,5.657191898457339e-06,0.0,0.0,0.0
2016-09-28,MIN_VARIANCE_BUDGET_AVAILABLE,False,2016-09-01,2016-09-01,2015-09-09,242,4.935845810989559e-06,0.04990264656523531,panic+learned+breakout,0.0,0.13115744905714827,0.006131623564948681,0.0,6.150409964531076e-05,0.0103705203648652,0.0,0.8687810468432065,0.0023833007237963662,0.0,1.0956363785322364e-07,5.4532755541972495e-09,5.657191898457339e-06,0.0,0.0,0.0
2016-09-29,MIN_VARIANCE_BUDGET_AVAILABLE,False,2016-09-01,2016-09-01,2015-09-09,242,4.935845810989559e-06,0.04990264656523531,panic+learned+breakout,0.0,0.13115744905714827,0.006131623564948681,0.0,6.150409964531076e-05,0.0103705203648652,0.0,0.8687810468432065,0.0023833007237963662,0.0,1.0956363785322364e-07,5.4532755541972495e-09,5.657191898457339e-06,0.0,0.0,0.0
2016-09-30,MIN_VARIANCE_BUDGET_AVAILABLE,False,2016-09-01,2016-09-01,2015-09-09,242,4.935845810989559e-06,0.04990264656523531,panic+learned+breakout,0.0,0.13115744905714827,0.006131623564948681,0.0,6.150409964531076e-05,0.0103705203648652,0.0,0.8687810468432065,0.0023833007237963662,0.0,1.0956363785322364e-07,5.4532755541972495e-09,5.657191898457339e-06,0.0,0.0,0.0
2016-10-10,MIN_VARIANCE_BUDGET_AVAILABLE,True,2016-10-10,2016-10-10,2015-10-14,242,4.7561362729540805e-06,0.05639694427312269,panic+learned+breakout,0.0,0.16262822948608988,0.005408600339672931,0.0,0.0001201557302483489,0.009711347353726897,0.0,0.8372516147836617,0.0023833007237963675,0.0,-1.6981034909356466e-08,-1.4552303694730983e-09,5.670417190859194e-06,0.0,0.0,0.0
2016-10-11,MIN_VARIANCE_BUDGET_AVAILABLE,False,2016-10-10,2016-10-10,2015-10-14,242,4.7561362729540805e-06,0.05639694427312269,panic+learned+breakout,0.0,0.16262822948608988,0.005408600339672931,0.0,0.0001201557302483489,0.009711347353726897,0.0,0.8372516147836617,0.0023833007237963675,0.0,-1.6981034909356466e-08,-1.4552303694730983e-09,5.670417190859194e-06,0.0,0.0,0.0
2016-10-12,MIN_VARIANCE_BUDGET_AVAILABLE,False,2016-10-10,2016-10-10,2015-10-14,242,4.7561362729540805e-06,0.05639694427312269,panic+learned+breakout,0.0,0.16262822948608988,0.005408600339672931,0.0,0.0001201557302483489,0.009711347353726897,0.0,0.8372516147836617,0.0023833007237963675,0.0,-1.6981034909356466e-08,-1.4552303694730983e-09,5.670417190859194e-06,0.0,0.0,0.0
2016-10-13,MIN_VARIANCE_BUDGET_AVAILABLE,False,2016-10-10,2016-10-10,2015-10-14,242,4.7561362729540805e-06,0.05639694427312269,panic+learned+breakout,0.0,0.16262822948608988,0.005408600339672931,0.0,0.0001201557302483489,0.009711347353726897,0.0,0.8372516147836617,0.0023833007237963675,0.0,-1.6981034909356466e-08,-1.4552303694730983e-09,5.670417190859194e-06,0.0,0.0,0.0
2016-10-14,MIN_VARIANCE_BUDGET_AVAILABLE,False,2016-10-10,2016-10-10,2015-10-14,242,4.7561362729540805e-06,0.05639694427312269,panic+learned+breakout,0.0,0.16262822948608988,0.005408600339672931,0.0,0.0001201557302483489,0.009711347353726897,0.0,0.8372516147836617,0.0023833007237963675,0.0,-1.6981034909356466e-08,-1.4552303694730983e-09,5.670417190859194e-06,0.0,0.0,0.0
2016-10-17,MIN_VARIANCE_BUDGET_AVAILABLE,False,2016-10-10,2016-10-10,2015-10-14,242,4.7561362729540805e-06,0.05639694427312269,panic+learned+breakout,0.0,0.16262822948608988,0.005408600339672931,0.0,0.0001201557302483489,0.009711347353726897,0.0,0.8372516147836617,0.0023833007237963675,0.0,-1.6981034909356466e-08,-1.4552303694730983e-09,5.670417190859194e-06,0.0,0.0,0.0
2016-10-18,MIN_VARIANCE_BUDGET_AVAILABLE,False,2016-10-10,2016-10-10,2015-10-14,242,4.7561362729540805e-06,0.05639694427312269,panic+learned+breakout,0.0,0.16262822948608988,0.005408600339672931,0.0,0.0001201557302483489,0.009711347353726897,0.0,0.8372516147836617,0.0023833007237963675,0.0,-1.6981034909356466e-08,-1.4552303694730983e-09,5.670417190859194e-06,0.0,0.0,0.0
2016-10-19,MIN_VARIANCE_BUDGET_AVAILABLE,False,2016-10-10,2016-10-10,2015-10-14,242,4.7561362729540805e-06,0.05639694427312269,panic+learned+breakout,0.0,0.16262822948608988,0.005408600339672931,0.0,0.0001201557302483489,0.009711347353726897,0.0,0.8372516147836617,0.0023833007237963675,0.0,-1.6981034909356466e-08,-1.4552303694730983e-09,5.670417190859194e-06,0.0,0.0,0.0
2016-10-20,MIN_VARIANCE_BUDGET_AVAILABLE,False,2016-10-10,2016-10-10,2015-10-14,242,4.7561362729540805e-06,0.05639694427312269,panic+learned+breakout,0.0,0.16262822948608988,0.005408600339672931,0.0,0.0001201557302483489,0.009711347353726897,0.0,0.8372516147836617,0.0023833007237963675,0.0,-1.6981034909356466e-08,-1.4552303694730983e-09,5.670417190859194e-06,0.0,0.0,0.0
2016-10-21,MIN_VARIANCE_BUDGET_AVAILABLE,False,2016-10-10,2016-10-10,2015-10-14,242,4.7561362729540805e-06,0.05639694427312269,panic+learned+breakout,0.8372516147836617,0.16262822948608988,0.005408600339672931,0.0,0.0001201557302483489,0.009711347353726897,0.0,0.8372516147836617,0.0023833007237963675,1.0,-1.6981034909356466e-08,-1.4552303694730983e-09,5.670417190859194e-06,0.0,0.0,0.0
2016-10-24,MIN_VARIANCE_BUDGET_AVAILABLE,False,2016-10-10,2016-10-10,2015-10-14,242,4.7561362729540805e-06,0.05639694427312269,panic+learned+breakout,0.8372516147836617,0.16262822948608988,0.005408600339672931,0.0,0.0001201557302483489,0.009711347353726897,0.0,0.8372516147836617,0.0023833007237963675,1.0,-1.6981034909356466e-08,-1.4552303694730983e-09,5.670417190859194e-06,0.0,0.0,0.011280736457481844
2016-10-25,MIN_VARIANCE_BUDGET_AVAILABLE,False,2016-10-10,2016-10-10,2015-10-14,242,4.7561362729540805e-06,0.05639694427312269,panic+learned+breakout,0.8372516147836617,0.16262822948608988,0.005408600339672931,0.0,0.0001201557302483489,0.009711347353726897,0.0,0.8372516147836617,0.0023833007237963675,1.0,-1.6981034909356466e-08,-1.4552303694730983e-09,5.670417190859194e-06,0.0,0.0,-0.0026197922997575063
2016-10-26,MIN_VARIANCE_BUDGET_AVAILABLE,False,2016-10-10,2016-10-10,2015-10-14,242,4.7561362729540805e-06,0.05639694427312269,panic+learned+breakout,0.8372516147836617,0.16262822948608988,0.005408600339672931,0.0,0.0001201557302483489,0.009711347353726897,0.0,0.8372516147836617,0.0023833007237963675,1.0,-1.6981034909356466e-08,-1.4552303694730983e-09,5.670417190859194e-06,0.0,0.0,-0.0029185262657016597
2016-10-27,MIN_VARIANCE_BUDGET_AVAILABLE,False,2016-10-10,2016-10-10,2015-10-14,242,4.7561362729540805e-06,0.05639694427312269,panic+learned+breakout,0.8372516147836617,0.16262822948608988,0.005408600339672931,0.0,0.0001201557302483489,0.009711347353726897,0.0,0.8372516147836617,0.0023833007237963675,1.0,-1.6981034909356466e-08,-1.4552303694730983e-09,5.670417190859194e-06,0.0,0.0,-0.001463534496720209
2016-10-28,MIN_VARIANCE_BUDGET_AVAILABLE,False,2016-10-10,2016-10-10,2015-10-14,242,4.7561362729540805e-06,0.05639694427312269,panic+learned+breakout,0.8372516147836617,0.16262822948608988,0.005408600339672931,0.0,0.0001201557302483489,0.009711347353726897,0.0,0.8372516147836617,0.0023833007237963675,1.0,-1.6981034909356466e-08,-1.4552303694730983e-09,5.670417190859194e-06,0.0,0.0,-0.0014656795693309688
2016-10-31,MIN_VARIANCE_BUDGET_AVAILABLE,False,2016-10-10,2016-10-10,2015-10-14,242,4.7561362729540805e-06,0.05639694427312269,panic+learned+breakout,0.8372516147836617,0.16262822948608988,0.005408600339672931,0.0,0.0001201557302483489,0.009711347353726897,0.0,0.8372516147836617,0.0023833007237963675,1.0,-1.6981034909356466e-08,-1.4552303694730983e-09,5.670417190859194e-06,0.0,0.0,-0.00205496331480981
2016-11-01,MIN_VARIANCE_BUDGET_AVAILABLE,True,2016-11-01,2016-11-01,2015-11-05,242,5.285707528758969e-06,0.08862561132606467,panic+learned+breakout,0.8088255584797246,0.1807617769075469,0.005408600339672929,0.0,0.01041266461272854,0.008183292329956246,0.0,0.8088255584797246,0.002542154027638345,1.0,-7.584827546417203e-09,-2.5099290365502727e-09,5.6746243769232856e-06,0.0,0.0,0.006177584654267765
2016-11-02,MIN_VARIANCE_BUDGET_AVAILABLE,False,2016-11-01,2016-11-01,2015-11-05,242,5.285707528758969e-06,0.08862561132606467,panic+learned+breakout,0.8088255584797246,0.1807617769075469,0.005408600339672929,0.0,0.01041266461272854,0.008183292329956246,0.0,0.8088255584797246,0.002542154027638345,1.0,-7.584827546417203e-09,-2.5099290365502727e-09,5.6746243769232856e-06,0.0,0.0,-0.006724385588690263
2016-11-03,MIN_VARIANCE_BUDGET_AVAILABLE,False,2016-11-01,2016-11-01,2015-11-05,242,5.285707528758969e-06,0.08862561132606467,panic+learned+breakout,0.8088255584797246,0.1807617769075469,0.005408600339672929,0.0,0.01041266461272854,0.008183292329956246,0.0,0.8088255584797246,0.002542154027638345,1.0,-7.584827546417203e-09,-2.5099290365502727e-09,5.6746243769232856e-06,0.0,0.0,0.00765294068518263
2016-11-04,MIN_VARIANCE_BUDGET_AVAILABLE,False,2016-11-01,2016-11-01,2015-11-05,242,5.285707528758969e-06,0.08862561132606467,panic+learned+breakout,0.8088255584797246,0.1807617769075469,0.005408600339672929,0.0,0.01041266461272854,0.008183292329956246,0.0,0.8088255584797246,0.002542154027638345,1.0,-7.584827546417203e-09,-2.5099290365502727e-09,5.6746243769232856e-06,0.0,0.0,-0.003213192228046058
2016-11-07,MIN_VARIANCE_BUDGET_AVAILABLE,False,2016-11-01,2016-11-01,2015-11-05,242,5.285707528758969e-06,0.08862561132606467,panic+learned+breakout,0.8088255584797246,0.1807617769075469,0.005408600339672929,0.0,0.01041266461272854,0.008183292329956246,0.0,0.8088255584797246,0.002542154027638345,1.0,-7.584827546417203e-09,-2.5099290365502727e-09,5.6746243769232856e-06,0.0,0.0,0.0008791500311509104
2016-11-08,MIN_VARIANCE_BUDGET_AVAILABLE,False,2016-11-01,2016-11-01,2015-11-05,242,5.285707528758969e-06,0.08862561132606467,panic+learned+breakout,0.8088255584797246,0.1807617769075469,0.005408600339672929,0.0,0.01041266461272854,0.008183292329956246,0.0,0.8088255584797246,0.002542154027638345,1.0,-7.584827546417203e-09,-2.5099290365502727e-09,5.6746243769232856e-06,0.0,0.0,0.005270266831655768
2016-11-09,MIN_VARIANCE_BUDGET_AVAILABLE,False,2016-11-01,2016-11-01,2015-11-05,242,5.285707528758969e-06,0.08862561132606467,panic+learned+breakout,0.8088255584797246,0.1807617769075469,0.005408600339672929,0.0,0.01041266461272854,0.008183292329956246,0.0,0.8088255584797246,0.002542154027638345,1.0,-7.584827546417203e-09,-2.5099290365502727e-09,5.6746243769232856e-06,0.0,0.0,-0.0037863487546080377
2016-11-10,MIN_VARIANCE_BUDGET_AVAILABLE,False,2016-11-01,2016-11-01,2015-11-05,242,5.285707528758969e-06,0.08862561132606467,panic+learned+breakout,0.8088255584797246,0.1807617769075469,0.005408600339672929,0.0,0.01041266461272854,0.008183292329956246,0.0,0.8088255584797246,0.002542154027638345,1.0,-7.584827546417203e-09,-2.5099290365502727e-09,5.6746243769232856e-06,0.0,0.0,0.01023276067844181
2016-11-11,MIN_VARIANCE_BUDGET_AVAILABLE,False,2016-11-01,2016-11-01,2015-11-05,242,5.285707528758969e-06,0.08862561132606467,panic+learned+breakout,0.8088255584797246,0.1807617769075469,0.005408600339672929,0.0,0.01041266461272854,0.008183292329956246,0.0,0.8088255584797246,0.002542154027638345,1.0,-7.584827546417203e-09,-2.5099290365502727e-09,5.6746243769232856e-06,0.0,0.0,0.008682095914696486
2016-11-14,MIN_VARIANCE_BUDGET_AVAILABLE,False,2016-11-01,2016-11-01,2015-11-05,242,5.285707528758969e-06,0.08862561132606467,panic+learned+breakout,0.8088255584797246,0.1807617769075469,0.005408600339672929,0.0,0.01041266461272854,0.008183292329956246,0.0,0.8088255584797246,0.002542154027638345,1.0,-7.584827546417203e-09,-2.5099290365502727e-09,5.6746243769232856e-06,0.0,0.0,0.0014345609896748712
2016-11-15,MIN_VARIANCE_BUDGET_AVAILABLE,False,2016-11-01,2016-11-01,2015-11-05,242,5.285707528758969e-06,0.08862561132606467,panic+learned+breakout,0.8088255584797246,0.1807617769075469,0.005408600339672929,0.0,0.01041266461272854,0.008183292329956246,0.0,0.8088255584797246,0.002542154027638345,1.0,-7.584827546417203e-09,-2.5099290365502727e-09,5.6746243769232856e-06,0.0,0.0,-0.0011460047779914273
2016-11-16,MIN_VARIANCE_BUDGET_AVAILABLE,False,2016-11-01,2016-11-01,2015-11-05,242,5.285707528758969e-06,0.08862561132606467,panic+learned+breakout,0.8088255584797246,0.1807617769075469,0.005408600339672929,0.0,0.01041266461272854,0.008183292329956246,0.0,0.8088255584797246,0.002542154027638345,1.0,-7.584827546417203e-09,-2.5099290365502727e-09,5.6746243769232856e-06,0.0,0.0,0.0002868299029370469
2016-11-17,MIN_VARIANCE_BUDGET_AVAILABLE,False,2016-11-01,2016-11-01,2015-11-05,242,5.285707528758969e-06,0.08862561132606467,panic+learned+breakout,0.8088255584797246,0.1807617769075469,0.005408600339672929,0.0,0.01041266461272854,0.008183292329956246,0.0,0.8088255584797246,0.002542154027638345,1.0,-7.584827546417203e-09,-2.5099290365502727e-09,5.6746243769232856e-06,0.0,0.0,0.0022939812410798233
2016-11-18,MIN_VARIANCE_BUDGET_AVAILABLE,False,2016-11-01,2016-11-01,2015-11-05,242,5.285707528758969e-06,0.08862561132606467,panic+learned+breakout,0.8088255584797246,0.1807617769075469,0.005408600339672929,0.0,0.01041266461272854,0.008183292329956246,0.0,0.8088255584797246,0.002542154027638345,1.0,-7.584827546417203e-09,-2.5099290365502727e-09,5.6746243769232856e-06,0.0,0.0,-0.003433096402872926
2016-11-21,MIN_VARIANCE_BUDGET_AVAILABLE,False,2016-11-01,2016-11-01,2015-11-05,242,5.285707528758969e-06,0.08862561132606467,panic+learned+breakout,0.8088255584797246,0.1807617769075469,0.005408600339672929,0.0,0.01041266461272854,0.008183292329956246,0.0,0.8088255584797246,0.002542154027638345,1.0,-7.584827546417203e-09,-2.5099290365502727e-09,5.6746243769232856e-06,0.0,0.0,0.004593230874891496
2016-11-22,MIN_VARIANCE_BUDGET_AVAILABLE,False,2016-11-01,2016-11-01,2015-11-05,242,5.285707528758969e-06,0.08862561132606467,panic+learned+breakout,0.8088255584797246,0.1807617769075469,0.005408600339672929,0.0,0.01041266461272854,0.008183292329956246,0.0,0.8088255584797246,0.002542154027638345,1.0,-7.584827546417203e-09,-2.5099290365502727e-09,5.6746243769232856e-06,0.0,0.0,0.010001752181900248
2016-11-23,MIN_VARIANCE_BUDGET_AVAILABLE,False,2016-11-01,2016-11-01,2015-11-05,242,5.285707528758969e-06,0.08862561132606467,panic+learned+breakout,0.8088255584797246,0.1807617769075469,0.005408600339672929,0.0,0.01041266461272854,0.008183292329956246,0.0,0.8088255584797246,0.002542154027638345,1.0,-7.584827546417203e-09,-2.5099290365502727e-09,5.6746243769232856e-06,0.0,0.0,0.0016976070433756263
2016-11-24,MIN_VARIANCE_BUDGET_AVAILABLE,False,2016-11-01,2016-11-01,2015-11-05,242,5.285707528758969e-06,0.08862561132606467,panic+learned+breakout,0.8088255584797246,0.1807617769075469,0.005408600339672929,0.0,0.01041266461272854,0.008183292329956246,0.0,0.8088255584797246,0.002542154027638345,1.0,-7.584827546417203e-09,-2.5099290365502727e-09,5.6746243769232856e-06,0.0,0.0,0.0028245500961552317
2016-11-25,MIN_VARIANCE_BUDGET_AVAILABLE,False,2016-11-01,2016-11-01,2015-11-05,242,5.285707528758969e-06,0.08862561132606467,panic+learned+breakout,0.8088255584797246,0.1807617769075469,0.005408600339672929,0.0,0.01041266461272854,0.008183292329956246,0.0,0.8088255584797246,0.002542154027638345,1.0,-7.584827546417203e-09,-2.5099290365502727e-09,5.6746243769232856e-06,0.0,0.0,0.01098471848734528
2016-11-28,MIN_VARIANCE_BUDGET_AVAILABLE,False,2016-11-01,2016-11-01,2015-11-05,242,5.285707528758969e-06,0.08862561132606467,panic+learned+breakout,0.8088255584797246,0.1807617769075469,0.005408600339672929,0.0,0.01041266461272854,0.008183292329956246,0.0,0.8088255584797246,0.002542154027638345,1.0,-7.584827546417203e-09,-2.5099290365502727e-09,5.6746243769232856e-06,0.0,0.0,0.004457585848615331
2016-11-29,MIN_VARIANCE_BUDGET_AVAILABLE,False,2016-11-01,2016-11-01,2015-11-05,242,5.285707528758969e-06,0.08862561132606467,panic+learned+breakout,0.8088255584797246,0.1807617769075469,0.005408600339672929,0.0,0.01041266461272854,0.008183292329956246,0.0,0.8088255584797246,0.002542154027638345,1.0,-7.584827546417203e-09,-2.5099290365502727e-09,5.6746243769232856e-06,0.0,0.0,0.007766156923874945
2016-11-30,MIN_VARIANCE_BUDGET_AVAILABLE,False,2016-11-01,2016-11-01,2015-11-05,242,5.285707528758969e-06,0.08862561132606467,panic+learned+breakout,0.8088255584797246,0.1807617769075469,0.005408600339672929,0.0,0.01041266461272854,0.008183292329956246,0.0,0.8088255584797246,0.002542154027638345,1.0,-7.584827546417203e-09,-2.5099290365502727e-09,5.6746243769232856e-06,0.0,0.0,-0.009082435044474924
2016-12-01,MIN_VARIANCE_BUDGET_AVAILABLE,True,2016-12-01,2016-12-01,2015-12-07,242,7.141312650900297e-06,0.22548507464584408,panic+learned+breakout,0.6703387036252992,0.24441138594667217,0.005408600339672927,0.0,0.08524991042802861,0.006283610347317045,0.0,0.6703387036252992,0.0031529451353571,1.0,-6.2272455902316105e-09,-1.1803578353972543e-08,5.634237919355399e-06,0.0,0.0,0.009443429685569216
2016-12-02,MIN_VARIANCE_BUDGET_AVAILABLE,False,2016-12-01,2016-12-01,2015-12-07,242,7.141312650900297e-06,0.22548507464584408,panic+learned+breakout,0.6703387036252992,0.24441138594667217,0.005408600339672927,0.0,0.08524991042802861,0.006283610347317045,0.0,0.6703387036252992,0.0031529451353571,1.0,-6.2272455902316105e-09,-1.1803578353972543e-08,5.634237919355399e-06,0.0,0.0,-0.011005983050085932
2016-12-05,MIN_VARIANCE_BUDGET_AVAILABLE,False,2016-12-01,2016-12-01,2015-12-07,242,7.141312650900297e-06,0.22548507464584408,panic+learned+breakout,0.6703387036252992,0.24441138594667217,0.005408600339672927,0.0,0.08524991042802861,0.006283610347317045,0.0,0.6703387036252992,0.0031529451353571,1.0,-6.2272455902316105e-09,-1.1803578353972543e-08,5.634237919355399e-06,0.0,0.0,-0.020031232899923923
2016-12-06,MIN_VARIANCE_BUDGET_AVAILABLE,False,2016-12-01,2016-12-01,2015-12-07,242,7.141312650900297e-06,0.22548507464584408,panic+learned+breakout,0.0,0.24441138594667217,0.005408600339672927,0.0,0.08524991042802861,0.006283610347317045,0.0,0.6703387036252992,0.0031529451353571,0.0,-6.2272455902316105e-09,-1.1803578353972543e-08,5.634237919355399e-06,0.0,0.0,-0.0017033904185199678
2016-12-07,MIN_VARIANCE_BUDGET_AVAILABLE,False,2016-12-01,2016-12-01,2015-12-07,242,7.141312650900297e-06,0.22548507464584408,panic+learned+breakout,0.0,0.24441138594667217,0.005408600339672927,0.0,0.08524991042802861,0.006283610347317045,0.0,0.6703387036252992,0.0031529451353571,0.0,-6.2272455902316105e-09,-1.1803578353972543e-08,5.634237919355399e-06,0.0,0.0,-0.00019980736796476606
2016-12-08,MIN_VARIANCE_BUDGET_AVAILABLE,False,2016-12-01,2016-12-01,2015-12-07,242,7.141312650900297e-06,0.22548507464584408,panic+learned+breakout,0.0,0.24441138594667217,0.005408600339672927,0.0,0.08524991042802861,0.006283610347317045,0.0,0.6703387036252992,0.0031529451353571,0.0,-6.2272455902316105e-09,-1.1803578353972543e-08,5.634237919355399e-06,0.0,0.0,0.0
2016-12-09,MIN_VARIANCE_BUDGET_AVAILABLE,False,2016-12-01,2016-12-01,2015-12-07,242,7.141312650900297e-06,0.22548507464584408,panic+learned+breakout,0.0,0.24441138594667217,0.005408600339672927,0.0,0.08524991042802861,0.006283610347317045,0.0,0.6703387036252992,0.0031529451353571,0.0,-6.2272455902316105e-09,-1.1803578353972543e-08,5.634237919355399e-06,0.0,0.0,0.0
2016-12-12,MIN_VARIANCE_BUDGET_AVAILABLE,False,2016-12-01,2016-12-01,2015-12-07,242,7.141312650900297e-06,0.22548507464584408,panic+learned+breakout,0.0,0.24441138594667217,0.005408600339672927,0.0,0.08524991042802861,0.006283610347317045,0.0,0.6703387036252992,0.0031529451353571,0.0,-6.2272455902316105e-09,-1.1803578353972543e-08,5.634237919355399e-06,0.0,0.0,0.0
2016-12-13,MIN_VARIANCE_BUDGET_AVAILABLE,False,2016-12-01,2016-12-01,2015-12-07,242,7.141312650900297e-06,0.22548507464584408,panic+learned+breakout,0.0,0.24441138594667217,0.005408600339672927,0.0,0.08524991042802861,0.006283610347317045,0.0,0.6703387036252992,0.0031529451353571,0.0,-6.2272455902316105e-09,-1.1803578353972543e-08,5.634237919355399e-06,0.0,0.0,0.0
2016-12-14,MIN_VARIANCE_BUDGET_AVAILABLE,False,2016-12-01,2016-12-01,2015-12-07,242,7.141312650900297e-06,0.22548507464584408,panic+learned+breakout,0.0,0.24441138594667217,0.005408600339672927,0.0,0.08524991042802861,0.006283610347317045,0.0,0.6703387036252992,0.0031529451353571,0.0,-6.2272455902316105e-09,-1.1803578353972543e-08,5.634237919355399e-06,0.0,0.0,0.0
2016-12-15,MIN_VARIANCE_BUDGET_AVAILABLE,False,2016-12-01,2016-12-01,2015-12-07,242,7.141312650900297e-06,0.22548507464584408,panic+learned+breakout,0.0,0.24441138594667217,0.005408600339672927,0.0,0.08524991042802861,0.006283610347317045,0.0,0.6703387036252992,0.0031529451353571,0.0,-6.2272455902316105e-09,-1.1803578353972543e-08,5.634237919355399e-06,0.0,0.0,0.0
2016-12-16,MIN_VARIANCE_BUDGET_AVAILABLE,False,2016-12-01,2016-12-01,2015-12-07,242,7.141312650900297e-06,0.22548507464584408,panic+learned+breakout,0.0,0.24441138594667217,0.005408600339672927,0.0,0.08524991042802861,0.006283610347317045,0.0,0.6703387036252992,0.0031529451353571,0.0,-6.2272455902316105e-09,-1.1803578353972543e-08,5.634237919355399e-06,0.0,0.0,0.0
2016-12-19,MIN_VARIANCE_BUDGET_AVAILABLE,False,2016-12-01,2016-12-01,2015-12-07,242,7.141312650900297e-06,0.22548507464584408,panic+learned+breakout,0.0,0.24441138594667217,0.005408600339672927,0.0,0.08524991042802861,0.006283610347317045,0.0,0.6703387036252992,0.0031529451353571,0.0,-6.2272455902316105e-09,-1.1803578353972543e-08,5.634237919355399e-06,0.0,0.0,0.0
2016-12-20,MIN_VARIANCE_BUDGET_AVAILABLE,False,2016-12-01,2016-12-01,2015-12-07,242,7.141312650900297e-06,0.22548507464584408,panic+learned+breakout,0.0,0.24441138594667217,0.005408600339672927,0.0,0.08524991042802861,0.006283610347317045,0.0,0.6703387036252992,0.0031529451353571,0.0,-6.2272455902316105e-09,-1.1803578353972543e-08,5.634237919355399e-06,0.0,0.0,0.0
2016-12-21,MIN_VARIANCE_BUDGET_AVAILABLE,False,2016-12-01,2016-12-01,2015-12-07,242,7.141312650900297e-06,0.22548507464584408,panic+learned+breakout,0.0,0.24441138594667217,0.005408600339672927,0.0,0.08524991042802861,0.006283610347317045,0.0,0.6703387036252992,0.0031529451353571,0.0,-6.2272455902316105e-09,-1.1803578353972543e-08,5.634237919355399e-06,0.0,0.0,0.0
2016-12-22,MIN_VARIANCE_BUDGET_AVAILABLE,False,2016-12-01,2016-12-01,2015-12-07,242,7.141312650900297e-06,0.22548507464584408,panic+learned+breakout,0.0,0.24441138594667217,0.005408600339672927,0.0,0.08524991042802861,0.006283610347317045,0.0,0.6703387036252992,0.0031529451353571,0.0,-6.2272455902316105e-09,-1.1803578353972543e-08,5.634237919355399e-06,0.0,0.0,0.0
2016-12-23,MIN_VARIANCE_BUDGET_AVAILABLE,False,2016-12-01,2016-12-01,2015-12-07,242,7.141312650900297e-06,0.22548507464584408,panic+learned+breakout,0.0,0.24441138594667217,0.005408600339672927,0.0,0.08524991042802861,0.006283610347317045,0.0,0.6703387036252992,0.0031529451353571,0.0,-6.2272455902316105e-09,-1.1803578353972543e-08,5.634237919355399e-06,0.0,0.0,0.0
2016-12-26,MIN_VARIANCE_BUDGET_AVAILABLE,False,2016-12-01,2016-12-01,2015-12-07,242,7.141312650900297e-06,0.22548507464584408,panic+learned+breakout,0.0,0.24441138594667217,0.005408600339672927,0.0,0.08524991042802861,0.006283610347317045,0.0,0.6703387036252992,0.0031529451353571,0.0,-6.2272455902316105e-09,-1.1803578353972543e-08,5.634237919355399e-06,0.0,0.0,0.0
2016-12-27,MIN_VARIANCE_BUDGET_AVAILABLE,False,2016-12-01,2016-12-01,2015-12-07,242,7.141312650900297e-06,0.22548507464584408,panic+learned+breakout,0.0,0.24441138594667217,0.005408600339672927,0.0,0.08524991042802861,0.006283610347317045,0.0,0.6703387036252992,0.0031529451353571,0.0,-6.2272455902316105e-09,-1.1803578353972543e-08,5.634237919355399e-06,0.0,0.0,0.0
2016-12-28,MIN_VARIANCE_BUDGET_AVAILABLE,False,2016-12-01,2016-12-01,2015-12-07,242,7.141312650900297e-06,0.22548507464584408,panic+learned+breakout,0.0,0.24441138594667217,0.005408600339672927,0.0,0.08524991042802861,0.006283610347317045,0.0,0.6703387036252992,0.0031529451353571,0.0,-6.2272455902316105e-09,-1.1803578353972543e-08,5.634237919355399e-06,0.0,0.0,0.0
2016-12-29,MIN_VARIANCE_BUDGET_AVAILABLE,False,2016-12-01,2016-12-01,2015-12-07,242,7.141312650900297e-06,0.22548507464584408,panic+learned+breakout,0.0,0.24441138594667217,0.005408600339672927,0.0,0.08524991042802861,0.006283610347317045,0.0,0.6703387036252992,0.0031529451353571,0.0,-6.2272455902316105e-09,-1.1803578353972543e-08,5.634237919355399e-06,0.0,0.0,0.0
2016-12-30,MIN_VARIANCE_BUDGET_AVAILABLE,False,2016-12-01,2016-12-01,2015-12-07,242,7.141312650900297e-06,0.22548507464584408,panic+learned+breakout,0.0,0.24441138594667217,0.005408600339672927,0.0,0.08524991042802861,0.006283610347317045,0.0,0.6703387036252992,0.0031529451353571,0.0,-6.2272455902316105e-09,-1.1803578353972543e-08,5.634237919355399e-06,0.0,0.0,0.0
2017-01-03,MIN_VARIANCE_BUDGET_AVAILABLE,True,2017-01-03,2017-01-03,2016-01-07,242,7.77063878184644e-06,0.34611197787512904,panic+learned+breakout,0.0,0.26579175414234757,0.005408600339672926,0.0,0.18050366164567022,0.005066922360508466,0.0,0.5537045842119822,0.003491404492846,0.0,-4.398832160436062e-09,-6.794482877630459e-09,5.6665788728983425e-06,0.0,0.0,0.0
2017-01-04,MIN_VARIANCE_BUDGET_AVAILABLE,False,2017-01-03,2017-01-03,2016-01-07,242,7.77063878184644e-06,0.34611197787512904,panic+learned+breakout,0.0,0.26579175414234757,0.005408600339672926,0.0,0.18050366164567022,0.005066922360508466,0.0,0.5537045842119822,0.003491404492846,0.0,-4.398832160436062e-09,-6.794482877630459e-09,5.6665788728983425e-06,0.0,0.0,0.0
2017-01-05,MIN_VARIANCE_BUDGET_AVAILABLE,False,2017-01-03,2017-01-03,2016-01-07,242,7.77063878184644e-06,0.34611197787512904,panic+learned+breakout,0.0,0.26579175414234757,0.005408600339672926,0.0,0.18050366164567022,0.005066922360508466,0.0,0.5537045842119822,0.003491404492846,0.0,-4.398832160436062e-09,-6.794482877630459e-09,5.6665788728983425e-06,0.0,0.0,0.0
2017-01-06,MIN_VARIANCE_BUDGET_AVAILABLE,False,2017-01-03,2017-01-03,2016-01-07,242,7.77063878184644e-06,0.34611197787512904,panic+learned+breakout,0.0,0.26579175414234757,0.005408600339672926,0.0,0.18050366164567022,0.005066922360508466,0.0,0.5537045842119822,0.003491404492846,0.0,-4.398832160436062e-09,-6.794482877630459e-09,5.6665788728983425e-06,0.0,0.0,0.0
2017-01-09,MIN_VARIANCE_BUDGET_AVAILABLE,False,2017-01-03,2017-01-03,2016-01-07,242,7.77063878184644e-06,0.34611197787512904,panic+learned+breakout,0.0,0.26579175414234757,0.005408600339672926,0.0,0.18050366164567022,0.005066922360508466,0.0,0.5537045842119822,0.003491404492846,0.0,-4.398832160436062e-09,-6.794482877630459e-09,5.6665788728983425e-06,0.0,0.0,0.0
2017-01-10,MIN_VARIANCE_BUDGET_AVAILABLE,False,2017-01-03,2017-01-03,2016-01-07,242,7.77063878184644e-06,0.34611197787512904,panic+learned+breakout,0.0,0.26579175414234757,0.005408600339672926,0.0,0.18050366164567022,0.005066922360508466,0.0,0.5537045842119822,0.003491404492846,0.0,-4.398832160436062e-09,-6.794482877630459e-09,5.6665788728983425e-06,0.0,0.0,0.0
2017-01-11,MIN_VARIANCE_BUDGET_AVAILABLE,False,2017-01-03,2017-01-03,2016-01-07,242,7.77063878184644e-06,0.34611197787512904,panic+learned+breakout,0.0,0.26579175414234757,0.005408600339672926,0.0,0.18050366164567022,0.005066922360508466,0.0,0.5537045842119822,0.003491404492846,0.0,-4.398832160436062e-09,-6.794482877630459e-09,5.6665788728983425e-06,0.0,0.0,0.0
2017-01-12,MIN_VARIANCE_BUDGET_AVAILABLE,False,2017-01-03,2017-01-03,2016-01-07,242,7.77063878184644e-06,0.34611197787512904,panic+learned+breakout,0.0,0.26579175414234757,0.005408600339672926,0.0,0.18050366164567022,0.005066922360508466,0.0,0.5537045842119822,0.003491404492846,0.0,-4.398832160436062e-09,-6.794482877630459e-09,5.6665788728983425e-06,0.0,0.0,0.0
2017-01-13,MIN_VARIANCE_BUDGET_AVAILABLE,False,2017-01-03,2017-01-03,2016-01-07,242,7.77063878184644e-06,0.34611197787512904,panic+learned+breakout,0.0,0.26579175414234757,0.005408600339672926,0.0,0.18050366164567022,0.005066922360508466,0.0,0.5537045842119822,0.003491404492846,0.0,-4.398832160436062e-09,-6.794482877630459e-09,5.6665788728983425e-06,0.0,0.0,0.0
2017-01-16,MIN_VARIANCE_BUDGET_AVAILABLE,False,2017-01-03,2017-01-03,2016-01-07,242,7.77063878184644e-06,0.34611197787512904,panic+learned+breakout,0.0,0.26579175414234757,0.005408600339672926,0.0,0.18050366164567022,0.005066922360508466,0.0,0.5537045842119822,0.003491404492846,0.0,-4.398832160436062e-09,-6.794482877630459e-09,5.6665788728983425e-06,0.0,0.0,0.0
2017-01-17,MIN_VARIANCE_BUDGET_AVAILABLE,False,2017-01-03,2017-01-03,2016-01-07,242,7.77063878184644e-06,0.34611197787512904,panic+learned+breakout,0.0,0.26579175414234757,0.005408600339672926,0.0,0.18050366164567022,0.005066922360508466,0.0,0.5537045842119822,0.003491404492846,0.0,-4.398832160436062e-09,-6.794482877630459e-09,5.6665788728983425e-06,0.0,0.0,0.0
2017-01-18,MIN_VARIANCE_BUDGET_AVAILABLE,False,2017-01-03,2017-01-03,2016-01-07,242,7.77063878184644e-06,0.34611197787512904,panic+learned+breakout,0.0,0.26579175414234757,0.005408600339672926,0.0,0.18050366164567022,0.005066922360508466,0.0,0.5537045842119822,0.003491404492846,0.0,-4.398832160436062e-09,-6.794482877630459e-09,5.6665788728983425e-06,0.0,0.0,0.0
2017-01-19,MIN_VARIANCE_BUDGET_AVAILABLE,False,2017-01-03,2017-01-03,2016-01-07,242,7.77063878184644e-06,0.34611197787512904,panic+learned+breakout,0.0,0.26579175414234757,0.005408600339672926,0.0,0.18050366164567022,0.005066922360508466,0.0,0.5537045842119822,0.003491404492846,0.0,-4.398832160436062e-09,-6.794482877630459e-09,5.6665788728983425e-06,0.0,0.0,0.0
2017-01-20,MIN_VARIANCE_BUDGET_AVAILABLE,False,2017-01-03,2017-01-03,2016-01-07,242,7.77063878184644e-06,0.34611197787512904,panic+learned+breakout,0.0,0.26579175414234757,0.005408600339672926,0.0,0.18050366164567022,0.005066922360508466,0.0,0.5537045842119822,0.003491404492846,0.0,-4.398832160436062e-09,-6.794482877630459e-09,5.6665788728983425e-06,0.0,0.0,0.0
2017-01-23,MIN_VARIANCE_BUDGET_AVAILABLE,False,2017-01-03,2017-01-03,2016-01-07,242,7.77063878184644e-06,0.34611197787512904,panic+learned+breakout,0.0,0.26579175414234757,0.005408600339672926,0.0,0.18050366164567022,0.005066922360508466,0.0,0.5537045842119822,0.003491404492846,0.0,-4.398832160436062e-09,-6.794482877630459e-09,5.6665788728983425e-06,0.0,0.0,0.0
2017-01-24,MIN_VARIANCE_BUDGET_AVAILABLE,False,2017-01-03,2017-01-03,2016-01-07,242,7.77063878184644e-06,0.34611197787512904,panic+learned+breakout,0.0,0.26579175414234757,0.005408600339672926,0.0,0.18050366164567022,0.005066922360508466,0.0,0.5537045842119822,0.003491404492846,0.0,-4.398832160436062e-09,-6.794482877630459e-09,5.6665788728983425e-06,0.0,0.0,0.0
2017-01-25,MIN_VARIANCE_BUDGET_AVAILABLE,False,2017-01-03,2017-01-03,2016-01-07,242,7.77063878184644e-06,0.34611197787512904,panic+learned+breakout,0.5537045842119822,0.26579175414234757,0.005408600339672926,0.0,0.18050366164567022,0.005066922360508466,0.0,0.5537045842119822,0.003491404492846,1.0,-4.398832160436062e-09,-6.794482877630459e-09,5.6665788728983425e-06,0.0,0.0,0.0
2017-01-26,MIN_VARIANCE_BUDGET_AVAILABLE,False,2017-01-03,2017-01-03,2016-01-07,242,7.77063878184644e-06,0.34611197787512904,panic+learned+breakout,0.5537045842119822,0.26579175414234757,0.005408600339672926,0.0,0.18050366164567022,0.005066922360508466,0.0,0.5537045842119822,0.003491404492846,1.0,-4.398832160436062e-09,-6.794482877630459e-09,5.6665788728983425e-06,0.0,0.0,0.003351431738630062
2017-02-03,MIN_VARIANCE_BUDGET_AVAILABLE,True,2017-02-03,2017-02-03,2016-02-02,242,6.155357420973118e-06,0.4009981530240533,panic+learned+breakout,0.4331596204257006,0.42189126452228476,0.0038316972863098307,0.0,0.14494911505201472,0.005066922360508465,0.0,0.4331596204257006,0.0035191885735969186,1.0,-5.002106344406648e-08,-7.285802377429818e-08,5.667842383818918e-06,0.0,0.0,-0.005898873574907593
2017-02-06,MIN_VARIANCE_BUDGET_AVAILABLE,False,2017-02-03,2017-02-03,2016-02-02,242,6.155357420973118e-06,0.4009981530240533,panic+learned+breakout,0.4331596204257006,0.42189126452228476,0.0038316972863098307,0.0,0.14494911505201472,0.005066922360508465,0.0,0.4331596204257006,0.0035191885735969186,1.0,-5.002106344406648e-08,-7.285802377429818e-08,5.667842383818918e-06,0.0,0.0,-0.00029669383818720085
2017-02-07,MIN_VARIANCE_BUDGET_AVAILABLE,False,2017-02-03,2017-02-03,2016-02-02,242,6.155357420973118e-06,0.4009981530240533,panic+learned+breakout,0.4331596204257006,0.42189126452228476,0.0038316972863098307,0.0,0.14494911505201472,0.005066922360508465,0.0,0.4331596204257006,0.0035191885735969186,1.0,-5.002106344406648e-08,-7.285802377429818e-08,5.667842383818918e-06,0.0,0.0,-0.0017806913492749432
2017-02-08,MIN_VARIANCE_BUDGET_AVAILABLE,False,2017-02-03,2017-02-03,2016-02-02,242,6.155357420973118e-06,0.4009981530240533,panic+learned+breakout,0.4331596204257006,0.42189126452228476,0.0038316972863098307,0.0,0.14494911505201472,0.005066922360508465,0.0,0.4331596204257006,0.0035191885735969186,1.0,-5.002106344406648e-08,-7.285802377429818e-08,5.667842383818918e-06,0.0,0.0,0.006838160158192164
2017-02-09,MIN_VARIANCE_BUDGET_AVAILABLE,False,2017-02-03,2017-02-03,2016-02-02,242,6.155357420973118e-06,0.4009981530240533,panic+learned+breakout,0.4331596204257006,0.42189126452228476,0.0038316972863098307,0.0,0.14494911505201472,0.005066922360508465,0.0,0.4331596204257006,0.0035191885735969186,1.0,-5.002106344406648e-08,-7.285802377429818e-08,5.667842383818918e-06,0.0,0.0,0.003543504682171017
2017-02-10,MIN_VARIANCE_BUDGET_AVAILABLE,False,2017-02-03,2017-02-03,2016-02-02,242,6.155357420973118e-06,0.4009981530240533,panic+learned+breakout,0.4331596204257006,0.42189126452228476,0.0038316972863098307,0.0,0.14494911505201472,0.005066922360508465,0.0,0.4331596204257006,0.0035191885735969186,1.0,-5.002106344406648e-08,-7.285802377429818e-08,5.667842383818918e-06,0.0,0.0,0.005296488890075501
2017-02-13,MIN_VARIANCE_BUDGET_AVAILABLE,False,2017-02-03,2017-02-03,2016-02-02,242,6.155357420973118e-06,0.4009981530240533,panic+learned+breakout,0.4331596204257006,0.42189126452228476,0.0038316972863098307,0.0,0.14494911505201472,0.005066922360508465,0.0,0.4331596204257006,0.0035191885735969186,1.0,-5.002106344406648e-08,-7.285802377429818e-08,5.667842383818918e-06,0.0,0.0,0.005268583894014522
2017-02-14,MIN_VARIANCE_BUDGET_AVAILABLE,False,2017-02-03,2017-02-03,2016-02-02,242,6.155357420973118e-06,0.4009981530240533,panic+learned+breakout,0.4331596204257006,0.42189126452228476,0.0038316972863098307,0.0,0.14494911505201472,0.005066922360508465,0.0,0.4331596204257006,0.0035191885735969186,1.0,-5.002106344406648e-08,-7.285802377429818e-08,5.667842383818918e-06,0.0,0.0,0.0011646603103390163
2017-02-15,MIN_VARIANCE_BUDGET_AVAILABLE,False,2017-02-03,2017-02-03,2016-02-02,242,6.155357420973118e-06,0.4009981530240533,panic+learned+breakout,0.4331596204257006,0.42189126452228476,0.0038316972863098307,0.0,0.14494911505201472,0.005066922360508465,0.0,0.4331596204257006,0.0035191885735969186,1.0,-5.002106344406648e-08,-7.285802377429818e-08,5.667842383818918e-06,0.0,0.0,-0.003489916363941692
2017-02-16,MIN_VARIANCE_BUDGET_AVAILABLE,False,2017-02-03,2017-02-03,2016-02-02,242,6.155357420973118e-06,0.4009981530240533,panic+learned+breakout,0.4331596204257006,0.42189126452228476,0.0038316972863098307,0.0,0.14494911505201472,0.005066922360508465,0.0,0.4331596204257006,0.0035191885735969186,1.0,-5.002106344406648e-08,-7.285802377429818e-08,5.667842383818918e-06,0.0,0.0,0.004377673168152629
2017-02-17,MIN_VARIANCE_BUDGET_AVAILABLE,False,2017-02-03,2017-02-03,2016-02-02,242,6.155357420973118e-06,0.4009981530240533,panic+learned+breakout,0.4331596204257006,0.42189126452228476,0.0038316972863098307,0.0,0.14494911505201472,0.005066922360508465,0.0,0.4331596204257006,0.0035191885735969186,1.0,-5.002106344406648e-08,-7.285802377429818e-08,5.667842383818918e-06,0.0,0.0,-0.005811456898603851
2017-02-20,MIN_VARIANCE_BUDGET_AVAILABLE,False,2017-02-03,2017-02-03,2016-02-02,242,6.155357420973118e-06,0.4009981530240533,panic+learned+breakout,0.4331596204257006,0.42189126452228476,0.0038316972863098307,0.0,0.14494911505201472,0.005066922360508465,0.0,0.4331596204257006,0.0035191885735969186,1.0,-5.002106344406648e-08,-7.285802377429818e-08,5.667842383818918e-06,0.0,0.0,0.01636719657352881
2017-02-21,MIN_VARIANCE_BUDGET_AVAILABLE,False,2017-02-03,2017-02-03,2016-02-02,242,6.155357420973118e-06,0.4009981530240533,panic+learned+breakout,0.4331596204257006,0.42189126452228476,0.0038316972863098307,0.0,0.14494911505201472,0.005066922360508465,0.0,0.4331596204257006,0.0035191885735969186,1.0,-5.002106344406648e-08,-7.285802377429818e-08,5.667842383818918e-06,0.0,0.0,0.0
2017-02-22,MIN_VARIANCE_BUDGET_AVAILABLE,False,2017-02-03,2017-02-03,2016-02-02,242,6.155357420973118e-06,0.4009981530240533,panic+learned+breakout,0.4331596204257006,0.42189126452228476,0.0038316972863098307,0.0,0.14494911505201472,0.005066922360508465,0.0,0.4331596204257006,0.0035191885735969186,1.0,-5.002106344406648e-08,-7.285802377429818e-08,5.667842383818918e-06,0.0,0.0,0.003163212126549908
2017-02-23,MIN_VARIANCE_BUDGET_AVAILABLE,False,2017-02-03,2017-02-03,2016-02-02,242,6.155357420973118e-06,0.4009981530240533,panic+learned+breakout,0.4331596204257006,0.42189126452228476,0.0038316972863098307,0.0,0.14494911505201472,0.005066922360508465,0.0,0.4331596204257006,0.0035191885735969186,1.0,-5.002106344406648e-08,-7.285802377429818e-08,5.667842383818918e-06,0.0,0.0,-0.00429986968173901
2017-02-24,MIN_VARIANCE_BUDGET_AVAILABLE,False,2017-02-03,2017-02-03,2016-02-02,242,6.155357420973118e-06,0.4009981530240533,panic+learned+breakout,0.4331596204257006,0.42189126452228476,0.0038316972863098307,0.0,0.14494911505201472,0.005066922360508465,0.0,0.4331596204257006,0.0035191885735969186,1.0,-5.002106344406648e-08,-7.285802377429818e-08,5.667842383818918e-06,0.0,0.0,-0.0008636876808210125
2017-02-27,MIN_VARIANCE_BUDGET_AVAILABLE,False,2017-02-03,2017-02-03,2016-02-02,242,6.155357420973118e-06,0.4009981530240533,panic+learned+breakout,0.4331596204257006,0.42189126452228476,0.0038316972863098307,0.0,0.14494911505201472,0.005066922360508465,0.0,0.4331596204257006,0.0035191885735969186,1.0,-5.002106344406648e-08,-7.285802377429818e-08,5.667842383818918e-06,0.0,0.0,-0.00777990853855226
2017-02-28,MIN_VARIANCE_BUDGET_AVAILABLE,False,2017-02-03,2017-02-03,2016-02-02,242,6.155357420973118e-06,0.4009981530240533,panic+learned+breakout,0.4331596204257006,0.42189126452228476,0.0038316972863098307,0.0,0.14494911505201472,0.005066922360508465,0.0,0.4331596204257006,0.0035191885735969186,1.0,-5.002106344406648e-08,-7.285802377429818e-08,5.667842383818918e-06,0.0,0.0,0.001452020389260067
2017-03-01,NO_VIEW_ZERO_OR_INVALID_RISK_KEEP_BUDGET,True,2017-03-01,2017-02-03,2016-03-04,242,,,,0.4331596204257006,0.42189126452228476,0.0,0.0,0.14494911505201472,0.005066922360508463,0.0,0.4331596204257006,0.003821629498984343,1.0,,,,0.0,0.0,0.0011599320663975288
2017-03-02,NO_VIEW_ZERO_OR_INVALID_RISK_KEEP_BUDGET,False,2017-03-01,2017-02-03,2016-03-04,242,,,,0.4331596204257006,0.42189126452228476,0.0,0.0,0.14494911505201472,0.005066922360508463,0.0,0.4331596204257006,0.003821629498984343,1.0,,,,0.0,0.0,-0.0034757645484376765
2017-03-03,NO_VIEW_ZERO_OR_INVALID_RISK_KEEP_BUDGET,False,2017-03-01,2017-02-03,2016-03-04,242,,,,0.4331596204257006,0.42189126452228476,0.0,0.0,0.14494911505201472,0.005066922360508463,0.0,0.4331596204257006,0.003821629498984343,1.0,,,,0.0,0.0,-0.003778544926641536
2017-03-06,NO_VIEW_ZERO_OR_INVALID_RISK_KEEP_BUDGET,False,2017-03-01,2017-02-03,2016-03-04,242,,,,0.4331596204257006,0.42189126452228476,0.0,0.0,0.14494911505201472,0.005066922360508463,0.0,0.4331596204257006,0.003821629498984343,1.0,,,,0.0,0.0,0.004959915398002668
2017-03-07,NO_VIEW_ZERO_OR_INVALID_RISK_KEEP_BUDGET,False,2017-03-01,2017-02-03,2016-03-04,242,,,,0.4331596204257006,0.42189126452228476,0.0,0.0,0.14494911505201472,0.005066922360508463,0.0,0.4331596204257006,0.003821629498984343,1.0,,,,0.0,0.0,0.0014515988390380041
2017-03-08,NO_VIEW_ZERO_OR_INVALID_RISK_KEEP_BUDGET,False,2017-03-01,2017-02-03,2016-03-04,242,,,,0.4331596204257006,0.42189126452228476,0.0,0.0,0.14494911505201472,0.005066922360508463,0.0,0.4331596204257006,0.003821629498984343,1.0,,,,0.0,0.0,0.0011595958033083775
2017-03-09,NO_VIEW_ZERO_OR_INVALID_RISK_KEEP_BUDGET,False,2017-03-01,2017-02-03,2016-03-04,242,,,,0.0,0.42189126452228476,0.0,0.0,0.14494911505201472,0.005066922360508463,0.0,0.4331596204257006,0.003821629498984343,0.0,,,,0.0,0.0,-0.008976458412137345
2017-03-10,NO_VIEW_ZERO_OR_INVALID_RISK_KEEP_BUDGET,False,2017-03-01,2017-02-03,2016-03-04,242,,,,0.0,0.42189126452228476,0.0,0.0,0.14494911505201472,0.005066922360508463,0.0,0.4331596204257006,0.003821629498984343,0.0,,,,0.0,0.0,-0.001660434429131219
2017-03-13,NO_VIEW_ZERO_OR_INVALID_RISK_KEEP_BUDGET,False,2017-03-01,2017-02-03,2016-03-04,242,,,,0.0,0.42189126452228476,0.0,0.0,0.14494911505201472,0.005066922360508463,0.0,0.4331596204257006,0.003821629498984343,0.0,,,,0.0,0.0,0.0
2017-03-14,NO_VIEW_ZERO_OR_INVALID_RISK_KEEP_BUDGET,False,2017-03-01,2017-02-03,2016-03-04,242,,,,0.0,0.42189126452228476,0.0,0.0,0.14494911505201472,0.005066922360508463,0.0,0.4331596204257006,0.003821629498984343,0.0,,,,0.0,0.0,0.0
2017-03-15,NO_VIEW_ZERO_OR_INVALID_RISK_KEEP_BUDGET,False,2017-03-01,2017-02-03,2016-03-04,242,,,,0.0,0.42189126452228476,0.0,0.0,0.14494911505201472,0.005066922360508463,0.0,0.4331596204257006,0.003821629498984343,0.0,,,,0.0,0.0,0.0
2017-03-16,NO_VIEW_ZERO_OR_INVALID_RISK_KEEP_BUDGET,False,2017-03-01,2017-02-03,2016-03-04,242,,,,0.0,0.42189126452228476,0.0,0.0,0.14494911505201472,0.005066922360508463,0.0,0.4331596204257006,0.003821629498984343,0.0,,,,0.0,0.0,0.0
2017-03-17,NO_VIEW_ZERO_OR_INVALID_RISK_KEEP_BUDGET,False,2017-03-01,2017-02-03,2016-03-04,242,,,,0.0,0.42189126452228476,0.0,0.0,0.14494911505201472,0.005066922360508463,0.0,0.4331596204257006,0.003821629498984343,0.0,,,,0.0,0.0,0.0
2017-03-20,NO_VIEW_ZERO_OR_INVALID_RISK_KEEP_BUDGET,False,2017-03-01,2017-02-03,2016-03-04,242,,,,0.0,0.42189126452228476,0.0,0.0,0.14494911505201472,0.005066922360508463,0.0,0.4331596204257006,0.003821629498984343,0.0,,,,0.0,0.0,0.0
2017-03-21,NO_VIEW_ZERO_OR_INVALID_RISK_KEEP_BUDGET,False,2017-03-01,2017-02-03,2016-03-04,242,,,,0.0,0.42189126452228476,0.0,0.0,0.14494911505201472,0.005066922360508463,0.0,0.4331596204257006,0.003821629498984343,0.0,,,,0.0,0.0,0.0
2017-03-22,NO_VIEW_ZERO_OR_INVALID_RISK_KEEP_BUDGET,False,2017-03-01,2017-02-03,2016-03-04,242,,,,0.0,0.42189126452228476,0.0,0.0,0.14494911505201472,0.005066922360508463,0.0,0.4331596204257006,0.003821629498984343,0.0,,,,0.0,0.0,0.0
2017-03-23,NO_VIEW_ZERO_OR_INVALID_RISK_KEEP_BUDGET,False,2017-03-01,2017-02-03,2016-03-04,242,,,,0.0,0.42189126452228476,0.0,0.0,0.14494911505201472,0.005066922360508463,0.0,0.4331596204257006,0.003821629498984343,0.0,,,,0.0,0.0,0.0
2017-03-24,NO_VIEW_ZERO_OR_INVALID_RISK_KEEP_BUDGET,False,2017-03-01,2017-02-03,2016-03-04,242,,,,0.4331596204257006,0.42189126452228476,0.0,0.0,0.14494911505201472,0.005066922360508463,0.0,0.4331596204257006,0.003821629498984343,1.0,,,,0.0,0.0,0.0
2017-03-27,NO_VIEW_ZERO_OR_INVALID_RISK_KEEP_BUDGET,False,2017-03-01,2017-02-03,2016-03-04,242,,,,0.4331596204257006,0.42189126452228476,0.0,0.0,0.14494911505201472,0.005066922360508463,0.0,0.4331596204257006,0.003821629498984343,1.0,,,,0.0,0.0,-0.005062425406768489
2017-03-28,NO_VIEW_ZERO_OR_INVALID_RISK_KEEP_BUDGET,False,2017-03-01,2017-02-03,2016-03-04,242,,,,0.4331596204257006,0.42189126452228476,0.0,0.0,0.14494911505201472,0.005066922360508463,0.0,0.4331596204257006,0.003821629498984343,1.0,,,,0.0,0.0,-0.0014374862863213433
2017-03-29,NO_VIEW_ZERO_OR_INVALID_RISK_KEEP_BUDGET,False,2017-03-01,2017-02-03,2016-03-04,242,,,,0.4331596204257006,0.42189126452228476,0.0,0.0,0.14494911505201472,0.005066922360508463,0.0,0.4331596204257006,0.003821629498984343,1.0,,,,0.0,0.0,-0.002015377878912483
2017-03-30,NO_VIEW_ZERO_OR_INVALID_RISK_KEEP_BUDGET,False,2017-03-01,2017-02-03,2016-03-04,242,,,,0.0,0.42189126452228476,0.0,0.0,0.14494911505201472,0.005066922360508463,0.0,0.4331596204257006,0.003821629498984343,0.0,,,,0.0,0.0,-0.00952025405286483
2017-03-31,NO_VIEW_ZERO_OR_INVALID_RISK_KEEP_BUDGET,False,2017-03-01,2017-02-03,2016-03-04,242,,,,0.0,0.42189126452228476,0.0,0.0,0.14494911505201472,0.005066922360508463,0.0,0.4331596204257006,0.003821629498984343,0.0,,,,0.0,0.0,-0.0007821642886041147
2017-04-05,NO_VIEW_ZERO_OR_INVALID_RISK_KEEP_BUDGET,True,2017-04-05,2017-02-03,2016-04-07,242,,,,0.0,0.42189126452228476,0.0,0.0,0.14494911505201472,0.005066922360508461,0.0,0.4331596204257006,0.003967193846448152,0.0,,,,0.0,0.0,0.0
2017-04-06,NO_VIEW_ZERO_OR_INVALID_RISK_KEEP_BUDGET,False,2017-04-05,2017-02-03,2016-04-07,242,,,,0.0,0.42189126452228476,0.0,0.0,0.14494911505201472,0.005066922360508461,0.0,0.4331596204257006,0.003967193846448152,0.0,,,,0.0,0.0,0.0
2017-04-07,NO_VIEW_ZERO_OR_INVALID_RISK_KEEP_BUDGET,False,2017-04-05,2017-02-03,2016-04-07,242,,,,0.0,0.42189126452228476,0.0,0.0,0.14494911505201472,0.005066922360508461,0.0,0.4331596204257006,0.003967193846448152,0.0,,,,0.0,0.0,0.0
2017-04-10,NO_VIEW_ZERO_OR_INVALID_RISK_KEEP_BUDGET,False,2017-04-05,2017-02-03,2016-04-07,242,,,,0.0,0.42189126452228476,0.0,0.0,0.14494911505201472,0.005066922360508461,0.0,0.4331596204257006,0.003967193846448152,0.0,,,,0.0,0.0,0.0
2017-04-11,NO_VIEW_ZERO_OR_INVALID_RISK_KEEP_BUDGET,False,2017-04-05,2017-02-03,2016-04-07,242,,,,0.0,0.42189126452228476,0.0,0.0,0.14494911505201472,0.005066922360508461,0.0,0.4331596204257006,0.003967193846448152,0.0,,,,0.0,0.0,0.0
2017-04-12,NO_VIEW_ZERO_OR_INVALID_RISK_KEEP_BUDGET,False,2017-04-05,2017-02-03,2016-04-07,242,,,,0.0,0.42189126452228476,0.0,0.0,0.14494911505201472,0.005066922360508461,0.0,0.4331596204257006,0.003967193846448152,0.0,,,,0.0,0.0,0.0
2017-04-13,NO_VIEW_ZERO_OR_INVALID_RISK_KEEP_BUDGET,False,2017-04-05,2017-02-03,2016-04-07,242,,,,0.0,0.42189126452228476,0.0,0.0,0.14494911505201472,0.005066922360508461,0.0,0.4331596204257006,0.003967193846448152,0.0,,,,0.0,0.0,0.0
2017-04-14,NO_VIEW_ZERO_OR_INVALID_RISK_KEEP_BUDGET,False,2017-04-05,2017-02-03,2016-04-07,242,,,,0.0,0.42189126452228476,0.0,0.0,0.14494911505201472,0.005066922360508461,0.0,0.4331596204257006,0.003967193846448152,0.0,,,,0.0,0.0,0.0
2017-04-17,NO_VIEW_ZERO_OR_INVALID_RISK_KEEP_BUDGET,False,2017-04-05,2017-02-03,2016-04-07,242,,,,0.0,0.42189126452228476,0.0,0.0,0.14494911505201472,0.005066922360508461,0.0,0.4331596204257006,0.003967193846448152,0.0,,,,0.0,0.0,0.0
2017-04-18,NO_VIEW_ZERO_OR_INVALID_RISK_KEEP_BUDGET,False,2017-04-05,2017-02-03,2016-04-07,242,,,,0.0,0.42189126452228476,0.0,0.0,0.14494911505201472,0.005066922360508461,0.0,0.4331596204257006,0.003967193846448152,0.0,,,,0.0,0.0,0.0
2017-04-19,NO_VIEW_ZERO_OR_INVALID_RISK_KEEP_BUDGET,False,2017-04-05,2017-02-03,2016-04-07,242,,,,0.0,0.42189126452228476,0.0,0.0,0.14494911505201472,0.005066922360508461,0.0,0.4331596204257006,0.003967193846448152,0.0,,,,0.0,0.0,0.0
2017-04-20,NO_VIEW_ZERO_OR_INVALID_RISK_KEEP_BUDGET,False,2017-04-05,2017-02-03,2016-04-07,242,,,,0.0,0.42189126452228476,0.0,0.0,0.14494911505201472,0.005066922360508461,0.0,0.4331596204257006,0.003967193846448152,0.0,,,,0.0,0.0,0.0
2017-04-21,NO_VIEW_ZERO_OR_INVALID_RISK_KEEP_BUDGET,False,2017-04-05,2017-02-03,2016-04-07,242,,,,0.0,0.42189126452228476,0.0,0.0,0.14494911505201472,0.005066922360508461,0.0,0.4331596204257006,0.003967193846448152,0.0,,,,0.0,0.0,0.0
2017-04-24,NO_VIEW_ZERO_OR_INVALID_RISK_KEEP_BUDGET,False,2017-04-05,2017-02-03,2016-04-07,242,,,,0.0,0.42189126452228476,0.0,0.0,0.14494911505201472,0.005066922360508461,0.0,0.4331596204257006,0.003967193846448152,0.0,,,,0.0,0.0,0.0
2017-04-25,NO_VIEW_ZERO_OR_INVALID_RISK_KEEP_BUDGET,False,2017-04-05,2017-02-03,2016-04-07,242,,,,0.0,0.42189126452228476,0.0,0.0,0.14494911505201472,0.005066922360508461,0.0,0.4331596204257006,0.003967193846448152,0.0,,,,0.0,0.0,0.0
2017-04-26,NO_VIEW_ZERO_OR_INVALID_RISK_KEEP_BUDGET,False,2017-04-05,2017-02-03,2016-04-07,242,,,,0.0,0.42189126452228476,0.0,0.0,0.14494911505201472,0.005066922360508461,0.0,0.4331596204257006,0.003967193846448152,0.0,,,,0.0,0.0,0.0
2017-04-27,NO_VIEW_ZERO_OR_INVALID_RISK_KEEP_BUDGET,False,2017-04-05,2017-02-03,2016-04-07,242,,,,0.0,0.42189126452228476,0.0,0.0,0.14494911505201472,0.005066922360508461,0.0,0.4331596204257006,0.003967193846448152,0.0,,,,0.0,0.0,0.0
2017-04-28,NO_VIEW_ZERO_OR_INVALID_RISK_KEEP_BUDGET,False,2017-04-05,2017-02-03,2016-04-07,242,,,,0.0,0.42189126452228476,0.0,0.0,0.14494911505201472,0.005066922360508461,0.0,0.4331596204257006,0.003967193846448152,0.0,,,,0.0,0.0,0.0
2017-05-02,NO_VIEW_ZERO_OR_INVALID_RISK_KEEP_BUDGET,True,2017-05-02,2017-02-03,2016-05-04,242,,,,0.0,0.42189126452228476,0.0,0.0,0.14494911505201472,0.004950003247839598,0.0,0.4331596204257006,0.003967193846448153,0.0,,,,0.0,0.0,0.0
2017-05-03,NO_VIEW_ZERO_OR_INVALID_RISK_KEEP_BUDGET,False,2017-05-02,2017-02-03,2016-05-04,242,,,,0.0,0.42189126452228476,0.0,0.0,0.14494911505201472,0.004950003247839598,0.0,0.4331596204257006,0.003967193846448153,0.0,,,,0.0,0.0,0.0
2017-05-04,NO_VIEW_ZERO_OR_INVALID_RISK_KEEP_BUDGET,False,2017-05-02,2017-02-03,2016-05-04,242,,,,0.0,0.42189126452228476,0.0,0.0,0.14494911505201472,0.004950003247839598,0.0,0.4331596204257006,0.003967193846448153,0.0,,,,0.0,0.0,0.0
2017-05-05,NO_VIEW_ZERO_OR_INVALID_RISK_KEEP_BUDGET,False,2017-05-02,2017-02-03,2016-05-04,242,,,,0.0,0.42189126452228476,0.0,0.0,0.14494911505201472,0.004950003247839598,0.0,0.4331596204257006,0.003967193846448153,0.0,,,,0.0,0.0,0.0
2017-05-08,NO_VIEW_ZERO_OR_INVALID_RISK_KEEP_BUDGET,False,2017-05-02,2017-02-03,2016-05-04,242,,,,0.0,0.42189126452228476,0.0,0.0,0.14494911505201472,0.004950003247839598,0.0,0.4331596204257006,0.003967193846448153,0.0,,,,0.0,0.0,0.0
2017-05-09,NO_VIEW_ZERO_OR_INVALID_RISK_KEEP_BUDGET,False,2017-05-02,2017-02-03,2016-05-04,242,,,,0.0,0.42189126452228476,0.0,0.0,0.14494911505201472,0.004950003247839598,0.0,0.4331596204257006,0.003967193846448153,0.0,,,,0.0,0.0,0.0
2017-05-10,NO_VIEW_ZERO_OR_INVALID_RISK_KEEP_BUDGET,False,2017-05-02,2017-02-03,2016-05-04,242,,,,0.0,0.42189126452228476,0.0,0.0,0.14494911505201472,0.004950003247839598,0.0,0.4331596204257006,0.003967193846448153,0.0,,,,0.0,0.0,0.0
2017-05-11,NO_VIEW_ZERO_OR_INVALID_RISK_KEEP_BUDGET,False,2017-05-02,2017-02-03,2016-05-04,242,,,,0.0,0.42189126452228476,0.0,0.0,0.14494911505201472,0.004950003247839598,0.0,0.4331596204257006,0.003967193846448153,0.0,,,,0.0,0.0,0.0
2017-05-12,NO_VIEW_ZERO_OR_INVALID_RISK_KEEP_BUDGET,False,2017-05-02,2017-02-03,2016-05-04,242,,,,0.0,0.42189126452228476,0.0,0.0,0.14494911505201472,0.004950003247839598,0.0,0.4331596204257006,0.003967193846448153,0.0,,,,0.0,0.0,0.0
2017-05-15,NO_VIEW_ZERO_OR_INVALID_RISK_KEEP_BUDGET,False,2017-05-02,2017-02-03,2016-05-04,242,,,,0.0,0.42189126452228476,0.0,0.0,0.14494911505201472,0.004950003247839598,0.0,0.4331596204257006,0.003967193846448153,0.0,,,,0.0,0.0,0.0
2017-05-16,NO_VIEW_ZERO_OR_INVALID_RISK_KEEP_BUDGET,False,2017-05-02,2017-02-03,2016-05-04,242,,,,0.0,0.42189126452228476,0.0,0.0,0.14494911505201472,0.004950003247839598,0.0,0.4331596204257006,0.003967193846448153,0.0,,,,0.0,0.0,0.0
2017-05-17,NO_VIEW_ZERO_OR_INVALID_RISK_KEEP_BUDGET,False,2017-05-02,2017-02-03,2016-05-04,242,,,,0.14494911505201472,0.42189126452228476,0.0,0.0,0.14494911505201472,0.004950003247839598,1.0,0.4331596204257006,0.003967193846448153,0.0,,,,0.0,0.0,0.0
2017-05-18,NO_VIEW_ZERO_OR_INVALID_RISK_KEEP_BUDGET,False,2017-05-02,2017-02-03,2016-05-04,242,,,,0.14494911505201472,0.42189126452228476,0.0,0.0,0.14494911505201472,0.004950003247839598,1.0,0.4331596204257006,0.003967193846448153,0.0,,,,0.0,-0.0016634484425482876,0.0
2017-05-19,NO_VIEW_ZERO_OR_INVALID_RISK_KEEP_BUDGET,False,2017-05-02,2017-02-03,2016-05-04,242,,,,0.14494911505201472,0.42189126452228476,0.0,0.0,0.14494911505201472,0.004950003247839598,1.0,0.4331596204257006,0.003967193846448153,0.0,,,,0.0,0.0017600296966320261,0.0
2017-05-22,NO_VIEW_ZERO_OR_INVALID_RISK_KEEP_BUDGET,False,2017-05-02,2017-02-03,2016-05-04,242,,,,0.14494911505201472,0.42189126452228476,0.0,0.0,0.14494911505201472,0.004950003247839598,1.0,0.4331596204257006,0.003967193846448153,0.0,,,,0.0,0.0008784687172860295,0.0
2017-05-23,NO_VIEW_ZERO_OR_INVALID_RISK_KEEP_BUDGET,False,2017-05-02,2017-02-03,2016-05-04,242,,,,0.14494911505201472,0.42189126452228476,0.0,0.0,0.14494911505201472,0.004950003247839598,1.0,0.4331596204257006,0.003967193846448153,0.0,,,,0.0,0.004388488436622318,0.0
2017-05-24,NO_VIEW_ZERO_OR_INVALID_RISK_KEEP_BUDGET,False,2017-05-02,2017-02-03,2016-05-04,242,,,,0.14494911505201472,0.42189126452228476,0.0,0.0,0.14494911505201472,0.004950003247839598,1.0,0.4331596204257006,0.003967193846448153,0.0,,,,0.0,0.0,0.0
2017-05-25,NO_VIEW_ZERO_OR_INVALID_RISK_KEEP_BUDGET,False,2017-05-02,2017-02-03,2016-05-04,242,,,,0.5781087354777154,0.42189126452228476,0.0,0.0,0.14494911505201472,0.004950003247839598,1.0,0.4331596204257006,0.003967193846448153,1.0,,,,0.0,0.021263993601525533,0.0
2017-05-26,NO_VIEW_ZERO_OR_INVALID_RISK_KEEP_BUDGET,False,2017-05-02,2017-02-03,2016-05-04,242,,,,0.5781087354777154,0.42189126452228476,0.0,0.0,0.14494911505201472,0.004950003247839598,1.0,0.4331596204257006,0.003967193846448153,1.0,,,,0.0,-0.001711335670742553,-0.000770767403829864
2017-05-31,NO_VIEW_ZERO_OR_INVALID_RISK_KEEP_BUDGET,False,2017-05-02,2017-02-03,2016-05-04,242,,,,0.5781087354777154,0.42189126452228476,0.0,0.0,0.14494911505201472,0.004950003247839598,1.0,0.4331596204257006,0.003967193846448153,1.0,,,,0.0,0.0005714231203497455,0.0005718451660412516
2017-06-01,NO_VIEW_ZERO_OR_INVALID_RISK_KEEP_BUDGET,True,2017-06-01,2017-02-03,2016-06-01,242,,,,0.5781087354777154,0.42189126452228476,0.0,0.0,0.14494911505201472,0.004083162746154208,1.0,0.4331596204257006,0.003970061636427922,1.0,,,,0.0,0.002284387129777299,0.0022860733841516545
2017-06-02,NO_VIEW_ZERO_OR_INVALID_RISK_KEEP_BUDGET,False,2017-06-01,2017-02-03,2016-06-01,242,,,,0.5781087354777154,0.42189126452228476,0.0,0.0,0.14494911505201472,0.004083162746154208,1.0,0.4331596204257006,0.003970061636427922,1.0,,,,0.0,-0.0025640781738195395,-0.0025659665692917555
2017-06-05,NO_VIEW_ZERO_OR_INVALID_RISK_KEEP_BUDGET,False,2017-06-01,2017-02-03,2016-06-01,242,,,,0.5781087354777154,0.42189126452228476,0.0,0.0,0.14494911505201472,0.004083162746154208,1.0,0.4331596204257006,0.003970061636427922,1.0,,,,0.0,-0.006569488905097898,-0.006574339657299366
2017-06-06,NO_VIEW_ZERO_OR_INVALID_RISK_KEEP_BUDGET,False,2017-06-01,2017-02-03,2016-06-01,242,,,,0.5781087354777154,0.42189126452228476,0.0,0.0,0.14494911505201472,0.004083162746154208,1.0,0.4331596204257006,0.003970061636427922,1.0,,,,0.0,0.007763007707686009,0.007768777659012516
2017-06-07,NO_VIEW_ZERO_OR_INVALID_RISK_KEEP_BUDGET,False,2017-06-01,2017-02-03,2016-06-01,242,,,,0.5781087354777154,0.42189126452228476,0.0,0.0,0.14494911505201472,0.004083162746154208,1.0,0.4331596204257006,0.003970061636427922,1.0,,,,0.0,0.01369459137305884,0.013704691580911588
2017-06-08,NO_VIEW_ZERO_OR_INVALID_RISK_KEEP_BUDGET,False,2017-06-01,2017-02-03,2016-06-01,242,,,,0.5781087354777154,0.42189126452228476,0.0,0.0,0.14494911505201472,0.004083162746154208,1.0,0.4331596204257006,0.003970061636427922,1.0,,,,0.0,0.007036241225088391,0.00704136052409865
2017-06-09,NO_VIEW_ZERO_OR_INVALID_RISK_KEEP_BUDGET,False,2017-06-01,2017-02-03,2016-06-01,242,,,,0.5781087354777154,0.42189126452228476,0.0,0.0,0.14494911505201472,0.004083162746154208,1.0,0.4331596204257006,0.003970061636427922,1.0,,,,0.0,0.006148629040942044,0.006153071268077959
2017-06-12,NO_VIEW_ZERO_OR_INVALID_RISK_KEEP_BUDGET,False,2017-06-01,2017-02-03,2016-06-01,242,,,,0.5781087354777154,0.42189126452228476,0.0,0.0,0.14494911505201472,0.004083162746154208,1.0,0.4331596204257006,0.003970061636427922,1.0,,,,0.0,-0.0019444264108745557,-0.001945822618234394
2017-06-13,NO_VIEW_ZERO_OR_INVALID_RISK_KEEP_BUDGET,False,2017-06-01,2017-02-03,2016-06-01,242,,,,0.5781087354777154,0.42189126452228476,0.0,0.0,0.14494911505201472,0.004083162746154208,1.0,0.4331596204257006,0.003970061636427922,1.0,,,,0.0,0.0019482145707399035,0.001949616225582984
2017-06-14,NO_VIEW_ZERO_OR_INVALID_RISK_KEEP_BUDGET,False,2017-06-01,2017-02-03,2016-06-01,242,,,,0.5781087354777154,0.42189126452228476,0.0,0.0,0.14494911505201472,0.004083162746154208,1.0,0.4331596204257006,0.003970061636427922,1.0,,,,0.0,-0.009999907255926588,-0.010007087750919075
2017-06-15,NO_VIEW_ZERO_OR_INVALID_RISK_KEEP_BUDGET,False,2017-06-01,2017-02-03,2016-06-01,242,,,,0.5781087354777154,0.42189126452228476,0.0,0.0,0.14494911505201472,0.004083162746154208,1.0,0.4331596204257006,0.003970061636427922,1.0,,,,0.0,-0.003366971824621756,-0.003369413937918897
2017-06-16,NO_VIEW_ZERO_OR_INVALID_RISK_KEEP_BUDGET,False,2017-06-01,2017-02-03,2016-06-01,242,,,,0.5781087354777154,0.42189126452228476,0.0,0.0,0.14494911505201472,0.004083162746154208,1.0,0.4331596204257006,0.003970061636427922,1.0,,,,0.0,-0.0016891733112567309,-0.0016904026351591828
2017-06-19,NO_VIEW_ZERO_OR_INVALID_RISK_KEEP_BUDGET,False,2017-06-01,2017-02-03,2016-06-01,242,,,,0.5781087354777154,0.42189126452228476,0.0,0.0,0.14494911505201472,0.004083162746154208,1.0,0.4331596204257006,0.003970061636427922,1.0,,,,0.0,0.011280209637443361,0.011288432897777811
2017-06-20,NO_VIEW_ZERO_OR_INVALID_RISK_KEEP_BUDGET,False,2017-06-01,2017-02-03,2016-06-01,242,,,,0.5781087354777154,0.42189126452228476,0.0,0.0,0.14494911505201472,0.004083162746154208,1.0,0.4331596204257006,0.003970061636427922,1.0,,,,0.0,-0.003067456102408106,-0.0030696673134030794
2017-06-21,NO_VIEW_ZERO_OR_INVALID_RISK_KEEP_BUDGET,False,2017-06-01,2017-02-03,2016-06-01,242,,,,0.5781087354777154,0.42189126452228476,0.0,0.0,0.14494911505201472,0.004083162746154208,1.0,0.4331596204257006,0.003970061636427922,1.0,,,,0.0,0.012587295030259238,0.012596396665577991
2017-06-22,NO_VIEW_ZERO_OR_INVALID_RISK_KEEP_BUDGET,False,2017-06-01,2017-02-03,2016-06-01,242,,,,0.5781087354777154,0.42189126452228476,0.0,0.0,0.14494911505201472,0.004083162746154208,1.0,0.4331596204257006,0.003970061636427922,1.0,,,,0.0,0.0011049621843448598,0.0011057512225935984
2017-06-23,NO_VIEW_ZERO_OR_INVALID_RISK_KEEP_BUDGET,False,2017-06-01,2017-02-03,2016-06-01,242,,,,0.5781087354777154,0.42189126452228476,0.0,0.0,0.14494911505201472,0.004083162746154208,1.0,0.4331596204257006,0.003970061636427922,1.0,,,,0.0,0.009657747667058514,0.00966463651405336
2017-06-26,NO_VIEW_ZERO_OR_INVALID_RISK_KEEP_BUDGET,False,2017-06-01,2017-02-03,2016-06-01,242,,,,0.5781087354777154,0.42189126452228476,0.0,0.0,0.14494911505201472,0.004083162746154208,1.0,0.4331596204257006,0.003970061636427922,1.0,,,,0.0,0.012298329975729105,0.01230701837320547
2017-06-27,NO_VIEW_ZERO_OR_INVALID_RISK_KEEP_BUDGET,False,2017-06-01,2017-02-03,2016-06-01,242,,,,0.5781087354777154,0.42189126452228476,0.0,0.0,0.14494911505201472,0.004083162746154208,1.0,0.4331596204257006,0.003970061636427922,1.0,,,,0.0,0.0005399519362823124,0.0005403287584075933
2017-06-28,NO_VIEW_ZERO_OR_INVALID_RISK_KEEP_BUDGET,False,2017-06-01,2017-02-03,2016-06-01,242,,,,0.5781087354777154,0.42189126452228476,0.0,0.0,0.14494911505201472,0.004083162746154208,1.0,0.4331596204257006,0.003970061636427922,1.0,,,,0.0,-0.006745756819072746,-0.006750462011335223
2017-06-29,NO_VIEW_ZERO_OR_INVALID_RISK_KEEP_BUDGET,False,2017-06-01,2017-02-03,2016-06-01,242,,,,0.5781087354777154,0.42189126452228476,0.0,0.0,0.14494911505201472,0.004083162746154208,1.0,0.4331596204257006,0.003970061636427922,1.0,,,,0.0,0.005976582573433475,0.005980779595432084
2017-06-30,NO_VIEW_ZERO_OR_INVALID_RISK_KEEP_BUDGET,False,2017-06-01,2017-02-03,2016-06-01,242,,,,0.5781087354777154,0.42189126452228476,0.0,0.0,0.14494911505201472,0.004083162746154208,1.0,0.4331596204257006,0.003970061636427922,1.0,,,,0.0,-0.0016202932490855249,-0.0016214243263186212
2017-07-03,NO_VIEW_ZERO_OR_INVALID_RISK_KEEP_BUDGET,True,2017-07-03,2017-02-03,2016-07-05,242,,,,0.5781087354777154,0.42189126452228476,0.0,0.0,0.14494911505201472,0.0035160760876733676,1.0,0.4331596204257006,0.004520679307594573,1.0,,,,0.0,-0.004327794293438436,-0.00433082030090548
2017-07-04,NO_VIEW_ZERO_OR_INVALID_RISK_KEEP_BUDGET,False,2017-07-03,2017-02-03,2016-07-05,242,,,,0.5781087354777154,0.42189126452228476,0.0,0.0,0.14494911505201472,0.0035160760876733676,1.0,0.4331596204257006,0.004520679307594573,1.0,,,,0.0,-0.008149885327409234,-0.0081556085392257
2017-07-05,NO_VIEW_ZERO_OR_INVALID_RISK_KEEP_BUDGET,False,2017-07-03,2017-02-03,2016-07-05,242,,,,0.5781087354777154,0.42189126452228476,0.0,0.0,0.14494911505201472,0.0035160760876733676,1.0,0.4331596204257006,0.004520679307594573,1.0,,,,0.0,0.012873067705217345,0.012882182078953752
2017-07-06,NO_VIEW_ZERO_OR_INVALID_RISK_KEEP_BUDGET,False,2017-07-03,2017-02-03,2016-07-05,242,,,,0.5781087354777154,0.42189126452228476,0.0,0.0,0.14494911505201472,0.0035160760876733676,1.0,0.4331596204257006,0.004520679307594573,1.0,,,,0.0,-0.0008112419994886766,-0.0008118090689700486
2017-07-07,NO_VIEW_ZERO_OR_INVALID_RISK_KEEP_BUDGET,False,2017-07-03,2017-02-03,2016-07-05,242,,,,0.5781087354777154,0.42189126452228476,0.0,0.0,0.14494911505201472,0.0035160760876733676,1.0,0.4331596204257006,0.004520679307594573,1.0,,,,0.0,-0.0005412670982621881,-0.0005416457589192403
2017-07-10,NO_VIEW_ZERO_OR_INVALID_RISK_KEEP_BUDGET,False,2017-07-03,2017-02-03,2016-07-05,242,,,,0.5781087354777154,0.42189126452228476,0.0,0.0,0.14494911505201472,0.0035160760876733676,1.0,0.4331596204257006,0.004520679307594573,1.0,,,,0.0,0.0010831204539896166,0.0010838785960833874
2017-07-11,NO_VIEW_ZERO_OR_INVALID_RISK_KEEP_BUDGET,False,2017-07-03,2017-02-03,2016-07-05,242,,,,0.5781087354777154,0.42189126452228476,0.0,0.0,0.14494911505201472,0.0035160760876733676,1.0,0.4331596204257006,0.004520679307594573,1.0,,,,0.0,0.00811461430019711,0.008120288064197512
2017-07-12,NO_VIEW_ZERO_OR_INVALID_RISK_KEEP_BUDGET,False,2017-07-03,2017-02-03,2016-07-05,242,,,,0.5781087354777154,0.42189126452228476,0.0,0.0,0.14494911505201472,0.0035160760876733676,1.0,0.4331596204257006,0.004520679307594573,1.0,,,,0.0,-0.005902818061623627,-0.005906912086036331
2017-07-13,NO_VIEW_ZERO_OR_INVALID_RISK_KEEP_BUDGET,False,2017-07-03,2017-02-03,2016-07-05,242,,,,0.5781087354777154,0.42189126452228476,0.0,0.0,0.14494911505201472,0.0035160760876733676,1.0,0.4331596204257006,0.004520679307594573,1.0,,,,0.0,0.010256317830028117,0.010263473584771088
2017-07-14,NO_VIEW_ZERO_OR_INVALID_RISK_KEEP_BUDGET,False,2017-07-03,2017-02-03,2016-07-05,242,,,,0.5781087354777154,0.42189126452228476,0.0,0.0,0.14494911505201472,0.0035160760876733676,1.0,0.4331596204257006,0.004520679307594573,1.0,,,,0.0,0.006679074805737262,0.006683687404018812
2017-07-17,NO_VIEW_ZERO_OR_INVALID_RISK_KEEP_BUDGET,False,2017-07-03,2017-02-03,2016-07-05,242,,,,0.5781087354777154,0.42189126452228476,0.0,0.0,0.14494911505201472,0.0035160760876733676,1.0,0.4331596204257006,0.004520679307594573,1.0,,,,0.0,-0.013534911914537595,-0.013544197124479962
2017-07-18,NO_VIEW_ZERO_OR_INVALID_RISK_KEEP_BUDGET,False,2017-07-03,2017-02-03,2016-07-05,242,,,,0.5781087354777154,0.42189126452228476,0.0,0.0,0.14494911505201472,0.0035160760876733676,1.0,0.4331596204257006,0.004520679307594573,1.0,,,,0.0,0.0005380635014906598,0.0005384376915067435
2017-07-19,NO_VIEW_ZERO_OR_INVALID_RISK_KEEP_BUDGET,False,2017-07-03,2017-02-03,2016-07-05,242,,,,0.5781087354777154,0.42189126452228476,0.0,0.0,0.14494911505201472,0.0035160760876733676,1.0,0.4331596204257006,0.004520679307594573,1.0,,,,0.0,0.020704304576776744,0.020718695396489295
2017-07-20,NO_VIEW_ZERO_OR_INVALID_RISK_KEEP_BUDGET,False,2017-07-03,2017-02-03,2016-07-05,242,,,,0.5781087354777154,0.42189126452228476,0.0,0.0,0.14494911505201472,0.0035160760876733676,1.0,0.4331596204257006,0.004520679307594573,1.0,,,,0.0,0.0047417918019547756,0.0047450207517809595
2017-07-21,NO_VIEW_ZERO_OR_INVALID_RISK_KEEP_BUDGET,False,2017-07-03,2017-02-03,2016-07-05,242,,,,0.5781087354777154,0.42189126452228476,0.0,0.0,0.14494911505201472,0.0035160760876733676,1.0,0.4331596204257006,0.004520679307594573,1.0,,,,0.0,-0.0049816029557847585,-0.004984979186083649
2017-07-24,NO_VIEW_ZERO_OR_INVALID_RISK_KEEP_BUDGET,False,2017-07-03,2017-02-03,2016-07-05,242,,,,0.5781087354777154,0.42189126452228476,0.0,0.0,0.14494911505201472,0.0035160760876733676,1.0,0.4331596204257006,0.004520679307594573,1.0,,,,0.0,0.005006543568021549,0.005009953701006431
2017-07-25,NO_VIEW_ZERO_OR_INVALID_RISK_KEEP_BUDGET,False,2017-07-03,2017-02-03,2016-07-05,242,,,,0.5781087354777154,0.42189126452228476,0.0,0.0,0.14494911505201472,0.0035160760876733676,1.0,0.4331596204257006,0.004520679307594573,1.0,,,,0.0,-0.007603499248303169,-0.007608652441917219
2017-07-26,NO_VIEW_ZERO_OR_INVALID_RISK_KEEP_BUDGET,False,2017-07-03,2017-02-03,2016-07-05,242,,,,0.5781087354777154,0.42189126452228476,0.0,0.0,0.14494911505201472,0.0035160760876733676,1.0,0.4331596204257006,0.004520679307594573,1.0,,,,0.0,-0.005548167703249618,-0.005551956746507103
2017-07-27,NO_VIEW_ZERO_OR_INVALID_RISK_KEEP_BUDGET,False,2017-07-03,2017-02-03,2016-07-05,242,,,,0.5781087354777154,0.42189126452228476,0.0,0.0,0.14494911505201472,0.0035160760876733676,1.0,0.4331596204257006,0.004520679307594573,1.0,,,,0.0,0.0029223970314806724,0.0029244039840277125
2017-07-28,NO_VIEW_ZERO_OR_INVALID_RISK_KEEP_BUDGET,False,2017-07-03,2017-02-03,2016-07-05,242,,,,0.5781087354777154,0.42189126452228476,0.0,0.0,0.14494911505201472,0.0035160760876733676,1.0,0.4331596204257006,0.004520679307594573,1.0,,,,0.0,0.0037085764708333357,0.003711115904806883
2017-07-31,NO_VIEW_ZERO_OR_INVALID_RISK_KEEP_BUDGET,False,2017-07-03,2017-02-03,2016-07-05,242,,,,0.5781087354777154,0.42189126452228476,0.0,0.0,0.14494911505201472,0.0035160760876733676,1.0,0.4331596204257006,0.004520679307594573,1.0,,,,0.0,0.003694873748985028,0.0036973944454741225
2017-08-01,NO_VIEW_ZERO_OR_INVALID_RISK_KEEP_BUDGET,True,2017-08-01,2017-02-03,2016-08-03,242,,,,0.5781087354777154,0.42189126452228476,0.0,0.0,0.14494911505201472,0.0034905176130005347,1.0,0.4331596204257006,0.004503040492021375,1.0,,,,0.0,0.007888439815772363,0.007893801599257566
2017-08-02,NO_VIEW_ZERO_OR_INVALID_RISK_KEEP_BUDGET,False,2017-08-01,2017-02-03,2016-08-03,242,,,,0.5781087354777154,0.42189126452228476,0.0,0.0,0.14494911505201472,0.0034905176130005347,1.0,0.4331596204257006,0.004503040492021375,1.0,,,,0.0,0.0,0.0
2017-08-03,NO_VIEW_ZERO_OR_INVALID_RISK_KEEP_BUDGET,False,2017-08-01,2017-02-03,2016-08-03,242,,,,0.5781087354777154,0.42189126452228476,0.0,0.0,0.14494911505201472,0.0034905176130005347,1.0,0.4331596204257006,0.004503040492021375,1.0,,,,0.0,-0.009913819200537133,-0.009920504861915203
2017-08-04,NO_VIEW_ZERO_OR_INVALID_RISK_KEEP_BUDGET,False,2017-08-01,2017-02-03,2016-08-03,242,,,,0.5781087354777154,0.42189126452228476,0.0,0.0,0.14494911505201472,0.0034905176130005347,1.0,0.4331596204257006,0.004503040492021375,1.0,,,,0.0,-0.0060605527402365356,-0.006064680795955124
2017-08-07,NO_VIEW_ZERO_OR_INVALID_RISK_KEEP_BUDGET,False,2017-08-01,2017-02-03,2016-08-03,242,,,,0.5781087354777154,0.42189126452228476,0.0,0.0,0.14494911505201472,0.0034905176130005347,1.0,0.4331596204257006,0.004503040492021375,1.0,,,,0.0,0.006097507003012259,0.0061016855712621165
2017-08-08,NO_VIEW_ZERO_OR_INVALID_RISK_KEEP_BUDGET,False,2017-08-01,2017-02-03,2016-08-03,242,,,,0.5781087354777154,0.42189126452228476,0.0,0.0,0.14494911505201472,0.0034905176130005347,1.0,0.4331596204257006,0.004503040492021375,1.0,,,,0.0,0.00026350229305371897,0.0002636817737371455
2017-08-09,NO_VIEW_ZERO_OR_INVALID_RISK_KEEP_BUDGET,False,2017-08-01,2017-02-03,2016-08-03,242,,,,0.5781087354777154,0.42189126452228476,0.0,0.0,0.14494911505201472,0.0034905176130005347,1.0,0.4331596204257006,0.004503040492021375,1.0,,,,0.0,-0.0007902986336590923,-0.0007908367919635673
2017-08-10,NO_VIEW_ZERO_OR_INVALID_RISK_KEEP_BUDGET,False,2017-08-01,2017-02-03,2016-08-03,242,,,,0.5781087354777154,0.42189126452228476,0.0,0.0,0.14494911505201472,0.0034905176130005347,1.0,0.4331596204257006,0.004503040492021375,1.0,,,,0.0,-0.0021091298655419033,-0.0021105672261170216
2017-08-11,NO_VIEW_ZERO_OR_INVALID_RISK_KEEP_BUDGET,False,2017-08-01,2017-02-03,2016-08-03,242,,,,0.0,0.42189126452228476,0.0,0.0,0.14494911505201472,0.0034905176130005347,0.0,0.4331596204257006,0.004503040492021375,0.0,,,,0.0,-0.01902228926828431,-0.019035280273738464
2017-08-14,NO_VIEW_ZERO_OR_INVALID_RISK_KEEP_BUDGET,False,2017-08-01,2017-02-03,2016-08-03,242,,,,0.0,0.42189126452228476,0.0,0.0,0.14494911505201472,0.0034905176130005347,0.0,0.4331596204257006,0.004503040492021375,0.0,,,,0.0,-0.0004685656761236334,-0.00046889188597087905
2017-08-15,NO_VIEW_ZERO_OR_INVALID_RISK_KEEP_BUDGET,False,2017-08-01,2017-02-03,2016-08-03,242,,,,0.0,0.42189126452228476,0.0,0.0,0.14494911505201472,0.0034905176130005347,0.0,0.4331596204257006,0.004503040492021375,0.0,,,,0.0,0.0,0.0
2017-08-16,NO_VIEW_ZERO_OR_INVALID_RISK_KEEP_BUDGET,False,2017-08-01,2017-02-03,2016-08-03,242,,,,0.0,0.42189126452228476,0.0,0.0,0.14494911505201472,0.0034905176130005347,0.0,0.4331596204257006,0.004503040492021375,0.0,,,,0.0,0.0,0.0
2017-08-17,NO_VIEW_ZERO_OR_INVALID_RISK_KEEP_BUDGET,False,2017-08-01,2017-02-03,2016-08-03,242,,,,0.0,0.42189126452228476,0.0,0.0,0.14494911505201472,0.0034905176130005347,0.0,0.4331596204257006,0.004503040492021375,0.0,,,,0.0,0.0,0.0
2017-08-18,NO_VIEW_ZERO_OR_INVALID_RISK_KEEP_BUDGET,False,2017-08-01,2017-02-03,2016-08-03,242,,,,0.0,0.42189126452228476,0.0,0.0,0.14494911505201472,0.0034905176130005347,0.0,0.4331596204257006,0.004503040492021375,0.0,,,,0.0,0.0,0.0
2017-08-21,NO_VIEW_ZERO_OR_INVALID_RISK_KEEP_BUDGET,False,2017-08-01,2017-02-03,2016-08-03,242,,,,0.0,0.42189126452228476,0.0,0.0,0.14494911505201472,0.0034905176130005347,0.0,0.4331596204257006,0.004503040492021375,0.0,,,,0.0,0.0,0.0
2017-08-22,NO_VIEW_ZERO_OR_INVALID_RISK_KEEP_BUDGET,False,2017-08-01,2017-02-03,2016-08-03,242,,,,0.0,0.42189126452228476,0.0,0.0,0.14494911505201472,0.0034905176130005347,0.0,0.4331596204257006,0.004503040492021375,0.0,,,,0.0,0.0,0.0
2017-08-23,NO_VIEW_ZERO_OR_INVALID_RISK_KEEP_BUDGET,False,2017-08-01,2017-02-03,2016-08-03,242,,,,0.0,0.42189126452228476,0.0,0.0,0.14494911505201472,0.0034905176130005347,0.0,0.4331596204257006,0.004503040492021375,0.0,,,,0.0,0.0,0.0
2017-08-24,NO_VIEW_ZERO_OR_INVALID_RISK_KEEP_BUDGET,False,2017-08-01,2017-02-03,2016-08-03,242,,,,0.0,0.42189126452228476,0.0,0.0,0.14494911505201472,0.0034905176130005347,0.0,0.4331596204257006,0.004503040492021375,0.0,,,,0.0,0.0,0.0
2017-08-25,NO_VIEW_ZERO_OR_INVALID_RISK_KEEP_BUDGET,False,2017-08-01,2017-02-03,2016-08-03,242,,,,0.4331596204257006,0.42189126452228476,0.0,0.0,0.14494911505201472,0.0034905176130005347,0.0,0.4331596204257006,0.004503040492021375,1.0,,,,0.0,0.0,0.0
2017-08-28,NO_VIEW_ZERO_OR_INVALID_RISK_KEEP_BUDGET,False,2017-08-01,2017-02-03,2016-08-03,242,,,,0.4331596204257006,0.42189126452228476,0.0,0.0,0.14494911505201472,0.0034905176130005347,0.0,0.4331596204257006,0.004503040492021375,1.0,,,,0.0,0.0,0.00988954232759598
2017-08-29,NO_VIEW_ZERO_OR_INVALID_RISK_KEEP_BUDGET,False,2017-08-01,2017-02-03,2016-08-03,242,,,,0.4331596204257006,0.42189126452228476,0.0,0.0,0.14494911505201472,0.0034905176130005347,0.0,0.4331596204257006,0.004503040492021375,1.0,,,,0.0,0.0,-0.0020493673689434555
2017-08-30,NO_VIEW_ZERO_OR_INVALID_RISK_KEEP_BUDGET,False,2017-08-01,2017-02-03,2016-08-03,242,,,,0.4331596204257006,0.42189126452228476,0.0,0.0,0.14494911505201472,0.0034905176130005347,0.0,0.4331596204257006,0.004503040492021375,1.0,,,,0.0,0.0,-0.001026787950191732
2017-08-31,NO_VIEW_ZERO_OR_INVALID_RISK_KEEP_BUDGET,False,2017-08-01,2017-02-03,2016-08-03,242,,,,0.4331596204257006,0.42189126452228476,0.0,0.0,0.14494911505201472,0.0034905176130005347,0.0,0.4331596204257006,0.004503040492021375,1.0,,,,0.0,0.0,-0.0017987258228360226
2017-09-01,NO_VIEW_ZERO_OR_INVALID_RISK_KEEP_BUDGET,True,2017-09-01,2017-02-03,2016-09-05,242,,,,0.4331596204257006,0.42189126452228476,0.0,0.0,0.14494911505201472,0.003812190888640184,0.0,0.4331596204257006,0.00480211487839687,1.0,,,,0.0,0.0,0.0012871193339516473
2017-09-04,NO_VIEW_ZERO_OR_INVALID_RISK_KEEP_BUDGET,False,2017-09-01,2017-02-03,2016-09-05,242,,,,0.4331596204257006,0.42189126452228476,0.0,0.0,0.14494911505201472,0.003812190888640184,0.0,0.4331596204257006,0.00480211487839687,1.0,,,,0.0,0.0,0.0035993014046380445
2017-09-05,NO_VIEW_ZERO_OR_INVALID_RISK_KEEP_BUDGET,False,2017-09-01,2017-02-03,2016-09-05,242,,,,0.4331596204257006,0.42189126452228476,0.0,0.0,0.14494911505201472,0.003812190888640184,0.0,0.4331596204257006,0.00480211487839687,1.0,,,,0.0,0.0,0.0035863928956509916
2017-09-06,NO_VIEW_ZERO_OR_INVALID_RISK_KEEP_BUDGET,False,2017-09-01,2017-02-03,2016-09-05,242,,,,0.4331596204257006,0.42189126452228476,0.0,0.0,0.14494911505201472,0.003812190888640184,0.0,0.4331596204257006,0.00480211487839687,1.0,,,,0.0,0.0,-0.003063065696362721
2017-09-07,NO_VIEW_ZERO_OR_INVALID_RISK_KEEP_BUDGET,False,2017-09-01,2017-02-03,2016-09-05,242,,,,0.4331596204257006,0.42189126452228476,0.0,0.0,0.14494911505201472,0.003812190888640184,0.0,0.4331596204257006,0.00480211487839687,1.0,,,,0.0,0.0,-0.0043526756011688095
2017-09-08,NO_VIEW_ZERO_OR_INVALID_RISK_KEEP_BUDGET,False,2017-09-01,2017-02-03,2016-09-05,242,,,,0.4331596204257006,0.42189126452228476,0.0,0.0,0.14494911505201472,0.003812190888640184,0.0,0.4331596204257006,0.00480211487839687,1.0,,,,0.0,0.0,-0.001028636285041351
2017-09-11,NO_VIEW_ZERO_OR_INVALID_RISK_KEEP_BUDGET,False,2017-09-01,2017-02-03,2016-09-05,242,,,,0.4331596204257006,0.42189126452228476,0.0,0.0,0.14494911505201472,0.003812190888640184,0.0,0.4331596204257006,0.00480211487839687,1.0,,,,0.0,0.0,0.0015445432007421545
2017-09-12,NO_VIEW_ZERO_OR_INVALID_RISK_KEEP_BUDGET,False,2017-09-01,2017-02-03,2016-09-05,242,,,,0.4331596204257006,0.42189126452228476,0.0,0.0,0.14494911505201472,0.003812190888640184,0.0,0.4331596204257006,0.00480211487839687,1.0,,,,0.0,0.0,0.002570268776740159
2017-09-13,NO_VIEW_ZERO_OR_INVALID_RISK_KEEP_BUDGET,False,2017-09-01,2017-02-03,2016-09-05,242,,,,0.4331596204257006,0.42189126452228476,0.0,0.0,0.14494911505201472,0.003812190888640184,0.0,0.4331596204257006,0.00480211487839687,1.0,,,,0.0,0.0,0.000769103829463047
2017-09-14,NO_VIEW_ZERO_OR_INVALID_RISK_KEEP_BUDGET,False,2017-09-01,2017-02-03,2016-09-05,242,,,,0.4331596204257006,0.42189126452228476,0.0,0.0,0.14494911505201472,0.003812190888640184,0.0,0.4331596204257006,0.00480211487839687,1.0,,,,0.0,0.0,-0.003330221974533143
2017-09-15,NO_VIEW_ZERO_OR_INVALID_RISK_KEEP_BUDGET,False,2017-09-01,2017-02-03,2016-09-05,242,,,,0.4331596204257006,0.42189126452228476,0.0,0.0,0.14494911505201472,0.003812190888640184,0.0,0.4331596204257006,0.00480211487839687,1.0,,,,0.0,0.0,0.0015421612660440065
2017-09-18,NO_VIEW_ZERO_OR_INVALID_RISK_KEEP_BUDGET,False,2017-09-01,2017-02-03,2016-09-05,242,,,,0.4331596204257006,0.42189126452228476,0.0,0.0,0.14494911505201472,0.003812190888640184,0.0,0.4331596204257006,0.00480211487839687,1.0,,,,0.0,0.0,0.0038494666667219235
2017-09-19,NO_VIEW_ZERO_OR_INVALID_RISK_KEEP_BUDGET,False,2017-09-01,2017-02-03,2016-09-05,242,,,,0.4331596204257006,0.42189126452228476,0.0,0.0,0.14494911505201472,0.003812190888640184,0.0,0.4331596204257006,0.00480211487839687,1.0,,,,0.0,0.0,-0.006391175162121843
2017-09-20,NO_VIEW_ZERO_OR_INVALID_RISK_KEEP_BUDGET,False,2017-09-01,2017-02-03,2016-09-05,242,,,,0.4331596204257006,0.42189126452228476,0.0,0.0,0.14494911505201472,0.003812190888640184,0.0,0.4331596204257006,0.00480211487839687,1.0,,,,0.0,0.0,0.00463124521612257
2017-09-21,NO_VIEW_ZERO_OR_INVALID_RISK_KEEP_BUDGET,False,2017-09-01,2017-02-03,2016-09-05,242,,,,0.4331596204257006,0.42189126452228476,0.0,0.0,0.14494911505201472,0.003812190888640184,0.0,0.4331596204257006,0.00480211487839687,1.0,,,,0.0,0.0,0.0002561053143836922
2017-09-22,NO_VIEW_ZERO_OR_INVALID_RISK_KEEP_BUDGET,False,2017-09-01,2017-02-03,2016-09-05,242,,,,0.4331596204257006,0.42189126452228476,0.0,0.0,0.14494911505201472,0.003812190888640184,0.0,0.4331596204257006,0.00480211487839687,1.0,,,,0.0,0.0,-0.002816437153697393
2017-09-25,NO_VIEW_ZERO_OR_INVALID_RISK_KEEP_BUDGET,False,2017-09-01,2017-02-03,2016-09-05,242,,,,0.0,0.42189126452228476,0.0,0.0,0.14494911505201472,0.003812190888640184,0.0,0.4331596204257006,0.00480211487839687,0.0,,,,0.0,0.0,-0.004108206364965006
2017-09-26,NO_VIEW_ZERO_OR_INVALID_RISK_KEEP_BUDGET,False,2017-09-01,2017-02-03,2016-09-05,242,,,,0.0,0.42189126452228476,0.0,0.0,0.14494911505201472,0.003812190888640184,0.0,0.4331596204257006,0.00480211487839687,0.0,,,,0.0,0.0,-0.0020043604465008746
2017-09-27,NO_VIEW_ZERO_OR_INVALID_RISK_KEEP_BUDGET,False,2017-09-01,2017-02-03,2016-09-05,242,,,,0.0,0.42189126452228476,0.0,0.0,0.14494911505201472,0.003812190888640184,0.0,0.4331596204257006,0.00480211487839687,0.0,,,,0.0,0.0,0.0
2017-09-28,NO_VIEW_ZERO_OR_INVALID_RISK_KEEP_BUDGET,False,2017-09-01,2017-02-03,2016-09-05,242,,,,0.0,0.42189126452228476,0.0,0.0,0.14494911505201472,0.003812190888640184,0.0,0.4331596204257006,0.00480211487839687,0.0,,,,0.0,0.0,0.0
2017-09-29,NO_VIEW_ZERO_OR_INVALID_RISK_KEEP_BUDGET,False,2017-09-01,2017-02-03,2016-09-05,242,,,,0.0,0.42189126452228476,0.0,0.0,0.14494911505201472,0.003812190888640184,0.0,0.4331596204257006,0.00480211487839687,0.0,,,,0.0,0.0,0.0
2017-10-09,NO_VIEW_ZERO_OR_INVALID_RISK_KEEP_BUDGET,True,2017-10-09,2017-02-03,2016-10-13,242,,,,0.4331596204257006,0.42189126452228476,0.0,0.0,0.14494911505201472,0.0038121908886401823,0.0,0.4331596204257006,0.004882591797069118,1.0,,,,0.0,0.0,0.0
2017-10-10,NO_VIEW_ZERO_OR_INVALID_RISK_KEEP_BUDGET,False,2017-10-09,2017-02-03,2016-10-13,242,,,,0.4331596204257006,0.42189126452228476,0.0,0.0,0.14494911505201472,0.0038121908886401823,0.0,0.4331596204257006,0.004882591797069118,1.0,,,,0.0,0.0,0.0013202902187343657
2017-10-11,NO_VIEW_ZERO_OR_INVALID_RISK_KEEP_BUDGET,False,2017-10-09,2017-02-03,2016-10-13,242,,,,0.4331596204257006,0.42189126452228476,0.0,0.0,0.14494911505201472,0.0038121908886401823,0.0,0.4331596204257006,0.004882591797069118,1.0,,,,0.0,0.0,0.00379504188039248
2017-10-12,NO_VIEW_ZERO_OR_INVALID_RISK_KEEP_BUDGET,False,2017-10-09,2017-02-03,2016-10-13,242,,,,0.4331596204257006,0.42189126452228476,0.0,0.0,0.14494911505201472,0.0038121908886401823,0.0,0.4331596204257006,0.004882591797069118,1.0,,,,0.0,0.0,0.004284786520152295
2017-10-13,NO_VIEW_ZERO_OR_INVALID_RISK_KEEP_BUDGET,False,2017-10-09,2017-02-03,2016-10-13,242,,,,0.4331596204257006,0.42189126452228476,0.0,0.0,0.14494911505201472,0.0038121908886401823,0.0,0.4331596204257006,0.004882591797069118,1.0,,,,0.0,0.0,0.002007767272983685
2017-10-16,NO_VIEW_ZERO_OR_INVALID_RISK_KEEP_BUDGET,False,2017-10-09,2017-02-03,2016-10-13,242,,,,0.4331596204257006,0.42189126452228476,0.0,0.0,0.14494911505201472,0.0038121908886401823,0.0,0.4331596204257006,0.004882591797069118,1.0,,,,0.0,0.0,-0.0035065523865984716
2017-10-17,NO_VIEW_ZERO_OR_INVALID_RISK_KEEP_BUDGET,False,2017-10-09,2017-02-03,2016-10-13,242,,,,0.4331596204257006,0.42189126452228476,0.0,0.0,0.14494911505201472,0.0038121908886401823,0.0,0.4331596204257006,0.004882591797069118,1.0,,,,0.0,0.0,-0.0005026987948874018
2017-10-18,NO_VIEW_ZERO_OR_INVALID_RISK_KEEP_BUDGET,False,2017-10-09,2017-02-03,2016-10-13,242,,,,0.4331596204257006,0.42189126452228476,0.0,0.0,0.14494911505201472,0.0038121908886401823,0.0,0.4331596204257006,0.004882591797069118,1.0,,,,0.0,0.0,0.006035419536775555
2017-10-19,NO_VIEW_ZERO_OR_INVALID_RISK_KEEP_BUDGET,False,2017-10-09,2017-02-03,2016-10-13,242,,,,0.4331596204257006,0.42189126452228476,0.0,0.0,0.14494911505201472,0.0038121908886401823,0.0,0.4331596204257006,0.004882591797069118,1.0,,,,0.0,0.0,-0.0027496387310390613
2017-10-20,NO_VIEW_ZERO_OR_INVALID_RISK_KEEP_BUDGET,False,2017-10-09,2017-02-03,2016-10-13,242,,,,0.4331596204257006,0.42189126452228476,0.0,0.0,0.14494911505201472,0.0038121908886401823,0.0,0.4331596204257006,0.004882591797069118,1.0,,,,0.0,0.0,-0.0005013127436707121
2017-10-23,NO_VIEW_ZERO_OR_INVALID_RISK_KEEP_BUDGET,False,2017-10-09,2017-02-03,2016-10-13,242,,,,0.4331596204257006,0.42189126452228476,0.0,0.0,0.14494911505201472,0.0038121908886401823,0.0,0.4331596204257006,0.004882591797069118,1.0,,,,0.0,0.0,0.0030093851051282705
2017-10-24,NO_VIEW_ZERO_OR_INVALID_RISK_KEEP_BUDGET,False,2017-10-09,2017-02-03,2016-10-13,242,,,,0.4331596204257006,0.42189126452228476,0.0,0.0,0.14494911505201472,0.0038121908886401823,0.0,0.4331596204257006,0.004882591797069118,1.0,,,,0.0,0.0,0.006500771070812039
2017-10-25,NO_VIEW_ZERO_OR_INVALID_RISK_KEEP_BUDGET,False,2017-10-09,2017-02-03,2016-10-13,242,,,,0.4331596204257006,0.42189126452228476,0.0,0.0,0.14494911505201472,0.0038121908886401823,0.0,0.4331596204257006,0.004882591797069118,1.0,,,,0.0,0.0,0.0032293919973334084
2017-10-26,NO_VIEW_ZERO_OR_INVALID_RISK_KEEP_BUDGET,False,2017-10-09,2017-02-03,2016-10-13,242,,,,0.4331596204257006,0.42189126452228476,0.0,0.0,0.14494911505201472,0.0038121908886401823,0.0,0.4331596204257006,0.004882591797069118,1.0,,,,0.0,0.0,0.007180838559166736
2017-10-27,NO_VIEW_ZERO_OR_INVALID_RISK_KEEP_BUDGET,False,2017-10-09,2017-02-03,2016-10-13,242,,,,0.4331596204257006,0.42189126452228476,0.0,0.0,0.14494911505201472,0.0038121908886401823,0.0,0.4331596204257006,0.004882591797069118,1.0,,,,0.0,0.0,0.0049169943122453486
2017-10-30,NO_VIEW_ZERO_OR_INVALID_RISK_KEEP_BUDGET,False,2017-10-09,2017-02-03,2016-10-13,242,,,,0.4331596204257006,0.42189126452228476,0.0,0.0,0.14494911505201472,0.0038121908886401823,0.0,0.4331596204257006,0.004882591797069118,1.0,,,,0.0,0.0,-0.004403642197382873
2017-10-31,NO_VIEW_ZERO_OR_INVALID_RISK_KEEP_BUDGET,False,2017-10-09,2017-02-03,2016-10-13,242,,,,0.4331596204257006,0.42189126452228476,0.0,0.0,0.14494911505201472,0.0038121908886401823,0.0,0.4331596204257006,0.004882591797069118,1.0,,,,0.0,0.0,-0.0007371866725691678
2017-11-01,NO_VIEW_ZERO_OR_INVALID_RISK_KEEP_BUDGET,True,2017-11-01,2017-02-03,2016-11-07,242,,,,0.4331596204257006,0.42189126452228476,0.0,0.0,0.14494911505201472,0.0038121908886401797,0.0,0.4331596204257006,0.004858416185364134,1.0,,,,0.0,0.0,-0.0034427424158155473
2017-11-02,NO_VIEW_ZERO_OR_INVALID_RISK_KEEP_BUDGET,False,2017-11-01,2017-02-03,2016-11-07,242,,,,0.4331596204257006,0.42189126452228476,0.0,0.0,0.14494911505201472,0.0038121908886401797,0.0,0.4331596204257006,0.004858416185364134,1.0,,,,0.0,0.0,0.0017273179185715026
2017-11-03,NO_VIEW_ZERO_OR_INVALID_RISK_KEEP_BUDGET,False,2017-11-01,2017-02-03,2016-11-07,242,,,,0.4331596204257006,0.42189126452228476,0.0,0.0,0.14494911505201472,0.0038121908886401797,0.0,0.4331596204257006,0.004858416185364134,1.0,,,,0.0,0.0,-0.002709676256831939
2017-11-06,NO_VIEW_ZERO_OR_INVALID_RISK_KEEP_BUDGET,False,2017-11-01,2017-02-03,2016-11-07,242,,,,0.4331596204257006,0.42189126452228476,0.0,0.0,0.14494911505201472,0.0038121908886401797,0.0,0.4331596204257006,0.004858416185364134,1.0,,,,0.0,0.0,0.008892126169149028
2017-11-07,NO_VIEW_ZERO_OR_INVALID_RISK_KEEP_BUDGET,False,2017-11-01,2017-02-03,2016-11-07,242,,,,0.4331596204257006,0.42189126452228476,0.0,0.0,0.14494911505201472,0.0038121908886401797,0.0,0.4331596204257006,0.004858416185364134,1.0,,,,0.0,0.0,0.009793059071101062
2017-11-08,NO_VIEW_ZERO_OR_INVALID_RISK_KEEP_BUDGET,False,2017-11-01,2017-02-03,2016-11-07,242,,,,0.4331596204257006,0.42189126452228476,0.0,0.0,0.14494911505201472,0.0038121908886401797,0.0,0.4331596204257006,0.004858416185364134,1.0,,,,0.0,0.0,-0.002182069158828237
2017-11-09,NO_VIEW_ZERO_OR_INVALID_RISK_KEEP_BUDGET,False,2017-11-01,2017-02-03,2016-11-07,242,,,,0.4331596204257006,0.42189126452228476,0.0,0.0,0.14494911505201472,0.0038121908886401797,0.0,0.4331596204257006,0.004858416185364134,1.0,,,,0.0,0.0,0.007532452323424588
2017-11-10,NO_VIEW_ZERO_OR_INVALID_RISK_KEEP_BUDGET,False,2017-11-01,2017-02-03,2016-11-07,242,,,,0.4331596204257006,0.42189126452228476,0.0,0.0,0.14494911505201472,0.0038121908886401797,0.0,0.4331596204257006,0.004858416185364134,1.0,,,,0.0,0.0,0.008923133245757331
2017-11-13,NO_VIEW_ZERO_OR_INVALID_RISK_KEEP_BUDGET,False,2017-11-01,2017-02-03,2016-11-07,242,,,,0.4331596204257006,0.42189126452228476,0.0,0.0,0.14494911505201472,0.0038121908886401797,0.0,0.4331596204257006,0.004858416185364134,1.0,,,,0.0,0.0,0.002151295573535661
2017-11-14,NO_VIEW_ZERO_OR_INVALID_RISK_KEEP_BUDGET,False,2017-11-01,2017-02-03,2016-11-07,242,,,,0.4331596204257006,0.42189126452228476,0.0,0.0,0.14494911505201472,0.0038121908886401797,0.0,0.4331596204257006,0.004858416185364134,1.0,,,,0.0,0.0,-0.0076326308830945155
2017-11-15,NO_VIEW_ZERO_OR_INVALID_RISK_KEEP_BUDGET,False,2017-11-01,2017-02-03,2016-11-07,242,,,,0.4331596204257006,0.42189126452228476,0.0,0.0,0.14494911505201472,0.0038121908886401797,0.0,0.4331596204257006,0.004858416185364134,1.0,,,,0.0,0.0,-0.0072106275111289975
2017-11-16,NO_VIEW_ZERO_OR_INVALID_RISK_KEEP_BUDGET,False,2017-11-01,2017-02-03,2016-11-07,242,,,,0.4331596204257006,0.42189126452228476,0.0,0.0,0.14494911505201472,0.0038121908886401797,0.0,0.4331596204257006,0.004858416185364134,1.0,,,,0.0,0.0,0.009441897772302088
2017-11-17,NO_VIEW_ZERO_OR_INVALID_RISK_KEEP_BUDGET,False,2017-11-01,2017-02-03,2016-11-07,242,,,,0.4331596204257006,0.42189126452228476,0.0,0.0,0.14494911505201472,0.0038121908886401797,0.0,0.4331596204257006,0.004858416185364134,1.0,,,,0.0,0.0,0.0011991772058095318
2017-11-20,NO_VIEW_ZERO_OR_INVALID_RISK_KEEP_BUDGET,False,2017-11-01,2017-02-03,2016-11-07,242,,,,0.4331596204257006,0.42189126452228476,0.0,0.0,0.14494911505201472,0.0038121908886401797,0.0,0.4331596204257006,0.004858416185364134,1.0,,,,0.0,0.0,0.007905089954659772
2017-11-21,NO_VIEW_ZERO_OR_INVALID_RISK_KEEP_BUDGET,False,2017-11-01,2017-02-03,2016-11-07,242,,,,0.4331596204257006,0.42189126452228476,0.0,0.0,0.14494911505201472,0.0038121908886401797,0.0,0.4331596204257006,0.004858416185364134,1.0,,,,0.0,0.0,0.019726558755413626
2017-11-22,NO_VIEW_ZERO_OR_INVALID_RISK_KEEP_BUDGET,False,2017-11-01,2017-02-03,2016-11-07,242,,,,0.4331596204257006,0.42189126452228476,0.0,0.0,0.14494911505201472,0.0038121908886401797,0.0,0.4331596204257006,0.004858416185364134,1.0,,,,0.0,0.0,-0.00023307168039765624
2017-11-23,NO_VIEW_ZERO_OR_INVALID_RISK_KEEP_BUDGET,False,2017-11-01,2017-02-03,2016-11-07,242,,,,0.4331596204257006,0.42189126452228476,0.0,0.0,0.14494911505201472,0.0038121908886401797,0.0,0.4331596204257006,0.004858416185364134,1.0,,,,0.0,0.0,-0.03170513810391018
2017-11-24,NO_VIEW_ZERO_OR_INVALID_RISK_KEEP_BUDGET,False,2017-11-01,2017-02-03,2016-11-07,242,,,,0.4331596204257006,0.42189126452228476,0.0,0.0,0.14494911505201472,0.0038121908886401797,0.0,0.4331596204257006,0.004858416185364134,1.0,,,,0.0,0.0,0.0009630372922289077
2017-11-27,NO_VIEW_ZERO_OR_INVALID_RISK_KEEP_BUDGET,False,2017-11-01,2017-02-03,2016-11-07,242,,,,0.0,0.42189126452228476,0.0,0.0,0.14494911505201472,0.0038121908886401797,0.0,0.4331596204257006,0.004858416185364134,0.0,,,,0.0,0.0,-0.01611535495703531
2017-11-28,NO_VIEW_ZERO_OR_INVALID_RISK_KEEP_BUDGET,False,2017-11-01,2017-02-03,2016-11-07,242,,,,0.0,0.42189126452228476,0.0,0.0,0.14494911505201472,0.0038121908886401797,0.0,0.4331596204257006,0.004858416185364134,0.0,,,,0.0,0.0,-0.002155126496517168
2017-11-29,NO_VIEW_ZERO_OR_INVALID_RISK_KEEP_BUDGET,False,2017-11-01,2017-02-03,2016-11-07,242,,,,0.0,0.42189126452228476,0.0,0.0,0.14494911505201472,0.0038121908886401797,0.0,0.4331596204257006,0.004858416185364134,0.0,,,,0.0,0.0,0.0
2017-11-30,NO_VIEW_ZERO_OR_INVALID_RISK_KEEP_BUDGET,False,2017-11-01,2017-02-03,2016-11-07,242,,,,0.0,0.42189126452228476,0.0,0.0,0.14494911505201472,0.0038121908886401797,0.0,0.4331596204257006,0.004858416185364134,0.0,,,,0.0,0.0,0.0
2017-12-01,NO_VIEW_ZERO_OR_INVALID_RISK_KEEP_BUDGET,True,2017-12-01,2017-02-03,2016-12-07,242,,,,0.0,0.42189126452228476,0.0,0.0,0.14494911505201472,0.003812190888640177,0.0,0.4331596204257006,0.005267826744881721,0.0,,,,0.0,0.0,0.0
2017-12-04,NO_VIEW_ZERO_OR_INVALID_RISK_KEEP_BUDGET,False,2017-12-01,2017-02-03,2016-12-07,242,,,,0.0,0.42189126452228476,0.0,0.0,0.14494911505201472,0.003812190888640177,0.0,0.4331596204257006,0.005267826744881721,0.0,,,,0.0,0.0,0.0
2017-12-05,NO_VIEW_ZERO_OR_INVALID_RISK_KEEP_BUDGET,False,2017-12-01,2017-02-03,2016-12-07,242,,,,0.0,0.42189126452228476,0.0,0.0,0.14494911505201472,0.003812190888640177,0.0,0.4331596204257006,0.005267826744881721,0.0,,,,0.0,0.0,0.0
2017-12-06,NO_VIEW_ZERO_OR_INVALID_RISK_KEEP_BUDGET,False,2017-12-01,2017-02-03,2016-12-07,242,,,,0.0,0.42189126452228476,0.0,0.0,0.14494911505201472,0.003812190888640177,0.0,0.4331596204257006,0.005267826744881721,0.0,,,,0.0,0.0,0.0
2017-12-07,NO_VIEW_ZERO_OR_INVALID_RISK_KEEP_BUDGET,False,2017-12-01,2017-02-03,2016-12-07,242,,,,0.0,0.42189126452228476,0.0,0.0,0.14494911505201472,0.003812190888640177,0.0,0.4331596204257006,0.005267826744881721,0.0,,,,0.0,0.0,0.0
2017-12-08,NO_VIEW_ZERO_OR_INVALID_RISK_KEEP_BUDGET,False,2017-12-01,2017-02-03,2016-12-07,242,,,,0.0,0.42189126452228476,0.0,0.0,0.14494911505201472,0.003812190888640177,0.0,0.4331596204257006,0.005267826744881721,0.0,,,,0.0,0.0,0.0
2017-12-11,NO_VIEW_ZERO_OR_INVALID_RISK_KEEP_BUDGET,False,2017-12-01,2017-02-03,2016-12-07,242,,,,0.0,0.42189126452228476,0.0,0.0,0.14494911505201472,0.003812190888640177,0.0,0.4331596204257006,0.005267826744881721,0.0,,,,0.0,0.0,0.0
2017-12-12,NO_VIEW_ZERO_OR_INVALID_RISK_KEEP_BUDGET,False,2017-12-01,2017-02-03,2016-12-07,242,,,,0.0,0.42189126452228476,0.0,0.0,0.14494911505201472,0.003812190888640177,0.0,0.4331596204257006,0.005267826744881721,0.0,,,,0.0,0.0,0.0
2017-12-13,NO_VIEW_ZERO_OR_INVALID_RISK_KEEP_BUDGET,False,2017-12-01,2017-02-03,2016-12-07,242,,,,0.0,0.42189126452228476,0.0,0.0,0.14494911505201472,0.003812190888640177,0.0,0.4331596204257006,0.005267826744881721,0.0,,,,0.0,0.0,0.0
2017-12-14,NO_VIEW_ZERO_OR_INVALID_RISK_KEEP_BUDGET,False,2017-12-01,2017-02-03,2016-12-07,242,,,,0.0,0.42189126452228476,0.0,0.0,0.14494911505201472,0.003812190888640177,0.0,0.4331596204257006,0.005267826744881721,0.0,,,,0.0,0.0,0.0
2017-12-15,NO_VIEW_ZERO_OR_INVALID_RISK_KEEP_BUDGET,False,2017-12-01,2017-02-03,2016-12-07,242,,,,0.0,0.42189126452228476,0.0,0.0,0.14494911505201472,0.003812190888640177,0.0,0.4331596204257006,0.005267826744881721,0.0,,,,0.0,0.0,0.0
2017-12-18,NO_VIEW_ZERO_OR_INVALID_RISK_KEEP_BUDGET,False,2017-12-01,2017-02-03,2016-12-07,242,,,,0.0,0.42189126452228476,0.0,0.0,0.14494911505201472,0.003812190888640177,0.0,0.4331596204257006,0.005267826744881721,0.0,,,,0.0,0.0,0.0
2017-12-19,NO_VIEW_ZERO_OR_INVALID_RISK_KEEP_BUDGET,False,2017-12-01,2017-02-03,2016-12-07,242,,,,0.0,0.42189126452228476,0.0,0.0,0.14494911505201472,0.003812190888640177,0.0,0.4331596204257006,0.005267826744881721,0.0,,,,0.0,0.0,0.0
2017-12-20,NO_VIEW_ZERO_OR_INVALID_RISK_KEEP_BUDGET,False,2017-12-01,2017-02-03,2016-12-07,242,,,,0.0,0.42189126452228476,0.0,0.0,0.14494911505201472,0.003812190888640177,0.0,0.4331596204257006,0.005267826744881721,0.0,,,,0.0,0.0,0.0
2017-12-21,NO_VIEW_ZERO_OR_INVALID_RISK_KEEP_BUDGET,False,2017-12-01,2017-02-03,2016-12-07,242,,,,0.0,0.42189126452228476,0.0,0.0,0.14494911505201472,0.003812190888640177,0.0,0.4331596204257006,0.005267826744881721,0.0,,,,0.0,0.0,0.0
2017-12-22,NO_VIEW_ZERO_OR_INVALID_RISK_KEEP_BUDGET,False,2017-12-01,2017-02-03,2016-12-07,242,,,,0.0,0.42189126452228476,0.0,0.0,0.14494911505201472,0.003812190888640177,0.0,0.4331596204257006,0.005267826744881721,0.0,,,,0.0,0.0,0.0
2017-12-25,NO_VIEW_ZERO_OR_INVALID_RISK_KEEP_BUDGET,False,2017-12-01,2017-02-03,2016-12-07,242,,,,0.0,0.42189126452228476,0.0,0.0,0.14494911505201472,0.003812190888640177,0.0,0.4331596204257006,0.005267826744881721,0.0,,,,0.0,0.0,0.0
2017-12-26,NO_VIEW_ZERO_OR_INVALID_RISK_KEEP_BUDGET,False,2017-12-01,2017-02-03,2016-12-07,242,,,,0.0,0.42189126452228476,0.0,0.0,0.14494911505201472,0.003812190888640177,0.0,0.4331596204257006,0.005267826744881721,0.0,,,,0.0,0.0,0.0
2017-12-27,NO_VIEW_ZERO_OR_INVALID_RISK_KEEP_BUDGET,False,2017-12-01,2017-02-03,2016-12-07,242,,,,0.0,0.42189126452228476,0.0,0.0,0.14494911505201472,0.003812190888640177,0.0,0.4331596204257006,0.005267826744881721,0.0,,,,0.0,0.0,0.0
2017-12-28,NO_VIEW_ZERO_OR_INVALID_RISK_KEEP_BUDGET,False,2017-12-01,2017-02-03,2016-12-07,242,,,,0.0,0.42189126452228476,0.0,0.0,0.14494911505201472,0.003812190888640177,0.0,0.4331596204257006,0.005267826744881721,0.0,,,,0.0,0.0,0.0
2017-12-29,NO_VIEW_ZERO_OR_INVALID_RISK_KEEP_BUDGET,False,2017-12-01,2017-02-03,2016-12-07,242,,,,0.0,0.42189126452228476,0.0,0.0,0.14494911505201472,0.003812190888640177,0.0,0.4331596204257006,0.005267826744881721,0.0,,,,0.0,0.0,0.0
2018-01-02,NO_VIEW_ZERO_OR_INVALID_RISK_KEEP_BUDGET,True,2018-01-02,2017-02-03,2017-01-06,242,,,,0.0,0.42189126452228476,0.0,0.0,0.14494911505201472,0.003812190888640175,0.0,0.4331596204257006,0.005267753639435085,0.0,,,,0.0,0.0,0.0
2018-01-03,NO_VIEW_ZERO_OR_INVALID_RISK_KEEP_BUDGET,False,2018-01-02,2017-02-03,2017-01-06,242,,,,0.0,0.42189126452228476,0.0,0.0,0.14494911505201472,0.003812190888640175,0.0,0.4331596204257006,0.005267753639435085,0.0,,,,0.0,0.0,0.0
2018-01-04,NO_VIEW_ZERO_OR_INVALID_RISK_KEEP_BUDGET,False,2018-01-02,2017-02-03,2017-01-06,242,,,,0.0,0.42189126452228476,0.0,0.0,0.14494911505201472,0.003812190888640175,0.0,0.4331596204257006,0.005267753639435085,0.0,,,,0.0,0.0,0.0
2018-01-05,NO_VIEW_ZERO_OR_INVALID_RISK_KEEP_BUDGET,False,2018-01-02,2017-02-03,2017-01-06,242,,,,0.0,0.42189126452228476,0.0,0.0,0.14494911505201472,0.003812190888640175,0.0,0.4331596204257006,0.005267753639435085,0.0,,,,0.0,0.0,0.0
2018-01-08,NO_VIEW_ZERO_OR_INVALID_RISK_KEEP_BUDGET,False,2018-01-02,2017-02-03,2017-01-06,242,,,,0.0,0.42189126452228476,0.0,0.0,0.14494911505201472,0.003812190888640175,0.0,0.4331596204257006,0.005267753639435085,0.0,,,,0.0,0.0,0.0
2018-01-09,NO_VIEW_ZERO_OR_INVALID_RISK_KEEP_BUDGET,False,2018-01-02,2017-02-03,2017-01-06,242,,,,0.0,0.42189126452228476,0.0,0.0,0.14494911505201472,0.003812190888640175,0.0,0.4331596204257006,0.005267753639435085,0.0,,,,0.0,0.0,0.0
2018-01-10,NO_VIEW_ZERO_OR_INVALID_RISK_KEEP_BUDGET,False,2018-01-02,2017-02-03,2017-01-06,242,,,,0.0,0.42189126452228476,0.0,0.0,0.14494911505201472,0.003812190888640175,0.0,0.4331596204257006,0.005267753639435085,0.0,,,,0.0,0.0,0.0
2018-01-11,NO_VIEW_ZERO_OR_INVALID_RISK_KEEP_BUDGET,False,2018-01-02,2017-02-03,2017-01-06,242,,,,0.0,0.42189126452228476,0.0,0.0,0.14494911505201472,0.003812190888640175,0.0,0.4331596204257006,0.005267753639435085,0.0,,,,0.0,0.0,0.0
2018-01-12,NO_VIEW_ZERO_OR_INVALID_RISK_KEEP_BUDGET,False,2018-01-02,2017-02-03,2017-01-06,242,,,,0.0,0.42189126452228476,0.0,0.0,0.14494911505201472,0.003812190888640175,0.0,0.4331596204257006,0.005267753639435085,0.0,,,,0.0,0.0,0.0
2018-01-15,NO_VIEW_ZERO_OR_INVALID_RISK_KEEP_BUDGET,False,2018-01-02,2017-02-03,2017-01-06,242,,,,0.0,0.42189126452228476,0.0,0.0,0.14494911505201472,0.003812190888640175,0.0,0.4331596204257006,0.005267753639435085,0.0,,,,0.0,0.0,0.0
2018-01-16,NO_VIEW_ZERO_OR_INVALID_RISK_KEEP_BUDGET,False,2018-01-02,2017-02-03,2017-01-06,242,,,,0.0,0.42189126452228476,0.0,0.0,0.14494911505201472,0.003812190888640175,0.0,0.4331596204257006,0.005267753639435085,0.0,,,,0.0,0.0,0.0
2018-01-17,NO_VIEW_ZERO_OR_INVALID_RISK_KEEP_BUDGET,False,2018-01-02,2017-02-03,2017-01-06,242,,,,0.0,0.42189126452228476,0.0,0.0,0.14494911505201472,0.003812190888640175,0.0,0.4331596204257006,0.005267753639435085,0.0,,,,0.0,0.0,0.0
2018-01-18,NO_VIEW_ZERO_OR_INVALID_RISK_KEEP_BUDGET,False,2018-01-02,2017-02-03,2017-01-06,242,,,,0.0,0.42189126452228476,0.0,0.0,0.14494911505201472,0.003812190888640175,0.0,0.4331596204257006,0.005267753639435085,0.0,,,,0.0,0.0,0.0
2018-01-19,NO_VIEW_ZERO_OR_INVALID_RISK_KEEP_BUDGET,False,2018-01-02,2017-02-03,2017-01-06,242,,,,0.0,0.42189126452228476,0.0,0.0,0.14494911505201472,0.003812190888640175,0.0,0.4331596204257006,0.005267753639435085,0.0,,,,0.0,0.0,0.0
2018-01-22,NO_VIEW_ZERO_OR_INVALID_RISK_KEEP_BUDGET,False,2018-01-02,2017-02-03,2017-01-06,242,,,,0.0,0.42189126452228476,0.0,0.0,0.14494911505201472,0.003812190888640175,0.0,0.4331596204257006,0.005267753639435085,0.0,,,,0.0,0.0,0.0
2018-01-23,NO_VIEW_ZERO_OR_INVALID_RISK_KEEP_BUDGET,False,2018-01-02,2017-02-03,2017-01-06,242,,,,0.0,0.42189126452228476,0.0,0.0,0.14494911505201472,0.003812190888640175,0.0,0.4331596204257006,0.005267753639435085,0.0,,,,0.0,0.0,0.0
2018-01-24,NO_VIEW_ZERO_OR_INVALID_RISK_KEEP_BUDGET,False,2018-01-02,2017-02-03,2017-01-06,242,,,,0.0,0.42189126452228476,0.0,0.0,0.14494911505201472,0.003812190888640175,0.0,0.4331596204257006,0.005267753639435085,0.0,,,,0.0,0.0,0.0
2018-01-25,NO_VIEW_ZERO_OR_INVALID_RISK_KEEP_BUDGET,False,2018-01-02,2017-02-03,2017-01-06,242,,,,0.0,0.42189126452228476,0.0,0.0,0.14494911505201472,0.003812190888640175,0.0,0.4331596204257006,0.005267753639435085,0.0,,,,0.0,0.0,0.0
2018-01-26,NO_VIEW_ZERO_OR_INVALID_RISK_KEEP_BUDGET,False,2018-01-02,2017-02-03,2017-01-06,242,,,,0.0,0.42189126452228476,0.0,0.0,0.14494911505201472,0.003812190888640175,0.0,0.4331596204257006,0.005267753639435085,0.0,,,,0.0,0.0,0.0
2018-01-29,NO_VIEW_ZERO_OR_INVALID_RISK_KEEP_BUDGET,False,2018-01-02,2017-02-03,2017-01-06,242,,,,0.0,0.42189126452228476,0.0,0.0,0.14494911505201472,0.003812190888640175,0.0,0.4331596204257006,0.005267753639435085,0.0,,,,0.0,0.0,0.0
2018-01-30,NO_VIEW_ZERO_OR_INVALID_RISK_KEEP_BUDGET,False,2018-01-02,2017-02-03,2017-01-06,242,,,,0.0,0.42189126452228476,0.0,0.0,0.14494911505201472,0.003812190888640175,0.0,0.4331596204257006,0.005267753639435085,0.0,,,,0.0,0.0,0.0
2018-01-31,NO_VIEW_ZERO_OR_INVALID_RISK_KEEP_BUDGET,False,2018-01-02,2017-02-03,2017-01-06,242,,,,0.0,0.42189126452228476,0.0,0.0,0.14494911505201472,0.003812190888640175,0.0,0.4331596204257006,0.005267753639435085,0.0,,,,0.0,0.0,0.0
2018-02-01,NO_VIEW_ZERO_OR_INVALID_RISK_KEEP_BUDGET,True,2018-02-01,2017-02-03,2017-02-14,242,,,,0.0,0.42189126452228476,0.0,0.0,0.14494911505201472,0.0038121908886401723,0.0,0.4331596204257006,0.005206906959451341,0.0,,,,0.0,0.0,0.0
2018-02-02,NO_VIEW_ZERO_OR_INVALID_RISK_KEEP_BUDGET,False,2018-02-01,2017-02-03,2017-02-14,242,,,,0.0,0.42189126452228476,0.0,0.0,0.14494911505201472,0.0038121908886401723,0.0,0.4331596204257006,0.005206906959451341,0.0,,,,0.0,0.0,0.0
2018-02-05,NO_VIEW_ZERO_OR_INVALID_RISK_KEEP_BUDGET,False,2018-02-01,2017-02-03,2017-02-14,242,,,,0.0,0.42189126452228476,0.0,0.0,0.14494911505201472,0.0038121908886401723,0.0,0.4331596204257006,0.005206906959451341,0.0,,,,0.0,0.0,0.0
2018-02-06,NO_VIEW_ZERO_OR_INVALID_RISK_KEEP_BUDGET,False,2018-02-01,2017-02-03,2017-02-14,242,,,,0.0,0.42189126452228476,0.0,0.0,0.14494911505201472,0.0038121908886401723,0.0,0.4331596204257006,0.005206906959451341,0.0,,,,0.0,0.0,0.0
2018-02-07,NO_VIEW_ZERO_OR_INVALID_RISK_KEEP_BUDGET,False,2018-02-01,2017-02-03,2017-02-14,242,,,,0.0,0.42189126452228476,0.0,0.0,0.14494911505201472,0.0038121908886401723,0.0,0.4331596204257006,0.005206906959451341,0.0,,,,0.0,0.0,0.0
2018-02-08,NO_VIEW_ZERO_OR_INVALID_RISK_KEEP_BUDGET,False,2018-02-01,2017-02-03,2017-02-14,242,,,,0.0,0.42189126452228476,0.0,0.0,0.14494911505201472,0.0038121908886401723,0.0,0.4331596204257006,0.005206906959451341,0.0,,,,0.0,0.0,0.0
2018-02-09,NO_VIEW_ZERO_OR_INVALID_RISK_KEEP_BUDGET,False,2018-02-01,2017-02-03,2017-02-14,242,,,,0.0,0.42189126452228476,0.0,0.0,0.14494911505201472,0.0038121908886401723,0.0,0.4331596204257006,0.005206906959451341,0.0,,,,0.0,0.0,0.0
2018-02-12,NO_VIEW_ZERO_OR_INVALID_RISK_KEEP_BUDGET,False,2018-02-01,2017-02-03,2017-02-14,242,,,,0.42189126452228476,0.42189126452228476,0.0,1.0,0.14494911505201472,0.0038121908886401723,0.0,0.4331596204257006,0.005206906959451341,0.0,,,,0.0,0.0,0.0
2018-02-13,NO_VIEW_ZERO_OR_INVALID_RISK_KEEP_BUDGET,False,2018-02-01,2017-02-03,2017-02-14,242,,,,0.42189126452228476,0.42189126452228476,0.0,1.0,0.14494911505201472,0.0038121908886401723,0.0,0.4331596204257006,0.005206906959451341,0.0,,,,0.002346588680193218,0.0,0.0
2018-02-14,NO_VIEW_ZERO_OR_INVALID_RISK_KEEP_BUDGET,False,2018-02-01,2017-02-03,2017-02-14,242,,,,0.42189126452228476,0.42189126452228476,0.0,1.0,0.14494911505201472,0.0038121908886401723,0.0,0.4331596204257006,0.005206906959451341,0.0,,,,0.008890684691436501,0.0,0.0
2018-02-22,NO_VIEW_ZERO_OR_INVALID_RISK_KEEP_BUDGET,False,2018-02-01,2017-02-03,2017-02-14,242,,,,0.42189126452228476,0.42189126452228476,0.0,1.0,0.14494911505201472,0.0038121908886401723,0.0,0.4331596204257006,0.005206906959451341,0.0,,,,0.020646046643391536,0.0,0.0
2018-02-23,NO_VIEW_ZERO_OR_INVALID_RISK_KEEP_BUDGET,False,2018-02-01,2017-02-03,2017-02-14,242,,,,0.42189126452228476,0.42189126452228476,0.0,1.0,0.14494911505201472,0.0038121908886401723,0.0,0.4331596204257006,0.005206906959451341,0.0,,,,0.005427134376314591,0.0,0.0
2018-02-26,NO_VIEW_ZERO_OR_INVALID_RISK_KEEP_BUDGET,False,2018-02-01,2017-02-03,2017-02-14,242,,,,0.42189126452228476,0.42189126452228476,0.0,1.0,0.14494911505201472,0.0038121908886401723,0.0,0.4331596204257006,0.005206906959451341,0.0,,,,0.012758529905954274,0.0,0.0
2018-02-27,NO_VIEW_ZERO_OR_INVALID_RISK_KEEP_BUDGET,False,2018-02-01,2017-02-03,2017-02-14,242,,,,0.42189126452228476,0.42189126452228476,0.0,1.0,0.14494911505201472,0.0038121908886401723,0.0,0.4331596204257006,0.005206906959451341,0.0,,,,-0.014293658250121632,0.0,0.0
2018-02-28,NO_VIEW_ZERO_OR_INVALID_RISK_KEEP_BUDGET,False,2018-02-01,2017-02-03,2017-02-14,242,,,,0.42189126452228476,0.42189126452228476,0.0,1.0,0.14494911505201472,0.0038121908886401723,0.0,0.4331596204257006,0.005206906959451341,0.0,,,,-0.010076917167065047,0.0,0.0
2018-03-01,MIN_VARIANCE_BUDGET_AVAILABLE,True,2018-03-01,2018-03-01,2017-03-07,242,3.3361025418575814e-06,0.17436806629340737,panic+learned+breakout,0.7636935286570535,0.7636935286570535,0.0020935251928207105,1.0,0.20491685226496215,0.0038121908886401706,0.0,0.0313896190779844,0.005013366114924781,0.0,-4.797345588390872e-08,-3.8845305182782586e-08,1.2574987192131757e-05,0.00720013067762304,0.0,0.0
2018-03-02,MIN_VARIANCE_BUDGET_AVAILABLE,False,2018-03-01,2018-03-01,2017-03-07,242,3.3361025418575814e-06,0.17436806629340737,panic+learned+breakout,0.7636935286570535,0.7636935286570535,0.0020935251928207105,1.0,0.20491685226496215,0.0038121908886401706,0.0,0.0313896190779844,0.005013366114924781,0.0,-4.797345588390872e-08,-3.8845305182782586e-08,1.2574987192131757e-05,-0.006655648402989156,0.0,0.0
2018-03-05,MIN_VARIANCE_BUDGET_AVAILABLE,False,2018-03-01,2018-03-01,2017-03-07,242,3.3361025418575814e-06,0.17436806629340737,panic+learned+breakout,0.0,0.7636935286570535,0.0020935251928207105,0.0,0.20491685226496215,0.0038121908886401706,0.0,0.0313896190779844,0.005013366114924781,0.0,-4.797345588390872e-08,-3.8845305182782586e-08,1.2574987192131757e-05,-0.0022334142879015806,0.0,0.0
2018-03-06,MIN_VARIANCE_BUDGET_AVAILABLE,False,2018-03-01,2018-03-01,2017-03-07,242,3.3361025418575814e-06,0.17436806629340737,panic+learned+breakout,0.0,0.7636935286570535,0.0020935251928207105,0.0,0.20491685226496215,0.0038121908886401706,0.0,0.0313896190779844,0.005013366114924781,0.0,-4.797345588390872e-08,-3.8845305182782586e-08,1.2574987192131757e-05,0.0062656181013982515,0.0,0.0
2018-03-07,MIN_VARIANCE_BUDGET_AVAILABLE,False,2018-03-01,2018-03-01,2017-03-07,242,3.3361025418575814e-06,0.17436806629340737,panic+learned+breakout,0.0,0.7636935286570535,0.0020935251928207105,0.0,0.20491685226496215,0.0038121908886401706,0.0,0.0313896190779844,0.005013366114924781,0.0,-4.797345588390872e-08,-3.8845305182782586e-08,1.2574987192131757e-05,0.0,0.0,0.0
2018-03-08,MIN_VARIANCE_BUDGET_AVAILABLE,False,2018-03-01,2018-03-01,2017-03-07,242,3.3361025418575814e-06,0.17436806629340737,panic+learned+breakout,0.0,0.7636935286570535,0.0020935251928207105,0.0,0.20491685226496215,0.0038121908886401706,0.0,0.0313896190779844,0.005013366114924781,0.0,-4.797345588390872e-08,-3.8845305182782586e-08,1.2574987192131757e-05,0.0,0.0,0.0
2018-03-09,MIN_VARIANCE_BUDGET_AVAILABLE,False,2018-03-01,2018-03-01,2017-03-07,242,3.3361025418575814e-06,0.17436806629340737,panic+learned+breakout,0.0,0.7636935286570535,0.0020935251928207105,0.0,0.20491685226496215,0.0038121908886401706,0.0,0.0313896190779844,0.005013366114924781,0.0,-4.797345588390872e-08,-3.8845305182782586e-08,1.2574987192131757e-05,0.0,0.0,0.0
2018-03-12,MIN_VARIANCE_BUDGET_AVAILABLE,False,2018-03-01,2018-03-01,2017-03-07,242,3.3361025418575814e-06,0.17436806629340737,panic+learned+breakout,0.0,0.7636935286570535,0.0020935251928207105,0.0,0.20491685226496215,0.0038121908886401706,0.0,0.0313896190779844,0.005013366114924781,0.0,-4.797345588390872e-08,-3.8845305182782586e-08,1.2574987192131757e-05,0.0,0.0,0.0
2018-03-13,MIN_VARIANCE_BUDGET_AVAILABLE,False,2018-03-01,2018-03-01,2017-03-07,242,3.3361025418575814e-06,0.17436806629340737,panic+learned+breakout,0.0,0.7636935286570535,0.0020935251928207105,0.0,0.20491685226496215,0.0038121908886401706,0.0,0.0313896190779844,0.005013366114924781,0.0,-4.797345588390872e-08,-3.8845305182782586e-08,1.2574987192131757e-05,0.0,0.0,0.0
2018-03-14,MIN_VARIANCE_BUDGET_AVAILABLE,False,2018-03-01,2018-03-01,2017-03-07,242,3.3361025418575814e-06,0.17436806629340737,panic+learned+breakout,0.0,0.7636935286570535,0.0020935251928207105,0.0,0.20491685226496215,0.0038121908886401706,0.0,0.0313896190779844,0.005013366114924781,0.0,-4.797345588390872e-08,-3.8845305182782586e-08,1.2574987192131757e-05,0.0,0.0,0.0
2018-03-15,MIN_VARIANCE_BUDGET_AVAILABLE,False,2018-03-01,2018-03-01,2017-03-07,242,3.3361025418575814e-06,0.17436806629340737,panic+learned+breakout,0.0,0.7636935286570535,0.0020935251928207105,0.0,0.20491685226496215,0.0038121908886401706,0.0,0.0313896190779844,0.005013366114924781,0.0,-4.797345588390872e-08,-3.8845305182782586e-08,1.2574987192131757e-05,0.0,0.0,0.0
2018-03-16,MIN_VARIANCE_BUDGET_AVAILABLE,False,2018-03-01,2018-03-01,2017-03-07,242,3.3361025418575814e-06,0.17436806629340737,panic+learned+breakout,0.0,0.7636935286570535,0.0020935251928207105,0.0,0.20491685226496215,0.0038121908886401706,0.0,0.0313896190779844,0.005013366114924781,0.0,-4.797345588390872e-08,-3.8845305182782586e-08,1.2574987192131757e-05,0.0,0.0,0.0
2018-03-19,MIN_VARIANCE_BUDGET_AVAILABLE,False,2018-03-01,2018-03-01,2017-03-07,242,3.3361025418575814e-06,0.17436806629340737,panic+learned+breakout,0.0,0.7636935286570535,0.0020935251928207105,0.0,0.20491685226496215,0.0038121908886401706,0.0,0.0313896190779844,0.005013366114924781,0.0,-4.797345588390872e-08,-3.8845305182782586e-08,1.2574987192131757e-05,0.0,0.0,0.0
2018-03-20,MIN_VARIANCE_BUDGET_AVAILABLE,False,2018-03-01,2018-03-01,2017-03-07,242,3.3361025418575814e-06,0.17436806629340737,panic+learned+breakout,0.0,0.7636935286570535,0.0020935251928207105,0.0,0.20491685226496215,0.0038121908886401706,0.0,0.0313896190779844,0.005013366114924781,0.0,-4.797345588390872e-08,-3.8845305182782586e-08,1.2574987192131757e-05,0.0,0.0,0.0
2018-03-21,MIN_VARIANCE_BUDGET_AVAILABLE,False,2018-03-01,2018-03-01,2017-03-07,242,3.3361025418575814e-06,0.17436806629340737,panic+learned+breakout,0.0,0.7636935286570535,0.0020935251928207105,0.0,0.20491685226496215,0.0038121908886401706,0.0,0.0313896190779844,0.005013366114924781,0.0,-4.797345588390872e-08,-3.8845305182782586e-08,1.2574987192131757e-05,0.0,0.0,0.0
2018-03-22,MIN_VARIANCE_BUDGET_AVAILABLE,False,2018-03-01,2018-03-01,2017-03-07,242,3.3361025418575814e-06,0.17436806629340737,panic+learned+breakout,0.0,0.7636935286570535,0.0020935251928207105,0.0,0.20491685226496215,0.0038121908886401706,0.0,0.0313896190779844,0.005013366114924781,0.0,-4.797345588390872e-08,-3.8845305182782586e-08,1.2574987192131757e-05,0.0,0.0,0.0
2018-03-23,MIN_VARIANCE_BUDGET_AVAILABLE,False,2018-03-01,2018-03-01,2017-03-07,242,3.3361025418575814e-06,0.17436806629340737,panic+learned+breakout,0.0,0.7636935286570535,0.0020935251928207105,0.0,0.20491685226496215,0.0038121908886401706,0.0,0.0313896190779844,0.005013366114924781,0.0,-4.797345588390872e-08,-3.8845305182782586e-08,1.2574987192131757e-05,0.0,0.0,0.0
2018-03-26,MIN_VARIANCE_BUDGET_AVAILABLE,False,2018-03-01,2018-03-01,2017-03-07,242,3.3361025418575814e-06,0.17436806629340737,panic+learned+breakout,0.0,0.7636935286570535,0.0020935251928207105,0.0,0.20491685226496215,0.0038121908886401706,0.0,0.0313896190779844,0.005013366114924781,0.0,-4.797345588390872e-08,-3.8845305182782586e-08,1.2574987192131757e-05,0.0,0.0,0.0
2018-03-27,MIN_VARIANCE_BUDGET_AVAILABLE,False,2018-03-01,2018-03-01,2017-03-07,242,3.3361025418575814e-06,0.17436806629340737,panic+learned+breakout,0.0,0.7636935286570535,0.0020935251928207105,0.0,0.20491685226496215,0.0038121908886401706,0.0,0.0313896190779844,0.005013366114924781,0.0,-4.797345588390872e-08,-3.8845305182782586e-08,1.2574987192131757e-05,0.0,0.0,0.0
2018-03-28,MIN_VARIANCE_BUDGET_AVAILABLE,False,2018-03-01,2018-03-01,2017-03-07,242,3.3361025418575814e-06,0.17436806629340737,panic+learned+breakout,0.0,0.7636935286570535,0.0020935251928207105,0.0,0.20491685226496215,0.0038121908886401706,0.0,0.0313896190779844,0.005013366114924781,0.0,-4.797345588390872e-08,-3.8845305182782586e-08,1.2574987192131757e-05,0.0,0.0,0.0
2018-03-29,MIN_VARIANCE_BUDGET_AVAILABLE,False,2018-03-01,2018-03-01,2017-03-07,242,3.3361025418575814e-06,0.17436806629340737,panic+learned+breakout,0.0,0.7636935286570535,0.0020935251928207105,0.0,0.20491685226496215,0.0038121908886401706,0.0,0.0313896190779844,0.005013366114924781,0.0,-4.797345588390872e-08,-3.8845305182782586e-08,1.2574987192131757e-05,0.0,0.0,0.0
2018-03-30,MIN_VARIANCE_BUDGET_AVAILABLE,False,2018-03-01,2018-03-01,2017-03-07,242,3.3361025418575814e-06,0.17436806629340737,panic+learned+breakout,0.0,0.7636935286570535,0.0020935251928207105,0.0,0.20491685226496215,0.0038121908886401706,0.0,0.0313896190779844,0.005013366114924781,0.0,-4.797345588390872e-08,-3.8845305182782586e-08,1.2574987192131757e-05,0.0,0.0,0.0
2018-04-02,MIN_VARIANCE_BUDGET_AVAILABLE,True,2018-04-02,2018-04-02,2017-04-10,242,3.5467536180786273e-06,0.19650058161723677,panic+learned+breakout,0.0,0.7485778596841498,0.002180158464347188,0.0,0.21433280052975523,0.003812190888640168,0.0,0.03708933978609497,0.004918089061472422,0.0,-4.414788475005762e-08,-4.968212345097013e-08,1.2535843480094011e-05,0.0,0.0,0.0
2018-04-03,MIN_VARIANCE_BUDGET_AVAILABLE,False,2018-04-02,2018-04-02,2017-04-10,242,3.5467536180786273e-06,0.19650058161723677,panic+learned+breakout,0.0,0.7485778596841498,0.002180158464347188,0.0,0.21433280052975523,0.003812190888640168,0.0,0.03708933978609497,0.004918089061472422,0.0,-4.414788475005762e-08,-4.968212345097013e-08,1.2535843480094011e-05,0.0,0.0,0.0
2018-04-04,MIN_VARIANCE_BUDGET_AVAILABLE,False,2018-04-02,2018-04-02,2017-04-10,242,3.5467536180786273e-06,0.19650058161723677,panic+learned+breakout,0.0,0.7485778596841498,0.002180158464347188,0.0,0.21433280052975523,0.003812190888640168,0.0,0.03708933978609497,0.004918089061472422,0.0,-4.414788475005762e-08,-4.968212345097013e-08,1.2535843480094011e-05,0.0,0.0,0.0
2018-04-09,MIN_VARIANCE_BUDGET_AVAILABLE,False,2018-04-02,2018-04-02,2017-04-10,242,3.5467536180786273e-06,0.19650058161723677,panic+learned+breakout,0.0,0.7485778596841498,0.002180158464347188,0.0,0.21433280052975523,0.003812190888640168,0.0,0.03708933978609497,0.004918089061472422,0.0,-4.414788475005762e-08,-4.968212345097013e-08,1.2535843480094011e-05,0.0,0.0,0.0
2018-04-10,MIN_VARIANCE_BUDGET_AVAILABLE,False,2018-04-02,2018-04-02,2017-04-10,242,3.5467536180786273e-06,0.19650058161723677,panic+learned+breakout,0.0,0.7485778596841498,0.002180158464347188,0.0,0.21433280052975523,0.003812190888640168,0.0,0.03708933978609497,0.004918089061472422,0.0,-4.414788475005762e-08,-4.968212345097013e-08,1.2535843480094011e-05,0.0,0.0,0.0
2018-04-11,MIN_VARIANCE_BUDGET_AVAILABLE,False,2018-04-02,2018-04-02,2017-04-10,242,3.5467536180786273e-06,0.19650058161723677,panic+learned+breakout,0.0,0.7485778596841498,0.002180158464347188,0.0,0.21433280052975523,0.003812190888640168,0.0,0.03708933978609497,0.004918089061472422,0.0,-4.414788475005762e-08,-4.968212345097013e-08,1.2535843480094011e-05,0.0,0.0,0.0
2018-04-12,MIN_VARIANCE_BUDGET_AVAILABLE,False,2018-04-02,2018-04-02,2017-04-10,242,3.5467536180786273e-06,0.19650058161723677,panic+learned+breakout,0.0,0.7485778596841498,0.002180158464347188,0.0,0.21433280052975523,0.003812190888640168,0.0,0.03708933978609497,0.004918089061472422,0.0,-4.414788475005762e-08,-4.968212345097013e-08,1.2535843480094011e-05,0.0,0.0,0.0
2018-04-13,MIN_VARIANCE_BUDGET_AVAILABLE,False,2018-04-02,2018-04-02,2017-04-10,242,3.5467536180786273e-06,0.19650058161723677,panic+learned+breakout,0.0,0.7485778596841498,0.002180158464347188,0.0,0.21433280052975523,0.003812190888640168,0.0,0.03708933978609497,0.004918089061472422,0.0,-4.414788475005762e-08,-4.968212345097013e-08,1.2535843480094011e-05,0.0,0.0,0.0
2018-04-16,MIN_VARIANCE_BUDGET_AVAILABLE,False,2018-04-02,2018-04-02,2017-04-10,242,3.5467536180786273e-06,0.19650058161723677,panic+learned+breakout,0.0,0.7485778596841498,0.002180158464347188,0.0,0.21433280052975523,0.003812190888640168,0.0,0.03708933978609497,0.004918089061472422,0.0,-4.414788475005762e-08,-4.968212345097013e-08,1.2535843480094011e-05,0.0,0.0,0.0
2018-04-17,MIN_VARIANCE_BUDGET_AVAILABLE,False,2018-04-02,2018-04-02,2017-04-10,242,3.5467536180786273e-06,0.19650058161723677,panic+learned+breakout,0.0,0.7485778596841498,0.002180158464347188,0.0,0.21433280052975523,0.003812190888640168,0.0,0.03708933978609497,0.004918089061472422,0.0,-4.414788475005762e-08,-4.968212345097013e-08,1.2535843480094011e-05,0.0,0.0,0.0
2018-04-18,MIN_VARIANCE_BUDGET_AVAILABLE,False,2018-04-02,2018-04-02,2017-04-10,242,3.5467536180786273e-06,0.19650058161723677,panic+learned+breakout,0.0,0.7485778596841498,0.002180158464347188,0.0,0.21433280052975523,0.003812190888640168,0.0,0.03708933978609497,0.004918089061472422,0.0,-4.414788475005762e-08,-4.968212345097013e-08,1.2535843480094011e-05,0.0,0.0,0.0
2018-04-19,MIN_VARIANCE_BUDGET_AVAILABLE,False,2018-04-02,2018-04-02,2017-04-10,242,3.5467536180786273e-06,0.19650058161723677,panic+learned+breakout,0.0,0.7485778596841498,0.002180158464347188,0.0,0.21433280052975523,0.003812190888640168,0.0,0.03708933978609497,0.004918089061472422,0.0,-4.414788475005762e-08,-4.968212345097013e-08,1.2535843480094011e-05,0.0,0.0,0.0
2018-04-20,MIN_VARIANCE_BUDGET_AVAILABLE,False,2018-04-02,2018-04-02,2017-04-10,242,3.5467536180786273e-06,0.19650058161723677,panic+learned+breakout,0.0,0.7485778596841498,0.002180158464347188,0.0,0.21433280052975523,0.003812190888640168,0.0,0.03708933978609497,0.004918089061472422,0.0,-4.414788475005762e-08,-4.968212345097013e-08,1.2535843480094011e-05,0.0,0.0,0.0
2018-04-23,MIN_VARIANCE_BUDGET_AVAILABLE,False,2018-04-02,2018-04-02,2017-04-10,242,3.5467536180786273e-06,0.19650058161723677,panic+learned+breakout,0.0,0.7485778596841498,0.002180158464347188,0.0,0.21433280052975523,0.003812190888640168,0.0,0.03708933978609497,0.004918089061472422,0.0,-4.414788475005762e-08,-4.968212345097013e-08,1.2535843480094011e-05,0.0,0.0,0.0
2018-04-24,MIN_VARIANCE_BUDGET_AVAILABLE,False,2018-04-02,2018-04-02,2017-04-10,242,3.5467536180786273e-06,0.19650058161723677,panic+learned+breakout,0.0,0.7485778596841498,0.002180158464347188,0.0,0.21433280052975523,0.003812190888640168,0.0,0.03708933978609497,0.004918089061472422,0.0,-4.414788475005762e-08,-4.968212345097013e-08,1.2535843480094011e-05,0.0,0.0,0.0
2018-04-25,MIN_VARIANCE_BUDGET_AVAILABLE,False,2018-04-02,2018-04-02,2017-04-10,242,3.5467536180786273e-06,0.19650058161723677,panic+learned+breakout,0.0,0.7485778596841498,0.002180158464347188,0.0,0.21433280052975523,0.003812190888640168,0.0,0.03708933978609497,0.004918089061472422,0.0,-4.414788475005762e-08,-4.968212345097013e-08,1.2535843480094011e-05,0.0,0.0,0.0
2018-04-26,MIN_VARIANCE_BUDGET_AVAILABLE,False,2018-04-02,2018-04-02,2017-04-10,242,3.5467536180786273e-06,0.19650058161723677,panic+learned+breakout,0.0,0.7485778596841498,0.002180158464347188,0.0,0.21433280052975523,0.003812190888640168,0.0,0.03708933978609497,0.004918089061472422,0.0,-4.414788475005762e-08,-4.968212345097013e-08,1.2535843480094011e-05,0.0,0.0,0.0
2018-04-27,MIN_VARIANCE_BUDGET_AVAILABLE,False,2018-04-02,2018-04-02,2017-04-10,242,3.5467536180786273e-06,0.19650058161723677,panic+learned+breakout,0.0,0.7485778596841498,0.002180158464347188,0.0,0.21433280052975523,0.003812190888640168,0.0,0.03708933978609497,0.004918089061472422,0.0,-4.414788475005762e-08,-4.968212345097013e-08,1.2535843480094011e-05,0.0,0.0,0.0
2018-05-02,MIN_VARIANCE_BUDGET_AVAILABLE,True,2018-05-02,2018-05-02,2017-05-05,242,3.5467536180786277e-06,0.1965005816172368,panic+learned+breakout,0.0,0.7485778596841496,0.0021801584643471885,0.0,0.21433280052975565,0.003812190888640166,0.0,0.03708933978609487,0.004918089061472423,0.0,-4.414788475005762e-08,-4.968212345097013e-08,1.2535843480093996e-05,0.0,0.0,0.0
2018-05-03,MIN_VARIANCE_BUDGET_AVAILABLE,False,2018-05-02,2018-05-02,2017-05-05,242,3.5467536180786277e-06,0.1965005816172368,panic+learned+breakout,0.0,0.7485778596841496,0.0021801584643471885,0.0,0.21433280052975565,0.003812190888640166,0.0,0.03708933978609487,0.004918089061472423,0.0,-4.414788475005762e-08,-4.968212345097013e-08,1.2535843480093996e-05,0.0,0.0,0.0
2018-05-04,MIN_VARIANCE_BUDGET_AVAILABLE,False,2018-05-02,2018-05-02,2017-05-05,242,3.5467536180786277e-06,0.1965005816172368,panic+learned+breakout,0.0,0.7485778596841496,0.0021801584643471885,0.0,0.21433280052975565,0.003812190888640166,0.0,0.03708933978609487,0.004918089061472423,0.0,-4.414788475005762e-08,-4.968212345097013e-08,1.2535843480093996e-05,0.0,0.0,0.0
2018-05-07,MIN_VARIANCE_BUDGET_AVAILABLE,False,2018-05-02,2018-05-02,2017-05-05,242,3.5467536180786277e-06,0.1965005816172368,panic+learned+breakout,0.0,0.7485778596841496,0.0021801584643471885,0.0,0.21433280052975565,0.003812190888640166,0.0,0.03708933978609487,0.004918089061472423,0.0,-4.414788475005762e-08,-4.968212345097013e-08,1.2535843480093996e-05,0.0,0.0,0.0
2018-05-08,MIN_VARIANCE_BUDGET_AVAILABLE,False,2018-05-02,2018-05-02,2017-05-05,242,3.5467536180786277e-06,0.1965005816172368,panic+learned+breakout,0.0,0.7485778596841496,0.0021801584643471885,0.0,0.21433280052975565,0.003812190888640166,0.0,0.03708933978609487,0.004918089061472423,0.0,-4.414788475005762e-08,-4.968212345097013e-08,1.2535843480093996e-05,0.0,0.0,0.0
2018-05-09,MIN_VARIANCE_BUDGET_AVAILABLE,False,2018-05-02,2018-05-02,2017-05-05,242,3.5467536180786277e-06,0.1965005816172368,panic+learned+breakout,0.0,0.7485778596841496,0.0021801584643471885,0.0,0.21433280052975565,0.003812190888640166,0.0,0.03708933978609487,0.004918089061472423,0.0,-4.414788475005762e-08,-4.968212345097013e-08,1.2535843480093996e-05,0.0,0.0,0.0
2018-05-10,MIN_VARIANCE_BUDGET_AVAILABLE,False,2018-05-02,2018-05-02,2017-05-05,242,3.5467536180786277e-06,0.1965005816172368,panic+learned+breakout,0.0,0.7485778596841496,0.0021801584643471885,0.0,0.21433280052975565,0.003812190888640166,0.0,0.03708933978609487,0.004918089061472423,0.0,-4.414788475005762e-08,-4.968212345097013e-08,1.2535843480093996e-05,0.0,0.0,0.0
2018-05-11,MIN_VARIANCE_BUDGET_AVAILABLE,False,2018-05-02,2018-05-02,2017-05-05,242,3.5467536180786277e-06,0.1965005816172368,panic+learned+breakout,0.0,0.7485778596841496,0.0021801584643471885,0.0,0.21433280052975565,0.003812190888640166,0.0,0.03708933978609487,0.004918089061472423,0.0,-4.414788475005762e-08,-4.968212345097013e-08,1.2535843480093996e-05,0.0,0.0,0.0
2018-05-14,MIN_VARIANCE_BUDGET_AVAILABLE,False,2018-05-02,2018-05-02,2017-05-05,242,3.5467536180786277e-06,0.1965005816172368,panic+learned+breakout,0.0,0.7485778596841496,0.0021801584643471885,0.0,0.21433280052975565,0.003812190888640166,0.0,0.03708933978609487,0.004918089061472423,0.0,-4.414788475005762e-08,-4.968212345097013e-08,1.2535843480093996e-05,0.0,0.0,0.0
2018-05-15,MIN_VARIANCE_BUDGET_AVAILABLE,False,2018-05-02,2018-05-02,2017-05-05,242,3.5467536180786277e-06,0.1965005816172368,panic+learned+breakout,0.0,0.7485778596841496,0.0021801584643471885,0.0,0.21433280052975565,0.003812190888640166,0.0,0.03708933978609487,0.004918089061472423,0.0,-4.414788475005762e-08,-4.968212345097013e-08,1.2535843480093996e-05,0.0,0.0,0.0
2018-05-16,MIN_VARIANCE_BUDGET_AVAILABLE,False,2018-05-02,2018-05-02,2017-05-05,242,3.5467536180786277e-06,0.1965005816172368,panic+learned+breakout,0.0,0.7485778596841496,0.0021801584643471885,0.0,0.21433280052975565,0.003812190888640166,0.0,0.03708933978609487,0.004918089061472423,0.0,-4.414788475005762e-08,-4.968212345097013e-08,1.2535843480093996e-05,0.0,0.0,0.0
2018-05-17,MIN_VARIANCE_BUDGET_AVAILABLE,False,2018-05-02,2018-05-02,2017-05-05,242,3.5467536180786277e-06,0.1965005816172368,panic+learned+breakout,0.0,0.7485778596841496,0.0021801584643471885,0.0,0.21433280052975565,0.003812190888640166,0.0,0.03708933978609487,0.004918089061472423,0.0,-4.414788475005762e-08,-4.968212345097013e-08,1.2535843480093996e-05,0.0,0.0,0.0
2018-05-18,MIN_VARIANCE_BUDGET_AVAILABLE,False,2018-05-02,2018-05-02,2017-05-05,242,3.5467536180786277e-06,0.1965005816172368,panic+learned+breakout,0.0,0.7485778596841496,0.0021801584643471885,0.0,0.21433280052975565,0.003812190888640166,0.0,0.03708933978609487,0.004918089061472423,0.0,-4.414788475005762e-08,-4.968212345097013e-08,1.2535843480093996e-05,0.0,0.0,0.0
2018-05-21,MIN_VARIANCE_BUDGET_AVAILABLE,False,2018-05-02,2018-05-02,2017-05-05,242,3.5467536180786277e-06,0.1965005816172368,panic+learned+breakout,0.0,0.7485778596841496,0.0021801584643471885,0.0,0.21433280052975565,0.003812190888640166,0.0,0.03708933978609487,0.004918089061472423,0.0,-4.414788475005762e-08,-4.968212345097013e-08,1.2535843480093996e-05,0.0,0.0,0.0
2018-05-22,MIN_VARIANCE_BUDGET_AVAILABLE,False,2018-05-02,2018-05-02,2017-05-05,242,3.5467536180786277e-06,0.1965005816172368,panic+learned+breakout,0.0,0.7485778596841496,0.0021801584643471885,0.0,0.21433280052975565,0.003812190888640166,0.0,0.03708933978609487,0.004918089061472423,0.0,-4.414788475005762e-08,-4.968212345097013e-08,1.2535843480093996e-05,0.0,0.0,0.0
2018-05-23,MIN_VARIANCE_BUDGET_AVAILABLE,False,2018-05-02,2018-05-02,2017-05-05,242,3.5467536180786277e-06,0.1965005816172368,panic+learned+breakout,0.0,0.7485778596841496,0.0021801584643471885,0.0,0.21433280052975565,0.003812190888640166,0.0,0.03708933978609487,0.004918089061472423,0.0,-4.414788475005762e-08,-4.968212345097013e-08,1.2535843480093996e-05,0.0,0.0,0.0
2018-05-24,MIN_VARIANCE_BUDGET_AVAILABLE,False,2018-05-02,2018-05-02,2017-05-05,242,3.5467536180786277e-06,0.1965005816172368,panic+learned+breakout,0.0,0.7485778596841496,0.0021801584643471885,0.0,0.21433280052975565,0.003812190888640166,0.0,0.03708933978609487,0.004918089061472423,0.0,-4.414788475005762e-08,-4.968212345097013e-08,1.2535843480093996e-05,0.0,0.0,0.0
2018-05-25,MIN_VARIANCE_BUDGET_AVAILABLE,False,2018-05-02,2018-05-02,2017-05-05,242,3.5467536180786277e-06,0.1965005816172368,panic+learned+breakout,0.0,0.7485778596841496,0.0021801584643471885,0.0,0.21433280052975565,0.003812190888640166,0.0,0.03708933978609487,0.004918089061472423,0.0,-4.414788475005762e-08,-4.968212345097013e-08,1.2535843480093996e-05,0.0,0.0,0.0
2018-05-28,MIN_VARIANCE_BUDGET_AVAILABLE,False,2018-05-02,2018-05-02,2017-05-05,242,3.5467536180786277e-06,0.1965005816172368,panic+learned+breakout,0.0,0.7485778596841496,0.0021801584643471885,0.0,0.21433280052975565,0.003812190888640166,0.0,0.03708933978609487,0.004918089061472423,0.0,-4.414788475005762e-08,-4.968212345097013e-08,1.2535843480093996e-05,0.0,0.0,0.0
2018-05-29,MIN_VARIANCE_BUDGET_AVAILABLE,False,2018-05-02,2018-05-02,2017-05-05,242,3.5467536180786277e-06,0.1965005816172368,panic+learned+breakout,0.0,0.7485778596841496,0.0021801584643471885,0.0,0.21433280052975565,0.003812190888640166,0.0,0.03708933978609487,0.004918089061472423,0.0,-4.414788475005762e-08,-4.968212345097013e-08,1.2535843480093996e-05,0.0,0.0,0.0
2018-05-30,MIN_VARIANCE_BUDGET_AVAILABLE,False,2018-05-02,2018-05-02,2017-05-05,242,3.5467536180786277e-06,0.1965005816172368,panic+learned+breakout,0.0,0.7485778596841496,0.0021801584643471885,0.0,0.21433280052975565,0.003812190888640166,0.0,0.03708933978609487,0.004918089061472423,0.0,-4.414788475005762e-08,-4.968212345097013e-08,1.2535843480093996e-05,0.0,0.0,0.0
2018-05-31,MIN_VARIANCE_BUDGET_AVAILABLE,False,2018-05-02,2018-05-02,2017-05-05,242,3.5467536180786277e-06,0.1965005816172368,panic+learned+breakout,0.0,0.7485778596841496,0.0021801584643471885,0.0,0.21433280052975565,0.003812190888640166,0.0,0.03708933978609487,0.004918089061472423,0.0,-4.414788475005762e-08,-4.968212345097013e-08,1.2535843480093996e-05,0.0,0.0,0.0
2018-06-01,MIN_VARIANCE_BUDGET_AVAILABLE,True,2018-06-01,2018-06-01,2017-06-08,242,3.3420336707058443e-06,0.19260338131637517,panic+learned+breakout,0.0,0.7045852976961607,0.002180158464347189,0.0,0.2937643178161219,0.0033717635246846866,0.0,0.0016503844877172999,0.004792643299095787,0.0,-2.3333931590284122e-08,-4.2196502576230635e-08,1.1348744940156431e-05,0.0,0.0,0.0
2018-06-04,MIN_VARIANCE_BUDGET_AVAILABLE,False,2018-06-01,2018-06-01,2017-06-08,242,3.3420336707058443e-06,0.19260338131637517,panic+learned+breakout,0.0,0.7045852976961607,0.002180158464347189,0.0,0.2937643178161219,0.0033717635246846866,0.0,0.0016503844877172999,0.004792643299095787,0.0,-2.3333931590284122e-08,-4.2196502576230635e-08,1.1348744940156431e-05,0.0,0.0,0.0
2018-06-05,MIN_VARIANCE_BUDGET_AVAILABLE,False,2018-06-01,2018-06-01,2017-06-08,242,3.3420336707058443e-06,0.19260338131637517,panic+learned+breakout,0.0,0.7045852976961607,0.002180158464347189,0.0,0.2937643178161219,0.0033717635246846866,0.0,0.0016503844877172999,0.004792643299095787,0.0,-2.3333931590284122e-08,-4.2196502576230635e-08,1.1348744940156431e-05,0.0,0.0,0.0
2018-06-06,MIN_VARIANCE_BUDGET_AVAILABLE,False,2018-06-01,2018-06-01,2017-06-08,242,3.3420336707058443e-06,0.19260338131637517,panic+learned+breakout,0.0,0.7045852976961607,0.002180158464347189,0.0,0.2937643178161219,0.0033717635246846866,0.0,0.0016503844877172999,0.004792643299095787,0.0,-2.3333931590284122e-08,-4.2196502576230635e-08,1.1348744940156431e-05,0.0,0.0,0.0
2018-06-07,MIN_VARIANCE_BUDGET_AVAILABLE,False,2018-06-01,2018-06-01,2017-06-08,242,3.3420336707058443e-06,0.19260338131637517,panic+learned+breakout,0.0,0.7045852976961607,0.002180158464347189,0.0,0.2937643178161219,0.0033717635246846866,0.0,0.0016503844877172999,0.004792643299095787,0.0,-2.3333931590284122e-08,-4.2196502576230635e-08,1.1348744940156431e-05,0.0,0.0,0.0
2018-06-08,MIN_VARIANCE_BUDGET_AVAILABLE,False,2018-06-01,2018-06-01,2017-06-08,242,3.3420336707058443e-06,0.19260338131637517,panic+learned+breakout,0.0,0.7045852976961607,0.002180158464347189,0.0,0.2937643178161219,0.0033717635246846866,0.0,0.0016503844877172999,0.004792643299095787,0.0,-2.3333931590284122e-08,-4.2196502576230635e-08,1.1348744940156431e-05,0.0,0.0,0.0
2018-06-11,MIN_VARIANCE_BUDGET_AVAILABLE,False,2018-06-01,2018-06-01,2017-06-08,242,3.3420336707058443e-06,0.19260338131637517,panic+learned+breakout,0.0,0.7045852976961607,0.002180158464347189,0.0,0.2937643178161219,0.0033717635246846866,0.0,0.0016503844877172999,0.004792643299095787,0.0,-2.3333931590284122e-08,-4.2196502576230635e-08,1.1348744940156431e-05,0.0,0.0,0.0
2018-06-12,MIN_VARIANCE_BUDGET_AVAILABLE,False,2018-06-01,2018-06-01,2017-06-08,242,3.3420336707058443e-06,0.19260338131637517,panic+learned+breakout,0.0,0.7045852976961607,0.002180158464347189,0.0,0.2937643178161219,0.0033717635246846866,0.0,0.0016503844877172999,0.004792643299095787,0.0,-2.3333931590284122e-08,-4.2196502576230635e-08,1.1348744940156431e-05,0.0,0.0,0.0
2018-06-13,MIN_VARIANCE_BUDGET_AVAILABLE,False,2018-06-01,2018-06-01,2017-06-08,242,3.3420336707058443e-06,0.19260338131637517,panic+learned+breakout,0.0,0.7045852976961607,0.002180158464347189,0.0,0.2937643178161219,0.0033717635246846866,0.0,0.0016503844877172999,0.004792643299095787,0.0,-2.3333931590284122e-08,-4.2196502576230635e-08,1.1348744940156431e-05,0.0,0.0,0.0
2018-06-14,MIN_VARIANCE_BUDGET_AVAILABLE,False,2018-06-01,2018-06-01,2017-06-08,242,3.3420336707058443e-06,0.19260338131637517,panic+learned+breakout,0.0,0.7045852976961607,0.002180158464347189,0.0,0.2937643178161219,0.0033717635246846866,0.0,0.0016503844877172999,0.004792643299095787,0.0,-2.3333931590284122e-08,-4.2196502576230635e-08,1.1348744940156431e-05,0.0,0.0,0.0
2018-06-15,MIN_VARIANCE_BUDGET_AVAILABLE,False,2018-06-01,2018-06-01,2017-06-08,242,3.3420336707058443e-06,0.19260338131637517,panic+learned+breakout,0.0,0.7045852976961607,0.002180158464347189,0.0,0.2937643178161219,0.0033717635246846866,0.0,0.0016503844877172999,0.004792643299095787,0.0,-2.3333931590284122e-08,-4.2196502576230635e-08,1.1348744940156431e-05,0.0,0.0,0.0
2018-06-19,MIN_VARIANCE_BUDGET_AVAILABLE,False,2018-06-01,2018-06-01,2017-06-08,242,3.3420336707058443e-06,0.19260338131637517,panic+learned+breakout,0.0,0.7045852976961607,0.002180158464347189,0.0,0.2937643178161219,0.0033717635246846866,0.0,0.0016503844877172999,0.004792643299095787,0.0,-2.3333931590284122e-08,-4.2196502576230635e-08,1.1348744940156431e-05,0.0,0.0,0.0
2018-06-20,MIN_VARIANCE_BUDGET_AVAILABLE,False,2018-06-01,2018-06-01,2017-06-08,242,3.3420336707058443e-06,0.19260338131637517,panic+learned+breakout,0.0,0.7045852976961607,0.002180158464347189,0.0,0.2937643178161219,0.0033717635246846866,0.0,0.0016503844877172999,0.004792643299095787,0.0,-2.3333931590284122e-08,-4.2196502576230635e-08,1.1348744940156431e-05,0.0,0.0,0.0
2018-06-21,MIN_VARIANCE_BUDGET_AVAILABLE,False,2018-06-01,2018-06-01,2017-06-08,242,3.3420336707058443e-06,0.19260338131637517,panic+learned+breakout,0.0,0.7045852976961607,0.002180158464347189,0.0,0.2937643178161219,0.0033717635246846866,0.0,0.0016503844877172999,0.004792643299095787,0.0,-2.3333931590284122e-08,-4.2196502576230635e-08,1.1348744940156431e-05,0.0,0.0,0.0
2018-06-22,MIN_VARIANCE_BUDGET_AVAILABLE,False,2018-06-01,2018-06-01,2017-06-08,242,3.3420336707058443e-06,0.19260338131637517,panic+learned+breakout,0.0,0.7045852976961607,0.002180158464347189,0.0,0.2937643178161219,0.0033717635246846866,0.0,0.0016503844877172999,0.004792643299095787,0.0,-2.3333931590284122e-08,-4.2196502576230635e-08,1.1348744940156431e-05,0.0,0.0,0.0
2018-06-25,MIN_VARIANCE_BUDGET_AVAILABLE,False,2018-06-01,2018-06-01,2017-06-08,242,3.3420336707058443e-06,0.19260338131637517,panic+learned+breakout,0.0,0.7045852976961607,0.002180158464347189,0.0,0.2937643178161219,0.0033717635246846866,0.0,0.0016503844877172999,0.004792643299095787,0.0,-2.3333931590284122e-08,-4.2196502576230635e-08,1.1348744940156431e-05,0.0,0.0,0.0
2018-06-26,MIN_VARIANCE_BUDGET_AVAILABLE,False,2018-06-01,2018-06-01,2017-06-08,242,3.3420336707058443e-06,0.19260338131637517,panic+learned+breakout,0.0,0.7045852976961607,0.002180158464347189,0.0,0.2937643178161219,0.0033717635246846866,0.0,0.0016503844877172999,0.004792643299095787,0.0,-2.3333931590284122e-08,-4.2196502576230635e-08,1.1348744940156431e-05,0.0,0.0,0.0
2018-06-27,MIN_VARIANCE_BUDGET_AVAILABLE,False,2018-06-01,2018-06-01,2017-06-08,242,3.3420336707058443e-06,0.19260338131637517,panic+learned+breakout,0.0,0.7045852976961607,0.002180158464347189,0.0,0.2937643178161219,0.0033717635246846866,0.0,0.0016503844877172999,0.004792643299095787,0.0,-2.3333931590284122e-08,-4.2196502576230635e-08,1.1348744940156431e-05,0.0,0.0,0.0
2018-06-28,MIN_VARIANCE_BUDGET_AVAILABLE,False,2018-06-01,2018-06-01,2017-06-08,242,3.3420336707058443e-06,0.19260338131637517,panic+learned+breakout,0.0,0.7045852976961607,0.002180158464347189,0.0,0.2937643178161219,0.0033717635246846866,0.0,0.0016503844877172999,0.004792643299095787,0.0,-2.3333931590284122e-08,-4.2196502576230635e-08,1.1348744940156431e-05,0.0,0.0,0.0
2018-06-29,MIN_VARIANCE_BUDGET_AVAILABLE,False,2018-06-01,2018-06-01,2017-06-08,242,3.3420336707058443e-06,0.19260338131637517,panic+learned+breakout,0.0,0.7045852976961607,0.002180158464347189,0.0,0.2937643178161219,0.0033717635246846866,0.0,0.0016503844877172999,0.004792643299095787,0.0,-2.3333931590284122e-08,-4.2196502576230635e-08,1.1348744940156431e-05,0.0,0.0,0.0
2018-07-02,MIN_VARIANCE_BUDGET_AVAILABLE,True,2018-07-02,2018-07-02,2017-07-06,242,2.8134987022153895e-06,0.19911621837023127,panic+learned+breakout,0.0,0.5921303440204098,0.0021801584643471894,0.0,0.40698099346351074,0.0026270427632518584,0.0,0.0008886625160795326,0.004306520093497365,0.0,-2.2897417570076195e-09,-2.113710421448834e-08,6.903352811628192e-06,0.0,0.0,0.0
2018-07-03,MIN_VARIANCE_BUDGET_AVAILABLE,False,2018-07-02,2018-07-02,2017-07-06,242,2.8134987022153895e-06,0.19911621837023127,panic+learned+breakout,0.0,0.5921303440204098,0.0021801584643471894,0.0,0.40698099346351074,0.0026270427632518584,0.0,0.0008886625160795326,0.004306520093497365,0.0,-2.2897417570076195e-09,-2.113710421448834e-08,6.903352811628192e-06,0.0,0.0,0.0
2018-07-04,MIN_VARIANCE_BUDGET_AVAILABLE,False,2018-07-02,2018-07-02,2017-07-06,242,2.8134987022153895e-06,0.19911621837023127,panic+learned+breakout,0.0,0.5921303440204098,0.0021801584643471894,0.0,0.40698099346351074,0.0026270427632518584,0.0,0.0008886625160795326,0.004306520093497365,0.0,-2.2897417570076195e-09,-2.113710421448834e-08,6.903352811628192e-06,0.0,0.0,0.0
2018-07-05,MIN_VARIANCE_BUDGET_AVAILABLE,False,2018-07-02,2018-07-02,2017-07-06,242,2.8134987022153895e-06,0.19911621837023127,panic+learned+breakout,0.0,0.5921303440204098,0.0021801584643471894,0.0,0.40698099346351074,0.0026270427632518584,0.0,0.0008886625160795326,0.004306520093497365,0.0,-2.2897417570076195e-09,-2.113710421448834e-08,6.903352811628192e-06,0.0,0.0,0.0
2018-07-06,MIN_VARIANCE_BUDGET_AVAILABLE,False,2018-07-02,2018-07-02,2017-07-06,242,2.8134987022153895e-06,0.19911621837023127,panic+learned+breakout,0.0,0.5921303440204098,0.0021801584643471894,0.0,0.40698099346351074,0.0026270427632518584,0.0,0.0008886625160795326,0.004306520093497365,0.0,-2.2897417570076195e-09,-2.113710421448834e-08,6.903352811628192e-06,0.0,0.0,0.0
2018-07-09,MIN_VARIANCE_BUDGET_AVAILABLE,False,2018-07-02,2018-07-02,2017-07-06,242,2.8134987022153895e-06,0.19911621837023127,panic+learned+breakout,0.0,0.5921303440204098,0.0021801584643471894,0.0,0.40698099346351074,0.0026270427632518584,0.0,0.0008886625160795326,0.004306520093497365,0.0,-2.2897417570076195e-09,-2.113710421448834e-08,6.903352811628192e-06,0.0,0.0,0.0
2018-07-10,MIN_VARIANCE_BUDGET_AVAILABLE,False,2018-07-02,2018-07-02,2017-07-06,242,2.8134987022153895e-06,0.19911621837023127,panic+learned+breakout,0.0,0.5921303440204098,0.0021801584643471894,0.0,0.40698099346351074,0.0026270427632518584,0.0,0.0008886625160795326,0.004306520093497365,0.0,-2.2897417570076195e-09,-2.113710421448834e-08,6.903352811628192e-06,0.0,0.0,0.0
2018-07-11,MIN_VARIANCE_BUDGET_AVAILABLE,False,2018-07-02,2018-07-02,2017-07-06,242,2.8134987022153895e-06,0.19911621837023127,panic+learned+breakout,0.0,0.5921303440204098,0.0021801584643471894,0.0,0.40698099346351074,0.0026270427632518584,0.0,0.0008886625160795326,0.004306520093497365,0.0,-2.2897417570076195e-09,-2.113710421448834e-08,6.903352811628192e-06,0.0,0.0,0.0
2018-07-12,MIN_VARIANCE_BUDGET_AVAILABLE,False,2018-07-02,2018-07-02,2017-07-06,242,2.8134987022153895e-06,0.19911621837023127,panic+learned+breakout,0.0,0.5921303440204098,0.0021801584643471894,0.0,0.40698099346351074,0.0026270427632518584,0.0,0.0008886625160795326,0.004306520093497365,0.0,-2.2897417570076195e-09,-2.113710421448834e-08,6.903352811628192e-06,0.0,0.0,0.0
2018-07-13,MIN_VARIANCE_BUDGET_AVAILABLE,False,2018-07-02,2018-07-02,2017-07-06,242,2.8134987022153895e-06,0.19911621837023127,panic+learned+breakout,0.0,0.5921303440204098,0.0021801584643471894,0.0,0.40698099346351074,0.0026270427632518584,0.0,0.0008886625160795326,0.004306520093497365,0.0,-2.2897417570076195e-09,-2.113710421448834e-08,6.903352811628192e-06,0.0,0.0,0.0
2018-07-16,MIN_VARIANCE_BUDGET_AVAILABLE,False,2018-07-02,2018-07-02,2017-07-06,242,2.8134987022153895e-06,0.19911621837023127,panic+learned+breakout,0.0,0.5921303440204098,0.0021801584643471894,0.0,0.40698099346351074,0.0026270427632518584,0.0,0.0008886625160795326,0.004306520093497365,0.0,-2.2897417570076195e-09,-2.113710421448834e-08,6.903352811628192e-06,0.0,0.0,0.0
2018-07-17,MIN_VARIANCE_BUDGET_AVAILABLE,False,2018-07-02,2018-07-02,2017-07-06,242,2.8134987022153895e-06,0.19911621837023127,panic+learned+breakout,0.0,0.5921303440204098,0.0021801584643471894,0.0,0.40698099346351074,0.0026270427632518584,0.0,0.0008886625160795326,0.004306520093497365,0.0,-2.2897417570076195e-09,-2.113710421448834e-08,6.903352811628192e-06,0.0,0.0,0.0
2018-07-18,MIN_VARIANCE_BUDGET_AVAILABLE,False,2018-07-02,2018-07-02,2017-07-06,242,2.8134987022153895e-06,0.19911621837023127,panic+learned+breakout,0.0,0.5921303440204098,0.0021801584643471894,0.0,0.40698099346351074,0.0026270427632518584,0.0,0.0008886625160795326,0.004306520093497365,0.0,-2.2897417570076195e-09,-2.113710421448834e-08,6.903352811628192e-06,0.0,0.0,0.0
2018-07-19,MIN_VARIANCE_BUDGET_AVAILABLE,False,2018-07-02,2018-07-02,2017-07-06,242,2.8134987022153895e-06,0.19911621837023127,panic+learned+breakout,0.0,0.5921303440204098,0.0021801584643471894,0.0,0.40698099346351074,0.0026270427632518584,0.0,0.0008886625160795326,0.004306520093497365,0.0,-2.2897417570076195e-09,-2.113710421448834e-08,6.903352811628192e-06,0.0,0.0,0.0
2018-07-20,MIN_VARIANCE_BUDGET_AVAILABLE,False,2018-07-02,2018-07-02,2017-07-06,242,2.8134987022153895e-06,0.19911621837023127,panic+learned+breakout,0.0,0.5921303440204098,0.0021801584643471894,0.0,0.40698099346351074,0.0026270427632518584,0.0,0.0008886625160795326,0.004306520093497365,0.0,-2.2897417570076195e-09,-2.113710421448834e-08,6.903352811628192e-06,0.0,0.0,0.0
2018-07-23,MIN_VARIANCE_BUDGET_AVAILABLE,False,2018-07-02,2018-07-02,2017-07-06,242,2.8134987022153895e-06,0.19911621837023127,panic+learned+breakout,0.0,0.5921303440204098,0.0021801584643471894,0.0,0.40698099346351074,0.0026270427632518584,0.0,0.0008886625160795326,0.004306520093497365,0.0,-2.2897417570076195e-09,-2.113710421448834e-08,6.903352811628192e-06,0.0,0.0,0.0
2018-07-24,MIN_VARIANCE_BUDGET_AVAILABLE,False,2018-07-02,2018-07-02,2017-07-06,242,2.8134987022153895e-06,0.19911621837023127,panic+learned+breakout,0.0,0.5921303440204098,0.0021801584643471894,0.0,0.40698099346351074,0.0026270427632518584,0.0,0.0008886625160795326,0.004306520093497365,0.0,-2.2897417570076195e-09,-2.113710421448834e-08,6.903352811628192e-06,0.0,0.0,0.0
2018-07-25,MIN_VARIANCE_BUDGET_AVAILABLE,False,2018-07-02,2018-07-02,2017-07-06,242,2.8134987022153895e-06,0.19911621837023127,panic+learned+breakout,0.0,0.5921303440204098,0.0021801584643471894,0.0,0.40698099346351074,0.0026270427632518584,0.0,0.0008886625160795326,0.004306520093497365,0.0,-2.2897417570076195e-09,-2.113710421448834e-08,6.903352811628192e-06,0.0,0.0,0.0
2018-07-26,MIN_VARIANCE_BUDGET_AVAILABLE,False,2018-07-02,2018-07-02,2017-07-06,242,2.8134987022153895e-06,0.19911621837023127,panic+learned+breakout,0.0,0.5921303440204098,0.0021801584643471894,0.0,0.40698099346351074,0.0026270427632518584,0.0,0.0008886625160795326,0.004306520093497365,0.0,-2.2897417570076195e-09,-2.113710421448834e-08,6.903352811628192e-06,0.0,0.0,0.0
2018-07-27,MIN_VARIANCE_BUDGET_AVAILABLE,False,2018-07-02,2018-07-02,2017-07-06,242,2.8134987022153895e-06,0.19911621837023127,panic+learned+breakout,0.0,0.5921303440204098,0.0021801584643471894,0.0,0.40698099346351074,0.0026270427632518584,0.0,0.0008886625160795326,0.004306520093497365,0.0,-2.2897417570076195e-09,-2.113710421448834e-08,6.903352811628192e-06,0.0,0.0,0.0
2018-07-30,MIN_VARIANCE_BUDGET_AVAILABLE,False,2018-07-02,2018-07-02,2017-07-06,242,2.8134987022153895e-06,0.19911621837023127,panic+learned+breakout,0.0,0.5921303440204098,0.0021801584643471894,0.0,0.40698099346351074,0.0026270427632518584,0.0,0.0008886625160795326,0.004306520093497365,0.0,-2.2897417570076195e-09,-2.113710421448834e-08,6.903352811628192e-06,0.0,0.0,0.0
2018-07-31,MIN_VARIANCE_BUDGET_AVAILABLE,False,2018-07-02,2018-07-02,2017-07-06,242,2.8134987022153895e-06,0.19911621837023127,panic+learned+breakout,0.0,0.5921303440204098,0.0021801584643471894,0.0,0.40698099346351074,0.0026270427632518584,0.0,0.0008886625160795326,0.004306520093497365,0.0,-2.2897417570076195e-09,-2.113710421448834e-08,6.903352811628192e-06,0.0,0.0,0.0
2018-08-01,MIN_VARIANCE_BUDGET_AVAILABLE,True,2018-08-01,2018-08-01,2017-08-07,242,1.2409505676003977e-06,0.10760327722760511,panic+learned,0.0,0.259787030197214,0.00218015846434719,0.0,0.740212969802786,0.0012936604807153452,0.0,0.0,0.0036519280744832126,0.0,8.320835998229153e-09,-1.0518959985448765e-08,1.684678531617468e-06,0.0,0.0,0.0
2018-08-02,MIN_VARIANCE_BUDGET_AVAILABLE,False,2018-08-01,2018-08-01,2017-08-07,242,1.2409505676003977e-06,0.10760327722760511,panic+learned,0.0,0.259787030197214,0.00218015846434719,0.0,0.740212969802786,0.0012936604807153452,0.0,0.0,0.0036519280744832126,0.0,8.320835998229153e-09,-1.0518959985448765e-08,1.684678531617468e-06,0.0,0.0,0.0
2018-08-03,MIN_VARIANCE_BUDGET_AVAILABLE,False,2018-08-01,2018-08-01,2017-08-07,242,1.2409505676003977e-06,0.10760327722760511,panic+learned,0.0,0.259787030197214,0.00218015846434719,0.0,0.740212969802786,0.0012936604807153452,0.0,0.0,0.0036519280744832126,0.0,8.320835998229153e-09,-1.0518959985448765e-08,1.684678531617468e-06,0.0,0.0,0.0
2018-08-06,MIN_VARIANCE_BUDGET_AVAILABLE,False,2018-08-01,2018-08-01,2017-08-07,242,1.2409505676003977e-06,0.10760327722760511,panic+learned,0.0,0.259787030197214,0.00218015846434719,0.0,0.740212969802786,0.0012936604807153452,0.0,0.0,0.0036519280744832126,0.0,8.320835998229153e-09,-1.0518959985448765e-08,1.684678531617468e-06,0.0,0.0,0.0
2018-08-07,MIN_VARIANCE_BUDGET_AVAILABLE,False,2018-08-01,2018-08-01,2017-08-07,242,1.2409505676003977e-06,0.10760327722760511,panic+learned,0.0,0.259787030197214,0.00218015846434719,0.0,0.740212969802786,0.0012936604807153452,0.0,0.0,0.0036519280744832126,0.0,8.320835998229153e-09,-1.0518959985448765e-08,1.684678531617468e-06,0.0,0.0,0.0
2018-08-08,MIN_VARIANCE_BUDGET_AVAILABLE,False,2018-08-01,2018-08-01,2017-08-07,242,1.2409505676003977e-06,0.10760327722760511,panic+learned,0.0,0.259787030197214,0.00218015846434719,0.0,0.740212969802786,0.0012936604807153452,0.0,0.0,0.0036519280744832126,0.0,8.320835998229153e-09,-1.0518959985448765e-08,1.684678531617468e-06,0.0,0.0,0.0
2018-08-09,MIN_VARIANCE_BUDGET_AVAILABLE,False,2018-08-01,2018-08-01,2017-08-07,242,1.2409505676003977e-06,0.10760327722760511,panic+learned,0.0,0.259787030197214,0.00218015846434719,0.0,0.740212969802786,0.0012936604807153452,0.0,0.0,0.0036519280744832126,0.0,8.320835998229153e-09,-1.0518959985448765e-08,1.684678531617468e-06,0.0,0.0,0.0
2018-08-10,MIN_VARIANCE_BUDGET_AVAILABLE,False,2018-08-01,2018-08-01,2017-08-07,242,1.2409505676003977e-06,0.10760327722760511,panic+learned,0.0,0.259787030197214,0.00218015846434719,0.0,0.740212969802786,0.0012936604807153452,0.0,0.0,0.0036519280744832126,0.0,8.320835998229153e-09,-1.0518959985448765e-08,1.684678531617468e-06,0.0,0.0,0.0
2018-08-13,MIN_VARIANCE_BUDGET_AVAILABLE,False,2018-08-01,2018-08-01,2017-08-07,242,1.2409505676003977e-06,0.10760327722760511,panic+learned,0.0,0.259787030197214,0.00218015846434719,0.0,0.740212969802786,0.0012936604807153452,0.0,0.0,0.0036519280744832126,0.0,8.320835998229153e-09,-1.0518959985448765e-08,1.684678531617468e-06,0.0,0.0,0.0
2018-08-14,MIN_VARIANCE_BUDGET_AVAILABLE,False,2018-08-01,2018-08-01,2017-08-07,242,1.2409505676003977e-06,0.10760327722760511,panic+learned,0.0,0.259787030197214,0.00218015846434719,0.0,0.740212969802786,0.0012936604807153452,0.0,0.0,0.0036519280744832126,0.0,8.320835998229153e-09,-1.0518959985448765e-08,1.684678531617468e-06,0.0,0.0,0.0
2018-08-15,MIN_VARIANCE_BUDGET_AVAILABLE,False,2018-08-01,2018-08-01,2017-08-07,242,1.2409505676003977e-06,0.10760327722760511,panic+learned,0.0,0.259787030197214,0.00218015846434719,0.0,0.740212969802786,0.0012936604807153452,0.0,0.0,0.0036519280744832126,0.0,8.320835998229153e-09,-1.0518959985448765e-08,1.684678531617468e-06,0.0,0.0,0.0
2018-08-16,MIN_VARIANCE_BUDGET_AVAILABLE,False,2018-08-01,2018-08-01,2017-08-07,242,1.2409505676003977e-06,0.10760327722760511,panic+learned,0.0,0.259787030197214,0.00218015846434719,0.0,0.740212969802786,0.0012936604807153452,0.0,0.0,0.0036519280744832126,0.0,8.320835998229153e-09,-1.0518959985448765e-08,1.684678531617468e-06,0.0,0.0,0.0
2018-08-17,MIN_VARIANCE_BUDGET_AVAILABLE,False,2018-08-01,2018-08-01,2017-08-07,242,1.2409505676003977e-06,0.10760327722760511,panic+learned,0.0,0.259787030197214,0.00218015846434719,0.0,0.740212969802786,0.0012936604807153452,0.0,0.0,0.0036519280744832126,0.0,8.320835998229153e-09,-1.0518959985448765e-08,1.684678531617468e-06,0.0,0.0,0.0
2018-08-20,MIN_VARIANCE_BUDGET_AVAILABLE,False,2018-08-01,2018-08-01,2017-08-07,242,1.2409505676003977e-06,0.10760327722760511,panic+learned,0.0,0.259787030197214,0.00218015846434719,0.0,0.740212969802786,0.0012936604807153452,0.0,0.0,0.0036519280744832126,0.0,8.320835998229153e-09,-1.0518959985448765e-08,1.684678531617468e-06,0.0,0.0,0.0
2018-08-21,MIN_VARIANCE_BUDGET_AVAILABLE,False,2018-08-01,2018-08-01,2017-08-07,242,1.2409505676003977e-06,0.10760327722760511,panic+learned,0.0,0.259787030197214,0.00218015846434719,0.0,0.740212969802786,0.0012936604807153452,0.0,0.0,0.0036519280744832126,0.0,8.320835998229153e-09,-1.0518959985448765e-08,1.684678531617468e-06,0.0,0.0,0.0
2018-08-22,MIN_VARIANCE_BUDGET_AVAILABLE,False,2018-08-01,2018-08-01,2017-08-07,242,1.2409505676003977e-06,0.10760327722760511,panic+learned,0.0,0.259787030197214,0.00218015846434719,0.0,0.740212969802786,0.0012936604807153452,0.0,0.0,0.0036519280744832126,0.0,8.320835998229153e-09,-1.0518959985448765e-08,1.684678531617468e-06,0.0,0.0,0.0
2018-08-23,MIN_VARIANCE_BUDGET_AVAILABLE,False,2018-08-01,2018-08-01,2017-08-07,242,1.2409505676003977e-06,0.10760327722760511,panic+learned,0.0,0.259787030197214,0.00218015846434719,0.0,0.740212969802786,0.0012936604807153452,0.0,0.0,0.0036519280744832126,0.0,8.320835998229153e-09,-1.0518959985448765e-08,1.684678531617468e-06,0.0,0.0,0.0
2018-08-24,MIN_VARIANCE_BUDGET_AVAILABLE,False,2018-08-01,2018-08-01,2017-08-07,242,1.2409505676003977e-06,0.10760327722760511,panic+learned,0.0,0.259787030197214,0.00218015846434719,0.0,0.740212969802786,0.0012936604807153452,0.0,0.0,0.0036519280744832126,0.0,8.320835998229153e-09,-1.0518959985448765e-08,1.684678531617468e-06,0.0,0.0,0.0
2018-08-27,MIN_VARIANCE_BUDGET_AVAILABLE,False,2018-08-01,2018-08-01,2017-08-07,242,1.2409505676003977e-06,0.10760327722760511,panic+learned,0.0,0.259787030197214,0.00218015846434719,0.0,0.740212969802786,0.0012936604807153452,0.0,0.0,0.0036519280744832126,0.0,8.320835998229153e-09,-1.0518959985448765e-08,1.684678531617468e-06,0.0,0.0,0.0
2018-08-28,MIN_VARIANCE_BUDGET_AVAILABLE,False,2018-08-01,2018-08-01,2017-08-07,242,1.2409505676003977e-06,0.10760327722760511,panic+learned,0.0,0.259787030197214,0.00218015846434719,0.0,0.740212969802786,0.0012936604807153452,0.0,0.0,0.0036519280744832126,0.0,8.320835998229153e-09,-1.0518959985448765e-08,1.684678531617468e-06,0.0,0.0,0.0
2018-08-29,MIN_VARIANCE_BUDGET_AVAILABLE,False,2018-08-01,2018-08-01,2017-08-07,242,1.2409505676003977e-06,0.10760327722760511,panic+learned,0.0,0.259787030197214,0.00218015846434719,0.0,0.740212969802786,0.0012936604807153452,0.0,0.0,0.0036519280744832126,0.0,8.320835998229153e-09,-1.0518959985448765e-08,1.684678531617468e-06,0.0,0.0,0.0
2018-08-30,MIN_VARIANCE_BUDGET_AVAILABLE,False,2018-08-01,2018-08-01,2017-08-07,242,1.2409505676003977e-06,0.10760327722760511,panic+learned,0.0,0.259787030197214,0.00218015846434719,0.0,0.740212969802786,0.0012936604807153452,0.0,0.0,0.0036519280744832126,0.0,8.320835998229153e-09,-1.0518959985448765e-08,1.684678531617468e-06,0.0,0.0,0.0
2018-08-31,MIN_VARIANCE_BUDGET_AVAILABLE,False,2018-08-01,2018-08-01,2017-08-07,242,1.2409505676003977e-06,0.10760327722760511,panic+learned,0.0,0.259787030197214,0.00218015846434719,0.0,0.740212969802786,0.0012936604807153452,0.0,0.0,0.0036519280744832126,0.0,8.320835998229153e-09,-1.0518959985448765e-08,1.684678531617468e-06,0.0,0.0,0.0
2018-09-03,NO_VIEW_ZERO_OR_INVALID_RISK_KEEP_BUDGET,True,2018-09-03,2018-08-01,2017-09-07,242,,,,0.0,0.259787030197214,0.0021801584643471902,0.0,0.740212969802786,0.0,0.0,0.0,0.0033253421533916325,0.0,,,,0.0,0.0,0.0
2018-09-04,NO_VIEW_ZERO_OR_INVALID_RISK_KEEP_BUDGET,False,2018-09-03,2018-08-01,2017-09-07,242,,,,0.0,0.259787030197214,0.0021801584643471902,0.0,0.740212969802786,0.0,0.0,0.0,0.0033253421533916325,0.0,,,,0.0,0.0,0.0
2018-09-05,NO_VIEW_ZERO_OR_INVALID_RISK_KEEP_BUDGET,False,2018-09-03,2018-08-01,2017-09-07,242,,,,0.0,0.259787030197214,0.0021801584643471902,0.0,0.740212969802786,0.0,0.0,0.0,0.0033253421533916325,0.0,,,,0.0,0.0,0.0
2018-09-06,NO_VIEW_ZERO_OR_INVALID_RISK_KEEP_BUDGET,False,2018-09-03,2018-08-01,2017-09-07,242,,,,0.0,0.259787030197214,0.0021801584643471902,0.0,0.740212969802786,0.0,0.0,0.0,0.0033253421533916325,0.0,,,,0.0,0.0,0.0
2018-09-07,NO_VIEW_ZERO_OR_INVALID_RISK_KEEP_BUDGET,False,2018-09-03,2018-08-01,2017-09-07,242,,,,0.0,0.259787030197214,0.0021801584643471902,0.0,0.740212969802786,0.0,0.0,0.0,0.0033253421533916325,0.0,,,,0.0,0.0,0.0
2018-09-10,NO_VIEW_ZERO_OR_INVALID_RISK_KEEP_BUDGET,False,2018-09-03,2018-08-01,2017-09-07,242,,,,0.0,0.259787030197214,0.0021801584643471902,0.0,0.740212969802786,0.0,0.0,0.0,0.0033253421533916325,0.0,,,,0.0,0.0,0.0
2018-09-11,NO_VIEW_ZERO_OR_INVALID_RISK_KEEP_BUDGET,False,2018-09-03,2018-08-01,2017-09-07,242,,,,0.0,0.259787030197214,0.0021801584643471902,0.0,0.740212969802786,0.0,0.0,0.0,0.0033253421533916325,0.0,,,,0.0,0.0,0.0
2018-09-12,NO_VIEW_ZERO_OR_INVALID_RISK_KEEP_BUDGET,False,2018-09-03,2018-08-01,2017-09-07,242,,,,0.0,0.259787030197214,0.0021801584643471902,0.0,0.740212969802786,0.0,0.0,0.0,0.0033253421533916325,0.0,,,,0.0,0.0,0.0
2018-09-13,NO_VIEW_ZERO_OR_INVALID_RISK_KEEP_BUDGET,False,2018-09-03,2018-08-01,2017-09-07,242,,,,0.0,0.259787030197214,0.0021801584643471902,0.0,0.740212969802786,0.0,0.0,0.0,0.0033253421533916325,0.0,,,,0.0,0.0,0.0
2018-09-14,NO_VIEW_ZERO_OR_INVALID_RISK_KEEP_BUDGET,False,2018-09-03,2018-08-01,2017-09-07,242,,,,0.0,0.259787030197214,0.0021801584643471902,0.0,0.740212969802786,0.0,0.0,0.0,0.0033253421533916325,0.0,,,,0.0,0.0,0.0
2018-09-17,NO_VIEW_ZERO_OR_INVALID_RISK_KEEP_BUDGET,False,2018-09-03,2018-08-01,2017-09-07,242,,,,0.0,0.259787030197214,0.0021801584643471902,0.0,0.740212969802786,0.0,0.0,0.0,0.0033253421533916325,0.0,,,,0.0,0.0,0.0
2018-09-18,NO_VIEW_ZERO_OR_INVALID_RISK_KEEP_BUDGET,False,2018-09-03,2018-08-01,2017-09-07,242,,,,0.0,0.259787030197214,0.0021801584643471902,0.0,0.740212969802786,0.0,0.0,0.0,0.0033253421533916325,0.0,,,,0.0,0.0,0.0
2018-09-19,NO_VIEW_ZERO_OR_INVALID_RISK_KEEP_BUDGET,False,2018-09-03,2018-08-01,2017-09-07,242,,,,0.0,0.259787030197214,0.0021801584643471902,0.0,0.740212969802786,0.0,0.0,0.0,0.0033253421533916325,0.0,,,,0.0,0.0,0.0
2018-09-20,NO_VIEW_ZERO_OR_INVALID_RISK_KEEP_BUDGET,False,2018-09-03,2018-08-01,2017-09-07,242,,,,0.0,0.259787030197214,0.0021801584643471902,0.0,0.740212969802786,0.0,0.0,0.0,0.0033253421533916325,0.0,,,,0.0,0.0,0.0
2018-09-21,NO_VIEW_ZERO_OR_INVALID_RISK_KEEP_BUDGET,False,2018-09-03,2018-08-01,2017-09-07,242,,,,0.0,0.259787030197214,0.0021801584643471902,0.0,0.740212969802786,0.0,0.0,0.0,0.0033253421533916325,0.0,,,,0.0,0.0,0.0
2018-09-25,NO_VIEW_ZERO_OR_INVALID_RISK_KEEP_BUDGET,False,2018-09-03,2018-08-01,2017-09-07,242,,,,0.0,0.259787030197214,0.0021801584643471902,0.0,0.740212969802786,0.0,0.0,0.0,0.0033253421533916325,0.0,,,,0.0,0.0,0.0
2018-09-26,NO_VIEW_ZERO_OR_INVALID_RISK_KEEP_BUDGET,False,2018-09-03,2018-08-01,2017-09-07,242,,,,0.0,0.259787030197214,0.0021801584643471902,0.0,0.740212969802786,0.0,0.0,0.0,0.0033253421533916325,0.0,,,,0.0,0.0,0.0
2018-09-27,NO_VIEW_ZERO_OR_INVALID_RISK_KEEP_BUDGET,False,2018-09-03,2018-08-01,2017-09-07,242,,,,0.0,0.259787030197214,0.0021801584643471902,0.0,0.740212969802786,0.0,0.0,0.0,0.0033253421533916325,0.0,,,,0.0,0.0,0.0
2018-09-28,NO_VIEW_ZERO_OR_INVALID_RISK_KEEP_BUDGET,False,2018-09-03,2018-08-01,2017-09-07,242,,,,0.0,0.259787030197214,0.0021801584643471902,0.0,0.740212969802786,0.0,0.0,0.0,0.0033253421533916325,0.0,,,,0.0,0.0,0.0
2018-10-08,NO_VIEW_ZERO_OR_INVALID_RISK_KEEP_BUDGET,True,2018-10-08,2018-08-01,2017-10-11,242,,,,0.740212969802786,0.259787030197214,0.0021801584643471907,0.0,0.740212969802786,0.0,1.0,0.0,0.0032286954397737298,0.0,,,,0.0,0.0,0.0
2018-10-09,NO_VIEW_ZERO_OR_INVALID_RISK_KEEP_BUDGET,False,2018-10-08,2018-08-01,2017-10-11,242,,,,0.740212969802786,0.259787030197214,0.0021801584643471907,0.0,0.740212969802786,0.0,1.0,0.0,0.0032286954397737298,0.0,,,,0.0,-0.0007963454326355146,0.0
2018-10-10,NO_VIEW_ZERO_OR_INVALID_RISK_KEEP_BUDGET,False,2018-10-08,2018-08-01,2017-10-11,242,,,,0.740212969802786,0.259787030197214,0.0021801584643471907,0.0,0.740212969802786,0.0,1.0,0.0,0.0032286954397737298,0.0,,,,0.0,-0.000596988842023416,0.0
2018-10-11,NO_VIEW_ZERO_OR_INVALID_RISK_KEEP_BUDGET,False,2018-10-08,2018-08-01,2017-10-11,242,,,,0.740212969802786,0.259787030197214,0.0021801584643471907,0.0,0.740212969802786,0.0,1.0,0.0,0.0032286954397737298,0.0,,,,0.0,-0.05137170875093222,0.0
2018-10-12,NO_VIEW_ZERO_OR_INVALID_RISK_KEEP_BUDGET,False,2018-10-08,2018-08-01,2017-10-11,242,,,,0.259787030197214,0.259787030197214,0.0021801584643471907,1.0,0.740212969802786,0.0,0.0,0.0,0.0032286954397737298,0.0,,,,0.0,0.018575970119200536,0.0
2018-10-15,NO_VIEW_ZERO_OR_INVALID_RISK_KEEP_BUDGET,False,2018-10-08,2018-08-01,2017-10-11,242,,,,0.259787030197214,0.259787030197214,0.0021801584643471907,1.0,0.740212969802786,0.0,0.0,0.0,0.0032286954397737298,0.0,,,,-0.017157914865653323,0.0010363055083446593,0.0
2018-10-16,NO_VIEW_ZERO_OR_INVALID_RISK_KEEP_BUDGET,False,2018-10-08,2018-08-01,2017-10-11,242,,,,0.259787030197214,0.259787030197214,0.0021801584643471907,1.0,0.740212969802786,0.0,0.0,0.0,0.0032286954397737298,0.0,,,,-0.006587929417594451,0.0,0.0
2018-10-17,NO_VIEW_ZERO_OR_INVALID_RISK_KEEP_BUDGET,False,2018-10-08,2018-08-01,2017-10-11,242,,,,0.259787030197214,0.259787030197214,0.0021801584643471907,1.0,0.740212969802786,0.0,0.0,0.0,0.0032286954397737298,0.0,,,,0.0034737046924524506,0.0,0.0
2018-10-18,NO_VIEW_ZERO_OR_INVALID_RISK_KEEP_BUDGET,False,2018-10-08,2018-08-01,2017-10-11,242,,,,0.0,0.259787030197214,0.0021801584643471907,0.0,0.740212969802786,0.0,0.0,0.0,0.0032286954397737298,0.0,,,,-0.02202887170242196,0.0,0.0
2018-10-19,NO_VIEW_ZERO_OR_INVALID_RISK_KEEP_BUDGET,False,2018-10-08,2018-08-01,2017-10-11,242,,,,0.0,0.259787030197214,0.0021801584643471907,0.0,0.740212969802786,0.0,0.0,0.0,0.0032286954397737298,0.0,,,,-0.005990897305365395,0.0,0.0
2018-10-22,NO_VIEW_ZERO_OR_INVALID_RISK_KEEP_BUDGET,False,2018-10-08,2018-08-01,2017-10-11,242,,,,0.0,0.259787030197214,0.0021801584643471907,0.0,0.740212969802786,0.0,0.0,0.0,0.0032286954397737298,0.0,,,,0.0,0.0,0.0
2018-10-23,NO_VIEW_ZERO_OR_INVALID_RISK_KEEP_BUDGET,False,2018-10-08,2018-08-01,2017-10-11,242,,,,0.0,0.259787030197214,0.0021801584643471907,0.0,0.740212969802786,0.0,0.0,0.0,0.0032286954397737298,0.0,,,,0.0,0.0,0.0
2018-10-24,NO_VIEW_ZERO_OR_INVALID_RISK_KEEP_BUDGET,False,2018-10-08,2018-08-01,2017-10-11,242,,,,0.0,0.259787030197214,0.0021801584643471907,0.0,0.740212969802786,0.0,0.0,0.0,0.0032286954397737298,0.0,,,,0.0,0.0,0.0
2018-10-25,NO_VIEW_ZERO_OR_INVALID_RISK_KEEP_BUDGET,False,2018-10-08,2018-08-01,2017-10-11,242,,,,0.0,0.259787030197214,0.0021801584643471907,0.0,0.740212969802786,0.0,0.0,0.0,0.0032286954397737298,0.0,,,,0.0,0.0,0.0
2018-10-26,NO_VIEW_ZERO_OR_INVALID_RISK_KEEP_BUDGET,False,2018-10-08,2018-08-01,2017-10-11,242,,,,0.0,0.259787030197214,0.0021801584643471907,0.0,0.740212969802786,0.0,0.0,0.0,0.0032286954397737298,0.0,,,,0.0,0.0,0.0
2018-10-29,NO_VIEW_ZERO_OR_INVALID_RISK_KEEP_BUDGET,False,2018-10-08,2018-08-01,2017-10-11,242,,,,0.0,0.259787030197214,0.0021801584643471907,0.0,0.740212969802786,0.0,0.0,0.0,0.0032286954397737298,0.0,,,,0.0,0.0,0.0
2018-10-30,NO_VIEW_ZERO_OR_INVALID_RISK_KEEP_BUDGET,False,2018-10-08,2018-08-01,2017-10-11,242,,,,0.0,0.259787030197214,0.0021801584643471907,0.0,0.740212969802786,0.0,0.0,0.0,0.0032286954397737298,0.0,,,,0.0,0.0,0.0
2018-10-31,NO_VIEW_ZERO_OR_INVALID_RISK_KEEP_BUDGET,False,2018-10-08,2018-08-01,2017-10-11,242,,,,0.0,0.259787030197214,0.0021801584643471907,0.0,0.740212969802786,0.0,0.0,0.0,0.0032286954397737298,0.0,,,,0.0,0.0,0.0
2018-11-01,MIN_VARIANCE_BUDGET_AVAILABLE,True,2018-11-01,2018-11-01,2017-11-06,242,3.2352861484979193e-06,0.6769882780818864,panic+learned+breakout,0.0,0.3887186883689326,0.00289438189166956,0.0,0.2639931340909667,0.003517379409510989,0.0,0.3472881775401007,0.0030510039484664413,0.0,-8.402096841314328e-08,2.871040378696231e-09,5.283005964216725e-09,0.0,0.0,0.0
2018-11-02,MIN_VARIANCE_BUDGET_AVAILABLE,False,2018-11-01,2018-11-01,2017-11-06,242,3.2352861484979193e-06,0.6769882780818864,panic+learned+breakout,0.0,0.3887186883689326,0.00289438189166956,0.0,0.2639931340909667,0.003517379409510989,0.0,0.3472881775401007,0.0030510039484664413,0.0,-8.402096841314328e-08,2.871040378696231e-09,5.283005964216725e-09,0.0,0.0,0.0
2018-11-05,MIN_VARIANCE_BUDGET_AVAILABLE,False,2018-11-01,2018-11-01,2017-11-06,242,3.2352861484979193e-06,0.6769882780818864,panic+learned+breakout,0.0,0.3887186883689326,0.00289438189166956,0.0,0.2639931340909667,0.003517379409510989,0.0,0.3472881775401007,0.0030510039484664413,0.0,-8.402096841314328e-08,2.871040378696231e-09,5.283005964216725e-09,0.0,0.0,0.0
2018-11-06,MIN_VARIANCE_BUDGET_AVAILABLE,False,2018-11-01,2018-11-01,2017-11-06,242,3.2352861484979193e-06,0.6769882780818864,panic+learned+breakout,0.0,0.3887186883689326,0.00289438189166956,0.0,0.2639931340909667,0.003517379409510989,0.0,0.3472881775401007,0.0030510039484664413,0.0,-8.402096841314328e-08,2.871040378696231e-09,5.283005964216725e-09,0.0,0.0,0.0
2018-11-07,MIN_VARIANCE_BUDGET_AVAILABLE,False,2018-11-01,2018-11-01,2017-11-06,242,3.2352861484979193e-06,0.6769882780818864,panic+learned+breakout,0.0,0.3887186883689326,0.00289438189166956,0.0,0.2639931340909667,0.003517379409510989,0.0,0.3472881775401007,0.0030510039484664413,0.0,-8.402096841314328e-08,2.871040378696231e-09,5.283005964216725e-09,0.0,0.0,0.0
2018-11-08,MIN_VARIANCE_BUDGET_AVAILABLE,False,2018-11-01,2018-11-01,2017-11-06,242,3.2352861484979193e-06,0.6769882780818864,panic+learned+breakout,0.0,0.3887186883689326,0.00289438189166956,0.0,0.2639931340909667,0.003517379409510989,0.0,0.3472881775401007,0.0030510039484664413,0.0,-8.402096841314328e-08,2.871040378696231e-09,5.283005964216725e-09,0.0,0.0,0.0
2018-11-09,MIN_VARIANCE_BUDGET_AVAILABLE,False,2018-11-01,2018-11-01,2017-11-06,242,3.2352861484979193e-06,0.6769882780818864,panic+learned+breakout,0.0,0.3887186883689326,0.00289438189166956,0.0,0.2639931340909667,0.003517379409510989,0.0,0.3472881775401007,0.0030510039484664413,0.0,-8.402096841314328e-08,2.871040378696231e-09,5.283005964216725e-09,0.0,0.0,0.0
2018-11-12,MIN_VARIANCE_BUDGET_AVAILABLE,False,2018-11-01,2018-11-01,2017-11-06,242,3.2352861484979193e-06,0.6769882780818864,panic+learned+breakout,0.0,0.3887186883689326,0.00289438189166956,0.0,0.2639931340909667,0.003517379409510989,0.0,0.3472881775401007,0.0030510039484664413,0.0,-8.402096841314328e-08,2.871040378696231e-09,5.283005964216725e-09,0.0,0.0,0.0
2018-11-13,MIN_VARIANCE_BUDGET_AVAILABLE,False,2018-11-01,2018-11-01,2017-11-06,242,3.2352861484979193e-06,0.6769882780818864,panic+learned+breakout,0.0,0.3887186883689326,0.00289438189166956,0.0,0.2639931340909667,0.003517379409510989,0.0,0.3472881775401007,0.0030510039484664413,0.0,-8.402096841314328e-08,2.871040378696231e-09,5.283005964216725e-09,0.0,0.0,0.0
2018-11-14,MIN_VARIANCE_BUDGET_AVAILABLE,False,2018-11-01,2018-11-01,2017-11-06,242,3.2352861484979193e-06,0.6769882780818864,panic+learned+breakout,0.0,0.3887186883689326,0.00289438189166956,0.0,0.2639931340909667,0.003517379409510989,0.0,0.3472881775401007,0.0030510039484664413,0.0,-8.402096841314328e-08,2.871040378696231e-09,5.283005964216725e-09,0.0,0.0,0.0
2018-11-15,MIN_VARIANCE_BUDGET_AVAILABLE,False,2018-11-01,2018-11-01,2017-11-06,242,3.2352861484979193e-06,0.6769882780818864,panic+learned+breakout,0.0,0.3887186883689326,0.00289438189166956,0.0,0.2639931340909667,0.003517379409510989,0.0,0.3472881775401007,0.0030510039484664413,0.0,-8.402096841314328e-08,2.871040378696231e-09,5.283005964216725e-09,0.0,0.0,0.0
2018-11-16,MIN_VARIANCE_BUDGET_AVAILABLE,False,2018-11-01,2018-11-01,2017-11-06,242,3.2352861484979193e-06,0.6769882780818864,panic+learned+breakout,0.0,0.3887186883689326,0.00289438189166956,0.0,0.2639931340909667,0.003517379409510989,0.0,0.3472881775401007,0.0030510039484664413,0.0,-8.402096841314328e-08,2.871040378696231e-09,5.283005964216725e-09,0.0,0.0,0.0
2018-11-19,MIN_VARIANCE_BUDGET_AVAILABLE,False,2018-11-01,2018-11-01,2017-11-06,242,3.2352861484979193e-06,0.6769882780818864,panic+learned+breakout,0.0,0.3887186883689326,0.00289438189166956,0.0,0.2639931340909667,0.003517379409510989,0.0,0.3472881775401007,0.0030510039484664413,0.0,-8.402096841314328e-08,2.871040378696231e-09,5.283005964216725e-09,0.0,0.0,0.0
2018-11-20,MIN_VARIANCE_BUDGET_AVAILABLE,False,2018-11-01,2018-11-01,2017-11-06,242,3.2352861484979193e-06,0.6769882780818864,panic+learned+breakout,0.0,0.3887186883689326,0.00289438189166956,0.0,0.2639931340909667,0.003517379409510989,0.0,0.3472881775401007,0.0030510039484664413,0.0,-8.402096841314328e-08,2.871040378696231e-09,5.283005964216725e-09,0.0,0.0,0.0
2018-11-21,MIN_VARIANCE_BUDGET_AVAILABLE,False,2018-11-01,2018-11-01,2017-11-06,242,3.2352861484979193e-06,0.6769882780818864,panic+learned+breakout,0.0,0.3887186883689326,0.00289438189166956,0.0,0.2639931340909667,0.003517379409510989,0.0,0.3472881775401007,0.0030510039484664413,0.0,-8.402096841314328e-08,2.871040378696231e-09,5.283005964216725e-09,0.0,0.0,0.0
2018-11-22,MIN_VARIANCE_BUDGET_AVAILABLE,False,2018-11-01,2018-11-01,2017-11-06,242,3.2352861484979193e-06,0.6769882780818864,panic+learned+breakout,0.0,0.3887186883689326,0.00289438189166956,0.0,0.2639931340909667,0.003517379409510989,0.0,0.3472881775401007,0.0030510039484664413,0.0,-8.402096841314328e-08,2.871040378696231e-09,5.283005964216725e-09,0.0,0.0,0.0
2018-11-23,MIN_VARIANCE_BUDGET_AVAILABLE,False,2018-11-01,2018-11-01,2017-11-06,242,3.2352861484979193e-06,0.6769882780818864,panic+learned+breakout,0.0,0.3887186883689326,0.00289438189166956,0.0,0.2639931340909667,0.003517379409510989,0.0,0.3472881775401007,0.0030510039484664413,0.0,-8.402096841314328e-08,2.871040378696231e-09,5.283005964216725e-09,0.0,0.0,0.0
2018-11-26,MIN_VARIANCE_BUDGET_AVAILABLE,False,2018-11-01,2018-11-01,2017-11-06,242,3.2352861484979193e-06,0.6769882780818864,panic+learned+breakout,0.0,0.3887186883689326,0.00289438189166956,0.0,0.2639931340909667,0.003517379409510989,0.0,0.3472881775401007,0.0030510039484664413,0.0,-8.402096841314328e-08,2.871040378696231e-09,5.283005964216725e-09,0.0,0.0,0.0
2018-11-27,MIN_VARIANCE_BUDGET_AVAILABLE,False,2018-11-01,2018-11-01,2017-11-06,242,3.2352861484979193e-06,0.6769882780818864,panic+learned+breakout,0.0,0.3887186883689326,0.00289438189166956,0.0,0.2639931340909667,0.003517379409510989,0.0,0.3472881775401007,0.0030510039484664413,0.0,-8.402096841314328e-08,2.871040378696231e-09,5.283005964216725e-09,0.0,0.0,0.0
2018-11-28,MIN_VARIANCE_BUDGET_AVAILABLE,False,2018-11-01,2018-11-01,2017-11-06,242,3.2352861484979193e-06,0.6769882780818864,panic+learned+breakout,0.0,0.3887186883689326,0.00289438189166956,0.0,0.2639931340909667,0.003517379409510989,0.0,0.3472881775401007,0.0030510039484664413,0.0,-8.402096841314328e-08,2.871040378696231e-09,5.283005964216725e-09,0.0,0.0,0.0
2018-11-29,MIN_VARIANCE_BUDGET_AVAILABLE,False,2018-11-01,2018-11-01,2017-11-06,242,3.2352861484979193e-06,0.6769882780818864,panic+learned+breakout,0.0,0.3887186883689326,0.00289438189166956,0.0,0.2639931340909667,0.003517379409510989,0.0,0.3472881775401007,0.0030510039484664413,0.0,-8.402096841314328e-08,2.871040378696231e-09,5.283005964216725e-09,0.0,0.0,0.0
2018-11-30,MIN_VARIANCE_BUDGET_AVAILABLE,False,2018-11-01,2018-11-01,2017-11-06,242,3.2352861484979193e-06,0.6769882780818864,panic+learned+breakout,0.0,0.3887186883689326,0.00289438189166956,0.0,0.2639931340909667,0.003517379409510989,0.0,0.3472881775401007,0.0030510039484664413,0.0,-8.402096841314328e-08,2.871040378696231e-09,5.283005964216725e-09,0.0,0.0,0.0
2018-12-03,NO_VIEW_ZERO_OR_INVALID_RISK_KEEP_BUDGET,True,2018-12-03,2018-11-01,2017-12-06,242,,,,0.0,0.3887186883689326,0.002894381891669563,0.0,0.2639931340909667,0.00351737940951099,0.0,0.3472881775401007,0.0,0.0,,,,0.0,0.0,0.0
2018-12-04,NO_VIEW_ZERO_OR_INVALID_RISK_KEEP_BUDGET,False,2018-12-03,2018-11-01,2017-12-06,242,,,,0.0,0.3887186883689326,0.002894381891669563,0.0,0.2639931340909667,0.00351737940951099,0.0,0.3472881775401007,0.0,0.0,,,,0.0,0.0,0.0
2018-12-05,NO_VIEW_ZERO_OR_INVALID_RISK_KEEP_BUDGET,False,2018-12-03,2018-11-01,2017-12-06,242,,,,0.0,0.3887186883689326,0.002894381891669563,0.0,0.2639931340909667,0.00351737940951099,0.0,0.3472881775401007,0.0,0.0,,,,0.0,0.0,0.0
2018-12-06,NO_VIEW_ZERO_OR_INVALID_RISK_KEEP_BUDGET,False,2018-12-03,2018-11-01,2017-12-06,242,,,,0.0,0.3887186883689326,0.002894381891669563,0.0,0.2639931340909667,0.00351737940951099,0.0,0.3472881775401007,0.0,0.0,,,,0.0,0.0,0.0
2018-12-07,NO_VIEW_ZERO_OR_INVALID_RISK_KEEP_BUDGET,False,2018-12-03,2018-11-01,2017-12-06,242,,,,0.0,0.3887186883689326,0.002894381891669563,0.0,0.2639931340909667,0.00351737940951099,0.0,0.3472881775401007,0.0,0.0,,,,0.0,0.0,0.0
2018-12-10,NO_VIEW_ZERO_OR_INVALID_RISK_KEEP_BUDGET,False,2018-12-03,2018-11-01,2017-12-06,242,,,,0.0,0.3887186883689326,0.002894381891669563,0.0,0.2639931340909667,0.00351737940951099,0.0,0.3472881775401007,0.0,0.0,,,,0.0,0.0,0.0
2018-12-11,NO_VIEW_ZERO_OR_INVALID_RISK_KEEP_BUDGET,False,2018-12-03,2018-11-01,2017-12-06,242,,,,0.0,0.3887186883689326,0.002894381891669563,0.0,0.2639931340909667,0.00351737940951099,0.0,0.3472881775401007,0.0,0.0,,,,0.0,0.0,0.0
2018-12-12,NO_VIEW_ZERO_OR_INVALID_RISK_KEEP_BUDGET,False,2018-12-03,2018-11-01,2017-12-06,242,,,,0.0,0.3887186883689326,0.002894381891669563,0.0,0.2639931340909667,0.00351737940951099,0.0,0.3472881775401007,0.0,0.0,,,,0.0,0.0,0.0
2018-12-13,NO_VIEW_ZERO_OR_INVALID_RISK_KEEP_BUDGET,False,2018-12-03,2018-11-01,2017-12-06,242,,,,0.0,0.3887186883689326,0.002894381891669563,0.0,0.2639931340909667,0.00351737940951099,0.0,0.3472881775401007,0.0,0.0,,,,0.0,0.0,0.0
2018-12-14,NO_VIEW_ZERO_OR_INVALID_RISK_KEEP_BUDGET,False,2018-12-03,2018-11-01,2017-12-06,242,,,,0.0,0.3887186883689326,0.002894381891669563,0.0,0.2639931340909667,0.00351737940951099,0.0,0.3472881775401007,0.0,0.0,,,,0.0,0.0,0.0
2018-12-17,NO_VIEW_ZERO_OR_INVALID_RISK_KEEP_BUDGET,False,2018-12-03,2018-11-01,2017-12-06,242,,,,0.0,0.3887186883689326,0.002894381891669563,0.0,0.2639931340909667,0.00351737940951099,0.0,0.3472881775401007,0.0,0.0,,,,0.0,0.0,0.0
2018-12-18,NO_VIEW_ZERO_OR_INVALID_RISK_KEEP_BUDGET,False,2018-12-03,2018-11-01,2017-12-06,242,,,,0.0,0.3887186883689326,0.002894381891669563,0.0,0.2639931340909667,0.00351737940951099,0.0,0.3472881775401007,0.0,0.0,,,,0.0,0.0,0.0
2018-12-19,NO_VIEW_ZERO_OR_INVALID_RISK_KEEP_BUDGET,False,2018-12-03,2018-11-01,2017-12-06,242,,,,0.0,0.3887186883689326,0.002894381891669563,0.0,0.2639931340909667,0.00351737940951099,0.0,0.3472881775401007,0.0,0.0,,,,0.0,0.0,0.0
2018-12-20,NO_VIEW_ZERO_OR_INVALID_RISK_KEEP_BUDGET,False,2018-12-03,2018-11-01,2017-12-06,242,,,,0.0,0.3887186883689326,0.002894381891669563,0.0,0.2639931340909667,0.00351737940951099,0.0,0.3472881775401007,0.0,0.0,,,,0.0,0.0,0.0
2018-12-21,NO_VIEW_ZERO_OR_INVALID_RISK_KEEP_BUDGET,False,2018-12-03,2018-11-01,2017-12-06,242,,,,0.0,0.3887186883689326,0.002894381891669563,0.0,0.2639931340909667,0.00351737940951099,0.0,0.3472881775401007,0.0,0.0,,,,0.0,0.0,0.0
2018-12-24,NO_VIEW_ZERO_OR_INVALID_RISK_KEEP_BUDGET,False,2018-12-03,2018-11-01,2017-12-06,242,,,,0.0,0.3887186883689326,0.002894381891669563,0.0,0.2639931340909667,0.00351737940951099,0.0,0.3472881775401007,0.0,0.0,,,,0.0,0.0,0.0
2018-12-25,NO_VIEW_ZERO_OR_INVALID_RISK_KEEP_BUDGET,False,2018-12-03,2018-11-01,2017-12-06,242,,,,0.0,0.3887186883689326,0.002894381891669563,0.0,0.2639931340909667,0.00351737940951099,0.0,0.3472881775401007,0.0,0.0,,,,0.0,0.0,0.0
2018-12-26,NO_VIEW_ZERO_OR_INVALID_RISK_KEEP_BUDGET,False,2018-12-03,2018-11-01,2017-12-06,242,,,,0.0,0.3887186883689326,0.002894381891669563,0.0,0.2639931340909667,0.00351737940951099,0.0,0.3472881775401007,0.0,0.0,,,,0.0,0.0,0.0
2018-12-27,NO_VIEW_ZERO_OR_INVALID_RISK_KEEP_BUDGET,False,2018-12-03,2018-11-01,2017-12-06,242,,,,0.0,0.3887186883689326,0.002894381891669563,0.0,0.2639931340909667,0.00351737940951099,0.0,0.3472881775401007,0.0,0.0,,,,0.0,0.0,0.0
2018-12-28,NO_VIEW_ZERO_OR_INVALID_RISK_KEEP_BUDGET,False,2018-12-03,2018-11-01,2017-12-06,242,,,,0.0,0.3887186883689326,0.002894381891669563,0.0,0.2639931340909667,0.00351737940951099,0.0,0.3472881775401007,0.0,0.0,,,,0.0,0.0,0.0
2019-01-02,NO_VIEW_ZERO_OR_INVALID_RISK_KEEP_BUDGET,True,2019-01-02,2018-11-01,2018-01-04,242,,,,0.0,0.3887186883689326,0.002894381891669566,0.0,0.2639931340909667,0.0035173794095109904,0.0,0.3472881775401007,0.0,0.0,,,,0.0,0.0,0.0
2019-01-03,NO_VIEW_ZERO_OR_INVALID_RISK_KEEP_BUDGET,False,2019-01-02,2018-11-01,2018-01-04,242,,,,0.0,0.3887186883689326,0.002894381891669566,0.0,0.2639931340909667,0.0035173794095109904,0.0,0.3472881775401007,0.0,0.0,,,,0.0,0.0,0.0
2019-01-04,NO_VIEW_ZERO_OR_INVALID_RISK_KEEP_BUDGET,False,2019-01-02,2018-11-01,2018-01-04,242,,,,0.0,0.3887186883689326,0.002894381891669566,0.0,0.2639931340909667,0.0035173794095109904,0.0,0.3472881775401007,0.0,0.0,,,,0.0,0.0,0.0
2019-01-07,NO_VIEW_ZERO_OR_INVALID_RISK_KEEP_BUDGET,False,2019-01-02,2018-11-01,2018-01-04,242,,,,0.0,0.3887186883689326,0.002894381891669566,0.0,0.2639931340909667,0.0035173794095109904,0.0,0.3472881775401007,0.0,0.0,,,,0.0,0.0,0.0
2019-01-08,NO_VIEW_ZERO_OR_INVALID_RISK_KEEP_BUDGET,False,2019-01-02,2018-11-01,2018-01-04,242,,,,0.0,0.3887186883689326,0.002894381891669566,0.0,0.2639931340909667,0.0035173794095109904,0.0,0.3472881775401007,0.0,0.0,,,,0.0,0.0,0.0
2019-01-09,NO_VIEW_ZERO_OR_INVALID_RISK_KEEP_BUDGET,False,2019-01-02,2018-11-01,2018-01-04,242,,,,0.0,0.3887186883689326,0.002894381891669566,0.0,0.2639931340909667,0.0035173794095109904,0.0,0.3472881775401007,0.0,0.0,,,,0.0,0.0,0.0
2019-01-10,NO_VIEW_ZERO_OR_INVALID_RISK_KEEP_BUDGET,False,2019-01-02,2018-11-01,2018-01-04,242,,,,0.0,0.3887186883689326,0.002894381891669566,0.0,0.2639931340909667,0.0035173794095109904,0.0,0.3472881775401007,0.0,0.0,,,,0.0,0.0,0.0
2019-01-11,NO_VIEW_ZERO_OR_INVALID_RISK_KEEP_BUDGET,False,2019-01-02,2018-11-01,2018-01-04,242,,,,0.0,0.3887186883689326,0.002894381891669566,0.0,0.2639931340909667,0.0035173794095109904,0.0,0.3472881775401007,0.0,0.0,,,,0.0,0.0,0.0
2019-01-14,NO_VIEW_ZERO_OR_INVALID_RISK_KEEP_BUDGET,False,2019-01-02,2018-11-01,2018-01-04,242,,,,0.0,0.3887186883689326,0.002894381891669566,0.0,0.2639931340909667,0.0035173794095109904,0.0,0.3472881775401007,0.0,0.0,,,,0.0,0.0,0.0
2019-01-15,NO_VIEW_ZERO_OR_INVALID_RISK_KEEP_BUDGET,False,2019-01-02,2018-11-01,2018-01-04,242,,,,0.0,0.3887186883689326,0.002894381891669566,0.0,0.2639931340909667,0.0035173794095109904,0.0,0.3472881775401007,0.0,0.0,,,,0.0,0.0,0.0
2019-01-16,NO_VIEW_ZERO_OR_INVALID_RISK_KEEP_BUDGET,False,2019-01-02,2018-11-01,2018-01-04,242,,,,0.0,0.3887186883689326,0.002894381891669566,0.0,0.2639931340909667,0.0035173794095109904,0.0,0.3472881775401007,0.0,0.0,,,,0.0,0.0,0.0
2019-01-17,NO_VIEW_ZERO_OR_INVALID_RISK_KEEP_BUDGET,False,2019-01-02,2018-11-01,2018-01-04,242,,,,0.0,0.3887186883689326,0.002894381891669566,0.0,0.2639931340909667,0.0035173794095109904,0.0,0.3472881775401007,0.0,0.0,,,,0.0,0.0,0.0
2019-01-18,NO_VIEW_ZERO_OR_INVALID_RISK_KEEP_BUDGET,False,2019-01-02,2018-11-01,2018-01-04,242,,,,0.0,0.3887186883689326,0.002894381891669566,0.0,0.2639931340909667,0.0035173794095109904,0.0,0.3472881775401007,0.0,0.0,,,,0.0,0.0,0.0
2019-01-21,NO_VIEW_ZERO_OR_INVALID_RISK_KEEP_BUDGET,False,2019-01-02,2018-11-01,2018-01-04,242,,,,0.0,0.3887186883689326,0.002894381891669566,0.0,0.2639931340909667,0.0035173794095109904,0.0,0.3472881775401007,0.0,0.0,,,,0.0,0.0,0.0
2019-01-22,NO_VIEW_ZERO_OR_INVALID_RISK_KEEP_BUDGET,False,2019-01-02,2018-11-01,2018-01-04,242,,,,0.0,0.3887186883689326,0.002894381891669566,0.0,0.2639931340909667,0.0035173794095109904,0.0,0.3472881775401007,0.0,0.0,,,,0.0,0.0,0.0
2019-01-23,NO_VIEW_ZERO_OR_INVALID_RISK_KEEP_BUDGET,False,2019-01-02,2018-11-01,2018-01-04,242,,,,0.0,0.3887186883689326,0.002894381891669566,0.0,0.2639931340909667,0.0035173794095109904,0.0,0.3472881775401007,0.0,0.0,,,,0.0,0.0,0.0
2019-01-24,NO_VIEW_ZERO_OR_INVALID_RISK_KEEP_BUDGET,False,2019-01-02,2018-11-01,2018-01-04,242,,,,0.0,0.3887186883689326,0.002894381891669566,0.0,0.2639931340909667,0.0035173794095109904,0.0,0.3472881775401007,0.0,0.0,,,,0.0,0.0,0.0
2019-01-25,NO_VIEW_ZERO_OR_INVALID_RISK_KEEP_BUDGET,False,2019-01-02,2018-11-01,2018-01-04,242,,,,0.0,0.3887186883689326,0.002894381891669566,0.0,0.2639931340909667,0.0035173794095109904,0.0,0.3472881775401007,0.0,0.0,,,,0.0,0.0,0.0
2019-01-28,NO_VIEW_ZERO_OR_INVALID_RISK_KEEP_BUDGET,False,2019-01-02,2018-11-01,2018-01-04,242,,,,0.0,0.3887186883689326,0.002894381891669566,0.0,0.2639931340909667,0.0035173794095109904,0.0,0.3472881775401007,0.0,0.0,,,,0.0,0.0,0.0
2019-01-29,NO_VIEW_ZERO_OR_INVALID_RISK_KEEP_BUDGET,False,2019-01-02,2018-11-01,2018-01-04,242,,,,0.0,0.3887186883689326,0.002894381891669566,0.0,0.2639931340909667,0.0035173794095109904,0.0,0.3472881775401007,0.0,0.0,,,,0.0,0.0,0.0
2019-01-30,NO_VIEW_ZERO_OR_INVALID_RISK_KEEP_BUDGET,False,2019-01-02,2018-11-01,2018-01-04,242,,,,0.0,0.3887186883689326,0.002894381891669566,0.0,0.2639931340909667,0.0035173794095109904,0.0,0.3472881775401007,0.0,0.0,,,,0.0,0.0,0.0
2019-01-31,NO_VIEW_ZERO_OR_INVALID_RISK_KEEP_BUDGET,False,2019-01-02,2018-11-01,2018-01-04,242,,,,0.0,0.3887186883689326,0.002894381891669566,0.0,0.2639931340909667,0.0035173794095109904,0.0,0.3472881775401007,0.0,0.0,,,,0.0,0.0,0.0
2019-02-01,NO_VIEW_ZERO_OR_INVALID_RISK_KEEP_BUDGET,True,2019-02-01,2018-11-01,2018-02-05,242,,,,0.0,0.3887186883689326,0.002894381891669569,0.0,0.2639931340909667,0.0035173794095109917,0.0,0.3472881775401007,0.0,0.0,,,,0.0,0.0,0.0
2019-02-11,NO_VIEW_ZERO_OR_INVALID_RISK_KEEP_BUDGET,False,2019-02-01,2018-11-01,2018-02-05,242,,,,0.0,0.3887186883689326,0.002894381891669569,0.0,0.2639931340909667,0.0035173794095109917,0.0,0.3472881775401007,0.0,0.0,,,,0.0,0.0,0.0
2019-02-12,NO_VIEW_ZERO_OR_INVALID_RISK_KEEP_BUDGET,False,2019-02-01,2018-11-01,2018-02-05,242,,,,0.0,0.3887186883689326,0.002894381891669569,0.0,0.2639931340909667,0.0035173794095109917,0.0,0.3472881775401007,0.0,0.0,,,,0.0,0.0,0.0
2019-02-13,NO_VIEW_ZERO_OR_INVALID_RISK_KEEP_BUDGET,False,2019-02-01,2018-11-01,2018-02-05,242,,,,0.0,0.3887186883689326,0.002894381891669569,0.0,0.2639931340909667,0.0035173794095109917,0.0,0.3472881775401007,0.0,0.0,,,,0.0,0.0,0.0
2019-02-14,NO_VIEW_ZERO_OR_INVALID_RISK_KEEP_BUDGET,False,2019-02-01,2018-11-01,2018-02-05,242,,,,0.0,0.3887186883689326,0.002894381891669569,0.0,0.2639931340909667,0.0035173794095109917,0.0,0.3472881775401007,0.0,0.0,,,,0.0,0.0,0.0
2019-02-15,NO_VIEW_ZERO_OR_INVALID_RISK_KEEP_BUDGET,False,2019-02-01,2018-11-01,2018-02-05,242,,,,0.0,0.3887186883689326,0.002894381891669569,0.0,0.2639931340909667,0.0035173794095109917,0.0,0.3472881775401007,0.0,0.0,,,,0.0,0.0,0.0
2019-02-18,NO_VIEW_ZERO_OR_INVALID_RISK_KEEP_BUDGET,False,2019-02-01,2018-11-01,2018-02-05,242,,,,0.0,0.3887186883689326,0.002894381891669569,0.0,0.2639931340909667,0.0035173794095109917,0.0,0.3472881775401007,0.0,0.0,,,,0.0,0.0,0.0
2019-02-19,NO_VIEW_ZERO_OR_INVALID_RISK_KEEP_BUDGET,False,2019-02-01,2018-11-01,2018-02-05,242,,,,0.0,0.3887186883689326,0.002894381891669569,0.0,0.2639931340909667,0.0035173794095109917,0.0,0.3472881775401007,0.0,0.0,,,,0.0,0.0,0.0
2019-02-20,NO_VIEW_ZERO_OR_INVALID_RISK_KEEP_BUDGET,False,2019-02-01,2018-11-01,2018-02-05,242,,,,0.0,0.3887186883689326,0.002894381891669569,0.0,0.2639931340909667,0.0035173794095109917,0.0,0.3472881775401007,0.0,0.0,,,,0.0,0.0,0.0
2019-02-21,NO_VIEW_ZERO_OR_INVALID_RISK_KEEP_BUDGET,False,2019-02-01,2018-11-01,2018-02-05,242,,,,0.0,0.3887186883689326,0.002894381891669569,0.0,0.2639931340909667,0.0035173794095109917,0.0,0.3472881775401007,0.0,0.0,,,,0.0,0.0,0.0
2019-02-22,NO_VIEW_ZERO_OR_INVALID_RISK_KEEP_BUDGET,False,2019-02-01,2018-11-01,2018-02-05,242,,,,0.0,0.3887186883689326,0.002894381891669569,0.0,0.2639931340909667,0.0035173794095109917,0.0,0.3472881775401007,0.0,0.0,,,,0.0,0.0,0.0
2019-02-25,NO_VIEW_ZERO_OR_INVALID_RISK_KEEP_BUDGET,False,2019-02-01,2018-11-01,2018-02-05,242,,,,0.0,0.3887186883689326,0.002894381891669569,0.0,0.2639931340909667,0.0035173794095109917,0.0,0.3472881775401007,0.0,0.0,,,,0.0,0.0,0.0
2019-02-26,NO_VIEW_ZERO_OR_INVALID_RISK_KEEP_BUDGET,False,2019-02-01,2018-11-01,2018-02-05,242,,,,0.0,0.3887186883689326,0.002894381891669569,0.0,0.2639931340909667,0.0035173794095109917,0.0,0.3472881775401007,0.0,0.0,,,,0.0,0.0,0.0
2019-02-27,NO_VIEW_ZERO_OR_INVALID_RISK_KEEP_BUDGET,False,2019-02-01,2018-11-01,2018-02-05,242,,,,0.2639931340909667,0.3887186883689326,0.002894381891669569,0.0,0.2639931340909667,0.0035173794095109917,1.0,0.3472881775401007,0.0,0.0,,,,0.0,0.0,0.0
2019-02-28,NO_VIEW_ZERO_OR_INVALID_RISK_KEEP_BUDGET,False,2019-02-01,2018-11-01,2018-02-05,242,,,,0.2639931340909667,0.3887186883689326,0.002894381891669569,0.0,0.2639931340909667,0.0035173794095109917,1.0,0.3472881775401007,0.0,0.0,,,,0.0,-0.0023751902395883207,0.0
2019-03-01,NO_VIEW_ZERO_OR_INVALID_RISK_KEEP_BUDGET,True,2019-03-01,2018-11-01,2018-03-05,242,,,,0.2639931340909667,0.3887186883689326,0.0019401575337172849,0.0,0.2639931340909667,0.003760930785789,1.0,0.3472881775401007,0.0,0.0,,,,0.0,0.02044416088367318,0.0
2019-03-04,NO_VIEW_ZERO_OR_INVALID_RISK_KEEP_BUDGET,False,2019-03-01,2018-11-01,2018-03-05,242,,,,0.2639931340909667,0.3887186883689326,0.0019401575337172849,0.0,0.2639931340909667,0.003760930785789,1.0,0.3472881775401007,0.0,0.0,,,,0.0,0.010417976864411704,0.0
2019-03-05,NO_VIEW_ZERO_OR_INVALID_RISK_KEEP_BUDGET,False,2019-03-01,2018-11-01,2018-03-05,242,,,,0.2639931340909667,0.3887186883689326,0.0019401575337172849,0.0,0.2639931340909667,0.003760930785789,1.0,0.3472881775401007,0.0,0.0,,,,0.0,0.008459948038120446,0.0
2019-03-06,NO_VIEW_ZERO_OR_INVALID_RISK_KEEP_BUDGET,False,2019-03-01,2018-11-01,2018-03-05,242,,,,0.2639931340909667,0.3887186883689326,0.0019401575337172849,0.0,0.2639931340909667,0.003760930785789,1.0,0.3472881775401007,0.0,0.0,,,,0.0,0.006816044399527321,0.0
2019-03-07,NO_VIEW_ZERO_OR_INVALID_RISK_KEEP_BUDGET,False,2019-03-01,2018-11-01,2018-03-05,242,,,,0.2639931340909667,0.3887186883689326,0.0019401575337172849,0.0,0.2639931340909667,0.003760930785789,1.0,0.3472881775401007,0.0,0.0,,,,0.0,-0.010935993046616188,0.0
2019-03-08,NO_VIEW_ZERO_OR_INVALID_RISK_KEEP_BUDGET,False,2019-03-01,2018-11-01,2018-03-05,242,,,,0.0,0.3887186883689326,0.0019401575337172849,0.0,0.2639931340909667,0.003760930785789,0.0,0.3472881775401007,0.0,0.0,,,,0.0,-0.03475029282145714,0.0
2019-03-11,NO_VIEW_ZERO_OR_INVALID_RISK_KEEP_BUDGET,False,2019-03-01,2018-11-01,2018-03-05,242,,,,0.0,0.3887186883689326,0.0019401575337172849,0.0,0.2639931340909667,0.003760930785789,0.0,0.3472881775401007,0.0,0.0,,,,0.0,-0.0007450643084160324,0.0
2019-03-12,NO_VIEW_ZERO_OR_INVALID_RISK_KEEP_BUDGET,False,2019-03-01,2018-11-01,2018-03-05,242,,,,0.0,0.3887186883689326,0.0019401575337172849,0.0,0.2639931340909667,0.003760930785789,0.0,0.3472881775401007,0.0,0.0,,,,0.0,0.0,0.0
2019-03-13,NO_VIEW_ZERO_OR_INVALID_RISK_KEEP_BUDGET,False,2019-03-01,2018-11-01,2018-03-05,242,,,,0.0,0.3887186883689326,0.0019401575337172849,0.0,0.2639931340909667,0.003760930785789,0.0,0.3472881775401007,0.0,0.0,,,,0.0,0.0,0.0
2019-03-14,NO_VIEW_ZERO_OR_INVALID_RISK_KEEP_BUDGET,False,2019-03-01,2018-11-01,2018-03-05,242,,,,0.0,0.3887186883689326,0.0019401575337172849,0.0,0.2639931340909667,0.003760930785789,0.0,0.3472881775401007,0.0,0.0,,,,0.0,0.0,0.0
2019-03-15,NO_VIEW_ZERO_OR_INVALID_RISK_KEEP_BUDGET,False,2019-03-01,2018-11-01,2018-03-05,242,,,,0.0,0.3887186883689326,0.0019401575337172849,0.0,0.2639931340909667,0.003760930785789,0.0,0.3472881775401007,0.0,0.0,,,,0.0,0.0,0.0
2019-03-18,NO_VIEW_ZERO_OR_INVALID_RISK_KEEP_BUDGET,False,2019-03-01,2018-11-01,2018-03-05,242,,,,0.0,0.3887186883689326,0.0019401575337172849,0.0,0.2639931340909667,0.003760930785789,0.0,0.3472881775401007,0.0,0.0,,,,0.0,0.0,0.0
2019-03-19,NO_VIEW_ZERO_OR_INVALID_RISK_KEEP_BUDGET,False,2019-03-01,2018-11-01,2018-03-05,242,,,,0.0,0.3887186883689326,0.0019401575337172849,0.0,0.2639931340909667,0.003760930785789,0.0,0.3472881775401007,0.0,0.0,,,,0.0,0.0,0.0
2019-03-20,NO_VIEW_ZERO_OR_INVALID_RISK_KEEP_BUDGET,False,2019-03-01,2018-11-01,2018-03-05,242,,,,0.0,0.3887186883689326,0.0019401575337172849,0.0,0.2639931340909667,0.003760930785789,0.0,0.3472881775401007,0.0,0.0,,,,0.0,0.0,0.0
2019-03-21,NO_VIEW_ZERO_OR_INVALID_RISK_KEEP_BUDGET,False,2019-03-01,2018-11-01,2018-03-05,242,,,,0.0,0.3887186883689326,0.0019401575337172849,0.0,0.2639931340909667,0.003760930785789,0.0,0.3472881775401007,0.0,0.0,,,,0.0,0.0,0.0
2019-03-22,NO_VIEW_ZERO_OR_INVALID_RISK_KEEP_BUDGET,False,2019-03-01,2018-11-01,2018-03-05,242,,,,0.0,0.3887186883689326,0.0019401575337172849,0.0,0.2639931340909667,0.003760930785789,0.0,0.3472881775401007,0.0,0.0,,,,0.0,0.0,0.0
2019-03-25,NO_VIEW_ZERO_OR_INVALID_RISK_KEEP_BUDGET,False,2019-03-01,2018-11-01,2018-03-05,242,,,,0.0,0.3887186883689326,0.0019401575337172849,0.0,0.2639931340909667,0.003760930785789,0.0,0.3472881775401007,0.0,0.0,,,,0.0,0.0,0.0
2019-03-26,NO_VIEW_ZERO_OR_INVALID_RISK_KEEP_BUDGET,False,2019-03-01,2018-11-01,2018-03-05,242,,,,0.0,0.3887186883689326,0.0019401575337172849,0.0,0.2639931340909667,0.003760930785789,0.0,0.3472881775401007,0.0,0.0,,,,0.0,0.0,0.0
2019-03-27,NO_VIEW_ZERO_OR_INVALID_RISK_KEEP_BUDGET,False,2019-03-01,2018-11-01,2018-03-05,242,,,,0.0,0.3887186883689326,0.0019401575337172849,0.0,0.2639931340909667,0.003760930785789,0.0,0.3472881775401007,0.0,0.0,,,,0.0,0.0,0.0
2019-03-28,NO_VIEW_ZERO_OR_INVALID_RISK_KEEP_BUDGET,False,2019-03-01,2018-11-01,2018-03-05,242,,,,0.0,0.3887186883689326,0.0019401575337172849,0.0,0.2639931340909667,0.003760930785789,0.0,0.3472881775401007,0.0,0.0,,,,0.0,0.0,0.0
2019-03-29,NO_VIEW_ZERO_OR_INVALID_RISK_KEEP_BUDGET,False,2019-03-01,2018-11-01,2018-03-05,242,,,,0.0,0.3887186883689326,0.0019401575337172849,0.0,0.2639931340909667,0.003760930785789,0.0,0.3472881775401007,0.0,0.0,,,,0.0,0.0,0.0
2019-04-01,NO_VIEW_ZERO_OR_INVALID_RISK_KEEP_BUDGET,True,2019-04-01,2018-11-01,2018-04-03,242,,,,0.0,0.3887186883689326,0.0018905604211212918,0.0,0.2639931340909667,0.004536062918454543,0.0,0.3472881775401007,0.0,0.0,,,,0.0,0.0,0.0
2019-04-02,NO_VIEW_ZERO_OR_INVALID_RISK_KEEP_BUDGET,False,2019-04-01,2018-11-01,2018-04-03,242,,,,0.0,0.3887186883689326,0.0018905604211212918,0.0,0.2639931340909667,0.004536062918454543,0.0,0.3472881775401007,0.0,0.0,,,,0.0,0.0,0.0
2019-04-03,NO_VIEW_ZERO_OR_INVALID_RISK_KEEP_BUDGET,False,2019-04-01,2018-11-01,2018-04-03,242,,,,0.0,0.3887186883689326,0.0018905604211212918,0.0,0.2639931340909667,0.004536062918454543,0.0,0.3472881775401007,0.0,0.0,,,,0.0,0.0,0.0
2019-04-04,NO_VIEW_ZERO_OR_INVALID_RISK_KEEP_BUDGET,False,2019-04-01,2018-11-01,2018-04-03,242,,,,0.0,0.3887186883689326,0.0018905604211212918,0.0,0.2639931340909667,0.004536062918454543,0.0,0.3472881775401007,0.0,0.0,,,,0.0,0.0,0.0
2019-04-08,NO_VIEW_ZERO_OR_INVALID_RISK_KEEP_BUDGET,False,2019-04-01,2018-11-01,2018-04-03,242,,,,0.0,0.3887186883689326,0.0018905604211212918,0.0,0.2639931340909667,0.004536062918454543,0.0,0.3472881775401007,0.0,0.0,,,,0.0,0.0,0.0
2019-04-09,NO_VIEW_ZERO_OR_INVALID_RISK_KEEP_BUDGET,False,2019-04-01,2018-11-01,2018-04-03,242,,,,0.0,0.3887186883689326,0.0018905604211212918,0.0,0.2639931340909667,0.004536062918454543,0.0,0.3472881775401007,0.0,0.0,,,,0.0,0.0,0.0
2019-04-10,NO_VIEW_ZERO_OR_INVALID_RISK_KEEP_BUDGET,False,2019-04-01,2018-11-01,2018-04-03,242,,,,0.0,0.3887186883689326,0.0018905604211212918,0.0,0.2639931340909667,0.004536062918454543,0.0,0.3472881775401007,0.0,0.0,,,,0.0,0.0,0.0
2019-04-11,NO_VIEW_ZERO_OR_INVALID_RISK_KEEP_BUDGET,False,2019-04-01,2018-11-01,2018-04-03,242,,,,0.0,0.3887186883689326,0.0018905604211212918,0.0,0.2639931340909667,0.004536062918454543,0.0,0.3472881775401007,0.0,0.0,,,,0.0,0.0,0.0
2019-04-12,NO_VIEW_ZERO_OR_INVALID_RISK_KEEP_BUDGET,False,2019-04-01,2018-11-01,2018-04-03,242,,,,0.0,0.3887186883689326,0.0018905604211212918,0.0,0.2639931340909667,0.004536062918454543,0.0,0.3472881775401007,0.0,0.0,,,,0.0,0.0,0.0
2019-04-15,NO_VIEW_ZERO_OR_INVALID_RISK_KEEP_BUDGET,False,2019-04-01,2018-11-01,2018-04-03,242,,,,0.0,0.3887186883689326,0.0018905604211212918,0.0,0.2639931340909667,0.004536062918454543,0.0,0.3472881775401007,0.0,0.0,,,,0.0,0.0,0.0
2019-04-16,NO_VIEW_ZERO_OR_INVALID_RISK_KEEP_BUDGET,False,2019-04-01,2018-11-01,2018-04-03,242,,,,0.0,0.3887186883689326,0.0018905604211212918,0.0,0.2639931340909667,0.004536062918454543,0.0,0.3472881775401007,0.0,0.0,,,,0.0,0.0,0.0
2019-04-17,NO_VIEW_ZERO_OR_INVALID_RISK_KEEP_BUDGET,False,2019-04-01,2018-11-01,2018-04-03,242,,,,0.0,0.3887186883689326,0.0018905604211212918,0.0,0.2639931340909667,0.004536062918454543,0.0,0.3472881775401007,0.0,0.0,,,,0.0,0.0,0.0
2019-04-18,NO_VIEW_ZERO_OR_INVALID_RISK_KEEP_BUDGET,False,2019-04-01,2018-11-01,2018-04-03,242,,,,0.0,0.3887186883689326,0.0018905604211212918,0.0,0.2639931340909667,0.004536062918454543,0.0,0.3472881775401007,0.0,0.0,,,,0.0,0.0,0.0
2019-04-19,NO_VIEW_ZERO_OR_INVALID_RISK_KEEP_BUDGET,False,2019-04-01,2018-11-01,2018-04-03,242,,,,0.0,0.3887186883689326,0.0018905604211212918,0.0,0.2639931340909667,0.004536062918454543,0.0,0.3472881775401007,0.0,0.0,,,,0.0,0.0,0.0
2019-04-22,NO_VIEW_ZERO_OR_INVALID_RISK_KEEP_BUDGET,False,2019-04-01,2018-11-01,2018-04-03,242,,,,0.0,0.3887186883689326,0.0018905604211212918,0.0,0.2639931340909667,0.004536062918454543,0.0,0.3472881775401007,0.0,0.0,,,,0.0,0.0,0.0
2019-04-23,NO_VIEW_ZERO_OR_INVALID_RISK_KEEP_BUDGET,False,2019-04-01,2018-11-01,2018-04-03,242,,,,0.0,0.3887186883689326,0.0018905604211212918,0.0,0.2639931340909667,0.004536062918454543,0.0,0.3472881775401007,0.0,0.0,,,,0.0,0.0,0.0
2019-04-24,NO_VIEW_ZERO_OR_INVALID_RISK_KEEP_BUDGET,False,2019-04-01,2018-11-01,2018-04-03,242,,,,0.0,0.3887186883689326,0.0018905604211212918,0.0,0.2639931340909667,0.004536062918454543,0.0,0.3472881775401007,0.0,0.0,,,,0.0,0.0,0.0
2019-04-25,NO_VIEW_ZERO_OR_INVALID_RISK_KEEP_BUDGET,False,2019-04-01,2018-11-01,2018-04-03,242,,,,0.0,0.3887186883689326,0.0018905604211212918,0.0,0.2639931340909667,0.004536062918454543,0.0,0.3472881775401007,0.0,0.0,,,,0.0,0.0,0.0
2019-04-26,NO_VIEW_ZERO_OR_INVALID_RISK_KEEP_BUDGET,False,2019-04-01,2018-11-01,2018-04-03,242,,,,0.0,0.3887186883689326,0.0018905604211212918,0.0,0.2639931340909667,0.004536062918454543,0.0,0.3472881775401007,0.0,0.0,,,,0.0,0.0,0.0
2019-04-29,NO_VIEW_ZERO_OR_INVALID_RISK_KEEP_BUDGET,False,2019-04-01,2018-11-01,2018-04-03,242,,,,0.0,0.3887186883689326,0.0018905604211212918,0.0,0.2639931340909667,0.004536062918454543,0.0,0.3472881775401007,0.0,0.0,,,,0.0,0.0,0.0
2019-04-30,NO_VIEW_ZERO_OR_INVALID_RISK_KEEP_BUDGET,False,2019-04-01,2018-11-01,2018-04-03,242,,,,0.0,0.3887186883689326,0.0018905604211212918,0.0,0.2639931340909667,0.004536062918454543,0.0,0.3472881775401007,0.0,0.0,,,,0.0,0.0,0.0
2019-05-06,NO_VIEW_ZERO_OR_INVALID_RISK_KEEP_BUDGET,True,2019-05-06,2018-11-01,2018-05-08,242,,,,0.0,0.3887186883689326,0.001890560421121292,0.0,0.2639931340909667,0.0045360629184545385,0.0,0.3472881775401007,0.0,0.0,,,,0.0,0.0,0.0
2019-05-07,NO_VIEW_ZERO_OR_INVALID_RISK_KEEP_BUDGET,False,2019-05-06,2018-11-01,2018-05-08,242,,,,0.0,0.3887186883689326,0.001890560421121292,0.0,0.2639931340909667,0.0045360629184545385,0.0,0.3472881775401007,0.0,0.0,,,,0.0,0.0,0.0
2019-05-08,NO_VIEW_ZERO_OR_INVALID_RISK_KEEP_BUDGET,False,2019-05-06,2018-11-01,2018-05-08,242,,,,0.0,0.3887186883689326,0.001890560421121292,0.0,0.2639931340909667,0.0045360629184545385,0.0,0.3472881775401007,0.0,0.0,,,,0.0,0.0,0.0
2019-05-09,NO_VIEW_ZERO_OR_INVALID_RISK_KEEP_BUDGET,False,2019-05-06,2018-11-01,2018-05-08,242,,,,0.0,0.3887186883689326,0.001890560421121292,0.0,0.2639931340909667,0.0045360629184545385,0.0,0.3472881775401007,0.0,0.0,,,,0.0,0.0,0.0
2019-05-10,NO_VIEW_ZERO_OR_INVALID_RISK_KEEP_BUDGET,False,2019-05-06,2018-11-01,2018-05-08,242,,,,0.0,0.3887186883689326,0.001890560421121292,0.0,0.2639931340909667,0.0045360629184545385,0.0,0.3472881775401007,0.0,0.0,,,,0.0,0.0,0.0
2019-05-13,NO_VIEW_ZERO_OR_INVALID_RISK_KEEP_BUDGET,False,2019-05-06,2018-11-01,2018-05-08,242,,,,0.0,0.3887186883689326,0.001890560421121292,0.0,0.2639931340909667,0.0045360629184545385,0.0,0.3472881775401007,0.0,0.0,,,,0.0,0.0,0.0
2019-05-14,NO_VIEW_ZERO_OR_INVALID_RISK_KEEP_BUDGET,False,2019-05-06,2018-11-01,2018-05-08,242,,,,0.0,0.3887186883689326,0.001890560421121292,0.0,0.2639931340909667,0.0045360629184545385,0.0,0.3472881775401007,0.0,0.0,,,,0.0,0.0,0.0
2019-05-15,NO_VIEW_ZERO_OR_INVALID_RISK_KEEP_BUDGET,False,2019-05-06,2018-11-01,2018-05-08,242,,,,0.0,0.3887186883689326,0.001890560421121292,0.0,0.2639931340909667,0.0045360629184545385,0.0,0.3472881775401007,0.0,0.0,,,,0.0,0.0,0.0
2019-05-16,NO_VIEW_ZERO_OR_INVALID_RISK_KEEP_BUDGET,False,2019-05-06,2018-11-01,2018-05-08,242,,,,0.0,0.3887186883689326,0.001890560421121292,0.0,0.2639931340909667,0.0045360629184545385,0.0,0.3472881775401007,0.0,0.0,,,,0.0,0.0,0.0
2019-05-17,NO_VIEW_ZERO_OR_INVALID_RISK_KEEP_BUDGET,False,2019-05-06,2018-11-01,2018-05-08,242,,,,0.0,0.3887186883689326,0.001890560421121292,0.0,0.2639931340909667,0.0045360629184545385,0.0,0.3472881775401007,0.0,0.0,,,,0.0,0.0,0.0
2019-05-20,NO_VIEW_ZERO_OR_INVALID_RISK_KEEP_BUDGET,False,2019-05-06,2018-11-01,2018-05-08,242,,,,0.0,0.3887186883689326,0.001890560421121292,0.0,0.2639931340909667,0.0045360629184545385,0.0,0.3472881775401007,0.0,0.0,,,,0.0,0.0,0.0
2019-05-21,NO_VIEW_ZERO_OR_INVALID_RISK_KEEP_BUDGET,False,2019-05-06,2018-11-01,2018-05-08,242,,,,0.0,0.3887186883689326,0.001890560421121292,0.0,0.2639931340909667,0.0045360629184545385,0.0,0.3472881775401007,0.0,0.0,,,,0.0,0.0,0.0
2019-05-22,NO_VIEW_ZERO_OR_INVALID_RISK_KEEP_BUDGET,False,2019-05-06,2018-11-01,2018-05-08,242,,,,0.0,0.3887186883689326,0.001890560421121292,0.0,0.2639931340909667,0.0045360629184545385,0.0,0.3472881775401007,0.0,0.0,,,,0.0,0.0,0.0
2019-05-23,NO_VIEW_ZERO_OR_INVALID_RISK_KEEP_BUDGET,False,2019-05-06,2018-11-01,2018-05-08,242,,,,0.0,0.3887186883689326,0.001890560421121292,0.0,0.2639931340909667,0.0045360629184545385,0.0,0.3472881775401007,0.0,0.0,,,,0.0,0.0,0.0
2019-05-24,NO_VIEW_ZERO_OR_INVALID_RISK_KEEP_BUDGET,False,2019-05-06,2018-11-01,2018-05-08,242,,,,0.0,0.3887186883689326,0.001890560421121292,0.0,0.2639931340909667,0.0045360629184545385,0.0,0.3472881775401007,0.0,0.0,,,,0.0,0.0,0.0
2019-05-27,NO_VIEW_ZERO_OR_INVALID_RISK_KEEP_BUDGET,False,2019-05-06,2018-11-01,2018-05-08,242,,,,0.0,0.3887186883689326,0.001890560421121292,0.0,0.2639931340909667,0.0045360629184545385,0.0,0.3472881775401007,0.0,0.0,,,,0.0,0.0,0.0
2019-05-28,NO_VIEW_ZERO_OR_INVALID_RISK_KEEP_BUDGET,False,2019-05-06,2018-11-01,2018-05-08,242,,,,0.0,0.3887186883689326,0.001890560421121292,0.0,0.2639931340909667,0.0045360629184545385,0.0,0.3472881775401007,0.0,0.0,,,,0.0,0.0,0.0
2019-05-29,NO_VIEW_ZERO_OR_INVALID_RISK_KEEP_BUDGET,False,2019-05-06,2018-11-01,2018-05-08,242,,,,0.0,0.3887186883689326,0.001890560421121292,0.0,0.2639931340909667,0.0045360629184545385,0.0,0.3472881775401007,0.0,0.0,,,,0.0,0.0,0.0
2019-05-30,NO_VIEW_ZERO_OR_INVALID_RISK_KEEP_BUDGET,False,2019-05-06,2018-11-01,2018-05-08,242,,,,0.2639931340909667,0.3887186883689326,0.001890560421121292,0.0,0.2639931340909667,0.0045360629184545385,1.0,0.3472881775401007,0.0,0.0,,,,0.0,0.0,0.0
2019-05-31,NO_VIEW_ZERO_OR_INVALID_RISK_KEEP_BUDGET,False,2019-05-06,2018-11-01,2018-05-08,242,,,,0.2639931340909667,0.3887186883689326,0.001890560421121292,0.0,0.2639931340909667,0.0045360629184545385,1.0,0.3472881775401007,0.0,0.0,,,,0.0,-0.0034831753294221057,0.0
2019-06-03,NO_VIEW_ZERO_OR_INVALID_RISK_KEEP_BUDGET,True,2019-06-03,2018-11-01,2018-06-05,242,,,,0.2639931340909667,0.3887186883689326,0.0018905604211212922,0.0,0.2639931340909667,0.0045436357130372645,1.0,0.3472881775401007,0.0,0.0,,,,0.0,0.00219681368057989,0.0
2019-06-04,NO_VIEW_ZERO_OR_INVALID_RISK_KEEP_BUDGET,False,2019-06-03,2018-11-01,2018-06-05,242,,,,0.2639931340909667,0.3887186883689326,0.0018905604211212922,0.0,0.2639931340909667,0.0045436357130372645,1.0,0.3472881775401007,0.0,0.0,,,,0.0,-0.009041992858780601,0.0
2019-06-05,NO_VIEW_ZERO_OR_INVALID_RISK_KEEP_BUDGET,False,2019-06-03,2018-11-01,2018-06-05,242,,,,0.2639931340909667,0.3887186883689326,0.0018905604211212922,0.0,0.2639931340909667,0.0045436357130372645,1.0,0.3472881775401007,0.0,0.0,,,,0.0,-0.0022119991493071423,0.0
2019-06-06,NO_VIEW_ZERO_OR_INVALID_RISK_KEEP_BUDGET,False,2019-06-03,2018-11-01,2018-06-05,242,,,,0.2639931340909667,0.3887186883689326,0.0018905604211212922,0.0,0.2639931340909667,0.0045436357130372645,1.0,0.3472881775401007,0.0,0.0,,,,0.0,-0.008590498879778807,0.0
2019-06-10,NO_VIEW_ZERO_OR_INVALID_RISK_KEEP_BUDGET,False,2019-06-03,2018-11-01,2018-06-05,242,,,,0.2639931340909667,0.3887186883689326,0.0018905604211212922,0.0,0.2639931340909667,0.0045436357130372645,1.0,0.3472881775401007,0.0,0.0,,,,0.0,0.012857645475174317,0.0
2019-06-11,NO_VIEW_ZERO_OR_INVALID_RISK_KEEP_BUDGET,False,2019-06-03,2018-11-01,2018-06-05,242,,,,0.2639931340909667,0.3887186883689326,0.0018905604211212922,0.0,0.2639931340909667,0.0045436357130372645,1.0,0.3472881775401007,0.0,0.0,,,,0.0,0.031184131121387626,0.0
2019-06-12,NO_VIEW_ZERO_OR_INVALID_RISK_KEEP_BUDGET,False,2019-06-03,2018-11-01,2018-06-05,242,,,,0.2639931340909667,0.3887186883689326,0.0018905604211212922,0.0,0.2639931340909667,0.0045436357130372645,1.0,0.3472881775401007,0.0,0.0,,,,0.0,-0.007493367194673417,0.0
2019-06-13,NO_VIEW_ZERO_OR_INVALID_RISK_KEEP_BUDGET,False,2019-06-03,2018-11-01,2018-06-05,242,,,,0.2639931340909667,0.3887186883689326,0.0018905604211212922,0.0,0.2639931340909667,0.0045436357130372645,1.0,0.3472881775401007,0.0,0.0,,,,0.0,-0.0018874854199948388,0.0
2019-06-14,NO_VIEW_ZERO_OR_INVALID_RISK_KEEP_BUDGET,False,2019-06-03,2018-11-01,2018-06-05,242,,,,0.2639931340909667,0.3887186883689326,0.0018905604211212922,0.0,0.2639931340909667,0.0045436357130372645,1.0,0.3472881775401007,0.0,0.0,,,,0.0,-0.005943314954593215,0.0
2019-06-17,NO_VIEW_ZERO_OR_INVALID_RISK_KEEP_BUDGET,False,2019-06-03,2018-11-01,2018-06-05,242,,,,0.2639931340909667,0.3887186883689326,0.0018905604211212922,0.0,0.2639931340909667,0.0045436357130372645,1.0,0.3472881775401007,0.0,0.0,,,,0.0,0.0008152976097390852,0.0
2019-06-18,NO_VIEW_ZERO_OR_INVALID_RISK_KEEP_BUDGET,False,2019-06-03,2018-11-01,2018-06-05,242,,,,0.2639931340909667,0.3887186883689326,0.0018905604211212922,0.0,0.2639931340909667,0.0045436357130372645,1.0,0.3472881775401007,0.0,0.0,,,,0.0,0.0021723558427781953,0.0
2019-06-19,NO_VIEW_ZERO_OR_INVALID_RISK_KEEP_BUDGET,False,2019-06-03,2018-11-01,2018-06-05,242,,,,0.2639931340909667,0.3887186883689326,0.0018905604211212922,0.0,0.2639931340909667,0.0045436357130372645,1.0,0.3472881775401007,0.0,0.0,,,,0.0,0.01463161686037684,0.0
2019-06-20,NO_VIEW_ZERO_OR_INVALID_RISK_KEEP_BUDGET,False,2019-06-03,2018-11-01,2018-06-05,242,,,,0.2639931340909667,0.3887186883689326,0.0018905604211212922,0.0,0.2639931340909667,0.0045436357130372645,1.0,0.3472881775401007,0.0,0.0,,,,0.0,0.02884123975093944,0.0
2019-06-21,NO_VIEW_ZERO_OR_INVALID_RISK_KEEP_BUDGET,False,2019-06-03,2018-11-01,2018-06-05,242,,,,0.2639931340909667,0.3887186883689326,0.0018905604211212922,0.0,0.2639931340909667,0.0045436357130372645,1.0,0.3472881775401007,0.0,0.0,,,,0.0,0.0018169369007208225,0.0
2019-06-24,NO_VIEW_ZERO_OR_INVALID_RISK_KEEP_BUDGET,False,2019-06-03,2018-11-01,2018-06-05,242,,,,0.2639931340909667,0.3887186883689326,0.0018905604211212922,0.0,0.2639931340909667,0.0045436357130372645,1.0,0.3472881775401007,0.0,0.0,,,,0.0,0.001554549967132779,0.0
2019-06-25,NO_VIEW_ZERO_OR_INVALID_RISK_KEEP_BUDGET,False,2019-06-03,2018-11-01,2018-06-05,242,,,,0.2639931340909667,0.3887186883689326,0.0018905604211212922,0.0,0.2639931340909667,0.0045436357130372645,1.0,0.3472881775401007,0.0,0.0,,,,0.0,-0.010088891101033837,0.0
2019-06-26,NO_VIEW_ZERO_OR_INVALID_RISK_KEEP_BUDGET,False,2019-06-03,2018-11-01,2018-06-05,242,,,,0.2639931340909667,0.3887186883689326,0.0018905604211212922,0.0,0.2639931340909667,0.0045436357130372645,1.0,0.3472881775401007,0.0,0.0,,,,0.0,0.0002613260050174926,0.0
2019-06-27,NO_VIEW_ZERO_OR_INVALID_RISK_KEEP_BUDGET,False,2019-06-03,2018-11-01,2018-06-05,242,,,,0.2639931340909667,0.3887186883689326,0.0018905604211212922,0.0,0.2639931340909667,0.0045436357130372645,1.0,0.3472881775401007,0.0,0.0,,,,0.0,0.010972824726290353,0.0
2019-06-28,NO_VIEW_ZERO_OR_INVALID_RISK_KEEP_BUDGET,False,2019-06-03,2018-11-01,2018-06-05,242,,,,0.2639931340909667,0.3887186883689326,0.0018905604211212922,0.0,0.2639931340909667,0.0045436357130372645,1.0,0.3472881775401007,0.0,0.0,,,,0.0,-0.0002584221110484286,0.0
2019-07-01,NO_VIEW_ZERO_OR_INVALID_RISK_KEEP_BUDGET,True,2019-07-01,2018-11-01,2018-07-03,242,,,,0.2639931340909667,0.3887186883689326,0.0018905604211212927,0.0,0.2639931340909667,0.0058499561961026505,1.0,0.3472881775401007,0.0,0.0,,,,0.0,0.024556446478337657,0.0
2019-07-02,NO_VIEW_ZERO_OR_INVALID_RISK_KEEP_BUDGET,False,2019-07-01,2018-11-01,2018-07-03,242,,,,0.2639931340909667,0.3887186883689326,0.0018905604211212927,0.0,0.2639931340909667,0.0058499561961026505,1.0,0.3472881775401007,0.0,0.0,,,,0.0,0.0015137608739086428,0.0
2019-07-03,NO_VIEW_ZERO_OR_INVALID_RISK_KEEP_BUDGET,False,2019-07-01,2018-11-01,2018-07-03,242,,,,0.2639931340909667,0.3887186883689326,0.0018905604211212927,0.0,0.2639931340909667,0.0058499561961026505,1.0,0.3472881775401007,0.0,0.0,,,,0.0,-0.008313100759826164,0.0
2019-07-04,NO_VIEW_ZERO_OR_INVALID_RISK_KEEP_BUDGET,False,2019-07-01,2018-11-01,2018-07-03,242,,,,0.0,0.3887186883689326,0.0018905604211212927,0.0,0.2639931340909667,0.0058499561961026505,0.0,0.3472881775401007,0.0,0.0,,,,0.0,-0.006604620626918134,0.0
2019-07-05,NO_VIEW_ZERO_OR_INVALID_RISK_KEEP_BUDGET,False,2019-07-01,2018-11-01,2018-07-03,242,,,,0.0,0.3887186883689326,0.0018905604211212927,0.0,0.2639931340909667,0.0058499561961026505,0.0,0.3472881775401007,0.0,0.0,,,,0.0,-0.0009664919326114463,0.0
2019-07-08,NO_VIEW_ZERO_OR_INVALID_RISK_KEEP_BUDGET,False,2019-07-01,2018-11-01,2018-07-03,242,,,,0.0,0.3887186883689326,0.0018905604211212927,0.0,0.2639931340909667,0.0058499561961026505,0.0,0.3472881775401007,0.0,0.0,,,,0.0,0.0,0.0
2019-07-09,NO_VIEW_ZERO_OR_INVALID_RISK_KEEP_BUDGET,False,2019-07-01,2018-11-01,2018-07-03,242,,,,0.0,0.3887186883689326,0.0018905604211212927,0.0,0.2639931340909667,0.0058499561961026505,0.0,0.3472881775401007,0.0,0.0,,,,0.0,0.0,0.0
2019-07-10,NO_VIEW_ZERO_OR_INVALID_RISK_KEEP_BUDGET,False,2019-07-01,2018-11-01,2018-07-03,242,,,,0.0,0.3887186883689326,0.0018905604211212927,0.0,0.2639931340909667,0.0058499561961026505,0.0,0.3472881775401007,0.0,0.0,,,,0.0,0.0,0.0
2019-07-11,NO_VIEW_ZERO_OR_INVALID_RISK_KEEP_BUDGET,False,2019-07-01,2018-11-01,2018-07-03,242,,,,0.0,0.3887186883689326,0.0018905604211212927,0.0,0.2639931340909667,0.0058499561961026505,0.0,0.3472881775401007,0.0,0.0,,,,0.0,0.0,0.0
2019-07-12,NO_VIEW_ZERO_OR_INVALID_RISK_KEEP_BUDGET,False,2019-07-01,2018-11-01,2018-07-03,242,,,,0.0,0.3887186883689326,0.0018905604211212927,0.0,0.2639931340909667,0.0058499561961026505,0.0,0.3472881775401007,0.0,0.0,,,,0.0,0.0,0.0
2019-07-15,NO_VIEW_ZERO_OR_INVALID_RISK_KEEP_BUDGET,False,2019-07-01,2018-11-01,2018-07-03,242,,,,0.0,0.3887186883689326,0.0018905604211212927,0.0,0.2639931340909667,0.0058499561961026505,0.0,0.3472881775401007,0.0,0.0,,,,0.0,0.0,0.0
2019-07-16,NO_VIEW_ZERO_OR_INVALID_RISK_KEEP_BUDGET,False,2019-07-01,2018-11-01,2018-07-03,242,,,,0.0,0.3887186883689326,0.0018905604211212927,0.0,0.2639931340909667,0.0058499561961026505,0.0,0.3472881775401007,0.0,0.0,,,,0.0,0.0,0.0
2019-07-17,NO_VIEW_ZERO_OR_INVALID_RISK_KEEP_BUDGET,False,2019-07-01,2018-11-01,2018-07-03,242,,,,0.0,0.3887186883689326,0.0018905604211212927,0.0,0.2639931340909667,0.0058499561961026505,0.0,0.3472881775401007,0.0,0.0,,,,0.0,0.0,0.0
2019-07-18,NO_VIEW_ZERO_OR_INVALID_RISK_KEEP_BUDGET,False,2019-07-01,2018-11-01,2018-07-03,242,,,,0.0,0.3887186883689326,0.0018905604211212927,0.0,0.2639931340909667,0.0058499561961026505,0.0,0.3472881775401007,0.0,0.0,,,,0.0,0.0,0.0
2019-07-19,NO_VIEW_ZERO_OR_INVALID_RISK_KEEP_BUDGET,False,2019-07-01,2018-11-01,2018-07-03,242,,,,0.0,0.3887186883689326,0.0018905604211212927,0.0,0.2639931340909667,0.0058499561961026505,0.0,0.3472881775401007,0.0,0.0,,,,0.0,0.0,0.0
2019-07-22,NO_VIEW_ZERO_OR_INVALID_RISK_KEEP_BUDGET,False,2019-07-01,2018-11-01,2018-07-03,242,,,,0.0,0.3887186883689326,0.0018905604211212927,0.0,0.2639931340909667,0.0058499561961026505,0.0,0.3472881775401007,0.0,0.0,,,,0.0,0.0,0.0
2019-07-23,NO_VIEW_ZERO_OR_INVALID_RISK_KEEP_BUDGET,False,2019-07-01,2018-11-01,2018-07-03,242,,,,0.0,0.3887186883689326,0.0018905604211212927,0.0,0.2639931340909667,0.0058499561961026505,0.0,0.3472881775401007,0.0,0.0,,,,0.0,0.0,0.0
2019-07-24,NO_VIEW_ZERO_OR_INVALID_RISK_KEEP_BUDGET,False,2019-07-01,2018-11-01,2018-07-03,242,,,,0.0,0.3887186883689326,0.0018905604211212927,0.0,0.2639931340909667,0.0058499561961026505,0.0,0.3472881775401007,0.0,0.0,,,,0.0,0.0,0.0
2019-07-25,NO_VIEW_ZERO_OR_INVALID_RISK_KEEP_BUDGET,False,2019-07-01,2018-11-01,2018-07-03,242,,,,0.0,0.3887186883689326,0.0018905604211212927,0.0,0.2639931340909667,0.0058499561961026505,0.0,0.3472881775401007,0.0,0.0,,,,0.0,0.0,0.0
2019-07-26,NO_VIEW_ZERO_OR_INVALID_RISK_KEEP_BUDGET,False,2019-07-01,2018-11-01,2018-07-03,242,,,,0.0,0.3887186883689326,0.0018905604211212927,0.0,0.2639931340909667,0.0058499561961026505,0.0,0.3472881775401007,0.0,0.0,,,,0.0,0.0,0.0
2019-07-29,NO_VIEW_ZERO_OR_INVALID_RISK_KEEP_BUDGET,False,2019-07-01,2018-11-01,2018-07-03,242,,,,0.0,0.3887186883689326,0.0018905604211212927,0.0,0.2639931340909667,0.0058499561961026505,0.0,0.3472881775401007,0.0,0.0,,,,0.0,0.0,0.0
2019-07-30,NO_VIEW_ZERO_OR_INVALID_RISK_KEEP_BUDGET,False,2019-07-01,2018-11-01,2018-07-03,242,,,,0.0,0.3887186883689326,0.0018905604211212927,0.0,0.2639931340909667,0.0058499561961026505,0.0,0.3472881775401007,0.0,0.0,,,,0.0,0.0,0.0
2019-07-31,NO_VIEW_ZERO_OR_INVALID_RISK_KEEP_BUDGET,False,2019-07-01,2018-11-01,2018-07-03,242,,,,0.0,0.3887186883689326,0.0018905604211212927,0.0,0.2639931340909667,0.0058499561961026505,0.0,0.3472881775401007,0.0,0.0,,,,0.0,0.0,0.0
2019-08-01,NO_VIEW_ZERO_OR_INVALID_RISK_KEEP_BUDGET,True,2019-08-01,2018-11-01,2018-08-03,242,,,,0.0,0.3887186883689326,0.001890560421121293,0.0,0.2639931340909667,0.00589260266288206,0.0,0.3472881775401007,0.0,0.0,,,,0.0,0.0,0.0
2019-08-02,NO_VIEW_ZERO_OR_INVALID_RISK_KEEP_BUDGET,False,2019-08-01,2018-11-01,2018-08-03,242,,,,0.0,0.3887186883689326,0.001890560421121293,0.0,0.2639931340909667,0.00589260266288206,0.0,0.3472881775401007,0.0,0.0,,,,0.0,0.0,0.0
2019-08-05,NO_VIEW_ZERO_OR_INVALID_RISK_KEEP_BUDGET,False,2019-08-01,2018-11-01,2018-08-03,242,,,,0.0,0.3887186883689326,0.001890560421121293,0.0,0.2639931340909667,0.00589260266288206,0.0,0.3472881775401007,0.0,0.0,,,,0.0,0.0,0.0
2019-08-06,NO_VIEW_ZERO_OR_INVALID_RISK_KEEP_BUDGET,False,2019-08-01,2018-11-01,2018-08-03,242,,,,0.0,0.3887186883689326,0.001890560421121293,0.0,0.2639931340909667,0.00589260266288206,0.0,0.3472881775401007,0.0,0.0,,,,0.0,0.0,0.0
2019-08-07,NO_VIEW_ZERO_OR_INVALID_RISK_KEEP_BUDGET,False,2019-08-01,2018-11-01,2018-08-03,242,,,,0.0,0.3887186883689326,0.001890560421121293,0.0,0.2639931340909667,0.00589260266288206,0.0,0.3472881775401007,0.0,0.0,,,,0.0,0.0,0.0
2019-08-08,NO_VIEW_ZERO_OR_INVALID_RISK_KEEP_BUDGET,False,2019-08-01,2018-11-01,2018-08-03,242,,,,0.0,0.3887186883689326,0.001890560421121293,0.0,0.2639931340909667,0.00589260266288206,0.0,0.3472881775401007,0.0,0.0,,,,0.0,0.0,0.0
2019-08-09,NO_VIEW_ZERO_OR_INVALID_RISK_KEEP_BUDGET,False,2019-08-01,2018-11-01,2018-08-03,242,,,,0.0,0.3887186883689326,0.001890560421121293,0.0,0.2639931340909667,0.00589260266288206,0.0,0.3472881775401007,0.0,0.0,,,,0.0,0.0,0.0
2019-08-12,NO_VIEW_ZERO_OR_INVALID_RISK_KEEP_BUDGET,False,2019-08-01,2018-11-01,2018-08-03,242,,,,0.0,0.3887186883689326,0.001890560421121293,0.0,0.2639931340909667,0.00589260266288206,0.0,0.3472881775401007,0.0,0.0,,,,0.0,0.0,0.0
2019-08-13,NO_VIEW_ZERO_OR_INVALID_RISK_KEEP_BUDGET,False,2019-08-01,2018-11-01,2018-08-03,242,,,,0.0,0.3887186883689326,0.001890560421121293,0.0,0.2639931340909667,0.00589260266288206,0.0,0.3472881775401007,0.0,0.0,,,,0.0,0.0,0.0
2019-08-14,NO_VIEW_ZERO_OR_INVALID_RISK_KEEP_BUDGET,False,2019-08-01,2018-11-01,2018-08-03,242,,,,0.0,0.3887186883689326,0.001890560421121293,0.0,0.2639931340909667,0.00589260266288206,0.0,0.3472881775401007,0.0,0.0,,,,0.0,0.0,0.0
2019-08-15,NO_VIEW_ZERO_OR_INVALID_RISK_KEEP_BUDGET,False,2019-08-01,2018-11-01,2018-08-03,242,,,,0.0,0.3887186883689326,0.001890560421121293,0.0,0.2639931340909667,0.00589260266288206,0.0,0.3472881775401007,0.0,0.0,,,,0.0,0.0,0.0
2019-08-16,NO_VIEW_ZERO_OR_INVALID_RISK_KEEP_BUDGET,False,2019-08-01,2018-11-01,2018-08-03,242,,,,0.0,0.3887186883689326,0.001890560421121293,0.0,0.2639931340909667,0.00589260266288206,0.0,0.3472881775401007,0.0,0.0,,,,0.0,0.0,0.0
2019-08-19,NO_VIEW_ZERO_OR_INVALID_RISK_KEEP_BUDGET,False,2019-08-01,2018-11-01,2018-08-03,242,,,,0.0,0.3887186883689326,0.001890560421121293,0.0,0.2639931340909667,0.00589260266288206,0.0,0.3472881775401007,0.0,0.0,,,,0.0,0.0,0.0
2019-08-20,NO_VIEW_ZERO_OR_INVALID_RISK_KEEP_BUDGET,False,2019-08-01,2018-11-01,2018-08-03,242,,,,0.0,0.3887186883689326,0.001890560421121293,0.0,0.2639931340909667,0.00589260266288206,0.0,0.3472881775401007,0.0,0.0,,,,0.0,0.0,0.0
2019-08-21,NO_VIEW_ZERO_OR_INVALID_RISK_KEEP_BUDGET,False,2019-08-01,2018-11-01,2018-08-03,242,,,,0.0,0.3887186883689326,0.001890560421121293,0.0,0.2639931340909667,0.00589260266288206,0.0,0.3472881775401007,0.0,0.0,,,,0.0,0.0,0.0
2019-08-22,NO_VIEW_ZERO_OR_INVALID_RISK_KEEP_BUDGET,False,2019-08-01,2018-11-01,2018-08-03,242,,,,0.0,0.3887186883689326,0.001890560421121293,0.0,0.2639931340909667,0.00589260266288206,0.0,0.3472881775401007,0.0,0.0,,,,0.0,0.0,0.0
2019-08-23,NO_VIEW_ZERO_OR_INVALID_RISK_KEEP_BUDGET,False,2019-08-01,2018-11-01,2018-08-03,242,,,,0.0,0.3887186883689326,0.001890560421121293,0.0,0.2639931340909667,0.00589260266288206,0.0,0.3472881775401007,0.0,0.0,,,,0.0,0.0,0.0
2019-08-26,NO_VIEW_ZERO_OR_INVALID_RISK_KEEP_BUDGET,False,2019-08-01,2018-11-01,2018-08-03,242,,,,0.0,0.3887186883689326,0.001890560421121293,0.0,0.2639931340909667,0.00589260266288206,0.0,0.3472881775401007,0.0,0.0,,,,0.0,0.0,0.0
2019-08-27,NO_VIEW_ZERO_OR_INVALID_RISK_KEEP_BUDGET,False,2019-08-01,2018-11-01,2018-08-03,242,,,,0.0,0.3887186883689326,0.001890560421121293,0.0,0.2639931340909667,0.00589260266288206,0.0,0.3472881775401007,0.0,0.0,,,,0.0,0.0,0.0
2019-08-28,NO_VIEW_ZERO_OR_INVALID_RISK_KEEP_BUDGET,False,2019-08-01,2018-11-01,2018-08-03,242,,,,0.0,0.3887186883689326,0.001890560421121293,0.0,0.2639931340909667,0.00589260266288206,0.0,0.3472881775401007,0.0,0.0,,,,0.0,0.0,0.0
2019-08-29,NO_VIEW_ZERO_OR_INVALID_RISK_KEEP_BUDGET,False,2019-08-01,2018-11-01,2018-08-03,242,,,,0.0,0.3887186883689326,0.001890560421121293,0.0,0.2639931340909667,0.00589260266288206,0.0,0.3472881775401007,0.0,0.0,,,,0.0,0.0,0.0
2019-08-30,NO_VIEW_ZERO_OR_INVALID_RISK_KEEP_BUDGET,False,2019-08-01,2018-11-01,2018-08-03,242,,,,0.0,0.3887186883689326,0.001890560421121293,0.0,0.2639931340909667,0.00589260266288206,0.0,0.3472881775401007,0.0,0.0,,,,0.0,0.0,0.0
2019-09-02,NO_VIEW_ZERO_OR_INVALID_RISK_KEEP_BUDGET,True,2019-09-02,2018-11-01,2018-09-04,242,,,,0.0,0.3887186883689326,0.0018905604211212931,0.0,0.2639931340909667,0.005892602662882054,0.0,0.3472881775401007,0.0,0.0,,,,0.0,0.0,0.0
2019-09-03,NO_VIEW_ZERO_OR_INVALID_RISK_KEEP_BUDGET,False,2019-09-02,2018-11-01,2018-09-04,242,,,,0.0,0.3887186883689326,0.0018905604211212931,0.0,0.2639931340909667,0.005892602662882054,0.0,0.3472881775401007,0.0,0.0,,,,0.0,0.0,0.0
2019-09-04,NO_VIEW_ZERO_OR_INVALID_RISK_KEEP_BUDGET,False,2019-09-02,2018-11-01,2018-09-04,242,,,,0.0,0.3887186883689326,0.0018905604211212931,0.0,0.2639931340909667,0.005892602662882054,0.0,0.3472881775401007,0.0,0.0,,,,0.0,0.0,0.0
2019-09-05,NO_VIEW_ZERO_OR_INVALID_RISK_KEEP_BUDGET,False,2019-09-02,2018-11-01,2018-09-04,242,,,,0.0,0.3887186883689326,0.0018905604211212931,0.0,0.2639931340909667,0.005892602662882054,0.0,0.3472881775401007,0.0,0.0,,,,0.0,0.0,0.0
2019-09-06,NO_VIEW_ZERO_OR_INVALID_RISK_KEEP_BUDGET,False,2019-09-02,2018-11-01,2018-09-04,242,,,,0.0,0.3887186883689326,0.0018905604211212931,0.0,0.2639931340909667,0.005892602662882054,0.0,0.3472881775401007,0.0,0.0,,,,0.0,0.0,0.0
2019-09-09,NO_VIEW_ZERO_OR_INVALID_RISK_KEEP_BUDGET,False,2019-09-02,2018-11-01,2018-09-04,242,,,,0.0,0.3887186883689326,0.0018905604211212931,0.0,0.2639931340909667,0.005892602662882054,0.0,0.3472881775401007,0.0,0.0,,,,0.0,0.0,0.0
2019-09-10,NO_VIEW_ZERO_OR_INVALID_RISK_KEEP_BUDGET,False,2019-09-02,2018-11-01,2018-09-04,242,,,,0.0,0.3887186883689326,0.0018905604211212931,0.0,0.2639931340909667,0.005892602662882054,0.0,0.3472881775401007,0.0,0.0,,,,0.0,0.0,0.0
2019-09-11,NO_VIEW_ZERO_OR_INVALID_RISK_KEEP_BUDGET,False,2019-09-02,2018-11-01,2018-09-04,242,,,,0.0,0.3887186883689326,0.0018905604211212931,0.0,0.2639931340909667,0.005892602662882054,0.0,0.3472881775401007,0.0,0.0,,,,0.0,0.0,0.0
2019-09-12,NO_VIEW_ZERO_OR_INVALID_RISK_KEEP_BUDGET,False,2019-09-02,2018-11-01,2018-09-04,242,,,,0.0,0.3887186883689326,0.0018905604211212931,0.0,0.2639931340909667,0.005892602662882054,0.0,0.3472881775401007,0.0,0.0,,,,0.0,0.0,0.0
2019-09-16,NO_VIEW_ZERO_OR_INVALID_RISK_KEEP_BUDGET,False,2019-09-02,2018-11-01,2018-09-04,242,,,,0.0,0.3887186883689326,0.0018905604211212931,0.0,0.2639931340909667,0.005892602662882054,0.0,0.3472881775401007,0.0,0.0,,,,0.0,0.0,0.0
2019-09-17,NO_VIEW_ZERO_OR_INVALID_RISK_KEEP_BUDGET,False,2019-09-02,2018-11-01,2018-09-04,242,,,,0.0,0.3887186883689326,0.0018905604211212931,0.0,0.2639931340909667,0.005892602662882054,0.0,0.3472881775401007,0.0,0.0,,,,0.0,0.0,0.0
2019-09-18,NO_VIEW_ZERO_OR_INVALID_RISK_KEEP_BUDGET,False,2019-09-02,2018-11-01,2018-09-04,242,,,,0.0,0.3887186883689326,0.0018905604211212931,0.0,0.2639931340909667,0.005892602662882054,0.0,0.3472881775401007,0.0,0.0,,,,0.0,0.0,0.0
2019-09-19,NO_VIEW_ZERO_OR_INVALID_RISK_KEEP_BUDGET,False,2019-09-02,2018-11-01,2018-09-04,242,,,,0.0,0.3887186883689326,0.0018905604211212931,0.0,0.2639931340909667,0.005892602662882054,0.0,0.3472881775401007,0.0,0.0,,,,0.0,0.0,0.0
2019-09-20,NO_VIEW_ZERO_OR_INVALID_RISK_KEEP_BUDGET,False,2019-09-02,2018-11-01,2018-09-04,242,,,,0.0,0.3887186883689326,0.0018905604211212931,0.0,0.2639931340909667,0.005892602662882054,0.0,0.3472881775401007,0.0,0.0,,,,0.0,0.0,0.0
2019-09-23,NO_VIEW_ZERO_OR_INVALID_RISK_KEEP_BUDGET,False,2019-09-02,2018-11-01,2018-09-04,242,,,,0.0,0.3887186883689326,0.0018905604211212931,0.0,0.2639931340909667,0.005892602662882054,0.0,0.3472881775401007,0.0,0.0,,,,0.0,0.0,0.0
2019-09-24,NO_VIEW_ZERO_OR_INVALID_RISK_KEEP_BUDGET,False,2019-09-02,2018-11-01,2018-09-04,242,,,,0.0,0.3887186883689326,0.0018905604211212931,0.0,0.2639931340909667,0.005892602662882054,0.0,0.3472881775401007,0.0,0.0,,,,0.0,0.0,0.0
2019-09-25,NO_VIEW_ZERO_OR_INVALID_RISK_KEEP_BUDGET,False,2019-09-02,2018-11-01,2018-09-04,242,,,,0.0,0.3887186883689326,0.0018905604211212931,0.0,0.2639931340909667,0.005892602662882054,0.0,0.3472881775401007,0.0,0.0,,,,0.0,0.0,0.0
2019-09-26,NO_VIEW_ZERO_OR_INVALID_RISK_KEEP_BUDGET,False,2019-09-02,2018-11-01,2018-09-04,242,,,,0.0,0.3887186883689326,0.0018905604211212931,0.0,0.2639931340909667,0.005892602662882054,0.0,0.3472881775401007,0.0,0.0,,,,0.0,0.0,0.0
2019-09-27,NO_VIEW_ZERO_OR_INVALID_RISK_KEEP_BUDGET,False,2019-09-02,2018-11-01,2018-09-04,242,,,,0.0,0.3887186883689326,0.0018905604211212931,0.0,0.2639931340909667,0.005892602662882054,0.0,0.3472881775401007,0.0,0.0,,,,0.0,0.0,0.0
2019-09-30,NO_VIEW_ZERO_OR_INVALID_RISK_KEEP_BUDGET,False,2019-09-02,2018-11-01,2018-09-04,242,,,,0.0,0.3887186883689326,0.0018905604211212931,0.0,0.2639931340909667,0.005892602662882054,0.0,0.3472881775401007,0.0,0.0,,,,0.0,0.0,0.0
2019-10-08,NO_VIEW_ZERO_OR_INVALID_RISK_KEEP_BUDGET,True,2019-10-08,2018-11-01,2018-10-10,242,,,,0.0,0.3887186883689326,0.0018905604211212935,0.0,0.2639931340909667,0.005892302749547761,0.0,0.3472881775401007,0.0,0.0,,,,0.0,0.0,0.0
2019-10-09,NO_VIEW_ZERO_OR_INVALID_RISK_KEEP_BUDGET,False,2019-10-08,2018-11-01,2018-10-10,242,,,,0.0,0.3887186883689326,0.0018905604211212935,0.0,0.2639931340909667,0.005892302749547761,0.0,0.3472881775401007,0.0,0.0,,,,0.0,0.0,0.0
2019-10-10,NO_VIEW_ZERO_OR_INVALID_RISK_KEEP_BUDGET,False,2019-10-08,2018-11-01,2018-10-10,242,,,,0.0,0.3887186883689326,0.0018905604211212935,0.0,0.2639931340909667,0.005892302749547761,0.0,0.3472881775401007,0.0,0.0,,,,0.0,0.0,0.0
2019-10-11,NO_VIEW_ZERO_OR_INVALID_RISK_KEEP_BUDGET,False,2019-10-08,2018-11-01,2018-10-10,242,,,,0.0,0.3887186883689326,0.0018905604211212935,0.0,0.2639931340909667,0.005892302749547761,0.0,0.3472881775401007,0.0,0.0,,,,0.0,0.0,0.0
2019-10-14,NO_VIEW_ZERO_OR_INVALID_RISK_KEEP_BUDGET,False,2019-10-08,2018-11-01,2018-10-10,242,,,,0.0,0.3887186883689326,0.0018905604211212935,0.0,0.2639931340909667,0.005892302749547761,0.0,0.3472881775401007,0.0,0.0,,,,0.0,0.0,0.0
2019-10-15,NO_VIEW_ZERO_OR_INVALID_RISK_KEEP_BUDGET,False,2019-10-08,2018-11-01,2018-10-10,242,,,,0.0,0.3887186883689326,0.0018905604211212935,0.0,0.2639931340909667,0.005892302749547761,0.0,0.3472881775401007,0.0,0.0,,,,0.0,0.0,0.0
2019-10-16,NO_VIEW_ZERO_OR_INVALID_RISK_KEEP_BUDGET,False,2019-10-08,2018-11-01,2018-10-10,242,,,,0.0,0.3887186883689326,0.0018905604211212935,0.0,0.2639931340909667,0.005892302749547761,0.0,0.3472881775401007,0.0,0.0,,,,0.0,0.0,0.0
2019-10-17,NO_VIEW_ZERO_OR_INVALID_RISK_KEEP_BUDGET,False,2019-10-08,2018-11-01,2018-10-10,242,,,,0.0,0.3887186883689326,0.0018905604211212935,0.0,0.2639931340909667,0.005892302749547761,0.0,0.3472881775401007,0.0,0.0,,,,0.0,0.0,0.0
2019-10-18,NO_VIEW_ZERO_OR_INVALID_RISK_KEEP_BUDGET,False,2019-10-08,2018-11-01,2018-10-10,242,,,,0.0,0.3887186883689326,0.0018905604211212935,0.0,0.2639931340909667,0.005892302749547761,0.0,0.3472881775401007,0.0,0.0,,,,0.0,0.0,0.0
2019-10-21,NO_VIEW_ZERO_OR_INVALID_RISK_KEEP_BUDGET,False,2019-10-08,2018-11-01,2018-10-10,242,,,,0.0,0.3887186883689326,0.0018905604211212935,0.0,0.2639931340909667,0.005892302749547761,0.0,0.3472881775401007,0.0,0.0,,,,0.0,0.0,0.0
2019-10-22,NO_VIEW_ZERO_OR_INVALID_RISK_KEEP_BUDGET,False,2019-10-08,2018-11-01,2018-10-10,242,,,,0.0,0.3887186883689326,0.0018905604211212935,0.0,0.2639931340909667,0.005892302749547761,0.0,0.3472881775401007,0.0,0.0,,,,0.0,0.0,0.0
2019-10-23,NO_VIEW_ZERO_OR_INVALID_RISK_KEEP_BUDGET,False,2019-10-08,2018-11-01,2018-10-10,242,,,,0.0,0.3887186883689326,0.0018905604211212935,0.0,0.2639931340909667,0.005892302749547761,0.0,0.3472881775401007,0.0,0.0,,,,0.0,0.0,0.0
2019-10-24,NO_VIEW_ZERO_OR_INVALID_RISK_KEEP_BUDGET,False,2019-10-08,2018-11-01,2018-10-10,242,,,,0.0,0.3887186883689326,0.0018905604211212935,0.0,0.2639931340909667,0.005892302749547761,0.0,0.3472881775401007,0.0,0.0,,,,0.0,0.0,0.0
2019-10-25,NO_VIEW_ZERO_OR_INVALID_RISK_KEEP_BUDGET,False,2019-10-08,2018-11-01,2018-10-10,242,,,,0.0,0.3887186883689326,0.0018905604211212935,0.0,0.2639931340909667,0.005892302749547761,0.0,0.3472881775401007,0.0,0.0,,,,0.0,0.0,0.0
2019-10-28,NO_VIEW_ZERO_OR_INVALID_RISK_KEEP_BUDGET,False,2019-10-08,2018-11-01,2018-10-10,242,,,,0.0,0.3887186883689326,0.0018905604211212935,0.0,0.2639931340909667,0.005892302749547761,0.0,0.3472881775401007,0.0,0.0,,,,0.0,0.0,0.0
2019-10-29,NO_VIEW_ZERO_OR_INVALID_RISK_KEEP_BUDGET,False,2019-10-08,2018-11-01,2018-10-10,242,,,,0.0,0.3887186883689326,0.0018905604211212935,0.0,0.2639931340909667,0.005892302749547761,0.0,0.3472881775401007,0.0,0.0,,,,0.0,0.0,0.0
2019-10-30,NO_VIEW_ZERO_OR_INVALID_RISK_KEEP_BUDGET,False,2019-10-08,2018-11-01,2018-10-10,242,,,,0.0,0.3887186883689326,0.0018905604211212935,0.0,0.2639931340909667,0.005892302749547761,0.0,0.3472881775401007,0.0,0.0,,,,0.0,0.0,0.0
2019-10-31,NO_VIEW_ZERO_OR_INVALID_RISK_KEEP_BUDGET,False,2019-10-08,2018-11-01,2018-10-10,242,,,,0.0,0.3887186883689326,0.0018905604211212935,0.0,0.2639931340909667,0.005892302749547761,0.0,0.3472881775401007,0.0,0.0,,,,0.0,0.0,0.0
2019-11-01,NO_VIEW_ZERO_OR_INVALID_RISK_KEEP_BUDGET,True,2019-11-01,2018-11-01,2018-11-05,242,,,,0.0,0.3887186883689326,0.0,0.0,0.2639931340909667,0.0047197430764679875,0.0,0.3472881775401007,0.0,0.0,,,,0.0,0.0,0.0
2019-11-04,NO_VIEW_ZERO_OR_INVALID_RISK_KEEP_BUDGET,False,2019-11-01,2018-11-01,2018-11-05,242,,,,0.0,0.3887186883689326,0.0,0.0,0.2639931340909667,0.0047197430764679875,0.0,0.3472881775401007,0.0,0.0,,,,0.0,0.0,0.0
2019-11-05,NO_VIEW_ZERO_OR_INVALID_RISK_KEEP_BUDGET,False,2019-11-01,2018-11-01,2018-11-05,242,,,,0.0,0.3887186883689326,0.0,0.0,0.2639931340909667,0.0047197430764679875,0.0,0.3472881775401007,0.0,0.0,,,,0.0,0.0,0.0
2019-11-06,NO_VIEW_ZERO_OR_INVALID_RISK_KEEP_BUDGET,False,2019-11-01,2018-11-01,2018-11-05,242,,,,0.0,0.3887186883689326,0.0,0.0,0.2639931340909667,0.0047197430764679875,0.0,0.3472881775401007,0.0,0.0,,,,0.0,0.0,0.0
2019-11-07,NO_VIEW_ZERO_OR_INVALID_RISK_KEEP_BUDGET,False,2019-11-01,2018-11-01,2018-11-05,242,,,,0.0,0.3887186883689326,0.0,0.0,0.2639931340909667,0.0047197430764679875,0.0,0.3472881775401007,0.0,0.0,,,,0.0,0.0,0.0
2019-11-08,NO_VIEW_ZERO_OR_INVALID_RISK_KEEP_BUDGET,False,2019-11-01,2018-11-01,2018-11-05,242,,,,0.0,0.3887186883689326,0.0,0.0,0.2639931340909667,0.0047197430764679875,0.0,0.3472881775401007,0.0,0.0,,,,0.0,0.0,0.0
2019-11-11,NO_VIEW_ZERO_OR_INVALID_RISK_KEEP_BUDGET,False,2019-11-01,2018-11-01,2018-11-05,242,,,,0.0,0.3887186883689326,0.0,0.0,0.2639931340909667,0.0047197430764679875,0.0,0.3472881775401007,0.0,0.0,,,,0.0,0.0,0.0
2019-11-12,NO_VIEW_ZERO_OR_INVALID_RISK_KEEP_BUDGET,False,2019-11-01,2018-11-01,2018-11-05,242,,,,0.0,0.3887186883689326,0.0,0.0,0.2639931340909667,0.0047197430764679875,0.0,0.3472881775401007,0.0,0.0,,,,0.0,0.0,0.0
2019-11-13,NO_VIEW_ZERO_OR_INVALID_RISK_KEEP_BUDGET,False,2019-11-01,2018-11-01,2018-11-05,242,,,,0.0,0.3887186883689326,0.0,0.0,0.2639931340909667,0.0047197430764679875,0.0,0.3472881775401007,0.0,0.0,,,,0.0,0.0,0.0
2019-11-14,NO_VIEW_ZERO_OR_INVALID_RISK_KEEP_BUDGET,False,2019-11-01,2018-11-01,2018-11-05,242,,,,0.0,0.3887186883689326,0.0,0.0,0.2639931340909667,0.0047197430764679875,0.0,0.3472881775401007,0.0,0.0,,,,0.0,0.0,0.0
2019-11-15,NO_VIEW_ZERO_OR_INVALID_RISK_KEEP_BUDGET,False,2019-11-01,2018-11-01,2018-11-05,242,,,,0.0,0.3887186883689326,0.0,0.0,0.2639931340909667,0.0047197430764679875,0.0,0.3472881775401007,0.0,0.0,,,,0.0,0.0,0.0
2019-11-18,NO_VIEW_ZERO_OR_INVALID_RISK_KEEP_BUDGET,False,2019-11-01,2018-11-01,2018-11-05,242,,,,0.0,0.3887186883689326,0.0,0.0,0.2639931340909667,0.0047197430764679875,0.0,0.3472881775401007,0.0,0.0,,,,0.0,0.0,0.0
2019-11-19,NO_VIEW_ZERO_OR_INVALID_RISK_KEEP_BUDGET,False,2019-11-01,2018-11-01,2018-11-05,242,,,,0.0,0.3887186883689326,0.0,0.0,0.2639931340909667,0.0047197430764679875,0.0,0.3472881775401007,0.0,0.0,,,,0.0,0.0,0.0
2019-11-20,NO_VIEW_ZERO_OR_INVALID_RISK_KEEP_BUDGET,False,2019-11-01,2018-11-01,2018-11-05,242,,,,0.0,0.3887186883689326,0.0,0.0,0.2639931340909667,0.0047197430764679875,0.0,0.3472881775401007,0.0,0.0,,,,0.0,0.0,0.0
2019-11-21,NO_VIEW_ZERO_OR_INVALID_RISK_KEEP_BUDGET,False,2019-11-01,2018-11-01,2018-11-05,242,,,,0.0,0.3887186883689326,0.0,0.0,0.2639931340909667,0.0047197430764679875,0.0,0.3472881775401007,0.0,0.0,,,,0.0,0.0,0.0
2019-11-22,NO_VIEW_ZERO_OR_INVALID_RISK_KEEP_BUDGET,False,2019-11-01,2018-11-01,2018-11-05,242,,,,0.0,0.3887186883689326,0.0,0.0,0.2639931340909667,0.0047197430764679875,0.0,0.3472881775401007,0.0,0.0,,,,0.0,0.0,0.0
2019-11-25,NO_VIEW_ZERO_OR_INVALID_RISK_KEEP_BUDGET,False,2019-11-01,2018-11-01,2018-11-05,242,,,,0.0,0.3887186883689326,0.0,0.0,0.2639931340909667,0.0047197430764679875,0.0,0.3472881775401007,0.0,0.0,,,,0.0,0.0,0.0
2019-11-26,NO_VIEW_ZERO_OR_INVALID_RISK_KEEP_BUDGET,False,2019-11-01,2018-11-01,2018-11-05,242,,,,0.0,0.3887186883689326,0.0,0.0,0.2639931340909667,0.0047197430764679875,0.0,0.3472881775401007,0.0,0.0,,,,0.0,0.0,0.0
2019-11-27,NO_VIEW_ZERO_OR_INVALID_RISK_KEEP_BUDGET,False,2019-11-01,2018-11-01,2018-11-05,242,,,,0.0,0.3887186883689326,0.0,0.0,0.2639931340909667,0.0047197430764679875,0.0,0.3472881775401007,0.0,0.0,,,,0.0,0.0,0.0
2019-11-28,NO_VIEW_ZERO_OR_INVALID_RISK_KEEP_BUDGET,False,2019-11-01,2018-11-01,2018-11-05,242,,,,0.0,0.3887186883689326,0.0,0.0,0.2639931340909667,0.0047197430764679875,0.0,0.3472881775401007,0.0,0.0,,,,0.0,0.0,0.0
2019-11-29,NO_VIEW_ZERO_OR_INVALID_RISK_KEEP_BUDGET,False,2019-11-01,2018-11-01,2018-11-05,242,,,,0.0,0.3887186883689326,0.0,0.0,0.2639931340909667,0.0047197430764679875,0.0,0.3472881775401007,0.0,0.0,,,,0.0,0.0,0.0
2019-12-02,NO_VIEW_ZERO_OR_INVALID_RISK_KEEP_BUDGET,True,2019-12-02,2018-11-01,2018-12-04,242,,,,0.0,0.3887186883689326,0.0,0.0,0.2639931340909667,0.004719743076467992,0.0,0.3472881775401007,0.0,0.0,,,,0.0,0.0,0.0
2019-12-03,NO_VIEW_ZERO_OR_INVALID_RISK_KEEP_BUDGET,False,2019-12-02,2018-11-01,2018-12-04,242,,,,0.0,0.3887186883689326,0.0,0.0,0.2639931340909667,0.004719743076467992,0.0,0.3472881775401007,0.0,0.0,,,,0.0,0.0,0.0
2019-12-04,NO_VIEW_ZERO_OR_INVALID_RISK_KEEP_BUDGET,False,2019-12-02,2018-11-01,2018-12-04,242,,,,0.0,0.3887186883689326,0.0,0.0,0.2639931340909667,0.004719743076467992,0.0,0.3472881775401007,0.0,0.0,,,,0.0,0.0,0.0
2019-12-05,NO_VIEW_ZERO_OR_INVALID_RISK_KEEP_BUDGET,False,2019-12-02,2018-11-01,2018-12-04,242,,,,0.0,0.3887186883689326,0.0,0.0,0.2639931340909667,0.004719743076467992,0.0,0.3472881775401007,0.0,0.0,,,,0.0,0.0,0.0
2019-12-06,NO_VIEW_ZERO_OR_INVALID_RISK_KEEP_BUDGET,False,2019-12-02,2018-11-01,2018-12-04,242,,,,0.0,0.3887186883689326,0.0,0.0,0.2639931340909667,0.004719743076467992,0.0,0.3472881775401007,0.0,0.0,,,,0.0,0.0,0.0
2019-12-09,NO_VIEW_ZERO_OR_INVALID_RISK_KEEP_BUDGET,False,2019-12-02,2018-11-01,2018-12-04,242,,,,0.0,0.3887186883689326,0.0,0.0,0.2639931340909667,0.004719743076467992,0.0,0.3472881775401007,0.0,0.0,,,,0.0,0.0,0.0
2019-12-10,NO_VIEW_ZERO_OR_INVALID_RISK_KEEP_BUDGET,False,2019-12-02,2018-11-01,2018-12-04,242,,,,0.0,0.3887186883689326,0.0,0.0,0.2639931340909667,0.004719743076467992,0.0,0.3472881775401007,0.0,0.0,,,,0.0,0.0,0.0
2019-12-11,NO_VIEW_ZERO_OR_INVALID_RISK_KEEP_BUDGET,False,2019-12-02,2018-11-01,2018-12-04,242,,,,0.0,0.3887186883689326,0.0,0.0,0.2639931340909667,0.004719743076467992,0.0,0.3472881775401007,0.0,0.0,,,,0.0,0.0,0.0
2019-12-12,NO_VIEW_ZERO_OR_INVALID_RISK_KEEP_BUDGET,False,2019-12-02,2018-11-01,2018-12-04,242,,,,0.0,0.3887186883689326,0.0,0.0,0.2639931340909667,0.004719743076467992,0.0,0.3472881775401007,0.0,0.0,,,,0.0,0.0,0.0
2019-12-13,NO_VIEW_ZERO_OR_INVALID_RISK_KEEP_BUDGET,False,2019-12-02,2018-11-01,2018-12-04,242,,,,0.3472881775401007,0.3887186883689326,0.0,0.0,0.2639931340909667,0.004719743076467992,0.0,0.3472881775401007,0.0,1.0,,,,0.0,0.0,0.0
2019-12-16,NO_VIEW_ZERO_OR_INVALID_RISK_KEEP_BUDGET,False,2019-12-02,2018-11-01,2018-12-04,242,,,,0.3472881775401007,0.3887186883689326,0.0,0.0,0.2639931340909667,0.004719743076467992,0.0,0.3472881775401007,0.0,1.0,,,,0.0,0.0,0.002567809302512547
2019-12-17,NO_VIEW_ZERO_OR_INVALID_RISK_KEEP_BUDGET,False,2019-12-02,2018-11-01,2018-12-04,242,,,,0.3472881775401007,0.3887186883689326,0.0,0.0,0.2639931340909667,0.004719743076467992,0.0,0.3472881775401007,0.0,1.0,,,,0.0,0.0,0.015558818937200458
2019-12-18,NO_VIEW_ZERO_OR_INVALID_RISK_KEEP_BUDGET,False,2019-12-02,2018-11-01,2018-12-04,242,,,,0.3472881775401007,0.3887186883689326,0.0,0.0,0.2639931340909667,0.004719743076467992,0.0,0.3472881775401007,0.0,1.0,,,,0.0,0.0,-0.0037065606815089858
2019-12-19,NO_VIEW_ZERO_OR_INVALID_RISK_KEEP_BUDGET,False,2019-12-02,2018-11-01,2018-12-04,242,,,,0.3472881775401007,0.3887186883689326,0.0,0.0,0.2639931340909667,0.004719743076467992,0.0,0.3472881775401007,0.0,1.0,,,,0.0,0.0,-0.0017361635134532927
2019-12-20,NO_VIEW_ZERO_OR_INVALID_RISK_KEEP_BUDGET,False,2019-12-02,2018-11-01,2018-12-04,242,,,,0.3472881775401007,0.3887186883689326,0.0,0.0,0.2639931340909667,0.004719743076467992,0.0,0.3472881775401007,0.0,1.0,,,,0.0,0.0,-0.0009938188683169535
2019-12-23,NO_VIEW_ZERO_OR_INVALID_RISK_KEEP_BUDGET,False,2019-12-02,2018-11-01,2018-12-04,242,,,,0.3472881775401007,0.3887186883689326,0.0,0.0,0.2639931340909667,0.004719743076467992,0.0,0.3472881775401007,0.0,1.0,,,,0.0,0.0,-0.012932497848498814
2019-12-24,NO_VIEW_ZERO_OR_INVALID_RISK_KEEP_BUDGET,False,2019-12-02,2018-11-01,2018-12-04,242,,,,0.3472881775401007,0.3887186883689326,0.0,0.0,0.2639931340909667,0.004719743076467992,0.0,0.3472881775401007,0.0,1.0,,,,0.0,0.0,0.005291167528417295
2019-12-25,NO_VIEW_ZERO_OR_INVALID_RISK_KEEP_BUDGET,False,2019-12-02,2018-11-01,2018-12-04,242,,,,0.3472881775401007,0.3887186883689326,0.0,0.0,0.2639931340909667,0.004719743076467992,0.0,0.3472881775401007,0.0,1.0,,,,0.0,0.0,0.0017544394762849524
2019-12-26,NO_VIEW_ZERO_OR_INVALID_RISK_KEEP_BUDGET,False,2019-12-02,2018-11-01,2018-12-04,242,,,,0.3472881775401007,0.3887186883689326,0.0,0.0,0.2639931340909667,0.004719743076467992,0.0,0.3472881775401007,0.0,1.0,,,,0.0,0.0,0.007255662495329052
2019-12-27,NO_VIEW_ZERO_OR_INVALID_RISK_KEEP_BUDGET,False,2019-12-02,2018-11-01,2018-12-04,242,,,,0.3472881775401007,0.3887186883689326,0.0,0.0,0.2639931340909667,0.004719743076467992,0.0,0.3472881775401007,0.0,1.0,,,,0.0,0.0,-0.0009935720106640789
2019-12-30,NO_VIEW_ZERO_OR_INVALID_RISK_KEEP_BUDGET,False,2019-12-02,2018-11-01,2018-12-04,242,,,,0.3472881775401007,0.3887186883689326,0.0,0.0,0.2639931340909667,0.004719743076467992,0.0,0.3472881775401007,0.0,1.0,,,,0.0,0.0,0.014421122578388568
2019-12-31,NO_VIEW_OUTSIDE_DECISION_PERIOD,False,,,,0,,,,,,,,,,,,,,,,,0.0,0.0,-0.00240526782214856
