origin_id,origin_index,date,decision_at,macro_at,reference_period,is_release,is_weekly,previous_weekly_date,stale_growth_level,stale_growth_change,close,sigma20,down20,growth_change,growth_level,price_log_down20,price_log_sigma20,price_m20,entry_date,exit_date,entry_at,exit_at,entry_open,exit_close,earned_dividend,return_20d,downside_variance_20d,training_months,prediction_MEAN,prediction_ZERO,prediction_RMEAN,prediction_DOWN20,prediction_P0,fit_P0,prediction_P1,fit_P1,prediction_R0,fit_R0,prediction_R1,fit_R1,refresh_eligible,prediction_P1_stale,prediction_R1_stale,threshold_200000,implied_entry_P0_200000,implied_entry_P1_200000,threshold_20000,implied_entry_P0_20000,implied_entry_P1_20000,risk_budget_weight_R0,risk_budget_weight_R1,loss_P0,loss_P1,loss_MEAN,loss_ZERO,loss_R0,loss_R1,loss_RMEAN,loss_DOWN20,return_excess_error,risk_excess_loss,growth_level_train_min,growth_level_train_max,growth_level_outside_train_range,growth_change_train_min,growth_change_train_max,growth_change_outside_train_range
GROWTH_20180402,1424,2018-04-02,2018-04-02T15:00:00,2018-03-31T09:00:00,2018-03,True,False,2018-03-30,1,-1.6000000000000014,3.883,0.011649611557798799,8.7010353156537782e-05,2.2999999999999967,3.2999999999999967,-9.3494834445905575,-4.4524824422045208,-0.032394717169200199,2018-04-03,2018-05-04,2018-04-03T09:30:00,2018-05-04T15:00:00,3.859,3.77,0,-0.023062969681264499,6.6154695221395525e-05,37,0.0127728536714723,0,0.00016569380735659999,8.7010353156537782e-05,0.0086866889335807003,P0_N037,0.0031701404858995,P1_N037,0.00012411569460640001,R0_N037,5.5886157004683912e-05,R1_N037,True,0.0090617199540272992,0.00015422489094619999,0.0023999999999999,True,True,0.0025049663439931,True,True,0.4080035746637215,0.6080302634529513,0.0010080408221592001,0.00068817606904249999,0.0012842062353685001,0.0005319005705189,-8.4612881076554167,-8.6084535655860783,-8.3061103002240966,-8.5891751270001375,-0.00031986475311670008,-0.1471654579306616,-1.3999999999999986,4.7999999999999972,False,-1.8999999999999984,2.7999999999999967,False
GROWTH_20180502,1442,2018-05-02,2018-05-02T15:00:00,2018-04-30T09:00:00,2018-04,True,False,2018-04-27,3.2999999999999967,2.2999999999999967,3.766,0.0111345475042863,6.7769852359284981e-05,-0.39999999999999852,2.8999999999999986,-9.5993931173742553,-4.4977026163426768,-0.034853921066119703,2018-05-03,2018-05-30,2018-05-03T09:30:00,2018-05-30T15:00:00,3.7559999999999998,3.7269999999999999,0,-0.0077209797657080996,4.5458599577039673e-05,37,0.0127728536714723,0,0.00016569380735659999,6.7769852359284981e-05,0.0086641549296122,P0_N037,0.0023420441202107998,P1_N037,0.0001142276878566,R0_N037,8.3906524550817936e-05,R1_N037,True,0.0033109673167000999,5.2296635564895758e-05,0.0023999999999999,True,False,0.0025010070241184,True,False,0.42529632123166472,0.4962259282330575,0.0002684726389837,0.0001012644497285,0.00041999720895079999,5.9613528542475147e-05,-8.6793520340762971,-8.8440304865102135,-8.4310159679405281,-8.9286140320659548,-0.00016720818925520001,-0.16467845243391643,-1.3999999999999986,4.7999999999999972,False,-1.8999999999999984,2.7999999999999967,False
GROWTH_20180531,1463,2018-05-31,2018-05-31T15:00:00,2018-05-31T09:00:00,2018-05,True,False,2018-05-25,2.8999999999999986,-0.39999999999999852,3.8029999999999999,0.0104499292293188,4.5458599577039626e-05,0.89999999999999847,3.7999999999999967,-9.9987085456228328,-4.5611600729082351,0.0039598732840546002,2018-06-01,2018-06-29,2018-06-01T09:30:00,2018-06-29T15:00:00,3.786,3.5369999999999999,0,-0.065768621236133099,0.0001217024685716,39,0.0113285034973718,0,0.00016005856838439999,4.5458599577039626e-05,0.0116909450356956,P0_N039,0.0023625972785371999,P1_N039,9.480015676327444e-05,R0_N039,5.4761422304953925e-05,R1_N039,True,0.0061973947214438996,7.4047790770266912e-05,0.0023999999999997999,True,False,0.0025056736584476002,True,False,0.4668450856087325,0.61424263730874817,0.0059999844070197997,0.0046418629362936998,0.0059439666421736001,0.0043255115393018998,-7.9799603039205644,-7.5901121004606544,-7.979608661107755,-7.3214930197587726,-0.0013581214707260999,0.38984820345991,-1.3999999999999986,4.7999999999999972,False,-1.8999999999999984,2.7999999999999967,False
GROWTH_20180702,1484,2018-07-02,2018-07-02T15:00:00,2018-06-30T09:00:00,2018-06,True,False,2018-06-29,3.7999999999999967,0.89999999999999847,3.4430000000000001,0.013984057147762999,0.00015673462529780001,-0.59999999999999432,3.2000000000000028,-8.7609564674859772,-4.2698373734237753,-0.088429970876357095,2018-07-03,2018-07-30,2018-07-03T09:30:00,2018-07-30T15:00:00,3.4420000000000002,3.5619999999999998,0,0.034863451481696499,3.7349326618880418e-05,40,0.0094010753790341999,0,0.00015909966588909999,0.00015673462529780001,-0.0014649055917469,P0_N040,-0.010297310143052,P1_N040,0.0001535367883166,R0_N040,0.00011355877917700001,R1_N040,True,-0.014197092827251,8.972426455295113e-05,0.0023999999999997001,False,False,0.0025007661722433001,False,False,0.36683527700742469,0.42654706863763481,0.0013197495276556,0.0020394943905272999,0.00064833259679340002,0.0012154602492166001,-8.5383105680724576,-8.7542913493219636,-8.5112254482546685,-8.5226598782804928,0.0007197448628716999,-0.21598078124950604,-1.3999999999999986,4.7999999999999972,False,-1.8999999999999984,2.7999999999999967,False
GROWTH_20180731,1505,2018-07-31,2018-07-31T15:00:00,2018-07-31T09:00:00,2018-07,True,False,2018-07-27,3.2000000000000028,-0.59999999999999432,3.5750000000000002,0.0124059553928595,3.6741596494272053e-05,-0.90000000000000557,2.2999999999999967,-10.211601025276202,-4.3895786480479044,0.042274052478134302,2018-08-01,2018-08-28,2018-08-01T09:30:00,2018-08-28T15:00:00,3.5950000000000002,3.4630000000000001,0,-0.036717663421418599,0.00013300717615469999,41,0.0100221089425138,0,0.0001561301454191,3.6741596494272053e-05,0.0134455152448687,P0_N041,0.0113741112023293,P1_N041,8.6162889019381406e-05,R0_N041,8.1934550194394593e-05,R1_N041,True,0.0069972890821947999,6.9067048064801103e-05,0.0023999999999999,True,True,0.0025085823267640001,True,True,0.48968544208563808,0.50216192704471263,0.0025163444939058002,0.0023128187864613001,0.0021846063206322,0.0013481868071285,-7.815599726723268,-7.7862553699923245,-7.9129212397366206,-6.5915303466509343,-0.00020352570744450009,0.029344356730943488,-1.3999999999999986,4.7999999999999972,False,-1.8999999999999984,2.7999999999999967,False
GROWTH_20180831,1528,2018-08-31,2018-08-31T15:00:00,2018-08-31T09:00:00,2018-08,True,True,2018-08-24,2.2999999999999967,-0.90000000000000557,3.3900000000000001,0.014070290014114001,6.8006583036149727e-05,-0.099999999999994302,2.2000000000000028,-9.5959060481187493,-4.2636897958355737,0.0062333036509347999,2018-09-03,2018-10-08,2018-09-03T09:30:00,2018-10-08T15:00:00,3.3860000000000001,3.3410000000000002,0,-0.0132900177200235,0.00016179769517519999,42,0.008909257219563,0,0.00015557959853180001,6.8006583036149727e-05,0.0081237610228919992,P0_N042,0.0048756271122566003,P1_N042,0.00010909809522659999,R0_N042,9.5417230040482849e-05,R1_N042,False,,,0.0023999999999997999,True,True,0.002508595259892,True,True,0.43517980684485041,0.46533306887937848,0.00045854992005050002,0.00032999065217249998,0.00049280780784330001,0.00017662457099850001,-7.6402152778179229,-7.5615650307116189,-7.7283857686541149,-7.2167585016347502,-0.00012855926787800004,0.078650247106303972,-1.3999999999999986,4.7999999999999972,False,-1.8999999999999984,2.7999999999999967,False
GROWTH_20181008,1548,2018-10-08,2018-10-08T15:00:00,2018-09-30T09:00:00,2018-09,True,False,2018-09-28,2.2000000000000028,-0.099999999999994302,3.3410000000000002,0.016701252451638698,0.00016197163520099999,-0.20000000000000279,2,-8.7280893294138746,-4.0922715652674562,-0.0144542772861357,2018-10-09,2018-11-05,2018-10-09T09:30:00,2018-11-05T15:00:00,3.3479999999999999,3.3199999999999998,0,-0.0083632019115889994,0.00028439980467959998,42,0.008909257219563,0,0.00015557959853180001,0.00016197163520099999,0.0054034197851709998,P0_N042,0.0023804978091676999,P1_N042,0.0001466770487589,R0_N042,0.000127577692207,R1_N042,True,0.0013981886932382,0.00012238252302230001,0.0023999999999997999,True,False,0.0025073077684036999,True,False,0.37531527280834143,0.4024296289958621,0.00018951987294169999,0.0001154270836897,0.00029833784443730001,6.9943146214006131e-05,-6.8883250104755183,-6.7375567066430317,-6.9403511506102804,-6.9722275433256957,-7.4092789251999986e-05,0.15076830383248652,-1.3999999999999986,4.7999999999999972,False,-1.8999999999999984,2.7999999999999967,False
GROWTH_20181031,1565,2018-10-31,2018-10-31T15:00:00,2018-10-31T09:00:00,2018-10,True,False,2018-10-26,2,-0.20000000000000279,3.2050000000000001,0.024819824437198199,0.00039046473723569999,-1.2000000000000028,0.79999999999999705,-7.8481728943348772,-3.696112572671538,-0.080871809578434095,2018-11-01,2018-11-28,2018-11-01T09:30:00,2018-11-28T15:00:00,3.2410000000000001,3.234,0,-0.0021598272138228999,8.7587494089116843e-05,43,0.0083929950116655994,0,0.00015572420543049999,0.00039046473723569999,-0.0031243260105893,P0_N043,-0.0018590624082257001,P1_N043,0.00020365991597139999,R0_N043,0.00022733198962260001,R1_N043,True,-0.0078973810393434003,0.00017013579573219999,0.0023999999999997999,False,False,0.0025032459362887998,False,False,0.31851107587848521,0.30147204206807332,9.302579289639548e-07,9.045946828589872e-08,0.0001113620569227,4.6648535935700207e-06,-8.0689916164161186,-8.0038145901730271,-8.2049713658971442,-7.6238568787346557,-8.3979846067805614e-07,0.065177026243091518,-1.3999999999999986,4.7999999999999972,False,-1.8999999999999984,2.7999999999999967,False
GROWTH_20181130,1587,2018-11-30,2018-11-30T15:00:00,2018-11-30T09:00:00,2018-11,True,True,2018-11-23,0.79999999999999705,-1.2000000000000028,3.2349999999999999,0.011790082190841,9.1678464531672499e-05,-0.39999999999999852,0.39999999999999852,-9.2972230532655757,-4.4404965932238163,-0.038061254831995101,2018-12-03,2018-12-28,2018-12-03T09:30:00,2018-12-28T15:00:00,3.327,3.0590000000000002,0,-0.080553050796513301,6.8671218404136228e-05,45,0.0077861279194712998,0,0.00015706951405070001,9.1678464531672499e-05,0.0043465219765577,P0_N045,0.0106109672322592,P1_N045,0.00012486984064100001,R0_N045,0.00014636010168589999,R1_N045,False,,,0.0023999999999999,True,True,0.0025067524767526002,True,True,0.40676964875660981,0.37572143113039352,0.0072079374570498999,0.0083108781831502995,0.0078038104962146002,0.0064887939926256003,-8.4382962496138045,-8.3602469544921849,-8.3216193682954103,-8.5481788938227439,0.0011029407261003996,0.078049295121619622,-1.3999999999999986,4.7999999999999972,False,-1.8999999999999984,2.7999999999999967,False
GROWTH_20190102,1608,2019-01-02,2019-01-02T15:00:00,2018-12-31T09:00:00,2018-12,True,False,2018-12-28,0.39999999999999852,-0.39999999999999852,3.0169999999999999,0.0087088531872980008,7.7807734458437775e-05,-0.69999999999999574,-0.2999999999999971,-9.4612697170883582,-4.7434151629979553,-0.090991262428442299,2019-01-03,2019-01-30,2019-01-03T09:30:00,2019-01-30T15:00:00,3.016,3.1720000000000002,0.0589999999999999,0.0712864721485411,1.5165911728192897e-05,46,0.0058657109908629998,0,0.00015514781197140001,7.7807734458437775e-05,-0.0013200969281417,P0_N046,0.0076607736251425003,P1_N046,0.0001195691323114,R0_N046,0.0001597204889102,R1_N046,True,0.0048131709561800998,0.00013980380130610001,0.0023999999999997999,False,True,0.0025022046785385999,False,True,0.41568828024006188,0.35966402794727592,0.0052717138730870999,0.0040482295125902996,0.0042798759904498999,0.0050817611113846998,-8.904777823035948,-8.6471323891285472,-8.6733808962544696,-9.2663544964647073,-0.0012234843604968003,0.2576454339074008,-1.3999999999999986,4.7999999999999972,False,-1.8999999999999984,2.7999999999999967,False
GROWTH_20190131,1629,2019-01-31,2019-01-31T15:00:00,2019-01-31T09:00:00,2019-01,True,False,2019-01-25,-0.2999999999999971,-0.69999999999999574,3.202,0.0094248305078286996,1.5597259701937513e-05,-0.10000000000000139,-0.39999999999999852,-11.06841531927104,-4.6644075290640092,0.081331282104084399,2019-02-01,2019-03-07,2019-02-01T09:30:00,2019-03-07T15:00:00,3.2189999999999999,3.7930000000000001,0,0.17831624728176451,4.6995876691811208e-05,47,0.0072576420793241999,0,0.00015216947366840001,1.5597259701937513e-05,0.014945932330428201,P0_N047,0.025804779199886101,P1_N047,6.6098501755859236e-05,R0_N047,8.8892361504360777e-05,R1_N047,True,0.025467696545507599,9.3042212089612767e-05,0.0023999999999997999,True,True,0.0025037174346676,True,True,0.55908972576075555,0.48210884273711913,0.026689859807298801,0.0232597478964898,0.029261046413804299,0.031796684044651302,-8.9133668689176488,-8.7994013827057245,-8.4816766432727846,-8.0553298420847312,-0.0034301119108090007,0.11396548621192437,-1.3999999999999986,4.7999999999999972,False,-1.8999999999999984,2.7999999999999967,False
GROWTH_20190228,1644,2019-02-28,2019-02-28T15:00:00,2019-02-28T09:00:00,2019-02,True,False,2019-02-22,-0.39999999999999852,-0.10000000000000139,3.6629999999999998,0.019706261018295899,4.3240558053875489e-05,1,0.60000000000000142,-10.048731659312732,-3.9268188755440847,0.1595441595441596,2019-03-01,2019-03-28,2019-03-01T09:30:00,2019-03-28T15:00:00,3.6899999999999999,3.7170000000000001,0,0.0073170731707316999,0.0001101684726442,47,0.0072576420793241999,0,0.00015216947366840001,4.3240558053875489e-05,0.016402028197840601,P0_N047,0.0196862056391627,P1_N047,9.2242731651965049e-05,R0_N047,9.5465993660412383e-05,R1_N047,True,0.0246838455683508,0.0001203699240057,0.0023999999999997999,True,True,0.0025055560611114002,True,True,0.47327246876545409,0.46521420863166368,8.2536407844591714e-05,0.00015299543802149999,3.5320546258802325e-09,5.3539559785841857e-05,-8.0967547809231579,-8.1027329615817827,-8.0665303302210702,-7.5009275235056787,7.0459030176908279e-05,-0.0059781806586247654,-1.3999999999999986,4.7999999999999972,False,-1.8999999999999984,2.7999999999999967,False
GROWTH_20190401,1666,2019-04-01,2019-04-01T15:00:00,2019-03-31T09:00:00,2019-03,True,False,2019-03-29,0.60000000000000142,1,3.9689999999999999,0.017696138635977798,0.0001101684726442,1,1.6000000000000014,-9.1134997943348957,-4.0344088193613121,0.050833995234312299,2019-04-02,2019-04-30,2019-04-02T09:30:00,2019-04-30T15:00:00,3.9710000000000001,3.8959999999999999,0,-0.018886930244270999,8.2342615529864131e-05,49,0.010749846901647601,0,0.00014916591044380001,0.0001101684726442,0.0123858543537693,P0_N049,0.0096427284238970994,P1_N049,0.0001288186571391,R0_N049,0.00011103498756250001,R1_N049,True,0.015944968925153701,0.00012611838088839999,0.0023999999999999,True,True,0.0025039052658099,True,True,0.40048655012668688,0.43136747375286782,0.00097798705651540004,0.00081394142372210004,0.00087833855959679999,0.00035671613405189998,-8.3178914723687853,-8.3640735900166252,-8.258431045751955,-8.366075294807283,-0.0001640456327933,-0.04618211764783986,-1.3999999999999986,4.7999999999999972,False,-1.8999999999999984,2.7999999999999967,False
GROWTH_20190430,1686,2019-04-30,2019-04-30T15:00:00,2019-04-30T09:00:00,2019-04,True,True,2019-04-26,1.6000000000000014,1,3.8959999999999999,0.012854331609923299,8.2241306229954698e-05,-0.20000000000000279,1.3999999999999986,-9.4058528732372189,-4.3540744341766597,-0.018392542202066101,2019-05-06,2019-05-31,2019-05-06T09:30:00,2019-05-31T15:00:00,3.778,3.6320000000000001,0,-0.038644785600846901,0.00012061585227380001,49,0.010749846901647601,0,0.00014916591044380001,8.2241306229954698e-05,0.0081025590557229007,P0_N049,0.0087238703471369996,P1_N049,0.0001148711804666,R0_N049,0.00011360234625019999,R1_N049,False,,,0.0023999999999999,True,True,0.0025032813946933002,True,True,0.424103422419009,0.42646526931736822,0.0021853142324401,0.0022437895663184001,0.0024398297200564001,0.0014934194541354,-8.0216895400826935,-8.0210690640155047,-8.0018493869126299,-7.9392437226409953,5.8475333878300114e-05,0.00062047606718884651,-1.3999999999999986,4.7999999999999972,False,-1.8999999999999984,2.7999999999999967,False
GROWTH_20190531,1706,2019-05-31,2019-05-31T15:00:00,2019-05-31T09:00:00,2019-05,True,True,2019-05-24,1.3999999999999986,-0.20000000000000279,3.6320000000000001,0.0185941799457888,0.00024580528427889999,-1.6000000000000014,-0.20000000000000279,-8.3109708627762,-3.984906653368705,-0.067761806981519193,2019-06-03,2019-07-01,2019-06-03T09:30:00,2019-07-01T15:00:00,3.645,3.9540000000000002,0,0.084773662551440296,1.8053844012743391e-05,50,0.0101571113587293,0,0.00014782944454559999,0.00024580528427889999,0.00038569639038340002,P0_N050,0.010248960158053299,P1_N050,0.00016174756320919999,R0_N050,0.0002100213269978,R1_N050,False,,,0.0023999999999999,False,True,0.0025098711045846,False,True,0.35740320762087519,0.313650237032431,0.0071213288327995998,0.0055539312668229004,0.0055676297118944004,0.0071865738623854,-8.6178562802746743,-8.382339519545587,-8.6973251795165751,-8.2375231170708982,-0.0015673975659766994,0.23551676072908734,-1.3999999999999986,4.7999999999999972,False,-1.8999999999999984,2.7999999999999967,False
GROWTH_20190701,1726,2019-07-01,2019-07-01T15:00:00,2019-06-30T09:00:00,2019-06,True,False,2019-06-28,-0.20000000000000279,-1.6000000000000014,3.9540000000000002,0.0124028633440883,1.7959760191585426e-05,-0.19999999999999571,-0.39999999999999852,-10.927376847540977,-4.3898279181820383,0.088656387665197803,2019-07-02,2019-07-29,2019-07-02T09:30:00,2019-07-29T15:00:00,3.9540000000000002,3.9060000000000001,0,-0.0121396054628224,3.8505322250205752e-05,51,0.0092002114183453998,0,0.0001472958446971,1.7959760191585426e-05,0.016652562144077399,P0_N051,0.029176936583698399,P1_N051,7.0672672360647928e-05,R0_N051,9.4537177825572565e-05,R1_N051,True,0.028857937798128199,0.0001036552815134,0.0023999999999997001,True,True,0.0025058168942839998,True,True,0.54069401497603864,0.46749395818377992,0.00082898891550379995,0.0017070566466819001,0.00045538778452170001,0.0001473700207929,-9.0126112576485795,-8.859213896940819,-8.5616525872000455,-8.7833993200322062,0.00087806773117810012,0.15339736070776055,-1.3999999999999986,4.7999999999999972,False,-1.8999999999999984,2.7999999999999967,False
GROWTH_20190731,1748,2019-07-31,2019-07-31T15:00:00,2019-07-31T09:00:00,2019-07,True,False,2019-07-26,-0.39999999999999852,-0.19999999999999571,3.8959999999999999,0.0077424791597503996,3.7578922229839152e-05,0.19999999999999571,-0.20000000000000279,-10.189067243745214,-4.8610333377898334,-0.0078940667175964006,2019-08-01,2019-08-28,2019-08-01T09:30:00,2019-08-28T15:00:00,3.879,3.8620000000000001,0,-0.0043825728280484002,4.9667463677958602e-05,53,0.0102234875363063,0,0.00014280466501539999,3.7578922229839152e-05,0.012251977124366599,P0_N053,0.024400465088522699,P1_N053,8.7316158649554772e-05,R0_N053,0.000103727394078,R1_N053,True,0.026349658806573101,0.0001083020031453,0.0023999999999999,True,True,0.0025032813946933002,True,True,0.48644081622978219,0.44630380092750599,0.00027670825211930001,0.00082846327170669999,0.00021333699936710001,1.9206944593148477e-05,-8.7771517398352863,-8.6949174387015695,-8.5062328321149181,-8.8673831524829936,0.00055175501958739997,0.08223430113371677,-1.3999999999999986,4.7999999999999972,False,-1.8999999999999984,2.7999999999999967,False
GROWTH_20190902,1771,2019-09-02,2019-09-02T15:00:00,2019-08-31T00:01:00,2019-08,True,False,2019-08-30,-0.20000000000000279,0.19999999999999571,3.9039999999999999,0.0095230292627357001,2.2116802306458977e-05,-0.099999999999994302,-0.2999999999999971,-10.71917295295094,-4.6540422809265003,0.045247657295849897,2019-09-03,2019-10-08,2019-09-03T09:30:00,2019-10-08T15:00:00,3.9100000000000001,3.8940000000000001,0,-0.0040920716112532,3.5757117915632896e-05,54,0.0099530049369664,0,0.0001410799020276,2.2116802306458977e-05,0.014472618699424299,P0_N054,0.0259337286643368,P1_N054,7.4665872926886893e-05,R0_N054,9.2304677841674272e-05,R1_N054,True,0.024767896179686898,8.9870857594630921e-05,0.0023999999999997999,True,True,0.0025022500803598001,True,True,0.52603694360846975,0.47311363420124991,0.00034464772633130002,0.00090154868218960001,0.00019726417524529999,1.674505007162473e-05,-9.0235923623260579,-8.9030343088738331,-8.612731193065196,-9.1024330002141731,0.00055690095585829999,0.12055805345222481,-1.3999999999999986,4.7999999999999972,False,-1.8999999999999984,2.7999999999999967,False
GROWTH_20190930,1790,2019-09-30,2019-09-30T15:00:00,2019-09-30T09:00:00,2019-09,True,True,2019-09-27,-0.2999999999999971,-0.099999999999994302,3.8690000000000002,0.0082735349501380003,3.5744035845264415e-05,0.79999999999999705,0.5,-10.23912713224494,-4.794693418693921,0.0020720020720020002,2019-10-08,2019-11-04,2019-10-08T09:30:00,2019-11-04T15:00:00,3.8740000000000001,4.0389999999999997,0,0.042591636551367801,1.5805125638655745e-05,54,0.0099530049369664,0,0.0001410799020276,3.5744035845264415e-05,0.012147640182099699,P0_N054,0.017733956584855701,P1_N054,8.5603921646560597e-05,R0_N054,9.0799309004870502e-05,R1_N054,False,,,0.0023999999999997999,True,True,0.0025067935677758001,True,True,0.49128158866826621,0.4770194061731956,0.00092683691493199996,0.00061790425331749996,0.0010652802736606001,0.0018140475041238001,-9.181148602638876,-9.1327922974665032,-8.7541545424594993,-9.7969519479127651,-0.00030893266161449999,0.048356305172372771,-1.3999999999999986,4.7999999999999972,False,-1.8999999999999984,2.7999999999999967,False
GROWTH_20191031,1808,2019-10-31,2019-10-31T15:00:00,2019-10-31T00:01:00,2019-10,True,False,2019-10-25,0.5,0.79999999999999705,3.9449999999999998,0.0067196947559642999,2.3007577328430995e-05,-0.89999999999999847,-0.39999999999999852,-10.679686947229332,-5.0027125486983337,0.0097261325825437998,2019-11-01,2019-11-28,2019-11-01T09:30:00,2019-11-28T15:00:00,3.9399999999999999,3.9300000000000002,0,-0.0025380710659897001,2.9085032080401426e-05,55,0.009697639908817,0,0.0001391649423165,2.3007577328430995e-05,0.013660026499431099,P0_N055,0.027739673044269001,P1_N055,7.4020539370799068e-05,R0_N055,9.5126034073922541e-05,R1_N055,True,0.019526840992342399,7.9069853587281124e-05,0.0023999999999997999,True,True,0.0025069708491759,True,True,0.52832504231111066,0.4660447540312837,0.0002623783647388,0.00091674178840629999,0.00014971262305899999,6.4418047360145996e-06,-9.1182360319622759,-8.9545552728950142,-8.6708538608804311,-9.4155368081157995,0.00065436342366749999,0.16368075906726176,-1.3999999999999986,4.7999999999999972,False,-1.8999999999999984,2.7999999999999967,False
GROWTH_20191202,1830,2019-12-02,2019-12-02T15:00:00,2019-11-30T09:00:00,2019-11,True,False,2019-11-29,-0.39999999999999852,-0.89999999999999847,3.895,0.0068115574545422998,3.5070826744012064e-05,1.6999999999999955,1.2999999999999972,-10.258140919980784,-4.9891344838612826,-0.035652389205248602,2019-12-03,2019-12-30,2019-12-03T09:30:00,2019-12-30T15:00:00,3.8860000000000001,4.0750000000000002,0.062,0.064590838908903797,9.9629482120053286e-06,57,0.0100600659731633,0,0.00013506950851099999,3.5070826744012064e-05,0.010505309151327099,P0_N057,0.0104135503518922,P1_N057,8.0962989804810165e-05,R0_N057,7.3460784177869183e-05,R1_N057,True,0.022874209374179,0.0001004533888984,0.0023999999999997999,True,True,0.0025034106068613001,True,True,0.50516592743151723,0.5303340833985638,0.0029252445291576999,0.0029351785953896001,0.0029736051969691999,0.0041719764709559001,-9.2984628369924849,-9.3831361656344558,-8.8359593960194296,-9.9740601287086914,9.9340662319002439e-06,-0.084673328641970969,-1.3999999999999986,4.7999999999999972,False,-1.8999999999999984,2.7999999999999967,False
GROWTH_20191231,1851,2019-12-31,2019-12-31T15:00:00,2019-12-31T09:00:00,2019-12,True,False,2019-12-27,1.2999999999999972,1.6999999999999955,4.0960000000000001,0.0075657435101558002,1.025643709018735e-05,-0.099999999999994302,1.2000000000000028,-11.487605040696094,-4.8841246536689766,0.063951904228048403,2020-01-02,2020-02-06,2020-01-02T09:30:00,2020-02-06T15:00:00,4.1200000000000001,3.8969999999999998,0,-0.054126213592233102,0.00042657649295629998,58,0.011000251713434699,0,0.00013291249885070001,1.025643709018735e-05,0.018065444323765899,P0_N058,0.020793578475564501,P1_N058,5.581382130941886e-05,R0_N058,5.9297616008875757e-05,R1_N058,True,0.019650690793704201,5.0518726208803439e-05,0.0023999999999997999,True,True,0.0025086263020831002,True,True,0.60842414483921292,0.5902808615287447,0.0052116354726605999,0.0056129752434820003,0.0042414564832103001,0.0029296469978319999,-2.1506420935578889,-2.5391194825665941,-5.7163659869899837,30.103494208037937,0.00040133977082140032,-0.38847738900870521,-1.3999999999999986,4.7999999999999972,False,-1.8999999999999984,2.7999999999999967,False
GROWTH_20200203,1868,2020-02-03,2020-02-03T15:00:00,2020-01-31T09:00:00,2020-01,True,False,2020-01-23,1.2000000000000028,-0.099999999999994302,3.6589999999999998,0.021633114112210101,0.00042662597206199999,0.19999999999999571,1.3999999999999986,-7.7596028722471715,-3.8335300774795198,-0.090027356379010298,2020-02-04,2020-03-02,2020-02-04T09:30:00,2020-03-02T15:00:00,3.6499999999999999,4.0759999999999996,0,0.1167123287671232,6.7802035102201364e-05,58,0.011000251713434699,0,0.00013291249885070001,0.00042662597206199999,0.00015499170567919999,P0_N058,-0.0026010364660763998,P1_N058,0.00017238837575249999,R0_N058,0.0001562410654943,R1_N058,True,-0.0014357774974669,0.0001631657066373,0.0023999999999997999,False,False,0.0025061087323998,False,False,0.34619702404516811,0.36364676059794288,0.013585612822855,0.0142356791232709,0.0111750432350049,0.013621767686245,-8.2724508424661103,-8.3301526130927428,-8.4156941988318703,-7.6006766944186275,0.00065006630041589998,-0.057701770626632509,-1.3999999999999986,4.7999999999999972,False,-1.8999999999999984,2.7999999999999967,False
GROWTH_20200302,1888,2020-03-02,2020-03-02T15:00:00,2020-02-29T09:00:00,2020-02,True,False,2020-02-28,1.3999999999999986,0.19999999999999571,4.0759999999999996,0.015998692761123898,6.7802035102201323e-05,-22.100000000000001,-20.699999999999999,-9.598918347211745,-4.1352482625099363,0.1139655643618479,2020-03-03,2020-03-30,2020-03-03T09:30:00,2020-03-30T15:00:00,4.117,3.6659999999999999,0,-0.1095457857663347,0.00027999783048280002,59,0.0098964133184234002,0,0.000137889854683,6.7802035102201323e-05,0.014277982180923601,P0_N059,0.13084979911561689,P1_N059,0.0001201252979687,R0_N059,0.0074612290001717001,R1_N059,True,0.0129660418316721,0.0001151890802777,0.0023999999999999,True,True,0.0025006909535158,True,True,0.4147248705001883,0.052622579680838902,0.0153323255086565,0.0577900372307356,0.014266438922203001,0.0120002791791637,-6.696093745438584,-4.86050809416425,-6.8584648349703716,-5.4692807919259767,0.0424577117220791,1.835585651274334,-1.3999999999999986,4.7999999999999972,True,-1.8999999999999984,2.7999999999999967,True
GROWTH_20200331,1909,2020-03-31,2020-03-31T15:00:00,2020-03-31T09:00:00,2020-03,True,False,2020-03-27,-20.699999999999999,-22.100000000000001,3.669,0.019951438371223498,0.0002742868112423,22.699999999999999,2,-8.201336242684782,-3.9144540394370591,-0.099189786398232394,2020-04-01,2020-04-29,2020-04-01T09:30:00,2020-04-29T15:00:00,3.6640000000000001,3.851,0,0.051037117903930097,1.6070341062577537e-05,61,0.0096894250620946001,0,0.00013907051298169999,0.0002742868112423,0.0046218560738446003,P0_N061,0.057963386882043597,P1_N061,0.0001557812481095,R0_N061,8.682344078792678e-05,R1_N061,True,-0.0527710499195135,0.00060009859552510002,0.0023999999999997999,True,True,0.0025047293136689001,True,True,0.36418305074052271,0.4878191248889609,0.0021543765307552999,4.7973201957176747e-05,0.0017096317033426999,0.0026047874039396,-8.6638981274655578,-9.1665417245574474,-8.764974121141222,-8.1427466918792213,-0.002106403328798123,-0.50264359709188966,-20.699999999999999,4.7999999999999972,False,-22.100000000000001,2.7999999999999967,True
GROWTH_20200430,1930,2020-04-30,2020-04-30T15:00:00,2020-04-30T00:01:00,2020-04,True,True,2020-04-24,2,22.699999999999999,3.9079999999999999,0.0091214838758340994,1.6070341062577493e-05,-1.7999999999999972,0.20000000000000279,-11.038535154882045,-4.6971227824474617,0.063980397495235306,2020-05-06,2020-06-02,2020-05-06T09:30:00,2020-06-02T15:00:00,3.8650000000000002,3.9790000000000001,0,0.029495472186287199,3.3377554743236477e-05,62,0.010356323333737099,0,0.000137086639241,1.6070341062577493e-05,0.012287774940135899,P0_N062,0.0094990319202906005,P1_N062,7.911360427917066e-05,R0_N062,8.3204113747300124e-05,R1_N062,False,,,0.0023999999999997999,True,True,0.0025017360065826,True,True,0.51103628087561448,0.49831610082297811,0.00029610484451520001,0.00039985762331150001,0.00036630701879999998,0.000869982879492,-9.0227317124076833,-8.9930610689350683,-8.651419618503434,-8.961568983892569,0.0001037527787963,0.029670643472615055,-20.699999999999999,4.7999999999999972,False,-22.100000000000001,22.699999999999999,False
GROWTH_20200601,1949,2020-06-01,2020-06-01T15:00:00,2020-05-31T00:01:00,2020-05,True,False,2020-05-29,0.20000000000000279,-1.7999999999999972,3.968,0.0099760777074186999,3.3377554743236437e-05,0.69999999999999574,0.89999999999999847,-10.307626897559578,-4.6075652811982168,0.030381719034016701,2020-06-02,2020-07-01,2020-06-02T09:30:00,2020-07-01T15:00:00,3.968,4.2720000000000002,0,0.076612903225806397,1.8268734858069905e-05,62,0.010356323333737099,0,0.000137086639241,3.3377554743236437e-05,0.011501114799023,P0_N062,0.0127187844232975,P1_N062,9.4059509375862862e-05,R0_N062,9.0015924932849181e-05,R1_N062,True,0.0083313744013610996,9.9246814524653717e-05,0.0023999999999997999,True,True,0.0025040322580643002,True,True,0.46867950722938551,0.47909059465738463,0.0042395449921341999,0.0040824584175491001,0.0043899343789940998,0.0058695369406867003,-9.0773576142108716,-9.1125739274501925,-8.761633275857724,-9.7602909708086276,-0.00015708657458509984,-0.03521631323932084,-20.699999999999999,4.7999999999999972,False,-22.100000000000001,22.699999999999999,False
GROWTH_20200630,1968,2020-06-30,2020-06-30T15:00:00,2020-06-30T00:01:00,2020-06,True,False,2020-06-24,0.89999999999999847,0.69999999999999574,4.1779999999999999,0.0091302473243751008,1.8268734858069861e-05,0.5,1.3999999999999986,-10.910319436930449,-4.6961624955444483,0.080703569580961601,2020-07-01,2020-07-28,2020-07-01T09:30:00,2020-07-28T15:00:00,4.1870000000000003,4.617,0,0.1026988297110103,0.00024599735065010002,63,0.010660119347269599,0,0.0001354404632966,1.8268734858069861e-05,0.0128207920819833,P0_N063,0.0146845899624707,P1_N063,8.2939279816430294e-05,R0_N063,7.7333533690182243e-05,R1_N063,True,0.0146886578402494,7.8383533533893713e-05,0.0023999999999997001,True,True,0.0025092531293602,True,True,0.4991110548579335,0.51688436013581174,0.0080780616480447005,0.0077465063985133996,0.0084711242054205001,0.010547049624011,-6.4314084573404413,-6.2863909016056185,-7.0907017516875896,2.5551642192344257,-0.00033155524953130087,0.14501755573482278,-20.699999999999999,4.7999999999999972,False,-22.100000000000001,22.699999999999999,False
GROWTH_20200731,1991,2020-07-31,2020-07-31T15:00:00,2020-07-31T09:00:00,2020-07,True,True,2020-07-24,1.3999999999999986,0.5,4.75,0.026034310821548501,0.00024871317547540001,0.30000000000000421,1.7000000000000028,-8.2992102311741185,-3.6483399639468161,0.065739286515593395,2020-08-03,2020-08-28,2020-08-03T09:30:00,2020-08-28T15:00:00,4.79,4.9169999999999998,0,0.026513569937369499,3.8716760167431409e-05,65,0.0130907577202277,0,0.00013533869651070001,0.00024871317547540001,0.0091824861140193999,P0_N065,0.0114921881890276,P1_N065,0.0001769623376052,R0_N065,0.0001602422467462,R1_N065,False,,,0.0023999999999997999,True,True,0.0025012531328319002,True,True,0.34169364049940448,0.35907800730103878,0.0003003664664919,0.00022564190962939999,0.00018017188781659999,0.00070296939082370002,-8.4207883183626056,-8.4972099082150176,-8.6216569605937572,-8.143541919298702,-7.4724556862500012e-05,-0.076421589852412097,-20.699999999999999,4.7999999999999972,False,-22.100000000000001,22.699999999999999,False
GROWTH_20200831,2012,2020-08-31,2020-08-31T15:00:00,2020-08-31T00:01:00,2020-08,True,False,2020-08-28,1.7000000000000028,0.30000000000000421,4.8739999999999997,0.0113288079344755,4.2540659925584688e-05,0.2999999999999971,2,-10.065050235252221,-4.4804064226747311,0.010155440414508001,2020-09-01,2020-09-28,2020-09-01T09:30:00,2020-09-28T15:00:00,4.8659999999999997,4.649,0,-0.0445951500205507,8.5305842121756833e-05,66,0.013294133662911699,0,0.00013387472777820001,4.2540659925584688e-05,0.013581927249941899,P0_N066,0.014674457222067399,P1_N066,9.9531731089139267e-05,R0_N066,9.2963509322304801e-05,R1_N066,True,0.014482182015781501,9.4051739442640485e-05,0.0023999999999997999,True,True,0.0025129257283543001,True,True,0.45561345437060252,0.471434177489853,0.0033845723197368002,0.0035128863426942001,0.0033511691653843002,0.0019887274053553999,-8.3579622371165367,-8.3656763430844006,-8.2813995969932375,-8.059772407616725,0.0001283140229573999,-0.0077141059678638157,-20.699999999999999,4.7999999999999972,False,-22.100000000000001,22.699999999999999,False
GROWTH_20200930,2034,2020-09-30,2020-09-30T15:00:00,2020-09-30T09:00:00,2020-09,True,True,2020-09-25,2,0.2999999999999971,4.6459999999999999,0.0113213977781984,8.5723919678511791e-05,0.79999999999999705,2.7999999999999967,-9.3643786618701199,-4.4810607351905247,-0.052610114192495602,2020-10-09,2020-11-05,2020-10-09T09:30:00,2020-11-05T15:00:00,4.7210000000000001,4.9489999999999998,0,0.048294852785426702,3.1630585016127894e-05,67,0.012430114503457001,0,0.00013314981903709999,8.5723919678511791e-05,0.011214135030194101,P0_N067,0.012718376810329401,P1_N067,0.00011212690137469999,R0_N067,0.00010175022258919999,R1_N067,False,,,0.0023999999999997999,True,True,0.0025124736076089999,True,True,0.42926196460883198,0.45061914083514543,0.0013749796292432,0.0012656856428065999,0.0012862794520341,0.0023323928055660002,-8.8137829711061446,-8.8821245256816574,-8.6864792547767653,-8.9953966422103662,-0.00010929398643660005,-0.068341554575512831,-20.699999999999999,4.7999999999999972,False,-22.100000000000001,22.699999999999999,False
GROWTH_20201102,2051,2020-11-02,2020-11-02T15:00:00,2020-10-31T00:01:00,2020-10,True,False,2020-10-30,2.7999999999999967,0.79999999999999705,4.7850000000000001,0.010821523478193699,3.2081873490772843e-05,0,2.7999999999999967,-10.34721937608602,-4.5262182134243005,0.031472300064668897,2020-11-03,2020-11-30,2020-11-03T09:30:00,2020-11-30T15:00:00,4.7999999999999998,5.0309999999999997,0,0.048124999999999897,2.2134960687006944e-05,67,0.012430114503457001,0,0.00013314981903709999,3.2081873490772843e-05,0.013491774381113,P0_N067,0.014752176923703999,P1_N067,9.4226190371141244e-05,R0_N067,8.5815238899305345e-05,R1_N067,True,0.016058365995862699,8.3925131594404475e-05,0.0023999999999997999,True,True,0.0025097229655679999,True,True,0.46826478949270978,0.49067633331478439,0.0011994603167687001,0.0011137453200817,0.0012741248506113001,0.0023160156249999002,-9.0348993471005148,-9.1053765450492961,-8.7577945926254319,-9.6572671295822978,-8.5714996687000049e-05,-0.070477197948781267,-20.699999999999999,4.7999999999999972,False,-22.100000000000001,22.699999999999999,False
GROWTH_20201130,2071,2020-11-30,2020-11-30T15:00:00,2020-11-30T00:01:00,2020-11,True,False,2020-11-27,2.7999999999999967,0,5.0309999999999997,0.0093116496715394993,2.21349606870069e-05,1.1000000000000014,3.899999999999999,-10.718352267837457,-4.6764890098842127,0.0514106583072097,2020-12-01,2020-12-28,2020-12-01T09:30:00,2020-12-28T15:00:00,5.0270000000000001,5.1299999999999999,0,0.020489357469663801,3.0787134442094923e-05,68,0.0129575371252507,0,0.00013165688912500001,2.21349606870069e-05,0.0152578978909179,P0_N068,0.019218722946461899,P1_N068,8.6428283755934256e-05,R0_N068,7.2878545334473233e-05,R1_N068,True,0.016729498807866301,7.8423499284219184e-05,0.0023999999999999,True,True,0.0025096606169950002,True,True,0.48893302717302001,0.53244833271106562,2.7368169324051717e-05,1.6145120915525944e-06,5.6728317700514811e-05,0.00041981376951960001,-8.9999796131243581,-9.1042718500540385,-8.7014676415746539,-9.327469542657516,-2.5753657232499122e-05,-0.10429223692968037,-20.699999999999999,4.7999999999999972,False,-22.100000000000001,22.699999999999999,False
GROWTH_20201231,2094,2020-12-31,2020-12-31T15:00:00,2020-12-31T09:00:00,2020-12,True,True,2020-12-25,3.899999999999999,1.1000000000000014,5.2869999999999999,0.0094294175036697004,3.1037098649114642e-05,-0.2999999999999971,3.6000000000000014,-10.380327338373821,-4.663920954799293,0.030805225190095299,2021-01-04,2021-01-29,2021-01-04T09:30:00,2021-01-29T15:00:00,5.2800000000000002,5.3479999999999999,0.071999999999999897,0.026515151515151301,8.8524863555500608e-05,70,0.013567526885524501,0,0.0001286512936518,3.1037098649114642e-05,0.015376770463715999,P0_N070,0.016633384750150301,P1_N070,9.0442402058939187e-05,R0_N070,8.0456343827897214e-05,R1_N070,False,,,0.0023999999999997999,True,True,0.0025111977875358002,True,True,0.47795969470488908,0.50675398508163938,0.00012406353244689999,9.7649314397878215e-05,0.00016764098354970001,0.00070305325987140004,-8.3319991156463864,-8.327511389085986,-8.2703056757468829,-7.5280999263883936,-2.6414218049021772e-05,0.004487726560400418,-20.699999999999999,4.7999999999999972,False,-22.100000000000001,22.699999999999999,False
GROWTH_20210201,2115,2021-02-01,2021-02-01T15:00:00,2021-01-31T00:01:00,2021-01,True,False,2021-01-29,3.6000000000000014,-0.2999999999999971,5.4109999999999996,0.014882360263146601,9.0169641418171842e-05,-1.3000000000000045,2.2999999999999967,-9.3138177571912983,-4.2075786423208639,0.027684266203528402,2021-02-02,2021-03-08,2021-02-02T09:30:00,2021-03-08T15:00:00,5.4199999999999999,5.0800000000000001,0,-0.062730627306272893,0.0002570595962216,71,0.0137498877958009,0,0.0001280861326646,9.0169641418171842e-05,0.012691127359985,P0_N071,0.0117741622787839,P1_N071,0.0001205894857195,R0_N071,0.0001152604987959,R1_N071,True,0.014297434346745,0.0001066478761893,0.0023999999999997999,True,True,0.0025133575638101998,True,True,0.41392589611396891,0.42338656409081982,0.0056884410769372003,0.0055509636711136004,0.0058492691902785002,0.0039351316022385001,-6.8914268401189593,-6.8380669228402677,-6.9558799979775001,-6.4629735908106039,-0.00013747740582359998,0.053359917278691604,-20.699999999999999,4.7999999999999972,False,-22.100000000000001,22.699999999999999,False
GROWTH_20210301,2130,2021-03-01,2021-03-01T15:00:00,2021-02-28T15:00:00,2021-02,True,False,2021-02-26,2.2999999999999967,-1.3000000000000045,5.4180000000000001,0.017444250250822298,0.00019431189499640001,-0.79999999999999705,1.5,-8.5460459837097797,-4.0487451831504737,-0.037826318593500399,2021-03-02,2021-03-29,2021-03-02T09:30:00,2021-03-29T15:00:00,5.4459999999999997,5.0430000000000001,0,-0.073999265515974896,0.0002174766744813,71,0.0137498877958009,0,0.0001280861326646,0.00019431189499640001,0.0102728038048093,P0_N071,0.0088776555028319999,P1_N071,0.0001379676721968,R0_N071,0.0001358820875314,R1_N071,True,0.0086332721168123992,0.0001336805624961,0.0023999999999997999,True,True,0.0025126943111438002,True,True,0.3869801162366982,0.3899385873921094,0.0071017816676069998,0.0068685840375575001,0.0076999139069334997,0.0054758912969036996,-7.3122039685094862,-7.303242234640364,-7.2649136218122177,-7.42683156564601,-0.00023319763004949964,0.0089617338691221349,-20.699999999999999,4.7999999999999972,False,-22.100000000000001,22.699999999999999,False
GROWTH_20210331,2152,2021-03-31,2021-03-31T15:00:00,2021-03-31T00:01:00,2021-03,True,False,2021-03-26,1.5,-0.79999999999999705,5.0499999999999998,0.016671004644600401,0.00020425981323359999,2.1000000000000014,3.6000000000000014,-8.4961177801708327,-4.0940843174126895,-0.074074074074074195,2021-04-01,2021-04-29,2021-04-01T09:30:00,2021-04-29T15:00:00,5.056,5.173,0,0.023140822784810201,3.6942540900262155e-05,73,0.0115001663106797,0,0.00013107742040940001,0.00020425981323359999,0.0069972117448547002,P0_N073,0.0110703334526248,P1_N073,0.00013806620918580001,R0_N073,0.0001177068001031,R1_N073,True,0.0049281048076387996,0.00013836405519419999,0.0023999999999999,True,True,0.0025077430820004002,True,True,0.38684199894589261,0.41896384100226403,0.00026061617740930001,0.00014569671271840001,0.0001355048831487,0.00053549767915789996,-8.6202060138412975,-8.733461547270851,-8.6578848495604621,-8.3152572363593649,-0.00011491946469089999,-0.11325553342955352,-20.699999999999999,4.7999999999999972,False,-22.100000000000001,22.699999999999999,False
GROWTH_20210430,2173,2021-04-30,2021-04-30T15:00:00,2021-04-30T00:01:00,2021-04,True,True,2021-04-23,3.6000000000000014,2.1000000000000014,5.1280000000000001,0.0098571499153086006,4.0726183226069485e-05,-1.6000000000000014,2,-10.108639349851092,-4.6195582073946442,0.0031298904538340998,2021-05-06,2021-06-02,2021-05-06T09:30:00,2021-06-02T15:00:00,5.109,5.3029999999999999,0,0.037972205911137098,2.7203148537583506e-05,74,0.011657472479249,0,0.00012980532744309999,4.0726183226069485e-05,0.0128865940635918,P0_N074,0.0103047238064736,P1_N074,9.5642385316842211e-05,R0_N074,9.5623216785848485e-05,R1_N074,False,,,0.0023999999999997999,True,True,0.0025131784218735001,True,True,0.46478501724888027,0.46483160007608582,0.00062928792176569998,0.00076548956601179999,0.00069246519559129996,0.0014418884217577001,-8.9704688154226204,-8.9706122386244989,-8.7399058969497396,-9.4406870306617421,0.00013620164424610001,-0.00014342320187843427,-20.699999999999999,4.7999999999999972,False,-22.100000000000001,22.699999999999999,False
GROWTH_20210531,2191,2021-05-31,2021-05-31T15:00:00,2021-05-31T00:01:00,2021-05,True,False,2021-05-28,2,-1.6000000000000014,5.3380000000000001,0.011546226087187601,3.1873898191875786e-05,-0.70000000000000284,1.2999999999999972,-10.353723121612507,-4.4613966411053756,0.041154671347767201,2021-06-01,2021-06-29,2021-06-01T09:30:00,2021-06-29T15:00:00,5.3330000000000002,5.2249999999999996,0,-0.0202512657041066,3.47861475145297e-05,74,0.011657472479249,0,0.00012980532744309999,3.1873898191875786e-05,0.012574847935867601,P0_N074,0.011782446688080799,P1_N074,9.3503089908126804e-05,R0_N074,9.2248208884647442e-05,R1_N074,True,0.0106067762105639,9.2445298224023588e-05,0.0023999999999997999,True,True,0.0025063137322408999,True,True,0.47007195097332422,0.4732584182925812,0.0010775537367044999,0.0010261587296253,0.0010181675724539,0.00041011376261829998,-8.9054840112236029,-8.9139347596102727,-8.6814876553697182,-9.2623552787110004,-5.1395007079199943e-05,-0.0084507483866698152,-20.699999999999999,4.7999999999999972,False,-22.100000000000001,22.699999999999999,False
GROWTH_20210630,2212,2021-06-30,2021-06-30T15:00:00,2021-06-30T09:00:00,2021-06,True,False,2021-06-25,1.2999999999999972,-0.70000000000000284,5.2560000000000002,0.0076830598861684996,3.478614751452966e-05,0.20000000000000279,1.5,-10.266291310358037,-4.868737388493602,-0.016835016835017001,2021-07-01,2021-07-28,2021-07-01T09:30:00,2021-07-28T15:00:00,5.2729999999999997,4.819,0,-0.086098994879575105,0.0001753391891468,76,0.011583867153571801,0,0.00012720504640579999,3.478614751452966e-05,0.0142501224619772,P0_N076,0.0141287779459578,P1_N076,8.7871510116126111e-05,R0_N076,8.5475255166004771e-05,R1_N076,True,0.0124735261848519,8.8434685077731252e-05,0.0023999999999997999,True,True,0.0025006809260592999,True,True,0.48490121706234118,0.49165121437207898,0.0100699453512286,0.0100456064455666,0.0095419415349867996,0.0074130369192730999,-7.3442306226504028,-7.3159392006301331,-7.5913121751669728,-5.2258024469790456,-2.433890566200074e-05,0.028291422020269685,-20.699999999999999,4.7999999999999972,False,-22.100000000000001,22.699999999999999,False
GROWTH_20210802,2235,2021-08-02,2021-08-02T15:00:00,2021-07-31T00:01:00,2021-07,True,False,2021-07-30,1.5,0.20000000000000279,4.9930000000000003,0.0150242447529393,0.00014108104770850001,-0.60000000000000142,0.89999999999999847,-8.8661760262804936,-4.198090065851579,-0.0248046875000003,2021-08-03,2021-08-30,2021-08-03T09:30:00,2021-08-30T15:00:00,4.9710000000000001,4.8810000000000002,0,-0.018105009052504398,6.6401317669964786e-05,77,0.010315258555738701,0,0.0001278301651427,0.00014108104770850001,0.0080078945923124992,P0_N077,0.0065143716650627997,P1_N077,0.0001294842191877,R0_N077,0.00013020974594419999,R1_N077,True,0.0082331147223958998,0.00012438777081390001,0.0023999999999999,True,True,0.0025007009813738002,True,True,0.39945595328896261,0.39834151741743817,0.00068188373676339995,0.00060611390691650004,0.00080771161092409996,0.00032779135279119997,-8.439137564722575,-8.4364073900869911,-8.445358491886239,-8.3955152341438861,-7.5769829846899909e-05,0.002730174635583893,-20.699999999999999,4.7999999999999972,False,-22.100000000000001,22.699999999999999,False
GROWTH_20210831,2256,2021-08-31,2021-08-31T15:00:00,2021-08-31T09:00:00,2021-08,True,False,2021-08-27,0.89999999999999847,-0.60000000000000142,4.8789999999999996,0.010502269664574,6.6409712509136632e-05,-1.2999999999999972,-0.39999999999999852,-9.6196672394507363,-4.5561638866466883,-0.0232232232232235,2021-09-01,2021-09-30,2021-09-01T09:30:00,2021-09-30T15:00:00,4.8799999999999999,4.9349999999999996,0,0.0112704918032786,2.8950129945244658e-05,78,0.0099508961505048003,0,0.0001270426158161,6.6409712509136632e-05,0.0099090155455733991,P0_N078,0.0062415487402153998,P1_N078,0.0001051717118452,R0_N078,0.0001141687346158,R1_N078,True,0.0082079622849345005,0.0001066051332925,0.0023999999999999,True,True,0.0025124000819838998,True,True,0.44322867309178188,0.42540611206307621,1.853617600294884e-06,2.5290268331531135e-05,1.7413326868194611e-06,0.0001270239854877,-8.8846508248106328,-8.8242598882069956,-8.7431106570546326,-9.1837350715278312,2.3436650731236251e-05,0.060390936603637257,-20.699999999999999,4.7999999999999972,False,-22.100000000000001,22.699999999999999,False
GROWTH_20210930,2276,2021-09-30,2021-09-30T15:00:00,2021-09-30T00:01:00,2021-09,True,True,2021-09-24,-0.39999999999999852,-1.2999999999999972,4.9349999999999996,0.0088056036783865001,2.8950129945244613e-05,-0.30000000000000421,-0.70000000000000284,-10.449935865345855,-4.7323669785225393,0.0114777618364417,2021-10-08,2021-11-04,2021-10-08T09:30:00,2021-11-04T15:00:00,4.9779999999999998,4.9400000000000004,0,-0.0076335877862594003,3.0832147292885454e-05,78,0.0099508961505048003,0,0.0001270426158161,2.8950129945244613e-05,0.011909755559078,P0_N078,0.010124194938537501,P1_N078,8.728437455351746e-05,R0_N078,9.272489378769761e-05,R1_N078,False,,,0.0023999999999997999,True,True,0.0025065856129684,True,True,0.48652937546182751,0.4720403752220535,0.00038194226911369999,0.000315338847301,0.00030921407532229998,5.8271662490529352e-05,-8.9931012182866823,-8.9533615001330169,-8.7282965937928676,-9.3849269223393676,-6.6603421812699989e-05,0.039739718153665393,-20.699999999999999,4.7999999999999972,False,-22.100000000000001,22.699999999999999,False
GROWTH_20211101,2293,2021-11-01,2021-11-01T15:00:00,2021-10-31T00:01:00,2021-10,True,False,2021-10-29,-0.70000000000000284,-0.30000000000000421,4.9649999999999999,0.0076453012826390001,2.6902108554462444e-05,-0.5,-1.2000000000000028,-10.523305889504163,-4.8736640312685271,0.00040298206729790003,2021-11-02,2021-11-29,2021-11-02T09:30:00,2021-11-29T15:00:00,4.9619999999999997,4.9290000000000003,0,-0.0066505441354292004,1.6064800196056363e-05,79,0.0099675998929449998,0,0.00012580093877980001,2.6902108554462444e-05,0.012535539740790899,P0_N079,0.0099442300020455999,P1_N079,8.3800049215752422e-05,R0_N079,9.1402848184789253e-05,R1_N079,True,0.010577356823538201,8.9254766527027733e-05,0.0023999999999999,True,True,0.0025035246727088999,True,True,0.49654107750793769,0.47544190209025278,0.00036810581450529998,0.00027538652867380002,0.00027616271094770001,4.4229737297291775e-05,-9.1953730161452061,-9.1244757168714159,-8.853109589770817,-9.9261482294072341,-9.2719285831499966e-05,0.070897299273790182,-20.699999999999999,4.7999999999999972,False,-22.100000000000001,22.699999999999999,False
GROWTH_20211130,2314,2021-11-30,2021-11-30T15:00:00,2021-11-30T00:01:00,2021-11,True,False,2021-11-26,-1.2000000000000028,-0.5,4.9109999999999996,0.0062158672570703996,1.1855771936624987e-05,0.60000000000000142,-0.60000000000000142,-11.342695725710186,-5.0806500211849528,-0.00040708324852439999,2021-12-01,2021-12-28,2021-12-01T09:30:00,2021-12-28T15:00:00,4.9109999999999996,5.0270000000000001,0,0.023620443901445701,2.8681429264208416e-05,81,0.0095451390076662992,0,0.0001232737174209,1.1855771936624987e-05,0.013108549383791,P0_N081,0.012525019715067901,P1_N081,6.5553650417615871e-05,R0_N081,6.7776636893302118e-05,R1_N081,True,0.010263025270702501,7.1414149373962883e-05,0.0023999999999999,True,True,0.0025090612909793,True,True,0.56140836426356333,0.5521248720237204,0.0001104999263502,0.00012310843787560001,0.00019811420785279999,0.0005579253701013,-9.1951156173593009,-9.1761172593085689,-8.7684387373390482,-8.9235002977342646,1.2608511525400012e-05,0.018998358050732023,-20.699999999999999,4.7999999999999972,False,-22.100000000000001,22.699999999999999,False
GROWTH_20211231,2337,2021-12-31,2021-12-31T15:00:00,2021-12-31T00:01:00,2021-12,True,True,2021-12-24,-0.60000000000000142,0.60000000000000142,5.008,0.0087639421793565004,3.7563246642725699e-05,0.30000000000000421,-0.2999999999999971,-10.18948446852262,-4.7371094547881913,0.0058244627435223,2022-01-04,2022-02-07,2022-01-04T09:30:00,2022-02-07T15:00:00,5.0250000000000004,4.6260000000000003,0.0749999999999999,-0.064477611940298399,8.8538977309626061e-05,82,0.0097167890673464999,0,0.0001221201529311,3.7563246642725699e-05,0.0113872531327762,P0_N082,0.0108533950112233,P1_N082,8.9858247266176277e-05,R0_N082,9.1494397062213853e-05,R1_N082,False,,,0.0023999999999997999,True,True,0.0025120013107232,True,True,0.47951074962022427,0.47520398005738479,0.0057554777525558,0.0056747606083301996,0.0055048091408832003,0.0041573624415236999,-8.3319588388375454,-8.3315344692461615,-8.2854898542044388,-7.8324204438991778,-8.0717144225600328e-05,0.00042436959138392183,-20.699999999999999,4.7999999999999972,False,-22.100000000000001,22.699999999999999,False
GROWTH_20220207,2357,2022-02-07,2022-02-07T15:00:00,2022-01-30T09:30:00,2022-01,True,False,2022-01-28,-0.2999999999999971,0.30000000000000421,4.6260000000000003,0.0107795075947777,8.8420123983687341e-05,-0.40000000000000557,-0.70000000000000284,-9.3334109673540038,-4.5301083922089473,-0.061784408544654799,2022-02-08,2022-03-07,2022-02-08T09:30:00,2022-03-07T15:00:00,4.6260000000000003,4.3460000000000001,0,-0.060527453523562397,0.0001015715354757,82,0.0097167890673464999,0,0.0001221201529311,8.8420123983687341e-05,0.0083949550758718999,P0_N082,0.0056567652574523999,P1_N082,0.0001050692267836,R0_N082,0.0001122871416758,R1_N082,True,0.0071044090898581,0.00010855433064140001,0.0023999999999997999,True,True,0.0025027197136506,True,True,0.4434447841638528,0.42895556432556131,0.0047502984071473003,0.0043803508156532002,0.0049342536171704003,0.0036635726300470002,-8.1941805203489544,-8.1898815968017846,-8.1787707103665817,-8.1846732038271064,-0.00036994759149410004,0.004298923547169764,-20.699999999999999,4.7999999999999972,False,-22.100000000000001,22.699999999999999,False
GROWTH_20220301,2373,2022-03-01,2022-03-01T15:00:00,2022-03-01T09:30:00,2022-02,True,False,2022-02-25,-0.70000000000000284,-0.40000000000000557,4.609,0.0101988830419119,6.2750144215846398e-05,1.4000000000000057,0.70000000000000284,-9.6763496816945196,-4.5854770703830061,-0.0151709401709404,2022-03-02,2022-03-29,2022-03-02T09:30:00,2022-03-29T15:00:00,4.5890000000000004,4.1260000000000003,0,-0.1008934408367836,0.00027305930744219998,83,0.0088228806214712008,0,0.0001217155604538,6.2750144215846398e-05,0.0089453198404337003,P0_N083,0.010632029602220301,P1_N083,0.0001008896140822,R0_N083,9.6522874948543692e-05,R1_N083,True,0.0065897529848301002,0.0001066134142407,0.0023999999999999,True,True,0.0025045739629743001,True,True,0.45253699512126933,0.4626602569441145,0.012064553347107,0.012437930556641099,0.0120376711943311,0.010179486403885499,-6.4949680375660108,-6.4167709964974708,-6.7704021886652974,-5.3248169345659777,0.00037337720953409953,0.078197041068539974,-20.699999999999999,4.7999999999999972,False,-22.100000000000001,22.699999999999999,False
GROWTH_20220331,2395,2022-03-31,2022-03-31T15:00:00,2022-03-31T09:30:00,2022-03,True,False,2022-03-25,0.70000000000000284,1.4000000000000057,4.218,0.021442317633523701,0.00027317665552090001,-1.9000000000000057,-1.2000000000000028,-8.2053918822313179,-3.8423888500432346,-0.071947194719471697,2022-04-01,2022-05-05,2022-04-01T09:30:00,2022-05-05T15:00:00,4.1870000000000003,4,0,-0.044662049199904498,0.00021086217949649999,85,0.006716214084962,0,0.00012325908659510001,0.00027317665552090001,0.00083694994246030004,P0_N085,-0.0047688880421001001,P1_N085,0.00014484702702350001,R0_N085,0.0001637211666486,R1_N085,True,0.0022127335303463,0.00013956417869250001,0.0023999999999999,False,False,0.0025044237966968998,False,False,0.377678729347107,0.35524248863667779,0.0020701589229569,0.0015914643071625,0.0026397259381689998,0.0019946986387346,-7.384074626824356,-7.4294110325697087,-7.2904988192192688,-7.4335024281547746,-0.00047869461579440006,-0.045336405745352693,-20.699999999999999,4.7999999999999972,False,-22.100000000000001,22.699999999999999,False
GROWTH_20220505,2415,2022-05-05,2022-05-05T15:00:00,2022-04-30T00:01:00,2022-04,True,False,2022-04-29,-1.2000000000000028,-1.9000000000000057,4,0.018029596541555198,0.00021086217949649999,-6.1999999999999957,-7.3999999999999986,-8.4643058156433142,-4.0157406190802192,-0.051683262209578001,2022-05-06,2022-06-02,2022-05-06T09:30:00,2022-06-02T15:00:00,3.9249999999999998,4.0940000000000003,0,0.043057324840764397,3.3555228504699645e-05,85,0.006716214084962,0,0.00012325908659510001,0.00021086217949649999,0.0024353016952386002,P0_N085,-0.0155899722236762,P1_N085,0.00013782144836,R0_N085,0.00021734701119379999,R1_N085,True,-0.0030518257538945,0.00015515687687519999,0.0023999999999997999,True,False,0.0025102040816325001,False,False,0.38718534814036137,0.30831913788801651,0.0016501487644356,0.0034395054529646999,0.0013206763309654001,0.0018539332224431001,-8.6460827205143591,-8.2796298448068004,-8.7289887179334134,-8.3051723542287572,0.0017893566885290998,0.36645287570755869,-20.699999999999999,4.7999999999999972,False,-22.100000000000001,22.699999999999999,False
GROWTH_20220531,2433,2022-05-31,2022-05-31T15:00:00,2022-05-31T09:30:00,2022-05,True,False,2022-05-27,-7.3999999999999986,-6.1999999999999957,4.0890000000000004,0.0127777736959079,6.1977723770196289e-05,5.6000000000000014,-1.7999999999999972,-9.68873553150984,-4.3600480474058436,0.0444444444444443,2022-06-01,2022-06-29,2022-06-01T09:30:00,2022-06-29T15:00:00,4.0890000000000004,4.4580000000000002,0,0.0902421129860599,2.6897648682260535e-05,86,0.0061187924188589003,0,0.00012427772721019999,6.1977723770196289e-05,0.0072440950337441003,P0_N086,0.0141228271306767,P1_N086,0.00010893224171070001,R0_N086,9.9109452565191014e-05,R1_N086,True,-0.0103285007913194,0.0001706561891948,0.0023999999999997001,True,True,0.0025094970245371001,True,True,0.43551096981405141,0.4565830454181235,0.0068886709840129002,0.0057941456791335,0.007076733063252,0.0081436389561887999,-8.877863590758114,-8.9478923635192302,-8.7765599895671258,-9.2547465586009157,-0.0010945253048794002,-0.070028772761116187,-20.699999999999999,4.7999999999999972,False,-22.100000000000001,22.699999999999999,False
GROWTH_20220630,2454,2022-06-30,2022-06-30T15:00:00,2022-06-30T09:30:00,2022-06,True,False,2022-06-24,-1.7999999999999972,5.6000000000000014,4.508,0.0102849405343072,2.6789992671206394e-05,2.1999999999999962,0.39999999999999852,-10.527482147972318,-4.5770745376822397,0.1040901298065143,2022-07-01,2022-07-28,2022-07-01T09:30:00,2022-07-28T15:00:00,4.5199999999999996,4.2789999999999999,0,-0.053318584070796302,4.8713209942857687e-05,88,0.0074944952937350999,0,0.00012214019792350001,2.6789992671206394e-05,0.012422558284189599,P0_N088,0.0169814719246273,P1_N088,9.0293939208990946e-05,R0_N088,8.303144455535127e-05,R1_N088,True,0.0219833880112618,7.964426600728865e-05,0.0023999999999999,True,True,0.0025041542308622002,True,True,0.47835246810088722,0.4988339718052488,0.0043218977981384996,0.0049420978729596996,0.0036982306217968001,0.0028428714073145001,-8.77294431880002,-8.8096072931841736,-8.611510724746644,-8.7091460796980584,0.00062020007482120002,-0.036662974384153557,-20.699999999999999,4.7999999999999972,False,-22.100000000000001,22.699999999999999,False
GROWTH_20220801,2476,2022-08-01,2022-08-01T15:00:00,2022-07-31T00:01:00,2022-07,True,False,2022-07-29,0.39999999999999852,2.1999999999999962,4.2380000000000004,0.0077028515045591004,5.6434921022487886e-05,-1.8999999999999984,-1.5,-9.782422423999714,-4.8661646934085496,-0.062596770625967593,2022-08-02,2022-08-29,2022-08-02T09:30:00,2022-08-29T15:00:00,4.21,4.1500000000000004,0,-0.014251781472683999,4.3182222569333705e-05,89,0.0068112022671673001,0,0.0001213151755866,5.6434921022487886e-05,0.0065650591324125998,P0_N089,0.0015084238498812999,P1_N089,9.4967657145365021e-05,R0_N089,0.0001067177775139,R1_N089,True,0.0090560615161805001,9.0332426758019211e-05,0.0023999999999999,True,False,0.0025020433162972998,True,False,0.46643320201003152,0.44000633887109503,0.00043334085277800001,0.00024838407180939999,0.00044364928402520001,0.0002031132751451,-8.8072696595223796,-8.7406833535549993,-8.661167934545432,-9.0172539469830326,-0.00018495678096860002,0.066586305967380355,-20.699999999999999,4.7999999999999972,False,-22.100000000000001,22.699999999999999,False
GROWTH_20220831,2498,2022-08-31,2022-08-31T15:00:00,2022-08-31T09:30:00,2022-08,True,False,2022-08-26,-1.5,-1.8999999999999984,4.141,0.0091961199675152008,3.237025132839528e-05,0.70000000000000284,-0.79999999999999705,-10.338270725817916,-4.6889736265469759,0.0046094129063563001,2022-09-01,2022-09-29,2022-09-01T09:30:00,2022-09-29T15:00:00,4.1299999999999999,3.8940000000000001,0,-0.057142857142857002,5.6565574618358929e-05,90,0.0065771691145022999,0,0.0001204470316642,3.237025132839528e-05,0.0076557383181988002,P0_N090,0.0078834106901236999,P1_N090,8.6236117430160193e-05,R0_N090,8.7287101998004843e-05,R1_N090,True,0.0032928228573055,9.568193705768246e-05,0.0023999999999997999,True,True,0.0025030990903967001,True,True,0.48947748686045711,0.4865217741541954,0.0041988579737254998,0.0042284155082864998,0.0040602417462384998,0.0032653061224488999,-8.7024831450581654,-8.6982673793025747,-8.5546701811955312,-8.5908151980710699,2.9557534561e-05,0.0042157657555907946,-20.699999999999999,4.7999999999999972,False,-22.100000000000001,22.699999999999999,False
GROWTH_20220930,2519,2022-09-30,2022-09-30T15:00:00,2022-09-30T09:30:00,2022-09,True,True,2022-09-23,-0.79999999999999705,0.70000000000000284,3.8679999999999999,0.0085846910755478009,5.7243958163660163e-05,0.59999999999999432,-0.20000000000000279,-9.7681884553582687,-4.7577747694912258,-0.058193328463598398,2022-10-10,2022-11-04,2022-10-10T09:30:00,2022-11-04T15:00:00,3.867,3.8340000000000001,0,-0.0085337470907680003,0.00011066933836100001,91,0.0058769490457401003,0,0.0001197450376307,5.7243958163660163e-05,0.0049284215795011004,P0_N091,0.0045517091843988002,P1_N091,9.4731132437011442e-05,R0_N091,9.5523309841351252e-05,R1_N091,False,,,0.0023999999999999,True,True,0.0025069245898978998,True,True,0.46701513424531521,0.46507461808145961,0.00018122998530670001,0.00017122916592929999,0.0002076681631387,7.2824839409191982e-05,-8.0962211056793745,-8.09758180216045,-8.1059376231261577,-7.8348955470546064,-1.0000819377400022e-05,-0.0013606964810755073,-20.699999999999999,4.7999999999999972,False,-22.100000000000001,22.699999999999999,False
GROWTH_20221031,2535,2022-10-31,2022-10-31T15:00:00,2022-10-31T09:30:00,2022-10,True,False,2022-10-28,-0.20000000000000279,0.59999999999999432,3.5649999999999999,0.012652410004357399,0.0001202450388527,-1.6999999999999955,-1.8999999999999984,-9.0259789067713996,-4.369907567775674,-0.085662990510386894,2022-11-01,2022-11-28,2022-11-01T09:30:00,2022-11-28T15:00:00,3.585,3.7919999999999998,0,0.057740585774058398,2.7959595555060479e-05,91,0.0058769490457401003,0,0.0001197450376307,0.0001202450388527,0.0023184618678007002,P0_N091,-0.0026784842029627999,P1_N091,0.0001125854194564,R0_N091,0.00012647030459110001,R1_N091,True,0.0019701443120568999,0.0001134472275992,0.0023999999999997999,False,False,0.0025009016229210999,False,False,0.42838696151986788,0.40418764763252379,0.0030716118182804999,0.0036504640168882,0.0026898368146869001,0.0033339752455314002,-8.8434571636016344,-8.754426656015335,-8.7966530334883704,-8.7934570844839737,0.00057885219860770009,0.089030507586299379,-20.699999999999999,4.7999999999999972,False,-22.100000000000001,22.699999999999999,False
GROWTH_20221130,2557,2022-11-30,2022-11-30T15:00:00,2022-11-30T00:01:00,2022-11,True,False,2022-11-25,-1.8999999999999984,-1.6999999999999955,3.911,0.013861604196851099,2.7959595555060452e-05,-1.7000000000000028,-3.6000000000000014,-10.484750105829878,-4.2786325489995214,0.046561412898046099,2022-12-01,2022-12-28,2022-12-01T09:30:00,2022-12-28T15:00:00,3.98,3.9340000000000002,0,-0.0115577889447235,3.368147324539863e-05,93,0.0062796688370499003,0,0.00011866050922920001,2.7959595555060452e-05,0.0068344514750477,P0_N093,0.0024939636013834002,P1_N093,8.5431191980353871e-05,R0_N093,9.8268170084834917e-05,R1_N093,True,0.0033217890911644002,9.4242467330824561e-05,0.0023999999999997999,True,True,0.0025013511413257,True,False,0.49177798847856641,0.45853330411169468,0.00033827450765860001,0.000197451749617,0.00031817490011650001,0.0001335824852907,-8.9735466350377617,-8.8850597973626311,-8.7553966375168741,-9.2801020207361535,-0.00014082275804160001,0.088486837675130658,-20.699999999999999,4.7999999999999972,False,-22.100000000000001,22.699999999999999,False
GROWTH_20230103,2580,2023-01-03,2023-01-03T15:00:00,2022-12-31T00:01:00,2022-12,True,False,2022-12-30,-3.6000000000000014,-1.7000000000000028,3.9489999999999998,0.0068813856214703,3.0638460374953905e-05,-2.5,-6.1000000000000014,-10.393254463213609,-4.9789352488453131,-0.0137362637362635,2023-01-04,2023-02-07,2023-01-04T09:30:00,2023-02-07T15:00:00,3.948,4.0899999999999999,0.064000000000000001,0.052178318135764901,2.0693798780421131e-05,94,0.0060899086478821002,0,0.00011775647693150001,3.0638460374953905e-05,0.0078057867416795003,P0_N094,-5.2331483093174917e-05,P1_N094,8.2604166740758405e-05,R0_N094,0.0001030714760913,R1_N094,True,0.0024908177296599,9.5194562427186946e-05,0.0023999999999997999,True,False,0.0025064573309697001,True,False,0.50012244056960475,0.44772162499920781,0.0019689215423189998,0.0027280407596079002,0.0021241414891227002,0.0027225768834769999,-9.1509328196391113,-8.9793165237913151,-8.871157973112723,-9.7178354464885448,0.00075911921728890035,0.17161629584779625,-20.699999999999999,4.7999999999999972,False,-22.100000000000001,22.699999999999999,False
GROWTH_20230131,2595,2023-01-31,2023-01-31T15:00:00,2023-01-31T09:30:00,2023-01,True,False,2023-01-20,-6.1000000000000014,-2.5,4.1589999999999998,0.0071964223851829004,7.2741238830546064e-06,7,0.89999999999999847,-11.831187180604909,-4.9341712673981606,0.082883888177154003,2023-02-01,2023-02-28,2023-02-01T09:30:00,2023-02-28T15:00:00,4.1639999999999997,4.0709999999999997,0,-0.022334293948126801,4.2335619039220872e-05,94,0.0060899086478821002,0,0.00011775647693150001,7.2741238830546064e-06,0.010357138079053099,P0_N094,0.021680878264288599,P1_N094,6.1449303478753806e-05,R0_N094,4.9812703522075757e-05,R1_N094,True,0.0032673581879944001,7.6139808809477425e-05,0.0023999999999997001,True,True,0.0025009216959202001,True,True,0.57985423965678184,0.64403172702608835,0.0010687297279877001,0.0019373353848885001,0.00080793529321889998,0.00049882068616129995,-9.0083460810455431,-9.0573444842087945,-8.6873734304468631,-6.0111572058826495,0.00086860565690079997,-0.048998403163251325,-20.699999999999999,4.7999999999999972,False,-22.100000000000001,22.699999999999999,False
GROWTH_20230301,2616,2023-03-01,2023-03-01T15:00:00,2023-03-01T09:30:00,2023-02,True,False,2023-02-24,0.89999999999999847,7,4.1200000000000001,0.010126295307123299,4.2335619039220858e-05,3.2000000000000028,4.1000000000000014,-10.069881768578904,-4.592619742604338,-0.0167064439140811,2023-03-02,2023-03-29,2023-03-02T09:30:00,2023-03-29T15:00:00,4.1100000000000003,3.9969999999999999,0,-0.0274939172749393,3.3794531565447592e-05,96,0.0062739108030057996,0,0.000115959773431,4.2335619039220858e-05,0.0063366770115394003,P0_N096,0.0117129608013797,P1_N096,8.8911677447796932e-05,R0_N096,7.6345818215514251e-05,R1_N096,True,0.015865435168747399,7.3511241866129184e-05,0.0023999999999999,True,True,0.0025056634304206002,True,True,0.4820564711407519,0.52021718204086254,0.0011445091097763,0.0015371792884912999,0.0011402662131016,0.00075591548712119995,-8.9477760335193359,-9.0375865769039656,-8.7708339756596985,-9.2716288474597039,0.00039267017871499996,-0.089810543384629682,-20.699999999999999,4.7999999999999972,False,-22.100000000000001,22.699999999999999,False
GROWTH_20230331,2638,2023-03-31,2023-03-31T15:00:00,2023-03-31T00:01:00,2023-03,True,True,2023-03-24,4.1000000000000014,3.2000000000000028,4.0499999999999998,0.0078303864412730007,3.3794531565447565e-05,-0.5,3.6000000000000014,-10.2952115565689,-4.8497434162671436,-0.017943743937924399,2023-04-03,2023-05-04,2023-04-03T09:30:00,2023-05-04T15:00:00,4.0499999999999998,4.0250000000000004,0,-0.0061728395061727004,3.2453279997777726e-05,97,0.0059257888640579003,0,0.0001151127090819,3.3794531565447565e-05,0.0070381040854029997,P0_N097,0.0068239588037573001,P1_N097,8.322596431935934e-05,R0_N097,7.9531803217307493e-05,R1_N097,False,,,0.0023999999999999,True,True,0.0025039052658099,True,True,0.49825068129475553,0.50969092905102453,0.0001745290305797,0.000168916766309,0.00014637680844090001,3.8103947568967123e-05,-9.0040094157389845,-9.0312994555287283,-8.7876727056953303,-9.3348999767226886,-5.6122642706999955e-06,-0.027290039789743759,-20.699999999999999,4.7999999999999972,False,-22.100000000000001,22.699999999999999,False
GROWTH_20230504,2658,2023-05-04,2023-05-04T15:00:00,2023-04-30T09:30:00,2023-04,True,False,2023-04-28,3.6000000000000014,-0.5,4.0250000000000004,0.0079590800137363006,3.2453279997777719e-05,-4.8000000000000043,-1.2000000000000028,-10.335709041408313,-4.8334418619690656,-0.0061728395061724003,2023-05-05,2023-06-01,2023-05-05T09:30:00,2023-06-01T15:00:00,4.0259999999999998,3.8100000000000001,0,-0.053651266766020798,4.4271425433358603e-05,97,0.0059257888640579003,0,0.0001151127090819,3.2453279997777719e-05,0.0072551472968083999,P0_N097,4.3806038003273672e-05,P1_N097,8.3192205577851101e-05,R0_N097,9.726373632035005e-05,R1_N097,True,0.0071084502352118002,7.9382006357449093e-05,0.0023999999999999,True,False,0.0025070351121813999,True,False,0.49835176414138482,0.4608948388100455,0.0037095912739928002,0.0028831608434294002,0.0035494255575495002,0.0028784584255986999,-8.862198564550793,-8.7829154629905499,-8.6850068442988277,-8.9715503050220331,-0.0008264304305634,0.079283101560243097,-20.699999999999999,4.7999999999999972,False,-22.100000000000001,22.699999999999999,False
GROWTH_20230531,2677,2023-05-31,2023-05-31T15:00:00,2023-05-31T00:01:00,2023-05,True,False,2023-05-26,-1.2000000000000028,-4.8000000000000043,3.802,0.0077318438377260001,4.4170020546157487e-05,-0.5,-1.7000000000000028,-10.027464267195034,-4.8624079147197294,-0.055403726708074703,2023-06-01,2023-06-30,2023-06-01T09:30:00,2023-06-30T15:00:00,3.7989999999999999,3.8820000000000001,0,0.0218478546986049,2.6429464543701067e-05,98,0.0058023334725249001,0,0.00011426924551980001,4.4170020546157487e-05,0.0059645893749209001,P0_N098,0.0041716554853858997,P1_N098,8.5755266422875211e-05,R0_N098,9.1151653626943228e-05,R1_N098,True,-0.0014978002849739,0.0001008232174586,0.0023999999999997999,True,True,0.0025058066604619002,True,True,0.49084787923227802,0.47609655972387932,0.00025227811734250001,0.0003124480186254,0.0002574587514165,0.00047732875493129999,-9.0558166560315652,-9.013035448109596,-8.8456619472319211,-9.4291067338069219,6.0169901282899983e-05,0.042781207921969155,-20.699999999999999,4.7999999999999972,False,-22.100000000000001,22.699999999999999,False
GROWTH_20230630,2697,2023-06-30,2023-06-30T15:00:00,2023-06-30T09:30:00,2023-06,True,True,2023-06-21,-1.7000000000000028,-0.5,3.8820000000000001,0.0082863578641226999,2.6429464543701047e-05,0.30000000000000421,-1.3999999999999986,-10.541031088966806,-4.7931447472512483,0.021041557075223399,2023-07-03,2023-07-28,2023-07-03T09:30:00,2023-07-28T15:00:00,3.8900000000000001,4.0679999999999996,0,0.045758354755783798,1.2975365143481598e-05,99,0.005201792055974,0,0.00011356219683199999,2.6429464543701047e-05,0.0068351068088816002,P0_N099,0.0066308641087504004,P1_N099,7.9861214201703168e-05,R0_N099,8.1946983312394174e-05,R1_N099,False,,,0.0023999999999997999,True,True,0.0025050964229069001,True,True,0.50863865801892194,0.50212383122302784,0.001515019230736,0.0015309605243336,0.0016448347780235999,0.0020938270299561,-9.2727463246007389,-9.2510995315024296,-8.9689020957751424,-10.050087917491393,1.594129359760001e-05,0.021646793098309303,-20.699999999999999,4.7999999999999972,False,-22.100000000000001,22.699999999999999,False
GROWTH_20230731,2718,2023-07-31,2023-07-31T15:00:00,2023-07-31T00:01:00,2023-07,True,False,2023-07-28,-1.3999999999999986,0.30000000000000421,4.0839999999999996,0.010110200428089,1.2975365143481579e-05,0.89999999999999847,-0.5,-11.252457987228798,-4.5942104214094686,0.039979628214922201,2023-08-01,2023-08-28,2023-08-01T09:30:00,2023-08-28T15:00:00,4.0800000000000001,3.8370000000000002,0,-0.059558823529411699,6.7613853715004442e-05,101,0.0057681546831268001,0,0.0001117035872877,1.2975365143481579e-05,0.0071547684174271004,P0_N101,0.0084022282275921008,P1_N101,6.6214123320649956e-05,R0_N101,6.5512994335560753e-05,R1_N101,True,0.0073540988250898999,6.7531688611227787e-05,0.0023999999999997999,True,True,0.0025101207966045,True,True,0.5586013777329909,0.56158253676719205,0.0044507033504493001,0.0046187045559181001,0.0042676140823815004,0.0035472534602076001,-8.6014773208615161,-8.6011942210312249,-8.4943646704172444,-6.041517642403778,0.00016800120546880005,0.00028309983029117802,-20.699999999999999,4.7999999999999972,False,-22.100000000000001,22.699999999999999,False
GROWTH_20230831,2741,2023-08-31,2023-08-31T15:00:00,2023-08-31T00:01:00,2023-08,True,False,2023-08-25,-0.5,0.89999999999999847,3.839,0.0088438160001833993,6.5697696517507466e-05,0.70000000000000284,0.20000000000000279,-9.6304466937046715,-4.7280368212482005,-0.057451509943530703,2023-09-01,2023-09-28,2023-09-01T09:30:00,2023-09-28T15:00:00,3.8570000000000002,3.7639999999999998,0,-0.024112004148301901,2.7180869492398343e-05,102,0.0051276941124157004,0,0.00011127133499779999,6.5697696517507466e-05,0.0047480734779706997,P0_N102,0.0052314729834556997,P1_N102,9.2899078094647915e-05,R0_N102,9.1713414443679646e-05,R1_N102,True,0.0053304120184950003,9.2353015295923804e-05,0.0023999999999999,True,True,0.0025009317330233001,True,True,0.47159763346011818,0.47463623245761899,0.00083290408059439995,0.00086103965018190004,0.00085495995437779996,0.00058138874404770004,-8.9914119141027449,-9.0004744671345716,-8.8592633036519057,-9.2167203237830861,2.8135569587500091e-05,-0.0090625530318266811,-20.699999999999999,4.7999999999999972,False,-22.100000000000001,22.699999999999999,False
GROWTH_20231009,2762,2023-10-09,2023-10-09T15:00:00,2023-09-30T00:01:00,2023-09,True,False,2023-09-28,0.20000000000000279,0.70000000000000284,3.754,0.0079878891160148,2.75337850264414e-05,0.2999999999999971,0.5,-10.500096760921322,-4.8298287448450425,-0.0279647850854477,2023-10-10,2023-11-06,2023-10-10T09:30:00,2023-11-06T15:00:00,3.766,3.7010000000000001,0,-0.017259691980881502,4.9296347218899178e-05,103,0.0048438135467776004,0,0.0001104549227113,2.75337850264414e-05,0.0053938704766314004,P0_N103,0.0054866005899571997,P1_N103,7.565111305140893e-05,R0_N103,7.5149989572978243e-05,R1_N103,True,0.0059621859031247998,7.476042769845747e-05,0.0023999999999997001,True,True,0.0025026085383136002,True,True,0.52260030408884472,0.52433983956228614,0.00051318389201640004,0.00051739382571810001,0.00048856495661120001,0.00029789696727490001,-8.8377508841913741,-8.8400518052820036,-8.6646002057310625,-8.7097018997876763,4.209933701699968e-06,-0.0023009210906295152,-20.699999999999999,4.7999999999999972,False,-22.100000000000001,22.699999999999999,False
GROWTH_20231031,2778,2023-10-31,2023-10-31T15:00:00,2023-10-31T00:01:00,2023-10,True,False,2023-10-27,0.5,0.2999999999999971,3.6440000000000001,0.0082561623602784,4.7991618256370966e-05,-1,-0.5,-9.9444841819631069,-4.7967954047049011,-0.0382686724729479,2023-11-01,2023-11-28,2023-11-01T09:30:00,2023-11-28T15:00:00,3.6800000000000002,3.585,0,-0.0258152173913044,2.5277434633644181e-05,103,0.0048438135467776004,0,0.0001104549227113,4.7991618256370966e-05,0.0050162333066455997,P0_N103,0.0029743808369401999,P1_N103,8.6433157069395675e-05,R0_N103,9.0110391370195708e-05,R1_N103,True,0.0050696881705155003,8.5690661575652809e-05,0.0023999999999997999,True,True,0.0025081920559416001,True,True,0.4889192433568853,0.47883940359812649,0.00095057835214009995,0.00082884096614370005,0.0009399761780622,0.00066642544896030004,-9.0636885241066647,-9.0339587567704154,-8.8820546386857284,-9.4177789873474076,-0.0001217373859963999,0.029729767336249324,-20.699999999999999,4.7999999999999972,False,-22.100000000000001,22.699999999999999,False
GROWTH_20231130,2800,2023-11-30,2023-11-30T15:00:00,2023-11-30T00:01:00,2023-11,True,False,2023-11-24,-0.5,-1,3.5619999999999998,0.0062419580601192001,2.1692714356298783e-05,-0.10000000000000139,-0.60000000000000142,-10.738534097741844,-5.0764613541373329,-0.017379310344827498,2023-12-01,2023-12-28,2023-12-01T09:30:00,2023-12-28T15:00:00,3.5609999999999999,3.4889999999999999,0,-0.020219039595619201,4.2623578249920238e-05,105,0.0043413131994849002,0,0.0001090612459154,2.1692714356298783e-05,0.0057864408627175002,P0_N105,0.0049569944378354998,P1_N105,7.1137942040117998e-05,R0_N105,7.267339866649077e-05,R1_N105,True,0.0037266781647713998,7.4234521127243661e-05,0.0023999999999999,True,True,0.0025013234940241,True,True,0.53892294026267651,0.53319931606089244,0.00067628501386889995,0.00063383268965360004,0.00060321092941989995,0.00040880956216920002,-8.95172172307214,-8.9430264779486119,-8.7327785409714203,-8.7736542053578859,-4.2452324215299904e-05,0.0086952451235280392,-20.699999999999999,4.7999999999999972,False,-22.100000000000001,22.699999999999999,False
GROWTH_20240102,2822,2024-01-02,2024-01-02T15:00:00,2023-12-31T00:01:00,2023-12,True,False,2023-12-29,-0.60000000000000142,-0.10000000000000139,3.4529999999999998,0.0095349535770102006,4.831104646116689e-05,-0.69999999999999574,-1.2999999999999972,-9.937850318254652,-4.6527909086348123,-0.0201475595913733,2024-01-03,2024-01-30,2024-01-03T09:30:00,2024-01-30T15:00:00,3.4460000000000002,3.2429999999999999,0.069000000000000006,-0.038885664538595502,8.0367067788549932e-05,106,0.0041096117580216003,0,0.0001084344754657,4.831104646116689e-05,0.0039610012526861997,P0_N106,0.0021724539054974001,P1_N106,8.6884865404743503e-05,R0_N106,9.0769414374106274e-05,R1_N106,True,0.0032447538379772002,8.8363790587037792e-05,0.0023999999999997999,True,False,0.0025080758658881002,True,False,0.48764665871517221,0.47709795215235812,0.0018358367694297001,0.0016857690901691,0.0018485937838223999,0.0015120949066081001,-8.425943191673845,-8.4217900667900025,-8.3882065832621659,-8.2743163301604348,-0.00015006767926060006,0.0041531248838424517,-20.699999999999999,4.7999999999999972,False,-22.100000000000001,22.699999999999999,False
GROWTH_20240131,2843,2024-01-31,2024-01-31T15:00:00,2024-01-31T00:01:00,2024-01,True,False,2024-01-26,-1.2999999999999972,-0.69999999999999574,3.222,0.0113446063804608,8.4086242871577661e-05,0.2999999999999971,-1,-9.3836675849656874,-4.4790128567721679,-0.044429635849581803,2024-02-01,2024-03-07,2024-02-01T09:30:00,2024-03-07T15:00:00,3.2000000000000002,3.5230000000000001,0,0.1009374999999999,1.6997302182300822e-05,107,0.0037077867459037002,0,0.0001081721632445,8.4086242871577661e-05,0.0022953870343478001,P0_N107,0.0018822471290315,P1_N107,9.7839025229518625e-05,R0_N107,9.9182852182194589e-05,R1_N107,True,0.0003702262332207,0.0001022619917373,0.0023999999999997999,False,False,0.0025087971018915999,False,False,0.45953782098113077,0.45641406851085359,0.0097302664503283991,0.0098119431213313998,0.0094536171394736992,0.010188378906249899,-9.0584598062508039,-9.0471720238952482,-8.9746545530225159,-9.1815262881038429,8.1676671003000703e-05,0.01128778235555572,-20.699999999999999,4.7999999999999972,False,-22.100000000000001,22.699999999999999,False
GROWTH_20240301,2859,2024-03-01,2024-03-01T15:00:00,2024-03-01T09:30:00,2024-02,True,True,2024-02-23,-1,0.2999999999999971,3.5299999999999998,0.0115204125225894,3.5550762332922046e-05,0,-1,-10.244548957980893,-4.4636348151029717,0.058470764617691101,2024-03-04,2024-03-29,2024-03-04T09:30:00,2024-03-29T15:00:00,3.5259999999999998,3.5259999999999998,0,0,1.766112709352376e-05,107,0.0037077867459037002,0,0.0001081721632445,3.5550762332922046e-05,0.0052869214067613997,P0_N107,0.0049664465781803996,P1_N107,8.6437319809658911e-05,R0_N107,8.7593993421333652e-05,R1_N107,False,,,0.0023999999999997999,True,True,0.0025058680696073,True,True,0.48890747026900661,0.48566874552547018,2.7951537961272938e-05,2.4665591613920703e-05,1.3747682553099477e-05,0,-9.1517680956685563,-9.1411732656779758,-8.9685178086761717,-9.7477627870365744,-3.2859463473522343e-06,0.010594829990580479,-20.699999999999999,4.7999999999999972,False,-22.100000000000001,22.699999999999999,False
GROWTH_20240401,2880,2024-04-01,2024-04-01T15:00:00,2024-03-31T09:30:00,2024-03,True,False,2024-03-29,-1,0,3.5840000000000001,0.0072889889451557,1.7661127093523737e-05,4,3,-10.94414454299465,-4.9213904332307958,0.016161043379642599,2024-04-02,2024-05-06,2024-04-02T09:30:00,2024-05-06T15:00:00,3.5830000000000002,3.6480000000000001,0,0.018141222439296702,2.1811213637560081e-05,109,0.0045657860716669003,0,0.00010650532015080001,1.7661127093523737e-05,0.0061393684445353999,P0_N109,0.0124679590529035,P1_N109,6.8568652558054804e-05,R0_N109,5.9267802787216247e-05,R1_N109,True,0.0056392094753337004,6.9802591073333961e-05,0.0023999999999997999,True,True,0.0025073051948049999,True,True,0.54892689720177423,0.59042930605352928,0.00014404449931149999,3.2185917451389109e-05,0.00018429247257149999,0.00032910395159199999,-9.2695820110543323,-9.3654331808838975,-8.9425257217128493,-9.709160302064852,-0.00011185858186011087,-0.095851169829565208,-20.699999999999999,4.7999999999999972,False,-22.100000000000001,22.699999999999999,False
GROWTH_20240430,2899,2024-04-30,2024-04-30T15:00:00,2024-04-30T09:30:00,2024-04,True,True,2024-04-26,3,4,3.5979999999999999,0.0093900377072289008,2.190047930291858e-05,-1.8999999999999984,1.1000000000000014,-10.729002035403296,-4.6681059700906893,0.020419739081111901,2024-05-06,2024-05-31,2024-05-06T09:30:00,2024-05-31T15:00:00,3.6400000000000001,3.5819999999999999,0,-0.015934065934065898,2.1296222071668248e-05,109,0.0045657860716669003,0,0.00010650532015080001,2.190047930291858e-05,0.0054959235081140003,P0_N109,0.0029648851599372002,P1_N109,7.2706369688822542e-05,R0_N109,7.530850995563465e-05,R1_N109,False,,,0.0023999999999999,True,True,0.0025053312446308,True,True,0.53307840423327868,0.52378769520184076,0.00045924444749190002,0.0003571703524535,0.00042024393225689998,0.00025389445719109998,-9.2361743212447287,-9.2111310201466328,-8.9473610817226845,-9.7565930859411623,-0.00010207409503840001,0.025043301098095938,-20.699999999999999,4.7999999999999972,False,-22.100000000000001,22.699999999999999,False
GROWTH_20240531,2919,2024-05-31,2024-05-31T15:00:00,2024-05-31T00:01:00,2024-05,True,True,2024-05-24,1.1000000000000014,-1.8999999999999984,3.5819999999999999,0.0069939441305967003,2.1296222071668225e-05,-1.5,-0.39999999999999852,-10.756980868507688,-4.9627106285632046,-0.0044469149527514001,2024-06-03,2024-07-01,2024-06-03T09:30:00,2024-07-01T15:00:00,3.5800000000000001,3.5009999999999999,0,-0.0220670391061452,1.3354060905004386e-05,110,0.0046891991295544997,0,0.0001057353737279,2.1296222071668225e-05,0.0059305056910768997,P0_N110,0.0032528991062569998,P1_N110,7.0044145007835514e-05,R0_N110,7.3785958003022762e-05,R1_N110,False,,,0.0023999999999999,True,True,0.0025075884472869001,True,True,0.54311450283611007,0.5291642051175115,0.00078386251467240005,0.0006410992710798,0.00071589628452549999,0.0004869542149121,-9.3757328064591228,-9.3333583447111401,-9.0282740556337515,-10.129918431796428,-0.00014276324359260005,0.04237446174798265,-20.699999999999999,4.7999999999999972,False,-22.100000000000001,22.699999999999999,False
GROWTH_20240701,2939,2024-07-01,2024-07-01T15:00:00,2024-06-30T09:30:00,2024-06,True,False,2024-06-28,-0.39999999999999852,-1.5,3.5009999999999999,0.0045317900739867004,1.335406090500436e-05,-0.10000000000000139,-0.5,-11.22369003173292,-5.3966382577218095,-0.022613065326633298,2024-07-02,2024-07-29,2024-07-02T09:30:00,2024-07-29T15:00:00,3.4940000000000002,3.4540000000000002,0,-0.011448196908986699,3.2682819770346843e-05,111,0.0045034039488010998,0,0.00010497466064989999,1.335406090500436e-05,0.0065771315238882999,P0_N111,0.0056597097157289004,P1_N111,6.0677161087590656e-05,R0_N111,6.1993878475734906e-05,R1_N111,True,0.0036682865434178999,6.4192793841715356e-05,0.0023999999999997999,True,True,0.002501109958558,True,True,0.5835320208383814,0.57730180498376171,0.00032491246511299999,0.0002926804690799,0.00025445356992609999,0.0001310612124669,-9.1713085668319838,-9.1612806055546745,-8.8504514790668356,-8.7762832089814129,-3.2231996033099989e-05,0.010027961277309316,-20.699999999999999,4.7999999999999972,False,-22.100000000000001,22.699999999999999,False
GROWTH_20240731,2961,2024-07-31,2024-07-31T15:00:00,2024-07-31T09:30:00,2024-07,True,False,2024-07-26,-0.5,-0.10000000000000139,3.508,0.0093156041240668001,3.4752622749164731e-05,-0.20000000000000279,-0.70000000000000284,-10.267255514005443,-4.6760644220592944,0.0051575931232089997,2024-08-01,2024-08-28,2024-08-01T09:30:00,2024-08-28T15:00:00,3.5019999999999998,3.3570000000000002,0,-0.041404911479154698,2.2042964722032101e-05,113,0.0041271026752371003,0,0.00010352410807799999,3.4752622749164731e-05,0.0045847257463690998,P0_N113,0.0038579909943929,P1_N113,7.8514735031196662e-05,R0_N113,7.9844368689469393e-05,R1_N113,True,0.0040646186935014003,7.9406103290451392e-05,0.0023999999999999,True,True,0.0025090405603517001,True,True,0.51298153702747695,0.50869231131339998,0.0021150467321351999,0.0020487303403297998,0.0020731643129557002,0.0017143666945966,-9.1714748437580447,-9.15935707814252,-8.9627801359988677,-9.632973466255196,-6.6316391805400048e-05,0.012117765615524689,-20.699999999999999,4.7999999999999972,False,-22.100000000000001,22.699999999999999,False
GROWTH_20240902,2984,2024-09-02,2024-09-02T15:00:00,2024-08-31T09:30:00,2024-08,True,False,2024-08-30,-0.70000000000000284,-0.20000000000000279,3.3319999999999999,0.0065288130109369003,2.4917224085584505e-05,-0.39999999999999852,-1.1000000000000014,-10.599951263284016,-5.0315301269584927,-0.0223004694835678,2024-09-03,2024-10-09,2024-09-03T09:30:00,2024-10-09T15:00:00,3.3300000000000001,4.0220000000000002,0,0.2078078078078078,0.0004057734513078,114,0.0037276990423037999,0,0.0001028093612065,2.4917224085584505e-05,0.0042702474311838001,P0_N114,0.0028084561817546001,P1_N114,6.9789812183405252e-05,R0_N114,7.2018200925508288e-05,R1_N114,True,0.0032359269331312,7.1246041160172169e-05,0.0023999999999997999,True,True,0.0025086780474898999,True,True,0.54410323043530562,0.53561925995664617,0.0414275384840678,0.042024734167102201,0.041648690793739902,0.0431840849858868,-3.7558006603223446,-3.9042736038146866,-5.2357809950149292,5.6849065488903285,0.00059719568303440163,-0.14847294349234197,-20.699999999999999,4.7999999999999972,False,-22.100000000000001,22.699999999999999,False
GROWTH_20240930,3002,2024-09-30,2024-09-30T15:00:00,2024-09-30T09:30:00,2024-09,True,True,2024-09-27,-1.1000000000000014,-0.39999999999999852,4.2329999999999997,0.028234798987180801,3.073159429931385e-05,1,-0.10000000000000139,-10.390219302291833,-3.567200055160852,0.26471466985360032,2024-10-08,2024-11-04,2024-10-08T09:30:00,2024-11-04T15:00:00,4.6559999999999997,4.032,0,-0.134020618556701,0.00062275324954059997,114,0.0037276990423037999,0,0.0001028093612065,3.073159429931385e-05,0.0080224840110327995,P0_N114,0.010845307418347799,P1_N114,9.5756275818163904e-05,R0_N114,9.0834252619501372e-05,R1_N114,False,,,0.0023999999999997999,True,True,0.0025026363275377,True,True,0.46450853224901573,0.47692764351079792,0.020176242987067699,0.0209861365086083,0.018974599001356299,0.017961526198320699,-2.750180267048433,-2.4505444204828866,-3.1252747562207377,9.874048261418185,0.0008098935215406014,0.29963584656554643,-20.699999999999999,4.7999999999999972,False,-22.100000000000001,22.699999999999999,False
GROWTH_20241031,3020,2024-10-31,2024-10-31T15:00:00,2024-10-31T09:30:00,2024-10,True,False,2024-10-25,-0.10000000000000139,1,3.9710000000000001,0.036978933247054001,0.00048543643703249998,0.10000000000000139,0,-7.6304622014969885,-3.2974069001927737,0.090934065934065805,2024-11-01,2024-11-28,2024-11-01T09:30:00,2024-11-28T15:00:00,3.964,3.9580000000000002,0,-0.0015136226034307,9.3010335543815422e-05,115,0.0055023086837429997,0,0.0001054438315552,0.00048543643703249998,0.0016340943852006999,P0_N115,0.0023956845917283,P1_N115,0.00016956254882519999,R0_N115,0.0001651686466076,R1_N115,True,0.0037028239288474001,0.00016171306452099999,0.0023999999999997999,False,False,0.0025036514731804002,False,False,0.34906985941974428,0.35368245306655921,9.9081222405193788e-06,1.5282682746123005e-05,4.9223291826345057e-05,2.2910533856166253e-06,-8.1337575553113712,-8.1454200709345308,-8.2752479705637896,-7.4388607302263505,5.3745605056036257e-06,-0.011662515623159564,-20.699999999999999,4.7999999999999972,False,-22.100000000000001,22.699999999999999,False
GROWTH_20241202,3042,2024-12-02,2024-12-02T15:00:00,2024-11-30T09:30:00,2024-11,True,False,2024-11-29,0,0.10000000000000139,4.0309999999999997,0.0148417183385459,9.3010335543815435e-05,0.79999999999999705,0.79999999999999705,-9.282799936106306,-4.2103132569390267,-0.0002480158730159,2024-12-03,2024-12-30,2024-12-03T09:30:00,2024-12-30T15:00:00,4.0300000000000002,4.0860000000000003,0,0.0138957816377172,3.1922984361161671e-05,117,0.0042498398074386004,0,0.0001097590103755,9.3010335543815435e-05,0.0022785121409251,P0_N117,0.0034261272678024002,P1_N117,0.0001079190864281,R0_N117,0.0001043682072916,R1_N117,True,0.0023673206192521999,0.00010764310242619999,0.0023999999999999,False,True,0.0025062804084669001,False,True,0.4375505046410722,0.44493155484777142,0.000134960950561,0.00010961366262539999,9.3044193793117918e-05,0.00019309274732310001,-8.8383240059574035,-8.8617165988917979,-8.8263772715314079,-8.9395801834356643,-2.5347287935600005e-05,-0.02339259293439433,-20.699999999999999,4.7999999999999972,False,-22.100000000000001,22.699999999999999,False
GROWTH_20241231,3063,2024-12-31,2024-12-31T15:00:00,2024-12-31T09:30:00,2024-12,True,False,2024-12-27,0.79999999999999705,0.79999999999999705,4.0220000000000002,0.0085583476871999003,4.4189839247382953e-05,0.20000000000000279,1,-10.027015676588302,-4.7608481346568974,-0.0032218091697647998,2025-01-02,2025-02-06,2025-01-02T09:30:00,2025-02-06T15:00:00,4.0199999999999996,3.9319999999999999,0,-0.021890547263681399,6.0323923771852976e-05,118,0.0043315850771867004,0,0.0001090993830364,4.4189839247382953e-05,0.0062433348568022998,P0_N118,0.0065069170512260998,P1_N118,8.8645346712234094e-05,R0_N118,8.6990985284389957e-05,R1_N118,True,0.0073011772550722999,8.6073206960543552e-05,0.0023999999999999,True,True,0.0025074133084362002,True,True,0.48278008592224042,0.48734912905570821,0.00079151532316919996,0.00080641597951639995,0.00068760022450200001,0.00047919605950340002,-8.65035838371303,-8.6562557744096544,-8.5703249690486594,-8.6619072082332025,1.4900656347199988e-05,-0.0058973906966244272,-20.699999999999999,4.7999999999999972,False,-22.100000000000001,22.699999999999999,False
GROWTH_20250127,3081,2025-01-27,2025-01-27T15:00:00,2025-01-27T09:30:00,2025-01,True,True,2025-01-24,1,0.20000000000000279,3.907,0.0108144457849314,7.2627384936655611e-05,-1.7999999999999972,-0.79999999999999705,-9.5301685042724475,-4.5268724659265764,-0.039341037619866903,2025-02-05,2025-03-04,2025-02-05T09:30:00,2025-03-04T15:00:00,3.9300000000000002,3.9769999999999999,0,0.011959287531806599,3.2409057762402738e-05,118,0.0043315850771867004,0,0.0001090993830364,7.2627384936655611e-05,0.0055382092093937,P0_N118,0.0027511941905972001,P1_N118,9.5397839078630262e-05,R0_N118,0.000101490314298,R1_N118,False,,,0.0023999999999997999,True,True,0.0025018644263436001,True,True,0.46538035924462667,0.4511957710490917,4.1230246822561247e-05,8.4788982980423894e-05,5.8181844736214129e-05,0.00014302455826839999,-8.9177293491517506,-8.8762156555576297,-8.826191365654477,-9.0839310720604889,4.3558736157862647e-05,0.041513693594120937,-20.699999999999999,4.7999999999999972,False,-22.100000000000001,22.699999999999999,False
GROWTH_20250303,3100,2025-03-03,2025-03-03T15:00:00,2025-03-01T09:30:00,2025-02,True,False,2025-02-28,-0.79999999999999705,-1.7999999999999972,3.9809999999999999,0.0084267835613533008,2.925065946817517e-05,1.8999999999999984,1.1000000000000014,-10.439608438620043,-4.7763401264717604,0.013234919826927699,2025-03-04,2025-03-31,2025-03-04T09:30:00,2025-03-31T15:00:00,3.96,3.984,0,0.0060606060606059999,2.3087262060908016e-05,119,0.0041112310239020998,0,0.0001086895052274,2.925065946817517e-05,0.0056700965981765997,P0_N119,0.0083141807594594996,P1_N119,8.1612552225164621e-05,R0_N119,7.6843889139799164e-05,R1_N119,True,0.0030172473620828002,8.681054128544758e-05,0.0023999999999997999,True,True,0.0025023863350914998,True,True,0.50315157839316982,0.51852852289530615,1.5249764024697364e-07,5.0785989233123565e-06,3.8000630337245112e-06,3.6730945821855382e-05,-9.13063886414227,-9.1732909119593629,-8.9146004931196448,-9.6503181292501985,4.9261012830653831e-06,-0.042652047817092864,-20.699999999999999,4.7999999999999972,False,-22.100000000000001,22.699999999999999,False
GROWTH_20250331,3120,2025-03-31,2025-03-31T15:00:00,2025-03-31T09:30:00,2025-03,True,False,2025-03-28,1.1000000000000014,1.8999999999999984,3.984,0.0084379664272101994,2.3137740466845387e-05,0.69999999999999574,1.7999999999999972,-10.674045487170188,-4.7750139440494372,0.00075357950263749997,2025-04-01,2025-04-29,2025-04-01T09:30:00,2025-04-29T15:00:00,3.988,3.8690000000000002,0,-0.0298395185556669,0.0002240218075703,120,0.0041766314948012999,0,0.0001080538348319,2.3137740466845387e-05,0.0060252702514111004,P0_N120,0.0070938329915085996,P1_N120,7.5242109923353279e-05,R0_N120,7.2176494802677423e-05,R1_N120,True,0.0086394241835335995,7.1057129397152994e-05,0.0023999999999997999,True,True,0.0025020080321283,True,True,0.52401876162321204,0.53503159088713315,0.0012862830761762999,0.0013640724565071999,0.0011570984642559001,0.00089039686763389995,-6.5174533444419804,-6.432590538260353,-7.0596384389402917,-0.99195021553656559,7.7789380330900004e-05,0.084862806181627448,-20.699999999999999,4.7999999999999972,False,-22.100000000000001,22.699999999999999,False
GROWTH_20250430,3141,2025-04-30,2025-04-30T15:00:00,2025-04-30T09:30:00,2025-04,True,True,2025-04-25,1.7999999999999972,0.69999999999999574,3.8660000000000001,0.016113095600195401,0.0002239386913257,-2.5999999999999943,-0.79999999999999705,-8.4041382430105944,-4.1281229462986797,-0.029131089904570501,2025-05-06,2025-06-03,2025-05-06T09:30:00,2025-06-03T15:00:00,3.8860000000000001,3.9569999999999999,0,0.018270715388574301,1.0855811308822219e-05,122,0.0039132530072220999,0,0.0001083079446677,0.0002239386913257,0.0021959225242118999,P0_N122,-0.0015202325496524,P1_N122,0.00012802066361530001,R0_N122,0.00013771878185519999,R1_N122,False,,,0.0023999999999997999,False,False,0.0025071868374870001,False,False,0.40173279112675803,0.38732964058994213,0.00025839896563210001,0.00039168162029360002,0.00020613672603190001,0.00033381904081020001,-8.8785215359439764,-8.8114708327954965,-9.0303010698543424,-8.3556615316189351,0.00013328265466150001,0.06705070314847994,-20.699999999999999,4.7999999999999972,False,-22.100000000000001,22.699999999999999,False
GROWTH_20250603,3161,2025-06-03,2025-06-03T15:00:00,2025-05-31T09:30:00,2025-05,True,False,2025-05-30,-0.79999999999999705,-2.5999999999999943,3.9569999999999999,0.0061785364361016002,1.0855811308822219e-05,0.59999999999999432,-0.20000000000000279,-11.430810016862957,-5.086673858196721,0.0235385411277803,2025-06-04,2025-07-01,2025-06-04T09:30:00,2025-07-01T15:00:00,3.9590000000000001,3.988,0.087999999999999898,0.029552917403384601,9.0482224924653784e-06,122,0.0039132530072220999,0,0.0001083079446677,1.0855811308822219e-05,0.0071600500788953003,P0_N122,0.0078522354039849002,P1_N122,6.5467559890340689e-05,R0_N122,6.535178087464891e-05,R1_N122,True,0.0034696146583019002,7.1182661515970905e-05,0.0023999999999999,True,True,0.0025054334091482999,True,True,0.56177737193211852,0.56227478185895108,0.00050144050701209997,0.00047091959923899998,0.00065739239034780001,0.00087337492705120002,-9.4957465547099336,-9.4972717594634535,-9.0469904163459756,-10.597318881556273,-3.0520907773099988e-05,-0.0015252047535199154,-20.699999999999999,4.7999999999999972,False,-22.100000000000001,22.699999999999999,False
GROWTH_20250630,3180,2025-06-30,2025-06-30T15:00:00,2025-06-30T09:30:00,2025-06,True,False,2025-06-27,-0.20000000000000279,0.59999999999999432,3.9820000000000002,0.0060265396023862,9.299510305168214e-06,0.40000000000000557,0.20000000000000279,-11.585548814549664,-5.1115822965833262,0.028481484395380299,2025-07-01,2025-07-28,2025-07-01T09:30:00,2025-07-28T15:00:00,3.98,4.2140000000000004,0,0.0587939698492463,2.6375212794033431e-06,123,0.0040299803436558996,0,0.00010751565090050001,9.299510305168214e-06,0.0072466139404023001,P0_N123,0.0077281549769727996,P1_N123,6.4356849960841799e-05,R0_N123,6.4201738636100516e-05,R1_N123,True,0.0079549622337781994,6.434121039377136e-05,0.0023999999999999,True,True,0.0025022601707683999,True,True,0.56660438310881533,0.56728842795547718,0.0026571299011929998,0.0026077174485693,0.0029990945465683998,0.003456730890634,-9.6100844219735464,-9.612398492662324,-9.1133426210888384,-11.301929441824464,-4.9412452623699785e-05,-0.0023140706887776474,-20.699999999999999,4.7999999999999972,False,-22.100000000000001,22.699999999999999,False
GROWTH_20250731,3203,2025-07-31,2025-07-31T15:00:00,2025-07-31T09:30:00,2025-07,True,False,2025-07-25,0.20000000000000279,0.40000000000000557,4.1550000000000002,0.0064400152763912999,1.9214979700074483e-05,-0.80000000000000415,-0.60000000000000142,-10.859820390410452,-5.045224366758231,0.034869240348692501,2025-08-01,2025-08-28,2025-08-01T09:30:00,2025-08-28T15:00:00,4.1479999999999997,4.5590000000000002,0,0.099083895853423407,1.4312649714950783e-05,125,0.0046722757561784003,0,0.0001058888864363,1.9214979700074483e-05,0.0076450368245902997,P0_N125,0.0065048221064679997,P1_N125,7.4365671265989988e-05,R0_N125,7.6653280915169611e-05,R1_N125,True,0.0081718295344509004,7.373602217525481e-05,0.0023999999999999,True,True,0.0025014039310066998,True,True,0.52709763539752763,0.51917281648773583,0.0083610649404947997,0.0085708848958442,0.0089135540093864991,0.0098176184174919995,-9.3140530022238366,-9.2894988137083878,-9.0179535702136313,-10.114951026073038,0.00020981995534940026,0.024554188515448772,-20.699999999999999,4.7999999999999972,False,-22.100000000000001,22.699999999999999,False
GROWTH_20250901,3225,2025-09-01,2025-09-01T15:00:00,2025-08-31T09:30:00,2025-08,True,False,2025-08-29,-0.60000000000000142,-0.80000000000000415,4.6159999999999997,0.0091107955927758003,1.3658804383720318e-05,0.10000000000000139,-0.5,-11.201126234466358,-4.698295239714926,0.1117533718689783,2025-09-02,2025-09-29,2025-09-02T09:30:00,2025-09-29T15:00:00,4.6130000000000004,4.7279999999999998,0,0.024929546932581599,4.4008788318624635e-05,126,0.0054215743283788,0,0.0001051620909068,1.3658804383720318e-05,0.0045123701206959002,P0_N126,0.0049297074517379996,P1_N126,7.501421611545745e-05,R0_N126,7.5221662362184323e-05,R1_N126,True,0.0037251445898500001,7.6881788983974113e-05,0.0023999999999999,True,True,0.0025038087944862001,True,True,0.52481414464840226,0.52408997899121645,0.00041686110896779999,0.00039999357925949998,0.0003805609951263,0.00062148231026369996,-8.9111602726822916,-8.9100165890539049,-8.7415223832175428,-7.9791174054155585,-1.6867529708300009e-05,0.0011436836283866825,-20.699999999999999,4.7999999999999972,False,-22.100000000000001,22.699999999999999,False
GROWTH_20250930,3246,2025-09-30,2025-09-30T15:00:00,2025-09-30T09:30:00,2025-09,True,True,2025-09-26,-0.5,0.10000000000000139,4.7409999999999997,0.0114417175112204,4.2765823698097002e-05,0.20000000000000279,-0.2999999999999971,-10.059771286083537,-4.4704891721994935,0.0328976034858387,2025-10-09,2025-11-05,2025-10-09T09:30:00,2025-11-05T15:00:00,4.7539999999999996,4.7350000000000003,0,-0.0039966344131254997,6.5202874987448399e-05,127,0.0055751804118764001,0,0.00010468056883919999,4.2765823698097002e-05,0.004615591586206,P0_N127,0.0049891003040243003,P1_N127,8.963957265955831e-05,R0_N127,8.9549691229262108e-05,R1_N127,False,,,0.0023999999999997999,True,True,0.0025022046785385999,True,True,0.4800952735647887,0.48033615003699243,7.4170436663563411e-05,8.0743428406993876e-05,9.1619639044129291e-05,1.5973086632179716e-05,-8.5923242761790757,-8.5925973932971011,-8.5417223741734176,-8.5351221773058246,6.5729917434304653e-06,-0.00027311711802546768,-20.699999999999999,4.7999999999999972,False,-22.100000000000001,22.699999999999999,False
GROWTH_20251031,3263,2025-10-31,2025-10-31T15:00:00,2025-10-31T09:30:00,2025-10,True,True,2025-10-24,-0.2999999999999971,0.20000000000000279,4.7560000000000002,0.0120081817200678,6.7046478909644195e-05,-0.90000000000000557,-1.2000000000000028,-9.6101244640130687,-4.4221670515153324,0.012992545260915801,2025-11-03,2025-11-28,2025-11-03T09:30:00,2025-11-28T15:00:00,4.7519999999999998,4.6349999999999998,0,-0.024621212121212099,5.1459121038002405e-05,127,0.0055751804118764001,0,0.00010468056883919999,6.7046478909644195e-05,0.0046058467751438001,P0_N127,0.0034755261212023,P1_N127,9.767375890908416e-05,R0_N127,0.0001012356332088,R1_N127,False,,,0.0023999999999999,True,True,0.0025128310324314001,True,True,0.45992643112120363,0.45176295696179308,0.00085422097173099996,0.00078942669986269999,0.00091182212201229996,0.0006062040863177,-8.707030683041534,-8.689749397496394,-8.673014686603981,-8.8426103174856738,-6.4794271868299971e-05,0.017281285545140079,-20.699999999999999,4.7999999999999972,False,-22.100000000000001,22.699999999999999,False
GROWTH_20251201,3284,2025-12-01,2025-12-01T15:00:00,2025-11-30T09:30:00,2025-11,True,False,2025-11-28,-1.2000000000000028,-0.90000000000000557,4.6870000000000003,0.0091794039900680007,5.1459121038002405e-05,0.40000000000000557,-0.79999999999999705,-9.874722831746201,-4.6907930012866323,-0.0159563300440894,2025-12-02,2025-12-29,2025-12-02T09:30:00,2025-12-29T15:00:00,4.6859999999999999,4.7629999999999999,0,0.016431924882629002,1.5770139372762585e-05,129,0.0052668997346818998,0,0.00010396197084179999,5.1459121038002405e-05,0.0069848173962269002,P0_N129,0.0074577390350024,P1_N129,8.7406348750444413e-05,R0_N129,8.7782357394795325e-05,R1_N129,True,0.0057055774439584003,9.0902866314078747e-05,0.0023999999999997999,True,True,0.0025079906936103001,True,True,0.48618978486813857,0.48514739006138552,8.9247839859633046e-05,8.053601162774067e-05,0.0001246577865542,0.0002700081553483,-9.1645193664892002,-9.1609995755851976,-9.0197939669273897,-9.5682632759928801,-8.7118282318923761e-06,0.0035197909040025621,-20.699999999999999,4.7999999999999972,False,-22.100000000000001,22.699999999999999,False
GROWTH_20251231,3306,2025-12-31,2025-12-31T15:00:00,2025-12-31T09:30:00,2025-12,True,True,2025-12-26,-0.79999999999999705,0.40000000000000557,4.7530000000000001,0.0067481984495581003,1.4724449181234684e-05,1.5999999999999943,0.79999999999999705,-11.126001236173163,-4.9984797060826311,0.0232508073196987,2026-01-05,2026-01-30,2026-01-05T09:30:00,2026-01-30T15:00:00,4.7830000000000004,4.7110000000000003,0.123,0.0106627639556764,1.5047608177627835e-05,130,0.0053527845435122996,0,0.0001032835721382,1.4724449181234684e-05,0.0087557231175753002,P0_N130,0.010921643505265101,P1_N130,6.6976719174855902e-05,R0_N130,6.4155633769318477e-05,R1_N130,False,,,0.0023999999999997999,True,True,0.0025009367517255,True,True,0.55541216046978725,0.56749222969960422,3.6368047581852975e-06,6.7018621195230732e-08,2.8195881357606702e-05,0.00011369453517439999,-9.3864962401861316,-9.4196501409885354,-9.0323400509538914,-10.1040541336082,-3.569786136990067e-06,-0.033153900802403768,-20.699999999999999,4.7999999999999972,False,-22.100000000000001,22.699999999999999,False
GROWTH_20260202,3327,2026-02-02,2026-02-02T15:00:00,2026-01-31T09:30:00,2026-01,True,False,2026-01-30,0.79999999999999705,1.5999999999999943,4.5999999999999996,0.0080349628939173998,4.3243147332873663e-05,-1.5999999999999943,-0.79999999999999705,-10.048671780310382,-4.8239528978596518,-0.025718935646541399,2026-02-03,2026-03-10,2026-02-03T09:30:00,2026-03-10T15:00:00,4.6399999999999997,4.6829999999999998,0,0.0092672413793103998,3.3951028895050456e-05,131,0.0053933187374982997,0,0.0001026100151614,4.3243147332873663e-05,0.0083217639660131994,P0_N131,0.0060476513295788003,P1_N131,8.1461725144039851e-05,R0_N131,8.5727869451306539e-05,R1_N131,True,0.010357937570149699,7.7917110310073148e-05,0.0023999999999997001,True,True,0.0025055611729016998,True,True,0.50361715771309201,0.49092630571855173,8.9392753905508634e-07,1.0365760088330604e-05,1.5007276634744683e-05,8.5881762782403904e-05,-8.9986045074532903,-8.9683000123461873,-8.8537005998177811,-9.2635524957748476,9.4718325492755169e-06,0.03030449510710298,-20.699999999999999,4.7999999999999972,False,-22.100000000000001,22.699999999999999,False
GROWTH_20260304,3343,2026-03-04,2026-03-04T15:00:00,2026-03-04T09:30:00,2026-02,True,False,2026-02-27,-0.79999999999999705,-1.5999999999999943,4.6100000000000003,0.0105104635877007,6.5540037648820624e-05,-0.60000000000000142,-1.3999999999999986,-9.6328493402534168,-4.5553839858652276,-0.021231422505307899,2026-03-05,2026-04-01,2026-03-05T09:30:00,2026-04-01T15:00:00,4.6470000000000002,4.5339999999999998,0,-0.0243167635033355,7.9672053531932893e-05,131,0.0053933187374982997,0,0.0001026100151614,6.5540037648820624e-05,0.0061036172734309996,P0_N131,0.0052214764728639,P1_N131,9.102164867471737e-05,R0_N131,9.4061602565321661e-05,R1_N131,True,0.0038736444054172999,9.5583486598088614e-05,0.0023999999999999998,True,True,0.0025044645109215998,True,True,0.4764364394462437,0.46867429234661068,0.00092539956660339998,0.00087250762089150001,0.00088268898675710004,0.00059130498727709999,-8.4291043442423135,-8.4245406978325477,-8.4081200727617542,-8.4172251753904828,-5.2891945711899964e-05,0.0045636464097658092,-20.699999999999999,4.7999999999999972,False,-22.100000000000001,22.699999999999999,False
GROWTH_20260331,3362,2026-03-31,2026-03-31T15:00:00,2026-03-31T09:30:00,2026-03,True,False,2026-03-27,-1.3999999999999986,-0.60000000000000142,4.4630000000000001,0.0110871917271102,9.0237002285533847e-05,3,1.6000000000000014,-9.3130709901198703,-4.5019647353757897,-0.0459598118854209,2026-04-01,2026-04-29,2026-04-01T09:30:00,2026-04-29T15:00:00,4.5199999999999996,4.8209999999999997,0,0.066592920353982302,1.240331378616046e-05,132,0.0054226666362999004,0,0.00010208987132609999,9.0237002285533847e-05,0.0061635296154737996,P0_N132,0.010084234284464,P1_N132,9.4935555799496486e-05,R0_N132,8.6878317889574423e-05,R1_N132,True,0.0052512917940815002,9.8088378786964902e-05,0.0023999999999999,True,True,0.0025092375695108002,True,True,0.46651205480592423,0.4876650339198137,0.0036517112650273002,0.0031932316013033001,0.0037417999398856,0.0044346170412718003,-9.1316624311940036,-9.2082355584950744,-9.0681629730124982,-9.1756183545933361,-0.00045847966372400016,-0.076573127301070798,-20.699999999999999,4.7999999999999972,False,-22.100000000000001,22.699999999999999,False
GROWTH_20260430,3383,2026-04-30,2026-04-30T15:00:00,2026-04-30T09:30:00,2026-04,True,True,2026-04-24,1.6000000000000014,3,4.8239999999999998,0.0102909541025374,1.2403313786160448e-05,-1,0.60000000000000142,-11.297546880236361,-4.5764900120995051,0.063961182179090997,2026-05-06,2026-06-02,2026-05-06T09:30:00,2026-06-02T15:00:00,4.8659999999999997,4.9359999999999999,0,0.0143855322646937,4.0449540119897489e-05,134,0.0056572250212107,0,0.0001012532715102,1.2403313786160448e-05,0.0047294120452557997,P0_N134,0.0034789185217753999,P1_N134,6.6819541632894526e-05,R0_N134,6.8052742264100029e-05,R1_N134,False,,,0.0023999999999997999,True,True,0.0025056020709459002,True,True,0.55606501619906368,0.5510036858854872,9.3240657692237824e-05,0.0001189542233372,7.6183347336638115e-05,0.0002069435385385,-9.0081600332473517,-9.0008423715904033,-8.7983968184386718,-8.03635871574512,2.5713565644962174e-05,0.0073176616569483599,-20.699999999999999,4.7999999999999972,False,-22.100000000000001,22.699999999999999,False
GROWTH_20260601,3402,2026-06-01,2026-06-01T15:00:00,2026-05-31T09:30:00,2026-05,True,False,2026-05-29,0.60000000000000142,-1,4.8680000000000003,0.0097795116414639994,4.0449540119897482e-05,-0.70000000000000284,-0.10000000000000139,-10.115455283624588,-4.6274657305928084,0.0097490147272351006,2026-06-02,2026-06-30,2026-06-02T09:30:00,2026-06-30T15:00:00,4.867,5.0190000000000001,0,0.031230737620711001,0.00012850911691009999,134,0.0056572250212107,0,0.0001012532715102,4.0449540119897482e-05,0.0062949861088746001,P0_N134,0.0052772916282145003,P1_N134,8.3193984435214703e-05,R0_N134,8.4817656885540589e-05,R1_N134,True,0.0048877631102246999,8.4664465259313716e-05,0.0023999999999997999,True,True,0.0025010321261797002,True,True,0.49834643622344599,0.49355344064347501,0.00062179170346000001,0.00067358135888540005,0.00065400454667679999,0.00097535897233359998,-7.8496430980552372,-7.8598845951423568,-7.9287007041615842,-6.9384323427147034,5.1789655425400045e-05,-0.010241497087119633,-20.699999999999999,4.7999999999999972,False,-22.100000000000001,22.699999999999999,False
GROWTH_20260630,3422,2026-06-30,2026-06-30T15:00:00,2026-06-30T09:30:00,2026-06,True,False,2026-06-26,-0.10000000000000139,-0.70000000000000284,5.0190000000000001,0.015985004387961899,0.00012850911691009999,1.3000000000000045,1.2000000000000028,-8.9595107074284712,-4.1361042219654003,0.031018898931799498,2026-07-01,2026-07-28,2026-07-01T09:30:00,2026-07-28T15:00:00,5.0090000000000003,4.6269999999999998,0,-0.076262727091235896,0.0002096798497682,135,0.0057218791489401996,0,0.0001008028734999,0.00012850911691009999,0.0020416026728372,P0_N135,0.0040079407448503001,P1_N135,0.0001140471907203,R0_N135,0.00010802817763410001,R1_N135,True,0.0011614250409937,0.0001154810292549,0.0023999999999999,False,True,0.0025108791719669001,False,True,0.42563273644097238,0.43732952077350068,0.0061315680598007004,0.0064433801148512,0.0067214756603567001,0.0058160035433923001,-7.2403623824437409,-7.1921447782394621,-7.1222457532598185,-7.3278766661266284,0.0003118120550504996,0.048217604204278786,-20.699999999999999,4.7999999999999972,False,-22.100000000000001,22.699999999999999,False
GROWTH_20260731,3445,2026-07-31,2026-07-31T15:00:00,2026-07-31T09:30:00,2026-07,True,True,2026-07-24,1.2000000000000028,1.3000000000000045,4.6529999999999996,0.017272532726488501,0.00017182961411689999,-2.7000000000000028,-1.5,-8.6690071877336319,-4.0586377428867451,-0.045734208367514399,2026-08-03,2026-08-28,2026-08-03T09:30:00,2026-08-28T15:00:00,4.6239999999999997,4.6790000000000003,0,0.011894463667820199,5.0506358248818517e-05,137,0.0053096474134043999,0,0.0001017998313077,0.00017182961411689999,0.0024829804258516002,P0_N137,-0.0012869231553786001,P1_N137,0.000111118512061,R0_N137,0.000120968843087,R1_N137,False,,,0.0023999999999999,True,False,0.0025117026393620999,False,False,0.43120532019078112,0.41327635224933362,8.8576016813854915e-05,0.0001737489585827,4.335980510441831e-05,0.00014147826594499999,-8.6503863011286484,-8.6024621130647212,-8.6963681036473854,-8.3750743955990252,8.5172941768845082e-05,0.047924188063927176,-20.699999999999999,4.7999999999999972,False,-22.100000000000001,22.699999999999999,False
